ETF_Ticker,ticker,name,weight,Holdings_As_Of,Date_Scraped
FPX,GEV,GE Vernova Inc.,0.1081,2026-05-20,2026-05-21
FPX,SNDK,Sandisk Corporation,0.0902,2026-05-20,2026-05-21
FPX,STX,Seagate Technology Holdings Plc,0.058499999999999996,2026-05-20,2026-05-21
FPX,MDLN,Medline Inc. (Class A),0.0371,2026-05-20,2026-05-21
FPX,ASTS,"AST SpaceMobile, Inc.",0.0356,2026-05-20,2026-05-21
FPX,APP,Applovin Corp. (Class A),0.030600000000000002,2026-05-20,2026-05-21
FPX,LITE,Lumentum Holdings Inc.,0.0282,2026-05-20,2026-05-21
FPX,FDX,FedEx Corporation,0.026600000000000002,2026-05-20,2026-05-21
FPX,CEG,Constellation Energy Corporation,0.0265,2026-05-20,2026-05-21
FPX,WBD,"Warner Bros. Discovery, Inc.",0.0265,2026-05-20,2026-05-21
FPX,PLTR,Palantir Technologies Inc. (Class A),0.0256,2026-05-20,2026-05-21
FPX,ETR,Entergy Corporation,0.0181,2026-05-20,2026-05-21
FPX,DTM,"DT Midstream, Inc.",0.0177,2026-05-20,2026-05-21
FPX,VTR,"Ventas, Inc.",0.016399999999999998,2026-05-20,2026-05-21
FPX,ULS,UL Solutions Inc. (Class A),0.0161,2026-05-20,2026-05-21
FPX,SOLS,Solstice Advanced Materials Inc.,0.015700000000000002,2026-05-20,2026-05-21
FPX,DASH,"DoorDash, Inc. (Class A)",0.014499999999999999,2026-05-20,2026-05-21
FPX,THC,Tenet Healthcare Corporation,0.0138,2026-05-20,2026-05-21
FPX,NXT,Nextpower Inc. (Class A),0.013300000000000001,2026-05-20,2026-05-21
FPX,IOT,Samsara Inc. (Class A),0.0126,2026-05-20,2026-05-21
FPX,RPRX,Royalty Pharma Plc (Class A),0.012,2026-05-20,2026-05-21
FPX,BTSG,"BrightSpring Health Services, Inc.",0.0111,2026-05-20,2026-05-21
FPX,AHR,"American Healthcare REIT, Inc.",0.0102,2026-05-20,2026-05-21
FPX,AMRZ,Amrize Ltd,0.0101,2026-05-20,2026-05-21
FPX,COCO,"The Vita Coco Company, Inc.",0.0101,2026-05-20,2026-05-21
FPX,CTRE,"CareTrust REIT, Inc.",0.009000000000000001,2026-05-20,2026-05-21
FPX,REGN,"Regeneron Pharmaceuticals, Inc.",0.0089,2026-05-20,2026-05-21
FPX,CRWV,"CoreWeave, Inc. (Class A)",0.0088,2026-05-20,2026-05-21
FPX,LGN,Legence Corp. (Class A),0.0087,2026-05-20,2026-05-21
FPX,GEHC,GE HealthCare Technologies Inc.,0.0086,2026-05-20,2026-05-21
FPX,KRMN,Karman Holdings Inc.,0.0085,2026-05-20,2026-05-21
FPX,COR,"Cencora, Inc.",0.0084,2026-05-20,2026-05-21
FPX,DINO,HF Sinclair Corp.,0.0083,2026-05-20,2026-05-21
FPX,MKSI,"MKS, Inc.",0.008199999999999999,2026-05-20,2026-05-21
FPX,RDDT,"Reddit, Inc. (Class A)",0.008199999999999999,2026-05-20,2026-05-21
FPX,NRG,"NRG Energy, Inc.",0.0075,2026-05-20,2026-05-21
FPX,HG,"Hamilton Insurance Group, Ltd. (Class B)",0.0074,2026-05-20,2026-05-21
FPX,CGON,"CG Oncology, Inc.",0.0070999999999999995,2026-05-20,2026-05-21
FPX,VSAT,"ViaSat, Inc.",0.006999999999999999,2026-05-20,2026-05-21
FPX,CRDO,Credo Technology Group Holding Ltd,0.0066,2026-05-20,2026-05-21
FPX,CR,Crane Company,0.006500000000000001,2026-05-20,2026-05-21
FPX,BBIO,"BridgeBio Pharma, Inc.",0.0064,2026-05-20,2026-05-21
FPX,ACT,"Enact Holdings, Inc.",0.006,2026-05-20,2026-05-21
FPX,INGM,Ingram Micro Holding Corporation,0.0059,2026-05-20,2026-05-21
FPX,NIC,"Nicolet Bankshares, Inc.",0.0059,2026-05-20,2026-05-21
FPX,DOCN,"DigitalOcean Holdings, Inc.",0.005699999999999999,2026-05-20,2026-05-21
FPX,JAZZ,Jazz Pharmaceuticals Plc,0.005699999999999999,2026-05-20,2026-05-21
FPX,RIVN,"Rivian Automotive, Inc. (Class A)",0.0055000000000000005,2026-05-20,2026-05-21
FPX,CTRI,"Centuri Holdings, Inc.",0.0054,2026-05-20,2026-05-21
FPX,KVUE,Kenvue Inc.,0.0054,2026-05-20,2026-05-21
FPX,NATL,NCR Atleos Corporation,0.0054,2026-05-20,2026-05-21
FPX,SBRA,"Sabra Health Care REIT, Inc.",0.0052,2026-05-20,2026-05-21
FPX,CNX,CNX Resources Corporation,0.0051,2026-05-20,2026-05-21
FPX,JXN,Jackson Financial Inc. (Class A),0.0051,2026-05-20,2026-05-21
FPX,PL,Planet Labs PBC (Class A),0.004699999999999999,2026-05-20,2026-05-21
FPX,EXEL,"Exelixis, Inc.",0.0046,2026-05-20,2026-05-21
FPX,LGND,Ligand Pharmaceuticals Inc. (Class B),0.0042,2026-05-20,2026-05-21
FPX,Q,"Qnity Electronics, Inc.",0.0042,2026-05-20,2026-05-21
FPX,SJM,The J.M. Smucker Company,0.0042,2026-05-20,2026-05-21
FPX,LLYVK,"Liberty Live Holdings, Inc. (Class C)",0.0040999999999999995,2026-05-20,2026-05-21
FPX,SFD,"Smithfield Foods, Inc.",0.004,2026-05-20,2026-05-21
FPX,CPAY,"Corpay, Inc.",0.0039000000000000003,2026-05-20,2026-05-21
FPX,MTZ,"MasTec, Inc.",0.0039000000000000003,2026-05-20,2026-05-21
FPX,ROIV,Roivant Sciences Ltd.,0.0038,2026-05-20,2026-05-21
FPX,GMED,"Globus Medical, Inc. (Class A)",0.0037,2026-05-20,2026-05-21
FPX,CRCL,"Circle Internet Group, Inc. (Class A)",0.0036,2026-05-20,2026-05-21
FPX,ECG,"Everus Construction Group, Inc.",0.0034999999999999996,2026-05-20,2026-05-21
FPX,NUVL,"Nuvalent, Inc. (Class A)",0.0034000000000000002,2026-05-20,2026-05-21
FPX,CVI,"CVR Energy, Inc.",0.0033,2026-05-20,2026-05-21
FPX,DD,DuPont de Nemours Inc.,0.0031,2026-05-20,2026-05-21
FPX,U,Unity Software Inc.,0.003,2026-05-20,2026-05-21
FPX,TNL,Travel + Leisure Co.,0.0029,2026-05-20,2026-05-21
FPX,DAVE,Dave Inc. (Class A),0.0026,2026-05-20,2026-05-21
FPX,BWA,BorgWarner Inc.,0.0025,2026-05-20,2026-05-21
FPX,GRDN,"Guardian Pharmacy Services, Inc. (Class A)",0.0025,2026-05-20,2026-05-21
FPX,KGS,"Kodiak Gas Services, Inc.",0.0025,2026-05-20,2026-05-21
FPX,RSI,"Rush Street Interactive, Inc.",0.0025,2026-05-20,2026-05-21
FPX,APGE,"Apogee Therapeutics, Inc.",0.0022,2026-05-20,2026-05-21
FPX,KNF,Knife River Corporation,0.0022,2026-05-20,2026-05-21
FPX,ATMU,Atmus Filtration Technologies Inc.,0.0021,2026-05-20,2026-05-21
FPX,CRC,California Resources Corporation,0.0021,2026-05-20,2026-05-21
FPX,EE,"Excelerate Energy, Inc. (Class A)",0.0021,2026-05-20,2026-05-21
FPX,CART,Maplebear Inc. (Instacart),0.0019,2026-05-20,2026-05-21
FPX,SPHR,Sphere Entertainment Co.,0.0019,2026-05-20,2026-05-21
FPX,ALHC,"Alignment Healthcare, Inc.",0.0018,2026-05-20,2026-05-21
FPX,CURB,Curbline Properties Corp.,0.0017000000000000001,2026-05-20,2026-05-21
FPX,IONS,"Ionis Pharmaceuticals, Inc.",0.0016,2026-05-20,2026-05-21
FPX,MANE,"VeraDermics, Inc.",0.0015,2026-05-20,2026-05-21
FPX,VLTO,Veralto Corporation,0.0014000000000000002,2026-05-20,2026-05-21
FPX,FIGR,"Figure Technology Solutions, Inc. (Class A)",0.0013,2026-05-20,2026-05-21
FPX,NN,NextNav Inc.,0.0012,2026-05-20,2026-05-21
FPX,ALMS,Alumis Inc.,0.0011,2026-05-20,2026-05-21
FPX,SUPN,"Supernus Pharmaceuticals, Inc.",0.0011,2026-05-20,2026-05-21
FPX,WBI,WaterBridge Infrastructure LLC (Class A),0.0011,2026-05-20,2026-05-21
FPX,FLOC,Flowco Holdings Inc. (Class A),0.001,2026-05-20,2026-05-21
FPX,LMND,"Lemonade, Inc.",0.0009,2026-05-20,2026-05-21
FPX,$USD,US Dollar,0.0009,2026-05-20,2026-05-21
FPX,AMPX,"Amprius Technologies, Inc.",0.0008,2026-05-20,2026-05-21
FPX,MMED,"Minimed Group, Inc.",0.0008,2026-05-20,2026-05-21
FPX,AMTM,"Amentum Holdings, Inc.",0.0007000000000000001,2026-05-20,2026-05-21
FPX,MAZE,"Maze Therapeutics, Inc.",0.0005,2026-05-20,2026-05-21
FPX,$CAD,Canadian Dollar,0.0,2026-05-20,2026-05-21
FPXI,6857.JP,Advantest Corporation,0.09699999999999999,2026-05-20,2026-05-21
FPXI,3750.HK,"Contemporary Amperex Technology Co., Ltd. (Class H)",0.08710000000000001,2026-05-20,2026-05-21
FPXI,285A.JP,Kioxia Holdings Corporation,0.0678,2026-05-20,2026-05-21
FPXI,ENR.GR,Siemens Energy AG,0.06280000000000001,2026-05-20,2026-05-21
FPXI,ARM,Arm Holdings Plc,0.0489,2026-05-20,2026-05-21
FPXI,AEM,Agnico Eagle Mines Limited,0.032,2026-05-20,2026-05-21
FPXI,SDZ.SW,Sandoz Group AG,0.0298,2026-05-20,2026-05-21
FPXI,CXSE3.BZ,Caixa Seguridade Participacoes SA,0.027999999999999997,2026-05-20,2026-05-21
FPXI,6990.HK,"Sichuan Kelun-Biotech Biopharmaceutical Co., Ltd. (Class H)",0.0259,2026-05-20,2026-05-21
FPXI,AS,"Amer Sports, Inc.",0.0236,2026-05-20,2026-05-21
FPXI,HOT.GY,Hochtief AG,0.023399999999999997,2026-05-20,2026-05-21
FPXI,3986.HK,GigaDevice Semiconductor Inc. (Class H),0.0231,2026-05-20,2026-05-21
FPXI,2513.HK,"Knowledge Atlas Technology Co., Ltd. (Class H)",0.0223,2026-05-20,2026-05-21
FPXI,2327.TT,Yageo Corporation,0.0218,2026-05-20,2026-05-21
FPXI,GALD.SE,Galderma Group AG,0.0217,2026-05-20,2026-05-21
FPXI,TFPM,Triple Flag Precious Metals Corp.,0.020499999999999997,2026-05-20,2026-05-21
FPXI,329180.KS,"HD Hyundai Heavy Industries Co., Ltd.",0.020099999999999996,2026-05-20,2026-05-21
FPXI,VIK,Viking Holdings Ltd,0.0199,2026-05-20,2026-05-21
FPXI,NTR,Nutrien Ltd.,0.0181,2026-05-20,2026-05-21
FPXI,NHY.NO,Norsk Hydro ASA,0.0165,2026-05-20,2026-05-21
FPXI,TEL2B.SS,Tele2 AB (Class B),0.016200000000000003,2026-05-20,2026-05-21
FPXI,TPRO.IM,Technoprobe SpA,0.016,2026-05-20,2026-05-21
FPXI,VALT.LN,Valterra Platinum Limited,0.0155,2026-05-20,2026-05-21
FPXI,EDV.CN,Endeavour Mining Plc,0.015300000000000001,2026-05-20,2026-05-21
FPXI,UCB.BB,UCB S.A.,0.0146,2026-05-20,2026-05-21
FPXI,CLS,Celestica Inc.,0.0143,2026-05-20,2026-05-21
FPXI,LTM,LATAM Airlines Group S.A. (ADR),0.0143,2026-05-20,2026-05-21
FPXI,LTMC.IM,Lottomatica Group SpA,0.0121,2026-05-20,2026-05-21
FPXI,WCP.CN,Whitecap Resources Inc.,0.012,2026-05-20,2026-05-21
FPXI,9903.HK,"Shanghai Iluvatar CoreX Semiconductor Co., Ltd. (Class H)",0.011200000000000002,2026-05-20,2026-05-21
FPXI,GRGD.CT,Groupe Dynamite Inc.,0.0111,2026-05-20,2026-05-21
FPXI,4507.JP,"Shionogi & Co., Ltd.",0.0106,2026-05-20,2026-05-21
FPXI,IPN.FP,Ipsen SA,0.0098,2026-05-20,2026-05-21
FPXI,PAYP,PayPay Corporation (ADR),0.0095,2026-05-20,2026-05-21
FPXI,1787.HK,"Shandong Gold Mining Co., Ltd. (Class H)",0.009399999999999999,2026-05-20,2026-05-21
FPXI,ENLT,Enlight Renewable Energy Ltd.,0.0089,2026-05-20,2026-05-21
FPXI,3036.TT,"WT Microelectronics Co., Ltd.",0.008100000000000001,2026-05-20,2026-05-21
FPXI,4904.TT,"Far EasTone Telecommunications Co., Ltd.",0.0079,2026-05-20,2026-05-21
FPXI,ACLN.SW,Accelleron Industries AG,0.0069,2026-05-20,2026-05-21
FPXI,278470.KS,APR Corporation,0.0069,2026-05-20,2026-05-21
FPXI,FUTU,Futu Holdings Limited (ADR),0.0062,2026-05-20,2026-05-21
FPXI,NE,Noble Corp Plc,0.0062,2026-05-20,2026-05-21
FPXI,SAVE.SS,Nordnet AB (publ),0.0060999999999999995,2026-05-20,2026-05-21
FPXI,SOBO,South Bow Corporation,0.005600000000000001,2026-05-20,2026-05-21
FPXI,FERTIGLB.UH,Fertiglobe Plc,0.0055000000000000005,2026-05-20,2026-05-21
FPXI,RENT3.BZ,Localiza Rent a Car S.A.,0.0054,2026-05-20,2026-05-21
FPXI,1878.JP,"Daito Trust Construction Co., Ltd.",0.0053,2026-05-20,2026-05-21
FPXI,316140.KS,Woori Financial Group Inc.,0.0053,2026-05-20,2026-05-21
FPXI,DPM.CT,DPM Metals Inc.,0.0052,2026-05-20,2026-05-21
FPXI,9660.HK,"Horizon Robotics, Inc.",0.004,2026-05-20,2026-05-21
FPXI,$USD,US Dollar,0.0038,2026-05-20,2026-05-21
FPXI,$SEK,Swedish Krona,0.0004,2026-05-20,2026-05-21
FPXI,$JPY,Japanese Yen,0.0003,2026-05-20,2026-05-21
FPXI,$EUR,Euro,0.0002,2026-05-20,2026-05-21
FPXI,$BRL,Brazilian Real,0.0001,2026-05-20,2026-05-21
FPXI,$MXN,Mexican Peso,0.0,2026-05-20,2026-05-21
FPXI,$TWD,New Taiwan Dollar,0.0,2026-05-20,2026-05-21
FPXI,$GBP,Pound Sterling,0.0,2026-05-20,2026-05-21
FPXI,$SAR,Saudi Riyal,0.0,2026-05-20,2026-05-21
FPXI,$KRW,South Korean Won,0.0,2026-05-20,2026-05-21
FPXI,$CNY,Yuan Renminbi,0.0,2026-05-20,2026-05-21
QMOM,FLEX,Flex Ltd,0.028300000000000002,2026-05-20,2026-05-21
QMOM,MTSI,MACOM Technology Solutions Holdings Inc,0.026699999999999998,2026-05-20,2026-05-21
QMOM,DELL,Dell Technologies Inc,0.0233,2026-05-20,2026-05-21
QMOM,PL,Planet Labs PBC,0.0231,2026-05-20,2026-05-21
QMOM,SATS,EchoStar Corp,0.0226,2026-05-20,2026-05-21
QMOM,NVT,nVent Electric PLC,0.0226,2026-05-20,2026-05-21
QMOM,GLW,Corning Inc,0.022000000000000002,2026-05-20,2026-05-21
QMOM,BWA,BorgWarner Inc,0.0218,2026-05-20,2026-05-21
QMOM,AMAT,Applied Materials Inc,0.021400000000000002,2026-05-20,2026-05-21
QMOM,ARWR,Arrowhead Pharmaceuticals Inc,0.021,2026-05-20,2026-05-21
QMOM,MPC,Marathon Petroleum Corp,0.0209,2026-05-20,2026-05-21
QMOM,RVMD,Revolution Medicines Inc,0.0209,2026-05-20,2026-05-21
QMOM,SCCO,Southern Copper Corp,0.020499999999999997,2026-05-20,2026-05-21
QMOM,JBL,Jabil Inc,0.020099999999999996,2026-05-20,2026-05-21
QMOM,CW,Curtiss-Wright Corp,0.02,2026-05-20,2026-05-21
QMOM,IONS,Ionis Pharmaceuticals Inc,0.02,2026-05-20,2026-05-21
QMOM,VLO,Valero Energy Corp,0.02,2026-05-20,2026-05-21
QMOM,HAL,Halliburton Co,0.0199,2026-05-20,2026-05-21
QMOM,ATI,ATI Inc,0.019799999999999998,2026-05-20,2026-05-21
QMOM,CHRW,CH Robinson Worldwide Inc,0.019799999999999998,2026-05-20,2026-05-21
QMOM,CMI,Cummins Inc,0.019799999999999998,2026-05-20,2026-05-21
QMOM,CRS,Carpenter Technology Corp,0.0197,2026-05-20,2026-05-21
QMOM,CDE,COEUR MINING INC.,0.0197,2026-05-20,2026-05-21
QMOM,DY,Dycom Industries Inc,0.0197,2026-05-20,2026-05-21
QMOM,WWD,Woodward Inc,0.0197,2026-05-20,2026-05-21
QMOM,AU,Anglogold Ashanti Plc,0.0197,2026-05-20,2026-05-21
QMOM,PWR,Quanta Services Inc,0.0196,2026-05-20,2026-05-21
QMOM,KEYS,Keysight Technologies Inc,0.0195,2026-05-20,2026-05-21
QMOM,APA,APA Corp,0.0194,2026-05-20,2026-05-21
QMOM,CAT,Caterpillar Inc,0.0194,2026-05-20,2026-05-21
QMOM,PBF,PBF Energy Inc,0.0194,2026-05-20,2026-05-21
QMOM,NEM,Newmont Corp,0.019299999999999998,2026-05-20,2026-05-21
QMOM,PR,Permian Resources Corp,0.019299999999999998,2026-05-20,2026-05-21
QMOM,KRMN,Karman Holdings Inc,0.0192,2026-05-20,2026-05-21
QMOM,MTZ,MasTec Inc,0.0192,2026-05-20,2026-05-21
QMOM,XPO,XPO Inc,0.0192,2026-05-20,2026-05-21
QMOM,HL,Hecla Mining Co,0.019,2026-05-20,2026-05-21
QMOM,EME,EMCOR Group Inc,0.018799999999999997,2026-05-20,2026-05-21
QMOM,GEV,GE Vernova Inc,0.0187,2026-05-20,2026-05-21
QMOM,TPR,Tapestry Inc,0.0187,2026-05-20,2026-05-21
QMOM,FTI,TechnipFMC PLC,0.0187,2026-05-20,2026-05-21
QMOM,BWXT,BWX Technologies Inc,0.018600000000000002,2026-05-20,2026-05-21
QMOM,FIVE,Five Below Inc,0.018600000000000002,2026-05-20,2026-05-21
QMOM,FORM,FormFactor Inc,0.018500000000000003,2026-05-20,2026-05-21
QMOM,VIAV,Viavi Solutions Inc,0.018000000000000002,2026-05-20,2026-05-21
QMOM,KTOS,Kratos Defense & Security Solutions Inc,0.0178,2026-05-20,2026-05-21
QMOM,ALB,Albemarle Corp,0.0172,2026-05-20,2026-05-21
QMOM,MP,MP Materials Corp,0.0171,2026-05-20,2026-05-21
QMOM,UUUU,Energy Fuels Inc/Canada,0.0159,2026-05-20,2026-05-21
QMOM,INSM,Insmed Inc,0.015700000000000002,2026-05-20,2026-05-21
QMOM,FGXXX,First American Government Obligations Fund 12/01/2031,0.0019,2026-05-20,2026-05-21
QMOM,Cash&Other,Cash & Other,0.0004,2026-05-20,2026-05-21
IMOM,TPRO IM,Technoprobe SpA,0.029300000000000003,2026-05-20,2026-05-21
IMOM,TSEM IT,Tower Semiconductor Ltd,0.0255,2026-05-20,2026-05-21
IMOM,HAUTO NO,Hoegh Autoliners ASA,0.0226,2026-05-20,2026-05-21
IMOM,TIGO,Millicom International Cellular SA,0.0222,2026-05-20,2026-05-21
IMOM,WDS AU,Woodside Energy Group Ltd,0.0216,2026-05-20,2026-05-21
IMOM,522 HK,ASMPT Ltd,0.021400000000000002,2026-05-20,2026-05-21
IMOM,6963 JP,Rohm Co Ltd,0.021400000000000002,2026-05-20,2026-05-21
IMOM,VBK GR,Verbio SE,0.021400000000000002,2026-05-20,2026-05-21
IMOM,BAYN GR,Bayer AG,0.0212,2026-05-20,2026-05-21
IMOM,FRO,Frontline PLC,0.0212,2026-05-20,2026-05-21
IMOM,1605 JP,Inpex Corp,0.021,2026-05-20,2026-05-21
IMOM,8031 JP,Mitsui & Co Ltd,0.0208,2026-05-20,2026-05-21
IMOM,8058 JP,Mitsubishi Corp,0.0207,2026-05-20,2026-05-21
IMOM,REP SM,Repsol SA,0.0206,2026-05-20,2026-05-21
IMOM,NDA GR,Aurubis AG,0.0204,2026-05-20,2026-05-21
IMOM,EXENS FP,Exosens SAS,0.0204,2026-05-20,2026-05-21
IMOM,5020 JP,ENEOS Holdings Inc,0.0203,2026-05-20,2026-05-21
IMOM,8015 JP,Toyota Tsusho Corp,0.02,2026-05-20,2026-05-21
IMOM,SAND SS,Sandvik AB,0.02,2026-05-20,2026-05-21
IMOM,GLEN LN,Glencore PLC,0.02,2026-05-20,2026-05-21
IMOM,WRT1V FH,Wartsila OYJ Abp,0.019799999999999998,2026-05-20,2026-05-21
IMOM,ESLT IT,Elbit Systems Ltd,0.019799999999999998,2026-05-20,2026-05-21
IMOM,8002 JP,Marubeni Corp,0.019799999999999998,2026-05-20,2026-05-21
IMOM,4004 JP,Resonac Holdings Corp,0.019799999999999998,2026-05-20,2026-05-21
IMOM,ENLT IT,Enlight Renewable Energy Ltd,0.0197,2026-05-20,2026-05-21
IMOM,16 HK,Sun Hung Kai Properties Ltd,0.0196,2026-05-20,2026-05-21
IMOM,ANA SM,Acciona SA,0.0195,2026-05-20,2026-05-21
IMOM,TRPZ IT,Turpaz Industries Ltd,0.0195,2026-05-20,2026-05-21
IMOM,DORL IT,Doral Group Renewable Energy Resources Ltd,0.0195,2026-05-20,2026-05-21
IMOM,SLR SM,Solaria Energia y Medio Ambiente SA,0.0194,2026-05-20,2026-05-21
IMOM,OPCE IT,OPC Energy Ltd,0.0194,2026-05-20,2026-05-21
IMOM,ENR GR,Siemens Energy AG,0.0194,2026-05-20,2026-05-21
IMOM,RWE GR,RWE AG,0.019299999999999998,2026-05-20,2026-05-21
IMOM,CDA AU,Codan Ltd,0.019299999999999998,2026-05-20,2026-05-21
IMOM,PLS AU,PLS Group Ltd,0.019299999999999998,2026-05-20,2026-05-21
IMOM,TASE IT,Tel Aviv Stock Exchange Ltd,0.019299999999999998,2026-05-20,2026-05-21
IMOM,ZEG LN,Zegona Communications plc,0.0192,2026-05-20,2026-05-21
IMOM,5214 JP,Nippon Electric Glass Co Ltd,0.019,2026-05-20,2026-05-21
IMOM,LYC AU,Lynas Rare Earths Ltd,0.0189,2026-05-20,2026-05-21
IMOM,KEP SP,KEPPEL LTD,0.0189,2026-05-20,2026-05-21
IMOM,MGOR IT,Mega Or Holdings Ltd,0.0189,2026-05-20,2026-05-21
IMOM,BPE IM,BPER Banca SPA,0.0187,2026-05-20,2026-05-21
IMOM,7735 JP,SCREEN Holdings Co Ltd,0.018500000000000003,2026-05-20,2026-05-21
IMOM,TRE SM,Tecnicas Reunidas SA,0.018000000000000002,2026-05-20,2026-05-21
IMOM,6269 JP,Modec Inc,0.0175,2026-05-20,2026-05-21
IMOM,1942 JP,Kandenko Co Ltd,0.0172,2026-05-20,2026-05-21
IMOM,7013 JP,IHI Corp,0.0167,2026-05-20,2026-05-21
IMOM,6146 JP,Disco Corp,0.016399999999999998,2026-05-20,2026-05-21
IMOM,6920 JP,Lasertec Corp,0.0163,2026-05-20,2026-05-21
IMOM,1801 JP,Taisei Corp,0.0158,2026-05-20,2026-05-21
IMOM,Cash&Other,Cash & Other,0.0049,2026-05-20,2026-05-21
IMOM,EUR,EURO,0.0005,2026-05-20,2026-05-21
IMOM,FGXXX,First American Government Obligations Fund 12/01/2031,0.0003,2026-05-20,2026-05-21
IMOM,JPY,JAPANESE YEN,-0.0001,2026-05-20,2026-05-21
IVAL,5334 JP,Niterra Co Ltd,0.022799999999999997,2026-05-20,2026-05-21
IVAL,6758 JP,Sony Group Corp,0.0227,2026-05-20,2026-05-21
IVAL,ERICB SS,Telefonaktiebolaget LM Ericsson,0.0217,2026-05-20,2026-05-21
IVAL,9433 JP,KDDI Corp,0.0217,2026-05-20,2026-05-21
IVAL,TIGO,Millicom International Cellular SA,0.0217,2026-05-20,2026-05-21
IVAL,3407 JP,Asahi Kasei Corp,0.021400000000000002,2026-05-20,2026-05-21
IVAL,TEN IM,Tenaris SA,0.021,2026-05-20,2026-05-21
IVAL,NTGY SM,Naturgy Energy Group SA,0.0209,2026-05-20,2026-05-21
IVAL,DTE GR,Deutsche Telekom AG,0.0208,2026-05-20,2026-05-21
IVAL,GALP PL,Galp Energia SGPS SA,0.0207,2026-05-20,2026-05-21
IVAL,OMV AV,OMV AG,0.0206,2026-05-20,2026-05-21
IVAL,7270 JP,Subaru Corp,0.020499999999999997,2026-05-20,2026-05-21
IVAL,1605 JP,Inpex Corp,0.020499999999999997,2026-05-20,2026-05-21
IVAL,IMB LN,IMPERIAL BRANDS PLC,0.0204,2026-05-20,2026-05-21
IVAL,7259 JP,Aisin Corp,0.0204,2026-05-20,2026-05-21
IVAL,DHL GR,DHL Group,0.0202,2026-05-20,2026-05-21
IVAL,8227 JP,Shimamura Co Ltd,0.0202,2026-05-20,2026-05-21
IVAL,FMG AU,Fortescue Ltd,0.02,2026-05-20,2026-05-21
IVAL,4578 JP,Otsuka Holdings Co Ltd,0.02,2026-05-20,2026-05-21
IVAL,LIGHT NA,Signify NV,0.02,2026-05-20,2026-05-21
IVAL,HEN3 GR,HENKEL AG & CO KGAA,0.019799999999999998,2026-05-20,2026-05-21
IVAL,5108 JP,Bridgestone Corp,0.019799999999999998,2026-05-20,2026-05-21
IVAL,4768 JP,Otsuka Corp,0.0197,2026-05-20,2026-05-21
IVAL,4503 JP,Astellas Pharma Inc,0.0197,2026-05-20,2026-05-21
IVAL,NDA GR,Aurubis AG,0.0196,2026-05-20,2026-05-21
IVAL,4151 JP,Kyowa Kirin Co Ltd,0.0196,2026-05-20,2026-05-21
IVAL,ANA SM,Acciona SA,0.0194,2026-05-20,2026-05-21
IVAL,BHP AU,BHP Group Ltd,0.0194,2026-05-20,2026-05-21
IVAL,7269 JP,Suzuki Motor Corp,0.0194,2026-05-20,2026-05-21
IVAL,5101 JP,Yokohama Rubber Co Ltd/The,0.0194,2026-05-20,2026-05-21
IVAL,RIO AU,Rio Tinto Ltd,0.019299999999999998,2026-05-20,2026-05-21
IVAL,1928 JP,Sekisui House Ltd,0.0192,2026-05-20,2026-05-21
IVAL,FNTN GR,Freenet AG,0.0192,2026-05-20,2026-05-21
IVAL,TUI1 GR,TUI AG,0.0192,2026-05-20,2026-05-21
IVAL,6902 JP,Denso Corp,0.0189,2026-05-20,2026-05-21
IVAL,9201 JP,Japan Airlines Co Ltd,0.0189,2026-05-20,2026-05-21
IVAL,9202 JP,ANA Holdings Inc,0.018799999999999997,2026-05-20,2026-05-21
IVAL,6301 JP,Komatsu Ltd,0.018600000000000002,2026-05-20,2026-05-21
IVAL,QAN AU,Qantas Airways Ltd,0.018600000000000002,2026-05-20,2026-05-21
IVAL,4204 JP,Sekisui Chemical Co Ltd,0.018600000000000002,2026-05-20,2026-05-21
IVAL,3405 JP,Kuraray Co Ltd,0.018500000000000003,2026-05-20,2026-05-21
IVAL,JBH AU,JB Hi-Fi Ltd,0.018500000000000003,2026-05-20,2026-05-21
IVAL,4042 JP,Tosoh Corp,0.018500000000000003,2026-05-20,2026-05-21
IVAL,PRU AU,Perseus Mining Ltd,0.0183,2026-05-20,2026-05-21
IVAL,5105 JP,Toyo Tire Corp,0.0182,2026-05-20,2026-05-21
IVAL,2587 JP,Suntory Beverage & Food Ltd,0.0182,2026-05-20,2026-05-21
IVAL,5110 JP,Sumitomo Rubber Industries Ltd,0.0181,2026-05-20,2026-05-21
IVAL,BZU IM,Buzzi SpA,0.0179,2026-05-20,2026-05-21
IVAL,FGR FP,Eiffage SA,0.0177,2026-05-20,2026-05-21
IVAL,6305 JP,Hitachi Construction Machinery Co Ltd,0.0176,2026-05-20,2026-05-21
IVAL,Cash&Other,Cash & Other,0.010700000000000001,2026-05-20,2026-05-21
IVAL,FGXXX,First American Government Obligations Fund 12/01/2031,0.0038,2026-05-20,2026-05-21
IVAL,EUR,EURO,0.0003,2026-05-20,2026-05-21
IVAL,AUD,AUSTRALIAN DOLLAR,0.0001,2026-05-20,2026-05-21
COWZ,ABNB,Airbnb Inc,0.015600000000000001,2026-05-20,2026-05-21
COWZ,ACN,Accenture PLC,0.0168,2026-05-20,2026-05-21
COWZ,ADBE,Adobe Inc,0.018000000000000002,2026-05-20,2026-05-21
COWZ,ADM,Archer-Daniels-Midland Co,0.0161,2026-05-20,2026-05-21
COWZ,ADP,Automatic Data Processing Inc,0.013600000000000001,2026-05-20,2026-05-21
COWZ,ADSK,Autodesk Inc,0.0074,2026-05-20,2026-05-21
COWZ,BIIB,Biogen Inc,0.0066,2026-05-20,2026-05-21
COWZ,BKNG,Booking Holdings Inc,0.0174,2026-05-20,2026-05-21
COWZ,BMY,Bristol-Myers Squibb Co,0.0196,2026-05-20,2026-05-21
COWZ,CAH,Cardinal Health Inc,0.0167,2026-05-20,2026-05-21
COWZ,CDW,CDW Corp/DE,0.0031,2026-05-20,2026-05-21
COWZ,CF,CF Industries Holdings Inc,0.0064,2026-05-20,2026-05-21
COWZ,CHD,Church & Dwight Co Inc,0.0034999999999999996,2026-05-20,2026-05-21
COWZ,CL,Colgate-Palmolive Co,0.011699999999999999,2026-05-20,2026-05-21
COWZ,CMCSA,Comcast Corp,0.015700000000000002,2026-05-20,2026-05-21
COWZ,COP,ConocoPhillips,0.021099999999999997,2026-05-20,2026-05-21
COWZ,COR,Cencora Inc,0.0089,2026-05-20,2026-05-21
COWZ,CPRT,Copart Inc,0.0040999999999999995,2026-05-20,2026-05-21
COWZ,CRM,Salesforce Inc,0.018000000000000002,2026-05-20,2026-05-21
COWZ,CTSH,Cognizant Technology Solutions Corp,0.0067,2026-05-20,2026-05-21
COWZ,CTVA,Corteva Inc,0.0096,2026-05-20,2026-05-21
COWZ,CVS,CVS Health Corp,0.0241,2026-05-20,2026-05-21
COWZ,DAL,Delta Air Lines Inc,0.016,2026-05-20,2026-05-21
COWZ,DD,DuPont de Nemours Inc,0.0038,2026-05-20,2026-05-21
COWZ,DG,Dollar General Corp,0.0055000000000000005,2026-05-20,2026-05-21
COWZ,DGX,Quest Diagnostics Inc,0.0044,2026-05-20,2026-05-21
COWZ,DHI,DR Horton Inc,0.0111,2026-05-20,2026-05-21
COWZ,DLTR,Dollar Tree Inc,0.0043,2026-05-20,2026-05-21
COWZ,DVN,Devon Energy Corp,0.016200000000000003,2026-05-20,2026-05-21
COWZ,EOG,EOG Resources Inc,0.0124,2026-05-20,2026-05-21
COWZ,EQT,EQT Corp,0.0088,2026-05-20,2026-05-21
COWZ,EXE,Expand Energy Corp,0.005,2026-05-20,2026-05-21
COWZ,EXPD,Expeditors International of Washington Inc,0.0034000000000000002,2026-05-20,2026-05-21
COWZ,EXPE,Expedia Group Inc,0.009000000000000001,2026-05-20,2026-05-21
COWZ,F,Ford Motor Co,0.0219,2026-05-20,2026-05-21
COWZ,FANG,Diamondback Energy Inc,0.0197,2026-05-20,2026-05-21
COWZ,FFIV,F5 Inc,0.0038,2026-05-20,2026-05-21
COWZ,FLEX,Flex Ltd,0.0085,2026-05-20,2026-05-21
COWZ,FSLR,First Solar Inc,0.005,2026-05-20,2026-05-21
COWZ,FTI,TechnipFMC PLC,0.0055000000000000005,2026-05-20,2026-05-21
COWZ,FTV,Fortive Corp,0.0034000000000000002,2026-05-20,2026-05-21
COWZ,GILD,Gilead Sciences Inc,0.0183,2026-05-20,2026-05-21
COWZ,GIS,General Mills Inc,0.0045000000000000005,2026-05-20,2026-05-21
COWZ,HAL,Halliburton Co,0.0069,2026-05-20,2026-05-21
COWZ,HCA,HCA Healthcare Inc,0.015,2026-05-20,2026-05-21
COWZ,HPQ,HP Inc,0.0104,2026-05-20,2026-05-21
COWZ,ILMN,Illumina Inc,0.0034999999999999996,2026-05-20,2026-05-21
COWZ,INCY,Incyte Corp,0.0045000000000000005,2026-05-20,2026-05-21
COWZ,INTU,Intuit Inc,0.0161,2026-05-20,2026-05-21
COWZ,IQV,IQVIA Holdings Inc,0.0067,2026-05-20,2026-05-21
COWZ,J,Jacobs Solutions Inc,0.0024,2026-05-20,2026-05-21
COWZ,JBHT,JB Hunt Transport Services Inc,0.0039000000000000003,2026-05-20,2026-05-21
COWZ,JBL,Jabil Inc,0.005600000000000001,2026-05-20,2026-05-21
COWZ,KHC,Kraft Heinz Co/The,0.011699999999999999,2026-05-20,2026-05-21
COWZ,LDOS,Leidos Holdings Inc,0.0038,2026-05-20,2026-05-21
COWZ,LH,Labcorp Holdings Inc,0.0038,2026-05-20,2026-05-21
COWZ,LULU,Lululemon Athletica Inc,0.0027,2026-05-20,2026-05-21
COWZ,MCK,McKesson Corp,0.0166,2026-05-20,2026-05-21
COWZ,MO,Altria Group Inc,0.0222,2026-05-20,2026-05-21
COWZ,MPC,Marathon Petroleum Corp,0.018500000000000003,2026-05-20,2026-05-21
COWZ,NEM,Newmont Corp,0.018600000000000002,2026-05-20,2026-05-21
COWZ,NTAP,NetApp Inc,0.0063,2026-05-20,2026-05-21
COWZ,NVR,NVR Inc,0.0032,2026-05-20,2026-05-21
COWZ,OMC,Omnicom Group Inc,0.0079,2026-05-20,2026-05-21
COWZ,ON,ON Semiconductor Corp,0.0091,2026-05-20,2026-05-21
COWZ,OXY,Occidental Petroleum Corp,0.0148,2026-05-20,2026-05-21
COWZ,PAYX,Paychex Inc,0.006,2026-05-20,2026-05-21
COWZ,PCAR,PACCAR Inc,0.009399999999999999,2026-05-20,2026-05-21
COWZ,PFE,Pfizer Inc,0.0192,2026-05-20,2026-05-21
COWZ,PHM,PulteGroup Inc,0.0055000000000000005,2026-05-20,2026-05-21
COWZ,PTC,PTC Inc,0.0027,2026-05-20,2026-05-21
COWZ,QCOM,QUALCOMM Inc,0.0301,2026-05-20,2026-05-21
COWZ,REGN,Regeneron Pharmaceuticals Inc,0.010700000000000001,2026-05-20,2026-05-21
COWZ,RMD,ResMed Inc,0.0049,2026-05-20,2026-05-21
COWZ,ROP,Roper Technologies Inc,0.0070999999999999995,2026-05-20,2026-05-21
COWZ,SLB,SLB Ltd,0.0184,2026-05-20,2026-05-21
COWZ,SNA,Snap-on Inc,0.0033,2026-05-20,2026-05-21
COWZ,SSNC,SS&C Technologies Holdings Inc,0.0043,2026-05-20,2026-05-21
COWZ,STZ,Constellation Brands Inc,0.006,2026-05-20,2026-05-21
COWZ,T,AT&T Inc,0.0176,2026-05-20,2026-05-21
COWZ,TGT,Target Corp,0.0102,2026-05-20,2026-05-21
COWZ,THC,Tenet Healthcare Corp,0.0066,2026-05-20,2026-05-21
COWZ,TMUS,T-Mobile US Inc,0.0173,2026-05-20,2026-05-21
COWZ,TPR,Tapestry Inc,0.0051,2026-05-20,2026-05-21
COWZ,TWLO,Twilio Inc,0.004699999999999999,2026-05-20,2026-05-21
COWZ,TXT,Textron Inc,0.0029,2026-05-20,2026-05-21
COWZ,UAL,United Airlines Holdings Inc,0.0091,2026-05-20,2026-05-21
COWZ,UBER,Uber Technologies Inc,0.02,2026-05-20,2026-05-21
COWZ,UPS,United Parcel Service Inc,0.015300000000000001,2026-05-20,2026-05-21
COWZ,USBFS03,U.S. Bank Money Market Deposit Account 06/01/2031,0.0007000000000000001,2026-05-20,2026-05-21
COWZ,UTHR,United Therapeutics Corp,0.0040999999999999995,2026-05-20,2026-05-21
COWZ,VEEV,Veeva Systems Inc,0.0038,2026-05-20,2026-05-21
COWZ,VLO,Valero Energy Corp,0.0147,2026-05-20,2026-05-21
COWZ,VRSN,VeriSign Inc,0.0044,2026-05-20,2026-05-21
COWZ,VTRS,Viatris Inc,0.0072,2026-05-20,2026-05-21
COWZ,VZ,Verizon Communications Inc,0.0189,2026-05-20,2026-05-21
COWZ,WDAY,Workday Inc,0.0077,2026-05-20,2026-05-21
COWZ,WSM,Williams-Sonoma Inc,0.0036,2026-05-20,2026-05-21
COWZ,ZBH,ZIMMER BIOMET HOLDINGS INC,0.0034000000000000002,2026-05-20,2026-05-21
COWZ,ZM,Zoom Communications Inc,0.008199999999999999,2026-05-20,2026-05-21
COWZ,Cash&Other,Cash & Other,0.0016,2026-05-20,2026-05-21
CALF,ABM,ABM Industries Inc,0.0038,2026-05-20,2026-05-21
CALF,ADT,ADT Inc,0.008199999999999999,2026-05-20,2026-05-21
CALF,ALIT,Alight Inc,0.0009,2026-05-20,2026-05-21
CALF,ALKS,Alkermes PLC,0.0073,2026-05-20,2026-05-21
CALF,ALV,Autoliv Inc,0.009300000000000001,2026-05-20,2026-05-21
CALF,AMN,AMN Healthcare Services Inc,0.0024,2026-05-20,2026-05-21
CALF,AMPH,Amphastar Pharmaceuticals Inc,0.0013,2026-05-20,2026-05-21
CALF,ANF,Abercrombie & Fitch Co,0.004,2026-05-20,2026-05-21
CALF,ANGI,Angi Inc,0.0003,2026-05-20,2026-05-21
CALF,ANIP,ANI Pharmaceuticals Inc,0.002,2026-05-20,2026-05-21
CALF,APA,APA Corp,0.021,2026-05-20,2026-05-21
CALF,ATKR,Atkore Inc,0.0029,2026-05-20,2026-05-21
CALF,AZZ,AZZ Inc,0.0054,2026-05-20,2026-05-21
CALF,BBWI,Bath & Body Works Inc,0.008,2026-05-20,2026-05-21
CALF,BBY,Best Buy Co Inc,0.0168,2026-05-20,2026-05-21
CALF,BCRX,BioCryst Pharmaceuticals Inc,0.004,2026-05-20,2026-05-21
CALF,BH,Biglari Holdings Inc,0.0004,2026-05-20,2026-05-21
CALF,BILL,BILL Holdings Inc,0.0037,2026-05-20,2026-05-21
CALF,BKE,Buckle Inc/The,0.0024,2026-05-20,2026-05-21
CALF,BLBD,Blue Bird Corp,0.0023,2026-05-20,2026-05-21
CALF,BLKB,Blackbaud Inc,0.0016,2026-05-20,2026-05-21
CALF,BMBL,Bumble Inc,0.0006,2026-05-20,2026-05-21
CALF,BOX,Box Inc,0.0037,2026-05-20,2026-05-21
CALF,BRBR,BellRing Brands Inc,0.0015,2026-05-20,2026-05-21
CALF,BWA,BorgWarner Inc,0.0167,2026-05-20,2026-05-21
CALF,CABO,Cable One Inc,0.0005,2026-05-20,2026-05-21
CALF,CALM,Cal-Maine Foods Inc,0.008199999999999999,2026-05-20,2026-05-21
CALF,CALY,Callaway Golf Co,0.004,2026-05-20,2026-05-21
CALF,CARG,Cargurus Inc,0.0028000000000000004,2026-05-20,2026-05-21
CALF,CARS,Cars.com Inc,0.0012,2026-05-20,2026-05-21
CALF,CART,Maplebear Inc,0.011200000000000002,2026-05-20,2026-05-21
CALF,CBT,Cabot Corp,0.0055000000000000005,2026-05-20,2026-05-21
CALF,CHRD,Chord Energy Corp,0.009300000000000001,2026-05-20,2026-05-21
CALF,CNMD,CONMED Corp,0.0017000000000000001,2026-05-20,2026-05-21
CALF,CNXC,Concentrix Corp,0.0025,2026-05-20,2026-05-21
CALF,COLL,Collegium Pharmaceutical Inc,0.0025,2026-05-20,2026-05-21
CALF,COLM,Columbia Sportswear Co,0.0027,2026-05-20,2026-05-21
CALF,COTY,Coty Inc,0.0017000000000000001,2026-05-20,2026-05-21
CALF,COUR,Coursera Inc,0.0014000000000000002,2026-05-20,2026-05-21
CALF,CPRX,Catalyst Pharmaceuticals Inc,0.0032,2026-05-20,2026-05-21
CALF,CRC,California Resources Corp,0.0062,2026-05-20,2026-05-21
CALF,CRGY,Crescent Energy Co,0.0075,2026-05-20,2026-05-21
CALF,CRMD,CorMedix Inc,0.0013,2026-05-20,2026-05-21
CALF,CROX,Crocs Inc,0.009899999999999999,2026-05-20,2026-05-21
CALF,CRUS,Cirrus Logic Inc,0.0086,2026-05-20,2026-05-21
CALF,CVSA,Covista Inc,0.005,2026-05-20,2026-05-21
CALF,CXM,Sprinklr Inc,0.0013,2026-05-20,2026-05-21
CALF,DBD,Diebold Nixdorf Inc,0.0027,2026-05-20,2026-05-21
CALF,DBX,Dropbox Inc,0.0111,2026-05-20,2026-05-21
CALF,DDS,Dillard's Inc,0.0037,2026-05-20,2026-05-21
CALF,DEA,Easterly Government Properties Inc,0.0024,2026-05-20,2026-05-21
CALF,DECK,Deckers Outdoor Corp,0.0103,2026-05-20,2026-05-21
CALF,DLB,Dolby Laboratories Inc,0.0039000000000000003,2026-05-20,2026-05-21
CALF,DOCS,Doximity Inc,0.0029,2026-05-20,2026-05-21
CALF,DOCU,Docusign Inc,0.011899999999999999,2026-05-20,2026-05-21
CALF,DOX,Amdocs Ltd,0.008100000000000001,2026-05-20,2026-05-21
CALF,DUOL,Duolingo Inc,0.0045000000000000005,2026-05-20,2026-05-21
CALF,DV,DoubleVerify Holdings Inc,0.0018,2026-05-20,2026-05-21
CALF,DVN,Devon Energy Corp,0.019299999999999998,2026-05-20,2026-05-21
CALF,DXC,DXC Technology Co,0.0036,2026-05-20,2026-05-21
CALF,EBS,Emergent BioSolutions Inc,0.001,2026-05-20,2026-05-21
CALF,EFOR,Everforth Inc,0.0016,2026-05-20,2026-05-21
CALF,EPAM,EPAM Systems Inc,0.0053,2026-05-20,2026-05-21
CALF,ETD,Ethan Allen Interiors Inc,0.0004,2026-05-20,2026-05-21
CALF,ETSY,Etsy Inc,0.0085,2026-05-20,2026-05-21
CALF,EVER,EverQuote Inc,0.0012,2026-05-20,2026-05-21
CALF,EXEL,Exelixis Inc,0.0121,2026-05-20,2026-05-21
CALF,EXPE,Expedia Group Inc,0.0176,2026-05-20,2026-05-21
CALF,FDP,Fresh Del Monte Produce Inc,0.0017000000000000001,2026-05-20,2026-05-21
CALF,FET,Forum Energy Technologies Inc,0.0008,2026-05-20,2026-05-21
CALF,FIVN,Five9 Inc,0.0026,2026-05-20,2026-05-21
CALF,FLO,Flowers Foods Inc,0.003,2026-05-20,2026-05-21
CALF,FOXA,Fox Corp,0.0206,2026-05-20,2026-05-21
CALF,FRSH,Freshworks Inc,0.0029,2026-05-20,2026-05-21
CALF,FTDR,Frontdoor Inc,0.0044,2026-05-20,2026-05-21
CALF,G,Genpact Ltd,0.0069,2026-05-20,2026-05-21
CALF,GCT,GigaCloud Technology Inc,0.0019,2026-05-20,2026-05-21
CALF,GDDY,GoDaddy Inc,0.0204,2026-05-20,2026-05-21
CALF,GDRX,GoodRx Holdings Inc,0.0005,2026-05-20,2026-05-21
CALF,GDYN,Grid Dynamics Holdings Inc,0.0003,2026-05-20,2026-05-21
CALF,GEN,GEN DIGITAL INC,0.0209,2026-05-20,2026-05-21
CALF,GIII,G-III Apparel Group Ltd,0.0025,2026-05-20,2026-05-21
CALF,GME,GameStop Corp,0.0062,2026-05-20,2026-05-21
CALF,GNTX,Gentex Corp,0.005699999999999999,2026-05-20,2026-05-21
CALF,GOLD,Gold.com Inc,0.0019,2026-05-20,2026-05-21
CALF,GRPN,Groupon Inc,0.001,2026-05-20,2026-05-21
CALF,GTLB,Gitlab Inc,0.0033,2026-05-20,2026-05-21
CALF,GTM,ZoomInfo Technologies Inc,0.0023,2026-05-20,2026-05-21
CALF,HAE,Haemonetics Corp,0.0034999999999999996,2026-05-20,2026-05-21
CALF,HCSG,Healthcare Services Group Inc,0.0017000000000000001,2026-05-20,2026-05-21
CALF,HLF,Herbalife Ltd,0.0024,2026-05-20,2026-05-21
CALF,HLIT,Harmonic Inc,0.0015,2026-05-20,2026-05-21
CALF,HLX,Helix Energy Solutions Group Inc,0.0016,2026-05-20,2026-05-21
CALF,HOG,Harley-Davidson Inc,0.0064,2026-05-20,2026-05-21
CALF,HOV,Hovnanian Enterprises Inc,0.001,2026-05-20,2026-05-21
CALF,HRB,H&R Block Inc,0.0078000000000000005,2026-05-20,2026-05-21
CALF,HRMY,Harmony Biosciences Holdings Inc,0.0029,2026-05-20,2026-05-21
CALF,HZO,MarineMax Inc,0.0015,2026-05-20,2026-05-21
CALF,IDT,IDT Corp,0.0014000000000000002,2026-05-20,2026-05-21
CALF,IIPR,Innovative Industrial Properties Inc,0.0021,2026-05-20,2026-05-21
CALF,INCY,Incyte Corp,0.0159,2026-05-20,2026-05-21
CALF,INGM,Ingram Micro Holding Corp,0.0012,2026-05-20,2026-05-21
CALF,INVA,Innoviva Inc,0.0023,2026-05-20,2026-05-21
CALF,INVX,Innovex International Inc,0.0023,2026-05-20,2026-05-21
CALF,IRWD,Ironwood Pharmaceuticals Inc,0.0013,2026-05-20,2026-05-21
CALF,IT,Gartner Inc,0.0127,2026-05-20,2026-05-21
CALF,ITRI,Itron Inc,0.0039000000000000003,2026-05-20,2026-05-21
CALF,JAZZ,Jazz Pharmaceuticals PLC,0.0181,2026-05-20,2026-05-21
CALF,JBI,Janus International Group Inc,0.0013,2026-05-20,2026-05-21
CALF,KFY,Korn Ferry,0.0036,2026-05-20,2026-05-21
CALF,KMX,CarMax Inc,0.0126,2026-05-20,2026-05-21
CALF,KSS,Kohl's Corp,0.0032,2026-05-20,2026-05-21
CALF,KTB,Kontoor Brands Inc,0.004699999999999999,2026-05-20,2026-05-21
CALF,LEG,Leggett & Platt Inc,0.0031,2026-05-20,2026-05-21
CALF,LPG,Dorian LPG Ltd,0.0025,2026-05-20,2026-05-21
CALF,LYFT,Lyft Inc,0.0123,2026-05-20,2026-05-21
CALF,LZ,Legalzoom.com Inc,0.0017000000000000001,2026-05-20,2026-05-21
CALF,LZB,La-Z-Boy Inc,0.0019,2026-05-20,2026-05-21
CALF,M,Macy's Inc,0.010700000000000001,2026-05-20,2026-05-21
CALF,MAX,MediaAlpha Inc,0.0006,2026-05-20,2026-05-21
CALF,MBLY,Mobileye Global Inc,0.0036,2026-05-20,2026-05-21
CALF,MCRI,Monarch Casino & Resort Inc,0.0017000000000000001,2026-05-20,2026-05-21
CALF,MD,Pediatrix Medical Group Inc,0.0033,2026-05-20,2026-05-21
CALF,MGNI,Magnite Inc,0.0019,2026-05-20,2026-05-21
CALF,MH,McGraw Hill Inc,0.0007000000000000001,2026-05-20,2026-05-21
CALF,MHK,Mohawk Industries Inc,0.0069,2026-05-20,2026-05-21
CALF,MITK,Mitek Systems Inc,0.0007000000000000001,2026-05-20,2026-05-21
CALF,MMI,Marcus & Millichap Inc,0.0007000000000000001,2026-05-20,2026-05-21
CALF,MNTN,MNTN Inc,0.0002,2026-05-20,2026-05-21
CALF,MRP,Millrose Properties Inc,0.0098,2026-05-20,2026-05-21
CALF,MTCH,Match Group Inc,0.013600000000000001,2026-05-20,2026-05-21
CALF,NEU,NewMarket Corp,0.0068000000000000005,2026-05-20,2026-05-21
CALF,NGVT,Ingevity Corp,0.0032,2026-05-20,2026-05-21
CALF,NOV,NOV Inc,0.0115,2026-05-20,2026-05-21
CALF,NSIT,Insight Enterprises Inc,0.0036,2026-05-20,2026-05-21
CALF,NTAP,NetApp Inc,0.022099999999999998,2026-05-20,2026-05-21
CALF,NTCT,NetScout Systems Inc,0.0040999999999999995,2026-05-20,2026-05-21
CALF,NTNX,Nutanix Inc,0.0101,2026-05-20,2026-05-21
CALF,NUTX,Nutex Health Inc,0.001,2026-05-20,2026-05-21
CALF,OIS,Oil States International Inc,0.0006,2026-05-20,2026-05-21
CALF,OMC,Omnicom Group Inc,0.017,2026-05-20,2026-05-21
CALF,PARR,Par Pacific Holdings Inc,0.0046,2026-05-20,2026-05-21
CALF,PBI,Pitney Bowes Inc,0.0052,2026-05-20,2026-05-21
CALF,PCRX,Pacira BioSciences Inc,0.0015,2026-05-20,2026-05-21
CALF,PD,PagerDuty Inc,0.0012,2026-05-20,2026-05-21
CALF,PENG,Penguin Solutions Inc,0.0036,2026-05-20,2026-05-21
CALF,PGNY,Progyny Inc,0.0032,2026-05-20,2026-05-21
CALF,PII,Polaris Inc,0.0078000000000000005,2026-05-20,2026-05-21
CALF,PRDO,Perdoceo Education Corp,0.0023,2026-05-20,2026-05-21
CALF,PRGS,Progress Software Corp,0.0022,2026-05-20,2026-05-21
CALF,PTON,Peloton Interactive Inc,0.0048,2026-05-20,2026-05-21
CALF,QLYS,Qualys Inc,0.0034999999999999996,2026-05-20,2026-05-21
CALF,QNST,QuinStreet Inc,0.001,2026-05-20,2026-05-21
CALF,QRVO,Qorvo Inc,0.0086,2026-05-20,2026-05-21
CALF,RAMP,LiveRamp Holdings Inc,0.0026,2026-05-20,2026-05-21
CALF,REPX,Riley Exploration Permian Inc,0.0009,2026-05-20,2026-05-21
CALF,RGR,Sturm Ruger & Co Inc,0.0004,2026-05-20,2026-05-21
CALF,RHI,Robert Half Inc,0.0036,2026-05-20,2026-05-21
CALF,RHLD,Resolute Holdings Management Inc,0.0009,2026-05-20,2026-05-21
CALF,RIGL,Rigel Pharmaceuticals Inc,0.001,2026-05-20,2026-05-21
CALF,RNG,RingCentral Inc,0.0069,2026-05-20,2026-05-21
CALF,ROCK,Gibraltar Industries Inc,0.0012,2026-05-20,2026-05-21
CALF,RPD,Rapid7 Inc,0.001,2026-05-20,2026-05-21
CALF,RUSHA,Rush Enterprises Inc,0.0074,2026-05-20,2026-05-21
CALF,SAM,Boston Beer Co Inc/The,0.0019,2026-05-20,2026-05-21
CALF,SBH,Sally Beauty Holdings Inc,0.0021,2026-05-20,2026-05-21
CALF,SCSC,ScanSource Inc,0.0016,2026-05-20,2026-05-21
CALF,SENEA,Seneca Foods Corp,0.0016,2026-05-20,2026-05-21
CALF,SIG,Signet Jewelers Ltd,0.0064,2026-05-20,2026-05-21
CALF,SMPL,Simply Good Foods Co/The,0.0015,2026-05-20,2026-05-21
CALF,SNX,TD SYNNEX Corp,0.0239,2026-05-20,2026-05-21
CALF,SONO,Sonos Inc,0.0016,2026-05-20,2026-05-21
CALF,SPB,Spectrum Brands Holdings Inc,0.0034999999999999996,2026-05-20,2026-05-21
CALF,SPT,Sprout Social Inc,0.0005,2026-05-20,2026-05-21
CALF,STNG,Scorpio Tankers Inc,0.004699999999999999,2026-05-20,2026-05-21
CALF,STRA,Strategic Education Inc,0.0017000000000000001,2026-05-20,2026-05-21
CALF,SWBI,Smith & Wesson Brands Inc,0.0007000000000000001,2026-05-20,2026-05-21
CALF,SWKS,Skyworks Solutions Inc,0.0166,2026-05-20,2026-05-21
CALF,TBPH,Theravance Biopharma Inc,0.0014000000000000002,2026-05-20,2026-05-21
CALF,TCMD,Tactile Systems Technology Inc,0.0004,2026-05-20,2026-05-21
CALF,TDC,Teradata Corp,0.0040999999999999995,2026-05-20,2026-05-21
CALF,TDW,Tidewater Inc,0.0044,2026-05-20,2026-05-21
CALF,TENB,Tenable Holdings Inc,0.0036,2026-05-20,2026-05-21
CALF,TMHC,Taylor Morrison Home Corp,0.0089,2026-05-20,2026-05-21
CALF,TNET,TriNet Group Inc,0.0029,2026-05-20,2026-05-21
CALF,TNK,Teekay Tankers Ltd,0.0016,2026-05-20,2026-05-21
CALF,TOL,Toll Brothers Inc,0.0165,2026-05-20,2026-05-21
CALF,TPC,Tutor Perini Corp,0.0073,2026-05-20,2026-05-21
CALF,TRIP,TripAdvisor Inc,0.002,2026-05-20,2026-05-21
CALF,UPBD,Upbound Group Inc,0.0021,2026-05-20,2026-05-21
CALF,UPWK,Upwork Inc,0.0018,2026-05-20,2026-05-21
CALF,USBFS03,U.S. Bank Money Market Deposit Account 06/01/2031,0.0003,2026-05-20,2026-05-21
CALF,VC,Visteon Corp,0.0039000000000000003,2026-05-20,2026-05-21
CALF,VSNT,Versant Media Group Inc,0.013999999999999999,2026-05-20,2026-05-21
CALF,WGO,Winnebago Industries Inc,0.0013,2026-05-20,2026-05-21
CALF,WKC,World Kinect Corp,0.0027,2026-05-20,2026-05-21
CALF,YELP,Yelp Inc,0.003,2026-05-20,2026-05-21
CALF,YEXT,Yext Inc,0.0004,2026-05-20,2026-05-21
CALF,ZD,Ziff Davis Inc,0.0034999999999999996,2026-05-20,2026-05-21
CALF,ZM,Zoom Communications Inc,0.024700000000000003,2026-05-20,2026-05-21
CALF,Cash&Other,Cash & Other,0.0004,2026-05-20,2026-05-21
SPMO,NVDA,NVIDIA Corp,0.093912,2026-05-20,2026-05-21
SPMO,MU,Micron Technology Inc,0.084825,2026-05-20,2026-05-21
SPMO,AVGO,Broadcom Inc,0.074341,2026-05-20,2026-05-21
SPMO,GOOGL,Alphabet Inc,0.051586,2026-05-20,2026-05-21
SPMO,JNJ,Johnson & Johnson,0.041122,2026-05-20,2026-05-21
SPMO,GOOG,Alphabet Inc,0.04091,2026-05-20,2026-05-21
SPMO,AMD,Advanced Micro Devices Inc,0.037668,2026-05-20,2026-05-21
SPMO,LRCX,Lam Research Corp,0.034061,2026-05-20,2026-05-21
SPMO,INTC,Intel Corp,0.032139,2026-05-20,2026-05-21
SPMO,XOM,Exxon Mobil Corp,0.031568,2026-05-20,2026-05-21
SPMO,CAT,Caterpillar Inc,0.027192,2026-05-20,2026-05-21
SPMO,SNDK,Sandisk Corp/DE,0.021191,2026-05-20,2026-05-21
SPMO,CSCO,Cisco Systems Inc,0.020113,2026-05-20,2026-05-21
SPMO,AMAT,Applied Materials Inc,0.01764,2026-05-20,2026-05-21
SPMO,STX,Seagate Technology Holdings PLC,0.016853,2026-05-20,2026-05-21
SPMO,WDC,Western Digital Corp,0.016044,2026-05-20,2026-05-21
SPMO,GE,General Electric Co,0.015902,2026-05-20,2026-05-21
SPMO,GEV,GE Vernova Inc,0.014744,2026-05-20,2026-05-21
SPMO,PM,Philip Morris International Inc,0.014435,2026-05-20,2026-05-21
SPMO,GS,Goldman Sachs Group Inc/The,0.014326,2026-05-20,2026-05-21
SPMO,RTX,RTX Corp,0.014252,2026-05-20,2026-05-21
SPMO,KLAC,KLA Corp,0.013888,2026-05-20,2026-05-21
SPMO,KO,Coca-Cola Co/The,0.013107,2026-05-20,2026-05-21
SPMO,PLTR,Palantir Technologies Inc,0.012766,2026-05-20,2026-05-21
SPMO,APH,Amphenol Corp,0.011271,2026-05-20,2026-05-21
SPMO,NEM,Newmont Corp,0.011237,2026-05-20,2026-05-21
SPMO,C,Citigroup Inc,0.010163,2026-05-20,2026-05-21
SPMO,GLW,Corning Inc,0.009949,2026-05-20,2026-05-21
SPMO,MS,Morgan Stanley,0.009613,2026-05-20,2026-05-21
SPMO,WELL,Welltower Inc,0.00853,2026-05-20,2026-05-21
SPMO,GILD,Gilead Sciences Inc,0.008423,2026-05-20,2026-05-21
SPMO,ADI,Analog Devices Inc,0.008225,2026-05-20,2026-05-21
SPMO,CIEN,Ciena Corp,0.00632,2026-05-20,2026-05-21
SPMO,SCHW,Charles Schwab Corp/The,0.005984,2026-05-20,2026-05-21
SPMO,HWM,Howmet Aerospace Inc,0.005841,2026-05-20,2026-05-21
SPMO,CMI,Cummins Inc,0.005509,2026-05-20,2026-05-21
SPMO,MO,Altria Group Inc,0.00524,2026-05-20,2026-05-21
SPMO,BK,Bank of New York Mellon Corp/The,0.005176,2026-05-20,2026-05-21
SPMO,LMT,Lockheed Martin Corp,0.005117,2026-05-20,2026-05-21
SPMO,PWR,Quanta Services Inc,0.005048,2026-05-20,2026-05-21
SPMO,FIX,Comfort Systems USA Inc,0.004983,2026-05-20,2026-05-21
SPMO,MCK,McKesson Corp,0.004871,2026-05-20,2026-05-21
SPMO,GD,General Dynamics Corp,0.00466,2026-05-20,2026-05-21
SPMO,MNST,Monster Beverage Corp,0.004611,2026-05-20,2026-05-21
SPMO,CME,CME Group Inc,0.004515,2026-05-20,2026-05-21
SPMO,JCI,Johnson Controls International plc,0.00449,2026-05-20,2026-05-21
SPMO,LHX,L3Harris Technologies Inc,0.004296,2026-05-20,2026-05-21
SPMO,PH,Parker-Hannifin Corp,0.0042,2026-05-20,2026-05-21
SPMO,FCX,Freeport-McMoRan Inc,0.003984,2026-05-20,2026-05-21
SPMO,GM,General Motors Co,0.003907,2026-05-20,2026-05-21
SPMO,NOC,Northrop Grumman Corp,0.003572,2026-05-20,2026-05-21
SPMO,WMB,Williams Cos Inc/The,0.003544,2026-05-20,2026-05-21
SPMO,CAH,Cardinal Health Inc,0.003454,2026-05-20,2026-05-21
SPMO,MPWR,Monolithic Power Systems Inc,0.003355,2026-05-20,2026-05-21
SPMO,HCA,HCA Healthcare Inc,0.003315,2026-05-20,2026-05-21
SPMO,AEP,American Electric Power Co Inc,0.003181,2026-05-20,2026-05-21
SPMO,TEL,TE Connectivity PLC,0.003051,2026-05-20,2026-05-21
SPMO,TER,Teradyne Inc,0.002932,2026-05-20,2026-05-21
SPMO,COR,Cencora Inc,0.0029,2026-05-20,2026-05-21
SPMO,HOOD,Robinhood Markets Inc,0.002506,2026-05-20,2026-05-21
SPMO,ROK,Rockwell Automation Inc,0.002448,2026-05-20,2026-05-21
SPMO,F,Ford Motor Co,0.002414,2026-05-20,2026-05-21
SPMO,EBAY,eBay Inc,0.002024,2026-05-20,2026-05-21
SPMO,VTR,Ventas Inc,0.001994,2026-05-20,2026-05-21
SPMO,IDXX,IDEXX Laboratories Inc,0.00194,2026-05-20,2026-05-21
SPMO,ETR,Entergy Corp,0.001939,2026-05-20,2026-05-21
SPMO,EME,EMCOR Group Inc,0.001812,2026-05-20,2026-05-21
SPMO,CBOE,Cboe Global Markets Inc,0.001745,2026-05-20,2026-05-21
SPMO,STT,State Street Corp,0.001731,2026-05-20,2026-05-21
SPMO,DG,Dollar General Corp,0.001675,2026-05-20,2026-05-21
SPMO,ADM,Archer-Daniels-Midland Co,0.001583,2026-05-20,2026-05-21
SPMO,CHRW,CH Robinson Worldwide Inc,0.001538,2026-05-20,2026-05-21
SPMO,JBL,Jabil Inc,0.001459,2026-05-20,2026-05-21
SPMO,TPR,Tapestry Inc,0.00145,2026-05-20,2026-05-21
SPMO,CNP,CenterPoint Energy Inc,0.001326,2026-05-20,2026-05-21
SPMO,WEC,WEC Energy Group Inc,0.001324,2026-05-20,2026-05-21
SPMO,NTRS,Northern Trust Corp,0.001304,2026-05-20,2026-05-21
SPMO,HSY,Hershey Co/The,0.001218,2026-05-20,2026-05-21
SPMO,ATO,Atmos Energy Corp,0.001189,2026-05-20,2026-05-21
SPMO,ULTA,Ulta Beauty Inc,0.00104,2026-05-20,2026-05-21
SPMO,ALB,Albemarle Corp,0.001038,2026-05-20,2026-05-21
SPMO,NRG,NRG Energy Inc,0.00103,2026-05-20,2026-05-21
SPMO,HII,Huntington Ingalls Industries Inc,0.001025,2026-05-20,2026-05-21
SPMO,EXPD,Expeditors International of Washington Inc,0.000999,2026-05-20,2026-05-21
SPMO,FE,FirstEnergy Corp,0.000999,2026-05-20,2026-05-21
SPMO,EVRG,Evergy Inc,0.000908,2026-05-20,2026-05-21
SPMO,NI,NiSource Inc,0.000897,2026-05-20,2026-05-21
SPMO,BG,Bunge Global SA,0.000828,2026-05-20,2026-05-21
SPMO,DLTR,Dollar Tree Inc,0.000784,2026-05-20,2026-05-21
SPMO,L,Loews Corp,0.000783,2026-05-20,2026-05-21
SPMO,LDOS,Leidos Holdings Inc,0.000704,2026-05-20,2026-05-21
SPMO,ROL,Rollins Inc,0.000704,2026-05-20,2026-05-21
SPMO,HAS,Hasbro Inc,0.000609,2026-05-20,2026-05-21
SPMO,FOXA,Fox Corp,0.000609,2026-05-20,2026-05-21
SPMO,IVZ,Invesco Ltd,0.000498,2026-05-20,2026-05-21
SPMO,RL,Ralph Lauren Corp,0.000494,2026-05-20,2026-05-21
SPMO,TKO,TKO Group Holdings Inc,0.000466,2026-05-20,2026-05-21
SPMO,FOX,Fox Corp,0.000344,2026-05-20,2026-05-21
SPMO,LUV,Southwest Airlines Co,0.000205,2026-05-20,2026-05-21
CSD,GEHC,GE HealthCare Technologies Inc,0.077961,2026-05-20,2026-05-21
CSD,SOLS,Solstice Advanced Materials Inc,0.077153,2026-05-20,2026-05-21
CSD,Q,Qnity Electronics Inc,0.076701,2026-05-20,2026-05-21
CSD,VLTO,Veralto Corp,0.074302,2026-05-20,2026-05-21
CSD,SNDK,Sandisk Corp/DE,0.073968,2026-05-20,2026-05-21
CSD,GEV,GE Vernova Inc,0.068579,2026-05-20,2026-05-21
CSD,RAL,Ralliant Corp,0.057009,2026-05-20,2026-05-21
CSD,SOLV,Solventum Corp,0.048192,2026-05-20,2026-05-21
CSD,VSNT,Versant Media Group Inc,0.045936,2026-05-20,2026-05-21
CSD,LLYVK,Liberty Live Holdings Inc,0.045275,2026-05-20,2026-05-21
CSD,CR,Crane Co,0.04291,2026-05-20,2026-05-21
CSD,ECG,Everus Construction Group Inc,0.039519,2026-05-20,2026-05-21
CSD,KNF,Knife River Corp,0.036103,2026-05-20,2026-05-21
CSD,UHAL/B,U-Haul Holding Co,0.03437,2026-05-20,2026-05-21
CSD,MRP,Millrose Properties Inc,0.031686,2026-05-20,2026-05-21
CSD,RXO,RXO Inc,0.029095,2026-05-20,2026-05-21
CSD,AMTM,Amentum Holdings Inc,0.025691,2026-05-20,2026-05-21
CSD,NATL,NCR Atleos Corp,0.024802,2026-05-20,2026-05-21
CSD,VGNT,Versigent PLC,0.022442,2026-05-20,2026-05-21
CSD,PHIN,Phinia Inc,0.020996,2026-05-20,2026-05-21
CSD,CURB,Curbline Properties Corp,0.020462,2026-05-20,2026-05-21
CSD,VSTS,Vestis Corp,0.009749,2026-05-20,2026-05-21
CSD,FTRE,Fortrea Holdings Inc,0.009406,2026-05-20,2026-05-21
CSD,MBC,Masterbrand Inc,0.006707,2026-05-20,2026-05-21
XSMO,VSAT,Viasat Inc,0.040593,2026-05-20,2026-05-21
XSMO,VIAV,Viavi Solutions Inc,0.037503,2026-05-20,2026-05-21
XSMO,SANM,Sanmina Corp,0.027338,2026-05-20,2026-05-21
XSMO,ESE,ESCO Technologies Inc,0.025188,2026-05-20,2026-05-21
XSMO,KRYS,Krystal Biotech Inc,0.022551,2026-05-20,2026-05-21
XSMO,FORM,FormFactor Inc,0.021107,2026-05-20,2026-05-21
XSMO,POWL,Powell Industries Inc,0.020643,2026-05-20,2026-05-21
XSMO,BTSG,BrightSpring Health Services Inc,0.020493,2026-05-20,2026-05-21
XSMO,SNEX,StoneX Group Inc,0.019243,2026-05-20,2026-05-21
XSMO,MYRG,MYR Group Inc,0.019181,2026-05-20,2026-05-21
XSMO,MRCY,Mercury Systems Inc,0.019177,2026-05-20,2026-05-21
XSMO,INDV,Indivior Pharmaceuticals Inc,0.018634,2026-05-20,2026-05-21
XSMO,PRIM,Primoris Services Corp,0.018622,2026-05-20,2026-05-21
XSMO,LUMN,Lumen Technologies Inc,0.01838,2026-05-20,2026-05-21
XSMO,PTGX,Protagonist Therapeutics Inc,0.017111,2026-05-20,2026-05-21
XSMO,GVA,Granite Construction Inc,0.015099,2026-05-20,2026-05-21
XSMO,ACMR,ACM Research Inc,0.014704,2026-05-20,2026-05-21
XSMO,PLXS,Plexus Corp,0.014372,2026-05-20,2026-05-21
XSMO,MSGS,Madison Square Garden Sports Corp,0.014034,2026-05-20,2026-05-21
XSMO,PSMT,PriceSmart Inc,0.013945,2026-05-20,2026-05-21
XSMO,PTCT,PTC Therapeutics Inc,0.013519,2026-05-20,2026-05-21
XSMO,LGND,Ligand Pharmaceuticals Inc,0.012842,2026-05-20,2026-05-21
XSMO,AWI,Armstrong World Industries Inc,0.01272,2026-05-20,2026-05-21
XSMO,DAN,Dana Inc,0.011873,2026-05-20,2026-05-21
XSMO,AX,Axos Financial Inc,0.011515,2026-05-20,2026-05-21
XSMO,NPO,Enpro Inc,0.011077,2026-05-20,2026-05-21
XSMO,MCY,Mercury General Corp,0.010865,2026-05-20,2026-05-21
XSMO,YOU,Clear Secure Inc,0.010747,2026-05-20,2026-05-21
XSMO,CENX,Century Aluminum Co,0.010695,2026-05-20,2026-05-21
XSMO,AIR,AAR Corp,0.010635,2026-05-20,2026-05-21
XSMO,PARR,Par Pacific Holdings Inc,0.010605,2026-05-20,2026-05-21
XSMO,HCC,Warrior Met Coal Inc,0.010572,2026-05-20,2026-05-21
XSMO,AZZ,AZZ Inc,0.010355,2026-05-20,2026-05-21
XSMO,OUT,Outfront Media Inc,0.010071,2026-05-20,2026-05-21
XSMO,IBP,Installed Building Products Inc,0.009973,2026-05-20,2026-05-21
XSMO,ABCB,Ameris Bancorp,0.009892,2026-05-20,2026-05-21
XSMO,INSW,International Seaways Inc,0.009678,2026-05-20,2026-05-21
XSMO,HASI,HA Sustainable Infrastructure Capital Inc,0.009481,2026-05-20,2026-05-21
XSMO,MIR,Mirion Technologies Inc,0.009443,2026-05-20,2026-05-21
XSMO,SXT,Sensient Technologies Corp,0.009231,2026-05-20,2026-05-21
XSMO,OPLN,OPENLANE Inc,0.009178,2026-05-20,2026-05-21
XSMO,MRP,Millrose Properties Inc,0.009053,2026-05-20,2026-05-21
XSMO,ENVA,Enova International Inc,0.00891,2026-05-20,2026-05-21
XSMO,CWEN,Clearway Energy Inc,0.008899,2026-05-20,2026-05-21
XSMO,KALU,Kaiser Aluminum Corp,0.008378,2026-05-20,2026-05-21
XSMO,AMTM,Amentum Holdings Inc,0.008371,2026-05-20,2026-05-21
XSMO,MTRN,Materion Corp,0.008187,2026-05-20,2026-05-21
XSMO,MDU,MDU Resources Group Inc,0.00798,2026-05-20,2026-05-21
XSMO,SEDG,SolarEdge Technologies Inc,0.007938,2026-05-20,2026-05-21
XSMO,REZI,Resideo Technologies Inc,0.007845,2026-05-20,2026-05-21
XSMO,BTU,Peabody Energy Corp,0.007685,2026-05-20,2026-05-21
XSMO,AAMI,Acadian Asset Management Inc,0.007462,2026-05-20,2026-05-21
XSMO,EZPW,EZCORP Inc,0.007452,2026-05-20,2026-05-21
XSMO,TDS,Telephone and Data Systems Inc,0.007343,2026-05-20,2026-05-21
XSMO,HE,Hawaiian Electric Industries Inc,0.00721,2026-05-20,2026-05-21
XSMO,WT,WisdomTree Inc,0.007173,2026-05-20,2026-05-21
XSMO,AVA,Avista Corp,0.007132,2026-05-20,2026-05-21
XSMO,SIG,Signet Jewelers Ltd,0.006951,2026-05-20,2026-05-21
XSMO,TMDX,TransMedics Group Inc,0.006763,2026-05-20,2026-05-21
XSMO,AMRX,Amneal Pharmaceuticals Inc,0.006716,2026-05-20,2026-05-21
XSMO,NHC,National HealthCare Corp,0.006627,2026-05-20,2026-05-21
XSMO,PHIN,Phinia Inc,0.006607,2026-05-20,2026-05-21
XSMO,GOLF,Acushnet Holdings Corp,0.006567,2026-05-20,2026-05-21
XSMO,LXP,LXP Industrial Trust,0.006514,2026-05-20,2026-05-21
XSMO,RUN,Sunrun Inc,0.006353,2026-05-20,2026-05-21
XSMO,KMT,Kennametal Inc,0.0063,2026-05-20,2026-05-21
XSMO,LCII,LCI Industries,0.006259,2026-05-20,2026-05-21
XSMO,JOE,St Joe Co/The,0.006171,2026-05-20,2026-05-21
XSMO,PATK,Patrick Industries Inc,0.005995,2026-05-20,2026-05-21
XSMO,ANDE,Andersons Inc/The,0.005939,2026-05-20,2026-05-21
XSMO,SPNT,SiriusPoint Ltd,0.005895,2026-05-20,2026-05-21
XSMO,SXI,Standex International Corp,0.005652,2026-05-20,2026-05-21
XSMO,GNL,Global Net Lease Inc,0.005427,2026-05-20,2026-05-21
XSMO,FBNC,First Bancorp/Southern Pines NC,0.005398,2026-05-20,2026-05-21
XSMO,EYE,National Vision Holdings Inc,0.005303,2026-05-20,2026-05-21
XSMO,OSIS,OSI Systems Inc,0.005223,2026-05-20,2026-05-21
XSMO,CALY,Callaway Golf Co,0.005149,2026-05-20,2026-05-21
XSMO,BXMT,Blackstone Mortgage Trust Inc,0.004911,2026-05-20,2026-05-21
XSMO,CUBI,Customers Bancorp Inc,0.004858,2026-05-20,2026-05-21
XSMO,RRR,Red Rock Resorts Inc,0.004855,2026-05-20,2026-05-21
XSMO,NWN,Northwest Natural Holding Co,0.004626,2026-05-20,2026-05-21
XSMO,REX,REX American Resources Corp,0.004526,2026-05-20,2026-05-21
XSMO,NGVT,Ingevity Corp,0.004481,2026-05-20,2026-05-21
XSMO,DGII,Digi International Inc,0.004353,2026-05-20,2026-05-21
XSMO,RCUS,Arcus Biosciences Inc,0.003966,2026-05-20,2026-05-21
XSMO,MD,Pediatrix Medical Group Inc,0.003919,2026-05-20,2026-05-21
XSMO,HCSG,Healthcare Services Group Inc,0.00379,2026-05-20,2026-05-21
XSMO,HMN,Horace Mann Educators Corp,0.003567,2026-05-20,2026-05-21
XSMO,ARI,Apollo Commercial Real Estate Finance Inc,0.003548,2026-05-20,2026-05-21
XSMO,HTH,Hilltop Holdings Inc,0.003387,2026-05-20,2026-05-21
XSMO,HCI,HCI Group Inc,0.003282,2026-05-20,2026-05-21
XSMO,WOR,Worthington Enterprises Inc,0.003197,2026-05-20,2026-05-21
XSMO,ANIP,ANI Pharmaceuticals Inc,0.002993,2026-05-20,2026-05-21
XSMO,UFCS,United Fire Group Inc,0.002831,2026-05-20,2026-05-21
XSMO,EFC,Ellington Financial Inc,0.002784,2026-05-20,2026-05-21
XSMO,TILE,Interface Inc,0.002766,2026-05-20,2026-05-21
XSMO,INVX,Innovex International Inc,0.002759,2026-05-20,2026-05-21
XSMO,DCH,Dauch Corporation,0.002737,2026-05-20,2026-05-21
XSMO,FDP,Fresh Del Monte Produce Inc,0.002663,2026-05-20,2026-05-21
XSMO,SCHL,Scholastic Corp,0.002609,2026-05-20,2026-05-21
XSMO,WS,Worthington Steel Inc,0.002438,2026-05-20,2026-05-21
XSMO,ACT,Enact Holdings Inc,0.002438,2026-05-20,2026-05-21
XSMO,TRST,TrustCo Bank Corp NY,0.002385,2026-05-20,2026-05-21
XSMO,COLL,Collegium Pharmaceutical Inc,0.002363,2026-05-20,2026-05-21
XSMO,ASTE,Astec Industries Inc,0.002334,2026-05-20,2026-05-21
XSMO,PAHC,Phibro Animal Health Corp,0.002008,2026-05-20,2026-05-21
XSMO,CFFN,Capitol Federal Financial Inc,0.001984,2026-05-20,2026-05-21
XSMO,ADAM,Adamas Trust Inc,0.001964,2026-05-20,2026-05-21
XSMO,TR,Tootsie Roll Industries Inc,0.001669,2026-05-20,2026-05-21
XSMO,AORT,Artivion Inc,0.001653,2026-05-20,2026-05-21
XSMO,NPK,National Presto Industries Inc,0.001605,2026-05-20,2026-05-21
XSMO,SMP,Standard Motor Products Inc,0.001558,2026-05-20,2026-05-21
XMMO,CW,Curtiss-Wright Corp,0.03887,2026-05-20,2026-05-21
XMMO,FLEX,Flex Ltd,0.036189,2026-05-20,2026-05-21
XMMO,FTI,TechnipFMC PLC,0.033903,2026-05-20,2026-05-21
XMMO,STRL,Sterling Infrastructure Inc,0.031001,2026-05-20,2026-05-21
XMMO,TTMI,TTM Technologies Inc,0.027549,2026-05-20,2026-05-21
XMMO,FN,Fabrinet,0.027311,2026-05-20,2026-05-21
XMMO,NVT,nVent Electric PLC,0.025896,2026-05-20,2026-05-21
XMMO,ATI,ATI Inc,0.025651,2026-05-20,2026-05-21
XMMO,WWD,Woodward Inc,0.024981,2026-05-20,2026-05-21
XMMO,RGLD,Royal Gold Inc,0.02447,2026-05-20,2026-05-21
XMMO,NXT,Nextpower Inc,0.022975,2026-05-20,2026-05-21
XMMO,MTZ,MasTec Inc,0.021724,2026-05-20,2026-05-21
XMMO,ROIV,Roivant Sciences Ltd,0.021472,2026-05-20,2026-05-21
XMMO,MKSI,MKS Inc,0.02074,2026-05-20,2026-05-21
XMMO,MLI,Mueller Industries Inc,0.020655,2026-05-20,2026-05-21
XMMO,BWXT,BWX Technologies Inc,0.020437,2026-05-20,2026-05-21
XMMO,MTSI,MACOM Technology Solutions Holdings Inc,0.019597,2026-05-20,2026-05-21
XMMO,APG,API Group Corp,0.018366,2026-05-20,2026-05-21
XMMO,HL,Hecla Mining Co,0.018121,2026-05-20,2026-05-21
XMMO,ARWR,Arrowhead Pharmaceuticals Inc,0.017005,2026-05-20,2026-05-21
XMMO,CRS,Carpenter Technology Corp,0.016896,2026-05-20,2026-05-21
XMMO,RBC,RBC Bearings Inc,0.016657,2026-05-20,2026-05-21
XMMO,KTOS,Kratos Defense & Security Solutions Inc,0.016222,2026-05-20,2026-05-21
XMMO,WPC,WP Carey Inc,0.016212,2026-05-20,2026-05-21
XMMO,DY,Dycom Industries Inc,0.015699,2026-05-20,2026-05-21
XMMO,RBA,RB Global Inc,0.01483,2026-05-20,2026-05-21
XMMO,AEIS,Advanced Energy Industries Inc,0.014702,2026-05-20,2026-05-21
XMMO,WCC,WESCO International Inc,0.014416,2026-05-20,2026-05-21
XMMO,AHR,American Healthcare REIT Inc,0.012934,2026-05-20,2026-05-21
XMMO,FIVE,Five Below Inc,0.012661,2026-05-20,2026-05-21
XMMO,ORA,Ormat Technologies Inc,0.012622,2026-05-20,2026-05-21
XMMO,BWA,BorgWarner Inc,0.012613,2026-05-20,2026-05-21
XMMO,NLY,Annaly Capital Management Inc,0.012549,2026-05-20,2026-05-21
XMMO,AA,Alcoa Corp,0.012437,2026-05-20,2026-05-21
XMMO,OHI,Omega Healthcare Investors Inc,0.011909,2026-05-20,2026-05-21
XMMO,RMBS,Rambus Inc,0.01148,2026-05-20,2026-05-21
XMMO,ELAN,Elanco Animal Health Inc,0.011431,2026-05-20,2026-05-21
XMMO,CACI,CACI International Inc,0.011312,2026-05-20,2026-05-21
XMMO,DTM,DT Midstream Inc,0.011223,2026-05-20,2026-05-21
XMMO,SGI,Somnigroup International Inc,0.010702,2026-05-20,2026-05-21
XMMO,TLN,Talen Energy Corp,0.010602,2026-05-20,2026-05-21
XMMO,LECO,Lincoln Electric Holdings Inc,0.01055,2026-05-20,2026-05-21
XMMO,ENS,EnerSys,0.010309,2026-05-20,2026-05-21
XMMO,AMG,Affiliated Managers Group Inc,0.010035,2026-05-20,2026-05-21
XMMO,FCFS,FirstCash Holdings Inc,0.010032,2026-05-20,2026-05-21
XMMO,DCI,Donaldson Co Inc,0.00992,2026-05-20,2026-05-21
XMMO,NYT,New York Times Co/The,0.009766,2026-05-20,2026-05-21
XMMO,DINO,HF Sinclair Corp,0.009333,2026-05-20,2026-05-21
XMMO,PEN,Penumbra Inc,0.007911,2026-05-20,2026-05-21
XMMO,WTS,Watts Water Technologies Inc,0.007728,2026-05-20,2026-05-21
XMMO,UGI,UGI Corp,0.007616,2026-05-20,2026-05-21
XMMO,MP,MP Materials Corp,0.007552,2026-05-20,2026-05-21
XMMO,CMC,Commercial Metals Co,0.007467,2026-05-20,2026-05-21
XMMO,SPXC,SPX Technologies Inc,0.007397,2026-05-20,2026-05-21
XMMO,AMKR,Amkor Technology Inc,0.007321,2026-05-20,2026-05-21
XMMO,VMI,Valmont Industries Inc,0.006825,2026-05-20,2026-05-21
XMMO,IDA,IDACORP Inc,0.006771,2026-05-20,2026-05-21
XMMO,MEDP,Medpace Holdings Inc,0.006555,2026-05-20,2026-05-21
XMMO,NFG,National Fuel Gas Co,0.005713,2026-05-20,2026-05-21
XMMO,ALV,Autoliv Inc,0.005552,2026-05-20,2026-05-21
XMMO,WFRD,Weatherford International PLC,0.005351,2026-05-20,2026-05-21
XMMO,BKH,Black Hills Corp,0.005195,2026-05-20,2026-05-21
XMMO,TXNM,TXNM Energy Inc,0.005088,2026-05-20,2026-05-21
XMMO,POR,Portland General Electric Co,0.004985,2026-05-20,2026-05-21
XMMO,AM,Antero Midstream Corp,0.004911,2026-05-20,2026-05-21
XMMO,NEU,NewMarket Corp,0.004631,2026-05-20,2026-05-21
XMMO,CELH,Celsius Holdings Inc,0.004525,2026-05-20,2026-05-21
XMMO,NXST,Nexstar Media Group Inc,0.00446,2026-05-20,2026-05-21
XMMO,SR,Spire Inc,0.004318,2026-05-20,2026-05-21
XMMO,CNX,CNX Resources Corp,0.004287,2026-05-20,2026-05-21
XMMO,FHI,Federated Hermes Inc,0.003855,2026-05-20,2026-05-21
XMMO,SBRA,Sabra Health Care REIT Inc,0.003621,2026-05-20,2026-05-21
XMMO,BCO,Brink's Co/The,0.003438,2026-05-20,2026-05-21
XMMO,AVAV,AeroVironment Inc,0.00325,2026-05-20,2026-05-21
XMMO,EPR,EPR Properties,0.003208,2026-05-20,2026-05-21
XMMO,TNL,Travel + Leisure Co,0.002619,2026-05-20,2026-05-21
PIE,2345,Accton Technology Corp,0.041124,2026-05-20,2026-05-21
PIE,6196,Marketech International Corp,0.032031,2026-05-20,2026-05-21
PIE,6257,Sigurd Microelectronics Corp,0.031449,2026-05-20,2026-05-21
PIE,2330,Taiwan Semiconductor Manufacturing Co Ltd,0.029813,2026-05-20,2026-05-21
PIE,2404,United Integrated Services Co Ltd,0.029275,2026-05-20,2026-05-21
PIE,5434,Topco Scientific Co Ltd,0.028903,2026-05-20,2026-05-21
PIE,TISCO-R,Tisco Financial Group PCL,0.022516,2026-05-20,2026-05-21
PIE,6691,Yankey Engineering Co Ltd,0.021124,2026-05-20,2026-05-21
PIE,6515,WinWay Technology Co Ltd,0.019547,2026-05-20,2026-05-21
PIE,ASELS,Aselsan Elektronik Sanayi Ve Ticaret AS,0.018878,2026-05-20,2026-05-21
PIE,3044,Tripod Technology Corp,0.018557,2026-05-20,2026-05-21
PIE,GENTERA*,Gentera SAB de CV,0.01837,2026-05-20,2026-05-21
PIE,2408,Nanya Technology Corp,0.017184,2026-05-20,2026-05-21
PIE,3037,Unimicron Technology Corp,0.017098,2026-05-20,2026-05-21
PIE,2383,Elite Material Co Ltd,0.016886,2026-05-20,2026-05-21
PIE,8112,Supreme Electronics Co Ltd,0.016658,2026-05-20,2026-05-21
PIE,2276,Shanghai Conant Optical Co Ltd,0.014858,2026-05-20,2026-05-21
PIE,3665,Bizlink Holding Inc,0.014612,2026-05-20,2026-05-21
PIE,8046,Nan Ya Printed Circuit Board Corp,0.013504,2026-05-20,2026-05-21
PIE,2344,Winbond Electronics Corp,0.013308,2026-05-20,2026-05-21
PIE,6944,Mega Union Technology Inc,0.013282,2026-05-20,2026-05-21
PIE,1898,China Coal Energy Co Ltd,0.013224,2026-05-20,2026-05-21
PIE,2360,Chroma ATE Inc,0.012906,2026-05-20,2026-05-21
PIE,1681,Consun Pharmaceutical Group Ltd,0.012894,2026-05-20,2026-05-21
PIE,2337,Macronix International Co Ltd,0.012875,2026-05-20,2026-05-21
PIE,2616,CStone Pharmaceuticals,0.01257,2026-05-20,2026-05-21
PIE,3711,ASE Technology Holding Co Ltd,0.012425,2026-05-20,2026-05-21
PIE,1088,China Shenhua Energy Co Ltd,0.011727,2026-05-20,2026-05-21
PIE,2368,Gold Circuit Electronics Ltd,0.011665,2026-05-20,2026-05-21
PIE,857,PetroChina Co Ltd,0.011329,2026-05-20,2026-05-21
PIE,VKE,Vukile Property Fund Ltd,0.011284,2026-05-20,2026-05-21
PIE,ICT,International Container Terminal Services Inc,0.011153,2026-05-20,2026-05-21
PIE,3189,Kinsus Interconnect Technology Corp,0.011103,2026-05-20,2026-05-21
PIE,2327,Yageo Corp,0.010468,2026-05-20,2026-05-21
PIE,DIRR3,Direcional Engenharia SA,0.009787,2026-05-20,2026-05-21
PIE,3017,Asia Vital Components Co Ltd,0.009201,2026-05-20,2026-05-21
PIE,2308,Delta Electronics Inc,0.008935,2026-05-20,2026-05-21
PIE,GMEXICOB,Grupo Mexico SAB de CV,0.008719,2026-05-20,2026-05-21
PIE,3443,Global Unichip Corp,0.008479,2026-05-20,2026-05-21
PIE,6531,AP Memory Technology Corp,0.008447,2026-05-20,2026-05-21
PIE,1378,China Hongqiao Group Ltd,0.008247,2026-05-20,2026-05-21
PIE,2313,Compeq Manufacturing Co Ltd,0.007895,2026-05-20,2026-05-21
PIE,OTP,OTP Bank Nyrt,0.007819,2026-05-20,2026-05-21
PIE,2486,I-Chiun Precision Industry Co Ltd,0.007632,2026-05-20,2026-05-21
PIE,1072,Dongfang Electric Corp Ltd,0.007575,2026-05-20,2026-05-21
PIE,2890,SinoPac Financial Holdings Co Ltd,0.007408,2026-05-20,2026-05-21
PIE,SBSP3,Cia de Saneamento Basico do Estado de Sao Paulo SABESP,0.007312,2026-05-20,2026-05-21
PIE,8996,Kaori Heat Treatment Co Ltd,0.007309,2026-05-20,2026-05-21
PIE,2451,Transcend Information Inc,0.007268,2026-05-20,2026-05-21
PIE,2338,Weichai Power Co Ltd,0.007055,2026-05-20,2026-05-21
PIE,2885,Yuanta Financial Holding Co Ltd,0.006991,2026-05-20,2026-05-21
PIE,2855,President Securities Corp,0.006876,2026-05-20,2026-05-21
PIE,598,Sinotrans Ltd,0.006835,2026-05-20,2026-05-21
PIE,6770,Powerchip Semiconductor Manufacturing Corp,0.006739,2026-05-20,2026-05-21
PIE,2059,King Slide Works Co Ltd,0.006664,2026-05-20,2026-05-21
PIE,6805,Fositek Corp,0.00653,2026-05-20,2026-05-21
PIE,3030,Test Research Inc,0.006394,2026-05-20,2026-05-21
PIE,3006,Elite Semiconductor Microelectronics Technology Inc,0.006367,2026-05-20,2026-05-21
PIE,3808,Sinotruk Hong Kong Ltd,0.006341,2026-05-20,2026-05-21
PIE,BAP,Credicorp Ltd,0.006214,2026-05-20,2026-05-21
PIE,SWB,Sunway Bhd,0.006193,2026-05-20,2026-05-21
PIE,KST,PSG Financial Services Ltd,0.0061,2026-05-20,2026-05-21
PIE,KPJ,KPJ Healthcare Bhd,0.005828,2026-05-20,2026-05-21
PIE,KTB-R,Krung Thai Bank PCL,0.005793,2026-05-20,2026-05-21
PIE,8150,ChipMOS Technologies Inc,0.005775,2026-05-20,2026-05-21
PIE,2887,TS Financial Holding Co Ltd,0.005753,2026-05-20,2026-05-21
PIE,2891,CTBC Financial Holding Co Ltd,0.005724,2026-05-20,2026-05-21
PIE,SOL,Sasol Ltd,0.005649,2026-05-20,2026-05-21
PIE,RES,Resilient REIT Ltd,0.005533,2026-05-20,2026-05-21
PIE,3036,WT Microelectronics Co Ltd,0.0054,2026-05-20,2026-05-21
PIE,TCAP-R,Thanachart Capital PCL,0.005363,2026-05-20,2026-05-21
PIE,FIBRAPL,Prologis Property Mexico SA de CV,0.005344,2026-05-20,2026-05-21
PIE,UGPA3,Ultrapar Participacoes SA,0.005271,2026-05-20,2026-05-21
PIE,FUNO11,Fibra Uno Administracion SA de CV,0.005166,2026-05-20,2026-05-21
PIE,CPI,Capitec Bank Holdings Ltd,0.005149,2026-05-20,2026-05-21
PIE,MTM,Momentum Group Ltd,0.005148,2026-05-20,2026-05-21
PIE,2449,King Yuan Electronics Co Ltd,0.00513,2026-05-20,2026-05-21
PIE,1138,COSCO SHIPPING Energy Transportation Co Ltd,0.005114,2026-05-20,2026-05-21
PIE,ITUB4,Itau Unibanco Holding SA,0.005058,2026-05-20,2026-05-21
PIE,2628,China Life Insurance Co Ltd,0.004987,2026-05-20,2026-05-21
PIE,MTN,MTN Group Ltd,0.004985,2026-05-20,2026-05-21
PIE,CSMG3,COPASA,0.004981,2026-05-20,2026-05-21
PIE,3653,Jentech Precision Industrial Co Ltd,0.004972,2026-05-20,2026-05-21
PIE,2208,Goldwind Science & Technology Co Ltd,0.004948,2026-05-20,2026-05-21
PIE,2880,Hua Nan Financial Holdings Co Ltd,0.004942,2026-05-20,2026-05-21
PIE,1303,Nan Ya Plastics Corp,0.004904,2026-05-20,2026-05-21
PIE,KBANK-R,Kasikornbank PCL,0.004898,2026-05-20,2026-05-21
PIE,T,Telekom Malaysia Bhd,0.004862,2026-05-20,2026-05-21
PIE,2367,Unitech Printed Circuit Board Corp,0.004839,2026-05-20,2026-05-21
PIE,AMM,AMMB Holdings Bhd,0.004793,2026-05-20,2026-05-21
PIE,3576,United Renewable Energy Co Ltd/Taiwan,0.004653,2026-05-20,2026-05-21
PIE,ABMB,Alliance Bank Malaysia Bhd,0.004574,2026-05-20,2026-05-21
PIE,RHBBANK,RHB Bank Bhd,0.004533,2026-05-20,2026-05-21
PIE,1157,Zoomlion Heavy Industry Science and Technology Co Ltd,0.0043,2026-05-20,2026-05-21
PIE,VIVT3,Telefonica Brasil SA,0.004299,2026-05-20,2026-05-21
PIE,631,Sany Heavy Equipment International Holdings Co Ltd,0.004054,2026-05-20,2026-05-21
PIE,1519,Fortune Electric Co Ltd,0.003973,2026-05-20,2026-05-21
PIE,TGA,Thungela Resources Ltd,0.003722,2026-05-20,2026-05-21
PIE,2419,Dekon Food And Agriculture Group,0.003327,2026-05-20,2026-05-21
PIE,MDKA,Merdeka Copper Gold Tbk PT,0.003213,2026-05-20,2026-05-21
PIE,TWD,CASH & EQUIVALENTS,0.000372,2026-05-20,2026-05-21
PIE,HKD,CASH & EQUIVALENTS,5e-06,2026-05-20,2026-05-21
PIE,THB,CASH & EQUIVALENTS,3e-06,2026-05-20,2026-05-21
PIE,HUF,CASH & EQUIVALENTS,0.0,2026-05-20,2026-05-21
PIE,BRL,CASH & EQUIVALENTS,0.0,2026-05-20,2026-05-21
SPHQ,COST,Costco Wholesale Corp,0.049712,2026-05-20,2026-05-21
SPHQ,AAPL,Apple Inc,0.04892,2026-05-20,2026-05-21
SPHQ,V,Visa Inc,0.045905,2026-05-20,2026-05-21
SPHQ,LRCX,Lam Research Corp,0.045208,2026-05-20,2026-05-21
SPHQ,CSCO,Cisco Systems Inc,0.043134,2026-05-20,2026-05-21
SPHQ,GE,General Electric Co,0.041991,2026-05-20,2026-05-21
SPHQ,MA,Mastercard Inc,0.041708,2026-05-20,2026-05-21
SPHQ,CAT,Caterpillar Inc,0.03613,2026-05-20,2026-05-21
SPHQ,KO,Coca-Cola Co/The,0.033681,2026-05-20,2026-05-21
SPHQ,KLAC,KLA Corp,0.033365,2026-05-20,2026-05-21
SPHQ,PG,Procter & Gamble Co/The,0.032685,2026-05-20,2026-05-21
SPHQ,AMAT,Applied Materials Inc,0.029504,2026-05-20,2026-05-21
SPHQ,GEV,GE Vernova Inc,0.029031,2026-05-20,2026-05-21
SPHQ,MRK,Merck & Co Inc,0.028947,2026-05-20,2026-05-21
SPHQ,QCOM,QUALCOMM Inc,0.022308,2026-05-20,2026-05-21
SPHQ,WDC,Western Digital Corp,0.022178,2026-05-20,2026-05-21
SPHQ,GILD,Gilead Sciences Inc,0.022121,2026-05-20,2026-05-21
SPHQ,TJX,TJX Cos Inc/The,0.017744,2026-05-20,2026-05-21
SPHQ,APP,AppLovin Corp,0.016413,2026-05-20,2026-05-21
SPHQ,ADBE,Adobe Inc,0.01448,2026-05-20,2026-05-21
SPHQ,ETN,Eaton Corp PLC,0.0141,2026-05-20,2026-05-21
SPHQ,PGR,Progressive Corp/The,0.013782,2026-05-20,2026-05-21
SPHQ,FTNT,Fortinet Inc,0.012827,2026-05-20,2026-05-21
SPHQ,MMM,3M Co,0.011639,2026-05-20,2026-05-21
SPHQ,TT,Trane Technologies PLC,0.011568,2026-05-20,2026-05-21
SPHQ,NEM,Newmont Corp,0.011461,2026-05-20,2026-05-21
SPHQ,ACN,Accenture PLC,0.010184,2026-05-20,2026-05-21
SPHQ,PH,Parker-Hannifin Corp,0.010004,2026-05-20,2026-05-21
SPHQ,JCI,Johnson Controls International plc,0.009675,2026-05-20,2026-05-21
SPHQ,MNST,Monster Beverage Corp,0.009052,2026-05-20,2026-05-21
SPHQ,ITW,Illinois Tool Works Inc,0.008926,2026-05-20,2026-05-21
SPHQ,CEG,Constellation Energy Corp,0.008687,2026-05-20,2026-05-21
SPHQ,MCO,Moody's Corp,0.008084,2026-05-20,2026-05-21
SPHQ,MDLZ,Mondelez International Inc,0.007807,2026-05-20,2026-05-21
SPHQ,UPS,United Parcel Service Inc,0.007649,2026-05-20,2026-05-21
SPHQ,EBAY,eBay Inc,0.007357,2026-05-20,2026-05-21
SPHQ,CL,Colgate-Palmolive Co,0.007331,2026-05-20,2026-05-21
SPHQ,ALL,Allstate Corp/The,0.007002,2026-05-20,2026-05-21
SPHQ,EOG,EOG Resources Inc,0.006916,2026-05-20,2026-05-21
SPHQ,MSI,Motorola Solutions Inc,0.006481,2026-05-20,2026-05-21
SPHQ,CTAS,Cintas Corp,0.005902,2026-05-20,2026-05-21
SPHQ,IDXX,IDEXX Laboratories Inc,0.005851,2026-05-20,2026-05-21
SPHQ,GWW,WW Grainger Inc,0.005742,2026-05-20,2026-05-21
SPHQ,AMP,Ameriprise Financial Inc,0.005703,2026-05-20,2026-05-21
SPHQ,ABNB,Airbnb Inc,0.005621,2026-05-20,2026-05-21
SPHQ,COR,Cencora Inc,0.005547,2026-05-20,2026-05-21
SPHQ,CTVA,Corteva Inc,0.005258,2026-05-20,2026-05-21
SPHQ,FAST,Fastenal Co,0.005006,2026-05-20,2026-05-21
SPHQ,AME,AMETEK Inc,0.004925,2026-05-20,2026-05-21
SPHQ,ROK,Rockwell Automation Inc,0.004761,2026-05-20,2026-05-21
SPHQ,ZTS,Zoetis Inc,0.004464,2026-05-20,2026-05-21
SPHQ,EME,EMCOR Group Inc,0.004418,2026-05-20,2026-05-21
SPHQ,EA,Electronic Arts Inc,0.004395,2026-05-20,2026-05-21
SPHQ,KMB,Kimberly-Clark Corp,0.003867,2026-05-20,2026-05-21
SPHQ,ACGL,Arch Capital Group Ltd,0.003426,2026-05-20,2026-05-21
SPHQ,NTAP,NetApp Inc,0.003345,2026-05-20,2026-05-21
SPHQ,RMD,ResMed Inc,0.003102,2026-05-20,2026-05-21
SPHQ,KVUE,Kenvue Inc,0.003064,2026-05-20,2026-05-21
SPHQ,WSM,Williams-Sonoma Inc,0.002698,2026-05-20,2026-05-21
SPHQ,EXPE,Expedia Group Inc,0.002696,2026-05-20,2026-05-21
SPHQ,DOV,Dover Corp,0.002505,2026-05-20,2026-05-21
SPHQ,HUBB,Hubbell Inc,0.002446,2026-05-20,2026-05-21
SPHQ,CHD,Church & Dwight Co Inc,0.002435,2026-05-20,2026-05-21
SPHQ,STE,STERIS PLC,0.0024,2026-05-20,2026-05-21
SPHQ,PPG,PPG Industries Inc,0.002266,2026-05-20,2026-05-21
SPHQ,STZ,Constellation Brands Inc,0.002253,2026-05-20,2026-05-21
SPHQ,CF,CF Industries Holdings Inc,0.002196,2026-05-20,2026-05-21
SPHQ,TROW,T Rowe Price Group Inc,0.002144,2026-05-20,2026-05-21
SPHQ,EXPD,Expeditors International of Washington Inc,0.002098,2026-05-20,2026-05-21
SPHQ,WAT,Waters Corp,0.002077,2026-05-20,2026-05-21
SPHQ,INCY,Incyte Corp,0.00207,2026-05-20,2026-05-21
SPHQ,CHRW,CH Robinson Worldwide Inc,0.002069,2026-05-20,2026-05-21
SPHQ,LII,Lennox International Inc,0.002012,2026-05-20,2026-05-21
SPHQ,ULTA,Ulta Beauty Inc,0.002002,2026-05-20,2026-05-21
SPHQ,DLTR,Dollar Tree Inc,0.001918,2026-05-20,2026-05-21
SPHQ,FFIV,F5 Inc,0.001853,2026-05-20,2026-05-21
SPHQ,SNA,Snap-on Inc,0.001788,2026-05-20,2026-05-21
SPHQ,JBHT,JB Hunt Transport Services Inc,0.001693,2026-05-20,2026-05-21
SPHQ,BR,Broadridge Financial Solutions Inc,0.001631,2026-05-20,2026-05-21
SPHQ,J,Jacobs Solutions Inc,0.001629,2026-05-20,2026-05-21
SPHQ,NVR,NVR Inc,0.001608,2026-05-20,2026-05-21
SPHQ,DECK,Deckers Outdoor Corp,0.001528,2026-05-20,2026-05-21
SPHQ,TRMB,Trimble Inc,0.001479,2026-05-20,2026-05-21
SPHQ,LDOS,Leidos Holdings Inc,0.001471,2026-05-20,2026-05-21
SPHQ,SOLV,Solventum Corp,0.001429,2026-05-20,2026-05-21
SPHQ,TYL,Tyler Technologies Inc,0.001387,2026-05-20,2026-05-21
SPHQ,IT,Gartner Inc,0.001363,2026-05-20,2026-05-21
SPHQ,RL,Ralph Lauren Corp,0.001349,2026-05-20,2026-05-21
SPHQ,LULU,Lululemon Athletica Inc,0.001291,2026-05-20,2026-05-21
SPHQ,GNRC,Generac Holdings Inc,0.001237,2026-05-20,2026-05-21
SPHQ,BBY,Best Buy Co Inc,0.001186,2026-05-20,2026-05-21
SPHQ,RVTY,Revvity Inc,0.001145,2026-05-20,2026-05-21
SPHQ,ZBRA,Zebra Technologies Corp,0.001102,2026-05-20,2026-05-21
SPHQ,SWKS,Skyworks Solutions Inc,0.001045,2026-05-20,2026-05-21
SPHQ,JKHY,Jack Henry & Associates Inc,0.00099,2026-05-20,2026-05-21
SPHQ,FDS,FactSet Research Systems Inc,0.000771,2026-05-20,2026-05-21
SPHQ,TECH,Bio-Techne Corp,0.000747,2026-05-20,2026-05-21
SPHQ,ERIE,Erie Indemnity Co,0.00069,2026-05-20,2026-05-21
SPHQ,POOL,Pool Corp,0.000664,2026-05-20,2026-05-21
RPG,SNDK,Sandisk Corp/DE,0.072641,2026-05-20,2026-05-21
RPG,FIX,Comfort Systems USA Inc,0.035471,2026-05-20,2026-05-21
RPG,MU,Micron Technology Inc,0.03038,2026-05-20,2026-05-21
RPG,CIEN,Ciena Corp,0.030047,2026-05-20,2026-05-21
RPG,MPWR,Monolithic Power Systems Inc,0.026469,2026-05-20,2026-05-21
RPG,AMD,Advanced Micro Devices Inc,0.023312,2026-05-20,2026-05-21
RPG,SATS,EchoStar Corp,0.022438,2026-05-20,2026-05-21
RPG,VRT,Vertiv Holdings Co,0.022411,2026-05-20,2026-05-21
RPG,HWM,Howmet Aerospace Inc,0.021784,2026-05-20,2026-05-21
RPG,CRWD,Crowdstrike Holdings Inc,0.021315,2026-05-20,2026-05-21
RPG,KLAC,KLA Corp,0.021276,2026-05-20,2026-05-21
RPG,BRK/B,Berkshire Hathaway Inc,0.021081,2026-05-20,2026-05-21
RPG,IBKR,Interactive Brokers Group Inc,0.019484,2026-05-20,2026-05-21
RPG,PWR,Quanta Services Inc,0.019423,2026-05-20,2026-05-21
RPG,LRCX,Lam Research Corp,0.018352,2026-05-20,2026-05-21
RPG,NVDA,NVIDIA Corp,0.01781,2026-05-20,2026-05-21
RPG,GEV,GE Vernova Inc,0.017306,2026-05-20,2026-05-21
RPG,AVGO,Broadcom Inc,0.016934,2026-05-20,2026-05-21
RPG,EME,EMCOR Group Inc,0.016915,2026-05-20,2026-05-21
RPG,COHR,Coherent Corp,0.016346,2026-05-20,2026-05-21
RPG,APH,Amphenol Corp,0.016241,2026-05-20,2026-05-21
RPG,LLY,Eli Lilly & Co,0.015922,2026-05-20,2026-05-21
RPG,TKO,TKO Group Holdings Inc,0.015638,2026-05-20,2026-05-21
RPG,ANET,Arista Networks Inc,0.015289,2026-05-20,2026-05-21
RPG,FSLR,First Solar Inc,0.015211,2026-05-20,2026-05-21
RPG,INCY,Incyte Corp,0.01467,2026-05-20,2026-05-21
RPG,LITE,Lumentum Holdings Inc,0.014388,2026-05-20,2026-05-21
RPG,PLTR,Palantir Technologies Inc,0.014281,2026-05-20,2026-05-21
RPG,NEM,Newmont Corp,0.014205,2026-05-20,2026-05-21
RPG,DDOG,Datadog Inc,0.014193,2026-05-20,2026-05-21
RPG,TPR,Tapestry Inc,0.014025,2026-05-20,2026-05-21
RPG,WYNN,Wynn Resorts Ltd,0.013506,2026-05-20,2026-05-21
RPG,APP,AppLovin Corp,0.013505,2026-05-20,2026-05-21
RPG,CCL,Carnival Corp Ltd,0.013413,2026-05-20,2026-05-21
RPG,AMAT,Applied Materials Inc,0.012962,2026-05-20,2026-05-21
RPG,HCA,HCA Healthcare Inc,0.012959,2026-05-20,2026-05-21
RPG,CAT,Caterpillar Inc,0.012893,2026-05-20,2026-05-21
RPG,RL,Ralph Lauren Corp,0.012345,2026-05-20,2026-05-21
RPG,RTX,RTX Corp,0.012112,2026-05-20,2026-05-21
RPG,HLT,Hilton Worldwide Holdings Inc,0.012027,2026-05-20,2026-05-21
RPG,RCL,Royal Caribbean Cruises Ltd,0.01182,2026-05-20,2026-05-21
RPG,MAR,Marriott International Inc/MD,0.011618,2026-05-20,2026-05-21
RPG,LVS,Las Vegas Sands Corp,0.011455,2026-05-20,2026-05-21
RPG,MNST,Monster Beverage Corp,0.011372,2026-05-20,2026-05-21
RPG,HOOD,Robinhood Markets Inc,0.011105,2026-05-20,2026-05-21
RPG,UBER,Uber Technologies Inc,0.010879,2026-05-20,2026-05-21
RPG,META,Meta Platforms Inc,0.01068,2026-05-20,2026-05-21
RPG,WELL,Welltower Inc,0.010599,2026-05-20,2026-05-21
RPG,GOOGL,Alphabet Inc,0.010405,2026-05-20,2026-05-21
RPG,EXPE,Expedia Group Inc,0.010393,2026-05-20,2026-05-21
RPG,VRSN,VeriSign Inc,0.010302,2026-05-20,2026-05-21
RPG,VST,Vistra Corp,0.009954,2026-05-20,2026-05-21
RPG,IDXX,IDEXX Laboratories Inc,0.009781,2026-05-20,2026-05-21
RPG,ULTA,Ulta Beauty Inc,0.008595,2026-05-20,2026-05-21
RPG,DASH,DoorDash Inc,0.008277,2026-05-20,2026-05-21
RPG,TDG,TransDigm Group Inc,0.008218,2026-05-20,2026-05-21
RPG,GOOG,Alphabet Inc,0.00821,2026-05-20,2026-05-21
RPG,ORLY,O'Reilly Automotive Inc,0.007848,2026-05-20,2026-05-21
RPG,NFLX,Netflix Inc,0.007796,2026-05-20,2026-05-21
RPG,PODD,Insulet Corp,0.006959,2026-05-20,2026-05-21
RPG,CASY,Casey's General Stores Inc,0.006832,2026-05-20,2026-05-21
RPG,ROL,Rollins Inc,0.006757,2026-05-20,2026-05-21
RPG,MSFT,Microsoft Corp,0.006532,2026-05-20,2026-05-21
RPG,BKNG,Booking Holdings Inc,0.006263,2026-05-20,2026-05-21
RPG,ISRG,Intuitive Surgical Inc,0.006112,2026-05-20,2026-05-21
XLG,NVDA,NVIDIA Corp,0.139707,2026-05-20,2026-05-21
XLG,AAPL,Apple Inc,0.114166,2026-05-20,2026-05-21
XLG,MSFT,Microsoft Corp,0.080451,2026-05-20,2026-05-21
XLG,AMZN,Amazon.com Inc,0.066603,2026-05-20,2026-05-21
XLG,GOOGL,Alphabet Inc,0.05826,2026-05-20,2026-05-21
XLG,AVGO,Broadcom Inc,0.05095,2026-05-20,2026-05-21
XLG,GOOG,Alphabet Inc,0.04631,2026-05-20,2026-05-21
XLG,META,Meta Platforms Inc,0.034041,2026-05-20,2026-05-21
XLG,TSLA,Tesla Inc,0.030193,2026-05-20,2026-05-21
XLG,BRK/B,Berkshire Hathaway Inc,0.022688,2026-05-20,2026-05-21
XLG,JPM,JPMorgan Chase & Co,0.020919,2026-05-20,2026-05-21
XLG,LLY,Eli Lilly & Co,0.020806,2026-05-20,2026-05-21
XLG,AMD,Advanced Micro Devices Inc,0.018767,2026-05-20,2026-05-21
XLG,XOM,Exxon Mobil Corp,0.016918,2026-05-20,2026-05-21
XLG,WMT,Walmart Inc,0.014784,2026-05-20,2026-05-21
XLG,V,Visa Inc,0.014335,2026-05-20,2026-05-21
XLG,JNJ,Johnson & Johnson,0.014224,2026-05-20,2026-05-21
XLG,COST,Costco Wholesale Corp,0.012281,2026-05-20,2026-05-21
XLG,CSCO,Cisco Systems Inc,0.011622,2026-05-20,2026-05-21
XLG,MA,Mastercard Inc,0.010445,2026-05-20,2026-05-21
XLG,CAT,Caterpillar Inc,0.010426,2026-05-20,2026-05-21
XLG,ABBV,AbbVie Inc,0.009653,2026-05-20,2026-05-21
XLG,NFLX,Netflix Inc,0.009569,2026-05-20,2026-05-21
XLG,CVX,Chevron Corp,0.00931,2026-05-20,2026-05-21
XLG,UNH,UnitedHealth Group Inc,0.008929,2026-05-20,2026-05-21
XLG,BAC,Bank of America Corp,0.008745,2026-05-20,2026-05-21
XLG,PG,Procter & Gamble Co/The,0.008517,2026-05-20,2026-05-21
XLG,ORCL,Oracle Corp,0.008206,2026-05-20,2026-05-21
XLG,KO,Coca-Cola Co/The,0.008124,2026-05-20,2026-05-21
XLG,GE,General Electric Co,0.008103,2026-05-20,2026-05-21
XLG,PLTR,Palantir Technologies Inc,0.008063,2026-05-20,2026-05-21
XLG,HD,Home Depot Inc/The,0.00796,2026-05-20,2026-05-21
XLG,GS,Goldman Sachs Group Inc/The,0.007569,2026-05-20,2026-05-21
XLG,PM,Philip Morris International Inc,0.007558,2026-05-20,2026-05-21
XLG,MRK,Merck & Co Inc,0.007213,2026-05-20,2026-05-21
XLG,TXN,Texas Instruments Inc,0.007116,2026-05-20,2026-05-21
XLG,LIN,Linde PLC,0.006076,2026-05-20,2026-05-21
XLG,WFC,Wells Fargo & Co,0.006066,2026-05-20,2026-05-21
XLG,IBM,International Business Machines Corp,0.005456,2026-05-20,2026-05-21
XLG,PEP,PepsiCo Inc,0.005252,2026-05-20,2026-05-21
XLG,VZ,Verizon Communications Inc,0.005188,2026-05-20,2026-05-21
XLG,MCD,McDonald's Corp,0.00513,2026-05-20,2026-05-21
XLG,DIS,Walt Disney Co/The,0.004744,2026-05-20,2026-05-21
XLG,T,AT&T Inc,0.00449,2026-05-20,2026-05-21
XLG,CRM,Salesforce Inc,0.004345,2026-05-20,2026-05-21
XLG,ISRG,Intuitive Surgical Inc,0.004098,2026-05-20,2026-05-21
XLG,ABT,Abbott Laboratories,0.003956,2026-05-20,2026-05-21
XLG,ACN,Accenture PLC,0.002838,2026-05-20,2026-05-21
XLG,NOW,ServiceNow Inc,0.002781,2026-05-20,2026-05-21
XLG,INTU,Intuit Inc,0.002739,2026-05-20,2026-05-21
XLG,ADBE,Adobe Inc,0.002672,2026-05-20,2026-05-21
QQQM,NVDA,NVIDIA Corp,0.089316,2026-05-20,2026-05-21
QQQM,AAPL,Apple Inc,0.072985,2026-05-20,2026-05-21
QQQM,MSFT,Microsoft Corp,0.051426,2026-05-20,2026-05-21
QQQM,AMZN,Amazon.com Inc,0.046791,2026-05-20,2026-05-21
QQQM,MU,Micron Technology Inc,0.037409,2026-05-20,2026-05-21
QQQM,GOOGL,Alphabet Inc,0.037241,2026-05-20,2026-05-21
QQQM,GOOG,Alphabet Inc,0.034427,2026-05-20,2026-05-21
QQQM,TSLA,Tesla Inc,0.034254,2026-05-20,2026-05-21
QQQM,AMD,Advanced Micro Devices Inc,0.033135,2026-05-20,2026-05-21
QQQM,AVGO,Broadcom Inc,0.032578,2026-05-20,2026-05-21
QQQM,META,Meta Platforms Inc,0.029351,2026-05-20,2026-05-21
QQQM,WMT,Walmart Inc,0.029091,2026-05-20,2026-05-21
QQQM,INTC,Intel Corp,0.026981,2026-05-20,2026-05-21
QQQM,COST,Costco Wholesale Corp,0.021646,2026-05-20,2026-05-21
QQQM,CSCO,Cisco Systems Inc,0.020509,2026-05-20,2026-05-21
QQQM,NFLX,Netflix Inc,0.016888,2026-05-20,2026-05-21
QQQM,LRCX,Lam Research Corp,0.016562,2026-05-20,2026-05-21
QQQM,AMAT,Applied Materials Inc,0.015382,2026-05-20,2026-05-21
QQQM,PLTR,Palantir Technologies Inc,0.01427,2026-05-20,2026-05-21
QQQM,TXN,Texas Instruments Inc,0.012564,2026-05-20,2026-05-21
QQQM,KLAC,KLA Corp,0.010901,2026-05-20,2026-05-21
QQQM,LIN,Linde PLC,0.01066,2026-05-20,2026-05-21
QQQM,QCOM,QUALCOMM Inc,0.009811,2026-05-20,2026-05-21
QQQM,TMUS,T-Mobile US Inc,0.009514,2026-05-20,2026-05-21
QQQM,SNDK,Sandisk Corp/DE,0.009334,2026-05-20,2026-05-21
QQQM,PEP,PepsiCo Inc,0.009264,2026-05-20,2026-05-21
QQQM,PANW,Palo Alto Networks Inc,0.009139,2026-05-20,2026-05-21
QQQM,ADI,Analog Devices Inc,0.008824,2026-05-20,2026-05-21
QQQM,AMGN,Amgen Inc,0.008178,2026-05-20,2026-05-21
QQQM,CRWD,Crowdstrike Holdings Inc,0.007442,2026-05-20,2026-05-21
QQQM,STX,Seagate Technology Holdings PLC,0.007437,2026-05-20,2026-05-21
QQQM,MRVL,Marvell Technology Inc,0.007389,2026-05-20,2026-05-21
QQQM,GILD,Gilead Sciences Inc,0.007367,2026-05-20,2026-05-21
QQQM,ISRG,Intuitive Surgical Inc,0.007241,2026-05-20,2026-05-21
QQQM,WDC,Western Digital Corp,0.007076,2026-05-20,2026-05-21
QQQM,APP,AppLovin Corp,0.006725,2026-05-20,2026-05-21
QQQM,HON,Honeywell International Inc,0.006309,2026-05-20,2026-05-21
QQQM,ASML,ASML Holding NV,0.006188,2026-05-20,2026-05-21
QQQM,SHOP,Shopify Inc,0.005846,2026-05-20,2026-05-21
QQQM,BKNG,Booking Holdings Inc,0.005643,2026-05-20,2026-05-21
QQQM,SBUX,Starbucks Corp,0.005541,2026-05-20,2026-05-21
QQQM,VRTX,Vertex Pharmaceuticals Inc,0.004965,2026-05-20,2026-05-21
QQQM,INTU,Intuit Inc,0.004821,2026-05-20,2026-05-21
QQQM,ADBE,Adobe Inc,0.00469,2026-05-20,2026-05-21
QQQM,CEG,Constellation Energy Corp,0.00463,2026-05-20,2026-05-21
QQQM,MAR,Marriott International Inc/MD,0.004449,2026-05-20,2026-05-21
QQQM,CDNS,Cadence Design Systems Inc,0.004399,2026-05-20,2026-05-21
QQQM,FTNT,Fortinet Inc,0.004368,2026-05-20,2026-05-21
QQQM,SNPS,Synopsys Inc,0.00434,2026-05-20,2026-05-21
QQQM,CMCSA,Comcast Corp,0.004054,2026-05-20,2026-05-21
QQQM,ADP,Automatic Data Processing Inc,0.004035,2026-05-20,2026-05-21
QQQM,CSX,CSX Corp,0.003879,2026-05-20,2026-05-21
QQQM,MNST,Monster Beverage Corp,0.003859,2026-05-20,2026-05-21
QQQM,MELI,MercadoLibre Inc,0.003802,2026-05-20,2026-05-21
QQQM,MDLZ,Mondelez International Inc,0.003599,2026-05-20,2026-05-21
QQQM,NXPI,NXP Semiconductors NV,0.003559,2026-05-20,2026-05-21
QQQM,ORLY,O'Reilly Automotive Inc,0.003511,2026-05-20,2026-05-21
QQQM,MPWR,Monolithic Power Systems Inc,0.003465,2026-05-20,2026-05-21
QQQM,ROST,Ross Stores Inc,0.003199,2026-05-20,2026-05-21
QQQM,AEP,American Electric Power Co Inc,0.003188,2026-05-20,2026-05-21
QQQM,DDOG,Datadog Inc,0.003166,2026-05-20,2026-05-21
QQQM,CTAS,Cintas Corp,0.00312,2026-05-20,2026-05-21
QQQM,WBD,Warner Bros Discovery Inc,0.003088,2026-05-20,2026-05-21
QQQM,REGN,Regeneron Pharmaceuticals Inc,0.00307,2026-05-20,2026-05-21
QQQM,BKR,Baker Hughes Co,0.002997,2026-05-20,2026-05-21
QQQM,DASH,DoorDash Inc,0.002992,2026-05-20,2026-05-21
QQQM,PDD,PDD Holdings Inc,0.002977,2026-05-20,2026-05-21
QQQM,LITE,Lumentum Holdings Inc,0.002815,2026-05-20,2026-05-21
QQQM,PCAR,PACCAR Inc,0.002674,2026-05-20,2026-05-21
QQQM,FANG,Diamondback Energy Inc,0.002631,2026-05-20,2026-05-21
QQQM,ABNB,Airbnb Inc,0.002607,2026-05-20,2026-05-21
QQQM,MSTR,Strategy Inc,0.002365,2026-05-20,2026-05-21
QQQM,ADSK,Autodesk Inc,0.002345,2026-05-20,2026-05-21
QQQM,MCHP,Microchip Technology Inc,0.00231,2026-05-20,2026-05-21
QQQM,EA,Electronic Arts Inc,0.002291,2026-05-20,2026-05-21
QQQM,FAST,Fastenal Co,0.00229,2026-05-20,2026-05-21
QQQM,XEL,Xcel Energy Inc,0.002262,2026-05-20,2026-05-21
QQQM,FER,Ferrovial NV,0.002223,2026-05-20,2026-05-21
QQQM,EXC,Exelon Corp,0.002084,2026-05-20,2026-05-21
QQQM,IDXX,IDEXX Laboratories Inc,0.002002,2026-05-20,2026-05-21
QQQM,TTWO,Take-Two Interactive Software Inc,0.00199,2026-05-20,2026-05-21
QQQM,ODFL,Old Dominion Freight Line Inc,0.001986,2026-05-20,2026-05-21
QQQM,CCEP,Coca-Cola Europacific Partners PLC,0.001961,2026-05-20,2026-05-21
QQQM,PYPL,PayPal Holdings Inc,0.001855,2026-05-20,2026-05-21
QQQM,ALNY,Alnylam Pharmaceuticals Inc,0.001798,2026-05-20,2026-05-21
QQQM,KDP,Keurig Dr Pepper Inc,0.00177,2026-05-20,2026-05-21
QQQM,TRI,Thomson Reuters Corp,0.001712,2026-05-20,2026-05-21
QQQM,ARM,ARM Holdings PLC,0.001628,2026-05-20,2026-05-21
QQQM,PAYX,Paychex Inc,0.001566,2026-05-20,2026-05-21
QQQM,ROP,Roper Technologies Inc,0.00151,2026-05-20,2026-05-21
QQQM,NQM6,CME E-Mini NASDAQ 100 Index Future,0.001496,2026-05-20,2026-05-21
QQQM,AXON,Axon Enterprise Inc,0.001455,2026-05-20,2026-05-21
QQQM,CPRT,Copart Inc,0.001452,2026-05-20,2026-05-21
QQQM,GEHC,GE HealthCare Technologies Inc,0.00133,2026-05-20,2026-05-21
QQQM,ZS,Zscaler Inc,0.001273,2026-05-20,2026-05-21
QQQM,KHC,Kraft Heinz Co/The,0.001266,2026-05-20,2026-05-21
QQQM,DXCM,Dexcom Inc,0.001249,2026-05-20,2026-05-21
QQQM,WDAY,Workday Inc,0.001226,2026-05-20,2026-05-21
QQQM,CTSH,Cognizant Technology Solutions Corp,0.001123,2026-05-20,2026-05-21
QQQM,VRSK,Verisk Analytics Inc,0.001069,2026-05-20,2026-05-21
QQQM,INSM,Insmed Inc,0.001056,2026-05-20,2026-05-21
QQQM,CHTR,Charter Communications Inc,0.000833,2026-05-20,2026-05-21
SPHB,SNDK,Sandisk Corp/DE,0.019285,2026-05-20,2026-05-21
SPHB,COIN,Coinbase Global Inc,0.017452,2026-05-20,2026-05-21
SPHB,HOOD,Robinhood Markets Inc,0.016699,2026-05-20,2026-05-21
SPHB,COHR,Coherent Corp,0.016232,2026-05-20,2026-05-21
SPHB,MU,Micron Technology Inc,0.015418,2026-05-20,2026-05-21
SPHB,SMCI,Super Micro Computer Inc,0.015195,2026-05-20,2026-05-21
SPHB,APP,AppLovin Corp,0.014334,2026-05-20,2026-05-21
SPHB,LRCX,Lam Research Corp,0.014224,2026-05-20,2026-05-21
SPHB,AMD,Advanced Micro Devices Inc,0.013897,2026-05-20,2026-05-21
SPHB,LITE,Lumentum Holdings Inc,0.013772,2026-05-20,2026-05-21
SPHB,CIEN,Ciena Corp,0.013472,2026-05-20,2026-05-21
SPHB,TER,Teradyne Inc,0.013271,2026-05-20,2026-05-21
SPHB,INTC,Intel Corp,0.012653,2026-05-20,2026-05-21
SPHB,UAL,United Airlines Holdings Inc,0.012605,2026-05-20,2026-05-21
SPHB,KLAC,KLA Corp,0.012562,2026-05-20,2026-05-21
SPHB,WDC,Western Digital Corp,0.012289,2026-05-20,2026-05-21
SPHB,CCL,Carnival Corp Ltd,0.012288,2026-05-20,2026-05-21
SPHB,MPWR,Monolithic Power Systems Inc,0.012282,2026-05-20,2026-05-21
SPHB,TSLA,Tesla Inc,0.012269,2026-05-20,2026-05-21
SPHB,VRT,Vertiv Holdings Co,0.012118,2026-05-20,2026-05-21
SPHB,AMAT,Applied Materials Inc,0.012072,2026-05-20,2026-05-21
SPHB,ANET,Arista Networks Inc,0.011803,2026-05-20,2026-05-21
SPHB,DDOG,Datadog Inc,0.011738,2026-05-20,2026-05-21
SPHB,ON,ON Semiconductor Corp,0.011669,2026-05-20,2026-05-21
SPHB,NCLH,Norwegian Cruise Line Holdings Ltd,0.011594,2026-05-20,2026-05-21
SPHB,FIX,Comfort Systems USA Inc,0.011385,2026-05-20,2026-05-21
SPHB,ZBRA,Zebra Technologies Corp,0.011135,2026-05-20,2026-05-21
SPHB,PLTR,Palantir Technologies Inc,0.011113,2026-05-20,2026-05-21
SPHB,DAL,Delta Air Lines Inc,0.01103,2026-05-20,2026-05-21
SPHB,AVGO,Broadcom Inc,0.010985,2026-05-20,2026-05-21
SPHB,STX,Seagate Technology Holdings PLC,0.010919,2026-05-20,2026-05-21
SPHB,XYZ,Block Inc,0.010806,2026-05-20,2026-05-21
SPHB,GLW,Corning Inc,0.010734,2026-05-20,2026-05-21
SPHB,IBKR,Interactive Brokers Group Inc,0.010621,2026-05-20,2026-05-21
SPHB,NVDA,NVIDIA Corp,0.010611,2026-05-20,2026-05-21
SPHB,HPE,Hewlett Packard Enterprise Co,0.010358,2026-05-20,2026-05-21
SPHB,CVNA,Carvana Co,0.010227,2026-05-20,2026-05-21
SPHB,MRNA,Moderna Inc,0.010139,2026-05-20,2026-05-21
SPHB,FCX,Freeport-McMoRan Inc,0.010105,2026-05-20,2026-05-21
SPHB,SNPS,Synopsys Inc,0.010102,2026-05-20,2026-05-21
SPHB,DELL,Dell Technologies Inc,0.009656,2026-05-20,2026-05-21
SPHB,NXPI,NXP Semiconductors NV,0.009518,2026-05-20,2026-05-21
SPHB,SWK,Stanley Black & Decker Inc,0.00943,2026-05-20,2026-05-21
SPHB,NRG,NRG Energy Inc,0.009429,2026-05-20,2026-05-21
SPHB,IVZ,Invesco Ltd,0.009384,2026-05-20,2026-05-21
SPHB,GEV,GE Vernova Inc,0.009271,2026-05-20,2026-05-21
SPHB,JBL,Jabil Inc,0.009142,2026-05-20,2026-05-21
SPHB,ARES,Ares Management Corp,0.009079,2026-05-20,2026-05-21
SPHB,QCOM,QUALCOMM Inc,0.009038,2026-05-20,2026-05-21
SPHB,KKR,KKR & Co Inc,0.009018,2026-05-20,2026-05-21
SPHB,KEYS,Keysight Technologies Inc,0.008981,2026-05-20,2026-05-21
SPHB,ORCL,Oracle Corp,0.008952,2026-05-20,2026-05-21
SPHB,META,Meta Platforms Inc,0.008941,2026-05-20,2026-05-21
SPHB,SWKS,Skyworks Solutions Inc,0.008926,2026-05-20,2026-05-21
SPHB,ALGN,Align Technology Inc,0.008892,2026-05-20,2026-05-21
SPHB,EL,Estee Lauder Cos Inc/The,0.008781,2026-05-20,2026-05-21
SPHB,MCHP,Microchip Technology Inc,0.008756,2026-05-20,2026-05-21
SPHB,COF,Capital One Financial Corp,0.008712,2026-05-20,2026-05-21
SPHB,GS,Goldman Sachs Group Inc/The,0.0087,2026-05-20,2026-05-21
SPHB,GNRC,Generac Holdings Inc,0.008678,2026-05-20,2026-05-21
SPHB,FSLR,First Solar Inc,0.008635,2026-05-20,2026-05-21
SPHB,LULU,Lululemon Athletica Inc,0.008566,2026-05-20,2026-05-21
SPHB,RCL,Royal Caribbean Cruises Ltd,0.008519,2026-05-20,2026-05-21
SPHB,CDNS,Cadence Design Systems Inc,0.008429,2026-05-20,2026-05-21
SPHB,RVTY,Revvity Inc,0.008411,2026-05-20,2026-05-21
SPHB,EME,EMCOR Group Inc,0.008411,2026-05-20,2026-05-21
SPHB,CMI,Cummins Inc,0.008375,2026-05-20,2026-05-21
SPHB,TEL,TE Connectivity PLC,0.00833,2026-05-20,2026-05-21
SPHB,C,Citigroup Inc,0.008298,2026-05-20,2026-05-21
SPHB,CAT,Caterpillar Inc,0.008291,2026-05-20,2026-05-21
SPHB,APO,Apollo Global Management Inc,0.008288,2026-05-20,2026-05-21
SPHB,APH,Amphenol Corp,0.008287,2026-05-20,2026-05-21
SPHB,SYF,Synchrony Financial,0.008256,2026-05-20,2026-05-21
SPHB,VST,Vistra Corp,0.008245,2026-05-20,2026-05-21
SPHB,APTV,Aptiv PLC,0.008244,2026-05-20,2026-05-21
SPHB,AMZN,Amazon.com Inc,0.008231,2026-05-20,2026-05-21
SPHB,WSM,Williams-Sonoma Inc,0.008114,2026-05-20,2026-05-21
SPHB,BLDR,Builders FirstSource Inc,0.008084,2026-05-20,2026-05-21
SPHB,BX,Blackstone Inc,0.008077,2026-05-20,2026-05-21
SPHB,ODFL,Old Dominion Freight Line Inc,0.008028,2026-05-20,2026-05-21
SPHB,LUV,Southwest Airlines Co,0.007862,2026-05-20,2026-05-21
SPHB,GPN,Global Payments Inc,0.007854,2026-05-20,2026-05-21
SPHB,MS,Morgan Stanley,0.007833,2026-05-20,2026-05-21
SPHB,ALB,Albemarle Corp,0.007823,2026-05-20,2026-05-21
SPHB,TPR,Tapestry Inc,0.007821,2026-05-20,2026-05-21
SPHB,ADI,Analog Devices Inc,0.007811,2026-05-20,2026-05-21
SPHB,TECH,Bio-Techne Corp,0.00779,2026-05-20,2026-05-21
SPHB,DASH,DoorDash Inc,0.007784,2026-05-20,2026-05-21
SPHB,EMR,Emerson Electric Co,0.00766,2026-05-20,2026-05-21
SPHB,DECK,Deckers Outdoor Corp,0.007586,2026-05-20,2026-05-21
SPHB,PYPL,PayPal Holdings Inc,0.007496,2026-05-20,2026-05-21
SPHB,IR,Ingersoll Rand Inc,0.007424,2026-05-20,2026-05-21
SPHB,EXPE,Expedia Group Inc,0.007392,2026-05-20,2026-05-21
SPHB,CRL,Charles River Laboratories International Inc,0.007387,2026-05-20,2026-05-21
SPHB,IDXX,IDEXX Laboratories Inc,0.007347,2026-05-20,2026-05-21
SPHB,ETN,Eaton Corp PLC,0.007284,2026-05-20,2026-05-21
SPHB,RL,Ralph Lauren Corp,0.00728,2026-05-20,2026-05-21
SPHB,TRMB,Trimble Inc,0.007264,2026-05-20,2026-05-21
SPHB,CEG,Constellation Energy Corp,0.007259,2026-05-20,2026-05-21
SPHB,CRH,CRH PLC,0.006772,2026-05-20,2026-05-21
EEMO,000660,SK hynix Inc,0.134928,2026-05-20,2026-05-21
EEMO,005930,Samsung Electronics Co Ltd,0.103285,2026-05-20,2026-05-21
EEMO,005935,Samsung Electronics Co Ltd,0.045384,2026-05-20,2026-05-21
EEMO,2308,Delta Electronics Inc,0.043027,2026-05-20,2026-05-21
EEMO,402340,SK Square Co Ltd,0.039382,2026-05-20,2026-05-21
EEMO,VALE3,Vale SA,0.017691,2026-05-20,2026-05-21
EEMO,005380,Hyundai Motor Co,0.017032,2026-05-20,2026-05-21
EEMO,2383,Elite Material Co Ltd,0.014341,2026-05-20,2026-05-21
EEMO,ITUB4,Itau Unibanco Holding SA,0.013325,2026-05-20,2026-05-21
EEMO,2318,Ping An Insurance Group Co of China Ltd,0.01259,2026-05-20,2026-05-21
EEMO,034020,Doosan Enerbility Co Ltd,0.011906,2026-05-20,2026-05-21
EEMO,GFI,Gold Fields Ltd,0.011158,2026-05-20,2026-05-21
EEMO,3037,Unimicron Technology Corp,0.010601,2026-05-20,2026-05-21
EEMO,009150,Samsung Electro-Mechanics Co Ltd,0.010508,2026-05-20,2026-05-21
EEMO,GMEXICOB,Grupo Mexico SAB de CV,0.010017,2026-05-20,2026-05-21
EEMO,2899,Zijin Mining Group Co Ltd,0.009758,2026-05-20,2026-05-21
EEMO,2628,China Life Insurance Co Ltd,0.009365,2026-05-20,2026-05-21
EEMO,OTP,OTP Bank Nyrt,0.009333,2026-05-20,2026-05-21
EEMO,012450,Hanwha Aerospace Co Ltd,0.009025,2026-05-20,2026-05-21
EEMO,BAP,Credicorp Ltd,0.008945,2026-05-20,2026-05-21
EEMO,PKN,ORLEN SA,0.008599,2026-05-20,2026-05-21
EEMO,2360,Chroma ATE Inc,0.00832,2026-05-20,2026-05-21
EEMO,2327,Yageo Corp,0.008178,2026-05-20,2026-05-21
EEMO,298040,Hyosung Heavy Industries Corp,0.008174,2026-05-20,2026-05-21
EEMO,028260,Samsung C&T Corp,0.007974,2026-05-20,2026-05-21
EEMO,2344,Winbond Electronics Corp,0.007652,2026-05-20,2026-05-21
EEMO,055550,Shinhan Financial Group Co Ltd,0.007289,2026-05-20,2026-05-21
EEMO,857,PetroChina Co Ltd,0.007287,2026-05-20,2026-05-21
EEMO,3017,Asia Vital Components Co Ltd,0.007201,2026-05-20,2026-05-21
EEMO,8299,Phison Electronics Corp,0.007181,2026-05-20,2026-05-21
EEMO,2408,Nanya Technology Corp,0.006873,2026-05-20,2026-05-21
EEMO,032830,Samsung Life Insurance Co Ltd,0.006133,2026-05-20,2026-05-21
EEMO,VAL,Valterra Platinum Ltd,0.005883,2026-05-20,2026-05-21
EEMO,BBDC4,Banco Bradesco SA,0.005736,2026-05-20,2026-05-21
EEMO,1347,Hua Hong Semiconductor Ltd,0.005422,2026-05-20,2026-05-21
EEMO,086790,Hana Financial Group Inc,0.005355,2026-05-20,2026-05-21
EEMO,CPI,Capitec Bank Holdings Ltd,0.005343,2026-05-20,2026-05-21
EEMO,1378,China Hongqiao Group Ltd,0.005068,2026-05-20,2026-05-21
EEMO,2368,Gold Circuit Electronics Ltd,0.004922,2026-05-20,2026-05-21
EEMO,MTN,MTN Group Ltd,0.004775,2026-05-20,2026-05-21
EEMO,6223,MPI Corp,0.00476,2026-05-20,2026-05-21
EEMO,CEMEXCPO,Cemex SAB de CV,0.004735,2026-05-20,2026-05-21
EEMO,SBIN,State Bank of India,0.004541,2026-05-20,2026-05-21
EEMO,ITSA4,Itausa SA,0.004533,2026-05-20,2026-05-21
EEMO,ASELS,Aselsan Elektronik Sanayi Ve Ticaret AS,0.00446,2026-05-20,2026-05-21
EEMO,KGH,KGHM Polska Miedz SA,0.004444,2026-05-20,2026-05-21
EEMO,316140,Woori Financial Group Inc,0.004425,2026-05-20,2026-05-21
EEMO,006800,Mirae Asset Securities Co Ltd,0.004408,2026-05-20,2026-05-21
EEMO,EMIRATES,Emirates NBD Bank PJSC,0.004179,2026-05-20,2026-05-21
EEMO,SCCO,Southern Copper Corp,0.004152,2026-05-20,2026-05-21
EEMO,5274,ASPEED Technology Inc,0.004138,2026-05-20,2026-05-21
EEMO,IMP,Impala Platinum Holdings Ltd,0.004126,2026-05-20,2026-05-21
EEMO,PE&amp;OLES*,Industrias Penoles SAB de CV,0.004062,2026-05-20,2026-05-21
EEMO,278470,APR Corp/Korea,0.004054,2026-05-20,2026-05-21
EEMO,HNDL,Hindalco Industries Ltd,0.004037,2026-05-20,2026-05-21
EEMO,3993,CMOC Group Ltd,0.003834,2026-05-20,2026-05-21
EEMO,1303,Nan Ya Plastics Corp,0.003783,2026-05-20,2026-05-21
EEMO,267260,HD Hyundai Electric Co Ltd,0.003763,2026-05-20,2026-05-21
EEMO,034730,SK Inc,0.003747,2026-05-20,2026-05-21
EEMO,064350,Hyundai Rotem Co Ltd,0.003739,2026-05-20,2026-05-21
EEMO,AXIA3,Axia Energia SA,0.003733,2026-05-20,2026-05-21
EEMO,1801,Innovent Biologics Inc,0.00371,2026-05-20,2026-05-21
EEMO,SHFL,Shriram Finance Ltd,0.003669,2026-05-20,2026-05-21
EEMO,ETE,National Bank of Greece SA,0.003603,2026-05-20,2026-05-21
EEMO,010140,Samsung Heavy Industries Co Ltd,0.003518,2026-05-20,2026-05-21
EEMO,SSW,Sibanye Stillwater Ltd,0.003512,2026-05-20,2026-05-21
EEMO,SBSP3,Cia de Saneamento Basico do Estado de Sao Paulo SABESP,0.003505,2026-05-20,2026-05-21
EEMO,6869,Yangtze Optical Fibre & Cable Joint Stock Ltd Co,0.003404,2026-05-20,2026-05-21
EEMO,BPAC11,Banco BTG Pactual SA,0.003369,2026-05-20,2026-05-21
EEMO,TIGO,Millicom International Cellular SA,0.003224,2026-05-20,2026-05-21
EEMO,9992,Pop Mart International Group Ltd,0.003174,2026-05-20,2026-05-21
EEMO,2269,Wuxi Biologics Cayman Inc,0.003163,2026-05-20,2026-05-21
EEMO,2449,King Yuan Electronics Co Ltd,0.003136,2026-05-20,2026-05-21
EEMO,ABEV3,Ambev SA,0.003134,2026-05-20,2026-05-21
EEMO,TPEIR,Piraeus Bank SA,0.003003,2026-05-20,2026-05-21
EEMO,010120,LS Electric Co Ltd,0.002913,2026-05-20,2026-05-21
EEMO,CHILE,Banco de Chile,0.002875,2026-05-20,2026-05-21
EEMO,047810,Korea Aerospace Industries Ltd,0.002741,2026-05-20,2026-05-21
EEMO,ALPHA,Alpha Bank SA,0.002727,2026-05-20,2026-05-21
EEMO,288,WH Group Ltd,0.002688,2026-05-20,2026-05-21
EEMO,267250,HD Hyundai Co Ltd,0.002668,2026-05-20,2026-05-21
EEMO,EUROB,Eurobank SA,0.002611,2026-05-20,2026-05-21
EEMO,2313,Compeq Manufacturing Co Ltd,0.002548,2026-05-20,2026-05-21
EEMO,2099,China Gold International Resources Corp Ltd,0.002543,2026-05-20,2026-05-21
EEMO,ABG,Absa Group Ltd,0.002508,2026-05-20,2026-05-21
EEMO,2338,Weichai Power Co Ltd,0.002493,2026-05-20,2026-05-21
EEMO,358,Jiangxi Copper Co Ltd,0.002482,2026-05-20,2026-05-21
EEMO,000720,Hyundai Engineering & Construction Co Ltd,0.002449,2026-05-20,2026-05-21
EEMO,PFCIBEST,Grupo Cibest SA,0.002402,2026-05-20,2026-05-21
EEMO,042660,Hanwha Ocean Co Ltd,0.002394,2026-05-20,2026-05-21
EEMO,071050,Korea Investment Holdings Co Ltd,0.002345,2026-05-20,2026-05-21
EEMO,BCI,Banco de Credito e Inversiones SA,0.002334,2026-05-20,2026-05-21
EEMO,NPH,Northam Platinum Holdings Ltd,0.002333,2026-05-20,2026-05-21
EEMO,2059,King Slide Works Co Ltd,0.002282,2026-05-20,2026-05-21
EEMO,6770,Powerchip Semiconductor Manufacturing Corp,0.002271,2026-05-20,2026-05-21
EEMO,SIMO,Silicon Motion Technology Corp,0.00226,2026-05-20,2026-05-21
EEMO,2601,China Pacific Insurance Group Co Ltd,0.002258,2026-05-20,2026-05-21
EEMO,LTM,Latam Airlines Group SA,0.002161,2026-05-20,2026-05-21
EEMO,PZU,Powszechny Zaklad Ubezpieczen SA,0.002145,2026-05-20,2026-05-21
EEMO,1336,New China Life Insurance Co Ltd,0.002116,2026-05-20,2026-05-21
EEMO,1208,MMG Ltd,0.002109,2026-05-20,2026-05-21
EEMO,015760,Korea Electric Power Corp,0.002055,2026-05-20,2026-05-21
EEMO,086520,Ecopro Co Ltd,0.002035,2026-05-20,2026-05-21
EEMO,PMAH,Press Metal Aluminium Holdings Bhd,0.001972,2026-05-20,2026-05-21
EEMO,ADIB,Abu Dhabi Islamic Bank PJSC,0.00195,2026-05-20,2026-05-21
EEMO,2600,Aluminum Corp of China Ltd,0.001915,2026-05-20,2026-05-21
EEMO,000150,Doosan Co Ltd,0.001878,2026-05-20,2026-05-21
EEMO,VBBR3,Vibra Energia SA,0.00187,2026-05-20,2026-05-21
EEMO,1177,Sino Biopharmaceutical Ltd,0.001857,2026-05-20,2026-05-21
EEMO,1093,CSPC Pharmaceutical Group Ltd,0.001773,2026-05-20,2026-05-21
EEMO,CIBEST,Grupo Cibest SA,0.001764,2026-05-20,2026-05-21
EEMO,3044,Tripod Technology Corp,0.001756,2026-05-20,2026-05-21
EEMO,1818,Zhaojin Mining Industry Co Ltd,0.001704,2026-05-20,2026-05-21
EEMO,RDOR3,Rede D'Or Sao Luiz SA,0.001667,2026-05-20,2026-05-21
EEMO,8046,Nan Ya Printed Circuit Board Corp,0.00166,2026-05-20,2026-05-21
EEMO,2359,WuXi AppTec Co Ltd,0.001635,2026-05-20,2026-05-21
EEMO,CPLE3,Cia Paranaense de Energia - Copel,0.001625,2026-05-20,2026-05-21
EEMO,272210,Hanwha Systems Co Ltd,0.001622,2026-05-20,2026-05-21
EEMO,039490,KIWOOM Securities Co Ltd,0.001618,2026-05-20,2026-05-21
EEMO,FALAB,Falabella SA,0.001571,2026-05-20,2026-05-21
EEMO,1530,3SBio Inc,0.001567,2026-05-20,2026-05-21
EEMO,079550,LIG Defense&Aerospace Co Ltd,0.00148,2026-05-20,2026-05-21
EEMO,6239,Powertech Technology Inc,0.00144,2026-05-20,2026-05-21
EEMO,1339,People's Insurance Co Group of China Ltd/The,0.001424,2026-05-20,2026-05-21
EEMO,BSAN,Banco Santander Chile,0.001421,2026-05-20,2026-05-21
EEMO,BBDC3,Banco Bradesco SA,0.001393,2026-05-20,2026-05-21
EEMO,ITUB3,Itau Unibanco Holding SA,0.001388,2026-05-20,2026-05-21
EEMO,016360,Samsung Securities Co Ltd,0.001388,2026-05-20,2026-05-21
EEMO,MOL,MOL Hungarian Oil & Gas PLC,0.001383,2026-05-20,2026-05-21
EEMO,005387,Hyundai Motor Co,0.001359,2026-05-20,2026-05-21
EEMO,3692,Hansoh Pharmaceutical Group Co Ltd,0.001353,2026-05-20,2026-05-21
EEMO,MCX,Multi Commodity Exchange of India Ltd,0.001338,2026-05-20,2026-05-21
EEMO,FB,Federal Bank Ltd,0.001323,2026-05-20,2026-05-21
EEMO,TUPRS,Turkiye Petrol Rafinerileri AS,0.001316,2026-05-20,2026-05-21
EEMO,GVTD,GE Vernova T&D India Ltd,0.001295,2026-05-20,2026-05-21
EEMO,LAURUS,Laurus Labs Ltd,0.001282,2026-05-20,2026-05-21
EEMO,AL,Ashok Leyland Ltd,0.001279,2026-05-20,2026-05-21
EEMO,MALLPLAZ,Plaza SA,0.001266,2026-05-20,2026-05-21
EEMO,1308,SITC International Holdings Co Ltd,0.001249,2026-05-20,2026-05-21
EEMO,VIVT3,Telefonica Brasil SA,0.001222,2026-05-20,2026-05-21
EEMO,VOD,Vodacom Group Ltd,0.001213,2026-05-20,2026-05-21
EEMO,1772,Ganfeng Lithium Group Co Ltd,0.00121,2026-05-20,2026-05-21
EEMO,6618,JD Health International Inc,0.001203,2026-05-20,2026-05-21
EEMO,DIB,Dubai Islamic Bank PJSC,0.001202,2026-05-20,2026-05-21
EEMO,028050,Samsung E&A Co Ltd,0.001159,2026-05-20,2026-05-21
EEMO,DSTKF,Destek Finans Faktoring AS,0.001139,2026-05-20,2026-05-21
EEMO,ENEV3,Eneva SA,0.001117,2026-05-20,2026-05-21
EEMO,1787,Shandong Gold Mining Co Ltd,0.001103,2026-05-20,2026-05-21
EEMO,GEKTERNA,GEK TERNA SA,0.001038,2026-05-20,2026-05-21
EEMO,ENKAI,Enka Insaat ve Sanayi AS,0.001037,2026-05-20,2026-05-21
EEMO,RHBBANK,RHB Bank Bhd,0.001035,2026-05-20,2026-05-21
EEMO,9995,Remegen Co Ltd,0.001035,2026-05-20,2026-05-21
EEMO,GRT,Growthpoint Properties Ltd,0.001019,2026-05-20,2026-05-21
EEMO,TIMS3,TIM SA/Brazil,0.001019,2026-05-20,2026-05-21
EEMO,966,China Taiping Insurance Holdings Co Ltd,0.001011,2026-05-20,2026-05-21
EEMO,KOMB,Komercni Banka AS,0.000972,2026-05-20,2026-05-21
EEMO,NACL,National Aluminium Co Ltd,0.000965,2026-05-20,2026-05-21
EEMO,PPC,Public Power Corp SA,0.000959,2026-05-20,2026-05-21
EEMO,6919,Caliway Biopharmaceuticals Co Ltd,0.000954,2026-05-20,2026-05-21
EEMO,005385,Hyundai Motor Co,0.000895,2026-05-20,2026-05-21
EEMO,024110,Industrial Bank of Korea,0.000882,2026-05-20,2026-05-21
EEMO,MUTH,Muthoot Finance Ltd,0.000882,2026-05-20,2026-05-21
EEMO,005940,NH Investment & Securities Co Ltd,0.000867,2026-05-20,2026-05-21
EEMO,AIRARABI,Air Arabia PJSC,0.000866,2026-05-20,2026-05-21
EEMO,AXIA6,Axia Energia SA,0.000864,2026-05-20,2026-05-21
EEMO,AUBANK,AU Small Finance Bank Ltd,0.000851,2026-05-20,2026-05-21
EEMO,TPE,Tauron Polska Energia SA,0.000845,2026-05-20,2026-05-21
EEMO,087010,Peptron Inc,0.000837,2026-05-20,2026-05-21
EEMO,ABCAP,Aditya Birla Capital Ltd,0.00083,2026-05-20,2026-05-21
EEMO,ISA,Interconexion Electrica SA ESP,0.000804,2026-05-20,2026-05-21
EEMO,BRMS,Bumi Resources Minerals Tbk PT,0.000804,2026-05-20,2026-05-21
EEMO,000250,Sam Chun Dang Pharm Co Ltd,0.000803,2026-05-20,2026-05-21
EEMO,307950,Hyundai Autoever Corp,0.000795,2026-05-20,2026-05-21
EEMO,000880,Hanwha Corp,0.000774,2026-05-20,2026-05-21
EEMO,425,Minth Group Ltd,0.000774,2026-05-20,2026-05-21
EEMO,1209,China Resources Mixc Lifestyle Services Ltd,0.000752,2026-05-20,2026-05-21
EEMO,1258,China Nonferrous Mining Corp Ltd,0.000751,2026-05-20,2026-05-21
EEMO,LTF,L&T Finance Ltd,0.000735,2026-05-20,2026-05-21
EEMO,MOH,Motor Oil Hellas Corinth Refineries SA,0.000729,2026-05-20,2026-05-21
EEMO,MOTV3,Motiva Infraestrutura de Mobilidade SA,0.000718,2026-05-20,2026-05-21
EEMO,TERA,Tera Yatirim Menkul Degerler AS,0.000682,2026-05-20,2026-05-21
EEMO,2400,XD Inc,0.000682,2026-05-20,2026-05-21
EEMO,1138,COSCO SHIPPING Energy Transportation Co Ltd,0.000681,2026-05-20,2026-05-21
EEMO,OPL,Orange Polska SA,0.000676,2026-05-20,2026-05-21
EEMO,277810,Rainbow Robotics,0.000673,2026-05-20,2026-05-21
EEMO,PEKGY,Peker Gayrimenkul Yatirim Ortakligi AS,0.000648,2026-05-20,2026-05-21
EEMO,1802,Taiwan Glass Industry Corp,0.000632,2026-05-20,2026-05-21
EEMO,HCP,Hindustan Copper Ltd,0.000624,2026-05-20,2026-05-21
EEMO,078930,GS Holdings Corp,0.000605,2026-05-20,2026-05-21
EEMO,6990,Sichuan Kelun-Biotech Biopharmaceutical Co Ltd,0.000605,2026-05-20,2026-05-21
EEMO,UPL,United Plantations BHD,0.000601,2026-05-20,2026-05-21
EEMO,BRPT,Barito Pacific Tbk PT,0.000597,2026-05-20,2026-05-21
EEMO,032640,LG Uplus Corp,0.000587,2026-05-20,2026-05-21
EEMO,CBK,Canara Bank,0.000585,2026-05-20,2026-05-21
EEMO,INBK,Indian Bank,0.000564,2026-05-20,2026-05-21
EEMO,1776,GF Securities Co Ltd,0.000562,2026-05-20,2026-05-21
EEMO,CENER,Cenergy Holdings SA,0.000557,2026-05-20,2026-05-21
EEMO,MAGEN,Margun Enerji Uretim Sanayi VE Ticaret AS,0.000553,2026-05-20,2026-05-21
EEMO,1729,Time Interconnect Technology Ltd,0.000536,2026-05-20,2026-05-21
EEMO,PFGRUPSU,Grupo de Inversiones Suramericana SA,0.000529,2026-05-20,2026-05-21
EEMO,RGC,Regencell Bioscience Holdings Ltd,0.000526,2026-05-20,2026-05-21
EEMO,ANTM,Aneka Tambang Tbk,0.000497,2026-05-20,2026-05-21
EEMO,631,Sany Heavy Equipment International Holdings Co Ltd,0.000496,2026-05-20,2026-05-21
EEMO,1044,Hengan International Group Co Ltd,0.000478,2026-05-20,2026-05-21
EEMO,1385,Shanghai Fudan Microelectronics Group Co Ltd,0.000473,2026-05-20,2026-05-21
EEMO,CPFE3,CPFL Energia SA,0.00047,2026-05-20,2026-05-21
EEMO,1072,Dongfang Electric Corp Ltd,0.000469,2026-05-20,2026-05-21
EEMO,IGRD,Estithmar Holding QPSC,0.000467,2026-05-20,2026-05-21
EEMO,867,China Medical System Holdings Ltd,0.000466,2026-05-20,2026-05-21
EEMO,3939,Wanguo Gold Group Ltd,0.000452,2026-05-20,2026-05-21
EEMO,TDC,TIME dotCom Bhd,0.00044,2026-05-20,2026-05-21
EEMO,IMPC,Impack Pratama Industri Tbk PT,0.000424,2026-05-20,2026-05-21
EEMO,000155,Doosan Co Ltd,0.000422,2026-05-20,2026-05-21
EEMO,001040,CJ Corp,0.000392,2026-05-20,2026-05-21
EEMO,2689,Nine Dragons Paper Holdings Ltd,0.000387,2026-05-20,2026-05-21
EEMO,99SMART,99 Speed Mart Retail Holdings Bhd,0.000366,2026-05-20,2026-05-21
EEMO,2208,Goldwind Science & Technology Co Ltd,0.000355,2026-05-20,2026-05-21
EEMO,TWD,CASH & EQUIVALENTS,0.000348,2026-05-20,2026-05-21
EEMO,KLRHO,Kiler Holding AS,0.000336,2026-05-20,2026-05-21
EEMO,1833,Ping An Healthcare and Technology Co Ltd,0.000316,2026-05-20,2026-05-21
EEMO,1508,China Reinsurance Group Corp,0.000316,2026-05-20,2026-05-21
EEMO,TISCO-R,Tisco Financial Group PCL,0.000304,2026-05-20,2026-05-21
EEMO,2276,Shanghai Conant Optical Co Ltd,0.000287,2026-05-20,2026-05-21
EEMO,SREIT,Sunway Real Estate Investment Trust,0.000286,2026-05-20,2026-05-21
EEMO,2268,WuXi XDC Cayman Inc,0.000285,2026-05-20,2026-05-21
EEMO,071055,Korea Investment Holdings Co Ltd,0.000262,2026-05-20,2026-05-21
EEMO,TRALT,Turk Altin Isletmeleri AS,0.000261,2026-05-20,2026-05-21
EEMO,PASEU,Pasifik Eurasia Lojistik Dis Ticaret AS,0.000258,2026-05-20,2026-05-21
EEMO,991,Datang International Power Generation Co Ltd,0.000256,2026-05-20,2026-05-21
EEMO,546,Fufeng Group Ltd,0.000221,2026-05-20,2026-05-21
EEMO,HKD,CASH & EQUIVALENTS,0.000203,2026-05-20,2026-05-21
EEMO,009155,Samsung Electro-Mechanics Co Ltd,0.000203,2026-05-20,2026-05-21
EEMO,564,ZCZL Industrial Technology Group Co Ltd,0.000198,2026-05-20,2026-05-21
EEMO,RALYH,Ral Yatirim Holding AS,0.000197,2026-05-20,2026-05-21
EEMO,670,China Eastern Airlines Corp Ltd,0.000196,2026-05-20,2026-05-21
EEMO,2696,Shanghai Henlius Biotech Inc,0.000194,2026-05-20,2026-05-21
EEMO,00088K,Hanwha Corp,0.000174,2026-05-20,2026-05-21
EEMO,GUBRF,Gubre Fabrikalari TAS,0.000167,2026-05-20,2026-05-21
EEMO,512,Grand Pharmaceutical Group Ltd,0.000163,2026-05-20,2026-05-21
EEMO,ENERY,Enerya Enerji AS,0.000143,2026-05-20,2026-05-21
EEMO,ENJSA,Enerjisa Enerji AS,0.000139,2026-05-20,2026-05-21
EEMO,1672,Ascletis Pharma Inc,0.000137,2026-05-20,2026-05-21
EEMO,FILM,MD Entertainment Tbk PT,0.000117,2026-05-20,2026-05-21
EEMO,HALKB,Turkiye Halk Bankasi AS,0.000116,2026-05-20,2026-05-21
EEMO,005389,Hyundai Motor Co,0.000105,2026-05-20,2026-05-21
EEMO,2419,Dekon Food And Agriculture Group,0.000102,2026-05-20,2026-05-21
EEMO,6127,Joinn Laboratories China Co Ltd,9e-05,2026-05-20,2026-05-21
EEMO,2610,Nanshan Aluminium International Holdings Ltd,8.8e-05,2026-05-20,2026-05-21
EEMO,2507,Cirrus Aircraft Ltd,8.6e-05,2026-05-20,2026-05-21
EEMO,6680,JL Mag Rare-Earth Co Ltd,8.2e-05,2026-05-20,2026-05-21
EEMO,TABGD,TAB Gida Sanayi Ve Ticaret AS,8.1e-05,2026-05-20,2026-05-21
EEMO,2245,Lygend Resources & Technology Co Ltd-H,8e-05,2026-05-20,2026-05-21
EEMO,ECILC,EIS Eczacibasi Ilac ve Sinai ve Finansal Yatirimlar Sanayi ve Ticaret AS,7.2e-05,2026-05-20,2026-05-21
EEMO,7489,VOYAH Automobile Technology Co Ltd,5.3e-05,2026-05-20,2026-05-21
EEMO,EFOR,Efor Yatirim Sanayi Ticaret AS,5.2e-05,2026-05-20,2026-05-21
EEMO,INR,CASH & EQUIVALENTS,8e-06,2026-05-20,2026-05-21
EEMO,GBP,CASH & EQUIVALENTS,6e-06,2026-05-20,2026-05-21
EEMO,BRL,CASH & EQUIVALENTS,2e-06,2026-05-20,2026-05-21
EEMO,EGP,CASH & EQUIVALENTS,1e-06,2026-05-20,2026-05-21
EEMO,TRY,CASH & EQUIVALENTS,0.0,2026-05-20,2026-05-21
EEMO,HUF,CASH & EQUIVALENTS,0.0,2026-05-20,2026-05-21
EEMO,EUR,CASH & EQUIVALENTS,0.0,2026-05-20,2026-05-21
PDP,AAPL,Apple Inc,0.032781,2026-05-20,2026-05-21
PDP,FIX,Comfort Systems USA Inc,0.031575,2026-05-20,2026-05-21
PDP,TRGP,Targa Resources Corp,0.026933,2026-05-20,2026-05-21
PDP,WDC,Western Digital Corp,0.024633,2026-05-20,2026-05-21
PDP,APH,Amphenol Corp,0.024384,2026-05-20,2026-05-21
PDP,PWR,Quanta Services Inc,0.023471,2026-05-20,2026-05-21
PDP,STX,Seagate Technology Holdings PLC,0.021842,2026-05-20,2026-05-21
PDP,CRS,Carpenter Technology Corp,0.0216,2026-05-20,2026-05-21
PDP,GWW,WW Grainger Inc,0.021158,2026-05-20,2026-05-21
PDP,MU,Micron Technology Inc,0.021115,2026-05-20,2026-05-21
PDP,CIEN,Ciena Corp,0.021073,2026-05-20,2026-05-21
PDP,HWM,Howmet Aerospace Inc,0.021004,2026-05-20,2026-05-21
PDP,ATI,ATI Inc,0.020209,2026-05-20,2026-05-21
PDP,AMAT,Applied Materials Inc,0.018491,2026-05-20,2026-05-21
PDP,STRL,Sterling Infrastructure Inc,0.017058,2026-05-20,2026-05-21
PDP,TT,Trane Technologies PLC,0.017025,2026-05-20,2026-05-21
PDP,COST,Costco Wholesale Corp,0.016289,2026-05-20,2026-05-21
PDP,JBL,Jabil Inc,0.015923,2026-05-20,2026-05-21
PDP,GOOGL,Alphabet Inc,0.01569,2026-05-20,2026-05-21
PDP,GEV,GE Vernova Inc,0.015455,2026-05-20,2026-05-21
PDP,EME,EMCOR Group Inc,0.015358,2026-05-20,2026-05-21
PDP,MLI,Mueller Industries Inc,0.013852,2026-05-20,2026-05-21
PDP,MTZ,MasTec Inc,0.013755,2026-05-20,2026-05-21
PDP,LRCX,Lam Research Corp,0.013272,2026-05-20,2026-05-21
PDP,APG,API Group Corp,0.012216,2026-05-20,2026-05-21
PDP,THC,Tenet Healthcare Corp,0.012053,2026-05-20,2026-05-21
PDP,CW,Curtiss-Wright Corp,0.011496,2026-05-20,2026-05-21
PDP,CAT,Caterpillar Inc,0.011235,2026-05-20,2026-05-21
PDP,VRT,Vertiv Holdings Co,0.010915,2026-05-20,2026-05-21
PDP,AM,Antero Midstream Corp,0.010563,2026-05-20,2026-05-21
PDP,DRS,Leonardo DRS Inc,0.009877,2026-05-20,2026-05-21
PDP,TER,Teradyne Inc,0.009642,2026-05-20,2026-05-21
PDP,BE,Bloom Energy Corp,0.009428,2026-05-20,2026-05-21
PDP,ENSG,Ensign Group Inc/The,0.009103,2026-05-20,2026-05-21
PDP,IBKR,Interactive Brokers Group Inc,0.00879,2026-05-20,2026-05-21
PDP,TPR,Tapestry Inc,0.008635,2026-05-20,2026-05-21
PDP,CASY,Casey's General Stores Inc,0.008306,2026-05-20,2026-05-21
PDP,NET,Cloudflare Inc,0.008221,2026-05-20,2026-05-21
PDP,NXT,Nextpower Inc,0.00822,2026-05-20,2026-05-21
PDP,CLH,Clean Harbors Inc,0.008162,2026-05-20,2026-05-21
PDP,MCK,McKesson Corp,0.008017,2026-05-20,2026-05-21
PDP,GE,General Electric Co,0.00771,2026-05-20,2026-05-21
PDP,BWXT,BWX Technologies Inc,0.007667,2026-05-20,2026-05-21
PDP,DY,Dycom Industries Inc,0.007635,2026-05-20,2026-05-21
PDP,MPWR,Monolithic Power Systems Inc,0.007541,2026-05-20,2026-05-21
PDP,USFD,US Foods Holding Corp,0.00752,2026-05-20,2026-05-21
PDP,NFLX,Netflix Inc,0.007327,2026-05-20,2026-05-21
PDP,SFM,Sprouts Farmers Market Inc,0.007194,2026-05-20,2026-05-21
PDP,WMB,Williams Cos Inc/The,0.007118,2026-05-20,2026-05-21
PDP,PH,Parker-Hannifin Corp,0.007034,2026-05-20,2026-05-21
PDP,ROIV,Roivant Sciences Ltd,0.007032,2026-05-20,2026-05-21
PDP,IRM,Iron Mountain Inc,0.006891,2026-05-20,2026-05-21
PDP,GS,Goldman Sachs Group Inc/The,0.006863,2026-05-20,2026-05-21
PDP,CAH,Cardinal Health Inc,0.006822,2026-05-20,2026-05-21
PDP,SPXC,SPX Technologies Inc,0.006776,2026-05-20,2026-05-21
PDP,WWD,Woodward Inc,0.006763,2026-05-20,2026-05-21
PDP,ALB,Albemarle Corp,0.006671,2026-05-20,2026-05-21
PDP,CBOE,Cboe Global Markets Inc,0.006664,2026-05-20,2026-05-21
PDP,CMI,Cummins Inc,0.006374,2026-05-20,2026-05-21
PDP,AME,AMETEK Inc,0.006342,2026-05-20,2026-05-21
PDP,MAR,Marriott International Inc/MD,0.006246,2026-05-20,2026-05-21
PDP,RBC,RBC Bearings Inc,0.006239,2026-05-20,2026-05-21
PDP,WELL,Welltower Inc,0.006172,2026-05-20,2026-05-21
PDP,RL,Ralph Lauren Corp,0.006116,2026-05-20,2026-05-21
PDP,BK,Bank of New York Mellon Corp/The,0.006057,2026-05-20,2026-05-21
PDP,WAB,Westinghouse Air Brake Technologies Corp,0.006039,2026-05-20,2026-05-21
PDP,DTM,DT Midstream Inc,0.006035,2026-05-20,2026-05-21
PDP,EXEL,Exelixis Inc,0.005951,2026-05-20,2026-05-21
PDP,BPOP,Popular Inc,0.005946,2026-05-20,2026-05-21
PDP,AA,Alcoa Corp,0.005937,2026-05-20,2026-05-21
PDP,HUBB,Hubbell Inc,0.005873,2026-05-20,2026-05-21
PDP,ASTS,AST SpaceMobile Inc,0.005873,2026-05-20,2026-05-21
PDP,HLT,Hilton Worldwide Holdings Inc,0.005859,2026-05-20,2026-05-21
PDP,WMT,Walmart Inc,0.005769,2026-05-20,2026-05-21
PDP,GRMN,Garmin Ltd,0.005758,2026-05-20,2026-05-21
PDP,SOLS,Solstice Advanced Materials Inc,0.005706,2026-05-20,2026-05-21
PDP,UTHR,United Therapeutics Corp,0.005594,2026-05-20,2026-05-21
PDP,XPO,XPO Inc,0.005542,2026-05-20,2026-05-21
PDP,ENTG,Entegris Inc,0.005481,2026-05-20,2026-05-21
PDP,CHRW,CH Robinson Worldwide Inc,0.005451,2026-05-20,2026-05-21
PDP,BKR,Baker Hughes Co,0.00545,2026-05-20,2026-05-21
PDP,WSM,Williams-Sonoma Inc,0.005406,2026-05-20,2026-05-21
PDP,MRNA,Moderna Inc,0.005378,2026-05-20,2026-05-21
PDP,CRCL,Circle Internet Group Inc,0.005304,2026-05-20,2026-05-21
PDP,JCI,Johnson Controls International plc,0.005278,2026-05-20,2026-05-21
PDP,GM,General Motors Co,0.00522,2026-05-20,2026-05-21
PDP,FERG,Ferguson Enterprises Inc,0.005188,2026-05-20,2026-05-21
PDP,ITT,ITT Inc,0.005173,2026-05-20,2026-05-21
PDP,OVV,Ovintiv Inc,0.005166,2026-05-20,2026-05-21
PDP,JPM,JPMorgan Chase & Co,0.005154,2026-05-20,2026-05-21
PDP,OXY,Occidental Petroleum Corp,0.005062,2026-05-20,2026-05-21
PDP,BURL,Burlington Stores Inc,0.005014,2026-05-20,2026-05-21
PDP,CF,CF Industries Holdings Inc,0.004925,2026-05-20,2026-05-21
PDP,GILD,Gilead Sciences Inc,0.004714,2026-05-20,2026-05-21
PDP,EXPE,Expedia Group Inc,0.004561,2026-05-20,2026-05-21
PDP,RTX,RTX Corp,0.004514,2026-05-20,2026-05-21
PDP,COKE,Coca-Cola Consolidated Inc,0.004322,2026-05-20,2026-05-21
PDP,COR,Cencora Inc,0.004284,2026-05-20,2026-05-21
PDP,MSI,Motorola Solutions Inc,0.00428,2026-05-20,2026-05-21
PDP,CACI,CACI International Inc,0.004024,2026-05-20,2026-05-21
DWAS,SNDK,Sandisk Corp/DE,0.025077,2026-05-20,2026-05-21
DWAS,SEZL,Sezzle Inc,0.022902,2026-05-20,2026-05-21
DWAS,PL,Planet Labs PBC,0.018214,2026-05-20,2026-05-21
DWAS,BELFB,Bel Fuse Inc,0.015255,2026-05-20,2026-05-21
DWAS,KOD,Kodiak Sciences Inc,0.013998,2026-05-20,2026-05-21
DWAS,TNGX,Tango Therapeutics Inc,0.013029,2026-05-20,2026-05-21
DWAS,TTMI,TTM Technologies Inc,0.012774,2026-05-20,2026-05-21
DWAS,CELC,Celcuity Inc,0.012415,2026-05-20,2026-05-21
DWAS,LITE,Lumentum Holdings Inc,0.011633,2026-05-20,2026-05-21
DWAS,VSAT,Viasat Inc,0.010879,2026-05-20,2026-05-21
DWAS,GHM,Graham Corp,0.010849,2026-05-20,2026-05-21
DWAS,HRTG,Heritage Insurance Holdings Inc,0.010834,2026-05-20,2026-05-21
DWAS,MYRG,MYR Group Inc,0.010207,2026-05-20,2026-05-21
DWAS,ONDS,Ondas Inc,0.009667,2026-05-20,2026-05-21
DWAS,NUVL,Nuvalent Inc,0.009535,2026-05-20,2026-05-21
DWAS,APEI,American Public Education Inc,0.009385,2026-05-20,2026-05-21
DWAS,AEHR,Aehr Test Systems,0.008875,2026-05-20,2026-05-21
DWAS,PRAX,Praxis Precision Medicines Inc,0.008748,2026-05-20,2026-05-21
DWAS,LASR,nLight Inc,0.008539,2026-05-20,2026-05-21
DWAS,ERAS,Erasca Inc,0.007807,2026-05-20,2026-05-21
DWAS,ENVA,Enova International Inc,0.007715,2026-05-20,2026-05-21
DWAS,AIP,Arteris Inc,0.007547,2026-05-20,2026-05-21
DWAS,SATS,EchoStar Corp,0.007438,2026-05-20,2026-05-21
DWAS,NKTR,Nektar Therapeutics,0.007415,2026-05-20,2026-05-21
DWAS,LINC,Lincoln Educational Services Corp,0.007407,2026-05-20,2026-05-21
DWAS,AAMI,Acadian Asset Management Inc,0.007355,2026-05-20,2026-05-21
DWAS,AROC,Archrock Inc,0.007314,2026-05-20,2026-05-21
DWAS,ALMS,Alumis Inc,0.007148,2026-05-20,2026-05-21
DWAS,NBN,Northeast Bank,0.006933,2026-05-20,2026-05-21
DWAS,AMRX,Amneal Pharmaceuticals Inc,0.006872,2026-05-20,2026-05-21
DWAS,WULF,Terawulf Inc,0.006761,2026-05-20,2026-05-21
DWAS,SMTC,Semtech Corp,0.006625,2026-05-20,2026-05-21
DWAS,AXSM,Axsome Therapeutics Inc,0.006532,2026-05-20,2026-05-21
DWAS,CENX,Century Aluminum Co,0.0065,2026-05-20,2026-05-21
DWAS,DOCN,DigitalOcean Holdings Inc,0.006311,2026-05-20,2026-05-21
DWAS,CAPR,Capricor Therapeutics Inc,0.006286,2026-05-20,2026-05-21
DWAS,COGT,Cogent Biosciences Inc,0.006263,2026-05-20,2026-05-21
DWAS,SLS,SELLAS Life Sciences Group Inc,0.006106,2026-05-20,2026-05-21
DWAS,ORKA,Oruka Therapeutics Inc,0.006101,2026-05-20,2026-05-21
DWAS,FTK,Flotek Industries Inc,0.006007,2026-05-20,2026-05-21
DWAS,LUNR,Intuitive Machines Inc,0.005946,2026-05-20,2026-05-21
DWAS,GTX,Garrett Motion Inc,0.005888,2026-05-20,2026-05-21
DWAS,EZPW,EZCORP Inc,0.005884,2026-05-20,2026-05-21
DWAS,SNEX,StoneX Group Inc,0.005859,2026-05-20,2026-05-21
DWAS,DXPE,DXP Enterprises Inc/TX,0.005797,2026-05-20,2026-05-21
DWAS,LQDA,Liquidia Corp,0.005763,2026-05-20,2026-05-21
DWAS,SYRE,Spyre Therapeutics Inc,0.005687,2026-05-20,2026-05-21
DWAS,BTSG,BrightSpring Health Services Inc,0.005643,2026-05-20,2026-05-21
DWAS,RSI,Rush Street Interactive Inc,0.005577,2026-05-20,2026-05-21
DWAS,VIAV,Viavi Solutions Inc,0.005569,2026-05-20,2026-05-21
DWAS,LWLG,Lightwave Logic Inc,0.005547,2026-05-20,2026-05-21
DWAS,PNRG,PrimeEnergy Resources Corp,0.005451,2026-05-20,2026-05-21
DWAS,GVA,Granite Construction Inc,0.005444,2026-05-20,2026-05-21
DWAS,POWL,Powell Industries Inc,0.005198,2026-05-20,2026-05-21
DWAS,VICR,Vicor Corp,0.005107,2026-05-20,2026-05-21
DWAS,CVLG,Covenant Logistics Group Inc,0.005073,2026-05-20,2026-05-21
DWAS,HWKN,Hawkins Inc,0.004981,2026-05-20,2026-05-21
DWAS,BHE,Benchmark Electronics Inc,0.004968,2026-05-20,2026-05-21
DWAS,VSEC,VSE Corp,0.004924,2026-05-20,2026-05-21
DWAS,TRVI,Trevi Therapeutics Inc,0.004898,2026-05-20,2026-05-21
DWAS,IESC,IES Holdings Inc,0.004818,2026-05-20,2026-05-21
DWAS,ATRO,Astronics Corp,0.004815,2026-05-20,2026-05-21
DWAS,PLPC,Preformed Line Products Co,0.004766,2026-05-20,2026-05-21
DWAS,GKOS,Glaukos Corp,0.004701,2026-05-20,2026-05-21
DWAS,RLAY,Relay Therapeutics Inc,0.004653,2026-05-20,2026-05-21
DWAS,WT,WisdomTree Inc,0.004653,2026-05-20,2026-05-21
DWAS,ILPT,Industrial Logistics Properties Trust,0.004636,2026-05-20,2026-05-21
DWAS,CMPR,Cimpress PLC,0.004632,2026-05-20,2026-05-21
DWAS,AGX,Argan Inc,0.004614,2026-05-20,2026-05-21
DWAS,AXGN,Axogen Inc,0.004607,2026-05-20,2026-05-21
DWAS,CMP,Compass Minerals International Inc,0.004476,2026-05-20,2026-05-21
DWAS,ESQ,Esquire Financial Holdings Inc,0.004462,2026-05-20,2026-05-21
DWAS,NBR,Nabors Industries Ltd,0.00446,2026-05-20,2026-05-21
DWAS,PVLA,Palvella Therapeutics Inc,0.004448,2026-05-20,2026-05-21
DWAS,FORM,FormFactor Inc,0.004443,2026-05-20,2026-05-21
DWAS,UNFI,United Natural Foods Inc,0.004435,2026-05-20,2026-05-21
DWAS,MKSI,MKS Inc,0.004426,2026-05-20,2026-05-21
DWAS,PTGX,Protagonist Therapeutics Inc,0.004407,2026-05-20,2026-05-21
DWAS,ICHR,Ichor Holdings Ltd,0.004386,2026-05-20,2026-05-21
DWAS,SEPN,Septerna Inc,0.004382,2026-05-20,2026-05-21
DWAS,PRIM,Primoris Services Corp,0.004361,2026-05-20,2026-05-21
DWAS,KGS,Kodiak Gas Services Inc,0.004326,2026-05-20,2026-05-21
DWAS,PLXS,Plexus Corp,0.00428,2026-05-20,2026-05-21
DWAS,R,Ryder System Inc,0.004279,2026-05-20,2026-05-21
DWAS,MOD,Modine Manufacturing Co,0.004274,2026-05-20,2026-05-21
DWAS,PACS,PACS Group Inc,0.004271,2026-05-20,2026-05-21
DWAS,ESI,Element Solutions Inc,0.004255,2026-05-20,2026-05-21
DWAS,ENS,EnerSys,0.004247,2026-05-20,2026-05-21
DWAS,YOU,Clear Secure Inc,0.004245,2026-05-20,2026-05-21
DWAS,ECG,Everus Construction Group Inc,0.004239,2026-05-20,2026-05-21
DWAS,IDCC,InterDigital Inc,0.004229,2026-05-20,2026-05-21
DWAS,NHC,National HealthCare Corp,0.004221,2026-05-20,2026-05-21
DWAS,NPO,Enpro Inc,0.00417,2026-05-20,2026-05-21
DWAS,DNTH,Dianthus Therapeutics Inc,0.004162,2026-05-20,2026-05-21
DWAS,SPHR,Sphere Entertainment Co,0.004125,2026-05-20,2026-05-21
DWAS,OUT,Outfront Media Inc,0.004123,2026-05-20,2026-05-21
DWAS,ULS,UL Solutions Inc,0.004083,2026-05-20,2026-05-21
DWAS,MATX,Matson Inc,0.00407,2026-05-20,2026-05-21
DWAS,ADTN,ADTRAN Holdings Inc,0.004057,2026-05-20,2026-05-21
DWAS,UVE,Universal Insurance Holdings Inc,0.004055,2026-05-20,2026-05-21
DWAS,RUSHA,Rush Enterprises Inc,0.004016,2026-05-20,2026-05-21
DWAS,BLBD,Blue Bird Corp,0.003951,2026-05-20,2026-05-21
DWAS,PUMP,ProPetro Holding Corp,0.003916,2026-05-20,2026-05-21
DWAS,BKD,Brookdale Senior Living Inc,0.003914,2026-05-20,2026-05-21
DWAS,PARR,Par Pacific Holdings Inc,0.003912,2026-05-20,2026-05-21
DWAS,ROAD,Construction Partners Inc,0.003909,2026-05-20,2026-05-21
DWAS,MCY,Mercury General Corp,0.003905,2026-05-20,2026-05-21
DWAS,GNW,Genworth Financial Inc,0.003894,2026-05-20,2026-05-21
DWAS,DAN,Dana Inc,0.003886,2026-05-20,2026-05-21
DWAS,JXN,Jackson Financial Inc,0.003841,2026-05-20,2026-05-21
DWAS,CUBI,Customers Bancorp Inc,0.003834,2026-05-20,2026-05-21
DWAS,ESE,ESCO Technologies Inc,0.003801,2026-05-20,2026-05-21
DWAS,RIG,Transocean Ltd,0.003794,2026-05-20,2026-05-21
DWAS,AZZ,AZZ Inc,0.003778,2026-05-20,2026-05-21
DWAS,OPY,Oppenheimer Holdings Inc,0.003775,2026-05-20,2026-05-21
DWAS,TE,T1 Energy Inc,0.003775,2026-05-20,2026-05-21
DWAS,MCB,Metropolitan Bank Holding Corp,0.003762,2026-05-20,2026-05-21
DWAS,MOG/A,Moog Inc,0.003749,2026-05-20,2026-05-21
DWAS,CLMT,Calumet Inc,0.003711,2026-05-20,2026-05-21
DWAS,NPKI,NPK International Inc,0.003684,2026-05-20,2026-05-21
DWAS,STOK,Stoke Therapeutics Inc,0.003682,2026-05-20,2026-05-21
DWAS,MBIN,Merchants Bancorp/IN,0.00368,2026-05-20,2026-05-21
DWAS,NGS,Natural Gas Services Group Inc,0.003665,2026-05-20,2026-05-21
DWAS,SEI,Solaris Energy Infrastructure Inc,0.003661,2026-05-20,2026-05-21
DWAS,CGEM,Cullinan Therapeutics Inc,0.003656,2026-05-20,2026-05-21
DWAS,BIOA,BioAge Labs Inc,0.003649,2026-05-20,2026-05-21
DWAS,HWC,Hancock Whitney Corp,0.003643,2026-05-20,2026-05-21
DWAS,GLRE,Greenlight Capital Re Ltd,0.003639,2026-05-20,2026-05-21
DWAS,FET,Forum Energy Technologies Inc,0.003637,2026-05-20,2026-05-21
DWAS,PPIH,Perma-Pipe International Holdings Inc,0.003636,2026-05-20,2026-05-21
DWAS,LIND,Lindblad Expeditions Holdings Inc,0.003632,2026-05-20,2026-05-21
DWAS,AMG,Affiliated Managers Group Inc,0.003618,2026-05-20,2026-05-21
DWAS,DSGN,Design Therapeutics Inc,0.003616,2026-05-20,2026-05-21
DWAS,MIRM,Mirum Pharmaceuticals Inc,0.00361,2026-05-20,2026-05-21
DWAS,NVRI,Enviri Corp,0.003581,2026-05-20,2026-05-21
DWAS,RCUS,Arcus Biosciences Inc,0.003534,2026-05-20,2026-05-21
DWAS,KYTX,Kyverna Therapeutics Inc,0.003532,2026-05-20,2026-05-21
DWAS,CVCO,Cavco Industries Inc,0.003512,2026-05-20,2026-05-21
DWAS,ALNT,Allient Inc,0.003512,2026-05-20,2026-05-21
DWAS,IONS,Ionis Pharmaceuticals Inc,0.003511,2026-05-20,2026-05-21
DWAS,ENTA,Enanta Pharmaceuticals Inc,0.003496,2026-05-20,2026-05-21
DWAS,LBRT,Liberty Energy Inc,0.003472,2026-05-20,2026-05-21
DWAS,LGND,Ligand Pharmaceuticals Inc,0.003468,2026-05-20,2026-05-21
DWAS,AX,Axos Financial Inc,0.003457,2026-05-20,2026-05-21
DWAS,LAUR,Laureate Education Inc,0.003431,2026-05-20,2026-05-21
DWAS,MLTX,MoonLake Immunotherapeutics,0.003416,2026-05-20,2026-05-21
DWAS,EE,Excelerate Energy Inc,0.003413,2026-05-20,2026-05-21
DWAS,WTS,Watts Water Technologies Inc,0.003403,2026-05-20,2026-05-21
DWAS,KYMR,Kymera Therapeutics Inc,0.003392,2026-05-20,2026-05-21
DWAS,GPRE,Green Plains Inc,0.003376,2026-05-20,2026-05-21
DWAS,SENEA,Seneca Foods Corp,0.003357,2026-05-20,2026-05-21
DWAS,AEIS,Advanced Energy Industries Inc,0.003353,2026-05-20,2026-05-21
DWAS,DK,Delek US Holdings Inc,0.003343,2026-05-20,2026-05-21
DWAS,DBD,Diebold Nixdorf Inc,0.003338,2026-05-20,2026-05-21
DWAS,PRDO,Perdoceo Education Corp,0.003331,2026-05-20,2026-05-21
DWAS,SXI,Standex International Corp,0.003313,2026-05-20,2026-05-21
DWAS,CGON,CG oncology Inc,0.003304,2026-05-20,2026-05-21
DWAS,GOLF,Acushnet Holdings Corp,0.003301,2026-05-20,2026-05-21
DWAS,STRT,Strattec Security Corp,0.003296,2026-05-20,2026-05-21
DWAS,ALSN,Allison Transmission Holdings Inc,0.00328,2026-05-20,2026-05-21
DWAS,TYRA,Tyra Biosciences Inc,0.003173,2026-05-20,2026-05-21
DWAS,JOE,St Joe Co/The,0.003169,2026-05-20,2026-05-21
DWAS,FIVE,Five Below Inc,0.003164,2026-05-20,2026-05-21
DWAS,RHLD,Resolute Holdings Management Inc,0.003158,2026-05-20,2026-05-21
DWAS,FDMT,4D Molecular Therapeutics Inc,0.003152,2026-05-20,2026-05-21
DWAS,ANAB,AnaptysBio Inc,0.003152,2026-05-20,2026-05-21
DWAS,LMND,Lemonade Inc,0.003137,2026-05-20,2026-05-21
DWAS,CWCO,Consolidated Water Co Ltd,0.003116,2026-05-20,2026-05-21
DWAS,LMAT,LeMaitre Vascular Inc,0.003114,2026-05-20,2026-05-21
DWAS,ANNX,Annexon Inc,0.003092,2026-05-20,2026-05-21
DWAS,CNX,CNX Resources Corp,0.003086,2026-05-20,2026-05-21
DWAS,CASH,Pathward Financial Inc,0.003085,2026-05-20,2026-05-21
DWAS,FLS,Flowserve Corp,0.003083,2026-05-20,2026-05-21
DWAS,BDC,Belden Inc,0.003082,2026-05-20,2026-05-21
DWAS,TCMD,Tactile Systems Technology Inc,0.003066,2026-05-20,2026-05-21
DWAS,LXU,LSB Industries Inc,0.003043,2026-05-20,2026-05-21
DWAS,SLDB,Solid Biosciences Inc,0.003033,2026-05-20,2026-05-21
DWAS,IRMD,iRadimed Corp,0.003033,2026-05-20,2026-05-21
DWAS,RCKY,Rocky Brands Inc,0.002951,2026-05-20,2026-05-21
DWAS,SOC,Sable Offshore Corp,0.002931,2026-05-20,2026-05-21
DWAS,GCT,GigaCloud Technology Inc,0.002925,2026-05-20,2026-05-21
DWAS,ZBIO,Zenas Biopharma Inc,0.002889,2026-05-20,2026-05-21
DWAS,FIGS,Figs Inc,0.002871,2026-05-20,2026-05-21
DWAS,SNDX,Syndax Pharmaceuticals Inc,0.002801,2026-05-20,2026-05-21
DWAS,ELAN,Elanco Animal Health Inc,0.002771,2026-05-20,2026-05-21
DWAS,PATK,Patrick Industries Inc,0.002744,2026-05-20,2026-05-21
DWAS,AMPY,Amplify Energy Corp,0.002735,2026-05-20,2026-05-21
DWAS,VISN,Vistance Networks Inc,0.00268,2026-05-20,2026-05-21
DWAS,IBP,Installed Building Products Inc,0.002655,2026-05-20,2026-05-21
DWAS,AMPX,Amprius Technologies Inc,0.002634,2026-05-20,2026-05-21
DWAS,UMAC,Unusual Machines Inc /US,0.002578,2026-05-20,2026-05-21
DWAS,RYAM,Rayonier Advanced Materials Inc,0.002558,2026-05-20,2026-05-21
DWAS,CTRN,Citi Trends Inc,0.002557,2026-05-20,2026-05-21
DWAS,FSLY,Fastly Inc,0.002491,2026-05-20,2026-05-21
DWAS,PAHC,Phibro Animal Health Corp,0.002468,2026-05-20,2026-05-21
DWAS,OIS,Oil States International Inc,0.002464,2026-05-20,2026-05-21
DWAS,MAZE,Maze Therapeutics Inc,0.002343,2026-05-20,2026-05-21
DWAS,KRMN,Karman Holdings Inc,0.002146,2026-05-20,2026-05-21
DWAS,BTU,Peabody Energy Corp,0.002091,2026-05-20,2026-05-21
PIZ,ABBN,ABB Ltd,0.030615,2026-05-20,2026-05-21
PIZ,CSU,Constellation Software Inc/Canada,0.030058,2026-05-20,2026-05-21
PIZ,402340,SK Square Co Ltd,0.029011,2026-05-20,2026-05-21
PIZ,5803,Fujikura Ltd,0.027203,2026-05-20,2026-05-21
PIZ,TIH,Toromont Industries Ltd,0.026294,2026-05-20,2026-05-21
PIZ,5801,Furukawa Electric Co Ltd,0.025758,2026-05-20,2026-05-21
PIZ,BBD/B,Bombardier Inc,0.024598,2026-05-20,2026-05-21
PIZ,ENR,Siemens Energy AG,0.024369,2026-05-20,2026-05-21
PIZ,MZTF,Mizrahi Tefahot Bank Ltd,0.022935,2026-05-20,2026-05-21
PIZ,NXSN,Next Vision Stabilized Systems Ltd,0.021339,2026-05-20,2026-05-21
PIZ,FHZN,Flughafen Zurich AG,0.020948,2026-05-20,2026-05-21
PIZ,RY,Royal Bank of Canada,0.02025,2026-05-20,2026-05-21
PIZ,000150,Doosan Co Ltd,0.019627,2026-05-20,2026-05-21
PIZ,000660,SK hynix Inc,0.019459,2026-05-20,2026-05-21
PIZ,RR/,Rolls-Royce Holdings PLC,0.019407,2026-05-20,2026-05-21
PIZ,INVEB,Investor AB,0.016873,2026-05-20,2026-05-21
PIZ,BGEO,Lion Finance Group PLC,0.015484,2026-05-20,2026-05-21
PIZ,HLMA,Halma PLC,0.015326,2026-05-20,2026-05-21
PIZ,TASE,Tel Aviv Stock Exchange Ltd,0.01483,2026-05-20,2026-05-21
PIZ,KOG,Kongsberg Gruppen ASA,0.013973,2026-05-20,2026-05-21
PIZ,272210,Hanwha Systems Co Ltd,0.013531,2026-05-20,2026-05-21
PIZ,7011,Mitsubishi Heavy Industries Ltd,0.013508,2026-05-20,2026-05-21
PIZ,FIBI,First International Bank Of Israel Ltd/The,0.012283,2026-05-20,2026-05-21
PIZ,5706,Mitsui Kinzoku Co Ltd,0.011219,2026-05-20,2026-05-21
PIZ,009150,Samsung Electro-Mechanics Co Ltd,0.011089,2026-05-20,2026-05-21
PIZ,SAABB,Saab AB,0.010887,2026-05-20,2026-05-21
PIZ,006800,Mirae Asset Securities Co Ltd,0.01087,2026-05-20,2026-05-21
PIZ,SLHN,Swiss Life Holding AG,0.010826,2026-05-20,2026-05-21
PIZ,BPE,BPER Banca SPA,0.010622,2026-05-20,2026-05-21
PIZ,5016,JX Advanced Metals Corp,0.010522,2026-05-20,2026-05-21
PIZ,BIRG,Bank of Ireland Group PLC,0.010464,2026-05-20,2026-05-21
PIZ,LDO,Leonardo SpA,0.009877,2026-05-20,2026-05-21
PIZ,OCBC,Oversea-Chinese Banking Corp Ltd,0.009752,2026-05-20,2026-05-21
PIZ,6857,Advantest Corp,0.00973,2026-05-20,2026-05-21
PIZ,YZJSGD,Yangzijiang Shipbuilding Holdings Ltd,0.009504,2026-05-20,2026-05-21
PIZ,UNI,Unipol Assicurazioni SpA,0.008927,2026-05-20,2026-05-21
PIZ,HOT,HOCHTIEF AG,0.00883,2026-05-20,2026-05-21
PIZ,RILBA,Ringkjoebing Landbobank A/S,0.00878,2026-05-20,2026-05-21
PIZ,UCG,UniCredit SpA,0.008711,2026-05-20,2026-05-21
PIZ,278470,APR Corp/Korea,0.008577,2026-05-20,2026-05-21
PIZ,HARL,Harel Insurance Investments & Financial Services Ltd,0.008525,2026-05-20,2026-05-21
PIZ,BCP,Banco Comercial Portugues SA,0.008509,2026-05-20,2026-05-21
PIZ,010120,LS Electric Co Ltd,0.008378,2026-05-20,2026-05-21
PIZ,AIBG,AIB Group PLC,0.008352,2026-05-20,2026-05-21
PIZ,PRY,Prysmian SpA,0.008061,2026-05-20,2026-05-21
PIZ,6269,Modec Inc,0.007757,2026-05-20,2026-05-21
PIZ,ACS,ACS Actividades de Construccion y Servicios SA,0.007649,2026-05-20,2026-05-21
PIZ,PLS,PLS Group Ltd,0.007599,2026-05-20,2026-05-21
PIZ,BBVA,Banco Bilbao Vizcaya Argentaria SA,0.00734,2026-05-20,2026-05-21
PIZ,4004,Resonac Holdings Corp,0.0073,2026-05-20,2026-05-21
PIZ,CABK,CaixaBank SA,0.007009,2026-05-20,2026-05-21
PIZ,FER,Ferrovial NV,0.006996,2026-05-20,2026-05-21
PIZ,IDR,Indra Sistemas SA,0.006745,2026-05-20,2026-05-21
PIZ,MIN,Mineral Resources Ltd,0.006557,2026-05-20,2026-05-21
PIZ,DPLM,Diploma PLC,0.00655,2026-05-20,2026-05-21
PIZ,8341,77 Bank Ltd/The,0.006437,2026-05-20,2026-05-21
PIZ,BG,BAWAG Group AG,0.006365,2026-05-20,2026-05-21
PIZ,AD,Koninklijke Ahold Delhaize NV,0.006327,2026-05-20,2026-05-21
PIZ,POLI,Bank Hapoalim BM,0.006268,2026-05-20,2026-05-21
PIZ,OPCE,OPC Energy Ltd,0.006222,2026-05-20,2026-05-21
PIZ,DSCT,Israel Discount Bank Ltd,0.005933,2026-05-20,2026-05-21
PIZ,INGA,ING Groep NV,0.005885,2026-05-20,2026-05-21
PIZ,034020,Doosan Enerbility Co Ltd,0.005883,2026-05-20,2026-05-21
PIZ,6361,Ebara Corp,0.005857,2026-05-20,2026-05-21
PIZ,LUG,Lundin Gold Inc,0.005852,2026-05-20,2026-05-21
PIZ,5802,Sumitomo Electric Industries Ltd,0.005791,2026-05-20,2026-05-21
PIZ,FTT,Finning International Inc,0.005777,2026-05-20,2026-05-21
PIZ,ALSYDB,AL Sydbank,0.0057,2026-05-20,2026-05-21
PIZ,8334,Gunma Bank Ltd/The,0.005664,2026-05-20,2026-05-21
PIZ,DIE,D'ieteren Group,0.00564,2026-05-20,2026-05-21
PIZ,1942,Kandenko Co Ltd,0.005538,2026-05-20,2026-05-21
PIZ,3563,Food & Life Cos Ltd,0.005517,2026-05-20,2026-05-21
PIZ,000720,Hyundai Engineering & Construction Co Ltd,0.005444,2026-05-20,2026-05-21
PIZ,ALV,Allianz SE,0.005427,2026-05-20,2026-05-21
PIZ,7013,IHI Corp,0.00538,2026-05-20,2026-05-21
PIZ,8058,Mitsubishi Corp,0.005362,2026-05-20,2026-05-21
PIZ,8031,Mitsui & Co Ltd,0.005345,2026-05-20,2026-05-21
PIZ,WRT1V,Wartsila OYJ Abp,0.005298,2026-05-20,2026-05-21
PIZ,INDUA,Industrivarden AB,0.005294,2026-05-20,2026-05-21
PIZ,ACLN,Accelleron Industries AG,0.005289,2026-05-20,2026-05-21
PIZ,7012,Kawasaki Heavy Industries Ltd,0.005261,2026-05-20,2026-05-21
PIZ,298380,ABLBio Inc,0.005251,2026-05-20,2026-05-21
PIZ,DBS,DBS Group Holdings Ltd,0.005241,2026-05-20,2026-05-21
PIZ,8001,ITOCHU Corp,0.005098,2026-05-20,2026-05-21
PIZ,267250,HD Hyundai Co Ltd,0.005059,2026-05-20,2026-05-21
PIZ,SB1NO,SpareBank 1 Sor-Norge ASA,0.004989,2026-05-20,2026-05-21
PIZ,IBE,Iberdrola SA,0.00493,2026-05-20,2026-05-21
PIZ,CNA,Centrica PLC,0.00486,2026-05-20,2026-05-21
PIZ,BA/,BAE Systems PLC,0.004852,2026-05-20,2026-05-21
PIZ,277810,Rainbow Robotics,0.004846,2026-05-20,2026-05-21
PIZ,042700,Hanmi Semiconductor Co Ltd,0.004842,2026-05-20,2026-05-21
PIZ,L,Loblaw Cos Ltd,0.004842,2026-05-20,2026-05-21
PIZ,KCR,Konecranes Oyj,0.004836,2026-05-20,2026-05-21
PIZ,010140,Samsung Heavy Industries Co Ltd,0.004758,2026-05-20,2026-05-21
PIZ,NESTE,Neste Oyj,0.004742,2026-05-20,2026-05-21
PIZ,ESLT,Elbit Systems Ltd,0.004532,2026-05-20,2026-05-21
PIZ,KEP,Keppel Ltd,0.004239,2026-05-20,2026-05-21
PIZ,005830,DB Insurance Co Ltd,0.004159,2026-05-20,2026-05-21
PIZ,086520,Ecopro Co Ltd,0.003814,2026-05-20,2026-05-21
PIZ,000250,Sam Chun Dang Pharm Co Ltd,0.003687,2026-05-20,2026-05-21
PIZ,EUR,CASH & EQUIVALENTS,0.000801,2026-05-20,2026-05-21
PIZ,KRW,CASH & EQUIVALENTS,0.000318,2026-05-20,2026-05-21
PIZ,SGD,CASH & EQUIVALENTS,6.9e-05,2026-05-20,2026-05-21
PIZ,CAD,CASH & EQUIVALENTS,2.3e-05,2026-05-20,2026-05-21
PIZ,GBP,CASH & EQUIVALENTS,5e-06,2026-05-20,2026-05-21
PIZ,JPY,CASH & EQUIVALENTS,1e-06,2026-05-20,2026-05-21
PIZ,DKK,CASH & EQUIVALENTS,1e-06,2026-05-20,2026-05-21
PIZ,ILS,CASH & EQUIVALENTS,1e-06,2026-05-20,2026-05-21
PIZ,NOK,CASH & EQUIVALENTS,0.0,2026-05-20,2026-05-21
