ETF_Ticker,ticker,name,weight,Holdings_As_Of,Date_Scraped
AVSC,INSW,INTERNATIONAL SEAWAYS INC COMMON STOCK,0.0037,2026-09-14,2026-09-15
AVSC,OII,OCEANEERING INTL INC COMMON STOCK USD.25,0.0035,2026-09-14,2026-09-15
AVSC,MTRN,MATERION CORP COMMON STOCK,0.0034,2026-09-14,2026-09-15
AVSC,ANF,ABERCROMBIE + FITCH CO CL A COMMON STOCK USD.01,0.0033,2026-09-14,2026-09-15
AVSC,DK,DELEK US HOLDINGS INC COMMON STOCK USD.01,0.0033,2026-09-14,2026-09-15
AVSC,PARR,PAR PACIFIC HOLDINGS INC COMMON STOCK USD.01,0.0033,2026-09-14,2026-09-15
AVSC,LIVN,LIVANOVA PLC COMMON STOCK GBP1.0,0.0032,2026-09-14,2026-09-15
AVSC,PAGP,PLAINS GP HOLDINGS LP LTD PART,0.0031,2026-09-14,2026-09-15
AVSC,BFH,BREAD FINANCIAL HOLDINGS INC COMMON STOCK USD.01,0.003,2026-09-14,2026-09-15
AVSC,PTEN,PATTERSON UTI ENERGY INC COMMON STOCK USD.01,0.003,2026-09-14,2026-09-15
AVSC,CAKE,CHEESECAKE FACTORY INC/THE COMMON STOCK USD.01,0.003,2026-09-14,2026-09-15
AVSC,SAIC,SCIENCE APPLICATIONS INTE COMMON STOCK USD.0001,0.0029,2026-09-14,2026-09-15
AVSC,FTDR,FRONTDOOR INC COMMON STOCK USD.01,0.0029,2026-09-14,2026-09-15
AVSC,CON,CONCENTRA GROUP HOLDINGS PAR COMMON STOCK USD.01,0.0029,2026-09-14,2026-09-15
AVSC,HCC,WARRIOR MET COAL INC COMMON STOCK USD.01,0.0029,2026-09-14,2026-09-15
AVSC,DIOD,DIODES INC COMMON STOCK USD.667,0.0029,2026-09-14,2026-09-15
AVSC,TXG,10X GENOMICS INC CLASS A COMMON STOCK USD.00001,0.0029,2026-09-14,2026-09-15
AVSC,HAE,HAEMONETICS CORP/MASS COMMON STOCK USD.01,0.0029,2026-09-14,2026-09-15
AVSC,CHEF,CHEFS WAREHOUSE INC/THE COMMON STOCK USD.01,0.0028,2026-09-14,2026-09-15
AVSC,CVBF,CVB FINANCIAL CORP COMMON STOCK,0.0028,2026-09-14,2026-09-15
AVSC,MUR,MURPHY OIL CORP COMMON STOCK USD1.0,0.0028,2026-09-14,2026-09-15
AVSC,IRDM,IRIDIUM COMMUNICATIONS INC COMMON STOCK USD.001,0.0027,2026-09-14,2026-09-15
AVSC,GLNG,GOLAR LNG LTD COMMON STOCK USD1.0,0.0027,2026-09-14,2026-09-15
AVSC,MTN,VAIL RESORTS INC COMMON STOCK USD.01,0.0027,2026-09-14,2026-09-15
AVSC,CZR,CAESARS ENTERTAINMENT INC COMMON STOCK,0.0027,2026-09-14,2026-09-15
AVSC,CNO,CNO FINANCIAL GROUP INC COMMON STOCK USD.01,0.0026,2026-09-14,2026-09-15
AVSC,OPLN,OPENLANE INC COMMON STOCK USD.01,0.0026,2026-09-14,2026-09-15
AVSC,PSMT,PRICESMART INC COMMON STOCK USD.0001,0.0026,2026-09-14,2026-09-15
AVSC,LAUR,LAUREATE EDUCATION INC COMMON STOCK USD.001,0.0026,2026-09-14,2026-09-15
AVSC,XMTR,XOMETRY INC A COMMON STOCK USD.000001,0.0026,2026-09-14,2026-09-15
AVSC,SON,SONOCO PRODUCTS CO COMMON STOCK,0.0026,2026-09-14,2026-09-15
AVSC,EBC,EASTERN BANKSHARES INC COMMON STOCK USD.01,0.0026,2026-09-14,2026-09-15
AVSC,SHC,SOTERA HEALTH CO COMMON STOCK USD.01,0.0026,2026-09-14,2026-09-15
AVSC,CNR,CORE NATURAL RESOURCES INC COMMON STOCK USD.01,0.0025,2026-09-14,2026-09-15
AVSC,CRSP,CRISPR THERAPEUTICS AG COMMON STOCK CHF.03,0.0025,2026-09-14,2026-09-15
AVSC,SKY,CHAMPION HOMES INC COMMON STOCK USD.028,0.0025,2026-09-14,2026-09-15
AVSC,TPC,TUTOR PERINI CORP COMMON STOCK USD1.0,0.0025,2026-09-14,2026-09-15
AVSC,NATL,NCR ATLEOS CORP COMMON STOCK USD.01,0.0025,2026-09-14,2026-09-15
AVSC,ACIW,ACI WORLDWIDE INC COMMON STOCK USD.005,0.0025,2026-09-14,2026-09-15
AVSC,SXT,SENSIENT TECHNOLOGIES CORP COMMON STOCK USD.1,0.0025,2026-09-14,2026-09-15
AVSC,TDW,TIDEWATER INC COMMON STOCK,0.0025,2026-09-14,2026-09-15
AVSC,RDNT,RADNET INC COMMON STOCK USD.0001,0.0025,2026-09-14,2026-09-15
AVSC,NWE,NORTHWESTERN ENERGY GROUP IN COMMON STOCK USD.01,0.0025,2026-09-14,2026-09-15
AVSC,HP,HELMERICH + PAYNE COMMON STOCK USD.1,0.0024,2026-09-14,2026-09-15
AVSC,FULT,FULTON FINANCIAL CORP COMMON STOCK USD2.5,0.0024,2026-09-14,2026-09-15
AVSC,CVCO,CAVCO INDUSTRIES INC COMMON STOCK USD.01,0.0024,2026-09-14,2026-09-15
AVSC,ITGR,INTEGER HOLDINGS CORP COMMON STOCK USD.001,0.0024,2026-09-14,2026-09-15
AVSC,CRGY,CRESCENT ENERGY INC A COMMON STOCK USD.0001,0.0024,2026-09-14,2026-09-15
AVSC,BKU,BANKUNITED INC COMMON STOCK USD.01,0.0024,2026-09-14,2026-09-15
AVSC,MTH,MERITAGE HOMES CORP COMMON STOCK USD.01,0.0024,2026-09-14,2026-09-15
AVSC,FHI,FEDERATED HERMES INC COMMON STOCK,0.0023,2026-09-14,2026-09-15
AVSC,CVSA,COVISTA INC COMMON STOCK,0.0023,2026-09-14,2026-09-15
AVSC,BILL,BILL HOLDINGS INC COMMON STOCK USD.00001,0.0023,2026-09-14,2026-09-15
AVSC,NVST,ENVISTA HOLDINGS CORP COMMON STOCK USD.01,0.0023,2026-09-14,2026-09-15
AVSC,ASB,ASSOCIATED BANC CORP COMMON STOCK USD.01,0.0023,2026-09-14,2026-09-15
AVSC,IDYA,IDEAYA BIOSCIENCES INC COMMON STOCK USD.0001,0.0023,2026-09-14,2026-09-15
AVSC,RDN,RADIAN GROUP INC COMMON STOCK USD.001,0.0023,2026-09-14,2026-09-15
AVSC,PFS,PROVIDENT FINANCIAL SERVICES COMMON STOCK USD.01,0.0023,2026-09-14,2026-09-15
AVSC,SPHR,SPHERE ENTERTAINMENT CO COMMON STOCK USD.01,0.0023,2026-09-14,2026-09-15
AVSC,NSIT,INSIGHT ENTERPRISES INC COMMON STOCK USD.01,0.0023,2026-09-14,2026-09-15
AVSC,FFBC,FIRST FINANCIAL BANCORP COMMON STOCK,0.0023,2026-09-14,2026-09-15
AVSC,ACLS,AXCELIS TECHNOLOGIES INC COMMON STOCK USD.001,0.0023,2026-09-14,2026-09-15
AVSC,WSFS,WSFS FINANCIAL CORP COMMON STOCK USD.01,0.0023,2026-09-14,2026-09-15
AVSC,SBCF,SEACOAST BANKING CORP/FL COMMON STOCK USD.1,0.0023,2026-09-14,2026-09-15
AVSC,MYRG,MYR GROUP INC/DELAWARE COMMON STOCK USD.01,0.0023,2026-09-14,2026-09-15
AVSC,TCBI,TEXAS CAPITAL BANCSHARES INC COMMON STOCK USD.01,0.0023,2026-09-14,2026-09-15
AVSC,DAN,DANA INC COMMON STOCK USD.01,0.0023,2026-09-14,2026-09-15
AVSC,WT,WISDOMTREE INC COMMON STOCK USD.01,0.0023,2026-09-14,2026-09-15
AVSC,CATY,CATHAY GENERAL BANCORP COMMON STOCK USD.01,0.0023,2026-09-14,2026-09-15
AVSC,CNK,CINEMARK HOLDINGS INC COMMON STOCK USD.001,0.0023,2026-09-14,2026-09-15
AVSC,TENB,TENABLE HOLDINGS INC COMMON STOCK USD.01,0.0022,2026-09-14,2026-09-15
AVSC,MMSI,MERIT MEDICAL SYSTEMS INC COMMON STOCK,0.0022,2026-09-14,2026-09-15
AVSC,OGN,ORGANON + CO COMMON STOCK USD.01,0.0022,2026-09-14,2026-09-15
AVSC,TREX,TREX COMPANY INC COMMON STOCK USD.01,0.0022,2026-09-14,2026-09-15
AVSC,SFNC,SIMMONS FIRST NATL CORP CL A COMMON STOCK USD.01,0.0022,2026-09-14,2026-09-15
AVSC,VSH,VISHAY INTERTECHNOLOGY INC COMMON STOCK USD.1,0.0022,2026-09-14,2026-09-15
AVSC,SFBS,SERVISFIRST BANCSHARES INC COMMON STOCK USD.001,0.0022,2026-09-14,2026-09-15
AVSC,TOWN,TOWNE BANK COMMON STOCK USD1.667,0.0022,2026-09-14,2026-09-15
AVSC,WSBC,WESBANCO INC COMMON STOCK USD2.0833,0.0022,2026-09-14,2026-09-15
AVSC,FBP,FIRST BANCORP PUERTO RICO COMMON STOCK USD.1,0.0022,2026-09-14,2026-09-15
AVSC,BOH,BANK OF HAWAII CORP COMMON STOCK USD.01,0.0022,2026-09-14,2026-09-15
AVSC,UCB,UNITED COMMUNITY BANKS/GA COMMON STOCK USD1.0,0.0022,2026-09-14,2026-09-15
AVSC,NIC,NICOLET BANKSHARES INC COMMON STOCK USD.01,0.0022,2026-09-14,2026-09-15
AVSC,BOOT,BOOT BARN HOLDINGS INC COMMON STOCK USD.0001,0.0022,2026-09-14,2026-09-15
AVSC,INDB,INDEPENDENT BANK CORP/MA COMMON STOCK USD.01,0.0022,2026-09-14,2026-09-15
AVSC,VVV,VALVOLINE INC COMMON STOCK USD.01,0.0022,2026-09-14,2026-09-15
AVSC,KGS,KODIAK GAS SERVICES INC COMMON STOCK USD.01,0.0022,2026-09-14,2026-09-15
AVSC,PRK,PARK NATIONAL CORP COMMON STOCK,0.0021,2026-09-14,2026-09-15
AVSC,NHC,NATIONAL HEALTHCARE CORP COMMON STOCK USD.01,0.0021,2026-09-14,2026-09-15
AVSC,LOPE,GRAND CANYON EDUCATION INC COMMON STOCK USD.01,0.0021,2026-09-14,2026-09-15
AVSC,ICUI,ICU MEDICAL INC COMMON STOCK USD.1,0.0021,2026-09-14,2026-09-15
AVSC,RHI,ROBERT HALF INC COMMON STOCK USD.001,0.0021,2026-09-14,2026-09-15
AVSC,MDU,MDU RESOURCES GROUP INC COMMON STOCK USD1.0,0.0021,2026-09-14,2026-09-15
AVSC,LBRT,LIBERTY ENERGY INC COMMON STOCK,0.0021,2026-09-14,2026-09-15
AVSC,GFF,GRIFFON CORP COMMON STOCK USD.25,0.0021,2026-09-14,2026-09-15
AVSC,KN,KNOWLES CORP COMMON STOCK USD.01,0.0021,2026-09-14,2026-09-15
AVSC,ASO,ACADEMY SPORTS + OUTDOORS IN COMMON STOCK USD.01,0.0021,2026-09-14,2026-09-15
AVSC,KTB,KONTOOR BRANDS INC COMMON STOCK,0.0021,2026-09-14,2026-09-15
AVSC,AZZ,AZZ INC COMMON STOCK USD1.0,0.0021,2026-09-14,2026-09-15
AVSC,CBT,CABOT CORP COMMON STOCK USD1.0,0.0021,2026-09-14,2026-09-15
AVSC,KFY,KORN FERRY COMMON STOCK USD.01,0.0021,2026-09-14,2026-09-15
AVSC,GNW,GENWORTH FINANCIAL INC COMMON STOCK USD.001,0.0021,2026-09-14,2026-09-15
AVSC,ATKR,ATKORE INC COMMON STOCK USD.01,0.0021,2026-09-14,2026-09-15
AVSC,MHO,M/I HOMES INC COMMON STOCK USD.01,0.0021,2026-09-14,2026-09-15
AVSC,HNI,HNI CORP COMMON STOCK USD1.0,0.0021,2026-09-14,2026-09-15
AVSC,ARCB,ARCBEST CORP COMMON STOCK USD.01,0.0021,2026-09-14,2026-09-15
AVSC,YETI,YETI HOLDINGS INC COMMON STOCK USD.01,0.002,2026-09-14,2026-09-15
AVSC,OGS,ONE GAS INC COMMON STOCK,0.002,2026-09-14,2026-09-15
AVSC,CRC,CALIFORNIA RESOURCES CORP COMMON STOCK USD.01,0.002,2026-09-14,2026-09-15
AVSC,FBIN,FORTUNE BRANDS INNOVATIONS I COMMON STOCK USD.01,0.002,2026-09-14,2026-09-15
AVSC,SIG,SIGNET JEWELERS LTD COMMON STOCK USD.18,0.002,2026-09-14,2026-09-15
AVSC,IBOC,INTERNATIONAL BANCSHARES CRP COMMON STOCK USD1.0,0.002,2026-09-14,2026-09-15
AVSC,HASI,HA SUSTAINABLE INFRASTRUCTUR COMMON STOCK USD.01,0.002,2026-09-14,2026-09-15
AVSC,MC,MOELIS + CO CLASS A COMMON STOCK USD.01,0.002,2026-09-14,2026-09-15
AVSC,AVNT,AVIENT CORP COMMON STOCK USD.01,0.002,2026-09-14,2026-09-15
AVSC,ACMR,ACM RESEARCH INC CLASS A COMMON STOCK USD.0001,0.002,2026-09-14,2026-09-15
AVSC,CE,CELANESE CORP COMMON STOCK USD.0001,0.002,2026-09-14,2026-09-15
AVSC,VAC,MARRIOTT VACATIONS WORLD COMMON STOCK USD.01,0.002,2026-09-14,2026-09-15
AVSC,ADEA,ADEIA INC COMMON STOCK,0.002,2026-09-14,2026-09-15
AVSC,RELY,REMITLY GLOBAL INC COMMON STOCK USD.0001,0.002,2026-09-14,2026-09-15
AVSC,FRPT,FRESHPET INC COMMON STOCK USD.001,0.002,2026-09-14,2026-09-15
AVSC,OTTR,OTTER TAIL CORP COMMON STOCK USD5.0,0.002,2026-09-14,2026-09-15
AVSC,ASH,ASHLAND INC COMMON STOCK,0.002,2026-09-14,2026-09-15
AVSC,BANC,BANC OF CALIFORNIA INC COMMON STOCK USD.01,0.002,2026-09-14,2026-09-15
AVSC,BCO,BRINK S CO/THE COMMON STOCK USD1.0,0.0019,2026-09-14,2026-09-15
AVSC,ATMU,ATMUS FILTRATION TECHNOLOGIE COMMON STOCK,0.0019,2026-09-14,2026-09-15
AVSC,SYNA,SYNAPTICS INC COMMON STOCK USD.001,0.0019,2026-09-14,2026-09-15
AVSC,BHF,BRIGHTHOUSE FINANCIAL INC COMMON STOCK USD.01,0.0019,2026-09-14,2026-09-15
AVSC,BDC,BELDEN INC COMMON STOCK USD.01,0.0019,2026-09-14,2026-09-15
AVSC,SPNT,SIRIUSPOINT LTD COMMON STOCK USD.1,0.0019,2026-09-14,2026-09-15
AVSC,CWT,CALIFORNIA WATER SERVICE GRP COMMON STOCK USD.01,0.0019,2026-09-14,2026-09-15
AVSC,AWR,AMERICAN STATES WATER CO COMMON STOCK,0.0019,2026-09-14,2026-09-15
AVSC,FFIN,FIRST FINL BANKSHARES INC COMMON STOCK USD.01,0.0019,2026-09-14,2026-09-15
AVSC,MWA,MUELLER WATER PRODUCTS INC A COMMON STOCK USD.01,0.0019,2026-09-14,2026-09-15
AVSC,IOVA,IOVANCE BIOTHERAPEUTICS INC COMMON STOCK USD.000041666,0.0019,2026-09-14,2026-09-15
AVSC,SKYW,SKYWEST INC COMMON STOCK,0.0019,2026-09-14,2026-09-15
AVSC,RNST,RENASANT CORP COMMON STOCK USD5.0,0.0019,2026-09-14,2026-09-15
AVSC,NTCT,NETSCOUT SYSTEMS INC COMMON STOCK USD.001,0.0019,2026-09-14,2026-09-15
AVSC,ECG,EVERUS CONSTRUCTION GROUP COMMON STOCK,0.0019,2026-09-14,2026-09-15
AVSC,WAFD,WAFD INC COMMON STOCK USD1.0,0.0019,2026-09-14,2026-09-15
AVSC,AVA,AVISTA CORP COMMON STOCK,0.0019,2026-09-14,2026-09-15
AVSC,AAMI,ACADIAN ASSET MANAGEMENT INC COMMON STOCK USD.001,0.0019,2026-09-14,2026-09-15
AVSC,ACAD,ACADIA PHARMACEUTICALS INC COMMON STOCK USD.0001,0.0019,2026-09-14,2026-09-15
AVSC,CNX,CNX RESOURCES CORP COMMON STOCK USD.01,0.0018,2026-09-14,2026-09-15
AVSC,UNFI,UNITED NATURAL FOODS INC COMMON STOCK USD.01,0.0018,2026-09-14,2026-09-15
AVSC,NMIH,NMI HOLDINGS INC COMMON STOCK USD.01,0.0018,2026-09-14,2026-09-15
AVSC,DGII,DIGI INTERNATIONAL INC COMMON STOCK USD.01,0.0018,2026-09-14,2026-09-15
AVSC,GRAL,GRAIL INC COMMON STOCK,0.0018,2026-09-14,2026-09-15
AVSC,FELE,FRANKLIN ELECTRIC CO INC COMMON STOCK USD.1,0.0018,2026-09-14,2026-09-15
AVSC,BRC,BRADY CORPORATION CL A COMMON STOCK USD.01,0.0018,2026-09-14,2026-09-15
AVSC,COHU,COHU INC COMMON STOCK USD1.0,0.0018,2026-09-14,2026-09-15
AVSC,GHC,GRAHAM HOLDINGS CO CLASS B COMMON STOCK USD1.0,0.0018,2026-09-14,2026-09-15
AVSC,SHOO,STEVEN MADDEN LTD COMMON STOCK USD.0001,0.0018,2026-09-14,2026-09-15
AVSC,MARA,MARA HOLDINGS INC COMMON STOCK USD.001,0.0018,2026-09-14,2026-09-15
AVSC,GNTX,GENTEX CORP COMMON STOCK USD.06,0.0018,2026-09-14,2026-09-15
AVSC,BUSE,FIRST BUSEY CORP COMMON STOCK USD.001,0.0018,2026-09-14,2026-09-15
AVSC,BTU,PEABODY ENERGY CORP COMMON STOCK,0.0018,2026-09-14,2026-09-15
AVSC,FRME,FIRST MERCHANTS CORP COMMON STOCK,0.0018,2026-09-14,2026-09-15
AVSC,ALK,ALASKA AIR GROUP INC COMMON STOCK USD.01,0.0018,2026-09-14,2026-09-15
AVSC,FBK,FB FINANCIAL CORP COMMON STOCK USD1.0,0.0018,2026-09-14,2026-09-15
AVSC,NBTB,N B T BANCORP INC COMMON STOCK USD.01,0.0018,2026-09-14,2026-09-15
AVSC,PII,POLARIS INC COMMON STOCK USD.01,0.0018,2026-09-14,2026-09-15
AVSC,DAVE,DAVE INC COMMON STOCK USD.0001,0.0018,2026-09-14,2026-09-15
AVSC,CWK,CUSHMAN + WAKEFIELD LTD COMMON STOCK,0.0018,2026-09-14,2026-09-15
AVSC,SEI,SOLARIS ENERGY INFRASTRUCTUR COMMON STOCK USD.01,0.0018,2026-09-14,2026-09-15
AVSC,FCN,FTI CONSULTING INC COMMON STOCK USD.01,0.0018,2026-09-14,2026-09-15
AVSC,TNK,TEEKAY TANKERS LTD CLASS A COMMON STOCK USD.01,0.0018,2026-09-14,2026-09-15
AVSC,VC,VISTEON CORP COMMON STOCK,0.0018,2026-09-14,2026-09-15
AVSC,DXPE,DXP ENTERPRISES INC COMMON STOCK USD.01,0.0018,2026-09-14,2026-09-15
AVSC,IMAX,IMAX CORP COMMON STOCK,0.0018,2026-09-14,2026-09-15
AVSC,SLGN,SILGAN HOLDINGS INC COMMON STOCK USD.01,0.0017,2026-09-14,2026-09-15
AVSC,CBU,COMMUNITY FINANCIAL SYSTEM I COMMON STOCK USD1.0,0.0017,2026-09-14,2026-09-15
AVSC,SDRL,SEADRILL LIMITED COMMON STOCK USD.01,0.0017,2026-09-14,2026-09-15
AVSC,FHB,FIRST HAWAIIAN INC COMMON STOCK USD.01,0.0017,2026-09-14,2026-09-15
AVSC,ACHC,ACADIA HEALTHCARE CO INC COMMON STOCK USD.01,0.0017,2026-09-14,2026-09-15
AVSC,JOE,ST JOE CO/THE COMMON STOCK,0.0017,2026-09-14,2026-09-15
AVSC,ABG,ASBURY AUTOMOTIVE GROUP COMMON STOCK USD.01,0.0017,2026-09-14,2026-09-15
AVSC,QTWO,Q2 HOLDINGS INC COMMON STOCK USD.0001,0.0017,2026-09-14,2026-09-15
AVSC,TRMK,TRUSTMARK CORP COMMON STOCK,0.0017,2026-09-14,2026-09-15
AVSC,HRI,HERC HOLDINGS INC COMMON STOCK USD.01,0.0017,2026-09-14,2026-09-15
AVSC,ATRO,ASTRONICS CORP COMMON STOCK USD.01,0.0017,2026-09-14,2026-09-15
AVSC,VNT,VONTIER CORP COMMON STOCK USD.0001,0.0017,2026-09-14,2026-09-15
AVSC,STNG,SCORPIO TANKERS INC COMMON STOCK USD.01,0.0017,2026-09-14,2026-09-15
AVSC,PLMR,PALOMAR HOLDINGS INC COMMON STOCK USD.0001,0.0017,2026-09-14,2026-09-15
AVSC,MD,PEDIATRIX MEDICAL GROUP INC COMMON STOCK USD.01,0.0017,2026-09-14,2026-09-15
AVSC,POST,POST HOLDINGS INC COMMON STOCK USD.01,0.0017,2026-09-14,2026-09-15
AVSC,BBT,BEACON FINANCIAL CORP COMMON STOCK USD.01,0.0017,2026-09-14,2026-09-15
AVSC,PVH,PVH CORP COMMON STOCK USD1.0,0.0017,2026-09-14,2026-09-15
AVSC,ROG,ROGERS CORP COMMON STOCK USD1.0,0.0017,2026-09-14,2026-09-15
AVSC,SXI,STANDEX INTERNATIONAL CORP COMMON STOCK USD1.5,0.0017,2026-09-14,2026-09-15
AVSC,USAR,USA RARE EARTH INC COMMON STOCK USD.0001,0.0017,2026-09-14,2026-09-15
AVSC,CDNA,CAREDX INC COMMON STOCK USD.001,0.0017,2026-09-14,2026-09-15
AVSC,BANR,BANNER CORPORATION COMMON STOCK USD.01,0.0017,2026-09-14,2026-09-15
AVSC,BHE,BENCHMARK ELECTRONICS INC COMMON STOCK USD.1,0.0016,2026-09-14,2026-09-15
AVSC,DNOW,DNOW INC COMMON STOCK USD.01,0.0016,2026-09-14,2026-09-15
AVSC,CUBI,CUSTOMERS BANCORP INC COMMON STOCK USD1.0,0.0016,2026-09-14,2026-09-15
AVSC,HOG,HARLEY DAVIDSON INC COMMON STOCK USD.01,0.0016,2026-09-14,2026-09-15
AVSC,ANDE,ANDERSONS INC/THE COMMON STOCK,0.0016,2026-09-14,2026-09-15
AVSC,FUL,H.B. FULLER CO. COMMON STOCK USD1.0,0.0016,2026-09-14,2026-09-15
AVSC,SUPN,SUPERNUS PHARMACEUTICALS INC COMMON STOCK USD.001,0.0016,2026-09-14,2026-09-15
AVSC,FIBK,FIRST INTERSTATE BANCSYS A COMMON STOCK USD.00001,0.0016,2026-09-14,2026-09-15
AVSC,PLUS,EPLUS INC COMMON STOCK USD.01,0.0016,2026-09-14,2026-09-15
AVSC,AAP,ADVANCE AUTO PARTS INC COMMON STOCK USD.0001,0.0016,2026-09-14,2026-09-15
AVSC,TALO,TALOS ENERGY INC COMMON STOCK,0.0016,2026-09-14,2026-09-15
AVSC,EFSC,ENTERPRISE FINANCIAL SERVICE COMMON STOCK USD.01,0.0016,2026-09-14,2026-09-15
AVSC,KBH,KB HOME COMMON STOCK USD1.0,0.0016,2026-09-14,2026-09-15
AVSC,MSGE,MADISON SQUARE GARDEN ENTERT COMMON STOCK USD.01,0.0016,2026-09-14,2026-09-15
AVSC,KBR,KBR INC COMMON STOCK USD.001,0.0016,2026-09-14,2026-09-15
AVSC,LAZ,LAZARD INC COMMON STOCK USD.01,0.0016,2026-09-14,2026-09-15
AVSC,VCTR,VICTORY CAPITAL HOLDING A COMMON STOCK USD.01,0.0015,2026-09-14,2026-09-15
AVSC,KNF,KNIFE RIVER CORP COMMON STOCK,0.0015,2026-09-14,2026-09-15
AVSC,HMN,HORACE MANN EDUCATORS COMMON STOCK USD.001,0.0015,2026-09-14,2026-09-15
AVSC,GPOR,GULFPORT ENERGY CORP COMMON STOCK USD.0001,0.0015,2026-09-14,2026-09-15
AVSC,NEOG,NEOGEN CORP COMMON STOCK USD.16,0.0015,2026-09-14,2026-09-15
AVSC,TRN,TRINITY INDUSTRIES INC COMMON STOCK USD.01,0.0015,2026-09-14,2026-09-15
AVSC,CROX,CROCS INC COMMON STOCK USD.001,0.0015,2026-09-14,2026-09-15
AVSC,SLM,SLM CORP COMMON STOCK USD.2,0.0015,2026-09-14,2026-09-15
AVSC,EXTR,EXTREME NETWORKS INC COMMON STOCK USD.001,0.0015,2026-09-14,2026-09-15
AVSC,LNTH,LANTHEUS HOLDINGS INC COMMON STOCK USD.01,0.0015,2026-09-14,2026-09-15
AVSC,MAT,MATTEL INC COMMON STOCK USD1.0,0.0015,2026-09-14,2026-09-15
AVSC,NWBI,NORTHWEST BANCSHARES INC COMMON STOCK USD.01,0.0015,2026-09-14,2026-09-15
AVSC,ALRM,ALARM.COM HOLDINGS INC COMMON STOCK,0.0015,2026-09-14,2026-09-15
AVSC,KMT,KENNAMETAL INC COMMON STOCK USD1.25,0.0015,2026-09-14,2026-09-15
AVSC,MGEE,MGE ENERGY INC COMMON STOCK USD1.0,0.0015,2026-09-14,2026-09-15
AVSC,WSC,WILLSCOT HOLDINGS CORP COMMON STOCK USD.0001,0.0015,2026-09-14,2026-09-15
AVSC,PPLI,PEOPLE INC COMMON STOCK,0.0015,2026-09-14,2026-09-15
AVSC,DBRG,DIGITALBRIDGE GROUP INC COMMON STOCK USD.01,0.0015,2026-09-14,2026-09-15
AVSC,OPCH,OPTION CARE HEALTH INC COMMON STOCK USD.0001,0.0015,2026-09-14,2026-09-15
AVSC,FCF,FIRST COMMONWEALTH FINL CORP COMMON STOCK USD1.0,0.0015,2026-09-14,2026-09-15
AVSC,DCO,DUCOMMUN INC COMMON STOCK USD.01,0.0015,2026-09-14,2026-09-15
AVSC,NGVT,INGEVITY CORP COMMON STOCK USD.01,0.0015,2026-09-14,2026-09-15
AVSC,NOG,NORTHERN OIL AND GAS INC COMMON STOCK USD.001,0.0015,2026-09-14,2026-09-15
AVSC,TMDX,TRANSMEDICS GROUP INC COMMON STOCK,0.0015,2026-09-14,2026-09-15
AVSC,MGY,MAGNOLIA OIL + GAS CORP A COMMON STOCK USD.0001,0.0015,2026-09-14,2026-09-15
AVSC,EXPO,EXPONENT INC COMMON STOCK USD.001,0.0015,2026-09-14,2026-09-15
AVSC,VECO,VEECO INSTRUMENTS INC COMMON STOCK USD.01,0.0015,2026-09-14,2026-09-15
AVSC,NWL,NEWELL BRANDS INC COMMON STOCK USD1.0,0.0015,2026-09-14,2026-09-15
AVSC,BC,BRUNSWICK CORP COMMON STOCK USD.75,0.0015,2026-09-14,2026-09-15
AVSC,AGO,ASSURED GUARANTY LTD COMMON STOCK USD.01,0.0015,2026-09-14,2026-09-15
AVSC,SYBT,STOCK YARDS BANCORP INC COMMON STOCK,0.0015,2026-09-14,2026-09-15
AVSC,SHAK,SHAKE SHACK INC CLASS A COMMON STOCK USD.01,0.0015,2026-09-14,2026-09-15
AVSC,CVLT,COMMVAULT SYSTEMS INC COMMON STOCK USD.01,0.0015,2026-09-14,2026-09-15
AVSC,SITE,SITEONE LANDSCAPE SUPPLY INC COMMON STOCK USD.01,0.0015,2026-09-14,2026-09-15
AVSC,LRN,STRIDE INC COMMON STOCK USD.0001,0.0015,2026-09-14,2026-09-15
AVSC,AX,AXOS FINANCIAL INC COMMON STOCK USD.01,0.0014,2026-09-14,2026-09-15
AVSC,BEAM,BEAM THERAPEUTICS INC COMMON STOCK USD.01,0.0014,2026-09-14,2026-09-15
AVSC,AEO,AMERICAN EAGLE OUTFITTERS COMMON STOCK USD.01,0.0014,2026-09-14,2026-09-15
AVSC,HGV,HILTON GRAND VACATIONS INC COMMON STOCK USD.01,0.0014,2026-09-14,2026-09-15
AVSC,NWN,NORTHWEST NATURAL HOLDING CO COMMON STOCK,0.0014,2026-09-14,2026-09-15
AVSC,CALY,CALLAWAY GOLF COMPANY COMMON STOCK,0.0014,2026-09-14,2026-09-15
AVSC,NTB,BANK OF N.T. BUTTERFIELD+SON COMMON STOCK BMD1.0,0.0014,2026-09-14,2026-09-15
AVSC,WDFC,WD 40 CO COMMON STOCK USD.001,0.0014,2026-09-14,2026-09-15
AVSC,OFG,OFG BANCORP COMMON STOCK USD1.0,0.0014,2026-09-14,2026-09-15
AVSC,EZPW,EZCORP INC CL A COMMON STOCK USD.01,0.0014,2026-09-14,2026-09-15
AVSC,MAN,MANPOWERGROUP INC COMMON STOCK USD.01,0.0014,2026-09-14,2026-09-15
AVSC,QLYS,QUALYS INC COMMON STOCK USD.001,0.0014,2026-09-14,2026-09-15
AVSC,ZD,ZIFF DAVIS INC COMMON STOCK USD.01,0.0014,2026-09-14,2026-09-15
AVSC,FBNC,FIRST BANCORP/NC COMMON STOCK,0.0014,2026-09-14,2026-09-15
AVSC,CHCO,CITY HOLDING CO COMMON STOCK USD2.5,0.0014,2026-09-14,2026-09-15
AVSC,IOSP,INNOSPEC INC COMMON STOCK USD.01,0.0014,2026-09-14,2026-09-15
AVSC,MTX,MINERALS TECHNOLOGIES INC COMMON STOCK USD.1,0.0014,2026-09-14,2026-09-15
AVSC,CALM,CAL MAINE FOODS INC COMMON STOCK USD.01,0.0014,2026-09-14,2026-09-15
AVSC,WTTR,SELECT WATER SOLUTIONS INC COMMON STOCK USD.01,0.0014,2026-09-14,2026-09-15
AVSC,PENN,PENN ENTERTAINMENT INC COMMON STOCK USD.01,0.0014,2026-09-14,2026-09-15
AVSC,SEDG,SOLAREDGE TECHNOLOGIES INC COMMON STOCK USD.0001,0.0014,2026-09-14,2026-09-15
AVSC,DORM,DORMAN PRODUCTS INC COMMON STOCK USD.01,0.0014,2026-09-14,2026-09-15
AVSC,ECPG,ENCORE CAPITAL GROUP INC COMMON STOCK USD.01,0.0014,2026-09-14,2026-09-15
AVSC,ATEN,A10 NETWORKS INC COMMON STOCK USD.00001,0.0014,2026-09-14,2026-09-15
AVSC,ITRI,ITRON INC COMMON STOCK,0.0014,2026-09-14,2026-09-15
AVSC,SKWD,SKYWARD SPECIALTY INSURANCE COMMON STOCK USD.01,0.0013,2026-09-14,2026-09-15
AVSC,GRBK,GREEN BRICK PARTNERS INC COMMON STOCK USD.01,0.0013,2026-09-14,2026-09-15
AVSC,PAYO,PAYONEER GLOBAL INC COMMON STOCK USD.01,0.0013,2026-09-14,2026-09-15
AVSC,KNSA,KINIKSA PHARMACEUTICALS INTE COMMON STOCK USD.000273,0.0013,2026-09-14,2026-09-15
AVSC,TDS,TELEPHONE AND DATA SYSTEMS COMMON STOCK USD.01,0.0013,2026-09-14,2026-09-15
AVSC,HAYW,HAYWARD HOLDINGS INC COMMON STOCK USD.001,0.0013,2026-09-14,2026-09-15
AVSC,HURN,HURON CONSULTING GROUP INC COMMON STOCK USD.01,0.0013,2026-09-14,2026-09-15
AVSC,CARG,CARGURUS INC COMMON STOCK USD.001,0.0013,2026-09-14,2026-09-15
AVSC,DHT,DHT HOLDINGS INC COMMON STOCK USD.01,0.0013,2026-09-14,2026-09-15
AVSC,STBA,S + T BANCORP INC COMMON STOCK USD2.5,0.0013,2026-09-14,2026-09-15
AVSC,BGC,BGC GROUP INC A COMMON STOCK USD.01,0.0013,2026-09-14,2026-09-15
AVSC,KWR,QUAKER CHEMICAL CORPORATION COMMON STOCK USD1.0,0.0013,2026-09-14,2026-09-15
AVSC,CXT,CRANE NXT CO COMMON STOCK USD1.0,0.0013,2026-09-14,2026-09-15
AVSC,XRAY,DENTSPLY SIRONA INC COMMON STOCK USD.01,0.0013,2026-09-14,2026-09-15
AVSC,ABM,ABM INDUSTRIES INC COMMON STOCK USD.01,0.0013,2026-09-14,2026-09-15
AVSC,PATK,PATRICK INDUSTRIES INC COMMON STOCK,0.0013,2026-09-14,2026-09-15
AVSC,VAL,VALARIS LTD COMMON STOCK USD.01,0.0013,2026-09-14,2026-09-15
AVSC,NESR,NATIONAL ENERGY SERVICES REU COMMON STOCK,0.0013,2026-09-14,2026-09-15
AVSC,UFPT,UFP TECHNOLOGIES INC COMMON STOCK USD.01,0.0013,2026-09-14,2026-09-15
AVSC,POWI,POWER INTEGRATIONS INC COMMON STOCK USD.001,0.0013,2026-09-14,2026-09-15
AVSC,HUBG,HUB GROUP INC CL A COMMON STOCK USD.01,0.0013,2026-09-14,2026-09-15
AVSC,AGIO,AGIOS PHARMACEUTICALS INC COMMON STOCK USD.001,0.0013,2026-09-14,2026-09-15
AVSC,STC,STEWART INFORMATION SERVICES COMMON STOCK USD1.0,0.0013,2026-09-14,2026-09-15
AVSC,AVT,AVNET INC COMMON STOCK USD1.0,0.0013,2026-09-14,2026-09-15
AVSC,CPK,CHESAPEAKE UTILITIES CORP COMMON STOCK USD.4867,0.0013,2026-09-14,2026-09-15
AVSC,GEF,GREIF INC CL A COMMON STOCK,0.0013,2026-09-14,2026-09-15
AVSC,WERN,WERNER ENTERPRISES INC COMMON STOCK USD.01,0.0013,2026-09-14,2026-09-15
AVSC,HLIO,HELIOS TECHNOLOGIES INC COMMON STOCK USD.001,0.0013,2026-09-14,2026-09-15
AVSC,CLSK,CLEANSPARK INC COMMON STOCK,0.0013,2026-09-14,2026-09-15
AVSC,AGM,FEDERAL AGRIC MTG CORP CL C COMMON STOCK USD1.0,0.0013,2026-09-14,2026-09-15
AVSC,XNCR,XENCOR INC COMMON STOCK USD.01,0.0013,2026-09-14,2026-09-15
AVSC,EEFT,EURONET WORLDWIDE INC COMMON STOCK USD.02,0.0013,2026-09-14,2026-09-15
AVSC,GIL,GILDAN ACTIVEWEAR INC COMMON STOCK,0.0013,2026-09-14,2026-09-15
AVSC,GPI,GROUP 1 AUTOMOTIVE INC COMMON STOCK USD.01,0.0013,2026-09-14,2026-09-15
AVSC,LPX,LOUISIANA PACIFIC CORP COMMON STOCK USD1.0,0.0013,2026-09-14,2026-09-15
AVSC,COCO,VITA COCO CO INC/THE COMMON STOCK USD.01,0.0013,2026-09-14,2026-09-15
AVSC,SPB,SPECTRUM BRANDS HOLDINGS INC COMMON STOCK USD.01,0.0013,2026-09-14,2026-09-15
AVSC,HTH,HILLTOP HOLDINGS INC COMMON STOCK USD.01,0.0012,2026-09-14,2026-09-15
AVSC,GABC,GERMAN AMERICAN BANCORP COMMON STOCK,0.0012,2026-09-14,2026-09-15
AVSC,KALU,KAISER ALUMINUM CORP COMMON STOCK USD.01,0.0012,2026-09-14,2026-09-15
AVSC,SIGI,SELECTIVE INSURANCE GROUP COMMON STOCK USD2.0,0.0012,2026-09-14,2026-09-15
AVSC,PRLB,PROTO LABS INC COMMON STOCK USD.001,0.0012,2026-09-14,2026-09-15
AVSC,OLN,OLIN CORP COMMON STOCK USD1.0,0.0012,2026-09-14,2026-09-15
AVSC,APAM,ARTISAN PARTNERS ASSET MA A COMMON STOCK USD.01,0.0012,2026-09-14,2026-09-15
AVSC,WLY,WILEY (JOHN) + SONS CLASS A COMMON STOCK USD1.0,0.0012,2026-09-14,2026-09-15
AVSC,ALHC,ALIGNMENT HEALTHCARE INC COMMON STOCK USD.001,0.0012,2026-09-14,2026-09-15
AVSC,BFAM,BRIGHT HORIZONS FAMILY SOLUT COMMON STOCK USD.001,0.0012,2026-09-14,2026-09-15
AVSC,THO,THOR INDUSTRIES INC COMMON STOCK USD.1,0.0012,2026-09-14,2026-09-15
AVSC,IPGP,IPG PHOTONICS CORP COMMON STOCK USD.0001,0.0012,2026-09-14,2026-09-15
AVSC,OBK,ORIGIN BANCORP INC COMMON STOCK,0.0012,2026-09-14,2026-09-15
AVSC,ALGT,ALLEGIANT TRAVEL CO COMMON STOCK USD.001,0.0012,2026-09-14,2026-09-15
AVSC,HWKN,HAWKINS INC COMMON STOCK USD.01,0.0012,2026-09-14,2026-09-15
AVSC,WU,WESTERN UNION CO COMMON STOCK USD.01,0.0012,2026-09-14,2026-09-15
AVSC,LMAT,LEMAITRE VASCULAR INC COMMON STOCK USD.01,0.0012,2026-09-14,2026-09-15
AVSC,EVTC,EVERTEC INC COMMON STOCK USD.01,0.0012,2026-09-14,2026-09-15
AVSC,PGNY,PROGYNY INC COMMON STOCK USD.0001,0.0012,2026-09-14,2026-09-15
AVSC,LPG,DORIAN LPG LTD COMMON STOCK USD.01,0.0012,2026-09-14,2026-09-15
AVSC,KAI,KADANT INC COMMON STOCK USD.01,0.0012,2026-09-14,2026-09-15
AVSC,BMI,BADGER METER INC COMMON STOCK USD1.0,0.0012,2026-09-14,2026-09-15
AVSC,CHH,CHOICE HOTELS INTL INC COMMON STOCK USD.01,0.0012,2026-09-14,2026-09-15
AVSC,DV,DOUBLEVERIFY HOLDINGS INC COMMON STOCK USD.001,0.0012,2026-09-14,2026-09-15
AVSC,BCC,BOISE CASCADE CO COMMON STOCK USD.01,0.0012,2026-09-14,2026-09-15
AVSC,UFPI,UFP INDUSTRIES INC COMMON STOCK,0.0011,2026-09-14,2026-09-15
AVSC,HE,HAWAIIAN ELECTRIC INDS COMMON STOCK,0.0011,2026-09-14,2026-09-15
AVSC,HAPN,HAPPEN INC COMMON STOCK USD.01,0.0011,2026-09-14,2026-09-15
AVSC,CTS,CTS CORP COMMON STOCK,0.0011,2026-09-14,2026-09-15
AVSC,HOPE,HOPE BANCORP INC COMMON STOCK USD.001,0.0011,2026-09-14,2026-09-15
AVSC,WTM,WHITE MOUNTAINS INSURANCE GP COMMON STOCK USD1.0,0.0011,2026-09-14,2026-09-15
AVSC,PHIN,PHINIA INC COMMON STOCK USD.01,0.0011,2026-09-14,2026-09-15
AVSC,CENTA,CENTRAL GARDEN AND PET CO A COMMON STOCK USD.01,0.0011,2026-09-14,2026-09-15
AVSC,OSW,ONESPAWORLD HOLDINGS LTD COMMON STOCK USD.0001,0.0011,2026-09-14,2026-09-15
AVSC,WKC,WORLD KINECT CORP COMMON STOCK USD.01,0.0011,2026-09-14,2026-09-15
AVSC,TBBK,BANCORP INC/THE COMMON STOCK USD1.0,0.0011,2026-09-14,2026-09-15
AVSC,CTRI,CENTURI HOLDINGS INC COMMON STOCK USD.01,0.0011,2026-09-14,2026-09-15
AVSC,UNF,UNIFIRST CORP/MA COMMON STOCK USD.1,0.0011,2026-09-14,2026-09-15
AVSC,CASH,PATHWARD FINANCIAL INC COMMON STOCK USD.01,0.0011,2026-09-14,2026-09-15
AVSC,HCI,HCI GROUP INC COMMON STOCK,0.0011,2026-09-14,2026-09-15
AVSC,LCII,LCI INDUSTRIES COMMON STOCK USD.01,0.0011,2026-09-14,2026-09-15
AVSC,AMR,ALPHA METALLURGICAL RESOURCE COMMON STOCK USD.01,0.0011,2026-09-14,2026-09-15
AVSC,HRMY,HARMONY BIOSCIENCES HOLDINGS COMMON STOCK USD.00001,0.0011,2026-09-14,2026-09-15
AVSC,BANF,BANCFIRST CORP COMMON STOCK USD1.0,0.0011,2026-09-14,2026-09-15
AVSC,OCFC,OCEANFIRST FINANCIAL CORP COMMON STOCK USD.01,0.0011,2026-09-14,2026-09-15
AVSC,ALNT,ALLIENT INC COMMON STOCK,0.0011,2026-09-14,2026-09-15
AVSC,NBHC,NATIONAL BANK HOLD CL A COMMON STOCK,0.0011,2026-09-14,2026-09-15
AVSC,TCBK,TRICO BANCSHARES COMMON STOCK,0.0011,2026-09-14,2026-09-15
AVSC,MBX,MBX BIOSCIENCES INC COMMON STOCK USD.0001,0.0011,2026-09-14,2026-09-15
AVSC,HG,HAMILTON INSURANCE GROU CL B COMMON STOCK USD.01,0.0011,2026-09-14,2026-09-15
AVSC,DXC,DXC TECHNOLOGY CO COMMON STOCK USD.01,0.0011,2026-09-14,2026-09-15
AVSC,KSS,KOHLS CORP COMMON STOCK USD.01,0.0011,2026-09-14,2026-09-15
AVSC,AIN,ALBANY INTL CORP CL A COMMON STOCK USD.001,0.0011,2026-09-14,2026-09-15
AVSC,VIR,VIR BIOTECHNOLOGY INC COMMON STOCK,0.0011,2026-09-14,2026-09-15
AVSC,DBD,DIEBOLD NIXDORF INC COMMON STOCK,0.0011,2026-09-14,2026-09-15
AVSC,WWW,WOLVERINE WORLD WIDE INC COMMON STOCK USD1.0,0.0011,2026-09-14,2026-09-15
AVSC,TILE,INTERFACE INC COMMON STOCK USD.1,0.0011,2026-09-14,2026-09-15
AVSC,IPAR,INTERPARFUMS INC COMMON STOCK USD.001,0.0011,2026-09-14,2026-09-15
AVSC,EYE,NATIONAL VISION HOLDINGS INC COMMON STOCK USD.01,0.0011,2026-09-14,2026-09-15
AVSC,RUN,SUNRUN INC COMMON STOCK USD.0001,0.0011,2026-09-14,2026-09-15
AVSC,PLAB,PHOTRONICS INC COMMON STOCK USD.01,0.0011,2026-09-14,2026-09-15
AVSC,PRGS,PROGRESS SOFTWARE CORP COMMON STOCK USD.01,0.0011,2026-09-14,2026-09-15
AVSC,EXLS,EXLSERVICE HOLDINGS INC COMMON STOCK USD.001,0.001,2026-09-14,2026-09-15
AVSC,STRA,STRATEGIC EDUCATION INC COMMON STOCK USD.01,0.001,2026-09-14,2026-09-15
AVSC,DCOM,DIME COMMERCIAL BANCSHARES I COMMON STOCK USD.01,0.001,2026-09-14,2026-09-15
AVSC,WOR,WORTHINGTON ENTERPRISES INC COMMON STOCK,0.001,2026-09-14,2026-09-15
AVSC,CVI,CVR ENERGY INC COMMON STOCK USD.01,0.001,2026-09-14,2026-09-15
AVSC,CNOB,CONNECTONE BANCORP INC COMMON STOCK,0.001,2026-09-14,2026-09-15
AVSC,WABC,WESTAMERICA BANCORPORATION COMMON STOCK,0.001,2026-09-14,2026-09-15
AVSC,TFIN,TRIUMPH FINANCIAL INC COMMON STOCK USD.01,0.001,2026-09-14,2026-09-15
AVSC,MCRI,MONARCH CASINO + RESORT INC COMMON STOCK USD.01,0.001,2026-09-14,2026-09-15
AVSC,LBTYA,LIBERTY GLOBAL LTD A COMMON STOCK USD.01,0.001,2026-09-14,2026-09-15
AVSC,SAFT,SAFETY INSURANCE GROUP INC COMMON STOCK USD.01,0.001,2026-09-14,2026-09-15
AVSC,MQ,MARQETA INC A COMMON STOCK USD.0001,0.001,2026-09-14,2026-09-15
AVSC,TRS,TRIMAS CORP COMMON STOCK USD.01,0.001,2026-09-14,2026-09-15
AVSC,SBH,SALLY BEAUTY HOLDINGS INC COMMON STOCK USD.01,0.001,2026-09-14,2026-09-15
AVSC,PEBO,PEOPLES BANCORP INC COMMON STOCK,0.001,2026-09-14,2026-09-15
AVSC,ELVN,ENLIVEN THERAPEUTICS INC COMMON STOCK USD.001,0.001,2026-09-14,2026-09-15
AVSC,PLGO,PELAGOS INSURANCE CAPITAL LT COMMON STOCK USD.01,0.001,2026-09-14,2026-09-15
AVSC,PRDO,PERDOCEO EDUCATION CORP COMMON STOCK USD.01,0.001,2026-09-14,2026-09-15
AVSC,BETA,BETA TECHNOLOGIES INC CL A COMMON STOCK USD.0001,0.001,2026-09-14,2026-09-15
AVSC,OLED,UNIVERSAL DISPLAY CORP COMMON STOCK USD.01,0.001,2026-09-14,2026-09-15
AVSC,FLYW,FLYWIRE CORP VOTING COMMON STOCK USD.0001,0.001,2026-09-14,2026-09-15
AVSC,BFC,BANK FIRST CORP COMMON STOCK USD1.0,0.001,2026-09-14,2026-09-15
AVSC,OMCL,OMNICELL INC COMMON STOCK USD.001,0.001,2026-09-14,2026-09-15
AVSC,MKTX,MARKETAXESS HOLDINGS INC COMMON STOCK USD.003,0.001,2026-09-14,2026-09-15
AVSC,XPRO,EXPRO LTD COMMON STOCK USD.0001,0.001,2026-09-14,2026-09-15
AVSC,CNS,COHEN + STEERS INC COMMON STOCK USD.01,0.001,2026-09-14,2026-09-15
AVSC,EPAC,ENERPAC TOOL GROUP CORP COMMON STOCK USD.2,0.001,2026-09-14,2026-09-15
AVSC,SONO,SONOS INC COMMON STOCK USD.001,0.001,2026-09-14,2026-09-15
AVSC,AMN,AMN HEALTHCARE SERVICES INC COMMON STOCK USD.01,0.001,2026-09-14,2026-09-15
AVSC,OLLI,OLLIE S BARGAIN OUTLET HOLDI COMMON STOCK USD.001,0.001,2026-09-14,2026-09-15
AVSC,QCRH,QCR HOLDINGS INC COMMON STOCK USD1.0,0.001,2026-09-14,2026-09-15
AVSC,ALG,ALAMO GROUP INC COMMON STOCK USD.1,0.001,2026-09-14,2026-09-15
AVSC,AUPH,AURINIA PHARMACEUTICALS INC COMMON STOCK,0.0009,2026-09-14,2026-09-15
AVSC,BJRI,BJ S RESTAURANTS INC COMMON STOCK,0.0009,2026-09-14,2026-09-15
AVSC,GVA,GRANITE CONSTRUCTION INC COMMON STOCK USD.01,0.0009,2026-09-14,2026-09-15
AVSC,ADNT,ADIENT PLC COMMON STOCK USD.001,0.0009,2026-09-14,2026-09-15
AVSC,RLI,RLI CORP COMMON STOCK USD1.0,0.0009,2026-09-14,2026-09-15
AVSC,SRCE,1ST SOURCE CORP COMMON STOCK,0.0009,2026-09-14,2026-09-15
AVSC,WRBY,WARBY PARKER INC CLASS A COMMON STOCK USD.0001,0.0009,2026-09-14,2026-09-15
AVSC,PBH,PRESTIGE CONSUMER HEALTHCARE COMMON STOCK USD.01,0.0009,2026-09-14,2026-09-15
AVSC,LOB,LIVE OAK BANCSHARES INC COMMON STOCK,0.0009,2026-09-14,2026-09-15
AVSC,ASTH,ASTRANA HEALTH INC COMMON STOCK USD.001,0.0009,2026-09-14,2026-09-15
AVSC,IDT,IDT CORP CLASS B COMMON STOCK USD.01,0.0009,2026-09-14,2026-09-15
AVSC,CGEM,CULLINAN THERAPEUTICS INC COMMON STOCK USD.0001,0.0009,2026-09-14,2026-09-15
AVSC,CNMD,CONMED CORP COMMON STOCK USD.01,0.0009,2026-09-14,2026-09-15
AVSC,IMKTA,INGLES MARKETS INC CLASS A COMMON STOCK USD.05,0.0009,2026-09-14,2026-09-15
AVSC,HCSG,HEALTHCARE SERVICES GROUP COMMON STOCK USD.01,0.0009,2026-09-14,2026-09-15
AVSC,GT,GOODYEAR TIRE + RUBBER CO COMMON STOCK,0.0009,2026-09-14,2026-09-15
AVSC,SRPT,SAREPTA THERAPEUTICS INC COMMON STOCK USD.0001,0.0009,2026-09-14,2026-09-15
AVSC,INVA,INNOVIVA INC COMMON STOCK USD.01,0.0009,2026-09-14,2026-09-15
AVSC,AROC,ARCHROCK INC COMMON STOCK USD.01,0.0009,2026-09-14,2026-09-15
AVSC,INOD,INNODATA INC COMMON STOCK USD.01,0.0009,2026-09-14,2026-09-15
AVSC,MRX,MAREX GROUP LTD COMMON STOCK,0.0009,2026-09-14,2026-09-15
AVSC,NMRK,NEWMARK GROUP INC CLASS A COMMON STOCK USD.01,0.0009,2026-09-14,2026-09-15
AVSC,GRC,GORMAN RUPP CO COMMON STOCK,0.0009,2026-09-14,2026-09-15
AVSC,NEO,NEOGENOMICS INC COMMON STOCK USD.001,0.0009,2026-09-14,2026-09-15
AVSC,TMP,TOMPKINS FINANCIAL CORP COMMON STOCK USD.1,0.0008,2026-09-14,2026-09-15
AVSC,NJR,NEW JERSEY RESOURCES CORP COMMON STOCK USD2.5,0.0008,2026-09-14,2026-09-15
AVSC,FRSH,FRESHWORKS INC CL A COMMON STOCK USD.00001,0.0008,2026-09-14,2026-09-15
AVSC,RAPP,RAPPORT THERAPEUTICS INC COMMON STOCK USD.001,0.0008,2026-09-14,2026-09-15
AVSC,MGNI,MAGNITE INC COMMON STOCK USD.00001,0.0008,2026-09-14,2026-09-15
AVSC,ENPH,ENPHASE ENERGY INC COMMON STOCK USD.00001,0.0008,2026-09-14,2026-09-15
AVSC,LKFN,LAKELAND FINANCIAL CORP COMMON STOCK,0.0008,2026-09-14,2026-09-15
AVSC,NSSC,NAPCO SECURITY TECHNOLOGIES COMMON STOCK USD.01,0.0008,2026-09-14,2026-09-15
AVSC,PRIM,PRIMORIS SERVICES CORP COMMON STOCK USD.0001,0.0008,2026-09-14,2026-09-15
AVSC,HUN,HUNTSMAN CORP COMMON STOCK USD.01,0.0008,2026-09-14,2026-09-15
AVSC,LBTYK,LIBERTY GLOBAL LTD C COMMON STOCK USD.01,0.0008,2026-09-14,2026-09-15
AVSC,KOS,KOSMOS ENERGY LTD COMMON STOCK USD.01,0.0008,2026-09-14,2026-09-15
AVSC,INVX,INNOVEX INTERNATIONAL INC COMMON STOCK USD.01,0.0008,2026-09-14,2026-09-15
AVSC,NTLA,INTELLIA THERAPEUTICS INC COMMON STOCK USD.0001,0.0008,2026-09-14,2026-09-15
AVSC,BKE,BUCKLE INC/THE COMMON STOCK USD.01,0.0008,2026-09-14,2026-09-15
AVSC,PFBC,PREFERRED BANK/LOS ANGELES COMMON STOCK,0.0008,2026-09-14,2026-09-15
AVSC,SLDE,SLIDE INSURANCE HOLDINGS INC COMMON STOCK USD.01,0.0008,2026-09-14,2026-09-15
AVSC,ST,SENSATA TECHNOLOGIES HOLDPLC COMMON STOCK EUR.01,0.0008,2026-09-14,2026-09-15
AVSC,HHH,HOWARD HUGHES HOLDINGS INC COMMON STOCK,0.0008,2026-09-14,2026-09-15
AVSC,ECVT,ECOVYST INC COMMON STOCK,0.0008,2026-09-14,2026-09-15
AVSC,MZTI,MARZETTI COMPANY/THE COMMON STOCK,0.0008,2026-09-14,2026-09-15
AVSC,SCL,STEPAN CO COMMON STOCK USD1.0,0.0008,2026-09-14,2026-09-15
AVSC,VFC,VF CORP COMMON STOCK,0.0008,2026-09-14,2026-09-15
AVSC,CCS,CENTURY COMMUNITIES INC COMMON STOCK USD.01,0.0008,2026-09-14,2026-09-15
AVSC,HLIT,HARMONIC INC COMMON STOCK USD.001,0.0008,2026-09-14,2026-09-15
AVSC,DLX,DELUXE CORP COMMON STOCK USD1.0,0.0008,2026-09-14,2026-09-15
AVSC,FTRE,FORTREA HOLDINGS INC COMMON STOCK USD.001,0.0008,2026-09-14,2026-09-15
AVSC,JBLU,JETBLUE AIRWAYS CORP COMMON STOCK USD.01,0.0008,2026-09-14,2026-09-15
AVSC,ENR,ENERGIZER HOLDINGS INC COMMON STOCK,0.0008,2026-09-14,2026-09-15
AVSC,SCSC,SCANSOURCE INC COMMON STOCK,0.0008,2026-09-14,2026-09-15
AVSC,TNGX,TANGO THERAPEUTICS INC COMMON STOCK USD.0001,0.0008,2026-09-14,2026-09-15
AVSC,VTOL,BRISTOW GROUP INC COMMON STOCK USD.01,0.0008,2026-09-14,2026-09-15
AVSC,MGRC,MCGRATH RENTCORP COMMON STOCK,0.0008,2026-09-14,2026-09-15
AVSC,FMBH,FIRST MID BANCSHARES INC COMMON STOCK USD4.0,0.0008,2026-09-14,2026-09-15
AVSC,LZB,LA Z BOY INC COMMON STOCK USD1.0,0.0008,2026-09-14,2026-09-15
AVSC,BLKB,BLACKBAUD INC COMMON STOCK USD.001,0.0008,2026-09-14,2026-09-15
AVSC,NNI,NELNET INC CL A COMMON STOCK USD.01,0.0008,2026-09-14,2026-09-15
AVSC,FIVN,FIVE9 INC COMMON STOCK USD.001,0.0008,2026-09-14,2026-09-15
AVSC,RYZ,RYERSON HOLDING CORP COMMON STOCK USD.01,0.0008,2026-09-14,2026-09-15
AVSC,NX,QUANEX BUILDING PRODUCTS COMMON STOCK USD.01,0.0008,2026-09-14,2026-09-15
AVSC,HFWA,HERITAGE FINANCIAL CORP COMMON STOCK,0.0008,2026-09-14,2026-09-15
AVSC,SHLS,SHOALS TECHNOLOGIES GROUP A COMMON STOCK USD.00001,0.0008,2026-09-14,2026-09-15
AVSC,MLKN,MILLERKNOLL INC COMMON STOCK USD.2,0.0008,2026-09-14,2026-09-15
AVSC,MBIN,MERCHANTS BANCORP/IN COMMON STOCK,0.0008,2026-09-14,2026-09-15
AVSC,AMTB,AMERANT BANCORP INC COMMON STOCK USD.1,0.0008,2026-09-14,2026-09-15
AVSC,ANIP,ANI PHARMACEUTICALS INC COMMON STOCK USD.0001,0.0008,2026-09-14,2026-09-15
AVSC,CBZ,CBIZ INC COMMON STOCK USD.01,0.0008,2026-09-14,2026-09-15
AVSC,NBR,NABORS INDUSTRIES LTD COMMON STOCK USD.001,0.0008,2026-09-14,2026-09-15
AVSC,WEN,WENDY S CO/THE COMMON STOCK USD.1,0.0008,2026-09-14,2026-09-15
AVSC,KRP,KIMBELL ROYALTY PARTNERS LP UNIT,0.0008,2026-09-14,2026-09-15
AVSC,UTI,UNIVERSAL TECHNICAL INSTITUT COMMON STOCK USD.0001,0.0008,2026-09-14,2026-09-15
AVSC,AESI,ATLAS ENERGY SOLUTIONS INC COMMON STOCK,0.0008,2026-09-14,2026-09-15
AVSC,CTBI,COMMUNITY TRUST BANCORP INC COMMON STOCK USD5.0,0.0007,2026-09-14,2026-09-15
AVSC,OSBC,OLD SECOND BANCORP INC COMMON STOCK USD1.0,0.0007,2026-09-14,2026-09-15
AVSC,WLDN,WILLDAN GROUP INC COMMON STOCK USD.01,0.0007,2026-09-14,2026-09-15
AVSC,PUMP,PROPETRO HOLDING CORP COMMON STOCK,0.0007,2026-09-14,2026-09-15
AVSC,TRIP,TRIPADVISOR INC COMMON STOCK USD.001,0.0007,2026-09-14,2026-09-15
AVSC,CC,CHEMOURS CO/THE COMMON STOCK USD.01,0.0007,2026-09-14,2026-09-15
AVSC,UFCS,UNITED FIRE GROUP INC COMMON STOCK USD.001,0.0007,2026-09-14,2026-09-15
AVSC,WS,WORTHINGTON STEEL INC COMMON STOCK USD.0001,0.0007,2026-09-14,2026-09-15
AVSC,ASTE,ASTEC INDUSTRIES INC COMMON STOCK USD.2,0.0007,2026-09-14,2026-09-15
AVSC,SEPN,SEPTERNA INC COMMON STOCK USD.001,0.0007,2026-09-14,2026-09-15
AVSC,HLMN,HILLMAN SOLUTIONS CORP COMMON STOCK USD.0001,0.0007,2026-09-14,2026-09-15
AVSC,BHRB,BURKE + HERBERT FINANCIAL SE COMMON STOCK,0.0007,2026-09-14,2026-09-15
AVSC,PGY,PAGAYA TECHNOLOGIES LTD A COMMON STOCK USD.0001,0.0007,2026-09-14,2026-09-15
AVSC,ELF,ELF BEAUTY INC COMMON STOCK USD.01,0.0007,2026-09-14,2026-09-15
AVSC,TDAY,USA TODAY CO INC COMMON STOCK USD.01,0.0007,2026-09-14,2026-09-15
AVSC,PLOW,DOUGLAS DYNAMICS INC COMMON STOCK USD.01,0.0007,2026-09-14,2026-09-15
AVSC,PLPC,PREFORMED LINE PRODUCTS CO COMMON STOCK USD2.0,0.0007,2026-09-14,2026-09-15
AVSC,EPC,EDGEWELL PERSONAL CARE CO COMMON STOCK USD.01,0.0007,2026-09-14,2026-09-15
AVSC,ESQ,ESQUIRE FINANCIAL HOLDINGS I COMMON STOCK USD.01,0.0007,2026-09-14,2026-09-15
AVSC,COLM,COLUMBIA SPORTSWEAR CO COMMON STOCK,0.0007,2026-09-14,2026-09-15
AVSC,GHM,GRAHAM CORP COMMON STOCK USD.1,0.0007,2026-09-14,2026-09-15
AVSC,AZTA,AZENTA INC COMMON STOCK USD.01,0.0007,2026-09-14,2026-09-15
AVSC,GBX,GREENBRIER COMPANIES INC COMMON STOCK,0.0007,2026-09-14,2026-09-15
AVSC,BULL,WEBULL CORP COMMON STOCK USD.0001,0.0007,2026-09-14,2026-09-15
AVSC,UVE,UNIVERSAL INSURANCE HOLDINGS COMMON STOCK USD.01,0.0007,2026-09-14,2026-09-15
AVSC,MBC,MASTERBRAND INC COMMON STOCK USD.01,0.0007,2026-09-14,2026-09-15
AVSC,SFL,SFL CORP LTD COMMON STOCK USD.01,0.0007,2026-09-14,2026-09-15
AVSC,WMK,WEIS MARKETS INC COMMON STOCK,0.0007,2026-09-14,2026-09-15
AVSC,UVSP,UNIVEST FINANCIAL CORP COMMON STOCK USD5.0,0.0007,2026-09-14,2026-09-15
AVSC,ETON,ETON PHARMACEUTICALS INC COMMON STOCK USD.001,0.0007,2026-09-14,2026-09-15
AVSC,CAC,CAMDEN NATIONAL CORP COMMON STOCK,0.0007,2026-09-14,2026-09-15
AVSC,BELFB,BEL FUSE INC CL B COMMON STOCK USD.1,0.0007,2026-09-14,2026-09-15
AVSC,HBNC,HORIZON BANCORP INC/IN COMMON STOCK,0.0007,2026-09-14,2026-09-15
AVSC,GIII,G III APPAREL GROUP LTD COMMON STOCK USD.01,0.0007,2026-09-14,2026-09-15
AVSC,TNC,TENNANT CO COMMON STOCK USD.375,0.0007,2026-09-14,2026-09-15
AVSC,MBWM,MERCANTILE BANK CORP COMMON STOCK,0.0007,2026-09-14,2026-09-15
AVSC,PIPR,PIPER SANDLER COS COMMON STOCK USD.01,0.0007,2026-09-14,2026-09-15
AVSC,FSUN,FIRSTSUN CAPITAL BANCORP COMMON STOCK,0.0007,2026-09-14,2026-09-15
AVSC,SLVM,SYLVAMO CORP COMMON STOCK USD1.0,0.0007,2026-09-14,2026-09-15
AVSC,PAY,PAYMENTUS HOLDINGS INC A COMMON STOCK USD.0001,0.0007,2026-09-14,2026-09-15
AVSC,PRSU,PURSUIT ATTRACTIONS AND HOSP COMMON STOCK USD1.5,0.0007,2026-09-14,2026-09-15
AVSC,LQDT,LIQUIDITY SERVICES INC COMMON STOCK USD.001,0.0007,2026-09-14,2026-09-15
AVSC,DMC,DEL MONTE CORP COMMON STOCK,0.0007,2026-09-14,2026-09-15
AVSC,MYE,MYERS INDUSTRIES INC COMMON STOCK,0.0007,2026-09-14,2026-09-15
AVSC,SEZL,SEZZLE INC COMMON STOCK,0.0007,2026-09-14,2026-09-15
AVSC,CNXN,PC CONNECTION INC COMMON STOCK USD.01,0.0007,2026-09-14,2026-09-15
AVSC,HOS,HORNBECK OFFSHORE SERVICES I COMMON STOCK,0.0007,2026-09-14,2026-09-15
AVSC,RUSHA,RUSH ENTERPRISES INC CL A COMMON STOCK USD.01,0.0007,2026-09-14,2026-09-15
AVSC,SAM,BOSTON BEER COMPANY INC A COMMON STOCK USD.01,0.0007,2026-09-14,2026-09-15
AVSC,XPEL,XPEL INC COMMON STOCK,0.0007,2026-09-14,2026-09-15
AVSC,NXST,NEXSTAR MEDIA GROUP INC COMMON STOCK USD.01,0.0007,2026-09-14,2026-09-15
AVSC,CLBK,COLUMBIA FINANCIAL INC COMMON STOCK USD.01,0.0007,2026-09-14,2026-09-15
AVSC,CBRL,CRACKER BARREL OLD COUNTRY COMMON STOCK USD.01,0.0007,2026-09-14,2026-09-15
AVSC,HZO,MARINEMAX INC COMMON STOCK USD.001,0.0007,2026-09-14,2026-09-15
AVSC,SAH,SONIC AUTOMOTIVE INC CLASS A COMMON STOCK USD.01,0.0007,2026-09-14,2026-09-15
AVSC,GPRE,GREEN PLAINS INC COMMON STOCK USD.001,0.0007,2026-09-14,2026-09-15
AVSC,TDOC,TELADOC HEALTH INC COMMON STOCK USD.001,0.0007,2026-09-14,2026-09-15
AVSC,KD,KYNDRYL HOLDINGS INC COMMON STOCK USD.01,0.0007,2026-09-14,2026-09-15
AVSC,RDVT,RED VIOLET INC COMMON STOCK USD.001,0.0007,2026-09-14,2026-09-15
AVSC,REX,REX AMERICAN RESOURCES CORP COMMON STOCK USD.01,0.0006,2026-09-14,2026-09-15
AVSC,IART,INTEGRA LIFESCIENCES HOLDING COMMON STOCK USD.01,0.0006,2026-09-14,2026-09-15
AVSC,MMS,MAXIMUS INC COMMON STOCK,0.0006,2026-09-14,2026-09-15
AVSC,GRDN,GUARDIAN PHRMCY SERVICES A COMMON STOCK USD.01,0.0006,2026-09-14,2026-09-15
AVSC,NWPX,NWPX INFRASTRUCTURE INC COMMON STOCK USD.01,0.0006,2026-09-14,2026-09-15
AVSC,STGW,STAGWELL INC COMMON STOCK USD.00001,0.0006,2026-09-14,2026-09-15
AVSC,LILAK,LIBERTY LATIN AMERIC CL C COMMON STOCK USD.01,0.0006,2026-09-14,2026-09-15
AVSC,ROCK,GIBRALTAR INDUSTRIES INC COMMON STOCK USD.01,0.0006,2026-09-14,2026-09-15
AVSC,ORIC,ORIC PHARMACEUTICALS INC COMMON STOCK USD.0001,0.0006,2026-09-14,2026-09-15
AVSC,OI,O I GLASS INC COMMON STOCK USD.01,0.0006,2026-09-14,2026-09-15
AVSC,THRM,GENTHERM INC COMMON STOCK,0.0006,2026-09-14,2026-09-15
AVSC,YELP,YELP INC COMMON STOCK USD.000001,0.0006,2026-09-14,2026-09-15
AVSC,JJSF,J + J SNACK FOODS CORP COMMON STOCK,0.0006,2026-09-14,2026-09-15
AVSC,CCNE,CNB FINANCIAL CORP/PA COMMON STOCK,0.0006,2026-09-14,2026-09-15
AVSC,FIGS,FIGS INC CLASS A COMMON STOCK USD.0001,0.0006,2026-09-14,2026-09-15
AVSC,AVPT,AVEPOINT INC COMMON STOCK USD.0001,0.0006,2026-09-14,2026-09-15
AVSC,PRGO,PERRIGO CO PLC COMMON STOCK EUR.001,0.0006,2026-09-14,2026-09-15
AVSC,CRVL,CORVEL CORP COMMON STOCK USD.0001,0.0006,2026-09-14,2026-09-15
AVSC,MCB,METROPOLITAN BANK HOLDING CO COMMON STOCK USD.01,0.0006,2026-09-14,2026-09-15
AVSC,NPK,NATIONAL PRESTO INDS INC COMMON STOCK USD1.0,0.0006,2026-09-14,2026-09-15
AVSC,RH,RH COMMON STOCK USD.0001,0.0006,2026-09-14,2026-09-15
AVSC,VPG,VISHAY PRECISION GROUP COMMON STOCK,0.0006,2026-09-14,2026-09-15
AVSC,BFST,BUSINESS FIRST BANCSHARES COMMON STOCK USD1.0,0.0006,2026-09-14,2026-09-15
AVSC,LNN,LINDSAY CORP COMMON STOCK USD1.0,0.0006,2026-09-14,2026-09-15
AVSC,ENOV,ENOVIS CORP COMMON STOCK USD.001,0.0006,2026-09-14,2026-09-15
AVSC,UAA,UNDER ARMOUR INC CLASS A COMMON STOCK USD.000333,0.0006,2026-09-14,2026-09-15
AVSC,BCPC,BALCHEM CORP COMMON STOCK USD.0667,0.0006,2026-09-14,2026-09-15
AVSC,NUTX,NUTEX HEALTH INC COMMON STOCK,0.0006,2026-09-14,2026-09-15
AVSC,SENEA,SENECA FOODS CORP CL A COMMON STOCK USD.25,0.0006,2026-09-14,2026-09-15
AVSC,CSTL,CASTLE BIOSCIENCES INC COMMON STOCK USD.001,0.0006,2026-09-14,2026-09-15
AVSC,BCAX,BICARA THERAPEUTICS INC COMMON STOCK USD.0001,0.0006,2026-09-14,2026-09-15
AVSC,BY,BYLINE BANCORP INC COMMON STOCK USD.01,0.0006,2026-09-14,2026-09-15
AVSC,CRI,CARTER S INC COMMON STOCK USD.01,0.0006,2026-09-14,2026-09-15
AVSC,KOP,KOPPERS HOLDINGS INC COMMON STOCK USD.01,0.0006,2026-09-14,2026-09-15
AVSC,EIG,EMPLOYERS HOLDINGS INC COMMON STOCK USD.01,0.0006,2026-09-14,2026-09-15
AVSC,SBSI,SOUTHSIDE BANCSHARES INC COMMON STOCK USD1.25,0.0006,2026-09-14,2026-09-15
AVSC,MPB,MID PENN BANCORP INC COMMON STOCK USD1.0,0.0006,2026-09-14,2026-09-15
AVSC,TRST,TRUSTCO BANK CORP NY COMMON STOCK USD1.0,0.0006,2026-09-14,2026-09-15
AVSC,NAT,NORDIC AMERICAN TANKERS LTD COMMON STOCK USD.01,0.0006,2026-09-14,2026-09-15
AVSC,FCEL,FUELCELL ENERGY INC COMMON STOCK USD.0001,0.0006,2026-09-14,2026-09-15
AVSC,GO,GROCERY OUTLET HOLDING CORP COMMON STOCK USD.001,0.0006,2026-09-14,2026-09-15
AVSC,XIFR,XPLR INFRASTRUCTURE LP COMMON STOCK,0.0006,2026-09-14,2026-09-15
AVSC,TNET,TRINET GROUP INC COMMON STOCK USD.000025,0.0006,2026-09-14,2026-09-15
AVSC,CPF,CENTRAL PACIFIC FINANCIAL CO COMMON STOCK,0.0006,2026-09-14,2026-09-15
AVSC,GOLD,GOLD.COM INC COMMON STOCK USD.01,0.0006,2026-09-14,2026-09-15
AVSC,NPKI,NPK INTERNATIONAL INC COMMON STOCK,0.0006,2026-09-14,2026-09-15
AVSC,CFFN,CAPITOL FEDERAL FINANCIAL IN COMMON STOCK USD.01,0.0006,2026-09-14,2026-09-15
AVSC,TH,TARGET HOSPITALITY CORP COMMON STOCK USD.0001,0.0006,2026-09-14,2026-09-15
AVSC,FCBC,FIRST COMMUNITY BANKSHARES COMMON STOCK USD1.0,0.0006,2026-09-14,2026-09-15
AVSC,VSNT,VERSANT MEDIA GROUP INC COMMON STOCK USD.01,0.0006,2026-09-14,2026-09-15
AVSC,USLM,UNITED STATES LIME + MINERAL COMMON STOCK USD.1,0.0006,2026-09-14,2026-09-15
AVSC,EE,EXCELERATE ENERGY INC A COMMON STOCK USD.001,0.0006,2026-09-14,2026-09-15
AVSC,ADT,ADT INC COMMON STOCK USD.01,0.0006,2026-09-14,2026-09-15
AVSC,CYRX,CRYOPORT INC COMMON STOCK USD.001,0.0006,2026-09-14,2026-09-15
AVSC,SMBK,SMARTFINANCIAL INC COMMON STOCK USD1.0,0.0006,2026-09-14,2026-09-15
AVSC,AVAH,AVEANNA HEALTHCARE HOLDINGS COMMON STOCK USD.01,0.0006,2026-09-14,2026-09-15
AVSC,PGC,PEAPACK GLADSTONE FINL CORP COMMON STOCK,0.0006,2026-09-14,2026-09-15
AVSC,NBN,NORTHEAST BANK COMMON STOCK USD1.0,0.0006,2026-09-14,2026-09-15
AVSC,SMP,STANDARD MOTOR PRODS COMMON STOCK USD2.0,0.0006,2026-09-14,2026-09-15
AVSC,ORRF,ORRSTOWN FINL SERVICES INC COMMON STOCK,0.0006,2026-09-14,2026-09-15
AVSC,LINC,LINCOLN EDUCATIONAL SERVICES COMMON STOCK,0.0006,2026-09-14,2026-09-15
AVSC,RBCAA,REPUBLIC BANCORP INC CLASS A COMMON STOCK,0.0006,2026-09-14,2026-09-15
AVSC,GSBC,GREAT SOUTHERN BANCORP INC COMMON STOCK USD.01,0.0006,2026-09-14,2026-09-15
AVSC,LGIH,LGI HOMES INC COMMON STOCK USD.01,0.0006,2026-09-14,2026-09-15
AVSC,ZGN,ERMENEGILDO ZEGNA NV COMMON STOCK,0.0006,2026-09-14,2026-09-15
AVSC,DJCO,DAILY JOURNAL CORP COMMON STOCK USD.01,0.0006,2026-09-14,2026-09-15
AVSC,CEVA,CEVA INC COMMON STOCK USD.001,0.0006,2026-09-14,2026-09-15
AVSC,UTL,UNITIL CORP COMMON STOCK,0.0006,2026-09-14,2026-09-15
AVSC,OPY,OPPENHEIMER HOLDINGS CL A COMMON STOCK USD.001,0.0006,2026-09-14,2026-09-15
AVSC,EQBK,EQUITY BANCSHARES INC CL A COMMON STOCK USD.01,0.0006,2026-09-14,2026-09-15
AVSC,GNK,GENCO SHIPPING + TRADING LTD COMMON STOCK USD.01,0.0006,2026-09-14,2026-09-15
AVSC,FMNB,FARMERS NATL BANC CORP COMMON STOCK,0.0005,2026-09-14,2026-09-15
AVSC,CARE,CARTER BANKSHARES INC COMMON STOCK USD1.0,0.0005,2026-09-14,2026-09-15
AVSC,NBBK,NB BANCORP INC COMMON STOCK USD.01,0.0005,2026-09-14,2026-09-15
AVSC,VISN,VISTANCE NETWORKS INC COMMON STOCK,0.0005,2026-09-14,2026-09-15
AVSC,UPBD,UPBOUND GROUP INC COMMON STOCK USD.01,0.0005,2026-09-14,2026-09-15
AVSC,IBCP,INDEPENDENT BANK CORP MICH COMMON STOCK USD1.0,0.0005,2026-09-14,2026-09-15
AVSC,MITK,MITEK SYSTEMS INC COMMON STOCK USD.001,0.0005,2026-09-14,2026-09-15
AVSC,CRAI,CRA INTERNATIONAL INC COMMON STOCK,0.0005,2026-09-14,2026-09-15
AVSC,GLUE,MONTE ROSA THERAPEUTICS INC COMMON STOCK USD.0001,0.0005,2026-09-14,2026-09-15
AVSC,KODK,EASTMAN KODAK CO COMMON STOCK USD.01,0.0005,2026-09-14,2026-09-15
AVSC,GCT,GIGACLOUD TECHNOLOGY INC A COMMON STOCK USD.05,0.0005,2026-09-14,2026-09-15
AVSC,TTI,TETRA TECHNOLOGIES INC COMMON STOCK USD.01,0.0005,2026-09-14,2026-09-15
AVSC,PCRX,PACIRA BIOSCIENCES INC COMMON STOCK USD.001,0.0005,2026-09-14,2026-09-15
AVSC,HAFC,HANMI FINANCIAL CORPORATION COMMON STOCK USD.001,0.0005,2026-09-14,2026-09-15
AVSC,ODC,OIL DRI CORP OF AMERICA COMMON STOCK USD.1,0.0005,2026-09-14,2026-09-15
AVSC,MMI,MARCUS + MILLICHAP INC COMMON STOCK USD.0001,0.0005,2026-09-14,2026-09-15
AVSC,IRTC,IRHYTHM HOLDINGS INC COMMON STOCK USD.001,0.0005,2026-09-14,2026-09-15
AVSC,UPWK,UPWORK INC COMMON STOCK USD.0001,0.0005,2026-09-14,2026-09-15
AVSC,SHBI,SHORE BANCSHARES INC COMMON STOCK USD.01,0.0005,2026-09-14,2026-09-15
AVSC,COUR,COURSERA INC COMMON STOCK USD.00001,0.0005,2026-09-14,2026-09-15
AVSC,MIDD,MIDDLEBY CORP COMMON STOCK USD.01,0.0005,2026-09-14,2026-09-15
AVSC,ADMA,ADMA BIOLOGICS INC COMMON STOCK USD.0001,0.0005,2026-09-14,2026-09-15
AVSC,FSBC,FIVE STAR BANCORP COMMON STOCK,0.0005,2026-09-14,2026-09-15
AVSC,PSNL,PERSONALIS INC COMMON STOCK,0.0005,2026-09-14,2026-09-15
AVSC,KFRC,KFORCE INC COMMON STOCK USD.01,0.0005,2026-09-14,2026-09-15
AVSC,PFSI,PENNYMAC FINANCIAL SERVICES COMMON STOCK USD.0001,0.0005,2026-09-14,2026-09-15
AVSC,IRMD,IRADIMED CORP COMMON STOCK USD.0001,0.0005,2026-09-14,2026-09-15
AVSC,CMP,COMPASS MINERALS INTERNATION COMMON STOCK USD.01,0.0005,2026-09-14,2026-09-15
AVSC,MCBS,METROCITY BANKSHARES INC COMMON STOCK,0.0005,2026-09-14,2026-09-15
AVSC,REYN,REYNOLDS CONSUMER PRODUCTS I COMMON STOCK USD.001,0.0005,2026-09-14,2026-09-15
AVSC,EGBN,EAGLE BANCORP INC COMMON STOCK USD.01,0.0005,2026-09-14,2026-09-15
AVSC,HRTG,HERITAGE INSURANCE HOLDINGS COMMON STOCK USD.0001,0.0005,2026-09-14,2026-09-15
AVSC,MSBI,MIDLAND STATES BANCORP INC COMMON STOCK USD.01,0.0005,2026-09-14,2026-09-15
AVSC,SPSC,SPS COMMERCE INC COMMON STOCK USD.001,0.0005,2026-09-14,2026-09-15
AVSC,LZ,LEGALZOOMCOM INC COMMON STOCK USD.001,0.0005,2026-09-14,2026-09-15
AVSC,THFF,FIRST FINANCIAL CORP COMMON STOCK,0.0005,2026-09-14,2026-09-15
AVSC,WASH,WASHINGTON TRUST BANCORP COMMON STOCK USD.0625,0.0005,2026-09-14,2026-09-15
AVSC,ALRS,ALERUS FINANCIAL CORP COMMON STOCK USD1.0,0.0005,2026-09-14,2026-09-15
AVSC,CASS,CASS INFORMATION SYSTEMS INC COMMON STOCK USD.5,0.0005,2026-09-14,2026-09-15
AVSC,NIQ,NIQ GLOBAL INTELLIGENCE PLC COMMON STOCK USD.01,0.0005,2026-09-14,2026-09-15
AVSC,TR,TOOTSIE ROLL INDS COMMON STOCK USD.694,0.0005,2026-09-14,2026-09-15
AVSC,AMAL,AMALGAMATED FINANCIAL CORP COMMON STOCK USD.01,0.0005,2026-09-14,2026-09-15
AVSC,BKV,BKV CORPORATION COMMON STOCK USD.01,0.0005,2026-09-14,2026-09-15
AVSC,VREX,VAREX IMAGING CORP COMMON STOCK USD.01,0.0005,2026-09-14,2026-09-15
AVSC,MLAB,MESA LABORATORIES INC COMMON STOCK,0.0005,2026-09-14,2026-09-15
AVSC,BZH,BEAZER HOMES USA INC COMMON STOCK USD.001,0.0005,2026-09-14,2026-09-15
AVSC,ASC,ARDMORE SHIPPING CORP COMMON STOCK USD.01,0.0005,2026-09-14,2026-09-15
AVSC,FUN,SIX FLAGS ENTERTAINMENT CORP COMMON STOCK USD.025,0.0005,2026-09-14,2026-09-15
AVSC,RXRX,RECURSION PHARMACEUTICALS A COMMON STOCK USD.00001,0.0005,2026-09-14,2026-09-15
AVSC,TBLA,TABOOLA.COM LTD COMMON STOCK,0.0005,2026-09-14,2026-09-15
AVSC,SXC,SUNCOKE ENERGY INC COMMON STOCK USD.01,0.0005,2026-09-14,2026-09-15
AVSC,CCBG,CAPITAL CITY BANK GROUP INC COMMON STOCK USD.01,0.0005,2026-09-14,2026-09-15
AVSC,MUX,MCEWEN INC COMMON STOCK,0.0005,2026-09-14,2026-09-15
AVSC,ASST,STRIVE INC A COMMON STOCK USD.001,0.0005,2026-09-14,2026-09-15
AVSC,SMBC,SOUTHERN MISSOURI BANCORP COMMON STOCK USD.01,0.0005,2026-09-14,2026-09-15
AVSC,VRTS,VIRTUS INVESTMENT PARTNERS COMMON STOCK USD.01,0.0005,2026-09-14,2026-09-15
AVSC,GPK,GRAPHIC PACKAGING HOLDING CO COMMON STOCK USD.01,0.0005,2026-09-14,2026-09-15
AVSC,ACEL,ACCEL ENTERTAINMENT INC COMMON STOCK USD.0001,0.0005,2026-09-14,2026-09-15
AVSC,AHCO,ADAPTHEALTH CORP COMMON STOCK USD.0001,0.0005,2026-09-14,2026-09-15
AVSC,ACHR,ARCHER AVIATION INC A COMMON STOCK USD.0001,0.0005,2026-09-14,2026-09-15
AVSC,WD,WALKER + DUNLOP INC COMMON STOCK,0.0005,2026-09-14,2026-09-15
AVSC,PFIS,PEOPLES FINANCIAL SERVICES COMMON STOCK USD2.0,0.0005,2026-09-14,2026-09-15
AVSC,QUBT,QUANTUM COMPUTING INC COMMON STOCK,0.0005,2026-09-14,2026-09-15
AVSC,FET,FORUM ENERGY TECHNOLOGIES IN COMMON STOCK USD.01,0.0005,2026-09-14,2026-09-15
AVSC,FISI,FINANCIAL INSTITUTIONS INC COMMON STOCK USD.01,0.0005,2026-09-14,2026-09-15
AVSC,FOXF,FOX FACTORY HOLDING CORP COMMON STOCK USD.001,0.0005,2026-09-14,2026-09-15
AVSC,AOSL,ALPHA + OMEGA SEMICONDUCTOR COMMON STOCK,0.0005,2026-09-14,2026-09-15
AVSC,FDMT,4D MOLECULAR THERAPEUTICS IN COMMON STOCK USD.0001,0.0005,2026-09-14,2026-09-15
AVSC,REPX,RILEY EXPLORATION PERMIAN IN COMMON STOCK USD.001,0.0005,2026-09-14,2026-09-15
AVSC,HSTM,HEALTHSTREAM INC COMMON STOCK,0.0005,2026-09-14,2026-09-15
AVSC,HIPO,HIPPO HOLDINGS INC COMMON STOCK USD.0001,0.0005,2026-09-14,2026-09-15
AVSC,LXU,LSB INDUSTRIES INC COMMON STOCK USD.1,0.0005,2026-09-14,2026-09-15
AVSC,GTM,ZOOMINFO TECHNOLOGIES INC COMMON STOCK,0.0005,2026-09-14,2026-09-15
AVSC,ADTN,ADTRAN HOLDINGS INC COMMON STOCK USD.01,0.0005,2026-09-14,2026-09-15
AVSC,AVO,MISSION PRODUCE INC COMMON STOCK USD.001,0.0005,2026-09-14,2026-09-15
AVSC,GDOT,GREEN DOT CORP CLASS A COMMON STOCK USD.001,0.0005,2026-09-14,2026-09-15
AVSC,MTW,MANITOWOC COMPANY INC COMMON STOCK USD.01,0.0004,2026-09-14,2026-09-15
AVSC,SPFI,SOUTH PLAINS FINANCIAL INC COMMON STOCK USD1.0,0.0004,2026-09-14,2026-09-15
AVSC,MRTN,MARTEN TRANSPORT LTD COMMON STOCK USD.01,0.0004,2026-09-14,2026-09-15
AVSC,MTUS,METALLUS INC COMMON STOCK,0.0004,2026-09-14,2026-09-15
AVSC,ANGO,ANGIODYNAMICS INC COMMON STOCK USD.01,0.0004,2026-09-14,2026-09-15
AVSC,QNST,QUINSTREET INC COMMON STOCK USD.001,0.0004,2026-09-14,2026-09-15
AVSC,QDEL,QUIDELORTHO CORP COMMON STOCK USD.001,0.0004,2026-09-14,2026-09-15
AVSC,ATEX,ANTERIX INC COMMON STOCK USD.0001,0.0004,2026-09-14,2026-09-15
AVSC,HTB,HOMETRUST BANCSHARES INC COMMON STOCK,0.0004,2026-09-14,2026-09-15
AVSC,SEB,SEABOARD CORP COMMON STOCK USD1.0,0.0004,2026-09-14,2026-09-15
AVSC,TFSL,TFS FINANCIAL CORP COMMON STOCK USD.01,0.0004,2026-09-14,2026-09-15
AVSC,PRAA,PRA GROUP INC COMMON STOCK USD.01,0.0004,2026-09-14,2026-09-15
AVSC,AMRC,AMERESCO INC CL A COMMON STOCK USD.0001,0.0004,2026-09-14,2026-09-15
AVSC,BHB,BAR HARBOR BANKSHARES COMMON STOCK USD2.0,0.0004,2026-09-14,2026-09-15
AVSC,ACNB,ACNB CORP COMMON STOCK USD2.5,0.0004,2026-09-14,2026-09-15
AVSC,NRIM,NORTHRIM BANCORP INC COMMON STOCK USD1.0,0.0004,2026-09-14,2026-09-15
AVSC,MCS,MARCUS CORPORATION COMMON STOCK USD1.0,0.0004,2026-09-14,2026-09-15
AVSC,BV,BRIGHTVIEW HOLDINGS INC COMMON STOCK USD.01,0.0004,2026-09-14,2026-09-15
AVSC,DRVN,DRIVEN BRANDS HOLDINGS INC COMMON STOCK USD.01,0.0004,2026-09-14,2026-09-15
AVSC,RIGL,RIGEL PHARMACEUTICALS INC COMMON STOCK USD.001,0.0004,2026-09-14,2026-09-15
AVSC,PKE,PARK AEROSPACE CORP COMMON STOCK USD.1,0.0004,2026-09-14,2026-09-15
AVSC,OOMA,OOMA INC COMMON STOCK,0.0004,2026-09-14,2026-09-15
AVSC,DLB,DOLBY LABORATORIES INC CL A COMMON STOCK USD.001,0.0004,2026-09-14,2026-09-15
AVSC,LSTR,LANDSTAR SYSTEM INC COMMON STOCK USD.01,0.0004,2026-09-14,2026-09-15
AVSC,INSP,INSPIRE MEDICAL SYSTEMS INC COMMON STOCK USD.001,0.0004,2026-09-14,2026-09-15
AVSC,FOUR,SHIFT4 PAYMENTS INC CLASS A COMMON STOCK,0.0004,2026-09-14,2026-09-15
AVSC,SR,SPIRE INC COMMON STOCK USD1.0,0.0004,2026-09-14,2026-09-15
AVSC,CRSR,CORSAIR GAMING INC COMMON STOCK,0.0004,2026-09-14,2026-09-15
AVSC,COLL,COLLEGIUM PHARMACEUTICAL INC COMMON STOCK USD.001,0.0004,2026-09-14,2026-09-15
AVSC,RYAM,RAYONIER ADVANCED MATERIALS COMMON STOCK USD.01,0.0004,2026-09-14,2026-09-15
AVSC,AMPH,AMPHASTAR PHARMACEUTICALS IN COMMON STOCK USD.0001,0.0004,2026-09-14,2026-09-15
AVSC,GIC,GLOBAL INDUSTRIAL CO COMMON STOCK USD.01,0.0004,2026-09-14,2026-09-15
AVSC,DAKT,DAKTRONICS INC COMMON STOCK,0.0004,2026-09-14,2026-09-15
AVSC,APOG,APOGEE ENTERPRISES INC COMMON STOCK USD.333,0.0004,2026-09-14,2026-09-15
AVSC,AROW,ARROW FINANCIAL CORP COMMON STOCK USD1.0,0.0004,2026-09-14,2026-09-15
AVSC,WGO,WINNEBAGO INDUSTRIES COMMON STOCK USD.5,0.0004,2026-09-14,2026-09-15
AVSC,CVLG,COVENANT LOGISTICS GROUP INC COMMON STOCK USD.01,0.0004,2026-09-14,2026-09-15
AVSC,OZK,BANK OZK COMMON STOCK,0.0004,2026-09-14,2026-09-15
AVSC,UTZ,UTZ BRANDS INC COMMON STOCK USD.0001,0.0004,2026-09-14,2026-09-15
AVSC,LBRX,LB PHARMACEUTICALS INC COMMON STOCK USD.0001,0.0004,2026-09-14,2026-09-15
AVSC,CLVT,CLARIVATE PLC COMMON STOCK USD.01,0.0004,2026-09-14,2026-09-15
AVSC,PUBM,PUBMATIC INC CLASS A COMMON STOCK USD.0001,0.0004,2026-09-14,2026-09-15
AVSC,KE,KIMBALL ELECTRONICS INC COMMON STOCK,0.0004,2026-09-14,2026-09-15
AVSC,TCBX,THIRD COAST BANCSHARES INC COMMON STOCK USD1.0,0.0004,2026-09-14,2026-09-15
AVSC,CCB,COASTAL FINANCIAL CORP/WA COMMON STOCK,0.0004,2026-09-14,2026-09-15
AVSC,RES,RPC INC COMMON STOCK USD.1,0.0004,2026-09-14,2026-09-15
AVSC,NTGR,NETGEAR INC COMMON STOCK USD.001,0.0004,2026-09-14,2026-09-15
AVSC,DOLE,DOLE PLC COMMON STOCK USD.01,0.0004,2026-09-14,2026-09-15
AVSC,WHD,CACTUS INC A COMMON STOCK USD.01,0.0004,2026-09-14,2026-09-15
AVSC,SCHL,SCHOLASTIC CORP COMMON STOCK USD.01,0.0004,2026-09-14,2026-09-15
AVSC,FMC,FMC CORP COMMON STOCK USD.1,0.0004,2026-09-14,2026-09-15
AVSC,BOW,BOWHEAD SPECIALTY HOLDINGS I COMMON STOCK USD.01,0.0004,2026-09-14,2026-09-15
AVSC,BLMN,BLOOMIN BRANDS INC COMMON STOCK USD.01,0.0004,2026-09-14,2026-09-15
AVSC,MATV,MATIV HOLDINGS INC COMMON STOCK USD.1,0.0004,2026-09-14,2026-09-15
AVSC,CWBC,COMMUNITY WEST BANCSHARES COMMON STOCK,0.0004,2026-09-14,2026-09-15
AVSC,GLIBK,LIBERTY CAPITAL CORP CL C COMMON STOCK USD.01,0.0004,2026-09-14,2026-09-15
AVSC,VGNT,VERSIGENT PLC COMMON STOCK USD.01,0.0004,2026-09-14,2026-09-15
AVSC,BCAL,CALIFORNIA BANCORP COMMON STOCK USD.01,0.0004,2026-09-14,2026-09-15
AVSC,KMPR,KEMPER CORP COMMON STOCK USD.1,0.0004,2026-09-14,2026-09-15
AVSC,APEI,AMERICAN PUBLIC EDUCATION COMMON STOCK USD.01,0.0004,2026-09-14,2026-09-15
AVSC,ATLC,ATLANTICUS HOLDINGS CORP COMMON STOCK,0.0004,2026-09-14,2026-09-15
AVSC,TRUP,TRUPANION INC COMMON STOCK USD.00001,0.0004,2026-09-14,2026-09-15
AVSC,FBIZ,FIRST BUSINESS FINANCIAL SER COMMON STOCK USD.01,0.0004,2026-09-14,2026-09-15
AVSC,OIS,OIL STATES INTERNATIONAL INC COMMON STOCK USD.01,0.0004,2026-09-14,2026-09-15
AVSC,CIVB,CIVISTA BANCSHARES INC COMMON STOCK,0.0004,2026-09-14,2026-09-15
AVSC,CTKB,CYTEK BIOSCIENCES INC COMMON STOCK USD.001,0.0004,2026-09-14,2026-09-15
AVSC,DFIN,DONNELLEY FINANCIAL SOLUTION COMMON STOCK USD.01,0.0004,2026-09-14,2026-09-15
AVSC,GOLF,ACUSHNET HOLDINGS CORP COMMON STOCK USD.001,0.0004,2026-09-14,2026-09-15
AVSC,CTOS,CUSTOM TRUCK ONE SOURCE INC COMMON STOCK USD.0001,0.0004,2026-09-14,2026-09-15
AVSC,RPD,RAPID7 INC COMMON STOCK USD.01,0.0004,2026-09-14,2026-09-15
AVSC,HBT,HBT FINANCIAL INC/DE COMMON STOCK USD.01,0.0004,2026-09-14,2026-09-15
AVSC,EGY,VAALCO ENERGY INC COMMON STOCK USD.1,0.0004,2026-09-14,2026-09-15
AVSC,KRNY,KEARNY FINANCIAL CORP/MD COMMON STOCK USD.01,0.0004,2026-09-14,2026-09-15
AVSC,TCMD,TACTILE SYSTEMS TECHNOLOGY I COMMON STOCK USD.001,0.0004,2026-09-14,2026-09-15
AVSC,EVER,EVERQUOTE INC CLASS A COMMON STOCK USD.001,0.0004,2026-09-14,2026-09-15
AVSC,WBTN,WEBTOON ENTERTAINMENT INC COMMON STOCK,0.0004,2026-09-14,2026-09-15
AVSC,FWRG,FIRST WATCH RESTAURANT GROUP COMMON STOCK USD.01,0.0004,2026-09-14,2026-09-15
AVSC,MLR,MILLER INDUSTRIES INC/TENN COMMON STOCK USD.01,0.0004,2026-09-14,2026-09-15
AVSC,HELE,HELEN OF TROY LTD COMMON STOCK USD.1,0.0004,2026-09-14,2026-09-15
AVSC,MSEX,MIDDLESEX WATER CO COMMON STOCK,0.0004,2026-09-14,2026-09-15
AVSC,CNXC,CONCENTRIX CORP COMMON STOCK,0.0004,2026-09-14,2026-09-15
AVSC,BSRR,SIERRA BANCORP COMMON STOCK,0.0004,2026-09-14,2026-09-15
AVSC,UA,UNDER ARMOUR INC CLASS C COMMON STOCK USD.000333,0.0004,2026-09-14,2026-09-15
AVSC,SWBI,SMITH + WESSON BRANDS INC COMMON STOCK USD.001,0.0004,2026-09-14,2026-09-15
AVSC,ATROB,ASTRONICS CORP CL B COMMON STOCK USD.01,0.0004,2026-09-14,2026-09-15
AVSC,GLOB,GLOBANT SA COMMON STOCK USD1.2,0.0004,2026-09-14,2026-09-15
AVSC,RLAY,RELAY THERAPEUTICS INC COMMON STOCK USD.001,0.0004,2026-09-14,2026-09-15
AVSC,NVEC,NVE CORP COMMON STOCK USD.01,0.0004,2026-09-14,2026-09-15
AVSC,NGS,NATURAL GAS SERVICES GROUP COMMON STOCK USD.01,0.0004,2026-09-14,2026-09-15
AVSC,BXC,BLUELINX HOLDINGS INC COMMON STOCK USD.01,0.0004,2026-09-14,2026-09-15
AVSC,SBGI,SINCLAIR INC COMMON STOCK USD.01,0.0004,2026-09-14,2026-09-15
AVSC,RVLV,REVOLVE GROUP INC A COMMON STOCK USD.001,0.0003,2026-09-14,2026-09-15
AVSC,CARS,CARS.COM INC COMMON STOCK USD.01,0.0003,2026-09-14,2026-09-15
AVSC,SNDR,SCHNEIDER NATIONAL INC CL B COMMON STOCK,0.0003,2026-09-14,2026-09-15
AVSC,XZO,EXZEO GROUP INC COMMON STOCK,0.0003,2026-09-14,2026-09-15
AVSC,HIFS,HINGHAM INSTITUTION FOR SVGS COMMON STOCK USD1.0,0.0003,2026-09-14,2026-09-15
AVSC,MOV,MOVADO GROUP INC COMMON STOCK USD.01,0.0003,2026-09-14,2026-09-15
AVSC,WRLD,WORLD ACCEPTANCE CORP COMMON STOCK,0.0003,2026-09-14,2026-09-15
AVSC,EBF,ENNIS INC COMMON STOCK USD2.5,0.0003,2026-09-14,2026-09-15
AVSC,HTLD,HEARTLAND EXPRESS INC COMMON STOCK USD.01,0.0003,2026-09-14,2026-09-15
AVSC,SFST,SOUTHERN FIRST BANCSHARES COMMON STOCK USD.01,0.0003,2026-09-14,2026-09-15
AVSC,NSP,INSPERITY INC COMMON STOCK USD.01,0.0003,2026-09-14,2026-09-15
AVSC,FG,F+G ANNUITIES + LIFE INC COMMON STOCK USD.001,0.0003,2026-09-14,2026-09-15
AVSC,EVC,ENTRAVISION COMMUNICATIONS A COMMON STOCK USD.0001,0.0003,2026-09-14,2026-09-15
AVSC,VTS,VITESSE ENERGY INC COMMON STOCK USD.01,0.0003,2026-09-14,2026-09-15
AVSC,SNDA,SONIDA SENIOR LIVING INC COMMON STOCK USD.01,0.0003,2026-09-14,2026-09-15
AVSC,OSPN,ONESPAN INC COMMON STOCK USD.001,0.0003,2026-09-14,2026-09-15
AVSC,TBN,TAMBORAN RESOURCES CORP COMMON STOCK USD.001,0.0003,2026-09-14,2026-09-15
AVSC,HLNE,HAMILTON LANE INC CLASS A COMMON STOCK USD.001,0.0003,2026-09-14,2026-09-15
AVSC,NAVI,NAVIENT CORP COMMON STOCK USD.01,0.0003,2026-09-14,2026-09-15
AVSC,GPGI,GPGI INC COMMON STOCK,0.0003,2026-09-14,2026-09-15
AVSC,HBCP,HOME BANCORP INC COMMON STOCK USD.01,0.0003,2026-09-14,2026-09-15
AVSC,SHEN,SHENANDOAH TELECOMMUNICATION COMMON STOCK,0.0003,2026-09-14,2026-09-15
AVSC,JBI,JANUS INTERNATIONAL GROUP IN COMMON STOCK USD.0001,0.0003,2026-09-14,2026-09-15
AVSC,HNRG,HALLADOR ENERGY CO COMMON STOCK USD.01,0.0003,2026-09-14,2026-09-15
AVSC,FOR,FORESTAR GROUP INC COMMON STOCK USD1.0,0.0003,2026-09-14,2026-09-15
AVSC,HROW,HARROW INC COMMON STOCK USD.001,0.0003,2026-09-14,2026-09-15
AVSC,ROOT,ROOT INC/OH CLASS A COMMON STOCK USD.0001,0.0003,2026-09-14,2026-09-15
AVSC,ESAB,ESAB CORP COMMON STOCK USD.001,0.0003,2026-09-14,2026-09-15
AVSC,TGLS,TECNOGLASS HOLDINGS INC COMMON STOCK USD.0001,0.0003,2026-09-14,2026-09-15
AVSC,PKOH,PARK OHIO HOLDINGS CORP COMMON STOCK USD1.0,0.0003,2026-09-14,2026-09-15
AVSC,BVS,BIOVENTUS INC A COMMON STOCK USD.001,0.0003,2026-09-14,2026-09-15
AVSC,HNST,HONEST CO INC/THE COMMON STOCK USD.001,0.0003,2026-09-14,2026-09-15
AVSC,CNNE,CANNAE HOLDINGS INC COMMON STOCK USD.0001,0.0003,2026-09-14,2026-09-15
AVSC,IBEX,IBEX LTD COMMON STOCK USD.0001,0.0003,2026-09-14,2026-09-15
AVSC,EFOR,EVERFORTH INC COMMON STOCK,0.0003,2026-09-14,2026-09-15
AVSC,IPI,INTREPID POTASH INC COMMON STOCK USD.001,0.0003,2026-09-14,2026-09-15
AVSC,RRBI,RED RIVER BANCSHARES INC COMMON STOCK,0.0003,2026-09-14,2026-09-15
AVSC,IIIN,INSTEEL INDUSTRIES INC COMMON STOCK,0.0003,2026-09-14,2026-09-15
AVSC,JANX,JANUX THERAPEUTICS INC COMMON STOCK USD.001,0.0003,2026-09-14,2026-09-15
AVSC,NGNE,NEUROGENE INC COMMON STOCK USD.000001,0.0003,2026-09-14,2026-09-15
AVSC,CSV,CARRIAGE SERVICES INC COMMON STOCK USD.01,0.0003,2026-09-14,2026-09-15
AVSC,BWB,BRIDGEWATER BANCSHARES INC COMMON STOCK USD.001,0.0003,2026-09-14,2026-09-15
AVSC,VLGEA,VILLAGE SUPER MARKET CLASS A COMMON STOCK,0.0003,2026-09-14,2026-09-15
AVSC,FIZZ,NATIONAL BEVERAGE CORP COMMON STOCK USD.01,0.0003,2026-09-14,2026-09-15
AVSC,WLFC,WILLIS LEASE FINANCE CORP COMMON STOCK USD.01,0.0003,2026-09-14,2026-09-15
AVSC,MEI,METHODE ELECTRONICS INC COMMON STOCK USD.5,0.0003,2026-09-14,2026-09-15
AVSC,GCMG,GCM GROSVENOR INC CLASS A COMMON STOCK USD.0001,0.0003,2026-09-14,2026-09-15
AVSC,LXFR,LUXFER HOLDINGS PLC COMMON STOCK USD.5,0.0003,2026-09-14,2026-09-15
AVSC,RGR,STURM RUGER + CO INC COMMON STOCK USD1.0,0.0003,2026-09-14,2026-09-15
AVSC,CXM,SPRINKLR INC A COMMON STOCK USD.00003,0.0003,2026-09-14,2026-09-15
AVSC,TITN,TITAN MACHINERY INC COMMON STOCK USD.00001,0.0003,2026-09-14,2026-09-15
AVSC,LMB,LIMBACH HOLDINGS INC COMMON STOCK USD.0001,0.0003,2026-09-14,2026-09-15
AVSC,CDRE,CADRE HOLDINGS INC COMMON STOCK USD.01,0.0003,2026-09-14,2026-09-15
AVSC,UNTY,UNITY BANCORP INC COMMON STOCK,0.0003,2026-09-14,2026-09-15
AVSC,COFS,CHOICEONE FINANCIAL SVCS INC COMMON STOCK,0.0003,2026-09-14,2026-09-15
AVSC,KELYA,KELLY SERVICES INC A COMMON STOCK USD1.0,0.0003,2026-09-14,2026-09-15
AVSC,DLO,DLOCAL LTD COMMON STOCK USD.002,0.0003,2026-09-14,2026-09-15
AVSC,ARVN,ARVINAS INC COMMON STOCK USD.001,0.0003,2026-09-14,2026-09-15
AVSC,ZVRA,ZEVRA THERAPEUTICS INC COMMON STOCK USD.0001,0.0003,2026-09-14,2026-09-15
AVSC,GXO,GXO LOGISTICS INC COMMON STOCK USD.01,0.0003,2026-09-14,2026-09-15
AVSC,FLO,FLOWERS FOODS INC COMMON STOCK USD.01,0.0003,2026-09-14,2026-09-15
AVSC,MBUU,MALIBU BOATS INC A COMMON STOCK USD.01,0.0003,2026-09-14,2026-09-15
AVSC,ETD,ETHAN ALLEN INTERIORS INC COMMON STOCK USD.01,0.0003,2026-09-14,2026-09-15
AVSC,OBT,ORANGE COUNTY BANCORP INC COMMON STOCK USD.25,0.0003,2026-09-14,2026-09-15
AVSC,WLTH,WEALTHFRONT CORP COMMON STOCK,0.0003,2026-09-14,2026-09-15
AVSC,MG,MISTRAS GROUP INC COMMON STOCK USD.01,0.0003,2026-09-14,2026-09-15
AVSC,CLYM,CLIMB BIO INC COMMON STOCK,0.0003,2026-09-14,2026-09-15
AVSC,SMPL,SIMPLY GOOD FOODS CO/THE COMMON STOCK USD.0001,0.0003,2026-09-14,2026-09-15
AVSC,BMRC,BANK OF MARIN BANCORP/CA COMMON STOCK,0.0003,2026-09-14,2026-09-15
AVSC,HOV,HOVNANIAN ENTERPRISES A COMMON STOCK USD.01,0.0003,2026-09-14,2026-09-15
AVSC,PBYI,PUMA BIOTECHNOLOGY INC COMMON STOCK USD.0001,0.0003,2026-09-14,2026-09-15
AVSC,CVEO,CIVEO CORP COMMON STOCK USD.01,0.0003,2026-09-14,2026-09-15
AVSC,JBSS,JOHN B. SANFILIPPO + SON INC COMMON STOCK USD.01,0.0003,2026-09-14,2026-09-15
AVSC,SLDP,SOLID POWER INC COMMON STOCK USD.0001,0.0003,2026-09-14,2026-09-15
AVSC,AMSF,AMERISAFE INC COMMON STOCK USD.01,0.0003,2026-09-14,2026-09-15
AVSC,SD,SANDRIDGE ENERGY INC COMMON STOCK USD.001,0.0003,2026-09-14,2026-09-15
AVSC,AMBQ,AMBIQ MICRO INC COMMON STOCK USD.000001,0.0003,2026-09-14,2026-09-15
AVSC,PAHC,PHIBRO ANIMAL HEALTH CORP A COMMON STOCK USD.001,0.0003,2026-09-14,2026-09-15
AVSC,GEF.B,GREIF INC CL B COMMON STOCK,0.0003,2026-09-14,2026-09-15
AVSC,RBB,RBB BANCORP COMMON STOCK,0.0003,2026-09-14,2026-09-15
AVSC,UMAC,UNUSUAL MACHINES INC /US COMMON STOCK USD.01,0.0003,2026-09-14,2026-09-15
AVSC,FRBA,FIRST BANK/HAMILTON NJ COMMON STOCK USD.01,0.0003,2026-09-14,2026-09-15
AVSC,CCSI,CONSENSUS CLOUD SOLUTION COMMON STOCK USD.01,0.0003,2026-09-14,2026-09-15
AVSC,AD,ARRAY DIGITAL INFRASTRUCTURE COMMON STOCK USD1.0,0.0003,2026-09-14,2026-09-15
AVSC,KIDS,ORTHOPEDIATRICS CORP COMMON STOCK USD.00025,0.0003,2026-09-14,2026-09-15
AVSC,MDXG,MIMEDX GROUP INC COMMON STOCK USD.001,0.0003,2026-09-14,2026-09-15
AVSC,CBAN,COLONY BANKCORP COMMON STOCK USD1.0,0.0003,2026-09-14,2026-09-15
AVSC,FRST,PRIMIS FINANCIAL CORP COMMON STOCK USD.01,0.0003,2026-09-14,2026-09-15
AVSC,TROX,TRONOX HOLDINGS PLC COMMON STOCK USD.01,0.0003,2026-09-14,2026-09-15
AVSC,LOCO,EL POLLO LOCO HOLDINGS INC COMMON STOCK USD.01,0.0003,2026-09-14,2026-09-15
AVSC,CLOV,CLOVER HEALTH INVESTMENTS CO COMMON STOCK USD.0001,0.0003,2026-09-14,2026-09-15
AVSC,GTE,GRAN TIERRA ENERGY INC COMMON STOCK USD.001,0.0003,2026-09-14,2026-09-15
AVSC,BWFG,BANKWELL FINANCIAL GROUP INC COMMON STOCK,0.0003,2026-09-14,2026-09-15
AVSC,OXM,OXFORD INDUSTRIES INC COMMON STOCK USD1.0,0.0003,2026-09-14,2026-09-15
AVSC,FND,FLOOR + DECOR HOLDINGS INC A COMMON STOCK USD.001,0.0003,2026-09-14,2026-09-15
AVSC,ARCT,ARCTURUS THERAPEUTICS HOLDIN COMMON STOCK USD.001,0.0003,2026-09-14,2026-09-15
AVSC,BWIN,BALDWIN INSURANCE GROUP INC/ COMMON STOCK,0.0003,2026-09-14,2026-09-15
AVSC,ORN,ORION GROUP HOLDINGS INC COMMON STOCK USD.01,0.0003,2026-09-14,2026-09-15
AVSC,SG,SWEETGREEN INC CLASS A COMMON STOCK USD.001,0.0003,2026-09-14,2026-09-15
AVSC,PB,PROSPERITY BANCSHARES INC COMMON STOCK USD1.0,0.0003,2026-09-14,2026-09-15
AVSC,MCY,MERCURY GENERAL CORP COMMON STOCK,0.0003,2026-09-14,2026-09-15
AVSC,FMAO,FARMERS + MERCHANTS BANCO/OH COMMON STOCK,0.0003,2026-09-14,2026-09-15
AVSC,AVIR,ATEA PHARMACEUTICALS INC COMMON STOCK USD.001,0.0003,2026-09-14,2026-09-15
AVSC,CBNK,CAPITAL BANCORP INC/MD COMMON STOCK USD.01,0.0003,2026-09-14,2026-09-15
AVSC,CLMB,CLIMB GLOBAL SOLUTIONS INC COMMON STOCK USD.01,0.0003,2026-09-14,2026-09-15
AVSC,BBSI,BARRETT BUSINESS SVCS INC COMMON STOCK USD.01,0.0003,2026-09-14,2026-09-15
AVSC,NGVC,NATURAL GROCERS BY VITAMIN C COMMON STOCK USD.001,0.0003,2026-09-14,2026-09-15
AVSC,NVGS,NAVIGATOR HOLDINGS LTD COMMON STOCK,0.0003,2026-09-14,2026-09-15
AVSC,DDD,3D SYSTEMS CORP COMMON STOCK USD.001,0.0003,2026-09-14,2026-09-15
AVSC,CTRN,CITI TRENDS INC COMMON STOCK USD.01,0.0003,2026-09-14,2026-09-15
AVSC,ARHS,ARHAUS INC COMMON STOCK USD.001,0.0003,2026-09-14,2026-09-15
AVSC,STAA,STAAR SURGICAL CO COMMON STOCK USD.01,0.0003,2026-09-14,2026-09-15
AVSC,TWI,TITAN INTERNATIONAL INC COMMON STOCK,0.0003,2026-09-14,2026-09-15
AVSC,NXDR,NEXTDOOR HOLDINGS INC COMMON STOCK USD.0001,0.0003,2026-09-14,2026-09-15
AVSC,ITIC,INVESTORS TITLE CO COMMON STOCK,0.0003,2026-09-14,2026-09-15
AVSC,BRSL,BRIGHTSTAR LOTTERY PLC COMMON STOCK USD.1,0.0003,2026-09-14,2026-09-15
AVSC,KRT,KARAT PACKAGING INC COMMON STOCK USD.001,0.0002,2026-09-14,2026-09-15
AVSC,FSTR,FOSTER (LB) CO A COMMON STOCK USD.01,0.0002,2026-09-14,2026-09-15
AVSC,SRTA,STRATA CRITICAL MEDICAL INC COMMON STOCK USD.0001,0.0002,2026-09-14,2026-09-15
AVSC,FLOC,FLOWCO HOLDINGS INC CL A COMMON STOCK USD.0001,0.0002,2026-09-14,2026-09-15
AVSC,HGTY,HAGERTY INC A COMMON STOCK USD.0001,0.0002,2026-09-14,2026-09-15
AVSC,PRTA,PROTHENA CORP PLC COMMON STOCK USD.01,0.0002,2026-09-14,2026-09-15
AVSC,DOCS,DOXIMITY INC CLASS A COMMON STOCK USD.001,0.0002,2026-09-14,2026-09-15
AVSC,GLRE,GREENLIGHT CAPITAL RE LTD A COMMON STOCK USD.01,0.0002,2026-09-14,2026-09-15
AVSC,CTNM,CONTINEUM THERAPEUTICS INC A COMMON STOCK USD.001,0.0002,2026-09-14,2026-09-15
AVSC,DGICA,DONEGAL GROUP INC CL A COMMON STOCK USD.01,0.0002,2026-09-14,2026-09-15
AVSC,ISTR,INVESTAR HOLDING CORP COMMON STOCK USD1.0,0.0002,2026-09-14,2026-09-15
AVSC,RCKY,ROCKY BRANDS INC COMMON STOCK,0.0002,2026-09-14,2026-09-15
AVSC,NPB,NORTHPOINTE BANCSHARES INC COMMON STOCK NPV,0.0002,2026-09-14,2026-09-15
AVSC,CMRE,COSTAMARE INC COMMON STOCK USD.0001,0.0002,2026-09-14,2026-09-15
AVSC,PDLB,PONCE FINANCIAL GROUP INC COMMON STOCK USD.01,0.0002,2026-09-14,2026-09-15
AVSC,TK,TEEKAY CORP LTD COMMON STOCK USD.001,0.0002,2026-09-14,2026-09-15
AVSC,SLDB,SOLID BIOSCIENCES INC COMMON STOCK USD.001,0.0002,2026-09-14,2026-09-15
AVSC,CAL,CALERES INC COMMON STOCK USD.01,0.0002,2026-09-14,2026-09-15
AVSC,CZNC,CITIZENS + NORTHERN CORP COMMON STOCK USD1.0,0.0002,2026-09-14,2026-09-15
AVSC,MCFT,MASTERCRAFT BOAT HOLDINGS IN COMMON STOCK USD.01,0.0002,2026-09-14,2026-09-15
AVSC,SGI,SOMNIGROUP INTERNATIONAL INC COMMON STOCK USD.01,0.0002,2026-09-14,2026-09-15
AVSC,ASIX,ADVANSIX INC COMMON STOCK USD.01,0.0002,2026-09-14,2026-09-15
AVSC,WTBA,WEST BANCORPORATION COMMON STOCK,0.0002,2026-09-14,2026-09-15
AVSC,CLFD,CLEARFIELD INC COMMON STOCK USD.01,0.0002,2026-09-14,2026-09-15
AVSC,HVT,HAVERTY FURNITURE COMMON STOCK USD1.0,0.0002,2026-09-14,2026-09-15
AVSC,TIPT,TIPTREE INC COMMON STOCK USD.001,0.0002,2026-09-14,2026-09-15
AVSC,NRC,NRC HEALTH COMMON STOCK USD.001,0.0002,2026-09-14,2026-09-15
AVSC,MVBF,MVB FINANCIAL CORP COMMON STOCK USD1.0,0.0002,2026-09-14,2026-09-15
AVSC,GENI,GENIUS SPORTS LTD COMMON STOCK USD.001,0.0002,2026-09-14,2026-09-15
AVSC,ABUS,ARBUTUS BIOPHARMA CORP COMMON STOCK,0.0002,2026-09-14,2026-09-15
AVSC,SVV,SAVERS VALUE VILLAGE INC COMMON STOCK USD.000001,0.0002,2026-09-14,2026-09-15
AVSC,ANRO,ALTO NEUROSCIENCE INC COMMON STOCK USD.0001,0.0002,2026-09-14,2026-09-15
AVSC,TRC,TEJON RANCH CO COMMON STOCK USD.5,0.0002,2026-09-14,2026-09-15
AVSC,VNDA,VANDA PHARMACEUTICALS INC COMMON STOCK USD.001,0.0002,2026-09-14,2026-09-15
AVSC,WH,WYNDHAM HOTELS + RESORTS INC COMMON STOCK USD.01,0.0002,2026-09-14,2026-09-15
AVSC,LOGC,CONTEXTLOGIC HOLDINGS INC COMMON STOCK USD.0001,0.0002,2026-09-14,2026-09-15
AVSC,FA,FIRST ADVANTAGE CORP COMMON STOCK USD.001,0.0002,2026-09-14,2026-09-15
AVSC,GRNT,GRANITE RIDGE RESOURCES INC COMMON STOCK USD.0001,0.0002,2026-09-14,2026-09-15
AVSC,GCO,GENESCO INC COMMON STOCK USD1.0,0.0002,2026-09-14,2026-09-15
AVSC,IBTA,IBOTTA INC CL A COMMON STOCK USD.00001,0.0002,2026-09-14,2026-09-15
AVSC,PAYS,PAYSIGN INC COMMON STOCK,0.0002,2026-09-14,2026-09-15
AVSC,SWIM,LATHAM GROUP INC COMMON STOCK USD.0001,0.0002,2026-09-14,2026-09-15
AVSC,SMC,SUMMIT MIDSTREAM CORP COMMON STOCK USD.01,0.0002,2026-09-14,2026-09-15
AVSC,IMXI,INTERNATIONAL MONEY EXPRESS COMMON STOCK USD.0001,0.0002,2026-09-14,2026-09-15
AVSC,AI,C3.AI INC A COMMON STOCK USD.001,0.0002,2026-09-14,2026-09-15
AVSC,CRNC,CERENCE INC COMMON STOCK USD.01,0.0002,2026-09-14,2026-09-15
AVSC,OVID,OVID THERAPEUTICS INC COMMON STOCK USD.001,0.0002,2026-09-14,2026-09-15
AVSC,ASPN,ASPEN AEROGELS INC COMMON STOCK USD.00001,0.0002,2026-09-14,2026-09-15
AVSC,SBET,SHARPLINK INC COMMON STOCK,0.0002,2026-09-14,2026-09-15
AVSC,DNA,GINKGO BIOWORKS HOLDINGS INC COMMON STOCK USD.0001,0.0002,2026-09-14,2026-09-15
AVSC,FPH,FIVE POINT HOLDINGS LLC CL A COMMON STOCK,0.0002,2026-09-14,2026-09-15
AVSC,TECX,TECTONIC THERAPEUTIC INC COMMON STOCK USD.0001,0.0002,2026-09-14,2026-09-15
AVSC,ARTNA,ARTESIAN RESOURCES CORP CL A COMMON STOCK USD1.0,0.0002,2026-09-14,2026-09-15
AVSC,LILAP,LIBERTY LATIN AMERICAN PREFERRED STOCK 9,0.0002,2026-09-14,2026-09-15
AVSC,ACCO,ACCO BRANDS CORP COMMON STOCK USD.01,0.0002,2026-09-14,2026-09-15
AVSC,JCAP,JEFFERSON CAPITAL INC COMMON STOCK USD.0001,0.0002,2026-09-14,2026-09-15
AVSC,HCKT,HACKETT GROUP INC/THE COMMON STOCK USD.001,0.0002,2026-09-14,2026-09-15
AVSC,CZFS,CITIZENS FINANCIAL SERVICES COMMON STOCK USD1.0,0.0002,2026-09-14,2026-09-15
AVSC,BBW,BUILD A BEAR WORKSHOP INC COMMON STOCK USD.01,0.0002,2026-09-14,2026-09-15
AVSC,SHAZ,SHARONAI HOLDINGS INC COMMON STOCK USD.0001,0.0002,2026-09-14,2026-09-15
AVSC,CCCC,C4 THERAPEUTICS INC COMMON STOCK USD.0001,0.0002,2026-09-14,2026-09-15
AVSC,DCTH,DELCATH SYSTEMS INC COMMON STOCK USD.01,0.0002,2026-09-14,2026-09-15
AVSC,FLXS,FLEXSTEEL INDS COMMON STOCK USD1.0,0.0002,2026-09-14,2026-09-15
AVSC,AMCX,AMC GLOBAL MEDIA INC COMMON STOCK,0.0002,2026-09-14,2026-09-15
AVSC,RNGR,RANGER ENERGY SERVICES CL A COMMON STOCK,0.0002,2026-09-14,2026-09-15
AVSC,SFIX,STITCH FIX INC CLASS A COMMON STOCK USD.00002,0.0002,2026-09-14,2026-09-15
AVSC,KVYO,KLAVIYO INC A COMMON STOCK USD.001,0.0002,2026-09-14,2026-09-15
AVSC,CLB,CORE LABORATORIES INC COMMON STOCK USD.01,0.0002,2026-09-14,2026-09-15
AVSC,OFIX,ORTHOFIX MEDICAL INC COMMON STOCK USD.1,0.0002,2026-09-14,2026-09-15
AVSC,PKBK,PARKE BANCORP INC COMMON STOCK USD.1,0.0002,2026-09-14,2026-09-15
AVSC,CECO,CECO ENVIRONMENTAL CORP COMMON STOCK USD.01,0.0002,2026-09-14,2026-09-15
AVSC,G,GENPACT LTD COMMON STOCK USD.01,0.0002,2026-09-14,2026-09-15
AVSC,BOC,BOSTON OMAHA CORP CL A COMMON STOCK,0.0002,2026-09-14,2026-09-15
AVSC,NEWT,NEWTEKONE INC COMMON STOCK USD.02,0.0002,2026-09-14,2026-09-15
AVSC,SDGR,SCHRODINGER INC COMMON STOCK USD.01,0.0002,2026-09-14,2026-09-15
AVSC,WSBF,WATERSTONE FINANCIAL INC COMMON STOCK USD.01,0.0002,2026-09-14,2026-09-15
AVSC,CENT,CENTRAL GARDEN + PET CO COMMON STOCK USD.01,0.0002,2026-09-14,2026-09-15
AVSC,HY,HYSTER YALE INC COMMON STOCK USD.01,0.0002,2026-09-14,2026-09-15
AVSC,CMDB,COSTAMARE BULKERS HOLDING COMMON STOCK USD.0001,0.0002,2026-09-14,2026-09-15
AVSC,STRT,STRATTEC SECURITY CORP COMMON STOCK USD.01,0.0002,2026-09-14,2026-09-15
AVSC,QUAD,QUAD GRAPHICS INC COMMON STOCK USD.025,0.0002,2026-09-14,2026-09-15
AVSC,PLBC,PLUMAS BANCORP COMMON STOCK,0.0002,2026-09-14,2026-09-15
AVSC,PSN,PARSONS CORP COMMON STOCK USD1.0,0.0002,2026-09-14,2026-09-15
AVSC,IA,INNOVATIVE SOLUTIONS + SUPP COMMON STOCK USD.001,0.0002,2026-09-14,2026-09-15
AVSC,RLGT,RADIANT LOGISTICS INC COMMON STOCK USD.001,0.0002,2026-09-14,2026-09-15
AVSC,SIBN,SI BONE INC COMMON STOCK USD.0001,0.0002,2026-09-14,2026-09-15
AVSC,DFH,DREAM FINDERS HOMES INC A COMMON STOCK USD.01,0.0002,2026-09-14,2026-09-15
AVSC,AII,AMERICAN INTEGRITY INSURANCE COMMON STOCK USD.001,0.0002,2026-09-14,2026-09-15
AVSC,ATNI,ATN INTERNATIONAL INC COMMON STOCK USD.01,0.0002,2026-09-14,2026-09-15
AVSC,MASS,908 DEVICES INC COMMON STOCK,0.0002,2026-09-14,2026-09-15
AVSC,MNPR,MONOPAR THERAPEUTICS INC COMMON STOCK USD.001,0.0002,2026-09-14,2026-09-15
AVSC,FLGT,FULGENT GENETICS INC COMMON STOCK USD.0001,0.0002,2026-09-14,2026-09-15
AVSC,MPTI,M TRON INDUSTRIES INC COMMON STOCK USD.01,0.0002,2026-09-14,2026-09-15
AVSC,CLW,CLEARWATER PAPER CORP COMMON STOCK USD.0001,0.0002,2026-09-14,2026-09-15
AVSC,RMR,RMR GROUP INC/THE A COMMON STOCK,0.0002,2026-09-14,2026-09-15
AVSC,CHMG,CHEMUNG FINANCIAL CORP COMMON STOCK USD.01,0.0002,2026-09-14,2026-09-15
AVSC,VITL,VITAL FARMS INC COMMON STOCK USD.0001,0.0002,2026-09-14,2026-09-15
AVSC,BCML,BAYCOM CORP COMMON STOCK,0.0002,2026-09-14,2026-09-15
AVSC,EBS,EMERGENT BIOSOLUTIONS INC COMMON STOCK USD.001,0.0002,2026-09-14,2026-09-15
AVSC,FULC,FULCRUM THERAPEUTICS INC COMMON STOCK USD.001,0.0002,2026-09-14,2026-09-15
AVSC,OEC,ORION SA COMMON STOCK,0.0002,2026-09-14,2026-09-15
AVSC,FCCO,FIRST COMMUNITY CORP COMMON STOCK USD1.0,0.0002,2026-09-14,2026-09-15
AVSC,BGS,B+G FOODS INC COMMON STOCK USD.01,0.0002,2026-09-14,2026-09-15
AVSC,NKTR,NEKTAR THERAPEUTICS COMMON STOCK USD.0001,0.0002,2026-09-14,2026-09-15
AVSC,MYFW,FIRST WESTERN FINANCIAL INC COMMON STOCK,0.0002,2026-09-14,2026-09-15
AVSC,BKTI,BK TECHNOLOGIES CORP COMMON STOCK USD.6,0.0002,2026-09-14,2026-09-15
AVSC,TSBK,TIMBERLAND BANCORP INC COMMON STOCK USD.01,0.0002,2026-09-14,2026-09-15
AVSC,ACVA,ACV AUCTIONS INC A COMMON STOCK USD.001,0.0002,2026-09-14,2026-09-15
AVSC,BLZE,BACKBLAZE INC A COMMON STOCK USD.001,0.0002,2026-09-14,2026-09-15
AVSC,XPER,XPERI INC COMMON STOCK USD.001,0.0002,2026-09-14,2026-09-15
AVSC,ABX,ABACUS GLOBAL MANAGEMENT INC COMMON STOCK USD.0001,0.0002,2026-09-14,2026-09-15
AVSC,VYX,NCR VOYIX CORP COMMON STOCK USD.01,0.0002,2026-09-14,2026-09-15
AVSC,CRMD,CORMEDIX INC COMMON STOCK USD.001,0.0002,2026-09-14,2026-09-15
AVSC,MTRX,MATRIX SERVICE CO COMMON STOCK USD.01,0.0002,2026-09-14,2026-09-15
AVSC,BIOA,BIOAGE LABS INC COMMON STOCK USD.00001,0.0002,2026-09-14,2026-09-15
AVSC,BBNX,BETA BIONICS INC COMMON STOCK USD.0001,0.0002,2026-09-14,2026-09-15
AVSC,BSVN,BANK7 CORP COMMON STOCK USD.01,0.0002,2026-09-14,2026-09-15
AVSC,CERT,CERTARA INC COMMON STOCK USD.01,0.0002,2026-09-14,2026-09-15
AVSC,ANIK,ANIKA THERAPEUTICS INC COMMON STOCK USD.01,0.0002,2026-09-14,2026-09-15
AVSC,FUNC,FIRST UNITED CORP COMMON STOCK USD.01,0.0002,2026-09-14,2026-09-15
AVSC,AEBI,AEBI SCHMIDT HOLDING AG COMMON STOCK USD1.0,0.0002,2026-09-14,2026-09-15
AVSC,VERX,VERTEX INC CLASS A COMMON STOCK USD.001,0.0002,2026-09-14,2026-09-15
AVSC,ALTO,ALTO INGREDIENTS INC COMMON STOCK USD.001,0.0002,2026-09-14,2026-09-15
AVSC,FRAF,FRANKLIN FINANCIAL SERVICES COMMON STOCK USD1.0,0.0002,2026-09-14,2026-09-15
AVSC,RM,REGIONAL MANAGEMENT CORP COMMON STOCK USD.1,0.0002,2026-09-14,2026-09-15
AVSC,KYTX,KYVERNA THERAPEUTICS INC COMMON STOCK USD.00001,0.0002,2026-09-14,2026-09-15
AVSC,ARKO,ARKO CORP COMMON STOCK USD.0001,0.0002,2026-09-14,2026-09-15
AVSC,ALCO,ALICO INC COMMON STOCK USD1.0,0.0002,2026-09-14,2026-09-15
AVSC,ASIC,ATEGRITY SPECIALTY HOLDINGS COMMON STOCK,0.0002,2026-09-14,2026-09-15
AVSC,TWIN,TWIN DISC INC COMMON STOCK,0.0002,2026-09-14,2026-09-15
AVSC,OPRT,OPORTUN FINANCIAL CORP COMMON STOCK USD.0001,0.0002,2026-09-14,2026-09-15
AVSC,CFFI,C + F FINANCIAL CORP COMMON STOCK USD1.0,0.0002,2026-09-14,2026-09-15
AVSC,CRCT,CRICUT INC CLASS A COMMON STOCK USD.001,0.0002,2026-09-14,2026-09-15
AVSC,TBI,TRUEBLUE INC COMMON STOCK,0.0002,2026-09-14,2026-09-15
AVSC,BBAI,BIGBEAR.AI HOLDINGS INC COMMON STOCK USD.0001,0.0002,2026-09-14,2026-09-15
AVSC,EGHT,8X8 INC COMMON STOCK USD.001,0.0002,2026-09-14,2026-09-15
AVSC,GDRX,GOODRX HOLDINGS INC CLASS A COMMON STOCK USD.0001,0.0002,2026-09-14,2026-09-15
AVSC,FOSL,FOSSIL GROUP INC COMMON STOCK USD.01,0.0002,2026-09-14,2026-09-15
AVSC,ASMB,ASSEMBLY BIOSCIENCES INC COMMON STOCK USD.001,0.0002,2026-09-14,2026-09-15
AVSC,BRBS,BLUE RIDGE BANKSHARES INC COMMON STOCK USD5.0,0.0001,2026-09-14,2026-09-15
AVSC,UPB,UPSTREAM BIO INC COMMON STOCK USD.001,0.0001,2026-09-14,2026-09-15
AVSC,OPFI,OPPFI INC COMMON STOCK,0.0001,2026-09-14,2026-09-15
AVSC,TRDA,ENTRADA THERAPEUTICS INC COMMON STOCK USD.0001,0.0001,2026-09-14,2026-09-15
AVSC,BNED,BARNES + NOBLE EDUCATION INC COMMON STOCK USD.01,0.0001,2026-09-14,2026-09-15
AVSC,ZNTL,ZENTALIS PHARMACEUTICALS INC COMMON STOCK USD.001,0.0001,2026-09-14,2026-09-15
AVSC,VRRM,VERRA MOBILITY CORP COMMON STOCK USD.0001,0.0001,2026-09-14,2026-09-15
AVSC,VIA,VIA TRANSPORTATION INC CL A COMMON STOCK USD.00001,0.0001,2026-09-14,2026-09-15
AVSC,MAGN,MAGNERA CORP COMMON STOCK USD.01,0.0001,2026-09-14,2026-09-15
AVSC,FRPH,FRP HOLDINGS INC COMMON STOCK USD.1,0.0001,2026-09-14,2026-09-15
AVSC,AVNW,AVIAT NETWORKS INC COMMON STOCK USD.01,0.0001,2026-09-14,2026-09-15
AVSC,LMNR,LIMONEIRA CO COMMON STOCK USD.01,0.0001,2026-09-14,2026-09-15
AVSC,NRDS,NERDWALLET INC CL A COMMON STOCK USD.0001,0.0001,2026-09-14,2026-09-15
AVSC,FNKO,FUNKO INC CLASS A COMMON STOCK USD.0001,0.0001,2026-09-14,2026-09-15
AVSC,RPAY,REPAY HOLDINGS CORP COMMON STOCK USD.0001,0.0001,2026-09-14,2026-09-15
AVSC,OABI,OMNIAB INC COMMON STOCK USD.0001,0.0001,2026-09-14,2026-09-15
AVSC,RELL,RICHARDSON ELEC LTD COMMON STOCK USD.05,0.0001,2026-09-14,2026-09-15
AVSC,LEGH,LEGACY HOUSING CORP COMMON STOCK USD.001,0.0001,2026-09-14,2026-09-15
AVSC,INNV,INNOVAGE HOLDING CORP COMMON STOCK USD.001,0.0001,2026-09-14,2026-09-15
AVSC,SMHI,SEACOR MARINE HOLDINGS INC COMMON STOCK USD.01,0.0001,2026-09-14,2026-09-15
AVSC,ABCL,ABCELLERA BIOLOGICS INC COMMON STOCK,0.0001,2026-09-14,2026-09-15
AVSC,INBK,FIRST INTERNET BANCORP COMMON STOCK,0.0001,2026-09-14,2026-09-15
AVSC,AIOT,POWERFLEET INC COMMON STOCK USD.01,0.0001,2026-09-14,2026-09-15
AVSC,SPOK,SPOK HOLDINGS INC COMMON STOCK USD.0001,0.0001,2026-09-14,2026-09-15
AVSC,IPSC,CENTURY THERAPEUTICS INC COMMON STOCK USD.0001,0.0001,2026-09-14,2026-09-15
AVSC,MNTN,MNTN INC A COMMON STOCK USD.0001,0.0001,2026-09-14,2026-09-15
AVSC,ARDT,ARDENT HEALTH INC COMMON STOCK USD.01,0.0001,2026-09-14,2026-09-15
AVSC,WOOF,PETCO HEALTH AND WELLNESS CO COMMON STOCK USD.001,0.0001,2026-09-14,2026-09-15
AVSC,ATLO,AMES NATIONAL CORP COMMON STOCK USD2.0,0.0001,2026-09-14,2026-09-15
AVSC,CLNE,CLEAN ENERGY FUELS CORP COMMON STOCK USD.0001,0.0001,2026-09-14,2026-09-15
AVSC,SPCE,VIRGIN GALACTIC HOLDINGS INC COMMON STOCK USD.0001,0.0001,2026-09-14,2026-09-15
AVSC,GEVO,GEVO INC COMMON STOCK,0.0001,2026-09-14,2026-09-15
AVSC,ONIT,ONITY GROUP INC COMMON STOCK USD.01,0.0001,2026-09-14,2026-09-15
AVSC,KINS,KINGSTONE COS INC COMMON STOCK USD.01,0.0001,2026-09-14,2026-09-15
AVSC,UTMD,UTAH MEDICAL PRODUCTS INC COMMON STOCK USD.01,0.0001,2026-09-14,2026-09-15
AVSC,PPIH,PERMA PIPE INTERNATIONAL HOL COMMON STOCK USD.01,0.0001,2026-09-14,2026-09-15
AVSC,TLS,TELOS CORPORATION COMMON STOCK USD.001,0.0001,2026-09-14,2026-09-15
AVSC,OSUR,ORASURE TECHNOLOGIES INC COMMON STOCK USD.000001,0.0001,2026-09-14,2026-09-15
AVSC,BBCP,CONCRETE PUMPING HOLDINGS IN COMMON STOCK USD.0001,0.0001,2026-09-14,2026-09-15
AVSC,GSM,FERROGLOBE PLC COMMON STOCK USD7.5,0.0001,2026-09-14,2026-09-15
AVSC,JOUT,JOHNSON OUTDOORS INC A COMMON STOCK USD.05,0.0001,2026-09-14,2026-09-15
AVSC,PTLO,PORTILLO S INC CL A COMMON STOCK USD.01,0.0001,2026-09-14,2026-09-15
AVSC,RBBN,RIBBON COMMUNICATIONS INC COMMON STOCK USD.001,0.0001,2026-09-14,2026-09-15
AVSC,CALX,CALIX INC COMMON STOCK,0.0001,2026-09-14,2026-09-15
AVSC,GDYN,GRID DYNAMICS HOLDINGS INC COMMON STOCK USD.0001,0.0001,2026-09-14,2026-09-15
AVSC,LOVE,LOVESAC CO/THE COMMON STOCK USD.00001,0.0001,2026-09-14,2026-09-15
AVSC,PALI,PALISADE BIO INC COMMON STOCK USD.01,0.0001,2026-09-14,2026-09-15
AVSC,CATX,PERSPECTIVE THERAPEUTICS INC COMMON STOCK USD.001,0.0001,2026-09-14,2026-09-15
AVSC,PLAY,DAVE + BUSTER S ENTERTAINMEN COMMON STOCK USD.01,0.0001,2026-09-14,2026-09-15
AVSC,LILA,LIBERTY LATIN AMERIC CL A COMMON STOCK USD.01,0.0001,2026-09-14,2026-09-15
AVSC,BH,BIGLARI HOLDINGS INC B COMMON STOCK,0.0001,2026-09-14,2026-09-15
AVSC,JAKK,JAKKS PACIFIC INC COMMON STOCK USD.001,0.0001,2026-09-14,2026-09-15
AVSC,PEGA,PEGASYSTEMS INC COMMON STOCK USD.01,0.0001,2026-09-14,2026-09-15
AVSC,LWAY,LIFEWAY FOODS INC COMMON STOCK,0.0001,2026-09-14,2026-09-15
AVSC,CNDT,CONDUENT INC COMMON STOCK USD.01,0.0001,2026-09-14,2026-09-15
AVSC,INFU,INFUSYSTEM HOLDINGS INC COMMON STOCK USD.0001,0.0001,2026-09-14,2026-09-15
AVSC,RCKT,ROCKET PHARMACEUTICALS INC COMMON STOCK USD.01,0.0001,2026-09-14,2026-09-15
AVSC,GOGO,GOGO INC COMMON STOCK USD.0001,0.0001,2026-09-14,2026-09-15
AVSC,VYGR,VOYAGER THERAPEUTICS INC COMMON STOCK USD.001,0.0001,2026-09-14,2026-09-15
AVSC,PRG,PROG HOLDINGS INC COMMON STOCK USD.5,0.0001,2026-09-14,2026-09-15
AVSC,PCB,PCB BANCORP COMMON STOCK,0.0001,2026-09-14,2026-09-15
AVSC,CBK,COMMERCIAL BANCGROUP INC COMMON STOCK USD.01,0.0001,2026-09-14,2026-09-15
AVSC,PANL,PANGAEA LOGISTICS SOLUTIONS COMMON STOCK USD.0001,0.0001,2026-09-14,2026-09-15
AVSC,ACIC,AMERICAN COASTAL INSURANCE C COMMON STOCK USD.0001,0.0001,2026-09-14,2026-09-15
AVSC,NUS,NU SKIN ENTERPRISES INC A COMMON STOCK USD.001,0.0001,2026-09-14,2026-09-15
AVSC,RLMD,RELMADA THERAPEUTICS INC COMMON STOCK,0.0001,2026-09-14,2026-09-15
AVSC,WNEB,WESTERN NEW ENGLAND BANCORP COMMON STOCK USD.01,0.0001,2026-09-14,2026-09-15
AVSC,FVCB,FVCBANKCORP INC COMMON STOCK USD.01,0.0001,2026-09-14,2026-09-15
AVSC,RICK,RCI HOSPITALITY HOLDINGS INC COMMON STOCK USD.01,0.0001,2026-09-14,2026-09-15
AVSC,MRBK,MERIDIAN CORP COMMON STOCK,0.0001,2026-09-14,2026-09-15
AVSC,EPAM,EPAM SYSTEMS INC COMMON STOCK USD.001,0.0001,2026-09-14,2026-09-15
AVSC,XFOR,X4 PHARMACEUTICALS INC COMMON STOCK USD.001,0.0001,2026-09-14,2026-09-15
AVSC,AVBH,AVIDBANK HOLDINGS INC COMMON STOCK,0.0001,2026-09-14,2026-09-15
AVSC,MPAA,MOTORCAR PARTS OF AMERICA IN COMMON STOCK USD.01,0.0001,2026-09-14,2026-09-15
AVSC,SABS,SAB BIOTHERAPEUTICS INC COMMON STOCK USD.0001,0.0001,2026-09-14,2026-09-15
AVSC,MGPI,MGP INGREDIENTS INC COMMON STOCK,0.0001,2026-09-14,2026-09-15
AVSC,ASYS,AMTECH SYSTEMS INC COMMON STOCK USD.01,0.0001,2026-09-14,2026-09-15
AVSC,TARA,PROTARA THERAPEUTIC INC COMMON STOCK USD.001,0.0001,2026-09-14,2026-09-15
AVSC,SHOE,SHOE STATION GROUP INC COMMON STOCK,0.0001,2026-09-14,2026-09-15
AVSC,USCB,USCB FINANCIAL HOLDINGS INC COMMON STOCK,0.0001,2026-09-14,2026-09-15
AVSC,ACU,ACME UNITED CORP COMMON STOCK USD2.5,0.0001,2026-09-14,2026-09-15
AVSC,HBB,HAMILTON BEACH BRAND A COMMON STOCK USD.01,0.0001,2026-09-14,2026-09-15
AVSC,ELMD,ELECTROMED INC COMMON STOCK USD.01,0.0001,2026-09-14,2026-09-15
AVSC,CMRC,COMMERCE.COM INC COMMON STOCK USD.0001,0.0001,2026-09-14,2026-09-15
AVSC,FBLA,FB BANCORP INC COMMON STOCK USD.01,0.0001,2026-09-14,2026-09-15
AVSC,MCHB,MECHANICS BANCORP A COMMON STOCK,0.0001,2026-09-14,2026-09-15
AVSC,MYGN,MYRIAD GENETICS INC COMMON STOCK USD.01,0.0001,2026-09-14,2026-09-15
AVSC,VEL,VELOCITY FINANCIAL INC COMMON STOCK,0.0001,2026-09-14,2026-09-15
AVSC,ABEO,ABEONA THERAPEUTICS INC COMMON STOCK USD.01,0.0001,2026-09-14,2026-09-15
AVSC,INR,INFINITY NATURAL RESOUR CL A COMMON STOCK USD.01,0.0001,2026-09-14,2026-09-15
AVSC,SEG,SEAPORT ENTERTAINMENT GROUP COMMON STOCK,0.0001,2026-09-14,2026-09-15
AVSC,IMMR,IMMERSION CORPORATION COMMON STOCK USD.001,0.0001,2026-09-14,2026-09-15
AVSC,NATR,NATURES SUNSHINE PRODS INC COMMON STOCK,0.0001,2026-09-14,2026-09-15
AVSC,ESOA,ENERGY SERVICES OF AMERICA COMMON STOCK USD.0001,0.0001,2026-09-14,2026-09-15
AVSC,FXNC,FIRST NATIONAL CORP/VA COMMON STOCK USD1.25,0.0001,2026-09-14,2026-09-15
AVSC,ASLE,AERSALE CORP COMMON STOCK USD.0001,0.0001,2026-09-14,2026-09-15
AVSC,OMDA,OMADA HEALTH INC COMMON STOCK USD.001,0.0001,2026-09-14,2026-09-15
AVSC,CMT,CORE MOLDING TECHNOLOGIES IN COMMON STOCK USD.01,0.0001,2026-09-14,2026-09-15
AVSC,ASUR,ASURE SOFTWARE INC COMMON STOCK USD.01,0.0001,2026-09-14,2026-09-15
AVSC,TWFG,TWFG INC COMMON STOCK USD.01,0.0001,2026-09-14,2026-09-15
AVSC,GCBC,GREENE COUNTY BANCORP INC COMMON STOCK USD.1,0.0001,2026-09-14,2026-09-15
AVSC,ZUMZ,ZUMIEZ INC COMMON STOCK,0.0001,2026-09-14,2026-09-15
AVSC,HPK,HIGHPEAK ENERGY INC COMMON STOCK USD.0001,0.0001,2026-09-14,2026-09-15
AVSC,LTRX,LANTRONIX INC COMMON STOCK USD.0001,0.0001,2026-09-14,2026-09-15
AVSC,MH,MCGRAW HILL INC COMMON STOCK USD.01,0.0001,2026-09-14,2026-09-15
AVSC,FSBW,FS BANCORP INC COMMON STOCK USD.01,0.0001,2026-09-14,2026-09-15
AVSC,DBI,DESIGNER BRANDS INC CLASS A COMMON STOCK,0.0001,2026-09-14,2026-09-15
AVSC,PEBK,PEOPLES BANCORP OF NC COMMON STOCK,0.0001,2026-09-14,2026-09-15
AVSC,TG,TREDEGAR CORP COMMON STOCK,0.0001,2026-09-14,2026-09-15
AVSC,NKSH,NATIONAL BANKSHARES INC/VA COMMON STOCK USD1.25,0.0001,2026-09-14,2026-09-15
AVSC,LODE,COMSTOCK INC COMMON STOCK USD.000666,0.0001,2026-09-14,2026-09-15
AVSC,NNE,NANO NUCLEAR ENERGY INC COMMON STOCK USD.0001,0.0001,2026-09-14,2026-09-15
AVSC,TAYD,TAYLOR DEVICES INC COMMON STOCK USD.025,0.0001,2026-09-14,2026-09-15
AVSC,III,INFORMATION SERVICES GROUP COMMON STOCK USD.0001,0.0001,2026-09-14,2026-09-15
AVSC,AMTM,AMENTUM HOLDINGS INC COMMON STOCK,0.0001,2026-09-14,2026-09-15
AVSC,HDSN,HUDSON TECHNOLOGIES INC COMMON STOCK USD.01,0.0001,2026-09-14,2026-09-15
AVSC,BMBL,BUMBLE INC A COMMON STOCK USD.01,0.0001,2026-09-14,2026-09-15
AVSC,SRI,STONERIDGE INC COMMON STOCK,0.0001,2026-09-14,2026-09-15
AVSC,XRX,XEROX HOLDINGS CORP COMMON STOCK USD1.0,0.0001,2026-09-14,2026-09-15
AVSC,KROS,KEROS THERAPEUTICS INC COMMON STOCK USD.0001,0.0001,2026-09-14,2026-09-15
AVSC,HLLY,HOLLEY INC COMMON STOCK USD.0001,0.0001,2026-09-14,2026-09-15
AVSC,NWFL,NORWOOD FINANCIAL CORP COMMON STOCK USD.1,0.0001,2026-09-14,2026-09-15
AVSC,FATE,FATE THERAPEUTICS INC COMMON STOCK USD.001,0.0001,2026-09-14,2026-09-15
AVSC,CRK,COMSTOCK RESOURCES INC COMMON STOCK USD.5,0.0001,2026-09-14,2026-09-15
AVSC,KRO,KRONOS WORLDWIDE INC COMMON STOCK USD.01,0.0001,2026-09-14,2026-09-15
AVSC,DRUG,BRIGHT MINDS BIOSCIENCES INC COMMON STOCK,0.0001,2026-09-14,2026-09-15
AVSC,TTAM,TITAN AMERICA SA COMMON STOCK,0.0001,2026-09-14,2026-09-15
AVSC,ISBA,ISABELLA BANK CORP COMMON STOCK,0.0001,2026-09-14,2026-09-15
AVSC,ALLO,ALLOGENE THERAPEUTICS INC COMMON STOCK USD.001,0.0001,2026-09-14,2026-09-15
AVSC,AMPY,AMPLIFY ENERGY CORP COMMON STOCK USD.01,0.0001,2026-09-14,2026-09-15
AVSC,OSG,OCTAVE SPECIALTY GROUP INC COMMON STOCK USD.01,0.0001,2026-09-14,2026-09-15
AVSC,HYLN,HYLIION HOLDINGS CORP COMMON STOCK USD.0001,0.0001,2026-09-14,2026-09-15
AVSC,OVLY,OAK VALLEY BANCORP COMMON STOCK,0.0001,2026-09-14,2026-09-15
AVSC,IMRX,IMMUNEERING CORP CLASS A COMMON STOCK USD.001,0.0001,2026-09-14,2026-09-15
AVSC,SB,SAFE BULKERS INC COMMON STOCK USD.001,0.0001,2026-09-14,2026-09-15
AVSC,INTT,INTEST CORP COMMON STOCK USD.01,0.0001,2026-09-14,2026-09-15
AVSC,FNLC,FIRST BANCORP INC/ME COMMON STOCK USD.01,0.0001,2026-09-14,2026-09-15
AVSC,VFF,VILLAGE FARMS INTERNATIONAL COMMON STOCK,0.0001,2026-09-14,2026-09-15
AVSC,FC,FRANKLIN COVEY CO COMMON STOCK USD.05,0.0001,2026-09-14,2026-09-15
AVSC,LYEL,LYELL IMMUNOPHARMA INC COMMON STOCK USD.0001,0.0001,2026-09-14,2026-09-15
AVSC,RCMT,RCM TECHNOLOGIES INC COMMON STOCK USD.05,0.0001,2026-09-14,2026-09-15
AVSC,NB,NIOCORP DEVELOPMENTS LTD COMMON STOCK,0.0001,2026-09-14,2026-09-15
AVSC,FF,FUTUREFUEL CORP COMMON STOCK USD.0001,0.0001,2026-09-14,2026-09-15
AVSC,EBMT,EAGLE BANCORP MONTANA INC COMMON STOCK USD.01,0.0001,2026-09-14,2026-09-15
AVSC,POWW,OUTDOOR HOLDING CO COMMON STOCK USD.001,0.0001,2026-09-14,2026-09-15
AVSC,NCMI,NATIONAL CINEMEDIA INC COMMON STOCK USD.01,0.0001,2026-09-14,2026-09-15
AVSC,TBCH,TURTLE BEACH CORP COMMON STOCK,0.0001,2026-09-14,2026-09-15
AVSC,USNA,USANA HEALTH SCIENCES INC COMMON STOCK USD.001,0.0001,2026-09-14,2026-09-15
AVSC,GNE,GENIE ENERGY LTD B COMMON STOCK,0.0001,2026-09-14,2026-09-15
AVSC,IDR,IDAHO STRATEGIC RESOURCES IN COMMON STOCK USD.1,0.0001,2026-09-14,2026-09-15
AVSC,ACTG,ACACIA RESEARCH CORP COMMON STOCK USD.001,0.0001,2026-09-14,2026-09-15
AVSC,CFBK,CF BANKSHARES INC COMMON STOCK USD.01,0.0001,2026-09-14,2026-09-15
AVSC,SLP,SIMULATIONS PLUS INC COMMON STOCK USD.001,0.0001,2026-09-14,2026-09-15
AVSC,AOUT,AMERICAN OUTDOOR BRANDS INC COMMON STOCK,0.0001,2026-09-14,2026-09-15
AVSC,ULCC,FRONTIER GROUP HOLDINGS INC COMMON STOCK USD.001,0.0001,2026-09-14,2026-09-15
AVSC,RUSHB,RUSH ENTERPRISES INC CL B COMMON STOCK USD.01,0.0001,2026-09-14,2026-09-15
AVSC,JILL,J. JILL INC COMMON STOCK USD.01,0.0001,2026-09-14,2026-09-15
AVSC,QTTB,Q32 BIO INC COMMON STOCK USD.0001,0.0001,2026-09-14,2026-09-15
AVSC,ACDC,PROFRAC HOLDING CORP A COMMON STOCK USD.01,0.0001,2026-09-14,2026-09-15
AVSC,RZLT,REZOLUTE INC COMMON STOCK,0.0001,2026-09-14,2026-09-15
AVSC,NKTX,NKARTA INC COMMON STOCK,0.0001,2026-09-14,2026-09-15
AVSC,DSGR,DISTRIBUTION SOLUTIONS GROUP COMMON STOCK USD1.0,0.0001,2026-09-14,2026-09-15
AVSC,ORMP,ORAMED PHARMACEUTICALS INC COMMON STOCK USD.001,0.0001,2026-09-14,2026-09-15
AVSC,ZURA,ZURA BIO LTD COMMON STOCK USD.0001,0.0001,2026-09-14,2026-09-15
AVSC,INGN,INOGEN INC COMMON STOCK USD.001,0.0001,2026-09-14,2026-09-15
AVSC,WHWK,WHITEHAWK THERAPEUTICS INC COMMON STOCK USD.0001,0.0001,2026-09-14,2026-09-15
AVSC,CMCL,CALEDONIA MINING CORP PLC COMMON STOCK,0.0001,2026-09-14,2026-09-15
AVSC,MNTK,MONTAUK RENEWABLES INC COMMON STOCK USD.01,0.0001,2026-09-14,2026-09-15
AVSC,GBFH,GBANK FINANCIAL HOLDINGS INC COMMON STOCK,0.0001,2026-09-14,2026-09-15
AVSC,JRVR,JAMES RIVER GROUP HOLDINGS I COMMON STOCK USD.0002,0.0001,2026-09-14,2026-09-15
AVSC,SERV,SERVE ROBOTICS INC COMMON STOCK USD.0001,0.0001,2026-09-14,2026-09-15
AVSC,CWST,CASELLA WASTE SYSTEMS INC A COMMON STOCK USD.01,0.0001,2026-09-14,2026-09-15
AVSC,MFIN,MEDALLION FINANCIAL CORP COMMON STOCK USD.01,0.0001,2026-09-14,2026-09-15
AVSC,IKT,INHIBIKASE THERAPEUTICS INC COMMON STOCK USD.001,0.0001,2026-09-14,2026-09-15
AVSC,SND,SMART SAND INC COMMON STOCK USD.001,0.0001,2026-09-14,2026-09-15
AVSC,UPST,UPSTART HOLDINGS INC COMMON STOCK USD.0001,0.0001,2026-09-14,2026-09-15
AVSC,ASPI,ASP ISOTOPES INC COMMON STOCK USD.01,0.0001,2026-09-14,2026-09-15
AVSC,DOUG,DOUGLAS ELLIMAN INC COMMON STOCK,0.0001,2026-09-14,2026-09-15
AVSC,RJET,REPUBLIC AIRWAYS HOLDINGS IN COMMON STOCK,0.0001,2026-09-14,2026-09-15
AVSC,AVTX,AVALO THERAPEUTICS INC COMMON STOCK USD.001,0.0001,2026-09-14,2026-09-15
AVSC,NNBR,NN INC COMMON STOCK USD.01,0.0001,2026-09-14,2026-09-15
AVSC,AURA,AURA BIOSCIENCES INC COMMON STOCK USD.00001,0.0001,2026-09-14,2026-09-15
AVSC,SGC,SUPERIOR GROUP OF COS INC COMMON STOCK,0.0001,2026-09-14,2026-09-15
AVSC,TASK,TASKUS INC A COMMON STOCK USD.01,0.0001,2026-09-14,2026-09-15
AVSC,QTRX,QUANTERIX CORP COMMON STOCK USD.001,0.0001,2026-09-14,2026-09-15
AVSC,MNSB,MAINSTREET BANCSHARES INC COMMON STOCK USD4.0,0.0001,2026-09-14,2026-09-15
AVSC,BOBS,BOB S DISCOUNT FURNITURE COMMON STOCK,0.0001,2026-09-14,2026-09-15
AVSC,LE,LANDS END INC COMMON STOCK USD.01,0.0001,2026-09-14,2026-09-15
AVSC,KRUS,KURA SUSHI USA INC CLASS A COMMON STOCK USD.001,0.0001,2026-09-14,2026-09-15
AVSC,ULH,UNIVERSAL LOGISTICS HOLDINGS COMMON STOCK,0.0001,2026-09-14,2026-09-15
AVSC,BNTC,BENITEC BIOPHARMA INC COMMON STOCK,0.0001,2026-09-14,2026-09-15
AVSC,CRBP,CORBUS PHARMACEUTICALS HOLDI COMMON STOCK USD.0001,0.0001,2026-09-14,2026-09-15
AVSC,PXED,PHOENIX EDUCATION PARTNERS I COMMON STOCK USD.01,0.0001,2026-09-14,2026-09-15
AVSC,ONEW,ONEWATER MARINE INC CL A COMMON STOCK USD.01,0.0001,2026-09-14,2026-09-15
AVSC,KRRO,KORRO BIO INC COMMON STOCK USD.001,0.0001,2026-09-14,2026-09-15
AVSC,DSGN,DESIGN THERAPEUTICS INC COMMON STOCK USD.0001,0.0001,2026-09-14,2026-09-15
AVSC,CACC,CREDIT ACCEPTANCE CORP COMMON STOCK USD.01,0.0001,2026-09-14,2026-09-15
AVSC,SMTI,SANARA MEDTECH INC COMMON STOCK USD.001,0.0001,2026-09-14,2026-09-15
AVSC,DTIL,PRECISION BIOSCIENCES INC COMMON STOCK USD.000005,0.0001,2026-09-14,2026-09-15
AVSC,ESP,ESPEY MFG + ELECTRONICS CORP COMMON STOCK USD.333,0.0001,2026-09-14,2026-09-15
AVSC,RGP,RESOURCES CONNECTION INC COMMON STOCK USD.01,0.0001,2026-09-14,2026-09-15
AVSC,AP,AMPCO PITTSBURGH CORP COMMON STOCK USD1.0,0.0001,2026-09-14,2026-09-15
AVSC,HOFT,HOOKER FURNISHINGS CORP COMMON STOCK,0.0001,2026-09-14,2026-09-15
AVSC,CTMX,CYTOMX THERAPEUTICS INC COMMON STOCK USD.00001,0.0001,2026-09-14,2026-09-15
AVSC,AMWL,AMERICAN WELL CORP CLASS A COMMON STOCK USD.01,0.0001,2026-09-14,2026-09-15
AVSC,AVR,ANTERIS TECHNOLOGIES GLOBAL COMMON STOCK USD.0001,0.0001,2026-09-14,2026-09-15
AVSC,ADV,ADVANTAGE SOLUTIONS INC COMMON STOCK USD.0001,0.0001,2026-09-14,2026-09-15
AVSC,TKNO,ALPHA TEKNOVA INC COMMON STOCK USD.00001,0.0001,2026-09-14,2026-09-15
AVSC,SSTK,SHUTTERSTOCK INC COMMON STOCK USD.01,0.0001,2026-09-14,2026-09-15
AVSC,MED,MEDIFAST INC COMMON STOCK USD.001,0.0001,2026-09-14,2026-09-15
AVSC,BCBP,BCB BANCORP INC COMMON STOCK,0.0001,2026-09-14,2026-09-15
AVSC,DIBS,1STDIBS.COM INC COMMON STOCK USD.0001,0.0001,2026-09-14,2026-09-15
AVSC,FRD,FRIEDMAN INDUSTRIES COMMON STOCK USD1.0,0.0001,2026-09-14,2026-09-15
AVSC,CTGO,CONTANGO SILVER + GOLD INC COMMON STOCK USD.001,0.0001,2026-09-14,2026-09-15
AVSC,ERII,ENERGY RECOVERY INC COMMON STOCK USD.001,0.0001,2026-09-14,2026-09-15
AVSC,YEXT,YEXT INC COMMON STOCK USD.001,0.0001,2026-09-14,2026-09-15
AVSC,OPBK,OP BANCORP COMMON STOCK,0.0001,2026-09-14,2026-09-15
AVSC,TRAX,FIRST TRACKS BIOTHERAPEU W/I COMMON STOCK,0.0001,2026-09-14,2026-09-15
AVSC,IMMX,IMMIX BIOPHARMA INC COMMON STOCK USD.0001,0.0001,2026-09-14,2026-09-15
AVSC,LCUT,LIFETIME BRANDS INC COMMON STOCK USD.01,0.0001,2026-09-14,2026-09-15
AVSC,XERS,XERIS BIOPHARMA HOLDINGS INC COMMON STOCK USD.0001,0.0001,2026-09-14,2026-09-15
AVSC,CXDO,CREXENDO INC COMMON STOCK USD.001,0.0001,2026-09-14,2026-09-15
AVSC,DUOT,DUOS TECHNOLOGIES GROUP INC COMMON STOCK USD.001,0.0001,2026-09-14,2026-09-15
AVSC,SI,SHOULDER INNOVATIONS INC COMMON STOCK USD.001,0.0001,2026-09-14,2026-09-15
AVSC,SIGA,SIGA TECHNOLOGIES INC COMMON STOCK USD.0001,0.0001,2026-09-14,2026-09-15
AVSC,TNXP,TONIX PHARMACEUTICALS HOLDIN COMMON STOCK USD.001,0.0001,2026-09-14,2026-09-15
AVSC,TRAK,REPOSITRAK INC COMMON STOCK USD.01,0.0001,2026-09-14,2026-09-15
AVSC,CRBU,CARIBOU BIOSCIENCES INC COMMON STOCK USD.0001,0.0001,2026-09-14,2026-09-15
AVSC,RXST,RXSIGHT INC COMMON STOCK USD.001,0.0001,2026-09-14,2026-09-15
AVSC,HNVR,HANOVER BANCORP INC COMMON STOCK,0.0001,2026-09-14,2026-09-15
AVSC,CLAR,CLARUS CORP COMMON STOCK USD.0001,0.0001,2026-09-14,2026-09-15
AVSC,EFSI,EAGLE FINANCIAL SERVICES INC COMMON STOCK USD2.5,0.0001,2026-09-14,2026-09-15
AVSC,EPM,EVOLUTION PETROLEUM CORP COMMON STOCK USD.001,0.0001,2026-09-14,2026-09-15
AVSC,RFIL,RF INDUSTRIES LTD COMMON STOCK USD.01,0.0001,2026-09-14,2026-09-15
AVSC,BOOM,DMC GLOBAL INC COMMON STOCK,0.0001,2026-09-14,2026-09-15
AVSC,CVGI,COMMERCIAL VEHICLE GROUP INC COMMON STOCK USD.01,0.0001,2026-09-14,2026-09-15
AVSC,CZWI,CITIZENS COMMUNITY BANCORP I COMMON STOCK USD.01,0.0001,2026-09-14,2026-09-15
AVSC,MX,MAGNACHIP SEMICONDUCTOR CORP COMMON STOCK USD.01,0.0001,2026-09-14,2026-09-15
AVSC,PAL,PROFICIENT AUTO LOGISTICS IN COMMON STOCK USD.01,0.0001,2026-09-14,2026-09-15
AVSC,IMSR,TERRESTRIAL ENERGY INC COMMON STOCK USD.0001,0.0001,2026-09-14,2026-09-15
AVSC,BLSH,BULLISH COMMON STOCK USD.002,0.0001,2026-09-14,2026-09-15
AVSC,APC,ARKO PETROLEUM CORP COMMON STOCK,0.0001,2026-09-14,2026-09-15
AVSC,PHR,PHREESIA INC COMMON STOCK USD.01,0.0001,2026-09-14,2026-09-15
AVSC,EQPT,EQUIPMENTSHARE.COM INC A COMMON STOCK USD.0000013,0.0001,2026-09-14,2026-09-15
AVSC,STTK,SHATTUCK LABS INC COMMON STOCK USD.0001,0.0001,2026-09-14,2026-09-15
AVSC,FORR,FORRESTER RESEARCH INC COMMON STOCK USD.01,0.0001,2026-09-14,2026-09-15
AVSC,VIRC,VIRCO MFG CORPORATION COMMON STOCK USD.01,0.0001,2026-09-14,2026-09-15
AVSC,ELA,ENVELA CORP COMMON STOCK USD.01,0.0001,2026-09-14,2026-09-15
AVSC,MEC,MAYVILLE ENGINEERING CO INC COMMON STOCK,0.0001,2026-09-14,2026-09-15
AVSC,TONX,TON STRATEGY CO COMMON STOCK,0.0001,2026-09-14,2026-09-15
AVSC,FNRN,FIRST NORTHERN COMMUNITY BAN COMMON STOCK,0.0001,2026-09-14,2026-09-15
AVSC,EQ,EQUILLIUM INC COMMON STOCK USD.0001,0.0001,2026-09-14,2026-09-15
AVSC,DNUT,KRISPY KREME INC COMMON STOCK USD.01,0.0001,2026-09-14,2026-09-15
AVSC,LAW,CS DISCO INC COMMON STOCK USD.005,0.0001,2026-09-14,2026-09-15
