date,ticker,trackinsight_key,usd_flow,nav,perf_pct,cumulative_flow,daily_inflow,daily_outflow,flow_zscore,flow_5d,flow_20d,regime,pressure
2020-01-02,CWEB,CWEB,0.0,315.9,0.0,0.0,0.0,0.0,0.0,0.0,0.0,BALANCED,0.0
2020-01-03,CWEB,CWEB,-17000.0,309.7,-0.0196,-17000.0,0.0,-17000.0,0.0,-17000.0,-17000.0,BALANCED,-12.0
2020-01-06,CWEB,CWEB,-17000.0,312.2,0.0081,-34000.0,0.0,-17000.0,0.0,-34000.0,-34000.0,BALANCED,-14.0
2020-01-07,CWEB,CWEB,0.0,318.4,0.0199,-34000.0,0.0,0.0,0.0,-34000.0,-34000.0,BALANCED,-10.0
2020-01-08,CWEB,CWEB,2000.0,322.3,0.0122,-32000.0,2000.0,0.0,0.865,-32000.0,-32000.0,BALANCED,13.6254
2020-01-09,CWEB,CWEB,-4000.0,330.1,0.0242,-36000.0,0.0,-4000.0,0.2288,-36000.0,-36000.0,BALANCED,-6.2796
2020-01-10,CWEB,CWEB,6000.0,332.5,0.0073,-30000.0,6000.0,0.0,1.1207,-13000.0,-30000.0,BALANCED,20.0169
2020-01-13,CWEB,CWEB,62000.0,351.4,0.0568,32000.0,62000.0,0.0,2.3267,66000.0,32000.0,ACCUMULATION,72.1664
2020-01-14,CWEB,CWEB,53000.0,341.0,-0.0296,85000.0,53000.0,0.0,1.5299,119000.0,85000.0,ACCUMULATION,54.2472
2020-01-15,CWEB,CWEB,1000.0,342.2,0.0035,86000.0,1000.0,0.0,-0.2818,118000.0,86000.0,BALANCED,10.9562
2020-01-16,CWEB,CWEB,15000.0,342.6,0.0012,101000.0,15000.0,0.0,0.2267,137000.0,101000.0,BALANCED,25.668
2020-01-17,CWEB,CWEB,24000.0,343.0,0.0012,125000.0,24000.0,0.0,0.5468,155000.0,125000.0,BALANCED,35.6712
2020-01-21,CWEB,CWEB,0.0,322.5,-0.0598,125000.0,0.0,0.0,-0.4014,93000.0,125000.0,BALANCED,-0.0341
2020-01-22,CWEB,CWEB,-15000.0,317.3,-0.0161,110000.0,0.0,-15000.0,-0.9548,25000.0,110000.0,BALANCED,-15.8706
2020-01-23,CWEB,CWEB,35000.0,307.4,-0.0312,145000.0,35000.0,0.0,1.0508,59000.0,145000.0,BALANCED,38.2697
2020-01-24,CWEB,CWEB,-75000.0,288.42,-0.0617,70000.0,0.0,-75000.0,-2.522,-31000.0,70000.0,DISTRIBUTION,-75.0511
2020-01-27,CWEB,CWEB,0.0,275.2,-0.0458,70000.0,0.0,0.0,-0.135,-55000.0,70000.0,BALANCED,-13.3761
2020-01-28,CWEB,CWEB,0.0,284.3,0.0331,70000.0,0.0,0.0,-0.1314,-55000.0,70000.0,BALANCED,-13.2849
2020-01-29,CWEB,CWEB,-8000.0,290.0,0.02,62000.0,0.0,-8000.0,-0.3898,-48000.0,62000.0,BALANCED,-21.7458
2020-01-30,CWEB,CWEB,0.0,279.8,-0.0352,62000.0,0.0,0.0,-0.1102,-83000.0,62000.0,BALANCED,-12.755
2020-01-31,CWEB,CWEB,-17000.0,271.3,-0.0304,45000.0,0.0,-17000.0,-0.6894,-25000.0,45000.0,BALANCED,-29.235
2020-02-03,CWEB,CWEB,103000.0,288.7,0.0641,148000.0,103000.0,0.0,2.783,78000.0,165000.0,ACCUMULATION,81.5751
2020-02-04,CWEB,CWEB,0.0,309.0,0.0703,148000.0,0.0,0.0,-0.1902,78000.0,182000.0,BALANCED,5.2443
2020-02-05,CWEB,CWEB,13000.0,301.9,-0.023,161000.0,13000.0,0.0,0.19,99000.0,195000.0,BALANCED,16.7505
2020-02-06,CWEB,CWEB,29000.0,312.6,0.0354,190000.0,29000.0,0.0,0.6541,128000.0,222000.0,BALANCED,30.3516
2020-02-07,CWEB,CWEB,12000.0,304.8,-0.025,202000.0,12000.0,0.0,0.1319,157000.0,238000.0,BALANCED,19.2982
2020-02-10,CWEB,CWEB,-1000.0,308.8,0.0131,201000.0,0.0,-1000.0,-0.2681,53000.0,231000.0,BALANCED,1.2963
2020-02-11,CWEB,CWEB,26000.0,317.4,0.0278,227000.0,26000.0,0.0,0.5753,79000.0,195000.0,BALANCED,26.3828
2020-02-12,CWEB,CWEB,6000.0,332.2,0.0466,233000.0,6000.0,0.0,-0.0666,72000.0,148000.0,BALANCED,12.3348
2020-02-13,CWEB,CWEB,-13000.0,323.6,-0.0259,220000.0,0.0,-13000.0,-0.672,30000.0,134000.0,BALANCED,-8.8007
2020-02-14,CWEB,CWEB,0.0,318.02,-0.0172,220000.0,0.0,0.0,-0.2424,18000.0,119000.0,BALANCED,3.9407
2020-02-18,CWEB,CWEB,2000.0,312.2,-0.0183,222000.0,2000.0,0.0,-0.1994,21000.0,97000.0,BALANCED,7.0156
2020-02-19,CWEB,CWEB,46000.0,322.5,0.033,268000.0,46000.0,0.0,1.185,41000.0,143000.0,BALANCED,43.6261
2020-02-20,CWEB,CWEB,7000.0,315.6,-0.0214,275000.0,7000.0,0.0,-0.109,42000.0,165000.0,BALANCED,13.2744
2020-02-21,CWEB,CWEB,-15000.0,305.6,-0.0317,260000.0,0.0,-15000.0,-0.8086,40000.0,115000.0,BALANCED,-12.2154
2020-02-24,CWEB,CWEB,-31000.0,288.0,-0.0576,229000.0,0.0,-31000.0,-1.2689,9000.0,159000.0,BALANCED,-25.7226
2020-02-25,CWEB,CWEB,-21000.0,283.6,-0.0153,208000.0,0.0,-21000.0,-0.9082,-14000.0,138000.0,BALANCED,-38.7038
2020-02-26,CWEB,CWEB,0.0,290.1,0.0229,208000.0,0.0,0.0,-0.1943,-60000.0,138000.0,BALANCED,-14.8567
2020-02-27,CWEB,CWEB,0.0,278.6,-0.0396,208000.0,0.0,0.0,-0.142,-67000.0,146000.0,BALANCED,-13.5507
2020-02-28,CWEB,CWEB,0.0,277.9,-0.0025,208000.0,0.0,0.0,-0.1409,-52000.0,146000.0,BALANCED,-13.5213
2020-03-02,CWEB,CWEB,-8000.0,289.4,0.0414,200000.0,0.0,-8000.0,-0.3913,-29000.0,155000.0,BALANCED,-21.7829
2020-03-03,CWEB,CWEB,19000.0,283.2,-0.0214,219000.0,19000.0,0.0,0.5515,11000.0,71000.0,BALANCED,25.7887
2020-03-04,CWEB,CWEB,1000.0,295.4,0.0431,220000.0,1000.0,0.0,-0.0753,12000.0,72000.0,BALANCED,12.1169
2020-03-05,CWEB,CWEB,29000.0,298.4,0.0102,249000.0,29000.0,0.0,0.8423,41000.0,88000.0,BALANCED,37.0585
2020-03-06,CWEB,CWEB,19000.0,278.4,-0.067,268000.0,19000.0,0.0,0.5229,60000.0,78000.0,BALANCED,31.0737
2020-03-09,CWEB,CWEB,-3000.0,257.0,-0.0769,265000.0,0.0,-3000.0,-0.3905,65000.0,63000.0,BALANCED,-1.7625
2020-03-10,CWEB,CWEB,4000.0,273.15,0.0628,269000.0,4000.0,0.0,-0.1084,50000.0,68000.0,BALANCED,9.291
2020-03-11,CWEB,CWEB,0.0,255.5,-0.0646,269000.0,0.0,0.0,-0.273,49000.0,42000.0,BALANCED,3.1761
2020-03-12,CWEB,CWEB,-28000.0,215.5,-0.1566,241000.0,0.0,-28000.0,-1.3596,-8000.0,8000.0,BALANCED,-45.9911
2020-03-13,CWEB,CWEB,-28000.0,229.8,0.0664,213000.0,0.0,-28000.0,-1.2841,-55000.0,-7000.0,BALANCED,-46.1028
2020-03-16,CWEB,CWEB,-21000.0,186.0,-0.1906,192000.0,0.0,-21000.0,-1.0018,-73000.0,-28000.0,BALANCED,-41.0456
2020-03-17,CWEB,CWEB,0.0,204.95,0.1019,192000.0,0.0,0.0,-0.0813,-77000.0,-30000.0,BALANCED,-12.0334
2020-03-18,CWEB,CWEB,-11000.0,183.4,-0.1051,181000.0,0.0,-11000.0,-0.6658,-88000.0,-87000.0,BALANCED,-28.6445
2020-03-19,CWEB,CWEB,-25000.0,190.64,0.0395,156000.0,0.0,-25000.0,-1.3326,-85000.0,-119000.0,BALANCED,-47.3162
2020-03-20,CWEB,CWEB,1000.0,190.7,0.0003,157000.0,1000.0,0.0,0.1179,-56000.0,-103000.0,BALANCED,-5.0516
2020-03-23,CWEB,CWEB,12000.0,196.93,0.0327,169000.0,12000.0,0.0,0.7357,-23000.0,-60000.0,BALANCED,12.3925
2020-03-24,CWEB,CWEB,9000.0,220.0,0.1171,178000.0,9000.0,0.0,0.5456,-14000.0,-30000.0,BALANCED,9.6395
2020-03-25,CWEB,CWEB,35000.0,227.0,0.0318,213000.0,35000.0,0.0,1.9241,32000.0,5000.0,ACCUMULATION,66.1022
2020-03-26,CWEB,CWEB,6000.0,239.5,0.0551,219000.0,6000.0,0.0,0.3508,63000.0,11000.0,BALANCED,28.7705
2020-03-27,CWEB,CWEB,0.0,218.94,-0.0858,219000.0,0.0,0.0,0.0018,62000.0,11000.0,BALANCED,10.0456
2020-03-30,CWEB,CWEB,1000.0,219.3,0.0016,220000.0,1000.0,0.0,0.0547,51000.0,20000.0,BALANCED,13.3675
2020-03-31,CWEB,CWEB,-3000.0,227.2,0.036,217000.0,0.0,-3000.0,-0.155,39000.0,-2000.0,BALANCED,4.1262
2020-04-01,CWEB,CWEB,0.0,216.6,-0.0467,217000.0,0.0,0.0,0.1058,4000.0,-3000.0,BALANCED,12.6438
2020-04-02,CWEB,CWEB,0.0,222.4,0.0268,217000.0,0.0,0.0,0.1209,-2000.0,-32000.0,BALANCED,-6.9783
2020-04-03,CWEB,CWEB,0.0,214.5,-0.0355,217000.0,0.0,0.0,0.0907,-2000.0,-51000.0,BALANCED,-7.733
2020-04-06,CWEB,CWEB,-1000.0,233.75,0.0897,216000.0,0.0,-1000.0,-0.0383,-4000.0,-49000.0,BALANCED,-12.958
2020-04-07,CWEB,CWEB,37000.0,240.31,0.0281,253000.0,37000.0,0.0,2.2518,36000.0,-16000.0,ACCUMULATION,68.2957
2020-04-08,CWEB,CWEB,8000.0,231.8,-0.0354,261000.0,8000.0,0.0,0.3944,44000.0,-8000.0,BALANCED,23.8589
2020-04-09,CWEB,CWEB,-4000.0,233.94,0.0092,257000.0,0.0,-4000.0,-0.3557,40000.0,16000.0,BALANCED,-0.8918
2020-04-13,CWEB,CWEB,0.0,235.2,0.0054,257000.0,0.0,0.0,-0.1031,40000.0,44000.0,BALANCED,7.4219
2020-04-14,CWEB,CWEB,0.0,248.0,0.0544,257000.0,0.0,0.0,-0.1207,41000.0,65000.0,BALANCED,6.9818
2020-04-15,CWEB,CWEB,4000.0,248.3,0.0012,261000.0,4000.0,0.0,0.1687,8000.0,69000.0,BALANCED,16.2178
2020-04-16,CWEB,CWEB,0.0,263.7,0.062,261000.0,0.0,0.0,-0.0887,0.0,80000.0,BALANCED,-2.2168
2020-04-17,CWEB,CWEB,12000.0,262.68,-0.0039,273000.0,12000.0,0.0,0.7642,16000.0,117000.0,BALANCED,31.1053
2020-04-20,CWEB,CWEB,4000.0,264.76,0.0079,277000.0,4000.0,0.0,0.2594,20000.0,120000.0,BALANCED,20.4849
2020-04-21,CWEB,CWEB,-3000.0,251.3,-0.0508,274000.0,0.0,-3000.0,-0.2314,17000.0,105000.0,BALANCED,2.2162
2020-04-22,CWEB,CWEB,-1000.0,261.8,0.0418,273000.0,0.0,-1000.0,-0.0795,12000.0,95000.0,BALANCED,4.0115
2020-04-23,CWEB,CWEB,-2000.0,252.53,-0.0354,271000.0,0.0,-2000.0,-0.145,10000.0,58000.0,BALANCED,0.3752
2020-04-24,CWEB,CWEB,-2000.0,251.42,-0.0044,269000.0,0.0,-2000.0,-0.2215,-4000.0,50000.0,BALANCED,-23.5376
2020-04-27,CWEB,CWEB,-3000.0,261.4,0.0397,266000.0,0.0,-3000.0,-0.3941,-11000.0,47000.0,BALANCED,-29.8514
2020-04-28,CWEB,CWEB,-5000.0,253.1,-0.0318,261000.0,0.0,-5000.0,-0.6409,-13000.0,41000.0,BALANCED,-38.0227
2020-04-29,CWEB,CWEB,4000.0,266.3,0.0522,265000.0,4000.0,0.0,0.1376,-8000.0,48000.0,BALANCED,-4.56
2020-04-30,CWEB,CWEB,1000.0,257.5,-0.033,266000.0,1000.0,0.0,-0.1651,-5000.0,49000.0,BALANCED,-10.1274
2020-05-01,CWEB,CWEB,1000.0,229.0,-0.1107,267000.0,1000.0,0.0,-0.2757,-2000.0,50000.0,BALANCED,-10.8913
2020-05-04,CWEB,CWEB,2000.0,232.8,0.0166,269000.0,2000.0,0.0,-0.1771,3000.0,52000.0,BALANCED,13.5724
2020-05-05,CWEB,CWEB,-3000.0,241.0,0.0352,266000.0,0.0,-3000.0,-0.6404,5000.0,50000.0,BALANCED,-8.0104
2020-05-06,CWEB,CWEB,-1000.0,245.9,0.0203,265000.0,0.0,-1000.0,-0.4021,0.0,12000.0,BALANCED,-14.0514
2020-05-07,CWEB,CWEB,-13000.0,252.5,0.0268,252000.0,0.0,-13000.0,-1.7788,-14000.0,-9000.0,DISTRIBUTION,-60.4688
2020-05-08,CWEB,CWEB,-6000.0,272.3,0.0784,246000.0,0.0,-6000.0,-0.8523,-21000.0,-11000.0,BALANCED,-39.3074
2020-05-11,CWEB,CWEB,7000.0,272.0,-0.0011,253000.0,7000.0,0.0,0.7181,-16000.0,-4000.0,BALANCED,9.953
2020-05-12,CWEB,CWEB,8000.0,272.5,0.0018,261000.0,8000.0,0.0,0.8026,-5000.0,4000.0,BALANCED,14.0647
2020-05-13,CWEB,CWEB,21000.0,275.6,0.0114,282000.0,21000.0,0.0,2.1019,17000.0,21000.0,ACCUMULATION,68.5484
2020-05-14,CWEB,CWEB,0.0,276.4,0.0029,282000.0,0.0,0.0,-0.2418,30000.0,21000.0,BALANCED,3.9546
2020-05-15,CWEB,CWEB,5000.0,280.1,0.0134,287000.0,5000.0,0.0,0.2975,41000.0,14000.0,BALANCED,19.4365
2020-05-18,CWEB,CWEB,17000.0,306.0,0.0925,304000.0,17000.0,0.0,1.5094,51000.0,27000.0,ACCUMULATION,51.7344
2020-05-19,CWEB,CWEB,11000.0,307.0,0.0033,315000.0,11000.0,0.0,0.8169,54000.0,41000.0,BALANCED,36.4236
2020-05-20,CWEB,CWEB,20000.0,303.3,-0.0121,335000.0,20000.0,0.0,2.2487,53000.0,62000.0,ACCUMULATION,74.2168
2020-05-21,CWEB,CWEB,33000.0,291.1,-0.0402,368000.0,33000.0,0.0,3.1221,86000.0,97000.0,ACCUMULATION,98.0531
2020-05-22,CWEB,CWEB,11000.0,267.8,-0.08,379000.0,11000.0,0.0,0.7368,92000.0,110000.0,BALANCED,40.4202
2020-05-26,CWEB,CWEB,-27000.0,290.5,0.0848,352000.0,0.0,-27000.0,-2.749,48000.0,86000.0,DISTRIBUTION,-60.7256
2020-05-27,CWEB,CWEB,-12000.0,285.1,-0.0186,340000.0,0.0,-12000.0,-1.306,25000.0,79000.0,BALANCED,-26.6504
2020-05-28,CWEB,CWEB,0.0,277.0,-0.0284,340000.0,0.0,0.0,-0.2327,5000.0,75000.0,BALANCED,4.1819
2020-05-29,CWEB,CWEB,11000.0,300.7,0.0856,351000.0,11000.0,0.0,0.7015,-17000.0,85000.0,BALANCED,9.5365
2020-06-01,CWEB,CWEB,12000.0,311.5,0.0359,363000.0,12000.0,0.0,0.7891,-16000.0,96000.0,BALANCED,13.7286
2020-06-02,CWEB,CWEB,-0.0,325.9,0.0462,363000.0,-0.0,-0.0,-0.2511,11000.0,94000.0,BALANCED,3.7223
2020-06-03,CWEB,CWEB,20000.0,344.7,0.0577,383000.0,20000.0,0.0,1.3899,43000.0,117000.0,BALANCED,46.7483
2020-06-04,CWEB,CWEB,9000.0,338.6,-0.0177,392000.0,9000.0,0.0,0.4272,52000.0,127000.0,BALANCED,24.681
2020-06-05,CWEB,CWEB,16000.0,353.91,0.0452,408000.0,16000.0,0.0,0.9588,57000.0,156000.0,BALANCED,39.971
2020-06-08,CWEB,CWEB,8000.0,348.4,-0.0156,416000.0,8000.0,0.0,0.2611,53000.0,170000.0,BALANCED,24.5269
2020-06-09,CWEB,CWEB,6000.0,342.0,-0.0184,422000.0,6000.0,0.0,0.0679,59000.0,169000.0,BALANCED,21.6977
2020-06-10,CWEB,CWEB,0.0,362.2,0.0591,422000.0,0.0,0.0,-0.46,39000.0,161000.0,BALANCED,-1.5004
2020-06-11,CWEB,CWEB,21000.0,336.9,-0.0699,443000.0,21000.0,0.0,1.255,51000.0,161000.0,BALANCED,43.3744
2020-06-12,CWEB,CWEB,-2000.0,350.7,0.041,441000.0,0.0,-2000.0,-0.6495,33000.0,159000.0,BALANCED,-8.2377
2020-06-15,CWEB,CWEB,4000.0,364.3,0.0388,445000.0,4000.0,0.0,-0.1607,29000.0,158000.0,BALANCED,7.9827
2020-06-16,CWEB,CWEB,52000.0,378.6,0.0393,497000.0,52000.0,0.0,3.0314,75000.0,193000.0,ACCUMULATION,89.7853
2020-06-17,CWEB,CWEB,0.0,397.1,0.0489,497000.0,0.0,0.0,-0.5281,75000.0,182000.0,BALANCED,-3.2013
2020-06-18,CWEB,CWEB,0.0,402.5,0.0136,497000.0,0.0,0.0,-0.531,54000.0,162000.0,BALANCED,-3.2762
2020-06-19,CWEB,CWEB,0.0,412.5,0.0248,497000.0,0.0,0.0,-0.5788,56000.0,129000.0,BALANCED,-4.469
2020-06-22,CWEB,CWEB,22000.0,410.95,-0.0038,519000.0,22000.0,0.0,0.917,74000.0,140000.0,BALANCED,34.9257
2020-06-23,CWEB,CWEB,0.0,427.5,0.0403,519000.0,0.0,0.0,-0.6261,22000.0,167000.0,BALANCED,-5.6533
2020-06-24,CWEB,CWEB,56000.0,416.1,-0.0267,575000.0,56000.0,0.0,2.7484,78000.0,235000.0,ACCUMULATION,80.711
2020-06-25,CWEB,CWEB,-0.0,419.1,0.0072,575000.0,-0.0,-0.0,-0.5901,78000.0,235000.0,BALANCED,-4.7531
2020-06-26,CWEB,CWEB,-3000.0,411.9,-0.0172,572000.0,0.0,-3000.0,-0.7621,75000.0,221000.0,BALANCED,-11.0532
2020-06-29,CWEB,CWEB,0.0,413.3,0.0034,572000.0,0.0,0.0,-0.5691,53000.0,209000.0,BALANCED,-4.2271
2020-06-30,CWEB,CWEB,-6000.0,415.0,0.0041,566000.0,0.0,-6000.0,-0.8736,47000.0,203000.0,BALANCED,-13.8408
2020-07-01,CWEB,CWEB,-2000.0,417.2,0.0053,564000.0,0.0,-2000.0,-0.6069,-11000.0,181000.0,BALANCED,-29.1731
2020-07-02,CWEB,CWEB,0.0,445.4,0.0676,564000.0,0.0,0.0,-0.452,-11000.0,172000.0,BALANCED,-21.2999
2020-07-06,CWEB,CWEB,0.0,483.3,0.0851,564000.0,0.0,0.0,-0.4023,-8000.0,156000.0,BALANCED,-20.0568
2020-07-07,CWEB,CWEB,0.0,469.1,-0.0294,564000.0,0.0,0.0,-0.3792,-8000.0,148000.0,BALANCED,-19.4808
2020-07-08,CWEB,CWEB,-12000.0,513.5,0.0946,552000.0,0.0,-12000.0,-1.211,-14000.0,130000.0,BALANCED,-42.2744
2020-07-09,CWEB,CWEB,163000.0,535.3,0.0425,715000.0,163000.0,0.0,4.6822,151000.0,293000.0,ACCUMULATION,100.0
2020-07-10,CWEB,CWEB,40000.0,521.7,-0.0254,755000.0,40000.0,0.0,0.8068,191000.0,312000.0,BALANCED,34.1688
2020-07-13,CWEB,CWEB,68000.0,497.0,-0.0473,823000.0,68000.0,0.0,1.5418,259000.0,382000.0,ACCUMULATION,54.5454
2020-07-14,CWEB,CWEB,0.0,478.4,-0.0374,823000.0,0.0,0.0,-0.4508,259000.0,378000.0,BALANCED,-1.2694
2020-07-15,CWEB,CWEB,-27000.0,480.4,0.0042,796000.0,0.0,-27000.0,-1.1912,244000.0,299000.0,BALANCED,-21.7792
2020-07-16,CWEB,CWEB,-27000.0,451.0,-0.0612,769000.0,0.0,-27000.0,-1.1207,54000.0,272000.0,BALANCED,-22.0168
2020-07-17,CWEB,CWEB,0.0,457.4,0.0142,769000.0,0.0,0.0,-0.3525,14000.0,272000.0,BALANCED,1.1863
2020-07-20,CWEB,CWEB,10000.0,477.4,0.0437,779000.0,10000.0,0.0,-0.0664,-44000.0,282000.0,BALANCED,-9.66
2020-07-21,CWEB,CWEB,29000.0,495.3,0.0375,808000.0,29000.0,0.0,0.4456,-15000.0,289000.0,BALANCED,5.1392
2020-07-22,CWEB,CWEB,26000.0,469.3,-0.0525,834000.0,26000.0,0.0,0.3426,38000.0,315000.0,BALANCED,24.5638
2020-07-23,CWEB,CWEB,-13000.0,456.0,-0.0283,821000.0,0.0,-13000.0,-0.7294,52000.0,246000.0,BALANCED,-10.2338
2020-07-24,CWEB,CWEB,0.0,444.49,-0.0252,821000.0,0.0,0.0,-0.3489,52000.0,246000.0,BALANCED,1.2763
2020-07-27,CWEB,CWEB,0.0,454.8,0.0232,821000.0,0.0,0.0,-0.351,42000.0,249000.0,BALANCED,1.2238
2020-07-28,CWEB,CWEB,-29000.0,453.7,-0.0024,792000.0,0.0,-29000.0,-1.1008,-16000.0,220000.0,BALANCED,-39.5209
2020-07-29,CWEB,CWEB,11000.0,466.9,0.0291,803000.0,11000.0,0.0,0.0222,-31000.0,237000.0,BALANCED,-7.4452
2020-07-30,CWEB,CWEB,0.0,466.4,-0.0011,803000.0,0.0,0.0,-0.2829,-18000.0,239000.0,BALANCED,-17.0733
2020-07-31,CWEB,CWEB,2000.0,478.6,0.0262,805000.0,2000.0,0.0,-0.2294,-16000.0,241000.0,BALANCED,-13.7354
2020-08-03,CWEB,CWEB,25000.0,505.0,0.0552,830000.0,25000.0,0.0,0.3853,9000.0,266000.0,BALANCED,23.6322
2020-08-04,CWEB,CWEB,37000.0,518.8,0.0273,867000.0,37000.0,0.0,0.699,75000.0,303000.0,BALANCED,33.4757
2020-08-05,CWEB,CWEB,13000.0,540.9,0.0426,880000.0,13000.0,0.0,0.0267,77000.0,328000.0,BALANCED,18.6663
2020-08-06,CWEB,CWEB,36000.0,541.3,0.0007,916000.0,36000.0,0.0,0.6917,113000.0,201000.0,BALANCED,37.2927
2020-08-07,CWEB,CWEB,0.0,491.1,-0.0927,916000.0,0.0,0.0,-0.3192,111000.0,161000.0,BALANCED,2.0206
2020-08-10,CWEB,CWEB,-35000.0,479.5,-0.0236,881000.0,0.0,-35000.0,-1.2402,51000.0,58000.0,BALANCED,-23.0061
2020-08-11,CWEB,CWEB,0.0,472.45,-0.0147,881000.0,0.0,0.0,-0.282,14000.0,58000.0,BALANCED,2.95
2020-08-12,CWEB,CWEB,-10000.0,484.9,0.0264,871000.0,0.0,-10000.0,-0.5511,-9000.0,75000.0,BALANCED,-25.7774
2020-08-13,CWEB,CWEB,-6000.0,477.0,-0.0163,865000.0,0.0,-6000.0,-0.4375,-51000.0,96000.0,BALANCED,-24.9377
2020-08-14,CWEB,CWEB,0.0,458.4,-0.039,865000.0,0.0,0.0,-0.2738,-51000.0,96000.0,BALANCED,-16.8446
2020-08-17,CWEB,CWEB,0.0,483.5,0.0548,865000.0,0.0,0.0,-0.2738,-16000.0,86000.0,BALANCED,-16.8446
2020-08-18,CWEB,CWEB,-6000.0,500.3,0.0347,859000.0,0.0,-6000.0,-0.4312,-22000.0,51000.0,BALANCED,-22.7798
2020-08-19,CWEB,CWEB,0.0,486.4,-0.0278,859000.0,0.0,0.0,-0.2801,-12000.0,25000.0,BALANCED,-17.0017
2020-08-20,CWEB,CWEB,0.0,493.21,0.014,859000.0,0.0,0.0,-0.2139,-6000.0,38000.0,BALANCED,-15.3484
2020-08-21,CWEB,CWEB,14000.0,497.65,0.009,873000.0,14000.0,0.0,0.4679,8000.0,52000.0,BALANCED,23.6982
2020-08-24,CWEB,CWEB,13000.0,512.9,0.0306,886000.0,13000.0,0.0,0.6087,21000.0,65000.0,BALANCED,29.2179
2020-08-25,CWEB,CWEB,-1000.0,531.3,0.0359,885000.0,0.0,-1000.0,-0.1712,26000.0,93000.0,BALANCED,3.7197
2020-08-26,CWEB,CWEB,12000.0,536.0,0.0088,897000.0,12000.0,0.0,0.5041,38000.0,94000.0,BALANCED,24.6017
2020-08-27,CWEB,CWEB,0.0,532.9,-0.0058,897000.0,0.0,0.0,-0.2641,38000.0,94000.0,BALANCED,3.3987
2020-08-28,CWEB,CWEB,25000.0,545.48,0.0236,922000.0,25000.0,0.0,1.2009,49000.0,117000.0,BALANCED,42.0235
2020-08-31,CWEB,CWEB,-3000.0,524.2,-0.039,919000.0,0.0,-3000.0,-0.4616,33000.0,89000.0,BALANCED,-3.5408
2020-09-01,CWEB,CWEB,13000.0,561.0,0.0702,932000.0,13000.0,0.0,0.5526,47000.0,65000.0,BALANCED,25.8138
2020-09-02,CWEB,CWEB,35000.0,558.16,-0.0051,967000.0,35000.0,0.0,1.8474,70000.0,87000.0,ACCUMULATION,60.1843
2020-09-03,CWEB,CWEB,27000.0,512.6,-0.0816,994000.0,27000.0,0.0,1.2712,97000.0,78000.0,BALANCED,47.7794
2020-09-04,CWEB,CWEB,-45000.0,513.0,0.0008,949000.0,0.0,-45000.0,-2.5808,27000.0,33000.0,DISTRIBUTION,-56.5206
2020-09-08,CWEB,CWEB,0.0,466.4,-0.0908,949000.0,0.0,0.0,-0.2235,30000.0,68000.0,BALANCED,4.4123
2020-09-09,CWEB,CWEB,5000.0,479.3,0.0277,954000.0,5000.0,0.0,-0.0222,22000.0,73000.0,BALANCED,11.4452
2020-09-10,CWEB,CWEB,-31000.0,456.75,-0.047,923000.0,0.0,-31000.0,-1.8257,-44000.0,52000.0,DISTRIBUTION,-57.6425
2020-09-11,CWEB,CWEB,-13000.0,469.06,0.027,910000.0,0.0,-13000.0,-0.8535,-84000.0,45000.0,BALANCED,-35.3381
2020-09-14,CWEB,CWEB,-4000.0,493.5,0.0521,906000.0,0.0,-4000.0,-0.3786,-43000.0,41000.0,BALANCED,-25.4652
2020-09-15,CWEB,CWEB,4000.0,503.99,0.0213,910000.0,4000.0,0.0,0.0701,-39000.0,45000.0,BALANCED,-6.2479
2020-09-16,CWEB,CWEB,5000.0,501.99,-0.004,915000.0,5000.0,0.0,0.19,-39000.0,56000.0,BALANCED,-1.2507
2020-09-17,CWEB,CWEB,0.0,493.0,-0.0179,915000.0,0.0,0.0,-0.0657,-8000.0,56000.0,BALANCED,-11.6415
2020-09-18,CWEB,CWEB,-12000.0,493.55,0.0011,903000.0,0.0,-12000.0,-0.6947,-7000.0,44000.0,BALANCED,-29.3675
2020-09-21,CWEB,CWEB,4000.0,484.9,-0.0175,907000.0,4000.0,0.0,0.258,1000.0,34000.0,BALANCED,18.4489
2020-09-22,CWEB,CWEB,2000.0,483.4,-0.0031,909000.0,2000.0,0.0,0.0696,-1000.0,23000.0,BALANCED,-4.2603
2020-09-23,CWEB,CWEB,0.0,475.1,-0.0172,909000.0,0.0,0.0,-0.0609,-6000.0,24000.0,BALANCED,-11.5222
2020-09-24,CWEB,CWEB,0.0,465.7,-0.0198,909000.0,0.0,0.0,-0.0834,-6000.0,12000.0,BALANCED,-12.0846
2020-09-25,CWEB,CWEB,1000.0,463.5,-0.0047,910000.0,1000.0,0.0,-0.033,7000.0,13000.0,BALANCED,11.1738
2020-09-28,CWEB,CWEB,2000.0,474.7,0.0242,912000.0,2000.0,0.0,0.0286,5000.0,-10000.0,BALANCED,14.7162
2020-09-29,CWEB,CWEB,-13000.0,467.95,-0.0142,899000.0,0.0,-13000.0,-0.9203,-10000.0,-20000.0,BALANCED,-35.0077
2020-09-30,CWEB,CWEB,-18000.0,489.6,0.0463,881000.0,0.0,-18000.0,-1.1931,-28000.0,-51000.0,BALANCED,-43.8267
2020-10-01,CWEB,CWEB,10000.0,499.0,0.0192,891000.0,10000.0,0.0,0.5657,-18000.0,-76000.0,BALANCED,6.1425
2020-10-02,CWEB,CWEB,-3000.0,480.4,-0.0373,888000.0,0.0,-3000.0,-0.2509,-22000.0,-106000.0,BALANCED,-18.2732
2020-10-05,CWEB,CWEB,6000.0,489.5,0.0189,894000.0,6000.0,0.0,0.3387,-18000.0,-55000.0,BALANCED,0.4679
2020-10-06,CWEB,CWEB,0.0,506.9,0.0355,894000.0,0.0,0.0,-0.0172,-5000.0,-55000.0,BALANCED,-10.4308
2020-10-07,CWEB,CWEB,0.0,520.5,0.0268,894000.0,0.0,0.0,-0.0194,13000.0,-60000.0,BALANCED,9.5153
2020-10-08,CWEB,CWEB,-2000.0,522.7,0.0042,892000.0,0.0,-2000.0,-0.1197,1000.0,-31000.0,BALANCED,5.0078
2020-10-09,CWEB,CWEB,0.0,545.0,0.0427,892000.0,0.0,0.0,0.0109,4000.0,-18000.0,BALANCED,10.272
2020-10-12,CWEB,CWEB,0.0,564.2,0.0352,892000.0,0.0,0.0,0.0687,-2000.0,-14000.0,BALANCED,-8.2833
2020-10-13,CWEB,CWEB,-5000.0,561.2,-0.0053,887000.0,0.0,-5000.0,-0.2698,-7000.0,-23000.0,BALANCED,-18.746
2020-10-14,CWEB,CWEB,4000.0,544.2,-0.0303,891000.0,4000.0,0.0,0.3735,-3000.0,-24000.0,BALANCED,1.3377
2020-10-15,CWEB,CWEB,-9000.0,533.7,-0.0193,882000.0,0.0,-9000.0,-0.4866,-10000.0,-33000.0,BALANCED,-24.1642
2020-10-16,CWEB,CWEB,3000.0,546.18,0.0234,885000.0,3000.0,0.0,0.5808,-7000.0,-18000.0,BALANCED,6.5196
2020-10-19,CWEB,CWEB,15000.0,532.6,-0.0249,900000.0,15000.0,0.0,1.8682,8000.0,-7000.0,ACCUMULATION,60.7038
2020-10-20,CWEB,CWEB,0.0,547.5,0.028,900000.0,0.0,0.0,0.1834,13000.0,-9000.0,BALANCED,14.5861
2020-10-21,CWEB,CWEB,0.0,536.4,-0.0203,900000.0,0.0,0.0,0.204,9000.0,-9000.0,BALANCED,15.1011
2020-10-22,CWEB,CWEB,-7000.0,529.4,-0.013,893000.0,0.0,-7000.0,-0.8599,11000.0,-16000.0,BALANCED,-13.4968
2020-10-23,CWEB,CWEB,-7000.0,526.6,-0.0053,886000.0,0.0,-7000.0,-0.925,1000.0,-24000.0,BALANCED,-17.1255
2020-10-26,CWEB,CWEB,0.0,524.3,-0.0044,886000.0,0.0,0.0,0.0999,-14000.0,-26000.0,BALANCED,-7.5037
2020-10-27,CWEB,CWEB,0.0,549.2,0.0475,886000.0,0.0,0.0,0.1209,-14000.0,-13000.0,BALANCED,-6.9787
2020-10-28,CWEB,CWEB,1000.0,533.5,-0.0286,887000.0,1000.0,0.0,0.2957,-13000.0,6000.0,BALANCED,-0.6081
2020-10-29,CWEB,CWEB,-12000.0,560.1,0.0499,875000.0,0.0,-12000.0,-1.5595,-18000.0,-16000.0,DISTRIBUTION,-50.988
2020-10-30,CWEB,CWEB,12000.0,539.0,-0.0377,887000.0,12000.0,0.0,1.8029,1000.0,-1000.0,ACCUMULATION,57.0728
2020-11-02,CWEB,CWEB,-3000.0,549.4,0.0193,884000.0,0.0,-3000.0,-0.3231,-2000.0,-10000.0,BALANCED,-20.0781
2020-11-03,CWEB,CWEB,-13000.0,539.7,-0.0177,871000.0,0.0,-13000.0,-1.6208,-15000.0,-23000.0,DISTRIBUTION,-54.5189
2020-11-04,CWEB,CWEB,0.0,615.5,0.1404,871000.0,0.0,0.0,0.175,-16000.0,-23000.0,BALANCED,-5.6258
2020-11-05,CWEB,CWEB,26000.0,623.5,0.013,897000.0,26000.0,0.0,3.0044,22000.0,5000.0,ACCUMULATION,87.1098
2020-11-06,CWEB,CWEB,4000.0,628.8,0.0085,901000.0,4000.0,0.0,0.4875,14000.0,9000.0,BALANCED,26.1873
2020-11-09,CWEB,CWEB,117000.0,598.0,-0.049,1018000.0,117000.0,0.0,4.897,134000.0,126000.0,ACCUMULATION,100.0
2020-11-10,CWEB,CWEB,-2000.0,539.1,-0.0985,1016000.0,0.0,-2000.0,-0.2567,145000.0,129000.0,BALANCED,1.5831
2020-11-11,CWEB,CWEB,0.0,560.3,0.0393,1016000.0,0.0,0.0,-0.1989,145000.0,125000.0,BALANCED,5.0281
2020-11-12,CWEB,CWEB,-49000.0,578.0,0.0316,967000.0,0.0,-49000.0,-2.094,70000.0,85000.0,DISTRIBUTION,-44.3507
2020-11-13,CWEB,CWEB,-3000.0,619.3,0.0715,964000.0,0.0,-3000.0,-0.2248,63000.0,79000.0,BALANCED,0.3789
2020-11-16,CWEB,CWEB,32000.0,610.9,-0.0136,996000.0,32000.0,0.0,1.1355,-22000.0,96000.0,BALANCED,20.3876
2020-11-17,CWEB,CWEB,17000.0,581.0,-0.0489,1013000.0,17000.0,0.0,0.5152,-3000.0,113000.0,BALANCED,6.8794
2020-11-18,CWEB,CWEB,0.0,553.6,-0.0472,1013000.0,0.0,0.0,-0.1568,-3000.0,113000.0,BALANCED,-13.9198
2020-11-19,CWEB,CWEB,0.0,580.4,0.0484,1013000.0,0.0,0.0,-0.1595,46000.0,120000.0,BALANCED,6.0122
2020-11-20,CWEB,CWEB,-55000.0,600.8,0.0351,958000.0,0.0,-55000.0,-2.0811,-6000.0,72000.0,DISTRIBUTION,-64.0266
2020-11-23,CWEB,CWEB,0.0,589.14,-0.0194,958000.0,0.0,0.0,-0.08,-38000.0,72000.0,BALANCED,-12.001
2020-11-24,CWEB,CWEB,-12000.0,602.6,0.0228,946000.0,0.0,-12000.0,-0.5064,-67000.0,60000.0,BALANCED,-24.6607
2020-11-25,CWEB,CWEB,0.0,587.86,-0.0245,946000.0,0.0,0.0,-0.0665,-67000.0,59000.0,BALANCED,-11.6619
2020-11-27,CWEB,CWEB,-8000.0,618.71,0.0525,938000.0,0.0,-8000.0,-0.3579,-75000.0,63000.0,BALANCED,-20.9485
2020-11-30,CWEB,CWEB,-10000.0,586.6,-0.0519,928000.0,0.0,-10000.0,-0.4135,-30000.0,41000.0,BALANCED,-24.338
2020-12-01,CWEB,CWEB,-15000.0,573.9,-0.0217,913000.0,0.0,-15000.0,-0.5575,-45000.0,29000.0,BALANCED,-29.9372
2020-12-02,CWEB,CWEB,-7000.0,566.35,-0.0132,906000.0,0.0,-7000.0,-0.2598,-40000.0,35000.0,BALANCED,-24.4942
2020-12-03,CWEB,CWEB,8000.0,580.92,0.0257,914000.0,8000.0,0.0,0.2714,-32000.0,43000.0,BALANCED,-1.2141
2020-12-04,CWEB,CWEB,5000.0,583.6,0.0046,919000.0,5000.0,0.0,0.1491,-19000.0,22000.0,BALANCED,-2.2734
2020-12-07,CWEB,CWEB,-5000.0,591.0,0.0127,914000.0,0.0,-5000.0,-0.2141,-14000.0,13000.0,BALANCED,-17.3528
2020-12-08,CWEB,CWEB,-10000.0,609.6,0.0315,904000.0,0.0,-10000.0,-0.3815,-9000.0,-114000.0,BALANCED,-23.5382
2020-12-09,CWEB,CWEB,9000.0,590.09,-0.032,913000.0,9000.0,0.0,0.2911,7000.0,-103000.0,BALANCED,19.2776
2020-12-10,CWEB,CWEB,-1000.0,613.9,0.0403,912000.0,0.0,-1000.0,-0.0659,-2000.0,-104000.0,BALANCED,-13.6471
2020-12-11,CWEB,CWEB,1000.0,598.9,-0.0244,913000.0,1000.0,0.0,-0.0096,-6000.0,-54000.0,BALANCED,-8.2405
2020-12-14,CWEB,CWEB,0.0,591.6,-0.0122,913000.0,0.0,0.0,-0.0313,-1000.0,-51000.0,BALANCED,-10.7837
2020-12-15,CWEB,CWEB,-13000.0,588.7,-0.0049,900000.0,0.0,-13000.0,-0.4876,-4000.0,-96000.0,BALANCED,-24.1896
2020-12-16,CWEB,CWEB,8000.0,601.3,0.0214,908000.0,8000.0,0.0,0.2446,-5000.0,-105000.0,BALANCED,-1.8857
2020-12-17,CWEB,CWEB,8000.0,618.8,0.0291,916000.0,8000.0,0.0,0.2347,4000.0,-97000.0,BALANCED,19.8677
2020-12-18,CWEB,CWEB,5000.0,619.97,0.0019,921000.0,5000.0,0.0,0.1538,8000.0,-92000.0,BALANCED,19.8439
2020-12-21,CWEB,CWEB,-10000.0,608.7,-0.0182,911000.0,0.0,-10000.0,-0.3774,-2000.0,-47000.0,BALANCED,-21.4355
2020-12-22,CWEB,CWEB,-1000.0,586.8,-0.036,910000.0,0.0,-1000.0,0.1599,10000.0,-48000.0,BALANCED,9.9981
2020-12-23,CWEB,CWEB,16000.0,603.25,0.028,926000.0,16000.0,0.0,1.1414,18000.0,-20000.0,BALANCED,40.5347
2020-12-24,CWEB,CWEB,-11000.0,570.2,-0.0548,915000.0,0.0,-11000.0,-0.4571,-1000.0,-31000.0,BALANCED,-23.4277
2020-12-28,CWEB,CWEB,0.0,535.4,-0.061,915000.0,0.0,0.0,0.1212,-6000.0,-23000.0,BALANCED,-6.9711
2020-12-29,CWEB,CWEB,19000.0,576.35,0.0765,934000.0,19000.0,0.0,1.3518,23000.0,6000.0,BALANCED,45.7949
2020-12-30,CWEB,CWEB,17000.0,618.7,0.0735,951000.0,17000.0,0.0,1.3342,41000.0,38000.0,BALANCED,47.3556
2020-12-31,CWEB,CWEB,8000.0,607.8,-0.0176,959000.0,8000.0,0.0,0.7235,33000.0,53000.0,BALANCED,34.0874
2021-01-04,CWEB,CWEB,28000.0,603.0,-0.0079,987000.0,28000.0,0.0,1.9775,72000.0,73000.0,ACCUMULATION,67.4379
2021-01-05,CWEB,CWEB,45000.0,658.5,0.092,1032000.0,45000.0,0.0,2.636,117000.0,113000.0,ACCUMULATION,85.9011
2021-01-06,CWEB,CWEB,35000.0,619.2,-0.0597,1067000.0,35000.0,0.0,2.1751,133000.0,153000.0,ACCUMULATION,76.3768
2021-01-07,CWEB,CWEB,0.0,631.7,0.0202,1067000.0,0.0,0.0,-0.2519,116000.0,163000.0,BALANCED,3.7013
2021-01-08,CWEB,CWEB,0.0,697.9,0.1048,1067000.0,0.0,0.0,-0.2853,108000.0,154000.0,BALANCED,2.8669
2021-01-11,CWEB,CWEB,24000.0,650.8,-0.0675,1091000.0,24000.0,0.0,1.3153,104000.0,179000.0,BALANCED,44.8821
2021-01-12,CWEB,CWEB,-1000.0,653.6,0.0043,1090000.0,0.0,-1000.0,-0.4209,58000.0,177000.0,BALANCED,-2.5215
2021-01-13,CWEB,CWEB,0.0,661.4,0.0119,1090000.0,0.0,0.0,-0.3811,23000.0,177000.0,BALANCED,0.4715
2021-01-14,CWEB,CWEB,18000.0,676.65,0.0231,1108000.0,18000.0,0.0,0.833,41000.0,208000.0,BALANCED,32.8244
2021-01-15,CWEB,CWEB,-8000.0,665.8,-0.016,1100000.0,0.0,-8000.0,-1.0452,33000.0,192000.0,BALANCED,-18.1305
2021-01-19,CWEB,CWEB,0.0,734.8,0.1036,1100000.0,0.0,0.0,-0.4465,9000.0,184000.0,BALANCED,-1.1613
2021-01-20,CWEB,CWEB,35000.0,806.5,0.0976,1135000.0,35000.0,0.0,1.8727,45000.0,214000.0,ACCUMULATION,58.8173
2021-01-21,CWEB,CWEB,52000.0,806.9,0.0005,1187000.0,52000.0,0.0,2.5605,97000.0,276000.0,ACCUMULATION,78.0126
2021-01-22,CWEB,CWEB,51000.0,828.3,0.0265,1238000.0,51000.0,0.0,2.2135,130000.0,328000.0,ACCUMULATION,71.3366
2021-01-25,CWEB,CWEB,0.0,878.6,0.0607,1238000.0,0.0,0.0,-0.5978,138000.0,312000.0,BALANCED,-4.9447
2021-01-26,CWEB,CWEB,44000.0,847.6,-0.0353,1282000.0,44000.0,0.0,1.6708,182000.0,367000.0,ACCUMULATION,53.7712
2021-01-27,CWEB,CWEB,0.0,805.2,-0.05,1282000.0,0.0,0.0,-0.6483,147000.0,367000.0,BALANCED,-6.2064
2021-01-28,CWEB,CWEB,-2000.0,787.1,-0.0225,1280000.0,0.0,-2000.0,-0.7483,93000.0,346000.0,BALANCED,-10.7063
2021-01-29,CWEB,CWEB,-3000.0,763.6,-0.0299,1277000.0,0.0,-3000.0,-0.8347,39000.0,326000.0,BALANCED,-14.8684
2021-02-01,CWEB,CWEB,4000.0,833.1,0.091,1281000.0,4000.0,0.0,-0.4511,43000.0,322000.0,BALANCED,0.7235
2021-02-02,CWEB,CWEB,-21000.0,866.6,0.0402,1260000.0,0.0,-21000.0,-1.6515,-22000.0,273000.0,DISTRIBUTION,-53.2879
2021-02-03,CWEB,CWEB,0.0,889.0,0.0258,1260000.0,0.0,0.0,-0.5725,-22000.0,228000.0,BALANCED,-24.3136
2021-02-04,CWEB,CWEB,0.0,902.7,0.0154,1260000.0,0.0,0.0,-0.5982,-20000.0,193000.0,BALANCED,-24.9555
2021-02-05,CWEB,CWEB,-1000.0,924.6,0.0243,1259000.0,0.0,-1000.0,-0.6496,-18000.0,192000.0,BALANCED,-28.241
2021-02-08,CWEB,CWEB,39000.0,923.8,-0.0009,1298000.0,39000.0,0.0,1.3255,17000.0,231000.0,BALANCED,45.1371
2021-02-09,CWEB,CWEB,58000.0,964.7,0.0443,1356000.0,58000.0,0.0,2.041,96000.0,265000.0,ACCUMULATION,65.025
2021-02-10,CWEB,CWEB,-14000.0,1008.1,0.045,1342000.0,0.0,-14000.0,-1.3012,82000.0,252000.0,BALANCED,-24.5298
2021-02-11,CWEB,CWEB,146000.0,1056.0,0.0475,1488000.0,146000.0,0.0,3.9354,228000.0,398000.0,ACCUMULATION,100.0
2021-02-12,CWEB,CWEB,0.0,1055.2,-0.0008,1488000.0,0.0,0.0,-0.5494,229000.0,380000.0,BALANCED,-3.7349
2021-02-16,CWEB,CWEB,75000.0,1081.7,0.0251,1563000.0,75000.0,0.0,1.6072,265000.0,463000.0,ACCUMULATION,52.1796
2021-02-17,CWEB,CWEB,35000.0,1084.5,0.0026,1598000.0,35000.0,0.0,0.4277,242000.0,498000.0,BALANCED,24.6913
2021-02-18,CWEB,CWEB,-140000.0,1024.3,-0.0555,1458000.0,0.0,-140000.0,-3.4503,116000.0,323000.0,DISTRIBUTION,-78.2564
2021-02-19,CWEB,CWEB,-36000.0,1043.8,0.019,1422000.0,0.0,-36000.0,-1.053,-66000.0,235000.0,BALANCED,-40.3244
2021-02-22,CWEB,CWEB,0.0,934.0,-0.1052,1422000.0,0.0,0.0,-0.2605,-66000.0,184000.0,BALANCED,-16.5123
2021-02-23,CWEB,CWEB,-122000.0,921.9,-0.013,1300000.0,0.0,-122000.0,-2.5164,-263000.0,62000.0,DISTRIBUTION,-74.9101
2021-02-24,CWEB,CWEB,-126000.0,868.2,-0.0582,1174000.0,0.0,-126000.0,-2.2617,-424000.0,-108000.0,DISTRIBUTION,-70.5431
2021-02-25,CWEB,CWEB,0.0,820.0,-0.0555,1174000.0,0.0,0.0,-0.0492,-284000.0,-108000.0,BALANCED,-11.2296
2021-02-26,CWEB,CWEB,-104000.0,806.9,-0.016,1070000.0,0.0,-104000.0,-1.717,-352000.0,-210000.0,DISTRIBUTION,-54.9261
2021-03-01,CWEB,CWEB,37000.0,874.1,0.0833,1107000.0,37000.0,0.0,0.6123,-315000.0,-170000.0,BALANCED,7.3072
2021-03-02,CWEB,CWEB,-15000.0,838.3,-0.041,1092000.0,0.0,-15000.0,-0.2434,-208000.0,-189000.0,BALANCED,-18.0853
2021-03-03,CWEB,CWEB,-76000.0,794.3,-0.0525,1016000.0,0.0,-76000.0,-1.179,-158000.0,-244000.0,BALANCED,-43.4745
2021-03-04,CWEB,CWEB,-130000.0,716.0,-0.0986,886000.0,0.0,-130000.0,-1.849,-288000.0,-374000.0,DISTRIBUTION,-62.2248
2021-03-05,CWEB,CWEB,-38000.0,718.99,0.0042,848000.0,0.0,-38000.0,-0.4106,-222000.0,-412000.0,BALANCED,-28.2657
2021-03-08,CWEB,CWEB,14000.0,608.8,-0.1533,862000.0,14000.0,0.0,0.4136,-245000.0,-397000.0,BALANCED,2.3411
2021-03-09,CWEB,CWEB,6000.0,708.3,0.1634,868000.0,6000.0,0.0,0.2856,-224000.0,-430000.0,BALANCED,1.1397
2021-03-10,CWEB,CWEB,-94000.0,661.0,-0.0668,774000.0,0.0,-94000.0,-1.1864,-242000.0,-582000.0,BALANCED,-41.6598
2021-03-11,CWEB,CWEB,-42000.0,748.7,0.1327,732000.0,0.0,-42000.0,-0.3639,-154000.0,-610000.0,BALANCED,-23.0978
2021-03-12,CWEB,CWEB,0.0,695.2,-0.0715,732000.0,0.0,0.0,0.2808,-116000.0,-756000.0,BALANCED,-2.98
2021-03-15,CWEB,CWEB,38000.0,698.2,0.0043,770000.0,38000.0,0.0,0.8342,-92000.0,-718000.0,BALANCED,12.8554
2021-03-16,CWEB,CWEB,0.0,715.45,0.0247,770000.0,0.0,0.0,0.259,-98000.0,-793000.0,BALANCED,-3.5255
2021-03-17,CWEB,CWEB,70000.0,714.4,-0.0015,840000.0,70000.0,0.0,1.2416,66000.0,-758000.0,BALANCED,43.0409
2021-03-18,CWEB,CWEB,-6000.0,682.5,-0.0447,834000.0,0.0,-6000.0,0.1213,102000.0,-624000.0,BALANCED,11.0317
2021-03-19,CWEB,CWEB,37000.0,703.4,0.0306,871000.0,37000.0,0.0,0.7324,139000.0,-551000.0,BALANCED,30.3105
2021-03-22,CWEB,CWEB,7000.0,691.7,-0.0166,878000.0,7000.0,0.0,0.2885,108000.0,-544000.0,BALANCED,21.2124
2021-03-23,CWEB,CWEB,-28000.0,659.1,-0.0471,850000.0,0.0,-28000.0,-0.1932,80000.0,-450000.0,BALANCED,3.1697
2021-03-24,CWEB,CWEB,0.0,547.3,-0.1696,850000.0,0.0,0.0,0.2544,10000.0,-324000.0,BALANCED,16.3612
2021-03-25,CWEB,CWEB,-120000.0,542.3,-0.0091,730000.0,0.0,-120000.0,-1.4455,-104000.0,-444000.0,BALANCED,-48.1377
2021-03-26,CWEB,CWEB,-222000.0,552.9,0.0195,508000.0,0.0,-222000.0,-2.6673,-363000.0,-562000.0,DISTRIBUTION,-80.6823
2021-03-29,CWEB,CWEB,-43000.0,532.8,-0.0364,465000.0,0.0,-43000.0,-0.1258,-413000.0,-642000.0,BALANCED,-19.1456
2021-03-30,CWEB,CWEB,-58000.0,556.1,0.0437,407000.0,0.0,-58000.0,-0.2873,-443000.0,-685000.0,BALANCED,-25.1815
2021-03-31,CWEB,CWEB,-26000.0,562.3,0.0111,381000.0,0.0,-26000.0,0.2194,-469000.0,-635000.0,BALANCED,-14.5144
2021-04-01,CWEB,CWEB,0.0,595.5,0.059,381000.0,0.0,0.0,0.5606,-349000.0,-505000.0,BALANCED,4.0161
2021-04-05,CWEB,CWEB,-14000.0,585.4,-0.017,367000.0,0.0,-14000.0,0.3299,-141000.0,-481000.0,BALANCED,-3.7522
2021-04-06,CWEB,CWEB,63000.0,613.8,0.0485,430000.0,63000.0,0.0,1.448,-35000.0,-432000.0,BALANCED,28.2008
2021-04-07,CWEB,CWEB,0.0,566.6,-0.0769,430000.0,0.0,0.0,0.4502,23000.0,-438000.0,BALANCED,21.2552
2021-04-08,CWEB,CWEB,54000.0,579.4,0.0226,484000.0,54000.0,0.0,1.2137,103000.0,-290000.0,BALANCED,42.3419
2021-04-09,CWEB,CWEB,11000.0,555.1,-0.0419,495000.0,11000.0,0.0,0.5287,114000.0,-237000.0,BALANCED,27.218
2021-04-12,CWEB,CWEB,-2000.0,540.8,-0.0258,493000.0,0.0,-2000.0,0.2788,126000.0,-239000.0,BALANCED,14.9698
2021-04-13,CWEB,CWEB,0.0,542.1,0.0024,493000.0,0.0,0.0,0.3354,63000.0,-277000.0,BALANCED,18.3856
2021-04-14,CWEB,CWEB,3000.0,526.75,-0.0283,496000.0,3000.0,0.0,0.3739,66000.0,-274000.0,BALANCED,21.3468
2021-04-15,CWEB,CWEB,-2000.0,529.0,0.0043,494000.0,0.0,-2000.0,0.2554,10000.0,-346000.0,BALANCED,14.3841
2021-04-16,CWEB,CWEB,-12000.0,536.7,0.0146,482000.0,0.0,-12000.0,0.026,-13000.0,-352000.0,BALANCED,-13.3503
2021-04-19,CWEB,CWEB,11000.0,530.8,-0.011,493000.0,11000.0,0.0,0.4048,0.0,-378000.0,BALANCED,12.1199
2021-04-20,CWEB,CWEB,-42000.0,518.5,-0.0232,451000.0,0.0,-42000.0,-0.5013,-42000.0,-427000.0,BALANCED,-24.5334
2021-04-21,CWEB,CWEB,-39000.0,538.55,0.0387,412000.0,0.0,-39000.0,-0.4212,-84000.0,-438000.0,BALANCED,-24.53
2021-04-22,CWEB,CWEB,0.0,551.8,0.0246,412000.0,0.0,0.0,0.2212,-82000.0,-438000.0,BALANCED,-4.4707
2021-04-23,CWEB,CWEB,39000.0,580.5,0.052,451000.0,39000.0,0.0,0.879,-31000.0,-279000.0,BALANCED,13.9738
2021-04-26,CWEB,CWEB,32000.0,577.2,-0.0057,483000.0,32000.0,0.0,0.7258,-10000.0,-25000.0,BALANCED,12.1455
2021-04-27,CWEB,CWEB,28000.0,587.1,0.0172,511000.0,28000.0,0.0,0.6629,60000.0,46000.0,BALANCED,32.5716
2021-04-28,CWEB,CWEB,34000.0,591.9,0.0082,545000.0,34000.0,0.0,0.7438,133000.0,138000.0,BALANCED,36.595
2021-04-29,CWEB,CWEB,0.0,564.1,-0.047,545000.0,0.0,0.0,0.1825,133000.0,164000.0,BALANCED,14.5633
2021-04-30,CWEB,CWEB,0.0,541.3,-0.0404,545000.0,0.0,0.0,0.1787,94000.0,164000.0,BALANCED,14.4683
2021-05-03,CWEB,CWEB,3000.0,530.4,-0.0201,548000.0,3000.0,0.0,0.2586,65000.0,181000.0,BALANCED,18.4648
2021-05-04,CWEB,CWEB,0.0,512.3,-0.0341,548000.0,0.0,0.0,0.2069,37000.0,118000.0,BALANCED,15.1719
2021-05-05,CWEB,CWEB,-10000.0,503.8,-0.0166,538000.0,0.0,-10000.0,0.0075,-7000.0,108000.0,BALANCED,-11.8116
2021-05-06,CWEB,CWEB,22000.0,504.0,0.0004,560000.0,22000.0,0.0,0.5933,15000.0,76000.0,BALANCED,26.8323
2021-05-07,CWEB,CWEB,-17000.0,499.2,-0.0095,543000.0,0.0,-17000.0,-0.2189,-2000.0,48000.0,BALANCED,-17.473
2021-05-10,CWEB,CWEB,0.0,449.8,-0.099,543000.0,0.0,0.0,-0.0424,-5000.0,50000.0,BALANCED,-11.0593
2021-05-11,CWEB,CWEB,-34000.0,464.2,0.032,509000.0,0.0,-34000.0,-1.3097,-39000.0,16000.0,BALANCED,-44.7417
2021-05-12,CWEB,CWEB,-15000.0,450.0,-0.0306,494000.0,0.0,-15000.0,-0.7197,-44000.0,-2000.0,BALANCED,-31.9917
2021-05-13,CWEB,CWEB,-27000.0,418.2,-0.0707,467000.0,0.0,-27000.0,-1.1988,-93000.0,-27000.0,BALANCED,-45.9706
2021-05-14,CWEB,CWEB,-18000.0,445.7,0.0658,449000.0,0.0,-18000.0,-0.8042,-94000.0,-33000.0,BALANCED,-38.106
2021-05-17,CWEB,CWEB,-5000.0,453.0,0.0164,444000.0,0.0,-5000.0,-0.302,-99000.0,-49000.0,BALANCED,-27.5508
2021-05-18,CWEB,CWEB,-42000.0,467.8,0.0327,402000.0,0.0,-42000.0,-1.7393,-107000.0,-49000.0,DISTRIBUTION,-65.4813
2021-05-19,CWEB,CWEB,7000.0,470.1,0.0049,409000.0,7000.0,0.0,0.3255,-85000.0,-3000.0,BALANCED,0.1375
2021-05-20,CWEB,CWEB,0.0,485.9,0.0336,409000.0,0.0,0.0,0.1174,-58000.0,-3000.0,BALANCED,-7.0638
2021-05-21,CWEB,CWEB,-11000.0,467.15,-0.0386,398000.0,0.0,-11000.0,-0.3666,-51000.0,-53000.0,BALANCED,-21.166
2021-05-24,CWEB,CWEB,-14000.0,461.1,-0.013,384000.0,0.0,-14000.0,-0.4873,-60000.0,-99000.0,BALANCED,-26.1832
2021-05-25,CWEB,CWEB,18000.0,473.7,0.0273,402000.0,18000.0,0.0,0.9724,0.0,-109000.0,BALANCED,26.3112
2021-05-26,CWEB,CWEB,-12000.0,469.9,-0.008,390000.0,0.0,-12000.0,-0.3909,-19000.0,-155000.0,BALANCED,-21.773
2021-05-27,CWEB,CWEB,-9000.0,467.2,-0.0057,381000.0,0.0,-9000.0,-0.2414,-28000.0,-164000.0,BALANCED,-20.035
2021-05-28,CWEB,CWEB,-3000.0,470.99,0.0081,378000.0,0.0,-3000.0,0.0216,-20000.0,-167000.0,BALANCED,-15.4605
2021-06-01,CWEB,CWEB,38000.0,508.6,0.0799,416000.0,38000.0,0.0,1.781,32000.0,-132000.0,ACCUMULATION,56.5253
2021-06-02,CWEB,CWEB,0.0,493.3,-0.0301,416000.0,0.0,0.0,0.0542,14000.0,-132000.0,BALANCED,11.3549
2021-06-03,CWEB,CWEB,0.0,463.2,-0.061,416000.0,0.0,0.0,-0.0066,26000.0,-122000.0,BALANCED,9.8358
2021-06-04,CWEB,CWEB,-15000.0,469.3,0.0132,401000.0,0.0,-15000.0,-0.7141,20000.0,-159000.0,BALANCED,-9.8516
2021-06-07,CWEB,CWEB,0.0,450.3,-0.0405,401000.0,0.0,0.0,0.0873,23000.0,-142000.0,BALANCED,12.1816
2021-06-08,CWEB,CWEB,-12000.0,448.4,-0.0042,389000.0,0.0,-12000.0,-0.4902,-27000.0,-154000.0,BALANCED,-24.2553
2021-06-09,CWEB,CWEB,-5000.0,449.0,0.0013,384000.0,0.0,-5000.0,-0.0448,-32000.0,-125000.0,BALANCED,-15.1205
2021-06-10,CWEB,CWEB,7000.0,456.28,0.0162,391000.0,7000.0,0.0,0.7741,-25000.0,-103000.0,BALANCED,11.3514
2021-06-11,CWEB,CWEB,-14000.0,450.8,-0.012,377000.0,0.0,-14000.0,-0.5342,-24000.0,-90000.0,BALANCED,-25.3543
2021-06-14,CWEB,CWEB,-15000.0,457.2,0.0142,362000.0,0.0,-15000.0,-0.564,-39000.0,-87000.0,BALANCED,-28.1007
2021-06-15,CWEB,CWEB,-1000.0,439.5,-0.0387,361000.0,0.0,-1000.0,0.333,-28000.0,-83000.0,BALANCED,-7.6755
2021-06-16,CWEB,CWEB,10000.0,425.6,-0.0316,371000.0,10000.0,0.0,0.9964,-13000.0,-31000.0,BALANCED,16.9098
2021-06-17,CWEB,CWEB,-10000.0,434.6,0.0211,361000.0,0.0,-10000.0,-0.2569,-30000.0,-48000.0,BALANCED,-18.4233
2021-06-18,CWEB,CWEB,-1000.0,433.2,-0.0032,360000.0,0.0,-1000.0,0.3753,-17000.0,-49000.0,BALANCED,-4.6184
2021-06-21,CWEB,CWEB,-13000.0,424.8,-0.0194,347000.0,0.0,-13000.0,-0.4304,-15000.0,-51000.0,BALANCED,-26.7609
2021-06-22,CWEB,CWEB,10000.0,417.6,-0.0169,357000.0,10000.0,0.0,1.0601,-4000.0,-27000.0,BALANCED,18.5015
2021-06-23,CWEB,CWEB,18000.0,432.8,0.0364,375000.0,18000.0,0.0,1.5012,4000.0,-27000.0,ACCUMULATION,51.5295
2021-06-24,CWEB,CWEB,72000.0,454.4,0.0499,447000.0,72000.0,0.0,3.6196,86000.0,57000.0,ACCUMULATION,100.0
2021-06-25,CWEB,CWEB,27000.0,471.0,0.0365,474000.0,27000.0,0.0,1.313,114000.0,93000.0,BALANCED,50.8258
2021-06-28,CWEB,CWEB,0.0,469.6,-0.003,474000.0,0.0,0.0,-0.0415,127000.0,96000.0,BALANCED,8.9632
2021-06-29,CWEB,CWEB,7000.0,475.5,0.0126,481000.0,7000.0,0.0,0.287,124000.0,65000.0,BALANCED,19.1752
2021-06-30,CWEB,CWEB,50000.0,460.1,-0.0324,531000.0,50000.0,0.0,2.2528,156000.0,115000.0,ACCUMULATION,70.3192
2021-07-01,CWEB,CWEB,10000.0,440.0,-0.0437,541000.0,10000.0,0.0,0.2758,94000.0,125000.0,BALANCED,22.8941
2021-07-02,CWEB,CWEB,0.0,420.2,-0.045,541000.0,0.0,0.0,-0.2167,67000.0,140000.0,BALANCED,4.5832
2021-07-06,CWEB,CWEB,-11000.0,377.6,-0.1014,530000.0,0.0,-11000.0,-0.7583,56000.0,129000.0,BALANCED,-10.9587
2021-07-07,CWEB,CWEB,0.0,362.6,-0.0397,530000.0,0.0,0.0,-0.243,49000.0,141000.0,BALANCED,3.9254
2021-07-08,CWEB,CWEB,-81000.0,338.8,-0.0656,449000.0,0.0,-81000.0,-3.2684,-82000.0,65000.0,DISTRIBUTION,-93.7093
2021-07-09,CWEB,CWEB,-113000.0,367.3,0.0841,336000.0,0.0,-113000.0,-3.3952,-205000.0,-55000.0,DISTRIBUTION,-98.8794
2021-07-12,CWEB,CWEB,-35000.0,357.2,-0.0275,301000.0,0.0,-35000.0,-0.9713,-240000.0,-76000.0,BALANCED,-40.2823
2021-07-13,CWEB,CWEB,-12000.0,380.5,0.0652,289000.0,0.0,-12000.0,-0.271,-241000.0,-73000.0,BALANCED,-24.7751
2021-07-14,CWEB,CWEB,6000.0,376.5,-0.0105,295000.0,6000.0,0.0,0.3089,-235000.0,-66000.0,BALANCED,-0.2767
2021-07-15,CWEB,CWEB,83000.0,378.0,0.004,378000.0,83000.0,0.0,2.3304,-71000.0,7000.0,ACCUMULATION,52.2603
2021-07-16,CWEB,CWEB,15000.0,356.7,-0.0563,393000.0,15000.0,0.0,0.4346,57000.0,32000.0,BALANCED,26.8642
2021-07-19,CWEB,CWEB,13000.0,341.9,-0.0415,406000.0,13000.0,0.0,0.3539,105000.0,46000.0,BALANCED,26.8475
2021-07-20,CWEB,CWEB,9000.0,343.5,0.0047,415000.0,9000.0,0.0,0.2351,126000.0,68000.0,BALANCED,25.8772
2021-07-21,CWEB,CWEB,-26000.0,346.2,0.0079,389000.0,0.0,-26000.0,-0.7113,94000.0,32000.0,BALANCED,-9.7823
2021-07-22,CWEB,CWEB,-14000.0,343.2,-0.0087,375000.0,0.0,-14000.0,-0.374,-3000.0,0.0,BALANCED,-23.3496
2021-07-23,CWEB,CWEB,-96000.0,283.3,-0.1745,279000.0,0.0,-96000.0,-2.2758,-114000.0,-168000.0,DISTRIBUTION,-72.8946
2021-07-26,CWEB,CWEB,-417000.0,229.7,-0.1892,-138000.0,0.0,-417000.0,-4.6661,-544000.0,-612000.0,DISTRIBUTION,-100.0
2021-07-27,CWEB,CWEB,-543000.0,207.3,-0.0975,-681000.0,0.0,-543000.0,-3.9498,-1096000.0,-1155000.0,DISTRIBUTION,-100.0
2021-07-28,CWEB,CWEB,-350000.0,248.8,0.2002,-1031000.0,0.0,-350000.0,-2.1574,-1420000.0,-1512000.0,DISTRIBUTION,-75.9345
2021-07-29,CWEB,CWEB,-484000.0,242.7,-0.0245,-1515000.0,0.0,-484000.0,-2.6109,-1890000.0,-2046000.0,DISTRIBUTION,-89.2727
2021-07-30,CWEB,CWEB,-56000.0,230.5,-0.0503,-1571000.0,0.0,-56000.0,0.0522,-1850000.0,-2112000.0,BALANCED,-24.6956
2021-08-02,CWEB,CWEB,0.0,241.0,0.0456,-1571000.0,0.0,0.0,0.3998,-1433000.0,-2112000.0,BALANCED,-0.0058
2021-08-03,CWEB,CWEB,0.0,222.1,-0.0784,-1571000.0,0.0,0.0,0.3967,-890000.0,-2101000.0,BALANCED,-0.083
2021-08-04,CWEB,CWEB,-97000.0,229.5,0.0333,-1668000.0,0.0,-97000.0,-0.1836,-637000.0,-2198000.0,BALANCED,-16.5904
2021-08-05,CWEB,CWEB,-25000.0,219.1,-0.0453,-1693000.0,0.0,-25000.0,0.2745,-178000.0,-2142000.0,BALANCED,-7.1381
2021-08-06,CWEB,CWEB,-87000.0,213.9,-0.0237,-1780000.0,0.0,-87000.0,-0.0809,-209000.0,-2116000.0,BALANCED,-18.0219
2021-08-09,CWEB,CWEB,-177000.0,230.1,0.0757,-1957000.0,0.0,-177000.0,-0.6084,-386000.0,-2258000.0,BALANCED,-33.2101
2021-08-10,CWEB,CWEB,98000.0,233.3,0.0139,-1859000.0,98000.0,0.0,1.0954,-288000.0,-2148000.0,BALANCED,19.3845
2021-08-11,CWEB,CWEB,34000.0,231.9,-0.006,-1825000.0,34000.0,0.0,0.6885,-157000.0,-2120000.0,BALANCED,11.2123
2021-08-12,CWEB,CWEB,-118000.0,218.2,-0.0591,-1943000.0,0.0,-118000.0,-0.223,-250000.0,-2321000.0,BALANCED,-17.5738
2021-08-13,CWEB,CWEB,75000.0,208.8,-0.0431,-1868000.0,75000.0,0.0,0.9639,-88000.0,-2261000.0,BALANCED,16.0984
2021-08-16,CWEB,CWEB,0.0,192.3,-0.079,-1868000.0,0.0,0.0,0.4984,89000.0,-2274000.0,BALANCED,22.4604
2021-08-17,CWEB,CWEB,0.0,180.5,-0.0614,-1868000.0,0.0,0.0,0.4956,-9000.0,-2283000.0,BALANCED,2.39
2021-08-18,CWEB,CWEB,0.0,187.1,0.0366,-1868000.0,0.0,0.0,0.4956,-43000.0,-2257000.0,BALANCED,2.39
2021-08-19,CWEB,CWEB,-320000.0,171.6,-0.0828,-2188000.0,0.0,-320000.0,-1.3887,-245000.0,-2563000.0,BALANCED,-46.7171
2021-08-20,CWEB,CWEB,0.0,173.2,0.0093,-2188000.0,0.0,0.0,0.5013,-320000.0,-2467000.0,BALANCED,2.533
2021-08-23,CWEB,CWEB,40000.0,184.4,0.0647,-2148000.0,40000.0,0.0,0.7192,-280000.0,-2010000.0,BALANCED,9.9788
2021-08-24,CWEB,CWEB,634000.0,224.5,0.2175,-1514000.0,634000.0,0.0,3.2497,354000.0,-833000.0,ACCUMULATION,95.2435
2021-08-25,CWEB,CWEB,80000.0,216.8,-0.0343,-1434000.0,80000.0,0.0,0.6408,434000.0,-403000.0,BALANCED,32.0188
2021-08-26,CWEB,CWEB,173000.0,210.6,-0.0286,-1261000.0,173000.0,0.0,1.0469,927000.0,254000.0,BALANCED,44.1715
2021-08-27,CWEB,CWEB,172000.0,205.8,-0.0228,-1089000.0,172000.0,0.0,1.0016,1099000.0,482000.0,BALANCED,45.041
2021-08-30,CWEB,CWEB,319000.0,211.7,0.0287,-770000.0,319000.0,0.0,1.5516,1378000.0,801000.0,ACCUMULATION,60.79
2021-08-31,CWEB,CWEB,159000.0,229.1,0.0822,-611000.0,159000.0,0.0,0.8272,903000.0,960000.0,BALANCED,44.6811
2021-09-01,CWEB,CWEB,448000.0,251.5,0.0978,-163000.0,448000.0,0.0,1.8686,1271000.0,1505000.0,ACCUMULATION,72.7143
2021-09-02,CWEB,CWEB,142000.0,245.6,-0.0235,-21000.0,142000.0,0.0,0.6175,1240000.0,1672000.0,BALANCED,43.4387
2021-09-03,CWEB,CWEB,0.0,243.6,-0.0081,-21000.0,0.0,0.0,0.0399,1068000.0,1759000.0,BALANCED,10.9967
2021-09-07,CWEB,CWEB,372000.0,263.5,0.0817,351000.0,372000.0,0.0,1.434,1121000.0,2308000.0,BALANCED,47.8512
2021-09-08,CWEB,CWEB,219000.0,245.5,-0.0683,570000.0,219000.0,0.0,0.7814,1181000.0,2429000.0,BALANCED,33.5346
2021-09-09,CWEB,CWEB,-95000.0,241.6,-0.0159,475000.0,0.0,-95000.0,-0.6714,638000.0,2300000.0,BALANCED,-8.786
2021-09-10,CWEB,CWEB,11000.0,235.2,-0.0265,486000.0,11000.0,0.0,-0.2908,507000.0,2429000.0,BALANCED,4.7308
2021-09-13,CWEB,CWEB,0.0,226.6,-0.0366,486000.0,0.0,0.0,-0.3598,507000.0,2354000.0,BALANCED,1.0062
2021-09-14,CWEB,CWEB,-300000.0,212.9,-0.0605,186000.0,0.0,-300000.0,-1.7764,-165000.0,2054000.0,DISTRIBUTION,-56.4091
2021-09-15,CWEB,CWEB,-224000.0,206.1,-0.0319,-38000.0,0.0,-224000.0,-1.3217,-608000.0,1830000.0,BALANCED,-47.0426
2021-09-16,CWEB,CWEB,0.0,205.3,-0.0039,-38000.0,0.0,0.0,-0.2631,-513000.0,1830000.0,BALANCED,-16.5776
2021-09-17,CWEB,CWEB,-75000.0,209.5,0.0205,-113000.0,0.0,-75000.0,-0.6156,-599000.0,2075000.0,BALANCED,-27.3912
2021-09-20,CWEB,CWEB,0.0,186.9,-0.1079,-113000.0,0.0,0.0,-0.2698,-599000.0,2075000.0,BALANCED,-16.7451
2021-09-21,CWEB,CWEB,6000.0,192.9,0.0321,-107000.0,6000.0,0.0,-0.2763,-293000.0,2041000.0,BALANCED,-14.9069
2021-09-22,CWEB,CWEB,34000.0,204.1,0.0581,-73000.0,34000.0,0.0,-0.1268,-35000.0,1441000.0,BALANCED,-9.169
2021-09-23,CWEB,CWEB,-0.0,205.1,0.0049,-73000.0,-0.0,-0.0,-0.2896,-35000.0,1361000.0,BALANCED,-17.2394
2021-09-24,CWEB,CWEB,-22000.0,191.5,-0.0663,-95000.0,0.0,-22000.0,-0.419,18000.0,1166000.0,BALANCED,-2.4747
2021-09-27,CWEB,CWEB,-142000.0,200.7,0.048,-237000.0,0.0,-142000.0,-0.9677,-124000.0,852000.0,BALANCED,-38.1914
2021-09-28,CWEB,CWEB,127000.0,191.2,-0.0473,-110000.0,127000.0,0.0,0.3368,-3000.0,660000.0,BALANCED,0.4203
2021-09-29,CWEB,CWEB,-151000.0,184.7,-0.034,-261000.0,0.0,-151000.0,-0.991,-188000.0,350000.0,BALANCED,-36.7746
2021-09-30,CWEB,CWEB,140000.0,194.2,0.0514,-121000.0,140000.0,0.0,0.3955,-48000.0,42000.0,BALANCED,1.8868
2021-10-01,CWEB,CWEB,0.0,186.2,-0.0412,-121000.0,0.0,0.0,-0.3543,-26000.0,-100000.0,BALANCED,-18.8579
2021-10-04,CWEB,CWEB,100000.0,174.1,-0.065,-21000.0,100000.0,0.0,0.1431,216000.0,0.0,BALANCED,15.5764
2021-10-05,CWEB,CWEB,-44000.0,183.0,0.0511,-65000.0,0.0,-44000.0,-0.5812,45000.0,-416000.0,BALANCED,-6.5294
2021-10-06,CWEB,CWEB,39000.0,182.8,-0.0011,-26000.0,39000.0,0.0,-0.0648,235000.0,-596000.0,BALANCED,10.3791
2021-10-07,CWEB,CWEB,0.0,208.3,0.1395,-26000.0,0.0,0.0,-0.2868,95000.0,-501000.0,BALANCED,2.8293
2021-10-08,CWEB,CWEB,-133000.0,216.0,0.037,-159000.0,0.0,-133000.0,-1.0285,-38000.0,-645000.0,BALANCED,-37.7123
2021-10-11,CWEB,CWEB,436000.0,214.9,-0.0051,277000.0,436000.0,0.0,2.1821,298000.0,-209000.0,ACCUMULATION,66.5513
2021-10-12,CWEB,CWEB,204000.0,208.6,-0.0293,481000.0,204000.0,0.0,0.9325,546000.0,295000.0,BALANCED,37.3124
2021-10-13,CWEB,CWEB,306000.0,222.9,0.0686,787000.0,306000.0,0.0,1.4455,813000.0,825000.0,BALANCED,52.138
2021-10-14,CWEB,CWEB,21000.0,215.5,-0.0332,808000.0,21000.0,0.0,-0.0699,834000.0,846000.0,BALANCED,16.2531
2021-10-15,CWEB,CWEB,54000.0,217.7,0.0102,862000.0,54000.0,0.0,0.1522,1021000.0,975000.0,BALANCED,23.8051
2021-10-18,CWEB,CWEB,268000.0,221.5,0.0175,1130000.0,268000.0,0.0,1.3747,853000.0,1243000.0,BALANCED,56.3678
2021-10-19,CWEB,CWEB,21000.0,239.9,0.0831,1151000.0,21000.0,0.0,-0.0366,670000.0,1258000.0,BALANCED,23.0843
2021-10-20,CWEB,CWEB,481000.0,244.3,0.0183,1632000.0,481000.0,0.0,2.5858,845000.0,1705000.0,ACCUMULATION,90.6446
2021-10-21,CWEB,CWEB,135000.0,243.6,-0.0029,1767000.0,135000.0,0.0,0.5362,959000.0,1840000.0,BALANCED,41.4061
2021-10-22,CWEB,CWEB,0.0,238.7,-0.0201,1767000.0,0.0,0.0,-0.2489,905000.0,1862000.0,BALANCED,3.7763
2021-10-25,CWEB,CWEB,13000.0,239.3,0.0025,1780000.0,13000.0,0.0,-0.1758,650000.0,2017000.0,BALANCED,7.6055
2021-10-26,CWEB,CWEB,0.0,213.4,-0.1082,1780000.0,0.0,0.0,-0.3341,629000.0,1890000.0,BALANCED,1.6468
2021-10-27,CWEB,CWEB,130000.0,210.8,-0.0122,1910000.0,130000.0,0.0,0.4319,278000.0,2171000.0,BALANCED,22.7968
2021-10-28,CWEB,CWEB,-135000.0,209.8,-0.0047,1775000.0,0.0,-135000.0,-1.2639,8000.0,1896000.0,BALANCED,-23.5964
2021-10-29,CWEB,CWEB,-200000.0,194.4,-0.0734,1575000.0,0.0,-200000.0,-1.6017,-192000.0,1696000.0,DISTRIBUTION,-54.042
2021-11-01,CWEB,CWEB,-269000.0,214.8,0.1049,1306000.0,0.0,-269000.0,-1.8556,-474000.0,1327000.0,DISTRIBUTION,-62.3901
2021-11-02,CWEB,CWEB,78000.0,198.9,-0.074,1384000.0,78000.0,0.0,0.1661,-396000.0,1449000.0,BALANCED,-3.8471
2021-11-03,CWEB,CWEB,-90000.0,204.0,0.0256,1294000.0,0.0,-90000.0,-0.787,-616000.0,1320000.0,BALANCED,-31.6759
2021-11-04,CWEB,CWEB,112000.0,194.1,-0.0485,1406000.0,112000.0,0.0,0.3636,-369000.0,1432000.0,BALANCED,1.09
2021-11-05,CWEB,CWEB,187000.0,186.3,-0.0402,1593000.0,187000.0,0.0,0.7527,18000.0,1752000.0,BALANCED,32.8182
2021-11-08,CWEB,CWEB,106000.0,195.1,0.0472,1699000.0,106000.0,0.0,0.2442,393000.0,1422000.0,BALANCED,22.1061
2021-11-09,CWEB,CWEB,53000.0,194.0,-0.0056,1752000.0,53000.0,0.0,-0.0535,368000.0,1271000.0,BALANCED,16.6617
2021-11-10,CWEB,CWEB,72000.0,202.7,0.0448,1824000.0,72000.0,0.0,0.0152,530000.0,1037000.0,BALANCED,20.3799
2021-11-11,CWEB,CWEB,-94000.0,223.8,0.1041,1730000.0,0.0,-94000.0,-0.9346,324000.0,922000.0,BALANCED,-15.3643
2021-11-12,CWEB,CWEB,268000.0,227.6,0.017,1998000.0,268000.0,0.0,1.1588,405000.0,1136000.0,BALANCED,40.9698
2021-11-15,CWEB,CWEB,110000.0,220.9,-0.0294,2108000.0,110000.0,0.0,0.2291,409000.0,978000.0,BALANCED,19.727
2021-11-16,CWEB,CWEB,185000.0,226.2,0.024,2293000.0,185000.0,0.0,0.6252,541000.0,1142000.0,BALANCED,31.6294
2021-11-17,CWEB,CWEB,318000.0,212.0,-0.0628,2611000.0,318000.0,0.0,1.3112,787000.0,979000.0,BALANCED,50.779
2021-11-18,CWEB,CWEB,-106000.0,197.8,-0.067,2505000.0,0.0,-106000.0,-1.0673,775000.0,738000.0,BALANCED,-18.6817
2021-11-19,CWEB,CWEB,-226000.0,197.8,0.0,2279000.0,0.0,-226000.0,-1.6788,281000.0,512000.0,DISTRIBUTION,-35.9709
2021-11-22,CWEB,CWEB,-404000.0,186.5,-0.0571,1875000.0,0.0,-404000.0,-2.3945,-233000.0,95000.0,DISTRIBUTION,-75.8627
2021-11-23,CWEB,CWEB,0.0,183.3,-0.0172,1875000.0,0.0,0.0,-0.2458,-418000.0,95000.0,BALANCED,-16.1453
2021-11-24,CWEB,CWEB,-167000.0,190.0,0.0366,1708000.0,0.0,-167000.0,-1.0609,-903000.0,-202000.0,BALANCED,-38.523
2021-11-26,CWEB,CWEB,-414000.0,174.1,-0.0837,1294000.0,0.0,-414000.0,-2.1163,-1211000.0,-481000.0,DISTRIBUTION,-66.9065
2021-11-29,CWEB,CWEB,-117000.0,169.5,-0.0264,1177000.0,0.0,-117000.0,-0.6232,-1102000.0,-398000.0,BALANCED,-31.5807
2021-11-30,CWEB,CWEB,0.0,162.7,-0.0401,1177000.0,0.0,0.0,-0.0079,-698000.0,-129000.0,BALANCED,-10.1971
2021-12-01,CWEB,CWEB,0.0,157.8,-0.0301,1177000.0,0.0,0.0,-0.0044,-698000.0,-207000.0,BALANCED,-10.1091
2021-12-02,CWEB,CWEB,0.0,153.6,-0.0266,1177000.0,0.0,0.0,0.0858,-531000.0,-117000.0,BALANCED,-7.8554
2021-12-03,CWEB,CWEB,-715000.0,132.3,-0.1387,462000.0,0.0,-715000.0,-3.1127,-832000.0,-944000.0,DISTRIBUTION,-89.817
2021-12-06,CWEB,CWEB,-506000.0,142.1,0.0741,-44000.0,0.0,-506000.0,-1.9256,-1221000.0,-1637000.0,DISTRIBUTION,-62.1408
2021-12-07,CWEB,CWEB,127000.0,154.8,0.0894,83000.0,127000.0,0.0,0.7858,-1094000.0,-1616000.0,BALANCED,11.6459
2021-12-08,CWEB,CWEB,63000.0,155.7,0.0058,146000.0,63000.0,0.0,0.5011,-1031000.0,-1606000.0,BALANCED,6.5283
2021-12-09,CWEB,CWEB,52000.0,151.3,-0.0283,198000.0,52000.0,0.0,0.4687,-979000.0,-1626000.0,BALANCED,7.7169
2021-12-10,CWEB,CWEB,360000.0,154.6,0.0218,558000.0,360000.0,0.0,1.6399,96000.0,-1172000.0,ACCUMULATION,58.9984
2021-12-13,CWEB,CWEB,73000.0,144.5,-0.0653,631000.0,73000.0,0.0,0.4296,675000.0,-1367000.0,BALANCED,30.7389
2021-12-14,CWEB,CWEB,-65000.0,142.6,-0.0131,566000.0,0.0,-65000.0,-0.1687,483000.0,-1542000.0,BALANCED,3.7836
2021-12-15,CWEB,CWEB,-261000.0,134.7,-0.0554,305000.0,0.0,-261000.0,-0.9294,159000.0,-1988000.0,BALANCED,-17.2361
2021-12-16,CWEB,CWEB,-247000.0,129.7,-0.0371,58000.0,0.0,-247000.0,-0.84,-140000.0,-2553000.0,BALANCED,-36.9997
2021-12-17,CWEB,CWEB,38000.0,129.4,-0.0023,96000.0,38000.0,0.0,0.335,-462000.0,-2409000.0,BALANCED,0.3751
2021-12-20,CWEB,CWEB,0.0,115.1,-0.1105,96000.0,0.0,0.0,0.2079,-535000.0,-2183000.0,BALANCED,-4.8029
2021-12-21,CWEB,CWEB,0.0,131.2,0.1399,96000.0,0.0,0.0,0.2241,-470000.0,-1779000.0,BALANCED,-4.3976
2021-12-22,CWEB,CWEB,-81000.0,126.3,-0.0373,15000.0,0.0,-81000.0,-0.0972,-290000.0,-1860000.0,BALANCED,-14.4302
2021-12-23,CWEB,CWEB,-402000.0,123.9,-0.019,-387000.0,0.0,-402000.0,-1.3435,-445000.0,-2095000.0,BALANCED,-47.588
2021-12-27,CWEB,CWEB,0.0,122.3,-0.0129,-387000.0,0.0,0.0,0.2884,-483000.0,-1681000.0,BALANCED,-2.7902
2021-12-28,CWEB,CWEB,-161000.0,117.9,-0.036,-548000.0,0.0,-161000.0,-0.3217,-644000.0,-1725000.0,BALANCED,-20.0437
2021-12-29,CWEB,CWEB,-53000.0,109.7,-0.0696,-601000.0,0.0,-53000.0,0.1595,-697000.0,-1778000.0,BALANCED,-10.0124
2021-12-30,CWEB,CWEB,0.0,129.2,0.1778,-601000.0,0.0,0.0,0.4218,-616000.0,-1778000.0,BALANCED,0.544
2021-12-31,CWEB,CWEB,-95000.0,125.5,-0.0286,-696000.0,0.0,-95000.0,0.0709,-309000.0,-1873000.0,BALANCED,-10.2281
2022-01-03,CWEB,CWEB,-33000.0,123.5,-0.0159,-729000.0,0.0,-33000.0,0.3473,-342000.0,-1191000.0,BALANCED,-5.3182
2022-01-04,CWEB,CWEB,0.0,112.5,-0.0891,-729000.0,0.0,0.0,0.4662,-181000.0,-685000.0,BALANCED,1.6552
2022-01-05,CWEB,CWEB,254000.0,106.2,-0.056,-475000.0,254000.0,0.0,1.5345,126000.0,-558000.0,ACCUMULATION,50.3628
2022-01-06,CWEB,CWEB,0.0,115.6,0.0885,-475000.0,0.0,0.0,0.3617,126000.0,-621000.0,BALANCED,19.0424
2022-01-07,CWEB,CWEB,-185000.0,121.7,0.0528,-660000.0,0.0,-185000.0,-0.4891,36000.0,-858000.0,BALANCED,-4.228
2022-01-10,CWEB,CWEB,-160000.0,123.9,0.0181,-820000.0,0.0,-160000.0,-0.4302,-91000.0,-1378000.0,BALANCED,-24.756
2022-01-11,CWEB,CWEB,116000.0,136.6,0.1025,-704000.0,116000.0,0.0,0.8484,25000.0,-1335000.0,BALANCED,33.2096
2022-01-12,CWEB,CWEB,692000.0,140.7,0.03,-12000.0,692000.0,0.0,2.9075,463000.0,-578000.0,ACCUMULATION,86.6869
2022-01-13,CWEB,CWEB,0.0,124.2,-0.1173,-12000.0,0.0,0.0,0.1575,463000.0,-317000.0,BALANCED,13.9375
2022-01-14,CWEB,CWEB,225000.0,128.0,0.0306,213000.0,225000.0,0.0,1.0037,873000.0,155000.0,BALANCED,37.0937
2022-01-18,CWEB,CWEB,-84000.0,122.6,-0.0422,129000.0,0.0,-84000.0,-0.3287,949000.0,33000.0,BALANCED,-0.2181
2022-01-19,CWEB,CWEB,-267000.0,125.1,0.0204,-138000.0,0.0,-267000.0,-1.2736,566000.0,-234000.0,BALANCED,-25.8391
2022-01-20,CWEB,CWEB,341000.0,136.0,0.0871,203000.0,341000.0,0.0,1.5649,215000.0,107000.0,ACCUMULATION,51.1231
2022-01-21,CWEB,CWEB,386000.0,125.3,-0.0787,589000.0,386000.0,0.0,1.6412,601000.0,574000.0,ACCUMULATION,55.0296
2022-01-24,CWEB,CWEB,-558000.0,120.8,-0.0359,31000.0,0.0,-558000.0,-2.2186,-182000.0,418000.0,DISTRIBUTION,-67.4644
2022-01-25,CWEB,CWEB,-104000.0,119.0,-0.0149,-73000.0,0.0,-104000.0,-0.3461,-202000.0,314000.0,BALANCED,-22.6513
2022-01-26,CWEB,CWEB,-169000.0,111.4,-0.0639,-242000.0,0.0,-169000.0,-0.5816,-104000.0,306000.0,BALANCED,-30.5396
2022-01-27,CWEB,CWEB,-614000.0,104.3,-0.0637,-856000.0,0.0,-614000.0,-2.1528,-1059000.0,-255000.0,DISTRIBUTION,-71.8201
2022-01-28,CWEB,CWEB,-249000.0,106.8,0.024,-1105000.0,0.0,-249000.0,-0.7685,-1694000.0,-504000.0,BALANCED,-39.2114
2022-01-31,CWEB,CWEB,594000.0,127.7,0.1957,-511000.0,594000.0,0.0,2.1528,-542000.0,185000.0,ACCUMULATION,45.8191
2022-02-01,CWEB,CWEB,158000.0,129.4,0.0133,-353000.0,158000.0,0.0,0.6039,-280000.0,376000.0,BALANCED,9.0983
2022-02-02,CWEB,CWEB,96000.0,122.2,-0.0556,-257000.0,96000.0,0.0,0.3754,-15000.0,472000.0,BALANCED,5.3838
2022-02-03,CWEB,CWEB,147000.0,117.3,-0.0401,-110000.0,147000.0,0.0,0.5332,746000.0,365000.0,BALANCED,31.3302
2022-02-04,CWEB,CWEB,249000.0,121.1,0.0324,139000.0,249000.0,0.0,0.8388,1244000.0,614000.0,BALANCED,40.9708
2022-02-07,CWEB,CWEB,-154000.0,115.6,-0.0454,-15000.0,0.0,-154000.0,-0.5871,496000.0,645000.0,BALANCED,-6.6787
2022-02-08,CWEB,CWEB,56000.0,124.4,0.0761,41000.0,56000.0,0.0,0.1472,394000.0,861000.0,BALANCED,15.6801
2022-02-09,CWEB,CWEB,-15000.0,134.3,0.0796,26000.0,0.0,-15000.0,-0.1212,283000.0,730000.0,BALANCED,4.9701
2022-02-10,CWEB,CWEB,257000.0,129.9,-0.0328,283000.0,257000.0,0.0,0.7996,393000.0,295000.0,BALANCED,31.989
2022-02-11,CWEB,CWEB,-14000.0,120.9,-0.0693,269000.0,0.0,-14000.0,-0.1511,130000.0,281000.0,BALANCED,4.2232
2022-02-14,CWEB,CWEB,-85000.0,119.4,-0.0124,184000.0,0.0,-85000.0,-0.4019,199000.0,-29000.0,BALANCED,-4.0472
2022-02-15,CWEB,CWEB,77000.0,129.3,0.0829,261000.0,77000.0,0.0,0.1547,220000.0,132000.0,BALANCED,15.8682
2022-02-16,CWEB,CWEB,-79000.0,129.9,0.0046,182000.0,0.0,-79000.0,-0.3837,156000.0,320000.0,BALANCED,-1.5919
2022-02-17,CWEB,CWEB,-32000.0,127.3,-0.02,150000.0,0.0,-32000.0,-0.1873,-133000.0,-53000.0,BALANCED,-18.6825
2022-02-18,CWEB,CWEB,-169000.0,114.7,-0.099,-19000.0,0.0,-169000.0,-0.6482,-288000.0,-608000.0,BALANCED,-32.204
2022-02-22,CWEB,CWEB,-373000.0,104.9,-0.0854,-392000.0,0.0,-373000.0,-1.3136,-576000.0,-423000.0,BALANCED,-50.8401
2022-02-23,CWEB,CWEB,-204000.0,102.0,-0.0276,-596000.0,0.0,-204000.0,-0.7248,-857000.0,-523000.0,BALANCED,-38.121
2022-02-24,CWEB,CWEB,0.0,104.0,0.0196,-596000.0,0.0,0.0,-0.0124,-778000.0,-354000.0,BALANCED,-10.3093
2022-02-25,CWEB,CWEB,-261000.0,104.5,0.0048,-857000.0,0.0,-261000.0,-0.8818,-1007000.0,-1000.0,BALANCED,-34.0443
2022-02-28,CWEB,CWEB,0.0,100.8,-0.0354,-857000.0,0.0,0.0,0.1067,-838000.0,248000.0,BALANCED,-7.3332
2022-03-01,CWEB,CWEB,153000.0,101.4,0.006,-704000.0,153000.0,0.0,0.7007,-312000.0,-193000.0,BALANCED,9.5165
2022-03-02,CWEB,CWEB,-69000.0,97.5,-0.0385,-773000.0,0.0,-69000.0,-0.1487,-177000.0,-420000.0,BALANCED,-15.7164
2022-03-03,CWEB,CWEB,0.0,88.2,-0.0954,-773000.0,0.0,0.0,0.082,-177000.0,-516000.0,BALANCED,-7.9496
2022-03-04,CWEB,CWEB,-305000.0,79.4,-0.0998,-1078000.0,0.0,-305000.0,-1.0338,-221000.0,-968000.0,BALANCED,-37.8442
2022-03-07,CWEB,CWEB,-413000.0,71.1,-0.1045,-1491000.0,0.0,-413000.0,-1.3798,-634000.0,-1630000.0,BALANCED,-48.4946
2022-03-08,CWEB,CWEB,-353000.0,70.3,-0.0113,-1844000.0,0.0,-353000.0,-1.2218,-1140000.0,-1829000.0,BALANCED,-46.5456
2022-03-09,CWEB,CWEB,-228000.0,77.3,0.0996,-2072000.0,0.0,-228000.0,-0.6735,-1299000.0,-2113000.0,BALANCED,-34.8387
2022-03-10,CWEB,CWEB,0.0,62.9,-0.1863,-2072000.0,0.0,0.0,0.2552,-1299000.0,-2098000.0,BALANCED,-3.6212
2022-03-11,CWEB,CWEB,0.0,50.3,-0.2003,-2072000.0,0.0,0.0,0.1884,-994000.0,-2355000.0,BALANCED,-5.2909
2022-03-14,CWEB,CWEB,-692000.0,38.7,-0.2306,-2764000.0,0.0,-692000.0,-2.6165,-1273000.0,-3033000.0,DISTRIBUTION,-77.4115
2022-03-15,CWEB,CWEB,0.0,41.7,0.0775,-2764000.0,0.0,0.0,0.3565,-920000.0,-2948000.0,BALANCED,-1.0876
2022-03-16,CWEB,CWEB,3205000.0,75.2,0.8034,441000.0,3205000.0,0.0,5.008,2513000.0,180000.0,ACCUMULATION,100.0
2022-03-17,CWEB,CWEB,0.0,63.0,-0.1622,441000.0,0.0,0.0,-0.0367,2513000.0,259000.0,BALANCED,9.0834
2022-03-18,CWEB,CWEB,2747000.0,73.5,0.1667,3188000.0,2747000.0,0.0,3.2704,5260000.0,3038000.0,ACCUMULATION,93.7593
2022-03-21,CWEB,CWEB,0.0,64.3,-0.1252,3188000.0,0.0,0.0,-0.1261,5952000.0,3207000.0,BALANCED,6.8482
2022-03-22,CWEB,CWEB,1796000.0,74.0,0.1509,4984000.0,1796000.0,0.0,1.8912,7748000.0,5376000.0,ACCUMULATION,59.2806
2022-03-23,CWEB,CWEB,997000.0,74.7,0.0095,5981000.0,997000.0,0.0,0.9138,5540000.0,6577000.0,BALANCED,36.844
2022-03-24,CWEB,CWEB,662000.0,70.6,-0.0549,6643000.0,662000.0,0.0,0.5031,6202000.0,7239000.0,BALANCED,28.5771
2022-03-25,CWEB,CWEB,-749000.0,64.9,-0.0807,5894000.0,0.0,-749000.0,-1.0458,2706000.0,6751000.0,BALANCED,-18.1445
2022-03-28,CWEB,CWEB,-35000.0,67.9,0.0462,5859000.0,0.0,-35000.0,-0.2472,2671000.0,6716000.0,BALANCED,-0.1809
2022-03-29,CWEB,CWEB,-120000.0,74.2,0.0928,5739000.0,0.0,-120000.0,-0.3407,755000.0,6443000.0,BALANCED,-4.5183
2022-03-30,CWEB,CWEB,0.0,70.2,-0.0539,5739000.0,0.0,0.0,-0.2038,-242000.0,6512000.0,BALANCED,-15.0946
2022-03-31,CWEB,CWEB,-611000.0,61.9,-0.1182,5128000.0,0.0,-611000.0,-0.8558,-1515000.0,5901000.0,BALANCED,-33.3948
2022-04-01,CWEB,CWEB,24000.0,68.4,0.105,5152000.0,24000.0,0.0,-0.1575,-742000.0,6230000.0,BALANCED,-11.9375
2022-04-04,CWEB,CWEB,1425000.0,78.9,0.1535,6577000.0,1425000.0,0.0,1.2927,718000.0,8068000.0,BALANCED,46.3183
2022-04-05,CWEB,CWEB,-25000.0,71.8,-0.09,6552000.0,0.0,-25000.0,-0.2767,813000.0,8396000.0,BALANCED,1.0816
2022-04-06,CWEB,CWEB,0.0,67.5,-0.0599,6552000.0,0.0,0.0,-0.2578,813000.0,8624000.0,BALANCED,3.5547
2022-04-07,CWEB,CWEB,71000.0,62.5,-0.0741,6623000.0,71000.0,0.0,-0.1837,1495000.0,8695000.0,BALANCED,7.4086
2022-04-08,CWEB,CWEB,316000.0,61.6,-0.0144,6939000.0,316000.0,0.0,0.0611,1787000.0,9011000.0,BALANCED,15.5273
2022-04-11,CWEB,CWEB,-533000.0,60.2,-0.0227,6406000.0,0.0,-533000.0,-0.8342,-171000.0,9170000.0,BALANCED,-32.8554
2022-04-12,CWEB,CWEB,0.0,58.0,-0.0365,6406000.0,0.0,0.0,-0.2548,-146000.0,9170000.0,BALANCED,-16.3705
2022-04-13,CWEB,CWEB,36000.0,61.8,0.0655,6442000.0,36000.0,0.0,-0.2201,-110000.0,6001000.0,BALANCED,-13.5028
2022-04-14,CWEB,CWEB,-14000.0,57.9,-0.0631,6428000.0,0.0,-14000.0,-0.2734,-195000.0,5987000.0,BALANCED,-18.8348
2022-04-18,CWEB,CWEB,0.0,55.5,-0.0415,6428000.0,0.0,0.0,-0.2706,-511000.0,3240000.0,BALANCED,-16.7645
2022-04-19,CWEB,CWEB,-118000.0,55.8,0.0054,6310000.0,0.0,-118000.0,-0.4114,-96000.0,3122000.0,BALANCED,-22.2845
2022-04-20,CWEB,CWEB,-478000.0,50.8,-0.0896,5832000.0,0.0,-478000.0,-0.7959,-574000.0,848000.0,BALANCED,-33.8968
2022-04-21,CWEB,CWEB,-389000.0,45.6,-0.1024,5443000.0,0.0,-389000.0,-0.691,-999000.0,-538000.0,BALANCED,-33.275
2022-04-22,CWEB,CWEB,0.0,46.5,0.0197,5443000.0,0.0,0.0,-0.2707,-985000.0,-1200000.0,BALANCED,-16.7668
2022-04-25,CWEB,CWEB,-483000.0,46.6,0.0022,4960000.0,0.0,-483000.0,-0.768,-1468000.0,-934000.0,BALANCED,-31.1995
2022-04-26,CWEB,CWEB,-119000.0,44.8,-0.0386,4841000.0,0.0,-119000.0,-0.4048,-1469000.0,-1018000.0,BALANCED,-24.119
2022-04-27,CWEB,CWEB,-51000.0,49.4,0.1027,4790000.0,0.0,-51000.0,-0.3288,-1042000.0,-949000.0,BALANCED,-24.2209
2022-04-28,CWEB,CWEB,300000.0,50.9,0.0304,5090000.0,300000.0,0.0,0.1978,-353000.0,-649000.0,BALANCED,-3.0547
2022-04-29,CWEB,CWEB,550000.0,58.2,0.1434,5640000.0,550000.0,0.0,0.5118,197000.0,512000.0,BALANCED,26.7946
2022-05-02,CWEB,CWEB,629000.0,60.7,0.043,6269000.0,629000.0,0.0,0.9372,1309000.0,1117000.0,BALANCED,39.4296
2022-05-03,CWEB,CWEB,0.0,61.2,0.0082,6269000.0,0.0,0.0,-0.1829,1428000.0,-308000.0,BALANCED,5.428
2022-05-04,CWEB,CWEB,-103000.0,61.8,0.0098,6166000.0,0.0,-103000.0,-0.308,1376000.0,-386000.0,BALANCED,0.301
2022-05-05,CWEB,CWEB,134000.0,53.4,-0.1359,6300000.0,134000.0,0.0,0.2895,1210000.0,-252000.0,BALANCED,19.2365
2022-05-06,CWEB,CWEB,-328000.0,48.0,-0.1011,5972000.0,0.0,-328000.0,-0.7416,332000.0,-651000.0,BALANCED,-10.5406
2022-05-09,CWEB,CWEB,-396000.0,41.8,-0.1292,5576000.0,0.0,-396000.0,-0.9748,-693000.0,-1363000.0,BALANCED,-38.3708
2022-05-10,CWEB,CWEB,-274000.0,44.2,0.0574,5302000.0,0.0,-274000.0,-0.6414,-967000.0,-1104000.0,BALANCED,-32.0345
2022-05-11,CWEB,CWEB,-349000.0,43.4,-0.0181,4953000.0,0.0,-349000.0,-0.8021,-1213000.0,-1453000.0,BALANCED,-38.0526
2022-05-12,CWEB,CWEB,-504000.0,44.5,0.0253,4449000.0,0.0,-504000.0,-1.1197,-1851000.0,-1993000.0,BALANCED,-47.9922
2022-05-13,CWEB,CWEB,334000.0,50.7,0.1393,4783000.0,334000.0,0.0,0.8577,-1189000.0,-1645000.0,BALANCED,13.4425
2022-05-16,CWEB,CWEB,255000.0,51.2,0.0099,5038000.0,255000.0,0.0,0.6379,-538000.0,-1390000.0,BALANCED,9.947
2022-05-17,CWEB,CWEB,0.0,54.3,0.0605,5038000.0,0.0,0.0,0.1692,-264000.0,-1272000.0,BALANCED,-5.769
2022-05-18,CWEB,CWEB,419000.0,51.0,-0.0608,5457000.0,419000.0,0.0,1.4458,504000.0,-375000.0,BALANCED,48.1451
2022-05-19,CWEB,CWEB,439000.0,53.9,0.0569,5896000.0,439000.0,0.0,1.4103,1447000.0,453000.0,BALANCED,49.2581
2022-05-20,CWEB,CWEB,187000.0,52.1,-0.0334,6083000.0,187000.0,0.0,0.6239,1300000.0,640000.0,BALANCED,31.5966
2022-05-23,CWEB,CWEB,147000.0,50.7,-0.0269,6230000.0,147000.0,0.0,0.5265,1192000.0,1270000.0,BALANCED,31.1624
2022-05-24,CWEB,CWEB,-317000.0,43.8,-0.1361,5913000.0,0.0,-317000.0,-0.9552,875000.0,1072000.0,BALANCED,-15.8812
2022-05-25,CWEB,CWEB,40000.0,46.0,0.0502,5953000.0,40000.0,0.0,0.175,496000.0,1163000.0,BALANCED,16.3757
2022-05-26,CWEB,CWEB,52000.0,53.1,0.1543,6005000.0,52000.0,0.0,0.2114,109000.0,915000.0,BALANCED,19.2846
2022-05-27,CWEB,CWEB,117000.0,54.7,0.0301,6122000.0,117000.0,0.0,0.4028,39000.0,482000.0,BALANCED,26.0689
2022-05-31,CWEB,CWEB,1490000.0,59.77,0.0927,7612000.0,1490000.0,0.0,3.4695,1382000.0,1343000.0,ACCUMULATION,100.0
2022-06-01,CWEB,CWEB,0.0,57.42,-0.0393,7612000.0,0.0,0.0,-0.1041,1699000.0,1343000.0,BALANCED,7.3987
2022-06-02,CWEB,CWEB,0.0,63.77,0.1106,7612000.0,0.0,0.0,-0.1463,1659000.0,1446000.0,BALANCED,6.3417
2022-06-03,CWEB,CWEB,1294000.0,60.45,-0.0521,8906000.0,1294000.0,0.0,2.5918,2901000.0,2606000.0,ACCUMULATION,76.794
2022-06-06,CWEB,CWEB,0.0,65.94,0.0908,8906000.0,0.0,0.0,-0.2538,2784000.0,2934000.0,BALANCED,3.6538
2022-06-07,CWEB,CWEB,1486000.0,71.43,0.0833,10392000.0,1486000.0,0.0,2.5854,2780000.0,4816000.0,ACCUMULATION,76.635
2022-06-08,CWEB,CWEB,2245000.0,79.74,0.1163,12637000.0,2245000.0,0.0,3.1702,5025000.0,7335000.0,ACCUMULATION,93.2542
2022-06-09,CWEB,CWEB,-753000.0,69.24,-0.1317,11884000.0,0.0,-753000.0,-1.5203,4272000.0,6931000.0,DISTRIBUTION,-30.0073
2022-06-10,CWEB,CWEB,972000.0,69.49,0.0036,12856000.0,972000.0,0.0,1.0732,3950000.0,8407000.0,BALANCED,38.8288
2022-06-13,CWEB,CWEB,940000.0,59.7,-0.1409,13796000.0,940000.0,0.0,0.9911,4890000.0,9013000.0,BALANCED,38.7765
2022-06-14,CWEB,CWEB,-440000.0,67.41,0.1291,13356000.0,0.0,-440000.0,-0.9903,2964000.0,8318000.0,BALANCED,-16.7586
2022-06-15,CWEB,CWEB,83000.0,69.76,0.0349,13439000.0,83000.0,0.0,-0.2287,802000.0,8401000.0,BALANCED,6.2816
2022-06-16,CWEB,CWEB,-543000.0,62.7,-0.1012,12896000.0,0.0,-543000.0,-1.1053,1012000.0,7439000.0,BALANCED,-19.6323
2022-06-17,CWEB,CWEB,0.0,66.37,0.0585,12896000.0,0.0,0.0,-0.3162,40000.0,7000000.0,BALANCED,2.0942
2022-06-21,CWEB,CWEB,449000.0,71.54,0.0779,13345000.0,449000.0,0.0,0.2951,-451000.0,7262000.0,BALANCED,-0.6214
2022-06-22,CWEB,CWEB,37000.0,67.36,-0.0584,13382000.0,37000.0,0.0,-0.3286,26000.0,7152000.0,BALANCED,5.7839
2022-06-23,CWEB,CWEB,316000.0,70.45,0.0459,13698000.0,316000.0,0.0,0.0538,259000.0,7785000.0,BALANCED,17.3449
2022-06-24,CWEB,CWEB,494000.0,75.68,0.0742,14192000.0,494000.0,0.0,0.281,1296000.0,8239000.0,BALANCED,25.0255
2022-06-27,CWEB,CWEB,535000.0,76.2,0.0069,14727000.0,535000.0,0.0,0.2983,1831000.0,8722000.0,BALANCED,27.4572
2022-06-28,CWEB,CWEB,-18000.0,75.54,-0.0087,14709000.0,0.0,-18000.0,-0.5381,1364000.0,8587000.0,BALANCED,-5.4517
2022-06-29,CWEB,CWEB,399000.0,73.85,-0.0224,15108000.0,399000.0,0.0,0.0977,1726000.0,7496000.0,BALANCED,14.4422
2022-06-30,CWEB,CWEB,-43000.0,72.65,-0.0162,15065000.0,0.0,-43000.0,-0.5811,1367000.0,7453000.0,BALANCED,-6.5283
2022-07-01,CWEB,CWEB,322000.0,74.6,0.0268,15387000.0,322000.0,0.0,-0.0139,1195000.0,7775000.0,BALANCED,11.6533
2022-07-05,CWEB,CWEB,461000.0,75.04,0.0059,15848000.0,461000.0,0.0,0.1992,1121000.0,6942000.0,BALANCED,18.9788
2022-07-06,CWEB,CWEB,0.0,69.47,-0.0742,15848000.0,0.0,0.0,-0.4997,1139000.0,6942000.0,BALANCED,-2.4921
2022-07-07,CWEB,CWEB,-338000.0,73.1,0.0523,15510000.0,0.0,-338000.0,-0.978,402000.0,5118000.0,BALANCED,-16.4488
2022-07-08,CWEB,CWEB,-348000.0,69.75,-0.0458,15162000.0,0.0,-348000.0,-0.99,97000.0,2525000.0,BALANCED,-18.7488
2022-07-11,CWEB,CWEB,-652000.0,60.5,-0.1326,14510000.0,0.0,-652000.0,-1.3696,-877000.0,2626000.0,BALANCED,-50.2399
2022-07-12,CWEB,CWEB,-230000.0,60.73,0.0038,14280000.0,0.0,-230000.0,-0.7336,-1568000.0,1424000.0,BALANCED,-36.3394
2022-07-13,CWEB,CWEB,-60000.0,61.78,0.0173,14220000.0,0.0,-60000.0,-0.477,-1628000.0,424000.0,BALANCED,-31.9247
2022-07-14,CWEB,CWEB,-423000.0,58.34,-0.0557,13797000.0,0.0,-423000.0,-0.9491,-1713000.0,441000.0,BALANCED,-45.7268
2022-07-15,CWEB,CWEB,-419000.0,57.07,-0.0218,13378000.0,0.0,-419000.0,-0.9098,-1784000.0,-61000.0,BALANCED,-46.7456
2022-07-18,CWEB,CWEB,139000.0,60.41,0.0585,13517000.0,139000.0,0.0,-0.0862,-993000.0,621000.0,BALANCED,-10.1551
2022-07-19,CWEB,CWEB,440000.0,62.95,0.042,13957000.0,440000.0,0.0,0.4243,-323000.0,1061000.0,BALANCED,4.6084
2022-07-20,CWEB,CWEB,-1057000.0,62.08,-0.0138,12900000.0,0.0,-1057000.0,-1.7561,-1320000.0,-445000.0,DISTRIBUTION,-55.9027
2022-07-21,CWEB,CWEB,179000.0,64.28,0.0354,13079000.0,179000.0,0.0,0.1424,-718000.0,-303000.0,BALANCED,-4.4393
2022-07-22,CWEB,CWEB,152000.0,59.97,-0.0671,13231000.0,152000.0,0.0,0.2761,-147000.0,-467000.0,BALANCED,0.9036
2022-07-25,CWEB,CWEB,105000.0,61.46,0.0248,13336000.0,105000.0,0.0,0.1241,-181000.0,-856000.0,BALANCED,-0.8974
2022-07-26,CWEB,CWEB,19000.0,59.58,-0.0306,13355000.0,19000.0,0.0,0.0056,-602000.0,-1372000.0,BALANCED,-1.8596
2022-07-27,CWEB,CWEB,-81000.0,62.03,0.0411,13274000.0,0.0,-81000.0,-0.1657,374000.0,-1435000.0,BALANCED,3.8571
2022-07-28,CWEB,CWEB,0.0,59.9,-0.0343,13274000.0,0.0,0.0,0.0073,195000.0,-1834000.0,BALANCED,10.182
2022-07-29,CWEB,CWEB,-377000.0,53.72,-0.1032,12897000.0,0.0,-377000.0,-0.9418,-334000.0,-2168000.0,BALANCED,-35.544
2022-08-01,CWEB,CWEB,0.0,50.92,-0.0521,12897000.0,0.0,0.0,-0.0001,-439000.0,-2490000.0,BALANCED,-10.0023
2022-08-02,CWEB,CWEB,-247000.0,52.62,0.0334,12650000.0,0.0,-247000.0,-0.6441,-705000.0,-3198000.0,BALANCED,-28.1019
2022-08-03,CWEB,CWEB,-20000.0,54.71,0.0397,12630000.0,0.0,-20000.0,0.0106,-644000.0,-3218000.0,BALANCED,-13.7342
2022-08-04,CWEB,CWEB,-170000.0,56.77,0.0377,12460000.0,0.0,-170000.0,-0.3854,-814000.0,-3050000.0,BALANCED,-25.6353
2022-08-05,CWEB,CWEB,90000.0,54.03,-0.0483,12550000.0,90000.0,0.0,0.3601,-347000.0,-2612000.0,BALANCED,1.0028
2022-08-08,CWEB,CWEB,-14000.0,52.21,-0.0337,12536000.0,0.0,-14000.0,0.1205,-361000.0,-1974000.0,BALANCED,-8.9865
2022-08-09,CWEB,CWEB,-41000.0,51.0,-0.0232,12495000.0,0.0,-41000.0,0.1034,-155000.0,-1785000.0,BALANCED,-11.4162
2022-08-10,CWEB,CWEB,-94000.0,51.95,0.0186,12401000.0,0.0,-94000.0,-0.0528,-229000.0,-1819000.0,BALANCED,-17.3209
2022-08-11,CWEB,CWEB,-299000.0,54.54,0.0499,12102000.0,0.0,-299000.0,-0.6361,-358000.0,-1695000.0,BALANCED,-33.9035
2022-08-12,CWEB,CWEB,-73000.0,54.32,-0.004,12029000.0,0.0,-73000.0,0.0903,-521000.0,-1349000.0,BALANCED,-17.743
2022-08-15,CWEB,CWEB,0.0,55.05,0.0134,12029000.0,0.0,0.0,0.3698,-507000.0,-1488000.0,BALANCED,-0.7557
2022-08-16,CWEB,CWEB,0.0,52.73,-0.0421,12029000.0,0.0,0.0,0.4487,-466000.0,-1928000.0,BALANCED,1.2168
2022-08-17,CWEB,CWEB,-6000.0,51.25,-0.0281,12023000.0,0.0,-6000.0,0.4284,-378000.0,-877000.0,BALANCED,-1.2909
2022-08-18,CWEB,CWEB,58000.0,49.99,-0.0246,12081000.0,58000.0,0.0,0.6094,-21000.0,-998000.0,BALANCED,7.2362
2022-08-19,CWEB,CWEB,0.0,49.31,-0.0136,12081000.0,0.0,0.0,0.3669,52000.0,-1150000.0,BALANCED,19.1722
2022-08-22,CWEB,CWEB,-108000.0,50.6,0.0262,11973000.0,0.0,-108000.0,-0.0901,-56000.0,-1363000.0,BALANCED,-14.253
2022-08-23,CWEB,CWEB,15000.0,52.17,0.031,11988000.0,15000.0,0.0,0.3527,-41000.0,-1367000.0,BALANCED,0.8175
2022-08-24,CWEB,CWEB,0.0,53.43,0.0242,11988000.0,0.0,0.0,0.2867,-35000.0,-1286000.0,BALANCED,-2.8325
2022-08-25,CWEB,CWEB,520000.0,61.28,0.1469,12508000.0,520000.0,0.0,2.0651,427000.0,-766000.0,ACCUMULATION,63.6282
2022-08-26,CWEB,CWEB,0.0,60.05,-0.0201,12508000.0,0.0,0.0,0.1102,427000.0,-389000.0,BALANCED,12.754
2022-08-29,CWEB,CWEB,364000.0,57.87,-0.0363,12872000.0,364000.0,0.0,1.421,899000.0,-25000.0,BALANCED,47.5256
2022-08-30,CWEB,CWEB,367000.0,54.42,-0.0596,13239000.0,367000.0,0.0,1.4625,1251000.0,589000.0,BALANCED,50.5633
2022-08-31,CWEB,CWEB,0.0,58.51,0.0752,13239000.0,0.0,0.0,-0.0618,1251000.0,609000.0,BALANCED,8.4538
2022-09-01,CWEB,CWEB,-260000.0,56.28,-0.0381,12979000.0,0.0,-260000.0,-1.3773,471000.0,519000.0,BALANCED,-26.4315
2022-09-02,CWEB,CWEB,-135000.0,53.97,-0.041,12844000.0,0.0,-135000.0,-0.6583,336000.0,294000.0,BALANCED,-10.4577
2022-09-06,CWEB,CWEB,-192000.0,50.09,-0.0719,12652000.0,0.0,-192000.0,-0.9054,-220000.0,116000.0,BALANCED,-38.6341
2022-09-07,CWEB,CWEB,-45000.0,52.32,0.0445,12607000.0,0.0,-45000.0,-0.1074,-632000.0,112000.0,BALANCED,-20.6862
2022-09-08,CWEB,CWEB,0.0,50.12,-0.042,12607000.0,0.0,0.0,0.1192,-632000.0,206000.0,BALANCED,-7.0197
2022-09-09,CWEB,CWEB,-210000.0,52.62,0.0499,12397000.0,0.0,-210000.0,-0.9536,-582000.0,295000.0,BALANCED,-35.8406
2022-09-12,CWEB,CWEB,92000.0,54.73,0.0401,12489000.0,92000.0,0.0,0.5902,-355000.0,460000.0,BALANCED,6.7544
2022-09-13,CWEB,CWEB,0.0,50.0,-0.0864,12489000.0,0.0,0.0,0.076,-163000.0,460000.0,BALANCED,-8.0998
2022-09-14,CWEB,CWEB,55000.0,50.32,0.0064,12544000.0,55000.0,0.0,0.3369,-63000.0,515000.0,BALANCED,0.4213
2022-09-15,CWEB,CWEB,0.0,49.73,-0.0117,12544000.0,0.0,0.0,0.0165,-63000.0,521000.0,BALANCED,-9.5875
2022-09-16,CWEB,CWEB,36000.0,45.97,-0.0756,12580000.0,36000.0,0.0,0.1872,183000.0,499000.0,BALANCED,16.6796
2022-09-19,CWEB,CWEB,-23000.0,47.16,0.0259,12557000.0,0.0,-23000.0,-0.1365,68000.0,476000.0,BALANCED,4.5881
2022-09-20,CWEB,CWEB,48000.0,46.94,-0.0047,12605000.0,48000.0,0.0,0.2681,116000.0,632000.0,BALANCED,18.7034
2022-09-21,CWEB,CWEB,-130000.0,42.55,-0.0935,12475000.0,0.0,-130000.0,-0.752,-69000.0,487000.0,BALANCED,-30.8004
2022-09-22,CWEB,CWEB,53000.0,42.2,-0.0082,12528000.0,53000.0,0.0,0.2846,-16000.0,540000.0,BALANCED,-0.8839
2022-09-23,CWEB,CWEB,-148000.0,40.15,-0.0486,12380000.0,0.0,-148000.0,-0.9579,-200000.0,-128000.0,BALANCED,-35.9477
2022-09-26,CWEB,CWEB,-101000.0,41.67,0.0379,12279000.0,0.0,-101000.0,-0.6637,-278000.0,-229000.0,BALANCED,-30.5918
2022-09-27,CWEB,CWEB,-112000.0,41.19,-0.0115,12167000.0,0.0,-112000.0,-0.7016,-438000.0,-705000.0,BALANCED,-33.5393
2022-09-28,CWEB,CWEB,80000.0,42.72,0.0371,12247000.0,80000.0,0.0,0.4361,-228000.0,-992000.0,BALANCED,2.9037
2022-09-29,CWEB,CWEB,0.0,38.82,-0.0913,12247000.0,0.0,0.0,-0.0448,-281000.0,-992000.0,BALANCED,-11.1194
2022-09-30,CWEB,CWEB,26000.0,39.04,0.0057,12273000.0,26000.0,0.0,0.1177,-107000.0,-706000.0,BALANCED,-5.0574
2022-10-03,CWEB,CWEB,0.0,39.38,0.0087,12273000.0,0.0,0.0,-0.0384,-6000.0,-571000.0,BALANCED,-10.9609
2022-10-04,CWEB,CWEB,105000.0,44.18,0.1219,12378000.0,105000.0,0.0,0.5512,211000.0,-274000.0,BALANCED,25.7792
2022-10-05,CWEB,CWEB,-9000.0,44.31,0.0029,12369000.0,0.0,-9000.0,-0.1307,122000.0,-238000.0,BALANCED,4.7331
2022-10-06,CWEB,CWEB,217000.0,42.94,-0.0309,12586000.0,217000.0,0.0,1.1581,339000.0,-21000.0,BALANCED,40.9523
2022-10-07,CWEB,CWEB,0.0,39.14,-0.0885,12586000.0,0.0,0.0,-0.0184,313000.0,189000.0,BALANCED,9.5408
2022-10-10,CWEB,CWEB,-220000.0,35.01,-0.1055,12366000.0,0.0,-220000.0,-1.4617,93000.0,-123000.0,BALANCED,-28.5426
2022-10-11,CWEB,CWEB,0.0,32.39,-0.0748,12366000.0,0.0,0.0,0.1299,-12000.0,-123000.0,BALANCED,-6.7515
2022-10-12,CWEB,CWEB,-134000.0,32.27,-0.0037,12232000.0,0.0,-134000.0,-0.9187,-137000.0,-312000.0,BALANCED,-34.9664
2022-10-13,CWEB,CWEB,0.0,31.49,-0.0242,12232000.0,0.0,0.0,0.307,-354000.0,-312000.0,BALANCED,-2.3242
2022-10-14,CWEB,CWEB,-134000.0,29.69,-0.0572,12098000.0,0.0,-134000.0,-1.0204,-488000.0,-482000.0,BALANCED,-37.5111
2022-10-17,CWEB,CWEB,-15000.0,32.06,0.0798,12083000.0,0.0,-15000.0,0.1031,-283000.0,-474000.0,BALANCED,-11.4237
2022-10-18,CWEB,CWEB,-32000.0,32.14,0.0025,12051000.0,0.0,-32000.0,-0.1252,-315000.0,-554000.0,BALANCED,-19.1302
2022-10-19,CWEB,CWEB,-274000.0,27.9,-0.1319,11777000.0,0.0,-274000.0,-2.3197,-455000.0,-698000.0,DISTRIBUTION,-75.9929
2022-10-20,CWEB,CWEB,0.0,28.58,0.0244,11777000.0,0.0,0.0,0.2605,-455000.0,-751000.0,BALANCED,-3.4866
2022-10-21,CWEB,CWEB,-126000.0,28.86,0.0098,11651000.0,0.0,-126000.0,-0.9891,-447000.0,-729000.0,BALANCED,-36.7265
2022-10-24,CWEB,CWEB,-1514000.0,20.76,-0.2807,10137000.0,0.0,-1514000.0,-4.9685,-1946000.0,-2142000.0,DISTRIBUTION,-100.0
2022-10-25,CWEB,CWEB,-151000.0,22.07,0.0631,9986000.0,0.0,-151000.0,-0.2339,-2065000.0,-2181000.0,BALANCED,-21.8481
2022-10-26,CWEB,CWEB,362000.0,25.72,0.1654,10348000.0,362000.0,0.0,1.4547,-1429000.0,-1899000.0,BALANCED,28.3674
2022-10-27,CWEB,CWEB,-52000.0,23.81,-0.0743,10296000.0,0.0,-52000.0,0.0767,-1481000.0,-1951000.0,BALANCED,-10.0817
2022-10-28,CWEB,CWEB,-271000.0,22.05,-0.0739,10025000.0,0.0,-271000.0,-0.619,-1626000.0,-2248000.0,BALANCED,-29.4756
2022-10-31,CWEB,CWEB,72000.0,22.3,0.0113,10097000.0,72000.0,0.0,0.511,-40000.0,-2176000.0,BALANCED,4.7745
2022-11-01,CWEB,CWEB,0.0,24.75,0.1099,10097000.0,0.0,0.0,0.2779,111000.0,-2281000.0,BALANCED,16.9483
2022-11-02,CWEB,CWEB,307000.0,25.07,0.0129,10404000.0,307000.0,0.0,1.2172,56000.0,-1965000.0,BALANCED,42.4292
2022-11-03,CWEB,CWEB,111000.0,26.71,0.0654,10515000.0,111000.0,0.0,0.5747,219000.0,-2071000.0,BALANCED,28.367
2022-11-04,CWEB,CWEB,879000.0,31.04,0.1621,11394000.0,879000.0,0.0,2.5743,1369000.0,-1192000.0,ACCUMULATION,80.3572
2022-11-07,CWEB,CWEB,324000.0,30.62,-0.0135,11718000.0,324000.0,0.0,0.9523,1621000.0,-648000.0,BALANCED,41.8081
2022-11-08,CWEB,CWEB,241000.0,30.24,-0.0124,11959000.0,241000.0,0.0,0.684,1862000.0,-407000.0,BALANCED,37.1006
2022-11-09,CWEB,CWEB,35000.0,26.06,-0.1382,11994000.0,35000.0,0.0,0.1199,1590000.0,-238000.0,BALANCED,24.998
2022-11-10,CWEB,CWEB,92000.0,30.34,0.1642,12086000.0,92000.0,0.0,0.2685,1571000.0,-146000.0,BALANCED,30.7122
2022-11-11,CWEB,CWEB,-230000.0,34.06,0.1226,11856000.0,0.0,-230000.0,-0.5922,462000.0,-242000.0,BALANCED,-6.8059
2022-11-14,CWEB,CWEB,-86000.0,35.19,0.0332,11770000.0,0.0,-86000.0,-0.1896,52000.0,-313000.0,BALANCED,1.2594
2022-11-15,CWEB,CWEB,772000.0,41.91,0.191,12542000.0,772000.0,0.0,1.955,583000.0,491000.0,ACCUMULATION,60.8743
2022-11-16,CWEB,CWEB,0.0,39.4,-0.0599,12542000.0,0.0,0.0,-0.0147,548000.0,765000.0,BALANCED,9.6323
2022-11-17,CWEB,CWEB,574000.0,42.27,0.0728,13116000.0,574000.0,0.0,1.3772,1030000.0,1339000.0,BALANCED,46.4303
2022-11-18,CWEB,CWEB,0.0,39.01,-0.0771,13116000.0,0.0,0.0,-0.0437,1260000.0,1465000.0,BALANCED,8.9066
2022-11-21,CWEB,CWEB,-202000.0,36.25,-0.0708,12914000.0,0.0,-202000.0,-0.5457,1144000.0,2777000.0,BALANCED,-5.6437
2022-11-22,CWEB,CWEB,-296000.0,34.84,-0.0389,12618000.0,0.0,-296000.0,-0.7467,76000.0,2632000.0,BALANCED,-12.6674
2022-11-23,CWEB,CWEB,-273000.0,36.39,0.0445,12345000.0,0.0,-273000.0,-0.6748,-197000.0,1997000.0,BALANCED,-32.8711
2022-11-25,CWEB,CWEB,-268000.0,33.31,-0.0846,12077000.0,0.0,-268000.0,-0.6362,-1039000.0,1781000.0,BALANCED,-33.9056
2022-11-28,CWEB,CWEB,-460000.0,35.8,0.0748,11617000.0,0.0,-460000.0,-1.055,-1499000.0,1592000.0,BALANCED,-46.3742
2022-11-29,CWEB,CWEB,0.0,40.0,0.1173,11617000.0,0.0,0.0,0.0369,-1297000.0,1520000.0,BALANCED,-9.0773
2022-11-30,CWEB,CWEB,0.0,46.34,0.1585,11617000.0,0.0,0.0,0.0344,-1001000.0,1520000.0,BALANCED,-9.1406
2022-12-01,CWEB,CWEB,423000.0,44.96,-0.0298,12040000.0,423000.0,0.0,0.9741,-305000.0,1636000.0,BALANCED,16.3531
2022-12-02,CWEB,CWEB,1274000.0,50.75,0.1288,13314000.0,1274000.0,0.0,2.5269,1237000.0,2799000.0,ACCUMULATION,77.1726
2022-12-05,CWEB,CWEB,1493000.0,50.55,-0.0039,14807000.0,1493000.0,0.0,2.5264,3190000.0,3413000.0,ACCUMULATION,79.1611
2022-12-06,CWEB,CWEB,989000.0,52.46,0.0378,15796000.0,989000.0,0.0,1.665,4179000.0,4078000.0,ACCUMULATION,59.6255
2022-12-07,CWEB,CWEB,-269000.0,50.04,-0.0461,15527000.0,0.0,-269000.0,-0.9373,3910000.0,3568000.0,BALANCED,-15.4329
2022-12-08,CWEB,CWEB,237000.0,56.11,0.1213,15764000.0,237000.0,0.0,0.1169,3724000.0,3770000.0,BALANCED,14.9227
2022-12-09,CWEB,CWEB,120000.0,54.55,-0.0278,15884000.0,120000.0,0.0,-0.1377,2570000.0,3798000.0,BALANCED,10.5569
2022-12-12,CWEB,CWEB,4000.0,51.41,-0.0576,15888000.0,4000.0,0.0,-0.4033,1081000.0,4032000.0,BALANCED,5.9187
2022-12-13,CWEB,CWEB,0.0,53.69,0.0443,15888000.0,0.0,0.0,-0.4059,92000.0,4118000.0,BALANCED,-0.1478
2022-12-14,CWEB,CWEB,72000.0,54.14,0.0084,15960000.0,72000.0,0.0,-0.26,433000.0,3418000.0,BALANCED,5.4998
2022-12-15,CWEB,CWEB,-130000.0,50.68,-0.0639,15830000.0,0.0,-130000.0,-0.6505,66000.0,3288000.0,BALANCED,-8.2629
2022-12-16,CWEB,CWEB,-38000.0,51.06,0.0075,15792000.0,0.0,-38000.0,-0.4462,-92000.0,2676000.0,BALANCED,-25.1545
2022-12-19,CWEB,CWEB,-11000.0,50.94,-0.0024,15781000.0,0.0,-11000.0,-0.3406,-107000.0,2665000.0,BALANCED,-24.5157
2022-12-20,CWEB,CWEB,0.0,49.72,-0.0239,15781000.0,0.0,0.0,-0.2937,-107000.0,2867000.0,BALANCED,-17.3432
2022-12-21,CWEB,CWEB,-10000.0,53.5,0.076,15771000.0,0.0,-10000.0,-0.2971,-189000.0,3153000.0,BALANCED,-19.427
2022-12-22,CWEB,CWEB,44000.0,52.96,-0.0101,15815000.0,44000.0,0.0,-0.1807,-15000.0,3470000.0,BALANCED,-12.5178
2022-12-23,CWEB,CWEB,34000.0,50.34,-0.0495,15849000.0,34000.0,0.0,-0.1981,57000.0,3772000.0,BALANCED,9.048
2022-12-27,CWEB,CWEB,146000.0,55.45,0.1015,15995000.0,146000.0,0.0,0.0176,214000.0,4378000.0,BALANCED,16.4398
2022-12-28,CWEB,CWEB,68000.0,50.13,-0.0959,16063000.0,68000.0,0.0,-0.1651,282000.0,4446000.0,BALANCED,13.8732
2022-12-29,CWEB,CWEB,88000.0,53.67,0.0706,16151000.0,88000.0,0.0,-0.0735,380000.0,4534000.0,BALANCED,18.1615
2022-12-30,CWEB,CWEB,-117000.0,50.91,-0.0514,16034000.0,0.0,-117000.0,-0.5295,219000.0,3994000.0,BALANCED,-5.2363
2023-01-03,CWEB,CWEB,495000.0,56.17,0.1033,16529000.0,495000.0,0.0,0.8699,680000.0,3215000.0,BALANCED,33.7482
2023-01-04,CWEB,CWEB,444000.0,66.07,0.1763,16973000.0,444000.0,0.0,0.7141,978000.0,2166000.0,BALANCED,31.8516
2023-01-05,CWEB,CWEB,624000.0,66.8,0.011,17597000.0,624000.0,0.0,1.0488,1534000.0,1801000.0,BALANCED,42.2188
2023-01-06,CWEB,CWEB,445000.0,66.01,-0.0118,18042000.0,445000.0,0.0,0.5995,1891000.0,2515000.0,BALANCED,32.9863
2023-01-09,CWEB,CWEB,684000.0,66.13,0.0018,18726000.0,684000.0,0.0,1.0678,2692000.0,2962000.0,BALANCED,46.6941
2023-01-10,CWEB,CWEB,67000.0,67.79,0.0251,18793000.0,67000.0,0.0,-0.3623,2264000.0,2909000.0,BALANCED,12.9423
2023-01-11,CWEB,CWEB,-149000.0,67.04,-0.0111,18644000.0,0.0,-149000.0,-0.9135,1671000.0,2756000.0,BALANCED,-14.8363
2023-01-12,CWEB,CWEB,-83000.0,65.06,-0.0295,18561000.0,0.0,-83000.0,-0.7462,964000.0,2673000.0,BALANCED,-12.6556
2023-01-13,CWEB,CWEB,-195000.0,68.68,0.0556,18366000.0,0.0,-195000.0,-0.9845,324000.0,2406000.0,BALANCED,-20.6126
2023-01-17,CWEB,CWEB,240000.0,64.33,-0.0633,18606000.0,240000.0,0.0,0.0497,-120000.0,2776000.0,BALANCED,-6.7567
2023-01-18,CWEB,CWEB,-185000.0,61.11,-0.0501,18421000.0,0.0,-185000.0,-0.9317,-372000.0,2629000.0,BALANCED,-35.2923
2023-01-19,CWEB,CWEB,-104000.0,63.11,0.0327,18317000.0,0.0,-104000.0,-0.7594,-327000.0,2536000.0,BALANCED,-32.9842
2023-01-20,CWEB,CWEB,68000.0,66.53,0.0542,18385000.0,68000.0,0.0,-0.0763,-176000.0,2604000.0,BALANCED,-9.9065
2023-01-23,CWEB,CWEB,-27000.0,67.9,0.0206,18358000.0,0.0,-27000.0,-0.5242,-8000.0,2587000.0,BALANCED,-25.1045
2023-01-24,CWEB,CWEB,229000.0,67.26,-0.0094,18587000.0,229000.0,0.0,0.583,-19000.0,2772000.0,BALANCED,6.5762
2023-01-25,CWEB,CWEB,373000.0,67.74,0.0071,18960000.0,373000.0,0.0,1.1417,539000.0,3111000.0,BALANCED,42.5432
2023-01-26,CWEB,CWEB,462000.0,71.64,0.0576,19422000.0,462000.0,0.0,1.4052,1105000.0,3427000.0,BALANCED,51.1304
2023-01-27,CWEB,CWEB,-170000.0,70.32,-0.0184,19252000.0,0.0,-170000.0,-1.13,867000.0,3189000.0,BALANCED,-20.249
2023-01-30,CWEB,CWEB,0.0,63.51,-0.0968,19252000.0,0.0,0.0,-0.4382,894000.0,3101000.0,BALANCED,-0.9546
2023-01-31,CWEB,CWEB,-180000.0,62.67,-0.0132,19072000.0,0.0,-180000.0,-1.142,485000.0,3038000.0,BALANCED,-20.551
2023-02-01,CWEB,CWEB,-145000.0,67.37,0.075,18927000.0,0.0,-145000.0,-0.978,-33000.0,2398000.0,BALANCED,-38.4497
2023-02-02,CWEB,CWEB,235000.0,64.6,-0.0411,19162000.0,235000.0,0.0,0.4792,-260000.0,2189000.0,BALANCED,3.9795
2023-02-03,CWEB,CWEB,-290000.0,60.54,-0.0628,18872000.0,0.0,-290000.0,-1.4834,-380000.0,1275000.0,BALANCED,-49.0855
2023-02-06,CWEB,CWEB,-198000.0,57.63,-0.0481,18674000.0,0.0,-198000.0,-1.0922,-578000.0,632000.0,BALANCED,-41.304
2023-02-07,CWEB,CWEB,-104000.0,59.6,0.0342,18570000.0,0.0,-104000.0,-0.7194,-502000.0,-156000.0,BALANCED,-33.9839
2023-02-08,CWEB,CWEB,-133000.0,56.86,-0.046,18437000.0,0.0,-133000.0,-0.7969,-490000.0,-356000.0,BALANCED,-37.9225
2023-02-09,CWEB,CWEB,-281000.0,59.33,0.0434,18156000.0,0.0,-281000.0,-1.248,-1006000.0,-488000.0,BALANCED,-51.199
2023-02-10,CWEB,CWEB,-363000.0,54.45,-0.0823,17793000.0,0.0,-363000.0,-1.4317,-1079000.0,-768000.0,BALANCED,-57.7914
2023-02-13,CWEB,CWEB,-107000.0,57.68,0.0593,17686000.0,0.0,-107000.0,-0.5356,-988000.0,-680000.0,BALANCED,-37.3907
2023-02-14,CWEB,CWEB,-99000.0,56.39,-0.0224,17587000.0,0.0,-99000.0,-0.5111,-983000.0,-1019000.0,BALANCED,-38.7787
2023-02-15,CWEB,CWEB,0.0,55.75,-0.0113,17587000.0,0.0,0.0,-0.1247,-850000.0,-834000.0,BALANCED,-13.1165
2023-02-16,CWEB,CWEB,-58000.0,56.41,0.0118,17529000.0,0.0,-58000.0,-0.2808,-627000.0,-788000.0,BALANCED,-19.02
2023-02-17,CWEB,CWEB,0.0,52.61,-0.0674,17529000.0,0.0,0.0,0.0092,-264000.0,-856000.0,BALANCED,-9.771
2023-02-21,CWEB,CWEB,-236000.0,48.9,-0.0705,17293000.0,0.0,-236000.0,-0.8945,-393000.0,-1065000.0,BALANCED,-34.3623
2023-02-22,CWEB,CWEB,0.0,49.11,0.0043,17293000.0,0.0,0.0,0.2456,-294000.0,-1294000.0,BALANCED,-3.8589
2023-02-23,CWEB,CWEB,0.0,48.54,-0.0116,17293000.0,0.0,0.0,0.2584,-294000.0,-1667000.0,BALANCED,-3.5391
2023-02-24,CWEB,CWEB,-331000.0,44.9,-0.075,16962000.0,0.0,-331000.0,-1.3785,-567000.0,-2460000.0,BALANCED,-46.4622
2023-02-27,CWEB,CWEB,-93000.0,46.54,0.0365,16869000.0,0.0,-93000.0,-0.1835,-660000.0,-2383000.0,BALANCED,-18.5865
2023-02-28,CWEB,CWEB,18000.0,45.83,-0.0153,16887000.0,18000.0,0.0,0.3396,-406000.0,-2365000.0,BALANCED,0.4896
2023-03-01,CWEB,CWEB,-19000.0,49.82,0.0871,16868000.0,0.0,-19000.0,0.2042,-425000.0,-2204000.0,BALANCED,-6.8945
2023-03-02,CWEB,CWEB,-20000.0,53.04,0.0646,16848000.0,0.0,-20000.0,0.1714,-445000.0,-2079000.0,BALANCED,-9.715
2023-03-03,CWEB,CWEB,142000.0,53.59,0.0104,16990000.0,142000.0,0.0,0.9688,28000.0,-2172000.0,BALANCED,36.2212
2023-03-06,CWEB,CWEB,24000.0,51.19,-0.0448,17014000.0,24000.0,0.0,0.364,145000.0,-1858000.0,BALANCED,23.0991
2023-03-07,CWEB,CWEB,53000.0,48.1,-0.0604,17067000.0,53000.0,0.0,0.4993,180000.0,-1607000.0,BALANCED,28.4831
2023-03-08,CWEB,CWEB,-26000.0,47.19,-0.0189,17041000.0,0.0,-26000.0,0.1377,173000.0,-1529000.0,BALANCED,11.443
2023-03-09,CWEB,CWEB,132000.0,42.05,-0.1089,17173000.0,132000.0,0.0,1.12,325000.0,-1264000.0,BALANCED,40.001
2023-03-10,CWEB,CWEB,0.0,42.43,0.009,17173000.0,0.0,0.0,0.5334,183000.0,-983000.0,BALANCED,23.3361
2023-03-13,CWEB,CWEB,-295000.0,43.68,0.0295,16878000.0,0.0,-295000.0,-1.4864,-136000.0,-915000.0,BALANCED,-49.1611
2023-03-14,CWEB,CWEB,159000.0,44.48,0.0183,17037000.0,159000.0,0.0,1.542,-30000.0,-649000.0,ACCUMULATION,30.5492
2023-03-15,CWEB,CWEB,83000.0,42.04,-0.0549,17120000.0,83000.0,0.0,0.9725,79000.0,-467000.0,BALANCED,38.313
2023-03-16,CWEB,CWEB,0.0,44.39,0.0559,17120000.0,0.0,0.0,0.3965,-53000.0,-467000.0,BALANCED,-0.0884
2023-03-17,CWEB,CWEB,-12000.0,44.54,0.0034,17108000.0,0.0,-12000.0,0.3984,-65000.0,-421000.0,BALANCED,-2.0395
2023-03-20,CWEB,CWEB,15000.0,43.55,-0.0222,17123000.0,15000.0,0.0,0.5385,245000.0,-406000.0,BALANCED,25.4629
2023-03-21,CWEB,CWEB,-195000.0,44.79,0.0285,16928000.0,0.0,-195000.0,-1.0058,-109000.0,-365000.0,BALANCED,-37.1453
2023-03-22,CWEB,CWEB,18000.0,44.1,-0.0154,16946000.0,18000.0,0.0,0.5288,-174000.0,-347000.0,BALANCED,5.2193
2023-03-23,CWEB,CWEB,440000.0,48.24,0.0939,17386000.0,440000.0,0.0,2.9216,266000.0,93000.0,ACCUMULATION,87.0393
2023-03-24,CWEB,CWEB,170000.0,48.35,0.0023,17556000.0,170000.0,0.0,1.1883,448000.0,594000.0,BALANCED,45.7068
2023-03-27,CWEB,CWEB,33000.0,46.32,-0.042,17589000.0,33000.0,0.0,0.2719,466000.0,720000.0,BALANCED,24.7975
2023-03-28,CWEB,CWEB,277000.0,50.19,0.0835,17866000.0,277000.0,0.0,1.7608,938000.0,979000.0,ACCUMULATION,64.0194
2023-03-29,CWEB,CWEB,123000.0,50.92,0.0145,17989000.0,123000.0,0.0,0.7116,1043000.0,1121000.0,BALANCED,39.7895
2023-03-30,CWEB,CWEB,0.0,52.71,0.0352,17989000.0,0.0,0.0,-0.087,603000.0,1141000.0,BALANCED,7.825
2023-03-31,CWEB,CWEB,119000.0,50.98,-0.0328,18108000.0,119000.0,0.0,0.645,552000.0,1118000.0,BALANCED,28.124
2023-04-03,CWEB,CWEB,142000.0,50.71,-0.0053,18250000.0,142000.0,0.0,0.7555,661000.0,1236000.0,BALANCED,32.8882
2023-04-04,CWEB,CWEB,-165000.0,49.41,-0.0256,18085000.0,0.0,-165000.0,-1.2546,219000.0,1018000.0,BALANCED,-23.3651
2023-04-05,CWEB,CWEB,-93000.0,46.92,-0.0504,17992000.0,0.0,-93000.0,-0.7549,3000.0,951000.0,BALANCED,-12.8737
2023-04-06,CWEB,CWEB,-122000.0,48.38,0.0311,17870000.0,0.0,-122000.0,-0.9037,-119000.0,697000.0,BALANCED,-38.5928
2023-04-10,CWEB,CWEB,-78000.0,47.22,-0.024,17792000.0,0.0,-78000.0,-0.739,-316000.0,619000.0,BALANCED,-36.4744
2023-04-11,CWEB,CWEB,-83000.0,46.98,-0.0051,17709000.0,0.0,-83000.0,-0.7778,-541000.0,831000.0,BALANCED,-39.4448
2023-04-12,CWEB,CWEB,0.0,42.76,-0.0898,17709000.0,0.0,0.0,-0.1919,-376000.0,672000.0,BALANCED,-14.7972
2023-04-13,CWEB,CWEB,-87000.0,45.0,0.0524,17622000.0,0.0,-87000.0,-0.7782,-370000.0,502000.0,BALANCED,-31.4556
2023-04-14,CWEB,CWEB,0.0,43.41,-0.0353,17622000.0,0.0,0.0,-0.1793,-248000.0,502000.0,BALANCED,-14.4817
2023-04-17,CWEB,CWEB,-47000.0,45.95,0.0585,17575000.0,0.0,-47000.0,-0.4657,-217000.0,467000.0,BALANCED,-23.6431
2023-04-18,CWEB,CWEB,18000.0,45.9,-0.0011,17593000.0,18000.0,0.0,-0.0091,-116000.0,470000.0,BALANCED,-8.2276
2023-04-19,CWEB,CWEB,0.0,44.43,-0.032,17593000.0,0.0,0.0,-0.1229,-116000.0,665000.0,BALANCED,-13.0721
2023-04-20,CWEB,CWEB,-66000.0,43.41,-0.023,17527000.0,0.0,-66000.0,-0.5737,-95000.0,581000.0,BALANCED,-26.3416
2023-04-21,CWEB,CWEB,-36000.0,41.58,-0.0422,17491000.0,0.0,-36000.0,-0.3284,-131000.0,105000.0,BALANCED,-22.2109
2023-04-24,CWEB,CWEB,-5000.0,39.66,-0.0462,17486000.0,0.0,-5000.0,-0.1088,-89000.0,-70000.0,BALANCED,-18.7191
2023-04-25,CWEB,CWEB,-79000.0,36.99,-0.0673,17407000.0,0.0,-79000.0,-0.7381,-186000.0,-182000.0,BALANCED,-36.4523
2023-04-26,CWEB,CWEB,31000.0,38.49,0.0406,17438000.0,31000.0,0.0,0.1375,-155000.0,-428000.0,BALANCED,-4.5618
2023-04-27,CWEB,CWEB,0.0,39.63,0.0296,17438000.0,0.0,0.0,-0.0831,-89000.0,-551000.0,BALANCED,-12.0776
2023-04-28,CWEB,CWEB,0.0,40.48,0.0214,17438000.0,0.0,0.0,-0.0831,-53000.0,-551000.0,BALANCED,-12.0776
2023-05-01,CWEB,CWEB,-2000.0,40.17,-0.0077,17436000.0,0.0,-2000.0,-0.1014,-50000.0,-672000.0,BALANCED,-14.5358
2023-05-02,CWEB,CWEB,-5000.0,37.34,-0.0705,17431000.0,0.0,-5000.0,-0.1197,24000.0,-819000.0,BALANCED,3.0074
2023-05-03,CWEB,CWEB,40000.0,37.23,-0.0029,17471000.0,40000.0,0.0,0.1801,33000.0,-614000.0,BALANCED,16.5035
2023-05-04,CWEB,CWEB,-13000.0,38.45,0.0328,17458000.0,0.0,-13000.0,-0.247,20000.0,-534000.0,BALANCED,1.8238
2023-05-05,CWEB,CWEB,-50000.0,39.47,0.0265,17408000.0,0.0,-50000.0,-0.5495,-30000.0,-462000.0,BALANCED,-27.7385
2023-05-08,CWEB,CWEB,56000.0,38.81,-0.0167,17464000.0,56000.0,0.0,0.6764,28000.0,-328000.0,BALANCED,28.9103
2023-05-09,CWEB,CWEB,32000.0,36.92,-0.0487,17496000.0,32000.0,0.0,0.402,65000.0,-213000.0,BALANCED,24.0505
2023-05-10,CWEB,CWEB,-9000.0,36.63,-0.0079,17487000.0,0.0,-9000.0,0.0523,16000.0,-222000.0,BALANCED,9.3077
2023-05-11,CWEB,CWEB,-133000.0,39.03,0.0655,17354000.0,0.0,-133000.0,-1.6463,-104000.0,-268000.0,DISTRIBUTION,-55.1569
2023-05-12,CWEB,CWEB,60000.0,36.92,-0.0541,17414000.0,60000.0,0.0,1.14,6000.0,-208000.0,BALANCED,40.5009
2023-05-15,CWEB,CWEB,-92000.0,41.01,0.1108,17322000.0,0.0,-92000.0,-1.0039,-142000.0,-253000.0,BALANCED,-37.0986
2023-05-16,CWEB,CWEB,0.0,40.25,-0.0185,17322000.0,0.0,0.0,0.5368,-174000.0,-271000.0,BALANCED,3.4202
2023-05-17,CWEB,CWEB,0.0,40.04,-0.0052,17322000.0,0.0,0.0,0.4892,-165000.0,-271000.0,BALANCED,2.2309
2023-05-18,CWEB,CWEB,-229000.0,36.81,-0.0807,17093000.0,0.0,-229000.0,-3.1657,-261000.0,-434000.0,DISTRIBUTION,-91.1432
2023-05-19,CWEB,CWEB,-39000.0,36.17,-0.0174,17054000.0,0.0,-39000.0,-0.1952,-360000.0,-437000.0,BALANCED,-18.8791
2023-05-22,CWEB,CWEB,-112000.0,37.55,0.0382,16942000.0,0.0,-112000.0,-1.3549,-380000.0,-544000.0,BALANCED,-49.8722
2023-05-23,CWEB,CWEB,-128000.0,35.23,-0.0618,16814000.0,0.0,-128000.0,-1.5425,-508000.0,-593000.0,DISTRIBUTION,-56.5615
2023-05-24,CWEB,CWEB,-68000.0,34.07,-0.0329,16746000.0,0.0,-68000.0,-0.5631,-576000.0,-692000.0,BALANCED,-34.0774
2023-05-25,CWEB,CWEB,-21000.0,32.64,-0.042,16725000.0,0.0,-21000.0,0.1414,-368000.0,-713000.0,BALANCED,-18.4642
2023-05-26,CWEB,CWEB,-167000.0,34.54,0.0582,16558000.0,0.0,-167000.0,-1.951,-496000.0,-880000.0,DISTRIBUTION,-72.7751
2023-05-30,CWEB,CWEB,-56000.0,32.02,-0.073,16502000.0,0.0,-56000.0,-0.2998,-440000.0,-934000.0,BALANCED,-33.4948
2023-05-31,CWEB,CWEB,0.0,31.62,-0.0125,16502000.0,0.0,0.0,0.5422,-312000.0,-929000.0,BALANCED,3.5544
2023-06-01,CWEB,CWEB,-364000.0,34.58,0.0936,16138000.0,0.0,-364000.0,-3.5268,-608000.0,-1333000.0,DISTRIBUTION,-100.0
2023-06-02,CWEB,CWEB,241000.0,36.7,0.0613,16379000.0,241000.0,0.0,2.6905,-346000.0,-1079000.0,ACCUMULATION,59.2626
2023-06-05,CWEB,CWEB,7000.0,36.0,-0.0191,16386000.0,7000.0,0.0,0.421,-172000.0,-1022000.0,BALANCED,4.5241
2023-06-06,CWEB,CWEB,112000.0,38.61,0.0725,16498000.0,112000.0,0.0,1.3483,-4000.0,-966000.0,BALANCED,29.7067
2023-06-07,CWEB,CWEB,301000.0,37.95,-0.0171,16799000.0,301000.0,0.0,2.6091,297000.0,-697000.0,ACCUMULATION,83.2282
2023-06-08,CWEB,CWEB,57000.0,38.94,0.0261,16856000.0,57000.0,0.0,0.6181,718000.0,-631000.0,BALANCED,35.4536
2023-06-09,CWEB,CWEB,-148000.0,39.16,0.0056,16708000.0,0.0,-148000.0,-0.9836,329000.0,-646000.0,BALANCED,-16.5897
2023-06-12,CWEB,CWEB,0.0,38.76,-0.0102,16708000.0,0.0,0.0,0.1935,322000.0,-706000.0,BALANCED,14.8384
2023-06-13,CWEB,CWEB,201000.0,40.78,0.0521,16909000.0,201000.0,0.0,1.6525,411000.0,-413000.0,ACCUMULATION,53.3119
2023-06-14,CWEB,CWEB,0.0,43.0,0.0544,16909000.0,0.0,0.0,0.1315,110000.0,-413000.0,BALANCED,13.2883
2023-06-15,CWEB,CWEB,0.0,44.57,0.0365,16909000.0,0.0,0.0,0.142,53000.0,-413000.0,BALANCED,13.551
2023-06-16,CWEB,CWEB,0.0,43.64,-0.0209,16909000.0,0.0,0.0,0.1387,201000.0,-184000.0,BALANCED,13.4678
2023-06-20,CWEB,CWEB,-190000.0,39.0,-0.1063,16719000.0,0.0,-190000.0,-1.2326,11000.0,-335000.0,BALANCED,-22.8143
2023-06-21,CWEB,CWEB,-145000.0,37.76,-0.0318,16574000.0,0.0,-145000.0,-0.8453,-335000.0,-368000.0,BALANCED,-35.1321
2023-06-22,CWEB,CWEB,17000.0,37.64,-0.0032,16591000.0,17000.0,0.0,0.3462,-318000.0,-223000.0,BALANCED,0.6553
2023-06-23,CWEB,CWEB,-200000.0,35.51,-0.0566,16391000.0,0.0,-200000.0,-1.1707,-518000.0,-355000.0,BALANCED,-41.267
2023-06-26,CWEB,CWEB,-116000.0,35.87,0.0101,16275000.0,0.0,-116000.0,-0.5747,-634000.0,-450000.0,BALANCED,-28.3673
2023-06-27,CWEB,CWEB,0.0,38.1,0.0622,16275000.0,0.0,0.0,0.2746,-444000.0,-283000.0,BALANCED,-3.1351
2023-06-28,CWEB,CWEB,46000.0,37.12,-0.0257,16321000.0,46000.0,0.0,0.5722,-253000.0,-181000.0,BALANCED,6.3055
2023-06-29,CWEB,CWEB,37000.0,35.51,-0.0434,16358000.0,37000.0,0.0,0.4968,-233000.0,-144000.0,BALANCED,6.4188
2023-06-30,CWEB,CWEB,-66000.0,35.89,0.0107,16292000.0,0.0,-66000.0,-0.2275,-99000.0,154000.0,BALANCED,-17.6886
2023-07-03,CWEB,CWEB,0.0,37.6,0.0476,16292000.0,0.0,0.0,0.1988,17000.0,-87000.0,BALANCED,14.9696
2023-07-05,CWEB,CWEB,0.0,36.92,-0.0181,16292000.0,0.0,0.0,0.189,17000.0,-94000.0,BALANCED,14.7253
2023-07-06,CWEB,CWEB,-76000.0,34.64,-0.0618,16216000.0,0.0,-76000.0,-0.3873,-105000.0,-282000.0,BALANCED,-21.6829
2023-07-07,CWEB,CWEB,0.0,37.19,0.0736,16216000.0,0.0,0.0,0.1506,-142000.0,-583000.0,BALANCED,-6.2347
2023-07-10,CWEB,CWEB,0.0,37.45,0.007,16216000.0,0.0,0.0,0.1338,-76000.0,-640000.0,BALANCED,-6.6561
2023-07-11,CWEB,CWEB,-49000.0,38.45,0.0267,16167000.0,0.0,-49000.0,-0.2299,-125000.0,-541000.0,BALANCED,-17.7487
2023-07-12,CWEB,CWEB,234000.0,41.57,0.0811,16401000.0,234000.0,0.0,1.7479,109000.0,-307000.0,ACCUMULATION,55.6966
2023-07-13,CWEB,CWEB,0.0,44.55,0.0717,16401000.0,0.0,0.0,0.0247,185000.0,-508000.0,BALANCED,10.6164
2023-07-14,CWEB,CWEB,0.0,41.87,-0.0602,16401000.0,0.0,0.0,0.0247,185000.0,-508000.0,BALANCED,10.6164
2023-07-17,CWEB,CWEB,0.0,41.45,-0.01,16401000.0,0.0,0.0,-0.0741,185000.0,-508000.0,BALANCED,8.1481
2023-07-18,CWEB,CWEB,0.0,38.23,-0.0777,16401000.0,0.0,0.0,-0.0067,234000.0,-508000.0,BALANCED,9.8332
2023-07-19,CWEB,CWEB,428000.0,39.1,0.0228,16829000.0,428000.0,0.0,3.0655,428000.0,110000.0,ACCUMULATION,88.6364
2023-07-20,CWEB,CWEB,-13000.0,38.52,-0.0148,16816000.0,0.0,-13000.0,-0.1766,415000.0,242000.0,BALANCED,3.5845
2023-07-21,CWEB,CWEB,38000.0,38.73,0.0055,16854000.0,38000.0,0.0,0.2964,453000.0,263000.0,BALANCED,19.409
2023-07-24,CWEB,CWEB,-58000.0,42.26,0.0911,16796000.0,0.0,-58000.0,-0.4588,395000.0,405000.0,BALANCED,-3.4707
2023-07-25,CWEB,CWEB,318000.0,42.26,0.0,17114000.0,318000.0,0.0,2.3053,713000.0,839000.0,ACCUMULATION,69.6334
2023-07-26,CWEB,CWEB,322000.0,44.35,0.0495,17436000.0,322000.0,0.0,2.0745,607000.0,1161000.0,ACCUMULATION,65.8624
2023-07-27,CWEB,CWEB,164000.0,42.46,-0.0426,17600000.0,164000.0,0.0,0.992,784000.0,1279000.0,BALANCED,40.8003
2023-07-28,CWEB,CWEB,-9000.0,48.66,0.146,17591000.0,0.0,-9000.0,-0.2232,737000.0,1233000.0,BALANCED,2.4195
2023-07-31,CWEB,CWEB,-103000.0,49.29,0.0129,17488000.0,0.0,-103000.0,-0.8495,692000.0,1196000.0,BALANCED,-15.2383
2023-08-01,CWEB,CWEB,205000.0,46.69,-0.0527,17693000.0,205000.0,0.0,1.21,579000.0,1401000.0,BALANCED,42.2492
2023-08-02,CWEB,CWEB,0.0,42.43,-0.0912,17693000.0,0.0,0.0,-0.2283,257000.0,1401000.0,BALANCED,4.2925
2023-08-03,CWEB,CWEB,139000.0,45.82,0.0799,17832000.0,139000.0,0.0,0.6962,232000.0,1616000.0,BALANCED,29.4059
2023-08-04,CWEB,CWEB,11000.0,44.98,-0.0183,17843000.0,11000.0,0.0,-0.2204,252000.0,1627000.0,BALANCED,8.4905
2023-08-07,CWEB,CWEB,-156000.0,43.64,-0.0298,17687000.0,0.0,-156000.0,-1.4536,199000.0,1471000.0,BALANCED,-28.3404
2023-08-08,CWEB,CWEB,0.0,41.84,-0.0412,17687000.0,0.0,0.0,-0.3513,-6000.0,1520000.0,BALANCED,-18.7815
2023-08-09,CWEB,CWEB,0.0,42.44,0.0143,17687000.0,0.0,0.0,-0.3513,-6000.0,1286000.0,BALANCED,-18.7815
2023-08-10,CWEB,CWEB,-381000.0,43.31,0.0205,17306000.0,0.0,-381000.0,-2.6678,-526000.0,905000.0,DISTRIBUTION,-78.6941
2023-08-11,CWEB,CWEB,0.0,39.66,-0.0843,17306000.0,0.0,0.0,-0.2036,-537000.0,905000.0,BALANCED,-15.089
2023-08-14,CWEB,CWEB,176000.0,39.42,-0.0061,17482000.0,176000.0,0.0,0.8724,-205000.0,1081000.0,BALANCED,13.81
2023-08-15,CWEB,CWEB,-112000.0,37.79,-0.0413,17370000.0,0.0,-112000.0,-0.9329,-317000.0,969000.0,BALANCED,-35.3223
2023-08-16,CWEB,CWEB,-193000.0,36.44,-0.0357,17177000.0,0.0,-193000.0,-1.3575,-510000.0,348000.0,BALANCED,-47.9366
2023-08-17,CWEB,CWEB,-113000.0,37.17,0.02,17064000.0,0.0,-113000.0,-0.8569,-242000.0,248000.0,BALANCED,-37.4214
2023-08-18,CWEB,CWEB,0.0,34.53,-0.071,17064000.0,0.0,0.0,-0.1715,-242000.0,210000.0,BALANCED,-14.2863
2023-08-21,CWEB,CWEB,56000.0,34.5,-0.0009,17120000.0,56000.0,0.0,0.1569,-362000.0,324000.0,BALANCED,-4.0773
2023-08-22,CWEB,CWEB,-86000.0,34.87,0.0107,17034000.0,0.0,-86000.0,-0.6938,-336000.0,-80000.0,BALANCED,-29.3459
2023-08-23,CWEB,CWEB,178000.0,36.14,0.0364,17212000.0,178000.0,0.0,0.9233,35000.0,-224000.0,BALANCED,35.0819
2023-08-24,CWEB,CWEB,-22000.0,36.45,0.0086,17190000.0,0.0,-22000.0,-0.2951,126000.0,-410000.0,BALANCED,0.6231
2023-08-25,CWEB,CWEB,248000.0,36.14,-0.0085,17438000.0,248000.0,0.0,1.2666,374000.0,-153000.0,BALANCED,43.6659
2023-08-28,CWEB,CWEB,222000.0,38.12,0.0548,17660000.0,222000.0,0.0,1.0481,540000.0,172000.0,BALANCED,40.2017
2023-08-29,CWEB,CWEB,300000.0,40.52,0.063,17960000.0,300000.0,0.0,1.3944,926000.0,267000.0,BALANCED,50.8609
2023-08-30,CWEB,CWEB,0.0,39.87,-0.016,17960000.0,0.0,0.0,-0.231,748000.0,267000.0,BALANCED,4.2261
2023-08-31,CWEB,CWEB,243000.0,39.13,-0.0186,18203000.0,243000.0,0.0,1.1773,1013000.0,371000.0,BALANCED,41.4318
2023-09-01,CWEB,CWEB,443000.0,41.81,0.0685,18646000.0,443000.0,0.0,2.1043,1208000.0,803000.0,ACCUMULATION,66.608
2023-09-05,CWEB,CWEB,272000.0,39.59,-0.0531,18918000.0,272000.0,0.0,1.0896,1258000.0,1231000.0,BALANCED,43.2388
2023-09-06,CWEB,CWEB,-186000.0,39.48,-0.0028,18732000.0,0.0,-186000.0,-1.3013,772000.0,1045000.0,BALANCED,-24.5326
2023-09-07,CWEB,CWEB,-214000.0,36.19,-0.0833,18518000.0,0.0,-214000.0,-1.3629,558000.0,831000.0,BALANCED,-28.0737
2023-09-08,CWEB,CWEB,26000.0,35.76,-0.0119,18544000.0,26000.0,0.0,-0.0301,341000.0,1238000.0,BALANCED,11.2486
2023-09-11,CWEB,CWEB,-164000.0,37.0,0.0347,18380000.0,0.0,-164000.0,-1.0273,-266000.0,1074000.0,BALANCED,-37.683
2023-09-12,CWEB,CWEB,0.0,36.84,-0.0043,18380000.0,0.0,0.0,-0.1619,-538000.0,898000.0,BALANCED,-14.0463
2023-09-13,CWEB,CWEB,-45000.0,36.32,-0.0141,18335000.0,0.0,-45000.0,-0.3666,-397000.0,965000.0,BALANCED,-21.1644
2023-09-14,CWEB,CWEB,44000.0,36.69,0.0102,18379000.0,44000.0,0.0,0.1167,-139000.0,1202000.0,BALANCED,-5.0832
2023-09-15,CWEB,CWEB,-186000.0,36.18,-0.0139,18193000.0,0.0,-186000.0,-1.0783,-351000.0,1129000.0,BALANCED,-38.9578
2023-09-18,CWEB,CWEB,-55000.0,36.02,-0.0044,18138000.0,0.0,-55000.0,-0.3522,-242000.0,1074000.0,BALANCED,-22.8061
2023-09-19,CWEB,CWEB,-32000.0,35.47,-0.0153,18106000.0,0.0,-32000.0,-0.2531,-274000.0,986000.0,BALANCED,-22.3286
2023-09-20,CWEB,CWEB,-163000.0,34.43,-0.0293,17943000.0,0.0,-163000.0,-0.9301,-392000.0,909000.0,BALANCED,-41.2518
2023-09-21,CWEB,CWEB,19000.0,32.96,-0.0427,17962000.0,19000.0,0.0,0.0533,-417000.0,750000.0,BALANCED,-6.6671
2023-09-22,CWEB,CWEB,-85000.0,35.34,0.0722,17877000.0,0.0,-85000.0,-0.6112,-316000.0,687000.0,BALANCED,-27.2802
2023-09-25,CWEB,CWEB,-19000.0,34.82,-0.0147,17858000.0,0.0,-19000.0,-0.2196,-280000.0,420000.0,BALANCED,-19.4897
2023-09-26,CWEB,CWEB,7000.0,33.88,-0.027,17865000.0,7000.0,0.0,-0.0344,-241000.0,205000.0,BALANCED,-8.8597
2023-09-27,CWEB,CWEB,-86000.0,34.25,0.0109,17779000.0,0.0,-86000.0,-0.5963,-164000.0,-181000.0,BALANCED,-26.9063
2023-09-28,CWEB,CWEB,18000.0,34.01,-0.007,17797000.0,18000.0,0.0,-0.0164,-165000.0,-163000.0,BALANCED,-8.4103
2023-09-29,CWEB,CWEB,24000.0,34.95,0.0276,17821000.0,24000.0,0.0,-0.0077,-56000.0,-382000.0,BALANCED,-6.1921
2023-10-02,CWEB,CWEB,-18000.0,34.9,-0.0014,17803000.0,0.0,-18000.0,-0.2654,-55000.0,-843000.0,BALANCED,-18.6351
2023-10-03,CWEB,CWEB,-147000.0,33.48,-0.0407,17656000.0,0.0,-147000.0,-1.0082,-209000.0,-1262000.0,BALANCED,-39.2059
2023-10-04,CWEB,CWEB,-6000.0,32.81,-0.02,17650000.0,0.0,-6000.0,-0.1634,-129000.0,-1082000.0,BALANCED,-20.0842
2023-10-05,CWEB,CWEB,36000.0,33.1,0.0088,17686000.0,36000.0,0.0,0.1265,-111000.0,-832000.0,BALANCED,-4.8381
2023-10-06,CWEB,CWEB,22000.0,35.43,0.0704,17708000.0,22000.0,0.0,0.0297,-113000.0,-836000.0,BALANCED,-5.2584
2023-10-09,CWEB,CWEB,91000.0,35.29,-0.004,17799000.0,91000.0,0.0,0.5121,-4000.0,-581000.0,BALANCED,8.8014
2023-10-10,CWEB,CWEB,0.0,37.7,0.0683,17799000.0,0.0,0.0,-0.0311,143000.0,-581000.0,BALANCED,9.2228
2023-10-11,CWEB,CWEB,243000.0,38.15,0.0119,18042000.0,243000.0,0.0,1.6518,392000.0,-293000.0,ACCUMULATION,53.2954
2023-10-12,CWEB,CWEB,150000.0,35.26,-0.0758,18192000.0,150000.0,0.0,0.9618,506000.0,-187000.0,BALANCED,38.0451
2023-10-13,CWEB,CWEB,33000.0,34.43,-0.0235,18225000.0,33000.0,0.0,0.2285,517000.0,32000.0,BALANCED,21.7123
2023-10-16,CWEB,CWEB,105000.0,34.96,0.0154,18330000.0,105000.0,0.0,0.9965,531000.0,192000.0,BALANCED,42.9136
2023-10-17,CWEB,CWEB,0.0,34.04,-0.0263,18330000.0,0.0,0.0,0.1903,531000.0,224000.0,BALANCED,14.7578
2023-10-18,CWEB,CWEB,-177000.0,32.61,-0.042,18153000.0,0.0,-177000.0,-1.5385,111000.0,210000.0,DISTRIBUTION,-30.4633
2023-10-19,CWEB,CWEB,-121000.0,31.53,-0.0331,18032000.0,0.0,-121000.0,-1.0726,-160000.0,70000.0,BALANCED,-40.816
2023-10-20,CWEB,CWEB,0.0,30.42,-0.0352,18032000.0,0.0,0.0,0.1752,-193000.0,155000.0,BALANCED,-5.6208
2023-10-23,CWEB,CWEB,-25000.0,30.98,0.0184,18007000.0,0.0,-25000.0,-0.1345,-323000.0,149000.0,BALANCED,-15.3628
2023-10-24,CWEB,CWEB,0.0,33.55,0.083,18007000.0,0.0,0.0,0.1331,-323000.0,142000.0,BALANCED,-6.6729
2023-10-25,CWEB,CWEB,27000.0,31.82,-0.0516,18034000.0,27000.0,0.0,0.3961,-119000.0,255000.0,BALANCED,1.9036
2023-10-26,CWEB,CWEB,109000.0,31.83,0.0003,18143000.0,109000.0,0.0,1.2236,111000.0,346000.0,BALANCED,44.5899
2023-10-27,CWEB,CWEB,123000.0,32.27,0.0138,18266000.0,123000.0,0.0,1.307,234000.0,445000.0,BALANCED,48.676
2023-10-30,CWEB,CWEB,13000.0,32.56,0.009,18279000.0,13000.0,0.0,0.0906,272000.0,476000.0,BALANCED,20.2649
2023-10-31,CWEB,CWEB,77000.0,31.19,-0.0421,18356000.0,77000.0,0.0,0.7442,349000.0,700000.0,BALANCED,38.6047
2023-11-01,CWEB,CWEB,-22000.0,31.02,-0.0055,18334000.0,0.0,-22000.0,-0.4042,300000.0,684000.0,BALANCED,-2.1062
2023-11-02,CWEB,CWEB,0.0,31.69,0.0216,18334000.0,0.0,0.0,-0.143,191000.0,648000.0,BALANCED,6.4239
2023-11-03,CWEB,CWEB,0.0,34.23,0.0802,18334000.0,0.0,0.0,-0.1797,68000.0,626000.0,BALANCED,5.507
2023-11-06,CWEB,CWEB,56000.0,34.5,0.0079,18390000.0,56000.0,0.0,0.4511,111000.0,591000.0,BALANCED,23.2783
2023-11-07,CWEB,CWEB,26000.0,34.34,-0.0046,18416000.0,26000.0,0.0,0.09,60000.0,617000.0,BALANCED,16.2501
2023-11-08,CWEB,CWEB,0.0,34.32,-0.0006,18416000.0,0.0,0.0,-0.2571,82000.0,374000.0,BALANCED,3.5724
2023-11-09,CWEB,CWEB,57000.0,32.95,-0.0399,18473000.0,57000.0,0.0,0.4161,139000.0,281000.0,BALANCED,22.4015
2023-11-10,CWEB,CWEB,0.0,33.08,0.0039,18473000.0,0.0,0.0,-0.262,139000.0,248000.0,BALANCED,3.4492
2023-11-13,CWEB,CWEB,124000.0,33.85,0.0233,18597000.0,124000.0,0.0,1.1525,207000.0,267000.0,BALANCED,40.8115
2023-11-14,CWEB,CWEB,-155000.0,35.2,0.0399,18442000.0,0.0,-155000.0,-2.1266,26000.0,112000.0,DISTRIBUTION,-45.1649
2023-11-15,CWEB,CWEB,0.0,37.6,0.0682,18442000.0,0.0,0.0,-0.3101,26000.0,289000.0,BALANCED,2.2476
2023-11-16,CWEB,CWEB,495000.0,34.59,-0.0801,18937000.0,495000.0,0.0,3.7548,464000.0,905000.0,ACCUMULATION,100.0
2023-11-17,CWEB,CWEB,0.0,34.84,0.0072,18937000.0,0.0,0.0,-0.3388,464000.0,905000.0,BALANCED,1.5299
2023-11-20,CWEB,CWEB,0.0,37.4,0.0735,18937000.0,0.0,0.0,-0.3141,340000.0,930000.0,BALANCED,2.1469
2023-11-21,CWEB,CWEB,-109000.0,35.56,-0.0492,18828000.0,0.0,-109000.0,-1.1599,386000.0,821000.0,BALANCED,-20.9971
2023-11-22,CWEB,CWEB,-125000.0,35.87,0.0087,18703000.0,0.0,-125000.0,-1.2218,261000.0,669000.0,BALANCED,-24.5458
2023-11-24,CWEB,CWEB,-24000.0,36.95,0.0301,18679000.0,0.0,-24000.0,-0.3406,-258000.0,536000.0,BALANCED,-24.5146
2023-11-27,CWEB,CWEB,51000.0,35.62,-0.036,18730000.0,51000.0,0.0,0.2889,-207000.0,464000.0,BALANCED,-0.7775
2023-11-28,CWEB,CWEB,18000.0,36.37,0.0211,18748000.0,18000.0,0.0,0.0347,-189000.0,469000.0,BALANCED,-5.1317
2023-11-29,CWEB,CWEB,95000.0,35.01,-0.0374,18843000.0,95000.0,0.0,0.6603,15000.0,487000.0,BALANCED,32.507
2023-11-30,CWEB,CWEB,49000.0,35.7,0.0197,18892000.0,49000.0,0.0,0.2171,189000.0,558000.0,BALANCED,23.4276
2023-12-01,CWEB,CWEB,-66000.0,34.67,-0.0289,18826000.0,0.0,-66000.0,-0.839,147000.0,492000.0,BALANCED,-12.9761
2023-12-04,CWEB,CWEB,-252000.0,32.86,-0.0522,18574000.0,0.0,-252000.0,-2.2258,-156000.0,240000.0,DISTRIBUTION,-69.6455
2023-12-05,CWEB,CWEB,-24000.0,32.44,-0.0128,18550000.0,0.0,-24000.0,-0.347,-198000.0,160000.0,BALANCED,-24.6753
2023-12-06,CWEB,CWEB,0.0,32.37,-0.0022,18550000.0,0.0,0.0,-0.1492,-293000.0,134000.0,BALANCED,-13.7298
2023-12-07,CWEB,CWEB,0.0,32.81,0.0136,18550000.0,0.0,0.0,-0.1417,-342000.0,134000.0,BALANCED,-13.5434
2023-12-08,CWEB,CWEB,-44000.0,32.17,-0.0195,18506000.0,0.0,-44000.0,-0.4653,-320000.0,33000.0,BALANCED,-23.6318
2023-12-11,CWEB,CWEB,19000.0,32.52,0.0109,18525000.0,19000.0,0.0,0.0873,-49000.0,52000.0,BALANCED,-5.8177
2023-12-12,CWEB,CWEB,0.0,33.24,0.0221,18525000.0,0.0,0.0,-0.069,-25000.0,-72000.0,BALANCED,-11.7261
2023-12-13,CWEB,CWEB,0.0,32.91,-0.0099,18525000.0,0.0,0.0,-0.0477,-25000.0,83000.0,BALANCED,-11.1929
2023-12-14,CWEB,CWEB,-76000.0,33.76,0.0258,18449000.0,0.0,-76000.0,-0.6714,-101000.0,7000.0,BALANCED,-28.7856
2023-12-15,CWEB,CWEB,0.0,33.79,0.0009,18449000.0,0.0,0.0,-0.0322,-57000.0,-488000.0,BALANCED,-10.806
2023-12-18,CWEB,CWEB,-137000.0,32.67,-0.0331,18312000.0,0.0,-137000.0,-1.1201,-213000.0,-625000.0,BALANCED,-40.0032
2023-12-19,CWEB,CWEB,-168000.0,33.42,0.023,18144000.0,0.0,-168000.0,-1.2796,-381000.0,-793000.0,BALANCED,-45.9902
2023-12-20,CWEB,CWEB,-56000.0,31.56,-0.0557,18088000.0,0.0,-56000.0,-0.3605,-437000.0,-740000.0,BALANCED,-25.013
2023-12-21,CWEB,CWEB,68000.0,33.19,0.0516,18156000.0,68000.0,0.0,0.6093,-293000.0,-547000.0,BALANCED,7.233
2023-12-22,CWEB,CWEB,-143000.0,30.46,-0.0823,18013000.0,0.0,-143000.0,-1.0012,-436000.0,-666000.0,BALANCED,-37.0304
2023-12-26,CWEB,CWEB,0.0,30.85,0.0128,18013000.0,0.0,0.0,0.1203,-299000.0,-717000.0,BALANCED,-6.9937
2023-12-27,CWEB,CWEB,-34000.0,30.81,-0.0013,17979000.0,0.0,-34000.0,-0.1074,-165000.0,-769000.0,BALANCED,-14.6845
2023-12-28,CWEB,CWEB,0.0,32.43,0.0526,17979000.0,0.0,0.0,0.1263,-109000.0,-864000.0,BALANCED,-6.8431
2023-12-29,CWEB,CWEB,-250000.0,33.32,0.0274,17729000.0,0.0,-250000.0,-1.7478,-427000.0,-1163000.0,DISTRIBUTION,-55.695
2024-01-02,CWEB,CWEB,-164000.0,30.99,-0.0699,17565000.0,0.0,-164000.0,-1.3519,-448000.0,-1261000.0,BALANCED,-47.7967
2024-01-03,CWEB,CWEB,97000.0,31.95,0.031,17662000.0,97000.0,0.0,1.5337,-351000.0,-912000.0,ACCUMULATION,30.3427
2024-01-04,CWEB,CWEB,0.0,31.29,-0.0207,17662000.0,0.0,0.0,0.4673,-317000.0,-888000.0,BALANCED,1.6815
2024-01-05,CWEB,CWEB,164000.0,30.53,-0.0243,17826000.0,164000.0,0.0,2.0247,-153000.0,-724000.0,ACCUMULATION,42.618
2024-01-08,CWEB,CWEB,0.0,29.87,-0.0216,17826000.0,0.0,0.0,0.3042,97000.0,-724000.0,BALANCED,17.6044
2024-01-09,CWEB,CWEB,-360000.0,28.89,-0.0328,17466000.0,0.0,-360000.0,-2.816,-99000.0,-1040000.0,DISTRIBUTION,-82.3997
2024-01-10,CWEB,CWEB,0.0,28.63,-0.009,17466000.0,0.0,0.0,0.3747,-196000.0,-1059000.0,BALANCED,-0.6323
2024-01-11,CWEB,CWEB,-81000.0,29.82,0.0416,17385000.0,0.0,-81000.0,-0.3174,-277000.0,-1140000.0,BALANCED,-19.934
2024-01-12,CWEB,CWEB,219000.0,29.41,-0.0137,17604000.0,219000.0,0.0,2.1788,-222000.0,-921000.0,ACCUMULATION,46.4697
2024-01-16,CWEB,CWEB,-258000.0,27.11,-0.0782,17346000.0,0.0,-258000.0,-1.6582,-480000.0,-1103000.0,DISTRIBUTION,-53.4557
2024-01-17,CWEB,CWEB,0.0,25.71,-0.0516,17346000.0,0.0,0.0,0.3952,-120000.0,-1103000.0,BALANCED,-0.1198
2024-01-18,CWEB,CWEB,-171000.0,25.48,-0.0089,17175000.0,0.0,-171000.0,-1.0268,-291000.0,-1137000.0,BALANCED,-37.6712
2024-01-19,CWEB,CWEB,0.0,25.6,0.0047,17175000.0,0.0,0.0,0.3777,-210000.0,-969000.0,BALANCED,-0.5575
2024-01-22,CWEB,CWEB,-224000.0,24.16,-0.0563,16951000.0,0.0,-224000.0,-1.3628,-653000.0,-1137000.0,BALANCED,-46.0693
2024-01-23,CWEB,CWEB,-105000.0,26.46,0.0952,16846000.0,0.0,-105000.0,-0.385,-500000.0,-1310000.0,BALANCED,-23.6257
2024-01-24,CWEB,CWEB,424000.0,28.02,0.059,17270000.0,424000.0,0.0,3.0421,-76000.0,-743000.0,ACCUMULATION,68.0514
2024-01-25,CWEB,CWEB,192000.0,27.49,-0.0189,17462000.0,192000.0,0.0,1.4355,287000.0,-551000.0,BALANCED,49.8877
2024-01-26,CWEB,CWEB,30000.0,26.92,-0.0207,17492000.0,30000.0,0.0,0.4059,317000.0,-487000.0,BALANCED,26.1464
2024-01-29,CWEB,CWEB,110000.0,25.58,-0.0498,17602000.0,110000.0,0.0,0.8752,651000.0,-377000.0,BALANCED,39.8801
2024-01-30,CWEB,CWEB,-151000.0,24.54,-0.0407,17451000.0,0.0,-151000.0,-0.7261,605000.0,-278000.0,BALANCED,-10.1526
2024-01-31,CWEB,CWEB,0.0,24.46,-0.0033,17451000.0,0.0,0.0,0.2052,181000.0,-114000.0,BALANCED,15.1292
2024-02-01,CWEB,CWEB,-81000.0,25.07,0.0249,17370000.0,0.0,-81000.0,-0.3076,-92000.0,-292000.0,BALANCED,-19.691
2024-02-02,CWEB,CWEB,-90000.0,23.9,-0.0467,17280000.0,0.0,-90000.0,-0.3835,-212000.0,-382000.0,BALANCED,-23.5883
2024-02-05,CWEB,CWEB,-60000.0,24.49,0.0247,17220000.0,0.0,-60000.0,-0.1947,-382000.0,-606000.0,BALANCED,-20.8665
2024-02-06,CWEB,CWEB,149000.0,27.76,0.1335,17369000.0,149000.0,0.0,1.082,-82000.0,-457000.0,BALANCED,19.049
2024-02-07,CWEB,CWEB,56000.0,26.59,-0.0421,17425000.0,56000.0,0.0,0.4693,-26000.0,-41000.0,BALANCED,5.733
2024-02-08,CWEB,CWEB,149000.0,25.6,-0.0372,17574000.0,149000.0,0.0,0.9979,204000.0,108000.0,BALANCED,40.947
2024-02-09,CWEB,CWEB,108000.0,26.35,0.0293,17682000.0,108000.0,0.0,0.7126,402000.0,297000.0,BALANCED,35.8156
2024-02-12,CWEB,CWEB,300000.0,27.7,0.0512,17982000.0,300000.0,0.0,1.7151,762000.0,378000.0,ACCUMULATION,62.8765
2024-02-13,CWEB,CWEB,-14000.0,26.18,-0.0549,17968000.0,0.0,-14000.0,-0.1304,599000.0,622000.0,BALANCED,4.7392
2024-02-14,CWEB,CWEB,0.0,28.01,0.0699,17968000.0,0.0,0.0,-0.0813,543000.0,622000.0,BALANCED,7.968
2024-02-15,CWEB,CWEB,11000.0,28.17,0.0057,17979000.0,11000.0,0.0,0.0026,405000.0,804000.0,BALANCED,12.0658
2024-02-16,CWEB,CWEB,284000.0,28.59,0.0149,18263000.0,284000.0,0.0,1.5357,581000.0,1088000.0,ACCUMULATION,52.3913
2024-02-20,CWEB,CWEB,-55000.0,27.68,-0.0318,18208000.0,0.0,-55000.0,-0.3979,226000.0,1257000.0,BALANCED,-1.9485
2024-02-21,CWEB,CWEB,269000.0,28.55,0.0314,18477000.0,269000.0,0.0,1.4013,509000.0,1631000.0,BALANCED,47.0313
2024-02-22,CWEB,CWEB,-30000.0,29.34,0.0277,18447000.0,0.0,-30000.0,-0.3882,479000.0,1177000.0,BALANCED,-1.7044
2024-02-23,CWEB,CWEB,379000.0,29.72,0.013,18826000.0,379000.0,0.0,1.9257,847000.0,1364000.0,ACCUMULATION,60.1419
2024-02-26,CWEB,CWEB,0.0,29.45,-0.0091,18826000.0,0.0,0.0,-0.2795,563000.0,1334000.0,BALANCED,3.0128
2024-02-27,CWEB,CWEB,100000.0,30.18,0.0248,18926000.0,100000.0,0.0,0.3307,718000.0,1324000.0,BALANCED,20.2678
2024-02-28,CWEB,CWEB,-120000.0,28.38,-0.0596,18806000.0,0.0,-120000.0,-1.0388,329000.0,1355000.0,BALANCED,-17.9689
2024-02-29,CWEB,CWEB,0.0,28.41,0.0011,18806000.0,0.0,0.0,-0.2997,359000.0,1355000.0,BALANCED,2.507
2024-03-01,CWEB,CWEB,33000.0,29.7,0.0454,18839000.0,33000.0,0.0,-0.1431,13000.0,1469000.0,BALANCED,8.4234
2024-03-04,CWEB,CWEB,-46000.0,27.92,-0.0599,18793000.0,0.0,-46000.0,-0.6332,-33000.0,1513000.0,BALANCED,-27.8298
2024-03-05,CWEB,CWEB,-256000.0,26.65,-0.0455,18537000.0,0.0,-256000.0,-1.9321,-389000.0,1317000.0,DISTRIBUTION,-62.302
2024-03-06,CWEB,CWEB,-12000.0,27.58,0.0349,18525000.0,0.0,-12000.0,-0.4313,-281000.0,1156000.0,BALANCED,-26.7828
2024-03-07,CWEB,CWEB,-44000.0,27.27,-0.0112,18481000.0,0.0,-44000.0,-0.5928,-325000.0,1056000.0,BALANCED,-32.8203
2024-03-08,CWEB,CWEB,-60000.0,27.41,0.0051,18421000.0,0.0,-60000.0,-0.6546,-418000.0,847000.0,BALANCED,-36.3662
2024-03-11,CWEB,CWEB,-211000.0,29.0,0.058,18210000.0,0.0,-211000.0,-1.5947,-583000.0,528000.0,DISTRIBUTION,-61.8669
2024-03-12,CWEB,CWEB,205000.0,31.47,0.0852,18415000.0,205000.0,0.0,1.1842,-122000.0,433000.0,BALANCED,21.6047
2024-03-13,CWEB,CWEB,-59000.0,32.14,0.0213,18356000.0,0.0,-59000.0,-0.605,-169000.0,388000.0,BALANCED,-27.1252
2024-03-14,CWEB,CWEB,255000.0,30.58,-0.0485,18611000.0,255000.0,0.0,1.4155,130000.0,643000.0,BALANCED,47.3871
2024-03-15,CWEB,CWEB,45000.0,30.23,-0.0114,18656000.0,45000.0,0.0,0.0141,235000.0,677000.0,BALANCED,14.3528
2024-03-18,CWEB,CWEB,-47000.0,30.85,0.0205,18609000.0,0.0,-47000.0,-0.6085,399000.0,346000.0,BALANCED,-7.2116
2024-03-19,CWEB,CWEB,17000.0,30.46,-0.0126,18626000.0,17000.0,0.0,-0.2006,211000.0,418000.0,BALANCED,6.984
2024-03-20,CWEB,CWEB,93000.0,31.85,0.0456,18719000.0,93000.0,0.0,0.3246,363000.0,242000.0,BALANCED,22.1146
2024-03-21,CWEB,CWEB,0.0,30.75,-0.0345,18719000.0,0.0,0.0,-0.2913,108000.0,272000.0,BALANCED,2.7184
2024-03-22,CWEB,CWEB,63000.0,29.89,-0.028,18782000.0,63000.0,0.0,0.1549,126000.0,-44000.0,BALANCED,15.8715
2024-03-25,CWEB,CWEB,-20000.0,29.55,-0.0114,18762000.0,0.0,-20000.0,-0.3819,153000.0,-64000.0,BALANCED,-1.5484
2024-03-26,CWEB,CWEB,-21000.0,29.47,-0.0027,18741000.0,0.0,-21000.0,-0.3351,115000.0,-185000.0,BALANCED,-2.378
2024-03-27,CWEB,CWEB,53000.0,29.55,0.0027,18794000.0,53000.0,0.0,0.1845,75000.0,-12000.0,BALANCED,16.6121
2024-03-28,CWEB,CWEB,-93000.0,29.93,0.0129,18701000.0,0.0,-93000.0,-0.8405,-18000.0,-105000.0,BALANCED,-33.0127
2024-04-01,CWEB,CWEB,53000.0,31.23,0.0434,18754000.0,53000.0,0.0,0.1943,-28000.0,-85000.0,BALANCED,-3.1415
2024-04-02,CWEB,CWEB,-89000.0,31.47,0.0077,18665000.0,0.0,-89000.0,-0.7732,-97000.0,-128000.0,BALANCED,-31.3312
2024-04-03,CWEB,CWEB,59000.0,31.17,-0.0095,18724000.0,59000.0,0.0,0.3166,-17000.0,187000.0,BALANCED,-0.0853
2024-04-04,CWEB,CWEB,0.0,30.5,-0.0215,18724000.0,0.0,0.0,-0.0668,-70000.0,199000.0,BALANCED,-11.671
2024-04-05,CWEB,CWEB,-14000.0,30.51,0.0003,18710000.0,0.0,-14000.0,-0.185,9000.0,229000.0,BALANCED,3.3743
2024-04-08,CWEB,CWEB,-22000.0,30.74,0.0075,18688000.0,0.0,-22000.0,-0.1718,-66000.0,267000.0,BALANCED,-18.2943
2024-04-09,CWEB,CWEB,-22000.0,31.75,0.0329,18666000.0,0.0,-22000.0,-0.1645,1000.0,456000.0,BALANCED,-0.1115
2024-04-10,CWEB,CWEB,10000.0,31.55,-0.0063,18676000.0,10000.0,0.0,0.1844,-48000.0,261000.0,BALANCED,-3.3904
2024-04-11,CWEB,CWEB,19000.0,32.05,0.0158,18695000.0,19000.0,0.0,0.2334,-29000.0,339000.0,BALANCED,-0.1653
2024-04-12,CWEB,CWEB,-71000.0,29.26,-0.0871,18624000.0,0.0,-71000.0,-0.6624,-86000.0,13000.0,BALANCED,-28.5596
2024-04-15,CWEB,CWEB,-32000.0,29.0,-0.0089,18592000.0,0.0,-32000.0,-0.2429,-96000.0,-64000.0,BALANCED,-20.0719
2024-04-16,CWEB,CWEB,-61000.0,28.13,-0.03,18531000.0,0.0,-61000.0,-0.5328,-135000.0,-78000.0,BALANCED,-29.3208
2024-04-17,CWEB,CWEB,-5000.0,27.94,-0.0068,18526000.0,0.0,-5000.0,-0.0537,-150000.0,-100000.0,BALANCED,-19.3427
2024-04-18,CWEB,CWEB,-48000.0,28.39,0.0161,18478000.0,0.0,-48000.0,-0.5357,-217000.0,-241000.0,BALANCED,-33.3917
2024-04-19,CWEB,CWEB,-23000.0,28.06,-0.0116,18455000.0,0.0,-23000.0,-0.2561,-169000.0,-264000.0,BALANCED,-28.4034
2024-04-22,CWEB,CWEB,86000.0,30.34,0.0813,18541000.0,86000.0,0.0,0.9417,-51000.0,-241000.0,BALANCED,15.5425
2024-04-23,CWEB,CWEB,-52000.0,32.06,0.0567,18489000.0,0.0,-52000.0,-0.787,-42000.0,-273000.0,BALANCED,-31.6742
2024-04-24,CWEB,CWEB,241000.0,33.57,0.0471,18730000.0,241000.0,0.0,2.838,204000.0,-11000.0,ACCUMULATION,82.9501
2024-04-25,CWEB,CWEB,17000.0,33.67,0.003,18747000.0,17000.0,0.0,0.0495,269000.0,-47000.0,BALANCED,15.2372
2024-04-26,CWEB,CWEB,348000.0,35.5,0.0544,19095000.0,348000.0,0.0,3.6504,640000.0,394000.0,ACCUMULATION,100.0
2024-04-29,CWEB,CWEB,194000.0,35.11,-0.011,19289000.0,194000.0,0.0,1.7927,748000.0,535000.0,ACCUMULATION,62.8182
2024-04-30,CWEB,CWEB,75000.0,33.22,-0.0538,19364000.0,75000.0,0.0,0.5188,875000.0,699000.0,BALANCED,32.9712
2024-05-01,CWEB,CWEB,15000.0,33.54,0.0096,19379000.0,15000.0,0.0,-0.1052,649000.0,655000.0,BALANCED,19.3712
2024-05-02,CWEB,CWEB,23000.0,38.73,0.1547,19402000.0,23000.0,0.0,0.0025,655000.0,678000.0,BALANCED,24.0613
2024-05-03,CWEB,CWEB,0.0,39.94,0.0312,19402000.0,0.0,0.0,-0.2392,307000.0,692000.0,BALANCED,4.0209
2024-05-06,CWEB,CWEB,-136000.0,39.42,-0.013,19266000.0,0.0,-136000.0,-1.5345,-23000.0,578000.0,DISTRIBUTION,-50.3618
2024-05-07,CWEB,CWEB,106000.0,37.62,-0.0457,19372000.0,106000.0,0.0,0.8548,8000.0,706000.0,BALANCED,33.3689
2024-05-08,CWEB,CWEB,2000.0,37.13,-0.013,19374000.0,2000.0,0.0,-0.191,-5000.0,698000.0,BALANCED,-10.7758
2024-05-09,CWEB,CWEB,39000.0,38.56,0.0385,19413000.0,39000.0,0.0,0.1839,11000.0,718000.0,BALANCED,20.598
2024-05-10,CWEB,CWEB,2000.0,38.42,-0.0036,19415000.0,2000.0,0.0,-0.2233,13000.0,791000.0,BALANCED,12.4169
2024-05-13,CWEB,CWEB,-155000.0,41.37,0.0768,19260000.0,0.0,-155000.0,-1.6731,-6000.0,668000.0,DISTRIBUTION,-53.8275
2024-05-14,CWEB,CWEB,0.0,40.55,-0.0198,19260000.0,0.0,0.0,-0.1967,-112000.0,729000.0,BALANCED,-14.9176
2024-05-15,CWEB,CWEB,23000.0,41.49,0.0232,19283000.0,23000.0,0.0,0.0434,-91000.0,757000.0,BALANCED,-6.9144
2024-05-16,CWEB,CWEB,167000.0,43.73,0.054,19450000.0,167000.0,0.0,1.3724,37000.0,972000.0,BALANCED,48.3089
2024-05-17,CWEB,CWEB,227000.0,43.99,0.0059,19677000.0,227000.0,0.0,1.7685,262000.0,1222000.0,ACCUMULATION,60.2132
2024-05-20,CWEB,CWEB,-80000.0,43.06,-0.0211,19597000.0,0.0,-80000.0,-0.9882,337000.0,1056000.0,BALANCED,-16.7058
2024-05-21,CWEB,CWEB,0.0,40.96,-0.0488,19597000.0,0.0,0.0,-0.2788,337000.0,1108000.0,BALANCED,3.0312
2024-05-22,CWEB,CWEB,-181000.0,39.88,-0.0264,19416000.0,0.0,-181000.0,-1.7452,133000.0,686000.0,DISTRIBUTION,-35.6308
2024-05-23,CWEB,CWEB,-212000.0,37.76,-0.0532,19204000.0,0.0,-212000.0,-1.8241,-246000.0,457000.0,DISTRIBUTION,-59.602
2024-05-24,CWEB,CWEB,0.0,37.54,-0.0058,19204000.0,0.0,0.0,-0.1553,-473000.0,109000.0,BALANCED,-13.883
2024-05-28,CWEB,CWEB,0.0,37.5,-0.0011,19204000.0,0.0,0.0,-0.1643,-393000.0,-85000.0,BALANCED,-14.1078
2024-05-29,CWEB,CWEB,-19000.0,36.48,-0.0272,19185000.0,0.0,-19000.0,-0.3305,-412000.0,-179000.0,BALANCED,-20.2631
2024-05-30,CWEB,CWEB,0.0,37.45,0.0266,19185000.0,0.0,0.0,-0.178,-231000.0,-194000.0,BALANCED,-14.4501
2024-05-31,CWEB,CWEB,-105000.0,35.87,-0.0422,19080000.0,0.0,-105000.0,-1.0009,-124000.0,-322000.0,BALANCED,-37.0234
2024-06-03,CWEB,CWEB,0.0,35.68,-0.0053,19080000.0,0.0,0.0,-0.167,-124000.0,-322000.0,BALANCED,-14.1751
2024-06-04,CWEB,CWEB,-4000.0,35.68,0.0,19076000.0,0.0,-4000.0,-0.1758,-128000.0,-190000.0,BALANCED,-16.3946
2024-06-05,CWEB,CWEB,-80000.0,36.82,0.032,18996000.0,0.0,-80000.0,-0.7761,-189000.0,-376000.0,BALANCED,-33.4028
2024-06-06,CWEB,CWEB,0.0,37.08,0.0071,18996000.0,0.0,0.0,-0.0755,-189000.0,-378000.0,BALANCED,-11.887
2024-06-07,CWEB,CWEB,-33000.0,34.86,-0.0599,18963000.0,0.0,-33000.0,-0.3415,-117000.0,-450000.0,BALANCED,-20.5382
2024-06-10,CWEB,CWEB,27000.0,35.52,0.0189,18990000.0,27000.0,0.0,0.309,-90000.0,-425000.0,BALANCED,-0.2759
2024-06-11,CWEB,CWEB,15000.0,35.05,-0.0132,19005000.0,15000.0,0.0,0.2674,-71000.0,-255000.0,BALANCED,0.6838
2024-06-12,CWEB,CWEB,-53000.0,35.27,0.0063,18952000.0,0.0,-53000.0,-0.4343,-44000.0,-308000.0,BALANCED,-22.857
2024-06-13,CWEB,CWEB,-167000.0,35.68,0.0116,18785000.0,0.0,-167000.0,-1.5587,-211000.0,-498000.0,DISTRIBUTION,-52.9665
2024-06-14,CWEB,CWEB,-57000.0,34.56,-0.0314,18728000.0,0.0,-57000.0,-0.3661,-235000.0,-722000.0,BALANCED,-25.1533
2024-06-17,CWEB,CWEB,0.0,35.06,0.0145,18728000.0,0.0,0.0,0.2382,-262000.0,-949000.0,BALANCED,-4.045
2024-06-18,CWEB,CWEB,-40000.0,34.71,-0.01,18688000.0,0.0,-40000.0,-0.2255,-317000.0,-909000.0,BALANCED,-17.6382
2024-06-20,CWEB,CWEB,-42000.0,34.3,-0.0118,18646000.0,0.0,-42000.0,-0.2002,-306000.0,-951000.0,BALANCED,-19.0056
2024-06-21,CWEB,CWEB,-31000.0,33.5,-0.0233,18615000.0,0.0,-31000.0,-0.0642,-170000.0,-801000.0,BALANCED,-17.6053
2024-06-24,CWEB,CWEB,-20000.0,33.77,0.0081,18595000.0,0.0,-20000.0,0.0826,-133000.0,-609000.0,BALANCED,-15.9343
2024-06-25,CWEB,CWEB,-67000.0,32.61,-0.0344,18528000.0,0.0,-67000.0,-0.4251,-200000.0,-676000.0,BALANCED,-30.6278
2024-06-26,CWEB,CWEB,0.0,32.57,-0.0012,18528000.0,0.0,0.0,0.2873,-160000.0,-676000.0,BALANCED,-2.8179
2024-06-27,CWEB,CWEB,-75000.0,30.78,-0.055,18453000.0,0.0,-75000.0,-0.5639,-193000.0,-732000.0,BALANCED,-26.0984
2024-06-28,CWEB,CWEB,-13000.0,30.36,-0.0136,18440000.0,0.0,-13000.0,0.178,-175000.0,-745000.0,BALANCED,-9.5494
2024-07-01,CWEB,CWEB,48000.0,30.5,0.0046,18488000.0,48000.0,0.0,1.0281,-107000.0,-592000.0,BALANCED,17.7022
2024-07-02,CWEB,CWEB,-44000.0,30.95,0.0148,18444000.0,0.0,-44000.0,-0.0479,-84000.0,-636000.0,BALANCED,-13.1965
2024-07-03,CWEB,CWEB,-119000.0,32.86,0.0617,18325000.0,0.0,-119000.0,-1.2383,-203000.0,-751000.0,BALANCED,-44.957
2024-07-05,CWEB,CWEB,33000.0,31.58,-0.039,18358000.0,33000.0,0.0,1.1808,-95000.0,-638000.0,BALANCED,21.5196
2024-07-08,CWEB,CWEB,12000.0,30.95,-0.0199,18370000.0,12000.0,0.0,0.8107,-70000.0,-626000.0,BALANCED,14.2686
2024-07-09,CWEB,CWEB,163000.0,32.48,0.0494,18533000.0,163000.0,0.0,3.1568,45000.0,-430000.0,ACCUMULATION,94.919
2024-07-10,CWEB,CWEB,105000.0,32.34,-0.0043,18638000.0,105000.0,0.0,1.964,194000.0,-352000.0,ACCUMULATION,67.1005
2024-07-11,CWEB,CWEB,201000.0,33.89,0.0479,18839000.0,201000.0,0.0,2.8522,514000.0,-166000.0,ACCUMULATION,91.3045
2024-07-12,CWEB,CWEB,-27000.0,34.28,0.0115,18812000.0,0.0,-27000.0,-0.1948,454000.0,-140000.0,BALANCED,3.13
2024-07-15,CWEB,CWEB,-101000.0,31.98,-0.0671,18711000.0,0.0,-101000.0,-1.1144,341000.0,-74000.0,BALANCED,-21.8601
2024-07-16,CWEB,CWEB,-23000.0,31.68,-0.0094,18688000.0,0.0,-23000.0,-0.1332,155000.0,-40000.0,BALANCED,0.671
2024-07-17,CWEB,CWEB,0.0,31.0,-0.0215,18688000.0,0.0,0.0,0.1752,50000.0,-40000.0,BALANCED,14.379
2024-07-18,CWEB,CWEB,0.0,30.22,-0.0252,18688000.0,0.0,0.0,0.1733,-151000.0,0.0,BALANCED,-5.6668
2024-07-19,CWEB,CWEB,-31000.0,29.77,-0.0149,18657000.0,0.0,-31000.0,-0.2676,-155000.0,11000.0,BALANCED,-18.6889
2024-07-22,CWEB,CWEB,0.0,31.25,0.0497,18657000.0,0.0,0.0,0.1535,-54000.0,42000.0,BALANCED,-6.1632
2024-07-23,CWEB,CWEB,-9000.0,30.11,-0.0365,18648000.0,0.0,-9000.0,0.0204,-40000.0,53000.0,BALANCED,-11.4899
2024-07-24,CWEB,CWEB,95000.0,28.91,-0.0399,18743000.0,95000.0,0.0,1.3632,55000.0,215000.0,BALANCED,46.0809
2024-07-25,CWEB,CWEB,-89000.0,28.36,-0.019,18654000.0,0.0,-89000.0,-1.0039,-34000.0,126000.0,BALANCED,-37.0986
2024-07-26,CWEB,CWEB,-17000.0,28.73,0.013,18637000.0,0.0,-17000.0,-0.0848,-20000.0,184000.0,BALANCED,-16.1211
2024-07-29,CWEB,CWEB,0.0,28.8,0.0024,18637000.0,0.0,0.0,0.0698,-20000.0,197000.0,BALANCED,-8.2552
2024-07-30,CWEB,CWEB,-16000.0,27.85,-0.033,18621000.0,0.0,-16000.0,-0.1775,-27000.0,133000.0,BALANCED,-16.4382
2024-07-31,CWEB,CWEB,84000.0,28.8,0.0341,18705000.0,84000.0,0.0,1.1799,-38000.0,261000.0,BALANCED,21.4985
2024-08-01,CWEB,CWEB,-32000.0,27.48,-0.0458,18673000.0,0.0,-32000.0,-0.4393,19000.0,348000.0,BALANCED,-2.9827
2024-08-02,CWEB,CWEB,-14000.0,26.85,-0.0229,18659000.0,0.0,-14000.0,-0.2024,22000.0,301000.0,BALANCED,0.9411
2024-08-05,CWEB,CWEB,116000.0,27.16,0.0115,18775000.0,116000.0,0.0,1.4937,138000.0,405000.0,BALANCED,49.3429
2024-08-06,CWEB,CWEB,0.0,27.8,0.0236,18775000.0,0.0,0.0,-0.0811,154000.0,242000.0,BALANCED,7.9714
2024-08-07,CWEB,CWEB,-35000.0,27.31,-0.0176,18740000.0,0.0,-35000.0,-0.5756,35000.0,102000.0,BALANCED,-6.3909
2024-08-08,CWEB,CWEB,1000.0,28.78,0.0538,18741000.0,1000.0,0.0,-0.0835,68000.0,-98000.0,BALANCED,9.9131
2024-08-09,CWEB,CWEB,9000.0,28.35,-0.0149,18750000.0,9000.0,0.0,-0.0126,91000.0,-62000.0,BALANCED,13.6849
2024-08-12,CWEB,CWEB,28000.0,28.87,0.0183,18778000.0,28000.0,0.0,0.2345,3000.0,67000.0,BALANCED,21.8631
2024-08-13,CWEB,CWEB,0.0,28.87,0.0,18778000.0,0.0,0.0,-0.1361,3000.0,90000.0,BALANCED,6.598
2024-08-14,CWEB,CWEB,8000.0,27.57,-0.045,18786000.0,8000.0,0.0,-0.0484,46000.0,98000.0,BALANCED,10.7911
2024-08-15,CWEB,CWEB,-69000.0,28.46,0.0323,18717000.0,0.0,-69000.0,-1.213,-24000.0,29000.0,BALANCED,-42.3246
2024-08-16,CWEB,CWEB,46000.0,29.64,0.0415,18763000.0,46000.0,0.0,0.4791,13000.0,106000.0,BALANCED,23.9784
2024-08-19,CWEB,CWEB,-56000.0,30.38,0.025,18707000.0,0.0,-56000.0,-0.9743,-71000.0,50000.0,BALANCED,-36.357
2024-08-20,CWEB,CWEB,-152000.0,27.82,-0.0843,18555000.0,0.0,-152000.0,-2.2108,-223000.0,-93000.0,DISTRIBUTION,-69.2708
2024-08-21,CWEB,CWEB,0.0,28.67,0.0306,18555000.0,0.0,0.0,0.0418,-231000.0,-188000.0,BALANCED,-8.9555
2024-08-22,CWEB,CWEB,-41000.0,27.67,-0.0349,18514000.0,0.0,-41000.0,-0.5567,-203000.0,-140000.0,BALANCED,-25.9174
2024-08-23,CWEB,CWEB,0.0,28.21,0.0195,18514000.0,0.0,0.0,0.1835,-249000.0,-123000.0,BALANCED,-5.4127
2024-08-26,CWEB,CWEB,-150000.0,26.39,-0.0645,18364000.0,0.0,-150000.0,-2.4031,-343000.0,-273000.0,DISTRIBUTION,-72.0782
2024-08-27,CWEB,CWEB,-57000.0,26.33,-0.0023,18307000.0,0.0,-57000.0,-0.7616,-248000.0,-314000.0,BALANCED,-33.0391
2024-08-28,CWEB,CWEB,14000.0,24.72,-0.0611,18321000.0,14000.0,0.0,0.4497,-234000.0,-384000.0,BALANCED,3.2433
2024-08-29,CWEB,CWEB,-75000.0,25.94,0.0494,18246000.0,0.0,-75000.0,-1.0148,-268000.0,-427000.0,BALANCED,-37.3705
2024-08-30,CWEB,CWEB,-119000.0,26.59,0.0251,18127000.0,0.0,-119000.0,-1.6261,-387000.0,-532000.0,DISTRIBUTION,-54.6513
2024-09-03,CWEB,CWEB,-83000.0,26.2,-0.0147,18044000.0,0.0,-83000.0,-0.9878,-320000.0,-731000.0,BALANCED,-40.6943
2024-09-04,CWEB,CWEB,-21000.0,26.15,-0.0019,18023000.0,0.0,-21000.0,-0.0026,-284000.0,-752000.0,BALANCED,-18.0658
2024-09-05,CWEB,CWEB,6000.0,26.19,0.0015,18029000.0,6000.0,0.0,0.4994,-292000.0,-711000.0,BALANCED,4.4853
2024-09-06,CWEB,CWEB,0.0,25.73,-0.0176,18029000.0,0.0,0.0,0.356,-217000.0,-712000.0,BALANCED,-1.0996
2024-09-09,CWEB,CWEB,2000.0,25.91,0.007,18031000.0,2000.0,0.0,0.3784,-96000.0,-719000.0,BALANCED,1.4607
2024-09-10,CWEB,CWEB,0.0,25.72,-0.0073,18031000.0,0.0,0.0,0.3443,-13000.0,-747000.0,BALANCED,-1.3916
2024-09-11,CWEB,CWEB,75000.0,26.26,0.021,18106000.0,75000.0,0.0,1.5063,83000.0,-672000.0,ACCUMULATION,49.658
2024-09-12,CWEB,CWEB,-5000.0,26.28,0.0008,18101000.0,0.0,-5000.0,0.26,72000.0,-685000.0,BALANCED,14.5009
2024-09-13,CWEB,CWEB,45000.0,25.96,-0.0122,18146000.0,45000.0,0.0,1.0543,117000.0,-571000.0,BALANCED,38.3584
2024-09-16,CWEB,CWEB,-7000.0,26.23,0.0104,18139000.0,0.0,-7000.0,0.174,108000.0,-624000.0,BALANCED,12.3512
2024-09-17,CWEB,CWEB,50000.0,26.94,0.0271,18189000.0,50000.0,0.0,1.2563,158000.0,-518000.0,BALANCED,43.4086
2024-09-18,CWEB,CWEB,-26000.0,26.6,-0.0126,18163000.0,0.0,-26000.0,-0.1014,57000.0,-392000.0,BALANCED,5.4653
2024-09-19,CWEB,CWEB,106000.0,29.01,0.0906,18269000.0,106000.0,0.0,2.0364,168000.0,-286000.0,ACCUMULATION,62.911
2024-09-20,CWEB,CWEB,0.0,28.71,-0.0103,18269000.0,0.0,0.0,0.2633,123000.0,-245000.0,BALANCED,16.5828
2024-09-23,CWEB,CWEB,174000.0,29.66,0.0331,18443000.0,174000.0,0.0,2.6705,304000.0,-71000.0,ACCUMULATION,78.7637
2024-09-24,CWEB,CWEB,823000.0,35.69,0.2033,19266000.0,823000.0,0.0,4.8278,1077000.0,902000.0,ACCUMULATION,100.0
2024-09-25,CWEB,CWEB,373000.0,33.86,-0.0513,19639000.0,373000.0,0.0,1.9204,1476000.0,1332000.0,ACCUMULATION,64.0109
2024-09-26,CWEB,CWEB,2281000.0,41.65,0.2301,21920000.0,2281000.0,0.0,4.8534,3651000.0,3599000.0,ACCUMULATION,100.0
2024-09-27,CWEB,CWEB,1877000.0,44.9,0.078,23797000.0,1877000.0,0.0,3.0968,5528000.0,5551000.0,ACCUMULATION,97.4212
2024-09-30,CWEB,CWEB,3197000.0,45.12,0.0049,26994000.0,3197000.0,0.0,3.7475,8551000.0,8867000.0,ACCUMULATION,100.0
2024-10-01,CWEB,CWEB,1941000.0,50.58,0.121,28935000.0,1941000.0,0.0,1.9184,9669000.0,10891000.0,ACCUMULATION,71.9601
2024-10-02,CWEB,CWEB,3337000.0,56.99,0.1267,32272000.0,3337000.0,0.0,2.9048,12633000.0,14249000.0,ACCUMULATION,98.6207
2024-10-03,CWEB,CWEB,1680000.0,53.57,-0.06,33952000.0,1680000.0,0.0,1.1531,12032000.0,15923000.0,BALANCED,56.8264
2024-10-04,CWEB,CWEB,1753000.0,57.03,0.0646,35705000.0,1753000.0,0.0,1.1447,11908000.0,17676000.0,BALANCED,58.6166
2024-10-07,CWEB,CWEB,0.0,58.37,0.0235,35705000.0,0.0,0.0,-0.5559,8711000.0,17674000.0,BALANCED,-3.8972
2024-10-08,CWEB,CWEB,1120000.0,47.04,-0.1941,36825000.0,1120000.0,0.0,0.4918,7890000.0,18794000.0,BALANCED,24.2939
2024-10-09,CWEB,CWEB,0.0,45.74,-0.0276,36825000.0,0.0,0.0,-0.6022,4553000.0,18719000.0,BALANCED,-5.0559
2024-10-10,CWEB,CWEB,-356000.0,45.94,0.0044,36469000.0,0.0,-356000.0,-0.9288,2517000.0,18368000.0,BALANCED,-15.2189
2024-10-11,CWEB,CWEB,-553000.0,46.71,0.0168,35916000.0,0.0,-553000.0,-1.0886,211000.0,17770000.0,BALANCED,-21.2149
2024-10-14,CWEB,CWEB,-635000.0,44.24,-0.0529,35281000.0,0.0,-635000.0,-1.133,-424000.0,17142000.0,BALANCED,-44.3241
2024-10-15,CWEB,CWEB,0.0,38.58,-0.1279,35281000.0,0.0,0.0,-0.5403,-1544000.0,17092000.0,BALANCED,-23.5063
2024-10-16,CWEB,CWEB,-34000.0,39.72,0.0295,35247000.0,0.0,-34000.0,-0.5717,-1578000.0,17084000.0,BALANCED,-26.2919
2024-10-17,CWEB,CWEB,-229000.0,36.8,-0.0735,35018000.0,0.0,-229000.0,-0.744,-1451000.0,16749000.0,BALANCED,-32.6
2024-10-18,CWEB,CWEB,12000.0,39.95,0.0856,35030000.0,12000.0,0.0,-0.519,-886000.0,16761000.0,BALANCED,-20.9756
2024-10-21,CWEB,CWEB,0.0,39.08,-0.0218,35030000.0,0.0,0.0,-0.5302,-251000.0,16587000.0,BALANCED,-23.2543
2024-10-22,CWEB,CWEB,-52000.0,40.29,0.031,34978000.0,0.0,-52000.0,-0.5767,-303000.0,15712000.0,BALANCED,-26.4167
2024-10-23,CWEB,CWEB,0.0,39.12,-0.029,34978000.0,0.0,0.0,-0.5251,-269000.0,15339000.0,BALANCED,-23.1275
2024-10-24,CWEB,CWEB,71000.0,38.1,-0.0261,35049000.0,71000.0,0.0,-0.4617,31000.0,13129000.0,BALANCED,0.4567
2024-10-25,CWEB,CWEB,0.0,38.81,0.0186,35049000.0,0.0,0.0,-0.5263,19000.0,11252000.0,BALANCED,-3.1579
2024-10-28,CWEB,CWEB,136000.0,41.23,0.0624,35185000.0,136000.0,0.0,-0.4046,155000.0,8191000.0,BALANCED,1.8849
2024-10-29,CWEB,CWEB,-130000.0,40.54,-0.0167,35055000.0,0.0,-130000.0,-0.6459,77000.0,6120000.0,BALANCED,-8.1469
2024-10-30,CWEB,CWEB,0.0,39.51,-0.0254,35055000.0,0.0,0.0,-0.5256,77000.0,2783000.0,BALANCED,-3.1405
2024-10-31,CWEB,CWEB,47000.0,39.06,-0.0114,35102000.0,47000.0,0.0,-0.4795,53000.0,1150000.0,BALANCED,0.0125
2024-11-01,CWEB,CWEB,18000.0,38.89,-0.0044,35120000.0,18000.0,0.0,-0.5073,71000.0,-585000.0,BALANCED,1.3186
2024-11-04,CWEB,CWEB,-207000.0,39.78,0.0229,34913000.0,0.0,-207000.0,-0.7008,-272000.0,-792000.0,BALANCED,-29.519
2024-11-05,CWEB,CWEB,14000.0,41.61,0.046,34927000.0,14000.0,0.0,-0.4696,-128000.0,-1898000.0,BALANCED,-19.7399
2024-11-06,CWEB,CWEB,100000.0,39.9,-0.0411,35027000.0,100000.0,0.0,-0.3808,-28000.0,-1798000.0,BALANCED,-15.5208
2024-11-07,CWEB,CWEB,0.0,43.83,0.0985,35027000.0,0.0,0.0,-0.4222,-75000.0,-1442000.0,BALANCED,-20.5543
2024-11-08,CWEB,CWEB,-60000.0,38.13,-0.13,34967000.0,0.0,-60000.0,-0.4315,-153000.0,-949000.0,BALANCED,-22.7885
2024-11-11,CWEB,CWEB,30000.0,38.38,0.0066,34997000.0,30000.0,0.0,-0.2788,84000.0,-284000.0,BALANCED,5.0293
2024-11-12,CWEB,CWEB,-482000.0,34.9,-0.0907,34515000.0,0.0,-482000.0,-0.837,-412000.0,-766000.0,BALANCED,-32.9244
2024-11-13,CWEB,CWEB,0.0,34.5,-0.0115,34515000.0,0.0,0.0,-0.1405,-512000.0,-732000.0,BALANCED,-13.5136
2024-11-14,CWEB,CWEB,-311000.0,33.4,-0.0319,34204000.0,0.0,-311000.0,-0.7238,-823000.0,-814000.0,BALANCED,-30.0952
2024-11-15,CWEB,CWEB,39000.0,33.98,0.0174,34243000.0,39000.0,0.0,0.2984,-724000.0,-787000.0,BALANCED,-0.5394
2024-11-18,CWEB,CWEB,0.0,35.22,0.0365,34243000.0,0.0,0.0,0.1658,-754000.0,-787000.0,BALANCED,-5.8558
2024-11-19,CWEB,CWEB,-5000.0,34.84,-0.0108,34238000.0,0.0,-5000.0,0.4171,-277000.0,-740000.0,BALANCED,-1.5737
2024-11-20,CWEB,CWEB,0.0,36.07,0.0353,34238000.0,0.0,0.0,0.4427,-277000.0,-740000.0,BALANCED,1.0681
2024-11-21,CWEB,CWEB,110000.0,34.88,-0.033,34348000.0,110000.0,0.0,0.9457,144000.0,-701000.0,BALANCED,35.6431
2024-11-22,CWEB,CWEB,0.0,32.9,-0.0568,34348000.0,0.0,0.0,0.3107,105000.0,-701000.0,BALANCED,17.7663
2024-11-25,CWEB,CWEB,0.0,33.23,0.01,34348000.0,0.0,0.0,0.2441,105000.0,-837000.0,BALANCED,16.1032
2024-11-26,CWEB,CWEB,-35000.0,33.13,-0.003,34313000.0,0.0,-35000.0,-0.0215,75000.0,-742000.0,BALANCED,7.463
2024-11-27,CWEB,CWEB,-140000.0,35.31,0.0658,34173000.0,0.0,-140000.0,-0.8092,-65000.0,-882000.0,BALANCED,-34.2298
2024-11-29,CWEB,CWEB,-59000.0,35.0,-0.0088,34114000.0,0.0,-59000.0,-0.2335,-234000.0,-988000.0,BALANCED,-21.8381
2024-12-02,CWEB,CWEB,0.0,35.75,0.0214,34114000.0,0.0,0.0,0.2473,-234000.0,-1006000.0,BALANCED,-3.8187
2024-12-03,CWEB,CWEB,78000.0,35.71,-0.0011,34192000.0,78000.0,0.0,0.8477,-156000.0,-721000.0,BALANCED,13.1921
2024-12-04,CWEB,CWEB,0.0,34.56,-0.0322,34192000.0,0.0,0.0,0.2096,-121000.0,-735000.0,BALANCED,-4.7593
2024-12-05,CWEB,CWEB,47000.0,34.8,0.0069,34239000.0,47000.0,0.0,0.5703,66000.0,-788000.0,BALANCED,26.2564
2024-12-06,CWEB,CWEB,50000.0,35.54,0.0213,34289000.0,50000.0,0.0,0.6021,175000.0,-738000.0,BALANCED,29.052
2024-12-09,CWEB,CWEB,784000.0,42.68,0.2009,35073000.0,784000.0,0.0,4.0437,959000.0,106000.0,ACCUMULATION,100.0
2024-12-10,CWEB,CWEB,64000.0,38.62,-0.0951,35137000.0,64000.0,0.0,0.341,945000.0,140000.0,BALANCED,26.5242
2024-12-11,CWEB,CWEB,0.0,37.58,-0.0269,35137000.0,0.0,0.0,-0.0143,945000.0,622000.0,BALANCED,9.642
2024-12-12,CWEB,CWEB,87000.0,37.66,0.0021,35224000.0,87000.0,0.0,0.4249,985000.0,709000.0,BALANCED,22.6236
2024-12-13,CWEB,CWEB,-120000.0,36.52,-0.0303,35104000.0,0.0,-120000.0,-0.6232,815000.0,900000.0,BALANCED,-7.5804
2024-12-16,CWEB,CWEB,-43000.0,34.61,-0.0523,35061000.0,0.0,-43000.0,-0.2128,-12000.0,818000.0,BALANCED,-19.3212
2024-12-17,CWEB,CWEB,19000.0,35.97,0.0393,35080000.0,19000.0,0.0,0.0711,-57000.0,837000.0,BALANCED,-6.2219
2024-12-18,CWEB,CWEB,-126000.0,34.29,-0.0467,34954000.0,0.0,-126000.0,-0.6666,-183000.0,716000.0,BALANCED,-28.6642
2024-12-19,CWEB,CWEB,0.0,34.32,0.0009,34954000.0,0.0,0.0,0.0128,-270000.0,716000.0,BALANCED,-9.6789
2024-12-20,CWEB,CWEB,26000.0,34.69,0.0108,34980000.0,26000.0,0.0,0.1454,-124000.0,632000.0,BALANCED,-4.3638
2024-12-23,CWEB,CWEB,50000.0,33.68,-0.0291,35030000.0,50000.0,0.0,0.2529,-31000.0,682000.0,BALANCED,0.3219
2024-12-24,CWEB,CWEB,-68000.0,33.92,0.0071,34962000.0,0.0,-68000.0,-0.3522,-118000.0,614000.0,BALANCED,-20.8046
2024-12-26,CWEB,CWEB,0.0,34.0,0.0024,34962000.0,0.0,0.0,-0.0894,8000.0,649000.0,BALANCED,7.7648
2024-12-27,CWEB,CWEB,8000.0,32.95,-0.0309,34970000.0,8000.0,0.0,-0.043,16000.0,797000.0,BALANCED,10.9248
2024-12-30,CWEB,CWEB,57000.0,31.65,-0.0395,35027000.0,57000.0,0.0,0.1908,47000.0,913000.0,BALANCED,18.771
2024-12-31,CWEB,CWEB,-121000.0,31.93,0.0088,34906000.0,0.0,-121000.0,-0.91,-124000.0,792000.0,BALANCED,-34.7499
2025-01-02,CWEB,CWEB,-87000.0,30.78,-0.036,34819000.0,0.0,-87000.0,-0.6701,-143000.0,627000.0,BALANCED,-30.7537
2025-01-03,CWEB,CWEB,-47000.0,31.33,0.0179,34772000.0,0.0,-47000.0,-0.4079,-190000.0,580000.0,BALANCED,-26.1964
2025-01-06,CWEB,CWEB,-201000.0,30.3,-0.0329,34571000.0,0.0,-201000.0,-1.2947,-399000.0,332000.0,BALANCED,-50.3685
2025-01-07,CWEB,CWEB,-149000.0,29.91,-0.0129,34422000.0,0.0,-149000.0,-0.9166,-605000.0,133000.0,BALANCED,-42.9157
2025-01-08,CWEB,CWEB,-24000.0,29.69,-0.0074,34398000.0,0.0,-24000.0,-0.1553,-508000.0,-675000.0,BALANCED,-25.8815
2025-01-10,CWEB,CWEB,0.0,27.72,-0.0664,34398000.0,0.0,0.0,-0.0101,-421000.0,-739000.0,BALANCED,-10.252
2025-01-13,CWEB,CWEB,-161000.0,28.1,0.0137,34237000.0,0.0,-161000.0,-0.944,-535000.0,-900000.0,BALANCED,-35.6012
2025-01-14,CWEB,CWEB,0.0,29.62,0.0541,34237000.0,0.0,0.0,-0.0129,-334000.0,-987000.0,BALANCED,-10.3216
2025-01-15,CWEB,CWEB,83000.0,30.39,0.026,34320000.0,83000.0,0.0,0.4585,-102000.0,-784000.0,BALANCED,3.4617
2025-01-16,CWEB,CWEB,-16000.0,30.25,-0.0046,34304000.0,0.0,-16000.0,-0.1344,-94000.0,-757000.0,BALANCED,-15.3612
2025-01-17,CWEB,CWEB,460000.0,32.09,0.0608,34764000.0,460000.0,0.0,2.3793,366000.0,-316000.0,ACCUMULATION,71.482
2025-01-21,CWEB,CWEB,121000.0,32.37,0.0087,34885000.0,121000.0,0.0,0.5258,648000.0,-69000.0,BALANCED,27.1439
2025-01-22,CWEB,CWEB,197000.0,31.99,-0.0117,35082000.0,197000.0,0.0,0.8943,845000.0,128000.0,BALANCED,38.3571
2025-01-23,CWEB,CWEB,55000.0,32.15,0.005,35137000.0,55000.0,0.0,0.1415,817000.0,157000.0,BALANCED,21.5382
2025-01-24,CWEB,CWEB,157000.0,34.48,0.0725,35294000.0,157000.0,0.0,1.1791,990000.0,264000.0,BALANCED,49.478
2025-01-27,CWEB,CWEB,319000.0,35.09,0.0177,35613000.0,319000.0,0.0,2.1838,849000.0,651000.0,ACCUMULATION,76.5957
2025-01-28,CWEB,CWEB,9000.0,36.89,0.0513,35622000.0,9000.0,0.0,-0.0516,737000.0,660000.0,BALANCED,22.709
2025-01-29,CWEB,CWEB,323000.0,36.08,-0.022,35945000.0,323000.0,0.0,2.0034,863000.0,975000.0,ACCUMULATION,76.0845
2025-01-30,CWEB,CWEB,170000.0,38.79,0.0751,36115000.0,170000.0,0.0,0.9149,978000.0,1088000.0,BALANCED,50.8734
2025-01-31,CWEB,CWEB,674000.0,36.08,-0.0699,36789000.0,674000.0,0.0,3.2698,1495000.0,1883000.0,ACCUMULATION,100.0
2025-02-03,CWEB,CWEB,89000.0,35.21,-0.0241,36878000.0,89000.0,0.0,0.1542,1265000.0,2059000.0,BALANCED,33.856
2025-02-04,CWEB,CWEB,322000.0,37.42,0.0628,37200000.0,322000.0,0.0,1.2943,1578000.0,2428000.0,BALANCED,62.3572
2025-02-05,CWEB,CWEB,0.0,35.8,-0.0433,37200000.0,0.0,0.0,-0.3921,1255000.0,2629000.0,BALANCED,0.1977
2025-02-06,CWEB,CWEB,-3000.0,37.16,0.038,37197000.0,0.0,-3000.0,-0.402,1082000.0,2775000.0,BALANCED,-2.0512
2025-02-07,CWEB,CWEB,0.0,38.52,0.0366,37197000.0,0.0,0.0,-0.3768,408000.0,2799000.0,BALANCED,0.5801
2025-02-10,CWEB,CWEB,282000.0,41.15,0.0683,37479000.0,282000.0,0.0,1.0237,601000.0,3081000.0,BALANCED,37.5922
2025-02-11,CWEB,CWEB,407000.0,39.47,-0.0408,37886000.0,407000.0,0.0,1.5359,686000.0,3649000.0,ACCUMULATION,52.3975
2025-02-12,CWEB,CWEB,82000.0,41.67,0.0557,37968000.0,82000.0,0.0,-0.0893,768000.0,3731000.0,BALANCED,13.7678
2025-02-13,CWEB,CWEB,498000.0,43.31,0.0394,38466000.0,498000.0,0.0,1.7969,1269000.0,4146000.0,ACCUMULATION,62.9223
2025-02-14,CWEB,CWEB,640000.0,46.24,0.0677,39106000.0,640000.0,0.0,2.1831,1909000.0,4802000.0,ACCUMULATION,74.5776
2025-02-18,CWEB,CWEB,1616000.0,46.34,0.0022,40722000.0,1616000.0,0.0,4.0555,3243000.0,5958000.0,ACCUMULATION,100.0
2025-02-19,CWEB,CWEB,355000.0,44.59,-0.0378,41077000.0,355000.0,0.0,0.4162,3191000.0,6192000.0,BALANCED,34.405
2025-02-20,CWEB,CWEB,-363000.0,46.18,0.0357,40714000.0,0.0,-363000.0,-1.5959,2746000.0,5632000.0,DISTRIBUTION,-31.8981
2025-02-21,CWEB,CWEB,-468000.0,48.81,0.057,40246000.0,0.0,-468000.0,-1.7841,1780000.0,5109000.0,DISTRIBUTION,-38.6021
2025-02-24,CWEB,CWEB,-166000.0,42.73,-0.1246,40080000.0,0.0,-166000.0,-0.948,974000.0,4786000.0,BALANCED,-19.6998
2025-02-25,CWEB,CWEB,0.0,42.97,0.0056,40080000.0,0.0,0.0,-0.5052,-642000.0,4467000.0,BALANCED,-22.6301
2025-02-26,CWEB,CWEB,394000.0,45.01,0.0475,40474000.0,394000.0,0.0,0.502,-603000.0,4852000.0,BALANCED,4.5512
2025-02-27,CWEB,CWEB,0.0,43.63,-0.0307,40474000.0,0.0,0.0,-0.5609,-240000.0,4529000.0,BALANCED,-24.0215
2025-02-28,CWEB,CWEB,207000.0,41.64,-0.0456,40681000.0,207000.0,0.0,-0.0136,435000.0,4566000.0,BALANCED,11.6598
2025-03-03,CWEB,CWEB,-109000.0,40.21,-0.0343,40572000.0,0.0,-109000.0,-0.854,492000.0,3783000.0,BALANCED,-13.3499
2025-03-04,CWEB,CWEB,-64000.0,42.3,0.052,40508000.0,0.0,-64000.0,-0.686,428000.0,3630000.0,BALANCED,-11.1502
2025-03-05,CWEB,CWEB,0.0,48.34,0.1428,40508000.0,0.0,0.0,-0.5014,34000.0,3308000.0,BALANCED,-2.5344
2025-03-06,CWEB,CWEB,0.0,48.9,0.0116,40508000.0,0.0,0.0,-0.4818,34000.0,3308000.0,BALANCED,-2.0452
2025-03-07,CWEB,CWEB,129000.0,49.09,0.0039,40637000.0,129000.0,0.0,-0.145,-44000.0,3440000.0,BALANCED,-11.6244
2025-03-10,CWEB,CWEB,90000.0,44.93,-0.0847,40727000.0,90000.0,0.0,-0.2428,155000.0,3530000.0,BALANCED,7.9289
2025-03-11,CWEB,CWEB,0.0,46.98,0.0456,40727000.0,0.0,0.0,-0.4538,219000.0,3248000.0,BALANCED,-1.3458
2025-03-12,CWEB,CWEB,0.0,45.74,-0.0264,40727000.0,0.0,0.0,-0.4529,219000.0,2841000.0,BALANCED,-1.3217
2025-03-13,CWEB,CWEB,66000.0,45.65,-0.002,40793000.0,66000.0,0.0,-0.2549,285000.0,2825000.0,BALANCED,5.628
2025-03-14,CWEB,CWEB,-212000.0,48.27,0.0574,40581000.0,0.0,-212000.0,-0.9466,-56000.0,2115000.0,BALANCED,-35.6654
2025-03-17,CWEB,CWEB,0.0,52.33,0.0841,40581000.0,0.0,0.0,-0.3427,-146000.0,1475000.0,BALANCED,-18.5669
2025-03-18,CWEB,CWEB,-54000.0,51.05,-0.0245,40527000.0,0.0,-54000.0,-0.4743,-200000.0,-195000.0,BALANCED,-23.858
2025-03-19,CWEB,CWEB,77000.0,50.61,-0.0086,40604000.0,77000.0,0.0,-0.099,-123000.0,-473000.0,BALANCED,-10.4746
2025-03-20,CWEB,CWEB,367000.0,46.94,-0.0725,40971000.0,367000.0,0.0,0.6511,178000.0,257000.0,BALANCED,30.2777
2025-03-21,CWEB,CWEB,-32000.0,45.05,-0.0403,40939000.0,0.0,-32000.0,-0.4225,358000.0,693000.0,BALANCED,-2.562
2025-03-24,CWEB,CWEB,-111000.0,45.27,0.0049,40828000.0,0.0,-111000.0,-0.6224,247000.0,748000.0,BALANCED,-9.5594
2025-03-25,CWEB,CWEB,-94000.0,43.97,-0.0287,40734000.0,0.0,-94000.0,-0.5421,207000.0,654000.0,BALANCED,-9.5527
2025-03-26,CWEB,CWEB,-65000.0,44.51,0.0123,40669000.0,0.0,-65000.0,-0.4259,65000.0,195000.0,BALANCED,-8.6466
2025-03-27,CWEB,CWEB,81000.0,46.52,0.0452,40750000.0,81000.0,0.0,-0.0317,-221000.0,276000.0,BALANCED,-8.7918
2025-03-28,CWEB,CWEB,-20000.0,43.48,-0.0653,40730000.0,0.0,-20000.0,-0.2631,-209000.0,49000.0,BALANCED,-18.5763
2025-03-31,CWEB,CWEB,0.0,43.06,-0.0097,40730000.0,0.0,0.0,-0.156,-98000.0,158000.0,BALANCED,-13.8995
2025-04-01,CWEB,CWEB,-68000.0,43.5,0.0102,40662000.0,0.0,-68000.0,-0.3602,-72000.0,154000.0,BALANCED,-21.0039
2025-04-02,CWEB,CWEB,26000.0,43.26,-0.0055,40688000.0,26000.0,0.0,0.2285,19000.0,180000.0,BALANCED,17.7117
2025-04-03,CWEB,CWEB,-241000.0,42.25,-0.0233,40447000.0,0.0,-241000.0,-1.422,-303000.0,-61000.0,BALANCED,-47.55
2025-04-04,CWEB,CWEB,-145000.0,34.42,-0.1853,40302000.0,0.0,-145000.0,-1.0413,-428000.0,-335000.0,BALANCED,-40.0331
2025-04-07,CWEB,CWEB,-549000.0,30.0,-0.1284,39753000.0,0.0,-549000.0,-3.1482,-977000.0,-974000.0,DISTRIBUTION,-94.704
2025-04-08,CWEB,CWEB,-399000.0,27.79,-0.0737,39354000.0,0.0,-399000.0,-2.026,-1308000.0,-1373000.0,DISTRIBUTION,-68.6507
2025-04-09,CWEB,CWEB,-610000.0,31.18,0.122,38744000.0,0.0,-610000.0,-2.8017,-1944000.0,-1983000.0,DISTRIBUTION,-90.0417
2025-04-10,CWEB,CWEB,-321000.0,30.45,-0.0234,38423000.0,0.0,-321000.0,-1.2473,-2024000.0,-2370000.0,BALANCED,-53.1825
2025-04-11,CWEB,CWEB,0.0,32.3,0.0608,38423000.0,0.0,0.0,0.3835,-1879000.0,-2158000.0,BALANCED,-0.4128
2025-04-14,CWEB,CWEB,-93000.0,33.79,0.0461,38330000.0,0.0,-93000.0,-0.0931,-1423000.0,-2251000.0,BALANCED,-14.3276
2025-04-15,CWEB,CWEB,0.0,33.48,-0.0092,38330000.0,0.0,0.0,0.3692,-1024000.0,-2197000.0,BALANCED,-0.771
2025-04-16,CWEB,CWEB,169000.0,31.46,-0.0603,38499000.0,169000.0,0.0,1.1729,-245000.0,-2105000.0,BALANCED,21.3224
2025-04-17,CWEB,CWEB,0.0,31.49,0.001,38499000.0,0.0,0.0,0.3329,76000.0,-2472000.0,BALANCED,18.3216
2025-04-21,CWEB,CWEB,-39000.0,31.59,0.0032,38460000.0,0.0,-39000.0,0.1697,37000.0,-2479000.0,BALANCED,12.2414
2025-04-22,CWEB,CWEB,-150000.0,33.67,0.0658,38310000.0,0.0,-150000.0,-0.3544,-20000.0,-2518000.0,BALANCED,-22.8611
2025-04-23,CWEB,CWEB,-27000.0,35.27,0.0475,38283000.0,0.0,-27000.0,0.2785,-47000.0,-2451000.0,BALANCED,-9.0375
2025-04-24,CWEB,CWEB,111000.0,35.4,0.0037,38394000.0,111000.0,0.0,0.9524,-105000.0,-2275000.0,BALANCED,15.8103
2025-04-25,CWEB,CWEB,-26000.0,35.25,-0.0042,38368000.0,0.0,-26000.0,0.2789,-131000.0,-2382000.0,BALANCED,-5.0274
2025-04-28,CWEB,CWEB,108000.0,35.25,0.0,38476000.0,108000.0,0.0,0.9002,16000.0,-2254000.0,BALANCED,34.5052
2025-04-29,CWEB,CWEB,7000.0,35.62,0.0105,38483000.0,7000.0,0.0,0.3885,173000.0,-2247000.0,BALANCED,23.7134
2025-04-30,CWEB,CWEB,46000.0,35.44,-0.0051,38529000.0,46000.0,0.0,0.5655,246000.0,-2133000.0,BALANCED,30.137
2025-05-01,CWEB,CWEB,0.0,35.49,0.0014,38529000.0,0.0,0.0,0.3499,135000.0,-2159000.0,BALANCED,18.7464
2025-05-02,CWEB,CWEB,141000.0,38.71,0.0907,38670000.0,141000.0,0.0,1.1808,302000.0,-1777000.0,BALANCED,41.5206
2025-05-05,CWEB,CWEB,63000.0,38.8,0.0023,38733000.0,63000.0,0.0,0.7342,257000.0,-1569000.0,BALANCED,32.3546
2025-05-06,CWEB,CWEB,90000.0,39.55,0.0193,38823000.0,90000.0,0.0,0.8334,340000.0,-930000.0,BALANCED,36.8359
2025-05-07,CWEB,CWEB,0.0,37.31,-0.0566,38823000.0,0.0,0.0,0.3379,294000.0,-531000.0,BALANCED,18.4487
2025-05-08,CWEB,CWEB,0.0,38.17,0.0231,38823000.0,0.0,0.0,0.3258,294000.0,79000.0,BALANCED,18.1458
2025-05-09,CWEB,CWEB,10000.0,37.05,-0.0293,38833000.0,10000.0,0.0,0.3943,163000.0,410000.0,BALANCED,21.8564
2025-05-12,CWEB,CWEB,-46000.0,41.15,0.1107,38787000.0,0.0,-46000.0,0.1002,54000.0,364000.0,BALANCED,10.505
2025-05-13,CWEB,CWEB,-55000.0,41.02,-0.0032,38732000.0,0.0,-55000.0,0.0621,-91000.0,402000.0,BALANCED,-12.4484
2025-05-14,CWEB,CWEB,59000.0,42.3,0.0312,38791000.0,59000.0,0.0,0.6445,-32000.0,461000.0,BALANCED,8.1131
2025-05-15,CWEB,CWEB,0.0,40.08,-0.0525,38791000.0,0.0,0.0,0.3364,-32000.0,292000.0,BALANCED,-1.5888
2025-05-16,CWEB,CWEB,0.0,39.98,-0.0025,38791000.0,0.0,0.0,0.298,-42000.0,292000.0,BALANCED,-2.5491
2025-05-19,CWEB,CWEB,25000.0,40.12,0.0035,38816000.0,25000.0,0.0,0.4029,29000.0,356000.0,BALANCED,22.0736
2025-05-20,CWEB,CWEB,0.0,40.06,-0.0015,38816000.0,0.0,0.0,0.1962,84000.0,506000.0,BALANCED,14.9042
2025-05-21,CWEB,CWEB,0.0,39.05,-0.0252,38816000.0,0.0,0.0,0.1251,25000.0,533000.0,BALANCED,13.1285
2025-05-22,CWEB,CWEB,0.0,38.61,-0.0113,38816000.0,0.0,0.0,-0.0268,25000.0,422000.0,BALANCED,9.3306
2025-05-23,CWEB,CWEB,-18000.0,38.88,0.007,38798000.0,0.0,-18000.0,-0.4632,7000.0,430000.0,BALANCED,-3.5808
2025-05-27,CWEB,CWEB,-36000.0,38.22,-0.017,38762000.0,0.0,-36000.0,-0.7123,-54000.0,286000.0,BALANCED,-31.8079
2025-05-28,CWEB,CWEB,0.0,37.48,-0.0194,38762000.0,0.0,0.0,-0.2269,-54000.0,279000.0,BALANCED,-15.6718
2025-05-29,CWEB,CWEB,-48000.0,38.51,0.0275,38714000.0,0.0,-48000.0,-0.9434,-102000.0,185000.0,BALANCED,-35.5859
2025-05-30,CWEB,CWEB,-30000.0,36.32,-0.0569,38684000.0,0.0,-30000.0,-0.6268,-132000.0,155000.0,BALANCED,-29.6696
2025-06-02,CWEB,CWEB,-3000.0,37.28,0.0264,38681000.0,0.0,-3000.0,-0.1571,-117000.0,11000.0,BALANCED,-19.9273
2025-06-03,CWEB,CWEB,-45000.0,37.27,-0.0003,38636000.0,0.0,-45000.0,-0.8787,-126000.0,-97000.0,BALANCED,-39.9679
2025-06-04,CWEB,CWEB,107000.0,38.95,0.0451,38743000.0,107000.0,0.0,1.7525,-19000.0,-80000.0,ACCUMULATION,35.8121
2025-06-05,CWEB,CWEB,54000.0,39.65,0.018,38797000.0,54000.0,0.0,0.6996,83000.0,-26000.0,BALANCED,31.4891
2025-06-06,CWEB,CWEB,0.0,39.72,0.0018,38797000.0,0.0,0.0,-0.2703,113000.0,-26000.0,BALANCED,3.2418
2025-06-09,CWEB,CWEB,121000.0,41.42,0.0428,38918000.0,121000.0,0.0,1.9437,237000.0,85000.0,ACCUMULATION,60.5933
2025-06-10,CWEB,CWEB,0.0,41.22,-0.0048,38918000.0,0.0,0.0,-0.294,282000.0,131000.0,BALANCED,2.6492
2025-06-11,CWEB,CWEB,102000.0,41.11,-0.0027,39020000.0,102000.0,0.0,1.6005,277000.0,288000.0,ACCUMULATION,52.0132
2025-06-12,CWEB,CWEB,0.0,41.05,-0.0015,39020000.0,0.0,0.0,-0.3125,223000.0,229000.0,BALANCED,2.1867
2025-06-13,CWEB,CWEB,64000.0,39.02,-0.0495,39084000.0,64000.0,0.0,0.8588,287000.0,293000.0,BALANCED,33.4712
2025-06-16,CWEB,CWEB,5000.0,40.89,0.0479,39089000.0,5000.0,0.0,-0.188,171000.0,298000.0,BALANCED,9.2994
2025-06-17,CWEB,CWEB,22000.0,39.84,-0.0257,39111000.0,22000.0,0.0,0.2008,193000.0,295000.0,BALANCED,21.0198
2025-06-18,CWEB,CWEB,-26000.0,38.81,-0.0259,39085000.0,0.0,-26000.0,-0.7726,65000.0,269000.0,BALANCED,-11.3156
2025-06-20,CWEB,CWEB,0.0,37.36,-0.0374,39085000.0,0.0,0.0,-0.1943,65000.0,269000.0,BALANCED,5.1433
2025-06-23,CWEB,CWEB,42000.0,38.1,0.0198,39127000.0,42000.0,0.0,0.7031,43000.0,311000.0,BALANCED,29.5763
2025-06-24,CWEB,CWEB,-104000.0,40.45,0.0617,39023000.0,0.0,-104000.0,-2.2117,-66000.0,225000.0,DISTRIBUTION,-67.2916
2025-06-25,CWEB,CWEB,-171000.0,39.84,-0.0151,38852000.0,0.0,-171000.0,-2.9436,-259000.0,90000.0,DISTRIBUTION,-87.5906
2025-06-26,CWEB,CWEB,39000.0,39.6,-0.006,38891000.0,39000.0,0.0,0.5793,-194000.0,129000.0,BALANCED,6.4815
2025-06-27,CWEB,CWEB,113000.0,39.97,0.0093,39004000.0,113000.0,0.0,1.7453,-81000.0,290000.0,ACCUMULATION,37.632
2025-06-30,CWEB,CWEB,-39000.0,39.61,-0.009,38965000.0,0.0,-39000.0,-0.7314,-162000.0,281000.0,BALANCED,-30.2856
2025-07-01,CWEB,CWEB,-76000.0,39.65,0.001,38889000.0,0.0,-76000.0,-1.2573,-134000.0,208000.0,BALANCED,-45.4331
2025-07-02,CWEB,CWEB,0.0,38.54,-0.028,38889000.0,0.0,0.0,-0.0387,37000.0,253000.0,BALANCED,9.033
2025-07-03,CWEB,CWEB,57000.0,37.88,-0.0171,38946000.0,57000.0,0.0,0.8269,55000.0,203000.0,BALANCED,32.6725
2025-07-07,CWEB,CWEB,14000.0,38.53,0.0172,38960000.0,14000.0,0.0,0.1444,-44000.0,163000.0,BALANCED,-2.3899
2025-07-08,CWEB,CWEB,-27000.0,39.82,0.0335,38933000.0,0.0,-27000.0,-0.483,-32000.0,136000.0,BALANCED,-24.0759
2025-07-09,CWEB,CWEB,-29000.0,38.75,-0.0269,38904000.0,0.0,-29000.0,-0.5073,15000.0,-14000.0,BALANCED,-6.6822
2025-07-10,CWEB,CWEB,-79000.0,38.89,0.0036,38825000.0,0.0,-79000.0,-1.238,-64000.0,-93000.0,BALANCED,-46.9488
2025-07-11,CWEB,CWEB,57000.0,38.47,-0.0108,38882000.0,57000.0,0.0,0.7998,-64000.0,-138000.0,BALANCED,11.9938
2025-07-14,CWEB,CWEB,0.0,39.37,0.0234,38882000.0,0.0,0.0,-0.0854,-78000.0,-138000.0,BALANCED,-12.1359
2025-07-15,CWEB,CWEB,85000.0,42.48,0.079,38967000.0,85000.0,0.0,1.1322,34000.0,-117000.0,BALANCED,40.3041
2025-07-16,CWEB,CWEB,0.0,41.7,-0.0184,38967000.0,0.0,0.0,-0.1429,63000.0,-122000.0,BALANCED,6.4283
2025-07-17,CWEB,CWEB,4000.0,42.59,0.0213,38971000.0,4000.0,0.0,-0.1087,146000.0,-140000.0,BALANCED,9.283
2025-07-18,CWEB,CWEB,179000.0,43.76,0.0275,39150000.0,179000.0,0.0,2.3403,268000.0,65000.0,ACCUMULATION,72.5066
2025-07-21,CWEB,CWEB,-46000.0,43.55,-0.0048,39104000.0,0.0,-46000.0,-0.7912,222000.0,19000.0,BALANCED,-11.7798
2025-07-22,CWEB,CWEB,0.0,44.22,0.0154,39104000.0,0.0,0.0,-0.144,137000.0,-23000.0,BALANCED,6.4005
2025-07-23,CWEB,CWEB,0.0,45.74,0.0344,39104000.0,0.0,0.0,-0.0913,137000.0,81000.0,BALANCED,7.7184
2025-07-24,CWEB,CWEB,8000.0,44.67,-0.0234,39112000.0,8000.0,0.0,0.0226,141000.0,260000.0,BALANCED,12.5643
2025-07-25,CWEB,CWEB,36000.0,43.95,-0.0161,39148000.0,36000.0,0.0,0.4826,-2000.0,257000.0,BALANCED,6.0641
2025-07-28,CWEB,CWEB,0.0,43.3,-0.0148,39148000.0,0.0,0.0,-0.0649,44000.0,144000.0,BALANCED,8.3779
2025-07-29,CWEB,CWEB,118000.0,42.58,-0.0166,39266000.0,118000.0,0.0,1.6425,162000.0,301000.0,ACCUMULATION,53.0633
2025-07-30,CWEB,CWEB,-12000.0,41.1,-0.0348,39254000.0,0.0,-12000.0,-0.2565,150000.0,365000.0,BALANCED,1.5876
2025-07-31,CWEB,CWEB,-17000.0,41.81,0.0173,39237000.0,0.0,-17000.0,-0.3105,125000.0,348000.0,BALANCED,-1.763
2025-08-01,CWEB,CWEB,-99000.0,39.61,-0.0526,39138000.0,0.0,-99000.0,-1.4264,-10000.0,192000.0,BALANCED,-51.659
2025-08-04,CWEB,CWEB,-56000.0,41.29,0.0424,39082000.0,0.0,-56000.0,-0.7826,-66000.0,122000.0,BALANCED,-37.5646
2025-08-05,CWEB,CWEB,0.0,41.76,0.0114,39082000.0,0.0,0.0,0.0211,-184000.0,149000.0,BALANCED,-9.4717
2025-08-06,CWEB,CWEB,-79000.0,42.92,0.0278,39003000.0,0.0,-79000.0,-1.121,-251000.0,99000.0,BALANCED,-40.0243
2025-08-07,CWEB,CWEB,0.0,42.68,-0.0056,39003000.0,0.0,0.0,-0.0811,-234000.0,178000.0,BALANCED,-12.0282
2025-08-08,CWEB,CWEB,29000.0,42.54,-0.0033,39032000.0,29000.0,0.0,0.3927,-106000.0,150000.0,BALANCED,1.8175
2025-08-11,CWEB,CWEB,-5000.0,41.82,-0.0169,39027000.0,0.0,-5000.0,-0.0987,-55000.0,145000.0,BALANCED,-14.4681
2025-08-12,CWEB,CWEB,0.0,43.64,0.0435,39027000.0,0.0,0.0,-0.0357,-55000.0,60000.0,BALANCED,-10.8919
2025-08-13,CWEB,CWEB,240000.0,46.88,0.0742,39267000.0,240000.0,0.0,3.2215,264000.0,300000.0,ACCUMULATION,92.5367
2025-08-14,CWEB,CWEB,0.0,44.36,-0.0538,39267000.0,0.0,0.0,-0.1785,264000.0,296000.0,BALANCED,5.5375
2025-08-15,CWEB,CWEB,0.0,45.65,0.0291,39267000.0,0.0,0.0,-0.1526,235000.0,117000.0,BALANCED,6.185
2025-08-18,CWEB,CWEB,42000.0,46.42,0.0169,39309000.0,42000.0,0.0,0.4317,282000.0,205000.0,BALANCED,22.7913
2025-08-19,CWEB,CWEB,-72000.0,45.58,-0.0181,39237000.0,0.0,-72000.0,-1.146,210000.0,133000.0,BALANCED,-20.6502
2025-08-20,CWEB,CWEB,-64000.0,45.51,-0.0015,39173000.0,0.0,-64000.0,-1.005,-94000.0,69000.0,BALANCED,-39.1239
2025-08-21,CWEB,CWEB,-20000.0,46.19,0.0149,39153000.0,0.0,-20000.0,-0.4362,-114000.0,41000.0,BALANCED,-26.9041
2025-08-22,CWEB,CWEB,0.0,48.6,0.0522,39153000.0,0.0,0.0,-0.1283,-114000.0,5000.0,BALANCED,-13.2076
2025-08-25,CWEB,CWEB,0.0,48.93,0.0068,39153000.0,0.0,0.0,-0.1283,-156000.0,5000.0,BALANCED,-13.2076
2025-08-26,CWEB,CWEB,0.0,48.85,-0.0016,39153000.0,0.0,0.0,-0.0899,-84000.0,-113000.0,BALANCED,-12.2484
2025-08-27,CWEB,CWEB,0.0,46.16,-0.0551,39153000.0,0.0,0.0,-0.0899,-20000.0,-101000.0,BALANCED,-12.2484
2025-08-28,CWEB,CWEB,42000.0,46.44,0.0061,39195000.0,42000.0,0.0,0.4987,42000.0,-42000.0,BALANCED,24.4677
2025-08-29,CWEB,CWEB,0.0,47.95,0.0325,39195000.0,0.0,0.0,-0.0245,42000.0,57000.0,BALANCED,9.3873
2025-09-02,CWEB,CWEB,-78000.0,48.08,0.0027,39117000.0,0.0,-78000.0,-1.2585,-36000.0,35000.0,BALANCED,-43.4615
2025-09-03,CWEB,CWEB,62000.0,48.14,0.0012,39179000.0,62000.0,0.0,0.9395,26000.0,97000.0,BALANCED,35.4881
2025-09-04,CWEB,CWEB,0.0,47.42,-0.015,39179000.0,0.0,0.0,-0.0395,26000.0,176000.0,BALANCED,9.0131
2025-09-05,CWEB,CWEB,16000.0,48.47,0.0221,39195000.0,16000.0,0.0,0.2088,0.0,192000.0,BALANCED,7.2206
2025-09-08,CWEB,CWEB,0.0,50.08,0.0332,39195000.0,0.0,0.0,-0.0248,0.0,163000.0,BALANCED,-0.6211
2025-09-09,CWEB,CWEB,-225000.0,52.35,0.0453,38970000.0,0.0,-225000.0,-2.9046,-147000.0,-57000.0,DISTRIBUTION,-84.6145
2025-09-10,CWEB,CWEB,147000.0,52.0,-0.0067,39117000.0,147000.0,0.0,1.9678,-62000.0,90000.0,ACCUMULATION,41.1938
2025-09-11,CWEB,CWEB,284000.0,54.47,0.0475,39401000.0,284000.0,0.0,2.9852,222000.0,134000.0,ACCUMULATION,88.6302
2025-09-12,CWEB,CWEB,7000.0,54.0,-0.0086,39408000.0,7000.0,0.0,0.0139,213000.0,141000.0,BALANCED,16.348
2025-09-15,CWEB,CWEB,56000.0,54.92,0.017,39464000.0,56000.0,0.0,0.4923,269000.0,197000.0,BALANCED,30.3069
2025-09-16,CWEB,CWEB,64000.0,56.17,0.0228,39528000.0,64000.0,0.0,0.5383,558000.0,219000.0,BALANCED,33.4565
2025-09-17,CWEB,CWEB,-126000.0,59.41,0.0577,39402000.0,0.0,-126000.0,-1.4413,285000.0,165000.0,BALANCED,-28.0333
2025-09-18,CWEB,CWEB,143000.0,57.56,-0.0311,39545000.0,143000.0,0.0,1.2982,144000.0,372000.0,BALANCED,44.456
2025-09-19,CWEB,CWEB,61000.0,56.84,-0.0125,39606000.0,61000.0,0.0,0.4239,198000.0,453000.0,BALANCED,24.5978
2025-09-22,CWEB,CWEB,-15000.0,56.17,-0.0118,39591000.0,0.0,-15000.0,-0.3479,127000.0,438000.0,BALANCED,-0.6974
2025-09-23,CWEB,CWEB,-44000.0,53.96,-0.0393,39547000.0,0.0,-44000.0,-0.6306,19000.0,394000.0,BALANCED,-9.7644
2025-09-24,CWEB,CWEB,-456000.0,56.54,0.0478,39091000.0,0.0,-456000.0,-3.5203,-311000.0,-62000.0,DISTRIBUTION,-100.0
2025-09-25,CWEB,CWEB,-84000.0,56.71,0.003,39007000.0,0.0,-84000.0,-0.6126,-538000.0,-146000.0,BALANCED,-33.3157
2025-09-26,CWEB,CWEB,0.0,55.07,-0.0289,39007000.0,0.0,0.0,0.0705,-599000.0,-188000.0,BALANCED,-8.238
2025-09-29,CWEB,CWEB,0.0,57.43,0.0429,39007000.0,0.0,0.0,0.0705,-584000.0,-188000.0,BALANCED,-8.238
2025-09-30,CWEB,CWEB,0.0,57.55,0.0021,39007000.0,0.0,0.0,0.0821,-540000.0,-110000.0,BALANCED,-7.9474
2025-10-01,CWEB,CWEB,0.0,58.77,0.0212,39007000.0,0.0,0.0,0.0628,-84000.0,-172000.0,BALANCED,-8.4297
2025-10-02,CWEB,CWEB,-2000.0,60.13,0.0231,39005000.0,0.0,-2000.0,0.0296,-2000.0,-174000.0,BALANCED,-11.2598
2025-10-03,CWEB,CWEB,2000.0,59.25,-0.0146,39007000.0,2000.0,0.0,0.0565,0.0,-188000.0,BALANCED,3.4121
2025-10-06,CWEB,CWEB,123000.0,59.95,0.0118,39130000.0,123000.0,0.0,0.9998,123000.0,-65000.0,BALANCED,38.9941
2025-10-07,CWEB,CWEB,0.0,57.72,-0.0372,39130000.0,0.0,0.0,0.0062,123000.0,160000.0,BALANCED,10.1548
2025-10-08,CWEB,CWEB,-3000.0,58.27,0.0095,39127000.0,0.0,-3000.0,-0.0172,120000.0,10000.0,BALANCED,7.5692
2025-10-09,CWEB,CWEB,-123000.0,55.62,-0.0455,39004000.0,0.0,-123000.0,-0.9384,-1000.0,-397000.0,BALANCED,-37.4589
2025-10-10,CWEB,CWEB,-684000.0,47.74,-0.1417,38320000.0,0.0,-684000.0,-3.7168,-687000.0,-1088000.0,DISTRIBUTION,-100.0
2025-10-13,CWEB,CWEB,-271000.0,51.27,0.0739,38049000.0,0.0,-271000.0,-1.2826,-1081000.0,-1415000.0,BALANCED,-50.0657
2025-10-14,CWEB,CWEB,-146000.0,49.41,-0.0363,37903000.0,0.0,-146000.0,-0.5785,-1227000.0,-1625000.0,BALANCED,-34.4615
2025-10-15,CWEB,CWEB,-24000.0,50.73,0.0267,37879000.0,0.0,-24000.0,0.1066,-1248000.0,-1523000.0,BALANCED,-19.3362
2025-10-16,CWEB,CWEB,0.0,50.36,-0.0073,37879000.0,0.0,0.0,0.2388,-1125000.0,-1666000.0,BALANCED,-4.0294
2025-10-17,CWEB,CWEB,0.0,50.3,-0.0012,37879000.0,0.0,0.0,0.242,-441000.0,-1727000.0,BALANCED,-3.9507
2025-10-20,CWEB,CWEB,92000.0,52.49,0.0435,37971000.0,92000.0,0.0,0.7264,-78000.0,-1620000.0,BALANCED,10.1591
2025-10-21,CWEB,CWEB,16000.0,51.38,-0.0211,37987000.0,16000.0,0.0,0.2713,84000.0,-1560000.0,BALANCED,20.7836
2025-10-22,CWEB,CWEB,0.0,50.1,-0.0249,37987000.0,0.0,0.0,0.2133,108000.0,-1104000.0,BALANCED,15.3313
2025-10-23,CWEB,CWEB,30000.0,52.2,0.0419,38017000.0,30000.0,0.0,0.4573,138000.0,-990000.0,BALANCED,23.4331
2025-10-24,CWEB,CWEB,0.0,52.94,0.0142,38017000.0,0.0,0.0,0.2786,138000.0,-990000.0,BALANCED,16.966
2025-10-27,CWEB,CWEB,41000.0,54.91,0.0372,38058000.0,41000.0,0.0,0.529,87000.0,-949000.0,BALANCED,25.2243
2025-10-28,CWEB,CWEB,39000.0,54.13,-0.0142,38097000.0,39000.0,0.0,0.5236,110000.0,-910000.0,BALANCED,27.0892
2025-10-29,CWEB,CWEB,-53000.0,54.4,0.005,38044000.0,0.0,-53000.0,-0.0469,57000.0,-963000.0,BALANCED,6.8279
2025-10-30,CWEB,CWEB,0.0,51.83,-0.0472,38044000.0,0.0,0.0,0.3101,27000.0,-961000.0,BALANCED,17.7529
2025-10-31,CWEB,CWEB,0.0,51.16,-0.0129,38044000.0,0.0,0.0,0.3249,27000.0,-963000.0,BALANCED,18.1216
2025-11-03,CWEB,CWEB,6000.0,51.16,0.0,38050000.0,6000.0,0.0,0.3575,-8000.0,-1080000.0,BALANCED,0.9365
2025-11-04,CWEB,CWEB,32000.0,48.86,-0.045,38082000.0,32000.0,0.0,0.5014,-15000.0,-1048000.0,BALANCED,6.536
2025-11-05,CWEB,CWEB,-2000.0,49.57,0.0145,38080000.0,0.0,-2000.0,0.2235,36000.0,-1047000.0,BALANCED,13.5887
2025-11-06,CWEB,CWEB,-84000.0,49.95,0.0077,37996000.0,0.0,-84000.0,-0.3547,-48000.0,-1008000.0,BALANCED,-22.8679
2025-11-07,CWEB,CWEB,0.0,48.59,-0.0272,37996000.0,0.0,0.0,0.2377,-48000.0,-324000.0,BALANCED,-4.0587
2025-11-10,CWEB,CWEB,-6000.0,50.74,0.0442,37990000.0,0.0,-6000.0,0.1968,-60000.0,-59000.0,BALANCED,-7.0797
2025-11-11,CWEB,CWEB,14000.0,50.11,-0.0124,38004000.0,14000.0,0.0,0.3343,-78000.0,101000.0,BALANCED,0.357
2025-11-12,CWEB,CWEB,-51000.0,49.47,-0.0128,37953000.0,0.0,-51000.0,-0.1119,-127000.0,74000.0,BALANCED,-14.7976
2025-11-13,CWEB,CWEB,0.0,48.22,-0.0253,37953000.0,0.0,0.0,0.2473,-43000.0,74000.0,BALANCED,-3.8178
2025-11-14,CWEB,CWEB,68000.0,46.7,-0.0315,38021000.0,68000.0,0.0,0.7058,25000.0,142000.0,BALANCED,29.6454
2025-11-17,CWEB,CWEB,20000.0,45.89,-0.0173,38041000.0,20000.0,0.0,0.4014,51000.0,70000.0,BALANCED,24.0359
2025-11-18,CWEB,CWEB,130000.0,45.7,-0.0041,38171000.0,130000.0,0.0,1.1296,167000.0,184000.0,BALANCED,44.2408
2025-11-19,CWEB,CWEB,0.0,44.39,-0.0287,38171000.0,0.0,0.0,0.2222,218000.0,184000.0,BALANCED,15.5555
2025-11-20,CWEB,CWEB,-249000.0,41.87,-0.0568,37922000.0,0.0,-249000.0,-1.4394,-31000.0,-95000.0,BALANCED,-47.9838
2025-11-21,CWEB,CWEB,0.0,42.4,0.0127,37922000.0,0.0,0.0,0.1595,-99000.0,-95000.0,BALANCED,-6.0118
2025-11-24,CWEB,CWEB,-28000.0,44.83,0.0573,37894000.0,0.0,-28000.0,-0.3379,-147000.0,-164000.0,BALANCED,-20.4487
2025-11-25,CWEB,CWEB,51000.0,45.26,0.0096,37945000.0,51000.0,0.0,0.7897,-226000.0,-152000.0,BALANCED,11.7418
2025-11-26,CWEB,CWEB,41000.0,44.77,-0.0108,37986000.0,41000.0,0.0,0.5939,-185000.0,-58000.0,BALANCED,8.8485
2025-11-28,CWEB,CWEB,14000.0,44.81,0.0009,38000000.0,14000.0,0.0,0.1581,78000.0,-44000.0,BALANCED,19.9519
2025-12-01,CWEB,CWEB,57000.0,45.89,0.0241,38057000.0,57000.0,0.0,0.8007,135000.0,13000.0,BALANCED,38.0171
2025-12-02,CWEB,CWEB,-46000.0,44.9,-0.0216,38011000.0,0.0,-46000.0,-0.7596,117000.0,-39000.0,BALANCED,-10.9889
2025-12-03,CWEB,CWEB,14000.0,43.76,-0.0254,38025000.0,14000.0,0.0,0.2044,80000.0,-57000.0,BALANCED,17.1095
2025-12-04,CWEB,CWEB,-17000.0,43.79,0.0007,38008000.0,0.0,-17000.0,-0.2837,22000.0,-72000.0,BALANCED,0.9076
2025-12-05,CWEB,CWEB,-6000.0,44.81,0.0233,38002000.0,0.0,-6000.0,-0.0885,2000.0,6000.0,BALANCED,3.7877
2025-12-08,CWEB,CWEB,-19000.0,44.66,-0.0033,37983000.0,0.0,-19000.0,-0.287,-74000.0,-13000.0,BALANCED,-23.1759
2025-12-09,CWEB,CWEB,115000.0,43.67,-0.0222,38098000.0,115000.0,0.0,1.7391,87000.0,108000.0,ACCUMULATION,55.4767
2025-12-10,CWEB,CWEB,0.0,43.87,0.0046,38098000.0,0.0,0.0,-0.0005,73000.0,94000.0,BALANCED,9.9872
2025-12-11,CWEB,CWEB,0.0,43.45,-0.0096,38098000.0,0.0,0.0,-0.028,90000.0,145000.0,BALANCED,9.299
2025-12-12,CWEB,CWEB,0.0,43.08,-0.0085,38098000.0,0.0,0.0,-0.028,96000.0,145000.0,BALANCED,9.299
2025-12-15,CWEB,CWEB,56000.0,41.61,-0.0341,38154000.0,56000.0,0.0,0.8057,171000.0,133000.0,BALANCED,32.143
2025-12-16,CWEB,CWEB,-73000.0,41.35,-0.0062,38081000.0,0.0,-73000.0,-1.1143,-17000.0,40000.0,BALANCED,-39.8578
2025-12-17,CWEB,CWEB,-12000.0,40.65,-0.0169,38069000.0,0.0,-12000.0,-0.1747,-29000.0,-102000.0,BALANCED,-18.367
2025-12-18,CWEB,CWEB,-42000.0,41.47,0.0202,38027000.0,0.0,-42000.0,-0.6036,-71000.0,-144000.0,BALANCED,-31.0911
2025-12-19,CWEB,CWEB,-34000.0,42.14,0.0162,37993000.0,0.0,-34000.0,-0.5205,-105000.0,71000.0,BALANCED,-31.0122
2025-12-22,CWEB,CWEB,3000.0,42.93,0.0187,37996000.0,3000.0,0.0,0.0461,-158000.0,74000.0,BALANCED,-6.8485
2025-12-23,CWEB,CWEB,-11000.0,42.48,-0.0105,37985000.0,0.0,-11000.0,-0.1663,-96000.0,91000.0,BALANCED,-16.1567
2025-12-24,CWEB,CWEB,-6000.0,42.29,-0.0045,37979000.0,0.0,-6000.0,-0.0794,-90000.0,34000.0,BALANCED,-15.9839
2025-12-26,CWEB,CWEB,0.0,43.08,0.0187,37979000.0,0.0,0.0,-0.0135,-48000.0,-7000.0,BALANCED,-10.3364
2025-12-29,CWEB,CWEB,20000.0,42.2,-0.0204,37999000.0,20000.0,0.0,0.2863,6000.0,-1000.0,BALANCED,19.1565
2025-12-30,CWEB,CWEB,27000.0,42.01,-0.0045,38026000.0,27000.0,0.0,0.4227,30000.0,-31000.0,BALANCED,24.5678
2025-12-31,CWEB,CWEB,-142000.0,40.11,-0.0452,37884000.0,0.0,-142000.0,-1.9986,-101000.0,-127000.0,DISTRIBUTION,-61.9652
2026-01-02,CWEB,CWEB,0.0,43.8,0.092,37884000.0,0.0,0.0,0.1506,-95000.0,-141000.0,BALANCED,-6.2343
2026-01-05,CWEB,CWEB,50000.0,45.75,0.0445,37934000.0,50000.0,0.0,0.8988,-45000.0,-74000.0,BALANCED,14.4695
2026-01-06,CWEB,CWEB,37000.0,45.44,-0.0068,37971000.0,37000.0,0.0,0.7679,-28000.0,-31000.0,BALANCED,13.198
2026-01-07,CWEB,CWEB,132000.0,43.35,-0.046,38103000.0,132000.0,0.0,2.4301,77000.0,120000.0,ACCUMULATION,76.7522
2026-01-08,CWEB,CWEB,0.0,44.34,0.0228,38103000.0,0.0,0.0,-0.1354,219000.0,5000.0,BALANCED,6.615
2026-01-09,CWEB,CWEB,-2000.0,44.17,-0.0038,38101000.0,0.0,-2000.0,-0.1417,217000.0,3000.0,BALANCED,4.4563
2026-01-12,CWEB,CWEB,394000.0,48.5,0.098,38495000.0,394000.0,0.0,4.3234,561000.0,397000.0,ACCUMULATION,100.0
2026-01-13,CWEB,CWEB,198000.0,46.68,-0.0375,38693000.0,198000.0,0.0,1.8755,722000.0,595000.0,ACCUMULATION,60.8885
2026-01-14,CWEB,CWEB,-101000.0,46.45,-0.0049,38592000.0,0.0,-101000.0,-1.2417,489000.0,438000.0,BALANCED,-23.0425
2026-01-15,CWEB,CWEB,-40000.0,45.34,-0.0239,38552000.0,0.0,-40000.0,-0.6072,449000.0,471000.0,BALANCED,-9.1808
2026-01-16,CWEB,CWEB,0.0,43.59,-0.0386,38552000.0,0.0,0.0,-0.1837,451000.0,483000.0,BALANCED,5.4074
2026-01-20,CWEB,CWEB,0.0,41.78,-0.0415,38552000.0,0.0,0.0,-0.19,57000.0,525000.0,BALANCED,5.2512
2026-01-21,CWEB,CWEB,0.0,43.28,0.0359,38552000.0,0.0,0.0,-0.1921,-141000.0,559000.0,BALANCED,-14.8035
2026-01-22,CWEB,CWEB,12000.0,43.98,0.0162,38564000.0,12000.0,0.0,-0.0774,-28000.0,568000.0,BALANCED,-9.9352
2026-01-23,CWEB,CWEB,-38000.0,43.83,-0.0034,38526000.0,0.0,-38000.0,-0.5563,-26000.0,541000.0,BALANCED,-25.9071
2026-01-26,CWEB,CWEB,0.0,43.7,-0.003,38526000.0,0.0,0.0,-0.1518,-26000.0,547000.0,BALANCED,-13.7961
2026-01-27,CWEB,CWEB,0.0,43.95,0.0057,38526000.0,0.0,0.0,-0.1518,-26000.0,547000.0,BALANCED,-13.7961
2026-01-28,CWEB,CWEB,5000.0,44.42,0.0107,38531000.0,5000.0,0.0,-0.1004,-21000.0,532000.0,BALANCED,-10.5106
2026-01-29,CWEB,CWEB,-188000.0,44.87,0.0101,38343000.0,0.0,-188000.0,-1.9325,-221000.0,317000.0,DISTRIBUTION,-60.3128
2026-01-30,CWEB,CWEB,85000.0,42.61,-0.0504,38428000.0,85000.0,0.0,0.7315,-98000.0,544000.0,BALANCED,10.2882
2026-02-02,CWEB,CWEB,-56000.0,41.91,-0.0164,38372000.0,0.0,-56000.0,-0.6541,-154000.0,488000.0,BALANCED,-28.3518
2026-02-03,CWEB,CWEB,95000.0,40.39,-0.0363,38467000.0,95000.0,0.0,0.7898,-59000.0,533000.0,BALANCED,11.7444
2026-02-04,CWEB,CWEB,-89000.0,37.93,-0.0609,38378000.0,0.0,-89000.0,-0.9876,-153000.0,407000.0,BALANCED,-36.6904
2026-02-05,CWEB,CWEB,-128000.0,37.84,-0.0024,38250000.0,0.0,-128000.0,-1.2842,-93000.0,147000.0,BALANCED,-46.1048
2026-02-06,CWEB,CWEB,-19000.0,39.96,0.056,38231000.0,0.0,-19000.0,-0.2558,-197000.0,128000.0,BALANCED,-22.3954
2026-02-09,CWEB,CWEB,16000.0,39.93,-0.0008,38247000.0,16000.0,0.0,0.0665,-125000.0,146000.0,BALANCED,-6.3381
2026-02-10,CWEB,CWEB,0.0,39.96,0.0008,38247000.0,0.0,0.0,-0.084,-220000.0,-248000.0,BALANCED,-12.1009
2026-02-11,CWEB,CWEB,-25000.0,39.44,-0.013,38222000.0,0.0,-25000.0,-0.3047,-156000.0,-471000.0,BALANCED,-19.6165
2026-02-12,CWEB,CWEB,-81000.0,36.43,-0.0763,38141000.0,0.0,-81000.0,-0.7885,-109000.0,-451000.0,BALANCED,-33.7116
2026-02-13,CWEB,CWEB,-44000.0,36.48,0.0014,38097000.0,0.0,-44000.0,-0.4892,-134000.0,-455000.0,BALANCED,-28.2302
2026-02-17,CWEB,CWEB,0.0,36.3,-0.0049,38097000.0,0.0,0.0,-0.068,-150000.0,-455000.0,BALANCED,-11.6993
2026-02-18,CWEB,CWEB,64000.0,36.62,0.0088,38161000.0,64000.0,0.0,0.5391,-86000.0,-391000.0,BALANCED,5.4771
2026-02-19,CWEB,CWEB,-42000.0,36.31,-0.0085,38119000.0,0.0,-42000.0,-0.4474,-103000.0,-433000.0,BALANCED,-23.184
2026-02-20,CWEB,CWEB,-150000.0,36.14,-0.0047,37969000.0,0.0,-150000.0,-1.376,-172000.0,-595000.0,BALANCED,-48.4006
2026-02-23,CWEB,CWEB,7000.0,35.18,-0.0266,37976000.0,7000.0,0.0,0.1062,-121000.0,-550000.0,BALANCED,-5.3452
2026-02-24,CWEB,CWEB,0.0,35.13,-0.0014,37976000.0,0.0,0.0,0.0394,-121000.0,-550000.0,BALANCED,-9.0153
2026-02-25,CWEB,CWEB,-23000.0,35.17,0.0011,37953000.0,0.0,-23000.0,-0.0663,-208000.0,-573000.0,BALANCED,-13.6576
2026-02-26,CWEB,CWEB,-223000.0,33.5,-0.0475,37730000.0,0.0,-223000.0,-2.6549,-389000.0,-801000.0,DISTRIBUTION,-80.3716
2026-02-27,CWEB,CWEB,0.0,32.55,-0.0284,37730000.0,0.0,0.0,0.4051,-239000.0,-613000.0,BALANCED,0.1279
2026-03-02,CWEB,CWEB,-91000.0,31.73,-0.0252,37639000.0,0.0,-91000.0,-0.8434,-337000.0,-789000.0,BALANCED,-33.0853
2026-03-03,CWEB,CWEB,-195000.0,29.98,-0.0552,37444000.0,0.0,-195000.0,-2.0381,-532000.0,-928000.0,DISTRIBUTION,-64.9517
2026-03-04,CWEB,CWEB,-163000.0,30.38,0.0133,37281000.0,0.0,-163000.0,-1.4979,-672000.0,-1186000.0,BALANCED,-53.4485
2026-03-05,CWEB,CWEB,-26000.0,29.07,-0.0431,37255000.0,0.0,-26000.0,0.2149,-475000.0,-1123000.0,BALANCED,-12.628
2026-03-06,CWEB,CWEB,63000.0,29.73,0.0227,37318000.0,63000.0,0.0,1.2758,-412000.0,-932000.0,BALANCED,23.8958
2026-03-09,CWEB,CWEB,118000.0,31.36,0.0548,37436000.0,118000.0,0.0,1.7747,-203000.0,-795000.0,ACCUMULATION,38.3683
2026-03-10,CWEB,CWEB,-11000.0,32.27,0.029,37425000.0,0.0,-11000.0,0.296,-19000.0,-822000.0,BALANCED,-4.6002
2026-03-11,CWEB,CWEB,-130000.0,31.15,-0.0347,37295000.0,0.0,-130000.0,-1.0091,14000.0,-952000.0,BALANCED,-19.2273
2026-03-12,CWEB,CWEB,47000.0,30.26,-0.0286,37342000.0,47000.0,0.0,0.9707,87000.0,-880000.0,BALANCED,36.2676
2026-03-13,CWEB,CWEB,158000.0,30.52,0.0086,37500000.0,158000.0,0.0,2.0287,182000.0,-641000.0,ACCUMULATION,64.7165
2026-03-16,CWEB,CWEB,102000.0,31.58,0.0347,37602000.0,102000.0,0.0,1.4002,166000.0,-495000.0,BALANCED,51.0062
2026-03-17,CWEB,CWEB,-31000.0,31.02,-0.0177,37571000.0,0.0,-31000.0,-0.0466,146000.0,-526000.0,BALANCED,6.836
2026-03-18,CWEB,CWEB,67000.0,29.09,-0.0622,37638000.0,67000.0,0.0,1.0375,343000.0,-523000.0,BALANCED,37.9364
2026-03-19,CWEB,CWEB,-161000.0,28.32,-0.0265,37477000.0,0.0,-161000.0,-1.3963,135000.0,-642000.0,BALANCED,-26.9066
2026-03-20,CWEB,CWEB,-69000.0,26.61,-0.0604,37408000.0,0.0,-69000.0,-0.4436,-92000.0,-561000.0,BALANCED,-25.0895
2026-03-23,CWEB,CWEB,-137000.0,27.04,0.0162,37271000.0,0.0,-137000.0,-1.1126,-331000.0,-705000.0,BALANCED,-43.8159
2026-03-24,CWEB,CWEB,-60000.0,26.54,-0.0185,37211000.0,0.0,-60000.0,-0.2708,-360000.0,-765000.0,BALANCED,-24.7689
2026-03-25,CWEB,CWEB,7000.0,28.07,0.0576,37218000.0,7000.0,0.0,0.4386,-420000.0,-735000.0,BALANCED,2.966
2026-03-26,CWEB,CWEB,77000.0,26.27,-0.0641,37295000.0,77000.0,0.0,1.1202,-182000.0,-435000.0,BALANCED,22.006
2026-03-27,CWEB,CWEB,-44000.0,25.7,-0.0217,37251000.0,0.0,-44000.0,-0.1495,-157000.0,-479000.0,BALANCED,-15.7369
2026-03-30,CWEB,CWEB,12000.0,25.45,-0.0097,37263000.0,12000.0,0.0,0.4139,-8000.0,-376000.0,BALANCED,2.3487
2026-03-31,CWEB,CWEB,0.0,26.77,0.0519,37263000.0,0.0,0.0,0.2891,52000.0,-181000.0,BALANCED,17.2285
2026-04-01,CWEB,CWEB,-92000.0,26.44,-0.0123,37171000.0,0.0,-92000.0,-0.6196,-47000.0,-110000.0,BALANCED,-27.4896
2026-04-02,CWEB,CWEB,0.0,25.99,-0.017,37171000.0,0.0,0.0,0.3312,-124000.0,-84000.0,BALANCED,-1.7188
2026-04-06,CWEB,CWEB,-50000.0,26.17,0.0069,37121000.0,0.0,-50000.0,-0.2341,-130000.0,-197000.0,BALANCED,-17.853
2026-04-07,CWEB,CWEB,0.0,25.93,-0.0092,37121000.0,0.0,0.0,0.3073,-142000.0,-315000.0,BALANCED,-2.3178
2026-04-08,CWEB,CWEB,-79000.0,27.89,0.0756,37042000.0,0.0,-79000.0,-0.5145,-221000.0,-383000.0,BALANCED,-24.8632
2026-04-09,CWEB,CWEB,0.0,27.26,-0.0226,37042000.0,0.0,0.0,0.3258,-129000.0,-253000.0,BALANCED,-1.8539
2026-04-10,CWEB,CWEB,9000.0,27.14,-0.0044,37051000.0,9000.0,0.0,0.3678,-120000.0,-291000.0,BALANCED,1.195
2026-04-13,CWEB,CWEB,91000.0,27.13,-0.0004,37142000.0,91000.0,0.0,1.2511,21000.0,-358000.0,BALANCED,45.2768
2026-04-14,CWEB,CWEB,-81000.0,28.35,0.045,37061000.0,0.0,-81000.0,-0.7004,-60000.0,-541000.0,BALANCED,-29.5092
2026-04-15,CWEB,CWEB,32000.0,28.81,0.0162,37093000.0,32000.0,0.0,0.5325,51000.0,-478000.0,BALANCED,25.3114
2026-04-16,CWEB,CWEB,113000.0,29.84,0.0358,37206000.0,113000.0,0.0,1.4443,164000.0,-432000.0,BALANCED,50.1074
2026-04-17,CWEB,CWEB,186000.0,30.35,0.0171,37392000.0,186000.0,0.0,2.0881,341000.0,-85000.0,ACCUMULATION,68.2026
2026-04-20,CWEB,CWEB,-10000.0,30.07,-0.0092,37382000.0,0.0,-10000.0,-0.1407,240000.0,-26000.0,BALANCED,4.4817
2026-04-21,CWEB,CWEB,0.0,28.3,-0.0589,37382000.0,0.0,0.0,0.0216,321000.0,111000.0,BALANCED,10.5396
2026-04-22,CWEB,CWEB,158000.0,28.0,-0.0106,37540000.0,158000.0,0.0,1.7457,447000.0,329000.0,ACCUMULATION,55.6421
2026-04-23,CWEB,CWEB,-61000.0,26.4,-0.0571,37479000.0,0.0,-61000.0,-0.7846,273000.0,261000.0,BALANCED,-11.6152
2026-04-24,CWEB,CWEB,-35000.0,27.22,0.0311,37444000.0,0.0,-35000.0,-0.449,52000.0,149000.0,BALANCED,-5.2252
2026-04-27,CWEB,CWEB,50000.0,26.34,-0.0323,37494000.0,50000.0,0.0,0.6202,112000.0,243000.0,BALANCED,27.5052
2026-04-28,CWEB,CWEB,0.0,25.83,-0.0194,37494000.0,0.0,0.0,0.0458,112000.0,231000.0,BALANCED,11.1449
2026-04-29,CWEB,CWEB,19000.0,25.63,-0.0077,37513000.0,19000.0,0.0,0.2665,-27000.0,250000.0,BALANCED,-1.3365
2026-04-30,CWEB,CWEB,37000.0,26.98,0.0527,37550000.0,37000.0,0.0,0.5132,71000.0,379000.0,BALANCED,26.8293
2026-05-01,CWEB,CWEB,0.0,27.03,0.0019,37550000.0,0.0,0.0,-0.0339,106000.0,379000.0,BALANCED,9.1535
2026-05-04,CWEB,CWEB,39000.0,26.71,-0.0118,37589000.0,39000.0,0.0,0.4652,95000.0,468000.0,BALANCED,23.6309
2026-05-05,CWEB,CWEB,37000.0,26.59,-0.0045,37626000.0,37000.0,0.0,0.3832,132000.0,505000.0,BALANCED,23.5792
2026-05-06,CWEB,CWEB,74000.0,28.85,0.085,37700000.0,74000.0,0.0,0.8852,187000.0,658000.0,BALANCED,38.1305
2026-05-07,CWEB,CWEB,0.0,28.37,-0.0166,37700000.0,0.0,0.0,-0.2463,150000.0,658000.0,BALANCED,3.8422
2026-05-08,CWEB,CWEB,0.0,28.42,0.0018,37700000.0,0.0,0.0,-0.2101,150000.0,649000.0,BALANCED,4.7476
2026-05-11,CWEB,CWEB,0.0,28.5,0.0028,37700000.0,0.0,0.0,-0.2361,111000.0,558000.0,BALANCED,4.0978
2026-05-12,CWEB,CWEB,-140000.0,27.62,-0.0309,37560000.0,0.0,-140000.0,-2.1591,-66000.0,499000.0,DISTRIBUTION,-65.9776
2026-05-13,CWEB,CWEB,-655000.0,30.32,0.0978,36905000.0,0.0,-655000.0,-4.5971,-795000.0,-188000.0,DISTRIBUTION,-100.0
2026-05-14,CWEB,CWEB,-122000.0,27.59,-0.09,36783000.0,0.0,-122000.0,-0.7758,-917000.0,-423000.0,BALANCED,-35.3953
2026-05-15,CWEB,CWEB,16000.0,25.66,-0.07,36799000.0,16000.0,0.0,0.2019,-901000.0,-593000.0,BALANCED,-2.9525
2026-05-18,CWEB,CWEB,78000.0,25.39,-0.0105,36877000.0,78000.0,0.0,0.609,-823000.0,-505000.0,BALANCED,9.2261
2026-05-19,CWEB,CWEB,-62000.0,25.86,0.0185,36815000.0,0.0,-62000.0,-0.3654,-745000.0,-567000.0,BALANCED,-21.1356
2026-05-20,CWEB,CWEB,-336000.0,25.49,-0.0143,36479000.0,0.0,-336000.0,-2.0687,-426000.0,-1061000.0,DISTRIBUTION,-65.7183
2026-05-21,CWEB,CWEB,0.0,24.62,-0.0341,36479000.0,0.0,0.0,0.1224,-304000.0,-1000000.0,BALANCED,-6.9405
2026-05-22,CWEB,CWEB,76000.0,23.35,-0.0516,36555000.0,76000.0,0.0,0.5999,-244000.0,-889000.0,BALANCED,6.9973
2026-05-26,CWEB,CWEB,-31000.0,23.94,0.0253,36524000.0,0.0,-31000.0,-0.068,-353000.0,-970000.0,BALANCED,-13.7002
2026-05-27,CWEB,CWEB,0.0,23.55,-0.0163,36524000.0,0.0,0.0,0.1174,-291000.0,-970000.0,BALANCED,-7.0662
2026-05-28,CWEB,CWEB,-109000.0,22.88,-0.0285,36415000.0,0.0,-109000.0,-0.5643,-64000.0,-1098000.0,BALANCED,-26.1073
2026-05-29,CWEB,CWEB,60000.0,23.08,0.0087,36475000.0,60000.0,0.0,0.5558,-4000.0,-1075000.0,BALANCED,5.895
2026-06-01,CWEB,CWEB,-52000.0,24.07,0.0429,36423000.0,0.0,-52000.0,-0.1344,-132000.0,-1127000.0,BALANCED,-15.3607
2026-06-02,CWEB,CWEB,-5000.0,25.73,0.069,36418000.0,0.0,-5000.0,0.1851,-106000.0,-1171000.0,BALANCED,-9.3722
2026-06-03,CWEB,CWEB,-28000.0,23.75,-0.077,36390000.0,0.0,-28000.0,0.0346,-134000.0,-1236000.0,BALANCED,-15.1351
2026-06-04,CWEB,CWEB,-26000.0,23.55,-0.0084,36364000.0,0.0,-26000.0,0.093,-51000.0,-1336000.0,BALANCED,-15.6754
2026-06-05,CWEB,CWEB,94000.0,22.27,-0.0544,36458000.0,94000.0,0.0,0.8894,-17000.0,-1242000.0,BALANCED,14.2361
2026-06-08,CWEB,CWEB,0.0,21.82,-0.0202,36458000.0,0.0,0.0,0.2281,35000.0,-1242000.0,BALANCED,15.7028
2026-06-09,CWEB,CWEB,-116000.0,21.96,0.0064,36342000.0,0.0,-116000.0,-0.539,-76000.0,-1358000.0,BALANCED,-25.4744
2026-06-10,CWEB,CWEB,-73000.0,22.32,0.0164,36269000.0,0.0,-73000.0,-0.2235,-121000.0,-1291000.0,BALANCED,-19.5875
2026-06-11,CWEB,CWEB,11000.0,22.59,0.0121,36280000.0,11000.0,0.0,0.3623,-84000.0,-625000.0,BALANCED,1.0568
2026-06-12,CWEB,CWEB,127000.0,22.45,-0.0062,36407000.0,127000.0,0.0,1.1276,-51000.0,-376000.0,BALANCED,22.1904
2026-06-15,CWEB,CWEB,51000.0,22.66,0.0094,36458000.0,51000.0,0.0,0.5939,0.0,-341000.0,BALANCED,20.8471
2026-06-16,CWEB,CWEB,-81000.0,21.38,-0.0565,36377000.0,0.0,-81000.0,-0.2768,35000.0,-500000.0,BALANCED,1.08
2026-06-17,CWEB,CWEB,-49000.0,20.55,-0.0388,36328000.0,0.0,-49000.0,-0.0393,59000.0,-487000.0,BALANCED,5.0179
2026-06-18,CWEB,CWEB,-20000.0,20.32,-0.0112,36308000.0,0.0,-20000.0,0.1829,28000.0,-171000.0,BALANCED,8.5723
2026-06-22,CWEB,CWEB,11000.0,20.0,-0.0157,36319000.0,11000.0,0.0,0.3947,-88000.0,-160000.0,BALANCED,1.8686
2026-06-23,CWEB,CWEB,-77000.0,19.05,-0.0475,36242000.0,0.0,-77000.0,-0.1968,-216000.0,-313000.0,BALANCED,-16.9196
2026-06-24,CWEB,CWEB,-42000.0,18.7,-0.0184,36200000.0,0.0,-42000.0,0.0555,-177000.0,-324000.0,BALANCED,-12.6115
2026-06-25,CWEB,CWEB,-39000.0,17.7,-0.0535,36161000.0,0.0,-39000.0,0.0534,-167000.0,-363000.0,BALANCED,-14.6658
2026-06-26,CWEB,CWEB,-78000.0,18.13,0.0243,36083000.0,0.0,-78000.0,-0.5903,-225000.0,-332000.0,BALANCED,-32.7569
2026-06-29,CWEB,CWEB,-49000.0,18.67,0.0298,36034000.0,0.0,-49000.0,-0.2862,-285000.0,-441000.0,BALANCED,-27.156
2026-06-30,CWEB,CWEB,0.0,18.9,0.0123,36034000.0,0.0,0.0,0.3045,-208000.0,-389000.0,BALANCED,-2.3875
2026-07-01,CWEB,CWEB,0.0,19.93,0.0545,36034000.0,0.0,0.0,0.3443,-166000.0,-384000.0,BALANCED,-1.3913
2026-07-02,CWEB,CWEB,141000.0,19.66,-0.0135,36175000.0,141000.0,0.0,1.8672,14000.0,-215000.0,ACCUMULATION,58.6812
2026-07-06,CWEB,CWEB,0.0,20.66,0.0509,36175000.0,0.0,0.0,0.1596,92000.0,-189000.0,BALANCED,13.9908
2026-07-07,CWEB,CWEB,81000.0,20.48,-0.0087,36256000.0,81000.0,0.0,1.3478,222000.0,-202000.0,BALANCED,45.6953
2026-07-08,CWEB,CWEB,-85000.0,21.95,0.0718,36171000.0,0.0,-85000.0,-1.1085,137000.0,-287000.0,BALANCED,-19.7114
2026-07-09,CWEB,CWEB,-45000.0,22.07,0.0055,36126000.0,0.0,-45000.0,-0.4858,92000.0,-216000.0,BALANCED,-6.1453
2026-07-10,CWEB,CWEB,0.0,21.93,-0.0063,36126000.0,0.0,0.0,0.2031,-49000.0,-143000.0,BALANCED,-4.9225
2026-07-13,CWEB,CWEB,23000.0,21.61,-0.0146,36149000.0,23000.0,0.0,0.5054,-26000.0,-131000.0,BALANCED,4.6343
2026-07-14,CWEB,CWEB,73000.0,21.54,-0.0032,36222000.0,73000.0,0.0,1.2806,-34000.0,-185000.0,BALANCED,26.016
2026-07-15,CWEB,CWEB,0.0,22.93,0.0645,36222000.0,0.0,0.0,0.1062,51000.0,-236000.0,BALANCED,12.6559
2026-07-16,CWEB,CWEB,29000.0,23.71,0.034,36251000.0,29000.0,0.0,0.5452,125000.0,-126000.0,BALANCED,25.6299
2026-07-17,CWEB,CWEB,25000.0,22.54,-0.0493,36276000.0,25000.0,0.0,0.4536,150000.0,-52000.0,BALANCED,25.3397
2026-07-20,CWEB,CWEB,49000.0,23.57,0.0457,36325000.0,49000.0,0.0,0.7852,176000.0,17000.0,BALANCED,35.6289
2026-07-21,CWEB,CWEB,-14000.0,22.86,-0.0301,36311000.0,0.0,-14000.0,-0.148,89000.0,-8000.0,BALANCED,4.3012
2026-07-22,CWEB,CWEB,-56000.0,21.88,-0.0429,36255000.0,0.0,-56000.0,-0.7915,33000.0,13000.0,BALANCED,-13.7886
2026-07-23,CWEB,CWEB,-54000.0,21.58,-0.0137,36201000.0,0.0,-54000.0,-0.8298,-50000.0,1000.0,BALANCED,-36.7449
2026-07-24,CWEB,CWEB,7000.0,21.57,-0.0005,36208000.0,7000.0,0.0,0.1557,-68000.0,47000.0,BALANCED,-4.1077
2026-07-27,CWEB,CWEB,16000.0,22.76,0.0552,36224000.0,16000.0,0.0,0.3077,-101000.0,141000.0,BALANCED,1.6924
2026-07-28,CWEB,CWEB,-46000.0,23.28,0.0228,36178000.0,0.0,-46000.0,-0.721,-133000.0,144000.0,BALANCED,-30.0246
2026-07-29,CWEB,CWEB,0.0,24.13,0.0365,36178000.0,0.0,0.0,0.1792,-77000.0,144000.0,BALANCED,-5.5196
2026-07-30,CWEB,CWEB,42000.0,24.56,0.0178,36220000.0,42000.0,0.0,0.9248,19000.0,186000.0,BALANCED,35.1198
2026-07-31,CWEB,CWEB,90000.0,25.32,0.0309,36310000.0,90000.0,0.0,1.7022,102000.0,135000.0,ACCUMULATION,56.5539
2026-08-03,CWEB,CWEB,119000.0,25.76,0.0174,36429000.0,119000.0,0.0,2.004,205000.0,254000.0,ACCUMULATION,66.1001
2026-08-04,CWEB,CWEB,-43000.0,25.99,0.0089,36386000.0,0.0,-43000.0,-0.7801,208000.0,130000.0,BALANCED,-11.5018
2026-08-05,CWEB,CWEB,0.0,25.38,-0.0235,36386000.0,0.0,0.0,-0.0857,208000.0,215000.0,BALANCED,7.8583
2026-08-06,CWEB,CWEB,42000.0,25.11,-0.0106,36428000.0,42000.0,0.0,0.6175,208000.0,302000.0,BALANCED,27.4377
2026-08-07,CWEB,CWEB,-26000.0,25.53,0.0167,36402000.0,0.0,-26000.0,-0.6145,92000.0,276000.0,BALANCED,-7.3629
2026-08-10,CWEB,CWEB,0.0,26.36,0.0325,36402000.0,0.0,0.0,-0.2007,-27000.0,253000.0,BALANCED,-15.0173
2026-08-11,CWEB,CWEB,-132000.0,24.57,-0.0679,36270000.0,0.0,-132000.0,-2.4064,-116000.0,48000.0,DISTRIBUTION,-72.1606
2026-08-12,CWEB,CWEB,0.0,23.61,-0.0391,36270000.0,0.0,0.0,-0.1353,-116000.0,48000.0,BALANCED,-13.3837
2026-08-13,CWEB,CWEB,81000.0,22.4,-0.0512,36351000.0,81000.0,0.0,1.1816,-77000.0,100000.0,BALANCED,21.5409
2026-08-14,CWEB,CWEB,-56000.0,22.65,0.0112,36295000.0,0.0,-56000.0,-1.0821,-107000.0,19000.0,BALANCED,-39.0524
2026-08-17,CWEB,CWEB,0.0,22.54,-0.0049,36295000.0,0.0,0.0,-0.0721,-107000.0,-30000.0,BALANCED,-11.8035
2026-08-18,CWEB,CWEB,-12000.0,22.25,-0.0129,36283000.0,0.0,-12000.0,-0.2408,13000.0,-28000.0,BALANCED,1.979
2026-08-19,CWEB,CWEB,-51000.0,22.98,0.0328,36232000.0,0.0,-51000.0,-1.0195,-38000.0,-23000.0,BALANCED,-39.4872
2026-08-20,CWEB,CWEB,49000.0,22.07,-0.0396,36281000.0,49000.0,0.0,0.8443,-70000.0,80000.0,BALANCED,13.1063
2026-08-21,CWEB,CWEB,40000.0,22.05,-0.0009,36321000.0,40000.0,0.0,0.6406,26000.0,113000.0,BALANCED,30.015
2026-08-24,CWEB,CWEB,-102000.0,21.32,-0.0331,36219000.0,0.0,-102000.0,-1.8699,-76000.0,-5000.0,DISTRIBUTION,-58.7466
2026-08-25,CWEB,CWEB,13000.0,21.6,0.0131,36232000.0,13000.0,0.0,0.2336,-51000.0,54000.0,BALANCED,-2.1607
2026-08-26,CWEB,CWEB,-25000.0,21.34,-0.012,36207000.0,0.0,-25000.0,-0.4501,-25000.0,29000.0,BALANCED,-23.2536
2026-08-27,CWEB,CWEB,-24000.0,21.09,-0.0117,36183000.0,0.0,-24000.0,-0.4003,-98000.0,-37000.0,BALANCED,-24.0067
2026-08-28,CWEB,CWEB,-27000.0,21.44,0.0166,36156000.0,0.0,-27000.0,-0.4241,-165000.0,-154000.0,BALANCED,-26.6037
2026-08-31,CWEB,CWEB,-26000.0,20.57,-0.0406,36130000.0,0.0,-26000.0,-0.365,-89000.0,-299000.0,BALANCED,-27.1256
2026-09-01,CWEB,CWEB,-1000.0,20.39,-0.0088,36129000.0,0.0,-1000.0,0.0949,-103000.0,-257000.0,BALANCED,-17.6285
2026-09-02,CWEB,CWEB,-31000.0,20.39,0.0,36098000.0,0.0,-31000.0,-0.488,-109000.0,-288000.0,BALANCED,-34.2009
2026-09-03,CWEB,CWEB,45000.0,20.2,-0.0093,36143000.0,45000.0,0.0,0.8899,-40000.0,-285000.0,BALANCED,14.2486
2026-09-04,CWEB,CWEB,-5000.0,20.91,0.0351,36138000.0,0.0,-5000.0,-0.0506,-18000.0,-264000.0,BALANCED,-13.2647
2026-09-08,CWEB,CWEB,-166000.0,19.83,-0.0516,35972000.0,0.0,-166000.0,-2.6077,-158000.0,-430000.0,DISTRIBUTION,-79.1916
2026-09-09,CWEB,CWEB,-137000.0,18.98,-0.0429,35835000.0,0.0,-137000.0,-1.9457,-294000.0,-435000.0,DISTRIBUTION,-64.6434
2026-09-10,CWEB,CWEB,-122000.0,18.41,-0.03,35713000.0,0.0,-122000.0,-1.5763,-385000.0,-557000.0,DISTRIBUTION,-57.4083
2026-09-11,CWEB,CWEB,-79000.0,18.65,0.013,35634000.0,0.0,-79000.0,-0.8794,-509000.0,-717000.0,BALANCED,-41.9848
2026-09-14,CWEB,CWEB,-59000.0,18.84,0.0102,35575000.0,0.0,-59000.0,-0.5332,-563000.0,-720000.0,BALANCED,-35.3288
2026-09-15,CWEB,CWEB,63000.0,18.44,-0.0212,35638000.0,63000.0,0.0,1.4618,-334000.0,-657000.0,BALANCED,28.5442
2026-09-16,CWEB,CWEB,-44000.0,18.07,-0.0201,35594000.0,0.0,-44000.0,-0.2878,-241000.0,-689000.0,BALANCED,-19.1959
2026-09-17,CWEB,CWEB,-65000.0,18.28,0.0116,35529000.0,0.0,-65000.0,-0.5941,-184000.0,-703000.0,BALANCED,-28.8515
2026-09-18,CWEB,CWEB,139000.0,18.97,0.0377,35668000.0,139000.0,0.0,2.437,34000.0,-613000.0,ACCUMULATION,72.9262
2026-09-21,CWEB,CWEB,513000.0,19.53,0.0295,36181000.0,513000.0,0.0,4.3659,606000.0,-140000.0,ACCUMULATION,100.0
2026-09-22,CWEB,CWEB,158000.0,19.68,0.0077,36339000.0,158000.0,0.0,1.3021,701000.0,120000.0,BALANCED,48.5518
2026-09-23,CWEB,CWEB,113000.0,18.89,-0.0401,36452000.0,113000.0,0.0,0.8753,858000.0,220000.0,BALANCED,39.8827
2026-09-24,CWEB,CWEB,114000.0,18.66,-0.0122,36566000.0,114000.0,0.0,0.8416,1037000.0,359000.0,BALANCED,41.0397
2026-09-25,CWEB,CWEB,-54000.0,18.48,-0.0096,36512000.0,0.0,-54000.0,-0.4807,844000.0,329000.0,BALANCED,-4.0163
2026-09-28,CWEB,CWEB,0.0,18.63,0.0081,36512000.0,0.0,0.0,-0.0588,331000.0,356000.0,BALANCED,8.5295
2026-09-29,CWEB,CWEB,-52000.0,18.16,-0.0252,36460000.0,0.0,-52000.0,-0.4658,121000.0,330000.0,BALANCED,-3.6448
2026-09-30,CWEB,CWEB,42000.0,18.33,0.0094,36502000.0,42000.0,0.0,0.2808,50000.0,373000.0,BALANCED,19.02
2026-10-01,CWEB,CWEB,78000.0,18.1,-0.0125,36580000.0,78000.0,0.0,0.5367,14000.0,482000.0,BALANCED,27.4172
2026-10-02,CWEB,CWEB,66000.0,17.39,-0.0392,36646000.0,66000.0,0.0,0.4344,134000.0,503000.0,BALANCED,26.859
2026-10-05,CWEB,CWEB,-81000.0,18.43,0.0598,36565000.0,0.0,-81000.0,-0.7133,53000.0,427000.0,BALANCED,-9.8317
2026-10-06,CWEB,CWEB,-21000.0,18.36,-0.0038,36544000.0,0.0,-21000.0,-0.258,84000.0,572000.0,BALANCED,-0.4509
2026-10-07,CWEB,CWEB,18000.0,18.02,-0.0185,36562000.0,18000.0,0.0,0.0567,60000.0,727000.0,BALANCED,13.4184
