date,ticker,trackinsight_key,usd_flow,nav,perf_pct,cumulative_flow,daily_inflow,daily_outflow,flow_zscore,flow_5d,flow_20d,regime,pressure
2016-01-04,DIG,DIG,0.0,29.87,-0.0023,0.0,0.0,0.0,0.0,0.0,0.0,BALANCED,0.0
2016-01-05,DIG,DIG,0.0,30.12,0.0084,0.0,0.0,0.0,0.0,0.0,0.0,BALANCED,0.0
2016-01-06,DIG,DIG,2784000.0,27.84,-0.0757,2784000.0,2784000.0,0.0,0.0,2784000.0,2784000.0,BALANCED,12.0
2016-01-07,DIG,DIG,2649000.0,26.49,-0.0485,5433000.0,2649000.0,0.0,0.0,5433000.0,5433000.0,BALANCED,14.0
2016-01-08,DIG,DIG,1291000.0,25.82,-0.0253,6724000.0,1291000.0,0.0,-0.0396,6724000.0,6724000.0,BALANCED,15.0106
2016-01-11,DIG,DIG,4942000.0,24.71,-0.043,11666000.0,4942000.0,0.0,1.5723,11666000.0,11666000.0,ACCUMULATION,57.3068
2016-01-12,DIG,DIG,2483000.0,24.83,0.0049,14149000.0,2483000.0,0.0,0.2635,14149000.0,14149000.0,BALANCED,26.5871
2016-01-13,DIG,DIG,0.0,23.83,-0.0403,14149000.0,0.0,0.0,-0.9977,11365000.0,14149000.0,BALANCED,-14.9416
2016-01-14,DIG,DIG,5184000.0,25.92,0.0877,19333000.0,5184000.0,0.0,1.5093,13900000.0,19333000.0,ACCUMULATION,49.7325
2016-01-15,DIG,DIG,0.0,24.4,-0.0586,19333000.0,0.0,0.0,-0.9597,12609000.0,19333000.0,BALANCED,-13.9934
2016-01-19,DIG,DIG,2324000.0,23.24,-0.0475,21657000.0,2324000.0,0.0,0.1855,9991000.0,21657000.0,BALANCED,16.6377
2016-01-20,DIG,DIG,1096000.0,21.91,-0.0572,22753000.0,1096000.0,0.0,-0.4342,8604000.0,22753000.0,BALANCED,3.1462
2016-01-21,DIG,DIG,6975000.0,23.25,0.0612,29728000.0,6975000.0,0.0,2.0765,15579000.0,29728000.0,ACCUMULATION,67.9128
2016-01-22,DIG,DIG,0.0,25.28,0.0873,29728000.0,0.0,0.0,-0.9422,10395000.0,29728000.0,BALANCED,-13.5557
2016-01-25,DIG,DIG,1146000.0,22.92,-0.0934,30874000.0,1146000.0,0.0,-0.4173,11541000.0,30874000.0,BALANCED,1.5682
2016-01-26,DIG,DIG,0.0,24.71,0.0781,30874000.0,0.0,0.0,-0.8876,9217000.0,30874000.0,BALANCED,-12.1908
2016-01-27,DIG,DIG,1222000.0,24.43,-0.0113,32096000.0,1222000.0,0.0,-0.3154,9343000.0,32096000.0,BALANCED,4.116
2016-01-28,DIG,DIG,0.0,25.97,0.063,32096000.0,0.0,0.0,-0.8505,2368000.0,32096000.0,BALANCED,-11.2622
2016-01-29,DIG,DIG,0.0,27.41,0.0554,32096000.0,0.0,0.0,-0.8129,2368000.0,32096000.0,BALANCED,-10.3216
2016-02-01,DIG,DIG,0.0,26.31,-0.0401,32096000.0,0.0,0.0,-0.7799,1222000.0,32096000.0,BALANCED,-9.4975
2016-02-02,DIG,DIG,-3679000.0,24.53,-0.0677,28417000.0,0.0,-3679000.0,-2.1752,-2457000.0,28417000.0,DISTRIBUTION,-66.3805
2016-02-03,DIG,DIG,0.0,26.43,0.0775,28417000.0,0.0,0.0,-0.5675,-3679000.0,28417000.0,BALANCED,-24.1879
2016-02-04,DIG,DIG,0.0,26.49,0.0023,28417000.0,0.0,0.0,-0.5516,-3679000.0,25633000.0,BALANCED,-23.7896
2016-02-05,DIG,DIG,0.0,25.36,-0.0427,28417000.0,0.0,0.0,-0.5369,-3679000.0,22984000.0,BALANCED,-23.4234
2016-02-08,DIG,DIG,0.0,25.27,-0.0035,28417000.0,0.0,0.0,-0.5234,-3679000.0,21693000.0,BALANCED,-23.0852
2016-02-09,DIG,DIG,-1206000.0,24.13,-0.0451,27211000.0,0.0,-1206000.0,-1.0348,-1206000.0,15545000.0,BALANCED,-37.8696
2016-02-10,DIG,DIG,1193000.0,23.86,-0.0112,28404000.0,1193000.0,0.0,0.066,-13000.0,14255000.0,BALANCED,-6.3488
2016-02-11,DIG,DIG,2363000.0,23.63,-0.0096,30767000.0,2363000.0,0.0,0.5993,2350000.0,16618000.0,BALANCED,28.9822
2016-02-12,DIG,DIG,2488000.0,24.88,0.0529,33255000.0,2488000.0,0.0,0.6425,4838000.0,13922000.0,BALANCED,32.0636
2016-02-16,DIG,DIG,0.0,25.35,0.0189,33255000.0,0.0,0.0,-0.5376,4838000.0,13922000.0,BALANCED,-3.4409
2016-02-17,DIG,DIG,1345000.0,26.89,0.0608,34600000.0,1345000.0,0.0,0.0934,7389000.0,12943000.0,BALANCED,14.3357
2016-02-18,DIG,DIG,0.0,26.38,-0.019,34600000.0,0.0,0.0,-0.5622,6196000.0,11847000.0,BALANCED,-4.055
2016-02-19,DIG,DIG,0.0,26.16,-0.0083,34600000.0,0.0,0.0,-0.5204,3833000.0,4872000.0,BALANCED,-3.009
2016-02-22,DIG,DIG,0.0,27.38,0.0466,34600000.0,0.0,0.0,-0.4803,1345000.0,4872000.0,BALANCED,-2.0075
2016-02-23,DIG,DIG,-2557000.0,25.57,-0.0661,32043000.0,0.0,-2557000.0,-1.6021,-1212000.0,1169000.0,DISTRIBUTION,-52.052
2016-02-24,DIG,DIG,0.0,26.12,0.0215,32043000.0,0.0,0.0,-0.3429,-2557000.0,1169000.0,BALANCED,-18.5724
2016-02-25,DIG,DIG,0.0,26.22,0.0038,32043000.0,0.0,0.0,-0.3052,-2557000.0,-53000.0,BALANCED,-17.629
2016-02-26,DIG,DIG,0.0,26.51,0.0111,32043000.0,0.0,0.0,-0.3052,-2557000.0,-53000.0,BALANCED,-17.629
2016-02-29,DIG,DIG,0.0,25.97,-0.0204,32043000.0,0.0,0.0,-0.2416,-2557000.0,-53000.0,BALANCED,-16.0389
2016-03-01,DIG,DIG,0.0,27.05,0.0416,32043000.0,0.0,0.0,-0.2416,0.0,-53000.0,BALANCED,-6.0389
2016-03-02,DIG,DIG,0.0,28.43,0.051,32043000.0,0.0,0.0,-0.2015,0.0,3626000.0,BALANCED,-5.0378
2016-03-03,DIG,DIG,0.0,29.32,0.0313,32043000.0,0.0,0.0,-0.1808,0.0,3626000.0,BALANCED,-4.5189
2016-03-04,DIG,DIG,0.0,29.9,0.0198,32043000.0,0.0,0.0,-0.0664,0.0,3626000.0,BALANCED,-1.6601
2016-03-07,DIG,DIG,0.0,31.31,0.0472,32043000.0,0.0,0.0,-0.0664,0.0,3626000.0,BALANCED,-1.6601
2016-03-08,DIG,DIG,0.0,28.62,-0.0859,32043000.0,0.0,0.0,-0.034,0.0,3626000.0,BALANCED,-0.8512
2016-03-09,DIG,DIG,0.0,29.59,0.0339,32043000.0,0.0,0.0,-0.034,0.0,4832000.0,BALANCED,-0.8512
2016-03-10,DIG,DIG,0.0,29.59,0.0,32043000.0,0.0,0.0,0.0016,0.0,3639000.0,BALANCED,0.0394
2016-03-11,DIG,DIG,-3101000.0,31.01,0.048,28942000.0,0.0,-3101000.0,-2.3834,-3101000.0,-1825000.0,DISTRIBUTION,-71.5855
2016-03-14,DIG,DIG,0.0,30.61,-0.0129,28942000.0,0.0,0.0,0.0836,-3101000.0,-4313000.0,BALANCED,-7.909
2016-03-15,DIG,DIG,0.0,30.47,-0.0046,28942000.0,0.0,0.0,0.0836,-3101000.0,-4313000.0,BALANCED,-7.909
2016-03-16,DIG,DIG,-4731000.0,31.54,0.0351,24211000.0,0.0,-4731000.0,-3.3516,-7832000.0,-10389000.0,DISTRIBUTION,-95.7909
2016-03-17,DIG,DIG,0.0,32.48,0.0298,24211000.0,0.0,0.0,0.1024,-7832000.0,-10389000.0,BALANCED,-7.4411
2016-03-18,DIG,DIG,0.0,32.5,0.0006,24211000.0,0.0,0.0,0.1024,-4731000.0,-10389000.0,BALANCED,-7.4411
2016-03-21,DIG,DIG,-4834000.0,32.23,-0.0083,19377000.0,0.0,-4834000.0,-2.8066,-9565000.0,-15223000.0,DISTRIBUTION,-82.164
2016-03-22,DIG,DIG,0.0,32.04,-0.0059,19377000.0,0.0,0.0,0.1866,-9565000.0,-12666000.0,BALANCED,-5.3355
2016-03-23,DIG,DIG,0.0,30.41,-0.0029,19377000.0,0.0,0.0,0.1625,-4834000.0,-12666000.0,BALANCED,-5.9369
2016-03-24,DIG,DIG,0.0,30.74,0.0109,19377000.0,0.0,0.0,0.19,-4834000.0,-12666000.0,BALANCED,-5.2512
2016-03-28,DIG,DIG,0.0,30.5,-0.0078,19377000.0,0.0,0.0,0.2525,-4834000.0,-12666000.0,BALANCED,-3.6881
2016-03-29,DIG,DIG,0.0,30.75,0.0082,19377000.0,0.0,0.0,0.3291,0.0,-12666000.0,BALANCED,8.228
2016-03-30,DIG,DIG,0.0,30.92,0.0055,19377000.0,0.0,0.0,0.3291,0.0,-12666000.0,BALANCED,8.228
2016-03-31,DIG,DIG,0.0,30.9,-0.0006,19377000.0,0.0,0.0,0.3712,0.0,-12666000.0,BALANCED,9.2811
2016-04-01,DIG,DIG,0.0,30.0,-0.0291,19377000.0,0.0,0.0,0.3712,0.0,-12666000.0,BALANCED,9.2811
2016-04-04,DIG,DIG,-1481000.0,29.63,-0.0123,17896000.0,0.0,-1481000.0,-0.6723,-1481000.0,-14147000.0,BALANCED,-28.8084
2016-04-05,DIG,DIG,0.0,29.16,-0.0159,17896000.0,0.0,0.0,0.4051,-1481000.0,-14147000.0,BALANCED,0.1265
2016-04-06,DIG,DIG,0.0,30.4,0.0425,17896000.0,0.0,0.0,0.356,-1481000.0,-14147000.0,BALANCED,-1.1003
2016-04-07,DIG,DIG,0.0,30.0,-0.0132,17896000.0,0.0,0.0,0.356,-1481000.0,-14147000.0,BALANCED,-1.1003
2016-04-08,DIG,DIG,0.0,31.28,0.0427,17896000.0,0.0,0.0,0.356,-1481000.0,-14147000.0,BALANCED,-1.1003
2016-04-11,DIG,DIG,0.0,31.04,-0.0077,17896000.0,0.0,0.0,0.356,0.0,-11046000.0,BALANCED,8.8997
2016-04-12,DIG,DIG,0.0,32.94,0.0612,17896000.0,0.0,0.0,0.356,0.0,-11046000.0,BALANCED,8.8997
2016-04-13,DIG,DIG,0.0,33.18,0.0073,17896000.0,0.0,0.0,0.356,0.0,-11046000.0,BALANCED,8.8997
2016-04-14,DIG,DIG,0.0,33.41,0.0069,17896000.0,0.0,0.0,0.356,0.0,-6315000.0,BALANCED,8.8997
2016-04-15,DIG,DIG,-3254000.0,32.54,-0.026,14642000.0,0.0,-3254000.0,-1.8899,-3254000.0,-9569000.0,DISTRIBUTION,-59.2472
2016-04-18,DIG,DIG,-5037000.0,33.58,0.032,9605000.0,0.0,-5037000.0,-2.6367,-8291000.0,-14606000.0,DISTRIBUTION,-79.9172
2016-04-19,DIG,DIG,0.0,34.92,0.0399,9605000.0,0.0,0.0,0.4598,-8291000.0,-9772000.0,BALANCED,1.4947
2016-04-20,DIG,DIG,0.0,35.5,0.0166,9605000.0,0.0,0.0,0.4598,-8291000.0,-9772000.0,BALANCED,1.4947
2016-04-21,DIG,DIG,0.0,35.16,-0.0096,9605000.0,0.0,0.0,0.4598,-8291000.0,-9772000.0,BALANCED,1.4947
2016-04-22,DIG,DIG,0.0,36.19,0.0293,9605000.0,0.0,0.0,0.4598,-5037000.0,-9772000.0,BALANCED,1.4947
2016-04-25,DIG,DIG,0.0,35.31,-0.0243,9605000.0,0.0,0.0,0.4107,0.0,-9772000.0,BALANCED,10.2669
2016-04-26,DIG,DIG,0.0,36.33,0.0289,9605000.0,0.0,0.0,0.4107,0.0,-9772000.0,BALANCED,10.2669
2016-04-27,DIG,DIG,0.0,37.64,0.0361,9605000.0,0.0,0.0,0.4107,0.0,-9772000.0,BALANCED,10.2669
2016-04-28,DIG,DIG,0.0,36.58,-0.0282,9605000.0,0.0,0.0,0.3554,0.0,-9772000.0,BALANCED,8.8861
2016-04-29,DIG,DIG,0.0,36.56,-0.0005,9605000.0,0.0,0.0,0.3554,0.0,-9772000.0,BALANCED,8.8861
2016-05-02,DIG,DIG,-5476000.0,36.51,-0.0014,4129000.0,0.0,-5476000.0,-2.9296,-5476000.0,-13767000.0,DISTRIBUTION,-85.2403
2016-05-03,DIG,DIG,-3473000.0,34.73,-0.0488,656000.0,0.0,-3473000.0,-1.8534,-8949000.0,-17240000.0,DISTRIBUTION,-60.3362
2016-05-04,DIG,DIG,0.0,33.73,-0.0288,656000.0,0.0,0.0,0.406,-8949000.0,-17240000.0,BALANCED,0.1494
2016-05-05,DIG,DIG,0.0,34.16,0.0127,656000.0,0.0,0.0,0.406,-8949000.0,-17240000.0,BALANCED,0.1494
2016-05-06,DIG,DIG,0.0,34.03,-0.0038,656000.0,0.0,0.0,0.406,-8949000.0,-17240000.0,BALANCED,0.1494
2016-05-09,DIG,DIG,0.0,33.05,-0.0288,656000.0,0.0,0.0,0.406,-3473000.0,-17240000.0,BALANCED,0.1494
2016-05-10,DIG,DIG,3427000.0,34.27,0.0369,4083000.0,3427000.0,0.0,2.3111,3427000.0,-13813000.0,ACCUMULATION,69.7774
2016-05-11,DIG,DIG,1721000.0,34.41,0.0041,5804000.0,1721000.0,0.0,1.2423,5148000.0,-12092000.0,BALANCED,45.057
2016-05-12,DIG,DIG,0.0,34.65,0.007,5804000.0,0.0,0.0,0.2586,5148000.0,-12092000.0,BALANCED,16.465
2016-05-13,DIG,DIG,0.0,33.75,-0.026,5804000.0,0.0,0.0,0.2586,5148000.0,-8838000.0,BALANCED,16.465
2016-05-16,DIG,DIG,0.0,34.91,0.0344,5804000.0,0.0,0.0,0.2316,5148000.0,-3801000.0,BALANCED,15.7899
2016-05-17,DIG,DIG,-3522000.0,35.22,0.0089,2282000.0,0.0,-3522000.0,-1.6412,-1801000.0,-7323000.0,DISTRIBUTION,-53.0311
2016-05-18,DIG,DIG,0.0,34.46,-0.0216,2282000.0,0.0,0.0,0.2846,-3522000.0,-7323000.0,BALANCED,-2.8852
2016-05-19,DIG,DIG,0.0,34.55,0.0026,2282000.0,0.0,0.0,0.2846,-3522000.0,-7323000.0,BALANCED,-2.8852
2016-05-20,DIG,DIG,0.0,34.92,0.0107,2282000.0,0.0,0.0,0.2846,-3522000.0,-7323000.0,BALANCED,-2.8852
2016-05-23,DIG,DIG,0.0,34.74,-0.0052,2282000.0,0.0,0.0,0.2846,-3522000.0,-7323000.0,BALANCED,-2.8852
2016-05-24,DIG,DIG,-3507000.0,35.07,0.0095,-1225000.0,0.0,-3507000.0,-1.5064,-3507000.0,-10830000.0,DISTRIBUTION,-49.6612
2016-05-25,DIG,DIG,0.0,36.24,0.0334,-1225000.0,0.0,0.0,0.3346,-3507000.0,-10830000.0,BALANCED,-1.6352
2016-05-26,DIG,DIG,0.0,35.89,-0.0097,-1225000.0,0.0,0.0,0.3346,-3507000.0,-10830000.0,BALANCED,-1.6352
2016-05-27,DIG,DIG,0.0,35.97,0.0022,-1225000.0,0.0,0.0,0.2871,-3507000.0,-10830000.0,BALANCED,-2.8232
2016-05-31,DIG,DIG,-5338000.0,35.59,-0.0106,-6563000.0,0.0,-5338000.0,-2.5685,-8845000.0,-10692000.0,DISTRIBUTION,-76.2129
2016-06-01,DIG,DIG,0.0,35.74,0.0042,-6563000.0,0.0,0.0,0.2884,-5338000.0,-7219000.0,BALANCED,-2.7889
2016-06-02,DIG,DIG,1777000.0,35.54,-0.0056,-4786000.0,1777000.0,0.0,1.1792,-3561000.0,-5442000.0,BALANCED,21.4806
2016-06-03,DIG,DIG,0.0,35.33,-0.0059,-4786000.0,0.0,0.0,0.2507,-3561000.0,-5442000.0,BALANCED,-3.7334
2016-06-06,DIG,DIG,0.0,36.89,0.0442,-4786000.0,0.0,0.0,0.2507,-3561000.0,-5442000.0,BALANCED,-3.7334
2016-06-07,DIG,DIG,0.0,38.48,0.0431,-4786000.0,0.0,0.0,0.2507,1777000.0,-5442000.0,BALANCED,16.2666
2016-06-08,DIG,DIG,0.0,38.35,-0.0034,-4786000.0,0.0,0.0,0.2507,1777000.0,-8869000.0,BALANCED,16.2666
2016-06-09,DIG,DIG,0.0,37.95,-0.0104,-4786000.0,0.0,0.0,0.2507,0.0,-10590000.0,BALANCED,6.2666
2016-06-10,DIG,DIG,0.0,36.26,-0.0445,-4786000.0,0.0,0.0,0.2507,0.0,-10590000.0,BALANCED,6.2666
2016-06-13,DIG,DIG,0.0,35.97,-0.008,-4786000.0,0.0,0.0,0.2507,0.0,-10590000.0,BALANCED,6.2666
2016-06-14,DIG,DIG,0.0,35.92,-0.0014,-4786000.0,0.0,0.0,0.1784,0.0,-10590000.0,BALANCED,4.4598
2016-06-15,DIG,DIG,0.0,35.72,-0.0056,-4786000.0,0.0,0.0,0.1167,0.0,-7068000.0,BALANCED,2.9174
2016-06-16,DIG,DIG,0.0,35.46,-0.0073,-4786000.0,0.0,0.0,0.1167,0.0,-7068000.0,BALANCED,2.9174
2016-06-17,DIG,DIG,0.0,36.17,0.02,-4786000.0,0.0,0.0,0.1167,0.0,-7068000.0,BALANCED,2.9174
2016-06-20,DIG,DIG,-1839000.0,36.78,0.0169,-6625000.0,0.0,-1839000.0,-1.0084,-1839000.0,-8907000.0,BALANCED,-37.2091
2016-06-21,DIG,DIG,0.0,37.57,0.0215,-6625000.0,0.0,0.0,0.1533,-1839000.0,-8907000.0,BALANCED,-6.1672
2016-06-22,DIG,DIG,5549000.0,36.99,0.0156,-1076000.0,5549000.0,0.0,3.2015,3710000.0,149000.0,ACCUMULATION,92.0377
2016-06-23,DIG,DIG,0.0,38.27,0.0346,-1076000.0,0.0,0.0,0.1309,3710000.0,149000.0,BALANCED,13.2736
2016-06-24,DIG,DIG,0.0,35.45,-0.0737,-1076000.0,0.0,0.0,0.1309,3710000.0,149000.0,BALANCED,13.2736
2016-06-27,DIG,DIG,0.0,33.46,-0.0561,-1076000.0,0.0,0.0,0.1309,5549000.0,149000.0,BALANCED,13.2736
2016-06-28,DIG,DIG,0.0,35.31,0.0553,-1076000.0,0.0,0.0,0.1309,5549000.0,5487000.0,BALANCED,13.2736
2016-06-29,DIG,DIG,-3677000.0,36.77,0.0413,-4753000.0,0.0,-3677000.0,-1.9542,-3677000.0,1810000.0,DISTRIBUTION,-60.8544
2016-06-30,DIG,DIG,0.0,37.37,0.0163,-4753000.0,0.0,0.0,0.1331,-3677000.0,33000.0,BALANCED,-6.6721
2016-07-01,DIG,DIG,0.0,37.81,0.0118,-4753000.0,0.0,0.0,0.1331,-3677000.0,33000.0,BALANCED,-6.6721
2016-07-05,DIG,DIG,0.0,36.22,-0.0421,-4753000.0,0.0,0.0,0.1331,-3677000.0,33000.0,BALANCED,-6.6721
2016-07-06,DIG,DIG,0.0,36.61,0.0108,-4753000.0,0.0,0.0,0.1331,-3677000.0,33000.0,BALANCED,-6.6721
2016-07-07,DIG,DIG,0.0,35.8,-0.0221,-4753000.0,0.0,0.0,0.0713,0.0,33000.0,BALANCED,1.7821
2016-07-08,DIG,DIG,0.0,36.76,0.0268,-4753000.0,0.0,0.0,0.0713,0.0,33000.0,BALANCED,1.7821
2016-07-11,DIG,DIG,0.0,36.84,0.0022,-4753000.0,0.0,0.0,0.0713,0.0,33000.0,BALANCED,1.7821
2016-07-12,DIG,DIG,0.0,38.66,0.0494,-4753000.0,0.0,0.0,0.0713,0.0,33000.0,BALANCED,1.7821
2016-07-13,DIG,DIG,0.0,38.02,-0.0166,-4753000.0,0.0,0.0,-0.0456,0.0,33000.0,BALANCED,-1.1403
2016-07-14,DIG,DIG,0.0,38.35,0.0087,-4753000.0,0.0,0.0,-0.0456,0.0,33000.0,BALANCED,-1.1403
2016-07-15,DIG,DIG,0.0,38.31,-0.001,-4753000.0,0.0,0.0,-0.0009,0.0,33000.0,BALANCED,-0.0214
2016-07-18,DIG,DIG,-7662000.0,38.31,0.0,-12415000.0,0.0,-7662000.0,-3.9031,-7662000.0,-7629000.0,DISTRIBUTION,-100.0
2016-07-19,DIG,DIG,0.0,37.84,-0.0123,-12415000.0,0.0,0.0,0.134,-7662000.0,-5790000.0,BALANCED,-6.6503
2016-07-20,DIG,DIG,1888000.0,37.75,-0.0024,-10527000.0,1888000.0,0.0,1.0732,-5774000.0,-3902000.0,BALANCED,18.8302
2016-07-21,DIG,DIG,-1851000.0,37.03,-0.0191,-12378000.0,0.0,-1851000.0,-0.815,-7625000.0,-11302000.0,BALANCED,-32.376
2016-07-22,DIG,DIG,-3725000.0,37.25,0.0059,-16103000.0,0.0,-3725000.0,-1.6256,-11350000.0,-15027000.0,DISTRIBUTION,-54.6393
2016-07-25,DIG,DIG,3572000.0,35.72,-0.0411,-12531000.0,3572000.0,0.0,1.7556,-116000.0,-11455000.0,ACCUMULATION,35.8911
2016-07-26,DIG,DIG,0.0,36.07,0.0098,-12531000.0,0.0,0.0,0.1183,-116000.0,-11455000.0,BALANCED,-7.0416
2016-07-27,DIG,DIG,0.0,35.26,-0.0225,-12531000.0,0.0,0.0,0.1183,-2004000.0,-11455000.0,BALANCED,-7.0416
2016-07-28,DIG,DIG,0.0,35.16,-0.0028,-12531000.0,0.0,0.0,0.1183,-153000.0,-7778000.0,BALANCED,-7.0416
2016-07-29,DIG,DIG,0.0,35.72,0.0159,-12531000.0,0.0,0.0,0.1183,3572000.0,-7778000.0,BALANCED,12.9584
2016-08-01,DIG,DIG,0.0,33.3,-0.0677,-12531000.0,0.0,0.0,0.1183,0.0,-7778000.0,BALANCED,2.9584
2016-08-02,DIG,DIG,0.0,33.87,0.0171,-12531000.0,0.0,0.0,0.0911,0.0,-7778000.0,BALANCED,2.277
2016-08-03,DIG,DIG,0.0,35.15,0.0378,-12531000.0,0.0,0.0,0.0911,0.0,-7778000.0,BALANCED,2.277
2016-08-04,DIG,DIG,0.0,35.07,-0.0023,-12531000.0,0.0,0.0,0.2041,0.0,-7778000.0,BALANCED,5.103
2016-08-05,DIG,DIG,0.0,35.71,0.0182,-12531000.0,0.0,0.0,0.2041,0.0,-7778000.0,BALANCED,5.103
2016-08-08,DIG,DIG,0.0,36.67,0.0269,-12531000.0,0.0,0.0,0.2041,0.0,-7778000.0,BALANCED,5.103
2016-08-09,DIG,DIG,0.0,36.26,-0.0112,-12531000.0,0.0,0.0,0.2041,0.0,-7778000.0,BALANCED,5.103
2016-08-10,DIG,DIG,0.0,35.37,-0.0245,-12531000.0,0.0,0.0,0.2041,0.0,-7778000.0,BALANCED,5.103
2016-08-11,DIG,DIG,-1817000.0,36.35,0.0277,-14348000.0,0.0,-1817000.0,-0.838,-1817000.0,-9595000.0,BALANCED,-32.9501
2016-08-12,DIG,DIG,0.0,36.77,0.0116,-14348000.0,0.0,0.0,0.179,-1817000.0,-9595000.0,BALANCED,-5.5245
2016-08-15,DIG,DIG,-3733000.0,37.33,0.0152,-18081000.0,0.0,-3733000.0,-1.7396,-5550000.0,-5666000.0,DISTRIBUTION,-55.4899
2016-08-16,DIG,DIG,0.0,37.46,0.0035,-18081000.0,0.0,0.0,0.235,-5550000.0,-5666000.0,BALANCED,-4.1251
2016-08-17,DIG,DIG,-1884000.0,37.68,0.0059,-19965000.0,0.0,-1884000.0,-0.7222,-7434000.0,-9438000.0,BALANCED,-30.056
2016-08-18,DIG,DIG,0.0,39.1,0.0377,-19965000.0,0.0,0.0,0.266,-5617000.0,-7587000.0,BALANCED,-3.3507
2016-08-19,DIG,DIG,-1923000.0,38.46,-0.0164,-21888000.0,0.0,-1923000.0,-0.7037,-7540000.0,-5785000.0,BALANCED,-29.5918
2016-08-22,DIG,DIG,-3769000.0,37.69,-0.02,-25657000.0,0.0,-3769000.0,-1.5331,-7576000.0,-13126000.0,DISTRIBUTION,-52.3273
2016-08-23,DIG,DIG,5708000.0,38.05,0.0096,-19949000.0,5708000.0,0.0,2.6803,-1868000.0,-7418000.0,ACCUMULATION,59.0065
2016-08-24,DIG,DIG,0.0,37.76,-0.0076,-19949000.0,0.0,0.0,0.2185,16000.0,-7418000.0,BALANCED,15.4616
2016-08-25,DIG,DIG,0.0,37.56,-0.0053,-19949000.0,0.0,0.0,0.2185,16000.0,-7418000.0,BALANCED,15.4616
2016-08-26,DIG,DIG,0.0,37.33,-0.0061,-19949000.0,0.0,0.0,0.2185,1939000.0,-7418000.0,BALANCED,15.4616
2016-08-29,DIG,DIG,0.0,37.84,0.0137,-19949000.0,0.0,0.0,0.1333,5708000.0,-7418000.0,BALANCED,13.3313
2016-08-30,DIG,DIG,0.0,37.51,-0.0087,-19949000.0,0.0,0.0,0.1333,0.0,-7418000.0,BALANCED,3.3313
2016-08-31,DIG,DIG,0.0,36.47,-0.0277,-19949000.0,0.0,0.0,0.1705,0.0,-7418000.0,BALANCED,4.2631
2016-09-01,DIG,DIG,0.0,36.26,-0.0058,-19949000.0,0.0,0.0,0.1387,0.0,-7418000.0,BALANCED,3.4677
2016-09-02,DIG,DIG,0.0,36.98,0.0199,-19949000.0,0.0,0.0,0.0755,0.0,-7418000.0,BALANCED,1.8884
2016-09-06,DIG,DIG,0.0,38.11,0.0306,-19949000.0,0.0,0.0,0.1598,0.0,-7418000.0,BALANCED,3.9949
2016-09-07,DIG,DIG,0.0,38.39,0.0073,-19949000.0,0.0,0.0,0.1598,0.0,-7418000.0,BALANCED,3.9949
2016-09-08,DIG,DIG,0.0,39.72,0.0346,-19949000.0,0.0,0.0,0.1598,0.0,-7418000.0,BALANCED,3.9949
2016-09-09,DIG,DIG,0.0,37.38,-0.0589,-19949000.0,0.0,0.0,0.1598,0.0,-5601000.0,BALANCED,3.9949
2016-09-12,DIG,DIG,0.0,38.06,0.0182,-19949000.0,0.0,0.0,0.1598,0.0,-5601000.0,BALANCED,3.9949
2016-09-13,DIG,DIG,0.0,35.82,-0.0589,-19949000.0,0.0,0.0,0.1598,0.0,-1868000.0,BALANCED,3.9949
2016-09-14,DIG,DIG,0.0,34.95,-0.0243,-19949000.0,0.0,0.0,0.1598,0.0,-1868000.0,BALANCED,3.9949
2016-09-15,DIG,DIG,0.0,35.73,0.0223,-19949000.0,0.0,0.0,0.1598,0.0,16000.0,BALANCED,3.9949
2016-09-16,DIG,DIG,0.0,35.14,-0.0165,-19949000.0,0.0,0.0,0.1598,0.0,16000.0,BALANCED,3.9949
2016-09-19,DIG,DIG,0.0,35.08,-0.0017,-19949000.0,0.0,0.0,0.1598,0.0,1939000.0,BALANCED,3.9949
2016-09-20,DIG,DIG,1724000.0,34.47,-0.0174,-18225000.0,1724000.0,0.0,1.2049,1724000.0,7432000.0,BALANCED,42.1226
2016-09-21,DIG,DIG,0.0,35.89,0.0713,-18225000.0,0.0,0.0,0.1195,1724000.0,1724000.0,BALANCED,12.9874
2016-09-22,DIG,DIG,1806000.0,36.11,0.0061,-16419000.0,1806000.0,0.0,1.1879,3530000.0,3530000.0,BALANCED,41.6966
2016-09-23,DIG,DIG,0.0,35.1,-0.028,-16419000.0,0.0,0.0,0.0432,3530000.0,3530000.0,BALANCED,11.08
2016-09-26,DIG,DIG,0.0,34.81,-0.0083,-16419000.0,0.0,0.0,0.0432,3530000.0,3530000.0,BALANCED,11.08
2016-09-27,DIG,DIG,1720000.0,34.4,-0.0118,-14699000.0,1720000.0,0.0,1.0918,3526000.0,5250000.0,BALANCED,39.2955
2016-09-28,DIG,DIG,0.0,37.47,0.0892,-14699000.0,0.0,0.0,-0.0766,3526000.0,5250000.0,BALANCED,8.0855
2016-09-29,DIG,DIG,-3750000.0,37.5,0.0008,-18449000.0,0.0,-3750000.0,-2.3846,-2030000.0,1500000.0,DISTRIBUTION,-71.6156
2016-09-30,DIG,DIG,0.0,38.47,0.0259,-18449000.0,0.0,0.0,-0.0317,-2030000.0,1500000.0,BALANCED,-10.7927
2016-10-03,DIG,DIG,-1916000.0,38.33,-0.0036,-20365000.0,0.0,-1916000.0,-1.2343,-3946000.0,-416000.0,BALANCED,-42.8567
2016-10-04,DIG,DIG,0.0,37.57,-0.0198,-20365000.0,0.0,0.0,-0.1241,-5666000.0,-416000.0,BALANCED,-13.103
2016-10-05,DIG,DIG,-3869000.0,38.69,0.0298,-24234000.0,0.0,-3869000.0,-3.123,-9535000.0,-4285000.0,DISTRIBUTION,-90.0758
2016-10-06,DIG,DIG,0.0,38.82,0.0034,-24234000.0,0.0,0.0,0.1197,-5785000.0,-4285000.0,BALANCED,-7.0072
2016-10-07,DIG,DIG,0.0,38.43,-0.01,-24234000.0,0.0,0.0,0.1197,-5785000.0,-4285000.0,BALANCED,-7.0072
2016-10-10,DIG,DIG,0.0,39.66,0.032,-24234000.0,0.0,0.0,0.1197,-3869000.0,-4285000.0,BALANCED,-7.0072
2016-10-11,DIG,DIG,0.0,38.73,-0.0234,-24234000.0,0.0,0.0,0.1197,-3869000.0,-4285000.0,BALANCED,-7.0072
2016-10-12,DIG,DIG,3838000.0,38.38,-0.009,-20396000.0,3838000.0,0.0,2.7574,3838000.0,-447000.0,ACCUMULATION,80.9362
2016-10-13,DIG,DIG,0.0,37.95,-0.0112,-20396000.0,0.0,0.0,0.0107,3838000.0,-447000.0,BALANCED,10.2666
2016-10-14,DIG,DIG,0.0,37.57,-0.01,-20396000.0,0.0,0.0,0.0107,3838000.0,-447000.0,BALANCED,10.2666
2016-10-17,DIG,DIG,1861000.0,37.21,-0.0096,-18535000.0,1861000.0,0.0,1.2608,5699000.0,1414000.0,BALANCED,43.5203
2016-10-18,DIG,DIG,0.0,37.47,0.007,-18535000.0,0.0,0.0,-0.0328,5699000.0,-310000.0,BALANCED,9.1809
2016-10-19,DIG,DIG,5783000.0,38.55,0.0288,-12752000.0,5783000.0,0.0,3.1154,7644000.0,5473000.0,ACCUMULATION,89.8858
2016-10-20,DIG,DIG,0.0,38.44,-0.0029,-12752000.0,0.0,0.0,-0.1348,7644000.0,3667000.0,BALANCED,6.6292
2016-10-21,DIG,DIG,0.0,37.94,-0.013,-12752000.0,0.0,0.0,-0.1348,7644000.0,3667000.0,BALANCED,6.6292
2016-10-24,DIG,DIG,1886000.0,37.72,-0.0058,-10866000.0,1886000.0,0.0,0.8778,7669000.0,5553000.0,BALANCED,33.9452
2016-10-25,DIG,DIG,0.0,37.21,-0.0135,-10866000.0,0.0,0.0,-0.1679,7669000.0,3833000.0,BALANCED,5.8034
2016-10-26,DIG,DIG,0.0,37.36,0.004,-10866000.0,0.0,0.0,-0.1679,1886000.0,3833000.0,BALANCED,5.8034
2016-10-27,DIG,DIG,0.0,37.12,-0.0064,-10866000.0,0.0,0.0,-0.1679,1886000.0,7583000.0,BALANCED,5.8034
2016-10-28,DIG,DIG,0.0,36.68,-0.0119,-10866000.0,0.0,0.0,-0.1679,1886000.0,7583000.0,BALANCED,5.8034
2016-10-31,DIG,DIG,0.0,35.75,-0.0254,-10866000.0,0.0,0.0,-0.1679,0.0,9499000.0,BALANCED,-4.1966
2016-11-01,DIG,DIG,0.0,35.81,0.0017,-10866000.0,0.0,0.0,-0.1375,0.0,9499000.0,BALANCED,-3.4372
2016-11-02,DIG,DIG,3500000.0,35.0,-0.0226,-7366000.0,3500000.0,0.0,1.6697,3500000.0,16868000.0,ACCUMULATION,53.7418
2016-11-03,DIG,DIG,3528000.0,35.28,0.008,-3838000.0,3528000.0,0.0,1.5941,7028000.0,20396000.0,ACCUMULATION,53.8537
2016-11-04,DIG,DIG,0.0,34.93,-0.0099,-3838000.0,0.0,0.0,-0.2151,7028000.0,20396000.0,BALANCED,4.6236
2016-11-07,DIG,DIG,0.0,36.43,0.0429,-3838000.0,0.0,0.0,-0.2151,7028000.0,20396000.0,BALANCED,4.6236
2016-11-08,DIG,DIG,0.0,36.58,0.0041,-3838000.0,0.0,0.0,-0.187,7028000.0,20396000.0,BALANCED,5.3243
2016-11-09,DIG,DIG,1895000.0,37.89,0.0358,-1943000.0,1895000.0,0.0,0.7521,5423000.0,18453000.0,BALANCED,30.802
2016-11-10,DIG,DIG,0.0,38.07,0.0048,-1943000.0,0.0,0.0,-0.3072,1895000.0,18453000.0,BALANCED,2.3206
2016-11-11,DIG,DIG,0.0,36.84,-0.0323,-1943000.0,0.0,0.0,-0.3072,1895000.0,18453000.0,BALANCED,2.3206
2016-11-14,DIG,DIG,0.0,37.18,0.0092,-1943000.0,0.0,0.0,-0.3543,1895000.0,16592000.0,BALANCED,1.1437
2016-11-15,DIG,DIG,-3924000.0,39.24,0.0554,-5867000.0,0.0,-3924000.0,-2.2961,-2029000.0,12668000.0,DISTRIBUTION,-69.4034
2016-11-16,DIG,DIG,0.0,38.68,-0.0143,-5867000.0,0.0,0.0,-0.3522,-3924000.0,6885000.0,BALANCED,-18.8048
2016-11-17,DIG,DIG,0.0,38.2,-0.0124,-5867000.0,0.0,0.0,-0.3522,-3924000.0,6885000.0,BALANCED,-18.8048
2016-11-18,DIG,DIG,0.0,38.55,0.0092,-5867000.0,0.0,0.0,-0.3522,-3924000.0,6885000.0,BALANCED,-18.8048
2016-11-21,DIG,DIG,-4033000.0,40.33,0.0462,-9900000.0,0.0,-4033000.0,-2.3342,-7957000.0,966000.0,DISTRIBUTION,-70.3562
2016-11-22,DIG,DIG,0.0,40.29,-0.001,-9900000.0,0.0,0.0,-0.2473,-4033000.0,966000.0,BALANCED,-16.1813
2016-11-23,DIG,DIG,0.0,40.67,0.0094,-9900000.0,0.0,0.0,-0.1916,-4033000.0,966000.0,BALANCED,-14.7889
2016-11-25,DIG,DIG,0.0,40.29,-0.0093,-9900000.0,0.0,0.0,-0.1916,-4033000.0,966000.0,BALANCED,-14.7889
2016-11-28,DIG,DIG,0.0,39.11,-0.0293,-9900000.0,0.0,0.0,-0.1916,-4033000.0,966000.0,BALANCED,-14.7889
2016-11-29,DIG,DIG,-3815000.0,38.15,-0.0245,-13715000.0,0.0,-3815000.0,-2.0346,-3815000.0,-2849000.0,DISTRIBUTION,-62.8645
2016-11-30,DIG,DIG,0.0,42.25,0.1075,-13715000.0,0.0,0.0,-0.0822,-3815000.0,-2849000.0,BALANCED,-12.0556
2016-12-01,DIG,DIG,0.0,42.49,0.0057,-13715000.0,0.0,0.0,0.0196,-3815000.0,-6349000.0,BALANCED,-9.5108
2016-12-02,DIG,DIG,2130000.0,42.59,0.0024,-11585000.0,2130000.0,0.0,1.2394,-1685000.0,-7747000.0,BALANCED,22.9846
2016-12-05,DIG,DIG,0.0,43.31,0.0169,-11585000.0,0.0,0.0,-0.0231,-1685000.0,-7747000.0,BALANCED,-10.5764
2016-12-06,DIG,DIG,-4326000.0,43.26,-0.0012,-15911000.0,0.0,-4326000.0,-2.2745,-2196000.0,-12073000.0,DISTRIBUTION,-68.8626
2016-12-07,DIG,DIG,0.0,43.81,0.0127,-15911000.0,0.0,0.0,0.092,-2196000.0,-12073000.0,BALANCED,-7.7001
2016-12-08,DIG,DIG,0.0,44.32,0.0116,-15911000.0,0.0,0.0,0.092,-2196000.0,-13968000.0,BALANCED,-7.7001
2016-12-09,DIG,DIG,0.0,44.62,0.0068,-15911000.0,0.0,0.0,0.092,-4326000.0,-13968000.0,BALANCED,-7.7001
2016-12-12,DIG,DIG,0.0,45.15,0.0119,-15911000.0,0.0,0.0,0.092,-4326000.0,-13968000.0,BALANCED,-7.7001
2016-12-13,DIG,DIG,0.0,46.25,0.0244,-15911000.0,0.0,0.0,0.092,0.0,-13968000.0,BALANCED,2.2999
2016-12-14,DIG,DIG,0.0,44.15,-0.0454,-15911000.0,0.0,0.0,0.092,0.0,-10044000.0,BALANCED,2.2999
2016-12-15,DIG,DIG,0.0,44.5,0.0079,-15911000.0,0.0,0.0,0.1683,0.0,-10044000.0,BALANCED,4.2073
2016-12-16,DIG,DIG,0.0,44.99,0.011,-15911000.0,0.0,0.0,0.2624,0.0,-10044000.0,BALANCED,6.5605
2016-12-19,DIG,DIG,0.0,44.6,-0.0087,-15911000.0,0.0,0.0,0.2624,0.0,-10044000.0,BALANCED,6.5605
2016-12-20,DIG,DIG,0.0,44.4,-0.0045,-15911000.0,0.0,0.0,0.2624,0.0,-6011000.0,BALANCED,6.5605
2016-12-21,DIG,DIG,2222000.0,44.43,0.0233,-13689000.0,2222000.0,0.0,1.5884,2222000.0,-3789000.0,ACCUMULATION,51.7102
2016-12-22,DIG,DIG,-2240000.0,44.81,0.0086,-15929000.0,0.0,-2240000.0,-1.1187,-18000.0,-6029000.0,BALANCED,-39.9686
2016-12-23,DIG,DIG,2234000.0,44.67,-0.0031,-13695000.0,2234000.0,0.0,1.5828,2216000.0,-3795000.0,ACCUMULATION,51.5695
2016-12-27,DIG,DIG,0.0,44.9,0.0051,-13695000.0,0.0,0.0,0.2361,2216000.0,-3795000.0,BALANCED,15.9034
2016-12-28,DIG,DIG,0.0,44.0,-0.02,-13695000.0,0.0,0.0,0.2361,2216000.0,20000.0,BALANCED,15.9034
2016-12-29,DIG,DIG,0.0,43.75,-0.0057,-13695000.0,0.0,0.0,0.1717,-6000.0,20000.0,BALANCED,-5.7074
2016-12-30,DIG,DIG,0.0,43.49,-0.0059,-13695000.0,0.0,0.0,0.1717,2234000.0,20000.0,BALANCED,14.2926
2017-01-03,DIG,DIG,0.0,44.57,0.0248,-13695000.0,0.0,0.0,0.1717,0.0,-2110000.0,BALANCED,4.2926
2017-01-04,DIG,DIG,0.0,44.47,-0.0022,-13695000.0,0.0,0.0,0.1717,0.0,-2110000.0,BALANCED,4.2926
2017-01-05,DIG,DIG,0.0,44.21,-0.0058,-13695000.0,0.0,0.0,0.0942,0.0,2216000.0,BALANCED,2.3556
2017-01-06,DIG,DIG,2212000.0,44.23,0.0005,-11483000.0,2212000.0,0.0,1.6075,2212000.0,4428000.0,ACCUMULATION,52.1884
2017-01-09,DIG,DIG,0.0,42.85,-0.0312,-11483000.0,0.0,0.0,0.0375,2212000.0,4428000.0,BALANCED,10.9363
2017-01-10,DIG,DIG,0.0,42.07,-0.0182,-11483000.0,0.0,0.0,0.0375,2212000.0,4428000.0,BALANCED,10.9363
2017-01-11,DIG,DIG,-2153000.0,43.07,0.0238,-13636000.0,0.0,-2153000.0,-1.3894,59000.0,2275000.0,BALANCED,-26.7347
2017-01-12,DIG,DIG,0.0,42.63,-0.0102,-13636000.0,0.0,0.0,-0.0021,59000.0,2275000.0,BALANCED,9.9487
2017-01-13,DIG,DIG,0.0,42.41,-0.0052,-13636000.0,0.0,0.0,-0.0021,-2153000.0,2275000.0,BALANCED,-10.0513
2017-01-17,DIG,DIG,0.0,42.96,0.013,-13636000.0,0.0,0.0,-0.0021,-2153000.0,2275000.0,BALANCED,-10.0513
2017-01-18,DIG,DIG,0.0,42.66,-0.007,-13636000.0,0.0,0.0,0.0561,-2153000.0,2275000.0,BALANCED,-8.5972
2017-01-19,DIG,DIG,0.0,42.06,-0.0141,-13636000.0,0.0,0.0,0.0561,0.0,2275000.0,BALANCED,1.4028
2017-01-20,DIG,DIG,0.0,42.53,0.0112,-13636000.0,0.0,0.0,-0.0828,0.0,2275000.0,BALANCED,-2.071
2017-01-23,DIG,DIG,0.0,41.52,-0.0237,-13636000.0,0.0,0.0,-0.0828,0.0,53000.0,BALANCED,-2.071
2017-01-24,DIG,DIG,0.0,42.41,0.0214,-13636000.0,0.0,0.0,-0.0828,0.0,2293000.0,BALANCED,-2.071
2017-01-25,DIG,DIG,0.0,42.96,0.013,-13636000.0,0.0,0.0,-0.0828,0.0,59000.0,BALANCED,-2.071
2017-01-26,DIG,DIG,-2148000.0,42.97,0.0002,-15784000.0,0.0,-2148000.0,-2.149,-2148000.0,-2089000.0,DISTRIBUTION,-65.725
2017-01-27,DIG,DIG,0.0,42.11,-0.02,-15784000.0,0.0,0.0,-0.0042,-2148000.0,-2089000.0,BALANCED,-10.1057
2017-01-30,DIG,DIG,0.0,40.55,-0.037,-15784000.0,0.0,0.0,-0.0042,-2148000.0,-2089000.0,BALANCED,-10.1057
2017-01-31,DIG,DIG,0.0,40.52,-0.0007,-15784000.0,0.0,0.0,-0.0042,-2148000.0,-2089000.0,BALANCED,-10.1057
2017-02-01,DIG,DIG,1998000.0,39.96,-0.0138,-13786000.0,1998000.0,0.0,1.8085,-150000.0,-91000.0,ACCUMULATION,37.2133
2017-02-02,DIG,DIG,4045000.0,40.45,0.0123,-9741000.0,4045000.0,0.0,2.9789,6043000.0,3954000.0,ACCUMULATION,88.472
2017-02-03,DIG,DIG,0.0,41.2,0.0185,-9741000.0,0.0,0.0,-0.1596,6043000.0,3954000.0,BALANCED,6.0107
2017-02-06,DIG,DIG,0.0,40.41,-0.0192,-9741000.0,0.0,0.0,-0.1069,6043000.0,1742000.0,BALANCED,7.3286
2017-02-07,DIG,DIG,1961000.0,39.22,-0.0294,-7780000.0,1961000.0,0.0,1.4187,8004000.0,3703000.0,BALANCED,47.4684
2017-02-08,DIG,DIG,0.0,39.33,0.0028,-7780000.0,0.0,0.0,-0.1741,6006000.0,3703000.0,BALANCED,5.6464
2017-02-09,DIG,DIG,0.0,40.11,0.0198,-7780000.0,0.0,0.0,-0.1741,1961000.0,5856000.0,BALANCED,5.6464
2017-02-10,DIG,DIG,0.0,40.77,0.0165,-7780000.0,0.0,0.0,-0.1741,1961000.0,5856000.0,BALANCED,5.6464
2017-02-13,DIG,DIG,0.0,40.86,0.0022,-7780000.0,0.0,0.0,-0.1741,1961000.0,5856000.0,BALANCED,5.6464
2017-02-14,DIG,DIG,0.0,41.16,0.0073,-7780000.0,0.0,0.0,-0.1741,0.0,5856000.0,BALANCED,-4.3536
2017-02-15,DIG,DIG,-2041000.0,40.82,-0.0083,-9821000.0,0.0,-2041000.0,-1.8031,-2041000.0,3815000.0,DISTRIBUTION,-57.0779
2017-02-16,DIG,DIG,0.0,39.68,-0.0279,-9821000.0,0.0,0.0,-0.1073,-2041000.0,3815000.0,BALANCED,-12.6823
2017-02-17,DIG,DIG,0.0,39.24,-0.0111,-9821000.0,0.0,0.0,-0.1073,-2041000.0,3815000.0,BALANCED,-12.6823
2017-02-21,DIG,DIG,0.0,39.8,0.0143,-9821000.0,0.0,0.0,-0.0487,-2041000.0,3815000.0,BALANCED,-11.2176
2017-02-22,DIG,DIG,0.0,38.47,-0.0334,-9821000.0,0.0,0.0,-0.0487,-2041000.0,3815000.0,BALANCED,-11.2176
2017-02-23,DIG,DIG,0.0,38.83,0.0094,-9821000.0,0.0,0.0,-0.0487,0.0,3815000.0,BALANCED,-1.2176
2017-02-24,DIG,DIG,0.0,38.07,-0.0196,-9821000.0,0.0,0.0,-0.1201,0.0,5963000.0,BALANCED,-3.0034
2017-02-27,DIG,DIG,0.0,38.78,0.0186,-9821000.0,0.0,0.0,-0.1201,0.0,5963000.0,BALANCED,-3.0034
2017-02-28,DIG,DIG,0.0,38.52,-0.0067,-9821000.0,0.0,0.0,-0.1201,0.0,5963000.0,BALANCED,-3.0034
2017-03-01,DIG,DIG,0.0,40.13,0.0418,-9821000.0,0.0,0.0,-0.1201,0.0,5963000.0,BALANCED,-3.0034
2017-03-02,DIG,DIG,-5901000.0,39.34,-0.0197,-15722000.0,0.0,-5901000.0,-3.8179,-5901000.0,-1936000.0,DISTRIBUTION,-100.0
2017-03-03,DIG,DIG,0.0,39.09,-0.0064,-15722000.0,0.0,0.0,0.0455,-5901000.0,-5981000.0,BALANCED,-8.8619
2017-03-06,DIG,DIG,0.0,39.31,0.0056,-15722000.0,0.0,0.0,0.0455,-5901000.0,-5981000.0,BALANCED,-8.8619
2017-03-07,DIG,DIG,0.0,38.62,-0.0176,-15722000.0,0.0,0.0,0.0455,-5901000.0,-5981000.0,BALANCED,-8.8619
2017-03-08,DIG,DIG,0.0,36.58,-0.0528,-15722000.0,0.0,0.0,0.0455,-5901000.0,-7942000.0,BALANCED,-8.8619
2017-03-09,DIG,DIG,-1848000.0,36.96,0.0104,-17570000.0,0.0,-1848000.0,-1.0996,-1848000.0,-9790000.0,BALANCED,-39.4894
2017-03-10,DIG,DIG,0.0,36.91,-0.0014,-17570000.0,0.0,0.0,0.0393,-1848000.0,-9790000.0,BALANCED,-9.0171
2017-03-13,DIG,DIG,0.0,36.96,0.0014,-17570000.0,0.0,0.0,0.0393,-1848000.0,-9790000.0,BALANCED,-9.0171
2017-03-14,DIG,DIG,-1803000.0,36.07,-0.0241,-19373000.0,0.0,-1803000.0,-1.088,-3651000.0,-11593000.0,BALANCED,-39.1997
2017-03-15,DIG,DIG,0.0,37.66,0.0441,-19373000.0,0.0,0.0,0.0773,-3651000.0,-11593000.0,BALANCED,-8.067
2017-03-16,DIG,DIG,0.0,37.22,-0.0117,-19373000.0,0.0,0.0,0.1246,-1803000.0,-9552000.0,BALANCED,-6.8858
2017-03-17,DIG,DIG,0.0,37.15,-0.0019,-19373000.0,0.0,0.0,0.2538,-1803000.0,-9552000.0,BALANCED,-3.6548
2017-03-20,DIG,DIG,-1851000.0,37.03,-0.0032,-21224000.0,0.0,-1851000.0,-1.135,-3654000.0,-11403000.0,BALANCED,-40.3746
2017-03-21,DIG,DIG,0.0,36.4,-0.017,-21224000.0,0.0,0.0,0.2959,-1851000.0,-11403000.0,BALANCED,-2.6028
2017-03-22,DIG,DIG,0.0,36.14,0.031,-21224000.0,0.0,0.0,0.3678,-1851000.0,-11403000.0,BALANCED,-0.8054
2017-03-23,DIG,DIG,0.0,35.89,-0.0069,-21224000.0,0.0,0.0,0.3678,-1851000.0,-11403000.0,BALANCED,-0.8054
2017-03-24,DIG,DIG,0.0,35.59,-0.0084,-21224000.0,0.0,0.0,0.3678,-1851000.0,-11403000.0,BALANCED,-0.8054
2017-03-27,DIG,DIG,0.0,35.35,-0.0067,-21224000.0,0.0,0.0,0.3678,0.0,-11403000.0,BALANCED,9.1946
2017-03-28,DIG,DIG,1816000.0,36.32,0.0274,-19408000.0,1816000.0,0.0,1.7151,1816000.0,-9587000.0,ACCUMULATION,54.8784
2017-03-29,DIG,DIG,0.0,37.29,0.0267,-19408000.0,0.0,0.0,0.3017,1816000.0,-9587000.0,BALANCED,17.542
2017-03-30,DIG,DIG,3756000.0,37.56,0.0072,-15652000.0,3756000.0,0.0,2.7196,5572000.0,70000.0,ACCUMULATION,79.9909
2017-03-31,DIG,DIG,0.0,37.4,-0.0043,-15652000.0,0.0,0.0,0.1338,5572000.0,70000.0,BALANCED,13.3453
2017-04-03,DIG,DIG,1861000.0,37.22,-0.0048,-13791000.0,1861000.0,0.0,1.3288,7433000.0,1931000.0,BALANCED,45.2204
2017-04-04,DIG,DIG,0.0,37.79,0.0153,-13791000.0,0.0,0.0,0.0882,5617000.0,1931000.0,BALANCED,12.2054
2017-04-05,DIG,DIG,0.0,37.41,-0.0101,-13791000.0,0.0,0.0,0.0882,5617000.0,1931000.0,BALANCED,12.2054
2017-04-06,DIG,DIG,0.0,38.05,0.0171,-13791000.0,0.0,0.0,0.0882,1861000.0,3779000.0,BALANCED,12.2054
2017-04-07,DIG,DIG,0.0,37.73,-0.0084,-13791000.0,0.0,0.0,0.0882,1861000.0,3779000.0,BALANCED,12.2054
2017-04-10,DIG,DIG,0.0,38.38,0.0172,-13791000.0,0.0,0.0,0.0882,0.0,3779000.0,BALANCED,2.2054
2017-04-11,DIG,DIG,0.0,38.31,-0.0018,-13791000.0,0.0,0.0,0.0882,0.0,5582000.0,BALANCED,2.2054
2017-04-12,DIG,DIG,0.0,37.93,-0.0099,-13791000.0,0.0,0.0,0.0882,0.0,5582000.0,BALANCED,2.2054
2017-04-13,DIG,DIG,0.0,36.49,-0.038,-13791000.0,0.0,0.0,-0.0624,0.0,5582000.0,BALANCED,-1.5605
2017-04-17,DIG,DIG,0.0,36.63,0.0038,-13791000.0,0.0,0.0,-0.0624,0.0,5582000.0,BALANCED,-1.5605
2017-04-18,DIG,DIG,0.0,35.99,-0.0175,-13791000.0,0.0,0.0,-0.0624,0.0,7433000.0,BALANCED,-1.5605
2017-04-19,DIG,DIG,0.0,34.87,-0.0311,-13791000.0,0.0,0.0,-0.0624,0.0,7433000.0,BALANCED,-1.5605
2017-04-20,DIG,DIG,0.0,35.14,0.0077,-13791000.0,0.0,0.0,-0.0624,0.0,7433000.0,BALANCED,-1.5605
2017-04-21,DIG,DIG,0.0,34.85,-0.0083,-13791000.0,0.0,0.0,-0.1304,0.0,7433000.0,BALANCED,-3.2595
2017-04-24,DIG,DIG,0.0,35.23,0.0109,-13791000.0,0.0,0.0,-0.1304,0.0,7433000.0,BALANCED,-3.2595
2017-04-25,DIG,DIG,0.0,35.93,0.0199,-13791000.0,0.0,0.0,-0.1304,0.0,7433000.0,BALANCED,-3.2595
2017-04-26,DIG,DIG,0.0,35.67,-0.0072,-13791000.0,0.0,0.0,-0.2078,0.0,5617000.0,BALANCED,-5.1944
2017-04-27,DIG,DIG,0.0,34.83,-0.0235,-13791000.0,0.0,0.0,-0.2078,0.0,5617000.0,BALANCED,-5.1944
2017-04-28,DIG,DIG,0.0,34.87,0.0011,-13791000.0,0.0,0.0,-0.2078,0.0,1861000.0,BALANCED,-5.1944
2017-05-01,DIG,DIG,0.0,34.69,-0.0052,-13791000.0,0.0,0.0,-0.2078,0.0,1861000.0,BALANCED,-5.1944
2017-05-02,DIG,DIG,0.0,34.32,-0.0107,-13791000.0,0.0,0.0,-0.3059,0.0,0.0,BALANCED,-7.6471
2017-05-03,DIG,DIG,0.0,34.54,0.0064,-13791000.0,0.0,0.0,-0.3059,0.0,0.0,BALANCED,-7.6471
2017-05-04,DIG,DIG,-1653000.0,33.07,-0.0426,-15444000.0,0.0,-1653000.0,-2.096,-1653000.0,-1653000.0,DISTRIBUTION,-64.3988
2017-05-05,DIG,DIG,0.0,34.32,0.0378,-15444000.0,0.0,0.0,-0.2188,-1653000.0,-1653000.0,BALANCED,-15.4698
2017-05-08,DIG,DIG,0.0,34.78,0.0134,-15444000.0,0.0,0.0,-0.2188,-1653000.0,-1653000.0,BALANCED,-15.4698
2017-05-09,DIG,DIG,0.0,34.16,-0.0178,-15444000.0,0.0,0.0,-0.2188,-1653000.0,-1653000.0,BALANCED,-15.4698
2017-05-10,DIG,DIG,0.0,35.11,0.0278,-15444000.0,0.0,0.0,-0.16,-1653000.0,-1653000.0,BALANCED,-13.9999
2017-05-11,DIG,DIG,0.0,34.97,-0.004,-15444000.0,0.0,0.0,-0.16,0.0,-1653000.0,BALANCED,-3.9999
2017-05-12,DIG,DIG,0.0,34.75,-0.0063,-15444000.0,0.0,0.0,-0.015,0.0,-1653000.0,BALANCED,-0.375
2017-05-15,DIG,DIG,0.0,35.25,0.0144,-15444000.0,0.0,0.0,-0.015,0.0,-1653000.0,BALANCED,-0.375
2017-05-16,DIG,DIG,0.0,34.94,-0.0088,-15444000.0,0.0,0.0,0.1826,0.0,-1653000.0,BALANCED,4.5644
2017-05-17,DIG,DIG,0.0,34.21,-0.0209,-15444000.0,0.0,0.0,0.1826,0.0,-1653000.0,BALANCED,4.5644
2017-05-18,DIG,DIG,0.0,34.15,-0.0018,-15444000.0,0.0,0.0,0.1826,0.0,-1653000.0,BALANCED,4.5644
2017-05-19,DIG,DIG,0.0,35.08,0.0272,-15444000.0,0.0,0.0,0.1826,0.0,-1653000.0,BALANCED,4.5644
2017-05-22,DIG,DIG,0.0,34.93,-0.0043,-15444000.0,0.0,0.0,0.1826,0.0,-1653000.0,BALANCED,4.5644
2017-05-23,DIG,DIG,0.0,35.0,0.002,-15444000.0,0.0,0.0,0.1826,0.0,-1653000.0,BALANCED,4.5644
2017-05-24,DIG,DIG,0.0,34.68,-0.0091,-15444000.0,0.0,0.0,0.1826,0.0,-1653000.0,BALANCED,4.5644
2017-05-25,DIG,DIG,0.0,33.36,-0.0381,-15444000.0,0.0,0.0,0.1826,0.0,-1653000.0,BALANCED,4.5644
2017-05-26,DIG,DIG,0.0,33.38,0.0006,-15444000.0,0.0,0.0,0.1826,0.0,-1653000.0,BALANCED,4.5644
2017-05-30,DIG,DIG,0.0,32.45,-0.0279,-15444000.0,0.0,0.0,0.1826,0.0,-1653000.0,BALANCED,4.5644
2017-05-31,DIG,DIG,0.0,32.18,-0.0083,-15444000.0,0.0,0.0,0.1826,0.0,-1653000.0,BALANCED,4.5644
2017-06-01,DIG,DIG,0.0,32.63,0.014,-15444000.0,0.0,0.0,0.1826,0.0,-1653000.0,BALANCED,4.5644
2017-06-02,DIG,DIG,0.0,31.82,-0.0248,-15444000.0,0.0,0.0,0.1826,0.0,0.0,BALANCED,4.5644
2017-06-05,DIG,DIG,0.0,31.92,0.0031,-15444000.0,0.0,0.0,0.1826,0.0,0.0,BALANCED,4.5644
2017-06-06,DIG,DIG,0.0,32.71,0.0247,-15444000.0,0.0,0.0,0.1826,0.0,0.0,BALANCED,4.5644
2017-06-07,DIG,DIG,0.0,31.59,-0.0342,-15444000.0,0.0,0.0,0.1826,0.0,0.0,BALANCED,4.5644
2017-06-08,DIG,DIG,1570000.0,31.39,-0.0063,-13874000.0,1570000.0,0.0,3.7152,1570000.0,1570000.0,ACCUMULATION,100.0
2017-06-09,DIG,DIG,1650000.0,32.99,0.051,-12224000.0,1650000.0,0.0,3.0733,3220000.0,3220000.0,ACCUMULATION,90.8335
2017-06-12,DIG,DIG,0.0,33.41,0.0127,-12224000.0,0.0,0.0,-0.1005,3220000.0,3220000.0,BALANCED,7.4882
2017-06-13,DIG,DIG,0.0,33.94,0.0159,-12224000.0,0.0,0.0,-0.1005,3220000.0,3220000.0,BALANCED,7.4882
2017-06-14,DIG,DIG,-1627000.0,32.54,-0.0412,-13851000.0,0.0,-1627000.0,-2.692,1593000.0,1593000.0,DISTRIBUTION,-59.3008
2017-06-15,DIG,DIG,0.0,31.98,-0.0172,-13851000.0,0.0,0.0,0.0033,23000.0,1593000.0,BALANCED,10.0828
2017-06-16,DIG,DIG,0.0,33.04,0.0331,-13851000.0,0.0,0.0,-0.1027,-1627000.0,1593000.0,BALANCED,-12.5679
2017-06-19,DIG,DIG,0.0,32.65,-0.0118,-13851000.0,0.0,0.0,-0.1027,-1627000.0,1593000.0,BALANCED,-12.5679
2017-06-20,DIG,DIG,0.0,31.8,-0.026,-13851000.0,0.0,0.0,-0.1027,-1627000.0,1593000.0,BALANCED,-12.5679
2017-06-21,DIG,DIG,0.0,30.6,0.0032,-13851000.0,0.0,0.0,-0.1027,0.0,1593000.0,BALANCED,-2.5679
2017-06-22,DIG,DIG,0.0,30.57,-0.001,-13851000.0,0.0,0.0,-0.1027,0.0,1593000.0,BALANCED,-2.5679
2017-06-23,DIG,DIG,0.0,31.11,0.0177,-13851000.0,0.0,0.0,-0.1027,0.0,1593000.0,BALANCED,-2.5679
2017-06-26,DIG,DIG,0.0,31.0,-0.0035,-13851000.0,0.0,0.0,-0.1027,0.0,1593000.0,BALANCED,-2.5679
2017-06-27,DIG,DIG,0.0,30.91,-0.0029,-13851000.0,0.0,0.0,-0.1027,0.0,1593000.0,BALANCED,-2.5679
2017-06-28,DIG,DIG,0.0,31.25,0.011,-13851000.0,0.0,0.0,-0.1027,0.0,1593000.0,BALANCED,-2.5679
2017-06-29,DIG,DIG,0.0,31.37,0.0038,-13851000.0,0.0,0.0,-0.1027,0.0,1593000.0,BALANCED,-2.5679
2017-06-30,DIG,DIG,0.0,31.61,0.0077,-13851000.0,0.0,0.0,-0.1027,0.0,1593000.0,BALANCED,-2.5679
2017-07-03,DIG,DIG,0.0,32.88,0.0402,-13851000.0,0.0,0.0,-0.1027,0.0,1593000.0,BALANCED,-2.5679
2017-07-05,DIG,DIG,0.0,31.45,-0.0435,-13851000.0,0.0,0.0,-0.1027,0.0,1593000.0,BALANCED,-2.5679
2017-07-06,DIG,DIG,0.0,30.7,-0.0238,-13851000.0,0.0,0.0,-0.1027,0.0,1593000.0,BALANCED,-2.5679
2017-07-07,DIG,DIG,0.0,30.62,-0.0026,-13851000.0,0.0,0.0,-0.1027,0.0,23000.0,BALANCED,-2.5679
2017-07-10,DIG,DIG,0.0,30.86,0.0078,-13851000.0,0.0,0.0,-0.1027,0.0,-1627000.0,BALANCED,-2.5679
2017-07-11,DIG,DIG,0.0,31.19,0.0107,-13851000.0,0.0,0.0,-0.1027,0.0,-1627000.0,BALANCED,-2.5679
2017-07-12,DIG,DIG,-1569000.0,31.38,0.0061,-15420000.0,0.0,-1569000.0,-2.6345,-1569000.0,-3196000.0,DISTRIBUTION,-77.8633
2017-07-13,DIG,DIG,0.0,31.69,0.0099,-15420000.0,0.0,0.0,-0.0013,-1569000.0,-1569000.0,BALANCED,-10.0336
2017-07-14,DIG,DIG,0.0,32.07,0.012,-15420000.0,0.0,0.0,-0.0013,-1569000.0,-1569000.0,BALANCED,-10.0336
2017-07-17,DIG,DIG,0.0,31.98,-0.0028,-15420000.0,0.0,0.0,-0.0013,-1569000.0,-1569000.0,BALANCED,-10.0336
2017-07-18,DIG,DIG,0.0,31.65,-0.0103,-15420000.0,0.0,0.0,-0.0013,-1569000.0,-1569000.0,BALANCED,-10.0336
2017-07-19,DIG,DIG,1633000.0,32.65,0.0316,-13787000.0,1633000.0,0.0,2.3683,1633000.0,64000.0,ACCUMULATION,71.2063
2017-07-20,DIG,DIG,0.0,32.34,-0.0095,-13787000.0,0.0,0.0,-0.0829,1633000.0,64000.0,BALANCED,7.9273
2017-07-21,DIG,DIG,0.0,31.73,-0.0189,-13787000.0,0.0,0.0,-0.0048,1633000.0,64000.0,BALANCED,9.8795
2017-07-24,DIG,DIG,0.0,31.55,-0.0057,-13787000.0,0.0,0.0,0.1011,1633000.0,64000.0,BALANCED,12.5287
2017-07-25,DIG,DIG,0.0,32.39,0.0266,-13787000.0,0.0,0.0,0.1011,1633000.0,64000.0,BALANCED,12.5287
2017-07-26,DIG,DIG,0.0,32.44,0.0015,-13787000.0,0.0,0.0,0.1011,0.0,64000.0,BALANCED,2.5287
2017-07-27,DIG,DIG,0.0,33.08,0.0197,-13787000.0,0.0,0.0,-0.0051,0.0,64000.0,BALANCED,-0.1268
2017-07-28,DIG,DIG,0.0,32.94,-0.0042,-13787000.0,0.0,0.0,-0.0051,0.0,64000.0,BALANCED,-0.1268
2017-07-31,DIG,DIG,0.0,33.03,0.0027,-13787000.0,0.0,0.0,-0.0051,0.0,64000.0,BALANCED,-0.1268
2017-08-01,DIG,DIG,0.0,33.03,0.0,-13787000.0,0.0,0.0,-0.0051,0.0,64000.0,BALANCED,-0.1268
2017-08-02,DIG,DIG,0.0,32.78,-0.0076,-13787000.0,0.0,0.0,-0.0051,0.0,64000.0,BALANCED,-0.1268
2017-08-03,DIG,DIG,0.0,31.87,-0.0278,-13787000.0,0.0,0.0,-0.0051,0.0,64000.0,BALANCED,-0.1268
2017-08-04,DIG,DIG,0.0,32.17,0.0094,-13787000.0,0.0,0.0,-0.0051,0.0,64000.0,BALANCED,-0.1268
2017-08-07,DIG,DIG,-1578000.0,31.56,-0.019,-15365000.0,0.0,-1578000.0,-2.9953,-1578000.0,-1514000.0,DISTRIBUTION,-86.8829
2017-08-08,DIG,DIG,0.0,31.42,-0.0044,-15365000.0,0.0,0.0,0.099,-1578000.0,-1514000.0,BALANCED,-7.526
2017-08-09,DIG,DIG,0.0,31.46,0.0013,-15365000.0,0.0,0.0,0.099,-1578000.0,55000.0,BALANCED,-7.526
2017-08-10,DIG,DIG,0.0,30.74,-0.0229,-15365000.0,0.0,0.0,0.099,-1578000.0,55000.0,BALANCED,-7.526
2017-08-11,DIG,DIG,0.0,30.38,-0.0117,-15365000.0,0.0,0.0,0.099,-1578000.0,55000.0,BALANCED,-7.526
2017-08-14,DIG,DIG,0.0,30.2,-0.0059,-15365000.0,0.0,0.0,0.099,0.0,55000.0,BALANCED,2.474
2017-08-15,DIG,DIG,0.0,29.92,-0.0093,-15365000.0,0.0,0.0,0.099,0.0,55000.0,BALANCED,2.474
2017-08-16,DIG,DIG,0.0,29.34,-0.0194,-15365000.0,0.0,0.0,0.099,0.0,-1578000.0,BALANCED,2.474
2017-08-17,DIG,DIG,0.0,28.5,-0.0286,-15365000.0,0.0,0.0,0.099,0.0,-1578000.0,BALANCED,2.474
2017-08-18,DIG,DIG,0.0,28.87,0.013,-15365000.0,0.0,0.0,0.099,0.0,-1578000.0,BALANCED,2.474
2017-08-21,DIG,DIG,0.0,28.5,-0.0128,-15365000.0,0.0,0.0,0.099,0.0,-1578000.0,BALANCED,2.474
2017-08-22,DIG,DIG,4340000.0,28.93,0.0151,-11025000.0,4340000.0,0.0,4.4679,4340000.0,2762000.0,ACCUMULATION,100.0
2017-08-23,DIG,DIG,0.0,29.18,0.0086,-11025000.0,0.0,0.0,-0.1633,4340000.0,2762000.0,BALANCED,5.9182
2017-08-24,DIG,DIG,0.0,29.17,-0.0003,-11025000.0,0.0,0.0,-0.1633,4340000.0,2762000.0,BALANCED,5.9182
2017-08-25,DIG,DIG,0.0,29.46,0.0099,-11025000.0,0.0,0.0,-0.1633,4340000.0,2762000.0,BALANCED,5.9182
2017-08-28,DIG,DIG,0.0,29.19,-0.0092,-11025000.0,0.0,0.0,-0.1633,4340000.0,2762000.0,BALANCED,5.9182
2017-08-29,DIG,DIG,0.0,29.14,-0.0017,-11025000.0,0.0,0.0,-0.1633,0.0,2762000.0,BALANCED,-4.0818
2017-08-30,DIG,DIG,0.0,29.15,0.0003,-11025000.0,0.0,0.0,-0.108,0.0,2762000.0,BALANCED,-2.7002
2017-08-31,DIG,DIG,0.0,29.49,0.0117,-11025000.0,0.0,0.0,-0.108,0.0,2762000.0,BALANCED,-2.7002
2017-09-01,DIG,DIG,0.0,30.05,0.019,-11025000.0,0.0,0.0,-0.108,0.0,2762000.0,BALANCED,-2.7002
2017-09-05,DIG,DIG,0.0,30.38,0.011,-11025000.0,0.0,0.0,-0.108,0.0,4340000.0,BALANCED,-2.7002
2017-09-06,DIG,DIG,3135000.0,31.35,0.0319,-7890000.0,3135000.0,0.0,2.8893,3135000.0,7475000.0,ACCUMULATION,84.2324
2017-09-07,DIG,DIG,1571000.0,31.41,0.0019,-6319000.0,1571000.0,0.0,1.2633,4706000.0,9046000.0,BALANCED,45.5815
2017-09-08,DIG,DIG,1536000.0,30.71,-0.0223,-4783000.0,1536000.0,0.0,1.1537,6242000.0,10582000.0,BALANCED,44.8421
2017-09-11,DIG,DIG,0.0,31.34,0.0205,-4783000.0,0.0,0.0,-0.2802,6242000.0,10582000.0,BALANCED,2.9956
2017-09-12,DIG,DIG,0.0,31.74,0.0128,-4783000.0,0.0,0.0,-0.2802,6242000.0,10582000.0,BALANCED,2.9956
2017-09-13,DIG,DIG,0.0,32.59,0.0268,-4783000.0,0.0,0.0,-0.2802,3107000.0,10582000.0,BALANCED,2.9956
2017-09-14,DIG,DIG,0.0,32.87,0.0086,-4783000.0,0.0,0.0,-0.2802,1536000.0,10582000.0,BALANCED,2.9956
2017-09-15,DIG,DIG,-1651000.0,33.02,0.0046,-6434000.0,0.0,-1651000.0,-1.6808,-1651000.0,8931000.0,DISTRIBUTION,-54.0203
2017-09-18,DIG,DIG,0.0,33.33,0.0094,-6434000.0,0.0,0.0,-0.2173,-1651000.0,8931000.0,BALANCED,-15.4318
2017-09-19,DIG,DIG,0.0,33.54,0.0063,-6434000.0,0.0,0.0,-0.2767,-1651000.0,8931000.0,BALANCED,-16.9186
2017-09-20,DIG,DIG,0.0,34.08,0.0161,-6434000.0,0.0,0.0,-0.2767,-1651000.0,4591000.0,BALANCED,-16.9186
2017-09-21,DIG,DIG,-3397000.0,33.97,-0.0032,-9831000.0,0.0,-3397000.0,-2.8212,-5048000.0,1194000.0,DISTRIBUTION,-82.5302
2017-09-22,DIG,DIG,0.0,34.33,0.0106,-9831000.0,0.0,0.0,-0.1453,-3397000.0,1194000.0,BALANCED,-13.6327
2017-09-25,DIG,DIG,0.0,35.4,0.0312,-9831000.0,0.0,0.0,-0.1453,-3397000.0,1194000.0,BALANCED,-13.6327
2017-09-26,DIG,DIG,0.0,35.25,-0.0042,-9831000.0,0.0,0.0,-0.1453,-3397000.0,1194000.0,BALANCED,-13.6327
2017-09-27,DIG,DIG,0.0,35.29,0.0843,-9831000.0,0.0,0.0,-0.1453,-3397000.0,1194000.0,BALANCED,-13.6327
2017-09-28,DIG,DIG,-1769000.0,35.38,0.0026,-11600000.0,0.0,-1769000.0,-1.4369,-1769000.0,-575000.0,BALANCED,-47.922
2017-09-29,DIG,DIG,0.0,35.36,-0.0006,-11600000.0,0.0,0.0,-0.0952,-1769000.0,-575000.0,BALANCED,-12.3796
2017-10-02,DIG,DIG,-1767000.0,35.35,-0.0003,-13367000.0,0.0,-1767000.0,-1.3453,-3536000.0,-2342000.0,BALANCED,-45.6317
2017-10-03,DIG,DIG,-1765000.0,35.31,-0.0011,-15132000.0,0.0,-1765000.0,-1.2631,-5301000.0,-4107000.0,BALANCED,-45.5784
2017-10-04,DIG,DIG,-5283000.0,35.22,-0.0025,-20415000.0,0.0,-5283000.0,-3.3651,-10584000.0,-12525000.0,DISTRIBUTION,-100.0
2017-10-05,DIG,DIG,0.0,35.54,0.0091,-20415000.0,0.0,0.0,0.2119,-8815000.0,-14096000.0,BALANCED,-4.7019
2017-10-06,DIG,DIG,0.0,34.87,-0.0189,-20415000.0,0.0,0.0,0.2119,-8815000.0,-15632000.0,BALANCED,-4.7019
2017-10-09,DIG,DIG,0.0,35.05,0.0052,-20415000.0,0.0,0.0,0.2119,-7048000.0,-15632000.0,BALANCED,-4.7019
2017-10-10,DIG,DIG,0.0,35.12,0.002,-20415000.0,0.0,0.0,0.2119,-5283000.0,-15632000.0,BALANCED,-4.7019
2017-10-11,DIG,DIG,0.0,35.31,0.0054,-20415000.0,0.0,0.0,0.2119,0.0,-15632000.0,BALANCED,5.2981
2017-10-12,DIG,DIG,0.0,35.01,-0.0085,-20415000.0,0.0,0.0,0.2119,0.0,-15632000.0,BALANCED,5.2981
2017-10-13,DIG,DIG,-1749000.0,34.98,-0.0009,-22164000.0,0.0,-1749000.0,-0.9194,-1749000.0,-15730000.0,BALANCED,-34.9844
2017-10-16,DIG,DIG,0.0,35.1,0.0034,-22164000.0,0.0,0.0,0.2478,-1749000.0,-15730000.0,BALANCED,-3.8055
2017-10-17,DIG,DIG,0.0,35.15,0.0014,-22164000.0,0.0,0.0,0.2478,-1749000.0,-15730000.0,BALANCED,-3.8055
2017-10-18,DIG,DIG,0.0,34.62,-0.0151,-22164000.0,0.0,0.0,0.3532,-1749000.0,-15730000.0,BALANCED,-1.1709
2017-10-19,DIG,DIG,0.0,34.36,-0.0075,-22164000.0,0.0,0.0,0.408,-1749000.0,-12333000.0,BALANCED,0.2007
2017-10-20,DIG,DIG,0.0,34.51,0.0044,-22164000.0,0.0,0.0,0.4675,0.0,-12333000.0,BALANCED,11.6885
2017-10-23,DIG,DIG,0.0,34.0,-0.0148,-22164000.0,0.0,0.0,0.4675,0.0,-12333000.0,BALANCED,11.6885
2017-10-24,DIG,DIG,0.0,34.17,0.005,-22164000.0,0.0,0.0,0.4675,0.0,-12333000.0,BALANCED,11.6885
2017-10-25,DIG,DIG,0.0,33.68,-0.0143,-22164000.0,0.0,0.0,0.4675,0.0,-12333000.0,BALANCED,11.6885
2017-10-26,DIG,DIG,-1691000.0,33.83,0.0045,-23855000.0,0.0,-1691000.0,-0.844,-1691000.0,-12255000.0,BALANCED,-33.0998
2017-10-27,DIG,DIG,0.0,34.14,0.0092,-23855000.0,0.0,0.0,0.4682,-1691000.0,-12255000.0,BALANCED,1.704
2017-10-30,DIG,DIG,0.0,34.45,0.0091,-23855000.0,0.0,0.0,0.4682,-1691000.0,-10488000.0,BALANCED,1.704
2017-10-31,DIG,DIG,0.0,34.74,0.0084,-23855000.0,0.0,0.0,0.4682,-1691000.0,-8723000.0,BALANCED,1.704
2017-11-01,DIG,DIG,0.0,35.58,0.0242,-23855000.0,0.0,0.0,0.4682,-1691000.0,-3440000.0,BALANCED,1.704
2017-11-02,DIG,DIG,0.0,35.36,-0.0062,-23855000.0,0.0,0.0,0.4159,0.0,-3440000.0,BALANCED,10.3971
2017-11-03,DIG,DIG,0.0,35.65,0.0082,-23855000.0,0.0,0.0,0.4159,0.0,-3440000.0,BALANCED,10.3971
2017-11-06,DIG,DIG,0.0,37.31,0.0466,-23855000.0,0.0,0.0,0.4159,0.0,-3440000.0,BALANCED,10.3971
2017-11-07,DIG,DIG,0.0,37.15,-0.0043,-23855000.0,0.0,0.0,0.4159,0.0,-3440000.0,BALANCED,10.3971
2017-11-08,DIG,DIG,0.0,36.82,-0.0089,-23855000.0,0.0,0.0,0.4159,0.0,-3440000.0,BALANCED,10.3971
2017-11-09,DIG,DIG,0.0,37.08,0.0071,-23855000.0,0.0,0.0,0.3715,0.0,-3440000.0,BALANCED,9.2881
2017-11-10,DIG,DIG,0.0,36.7,-0.0102,-23855000.0,0.0,0.0,0.3715,0.0,-1691000.0,BALANCED,9.2881
2017-11-13,DIG,DIG,0.0,36.21,-0.0134,-23855000.0,0.0,0.0,0.3264,0.0,-1691000.0,BALANCED,8.159
2017-11-14,DIG,DIG,1750000.0,34.99,-0.0337,-22105000.0,1750000.0,0.0,1.7976,1750000.0,59000.0,ACCUMULATION,56.94
2017-11-15,DIG,DIG,-1710000.0,34.2,-0.0226,-23815000.0,0.0,-1710000.0,-2.5333,40000.0,-1651000.0,DISTRIBUTION,-55.3332
2017-11-16,DIG,DIG,-5092000.0,33.95,-0.0073,-28907000.0,0.0,-5092000.0,-4.3507,-5052000.0,-6743000.0,DISTRIBUTION,-100.0
2017-11-17,DIG,DIG,0.0,34.3,0.0103,-28907000.0,0.0,0.0,0.2561,-5052000.0,-6743000.0,BALANCED,-3.5976
2017-11-20,DIG,DIG,0.0,34.14,-0.0047,-28907000.0,0.0,0.0,0.2561,-5052000.0,-6743000.0,BALANCED,-3.5976
2017-11-21,DIG,DIG,0.0,34.28,0.0041,-28907000.0,0.0,0.0,0.2561,-6802000.0,-6743000.0,BALANCED,-3.5976
2017-11-22,DIG,DIG,0.0,34.63,0.0102,-28907000.0,0.0,0.0,0.2561,-5092000.0,-6743000.0,BALANCED,-3.5976
2017-11-24,DIG,DIG,0.0,34.81,0.0052,-28907000.0,0.0,0.0,0.2561,0.0,-5052000.0,BALANCED,6.4024
2017-11-27,DIG,DIG,0.0,34.03,-0.0224,-28907000.0,0.0,0.0,0.2099,0.0,-5052000.0,BALANCED,5.2471
2017-11-28,DIG,DIG,0.0,34.55,0.0153,-28907000.0,0.0,0.0,0.2099,0.0,-5052000.0,BALANCED,5.2471
2017-11-29,DIG,DIG,0.0,34.89,0.0098,-28907000.0,0.0,0.0,0.2099,0.0,-5052000.0,BALANCED,5.2471
2017-11-30,DIG,DIG,0.0,36.02,0.0324,-28907000.0,0.0,0.0,0.2099,0.0,-5052000.0,BALANCED,5.2471
2017-12-01,DIG,DIG,0.0,36.68,0.0183,-28907000.0,0.0,0.0,0.2099,0.0,-5052000.0,BALANCED,5.2471
2017-12-04,DIG,DIG,0.0,36.59,-0.0025,-28907000.0,0.0,0.0,0.2099,0.0,-5052000.0,BALANCED,5.2471
2017-12-05,DIG,DIG,-1810000.0,36.21,-0.0104,-30717000.0,0.0,-1810000.0,-1.3761,-1810000.0,-6862000.0,BALANCED,-46.4018
2017-12-06,DIG,DIG,0.0,35.19,-0.0282,-30717000.0,0.0,0.0,0.2573,-1810000.0,-6862000.0,BALANCED,-3.5681
2017-12-07,DIG,DIG,0.0,35.49,0.0085,-30717000.0,0.0,0.0,0.2573,-1810000.0,-6862000.0,BALANCED,-3.5681
2017-12-08,DIG,DIG,0.0,36.13,0.018,-30717000.0,0.0,0.0,0.2124,-1810000.0,-6862000.0,BALANCED,-4.6892
2017-12-11,DIG,DIG,0.0,36.68,0.0152,-30717000.0,0.0,0.0,0.2124,-1810000.0,-6862000.0,BALANCED,-4.6892
2017-12-12,DIG,DIG,0.0,36.41,-0.0074,-30717000.0,0.0,0.0,0.2124,0.0,-6862000.0,BALANCED,5.3108
2017-12-13,DIG,DIG,-1814000.0,36.28,-0.0036,-32531000.0,0.0,-1814000.0,-1.3691,-1814000.0,-10426000.0,BALANCED,-46.2267
2017-12-14,DIG,DIG,0.0,36.0,-0.0077,-32531000.0,0.0,0.0,0.2597,-1814000.0,-8716000.0,BALANCED,-3.5084
2017-12-15,DIG,DIG,0.0,35.92,-0.0022,-32531000.0,0.0,0.0,0.2597,-1814000.0,-3624000.0,BALANCED,-3.5084
2017-12-18,DIG,DIG,0.0,36.49,0.0159,-32531000.0,0.0,0.0,0.2597,-1814000.0,-3624000.0,BALANCED,-3.5084
2017-12-19,DIG,DIG,0.0,36.54,0.0014,-32531000.0,0.0,0.0,0.2597,-1814000.0,-3624000.0,BALANCED,-3.5084
2017-12-20,DIG,DIG,0.0,37.6,0.029,-32531000.0,0.0,0.0,0.2597,0.0,-3624000.0,BALANCED,6.4916
2017-12-21,DIG,DIG,-1961000.0,39.23,0.0434,-34492000.0,0.0,-1961000.0,-1.3932,-1961000.0,-5585000.0,BALANCED,-46.8303
2017-12-22,DIG,DIG,0.0,39.44,0.0054,-34492000.0,0.0,0.0,0.3075,-1961000.0,-5585000.0,BALANCED,-2.3124
2017-12-26,DIG,DIG,0.0,40.03,0.0489,-34492000.0,0.0,0.0,0.3075,-1961000.0,-5585000.0,BALANCED,-2.3124
2017-12-27,DIG,DIG,0.0,39.75,-0.007,-34492000.0,0.0,0.0,0.3075,-1961000.0,-5585000.0,BALANCED,-2.3124
2017-12-28,DIG,DIG,0.0,39.85,0.0025,-34492000.0,0.0,0.0,0.3805,-1961000.0,-5585000.0,BALANCED,-0.4877
2017-12-29,DIG,DIG,0.0,39.55,-0.0075,-34492000.0,0.0,0.0,0.336,0.0,-5585000.0,BALANCED,8.3995
2018-01-02,DIG,DIG,-2048000.0,40.96,0.0357,-36540000.0,0.0,-2048000.0,-2.7141,-2048000.0,-7633000.0,DISTRIBUTION,-79.8522
2018-01-03,DIG,DIG,0.0,42.18,0.0298,-36540000.0,0.0,0.0,0.385,-2048000.0,-7633000.0,BALANCED,-0.3746
2018-01-04,DIG,DIG,0.0,42.67,0.0116,-36540000.0,0.0,0.0,0.385,-2048000.0,-5823000.0,BALANCED,-0.3746
2018-01-05,DIG,DIG,0.0,42.6,-0.0016,-36540000.0,0.0,0.0,0.385,-2048000.0,-5823000.0,BALANCED,-0.3746
2018-01-08,DIG,DIG,-2156000.0,43.13,0.0124,-38696000.0,0.0,-2156000.0,-2.4586,-4204000.0,-7979000.0,DISTRIBUTION,-73.4662
2018-01-09,DIG,DIG,0.0,42.83,-0.007,-38696000.0,0.0,0.0,0.4385,-2156000.0,-7979000.0,BALANCED,0.9616
2018-01-10,DIG,DIG,0.0,42.71,-0.0028,-38696000.0,0.0,0.0,0.4385,-2156000.0,-7979000.0,BALANCED,0.9616
2018-01-11,DIG,DIG,-2223000.0,44.46,0.041,-40919000.0,0.0,-2223000.0,-2.2291,-4379000.0,-10202000.0,DISTRIBUTION,-67.7282
2018-01-12,DIG,DIG,0.0,45.25,0.0178,-40919000.0,0.0,0.0,0.4897,-4379000.0,-8388000.0,BALANCED,2.2427
2018-01-16,DIG,DIG,0.0,44.1,-0.0254,-40919000.0,0.0,0.0,0.4897,-2223000.0,-8388000.0,BALANCED,2.2427
2018-01-17,DIG,DIG,0.0,44.81,0.0161,-40919000.0,0.0,0.0,0.4897,-2223000.0,-8388000.0,BALANCED,2.2427
2018-01-18,DIG,DIG,0.0,44.04,-0.0172,-40919000.0,0.0,0.0,0.4897,-2223000.0,-8388000.0,BALANCED,2.2427
2018-01-19,DIG,DIG,0.0,43.98,-0.0014,-40919000.0,0.0,0.0,0.4384,0.0,-8388000.0,BALANCED,10.9595
2018-01-22,DIG,DIG,-2290000.0,45.8,0.0414,-43209000.0,0.0,-2290000.0,-2.2037,-2290000.0,-10678000.0,DISTRIBUTION,-67.0922
2018-01-23,DIG,DIG,0.0,45.7,-0.0022,-43209000.0,0.0,0.0,0.4898,-2290000.0,-8717000.0,BALANCED,2.244
2018-01-24,DIG,DIG,-2272000.0,45.44,-0.0057,-45481000.0,0.0,-2272000.0,-1.954,-4562000.0,-10989000.0,DISTRIBUTION,-60.8509
2018-01-25,DIG,DIG,0.0,44.68,-0.0167,-45481000.0,0.0,0.0,0.5403,-4562000.0,-10989000.0,BALANCED,3.5073
2018-01-26,DIG,DIG,-2262000.0,45.24,0.0125,-47743000.0,0.0,-2262000.0,-1.7633,-6824000.0,-13251000.0,DISTRIBUTION,-56.0822
2018-01-29,DIG,DIG,0.0,43.79,-0.0321,-47743000.0,0.0,0.0,0.5414,-4534000.0,-13251000.0,BALANCED,3.5348
2018-01-30,DIG,DIG,0.0,41.93,-0.0425,-47743000.0,0.0,0.0,0.5414,-4534000.0,-13251000.0,BALANCED,3.5348
2018-01-31,DIG,DIG,0.0,41.97,0.001,-47743000.0,0.0,0.0,0.5414,-2262000.0,-11203000.0,BALANCED,3.5348
2018-02-01,DIG,DIG,-2145000.0,42.9,0.0222,-49888000.0,0.0,-2145000.0,-1.6024,-4407000.0,-13348000.0,DISTRIBUTION,-52.0609
2018-02-02,DIG,DIG,0.0,39.35,-0.0828,-49888000.0,0.0,0.0,0.5919,-2145000.0,-13348000.0,BALANCED,4.7966
2018-02-05,DIG,DIG,0.0,36.02,-0.0846,-49888000.0,0.0,0.0,0.5919,-2145000.0,-13348000.0,BALANCED,4.7966
2018-02-06,DIG,DIG,0.0,36.61,0.0164,-49888000.0,0.0,0.0,0.5419,-2145000.0,-11192000.0,BALANCED,3.5482
2018-02-07,DIG,DIG,0.0,35.32,-0.0352,-49888000.0,0.0,0.0,0.5419,-2145000.0,-11192000.0,BALANCED,3.5482
2018-02-08,DIG,DIG,0.0,33.08,-0.0634,-49888000.0,0.0,0.0,0.5419,0.0,-11192000.0,BALANCED,13.5482
2018-02-09,DIG,DIG,0.0,33.06,-0.0006,-49888000.0,0.0,0.0,0.5419,0.0,-8969000.0,BALANCED,13.5482
2018-02-12,DIG,DIG,0.0,34.22,0.0351,-49888000.0,0.0,0.0,0.5419,0.0,-8969000.0,BALANCED,13.5482
2018-02-13,DIG,DIG,0.0,33.9,-0.0094,-49888000.0,0.0,0.0,0.5419,0.0,-8969000.0,BALANCED,13.5482
2018-02-14,DIG,DIG,0.0,34.96,0.0313,-49888000.0,0.0,0.0,0.4914,0.0,-8969000.0,BALANCED,12.285
2018-02-15,DIG,DIG,0.0,34.83,-0.0037,-49888000.0,0.0,0.0,0.4914,0.0,-8969000.0,BALANCED,12.285
2018-02-16,DIG,DIG,0.0,34.66,-0.0049,-49888000.0,0.0,0.0,0.4914,0.0,-8969000.0,BALANCED,12.285
2018-02-20,DIG,DIG,-1714000.0,34.29,-0.0107,-51602000.0,0.0,-1714000.0,-1.303,-1714000.0,-8393000.0,BALANCED,-44.5741
2018-02-21,DIG,DIG,0.0,33.12,-0.0341,-51602000.0,0.0,0.0,0.4889,-1714000.0,-8393000.0,BALANCED,2.2234
2018-02-22,DIG,DIG,0.0,33.89,0.0232,-51602000.0,0.0,0.0,0.4889,-1714000.0,-6121000.0,BALANCED,2.2234
2018-02-23,DIG,DIG,0.0,35.38,0.044,-51602000.0,0.0,0.0,0.4889,-1714000.0,-6121000.0,BALANCED,2.2234
2018-02-26,DIG,DIG,1791000.0,35.82,0.0124,-49811000.0,1791000.0,0.0,2.3123,77000.0,-2068000.0,ACCUMULATION,69.8069
2018-02-27,DIG,DIG,0.0,34.82,-0.0279,-49811000.0,0.0,0.0,0.3283,1791000.0,-2068000.0,BALANCED,18.2083
2018-02-28,DIG,DIG,0.0,33.2,-0.0465,-49811000.0,0.0,0.0,0.3283,1791000.0,-2068000.0,BALANCED,18.2083
2018-03-01,DIG,DIG,0.0,33.16,-0.0012,-49811000.0,0.0,0.0,0.3283,1791000.0,-2068000.0,BALANCED,18.2083
2018-03-02,DIG,DIG,0.0,33.52,0.0109,-49811000.0,0.0,0.0,0.3283,1791000.0,77000.0,BALANCED,18.2083
2018-03-05,DIG,DIG,3431000.0,34.31,0.0236,-46380000.0,3431000.0,0.0,3.1966,3431000.0,3508000.0,ACCUMULATION,91.9162
2018-03-06,DIG,DIG,0.0,34.31,0.0,-46380000.0,0.0,0.0,0.0999,3431000.0,3508000.0,BALANCED,12.4976
2018-03-07,DIG,DIG,0.0,33.72,-0.0172,-46380000.0,0.0,0.0,0.0999,3431000.0,3508000.0,BALANCED,12.4976
2018-03-08,DIG,DIG,0.0,33.67,-0.0015,-46380000.0,0.0,0.0,0.0307,3431000.0,3508000.0,BALANCED,10.7678
2018-03-09,DIG,DIG,0.0,34.96,0.0383,-46380000.0,0.0,0.0,0.0307,3431000.0,3508000.0,BALANCED,10.7678
2018-03-12,DIG,DIG,0.0,34.95,-0.0003,-46380000.0,0.0,0.0,-0.0516,0.0,3508000.0,BALANCED,-1.2908
2018-03-13,DIG,DIG,0.0,34.47,-0.0137,-46380000.0,0.0,0.0,-0.0516,0.0,3508000.0,BALANCED,-1.2908
2018-03-14,DIG,DIG,0.0,34.05,-0.0122,-46380000.0,0.0,0.0,-0.0516,0.0,3508000.0,BALANCED,-1.2908
2018-03-15,DIG,DIG,0.0,33.67,-0.0112,-46380000.0,0.0,0.0,-0.0516,0.0,3508000.0,BALANCED,-1.2908
2018-03-16,DIG,DIG,0.0,34.38,0.0211,-46380000.0,0.0,0.0,-0.1505,0.0,3508000.0,BALANCED,-3.7625
2018-03-19,DIG,DIG,0.0,33.18,-0.0349,-46380000.0,0.0,0.0,-0.1505,0.0,3508000.0,BALANCED,-3.7625
2018-03-20,DIG,DIG,0.0,33.77,0.0178,-46380000.0,0.0,0.0,-0.1505,0.0,5222000.0,BALANCED,-3.7625
2018-03-21,DIG,DIG,0.0,35.48,0.0923,-46380000.0,0.0,0.0,-0.1505,0.0,5222000.0,BALANCED,-3.7625
2018-03-22,DIG,DIG,0.0,33.99,-0.042,-46380000.0,0.0,0.0,-0.1505,0.0,5222000.0,BALANCED,-3.7625
2018-03-23,DIG,DIG,0.0,33.59,-0.0118,-46380000.0,0.0,0.0,-0.1505,0.0,5222000.0,BALANCED,-3.7625
2018-03-26,DIG,DIG,0.0,34.77,0.0351,-46380000.0,0.0,0.0,-0.1505,0.0,3431000.0,BALANCED,-3.7625
2018-03-27,DIG,DIG,0.0,34.05,-0.0207,-46380000.0,0.0,0.0,-0.1505,0.0,3431000.0,BALANCED,-3.7625
2018-03-28,DIG,DIG,0.0,32.79,-0.037,-46380000.0,0.0,0.0,-0.1505,0.0,3431000.0,BALANCED,-3.7625
2018-03-29,DIG,DIG,0.0,34.22,0.0436,-46380000.0,0.0,0.0,-0.1505,0.0,3431000.0,BALANCED,-3.7625
2018-04-02,DIG,DIG,0.0,32.77,-0.0424,-46380000.0,0.0,0.0,-0.1505,0.0,3431000.0,BALANCED,-3.7625
2018-04-03,DIG,DIG,0.0,34.12,0.0412,-46380000.0,0.0,0.0,-0.1505,0.0,0.0,BALANCED,-3.7625
2018-04-04,DIG,DIG,0.0,34.04,-0.0023,-46380000.0,0.0,0.0,-0.2499,0.0,0.0,BALANCED,-6.2474
2018-04-05,DIG,DIG,0.0,35.35,0.0385,-46380000.0,0.0,0.0,-0.2499,0.0,0.0,BALANCED,-6.2474
2018-04-06,DIG,DIG,0.0,33.97,-0.039,-46380000.0,0.0,0.0,-0.2499,0.0,0.0,BALANCED,-6.2474
2018-04-09,DIG,DIG,0.0,34.24,0.0079,-46380000.0,0.0,0.0,-0.2499,0.0,0.0,BALANCED,-6.2474
2018-04-10,DIG,DIG,0.0,36.56,0.0678,-46380000.0,0.0,0.0,-0.1826,0.0,0.0,BALANCED,-4.5644
2018-04-11,DIG,DIG,-1868000.0,37.37,0.0222,-48248000.0,0.0,-1868000.0,-2.6539,-1868000.0,-1868000.0,DISTRIBUTION,-78.3484
2018-04-12,DIG,DIG,-1868000.0,37.36,-0.0003,-50116000.0,0.0,-1868000.0,-2.3106,-3736000.0,-3736000.0,DISTRIBUTION,-71.7662
2018-04-13,DIG,DIG,0.0,38.21,0.0228,-50116000.0,0.0,0.0,0.0126,-3736000.0,-3736000.0,BALANCED,-9.6839
2018-04-16,DIG,DIG,0.0,38.96,0.0196,-50116000.0,0.0,0.0,0.0126,-3736000.0,-3736000.0,BALANCED,-9.6839
2018-04-17,DIG,DIG,0.0,39.32,0.0092,-50116000.0,0.0,0.0,0.2628,-3736000.0,-3736000.0,BALANCED,-3.4308
2018-04-18,DIG,DIG,0.0,40.64,0.0336,-50116000.0,0.0,0.0,0.2628,-1868000.0,-3736000.0,BALANCED,-3.4308
2018-04-19,DIG,DIG,-2036000.0,40.72,0.002,-52152000.0,0.0,-2036000.0,-3.1374,-2036000.0,-5772000.0,DISTRIBUTION,-90.4351
2018-04-20,DIG,DIG,-2014000.0,40.29,-0.0106,-54166000.0,0.0,-2014000.0,-2.6045,-4050000.0,-7786000.0,DISTRIBUTION,-79.1122
2018-04-23,DIG,DIG,0.0,40.77,0.0119,-54166000.0,0.0,0.0,0.3853,-4050000.0,-7786000.0,BALANCED,-0.3681
2018-04-24,DIG,DIG,0.0,39.87,-0.0221,-54166000.0,0.0,0.0,0.3853,-4050000.0,-7786000.0,BALANCED,-0.3681
2018-04-25,DIG,DIG,0.0,40.54,0.0168,-54166000.0,0.0,0.0,0.3853,-4050000.0,-7786000.0,BALANCED,-0.3681
2018-04-26,DIG,DIG,0.0,41.71,0.0289,-54166000.0,0.0,0.0,0.3853,-2014000.0,-7786000.0,BALANCED,-0.3681
2018-04-27,DIG,DIG,0.0,40.74,-0.0233,-54166000.0,0.0,0.0,0.3853,0.0,-7786000.0,BALANCED,9.6319
2018-04-30,DIG,DIG,0.0,40.74,0.0,-54166000.0,0.0,0.0,0.3853,0.0,-7786000.0,BALANCED,9.6319
2018-05-01,DIG,DIG,0.0,40.27,-0.0115,-54166000.0,0.0,0.0,0.3853,0.0,-7786000.0,BALANCED,9.6319
2018-05-02,DIG,DIG,0.0,40.67,0.0099,-54166000.0,0.0,0.0,0.3853,0.0,-7786000.0,BALANCED,9.6319
2018-05-03,DIG,DIG,2018000.0,40.36,-0.0076,-52148000.0,2018000.0,0.0,2.7944,2018000.0,-5768000.0,ACCUMULATION,81.8588
2018-05-04,DIG,DIG,0.0,40.85,0.0121,-52148000.0,0.0,0.0,0.2431,2018000.0,-5768000.0,BALANCED,16.0769
2018-05-07,DIG,DIG,0.0,41.06,0.0051,-52148000.0,0.0,0.0,0.2431,2018000.0,-5768000.0,BALANCED,16.0769
2018-05-08,DIG,DIG,0.0,41.79,0.0178,-52148000.0,0.0,0.0,0.2431,2018000.0,-5768000.0,BALANCED,16.0769
2018-05-09,DIG,DIG,0.0,43.44,0.0395,-52148000.0,0.0,0.0,0.2431,2018000.0,-3900000.0,BALANCED,16.0769
2018-05-10,DIG,DIG,0.0,44.07,0.0145,-52148000.0,0.0,0.0,0.2431,0.0,-2032000.0,BALANCED,6.0769
2018-05-11,DIG,DIG,0.0,44.08,0.0002,-52148000.0,0.0,0.0,0.2431,0.0,-2032000.0,BALANCED,6.0769
2018-05-14,DIG,DIG,0.0,44.69,0.0138,-52148000.0,0.0,0.0,0.2431,0.0,-2032000.0,BALANCED,6.0769
2018-05-15,DIG,DIG,0.0,44.76,0.0016,-52148000.0,0.0,0.0,0.2431,0.0,-2032000.0,BALANCED,6.0769
2018-05-16,DIG,DIG,0.0,45.18,0.0094,-52148000.0,0.0,0.0,0.2431,0.0,-2032000.0,BALANCED,6.0769
2018-05-17,DIG,DIG,0.0,46.54,0.0301,-52148000.0,0.0,0.0,0.2431,0.0,4000.0,BALANCED,6.0769
2018-05-18,DIG,DIG,-2291000.0,45.82,-0.0155,-54439000.0,0.0,-2291000.0,-2.3044,-2291000.0,-273000.0,DISTRIBUTION,-69.6092
2018-05-21,DIG,DIG,0.0,46.79,0.0212,-54439000.0,0.0,0.0,0.3061,-2291000.0,-273000.0,BALANCED,-2.3477
2018-05-22,DIG,DIG,0.0,45.49,-0.0278,-54439000.0,0.0,0.0,0.3061,-2291000.0,-273000.0,BALANCED,-2.3477
2018-05-23,DIG,DIG,0.0,45.44,-0.0011,-54439000.0,0.0,0.0,0.2502,-2291000.0,-273000.0,BALANCED,-3.7459
2018-05-24,DIG,DIG,0.0,43.95,-0.0328,-54439000.0,0.0,0.0,0.1888,-2291000.0,-273000.0,BALANCED,-5.2808
2018-05-25,DIG,DIG,0.0,41.65,-0.0523,-54439000.0,0.0,0.0,0.1888,0.0,-273000.0,BALANCED,4.7192
2018-05-29,DIG,DIG,0.0,41.47,-0.0043,-54439000.0,0.0,0.0,0.1888,0.0,-273000.0,BALANCED,4.7192
2018-05-30,DIG,DIG,0.0,44.08,0.0629,-54439000.0,0.0,0.0,0.1888,0.0,-273000.0,BALANCED,4.7192
2018-05-31,DIG,DIG,-2166000.0,43.32,-0.0172,-56605000.0,0.0,-2166000.0,-2.3016,-2166000.0,-2439000.0,DISTRIBUTION,-69.5395
2018-06-01,DIG,DIG,-2183000.0,43.67,0.0081,-58788000.0,0.0,-2183000.0,-2.2855,-4349000.0,-6640000.0,DISTRIBUTION,-71.1384
2018-06-04,DIG,DIG,0.0,42.76,-0.0208,-58788000.0,0.0,0.0,0.1952,-4349000.0,-6640000.0,BALANCED,-5.12
2018-06-05,DIG,DIG,0.0,42.53,-0.0054,-58788000.0,0.0,0.0,0.1952,-4349000.0,-6640000.0,BALANCED,-5.12
2018-06-06,DIG,DIG,0.0,42.92,0.0092,-58788000.0,0.0,0.0,0.1952,-4349000.0,-6640000.0,BALANCED,-5.12
2018-06-07,DIG,DIG,-2217000.0,44.34,0.0331,-61005000.0,0.0,-2217000.0,-2.2767,-4400000.0,-8857000.0,DISTRIBUTION,-68.9181
2018-06-08,DIG,DIG,0.0,44.12,-0.005,-61005000.0,0.0,0.0,0.2609,-2217000.0,-8857000.0,BALANCED,-3.4765
2018-06-11,DIG,DIG,0.0,44.41,0.0066,-61005000.0,0.0,0.0,0.2609,-2217000.0,-8857000.0,BALANCED,-3.4765
2018-06-12,DIG,DIG,0.0,43.78,-0.0142,-61005000.0,0.0,0.0,0.2609,-2217000.0,-8857000.0,BALANCED,-3.4765
2018-06-13,DIG,DIG,0.0,43.43,-0.008,-61005000.0,0.0,0.0,0.2609,-2217000.0,-8857000.0,BALANCED,-3.4765
2018-06-14,DIG,DIG,-2159000.0,43.19,-0.0055,-63164000.0,0.0,-2159000.0,-1.9765,-2159000.0,-11016000.0,DISTRIBUTION,-61.4132
2018-06-15,DIG,DIG,0.0,41.31,-0.0435,-63164000.0,0.0,0.0,0.4396,-2159000.0,-11016000.0,BALANCED,0.9893
2018-06-18,DIG,DIG,0.0,42.31,0.0242,-63164000.0,0.0,0.0,0.4396,-2159000.0,-8725000.0,BALANCED,0.9893
2018-06-19,DIG,DIG,0.0,42.17,-0.0033,-63164000.0,0.0,0.0,0.4396,-2159000.0,-8725000.0,BALANCED,0.9893
2018-06-20,DIG,DIG,0.0,42.47,0.0416,-63164000.0,0.0,0.0,0.4396,-2159000.0,-8725000.0,BALANCED,0.9893
2018-06-21,DIG,DIG,-2039000.0,40.79,-0.0396,-65203000.0,0.0,-2039000.0,-1.8104,-2039000.0,-10764000.0,DISTRIBUTION,-57.2612
2018-06-22,DIG,DIG,0.0,42.71,0.0471,-65203000.0,0.0,0.0,0.4912,-2039000.0,-10764000.0,BALANCED,2.2807
2018-06-25,DIG,DIG,0.0,40.77,-0.0454,-65203000.0,0.0,0.0,0.4912,-2039000.0,-10764000.0,BALANCED,2.2807
2018-06-26,DIG,DIG,0.0,41.98,0.0297,-65203000.0,0.0,0.0,0.4912,-2039000.0,-10764000.0,BALANCED,2.2807
2018-06-27,DIG,DIG,0.0,43.12,0.0272,-65203000.0,0.0,0.0,0.4912,-2039000.0,-10764000.0,BALANCED,2.2807
2018-06-28,DIG,DIG,0.0,43.0,-0.0028,-65203000.0,0.0,0.0,0.4912,0.0,-8598000.0,BALANCED,12.2807
2018-06-29,DIG,DIG,0.0,43.51,0.0119,-65203000.0,0.0,0.0,0.4912,0.0,-6415000.0,BALANCED,12.2807
2018-07-02,DIG,DIG,0.0,42.09,-0.0326,-65203000.0,0.0,0.0,0.4395,0.0,-6415000.0,BALANCED,10.9872
2018-07-03,DIG,DIG,0.0,42.74,0.0154,-65203000.0,0.0,0.0,0.4395,0.0,-6415000.0,BALANCED,10.9872
2018-07-05,DIG,DIG,-4261000.0,42.61,-0.003,-69464000.0,0.0,-4261000.0,-3.4818,-4261000.0,-10676000.0,DISTRIBUTION,-99.0455
2018-07-06,DIG,DIG,0.0,43.29,0.016,-69464000.0,0.0,0.0,0.4638,-4261000.0,-8459000.0,BALANCED,1.594
2018-07-09,DIG,DIG,0.0,44.6,0.0303,-69464000.0,0.0,0.0,0.4638,-4261000.0,-8459000.0,BALANCED,1.594
2018-07-10,DIG,DIG,0.0,45.19,0.0132,-69464000.0,0.0,0.0,0.4638,-4261000.0,-8459000.0,BALANCED,1.594
2018-07-11,DIG,DIG,0.0,43.21,-0.0438,-69464000.0,0.0,0.0,0.4638,-4261000.0,-8459000.0,BALANCED,1.594
2018-07-12,DIG,DIG,0.0,43.34,0.003,-69464000.0,0.0,0.0,0.4638,0.0,-8459000.0,BALANCED,11.594
2018-07-13,DIG,DIG,0.0,43.8,0.0106,-69464000.0,0.0,0.0,0.4136,0.0,-6300000.0,BALANCED,10.3405
2018-07-16,DIG,DIG,0.0,42.7,-0.0251,-69464000.0,0.0,0.0,0.3616,0.0,-6300000.0,BALANCED,9.0395
2018-07-17,DIG,DIG,0.0,42.39,-0.0073,-69464000.0,0.0,0.0,0.3616,0.0,-6300000.0,BALANCED,9.0395
2018-07-18,DIG,DIG,0.0,42.44,0.0012,-69464000.0,0.0,0.0,0.3616,0.0,-6300000.0,BALANCED,9.0395
2018-07-19,DIG,DIG,0.0,42.46,0.0005,-69464000.0,0.0,0.0,0.3616,0.0,-6300000.0,BALANCED,9.0395
2018-07-20,DIG,DIG,0.0,42.15,-0.0073,-69464000.0,0.0,0.0,0.3062,0.0,-4261000.0,BALANCED,7.6553
2018-07-23,DIG,DIG,0.0,41.77,-0.009,-69464000.0,0.0,0.0,0.3062,0.0,-4261000.0,BALANCED,7.6553
2018-07-24,DIG,DIG,0.0,42.81,0.0249,-69464000.0,0.0,0.0,0.3062,0.0,-4261000.0,BALANCED,7.6553
2018-07-25,DIG,DIG,0.0,43.56,0.0175,-69464000.0,0.0,0.0,0.3062,0.0,-4261000.0,BALANCED,7.6553
2018-07-26,DIG,DIG,0.0,44.36,0.0184,-69464000.0,0.0,0.0,0.3062,0.0,-4261000.0,BALANCED,7.6553
2018-07-27,DIG,DIG,0.0,43.8,-0.0126,-69464000.0,0.0,0.0,0.2468,0.0,-4261000.0,BALANCED,6.1709
2018-07-30,DIG,DIG,0.0,44.63,0.019,-69464000.0,0.0,0.0,0.2468,0.0,-4261000.0,BALANCED,6.1709
2018-07-31,DIG,DIG,0.0,44.37,-0.0058,-69464000.0,0.0,0.0,0.2468,0.0,-4261000.0,BALANCED,6.1709
2018-08-01,DIG,DIG,0.0,43.19,-0.0266,-69464000.0,0.0,0.0,0.2468,0.0,-4261000.0,BALANCED,6.1709
2018-08-02,DIG,DIG,-2142000.0,42.85,-0.0079,-71606000.0,0.0,-2142000.0,-2.0232,-2142000.0,-2142000.0,DISTRIBUTION,-62.5797
2018-08-03,DIG,DIG,0.0,42.44,-0.0096,-71606000.0,0.0,0.0,0.2486,-2142000.0,-2142000.0,BALANCED,-3.7853
2018-08-06,DIG,DIG,0.0,42.8,0.0085,-71606000.0,0.0,0.0,0.2486,-2142000.0,-2142000.0,BALANCED,-3.7853
2018-08-07,DIG,DIG,0.0,43.36,0.0131,-71606000.0,0.0,0.0,0.2486,-2142000.0,-2142000.0,BALANCED,-3.7853
2018-08-08,DIG,DIG,0.0,42.67,-0.0159,-71606000.0,0.0,0.0,0.2486,-2142000.0,-2142000.0,BALANCED,-3.7853
2018-08-09,DIG,DIG,0.0,41.93,-0.0173,-71606000.0,0.0,0.0,0.2486,0.0,-2142000.0,BALANCED,6.2147
2018-08-10,DIG,DIG,0.0,42.37,0.0105,-71606000.0,0.0,0.0,0.2486,0.0,-2142000.0,BALANCED,6.2147
2018-08-13,DIG,DIG,0.0,41.25,-0.0264,-71606000.0,0.0,0.0,0.2486,0.0,-2142000.0,BALANCED,6.2147
2018-08-14,DIG,DIG,0.0,41.53,0.0068,-71606000.0,0.0,0.0,0.2486,0.0,-2142000.0,BALANCED,6.2147
2018-08-15,DIG,DIG,0.0,38.53,-0.0722,-71606000.0,0.0,0.0,0.2486,0.0,-2142000.0,BALANCED,6.2147
2018-08-16,DIG,DIG,0.0,39.12,0.0153,-71606000.0,0.0,0.0,0.1826,0.0,-2142000.0,BALANCED,4.5644
2018-08-17,DIG,DIG,0.0,39.35,0.0059,-71606000.0,0.0,0.0,0.1826,0.0,-2142000.0,BALANCED,4.5644
2018-08-20,DIG,DIG,0.0,39.91,0.0142,-71606000.0,0.0,0.0,0.1826,0.0,-2142000.0,BALANCED,4.5644
2018-08-21,DIG,DIG,0.0,40.4,0.0123,-71606000.0,0.0,0.0,0.1826,0.0,-2142000.0,BALANCED,4.5644
2018-08-22,DIG,DIG,0.0,41.42,0.0252,-71606000.0,0.0,0.0,0.1826,0.0,-2142000.0,BALANCED,4.5644
2018-08-23,DIG,DIG,0.0,40.96,-0.0111,-71606000.0,0.0,0.0,0.1826,0.0,-2142000.0,BALANCED,4.5644
2018-08-24,DIG,DIG,0.0,41.62,0.0161,-71606000.0,0.0,0.0,0.1826,0.0,-2142000.0,BALANCED,4.5644
2018-08-27,DIG,DIG,0.0,42.2,0.0139,-71606000.0,0.0,0.0,0.1826,0.0,-2142000.0,BALANCED,4.5644
2018-08-28,DIG,DIG,0.0,41.78,-0.01,-71606000.0,0.0,0.0,0.1826,0.0,-2142000.0,BALANCED,4.5644
2018-08-29,DIG,DIG,0.0,42.35,0.0136,-71606000.0,0.0,0.0,0.1826,0.0,-2142000.0,BALANCED,4.5644
2018-08-30,DIG,DIG,0.0,42.06,-0.0068,-71606000.0,0.0,0.0,0.1826,0.0,0.0,BALANCED,4.5644
2018-08-31,DIG,DIG,0.0,41.45,-0.0145,-71606000.0,0.0,0.0,0.1826,0.0,0.0,BALANCED,4.5644
2018-09-04,DIG,DIG,0.0,41.17,-0.0068,-71606000.0,0.0,0.0,0.1826,0.0,0.0,BALANCED,4.5644
2018-09-05,DIG,DIG,0.0,41.02,-0.0036,-71606000.0,0.0,0.0,0.1826,0.0,0.0,BALANCED,4.5644
2018-09-06,DIG,DIG,0.0,39.37,-0.0402,-71606000.0,0.0,0.0,0.1826,0.0,0.0,BALANCED,4.5644
2018-09-07,DIG,DIG,0.0,39.35,-0.0005,-71606000.0,0.0,0.0,0.1826,0.0,0.0,BALANCED,4.5644
2018-09-10,DIG,DIG,0.0,39.32,-0.0008,-71606000.0,0.0,0.0,0.1826,0.0,0.0,BALANCED,4.5644
2018-09-11,DIG,DIG,0.0,40.2,0.0224,-71606000.0,0.0,0.0,0.1826,0.0,0.0,BALANCED,4.5644
2018-09-12,DIG,DIG,0.0,40.68,0.0119,-71606000.0,0.0,0.0,0.1826,0.0,0.0,BALANCED,4.5644
2018-09-13,DIG,DIG,0.0,40.63,-0.0012,-71606000.0,0.0,0.0,0.1826,0.0,0.0,BALANCED,4.5644
2018-09-14,DIG,DIG,0.0,41.08,0.0111,-71606000.0,0.0,0.0,0.0,0.0,0.0,BALANCED,0.0
2018-09-17,DIG,DIG,0.0,41.13,0.0012,-71606000.0,0.0,0.0,0.0,0.0,0.0,BALANCED,0.0
2018-09-18,DIG,DIG,0.0,41.8,0.0163,-71606000.0,0.0,0.0,0.0,0.0,0.0,BALANCED,0.0
2018-09-19,DIG,DIG,0.0,42.19,0.0093,-71606000.0,0.0,0.0,0.0,0.0,0.0,BALANCED,0.0
2018-09-20,DIG,DIG,0.0,42.15,-0.0009,-71606000.0,0.0,0.0,0.0,0.0,0.0,BALANCED,0.0
2018-09-21,DIG,DIG,-2137000.0,42.74,0.014,-73743000.0,0.0,-2137000.0,-5.2947,-2137000.0,-2137000.0,DISTRIBUTION,-100.0
2018-09-24,DIG,DIG,0.0,44.02,0.0299,-73743000.0,0.0,0.0,0.1826,-2137000.0,-2137000.0,BALANCED,-5.4356
2018-09-25,DIG,DIG,0.0,44.53,0.0116,-73743000.0,0.0,0.0,0.1826,-2137000.0,-2137000.0,BALANCED,-5.4356
2018-09-26,DIG,DIG,-2171000.0,43.42,0.0039,-75914000.0,0.0,-2171000.0,-3.7098,-4308000.0,-4308000.0,DISTRIBUTION,-100.0
2018-09-27,DIG,DIG,0.0,43.56,0.0032,-75914000.0,0.0,0.0,0.2628,-4308000.0,-4308000.0,BALANCED,-3.431
2018-09-28,DIG,DIG,0.0,43.4,-0.0037,-75914000.0,0.0,0.0,0.2628,-2171000.0,-4308000.0,BALANCED,-3.431
2018-10-01,DIG,DIG,0.0,44.64,0.0286,-75914000.0,0.0,0.0,0.2628,-2171000.0,-4308000.0,BALANCED,-3.431
2018-10-02,DIG,DIG,0.0,44.71,0.0016,-75914000.0,0.0,0.0,0.2628,-2171000.0,-4308000.0,BALANCED,-3.431
2018-10-03,DIG,DIG,-2277000.0,45.54,0.0186,-78191000.0,0.0,-2277000.0,-3.0708,-2277000.0,-6585000.0,DISTRIBUTION,-88.7688
2018-10-04,DIG,DIG,-2246000.0,44.93,-0.0134,-80437000.0,0.0,-2246000.0,-2.5558,-4523000.0,-8831000.0,DISTRIBUTION,-77.8953
2018-10-05,DIG,DIG,0.0,44.86,-0.0016,-80437000.0,0.0,0.0,0.3855,-4523000.0,-8831000.0,BALANCED,-0.3626
2018-10-08,DIG,DIG,0.0,44.8,-0.0013,-80437000.0,0.0,0.0,0.3855,-4523000.0,-8831000.0,BALANCED,-0.3626
2018-10-09,DIG,DIG,0.0,45.69,0.0199,-80437000.0,0.0,0.0,0.3855,-4523000.0,-8831000.0,BALANCED,-0.3626
2018-10-10,DIG,DIG,2117000.0,42.34,-0.0733,-78320000.0,2117000.0,0.0,2.6582,-129000.0,-6714000.0,ACCUMULATION,58.4545
2018-10-11,DIG,DIG,0.0,39.77,-0.0607,-78320000.0,0.0,0.0,0.2541,2117000.0,-6714000.0,BALANCED,16.3536
2018-10-12,DIG,DIG,2005000.0,40.1,0.0083,-76315000.0,2005000.0,0.0,2.2294,4122000.0,-4709000.0,ACCUMULATION,67.7354
2018-10-15,DIG,DIG,1979000.0,39.57,-0.0132,-74336000.0,1979000.0,0.0,1.9805,6101000.0,-2730000.0,ACCUMULATION,63.5135
2018-10-16,DIG,DIG,2017000.0,40.33,0.0192,-72319000.0,2017000.0,0.0,1.8322,8118000.0,-713000.0,ACCUMULATION,61.8046
2018-10-17,DIG,DIG,0.0,39.68,-0.0161,-72319000.0,0.0,0.0,0.0213,6001000.0,-713000.0,BALANCED,10.5334
2018-10-18,DIG,DIG,1959000.0,39.18,-0.0126,-70360000.0,1959000.0,0.0,1.6371,7960000.0,1246000.0,ACCUMULATION,52.9285
2018-10-19,DIG,DIG,1929000.0,38.57,-0.0156,-68431000.0,1929000.0,0.0,1.4935,7884000.0,5312000.0,BALANCED,51.3363
2018-10-22,DIG,DIG,0.0,37.68,-0.0231,-68431000.0,0.0,0.0,-0.0867,5905000.0,5312000.0,BALANCED,7.8327
2018-10-23,DIG,DIG,0.0,35.58,-0.0557,-68431000.0,0.0,0.0,-0.0867,3888000.0,5312000.0,BALANCED,7.8327
2018-10-24,DIG,DIG,0.0,32.75,-0.0795,-68431000.0,0.0,0.0,-0.0867,3888000.0,7483000.0,BALANCED,7.8327
2018-10-25,DIG,DIG,0.0,33.51,0.0232,-68431000.0,0.0,0.0,-0.0867,1929000.0,7483000.0,BALANCED,7.8327
2018-10-26,DIG,DIG,1648000.0,32.96,-0.0164,-66783000.0,1648000.0,0.0,1.1874,1648000.0,9131000.0,BALANCED,41.685
2018-10-29,DIG,DIG,0.0,31.58,-0.0419,-66783000.0,0.0,0.0,-0.1284,1648000.0,9131000.0,BALANCED,6.7911
2018-10-30,DIG,DIG,0.0,33.01,0.0453,-66783000.0,0.0,0.0,-0.1284,1648000.0,9131000.0,BALANCED,6.7911
2018-10-31,DIG,DIG,0.0,33.5,0.0148,-66783000.0,0.0,0.0,-0.1284,1648000.0,11408000.0,BALANCED,6.7911
2018-11-01,DIG,DIG,0.0,34.11,0.0182,-66783000.0,0.0,0.0,-0.1284,1648000.0,13654000.0,BALANCED,6.7911
2018-11-02,DIG,DIG,0.0,33.95,-0.0047,-66783000.0,0.0,0.0,-0.1973,0.0,13654000.0,BALANCED,-4.933
2018-11-05,DIG,DIG,0.0,35.08,0.0333,-66783000.0,0.0,0.0,-0.1973,0.0,13654000.0,BALANCED,-4.933
2018-11-06,DIG,DIG,0.0,35.24,0.0046,-66783000.0,0.0,0.0,-0.1973,0.0,13654000.0,BALANCED,-4.933
2018-11-07,DIG,DIG,0.0,36.41,0.0332,-66783000.0,0.0,0.0,-0.2802,0.0,11537000.0,BALANCED,-7.0057
2018-11-08,DIG,DIG,-1735000.0,34.71,-0.0467,-68518000.0,0.0,-1735000.0,-1.727,-1735000.0,9802000.0,DISTRIBUTION,-55.1756
2018-11-09,DIG,DIG,0.0,34.62,-0.0026,-68518000.0,0.0,0.0,-0.2149,-1735000.0,7797000.0,BALANCED,-15.3717
2018-11-12,DIG,DIG,0.0,33.06,-0.0451,-68518000.0,0.0,0.0,-0.2149,-1735000.0,5818000.0,BALANCED,-15.3717
2018-11-13,DIG,DIG,0.0,31.46,-0.0484,-68518000.0,0.0,0.0,-0.2149,-1735000.0,3801000.0,BALANCED,-15.3717
2018-11-14,DIG,DIG,0.0,31.37,-0.0029,-68518000.0,0.0,0.0,-0.3084,-1735000.0,3801000.0,BALANCED,-17.7103
2018-11-15,DIG,DIG,0.0,32.42,0.0335,-68518000.0,0.0,0.0,-0.4276,0.0,1842000.0,BALANCED,-10.69
2018-11-16,DIG,DIG,0.0,33.07,0.02,-68518000.0,0.0,0.0,-0.4276,0.0,-87000.0,BALANCED,-10.69
2018-11-19,DIG,DIG,0.0,32.97,-0.003,-68518000.0,0.0,0.0,-0.4276,0.0,-87000.0,BALANCED,-10.69
2018-11-20,DIG,DIG,1537000.0,30.74,-0.0676,-66981000.0,1537000.0,0.0,1.1474,1537000.0,1450000.0,BALANCED,40.6846
2018-11-21,DIG,DIG,1587000.0,31.74,0.0325,-65394000.0,1587000.0,0.0,1.2552,3124000.0,3037000.0,BALANCED,45.3812
2018-11-23,DIG,DIG,1485000.0,29.69,-0.0646,-63909000.0,1485000.0,0.0,1.0723,4609000.0,4522000.0,BALANCED,42.8087
2018-11-26,DIG,DIG,0.0,30.7,0.034,-63909000.0,0.0,0.0,-0.4621,4609000.0,2874000.0,BALANCED,-1.5523
2018-11-27,DIG,DIG,0.0,30.47,-0.0075,-63909000.0,0.0,0.0,-0.4102,4609000.0,2874000.0,BALANCED,-0.2562
2018-11-28,DIG,DIG,0.0,31.5,0.0338,-63909000.0,0.0,0.0,-0.3557,3072000.0,2874000.0,BALANCED,1.1077
2018-11-29,DIG,DIG,0.0,31.86,0.0114,-63909000.0,0.0,0.0,-0.3557,1485000.0,2874000.0,BALANCED,1.1077
2018-11-30,DIG,DIG,1580000.0,31.6,-0.0082,-62329000.0,1580000.0,0.0,1.7201,1580000.0,4454000.0,ACCUMULATION,55.0019
2018-12-03,DIG,DIG,0.0,33.09,0.0472,-62329000.0,0.0,0.0,-0.292,1580000.0,4454000.0,BALANCED,2.699
2018-12-04,DIG,DIG,0.0,31.11,-0.0598,-62329000.0,0.0,0.0,-0.292,1580000.0,4454000.0,BALANCED,2.699
2018-12-06,DIG,DIG,0.0,29.94,-0.0376,-62329000.0,0.0,0.0,-0.292,1580000.0,4454000.0,BALANCED,2.699
2018-12-07,DIG,DIG,0.0,29.6,-0.0114,-62329000.0,0.0,0.0,-0.292,1580000.0,4454000.0,BALANCED,2.699
2018-12-10,DIG,DIG,0.0,28.6,-0.0338,-62329000.0,0.0,0.0,-0.292,0.0,6189000.0,BALANCED,-7.301
2018-12-11,DIG,DIG,0.0,28.61,0.0004,-62329000.0,0.0,0.0,-0.2315,0.0,6189000.0,BALANCED,-5.7866
2018-12-12,DIG,DIG,0.0,28.81,0.007,-62329000.0,0.0,0.0,-0.2315,0.0,6189000.0,BALANCED,-5.7866
2018-12-13,DIG,DIG,0.0,28.99,0.0062,-62329000.0,0.0,0.0,-0.2315,0.0,6189000.0,BALANCED,-5.7866
2018-12-14,DIG,DIG,4128000.0,27.52,-0.0507,-58201000.0,4128000.0,0.0,3.9686,4128000.0,10317000.0,ACCUMULATION,100.0
2018-12-17,DIG,DIG,0.0,26.43,-0.0396,-58201000.0,0.0,0.0,-0.2955,4128000.0,10317000.0,BALANCED,2.6125
2018-12-18,DIG,DIG,0.0,25.2,-0.0465,-58201000.0,0.0,0.0,-0.2955,4128000.0,10317000.0,BALANCED,2.6125
2018-12-19,DIG,DIG,0.0,24.55,-0.0258,-58201000.0,0.0,0.0,-0.2955,4128000.0,10317000.0,BALANCED,2.6125
2018-12-20,DIG,DIG,4632000.0,23.16,-0.0566,-53569000.0,4632000.0,0.0,3.3549,8760000.0,13412000.0,ACCUMULATION,95.8716
2018-12-21,DIG,DIG,2261000.0,22.61,-0.0237,-51308000.0,2261000.0,0.0,1.3534,6893000.0,14086000.0,BALANCED,47.8353
2018-12-24,DIG,DIG,0.0,20.77,-0.0814,-51308000.0,0.0,0.0,-0.4694,6893000.0,12601000.0,BALANCED,-1.7345
2018-12-26,DIG,DIG,0.0,23.31,0.1812,-51308000.0,0.0,0.0,-0.4694,6893000.0,12601000.0,BALANCED,-1.7345
2018-12-27,DIG,DIG,0.0,23.57,0.0112,-51308000.0,0.0,0.0,-0.4694,6893000.0,12601000.0,BALANCED,-1.7345
2018-12-28,DIG,DIG,4626000.0,23.13,-0.0187,-46682000.0,4626000.0,0.0,2.74,6887000.0,17227000.0,ACCUMULATION,80.4997
2018-12-31,DIG,DIG,0.0,23.35,0.0095,-46682000.0,0.0,0.0,-0.5116,4626000.0,17227000.0,BALANCED,-2.7904
2019-01-02,DIG,DIG,0.0,24.32,0.0415,-46682000.0,0.0,0.0,-0.5116,4626000.0,15647000.0,BALANCED,-2.7904
2019-01-03,DIG,DIG,0.0,23.83,-0.0201,-46682000.0,0.0,0.0,-0.5116,4626000.0,15647000.0,BALANCED,-2.7904
2019-01-04,DIG,DIG,0.0,25.59,0.0739,-46682000.0,0.0,0.0,-0.5116,4626000.0,15647000.0,BALANCED,-2.7904
2019-01-07,DIG,DIG,-1318000.0,26.36,0.0301,-48000000.0,0.0,-1318000.0,-1.3346,-1318000.0,14329000.0,BALANCED,-45.3648
2019-01-08,DIG,DIG,0.0,26.84,0.0182,-48000000.0,0.0,0.0,-0.3986,-1318000.0,14329000.0,BALANCED,-19.9648
2019-01-09,DIG,DIG,0.0,27.67,0.0309,-48000000.0,0.0,0.0,-0.3662,-1318000.0,14329000.0,BALANCED,-19.1557
2019-01-10,DIG,DIG,0.0,27.83,0.0058,-48000000.0,0.0,0.0,-0.3662,-1318000.0,14329000.0,BALANCED,-19.1557
2019-01-11,DIG,DIG,0.0,27.45,-0.0137,-48000000.0,0.0,0.0,-0.3662,-1318000.0,14329000.0,BALANCED,-19.1557
2019-01-14,DIG,DIG,-1368000.0,27.36,-0.0033,-49368000.0,0.0,-1368000.0,-1.2465,-1368000.0,12961000.0,BALANCED,-43.1627
2019-01-15,DIG,DIG,0.0,27.56,0.0073,-49368000.0,0.0,0.0,-0.3261,-1368000.0,8833000.0,BALANCED,-18.1527
2019-01-16,DIG,DIG,0.0,27.49,-0.0025,-49368000.0,0.0,0.0,-0.2931,-1368000.0,8833000.0,BALANCED,-17.327
2019-01-17,DIG,DIG,0.0,28.0,0.0186,-49368000.0,0.0,0.0,-0.2931,-1368000.0,8833000.0,BALANCED,-17.327
2019-01-18,DIG,DIG,0.0,29.07,0.0382,-49368000.0,0.0,0.0,-0.2931,-1368000.0,8833000.0,BALANCED,-17.327
2019-01-22,DIG,DIG,0.0,27.7,-0.0471,-49368000.0,0.0,0.0,-0.2931,0.0,4201000.0,BALANCED,-7.327
2019-01-23,DIG,DIG,0.0,27.12,-0.0209,-49368000.0,0.0,0.0,-0.2931,0.0,1940000.0,BALANCED,-7.327
2019-01-24,DIG,DIG,0.0,27.45,0.0122,-49368000.0,0.0,0.0,-0.2931,0.0,1940000.0,BALANCED,-7.327
2019-01-25,DIG,DIG,0.0,28.16,0.0259,-49368000.0,0.0,0.0,-0.2931,0.0,1940000.0,BALANCED,-7.327
2019-01-28,DIG,DIG,-1378000.0,27.56,-0.0213,-50746000.0,0.0,-1378000.0,-1.169,-1378000.0,562000.0,BALANCED,-41.2246
2019-01-29,DIG,DIG,0.0,27.74,0.0065,-50746000.0,0.0,0.0,-0.2558,-1378000.0,-4064000.0,BALANCED,-16.3962
2019-01-30,DIG,DIG,0.0,28.54,0.0288,-50746000.0,0.0,0.0,-0.1863,-1378000.0,-4064000.0,BALANCED,-14.6564
2019-01-31,DIG,DIG,0.0,28.82,0.0098,-50746000.0,0.0,0.0,-0.1863,-1378000.0,-4064000.0,BALANCED,-14.6564
2019-02-01,DIG,DIG,0.0,29.81,0.0344,-50746000.0,0.0,0.0,-0.1863,-1378000.0,-4064000.0,BALANCED,-14.6564
2019-02-04,DIG,DIG,0.0,29.95,0.0047,-50746000.0,0.0,0.0,-0.1863,0.0,-4064000.0,BALANCED,-4.6564
2019-02-05,DIG,DIG,0.0,29.97,0.0007,-50746000.0,0.0,0.0,-0.0899,0.0,-2746000.0,BALANCED,-2.2482
2019-02-06,DIG,DIG,0.0,29.5,-0.0157,-50746000.0,0.0,0.0,-0.0195,0.0,-2746000.0,BALANCED,-0.4863
2019-02-07,DIG,DIG,0.0,28.18,-0.0447,-50746000.0,0.0,0.0,-0.0195,0.0,-2746000.0,BALANCED,-0.4863
2019-02-08,DIG,DIG,0.0,27.92,-0.0092,-50746000.0,0.0,0.0,-0.0195,0.0,-2746000.0,BALANCED,-0.4863
2019-02-11,DIG,DIG,0.0,28.21,0.0104,-50746000.0,0.0,0.0,-0.0195,0.0,-2746000.0,BALANCED,-0.4863
2019-02-12,DIG,DIG,0.0,28.94,0.0259,-50746000.0,0.0,0.0,0.3277,0.0,-1378000.0,BALANCED,8.1916
2019-02-13,DIG,DIG,0.0,29.68,0.0256,-50746000.0,0.0,0.0,0.3277,0.0,-1378000.0,BALANCED,8.1916
2019-02-14,DIG,DIG,-1493000.0,29.87,0.0064,-52239000.0,0.0,-1493000.0,-2.7193,-1493000.0,-2871000.0,DISTRIBUTION,-79.983
2019-02-15,DIG,DIG,0.0,30.88,0.0338,-52239000.0,0.0,0.0,0.3852,-1493000.0,-2871000.0,BALANCED,-0.3708
2019-02-19,DIG,DIG,0.0,31.09,0.0068,-52239000.0,0.0,0.0,0.3852,-1493000.0,-2871000.0,BALANCED,-0.3708
2019-02-20,DIG,DIG,0.0,31.34,0.008,-52239000.0,0.0,0.0,0.3274,-1493000.0,-2871000.0,BALANCED,-1.8141
2019-02-21,DIG,DIG,0.0,30.3,-0.0332,-52239000.0,0.0,0.0,0.3274,-1493000.0,-2871000.0,BALANCED,-1.8141
2019-02-22,DIG,DIG,0.0,30.5,0.0066,-52239000.0,0.0,0.0,0.3274,0.0,-2871000.0,BALANCED,8.1859
2019-02-25,DIG,DIG,0.0,30.57,0.0023,-52239000.0,0.0,0.0,0.3274,0.0,-2871000.0,BALANCED,8.1859
2019-02-26,DIG,DIG,0.0,30.28,-0.0095,-52239000.0,0.0,0.0,0.3274,0.0,-1493000.0,BALANCED,8.1859
2019-02-27,DIG,DIG,0.0,30.53,0.0083,-52239000.0,0.0,0.0,0.2625,0.0,-1493000.0,BALANCED,6.5636
2019-02-28,DIG,DIG,-1495000.0,29.9,-0.0206,-53734000.0,0.0,-1495000.0,-3.0365,-1495000.0,-2988000.0,DISTRIBUTION,-87.913
2019-03-01,DIG,DIG,0.0,31.0,0.0368,-53734000.0,0.0,0.0,0.3275,-1495000.0,-2988000.0,BALANCED,-1.8132
2019-03-04,DIG,DIG,0.0,31.16,0.0052,-53734000.0,0.0,0.0,0.3275,-1495000.0,-2988000.0,BALANCED,-1.8132
2019-03-05,DIG,DIG,0.0,30.97,-0.0061,-53734000.0,0.0,0.0,0.3275,-1495000.0,-2988000.0,BALANCED,-1.8132
2019-03-06,DIG,DIG,0.0,30.1,-0.0281,-53734000.0,0.0,0.0,0.3275,-1495000.0,-2988000.0,BALANCED,-1.8132
2019-03-07,DIG,DIG,0.0,29.77,-0.011,-53734000.0,0.0,0.0,0.3275,0.0,-2988000.0,BALANCED,8.1868
2019-03-08,DIG,DIG,0.0,28.6,-0.0393,-53734000.0,0.0,0.0,0.3275,0.0,-2988000.0,BALANCED,8.1868
2019-03-11,DIG,DIG,0.0,29.53,0.0325,-53734000.0,0.0,0.0,0.3275,0.0,-2988000.0,BALANCED,8.1868
2019-03-12,DIG,DIG,0.0,29.96,0.0146,-53734000.0,0.0,0.0,0.2628,0.0,-2988000.0,BALANCED,6.5692
2019-03-13,DIG,DIG,0.0,30.63,0.0224,-53734000.0,0.0,0.0,0.2628,0.0,-2988000.0,BALANCED,6.5692
2019-03-14,DIG,DIG,0.0,30.66,0.001,-53734000.0,0.0,0.0,0.2628,0.0,-2988000.0,BALANCED,6.5692
2019-03-15,DIG,DIG,0.0,30.58,-0.0026,-53734000.0,0.0,0.0,0.2628,0.0,-1495000.0,BALANCED,6.5692
2019-03-18,DIG,DIG,0.0,31.48,0.0294,-53734000.0,0.0,0.0,0.2628,0.0,-1495000.0,BALANCED,6.5692
2019-03-19,DIG,DIG,0.0,31.26,-0.007,-53734000.0,0.0,0.0,0.2628,0.0,-1495000.0,BALANCED,6.5692
2019-03-20,DIG,DIG,0.0,31.7,0.0681,-53734000.0,0.0,0.0,0.2628,0.0,-1495000.0,BALANCED,6.5692
2019-03-21,DIG,DIG,-1607000.0,32.14,0.0139,-55341000.0,0.0,-1607000.0,-3.1087,-1607000.0,-3102000.0,DISTRIBUTION,-89.717
2019-03-22,DIG,DIG,0.0,30.35,-0.0557,-55341000.0,0.0,0.0,0.3275,-1607000.0,-3102000.0,BALANCED,-1.8122
2019-03-25,DIG,DIG,0.0,30.35,0.0,-55341000.0,0.0,0.0,0.3275,-1607000.0,-3102000.0,BALANCED,-1.8122
2019-03-26,DIG,DIG,-1560000.0,31.21,0.0283,-56901000.0,0.0,-1560000.0,-2.5452,-3167000.0,-4662000.0,DISTRIBUTION,-75.6297
2019-03-27,DIG,DIG,0.0,30.79,-0.0135,-56901000.0,0.0,0.0,0.3854,-3167000.0,-4662000.0,BALANCED,-0.3644
2019-03-28,DIG,DIG,0.0,31.03,0.0078,-56901000.0,0.0,0.0,0.3854,-1560000.0,-3167000.0,BALANCED,-0.3644
2019-03-29,DIG,DIG,0.0,30.97,-0.0019,-56901000.0,0.0,0.0,0.3276,-1560000.0,-3167000.0,BALANCED,-1.8107
2019-04-01,DIG,DIG,0.0,31.8,0.0268,-56901000.0,0.0,0.0,0.3276,-1560000.0,-3167000.0,BALANCED,-1.8107
2019-04-02,DIG,DIG,0.0,31.35,-0.0142,-56901000.0,0.0,0.0,0.3276,0.0,-3167000.0,BALANCED,8.1893
2019-04-03,DIG,DIG,0.0,30.67,-0.0217,-56901000.0,0.0,0.0,0.3276,0.0,-3167000.0,BALANCED,8.1893
2019-04-04,DIG,DIG,0.0,31.21,0.0176,-56901000.0,0.0,0.0,0.3276,0.0,-3167000.0,BALANCED,8.1893
2019-04-05,DIG,DIG,0.0,32.31,0.0352,-56901000.0,0.0,0.0,0.3276,0.0,-3167000.0,BALANCED,8.1893
2019-04-08,DIG,DIG,0.0,32.61,0.0093,-56901000.0,0.0,0.0,0.3276,0.0,-3167000.0,BALANCED,8.1893
2019-04-09,DIG,DIG,-1588000.0,31.76,-0.0261,-58489000.0,0.0,-1588000.0,-2.5528,-1588000.0,-4755000.0,DISTRIBUTION,-75.8194
2019-04-10,DIG,DIG,-1602000.0,32.05,0.0091,-60091000.0,0.0,-1602000.0,-2.2506,-3190000.0,-6357000.0,DISTRIBUTION,-70.2662
2019-04-11,DIG,DIG,0.0,32.01,-0.0012,-60091000.0,0.0,0.0,0.3856,-3190000.0,-6357000.0,BALANCED,-0.3597
2019-04-12,DIG,DIG,0.0,32.21,0.0062,-60091000.0,0.0,0.0,0.3856,-3190000.0,-6357000.0,BALANCED,-0.3597
2019-04-15,DIG,DIG,0.0,31.82,-0.0121,-60091000.0,0.0,0.0,0.3856,-3190000.0,-6357000.0,BALANCED,-0.3597
2019-04-16,DIG,DIG,0.0,32.22,0.0126,-60091000.0,0.0,0.0,0.3856,-1602000.0,-6357000.0,BALANCED,-0.3597
2019-04-17,DIG,DIG,-1606000.0,32.12,-0.0031,-61697000.0,0.0,-1606000.0,-2.2205,-1606000.0,-7963000.0,DISTRIBUTION,-67.5129
2019-04-18,DIG,DIG,0.0,31.77,-0.0109,-61697000.0,0.0,0.0,0.4397,-1606000.0,-6356000.0,BALANCED,0.9916
2019-04-22,DIG,DIG,0.0,33.14,0.0431,-61697000.0,0.0,0.0,0.4397,-1606000.0,-6356000.0,BALANCED,0.9916
2019-04-23,DIG,DIG,0.0,33.17,0.0009,-61697000.0,0.0,0.0,0.4397,-1606000.0,-6356000.0,BALANCED,0.9916
2019-04-24,DIG,DIG,0.0,31.94,-0.0371,-61697000.0,0.0,0.0,0.4397,-1606000.0,-4796000.0,BALANCED,0.9916
2019-04-25,DIG,DIG,0.0,31.66,-0.0088,-61697000.0,0.0,0.0,0.4397,0.0,-4796000.0,BALANCED,10.9916
2019-04-26,DIG,DIG,0.0,30.94,-0.0227,-61697000.0,0.0,0.0,0.4397,0.0,-4796000.0,BALANCED,10.9916
2019-04-29,DIG,DIG,0.0,30.8,-0.0045,-61697000.0,0.0,0.0,0.4397,0.0,-4796000.0,BALANCED,10.9916
2019-04-30,DIG,DIG,0.0,30.71,-0.0029,-61697000.0,0.0,0.0,0.4397,0.0,-4796000.0,BALANCED,10.9916
2019-05-01,DIG,DIG,0.0,29.36,-0.044,-61697000.0,0.0,0.0,0.4397,0.0,-4796000.0,BALANCED,10.9916
2019-05-02,DIG,DIG,0.0,28.32,-0.0354,-61697000.0,0.0,0.0,0.4397,0.0,-4796000.0,BALANCED,10.9916
2019-05-03,DIG,DIG,0.0,28.88,0.0198,-61697000.0,0.0,0.0,0.3856,0.0,-4796000.0,BALANCED,9.6403
2019-05-06,DIG,DIG,0.0,28.86,-0.0007,-61697000.0,0.0,0.0,0.3856,0.0,-4796000.0,BALANCED,9.6403
2019-05-07,DIG,DIG,0.0,28.48,-0.0132,-61697000.0,0.0,0.0,0.3856,0.0,-4796000.0,BALANCED,9.6403
2019-05-08,DIG,DIG,0.0,28.42,-0.0021,-61697000.0,0.0,0.0,0.3277,0.0,-3208000.0,BALANCED,8.1932
2019-05-09,DIG,DIG,0.0,28.43,0.0004,-61697000.0,0.0,0.0,0.3277,0.0,-1606000.0,BALANCED,8.1932
2019-05-10,DIG,DIG,0.0,28.7,0.0095,-61697000.0,0.0,0.0,0.3277,0.0,-1606000.0,BALANCED,8.1932
2019-05-13,DIG,DIG,0.0,27.72,-0.0341,-61697000.0,0.0,0.0,0.3277,0.0,-1606000.0,BALANCED,8.1932
2019-05-14,DIG,DIG,0.0,28.41,0.0249,-61697000.0,0.0,0.0,0.3277,0.0,-1606000.0,BALANCED,8.1932
2019-05-15,DIG,DIG,0.0,28.71,0.0106,-61697000.0,0.0,0.0,0.3277,0.0,-1606000.0,BALANCED,8.1932
2019-05-16,DIG,DIG,0.0,29.03,0.0111,-61697000.0,0.0,0.0,0.3277,0.0,0.0,BALANCED,8.1932
2019-05-17,DIG,DIG,0.0,28.37,-0.0227,-61697000.0,0.0,0.0,0.3277,0.0,0.0,BALANCED,8.1932
2019-05-20,DIG,DIG,0.0,28.35,-0.0007,-61697000.0,0.0,0.0,0.3277,0.0,0.0,BALANCED,8.1932
2019-05-21,DIG,DIG,0.0,29.0,0.0229,-61697000.0,0.0,0.0,0.3277,0.0,0.0,BALANCED,8.1932
2019-05-22,DIG,DIG,0.0,28.0,-0.0345,-61697000.0,0.0,0.0,0.2628,0.0,0.0,BALANCED,6.5692
2019-05-23,DIG,DIG,0.0,26.16,-0.0657,-61697000.0,0.0,0.0,0.1826,0.0,0.0,BALANCED,4.5644
2019-05-24,DIG,DIG,0.0,26.23,0.0027,-61697000.0,0.0,0.0,0.1826,0.0,0.0,BALANCED,4.5644
2019-05-28,DIG,DIG,0.0,25.63,-0.0229,-61697000.0,0.0,0.0,0.1826,0.0,0.0,BALANCED,4.5644
2019-05-29,DIG,DIG,0.0,25.37,-0.0101,-61697000.0,0.0,0.0,0.1826,0.0,0.0,BALANCED,4.5644
2019-05-30,DIG,DIG,-2472000.0,24.72,-0.0256,-64169000.0,0.0,-2472000.0,-4.4105,-2472000.0,-2472000.0,DISTRIBUTION,-100.0
2019-05-31,DIG,DIG,0.0,23.92,-0.0324,-64169000.0,0.0,0.0,0.1826,-2472000.0,-2472000.0,BALANCED,-5.4356
2019-06-03,DIG,DIG,0.0,24.58,0.0276,-64169000.0,0.0,0.0,0.1826,-2472000.0,-2472000.0,BALANCED,-5.4356
2019-06-04,DIG,DIG,0.0,25.45,0.0354,-64169000.0,0.0,0.0,0.1826,-2472000.0,-2472000.0,BALANCED,-5.4356
2019-06-05,DIG,DIG,0.0,24.82,-0.0248,-64169000.0,0.0,0.0,0.1826,-2472000.0,-2472000.0,BALANCED,-5.4356
2019-06-06,DIG,DIG,0.0,25.63,0.0326,-64169000.0,0.0,0.0,0.1826,0.0,-2472000.0,BALANCED,4.5644
2019-06-07,DIG,DIG,0.0,25.84,0.0082,-64169000.0,0.0,0.0,0.1826,0.0,-2472000.0,BALANCED,4.5644
2019-06-10,DIG,DIG,0.0,25.97,0.005,-64169000.0,0.0,0.0,0.1826,0.0,-2472000.0,BALANCED,4.5644
2019-06-11,DIG,DIG,0.0,26.03,0.0023,-64169000.0,0.0,0.0,0.1826,0.0,-2472000.0,BALANCED,4.5644
2019-06-12,DIG,DIG,0.0,25.18,-0.0327,-64169000.0,0.0,0.0,0.1826,0.0,-2472000.0,BALANCED,4.5644
2019-06-13,DIG,DIG,0.0,25.84,0.0262,-64169000.0,0.0,0.0,0.1826,0.0,-2472000.0,BALANCED,4.5644
2019-06-14,DIG,DIG,0.0,25.4,-0.017,-64169000.0,0.0,0.0,0.1826,0.0,-2472000.0,BALANCED,4.5644
2019-06-17,DIG,DIG,0.0,25.88,0.0189,-64169000.0,0.0,0.0,0.1826,0.0,-2472000.0,BALANCED,4.5644
2019-06-18,DIG,DIG,0.0,26.63,0.029,-64169000.0,0.0,0.0,0.1826,0.0,-2472000.0,BALANCED,4.5644
2019-06-19,DIG,DIG,0.0,26.52,-0.0041,-64169000.0,0.0,0.0,0.1826,0.0,-2472000.0,BALANCED,4.5644
2019-06-20,DIG,DIG,0.0,27.71,0.0449,-64169000.0,0.0,0.0,0.1826,0.0,-2472000.0,BALANCED,4.5644
2019-06-21,DIG,DIG,0.0,28.13,0.0152,-64169000.0,0.0,0.0,0.1826,0.0,-2472000.0,BALANCED,4.5644
2019-06-24,DIG,DIG,0.0,27.59,-0.0192,-64169000.0,0.0,0.0,0.1826,0.0,-2472000.0,BALANCED,4.5644
2019-06-25,DIG,DIG,0.0,26.94,0.0381,-64169000.0,0.0,0.0,0.1826,0.0,-2472000.0,BALANCED,4.5644
2019-06-26,DIG,DIG,0.0,27.82,0.0327,-64169000.0,0.0,0.0,0.1826,0.0,-2472000.0,BALANCED,4.5644
2019-06-27,DIG,DIG,0.0,27.39,-0.0155,-64169000.0,0.0,0.0,0.1826,0.0,0.0,BALANCED,4.5644
2019-06-28,DIG,DIG,0.0,28.08,0.0252,-64169000.0,0.0,0.0,0.1826,0.0,0.0,BALANCED,4.5644
2019-07-01,DIG,DIG,0.0,28.15,0.0025,-64169000.0,0.0,0.0,0.1826,0.0,0.0,BALANCED,4.5644
2019-07-02,DIG,DIG,0.0,27.11,-0.0369,-64169000.0,0.0,0.0,0.1826,0.0,0.0,BALANCED,4.5644
2019-07-03,DIG,DIG,0.0,27.4,0.0107,-64169000.0,0.0,0.0,0.1826,0.0,0.0,BALANCED,4.5644
2019-07-05,DIG,DIG,0.0,27.5,0.0036,-64169000.0,0.0,0.0,0.1826,0.0,0.0,BALANCED,4.5644
2019-07-08,DIG,DIG,0.0,27.5,0.0,-64169000.0,0.0,0.0,0.1826,0.0,0.0,BALANCED,4.5644
2019-07-09,DIG,DIG,0.0,27.54,0.0015,-64169000.0,0.0,0.0,0.1826,0.0,0.0,BALANCED,4.5644
2019-07-10,DIG,DIG,0.0,28.34,0.029,-64169000.0,0.0,0.0,0.1826,0.0,0.0,BALANCED,4.5644
2019-07-11,DIG,DIG,-1418000.0,28.37,0.0011,-65587000.0,0.0,-1418000.0,-2.5138,-1418000.0,-1418000.0,DISTRIBUTION,-74.8452
2019-07-12,DIG,DIG,0.0,28.57,0.007,-65587000.0,0.0,0.0,0.1826,-1418000.0,-1418000.0,BALANCED,-5.4356
2019-07-15,DIG,DIG,0.0,27.97,-0.021,-65587000.0,0.0,0.0,0.1826,-1418000.0,-1418000.0,BALANCED,-5.4356
2019-07-16,DIG,DIG,0.0,27.31,-0.0236,-65587000.0,0.0,0.0,0.1826,-1418000.0,-1418000.0,BALANCED,-5.4356
2019-07-17,DIG,DIG,0.0,26.62,-0.0253,-65587000.0,0.0,0.0,0.1826,-1418000.0,-1418000.0,BALANCED,-5.4356
2019-07-18,DIG,DIG,0.0,26.6,-0.0008,-65587000.0,0.0,0.0,0.1826,0.0,-1418000.0,BALANCED,4.5644
2019-07-19,DIG,DIG,0.0,26.88,0.0105,-65587000.0,0.0,0.0,0.1826,0.0,-1418000.0,BALANCED,4.5644
2019-07-22,DIG,DIG,0.0,27.12,0.0089,-65587000.0,0.0,0.0,0.1826,0.0,-1418000.0,BALANCED,4.5644
2019-07-23,DIG,DIG,0.0,27.28,0.0059,-65587000.0,0.0,0.0,0.1826,0.0,-1418000.0,BALANCED,4.5644
2019-07-24,DIG,DIG,0.0,27.51,0.0084,-65587000.0,0.0,0.0,0.1826,0.0,-1418000.0,BALANCED,4.5644
2019-07-25,DIG,DIG,0.0,26.79,-0.0262,-65587000.0,0.0,0.0,0.1826,0.0,-1418000.0,BALANCED,4.5644
2019-07-26,DIG,DIG,0.0,26.52,-0.0101,-65587000.0,0.0,0.0,0.1826,0.0,-1418000.0,BALANCED,4.5644
2019-07-29,DIG,DIG,0.0,26.28,-0.0091,-65587000.0,0.0,0.0,0.1826,0.0,-1418000.0,BALANCED,4.5644
2019-07-30,DIG,DIG,0.0,27.01,0.0278,-65587000.0,0.0,0.0,0.1826,0.0,-1418000.0,BALANCED,4.5644
2019-07-31,DIG,DIG,0.0,26.75,-0.0096,-65587000.0,0.0,0.0,0.1826,0.0,-1418000.0,BALANCED,4.5644
2019-08-01,DIG,DIG,0.0,25.38,-0.0512,-65587000.0,0.0,0.0,0.1826,0.0,-1418000.0,BALANCED,4.5644
2019-08-02,DIG,DIG,0.0,24.7,-0.0268,-65587000.0,0.0,0.0,0.1826,0.0,-1418000.0,BALANCED,4.5644
2019-08-05,DIG,DIG,0.0,23.19,-0.0611,-65587000.0,0.0,0.0,0.1826,0.0,-1418000.0,BALANCED,4.5644
2019-08-06,DIG,DIG,0.0,23.14,-0.0022,-65587000.0,0.0,0.0,0.1826,0.0,-1418000.0,BALANCED,4.5644
2019-08-07,DIG,DIG,0.0,22.8,-0.0147,-65587000.0,0.0,0.0,0.1826,0.0,-1418000.0,BALANCED,4.5644
2019-08-08,DIG,DIG,0.0,24.07,0.0557,-65587000.0,0.0,0.0,0.1826,0.0,0.0,BALANCED,4.5644
2019-08-09,DIG,DIG,2346000.0,23.46,-0.0253,-63241000.0,2346000.0,0.0,4.5566,2346000.0,2346000.0,ACCUMULATION,100.0
2019-08-12,DIG,DIG,0.0,22.93,-0.0226,-63241000.0,0.0,0.0,-0.0609,2346000.0,2346000.0,BALANCED,8.4779
2019-08-13,DIG,DIG,0.0,23.38,0.0196,-63241000.0,0.0,0.0,-0.0609,2346000.0,2346000.0,BALANCED,8.4779
2019-08-14,DIG,DIG,0.0,21.44,-0.083,-63241000.0,0.0,0.0,-0.0609,2346000.0,2346000.0,BALANCED,8.4779
2019-08-15,DIG,DIG,0.0,21.2,-0.0112,-63241000.0,0.0,0.0,-0.0609,2346000.0,2346000.0,BALANCED,8.4779
2019-08-16,DIG,DIG,1093000.0,21.86,0.0311,-62148000.0,1093000.0,0.0,1.8864,1093000.0,3439000.0,ACCUMULATION,59.1592
2019-08-19,DIG,DIG,0.0,22.85,0.0453,-62148000.0,0.0,0.0,-0.1239,1093000.0,3439000.0,BALANCED,6.9024
2019-08-20,DIG,DIG,0.0,22.43,-0.0184,-62148000.0,0.0,0.0,-0.1239,1093000.0,3439000.0,BALANCED,6.9024
2019-08-21,DIG,DIG,0.0,22.76,0.0147,-62148000.0,0.0,0.0,-0.1239,1093000.0,3439000.0,BALANCED,6.9024
2019-08-22,DIG,DIG,0.0,22.5,-0.0114,-62148000.0,0.0,0.0,-0.2459,1093000.0,3439000.0,BALANCED,3.8534
2019-08-23,DIG,DIG,0.0,20.93,-0.0698,-62148000.0,0.0,0.0,-0.2459,0.0,3439000.0,BALANCED,-6.1466
2019-08-26,DIG,DIG,0.0,21.12,0.0091,-62148000.0,0.0,0.0,-0.2459,0.0,3439000.0,BALANCED,-6.1466
2019-08-27,DIG,DIG,0.0,20.84,-0.0133,-62148000.0,0.0,0.0,-0.2459,0.0,3439000.0,BALANCED,-6.1466
2019-08-28,DIG,DIG,0.0,21.47,0.0302,-62148000.0,0.0,0.0,-0.2459,0.0,3439000.0,BALANCED,-6.1466
2019-08-29,DIG,DIG,0.0,22.13,0.0307,-62148000.0,0.0,0.0,-0.2459,0.0,3439000.0,BALANCED,-6.1466
2019-08-30,DIG,DIG,0.0,22.12,-0.0005,-62148000.0,0.0,0.0,-0.2459,0.0,3439000.0,BALANCED,-6.1466
2019-09-03,DIG,DIG,0.0,21.86,-0.0118,-62148000.0,0.0,0.0,-0.2459,0.0,3439000.0,BALANCED,-6.1466
2019-09-04,DIG,DIG,0.0,22.52,0.0302,-62148000.0,0.0,0.0,-0.2459,0.0,3439000.0,BALANCED,-6.1466
2019-09-05,DIG,DIG,0.0,23.13,0.0271,-62148000.0,0.0,0.0,-0.2459,0.0,3439000.0,BALANCED,-6.1466
2019-09-06,DIG,DIG,0.0,23.34,0.0091,-62148000.0,0.0,0.0,-0.2459,0.0,3439000.0,BALANCED,-6.1466
2019-09-09,DIG,DIG,0.0,24.32,0.042,-62148000.0,0.0,0.0,-0.2459,0.0,1093000.0,BALANCED,-6.1466
2019-09-10,DIG,DIG,0.0,24.92,0.0247,-62148000.0,0.0,0.0,-0.2459,0.0,1093000.0,BALANCED,-6.1466
2019-09-11,DIG,DIG,0.0,24.97,0.002,-62148000.0,0.0,0.0,-0.2459,0.0,1093000.0,BALANCED,-6.1466
2019-09-12,DIG,DIG,-1232000.0,24.64,-0.0132,-63380000.0,0.0,-1232000.0,-2.4774,-1232000.0,-139000.0,DISTRIBUTION,-73.9351
2019-09-13,DIG,DIG,0.0,25.04,0.0162,-63380000.0,0.0,0.0,-0.1396,-1232000.0,-139000.0,BALANCED,-13.4899
2019-09-16,DIG,DIG,0.0,26.88,0.0735,-63380000.0,0.0,0.0,-0.1396,-1232000.0,-1232000.0,BALANCED,-13.4899
2019-09-17,DIG,DIG,0.0,25.96,-0.0342,-63380000.0,0.0,0.0,-0.1396,-1232000.0,-1232000.0,BALANCED,-13.4899
2019-09-18,DIG,DIG,0.0,25.72,-0.0092,-63380000.0,0.0,0.0,-0.1396,-1232000.0,-1232000.0,BALANCED,-13.4899
2019-09-19,DIG,DIG,0.0,25.49,-0.0089,-63380000.0,0.0,0.0,-0.1396,0.0,-1232000.0,BALANCED,-3.4899
2019-09-20,DIG,DIG,0.0,25.53,0.0016,-63380000.0,0.0,0.0,-0.1396,0.0,-1232000.0,BALANCED,-3.4899
2019-09-23,DIG,DIG,0.0,25.58,0.002,-63380000.0,0.0,0.0,0.0152,0.0,-1232000.0,BALANCED,0.3788
2019-09-24,DIG,DIG,0.0,24.71,-0.034,-63380000.0,0.0,0.0,0.0152,0.0,-1232000.0,BALANCED,0.3788
2019-09-25,DIG,DIG,0.0,24.64,0.0679,-63380000.0,0.0,0.0,0.0152,0.0,-1232000.0,BALANCED,0.3788
2019-09-26,DIG,DIG,0.0,23.97,-0.0272,-63380000.0,0.0,0.0,0.0152,0.0,-1232000.0,BALANCED,0.3788
2019-09-27,DIG,DIG,0.0,23.94,-0.0013,-63380000.0,0.0,0.0,0.0152,0.0,-1232000.0,BALANCED,0.3788
2019-09-30,DIG,DIG,0.0,23.6,-0.0142,-63380000.0,0.0,0.0,0.1826,0.0,-1232000.0,BALANCED,4.5644
2019-10-01,DIG,DIG,0.0,22.52,-0.0458,-63380000.0,0.0,0.0,0.1826,0.0,-1232000.0,BALANCED,4.5644
2019-10-02,DIG,DIG,0.0,21.36,-0.0515,-63380000.0,0.0,0.0,0.1826,0.0,-1232000.0,BALANCED,4.5644
2019-10-03,DIG,DIG,2190000.0,21.9,0.0253,-61190000.0,2190000.0,0.0,4.6363,2190000.0,958000.0,ACCUMULATION,100.0
2019-10-04,DIG,DIG,0.0,22.16,0.0119,-61190000.0,0.0,0.0,-0.0686,2190000.0,958000.0,BALANCED,8.2849
2019-10-07,DIG,DIG,1086000.0,21.72,-0.0199,-60104000.0,1086000.0,0.0,2.0213,3276000.0,2044000.0,ACCUMULATION,62.532
2019-10-08,DIG,DIG,0.0,20.92,-0.0368,-60104000.0,0.0,0.0,-0.1353,3276000.0,2044000.0,BALANCED,6.6175
2019-10-09,DIG,DIG,0.0,21.36,0.021,-60104000.0,0.0,0.0,-0.1353,3276000.0,2044000.0,BALANCED,6.6175
2019-10-10,DIG,DIG,0.0,21.89,0.0248,-60104000.0,0.0,0.0,-0.1353,1086000.0,3276000.0,BALANCED,6.6175
2019-10-11,DIG,DIG,0.0,22.52,0.0288,-60104000.0,0.0,0.0,-0.1353,1086000.0,3276000.0,BALANCED,6.6175
2019-10-14,DIG,DIG,0.0,22.43,-0.004,-60104000.0,0.0,0.0,-0.1353,0.0,3276000.0,BALANCED,-3.3825
2019-10-15,DIG,DIG,0.0,22.61,0.008,-60104000.0,0.0,0.0,-0.1353,0.0,3276000.0,BALANCED,-3.3825
2019-10-16,DIG,DIG,0.0,21.98,-0.0279,-60104000.0,0.0,0.0,-0.1353,0.0,3276000.0,BALANCED,-3.3825
2019-10-17,DIG,DIG,-1100000.0,22.01,0.0014,-61204000.0,0.0,-1100000.0,-2.0689,-1100000.0,2176000.0,DISTRIBUTION,-63.7226
2019-10-18,DIG,DIG,0.0,21.76,-0.0114,-61204000.0,0.0,0.0,-0.0575,-1100000.0,2176000.0,BALANCED,-11.4384
2019-10-21,DIG,DIG,0.0,22.55,0.0363,-61204000.0,0.0,0.0,-0.0575,-1100000.0,2176000.0,BALANCED,-11.4384
2019-10-22,DIG,DIG,0.0,23.14,0.0262,-61204000.0,0.0,0.0,-0.0575,-1100000.0,2176000.0,BALANCED,-11.4384
2019-10-23,DIG,DIG,0.0,23.48,0.0147,-61204000.0,0.0,0.0,-0.0575,-1100000.0,2176000.0,BALANCED,-11.4384
2019-10-24,DIG,DIG,0.0,23.3,-0.0077,-61204000.0,0.0,0.0,-0.1473,0.0,2176000.0,BALANCED,-3.6836
2019-10-25,DIG,DIG,0.0,23.65,0.015,-61204000.0,0.0,0.0,-0.1473,0.0,2176000.0,BALANCED,-3.6836
2019-10-28,DIG,DIG,0.0,23.35,-0.0127,-61204000.0,0.0,0.0,-0.1473,0.0,2176000.0,BALANCED,-3.6836
2019-10-29,DIG,DIG,0.0,23.57,0.0094,-61204000.0,0.0,0.0,-0.1473,0.0,2176000.0,BALANCED,-3.6836
2019-10-30,DIG,DIG,0.0,22.58,-0.042,-61204000.0,0.0,0.0,-0.1473,0.0,2176000.0,BALANCED,-3.6836
2019-10-31,DIG,DIG,-1119000.0,22.38,-0.0089,-62323000.0,0.0,-1119000.0,-2.1446,-1119000.0,-1133000.0,DISTRIBUTION,-65.6145
2019-11-01,DIG,DIG,0.0,23.52,0.0509,-62323000.0,0.0,0.0,-0.0655,-1119000.0,-1133000.0,BALANCED,-11.6366
2019-11-04,DIG,DIG,0.0,24.97,0.0616,-62323000.0,0.0,0.0,-0.0655,-1119000.0,-2219000.0,BALANCED,-11.6366
2019-11-05,DIG,DIG,0.0,25.15,0.0072,-62323000.0,0.0,0.0,-0.0655,-1119000.0,-2219000.0,BALANCED,-11.6366
2019-11-06,DIG,DIG,-1199000.0,23.99,-0.0461,-63522000.0,0.0,-1199000.0,-2.0466,-2318000.0,-3418000.0,DISTRIBUTION,-63.1659
2019-11-07,DIG,DIG,0.0,24.74,0.0313,-63522000.0,0.0,0.0,0.0081,-1199000.0,-3418000.0,BALANCED,-9.7972
2019-11-08,DIG,DIG,0.0,24.51,-0.0093,-63522000.0,0.0,0.0,0.0081,-1199000.0,-3418000.0,BALANCED,-9.7972
2019-11-11,DIG,DIG,0.0,24.21,-0.0122,-63522000.0,0.0,0.0,0.0081,-1199000.0,-3418000.0,BALANCED,-9.7972
2019-11-12,DIG,DIG,0.0,23.92,-0.012,-63522000.0,0.0,0.0,0.0081,-1199000.0,-3418000.0,BALANCED,-9.7972
2019-11-13,DIG,DIG,0.0,23.66,-0.0109,-63522000.0,0.0,0.0,0.0081,0.0,-3418000.0,BALANCED,0.2028
2019-11-14,DIG,DIG,0.0,23.51,-0.0063,-63522000.0,0.0,0.0,0.1891,0.0,-2318000.0,BALANCED,4.7287
2019-11-15,DIG,DIG,0.0,23.93,0.0179,-63522000.0,0.0,0.0,0.1891,0.0,-2318000.0,BALANCED,4.7287
2019-11-18,DIG,DIG,0.0,23.28,-0.0272,-63522000.0,0.0,0.0,0.3275,0.0,-2318000.0,BALANCED,8.1868
2019-11-19,DIG,DIG,0.0,22.6,-0.0292,-63522000.0,0.0,0.0,0.3275,0.0,-2318000.0,BALANCED,8.1868
2019-11-20,DIG,DIG,0.0,23.06,0.0204,-63522000.0,0.0,0.0,0.3275,0.0,-2318000.0,BALANCED,8.1868
2019-11-21,DIG,DIG,-1190000.0,23.8,0.0321,-64712000.0,0.0,-1190000.0,-2.6,-1190000.0,-3508000.0,DISTRIBUTION,-76.999
2019-11-22,DIG,DIG,0.0,23.63,-0.0071,-64712000.0,0.0,0.0,0.3853,-1190000.0,-3508000.0,BALANCED,-0.3668
2019-11-25,DIG,DIG,0.0,23.74,0.0047,-64712000.0,0.0,0.0,0.3853,-1190000.0,-3508000.0,BALANCED,-0.3668
2019-11-26,DIG,DIG,0.0,23.24,-0.0211,-64712000.0,0.0,0.0,0.3853,-1190000.0,-3508000.0,BALANCED,-0.3668
2019-11-27,DIG,DIG,0.0,23.39,0.0065,-64712000.0,0.0,0.0,0.3853,-1190000.0,-3508000.0,BALANCED,-0.3668
2019-11-29,DIG,DIG,-1144000.0,22.89,-0.0214,-65856000.0,0.0,-1144000.0,-2.4583,-1144000.0,-3533000.0,DISTRIBUTION,-73.4568
2019-12-02,DIG,DIG,0.0,22.91,0.0009,-65856000.0,0.0,0.0,0.3855,-1144000.0,-3533000.0,BALANCED,-0.3634
2019-12-03,DIG,DIG,0.0,22.24,-0.0292,-65856000.0,0.0,0.0,0.3855,-1144000.0,-3533000.0,BALANCED,-0.3634
2019-12-04,DIG,DIG,0.0,22.95,0.0319,-65856000.0,0.0,0.0,0.3855,-1144000.0,-3533000.0,BALANCED,-0.3634
2019-12-05,DIG,DIG,0.0,22.7,-0.0109,-65856000.0,0.0,0.0,0.3855,-1144000.0,-2334000.0,BALANCED,-0.3634
2019-12-06,DIG,DIG,0.0,23.62,0.0405,-65856000.0,0.0,0.0,0.3855,0.0,-2334000.0,BALANCED,9.6366
2019-12-09,DIG,DIG,0.0,23.53,-0.0038,-65856000.0,0.0,0.0,0.3855,0.0,-2334000.0,BALANCED,9.6366
2019-12-10,DIG,DIG,0.0,23.62,0.0038,-65856000.0,0.0,0.0,0.3855,0.0,-2334000.0,BALANCED,9.6366
2019-12-11,DIG,DIG,0.0,23.55,-0.003,-65856000.0,0.0,0.0,0.3855,0.0,-2334000.0,BALANCED,9.6366
2019-12-12,DIG,DIG,0.0,24.5,0.0403,-65856000.0,0.0,0.0,0.3855,0.0,-2334000.0,BALANCED,9.6366
2019-12-13,DIG,DIG,0.0,24.07,-0.0176,-65856000.0,0.0,0.0,0.3277,0.0,-2334000.0,BALANCED,8.1914
2019-12-16,DIG,DIG,0.0,24.77,0.0291,-65856000.0,0.0,0.0,0.3277,0.0,-2334000.0,BALANCED,8.1914
2019-12-17,DIG,DIG,0.0,24.79,0.0008,-65856000.0,0.0,0.0,0.3277,0.0,-2334000.0,BALANCED,8.1914
2019-12-18,DIG,DIG,0.0,24.96,0.0069,-65856000.0,0.0,0.0,0.3277,0.0,-2334000.0,BALANCED,8.1914
2019-12-19,DIG,DIG,-1247000.0,24.95,-0.0004,-67103000.0,0.0,-1247000.0,-3.0939,-1247000.0,-3581000.0,DISTRIBUTION,-89.3467
2019-12-20,DIG,DIG,0.0,25.37,0.0168,-67103000.0,0.0,0.0,0.3275,-1247000.0,-2391000.0,BALANCED,-1.8124
2019-12-23,DIG,DIG,0.0,25.93,0.0221,-67103000.0,0.0,0.0,0.3275,-1247000.0,-2391000.0,BALANCED,-1.8124
2019-12-24,DIG,DIG,0.0,25.71,0.0623,-67103000.0,0.0,0.0,0.3275,-1247000.0,-2391000.0,BALANCED,-1.8124
2019-12-26,DIG,DIG,0.0,25.73,0.0005,-67103000.0,0.0,0.0,0.3275,-1247000.0,-2391000.0,BALANCED,-1.8124
2019-12-27,DIG,DIG,-1273000.0,25.47,-0.0102,-68376000.0,0.0,-1273000.0,-2.6459,-1273000.0,-3664000.0,DISTRIBUTION,-78.1468
2019-12-30,DIG,DIG,0.0,25.3,-0.0065,-68376000.0,0.0,0.0,0.3853,-1273000.0,-2520000.0,BALANCED,-0.3685
2019-12-31,DIG,DIG,0.0,25.63,0.0129,-68376000.0,0.0,0.0,0.3853,-1273000.0,-2520000.0,BALANCED,-0.3685
2020-01-02,DIG,DIG,0.0,26.04,0.0162,-68376000.0,0.0,0.0,0.3853,-1273000.0,-2520000.0,BALANCED,-0.3685
2020-01-03,DIG,DIG,0.0,25.9,-0.0053,-68376000.0,0.0,0.0,0.3853,-1273000.0,-2520000.0,BALANCED,-0.3685
2020-01-06,DIG,DIG,0.0,26.3,0.0152,-68376000.0,0.0,0.0,0.3853,0.0,-2520000.0,BALANCED,9.6315
2020-01-07,DIG,DIG,0.0,26.2,-0.0038,-68376000.0,0.0,0.0,0.3274,0.0,-2520000.0,BALANCED,8.1838
2020-01-08,DIG,DIG,0.0,25.23,-0.0369,-68376000.0,0.0,0.0,0.3274,0.0,-2520000.0,BALANCED,8.1838
2020-01-09,DIG,DIG,-1280000.0,25.59,0.0145,-69656000.0,0.0,-1280000.0,-2.6067,-1280000.0,-3800000.0,DISTRIBUTION,-77.1674
2020-01-10,DIG,DIG,0.0,25.27,-0.0127,-69656000.0,0.0,0.0,0.3852,-1280000.0,-3800000.0,BALANCED,-0.3698
2020-01-13,DIG,DIG,0.0,25.3,0.0011,-69656000.0,0.0,0.0,0.3852,-1280000.0,-3800000.0,BALANCED,-0.3698
2020-01-14,DIG,DIG,0.0,25.33,0.0012,-69656000.0,0.0,0.0,0.3277,-1280000.0,-3800000.0,BALANCED,-1.8073
2020-01-15,DIG,DIG,0.0,24.98,-0.0135,-69656000.0,0.0,0.0,0.3277,-1280000.0,-3800000.0,BALANCED,-1.8073
2020-01-16,DIG,DIG,0.0,25.04,0.0021,-69656000.0,0.0,0.0,0.3277,0.0,-3800000.0,BALANCED,8.1927
2020-01-17,DIG,DIG,0.0,24.7,-0.0133,-69656000.0,0.0,0.0,0.3277,0.0,-3800000.0,BALANCED,8.1927
2020-01-21,DIG,DIG,0.0,23.75,-0.0388,-69656000.0,0.0,0.0,0.3277,0.0,-2553000.0,BALANCED,8.1927
2020-01-22,DIG,DIG,0.0,23.3,-0.0189,-69656000.0,0.0,0.0,0.3277,0.0,-2553000.0,BALANCED,8.1927
2020-01-23,DIG,DIG,0.0,23.11,-0.0079,-69656000.0,0.0,0.0,0.3277,0.0,-2553000.0,BALANCED,8.1927
2020-01-24,DIG,DIG,0.0,22.56,-0.024,-69656000.0,0.0,0.0,0.3277,0.0,-2553000.0,BALANCED,8.1927
2020-01-27,DIG,DIG,0.0,21.29,-0.056,-69656000.0,0.0,0.0,0.3277,0.0,-2553000.0,BALANCED,8.1927
2020-01-28,DIG,DIG,0.0,21.5,0.0095,-69656000.0,0.0,0.0,0.3277,0.0,-1280000.0,BALANCED,8.1927
2020-01-29,DIG,DIG,0.0,21.02,-0.0221,-69656000.0,0.0,0.0,0.3277,0.0,-1280000.0,BALANCED,8.1927
2020-01-30,DIG,DIG,0.0,21.37,0.0165,-69656000.0,0.0,0.0,0.3277,0.0,-1280000.0,BALANCED,8.1927
2020-01-31,DIG,DIG,0.0,20.07,-0.0607,-69656000.0,0.0,0.0,0.3277,0.0,-1280000.0,BALANCED,8.1927
2020-02-03,DIG,DIG,0.0,19.55,-0.0258,-69656000.0,0.0,0.0,0.3277,0.0,-1280000.0,BALANCED,8.1927
2020-02-04,DIG,DIG,3930000.0,19.65,0.0051,-65726000.0,3930000.0,0.0,4.8446,3930000.0,2650000.0,ACCUMULATION,100.0
2020-02-05,DIG,DIG,0.0,21.12,0.0748,-65726000.0,0.0,0.0,-0.0573,3930000.0,2650000.0,BALANCED,8.5687
2020-02-06,DIG,DIG,0.0,20.64,-0.0229,-65726000.0,0.0,0.0,-0.0573,3930000.0,2650000.0,BALANCED,8.5687
2020-02-07,DIG,DIG,1016000.0,20.32,-0.0151,-64710000.0,1016000.0,0.0,1.1404,4946000.0,4946000.0,BALANCED,40.5104
2020-02-10,DIG,DIG,0.0,20.08,-0.0121,-64710000.0,0.0,0.0,-0.0972,4946000.0,4946000.0,BALANCED,7.5709
2020-02-11,DIG,DIG,0.0,20.52,0.022,-64710000.0,0.0,0.0,-0.1566,1016000.0,4946000.0,BALANCED,6.086
2020-02-12,DIG,DIG,0.0,21.08,0.0273,-64710000.0,0.0,0.0,-0.1566,1016000.0,4946000.0,BALANCED,6.086
2020-02-13,DIG,DIG,0.0,20.89,-0.009,-64710000.0,0.0,0.0,-0.1566,1016000.0,4946000.0,BALANCED,6.086
2020-02-14,DIG,DIG,0.0,20.68,-0.0101,-64710000.0,0.0,0.0,-0.1566,0.0,4946000.0,BALANCED,-3.914
2020-02-18,DIG,DIG,0.0,20.36,-0.0157,-64710000.0,0.0,0.0,-0.1566,0.0,4946000.0,BALANCED,-3.914
2020-02-19,DIG,DIG,0.0,20.89,0.026,-64710000.0,0.0,0.0,-0.1566,0.0,4946000.0,BALANCED,-3.914
2020-02-20,DIG,DIG,0.0,20.84,-0.0019,-64710000.0,0.0,0.0,-0.1566,0.0,4946000.0,BALANCED,-3.914
2020-02-21,DIG,DIG,0.0,20.28,-0.0272,-64710000.0,0.0,0.0,-0.1566,0.0,4946000.0,BALANCED,-3.914
2020-02-24,DIG,DIG,0.0,18.36,-0.0947,-64710000.0,0.0,0.0,-0.2243,0.0,4946000.0,BALANCED,-5.6086
2020-02-25,DIG,DIG,837000.0,16.75,-0.0879,-63873000.0,837000.0,0.0,0.8656,837000.0,5783000.0,BALANCED,33.6406
2020-02-26,DIG,DIG,2359000.0,15.73,-0.0608,-61514000.0,2359000.0,0.0,2.481,3196000.0,8142000.0,ACCUMULATION,76.0242
2020-02-27,DIG,DIG,0.0,13.98,-0.1109,-61514000.0,0.0,0.0,-0.3225,3196000.0,8142000.0,BALANCED,1.9365
2020-02-28,DIG,DIG,3590000.0,14.36,0.0269,-57924000.0,3590000.0,0.0,3.0919,6786000.0,11732000.0,ACCUMULATION,89.2973
2020-03-02,DIG,DIG,0.0,15.16,0.056,-57924000.0,0.0,0.0,-0.378,6786000.0,11732000.0,BALANCED,0.5505
2020-03-03,DIG,DIG,0.0,14.21,-0.0627,-57924000.0,0.0,0.0,-0.378,5949000.0,11732000.0,BALANCED,0.5505
2020-03-04,DIG,DIG,0.0,14.81,0.0418,-57924000.0,0.0,0.0,-0.378,3590000.0,7802000.0,BALANCED,0.5505
2020-03-05,DIG,DIG,0.0,13.71,-0.0739,-57924000.0,0.0,0.0,-0.378,3590000.0,7802000.0,BALANCED,0.5505
2020-03-06,DIG,DIG,4242000.0,12.12,-0.1159,-53682000.0,4242000.0,0.0,2.974,4242000.0,12044000.0,ACCUMULATION,86.3491
2020-03-09,DIG,DIG,357000.0,7.14,-0.4106,-53325000.0,357000.0,0.0,-0.1506,4599000.0,11385000.0,BALANCED,10.2339
2020-03-10,DIG,DIG,4328000.0,7.87,0.1015,-48997000.0,4328000.0,0.0,2.5677,8927000.0,15713000.0,ACCUMULATION,80.193
2020-03-11,DIG,DIG,1051000.0,7.01,-0.1092,-47946000.0,1051000.0,0.0,0.2317,9978000.0,16764000.0,BALANCED,23.7926
2020-03-12,DIG,DIG,3984000.0,5.31,-0.2423,-43962000.0,3984000.0,0.0,2.0507,13962000.0,20748000.0,ACCUMULATION,71.2665
2020-03-13,DIG,DIG,313000.0,6.26,0.1791,-43649000.0,313000.0,0.0,-0.3644,10033000.0,21061000.0,BALANCED,12.8906
2020-03-16,DIG,DIG,689000.0,4.59,-0.2668,-42960000.0,689000.0,0.0,-0.1329,10365000.0,21750000.0,BALANCED,20.6783
2020-03-17,DIG,DIG,0.0,4.63,0.0085,-42960000.0,0.0,0.0,-0.5886,6037000.0,21750000.0,BALANCED,-4.7156
2020-03-18,DIG,DIG,3980000.0,3.32,-0.2837,-38980000.0,3980000.0,0.0,2.0382,8966000.0,25730000.0,ACCUMULATION,62.956
2020-03-19,DIG,DIG,2829000.0,3.77,0.1373,-36151000.0,2829000.0,0.0,1.1925,7811000.0,28559000.0,BALANCED,43.8133
2020-03-20,DIG,DIG,4043000.0,3.85,0.0206,-32108000.0,4043000.0,0.0,1.7922,11541000.0,32602000.0,ACCUMULATION,60.8058
2020-03-23,DIG,DIG,1330000.0,3.33,-0.1362,-30778000.0,1330000.0,0.0,0.122,12182000.0,33932000.0,BALANCED,21.0494
2020-03-24,DIG,DIG,3514000.0,4.39,0.3208,-27264000.0,3514000.0,0.0,1.3547,15696000.0,36609000.0,BALANCED,53.8679
2020-03-25,DIG,DIG,1416000.0,4.72,0.0866,-25848000.0,1416000.0,0.0,0.0728,13132000.0,35666000.0,BALANCED,23.8207
2020-03-26,DIG,DIG,0.0,5.29,0.1198,-25848000.0,0.0,0.0,-0.7823,10303000.0,35666000.0,BALANCED,-9.5563
2020-03-27,DIG,DIG,914000.0,4.57,-0.1358,-24934000.0,914000.0,0.0,-0.2512,7174000.0,32990000.0,BALANCED,5.7202
2020-03-30,DIG,DIG,931000.0,4.65,0.0186,-24003000.0,931000.0,0.0,-0.2625,6775000.0,33921000.0,BALANCED,7.4373
2020-03-31,DIG,DIG,0.0,4.81,0.0336,-24003000.0,0.0,0.0,-0.8363,3261000.0,33921000.0,BALANCED,-10.9086
2020-04-01,DIG,DIG,1523000.0,4.35,-0.095,-22480000.0,1523000.0,0.0,0.072,3368000.0,35444000.0,BALANCED,13.7996
2020-04-02,DIG,DIG,4879000.0,5.14,0.1799,-17601000.0,4879000.0,0.0,1.9473,8247000.0,40323000.0,ACCUMULATION,62.6837
2020-04-03,DIG,DIG,0.0,5.0,-0.0268,-17601000.0,0.0,0.0,-0.9242,7333000.0,36081000.0,BALANCED,-13.1051
2020-04-06,DIG,DIG,1379000.0,5.52,0.104,-16222000.0,1379000.0,0.0,-0.1418,7781000.0,37103000.0,BALANCED,8.4557
2020-04-07,DIG,DIG,0.0,5.74,0.0407,-16222000.0,0.0,0.0,-0.9377,7781000.0,32775000.0,BALANCED,-13.4426
2020-04-08,DIG,DIG,0.0,6.52,0.1351,-16222000.0,0.0,0.0,-0.8821,6258000.0,31724000.0,BALANCED,-12.0522
2020-04-09,DIG,DIG,0.0,6.4,-0.018,-16222000.0,0.0,0.0,-0.8821,1379000.0,27740000.0,BALANCED,-12.0522
2020-04-13,DIG,DIG,2544000.0,6.36,-0.0065,-13678000.0,2544000.0,0.0,0.6371,3923000.0,29971000.0,BALANCED,27.9284
2020-04-14,DIG,DIG,1894000.0,6.31,-0.0073,-11784000.0,1894000.0,0.0,0.215,4438000.0,31176000.0,BALANCED,19.374
2020-04-15,DIG,DIG,1147000.0,5.73,-0.0917,-10637000.0,1147000.0,0.0,-0.2629,5585000.0,32323000.0,BALANCED,9.4266
2020-04-16,DIG,DIG,1056000.0,5.28,-0.0796,-9581000.0,1056000.0,0.0,-0.3453,6641000.0,29399000.0,BALANCED,9.3672
2020-04-17,DIG,DIG,2547000.0,6.37,0.2063,-7034000.0,2547000.0,0.0,0.5358,9188000.0,29117000.0,BALANCED,33.3955
2020-04-20,DIG,DIG,597000.0,5.97,-0.0628,-6437000.0,597000.0,0.0,-0.6415,7241000.0,25671000.0,BALANCED,5.9623
2020-04-21,DIG,DIG,29000.0,57.75,-0.032,-6408000.0,29000.0,0.0,-1.0003,5376000.0,24370000.0,BALANCED,-1.0073
2020-04-22,DIG,DIG,0.0,61.74,0.069,-6408000.0,0.0,0.0,-0.9673,4229000.0,20856000.0,BALANCED,-14.1827
2020-04-23,DIG,DIG,0.0,65.56,0.0619,-6408000.0,0.0,0.0,-0.9298,3173000.0,19440000.0,BALANCED,-13.2455
2020-04-24,DIG,DIG,0.0,65.9,0.0051,-6408000.0,0.0,0.0,-0.8781,626000.0,19440000.0,BALANCED,-11.9524
2020-04-27,DIG,DIG,0.0,68.67,0.0421,-6408000.0,0.0,0.0,-0.8658,29000.0,18526000.0,BALANCED,-11.6445
2020-04-28,DIG,DIG,0.0,71.72,0.0445,-6408000.0,0.0,0.0,-0.8412,0.0,17595000.0,BALANCED,-21.0299
2020-04-29,DIG,DIG,0.0,82.41,0.149,-6408000.0,0.0,0.0,-0.8412,0.0,17595000.0,BALANCED,-21.0299
2020-04-30,DIG,DIG,-79000.0,79.0,-0.0414,-6487000.0,0.0,-79000.0,-0.8489,-79000.0,15993000.0,BALANCED,-33.2225
2020-05-01,DIG,DIG,0.0,69.53,-0.1199,-6487000.0,0.0,0.0,-0.737,-79000.0,11114000.0,BALANCED,-28.4243
2020-05-04,DIG,DIG,0.0,74.58,0.0727,-6487000.0,0.0,0.0,-0.6988,-79000.0,11114000.0,BALANCED,-27.4712
2020-05-05,DIG,DIG,0.0,74.68,0.0014,-6487000.0,0.0,0.0,-0.6592,-79000.0,9735000.0,BALANCED,-26.48
2020-05-06,DIG,DIG,0.0,70.75,-0.0526,-6487000.0,0.0,0.0,-0.6158,-79000.0,9735000.0,BALANCED,-25.3943
2020-05-07,DIG,DIG,3712000.0,74.25,0.0494,-2775000.0,3712000.0,0.0,2.3598,3712000.0,13447000.0,ACCUMULATION,70.9951
2020-05-08,DIG,DIG,12131000.0,80.88,0.0893,9356000.0,12131000.0,0.0,4.5431,15843000.0,25578000.0,ACCUMULATION,100.0
2020-05-11,DIG,DIG,0.0,78.14,-0.0339,9356000.0,0.0,0.0,-0.4721,15843000.0,23034000.0,BALANCED,-1.8028
2020-05-12,DIG,DIG,0.0,75.29,-0.0364,9356000.0,0.0,0.0,-0.4576,15843000.0,21140000.0,BALANCED,-1.441
2020-05-13,DIG,DIG,0.0,68.66,-0.0881,9356000.0,0.0,0.0,-0.4576,15843000.0,19993000.0,BALANCED,-1.441
2020-05-14,DIG,DIG,0.0,69.99,0.0194,9356000.0,0.0,0.0,-0.4355,12131000.0,18937000.0,BALANCED,-0.8872
2020-05-15,DIG,DIG,0.0,69.74,-0.0036,9356000.0,0.0,0.0,-0.385,0.0,16390000.0,BALANCED,-9.6253
2020-05-18,DIG,DIG,0.0,80.86,0.1594,9356000.0,0.0,0.0,-0.385,0.0,15793000.0,BALANCED,-9.6253
2020-05-19,DIG,DIG,0.0,76.29,-0.0566,9356000.0,0.0,0.0,-0.3647,0.0,15764000.0,BALANCED,-9.1182
2020-05-20,DIG,DIG,0.0,82.15,0.0768,9356000.0,0.0,0.0,-0.3647,0.0,15764000.0,BALANCED,-9.1182
2020-05-21,DIG,DIG,-3989000.0,79.78,-0.0288,5367000.0,0.0,-3989000.0,-1.8865,-3989000.0,11775000.0,DISTRIBUTION,-59.1636
2020-05-22,DIG,DIG,0.0,78.88,-0.0113,5367000.0,0.0,0.0,-0.2883,-3989000.0,11775000.0,BALANCED,-17.2081
2020-05-26,DIG,DIG,0.0,83.45,0.058,5367000.0,0.0,0.0,-0.2565,-3989000.0,11775000.0,BALANCED,-16.4127
2020-05-27,DIG,DIG,0.0,85.22,0.0212,5367000.0,0.0,0.0,-0.2318,-3989000.0,11775000.0,BALANCED,-15.7962
2020-05-28,DIG,DIG,-4020000.0,80.39,-0.0566,1347000.0,0.0,-4020000.0,-1.6991,-8009000.0,7755000.0,DISTRIBUTION,-54.4785
2020-05-29,DIG,DIG,0.0,79.97,-0.0053,1347000.0,0.0,0.0,-0.1402,-4020000.0,7834000.0,BALANCED,-13.504
2020-06-01,DIG,DIG,0.0,82.73,0.0346,1347000.0,0.0,0.0,-0.1088,-4020000.0,7834000.0,BALANCED,-12.7212
2020-06-02,DIG,DIG,0.0,87.34,0.0557,1347000.0,0.0,0.0,-0.1011,-4020000.0,7834000.0,BALANCED,-12.5276
2020-06-03,DIG,DIG,0.0,92.71,0.0615,1347000.0,0.0,0.0,-0.1007,-4020000.0,7834000.0,BALANCED,-12.5181
2020-06-04,DIG,DIG,0.0,92.74,0.0004,1347000.0,0.0,0.0,-0.1007,0.0,7834000.0,BALANCED,-2.5181
2020-06-05,DIG,DIG,0.0,106.79,0.1515,1347000.0,0.0,0.0,-0.1007,0.0,4122000.0,BALANCED,-2.5181
2020-06-08,DIG,DIG,0.0,116.58,0.0917,1347000.0,0.0,0.0,-0.1007,0.0,-8009000.0,BALANCED,-2.5181
2020-06-09,DIG,DIG,0.0,107.73,-0.0759,1347000.0,0.0,0.0,-0.1007,0.0,-8009000.0,BALANCED,-2.5181
2020-06-10,DIG,DIG,0.0,96.97,-0.0998,1347000.0,0.0,0.0,-0.1007,0.0,-8009000.0,BALANCED,-2.5181
2020-06-11,DIG,DIG,0.0,78.73,-0.1881,1347000.0,0.0,0.0,-0.1007,0.0,-8009000.0,BALANCED,-2.5181
2020-06-12,DIG,DIG,0.0,83.02,0.0544,1347000.0,0.0,0.0,-0.1018,0.0,-8009000.0,BALANCED,-2.544
2020-06-15,DIG,DIG,0.0,83.4,0.0046,1347000.0,0.0,0.0,-0.1018,0.0,-8009000.0,BALANCED,-2.544
2020-06-16,DIG,DIG,0.0,88.13,0.0567,1347000.0,0.0,0.0,-0.1018,0.0,-8009000.0,BALANCED,-2.544
2020-06-17,DIG,DIG,0.0,82.25,-0.0667,1347000.0,0.0,0.0,-0.1018,0.0,-8009000.0,BALANCED,-2.544
2020-06-18,DIG,DIG,0.0,84.26,0.0244,1347000.0,0.0,0.0,-0.1018,0.0,-8009000.0,BALANCED,-2.544
2020-06-19,DIG,DIG,0.0,81.55,-0.0321,1347000.0,0.0,0.0,-0.0554,0.0,-4020000.0,BALANCED,-1.3839
2020-06-22,DIG,DIG,0.0,82.41,0.0105,1347000.0,0.0,0.0,0.2628,0.0,-4020000.0,BALANCED,6.5692
2020-06-23,DIG,DIG,0.0,82.46,0.0007,1347000.0,0.0,0.0,0.2628,0.0,-4020000.0,BALANCED,6.5692
2020-06-24,DIG,DIG,0.0,72.71,-0.1107,1347000.0,0.0,0.0,0.2628,0.0,-4020000.0,BALANCED,6.5692
2020-06-25,DIG,DIG,3774000.0,75.48,0.0381,5121000.0,3774000.0,0.0,3.1182,3774000.0,3774000.0,ACCUMULATION,89.9555
2020-06-26,DIG,DIG,3502000.0,70.03,-0.0721,8623000.0,3502000.0,0.0,2.4816,7276000.0,7276000.0,ACCUMULATION,76.0394
2020-06-29,DIG,DIG,0.0,72.19,0.0308,8623000.0,0.0,0.0,0.0172,7276000.0,7276000.0,BALANCED,10.4298
2020-06-30,DIG,DIG,0.0,75.42,0.0446,8623000.0,0.0,0.0,0.0172,7276000.0,7276000.0,BALANCED,10.4298
2020-07-01,DIG,DIG,0.0,71.68,-0.0496,8623000.0,0.0,0.0,0.0172,7276000.0,7276000.0,BALANCED,10.4298
2020-07-02,DIG,DIG,0.0,73.43,0.0244,8623000.0,0.0,0.0,0.0172,3502000.0,7276000.0,BALANCED,10.4298
2020-07-06,DIG,DIG,0.0,74.09,0.0091,8623000.0,0.0,0.0,-0.0899,0.0,7276000.0,BALANCED,-2.2463
2020-07-07,DIG,DIG,0.0,69.64,-0.0601,8623000.0,0.0,0.0,-0.0899,0.0,7276000.0,BALANCED,-2.2463
2020-07-08,DIG,DIG,0.0,69.57,-0.001,8623000.0,0.0,0.0,-0.0899,0.0,7276000.0,BALANCED,-2.2463
2020-07-09,DIG,DIG,0.0,62.92,-0.0956,8623000.0,0.0,0.0,-0.0899,0.0,7276000.0,BALANCED,-2.2463
2020-07-10,DIG,DIG,0.0,66.89,0.0631,8623000.0,0.0,0.0,-0.2626,0.0,7276000.0,BALANCED,-6.5643
2020-07-13,DIG,DIG,0.0,66.05,-0.0125,8623000.0,0.0,0.0,-0.2626,0.0,7276000.0,BALANCED,-6.5643
2020-07-14,DIG,DIG,0.0,70.79,0.0717,8623000.0,0.0,0.0,-0.2626,0.0,7276000.0,BALANCED,-6.5643
2020-07-15,DIG,DIG,0.0,73.65,0.0404,8623000.0,0.0,0.0,-0.2626,0.0,7276000.0,BALANCED,-6.5643
2020-07-16,DIG,DIG,0.0,72.91,-0.0101,8623000.0,0.0,0.0,-0.2626,0.0,7276000.0,BALANCED,-6.5643
2020-07-17,DIG,DIG,0.0,70.78,-0.0292,8623000.0,0.0,0.0,-0.2626,0.0,7276000.0,BALANCED,-6.5643
2020-07-20,DIG,DIG,0.0,68.35,-0.0343,8623000.0,0.0,0.0,-0.2626,0.0,7276000.0,BALANCED,-6.5643
2020-07-21,DIG,DIG,0.0,76.75,0.1229,8623000.0,0.0,0.0,-0.2626,0.0,7276000.0,BALANCED,-6.5643
2020-07-22,DIG,DIG,0.0,74.73,-0.0263,8623000.0,0.0,0.0,-0.2626,0.0,7276000.0,BALANCED,-6.5643
2020-07-23,DIG,DIG,0.0,74.58,-0.002,8623000.0,0.0,0.0,-0.2626,0.0,7276000.0,BALANCED,-6.5643
2020-07-24,DIG,DIG,0.0,73.64,-0.0126,8623000.0,0.0,0.0,-0.2626,0.0,3502000.0,BALANCED,-6.5643
2020-07-27,DIG,DIG,0.0,73.79,0.0021,8623000.0,0.0,0.0,-0.2626,0.0,0.0,BALANCED,-6.5643
2020-07-28,DIG,DIG,0.0,71.23,-0.0347,8623000.0,0.0,0.0,-0.2626,0.0,0.0,BALANCED,-6.5643
2020-07-29,DIG,DIG,0.0,74.28,0.0428,8623000.0,0.0,0.0,-0.2626,0.0,0.0,BALANCED,-6.5643
2020-07-30,DIG,DIG,0.0,68.61,-0.0763,8623000.0,0.0,0.0,-0.2626,0.0,0.0,BALANCED,-6.5643
2020-07-31,DIG,DIG,0.0,67.89,-0.0106,8623000.0,0.0,0.0,-0.2626,0.0,0.0,BALANCED,-6.5643
2020-08-03,DIG,DIG,0.0,68.44,0.0081,8623000.0,0.0,0.0,-0.2626,0.0,0.0,BALANCED,-6.5643
2020-08-04,DIG,DIG,0.0,71.88,0.0503,8623000.0,0.0,0.0,-0.2626,0.0,0.0,BALANCED,-6.5643
2020-08-05,DIG,DIG,0.0,73.49,0.0224,8623000.0,0.0,0.0,-0.2626,0.0,0.0,BALANCED,-6.5643
2020-08-06,DIG,DIG,0.0,72.42,-0.0145,8623000.0,0.0,0.0,-0.2626,0.0,0.0,BALANCED,-6.5643
2020-08-07,DIG,DIG,0.0,72.79,0.005,8623000.0,0.0,0.0,-0.1826,0.0,0.0,BALANCED,-4.5644
2020-08-10,DIG,DIG,0.0,77.28,0.0618,8623000.0,0.0,0.0,0.0,0.0,0.0,BALANCED,0.0
2020-08-11,DIG,DIG,0.0,76.66,-0.0081,8623000.0,0.0,0.0,0.0,0.0,0.0,BALANCED,0.0
2020-08-12,DIG,DIG,0.0,78.39,0.0225,8623000.0,0.0,0.0,0.0,0.0,0.0,BALANCED,0.0
2020-08-13,DIG,DIG,0.0,75.35,-0.0388,8623000.0,0.0,0.0,0.0,0.0,0.0,BALANCED,0.0
2020-08-14,DIG,DIG,0.0,76.88,0.0204,8623000.0,0.0,0.0,0.0,0.0,0.0,BALANCED,0.0
2020-08-17,DIG,DIG,0.0,76.02,-0.0112,8623000.0,0.0,0.0,0.0,0.0,0.0,BALANCED,0.0
2020-08-18,DIG,DIG,0.0,73.85,-0.0285,8623000.0,0.0,0.0,0.0,0.0,0.0,BALANCED,0.0
2020-08-19,DIG,DIG,0.0,72.21,-0.0222,8623000.0,0.0,0.0,0.0,0.0,0.0,BALANCED,0.0
2020-08-20,DIG,DIG,0.0,69.13,-0.0427,8623000.0,0.0,0.0,0.0,0.0,0.0,BALANCED,0.0
2020-08-21,DIG,DIG,0.0,68.15,-0.0143,8623000.0,0.0,0.0,0.0,0.0,0.0,BALANCED,0.0
2020-08-24,DIG,DIG,0.0,71.93,0.0555,8623000.0,0.0,0.0,0.0,0.0,0.0,BALANCED,0.0
2020-08-25,DIG,DIG,0.0,70.02,-0.0265,8623000.0,0.0,0.0,0.0,0.0,0.0,BALANCED,0.0
2020-08-26,DIG,DIG,0.0,66.86,-0.0452,8623000.0,0.0,0.0,0.0,0.0,0.0,BALANCED,0.0
2020-08-27,DIG,DIG,0.0,67.25,0.0058,8623000.0,0.0,0.0,0.0,0.0,0.0,BALANCED,0.0
2020-08-28,DIG,DIG,3485000.0,69.7,0.0364,12108000.0,3485000.0,0.0,5.2947,3485000.0,3485000.0,ACCUMULATION,100.0
2020-08-31,DIG,DIG,0.0,66.57,-0.0449,12108000.0,0.0,0.0,-0.1826,3485000.0,3485000.0,BALANCED,5.4356
2020-09-01,DIG,DIG,0.0,65.6,-0.0145,12108000.0,0.0,0.0,-0.1826,3485000.0,3485000.0,BALANCED,5.4356
2020-09-02,DIG,DIG,0.0,64.91,-0.0105,12108000.0,0.0,0.0,-0.1826,3485000.0,3485000.0,BALANCED,5.4356
2020-09-03,DIG,DIG,0.0,63.88,-0.0159,12108000.0,0.0,0.0,-0.1826,3485000.0,3485000.0,BALANCED,5.4356
2020-09-04,DIG,DIG,0.0,63.43,-0.007,12108000.0,0.0,0.0,-0.1826,0.0,3485000.0,BALANCED,-4.5644
2020-09-08,DIG,DIG,0.0,58.52,-0.0774,12108000.0,0.0,0.0,-0.1826,0.0,3485000.0,BALANCED,-4.5644
2020-09-09,DIG,DIG,-23000.0,59.23,0.0121,12085000.0,0.0,-23000.0,-0.2175,-23000.0,3462000.0,BALANCED,-17.4366
2020-09-10,DIG,DIG,0.0,54.93,-0.0726,12085000.0,0.0,0.0,-0.1813,-23000.0,3462000.0,BALANCED,-14.5331
2020-09-11,DIG,DIG,0.0,55.17,0.0044,12085000.0,0.0,0.0,-0.1813,-23000.0,3462000.0,BALANCED,-14.5331
2020-09-14,DIG,DIG,0.0,55.97,0.0145,12085000.0,0.0,0.0,-0.1813,-23000.0,3462000.0,BALANCED,-14.5331
2020-09-15,DIG,DIG,2755000.0,55.1,-0.0155,14840000.0,2755000.0,0.0,3.1944,2732000.0,6217000.0,ACCUMULATION,91.8603
2020-09-16,DIG,DIG,0.0,59.6,0.0817,14840000.0,0.0,0.0,-0.2598,2755000.0,6217000.0,BALANCED,3.5042
2020-09-17,DIG,DIG,23000.0,59.68,0.0013,14863000.0,23000.0,0.0,-0.232,2778000.0,6240000.0,BALANCED,6.1997
2020-09-18,DIG,DIG,-22000.0,58.28,-0.0234,14841000.0,0.0,-22000.0,-0.2875,2756000.0,6218000.0,BALANCED,0.8137
2020-09-21,DIG,DIG,0.0,54.54,-0.0642,14841000.0,0.0,0.0,-0.2599,2756000.0,6218000.0,BALANCED,3.5033
2020-09-22,DIG,DIG,2674000.0,53.47,-0.0196,17515000.0,2674000.0,0.0,2.6,2675000.0,8892000.0,ACCUMULATION,76.9993
2020-09-23,DIG,DIG,0.0,48.12,-0.0887,17515000.0,0.0,0.0,-0.3241,2675000.0,8892000.0,BALANCED,1.897
2020-09-24,DIG,DIG,2412000.0,48.23,0.0023,19927000.0,2412000.0,0.0,2.0549,5064000.0,11304000.0,ACCUMULATION,63.3736
2020-09-25,DIG,DIG,0.0,48.2,-0.0006,19927000.0,0.0,0.0,-0.3805,5086000.0,11304000.0,BALANCED,0.4886
2020-09-28,DIG,DIG,0.0,50.47,0.0471,19927000.0,0.0,0.0,-0.3805,5086000.0,7819000.0,BALANCED,0.4886
2020-09-29,DIG,DIG,0.0,47.79,-0.0531,19927000.0,0.0,0.0,-0.3805,2412000.0,7819000.0,BALANCED,0.4886
2020-09-30,DIG,DIG,0.0,47.46,-0.0069,19927000.0,0.0,0.0,-0.3805,2412000.0,7819000.0,BALANCED,0.4886
2020-10-01,DIG,DIG,0.0,44.59,-0.0605,19927000.0,0.0,0.0,-0.3805,0.0,7819000.0,BALANCED,-9.5114
2020-10-02,DIG,DIG,0.0,45.54,0.0213,19927000.0,0.0,0.0,-0.3805,0.0,7819000.0,BALANCED,-9.5114
2020-10-05,DIG,DIG,2416000.0,48.32,0.061,22343000.0,2416000.0,0.0,1.8569,2416000.0,10235000.0,ACCUMULATION,58.4214
2020-10-06,DIG,DIG,0.0,46.85,-0.0304,22343000.0,0.0,0.0,-0.4336,2416000.0,10235000.0,BALANCED,-0.839
2020-10-07,DIG,DIG,0.0,48.25,0.0299,22343000.0,0.0,0.0,-0.4336,2416000.0,10258000.0,BALANCED,-0.839
2020-10-08,DIG,DIG,0.0,51.87,0.075,22343000.0,0.0,0.0,-0.4336,2416000.0,10258000.0,BALANCED,-0.839
2020-10-09,DIG,DIG,0.0,50.3,-0.0303,22343000.0,0.0,0.0,-0.4336,2416000.0,10258000.0,BALANCED,-0.839
2020-10-12,DIG,DIG,0.0,50.63,0.0066,22343000.0,0.0,0.0,-0.3839,0.0,10258000.0,BALANCED,-9.5972
2020-10-13,DIG,DIG,0.0,49.16,-0.029,22343000.0,0.0,0.0,-0.3839,0.0,7503000.0,BALANCED,-9.5972
2020-10-14,DIG,DIG,0.0,49.47,0.0063,22343000.0,0.0,0.0,-0.3839,0.0,7503000.0,BALANCED,-9.5972
2020-10-15,DIG,DIG,0.0,50.69,0.0247,22343000.0,0.0,0.0,-0.3839,0.0,7480000.0,BALANCED,-9.5972
2020-10-16,DIG,DIG,0.0,48.48,-0.0436,22343000.0,0.0,0.0,-0.3839,0.0,7502000.0,BALANCED,-9.5972
2020-10-19,DIG,DIG,-2324000.0,46.48,-0.0413,20019000.0,0.0,-2324000.0,-2.5565,-2324000.0,5178000.0,DISTRIBUTION,-75.9132
2020-10-20,DIG,DIG,0.0,47.64,0.025,20019000.0,0.0,0.0,-0.2605,-2324000.0,2504000.0,BALANCED,-16.5131
2020-10-21,DIG,DIG,0.0,45.73,-0.0401,20019000.0,0.0,0.0,-0.2613,-2324000.0,2504000.0,BALANCED,-16.5334
2020-10-22,DIG,DIG,2474000.0,49.47,0.0818,22493000.0,2474000.0,0.0,1.9556,150000.0,2566000.0,ACCUMULATION,60.8911
2020-10-23,DIG,DIG,0.0,49.0,-0.0095,22493000.0,0.0,0.0,-0.319,150000.0,2566000.0,BALANCED,2.0257
2020-10-26,DIG,DIG,0.0,45.6,-0.0694,22493000.0,0.0,0.0,-0.319,2474000.0,2566000.0,BALANCED,2.0257
2020-10-27,DIG,DIG,0.0,44.43,-0.0257,22493000.0,0.0,0.0,-0.2579,2474000.0,2566000.0,BALANCED,3.5527
2020-10-28,DIG,DIG,0.0,40.87,-0.0801,22493000.0,0.0,0.0,-0.2579,2474000.0,2566000.0,BALANCED,3.5527
2020-10-29,DIG,DIG,2164000.0,43.28,0.059,24657000.0,2164000.0,0.0,1.7544,2164000.0,4730000.0,ACCUMULATION,55.8605
2020-10-30,DIG,DIG,0.0,43.55,0.0062,24657000.0,0.0,0.0,-0.3125,2164000.0,4730000.0,BALANCED,2.1882
2020-11-02,DIG,DIG,0.0,46.6,0.07,24657000.0,0.0,0.0,-0.3125,2164000.0,2314000.0,BALANCED,2.1882
2020-11-03,DIG,DIG,0.0,45.98,-0.0133,24657000.0,0.0,0.0,-0.2507,2164000.0,2314000.0,BALANCED,3.7335
2020-11-04,DIG,DIG,0.0,46.01,0.0007,24657000.0,0.0,0.0,-0.2507,2164000.0,2314000.0,BALANCED,3.7335
2020-11-05,DIG,DIG,0.0,46.13,0.0026,24657000.0,0.0,0.0,-0.184,0.0,2314000.0,BALANCED,-4.5997
2020-11-06,DIG,DIG,0.0,44.28,-0.0401,24657000.0,0.0,0.0,-0.184,0.0,2314000.0,BALANCED,-4.5997
2020-11-09,DIG,DIG,0.0,56.31,0.2717,24657000.0,0.0,0.0,-0.184,0.0,2314000.0,BALANCED,-4.5997
2020-11-10,DIG,DIG,0.0,59.65,0.0593,24657000.0,0.0,0.0,-0.184,0.0,2314000.0,BALANCED,-4.5997
2020-11-11,DIG,DIG,-2941000.0,58.83,-0.0137,21716000.0,0.0,-2941000.0,-2.9219,-2941000.0,-627000.0,DISTRIBUTION,-85.0469
2020-11-12,DIG,DIG,0.0,54.82,-0.0682,21716000.0,0.0,0.0,-0.0581,-2941000.0,-627000.0,BALANCED,-11.4517
2020-11-13,DIG,DIG,0.0,58.94,0.0752,21716000.0,0.0,0.0,-0.0581,-2941000.0,-627000.0,BALANCED,-11.4517
2020-11-16,DIG,DIG,0.0,66.31,0.125,21716000.0,0.0,0.0,0.0226,-2941000.0,1697000.0,BALANCED,-9.4355
2020-11-17,DIG,DIG,-3382000.0,67.64,0.0201,18334000.0,0.0,-3382000.0,-2.9254,-6323000.0,-1685000.0,DISTRIBUTION,-85.1355
2020-11-18,DIG,DIG,0.0,63.94,-0.0547,18334000.0,0.0,0.0,0.1203,-3382000.0,-1685000.0,BALANCED,-6.9913
2020-11-19,DIG,DIG,0.0,66.05,0.033,18334000.0,0.0,0.0,0.1203,-3382000.0,-4159000.0,BALANCED,-6.9913
2020-11-20,DIG,DIG,-3266000.0,65.32,-0.0111,15068000.0,0.0,-3266000.0,-2.422,-6648000.0,-7425000.0,DISTRIBUTION,-72.5489
2020-11-23,DIG,DIG,0.0,74.4,0.139,15068000.0,0.0,0.0,0.1943,-6648000.0,-7425000.0,BALANCED,-5.1437
2020-11-24,DIG,DIG,0.0,81.93,0.1012,15068000.0,0.0,0.0,0.1943,-3266000.0,-7425000.0,BALANCED,-5.1437
2020-11-27,DIG,DIG,-3815000.0,76.31,-0.0686,11253000.0,0.0,-3815000.0,-2.4486,-7081000.0,-11240000.0,DISTRIBUTION,-73.2158
2020-11-30,DIG,DIG,0.0,68.2,-0.1063,11253000.0,0.0,0.0,0.2627,-7081000.0,-13404000.0,BALANCED,-3.4319
2020-12-01,DIG,DIG,-3436000.0,68.73,0.0078,7817000.0,0.0,-3436000.0,-1.9524,-7251000.0,-16840000.0,DISTRIBUTION,-60.8109
2020-12-02,DIG,DIG,0.0,72.92,0.061,7817000.0,0.0,0.0,0.2761,-7251000.0,-16840000.0,BALANCED,-3.0987
2020-12-03,DIG,DIG,0.0,74.43,0.0207,7817000.0,0.0,0.0,0.2761,-7251000.0,-16840000.0,BALANCED,-3.0987
2020-12-04,DIG,DIG,0.0,82.41,0.1072,7817000.0,0.0,0.0,0.2761,-3436000.0,-16840000.0,BALANCED,-3.0987
2020-12-09,DIG,DIG,0.0,81.25,-0.0141,7817000.0,0.0,0.0,0.3565,-3436000.0,-16840000.0,BALANCED,-1.0884
2020-12-10,DIG,DIG,0.0,86.09,0.0596,7817000.0,0.0,0.0,0.3565,0.0,-16840000.0,BALANCED,8.9116
2020-12-11,DIG,DIG,0.0,84.11,-0.023,7817000.0,0.0,0.0,0.3565,0.0,-16840000.0,BALANCED,8.9116
2020-12-14,DIG,DIG,0.0,78.29,-0.0692,7817000.0,0.0,0.0,0.3565,0.0,-16840000.0,BALANCED,8.9116
2020-12-15,DIG,DIG,0.0,81.43,0.0401,7817000.0,0.0,0.0,0.3565,0.0,-13899000.0,BALANCED,8.9116
2020-12-16,DIG,DIG,0.0,80.72,-0.0087,7817000.0,0.0,0.0,0.4379,0.0,-13899000.0,BALANCED,10.9465
2020-12-17,DIG,DIG,0.0,79.79,-0.0115,7817000.0,0.0,0.0,0.4379,0.0,-13899000.0,BALANCED,10.9465
2020-12-18,DIG,DIG,3861000.0,77.22,-0.0322,11678000.0,3861000.0,0.0,2.8374,3861000.0,-10038000.0,ACCUMULATION,82.9346
2020-12-21,DIG,DIG,0.0,74.51,-0.0351,11678000.0,0.0,0.0,0.2859,3861000.0,-6656000.0,BALANCED,17.1475
2020-12-22,DIG,DIG,0.0,72.12,-0.0321,11678000.0,0.0,0.0,0.2859,3861000.0,-6656000.0,BALANCED,17.1475
2020-12-23,DIG,DIG,0.0,74.65,0.0427,11678000.0,0.0,0.0,0.2859,3861000.0,-6656000.0,BALANCED,17.1475
2020-12-24,DIG,DIG,0.0,73.72,-0.0125,11678000.0,0.0,0.0,0.2859,3861000.0,-3390000.0,BALANCED,17.1475
2020-12-28,DIG,DIG,0.0,72.8,-0.0125,11678000.0,0.0,0.0,0.2859,0.0,-3390000.0,BALANCED,7.1475
2020-12-29,DIG,DIG,0.0,71.88,-0.0126,11678000.0,0.0,0.0,0.2859,0.0,-3390000.0,BALANCED,7.1475
2020-12-30,DIG,DIG,0.0,74.28,0.0334,11678000.0,0.0,0.0,0.2326,0.0,425000.0,BALANCED,5.8149
2021-01-04,DIG,DIG,0.0,73.33,-0.0128,11678000.0,0.0,0.0,0.2326,0.0,425000.0,BALANCED,5.8149
2021-01-05,DIG,DIG,0.0,79.82,0.0885,11678000.0,0.0,0.0,0.2326,0.0,3861000.0,BALANCED,5.8149
2021-01-06,DIG,DIG,0.0,84.74,0.0616,11678000.0,0.0,0.0,0.2326,0.0,3861000.0,BALANCED,5.8149
2021-01-07,DIG,DIG,-4368000.0,87.36,0.0309,7310000.0,0.0,-4368000.0,-2.6327,-4368000.0,-507000.0,DISTRIBUTION,-77.8173
2021-01-08,DIG,DIG,0.0,87.01,-0.004,7310000.0,0.0,0.0,0.2418,-4368000.0,-507000.0,BALANCED,-3.9544
2021-01-11,DIG,DIG,0.0,89.87,0.0329,7310000.0,0.0,0.0,0.2418,-4368000.0,-507000.0,BALANCED,-3.9544
2021-01-12,DIG,DIG,0.0,96.05,0.0688,7310000.0,0.0,0.0,0.1823,-4368000.0,-507000.0,BALANCED,-5.4419
2021-01-13,DIG,DIG,0.0,94.5,-0.0161,7310000.0,0.0,0.0,0.1823,-4368000.0,-507000.0,BALANCED,-5.4419
2021-01-14,DIG,DIG,0.0,100.05,0.0587,7310000.0,0.0,0.0,0.1823,0.0,-507000.0,BALANCED,4.5581
2021-01-15,DIG,DIG,0.0,92.21,-0.0784,7310000.0,0.0,0.0,0.1052,0.0,-507000.0,BALANCED,2.6298
2021-01-19,DIG,DIG,-4790000.0,95.81,0.039,2520000.0,0.0,-4790000.0,-2.9778,-4790000.0,-5297000.0,DISTRIBUTION,-86.4447
2021-01-20,DIG,DIG,0.0,96.33,0.0054,2520000.0,0.0,0.0,0.1271,-4790000.0,-5297000.0,BALANCED,-6.8233
2021-01-21,DIG,DIG,0.0,90.05,-0.0652,2520000.0,0.0,0.0,0.1271,-4790000.0,-9158000.0,BALANCED,-6.8233
2021-01-22,DIG,DIG,0.0,89.17,-0.0098,2520000.0,0.0,0.0,0.1271,-4790000.0,-9158000.0,BALANCED,-6.8233
2021-01-25,DIG,DIG,17462000.0,87.31,-0.0209,19982000.0,17462000.0,0.0,4.8619,12672000.0,8304000.0,ACCUMULATION,100.0
2021-01-26,DIG,DIG,0.0,83.49,-0.0438,19982000.0,0.0,0.0,-0.1156,17462000.0,8304000.0,BALANCED,7.1104
2021-01-27,DIG,DIG,0.0,81.15,-0.028,19982000.0,0.0,0.0,-0.1156,17462000.0,8304000.0,BALANCED,7.1104
2021-01-28,DIG,DIG,-12495000.0,83.3,0.0265,7487000.0,0.0,-12495000.0,-2.9539,4967000.0,-4191000.0,DISTRIBUTION,-65.848
2021-01-29,DIG,DIG,0.0,77.98,-0.0639,7487000.0,0.0,0.0,0.0026,4967000.0,-4191000.0,BALANCED,10.0651
2021-02-01,DIG,DIG,0.0,79.11,0.0145,7487000.0,0.0,0.0,0.0026,-12495000.0,-4191000.0,BALANCED,-9.9349
2021-02-02,DIG,DIG,0.0,80.86,0.0221,7487000.0,0.0,0.0,0.0026,-12495000.0,-4191000.0,BALANCED,-9.9349
2021-02-03,DIG,DIG,4380000.0,87.59,0.0832,11867000.0,4380000.0,0.0,0.9868,-8115000.0,189000.0,BALANCED,16.6709
2021-02-04,DIG,DIG,0.0,89.32,0.0198,11867000.0,0.0,0.0,-0.0015,4380000.0,189000.0,BALANCED,9.9629
2021-02-05,DIG,DIG,0.0,90.95,0.0182,11867000.0,0.0,0.0,-0.0015,4380000.0,4557000.0,BALANCED,9.9629
2021-02-08,DIG,DIG,0.0,98.38,0.0817,11867000.0,0.0,0.0,-0.0015,4380000.0,4557000.0,BALANCED,9.9629
2021-02-09,DIG,DIG,0.0,96.28,-0.0213,11867000.0,0.0,0.0,-0.0015,4380000.0,4557000.0,BALANCED,9.9629
2021-02-10,DIG,DIG,0.0,99.84,0.037,11867000.0,0.0,0.0,-0.0015,0.0,4557000.0,BALANCED,-0.0371
2021-02-11,DIG,DIG,0.0,97.08,-0.0276,11867000.0,0.0,0.0,-0.0015,0.0,4557000.0,BALANCED,-0.0371
2021-02-12,DIG,DIG,0.0,99.77,0.0277,11867000.0,0.0,0.0,-0.0015,0.0,4557000.0,BALANCED,-0.0371
2021-02-16,DIG,DIG,0.0,104.84,0.0508,11867000.0,0.0,0.0,-0.0015,0.0,4557000.0,BALANCED,-0.0371
2021-02-17,DIG,DIG,0.0,107.71,0.0274,11867000.0,0.0,0.0,-0.0015,0.0,9347000.0,BALANCED,-0.0371
2021-02-18,DIG,DIG,0.0,102.5,-0.0484,11867000.0,0.0,0.0,-0.0015,0.0,9347000.0,BALANCED,-0.0371
2021-02-19,DIG,DIG,0.0,105.95,0.0337,11867000.0,0.0,0.0,-0.0015,0.0,9347000.0,BALANCED,-0.0371
2021-02-22,DIG,DIG,-5638000.0,112.76,0.0643,6229000.0,0.0,-5638000.0,-1.3043,-5638000.0,3709000.0,BALANCED,-44.6087
2021-02-23,DIG,DIG,0.0,116.46,0.0328,6229000.0,0.0,0.0,0.0084,-5638000.0,-13753000.0,BALANCED,-9.7903
2021-02-24,DIG,DIG,0.0,124.75,0.0712,6229000.0,0.0,0.0,0.0084,-5638000.0,-13753000.0,BALANCED,-9.7903
2021-02-25,DIG,DIG,0.0,119.64,-0.041,6229000.0,0.0,0.0,0.0084,-5638000.0,-13753000.0,BALANCED,-9.7903
2021-02-26,DIG,DIG,0.0,114.2,-0.0455,6229000.0,0.0,0.0,0.0084,-5638000.0,-1258000.0,BALANCED,-9.7903
2021-03-03,DIG,DIG,6109000.0,122.18,0.0699,12338000.0,6109000.0,0.0,1.3385,6109000.0,4851000.0,BALANCED,45.4613
2021-03-04,DIG,DIG,0.0,128.28,0.0499,12338000.0,0.0,0.0,-0.0378,6109000.0,4851000.0,BALANCED,9.0561
2021-03-05,DIG,DIG,0.0,137.85,0.0746,12338000.0,0.0,0.0,-0.0754,6109000.0,4851000.0,BALANCED,8.1146
2021-03-08,DIG,DIG,0.0,138.12,0.002,12338000.0,0.0,0.0,-0.0754,6109000.0,471000.0,BALANCED,8.1146
2021-03-09,DIG,DIG,0.0,132.84,-0.0382,12338000.0,0.0,0.0,-0.0754,6109000.0,471000.0,BALANCED,8.1146
2021-03-10,DIG,DIG,0.0,139.94,0.0534,12338000.0,0.0,0.0,-0.0754,0.0,471000.0,BALANCED,-1.8854
2021-03-11,DIG,DIG,0.0,140.49,0.0039,12338000.0,0.0,0.0,0.0881,0.0,471000.0,BALANCED,2.203
2021-03-12,DIG,DIG,0.0,140.97,0.0034,12338000.0,0.0,0.0,0.0881,0.0,471000.0,BALANCED,2.203
2021-03-15,DIG,DIG,0.0,137.77,-0.0227,12338000.0,0.0,0.0,0.0881,0.0,471000.0,BALANCED,2.203
2021-03-16,DIG,DIG,0.0,130.13,-0.0555,12338000.0,0.0,0.0,-0.0931,0.0,471000.0,BALANCED,-2.3272
2021-03-17,DIG,DIG,0.0,132.32,0.0168,12338000.0,0.0,0.0,-0.0931,0.0,471000.0,BALANCED,-2.3272
2021-03-18,DIG,DIG,0.0,119.98,-0.0933,12338000.0,0.0,0.0,-0.0931,0.0,471000.0,BALANCED,-2.3272
2021-03-19,DIG,DIG,-6014000.0,120.28,0.0025,6324000.0,0.0,-6014000.0,-2.8848,-6014000.0,-5543000.0,DISTRIBUTION,-84.1205
2021-03-22,DIG,DIG,-11793000.0,117.93,-0.0195,-5469000.0,0.0,-11793000.0,-3.9454,-17807000.0,-17336000.0,DISTRIBUTION,-100.0
2021-03-23,DIG,DIG,0.0,113.69,-0.0286,-5469000.0,0.0,0.0,0.2033,-17807000.0,-17336000.0,BALANCED,-4.9178
2021-03-24,DIG,DIG,0.0,119.18,0.0483,-5469000.0,0.0,0.0,0.2033,-17807000.0,-11698000.0,BALANCED,-4.9178
2021-03-25,DIG,DIG,-5996000.0,119.92,0.0062,-11465000.0,0.0,-5996000.0,-1.7356,-23803000.0,-17694000.0,DISTRIBUTION,-55.3896
2021-03-26,DIG,DIG,0.0,126.25,0.0528,-11465000.0,0.0,0.0,0.2587,-17789000.0,-17694000.0,BALANCED,-3.5332
2021-03-29,DIG,DIG,0.0,122.96,-0.0261,-11465000.0,0.0,0.0,0.2587,-5996000.0,-17694000.0,BALANCED,-3.5332
2021-03-30,DIG,DIG,0.0,121.03,-0.0157,-11465000.0,0.0,0.0,0.2587,-5996000.0,-17694000.0,BALANCED,-3.5332
2021-03-31,DIG,DIG,0.0,118.98,-0.0169,-11465000.0,0.0,0.0,0.2587,-5996000.0,-23803000.0,BALANCED,-3.5332
2021-04-01,DIG,DIG,0.0,125.17,0.052,-11465000.0,0.0,0.0,0.2587,0.0,-23803000.0,BALANCED,6.4668
2021-04-05,DIG,DIG,0.0,119.12,-0.0483,-11465000.0,0.0,0.0,0.2587,0.0,-23803000.0,BALANCED,6.4668
2021-04-06,DIG,DIG,0.0,118.63,-0.0041,-11465000.0,0.0,0.0,0.2587,0.0,-23803000.0,BALANCED,6.4668
2021-04-07,DIG,DIG,0.0,119.76,0.0095,-11465000.0,0.0,0.0,0.2587,0.0,-23803000.0,BALANCED,6.4668
2021-04-08,DIG,DIG,0.0,116.49,-0.0273,-11465000.0,0.0,0.0,0.2058,0.0,-23803000.0,BALANCED,5.1462
2021-04-09,DIG,DIG,0.0,115.22,-0.0109,-11465000.0,0.0,0.0,0.2058,0.0,-23803000.0,BALANCED,5.1462
2021-04-12,DIG,DIG,0.0,113.07,-0.0187,-11465000.0,0.0,0.0,0.2058,0.0,-23803000.0,BALANCED,5.1462
2021-04-13,DIG,DIG,0.0,113.3,0.002,-11465000.0,0.0,0.0,0.2058,0.0,-23803000.0,BALANCED,5.1462
2021-04-14,DIG,DIG,0.0,119.89,0.0582,-11465000.0,0.0,0.0,0.2058,0.0,-23803000.0,BALANCED,5.1462
2021-04-15,DIG,DIG,0.0,117.98,-0.0159,-11465000.0,0.0,0.0,0.3081,0.0,-23803000.0,BALANCED,7.7028
2021-04-16,DIG,DIG,0.0,115.91,-0.0175,-11465000.0,0.0,0.0,0.3081,0.0,-23803000.0,BALANCED,7.7028
2021-04-19,DIG,DIG,0.0,115.77,-0.0012,-11465000.0,0.0,0.0,0.3081,0.0,-17789000.0,BALANCED,7.7028
2021-04-20,DIG,DIG,0.0,109.65,-0.0529,-11465000.0,0.0,0.0,0.3081,0.0,-5996000.0,BALANCED,7.7028
2021-04-21,DIG,DIG,0.0,112.85,0.0292,-11465000.0,0.0,0.0,0.3081,0.0,-5996000.0,BALANCED,7.7028
2021-04-22,DIG,DIG,0.0,109.83,-0.0268,-11465000.0,0.0,0.0,0.3081,0.0,-5996000.0,BALANCED,7.7028
2021-04-23,DIG,DIG,0.0,112.13,0.0209,-11465000.0,0.0,0.0,0.3081,0.0,0.0,BALANCED,7.7028
2021-04-26,DIG,DIG,0.0,113.58,0.0129,-11465000.0,0.0,0.0,0.3081,0.0,0.0,BALANCED,7.7028
2021-04-27,DIG,DIG,0.0,116.32,0.0241,-11465000.0,0.0,0.0,0.3081,0.0,0.0,BALANCED,7.7028
2021-04-28,DIG,DIG,0.0,124.1,0.0669,-11465000.0,0.0,0.0,0.3081,0.0,0.0,BALANCED,7.7028
2021-04-29,DIG,DIG,-6343000.0,126.87,0.0223,-17808000.0,0.0,-6343000.0,-1.9331,-6343000.0,-6343000.0,DISTRIBUTION,-60.328
2021-04-30,DIG,DIG,0.0,120.02,-0.054,-17808000.0,0.0,0.0,0.3639,-6343000.0,-6343000.0,BALANCED,-0.9026
2021-05-03,DIG,DIG,0.0,126.81,0.0566,-17808000.0,0.0,0.0,0.3095,-6343000.0,-6343000.0,BALANCED,-2.2616
2021-05-04,DIG,DIG,0.0,126.88,0.0006,-17808000.0,0.0,0.0,0.2627,-6343000.0,-6343000.0,BALANCED,-3.4336
2021-05-05,DIG,DIG,0.0,135.15,0.0652,-17808000.0,0.0,0.0,0.2627,-6343000.0,-6343000.0,BALANCED,-3.4336
2021-05-06,DIG,DIG,6811000.0,136.21,0.0078,-10997000.0,6811000.0,0.0,3.4168,6811000.0,468000.0,ACCUMULATION,97.4189
2021-05-07,DIG,DIG,0.0,141.57,0.0394,-10997000.0,0.0,0.0,-0.009,6811000.0,468000.0,BALANCED,9.7743
2021-05-10,DIG,DIG,14118000.0,141.18,-0.0028,3121000.0,14118000.0,0.0,4.3961,20929000.0,14586000.0,ACCUMULATION,100.0
2021-05-11,DIG,DIG,0.0,134.24,-0.0492,3121000.0,0.0,0.0,-0.1568,20929000.0,14586000.0,BALANCED,6.0802
2021-05-12,DIG,DIG,0.0,135.27,0.0077,3121000.0,0.0,0.0,-0.1568,20929000.0,14586000.0,BALANCED,6.0802
2021-05-14,DIG,DIG,0.0,140.39,0.0378,3121000.0,0.0,0.0,-0.1568,14118000.0,14586000.0,BALANCED,6.0802
2021-05-17,DIG,DIG,0.0,146.69,0.0449,3121000.0,0.0,0.0,-0.1568,14118000.0,14586000.0,BALANCED,6.0802
2021-05-18,DIG,DIG,0.0,140.06,-0.0452,3121000.0,0.0,0.0,-0.1568,0.0,14586000.0,BALANCED,-3.9198
2021-05-19,DIG,DIG,0.0,133.25,-0.0486,3121000.0,0.0,0.0,-0.1568,0.0,14586000.0,BALANCED,-3.9198
2021-05-20,DIG,DIG,0.0,133.05,-0.0015,3121000.0,0.0,0.0,-0.1568,0.0,14586000.0,BALANCED,-3.9198
2021-05-21,DIG,DIG,0.0,133.6,0.0041,3121000.0,0.0,0.0,-0.1568,0.0,14586000.0,BALANCED,-3.9198
2021-05-24,DIG,DIG,0.0,136.02,0.0181,3121000.0,0.0,0.0,-0.1568,0.0,14586000.0,BALANCED,-3.9198
2021-05-25,DIG,DIG,0.0,65.28,-0.0401,3121000.0,0.0,0.0,-0.1568,0.0,14586000.0,BALANCED,-3.9198
2021-05-26,DIG,DIG,0.0,66.58,0.0199,3121000.0,0.0,0.0,-0.1568,0.0,14586000.0,BALANCED,-3.9198
2021-05-27,DIG,DIG,3333000.0,66.65,0.0011,6454000.0,3333000.0,0.0,0.8706,3333000.0,17919000.0,BALANCED,33.7651
2021-05-28,DIG,DIG,0.0,66.77,0.0018,6454000.0,0.0,0.0,-0.1901,3333000.0,24262000.0,BALANCED,5.2479
2021-06-01,DIG,DIG,0.0,71.93,0.0773,6454000.0,0.0,0.0,-0.1901,3333000.0,24262000.0,BALANCED,5.2479
2021-06-02,DIG,DIG,0.0,74.44,0.0349,6454000.0,0.0,0.0,-0.1901,3333000.0,24262000.0,BALANCED,5.2479
2021-06-03,DIG,DIG,0.0,74.94,0.0067,6454000.0,0.0,0.0,-0.1901,3333000.0,24262000.0,BALANCED,5.2479
2021-06-04,DIG,DIG,0.0,75.93,0.0132,6454000.0,0.0,0.0,-0.1901,0.0,24262000.0,BALANCED,-4.7521
2021-06-07,DIG,DIG,0.0,75.48,-0.0059,6454000.0,0.0,0.0,-0.1901,0.0,17451000.0,BALANCED,-4.7521
2021-06-08,DIG,DIG,-3840000.0,76.8,0.0175,2614000.0,0.0,-3840000.0,-1.3284,-3840000.0,13611000.0,BALANCED,-45.2094
2021-06-09,DIG,DIG,0.0,75.87,-0.0121,2614000.0,0.0,0.0,-0.1447,-3840000.0,-507000.0,BALANCED,-13.6166
2021-06-10,DIG,DIG,0.0,75.81,-0.0008,2614000.0,0.0,0.0,-0.1447,-3840000.0,-507000.0,BALANCED,-13.6166
2021-06-11,DIG,DIG,11307000.0,75.38,-0.0057,13921000.0,11307000.0,0.0,2.7548,7467000.0,10800000.0,ACCUMULATION,80.8702
2021-06-14,DIG,DIG,0.0,74.73,-0.0086,13921000.0,0.0,0.0,-0.2978,7467000.0,10800000.0,BALANCED,2.5557
2021-06-15,DIG,DIG,0.0,77.65,0.0391,13921000.0,0.0,0.0,-0.2978,11307000.0,10800000.0,BALANCED,2.5557
2021-06-16,DIG,DIG,0.0,76.95,-0.009,13921000.0,0.0,0.0,-0.2978,11307000.0,10800000.0,BALANCED,2.5557
2021-06-17,DIG,DIG,-3574000.0,71.48,-0.0711,10347000.0,0.0,-3574000.0,-1.2372,7733000.0,7226000.0,BALANCED,-22.9312
2021-06-18,DIG,DIG,0.0,67.28,-0.0588,10347000.0,0.0,0.0,-0.2573,-3574000.0,7226000.0,BALANCED,-16.433
2021-06-21,DIG,DIG,0.0,73.04,0.0856,10347000.0,0.0,0.0,-0.2046,-3574000.0,7226000.0,BALANCED,-15.1154
2021-06-22,DIG,DIG,0.0,73.63,0.0124,10347000.0,0.0,0.0,-0.2046,-3574000.0,7226000.0,BALANCED,-15.1154
2021-06-23,DIG,DIG,0.0,74.09,0.0062,10347000.0,0.0,0.0,-0.1011,-3574000.0,7226000.0,BALANCED,-12.5265
2021-06-24,DIG,DIG,0.0,75.34,0.0169,10347000.0,0.0,0.0,-0.1011,0.0,7226000.0,BALANCED,-2.5265
2021-06-25,DIG,DIG,0.0,76.16,0.0109,10347000.0,0.0,0.0,-0.1011,0.0,3893000.0,BALANCED,-2.5265
2021-06-28,DIG,DIG,0.0,71.23,-0.0647,10347000.0,0.0,0.0,-0.1011,0.0,3893000.0,BALANCED,-2.5265
2021-06-29,DIG,DIG,0.0,70.56,-0.0094,10347000.0,0.0,0.0,-0.1011,0.0,3893000.0,BALANCED,-2.5265
2021-06-30,DIG,DIG,0.0,72.39,0.0259,10347000.0,0.0,0.0,-0.1011,0.0,3893000.0,BALANCED,-2.5265
2021-07-01,DIG,DIG,0.0,74.83,0.0337,10347000.0,0.0,0.0,-0.1011,0.0,3893000.0,BALANCED,-2.5265
2021-07-02,DIG,DIG,0.0,74.49,-0.0045,10347000.0,0.0,0.0,-0.1011,0.0,3893000.0,BALANCED,-2.5265
2021-07-06,DIG,DIG,0.0,69.82,-0.0627,10347000.0,0.0,0.0,-0.1011,0.0,3893000.0,BALANCED,-2.5265
2021-07-07,DIG,DIG,0.0,67.43,-0.0342,10347000.0,0.0,0.0,-0.1011,0.0,7733000.0,BALANCED,-2.5265
2021-07-08,DIG,DIG,0.0,66.89,-0.008,10347000.0,0.0,0.0,-0.1011,0.0,7733000.0,BALANCED,-2.5265
2021-07-09,DIG,DIG,0.0,69.6,0.0405,10347000.0,0.0,0.0,-0.1011,0.0,7733000.0,BALANCED,-2.5265
2021-07-12,DIG,DIG,0.0,69.45,-0.0022,10347000.0,0.0,0.0,-0.0562,0.0,-3574000.0,BALANCED,-1.4039
2021-07-13,DIG,DIG,0.0,68.34,-0.016,10347000.0,0.0,0.0,-0.0562,0.0,-3574000.0,BALANCED,-1.4039
2021-07-14,DIG,DIG,0.0,64.35,-0.0584,10347000.0,0.0,0.0,-0.0562,0.0,-3574000.0,BALANCED,-1.4039
2021-07-15,DIG,DIG,3127000.0,62.54,-0.0281,13474000.0,3127000.0,0.0,1.2184,3127000.0,-447000.0,BALANCED,42.4596
2021-07-16,DIG,DIG,-17748000.0,59.16,-0.054,-4274000.0,0.0,-17748000.0,-4.2911,-14621000.0,-14621000.0,DISTRIBUTION,-100.0
2021-07-19,DIG,DIG,0.0,54.97,-0.0708,-4274000.0,0.0,0.0,0.0882,-14621000.0,-14621000.0,BALANCED,-7.794
2021-07-20,DIG,DIG,0.0,56.63,0.0302,-4274000.0,0.0,0.0,0.0882,-14621000.0,-14621000.0,BALANCED,-7.794
2021-07-21,DIG,DIG,0.0,60.55,0.0692,-4274000.0,0.0,0.0,0.0574,-14621000.0,-14621000.0,BALANCED,-8.5647
2021-07-22,DIG,DIG,0.0,59.2,-0.0223,-4274000.0,0.0,0.0,0.0574,-17748000.0,-14621000.0,BALANCED,-8.5647
2021-07-23,DIG,DIG,0.0,58.72,-0.0081,-4274000.0,0.0,0.0,0.0574,0.0,-14621000.0,BALANCED,1.4353
2021-07-26,DIG,DIG,0.0,61.59,0.0489,-4274000.0,0.0,0.0,0.1808,0.0,-14621000.0,BALANCED,4.5188
2021-07-27,DIG,DIG,0.0,60.27,-0.0214,-4274000.0,0.0,0.0,0.1808,0.0,-14621000.0,BALANCED,4.5188
2021-07-28,DIG,DIG,0.0,61.43,0.0192,-4274000.0,0.0,0.0,0.1808,0.0,-14621000.0,BALANCED,4.5188
2021-07-29,DIG,DIG,3123000.0,62.45,0.0166,-1151000.0,3123000.0,0.0,1.0592,3123000.0,-11498000.0,BALANCED,38.4808
2021-07-30,DIG,DIG,0.0,60.47,-0.0317,-1151000.0,0.0,0.0,0.1136,3123000.0,-11498000.0,BALANCED,12.8399
2021-08-02,DIG,DIG,0.0,59.62,-0.0141,-1151000.0,0.0,0.0,0.1136,3123000.0,-11498000.0,BALANCED,12.8399
2021-08-03,DIG,DIG,0.0,61.78,0.0362,-1151000.0,0.0,0.0,0.1136,3123000.0,-11498000.0,BALANCED,12.8399
2021-08-04,DIG,DIG,0.0,58.36,-0.0554,-1151000.0,0.0,0.0,0.1136,3123000.0,-11498000.0,BALANCED,12.8399
2021-08-05,DIG,DIG,-2993000.0,59.87,0.0259,-4144000.0,0.0,-2993000.0,-0.7369,-2993000.0,-14491000.0,BALANCED,-30.4216
2021-08-06,DIG,DIG,0.0,60.92,0.0175,-4144000.0,0.0,0.0,0.1418,-2993000.0,-14491000.0,BALANCED,-6.4548
2021-08-09,DIG,DIG,0.0,59.21,-0.0281,-4144000.0,0.0,0.0,0.1418,-2993000.0,-14491000.0,BALANCED,-6.4548
2021-08-10,DIG,DIG,0.0,61.35,0.0361,-4144000.0,0.0,0.0,0.1418,-2993000.0,-14491000.0,BALANCED,-6.4548
2021-08-11,DIG,DIG,0.0,62.18,0.0135,-4144000.0,0.0,0.0,0.1418,-2993000.0,-14491000.0,BALANCED,-6.4548
2021-08-12,DIG,DIG,0.0,62.1,-0.0013,-4144000.0,0.0,0.0,0.1418,0.0,-17618000.0,BALANCED,3.5452
2021-08-13,DIG,DIG,0.0,60.5,-0.0258,-4144000.0,0.0,0.0,0.1418,0.0,130000.0,BALANCED,3.5452
2021-08-16,DIG,DIG,0.0,58.24,-0.0374,-4144000.0,0.0,0.0,0.1418,0.0,130000.0,BALANCED,3.5452
2021-08-17,DIG,DIG,0.0,57.34,-0.0155,-4144000.0,0.0,0.0,0.1418,0.0,130000.0,BALANCED,3.5452
2021-08-18,DIG,DIG,0.0,54.94,-0.0419,-4144000.0,0.0,0.0,0.1418,0.0,130000.0,BALANCED,3.5452
2021-08-19,DIG,DIG,0.0,52.06,-0.0524,-4144000.0,0.0,0.0,0.1418,0.0,130000.0,BALANCED,3.5452
2021-08-20,DIG,DIG,0.0,52.41,0.0067,-4144000.0,0.0,0.0,0.1418,0.0,130000.0,BALANCED,3.5452
2021-08-26,DIG,DIG,0.0,57.21,0.0916,-4144000.0,0.0,0.0,0.1418,0.0,130000.0,BALANCED,3.5452
2021-08-27,DIG,DIG,0.0,60.3,0.054,-4144000.0,0.0,0.0,0.1418,0.0,130000.0,BALANCED,3.5452
2021-08-30,DIG,DIG,0.0,58.94,-0.0226,-4144000.0,0.0,0.0,0.1418,0.0,130000.0,BALANCED,3.5452
2021-08-31,DIG,DIG,0.0,58.07,-0.0148,-4144000.0,0.0,0.0,0.1759,0.0,-2993000.0,BALANCED,4.3968
2021-09-01,DIG,DIG,0.0,56.51,-0.0269,-4144000.0,0.0,0.0,-0.0054,0.0,-2993000.0,BALANCED,-0.1349
2021-09-02,DIG,DIG,0.0,59.35,0.0503,-4144000.0,0.0,0.0,-0.0054,0.0,-2993000.0,BALANCED,-0.1349
2021-09-03,DIG,DIG,0.0,58.76,-0.0099,-4144000.0,0.0,0.0,-0.0054,0.0,-2993000.0,BALANCED,-0.1349
2021-09-07,DIG,DIG,-2901000.0,58.02,-0.0126,-7045000.0,0.0,-2901000.0,-2.9178,-2901000.0,-5894000.0,DISTRIBUTION,-84.9444
2021-09-08,DIG,DIG,0.0,56.68,-0.0231,-7045000.0,0.0,0.0,0.096,-2901000.0,-2901000.0,BALANCED,-7.6011
2021-09-09,DIG,DIG,0.0,56.79,0.0019,-7045000.0,0.0,0.0,0.096,-2901000.0,-2901000.0,BALANCED,-7.6011
2021-09-10,DIG,DIG,0.0,56.78,-0.0002,-7045000.0,0.0,0.0,0.096,-2901000.0,-2901000.0,BALANCED,-7.6011
2021-09-13,DIG,DIG,0.0,60.15,0.0594,-7045000.0,0.0,0.0,0.096,-2901000.0,-2901000.0,BALANCED,-7.6011
2021-09-14,DIG,DIG,0.0,58.26,-0.0314,-7045000.0,0.0,0.0,0.096,0.0,-2901000.0,BALANCED,2.3989
2021-09-15,DIG,DIG,0.0,62.7,0.0762,-7045000.0,0.0,0.0,0.2627,0.0,-2901000.0,BALANCED,6.5684
2021-09-16,DIG,DIG,0.0,61.3,-0.0223,-7045000.0,0.0,0.0,0.2627,0.0,-2901000.0,BALANCED,6.5684
2021-09-17,DIG,DIG,0.0,60.31,-0.0162,-7045000.0,0.0,0.0,0.2627,0.0,-2901000.0,BALANCED,6.5684
2021-09-20,DIG,DIG,-2832000.0,56.64,-0.0609,-9877000.0,0.0,-2832000.0,-2.8624,-2832000.0,-5733000.0,DISTRIBUTION,-83.5594
2021-09-21,DIG,DIG,0.0,57.05,0.0072,-9877000.0,0.0,0.0,0.3276,-2832000.0,-5733000.0,BALANCED,-1.8091
2021-09-22,DIG,DIG,0.0,60.16,0.0616,-9877000.0,0.0,0.0,0.2627,-2832000.0,-5733000.0,BALANCED,-3.4313
2021-09-23,DIG,DIG,3208000.0,64.16,0.0665,-6669000.0,3208000.0,0.0,3.443,376000.0,-2525000.0,ACCUMULATION,98.075
2021-09-24,DIG,DIG,-3257000.0,65.14,0.0153,-9926000.0,0.0,-3257000.0,-2.7419,-2881000.0,-5782000.0,DISTRIBUTION,-80.5466
2021-09-27,DIG,DIG,-3486000.0,69.73,0.0705,-13412000.0,0.0,-3486000.0,-2.5056,-3535000.0,-9268000.0,DISTRIBUTION,-76.641
2021-09-28,DIG,DIG,0.0,70.13,0.0057,-13412000.0,0.0,0.0,0.2436,-3535000.0,-9268000.0,BALANCED,-3.9089
2021-09-29,DIG,DIG,-3499000.0,69.99,-0.002,-16911000.0,0.0,-3499000.0,-2.2059,-7034000.0,-12767000.0,DISTRIBUTION,-67.1466
2021-09-30,DIG,DIG,0.0,68.1,-0.027,-16911000.0,0.0,0.0,0.3054,-10242000.0,-12767000.0,BALANCED,-2.3641
2021-10-01,DIG,DIG,0.0,72.3,0.0617,-16911000.0,0.0,0.0,0.3054,-6985000.0,-12767000.0,BALANCED,-2.3641
2021-10-04,DIG,DIG,0.0,74.6,0.0318,-16911000.0,0.0,0.0,0.3054,-3499000.0,-12767000.0,BALANCED,-2.3641
2021-10-05,DIG,DIG,-3771000.0,75.43,0.0111,-20682000.0,0.0,-3771000.0,-2.1209,-7270000.0,-13637000.0,DISTRIBUTION,-65.0224
2021-10-06,DIG,DIG,0.0,73.86,-0.0208,-20682000.0,0.0,0.0,0.3631,-3771000.0,-13637000.0,BALANCED,-0.9218
2021-10-08,DIG,DIG,-7955000.0,79.55,0.077,-28637000.0,0.0,-7955000.0,-3.5205,-11726000.0,-21592000.0,DISTRIBUTION,-100.0
2021-10-11,DIG,DIG,-3950000.0,79.01,-0.0068,-32587000.0,0.0,-3950000.0,-1.4296,-15676000.0,-25542000.0,BALANCED,-49.7399
2021-10-12,DIG,DIG,-3960000.0,79.2,0.0024,-36547000.0,0.0,-3960000.0,-1.3322,-19636000.0,-29502000.0,BALANCED,-49.3056
2021-10-13,DIG,DIG,0.0,79.44,0.003,-36547000.0,0.0,0.0,0.4996,-15865000.0,-29502000.0,BALANCED,2.4912
2021-10-14,DIG,DIG,-4066000.0,81.33,0.0238,-40613000.0,0.0,-4066000.0,-1.2849,-19931000.0,-33568000.0,BALANCED,-44.122
2021-10-15,DIG,DIG,0.0,82.1,0.0095,-40613000.0,0.0,0.0,0.548,-11976000.0,-33568000.0,BALANCED,3.6995
2021-10-18,DIG,DIG,0.0,82.39,0.0035,-40613000.0,0.0,0.0,0.548,-8026000.0,-33568000.0,BALANCED,3.6995
2021-10-19,DIG,DIG,0.0,84.15,0.0214,-40613000.0,0.0,0.0,0.548,-4066000.0,-30736000.0,BALANCED,3.6995
2021-10-20,DIG,DIG,0.0,85.29,0.0135,-40613000.0,0.0,0.0,0.5073,-4066000.0,-30736000.0,BALANCED,2.683
2021-10-21,DIG,DIG,0.0,82.38,-0.0341,-40613000.0,0.0,0.0,0.5073,0.0,-30736000.0,BALANCED,12.683
2021-10-22,DIG,DIG,0.0,83.81,0.0174,-40613000.0,0.0,0.0,0.5073,0.0,-33944000.0,BALANCED,12.683
2021-10-25,DIG,DIG,17272000.0,86.36,0.0304,-23341000.0,17272000.0,0.0,4.4342,17272000.0,-13415000.0,ACCUMULATION,100.0
2021-10-26,DIG,DIG,0.0,87.28,0.0107,-23341000.0,0.0,0.0,0.1352,17272000.0,-9929000.0,BALANCED,13.3801
2021-10-27,DIG,DIG,0.0,82.58,-0.0538,-23341000.0,0.0,0.0,0.1352,17272000.0,-9929000.0,BALANCED,13.3801
2021-10-28,DIG,DIG,0.0,83.85,0.0154,-23341000.0,0.0,0.0,0.1352,17272000.0,-6430000.0,BALANCED,13.3801
2021-10-29,DIG,DIG,0.0,82.88,-0.0116,-23341000.0,0.0,0.0,0.1352,17272000.0,-6430000.0,BALANCED,13.3801
2021-11-01,DIG,DIG,0.0,85.79,0.0351,-23341000.0,0.0,0.0,0.1352,0.0,-6430000.0,BALANCED,3.3801
2021-11-02,DIG,DIG,0.0,84.12,-0.0195,-23341000.0,0.0,0.0,0.1123,0.0,-6430000.0,BALANCED,2.8084
2021-11-03,DIG,DIG,0.0,82.65,-0.0175,-23341000.0,0.0,0.0,0.1123,0.0,-2659000.0,BALANCED,2.8084
2021-11-04,DIG,DIG,0.0,82.83,0.0022,-23341000.0,0.0,0.0,0.1123,0.0,-2659000.0,BALANCED,2.8084
2021-11-05,DIG,DIG,-4254000.0,85.09,0.0273,-27595000.0,0.0,-4254000.0,-0.8909,-4254000.0,1042000.0,BALANCED,-34.2725
2021-11-08,DIG,DIG,-4337000.0,86.74,0.0194,-31932000.0,0.0,-4337000.0,-0.8962,-8591000.0,655000.0,BALANCED,-36.4061
2021-11-09,DIG,DIG,0.0,87.27,0.0061,-31932000.0,0.0,0.0,0.1548,-8591000.0,4615000.0,BALANCED,-6.1306
2021-11-10,DIG,DIG,0.0,82.62,-0.0533,-31932000.0,0.0,0.0,0.1548,-8591000.0,4615000.0,BALANCED,-6.1306
2021-11-11,DIG,DIG,-8348000.0,83.48,0.0104,-40280000.0,0.0,-8348000.0,-1.8013,-16939000.0,333000.0,DISTRIBUTION,-57.033
2021-11-12,DIG,DIG,0.0,82.98,-0.006,-40280000.0,0.0,0.0,0.1854,-12685000.0,333000.0,BALANCED,-5.3654
2021-11-15,DIG,DIG,0.0,84.16,0.0141,-40280000.0,0.0,0.0,0.1854,-8348000.0,333000.0,BALANCED,-5.3654
2021-11-16,DIG,DIG,0.0,84.48,0.0038,-40280000.0,0.0,0.0,0.1854,-8348000.0,333000.0,BALANCED,-5.3654
2021-11-22,DIG,DIG,-7774000.0,77.74,-0.0797,-48054000.0,0.0,-7774000.0,-1.5735,-16122000.0,-7441000.0,DISTRIBUTION,-51.337
2021-11-23,DIG,DIG,0.0,82.29,0.0585,-48054000.0,0.0,0.0,0.2092,-7774000.0,-7441000.0,BALANCED,-4.7693
2021-11-24,DIG,DIG,0.0,84.05,0.0215,-48054000.0,0.0,0.0,0.1558,-7774000.0,-7441000.0,BALANCED,-6.1055
2021-11-26,DIG,DIG,7720000.0,77.2,-0.0815,-40334000.0,7720000.0,0.0,1.8235,-54000.0,-16993000.0,ACCUMULATION,37.5864
2021-11-29,DIG,DIG,0.0,78.26,0.0136,-40334000.0,0.0,0.0,0.0292,-54000.0,-16993000.0,BALANCED,-9.2693
2021-11-30,DIG,DIG,-7424000.0,74.24,-0.0513,-47758000.0,0.0,-7424000.0,-1.5599,296000.0,-24417000.0,DISTRIBUTION,-30.9974
2021-12-01,DIG,DIG,0.0,72.46,-0.024,-47758000.0,0.0,0.0,0.0533,296000.0,-24417000.0,BALANCED,11.3333
2021-12-03,DIG,DIG,3754000.0,75.09,0.0363,-44004000.0,3754000.0,0.0,0.8546,4050000.0,-20663000.0,BALANCED,33.3651
2021-12-06,DIG,DIG,-3874000.0,77.48,0.0318,-47878000.0,0.0,-3874000.0,-0.7936,-7544000.0,-24537000.0,BALANCED,-31.8392
2021-12-07,DIG,DIG,0.0,81.11,0.0469,-47878000.0,0.0,0.0,0.0529,-7544000.0,-24537000.0,BALANCED,-8.6771
2021-12-08,DIG,DIG,0.0,81.11,-0.0,-47878000.0,0.0,0.0,0.0529,-120000.0,-24537000.0,BALANCED,-8.6771
2021-12-09,DIG,DIG,0.0,79.48,-0.0202,-47878000.0,0.0,0.0,0.0529,-120000.0,-24537000.0,BALANCED,-8.6771
2021-12-10,DIG,DIG,0.0,80.57,0.0137,-47878000.0,0.0,0.0,0.0529,-3874000.0,-20283000.0,BALANCED,-8.6771
2021-12-13,DIG,DIG,0.0,76.16,-0.0547,-47878000.0,0.0,0.0,0.2583,0.0,-15946000.0,BALANCED,6.4574
2021-12-14,DIG,DIG,0.0,75.5,-0.0087,-47878000.0,0.0,0.0,0.2583,0.0,-15946000.0,BALANCED,6.4574
2021-12-15,DIG,DIG,0.0,74.97,-0.007,-47878000.0,0.0,0.0,0.2583,0.0,-15946000.0,BALANCED,6.4574
2021-12-16,DIG,DIG,-3784000.0,75.69,0.0096,-51662000.0,0.0,-3784000.0,-0.8853,-3784000.0,-11382000.0,BALANCED,-34.1326
2021-12-17,DIG,DIG,-3630000.0,72.59,-0.0409,-55292000.0,0.0,-3630000.0,-0.7918,-7414000.0,-15012000.0,BALANCED,-33.7953
2021-12-20,DIG,DIG,0.0,70.73,-0.0257,-55292000.0,0.0,0.0,0.3288,-7414000.0,-15012000.0,BALANCED,-1.7805
2021-12-21,DIG,DIG,0.0,74.91,0.0591,-55292000.0,0.0,0.0,0.3288,-7414000.0,-15012000.0,BALANCED,-1.7805
2021-12-22,DIG,DIG,0.0,75.66,0.0099,-55292000.0,0.0,0.0,0.3288,-7414000.0,-7238000.0,BALANCED,-1.7805
2021-12-23,DIG,DIG,0.0,75.26,0.0023,-55292000.0,0.0,0.0,0.3288,-3630000.0,-7238000.0,BALANCED,-1.7805
2021-12-27,DIG,DIG,0.0,78.53,0.0433,-55292000.0,0.0,0.0,0.2896,0.0,-7238000.0,BALANCED,7.2407
2021-12-28,DIG,DIG,0.0,78.25,-0.0035,-55292000.0,0.0,0.0,0.2492,0.0,-14958000.0,BALANCED,6.2289
2021-12-29,DIG,DIG,0.0,77.28,-0.0124,-55292000.0,0.0,0.0,0.2492,0.0,-14958000.0,BALANCED,6.2289
2021-12-30,DIG,DIG,0.0,76.27,-0.0131,-55292000.0,0.0,0.0,0.2492,0.0,-7534000.0,BALANCED,6.2289
2021-12-31,DIG,DIG,-3832000.0,76.65,0.005,-59124000.0,0.0,-3832000.0,-1.1265,-3832000.0,-11366000.0,BALANCED,-40.1615
2022-01-03,DIG,DIG,0.0,81.22,0.0597,-59124000.0,0.0,0.0,0.2208,-3832000.0,-15120000.0,BALANCED,-4.4788
2022-01-04,DIG,DIG,0.0,86.5,0.0649,-59124000.0,0.0,0.0,0.2208,-3832000.0,-11246000.0,BALANCED,-4.4788
2022-01-05,DIG,DIG,0.0,86.07,-0.005,-59124000.0,0.0,0.0,0.2208,-3832000.0,-11246000.0,BALANCED,-4.4788
2022-01-06,DIG,DIG,-4494000.0,89.88,0.0443,-63618000.0,0.0,-4494000.0,-1.5209,-8326000.0,-15740000.0,DISTRIBUTION,-50.0223
2022-01-07,DIG,DIG,-9227000.0,92.27,0.0266,-72845000.0,0.0,-9227000.0,-2.7489,-13721000.0,-24967000.0,DISTRIBUTION,-82.7216
2022-01-10,DIG,DIG,0.0,91.73,-0.0059,-72845000.0,0.0,0.0,0.2704,-13721000.0,-24967000.0,BALANCED,-3.2399
2022-01-11,DIG,DIG,-4888000.0,97.77,0.0658,-77733000.0,0.0,-4888000.0,-1.3564,-18609000.0,-29855000.0,BALANCED,-45.9103
2022-01-12,DIG,DIG,0.0,98.23,0.0048,-77733000.0,0.0,0.0,0.4644,-18609000.0,-29855000.0,BALANCED,1.6093
2022-01-13,DIG,DIG,0.0,96.95,-0.0131,-77733000.0,0.0,0.0,0.412,-14115000.0,-29855000.0,BALANCED,0.3001
2022-01-14,DIG,DIG,0.0,101.51,0.0471,-77733000.0,0.0,0.0,0.412,-4888000.0,-26071000.0,BALANCED,0.3001
2022-01-18,DIG,DIG,0.0,101.93,0.0041,-77733000.0,0.0,0.0,0.4969,-4888000.0,-22441000.0,BALANCED,2.4214
2022-01-19,DIG,DIG,0.0,100.31,-0.0159,-77733000.0,0.0,0.0,0.4502,0.0,-22441000.0,BALANCED,11.2553
2022-01-20,DIG,DIG,0.0,98.36,-0.0195,-77733000.0,0.0,0.0,0.4502,0.0,-22441000.0,BALANCED,11.2553
2022-01-21,DIG,DIG,0.0,94.45,-0.0397,-77733000.0,0.0,0.0,0.4502,0.0,-22441000.0,BALANCED,11.2553
2022-01-24,DIG,DIG,0.0,95.48,0.0109,-77733000.0,0.0,0.0,0.4502,0.0,-22441000.0,BALANCED,11.2553
2022-01-25,DIG,DIG,0.0,102.57,0.0742,-77733000.0,0.0,0.0,0.4502,0.0,-22441000.0,BALANCED,11.2553
2022-01-26,DIG,DIG,0.0,102.17,-0.0039,-77733000.0,0.0,0.0,0.4502,0.0,-22441000.0,BALANCED,11.2553
2022-01-27,DIG,DIG,0.0,104.33,0.0211,-77733000.0,0.0,0.0,0.4502,0.0,-22441000.0,BALANCED,11.2553
2022-01-28,DIG,DIG,0.0,103.59,-0.007,-77733000.0,0.0,0.0,0.4502,0.0,-22441000.0,BALANCED,11.2553
2022-01-31,DIG,DIG,0.0,104.81,0.0118,-77733000.0,0.0,0.0,0.4036,0.0,-18609000.0,BALANCED,10.0908
2022-02-01,DIG,DIG,0.0,112.14,0.0699,-77733000.0,0.0,0.0,0.3573,0.0,-18609000.0,BALANCED,8.932
2022-02-02,DIG,DIG,0.0,112.96,0.0073,-77733000.0,0.0,0.0,0.3573,0.0,-18609000.0,BALANCED,8.932
2022-02-03,DIG,DIG,0.0,110.42,-0.0225,-77733000.0,0.0,0.0,0.3573,0.0,-18609000.0,BALANCED,8.932
2022-02-04,DIG,DIG,0.0,113.71,0.0297,-77733000.0,0.0,0.0,0.3573,0.0,-14115000.0,BALANCED,8.932
2022-02-07,DIG,DIG,0.0,116.45,0.0241,-77733000.0,0.0,0.0,0.3573,0.0,-4888000.0,BALANCED,8.932
2022-02-08,DIG,DIG,0.0,111.78,-0.04,-77733000.0,0.0,0.0,0.3573,0.0,-4888000.0,BALANCED,8.932
2022-02-09,DIG,DIG,0.0,113.78,0.0179,-77733000.0,0.0,0.0,0.3573,0.0,0.0,BALANCED,8.932
2022-02-10,DIG,DIG,0.0,112.23,-0.0136,-77733000.0,0.0,0.0,0.3573,0.0,0.0,BALANCED,8.932
2022-02-11,DIG,DIG,0.0,118.56,0.0564,-77733000.0,0.0,0.0,0.3573,0.0,0.0,BALANCED,8.932
2022-02-14,DIG,DIG,0.0,113.24,-0.0448,-77733000.0,0.0,0.0,0.3079,0.0,0.0,BALANCED,7.6981
2022-02-15,DIG,DIG,0.0,110.9,-0.0207,-77733000.0,0.0,0.0,0.3079,0.0,0.0,BALANCED,7.6981
2022-02-16,DIG,DIG,0.0,112.52,0.0147,-77733000.0,0.0,0.0,0.3079,0.0,0.0,BALANCED,7.6981
2022-02-17,DIG,DIG,0.0,112.21,-0.0028,-77733000.0,0.0,0.0,0.3079,0.0,0.0,BALANCED,7.6981
2022-02-18,DIG,DIG,0.0,110.39,-0.0162,-77733000.0,0.0,0.0,0.2504,0.0,0.0,BALANCED,6.26
2022-02-22,DIG,DIG,0.0,106.89,-0.0317,-77733000.0,0.0,0.0,0.1826,0.0,0.0,BALANCED,4.5644
2022-02-23,DIG,DIG,0.0,108.86,0.0184,-77733000.0,0.0,0.0,0.1826,0.0,0.0,BALANCED,4.5644
2022-02-24,DIG,DIG,0.0,107.81,-0.0096,-77733000.0,0.0,0.0,0.0,0.0,0.0,BALANCED,0.0
2022-02-25,DIG,DIG,0.0,113.69,0.0546,-77733000.0,0.0,0.0,0.0,0.0,0.0,BALANCED,0.0
2022-02-28,DIG,DIG,0.0,119.93,0.0548,-77733000.0,0.0,0.0,0.0,0.0,0.0,BALANCED,0.0
2022-03-01,DIG,DIG,0.0,122.15,0.0185,-77733000.0,0.0,0.0,0.0,0.0,0.0,BALANCED,0.0
2022-03-02,DIG,DIG,-6378000.0,127.57,0.0444,-84111000.0,0.0,-6378000.0,-5.2947,-6378000.0,-6378000.0,DISTRIBUTION,-100.0
2022-03-03,DIG,DIG,-6401000.0,128.02,0.0036,-90512000.0,0.0,-6401000.0,-3.6859,-12779000.0,-12779000.0,DISTRIBUTION,-100.0
2022-03-04,DIG,DIG,0.0,135.52,0.0585,-90512000.0,0.0,0.0,0.2628,-12779000.0,-12779000.0,BALANCED,-3.4308
2022-03-07,DIG,DIG,0.0,139.55,0.0297,-90512000.0,0.0,0.0,0.2628,-12779000.0,-12779000.0,BALANCED,-3.4308
2022-03-08,DIG,DIG,-7158000.0,143.17,0.026,-97670000.0,0.0,-7158000.0,-3.197,-19937000.0,-19937000.0,DISTRIBUTION,-91.9239
2022-03-09,DIG,DIG,0.0,134.79,-0.0585,-97670000.0,0.0,0.0,0.3272,-13559000.0,-19937000.0,BALANCED,-1.8202
2022-03-10,DIG,DIG,0.0,142.65,0.0583,-97670000.0,0.0,0.0,0.3272,-7158000.0,-19937000.0,BALANCED,-1.8202
2022-03-11,DIG,DIG,0.0,140.07,-0.0181,-97670000.0,0.0,0.0,0.3272,-7158000.0,-19937000.0,BALANCED,-1.8202
2022-03-16,DIG,DIG,-6096000.0,121.91,-0.1296,-103766000.0,0.0,-6096000.0,-2.3186,-13254000.0,-26033000.0,DISTRIBUTION,-69.9639
2022-03-17,DIG,DIG,0.0,130.38,0.0695,-103766000.0,0.0,0.0,0.3848,-6096000.0,-26033000.0,BALANCED,-0.3793
2022-03-18,DIG,DIG,-6544000.0,130.87,0.0038,-110310000.0,0.0,-6544000.0,-2.2062,-12640000.0,-32577000.0,DISTRIBUTION,-67.1548
2022-03-21,DIG,DIG,-14047000.0,140.47,0.0733,-124357000.0,0.0,-14047000.0,-3.6608,-26687000.0,-46624000.0,DISTRIBUTION,-100.0
2022-03-22,DIG,DIG,0.0,138.76,-0.0121,-124357000.0,0.0,0.0,0.4554,-26687000.0,-46624000.0,BALANCED,1.3852
2022-03-23,DIG,DIG,0.0,142.82,0.035,-124357000.0,0.0,0.0,0.4554,-20591000.0,-46624000.0,BALANCED,1.3852
2022-03-24,DIG,DIG,0.0,143.54,0.005,-124357000.0,0.0,0.0,0.4554,-20591000.0,-46624000.0,BALANCED,1.3852
2022-03-28,DIG,DIG,-7141000.0,142.82,-0.005,-131498000.0,0.0,-7141000.0,-1.508,-21188000.0,-53765000.0,DISTRIBUTION,-49.701
2022-03-29,DIG,DIG,-7090000.0,141.79,-0.0072,-138588000.0,0.0,-7090000.0,-1.3837,-14231000.0,-60855000.0,BALANCED,-48.5937
2022-03-30,DIG,DIG,-7250000.0,144.99,0.0226,-145838000.0,0.0,-7250000.0,-1.3254,-21481000.0,-68105000.0,BALANCED,-49.1342
2022-03-31,DIG,DIG,0.0,141.1,-0.0268,-145838000.0,0.0,0.0,0.6042,-21481000.0,-68105000.0,BALANCED,5.1049
2022-04-01,DIG,DIG,0.0,143.83,0.0193,-145838000.0,0.0,0.0,0.6042,-21481000.0,-68105000.0,BALANCED,5.1049
2022-04-04,DIG,DIG,0.0,144.27,0.003,-145838000.0,0.0,0.0,0.6042,-14340000.0,-61727000.0,BALANCED,5.1049
2022-04-05,DIG,DIG,0.0,139.73,-0.0315,-145838000.0,0.0,0.0,0.6042,-7250000.0,-55326000.0,BALANCED,5.1049
2022-04-06,DIG,DIG,0.0,140.9,0.0084,-145838000.0,0.0,0.0,0.6042,0.0,-55326000.0,BALANCED,15.1049
2022-04-07,DIG,DIG,0.0,144.38,0.0247,-145838000.0,0.0,0.0,0.6042,0.0,-55326000.0,BALANCED,15.1049
2022-04-08,DIG,DIG,-7595000.0,151.89,0.052,-153433000.0,0.0,-7595000.0,-1.316,-7595000.0,-55763000.0,BALANCED,-44.9011
2022-04-11,DIG,DIG,0.0,142.74,-0.0603,-153433000.0,0.0,0.0,0.6548,-7595000.0,-55763000.0,BALANCED,6.3695
2022-04-12,DIG,DIG,-7370000.0,147.4,0.0326,-160803000.0,0.0,-7370000.0,-1.1732,-14965000.0,-63133000.0,BALANCED,-41.3309
2022-04-13,DIG,DIG,0.0,151.53,0.028,-160803000.0,0.0,0.0,0.7061,-14965000.0,-63133000.0,BALANCED,7.6521
2022-04-14,DIG,DIG,0.0,152.8,0.0084,-160803000.0,0.0,0.0,0.7061,-14965000.0,-57037000.0,BALANCED,7.6521
2022-04-18,DIG,DIG,0.0,157.41,0.0302,-160803000.0,0.0,0.0,0.7061,-7370000.0,-57037000.0,BALANCED,7.6521
2022-04-19,DIG,DIG,0.0,154.69,-0.0173,-160803000.0,0.0,0.0,0.6568,-7370000.0,-50493000.0,BALANCED,6.4208
2022-04-20,DIG,DIG,0.0,155.96,0.0082,-160803000.0,0.0,0.0,0.6087,0.0,-36446000.0,BALANCED,15.2177
2022-04-21,DIG,DIG,0.0,145.98,-0.0639,-160803000.0,0.0,0.0,0.6087,0.0,-36446000.0,BALANCED,15.2177
2022-04-22,DIG,DIG,0.0,138.76,-0.0495,-160803000.0,0.0,0.0,0.6087,0.0,-36446000.0,BALANCED,15.2177
2022-04-29,DIG,DIG,0.0,134.78,-0.0287,-160803000.0,0.0,0.0,0.5595,0.0,-36446000.0,BALANCED,13.9875
2022-05-02,DIG,DIG,-6914000.0,138.28,0.026,-167717000.0,0.0,-6914000.0,-1.1928,-6914000.0,-36219000.0,BALANCED,-41.8203
2022-05-03,DIG,DIG,0.0,146.28,0.0579,-167717000.0,0.0,0.0,0.6082,-6914000.0,-29129000.0,BALANCED,5.2055
2022-05-04,DIG,DIG,-7913000.0,158.26,0.0819,-175630000.0,0.0,-7913000.0,-1.3477,-14827000.0,-29792000.0,BALANCED,-45.6915
2022-05-05,DIG,DIG,0.0,153.36,-0.031,-175630000.0,0.0,0.0,0.612,-14827000.0,-29792000.0,BALANCED,5.301
2022-05-06,DIG,DIG,0.0,161.55,0.0534,-175630000.0,0.0,0.0,0.612,-14827000.0,-29792000.0,BALANCED,5.301
2022-05-09,DIG,DIG,0.0,134.57,-0.167,-175630000.0,0.0,0.0,0.5646,-7913000.0,-29792000.0,BALANCED,4.1141
2022-05-10,DIG,DIG,0.0,136.58,0.0149,-175630000.0,0.0,0.0,0.5418,-7913000.0,-29792000.0,BALANCED,3.544
2022-05-12,DIG,DIG,0.0,140.78,0.0308,-175630000.0,0.0,0.0,0.5418,0.0,-29792000.0,BALANCED,13.544
2022-05-13,DIG,DIG,-35000.0,150.4,0.0683,-175665000.0,0.0,-35000.0,0.5311,-35000.0,-29827000.0,BALANCED,1.2786
2022-05-16,DIG,DIG,0.0,157.93,0.0501,-175665000.0,0.0,0.0,0.5422,-35000.0,-22232000.0,BALANCED,3.5561
2022-05-17,DIG,DIG,0.0,162.11,0.0265,-175665000.0,0.0,0.0,0.4915,-35000.0,-22232000.0,BALANCED,2.2868
2022-05-18,DIG,DIG,0.0,153.62,-0.0524,-175665000.0,0.0,0.0,0.4397,-35000.0,-14862000.0,BALANCED,0.9914
2022-05-19,DIG,DIG,0.0,152.74,-0.0057,-175665000.0,0.0,0.0,0.3856,-35000.0,-14862000.0,BALANCED,-0.3592
2022-05-20,DIG,DIG,0.0,154.13,0.0091,-175665000.0,0.0,0.0,0.3856,0.0,-14862000.0,BALANCED,9.6408
2022-05-23,DIG,DIG,0.0,162.27,0.0528,-175665000.0,0.0,0.0,0.3856,0.0,-14862000.0,BALANCED,9.6408
2022-05-24,DIG,DIG,0.0,163.31,0.0064,-175665000.0,0.0,0.0,0.3856,0.0,-14862000.0,BALANCED,9.6408
2022-05-25,DIG,DIG,0.0,170.06,0.0413,-175665000.0,0.0,0.0,0.3856,0.0,-14862000.0,BALANCED,9.6408
2022-05-26,DIG,DIG,0.0,174.11,0.0239,-175665000.0,0.0,0.0,0.3856,0.0,-14862000.0,BALANCED,9.6408
2022-05-27,DIG,DIG,45000.0,45.16,0.0374,-175620000.0,45000.0,0.0,0.4024,45000.0,-14817000.0,BALANCED,22.0602
2022-05-31,DIG,DIG,-4371000.0,43.71,-0.0319,-179991000.0,0.0,-4371000.0,-1.4825,-4326000.0,-19188000.0,BALANCED,-49.0613
2022-06-01,DIG,DIG,-6792000.0,45.28,0.0358,-186783000.0,0.0,-6792000.0,-2.2024,-11118000.0,-19066000.0,DISTRIBUTION,-69.0611
2022-06-02,DIG,DIG,0.0,45.11,-0.0038,-186783000.0,0.0,0.0,0.3768,-11118000.0,-19066000.0,BALANCED,-0.5793
2022-06-03,DIG,DIG,0.0,46.27,0.0256,-186783000.0,0.0,0.0,0.3768,-11118000.0,-11153000.0,BALANCED,-0.5793
2022-06-06,DIG,DIG,0.0,46.19,-0.0016,-186783000.0,0.0,0.0,0.3768,-11163000.0,-11153000.0,BALANCED,-0.5793
2022-06-07,DIG,DIG,2456000.0,49.11,0.0632,-184327000.0,2456000.0,0.0,1.3657,-4336000.0,-8697000.0,BALANCED,26.1414
2022-06-08,DIG,DIG,0.0,49.1,-0.0003,-184327000.0,0.0,0.0,0.3305,2456000.0,-8697000.0,BALANCED,18.2624
2022-06-09,DIG,DIG,4681000.0,46.81,-0.0465,-179646000.0,4681000.0,0.0,2.0646,7137000.0,-4016000.0,ACCUMULATION,63.6146
2022-06-10,DIG,DIG,0.0,45.23,-0.0337,-179646000.0,0.0,0.0,0.2443,7137000.0,-4016000.0,BALANCED,16.1063
2022-06-13,DIG,DIG,0.0,40.49,-0.1048,-179646000.0,0.0,0.0,0.2443,7137000.0,-3981000.0,BALANCED,16.1063
2022-06-14,DIG,DIG,-2000.0,40.55,0.0013,-179648000.0,0.0,-2000.0,0.2435,4679000.0,-3983000.0,BALANCED,14.0876
2022-06-15,DIG,DIG,0.0,38.94,-0.0395,-179648000.0,0.0,0.0,0.1743,4679000.0,-3983000.0,BALANCED,14.3564
2022-06-16,DIG,DIG,0.0,34.61,-0.1111,-179648000.0,0.0,0.0,0.1743,-2000.0,-3983000.0,BALANCED,-5.6436
2022-06-17,DIG,DIG,0.0,30.97,-0.1053,-179648000.0,0.0,0.0,0.0749,-2000.0,-3983000.0,BALANCED,-8.1267
2022-06-21,DIG,DIG,0.0,34.12,0.1017,-179648000.0,0.0,0.0,0.0749,-2000.0,-3983000.0,BALANCED,-8.1267
2022-06-22,DIG,DIG,-4673000.0,31.15,-0.0837,-184321000.0,0.0,-4673000.0,-2.2255,-4673000.0,-8656000.0,DISTRIBUTION,-67.6363
2022-06-23,DIG,DIG,-1445000.0,28.9,-0.0722,-185766000.0,0.0,-1445000.0,-0.5592,-6118000.0,-10101000.0,BALANCED,-27.9794
2022-06-24,DIG,DIG,0.0,29.83,0.0321,-185766000.0,0.0,0.0,0.1706,-6118000.0,-10101000.0,BALANCED,-5.7339
2022-06-27,DIG,DIG,0.0,31.53,0.0571,-185766000.0,0.0,0.0,0.1706,-6118000.0,-10101000.0,BALANCED,-5.7339
2022-06-28,DIG,DIG,-4980000.0,33.2,0.0527,-190746000.0,0.0,-4980000.0,-2.0803,-11098000.0,-15126000.0,DISTRIBUTION,-64.0085
2022-06-29,DIG,DIG,0.0,30.97,-0.0672,-190746000.0,0.0,0.0,0.2336,-6425000.0,-10755000.0,BALANCED,-4.1606
2022-06-30,DIG,DIG,-1486000.0,29.71,-0.0404,-192232000.0,0.0,-1486000.0,-0.4328,-6466000.0,-5449000.0,BALANCED,-22.8209
2022-07-01,DIG,DIG,0.0,30.53,0.0274,-192232000.0,0.0,0.0,0.256,-6466000.0,-5449000.0,BALANCED,-3.6005
2022-07-05,DIG,DIG,0.0,28.14,-0.0783,-192232000.0,0.0,0.0,0.256,-6466000.0,-5449000.0,BALANCED,-3.6005
2022-07-06,DIG,DIG,0.0,27.12,-0.0363,-192232000.0,0.0,0.0,0.256,-1486000.0,-5449000.0,BALANCED,-3.6005
2022-07-07,DIG,DIG,-1457000.0,29.13,0.0742,-193689000.0,0.0,-1457000.0,-0.3962,-2943000.0,-9362000.0,BALANCED,-21.9058
2022-07-08,DIG,DIG,1455000.0,29.11,-0.0008,-192234000.0,1455000.0,0.0,0.9162,-2000.0,-7907000.0,BALANCED,14.9047
2022-07-11,DIG,DIG,-2853000.0,28.53,-0.0199,-195087000.0,0.0,-2853000.0,-0.9901,-2855000.0,-15441000.0,BALANCED,-36.7515
2022-07-12,DIG,DIG,0.0,27.41,-0.0393,-195087000.0,0.0,0.0,0.2906,-2855000.0,-15441000.0,BALANCED,-2.7348
2022-07-13,DIG,DIG,0.0,27.36,-0.0017,-195087000.0,0.0,0.0,0.2913,-2855000.0,-15441000.0,BALANCED,-2.7164
2022-07-14,DIG,DIG,0.0,26.4,-0.0353,-195087000.0,0.0,0.0,0.2379,-1398000.0,-15439000.0,BALANCED,-4.0536
2022-07-15,DIG,DIG,-2730000.0,27.3,0.0343,-197817000.0,0.0,-2730000.0,-1.3075,-5583000.0,-18169000.0,BALANCED,-44.6883
2022-07-18,DIG,DIG,0.0,28.4,0.0403,-197817000.0,0.0,0.0,0.2036,-2730000.0,-18169000.0,BALANCED,-4.9104
2022-07-19,DIG,DIG,-4532000.0,30.22,0.0639,-202349000.0,0.0,-4532000.0,-2.0497,-7262000.0,-22701000.0,DISTRIBUTION,-63.2419
2022-07-20,DIG,DIG,0.0,30.89,0.0222,-202349000.0,0.0,0.0,0.265,-7262000.0,-22701000.0,BALANCED,-3.3748
2022-07-21,DIG,DIG,-1495000.0,29.91,-0.0317,-203844000.0,0.0,-1495000.0,-0.4486,-8757000.0,-19523000.0,BALANCED,-23.2151
2022-07-22,DIG,DIG,0.0,29.34,-0.0188,-203844000.0,0.0,0.0,0.3456,-6027000.0,-18078000.0,BALANCED,-1.3597
2022-07-25,DIG,DIG,0.0,31.53,0.0746,-203844000.0,0.0,0.0,0.5049,-6027000.0,-18078000.0,BALANCED,2.6217
2022-07-26,DIG,DIG,-1552000.0,31.05,-0.0154,-205396000.0,0.0,-1552000.0,-0.4347,-3047000.0,-19630000.0,BALANCED,-22.8674
2022-07-27,DIG,DIG,0.0,32.42,0.0443,-205396000.0,0.0,0.0,0.5379,-3047000.0,-14650000.0,BALANCED,3.4471
2022-07-28,DIG,DIG,0.0,32.85,0.0131,-205396000.0,0.0,0.0,0.5378,-1552000.0,-14650000.0,BALANCED,3.4458
2022-07-29,DIG,DIG,0.0,35.77,0.089,-205396000.0,0.0,0.0,0.5378,-1552000.0,-13164000.0,BALANCED,3.4458
2022-08-01,DIG,DIG,0.0,34.25,-0.0425,-205396000.0,0.0,0.0,0.5378,-1552000.0,-13164000.0,BALANCED,3.4458
2022-08-02,DIG,DIG,0.0,34.16,-0.0026,-205396000.0,0.0,0.0,0.5378,0.0,-13164000.0,BALANCED,13.4458
2022-08-03,DIG,DIG,0.0,32.29,-0.0549,-205396000.0,0.0,0.0,0.5378,0.0,-13164000.0,BALANCED,13.4458
2022-08-04,DIG,DIG,-1502000.0,30.03,-0.0698,-206898000.0,0.0,-1502000.0,-0.5237,-1502000.0,-13209000.0,BALANCED,-25.0937
2022-08-05,DIG,DIG,0.0,31.25,0.0408,-206898000.0,0.0,0.0,0.4922,-1502000.0,-14664000.0,BALANCED,2.3051
2022-08-08,DIG,DIG,0.0,31.6,0.011,-206898000.0,0.0,0.0,0.4922,-1502000.0,-11811000.0,BALANCED,2.3051
2022-08-09,DIG,DIG,0.0,32.69,0.0344,-206898000.0,0.0,0.0,0.4922,-1502000.0,-11811000.0,BALANCED,2.3051
2022-08-10,DIG,DIG,0.0,33.28,0.0182,-206898000.0,0.0,0.0,0.454,-1502000.0,-11811000.0,BALANCED,1.3502
2022-08-11,DIG,DIG,0.0,35.48,0.066,-206898000.0,0.0,0.0,0.454,0.0,-11811000.0,BALANCED,11.3502
2022-08-12,DIG,DIG,-1805000.0,36.11,0.0177,-208703000.0,0.0,-1805000.0,-1.0501,-1805000.0,-10886000.0,BALANCED,-38.2522
2022-08-15,DIG,DIG,0.0,34.79,-0.0365,-208703000.0,0.0,0.0,0.459,-1805000.0,-10886000.0,BALANCED,1.4759
2022-08-16,DIG,DIG,0.0,34.6,-0.0054,-208703000.0,0.0,0.0,0.459,-1805000.0,-6354000.0,BALANCED,1.4759
2022-08-17,DIG,DIG,0.0,35.12,0.015,-208703000.0,0.0,0.0,0.459,-1805000.0,-6354000.0,BALANCED,1.4759
2022-08-18,DIG,DIG,0.0,37.01,0.0538,-208703000.0,0.0,0.0,0.4215,-1805000.0,-4859000.0,BALANCED,0.5364
2022-08-19,DIG,DIG,0.0,36.9,-0.0029,-208703000.0,0.0,0.0,0.4844,0.0,-4859000.0,BALANCED,12.1096
2022-08-22,DIG,DIG,-1835000.0,36.7,-0.0053,-210538000.0,0.0,-1835000.0,-1.227,-1835000.0,-6694000.0,BALANCED,-42.6759
2022-08-23,DIG,DIG,0.0,39.22,0.0687,-210538000.0,0.0,0.0,0.4788,-1835000.0,-5142000.0,BALANCED,1.9693
2022-08-24,DIG,DIG,0.0,40.22,0.0255,-210538000.0,0.0,0.0,0.4788,-1835000.0,-5142000.0,BALANCED,1.9693
2022-08-25,DIG,DIG,4085000.0,40.85,0.0155,-206453000.0,4085000.0,0.0,3.2743,2250000.0,-1057000.0,ACCUMULATION,93.8586
2022-08-26,DIG,DIG,0.0,39.95,-0.0218,-206453000.0,0.0,0.0,0.2231,2250000.0,-1057000.0,BALANCED,15.5784
2022-08-29,DIG,DIG,0.0,41.08,0.0282,-206453000.0,0.0,0.0,0.2231,4085000.0,-1057000.0,BALANCED,15.5784
2022-08-30,DIG,DIG,-3832000.0,38.32,-0.0673,-210285000.0,0.0,-3832000.0,-2.9366,253000.0,-4889000.0,DISTRIBUTION,-65.4162
2022-08-31,DIG,DIG,0.0,37.7,-0.0161,-210285000.0,0.0,0.0,0.2178,253000.0,-4889000.0,BALANCED,15.4439
2022-09-01,DIG,DIG,1798000.0,35.95,-0.0463,-208487000.0,1798000.0,0.0,1.5646,-2034000.0,-1589000.0,ACCUMULATION,31.1145
2022-09-02,DIG,DIG,-5603000.0,37.35,0.0388,-214090000.0,0.0,-5603000.0,-3.2985,-7637000.0,-7192000.0,DISTRIBUTION,-94.4616
2022-09-06,DIG,DIG,0.0,36.52,-0.0222,-214090000.0,0.0,0.0,0.2141,-7637000.0,-7192000.0,BALANCED,-4.6472
2022-09-07,DIG,DIG,0.0,35.79,-0.0201,-214090000.0,0.0,0.0,0.1835,-3805000.0,-7192000.0,BALANCED,-5.4134
2022-09-08,DIG,DIG,0.0,36.23,0.0125,-214090000.0,0.0,0.0,0.1835,-3805000.0,-7192000.0,BALANCED,-5.4134
2022-09-09,DIG,DIG,0.0,37.96,0.0476,-214090000.0,0.0,0.0,0.1835,-5603000.0,-7192000.0,BALANCED,-5.4134
2022-09-12,DIG,DIG,0.0,39.27,0.0345,-214090000.0,0.0,0.0,0.1835,0.0,-5387000.0,BALANCED,4.5866
2022-09-13,DIG,DIG,0.0,37.38,-0.048,-214090000.0,0.0,0.0,0.1835,0.0,-5387000.0,BALANCED,4.5866
2022-09-14,DIG,DIG,0.0,39.61,0.0596,-214090000.0,0.0,0.0,0.1835,0.0,-5387000.0,BALANCED,4.5866
2022-09-15,DIG,DIG,0.0,37.62,-0.0503,-214090000.0,0.0,0.0,0.1835,0.0,-5387000.0,BALANCED,4.5866
2022-09-16,DIG,DIG,0.0,35.97,-0.0439,-214090000.0,0.0,0.0,0.1533,0.0,-5387000.0,BALANCED,3.8331
2022-09-19,DIG,DIG,0.0,36.09,0.0034,-214090000.0,0.0,0.0,0.1533,0.0,-5387000.0,BALANCED,3.8331
2022-09-20,DIG,DIG,0.0,35.58,-0.0143,-214090000.0,0.0,0.0,0.1533,0.0,-3552000.0,BALANCED,3.8331
2022-09-21,DIG,DIG,0.0,34.51,-0.0301,-214090000.0,0.0,0.0,0.1533,0.0,-3552000.0,BALANCED,3.8331
2022-09-22,DIG,DIG,0.0,34.11,-0.0115,-214090000.0,0.0,0.0,0.1533,0.0,-3552000.0,BALANCED,3.8331
2022-09-23,DIG,DIG,0.0,29.49,-0.1355,-214090000.0,0.0,0.0,0.1533,0.0,-7637000.0,BALANCED,3.8331
2022-09-26,DIG,DIG,0.0,27.88,-0.0543,-214090000.0,0.0,0.0,0.1169,0.0,-7637000.0,BALANCED,2.9231
2022-09-27,DIG,DIG,-1428000.0,28.56,0.0244,-215518000.0,0.0,-1428000.0,-0.7737,-1428000.0,-9065000.0,BALANCED,-31.3428
2022-09-28,DIG,DIG,3118000.0,31.18,0.0915,-212400000.0,3118000.0,0.0,1.9434,1690000.0,-2115000.0,ACCUMULATION,60.5838
2022-09-29,DIG,DIG,0.0,31.01,-0.0053,-212400000.0,0.0,0.0,0.0739,1690000.0,-2115000.0,BALANCED,11.8472
2022-09-30,DIG,DIG,0.0,30.57,-0.0144,-212400000.0,0.0,0.0,0.0739,1690000.0,-3913000.0,BALANCED,11.8472
2022-10-03,DIG,DIG,0.0,33.96,0.111,-212400000.0,0.0,0.0,0.0739,1690000.0,1690000.0,BALANCED,11.8472
2022-10-04,DIG,DIG,0.0,36.89,0.0863,-212400000.0,0.0,0.0,0.0379,3118000.0,1690000.0,BALANCED,10.9483
2022-10-05,DIG,DIG,0.0,38.27,0.0373,-212400000.0,0.0,0.0,0.0379,0.0,1690000.0,BALANCED,0.9483
2022-10-06,DIG,DIG,0.0,39.44,0.0306,-212400000.0,0.0,0.0,0.0379,0.0,1690000.0,BALANCED,0.9483
2022-10-07,DIG,DIG,0.0,38.82,-0.0157,-212400000.0,0.0,0.0,0.1379,0.0,1690000.0,BALANCED,3.4485
2022-10-10,DIG,DIG,0.0,37.27,-0.0399,-212400000.0,0.0,0.0,0.1379,0.0,1690000.0,BALANCED,3.4485
2022-10-11,DIG,DIG,0.0,36.79,-0.0129,-212400000.0,0.0,0.0,0.1379,0.0,1690000.0,BALANCED,3.4485
2022-10-12,DIG,DIG,0.0,37.31,0.0141,-212400000.0,0.0,0.0,0.0558,0.0,1690000.0,BALANCED,1.3958
2022-10-13,DIG,DIG,-2013000.0,40.26,0.0792,-214413000.0,0.0,-2013000.0,-1.4301,-2013000.0,-323000.0,BALANCED,-47.7525
2022-10-14,DIG,DIG,-3721000.0,37.21,-0.0757,-218134000.0,0.0,-3721000.0,-2.4048,-5734000.0,-4044000.0,DISTRIBUTION,-74.1197
2022-10-17,DIG,DIG,0.0,38.12,0.0244,-218134000.0,0.0,0.0,0.1345,-5734000.0,-4044000.0,BALANCED,-6.6366
2022-10-18,DIG,DIG,0.0,38.67,0.0145,-218134000.0,0.0,0.0,0.1345,-5734000.0,-4044000.0,BALANCED,-6.6366
2022-10-19,DIG,DIG,0.0,40.82,0.0554,-218134000.0,0.0,0.0,0.1345,-5734000.0,-4044000.0,BALANCED,-6.6366
2022-10-20,DIG,DIG,-2043000.0,40.87,0.0012,-220177000.0,0.0,-2043000.0,-1.7356,-5764000.0,-6087000.0,DISTRIBUTION,-55.3896
2022-10-21,DIG,DIG,0.0,42.99,0.052,-220177000.0,0.0,0.0,0.1914,-2043000.0,-6087000.0,BALANCED,-5.2156
2022-10-24,DIG,DIG,-2164000.0,43.28,0.0066,-222341000.0,0.0,-2164000.0,-1.6896,-4207000.0,-8251000.0,DISTRIBUTION,-54.2406
2022-10-25,DIG,DIG,0.0,43.37,0.0021,-222341000.0,0.0,0.0,0.246,-4207000.0,-6823000.0,BALANCED,-3.8498
2022-10-26,DIG,DIG,0.0,44.49,0.0259,-222341000.0,0.0,0.0,0.246,-4207000.0,-9941000.0,BALANCED,-3.8498
2022-10-27,DIG,DIG,0.0,44.73,0.0054,-222341000.0,0.0,0.0,0.246,-2164000.0,-9941000.0,BALANCED,-3.8498
2022-10-28,DIG,DIG,0.0,45.3,0.0127,-222341000.0,0.0,0.0,0.246,-2164000.0,-9941000.0,BALANCED,-3.8498
2022-10-31,DIG,DIG,0.0,45.99,0.0153,-222341000.0,0.0,0.0,0.246,0.0,-9941000.0,BALANCED,6.1502
2022-11-01,DIG,DIG,-2344000.0,46.88,0.0194,-224685000.0,0.0,-2344000.0,-1.6895,-2344000.0,-12285000.0,DISTRIBUTION,-54.2369
2022-11-02,DIG,DIG,0.0,44.85,-0.0433,-224685000.0,0.0,0.0,0.2997,-2344000.0,-12285000.0,BALANCED,-2.5073
2022-11-03,DIG,DIG,0.0,46.59,0.0388,-224685000.0,0.0,0.0,0.2997,-2344000.0,-12285000.0,BALANCED,-2.5073
2022-11-04,DIG,DIG,0.0,47.56,0.0206,-224685000.0,0.0,0.0,0.2997,-2344000.0,-12285000.0,BALANCED,-2.5073
2022-11-07,DIG,DIG,0.0,49.22,0.0349,-224685000.0,0.0,0.0,0.2997,-2344000.0,-12285000.0,BALANCED,-2.5073
2022-11-08,DIG,DIG,0.0,49.23,0.0003,-224685000.0,0.0,0.0,0.2629,0.0,-12285000.0,BALANCED,6.5731
2022-11-09,DIG,DIG,-2219000.0,44.38,-0.0985,-226904000.0,0.0,-2219000.0,-1.7018,-2219000.0,-14504000.0,DISTRIBUTION,-54.5452
2022-11-10,DIG,DIG,0.0,46.5,0.0479,-226904000.0,0.0,0.0,0.4741,-2219000.0,-12491000.0,BALANCED,1.8518
2022-11-14,DIG,DIG,0.0,48.79,0.0491,-226904000.0,0.0,0.0,0.4741,-2219000.0,-8770000.0,BALANCED,1.8518
2022-11-15,DIG,DIG,0.0,50.02,0.0252,-226904000.0,0.0,0.0,0.4741,-2219000.0,-8770000.0,BALANCED,1.8518
2022-11-16,DIG,DIG,0.0,47.95,-0.0413,-226904000.0,0.0,0.0,0.4741,-2219000.0,-8770000.0,BALANCED,1.8518
2022-11-17,DIG,DIG,0.0,48.13,0.0037,-226904000.0,0.0,0.0,0.4741,0.0,-8770000.0,BALANCED,11.8518
2022-11-18,DIG,DIG,2367000.0,47.33,-0.0165,-224537000.0,2367000.0,0.0,2.4255,2367000.0,-4360000.0,ACCUMULATION,72.6377
2022-11-21,DIG,DIG,-2299000.0,45.97,-0.0288,-226836000.0,0.0,-2299000.0,-1.5267,68000.0,-6659000.0,DISTRIBUTION,-30.1669
2022-11-22,DIG,DIG,0.0,48.96,0.065,-226836000.0,0.0,0.0,0.4041,68000.0,-4495000.0,BALANCED,20.1034
2022-11-23,DIG,DIG,0.0,47.87,-0.0221,-226836000.0,0.0,0.0,0.4041,68000.0,-4495000.0,BALANCED,20.1034
2022-11-25,DIG,DIG,-2381000.0,47.62,-0.0052,-229217000.0,0.0,-2381000.0,-1.4728,-2313000.0,-6876000.0,BALANCED,-48.821
2022-11-28,DIG,DIG,0.0,45.0,-0.055,-229217000.0,0.0,0.0,0.4082,-4680000.0,-6876000.0,BALANCED,0.2059
2022-11-29,DIG,DIG,0.0,46.16,0.0256,-229217000.0,0.0,0.0,0.3531,-2381000.0,-6876000.0,BALANCED,-1.1715
2022-11-30,DIG,DIG,0.0,46.82,0.0143,-229217000.0,0.0,0.0,0.3531,-2381000.0,-6876000.0,BALANCED,-1.1715
2022-12-01,DIG,DIG,0.0,46.31,-0.0108,-229217000.0,0.0,0.0,0.3531,-2381000.0,-4532000.0,BALANCED,-1.1715
2022-12-02,DIG,DIG,0.0,45.76,-0.012,-229217000.0,0.0,0.0,0.3531,0.0,-4532000.0,BALANCED,8.8285
2022-12-05,DIG,DIG,0.0,42.98,-0.0608,-229217000.0,0.0,0.0,0.3017,0.0,-4532000.0,BALANCED,7.5419
2022-12-06,DIG,DIG,-2033000.0,40.66,-0.0539,-231250000.0,0.0,-2033000.0,-1.5914,-2033000.0,-6565000.0,DISTRIBUTION,-51.7838
2022-12-07,DIG,DIG,0.0,40.44,-0.0054,-231250000.0,0.0,0.0,0.2998,-2033000.0,-6565000.0,BALANCED,-2.5061
2022-12-08,DIG,DIG,-3996000.0,39.96,-0.0119,-235246000.0,0.0,-3996000.0,-2.9799,-6029000.0,-10561000.0,DISTRIBUTION,-86.4978
2022-12-09,DIG,DIG,0.0,38.18,-0.0446,-235246000.0,0.0,0.0,0.3595,-6029000.0,-8342000.0,BALANCED,-1.0129
2022-12-12,DIG,DIG,0.0,40.12,0.0508,-235246000.0,0.0,0.0,0.3595,-6029000.0,-8342000.0,BALANCED,-1.0129
2022-12-13,DIG,DIG,-2078000.0,41.57,0.0361,-237324000.0,0.0,-2078000.0,-1.2828,-6074000.0,-10420000.0,BALANCED,-44.0709
2022-12-14,DIG,DIG,0.0,41.11,-0.0109,-237324000.0,0.0,0.0,0.4059,-6074000.0,-10420000.0,BALANCED,0.1467
2022-12-15,DIG,DIG,0.0,40.68,-0.0106,-237324000.0,0.0,0.0,0.3562,-2078000.0,-10420000.0,BALANCED,-1.0957
2022-12-16,DIG,DIG,0.0,39.53,-0.0283,-237324000.0,0.0,0.0,0.3562,-2078000.0,-10420000.0,BALANCED,-1.0957
2022-12-19,DIG,DIG,0.0,39.45,-0.0019,-237324000.0,0.0,0.0,0.3562,-2078000.0,-12787000.0,BALANCED,-1.0957
2022-12-20,DIG,DIG,0.0,40.58,0.0286,-237324000.0,0.0,0.0,0.3562,0.0,-10488000.0,BALANCED,8.9043
2022-12-21,DIG,DIG,0.0,42.18,0.0395,-237324000.0,0.0,0.0,0.3562,0.0,-10488000.0,BALANCED,8.9043
2022-12-22,DIG,DIG,0.0,39.85,-0.0492,-237324000.0,0.0,0.0,0.3562,0.0,-10488000.0,BALANCED,8.9043
2022-12-23,DIG,DIG,0.0,42.35,0.0628,-237324000.0,0.0,0.0,0.306,0.0,-8107000.0,BALANCED,7.6506
2022-12-27,DIG,DIG,0.0,43.19,0.0197,-237324000.0,0.0,0.0,0.306,0.0,-8107000.0,BALANCED,7.6506
2022-12-28,DIG,DIG,0.0,41.1,-0.0483,-237324000.0,0.0,0.0,0.306,0.0,-8107000.0,BALANCED,7.6506
2022-12-29,DIG,DIG,0.0,41.9,0.0193,-237324000.0,0.0,0.0,0.306,0.0,-8107000.0,BALANCED,7.6506
2022-12-30,DIG,DIG,0.0,42.49,0.0141,-237324000.0,0.0,0.0,0.306,0.0,-8107000.0,BALANCED,7.6506
2023-01-03,DIG,DIG,1961000.0,39.23,-0.0767,-235363000.0,1961000.0,0.0,1.8542,1961000.0,-6146000.0,ACCUMULATION,58.3543
2023-01-04,DIG,DIG,3938000.0,39.38,0.0039,-231425000.0,3938000.0,0.0,3.0786,5899000.0,-2208000.0,ACCUMULATION,90.9646
2023-01-05,DIG,DIG,0.0,40.71,0.0337,-231425000.0,0.0,0.0,0.118,5899000.0,-175000.0,BALANCED,12.9498
2023-01-06,DIG,DIG,0.0,42.12,0.0346,-231425000.0,0.0,0.0,0.118,5899000.0,-175000.0,BALANCED,12.9498
2023-01-09,DIG,DIG,0.0,41.89,-0.0055,-231425000.0,0.0,0.0,0.118,5899000.0,3821000.0,BALANCED,12.9498
2023-01-10,DIG,DIG,0.0,42.55,0.0159,-231425000.0,0.0,0.0,0.06,3938000.0,3821000.0,BALANCED,11.5005
2023-01-11,DIG,DIG,0.0,42.9,0.0082,-231425000.0,0.0,0.0,0.06,0.0,3821000.0,BALANCED,1.5005
2023-01-12,DIG,DIG,2227000.0,44.54,0.0383,-229198000.0,2227000.0,0.0,1.7175,2227000.0,8126000.0,ACCUMULATION,54.9367
2023-01-13,DIG,DIG,0.0,44.69,0.0032,-229198000.0,0.0,0.0,-0.0005,2227000.0,8126000.0,BALANCED,9.9878
2023-01-17,DIG,DIG,0.0,44.71,0.0004,-229198000.0,0.0,0.0,-0.0005,2227000.0,8126000.0,BALANCED,9.9878
2023-01-18,DIG,DIG,0.0,43.15,-0.0348,-229198000.0,0.0,0.0,-0.0005,2227000.0,8126000.0,BALANCED,9.9878
2023-01-19,DIG,DIG,2198000.0,43.95,0.0186,-227000000.0,2198000.0,0.0,1.5653,4425000.0,10324000.0,ACCUMULATION,51.1332
2023-01-20,DIG,DIG,0.0,45.11,0.0262,-227000000.0,0.0,0.0,-0.1092,2198000.0,10324000.0,BALANCED,7.2706
2023-01-23,DIG,DIG,0.0,45.1,-0.0001,-227000000.0,0.0,0.0,-0.1092,2198000.0,10324000.0,BALANCED,7.2706
2023-01-24,DIG,DIG,-2241000.0,44.81,-0.0064,-229241000.0,0.0,-2241000.0,-2.153,-43000.0,8083000.0,DISTRIBUTION,-65.8252
2023-01-25,DIG,DIG,-2234000.0,44.69,-0.0028,-231475000.0,0.0,-2234000.0,-1.9378,-2277000.0,5849000.0,DISTRIBUTION,-62.4458
2023-01-26,DIG,DIG,0.0,47.47,0.0622,-231475000.0,0.0,0.0,-0.1032,-4475000.0,5849000.0,BALANCED,-12.5807
2023-01-27,DIG,DIG,0.0,45.72,-0.0369,-231475000.0,0.0,0.0,-0.1703,-4475000.0,5849000.0,BALANCED,-14.2571
2023-01-30,DIG,DIG,0.0,43.63,-0.0456,-231475000.0,0.0,0.0,-0.1703,-4475000.0,5849000.0,BALANCED,-14.2571
2023-01-31,DIG,DIG,0.0,44.52,0.0204,-231475000.0,0.0,0.0,-0.1703,-2234000.0,5849000.0,BALANCED,-14.2571
2023-02-01,DIG,DIG,-2146000.0,42.92,-0.0359,-233621000.0,0.0,-2146000.0,-1.8571,-2146000.0,1742000.0,DISTRIBUTION,-58.4287
2023-02-02,DIG,DIG,-6116000.0,40.77,-0.0501,-239737000.0,0.0,-6116000.0,-3.612,-8262000.0,-8312000.0,DISTRIBUTION,-100.0
2023-02-03,DIG,DIG,0.0,40.56,-0.0051,-239737000.0,0.0,0.0,0.0481,-8262000.0,-8312000.0,BALANCED,-8.7966
2023-02-06,DIG,DIG,0.0,40.14,-0.0104,-239737000.0,0.0,0.0,0.0481,-8262000.0,-8312000.0,BALANCED,-8.7966
2023-02-07,DIG,DIG,0.0,42.54,0.0596,-239737000.0,0.0,0.0,0.0481,-8262000.0,-8312000.0,BALANCED,-8.7966
2023-02-08,DIG,DIG,0.0,41.77,-0.0181,-239737000.0,0.0,0.0,0.0481,-6116000.0,-8312000.0,BALANCED,-8.7966
2023-02-09,DIG,DIG,0.0,41.12,-0.0154,-239737000.0,0.0,0.0,0.0481,0.0,-8312000.0,BALANCED,1.2034
2023-02-10,DIG,DIG,0.0,44.29,0.0771,-239737000.0,0.0,0.0,0.0481,0.0,-10539000.0,BALANCED,1.2034
2023-02-13,DIG,DIG,0.0,43.96,-0.0075,-239737000.0,0.0,0.0,0.0481,0.0,-10539000.0,BALANCED,1.2034
2023-02-14,DIG,DIG,0.0,43.98,0.0004,-239737000.0,0.0,0.0,0.0481,0.0,-10539000.0,BALANCED,1.2034
2023-02-15,DIG,DIG,0.0,42.7,-0.029,-239737000.0,0.0,0.0,0.0897,0.0,-10539000.0,BALANCED,2.2415
2023-02-16,DIG,DIG,0.0,41.73,-0.0228,-239737000.0,0.0,0.0,0.1934,0.0,-12737000.0,BALANCED,4.8353
2023-02-17,DIG,DIG,0.0,38.71,-0.0722,-239737000.0,0.0,0.0,0.1934,0.0,-12737000.0,BALANCED,4.8353
2023-02-21,DIG,DIG,0.0,38.36,-0.0091,-239737000.0,0.0,0.0,0.1934,0.0,-12737000.0,BALANCED,4.8353
2023-02-22,DIG,DIG,0.0,37.88,-0.0125,-239737000.0,0.0,0.0,0.1934,0.0,-10496000.0,BALANCED,4.8353
2023-02-23,DIG,DIG,0.0,38.98,0.0289,-239737000.0,0.0,0.0,0.1934,0.0,-8262000.0,BALANCED,4.8353
2023-02-24,DIG,DIG,0.0,39.02,0.0009,-239737000.0,0.0,0.0,0.1934,0.0,-8262000.0,BALANCED,4.8353
2023-02-27,DIG,DIG,0.0,39.24,0.0057,-239737000.0,0.0,0.0,0.2595,0.0,-8262000.0,BALANCED,6.4872
2023-02-28,DIG,DIG,0.0,38.11,-0.0287,-239737000.0,0.0,0.0,0.2595,0.0,-8262000.0,BALANCED,6.4872
2023-03-01,DIG,DIG,0.0,39.65,0.0403,-239737000.0,0.0,0.0,0.2595,0.0,-8262000.0,BALANCED,6.4872
2023-03-02,DIG,DIG,0.0,40.33,0.0171,-239737000.0,0.0,0.0,0.2595,0.0,-6116000.0,BALANCED,6.4872
2023-03-03,DIG,DIG,0.0,41.49,0.0287,-239737000.0,0.0,0.0,0.3349,0.0,0.0,BALANCED,8.3718
2023-03-06,DIG,DIG,0.0,41.36,-0.0031,-239737000.0,0.0,0.0,0.3349,0.0,0.0,BALANCED,8.3718
2023-03-07,DIG,DIG,0.0,39.98,-0.0333,-239737000.0,0.0,0.0,0.3349,0.0,0.0,BALANCED,8.3718
2023-03-08,DIG,DIG,0.0,39.18,-0.02,-239737000.0,0.0,0.0,0.2862,0.0,0.0,BALANCED,7.1557
2023-03-09,DIG,DIG,0.0,38.02,-0.0296,-239737000.0,0.0,0.0,0.2353,0.0,0.0,BALANCED,5.8819
2023-03-10,DIG,DIG,0.0,36.94,-0.0284,-239737000.0,0.0,0.0,0.2353,0.0,0.0,BALANCED,5.8819
2023-03-13,DIG,DIG,0.0,35.49,-0.0393,-239737000.0,0.0,0.0,0.2353,0.0,0.0,BALANCED,5.8819
2023-03-14,DIG,DIG,0.0,36.06,0.016,-239737000.0,0.0,0.0,0.2353,0.0,0.0,BALANCED,5.8819
2023-03-15,DIG,DIG,0.0,32.25,-0.1058,-239737000.0,0.0,0.0,0.2353,0.0,0.0,BALANCED,5.8819
2023-03-16,DIG,DIG,0.0,32.91,0.0206,-239737000.0,0.0,0.0,0.1826,0.0,0.0,BALANCED,4.5644
2023-03-17,DIG,DIG,7953000.0,31.81,-0.0333,-231784000.0,7953000.0,0.0,5.2947,7953000.0,7953000.0,ACCUMULATION,100.0
2023-03-20,DIG,DIG,0.0,33.11,0.0409,-231784000.0,0.0,0.0,-0.1826,7953000.0,7953000.0,BALANCED,5.4356
2023-03-21,DIG,DIG,0.0,35.31,0.0664,-231784000.0,0.0,0.0,-0.1826,7953000.0,7953000.0,BALANCED,5.4356
2023-03-22,DIG,DIG,-5070000.0,33.8,-0.0428,-236854000.0,0.0,-5070000.0,-2.9543,2883000.0,2883000.0,DISTRIBUTION,-65.8574
2023-03-23,DIG,DIG,0.0,32.88,-0.0274,-236854000.0,0.0,0.0,-0.055,2883000.0,2883000.0,BALANCED,8.6261
2023-03-24,DIG,DIG,0.0,33.12,0.0074,-236854000.0,0.0,0.0,-0.055,-5070000.0,2883000.0,BALANCED,-11.3739
2023-03-27,DIG,DIG,0.0,34.49,0.0415,-236854000.0,0.0,0.0,-0.055,-5070000.0,2883000.0,BALANCED,-11.3739
2023-03-28,DIG,DIG,0.0,35.55,0.0308,-236854000.0,0.0,0.0,-0.055,-5070000.0,2883000.0,BALANCED,-11.3739
2023-03-29,DIG,DIG,0.0,36.58,0.029,-236854000.0,0.0,0.0,-0.055,0.0,2883000.0,BALANCED,-1.3739
2023-03-30,DIG,DIG,-1841000.0,36.83,0.0067,-238695000.0,0.0,-1841000.0,-1.0514,-1841000.0,1042000.0,BALANCED,-38.2839
2023-03-31,DIG,DIG,0.0,37.35,0.0143,-238695000.0,0.0,0.0,-0.0195,-1841000.0,1042000.0,BALANCED,-10.4867
2023-04-03,DIG,DIG,0.0,40.76,0.0913,-238695000.0,0.0,0.0,-0.0195,-1841000.0,1042000.0,BALANCED,-10.4867
2023-04-04,DIG,DIG,0.0,39.28,-0.0362,-238695000.0,0.0,0.0,-0.0195,-1841000.0,1042000.0,BALANCED,-10.4867
2023-04-05,DIG,DIG,0.0,40.38,0.0279,-238695000.0,0.0,0.0,-0.0195,-1841000.0,1042000.0,BALANCED,-10.4867
2023-04-06,DIG,DIG,-1960000.0,39.2,-0.0293,-240655000.0,0.0,-1960000.0,-1.0596,-1960000.0,-918000.0,BALANCED,-38.4892
2023-04-10,DIG,DIG,0.0,39.83,0.0162,-240655000.0,0.0,0.0,0.0168,-1960000.0,-918000.0,BALANCED,-9.5799
2023-04-11,DIG,DIG,-2027000.0,40.55,0.018,-242682000.0,0.0,-2027000.0,-1.0387,-3987000.0,-2945000.0,BALANCED,-37.967
2023-04-12,DIG,DIG,0.0,40.61,0.0015,-242682000.0,0.0,0.0,0.0529,-3987000.0,-2945000.0,BALANCED,-8.6784
2023-04-13,DIG,DIG,0.0,41.09,0.0117,-242682000.0,0.0,0.0,0.0529,-3987000.0,-2945000.0,BALANCED,-8.6784
2023-04-14,DIG,DIG,0.0,41.25,0.004,-242682000.0,0.0,0.0,0.0529,-2027000.0,-2945000.0,BALANCED,-8.6784
2023-04-17,DIG,DIG,-2011000.0,40.23,-0.0248,-244693000.0,0.0,-2011000.0,-0.9769,-4038000.0,-12909000.0,BALANCED,-36.4237
2023-04-18,DIG,DIG,0.0,40.51,0.007,-244693000.0,0.0,0.0,0.0874,-2011000.0,-12909000.0,BALANCED,-7.8141
2023-04-19,DIG,DIG,0.0,40.27,-0.006,-244693000.0,0.0,0.0,0.0874,-2011000.0,-12909000.0,BALANCED,-7.8141
2023-04-20,DIG,DIG,0.0,39.54,-0.018,-244693000.0,0.0,0.0,0.0874,-2011000.0,-7839000.0,BALANCED,-7.8141
2023-04-21,DIG,DIG,0.0,39.05,-0.0125,-244693000.0,0.0,0.0,0.0874,-2011000.0,-7839000.0,BALANCED,-7.8141
2023-04-24,DIG,DIG,0.0,40.23,0.0302,-244693000.0,0.0,0.0,0.0874,0.0,-7839000.0,BALANCED,2.1859
2023-04-25,DIG,DIG,0.0,38.69,-0.0382,-244693000.0,0.0,0.0,0.0874,0.0,-7839000.0,BALANCED,2.1859
2023-04-26,DIG,DIG,0.0,37.69,-0.0259,-244693000.0,0.0,0.0,0.0874,0.0,-7839000.0,BALANCED,2.1859
2023-04-27,DIG,DIG,0.0,37.93,0.0065,-244693000.0,0.0,0.0,0.0874,0.0,-7839000.0,BALANCED,2.1859
2023-04-28,DIG,DIG,0.0,39.1,0.0308,-244693000.0,0.0,0.0,0.0874,0.0,-5998000.0,BALANCED,2.1859
2023-05-01,DIG,DIG,0.0,38.22,-0.0224,-244693000.0,0.0,0.0,0.3887,0.0,-5998000.0,BALANCED,9.7183
2023-05-02,DIG,DIG,0.0,34.92,-0.0865,-244693000.0,0.0,0.0,0.3887,0.0,-5998000.0,BALANCED,9.7183
2023-05-03,DIG,DIG,0.0,33.59,-0.0381,-244693000.0,0.0,0.0,0.3887,0.0,-5998000.0,BALANCED,9.7183
2023-05-04,DIG,DIG,0.0,32.77,-0.0243,-244693000.0,0.0,0.0,0.3853,0.0,-5998000.0,BALANCED,9.6333
2023-05-05,DIG,DIG,0.0,34.59,0.0554,-244693000.0,0.0,0.0,0.3853,0.0,-4038000.0,BALANCED,9.6333
2023-05-08,DIG,DIG,0.0,34.58,-0.0001,-244693000.0,0.0,0.0,0.3853,0.0,-4038000.0,BALANCED,9.6333
2023-05-09,DIG,DIG,0.0,34.58,-0.0,-244693000.0,0.0,0.0,0.3853,0.0,-2011000.0,BALANCED,9.6333
2023-05-10,DIG,DIG,0.0,33.81,-0.0223,-244693000.0,0.0,0.0,0.3853,0.0,-2011000.0,BALANCED,9.6333
2023-05-11,DIG,DIG,0.0,32.98,-0.0247,-244693000.0,0.0,0.0,0.3853,0.0,-2011000.0,BALANCED,9.6333
2023-05-12,DIG,DIG,6616000.0,33.08,0.0031,-238077000.0,6616000.0,0.0,4.7567,6616000.0,4605000.0,ACCUMULATION,100.0
2023-05-15,DIG,DIG,-3338000.0,33.38,0.0093,-241415000.0,0.0,-3338000.0,-2.1418,3278000.0,3278000.0,DISTRIBUTION,-45.5461
2023-05-16,DIG,DIG,0.0,31.69,-0.0506,-241415000.0,0.0,0.0,0.0598,3278000.0,3278000.0,BALANCED,11.495
2023-05-17,DIG,DIG,3297000.0,32.97,0.0403,-238118000.0,3297000.0,0.0,2.0016,6575000.0,6575000.0,ACCUMULATION,62.0402
2023-05-18,DIG,DIG,0.0,33.41,0.0133,-238118000.0,0.0,0.0,-0.0117,6575000.0,6575000.0,BALANCED,9.7064
2023-05-19,DIG,DIG,0.0,33.89,0.0143,-238118000.0,0.0,0.0,-0.053,-41000.0,6575000.0,BALANCED,-11.326
2023-05-22,DIG,DIG,-5049000.0,33.66,-0.0068,-243167000.0,0.0,-5049000.0,-2.6844,-1752000.0,1526000.0,DISTRIBUTION,-79.1096
2023-05-23,DIG,DIG,0.0,34.32,0.0197,-243167000.0,0.0,0.0,0.0089,-1752000.0,1526000.0,BALANCED,-9.7771
2023-05-24,DIG,DIG,0.0,34.67,0.0101,-243167000.0,0.0,0.0,0.0089,-5049000.0,1526000.0,BALANCED,-9.7771
2023-05-25,DIG,DIG,0.0,33.35,-0.038,-243167000.0,0.0,0.0,0.0089,-5049000.0,1526000.0,BALANCED,-9.7771
2023-05-26,DIG,DIG,0.0,33.11,-0.0072,-243167000.0,0.0,0.0,0.0089,-5049000.0,1526000.0,BALANCED,-9.7771
2023-05-30,DIG,DIG,0.0,32.46,-0.0197,-243167000.0,0.0,0.0,-0.0287,0.0,1526000.0,BALANCED,-0.7171
2023-05-31,DIG,DIG,1564000.0,31.27,-0.0365,-241603000.0,1564000.0,0.0,0.8141,1564000.0,3090000.0,BALANCED,32.352
2023-06-01,DIG,DIG,1602000.0,32.05,0.0247,-240001000.0,1602000.0,0.0,0.7964,3166000.0,4692000.0,BALANCED,33.9095
2023-06-02,DIG,DIG,0.0,33.98,0.0604,-240001000.0,0.0,0.0,-0.0862,3166000.0,4692000.0,BALANCED,7.846
2023-06-05,DIG,DIG,0.0,33.56,-0.0125,-240001000.0,0.0,0.0,-0.0862,3166000.0,4692000.0,BALANCED,7.846
2023-06-06,DIG,DIG,-1703000.0,34.06,0.015,-241704000.0,0.0,-1703000.0,-0.9762,1463000.0,2989000.0,BALANCED,-16.4044
2023-06-07,DIG,DIG,0.0,35.88,0.0534,-241704000.0,0.0,0.0,-0.054,-101000.0,2989000.0,BALANCED,-11.3489
2023-06-08,DIG,DIG,-1777000.0,35.53,-0.0096,-243481000.0,0.0,-1777000.0,-0.9676,-3480000.0,1212000.0,BALANCED,-36.1911
2023-06-09,DIG,DIG,0.0,35.14,-0.0109,-243481000.0,0.0,0.0,-0.0215,-3480000.0,1212000.0,BALANCED,-10.5378
2023-06-12,DIG,DIG,0.0,34.46,-0.0196,-243481000.0,0.0,0.0,-0.0215,-3480000.0,-5404000.0,BALANCED,-10.5378
2023-06-13,DIG,DIG,-1740000.0,34.79,0.0098,-245221000.0,0.0,-1740000.0,-0.9036,-3517000.0,-3806000.0,BALANCED,-34.5904
2023-06-14,DIG,DIG,0.0,34.03,-0.0218,-245221000.0,0.0,0.0,0.0092,-3517000.0,-3806000.0,BALANCED,-9.7692
2023-06-15,DIG,DIG,0.0,34.73,0.0204,-245221000.0,0.0,0.0,0.0092,-1740000.0,-7103000.0,BALANCED,-9.7692
2023-06-16,DIG,DIG,-1733000.0,34.66,-0.0019,-246954000.0,0.0,-1733000.0,-0.8581,-3473000.0,-8836000.0,BALANCED,-33.4536
2023-06-20,DIG,DIG,0.0,33.08,-0.0456,-246954000.0,0.0,0.0,0.039,-3473000.0,-8836000.0,BALANCED,-9.0246
2023-06-21,DIG,DIG,6729000.0,33.65,0.017,-240225000.0,6729000.0,0.0,2.8648,4996000.0,2942000.0,ACCUMULATION,83.6202
2023-06-22,DIG,DIG,-1637000.0,32.74,-0.027,-241862000.0,0.0,-1637000.0,-0.7463,3359000.0,1305000.0,BALANCED,-10.6582
2023-06-23,DIG,DIG,1611000.0,32.23,-0.0156,-240251000.0,1611000.0,0.0,0.6262,4970000.0,2916000.0,BALANCED,27.6552
2023-06-26,DIG,DIG,0.0,33.36,0.035,-240251000.0,0.0,0.0,-0.0634,6703000.0,2916000.0,BALANCED,8.4155
2023-06-27,DIG,DIG,-5030000.0,33.53,0.0054,-245281000.0,0.0,-5030000.0,-2.19,1673000.0,-2114000.0,DISTRIBUTION,-46.7488
2023-06-28,DIG,DIG,0.0,34.2,0.0197,-245281000.0,0.0,0.0,0.0611,-5056000.0,-2114000.0,BALANCED,-8.4714
2023-06-29,DIG,DIG,-1748000.0,34.96,0.0222,-247029000.0,0.0,-1748000.0,-0.7335,-5167000.0,-5426000.0,BALANCED,-30.3372
2023-06-30,DIG,DIG,-1769000.0,35.38,0.0121,-248798000.0,0.0,-1769000.0,-0.6922,-8547000.0,-8797000.0,BALANCED,-31.3057
2023-07-03,DIG,DIG,0.0,35.6,0.0061,-248798000.0,0.0,0.0,0.1744,-8547000.0,-8797000.0,BALANCED,-5.6399
2023-07-05,DIG,DIG,0.0,35.18,-0.0116,-248798000.0,0.0,0.0,0.1744,-3517000.0,-8797000.0,BALANCED,-5.6399
2023-07-06,DIG,DIG,0.0,33.57,-0.0458,-248798000.0,0.0,0.0,0.1021,-3517000.0,-7094000.0,BALANCED,-7.4485
2023-07-07,DIG,DIG,0.0,35.04,0.0438,-248798000.0,0.0,0.0,0.1021,-1769000.0,-7094000.0,BALANCED,-7.4485
2023-07-10,DIG,DIG,0.0,35.5,0.0132,-248798000.0,0.0,0.0,0.1021,0.0,-5317000.0,BALANCED,2.5515
2023-07-11,DIG,DIG,-1855000.0,37.09,0.0447,-250653000.0,0.0,-1855000.0,-0.8615,-1855000.0,-7172000.0,BALANCED,-33.5374
2023-07-12,DIG,DIG,0.0,37.75,0.0176,-250653000.0,0.0,0.0,0.1339,-1855000.0,-7172000.0,BALANCED,-6.6525
2023-07-13,DIG,DIG,0.0,37.43,-0.0084,-250653000.0,0.0,0.0,0.1339,-1855000.0,-5432000.0,BALANCED,-6.6525
2023-07-14,DIG,DIG,0.0,35.44,-0.0531,-250653000.0,0.0,0.0,0.1646,-1855000.0,-5432000.0,BALANCED,-5.885
2023-07-17,DIG,DIG,0.0,35.33,-0.0032,-250653000.0,0.0,0.0,0.1974,-1855000.0,-5432000.0,BALANCED,-5.064
2023-07-18,DIG,DIG,0.0,36.07,0.0211,-250653000.0,0.0,0.0,0.1974,0.0,-3699000.0,BALANCED,4.936
2023-07-19,DIG,DIG,0.0,36.43,0.0099,-250653000.0,0.0,0.0,0.1974,0.0,-3699000.0,BALANCED,4.936
2023-07-20,DIG,DIG,0.0,37.3,0.0239,-250653000.0,0.0,0.0,0.1675,0.0,-10428000.0,BALANCED,4.1869
2023-07-21,DIG,DIG,0.0,37.92,0.0166,-250653000.0,0.0,0.0,0.1675,0.0,-8791000.0,BALANCED,4.1869
2023-07-24,DIG,DIG,0.0,39.17,0.033,-250653000.0,0.0,0.0,0.1359,0.0,-10402000.0,BALANCED,3.3965
2023-07-25,DIG,DIG,0.0,39.6,0.0109,-250653000.0,0.0,0.0,0.1359,0.0,-10402000.0,BALANCED,3.3965
2023-07-26,DIG,DIG,0.0,39.54,-0.0015,-250653000.0,0.0,0.0,0.1359,0.0,-5372000.0,BALANCED,3.3965
2023-07-27,DIG,DIG,0.0,39.05,-0.0125,-250653000.0,0.0,0.0,0.1042,0.0,-5372000.0,BALANCED,2.606
2023-07-28,DIG,DIG,0.0,39.25,0.0053,-250653000.0,0.0,0.0,0.1042,0.0,-3624000.0,BALANCED,2.606
2023-07-31,DIG,DIG,0.0,40.77,0.0386,-250653000.0,0.0,0.0,0.1042,0.0,-1855000.0,BALANCED,2.606
2023-08-01,DIG,DIG,0.0,40.39,-0.0092,-250653000.0,0.0,0.0,0.072,0.0,-1855000.0,BALANCED,1.8002
2023-08-02,DIG,DIG,0.0,39.32,-0.0265,-250653000.0,0.0,0.0,0.072,0.0,-1855000.0,BALANCED,1.8002
2023-08-03,DIG,DIG,0.0,40.07,0.0189,-250653000.0,0.0,0.0,0.3095,0.0,-1855000.0,BALANCED,7.7377
2023-08-04,DIG,DIG,0.0,40.13,0.0015,-250653000.0,0.0,0.0,0.2669,0.0,-1855000.0,BALANCED,6.6736
2023-08-07,DIG,DIG,0.0,40.27,0.0034,-250653000.0,0.0,0.0,0.3336,0.0,-1855000.0,BALANCED,8.3411
2023-08-08,DIG,DIG,0.0,40.64,0.0092,-250653000.0,0.0,0.0,0.3336,0.0,0.0,BALANCED,8.3411
2023-08-09,DIG,DIG,0.0,41.63,0.0243,-250653000.0,0.0,0.0,0.3276,0.0,0.0,BALANCED,8.1902
2023-08-10,DIG,DIG,0.0,41.65,0.0006,-250653000.0,0.0,0.0,0.3276,0.0,0.0,BALANCED,8.1902
2023-08-11,DIG,DIG,0.0,42.94,0.0308,-250653000.0,0.0,0.0,0.2627,0.0,0.0,BALANCED,6.5672
2023-08-14,DIG,DIG,0.0,42.59,-0.0081,-250653000.0,0.0,0.0,0.1826,0.0,0.0,BALANCED,4.5644
2023-08-15,DIG,DIG,0.0,40.75,-0.0432,-250653000.0,0.0,0.0,0.1826,0.0,0.0,BALANCED,4.5644
2023-08-16,DIG,DIG,0.0,40.06,-0.0169,-250653000.0,0.0,0.0,0.1826,0.0,0.0,BALANCED,4.5644
2023-08-17,DIG,DIG,-2050000.0,41.01,0.0237,-252703000.0,0.0,-2050000.0,-3.8704,-2050000.0,-2050000.0,DISTRIBUTION,-100.0
2023-08-18,DIG,DIG,0.0,41.75,0.0181,-252703000.0,0.0,0.0,0.2624,-2050000.0,-2050000.0,BALANCED,-3.4395
2023-08-21,DIG,DIG,0.0,41.24,-0.0123,-252703000.0,0.0,0.0,0.2624,-2050000.0,-2050000.0,BALANCED,-3.4395
2023-08-22,DIG,DIG,0.0,40.59,-0.0156,-252703000.0,0.0,0.0,0.1826,-2050000.0,-2050000.0,BALANCED,-5.4356
2023-08-23,DIG,DIG,0.0,40.36,-0.0056,-252703000.0,0.0,0.0,0.1826,-2050000.0,-2050000.0,BALANCED,-5.4356
2023-08-24,DIG,DIG,0.0,39.77,-0.0147,-252703000.0,0.0,0.0,0.1826,0.0,-2050000.0,BALANCED,4.5644
2023-08-25,DIG,DIG,0.0,40.55,0.0196,-252703000.0,0.0,0.0,0.1826,0.0,-2050000.0,BALANCED,4.5644
2023-08-28,DIG,DIG,0.0,41.1,0.0138,-252703000.0,0.0,0.0,0.1826,0.0,-2050000.0,BALANCED,4.5644
2023-08-29,DIG,DIG,0.0,41.33,0.0055,-252703000.0,0.0,0.0,0.1826,0.0,-2050000.0,BALANCED,4.5644
2023-08-30,DIG,DIG,0.0,41.69,0.0087,-252703000.0,0.0,0.0,0.1826,0.0,-2050000.0,BALANCED,4.5644
2023-08-31,DIG,DIG,0.0,41.76,0.0017,-252703000.0,0.0,0.0,0.1826,0.0,-2050000.0,BALANCED,4.5644
2023-09-01,DIG,DIG,-2172000.0,43.44,0.0402,-254875000.0,0.0,-2172000.0,-3.791,-2172000.0,-4222000.0,DISTRIBUTION,-100.0
2023-09-05,DIG,DIG,0.0,43.92,0.0111,-254875000.0,0.0,0.0,0.2627,-2172000.0,-4222000.0,BALANCED,-3.4337
2023-09-06,DIG,DIG,0.0,43.97,0.001,-254875000.0,0.0,0.0,0.2627,-2172000.0,-4222000.0,BALANCED,-3.4337
2023-09-07,DIG,DIG,0.0,43.83,-0.003,-254875000.0,0.0,0.0,0.2627,-2172000.0,-4222000.0,BALANCED,-3.4337
2023-09-08,DIG,DIG,0.0,44.69,0.0196,-254875000.0,0.0,0.0,0.2627,-2172000.0,-4222000.0,BALANCED,-3.4337
2023-09-11,DIG,DIG,0.0,43.53,-0.0259,-254875000.0,0.0,0.0,0.2627,0.0,-4222000.0,BALANCED,6.5663
2023-09-12,DIG,DIG,0.0,45.48,0.0448,-254875000.0,0.0,0.0,0.2627,0.0,-4222000.0,BALANCED,6.5663
2023-09-13,DIG,DIG,0.0,44.79,-0.0152,-254875000.0,0.0,0.0,0.2627,0.0,-4222000.0,BALANCED,6.5663
2023-09-14,DIG,DIG,-2292000.0,45.85,0.0236,-257167000.0,0.0,-2292000.0,-3.1281,-2292000.0,-6514000.0,DISTRIBUTION,-90.2027
2023-09-15,DIG,DIG,0.0,44.62,-0.0267,-257167000.0,0.0,0.0,0.3274,-2292000.0,-4464000.0,BALANCED,-1.8161
2023-09-18,DIG,DIG,-2261000.0,45.22,0.0133,-259428000.0,0.0,-2261000.0,-2.5926,-4553000.0,-6725000.0,DISTRIBUTION,-76.8145
2023-09-19,DIG,DIG,0.0,44.41,-0.0178,-259428000.0,0.0,0.0,0.3852,-4553000.0,-6725000.0,BALANCED,-0.3692
2023-09-20,DIG,DIG,0.0,43.57,-0.0189,-259428000.0,0.0,0.0,0.3852,-4553000.0,-6725000.0,BALANCED,-0.3692
2023-09-21,DIG,DIG,2118000.0,42.35,-0.028,-257310000.0,2118000.0,0.0,2.6687,-143000.0,-4607000.0,ACCUMULATION,58.7176
2023-09-22,DIG,DIG,0.0,42.46,0.0026,-257310000.0,0.0,0.0,0.2531,-143000.0,-4607000.0,BALANCED,-3.673
2023-09-25,DIG,DIG,0.0,43.53,0.025,-257310000.0,0.0,0.0,0.2531,2118000.0,-4607000.0,BALANCED,16.327
2023-09-26,DIG,DIG,0.0,43.04,-0.0112,-257310000.0,0.0,0.0,0.2531,2118000.0,-4607000.0,BALANCED,16.327
2023-09-27,DIG,DIG,0.0,45.15,0.0492,-257310000.0,0.0,0.0,0.2531,2118000.0,-4607000.0,BALANCED,16.327
2023-09-28,DIG,DIG,0.0,45.21,0.0013,-257310000.0,0.0,0.0,0.2531,0.0,-4607000.0,BALANCED,6.327
2023-09-29,DIG,DIG,0.0,43.43,-0.0396,-257310000.0,0.0,0.0,0.1904,0.0,-4607000.0,BALANCED,4.7605
2023-10-02,DIG,DIG,0.0,41.73,-0.0391,-257310000.0,0.0,0.0,0.1904,0.0,-2435000.0,BALANCED,4.7605
2023-10-03,DIG,DIG,0.0,41.64,-0.0021,-257310000.0,0.0,0.0,0.1904,0.0,-2435000.0,BALANCED,4.7605
2023-10-04,DIG,DIG,0.0,38.87,-0.0664,-257310000.0,0.0,0.0,0.1904,0.0,-2435000.0,BALANCED,4.7605
2023-10-05,DIG,DIG,0.0,38.47,-0.0104,-257310000.0,0.0,0.0,0.1904,0.0,-2435000.0,BALANCED,4.7605
2023-10-06,DIG,DIG,0.0,38.9,0.0111,-257310000.0,0.0,0.0,0.1904,0.0,-2435000.0,BALANCED,4.7605
2023-10-09,DIG,DIG,0.0,41.55,0.0681,-257310000.0,0.0,0.0,0.1904,0.0,-2435000.0,BALANCED,4.7605
2023-10-10,DIG,DIG,0.0,41.61,0.0015,-257310000.0,0.0,0.0,0.1904,0.0,-2435000.0,BALANCED,4.7605
2023-10-11,DIG,DIG,0.0,40.61,-0.0239,-257310000.0,0.0,0.0,0.1904,0.0,-2435000.0,BALANCED,4.7605
2023-10-12,DIG,DIG,0.0,40.63,0.0005,-257310000.0,0.0,0.0,0.1904,0.0,-143000.0,BALANCED,4.7605
2023-10-13,DIG,DIG,0.0,42.36,0.0425,-257310000.0,0.0,0.0,0.1904,0.0,-143000.0,BALANCED,4.7605
2023-10-16,DIG,DIG,0.0,42.99,0.0149,-257310000.0,0.0,0.0,0.1142,0.0,2118000.0,BALANCED,2.8546
2023-10-17,DIG,DIG,0.0,43.83,0.0196,-257310000.0,0.0,0.0,0.1142,0.0,2118000.0,BALANCED,2.8546
2023-10-18,DIG,DIG,0.0,44.61,0.0177,-257310000.0,0.0,0.0,0.1142,0.0,2118000.0,BALANCED,2.8546
2023-10-19,DIG,DIG,0.0,44.46,-0.0033,-257310000.0,0.0,0.0,0.1142,0.0,0.0,BALANCED,2.8546
2023-10-20,DIG,DIG,0.0,42.93,-0.0346,-257310000.0,0.0,0.0,0.1142,0.0,0.0,BALANCED,2.8546
2023-10-23,DIG,DIG,0.0,41.55,-0.032,-257310000.0,0.0,0.0,0.1142,0.0,0.0,BALANCED,2.8546
2023-10-24,DIG,DIG,0.0,40.36,-0.0287,-257310000.0,0.0,0.0,0.1142,0.0,0.0,BALANCED,2.8546
2023-10-25,DIG,DIG,0.0,40.18,-0.0043,-257310000.0,0.0,0.0,0.1142,0.0,0.0,BALANCED,2.8546
2023-10-26,DIG,DIG,0.0,39.58,-0.015,-257310000.0,0.0,0.0,0.0083,0.0,0.0,BALANCED,0.2071
2023-10-27,DIG,DIG,0.0,37.69,-0.0479,-257310000.0,0.0,0.0,0.0083,0.0,0.0,BALANCED,0.2071
2023-10-30,DIG,DIG,0.0,37.92,0.0063,-257310000.0,0.0,0.0,-0.1826,0.0,0.0,BALANCED,-4.5644
2023-10-31,DIG,DIG,0.0,38.15,0.0058,-257310000.0,0.0,0.0,-0.1826,0.0,0.0,BALANCED,-4.5644
2023-11-01,DIG,DIG,0.0,37.96,-0.005,-257310000.0,0.0,0.0,-0.1826,0.0,0.0,BALANCED,-4.5644
2023-11-02,DIG,DIG,0.0,40.21,0.0594,-257310000.0,0.0,0.0,0.0,0.0,0.0,BALANCED,0.0
2023-11-03,DIG,DIG,0.0,39.44,-0.019,-257310000.0,0.0,0.0,0.0,0.0,0.0,BALANCED,0.0
2023-11-06,DIG,DIG,0.0,38.51,-0.0237,-257310000.0,0.0,0.0,0.0,0.0,0.0,BALANCED,0.0
2023-11-07,DIG,DIG,0.0,36.79,-0.0446,-257310000.0,0.0,0.0,0.0,0.0,0.0,BALANCED,0.0
2023-11-08,DIG,DIG,0.0,35.86,-0.0252,-257310000.0,0.0,0.0,0.0,0.0,0.0,BALANCED,0.0
2023-11-09,DIG,DIG,-1781000.0,35.63,-0.0067,-259091000.0,0.0,-1781000.0,-5.2947,-1781000.0,-1781000.0,DISTRIBUTION,-100.0
2023-11-10,DIG,DIG,0.0,36.4,0.0217,-259091000.0,0.0,0.0,0.1826,-1781000.0,-1781000.0,BALANCED,-5.4356
2023-11-13,DIG,DIG,0.0,36.93,0.0146,-259091000.0,0.0,0.0,0.1826,-1781000.0,-1781000.0,BALANCED,-5.4356
2023-11-14,DIG,DIG,-1878000.0,37.56,0.0171,-260969000.0,0.0,-1878000.0,-3.7818,-3659000.0,-3659000.0,DISTRIBUTION,-100.0
2023-11-15,DIG,DIG,0.0,37.39,-0.0046,-260969000.0,0.0,0.0,0.2627,-3659000.0,-3659000.0,BALANCED,-3.4332
2023-11-16,DIG,DIG,0.0,35.94,-0.0387,-260969000.0,0.0,0.0,0.2627,-1878000.0,-3659000.0,BALANCED,-3.4332
2023-11-17,DIG,DIG,0.0,37.44,0.0415,-260969000.0,0.0,0.0,0.2627,-1878000.0,-3659000.0,BALANCED,-3.4332
2023-11-20,DIG,DIG,-1877000.0,37.53,0.0025,-262846000.0,0.0,-1877000.0,-3.0048,-3755000.0,-5536000.0,DISTRIBUTION,-87.12
2023-11-21,DIG,DIG,0.0,37.35,-0.0049,-262846000.0,0.0,0.0,0.3276,-1877000.0,-5536000.0,BALANCED,-1.8095
2023-11-22,DIG,DIG,0.0,37.27,-0.0019,-262846000.0,0.0,0.0,0.3276,-1877000.0,-5536000.0,BALANCED,-1.8095
2023-11-24,DIG,DIG,0.0,37.59,0.0086,-262846000.0,0.0,0.0,0.3276,-1877000.0,-5536000.0,BALANCED,-1.8095
2023-11-27,DIG,DIG,0.0,37.3,-0.0077,-262846000.0,0.0,0.0,0.3276,-1877000.0,-5536000.0,BALANCED,-1.8095
2023-11-28,DIG,DIG,0.0,37.33,0.0008,-262846000.0,0.0,0.0,0.3276,0.0,-5536000.0,BALANCED,8.1905
2023-11-29,DIG,DIG,0.0,36.75,-0.0155,-262846000.0,0.0,0.0,0.3276,0.0,-5536000.0,BALANCED,8.1905
2023-11-30,DIG,DIG,0.0,37.2,0.0123,-262846000.0,0.0,0.0,0.3276,0.0,-5536000.0,BALANCED,8.1905
2023-12-01,DIG,DIG,0.0,37.6,0.0105,-262846000.0,0.0,0.0,0.3276,0.0,-5536000.0,BALANCED,8.1905
2023-12-04,DIG,DIG,0.0,37.25,-0.0093,-262846000.0,0.0,0.0,0.3276,0.0,-5536000.0,BALANCED,8.1905
2023-12-05,DIG,DIG,0.0,35.98,-0.0339,-262846000.0,0.0,0.0,0.3276,0.0,-5536000.0,BALANCED,8.1905
2023-12-06,DIG,DIG,0.0,34.8,-0.0329,-262846000.0,0.0,0.0,0.3276,0.0,-5536000.0,BALANCED,8.1905
2023-12-07,DIG,DIG,1718000.0,34.36,-0.0127,-261128000.0,1718000.0,0.0,2.7898,1718000.0,-3818000.0,ACCUMULATION,81.7443
2023-12-08,DIG,DIG,0.0,35.12,0.0221,-261128000.0,0.0,0.0,0.1924,1718000.0,-2037000.0,BALANCED,14.8102
2023-12-11,DIG,DIG,0.0,35.19,0.0022,-261128000.0,0.0,0.0,0.1924,1718000.0,-2037000.0,BALANCED,14.8102
2023-12-12,DIG,DIG,0.0,34.22,-0.0277,-261128000.0,0.0,0.0,0.1924,1718000.0,-2037000.0,BALANCED,14.8102
2023-12-13,DIG,DIG,0.0,35.12,0.0263,-261128000.0,0.0,0.0,0.1924,1718000.0,-159000.0,BALANCED,14.8102
2023-12-14,DIG,DIG,0.0,37.22,0.0597,-261128000.0,0.0,0.0,0.1924,0.0,-159000.0,BALANCED,4.8102
2023-12-15,DIG,DIG,0.0,36.83,-0.0103,-261128000.0,0.0,0.0,0.1924,0.0,-159000.0,BALANCED,4.8102
2023-12-18,DIG,DIG,0.0,37.39,0.0151,-261128000.0,0.0,0.0,0.1924,0.0,-159000.0,BALANCED,4.8102
2023-12-19,DIG,DIG,-1915000.0,38.29,0.0242,-263043000.0,0.0,-1915000.0,-2.3396,-1915000.0,-197000.0,DISTRIBUTION,-70.4895
2023-12-20,DIG,DIG,0.0,37.35,-0.0188,-263043000.0,0.0,0.0,0.2594,-1915000.0,-197000.0,BALANCED,-3.5162
2023-12-21,DIG,DIG,0.0,37.61,0.007,-263043000.0,0.0,0.0,0.2594,-1915000.0,-197000.0,BALANCED,-3.5162
2023-12-22,DIG,DIG,0.0,37.8,0.0049,-263043000.0,0.0,0.0,0.1956,-1915000.0,-197000.0,BALANCED,-5.1089
2023-12-26,DIG,DIG,0.0,38.47,0.0178,-263043000.0,0.0,0.0,0.1956,-1915000.0,-197000.0,BALANCED,-5.1089
2023-12-27,DIG,DIG,0.0,38.05,-0.0108,-263043000.0,0.0,0.0,0.1956,0.0,-197000.0,BALANCED,4.8911
2023-12-28,DIG,DIG,0.0,36.91,-0.0301,-263043000.0,0.0,0.0,0.1177,0.0,-197000.0,BALANCED,2.9435
2023-12-29,DIG,DIG,0.0,36.72,-0.005,-263043000.0,0.0,0.0,0.1177,0.0,-197000.0,BALANCED,2.9435
2024-01-02,DIG,DIG,0.0,37.55,0.0226,-263043000.0,0.0,0.0,0.1177,0.0,-197000.0,BALANCED,2.9435
2024-01-03,DIG,DIG,0.0,38.7,0.0307,-263043000.0,0.0,0.0,0.1177,0.0,-197000.0,BALANCED,2.9435
2024-01-04,DIG,DIG,0.0,37.4,-0.0338,-263043000.0,0.0,0.0,0.0137,0.0,-197000.0,BALANCED,0.3437
2024-01-05,DIG,DIG,0.0,37.43,0.0009,-263043000.0,0.0,0.0,0.0137,0.0,-197000.0,BALANCED,0.3437
2024-01-08,DIG,DIG,0.0,36.57,-0.0229,-263043000.0,0.0,0.0,0.0137,0.0,-1915000.0,BALANCED,0.3437
2024-01-09,DIG,DIG,0.0,35.36,-0.033,-263043000.0,0.0,0.0,0.0137,0.0,-1915000.0,BALANCED,0.3437
2024-01-10,DIG,DIG,0.0,34.64,-0.0205,-263043000.0,0.0,0.0,0.0137,0.0,-1915000.0,BALANCED,0.3437
2024-01-11,DIG,DIG,0.0,34.72,0.0025,-263043000.0,0.0,0.0,0.0137,0.0,-1915000.0,BALANCED,0.3437
2024-01-12,DIG,DIG,0.0,35.59,0.0248,-263043000.0,0.0,0.0,0.0137,0.0,-1915000.0,BALANCED,0.3437
2024-01-16,DIG,DIG,0.0,33.89,-0.0475,-263043000.0,0.0,0.0,0.0137,0.0,-1915000.0,BALANCED,0.3437
2024-01-17,DIG,DIG,0.0,33.31,-0.0172,-263043000.0,0.0,0.0,0.0137,0.0,-1915000.0,BALANCED,0.3437
2024-01-18,DIG,DIG,0.0,33.14,-0.0051,-263043000.0,0.0,0.0,0.0137,0.0,-1915000.0,BALANCED,0.3437
2024-01-19,DIG,DIG,0.0,33.38,0.0073,-263043000.0,0.0,0.0,0.0137,0.0,0.0,BALANCED,0.3437
2024-01-22,DIG,DIG,0.0,33.58,0.0059,-263043000.0,0.0,0.0,0.0137,0.0,0.0,BALANCED,0.3437
2024-01-23,DIG,DIG,0.0,33.78,0.0059,-263043000.0,0.0,0.0,0.1826,0.0,0.0,BALANCED,4.5644
2024-01-24,DIG,DIG,0.0,34.72,0.0281,-263043000.0,0.0,0.0,0.1826,0.0,0.0,BALANCED,4.5644
2024-01-25,DIG,DIG,1812000.0,36.24,0.0437,-261231000.0,1812000.0,0.0,3.7083,1812000.0,1812000.0,ACCUMULATION,100.0
2024-01-26,DIG,DIG,0.0,36.78,0.015,-261231000.0,0.0,0.0,0.007,1812000.0,1812000.0,BALANCED,10.1753
2024-01-29,DIG,DIG,0.0,36.64,-0.0039,-261231000.0,0.0,0.0,0.007,1812000.0,1812000.0,BALANCED,10.1753
2024-01-30,DIG,DIG,0.0,37.4,0.0209,-261231000.0,0.0,0.0,0.007,1812000.0,1812000.0,BALANCED,10.1753
2024-01-31,DIG,DIG,0.0,35.99,-0.0376,-261231000.0,0.0,0.0,0.007,1812000.0,1812000.0,BALANCED,10.1753
2024-02-01,DIG,DIG,0.0,35.93,-0.0016,-261231000.0,0.0,0.0,0.007,0.0,1812000.0,BALANCED,0.1753
2024-02-02,DIG,DIG,0.0,36.06,0.0035,-261231000.0,0.0,0.0,-0.1826,0.0,1812000.0,BALANCED,-4.5644
2024-02-05,DIG,DIG,-1795000.0,35.89,-0.0047,-263026000.0,0.0,-1795000.0,-3.7911,-1795000.0,17000.0,DISTRIBUTION,-100.0
2024-02-06,DIG,DIG,0.0,36.12,0.0064,-263026000.0,0.0,0.0,-0.0012,-1795000.0,17000.0,BALANCED,-10.0299
2024-02-07,DIG,DIG,0.0,36.24,0.0034,-263026000.0,0.0,0.0,-0.0012,-1795000.0,17000.0,BALANCED,-10.0299
2024-02-08,DIG,DIG,0.0,36.98,0.0205,-263026000.0,0.0,0.0,-0.0012,-1795000.0,17000.0,BALANCED,-10.0299
2024-02-09,DIG,DIG,0.0,35.84,-0.0309,-263026000.0,0.0,0.0,-0.0012,-1795000.0,17000.0,BALANCED,-10.0299
2024-02-12,DIG,DIG,0.0,36.58,0.0207,-263026000.0,0.0,0.0,-0.0012,0.0,17000.0,BALANCED,-0.0299
2024-02-13,DIG,DIG,0.0,35.91,-0.0183,-263026000.0,0.0,0.0,-0.0012,0.0,17000.0,BALANCED,-0.0299
2024-02-14,DIG,DIG,0.0,35.79,-0.0034,-263026000.0,0.0,0.0,-0.0012,0.0,17000.0,BALANCED,-0.0299
2024-02-15,DIG,DIG,-1885000.0,37.7,0.0534,-264911000.0,0.0,-1885000.0,-3.113,-1885000.0,-1868000.0,DISTRIBUTION,-89.825
2024-02-16,DIG,DIG,0.0,37.7,-0.0,-264911000.0,0.0,0.0,0.1063,-1885000.0,-1868000.0,BALANCED,-7.3414
2024-02-20,DIG,DIG,0.0,36.99,-0.0189,-264911000.0,0.0,0.0,0.1063,-1885000.0,-1868000.0,BALANCED,-7.3414
2024-02-21,DIG,DIG,0.0,38.35,0.0368,-264911000.0,0.0,0.0,0.1063,-1885000.0,-1868000.0,BALANCED,-7.3414
2024-02-22,DIG,DIG,-1922000.0,38.42,0.002,-266833000.0,0.0,-1922000.0,-2.6542,-3807000.0,-3790000.0,DISTRIBUTION,-78.3538
2024-02-23,DIG,DIG,0.0,37.98,-0.0115,-266833000.0,0.0,0.0,0.1867,-1922000.0,-5602000.0,BALANCED,-5.3317
2024-02-26,DIG,DIG,0.0,38.22,0.0062,-266833000.0,0.0,0.0,0.1867,-1922000.0,-5602000.0,BALANCED,-5.3317
2024-02-27,DIG,DIG,0.0,37.87,-0.0091,-266833000.0,0.0,0.0,0.1867,-1922000.0,-5602000.0,BALANCED,-5.3317
2024-02-28,DIG,DIG,0.0,37.69,-0.0047,-266833000.0,0.0,0.0,0.1867,-1922000.0,-5602000.0,BALANCED,-5.3317
2024-02-29,DIG,DIG,-3801000.0,38.0,0.0082,-270634000.0,0.0,-3801000.0,-3.7271,-3801000.0,-9403000.0,DISTRIBUTION,-100.0
2024-03-01,DIG,DIG,0.0,38.91,0.0239,-270634000.0,0.0,0.0,0.2658,-3801000.0,-9403000.0,BALANCED,-3.3548
2024-03-04,DIG,DIG,0.0,38.1,-0.0209,-270634000.0,0.0,0.0,0.2658,-3801000.0,-9403000.0,BALANCED,-3.3548
2024-03-05,DIG,DIG,0.0,38.65,0.0144,-270634000.0,0.0,0.0,0.2658,-3801000.0,-7608000.0,BALANCED,-3.3548
2024-03-06,DIG,DIG,0.0,38.88,0.006,-270634000.0,0.0,0.0,0.2658,-3801000.0,-7608000.0,BALANCED,-3.3548
2024-03-07,DIG,DIG,0.0,39.5,0.016,-270634000.0,0.0,0.0,0.2658,0.0,-7608000.0,BALANCED,6.6452
2024-03-08,DIG,DIG,0.0,39.79,0.0072,-270634000.0,0.0,0.0,0.3601,0.0,-7608000.0,BALANCED,9.0027
2024-03-11,DIG,DIG,0.0,40.58,0.02,-270634000.0,0.0,0.0,0.3601,0.0,-7608000.0,BALANCED,9.0027
2024-03-12,DIG,DIG,0.0,40.46,-0.0029,-270634000.0,0.0,0.0,0.3601,0.0,-7608000.0,BALANCED,9.0027
2024-03-13,DIG,DIG,0.0,41.7,0.0308,-270634000.0,0.0,0.0,0.3601,0.0,-7608000.0,BALANCED,9.0027
2024-03-14,DIG,DIG,-4260000.0,42.58,0.0211,-274894000.0,0.0,-4260000.0,-3.3755,-4260000.0,-11868000.0,DISTRIBUTION,-96.3865
2024-03-15,DIG,DIG,0.0,42.8,0.0051,-274894000.0,0.0,0.0,0.4041,-4260000.0,-9983000.0,BALANCED,0.1017
2024-03-18,DIG,DIG,0.0,43.13,0.0078,-274894000.0,0.0,0.0,0.4041,-4260000.0,-9983000.0,BALANCED,0.1017
2024-03-19,DIG,DIG,0.0,44.07,0.0218,-274894000.0,0.0,0.0,0.3593,-4260000.0,-9983000.0,BALANCED,-1.0165
2024-03-20,DIG,DIG,0.0,43.75,-0.002,-274894000.0,0.0,0.0,0.3593,-4260000.0,-9983000.0,BALANCED,-1.0165
2024-03-21,DIG,DIG,2211000.0,44.2,0.0103,-272683000.0,2211000.0,0.0,2.1142,2211000.0,-5850000.0,ACCUMULATION,64.8559
2024-03-22,DIG,DIG,0.0,44.0,-0.0044,-272683000.0,0.0,0.0,0.2687,2211000.0,-5850000.0,BALANCED,16.7173
2024-03-25,DIG,DIG,0.0,44.79,0.0179,-272683000.0,0.0,0.0,0.2687,2211000.0,-5850000.0,BALANCED,16.7173
2024-03-26,DIG,DIG,-2206000.0,44.1,-0.0154,-274889000.0,0.0,-2206000.0,-1.455,5000.0,-8056000.0,BALANCED,-28.3747
2024-03-27,DIG,DIG,0.0,44.9,0.0181,-274889000.0,0.0,0.0,0.3178,5000.0,-8056000.0,BALANCED,17.9443
2024-03-28,DIG,DIG,0.0,45.88,0.022,-274889000.0,0.0,0.0,0.3178,-2206000.0,-4255000.0,BALANCED,-2.0557
2024-04-01,DIG,DIG,0.0,46.61,0.0157,-274889000.0,0.0,0.0,0.274,-2206000.0,-4255000.0,BALANCED,-3.1496
2024-04-02,DIG,DIG,0.0,47.85,0.0266,-274889000.0,0.0,0.0,0.274,-2206000.0,-4255000.0,BALANCED,-3.1496
2024-04-03,DIG,DIG,0.0,48.5,0.0136,-274889000.0,0.0,0.0,0.274,0.0,-4255000.0,BALANCED,6.8504
2024-04-04,DIG,DIG,0.0,48.4,-0.0021,-274889000.0,0.0,0.0,0.274,0.0,-4255000.0,BALANCED,6.8504
2024-04-05,DIG,DIG,0.0,49.43,0.0212,-274889000.0,0.0,0.0,0.2281,0.0,-4255000.0,BALANCED,5.7029
2024-04-08,DIG,DIG,0.0,48.8,-0.0127,-274889000.0,0.0,0.0,0.2281,0.0,-4255000.0,BALANCED,5.7029
2024-04-09,DIG,DIG,2442000.0,48.82,0.0005,-272447000.0,2442000.0,0.0,2.0594,2442000.0,-1813000.0,ACCUMULATION,63.4862
2024-04-10,DIG,DIG,0.0,49.16,0.0069,-272447000.0,0.0,0.0,0.1466,2442000.0,-1813000.0,BALANCED,13.6646
2024-04-11,DIG,DIG,2448000.0,48.94,-0.0044,-269999000.0,2448000.0,0.0,1.8718,4890000.0,635000.0,ACCUMULATION,58.7946
2024-04-12,DIG,DIG,2372000.0,47.41,-0.0313,-267627000.0,2372000.0,0.0,1.82,7262000.0,7267000.0,ACCUMULATION,59.5001
2024-04-15,DIG,DIG,0.0,46.56,-0.0179,-267627000.0,0.0,0.0,-0.0803,7262000.0,7267000.0,BALANCED,7.9925
2024-04-16,DIG,DIG,0.0,45.74,-0.0176,-267627000.0,0.0,0.0,-0.0803,4820000.0,7267000.0,BALANCED,7.9925
2024-04-17,DIG,DIG,0.0,45.41,-0.0073,-267627000.0,0.0,0.0,-0.0803,4820000.0,7267000.0,BALANCED,7.9925
2024-04-18,DIG,DIG,0.0,45.17,-0.0052,-267627000.0,0.0,0.0,-0.0803,2372000.0,7267000.0,BALANCED,7.9925
2024-04-19,DIG,DIG,0.0,46.18,0.0223,-267627000.0,0.0,0.0,-0.0803,0.0,5056000.0,BALANCED,-2.0075
2024-04-22,DIG,DIG,0.0,46.76,0.0126,-267627000.0,0.0,0.0,-0.0803,0.0,5056000.0,BALANCED,-2.0075
2024-04-23,DIG,DIG,0.0,47.25,0.0104,-267627000.0,0.0,0.0,-0.0803,0.0,5056000.0,BALANCED,-2.0075
2024-04-24,DIG,DIG,0.0,47.34,0.002,-267627000.0,0.0,0.0,-0.0803,0.0,7262000.0,BALANCED,-2.0075
2024-04-25,DIG,DIG,0.0,47.8,0.0096,-267627000.0,0.0,0.0,-0.0803,0.0,7262000.0,BALANCED,-2.0075
2024-04-26,DIG,DIG,0.0,46.91,-0.0187,-267627000.0,0.0,0.0,-0.2579,0.0,7262000.0,BALANCED,-6.4483
2024-04-29,DIG,DIG,-2377000.0,47.53,0.0133,-270004000.0,0.0,-2377000.0,-2.4108,-2377000.0,4885000.0,DISTRIBUTION,-72.2711
2024-04-30,DIG,DIG,0.0,44.72,-0.059,-270004000.0,0.0,0.0,-0.1547,-2377000.0,4885000.0,BALANCED,-13.8678
2024-05-01,DIG,DIG,0.0,43.3,-0.0318,-270004000.0,0.0,0.0,-0.1547,-2377000.0,4885000.0,BALANCED,-13.8678
2024-05-02,DIG,DIG,0.0,43.73,0.01,-270004000.0,0.0,0.0,-0.1547,-2377000.0,4885000.0,BALANCED,-13.8678
2024-05-03,DIG,DIG,0.0,43.7,-0.0006,-270004000.0,0.0,0.0,-0.0911,-2377000.0,4885000.0,BALANCED,-12.2777
2024-05-06,DIG,DIG,0.0,44.41,0.0162,-270004000.0,0.0,0.0,-0.0911,0.0,4885000.0,BALANCED,-2.2777
2024-05-07,DIG,DIG,0.0,44.3,-0.0025,-270004000.0,0.0,0.0,-0.0911,0.0,2443000.0,BALANCED,-2.2777
2024-05-08,DIG,DIG,0.0,44.18,-0.0027,-270004000.0,0.0,0.0,-0.1851,0.0,2443000.0,BALANCED,-4.6281
2024-05-09,DIG,DIG,0.0,45.33,0.026,-270004000.0,0.0,0.0,-0.1851,0.0,-5000.0,BALANCED,-4.6281
2024-05-10,DIG,DIG,0.0,44.87,-0.0102,-270004000.0,0.0,0.0,-0.1851,0.0,-2377000.0,BALANCED,-4.6281
2024-05-13,DIG,DIG,0.0,44.64,-0.005,-270004000.0,0.0,0.0,-0.1851,0.0,-2377000.0,BALANCED,-4.6281
2024-05-14,DIG,DIG,0.0,44.73,0.002,-270004000.0,0.0,0.0,-0.1851,0.0,-2377000.0,BALANCED,-4.6281
2024-05-15,DIG,DIG,0.0,44.86,0.0027,-270004000.0,0.0,0.0,-0.1851,0.0,-2377000.0,BALANCED,-4.6281
2024-05-16,DIG,DIG,0.0,44.62,-0.0052,-270004000.0,0.0,0.0,-0.1851,0.0,-2377000.0,BALANCED,-4.6281
2024-05-17,DIG,DIG,0.0,45.85,0.0276,-270004000.0,0.0,0.0,-0.1851,0.0,-2377000.0,BALANCED,-4.6281
2024-05-20,DIG,DIG,0.0,45.26,-0.0129,-270004000.0,0.0,0.0,-0.1851,0.0,-2377000.0,BALANCED,-4.6281
2024-05-21,DIG,DIG,0.0,44.8,-0.0101,-270004000.0,0.0,0.0,-0.1061,0.0,-2377000.0,BALANCED,-2.6535
2024-05-22,DIG,DIG,0.0,43.17,-0.0367,-270004000.0,0.0,0.0,-0.1061,0.0,-2377000.0,BALANCED,-2.6535
2024-05-23,DIG,DIG,-2115000.0,42.29,-0.0204,-272119000.0,0.0,-2115000.0,-2.7873,-2115000.0,-4492000.0,DISTRIBUTION,-81.6834
2024-05-24,DIG,DIG,0.0,42.4,0.0028,-272119000.0,0.0,0.0,0.2623,-2115000.0,-4492000.0,BALANCED,-3.4427
2024-05-28,DIG,DIG,0.0,43.3,0.0211,-272119000.0,0.0,0.0,0.2623,-2115000.0,-2115000.0,BALANCED,-3.4427
2024-05-29,DIG,DIG,0.0,41.73,-0.0362,-272119000.0,0.0,0.0,0.2623,-2115000.0,-2115000.0,BALANCED,-3.4427
2024-05-30,DIG,DIG,2097000.0,41.94,0.005,-270022000.0,2097000.0,0.0,3.0968,-18000.0,-18000.0,ACCUMULATION,69.419
2024-05-31,DIG,DIG,0.0,43.98,0.0486,-270022000.0,0.0,0.0,0.1136,2097000.0,-18000.0,BALANCED,12.8393
2024-06-03,DIG,DIG,0.0,41.68,-0.0523,-270022000.0,0.0,0.0,0.1136,2097000.0,-18000.0,BALANCED,12.8393
2024-06-04,DIG,DIG,0.0,40.89,-0.0189,-270022000.0,0.0,0.0,0.1136,2097000.0,-18000.0,BALANCED,12.8393
2024-06-05,DIG,DIG,0.0,40.88,-0.0001,-270022000.0,0.0,0.0,0.1136,2097000.0,-18000.0,BALANCED,12.8393
2024-06-06,DIG,DIG,-2066000.0,41.32,0.0106,-272088000.0,0.0,-2066000.0,-2.4252,-2066000.0,-2084000.0,DISTRIBUTION,-72.6291
2024-06-07,DIG,DIG,0.0,40.97,-0.0085,-272088000.0,0.0,0.0,0.1881,-2066000.0,-2084000.0,BALANCED,-5.2978
2024-06-10,DIG,DIG,0.0,41.57,0.0147,-272088000.0,0.0,0.0,0.1881,-2066000.0,-2084000.0,BALANCED,-5.2978
2024-06-11,DIG,DIG,0.0,41.39,-0.0043,-272088000.0,0.0,0.0,0.1038,-2066000.0,-2084000.0,BALANCED,-7.4056
2024-06-12,DIG,DIG,0.0,40.48,-0.022,-272088000.0,0.0,0.0,0.1038,-2066000.0,-2084000.0,BALANCED,-7.4056
2024-06-13,DIG,DIG,0.0,39.75,-0.018,-272088000.0,0.0,0.0,0.1038,0.0,-2084000.0,BALANCED,2.5944
2024-06-14,DIG,DIG,0.0,39.09,-0.0166,-272088000.0,0.0,0.0,0.1038,0.0,-2084000.0,BALANCED,2.5944
2024-06-17,DIG,DIG,0.0,39.3,0.0053,-272088000.0,0.0,0.0,0.1038,0.0,-2084000.0,BALANCED,2.5944
2024-06-18,DIG,DIG,0.0,39.63,0.0084,-272088000.0,0.0,0.0,0.1038,0.0,-2084000.0,BALANCED,2.5944
2024-06-20,DIG,DIG,0.0,41.08,0.0365,-272088000.0,0.0,0.0,0.1038,0.0,-2084000.0,BALANCED,2.5944
2024-06-21,DIG,DIG,-2026000.0,40.51,-0.0138,-274114000.0,0.0,-2026000.0,-2.4907,-2026000.0,-4110000.0,DISTRIBUTION,-74.268
2024-06-24,DIG,DIG,0.0,42.66,0.0531,-274114000.0,0.0,0.0,0.1806,-2026000.0,-1995000.0,BALANCED,-5.484
2024-06-25,DIG,DIG,-2140000.0,42.78,0.0028,-276254000.0,0.0,-2140000.0,-2.2963,-4166000.0,-4135000.0,DISTRIBUTION,-69.4077
2024-06-26,DIG,DIG,0.0,41.65,-0.019,-276254000.0,0.0,0.0,0.2477,-4166000.0,-4135000.0,BALANCED,-3.8085
2024-06-27,DIG,DIG,0.0,41.83,0.0042,-276254000.0,0.0,0.0,0.2477,-4166000.0,-4135000.0,BALANCED,-3.8085
2024-06-28,DIG,DIG,-2110000.0,42.19,0.0086,-278364000.0,0.0,-2110000.0,-2.0154,-4250000.0,-8342000.0,DISTRIBUTION,-62.384
2024-07-01,DIG,DIG,0.0,42.22,0.0006,-278364000.0,0.0,0.0,0.3067,-4250000.0,-8342000.0,BALANCED,-2.3333
2024-07-02,DIG,DIG,0.0,42.09,-0.003,-278364000.0,0.0,0.0,0.3067,-2110000.0,-8342000.0,BALANCED,-2.3333
2024-07-03,DIG,DIG,0.0,42.44,0.0083,-278364000.0,0.0,0.0,0.3067,-2110000.0,-8342000.0,BALANCED,-2.3333
2024-07-05,DIG,DIG,0.0,41.1,-0.0314,-278364000.0,0.0,0.0,0.3067,-2110000.0,-8342000.0,BALANCED,-2.3333
2024-07-08,DIG,DIG,0.0,40.64,-0.0113,-278364000.0,0.0,0.0,0.3067,0.0,-6276000.0,BALANCED,7.6667
2024-07-09,DIG,DIG,0.0,39.88,-0.0186,-278364000.0,0.0,0.0,0.2476,0.0,-6276000.0,BALANCED,6.1894
2024-07-10,DIG,DIG,2021000.0,40.41,0.0132,-276343000.0,2021000.0,0.0,2.3149,2021000.0,-4255000.0,ACCUMULATION,69.8714
2024-07-11,DIG,DIG,0.0,41.24,0.0205,-276343000.0,0.0,0.0,0.1508,2021000.0,-4255000.0,BALANCED,13.7692
2024-07-12,DIG,DIG,0.0,41.46,0.0054,-276343000.0,0.0,0.0,0.1508,2021000.0,-4255000.0,BALANCED,13.7692
2024-07-15,DIG,DIG,0.0,42.73,0.0306,-276343000.0,0.0,0.0,0.2527,2021000.0,-4255000.0,BALANCED,16.3181
2024-07-16,DIG,DIG,0.0,42.97,0.0057,-276343000.0,0.0,0.0,0.2527,2021000.0,-4255000.0,BALANCED,16.3181
2024-07-17,DIG,DIG,0.0,43.89,0.0214,-276343000.0,0.0,0.0,0.2527,0.0,-4255000.0,BALANCED,6.3181
2024-07-18,DIG,DIG,0.0,44.09,0.0045,-276343000.0,0.0,0.0,0.2527,0.0,-4255000.0,BALANCED,6.3181
2024-07-19,DIG,DIG,0.0,43.1,-0.0226,-276343000.0,0.0,0.0,0.2527,0.0,-4255000.0,BALANCED,6.3181
2024-07-22,DIG,DIG,0.0,42.54,-0.0131,-276343000.0,0.0,0.0,0.1874,0.0,-2229000.0,BALANCED,4.6842
2024-07-23,DIG,DIG,0.0,41.21,-0.0313,-276343000.0,0.0,0.0,0.1874,0.0,-2229000.0,BALANCED,4.6842
2024-07-24,DIG,DIG,0.0,41.24,0.0008,-276343000.0,0.0,0.0,0.1874,0.0,-89000.0,BALANCED,4.6842
2024-07-25,DIG,DIG,-2122000.0,42.44,0.029,-278465000.0,0.0,-2122000.0,-2.2784,-2122000.0,-2211000.0,DISTRIBUTION,-68.9597
2024-07-26,DIG,DIG,0.0,42.8,0.0085,-278465000.0,0.0,0.0,0.2536,-2122000.0,-2211000.0,BALANCED,-3.659
2024-07-29,DIG,DIG,0.0,42.1,-0.0163,-278465000.0,0.0,0.0,0.2536,-2122000.0,-101000.0,BALANCED,-3.659
2024-07-30,DIG,DIG,0.0,43.4,0.0308,-278465000.0,0.0,0.0,0.2536,-2122000.0,-101000.0,BALANCED,-3.659
2024-07-31,DIG,DIG,0.0,43.77,0.0085,-278465000.0,0.0,0.0,0.2536,-2122000.0,-101000.0,BALANCED,-3.659
2024-08-01,DIG,DIG,2072000.0,41.45,-0.053,-276393000.0,2072000.0,0.0,2.3673,2072000.0,1971000.0,ACCUMULATION,71.1836
2024-08-02,DIG,DIG,0.0,39.29,-0.0521,-276393000.0,0.0,0.0,0.1533,2072000.0,1971000.0,BALANCED,13.8334
2024-08-05,DIG,DIG,0.0,37.64,-0.042,-276393000.0,0.0,0.0,0.0877,2072000.0,1971000.0,BALANCED,12.1935
2024-08-06,DIG,DIG,0.0,38.05,0.0108,-276393000.0,0.0,0.0,0.0877,2072000.0,1971000.0,BALANCED,12.1935
2024-08-07,DIG,DIG,0.0,38.29,0.0064,-276393000.0,0.0,0.0,0.006,2072000.0,-50000.0,BALANCED,10.1498
2024-08-08,DIG,DIG,0.0,39.93,0.0428,-276393000.0,0.0,0.0,0.006,0.0,-50000.0,BALANCED,0.1498
2024-08-09,DIG,DIG,0.0,40.07,0.0034,-276393000.0,0.0,0.0,0.006,0.0,-50000.0,BALANCED,0.1498
2024-08-12,DIG,DIG,0.0,40.49,0.0106,-276393000.0,0.0,0.0,-0.0991,0.0,-50000.0,BALANCED,-2.477
2024-08-13,DIG,DIG,0.0,39.67,-0.0202,-276393000.0,0.0,0.0,-0.0991,0.0,-50000.0,BALANCED,-2.477
2024-08-14,DIG,DIG,0.0,40.15,0.0122,-276393000.0,0.0,0.0,-0.0991,0.0,-50000.0,BALANCED,-2.477
2024-08-15,DIG,DIG,0.0,41.11,0.0239,-276393000.0,0.0,0.0,-0.0991,0.0,-50000.0,BALANCED,-2.477
2024-08-16,DIG,DIG,0.0,41.01,-0.0026,-276393000.0,0.0,0.0,-0.0991,0.0,-50000.0,BALANCED,-2.477
2024-08-19,DIG,DIG,0.0,41.51,0.0124,-276393000.0,0.0,0.0,-0.0991,0.0,-50000.0,BALANCED,-2.477
2024-08-20,DIG,DIG,0.0,39.36,-0.0519,-276393000.0,0.0,0.0,-0.0991,0.0,-50000.0,BALANCED,-2.477
2024-08-21,DIG,DIG,0.0,39.44,0.0021,-276393000.0,0.0,0.0,0.003,0.0,-50000.0,BALANCED,0.0757
2024-08-22,DIG,DIG,0.0,39.63,0.0048,-276393000.0,0.0,0.0,0.003,0.0,2072000.0,BALANCED,0.0757
2024-08-23,DIG,DIG,0.0,40.8,0.0295,-276393000.0,0.0,0.0,0.003,0.0,2072000.0,BALANCED,0.0757
2024-08-26,DIG,DIG,0.0,41.54,0.0182,-276393000.0,0.0,0.0,0.003,0.0,2072000.0,BALANCED,0.0757
2024-08-27,DIG,DIG,0.0,40.78,-0.0185,-276393000.0,0.0,0.0,0.003,0.0,2072000.0,BALANCED,0.0757
2024-08-28,DIG,DIG,0.0,40.24,-0.013,-276393000.0,0.0,0.0,0.003,0.0,2072000.0,BALANCED,0.0757
2024-08-29,DIG,DIG,-2060000.0,41.21,0.0239,-278453000.0,0.0,-2060000.0,-2.9842,-2060000.0,-2060000.0,DISTRIBUTION,-86.6056
2024-08-30,DIG,DIG,0.0,41.48,0.0067,-278453000.0,0.0,0.0,0.1055,-2060000.0,-2060000.0,BALANCED,-7.3627
2024-09-03,DIG,DIG,0.0,39.49,-0.0481,-278453000.0,0.0,0.0,0.1055,-2060000.0,-2060000.0,BALANCED,-7.3627
2024-09-04,DIG,DIG,0.0,38.37,-0.0284,-278453000.0,0.0,0.0,0.1055,-2060000.0,-2060000.0,BALANCED,-7.3627
2024-09-05,DIG,DIG,0.0,37.79,-0.0149,-278453000.0,0.0,0.0,0.1055,-2060000.0,-2060000.0,BALANCED,-7.3627
2024-09-06,DIG,DIG,0.0,36.82,-0.0257,-278453000.0,0.0,0.0,-0.0007,0.0,-2060000.0,BALANCED,-0.0184
2024-09-09,DIG,DIG,0.0,37.28,0.0124,-278453000.0,0.0,0.0,-0.0007,0.0,-2060000.0,BALANCED,-0.0184
2024-09-10,DIG,DIG,0.0,36.02,-0.0338,-278453000.0,0.0,0.0,-0.0007,0.0,-2060000.0,BALANCED,-0.0184
2024-09-11,DIG,DIG,0.0,35.36,-0.0183,-278453000.0,0.0,0.0,-0.0007,0.0,-2060000.0,BALANCED,-0.0184
2024-09-12,DIG,DIG,0.0,36.0,0.0181,-278453000.0,0.0,0.0,-0.0007,0.0,-2060000.0,BALANCED,-0.0184
2024-09-13,DIG,DIG,-1818000.0,36.37,0.0102,-280271000.0,0.0,-1818000.0,-3.4257,-1818000.0,-3878000.0,DISTRIBUTION,-97.6416
2024-09-16,DIG,DIG,0.0,37.18,0.0225,-280271000.0,0.0,0.0,0.2622,-1818000.0,-3878000.0,BALANCED,-3.4444
2024-09-17,DIG,DIG,0.0,38.19,0.0272,-280271000.0,0.0,0.0,0.2622,-1818000.0,-3878000.0,BALANCED,-3.4444
2024-09-18,DIG,DIG,0.0,38.36,0.0044,-280271000.0,0.0,0.0,0.2622,-1818000.0,-3878000.0,BALANCED,-3.4444
2024-09-19,DIG,DIG,0.0,39.27,0.0238,-280271000.0,0.0,0.0,0.2622,-1818000.0,-3878000.0,BALANCED,-3.4444
2024-09-20,DIG,DIG,0.0,39.03,-0.0063,-280271000.0,0.0,0.0,0.2622,0.0,-3878000.0,BALANCED,6.5556
2024-09-23,DIG,DIG,0.0,40.0,0.0249,-280271000.0,0.0,0.0,0.2622,0.0,-3878000.0,BALANCED,6.5556
2024-09-24,DIG,DIG,0.0,39.76,-0.0061,-280271000.0,0.0,0.0,0.2622,0.0,-3878000.0,BALANCED,6.5556
2024-09-25,DIG,DIG,0.0,37.99,-0.037,-280271000.0,0.0,0.0,0.2622,0.0,-3878000.0,BALANCED,6.5556
2024-09-26,DIG,DIG,0.0,36.45,-0.0407,-280271000.0,0.0,0.0,0.2622,0.0,-3878000.0,BALANCED,6.5556
2024-09-27,DIG,DIG,0.0,37.89,0.0397,-280271000.0,0.0,0.0,0.2622,0.0,-1818000.0,BALANCED,6.5556
2024-09-30,DIG,DIG,0.0,38.46,0.015,-280271000.0,0.0,0.0,0.2622,0.0,-1818000.0,BALANCED,6.5556
2024-10-01,DIG,DIG,2008000.0,40.15,0.044,-278263000.0,2008000.0,0.0,3.2928,2008000.0,190000.0,ACCUMULATION,94.3203
2024-10-02,DIG,DIG,0.0,41.03,0.0218,-278263000.0,0.0,0.0,0.0991,2008000.0,190000.0,BALANCED,12.4785
2024-10-03,DIG,DIG,0.0,42.44,0.0344,-278263000.0,0.0,0.0,0.0991,2008000.0,190000.0,BALANCED,12.4785
2024-10-04,DIG,DIG,2162000.0,43.24,0.0189,-276101000.0,2162000.0,0.0,2.875,4170000.0,2352000.0,ACCUMULATION,83.8752
2024-10-07,DIG,DIG,0.0,43.53,0.0066,-276101000.0,0.0,0.0,-0.013,4170000.0,2352000.0,BALANCED,9.675
2024-10-08,DIG,DIG,0.0,41.21,-0.0533,-276101000.0,0.0,0.0,-0.013,2162000.0,2352000.0,BALANCED,9.675
2024-10-09,DIG,DIG,0.0,41.68,0.0114,-276101000.0,0.0,0.0,-0.013,2162000.0,2352000.0,BALANCED,9.675
2024-10-10,DIG,DIG,0.0,42.33,0.0156,-276101000.0,0.0,0.0,-0.013,2162000.0,2352000.0,BALANCED,9.675
2024-10-11,DIG,DIG,0.0,42.75,0.0099,-276101000.0,0.0,0.0,-0.1228,0.0,4170000.0,BALANCED,-3.0691
2024-10-14,DIG,DIG,0.0,42.61,-0.0033,-276101000.0,0.0,0.0,-0.1228,0.0,4170000.0,BALANCED,-3.0691
2024-10-15,DIG,DIG,0.0,40.01,-0.0609,-276101000.0,0.0,0.0,-0.1228,0.0,4170000.0,BALANCED,-3.0691
2024-10-16,DIG,DIG,0.0,40.38,0.009,-276101000.0,0.0,0.0,-0.1228,0.0,4170000.0,BALANCED,-3.0691
2024-10-17,DIG,DIG,0.0,40.81,0.0107,-276101000.0,0.0,0.0,-0.1228,0.0,4170000.0,BALANCED,-3.0691
2024-10-18,DIG,DIG,0.0,40.49,-0.0078,-276101000.0,0.0,0.0,-0.1228,0.0,4170000.0,BALANCED,-3.0691
2024-10-21,DIG,DIG,0.0,40.27,-0.0053,-276101000.0,0.0,0.0,-0.1228,0.0,4170000.0,BALANCED,-3.0691
2024-10-22,DIG,DIG,0.0,40.4,0.0033,-276101000.0,0.0,0.0,-0.1228,0.0,4170000.0,BALANCED,-3.0691
2024-10-23,DIG,DIG,0.0,39.99,-0.0103,-276101000.0,0.0,0.0,-0.1228,0.0,4170000.0,BALANCED,-3.0691
2024-10-24,DIG,DIG,0.0,39.87,-0.003,-276101000.0,0.0,0.0,-0.1228,0.0,4170000.0,BALANCED,-3.0691
2024-10-25,DIG,DIG,-1996000.0,39.92,0.0012,-278097000.0,0.0,-1996000.0,-3.1465,-1996000.0,2174000.0,DISTRIBUTION,-90.6618
2024-10-28,DIG,DIG,0.0,39.36,-0.0138,-278097000.0,0.0,0.0,-0.1102,-1996000.0,2174000.0,BALANCED,-12.7558
2024-10-29,DIG,DIG,-1910000.0,38.2,-0.0295,-280007000.0,0.0,-1910000.0,-2.5566,-3906000.0,-1744000.0,DISTRIBUTION,-75.9138
2024-10-30,DIG,DIG,0.0,38.29,0.0023,-280007000.0,0.0,0.0,-0.0117,-3906000.0,-1744000.0,BALANCED,-10.2931
2024-10-31,DIG,DIG,0.0,38.83,0.0142,-280007000.0,0.0,0.0,-0.0117,-3906000.0,-1744000.0,BALANCED,-10.2931
2024-11-01,DIG,DIG,0.0,38.29,-0.014,-280007000.0,0.0,0.0,-0.0117,-1910000.0,-3906000.0,BALANCED,-10.2931
2024-11-04,DIG,DIG,0.0,39.62,0.0348,-280007000.0,0.0,0.0,-0.0117,-1910000.0,-3906000.0,BALANCED,-10.2931
2024-11-05,DIG,DIG,0.0,40.13,0.013,-280007000.0,0.0,0.0,-0.0117,0.0,-3906000.0,BALANCED,-0.2931
2024-11-06,DIG,DIG,0.0,43.21,0.0765,-280007000.0,0.0,0.0,-0.0117,0.0,-3906000.0,BALANCED,-0.2931
2024-11-07,DIG,DIG,0.0,42.84,-0.0085,-280007000.0,0.0,0.0,-0.0117,0.0,-3906000.0,BALANCED,-0.2931
2024-11-08,DIG,DIG,0.0,43.29,0.0105,-280007000.0,0.0,0.0,-0.0117,0.0,-3906000.0,BALANCED,-0.2931
2024-11-11,DIG,DIG,0.0,43.79,0.0116,-280007000.0,0.0,0.0,-0.0117,0.0,-3906000.0,BALANCED,-0.2931
2024-11-12,DIG,DIG,-2167000.0,43.35,-0.0101,-282174000.0,0.0,-2167000.0,-2.7007,-2167000.0,-6073000.0,DISTRIBUTION,-79.5165
2024-11-13,DIG,DIG,0.0,44.01,0.0154,-282174000.0,0.0,0.0,0.1729,-2167000.0,-6073000.0,BALANCED,-5.6782
2024-11-14,DIG,DIG,0.0,44.36,0.008,-282174000.0,0.0,0.0,0.1729,-2167000.0,-6073000.0,BALANCED,-5.6782
2024-11-15,DIG,DIG,0.0,44.14,-0.005,-282174000.0,0.0,0.0,0.3272,-2167000.0,-6073000.0,BALANCED,-1.8194
2024-11-18,DIG,DIG,-2265000.0,45.3,0.0262,-284439000.0,0.0,-2265000.0,-2.75,-4432000.0,-8338000.0,DISTRIBUTION,-80.7506
2024-11-19,DIG,DIG,0.0,44.78,-0.0114,-284439000.0,0.0,0.0,0.3846,-2265000.0,-8338000.0,BALANCED,-0.3838
2024-11-20,DIG,DIG,0.0,45.66,0.0196,-284439000.0,0.0,0.0,0.3846,-2265000.0,-8338000.0,BALANCED,-0.3838
2024-11-21,DIG,DIG,-2320000.0,46.39,0.0161,-286759000.0,0.0,-2320000.0,-2.4239,-4585000.0,-10658000.0,DISTRIBUTION,-72.5965
2024-11-22,DIG,DIG,0.0,46.5,0.0022,-286759000.0,0.0,0.0,0.4383,-4585000.0,-8662000.0,BALANCED,0.9572
2024-11-25,DIG,DIG,0.0,44.57,-0.0413,-286759000.0,0.0,0.0,0.4383,-2320000.0,-8662000.0,BALANCED,0.9572
2024-11-26,DIG,DIG,0.0,44.49,-0.0018,-286759000.0,0.0,0.0,0.4383,-2320000.0,-6752000.0,BALANCED,0.9572
2024-11-27,DIG,DIG,0.0,44.39,-0.0022,-286759000.0,0.0,0.0,0.4383,-2320000.0,-6752000.0,BALANCED,0.9572
2024-11-29,DIG,DIG,0.0,44.7,0.0069,-286759000.0,0.0,0.0,0.4383,0.0,-6752000.0,BALANCED,10.9572
2024-12-02,DIG,DIG,0.0,43.84,-0.0193,-286759000.0,0.0,0.0,0.4383,0.0,-6752000.0,BALANCED,10.9572
2024-12-03,DIG,DIG,0.0,43.78,-0.0012,-286759000.0,0.0,0.0,0.4383,0.0,-6752000.0,BALANCED,10.9572
2024-12-04,DIG,DIG,0.0,41.71,-0.0473,-286759000.0,0.0,0.0,0.4383,0.0,-6752000.0,BALANCED,10.9572
2024-12-05,DIG,DIG,-2098000.0,41.97,0.0061,-288857000.0,0.0,-2098000.0,-1.9286,-2098000.0,-8850000.0,DISTRIBUTION,-60.2138
2024-12-06,DIG,DIG,0.0,40.59,-0.0328,-288857000.0,0.0,0.0,0.4902,-2098000.0,-8850000.0,BALANCED,2.2552
2024-12-09,DIG,DIG,0.0,40.42,-0.0041,-288857000.0,0.0,0.0,0.4385,-2098000.0,-8850000.0,BALANCED,0.9633
2024-12-10,DIG,DIG,0.0,39.86,-0.0138,-288857000.0,0.0,0.0,0.4385,-2098000.0,-8850000.0,BALANCED,0.9633
2024-12-11,DIG,DIG,0.0,39.99,0.003,-288857000.0,0.0,0.0,0.3853,-2098000.0,-6683000.0,BALANCED,-0.3674
2024-12-12,DIG,DIG,0.0,39.39,-0.0149,-288857000.0,0.0,0.0,0.3853,0.0,-6683000.0,BALANCED,9.6326
2024-12-13,DIG,DIG,0.0,38.92,-0.0119,-288857000.0,0.0,0.0,0.3853,0.0,-6683000.0,BALANCED,9.6326
2024-12-16,DIG,DIG,0.0,37.21,-0.0439,-288857000.0,0.0,0.0,0.3853,0.0,-6683000.0,BALANCED,9.6326
2024-12-17,DIG,DIG,0.0,36.61,-0.0161,-288857000.0,0.0,0.0,0.3853,0.0,-4418000.0,BALANCED,9.6326
2024-12-18,DIG,DIG,0.0,34.58,-0.0555,-288857000.0,0.0,0.0,0.3853,0.0,-4418000.0,BALANCED,9.6326
2024-12-19,DIG,DIG,0.0,33.9,-0.0197,-288857000.0,0.0,0.0,0.3853,0.0,-4418000.0,BALANCED,9.6326
2024-12-20,DIG,DIG,0.0,34.54,0.0188,-288857000.0,0.0,0.0,0.3853,0.0,-2098000.0,BALANCED,9.6326
2024-12-23,DIG,DIG,0.0,34.68,0.0125,-288857000.0,0.0,0.0,0.3853,0.0,-2098000.0,BALANCED,9.6326
2024-12-24,DIG,DIG,0.0,35.21,0.0153,-288857000.0,0.0,0.0,0.3853,0.0,-2098000.0,BALANCED,9.6326
2024-12-26,DIG,DIG,0.0,35.12,-0.0027,-288857000.0,0.0,0.0,0.3274,0.0,-2098000.0,BALANCED,8.1851
2024-12-27,DIG,DIG,0.0,35.1,-0.0006,-288857000.0,0.0,0.0,0.3274,0.0,-2098000.0,BALANCED,8.1851
2024-12-30,DIG,DIG,0.0,35.09,-0.0003,-288857000.0,0.0,0.0,0.3274,0.0,-2098000.0,BALANCED,8.1851
2024-12-31,DIG,DIG,0.0,35.99,0.0258,-288857000.0,0.0,0.0,0.3274,0.0,-2098000.0,BALANCED,8.1851
2025-01-02,DIG,DIG,0.0,36.83,0.0234,-288857000.0,0.0,0.0,0.2624,0.0,-2098000.0,BALANCED,6.5604
2025-01-03,DIG,DIG,0.0,37.51,0.0183,-288857000.0,0.0,0.0,0.2624,0.0,-2098000.0,BALANCED,6.5604
2025-01-06,DIG,DIG,0.0,37.18,-0.0088,-288857000.0,0.0,0.0,0.2624,0.0,0.0,BALANCED,6.5604
2025-01-07,DIG,DIG,0.0,37.96,0.0211,-288857000.0,0.0,0.0,0.1826,0.0,0.0,BALANCED,4.5644
2025-01-08,DIG,DIG,0.0,37.99,0.0009,-288857000.0,0.0,0.0,0.1826,0.0,0.0,BALANCED,4.5644
2025-01-10,DIG,DIG,1913000.0,38.26,0.0071,-286944000.0,1913000.0,0.0,3.6404,1913000.0,1913000.0,ACCUMULATION,100.0
2025-01-13,DIG,DIG,0.0,39.96,0.0445,-286944000.0,0.0,0.0,0.0117,1913000.0,1913000.0,BALANCED,10.2924
2025-01-14,DIG,DIG,0.0,40.75,0.0197,-286944000.0,0.0,0.0,0.0117,1913000.0,1913000.0,BALANCED,10.2924
2025-01-15,DIG,DIG,0.0,41.88,0.0277,-286944000.0,0.0,0.0,0.0117,1913000.0,1913000.0,BALANCED,10.2924
2025-01-16,DIG,DIG,0.0,42.48,0.0141,-286944000.0,0.0,0.0,0.0117,1913000.0,1913000.0,BALANCED,10.2924
2025-01-17,DIG,DIG,0.0,43.15,0.0158,-286944000.0,0.0,0.0,0.0117,0.0,1913000.0,BALANCED,0.2924
2025-01-21,DIG,DIG,0.0,42.63,-0.012,-286944000.0,0.0,0.0,0.0117,0.0,1913000.0,BALANCED,0.2924
2025-01-22,DIG,DIG,0.0,41.12,-0.0355,-286944000.0,0.0,0.0,-0.1826,0.0,1913000.0,BALANCED,-4.5644
2025-01-23,DIG,DIG,0.0,41.48,0.0088,-286944000.0,0.0,0.0,-0.1826,0.0,1913000.0,BALANCED,-4.5644
2025-01-24,DIG,DIG,0.0,40.69,-0.0191,-286944000.0,0.0,0.0,-0.1826,0.0,1913000.0,BALANCED,-4.5644
2025-01-27,DIG,DIG,0.0,39.85,-0.0207,-286944000.0,0.0,0.0,-0.1826,0.0,1913000.0,BALANCED,-4.5644
2025-01-28,DIG,DIG,-3908000.0,39.08,-0.0191,-290852000.0,0.0,-3908000.0,-4.7712,-3908000.0,-1995000.0,DISTRIBUTION,-100.0
2025-01-29,DIG,DIG,0.0,39.19,0.0028,-290852000.0,0.0,0.0,0.0826,-3908000.0,-1995000.0,BALANCED,-7.9351
2025-01-30,DIG,DIG,0.0,39.6,0.0104,-290852000.0,0.0,0.0,0.0826,-3908000.0,-1995000.0,BALANCED,-7.9351
2025-01-31,DIG,DIG,0.0,37.43,-0.0547,-290852000.0,0.0,0.0,0.0826,-3908000.0,-1995000.0,BALANCED,-7.9351
2025-02-03,DIG,DIG,0.0,37.83,0.0105,-290852000.0,0.0,0.0,0.0826,-3908000.0,-1995000.0,BALANCED,-7.9351
2025-02-04,DIG,DIG,0.0,39.42,0.0422,-290852000.0,0.0,0.0,0.0826,0.0,-1995000.0,BALANCED,2.0649
2025-02-05,DIG,DIG,0.0,39.55,0.0031,-290852000.0,0.0,0.0,0.0826,0.0,-1995000.0,BALANCED,2.0649
2025-02-06,DIG,DIG,0.0,38.17,-0.0347,-290852000.0,0.0,0.0,0.0826,0.0,-1995000.0,BALANCED,2.0649
2025-02-07,DIG,DIG,-1905000.0,38.1,-0.002,-292757000.0,0.0,-1905000.0,-2.0354,-1905000.0,-3900000.0,DISTRIBUTION,-62.8854
2025-02-10,DIG,DIG,0.0,39.77,0.0439,-292757000.0,0.0,0.0,0.1491,-1905000.0,-5813000.0,BALANCED,-6.2732
2025-02-11,DIG,DIG,0.0,40.37,0.015,-292757000.0,0.0,0.0,0.1491,-1905000.0,-5813000.0,BALANCED,-6.2732
2025-02-12,DIG,DIG,0.0,38.44,-0.0478,-292757000.0,0.0,0.0,0.1491,-1905000.0,-5813000.0,BALANCED,-6.2732
2025-02-13,DIG,DIG,0.0,39.05,0.0158,-292757000.0,0.0,0.0,0.1491,-1905000.0,-5813000.0,BALANCED,-6.2732
2025-02-14,DIG,DIG,0.0,39.33,0.0072,-292757000.0,0.0,0.0,0.1491,0.0,-5813000.0,BALANCED,3.7268
2025-02-18,DIG,DIG,0.0,40.39,0.0269,-292757000.0,0.0,0.0,0.1491,0.0,-5813000.0,BALANCED,3.7268
2025-02-19,DIG,DIG,0.0,40.99,0.0149,-292757000.0,0.0,0.0,0.1491,0.0,-5813000.0,BALANCED,3.7268
2025-02-20,DIG,DIG,0.0,41.71,0.0176,-292757000.0,0.0,0.0,0.1491,0.0,-5813000.0,BALANCED,3.7268
2025-02-21,DIG,DIG,0.0,39.99,-0.0412,-292757000.0,0.0,0.0,0.1491,0.0,-5813000.0,BALANCED,3.7268
2025-02-24,DIG,DIG,0.0,40.04,0.0011,-292757000.0,0.0,0.0,0.1491,0.0,-5813000.0,BALANCED,3.7268
2025-02-25,DIG,DIG,0.0,38.84,-0.03,-292757000.0,0.0,0.0,0.2475,0.0,-5813000.0,BALANCED,6.1875
2025-02-26,DIG,DIG,0.0,38.44,-0.0102,-292757000.0,0.0,0.0,0.2475,0.0,-1905000.0,BALANCED,6.1875
2025-02-27,DIG,DIG,0.0,38.78,0.0087,-292757000.0,0.0,0.0,0.2475,0.0,-1905000.0,BALANCED,6.1875
2025-02-28,DIG,DIG,0.0,40.0,0.0317,-292757000.0,0.0,0.0,0.2475,0.0,-1905000.0,BALANCED,6.1875
2025-03-03,DIG,DIG,0.0,37.19,-0.0703,-292757000.0,0.0,0.0,0.2475,0.0,-1905000.0,BALANCED,6.1875
2025-03-04,DIG,DIG,0.0,36.49,-0.0189,-292757000.0,0.0,0.0,0.2475,0.0,-1905000.0,BALANCED,6.1875
2025-03-05,DIG,DIG,0.0,35.41,-0.0296,-292757000.0,0.0,0.0,0.2475,0.0,-1905000.0,BALANCED,6.1875
2025-03-06,DIG,DIG,0.0,35.64,0.0064,-292757000.0,0.0,0.0,0.2475,0.0,-1905000.0,BALANCED,6.1875
2025-03-07,DIG,DIG,0.0,36.8,0.0327,-292757000.0,0.0,0.0,0.2475,0.0,-1905000.0,BALANCED,6.1875
2025-03-10,DIG,DIG,0.0,37.35,0.0148,-292757000.0,0.0,0.0,0.2475,0.0,0.0,BALANCED,6.1875
2025-03-11,DIG,DIG,0.0,36.74,-0.0163,-292757000.0,0.0,0.0,0.2475,0.0,0.0,BALANCED,6.1875
2025-03-12,DIG,DIG,0.0,37.1,0.0099,-292757000.0,0.0,0.0,0.1826,0.0,0.0,BALANCED,4.5644
2025-03-13,DIG,DIG,0.0,36.6,-0.0135,-292757000.0,0.0,0.0,0.1826,0.0,0.0,BALANCED,4.5644
2025-03-14,DIG,DIG,-1934000.0,38.67,0.0566,-294691000.0,0.0,-1934000.0,-3.7084,-1934000.0,-1934000.0,DISTRIBUTION,-100.0
2025-03-17,DIG,DIG,0.0,39.9,0.0317,-294691000.0,0.0,0.0,0.2628,-1934000.0,-1934000.0,BALANCED,-3.431
2025-03-18,DIG,DIG,0.0,40.07,0.0044,-294691000.0,0.0,0.0,0.2628,-1934000.0,-1934000.0,BALANCED,-3.431
2025-03-19,DIG,DIG,0.0,41.34,0.0316,-294691000.0,0.0,0.0,0.2628,-1934000.0,-1934000.0,BALANCED,-3.431
2025-03-20,DIG,DIG,2084000.0,41.67,0.008,-292607000.0,2084000.0,0.0,3.3862,150000.0,150000.0,ACCUMULATION,96.6541
2025-03-21,DIG,DIG,0.0,41.08,-0.0141,-292607000.0,0.0,0.0,0.0925,2084000.0,150000.0,BALANCED,12.3114
2025-03-24,DIG,DIG,0.0,41.98,0.0218,-292607000.0,0.0,0.0,-0.0095,2084000.0,150000.0,BALANCED,9.7632
2025-03-25,DIG,DIG,0.0,42.35,0.0088,-292607000.0,0.0,0.0,-0.0095,2084000.0,150000.0,BALANCED,9.7632
2025-03-26,DIG,DIG,0.0,42.51,0.0097,-292607000.0,0.0,0.0,-0.0095,2084000.0,150000.0,BALANCED,9.7632
2025-03-27,DIG,DIG,0.0,41.72,-0.0184,-292607000.0,0.0,0.0,-0.0095,0.0,150000.0,BALANCED,-0.2368
2025-03-28,DIG,DIG,0.0,41.3,-0.0101,-292607000.0,0.0,0.0,-0.0095,0.0,150000.0,BALANCED,-0.2368
2025-03-31,DIG,DIG,0.0,42.18,0.0212,-292607000.0,0.0,0.0,-0.0095,0.0,150000.0,BALANCED,-0.2368
2025-04-01,DIG,DIG,0.0,42.7,0.0124,-292607000.0,0.0,0.0,-0.0095,0.0,150000.0,BALANCED,-0.2368
2025-04-02,DIG,DIG,0.0,42.8,0.0023,-292607000.0,0.0,0.0,-0.0095,0.0,150000.0,BALANCED,-0.2368
2025-04-03,DIG,DIG,0.0,36.15,-0.1554,-292607000.0,0.0,0.0,-0.0095,0.0,150000.0,BALANCED,-0.2368
2025-04-04,DIG,DIG,-2971000.0,29.71,-0.1782,-295578000.0,0.0,-2971000.0,-3.7975,-2971000.0,-2821000.0,DISTRIBUTION,-100.0
2025-04-07,DIG,DIG,1459000.0,29.18,-0.0176,-294119000.0,1459000.0,0.0,1.8597,-1512000.0,-1362000.0,ACCUMULATION,38.493
2025-04-08,DIG,DIG,0.0,27.71,-0.0505,-294119000.0,0.0,0.0,0.0561,-1512000.0,-1362000.0,BALANCED,-8.5969
2025-04-09,DIG,DIG,0.0,31.99,0.1546,-294119000.0,0.0,0.0,0.0561,-1512000.0,-1362000.0,BALANCED,-8.5969
2025-04-10,DIG,DIG,0.0,27.87,-0.129,-294119000.0,0.0,0.0,0.0561,-1512000.0,-1362000.0,BALANCED,-8.5969
2025-04-11,DIG,DIG,0.0,29.22,0.0485,-294119000.0,0.0,0.0,0.0561,1459000.0,572000.0,BALANCED,11.4031
2025-04-14,DIG,DIG,1468000.0,29.37,0.005,-292651000.0,1468000.0,0.0,1.7131,1468000.0,2040000.0,ACCUMULATION,54.8269
2025-04-15,DIG,DIG,0.0,29.3,-0.0022,-292651000.0,0.0,0.0,-0.0041,1468000.0,2040000.0,BALANCED,9.8967
2025-04-16,DIG,DIG,0.0,29.78,0.0161,-292651000.0,0.0,0.0,-0.0041,1468000.0,2040000.0,BALANCED,9.8967
2025-04-17,DIG,DIG,0.0,31.09,0.0442,-292651000.0,0.0,0.0,-0.0041,1468000.0,-44000.0,BALANCED,9.8967
2025-04-21,DIG,DIG,0.0,29.44,-0.053,-292651000.0,0.0,0.0,-0.0041,1468000.0,-44000.0,BALANCED,9.8967
2025-04-22,DIG,DIG,0.0,30.97,0.052,-292651000.0,0.0,0.0,-0.0041,0.0,-44000.0,BALANCED,-0.1033
2025-04-23,DIG,DIG,0.0,30.84,-0.0044,-292651000.0,0.0,0.0,-0.0041,0.0,-44000.0,BALANCED,-0.1033
2025-04-24,DIG,DIG,0.0,31.75,0.0295,-292651000.0,0.0,0.0,-0.0041,0.0,-44000.0,BALANCED,-0.1033
2025-04-25,DIG,DIG,0.0,31.66,-0.0027,-292651000.0,0.0,0.0,-0.0041,0.0,-44000.0,BALANCED,-0.1033
2025-04-28,DIG,DIG,0.0,32.08,0.0132,-292651000.0,0.0,0.0,-0.088,0.0,-44000.0,BALANCED,-2.2001
2025-04-29,DIG,DIG,0.0,31.84,-0.0075,-292651000.0,0.0,0.0,-0.088,0.0,-44000.0,BALANCED,-2.2001
2025-04-30,DIG,DIG,0.0,30.19,-0.0516,-292651000.0,0.0,0.0,-0.088,0.0,-44000.0,BALANCED,-2.2001
2025-05-01,DIG,DIG,0.0,30.42,0.0075,-292651000.0,0.0,0.0,-0.088,0.0,-44000.0,BALANCED,-2.2001
2025-05-02,DIG,DIG,-1566000.0,31.31,0.0293,-294217000.0,0.0,-1566000.0,-2.0702,-1566000.0,-1610000.0,DISTRIBUTION,-63.7547
2025-05-05,DIG,DIG,0.0,30.14,-0.0376,-294217000.0,0.0,0.0,0.0735,-1566000.0,1361000.0,BALANCED,-8.1634
2025-05-06,DIG,DIG,0.0,30.12,-0.0005,-294217000.0,0.0,0.0,0.0735,-1566000.0,-98000.0,BALANCED,-8.1634
2025-05-07,DIG,DIG,0.0,30.18,0.0019,-294217000.0,0.0,0.0,0.0735,-1566000.0,-98000.0,BALANCED,-8.1634
2025-05-08,DIG,DIG,0.0,30.94,0.0251,-294217000.0,0.0,0.0,0.0735,-1566000.0,-98000.0,BALANCED,-8.1634
2025-05-09,DIG,DIG,0.0,31.57,0.0204,-294217000.0,0.0,0.0,0.0735,0.0,-98000.0,BALANCED,1.8366
2025-05-12,DIG,DIG,0.0,33.18,0.051,-294217000.0,0.0,0.0,0.0735,0.0,-98000.0,BALANCED,1.8366
2025-05-13,DIG,DIG,0.0,34.13,0.0287,-294217000.0,0.0,0.0,0.0735,0.0,-1566000.0,BALANCED,1.8366
2025-05-14,DIG,DIG,0.0,33.75,-0.0112,-294217000.0,0.0,0.0,0.0735,0.0,-1566000.0,BALANCED,1.8366
2025-05-15,DIG,DIG,0.0,33.98,0.007,-294217000.0,0.0,0.0,0.0735,0.0,-1566000.0,BALANCED,1.8366
2025-05-16,DIG,DIG,0.0,33.85,-0.0038,-294217000.0,0.0,0.0,0.0735,0.0,-1566000.0,BALANCED,1.8366
2025-05-19,DIG,DIG,0.0,33.01,-0.025,-294217000.0,0.0,0.0,-0.0946,0.0,-1566000.0,BALANCED,-2.3641
2025-05-20,DIG,DIG,0.0,32.39,-0.0187,-294217000.0,0.0,0.0,0.0082,0.0,-1566000.0,BALANCED,0.2049
2025-05-21,DIG,DIG,0.0,31.19,-0.0371,-294217000.0,0.0,0.0,0.0082,0.0,-1566000.0,BALANCED,0.2049
2025-05-22,DIG,DIG,0.0,30.92,-0.0085,-294217000.0,0.0,0.0,0.0082,0.0,-1566000.0,BALANCED,0.2049
2025-05-23,DIG,DIG,0.0,31.09,0.0054,-294217000.0,0.0,0.0,0.0082,0.0,-1566000.0,BALANCED,0.2049
2025-05-27,DIG,DIG,0.0,31.63,0.0174,-294217000.0,0.0,0.0,0.0082,0.0,-1566000.0,BALANCED,0.2049
2025-05-28,DIG,DIG,0.0,30.84,-0.0251,-294217000.0,0.0,0.0,0.1826,0.0,-1566000.0,BALANCED,4.5644
2025-05-29,DIG,DIG,0.0,31.24,0.0132,-294217000.0,0.0,0.0,0.1826,0.0,-1566000.0,BALANCED,4.5644
2025-05-30,DIG,DIG,0.0,30.78,-0.0147,-294217000.0,0.0,0.0,0.1826,0.0,-1566000.0,BALANCED,4.5644
2025-06-02,DIG,DIG,0.0,31.51,0.0236,-294217000.0,0.0,0.0,0.1826,0.0,0.0,BALANCED,4.5644
2025-06-03,DIG,DIG,0.0,32.23,0.0228,-294217000.0,0.0,0.0,0.1826,0.0,0.0,BALANCED,4.5644
2025-06-04,DIG,DIG,0.0,30.99,-0.0383,-294217000.0,0.0,0.0,0.1826,0.0,0.0,BALANCED,4.5644
2025-06-05,DIG,DIG,0.0,30.91,-0.0027,-294217000.0,0.0,0.0,0.1826,0.0,0.0,BALANCED,4.5644
2025-06-06,DIG,DIG,0.0,32.09,0.0381,-294217000.0,0.0,0.0,0.1826,0.0,0.0,BALANCED,4.5644
2025-06-09,DIG,DIG,0.0,32.19,0.0032,-294217000.0,0.0,0.0,0.1826,0.0,0.0,BALANCED,4.5644
2025-06-10,DIG,DIG,0.0,33.3,0.0344,-294217000.0,0.0,0.0,0.1826,0.0,0.0,BALANCED,4.5644
2025-06-11,DIG,DIG,0.0,34.25,0.0286,-294217000.0,0.0,0.0,0.1826,0.0,0.0,BALANCED,4.5644
2025-06-12,DIG,DIG,0.0,34.52,0.0078,-294217000.0,0.0,0.0,0.1826,0.0,0.0,BALANCED,4.5644
2025-06-13,DIG,DIG,0.0,35.7,0.0343,-294217000.0,0.0,0.0,0.1826,0.0,0.0,BALANCED,4.5644
2025-06-16,DIG,DIG,0.0,35.46,-0.0068,-294217000.0,0.0,0.0,0.0,0.0,0.0,BALANCED,0.0
2025-06-17,DIG,DIG,3615000.0,36.15,0.0196,-290602000.0,3615000.0,0.0,5.2947,3615000.0,3615000.0,ACCUMULATION,100.0
2025-06-18,DIG,DIG,0.0,35.65,-0.0138,-290602000.0,0.0,0.0,-0.1826,3615000.0,3615000.0,BALANCED,5.4356
2025-06-20,DIG,DIG,1818000.0,36.36,0.0198,-288784000.0,1818000.0,0.0,2.247,5433000.0,5433000.0,ACCUMULATION,68.1759
2025-06-23,DIG,DIG,0.0,34.51,-0.0508,-288784000.0,0.0,0.0,-0.2486,5433000.0,5433000.0,BALANCED,3.7849
2025-06-24,DIG,DIG,1680000.0,33.6,-0.0266,-287104000.0,1680000.0,0.0,1.857,7113000.0,7113000.0,ACCUMULATION,58.4239
2025-06-25,DIG,DIG,0.0,33.06,-0.01,-287104000.0,0.0,0.0,-0.3051,3498000.0,7113000.0,BALANCED,2.3715
2025-06-26,DIG,DIG,-1702000.0,34.04,0.0297,-288806000.0,0.0,-1702000.0,-2.2059,1796000.0,5411000.0,DISTRIBUTION,-47.1482
2025-06-27,DIG,DIG,0.0,33.69,-0.0104,-288806000.0,0.0,0.0,-0.2114,-22000.0,5411000.0,BALANCED,-15.2843
2025-06-30,DIG,DIG,0.0,33.28,-0.0119,-288806000.0,0.0,0.0,-0.2114,-22000.0,5411000.0,BALANCED,-15.2843
2025-07-01,DIG,DIG,0.0,33.79,0.0151,-288806000.0,0.0,0.0,-0.2114,-1702000.0,5411000.0,BALANCED,-15.2843
2025-07-02,DIG,DIG,0.0,34.93,0.0338,-288806000.0,0.0,0.0,-0.2114,-1702000.0,5411000.0,BALANCED,-15.2843
2025-07-03,DIG,DIG,-1751000.0,35.03,0.0029,-290557000.0,0.0,-1751000.0,-2.029,-1751000.0,3660000.0,DISTRIBUTION,-62.7251
2025-07-07,DIG,DIG,0.0,34.32,-0.0204,-290557000.0,0.0,0.0,-0.1322,-1751000.0,3660000.0,BALANCED,-13.304
2025-07-08,DIG,DIG,0.0,36.17,0.054,-290557000.0,0.0,0.0,-0.1322,-1751000.0,3660000.0,BALANCED,-13.304
2025-07-09,DIG,DIG,0.0,35.79,-0.0106,-290557000.0,0.0,0.0,-0.1322,-1751000.0,3660000.0,BALANCED,-13.304
2025-07-10,DIG,DIG,0.0,36.34,0.0154,-290557000.0,0.0,0.0,-0.1322,-1751000.0,3660000.0,BALANCED,-13.304
2025-07-11,DIG,DIG,0.0,36.67,0.0091,-290557000.0,0.0,0.0,-0.1322,0.0,3660000.0,BALANCED,-3.304
2025-07-14,DIG,DIG,0.0,35.79,-0.0238,-290557000.0,0.0,0.0,-0.1322,0.0,3660000.0,BALANCED,-3.304
2025-07-15,DIG,DIG,-3478000.0,34.78,-0.0284,-294035000.0,0.0,-3478000.0,-3.074,-3478000.0,182000.0,DISTRIBUTION,-88.8492
2025-07-16,DIG,DIG,0.0,34.16,-0.0178,-294035000.0,0.0,0.0,-0.0054,-3478000.0,182000.0,BALANCED,-10.1338
2025-07-17,DIG,DIG,0.0,34.54,0.0111,-294035000.0,0.0,0.0,-0.0054,-3478000.0,-3433000.0,BALANCED,-10.1338
2025-07-18,DIG,DIG,-1702000.0,34.05,-0.0142,-295737000.0,0.0,-1702000.0,-1.4047,-5180000.0,-5135000.0,BALANCED,-47.1187
2025-07-21,DIG,DIG,0.0,33.28,-0.0224,-295737000.0,0.0,0.0,0.0431,-5180000.0,-6953000.0,BALANCED,-8.9225
2025-07-22,DIG,DIG,0.0,33.63,0.0105,-295737000.0,0.0,0.0,0.0431,-1702000.0,-6953000.0,BALANCED,-8.9225
2025-07-23,DIG,DIG,0.0,34.67,0.0309,-295737000.0,0.0,0.0,0.0431,-1702000.0,-8633000.0,BALANCED,-8.9225
2025-07-24,DIG,DIG,1756000.0,35.13,0.0131,-293981000.0,1756000.0,0.0,1.4317,54000.0,-6877000.0,BALANCED,47.7934
2025-07-25,DIG,DIG,0.0,34.84,-0.0081,-293981000.0,0.0,0.0,-0.0064,1756000.0,-5175000.0,BALANCED,9.8389
2025-07-28,DIG,DIG,0.0,35.66,0.0235,-293981000.0,0.0,0.0,-0.0064,1756000.0,-5175000.0,BALANCED,9.8389
2025-07-29,DIG,DIG,0.0,36.31,0.0182,-293981000.0,0.0,0.0,-0.0064,1756000.0,-5175000.0,BALANCED,9.8389
2025-07-30,DIG,DIG,0.0,35.29,-0.0281,-293981000.0,0.0,0.0,-0.0064,1756000.0,-5175000.0,BALANCED,9.8389
2025-07-31,DIG,DIG,0.0,34.89,-0.0111,-293981000.0,0.0,0.0,0.1111,0.0,-5175000.0,BALANCED,2.7784
2025-08-01,DIG,DIG,-1682000.0,33.64,-0.036,-295663000.0,0.0,-1682000.0,-1.4374,-1682000.0,-5106000.0,BALANCED,-47.9356
2025-08-04,DIG,DIG,0.0,33.45,-0.0054,-295663000.0,0.0,0.0,0.2329,-1682000.0,-5106000.0,BALANCED,-4.1779
2025-08-05,DIG,DIG,0.0,33.54,0.0026,-295663000.0,0.0,0.0,0.2329,-1682000.0,-5106000.0,BALANCED,-4.1779
2025-08-06,DIG,DIG,0.0,32.88,-0.0196,-295663000.0,0.0,0.0,0.3109,-1682000.0,-5106000.0,BALANCED,-2.2285
2025-08-07,DIG,DIG,0.0,32.63,-0.0078,-295663000.0,0.0,0.0,0.3109,-1682000.0,-5106000.0,BALANCED,-2.2285
2025-08-08,DIG,DIG,0.0,33.01,0.0116,-295663000.0,0.0,0.0,0.26,0.0,-5106000.0,BALANCED,6.501
2025-08-11,DIG,DIG,-1624000.0,32.48,-0.016,-297287000.0,0.0,-1624000.0,-1.468,-1624000.0,-6730000.0,BALANCED,-48.6988
2025-08-12,DIG,DIG,0.0,32.8,0.01,-297287000.0,0.0,0.0,0.3094,-1624000.0,-3252000.0,BALANCED,-2.2652
2025-08-13,DIG,DIG,0.0,33.58,0.0237,-297287000.0,0.0,0.0,0.3094,-1624000.0,-3252000.0,BALANCED,-2.2652
2025-08-14,DIG,DIG,0.0,33.5,-0.0023,-297287000.0,0.0,0.0,0.3094,-1624000.0,-3252000.0,BALANCED,-2.2652
2025-08-15,DIG,DIG,0.0,33.48,-0.0008,-297287000.0,0.0,0.0,0.2574,-1624000.0,-1550000.0,BALANCED,-3.5659
2025-08-18,DIG,DIG,1654000.0,33.08,-0.0117,-295633000.0,1654000.0,0.0,1.9473,1654000.0,104000.0,ACCUMULATION,60.6837
2025-08-19,DIG,DIG,0.0,33.09,0.0003,-295633000.0,0.0,0.0,0.1807,1654000.0,104000.0,BALANCED,14.518
2025-08-20,DIG,DIG,-1682000.0,33.65,0.0168,-297315000.0,0.0,-1682000.0,-1.4936,-28000.0,-1578000.0,BALANCED,-49.3402
2025-08-21,DIG,DIG,0.0,34.11,0.0138,-297315000.0,0.0,0.0,0.231,-28000.0,-3334000.0,BALANCED,-4.2258
2025-08-22,DIG,DIG,0.0,35.49,0.0403,-297315000.0,0.0,0.0,0.231,-28000.0,-3334000.0,BALANCED,-4.2258
2025-08-25,DIG,DIG,0.0,35.65,0.0047,-297315000.0,0.0,0.0,0.231,-1682000.0,-3334000.0,BALANCED,-4.2258
2025-08-26,DIG,DIG,0.0,35.52,-0.0039,-297315000.0,0.0,0.0,0.1443,-1682000.0,-3334000.0,BALANCED,-6.393
2025-08-27,DIG,DIG,0.0,36.33,0.023,-297315000.0,0.0,0.0,0.1443,0.0,-3334000.0,BALANCED,3.607
2025-08-28,DIG,DIG,0.0,36.85,0.0143,-297315000.0,0.0,0.0,0.1443,0.0,-3334000.0,BALANCED,3.607
2025-08-29,DIG,DIG,0.0,37.2,0.0094,-297315000.0,0.0,0.0,0.0756,0.0,-1652000.0,BALANCED,1.8905
2025-09-02,DIG,DIG,0.0,37.35,0.0041,-297315000.0,0.0,0.0,0.0756,0.0,-1652000.0,BALANCED,1.8905
2025-09-03,DIG,DIG,0.0,35.68,-0.0447,-297315000.0,0.0,0.0,0.0756,0.0,-1652000.0,BALANCED,1.8905
2025-09-04,DIG,DIG,0.0,36.13,0.0126,-297315000.0,0.0,0.0,0.0756,0.0,-1652000.0,BALANCED,1.8905
2025-09-05,DIG,DIG,0.0,34.7,-0.0395,-297315000.0,0.0,0.0,0.1833,0.0,-1652000.0,BALANCED,4.5823
2025-09-08,DIG,DIG,0.0,34.54,-0.0046,-297315000.0,0.0,0.0,0.1833,0.0,-1652000.0,BALANCED,4.5823
2025-09-09,DIG,DIG,0.0,34.89,0.0101,-297315000.0,0.0,0.0,0.1833,0.0,-28000.0,BALANCED,4.5823
2025-09-10,DIG,DIG,0.0,36.12,0.0352,-297315000.0,0.0,0.0,0.1833,0.0,-28000.0,BALANCED,4.5823
2025-09-11,DIG,DIG,0.0,36.1,-0.0006,-297315000.0,0.0,0.0,0.1833,0.0,-28000.0,BALANCED,4.5823
2025-09-12,DIG,DIG,0.0,35.66,-0.0123,-297315000.0,0.0,0.0,0.1833,0.0,-28000.0,BALANCED,4.5823
2025-09-15,DIG,DIG,0.0,35.39,-0.0074,-297315000.0,0.0,0.0,0.1041,0.0,-28000.0,BALANCED,2.6031
2025-09-16,DIG,DIG,0.0,36.6,0.034,-297315000.0,0.0,0.0,0.1041,0.0,-1682000.0,BALANCED,2.6031
2025-09-17,DIG,DIG,0.0,36.77,0.0048,-297315000.0,0.0,0.0,0.1041,0.0,-1682000.0,BALANCED,2.6031
2025-09-18,DIG,DIG,0.0,36.51,-0.0072,-297315000.0,0.0,0.0,0.1041,0.0,0.0,BALANCED,2.6031
2025-09-19,DIG,DIG,-1777000.0,35.54,-0.0266,-299092000.0,0.0,-1777000.0,-2.7036,-1777000.0,-1777000.0,DISTRIBUTION,-79.591
2025-09-22,DIG,DIG,-1772000.0,35.44,-0.0028,-300864000.0,0.0,-1772000.0,-2.3346,-3549000.0,-3549000.0,DISTRIBUTION,-72.3642
2025-09-23,DIG,DIG,0.0,36.67,0.0348,-300864000.0,0.0,0.0,0.1899,-3549000.0,-3549000.0,BALANCED,-5.2532
2025-09-24,DIG,DIG,0.0,37.35,0.0255,-300864000.0,0.0,0.0,0.1899,-3549000.0,-3549000.0,BALANCED,-5.2532
2025-09-25,DIG,DIG,0.0,37.98,0.017,-300864000.0,0.0,0.0,0.1899,-3549000.0,-3549000.0,BALANCED,-5.2532
2025-09-26,DIG,DIG,0.0,38.69,0.0185,-300864000.0,0.0,0.0,0.1899,-1772000.0,-3549000.0,BALANCED,-5.2532
2025-09-29,DIG,DIG,0.0,37.27,-0.0365,-300864000.0,0.0,0.0,0.1899,0.0,-3549000.0,BALANCED,4.7468
2025-09-30,DIG,DIG,0.0,36.48,-0.0214,-300864000.0,0.0,0.0,0.3276,0.0,-3549000.0,BALANCED,8.1904
2025-10-01,DIG,DIG,0.0,36.49,0.0004,-300864000.0,0.0,0.0,0.3276,0.0,-3549000.0,BALANCED,8.1904
2025-10-02,DIG,DIG,0.0,35.7,-0.0216,-300864000.0,0.0,0.0,0.2628,0.0,-3549000.0,BALANCED,6.5692
2025-10-03,DIG,DIG,0.0,36.09,0.0108,-300864000.0,0.0,0.0,0.2628,0.0,-3549000.0,BALANCED,6.5692
2025-10-06,DIG,DIG,0.0,36.44,0.0098,-300864000.0,0.0,0.0,0.2628,0.0,-3549000.0,BALANCED,6.5692
2025-10-07,DIG,DIG,0.0,36.54,0.0026,-300864000.0,0.0,0.0,0.2628,0.0,-3549000.0,BALANCED,6.5692
2025-10-08,DIG,DIG,0.0,36.09,-0.0121,-300864000.0,0.0,0.0,0.2628,0.0,-3549000.0,BALANCED,6.5692
2025-10-09,DIG,DIG,0.0,35.12,-0.0269,-300864000.0,0.0,0.0,0.2628,0.0,-3549000.0,BALANCED,6.5692
2025-10-10,DIG,DIG,0.0,33.05,-0.0591,-300864000.0,0.0,0.0,0.2628,0.0,-3549000.0,BALANCED,6.5692
2025-10-13,DIG,DIG,1699000.0,33.99,0.0285,-299165000.0,1699000.0,0.0,3.1482,1699000.0,-1850000.0,ACCUMULATION,90.7058
2025-10-14,DIG,DIG,0.0,33.93,-0.0018,-299165000.0,0.0,0.0,0.1103,1699000.0,-1850000.0,BALANCED,12.7566
2025-10-15,DIG,DIG,0.0,33.9,-0.0008,-299165000.0,0.0,0.0,0.1103,1699000.0,-1850000.0,BALANCED,12.7566
2025-10-16,DIG,DIG,0.0,33.1,-0.0235,-299165000.0,0.0,0.0,0.1103,1699000.0,-1850000.0,BALANCED,12.7566
2025-10-17,DIG,DIG,0.0,33.61,0.0153,-299165000.0,0.0,0.0,0.1103,1699000.0,-73000.0,BALANCED,12.7566
2025-10-20,DIG,DIG,0.0,34.3,0.0207,-299165000.0,0.0,0.0,0.1103,0.0,1699000.0,BALANCED,2.7566
2025-10-21,DIG,DIG,0.0,34.16,-0.0043,-299165000.0,0.0,0.0,0.1103,0.0,1699000.0,BALANCED,2.7566
2025-10-22,DIG,DIG,0.0,35.03,0.0257,-299165000.0,0.0,0.0,0.1103,0.0,1699000.0,BALANCED,2.7566
2025-10-23,DIG,DIG,0.0,35.98,0.027,-299165000.0,0.0,0.0,0.1103,0.0,1699000.0,BALANCED,2.7566
2025-10-24,DIG,DIG,0.0,35.2,-0.0216,-299165000.0,0.0,0.0,0.1103,0.0,1699000.0,BALANCED,2.7566
2025-10-27,DIG,DIG,0.0,35.39,0.0055,-299165000.0,0.0,0.0,0.1103,0.0,1699000.0,BALANCED,2.7566
2025-10-28,DIG,DIG,0.0,34.62,-0.0218,-299165000.0,0.0,0.0,0.1103,0.0,1699000.0,BALANCED,2.7566
2025-10-29,DIG,DIG,0.0,35.15,0.0151,-299165000.0,0.0,0.0,0.1103,0.0,1699000.0,BALANCED,2.7566
2025-10-30,DIG,DIG,0.0,34.72,-0.0121,-299165000.0,0.0,0.0,0.1103,0.0,1699000.0,BALANCED,2.7566
2025-10-31,DIG,DIG,-1760000.0,35.19,0.0136,-300925000.0,0.0,-1760000.0,-3.0476,-1760000.0,-61000.0,DISTRIBUTION,-88.1889
2025-11-03,DIG,DIG,0.0,35.17,-0.0005,-300925000.0,0.0,0.0,0.0045,-1760000.0,-61000.0,BALANCED,-9.8881
2025-11-04,DIG,DIG,0.0,34.42,-0.0213,-300925000.0,0.0,0.0,0.0045,-1760000.0,-61000.0,BALANCED,-9.8881
2025-11-05,DIG,DIG,0.0,34.61,0.0053,-300925000.0,0.0,0.0,0.0045,-1760000.0,-61000.0,BALANCED,-9.8881
2025-11-06,DIG,DIG,0.0,35.26,0.0188,-300925000.0,0.0,0.0,0.0045,-1760000.0,-61000.0,BALANCED,-9.8881
2025-11-07,DIG,DIG,0.0,36.28,0.0289,-300925000.0,0.0,0.0,0.0045,0.0,-61000.0,BALANCED,0.1119
2025-11-10,DIG,DIG,0.0,36.93,0.0182,-300925000.0,0.0,0.0,0.0045,0.0,-1760000.0,BALANCED,0.1119
2025-11-11,DIG,DIG,0.0,37.9,0.0261,-300925000.0,0.0,0.0,0.0045,0.0,-1760000.0,BALANCED,0.1119
2025-11-12,DIG,DIG,0.0,36.82,-0.0286,-300925000.0,0.0,0.0,0.0045,0.0,-1760000.0,BALANCED,0.1119
2025-11-13,DIG,DIG,0.0,37.03,0.0057,-300925000.0,0.0,0.0,0.0045,0.0,-1760000.0,BALANCED,0.1119
2025-11-14,DIG,DIG,0.0,38.25,0.0329,-300925000.0,0.0,0.0,0.0045,0.0,-1760000.0,BALANCED,0.1119
2025-11-17,DIG,DIG,0.0,36.84,-0.0369,-300925000.0,0.0,0.0,0.0045,0.0,-1760000.0,BALANCED,0.1119
2025-11-18,DIG,DIG,0.0,37.42,0.0158,-300925000.0,0.0,0.0,0.0045,0.0,-1760000.0,BALANCED,0.1119
2025-11-19,DIG,DIG,0.0,36.46,-0.0255,-300925000.0,0.0,0.0,0.0045,0.0,-1760000.0,BALANCED,0.1119
2025-11-20,DIG,DIG,0.0,35.62,-0.0231,-300925000.0,0.0,0.0,0.0045,0.0,-1760000.0,BALANCED,0.1119
2025-11-21,DIG,DIG,0.0,36.03,0.0115,-300925000.0,0.0,0.0,0.0045,0.0,-1760000.0,BALANCED,0.1119
2025-11-24,DIG,DIG,0.0,35.84,-0.0053,-300925000.0,0.0,0.0,0.1826,0.0,-1760000.0,BALANCED,4.5644
2025-11-25,DIG,DIG,0.0,35.39,-0.0125,-300925000.0,0.0,0.0,0.1826,0.0,-1760000.0,BALANCED,4.5644
2025-11-26,DIG,DIG,-1795000.0,35.89,0.0141,-302720000.0,0.0,-1795000.0,-3.7174,-1795000.0,-3555000.0,DISTRIBUTION,-100.0
2025-11-28,DIG,DIG,0.0,36.86,0.0268,-302720000.0,0.0,0.0,0.2628,-1795000.0,-3555000.0,BALANCED,-3.4311
2025-12-01,DIG,DIG,0.0,37.54,0.0186,-302720000.0,0.0,0.0,0.2628,-1795000.0,-1795000.0,BALANCED,-3.4311
2025-12-02,DIG,DIG,0.0,36.56,-0.0261,-302720000.0,0.0,0.0,0.2628,-1795000.0,-1795000.0,BALANCED,-3.4311
2025-12-03,DIG,DIG,0.0,37.91,0.037,-302720000.0,0.0,0.0,0.2628,-1795000.0,-1795000.0,BALANCED,-3.4311
2025-12-04,DIG,DIG,0.0,38.26,0.009,-302720000.0,0.0,0.0,0.2628,0.0,-1795000.0,BALANCED,6.5689
2025-12-05,DIG,DIG,0.0,37.93,-0.0085,-302720000.0,0.0,0.0,0.2628,0.0,-1795000.0,BALANCED,6.5689
2025-12-08,DIG,DIG,-1854000.0,37.09,-0.0223,-304574000.0,0.0,-1854000.0,-3.0415,-1854000.0,-3649000.0,DISTRIBUTION,-88.0374
2025-12-09,DIG,DIG,0.0,37.51,0.0114,-304574000.0,0.0,0.0,0.3276,-1854000.0,-3649000.0,BALANCED,-1.8088
2025-12-10,DIG,DIG,0.0,38.32,0.0217,-304574000.0,0.0,0.0,0.3276,-1854000.0,-3649000.0,BALANCED,-1.8088
2025-12-11,DIG,DIG,0.0,37.95,-0.0098,-304574000.0,0.0,0.0,0.3276,-1854000.0,-3649000.0,BALANCED,-1.8088
2025-12-12,DIG,DIG,0.0,37.23,-0.0191,-304574000.0,0.0,0.0,0.3276,-1854000.0,-3649000.0,BALANCED,-1.8088
2025-12-15,DIG,DIG,0.0,36.67,-0.015,-304574000.0,0.0,0.0,0.2627,0.0,-3649000.0,BALANCED,6.5683
2025-12-16,DIG,DIG,0.0,34.43,-0.061,-304574000.0,0.0,0.0,0.2627,0.0,-3649000.0,BALANCED,6.5683
2025-12-17,DIG,DIG,0.0,35.94,0.0437,-304574000.0,0.0,0.0,0.2627,0.0,-3649000.0,BALANCED,6.5683
2025-12-18,DIG,DIG,0.0,34.86,-0.03,-304574000.0,0.0,0.0,0.2627,0.0,-3649000.0,BALANCED,6.5683
2025-12-19,DIG,DIG,0.0,34.89,0.001,-304574000.0,0.0,0.0,0.2627,0.0,-3649000.0,BALANCED,6.5683
2025-12-22,DIG,DIG,0.0,35.61,0.0207,-304574000.0,0.0,0.0,0.2627,0.0,-3649000.0,BALANCED,6.5683
2025-12-23,DIG,DIG,0.0,36.04,0.012,-304574000.0,0.0,0.0,0.2627,0.0,-3649000.0,BALANCED,6.5683
2025-12-24,DIG,DIG,0.0,35.55,-0.0074,-304574000.0,0.0,0.0,0.2627,0.0,-3649000.0,BALANCED,6.5683
2025-12-26,DIG,DIG,0.0,35.31,-0.0066,-304574000.0,0.0,0.0,0.2627,0.0,-1854000.0,BALANCED,6.5683
2025-12-29,DIG,DIG,0.0,35.96,0.0183,-304574000.0,0.0,0.0,0.2627,0.0,-1854000.0,BALANCED,6.5683
2025-12-30,DIG,DIG,0.0,36.52,0.0156,-304574000.0,0.0,0.0,0.2627,0.0,-1854000.0,BALANCED,6.5683
2025-12-31,DIG,DIG,0.0,36.12,-0.011,-304574000.0,0.0,0.0,0.2627,0.0,-1854000.0,BALANCED,6.5683
2026-01-02,DIG,DIG,0.0,37.61,0.0413,-304574000.0,0.0,0.0,0.2627,0.0,-1854000.0,BALANCED,6.5683
2026-01-05,DIG,DIG,0.0,39.61,0.0533,-304574000.0,0.0,0.0,0.2627,0.0,-1854000.0,BALANCED,6.5683
2026-01-06,DIG,DIG,0.0,37.47,-0.054,-304574000.0,0.0,0.0,0.2627,0.0,-1854000.0,BALANCED,6.5683
2026-01-07,DIG,DIG,0.0,36.66,-0.0217,-304574000.0,0.0,0.0,0.2627,0.0,0.0,BALANCED,6.5683
2026-01-08,DIG,DIG,0.0,38.96,0.0628,-304574000.0,0.0,0.0,0.2627,0.0,0.0,BALANCED,6.5683
2026-01-09,DIG,DIG,0.0,39.12,0.0041,-304574000.0,0.0,0.0,0.2627,0.0,0.0,BALANCED,6.5683
2026-01-12,DIG,DIG,0.0,38.58,-0.0139,-304574000.0,0.0,0.0,0.1826,0.0,0.0,BALANCED,4.5644
2026-01-13,DIG,DIG,0.0,39.72,0.0297,-304574000.0,0.0,0.0,0.1826,0.0,0.0,BALANCED,4.5644
2026-01-14,DIG,DIG,0.0,41.45,0.0435,-304574000.0,0.0,0.0,0.1826,0.0,0.0,BALANCED,4.5644
2026-01-15,DIG,DIG,0.0,40.68,-0.0186,-304574000.0,0.0,0.0,0.1826,0.0,0.0,BALANCED,4.5644
2026-01-16,DIG,DIG,4082000.0,40.82,0.0034,-300492000.0,4082000.0,0.0,4.8339,4082000.0,4082000.0,ACCUMULATION,100.0
2026-01-20,DIG,DIG,0.0,40.64,-0.0043,-300492000.0,0.0,0.0,-0.0896,4082000.0,4082000.0,BALANCED,7.7606
2026-01-21,DIG,DIG,0.0,42.62,0.0486,-300492000.0,0.0,0.0,-0.0896,4082000.0,4082000.0,BALANCED,7.7606
2026-01-22,DIG,DIG,0.0,42.88,0.0061,-300492000.0,0.0,0.0,-0.1826,4082000.0,4082000.0,BALANCED,5.4356
2026-01-23,DIG,DIG,-2167000.0,43.34,0.0108,-302659000.0,0.0,-2167000.0,-2.6069,1915000.0,1915000.0,DISTRIBUTION,-57.1727
2026-01-26,DIG,DIG,0.0,43.37,0.0008,-302659000.0,0.0,0.0,-0.0746,-2167000.0,1915000.0,BALANCED,-11.8649
2026-01-27,DIG,DIG,0.0,44.16,0.0181,-302659000.0,0.0,0.0,-0.0746,-2167000.0,1915000.0,BALANCED,-11.8649
2026-01-28,DIG,DIG,0.0,44.82,0.015,-302659000.0,0.0,0.0,-0.0746,-2167000.0,1915000.0,BALANCED,-11.8649
2026-01-29,DIG,DIG,0.0,45.67,0.019,-302659000.0,0.0,0.0,-0.0746,-2167000.0,1915000.0,BALANCED,-11.8649
2026-01-30,DIG,DIG,0.0,46.54,0.019,-302659000.0,0.0,0.0,-0.0746,0.0,1915000.0,BALANCED,-1.8649
2026-02-02,DIG,DIG,0.0,44.76,-0.0381,-302659000.0,0.0,0.0,-0.0746,0.0,1915000.0,BALANCED,-1.8649
2026-02-03,DIG,DIG,0.0,47.66,0.0648,-302659000.0,0.0,0.0,-0.0746,0.0,1915000.0,BALANCED,-1.8649
2026-02-04,DIG,DIG,0.0,49.79,0.0446,-302659000.0,0.0,0.0,-0.0746,0.0,1915000.0,BALANCED,-1.8649
2026-02-05,DIG,DIG,0.0,48.71,-0.0217,-302659000.0,0.0,0.0,-0.0746,0.0,1915000.0,BALANCED,-1.8649
2026-02-06,DIG,DIG,-5055000.0,50.55,0.0377,-307714000.0,0.0,-5055000.0,-3.9059,-5055000.0,-3140000.0,DISTRIBUTION,-100.0
2026-02-09,DIG,DIG,0.0,51.29,0.0147,-307714000.0,0.0,0.0,0.0826,-5055000.0,-3140000.0,BALANCED,-7.9354
2026-02-10,DIG,DIG,0.0,51.16,-0.0025,-307714000.0,0.0,0.0,0.0826,-5055000.0,-3140000.0,BALANCED,-7.9354
2026-02-11,DIG,DIG,0.0,53.84,0.0523,-307714000.0,0.0,0.0,0.0826,-5055000.0,-3140000.0,BALANCED,-7.9354
2026-02-12,DIG,DIG,0.0,51.83,-0.0373,-307714000.0,0.0,0.0,0.0826,-5055000.0,-3140000.0,BALANCED,-7.9354
2026-02-13,DIG,DIG,0.0,52.56,0.014,-307714000.0,0.0,0.0,0.0826,0.0,-3140000.0,BALANCED,2.0646
2026-02-17,DIG,DIG,0.0,51.34,-0.0231,-307714000.0,0.0,0.0,0.0826,0.0,-7222000.0,BALANCED,2.0646
2026-02-18,DIG,DIG,0.0,53.34,0.039,-307714000.0,0.0,0.0,0.0826,0.0,-7222000.0,BALANCED,2.0646
2026-02-19,DIG,DIG,0.0,54.08,0.0139,-307714000.0,0.0,0.0,0.0826,0.0,-7222000.0,BALANCED,2.0646
2026-02-20,DIG,DIG,0.0,53.5,-0.0107,-307714000.0,0.0,0.0,0.0826,0.0,-7222000.0,BALANCED,2.0646
2026-02-23,DIG,DIG,0.0,53.95,0.0084,-307714000.0,0.0,0.0,0.0826,0.0,-5055000.0,BALANCED,2.0646
2026-02-24,DIG,DIG,0.0,53.92,-0.0007,-307714000.0,0.0,0.0,0.0826,0.0,-5055000.0,BALANCED,2.0646
2026-02-25,DIG,DIG,0.0,53.42,-0.0093,-307714000.0,0.0,0.0,0.0826,0.0,-5055000.0,BALANCED,2.0646
2026-02-26,DIG,DIG,-2688000.0,53.76,0.0065,-310402000.0,0.0,-2688000.0,-1.8446,-2688000.0,-7743000.0,DISTRIBUTION,-58.1139
2026-02-27,DIG,DIG,0.0,55.42,0.0308,-310402000.0,0.0,0.0,0.1437,-2688000.0,-7743000.0,BALANCED,-6.4076
2026-03-02,DIG,DIG,0.0,57.67,0.0407,-310402000.0,0.0,0.0,0.1437,-2688000.0,-7743000.0,BALANCED,-6.4076
2026-03-03,DIG,DIG,0.0,56.63,-0.018,-310402000.0,0.0,0.0,0.3042,-2688000.0,-7743000.0,BALANCED,-2.3954
2026-03-04,DIG,DIG,0.0,55.93,-0.0124,-310402000.0,0.0,0.0,0.3042,-2688000.0,-7743000.0,BALANCED,-2.3954
2026-03-05,DIG,DIG,0.0,56.56,0.0112,-310402000.0,0.0,0.0,0.3042,0.0,-7743000.0,BALANCED,7.6046
2026-03-06,DIG,DIG,2833000.0,56.66,0.0018,-307569000.0,2833000.0,0.0,2.4963,2833000.0,-4910000.0,ACCUMULATION,74.4069
2026-03-09,DIG,DIG,0.0,56.18,-0.0085,-307569000.0,0.0,0.0,0.1394,2833000.0,145000.0,BALANCED,13.4839
2026-03-10,DIG,DIG,0.0,54.74,-0.0255,-307569000.0,0.0,0.0,0.1394,2833000.0,145000.0,BALANCED,13.4839
2026-03-11,DIG,DIG,-2874000.0,57.48,0.05,-310443000.0,0.0,-2874000.0,-2.0528,-41000.0,-2729000.0,DISTRIBUTION,-63.3191
2026-03-12,DIG,DIG,0.0,58.49,0.0176,-310443000.0,0.0,0.0,0.2037,-41000.0,-2729000.0,BALANCED,-4.9071
2026-03-13,DIG,DIG,0.0,58.82,0.0056,-310443000.0,0.0,0.0,0.2037,-2874000.0,-2729000.0,BALANCED,-4.9071
2026-03-16,DIG,DIG,0.0,59.23,0.007,-310443000.0,0.0,0.0,0.2037,-2874000.0,-2729000.0,BALANCED,-4.9071
2026-03-17,DIG,DIG,0.0,60.45,0.0206,-310443000.0,0.0,0.0,0.2037,-2874000.0,-2729000.0,BALANCED,-4.9071
2026-03-18,DIG,DIG,0.0,60.33,-0.0021,-310443000.0,0.0,0.0,0.2037,0.0,-2729000.0,BALANCED,5.0929
2026-03-19,DIG,DIG,0.0,62.26,0.0321,-310443000.0,0.0,0.0,0.2037,0.0,-2729000.0,BALANCED,5.0929
2026-03-20,DIG,DIG,0.0,62.1,-0.0026,-310443000.0,0.0,0.0,0.2037,0.0,-2729000.0,BALANCED,5.0929
2026-03-23,DIG,DIG,0.0,63.53,0.023,-310443000.0,0.0,0.0,0.1016,0.0,-2729000.0,BALANCED,2.5392
2026-03-24,DIG,DIG,0.0,66.09,0.0402,-310443000.0,0.0,0.0,0.1016,0.0,-2729000.0,BALANCED,2.5392
2026-03-25,DIG,DIG,0.0,65.33,-0.0084,-310443000.0,0.0,0.0,0.1016,0.0,-2729000.0,BALANCED,2.5392
2026-03-26,DIG,DIG,-3370000.0,67.4,0.0317,-313813000.0,0.0,-3370000.0,-2.9407,-3370000.0,-3411000.0,DISTRIBUTION,-85.5182
2026-03-27,DIG,DIG,0.0,69.68,0.0338,-313813000.0,0.0,0.0,0.1888,-3370000.0,-3411000.0,BALANCED,-5.2802
2026-03-30,DIG,DIG,0.0,68.21,-0.021,-313813000.0,0.0,0.0,0.1888,-3370000.0,-3411000.0,BALANCED,-5.2802
2026-03-31,DIG,DIG,0.0,66.68,-0.0225,-313813000.0,0.0,0.0,0.1888,-3370000.0,-3411000.0,BALANCED,-5.2802
2026-04-01,DIG,DIG,0.0,61.73,-0.0742,-313813000.0,0.0,0.0,0.1888,-3370000.0,-3411000.0,BALANCED,-5.2802
2026-04-02,DIG,DIG,0.0,62.32,0.0096,-313813000.0,0.0,0.0,0.1888,0.0,-3411000.0,BALANCED,4.7198
2026-04-06,DIG,DIG,0.0,63.15,0.0133,-313813000.0,0.0,0.0,0.1888,0.0,-6244000.0,BALANCED,4.7198
2026-04-07,DIG,DIG,-3209000.0,64.18,0.0163,-317022000.0,0.0,-3209000.0,-2.4008,-3209000.0,-9453000.0,DISTRIBUTION,-72.0194
2026-04-08,DIG,DIG,0.0,59.69,-0.07,-317022000.0,0.0,0.0,0.257,-3209000.0,-9453000.0,BALANCED,-3.5758
2026-04-09,DIG,DIG,-2912000.0,58.23,-0.0244,-319934000.0,0.0,-2912000.0,-1.9334,-6121000.0,-9491000.0,DISTRIBUTION,-60.3357
2026-04-10,DIG,DIG,0.0,57.4,-0.0143,-319934000.0,0.0,0.0,0.2598,-6121000.0,-9491000.0,BALANCED,-3.5062
2026-04-13,DIG,DIG,0.0,57.76,0.0062,-319934000.0,0.0,0.0,0.2598,-6121000.0,-9491000.0,BALANCED,-3.5062
2026-04-14,DIG,DIG,-2765000.0,55.29,-0.0428,-322699000.0,0.0,-2765000.0,-1.8113,-5677000.0,-12256000.0,DISTRIBUTION,-57.2836
2026-04-15,DIG,DIG,0.0,54.98,-0.0055,-322699000.0,0.0,0.0,0.3153,-5677000.0,-12256000.0,BALANCED,-2.1185
2026-04-16,DIG,DIG,-2832000.0,56.64,0.0301,-325531000.0,0.0,-2832000.0,-1.6986,-5597000.0,-15088000.0,DISTRIBUTION,-54.4662
2026-04-17,DIG,DIG,-2668000.0,53.36,-0.0579,-328199000.0,0.0,-2668000.0,-1.459,-8265000.0,-17756000.0,BALANCED,-50.4745
2026-04-20,DIG,DIG,-2676000.0,53.51,0.0028,-330875000.0,0.0,-2676000.0,-1.443,-10941000.0,-20432000.0,BALANCED,-52.0744
2026-04-21,DIG,DIG,0.0,55.01,0.0279,-330875000.0,0.0,0.0,0.5903,-8176000.0,-20432000.0,BALANCED,4.7567
2026-04-22,DIG,DIG,0.0,56.34,0.0242,-330875000.0,0.0,0.0,0.5903,-8176000.0,-20432000.0,BALANCED,4.7567
2026-04-23,DIG,DIG,0.0,57.19,0.0152,-330875000.0,0.0,0.0,0.5398,-5344000.0,-20432000.0,BALANCED,3.4952
2026-04-24,DIG,DIG,0.0,57.07,-0.0022,-330875000.0,0.0,0.0,0.5398,-2676000.0,-17062000.0,BALANCED,3.4952
2026-04-27,DIG,DIG,0.0,56.81,-0.0046,-330875000.0,0.0,0.0,0.5398,0.0,-17062000.0,BALANCED,13.4952
2026-04-28,DIG,DIG,0.0,58.67,0.0328,-330875000.0,0.0,0.0,0.5398,0.0,-17062000.0,BALANCED,13.4952
2026-04-29,DIG,DIG,0.0,61.37,0.046,-330875000.0,0.0,0.0,0.5398,0.0,-17062000.0,BALANCED,13.4952
2026-04-30,DIG,DIG,0.0,62.56,0.0194,-330875000.0,0.0,0.0,0.5398,0.0,-17062000.0,BALANCED,13.4952
2026-05-01,DIG,DIG,0.0,60.85,-0.0273,-330875000.0,0.0,0.0,0.5398,0.0,-17062000.0,BALANCED,13.4952
2026-05-04,DIG,DIG,0.0,61.99,0.0187,-330875000.0,0.0,0.0,0.5398,0.0,-17062000.0,BALANCED,13.4952
2026-05-05,DIG,DIG,0.0,62.08,0.0015,-330875000.0,0.0,0.0,0.5398,0.0,-13853000.0,BALANCED,13.4952
2026-05-06,DIG,DIG,0.0,57.0,-0.0819,-330875000.0,0.0,0.0,0.5398,0.0,-13853000.0,BALANCED,13.4952
2026-05-07,DIG,DIG,0.0,54.92,-0.0365,-330875000.0,0.0,0.0,0.5398,0.0,-10941000.0,BALANCED,13.4952
2026-05-08,DIG,DIG,0.0,54.4,-0.0094,-330875000.0,0.0,0.0,0.4903,0.0,-10941000.0,BALANCED,12.2578
2026-05-11,DIG,DIG,0.0,57.23,0.0519,-330875000.0,0.0,0.0,0.4903,0.0,-10941000.0,BALANCED,12.2578
2026-05-12,DIG,DIG,0.0,58.02,0.0139,-330875000.0,0.0,0.0,0.4903,0.0,-8176000.0,BALANCED,12.2578
2026-05-13,DIG,DIG,0.0,58.14,0.0019,-330875000.0,0.0,0.0,0.4903,0.0,-8176000.0,BALANCED,12.2578
2026-05-14,DIG,DIG,0.0,59.03,0.0154,-330875000.0,0.0,0.0,0.4903,0.0,-5344000.0,BALANCED,12.2578
2026-05-15,DIG,DIG,0.0,61.78,0.0464,-330875000.0,0.0,0.0,0.4903,0.0,-2676000.0,BALANCED,12.2578
2026-05-18,DIG,DIG,0.0,64.04,0.0367,-330875000.0,0.0,0.0,0.4903,0.0,0.0,BALANCED,12.2578
2026-05-19,DIG,DIG,0.0,65.52,0.023,-330875000.0,0.0,0.0,0.4394,0.0,0.0,BALANCED,10.985
2026-05-20,DIG,DIG,0.0,62.36,-0.0482,-330875000.0,0.0,0.0,0.4394,0.0,0.0,BALANCED,10.985
2026-05-21,DIG,DIG,0.0,61.03,-0.0213,-330875000.0,0.0,0.0,0.3855,0.0,0.0,BALANCED,9.6376
2026-05-22,DIG,DIG,0.0,61.66,0.0103,-330875000.0,0.0,0.0,0.3855,0.0,0.0,BALANCED,9.6376
2026-05-26,DIG,DIG,0.0,58.31,-0.0543,-330875000.0,0.0,0.0,0.3855,0.0,0.0,BALANCED,9.6376
2026-05-27,DIG,DIG,0.0,56.49,-0.0313,-330875000.0,0.0,0.0,0.3276,0.0,0.0,BALANCED,8.1898
2026-05-28,DIG,DIG,0.0,56.39,-0.0018,-330875000.0,0.0,0.0,0.3276,0.0,0.0,BALANCED,8.1898
2026-05-29,DIG,DIG,0.0,55.15,-0.0219,-330875000.0,0.0,0.0,0.2628,0.0,0.0,BALANCED,6.5692
2026-06-01,DIG,DIG,0.0,57.09,0.0351,-330875000.0,0.0,0.0,0.1826,0.0,0.0,BALANCED,4.5644
2026-06-02,DIG,DIG,0.0,58.34,0.0219,-330875000.0,0.0,0.0,0.0,0.0,0.0,BALANCED,0.0
2026-06-03,DIG,DIG,0.0,59.89,0.0266,-330875000.0,0.0,0.0,0.0,0.0,0.0,BALANCED,0.0
2026-06-04,DIG,DIG,0.0,59.98,0.0015,-330875000.0,0.0,0.0,0.0,0.0,0.0,BALANCED,0.0
2026-06-05,DIG,DIG,0.0,57.72,-0.0378,-330875000.0,0.0,0.0,0.0,0.0,0.0,BALANCED,0.0
2026-06-08,DIG,DIG,0.0,59.02,0.0226,-330875000.0,0.0,0.0,0.0,0.0,0.0,BALANCED,0.0
2026-06-09,DIG,DIG,0.0,57.14,-0.0318,-330875000.0,0.0,0.0,0.0,0.0,0.0,BALANCED,0.0
2026-06-10,DIG,DIG,0.0,58.84,0.0297,-330875000.0,0.0,0.0,0.0,0.0,0.0,BALANCED,0.0
2026-06-11,DIG,DIG,0.0,56.52,-0.0394,-330875000.0,0.0,0.0,0.0,0.0,0.0,BALANCED,0.0
2026-06-12,DIG,DIG,0.0,57.4,0.0156,-330875000.0,0.0,0.0,0.0,0.0,0.0,BALANCED,0.0
2026-06-15,DIG,DIG,-2669000.0,53.37,-0.0701,-333544000.0,0.0,-2669000.0,-5.2947,-2669000.0,-2669000.0,DISTRIBUTION,-100.0
2026-06-16,DIG,DIG,0.0,52.98,-0.0074,-333544000.0,0.0,0.0,0.1826,-2669000.0,-2669000.0,BALANCED,-5.4356
2026-06-17,DIG,DIG,0.0,51.69,-0.0242,-333544000.0,0.0,0.0,0.1826,-2669000.0,-2669000.0,BALANCED,-5.4356
2026-06-18,DIG,DIG,0.0,49.92,-0.0344,-333544000.0,0.0,0.0,0.1826,-2669000.0,-2669000.0,BALANCED,-5.4356
2026-06-22,DIG,DIG,0.0,51.23,0.0263,-333544000.0,0.0,0.0,0.1826,-2669000.0,-2669000.0,BALANCED,-5.4356
2026-06-23,DIG,DIG,0.0,51.91,0.0132,-333544000.0,0.0,0.0,0.1826,0.0,-2669000.0,BALANCED,4.5644
2026-06-24,DIG,DIG,0.0,49.96,-0.0375,-333544000.0,0.0,0.0,0.1826,0.0,-2669000.0,BALANCED,4.5644
2026-06-25,DIG,DIG,0.0,51.02,0.0211,-333544000.0,0.0,0.0,0.1826,0.0,-2669000.0,BALANCED,4.5644
2026-06-26,DIG,DIG,0.0,50.61,-0.008,-333544000.0,0.0,0.0,0.1826,0.0,-2669000.0,BALANCED,4.5644
2026-06-29,DIG,DIG,0.0,49.99,-0.0122,-333544000.0,0.0,0.0,0.1826,0.0,-2669000.0,BALANCED,4.5644
2026-06-30,DIG,DIG,0.0,49.25,-0.0149,-333544000.0,0.0,0.0,0.1826,0.0,-2669000.0,BALANCED,4.5644
2026-07-01,DIG,DIG,0.0,48.57,-0.0137,-333544000.0,0.0,0.0,0.1826,0.0,-2669000.0,BALANCED,4.5644
2026-07-02,DIG,DIG,0.0,49.33,0.0157,-333544000.0,0.0,0.0,0.1826,0.0,-2669000.0,BALANCED,4.5644
2026-07-06,DIG,DIG,0.0,49.13,-0.0041,-333544000.0,0.0,0.0,0.1826,0.0,-2669000.0,BALANCED,4.5644
2026-07-07,DIG,DIG,0.0,51.95,0.0572,-333544000.0,0.0,0.0,0.1826,0.0,-2669000.0,BALANCED,4.5644
2026-07-08,DIG,DIG,0.0,53.75,0.0348,-333544000.0,0.0,0.0,0.1826,0.0,-2669000.0,BALANCED,4.5644
2026-07-09,DIG,DIG,0.0,52.18,-0.0293,-333544000.0,0.0,0.0,0.1826,0.0,-2669000.0,BALANCED,4.5644
2026-07-10,DIG,DIG,0.0,52.67,0.0095,-333544000.0,0.0,0.0,0.1826,0.0,-2669000.0,BALANCED,4.5644
2026-07-13,DIG,DIG,0.0,55.84,0.06,-333544000.0,0.0,0.0,0.1826,0.0,-2669000.0,BALANCED,4.5644
2026-07-14,DIG,DIG,2813000.0,56.26,0.0075,-330731000.0,2813000.0,0.0,3.9,2813000.0,144000.0,ACCUMULATION,100.0
2026-07-15,DIG,DIG,0.0,55.28,-0.0173,-330731000.0,0.0,0.0,-0.0067,2813000.0,2813000.0,BALANCED,9.8333
2026-07-16,DIG,DIG,0.0,56.33,0.0189,-330731000.0,0.0,0.0,-0.0067,2813000.0,2813000.0,BALANCED,9.8333
2026-07-17,DIG,DIG,-11526000.0,57.63,0.023,-342257000.0,0.0,-11526000.0,-5.0097,-8713000.0,-8713000.0,DISTRIBUTION,-100.0
2026-07-20,DIG,DIG,11627000.0,58.14,0.0088,-330630000.0,11627000.0,0.0,3.7189,2914000.0,2914000.0,ACCUMULATION,100.0
2026-07-21,DIG,DIG,0.0,59.29,0.0199,-330630000.0,0.0,0.0,-0.0026,101000.0,2914000.0,BALANCED,9.9347
2026-07-22,DIG,DIG,0.0,60.63,0.0226,-330630000.0,0.0,0.0,-0.0026,101000.0,2914000.0,BALANCED,9.9347
2026-07-23,DIG,DIG,0.0,61.07,0.0072,-330630000.0,0.0,0.0,-0.0026,101000.0,2914000.0,BALANCED,9.9347
2026-07-24,DIG,DIG,0.0,61.44,0.0061,-330630000.0,0.0,0.0,-0.0026,11627000.0,2914000.0,BALANCED,9.9347
2026-07-27,DIG,DIG,0.0,58.9,-0.0414,-330630000.0,0.0,0.0,-0.0026,0.0,2914000.0,BALANCED,-0.0653
2026-07-28,DIG,DIG,0.0,57.17,-0.0293,-330630000.0,0.0,0.0,-0.0026,0.0,2914000.0,BALANCED,-0.0653
2026-07-29,DIG,DIG,0.0,59.33,0.0377,-330630000.0,0.0,0.0,-0.0315,0.0,2914000.0,BALANCED,-0.7876
2026-07-30,DIG,DIG,0.0,59.98,0.011,-330630000.0,0.0,0.0,-0.0315,0.0,2914000.0,BALANCED,-0.7876
2026-07-31,DIG,DIG,0.0,61.18,0.02,-330630000.0,0.0,0.0,-0.0315,0.0,2914000.0,BALANCED,-0.7876
2026-08-03,DIG,DIG,0.0,59.61,-0.0256,-330630000.0,0.0,0.0,-0.0315,0.0,2914000.0,BALANCED,-0.7876
2026-08-04,DIG,DIG,0.0,59.09,-0.0087,-330630000.0,0.0,0.0,-0.0315,0.0,2914000.0,BALANCED,-0.7876
2026-08-05,DIG,DIG,0.0,56.6,-0.0422,-330630000.0,0.0,0.0,-0.0315,0.0,2914000.0,BALANCED,-0.7876
2026-08-06,DIG,DIG,-2917000.0,58.34,0.0307,-333547000.0,0.0,-2917000.0,-0.9313,-2917000.0,-3000.0,BALANCED,-35.2837
2026-08-07,DIG,DIG,0.0,56.95,-0.0239,-333547000.0,0.0,0.0,0.0,-2917000.0,-3000.0,BALANCED,-9.9992
2026-08-10,DIG,DIG,0.0,62.27,0.0934,-333547000.0,0.0,0.0,0.0,-2917000.0,-3000.0,BALANCED,-9.9992
2026-08-11,DIG,DIG,0.0,63.73,0.0235,-333547000.0,0.0,0.0,0.0,-2917000.0,-2816000.0,BALANCED,-9.9992
2026-08-12,DIG,DIG,0.0,63.95,0.0034,-333547000.0,0.0,0.0,0.0,-2917000.0,-2816000.0,BALANCED,-9.9992
2026-08-13,DIG,DIG,0.0,63.96,0.0002,-333547000.0,0.0,0.0,0.0,0.0,-2816000.0,BALANCED,0.0008
2026-08-14,DIG,DIG,-3290000.0,65.79,0.0286,-336837000.0,0.0,-3290000.0,-0.9973,-3290000.0,5420000.0,BALANCED,-36.9313
2026-08-17,DIG,DIG,0.0,67.16,0.0208,-336837000.0,0.0,0.0,0.0344,-3290000.0,-6207000.0,BALANCED,-9.1395
2026-08-18,DIG,DIG,-3473000.0,69.45,0.0341,-340310000.0,0.0,-3473000.0,-1.0,-6763000.0,-9680000.0,BALANCED,-37.0007
2026-08-19,DIG,DIG,0.0,69.25,-0.003,-340310000.0,0.0,0.0,0.0695,-6763000.0,-9680000.0,BALANCED,-8.2637
2026-08-20,DIG,DIG,0.0,69.64,0.0058,-340310000.0,0.0,0.0,0.0695,-6763000.0,-9680000.0,BALANCED,-8.2637
2026-08-21,DIG,DIG,0.0,69.36,-0.0041,-340310000.0,0.0,0.0,0.0695,-3473000.0,-9680000.0,BALANCED,-8.2637
2026-08-24,DIG,DIG,0.0,68.27,-0.0157,-340310000.0,0.0,0.0,0.0695,-3473000.0,-9680000.0,BALANCED,-8.2637
2026-08-25,DIG,DIG,0.0,65.97,-0.0336,-340310000.0,0.0,0.0,0.0999,0.0,-9680000.0,BALANCED,2.497
2026-08-26,DIG,DIG,0.0,66.7,0.0111,-340310000.0,0.0,0.0,0.0999,0.0,-9680000.0,BALANCED,2.497
2026-08-27,DIG,DIG,0.0,66.37,-0.005,-340310000.0,0.0,0.0,0.0999,0.0,-9680000.0,BALANCED,2.497
2026-08-28,DIG,DIG,0.0,67.18,0.0121,-340310000.0,0.0,0.0,-0.0271,0.0,-9680000.0,BALANCED,-0.6772
2026-08-31,DIG,DIG,0.0,69.87,0.04,-340310000.0,0.0,0.0,0.3268,0.0,-9680000.0,BALANCED,8.17
2026-09-01,DIG,DIG,0.0,71.73,0.0267,-340310000.0,0.0,0.0,0.3268,0.0,-9680000.0,BALANCED,8.17
2026-09-02,DIG,DIG,0.0,72.34,0.0085,-340310000.0,0.0,0.0,0.3268,0.0,-9680000.0,BALANCED,8.17
2026-09-03,DIG,DIG,0.0,71.36,-0.0136,-340310000.0,0.0,0.0,0.3268,0.0,-6763000.0,BALANCED,8.17
2026-09-04,DIG,DIG,3504000.0,70.08,-0.018,-336806000.0,3504000.0,0.0,3.0681,3504000.0,-3259000.0,ACCUMULATION,88.7022
2026-09-08,DIG,DIG,0.0,71.55,0.021,-336806000.0,0.0,0.0,0.1703,3504000.0,-3259000.0,BALANCED,14.2563
2026-09-09,DIG,DIG,0.0,72.75,0.0169,-336806000.0,0.0,0.0,0.1703,3504000.0,-3259000.0,BALANCED,14.2563
2026-09-10,DIG,DIG,0.0,71.91,-0.0115,-336806000.0,0.0,0.0,0.1703,3504000.0,-3259000.0,BALANCED,14.2563
2026-09-11,DIG,DIG,3617000.0,72.34,0.0059,-333189000.0,3617000.0,0.0,2.6516,7121000.0,358000.0,ACCUMULATION,78.2893
2026-09-14,DIG,DIG,0.0,71.01,-0.0184,-333189000.0,0.0,0.0,0.0611,3617000.0,3648000.0,BALANCED,11.5273
2026-09-15,DIG,DIG,0.0,74.08,0.0432,-333189000.0,0.0,0.0,0.0611,3617000.0,3648000.0,BALANCED,11.5273
2026-09-16,DIG,DIG,3490000.0,69.8,-0.0577,-329699000.0,3490000.0,0.0,2.244,7107000.0,10611000.0,ACCUMULATION,68.099
2026-09-17,DIG,DIG,0.0,70.7,0.0129,-329699000.0,0.0,0.0,-0.0201,7107000.0,10611000.0,BALANCED,9.4967
2026-09-18,DIG,DIG,0.0,70.43,-0.0039,-329699000.0,0.0,0.0,-0.0892,3490000.0,10611000.0,BALANCED,7.7694
2026-09-21,DIG,DIG,6703000.0,67.03,-0.0483,-322996000.0,6703000.0,0.0,3.3925,10193000.0,17314000.0,ACCUMULATION,96.8118
2026-09-22,DIG,DIG,3278000.0,65.57,-0.0218,-319718000.0,3278000.0,0.0,1.4482,13471000.0,20592000.0,BALANCED,50.2054
2026-09-23,DIG,DIG,0.0,66.61,0.0196,-319718000.0,0.0,0.0,-0.237,9981000.0,20592000.0,BALANCED,4.0755
