date,ticker,trackinsight_key,usd_flow,nav,perf_pct,cumulative_flow,daily_inflow,daily_outflow,flow_zscore,flow_5d,flow_20d,regime,pressure
2022-08-25,MSOX,MSOX,1616000.0,32.32,0.0,1616000.0,1616000.0,0.0,0.0,1616000.0,1616000.0,BALANCED,12.0
2022-08-26,MSOX,MSOX,0.0,30.83,-0.0462,1616000.0,0.0,0.0,0.0,1616000.0,1616000.0,BALANCED,10.0
2022-08-29,MSOX,MSOX,0.0,33.59,0.0895,1616000.0,0.0,0.0,0.0,1616000.0,1616000.0,BALANCED,10.0
2022-08-30,MSOX,MSOX,0.0,30.96,-0.0781,1616000.0,0.0,0.0,0.0,1616000.0,1616000.0,BALANCED,10.0
2022-08-31,MSOX,MSOX,0.0,30.82,-0.0048,1616000.0,0.0,0.0,-0.4472,1616000.0,1616000.0,BALANCED,-1.1803
2022-09-01,MSOX,MSOX,0.0,29.38,-0.0464,1616000.0,0.0,0.0,-0.4082,0.0,1616000.0,BALANCED,-10.2062
2022-09-02,MSOX,MSOX,0.0,30.3,0.0312,1616000.0,0.0,0.0,-0.378,0.0,1616000.0,BALANCED,-9.4491
2022-09-06,MSOX,MSOX,697000.0,27.87,-0.0803,2313000.0,697000.0,0.0,0.6925,697000.0,2313000.0,BALANCED,29.3119
2022-09-07,MSOX,MSOX,0.0,27.61,-0.0092,2313000.0,0.0,0.0,-0.4595,697000.0,2313000.0,BALANCED,-1.4869
2022-09-08,MSOX,MSOX,0.0,26.76,-0.0309,2313000.0,0.0,0.0,-0.4335,697000.0,2313000.0,BALANCED,-0.8374
2022-09-09,MSOX,MSOX,0.0,28.23,0.0549,2313000.0,0.0,0.0,-0.4115,697000.0,2313000.0,BALANCED,-0.2879
2022-09-12,MSOX,MSOX,0.0,25.91,-0.082,2313000.0,0.0,0.0,-0.3926,697000.0,2313000.0,BALANCED,0.185
2022-09-13,MSOX,MSOX,0.0,22.2,-0.1431,2313000.0,0.0,0.0,-0.3761,0.0,2313000.0,BALANCED,-9.4023
2022-09-14,MSOX,MSOX,0.0,22.8,0.0268,2313000.0,0.0,0.0,-0.3615,0.0,2313000.0,BALANCED,-9.0378
2022-09-15,MSOX,MSOX,0.0,22.06,-0.0322,2313000.0,0.0,0.0,-0.3485,0.0,2313000.0,BALANCED,-8.713
2022-09-16,MSOX,MSOX,0.0,21.62,-0.02,2313000.0,0.0,0.0,-0.3368,0.0,2313000.0,BALANCED,-8.4209
2022-09-19,MSOX,MSOX,0.0,20.31,-0.0606,2313000.0,0.0,0.0,-0.3263,0.0,2313000.0,BALANCED,-8.1565
2022-09-20,MSOX,MSOX,0.0,19.62,-0.0343,2313000.0,0.0,0.0,-0.3166,0.0,2313000.0,BALANCED,-7.9156
2022-09-21,MSOX,MSOX,0.0,19.91,0.0149,2313000.0,0.0,0.0,-0.3078,0.0,2313000.0,BALANCED,-7.695
2022-09-22,MSOX,MSOX,0.0,17.87,-0.1026,2313000.0,0.0,0.0,-0.2997,0.0,2313000.0,BALANCED,-7.4918
2022-09-23,MSOX,MSOX,0.0,15.61,-0.126,2313000.0,0.0,0.0,-0.2922,0.0,697000.0,BALANCED,-7.304
2022-09-26,MSOX,MSOX,0.0,14.33,-0.0824,2313000.0,0.0,0.0,-0.2852,0.0,697000.0,BALANCED,-7.1297
2022-09-27,MSOX,MSOX,0.0,13.78,-0.0383,2313000.0,0.0,0.0,-0.2787,0.0,697000.0,BALANCED,-6.9673
2022-09-28,MSOX,MSOX,0.0,14.96,0.0857,2313000.0,0.0,0.0,-0.2726,0.0,697000.0,BALANCED,-6.8155
2022-09-29,MSOX,MSOX,341000.0,13.66,-0.087,2654000.0,341000.0,0.0,0.6719,341000.0,1038000.0,BALANCED,28.7977
2022-09-30,MSOX,MSOX,0.0,13.85,0.0136,2654000.0,0.0,0.0,-0.2975,341000.0,1038000.0,BALANCED,2.5618
2022-10-03,MSOX,MSOX,0.0,14.73,0.0636,2654000.0,0.0,0.0,-0.2917,341000.0,1038000.0,BALANCED,2.7078
2022-10-04,MSOX,MSOX,0.0,15.06,0.0224,2654000.0,0.0,0.0,-0.2862,341000.0,341000.0,BALANCED,2.8456
2022-10-05,MSOX,MSOX,0.0,13.98,-0.0716,2654000.0,0.0,0.0,-0.281,341000.0,341000.0,BALANCED,2.9758
2022-10-06,MSOX,MSOX,0.0,23.44,0.6774,2654000.0,0.0,0.0,-0.276,0.0,341000.0,BALANCED,-6.9008
2022-10-07,MSOX,MSOX,993000.0,22.08,-0.0584,3647000.0,993000.0,0.0,4.1372,993000.0,1334000.0,ACCUMULATION,100.0
2022-10-10,MSOX,MSOX,0.0,18.9,-0.144,3647000.0,0.0,0.0,-0.3027,993000.0,1334000.0,BALANCED,2.4326
2022-10-11,MSOX,MSOX,0.0,15.78,-0.165,3647000.0,0.0,0.0,-0.3027,993000.0,1334000.0,BALANCED,2.4326
2022-10-12,MSOX,MSOX,0.0,15.05,-0.0463,3647000.0,0.0,0.0,-0.3027,993000.0,1334000.0,BALANCED,2.4326
2022-10-13,MSOX,MSOX,775000.0,15.5,0.0303,4422000.0,775000.0,0.0,2.6441,1768000.0,2109000.0,ACCUMULATION,78.1029
2022-10-14,MSOX,MSOX,0.0,13.89,-0.104,4422000.0,0.0,0.0,-0.3629,775000.0,2109000.0,BALANCED,0.9272
2022-10-17,MSOX,MSOX,0.0,15.37,0.1062,4422000.0,0.0,0.0,-0.3629,775000.0,2109000.0,BALANCED,0.9272
2022-10-18,MSOX,MSOX,81000.0,16.29,0.0598,4503000.0,81000.0,0.0,0.0346,856000.0,2190000.0,BALANCED,12.8652
2022-10-19,MSOX,MSOX,0.0,16.85,0.0348,4503000.0,0.0,0.0,-0.3158,856000.0,2190000.0,BALANCED,2.1051
2022-10-20,MSOX,MSOX,0.0,18.23,0.0819,4503000.0,0.0,0.0,-0.3158,81000.0,2190000.0,BALANCED,2.1051
2022-10-21,MSOX,MSOX,0.0,18.59,0.0198,4503000.0,0.0,0.0,-0.3158,81000.0,2190000.0,BALANCED,2.1051
2022-10-24,MSOX,MSOX,0.0,16.87,-0.093,4503000.0,0.0,0.0,-0.3158,81000.0,2190000.0,BALANCED,2.1051
2022-10-25,MSOX,MSOX,0.0,17.73,0.051,4503000.0,0.0,0.0,-0.3158,0.0,2190000.0,BALANCED,-7.8949
2022-10-26,MSOX,MSOX,611000.0,17.45,-0.0153,5114000.0,611000.0,0.0,2.0655,611000.0,2801000.0,ACCUMULATION,63.6379
2022-10-27,MSOX,MSOX,0.0,16.37,-0.0619,5114000.0,0.0,0.0,-0.3726,611000.0,2460000.0,BALANCED,0.686
2022-10-28,MSOX,MSOX,0.0,16.21,-0.01,5114000.0,0.0,0.0,-0.3726,611000.0,2460000.0,BALANCED,0.686
2022-10-31,MSOX,MSOX,0.0,18.57,0.1456,5114000.0,0.0,0.0,-0.3726,611000.0,2460000.0,BALANCED,0.686
2022-11-01,MSOX,MSOX,0.0,17.24,-0.0718,5114000.0,0.0,0.0,-0.3726,611000.0,2460000.0,BALANCED,0.686
2022-11-02,MSOX,MSOX,0.0,15.86,-0.0798,5114000.0,0.0,0.0,-0.3726,0.0,2460000.0,BALANCED,-9.314
2022-11-03,MSOX,MSOX,854000.0,17.09,0.0774,5968000.0,854000.0,0.0,2.5629,854000.0,3314000.0,ACCUMULATION,76.0713
2022-11-04,MSOX,MSOX,0.0,18.21,0.0657,5968000.0,0.0,0.0,-0.4265,854000.0,2321000.0,BALANCED,-0.6615
2022-11-07,MSOX,MSOX,0.0,16.72,-0.082,5968000.0,0.0,0.0,-0.4265,854000.0,2321000.0,BALANCED,-0.6615
2022-11-08,MSOX,MSOX,0.0,18.01,0.0774,5968000.0,0.0,0.0,-0.4265,854000.0,2321000.0,BALANCED,-0.6615
2022-11-09,MSOX,MSOX,0.0,18.52,0.0286,5968000.0,0.0,0.0,-0.4265,854000.0,2321000.0,BALANCED,-0.6615
2022-11-11,MSOX,MSOX,0.0,19.94,0.0762,5968000.0,0.0,0.0,-0.3897,0.0,1546000.0,BALANCED,-9.7434
2022-11-14,MSOX,MSOX,0.0,20.23,0.0149,5968000.0,0.0,0.0,-0.3897,0.0,1546000.0,BALANCED,-9.7434
2022-11-15,MSOX,MSOX,0.0,21.76,0.0755,5968000.0,0.0,0.0,-0.3897,0.0,1546000.0,BALANCED,-9.7434
2022-11-16,MSOX,MSOX,0.0,22.53,0.0354,5968000.0,0.0,0.0,-0.3897,0.0,1465000.0,BALANCED,-9.7434
2022-11-17,MSOX,MSOX,0.0,22.56,0.0014,5968000.0,0.0,0.0,-0.3897,0.0,1465000.0,BALANCED,-9.7434
2022-11-18,MSOX,MSOX,0.0,20.52,-0.0903,5968000.0,0.0,0.0,-0.3897,0.0,1465000.0,BALANCED,-9.7434
2022-11-21,MSOX,MSOX,0.0,19.01,-0.0737,5968000.0,0.0,0.0,-0.3368,0.0,1465000.0,BALANCED,-8.42
2022-11-22,MSOX,MSOX,691000.0,19.74,0.0382,6659000.0,691000.0,0.0,2.3166,691000.0,2156000.0,ACCUMULATION,69.9146
2022-11-23,MSOX,MSOX,0.0,21.47,0.0877,6659000.0,0.0,0.0,-0.3938,691000.0,2156000.0,BALANCED,0.1547
2022-11-25,MSOX,MSOX,0.0,21.78,0.0145,6659000.0,0.0,0.0,-0.3938,691000.0,1545000.0,BALANCED,0.1547
2022-11-28,MSOX,MSOX,725000.0,20.72,-0.0487,7384000.0,725000.0,0.0,2.5,1416000.0,2270000.0,ACCUMULATION,74.5
2022-11-29,MSOX,MSOX,0.0,20.78,0.003,7384000.0,0.0,0.0,-0.3941,1416000.0,2270000.0,BALANCED,0.1466
2022-11-30,MSOX,MSOX,0.0,21.13,0.0169,7384000.0,0.0,0.0,-0.3941,725000.0,2270000.0,BALANCED,0.1466
2022-12-01,MSOX,MSOX,0.0,24.0,0.1357,7384000.0,0.0,0.0,-0.3824,725000.0,2270000.0,BALANCED,0.4403
2022-12-02,MSOX,MSOX,0.0,25.63,0.0679,7384000.0,0.0,0.0,-0.3824,725000.0,2270000.0,BALANCED,0.4403
2022-12-05,MSOX,MSOX,1652000.0,27.53,0.0744,9036000.0,1652000.0,0.0,3.9676,1652000.0,3068000.0,ACCUMULATION,100.0
2022-12-06,MSOX,MSOX,509000.0,20.37,-0.2601,9545000.0,509000.0,0.0,0.8909,2161000.0,3577000.0,BALANCED,36.2736
2022-12-07,MSOX,MSOX,0.0,17.73,-0.1299,9545000.0,0.0,0.0,-0.4392,2161000.0,3577000.0,BALANCED,-0.98
2022-12-08,MSOX,MSOX,560000.0,13.99,-0.2106,10105000.0,560000.0,0.0,0.9625,2721000.0,4137000.0,BALANCED,36.0626
2022-12-09,MSOX,MSOX,0.0,14.47,0.0345,10105000.0,0.0,0.0,-0.437,2721000.0,4137000.0,BALANCED,-0.924
2022-12-12,MSOX,MSOX,1859000.0,12.39,-0.1438,11964000.0,1859000.0,0.0,3.3367,2928000.0,5996000.0,ACCUMULATION,95.4186
2022-12-13,MSOX,MSOX,0.0,11.05,-0.1083,11964000.0,0.0,0.0,-0.4672,2419000.0,5996000.0,BALANCED,-1.6806
2022-12-14,MSOX,MSOX,437000.0,9.71,-0.1212,12401000.0,437000.0,0.0,0.3976,2856000.0,6433000.0,BALANCED,21.9401
2022-12-15,MSOX,MSOX,0.0,8.89,-0.0849,12401000.0,0.0,0.0,-0.4976,2296000.0,6433000.0,BALANCED,-2.4393
2022-12-16,MSOX,MSOX,0.0,10.43,0.1738,12401000.0,0.0,0.0,-0.4976,2296000.0,6433000.0,BALANCED,-2.4393
2022-12-19,MSOX,MSOX,0.0,6.63,-0.3642,12401000.0,0.0,0.0,-0.4504,437000.0,6433000.0,BALANCED,-1.2609
2022-12-20,MSOX,MSOX,0.0,5.7,-0.1402,12401000.0,0.0,0.0,-0.4504,437000.0,6433000.0,BALANCED,-1.2609
2022-12-21,MSOX,MSOX,352000.0,5.86,0.0283,12753000.0,352000.0,0.0,0.265,352000.0,6094000.0,BALANCED,18.6238
2022-12-22,MSOX,MSOX,0.0,5.56,-0.0517,12753000.0,0.0,0.0,-0.4762,352000.0,6094000.0,BALANCED,-1.9053
2022-12-23,MSOX,MSOX,0.0,6.45,0.1607,12753000.0,0.0,0.0,-0.4762,352000.0,6094000.0,BALANCED,-1.9053
2022-12-27,MSOX,MSOX,0.0,5.6,-0.1328,12753000.0,0.0,0.0,-0.4762,352000.0,5369000.0,BALANCED,-1.9053
2022-12-28,MSOX,MSOX,0.0,5.18,-0.075,12753000.0,0.0,0.0,-0.4762,352000.0,5369000.0,BALANCED,-1.9053
2022-12-29,MSOX,MSOX,0.0,5.97,0.1539,12753000.0,0.0,0.0,-0.4762,0.0,5369000.0,BALANCED,-11.9053
2022-12-30,MSOX,MSOX,0.0,5.99,0.0028,12753000.0,0.0,0.0,-0.4762,0.0,5369000.0,BALANCED,-11.9053
2023-01-03,MSOX,MSOX,290000.0,5.79,-0.0336,13043000.0,290000.0,0.0,0.1145,290000.0,5659000.0,BALANCED,14.8623
2023-01-04,MSOX,MSOX,0.0,6.18,0.0667,13043000.0,0.0,0.0,-0.4985,290000.0,4007000.0,BALANCED,-2.4618
2023-01-05,MSOX,MSOX,0.0,6.45,0.0446,13043000.0,0.0,0.0,-0.4985,290000.0,3498000.0,BALANCED,-2.4618
2023-01-06,MSOX,MSOX,0.0,6.17,-0.0438,13043000.0,0.0,0.0,-0.4557,290000.0,3498000.0,BALANCED,-1.3926
2023-01-09,MSOX,MSOX,0.0,5.74,-0.0692,13043000.0,0.0,0.0,-0.4557,290000.0,2938000.0,BALANCED,-1.3926
2023-01-10,MSOX,MSOX,0.0,5.82,0.0143,13043000.0,0.0,0.0,-0.4557,0.0,2938000.0,BALANCED,-11.3926
2023-01-11,MSOX,MSOX,0.0,5.94,0.0202,13043000.0,0.0,0.0,-0.4117,0.0,1079000.0,BALANCED,-10.2915
2023-01-12,MSOX,MSOX,0.0,6.09,0.0255,13043000.0,0.0,0.0,-0.4117,0.0,1079000.0,BALANCED,-10.2915
2023-01-13,MSOX,MSOX,0.0,6.01,-0.0142,13043000.0,0.0,0.0,-0.4117,0.0,642000.0,BALANCED,-10.2915
2023-01-17,MSOX,MSOX,0.0,6.36,0.0594,13043000.0,0.0,0.0,-0.4117,0.0,642000.0,BALANCED,-10.2915
2023-01-18,MSOX,MSOX,0.0,5.97,-0.0614,13043000.0,0.0,0.0,-0.4117,0.0,642000.0,BALANCED,-10.2915
2023-01-19,MSOX,MSOX,0.0,5.61,-0.0605,13043000.0,0.0,0.0,-0.3646,0.0,642000.0,BALANCED,-9.1145
2023-01-20,MSOX,MSOX,0.0,5.66,0.0079,13043000.0,0.0,0.0,-0.3238,0.0,642000.0,BALANCED,-8.0949
2023-01-23,MSOX,MSOX,0.0,5.52,-0.0242,13043000.0,0.0,0.0,-0.3238,0.0,290000.0,BALANCED,-8.0949
2023-01-24,MSOX,MSOX,0.0,5.34,-0.0327,13043000.0,0.0,0.0,-0.2792,0.0,290000.0,BALANCED,-6.9809
2023-01-25,MSOX,MSOX,0.0,5.0,-0.0642,13043000.0,0.0,0.0,-0.2792,0.0,290000.0,BALANCED,-6.9809
2023-01-26,MSOX,MSOX,0.0,4.6,-0.0796,13043000.0,0.0,0.0,-0.3227,0.0,290000.0,BALANCED,-8.0684
2023-01-27,MSOX,MSOX,0.0,5.02,0.0924,13043000.0,0.0,0.0,-0.3227,0.0,290000.0,BALANCED,-8.0684
2023-01-30,MSOX,MSOX,0.0,4.94,-0.0163,13043000.0,0.0,0.0,-0.2615,0.0,290000.0,BALANCED,-6.5367
2023-01-31,MSOX,MSOX,0.0,5.41,0.0953,13043000.0,0.0,0.0,-0.2615,0.0,290000.0,BALANCED,-6.5367
2023-02-01,MSOX,MSOX,0.0,5.69,0.0511,13043000.0,0.0,0.0,-0.2615,0.0,0.0,BALANCED,-6.5367
2023-02-02,MSOX,MSOX,393000.0,5.62,-0.0122,13436000.0,393000.0,0.0,3.3774,393000.0,393000.0,ACCUMULATION,96.4352
2023-02-03,MSOX,MSOX,0.0,5.82,0.0353,13436000.0,0.0,0.0,-0.325,393000.0,393000.0,BALANCED,1.8744
2023-02-06,MSOX,MSOX,0.0,5.81,-0.0008,13436000.0,0.0,0.0,-0.2596,393000.0,393000.0,BALANCED,3.5094
2023-02-07,MSOX,MSOX,0.0,5.59,-0.0377,13436000.0,0.0,0.0,-0.2596,393000.0,393000.0,BALANCED,3.5094
2023-02-08,MSOX,MSOX,0.0,5.36,-0.0413,13436000.0,0.0,0.0,-0.2596,393000.0,393000.0,BALANCED,3.5094
2023-02-09,MSOX,MSOX,0.0,5.05,-0.0582,13436000.0,0.0,0.0,-0.2596,0.0,393000.0,BALANCED,-6.4906
2023-02-10,MSOX,MSOX,0.0,5.39,0.0672,13436000.0,0.0,0.0,-0.2596,0.0,393000.0,BALANCED,-6.4906
2023-02-13,MSOX,MSOX,0.0,5.29,-0.019,13436000.0,0.0,0.0,-0.2596,0.0,393000.0,BALANCED,-6.4906
2023-02-14,MSOX,MSOX,0.0,5.7,0.0779,13436000.0,0.0,0.0,-0.2596,0.0,393000.0,BALANCED,-6.4906
2023-02-15,MSOX,MSOX,0.0,5.83,0.0224,13436000.0,0.0,0.0,-0.1826,0.0,393000.0,BALANCED,-4.5644
2023-02-16,MSOX,MSOX,0.0,6.07,0.0423,13436000.0,0.0,0.0,-0.1826,0.0,393000.0,BALANCED,-4.5644
2023-02-17,MSOX,MSOX,0.0,6.07,-0.0002,13436000.0,0.0,0.0,-0.1826,0.0,393000.0,BALANCED,-4.5644
2023-02-21,MSOX,MSOX,0.0,5.57,-0.0825,13436000.0,0.0,0.0,-0.1826,0.0,393000.0,BALANCED,-4.5644
2023-02-22,MSOX,MSOX,0.0,5.36,-0.0388,13436000.0,0.0,0.0,-0.1826,0.0,393000.0,BALANCED,-4.5644
2023-02-23,MSOX,MSOX,470000.0,5.22,-0.0245,13906000.0,470000.0,0.0,4.0134,470000.0,863000.0,ACCUMULATION,100.0
2023-02-24,MSOX,MSOX,0.0,5.19,-0.0066,13906000.0,0.0,0.0,-0.2617,470000.0,863000.0,BALANCED,3.4586
2023-02-27,MSOX,MSOX,0.0,4.92,-0.0522,13906000.0,0.0,0.0,-0.2617,470000.0,863000.0,BALANCED,3.4586
2023-02-28,MSOX,MSOX,0.0,4.99,0.0152,13906000.0,0.0,0.0,-0.2617,470000.0,863000.0,BALANCED,3.4586
2023-03-01,MSOX,MSOX,0.0,5.07,0.0155,13906000.0,0.0,0.0,-0.2617,470000.0,863000.0,BALANCED,3.4586
2023-03-02,MSOX,MSOX,0.0,5.41,0.0666,13906000.0,0.0,0.0,-0.2617,0.0,863000.0,BALANCED,-6.5414
2023-03-03,MSOX,MSOX,0.0,5.65,0.0441,13906000.0,0.0,0.0,-0.2617,0.0,470000.0,BALANCED,-6.5414
2023-03-06,MSOX,MSOX,0.0,5.61,-0.0066,13906000.0,0.0,0.0,-0.2617,0.0,470000.0,BALANCED,-6.5414
2023-03-07,MSOX,MSOX,0.0,5.77,0.0287,13906000.0,0.0,0.0,-0.2617,0.0,470000.0,BALANCED,-6.5414
2023-03-08,MSOX,MSOX,0.0,5.46,-0.0543,13906000.0,0.0,0.0,-0.2617,0.0,470000.0,BALANCED,-6.5414
2023-03-09,MSOX,MSOX,0.0,5.03,-0.0784,13906000.0,0.0,0.0,-0.2617,0.0,470000.0,BALANCED,-6.5414
2023-03-10,MSOX,MSOX,0.0,4.87,-0.0312,13906000.0,0.0,0.0,-0.2617,0.0,470000.0,BALANCED,-6.5414
2023-03-13,MSOX,MSOX,0.0,4.7,-0.0355,13906000.0,0.0,0.0,-0.2617,0.0,470000.0,BALANCED,-6.5414
2023-03-14,MSOX,MSOX,602000.0,4.82,0.0252,14508000.0,602000.0,0.0,3.6496,602000.0,1072000.0,ACCUMULATION,100.0
2023-03-15,MSOX,MSOX,0.0,4.54,-0.0578,14508000.0,0.0,0.0,-0.3222,602000.0,1072000.0,BALANCED,1.9453
2023-03-16,MSOX,MSOX,0.0,4.6,0.013,14508000.0,0.0,0.0,-0.3222,602000.0,1072000.0,BALANCED,1.9453
2023-03-22,MSOX,MSOX,471000.0,4.28,-0.0691,14979000.0,471000.0,0.0,2.6521,1073000.0,1543000.0,ACCUMULATION,78.3035
2023-03-23,MSOX,MSOX,0.0,3.98,-0.0701,14979000.0,0.0,0.0,-0.3251,1073000.0,1543000.0,BALANCED,1.8721
2023-03-24,MSOX,MSOX,0.0,3.91,-0.0175,14979000.0,0.0,0.0,-0.3251,471000.0,1543000.0,BALANCED,1.8721
2023-03-28,MSOX,MSOX,0.0,3.99,0.0198,14979000.0,0.0,0.0,-0.3251,471000.0,1543000.0,BALANCED,1.8721
2023-03-31,MSOX,MSOX,0.0,3.73,-0.0656,14979000.0,0.0,0.0,-0.3251,471000.0,1073000.0,BALANCED,1.8721
2023-04-03,MSOX,MSOX,0.0,3.4,-0.0865,14979000.0,0.0,0.0,-0.3251,0.0,1073000.0,BALANCED,-8.1279
2023-04-04,MSOX,MSOX,0.0,3.24,-0.0495,14979000.0,0.0,0.0,-0.3251,0.0,1073000.0,BALANCED,-8.1279
2023-04-05,MSOX,MSOX,0.0,3.1,-0.0427,14979000.0,0.0,0.0,-0.3251,0.0,1073000.0,BALANCED,-8.1279
2023-04-06,MSOX,MSOX,653000.0,3.27,0.054,15632000.0,653000.0,0.0,3.0173,653000.0,1726000.0,ACCUMULATION,87.433
2023-04-10,MSOX,MSOX,0.0,3.22,-0.0139,15632000.0,0.0,0.0,-0.3809,653000.0,1726000.0,BALANCED,0.4765
2023-04-11,MSOX,MSOX,0.0,3.11,-0.0345,15632000.0,0.0,0.0,-0.3809,653000.0,1726000.0,BALANCED,0.4765
2023-04-12,MSOX,MSOX,216000.0,3.33,0.07,15848000.0,216000.0,0.0,0.7013,869000.0,1942000.0,BALANCED,29.5318
2023-04-14,MSOX,MSOX,0.0,3.19,-0.0403,15848000.0,0.0,0.0,-0.4158,869000.0,1942000.0,BALANCED,-0.395
2023-04-18,MSOX,MSOX,177000.0,3.22,0.009,16025000.0,177000.0,0.0,0.4687,393000.0,2119000.0,BALANCED,23.7168
2023-04-19,MSOX,MSOX,0.0,3.33,0.0335,16025000.0,0.0,0.0,-0.3925,393000.0,2119000.0,BALANCED,0.1865
2023-04-20,MSOX,MSOX,0.0,3.01,-0.0966,16025000.0,0.0,0.0,-0.3925,393000.0,2119000.0,BALANCED,0.1865
2023-04-21,MSOX,MSOX,0.0,2.97,-0.0121,16025000.0,0.0,0.0,-0.3925,177000.0,2119000.0,BALANCED,0.1865
2023-04-24,MSOX,MSOX,0.0,3.08,0.0379,16025000.0,0.0,0.0,-0.3925,177000.0,1517000.0,BALANCED,0.1865
2023-04-25,MSOX,MSOX,0.0,2.94,-0.0465,16025000.0,0.0,0.0,-0.3925,0.0,1517000.0,BALANCED,-9.8135
2023-04-26,MSOX,MSOX,0.0,3.03,0.0313,16025000.0,0.0,0.0,-0.3925,0.0,1517000.0,BALANCED,-9.8135
2023-04-27,MSOX,MSOX,0.0,3.47,0.1457,16025000.0,0.0,0.0,-0.3925,0.0,1046000.0,BALANCED,-9.8135
2023-04-28,MSOX,MSOX,0.0,3.4,-0.0218,16025000.0,0.0,0.0,-0.3925,0.0,1046000.0,BALANCED,-9.8135
2023-05-01,MSOX,MSOX,0.0,3.52,0.0355,16025000.0,0.0,0.0,-0.3925,0.0,1046000.0,BALANCED,-9.8135
2023-05-02,MSOX,MSOX,352000.0,3.52,-0.0004,16377000.0,352000.0,0.0,1.4455,352000.0,1398000.0,BALANCED,48.138
2023-05-03,MSOX,MSOX,0.0,3.15,-0.1041,16377000.0,0.0,0.0,-0.4416,352000.0,1398000.0,BALANCED,-1.0393
2023-05-04,MSOX,MSOX,0.0,3.81,0.2082,16377000.0,0.0,0.0,-0.4416,352000.0,1398000.0,BALANCED,-1.0393
2023-05-05,MSOX,MSOX,0.0,4.21,0.1058,16377000.0,0.0,0.0,-0.4416,352000.0,1398000.0,BALANCED,-1.0393
2023-05-09,MSOX,MSOX,690000.0,3.94,-0.0637,17067000.0,690000.0,0.0,3.0937,1042000.0,2088000.0,ACCUMULATION,89.3424
2023-05-10,MSOX,MSOX,0.0,3.66,-0.0709,17067000.0,0.0,0.0,-0.4364,690000.0,1435000.0,BALANCED,-0.91
2023-05-11,MSOX,MSOX,335000.0,3.04,-0.1694,17402000.0,335000.0,0.0,1.193,1025000.0,1770000.0,BALANCED,41.8258
2023-05-12,MSOX,MSOX,0.0,2.98,-0.0196,17402000.0,0.0,0.0,-0.4305,1025000.0,1770000.0,BALANCED,-0.7615
2023-05-15,MSOX,MSOX,0.0,3.13,0.0481,17402000.0,0.0,0.0,-0.4305,1025000.0,1554000.0,BALANCED,-0.7615
2023-05-16,MSOX,MSOX,0.0,3.22,0.0292,17402000.0,0.0,0.0,-0.4305,335000.0,1554000.0,BALANCED,-0.7615
2023-05-17,MSOX,MSOX,194000.0,3.24,0.007,17596000.0,194000.0,0.0,0.5676,529000.0,1571000.0,BALANCED,26.1908
2023-05-18,MSOX,MSOX,0.0,3.33,0.0289,17596000.0,0.0,0.0,-0.4638,194000.0,1571000.0,BALANCED,-1.5946
2023-05-19,MSOX,MSOX,0.0,3.06,-0.0829,17596000.0,0.0,0.0,-0.4638,194000.0,1571000.0,BALANCED,-1.5946
2023-05-22,MSOX,MSOX,0.0,3.27,0.0681,17596000.0,0.0,0.0,-0.4638,194000.0,1571000.0,BALANCED,-1.5946
2023-05-23,MSOX,MSOX,0.0,3.37,0.0325,17596000.0,0.0,0.0,-0.4638,194000.0,1571000.0,BALANCED,-1.5946
2023-05-24,MSOX,MSOX,0.0,3.45,0.0247,17596000.0,0.0,0.0,-0.4216,0.0,1571000.0,BALANCED,-10.5399
2023-05-25,MSOX,MSOX,0.0,3.25,-0.0596,17596000.0,0.0,0.0,-0.4216,0.0,1571000.0,BALANCED,-10.5399
2023-05-26,MSOX,MSOX,0.0,3.09,-0.0476,17596000.0,0.0,0.0,-0.4216,0.0,1571000.0,BALANCED,-10.5399
2023-05-30,MSOX,MSOX,0.0,3.42,0.1037,17596000.0,0.0,0.0,-0.3807,0.0,1571000.0,BALANCED,-9.5173
2023-05-31,MSOX,MSOX,0.0,3.27,-0.0429,17596000.0,0.0,0.0,-0.3807,0.0,1571000.0,BALANCED,-9.5173
2023-06-01,MSOX,MSOX,0.0,3.1,-0.0512,17596000.0,0.0,0.0,-0.3451,0.0,1219000.0,BALANCED,-8.6285
2023-06-02,MSOX,MSOX,0.0,3.07,-0.0114,17596000.0,0.0,0.0,-0.3451,0.0,1219000.0,BALANCED,-8.6285
2023-06-05,MSOX,MSOX,0.0,2.98,-0.0276,17596000.0,0.0,0.0,-0.3451,0.0,1219000.0,BALANCED,-8.6285
2023-06-06,MSOX,MSOX,0.0,3.09,0.0379,17596000.0,0.0,0.0,-0.3451,0.0,1219000.0,BALANCED,-8.6285
2023-06-07,MSOX,MSOX,0.0,3.29,0.0625,17596000.0,0.0,0.0,-0.3451,0.0,529000.0,BALANCED,-8.6285
2023-06-08,MSOX,MSOX,0.0,3.24,-0.0151,17596000.0,0.0,0.0,-0.3451,0.0,529000.0,BALANCED,-8.6285
2023-06-09,MSOX,MSOX,0.0,3.27,0.0108,17596000.0,0.0,0.0,-0.3451,0.0,194000.0,BALANCED,-8.6285
2023-06-13,MSOX,MSOX,0.0,3.02,-0.0766,17596000.0,0.0,0.0,-0.3451,0.0,194000.0,BALANCED,-8.6285
2023-06-14,MSOX,MSOX,0.0,3.18,0.0526,17596000.0,0.0,0.0,-0.3451,0.0,194000.0,BALANCED,-8.6285
2023-06-15,MSOX,MSOX,395000.0,3.16,-0.0077,17991000.0,395000.0,0.0,2.0127,395000.0,589000.0,ACCUMULATION,62.3183
2023-06-16,MSOX,MSOX,0.0,3.18,0.0071,17991000.0,0.0,0.0,-0.3475,395000.0,395000.0,BALANCED,1.3128
2023-06-20,MSOX,MSOX,0.0,3.31,0.0397,17991000.0,0.0,0.0,-0.3475,395000.0,395000.0,BALANCED,1.3128
2023-06-21,MSOX,MSOX,0.0,3.39,0.0249,17991000.0,0.0,0.0,-0.3475,395000.0,395000.0,BALANCED,1.3128
2023-06-22,MSOX,MSOX,0.0,3.48,0.0282,17991000.0,0.0,0.0,-0.3475,395000.0,395000.0,BALANCED,1.3128
2023-06-23,MSOX,MSOX,0.0,3.2,-0.0802,17991000.0,0.0,0.0,-0.3149,0.0,395000.0,BALANCED,-7.8726
2023-06-26,MSOX,MSOX,0.0,3.13,-0.0234,17991000.0,0.0,0.0,-0.3149,0.0,395000.0,BALANCED,-7.8726
2023-06-27,MSOX,MSOX,356000.0,3.23,0.0332,18347000.0,356000.0,0.0,3.2415,356000.0,751000.0,ACCUMULATION,93.0371
2023-06-28,MSOX,MSOX,0.0,3.21,-0.0079,18347000.0,0.0,0.0,-0.3147,356000.0,751000.0,BALANCED,2.1335
2023-06-29,MSOX,MSOX,0.0,3.21,-0.0002,18347000.0,0.0,0.0,-0.3147,356000.0,751000.0,BALANCED,2.1335
2023-06-30,MSOX,MSOX,0.0,3.23,0.0073,18347000.0,0.0,0.0,-0.3147,356000.0,751000.0,BALANCED,2.1335
2023-07-03,MSOX,MSOX,0.0,3.79,0.1742,18347000.0,0.0,0.0,-0.2624,356000.0,751000.0,BALANCED,3.4402
2023-07-05,MSOX,MSOX,0.0,3.58,-0.0571,18347000.0,0.0,0.0,-0.2624,0.0,751000.0,BALANCED,-6.5598
2023-07-06,MSOX,MSOX,0.0,3.47,-0.0284,18347000.0,0.0,0.0,-0.2624,0.0,751000.0,BALANCED,-6.5598
2023-07-07,MSOX,MSOX,0.0,4.06,0.1699,18347000.0,0.0,0.0,-0.2624,0.0,751000.0,BALANCED,-6.5598
2023-07-10,MSOX,MSOX,784000.0,3.92,-0.0361,19131000.0,784000.0,0.0,4.3611,784000.0,1535000.0,ACCUMULATION,100.0
2023-07-11,MSOX,MSOX,0.0,4.03,0.029,19131000.0,0.0,0.0,-0.3045,784000.0,1535000.0,BALANCED,2.3877
2023-07-12,MSOX,MSOX,55000.0,3.67,-0.0906,19186000.0,55000.0,0.0,0.0119,839000.0,1590000.0,BALANCED,12.298
2023-07-13,MSOX,MSOX,492000.0,3.94,0.0746,19678000.0,492000.0,0.0,2.278,1331000.0,2082000.0,ACCUMULATION,70.9508
2023-07-14,MSOX,MSOX,0.0,3.72,-0.0557,19678000.0,0.0,0.0,-0.3741,1331000.0,2082000.0,BALANCED,0.6475
2023-07-17,MSOX,MSOX,0.0,3.34,-0.1022,19678000.0,0.0,0.0,-0.3741,547000.0,1687000.0,BALANCED,0.6475
2023-07-19,MSOX,MSOX,643000.0,3.22,-0.0366,20321000.0,643000.0,0.0,2.5995,1190000.0,2330000.0,ACCUMULATION,76.988
2023-07-20,MSOX,MSOX,0.0,3.11,-0.0334,20321000.0,0.0,0.0,-0.4276,1135000.0,2330000.0,BALANCED,-0.6908
2023-07-21,MSOX,MSOX,0.0,2.92,-0.0619,20321000.0,0.0,0.0,-0.4276,643000.0,2330000.0,BALANCED,-0.6908
2023-07-24,MSOX,MSOX,0.0,2.78,-0.0468,20321000.0,0.0,0.0,-0.4276,643000.0,2330000.0,BALANCED,-0.6908
2023-07-25,MSOX,MSOX,0.0,2.69,-0.0319,20321000.0,0.0,0.0,-0.4276,643000.0,2330000.0,BALANCED,-0.6908
2023-07-26,MSOX,MSOX,0.0,2.68,-0.0044,20321000.0,0.0,0.0,-0.4276,0.0,2330000.0,BALANCED,-10.6908
2023-07-27,MSOX,MSOX,534000.0,2.67,-0.0039,20855000.0,534000.0,0.0,1.8784,534000.0,2508000.0,ACCUMULATION,58.9609
2023-07-28,MSOX,MSOX,0.0,2.94,0.1011,20855000.0,0.0,0.0,-0.4797,534000.0,2508000.0,BALANCED,-1.9932
2023-07-31,MSOX,MSOX,0.0,3.2,0.0884,20855000.0,0.0,0.0,-0.4797,534000.0,2508000.0,BALANCED,-1.9932
2023-08-01,MSOX,MSOX,0.0,3.11,-0.0281,20855000.0,0.0,0.0,-0.4327,534000.0,2508000.0,BALANCED,-0.8174
2023-08-02,MSOX,MSOX,0.0,2.95,-0.0514,20855000.0,0.0,0.0,-0.4327,534000.0,2508000.0,BALANCED,-0.8174
2023-08-03,MSOX,MSOX,0.0,2.98,0.0102,20855000.0,0.0,0.0,-0.4327,0.0,2508000.0,BALANCED,-10.8174
2023-08-04,MSOX,MSOX,0.0,2.93,-0.0168,20855000.0,0.0,0.0,-0.4327,0.0,2508000.0,BALANCED,-10.8174
2023-08-07,MSOX,MSOX,0.0,2.83,-0.0341,20855000.0,0.0,0.0,-0.4327,0.0,2508000.0,BALANCED,-10.8174
2023-08-08,MSOX,MSOX,0.0,2.95,0.0424,20855000.0,0.0,0.0,-0.4327,0.0,1724000.0,BALANCED,-10.8174
2023-08-09,MSOX,MSOX,0.0,2.69,-0.0881,20855000.0,0.0,0.0,-0.4327,0.0,1724000.0,BALANCED,-10.8174
2023-08-10,MSOX,MSOX,0.0,2.63,-0.0223,20855000.0,0.0,0.0,-0.3877,0.0,1669000.0,BALANCED,-9.6915
2023-08-11,MSOX,MSOX,0.0,2.52,-0.0418,20855000.0,0.0,0.0,-0.3877,0.0,1177000.0,BALANCED,-9.6915
2023-08-14,MSOX,MSOX,0.0,2.43,-0.0357,20855000.0,0.0,0.0,-0.3877,0.0,1177000.0,BALANCED,-9.6915
2023-08-15,MSOX,MSOX,0.0,2.38,-0.0206,20855000.0,0.0,0.0,-0.3877,0.0,1177000.0,BALANCED,-9.6915
2023-08-16,MSOX,MSOX,384000.0,2.4,0.0084,21239000.0,384000.0,0.0,1.2965,384000.0,918000.0,BALANCED,44.4126
2023-08-17,MSOX,MSOX,0.0,2.46,0.025,21239000.0,0.0,0.0,-0.4346,384000.0,918000.0,BALANCED,-0.8643
2023-08-18,MSOX,MSOX,0.0,2.46,0.0,21239000.0,0.0,0.0,-0.4346,384000.0,918000.0,BALANCED,-0.8643
2023-08-21,MSOX,MSOX,0.0,2.48,0.0081,21239000.0,0.0,0.0,-0.4346,384000.0,918000.0,BALANCED,-0.8643
2023-08-22,MSOX,MSOX,0.0,2.5,0.0081,21239000.0,0.0,0.0,-0.3897,384000.0,918000.0,BALANCED,0.2585
2023-08-23,MSOX,MSOX,0.0,2.46,-0.016,21239000.0,0.0,0.0,-0.3897,0.0,918000.0,BALANCED,-9.7415
2023-08-24,MSOX,MSOX,0.0,2.33,-0.0528,21239000.0,0.0,0.0,-0.3786,0.0,384000.0,BALANCED,-9.4643
2023-08-25,MSOX,MSOX,0.0,2.4,0.03,21239000.0,0.0,0.0,-0.3204,0.0,384000.0,BALANCED,-8.0101
2023-08-28,MSOX,MSOX,0.0,2.32,-0.0333,21239000.0,0.0,0.0,-0.3204,0.0,384000.0,BALANCED,-8.0101
2023-08-29,MSOX,MSOX,0.0,2.35,0.0116,21239000.0,0.0,0.0,-0.3204,0.0,384000.0,BALANCED,-8.0101
2023-08-30,MSOX,MSOX,404000.0,3.36,0.4327,21643000.0,404000.0,0.0,2.6436,404000.0,788000.0,ACCUMULATION,78.0911
2023-08-31,MSOX,MSOX,346000.0,4.33,0.2877,21989000.0,346000.0,0.0,1.9816,750000.0,1134000.0,ACCUMULATION,63.5405
2023-09-01,MSOX,MSOX,2381000.0,4.41,0.0185,24370000.0,2381000.0,0.0,5.0058,3131000.0,3515000.0,ACCUMULATION,100.0
2023-09-05,MSOX,MSOX,1515000.0,6.06,0.3742,25885000.0,1515000.0,0.0,2.589,4646000.0,5030000.0,ACCUMULATION,82.7239
2023-09-06,MSOX,MSOX,6566000.0,5.76,-0.0495,32451000.0,6566000.0,0.0,4.8458,11212000.0,11596000.0,ACCUMULATION,100.0
2023-09-07,MSOX,MSOX,3711000.0,5.89,0.0226,36162000.0,3711000.0,0.0,2.2664,14519000.0,15307000.0,ACCUMULATION,78.6599
2023-09-08,MSOX,MSOX,499000.0,6.24,0.0594,36661000.0,499000.0,0.0,-0.0198,14672000.0,15806000.0,BALANCED,23.5039
2023-09-11,MSOX,MSOX,-1754000.0,7.16,0.1474,34907000.0,0.0,-1754000.0,-1.5197,10537000.0,14052000.0,DISTRIBUTION,-29.9916
2023-09-12,MSOX,MSOX,258000.0,6.44,-0.1006,35165000.0,258000.0,0.0,-0.15,9280000.0,14310000.0,BALANCED,8.2509
2023-09-13,MSOX,MSOX,0.0,6.36,-0.0124,35165000.0,0.0,0.0,-0.3266,2714000.0,14310000.0,BALANCED,1.8341
2023-09-14,MSOX,MSOX,0.0,6.98,0.0975,35165000.0,0.0,0.0,-0.3266,-997000.0,13926000.0,BALANCED,-18.1659
2023-09-15,MSOX,MSOX,354000.0,7.08,0.0143,35519000.0,354000.0,0.0,-0.0925,-1142000.0,14280000.0,BALANCED,-10.3117
2023-09-18,MSOX,MSOX,-3254000.0,6.85,-0.0325,32265000.0,0.0,-3254000.0,-2.2592,-2642000.0,11026000.0,DISTRIBUTION,-68.4811
2023-09-19,MSOX,MSOX,0.0,5.92,-0.1358,32265000.0,0.0,0.0,-0.2364,-2900000.0,11026000.0,BALANCED,-15.9108
2023-09-20,MSOX,MSOX,0.0,6.04,0.0203,32265000.0,0.0,0.0,-0.2364,-2900000.0,11026000.0,BALANCED,-15.9108
2023-09-21,MSOX,MSOX,0.0,5.48,-0.0927,32265000.0,0.0,0.0,-0.2364,-2900000.0,11026000.0,BALANCED,-15.9108
2023-09-22,MSOX,MSOX,-262000.0,5.82,0.062,32003000.0,0.0,-262000.0,-0.3932,-3516000.0,10764000.0,BALANCED,-21.8294
2023-09-25,MSOX,MSOX,2425000.0,5.64,-0.0309,34428000.0,2425000.0,0.0,1.1937,2163000.0,13189000.0,BALANCED,41.842
2023-09-26,MSOX,MSOX,0.0,5.86,0.039,34428000.0,0.0,0.0,-0.2738,2163000.0,13189000.0,BALANCED,3.1554
2023-09-27,MSOX,MSOX,-233000.0,5.83,-0.0051,34195000.0,0.0,-233000.0,-0.4094,1930000.0,12956000.0,BALANCED,-2.2351
2023-09-28,MSOX,MSOX,-1154000.0,5.77,-0.0103,33041000.0,0.0,-1154000.0,-0.9206,776000.0,11398000.0,BALANCED,-17.0156
2023-09-29,MSOX,MSOX,0.0,5.63,-0.0243,33041000.0,0.0,0.0,-0.2341,1038000.0,11052000.0,BALANCED,4.1487
2023-10-02,MSOX,MSOX,0.0,5.71,0.0142,33041000.0,0.0,0.0,-0.2341,-1387000.0,8671000.0,BALANCED,-15.8513
2023-10-03,MSOX,MSOX,0.0,5.01,-0.1226,33041000.0,0.0,0.0,-0.2341,-1387000.0,7156000.0,BALANCED,-15.8513
2023-10-04,MSOX,MSOX,0.0,4.5,-0.1018,33041000.0,0.0,0.0,-0.2341,-1154000.0,590000.0,BALANCED,-15.8513
2023-10-05,MSOX,MSOX,172000.0,4.29,-0.0467,33213000.0,172000.0,0.0,-0.1352,172000.0,-2949000.0,BALANCED,8.6195
2023-10-06,MSOX,MSOX,0.0,4.43,0.0326,33213000.0,0.0,0.0,-0.2376,172000.0,-3448000.0,BALANCED,4.0595
2023-10-09,MSOX,MSOX,1329000.0,4.43,0.0,34542000.0,1329000.0,0.0,0.5251,1501000.0,-365000.0,BALANCED,25.1285
2023-10-10,MSOX,MSOX,0.0,4.6,0.0384,34542000.0,0.0,0.0,-0.263,1501000.0,-623000.0,BALANCED,3.4261
2023-10-11,MSOX,MSOX,0.0,4.25,-0.0761,34542000.0,0.0,0.0,-0.263,1501000.0,-623000.0,BALANCED,3.4261
2023-10-12,MSOX,MSOX,0.0,4.23,-0.0047,34542000.0,0.0,0.0,-0.2547,1329000.0,-623000.0,BALANCED,3.6331
2023-10-13,MSOX,MSOX,0.0,4.35,0.0284,34542000.0,0.0,0.0,-0.2476,1329000.0,-977000.0,BALANCED,3.8104
2023-10-16,MSOX,MSOX,0.0,4.35,0.0,34542000.0,0.0,0.0,-0.2055,0.0,2277000.0,BALANCED,-5.1369
2023-10-17,MSOX,MSOX,0.0,4.75,0.092,34542000.0,0.0,0.0,-0.1764,0.0,2277000.0,BALANCED,-4.4095
2023-10-18,MSOX,MSOX,0.0,3.99,-0.16,34542000.0,0.0,0.0,-0.0618,0.0,2277000.0,BALANCED,-1.5455
2023-10-19,MSOX,MSOX,0.0,4.05,0.015,34542000.0,0.0,0.0,0.0604,0.0,2277000.0,BALANCED,1.511
2023-10-20,MSOX,MSOX,0.0,3.87,-0.0444,34542000.0,0.0,0.0,0.0796,0.0,2539000.0,BALANCED,1.9898
2023-10-23,MSOX,MSOX,0.0,3.64,-0.0594,34542000.0,0.0,0.0,0.0147,0.0,114000.0,BALANCED,0.3671
2023-10-24,MSOX,MSOX,0.0,3.66,0.0055,34542000.0,0.0,0.0,0.0251,0.0,114000.0,BALANCED,0.6278
2023-10-25,MSOX,MSOX,380000.0,3.04,-0.1694,34922000.0,380000.0,0.0,0.4675,380000.0,727000.0,BALANCED,23.6871
2023-10-26,MSOX,MSOX,0.0,2.7,-0.1118,34922000.0,0.0,0.0,0.0098,380000.0,1881000.0,BALANCED,10.2439
2023-10-27,MSOX,MSOX,0.0,2.32,-0.1407,34922000.0,0.0,0.0,0.0241,380000.0,1881000.0,BALANCED,10.6013
2023-10-30,MSOX,MSOX,0.0,2.16,-0.069,34922000.0,0.0,0.0,-0.1586,380000.0,1881000.0,BALANCED,6.0343
2023-10-31,MSOX,MSOX,0.0,2.61,0.2083,34922000.0,0.0,0.0,-0.1586,380000.0,1881000.0,BALANCED,6.0343
2023-11-01,MSOX,MSOX,627000.0,2.41,-0.0766,35549000.0,627000.0,0.0,0.9134,627000.0,2508000.0,BALANCED,34.8361
2023-11-02,MSOX,MSOX,0.0,2.7,0.1203,35549000.0,0.0,0.0,-0.1932,627000.0,2336000.0,BALANCED,5.1698
2023-11-03,MSOX,MSOX,0.0,2.85,0.0556,35549000.0,0.0,0.0,-0.2101,627000.0,2336000.0,BALANCED,4.7481
2023-11-06,MSOX,MSOX,426000.0,2.84,-0.0035,35975000.0,426000.0,0.0,1.0315,1053000.0,1433000.0,BALANCED,37.7882
2023-11-07,MSOX,MSOX,148000.0,2.95,0.0387,36123000.0,148000.0,0.0,0.2519,1201000.0,1581000.0,BALANCED,20.297
2023-11-08,MSOX,MSOX,0.0,3.15,0.0678,36123000.0,0.0,0.0,-0.1788,574000.0,1581000.0,BALANCED,5.5288
2023-11-09,MSOX,MSOX,0.0,3.08,-0.0222,36123000.0,0.0,0.0,-0.3713,574000.0,1581000.0,BALANCED,0.7175
2023-11-10,MSOX,MSOX,0.0,3.51,0.1396,36123000.0,0.0,0.0,-0.3713,574000.0,1581000.0,BALANCED,0.7175
2023-11-13,MSOX,MSOX,0.0,3.77,0.0741,36123000.0,0.0,0.0,-0.3713,148000.0,1581000.0,BALANCED,0.7175
2023-11-14,MSOX,MSOX,0.0,3.55,-0.0584,36123000.0,0.0,0.0,-0.3713,0.0,1581000.0,BALANCED,-9.2825
2023-11-15,MSOX,MSOX,1089000.0,3.63,0.0225,37212000.0,1089000.0,0.0,2.8857,1089000.0,2670000.0,ACCUMULATION,84.1427
2023-11-16,MSOX,MSOX,0.0,3.38,-0.0689,37212000.0,0.0,0.0,-0.4038,1089000.0,2670000.0,BALANCED,-0.0954
2023-11-17,MSOX,MSOX,0.0,3.86,0.142,37212000.0,0.0,0.0,-0.4038,1089000.0,2670000.0,BALANCED,-0.0954
2023-11-20,MSOX,MSOX,0.0,3.56,-0.0777,37212000.0,0.0,0.0,-0.3688,1089000.0,2670000.0,BALANCED,0.7809
2023-11-21,MSOX,MSOX,471000.0,3.77,0.059,37683000.0,471000.0,0.0,1.4623,1560000.0,3141000.0,BALANCED,48.5564
2023-11-22,MSOX,MSOX,0.0,3.83,0.0159,37683000.0,0.0,0.0,-0.418,471000.0,2761000.0,BALANCED,-0.449
2023-11-24,MSOX,MSOX,0.0,3.67,-0.0418,37683000.0,0.0,0.0,-0.418,471000.0,2761000.0,BALANCED,-0.449
2023-11-27,MSOX,MSOX,0.0,3.78,0.03,37683000.0,0.0,0.0,-0.418,471000.0,2761000.0,BALANCED,-0.449
2023-11-28,MSOX,MSOX,0.0,3.83,0.0132,37683000.0,0.0,0.0,-0.418,471000.0,2761000.0,BALANCED,-0.449
2023-11-29,MSOX,MSOX,0.0,3.69,-0.0366,37683000.0,0.0,0.0,-0.418,0.0,2761000.0,BALANCED,-10.449
2023-11-30,MSOX,MSOX,0.0,3.74,0.0136,37683000.0,0.0,0.0,-0.418,0.0,2134000.0,BALANCED,-10.449
2023-12-01,MSOX,MSOX,0.0,3.85,0.0294,37683000.0,0.0,0.0,-0.418,0.0,2134000.0,BALANCED,-10.449
2023-12-04,MSOX,MSOX,0.0,4.2,0.0909,37683000.0,0.0,0.0,-0.418,0.0,2134000.0,BALANCED,-10.449
2023-12-05,MSOX,MSOX,0.0,4.21,0.0024,37683000.0,0.0,0.0,-0.418,0.0,1708000.0,BALANCED,-10.449
2023-12-06,MSOX,MSOX,253000.0,4.6,0.0926,37936000.0,253000.0,0.0,0.557,253000.0,1813000.0,BALANCED,25.9246
2023-12-07,MSOX,MSOX,0.0,4.57,-0.0065,37936000.0,0.0,0.0,-0.4072,253000.0,1813000.0,BALANCED,-0.1796
2023-12-08,MSOX,MSOX,488000.0,4.44,-0.0284,38424000.0,488000.0,0.0,1.4514,741000.0,2301000.0,BALANCED,48.2844
2023-12-11,MSOX,MSOX,297000.0,3.96,-0.1081,38721000.0,297000.0,0.0,0.6632,1038000.0,2598000.0,BALANCED,30.5807
2023-12-12,MSOX,MSOX,729000.0,2.86,-0.2778,39450000.0,729000.0,0.0,2.0787,1767000.0,3327000.0,ACCUMULATION,67.968
2023-12-13,MSOX,MSOX,97000.0,3.22,0.1259,39547000.0,97000.0,0.0,-0.2065,1611000.0,3424000.0,BALANCED,12.8374
2023-12-14,MSOX,MSOX,869000.0,3.22,0.0,40416000.0,869000.0,0.0,2.4034,2480000.0,3204000.0,ACCUMULATION,80.0839
2023-12-15,MSOX,MSOX,0.0,3.39,0.0528,40416000.0,0.0,0.0,-0.5517,1992000.0,3204000.0,BALANCED,-3.7918
2023-12-18,MSOX,MSOX,0.0,3.1,-0.0855,40416000.0,0.0,0.0,-0.5517,1695000.0,3204000.0,BALANCED,-3.7918
2023-12-19,MSOX,MSOX,0.0,2.98,-0.0387,40416000.0,0.0,0.0,-0.5084,966000.0,3204000.0,BALANCED,-2.7102
2023-12-20,MSOX,MSOX,0.0,2.89,-0.0302,40416000.0,0.0,0.0,-0.4894,869000.0,2733000.0,BALANCED,-2.234
2023-12-21,MSOX,MSOX,0.0,2.74,-0.0519,40416000.0,0.0,0.0,-0.4894,0.0,2733000.0,BALANCED,-12.234
2023-12-22,MSOX,MSOX,80000.0,3.21,0.1715,40496000.0,80000.0,0.0,-0.2257,80000.0,2813000.0,BALANCED,6.3584
2023-12-26,MSOX,MSOX,929000.0,3.79,0.1807,41425000.0,929000.0,0.0,2.3286,1009000.0,3742000.0,ACCUMULATION,72.2154
2023-12-27,MSOX,MSOX,445000.0,3.56,-0.0607,41870000.0,445000.0,0.0,0.7801,1454000.0,4187000.0,BALANCED,35.5027
2023-12-28,MSOX,MSOX,290000.0,3.62,0.0169,42160000.0,290000.0,0.0,0.2746,1744000.0,4477000.0,BALANCED,24.8645
2023-12-29,MSOX,MSOX,0.0,3.64,0.0055,42160000.0,0.0,0.0,-0.593,1744000.0,4477000.0,BALANCED,-4.824
2024-01-02,MSOX,MSOX,304000.0,3.38,-0.0714,42464000.0,304000.0,0.0,0.4647,1968000.0,4781000.0,BALANCED,23.6167
2024-01-03,MSOX,MSOX,508000.0,3.76,0.1124,42972000.0,508000.0,0.0,1.121,1547000.0,5289000.0,BALANCED,42.0255
2024-01-04,MSOX,MSOX,0.0,4.04,0.0745,42972000.0,0.0,0.0,-0.6811,1102000.0,5289000.0,BALANCED,-7.0281
2024-01-05,MSOX,MSOX,0.0,4.56,0.1287,42972000.0,0.0,0.0,-0.6321,812000.0,5036000.0,BALANCED,-5.8025
2024-01-08,MSOX,MSOX,2032000.0,4.37,-0.0417,45004000.0,2032000.0,0.0,4.0941,2844000.0,7068000.0,ACCUMULATION,100.0
2024-01-09,MSOX,MSOX,0.0,4.17,-0.0458,45004000.0,0.0,0.0,-0.5588,2540000.0,6580000.0,BALANCED,-3.9698
2024-01-10,MSOX,MSOX,438000.0,3.65,-0.1247,45442000.0,438000.0,0.0,0.4118,2470000.0,6721000.0,BALANCED,22.2943
2024-01-11,MSOX,MSOX,0.0,3.99,0.0932,45442000.0,0.0,0.0,-0.5937,2470000.0,5992000.0,BALANCED,-4.8437
2024-01-12,MSOX,MSOX,0.0,4.78,0.198,45442000.0,0.0,0.0,-0.5937,2470000.0,5895000.0,BALANCED,-4.8437
2024-01-16,MSOX,MSOX,5713000.0,5.39,0.1276,51155000.0,5713000.0,0.0,4.8545,6151000.0,10739000.0,ACCUMULATION,100.0
2024-01-17,MSOX,MSOX,0.0,4.96,-0.0798,51155000.0,0.0,0.0,-0.4141,6151000.0,10739000.0,BALANCED,-0.3535
2024-01-18,MSOX,MSOX,157000.0,4.48,-0.0968,51312000.0,157000.0,0.0,-0.2746,5870000.0,10896000.0,BALANCED,5.1338
2024-01-19,MSOX,MSOX,250000.0,4.99,0.1138,51562000.0,250000.0,0.0,-0.1969,6120000.0,11146000.0,BALANCED,9.0771
2024-01-22,MSOX,MSOX,1020000.0,5.23,0.0481,52582000.0,1020000.0,0.0,0.4907,7140000.0,12166000.0,BALANCED,28.2676
2024-01-23,MSOX,MSOX,550000.0,5.0,-0.044,53132000.0,550000.0,0.0,0.0403,1977000.0,12716000.0,BALANCED,19.0063
2024-01-24,MSOX,MSOX,703000.0,5.62,0.124,53835000.0,703000.0,0.0,0.1752,2680000.0,13339000.0,BALANCED,24.3802
2024-01-25,MSOX,MSOX,1539000.0,5.92,0.0534,55374000.0,1539000.0,0.0,0.8981,4062000.0,13949000.0,BALANCED,44.4524
2024-01-26,MSOX,MSOX,577000.0,5.77,-0.0253,55951000.0,577000.0,0.0,0.0246,4389000.0,14081000.0,BALANCED,24.6156
2024-01-29,MSOX,MSOX,0.0,6.04,0.0468,55951000.0,0.0,0.0,-0.4986,3369000.0,13791000.0,BALANCED,-2.466
2024-01-30,MSOX,MSOX,495000.0,6.19,0.0248,56446000.0,495000.0,0.0,-0.0359,3314000.0,14286000.0,BALANCED,11.1019
2024-01-31,MSOX,MSOX,0.0,6.09,-0.0162,56446000.0,0.0,0.0,-0.488,2611000.0,13982000.0,BALANCED,-2.2003
2024-02-01,MSOX,MSOX,1044000.0,6.96,0.1429,57490000.0,1044000.0,0.0,0.4341,2116000.0,14518000.0,BALANCED,22.8522
2024-02-02,MSOX,MSOX,8187000.0,7.15,0.0273,65677000.0,8187000.0,0.0,4.1652,9726000.0,22705000.0,ACCUMULATION,100.0
2024-02-05,MSOX,MSOX,2910000.0,6.69,-0.0643,68587000.0,2910000.0,0.0,1.0979,12636000.0,25615000.0,BALANCED,43.4471
2024-02-06,MSOX,MSOX,1828000.0,7.31,0.0927,70415000.0,1828000.0,0.0,0.4617,13969000.0,25411000.0,BALANCED,29.5435
2024-02-07,MSOX,MSOX,1601000.0,6.96,-0.0479,72016000.0,1601000.0,0.0,0.3078,15570000.0,27012000.0,BALANCED,27.6954
2024-02-08,MSOX,MSOX,5566000.0,6.51,-0.0647,77582000.0,5566000.0,0.0,2.2155,20092000.0,32140000.0,ACCUMULATION,77.3867
2024-02-09,MSOX,MSOX,0.0,6.29,-0.0338,77582000.0,0.0,0.0,-0.6025,11905000.0,32140000.0,BALANCED,-5.0614
2024-02-12,MSOX,MSOX,0.0,5.29,-0.159,77582000.0,0.0,0.0,-0.596,8995000.0,32140000.0,BALANCED,-4.8994
2024-02-13,MSOX,MSOX,0.0,5.0,-0.0548,77582000.0,0.0,0.0,-0.596,7167000.0,26427000.0,BALANCED,-4.8994
2024-02-14,MSOX,MSOX,1202000.0,5.01,0.002,78784000.0,1202000.0,0.0,-0.0044,6768000.0,27629000.0,BALANCED,11.8903
2024-02-15,MSOX,MSOX,3494000.0,5.46,0.0898,82278000.0,3494000.0,0.0,1.0851,4696000.0,30966000.0,BALANCED,41.128
2024-02-16,MSOX,MSOX,-465000.0,5.47,0.0018,81813000.0,0.0,-465000.0,-0.8691,4231000.0,30251000.0,BALANCED,-13.728
2024-02-20,MSOX,MSOX,0.0,5.28,-0.0347,81813000.0,0.0,0.0,-0.6395,4231000.0,29231000.0,BALANCED,-5.9864
2024-02-21,MSOX,MSOX,0.0,5.25,-0.0057,81813000.0,0.0,0.0,-0.6035,4231000.0,28681000.0,BALANCED,-5.087
2024-02-22,MSOX,MSOX,113000.0,5.66,0.0781,81926000.0,113000.0,0.0,-0.5504,3142000.0,28091000.0,BALANCED,-1.7591
2024-02-23,MSOX,MSOX,927000.0,6.18,0.0919,82853000.0,927000.0,0.0,-0.1579,575000.0,27479000.0,BALANCED,10.0515
2024-02-26,MSOX,MSOX,0.0,5.63,-0.089,82853000.0,0.0,0.0,-0.6154,1040000.0,26902000.0,BALANCED,-5.3858
2024-02-27,MSOX,MSOX,0.0,5.17,-0.0817,82853000.0,0.0,0.0,-0.6154,1040000.0,26902000.0,BALANCED,-5.3858
2024-02-28,MSOX,MSOX,0.0,5.11,-0.0116,82853000.0,0.0,0.0,-0.5702,1040000.0,26407000.0,BALANCED,-4.2542
2024-02-29,MSOX,MSOX,0.0,4.93,-0.0352,82853000.0,0.0,0.0,-0.5702,927000.0,26407000.0,BALANCED,-4.2542
2024-03-01,MSOX,MSOX,0.0,5.24,0.0629,82853000.0,0.0,0.0,-0.5665,0.0,25363000.0,BALANCED,-14.1618
2024-03-04,MSOX,MSOX,0.0,4.93,-0.0592,82853000.0,0.0,0.0,-0.5607,0.0,17176000.0,BALANCED,-14.0172
2024-03-05,MSOX,MSOX,1708000.0,4.88,-0.0101,84561000.0,1708000.0,0.0,0.3444,1708000.0,15974000.0,BALANCED,20.61
2024-03-06,MSOX,MSOX,0.0,4.21,-0.1373,84561000.0,0.0,0.0,-0.5596,1708000.0,14146000.0,BALANCED,-3.9897
2024-03-07,MSOX,MSOX,200000.0,3.99,-0.0523,84761000.0,200000.0,0.0,-0.4425,1908000.0,12745000.0,BALANCED,0.937
2024-03-08,MSOX,MSOX,0.0,4.35,0.0902,84761000.0,0.0,0.0,-0.5199,1908000.0,7179000.0,BALANCED,-2.9969
2024-03-11,MSOX,MSOX,1067000.0,3.68,-0.154,85828000.0,1067000.0,0.0,0.0378,2975000.0,8246000.0,BALANCED,12.9441
2024-03-12,MSOX,MSOX,0.0,3.62,-0.0163,85828000.0,0.0,0.0,-0.529,1267000.0,8246000.0,BALANCED,-3.224
2024-03-13,MSOX,MSOX,235000.0,3.91,0.0801,86063000.0,235000.0,0.0,-0.3989,1502000.0,8481000.0,BALANCED,2.0273
2024-03-14,MSOX,MSOX,978000.0,3.91,0.0,87041000.0,978000.0,0.0,-0.0223,2280000.0,8257000.0,BALANCED,13.4427
2024-03-15,MSOX,MSOX,0.0,5.06,0.2941,87041000.0,0.0,0.0,-0.5224,2280000.0,4763000.0,BALANCED,-3.0593
2024-03-18,MSOX,MSOX,0.0,5.72,0.1304,87041000.0,0.0,0.0,-0.5424,1213000.0,5228000.0,BALANCED,-3.5603
2024-03-19,MSOX,MSOX,3571000.0,5.29,-0.0752,90612000.0,3571000.0,0.0,2.0922,4784000.0,8799000.0,ACCUMULATION,64.3052
2024-03-20,MSOX,MSOX,0.0,5.16,-0.0246,90612000.0,0.0,0.0,-0.5001,4549000.0,8799000.0,BALANCED,-2.5035
2024-03-21,MSOX,MSOX,0.0,6.02,0.1667,90612000.0,0.0,0.0,-0.4627,3571000.0,8686000.0,BALANCED,-1.5667
2024-03-22,MSOX,MSOX,0.0,5.87,-0.0249,90612000.0,0.0,0.0,-0.4506,3571000.0,7759000.0,BALANCED,-1.2656
2024-03-25,MSOX,MSOX,0.0,5.22,-0.1107,90612000.0,0.0,0.0,-0.4506,3571000.0,7759000.0,BALANCED,-1.2656
2024-03-26,MSOX,MSOX,1114000.0,5.57,0.067,91726000.0,1114000.0,0.0,0.6638,1114000.0,8873000.0,BALANCED,28.5945
2024-03-27,MSOX,MSOX,0.0,6.49,0.1652,91726000.0,0.0,0.0,-0.4871,1114000.0,8873000.0,BALANCED,-2.1764
2024-03-28,MSOX,MSOX,-2167000.0,6.28,-0.0324,89559000.0,0.0,-2167000.0,-2.3602,-1053000.0,6706000.0,DISTRIBUTION,-71.0043
2024-04-01,MSOX,MSOX,1169000.0,6.68,0.0637,90728000.0,1169000.0,0.0,0.978,116000.0,7875000.0,BALANCED,36.4506
2024-04-02,MSOX,MSOX,0.0,6.38,-0.0449,90728000.0,0.0,0.0,-0.3309,116000.0,7875000.0,BALANCED,1.727
2024-04-03,MSOX,MSOX,1370000.0,6.85,0.0737,92098000.0,1370000.0,0.0,1.1201,372000.0,7537000.0,BALANCED,40.0034
2024-04-04,MSOX,MSOX,1804000.0,5.55,-0.1898,93902000.0,1804000.0,0.0,1.4713,2176000.0,9341000.0,BALANCED,50.7834
2024-04-05,MSOX,MSOX,0.0,6.29,0.1333,93902000.0,0.0,0.0,-0.4186,4343000.0,9141000.0,BALANCED,-0.4653
2024-04-08,MSOX,MSOX,-2638000.0,6.28,-0.0016,91264000.0,0.0,-2638000.0,-2.6605,536000.0,6503000.0,DISTRIBUTION,-58.5114
2024-04-09,MSOX,MSOX,0.0,6.28,0.0,91264000.0,0.0,0.0,-0.2556,536000.0,5436000.0,BALANCED,3.6103
2024-04-10,MSOX,MSOX,0.0,5.78,-0.0796,91264000.0,0.0,0.0,-0.2556,-834000.0,5436000.0,BALANCED,-16.3897
2024-04-11,MSOX,MSOX,0.0,5.66,-0.0208,91264000.0,0.0,0.0,-0.2556,-2638000.0,5201000.0,BALANCED,-16.3897
2024-04-12,MSOX,MSOX,0.0,4.82,-0.1484,91264000.0,0.0,0.0,-0.2556,-2638000.0,4223000.0,BALANCED,-16.3897
2024-04-15,MSOX,MSOX,0.0,4.88,0.0124,91264000.0,0.0,0.0,-0.2556,0.0,4223000.0,BALANCED,-6.3897
2024-04-16,MSOX,MSOX,0.0,4.84,-0.0082,91264000.0,0.0,0.0,-0.2556,0.0,4223000.0,BALANCED,-6.3897
2024-04-17,MSOX,MSOX,2207000.0,5.45,0.126,93471000.0,2207000.0,0.0,1.7011,2207000.0,2859000.0,ACCUMULATION,54.5271
2024-04-18,MSOX,MSOX,0.0,5.15,-0.055,93471000.0,0.0,0.0,-0.2645,2207000.0,2859000.0,BALANCED,3.3872
2024-04-19,MSOX,MSOX,0.0,4.6,-0.1068,93471000.0,0.0,0.0,-0.2583,2207000.0,2859000.0,BALANCED,3.5424
2024-04-22,MSOX,MSOX,660000.0,4.4,-0.0435,94131000.0,660000.0,0.0,0.3092,2867000.0,3519000.0,BALANCED,19.7288
2024-04-23,MSOX,MSOX,0.0,4.57,0.0386,94131000.0,0.0,0.0,-0.2478,2867000.0,3519000.0,BALANCED,3.8041
2024-04-24,MSOX,MSOX,3255000.0,4.65,0.0175,97386000.0,3255000.0,0.0,2.3139,3915000.0,5660000.0,ACCUMULATION,69.8473
2024-04-25,MSOX,MSOX,0.0,4.24,-0.0882,97386000.0,0.0,0.0,-0.3039,3915000.0,5660000.0,BALANCED,2.4024
2024-04-26,MSOX,MSOX,0.0,4.6,0.0849,97386000.0,0.0,0.0,-0.2784,3915000.0,7827000.0,BALANCED,3.0391
2024-04-29,MSOX,MSOX,0.0,4.84,0.0522,97386000.0,0.0,0.0,-0.2784,3255000.0,6658000.0,BALANCED,3.0391
2024-04-30,MSOX,MSOX,3610000.0,7.22,0.4917,100996000.0,3610000.0,0.0,2.2922,6865000.0,10268000.0,ACCUMULATION,69.3044
2024-05-01,MSOX,MSOX,260000.0,5.19,-0.2812,101256000.0,260000.0,0.0,-0.0764,3870000.0,9158000.0,BALANCED,12.0893
2024-05-02,MSOX,MSOX,1441000.0,5.24,0.0096,102697000.0,1441000.0,0.0,0.8279,5311000.0,8795000.0,BALANCED,36.697
2024-05-03,MSOX,MSOX,0.0,5.3,0.0114,102697000.0,0.0,0.0,-0.3212,5311000.0,8795000.0,BALANCED,1.9691
2024-05-06,MSOX,MSOX,0.0,5.0,-0.0566,102697000.0,0.0,0.0,-0.3212,5311000.0,11433000.0,BALANCED,1.9691
2024-05-07,MSOX,MSOX,0.0,4.45,-0.11,102697000.0,0.0,0.0,-0.3212,1701000.0,11433000.0,BALANCED,1.9691
2024-05-08,MSOX,MSOX,1624000.0,4.51,0.0135,104321000.0,1624000.0,0.0,0.9501,3065000.0,13057000.0,BALANCED,35.7534
2024-05-09,MSOX,MSOX,0.0,4.9,0.0865,104321000.0,0.0,0.0,-0.3313,1624000.0,13057000.0,BALANCED,1.7184
2024-05-10,MSOX,MSOX,0.0,4.88,-0.0041,104321000.0,0.0,0.0,-0.4195,1624000.0,13057000.0,BALANCED,-0.4865
2024-05-13,MSOX,MSOX,0.0,5.01,0.0266,104321000.0,0.0,0.0,-0.3875,1624000.0,13057000.0,BALANCED,0.3121
2024-05-14,MSOX,MSOX,0.0,5.21,0.0399,104321000.0,0.0,0.0,-0.3875,1624000.0,13057000.0,BALANCED,0.3121
2024-05-15,MSOX,MSOX,0.0,5.16,-0.0096,104321000.0,0.0,0.0,-0.3516,0.0,10850000.0,BALANCED,-8.7892
2024-05-16,MSOX,MSOX,-1549000.0,5.34,0.0349,102772000.0,0.0,-1549000.0,-1.5619,-1549000.0,9301000.0,DISTRIBUTION,-51.0475
2024-05-17,MSOX,MSOX,0.0,5.14,-0.0375,102772000.0,0.0,0.0,-0.2503,-1549000.0,9301000.0,BALANCED,-16.2586
2024-05-20,MSOX,MSOX,0.0,4.48,-0.1284,102772000.0,0.0,0.0,-0.3669,-1549000.0,8641000.0,BALANCED,-19.1725
2024-05-21,MSOX,MSOX,0.0,4.68,0.0446,102772000.0,0.0,0.0,-0.3669,-1549000.0,8641000.0,BALANCED,-19.1725
2024-05-22,MSOX,MSOX,738000.0,4.34,-0.0727,103510000.0,738000.0,0.0,0.3156,-811000.0,6124000.0,BALANCED,-0.109
2024-05-23,MSOX,MSOX,0.0,3.62,-0.1659,103510000.0,0.0,0.0,-0.3907,738000.0,6124000.0,BALANCED,0.2331
2024-05-24,MSOX,MSOX,0.0,3.66,0.0111,103510000.0,0.0,0.0,-0.3907,738000.0,6124000.0,BALANCED,0.2331
2024-05-28,MSOX,MSOX,0.0,3.5,-0.0437,103510000.0,0.0,0.0,-0.3907,738000.0,6124000.0,BALANCED,0.2331
2024-05-29,MSOX,MSOX,0.0,3.23,-0.0771,103510000.0,0.0,0.0,-0.3907,738000.0,2514000.0,BALANCED,0.2331
2024-05-30,MSOX,MSOX,2601000.0,3.4,0.0526,106111000.0,2601000.0,0.0,2.0363,2601000.0,4855000.0,ACCUMULATION,62.9071
2024-05-31,MSOX,MSOX,0.0,3.5,0.0294,106111000.0,0.0,0.0,-0.3936,2601000.0,3414000.0,BALANCED,0.1596
2024-06-03,MSOX,MSOX,0.0,3.31,-0.0543,106111000.0,0.0,0.0,-0.3936,2601000.0,3414000.0,BALANCED,0.1596
2024-06-04,MSOX,MSOX,0.0,3.37,0.0181,106111000.0,0.0,0.0,-0.3725,2601000.0,3414000.0,BALANCED,0.6882
2024-06-05,MSOX,MSOX,0.0,3.24,-0.0386,106111000.0,0.0,0.0,-0.3725,2601000.0,3414000.0,BALANCED,0.6882
2024-06-06,MSOX,MSOX,553000.0,3.16,-0.0247,106664000.0,553000.0,0.0,0.2627,553000.0,2343000.0,BALANCED,18.5681
2024-06-07,MSOX,MSOX,0.0,3.23,0.0222,106664000.0,0.0,0.0,-0.3334,553000.0,2343000.0,BALANCED,1.6659
2024-06-10,MSOX,MSOX,0.0,3.27,0.0124,106664000.0,0.0,0.0,-0.3334,553000.0,2343000.0,BALANCED,1.6659
2024-06-11,MSOX,MSOX,0.0,3.2,-0.0214,106664000.0,0.0,0.0,-0.3334,553000.0,2343000.0,BALANCED,1.6659
2024-06-12,MSOX,MSOX,0.0,3.21,0.0031,106664000.0,0.0,0.0,-0.2746,553000.0,2343000.0,BALANCED,3.1344
2024-06-13,MSOX,MSOX,705000.0,2.82,-0.1215,107369000.0,705000.0,0.0,0.7219,705000.0,3048000.0,BALANCED,30.0476
2024-06-14,MSOX,MSOX,1447000.0,2.63,-0.0674,108816000.0,1447000.0,0.0,1.7893,2152000.0,6044000.0,ACCUMULATION,58.7334
2024-06-17,MSOX,MSOX,0.0,2.84,0.0798,108816000.0,0.0,0.0,-0.2936,2152000.0,6044000.0,BALANCED,2.6598
2024-06-18,MSOX,MSOX,0.0,2.78,-0.0211,108816000.0,0.0,0.0,-0.2936,2152000.0,6044000.0,BALANCED,2.6598
2024-06-20,MSOX,MSOX,923000.0,2.84,0.0216,109739000.0,923000.0,0.0,0.9753,3075000.0,6967000.0,BALANCED,36.3825
2024-06-21,MSOX,MSOX,0.0,2.9,0.0211,109739000.0,0.0,0.0,-0.2753,2370000.0,6229000.0,BALANCED,3.1173
2024-06-24,MSOX,MSOX,0.0,3.22,0.1103,109739000.0,0.0,0.0,-0.2753,923000.0,6229000.0,BALANCED,3.1173
2024-06-25,MSOX,MSOX,0.0,3.06,-0.0497,109739000.0,0.0,0.0,-0.2753,923000.0,6229000.0,BALANCED,3.1173
2024-06-26,MSOX,MSOX,0.0,3.26,0.0654,109739000.0,0.0,0.0,-0.2753,923000.0,6229000.0,BALANCED,3.1173
2024-06-27,MSOX,MSOX,1032000.0,3.44,0.0552,110771000.0,1032000.0,0.0,1.2139,1032000.0,7261000.0,BALANCED,42.3479
2024-06-28,MSOX,MSOX,-759000.0,2.81,-0.1831,110012000.0,0.0,-759000.0,-1.3645,273000.0,3901000.0,BALANCED,-26.1118
2024-07-01,MSOX,MSOX,0.0,2.72,-0.032,110012000.0,0.0,0.0,-0.3927,273000.0,3901000.0,BALANCED,0.1824
2024-07-02,MSOX,MSOX,653000.0,2.61,-0.0404,110665000.0,653000.0,0.0,0.6317,926000.0,4554000.0,BALANCED,27.7916
2024-07-03,MSOX,MSOX,0.0,2.84,0.0881,110665000.0,0.0,0.0,-0.4262,926000.0,4554000.0,BALANCED,-0.656
2024-07-05,MSOX,MSOX,0.0,2.67,-0.0599,110665000.0,0.0,0.0,-0.4262,-106000.0,4554000.0,BALANCED,-20.656
2024-07-08,MSOX,MSOX,0.0,2.76,0.0337,110665000.0,0.0,0.0,-0.3895,653000.0,4001000.0,BALANCED,0.2632
2024-07-09,MSOX,MSOX,0.0,2.58,-0.0652,110665000.0,0.0,0.0,-0.3895,653000.0,4001000.0,BALANCED,0.2632
2024-07-10,MSOX,MSOX,633000.0,2.53,-0.0194,111298000.0,633000.0,0.0,0.6074,633000.0,4634000.0,BALANCED,27.1846
2024-07-11,MSOX,MSOX,0.0,2.94,0.1621,111298000.0,0.0,0.0,-0.4223,633000.0,4634000.0,BALANCED,-0.5568
2024-07-12,MSOX,MSOX,0.0,2.98,0.0136,111298000.0,0.0,0.0,-0.4223,633000.0,4634000.0,BALANCED,-0.5568
2024-07-15,MSOX,MSOX,0.0,2.98,0.0,111298000.0,0.0,0.0,-0.4037,633000.0,3929000.0,BALANCED,-0.0921
2024-07-16,MSOX,MSOX,0.0,3.11,0.0436,111298000.0,0.0,0.0,-0.4037,633000.0,2482000.0,BALANCED,-0.0921
2024-07-17,MSOX,MSOX,0.0,3.11,0.0,111298000.0,0.0,0.0,-0.4037,0.0,2482000.0,BALANCED,-10.0921
2024-07-18,MSOX,MSOX,0.0,3.07,-0.0129,111298000.0,0.0,0.0,-0.4037,0.0,2482000.0,BALANCED,-10.0921
2024-07-19,MSOX,MSOX,0.0,2.82,-0.0814,111298000.0,0.0,0.0,-0.4037,0.0,1559000.0,BALANCED,-10.0921
2024-07-22,MSOX,MSOX,0.0,3.14,0.1135,111298000.0,0.0,0.0,-0.365,0.0,1559000.0,BALANCED,-9.1238
2024-07-23,MSOX,MSOX,636000.0,3.18,0.0127,111934000.0,636000.0,0.0,1.0678,636000.0,2195000.0,BALANCED,38.695
2024-07-24,MSOX,MSOX,0.0,2.87,-0.0975,111934000.0,0.0,0.0,-0.4075,636000.0,2195000.0,BALANCED,-0.187
2024-07-25,MSOX,MSOX,546000.0,2.73,-0.0488,112480000.0,546000.0,0.0,0.8096,1182000.0,2741000.0,BALANCED,32.2403
2024-07-26,MSOX,MSOX,0.0,2.91,0.0659,112480000.0,0.0,0.0,-0.4457,1182000.0,1709000.0,BALANCED,-1.1433
2024-07-29,MSOX,MSOX,0.0,2.87,-0.0137,112480000.0,0.0,0.0,-0.4006,1182000.0,2468000.0,BALANCED,-0.0142
2024-07-30,MSOX,MSOX,0.0,2.91,0.0139,112480000.0,0.0,0.0,-0.3478,546000.0,2468000.0,BALANCED,1.304
2024-07-31,MSOX,MSOX,0.0,2.89,-0.0069,112480000.0,0.0,0.0,-0.3478,546000.0,1815000.0,BALANCED,1.304
2024-08-01,MSOX,MSOX,0.0,2.75,-0.0484,112480000.0,0.0,0.0,-0.3478,0.0,1815000.0,BALANCED,-8.696
2024-08-02,MSOX,MSOX,0.0,2.44,-0.1127,112480000.0,0.0,0.0,-0.2879,0.0,1815000.0,BALANCED,-7.1979
2024-08-05,MSOX,MSOX,609000.0,2.03,-0.168,113089000.0,609000.0,0.0,1.5048,609000.0,2424000.0,ACCUMULATION,49.6202
2024-08-06,MSOX,MSOX,1028000.0,2.39,0.1773,114117000.0,1028000.0,0.0,2.3871,1637000.0,3452000.0,ACCUMULATION,73.6782
2024-08-07,MSOX,MSOX,929000.0,2.16,-0.0962,115046000.0,929000.0,0.0,1.9045,2566000.0,3748000.0,ACCUMULATION,63.6119
2024-08-08,MSOX,MSOX,0.0,2.61,0.2083,115046000.0,0.0,0.0,-0.4479,2566000.0,3748000.0,BALANCED,-1.1987
2024-08-09,MSOX,MSOX,551000.0,2.45,-0.0613,115597000.0,551000.0,0.0,1.0606,3117000.0,4299000.0,BALANCED,38.5156
2024-08-12,MSOX,MSOX,0.0,2.44,-0.0041,115597000.0,0.0,0.0,-0.5709,2508000.0,4299000.0,BALANCED,-4.2713
2024-08-13,MSOX,MSOX,840000.0,2.47,0.0123,116437000.0,840000.0,0.0,1.8135,2320000.0,5139000.0,ACCUMULATION,57.338
2024-08-14,MSOX,MSOX,0.0,2.66,0.0769,116437000.0,0.0,0.0,-0.571,1391000.0,5139000.0,BALANCED,-4.2748
2024-08-15,MSOX,MSOX,0.0,2.67,0.0038,116437000.0,0.0,0.0,-0.571,1391000.0,5139000.0,BALANCED,-4.2748
2024-08-16,MSOX,MSOX,0.0,2.79,0.0449,116437000.0,0.0,0.0,-0.571,840000.0,5139000.0,BALANCED,-4.2748
2024-08-19,MSOX,MSOX,556000.0,2.78,-0.0036,116993000.0,556000.0,0.0,1.0111,1396000.0,5695000.0,BALANCED,37.2779
2024-08-20,MSOX,MSOX,0.0,2.44,-0.1223,116993000.0,0.0,0.0,-0.6181,556000.0,5059000.0,BALANCED,-5.4519
2024-08-21,MSOX,MSOX,0.0,2.53,0.0369,116993000.0,0.0,0.0,-0.5688,556000.0,5059000.0,BALANCED,-4.2191
2024-08-22,MSOX,MSOX,705000.0,2.35,-0.0711,117698000.0,705000.0,0.0,1.4269,1261000.0,5218000.0,BALANCED,47.6713
2024-08-23,MSOX,MSOX,0.0,2.46,0.0468,117698000.0,0.0,0.0,-0.6191,1261000.0,5218000.0,BALANCED,-5.4777
2024-08-26,MSOX,MSOX,0.0,2.39,-0.0285,117698000.0,0.0,0.0,-0.6191,705000.0,5218000.0,BALANCED,-5.4777
2024-08-27,MSOX,MSOX,1218000.0,1.74,-0.272,118916000.0,1218000.0,0.0,2.487,1923000.0,6436000.0,ACCUMULATION,74.1749
2024-08-28,MSOX,MSOX,342000.0,1.71,-0.0172,119258000.0,342000.0,0.0,0.1992,2265000.0,6778000.0,BALANCED,18.9792
2024-08-29,MSOX,MSOX,487000.0,1.77,0.0351,119745000.0,487000.0,0.0,0.5355,2047000.0,7265000.0,BALANCED,29.3875
2024-08-30,MSOX,MSOX,0.0,1.86,0.0508,119745000.0,0.0,0.0,-0.734,2047000.0,7265000.0,BALANCED,-8.3489
2024-09-03,MSOX,MSOX,0.0,1.97,0.0591,119745000.0,0.0,0.0,-0.734,2047000.0,6656000.0,BALANCED,-8.3489
2024-09-04,MSOX,MSOX,1667000.0,1.95,-0.0102,121412000.0,1667000.0,0.0,2.9638,2496000.0,7295000.0,ACCUMULATION,86.0952
2024-09-05,MSOX,MSOX,0.0,2.02,0.0359,121412000.0,0.0,0.0,-0.6931,2154000.0,6366000.0,BALANCED,-7.3264
2024-09-06,MSOX,MSOX,0.0,1.91,-0.0545,121412000.0,0.0,0.0,-0.6511,1667000.0,6366000.0,BALANCED,-6.2785
2024-09-09,MSOX,MSOX,0.0,2.34,0.2251,121412000.0,0.0,0.0,-0.6511,1667000.0,5815000.0,BALANCED,-6.2785
2024-09-10,MSOX,MSOX,0.0,2.19,-0.0641,121412000.0,0.0,0.0,-0.6511,1667000.0,5815000.0,BALANCED,-6.2785
2024-09-11,MSOX,MSOX,0.0,2.16,-0.0137,121412000.0,0.0,0.0,-0.6511,0.0,4975000.0,BALANCED,-16.2785
2024-09-12,MSOX,MSOX,0.0,2.1,-0.0278,121412000.0,0.0,0.0,-0.6511,0.0,4975000.0,BALANCED,-16.2785
2024-09-13,MSOX,MSOX,0.0,2.16,0.0286,121412000.0,0.0,0.0,-0.6511,0.0,4975000.0,BALANCED,-16.2785
2024-09-16,MSOX,MSOX,0.0,2.27,0.0509,121412000.0,0.0,0.0,-0.6511,0.0,4975000.0,BALANCED,-16.2785
2024-09-17,MSOX,MSOX,109000.0,2.18,-0.0396,121521000.0,109000.0,0.0,-0.3785,109000.0,4528000.0,BALANCED,2.5379
2024-09-18,MSOX,MSOX,0.0,2.12,-0.0275,121521000.0,0.0,0.0,-0.5678,109000.0,4528000.0,BALANCED,-4.1943
2024-09-19,MSOX,MSOX,0.0,2.15,0.0142,121521000.0,0.0,0.0,-0.5174,109000.0,4528000.0,BALANCED,-2.9352
2024-09-20,MSOX,MSOX,0.0,2.04,-0.0512,121521000.0,0.0,0.0,-0.5174,109000.0,3823000.0,BALANCED,-2.9352
2024-09-23,MSOX,MSOX,0.0,2.24,0.098,121521000.0,0.0,0.0,-0.477,109000.0,3823000.0,BALANCED,-1.9244
2024-09-24,MSOX,MSOX,0.0,2.36,0.0536,121521000.0,0.0,0.0,-0.477,0.0,3823000.0,BALANCED,-11.9244
2024-09-25,MSOX,MSOX,0.0,2.22,-0.0593,121521000.0,0.0,0.0,-0.4268,0.0,2605000.0,BALANCED,-10.669
2024-09-26,MSOX,MSOX,0.0,2.31,0.0405,121521000.0,0.0,0.0,-0.4268,0.0,2263000.0,BALANCED,-10.669
2024-09-27,MSOX,MSOX,0.0,2.27,-0.0173,121521000.0,0.0,0.0,-0.4268,0.0,1776000.0,BALANCED,-10.669
2024-09-30,MSOX,MSOX,0.0,2.33,0.0264,121521000.0,0.0,0.0,-0.4268,0.0,1776000.0,BALANCED,-10.669
2024-10-01,MSOX,MSOX,0.0,2.2,-0.0558,121521000.0,0.0,0.0,-0.3857,0.0,1776000.0,BALANCED,-9.6413
2024-10-02,MSOX,MSOX,0.0,2.2,0.0,121521000.0,0.0,0.0,-0.3857,0.0,109000.0,BALANCED,-9.6413
2024-10-03,MSOX,MSOX,0.0,2.28,0.0364,121521000.0,0.0,0.0,-0.3857,0.0,109000.0,BALANCED,-9.6413
2024-10-04,MSOX,MSOX,-159000.0,2.27,-0.0044,121362000.0,0.0,-159000.0,-0.7382,-159000.0,-50000.0,BALANCED,-30.4546
2024-10-07,MSOX,MSOX,0.0,2.13,-0.0617,121362000.0,0.0,0.0,-0.3207,-159000.0,-50000.0,BALANCED,-18.0173
2024-10-08,MSOX,MSOX,0.0,2.17,0.0188,121362000.0,0.0,0.0,-0.3207,-159000.0,-50000.0,BALANCED,-18.0173
2024-10-09,MSOX,MSOX,0.0,2.13,-0.0184,121362000.0,0.0,0.0,-0.2547,-159000.0,-50000.0,BALANCED,-16.3686
2024-10-10,MSOX,MSOX,0.0,2.13,0.0,121362000.0,0.0,0.0,-0.2216,-159000.0,-50000.0,BALANCED,-15.5391
2024-10-11,MSOX,MSOX,0.0,2.11,-0.0094,121362000.0,0.0,0.0,-0.1757,0.0,-50000.0,BALANCED,-4.3927
2024-10-14,MSOX,MSOX,0.0,2.22,0.0521,121362000.0,0.0,0.0,-0.1757,0.0,-50000.0,BALANCED,-4.3927
2024-10-15,MSOX,MSOX,0.0,2.13,-0.0405,121362000.0,0.0,0.0,-0.1757,0.0,-159000.0,BALANCED,-4.3927
2024-10-16,MSOX,MSOX,0.0,2.2,0.0329,121362000.0,0.0,0.0,0.0466,0.0,-159000.0,BALANCED,1.1653
2024-10-17,MSOX,MSOX,0.0,2.28,0.0364,121362000.0,0.0,0.0,0.0466,0.0,-159000.0,BALANCED,1.1653
2024-10-18,MSOX,MSOX,0.0,2.31,0.0132,121362000.0,0.0,0.0,0.0466,0.0,-159000.0,BALANCED,1.1653
2024-10-21,MSOX,MSOX,0.0,2.26,-0.0216,121362000.0,0.0,0.0,0.0466,0.0,-159000.0,BALANCED,1.1653
2024-10-22,MSOX,MSOX,0.0,2.63,0.1637,121362000.0,0.0,0.0,0.0466,0.0,-159000.0,BALANCED,1.1653
2024-10-23,MSOX,MSOX,0.0,2.71,0.0304,121362000.0,0.0,0.0,0.0466,0.0,-159000.0,BALANCED,1.1653
2024-10-24,MSOX,MSOX,0.0,2.47,-0.0886,121362000.0,0.0,0.0,0.0466,0.0,-159000.0,BALANCED,1.1653
2024-10-25,MSOX,MSOX,0.0,2.56,0.0364,121362000.0,0.0,0.0,0.0466,0.0,-159000.0,BALANCED,1.1653
2024-10-28,MSOX,MSOX,0.0,2.36,-0.0781,121362000.0,0.0,0.0,0.0466,0.0,-159000.0,BALANCED,1.1653
2024-10-29,MSOX,MSOX,0.0,2.04,-0.1356,121362000.0,0.0,0.0,0.1826,0.0,-159000.0,BALANCED,4.5644
2024-10-30,MSOX,MSOX,0.0,1.97,-0.0343,121362000.0,0.0,0.0,0.1826,0.0,-159000.0,BALANCED,4.5644
2024-10-31,MSOX,MSOX,1051000.0,1.91,-0.0305,122413000.0,1051000.0,0.0,5.2358,1051000.0,892000.0,ACCUMULATION,100.0
2024-11-01,MSOX,MSOX,416000.0,2.08,0.089,122829000.0,416000.0,0.0,1.7967,1467000.0,1467000.0,ACCUMULATION,58.9165
2024-11-04,MSOX,MSOX,0.0,2.26,0.0865,122829000.0,0.0,0.0,-0.2103,1467000.0,1467000.0,BALANCED,4.7413
2024-11-05,MSOX,MSOX,0.0,2.06,-0.0885,122829000.0,0.0,0.0,-0.2103,1467000.0,1467000.0,BALANCED,4.7413
2024-11-06,MSOX,MSOX,5575000.0,0.92,-0.5534,128404000.0,5575000.0,0.0,5.1866,7042000.0,7042000.0,ACCUMULATION,100.0
2024-11-07,MSOX,MSOX,204000.0,1.02,0.1087,128608000.0,204000.0,0.0,-0.0313,6195000.0,7246000.0,BALANCED,13.2174
2024-11-08,MSOX,MSOX,1068000.0,0.89,-0.1275,129676000.0,1068000.0,0.0,0.7658,6847000.0,8314000.0,BALANCED,35.1439
2024-11-11,MSOX,MSOX,1260000.0,0.56,-0.3708,130936000.0,1260000.0,0.0,0.8979,8107000.0,9574000.0,BALANCED,40.4485
2024-11-12,MSOX,MSOX,1943000.0,0.75,0.3393,132879000.0,1943000.0,0.0,1.4316,10050000.0,11517000.0,BALANCED,55.7907
2024-11-13,MSOX,MSOX,0.0,0.9,0.2,132879000.0,0.0,0.0,-0.3465,4475000.0,11517000.0,BALANCED,1.3383
2024-11-14,MSOX,MSOX,4200000.0,0.8,-0.1111,137079000.0,4200000.0,0.0,2.8467,8471000.0,15717000.0,ACCUMULATION,83.1672
2024-11-15,MSOX,MSOX,0.0,0.85,0.0625,137079000.0,0.0,0.0,-0.4059,7403000.0,15717000.0,BALANCED,-0.1478
2024-11-18,MSOX,MSOX,0.0,0.8,-0.0588,137079000.0,0.0,0.0,-0.4059,6143000.0,15717000.0,BALANCED,-0.1478
2024-11-19,MSOX,MSOX,0.0,0.73,-0.0875,137079000.0,0.0,0.0,-0.4059,4200000.0,15717000.0,BALANCED,-0.1478
2024-11-20,MSOX,MSOX,0.0,0.75,0.0274,137079000.0,0.0,0.0,-0.4059,4200000.0,15717000.0,BALANCED,-0.1478
2024-11-21,MSOX,MSOX,0.0,0.69,-0.08,137079000.0,0.0,0.0,-0.4059,0.0,15717000.0,BALANCED,-10.1478
2024-11-22,MSOX,MSOX,0.0,0.66,-0.0435,137079000.0,0.0,0.0,-0.4059,0.0,15717000.0,BALANCED,-10.1478
2024-11-25,MSOX,MSOX,0.0,0.68,0.0303,137079000.0,0.0,0.0,-0.4059,0.0,15717000.0,BALANCED,-10.1478
2024-11-26,MSOX,MSOX,0.0,13.86,0.0191,137079000.0,0.0,0.0,-0.4059,0.0,15717000.0,BALANCED,-10.1478
2024-11-27,MSOX,MSOX,0.0,14.41,0.0397,137079000.0,0.0,0.0,-0.4059,0.0,15717000.0,BALANCED,-10.1478
2024-11-29,MSOX,MSOX,0.0,13.54,-0.0604,137079000.0,0.0,0.0,-0.4059,0.0,14666000.0,BALANCED,-10.1478
2024-12-02,MSOX,MSOX,0.0,13.41,-0.0096,137079000.0,0.0,0.0,-0.4059,0.0,14250000.0,BALANCED,-10.1478
2024-12-03,MSOX,MSOX,0.0,12.26,-0.0858,137079000.0,0.0,0.0,-0.4059,0.0,14250000.0,BALANCED,-10.1478
2024-12-04,MSOX,MSOX,0.0,11.16,-0.0897,137079000.0,0.0,0.0,-0.4059,0.0,14250000.0,BALANCED,-10.1478
2024-12-05,MSOX,MSOX,0.0,11.37,0.0188,137079000.0,0.0,0.0,-0.4059,0.0,8675000.0,BALANCED,-10.1478
2024-12-06,MSOX,MSOX,0.0,11.15,-0.0193,137079000.0,0.0,0.0,-0.4059,0.0,8471000.0,BALANCED,-10.1478
2024-12-09,MSOX,MSOX,0.0,11.14,-0.0009,137079000.0,0.0,0.0,-0.4059,0.0,7403000.0,BALANCED,-10.1478
2024-12-10,MSOX,MSOX,0.0,10.86,-0.0251,137079000.0,0.0,0.0,-0.4059,0.0,6143000.0,BALANCED,-10.1478
2024-12-11,MSOX,MSOX,0.0,9.35,-0.139,137079000.0,0.0,0.0,-0.4059,0.0,4200000.0,BALANCED,-10.1478
2024-12-12,MSOX,MSOX,0.0,8.36,-0.1059,137079000.0,0.0,0.0,-0.4059,0.0,4200000.0,BALANCED,-10.1478
2024-12-13,MSOX,MSOX,0.0,9.16,0.0957,137079000.0,0.0,0.0,-0.3789,0.0,0.0,BALANCED,-9.4732
2024-12-16,MSOX,MSOX,0.0,8.1,-0.1157,137079000.0,0.0,0.0,-0.3673,0.0,0.0,BALANCED,-9.1828
2024-12-17,MSOX,MSOX,0.0,9.28,0.1457,137079000.0,0.0,0.0,-0.3673,0.0,0.0,BALANCED,-9.1828
2024-12-18,MSOX,MSOX,0.0,8.85,-0.0463,137079000.0,0.0,0.0,-0.3673,0.0,0.0,BALANCED,-9.1828
2024-12-19,MSOX,MSOX,0.0,8.28,-0.0644,137079000.0,0.0,0.0,-0.3345,0.0,0.0,BALANCED,-8.3616
2024-12-20,MSOX,MSOX,0.0,8.78,0.0604,137079000.0,0.0,0.0,-0.326,0.0,0.0,BALANCED,-8.1509
2024-12-23,MSOX,MSOX,0.0,8.54,-0.0273,137079000.0,0.0,0.0,-0.2888,0.0,0.0,BALANCED,-7.2194
2024-12-24,MSOX,MSOX,0.0,8.63,0.0105,137079000.0,0.0,0.0,-0.2456,0.0,0.0,BALANCED,-6.1402
2024-12-26,MSOX,MSOX,0.0,8.49,-0.0162,137079000.0,0.0,0.0,-0.1826,0.0,0.0,BALANCED,-4.5644
2024-12-27,MSOX,MSOX,0.0,7.93,-0.066,137079000.0,0.0,0.0,-0.1826,0.0,0.0,BALANCED,-4.5644
2024-12-30,MSOX,MSOX,0.0,8.1,0.0214,137079000.0,0.0,0.0,0.0,0.0,0.0,BALANCED,0.0
2024-12-31,MSOX,MSOX,0.0,9.17,0.1321,137079000.0,0.0,0.0,0.0,0.0,0.0,BALANCED,0.0
2025-01-02,MSOX,MSOX,0.0,10.38,0.132,137079000.0,0.0,0.0,0.0,0.0,0.0,BALANCED,0.0
2025-01-03,MSOX,MSOX,0.0,10.05,-0.0318,137079000.0,0.0,0.0,0.0,0.0,0.0,BALANCED,0.0
2025-01-06,MSOX,MSOX,0.0,9.51,-0.0537,137079000.0,0.0,0.0,0.0,0.0,0.0,BALANCED,0.0
2025-01-07,MSOX,MSOX,0.0,9.46,-0.0053,137079000.0,0.0,0.0,0.0,0.0,0.0,BALANCED,0.0
2025-01-08,MSOX,MSOX,0.0,8.15,-0.1385,137079000.0,0.0,0.0,0.0,0.0,0.0,BALANCED,0.0
2025-01-10,MSOX,MSOX,0.0,7.73,-0.0515,137079000.0,0.0,0.0,0.0,0.0,0.0,BALANCED,0.0
2025-01-13,MSOX,MSOX,0.0,7.9,0.022,137079000.0,0.0,0.0,0.0,0.0,0.0,BALANCED,0.0
2025-01-14,MSOX,MSOX,0.0,7.23,-0.0848,137079000.0,0.0,0.0,0.0,0.0,0.0,BALANCED,0.0
2025-01-15,MSOX,MSOX,0.0,7.27,0.0055,137079000.0,0.0,0.0,0.0,0.0,0.0,BALANCED,0.0
2025-01-16,MSOX,MSOX,0.0,7.27,0.0,137079000.0,0.0,0.0,0.0,0.0,0.0,BALANCED,0.0
2025-01-17,MSOX,MSOX,0.0,7.95,0.0935,137079000.0,0.0,0.0,0.0,0.0,0.0,BALANCED,0.0
2025-01-21,MSOX,MSOX,384000.0,7.68,-0.034,137463000.0,384000.0,0.0,5.2947,384000.0,384000.0,ACCUMULATION,100.0
2025-01-22,MSOX,MSOX,0.0,7.08,-0.0781,137463000.0,0.0,0.0,-0.1826,384000.0,384000.0,BALANCED,5.4356
2025-01-23,MSOX,MSOX,0.0,6.95,-0.0184,137463000.0,0.0,0.0,-0.1826,384000.0,384000.0,BALANCED,5.4356
2025-01-24,MSOX,MSOX,960000.0,7.68,0.105,138423000.0,960000.0,0.0,4.9069,1344000.0,1344000.0,ACCUMULATION,100.0
2025-01-27,MSOX,MSOX,0.0,7.22,-0.0599,138423000.0,0.0,0.0,-0.2402,1344000.0,1344000.0,BALANCED,3.9951
2025-01-28,MSOX,MSOX,390000.0,7.09,-0.018,138813000.0,390000.0,0.0,1.6897,1350000.0,1734000.0,ACCUMULATION,54.2425
2025-01-29,MSOX,MSOX,0.0,6.88,-0.0296,138813000.0,0.0,0.0,-0.294,1350000.0,1734000.0,BALANCED,2.6502
2025-01-30,MSOX,MSOX,0.0,7.5,0.0901,138813000.0,0.0,0.0,-0.294,1350000.0,1734000.0,BALANCED,2.6502
2025-01-31,MSOX,MSOX,0.0,7.07,-0.0573,138813000.0,0.0,0.0,-0.294,390000.0,1734000.0,BALANCED,2.6502
2025-02-03,MSOX,MSOX,0.0,7.07,0.0,138813000.0,0.0,0.0,-0.294,390000.0,1734000.0,BALANCED,2.6502
2025-02-04,MSOX,MSOX,0.0,7.85,0.1103,138813000.0,0.0,0.0,-0.294,0.0,1734000.0,BALANCED,-7.3498
2025-02-05,MSOX,MSOX,0.0,8.45,0.0764,138813000.0,0.0,0.0,-0.294,0.0,1734000.0,BALANCED,-7.3498
2025-02-06,MSOX,MSOX,0.0,8.31,-0.0166,138813000.0,0.0,0.0,-0.294,0.0,1734000.0,BALANCED,-7.3498
2025-02-07,MSOX,MSOX,0.0,7.57,-0.089,138813000.0,0.0,0.0,-0.294,0.0,1734000.0,BALANCED,-7.3498
2025-02-10,MSOX,MSOX,0.0,7.7,0.0172,138813000.0,0.0,0.0,-0.294,0.0,1734000.0,BALANCED,-7.3498
2025-02-11,MSOX,MSOX,0.0,7.09,-0.0792,138813000.0,0.0,0.0,-0.294,0.0,1734000.0,BALANCED,-7.3498
2025-02-12,MSOX,MSOX,0.0,7.21,0.0169,138813000.0,0.0,0.0,-0.294,0.0,1734000.0,BALANCED,-7.3498
2025-02-13,MSOX,MSOX,0.0,7.77,0.0777,138813000.0,0.0,0.0,-0.294,0.0,1734000.0,BALANCED,-7.3498
2025-02-14,MSOX,MSOX,0.0,7.28,-0.0631,138813000.0,0.0,0.0,-0.294,0.0,1734000.0,BALANCED,-7.3498
2025-02-18,MSOX,MSOX,1108000.0,6.33,-0.1305,139921000.0,1108000.0,0.0,3.696,1108000.0,2842000.0,ACCUMULATION,100.0
2025-02-19,MSOX,MSOX,0.0,6.4,0.0111,139921000.0,0.0,0.0,-0.3456,1108000.0,2458000.0,BALANCED,1.3612
2025-02-20,MSOX,MSOX,0.0,6.74,0.0531,139921000.0,0.0,0.0,-0.3456,1108000.0,2458000.0,BALANCED,1.3612
2025-02-21,MSOX,MSOX,0.0,6.7,-0.0059,139921000.0,0.0,0.0,-0.3456,1108000.0,2458000.0,BALANCED,1.3612
2025-02-24,MSOX,MSOX,0.0,6.31,-0.0582,139921000.0,0.0,0.0,-0.3456,1108000.0,1498000.0,BALANCED,1.3612
2025-02-25,MSOX,MSOX,0.0,5.88,-0.0681,139921000.0,0.0,0.0,-0.3456,0.0,1498000.0,BALANCED,-8.6388
2025-02-26,MSOX,MSOX,0.0,6.07,0.0323,139921000.0,0.0,0.0,-0.3456,0.0,1108000.0,BALANCED,-8.6388
2025-02-27,MSOX,MSOX,0.0,6.25,0.0297,139921000.0,0.0,0.0,-0.3456,0.0,1108000.0,BALANCED,-8.6388
2025-02-28,MSOX,MSOX,0.0,5.73,-0.0832,139921000.0,0.0,0.0,-0.3456,0.0,1108000.0,BALANCED,-8.6388
2025-03-03,MSOX,MSOX,0.0,5.48,-0.0436,139921000.0,0.0,0.0,-0.3456,0.0,1108000.0,BALANCED,-8.6388
2025-03-04,MSOX,MSOX,0.0,4.59,-0.1624,139921000.0,0.0,0.0,-0.3456,0.0,1108000.0,BALANCED,-8.6388
2025-03-05,MSOX,MSOX,0.0,5.54,0.207,139921000.0,0.0,0.0,-0.3045,0.0,1108000.0,BALANCED,-7.6119
2025-03-06,MSOX,MSOX,0.0,4.78,-0.1372,139921000.0,0.0,0.0,-0.3045,0.0,1108000.0,BALANCED,-7.6119
2025-03-07,MSOX,MSOX,0.0,4.94,0.0335,139921000.0,0.0,0.0,-0.3045,0.0,1108000.0,BALANCED,-7.6119
2025-03-10,MSOX,MSOX,0.0,4.51,-0.087,139921000.0,0.0,0.0,-0.2354,0.0,1108000.0,BALANCED,-5.8848
2025-03-11,MSOX,MSOX,0.0,4.54,0.0067,139921000.0,0.0,0.0,-0.2354,0.0,1108000.0,BALANCED,-5.8848
2025-03-12,MSOX,MSOX,47000.0,4.7,0.0352,139968000.0,47000.0,0.0,0.042,47000.0,1155000.0,BALANCED,13.0511
2025-03-13,MSOX,MSOX,0.0,4.09,-0.1298,139968000.0,0.0,0.0,-0.1904,47000.0,1155000.0,BALANCED,5.2393
2025-03-14,MSOX,MSOX,0.0,4.31,0.0538,139968000.0,0.0,0.0,-0.1904,47000.0,1155000.0,BALANCED,5.2393
2025-03-17,MSOX,MSOX,0.0,4.52,0.0487,139968000.0,0.0,0.0,-0.1904,47000.0,1155000.0,BALANCED,5.2393
2025-03-18,MSOX,MSOX,0.0,4.29,-0.0509,139968000.0,0.0,0.0,-0.1904,47000.0,47000.0,BALANCED,5.2393
2025-03-19,MSOX,MSOX,0.0,4.41,0.028,139968000.0,0.0,0.0,-0.1904,0.0,47000.0,BALANCED,-4.7607
2025-03-20,MSOX,MSOX,0.0,4.2,-0.0476,139968000.0,0.0,0.0,-0.1904,0.0,47000.0,BALANCED,-4.7607
2025-03-21,MSOX,MSOX,120000.0,4.01,-0.0452,140088000.0,120000.0,0.0,0.3826,120000.0,167000.0,BALANCED,21.5643
2025-03-24,MSOX,MSOX,100000.0,3.98,-0.0075,140188000.0,100000.0,0.0,0.2673,220000.0,267000.0,BALANCED,20.6814
2025-03-25,MSOX,MSOX,542000.0,3.74,-0.0603,140730000.0,542000.0,0.0,2.1564,762000.0,809000.0,ACCUMULATION,69.9098
2025-03-26,MSOX,MSOX,0.0,3.71,-0.008,140730000.0,0.0,0.0,-0.2882,762000.0,809000.0,BALANCED,2.7947
2025-03-27,MSOX,MSOX,0.0,4.18,0.1267,140730000.0,0.0,0.0,-0.2882,762000.0,809000.0,BALANCED,2.7947
2025-03-28,MSOX,MSOX,241000.0,4.01,-0.0407,140971000.0,241000.0,0.0,0.7559,883000.0,1050000.0,BALANCED,30.8965
2025-03-31,MSOX,MSOX,0.0,3.95,-0.015,140971000.0,0.0,0.0,-0.3216,783000.0,1050000.0,BALANCED,1.9601
2025-04-01,MSOX,MSOX,0.0,3.88,-0.0177,140971000.0,0.0,0.0,-0.3224,241000.0,1050000.0,BALANCED,1.9391
2025-04-02,MSOX,MSOX,0.0,3.77,-0.0284,140971000.0,0.0,0.0,-0.3224,241000.0,1050000.0,BALANCED,1.9391
2025-04-03,MSOX,MSOX,0.0,3.16,-0.1618,140971000.0,0.0,0.0,-0.3224,241000.0,1050000.0,BALANCED,1.9391
2025-04-04,MSOX,MSOX,0.0,2.68,-0.1519,140971000.0,0.0,0.0,-0.3224,0.0,1050000.0,BALANCED,-8.0609
2025-04-07,MSOX,MSOX,0.0,2.63,-0.0187,140971000.0,0.0,0.0,-0.3224,0.0,1050000.0,BALANCED,-8.0609
2025-04-08,MSOX,MSOX,0.0,2.5,-0.0494,140971000.0,0.0,0.0,-0.3224,0.0,1050000.0,BALANCED,-8.0609
2025-04-09,MSOX,MSOX,0.0,2.61,0.044,140971000.0,0.0,0.0,-0.3224,0.0,1003000.0,BALANCED,-8.0609
2025-04-10,MSOX,MSOX,0.0,2.68,0.0268,140971000.0,0.0,0.0,-0.3224,0.0,1003000.0,BALANCED,-8.0609
2025-04-11,MSOX,MSOX,0.0,2.82,0.0522,140971000.0,0.0,0.0,-0.3224,0.0,1003000.0,BALANCED,-8.0609
2025-04-14,MSOX,MSOX,0.0,2.75,-0.0248,140971000.0,0.0,0.0,-0.3224,0.0,1003000.0,BALANCED,-8.0609
2025-04-15,MSOX,MSOX,0.0,2.79,0.0145,140971000.0,0.0,0.0,-0.3224,0.0,1003000.0,BALANCED,-8.0609
2025-04-16,MSOX,MSOX,0.0,3.03,0.086,140971000.0,0.0,0.0,-0.3224,0.0,1003000.0,BALANCED,-8.0609
2025-04-17,MSOX,MSOX,0.0,3.63,0.198,140971000.0,0.0,0.0,-0.3224,0.0,1003000.0,BALANCED,-8.0609
2025-04-21,MSOX,MSOX,90000.0,3.01,-0.1708,141061000.0,90000.0,0.0,0.478,90000.0,973000.0,BALANCED,23.9494
2025-04-22,MSOX,MSOX,0.0,3.22,0.0698,141061000.0,0.0,0.0,-0.3493,90000.0,873000.0,BALANCED,1.2677
2025-04-23,MSOX,MSOX,0.0,3.17,-0.0155,141061000.0,0.0,0.0,-0.3493,90000.0,331000.0,BALANCED,1.2677
2025-04-24,MSOX,MSOX,0.0,4.27,0.347,141061000.0,0.0,0.0,-0.3343,90000.0,331000.0,BALANCED,1.6434
2025-04-25,MSOX,MSOX,0.0,4.2,-0.0175,141061000.0,0.0,0.0,-0.3343,90000.0,331000.0,BALANCED,1.6434
2025-04-28,MSOX,MSOX,0.0,3.67,-0.1249,141061000.0,0.0,0.0,-0.3343,0.0,90000.0,BALANCED,-8.3566
2025-04-29,MSOX,MSOX,1055000.0,4.22,0.1495,142116000.0,1055000.0,0.0,4.5688,1055000.0,1145000.0,ACCUMULATION,100.0
2025-04-30,MSOX,MSOX,207000.0,5.18,0.2274,142323000.0,207000.0,0.0,0.5944,1262000.0,1352000.0,BALANCED,28.8599
2025-05-01,MSOX,MSOX,0.0,4.51,-0.1293,142323000.0,0.0,0.0,-0.3631,1262000.0,1352000.0,BALANCED,0.9222
2025-05-02,MSOX,MSOX,46000.0,4.63,0.0266,142369000.0,46000.0,0.0,-0.1577,1308000.0,1398000.0,BALANCED,8.0568
2025-05-05,MSOX,MSOX,0.0,4.6,-0.0065,142369000.0,0.0,0.0,-0.3518,1308000.0,1398000.0,BALANCED,1.2047
2025-05-06,MSOX,MSOX,0.0,4.21,-0.0848,142369000.0,0.0,0.0,-0.3358,253000.0,1398000.0,BALANCED,1.6053
2025-05-07,MSOX,MSOX,0.0,3.97,-0.057,142369000.0,0.0,0.0,-0.2762,46000.0,1398000.0,BALANCED,3.0949
2025-05-08,MSOX,MSOX,0.0,3.88,-0.0227,142369000.0,0.0,0.0,-0.2762,46000.0,1398000.0,BALANCED,3.0949
2025-05-09,MSOX,MSOX,0.0,3.46,-0.1082,142369000.0,0.0,0.0,-0.2762,0.0,1398000.0,BALANCED,-6.9051
2025-05-12,MSOX,MSOX,0.0,3.41,-0.0145,142369000.0,0.0,0.0,-0.2392,0.0,1398000.0,BALANCED,-5.9792
2025-05-13,MSOX,MSOX,0.0,3.71,0.088,142369000.0,0.0,0.0,-0.2392,0.0,1398000.0,BALANCED,-5.9792
2025-05-14,MSOX,MSOX,0.0,3.66,-0.0135,142369000.0,0.0,0.0,-0.2392,0.0,1398000.0,BALANCED,-5.9792
2025-05-15,MSOX,MSOX,80000.0,3.98,0.0874,142449000.0,80000.0,0.0,0.1578,80000.0,1478000.0,BALANCED,15.9456
2025-05-16,MSOX,MSOX,0.0,3.43,-0.1382,142449000.0,0.0,0.0,-0.253,80000.0,1478000.0,BALANCED,3.675
2025-05-19,MSOX,MSOX,0.0,3.53,0.0292,142449000.0,0.0,0.0,-0.253,80000.0,1388000.0,BALANCED,3.675
2025-05-20,MSOX,MSOX,0.0,3.55,0.0057,142449000.0,0.0,0.0,-0.253,80000.0,1388000.0,BALANCED,3.675
2025-05-21,MSOX,MSOX,0.0,3.32,-0.0648,142449000.0,0.0,0.0,-0.253,80000.0,1388000.0,BALANCED,3.675
2025-05-22,MSOX,MSOX,0.0,3.39,0.0211,142449000.0,0.0,0.0,-0.253,0.0,1388000.0,BALANCED,-6.325
2025-05-23,MSOX,MSOX,0.0,3.29,-0.0295,142449000.0,0.0,0.0,-0.253,0.0,1388000.0,BALANCED,-6.325
2025-05-27,MSOX,MSOX,0.0,3.08,-0.0638,142449000.0,0.0,0.0,-0.253,0.0,1388000.0,BALANCED,-6.325
2025-05-28,MSOX,MSOX,0.0,3.2,0.039,142449000.0,0.0,0.0,-0.253,0.0,333000.0,BALANCED,-6.325
2025-05-29,MSOX,MSOX,400000.0,3.2,0.0,142849000.0,400000.0,0.0,1.6484,400000.0,526000.0,ACCUMULATION,53.2106
2025-05-30,MSOX,MSOX,0.0,2.93,-0.0844,142849000.0,0.0,0.0,-0.3058,400000.0,526000.0,BALANCED,2.3539
2025-06-02,MSOX,MSOX,0.0,3.02,0.0307,142849000.0,0.0,0.0,-0.3058,400000.0,480000.0,BALANCED,2.3539
2025-06-03,MSOX,MSOX,0.0,2.85,-0.0563,142849000.0,0.0,0.0,-0.2908,400000.0,480000.0,BALANCED,2.729
2025-06-04,MSOX,MSOX,0.0,2.75,-0.0351,142849000.0,0.0,0.0,-0.2908,400000.0,480000.0,BALANCED,2.729
2025-06-05,MSOX,MSOX,0.0,2.68,-0.0255,142849000.0,0.0,0.0,-0.2908,0.0,480000.0,BALANCED,-7.271
2025-06-06,MSOX,MSOX,0.0,2.82,0.0522,142849000.0,0.0,0.0,-0.2908,0.0,480000.0,BALANCED,-7.271
2025-06-09,MSOX,MSOX,0.0,2.68,-0.0496,142849000.0,0.0,0.0,-0.2908,0.0,480000.0,BALANCED,-7.271
2025-06-10,MSOX,MSOX,75000.0,2.49,-0.0709,142924000.0,75000.0,0.0,0.063,75000.0,555000.0,BALANCED,13.576
2025-06-11,MSOX,MSOX,0.0,2.54,0.0201,142924000.0,0.0,0.0,-0.3283,75000.0,555000.0,BALANCED,1.7935
2025-06-12,MSOX,MSOX,0.0,2.51,-0.0118,142924000.0,0.0,0.0,-0.268,75000.0,555000.0,BALANCED,3.3012
2025-06-13,MSOX,MSOX,0.0,2.34,-0.0677,142924000.0,0.0,0.0,-0.268,75000.0,475000.0,BALANCED,3.3012
2025-06-16,MSOX,MSOX,0.0,2.44,0.0427,142924000.0,0.0,0.0,-0.2477,75000.0,475000.0,BALANCED,3.8073
2025-06-17,MSOX,MSOX,0.0,2.44,0.0,142924000.0,0.0,0.0,-0.2477,0.0,475000.0,BALANCED,-6.1927
2025-06-18,MSOX,MSOX,593000.0,2.37,-0.0287,143517000.0,593000.0,0.0,4.313,593000.0,1068000.0,ACCUMULATION,100.0
2025-06-20,MSOX,MSOX,0.0,2.23,-0.0591,143517000.0,0.0,0.0,-0.2975,593000.0,1068000.0,BALANCED,2.562
2025-06-23,MSOX,MSOX,63000.0,2.1,-0.0583,143580000.0,63000.0,0.0,0.1762,656000.0,1131000.0,BALANCED,16.4038
2025-06-24,MSOX,MSOX,0.0,2.3,0.0952,143580000.0,0.0,0.0,-0.3142,656000.0,1131000.0,BALANCED,2.1458
2025-06-25,MSOX,MSOX,0.0,2.62,0.1391,143580000.0,0.0,0.0,-0.3142,656000.0,1131000.0,BALANCED,2.1458
2025-06-26,MSOX,MSOX,0.0,2.55,-0.0267,143580000.0,0.0,0.0,-0.3142,63000.0,1131000.0,BALANCED,2.1458
2025-06-27,MSOX,MSOX,0.0,2.44,-0.0431,143580000.0,0.0,0.0,-0.3142,63000.0,731000.0,BALANCED,2.1458
2025-06-30,MSOX,MSOX,0.0,2.8,0.1475,143580000.0,0.0,0.0,-0.2935,0.0,731000.0,BALANCED,-7.3366
2025-07-01,MSOX,MSOX,153000.0,2.78,-0.0071,143733000.0,153000.0,0.0,0.848,153000.0,884000.0,BALANCED,33.201
2025-07-02,MSOX,MSOX,0.0,2.82,0.0144,143733000.0,0.0,0.0,-0.3294,153000.0,884000.0,BALANCED,1.7658
2025-07-03,MSOX,MSOX,0.0,2.82,0.0,143733000.0,0.0,0.0,-0.3294,153000.0,884000.0,BALANCED,1.7658
2025-07-07,MSOX,MSOX,0.0,2.8,-0.0071,143733000.0,0.0,0.0,-0.3294,153000.0,884000.0,BALANCED,1.7658
2025-07-08,MSOX,MSOX,0.0,3.24,0.1571,143733000.0,0.0,0.0,-0.3294,153000.0,884000.0,BALANCED,1.7658
2025-07-09,MSOX,MSOX,0.0,3.6,0.1111,143733000.0,0.0,0.0,-0.3294,0.0,884000.0,BALANCED,-8.2342
2025-07-10,MSOX,MSOX,2370000.0,3.95,0.0972,146103000.0,2370000.0,0.0,5.0637,2370000.0,3179000.0,ACCUMULATION,100.0
2025-07-11,MSOX,MSOX,0.0,4.01,0.0152,146103000.0,0.0,0.0,-0.2743,2370000.0,3179000.0,BALANCED,3.1416
2025-07-14,MSOX,MSOX,0.0,3.71,-0.0748,146103000.0,0.0,0.0,-0.2458,2370000.0,3179000.0,BALANCED,3.8558
2025-07-15,MSOX,MSOX,-520000.0,3.15,-0.1509,145583000.0,0.0,-520000.0,-1.341,1850000.0,2659000.0,BALANCED,-25.5256
2025-07-16,MSOX,MSOX,0.0,2.9,-0.0794,145583000.0,0.0,0.0,-0.2,1850000.0,2659000.0,BALANCED,5.0006
2025-07-17,MSOX,MSOX,0.0,3.03,0.0448,145583000.0,0.0,0.0,-0.2,-520000.0,2659000.0,BALANCED,-14.9994
2025-07-18,MSOX,MSOX,0.0,2.91,-0.0396,145583000.0,0.0,0.0,-0.2,-520000.0,2066000.0,BALANCED,-14.9994
2025-07-21,MSOX,MSOX,359000.0,3.59,0.2337,145942000.0,359000.0,0.0,0.5588,-161000.0,2425000.0,BALANCED,5.9697
2025-07-22,MSOX,MSOX,0.0,3.46,-0.0362,145942000.0,0.0,0.0,-0.2251,359000.0,2362000.0,BALANCED,4.3717
2025-07-23,MSOX,MSOX,0.0,3.39,-0.0202,145942000.0,0.0,0.0,-0.2251,359000.0,2362000.0,BALANCED,4.3717
2025-07-24,MSOX,MSOX,396000.0,3.6,0.0619,146338000.0,396000.0,0.0,0.6121,755000.0,2758000.0,BALANCED,27.3032
2025-07-25,MSOX,MSOX,0.0,4.21,0.1694,146338000.0,0.0,0.0,-0.2468,755000.0,2758000.0,BALANCED,3.8288
2025-07-28,MSOX,MSOX,0.0,4.26,0.0119,146338000.0,0.0,0.0,-0.2468,396000.0,2758000.0,BALANCED,3.8288
2025-07-29,MSOX,MSOX,0.0,3.71,-0.1291,146338000.0,0.0,0.0,-0.2468,396000.0,2758000.0,BALANCED,3.8288
2025-07-30,MSOX,MSOX,0.0,3.82,0.0296,146338000.0,0.0,0.0,-0.2468,396000.0,2605000.0,BALANCED,3.8288
2025-07-31,MSOX,MSOX,878000.0,3.51,-0.0812,147216000.0,878000.0,0.0,1.528,878000.0,3483000.0,ACCUMULATION,50.1999
2025-08-01,MSOX,MSOX,0.0,4.11,0.1709,147216000.0,0.0,0.0,-0.2601,878000.0,3483000.0,BALANCED,3.4966
2025-08-04,MSOX,MSOX,2856000.0,4.76,0.1582,150072000.0,2856000.0,0.0,3.8379,3734000.0,6339000.0,ACCUMULATION,100.0
2025-08-05,MSOX,MSOX,0.0,5.45,0.145,150072000.0,0.0,0.0,-0.3146,3734000.0,6339000.0,BALANCED,2.1344
2025-08-06,MSOX,MSOX,0.0,4.61,-0.1541,150072000.0,0.0,0.0,-0.3146,3734000.0,6339000.0,BALANCED,2.1344
2025-08-07,MSOX,MSOX,0.0,5.11,0.1085,150072000.0,0.0,0.0,-0.3146,2856000.0,3969000.0,BALANCED,2.1344
2025-08-08,MSOX,MSOX,-409000.0,5.85,0.1448,149663000.0,0.0,-409000.0,-0.8787,2447000.0,3560000.0,BALANCED,-13.9667
2025-08-11,MSOX,MSOX,3635000.0,8.76,0.4974,153298000.0,3635000.0,0.0,3.541,3226000.0,7195000.0,ACCUMULATION,100.0
2025-08-12,MSOX,MSOX,2968000.0,8.48,-0.032,156266000.0,2968000.0,0.0,2.4248,6194000.0,10683000.0,ACCUMULATION,74.6206
2025-08-13,MSOX,MSOX,0.0,10.5,0.2382,156266000.0,0.0,0.0,-0.3974,6194000.0,10683000.0,BALANCED,0.0659
2025-08-14,MSOX,MSOX,0.0,9.49,-0.0962,156266000.0,0.0,0.0,-0.3974,6194000.0,10683000.0,BALANCED,0.0659
2025-08-15,MSOX,MSOX,0.0,7.96,-0.1612,156266000.0,0.0,0.0,-0.3974,6603000.0,10683000.0,BALANCED,0.0659
2025-08-18,MSOX,MSOX,0.0,9.35,0.1746,156266000.0,0.0,0.0,-0.3974,2968000.0,10324000.0,BALANCED,0.0659
2025-08-19,MSOX,MSOX,1071000.0,7.14,-0.2364,157337000.0,1071000.0,0.0,0.5854,1071000.0,11395000.0,BALANCED,26.6356
2025-08-20,MSOX,MSOX,423000.0,8.45,0.1835,157760000.0,423000.0,0.0,-0.0424,1494000.0,11818000.0,BALANCED,12.9403
2025-08-21,MSOX,MSOX,1415000.0,9.43,0.116,159175000.0,1415000.0,0.0,0.9741,2909000.0,12837000.0,BALANCED,40.3537
2025-08-22,MSOX,MSOX,0.0,9.33,-0.0106,159175000.0,0.0,0.0,-0.4335,2909000.0,12837000.0,BALANCED,-0.8364
2025-08-25,MSOX,MSOX,1281000.0,10.25,0.0986,160456000.0,1281000.0,0.0,0.792,4190000.0,14118000.0,BALANCED,31.8012
2025-08-26,MSOX,MSOX,0.0,11.13,0.0859,160456000.0,0.0,0.0,-0.4958,3119000.0,14118000.0,BALANCED,-2.3945
2025-08-27,MSOX,MSOX,0.0,11.28,0.0135,160456000.0,0.0,0.0,-0.4958,2696000.0,14118000.0,BALANCED,-2.3945
2025-08-28,MSOX,MSOX,1132000.0,11.32,0.0035,161588000.0,1132000.0,0.0,0.5973,2413000.0,14372000.0,BALANCED,26.933
2025-08-29,MSOX,MSOX,0.0,11.39,0.0062,161588000.0,0.0,0.0,-0.5324,2413000.0,14372000.0,BALANCED,-3.3112
2025-09-02,MSOX,MSOX,976000.0,9.76,-0.1431,162564000.0,976000.0,0.0,0.42,2108000.0,12492000.0,BALANCED,22.5
2025-09-03,MSOX,MSOX,0.0,7.7,-0.2111,162564000.0,0.0,0.0,-0.5515,2108000.0,12492000.0,BALANCED,-3.7882
2025-09-04,MSOX,MSOX,0.0,7.6,-0.013,162564000.0,0.0,0.0,-0.5515,2108000.0,12492000.0,BALANCED,-3.7882
2025-09-05,MSOX,MSOX,1050000.0,8.08,0.0632,163614000.0,1050000.0,0.0,0.4703,2026000.0,13542000.0,BALANCED,23.7576
2025-09-08,MSOX,MSOX,0.0,8.16,0.0099,163614000.0,0.0,0.0,-0.5712,2026000.0,13951000.0,BALANCED,-4.2804
2025-09-09,MSOX,MSOX,-720000.0,9.0,0.1029,162894000.0,0.0,-720000.0,-1.2341,330000.0,9596000.0,BALANCED,-22.8513
2025-09-10,MSOX,MSOX,0.0,7.73,-0.1411,162894000.0,0.0,0.0,-0.5355,330000.0,6628000.0,BALANCED,-3.3865
2025-09-11,MSOX,MSOX,0.0,6.85,-0.1138,162894000.0,0.0,0.0,-0.5355,330000.0,6628000.0,BALANCED,-3.3865
2025-09-12,MSOX,MSOX,0.0,6.3,-0.0803,162894000.0,0.0,0.0,-0.5056,-720000.0,6628000.0,BALANCED,-22.6412
2025-09-15,MSOX,MSOX,2192000.0,6.09,-0.0333,165086000.0,2192000.0,0.0,1.489,1472000.0,8820000.0,BALANCED,49.2255
2025-09-16,MSOX,MSOX,1065000.0,6.87,0.1281,166151000.0,1065000.0,0.0,0.5352,3257000.0,9885000.0,BALANCED,27.3802
2025-09-17,MSOX,MSOX,0.0,6.78,-0.0131,166151000.0,0.0,0.0,-0.5422,3257000.0,8814000.0,BALANCED,-3.5555
2025-09-18,MSOX,MSOX,0.0,7.3,0.0767,166151000.0,0.0,0.0,-0.5422,3257000.0,8391000.0,BALANCED,-3.5555
2025-09-19,MSOX,MSOX,0.0,6.96,-0.0466,166151000.0,0.0,0.0,-0.5422,3257000.0,6976000.0,BALANCED,-3.5555
2025-09-22,MSOX,MSOX,0.0,6.78,-0.0259,166151000.0,0.0,0.0,-0.5621,1065000.0,6976000.0,BALANCED,-4.0527
2025-09-23,MSOX,MSOX,0.0,6.77,-0.0015,166151000.0,0.0,0.0,-0.5428,0.0,5695000.0,BALANCED,-13.5705
2025-09-24,MSOX,MSOX,0.0,7.54,0.1137,166151000.0,0.0,0.0,-0.5231,0.0,5695000.0,BALANCED,-13.0777
2025-09-25,MSOX,MSOX,0.0,6.39,-0.1525,166151000.0,0.0,0.0,-0.5231,0.0,5695000.0,BALANCED,-13.0777
2025-09-26,MSOX,MSOX,0.0,5.92,-0.0736,166151000.0,0.0,0.0,-0.5231,0.0,4563000.0,BALANCED,-13.0777
2025-09-29,MSOX,MSOX,1380000.0,9.2,0.5541,167531000.0,1380000.0,0.0,1.5338,1380000.0,5943000.0,ACCUMULATION,50.3461
2025-09-30,MSOX,MSOX,0.0,7.6,-0.1739,167531000.0,0.0,0.0,-0.5734,1380000.0,4967000.0,BALANCED,-4.3345
2025-10-01,MSOX,MSOX,1690000.0,8.45,0.1118,169221000.0,1690000.0,0.0,1.8846,3070000.0,6657000.0,ACCUMULATION,59.1152
2025-10-02,MSOX,MSOX,0.0,9.02,0.0675,169221000.0,0.0,0.0,-0.5534,3070000.0,6657000.0,BALANCED,-3.8356
2025-10-03,MSOX,MSOX,0.0,8.79,-0.0255,169221000.0,0.0,0.0,-0.5034,3070000.0,5607000.0,BALANCED,-2.5856
2025-10-06,MSOX,MSOX,0.0,9.54,0.0853,169221000.0,0.0,0.0,-0.5034,1690000.0,5607000.0,BALANCED,-2.5856
2025-10-07,MSOX,MSOX,0.0,9.76,0.0231,169221000.0,0.0,0.0,-0.4543,1690000.0,6327000.0,BALANCED,-1.3578
2025-10-08,MSOX,MSOX,0.0,9.52,-0.0246,169221000.0,0.0,0.0,-0.4543,0.0,6327000.0,BALANCED,-11.3578
2025-10-09,MSOX,MSOX,0.0,9.52,0.0,169221000.0,0.0,0.0,-0.4543,0.0,6327000.0,BALANCED,-11.3578
2025-10-10,MSOX,MSOX,0.0,8.09,-0.1502,169221000.0,0.0,0.0,-0.407,0.0,6327000.0,BALANCED,-10.1761
2025-10-13,MSOX,MSOX,0.0,8.98,0.11,169221000.0,0.0,0.0,-0.407,0.0,4135000.0,BALANCED,-10.1761
2025-10-14,MSOX,MSOX,0.0,8.42,-0.0624,169221000.0,0.0,0.0,-0.3629,0.0,3070000.0,BALANCED,-9.0723
2025-10-15,MSOX,MSOX,3377000.0,9.38,0.114,172598000.0,3377000.0,0.0,3.6304,3377000.0,6447000.0,ACCUMULATION,100.0
2025-10-16,MSOX,MSOX,1608000.0,8.04,-0.1429,174206000.0,1608000.0,0.0,1.4073,4985000.0,8055000.0,BALANCED,49.1822
2025-10-17,MSOX,MSOX,0.0,7.24,-0.0995,174206000.0,0.0,0.0,-0.4104,4985000.0,8055000.0,BALANCED,-0.2589
2025-10-20,MSOX,MSOX,0.0,7.79,0.076,174206000.0,0.0,0.0,-0.4104,4985000.0,8055000.0,BALANCED,-0.2589
2025-10-21,MSOX,MSOX,1194000.0,6.82,-0.1245,175400000.0,1194000.0,0.0,0.9154,6179000.0,9249000.0,BALANCED,34.8846
2025-10-22,MSOX,MSOX,0.0,6.26,-0.0821,175400000.0,0.0,0.0,-0.491,2802000.0,9249000.0,BALANCED,-2.2757
2025-10-23,MSOX,MSOX,0.0,6.94,0.1086,175400000.0,0.0,0.0,-0.491,1194000.0,9249000.0,BALANCED,-2.2757
2025-10-24,MSOX,MSOX,0.0,7.11,0.0245,175400000.0,0.0,0.0,-0.491,1194000.0,9249000.0,BALANCED,-2.2757
2025-10-27,MSOX,MSOX,0.0,6.65,-0.0647,175400000.0,0.0,0.0,-0.4393,1194000.0,7869000.0,BALANCED,-0.9818
2025-10-28,MSOX,MSOX,0.0,6.13,-0.0782,175400000.0,0.0,0.0,-0.3989,0.0,7869000.0,BALANCED,-9.972
2025-10-29,MSOX,MSOX,0.0,6.43,0.0489,175400000.0,0.0,0.0,-0.3989,0.0,6179000.0,BALANCED,-9.972
2025-10-30,MSOX,MSOX,0.0,5.82,-0.0949,175400000.0,0.0,0.0,-0.3989,0.0,6179000.0,BALANCED,-9.972
2025-10-31,MSOX,MSOX,0.0,6.33,0.0876,175400000.0,0.0,0.0,-0.3989,0.0,6179000.0,BALANCED,-9.972
2025-11-03,MSOX,MSOX,942000.0,5.89,-0.0695,176342000.0,942000.0,0.0,0.7731,942000.0,7121000.0,BALANCED,31.3276
2025-11-04,MSOX,MSOX,0.0,5.48,-0.0696,176342000.0,0.0,0.0,-0.436,942000.0,7121000.0,BALANCED,-0.9009
2025-11-05,MSOX,MSOX,0.0,5.74,0.0474,176342000.0,0.0,0.0,-0.436,942000.0,7121000.0,BALANCED,-0.9009
2025-11-06,MSOX,MSOX,0.0,4.77,-0.169,176342000.0,0.0,0.0,-0.436,942000.0,7121000.0,BALANCED,-0.9009
2025-11-07,MSOX,MSOX,0.0,5.47,0.1468,176342000.0,0.0,0.0,-0.436,942000.0,7121000.0,BALANCED,-0.9009
2025-11-10,MSOX,MSOX,0.0,6.69,0.223,176342000.0,0.0,0.0,-0.3885,0.0,7121000.0,BALANCED,-9.7133
2025-11-11,MSOX,MSOX,0.0,6.05,-0.0957,176342000.0,0.0,0.0,-0.3885,0.0,7121000.0,BALANCED,-9.7133
2025-11-12,MSOX,MSOX,0.0,5.7,-0.0579,176342000.0,0.0,0.0,-0.3344,0.0,3744000.0,BALANCED,-8.3598
2025-11-13,MSOX,MSOX,0.0,4.85,-0.1491,176342000.0,0.0,0.0,-0.3344,0.0,2136000.0,BALANCED,-8.3598
2025-11-14,MSOX,MSOX,0.0,3.26,-0.3278,176342000.0,0.0,0.0,-0.3344,0.0,2136000.0,BALANCED,-8.3598
2025-11-17,MSOX,MSOX,1050000.0,3.0,-0.0798,177392000.0,1050000.0,0.0,1.0748,1050000.0,3186000.0,BALANCED,38.8708
2025-11-18,MSOX,MSOX,0.0,2.87,-0.0433,177392000.0,0.0,0.0,-0.3765,1050000.0,1992000.0,BALANCED,0.5885
2025-11-19,MSOX,MSOX,668000.0,2.57,-0.1045,178060000.0,668000.0,0.0,0.5149,1718000.0,2660000.0,BALANCED,24.873
2025-11-20,MSOX,MSOX,0.0,2.64,0.0272,178060000.0,0.0,0.0,-0.4063,1718000.0,2660000.0,BALANCED,-0.1584
2025-11-21,MSOX,MSOX,0.0,3.25,0.2311,178060000.0,0.0,0.0,-0.4063,1718000.0,2660000.0,BALANCED,-0.1584
2025-11-24,MSOX,MSOX,0.0,3.29,0.0123,178060000.0,0.0,0.0,-0.4063,668000.0,2660000.0,BALANCED,-0.1584
2025-11-25,MSOX,MSOX,622000.0,3.11,-0.0547,178682000.0,622000.0,0.0,0.4228,1290000.0,3282000.0,BALANCED,22.5695
2025-11-26,MSOX,MSOX,0.0,3.31,0.0643,178682000.0,0.0,0.0,-0.4615,622000.0,3282000.0,BALANCED,-1.5371
2025-11-28,MSOX,MSOX,0.0,3.4,0.0272,178682000.0,0.0,0.0,-0.4246,622000.0,3282000.0,BALANCED,-0.615
2025-12-01,MSOX,MSOX,0.0,4.08,0.2,178682000.0,0.0,0.0,-0.4246,622000.0,3282000.0,BALANCED,-0.615
2025-12-02,MSOX,MSOX,0.0,3.76,-0.0784,178682000.0,0.0,0.0,-0.4246,622000.0,2340000.0,BALANCED,-0.615
2025-12-03,MSOX,MSOX,0.0,3.76,0.0,178682000.0,0.0,0.0,-0.3753,0.0,2340000.0,BALANCED,-9.383
2025-12-04,MSOX,MSOX,0.0,4.21,0.1197,178682000.0,0.0,0.0,-0.3753,0.0,2340000.0,BALANCED,-9.383
2025-12-05,MSOX,MSOX,0.0,4.15,-0.0143,178682000.0,0.0,0.0,-0.3753,0.0,2340000.0,BALANCED,-9.383
2025-12-08,MSOX,MSOX,718000.0,3.59,-0.1349,179400000.0,718000.0,0.0,1.8799,718000.0,3058000.0,ACCUMULATION,58.9968
2025-12-09,MSOX,MSOX,0.0,3.82,0.0641,179400000.0,0.0,0.0,-0.4287,718000.0,3058000.0,BALANCED,-0.7176
2025-12-10,MSOX,MSOX,0.0,3.68,-0.0366,179400000.0,0.0,0.0,-0.4287,718000.0,3058000.0,BALANCED,-0.7176
2025-12-11,MSOX,MSOX,0.0,3.86,0.0489,179400000.0,0.0,0.0,-0.4287,718000.0,3058000.0,BALANCED,-0.7176
2025-12-12,MSOX,MSOX,3231000.0,7.88,1.0415,182631000.0,3231000.0,0.0,4.6413,3949000.0,6289000.0,ACCUMULATION,100.0
2025-12-15,MSOX,MSOX,1336000.0,6.68,-0.1523,183967000.0,1336000.0,0.0,1.5619,4567000.0,7625000.0,ACCUMULATION,53.0483
2025-12-16,MSOX,MSOX,-380000.0,9.49,0.4207,183587000.0,0.0,-380000.0,-0.9258,4187000.0,6195000.0,BALANCED,-15.1441
2025-12-17,MSOX,MSOX,0.0,10.19,0.0738,183587000.0,0.0,0.0,-0.3597,4187000.0,6195000.0,BALANCED,1.0068
2025-12-18,MSOX,MSOX,0.0,4.8,-0.5291,183587000.0,0.0,0.0,-0.3597,4187000.0,5527000.0,BALANCED,1.0068
2025-12-19,MSOX,MSOX,2826000.0,4.83,0.0066,186413000.0,2826000.0,0.0,3.0428,3782000.0,8353000.0,ACCUMULATION,88.069
2025-12-22,MSOX,MSOX,-418000.0,4.18,-0.1346,185995000.0,0.0,-418000.0,-0.8936,2028000.0,7935000.0,BALANCED,-14.34
2025-12-23,MSOX,MSOX,902000.0,4.51,0.0789,186897000.0,902000.0,0.0,0.6612,3310000.0,8837000.0,BALANCED,28.5289
2025-12-24,MSOX,MSOX,0.0,4.56,0.0111,186897000.0,0.0,0.0,-0.4228,3310000.0,8215000.0,BALANCED,-0.5703
2025-12-26,MSOX,MSOX,0.0,4.68,0.0263,186897000.0,0.0,0.0,-0.4228,3310000.0,8215000.0,BALANCED,-0.5703
2025-12-29,MSOX,MSOX,1416000.0,3.99,-0.1474,188313000.0,1416000.0,0.0,1.1944,1900000.0,9631000.0,BALANCED,41.8609
2025-12-30,MSOX,MSOX,0.0,4.44,0.1128,188313000.0,0.0,0.0,-0.4687,2318000.0,9631000.0,BALANCED,-1.7167
2025-12-31,MSOX,MSOX,0.0,4.47,0.0068,188313000.0,0.0,0.0,-0.4307,1416000.0,9631000.0,BALANCED,-0.7664
2026-01-02,MSOX,MSOX,0.0,4.6,0.0291,188313000.0,0.0,0.0,-0.4307,1416000.0,9631000.0,BALANCED,-0.7664
2026-01-05,MSOX,MSOX,1445000.0,4.07,-0.1152,189758000.0,1445000.0,0.0,1.2175,2861000.0,11076000.0,BALANCED,42.438
2026-01-06,MSOX,MSOX,0.0,3.93,-0.0344,189758000.0,0.0,0.0,-0.45,1445000.0,11076000.0,BALANCED,-1.2493
2026-01-07,MSOX,MSOX,0.0,4.16,0.0585,189758000.0,0.0,0.0,-0.45,1445000.0,10358000.0,BALANCED,-1.2493
2026-01-08,MSOX,MSOX,900000.0,4.5,0.0817,190658000.0,900000.0,0.0,0.553,2345000.0,11258000.0,BALANCED,25.8239
2026-01-09,MSOX,MSOX,0.0,4.46,-0.0089,190658000.0,0.0,0.0,-0.4585,2345000.0,11258000.0,BALANCED,-1.4632
2026-01-12,MSOX,MSOX,0.0,4.95,0.1099,190658000.0,0.0,0.0,-0.4585,900000.0,11258000.0,BALANCED,-1.4632
2026-01-13,MSOX,MSOX,0.0,4.54,-0.0828,190658000.0,0.0,0.0,-0.4585,900000.0,8027000.0,BALANCED,-1.4632
2026-01-14,MSOX,MSOX,0.0,4.78,0.0529,190658000.0,0.0,0.0,-0.4585,900000.0,6691000.0,BALANCED,-1.4632
2026-01-15,MSOX,MSOX,0.0,4.68,-0.0209,190658000.0,0.0,0.0,-0.4585,0.0,7071000.0,BALANCED,-11.4632
2026-01-16,MSOX,MSOX,0.0,4.46,-0.047,190658000.0,0.0,0.0,-0.4585,0.0,7071000.0,BALANCED,-11.4632
2026-01-20,MSOX,MSOX,0.0,4.07,-0.0874,190658000.0,0.0,0.0,-0.4585,0.0,7071000.0,BALANCED,-11.4632
2026-01-21,MSOX,MSOX,0.0,4.0,-0.0172,190658000.0,0.0,0.0,-0.4585,0.0,4245000.0,BALANCED,-11.4632
2026-01-22,MSOX,MSOX,2398000.0,4.17,0.0425,193056000.0,2398000.0,0.0,2.0605,2398000.0,7061000.0,ACCUMULATION,63.5135
2026-01-23,MSOX,MSOX,0.0,4.56,0.0935,193056000.0,0.0,0.0,-0.4828,2398000.0,6159000.0,BALANCED,-2.0697
2026-01-26,MSOX,MSOX,0.0,4.07,-0.1075,193056000.0,0.0,0.0,-0.4828,2398000.0,6159000.0,BALANCED,-2.0697
2026-01-27,MSOX,MSOX,0.0,3.71,-0.0885,193056000.0,0.0,0.0,-0.4828,2398000.0,6159000.0,BALANCED,-2.0697
2026-01-28,MSOX,MSOX,0.0,3.54,-0.0458,193056000.0,0.0,0.0,-0.4419,2398000.0,4743000.0,BALANCED,-1.0471
2026-01-29,MSOX,MSOX,0.0,3.24,-0.0847,193056000.0,0.0,0.0,-0.3955,0.0,4743000.0,BALANCED,-9.8871
2026-01-30,MSOX,MSOX,961000.0,3.15,-0.0278,194017000.0,961000.0,0.0,0.8028,961000.0,5704000.0,BALANCED,32.0708
2026-02-02,MSOX,MSOX,0.0,3.24,0.0286,194017000.0,0.0,0.0,-0.4551,961000.0,5704000.0,BALANCED,-1.3771
2026-02-03,MSOX,MSOX,0.0,3.32,0.0247,194017000.0,0.0,0.0,-0.4551,961000.0,4259000.0,BALANCED,-1.3771
2026-02-04,MSOX,MSOX,0.0,3.54,0.0663,194017000.0,0.0,0.0,-0.4185,961000.0,4259000.0,BALANCED,-0.4624
2026-02-05,MSOX,MSOX,0.0,3.0,-0.1525,194017000.0,0.0,0.0,-0.4499,961000.0,4259000.0,BALANCED,-1.2469
2026-02-06,MSOX,MSOX,0.0,3.29,0.0967,194017000.0,0.0,0.0,-0.4065,0.0,3359000.0,BALANCED,-10.1616
2026-02-09,MSOX,MSOX,1613000.0,3.36,0.0213,195630000.0,1613000.0,0.0,2.0868,1613000.0,4972000.0,ACCUMULATION,64.1704
2026-02-10,MSOX,MSOX,1706000.0,3.13,-0.0685,197336000.0,1706000.0,0.0,1.9936,3319000.0,6678000.0,ACCUMULATION,63.8401
2026-02-11,MSOX,MSOX,0.0,2.98,-0.0479,197336000.0,0.0,0.0,-0.4605,3319000.0,6678000.0,BALANCED,-1.5127
2026-02-12,MSOX,MSOX,0.0,2.83,-0.0503,197336000.0,0.0,0.0,-0.4605,3319000.0,6678000.0,BALANCED,-1.5127
2026-02-13,MSOX,MSOX,0.0,2.97,0.0495,197336000.0,0.0,0.0,-0.4605,3319000.0,6678000.0,BALANCED,-1.5127
2026-02-17,MSOX,MSOX,0.0,2.89,-0.0286,197336000.0,0.0,0.0,-0.4605,1706000.0,6678000.0,BALANCED,-1.5127
2026-02-18,MSOX,MSOX,983000.0,2.77,-0.0401,198319000.0,983000.0,0.0,1.1069,983000.0,7661000.0,BALANCED,39.6727
2026-02-19,MSOX,MSOX,0.0,3.28,0.1844,198319000.0,0.0,0.0,-0.4528,983000.0,7661000.0,BALANCED,-1.3195
2026-02-20,MSOX,MSOX,0.0,2.63,-0.1982,198319000.0,0.0,0.0,-0.4528,983000.0,5263000.0,BALANCED,-1.3195
2026-02-23,MSOX,MSOX,0.0,2.45,-0.0669,198319000.0,0.0,0.0,-0.411,983000.0,5263000.0,BALANCED,-0.2747
2026-02-24,MSOX,MSOX,436000.0,2.91,0.1837,198755000.0,436000.0,0.0,0.2678,1419000.0,5699000.0,BALANCED,18.6947
2026-02-25,MSOX,MSOX,886000.0,2.95,0.0164,199641000.0,886000.0,0.0,0.934,1322000.0,6585000.0,BALANCED,37.35
2026-02-26,MSOX,MSOX,0.0,2.92,-0.01,199641000.0,0.0,0.0,-0.4768,1322000.0,6585000.0,BALANCED,-1.9198
2026-02-27,MSOX,MSOX,0.0,2.75,-0.0592,199641000.0,0.0,0.0,-0.4768,1322000.0,6585000.0,BALANCED,-1.9198
2026-03-02,MSOX,MSOX,836000.0,2.39,-0.1309,200477000.0,836000.0,0.0,0.8039,2158000.0,6460000.0,BALANCED,32.0972
2026-03-03,MSOX,MSOX,1915000.0,2.57,0.0753,202392000.0,1915000.0,0.0,2.2008,3637000.0,8375000.0,ACCUMULATION,69.0193
2026-03-04,MSOX,MSOX,1000000.0,2.74,0.0661,203392000.0,1000000.0,0.0,0.8257,3751000.0,9375000.0,BALANCED,36.6432
2026-03-05,MSOX,MSOX,0.0,2.49,-0.0912,203392000.0,0.0,0.0,-0.609,3751000.0,9375000.0,BALANCED,-5.2248
2026-03-06,MSOX,MSOX,0.0,2.86,0.1486,203392000.0,0.0,0.0,-0.5814,3751000.0,9375000.0,BALANCED,-4.5362
2026-03-09,MSOX,MSOX,0.0,2.61,-0.0874,203392000.0,0.0,0.0,-0.5814,2915000.0,9375000.0,BALANCED,-4.5362
2026-03-10,MSOX,MSOX,1245000.0,2.49,-0.046,204637000.0,1245000.0,0.0,1.4061,2245000.0,9007000.0,BALANCED,47.152
2026-03-11,MSOX,MSOX,2236000.0,2.63,0.0562,206873000.0,2236000.0,0.0,2.5618,3481000.0,9537000.0,ACCUMULATION,78.044
2026-03-12,MSOX,MSOX,1311000.0,2.45,-0.0684,208184000.0,1311000.0,0.0,1.1455,4792000.0,10848000.0,BALANCED,44.638
2026-03-13,MSOX,MSOX,1290000.0,2.58,0.0531,209474000.0,1290000.0,0.0,1.0435,6082000.0,12138000.0,BALANCED,44.0886
2026-03-16,MSOX,MSOX,0.0,2.56,-0.0078,209474000.0,0.0,0.0,-0.7215,6082000.0,12138000.0,BALANCED,-8.0378
2026-03-17,MSOX,MSOX,0.0,2.63,0.0273,209474000.0,0.0,0.0,-0.7215,4837000.0,12138000.0,BALANCED,-8.0378
2026-03-18,MSOX,MSOX,832000.0,2.52,-0.0418,210306000.0,832000.0,0.0,0.4074,3433000.0,11987000.0,BALANCED,22.1838
2026-03-19,MSOX,MSOX,1285000.0,2.57,0.0198,211591000.0,1285000.0,0.0,0.9787,3407000.0,13272000.0,BALANCED,38.4679
2026-03-20,MSOX,MSOX,0.0,2.28,-0.1128,211591000.0,0.0,0.0,-0.82,2117000.0,13272000.0,BALANCED,-10.4996
2026-03-23,MSOX,MSOX,0.0,2.56,0.1247,211591000.0,0.0,0.0,-0.82,2117000.0,13272000.0,BALANCED,-10.4996
2026-03-24,MSOX,MSOX,0.0,2.52,-0.0173,211591000.0,0.0,0.0,-0.7657,2117000.0,12836000.0,BALANCED,-9.1417
2026-03-25,MSOX,MSOX,0.0,2.45,-0.0278,211591000.0,0.0,0.0,-0.7149,1285000.0,11950000.0,BALANCED,-7.8735
2026-03-26,MSOX,MSOX,0.0,2.22,-0.0939,211591000.0,0.0,0.0,-0.7149,0.0,11950000.0,BALANCED,-17.8735
2026-03-27,MSOX,MSOX,555000.0,1.85,-0.1667,212146000.0,555000.0,0.0,0.0931,555000.0,12505000.0,BALANCED,14.328
2026-03-30,MSOX,MSOX,510000.0,1.7,-0.0811,212656000.0,510000.0,0.0,-0.001,1065000.0,12179000.0,BALANCED,13.9744
2026-03-31,MSOX,MSOX,117000.0,2.13,0.2529,212773000.0,117000.0,0.0,-0.6124,1182000.0,10381000.0,BALANCED,0.6899
2026-04-01,MSOX,MSOX,1135000.0,2.27,0.0657,213908000.0,1135000.0,0.0,0.9416,2317000.0,10516000.0,BALANCED,41.5394
2026-04-02,MSOX,MSOX,0.0,2.47,0.0881,213908000.0,0.0,0.0,-0.7951,2317000.0,10516000.0,BALANCED,-9.8774
2026-04-06,MSOX,MSOX,-1274000.0,2.77,0.1215,212634000.0,0.0,-1274000.0,-2.4125,488000.0,9242000.0,DISTRIBUTION,-52.3128
2026-04-07,MSOX,MSOX,0.0,2.31,-0.1661,212634000.0,0.0,0.0,-0.6574,-22000.0,9242000.0,BALANCED,-26.4343
2026-04-08,MSOX,MSOX,0.0,2.47,0.0693,212634000.0,0.0,0.0,-0.6328,-139000.0,7997000.0,BALANCED,-25.8205
2026-04-09,MSOX,MSOX,0.0,2.45,-0.0081,212634000.0,0.0,0.0,-0.5923,-1274000.0,5761000.0,BALANCED,-24.8064
2026-04-10,MSOX,MSOX,693000.0,2.35,-0.0408,213327000.0,693000.0,0.0,0.3252,-581000.0,5143000.0,BALANCED,0.1312
2026-04-13,MSOX,MSOX,0.0,2.45,0.0426,213327000.0,0.0,0.0,-0.6266,693000.0,3853000.0,BALANCED,-5.665
2026-04-14,MSOX,MSOX,0.0,2.46,0.0055,213327000.0,0.0,0.0,-0.5875,693000.0,3853000.0,BALANCED,-4.6887
2026-04-15,MSOX,MSOX,0.0,2.79,0.1326,213327000.0,0.0,0.0,-0.539,693000.0,3853000.0,BALANCED,-3.4743
2026-04-16,MSOX,MSOX,1310000.0,2.62,-0.0609,214637000.0,1310000.0,0.0,1.3581,2003000.0,4331000.0,BALANCED,45.9523
2026-04-17,MSOX,MSOX,0.0,2.6,-0.0076,214637000.0,0.0,0.0,-0.5444,1310000.0,3046000.0,BALANCED,-3.6088
2026-04-20,MSOX,MSOX,702000.0,3.05,0.1731,215339000.0,702000.0,0.0,0.4419,2012000.0,3748000.0,BALANCED,23.0487
2026-04-21,MSOX,MSOX,0.0,2.94,-0.0361,215339000.0,0.0,0.0,-0.5794,2012000.0,3748000.0,BALANCED,-4.4846
2026-04-22,MSOX,MSOX,-183000.0,4.07,0.3844,215156000.0,0.0,-183000.0,-0.7894,1829000.0,3565000.0,BALANCED,-11.7341
2026-04-23,MSOX,MSOX,0.0,2.64,-0.3514,215156000.0,0.0,0.0,-0.4785,519000.0,3565000.0,BALANCED,-1.9626
2026-04-24,MSOX,MSOX,0.0,3.24,0.2273,215156000.0,0.0,0.0,-0.4267,519000.0,3565000.0,BALANCED,-0.6672
2026-04-27,MSOX,MSOX,0.0,3.87,0.1944,215156000.0,0.0,0.0,-0.3729,-183000.0,3010000.0,BALANCED,-19.3214
2026-04-28,MSOX,MSOX,0.0,3.6,-0.0698,215156000.0,0.0,0.0,-0.3729,-183000.0,2500000.0,BALANCED,-19.3214
2026-04-29,MSOX,MSOX,0.0,3.42,-0.0514,215156000.0,0.0,0.0,-0.3729,0.0,2383000.0,BALANCED,-9.3214
2026-04-30,MSOX,MSOX,3334000.0,3.79,0.1095,218490000.0,3334000.0,0.0,4.0279,3334000.0,4582000.0,ACCUMULATION,100.0
2026-05-01,MSOX,MSOX,0.0,3.68,-0.029,218490000.0,0.0,0.0,-0.3121,3334000.0,4582000.0,BALANCED,2.1975
2026-05-04,MSOX,MSOX,-1857000.0,3.38,-0.0824,216633000.0,0.0,-1857000.0,-2.4426,1477000.0,3999000.0,DISTRIBUTION,-53.0659
2026-05-06,MSOX,MSOX,0.0,3.99,0.1807,216633000.0,0.0,0.0,-0.2027,1477000.0,3999000.0,BALANCED,4.9319
2026-05-07,MSOX,MSOX,0.0,3.94,-0.012,216633000.0,0.0,0.0,-0.2027,1477000.0,3999000.0,BALANCED,4.9319
2026-05-08,MSOX,MSOX,0.0,3.66,-0.0716,216633000.0,0.0,0.0,-0.2027,-1857000.0,3999000.0,BALANCED,-15.0681
2026-05-11,MSOX,MSOX,0.0,3.67,0.0025,216633000.0,0.0,0.0,-0.2027,-1857000.0,3306000.0,BALANCED,-15.0681
2026-05-12,MSOX,MSOX,0.0,3.41,-0.0707,216633000.0,0.0,0.0,-0.181,0.0,3306000.0,BALANCED,-4.5252
2026-05-13,MSOX,MSOX,0.0,3.38,-0.0088,216633000.0,0.0,0.0,-0.1609,0.0,3306000.0,BALANCED,-4.0226
2026-05-14,MSOX,MSOX,753000.0,3.35,-0.0086,217386000.0,753000.0,0.0,0.7206,753000.0,4059000.0,BALANCED,30.0143
2026-05-15,MSOX,MSOX,193000.0,2.76,-0.1766,217579000.0,193000.0,0.0,0.0871,946000.0,2942000.0,BALANCED,16.1779
2026-05-18,MSOX,MSOX,0.0,3.0,0.0874,217579000.0,0.0,0.0,-0.1509,946000.0,2942000.0,BALANCED,6.227
2026-05-19,MSOX,MSOX,0.0,2.73,-0.0898,217579000.0,0.0,0.0,-0.2148,946000.0,2240000.0,BALANCED,4.6298
2026-05-20,MSOX,MSOX,0.0,2.85,0.044,217579000.0,0.0,0.0,-0.2148,946000.0,2240000.0,BALANCED,4.6298
2026-05-21,MSOX,MSOX,304000.0,2.9,0.0169,217883000.0,304000.0,0.0,0.1682,497000.0,2727000.0,BALANCED,16.2052
2026-05-22,MSOX,MSOX,0.0,2.76,-0.0477,217883000.0,0.0,0.0,-0.2281,304000.0,2727000.0,BALANCED,4.2978
2026-05-25,MSOX,MSOX,0.0,2.76,0.0,217883000.0,0.0,0.0,-0.1995,304000.0,2727000.0,BALANCED,5.0134
2026-05-26,MSOX,MSOX,0.0,3.06,0.111,217883000.0,0.0,0.0,-0.1995,304000.0,2727000.0,BALANCED,5.0134
2026-05-27,MSOX,MSOX,0.0,3.05,-0.0059,217883000.0,0.0,0.0,-0.1995,304000.0,2727000.0,BALANCED,5.0134
2026-05-28,MSOX,MSOX,0.0,3.62,0.1884,217883000.0,0.0,0.0,-0.1995,0.0,2727000.0,BALANCED,-4.9866
2026-05-29,MSOX,MSOX,-1305000.0,3.35,-0.0754,216578000.0,0.0,-1305000.0,-1.7701,-1305000.0,-1912000.0,DISTRIBUTION,-56.2522
2026-06-01,MSOX,MSOX,0.0,3.6,0.0741,216578000.0,0.0,0.0,-0.0836,-1305000.0,-1912000.0,BALANCED,-12.0903
2026-06-02,MSOX,MSOX,0.0,3.49,-0.0284,216578000.0,0.0,0.0,-0.054,-1305000.0,-55000.0,BALANCED,-11.3507
2026-06-03,MSOX,MSOX,-2266000.0,3.06,-0.1234,214312000.0,0.0,-2266000.0,-2.5567,-3571000.0,-2321000.0,DISTRIBUTION,-75.918
2026-06-04,MSOX,MSOX,0.0,3.52,0.1509,214312000.0,0.0,0.0,0.0322,-3571000.0,-2321000.0,BALANCED,-9.1939
2026-06-05,MSOX,MSOX,0.0,4.03,0.1425,214312000.0,0.0,0.0,0.0322,-2266000.0,-2321000.0,BALANCED,-9.1939
2026-06-08,MSOX,MSOX,-1467000.0,4.44,0.1038,212845000.0,0.0,-1467000.0,-1.5256,-3733000.0,-3788000.0,DISTRIBUTION,-50.1402
2026-06-09,MSOX,MSOX,0.0,4.05,-0.0889,212845000.0,0.0,0.0,0.0846,-3733000.0,-3788000.0,BALANCED,-7.8862
2026-06-10,MSOX,MSOX,0.0,3.86,-0.0477,212845000.0,0.0,0.0,0.0846,-1467000.0,-3788000.0,BALANCED,-7.8862
2026-06-11,MSOX,MSOX,0.0,3.72,-0.0342,212845000.0,0.0,0.0,0.0846,-1467000.0,-4541000.0,BALANCED,-7.8862
2026-06-12,MSOX,MSOX,0.0,3.4,-0.0875,212845000.0,0.0,0.0,0.2916,-1467000.0,-4734000.0,BALANCED,-2.7092
2026-06-15,MSOX,MSOX,0.0,3.26,-0.0412,212845000.0,0.0,0.0,0.2916,0.0,-4734000.0,BALANCED,7.2908
2026-06-16,MSOX,MSOX,0.0,3.11,-0.0448,212845000.0,0.0,0.0,0.2241,0.0,-4734000.0,BALANCED,5.602
2026-06-17,MSOX,MSOX,0.0,3.03,-0.0254,212845000.0,0.0,0.0,0.2241,0.0,-4734000.0,BALANCED,5.602
2026-06-18,MSOX,MSOX,0.0,3.31,0.091,212845000.0,0.0,0.0,0.2241,0.0,-5038000.0,BALANCED,5.602
2026-06-19,MSOX,MSOX,0.0,3.31,0.0,212845000.0,0.0,0.0,0.2241,0.0,-5038000.0,BALANCED,5.602
2026-06-22,MSOX,MSOX,0.0,2.9,-0.1233,212845000.0,0.0,0.0,0.2241,0.0,-5038000.0,BALANCED,5.602
2026-06-23,MSOX,MSOX,0.0,2.68,-0.0779,212845000.0,0.0,0.0,0.2241,0.0,-5038000.0,BALANCED,5.602
2026-06-24,MSOX,MSOX,0.0,2.59,-0.0321,212845000.0,0.0,0.0,0.2241,0.0,-5038000.0,BALANCED,5.602
2026-06-25,MSOX,MSOX,0.0,2.81,0.085,212845000.0,0.0,0.0,0.2807,0.0,-5038000.0,BALANCED,7.0178
2026-06-26,MSOX,MSOX,997000.0,2.89,0.0288,213842000.0,997000.0,0.0,1.9482,997000.0,-2736000.0,ACCUMULATION,60.7062
2026-06-29,MSOX,MSOX,1226000.0,3.06,0.0602,215068000.0,1226000.0,0.0,2.0917,2223000.0,-1510000.0,ACCUMULATION,66.2933
2026-06-30,MSOX,MSOX,0.0,3.36,0.096,215068000.0,0.0,0.0,0.1337,2223000.0,-1510000.0,BALANCED,13.3419
2026-07-01,MSOX,MSOX,0.0,3.02,-0.1007,215068000.0,0.0,0.0,0.1337,2223000.0,756000.0,BALANCED,13.3419
2026-07-02,MSOX,MSOX,0.0,3.09,0.0238,215068000.0,0.0,0.0,0.1508,2223000.0,756000.0,BALANCED,13.7709
2026-07-06,MSOX,MSOX,0.0,2.65,-0.1423,215068000.0,0.0,0.0,0.1508,1226000.0,756000.0,BALANCED,13.7709
2026-07-07,MSOX,MSOX,0.0,2.66,0.0023,215068000.0,0.0,0.0,0.1508,0.0,2223000.0,BALANCED,3.7709
2026-07-08,MSOX,MSOX,0.0,2.72,0.0218,215068000.0,0.0,0.0,0.1508,0.0,2223000.0,BALANCED,3.7709
2026-07-09,MSOX,MSOX,892000.0,2.55,-0.0615,215960000.0,892000.0,0.0,1.4765,892000.0,3115000.0,BALANCED,48.9137
2026-07-10,MSOX,MSOX,413000.0,2.58,0.0133,216373000.0,413000.0,0.0,0.7092,1305000.0,3528000.0,BALANCED,31.7305
2026-07-13,MSOX,MSOX,437000.0,2.82,0.091,216810000.0,437000.0,0.0,0.6989,1742000.0,3965000.0,BALANCED,33.4731
2026-07-14,MSOX,MSOX,1122000.0,2.8,-0.005,217932000.0,1122000.0,0.0,1.6645,2864000.0,5087000.0,ACCUMULATION,59.6113
2026-07-15,MSOX,MSOX,0.0,2.65,-0.0549,217932000.0,0.0,0.0,-0.0698,2864000.0,5087000.0,BALANCED,8.256
2026-07-16,MSOX,MSOX,0.0,2.42,-0.0879,217932000.0,0.0,0.0,-0.2524,1972000.0,5087000.0,BALANCED,3.6901
2026-07-17,MSOX,MSOX,594000.0,2.53,0.0455,218526000.0,594000.0,0.0,0.9348,2153000.0,5681000.0,BALANCED,35.3701
2026-07-20,MSOX,MSOX,0.0,2.49,-0.0138,218526000.0,0.0,0.0,-0.2895,1716000.0,5681000.0,BALANCED,2.7619
2026-07-21,MSOX,MSOX,0.0,2.52,0.0128,218526000.0,0.0,0.0,-0.4982,594000.0,5681000.0,BALANCED,-2.4544
2026-07-22,MSOX,MSOX,0.0,2.45,-0.0309,218526000.0,0.0,0.0,-0.4982,594000.0,5681000.0,BALANCED,-2.4544
2026-07-23,MSOX,MSOX,0.0,2.31,-0.0552,218526000.0,0.0,0.0,-0.4982,594000.0,5681000.0,BALANCED,-2.4544
2026-07-24,MSOX,MSOX,0.0,2.3,-0.0048,218526000.0,0.0,0.0,-0.4982,0.0,5681000.0,BALANCED,-12.4544
2026-07-27,MSOX,MSOX,0.0,2.28,-0.0104,218526000.0,0.0,0.0,-0.4982,0.0,4684000.0,BALANCED,-12.4544
2026-07-28,MSOX,MSOX,0.0,2.11,-0.0712,218526000.0,0.0,0.0,-0.4982,0.0,3458000.0,BALANCED,-12.4544
2026-07-29,MSOX,MSOX,0.0,2.03,-0.0393,218526000.0,0.0,0.0,-0.4982,0.0,3458000.0,BALANCED,-12.4544
2026-07-30,MSOX,MSOX,0.0,2.23,0.1,218526000.0,0.0,0.0,-0.4982,0.0,3458000.0,BALANCED,-12.4544
2026-07-31,MSOX,MSOX,0.0,2.25,0.0085,218526000.0,0.0,0.0,-0.4982,0.0,3458000.0,BALANCED,-12.4544
2026-08-03,MSOX,MSOX,0.0,2.23,-0.0111,218526000.0,0.0,0.0,-0.4982,0.0,3458000.0,BALANCED,-12.4544
2026-08-04,MSOX,MSOX,0.0,2.37,0.0651,218526000.0,0.0,0.0,-0.4982,0.0,3458000.0,BALANCED,-12.4544
2026-08-05,MSOX,MSOX,0.0,2.04,-0.1412,218526000.0,0.0,0.0,-0.4982,0.0,3458000.0,BALANCED,-12.4544
2026-08-06,MSOX,MSOX,0.0,2.35,0.1541,218526000.0,0.0,0.0,-0.4982,0.0,2566000.0,BALANCED,-12.4544
2026-08-07,MSOX,MSOX,0.0,2.38,0.0132,218526000.0,0.0,0.0,-0.4982,0.0,2153000.0,BALANCED,-12.4544
2026-08-10,MSOX,MSOX,0.0,2.4,0.008,218526000.0,0.0,0.0,-0.4468,0.0,1716000.0,BALANCED,-11.171
2026-08-11,MSOX,MSOX,0.0,2.65,0.1012,218526000.0,0.0,0.0,-0.4032,0.0,594000.0,BALANCED,-10.0795
2026-08-12,MSOX,MSOX,0.0,2.57,-0.0302,218526000.0,0.0,0.0,-0.4032,0.0,594000.0,BALANCED,-10.0795
2026-08-13,MSOX,MSOX,0.0,2.67,0.039,218526000.0,0.0,0.0,-0.4032,0.0,594000.0,BALANCED,-10.0795
2026-08-14,MSOX,MSOX,0.0,2.64,-0.009,218526000.0,0.0,0.0,-0.4032,0.0,0.0,BALANCED,-10.0795
2026-08-17,MSOX,MSOX,0.0,2.54,-0.039,218526000.0,0.0,0.0,-0.4032,0.0,0.0,BALANCED,-10.0795
2026-08-18,MSOX,MSOX,0.0,2.51,-0.0095,218526000.0,0.0,0.0,-0.4032,0.0,0.0,BALANCED,-10.0795
2026-08-19,MSOX,MSOX,0.0,2.78,0.1062,218526000.0,0.0,0.0,-0.4032,0.0,0.0,BALANCED,-10.0795
2026-08-20,MSOX,MSOX,0.0,2.76,-0.0086,218526000.0,0.0,0.0,-0.3478,0.0,0.0,BALANCED,-8.6953
2026-08-21,MSOX,MSOX,0.0,3.01,0.0914,218526000.0,0.0,0.0,-0.301,0.0,0.0,BALANCED,-7.5259
2026-08-24,MSOX,MSOX,0.0,2.92,-0.0282,218526000.0,0.0,0.0,-0.2504,0.0,0.0,BALANCED,-6.2594
2026-08-25,MSOX,MSOX,0.0,2.96,0.0116,218526000.0,0.0,0.0,-0.1826,0.0,0.0,BALANCED,-4.5644
2026-08-26,MSOX,MSOX,0.0,2.87,-0.0284,218526000.0,0.0,0.0,-0.1826,0.0,0.0,BALANCED,-4.5644
2026-08-27,MSOX,MSOX,0.0,2.85,-0.0084,218526000.0,0.0,0.0,-0.1826,0.0,0.0,BALANCED,-4.5644
2026-08-28,MSOX,MSOX,0.0,3.04,0.066,218526000.0,0.0,0.0,0.0,0.0,0.0,BALANCED,0.0
2026-08-31,MSOX,MSOX,0.0,2.99,-0.0171,218526000.0,0.0,0.0,0.0,0.0,0.0,BALANCED,0.0
2026-09-01,MSOX,MSOX,0.0,2.96,-0.009,218526000.0,0.0,0.0,0.0,0.0,0.0,BALANCED,0.0
2026-09-02,MSOX,MSOX,0.0,3.01,0.0159,218526000.0,0.0,0.0,0.0,0.0,0.0,BALANCED,0.0
2026-09-03,MSOX,MSOX,0.0,2.98,-0.008,218526000.0,0.0,0.0,0.0,0.0,0.0,BALANCED,0.0
2026-09-04,MSOX,MSOX,0.0,3.17,0.0641,218526000.0,0.0,0.0,0.0,0.0,0.0,BALANCED,0.0
2026-09-07,MSOX,MSOX,0.0,3.17,0.0,218526000.0,0.0,0.0,0.0,0.0,0.0,BALANCED,0.0
2026-09-08,MSOX,MSOX,0.0,3.17,-0.0013,218526000.0,0.0,0.0,0.0,0.0,0.0,BALANCED,0.0
2026-09-09,MSOX,MSOX,0.0,3.1,-0.0234,218526000.0,0.0,0.0,0.0,0.0,0.0,BALANCED,0.0
2026-09-10,MSOX,MSOX,0.0,2.83,-0.0872,218526000.0,0.0,0.0,0.0,0.0,0.0,BALANCED,0.0
2026-09-11,MSOX,MSOX,601000.0,2.73,-0.0336,219127000.0,601000.0,0.0,5.2947,601000.0,601000.0,ACCUMULATION,100.0
2026-09-14,MSOX,MSOX,1462000.0,2.92,0.0711,220589000.0,1462000.0,0.0,4.8872,2063000.0,2063000.0,ACCUMULATION,100.0
2026-09-15,MSOX,MSOX,440000.0,2.93,0.0034,221029000.0,440000.0,0.0,1.2185,2503000.0,2503000.0,BALANCED,46.4618
2026-09-16,MSOX,MSOX,0.0,2.92,-0.0044,221029000.0,0.0,0.0,-0.2851,2503000.0,2503000.0,BALANCED,2.8722
2026-09-18,MSOX,MSOX,0.0,2.9,-0.0086,221029000.0,0.0,0.0,-0.2851,2503000.0,2503000.0,BALANCED,2.8722
2026-09-21,MSOX,MSOX,0.0,2.94,0.0152,221029000.0,0.0,0.0,-0.2851,1902000.0,2503000.0,BALANCED,2.8722
2026-09-22,MSOX,MSOX,0.0,3.4,0.1558,221029000.0,0.0,0.0,-0.2851,440000.0,2503000.0,BALANCED,2.8722
2026-09-23,MSOX,MSOX,0.0,3.52,0.0368,221029000.0,0.0,0.0,-0.2851,0.0,2503000.0,BALANCED,-7.1278
