date,ticker,trackinsight_key,usd_flow,nav,perf_pct,cumulative_flow,daily_inflow,daily_outflow,flow_zscore,flow_5d,flow_20d,regime,pressure
2022-12-14,NVDL,NVDL,758000.0,25.28,0.0,758000.0,758000.0,0.0,0.0,758000.0,758000.0,BALANCED,12.0
2022-12-15,NVDL,NVDL,0.0,23.72,-0.0615,758000.0,0.0,0.0,0.0,758000.0,758000.0,BALANCED,10.0
2022-12-16,NVDL,NVDL,0.0,22.9,-0.0347,758000.0,0.0,0.0,0.0,758000.0,758000.0,BALANCED,10.0
2022-12-19,NVDL,NVDL,0.0,22.23,-0.0291,758000.0,0.0,0.0,0.0,758000.0,758000.0,BALANCED,10.0
2022-12-20,NVDL,NVDL,0.0,21.88,-0.0159,758000.0,0.0,0.0,-0.4472,758000.0,758000.0,BALANCED,-1.1803
2022-12-21,NVDL,NVDL,0.0,22.72,0.0386,758000.0,0.0,0.0,-0.4082,0.0,758000.0,BALANCED,-10.2062
2022-12-22,NVDL,NVDL,0.0,20.32,-0.1058,758000.0,0.0,0.0,-0.378,0.0,758000.0,BALANCED,-9.4491
2022-12-23,NVDL,NVDL,0.0,20.03,-0.0142,758000.0,0.0,0.0,-0.3536,0.0,758000.0,BALANCED,-8.8388
2022-12-27,NVDL,NVDL,0.0,17.88,-0.1071,758000.0,0.0,0.0,-0.3333,0.0,758000.0,BALANCED,-8.3333
2022-12-28,NVDL,NVDL,0.0,17.72,-0.0094,758000.0,0.0,0.0,-0.3162,0.0,758000.0,BALANCED,-7.9057
2022-12-29,NVDL,NVDL,0.0,18.78,0.0602,758000.0,0.0,0.0,-0.3015,0.0,758000.0,BALANCED,-7.5378
2022-12-30,NVDL,NVDL,0.0,18.79,0.0005,758000.0,0.0,0.0,-0.2887,0.0,758000.0,BALANCED,-7.2169
2023-01-03,NVDL,NVDL,0.0,18.23,-0.0301,758000.0,0.0,0.0,-0.2774,0.0,758000.0,BALANCED,-6.9338
2023-01-04,NVDL,NVDL,0.0,19.05,0.0451,758000.0,0.0,0.0,-0.2673,0.0,758000.0,BALANCED,-6.6815
2023-01-05,NVDL,NVDL,0.0,18.11,-0.0493,758000.0,0.0,0.0,-0.2582,0.0,758000.0,BALANCED,-6.455
2023-01-06,NVDL,NVDL,0.0,19.23,0.0617,758000.0,0.0,0.0,-0.25,0.0,758000.0,BALANCED,-6.25
2023-01-09,NVDL,NVDL,0.0,20.72,0.0775,758000.0,0.0,0.0,-0.2425,0.0,758000.0,BALANCED,-6.0634
2023-01-10,NVDL,NVDL,0.0,21.27,0.0268,758000.0,0.0,0.0,-0.2357,0.0,758000.0,BALANCED,-5.8926
2023-01-11,NVDL,NVDL,0.0,21.45,0.0084,758000.0,0.0,0.0,-0.2294,0.0,758000.0,BALANCED,-5.7354
2023-01-12,NVDL,NVDL,0.0,22.47,0.0475,758000.0,0.0,0.0,-0.2236,0.0,758000.0,BALANCED,-5.5902
2023-01-13,NVDL,NVDL,0.0,23.24,0.0343,758000.0,0.0,0.0,-0.2182,0.0,0.0,BALANCED,-5.4554
2023-01-17,NVDL,NVDL,0.0,24.89,0.071,758000.0,0.0,0.0,-0.2132,0.0,0.0,BALANCED,-5.33
2023-01-18,NVDL,NVDL,0.0,24.2,-0.0277,758000.0,0.0,0.0,-0.2085,0.0,0.0,BALANCED,-5.2129
2023-01-19,NVDL,NVDL,0.0,22.91,-0.0532,758000.0,0.0,0.0,-0.2041,0.0,0.0,BALANCED,-5.1031
2023-01-20,NVDL,NVDL,0.0,25.11,0.096,758000.0,0.0,0.0,-0.2,0.0,0.0,BALANCED,-5.0
2023-01-23,NVDL,NVDL,0.0,27.96,0.1134,758000.0,0.0,0.0,-0.1961,0.0,0.0,BALANCED,-4.9029
2023-01-24,NVDL,NVDL,0.0,28.11,0.0054,758000.0,0.0,0.0,-0.1925,0.0,0.0,BALANCED,-4.8113
2023-01-25,NVDL,NVDL,0.0,28.24,0.0043,758000.0,0.0,0.0,-0.189,0.0,0.0,BALANCED,-4.7246
2023-01-26,NVDL,NVDL,0.0,29.28,0.0369,758000.0,0.0,0.0,-0.1857,0.0,0.0,BALANCED,-4.6424
2023-01-27,NVDL,NVDL,0.0,30.51,0.042,758000.0,0.0,0.0,-0.1826,0.0,0.0,BALANCED,-4.5644
2023-01-30,NVDL,NVDL,0.0,27.79,-0.0891,758000.0,0.0,0.0,0.0,0.0,0.0,BALANCED,0.0
2023-01-31,NVDL,NVDL,0.0,28.6,0.0292,758000.0,0.0,0.0,0.0,0.0,0.0,BALANCED,0.0
2023-02-01,NVDL,NVDL,0.0,31.69,0.1078,758000.0,0.0,0.0,0.0,0.0,0.0,BALANCED,0.0
2023-02-02,NVDL,NVDL,0.0,33.42,0.0547,758000.0,0.0,0.0,0.0,0.0,0.0,BALANCED,0.0
2023-02-03,NVDL,NVDL,0.0,32.0,-0.0425,758000.0,0.0,0.0,0.0,0.0,0.0,BALANCED,0.0
2023-02-06,NVDL,NVDL,0.0,31.96,-0.001,758000.0,0.0,0.0,0.0,0.0,0.0,BALANCED,0.0
2023-02-07,NVDL,NVDL,0.0,34.42,0.0768,758000.0,0.0,0.0,0.0,0.0,0.0,BALANCED,0.0
2023-02-08,NVDL,NVDL,0.0,34.49,0.0019,758000.0,0.0,0.0,0.0,0.0,0.0,BALANCED,0.0
2023-02-09,NVDL,NVDL,696000.0,34.78,0.0085,1454000.0,696000.0,0.0,5.2947,696000.0,696000.0,ACCUMULATION,100.0
2023-02-10,NVDL,NVDL,1290000.0,32.26,-0.0724,2744000.0,1290000.0,0.0,4.6404,1986000.0,1986000.0,ACCUMULATION,100.0
2023-02-13,NVDL,NVDL,0.0,33.44,0.0366,2744000.0,0.0,0.0,-0.251,1986000.0,1986000.0,BALANCED,3.7246
2023-02-14,NVDL,NVDL,0.0,36.16,0.0812,2744000.0,0.0,0.0,-0.251,1986000.0,1986000.0,BALANCED,3.7246
2023-02-15,NVDL,NVDL,0.0,35.66,-0.0137,2744000.0,0.0,0.0,-0.251,1986000.0,1986000.0,BALANCED,3.7246
2023-02-16,NVDL,NVDL,677000.0,33.86,-0.0504,3421000.0,677000.0,0.0,2.0575,1967000.0,2663000.0,ACCUMULATION,63.4366
2023-02-17,NVDL,NVDL,0.0,32.42,-0.0427,3421000.0,0.0,0.0,-0.3105,677000.0,2663000.0,BALANCED,2.238
2023-02-21,NVDL,NVDL,0.0,30.75,-0.0516,3421000.0,0.0,0.0,-0.3105,677000.0,2663000.0,BALANCED,2.238
2023-02-22,NVDL,NVDL,0.0,30.96,0.0069,3421000.0,0.0,0.0,-0.3105,677000.0,2663000.0,BALANCED,2.238
2023-02-23,NVDL,NVDL,0.0,37.46,0.2099,3421000.0,0.0,0.0,-0.3105,677000.0,2663000.0,BALANCED,2.238
2023-02-24,NVDL,NVDL,0.0,36.53,-0.0246,3421000.0,0.0,0.0,-0.3105,0.0,2663000.0,BALANCED,-7.762
2023-02-27,NVDL,NVDL,741000.0,37.03,0.0135,4162000.0,741000.0,0.0,2.0306,741000.0,3404000.0,ACCUMULATION,62.7646
2023-02-28,NVDL,NVDL,0.0,36.34,-0.0184,4162000.0,0.0,0.0,-0.3672,741000.0,3404000.0,BALANCED,0.8211
2023-03-01,NVDL,NVDL,0.0,35.14,-0.033,4162000.0,0.0,0.0,-0.3672,741000.0,3404000.0,BALANCED,0.8211
2023-03-02,NVDL,NVDL,0.0,36.57,0.0404,4162000.0,0.0,0.0,-0.3672,741000.0,3404000.0,BALANCED,0.8211
2023-03-03,NVDL,NVDL,0.0,37.89,0.0362,4162000.0,0.0,0.0,-0.3672,741000.0,3404000.0,BALANCED,0.8211
2023-03-06,NVDL,NVDL,0.0,37.08,-0.0213,4162000.0,0.0,0.0,-0.3672,0.0,3404000.0,BALANCED,-9.1789
2023-03-07,NVDL,NVDL,0.0,36.45,-0.0169,4162000.0,0.0,0.0,-0.3672,0.0,3404000.0,BALANCED,-9.1789
2023-03-08,NVDL,NVDL,0.0,38.54,0.0573,4162000.0,0.0,0.0,-0.3672,0.0,3404000.0,BALANCED,-9.1789
2023-03-09,NVDL,NVDL,0.0,36.76,-0.0463,4162000.0,0.0,0.0,-0.3672,0.0,3404000.0,BALANCED,-9.1789
2023-03-10,NVDL,NVDL,0.0,35.62,-0.0309,4162000.0,0.0,0.0,-0.3672,0.0,2708000.0,BALANCED,-9.1789
2023-03-13,NVDL,NVDL,356000.0,35.61,-0.0002,4518000.0,356000.0,0.0,0.7408,356000.0,1774000.0,BALANCED,30.5209
2023-03-14,NVDL,NVDL,0.0,38.16,0.0715,4518000.0,0.0,0.0,-0.4025,356000.0,1774000.0,BALANCED,-0.0634
2023-03-15,NVDL,NVDL,0.0,38.54,0.01,4518000.0,0.0,0.0,-0.4025,356000.0,1774000.0,BALANCED,-0.0634
2023-03-16,NVDL,NVDL,0.0,41.66,0.081,4518000.0,0.0,0.0,-0.4025,356000.0,1774000.0,BALANCED,-0.0634
2023-03-17,NVDL,NVDL,0.0,42.08,0.0101,4518000.0,0.0,0.0,-0.4025,356000.0,1097000.0,BALANCED,-0.0634
2023-03-20,NVDL,NVDL,0.0,42.5,0.01,4518000.0,0.0,0.0,-0.4025,0.0,1097000.0,BALANCED,-10.0634
2023-03-21,NVDL,NVDL,0.0,43.23,0.0171,4518000.0,0.0,0.0,-0.4025,0.0,1097000.0,BALANCED,-10.0634
2023-03-22,NVDL,NVDL,1755000.0,43.88,0.0152,6273000.0,1755000.0,0.0,3.6584,1755000.0,2852000.0,ACCUMULATION,100.0
2023-03-23,NVDL,NVDL,3199000.0,45.7,0.0413,9472000.0,3199000.0,0.0,4.1764,4954000.0,6051000.0,ACCUMULATION,100.0
2023-03-24,NVDL,NVDL,3571000.0,44.63,-0.0232,13043000.0,3571000.0,0.0,3.4729,8525000.0,9622000.0,ACCUMULATION,100.0
2023-03-27,NVDL,NVDL,0.0,44.0,-0.0141,13043000.0,0.0,0.0,-0.38,8525000.0,8881000.0,BALANCED,0.499
2023-03-28,NVDL,NVDL,0.0,43.69,-0.0071,13043000.0,0.0,0.0,-0.38,8525000.0,8881000.0,BALANCED,0.499
2023-03-29,NVDL,NVDL,0.0,45.1,0.0322,13043000.0,0.0,0.0,-0.38,6770000.0,8881000.0,BALANCED,0.499
2023-03-30,NVDL,NVDL,-1383000.0,46.09,0.0219,11660000.0,0.0,-1383000.0,-1.7589,2188000.0,7498000.0,DISTRIBUTION,-35.9727
2023-03-31,NVDL,NVDL,0.0,47.07,0.0213,11660000.0,0.0,0.0,-0.2879,-1383000.0,7498000.0,BALANCED,-17.1971
2023-04-03,NVDL,NVDL,0.0,47.56,0.0103,11660000.0,0.0,0.0,-0.2879,-1383000.0,7498000.0,BALANCED,-17.1971
2023-04-04,NVDL,NVDL,0.0,46.24,-0.0276,11660000.0,0.0,0.0,-0.2879,-1383000.0,7498000.0,BALANCED,-17.1971
2023-04-05,NVDL,NVDL,0.0,44.78,-0.0315,11660000.0,0.0,0.0,-0.2879,-1383000.0,7498000.0,BALANCED,-17.1971
2023-04-06,NVDL,NVDL,902000.0,45.12,0.0075,12562000.0,902000.0,0.0,0.6227,902000.0,8400000.0,BALANCED,27.5675
2023-04-10,NVDL,NVDL,0.0,46.46,0.0298,12562000.0,0.0,0.0,-0.3177,902000.0,8400000.0,BALANCED,2.0586
2023-04-11,NVDL,NVDL,0.0,45.42,-0.0226,12562000.0,0.0,0.0,-0.2925,902000.0,8044000.0,BALANCED,2.6864
2023-04-12,NVDL,NVDL,0.0,43.71,-0.0376,12562000.0,0.0,0.0,-0.2925,902000.0,8044000.0,BALANCED,2.6864
2023-04-13,NVDL,NVDL,-436000.0,43.62,-0.0021,12126000.0,0.0,-436000.0,-0.7271,466000.0,7608000.0,BALANCED,-10.1764
2023-04-14,NVDL,NVDL,0.0,44.31,0.0159,12126000.0,0.0,0.0,-0.2752,-436000.0,7608000.0,BALANCED,-16.8788
2023-04-17,NVDL,NVDL,0.0,44.9,0.0134,12126000.0,0.0,0.0,-0.2752,-436000.0,7608000.0,BALANCED,-16.8788
2023-04-18,NVDL,NVDL,0.0,46.54,0.0366,12126000.0,0.0,0.0,-0.2752,-436000.0,7608000.0,BALANCED,-16.8788
2023-04-19,NVDL,NVDL,0.0,47.2,0.014,12126000.0,0.0,0.0,-0.2752,-436000.0,7608000.0,BALANCED,-16.8788
2023-04-20,NVDL,NVDL,902000.0,45.09,-0.0446,13028000.0,902000.0,0.0,0.625,902000.0,6755000.0,BALANCED,27.626
2023-04-21,NVDL,NVDL,0.0,45.09,0.0,13028000.0,0.0,0.0,-0.3046,902000.0,3556000.0,BALANCED,2.3854
2023-04-24,NVDL,NVDL,0.0,44.89,-0.0045,13028000.0,0.0,0.0,-0.3046,902000.0,-15000.0,BALANCED,2.3854
2023-04-25,NVDL,NVDL,2144000.0,42.88,-0.0447,15172000.0,2144000.0,0.0,1.7412,3046000.0,2129000.0,ACCUMULATION,55.5305
2023-04-26,NVDL,NVDL,0.0,44.63,0.0408,15172000.0,0.0,0.0,-0.3457,3046000.0,2129000.0,BALANCED,1.3581
2023-04-27,NVDL,NVDL,0.0,45.29,0.0148,15172000.0,0.0,0.0,-0.3457,2144000.0,2129000.0,BALANCED,1.3581
2023-04-28,NVDL,NVDL,7448000.0,46.55,0.0279,22620000.0,7448000.0,0.0,4.1485,9592000.0,10960000.0,ACCUMULATION,100.0
2023-05-01,NVDL,NVDL,0.0,49.51,0.0635,22620000.0,0.0,0.0,-0.3657,9592000.0,10960000.0,BALANCED,0.857
2023-05-02,NVDL,NVDL,-6200000.0,47.69,-0.0366,16420000.0,0.0,-6200000.0,-3.1956,1248000.0,4760000.0,DISTRIBUTION,-71.8892
2023-05-03,NVDL,NVDL,0.0,46.64,-0.0221,16420000.0,0.0,0.0,-0.1922,1248000.0,4760000.0,BALANCED,5.1954
2023-05-04,NVDL,NVDL,0.0,46.02,-0.0133,16420000.0,0.0,0.0,-0.165,1248000.0,4760000.0,BALANCED,5.8739
2023-05-05,NVDL,NVDL,488000.0,48.78,0.06,16908000.0,488000.0,0.0,0.1214,-5712000.0,4346000.0,BALANCED,-4.9639
2023-05-08,NVDL,NVDL,1499000.0,49.97,0.0244,18407000.0,1499000.0,0.0,0.6979,-4213000.0,5845000.0,BALANCED,11.4483
2023-05-09,NVDL,NVDL,0.0,48.47,-0.0301,18407000.0,0.0,0.0,-0.0945,1987000.0,5845000.0,BALANCED,7.6369
2023-05-10,NVDL,NVDL,0.0,49.25,0.0162,18407000.0,0.0,0.0,-0.0945,1987000.0,5845000.0,BALANCED,7.6369
2023-05-11,NVDL,NVDL,0.0,48.45,-0.0162,18407000.0,0.0,0.0,-0.0945,1987000.0,6281000.0,BALANCED,7.6369
2023-05-12,NVDL,NVDL,0.0,47.81,-0.0133,18407000.0,0.0,0.0,-0.1203,1499000.0,6281000.0,BALANCED,6.9916
2023-05-15,NVDL,NVDL,0.0,49.35,0.0322,18407000.0,0.0,0.0,-0.1203,0.0,6281000.0,BALANCED,-3.0084
2023-05-16,NVDL,NVDL,0.0,50.0,0.0132,18407000.0,0.0,0.0,-0.1203,0.0,6281000.0,BALANCED,-3.0084
2023-05-17,NVDL,NVDL,0.0,52.47,0.0494,18407000.0,0.0,0.0,-0.1203,0.0,6281000.0,BALANCED,-3.0084
2023-05-18,NVDL,NVDL,4509000.0,56.36,0.0742,22916000.0,4509000.0,0.0,2.0414,4509000.0,9888000.0,ACCUMULATION,63.0342
2023-05-19,NVDL,NVDL,0.0,55.22,-0.0203,22916000.0,0.0,0.0,-0.1706,4509000.0,9888000.0,BALANCED,5.7362
2023-05-22,NVDL,NVDL,2199000.0,54.97,-0.0045,25115000.0,2199000.0,0.0,0.8684,6708000.0,12087000.0,BALANCED,33.7107
2023-05-23,NVDL,NVDL,0.0,53.66,-0.0237,25115000.0,0.0,0.0,-0.2041,6708000.0,9943000.0,BALANCED,4.898
2023-05-24,NVDL,NVDL,0.0,53.25,-0.0076,25115000.0,0.0,0.0,-0.2041,6708000.0,9943000.0,BALANCED,4.898
2023-05-25,NVDL,NVDL,3635000.0,72.71,0.3653,28750000.0,3635000.0,0.0,1.4497,5834000.0,13578000.0,BALANCED,48.2423
2023-05-26,NVDL,NVDL,5281000.0,75.44,0.0375,34031000.0,5281000.0,0.0,1.9872,11115000.0,11411000.0,ACCUMULATION,63.681
2023-05-30,NVDL,NVDL,0.0,78.81,0.0447,34031000.0,0.0,0.0,-0.3188,8916000.0,11411000.0,BALANCED,2.0288
2023-05-31,NVDL,NVDL,5045000.0,72.08,-0.0854,39076000.0,5045000.0,0.0,1.7161,13961000.0,22656000.0,ACCUMULATION,54.9028
2023-06-01,NVDL,NVDL,-777000.0,77.71,0.0781,38299000.0,0.0,-777000.0,-0.6787,13184000.0,21879000.0,BALANCED,-8.9667
2023-06-02,NVDL,NVDL,0.0,76.35,-0.0175,38299000.0,0.0,0.0,-0.3459,9549000.0,21879000.0,BALANCED,1.3536
2023-06-05,NVDL,NVDL,759000.0,75.87,-0.0062,39058000.0,759000.0,0.0,-0.0447,5027000.0,22150000.0,BALANCED,10.8823
2023-06-06,NVDL,NVDL,3717000.0,74.35,-0.0201,42775000.0,3717000.0,0.0,1.0994,8744000.0,24368000.0,BALANCED,41.4854
2023-06-07,NVDL,NVDL,0.0,70.93,-0.0459,42775000.0,0.0,0.0,-0.3717,3699000.0,24368000.0,BALANCED,0.708
2023-06-08,NVDL,NVDL,-739000.0,73.86,0.0413,42036000.0,0.0,-739000.0,-0.6568,3737000.0,23629000.0,BALANCED,-8.4193
2023-06-09,NVDL,NVDL,2982000.0,74.55,0.0093,45018000.0,2982000.0,0.0,0.7913,6719000.0,26611000.0,BALANCED,31.7836
2023-06-12,NVDL,NVDL,766000.0,76.58,0.0273,45784000.0,766000.0,0.0,-0.0028,6726000.0,27377000.0,BALANCED,13.9302
2023-06-13,NVDL,NVDL,0.0,81.03,0.0581,45784000.0,0.0,0.0,-0.3517,3009000.0,27377000.0,BALANCED,1.2076
2023-06-14,NVDL,NVDL,6948000.0,86.85,0.0719,52732000.0,6948000.0,0.0,2.7798,9957000.0,34325000.0,ACCUMULATION,81.4942
2023-06-15,NVDL,NVDL,6863000.0,85.79,-0.0122,59595000.0,6863000.0,0.0,2.3655,17559000.0,41188000.0,ACCUMULATION,73.1368
2023-06-16,NVDL,NVDL,0.0,85.83,0.0004,59595000.0,0.0,0.0,-0.6277,14577000.0,36679000.0,BALANCED,-5.6914
2023-06-20,NVDL,NVDL,0.0,89.18,0.0391,59595000.0,0.0,0.0,-0.6182,13811000.0,36679000.0,BALANCED,-5.4555
2023-06-21,NVDL,NVDL,3473000.0,86.83,-0.0264,63068000.0,3473000.0,0.0,0.8509,17284000.0,37953000.0,BALANCED,33.2736
2023-06-22,NVDL,NVDL,0.0,86.75,-0.001,63068000.0,0.0,0.0,-0.6384,10336000.0,37953000.0,BALANCED,-5.9603
2023-06-23,NVDL,NVDL,842000.0,84.22,-0.0291,63910000.0,842000.0,0.0,-0.2911,4315000.0,38795000.0,BALANCED,4.7237
2023-06-26,NVDL,NVDL,-1589000.0,79.47,-0.0564,62321000.0,0.0,-1589000.0,-1.2871,2726000.0,33571000.0,BALANCED,-24.1787
2023-06-27,NVDL,NVDL,0.0,83.11,0.0458,62321000.0,0.0,0.0,-0.6172,2726000.0,28290000.0,BALANCED,-5.4295
2023-06-28,NVDL,NVDL,0.0,80.83,-0.0274,62321000.0,0.0,0.0,-0.6172,-747000.0,28290000.0,BALANCED,-25.4295
2023-06-29,NVDL,NVDL,7994000.0,79.94,-0.011,70315000.0,7994000.0,0.0,2.3762,7247000.0,31239000.0,ACCUMULATION,71.4062
2023-06-30,NVDL,NVDL,22750000.0,84.26,0.0541,93065000.0,22750000.0,0.0,4.3711,29155000.0,54766000.0,ACCUMULATION,100.0
2023-07-03,NVDL,NVDL,0.0,84.63,0.0044,93065000.0,0.0,0.0,-0.5039,30744000.0,54766000.0,BALANCED,-2.597
2023-07-05,NVDL,NVDL,2530000.0,84.32,-0.0037,95595000.0,2530000.0,0.0,0.0232,33274000.0,56537000.0,BALANCED,12.581
2023-07-06,NVDL,NVDL,-5019000.0,83.65,-0.0079,90576000.0,0.0,-5019000.0,-1.4954,28255000.0,47801000.0,BALANCED,-29.3851
2023-07-07,NVDL,NVDL,0.0,84.77,0.0133,90576000.0,0.0,0.0,-0.4531,20261000.0,47801000.0,BALANCED,-1.3283
2023-07-10,NVDL,NVDL,-1675000.0,83.77,-0.0117,88901000.0,0.0,-1675000.0,-0.7836,-4164000.0,46865000.0,BALANCED,-31.589
2023-07-11,NVDL,NVDL,0.0,84.42,0.0077,88901000.0,0.0,0.0,-0.4128,-4164000.0,43883000.0,BALANCED,-20.3191
2023-07-12,NVDL,NVDL,4443000.0,88.86,0.0526,93344000.0,4443000.0,0.0,0.5094,-2251000.0,47560000.0,BALANCED,4.7358
2023-07-13,NVDL,NVDL,11414000.0,95.12,0.0705,104758000.0,11414000.0,0.0,1.7688,14182000.0,58974000.0,ACCUMULATION,58.2189
2023-07-14,NVDL,NVDL,5609000.0,93.48,-0.0173,110367000.0,5609000.0,0.0,0.63,19791000.0,57635000.0,BALANCED,31.7491
2023-07-17,NVDL,NVDL,5790000.0,96.5,0.0324,116157000.0,5790000.0,0.0,0.6225,27256000.0,56562000.0,BALANCED,33.5617
2023-07-18,NVDL,NVDL,6979000.0,99.69,0.0331,123136000.0,6979000.0,0.0,0.8031,34235000.0,63541000.0,BALANCED,40.078
2023-07-19,NVDL,NVDL,984000.0,98.35,-0.0135,124120000.0,984000.0,0.0,-0.3584,30776000.0,64525000.0,BALANCED,13.0401
2023-07-20,NVDL,NVDL,-3738000.0,93.45,-0.0498,120382000.0,0.0,-3738000.0,-1.1935,15624000.0,57314000.0,BALANCED,-21.8374
2023-07-21,NVDL,NVDL,-1793000.0,89.65,-0.0407,118589000.0,0.0,-1793000.0,-0.8091,8222000.0,55521000.0,BALANCED,-14.2268
2023-07-24,NVDL,NVDL,1811000.0,90.55,0.01,120400000.0,1811000.0,0.0,-0.151,4243000.0,56490000.0,BALANCED,8.2254
2023-07-25,NVDL,NVDL,8439000.0,93.77,0.0355,128839000.0,8439000.0,0.0,1.0431,5703000.0,66518000.0,BALANCED,40.0779
2023-07-26,NVDL,NVDL,2791000.0,93.04,-0.0077,131630000.0,2791000.0,0.0,-0.0131,7510000.0,69309000.0,BALANCED,15.6733
2023-07-27,NVDL,NVDL,3776000.0,94.39,0.0145,135406000.0,3776000.0,0.0,0.1468,15024000.0,73085000.0,BALANCED,21.6693
2023-07-28,NVDL,NVDL,11633000.0,96.94,0.027,147039000.0,11633000.0,0.0,1.5277,28450000.0,76724000.0,ACCUMULATION,58.1923
2023-07-31,NVDL,NVDL,12590000.0,96.85,-0.0009,159629000.0,12590000.0,0.0,1.6005,39229000.0,66564000.0,ACCUMULATION,62.0119
2023-08-01,NVDL,NVDL,-10591000.0,96.28,-0.0059,149038000.0,0.0,-10591000.0,-2.1563,20199000.0,55973000.0,DISTRIBUTION,-45.9082
2023-08-02,NVDL,NVDL,-25002000.0,89.29,-0.0726,124036000.0,0.0,-25002000.0,-3.3522,-7594000.0,28441000.0,DISTRIBUTION,-97.806
2023-08-03,NVDL,NVDL,-21600000.0,90.0,0.0079,102436000.0,0.0,-21600000.0,-2.4961,-32970000.0,11860000.0,DISTRIBUTION,-78.4022
2023-08-04,NVDL,NVDL,18985000.0,90.4,0.0045,121421000.0,18985000.0,0.0,1.7524,-25618000.0,30845000.0,ACCUMULATION,35.8091
2023-08-07,NVDL,NVDL,-3705000.0,92.61,0.0244,117716000.0,0.0,-3705000.0,-0.5624,-41913000.0,28815000.0,BALANCED,-26.0598
2023-08-08,NVDL,NVDL,-3612000.0,90.29,-0.0251,114104000.0,0.0,-3612000.0,-0.5443,-34934000.0,25203000.0,BALANCED,-27.6064
2023-08-09,NVDL,NVDL,3355000.0,83.87,-0.0712,117459000.0,3355000.0,0.0,0.1547,-6577000.0,24115000.0,BALANCED,-4.1326
2023-08-10,NVDL,NVDL,-19170000.0,83.35,-0.0062,98289000.0,0.0,-19170000.0,-1.9346,-4147000.0,-6469000.0,DISTRIBUTION,-60.3652
2023-08-11,NVDL,NVDL,11810000.0,78.73,-0.0554,110099000.0,11810000.0,0.0,0.9857,-11322000.0,-268000.0,BALANCED,16.6421
2023-08-14,NVDL,NVDL,37489000.0,87.18,0.1073,147588000.0,37489000.0,0.0,2.992,29872000.0,31431000.0,ACCUMULATION,88.7989
2023-08-15,NVDL,NVDL,21054000.0,87.72,0.0062,168642000.0,21054000.0,0.0,1.4922,54538000.0,45506000.0,BALANCED,53.3051
2023-08-16,NVDL,NVDL,27628000.0,86.34,-0.0158,196270000.0,27628000.0,0.0,1.8332,78811000.0,72150000.0,ACCUMULATION,63.831
2023-08-17,NVDL,NVDL,-13743000.0,85.9,-0.0051,182527000.0,0.0,-13743000.0,-1.2429,84238000.0,62145000.0,BALANCED,-23.0728
2023-08-18,NVDL,NVDL,-5141000.0,85.69,-0.0024,177386000.0,0.0,-5141000.0,-0.591,67287000.0,58797000.0,BALANCED,-8.7743
2023-08-21,NVDL,NVDL,19312000.0,96.56,0.1269,196698000.0,19312000.0,0.0,1.1317,49110000.0,76298000.0,BALANCED,40.2931
2023-08-22,NVDL,NVDL,7403000.0,92.54,-0.0416,204101000.0,7403000.0,0.0,0.2565,35459000.0,75262000.0,BALANCED,20.4134
2023-08-23,NVDL,NVDL,19384000.0,96.92,0.0474,223485000.0,19384000.0,0.0,1.0614,27215000.0,91855000.0,BALANCED,42.5338
2023-08-24,NVDL,NVDL,-1941000.0,97.05,0.0013,221544000.0,0.0,-1941000.0,-0.4121,39017000.0,86138000.0,BALANCED,-2.3028
2023-08-25,NVDL,NVDL,-12145000.0,93.42,-0.0373,209399000.0,0.0,-12145000.0,-1.0689,32013000.0,62360000.0,BALANCED,-20.7235
2023-08-28,NVDL,NVDL,-14386000.0,95.91,0.0266,195013000.0,0.0,-14386000.0,-1.15,-1685000.0,35384000.0,BALANCED,-44.7496
2023-08-29,NVDL,NVDL,-7130000.0,101.85,0.062,187883000.0,0.0,-7130000.0,-0.6244,-16218000.0,38845000.0,BALANCED,-33.609
2023-08-30,NVDL,NVDL,11367000.0,103.34,0.0145,199250000.0,11367000.0,0.0,0.5921,-24235000.0,75214000.0,BALANCED,6.8021
2023-08-31,NVDL,NVDL,-27972000.0,103.6,0.0025,171278000.0,0.0,-27972000.0,-1.8613,-50266000.0,68842000.0,DISTRIBUTION,-58.5329
2023-09-01,NVDL,NVDL,26213000.0,100.82,-0.0268,197491000.0,26213000.0,0.0,1.4261,-11908000.0,76070000.0,BALANCED,27.6517
2023-09-05,NVDL,NVDL,-7064000.0,100.92,0.001,190427000.0,0.0,-7064000.0,-0.5651,-4586000.0,72711000.0,BALANCED,-26.1273
2023-09-06,NVDL,NVDL,5776000.0,96.26,-0.0462,196203000.0,5776000.0,0.0,0.2126,8320000.0,82099000.0,BALANCED,17.3156
2023-09-07,NVDL,NVDL,-10310000.0,93.73,-0.0263,185893000.0,0.0,-10310000.0,-0.723,-13357000.0,68434000.0,BALANCED,-30.0754
2023-09-08,NVDL,NVDL,3664000.0,91.61,-0.0226,189557000.0,3664000.0,0.0,0.1109,18279000.0,91268000.0,BALANCED,14.7728
2023-09-11,NVDL,NVDL,2712000.0,90.41,-0.0131,192269000.0,2712000.0,0.0,0.0723,-5222000.0,82170000.0,BALANCED,-4.1927
2023-09-12,NVDL,NVDL,-895000.0,89.46,-0.0105,191374000.0,0.0,-895000.0,-0.1181,947000.0,43786000.0,BALANCED,5.0463
2023-09-13,NVDL,NVDL,3651000.0,91.27,0.0203,195025000.0,3651000.0,0.0,0.1292,-1178000.0,26383000.0,BALANCED,-4.7691
2023-09-14,NVDL,NVDL,-6408000.0,91.54,0.0029,188617000.0,0.0,-6408000.0,-0.5457,2724000.0,-7653000.0,BALANCED,-5.6423
2023-09-15,NVDL,NVDL,12960000.0,86.4,-0.0561,201577000.0,12960000.0,0.0,0.6376,12020000.0,19050000.0,BALANCED,27.9403
2023-09-18,NVDL,NVDL,4329000.0,86.58,0.0021,205906000.0,4329000.0,0.0,0.1019,13637000.0,28520000.0,BALANCED,16.5463
2023-09-19,NVDL,NVDL,-852000.0,85.25,-0.0155,205054000.0,0.0,-852000.0,-0.2539,13680000.0,8356000.0,BALANCED,1.6513
2023-09-20,NVDL,NVDL,2444000.0,81.46,-0.0444,207498000.0,2444000.0,0.0,-0.0453,12473000.0,3397000.0,BALANCED,10.8673
2023-09-21,NVDL,NVDL,-3894000.0,77.88,-0.044,203604000.0,0.0,-3894000.0,-0.4564,14987000.0,-19881000.0,BALANCED,-3.4101
2023-09-22,NVDL,NVDL,-2385000.0,79.49,0.0207,201219000.0,0.0,-2385000.0,-0.4076,-358000.0,-20325000.0,BALANCED,-24.1897
2023-09-25,NVDL,NVDL,4874000.0,81.23,0.0219,206093000.0,4874000.0,0.0,0.118,187000.0,-3306000.0,BALANCED,14.9507
2023-09-26,NVDL,NVDL,-2409000.0,80.31,-0.0113,203684000.0,0.0,-2409000.0,-0.3384,-1370000.0,8671000.0,BALANCED,-20.459
2023-09-27,NVDL,NVDL,8189000.0,81.89,0.0196,211873000.0,8189000.0,0.0,0.5539,4375000.0,23990000.0,BALANCED,25.8476
2023-09-28,NVDL,NVDL,-15896000.0,83.67,0.0217,195977000.0,0.0,-15896000.0,-1.3777,-7627000.0,-3273000.0,BALANCED,-46.4436
2023-09-29,NVDL,NVDL,5937000.0,84.81,0.0137,201914000.0,5937000.0,0.0,0.4691,695000.0,30636000.0,BALANCED,23.7266
2023-10-02,NVDL,NVDL,0.0,88.52,0.0437,201914000.0,0.0,0.0,-0.0728,-4179000.0,4423000.0,BALANCED,-11.8205
2023-10-03,NVDL,NVDL,5085000.0,84.76,-0.0425,206999000.0,5085000.0,0.0,0.4428,3315000.0,16572000.0,BALANCED,23.0706
2023-10-04,NVDL,NVDL,3450000.0,86.26,0.0178,210449000.0,3450000.0,0.0,0.3043,-1424000.0,14246000.0,BALANCED,1.6076
2023-10-05,NVDL,NVDL,-9695000.0,88.14,0.0218,200754000.0,0.0,-9695000.0,-0.8807,4777000.0,14861000.0,BALANCED,-14.0166
2023-10-06,NVDL,NVDL,-2737000.0,91.25,0.0353,198017000.0,0.0,-2737000.0,-0.1923,-3897000.0,8460000.0,BALANCED,-18.8085
2023-10-09,NVDL,NVDL,4489000.0,89.77,-0.0162,202506000.0,4489000.0,0.0,0.4736,592000.0,10237000.0,BALANCED,23.8405
2023-10-10,NVDL,NVDL,913000.0,91.32,0.0172,203419000.0,913000.0,0.0,0.0659,-3580000.0,12045000.0,BALANCED,-4.3518
2023-10-11,NVDL,NVDL,1886000.0,94.31,0.0328,205305000.0,1886000.0,0.0,0.1374,-5144000.0,10280000.0,BALANCED,-0.5648
2023-10-12,NVDL,NVDL,-7577000.0,94.71,0.0042,197728000.0,0.0,-7577000.0,-0.8018,-3026000.0,9111000.0,BALANCED,-32.0458
2023-10-13,NVDL,NVDL,6310000.0,90.15,-0.0482,204038000.0,6310000.0,0.0,0.6666,6021000.0,2461000.0,BALANCED,28.6662
2023-10-16,NVDL,NVDL,-5521000.0,92.02,0.0208,198517000.0,0.0,-5521000.0,-0.88,-3989000.0,-7389000.0,BALANCED,-33.9988
2023-10-17,NVDL,NVDL,5988000.0,85.54,-0.0705,204505000.0,5988000.0,0.0,0.8821,1086000.0,-549000.0,BALANCED,34.0519
2023-10-18,NVDL,NVDL,9651000.0,80.43,-0.0597,214156000.0,9651000.0,0.0,1.4127,8851000.0,6658000.0,BALANCED,49.3173
2023-10-19,NVDL,NVDL,-12822000.0,80.14,-0.0036,201334000.0,0.0,-12822000.0,-2.03,3606000.0,-2270000.0,DISTRIBUTION,-42.7497
2023-10-20,NVDL,NVDL,10143000.0,78.03,-0.0263,211477000.0,10143000.0,0.0,1.3882,7439000.0,10258000.0,BALANCED,46.7059
2023-10-23,NVDL,NVDL,-5776000.0,82.51,0.0575,205701000.0,0.0,-5776000.0,-0.9058,7184000.0,-392000.0,BALANCED,-14.6448
2023-10-24,NVDL,NVDL,0.0,84.47,0.0237,205701000.0,0.0,0.0,-0.0695,1196000.0,2017000.0,BALANCED,8.2614
2023-10-25,NVDL,NVDL,0.0,78.99,-0.0649,205701000.0,0.0,0.0,-0.052,-8455000.0,-6172000.0,BALANCED,-11.3005
2023-10-26,NVDL,NVDL,-17214000.0,74.84,-0.0525,188487000.0,0.0,-17214000.0,-2.3052,-12847000.0,-7490000.0,DISTRIBUTION,-69.6309
2023-10-27,NVDL,NVDL,9031000.0,75.26,0.0055,197518000.0,9031000.0,0.0,1.2622,-13959000.0,-4396000.0,BALANCED,23.5562
2023-10-30,NVDL,NVDL,0.0,77.09,0.0243,197518000.0,0.0,0.0,0.0388,-8183000.0,-4396000.0,BALANCED,-9.0309
2023-10-31,NVDL,NVDL,0.0,75.99,-0.0142,197518000.0,0.0,0.0,0.0348,-8183000.0,-9481000.0,BALANCED,-9.1293
2023-11-01,NVDL,NVDL,803000.0,80.29,0.0566,198321000.0,803000.0,0.0,0.1541,-7380000.0,-12128000.0,BALANCED,-4.1482
2023-11-02,NVDL,NVDL,-3345000.0,83.63,0.0415,194976000.0,0.0,-3345000.0,-0.4253,6489000.0,-5778000.0,BALANCED,-2.6328
2023-11-03,NVDL,NVDL,1758000.0,87.89,0.0509,196734000.0,1758000.0,0.0,0.2654,-784000.0,-1283000.0,BALANCED,-1.3645
2023-11-06,NVDL,NVDL,901000.0,90.06,0.0247,197635000.0,901000.0,0.0,0.166,117000.0,-4871000.0,BALANCED,18.1493
2023-11-07,NVDL,NVDL,7251000.0,90.64,0.0064,204886000.0,7251000.0,0.0,0.9953,7368000.0,1467000.0,BALANCED,40.8819
2023-11-08,NVDL,NVDL,2774000.0,92.45,0.02,207660000.0,2774000.0,0.0,0.4104,9339000.0,2355000.0,BALANCED,28.2604
2023-11-09,NVDL,NVDL,1051000.0,93.55,0.0119,208711000.0,1051000.0,0.0,0.0972,13735000.0,10983000.0,BALANCED,22.4289
2023-11-10,NVDL,NVDL,-10858000.0,97.61,0.0435,197853000.0,0.0,-10858000.0,-1.6055,1119000.0,-6185000.0,DISTRIBUTION,-32.1385
2023-11-13,NVDL,NVDL,2954000.0,98.46,0.0087,200807000.0,2954000.0,0.0,0.4462,3172000.0,2290000.0,BALANCED,23.1562
2023-11-14,NVDL,NVDL,-2032000.0,101.6,0.0319,198775000.0,0.0,-2032000.0,-0.2647,-6111000.0,-5730000.0,BALANCED,-18.618
2023-11-15,NVDL,NVDL,13890000.0,99.22,-0.0234,212665000.0,13890000.0,0.0,1.9459,5005000.0,-1491000.0,ACCUMULATION,60.6483
2023-11-16,NVDL,NVDL,-19781000.0,100.99,0.0179,192884000.0,0.0,-19781000.0,-2.5074,-15827000.0,-8450000.0,DISTRIBUTION,-74.6856
2023-11-17,NVDL,NVDL,1593000.0,100.36,-0.0063,194477000.0,1593000.0,0.0,0.22,-3376000.0,-17000000.0,BALANCED,-2.4998
2023-11-20,NVDL,NVDL,0.0,103.74,0.0337,194477000.0,0.0,0.0,0.0346,-6330000.0,-11224000.0,BALANCED,-9.1342
2023-11-21,NVDL,NVDL,-1023000.0,102.28,-0.014,193454000.0,0.0,-1023000.0,-0.0894,-5321000.0,-12247000.0,BALANCED,-14.2353
2023-11-22,NVDL,NVDL,1239000.0,98.46,-0.0374,194693000.0,1239000.0,0.0,0.2063,-17972000.0,-11008000.0,BALANCED,-2.8427
2023-11-24,NVDL,NVDL,7397000.0,95.54,-0.0297,202090000.0,7397000.0,0.0,0.9391,9206000.0,13603000.0,BALANCED,37.478
2023-11-27,NVDL,NVDL,0.0,96.93,0.0145,202090000.0,0.0,0.0,0.0085,7613000.0,4572000.0,BALANCED,10.2127
2023-11-28,NVDL,NVDL,956000.0,95.63,-0.0133,203046000.0,956000.0,0.0,0.1064,8569000.0,5528000.0,BALANCED,14.6604
2023-11-29,NVDL,NVDL,2897000.0,96.57,0.0098,205943000.0,2897000.0,0.0,0.3797,12489000.0,8425000.0,BALANCED,23.4923
2023-11-30,NVDL,NVDL,-4621000.0,92.43,-0.0429,201322000.0,0.0,-4621000.0,-0.5725,6629000.0,3001000.0,BALANCED,-6.3131
2023-12-01,NVDL,NVDL,39000.0,92.34,-0.001,201361000.0,39000.0,0.0,0.0055,-729000.0,6385000.0,BALANCED,-7.8628
2023-12-04,NVDL,NVDL,0.0,88.6,-0.0405,201361000.0,0.0,0.0,0.0506,-729000.0,4627000.0,BALANCED,-8.7362
2023-12-05,NVDL,NVDL,5461000.0,91.67,0.0346,206822000.0,5461000.0,0.0,0.8131,3776000.0,9187000.0,BALANCED,32.328
2023-12-06,NVDL,NVDL,10622000.0,88.51,-0.0344,217444000.0,10622000.0,0.0,1.4732,11501000.0,12558000.0,BALANCED,50.8303
2023-12-07,NVDL,NVDL,-10690000.0,91.69,0.0358,206754000.0,0.0,-10690000.0,-1.4827,5432000.0,-906000.0,BALANCED,-29.0679
2023-12-08,NVDL,NVDL,-6921000.0,94.28,0.0283,199833000.0,0.0,-6921000.0,-1.1053,-1528000.0,-8878000.0,BALANCED,-41.6328
2023-12-11,NVDL,NVDL,4583000.0,91.66,-0.0279,204416000.0,4583000.0,0.0,0.6748,3055000.0,6563000.0,BALANCED,28.8699
2023-12-12,NVDL,NVDL,1893000.0,94.66,0.0328,206309000.0,1893000.0,0.0,0.2478,-513000.0,5502000.0,BALANCED,0.1939
2023-12-13,NVDL,NVDL,0.0,95.92,0.0133,206309000.0,0.0,0.0,-0.0454,-11135000.0,7534000.0,BALANCED,-11.1344
2023-12-14,NVDL,NVDL,-12616000.0,96.68,0.0079,193693000.0,0.0,-12616000.0,-1.8132,-13061000.0,-18972000.0,DISTRIBUTION,-57.3304
2023-12-15,NVDL,NVDL,-3881000.0,98.22,0.0159,189812000.0,0.0,-3881000.0,-0.5389,-10021000.0,-3072000.0,BALANCED,-27.4731
2023-12-18,NVDL,NVDL,0.0,101.78,0.0363,189812000.0,0.0,0.0,0.0336,-14604000.0,-4665000.0,BALANCED,-9.1607
2023-12-19,NVDL,NVDL,0.0,100.31,-0.0144,189812000.0,0.0,0.0,0.038,-16497000.0,-4665000.0,BALANCED,-9.051
2023-12-20,NVDL,NVDL,6704000.0,95.77,-0.0453,196516000.0,6704000.0,0.0,1.0195,-9793000.0,3062000.0,BALANCED,17.4876
2023-12-21,NVDL,NVDL,-9331000.0,98.38,0.0273,187185000.0,0.0,-9331000.0,-1.2324,-6508000.0,-7508000.0,BALANCED,-42.809
2023-12-22,NVDL,NVDL,1452000.0,97.79,-0.006,188637000.0,1452000.0,0.0,0.3021,-1175000.0,-13453000.0,BALANCED,-0.4479
2023-12-26,NVDL,NVDL,0.0,99.13,0.0137,188637000.0,0.0,0.0,0.0455,-1175000.0,-13453000.0,BALANCED,-8.8627
2023-12-27,NVDL,NVDL,9830000.0,89.37,0.0036,198467000.0,9830000.0,0.0,1.4194,8655000.0,-4579000.0,BALANCED,47.4851
2023-12-28,NVDL,NVDL,-9145000.0,89.63,0.0029,189322000.0,0.0,-9145000.0,-1.232,-7194000.0,-16621000.0,BALANCED,-42.799
2023-12-29,NVDL,NVDL,182000.0,89.56,-0.0008,189504000.0,182000.0,0.0,0.1435,2319000.0,-11818000.0,BALANCED,15.5873
2024-01-02,NVDL,NVDL,0.0,85.84,-0.0415,189504000.0,0.0,0.0,0.0201,867000.0,-11857000.0,BALANCED,10.5033
2024-01-03,NVDL,NVDL,8420000.0,84.22,-0.0189,197924000.0,8420000.0,0.0,1.4312,9287000.0,-3437000.0,BALANCED,47.7804
2024-01-04,NVDL,NVDL,9180000.0,85.34,0.0133,207104000.0,9180000.0,0.0,1.4516,8637000.0,282000.0,BALANCED,50.2906
2024-01-05,NVDL,NVDL,-7721000.0,88.21,0.0335,199383000.0,0.0,-7721000.0,-1.275,10061000.0,-18061000.0,BALANCED,-23.8755
2024-01-08,NVDL,NVDL,2900000.0,96.68,0.096,202283000.0,2900000.0,0.0,0.425,12779000.0,-4471000.0,BALANCED,22.6261
2024-01-09,NVDL,NVDL,0.0,99.11,0.0251,202283000.0,0.0,0.0,-0.0011,12779000.0,2450000.0,BALANCED,9.9735
2024-01-10,NVDL,NVDL,19471000.0,102.48,0.034,221754000.0,19471000.0,0.0,2.6719,23830000.0,17338000.0,ACCUMULATION,78.7968
2024-01-11,NVDL,NVDL,-24998000.0,103.79,0.0128,196756000.0,0.0,-24998000.0,-2.9314,-10348000.0,-9553000.0,DISTRIBUTION,-85.2848
2024-01-12,NVDL,NVDL,1121000.0,103.36,-0.0042,197877000.0,1121000.0,0.0,0.1647,-1506000.0,-8432000.0,BALANCED,-3.883
2024-01-16,NVDL,NVDL,0.0,108.08,0.0457,197877000.0,0.0,0.0,0.0137,-4406000.0,4184000.0,BALANCED,-9.6582
2024-01-17,NVDL,NVDL,7498000.0,107.11,-0.0089,205375000.0,7498000.0,0.0,0.8649,3092000.0,15563000.0,BALANCED,33.6236
2024-01-18,NVDL,NVDL,32166000.0,110.1,0.0279,237541000.0,32166000.0,0.0,2.9975,15787000.0,47729000.0,ACCUMULATION,88.9371
2024-01-19,NVDL,NVDL,-20123000.0,116.9,0.0617,217418000.0,0.0,-20123000.0,-1.8615,20662000.0,27606000.0,DISTRIBUTION,-38.5384
2024-01-22,NVDL,NVDL,3526000.0,117.52,0.0053,220944000.0,3526000.0,0.0,0.3143,23067000.0,24428000.0,BALANCED,19.8582
2024-01-23,NVDL,NVDL,0.0,118.35,0.0071,220944000.0,0.0,0.0,-0.0444,23067000.0,33759000.0,BALANCED,8.89
2024-01-24,NVDL,NVDL,2483000.0,124.18,0.0493,223427000.0,2483000.0,0.0,0.1606,18052000.0,34790000.0,BALANCED,16.0142
2024-01-25,NVDL,NVDL,-12000000.0,125.17,0.008,211427000.0,0.0,-12000000.0,-1.1336,-26114000.0,22790000.0,BALANCED,-40.3401
2024-01-26,NVDL,NVDL,6853000.0,122.67,-0.02,218280000.0,6853000.0,0.0,0.5945,862000.0,19813000.0,BALANCED,26.8627
2024-01-29,NVDL,NVDL,0.0,128.41,0.0467,218280000.0,0.0,0.0,-0.0368,-2664000.0,28958000.0,BALANCED,-10.9189
2024-01-30,NVDL,NVDL,0.0,129.64,0.0096,218280000.0,0.0,0.0,-0.0775,-2664000.0,28776000.0,BALANCED,-11.9375
2024-01-31,NVDL,NVDL,28621000.0,124.44,-0.0401,246901000.0,28621000.0,0.0,2.2868,23474000.0,57397000.0,ACCUMULATION,69.1693
2024-02-01,NVDL,NVDL,50391000.0,130.48,0.0486,297292000.0,50391000.0,0.0,3.1957,85865000.0,99368000.0,ACCUMULATION,93.8934
2024-02-02,NVDL,NVDL,-43885000.0,143.33,0.0985,253407000.0,0.0,-43885000.0,-2.7035,35127000.0,46303000.0,DISTRIBUTION,-59.5867
2024-02-05,NVDL,NVDL,25124000.0,157.02,0.0955,278531000.0,25124000.0,0.0,1.2785,60251000.0,79148000.0,BALANCED,43.9619
2024-02-06,NVDL,NVDL,18239000.0,151.99,-0.032,296770000.0,18239000.0,0.0,0.8296,78490000.0,94487000.0,BALANCED,34.7408
2024-02-07,NVDL,NVDL,38472000.0,160.3,0.0547,335242000.0,38472000.0,0.0,1.7973,88341000.0,132959000.0,ACCUMULATION,60.9333
2024-02-08,NVDL,NVDL,-31632000.0,158.16,-0.0133,303610000.0,0.0,-31632000.0,-1.7885,6318000.0,81856000.0,DISTRIBUTION,-36.7131
2024-02-09,NVDL,NVDL,38952000.0,169.36,0.0708,342562000.0,38952000.0,0.0,1.6401,89155000.0,145806000.0,ACCUMULATION,53.0035
2024-02-12,NVDL,NVDL,-10192000.0,169.86,0.003,332370000.0,0.0,-10192000.0,-0.7177,53839000.0,134493000.0,BALANCED,-9.9417
2024-02-13,NVDL,NVDL,-6770000.0,169.24,-0.0036,325600000.0,0.0,-6770000.0,-0.54,28830000.0,127723000.0,BALANCED,-7.5007
2024-02-14,NVDL,NVDL,94048000.0,177.45,0.0485,419648000.0,94048000.0,0.0,3.256,84406000.0,214273000.0,ACCUMULATION,93.3996
2024-02-15,NVDL,NVDL,-30935000.0,171.48,-0.0336,388713000.0,0.0,-30935000.0,-1.3588,85103000.0,151172000.0,BALANCED,-25.9692
2024-02-16,NVDL,NVDL,1779000.0,171.03,-0.0027,390492000.0,1779000.0,0.0,-0.1579,47930000.0,173074000.0,BALANCED,8.0535
2024-02-20,NVDL,NVDL,57703000.0,155.95,-0.0881,448195000.0,57703000.0,0.0,1.7109,115825000.0,227251000.0,ACCUMULATION,56.7725
2024-02-21,NVDL,NVDL,29409000.0,147.04,-0.0571,477604000.0,29409000.0,0.0,0.6949,152004000.0,256660000.0,BALANCED,33.3734
2024-02-22,NVDL,NVDL,83901000.0,194.72,0.3242,561505000.0,83901000.0,0.0,2.2421,141857000.0,338078000.0,ACCUMULATION,74.0532
2024-02-23,NVDL,NVDL,-6050000.0,195.95,0.0063,555455000.0,0.0,-6050000.0,-0.5331,166742000.0,344028000.0,BALANCED,-5.3283
2024-02-26,NVDL,NVDL,-29591000.0,197.28,0.0068,525864000.0,0.0,-29591000.0,-1.2519,135372000.0,307584000.0,BALANCED,-25.2971
2024-02-27,NVDL,NVDL,0.0,195.27,-0.0102,525864000.0,0.0,0.0,-0.3373,77669000.0,307584000.0,BALANCED,1.5674
2024-02-28,NVDL,NVDL,60811000.0,190.03,-0.0268,586675000.0,60811000.0,0.0,1.4248,109071000.0,368395000.0,BALANCED,47.6188
2024-02-29,NVDL,NVDL,23683000.0,197.12,0.0373,610358000.0,23683000.0,0.0,0.3029,48853000.0,363457000.0,BALANCED,21.5715
2024-03-01,NVDL,NVDL,-80868000.0,212.73,0.0792,529490000.0,0.0,-80868000.0,-2.4119,-25965000.0,232198000.0,DISTRIBUTION,-72.298
2024-03-04,NVDL,NVDL,-15955000.0,227.92,0.0714,513535000.0,0.0,-15955000.0,-0.6895,-12329000.0,260128000.0,BALANCED,-31.237
2024-03-05,NVDL,NVDL,48684000.0,231.83,0.0171,562219000.0,48684000.0,0.0,0.9794,36355000.0,283688000.0,BALANCED,36.4838
2024-03-06,NVDL,NVDL,197039000.0,246.3,0.0624,759258000.0,197039000.0,0.0,3.5186,172583000.0,462488000.0,ACCUMULATION,100.0
2024-03-07,NVDL,NVDL,-140460000.0,268.18,0.0889,618798000.0,0.0,-140460000.0,-2.6255,8440000.0,283556000.0,DISTRIBUTION,-57.6383
2024-03-08,NVDL,NVDL,155798000.0,238.32,-0.1114,774596000.0,155798000.0,0.0,2.1475,245106000.0,470986000.0,ACCUMULATION,65.6869
2024-03-11,NVDL,NVDL,523491000.0,228.6,-0.0408,1298087000.0,523491000.0,0.0,4.3527,784552000.0,955525000.0,ACCUMULATION,100.0
2024-03-12,NVDL,NVDL,-154091000.0,261.17,0.1425,1143996000.0,0.0,-154091000.0,-1.5791,581777000.0,811626000.0,DISTRIBUTION,-31.4772
2024-03-13,NVDL,NVDL,161282000.0,42.55,-0.0224,1305278000.0,161282000.0,0.0,1.0478,546020000.0,979678000.0,BALANCED,38.1962
2024-03-14,NVDL,NVDL,61013000.0,39.8,-0.0648,1366291000.0,61013000.0,0.0,0.1985,747493000.0,946643000.0,BALANCED,18.9617
2024-03-15,NVDL,NVDL,7409000.0,39.65,-0.0037,1373700000.0,7409000.0,0.0,-0.2382,599104000.0,984987000.0,BALANCED,10.0441
2024-03-18,NVDL,NVDL,0.0,40.2,0.0138,1373700000.0,0.0,0.0,-0.3144,75613000.0,983208000.0,BALANCED,2.1393
2024-03-19,NVDL,NVDL,7392000.0,41.04,0.021,1381092000.0,7392000.0,0.0,-0.247,237096000.0,932897000.0,BALANCED,5.8253
2024-03-20,NVDL,NVDL,83825000.0,41.91,0.0212,1464917000.0,83825000.0,0.0,0.3768,159639000.0,987313000.0,BALANCED,23.4202
2024-03-21,NVDL,NVDL,-234693000.0,42.88,0.0231,1230224000.0,0.0,-234693000.0,-2.0478,-136067000.0,668719000.0,DISTRIBUTION,-63.1948
2024-03-22,NVDL,NVDL,-101852000.0,45.52,0.0614,1128372000.0,0.0,-101852000.0,-0.9877,-245328000.0,572917000.0,BALANCED,-38.693
2024-03-25,NVDL,NVDL,-30444000.0,46.19,0.0147,1097928000.0,0.0,-30444000.0,-0.4235,-275772000.0,572064000.0,BALANCED,-26.5864
2024-03-26,NVDL,NVDL,105945000.0,43.78,-0.0521,1203873000.0,105945000.0,0.0,0.5826,-177219000.0,678009000.0,BALANCED,6.5649
2024-03-27,NVDL,NVDL,113439000.0,41.55,-0.0509,1317312000.0,113439000.0,0.0,0.6058,-147605000.0,730637000.0,BALANCED,9.1453
2024-03-28,NVDL,NVDL,-22455000.0,41.59,0.0008,1294857000.0,0.0,-22455000.0,-0.3895,64633000.0,684499000.0,BALANCED,-1.7381
2024-04-01,NVDL,NVDL,-28271000.0,41.58,-0.0002,1266586000.0,0.0,-28271000.0,-0.4342,138214000.0,737096000.0,BALANCED,-4.8552
2024-04-02,NVDL,NVDL,-41134000.0,40.73,-0.0205,1225452000.0,0.0,-41134000.0,-0.5184,127524000.0,711917000.0,BALANCED,-8.9597
2024-04-03,NVDL,NVDL,-4000.0,40.26,-0.0113,1225448000.0,0.0,-4000.0,-0.1948,21575000.0,663229000.0,BALANCED,-2.8704
2024-04-04,NVDL,NVDL,-20411000.0,37.47,-0.0695,1205037000.0,0.0,-20411000.0,-0.3351,-112275000.0,445779000.0,BALANCED,-28.3772
2024-04-05,NVDL,NVDL,-84619000.0,39.26,0.0479,1120418000.0,0.0,-84619000.0,-0.7692,-174439000.0,501620000.0,BALANCED,-41.231
2024-04-08,NVDL,NVDL,-3849000.0,38.47,-0.0202,1116569000.0,0.0,-3849000.0,-0.168,-150017000.0,341973000.0,BALANCED,-28.2011
2024-04-09,NVDL,NVDL,-1000.0,36.88,-0.0413,1116568000.0,0.0,-1000.0,-0.147,-108884000.0,-181519000.0,BALANCED,-29.6751
2024-04-10,NVDL,NVDL,15708000.0,38.31,0.0388,1132276000.0,15708000.0,0.0,-0.0336,-93172000.0,-11720000.0,BALANCED,-8.8412
2024-04-11,NVDL,NVDL,-95693000.0,41.45,0.0818,1036583000.0,0.0,-95693000.0,-0.8181,-168454000.0,-268695000.0,BALANCED,-32.4517
2024-04-12,NVDL,NVDL,97135000.0,39.19,-0.0546,1133718000.0,97135000.0,0.0,0.5854,13300000.0,-232573000.0,BALANCED,26.6347
2024-04-15,NVDL,NVDL,-23451000.0,37.23,-0.05,1110267000.0,0.0,-23451000.0,-0.3169,-6302000.0,-263433000.0,BALANCED,-19.9219
2024-04-16,NVDL,NVDL,-16143000.0,38.44,0.0325,1094124000.0,0.0,-16143000.0,-0.2627,-22444000.0,-279576000.0,BALANCED,-20.5683
2024-04-17,NVDL,NVDL,38269000.0,35.44,-0.0781,1132393000.0,38269000.0,0.0,0.1427,117000.0,-248699000.0,BALANCED,15.5663
2024-04-18,NVDL,NVDL,-287892000.0,35.96,0.0148,844501000.0,0.0,-287892000.0,-2.0497,-192082000.0,-620416000.0,DISTRIBUTION,-63.2416
2024-04-19,NVDL,NVDL,271043000.0,28.72,-0.2012,1115544000.0,271043000.0,0.0,1.7277,-18174000.0,-114680000.0,ACCUMULATION,35.1914
2024-04-22,NVDL,NVDL,3745000.0,31.19,0.0859,1119289000.0,3745000.0,0.0,-0.0534,9022000.0,-9083000.0,BALANCED,12.6642
2024-04-23,NVDL,NVDL,9701000.0,33.46,0.0727,1128990000.0,9701000.0,0.0,0.142,34866000.0,31062000.0,BALANCED,19.5502
2024-04-24,NVDL,NVDL,54943000.0,31.22,-0.067,1183933000.0,54943000.0,0.0,0.5116,51540000.0,-19940000.0,BALANCED,30.7899
2024-04-25,NVDL,NVDL,165225000.0,33.52,0.0736,1349158000.0,165225000.0,0.0,1.5596,504657000.0,31846000.0,ACCUMULATION,58.99
2024-04-26,NVDL,NVDL,-220723000.0,37.6,0.122,1128435000.0,0.0,-220723000.0,-1.9022,12891000.0,-166422000.0,DISTRIBUTION,-39.555
2024-04-29,NVDL,NVDL,-5641000.0,37.61,0.0001,1122794000.0,0.0,-5641000.0,0.0243,3505000.0,-143792000.0,BALANCED,6.6086
2024-04-30,NVDL,NVDL,-10931000.0,36.44,-0.0311,1111863000.0,0.0,-10931000.0,-0.0197,-17127000.0,-113589000.0,BALANCED,-16.4926
2024-05-01,NVDL,NVDL,55721000.0,33.57,-0.0788,1167584000.0,55721000.0,0.0,0.559,-16349000.0,-57864000.0,BALANCED,5.9754
2024-05-02,NVDL,NVDL,113832000.0,35.83,0.0673,1281416000.0,113832000.0,0.0,1.058,-67742000.0,76379000.0,BALANCED,20.4497
2024-05-03,NVDL,NVDL,-128084000.0,38.27,0.0681,1153332000.0,0.0,-128084000.0,-1.1679,24897000.0,32914000.0,BALANCED,-21.1963
2024-05-06,NVDL,NVDL,-87212000.0,41.14,0.0751,1066120000.0,0.0,-87212000.0,-0.7953,-56674000.0,-50449000.0,BALANCED,-33.8832
2024-05-07,NVDL,NVDL,-79424000.0,39.71,-0.0347,986696000.0,0.0,-79424000.0,-0.702,-125167000.0,-129872000.0,BALANCED,-33.549
2024-05-08,NVDL,NVDL,61335000.0,39.57,-0.0035,1048031000.0,61335000.0,0.0,0.6241,-119553000.0,-84245000.0,BALANCED,7.6026
2024-05-09,NVDL,NVDL,-4623000.0,38.1,-0.0372,1043408000.0,0.0,-4623000.0,0.0432,-238008000.0,6825000.0,BALANCED,-10.9189
2024-05-10,NVDL,NVDL,-42872000.0,39.02,0.0242,1000536000.0,0.0,-42872000.0,-0.3167,-152796000.0,-133182000.0,BALANCED,-21.9186
2024-05-13,NVDL,NVDL,-4341000.0,39.46,0.0112,996195000.0,0.0,-4341000.0,0.0448,-69925000.0,-114072000.0,BALANCED,-14.8804
2024-05-14,NVDL,NVDL,-6038000.0,40.28,0.0208,990157000.0,0.0,-6038000.0,0.0173,3461000.0,-103967000.0,BALANCED,2.4333
2024-05-15,NVDL,NVDL,84995000.0,43.15,0.0712,1075152000.0,84995000.0,0.0,0.853,27121000.0,-57241000.0,BALANCED,33.3248
2024-05-16,NVDL,NVDL,-122688000.0,42.88,-0.0061,952464000.0,0.0,-122688000.0,-1.0614,-90944000.0,107963000.0,BALANCED,-38.5342
2024-05-17,NVDL,NVDL,77768000.0,41.12,-0.041,1030232000.0,77768000.0,0.0,0.7494,29696000.0,-85312000.0,BALANCED,30.7358
2024-05-20,NVDL,NVDL,0.0,43.16,0.0494,1030232000.0,0.0,0.0,0.0267,34037000.0,-89057000.0,BALANCED,10.6675
2024-05-21,NVDL,NVDL,8739000.0,43.69,0.0124,1038971000.0,8739000.0,0.0,0.1051,48814000.0,-90019000.0,BALANCED,14.6265
2024-05-22,NVDL,NVDL,232823000.0,43.28,-0.0095,1271794000.0,232823000.0,0.0,1.9662,196642000.0,87861000.0,ACCUMULATION,63.156
2024-05-23,NVDL,NVDL,-264905000.0,51.31,0.1856,1006889000.0,0.0,-264905000.0,-2.1136,54425000.0,-342269000.0,DISTRIBUTION,-44.8391
2024-05-24,NVDL,NVDL,-118884000.0,53.86,0.0498,888005000.0,0.0,-118884000.0,-0.8838,-142227000.0,-240430000.0,BALANCED,-36.096
2024-05-28,NVDL,NVDL,27599000.0,61.34,0.1387,915604000.0,27599000.0,0.0,0.2719,-114628000.0,-207190000.0,BALANCED,-1.2028
2024-05-29,NVDL,NVDL,24926000.0,62.31,0.0158,940530000.0,24926000.0,0.0,0.2394,-98441000.0,-171333000.0,BALANCED,-0.0143
2024-05-30,NVDL,NVDL,-46862000.0,57.59,-0.0757,893668000.0,0.0,-46862000.0,-0.3102,-378126000.0,-273916000.0,BALANCED,-19.7538
2024-05-31,NVDL,NVDL,42680000.0,56.63,-0.0167,936348000.0,42680000.0,0.0,0.3475,-70541000.0,-345068000.0,BALANCED,0.6886
2024-06-03,NVDL,NVDL,78325000.0,62.16,0.0977,1014673000.0,78325000.0,0.0,0.7908,126668000.0,-138659000.0,BALANCED,33.7691
2024-06-04,NVDL,NVDL,-6370000.0,63.69,0.0245,1008303000.0,0.0,-6370000.0,-0.0259,92699000.0,-57817000.0,BALANCED,7.3537
2024-06-05,NVDL,NVDL,-7020000.0,70.21,0.1025,1001283000.0,0.0,-7020000.0,-0.0268,60753000.0,14587000.0,BALANCED,5.3311
2024-06-06,NVDL,NVDL,-17688000.0,68.54,-0.0237,983595000.0,0.0,-17688000.0,-0.1072,89927000.0,-64436000.0,BALANCED,1.3193
2024-06-07,NVDL,NVDL,8753000.0,68.35,-0.0028,992348000.0,8753000.0,0.0,0.2118,56000000.0,-51060000.0,BALANCED,17.2947
2024-06-10,NVDL,NVDL,92235000.0,69.35,0.0146,1084583000.0,92235000.0,0.0,1.0308,69910000.0,84047000.0,BALANCED,39.7712
2024-06-11,NVDL,NVDL,-83367000.0,68.34,-0.0146,1001216000.0,0.0,-83367000.0,-0.861,-7087000.0,5021000.0,BALANCED,-33.5258
2024-06-12,NVDL,NVDL,427203000.0,73.15,0.0705,1428419000.0,427203000.0,0.0,3.4393,427136000.0,438262000.0,ACCUMULATION,97.9818
2024-06-13,NVDL,NVDL,-151599000.0,78.21,0.0691,1276820000.0,0.0,-151599000.0,-1.2484,293225000.0,201668000.0,BALANCED,-23.2102
2024-06-14,NVDL,NVDL,-131907000.0,80.84,0.0337,1144913000.0,0.0,-131907000.0,-1.0194,152565000.0,192449000.0,BALANCED,-19.4848
2024-06-17,NVDL,NVDL,309012000.0,79.64,-0.0149,1453925000.0,309012000.0,0.0,2.2131,369342000.0,423693000.0,ACCUMULATION,67.3263
2024-06-18,NVDL,NVDL,-77559000.0,85.23,0.0701,1376366000.0,0.0,-77559000.0,-0.6517,375150000.0,346134000.0,BALANCED,-8.2929
2024-06-20,NVDL,NVDL,225578000.0,79.17,-0.0711,1601944000.0,225578000.0,0.0,1.4722,173525000.0,562973000.0,BALANCED,48.804
2024-06-21,NVDL,NVDL,285335000.0,73.91,-0.0664,1887279000.0,285335000.0,0.0,1.7468,610459000.0,615485000.0,ACCUMULATION,57.6694
2024-06-24,NVDL,NVDL,446998000.0,64.04,-0.1335,2334277000.0,446998000.0,0.0,2.4364,1189364000.0,1327388000.0,ACCUMULATION,76.9108
2024-06-25,NVDL,NVDL,-15990000.0,72.68,0.1349,2318287000.0,0.0,-15990000.0,-0.3623,864362000.0,1430282000.0,BALANCED,-1.0563
2024-06-26,NVDL,NVDL,403862000.0,72.9,0.003,2722149000.0,403862000.0,0.0,1.9498,1345783000.0,1806545000.0,ACCUMULATION,60.7442
2024-06-27,NVDL,NVDL,-219558000.0,70.2,-0.037,2502591000.0,0.0,-219558000.0,-1.464,900647000.0,1562061000.0,BALANCED,-28.5995
2024-06-28,NVDL,NVDL,40888000.0,69.59,-0.0087,2543479000.0,40888000.0,0.0,-0.0437,656200000.0,1649811000.0,BALANCED,10.9072
2024-07-01,NVDL,NVDL,7747000.0,70.43,0.0121,2551226000.0,7747000.0,0.0,-0.2508,216949000.0,1614878000.0,BALANCED,7.7311
2024-07-02,NVDL,NVDL,-685000.0,68.56,-0.0266,2550541000.0,0.0,-685000.0,-0.2825,232254000.0,1535868000.0,BALANCED,0.9382
2024-07-03,NVDL,NVDL,-202001000.0,74.74,0.0901,2348540000.0,0.0,-202001000.0,-1.3122,-373609000.0,1340237000.0,BALANCED,-46.8055
2024-07-05,NVDL,NVDL,191207000.0,71.81,-0.0392,2539747000.0,191207000.0,0.0,0.7462,37156000.0,1538464000.0,BALANCED,30.6553
2024-07-08,NVDL,NVDL,0.0,74.49,0.0374,2539747000.0,0.0,0.0,-0.227,-3732000.0,1556152000.0,BALANCED,-15.675
2024-07-09,NVDL,NVDL,100821000.0,78.15,0.0491,2640568000.0,100821000.0,0.0,0.2617,89342000.0,1648220000.0,BALANCED,18.5436
2024-07-10,NVDL,NVDL,-2469000.0,82.32,0.0533,2638099000.0,0.0,-2469000.0,-0.3485,87558000.0,1553516000.0,BALANCED,-0.7131
2024-07-11,NVDL,NVDL,197674000.0,73.12,-0.1117,2835773000.0,197674000.0,0.0,0.7587,487233000.0,1834557000.0,BALANCED,30.9668
2024-07-12,NVDL,NVDL,-145282000.0,75.14,0.0276,2690491000.0,0.0,-145282000.0,-1.13,150744000.0,1262072000.0,BALANCED,-20.2508
2024-07-15,NVDL,NVDL,-51179000.0,74.18,-0.0129,2639312000.0,0.0,-51179000.0,-0.6067,99565000.0,1362492000.0,BALANCED,-9.1669
2024-07-16,NVDL,NVDL,-50224000.0,71.75,-0.0327,2589088000.0,0.0,-50224000.0,-0.5808,-51480000.0,1444175000.0,BALANCED,-30.5188
2024-07-17,NVDL,NVDL,188577000.0,62.24,-0.1326,2777665000.0,188577000.0,0.0,0.7096,139566000.0,1323740000.0,BALANCED,29.7395
2024-07-18,NVDL,NVDL,-290298000.0,65.5,0.0524,2487367000.0,0.0,-290298000.0,-1.7553,-348406000.0,1111001000.0,DISTRIBUTION,-55.8833
2024-07-19,NVDL,NVDL,234523000.0,62.0,-0.0533,2721890000.0,234523000.0,0.0,0.9037,31399000.0,1119946000.0,BALANCED,34.5922
2024-07-22,NVDL,NVDL,111313000.0,67.87,0.0947,2833203000.0,111313000.0,0.0,0.2537,193891000.0,945924000.0,BALANCED,20.3418
2024-07-23,NVDL,NVDL,-7346000.0,66.8,-0.0158,2825857000.0,0.0,-7346000.0,-0.3494,236769000.0,491580000.0,BALANCED,-0.7354
2024-07-24,NVDL,NVDL,61719000.0,57.68,-0.1365,2887576000.0,61719000.0,0.0,0.0083,109911000.0,569289000.0,BALANCED,12.2067
2024-07-25,NVDL,NVDL,144906000.0,55.66,-0.035,3032482000.0,144906000.0,0.0,0.3969,545115000.0,310333000.0,BALANCED,23.9219
2024-07-26,NVDL,NVDL,-53163000.0,56.36,0.0125,2979319000.0,0.0,-53163000.0,-0.5719,257429000.0,476728000.0,BALANCED,-6.2978
2024-07-29,NVDL,NVDL,2747000.0,54.88,-0.0263,2982066000.0,2747000.0,0.0,-0.3012,148863000.0,438587000.0,BALANCED,4.4691
2024-07-30,NVDL,NVDL,69701000.0,47.1,-0.1418,3051767000.0,69701000.0,0.0,0.0349,225910000.0,500541000.0,BALANCED,14.872
2024-07-31,NVDL,NVDL,31944000.0,59.16,0.2562,3083711000.0,31944000.0,0.0,-0.1318,196135000.0,533170000.0,BALANCED,12.7054
2024-08-01,NVDL,NVDL,-132184000.0,51.24,-0.1339,2951527000.0,0.0,-132184000.0,-1.0764,-80955000.0,602987000.0,BALANCED,-38.9088
2024-08-02,NVDL,NVDL,140653000.0,49.35,-0.0367,3092180000.0,140653000.0,0.0,0.5373,112861000.0,552433000.0,BALANCED,25.4329
2024-08-05,NVDL,NVDL,65949000.0,43.1,-0.1267,3158129000.0,65949000.0,0.0,0.1443,176063000.0,618382000.0,BALANCED,17.6083
2024-08-06,NVDL,NVDL,18513000.0,46.29,0.0739,3176642000.0,18513000.0,0.0,-0.0662,124875000.0,536074000.0,BALANCED,14.3446
2024-08-07,NVDL,NVDL,76376000.0,41.51,-0.1033,3253018000.0,76376000.0,0.0,0.313,169307000.0,614919000.0,BALANCED,25.8243
2024-08-08,NVDL,NVDL,-24757000.0,46.6,0.1226,3228261000.0,0.0,-24757000.0,-0.3293,276734000.0,392488000.0,BALANCED,-0.2322
2024-08-09,NVDL,NVDL,21369000.0,46.33,-0.0057,3249630000.0,21369000.0,0.0,-0.0299,157450000.0,559139000.0,BALANCED,11.2533
2024-08-12,NVDL,NVDL,98190000.0,50.09,0.0811,3347820000.0,98190000.0,0.0,0.5998,189691000.0,708508000.0,BALANCED,28.9959
2024-08-13,NVDL,NVDL,125684000.0,56.62,0.1302,3473504000.0,125684000.0,0.0,0.7893,296862000.0,884416000.0,BALANCED,35.7324
2024-08-14,NVDL,NVDL,2000.0,58.48,0.0328,3473506000.0,2000.0,0.0,-0.2558,220488000.0,695841000.0,BALANCED,11.6059
2024-08-15,NVDL,NVDL,114850000.0,63.16,0.0801,3588356000.0,114850000.0,0.0,0.6517,360095000.0,1100989000.0,BALANCED,36.2927
2024-08-16,NVDL,NVDL,-146429000.0,64.84,0.0266,3441927000.0,0.0,-146429000.0,-1.5458,192297000.0,720037000.0,DISTRIBUTION,-30.6451
2024-08-19,NVDL,NVDL,-7000.0,70.43,0.0862,3441920000.0,0.0,-7000.0,-0.2634,94100000.0,608717000.0,BALANCED,-0.5859
2024-08-20,NVDL,NVDL,18211000.0,67.43,-0.0426,3460131000.0,18211000.0,0.0,-0.0803,-13373000.0,634274000.0,BALANCED,-10.0077
2024-08-21,NVDL,NVDL,-10309000.0,68.73,0.0193,3449822000.0,0.0,-10309000.0,-0.3292,-23684000.0,562246000.0,BALANCED,-20.2312
2024-08-22,NVDL,NVDL,458779000.0,63.62,-0.0744,3908601000.0,458779000.0,0.0,3.1335,320245000.0,876119000.0,ACCUMULATION,90.3371
2024-08-23,NVDL,NVDL,-525475000.0,69.31,0.0895,3383126000.0,0.0,-525475000.0,-3.2907,-58801000.0,403807000.0,DISTRIBUTION,-94.2663
2024-08-26,NVDL,NVDL,17868000.0,66.18,-0.0452,3400994000.0,17868000.0,0.0,-0.0453,-40926000.0,418928000.0,BALANCED,-9.1319
2024-08-27,NVDL,NVDL,-35117000.0,68.07,0.0286,3365877000.0,0.0,-35117000.0,-0.3677,-94254000.0,314110000.0,BALANCED,-21.1936
2024-08-28,NVDL,NVDL,244031000.0,65.15,-0.043,3609908000.0,244031000.0,0.0,1.2869,160086000.0,526197000.0,BALANCED,44.1718
2024-08-29,NVDL,NVDL,-19524000.0,56.77,-0.1286,3590384000.0,0.0,-19524000.0,-0.3578,-318217000.0,638857000.0,BALANCED,-20.9446
2024-08-30,NVDL,NVDL,-142233000.0,58.39,0.0285,3448151000.0,0.0,-142233000.0,-1.0667,65025000.0,355971000.0,BALANCED,-20.6674
2024-09-03,NVDL,NVDL,6140000.0,47.27,-0.1904,3454291000.0,6140000.0,0.0,-0.0938,53297000.0,296162000.0,BALANCED,9.654
2024-09-04,NVDL,NVDL,5482000.0,45.69,-0.0335,3459773000.0,5482000.0,0.0,-0.1009,93896000.0,283131000.0,BALANCED,11.4781
2024-09-05,NVDL,NVDL,-281994000.0,46.52,0.0183,3177779000.0,0.0,-281994000.0,-1.7737,-432129000.0,-75239000.0,DISTRIBUTION,-56.3428
2024-09-06,NVDL,NVDL,306072000.0,42.68,-0.0826,3483851000.0,306072000.0,0.0,1.697,-106533000.0,255590000.0,ACCUMULATION,34.4259
2024-09-09,NVDL,NVDL,10055000.0,45.69,0.0705,3493906000.0,10055000.0,0.0,-0.0415,45755000.0,244276000.0,BALANCED,12.9624
2024-09-10,NVDL,NVDL,20231000.0,47.06,0.03,3514137000.0,20231000.0,0.0,0.0146,59846000.0,166317000.0,BALANCED,16.3648
2024-09-11,NVDL,NVDL,0.0,54.67,0.1617,3514137000.0,0.0,0.0,-0.0903,54364000.0,40633000.0,BALANCED,7.7432
2024-09-12,NVDL,NVDL,-80691000.0,56.73,0.0378,3433446000.0,0.0,-80691000.0,-0.5382,255667000.0,-40060000.0,BALANCED,-5.4546
2024-09-13,NVDL,NVDL,9758000.0,56.62,-0.002,3443204000.0,9758000.0,0.0,-0.0391,-40647000.0,-145152000.0,BALANCED,-8.9784
2024-09-16,NVDL,NVDL,5989000.0,54.39,-0.0394,3449193000.0,5989000.0,0.0,-0.0352,-44713000.0,7266000.0,BALANCED,-6.8807
2024-09-17,NVDL,NVDL,-15448000.0,53.26,-0.0208,3433745000.0,0.0,-15448000.0,-0.147,-80392000.0,-8175000.0,BALANCED,-15.6756
2024-09-18,NVDL,NVDL,-16382000.0,51.19,-0.0387,3417363000.0,0.0,-16382000.0,-0.1456,-96774000.0,-42768000.0,BALANCED,-17.6402
2024-09-19,NVDL,NVDL,-6075000.0,55.24,0.0791,3411288000.0,0.0,-6075000.0,-0.0679,-22158000.0,-38534000.0,BALANCED,-17.6979
2024-09-20,NVDL,NVDL,179987000.0,53.41,-0.0332,3591275000.0,179987000.0,0.0,0.9875,148071000.0,-317326000.0,BALANCED,36.687
2024-09-23,NVDL,NVDL,-160873000.0,53.63,0.004,3430402000.0,0.0,-160873000.0,-0.9653,-18791000.0,47276000.0,BALANCED,-36.1317
2024-09-24,NVDL,NVDL,-3474000.0,57.85,0.0788,3426928000.0,0.0,-3474000.0,-0.0355,-6817000.0,25934000.0,BALANCED,-14.8881
2024-09-25,NVDL,NVDL,-60352000.0,60.35,0.0433,3366576000.0,0.0,-60352000.0,-0.3325,-50787000.0,699000.0,BALANCED,-24.3125
2024-09-26,NVDL,NVDL,-23727000.0,60.85,0.0082,3342849000.0,0.0,-23727000.0,-0.1134,-68439000.0,-267059000.0,BALANCED,-20.835
2024-09-27,NVDL,NVDL,5815000.0,58.19,-0.0437,3348664000.0,5815000.0,0.0,0.0815,-242611000.0,-241720000.0,BALANCED,-5.9622
2024-09-30,NVDL,NVDL,-16880000.0,58.21,0.0003,3331784000.0,0.0,-16880000.0,-0.0789,-98618000.0,-116367000.0,BALANCED,-13.9733
2024-10-01,NVDL,NVDL,-68496000.0,53.93,-0.0734,3263288000.0,0.0,-68496000.0,-0.3728,-163640000.0,-191003000.0,BALANCED,-23.3201
2024-10-02,NVDL,NVDL,5000.0,55.62,0.0312,3263293000.0,5000.0,0.0,0.0392,-103283000.0,-196480000.0,BALANCED,-7.0211
2024-10-03,NVDL,NVDL,-26708000.0,59.35,0.0671,3236585000.0,0.0,-26708000.0,-0.1168,-106264000.0,58806000.0,BALANCED,-14.9212
2024-10-04,NVDL,NVDL,-56986000.0,61.27,0.0324,3179599000.0,0.0,-56986000.0,-0.2287,-169065000.0,-304252000.0,BALANCED,-19.7166
2024-10-07,NVDL,NVDL,-15360000.0,63.99,0.0444,3164239000.0,0.0,-15360000.0,-0.0753,-167545000.0,-329667000.0,BALANCED,-17.8819
2024-10-08,NVDL,NVDL,-13141000.0,69.16,0.0807,3151098000.0,0.0,-13141000.0,-0.045,-112190000.0,-363039000.0,BALANCED,-19.1239
2024-10-09,NVDL,NVDL,-8259000.0,68.88,-0.004,3142839000.0,0.0,-8259000.0,-0.0077,-120454000.0,-371298000.0,BALANCED,-20.1928
2024-10-10,NVDL,NVDL,-26308000.0,71.1,0.0322,3116531000.0,0.0,-26308000.0,-0.103,-120054000.0,-316915000.0,BALANCED,-24.5739
2024-10-11,NVDL,NVDL,-106263000.0,70.97,-0.0018,3010268000.0,0.0,-106263000.0,-0.8944,-169331000.0,-432936000.0,BALANCED,-46.3609
2024-10-14,NVDL,NVDL,-16577000.0,74.41,0.0485,2993691000.0,0.0,-16577000.0,-0.0151,-170548000.0,-455502000.0,BALANCED,-26.3784
2024-10-15,NVDL,NVDL,-45834000.0,67.4,-0.0942,2947857000.0,0.0,-45834000.0,-0.3066,-203241000.0,-485888000.0,BALANCED,-35.6639
2024-10-16,NVDL,NVDL,9307000.0,71.6,0.0622,2957164000.0,9307000.0,0.0,0.2758,-185675000.0,-460199000.0,BALANCED,-1.1041
2024-10-17,NVDL,NVDL,-90329000.0,72.85,0.0175,2866835000.0,0.0,-90329000.0,-0.981,-249696000.0,-544453000.0,BALANCED,-36.5241
2024-10-18,NVDL,NVDL,-45081000.0,73.9,0.0145,2821754000.0,0.0,-45081000.0,-0.4138,-188514000.0,-769521000.0,BALANCED,-24.346
2024-10-21,NVDL,NVDL,1000.0,80.0,0.0824,2821755000.0,1000.0,0.0,0.4042,-171936000.0,-608647000.0,BALANCED,2.1049
2024-10-22,NVDL,NVDL,173223000.0,79.83,-0.0021,2994978000.0,173223000.0,0.0,2.9045,47121000.0,-431950000.0,ACCUMULATION,86.613
2024-10-23,NVDL,NVDL,-1504000.0,75.32,-0.0565,2993474000.0,0.0,-1504000.0,0.2417,36310000.0,-373102000.0,BALANCED,14.0424
2024-10-24,NVDL,NVDL,4000.0,76.21,0.0118,2993478000.0,4000.0,0.0,0.2273,126643000.0,-349371000.0,BALANCED,17.6821
2024-10-25,NVDL,NVDL,-46408000.0,77.35,0.0149,2947070000.0,0.0,-46408000.0,-0.4622,125316000.0,-401594000.0,BALANCED,-3.5552
2024-10-28,NVDL,NVDL,126502000.0,76.21,-0.0147,3073572000.0,126502000.0,0.0,1.9967,251817000.0,-258212000.0,ACCUMULATION,61.9179
2024-10-29,NVDL,NVDL,-3843000.0,76.97,0.0101,3069729000.0,0.0,-3843000.0,0.1191,74751000.0,-193559000.0,BALANCED,10.9763
2024-10-30,NVDL,NVDL,743000.0,74.86,-0.0275,3070472000.0,743000.0,0.0,0.1766,76998000.0,-192821000.0,BALANCED,16.4155
2024-10-31,NVDL,NVDL,-36595000.0,67.77,-0.0947,3033877000.0,0.0,-36595000.0,-0.344,40399000.0,-202708000.0,BALANCED,-0.5994
2024-11-01,NVDL,NVDL,-28153000.0,70.39,0.0387,3005724000.0,0.0,-28153000.0,-0.1448,58654000.0,-173875000.0,BALANCED,2.379
2024-11-04,NVDL,NVDL,-59675000.0,71.04,0.0092,2946049000.0,0.0,-59675000.0,-0.8071,-127523000.0,-218190000.0,BALANCED,-36.1775
2024-11-05,NVDL,NVDL,-26273000.0,75.07,0.0567,2919776000.0,0.0,-26273000.0,-0.1738,-149953000.0,-231322000.0,BALANCED,-22.3443
2024-11-06,NVDL,NVDL,-146046000.0,81.14,0.0808,2773730000.0,0.0,-146046000.0,-2.1633,-296742000.0,-369109000.0,DISTRIBUTION,-74.0821
2024-11-07,NVDL,NVDL,-43225000.0,84.76,0.0446,2730505000.0,0.0,-43225000.0,-0.3898,-303372000.0,-386026000.0,BALANCED,-31.7443
2024-11-08,NVDL,NVDL,-162262000.0,83.21,-0.0182,2568243000.0,0.0,-162262000.0,-2.1374,-437481000.0,-442025000.0,DISTRIBUTION,-77.4346
2024-11-11,NVDL,NVDL,-30609000.0,80.55,-0.032,2537634000.0,0.0,-30609000.0,-0.0649,-408415000.0,-456057000.0,BALANCED,-27.6231
2024-11-12,NVDL,NVDL,-6707000.0,83.87,0.0413,2530927000.0,0.0,-6707000.0,0.2796,-388849000.0,-416930000.0,BALANCED,-21.0096
2024-11-13,NVDL,NVDL,65241000.0,81.56,-0.0276,2596168000.0,65241000.0,0.0,1.3401,-177562000.0,-360996000.0,BALANCED,25.5032
2024-11-14,NVDL,NVDL,-6560000.0,82.08,0.0064,2589608000.0,0.0,-6560000.0,0.2297,-140897000.0,-277227000.0,BALANCED,-6.2579
2024-11-15,NVDL,NVDL,198536000.0,76.66,-0.0661,2788144000.0,198536000.0,0.0,2.7733,219901000.0,-33610000.0,ACCUMULATION,81.3335
2024-11-18,NVDL,NVDL,173944000.0,74.65,-0.0261,2962088000.0,173944000.0,0.0,2.1619,424454000.0,140333000.0,ACCUMULATION,68.0477
2024-11-19,NVDL,NVDL,235928000.0,81.92,0.0973,3198016000.0,235928000.0,0.0,2.4783,667089000.0,203038000.0,ACCUMULATION,77.9578
2024-11-20,NVDL,NVDL,70164000.0,80.64,-0.0156,3268180000.0,70164000.0,0.0,0.6919,672012000.0,274706000.0,BALANCED,35.2981
2024-11-21,NVDL,NVDL,-13853000.0,81.48,0.0103,3254327000.0,0.0,-13853000.0,-0.1936,664719000.0,260849000.0,BALANCED,3.1588
2024-11-22,NVDL,NVDL,137054000.0,76.14,-0.0655,3391381000.0,137054000.0,0.0,1.2974,603237000.0,444311000.0,BALANCED,44.4343
2024-11-25,NVDL,NVDL,72555000.0,69.76,-0.0838,3463936000.0,72555000.0,0.0,0.5907,501848000.0,390364000.0,BALANCED,28.768
2024-11-26,NVDL,NVDL,-162512000.0,70.66,0.0129,3301424000.0,0.0,-162512000.0,-1.7241,103408000.0,231695000.0,DISTRIBUTION,-35.102
2024-11-27,NVDL,NVDL,-692000.0,68.97,-0.0238,3300732000.0,0.0,-692000.0,-0.1201,32552000.0,230260000.0,BALANCED,2.9976
2024-11-29,NVDL,NVDL,-20840000.0,71.85,0.0418,3279892000.0,0.0,-20840000.0,-0.3479,25565000.0,246015000.0,BALANCED,-4.6963
2024-12-02,NVDL,NVDL,3619000.0,72.23,0.0052,3283511000.0,3619000.0,0.0,-0.119,-107870000.0,277787000.0,BALANCED,-10.9761
2024-12-03,NVDL,NVDL,-158883000.0,73.9,0.0231,3124628000.0,0.0,-158883000.0,-1.6267,-339308000.0,178579000.0,DISTRIBUTION,-52.6686
2024-12-04,NVDL,NVDL,0.0,79.0,0.0691,3124628000.0,0.0,0.0,-0.0436,-176796000.0,204852000.0,BALANCED,-11.0891
2024-12-05,NVDL,NVDL,-84415000.0,78.9,-0.0014,3040213000.0,0.0,-84415000.0,-0.8553,-260519000.0,266483000.0,BALANCED,-33.3823
2024-12-06,NVDL,NVDL,-9114000.0,75.93,-0.0376,3031099000.0,0.0,-9114000.0,-0.1031,-248793000.0,300594000.0,BALANCED,-16.5782
2024-12-09,NVDL,NVDL,-8647000.0,72.07,-0.0508,3022452000.0,0.0,-8647000.0,-0.1114,-261059000.0,454209000.0,BALANCED,-18.7856
2024-12-10,NVDL,NVDL,-29991000.0,68.16,-0.0542,2992461000.0,0.0,-29991000.0,-0.2798,-132167000.0,454827000.0,BALANCED,-24.9956
2024-12-11,NVDL,NVDL,41277000.0,72.41,0.0624,3033738000.0,41277000.0,0.0,0.4341,-90890000.0,502811000.0,BALANCED,2.8531
2024-12-12,NVDL,NVDL,-11964000.0,70.34,-0.0286,3021774000.0,0.0,-11964000.0,-0.1057,-18439000.0,425606000.0,BALANCED,-14.6416
2024-12-13,NVDL,NVDL,52335000.0,67.09,-0.0462,3074109000.0,52335000.0,0.0,0.5197,43010000.0,484501000.0,BALANCED,24.9935
2024-12-16,NVDL,NVDL,52506000.0,64.83,-0.0338,3126615000.0,52506000.0,0.0,0.4927,104163000.0,338471000.0,BALANCED,26.3182
2024-12-17,NVDL,NVDL,62598000.0,63.22,-0.0247,3189213000.0,62598000.0,0.0,0.555,196752000.0,227125000.0,BALANCED,29.8749
2024-12-18,NVDL,NVDL,-123505000.0,61.75,-0.0233,3065708000.0,0.0,-123505000.0,-1.2719,31970000.0,-132308000.0,BALANCED,-23.7979
2024-12-19,NVDL,NVDL,-1269000.0,63.43,0.0271,3064439000.0,0.0,-1269000.0,-0.1132,42665000.0,-203741000.0,BALANCED,3.1708
2024-12-20,NVDL,NVDL,-14796000.0,67.26,0.0604,3049643000.0,0.0,-14796000.0,-0.2637,-24466000.0,-204684000.0,BALANCED,-22.593
2024-12-23,NVDL,NVDL,14436000.0,72.18,0.0732,3064079000.0,14436000.0,0.0,-0.0231,-62536000.0,-327302000.0,BALANCED,-8.5763
2024-12-24,NVDL,NVDL,25442000.0,72.7,0.0072,3089521000.0,25442000.0,0.0,0.078,-99692000.0,-374415000.0,BALANCED,-4.0497
2024-12-26,NVDL,NVDL,61518000.0,72.37,-0.0044,3151039000.0,61518000.0,0.0,0.4512,85331000.0,-150385000.0,BALANCED,27.281
2024-12-27,NVDL,NVDL,2770000.0,69.27,-0.0429,3153809000.0,2770000.0,0.0,-0.1754,89370000.0,-146923000.0,BALANCED,13.6149
2024-12-30,NVDL,NVDL,3493000.0,69.73,0.0067,3157302000.0,3493000.0,0.0,-0.1713,107659000.0,-122590000.0,BALANCED,15.7187
2024-12-31,NVDL,NVDL,-4000.0,66.42,-0.0474,3157298000.0,0.0,-4000.0,-0.1474,93219000.0,-126213000.0,BALANCED,4.3149
2025-01-02,NVDL,NVDL,-163982000.0,70.38,0.0595,2993316000.0,0.0,-163982000.0,-1.9706,-96205000.0,-131312000.0,DISTRIBUTION,-63.266
2025-01-03,NVDL,NVDL,-146983000.0,76.55,0.0877,2846333000.0,0.0,-146983000.0,-1.792,-304706000.0,-278295000.0,DISTRIBUTION,-60.8007
2025-01-06,NVDL,NVDL,-152100000.0,81.77,0.0682,2694233000.0,0.0,-152100000.0,-1.7041,-459576000.0,-345980000.0,DISTRIBUTION,-60.6021
2025-01-07,NVDL,NVDL,174020000.0,71.61,-0.1243,2868253000.0,174020000.0,0.0,2.1824,-289049000.0,-162846000.0,ACCUMULATION,46.5593
2025-01-08,NVDL,NVDL,-50786000.0,71.53,-0.0011,2817467000.0,0.0,-50786000.0,-0.3906,-339831000.0,-204985000.0,BALANCED,-21.7654
2025-01-10,NVDL,NVDL,-15455000.0,67.18,-0.0609,2802012000.0,0.0,-15455000.0,0.0835,-191304000.0,-190449000.0,BALANCED,-11.9132
2025-01-13,NVDL,NVDL,3874000.0,64.5,-0.0399,2805886000.0,3874000.0,0.0,0.273,-40447000.0,-227852000.0,BALANCED,-1.1755
2025-01-14,NVDL,NVDL,-32153000.0,63.05,-0.0225,2773733000.0,0.0,-32153000.0,-0.1953,79500000.0,-248041000.0,BALANCED,3.1179
2025-01-15,NVDL,NVDL,-76050000.0,67.3,0.0674,2697683000.0,0.0,-76050000.0,-0.7507,-170570000.0,-376426000.0,BALANCED,-32.7678
2025-01-16,NVDL,NVDL,-52354000.0,64.64,-0.0395,2645329000.0,0.0,-52354000.0,-0.4114,-172138000.0,-481286000.0,BALANCED,-26.2843
2025-01-17,NVDL,NVDL,-61697000.0,68.55,0.0605,2583632000.0,0.0,-61697000.0,-0.6113,-218380000.0,-605581000.0,BALANCED,-33.2837
2025-01-21,NVDL,NVDL,-19344000.0,71.63,0.045,2564288000.0,0.0,-19344000.0,-0.0093,-241598000.0,-501420000.0,BALANCED,-20.2334
2025-01-22,NVDL,NVDL,-205800000.0,77.96,0.0883,2358488000.0,0.0,-205800000.0,-2.3381,-415245000.0,-705951000.0,DISTRIBUTION,-80.4529
2025-01-23,NVDL,NVDL,-61690000.0,78.08,0.0016,2296798000.0,0.0,-61690000.0,-0.4736,-400885000.0,-752845000.0,BALANCED,-35.8403
2025-01-24,NVDL,NVDL,-102384000.0,73.13,-0.0634,2194414000.0,0.0,-102384000.0,-0.9374,-450915000.0,-869665000.0,BALANCED,-49.435
2025-01-27,NVDL,NVDL,1009900000.0,48.3,-0.3396,3204314000.0,1009900000.0,0.0,4.8795,620682000.0,114793000.0,ACCUMULATION,100.0
2025-01-28,NVDL,NVDL,126329000.0,56.91,0.1782,3330643000.0,126329000.0,0.0,0.5636,766355000.0,179604000.0,BALANCED,28.0896
2025-01-29,NVDL,NVDL,122224000.0,52.23,-0.0821,3452867000.0,122224000.0,0.0,0.5196,1094379000.0,299058000.0,BALANCED,28.9911
2025-01-30,NVDL,NVDL,118756000.0,53.01,0.0149,3571623000.0,118756000.0,0.0,0.4904,1274825000.0,414321000.0,BALANCED,30.2611
2025-01-31,NVDL,NVDL,215410000.0,49.07,-0.0744,3787033000.0,215410000.0,0.0,0.9149,1592619000.0,629735000.0,BALANCED,42.8715
2025-02-03,NVDL,NVDL,87448000.0,46.27,-0.0571,3874481000.0,87448000.0,0.0,0.3053,670167000.0,881165000.0,BALANCED,29.6327
2025-02-04,NVDL,NVDL,-26784000.0,47.82,0.0337,3847697000.0,0.0,-26784000.0,-0.2516,517054000.0,1001364000.0,BALANCED,1.7092
2025-02-05,NVDL,NVDL,-222218000.0,52.78,0.1037,3625479000.0,0.0,-222218000.0,-1.1214,172612000.0,931246000.0,BALANCED,-22.0345
2025-02-06,NVDL,NVDL,-66098000.0,56.01,0.0611,3559381000.0,0.0,-66098000.0,-0.3859,-12242000.0,691128000.0,BALANCED,-25.6471
2025-02-07,NVDL,NVDL,1144000.0,56.95,0.0168,3560525000.0,1144000.0,0.0,-0.0715,-226508000.0,743058000.0,BALANCED,-9.7884
2025-02-10,NVDL,NVDL,-192668000.0,60.21,0.0571,3367857000.0,0.0,-192668000.0,-0.9235,-506624000.0,565845000.0,BALANCED,-35.0863
2025-02-11,NVDL,NVDL,-146354000.0,59.49,-0.0119,3221503000.0,0.0,-146354000.0,-0.6751,-626194000.0,415617000.0,BALANCED,-30.878
2025-02-12,NVDL,NVDL,-48700000.0,57.98,-0.0255,3172803000.0,0.0,-48700000.0,-0.2238,-452676000.0,399070000.0,BALANCED,-21.5944
2025-02-13,NVDL,NVDL,-167625000.0,61.63,0.063,3005178000.0,0.0,-167625000.0,-0.7303,-554203000.0,307495000.0,BALANCED,-36.2575
2025-02-14,NVDL,NVDL,-374378000.0,64.77,0.051,2630800000.0,0.0,-374378000.0,-1.5343,-929725000.0,-14529000.0,DISTRIBUTION,-58.3583
2025-02-18,NVDL,NVDL,-67872000.0,65.26,0.0075,2562928000.0,0.0,-67872000.0,-0.2316,-804929000.0,-20704000.0,BALANCED,-27.7895
2025-02-19,NVDL,NVDL,-3900000.0,65.08,-0.0028,2559028000.0,0.0,-3900000.0,0.0247,-662475000.0,-5260000.0,BALANCED,-23.3823
2025-02-20,NVDL,NVDL,-156793000.0,65.88,0.0123,2402235000.0,0.0,-156793000.0,-0.6397,-770568000.0,43747000.0,BALANCED,-41.9934
2025-02-21,NVDL,NVDL,-73162000.0,60.47,-0.0822,2329073000.0,0.0,-73162000.0,-0.2426,-676105000.0,32275000.0,BALANCED,-34.0653
2025-02-24,NVDL,NVDL,-22690000.0,56.71,-0.0621,2306383000.0,0.0,-22690000.0,-0.0249,-324417000.0,111969000.0,BALANCED,-30.6216
2025-02-25,NVDL,NVDL,-6957000.0,53.51,-0.0565,2299426000.0,0.0,-6957000.0,0.0431,-263502000.0,-904888000.0,BALANCED,-28.9231
2025-02-26,NVDL,NVDL,71780000.0,57.42,0.0731,2371206000.0,71780000.0,0.0,0.3784,-187822000.0,-959437000.0,BALANCED,1.4612
2025-02-27,NVDL,NVDL,217444000.0,47.69,-0.1696,2588650000.0,217444000.0,0.0,0.9646,186415000.0,-864217000.0,BALANCED,38.116
2025-02-28,NVDL,NVDL,307485000.0,51.42,0.0783,2896135000.0,307485000.0,0.0,1.2625,567062000.0,-675488000.0,BALANCED,47.5631
2025-03-03,NVDL,NVDL,104912000.0,42.47,-0.174,3001047000.0,104912000.0,0.0,0.3898,694664000.0,-785986000.0,BALANCED,27.7462
2025-03-04,NVDL,NVDL,38182000.0,43.88,0.0332,3039229000.0,38182000.0,0.0,0.0965,739803000.0,-835252000.0,BALANCED,22.4121
2025-03-05,NVDL,NVDL,139498000.0,44.86,0.0222,3178727000.0,139498000.0,0.0,0.4974,807521000.0,-668970000.0,BALANCED,34.4338
2025-03-06,NVDL,NVDL,37320000.0,39.69,-0.1151,3216047000.0,37320000.0,0.0,0.0371,627397000.0,-409432000.0,BALANCED,24.9274
2025-03-07,NVDL,NVDL,81499000.0,41.16,0.037,3297546000.0,81499000.0,0.0,0.2048,401411000.0,-261835000.0,BALANCED,31.121
2025-03-10,NVDL,NVDL,50653000.0,36.98,-0.1017,3348199000.0,50653000.0,0.0,0.0522,347152000.0,-212326000.0,BALANCED,29.3048
2025-03-11,NVDL,NVDL,-4585000.0,38.19,0.0329,3343614000.0,0.0,-4585000.0,-0.0638,304385000.0,-24243000.0,BALANCED,6.4049
2025-03-12,NVDL,NVDL,-22835000.0,43.09,0.1284,3320779000.0,0.0,-22835000.0,-0.1575,142052000.0,99276000.0,BALANCED,2.0616
2025-03-13,NVDL,NVDL,-62293000.0,42.96,-0.0031,3258486000.0,0.0,-62293000.0,-0.3948,42439000.0,85683000.0,BALANCED,-5.8701
2025-03-14,NVDL,NVDL,11382000.0,47.43,0.104,3269868000.0,11382000.0,0.0,0.1538,-27678000.0,264690000.0,BALANCED,-4.1559
2025-03-17,NVDL,NVDL,16467000.0,45.74,-0.0356,3286335000.0,16467000.0,0.0,0.2494,-61864000.0,655535000.0,BALANCED,0.2362
2025-03-18,NVDL,NVDL,62598000.0,42.58,-0.0691,3348933000.0,62598000.0,0.0,0.6054,5319000.0,786005000.0,BALANCED,31.1361
2025-03-19,NVDL,NVDL,-17208000.0,44.1,0.0358,3331725000.0,0.0,-17208000.0,-0.0001,10946000.0,772697000.0,BALANCED,7.9983
2025-03-20,NVDL,NVDL,-7174000.0,44.84,0.0168,3324551000.0,0.0,-7174000.0,0.0226,66065000.0,922316000.0,BALANCED,6.5645
2025-03-21,NVDL,NVDL,21206000.0,44.17,-0.0151,3345757000.0,21206000.0,0.0,0.2245,75889000.0,1016684000.0,BALANCED,17.6118
2025-03-24,NVDL,NVDL,-73680000.0,46.93,0.0626,3272077000.0,0.0,-73680000.0,-0.5054,-14258000.0,965694000.0,BALANCED,-24.6349
2025-03-25,NVDL,NVDL,6022000.0,46.35,-0.0122,3278099000.0,6022000.0,0.0,0.0739,-70834000.0,978673000.0,BALANCED,-6.1524
2025-03-26,NVDL,NVDL,27487000.0,41.02,-0.1152,3305586000.0,27487000.0,0.0,0.2074,-26139000.0,934380000.0,BALANCED,-0.8149
2025-03-27,NVDL,NVDL,5895000.0,39.32,-0.0414,3311481000.0,5895000.0,0.0,0.0107,-13070000.0,722831000.0,BALANCED,-3.7318
2025-03-28,NVDL,NVDL,21669000.0,38.02,-0.033,3333150000.0,21669000.0,0.0,0.0941,-12607000.0,437015000.0,BALANCED,0.3527
2025-03-31,NVDL,NVDL,5936000.0,37.11,-0.024,3339086000.0,5936000.0,0.0,-0.201,67009000.0,338039000.0,BALANCED,14.975
2025-04-01,NVDL,NVDL,382000.0,38.31,0.0322,3339468000.0,382000.0,0.0,-0.2953,61369000.0,300239000.0,BALANCED,14.6163
2025-04-02,NVDL,NVDL,-33084000.0,38.48,0.0045,3306384000.0,0.0,-33084000.0,-0.6677,798000.0,127657000.0,BALANCED,-8.6928
2025-04-03,NVDL,NVDL,59717000.0,32.45,-0.1565,3366101000.0,59717000.0,0.0,0.345,54620000.0,150054000.0,BALANCED,20.6256
2025-04-04,NVDL,NVDL,294084000.0,27.64,-0.1484,3660185000.0,294084000.0,0.0,2.7538,327035000.0,362639000.0,ACCUMULATION,82.8462
2025-04-07,NVDL,NVDL,186956000.0,29.58,0.0703,3847141000.0,186956000.0,0.0,1.4523,508055000.0,498942000.0,BALANCED,52.3064
2025-04-08,NVDL,NVDL,-95478000.0,28.76,-0.0278,3751663000.0,0.0,-95478000.0,-1.4892,412195000.0,408049000.0,BALANCED,-29.2303
2025-04-09,NVDL,NVDL,-63572000.0,39.49,0.373,3688091000.0,0.0,-63572000.0,-1.0896,381707000.0,367312000.0,BALANCED,-21.2405
2025-04-10,NVDL,NVDL,11489000.0,34.81,-0.1185,3699580000.0,11489000.0,0.0,-0.2742,333479000.0,441094000.0,BALANCED,5.1448
2025-04-11,NVDL,NVDL,-77955000.0,36.94,0.0613,3621625000.0,0.0,-77955000.0,-1.2728,-38560000.0,351757000.0,BALANCED,-43.8201
2025-04-14,NVDL,NVDL,-20230000.0,36.78,-0.0042,3601395000.0,0.0,-20230000.0,-0.5084,-245746000.0,315060000.0,BALANCED,-26.7105
2025-04-15,NVDL,NVDL,-64193000.0,37.76,0.0265,3537202000.0,0.0,-64193000.0,-1.0032,-214461000.0,188269000.0,BALANCED,-41.0799
2025-04-16,NVDL,NVDL,-111661000.0,32.55,-0.1379,3425541000.0,0.0,-111661000.0,-1.4917,-262550000.0,93816000.0,BALANCED,-55.2914
2025-04-17,NVDL,NVDL,31858000.0,30.63,-0.059,3457399000.0,31858000.0,0.0,0.2965,-242181000.0,132848000.0,BALANCED,-0.5872
2025-04-21,NVDL,NVDL,66322000.0,27.87,-0.0903,3523721000.0,66322000.0,0.0,0.7359,-97904000.0,177964000.0,BALANCED,12.3976
2025-04-22,NVDL,NVDL,-64367000.0,28.99,0.0405,3459354000.0,0.0,-64367000.0,-0.8457,-142041000.0,187277000.0,BALANCED,-33.1415
2025-04-23,NVDL,NVDL,-75851000.0,31.22,0.0766,3383503000.0,0.0,-75851000.0,-0.9436,-153699000.0,105404000.0,BALANCED,-37.5911
2025-04-24,NVDL,NVDL,-44840000.0,33.46,0.072,3338663000.0,0.0,-44840000.0,-0.5533,-86878000.0,33077000.0,BALANCED,-29.8335
2025-04-25,NVDL,NVDL,-81293000.0,36.29,0.0845,3257370000.0,0.0,-81293000.0,-0.9827,-200029000.0,-54111000.0,BALANCED,-42.5678
2025-04-28,NVDL,NVDL,-29924000.0,34.79,-0.0413,3227446000.0,0.0,-29924000.0,-0.3442,-296275000.0,-105704000.0,BALANCED,-28.6047
2025-04-29,NVDL,NVDL,-24125000.0,34.97,0.0049,3203321000.0,0.0,-24125000.0,-0.2578,-256033000.0,-135765000.0,BALANCED,-28.4438
2025-04-30,NVDL,NVDL,-9065000.0,34.89,-0.0022,3194256000.0,0.0,-9065000.0,-0.0477,-189247000.0,-145212000.0,BALANCED,-25.1927
2025-05-01,NVDL,NVDL,-132830000.0,36.59,0.0489,3061426000.0,0.0,-132830000.0,-1.4536,-277237000.0,-244958000.0,BALANCED,-62.34
2025-05-02,NVDL,NVDL,-63810000.0,38.44,0.0505,2997616000.0,0.0,-63810000.0,-0.6169,-259754000.0,-368485000.0,BALANCED,-43.4235
2025-05-05,NVDL,NVDL,-64550000.0,37.97,-0.0122,2933066000.0,0.0,-64550000.0,-0.59,-294380000.0,-727119000.0,BALANCED,-44.7507
2025-05-06,NVDL,NVDL,-24553000.0,37.77,-0.0053,2908513000.0,0.0,-24553000.0,-0.1456,-294808000.0,-938628000.0,BALANCED,-33.6412
2025-05-07,NVDL,NVDL,-801000.0,40.1,0.0617,2907712000.0,0.0,-801000.0,0.1353,-286544000.0,-843951000.0,BALANCED,-26.6175
2025-05-08,NVDL,NVDL,-28612000.0,40.3,0.0049,2879100000.0,0.0,-28612000.0,-0.1693,-182326000.0,-808991000.0,BALANCED,-34.232
2025-05-09,NVDL,NVDL,-4774000.0,39.75,-0.0135,2874326000.0,0.0,-4774000.0,0.1153,-123290000.0,-825254000.0,BALANCED,-27.1175
2025-05-12,NVDL,NVDL,-25992000.0,44.07,0.1085,2848334000.0,0.0,-25992000.0,-0.116,-84732000.0,-773291000.0,BALANCED,-32.9011
2025-05-13,NVDL,NVDL,-3920000.0,49.0,0.1121,2844414000.0,0.0,-3920000.0,0.1485,-64099000.0,-756981000.0,BALANCED,-26.288
2025-05-14,NVDL,NVDL,-45112000.0,53.07,0.0829,2799302000.0,0.0,-45112000.0,-0.3199,-108410000.0,-737900000.0,BALANCED,-37.9963
2025-05-15,NVDL,NVDL,-34217000.0,52.65,-0.0079,2765085000.0,0.0,-34217000.0,-0.1908,-114015000.0,-660456000.0,BALANCED,-34.7708
2025-05-16,NVDL,NVDL,-49850000.0,53.03,0.0073,2715235000.0,0.0,-49850000.0,-0.3366,-159091000.0,-742164000.0,BALANCED,-38.4153
2025-05-19,NVDL,NVDL,34016000.0,53.15,0.0022,2749251000.0,34016000.0,0.0,1.075,-99083000.0,-774470000.0,BALANCED,18.8752
2025-05-20,NVDL,NVDL,4694000.0,52.18,-0.0182,2753945000.0,4694000.0,0.0,0.9286,-90469000.0,-705409000.0,BALANCED,17.2146
2025-05-21,NVDL,NVDL,-289033000.0,50.18,-0.0384,2464912000.0,0.0,-289033000.0,-3.8923,-334390000.0,-918591000.0,DISTRIBUTION,-100.0
2025-05-22,NVDL,NVDL,-148757000.0,50.95,0.0153,2316155000.0,0.0,-148757000.0,-1.5598,-448930000.0,-1022508000.0,DISTRIBUTION,-52.9958
2025-05-23,NVDL,NVDL,-29811000.0,49.69,-0.0247,2286344000.0,0.0,-29811000.0,0.2651,-428891000.0,-971026000.0,BALANCED,-9.3719
2025-05-27,NVDL,NVDL,-42297000.0,52.86,0.0639,2244047000.0,0.0,-42297000.0,0.0557,-505204000.0,-983399000.0,BALANCED,-16.6065
2025-05-28,NVDL,NVDL,-26671000.0,52.31,-0.0105,2217376000.0,0.0,-26671000.0,0.2999,-536569000.0,-985945000.0,BALANCED,-12.5035
2025-05-29,NVDL,NVDL,-189336000.0,55.69,0.0646,2028040000.0,0.0,-189336000.0,-1.988,-436872000.0,-1166216000.0,DISTRIBUTION,-71.7007
2025-05-30,NVDL,NVDL,-63909000.0,52.38,-0.0594,1964131000.0,0.0,-63909000.0,-0.2201,-352024000.0,-1097295000.0,BALANCED,-29.5034
2025-06-02,NVDL,NVDL,-23266000.0,54.11,0.033,1940865000.0,0.0,-23266000.0,0.4041,-345479000.0,-1056751000.0,BALANCED,-15.8982
2025-06-03,NVDL,NVDL,-83950000.0,57.11,0.0554,1856915000.0,0.0,-83950000.0,-0.4433,-387132000.0,-1076151000.0,BALANCED,-39.0827
2025-06-04,NVDL,NVDL,-29977000.0,57.65,0.0096,1826938000.0,0.0,-29977000.0,0.3807,-390438000.0,-1081575000.0,BALANCED,-20.4819
2025-06-05,NVDL,NVDL,-42052000.0,56.07,-0.0275,1784886000.0,0.0,-42052000.0,0.1753,-243154000.0,-1122826000.0,BALANCED,-25.6176
2025-06-06,NVDL,NVDL,-103884000.0,57.39,0.0236,1681002000.0,0.0,-103884000.0,-0.7513,-283129000.0,-1198098000.0,BALANCED,-48.7821
2025-06-09,NVDL,NVDL,-5813000.0,58.11,0.0126,1675189000.0,0.0,-5813000.0,0.7203,-265676000.0,-1199137000.0,BALANCED,-11.9919
2025-06-10,NVDL,NVDL,37874000.0,59.18,0.0183,1713063000.0,37874000.0,0.0,1.3165,-143852000.0,-1135271000.0,BALANCED,24.9131
2025-06-11,NVDL,NVDL,-16884000.0,58.24,-0.0159,1696179000.0,0.0,-16884000.0,0.4962,-130759000.0,-1148235000.0,BALANCED,0.4044
2025-06-12,NVDL,NVDL,-48593000.0,59.99,0.0301,1647586000.0,0.0,-48593000.0,0.0444,-137300000.0,-1151716000.0,BALANCED,-12.8908
2025-06-13,NVDL,NVDL,-38473000.0,57.42,-0.0428,1609113000.0,0.0,-38473000.0,0.1529,-71889000.0,-1155972000.0,BALANCED,-12.1786
2025-06-16,NVDL,NVDL,-33372000.0,59.6,0.038,1575741000.0,0.0,-33372000.0,0.2157,-99448000.0,-1139494000.0,BALANCED,-12.6063
2025-06-17,NVDL,NVDL,-26012000.0,59.11,-0.0082,1549729000.0,0.0,-26012000.0,0.3091,-163334000.0,-1199522000.0,BALANCED,-12.2732
2025-06-18,NVDL,NVDL,-43941000.0,60.19,0.0182,1505788000.0,0.0,-43941000.0,0.0434,-190391000.0,-1248157000.0,BALANCED,-20.9152
2025-06-20,NVDL,NVDL,-104036000.0,58.78,-0.0234,1401752000.0,0.0,-104036000.0,-0.8267,-245834000.0,-1063160000.0,BALANCED,-44.6681
2025-06-23,NVDL,NVDL,-11217000.0,59.02,0.0041,1390535000.0,0.0,-11217000.0,0.5872,-218578000.0,-925620000.0,BALANCED,-11.3197
2025-06-24,NVDL,NVDL,-50270000.0,62.06,0.0514,1340265000.0,0.0,-50270000.0,0.0133,-235476000.0,-946079000.0,BALANCED,-27.6664
2025-06-25,NVDL,NVDL,11460000.0,67.41,0.0862,1351725000.0,11460000.0,0.0,0.9337,-198004000.0,-892322000.0,BALANCED,15.3429
2025-06-26,NVDL,NVDL,-23127000.0,68.02,0.009,1328598000.0,0.0,-23127000.0,0.4194,-177190000.0,-888778000.0,BALANCED,-1.5149
2025-06-27,NVDL,NVDL,518319000.0,70.33,0.034,1846917000.0,518319000.0,0.0,4.4822,445165000.0,-181123000.0,ACCUMULATION,100.0
2025-06-30,NVDL,NVDL,-638048000.0,70.5,0.0025,1208869000.0,0.0,-638048000.0,-3.5466,-181666000.0,-755262000.0,DISTRIBUTION,-100.0
2025-07-01,NVDL,NVDL,-54375000.0,66.31,-0.0594,1154494000.0,0.0,-54375000.0,-0.0142,-185771000.0,-786371000.0,BALANCED,-14.3555
2025-07-02,NVDL,NVDL,-43223000.0,69.71,0.0513,1111271000.0,0.0,-43223000.0,0.0692,-240454000.0,-745644000.0,BALANCED,-14.271
2025-07-03,NVDL,NVDL,-33592000.0,71.47,0.0253,1077679000.0,0.0,-33592000.0,0.1357,-250919000.0,-749259000.0,BALANCED,-14.6065
2025-07-07,NVDL,NVDL,-33821000.0,70.47,-0.0141,1043858000.0,0.0,-33821000.0,0.0857,-803059000.0,-741028000.0,BALANCED,-17.8587
2025-07-08,NVDL,NVDL,-25930000.0,72.01,0.0219,1017928000.0,0.0,-25930000.0,0.1104,-190941000.0,-663074000.0,BALANCED,-19.2389
2025-07-09,NVDL,NVDL,-35051000.0,74.58,0.0357,982877000.0,0.0,-35051000.0,0.0535,-171617000.0,-692312000.0,BALANCED,-22.663
2025-07-10,NVDL,NVDL,24971000.0,75.67,0.0145,1007848000.0,24971000.0,0.0,0.4201,-103423000.0,-705215000.0,BALANCED,2.5028
2025-07-11,NVDL,NVDL,-64139000.0,76.35,0.0091,943709000.0,0.0,-64139000.0,-0.1376,-133970000.0,-752470000.0,BALANCED,-15.4407
2025-07-14,NVDL,NVDL,-11329000.0,75.55,-0.0106,932380000.0,0.0,-11329000.0,0.1624,-111478000.0,-715206000.0,BALANCED,-9.9409
2025-07-15,NVDL,NVDL,-24488000.0,81.63,0.0805,907892000.0,0.0,-24488000.0,0.0691,-110036000.0,-701221000.0,BALANCED,-14.272
2025-07-16,NVDL,NVDL,32075000.0,82.24,0.0076,939967000.0,32075000.0,0.0,0.4206,-42910000.0,-635774000.0,BALANCED,2.5161
2025-07-17,NVDL,NVDL,-19271000.0,83.78,0.0187,920696000.0,0.0,-19271000.0,0.0769,-87152000.0,-629033000.0,BALANCED,-10.0784
2025-07-18,NVDL,NVDL,34080000.0,83.13,-0.0078,954776000.0,34080000.0,0.0,0.4055,11067000.0,-551012000.0,BALANCED,22.137
2025-07-21,NVDL,NVDL,-59121000.0,82.11,-0.0122,895655000.0,0.0,-59121000.0,-0.1892,-36725000.0,-506097000.0,BALANCED,-16.7296
2025-07-22,NVDL,NVDL,-16363000.0,77.92,-0.051,879292000.0,0.0,-16363000.0,0.0668,-28600000.0,-511243000.0,BALANCED,-12.3311
2025-07-23,NVDL,NVDL,18722000.0,81.4,0.0447,898014000.0,18722000.0,0.0,0.2872,-41953000.0,-442251000.0,BALANCED,-0.8198
2025-07-24,NVDL,NVDL,-57250000.0,84.19,0.0343,840764000.0,0.0,-57250000.0,-0.1818,-79932000.0,-510961000.0,BALANCED,-16.5438
2025-07-25,NVDL,NVDL,-51173000.0,83.89,-0.0036,789591000.0,0.0,-51173000.0,-0.1351,-165185000.0,-539007000.0,BALANCED,-17.3787
2025-07-28,NVDL,NVDL,-44362000.0,86.99,0.037,745229000.0,0.0,-44362000.0,-0.0921,-150426000.0,-1101688000.0,BALANCED,-18.3034
2025-07-29,NVDL,NVDL,-2577000.0,85.74,-0.0143,742652000.0,0.0,-2577000.0,0.1696,-136640000.0,-466217000.0,BALANCED,-13.7599
2025-07-30,NVDL,NVDL,-24132000.0,89.39,0.0425,718520000.0,0.0,-24132000.0,0.0286,-179494000.0,-435974000.0,BALANCED,-19.284
2025-07-31,NVDL,NVDL,-24630000.0,87.97,-0.0159,693890000.0,0.0,-24630000.0,0.0251,-146874000.0,-417381000.0,BALANCED,-21.3717
2025-08-01,NVDL,NVDL,-46927000.0,83.8,-0.0474,646963000.0,0.0,-46927000.0,-0.118,-142628000.0,-430716000.0,BALANCED,-26.9494
2025-08-04,NVDL,NVDL,17964000.0,89.82,0.0718,664927000.0,17964000.0,0.0,0.275,-80302000.0,-378931000.0,BALANCED,-1.1262
2025-08-05,NVDL,NVDL,-44910000.0,88.05,-0.0196,620017000.0,0.0,-44910000.0,-0.1243,-122635000.0,-397911000.0,BALANCED,-15.1073
2025-08-06,NVDL,NVDL,-12486000.0,89.18,0.0127,607531000.0,0.0,-12486000.0,0.0772,-110989000.0,-375346000.0,BALANCED,-12.0699
2025-08-07,NVDL,NVDL,-7237000.0,90.49,0.0148,600294000.0,0.0,-7237000.0,0.1153,-93596000.0,-407554000.0,BALANCED,-13.1184
2025-08-08,NVDL,NVDL,-108972000.0,92.35,0.0205,491322000.0,0.0,-108972000.0,-0.5221,-155641000.0,-452387000.0,BALANCED,-31.0513
2025-08-11,NVDL,NVDL,-67837000.0,91.67,-0.0073,423485000.0,0.0,-67837000.0,-0.1756,-241442000.0,-508895000.0,BALANCED,-24.3899
2025-08-12,NVDL,NVDL,15764000.0,92.74,0.0116,439249000.0,15764000.0,0.0,1.2482,-180768000.0,-468643000.0,BALANCED,23.2053
2025-08-13,NVDL,NVDL,-9112000.0,91.12,-0.0174,430137000.0,0.0,-9112000.0,0.4575,-177394000.0,-509830000.0,BALANCED,-0.5621
2025-08-14,NVDL,NVDL,-85125000.0,91.53,0.0045,345012000.0,0.0,-85125000.0,-1.7248,-255282000.0,-575684000.0,DISTRIBUTION,-57.1204
2025-08-15,NVDL,NVDL,-2697000.0,89.88,-0.0181,342315000.0,0.0,-2697000.0,0.6277,-149007000.0,-612461000.0,BALANCED,-0.3084
2025-08-18,NVDL,NVDL,-72205000.0,91.4,0.017,270110000.0,0.0,-72205000.0,-1.2964,-153375000.0,-625545000.0,BALANCED,-50.4103
2025-08-19,NVDL,NVDL,29735000.0,84.96,-0.0705,299845000.0,29735000.0,0.0,1.4424,-139404000.0,-579447000.0,BALANCED,28.0607
2025-08-20,NVDL,NVDL,50822000.0,84.7,-0.003,350667000.0,50822000.0,0.0,1.8177,-79470000.0,-547347000.0,ACCUMULATION,39.442
2025-08-21,NVDL,NVDL,13483000.0,84.28,-0.0051,364150000.0,13483000.0,0.0,0.8925,19138000.0,-476614000.0,BALANCED,38.3137
2025-08-22,NVDL,NVDL,-10453000.0,87.1,0.0335,353697000.0,0.0,-10453000.0,0.2403,11382000.0,-435894000.0,BALANCED,14.0071
2025-08-25,NVDL,NVDL,163489000.0,88.85,0.0201,517186000.0,163489000.0,0.0,3.4846,247076000.0,-228043000.0,ACCUMULATION,99.1157
2025-08-26,NVDL,NVDL,47190000.0,90.75,0.0214,564376000.0,47190000.0,0.0,1.1268,264531000.0,-178276000.0,BALANCED,42.1702
2025-08-27,NVDL,NVDL,114097000.0,90.55,-0.0022,678473000.0,114097000.0,0.0,2.1783,327806000.0,-40047000.0,ACCUMULATION,70.4574
2025-08-28,NVDL,NVDL,12472000.0,89.1,-0.016,690945000.0,12472000.0,0.0,0.3565,326795000.0,-2945000.0,BALANCED,26.9114
2025-08-29,NVDL,NVDL,113810000.0,83.07,-0.0677,804755000.0,113810000.0,0.0,1.9718,451058000.0,157792000.0,ACCUMULATION,69.2951
2025-09-02,NVDL,NVDL,-1000.0,79.81,-0.0392,804754000.0,0.0,-1000.0,0.051,287568000.0,139827000.0,BALANCED,9.2752
2025-09-03,NVDL,NVDL,-61307000.0,79.62,-0.0024,743447000.0,0.0,-61307000.0,-0.9417,179071000.0,123430000.0,BALANCED,-17.5432
2025-09-04,NVDL,NVDL,-21755000.0,80.57,0.0119,721692000.0,0.0,-21755000.0,-0.2637,43219000.0,114161000.0,BALANCED,-2.5929
2025-09-05,NVDL,NVDL,1524000.0,76.15,-0.0549,723216000.0,1524000.0,0.0,0.0916,32271000.0,122922000.0,BALANCED,14.2894
2025-09-08,NVDL,NVDL,-41738000.0,77.3,0.0151,681478000.0,0.0,-41738000.0,-0.6442,-123277000.0,190156000.0,BALANCED,-28.1055
2025-09-09,NVDL,NVDL,72366000.0,79.52,0.0288,753844000.0,72366000.0,0.0,1.1963,-50910000.0,330359000.0,BALANCED,21.9082
2025-09-10,NVDL,NVDL,-176374000.0,85.62,0.0766,577470000.0,0.0,-176374000.0,-2.5,-165977000.0,138221000.0,DISTRIBUTION,-74.5007
2025-09-11,NVDL,NVDL,-12820000.0,85.45,-0.002,564650000.0,0.0,-12820000.0,-0.1127,-157042000.0,134513000.0,BALANCED,-16.8163
2025-09-12,NVDL,NVDL,-44712000.0,85.99,0.0064,519938000.0,0.0,-44712000.0,-0.5675,-203278000.0,174926000.0,BALANCED,-30.1882
2025-09-15,NVDL,NVDL,5151000.0,85.9,-0.0011,525089000.0,5151000.0,0.0,0.1352,-156389000.0,182774000.0,BALANCED,-4.62
2025-09-16,NVDL,NVDL,61497000.0,83.1,-0.0325,586586000.0,61497000.0,0.0,0.9279,-167258000.0,316476000.0,BALANCED,17.1975
2025-09-17,NVDL,NVDL,100750000.0,78.71,-0.0529,687336000.0,100750000.0,0.0,1.3854,109866000.0,387491000.0,BALANCED,50.6347
2025-09-18,NVDL,NVDL,-76593000.0,84.17,0.0694,610743000.0,0.0,-76593000.0,-1.0578,46093000.0,260076000.0,BALANCED,-18.4443
2025-09-19,NVDL,NVDL,102258000.0,84.51,0.004,713001000.0,102258000.0,0.0,1.316,193063000.0,348851000.0,BALANCED,44.901
2025-09-22,NVDL,NVDL,-85658000.0,91.12,0.0782,627343000.0,0.0,-85658000.0,-1.223,102254000.0,273646000.0,BALANCED,-22.5741
2025-09-23,NVDL,NVDL,-7738000.0,85.96,-0.0567,619605000.0,0.0,-7738000.0,-0.1968,33019000.0,102419000.0,BALANCED,1.0789
2025-09-24,NVDL,NVDL,-34653000.0,84.53,-0.0167,584952000.0,0.0,-34653000.0,-0.5421,-102384000.0,20576000.0,BALANCED,-29.5524
2025-09-25,NVDL,NVDL,-63034000.0,85.18,0.0077,521918000.0,0.0,-63034000.0,-0.8944,-88825000.0,-156555000.0,BALANCED,-40.3598
2025-09-26,NVDL,NVDL,856000.0,85.59,0.0048,522774000.0,856000.0,0.0,-0.0704,-190227000.0,-168171000.0,BALANCED,-9.7601
2025-09-29,NVDL,NVDL,130930000.0,89.07,0.0407,653704000.0,130930000.0,0.0,1.5967,26361000.0,-151051000.0,ACCUMULATION,53.9179
2025-09-30,NVDL,NVDL,-43079000.0,93.65,0.0514,610625000.0,0.0,-43079000.0,-0.7298,-8980000.0,-194129000.0,BALANCED,-30.2448
2025-10-01,NVDL,NVDL,-64125000.0,94.31,0.007,546500000.0,0.0,-64125000.0,-0.9552,-38452000.0,-196947000.0,BALANCED,-37.8788
2025-10-02,NVDL,NVDL,-10553000.0,95.94,0.0173,535947000.0,0.0,-10553000.0,-0.2219,14029000.0,-185745000.0,BALANCED,-1.5481
2025-10-03,NVDL,NVDL,-68092000.0,94.57,-0.0143,467855000.0,0.0,-68092000.0,-0.9344,-54919000.0,-255361000.0,BALANCED,-41.3603
2025-10-06,NVDL,NVDL,-48988000.0,92.43,-0.0227,418867000.0,0.0,-48988000.0,-0.6633,-234837000.0,-262611000.0,BALANCED,-36.5818
2025-10-07,NVDL,NVDL,-68010000.0,91.91,-0.0057,350857000.0,0.0,-68010000.0,-0.8696,-259768000.0,-402987000.0,BALANCED,-43.7389
2025-10-08,NVDL,NVDL,-57554000.0,95.92,0.0437,293303000.0,0.0,-57554000.0,-0.6764,-253197000.0,-284167000.0,BALANCED,-40.91
2025-10-09,NVDL,NVDL,-16900000.0,99.4,0.0363,276403000.0,0.0,-16900000.0,-0.0515,-259544000.0,-288247000.0,BALANCED,-27.2886
2025-10-10,NVDL,NVDL,8963000.0,89.61,-0.0986,285366000.0,8963000.0,0.0,0.3315,-182489000.0,-234572000.0,BALANCED,0.288
2025-10-13,NVDL,NVDL,-37858000.0,94.65,0.0563,247508000.0,0.0,-37858000.0,-0.3036,-171359000.0,-277581000.0,BALANCED,-19.5902
2025-10-14,NVDL,NVDL,78526000.0,86.29,-0.0883,326034000.0,78526000.0,0.0,1.4342,-24823000.0,-260552000.0,BALANCED,27.8549
2025-10-15,NVDL,NVDL,261675000.0,86.08,-0.0025,587709000.0,261675000.0,0.0,3.2345,294406000.0,-99627000.0,ACCUMULATION,94.8633
2025-10-16,NVDL,NVDL,-22865000.0,87.94,0.0217,564844000.0,0.0,-22865000.0,-0.2137,288441000.0,-45899000.0,BALANCED,2.6564
2025-10-17,NVDL,NVDL,-1783000.0,89.22,0.0145,563061000.0,0.0,-1783000.0,0.0431,277695000.0,-149940000.0,BALANCED,7.0773
2025-10-20,NVDL,NVDL,7974000.0,88.63,-0.0066,571035000.0,7974000.0,0.0,0.1417,323527000.0,-56308000.0,BALANCED,15.5427
2025-10-21,NVDL,NVDL,-2000.0,87.17,-0.0165,571033000.0,0.0,-2000.0,0.0752,244999000.0,-48572000.0,BALANCED,9.8803
2025-10-22,NVDL,NVDL,-12076000.0,86.29,-0.01,558957000.0,0.0,-12076000.0,-0.1541,-28752000.0,-25995000.0,BALANCED,-17.8522
2025-10-23,NVDL,NVDL,-40513000.0,88.07,0.0206,518444000.0,0.0,-40513000.0,-0.5218,-46400000.0,-3474000.0,BALANCED,-29.0443
2025-10-24,NVDL,NVDL,-63439000.0,91.94,0.044,455005000.0,0.0,-63439000.0,-0.8154,-108056000.0,-67769000.0,BALANCED,-38.3858
2025-10-27,NVDL,NVDL,-37862000.0,97.08,0.0558,417143000.0,0.0,-37862000.0,-0.4544,-153892000.0,-236561000.0,BALANCED,-31.3593
2025-10-28,NVDL,NVDL,-140857000.0,106.71,0.0993,276286000.0,0.0,-140857000.0,-1.6652,-294747000.0,-334339000.0,DISTRIBUTION,-63.6299
2025-10-29,NVDL,NVDL,4522000.0,113.06,0.0595,280808000.0,4522000.0,0.0,0.2391,-278149000.0,-265692000.0,BALANCED,-2.023
2025-10-30,NVDL,NVDL,-5423000.0,108.5,-0.0403,275385000.0,0.0,-5423000.0,0.0771,-243059000.0,-260562000.0,BALANCED,-10.0727
2025-10-31,NVDL,NVDL,-23756000.0,107.98,-0.0048,251629000.0,0.0,-23756000.0,-0.1171,-203376000.0,-216226000.0,BALANCED,-16.9276
2025-11-03,NVDL,NVDL,-132898000.0,112.62,0.043,118731000.0,0.0,-132898000.0,-1.5748,-298412000.0,-300136000.0,DISTRIBUTION,-55.3699
2025-11-04,NVDL,NVDL,33168000.0,103.66,-0.0796,151899000.0,33168000.0,0.0,0.6573,-124387000.0,-198958000.0,BALANCED,8.4328
2025-11-05,NVDL,NVDL,4000.0,99.99,-0.0353,151903000.0,4000.0,0.0,0.1947,-128905000.0,-141400000.0,BALANCED,-1.1313
2025-11-06,NVDL,NVDL,3705000.0,92.65,-0.0735,155608000.0,3705000.0,0.0,0.2161,-119777000.0,-120795000.0,BALANCED,1.4037
2025-11-07,NVDL,NVDL,-33351000.0,92.64,-0.0001,122257000.0,0.0,-33351000.0,-0.2714,-129372000.0,-163109000.0,BALANCED,-18.7856
2025-11-10,NVDL,NVDL,79548000.0,103.31,0.1152,201805000.0,79548000.0,0.0,1.3371,83074000.0,-45703000.0,BALANCED,45.4281
2025-11-11,NVDL,NVDL,168135000.0,97.19,-0.0592,369940000.0,168135000.0,0.0,2.2581,218041000.0,43906000.0,ACCUMULATION,70.4537
2025-11-12,NVDL,NVDL,75309000.0,97.8,0.0063,445249000.0,75309000.0,0.0,0.9998,293346000.0,-142460000.0,BALANCED,40.9941
2025-11-13,NVDL,NVDL,174300000.0,90.78,-0.0718,619549000.0,174300000.0,0.0,2.0155,463941000.0,54705000.0,ACCUMULATION,68.3871
2025-11-14,NVDL,NVDL,35685000.0,93.91,0.0344,655234000.0,35685000.0,0.0,0.3495,532977000.0,92173000.0,BALANCED,28.7385
2025-11-17,NVDL,NVDL,-19881000.0,90.36,-0.0378,635353000.0,0.0,-19881000.0,-0.3236,433548000.0,64318000.0,BALANCED,-0.0907
2025-11-18,NVDL,NVDL,3409000.0,85.27,-0.0564,638762000.0,3409000.0,0.0,-0.075,268822000.0,67729000.0,BALANCED,10.1254
2025-11-19,NVDL,NVDL,7208000.0,90.1,0.0567,645970000.0,7208000.0,0.0,-0.0558,200721000.0,87013000.0,BALANCED,12.6059
2025-11-20,NVDL,NVDL,-16876000.0,84.39,-0.0633,629094000.0,0.0,-16876000.0,-0.3511,9545000.0,110650000.0,BALANCED,-0.7778
2025-11-21,NVDL,NVDL,-5786000.0,82.68,-0.0203,623308000.0,0.0,-5786000.0,-0.2089,-31926000.0,168303000.0,BALANCED,-19.2233
2025-11-24,NVDL,NVDL,6018000.0,86.03,0.0406,629326000.0,6018000.0,0.0,-0.0827,-6027000.0,212183000.0,BALANCED,-10.0685
2025-11-25,NVDL,NVDL,91345000.0,81.55,-0.052,720671000.0,91345000.0,0.0,0.9596,81909000.0,444385000.0,BALANCED,37.9901
2025-11-26,NVDL,NVDL,9210000.0,83.75,0.0269,729881000.0,9210000.0,0.0,0.0671,83911000.0,449073000.0,BALANCED,17.678
2025-11-28,NVDL,NVDL,-1611000.0,80.65,-0.037,728270000.0,0.0,-1611000.0,-0.1063,99176000.0,452885000.0,BALANCED,5.3432
2025-12-01,NVDL,NVDL,-14993000.0,83.28,0.0326,713277000.0,0.0,-14993000.0,-0.3007,89969000.0,461648000.0,BALANCED,-1.5175
2025-12-02,NVDL,NVDL,-7621000.0,84.69,0.0168,705656000.0,0.0,-7621000.0,-0.1819,76330000.0,586925000.0,BALANCED,-0.5487
2025-12-03,NVDL,NVDL,-20729000.0,82.9,-0.0211,684927000.0,0.0,-20729000.0,-0.3677,-35744000.0,533028000.0,BALANCED,-27.1918
2025-12-04,NVDL,NVDL,-8636000.0,86.38,0.042,676291000.0,0.0,-8636000.0,-0.1882,-53590000.0,524388000.0,BALANCED,-24.7043
2025-12-05,NVDL,NVDL,-1708000.0,85.4,-0.0114,674583000.0,0.0,-1708000.0,-0.1045,-53687000.0,518975000.0,BALANCED,-24.612
2025-12-08,NVDL,NVDL,-85666000.0,88.32,0.0341,588917000.0,0.0,-85666000.0,-1.3437,-124360000.0,466660000.0,BALANCED,-57.5926
2025-12-09,NVDL,NVDL,-12283000.0,87.74,-0.0065,576634000.0,0.0,-12283000.0,-0.2639,-129022000.0,374829000.0,BALANCED,-32.5984
2025-12-10,NVDL,NVDL,-23378000.0,86.59,-0.0131,553256000.0,0.0,-23378000.0,-0.5345,-131671000.0,183316000.0,BALANCED,-41.3631
2025-12-11,NVDL,NVDL,-39416000.0,83.86,-0.0315,513840000.0,0.0,-39416000.0,-0.7654,-162451000.0,68591000.0,BALANCED,-49.1339
2025-12-12,NVDL,NVDL,-784000.0,78.33,-0.066,513056000.0,0.0,-784000.0,-0.1413,-161527000.0,-106493000.0,BALANCED,-33.5322
2025-12-15,NVDL,NVDL,-41309000.0,79.44,0.0142,471747000.0,0.0,-41309000.0,-0.7844,-117170000.0,-183487000.0,BALANCED,-49.6109
2025-12-16,NVDL,NVDL,18559000.0,80.71,0.0159,490306000.0,18559000.0,0.0,0.1101,-86328000.0,-145047000.0,BALANCED,-5.2483
2025-12-17,NVDL,NVDL,60362000.0,74.52,-0.0767,550668000.0,60362000.0,0.0,0.8309,-2588000.0,-88094000.0,BALANCED,14.7721
2025-12-18,NVDL,NVDL,36323000.0,77.29,0.0372,586991000.0,36323000.0,0.0,0.3845,73151000.0,-58979000.0,BALANCED,25.6133
2025-12-19,NVDL,NVDL,14161000.0,83.31,0.0779,601152000.0,14161000.0,0.0,-0.0122,88096000.0,-27942000.0,BALANCED,17.6956
2025-12-22,NVDL,NVDL,166390000.0,85.77,0.0295,767542000.0,166390000.0,0.0,2.3254,295795000.0,144234000.0,ACCUMULATION,78.1355
2025-12-23,NVDL,NVDL,210871000.0,90.89,0.0598,978413000.0,210871000.0,0.0,2.6208,488107000.0,349087000.0,ACCUMULATION,87.5188
2025-12-24,NVDL,NVDL,-16245000.0,90.27,-0.0069,962168000.0,0.0,-16245000.0,-0.5484,411500000.0,241497000.0,BALANCED,-5.7091
2025-12-26,NVDL,NVDL,-62570000.0,92.02,0.0194,899598000.0,0.0,-62570000.0,-1.17,312607000.0,169717000.0,BALANCED,-23.2506
2025-12-29,NVDL,NVDL,-1000.0,89.76,-0.0245,899597000.0,0.0,-1000.0,-0.1576,298445000.0,171327000.0,BALANCED,0.0612
2025-12-30,NVDL,NVDL,-42766000.0,89.09,-0.0075,856831000.0,0.0,-42766000.0,-0.8278,89289000.0,143554000.0,BALANCED,-18.6941
2025-12-31,NVDL,NVDL,-69515000.0,87.99,-0.0123,787316000.0,0.0,-69515000.0,-1.2184,-191097000.0,81660000.0,BALANCED,-50.459
2026-01-02,NVDL,NVDL,-56806000.0,90.17,0.0248,730510000.0,0.0,-56806000.0,-0.9617,-231658000.0,45583000.0,BALANCED,-46.0425
2026-01-05,NVDL,NVDL,-25046000.0,89.45,-0.008,705464000.0,0.0,-25046000.0,-0.4328,-194134000.0,29173000.0,BALANCED,-34.8199
2026-01-06,NVDL,NVDL,-48719000.0,88.59,-0.0096,656745000.0,0.0,-48719000.0,-0.7873,-242852000.0,-17838000.0,BALANCED,-45.6825
2026-01-07,NVDL,NVDL,-177051000.0,90.33,0.0197,479694000.0,0.0,-177051000.0,-2.4283,-377137000.0,-109223000.0,DISTRIBUTION,-88.7076
2026-01-08,NVDL,NVDL,1727000.0,86.42,-0.0433,481421000.0,1727000.0,0.0,0.0939,-305895000.0,-95213000.0,BALANCED,-5.6533
2026-01-09,NVDL,NVDL,-74124000.0,86.19,-0.0027,407297000.0,0.0,-74124000.0,-0.9149,-323213000.0,-145959000.0,BALANCED,-34.8735
2026-01-12,NVDL,NVDL,-18969000.0,86.24,0.0006,388328000.0,0.0,-18969000.0,-0.1091,-317136000.0,-125512000.0,BALANCED,-16.7275
2026-01-13,NVDL,NVDL,-22625000.0,87.01,0.009,365703000.0,0.0,-22625000.0,-0.1516,-291042000.0,-147353000.0,BALANCED,-19.7902
2026-01-14,NVDL,NVDL,1000.0,84.49,-0.029,365704000.0,1000.0,0.0,0.1666,-113990000.0,-106043000.0,BALANCED,-3.8351
2026-01-15,NVDL,NVDL,-44920000.0,88.08,0.0424,320784000.0,0.0,-44920000.0,-0.4597,-160637000.0,-169522000.0,BALANCED,-23.4923
2026-01-16,NVDL,NVDL,110766000.0,87.22,-0.0097,431550000.0,110766000.0,0.0,1.6256,24253000.0,-119118000.0,ACCUMULATION,52.6391
2026-01-20,NVDL,NVDL,24656000.0,79.53,-0.0881,456206000.0,24656000.0,0.0,0.4348,67878000.0,-130785000.0,BALANCED,24.8692
2026-01-21,NVDL,NVDL,6737000.0,84.2,0.0587,462943000.0,6737000.0,0.0,0.1873,97240000.0,-138209000.0,BALANCED,20.6832
2026-01-22,NVDL,NVDL,-23962000.0,85.57,0.0163,438981000.0,0.0,-23962000.0,-0.2627,73277000.0,-328561000.0,BALANCED,1.4334
2026-01-23,NVDL,NVDL,-32606000.0,88.13,0.0298,406375000.0,0.0,-32606000.0,-0.3722,85591000.0,-572038000.0,BALANCED,-3.3038
2026-01-26,NVDL,NVDL,-24351000.0,86.98,-0.0131,382024000.0,0.0,-24351000.0,-0.2576,-49526000.0,-580144000.0,BALANCED,-22.44
2026-01-27,NVDL,NVDL,-79081000.0,88.85,0.0216,302943000.0,0.0,-79081000.0,-0.9821,-153263000.0,-596655000.0,BALANCED,-42.5521
2026-01-28,NVDL,NVDL,-9166000.0,91.66,0.0316,293777000.0,0.0,-9166000.0,-0.0253,-169166000.0,-605820000.0,BALANCED,-20.6328
2026-01-29,NVDL,NVDL,-96287000.0,92.59,0.0101,197490000.0,0.0,-96287000.0,-1.1634,-241491000.0,-659341000.0,BALANCED,-51.0848
2026-01-30,NVDL,NVDL,-121290000.0,91.2,-0.015,76200000.0,0.0,-121290000.0,-1.3881,-330175000.0,-711116000.0,BALANCED,-58.7036
2026-02-02,NVDL,NVDL,-19760000.0,85.9,-0.058,56440000.0,0.0,-19760000.0,-0.0431,-325584000.0,-674070000.0,BALANCED,-27.0786
2026-02-03,NVDL,NVDL,109357000.0,81.0,-0.0571,165797000.0,109357000.0,0.0,1.5617,-137146000.0,-539667000.0,ACCUMULATION,31.0416
2026-02-04,NVDL,NVDL,5278000.0,75.44,-0.0687,171075000.0,5278000.0,0.0,0.2485,-122702000.0,-485670000.0,BALANCED,0.2129
2026-02-05,NVDL,NVDL,-24960000.0,73.41,-0.0268,146115000.0,0.0,-24960000.0,-0.0597,-51375000.0,-333579000.0,BALANCED,-13.4915
2026-02-06,NVDL,NVDL,-40761000.0,84.92,0.1567,105354000.0,0.0,-40761000.0,-0.2075,29154000.0,-376067000.0,BALANCED,0.8117
2026-02-09,NVDL,NVDL,-16934000.0,89.13,0.0497,88420000.0,0.0,-16934000.0,0.217,31980000.0,-318877000.0,BALANCED,9.4255
2026-02-10,NVDL,NVDL,-25432000.0,87.7,-0.016,62988000.0,0.0,-25432000.0,0.044,-102809000.0,-325340000.0,BALANCED,-16.9005
2026-02-11,NVDL,NVDL,-19599000.0,89.08,0.0157,43389000.0,0.0,-19599000.0,0.1608,-127686000.0,-322314000.0,BALANCED,-15.9794
2026-02-12,NVDL,NVDL,-2585000.0,86.14,-0.033,40804000.0,0.0,-2585000.0,0.4417,-105311000.0,-324900000.0,BALANCED,-10.9567
2026-02-13,NVDL,NVDL,47699000.0,82.24,-0.0453,88503000.0,47699000.0,0.0,1.2508,-16851000.0,-232281000.0,BALANCED,23.2707
2026-02-17,NVDL,NVDL,-5890000.0,84.15,0.0233,82613000.0,0.0,-5890000.0,0.2781,-5807000.0,-348937000.0,BALANCED,-5.0478
2026-02-18,NVDL,NVDL,-14769000.0,86.87,0.0322,67844000.0,0.0,-14769000.0,0.1148,4856000.0,-388362000.0,BALANCED,8.87
2026-02-19,NVDL,NVDL,34710000.0,86.77,-0.0011,102554000.0,34710000.0,0.0,0.9307,59165000.0,-360389000.0,BALANCED,35.2683
2026-02-20,NVDL,NVDL,9732000.0,88.47,0.0196,112286000.0,9732000.0,0.0,0.45,71482000.0,-326695000.0,BALANCED,25.2506
2026-02-23,NVDL,NVDL,900000.0,90.06,0.0179,113186000.0,900000.0,0.0,0.2698,24683000.0,-293189000.0,BALANCED,22.7449
2026-02-24,NVDL,NVDL,-3651000.0,91.26,0.0133,109535000.0,0.0,-3651000.0,0.1323,26922000.0,-272489000.0,BALANCED,11.3073
2026-02-25,NVDL,NVDL,182903000.0,93.8,0.0278,292438000.0,182903000.0,0.0,3.1538,224594000.0,-10505000.0,ACCUMULATION,90.8446
2026-02-26,NVDL,NVDL,32578000.0,83.53,-0.1094,325016000.0,32578000.0,0.0,0.5728,222462000.0,31239000.0,BALANCED,28.3202
2026-02-27,NVDL,NVDL,205018000.0,76.5,-0.0842,530034000.0,205018000.0,0.0,2.8419,417748000.0,332544000.0,ACCUMULATION,87.0483
2026-03-02,NVDL,NVDL,40518000.0,81.03,0.0593,570552000.0,40518000.0,0.0,0.461,457366000.0,494352000.0,BALANCED,29.5253
2026-03-03,NVDL,NVDL,-16558000.0,78.85,-0.0269,553994000.0,0.0,-16558000.0,-0.3071,444459000.0,497554000.0,BALANCED,0.3227
2026-03-04,NVDL,NVDL,77373000.0,81.45,0.0329,631367000.0,77373000.0,0.0,1.0452,338929000.0,465570000.0,BALANCED,38.129
2026-03-05,NVDL,NVDL,-3270000.0,81.69,0.003,628097000.0,0.0,-3270000.0,-0.1282,303081000.0,457022000.0,BALANCED,4.7957
2026-03-06,NVDL,NVDL,-49095000.0,76.71,-0.0609,579002000.0,0.0,-49095000.0,-0.7793,48968000.0,432887000.0,BALANCED,-13.4825
2026-03-09,NVDL,NVDL,77623000.0,80.85,0.054,656625000.0,77623000.0,0.0,0.9917,86073000.0,551271000.0,BALANCED,36.7914
2026-03-10,NVDL,NVDL,-136465000.0,82.71,0.0229,520160000.0,0.0,-136465000.0,-1.8931,-33834000.0,431740000.0,DISTRIBUTION,-59.328
2026-03-11,NVDL,NVDL,-18439000.0,83.8,0.0132,501721000.0,0.0,-18439000.0,-0.3435,-129646000.0,438733000.0,BALANCED,-22.5868
2026-03-12,NVDL,NVDL,-57634000.0,81.18,-0.0313,444087000.0,0.0,-57634000.0,-0.8481,-184010000.0,400698000.0,BALANCED,-37.2015
2026-03-13,NVDL,NVDL,18069000.0,78.55,-0.0323,462156000.0,18069000.0,0.0,0.1296,-116846000.0,421352000.0,BALANCED,-4.7609
2026-03-16,NVDL,NVDL,-25147000.0,81.11,0.0326,437009000.0,0.0,-25147000.0,-0.5518,-219616000.0,348506000.0,BALANCED,-25.7945
2026-03-17,NVDL,NVDL,-5597000.0,79.95,-0.0144,431412000.0,0.0,-5597000.0,-0.2693,-88748000.0,348799000.0,BALANCED,-20.7332
2026-03-18,NVDL,NVDL,-2356000.0,78.58,-0.0171,429056000.0,0.0,-2356000.0,-0.1721,-72665000.0,361212000.0,BALANCED,-20.302
2026-03-19,NVDL,NVDL,133903000.0,76.96,-0.0207,562959000.0,133903000.0,0.0,1.7617,118872000.0,460405000.0,ACCUMULATION,56.0437
2026-03-20,NVDL,NVDL,71843000.0,71.84,-0.0665,634802000.0,71843000.0,0.0,0.8049,172646000.0,522516000.0,BALANCED,34.1233
2026-03-23,NVDL,NVDL,-18571000.0,74.27,0.0338,616231000.0,0.0,-18571000.0,-0.5197,179222000.0,503045000.0,BALANCED,-4.9926
2026-03-24,NVDL,NVDL,-3690000.0,73.87,-0.0053,612541000.0,0.0,-3690000.0,-0.3097,181129000.0,503006000.0,BALANCED,-1.7436
2026-03-25,NVDL,NVDL,-82159000.0,76.78,0.0394,530382000.0,0.0,-82159000.0,-1.3903,101326000.0,237944000.0,BALANCED,-30.757
2026-03-26,NVDL,NVDL,-17596000.0,70.37,-0.0835,512786000.0,0.0,-17596000.0,-0.4731,-50173000.0,187770000.0,BALANCED,-29.8271
2026-03-27,NVDL,NVDL,57829000.0,67.24,-0.0444,570615000.0,57829000.0,0.0,0.569,-64187000.0,40581000.0,BALANCED,6.2256
2026-03-30,NVDL,NVDL,-1307000.0,65.34,-0.0284,569308000.0,0.0,-1307000.0,-0.2461,-46923000.0,-1244000.0,BALANCED,-18.152
2026-03-31,NVDL,NVDL,-56630000.0,72.61,0.1113,512678000.0,0.0,-56630000.0,-0.9914,-99863000.0,-41316000.0,BALANCED,-38.7839
2026-04-01,NVDL,NVDL,-16220000.0,73.73,0.0155,496458000.0,0.0,-16220000.0,-0.426,-33924000.0,-134909000.0,BALANCED,-26.6512
2026-04-02,NVDL,NVDL,-109536000.0,75.02,0.0176,386922000.0,0.0,-109536000.0,-1.5879,-125864000.0,-241175000.0,DISTRIBUTION,-57.6974
2026-04-06,NVDL,NVDL,-67692000.0,75.21,0.0025,319230000.0,0.0,-67692000.0,-0.9781,-251385000.0,-259772000.0,BALANCED,-44.4514
2026-04-07,NVDL,NVDL,-6045000.0,75.57,0.0048,313185000.0,0.0,-6045000.0,-0.1666,-256123000.0,-343440000.0,BALANCED,-26.1654
2026-04-08,NVDL,NVDL,-20520000.0,78.93,0.0444,292665000.0,0.0,-20520000.0,-0.3483,-220013000.0,-227495000.0,BALANCED,-32.7083
2026-04-09,NVDL,NVDL,-117522000.0,80.49,0.0198,175143000.0,0.0,-117522000.0,-1.5774,-321315000.0,-326578000.0,DISTRIBUTION,-65.4352
2026-04-10,NVDL,NVDL,-75237000.0,84.54,0.0503,99906000.0,0.0,-75237000.0,-0.9301,-287016000.0,-344181000.0,BALANCED,-51.2516
2026-04-13,NVDL,NVDL,-64694000.0,85.12,0.0069,35212000.0,0.0,-64694000.0,-0.7844,-284018000.0,-426944000.0,BALANCED,-49.6111
2026-04-14,NVDL,NVDL,-32966000.0,91.57,0.0758,2246000.0,0.0,-32966000.0,-0.2316,-310939000.0,-434763000.0,BALANCED,-35.7895
2026-04-15,NVDL,NVDL,-186549000.0,93.74,0.0237,-184303000.0,0.0,-186549000.0,-2.3872,-476968000.0,-615715000.0,DISTRIBUTION,-89.68
2026-04-16,NVDL,NVDL,-66190000.0,93.23,-0.0055,-250493000.0,0.0,-66190000.0,-0.5625,-425636000.0,-679549000.0,BALANCED,-44.0621
2026-04-17,NVDL,NVDL,-121315000.0,96.28,0.0327,-371808000.0,0.0,-121315000.0,-1.3071,-471714000.0,-934767000.0,BALANCED,-62.6781
2026-04-20,NVDL,NVDL,-21254000.0,96.61,0.0035,-393062000.0,0.0,-21254000.0,0.1657,-428274000.0,-1027864000.0,BALANCED,-25.8575
2026-04-21,NVDL,NVDL,-13229000.0,94.51,-0.0218,-406291000.0,0.0,-13229000.0,0.3462,-408537000.0,-1022522000.0,BALANCED,-21.3446
2026-04-22,NVDL,NVDL,-46540000.0,96.96,0.0259,-452831000.0,0.0,-46540000.0,-0.2302,-268528000.0,-1065372000.0,BALANCED,-35.7552
2026-04-23,NVDL,NVDL,-43333000.0,94.2,-0.0285,-496164000.0,0.0,-43333000.0,-0.1644,-245671000.0,-1026546000.0,BALANCED,-34.1101
2026-04-24,NVDL,NVDL,-104313000.0,102.27,0.0856,-600477000.0,0.0,-104313000.0,-1.1124,-228669000.0,-1113263000.0,BALANCED,-57.8097
2026-04-27,NVDL,NVDL,-43059000.0,110.42,0.0797,-643536000.0,0.0,-43059000.0,-0.1006,-250474000.0,-1214151000.0,BALANCED,-32.514
2026-04-28,NVDL,NVDL,-36342000.0,106.88,-0.032,-679878000.0,0.0,-36342000.0,0.0144,-273587000.0,-1249186000.0,BALANCED,-29.64
2026-04-29,NVDL,NVDL,33965000.0,102.92,-0.0371,-645913000.0,33965000.0,0.0,1.1135,-193082000.0,-1158591000.0,BALANCED,19.8371
2026-04-30,NVDL,NVDL,69094000.0,93.37,-0.0928,-576819000.0,69094000.0,0.0,1.5698,-80655000.0,-1073277000.0,ACCUMULATION,33.2454
2026-05-01,NVDL,NVDL,131009000.0,92.26,-0.0119,-445810000.0,131009000.0,0.0,2.5282,154667000.0,-832732000.0,ACCUMULATION,79.2054
2026-05-06,NVDL,NVDL,60468000.0,100.78,0.0923,-385342000.0,60468000.0,0.0,1.4644,258194000.0,-704572000.0,BALANCED,54.6095
2026-05-07,NVDL,NVDL,-80326000.0,104.32,0.0351,-465668000.0,0.0,-80326000.0,-0.6811,214210000.0,-778853000.0,BALANCED,-9.0273
2026-05-08,NVDL,NVDL,-100338000.0,107.89,0.0342,-566006000.0,0.0,-100338000.0,-0.929,79907000.0,-858671000.0,BALANCED,-17.225
2026-05-11,NVDL,NVDL,209627000.0,112.1,0.039,-356379000.0,209627000.0,0.0,3.0148,220440000.0,-531522000.0,ACCUMULATION,87.371
2026-05-12,NVDL,NVDL,-45376000.0,113.44,0.012,-401755000.0,0.0,-45376000.0,-0.1877,44055000.0,-501661000.0,BALANCED,3.3086
2026-05-13,NVDL,NVDL,-213480000.0,118.6,0.0455,-615235000.0,0.0,-213480000.0,-2.0647,-229893000.0,-650447000.0,DISTRIBUTION,-65.6172
2026-05-14,NVDL,NVDL,46418000.0,128.94,0.0872,-568817000.0,46418000.0,0.0,0.9873,-103149000.0,-571063000.0,BALANCED,16.6828
2026-05-15,NVDL,NVDL,-31709000.0,117.44,-0.0892,-600526000.0,0.0,-31709000.0,0.0632,-34520000.0,-416223000.0,BALANCED,-10.4193
2026-05-18,NVDL,NVDL,63997000.0,114.28,-0.0269,-536529000.0,63997000.0,0.0,1.1277,-180150000.0,-286036000.0,BALANCED,20.1923
2026-05-19,NVDL,NVDL,0.0,112.49,-0.0157,-536529000.0,0.0,0.0,0.3566,-134774000.0,-164721000.0,BALANCED,-1.085
2026-05-20,NVDL,NVDL,559545000.0,115.37,0.0256,23016000.0,559545000.0,0.0,4.1344,638251000.0,416078000.0,ACCUMULATION,100.0
2026-05-21,NVDL,NVDL,-265887000.0,111.25,-0.0357,-242871000.0,0.0,-265887000.0,-1.7008,325946000.0,163420000.0,DISTRIBUTION,-34.52
2026-05-22,NVDL,NVDL,-19242000.0,106.9,-0.0391,-262113000.0,0.0,-19242000.0,-0.0052,338413000.0,190718000.0,BALANCED,5.8712
2026-05-25,NVDL,NVDL,0.0,106.9,0.0,-262113000.0,0.0,0.0,0.101,274416000.0,234051000.0,BALANCED,12.526
2026-05-26,NVDL,NVDL,645727000.0,106.38,-0.0049,383614000.0,645727000.0,0.0,3.3953,920143000.0,984091000.0,ACCUMULATION,96.8817
2026-05-27,NVDL,NVDL,-521591000.0,104.11,-0.0213,-137977000.0,0.0,-521591000.0,-2.4476,-160993000.0,505559000.0,DISTRIBUTION,-73.1899
2026-05-28,NVDL,NVDL,73983000.0,105.69,0.0152,-63994000.0,73983000.0,0.0,0.3608,178877000.0,615884000.0,BALANCED,21.02
2026-05-29,NVDL,NVDL,-29737000.0,102.54,-0.0298,-93731000.0,0.0,-29737000.0,-0.1572,168382000.0,552182000.0,BALANCED,4.0701
2026-06-01,NVDL,NVDL,869739000.0,115.35,0.1249,776008000.0,869739000.0,0.0,3.2005,1038121000.0,1352827000.0,ACCUMULATION,92.0128
2026-06-02,NVDL,NVDL,-808620000.0,113.73,-0.014,-32612000.0,0.0,-808620000.0,-2.714,-416226000.0,413198000.0,DISTRIBUTION,-79.8501
2026-06-03,NVDL,NVDL,22147000.0,105.46,-0.0727,-10465000.0,22147000.0,0.0,0.0311,127512000.0,374877000.0,BALANCED,12.7775
2026-06-04,NVDL,NVDL,-37237000.0,109.52,0.0385,-47702000.0,0.0,-37237000.0,-0.1628,16292000.0,417966000.0,BALANCED,3.9301
2026-06-05,NVDL,NVDL,26832000.0,95.83,-0.125,-20870000.0,26832000.0,0.0,0.0412,72861000.0,545136000.0,BALANCED,13.0294
2026-06-08,NVDL,NVDL,755218000.0,99.11,0.0342,734348000.0,755218000.0,0.0,2.1607,-41660000.0,1090727000.0,ACCUMULATION,48.0174
2026-06-09,NVDL,NVDL,-762564000.0,98.65,-0.0046,-28216000.0,0.0,-762564000.0,-2.1654,4396000.0,373539000.0,DISTRIBUTION,-46.1348
2026-06-10,NVDL,NVDL,638820000.0,91.26,-0.0749,610604000.0,638820000.0,0.0,1.5795,621069000.0,1225839000.0,ACCUMULATION,51.4863
2026-06-11,NVDL,NVDL,-719364000.0,95.28,0.044,-108760000.0,0.0,-719364000.0,-1.834,-61058000.0,460057000.0,DISTRIBUTION,-57.8492
2026-06-12,NVDL,NVDL,25785000.0,95.5,0.0023,-82975000.0,25785000.0,0.0,0.0174,-62105000.0,517551000.0,BALANCED,-7.5641
2026-06-15,NVDL,NVDL,-8176000.0,102.2,0.0702,-91151000.0,0.0,-8176000.0,-0.0605,-825499000.0,445378000.0,BALANCED,-13.5132
2026-06-16,NVDL,NVDL,849691000.0,97.33,-0.0477,758540000.0,849691000.0,0.0,1.8825,786756000.0,1295069000.0,ACCUMULATION,59.0616
2026-06-17,NVDL,NVDL,-802194000.0,94.71,-0.0269,-43654000.0,0.0,-802194000.0,-1.7816,-654258000.0,-66670000.0,DISTRIBUTION,-56.5401
2026-06-18,NVDL,NVDL,100170000.0,100.17,0.0576,56516000.0,100170000.0,0.0,0.1813,165276000.0,299387000.0,BALANCED,16.5316
2026-06-19,NVDL,NVDL,0.0,100.17,0.0,56516000.0,0.0,0.0,-0.0455,139491000.0,318629000.0,BALANCED,8.8625
2026-06-22,NVDL,NVDL,-40258000.0,98.19,-0.0198,16258000.0,0.0,-40258000.0,-0.1158,107409000.0,278371000.0,BALANCED,5.1042
2026-06-23,NVDL,NVDL,814953000.0,90.05,-0.0829,831211000.0,814953000.0,0.0,1.6204,72671000.0,447597000.0,ACCUMULATION,52.5102
2026-06-24,NVDL,NVDL,-759852000.0,89.08,-0.0108,71359000.0,0.0,-759852000.0,-1.573,115013000.0,209336000.0,DISTRIBUTION,-31.325
2026-06-25,NVDL,NVDL,12060000.0,86.14,-0.033,83419000.0,12060000.0,0.0,-0.0195,26903000.0,147413000.0,BALANCED,11.5136
2026-06-26,NVDL,NVDL,1730699000.0,27.74,-0.0339,1814118000.0,1730699000.0,0.0,2.811,1757602000.0,1907849000.0,ACCUMULATION,84.2746
2026-06-29,NVDL,NVDL,-1749582000.0,28.43,0.0249,64536000.0,0.0,-1749582000.0,-2.6196,48278000.0,-711472000.0,DISTRIBUTION,-57.4903
2026-06-30,NVDL,NVDL,-16151000.0,29.91,0.0521,48385000.0,0.0,-16151000.0,-0.0528,-782826000.0,80997000.0,BALANCED,-15.3192
2026-07-01,NVDL,NVDL,-46948000.0,29.16,-0.0251,1437000.0,0.0,-46948000.0,-0.0692,-69922000.0,11902000.0,BALANCED,-17.7305
2026-07-02,NVDL,NVDL,-28603000.0,28.32,-0.0288,-27166000.0,0.0,-28603000.0,-0.0537,-110585000.0,20536000.0,BALANCED,-19.3436
2026-07-03,NVDL,NVDL,0.0,28.32,0.0,-27166000.0,0.0,0.0,-0.0118,-1841284000.0,-6296000.0,BALANCED,-10.294
2026-07-06,NVDL,NVDL,-33357000.0,28.51,0.0067,-60523000.0,0.0,-33357000.0,-0.0602,-125059000.0,-794871000.0,BALANCED,-13.5043
2026-07-07,NVDL,NVDL,-42787000.0,28.91,0.014,-103310000.0,0.0,-42787000.0,-0.0405,-151695000.0,-75094000.0,BALANCED,-15.0135
2026-07-08,NVDL,NVDL,-105744000.0,31.01,0.0726,-209054000.0,0.0,-105744000.0,-0.1594,-210491000.0,-819658000.0,BALANCED,-19.9862
2026-07-10,NVDL,NVDL,-117917000.0,33.03,0.0651,-326971000.0,0.0,-117917000.0,-0.1683,-299805000.0,-218211000.0,BALANCED,-22.2078
2026-07-13,NVDL,NVDL,-1842000.0,30.7,-0.0705,-328813000.0,0.0,-1842000.0,0.0092,-301647000.0,-245838000.0,BALANCED,-19.7689
2026-07-14,NVDL,NVDL,-33844000.0,33.18,0.0808,-362657000.0,0.0,-33844000.0,0.0066,-302134000.0,-271506000.0,BALANCED,-21.8361
2026-07-15,NVDL,NVDL,-93492000.0,33.39,0.0063,-456149000.0,0.0,-93492000.0,-0.1301,-352839000.0,-1214689000.0,BALANCED,-27.253
2026-07-16,NVDL,NVDL,-59746000.0,31.78,-0.0482,-515895000.0,0.0,-59746000.0,-0.0703,-306841000.0,-472241000.0,BALANCED,-27.7581
2026-07-17,NVDL,NVDL,35510000.0,30.35,-0.045,-480385000.0,35510000.0,0.0,0.0818,-153414000.0,-536901000.0,BALANCED,-5.9539
2026-07-20,NVDL,NVDL,-15245000.0,30.49,0.0046,-495630000.0,0.0,-15245000.0,0.001,-166817000.0,-552146000.0,BALANCED,-11.9762
2026-07-21,NVDL,NVDL,-20275000.0,31.68,0.039,-515905000.0,0.0,-20275000.0,0.0361,-153248000.0,-532163000.0,BALANCED,-13.0969
2026-07-22,NVDL,NVDL,-106347000.0,33.13,0.0458,-622252000.0,0.0,-106347000.0,-0.15,-166103000.0,-1453463000.0,BALANCED,-19.7512
2026-07-23,NVDL,NVDL,-35299000.0,32.09,-0.0314,-657551000.0,0.0,-35299000.0,0.0124,-141656000.0,-728910000.0,BALANCED,-17.6905
2026-07-24,NVDL,NVDL,-33043000.0,31.47,-0.0193,-690594000.0,0.0,-33043000.0,-0.0249,-210209000.0,-774013000.0,BALANCED,-20.6221
2026-07-27,NVDL,NVDL,16992000.0,28.32,-0.1001,-673602000.0,16992000.0,0.0,0.0669,-177972000.0,-2487720000.0,BALANCED,-6.3281
2026-07-28,NVDL,NVDL,-6546000.0,28.46,0.0049,-680148000.0,0.0,-6546000.0,0.0239,-164243000.0,-744684000.0,BALANCED,-11.4035
2026-07-29,NVDL,NVDL,-28280000.0,26.43,-0.0713,-708428000.0,0.0,-28280000.0,0.0394,-86176000.0,-756813000.0,BALANCED,-13.015
2026-07-30,NVDL,NVDL,-8624000.0,27.82,0.0526,-717052000.0,0.0,-8624000.0,0.0274,-59501000.0,-718489000.0,BALANCED,-15.3139
2026-07-31,NVDL,NVDL,-5003000.0,29.43,0.0579,-722055000.0,0.0,-5003000.0,0.0416,-31461000.0,-694889000.0,BALANCED,-16.959
2026-08-03,NVDL,NVDL,-34265000.0,31.15,0.0584,-756320000.0,0.0,-34265000.0,-0.0143,-82718000.0,-729154000.0,BALANCED,-20.3563
2026-08-04,NVDL,NVDL,-19965000.0,32.73,0.0507,-776285000.0,0.0,-19965000.0,0.0128,-96137000.0,-715762000.0,BALANCED,-21.6793
2026-08-05,NVDL,NVDL,-117149000.0,34.97,0.0684,-893434000.0,0.0,-117149000.0,-0.1249,-185006000.0,-790124000.0,BALANCED,-27.1237
2026-08-06,NVDL,NVDL,-8025000.0,34.89,-0.0023,-901459000.0,0.0,-8025000.0,0.0532,-184407000.0,-692405000.0,BALANCED,-24.67
2026-08-07,NVDL,NVDL,-4374000.0,36.45,0.0447,-905833000.0,0.0,-4374000.0,0.0624,-183778000.0,-578862000.0,BALANCED,-26.441
2026-08-10,NVDL,NVDL,43625000.0,34.35,-0.0576,-862208000.0,43625000.0,0.0,0.42,-105888000.0,-533395000.0,BALANCED,2.4996
2026-08-11,NVDL,NVDL,148949000.0,34.32,-0.0009,-713259000.0,148949000.0,0.0,3.3118,63026000.0,-350602000.0,ACCUMULATION,96.7954
2026-08-12,NVDL,NVDL,81878000.0,36.39,0.0603,-631381000.0,81878000.0,0.0,1.8553,262053000.0,-175232000.0,ACCUMULATION,62.3835
2026-08-13,NVDL,NVDL,-39712000.0,36.77,0.0104,-671093000.0,0.0,-39712000.0,-0.3074,230366000.0,-155198000.0,BALANCED,0.3139
2026-08-14,NVDL,NVDL,-19084000.0,36.7,-0.0019,-690177000.0,0.0,-19084000.0,0.0536,215656000.0,-209792000.0,BALANCED,7.3408
2026-08-17,NVDL,NVDL,-36274000.0,36.64,-0.0016,-726451000.0,0.0,-36274000.0,-0.2309,135757000.0,-230821000.0,BALANCED,-1.7732
2026-08-18,NVDL,NVDL,-15365000.0,34.92,-0.0469,-741816000.0,0.0,-15365000.0,0.1309,-28557000.0,-225911000.0,BALANCED,-14.7284
2026-08-19,NVDL,NVDL,49262000.0,34.21,-0.0203,-692554000.0,49262000.0,0.0,1.1985,-61173000.0,-70302000.0,BALANCED,21.9633
2026-08-20,NVDL,NVDL,14951000.0,33.98,-0.0067,-677603000.0,14951000.0,0.0,0.5514,-6510000.0,-20052000.0,BALANCED,7.784
2026-08-24,NVDL,NVDL,74276000.0,31.34,-0.0777,-603327000.0,74276000.0,0.0,1.5373,86850000.0,87267000.0,ACCUMULATION,54.433
2026-08-25,NVDL,NVDL,17004000.0,32.7,0.0434,-586323000.0,17004000.0,0.0,0.4695,140128000.0,87279000.0,BALANCED,29.7365
2026-08-26,NVDL,NVDL,65832000.0,31.65,-0.0321,-520491000.0,65832000.0,0.0,1.2711,221325000.0,159657000.0,BALANCED,51.7773
2026-08-27,NVDL,NVDL,-189246000.0,37.18,0.1747,-709737000.0,0.0,-189246000.0,-2.8527,-17183000.0,-1309000.0,DISTRIBUTION,-83.3176
2026-08-28,NVDL,NVDL,-59080000.0,33.76,-0.092,-768817000.0,0.0,-59080000.0,-0.7994,-91214000.0,-51765000.0,BALANCED,-33.9855
2026-08-31,NVDL,NVDL,105293000.0,34.75,0.0293,-663524000.0,105293000.0,0.0,1.6817,-60197000.0,58531000.0,ACCUMULATION,34.0421
2026-09-01,NVDL,NVDL,-45145000.0,33.69,-0.0305,-708669000.0,0.0,-45145000.0,-0.5712,-122346000.0,47651000.0,BALANCED,-26.279
2026-09-02,NVDL,NVDL,-40846000.0,35.83,0.0635,-749515000.0,0.0,-40846000.0,-0.4945,-229024000.0,26770000.0,BALANCED,-26.3624
2026-09-03,NVDL,NVDL,-59005000.0,37.11,0.0357,-808520000.0,0.0,-59005000.0,-0.8125,-98783000.0,84914000.0,BALANCED,-36.3126
2026-09-04,NVDL,NVDL,-30906000.0,37.69,0.0156,-839426000.0,0.0,-30906000.0,-0.3827,-70609000.0,62033000.0,BALANCED,-27.5675
2026-09-07,NVDL,NVDL,0.0,37.69,0.0,-839426000.0,0.0,0.0,0.0767,-175902000.0,66407000.0,BALANCED,-8.0837
2026-09-08,NVDL,NVDL,-17357000.0,36.16,-0.0406,-856783000.0,0.0,-17357000.0,-0.1741,-148114000.0,5425000.0,BALANCED,-16.3524
2026-09-09,NVDL,NVDL,-4614000.0,35.49,-0.0185,-861397000.0,0.0,-4614000.0,0.0221,-111882000.0,-148138000.0,BALANCED,-13.4477
2026-09-10,NVDL,NVDL,-13213000.0,33.88,-0.0454,-874610000.0,0.0,-13213000.0,-0.119,-66090000.0,-243229000.0,BALANCED,-18.974
2026-09-11,NVDL,NVDL,7781000.0,33.83,-0.0015,-866829000.0,7781000.0,0.0,0.1979,-27403000.0,-195736000.0,BALANCED,-3.0527
2026-09-14,NVDL,NVDL,15770000.0,31.54,-0.0677,-851059000.0,15770000.0,0.0,0.3104,-11633000.0,-160882000.0,BALANCED,1.76
2026-09-15,NVDL,NVDL,-7335000.0,31.89,0.0111,-858394000.0,0.0,-7335000.0,-0.061,-1611000.0,-131943000.0,BALANCED,-13.5262
2026-09-16,NVDL,NVDL,324000.0,32.4,0.016,-858070000.0,324000.0,0.0,0.0474,3327000.0,-116254000.0,BALANCED,13.1851
2026-09-17,NVDL,NVDL,-23488000.0,34.04,0.0506,-881558000.0,0.0,-23488000.0,-0.393,-6948000.0,-189004000.0,BALANCED,-21.8253
2026-09-18,NVDL,NVDL,-26197000.0,34.93,0.0261,-907755000.0,0.0,-26197000.0,-0.4264,-40926000.0,-230152000.0,BALANCED,-24.6595
2026-09-21,NVDL,NVDL,-51858000.0,36.52,0.0455,-959613000.0,0.0,-51858000.0,-0.8118,-108554000.0,-356286000.0,BALANCED,-36.2948
2026-09-22,NVDL,NVDL,-62143000.0,36.99,0.0129,-1021756000.0,0.0,-62143000.0,-0.9164,-163362000.0,-435433000.0,BALANCED,-40.9099
