date,ticker,trackinsight_key,usd_flow,nav,perf_pct,cumulative_flow,daily_inflow,daily_outflow,flow_zscore,flow_5d,flow_20d,regime,pressure
2020-01-02,PILL,PILL,0.0,25.0,0.0,0.0,0.0,0.0,0.0,0.0,0.0,BALANCED,0.0
2020-01-03,PILL,PILL,0.0,23.9,-0.044,0.0,0.0,0.0,0.0,0.0,0.0,BALANCED,0.0
2020-01-06,PILL,PILL,-6000.0,24.097,0.0082,-6000.0,0.0,-6000.0,0.0,-6000.0,-6000.0,BALANCED,-12.0
2020-01-07,PILL,PILL,0.0,24.12,0.001,-6000.0,0.0,0.0,0.0,-6000.0,-6000.0,BALANCED,-10.0
2020-01-08,PILL,PILL,0.0,23.644,-0.0197,-6000.0,0.0,0.0,0.4472,-6000.0,-6000.0,BALANCED,1.1803
2020-01-09,PILL,PILL,4000.0,23.913,0.0114,-2000.0,4000.0,0.0,1.3524,-2000.0,-2000.0,BALANCED,25.8102
2020-01-10,PILL,PILL,-4000.0,25.051,0.0476,-6000.0,0.0,-4000.0,-0.971,-6000.0,-6000.0,BALANCED,-36.2752
2020-01-13,PILL,PILL,-1000.0,25.81,0.0303,-7000.0,0.0,-1000.0,-0.0417,-1000.0,-7000.0,BALANCED,-15.0427
2020-01-14,PILL,PILL,13000.0,27.796,0.0769,6000.0,13000.0,0.0,2.2804,12000.0,6000.0,ACCUMULATION,69.0109
2020-01-15,PILL,PILL,0.0,28.21,0.0149,6000.0,0.0,0.0,-0.1176,12000.0,6000.0,BALANCED,7.0608
2020-01-16,PILL,PILL,8000.0,28.811,0.0213,14000.0,8000.0,0.0,1.2619,16000.0,14000.0,BALANCED,43.5487
2020-01-17,PILL,PILL,6000.0,27.64,-0.0406,20000.0,6000.0,0.0,0.8234,26000.0,20000.0,BALANCED,34.5848
2020-01-21,PILL,PILL,-13000.0,28.01,0.0134,7000.0,0.0,-13000.0,-2.0906,14000.0,7000.0,DISTRIBUTION,-44.2656
2020-01-22,PILL,PILL,-3000.0,28.022,0.0004,4000.0,0.0,-3000.0,-0.5221,-2000.0,4000.0,BALANCED,-27.0526
2020-01-23,PILL,PILL,0.0,27.6,-0.0151,4000.0,0.0,0.0,-0.044,-2000.0,4000.0,BALANCED,-11.0993
2020-01-24,PILL,PILL,-5000.0,25.48,-0.0768,-1000.0,0.0,-5000.0,-0.8222,-15000.0,-1000.0,BALANCED,-32.5551
2020-01-27,PILL,PILL,2000.0,24.96,-0.0204,1000.0,2000.0,0.0,0.3326,-19000.0,1000.0,BALANCED,0.3155
2020-01-28,PILL,PILL,2000.0,25.6,0.0256,3000.0,2000.0,0.0,0.3228,-4000.0,3000.0,BALANCED,2.069
2020-01-29,PILL,PILL,0.0,25.771,0.0067,3000.0,0.0,0.0,-0.0286,-1000.0,3000.0,BALANCED,-10.7151
2020-01-30,PILL,PILL,-7000.0,25.06,-0.0276,-4000.0,0.0,-7000.0,-1.2129,-8000.0,-4000.0,BALANCED,-42.3226
2020-01-31,PILL,PILL,0.0,24.33,-0.0291,-4000.0,0.0,0.0,0.0349,-3000.0,-4000.0,BALANCED,-9.1286
2020-02-03,PILL,PILL,-6000.0,25.82,0.0612,-10000.0,0.0,-6000.0,-1.0129,-11000.0,-10000.0,BALANCED,-37.3224
2020-02-04,PILL,PILL,0.0,26.879,0.041,-10000.0,0.0,0.0,0.0813,-13000.0,-4000.0,BALANCED,-7.9682
2020-02-05,PILL,PILL,0.0,27.54,0.0246,-10000.0,0.0,0.0,0.0796,-13000.0,-4000.0,BALANCED,-8.0094
2020-02-06,PILL,PILL,0.0,27.746,0.0075,-10000.0,0.0,0.0,0.0781,-6000.0,-4000.0,BALANCED,-8.0482
2020-02-07,PILL,PILL,5000.0,26.789,-0.0345,-5000.0,5000.0,0.0,1.0121,-1000.0,-3000.0,BALANCED,17.3014
2020-02-10,PILL,PILL,-2000.0,27.43,0.0239,-7000.0,0.0,-2000.0,-0.3452,3000.0,-1000.0,BALANCED,-0.6298
2020-02-11,PILL,PILL,7000.0,27.337,-0.0034,0.0,7000.0,0.0,1.3631,10000.0,7000.0,BALANCED,46.0785
2020-02-12,PILL,PILL,-1000.0,27.12,-0.0079,-1000.0,0.0,-1000.0,-0.1913,9000.0,-7000.0,BALANCED,3.2165
2020-02-13,PILL,PILL,2000.0,26.29,-0.0306,1000.0,2000.0,0.0,0.3955,11000.0,-5000.0,BALANCED,21.8883
2020-02-14,PILL,PILL,0.0,26.375,0.0032,1000.0,0.0,0.0,-0.0067,6000.0,-13000.0,BALANCED,9.8324
2020-02-18,PILL,PILL,-3000.0,25.63,-0.0282,-2000.0,0.0,-3000.0,-0.5863,5000.0,-22000.0,BALANCED,-6.6579
2020-02-19,PILL,PILL,0.0,26.046,0.0162,-2000.0,0.0,0.0,-0.0273,-2000.0,-9000.0,BALANCED,-10.6836
2020-02-20,PILL,PILL,-2000.0,25.93,-0.0045,-4000.0,0.0,-2000.0,-0.4225,-3000.0,-8000.0,BALANCED,-22.5626
2020-02-21,PILL,PILL,0.0,25.82,-0.0042,-4000.0,0.0,0.0,-0.0136,-5000.0,-8000.0,BALANCED,-10.3407
2020-02-24,PILL,PILL,-9000.0,23.31,-0.0972,-13000.0,0.0,-9000.0,-1.6921,-14000.0,-12000.0,DISTRIBUTION,-54.3013
2020-02-25,PILL,PILL,-7000.0,22.11,-0.0515,-20000.0,0.0,-7000.0,-1.2554,-18000.0,-21000.0,BALANCED,-45.3841
2020-02-26,PILL,PILL,0.0,21.35,-0.0344,-20000.0,0.0,0.0,0.0833,-18000.0,-23000.0,BALANCED,-7.9183
2020-02-27,PILL,PILL,-5000.0,18.607,-0.1285,-25000.0,0.0,-5000.0,-0.8614,-21000.0,-28000.0,BALANCED,-33.5347
2020-02-28,PILL,PILL,-17000.0,17.84,-0.0412,-42000.0,0.0,-17000.0,-2.8293,-38000.0,-38000.0,DISTRIBUTION,-84.7315
2020-03-02,PILL,PILL,-8000.0,19.66,0.102,-50000.0,0.0,-8000.0,-1.1174,-37000.0,-46000.0,BALANCED,-43.9338
2020-03-03,PILL,PILL,0.0,18.31,-0.0687,-50000.0,0.0,0.0,0.463,-30000.0,-40000.0,BALANCED,1.5739
2020-03-04,PILL,PILL,-3000.0,20.61,0.1256,-53000.0,0.0,-3000.0,-0.2163,-33000.0,-43000.0,BALANCED,-17.4068
2020-03-05,PILL,PILL,3000.0,19.25,-0.066,-50000.0,3000.0,0.0,1.0195,-25000.0,-40000.0,BALANCED,17.4884
2020-03-06,PILL,PILL,0.0,17.512,-0.0903,-50000.0,0.0,0.0,0.3823,-8000.0,-40000.0,BALANCED,-0.4419
2020-03-09,PILL,PILL,-8000.0,13.67,-0.2194,-58000.0,0.0,-8000.0,-1.2684,-8000.0,-53000.0,BALANCED,-43.7106
2020-03-10,PILL,PILL,-3000.0,14.797,0.0824,-61000.0,0.0,-3000.0,-0.1963,-11000.0,-54000.0,BALANCED,-18.9065
2020-03-11,PILL,PILL,0.0,12.969,-0.1235,-61000.0,0.0,0.0,0.4529,-8000.0,-61000.0,BALANCED,1.3223
2020-03-12,PILL,PILL,-18000.0,9.65,-0.2559,-79000.0,0.0,-18000.0,-2.7716,-29000.0,-78000.0,DISTRIBUTION,-81.2907
2020-03-13,PILL,PILL,-8000.0,11.48,0.1896,-87000.0,0.0,-8000.0,-0.945,-37000.0,-88000.0,BALANCED,-37.6253
2020-03-16,PILL,PILL,-6000.0,10.12,-0.1185,-93000.0,0.0,-6000.0,-0.5473,-35000.0,-94000.0,BALANCED,-29.6813
2020-03-17,PILL,PILL,-7000.0,8.815,-0.129,-100000.0,0.0,-7000.0,-0.7188,-39000.0,-98000.0,BALANCED,-35.9705
2020-03-18,PILL,PILL,-8000.0,7.505,-0.1486,-108000.0,0.0,-8000.0,-0.8441,-47000.0,-106000.0,BALANCED,-41.1028
2020-03-19,PILL,PILL,-2000.0,7.74,0.0313,-110000.0,0.0,-2000.0,0.239,-31000.0,-106000.0,BALANCED,-16.0253
2020-03-20,PILL,PILL,-7000.0,7.589,-0.0195,-117000.0,0.0,-7000.0,-0.6152,-30000.0,-113000.0,BALANCED,-39.3788
2020-03-23,PILL,PILL,-10000.0,6.922,-0.0879,-127000.0,0.0,-10000.0,-1.0871,-34000.0,-114000.0,BALANCED,-53.1778
2020-03-24,PILL,PILL,-7000.0,8.131,0.1747,-134000.0,0.0,-7000.0,-0.5059,-34000.0,-114000.0,BALANCED,-40.6472
2020-03-25,PILL,PILL,4000.0,8.288,0.0193,-130000.0,4000.0,0.0,1.5781,-22000.0,-110000.0,ACCUMULATION,31.4524
2020-03-26,PILL,PILL,7000.0,9.5,0.1462,-123000.0,7000.0,0.0,1.9607,-13000.0,-98000.0,ACCUMULATION,43.0175
2020-03-27,PILL,PILL,3000.0,8.93,-0.06,-120000.0,3000.0,0.0,1.2374,-3000.0,-78000.0,BALANCED,26.9341
2020-03-30,PILL,PILL,15000.0,9.98,0.1176,-105000.0,15000.0,0.0,2.7946,22000.0,-55000.0,ACCUMULATION,87.8647
2020-03-31,PILL,PILL,11000.0,9.88,-0.01,-94000.0,11000.0,0.0,1.9692,40000.0,-44000.0,ACCUMULATION,69.2288
2020-04-01,PILL,PILL,0.0,8.47,-0.1427,-94000.0,0.0,0.0,0.4293,36000.0,-41000.0,BALANCED,20.7323
2020-04-02,PILL,PILL,1000.0,8.926,0.0538,-93000.0,1000.0,0.0,0.5525,30000.0,-43000.0,BALANCED,25.8118
2020-04-03,PILL,PILL,1000.0,8.73,-0.022,-92000.0,1000.0,0.0,0.5466,28000.0,-42000.0,BALANCED,27.6642
2020-04-06,PILL,PILL,-6000.0,9.853,0.1286,-98000.0,0.0,-6000.0,-0.4441,7000.0,-40000.0,BALANCED,-3.1037
2020-04-07,PILL,PILL,-0.0,9.61,-0.0247,-98000.0,-0.0,-0.0,0.366,-4000.0,-37000.0,BALANCED,-0.8492
2020-04-08,PILL,PILL,0.0,10.72,0.1155,-98000.0,0.0,0.0,0.366,-4000.0,-37000.0,BALANCED,-0.8492
2020-04-09,PILL,PILL,17000.0,11.46,0.069,-81000.0,17000.0,0.0,2.378,12000.0,-2000.0,ACCUMULATION,71.4494
2020-04-13,PILL,PILL,9000.0,11.22,-0.0209,-72000.0,9000.0,0.0,1.3092,20000.0,15000.0,BALANCED,46.7295
2020-04-14,PILL,PILL,12000.0,12.33,0.0989,-60000.0,12000.0,0.0,1.566,38000.0,33000.0,ACCUMULATION,55.1511
2020-04-15,PILL,PILL,5000.0,11.5,-0.0673,-55000.0,5000.0,0.0,0.6511,43000.0,45000.0,BALANCED,34.2772
2020-04-16,PILL,PILL,5000.0,11.603,0.009,-50000.0,5000.0,0.0,0.6147,48000.0,58000.0,BALANCED,35.3677
2020-04-17,PILL,PILL,8000.0,12.829,0.1057,-42000.0,8000.0,0.0,0.9564,39000.0,68000.0,BALANCED,45.9112
2020-04-20,PILL,PILL,16000.0,12.91,0.0063,-26000.0,16000.0,0.0,1.7716,46000.0,91000.0,ACCUMULATION,68.2898
2020-04-21,PILL,PILL,0.0,11.682,-0.0951,-26000.0,0.0,0.0,-0.1267,34000.0,101000.0,BALANCED,6.8328
2020-04-22,PILL,PILL,-6000.0,12.14,0.0392,-32000.0,0.0,-6000.0,-0.8208,23000.0,102000.0,BALANCED,-12.521
2020-04-23,PILL,PILL,7000.0,12.66,0.0428,-25000.0,7000.0,0.0,0.6779,25000.0,105000.0,BALANCED,28.9478
2020-04-24,PILL,PILL,0.0,13.41,0.0592,-25000.0,0.0,0.0,-0.2321,17000.0,98000.0,BALANCED,4.1985
2020-04-27,PILL,PILL,25000.0,14.81,0.1044,0.0,25000.0,0.0,2.5663,26000.0,120000.0,ACCUMULATION,76.1566
2020-04-28,PILL,PILL,24000.0,14.32,-0.0331,24000.0,24000.0,0.0,2.1706,50000.0,129000.0,ACCUMULATION,68.2654
2020-04-29,PILL,PILL,7000.0,15.52,0.0838,31000.0,7000.0,0.0,0.2912,63000.0,125000.0,BALANCED,23.2809
2020-04-30,PILL,PILL,2000.0,14.84,-0.0438,33000.0,2000.0,0.0,-0.3086,58000.0,127000.0,BALANCED,10.2857
2020-05-01,PILL,PILL,14000.0,13.33,-0.1018,47000.0,14000.0,0.0,0.9945,72000.0,140000.0,BALANCED,44.8632
2020-05-04,PILL,PILL,-3000.0,13.7,0.0278,44000.0,0.0,-3000.0,-0.967,44000.0,136000.0,BALANCED,-16.1749
2020-05-05,PILL,PILL,-6000.0,14.32,0.0453,38000.0,0.0,-6000.0,-1.3633,14000.0,136000.0,BALANCED,-28.0827
2020-05-06,PILL,PILL,0.0,14.8,0.0335,38000.0,0.0,0.0,-0.7017,7000.0,136000.0,BALANCED,-7.5432
2020-05-07,PILL,PILL,-12000.0,14.11,-0.0466,26000.0,0.0,-12000.0,-1.9576,-7000.0,124000.0,DISTRIBUTION,-60.9395
2020-05-08,PILL,PILL,0.0,14.45,0.0241,26000.0,0.0,0.0,-0.5625,-21000.0,107000.0,BALANCED,-24.0623
2020-05-11,PILL,PILL,29000.0,16.15,0.1176,55000.0,29000.0,0.0,2.3526,11000.0,127000.0,ACCUMULATION,70.8142
2020-05-12,PILL,PILL,-3000.0,15.79,-0.0223,52000.0,0.0,-3000.0,-0.8386,14000.0,112000.0,BALANCED,-12.965
2020-05-13,PILL,PILL,11000.0,14.67,-0.0709,63000.0,11000.0,0.0,0.5874,25000.0,118000.0,BALANCED,26.684
2020-05-14,PILL,PILL,17000.0,14.68,0.0007,80000.0,17000.0,0.0,1.1206,54000.0,130000.0,BALANCED,42.0155
2020-05-15,PILL,PILL,3000.0,15.42,0.0504,83000.0,3000.0,0.0,-0.2876,57000.0,125000.0,BALANCED,8.8103
2020-05-18,PILL,PILL,13000.0,16.35,0.0603,96000.0,13000.0,0.0,0.6729,41000.0,122000.0,BALANCED,34.8221
2020-05-19,PILL,PILL,0.0,15.7,-0.0398,96000.0,0.0,0.0,-0.6591,44000.0,122000.0,BALANCED,-6.478
2020-05-20,PILL,PILL,0.0,16.06,0.0229,96000.0,0.0,0.0,-0.6591,33000.0,128000.0,BALANCED,-6.478
2020-05-21,PILL,PILL,0.0,15.8,-0.0162,96000.0,0.0,0.0,-0.6591,16000.0,121000.0,BALANCED,-6.478
2020-05-22,PILL,PILL,4000.0,15.79,-0.0006,100000.0,4000.0,0.0,-0.2115,17000.0,125000.0,BALANCED,6.7131
2020-05-26,PILL,PILL,-18000.0,15.64,-0.0095,82000.0,0.0,-18000.0,-2.1935,-14000.0,82000.0,DISTRIBUTION,-66.8379
2020-05-27,PILL,PILL,0.0,15.84,0.0128,82000.0,0.0,0.0,-0.4506,-14000.0,58000.0,BALANCED,-21.2652
2020-05-28,PILL,PILL,6000.0,15.88,0.0025,88000.0,6000.0,0.0,0.1174,-8000.0,57000.0,BALANCED,-5.0654
2020-05-29,PILL,PILL,3000.0,15.84,-0.0025,91000.0,3000.0,0.0,-0.1617,-5000.0,58000.0,BALANCED,-10.0432
2020-06-01,PILL,PILL,-4000.0,15.54,-0.0189,87000.0,0.0,-4000.0,-0.7823,-13000.0,40000.0,BALANCED,-31.5579
2020-06-02,PILL,PILL,-4000.0,15.82,0.018,83000.0,0.0,-4000.0,-0.7286,1000.0,39000.0,BALANCED,-12.2153
2020-06-03,PILL,PILL,11000.0,15.97,0.0095,94000.0,11000.0,0.0,0.6643,12000.0,56000.0,BALANCED,28.6077
2020-06-04,PILL,PILL,-6000.0,15.62,-0.0219,88000.0,0.0,-6000.0,-0.949,0.0,50000.0,BALANCED,-25.7253
2020-06-05,PILL,PILL,11000.0,15.92,0.0192,99000.0,11000.0,0.0,0.6477,8000.0,73000.0,BALANCED,28.1924
2020-06-08,PILL,PILL,0.0,16.88,0.0603,99000.0,0.0,0.0,-0.3899,12000.0,73000.0,BALANCED,0.2531
2020-06-09,PILL,PILL,2000.0,16.45,-0.0255,101000.0,2000.0,0.0,-0.1388,18000.0,46000.0,BALANCED,8.5296
2020-06-10,PILL,PILL,11000.0,15.64,-0.0492,112000.0,11000.0,0.0,0.8798,18000.0,60000.0,BALANCED,35.9952
2020-06-11,PILL,PILL,-19000.0,13.11,-0.1618,93000.0,0.0,-19000.0,-2.114,5000.0,30000.0,DISTRIBUTION,-44.8504
2020-06-12,PILL,PILL,-4000.0,13.32,0.016,89000.0,0.0,-4000.0,-0.5851,-10000.0,9000.0,BALANCED,-28.6277
2020-06-15,PILL,PILL,-8000.0,13.58,0.0195,81000.0,0.0,-8000.0,-0.9214,-18000.0,-2000.0,BALANCED,-39.0349
2020-06-16,PILL,PILL,-12000.0,14.74,0.0854,69000.0,0.0,-12000.0,-1.2613,-32000.0,-27000.0,BALANCED,-49.5327
2020-06-17,PILL,PILL,-12000.0,14.42,-0.0217,57000.0,0.0,-12000.0,-1.2182,-55000.0,-39000.0,BALANCED,-50.4545
2020-06-18,PILL,PILL,1000.0,14.65,0.016,58000.0,1000.0,0.0,0.0321,-35000.0,-38000.0,BALANCED,-7.1964
2020-06-19,PILL,PILL,0.0,15.31,0.0451,58000.0,0.0,0.0,-0.1057,-31000.0,-38000.0,BALANCED,-12.6422
2020-06-22,PILL,PILL,7000.0,15.856,0.0357,65000.0,7000.0,0.0,0.5617,-16000.0,-35000.0,BALANCED,6.0426
2020-06-23,PILL,PILL,6000.0,15.91,0.0034,71000.0,6000.0,0.0,0.6243,2000.0,-11000.0,BALANCED,29.608
2020-06-24,PILL,PILL,0.0,14.7,-0.0761,71000.0,0.0,0.0,-0.0725,14000.0,-11000.0,BALANCED,8.1867
2020-06-25,PILL,PILL,2000.0,15.42,0.049,73000.0,2000.0,0.0,0.1957,15000.0,-15000.0,BALANCED,16.8933
2020-06-26,PILL,PILL,0.0,14.6,-0.0532,73000.0,0.0,0.0,0.0295,15000.0,-18000.0,BALANCED,10.7373
2020-06-29,PILL,PILL,1000.0,14.63,0.0021,74000.0,1000.0,0.0,0.1647,9000.0,-13000.0,BALANCED,16.118
2020-06-30,PILL,PILL,-1000.0,15.42,0.054,73000.0,0.0,-1000.0,-0.0312,2000.0,-10000.0,BALANCED,7.2203
2020-07-01,PILL,PILL,7000.0,15.45,0.0019,80000.0,7000.0,0.0,0.9893,9000.0,-14000.0,BALANCED,36.7333
2020-07-02,PILL,PILL,-3000.0,15.4,-0.0032,77000.0,0.0,-3000.0,-0.3103,4000.0,-11000.0,BALANCED,0.2425
2020-07-06,PILL,PILL,-2000.0,16.04,0.0416,75000.0,0.0,-2000.0,-0.1704,2000.0,-24000.0,BALANCED,1.7405
2020-07-07,PILL,PILL,0.0,15.72,-0.02,75000.0,0.0,0.0,0.1099,1000.0,-24000.0,BALANCED,12.7485
2020-07-08,PILL,PILL,-0.0,16.16,0.028,75000.0,-0.0,-0.0,0.0341,2000.0,-26000.0,BALANCED,10.8514
2020-07-09,PILL,PILL,-6000.0,15.56,-0.0371,69000.0,0.0,-6000.0,-0.8031,-11000.0,-43000.0,BALANCED,-32.0771
2020-07-10,PILL,PILL,-1000.0,15.62,0.0039,68000.0,0.0,-1000.0,-0.0488,-9000.0,-25000.0,BALANCED,-15.2211
2020-07-13,PILL,PILL,-19000.0,15.2,-0.0269,49000.0,0.0,-19000.0,-2.3282,-26000.0,-40000.0,DISTRIBUTION,-74.2055
2020-07-14,PILL,PILL,4000.0,15.73,0.0349,53000.0,4000.0,0.0,0.6749,-22000.0,-28000.0,BALANCED,8.8737
2020-07-15,PILL,PILL,10000.0,17.1,0.0871,63000.0,10000.0,0.0,1.359,-12000.0,-6000.0,BALANCED,27.9739
2020-07-16,PILL,PILL,5000.0,16.56,-0.0316,68000.0,5000.0,0.0,0.7705,-1000.0,11000.0,BALANCED,15.2613
2020-07-17,PILL,PILL,3000.0,17.09,0.032,71000.0,3000.0,0.0,0.4704,3000.0,13000.0,BALANCED,29.7594
2020-07-20,PILL,PILL,4000.0,17.0,-0.0053,75000.0,4000.0,0.0,0.656,26000.0,17000.0,BALANCED,36.3992
2020-07-21,PILL,PILL,9000.0,16.57,-0.0253,84000.0,9000.0,0.0,1.2612,31000.0,19000.0,BALANCED,53.5293
2020-07-22,PILL,PILL,-2000.0,16.561,-0.0005,82000.0,0.0,-2000.0,-0.1817,19000.0,11000.0,BALANCED,3.458
2020-07-23,PILL,PILL,3000.0,15.98,-0.0351,85000.0,3000.0,0.0,0.5393,17000.0,14000.0,BALANCED,25.482
2020-07-24,PILL,PILL,-7000.0,15.39,-0.0369,78000.0,0.0,-7000.0,-1.0015,7000.0,5000.0,BALANCED,-17.0383
2020-07-27,PILL,PILL,2000.0,15.68,0.0188,80000.0,2000.0,0.0,0.3554,5000.0,7000.0,BALANCED,20.8859
2020-07-28,PILL,PILL,-4000.0,15.28,-0.0255,76000.0,0.0,-4000.0,-0.604,-8000.0,2000.0,BALANCED,-27.0995
2020-07-29,PILL,PILL,5000.0,15.48,0.0131,81000.0,5000.0,0.0,0.7662,-1000.0,8000.0,BALANCED,11.1557
2020-07-30,PILL,PILL,0.0,15.6,0.0078,81000.0,0.0,0.0,-0.1447,-4000.0,1000.0,BALANCED,-13.6167
2020-07-31,PILL,PILL,5000.0,14.81,-0.0506,86000.0,5000.0,0.0,0.7284,8000.0,9000.0,BALANCED,30.2106
2020-08-03,PILL,PILL,-5000.0,15.9,0.0736,81000.0,0.0,-5000.0,-1.0143,1000.0,6000.0,BALANCED,-17.3577
2020-08-04,PILL,PILL,-3000.0,15.801,-0.0062,78000.0,0.0,-3000.0,-0.6131,2000.0,3000.0,BALANCED,-9.328
2020-08-05,PILL,PILL,8000.0,17.09,0.0816,86000.0,8000.0,0.0,1.3205,5000.0,11000.0,BALANCED,45.0125
2020-08-06,PILL,PILL,2000.0,16.74,-0.0205,88000.0,2000.0,0.0,0.2521,7000.0,19000.0,BALANCED,20.3028
2020-08-07,PILL,PILL,0.0,17.07,0.0197,88000.0,0.0,0.0,-0.088,2000.0,20000.0,BALANCED,7.7992
2020-08-10,PILL,PILL,1000.0,16.78,-0.017,89000.0,1000.0,0.0,0.0822,8000.0,40000.0,BALANCED,14.0541
2020-08-11,PILL,PILL,-4000.0,15.8,-0.0584,85000.0,0.0,-4000.0,-0.7609,7000.0,32000.0,BALANCED,-11.0237
2020-08-12,PILL,PILL,6000.0,16.07,0.0171,91000.0,6000.0,0.0,0.9274,5000.0,28000.0,BALANCED,35.1853
2020-08-13,PILL,PILL,0.0,16.0,-0.0044,91000.0,0.0,0.0,-0.0644,3000.0,23000.0,BALANCED,8.3908
2020-08-14,PILL,PILL,0.0,15.99,-0.0006,91000.0,0.0,0.0,-0.0824,3000.0,20000.0,BALANCED,7.9392
2020-08-17,PILL,PILL,0.0,16.78,0.0494,91000.0,0.0,0.0,-0.0945,2000.0,16000.0,BALANCED,7.6372
2020-08-18,PILL,PILL,6000.0,16.51,-0.0161,97000.0,6000.0,0.0,0.9193,12000.0,13000.0,BALANCED,34.9819
2020-08-19,PILL,PILL,0.0,16.31,-0.0121,97000.0,0.0,0.0,-0.128,6000.0,15000.0,BALANCED,6.8
2020-08-20,PILL,PILL,-2000.0,16.38,0.0043,95000.0,0.0,-2000.0,-0.5108,4000.0,10000.0,BALANCED,-4.7694
2020-08-21,PILL,PILL,-2000.0,15.747,-0.0386,93000.0,0.0,-2000.0,-0.5035,2000.0,15000.0,BALANCED,-6.5886
2020-08-24,PILL,PILL,2000.0,15.65,-0.0062,95000.0,2000.0,0.0,0.1111,4000.0,15000.0,BALANCED,14.778
2020-08-25,PILL,PILL,-3000.0,15.957,0.0196,92000.0,0.0,-3000.0,-1.0113,-5000.0,16000.0,BALANCED,-37.2824
2020-08-26,PILL,PILL,1000.0,15.73,-0.0142,93000.0,1000.0,0.0,0.0,-4000.0,12000.0,BALANCED,-8.0
2020-08-27,PILL,PILL,-2000.0,15.64,-0.0057,91000.0,0.0,-2000.0,-0.7124,-4000.0,10000.0,BALANCED,-29.8104
2020-08-28,PILL,PILL,-2000.0,15.88,0.0153,89000.0,0.0,-2000.0,-0.6681,-4000.0,3000.0,BALANCED,-30.7025
2020-08-31,PILL,PILL,2000.0,16.459,0.0365,91000.0,2000.0,0.0,0.3811,-4000.0,10000.0,BALANCED,1.5281
2020-09-01,PILL,PILL,0.0,15.725,-0.0446,91000.0,0.0,0.0,-0.0667,-1000.0,13000.0,BALANCED,-11.6664
2020-09-02,PILL,PILL,6000.0,16.66,0.0595,97000.0,6000.0,0.0,1.5164,4000.0,11000.0,ACCUMULATION,49.9101
2020-09-03,PILL,PILL,0.0,15.58,-0.0648,97000.0,0.0,0.0,-0.1112,6000.0,9000.0,BALANCED,7.2199
2020-09-04,PILL,PILL,0.0,15.21,-0.0237,97000.0,0.0,0.0,-0.191,8000.0,9000.0,BALANCED,5.2258
2020-09-08,PILL,PILL,0.0,14.63,-0.0381,97000.0,0.0,0.0,-0.1713,6000.0,8000.0,BALANCED,5.7176
2020-09-09,PILL,PILL,4000.0,15.87,0.0848,101000.0,4000.0,0.0,0.9746,10000.0,16000.0,BALANCED,36.3648
2020-09-10,PILL,PILL,0.0,15.31,-0.0353,101000.0,0.0,0.0,-0.2113,4000.0,10000.0,BALANCED,4.7174
2020-09-11,PILL,PILL,0.0,15.11,-0.0131,101000.0,0.0,0.0,-0.2113,4000.0,10000.0,BALANCED,4.7174
2020-09-14,PILL,PILL,0.0,16.81,0.1125,101000.0,0.0,0.0,-0.164,4000.0,10000.0,BALANCED,5.8996
2020-09-15,PILL,PILL,3000.0,17.05,0.0143,104000.0,3000.0,0.0,0.7709,7000.0,13000.0,BALANCED,31.2736
2020-09-16,PILL,PILL,4000.0,17.414,0.0213,108000.0,4000.0,0.0,1.0472,7000.0,11000.0,BALANCED,40.1801
2020-09-17,PILL,PILL,-1000.0,17.05,-0.0209,107000.0,0.0,-1000.0,-0.6636,6000.0,10000.0,BALANCED,-8.5908
2020-09-18,PILL,PILL,-2000.0,17.51,0.027,105000.0,0.0,-2000.0,-0.9889,4000.0,10000.0,BALANCED,-18.722
2020-09-21,PILL,PILL,0.0,15.92,-0.0908,105000.0,0.0,0.0,-0.2183,4000.0,12000.0,BALANCED,4.5419
2020-09-22,PILL,PILL,-1000.0,16.23,0.0195,104000.0,0.0,-1000.0,-0.5748,0.0,9000.0,BALANCED,-16.3697
2020-09-23,PILL,PILL,0.0,15.18,-0.0647,104000.0,0.0,0.0,-0.2564,-4000.0,12000.0,BALANCED,-16.4095
2020-09-24,PILL,PILL,0.0,14.28,-0.0593,104000.0,0.0,0.0,-0.1922,-3000.0,11000.0,BALANCED,-14.8058
2020-09-25,PILL,PILL,-3000.0,14.73,0.0315,101000.0,0.0,-3000.0,-1.4251,-4000.0,10000.0,BALANCED,-47.6266
2020-09-28,PILL,PILL,-3000.0,14.91,0.0122,98000.0,0.0,-3000.0,-1.3379,-7000.0,9000.0,BALANCED,-47.4484
2020-09-29,PILL,PILL,-2000.0,14.87,-0.0027,96000.0,0.0,-2000.0,-0.8841,-8000.0,5000.0,BALANCED,-38.1029
2020-09-30,PILL,PILL,0.0,15.39,0.035,96000.0,0.0,0.0,0.0152,-8000.0,5000.0,BALANCED,-9.6193
2020-10-01,PILL,PILL,-2000.0,15.63,0.0156,94000.0,0.0,-2000.0,-0.8565,-10000.0,-3000.0,BALANCED,-33.4132
2020-10-02,PILL,PILL,4000.0,15.22,-0.0262,98000.0,4000.0,0.0,1.6886,-3000.0,1000.0,ACCUMULATION,34.2142
2020-10-05,PILL,PILL,26000.0,17.52,0.1511,124000.0,26000.0,0.0,4.7685,26000.0,27000.0,ACCUMULATION,100.0
2020-10-06,PILL,PILL,4000.0,17.18,-0.0194,128000.0,4000.0,0.0,0.5512,32000.0,31000.0,BALANCED,29.7804
2020-10-07,PILL,PILL,5000.0,18.31,0.0658,133000.0,5000.0,0.0,0.6922,37000.0,32000.0,BALANCED,35.3053
2020-10-08,PILL,PILL,0.0,19.52,0.0661,133000.0,0.0,0.0,-0.2538,39000.0,32000.0,BALANCED,3.6562
2020-10-09,PILL,PILL,20000.0,19.78,0.0133,153000.0,20000.0,0.0,2.8833,55000.0,52000.0,ACCUMULATION,84.0824
2020-10-12,PILL,PILL,0.0,19.49,-0.0147,153000.0,0.0,0.0,-0.3449,29000.0,52000.0,BALANCED,1.3774
2020-10-13,PILL,PILL,-3000.0,19.289,-0.0103,150000.0,0.0,-3000.0,-0.7939,22000.0,46000.0,BALANCED,-11.8478
2020-10-14,PILL,PILL,-0.0,18.849,-0.0228,150000.0,-0.0,-0.0,-0.3144,17000.0,42000.0,BALANCED,2.1408
2020-10-15,PILL,PILL,4000.0,18.59,-0.0137,154000.0,4000.0,0.0,0.3375,21000.0,47000.0,BALANCED,20.4377
2020-10-16,PILL,PILL,-3000.0,18.83,0.0129,151000.0,0.0,-3000.0,-0.7646,-2000.0,46000.0,BALANCED,-31.1159
2020-10-19,PILL,PILL,0.0,17.96,-0.0462,151000.0,0.0,0.0,-0.2867,-2000.0,46000.0,BALANCED,-17.1685
2020-10-20,PILL,PILL,0.0,17.8,-0.0089,151000.0,0.0,0.0,-0.2867,1000.0,47000.0,BALANCED,2.8315
2020-10-21,PILL,PILL,-1000.0,17.181,-0.0348,150000.0,0.0,-1000.0,-0.4191,0.0,46000.0,BALANCED,-12.4773
2020-10-22,PILL,PILL,-2000.0,18.055,0.0509,148000.0,0.0,-2000.0,-0.5651,-6000.0,44000.0,BALANCED,-28.1267
2020-10-23,PILL,PILL,-0.0,18.45,0.0219,148000.0,-0.0,-0.0,-0.2482,-3000.0,47000.0,BALANCED,-16.2052
2020-10-26,PILL,PILL,0.0,17.39,-0.0575,148000.0,0.0,0.0,-0.2482,-3000.0,50000.0,BALANCED,-16.2052
2020-10-27,PILL,PILL,-0.0,17.06,-0.019,148000.0,-0.0,-0.0,-0.2324,-3000.0,52000.0,BALANCED,-15.8089
2020-10-28,PILL,PILL,-3000.0,15.77,-0.0756,145000.0,0.0,-3000.0,-0.6672,-5000.0,49000.0,BALANCED,-28.6808
2020-10-29,PILL,PILL,0.0,16.2,0.0273,145000.0,0.0,0.0,-0.1999,-3000.0,51000.0,BALANCED,-14.9986
2020-10-30,PILL,PILL,-2000.0,15.705,-0.0306,143000.0,0.0,-2000.0,-0.5156,-5000.0,45000.0,BALANCED,-24.8912
2020-11-02,PILL,PILL,-1000.0,16.37,0.0423,142000.0,0.0,-1000.0,-0.352,-6000.0,18000.0,BALANCED,-22.8001
2020-11-03,PILL,PILL,5000.0,16.933,0.0344,147000.0,5000.0,0.0,0.5602,-1000.0,19000.0,BALANCED,6.006
2020-11-04,PILL,PILL,7000.0,19.06,0.1256,154000.0,7000.0,0.0,0.8282,9000.0,21000.0,BALANCED,34.7045
2020-11-05,PILL,PILL,-2000.0,18.849,-0.0111,152000.0,0.0,-2000.0,-0.5566,7000.0,19000.0,BALANCED,-5.9147
2020-11-06,PILL,PILL,2000.0,17.84,-0.0535,154000.0,2000.0,0.0,0.0364,11000.0,1000.0,BALANCED,12.9101
2020-11-09,PILL,PILL,17000.0,19.85,0.1127,171000.0,17000.0,0.0,2.106,29000.0,18000.0,ACCUMULATION,66.6506
2020-11-10,PILL,PILL,0.0,20.47,0.0312,171000.0,0.0,0.0,-0.3633,24000.0,21000.0,BALANCED,0.9184
2020-11-11,PILL,PILL,2000.0,20.41,-0.0029,173000.0,2000.0,0.0,-0.0825,19000.0,23000.0,BALANCED,9.9369
2020-11-12,PILL,PILL,4000.0,19.89,-0.0255,177000.0,4000.0,0.0,0.1809,25000.0,23000.0,BALANCED,18.5235
2020-11-13,PILL,PILL,1000.0,20.86,0.0488,178000.0,1000.0,0.0,-0.2444,24000.0,27000.0,BALANCED,9.8901
2020-11-16,PILL,PILL,-3000.0,20.57,-0.0139,175000.0,0.0,-3000.0,-0.8902,4000.0,24000.0,BALANCED,-14.2562
2020-11-17,PILL,PILL,-4000.0,21.06,0.0238,171000.0,0.0,-4000.0,-1.0136,0.0,20000.0,BALANCED,-29.3389
2020-11-18,PILL,PILL,8000.0,20.02,-0.0494,179000.0,8000.0,0.0,1.1851,6000.0,29000.0,BALANCED,41.6276
2020-11-19,PILL,PILL,-6000.0,20.79,0.0385,173000.0,0.0,-6000.0,-1.3044,-4000.0,25000.0,BALANCED,-44.6088
2020-11-20,PILL,PILL,0.0,20.25,-0.026,173000.0,0.0,0.0,-0.1522,-5000.0,25000.0,BALANCED,-13.8041
2020-11-23,PILL,PILL,-1000.0,19.98,-0.0133,172000.0,0.0,-1000.0,-0.372,-3000.0,24000.0,BALANCED,-21.3008
2020-11-24,PILL,PILL,-4000.0,20.13,0.0075,168000.0,0.0,-4000.0,-1.0401,-3000.0,20000.0,BALANCED,-40.0033
2020-11-25,PILL,PILL,0.0,19.85,-0.0139,168000.0,0.0,0.0,-0.1357,-11000.0,23000.0,BALANCED,-13.3917
2020-11-27,PILL,PILL,-1000.0,20.589,0.0372,167000.0,0.0,-1000.0,-0.3269,-6000.0,22000.0,BALANCED,-20.1736
2020-11-30,PILL,PILL,-1000.0,19.82,-0.0374,166000.0,0.0,-1000.0,-0.3452,-7000.0,23000.0,BALANCED,-22.6305
2020-12-01,PILL,PILL,0.0,20.08,0.0131,166000.0,0.0,0.0,-0.1151,-6000.0,24000.0,BALANCED,-12.8768
2020-12-02,PILL,PILL,-1000.0,20.01,-0.0035,165000.0,0.0,-1000.0,-0.3369,-3000.0,18000.0,BALANCED,-20.4236
2020-12-03,PILL,PILL,3000.0,20.49,0.024,168000.0,3000.0,0.0,0.5495,0.0,14000.0,BALANCED,15.7375
2020-12-04,PILL,PILL,0.0,21.21,0.0351,168000.0,0.0,0.0,-0.1535,1000.0,16000.0,BALANCED,6.1613
2020-12-07,PILL,PILL,0.0,20.58,-0.0297,168000.0,0.0,0.0,-0.1535,2000.0,14000.0,BALANCED,6.1613
2020-12-08,PILL,PILL,0.0,21.33,0.0364,168000.0,0.0,0.0,-0.1535,2000.0,-3000.0,BALANCED,6.1613
2020-12-09,PILL,PILL,-2000.0,20.55,-0.0366,166000.0,0.0,-2000.0,-0.5953,1000.0,-5000.0,BALANCED,-6.8823
2020-12-10,PILL,PILL,-2000.0,21.22,0.0326,164000.0,0.0,-2000.0,-0.6064,-4000.0,-9000.0,BALANCED,-29.1588
2020-12-11,PILL,PILL,-1000.0,20.7,-0.0245,163000.0,0.0,-1000.0,-0.3677,-5000.0,-14000.0,BALANCED,-25.1917
2020-12-14,PILL,PILL,9000.0,22.0,0.0628,172000.0,9000.0,0.0,1.7531,4000.0,-6000.0,ACCUMULATION,55.8266
2020-12-15,PILL,PILL,7000.0,24.1,0.0955,179000.0,7000.0,0.0,1.2281,11000.0,4000.0,BALANCED,44.7036
2020-12-16,PILL,PILL,15000.0,23.05,-0.0436,194000.0,15000.0,0.0,2.5397,28000.0,23000.0,ACCUMULATION,79.4913
2020-12-17,PILL,PILL,-1000.0,23.33,0.0121,193000.0,0.0,-1000.0,-0.4417,29000.0,14000.0,BALANCED,-3.0426
2020-12-18,PILL,PILL,5000.0,23.31,-0.0009,198000.0,5000.0,0.0,0.6653,35000.0,25000.0,BALANCED,28.6316
2020-12-21,PILL,PILL,-0.0,22.77,-0.0232,198000.0,-0.0,-0.0,-0.2811,26000.0,25000.0,BALANCED,2.9725
2020-12-22,PILL,PILL,-3000.0,23.85,0.0474,195000.0,0.0,-3000.0,-0.8688,16000.0,23000.0,BALANCED,-13.7197
2020-12-23,PILL,PILL,-2000.0,24.11,0.0109,193000.0,0.0,-2000.0,-0.621,-1000.0,25000.0,BALANCED,-29.5244
2020-12-24,PILL,PILL,2000.0,24.84,0.0303,195000.0,2000.0,0.0,0.2878,2000.0,27000.0,BALANCED,19.1942
2020-12-28,PILL,PILL,6000.0,24.52,-0.0129,201000.0,6000.0,0.0,1.164,3000.0,34000.0,BALANCED,43.099
2020-12-29,PILL,PILL,-2000.0,24.33,-0.0077,199000.0,0.0,-2000.0,-0.6005,1000.0,33000.0,BALANCED,-7.0121
2020-12-30,PILL,PILL,-2000.0,24.91,0.0238,197000.0,0.0,-2000.0,-0.6113,2000.0,31000.0,BALANCED,-9.2816
2020-12-31,PILL,PILL,-3000.0,25.34,0.0173,194000.0,0.0,-3000.0,-0.8486,1000.0,29000.0,BALANCED,-17.2148
2021-01-04,PILL,PILL,10000.0,24.59,-0.0296,204000.0,10000.0,0.0,2.0083,9000.0,36000.0,ACCUMULATION,62.2079
2021-01-05,PILL,PILL,0.0,25.0,0.0167,204000.0,0.0,0.0,-0.2358,3000.0,36000.0,BALANCED,4.1053
2021-01-06,PILL,PILL,9000.0,25.42,0.0168,213000.0,9000.0,0.0,1.6626,14000.0,45000.0,ACCUMULATION,53.5643
2021-01-07,PILL,PILL,5000.0,27.39,0.0775,218000.0,5000.0,0.0,0.7477,21000.0,50000.0,BALANCED,32.6915
2021-01-08,PILL,PILL,8000.0,27.25,-0.0051,226000.0,8000.0,0.0,1.3017,32000.0,60000.0,BALANCED,48.5435
2021-01-11,PILL,PILL,16000.0,28.1,0.0312,242000.0,16000.0,0.0,2.5521,38000.0,78000.0,ACCUMULATION,81.8029
2021-01-12,PILL,PILL,3000.0,28.18,0.0028,245000.0,3000.0,0.0,0.076,41000.0,82000.0,BALANCED,21.9001
2021-01-13,PILL,PILL,8000.0,27.62,-0.0199,253000.0,8000.0,0.0,0.961,40000.0,81000.0,BALANCED,46.0258
2021-01-14,PILL,PILL,-4000.0,28.14,0.0188,249000.0,0.0,-4000.0,-1.2459,31000.0,70000.0,BALANCED,-23.1485
2021-01-15,PILL,PILL,1000.0,27.8,-0.0121,250000.0,1000.0,0.0,-0.3398,24000.0,56000.0,BALANCED,3.5049
2021-01-19,PILL,PILL,2000.0,28.59,0.0284,252000.0,2000.0,0.0,-0.1482,10000.0,59000.0,BALANCED,10.2945
2021-01-20,PILL,PILL,9000.0,28.0,-0.0206,261000.0,9000.0,0.0,1.0755,16000.0,63000.0,BALANCED,42.888
2021-01-21,PILL,PILL,0.0,27.03,-0.0346,261000.0,0.0,0.0,-0.5651,8000.0,63000.0,BALANCED,-4.1276
2021-01-22,PILL,PILL,-1000.0,27.6,0.0211,260000.0,0.0,-1000.0,-0.7383,11000.0,65000.0,BALANCED,-10.4573
2021-01-25,PILL,PILL,0.0,28.48,0.0319,260000.0,0.0,0.0,-0.5742,10000.0,67000.0,BALANCED,-4.3556
2021-01-26,PILL,PILL,0.0,27.94,-0.019,260000.0,0.0,0.0,-0.5922,8000.0,65000.0,BALANCED,-4.8047
2021-01-27,PILL,PILL,-10000.0,25.62,-0.083,250000.0,0.0,-10000.0,-2.196,-11000.0,49000.0,DISTRIBUTION,-66.9006
2021-01-28,PILL,PILL,0.0,25.8,0.007,250000.0,0.0,0.0,-0.4497,-11000.0,51000.0,BALANCED,-21.2436
2021-01-29,PILL,PILL,-17000.0,24.87,-0.036,233000.0,0.0,-17000.0,-2.7921,-27000.0,36000.0,DISTRIBUTION,-81.8019
2021-02-01,PILL,PILL,0.0,26.46,0.0639,233000.0,0.0,0.0,-0.2077,-27000.0,39000.0,BALANCED,-15.192
2021-02-02,PILL,PILL,-6000.0,27.18,0.0272,227000.0,0.0,-6000.0,-1.1166,-33000.0,23000.0,BALANCED,-39.916
2021-02-03,PILL,PILL,-2000.0,27.594,0.0152,225000.0,0.0,-2000.0,-0.4553,-25000.0,21000.0,BALANCED,-25.3816
2021-02-04,PILL,PILL,-1000.0,27.92,0.0118,224000.0,0.0,-1000.0,-0.2927,-26000.0,11000.0,BALANCED,-23.3175
2021-02-05,PILL,PILL,3000.0,28.2,0.01,227000.0,3000.0,0.0,0.3047,-6000.0,9000.0,BALANCED,-0.3836
2021-02-08,PILL,PILL,7000.0,29.8,0.0567,234000.0,7000.0,0.0,0.8791,1000.0,8000.0,BALANCED,35.9763
2021-02-09,PILL,PILL,4000.0,30.252,0.0152,238000.0,4000.0,0.0,0.3994,11000.0,-4000.0,BALANCED,25.9861
2021-02-10,PILL,PILL,4000.0,30.78,0.0175,242000.0,4000.0,0.0,0.4123,17000.0,-3000.0,BALANCED,28.3076
2021-02-11,PILL,PILL,7000.0,30.86,0.0026,249000.0,7000.0,0.0,0.8289,25000.0,-4000.0,BALANCED,40.7218
2021-02-12,PILL,PILL,3000.0,31.14,0.0091,252000.0,3000.0,0.0,0.1823,25000.0,3000.0,BALANCED,26.5567
2021-02-16,PILL,PILL,0.0,30.6,-0.0173,252000.0,0.0,0.0,-0.3047,18000.0,2000.0,BALANCED,2.3836
2021-02-17,PILL,PILL,-3000.0,31.13,0.0173,249000.0,0.0,-3000.0,-0.7236,11000.0,-3000.0,BALANCED,-10.0906
2021-02-18,PILL,PILL,2000.0,30.19,-0.0302,251000.0,2000.0,0.0,0.0697,9000.0,-10000.0,BALANCED,13.7437
2021-02-19,PILL,PILL,2000.0,30.44,0.0083,253000.0,2000.0,0.0,0.1101,4000.0,-8000.0,BALANCED,16.7533
2021-02-22,PILL,PILL,-1000.0,28.51,-0.0634,252000.0,0.0,-1000.0,-0.354,0.0,-8000.0,BALANCED,-10.8489
2021-02-23,PILL,PILL,0.0,27.6,-0.0319,252000.0,0.0,0.0,-0.1472,0.0,-8000.0,BALANCED,-3.6797
2021-02-24,PILL,PILL,0.0,29.66,0.0746,252000.0,0.0,0.0,-0.0647,3000.0,-8000.0,BALANCED,8.3814
2021-02-25,PILL,PILL,-1000.0,27.46,-0.0742,251000.0,0.0,-1000.0,-0.234,0.0,1000.0,BALANCED,-7.8494
2021-02-26,PILL,PILL,-2000.0,26.75,-0.0259,249000.0,0.0,-2000.0,-0.379,-4000.0,-1000.0,BALANCED,-23.4751
2021-03-01,PILL,PILL,-3000.0,27.59,0.0314,246000.0,0.0,-3000.0,-0.5917,-6000.0,13000.0,BALANCED,-30.7916
2021-03-02,PILL,PILL,-1000.0,26.82,-0.0279,245000.0,0.0,-1000.0,-0.1701,-7000.0,12000.0,BALANCED,-22.2521
2021-03-03,PILL,PILL,-5000.0,25.13,-0.063,240000.0,0.0,-5000.0,-0.9276,-12000.0,13000.0,BALANCED,-43.1895
2021-03-04,PILL,PILL,-6000.0,23.24,-0.0752,234000.0,0.0,-6000.0,-1.0783,-17000.0,9000.0,BALANCED,-48.958
2021-03-05,PILL,PILL,0.0,24.42,0.0508,234000.0,0.0,0.0,0.1903,-15000.0,10000.0,BALANCED,-5.2427
2021-03-08,PILL,PILL,-4000.0,24.27,-0.0061,230000.0,0.0,-4000.0,-0.6298,-16000.0,3000.0,BALANCED,-27.7452
2021-03-09,PILL,PILL,0.0,25.64,0.0564,230000.0,0.0,0.0,0.2099,-15000.0,-4000.0,BALANCED,-4.7516
2021-03-10,PILL,PILL,-5000.0,26.09,0.0176,225000.0,0.0,-5000.0,-0.7962,-15000.0,-13000.0,BALANCED,-31.9057
2021-03-11,PILL,PILL,7000.0,27.704,0.0619,232000.0,7000.0,0.0,1.6038,-2000.0,-10000.0,ACCUMULATION,32.0955
2021-03-12,PILL,PILL,0.0,28.19,0.0175,232000.0,0.0,0.0,0.1266,-2000.0,-17000.0,BALANCED,-6.8346
2021-03-15,PILL,PILL,5000.0,27.815,-0.0133,237000.0,5000.0,0.0,1.3146,7000.0,-15000.0,BALANCED,44.864
2021-03-16,PILL,PILL,-7000.0,26.89,-0.0333,230000.0,0.0,-7000.0,-1.7581,0.0,-22000.0,DISTRIBUTION,-45.9521
2021-03-17,PILL,PILL,1000.0,27.796,0.0337,231000.0,1000.0,0.0,0.2301,6000.0,-18000.0,BALANCED,17.7521
2021-03-18,PILL,PILL,-2000.0,25.81,-0.0714,229000.0,0.0,-2000.0,-0.5664,-3000.0,-22000.0,BALANCED,-26.1589
2021-03-19,PILL,PILL,0.0,26.59,0.0302,229000.0,0.0,0.0,-0.0443,-3000.0,-24000.0,BALANCED,-11.1079
2021-03-22,PILL,PILL,-1000.0,25.8,-0.0297,228000.0,0.0,-1000.0,-0.2772,-9000.0,-24000.0,BALANCED,-18.9302
2021-03-23,PILL,PILL,0.0,23.0,-0.1085,228000.0,0.0,0.0,0.0573,-2000.0,-24000.0,BALANCED,-8.5665
2021-03-24,PILL,PILL,-4000.0,21.12,-0.0817,224000.0,0.0,-4000.0,-1.0208,-7000.0,-28000.0,BALANCED,-37.5192
2021-03-25,PILL,PILL,-6000.0,21.87,0.0355,218000.0,0.0,-6000.0,-1.4867,-11000.0,-33000.0,BALANCED,-51.1664
2021-03-26,PILL,PILL,-5000.0,21.74,-0.0059,213000.0,0.0,-5000.0,-1.1683,-16000.0,-36000.0,BALANCED,-45.2075
2021-03-29,PILL,PILL,-6000.0,20.89,-0.0391,207000.0,0.0,-6000.0,-1.3775,-21000.0,-39000.0,BALANCED,-52.4367
2021-03-30,PILL,PILL,-5000.0,21.31,0.0201,202000.0,0.0,-5000.0,-1.0056,-26000.0,-43000.0,BALANCED,-45.1391
2021-03-31,PILL,PILL,3000.0,22.06,0.0352,205000.0,3000.0,0.0,1.3094,-19000.0,-35000.0,BALANCED,24.7346
2021-04-01,PILL,PILL,0.0,22.04,-0.0009,205000.0,0.0,0.0,0.4563,-13000.0,-29000.0,BALANCED,1.4075
2021-04-05,PILL,PILL,0.0,21.82,-0.01,205000.0,0.0,0.0,0.4838,-8000.0,-29000.0,BALANCED,2.0946
2021-04-06,PILL,PILL,3000.0,21.3,-0.0238,208000.0,3000.0,0.0,1.3094,1000.0,-22000.0,BALANCED,44.7346
2021-04-07,PILL,PILL,-5000.0,20.68,-0.0291,203000.0,0.0,-5000.0,-0.9733,1000.0,-27000.0,BALANCED,-16.333
2021-04-08,PILL,PILL,0.0,20.6,-0.0039,203000.0,0.0,0.0,0.4722,-2000.0,-22000.0,BALANCED,1.8051
2021-04-09,PILL,PILL,0.0,20.33,-0.0131,203000.0,0.0,0.0,0.4611,-2000.0,-29000.0,BALANCED,1.5271
2021-04-12,PILL,PILL,0.0,19.53,-0.0394,203000.0,0.0,0.0,0.4404,-2000.0,-29000.0,BALANCED,1.0112
2021-04-13,PILL,PILL,0.0,19.5,-0.0015,203000.0,0.0,0.0,0.4118,-5000.0,-34000.0,BALANCED,0.2945
2021-04-14,PILL,PILL,-1000.0,20.3,0.041,202000.0,0.0,-1000.0,0.1245,-1000.0,-28000.0,BALANCED,-8.8877
2021-04-15,PILL,PILL,-4000.0,20.26,-0.002,198000.0,0.0,-4000.0,-0.7536,-5000.0,-33000.0,BALANCED,-32.8398
2021-04-16,PILL,PILL,-2000.0,20.16,-0.0049,196000.0,0.0,-2000.0,-0.2194,-7000.0,-33000.0,BALANCED,-21.486
2021-04-19,PILL,PILL,0.0,19.65,-0.0253,196000.0,0.0,0.0,0.379,-7000.0,-33000.0,BALANCED,-0.5241
2021-04-20,PILL,PILL,0.0,19.49,-0.0081,196000.0,0.0,0.0,0.3425,-7000.0,-32000.0,BALANCED,-1.4366
2021-04-21,PILL,PILL,8000.0,20.65,0.0595,204000.0,8000.0,0.0,2.395,2000.0,-24000.0,ACCUMULATION,71.8755
2021-04-22,PILL,PILL,1000.0,20.71,0.0029,205000.0,1000.0,0.0,0.4588,7000.0,-19000.0,BALANCED,25.4704
2021-04-23,PILL,PILL,5000.0,20.7,-0.0005,210000.0,5000.0,0.0,1.6367,14000.0,-8000.0,ACCUMULATION,56.9169
2021-04-26,PILL,PILL,-1000.0,21.78,0.0522,209000.0,0.0,-1000.0,-0.0667,13000.0,-4000.0,BALANCED,6.3336
2021-04-27,PILL,PILL,1000.0,21.41,-0.017,210000.0,1000.0,0.0,0.5678,14000.0,3000.0,BALANCED,26.1955
2021-04-28,PILL,PILL,-3000.0,21.51,0.0047,207000.0,0.0,-3000.0,-0.7046,3000.0,5000.0,BALANCED,-9.6146
2021-04-29,PILL,PILL,0.0,21.16,-0.0163,207000.0,0.0,0.0,0.2535,2000.0,2000.0,BALANCED,16.3377
2021-04-30,PILL,PILL,0.0,20.5,-0.0312,207000.0,0.0,0.0,0.2328,-3000.0,2000.0,BALANCED,-4.181
2021-05-03,PILL,PILL,-3000.0,20.71,0.0102,204000.0,0.0,-3000.0,-0.6826,-5000.0,-1000.0,BALANCED,-29.0654
2021-05-04,PILL,PILL,-0.0,19.37,-0.0647,204000.0,-0.0,-0.0,0.2518,-6000.0,-4000.0,BALANCED,-3.7058
2021-05-05,PILL,PILL,-4000.0,19.62,0.0129,200000.0,0.0,-4000.0,-0.9505,-7000.0,-3000.0,BALANCED,-35.7628
2021-05-06,PILL,PILL,0.0,19.2,-0.0214,200000.0,0.0,0.0,0.2518,-7000.0,-3000.0,BALANCED,-3.7058
2021-05-07,PILL,PILL,2000.0,19.8,0.0313,202000.0,2000.0,0.0,0.828,-5000.0,-1000.0,BALANCED,12.7001
2021-05-10,PILL,PILL,3000.0,19.25,-0.0278,205000.0,3000.0,0.0,1.0871,1000.0,2000.0,BALANCED,41.1771
2021-05-11,PILL,PILL,0.0,19.49,0.0125,205000.0,0.0,0.0,0.0238,1000.0,2000.0,BALANCED,10.5946
2021-05-12,PILL,PILL,3000.0,19.42,-0.0036,208000.0,3000.0,0.0,1.0385,8000.0,6000.0,BALANCED,37.9634
2021-05-13,PILL,PILL,5000.0,19.87,0.0232,213000.0,5000.0,0.0,1.6961,13000.0,15000.0,ACCUMULATION,56.4014
2021-05-14,PILL,PILL,-2000.0,20.61,0.0372,211000.0,0.0,-2000.0,-0.7798,9000.0,15000.0,BALANCED,-11.4959
2021-05-17,PILL,PILL,1000.0,20.81,0.0097,212000.0,1000.0,0.0,0.2714,7000.0,16000.0,BALANCED,18.7857
2021-05-18,PILL,PILL,6000.0,20.87,0.0029,218000.0,6000.0,0.0,1.9048,13000.0,22000.0,ACCUMULATION,61.6192
2021-05-19,PILL,PILL,2000.0,20.73,-0.0067,220000.0,2000.0,0.0,0.5097,12000.0,16000.0,BALANCED,28.7415
2021-05-20,PILL,PILL,0.0,21.82,0.0526,220000.0,0.0,0.0,-0.2015,7000.0,15000.0,BALANCED,4.9627
2021-05-21,PILL,PILL,0.0,21.87,0.0023,220000.0,0.0,0.0,-0.2015,9000.0,10000.0,BALANCED,4.9627
2021-05-24,PILL,PILL,-2000.0,21.63,-0.011,218000.0,0.0,-2000.0,-0.8773,6000.0,9000.0,BALANCED,-13.9323
2021-05-25,PILL,PILL,3000.0,21.26,-0.0171,221000.0,3000.0,0.0,0.8322,3000.0,11000.0,BALANCED,32.8047
2021-05-26,PILL,PILL,0.0,21.69,0.0202,221000.0,0.0,0.0,-0.2206,1000.0,14000.0,BALANCED,4.4843
2021-05-27,PILL,PILL,0.0,22.15,0.0212,221000.0,0.0,0.0,-0.28,1000.0,14000.0,BALANCED,2.9992
2021-05-28,PILL,PILL,-5000.0,22.0,-0.0068,216000.0,0.0,-5000.0,-1.9589,-4000.0,9000.0,DISTRIBUTION,-60.9736
2021-06-01,PILL,PILL,-0.0,21.86,-0.0064,216000.0,-0.0,-0.0,-0.2305,-2000.0,12000.0,BALANCED,-15.7616
2021-06-02,PILL,PILL,3000.0,21.76,-0.0046,219000.0,3000.0,0.0,0.7647,-2000.0,15000.0,BALANCED,11.1171
2021-06-03,PILL,PILL,6000.0,22.16,0.0184,225000.0,6000.0,0.0,1.9143,4000.0,25000.0,ACCUMULATION,61.857
2021-06-04,PILL,PILL,2000.0,22.09,-0.0032,227000.0,2000.0,0.0,0.4559,6000.0,27000.0,BALANCED,27.3974
2021-06-07,PILL,PILL,0.0,23.16,0.0484,227000.0,0.0,0.0,-0.2129,11000.0,25000.0,BALANCED,4.6764
2021-06-08,PILL,PILL,1000.0,23.27,0.0047,228000.0,1000.0,0.0,0.1386,12000.0,23000.0,BALANCED,15.465
2021-06-09,PILL,PILL,5000.0,23.96,0.0297,233000.0,5000.0,0.0,1.5322,14000.0,28000.0,ACCUMULATION,52.3059
2021-06-10,PILL,PILL,22000.0,25.45,0.0622,255000.0,22000.0,0.0,4.352,30000.0,47000.0,ACCUMULATION,100.0
2021-06-11,PILL,PILL,5000.0,25.3,-0.0059,260000.0,5000.0,0.0,0.6854,33000.0,47000.0,BALANCED,35.1351
2021-06-14,PILL,PILL,-3000.0,25.31,0.0004,257000.0,0.0,-3000.0,-0.9748,30000.0,46000.0,BALANCED,-16.3693
2021-06-15,PILL,PILL,-2000.0,24.55,-0.03,255000.0,0.0,-2000.0,-0.7778,27000.0,43000.0,BALANCED,-13.4442
2021-06-16,PILL,PILL,0.0,24.9,0.0143,255000.0,0.0,0.0,-0.3574,22000.0,37000.0,BALANCED,1.0662
2021-06-17,PILL,PILL,3000.0,24.69,-0.0084,258000.0,3000.0,0.0,0.23,3000.0,38000.0,BALANCED,17.7494
2021-06-18,PILL,PILL,0.0,23.98,-0.0288,258000.0,0.0,0.0,-0.4168,-2000.0,38000.0,BALANCED,-20.4208
2021-06-21,PILL,PILL,-1000.0,24.87,0.0371,257000.0,0.0,-1000.0,-0.6068,0.0,37000.0,BALANCED,-17.1712
2021-06-22,PILL,PILL,-2000.0,23.9,-0.039,255000.0,0.0,-2000.0,-0.7777,0.0,37000.0,BALANCED,-23.4421
2021-06-23,PILL,PILL,-7000.0,23.51,-0.0163,248000.0,0.0,-7000.0,-1.698,-7000.0,27000.0,DISTRIBUTION,-58.4496
2021-06-24,PILL,PILL,-3000.0,24.64,0.0481,245000.0,0.0,-3000.0,-0.843,-13000.0,24000.0,BALANCED,-39.0743
2021-06-25,PILL,PILL,1000.0,24.89,0.0101,246000.0,1000.0,0.0,-0.0201,-12000.0,25000.0,BALANCED,-8.5029
2021-06-28,PILL,PILL,0.0,24.98,0.0036,246000.0,0.0,0.0,-0.2361,-11000.0,30000.0,BALANCED,-15.9023
2021-06-29,PILL,PILL,-1000.0,24.04,-0.0376,245000.0,0.0,-1000.0,-0.4236,-10000.0,29000.0,BALANCED,-22.5902
2021-06-30,PILL,PILL,-2000.0,23.66,-0.0158,243000.0,0.0,-2000.0,-0.5783,-5000.0,24000.0,BALANCED,-28.4571
2021-07-01,PILL,PILL,0.0,24.87,0.0511,243000.0,0.0,0.0,-0.1566,-2000.0,18000.0,BALANCED,-13.9142
2021-07-02,PILL,PILL,1000.0,24.4,-0.0189,244000.0,1000.0,0.0,0.0409,-2000.0,17000.0,BALANCED,-6.9785
2021-07-06,PILL,PILL,-2000.0,23.93,-0.0193,242000.0,0.0,-2000.0,-0.5556,-4000.0,15000.0,BALANCED,-25.8901
2021-07-07,PILL,PILL,0.0,23.86,-0.0029,242000.0,0.0,0.0,-0.1634,-3000.0,14000.0,BALANCED,-14.086
2021-07-08,PILL,PILL,-1000.0,23.95,0.0038,241000.0,0.0,-1000.0,-0.341,-2000.0,8000.0,BALANCED,-20.5256
2021-07-09,PILL,PILL,-4000.0,23.95,0.0,237000.0,0.0,-4000.0,-0.914,-6000.0,-18000.0,BALANCED,-36.8491
2021-07-12,PILL,PILL,-2000.0,23.97,0.0008,235000.0,0.0,-2000.0,-0.4952,-9000.0,-25000.0,BALANCED,-28.3807
2021-07-13,PILL,PILL,-0.0,23.39,-0.0242,235000.0,-0.0,-0.0,-0.1299,-7000.0,-22000.0,BALANCED,-13.2484
2021-07-14,PILL,PILL,-5000.0,22.21,-0.0504,230000.0,0.0,-5000.0,-1.0975,-12000.0,-25000.0,BALANCED,-39.4382
2021-07-15,PILL,PILL,-10000.0,20.95,-0.0567,220000.0,0.0,-10000.0,-1.8903,-21000.0,-35000.0,DISTRIBUTION,-61.2587
2021-07-16,PILL,PILL,0.0,20.47,-0.0229,220000.0,0.0,0.0,0.0321,-17000.0,-38000.0,BALANCED,-9.1967
2021-07-19,PILL,PILL,0.0,20.35,-0.0059,220000.0,0.0,0.0,0.0451,-15000.0,-38000.0,BALANCED,-8.8719
2021-07-20,PILL,PILL,-5000.0,21.98,0.0801,215000.0,0.0,-5000.0,-0.8774,-20000.0,-42000.0,BALANCED,-33.9338
2021-07-21,PILL,PILL,0.0,23.71,0.0787,215000.0,0.0,0.0,0.0827,-15000.0,-40000.0,BALANCED,-7.9314
2021-07-22,PILL,PILL,5000.0,23.84,0.0055,220000.0,5000.0,0.0,1.0375,0.0,-28000.0,BALANCED,27.9371
2021-07-23,PILL,PILL,0.0,24.26,0.0176,220000.0,0.0,0.0,0.3781,0.0,-25000.0,BALANCED,9.4515
2021-07-26,PILL,PILL,4000.0,23.45,-0.0334,224000.0,4000.0,0.0,1.7209,4000.0,-22000.0,ACCUMULATION,55.0213
2021-07-27,PILL,PILL,-0.0,23.65,0.0085,224000.0,-0.0,-0.0,0.3655,9000.0,-22000.0,BALANCED,19.137
2021-07-28,PILL,PILL,-8000.0,25.27,0.0685,216000.0,0.0,-8000.0,-2.0549,1000.0,-29000.0,DISTRIBUTION,-43.3721
2021-07-29,PILL,PILL,1000.0,23.56,-0.0677,217000.0,1000.0,0.0,0.6912,-3000.0,-26000.0,BALANCED,9.2799
2021-07-30,PILL,PILL,-2000.0,21.54,-0.0857,215000.0,0.0,-2000.0,-0.1782,-5000.0,-28000.0,BALANCED,-16.4541
2021-08-02,PILL,PILL,0.0,22.27,0.0339,215000.0,0.0,0.0,0.4507,-9000.0,-29000.0,BALANCED,1.2663
2021-08-03,PILL,PILL,-5000.0,22.79,0.0233,210000.0,0.0,-5000.0,-1.058,-14000.0,-32000.0,BALANCED,-38.4511
2021-08-04,PILL,PILL,-2000.0,21.99,-0.0351,208000.0,0.0,-2000.0,-0.1335,-8000.0,-34000.0,BALANCED,-17.3385
2021-08-05,PILL,PILL,0.0,23.05,0.0482,208000.0,0.0,0.0,0.4317,-9000.0,-33000.0,BALANCED,0.7919
2021-08-06,PILL,PILL,1000.0,22.32,-0.0317,209000.0,1000.0,0.0,0.7095,-6000.0,-28000.0,BALANCED,9.7384
2021-08-09,PILL,PILL,0.0,21.5,-0.0367,209000.0,0.0,0.0,0.4002,-6000.0,-26000.0,BALANCED,0.0061
2021-08-10,PILL,PILL,0.0,20.84,-0.0307,209000.0,0.0,0.0,0.4002,-1000.0,-26000.0,BALANCED,0.0061
2021-08-11,PILL,PILL,0.0,19.95,-0.0427,209000.0,0.0,0.0,0.3884,1000.0,-21000.0,BALANCED,19.7104
2021-08-12,PILL,PILL,-2000.0,20.7,0.0376,207000.0,0.0,-2000.0,-0.2589,-1000.0,-13000.0,BALANCED,-18.4736
2021-08-13,PILL,PILL,2000.0,21.0,0.0145,209000.0,2000.0,0.0,0.9987,0.0,-11000.0,BALANCED,26.9671
2021-08-16,PILL,PILL,-1000.0,20.52,-0.0229,208000.0,0.0,-1000.0,0.0643,-1000.0,-12000.0,BALANCED,-10.3932
2021-08-17,PILL,PILL,2000.0,20.41,-0.0054,210000.0,2000.0,0.0,0.97,1000.0,-5000.0,BALANCED,36.2497
2021-08-18,PILL,PILL,0.0,19.74,-0.0328,210000.0,0.0,0.0,0.3374,1000.0,-5000.0,BALANCED,18.4347
2021-08-19,PILL,PILL,-9000.0,18.99,-0.038,201000.0,0.0,-9000.0,-2.2047,-6000.0,-19000.0,DISTRIBUTION,-67.1186
2021-08-20,PILL,PILL,-5000.0,19.54,0.029,196000.0,0.0,-5000.0,-1.0356,-13000.0,-24000.0,BALANCED,-39.8899
2021-08-23,PILL,PILL,0.0,21.07,0.0783,196000.0,0.0,0.0,0.3698,-12000.0,-28000.0,BALANCED,-0.7539
2021-08-24,PILL,PILL,3000.0,20.8,-0.0128,199000.0,3000.0,0.0,1.1683,-11000.0,-25000.0,BALANCED,21.2071
2021-08-25,PILL,PILL,-15000.0,19.63,-0.0563,184000.0,0.0,-15000.0,-3.0994,-26000.0,-32000.0,DISTRIBUTION,-89.4855
2021-08-26,PILL,PILL,-2000.0,18.96,-0.0341,182000.0,0.0,-2000.0,-0.1814,-19000.0,-35000.0,BALANCED,-18.5354
2021-08-27,PILL,PILL,15000.0,18.82,-0.0074,197000.0,15000.0,0.0,3.1439,1000.0,-18000.0,ACCUMULATION,90.597
2021-08-30,PILL,PILL,-27000.0,18.7,-0.0064,170000.0,0.0,-27000.0,-3.6557,-26000.0,-45000.0,DISTRIBUTION,-100.0
2021-08-31,PILL,PILL,0.0,19.03,0.0176,170000.0,0.0,0.0,0.2172,-29000.0,-40000.0,BALANCED,-4.5707
2021-09-01,PILL,PILL,0.0,19.09,0.0032,170000.0,0.0,0.0,0.2172,-14000.0,-38000.0,BALANCED,-4.5707
2021-09-02,PILL,PILL,21000.0,19.97,0.0461,191000.0,21000.0,0.0,2.7585,9000.0,-17000.0,ACCUMULATION,80.963
2021-09-03,PILL,PILL,5000.0,19.45,-0.026,196000.0,5000.0,0.0,0.7217,-1000.0,-13000.0,BALANCED,12.0435
2021-09-07,PILL,PILL,-14000.0,18.98,-0.0242,182000.0,0.0,-14000.0,-1.5123,12000.0,-27000.0,DISTRIBUTION,-29.8065
2021-09-08,PILL,PILL,-19000.0,19.02,0.0021,163000.0,0.0,-19000.0,-1.9015,-7000.0,-46000.0,DISTRIBUTION,-61.5364
2021-09-09,PILL,PILL,14000.0,18.71,-0.0163,177000.0,14000.0,0.0,1.6432,7000.0,-32000.0,ACCUMULATION,53.0792
2021-09-10,PILL,PILL,0.0,18.53,-0.0096,177000.0,0.0,0.0,0.1433,-14000.0,-30000.0,BALANCED,-6.4175
2021-09-13,PILL,PILL,8000.0,18.25,-0.0151,185000.0,8000.0,0.0,0.9516,-11000.0,-24000.0,BALANCED,15.7901
2021-09-14,PILL,PILL,-13000.0,17.65,-0.0329,172000.0,0.0,-13000.0,-1.1918,-10000.0,-36000.0,BALANCED,-41.7959
2021-09-15,PILL,PILL,-8000.0,17.57,-0.0045,164000.0,0.0,-8000.0,-0.6627,1000.0,-46000.0,BALANCED,-10.5672
2021-09-16,PILL,PILL,-10000.0,17.32,-0.0142,154000.0,0.0,-10000.0,-0.83,-23000.0,-56000.0,BALANCED,-36.7491
2021-09-17,PILL,PILL,0.0,17.63,0.0179,154000.0,0.0,0.0,0.1822,-23000.0,-47000.0,BALANCED,-5.4453
2021-09-20,PILL,PILL,0.0,16.78,-0.0482,154000.0,0.0,0.0,0.1857,-31000.0,-42000.0,BALANCED,-5.3572
2021-09-21,PILL,PILL,25000.0,17.49,0.0423,179000.0,25000.0,0.0,2.3593,7000.0,-17000.0,ACCUMULATION,70.9818
2021-09-22,PILL,PILL,1000.0,17.49,0.0,180000.0,1000.0,0.0,0.1784,16000.0,-19000.0,BALANCED,18.4596
2021-09-23,PILL,PILL,12000.0,18.81,0.0755,192000.0,12000.0,0.0,1.1145,38000.0,8000.0,BALANCED,43.8613
2021-09-24,PILL,PILL,-4000.0,18.71,-0.0053,188000.0,0.0,-4000.0,-0.2982,34000.0,6000.0,BALANCED,0.5455
2021-09-27,PILL,PILL,19000.0,19.14,0.023,207000.0,19000.0,0.0,1.6103,53000.0,10000.0,ACCUMULATION,52.2566
2021-09-28,PILL,PILL,10000.0,18.07,-0.0559,217000.0,10000.0,0.0,0.8097,38000.0,47000.0,BALANCED,34.2416
2021-09-29,PILL,PILL,0.0,18.06,-0.0006,217000.0,0.0,0.0,-0.0195,37000.0,47000.0,BALANCED,9.5129
2021-09-30,PILL,PILL,-5000.0,17.7,-0.0199,212000.0,0.0,-5000.0,-0.4217,20000.0,42000.0,BALANCED,-2.5431
2021-10-01,PILL,PILL,-4000.0,18.27,0.0322,208000.0,0.0,-4000.0,-0.3552,20000.0,17000.0,BALANCED,-2.8799
2021-10-04,PILL,PILL,-0.0,17.19,-0.0591,208000.0,-0.0,-0.0,-0.0337,1000.0,12000.0,BALANCED,9.1581
2021-10-05,PILL,PILL,-1000.0,17.04,-0.0087,207000.0,0.0,-1000.0,-0.115,-10000.0,25000.0,BALANCED,-14.876
2021-10-06,PILL,PILL,-6000.0,16.83,-0.0123,201000.0,0.0,-6000.0,-0.5087,-16000.0,38000.0,BALANCED,-26.7185
2021-10-07,PILL,PILL,0.0,17.46,0.0374,201000.0,0.0,0.0,-0.0489,-11000.0,24000.0,BALANCED,-11.2233
2021-10-08,PILL,PILL,0.0,17.24,-0.0126,201000.0,0.0,0.0,-0.0547,-7000.0,24000.0,BALANCED,-11.3683
2021-10-11,PILL,PILL,13000.0,17.54,0.0174,214000.0,13000.0,0.0,1.082,6000.0,29000.0,BALANCED,39.0497
2021-10-12,PILL,PILL,-1000.0,17.66,0.0068,213000.0,0.0,-1000.0,-0.2373,6000.0,41000.0,BALANCED,2.0675
2021-10-13,PILL,PILL,3000.0,17.93,0.0153,216000.0,3000.0,0.0,0.143,15000.0,52000.0,BALANCED,15.5757
2021-10-14,PILL,PILL,1000.0,18.28,0.0195,217000.0,1000.0,0.0,-0.0553,16000.0,63000.0,BALANCED,12.618
2021-10-15,PILL,PILL,4000.0,18.17,-0.006,221000.0,4000.0,0.0,0.3129,20000.0,67000.0,BALANCED,23.8222
2021-10-18,PILL,PILL,-15000.0,17.51,-0.0363,206000.0,0.0,-15000.0,-1.5353,-8000.0,52000.0,DISTRIBUTION,-50.3819
2021-10-19,PILL,PILL,1000.0,17.98,0.0268,207000.0,1000.0,0.0,0.0173,-6000.0,28000.0,BALANCED,-7.5666
2021-10-20,PILL,PILL,-0.0,18.4,0.0234,207000.0,-0.0,-0.0,-0.1656,-9000.0,27000.0,BALANCED,-14.1394
2021-10-21,PILL,PILL,-0.0,18.55,0.0082,207000.0,-0.0,-0.0,-0.1171,-10000.0,15000.0,BALANCED,-12.9281
2021-10-22,PILL,PILL,0.0,18.17,-0.0205,207000.0,0.0,0.0,-0.1171,-14000.0,19000.0,BALANCED,-12.9281
2021-10-25,PILL,PILL,0.0,18.39,0.0121,207000.0,0.0,0.0,-0.0869,1000.0,0.0,BALANCED,7.8268
2021-10-26,PILL,PILL,-2000.0,18.14,-0.0136,205000.0,0.0,-2000.0,-0.3852,-2000.0,-12000.0,BALANCED,-21.6288
2021-10-27,PILL,PILL,10000.0,17.3,-0.0463,215000.0,10000.0,0.0,1.0352,8000.0,-2000.0,BALANCED,37.8797
2021-10-28,PILL,PILL,10000.0,17.98,0.0393,225000.0,10000.0,0.0,0.9735,18000.0,13000.0,BALANCED,38.3378
2021-10-29,PILL,PILL,0.0,18.14,0.0089,225000.0,0.0,0.0,-0.3018,18000.0,17000.0,BALANCED,2.4542
2021-11-01,PILL,PILL,-1000.0,19.07,0.0513,224000.0,0.0,-1000.0,-0.4244,17000.0,16000.0,BALANCED,-2.6109
2021-11-02,PILL,PILL,-29000.0,19.89,0.043,195000.0,0.0,-29000.0,-3.4225,-10000.0,-12000.0,DISTRIBUTION,-99.5615
2021-11-03,PILL,PILL,-2000.0,20.4,0.0256,193000.0,0.0,-2000.0,-0.2816,-22000.0,-8000.0,BALANCED,-23.04
2021-11-04,PILL,PILL,44000.0,21.86,0.0716,237000.0,44000.0,0.0,3.667,12000.0,36000.0,ACCUMULATION,100.0
2021-11-05,PILL,PILL,10000.0,22.68,0.0375,247000.0,10000.0,0.0,0.69,22000.0,46000.0,BALANCED,31.2498
2021-11-08,PILL,PILL,20000.0,23.5,0.0362,267000.0,20000.0,0.0,1.5392,43000.0,53000.0,ACCUMULATION,54.48
2021-11-09,PILL,PILL,0.0,22.68,-0.0349,267000.0,0.0,0.0,-0.1437,72000.0,54000.0,BALANCED,6.4082
2021-11-10,PILL,PILL,9000.0,21.44,-0.0547,276000.0,9000.0,0.0,0.6026,83000.0,60000.0,BALANCED,27.0643
2021-11-11,PILL,PILL,1000.0,21.52,0.0037,277000.0,1000.0,0.0,-0.1006,40000.0,60000.0,BALANCED,11.4856
2021-11-12,PILL,PILL,1000.0,21.24,-0.013,278000.0,1000.0,0.0,-0.1155,31000.0,57000.0,BALANCED,13.1125
2021-11-15,PILL,PILL,-10000.0,20.06,-0.0556,268000.0,0.0,-10000.0,-1.0207,1000.0,62000.0,BALANCED,-17.5186
2021-11-16,PILL,PILL,0.0,20.06,0.0,268000.0,0.0,0.0,-0.1731,1000.0,61000.0,BALANCED,5.6733
2021-11-17,PILL,PILL,-11000.0,18.89,-0.0583,257000.0,0.0,-11000.0,-1.0811,-19000.0,50000.0,BALANCED,-39.0283
2021-11-18,PILL,PILL,-12000.0,18.22,-0.0355,245000.0,0.0,-12000.0,-1.107,-32000.0,38000.0,BALANCED,-41.6755
2021-11-19,PILL,PILL,-8000.0,18.2,-0.0011,237000.0,0.0,-8000.0,-0.7489,-41000.0,30000.0,BALANCED,-34.7218
2021-11-22,PILL,PILL,2000.0,18.13,-0.0038,239000.0,2000.0,0.0,0.0966,-29000.0,32000.0,BALANCED,-5.5862
2021-11-23,PILL,PILL,2000.0,17.91,-0.0121,241000.0,2000.0,0.0,0.0883,-27000.0,36000.0,BALANCED,-3.7925
2021-11-24,PILL,PILL,-11000.0,18.07,0.0089,230000.0,0.0,-11000.0,-0.9348,-27000.0,15000.0,BALANCED,-35.3701
2021-11-26,PILL,PILL,-11000.0,17.13,-0.052,219000.0,0.0,-11000.0,-0.8894,-26000.0,-6000.0,BALANCED,-36.2351
2021-11-29,PILL,PILL,0.0,16.16,-0.0566,219000.0,0.0,0.0,0.0054,-18000.0,-6000.0,BALANCED,-9.8658
2021-11-30,PILL,PILL,-1000.0,15.66,-0.0309,218000.0,0.0,-1000.0,-0.1157,-21000.0,-6000.0,BALANCED,-14.8928
2021-12-01,PILL,PILL,-19000.0,15.18,-0.0307,199000.0,0.0,-19000.0,-1.4862,-42000.0,4000.0,BALANCED,-51.1539
2021-12-02,PILL,PILL,-16000.0,15.34,0.0105,183000.0,0.0,-16000.0,-1.1758,-47000.0,-10000.0,BALANCED,-45.3938
2021-12-03,PILL,PILL,-20000.0,14.34,-0.0652,163000.0,0.0,-20000.0,-1.3839,-56000.0,-74000.0,BALANCED,-52.5963
2021-12-06,PILL,PILL,-8000.0,14.06,-0.0195,155000.0,0.0,-8000.0,-0.4662,-64000.0,-92000.0,BALANCED,-31.6551
2021-12-07,PILL,PILL,-25000.0,14.94,0.0626,130000.0,0.0,-25000.0,-1.5921,-88000.0,-137000.0,DISTRIBUTION,-61.8035
2021-12-08,PILL,PILL,-12000.0,15.41,0.0315,118000.0,0.0,-12000.0,-0.6411,-81000.0,-149000.0,BALANCED,-40.0278
2021-12-09,PILL,PILL,-8000.0,13.95,-0.0947,110000.0,0.0,-8000.0,-0.3212,-73000.0,-166000.0,BALANCED,-34.0304
2021-12-10,PILL,PILL,-18000.0,13.49,-0.033,92000.0,0.0,-18000.0,-0.9683,-71000.0,-185000.0,BALANCED,-52.2063
2021-12-13,PILL,PILL,1000.0,13.81,0.0237,93000.0,1000.0,0.0,0.3851,-62000.0,-185000.0,BALANCED,1.6266
2021-12-14,PILL,PILL,0.0,13.63,-0.013,93000.0,0.0,0.0,0.3112,-37000.0,-175000.0,BALANCED,-2.2208
2021-12-15,PILL,PILL,12000.0,14.65,0.0748,105000.0,12000.0,0.0,1.1079,-13000.0,-163000.0,BALANCED,19.6973
2021-12-16,PILL,PILL,3000.0,14.57,-0.0055,108000.0,3000.0,0.0,0.4295,-2000.0,-149000.0,BALANCED,4.7367
2021-12-17,PILL,PILL,6000.0,14.82,0.0172,114000.0,6000.0,0.0,0.9635,22000.0,-131000.0,BALANCED,40.0874
2021-12-20,PILL,PILL,13000.0,14.77,-0.0034,127000.0,13000.0,0.0,1.5985,34000.0,-110000.0,ACCUMULATION,57.9623
2021-12-21,PILL,PILL,14000.0,15.45,0.046,141000.0,14000.0,0.0,1.7815,48000.0,-98000.0,ACCUMULATION,64.5368
2021-12-22,PILL,PILL,31000.0,15.87,0.0272,172000.0,31000.0,0.0,2.8336,67000.0,-69000.0,ACCUMULATION,92.8407
2021-12-23,PILL,PILL,-18000.0,16.35,0.0302,154000.0,0.0,-18000.0,-1.1491,46000.0,-76000.0,BALANCED,-20.7271
2021-12-27,PILL,PILL,-10000.0,16.65,0.0183,144000.0,0.0,-10000.0,-0.4588,30000.0,-75000.0,BALANCED,-5.4697
2021-12-28,PILL,PILL,10000.0,16.15,-0.03,154000.0,10000.0,0.0,1.1415,27000.0,-65000.0,BALANCED,40.5381
2021-12-29,PILL,PILL,-3000.0,15.85,-0.0186,151000.0,0.0,-3000.0,0.073,10000.0,-67000.0,BALANCED,9.8244
2021-12-30,PILL,PILL,0.0,16.12,0.017,151000.0,0.0,0.0,0.3162,-21000.0,-48000.0,BALANCED,-2.0941
2021-12-31,PILL,PILL,0.0,15.88,-0.0149,151000.0,0.0,0.0,0.2878,-3000.0,-32000.0,BALANCED,-2.8053
2022-01-03,PILL,PILL,8000.0,16.32,0.0277,159000.0,8000.0,0.0,0.8803,15000.0,-4000.0,BALANCED,34.0065
2022-01-04,PILL,PILL,-13000.0,15.63,-0.0423,146000.0,0.0,-13000.0,-0.8005,-8000.0,-9000.0,BALANCED,-32.0136
2022-01-05,PILL,PILL,-18000.0,14.74,-0.0569,128000.0,0.0,-18000.0,-1.1256,-23000.0,-2000.0,BALANCED,-42.1409
2022-01-06,PILL,PILL,-7000.0,14.59,-0.0102,121000.0,0.0,-7000.0,-0.2368,-30000.0,3000.0,BALANCED,-21.9191
2022-01-07,PILL,PILL,-5000.0,14.68,0.0062,116000.0,0.0,-5000.0,-0.0952,-35000.0,6000.0,BALANCED,-20.3802
2022-01-10,PILL,PILL,0.0,15.4,0.049,116000.0,0.0,0.0,0.2736,-43000.0,24000.0,BALANCED,-3.159
2022-01-11,PILL,PILL,-6000.0,15.6,0.013,110000.0,0.0,-6000.0,-0.1888,-36000.0,17000.0,BALANCED,-16.7189
2022-01-12,PILL,PILL,0.0,14.65,-0.0609,110000.0,0.0,0.0,0.2869,-18000.0,17000.0,BALANCED,-2.8268
2022-01-13,PILL,PILL,-12000.0,13.79,-0.0587,98000.0,0.0,-12000.0,-0.7011,-23000.0,-7000.0,BALANCED,-29.5283
2022-01-14,PILL,PILL,-7000.0,13.82,0.0022,91000.0,0.0,-7000.0,-0.325,-25000.0,-17000.0,BALANCED,-22.1248
2022-01-18,PILL,PILL,-7000.0,12.98,-0.0608,84000.0,0.0,-7000.0,-0.3732,-32000.0,-30000.0,BALANCED,-25.3291
2022-01-19,PILL,PILL,3000.0,12.93,-0.0039,87000.0,3000.0,0.0,0.4501,-23000.0,-40000.0,BALANCED,3.2535
2022-01-20,PILL,PILL,-1000.0,12.6,-0.0255,86000.0,0.0,-1000.0,0.0429,-24000.0,-55000.0,BALANCED,-10.9281
2022-01-21,PILL,PILL,0.0,12.0,-0.0476,86000.0,0.0,0.0,0.0997,-12000.0,-86000.0,BALANCED,-7.5084
2022-01-24,PILL,PILL,-9000.0,12.14,0.0117,77000.0,0.0,-9000.0,-0.7365,-14000.0,-77000.0,BALANCED,-30.4123
2022-01-25,PILL,PILL,-2000.0,12.14,0.0,75000.0,0.0,-2000.0,-0.1399,-9000.0,-69000.0,BALANCED,-17.4979
2022-01-26,PILL,PILL,-3000.0,11.83,-0.0255,72000.0,0.0,-3000.0,-0.2244,-15000.0,-82000.0,BALANCED,-21.6102
2022-01-27,PILL,PILL,0.0,11.47,-0.0304,72000.0,0.0,0.0,0.0683,-14000.0,-79000.0,BALANCED,-8.2925
2022-01-28,PILL,PILL,0.0,12.25,0.068,72000.0,0.0,0.0,0.1104,-14000.0,-79000.0,BALANCED,-7.2408
2022-01-31,PILL,PILL,-11000.0,13.21,0.0784,61000.0,0.0,-11000.0,-0.9345,-16000.0,-90000.0,BALANCED,-35.3614
2022-02-01,PILL,PILL,14000.0,13.66,0.0341,75000.0,14000.0,0.0,1.4708,0.0,-84000.0,BALANCED,38.7691
2022-02-02,PILL,PILL,6000.0,13.55,-0.0081,81000.0,6000.0,0.0,0.7425,9000.0,-65000.0,BALANCED,32.5618
2022-02-03,PILL,PILL,0.0,12.68,-0.0642,81000.0,0.0,0.0,0.2058,9000.0,-47000.0,BALANCED,15.1439
2022-02-04,PILL,PILL,-4000.0,13.02,0.0268,77000.0,0.0,-4000.0,-0.1117,5000.0,-44000.0,BALANCED,5.2076
2022-02-07,PILL,PILL,0.0,13.3,0.0215,77000.0,0.0,0.0,0.3703,16000.0,-39000.0,BALANCED,19.2571
2022-02-08,PILL,PILL,0.0,13.21,-0.0068,77000.0,0.0,0.0,0.3284,2000.0,-39000.0,BALANCED,18.2095
2022-02-09,PILL,PILL,-5000.0,13.95,0.056,72000.0,0.0,-5000.0,-0.3536,-9000.0,-38000.0,BALANCED,-20.8392
2022-02-10,PILL,PILL,-1000.0,13.78,-0.0122,71000.0,0.0,-1000.0,0.2597,-10000.0,-39000.0,BALANCED,-7.5082
2022-02-11,PILL,PILL,1000.0,13.51,-0.0196,72000.0,1000.0,0.0,0.5646,-5000.0,-26000.0,BALANCED,6.1149
2022-02-14,PILL,PILL,-18000.0,13.06,-0.0333,54000.0,0.0,-18000.0,-2.1107,-23000.0,-37000.0,DISTRIBUTION,-64.7684
2022-02-15,PILL,PILL,-5000.0,13.88,0.0628,49000.0,0.0,-5000.0,-0.1999,-28000.0,-35000.0,BALANCED,-18.9966
2022-02-16,PILL,PILL,2000.0,13.93,0.0036,51000.0,2000.0,0.0,0.7939,-21000.0,-36000.0,BALANCED,11.8482
2022-02-17,PILL,PILL,0.0,13.03,-0.0646,51000.0,0.0,0.0,0.4355,-20000.0,-35000.0,BALANCED,0.8872
2022-02-18,PILL,PILL,0.0,12.84,-0.0146,51000.0,0.0,0.0,0.3988,-21000.0,-35000.0,BALANCED,-0.0296
2022-02-22,PILL,PILL,0.0,12.25,-0.046,51000.0,0.0,0.0,0.3708,-3000.0,-26000.0,BALANCED,-0.7301
2022-02-23,PILL,PILL,-7000.0,11.63,-0.0506,44000.0,0.0,-7000.0,-0.7805,-5000.0,-31000.0,BALANCED,-31.5137
2022-02-24,PILL,PILL,-2000.0,12.2,0.049,42000.0,0.0,-2000.0,0.0456,-9000.0,-30000.0,BALANCED,-12.8612
2022-02-25,PILL,PILL,-0.0,13.15,0.0779,42000.0,-0.0,-0.0,0.3872,-9000.0,-30000.0,BALANCED,-0.3203
2022-02-28,PILL,PILL,0.0,12.79,-0.0274,42000.0,0.0,0.0,0.3352,-9000.0,-30000.0,BALANCED,-1.6206
2022-03-01,PILL,PILL,3000.0,12.67,-0.0094,45000.0,3000.0,0.0,0.8167,-6000.0,-16000.0,BALANCED,12.4182
2022-03-02,PILL,PILL,-0.0,13.43,0.06,45000.0,-0.0,-0.0,0.2381,1000.0,-30000.0,BALANCED,15.9532
2022-03-03,PILL,PILL,2000.0,12.96,-0.035,47000.0,2000.0,0.0,0.6133,5000.0,-34000.0,BALANCED,27.3325
2022-03-04,PILL,PILL,-2000.0,12.85,-0.0085,45000.0,0.0,-2000.0,-0.1165,3000.0,-36000.0,BALANCED,5.0873
2022-03-07,PILL,PILL,-4000.0,12.23,-0.0482,41000.0,0.0,-4000.0,-0.4587,-1000.0,-36000.0,BALANCED,-25.467
2022-03-08,PILL,PILL,-4000.0,12.04,-0.0155,37000.0,0.0,-4000.0,-0.5044,-8000.0,-40000.0,BALANCED,-28.6092
2022-03-09,PILL,PILL,5000.0,13.13,0.0905,42000.0,5000.0,0.0,1.1276,-3000.0,-35000.0,BALANCED,20.1898
2022-03-10,PILL,PILL,-1000.0,13.16,0.0023,41000.0,0.0,-1000.0,0.0062,-6000.0,-31000.0,BALANCED,-11.8456
2022-03-11,PILL,PILL,3000.0,12.99,-0.0129,44000.0,3000.0,0.0,0.7223,-1000.0,-27000.0,BALANCED,10.0586
2022-03-14,PILL,PILL,4000.0,11.68,-0.1008,48000.0,4000.0,0.0,0.87,7000.0,-24000.0,BALANCED,35.7495
2022-03-15,PILL,PILL,1000.0,12.04,0.0308,49000.0,1000.0,0.0,0.2704,12000.0,-5000.0,BALANCED,22.7608
2022-03-16,PILL,PILL,-1000.0,13.07,0.0855,48000.0,0.0,-1000.0,-0.0227,6000.0,-1000.0,BALANCED,7.4325
2022-03-17,PILL,PILL,-3000.0,14.07,0.0765,45000.0,0.0,-3000.0,-0.4264,4000.0,-6000.0,BALANCED,-4.6598
2022-03-18,PILL,PILL,-1000.0,14.46,0.0277,44000.0,0.0,-1000.0,0.0553,0.0,-7000.0,BALANCED,-4.6163
2022-03-21,PILL,PILL,0.0,14.13,-0.0228,44000.0,0.0,0.0,0.2626,-4000.0,-7000.0,BALANCED,-3.434
2022-03-22,PILL,PILL,5000.0,14.58,0.0318,49000.0,5000.0,0.0,1.3701,0.0,-2000.0,BALANCED,36.2524
2022-03-23,PILL,PILL,1000.0,14.26,-0.0219,50000.0,1000.0,0.0,0.4376,2000.0,6000.0,BALANCED,24.94
2022-03-24,PILL,PILL,-4000.0,14.65,0.0273,46000.0,0.0,-4000.0,-0.7265,1000.0,4000.0,BALANCED,-10.162
2022-03-25,PILL,PILL,6000.0,14.62,-0.002,52000.0,6000.0,0.0,1.4769,8000.0,10000.0,BALANCED,48.9237
2022-03-28,PILL,PILL,2000.0,14.4,-0.015,54000.0,2000.0,0.0,0.5768,10000.0,12000.0,BALANCED,28.4205
2022-03-29,PILL,PILL,3000.0,15.13,0.0507,57000.0,3000.0,0.0,0.9256,8000.0,12000.0,BALANCED,39.1389
2022-03-30,PILL,PILL,16000.0,14.7,-0.0284,73000.0,16000.0,0.0,3.6724,23000.0,28000.0,ACCUMULATION,100.0
2022-03-31,PILL,PILL,7000.0,14.48,-0.015,80000.0,7000.0,0.0,1.4074,34000.0,33000.0,BALANCED,55.1841
2022-04-01,PILL,PILL,1000.0,15.04,0.0387,81000.0,1000.0,0.0,0.0,29000.0,36000.0,BALANCED,22.0
2022-04-04,PILL,PILL,3000.0,15.21,0.0113,84000.0,3000.0,0.0,0.4425,30000.0,43000.0,BALANCED,35.0621
2022-04-05,PILL,PILL,-2000.0,14.77,-0.0289,82000.0,0.0,-2000.0,-0.701,25000.0,45000.0,BALANCED,-9.5256
2022-04-06,PILL,PILL,0.0,15.1,0.0223,82000.0,0.0,0.0,-0.312,9000.0,40000.0,BALANCED,2.199
2022-04-07,PILL,PILL,7000.0,15.49,0.0258,89000.0,7000.0,0.0,1.312,9000.0,48000.0,BALANCED,44.7995
2022-04-08,PILL,PILL,-4000.0,15.17,-0.0207,85000.0,0.0,-4000.0,-1.2765,4000.0,41000.0,BALANCED,-23.9135
2022-04-11,PILL,PILL,-13000.0,14.13,-0.0686,72000.0,0.0,-13000.0,-2.7981,-12000.0,24000.0,DISTRIBUTION,-83.9518
2022-04-12,PILL,PILL,-1000.0,13.81,-0.0226,71000.0,0.0,-1000.0,-0.3732,-11000.0,22000.0,BALANCED,-25.3303
2022-04-13,PILL,PILL,0.0,14.45,0.0463,71000.0,0.0,0.0,-0.1733,-11000.0,23000.0,BALANCED,-14.3319
2022-04-14,PILL,PILL,0.0,14.33,-0.0083,71000.0,0.0,0.0,-0.16,-18000.0,26000.0,BALANCED,-14.0006
2022-04-18,PILL,PILL,-2000.0,12.96,-0.0956,69000.0,0.0,-2000.0,-0.5601,-16000.0,25000.0,BALANCED,-26.0019
2022-04-19,PILL,PILL,-2000.0,13.28,0.0247,67000.0,0.0,-2000.0,-0.5796,-5000.0,23000.0,BALANCED,-28.4894
2022-04-20,PILL,PILL,-1000.0,13.14,-0.0105,66000.0,0.0,-1000.0,-0.4035,-5000.0,17000.0,BALANCED,-26.0872
2022-04-21,PILL,PILL,-3000.0,12.26,-0.067,63000.0,0.0,-3000.0,-0.7606,-8000.0,13000.0,BALANCED,-37.0144
2022-04-22,PILL,PILL,-8000.0,11.46,-0.0653,55000.0,0.0,-8000.0,-1.6566,-16000.0,9000.0,DISTRIBUTION,-61.4161
2022-04-25,PILL,PILL,0.0,11.7,0.0209,55000.0,0.0,0.0,-0.0721,-14000.0,3000.0,BALANCED,-11.8014
2022-04-26,PILL,PILL,0.0,10.95,-0.0641,55000.0,0.0,0.0,-0.0463,-12000.0,1000.0,BALANCED,-11.1568
2022-04-27,PILL,PILL,-0.0,11.02,0.0064,55000.0,-0.0,-0.0,-0.0397,-11000.0,-2000.0,BALANCED,-10.992
2022-04-28,PILL,PILL,3000.0,11.33,0.0281,58000.0,3000.0,0.0,0.527,-5000.0,-15000.0,BALANCED,5.1738
2022-04-29,PILL,PILL,-1000.0,10.74,-0.0521,57000.0,0.0,-1000.0,-0.2784,2000.0,-23000.0,BALANCED,1.0393
2022-05-02,PILL,PILL,-1000.0,10.92,0.0168,56000.0,0.0,-1000.0,-0.2784,1000.0,-25000.0,BALANCED,-0.9607
2022-05-03,PILL,PILL,-0.0,11.06,0.0128,56000.0,-0.0,-0.0,-0.0796,1000.0,-28000.0,BALANCED,8.0112
2022-05-04,PILL,PILL,2000.0,11.38,0.0289,58000.0,2000.0,0.0,0.3425,3000.0,-24000.0,BALANCED,20.5634
2022-05-05,PILL,PILL,1000.0,10.33,-0.0923,59000.0,1000.0,0.0,0.141,1000.0,-23000.0,BALANCED,17.5261
2022-05-06,PILL,PILL,0.0,9.48,-0.0823,59000.0,0.0,0.0,-0.0885,2000.0,-30000.0,BALANCED,7.7876
2022-05-09,PILL,PILL,0.0,8.42,-0.1118,59000.0,0.0,0.0,-0.0488,3000.0,-26000.0,BALANCED,8.7803
2022-05-10,PILL,PILL,-3000.0,8.98,0.0665,56000.0,0.0,-3000.0,-0.6381,0.0,-16000.0,BALANCED,-17.9519
2022-05-11,PILL,PILL,-4000.0,8.4,-0.0646,52000.0,0.0,-4000.0,-0.7939,-6000.0,-19000.0,BALANCED,-33.8467
2022-05-12,PILL,PILL,2000.0,8.97,0.0679,54000.0,2000.0,0.0,0.6978,-5000.0,-17000.0,BALANCED,9.4457
2022-05-13,PILL,PILL,0.0,9.75,0.087,54000.0,0.0,0.0,0.2482,-5000.0,-17000.0,BALANCED,-3.7939
2022-05-16,PILL,PILL,0.0,10.22,0.0482,54000.0,0.0,0.0,0.2588,-5000.0,-15000.0,BALANCED,-3.5299
2022-05-17,PILL,PILL,6000.0,11.0,0.0763,60000.0,6000.0,0.0,1.8716,4000.0,-7000.0,ACCUMULATION,58.791
2022-05-18,PILL,PILL,2000.0,10.0,-0.0909,62000.0,2000.0,0.0,0.7284,10000.0,-4000.0,BALANCED,32.2104
2022-05-19,PILL,PILL,1000.0,10.15,0.015,63000.0,1000.0,0.0,0.4448,9000.0,0.0,BALANCED,27.121
2022-05-20,PILL,PILL,1000.0,10.55,0.0394,64000.0,1000.0,0.0,0.5401,10000.0,9000.0,BALANCED,31.502
2022-05-23,PILL,PILL,0.0,10.57,0.0019,64000.0,0.0,0.0,0.2093,10000.0,9000.0,BALANCED,15.2332
2022-05-24,PILL,PILL,0.0,10.18,-0.0369,64000.0,0.0,0.0,0.1108,4000.0,9000.0,BALANCED,12.7709
2022-05-25,PILL,PILL,0.0,10.35,0.0167,64000.0,0.0,0.0,0.0971,2000.0,9000.0,BALANCED,12.4282
2022-05-26,PILL,PILL,3000.0,10.61,0.0251,67000.0,3000.0,0.0,1.2666,4000.0,9000.0,BALANCED,43.6656
2022-05-27,PILL,PILL,0.0,11.26,0.0613,67000.0,0.0,0.0,0.0539,3000.0,10000.0,BALANCED,11.3475
2022-05-31,PILL,PILL,-1000.0,10.99,-0.024,66000.0,0.0,-1000.0,-0.3667,2000.0,10000.0,BALANCED,-1.1672
2022-06-01,PILL,PILL,0.0,10.53,-0.0419,66000.0,0.0,0.0,0.0137,2000.0,10000.0,BALANCED,10.3432
2022-06-02,PILL,PILL,0.0,10.86,0.0313,66000.0,0.0,0.0,0.0,2000.0,8000.0,BALANCED,10.0
2022-06-03,PILL,PILL,3000.0,11.07,0.0193,69000.0,3000.0,0.0,1.1606,2000.0,10000.0,BALANCED,41.0142
2022-06-06,PILL,PILL,-0.0,10.86,-0.019,69000.0,-0.0,-0.0,-0.252,2000.0,10000.0,BALANCED,3.7005
2022-06-07,PILL,PILL,1000.0,11.54,0.0626,70000.0,1000.0,0.0,0.2699,4000.0,11000.0,BALANCED,18.7483
2022-06-08,PILL,PILL,0.0,11.27,-0.0234,70000.0,0.0,0.0,-0.2699,4000.0,14000.0,BALANCED,3.2517
2022-06-09,PILL,PILL,-3000.0,10.43,-0.0745,67000.0,0.0,-3000.0,-1.7363,1000.0,15000.0,DISTRIBUTION,-35.4076
2022-06-10,PILL,PILL,-1000.0,9.65,-0.0748,66000.0,0.0,-1000.0,-0.663,-3000.0,12000.0,BALANCED,-30.5738
2022-06-13,PILL,PILL,-4000.0,8.44,-0.1254,62000.0,0.0,-4000.0,-2.0301,-7000.0,8000.0,DISTRIBUTION,-66.7518
2022-06-14,PILL,PILL,-3000.0,8.39,-0.0059,59000.0,0.0,-3000.0,-1.4602,-11000.0,5000.0,BALANCED,-54.5059
2022-06-15,PILL,PILL,-4000.0,8.9,0.0608,55000.0,0.0,-4000.0,-1.762,-15000.0,-5000.0,DISTRIBUTION,-64.051
2022-06-16,PILL,PILL,-3000.0,8.35,-0.0618,52000.0,0.0,-3000.0,-1.2279,-15000.0,-10000.0,BALANCED,-52.697
2022-06-17,PILL,PILL,-3000.0,8.76,0.0491,49000.0,0.0,-3000.0,-1.1473,-17000.0,-14000.0,BALANCED,-52.6827
2022-06-21,PILL,PILL,-0.0,9.2,0.0502,49000.0,-0.0,-0.0,0.1434,-13000.0,-15000.0,BALANCED,-6.4147
2022-06-22,PILL,PILL,0.0,9.63,0.0467,49000.0,0.0,0.0,0.1434,-10000.0,-15000.0,BALANCED,-6.4147
2022-06-23,PILL,PILL,0.0,10.59,0.0997,49000.0,0.0,0.0,0.1028,-6000.0,-15000.0,BALANCED,-7.4297
2022-06-24,PILL,PILL,7000.0,11.01,0.0397,56000.0,7000.0,0.0,2.73,4000.0,-8000.0,ACCUMULATION,80.2506
2022-06-27,PILL,PILL,0.0,11.95,0.0854,56000.0,0.0,0.0,-0.0268,7000.0,-11000.0,BALANCED,9.3308
2022-06-28,PILL,PILL,2000.0,10.97,-0.082,58000.0,2000.0,0.0,0.7421,9000.0,-9000.0,BALANCED,30.5536
2022-06-29,PILL,PILL,4000.0,11.1,0.0119,62000.0,4000.0,0.0,1.4293,13000.0,-4000.0,BALANCED,49.7314
2022-06-30,PILL,PILL,0.0,10.81,-0.0261,62000.0,0.0,0.0,-0.028,13000.0,-4000.0,BALANCED,9.2989
2022-07-01,PILL,PILL,-1000.0,11.26,0.0416,61000.0,0.0,-1000.0,-0.4103,5000.0,-5000.0,BALANCED,-2.2576
2022-07-05,PILL,PILL,0.0,11.79,0.0471,61000.0,0.0,0.0,0.0284,5000.0,-8000.0,BALANCED,10.7099
2022-07-06,PILL,PILL,0.0,12.01,0.0187,61000.0,0.0,0.0,0.0427,3000.0,-8000.0,BALANCED,11.0687
2022-07-07,PILL,PILL,5000.0,12.44,0.0358,66000.0,5000.0,0.0,1.9592,4000.0,-4000.0,ACCUMULATION,60.981
2022-07-08,PILL,PILL,-2000.0,12.4,-0.0032,64000.0,0.0,-2000.0,-0.7855,2000.0,-6000.0,BALANCED,-11.6377
2022-07-11,PILL,PILL,-3000.0,11.66,-0.0597,61000.0,0.0,-3000.0,-1.1135,0.0,-6000.0,BALANCED,-31.8378
2022-07-12,PILL,PILL,-2000.0,11.31,-0.03,59000.0,0.0,-2000.0,-0.6774,-2000.0,-7000.0,BALANCED,-32.9354
2022-07-13,PILL,PILL,0.0,11.34,0.0027,59000.0,0.0,0.0,0.1042,-2000.0,-3000.0,BALANCED,-7.3945
2022-07-14,PILL,PILL,0.0,11.2,-0.0123,59000.0,0.0,0.0,0.0913,-7000.0,0.0,BALANCED,-7.7172
2022-07-15,PILL,PILL,-2000.0,11.59,0.0348,57000.0,0.0,-2000.0,-0.6602,-7000.0,2000.0,BALANCED,-28.5043
2022-07-18,PILL,PILL,2000.0,10.96,-0.0544,59000.0,2000.0,0.0,0.8561,-2000.0,7000.0,BALANCED,13.4021
2022-07-19,PILL,PILL,0.0,11.76,0.073,59000.0,0.0,0.0,0.1314,0.0,10000.0,BALANCED,3.2846
2022-07-20,PILL,PILL,2000.0,11.82,0.0051,61000.0,2000.0,0.0,0.8812,2000.0,12000.0,BALANCED,34.0306
2022-07-21,PILL,PILL,-1000.0,11.96,0.0118,60000.0,0.0,-1000.0,-0.26,1000.0,11000.0,BALANCED,1.5
2022-07-22,PILL,PILL,1000.0,11.2,-0.0635,61000.0,1000.0,0.0,0.5048,4000.0,12000.0,BALANCED,24.621
2022-07-25,PILL,PILL,-1000.0,11.11,-0.008,60000.0,0.0,-1000.0,-0.3032,1000.0,4000.0,BALANCED,0.4189
2022-07-26,PILL,PILL,0.0,11.23,0.0108,60000.0,0.0,0.0,0.0792,1000.0,4000.0,BALANCED,11.9807
2022-07-27,PILL,PILL,-3000.0,11.53,0.0267,57000.0,0.0,-3000.0,-1.1431,-4000.0,-1000.0,BALANCED,-40.5774
2022-07-28,PILL,PILL,-0.0,11.48,-0.0043,57000.0,-0.0,-0.0,0.0275,-3000.0,-5000.0,BALANCED,-9.3114
2022-07-29,PILL,PILL,1000.0,11.27,-0.0183,58000.0,1000.0,0.0,0.3897,-3000.0,-4000.0,BALANCED,1.7417
2022-08-01,PILL,PILL,-1000.0,10.63,-0.0568,57000.0,0.0,-1000.0,-0.5197,-3000.0,-4000.0,BALANCED,-24.9916
2022-08-02,PILL,PILL,-1000.0,11.13,0.047,56000.0,0.0,-1000.0,-0.5667,-4000.0,-5000.0,BALANCED,-28.167
2022-08-03,PILL,PILL,0.0,11.44,0.0279,56000.0,0.0,0.0,-0.1072,-1000.0,-5000.0,BALANCED,-12.6802
2022-08-04,PILL,PILL,1000.0,11.55,0.0096,57000.0,1000.0,0.0,0.3363,0.0,-9000.0,BALANCED,10.4084
2022-08-05,PILL,PILL,-3000.0,12.33,0.0675,54000.0,0.0,-3000.0,-1.401,-4000.0,-10000.0,BALANCED,-47.024
2022-08-08,PILL,PILL,2000.0,12.21,-0.0097,56000.0,2000.0,0.0,1.0561,-1000.0,-5000.0,BALANCED,18.4029
2022-08-09,PILL,PILL,1000.0,11.59,-0.0508,57000.0,1000.0,0.0,0.5081,1000.0,-2000.0,BALANCED,26.7025
2022-08-10,PILL,PILL,1000.0,12.39,0.069,58000.0,1000.0,0.0,0.5332,2000.0,-1000.0,BALANCED,29.3303
2022-08-11,PILL,PILL,3000.0,11.81,-0.0468,61000.0,3000.0,0.0,1.6762,4000.0,2000.0,ACCUMULATION,59.9057
2022-08-12,PILL,PILL,-0.0,12.32,0.0432,61000.0,-0.0,-0.0,0.0184,7000.0,4000.0,BALANCED,10.4605
2022-08-15,PILL,PILL,1000.0,12.3,-0.0016,62000.0,1000.0,0.0,0.5342,6000.0,3000.0,BALANCED,25.3546
2022-08-16,PILL,PILL,0.0,11.8,-0.0407,62000.0,0.0,0.0,-0.0184,5000.0,3000.0,BALANCED,9.5395
2022-08-17,PILL,PILL,0.0,11.4,-0.0339,62000.0,0.0,0.0,-0.0184,4000.0,1000.0,BALANCED,9.5395
2022-08-18,PILL,PILL,0.0,11.44,0.0035,62000.0,0.0,0.0,0.0861,1000.0,2000.0,BALANCED,12.1537
2022-08-19,PILL,PILL,-1000.0,12.14,0.0612,61000.0,0.0,-1000.0,-0.5934,0.0,0.0,BALANCED,-16.8361
2022-08-22,PILL,PILL,7000.0,11.89,-0.0206,68000.0,7000.0,0.0,3.5499,6000.0,8000.0,ACCUMULATION,100.0
2022-08-23,PILL,PILL,1000.0,11.84,-0.0042,69000.0,1000.0,0.0,0.3578,7000.0,9000.0,BALANCED,22.9455
2022-08-24,PILL,PILL,2000.0,12.21,0.0313,71000.0,2000.0,0.0,0.8482,9000.0,14000.0,BALANCED,37.2041
2022-08-25,PILL,PILL,1000.0,12.41,0.0164,72000.0,1000.0,0.0,0.3001,10000.0,15000.0,BALANCED,25.5037
2022-08-26,PILL,PILL,-3000.0,11.3,-0.0894,69000.0,0.0,-3000.0,-1.7521,8000.0,11000.0,DISTRIBUTION,-35.8033
2022-08-29,PILL,PILL,-6000.0,10.61,-0.0611,63000.0,0.0,-6000.0,-2.7385,-5000.0,6000.0,DISTRIBUTION,-82.4627
2022-08-30,PILL,PILL,1000.0,10.01,-0.0566,64000.0,1000.0,0.0,0.3712,-5000.0,8000.0,BALANCED,1.2797
2022-08-31,PILL,PILL,0.0,10.01,0.0,64000.0,0.0,0.0,-0.0451,-7000.0,8000.0,BALANCED,-11.127
2022-09-01,PILL,PILL,-4000.0,10.44,0.043,60000.0,0.0,-4000.0,-1.7137,-12000.0,3000.0,DISTRIBUTION,-54.8421
2022-09-02,PILL,PILL,0.0,10.1,-0.0326,60000.0,0.0,0.0,0.0143,-9000.0,6000.0,BALANCED,-9.6418
2022-09-06,PILL,PILL,0.0,9.91,-0.0188,60000.0,0.0,0.0,0.0,-3000.0,4000.0,BALANCED,-10.0
2022-09-07,PILL,PILL,2000.0,10.58,0.0676,62000.0,2000.0,0.0,0.8234,-2000.0,5000.0,BALANCED,12.5858
2022-09-08,PILL,PILL,4000.0,11.08,0.0473,66000.0,4000.0,0.0,1.5545,2000.0,8000.0,ACCUMULATION,52.8617
2022-09-09,PILL,PILL,1000.0,11.61,0.0478,67000.0,1000.0,0.0,0.2798,7000.0,6000.0,BALANCED,22.9943
2022-09-12,PILL,PILL,0.0,11.99,0.0327,67000.0,0.0,0.0,-0.126,7000.0,6000.0,BALANCED,6.8491
2022-09-13,PILL,PILL,-1000.0,10.88,-0.0926,66000.0,0.0,-1000.0,-0.5462,6000.0,4000.0,BALANCED,-5.6541
2022-09-14,PILL,PILL,2000.0,11.17,0.0267,68000.0,2000.0,0.0,0.6704,6000.0,6000.0,BALANCED,28.7592
2022-09-15,PILL,PILL,1000.0,10.92,-0.0224,69000.0,1000.0,0.0,0.2373,3000.0,7000.0,BALANCED,19.9326
2022-09-16,PILL,PILL,-3000.0,10.42,-0.0458,66000.0,0.0,-3000.0,-1.3384,-1000.0,4000.0,BALANCED,-45.4601
2022-09-19,PILL,PILL,0.0,10.3,-0.0115,66000.0,0.0,0.0,-0.1676,-1000.0,5000.0,BALANCED,-14.1898
2022-09-20,PILL,PILL,-1000.0,10.0,-0.0291,65000.0,0.0,-1000.0,-0.5462,-1000.0,-3000.0,BALANCED,-25.6541
2022-09-21,PILL,PILL,-3000.0,9.24,-0.076,62000.0,0.0,-3000.0,-1.2922,-6000.0,-7000.0,BALANCED,-46.3042
2022-09-22,PILL,PILL,-0.0,9.52,0.0303,62000.0,-0.0,-0.0,-0.0545,-7000.0,-9000.0,BALANCED,-11.3629
2022-09-23,PILL,PILL,-3000.0,8.76,-0.0798,59000.0,0.0,-3000.0,-1.198,-7000.0,-13000.0,BALANCED,-41.9497
2022-09-26,PILL,PILL,1000.0,8.61,-0.0171,60000.0,1000.0,0.0,0.4207,-6000.0,-9000.0,BALANCED,2.5172
2022-09-27,PILL,PILL,-3000.0,8.67,0.007,57000.0,0.0,-3000.0,-1.1305,-8000.0,-6000.0,BALANCED,-40.262
2022-09-28,PILL,PILL,0.0,9.32,0.075,57000.0,0.0,0.0,0.0665,-5000.0,-7000.0,BALANCED,-8.3375
2022-09-29,PILL,PILL,0.0,9.0,-0.0343,57000.0,0.0,0.0,0.0665,-5000.0,-7000.0,BALANCED,-8.3375
2022-09-30,PILL,PILL,3000.0,8.88,-0.0133,60000.0,3000.0,0.0,1.1922,1000.0,0.0,BALANCED,41.8061
2022-10-03,PILL,PILL,1000.0,9.16,0.0315,61000.0,1000.0,0.0,0.3886,1000.0,1000.0,BALANCED,23.716
2022-10-04,PILL,PILL,4000.0,9.83,0.0731,65000.0,4000.0,0.0,1.7526,8000.0,5000.0,ACCUMULATION,59.8162
2022-10-05,PILL,PILL,2000.0,9.73,-0.0102,67000.0,2000.0,0.0,0.8748,10000.0,5000.0,BALANCED,39.8691
2022-10-06,PILL,PILL,1000.0,9.74,0.001,68000.0,1000.0,0.0,0.4702,11000.0,2000.0,BALANCED,31.7556
2022-10-07,PILL,PILL,3000.0,9.2,-0.0554,71000.0,3000.0,0.0,1.2642,11000.0,4000.0,BALANCED,53.6042
2022-10-10,PILL,PILL,2000.0,8.83,-0.0402,73000.0,2000.0,0.0,0.7911,12000.0,6000.0,BALANCED,43.7772
2022-10-11,PILL,PILL,0.0,8.9,0.0079,73000.0,0.0,0.0,-0.1621,8000.0,7000.0,BALANCED,5.9481
2022-10-12,PILL,PILL,0.0,8.9,0.0,73000.0,0.0,0.0,-0.1461,6000.0,5000.0,BALANCED,6.3479
2022-10-13,PILL,PILL,-0.0,9.25,0.0393,73000.0,-0.0,-0.0,-0.1461,5000.0,4000.0,BALANCED,6.3479
2022-10-14,PILL,PILL,1000.0,9.08,-0.0184,74000.0,1000.0,0.0,0.2824,3000.0,8000.0,BALANCED,19.0589
2022-10-17,PILL,PILL,1000.0,9.52,0.0485,75000.0,1000.0,0.0,0.2647,2000.0,9000.0,BALANCED,20.6167
2022-10-18,PILL,PILL,0.0,9.85,0.0347,75000.0,0.0,0.0,-0.2647,2000.0,10000.0,BALANCED,3.3833
2022-10-19,PILL,PILL,2000.0,9.06,-0.0802,77000.0,2000.0,0.0,0.794,4000.0,15000.0,BALANCED,31.85
2022-10-20,PILL,PILL,-3000.0,8.77,-0.032,74000.0,0.0,-3000.0,-1.743,1000.0,12000.0,DISTRIBUTION,-35.574
2022-10-21,PILL,PILL,2000.0,9.244,0.054,76000.0,2000.0,0.0,0.8964,2000.0,17000.0,BALANCED,34.4102
2022-10-24,PILL,PILL,-3000.0,9.35,0.0115,73000.0,0.0,-3000.0,-1.6083,-2000.0,13000.0,DISTRIBUTION,-52.2085
2022-10-25,PILL,PILL,0.0,9.68,0.0353,73000.0,0.0,0.0,-0.118,-2000.0,16000.0,BALANCED,-12.9503
2022-10-26,PILL,PILL,0.0,10.02,0.0351,73000.0,0.0,0.0,-0.0855,-4000.0,16000.0,BALANCED,-12.1378
2022-10-27,PILL,PILL,0.0,9.64,-0.0379,73000.0,0.0,0.0,-0.0686,-1000.0,16000.0,BALANCED,-11.7157
2022-10-28,PILL,PILL,2000.0,10.21,0.0591,75000.0,2000.0,0.0,0.9051,-1000.0,15000.0,BALANCED,14.6282
2022-10-31,PILL,PILL,-1000.0,10.19,-0.002,74000.0,0.0,-1000.0,-0.6693,1000.0,13000.0,BALANCED,-8.7326
2022-11-01,PILL,PILL,0.0,10.44,0.0245,74000.0,0.0,0.0,-0.1597,1000.0,9000.0,BALANCED,6.0068
2022-11-02,PILL,PILL,-1000.0,9.85,-0.0565,73000.0,0.0,-1000.0,-0.7633,0.0,6000.0,BALANCED,-21.0826
2022-11-03,PILL,PILL,0.0,9.81,-0.0041,73000.0,0.0,0.0,-0.2048,0.0,5000.0,BALANCED,-5.1197
2022-11-04,PILL,PILL,0.0,9.587,-0.0227,73000.0,0.0,0.0,-0.2784,-2000.0,2000.0,BALANCED,-16.9607
2022-11-07,PILL,PILL,-3000.0,9.761,0.0181,70000.0,0.0,-3000.0,-1.8647,-4000.0,-3000.0,DISTRIBUTION,-58.6183
2022-11-08,PILL,PILL,-7000.0,9.96,0.0204,63000.0,0.0,-7000.0,-3.3395,-11000.0,-10000.0,DISTRIBUTION,-97.4885
2022-11-09,PILL,PILL,-1000.0,9.2,-0.0763,62000.0,0.0,-1000.0,-0.5384,-11000.0,-11000.0,BALANCED,-29.4602
2022-11-10,PILL,PILL,-5000.0,10.097,0.0975,57000.0,0.0,-5000.0,-2.1155,-16000.0,-16000.0,DISTRIBUTION,-70.8873
2022-11-11,PILL,PILL,0.0,10.5,0.0399,57000.0,0.0,0.0,0.0436,-16000.0,-17000.0,BALANCED,-8.9105
2022-11-14,PILL,PILL,4000.0,10.52,0.0019,61000.0,4000.0,0.0,1.6619,-9000.0,-14000.0,ACCUMULATION,33.5474
2022-11-15,PILL,PILL,0.0,10.47,-0.0048,61000.0,0.0,0.0,0.0583,-2000.0,-14000.0,BALANCED,-8.5415
2022-11-16,PILL,PILL,0.0,9.72,-0.0716,61000.0,0.0,0.0,0.0889,-1000.0,-16000.0,BALANCED,-7.7777
2022-11-17,PILL,PILL,-2000.0,9.54,-0.0185,59000.0,0.0,-2000.0,-0.7518,2000.0,-15000.0,BALANCED,-10.7939
2022-11-18,PILL,PILL,0.0,9.8,0.0273,59000.0,0.0,0.0,0.1839,2000.0,-17000.0,BALANCED,14.5975
2022-11-21,PILL,PILL,-3000.0,9.52,-0.0286,56000.0,0.0,-3000.0,-1.118,-5000.0,-17000.0,BALANCED,-39.9512
2022-11-22,PILL,PILL,-2000.0,9.83,0.0326,54000.0,0.0,-2000.0,-0.6243,-7000.0,-19000.0,BALANCED,-29.608
2022-11-23,PILL,PILL,0.0,9.73,-0.0102,54000.0,0.0,0.0,0.2893,-7000.0,-19000.0,BALANCED,-2.767
2022-11-25,PILL,PILL,-1000.0,9.9,0.0175,53000.0,0.0,-1000.0,-0.1524,-6000.0,-20000.0,BALANCED,-15.8109
2022-11-28,PILL,PILL,0.0,9.98,0.0081,53000.0,0.0,0.0,0.3229,-6000.0,-22000.0,BALANCED,-1.9279
2022-11-29,PILL,PILL,1000.0,9.87,-0.011,54000.0,1000.0,0.0,0.7842,-2000.0,-20000.0,BALANCED,11.6038
2022-11-30,PILL,PILL,0.0,10.41,0.0547,54000.0,0.0,0.0,0.3229,0.0,-20000.0,BALANCED,8.0721
2022-12-01,PILL,PILL,1000.0,10.566,0.015,55000.0,1000.0,0.0,0.8129,1000.0,-18000.0,BALANCED,32.3214
2022-12-02,PILL,PILL,0.0,10.84,0.0259,55000.0,0.0,0.0,0.3027,2000.0,-18000.0,BALANCED,17.567
2022-12-05,PILL,PILL,2000.0,10.27,-0.0526,57000.0,2000.0,0.0,1.2585,4000.0,-16000.0,BALANCED,43.463
2022-12-06,PILL,PILL,-3000.0,9.79,-0.0467,54000.0,0.0,-3000.0,-1.1311,0.0,-16000.0,BALANCED,-30.2769
2022-12-07,PILL,PILL,0.0,10.02,0.0235,54000.0,0.0,0.0,0.3027,0.0,-9000.0,BALANCED,7.567
2022-12-08,PILL,PILL,1000.0,10.08,0.006,55000.0,1000.0,0.0,0.758,0.0,-7000.0,BALANCED,20.9508
2022-12-09,PILL,PILL,-3000.0,9.56,-0.0516,52000.0,0.0,-3000.0,-1.0688,-3000.0,-5000.0,BALANCED,-38.7195
2022-12-12,PILL,PILL,1000.0,9.979,0.0438,53000.0,1000.0,0.0,0.8191,-4000.0,-4000.0,BALANCED,12.4773
2022-12-13,PILL,PILL,0.0,10.15,0.0171,53000.0,0.0,0.0,0.3302,-1000.0,-8000.0,BALANCED,-1.7441
2022-12-14,PILL,PILL,0.0,10.155,0.0005,53000.0,0.0,0.0,0.3302,-1000.0,-8000.0,BALANCED,-1.7441
2022-12-15,PILL,PILL,0.0,9.39,-0.0753,53000.0,0.0,0.0,0.3141,-2000.0,-8000.0,BALANCED,-2.1483
2022-12-16,PILL,PILL,-2000.0,9.189,-0.0214,51000.0,0.0,-2000.0,-0.594,-1000.0,-8000.0,BALANCED,-26.8503
2022-12-19,PILL,PILL,-4000.0,8.8,-0.0423,47000.0,0.0,-4000.0,-1.4187,-6000.0,-12000.0,BALANCED,-49.4665
2022-12-20,PILL,PILL,-2000.0,8.85,0.0057,45000.0,0.0,-2000.0,-0.5345,-8000.0,-11000.0,BALANCED,-29.3624
2022-12-21,PILL,PILL,-4000.0,9.1,0.0282,41000.0,0.0,-4000.0,-1.6783,-12000.0,-13000.0,DISTRIBUTION,-59.9576
2022-12-22,PILL,PILL,2000.0,8.95,-0.0165,43000.0,2000.0,0.0,1.3112,-10000.0,-11000.0,BALANCED,24.7804
2022-12-23,PILL,PILL,0.0,8.839,-0.0124,43000.0,0.0,0.0,0.2546,-8000.0,-10000.0,BALANCED,-3.6362
2022-12-27,PILL,PILL,-0.0,8.54,-0.0338,43000.0,-0.0,-0.0,0.2546,-4000.0,-10000.0,BALANCED,-3.6362
2022-12-28,PILL,PILL,1000.0,8.43,-0.0129,44000.0,1000.0,0.0,0.947,-1000.0,-10000.0,BALANCED,15.6754
2022-12-29,PILL,PILL,-4000.0,8.93,0.0593,40000.0,0.0,-4000.0,-1.8701,-1000.0,-14000.0,DISTRIBUTION,-58.753
2022-12-30,PILL,PILL,-1000.0,8.97,0.0045,39000.0,0.0,-1000.0,-0.1515,-4000.0,-16000.0,BALANCED,-17.7871
2023-01-03,PILL,PILL,0.0,8.745,-0.0251,39000.0,0.0,0.0,0.3813,-4000.0,-16000.0,BALANCED,-0.4684
2023-01-04,PILL,PILL,0.0,9.08,0.0383,39000.0,0.0,0.0,0.3813,-4000.0,-18000.0,BALANCED,-0.4684
2023-01-05,PILL,PILL,0.0,8.88,-0.022,39000.0,0.0,0.0,0.3342,-5000.0,-15000.0,BALANCED,-1.6445
2023-01-06,PILL,PILL,-0.0,9.19,0.0349,39000.0,-0.0,-0.0,0.2983,-1000.0,-15000.0,BALANCED,-2.5436
2023-01-09,PILL,PILL,2000.0,9.22,0.0033,41000.0,2000.0,0.0,1.4019,2000.0,-14000.0,BALANCED,47.0484
2023-01-10,PILL,PILL,0.0,9.47,0.0271,41000.0,0.0,0.0,0.2307,2000.0,-11000.0,BALANCED,15.7669
2023-01-11,PILL,PILL,2000.0,9.59,0.0127,43000.0,2000.0,0.0,1.3053,4000.0,-10000.0,BALANCED,44.6328
2023-01-12,PILL,PILL,3000.0,9.82,0.024,46000.0,3000.0,0.0,1.743,7000.0,-7000.0,ACCUMULATION,57.574
2023-01-13,PILL,PILL,1000.0,10.11,0.0295,47000.0,1000.0,0.0,0.6533,8000.0,-6000.0,BALANCED,32.3316
2023-01-17,PILL,PILL,-2000.0,9.96,-0.0148,45000.0,0.0,-2000.0,-0.8773,4000.0,-8000.0,BALANCED,-13.9323
2023-01-18,PILL,PILL,0.0,9.74,-0.0221,45000.0,0.0,0.0,0.1755,4000.0,-6000.0,BALANCED,14.3865
2023-01-19,PILL,PILL,-1000.0,9.745,0.0005,44000.0,0.0,-1000.0,-0.3061,1000.0,-3000.0,BALANCED,0.3467
2023-01-20,PILL,PILL,3000.0,10.05,0.0313,47000.0,3000.0,0.0,1.7126,1000.0,2000.0,ACCUMULATION,54.8153
2023-01-23,PILL,PILL,-1000.0,10.56,0.0507,46000.0,0.0,-1000.0,-0.3875,-1000.0,5000.0,BALANCED,-21.6873
2023-01-24,PILL,PILL,2000.0,10.23,-0.0313,48000.0,2000.0,0.0,1.1607,3000.0,5000.0,BALANCED,41.0174
2023-01-25,PILL,PILL,-2000.0,10.316,0.0084,46000.0,0.0,-2000.0,-0.956,1000.0,3000.0,BALANCED,-15.9009
2023-01-26,PILL,PILL,1000.0,10.38,0.0062,47000.0,1000.0,0.0,0.6374,3000.0,4000.0,BALANCED,27.934
2023-01-27,PILL,PILL,1000.0,10.5,0.0116,48000.0,1000.0,0.0,0.6156,1000.0,4000.0,BALANCED,29.3894
2023-01-30,PILL,PILL,3000.0,10.15,-0.0333,51000.0,3000.0,0.0,1.5476,5000.0,11000.0,ACCUMULATION,54.6908
2023-01-31,PILL,PILL,-2000.0,10.59,0.0433,49000.0,0.0,-2000.0,-0.9275,1000.0,10000.0,BALANCED,-15.1872
2023-02-01,PILL,PILL,-0.0,10.8,0.0198,49000.0,-0.0,-0.0,0.0336,3000.0,10000.0,BALANCED,10.8411
2023-02-02,PILL,PILL,2000.0,11.105,0.0282,51000.0,2000.0,0.0,0.9979,4000.0,12000.0,BALANCED,36.9485
2023-02-03,PILL,PILL,-1000.0,10.79,-0.0284,50000.0,0.0,-1000.0,-0.6341,2000.0,11000.0,BALANCED,-7.8527
2023-02-06,PILL,PILL,4000.0,10.75,-0.0037,54000.0,4000.0,0.0,1.9878,3000.0,15000.0,ACCUMULATION,61.6942
2023-02-07,PILL,PILL,-3000.0,10.96,0.0195,51000.0,0.0,-3000.0,-1.743,2000.0,10000.0,DISTRIBUTION,-35.574
2023-02-08,PILL,PILL,2000.0,10.49,-0.0429,53000.0,2000.0,0.0,0.8773,4000.0,12000.0,BALANCED,33.9323
2023-02-09,PILL,PILL,-3000.0,10.08,-0.0391,50000.0,0.0,-3000.0,-1.6211,-1000.0,7000.0,DISTRIBUTION,-52.5275
2023-02-10,PILL,PILL,-2000.0,9.99,-0.0089,48000.0,0.0,-2000.0,-1.0511,-2000.0,2000.0,BALANCED,-40.2769
2023-02-13,PILL,PILL,2000.0,10.17,0.018,50000.0,2000.0,0.0,0.8773,-4000.0,3000.0,BALANCED,13.9323
2023-02-14,PILL,PILL,-3000.0,10.13,-0.0039,47000.0,0.0,-3000.0,-1.6486,-4000.0,2000.0,DISTRIBUTION,-53.2141
2023-02-15,PILL,PILL,-2000.0,10.17,0.0039,45000.0,0.0,-2000.0,-1.087,-8000.0,0.0,BALANCED,-41.174
2023-02-16,PILL,PILL,-0.0,9.79,-0.0374,45000.0,-0.0,-0.0,-0.0988,-5000.0,1000.0,BALANCED,-12.4704
2023-02-17,PILL,PILL,1000.0,10.38,0.0603,46000.0,1000.0,0.0,0.3779,-2000.0,-1000.0,BALANCED,1.4472
2023-02-21,PILL,PILL,2000.0,9.41,-0.0934,48000.0,2000.0,0.0,0.8278,-2000.0,2000.0,BALANCED,14.6954
2023-02-22,PILL,PILL,-2000.0,9.49,0.0085,46000.0,0.0,-2000.0,-1.0471,-1000.0,-2000.0,BALANCED,-38.1775
2023-02-23,PILL,PILL,-1000.0,9.73,0.0253,45000.0,0.0,-1000.0,-0.5449,0.0,-1000.0,BALANCED,-17.6217
2023-02-24,PILL,PILL,-1000.0,9.1,-0.0647,44000.0,0.0,-1000.0,-0.5018,-1000.0,-3000.0,BALANCED,-28.5454
2023-02-27,PILL,PILL,0.0,8.82,-0.0308,44000.0,0.0,0.0,0.0336,-2000.0,-4000.0,BALANCED,-9.1589
2023-02-28,PILL,PILL,-0.0,8.82,0.0,44000.0,-0.0,-0.0,0.0507,-4000.0,-7000.0,BALANCED,-8.7318
2023-03-01,PILL,PILL,0.0,9.8,0.1111,44000.0,0.0,0.0,0.0172,-2000.0,-5000.0,BALANCED,-9.5701
2023-03-02,PILL,PILL,1000.0,9.67,-0.0133,45000.0,1000.0,0.0,0.5135,0.0,-4000.0,BALANCED,14.8364
2023-03-03,PILL,PILL,0.0,10.02,0.0362,45000.0,0.0,0.0,-0.0172,1000.0,-6000.0,BALANCED,9.5701
2023-03-06,PILL,PILL,1000.0,9.55,-0.0469,46000.0,1000.0,0.0,0.5538,2000.0,-4000.0,BALANCED,25.8449
2023-03-07,PILL,PILL,-2000.0,9.1,-0.0471,44000.0,0.0,-2000.0,-1.0216,0.0,-10000.0,BALANCED,-27.5392
2023-03-08,PILL,PILL,-1000.0,9.03,-0.0077,43000.0,0.0,-1000.0,-0.4484,-1000.0,-8000.0,BALANCED,-25.2098
2023-03-09,PILL,PILL,-3000.0,8.46,-0.0631,40000.0,0.0,-3000.0,-1.4729,-5000.0,-13000.0,BALANCED,-52.8228
2023-03-10,PILL,PILL,-5000.0,7.81,-0.0768,35000.0,0.0,-5000.0,-2.2139,-10000.0,-15000.0,DISTRIBUTION,-73.3471
2023-03-13,PILL,PILL,0.0,8.18,0.0474,35000.0,0.0,0.0,0.2101,-11000.0,-13000.0,BALANCED,-4.7475
2023-03-14,PILL,PILL,-2000.0,8.64,0.0562,33000.0,0.0,-2000.0,-0.7086,-11000.0,-17000.0,BALANCED,-29.7151
2023-03-15,PILL,PILL,-0.0,8.58,-0.0069,33000.0,-0.0,-0.0,0.272,-10000.0,-14000.0,BALANCED,-3.1991
2023-03-16,PILL,PILL,1000.0,8.82,0.028,34000.0,1000.0,0.0,0.7582,-6000.0,-11000.0,BALANCED,10.9554
2023-03-17,PILL,PILL,2000.0,8.36,-0.0522,36000.0,2000.0,0.0,1.2637,1000.0,-9000.0,BALANCED,45.5923
2023-03-20,PILL,PILL,0.0,8.58,0.0263,36000.0,0.0,0.0,0.2359,1000.0,-10000.0,BALANCED,15.8981
2023-03-21,PILL,PILL,1000.0,8.638,0.0068,37000.0,1000.0,0.0,0.8639,4000.0,-11000.0,BALANCED,33.5982
2023-03-22,PILL,PILL,-2000.0,8.0,-0.0739,35000.0,0.0,-2000.0,-0.8258,2000.0,-11000.0,BALANCED,-12.6461
2023-03-23,PILL,PILL,-1000.0,7.84,-0.02,34000.0,0.0,-1000.0,-0.2142,0.0,-11000.0,BALANCED,-9.3553
2023-03-24,PILL,PILL,-1000.0,8.05,0.0268,33000.0,0.0,-1000.0,-0.2619,-3000.0,-11000.0,BALANCED,-22.5485
2023-03-27,PILL,PILL,-1000.0,8.46,0.0509,32000.0,0.0,-1000.0,-0.2855,-4000.0,-12000.0,BALANCED,-25.1382
2023-03-28,PILL,PILL,-3000.0,8.24,-0.026,29000.0,0.0,-3000.0,-1.418,-8000.0,-15000.0,BALANCED,-55.449
2023-03-29,PILL,PILL,2000.0,8.45,0.0255,31000.0,2000.0,0.0,1.55,-4000.0,-13000.0,ACCUMULATION,30.7502
2023-03-30,PILL,PILL,0.0,8.3,-0.0178,31000.0,0.0,0.0,0.2893,-3000.0,-14000.0,BALANCED,-2.7678
2023-03-31,PILL,PILL,0.0,8.56,0.0313,31000.0,0.0,0.0,0.2893,-2000.0,-14000.0,BALANCED,-2.7678
2023-04-03,PILL,PILL,1000.0,8.72,0.0187,32000.0,1000.0,0.0,0.9092,0.0,-14000.0,BALANCED,24.7297
2023-04-04,PILL,PILL,0.0,8.45,-0.031,32000.0,0.0,0.0,0.3446,3000.0,-12000.0,BALANCED,18.6149
2023-04-05,PILL,PILL,-1000.0,8.52,0.0083,31000.0,0.0,-1000.0,-0.3277,0.0,-12000.0,BALANCED,-10.1933
2023-04-06,PILL,PILL,0.0,8.88,0.0423,31000.0,0.0,0.0,0.306,0.0,-9000.0,BALANCED,7.6489
2023-04-10,PILL,PILL,4000.0,8.88,0.0,35000.0,4000.0,0.0,2.4927,4000.0,0.0,ACCUMULATION,74.3164
2023-04-11,PILL,PILL,0.0,8.88,0.0,35000.0,0.0,0.0,0.1739,3000.0,0.0,BALANCED,14.3477
2023-04-12,PILL,PILL,0.0,8.76,-0.0135,35000.0,0.0,0.0,0.1739,3000.0,2000.0,BALANCED,14.3477
2023-04-13,PILL,PILL,-1000.0,9.11,0.04,34000.0,0.0,-1000.0,-0.3856,3000.0,1000.0,BALANCED,-1.641
2023-04-14,PILL,PILL,-1000.0,8.77,-0.0373,33000.0,0.0,-1000.0,-0.3501,2000.0,-1000.0,BALANCED,-2.7513
2023-04-17,PILL,PILL,0.0,9.17,0.0456,33000.0,0.0,0.0,0.2334,-2000.0,-3000.0,BALANCED,-4.1658
2023-04-18,PILL,PILL,-0.0,9.05,-0.0131,33000.0,-0.0,-0.0,0.2556,-2000.0,-3000.0,BALANCED,-3.6105
2023-04-19,PILL,PILL,0.0,9.19,0.0155,33000.0,0.0,0.0,0.2194,-2000.0,-4000.0,BALANCED,-4.514
2023-04-20,PILL,PILL,-1000.0,9.15,-0.0044,32000.0,0.0,-1000.0,-0.379,-2000.0,-3000.0,BALANCED,-21.4759
2023-04-21,PILL,PILL,3000.0,9.43,0.0306,35000.0,3000.0,0.0,1.8588,2000.0,1000.0,ACCUMULATION,58.4699
2023-04-24,PILL,PILL,0.0,9.32,-0.0117,35000.0,0.0,0.0,0.0,2000.0,2000.0,BALANCED,10.0
2023-04-25,PILL,PILL,-1000.0,8.78,-0.0579,34000.0,0.0,-1000.0,-0.6667,1000.0,2000.0,BALANCED,-8.6675
2023-04-26,PILL,PILL,2000.0,8.58,-0.0228,36000.0,2000.0,0.0,1.3133,3000.0,7000.0,BALANCED,44.8321
2023-04-27,PILL,PILL,0.0,8.8,0.0256,36000.0,0.0,0.0,-0.0691,4000.0,5000.0,BALANCED,8.272
2023-04-28,PILL,PILL,-1000.0,9.07,0.0307,35000.0,0.0,-1000.0,-0.7127,0.0,4000.0,BALANCED,-19.8169
2023-05-01,PILL,PILL,-0.0,9.282,0.0234,35000.0,-0.0,-0.0,0.0238,0.0,4000.0,BALANCED,0.5946
2023-05-02,PILL,PILL,-1000.0,8.97,-0.0336,34000.0,0.0,-1000.0,-0.6607,0.0,2000.0,BALANCED,-18.5182
2023-05-03,PILL,PILL,2000.0,9.11,0.0156,36000.0,2000.0,0.0,1.4024,0.0,4000.0,BALANCED,37.0591
2023-05-04,PILL,PILL,-2000.0,8.92,-0.0209,34000.0,0.0,-2000.0,-1.3564,-2000.0,3000.0,BALANCED,-45.9097
2023-05-05,PILL,PILL,-2000.0,9.24,0.0359,32000.0,0.0,-2000.0,-1.3028,-3000.0,1000.0,BALANCED,-46.5693
2023-05-08,PILL,PILL,-1000.0,9.236,-0.0004,31000.0,0.0,-1000.0,-0.6289,-4000.0,-4000.0,BALANCED,-31.7231
2023-05-09,PILL,PILL,2000.0,9.2,-0.0039,33000.0,2000.0,0.0,1.2942,-1000.0,-2000.0,BALANCED,24.3549
2023-05-10,PILL,PILL,1000.0,9.21,0.0011,34000.0,1000.0,0.0,0.5884,-2000.0,-1000.0,BALANCED,8.7103
2023-05-11,PILL,PILL,2000.0,8.99,-0.0239,36000.0,2000.0,0.0,1.2945,2000.0,2000.0,BALANCED,48.3626
2023-05-12,PILL,PILL,0.0,8.68,-0.0345,36000.0,0.0,0.0,-0.1177,4000.0,3000.0,BALANCED,7.0579
2023-05-15,PILL,PILL,0.0,8.71,0.0035,36000.0,0.0,0.0,-0.1177,5000.0,3000.0,BALANCED,7.0579
2023-05-16,PILL,PILL,1000.0,8.25,-0.0528,37000.0,1000.0,0.0,0.5884,4000.0,4000.0,BALANCED,26.7103
2023-05-17,PILL,PILL,1000.0,8.2,-0.0061,38000.0,1000.0,0.0,0.5618,4000.0,5000.0,BALANCED,28.0456
2023-05-18,PILL,PILL,0.0,8.08,-0.0146,38000.0,0.0,0.0,-0.1659,2000.0,6000.0,BALANCED,5.8525
2023-05-19,PILL,PILL,0.0,8.15,0.0087,38000.0,0.0,0.0,-0.1659,2000.0,3000.0,BALANCED,5.8525
2023-05-22,PILL,PILL,0.0,8.32,0.0209,38000.0,0.0,0.0,-0.0824,2000.0,3000.0,BALANCED,7.9397
2023-05-23,PILL,PILL,-0.0,8.13,-0.0228,38000.0,-0.0,-0.0,-0.0824,1000.0,4000.0,BALANCED,7.9397
2023-05-24,PILL,PILL,1000.0,7.93,-0.0246,39000.0,1000.0,0.0,0.7079,1000.0,3000.0,BALANCED,29.6975
2023-05-25,PILL,PILL,0.0,7.53,-0.0504,39000.0,0.0,0.0,-0.1382,1000.0,3000.0,BALANCED,6.5446
2023-05-26,PILL,PILL,1000.0,7.47,-0.008,40000.0,1000.0,0.0,0.6419,2000.0,5000.0,BALANCED,28.048
2023-05-30,PILL,PILL,1000.0,7.2,-0.0361,41000.0,1000.0,0.0,0.6103,3000.0,6000.0,BALANCED,29.2583
2023-05-31,PILL,PILL,0.0,7.41,0.0292,41000.0,0.0,0.0,-0.2219,3000.0,7000.0,BALANCED,4.4515
2023-06-01,PILL,PILL,-3000.0,7.48,0.0094,38000.0,0.0,-3000.0,-2.361,-1000.0,2000.0,DISTRIBUTION,-71.0262
2023-06-02,PILL,PILL,0.0,7.84,0.0481,38000.0,0.0,0.0,-0.1511,-1000.0,4000.0,BALANCED,-13.7778
2023-06-05,PILL,PILL,1000.0,7.97,0.0166,39000.0,1000.0,0.0,0.7079,-1000.0,7000.0,BALANCED,9.6975
2023-06-06,PILL,PILL,9000.0,8.1,0.0163,48000.0,9000.0,0.0,4.2225,7000.0,17000.0,ACCUMULATION,100.0
2023-06-07,PILL,PILL,-2000.0,8.21,0.0136,46000.0,0.0,-2000.0,-1.1644,5000.0,13000.0,BALANCED,-21.1102
2023-06-08,PILL,PILL,0.0,8.23,0.0024,46000.0,0.0,0.0,-0.1634,8000.0,12000.0,BALANCED,5.9147
2023-06-09,PILL,PILL,-4000.0,7.93,-0.0365,42000.0,0.0,-4000.0,-1.9198,4000.0,6000.0,DISTRIBUTION,-39.9947
2023-06-12,PILL,PILL,-2000.0,8.13,0.0252,40000.0,0.0,-2000.0,-0.9786,1000.0,4000.0,BALANCED,-18.4643
2023-06-13,PILL,PILL,1000.0,8.43,0.0369,41000.0,1000.0,0.0,0.3605,-7000.0,5000.0,BALANCED,1.0129
2023-06-14,PILL,PILL,2000.0,8.39,-0.0047,43000.0,2000.0,0.0,0.7621,-3000.0,6000.0,BALANCED,13.0526
2023-06-15,PILL,PILL,-2000.0,8.67,0.0334,41000.0,0.0,-2000.0,-0.9651,-5000.0,3000.0,BALANCED,-36.1272
2023-06-16,PILL,PILL,2000.0,8.69,0.0023,43000.0,2000.0,0.0,0.7621,1000.0,5000.0,BALANCED,31.0526
2023-06-20,PILL,PILL,0.0,8.78,0.0104,43000.0,0.0,0.0,-0.1675,3000.0,5000.0,BALANCED,5.8125
2023-06-21,PILL,PILL,-2000.0,8.78,0.0,41000.0,0.0,-2000.0,-1.052,0.0,3000.0,BALANCED,-28.2999
2023-06-22,PILL,PILL,1000.0,8.77,-0.0011,42000.0,1000.0,0.0,0.3182,-1000.0,4000.0,BALANCED,-0.0438
2023-06-23,PILL,PILL,0.0,8.36,-0.0468,42000.0,0.0,0.0,-0.1214,1000.0,3000.0,BALANCED,6.9644
2023-06-26,PILL,PILL,-2000.0,7.97,-0.0467,40000.0,0.0,-2000.0,-0.9659,-3000.0,1000.0,BALANCED,-36.1474
2023-06-27,PILL,PILL,-1000.0,7.95,-0.0025,39000.0,0.0,-1000.0,-0.4959,-4000.0,-1000.0,BALANCED,-26.3971
2023-06-28,PILL,PILL,-4000.0,7.79,-0.0201,35000.0,0.0,-4000.0,-1.6942,-6000.0,-6000.0,DISTRIBUTION,-58.3557
2023-06-29,PILL,PILL,0.0,7.92,0.0167,35000.0,0.0,0.0,0.0286,-7000.0,-6000.0,BALANCED,-9.2857
2023-06-30,PILL,PILL,3000.0,8.19,0.0341,38000.0,3000.0,0.0,1.2539,-4000.0,0.0,BALANCED,23.3477
2023-07-03,PILL,PILL,-1000.0,8.27,0.0098,37000.0,0.0,-1000.0,-0.4029,-3000.0,-1000.0,BALANCED,-22.0717
2023-07-05,PILL,PILL,-1000.0,8.12,-0.0181,36000.0,0.0,-1000.0,-0.3879,-3000.0,-3000.0,BALANCED,-23.6983
2023-07-06,PILL,PILL,-5000.0,7.95,-0.0209,31000.0,0.0,-5000.0,-1.8556,-4000.0,-17000.0,DISTRIBUTION,-62.3896
2023-07-07,PILL,PILL,-1000.0,7.68,-0.034,30000.0,0.0,-1000.0,-0.2851,-5000.0,-16000.0,BALANCED,-25.1276
2023-07-10,PILL,PILL,-0.0,7.95,0.0352,30000.0,-0.0,-0.0,0.1171,-8000.0,-16000.0,BALANCED,-7.0722
2023-07-11,PILL,PILL,-1000.0,8.13,0.0226,29000.0,0.0,-1000.0,-0.26,-8000.0,-13000.0,BALANCED,-18.5
2023-07-12,PILL,PILL,0.0,8.06,-0.0086,29000.0,0.0,0.0,0.1436,-7000.0,-11000.0,BALANCED,-6.409
2023-07-13,PILL,PILL,-3000.0,8.07,0.0012,26000.0,0.0,-3000.0,-0.9678,-5000.0,-15000.0,BALANCED,-36.1957
2023-07-14,PILL,PILL,2000.0,8.26,0.0235,28000.0,2000.0,0.0,0.9281,-2000.0,-15000.0,BALANCED,15.2014
2023-07-17,PILL,PILL,0.0,8.17,-0.0109,28000.0,0.0,0.0,0.1293,-2000.0,-13000.0,BALANCED,-6.7669
2023-07-18,PILL,PILL,0.0,8.25,0.0098,28000.0,0.0,0.0,0.1293,-1000.0,-15000.0,BALANCED,-6.7669
2023-07-19,PILL,PILL,-2000.0,8.46,0.0255,26000.0,0.0,-2000.0,-0.6067,-3000.0,-17000.0,BALANCED,-27.1679
2023-07-20,PILL,PILL,3000.0,8.57,0.013,29000.0,3000.0,0.0,1.8248,3000.0,-12000.0,ACCUMULATION,57.6203
2023-07-21,PILL,PILL,1000.0,8.88,0.0362,30000.0,1000.0,0.0,0.7684,2000.0,-12000.0,BALANCED,33.2109
2023-07-24,PILL,PILL,2000.0,8.87,-0.0011,32000.0,2000.0,0.0,1.2053,4000.0,-10000.0,BALANCED,46.1315
2023-07-25,PILL,PILL,-2000.0,8.78,-0.0101,30000.0,0.0,-2000.0,-0.8171,2000.0,-10000.0,BALANCED,-12.4271
2023-07-26,PILL,PILL,5000.0,8.93,0.0171,35000.0,5000.0,0.0,2.3844,9000.0,-4000.0,ACCUMULATION,71.6093
2023-07-27,PILL,PILL,2000.0,8.74,-0.0213,37000.0,2000.0,0.0,0.9728,8000.0,2000.0,BALANCED,38.3199
2023-07-28,PILL,PILL,14000.0,9.58,0.0961,51000.0,14000.0,0.0,4.072,21000.0,16000.0,ACCUMULATION,100.0
2023-07-31,PILL,PILL,6000.0,9.73,0.0157,57000.0,6000.0,0.0,1.5614,25000.0,19000.0,ACCUMULATION,57.0357
2023-08-01,PILL,PILL,0.0,9.45,-0.0288,57000.0,0.0,0.0,-0.1337,27000.0,20000.0,BALANCED,6.6583
2023-08-02,PILL,PILL,-8000.0,9.28,-0.018,49000.0,0.0,-8000.0,-2.1476,14000.0,13000.0,DISTRIBUTION,-45.689
2023-08-03,PILL,PILL,5000.0,9.35,0.0075,54000.0,5000.0,0.0,1.1732,17000.0,23000.0,BALANCED,41.3309
2023-08-04,PILL,PILL,0.0,9.31,-0.0043,54000.0,0.0,0.0,-0.1028,3000.0,24000.0,BALANCED,7.4304
2023-08-07,PILL,PILL,0.0,9.31,0.0,54000.0,0.0,0.0,-0.1028,-3000.0,24000.0,BALANCED,-12.5696
2023-08-08,PILL,PILL,4000.0,9.82,0.0548,58000.0,4000.0,0.0,0.8678,1000.0,29000.0,BALANCED,33.694
2023-08-09,PILL,PILL,-1000.0,9.61,-0.0214,57000.0,0.0,-1000.0,-0.4084,8000.0,28000.0,BALANCED,-2.209
2023-08-10,PILL,PILL,-1000.0,9.56,-0.0052,56000.0,0.0,-1000.0,-0.4434,2000.0,30000.0,BALANCED,-5.0849
2023-08-11,PILL,PILL,3000.0,9.6,0.0042,59000.0,3000.0,0.0,0.5708,5000.0,31000.0,BALANCED,26.27
2023-08-14,PILL,PILL,2000.0,9.53,-0.0073,61000.0,2000.0,0.0,0.3213,7000.0,33000.0,BALANCED,22.0319
2023-08-15,PILL,PILL,0.0,9.49,-0.0042,61000.0,0.0,0.0,-0.209,3000.0,33000.0,BALANCED,4.7744
2023-08-16,PILL,PILL,16000.0,9.11,-0.04,77000.0,16000.0,0.0,3.1078,20000.0,51000.0,ACCUMULATION,89.6941
2023-08-17,PILL,PILL,1000.0,9.0,-0.0121,78000.0,1000.0,0.0,-0.1244,22000.0,49000.0,BALANCED,10.889
2023-08-18,PILL,PILL,-1000.0,9.12,0.0133,77000.0,0.0,-1000.0,-0.5636,18000.0,47000.0,BALANCED,-6.0909
2023-08-21,PILL,PILL,0.0,9.21,0.0099,77000.0,0.0,0.0,-0.344,16000.0,45000.0,BALANCED,1.3991
2023-08-22,PILL,PILL,0.0,9.26,0.0054,77000.0,0.0,0.0,-0.3526,16000.0,47000.0,BALANCED,1.1855
2023-08-23,PILL,PILL,1000.0,9.4,0.0151,78000.0,1000.0,0.0,-0.1398,1000.0,43000.0,BALANCED,8.5044
2023-08-24,PILL,PILL,-0.0,9.15,-0.0266,78000.0,-0.0,-0.0,-0.389,0.0,41000.0,BALANCED,-9.7243
2023-08-25,PILL,PILL,2000.0,9.28,0.0142,80000.0,2000.0,0.0,0.0598,3000.0,29000.0,BALANCED,13.4961
2023-08-28,PILL,PILL,-3000.0,9.46,0.0194,77000.0,0.0,-3000.0,-1.0229,0.0,20000.0,BALANCED,-27.5733
2023-08-29,PILL,PILL,0.0,9.74,0.0296,77000.0,0.0,0.0,-0.3606,0.0,20000.0,BALANCED,-9.015
2023-08-30,PILL,PILL,-2000.0,9.75,0.001,75000.0,0.0,-2000.0,-0.8022,-3000.0,26000.0,BALANCED,-32.0539
2023-08-31,PILL,PILL,-1000.0,9.61,-0.0144,74000.0,0.0,-1000.0,-0.5499,-4000.0,20000.0,BALANCED,-27.7463
2023-09-01,PILL,PILL,1000.0,9.82,0.0219,75000.0,1000.0,0.0,-0.11,-5000.0,21000.0,BALANCED,-10.7493
2023-09-05,PILL,PILL,2000.0,9.25,-0.058,77000.0,2000.0,0.0,0.11,0.0,23000.0,BALANCED,6.7493
2023-09-06,PILL,PILL,-2000.0,9.06,-0.0205,75000.0,0.0,-2000.0,-0.7698,-2000.0,17000.0,BALANCED,-31.2448
2023-09-07,PILL,PILL,0.0,9.05,-0.0011,75000.0,0.0,0.0,-0.2959,0.0,18000.0,BALANCED,-7.3985
2023-09-08,PILL,PILL,1000.0,9.11,0.0066,76000.0,1000.0,0.0,-0.0666,2000.0,20000.0,BALANCED,10.3348
2023-09-11,PILL,PILL,-2000.0,9.2,0.0099,74000.0,0.0,-2000.0,-0.719,-1000.0,15000.0,BALANCED,-29.9755
2023-09-12,PILL,PILL,2000.0,9.23,0.0033,76000.0,2000.0,0.0,0.3666,-1000.0,15000.0,BALANCED,1.1657
2023-09-13,PILL,PILL,0.0,8.97,-0.0282,76000.0,0.0,0.0,-0.1699,1000.0,15000.0,BALANCED,5.7525
2023-09-14,PILL,PILL,-1000.0,9.01,0.0045,75000.0,0.0,-1000.0,-0.5538,0.0,-2000.0,BALANCED,-15.8452
2023-09-15,PILL,PILL,0.0,8.74,-0.03,75000.0,0.0,0.0,-0.2133,-1000.0,-3000.0,BALANCED,-15.3327
2023-09-18,PILL,PILL,-1000.0,8.51,-0.0263,74000.0,0.0,-1000.0,-0.506,0.0,-3000.0,BALANCED,-14.6492
2023-09-19,PILL,PILL,-1000.0,8.24,-0.0317,73000.0,0.0,-1000.0,-0.494,-3000.0,-4000.0,BALANCED,-26.3511
2023-09-20,PILL,PILL,-3000.0,8.15,-0.0109,70000.0,0.0,-3000.0,-1.028,-6000.0,-7000.0,BALANCED,-41.7011
2023-09-21,PILL,PILL,0.0,7.71,-0.054,70000.0,0.0,0.0,-0.1314,-5000.0,-8000.0,BALANCED,-13.2851
2023-09-22,PILL,PILL,0.0,7.56,-0.0195,70000.0,0.0,0.0,-0.1419,-5000.0,-8000.0,BALANCED,-13.5485
2023-09-25,PILL,PILL,-4000.0,7.53,-0.004,66000.0,0.0,-4000.0,-1.2638,-8000.0,-14000.0,BALANCED,-43.5962
2023-09-26,PILL,PILL,0.0,7.49,-0.0053,66000.0,0.0,0.0,-0.05,-7000.0,-11000.0,BALANCED,-11.2501
2023-09-27,PILL,PILL,-10000.0,7.33,-0.0214,56000.0,0.0,-10000.0,-2.5773,-14000.0,-21000.0,DISTRIBUTION,-76.4314
2023-09-28,PILL,PILL,0.0,7.37,0.0055,56000.0,0.0,0.0,0.3055,-14000.0,-19000.0,BALANCED,-2.3636
2023-09-29,PILL,PILL,-3000.0,7.17,-0.0271,53000.0,0.0,-3000.0,-0.9397,-17000.0,-21000.0,BALANCED,-35.4929
2023-10-02,PILL,PILL,-1000.0,6.85,-0.0446,52000.0,0.0,-1000.0,-0.0723,-14000.0,-23000.0,BALANCED,-15.8071
2023-10-03,PILL,PILL,-2000.0,6.51,-0.0496,50000.0,0.0,-2000.0,-0.4763,-16000.0,-27000.0,BALANCED,-27.9066
2023-10-04,PILL,PILL,2000.0,6.43,-0.0123,52000.0,2000.0,0.0,1.1982,-4000.0,-23000.0,BALANCED,21.9541
2023-10-05,PILL,PILL,-4000.0,6.59,0.0249,48000.0,0.0,-4000.0,-1.2464,-8000.0,-27000.0,BALANCED,-43.1606
2023-10-06,PILL,PILL,-1000.0,6.74,0.0228,47000.0,0.0,-1000.0,0.0139,-6000.0,-29000.0,BALANCED,-13.6527
2023-10-09,PILL,PILL,0.0,6.75,0.0015,47000.0,0.0,0.0,0.4702,-5000.0,-27000.0,BALANCED,1.7556
2023-10-10,PILL,PILL,0.0,6.85,0.0148,47000.0,0.0,0.0,0.4312,-3000.0,-29000.0,BALANCED,0.779
2023-10-11,PILL,PILL,0.0,6.77,-0.0117,47000.0,0.0,0.0,0.4312,-5000.0,-29000.0,BALANCED,0.779
2023-10-12,PILL,PILL,-4000.0,6.22,-0.0812,43000.0,0.0,-4000.0,-1.234,-5000.0,-32000.0,BALANCED,-42.85
2023-10-13,PILL,PILL,-0.0,6.05,-0.0273,43000.0,-0.0,-0.0,0.4333,-4000.0,-32000.0,BALANCED,0.8313
2023-10-16,PILL,PILL,-2000.0,6.36,0.0512,41000.0,0.0,-2000.0,-0.3673,-6000.0,-33000.0,BALANCED,-21.1823
2023-10-17,PILL,PILL,0.0,6.34,-0.0031,41000.0,0.0,0.0,0.5228,-6000.0,-32000.0,BALANCED,3.0695
2023-10-18,PILL,PILL,-4000.0,5.89,-0.071,37000.0,0.0,-4000.0,-1.1642,-10000.0,-33000.0,BALANCED,-41.104
2023-10-19,PILL,PILL,0.0,5.58,-0.0526,37000.0,0.0,0.0,0.5395,-6000.0,-33000.0,BALANCED,3.4872
2023-10-20,PILL,PILL,-2000.0,5.52,-0.0108,35000.0,0.0,-2000.0,-0.274,-8000.0,-35000.0,BALANCED,-18.8494
2023-10-23,PILL,PILL,0.0,5.32,-0.0362,35000.0,0.0,0.0,0.56,-6000.0,-31000.0,BALANCED,3.9992
2023-10-24,PILL,PILL,-3000.0,5.52,0.0376,32000.0,0.0,-3000.0,-0.68,-9000.0,-34000.0,BALANCED,-28.9992
2023-10-25,PILL,PILL,-2000.0,5.36,-0.029,30000.0,0.0,-2000.0,-0.2084,-7000.0,-26000.0,BALANCED,-19.2091
2023-10-26,PILL,PILL,-3000.0,5.22,-0.0261,27000.0,0.0,-3000.0,-0.6214,-10000.0,-29000.0,BALANCED,-31.5351
2023-10-27,PILL,PILL,0.0,4.95,-0.0517,27000.0,0.0,0.0,0.7102,-8000.0,-26000.0,BALANCED,7.7544
2023-10-30,PILL,PILL,0.0,4.99,0.0081,27000.0,0.0,0.0,0.6903,-8000.0,-25000.0,BALANCED,7.2579
2023-10-31,PILL,PILL,-1000.0,5.13,0.0281,26000.0,0.0,-1000.0,0.2497,-6000.0,-24000.0,BALANCED,-5.7578
2023-11-01,PILL,PILL,4000.0,5.18,0.0097,30000.0,4000.0,0.0,2.1608,0.0,-22000.0,ACCUMULATION,56.0207
2023-11-02,PILL,PILL,5000.0,5.34,0.0309,35000.0,5000.0,0.0,2.2692,8000.0,-13000.0,ACCUMULATION,70.7301
2023-11-03,PILL,PILL,0.0,5.77,0.0805,35000.0,0.0,0.0,0.4293,8000.0,-12000.0,BALANCED,20.7327
2023-11-06,PILL,PILL,-1000.0,5.61,-0.0277,34000.0,0.0,-1000.0,0.025,7000.0,-13000.0,BALANCED,8.6255
2023-11-07,PILL,PILL,1000.0,5.54,-0.0125,35000.0,1000.0,0.0,0.7575,9000.0,-12000.0,BALANCED,30.9369
2023-11-08,PILL,PILL,-1000.0,5.4,-0.0253,34000.0,0.0,-1000.0,-0.128,4000.0,-13000.0,BALANCED,4.8
2023-11-09,PILL,PILL,-3000.0,4.83,-0.1056,31000.0,0.0,-3000.0,-1.0227,-4000.0,-12000.0,BALANCED,-39.5671
2023-11-10,PILL,PILL,-9000.0,4.83,0.0,22000.0,0.0,-9000.0,-3.1045,-13000.0,-21000.0,DISTRIBUTION,-93.6134
2023-11-13,PILL,PILL,-2000.0,4.8,-0.0062,20000.0,0.0,-2000.0,-0.3629,-14000.0,-21000.0,BALANCED,-27.0714
2023-11-14,PILL,PILL,-6000.0,5.16,0.075,14000.0,0.0,-6000.0,-1.7637,-21000.0,-27000.0,DISTRIBUTION,-64.0923
2023-11-15,PILL,PILL,0.0,5.37,0.0407,14000.0,0.0,0.0,0.4754,-20000.0,-23000.0,BALANCED,1.8853
2023-11-16,PILL,PILL,2000.0,5.19,-0.0335,16000.0,2000.0,0.0,1.1454,-15000.0,-21000.0,BALANCED,20.6361
2023-11-17,PILL,PILL,3000.0,5.37,0.0347,19000.0,3000.0,0.0,1.4157,-3000.0,-16000.0,BALANCED,29.392
2023-11-20,PILL,PILL,4000.0,5.49,0.0223,23000.0,4000.0,0.0,1.6454,3000.0,-12000.0,ACCUMULATION,57.1346
2023-11-21,PILL,PILL,1000.0,5.32,-0.031,24000.0,1000.0,0.0,0.6025,10000.0,-8000.0,BALANCED,33.0617
2023-11-22,PILL,PILL,-4000.0,5.42,0.0188,20000.0,0.0,-4000.0,-1.0379,6000.0,-10000.0,BALANCED,-17.9479
2023-11-24,PILL,PILL,0.0,5.58,0.0295,20000.0,0.0,0.0,0.2614,4000.0,-7000.0,BALANCED,16.5362
2023-11-27,PILL,PILL,1000.0,5.47,-0.0197,21000.0,1000.0,0.0,0.5882,2000.0,-6000.0,BALANCED,26.704
2023-11-28,PILL,PILL,0.0,5.35,-0.0219,21000.0,0.0,0.0,0.2268,-2000.0,-6000.0,BALANCED,-4.3311
2023-11-29,PILL,PILL,0.0,5.41,0.0112,21000.0,0.0,0.0,0.2268,-3000.0,-5000.0,BALANCED,-4.3311
2023-11-30,PILL,PILL,0.0,5.51,0.0185,21000.0,0.0,0.0,0.1856,1000.0,-9000.0,BALANCED,14.64
2023-12-01,PILL,PILL,-5000.0,5.75,0.0436,16000.0,0.0,-5000.0,-1.4408,-4000.0,-19000.0,BALANCED,-48.0201
2023-12-04,PILL,PILL,25000.0,6.05,0.0522,41000.0,25000.0,0.0,4.4697,20000.0,6000.0,ACCUMULATION,100.0
2023-12-05,PILL,PILL,6000.0,6.03,-0.0033,47000.0,6000.0,0.0,0.9914,26000.0,13000.0,BALANCED,38.7862
2023-12-06,PILL,PILL,0.0,6.01,-0.0033,47000.0,0.0,0.0,-0.0891,26000.0,12000.0,BALANCED,7.7728
2023-12-07,PILL,PILL,6000.0,6.0,-0.0017,53000.0,6000.0,0.0,0.9215,32000.0,19000.0,BALANCED,35.037
2023-12-08,PILL,PILL,8000.0,6.02,0.0033,61000.0,8000.0,0.0,1.1876,45000.0,30000.0,BALANCED,43.6906
2023-12-11,PILL,PILL,-3000.0,6.13,0.0183,58000.0,0.0,-3000.0,-0.6921,17000.0,36000.0,BALANCED,-9.3018
2023-12-12,PILL,PILL,6000.0,6.28,0.0245,64000.0,6000.0,0.0,0.8088,17000.0,44000.0,BALANCED,32.219
2023-12-13,PILL,PILL,0.0,6.86,0.0924,64000.0,0.0,0.0,-0.2153,17000.0,50000.0,BALANCED,4.6178
2023-12-14,PILL,PILL,0.0,6.95,0.0131,64000.0,0.0,0.0,-0.1932,11000.0,50000.0,BALANCED,5.1689
2023-12-15,PILL,PILL,8000.0,6.79,-0.023,72000.0,8000.0,0.0,1.1358,11000.0,56000.0,BALANCED,40.3941
2023-12-18,PILL,PILL,6000.0,6.83,0.0059,78000.0,6000.0,0.0,0.7592,20000.0,59000.0,BALANCED,32.9791
2023-12-19,PILL,PILL,-3000.0,7.18,0.0512,75000.0,0.0,-3000.0,-0.7213,11000.0,52000.0,BALANCED,-10.0314
2023-12-20,PILL,PILL,-4000.0,6.79,-0.0543,71000.0,0.0,-4000.0,-0.8479,7000.0,47000.0,BALANCED,-15.1968
2023-12-21,PILL,PILL,1000.0,7.08,0.0427,72000.0,1000.0,0.0,-0.0436,8000.0,52000.0,BALANCED,10.9105
2023-12-22,PILL,PILL,4000.0,7.39,0.0438,76000.0,4000.0,0.0,0.4109,4000.0,56000.0,BALANCED,24.2725
2023-12-26,PILL,PILL,20000.0,7.62,0.0311,96000.0,20000.0,0.0,2.6417,18000.0,75000.0,ACCUMULATION,82.0433
2023-12-27,PILL,PILL,3000.0,7.88,0.0341,99000.0,3000.0,0.0,0.0557,24000.0,78000.0,BALANCED,19.3924
2023-12-28,PILL,PILL,0.0,7.88,0.0,99000.0,0.0,0.0,-0.4426,28000.0,78000.0,BALANCED,-1.0662
2023-12-29,PILL,PILL,-5000.0,7.75,-0.0165,94000.0,0.0,-5000.0,-1.1721,22000.0,73000.0,BALANCED,-21.3034
2024-01-02,PILL,PILL,-6000.0,7.77,0.0026,88000.0,0.0,-6000.0,-1.2483,12000.0,72000.0,BALANCED,-25.2071
2024-01-03,PILL,PILL,7000.0,7.69,-0.0103,95000.0,7000.0,0.0,0.6587,-1000.0,54000.0,BALANCED,8.4676
2024-01-04,PILL,PILL,2000.0,7.81,0.0156,97000.0,2000.0,0.0,-0.0689,-2000.0,50000.0,BALANCED,-7.7218
2024-01-05,PILL,PILL,0.0,8.04,0.0294,97000.0,0.0,0.0,-0.3586,-2000.0,50000.0,BALANCED,-18.9648
2024-01-08,PILL,PILL,-5000.0,8.43,0.0485,92000.0,0.0,-5000.0,-1.0849,-2000.0,39000.0,BALANCED,-39.1227
2024-01-09,PILL,PILL,-1000.0,8.3,-0.0154,91000.0,0.0,-1000.0,-0.4925,3000.0,30000.0,BALANCED,-6.3133
2024-01-10,PILL,PILL,5000.0,8.26,-0.0048,96000.0,5000.0,0.0,0.3651,1000.0,38000.0,BALANCED,21.1283
2024-01-11,PILL,PILL,1000.0,8.12,-0.0169,97000.0,1000.0,0.0,-0.2243,0.0,33000.0,BALANCED,-1.607
2024-01-12,PILL,PILL,0.0,7.98,-0.0172,97000.0,0.0,0.0,-0.3706,0.0,33000.0,BALANCED,-9.2638
2024-01-16,PILL,PILL,0.0,7.88,-0.0125,97000.0,0.0,0.0,-0.3706,5000.0,33000.0,BALANCED,0.7362
2024-01-17,PILL,PILL,-7000.0,7.69,-0.0241,90000.0,0.0,-7000.0,-1.3676,-1000.0,18000.0,BALANCED,-46.191
2024-01-18,PILL,PILL,-5000.0,7.5,-0.0247,85000.0,0.0,-5000.0,-1.156,-11000.0,7000.0,BALANCED,-42.9004
2024-01-19,PILL,PILL,0.0,7.64,0.0187,85000.0,0.0,0.0,-0.2289,-12000.0,10000.0,BALANCED,-15.723
2024-01-22,PILL,PILL,-7000.0,7.94,0.0393,78000.0,0.0,-7000.0,-1.4014,-19000.0,7000.0,BALANCED,-47.0345
2024-01-23,PILL,PILL,0.0,7.87,-0.0088,78000.0,0.0,0.0,-0.1473,-19000.0,6000.0,BALANCED,-13.6825
2024-01-24,PILL,PILL,0.0,7.79,-0.0102,78000.0,0.0,0.0,-0.1031,-12000.0,2000.0,BALANCED,-12.5785
2024-01-25,PILL,PILL,3000.0,7.91,0.0154,81000.0,3000.0,0.0,0.4084,-4000.0,-15000.0,BALANCED,2.2092
2024-01-26,PILL,PILL,-2000.0,8.01,0.0126,79000.0,0.0,-2000.0,-0.463,-6000.0,-20000.0,BALANCED,-23.575
2024-01-29,PILL,PILL,-1000.0,8.4,0.0487,78000.0,0.0,-1000.0,-0.2713,0.0,-21000.0,BALANCED,-10.7828
2024-01-30,PILL,PILL,1000.0,8.14,-0.031,79000.0,1000.0,0.0,0.0925,1000.0,-15000.0,BALANCED,14.3123
2024-01-31,PILL,PILL,0.0,7.82,-0.0393,79000.0,0.0,0.0,-0.0447,1000.0,-9000.0,BALANCED,8.8819
2024-02-01,PILL,PILL,7000.0,8.23,0.0524,86000.0,7000.0,0.0,1.2805,5000.0,-9000.0,BALANCED,44.0124
2024-02-02,PILL,PILL,2000.0,8.02,-0.0255,88000.0,2000.0,0.0,0.2995,9000.0,-9000.0,BALANCED,21.4882
2024-02-05,PILL,PILL,6000.0,8.05,0.0037,94000.0,6000.0,0.0,0.9955,16000.0,-3000.0,BALANCED,40.8887
2024-02-06,PILL,PILL,2000.0,8.6,0.0683,96000.0,2000.0,0.0,0.2281,17000.0,4000.0,BALANCED,23.7019
2024-02-07,PILL,PILL,-1000.0,8.34,-0.0302,95000.0,0.0,-1000.0,-0.312,16000.0,4000.0,BALANCED,0.201
2024-02-08,PILL,PILL,5000.0,8.51,0.0204,100000.0,5000.0,0.0,1.2617,14000.0,4000.0,BALANCED,43.5426
2024-02-09,PILL,PILL,-1000.0,8.8,0.0341,99000.0,0.0,-1000.0,-0.2615,11000.0,2000.0,BALANCED,1.4618
2024-02-12,PILL,PILL,3000.0,9.3,0.0568,102000.0,3000.0,0.0,0.7508,8000.0,5000.0,BALANCED,30.7691
2024-02-13,PILL,PILL,5000.0,8.57,-0.0785,107000.0,5000.0,0.0,1.1896,11000.0,10000.0,BALANCED,43.7398
2024-02-14,PILL,PILL,0.0,8.89,0.0373,107000.0,0.0,0.0,-0.1738,12000.0,17000.0,BALANCED,5.6543
2024-02-15,PILL,PILL,2000.0,9.56,0.0754,109000.0,2000.0,0.0,0.4443,9000.0,24000.0,BALANCED,23.1064
2024-02-16,PILL,PILL,3000.0,9.56,0.0,112000.0,3000.0,0.0,0.7201,13000.0,27000.0,BALANCED,32.0034
2024-02-20,PILL,PILL,-5000.0,9.12,-0.046,107000.0,0.0,-5000.0,-1.4759,5000.0,29000.0,BALANCED,-28.8985
2024-02-21,PILL,PILL,-3000.0,9.18,0.0066,104000.0,0.0,-3000.0,-0.9634,-3000.0,26000.0,BALANCED,-38.0849
2024-02-22,PILL,PILL,1000.0,9.4,0.024,105000.0,1000.0,0.0,0.1515,-2000.0,27000.0,BALANCED,-4.2129
2024-02-23,PILL,PILL,-3000.0,9.52,0.0128,102000.0,0.0,-3000.0,-0.9227,-7000.0,21000.0,BALANCED,-35.0675
2024-02-26,PILL,PILL,6000.0,9.55,0.0032,108000.0,6000.0,0.0,1.5543,-4000.0,29000.0,ACCUMULATION,30.8563
2024-02-27,PILL,PILL,2000.0,9.71,0.0168,110000.0,2000.0,0.0,0.4309,3000.0,32000.0,BALANCED,24.7723
2024-02-28,PILL,PILL,0.0,9.39,-0.033,110000.0,0.0,0.0,-0.1192,6000.0,31000.0,BALANCED,7.0204
2024-02-29,PILL,PILL,2000.0,9.09,-0.0319,112000.0,2000.0,0.0,0.3767,7000.0,33000.0,BALANCED,21.4179
2024-03-01,PILL,PILL,-4000.0,9.13,0.0044,108000.0,0.0,-4000.0,-1.4409,6000.0,22000.0,BALANCED,-28.0224
2024-03-04,PILL,PILL,-5000.0,8.82,-0.034,103000.0,0.0,-5000.0,-1.6138,-5000.0,15000.0,DISTRIBUTION,-54.345
2024-03-05,PILL,PILL,-4000.0,8.73,-0.0102,99000.0,0.0,-4000.0,-1.4322,-11000.0,5000.0,BALANCED,-51.8056
2024-03-06,PILL,PILL,-4000.0,8.74,0.0011,95000.0,0.0,-4000.0,-1.3469,-15000.0,-1000.0,BALANCED,-51.6726
2024-03-07,PILL,PILL,2000.0,8.84,0.0114,97000.0,2000.0,0.0,0.4021,-15000.0,2000.0,BALANCED,2.0531
2024-03-08,PILL,PILL,-18000.0,8.2,-0.0724,79000.0,0.0,-18000.0,-3.7538,-29000.0,-21000.0,DISTRIBUTION,-100.0
2024-03-11,PILL,PILL,-5000.0,8.03,-0.0207,74000.0,0.0,-5000.0,-0.9966,-29000.0,-25000.0,BALANCED,-38.9138
2024-03-12,PILL,PILL,-6000.0,8.05,0.0025,68000.0,0.0,-6000.0,-1.1415,-31000.0,-34000.0,BALANCED,-44.5374
2024-03-13,PILL,PILL,-3000.0,8.06,0.0012,65000.0,0.0,-3000.0,-0.5086,-30000.0,-42000.0,BALANCED,-30.7153
2024-03-14,PILL,PILL,-5000.0,7.82,-0.0298,60000.0,0.0,-5000.0,-0.865,-37000.0,-47000.0,BALANCED,-41.626
2024-03-15,PILL,PILL,-5000.0,7.9,0.0102,55000.0,0.0,-5000.0,-0.8103,-24000.0,-54000.0,BALANCED,-42.2574
2024-03-18,PILL,PILL,0.0,7.75,-0.019,55000.0,0.0,0.0,0.2261,-19000.0,-57000.0,BALANCED,-4.3487
2024-03-19,PILL,PILL,1000.0,7.93,0.0232,56000.0,1000.0,0.0,0.4825,-12000.0,-51000.0,BALANCED,4.0637
2024-03-20,PILL,PILL,0.0,8.2,0.034,56000.0,0.0,0.0,0.2859,-9000.0,-48000.0,BALANCED,-2.8521
2024-03-21,PILL,PILL,6000.0,8.24,0.0049,62000.0,6000.0,0.0,1.4633,2000.0,-43000.0,BALANCED,48.5833
2024-03-22,PILL,PILL,3000.0,7.94,-0.0364,65000.0,3000.0,0.0,0.872,10000.0,-37000.0,BALANCED,35.7994
2024-03-25,PILL,PILL,3000.0,7.81,-0.0164,68000.0,3000.0,0.0,0.8336,13000.0,-40000.0,BALANCED,36.8391
2024-03-26,PILL,PILL,-5000.0,7.7,-0.0141,63000.0,0.0,-5000.0,-0.7662,7000.0,-47000.0,BALANCED,-11.1545
2024-03-27,PILL,PILL,-4000.0,8.14,0.0571,59000.0,0.0,-4000.0,-0.5104,3000.0,-51000.0,BALANCED,-6.7601
2024-03-28,PILL,PILL,-4000.0,8.22,0.0098,55000.0,0.0,-4000.0,-0.481,-7000.0,-57000.0,BALANCED,-28.0262
2024-04-01,PILL,PILL,0.0,7.96,-0.0316,55000.0,0.0,0.0,0.3853,-10000.0,-53000.0,BALANCED,-0.3666
2024-04-02,PILL,PILL,0.0,7.62,-0.0427,55000.0,0.0,0.0,0.4134,-13000.0,-48000.0,BALANCED,0.334
2024-04-03,PILL,PILL,-4000.0,7.54,-0.0105,51000.0,0.0,-4000.0,-0.4661,-12000.0,-48000.0,BALANCED,-23.653
2024-04-04,PILL,PILL,-9000.0,7.36,-0.0239,42000.0,0.0,-9000.0,-1.4579,-17000.0,-53000.0,BALANCED,-50.448
2024-04-05,PILL,PILL,-5000.0,7.43,0.0095,37000.0,0.0,-5000.0,-0.5756,-18000.0,-60000.0,BALANCED,-30.3909
2024-04-08,PILL,PILL,-2000.0,7.4,-0.004,35000.0,0.0,-2000.0,0.0492,-20000.0,-44000.0,BALANCED,-16.771
2024-04-09,PILL,PILL,-7000.0,7.58,0.0243,28000.0,0.0,-7000.0,-0.9506,-27000.0,-46000.0,BALANCED,-43.7642
2024-04-10,PILL,PILL,2000.0,7.18,-0.0528,30000.0,2000.0,0.0,1.0237,-21000.0,-38000.0,BALANCED,17.5922
2024-04-11,PILL,PILL,6000.0,7.25,0.0097,36000.0,6000.0,0.0,1.7622,-6000.0,-29000.0,ACCUMULATION,38.0542
2024-04-12,PILL,PILL,-3000.0,6.59,-0.091,33000.0,0.0,-3000.0,-0.0775,-4000.0,-27000.0,BALANCED,-13.9378
2024-04-15,PILL,PILL,0.0,6.33,-0.0395,33000.0,0.0,0.0,0.5266,-2000.0,-22000.0,BALANCED,3.1661
2024-04-16,PILL,PILL,-5000.0,6.44,0.0174,28000.0,0.0,-5000.0,-0.5266,0.0,-27000.0,BALANCED,-15.1661
2024-04-17,PILL,PILL,-1000.0,6.3,-0.0217,27000.0,0.0,-1000.0,0.295,-3000.0,-29000.0,BALANCED,-6.6253
2024-04-18,PILL,PILL,3000.0,6.07,-0.0365,30000.0,3000.0,0.0,1.0684,-6000.0,-26000.0,BALANCED,18.7105
2024-04-19,PILL,PILL,-7000.0,6.07,0.0,23000.0,0.0,-7000.0,-0.9352,-10000.0,-39000.0,BALANCED,-35.3795
2024-04-22,PILL,PILL,-3000.0,6.15,0.0132,20000.0,0.0,-3000.0,-0.2674,-13000.0,-45000.0,BALANCED,-20.6858
2024-04-23,PILL,PILL,1000.0,6.35,0.0325,21000.0,1000.0,0.0,0.7174,-7000.0,-47000.0,BALANCED,9.9338
2024-04-24,PILL,PILL,-5000.0,6.25,-0.0157,16000.0,0.0,-5000.0,-0.8545,-11000.0,-47000.0,BALANCED,-33.3614
2024-04-25,PILL,PILL,4000.0,6.02,-0.0368,20000.0,4000.0,0.0,1.3908,-10000.0,-39000.0,BALANCED,26.7707
2024-04-26,PILL,PILL,-7000.0,6.24,0.0365,13000.0,0.0,-7000.0,-1.3477,-10000.0,-42000.0,BALANCED,-45.6919
2024-04-29,PILL,PILL,-5000.0,6.45,0.0337,8000.0,0.0,-5000.0,-0.8516,-12000.0,-47000.0,BALANCED,-35.29
2024-04-30,PILL,PILL,-1000.0,6.36,-0.014,7000.0,0.0,-1000.0,0.1492,-14000.0,-48000.0,BALANCED,-12.2708
2024-05-01,PILL,PILL,7000.0,6.58,0.0346,14000.0,7000.0,0.0,1.9553,-2000.0,-37000.0,ACCUMULATION,40.8833
2024-05-02,PILL,PILL,0.0,6.78,0.0304,14000.0,0.0,0.0,0.3259,-6000.0,-28000.0,BALANCED,-1.8528
2024-05-03,PILL,PILL,-2000.0,6.83,0.0074,12000.0,0.0,-2000.0,-0.082,-1000.0,-25000.0,BALANCED,-14.0512
2024-05-06,PILL,PILL,0.0,6.71,-0.0176,12000.0,0.0,0.0,0.4439,4000.0,-23000.0,BALANCED,21.0972
2024-05-07,PILL,PILL,2000.0,6.75,0.006,14000.0,2000.0,0.0,0.9638,7000.0,-14000.0,BALANCED,36.0952
2024-05-08,PILL,PILL,0.0,6.88,0.0193,14000.0,0.0,0.0,0.4179,0.0,-16000.0,BALANCED,10.4479
2024-05-09,PILL,PILL,1000.0,6.9,0.0029,15000.0,1000.0,0.0,0.6308,1000.0,-21000.0,BALANCED,27.7695
2024-05-10,PILL,PILL,0.0,6.68,-0.0319,15000.0,0.0,0.0,0.3428,3000.0,-18000.0,BALANCED,18.5706
2024-05-13,PILL,PILL,0.0,6.9,0.0329,15000.0,0.0,0.0,0.3428,3000.0,-18000.0,BALANCED,18.5706
2024-05-14,PILL,PILL,0.0,6.91,0.0014,15000.0,0.0,0.0,0.3428,1000.0,-13000.0,BALANCED,18.5706
2024-05-15,PILL,PILL,-5000.0,7.06,0.0217,10000.0,0.0,-5000.0,-0.9276,-4000.0,-17000.0,BALANCED,-35.1889
2024-05-16,PILL,PILL,-3000.0,7.01,-0.0071,7000.0,0.0,-3000.0,-0.5011,-8000.0,-23000.0,BALANCED,-26.5277
2024-05-17,PILL,PILL,4000.0,6.97,-0.0057,11000.0,4000.0,0.0,1.3146,-4000.0,-12000.0,BALANCED,24.864
2024-05-20,PILL,PILL,0.0,6.98,0.0014,11000.0,0.0,0.0,0.2163,-4000.0,-9000.0,BALANCED,-4.5932
2024-05-21,PILL,PILL,-0.0,6.95,-0.0043,11000.0,-0.0,-0.0,0.1614,-4000.0,-10000.0,BALANCED,-5.9644
2024-05-22,PILL,PILL,-3000.0,6.96,0.0014,8000.0,0.0,-3000.0,-0.6471,-2000.0,-8000.0,BALANCED,-28.1764
2024-05-23,PILL,PILL,-11000.0,6.55,-0.0589,-3000.0,0.0,-11000.0,-2.5915,-10000.0,-23000.0,DISTRIBUTION,-78.7869
2024-05-24,PILL,PILL,0.0,6.46,-0.0137,-3000.0,0.0,0.0,0.3212,-14000.0,-16000.0,BALANCED,-1.9703
2024-05-28,PILL,PILL,0.0,6.5,0.0062,-3000.0,0.0,0.0,0.3212,-14000.0,-11000.0,BALANCED,-1.9703
2024-05-29,PILL,PILL,-4000.0,6.37,-0.02,-7000.0,0.0,-4000.0,-0.7647,-18000.0,-14000.0,BALANCED,-31.1163
2024-05-30,PILL,PILL,-3000.0,6.41,0.0063,-10000.0,0.0,-3000.0,-0.4749,-18000.0,-24000.0,BALANCED,-25.872
2024-05-31,PILL,PILL,-1000.0,6.55,0.0218,-11000.0,0.0,-1000.0,0.1009,-8000.0,-25000.0,BALANCED,-13.4775
2024-06-03,PILL,PILL,6000.0,6.64,0.0137,-5000.0,6000.0,0.0,1.8672,-2000.0,-17000.0,ACCUMULATION,38.6792
2024-06-04,PILL,PILL,2000.0,6.59,-0.0075,-3000.0,2000.0,0.0,0.7418,0.0,-15000.0,BALANCED,22.5458
2024-06-05,PILL,PILL,0.0,6.67,0.0121,-3000.0,0.0,0.0,0.2152,4000.0,-17000.0,BALANCED,15.3798
2024-06-06,PILL,PILL,0.0,6.63,-0.006,-3000.0,0.0,0.0,0.1743,7000.0,-17000.0,BALANCED,14.357
2024-06-07,PILL,PILL,0.0,6.6,-0.0045,-3000.0,0.0,0.0,0.2172,8000.0,-18000.0,BALANCED,15.4296
2024-06-10,PILL,PILL,-6000.0,6.58,-0.003,-9000.0,0.0,-6000.0,-1.5163,-4000.0,-24000.0,DISTRIBUTION,-49.9074
2024-06-11,PILL,PILL,-3000.0,6.63,0.0076,-12000.0,0.0,-3000.0,-0.6848,-9000.0,-27000.0,BALANCED,-31.1205
2024-06-12,PILL,PILL,0.0,6.53,-0.0151,-12000.0,0.0,0.0,0.1858,-9000.0,-27000.0,BALANCED,-5.3551
2024-06-13,PILL,PILL,0.0,6.48,-0.0077,-12000.0,0.0,0.0,0.2802,-9000.0,-22000.0,BALANCED,-2.9954
2024-06-14,PILL,PILL,-6000.0,6.25,-0.0355,-18000.0,0.0,-6000.0,-1.5291,-15000.0,-25000.0,DISTRIBUTION,-50.2271
2024-06-17,PILL,PILL,-2000.0,6.2,-0.008,-20000.0,0.0,-2000.0,-0.2893,-11000.0,-31000.0,BALANCED,-21.2322
2024-06-18,PILL,PILL,0.0,6.18,-0.0032,-20000.0,0.0,0.0,0.3306,-8000.0,-31000.0,BALANCED,-1.7347
2024-06-20,PILL,PILL,1000.0,6.22,0.0065,-19000.0,1000.0,0.0,0.6565,-7000.0,-30000.0,BALANCED,8.4134
2024-06-21,PILL,PILL,-1000.0,6.39,0.0273,-20000.0,0.0,-1000.0,0.0418,-8000.0,-28000.0,BALANCED,-10.9557
2024-06-24,PILL,PILL,4000.0,6.53,0.0219,-16000.0,4000.0,0.0,1.5225,2000.0,-13000.0,ACCUMULATION,50.0617
2024-06-25,PILL,PILL,2000.0,6.3,-0.0352,-14000.0,2000.0,0.0,0.8862,6000.0,-11000.0,BALANCED,36.1558
2024-06-26,PILL,PILL,0.0,6.34,0.0063,-14000.0,0.0,0.0,0.2888,6000.0,-11000.0,BALANCED,17.2193
2024-06-27,PILL,PILL,0.0,6.33,-0.0016,-14000.0,0.0,0.0,0.2888,5000.0,-7000.0,BALANCED,17.2193
2024-06-28,PILL,PILL,-0.0,6.22,-0.0174,-14000.0,-0.0,-0.0,0.2452,6000.0,-4000.0,BALANCED,16.129
2024-07-01,PILL,PILL,-1000.0,6.27,0.008,-15000.0,0.0,-1000.0,-0.0824,1000.0,-4000.0,BALANCED,5.9405
2024-07-02,PILL,PILL,0.0,5.96,-0.0494,-15000.0,0.0,0.0,0.2782,-1000.0,-10000.0,BALANCED,-3.0453
2024-07-03,PILL,PILL,-2000.0,5.94,-0.0034,-17000.0,0.0,-2000.0,-0.3421,-3000.0,-14000.0,BALANCED,-20.5535
2024-07-05,PILL,PILL,-2000.0,6.0,0.0101,-19000.0,0.0,-2000.0,-0.3207,-5000.0,-16000.0,BALANCED,-22.017
2024-07-08,PILL,PILL,0.0,6.07,0.0117,-19000.0,0.0,0.0,0.2903,-5000.0,-16000.0,BALANCED,-2.7421
2024-07-09,PILL,PILL,-0.0,6.25,0.0297,-19000.0,-0.0,-0.0,0.2181,-4000.0,-16000.0,BALANCED,-4.5483
2024-07-10,PILL,PILL,1000.0,6.44,0.0304,-18000.0,1000.0,0.0,0.6097,-3000.0,-9000.0,BALANCED,7.2437
2024-07-11,PILL,PILL,4000.0,6.99,0.0854,-14000.0,4000.0,0.0,1.6841,3000.0,-2000.0,ACCUMULATION,56.1026
2024-07-12,PILL,PILL,0.0,7.03,0.0057,-14000.0,0.0,0.0,0.0933,5000.0,-2000.0,BALANCED,12.3326
2024-07-15,PILL,PILL,7000.0,7.08,0.0071,-7000.0,7000.0,0.0,2.4899,12000.0,5000.0,ACCUMULATION,74.2484
2024-07-16,PILL,PILL,0.0,7.45,0.0523,-7000.0,0.0,0.0,-0.0482,12000.0,11000.0,BALANCED,8.7938
2024-07-17,PILL,PILL,0.0,7.24,-0.0282,-7000.0,0.0,0.0,0.0263,11000.0,13000.0,BALANCED,10.6583
2024-07-18,PILL,PILL,0.0,6.93,-0.0428,-7000.0,0.0,0.0,0.0533,7000.0,13000.0,BALANCED,11.3325
2024-07-19,PILL,PILL,1000.0,6.98,0.0072,-6000.0,1000.0,0.0,0.4383,8000.0,13000.0,BALANCED,22.9563
2024-07-22,PILL,PILL,2000.0,7.24,0.0372,-4000.0,2000.0,0.0,0.8008,3000.0,16000.0,BALANCED,34.0201
2024-07-23,PILL,PILL,-0.0,7.3,0.0083,-4000.0,-0.0,-0.0,0.0131,3000.0,12000.0,BALANCED,10.3282
2024-07-24,PILL,PILL,4000.0,7.36,0.0082,0.0,4000.0,0.0,1.5545,7000.0,14000.0,ACCUMULATION,50.8617
2024-07-25,PILL,PILL,11000.0,7.54,0.0245,11000.0,11000.0,0.0,3.4087,18000.0,25000.0,ACCUMULATION,99.2179
2024-07-26,PILL,PILL,-5000.0,7.84,0.0398,6000.0,0.0,-5000.0,-1.7612,12000.0,20000.0,DISTRIBUTION,-36.0296
2024-07-29,PILL,PILL,1000.0,7.68,-0.0204,7000.0,1000.0,0.0,0.1154,11000.0,21000.0,BALANCED,14.884
2024-07-30,PILL,PILL,0.0,7.63,-0.0065,7000.0,0.0,0.0,-0.2849,11000.0,22000.0,BALANCED,2.8783
2024-07-31,PILL,PILL,0.0,7.8,0.0223,7000.0,0.0,0.0,-0.3124,7000.0,22000.0,BALANCED,2.1901
2024-08-01,PILL,PILL,5000.0,7.76,-0.0051,12000.0,5000.0,0.0,1.3242,1000.0,29000.0,BALANCED,45.1049
2024-08-02,PILL,PILL,0.0,7.4,-0.0464,12000.0,0.0,0.0,-0.3471,6000.0,31000.0,BALANCED,1.3216
2024-08-05,PILL,PILL,-8000.0,7.0,-0.0541,4000.0,0.0,-8000.0,-2.5977,-3000.0,23000.0,DISTRIBUTION,-76.9427
2024-08-06,PILL,PILL,0.0,7.05,0.0071,4000.0,0.0,0.0,-0.1999,-3000.0,23000.0,BALANCED,-14.9966
2024-08-07,PILL,PILL,-2000.0,6.91,-0.0199,2000.0,0.0,-2000.0,-0.7539,-5000.0,20000.0,BALANCED,-30.8472
2024-08-08,PILL,PILL,3000.0,7.28,0.0535,5000.0,3000.0,0.0,0.6985,-7000.0,19000.0,BALANCED,9.4613
2024-08-09,PILL,PILL,6000.0,7.06,-0.0302,11000.0,6000.0,0.0,1.4661,-1000.0,25000.0,BALANCED,30.652
2024-08-12,PILL,PILL,2000.0,6.93,-0.0184,13000.0,2000.0,0.0,0.3119,9000.0,20000.0,BALANCED,23.7976
2024-08-13,PILL,PILL,0.0,7.29,0.0519,13000.0,0.0,0.0,-0.2657,9000.0,20000.0,BALANCED,3.3578
2024-08-14,PILL,PILL,1000.0,7.18,-0.0151,14000.0,1000.0,0.0,0.0095,12000.0,21000.0,BALANCED,12.2375
2024-08-15,PILL,PILL,0.0,7.67,0.0682,14000.0,0.0,0.0,-0.2979,9000.0,21000.0,BALANCED,2.5529
2024-08-16,PILL,PILL,1000.0,7.57,-0.013,15000.0,1000.0,0.0,-0.039,4000.0,21000.0,BALANCED,11.0257
2024-08-19,PILL,PILL,1000.0,7.88,0.041,16000.0,1000.0,0.0,-0.0488,3000.0,20000.0,BALANCED,12.7798
2024-08-20,PILL,PILL,-3000.0,7.86,-0.0025,13000.0,0.0,-3000.0,-1.1642,0.0,17000.0,BALANCED,-31.1043
2024-08-21,PILL,PILL,0.0,8.06,0.0254,13000.0,0.0,0.0,-0.2954,-1000.0,13000.0,BALANCED,-17.3839
2024-08-22,PILL,PILL,2000.0,7.87,-0.0236,15000.0,2000.0,0.0,0.2987,1000.0,4000.0,BALANCED,19.4685
2024-08-23,PILL,PILL,8000.0,8.13,0.033,23000.0,8000.0,0.0,1.8373,8000.0,17000.0,ACCUMULATION,59.932
2024-08-26,PILL,PILL,4000.0,8.35,0.0271,27000.0,4000.0,0.0,0.8053,11000.0,20000.0,BALANCED,36.1329
2024-08-27,PILL,PILL,-2000.0,8.28,-0.0084,25000.0,0.0,-2000.0,-0.8518,12000.0,18000.0,BALANCED,-13.2955
2024-08-28,PILL,PILL,-3000.0,8.19,-0.0109,22000.0,0.0,-3000.0,-1.0803,9000.0,15000.0,BALANCED,-21.0082
2024-08-29,PILL,PILL,0.0,8.3,0.0134,22000.0,0.0,0.0,-0.2633,7000.0,10000.0,BALANCED,3.4182
2024-08-30,PILL,PILL,-3000.0,8.44,0.0169,19000.0,0.0,-3000.0,-1.0243,-4000.0,7000.0,BALANCED,-37.6073
2024-09-03,PILL,PILL,-3000.0,7.98,-0.0545,16000.0,0.0,-3000.0,-0.965,-11000.0,12000.0,BALANCED,-38.1255
2024-09-04,PILL,PILL,4000.0,8.18,0.0251,20000.0,4000.0,0.0,0.8322,-5000.0,16000.0,BALANCED,12.8047
2024-09-05,PILL,PILL,0.0,7.93,-0.0306,20000.0,0.0,0.0,-0.1755,-2000.0,18000.0,BALANCED,-14.3865
2024-09-06,PILL,PILL,-6000.0,7.68,-0.0315,14000.0,0.0,-6000.0,-1.7642,-8000.0,9000.0,DISTRIBUTION,-56.1054
2024-09-09,PILL,PILL,-0.0,7.71,0.0039,14000.0,-0.0,-0.0,-0.0803,-5000.0,3000.0,BALANCED,-12.0074
2024-09-10,PILL,PILL,1000.0,7.7,-0.0013,15000.0,1000.0,0.0,0.2208,-1000.0,2000.0,BALANCED,-2.4798
2024-09-11,PILL,PILL,-5000.0,7.64,-0.0078,10000.0,0.0,-5000.0,-1.475,-10000.0,-3000.0,BALANCED,-48.875
2024-09-12,PILL,PILL,1000.0,7.72,0.0105,11000.0,1000.0,0.0,0.2504,-9000.0,-3000.0,BALANCED,-1.7406
2024-09-13,PILL,PILL,-0.0,8.1,0.0492,11000.0,-0.0,-0.0,0.01,-3000.0,-3000.0,BALANCED,-9.7503
2024-09-16,PILL,PILL,-0.0,8.13,0.0037,11000.0,-0.0,-0.0,0.01,-3000.0,-4000.0,BALANCED,-9.7503
2024-09-17,PILL,PILL,0.0,8.13,0.0,11000.0,0.0,0.0,-0.0783,-4000.0,-5000.0,BALANCED,-11.9581
2024-09-18,PILL,PILL,0.0,8.24,0.0135,11000.0,0.0,0.0,-0.0783,1000.0,-2000.0,BALANCED,8.0419
2024-09-19,PILL,PILL,5000.0,8.64,0.0485,16000.0,5000.0,0.0,1.4763,5000.0,3000.0,BALANCED,48.9066
2024-09-20,PILL,PILL,0.0,8.38,-0.0301,16000.0,0.0,0.0,-0.1208,5000.0,1000.0,BALANCED,6.9788
2024-09-23,PILL,PILL,1000.0,8.01,-0.0442,17000.0,1000.0,0.0,0.2812,6000.0,-6000.0,BALANCED,19.0288
2024-09-24,PILL,PILL,0.0,8.06,0.0062,17000.0,0.0,0.0,-0.0472,6000.0,-10000.0,BALANCED,8.8201
2024-09-25,PILL,PILL,1000.0,7.77,-0.036,18000.0,1000.0,0.0,0.2945,7000.0,-7000.0,BALANCED,19.3631
2024-09-26,PILL,PILL,-2000.0,8.01,0.0309,16000.0,0.0,-2000.0,-0.7247,0.0,-6000.0,BALANCED,-20.1166
2024-09-27,PILL,PILL,-0.0,7.94,-0.0087,16000.0,-0.0,-0.0,-0.0234,0.0,-6000.0,BALANCED,-0.5844
2024-09-30,PILL,PILL,-1000.0,8.2,0.0327,15000.0,0.0,-1000.0,-0.3505,-2000.0,-4000.0,BALANCED,-20.7636
2024-10-01,PILL,PILL,-0.0,8.23,0.0037,15000.0,-0.0,-0.0,0.0117,-2000.0,-1000.0,BALANCED,-9.7072
2024-10-02,PILL,PILL,1000.0,8.13,-0.0122,16000.0,1000.0,0.0,0.3219,-2000.0,-4000.0,BALANCED,0.0474
2024-10-03,PILL,PILL,-1000.0,8.01,-0.0148,15000.0,0.0,-1000.0,-0.3805,-1000.0,-5000.0,BALANCED,-21.5132
2024-10-04,PILL,PILL,1000.0,8.23,0.0275,16000.0,1000.0,0.0,0.3471,0.0,2000.0,BALANCED,10.6767
2024-10-07,PILL,PILL,-4000.0,7.86,-0.045,12000.0,0.0,-4000.0,-1.4877,-3000.0,-2000.0,BALANCED,-49.1932
2024-10-08,PILL,PILL,-1000.0,7.94,0.0102,11000.0,0.0,-1000.0,-0.2029,-4000.0,-4000.0,BALANCED,-19.0715
2024-10-09,PILL,PILL,-1000.0,8.0,0.0076,10000.0,0.0,-1000.0,-0.2188,-6000.0,0.0,BALANCED,-21.4689
2024-10-10,PILL,PILL,0.0,7.86,-0.0175,10000.0,0.0,0.0,0.1788,-5000.0,-1000.0,BALANCED,-5.5309
2024-10-11,PILL,PILL,5000.0,8.31,0.0573,15000.0,5000.0,0.0,2.1404,-1000.0,4000.0,ACCUMULATION,45.51
2024-10-14,PILL,PILL,8000.0,8.87,0.0674,23000.0,8000.0,0.0,2.7966,11000.0,12000.0,ACCUMULATION,83.9149
2024-10-15,PILL,PILL,5000.0,9.15,0.0316,28000.0,5000.0,0.0,1.595,17000.0,17000.0,ACCUMULATION,55.8757
2024-10-16,PILL,PILL,0.0,9.75,0.0656,28000.0,0.0,0.0,-0.0951,18000.0,17000.0,BALANCED,7.6217
2024-10-17,PILL,PILL,0.0,9.63,-0.0123,28000.0,0.0,0.0,-0.0951,18000.0,12000.0,BALANCED,7.6217
2024-10-18,PILL,PILL,-0.0,9.79,0.0166,28000.0,-0.0,-0.0,-0.1835,13000.0,12000.0,BALANCED,5.4114
2024-10-21,PILL,PILL,0.0,9.34,-0.046,28000.0,0.0,0.0,-0.1835,5000.0,11000.0,BALANCED,5.4114
2024-10-22,PILL,PILL,-0.0,9.38,0.0043,28000.0,-0.0,-0.0,-0.1705,-0.0,11000.0,BALANCED,-4.262
2024-10-23,PILL,PILL,0.0,9.14,-0.0256,28000.0,0.0,0.0,-0.2577,0.0,10000.0,BALANCED,-6.4426
2024-10-24,PILL,PILL,-3000.0,8.9,-0.0263,25000.0,0.0,-3000.0,-1.4341,-3000.0,9000.0,BALANCED,-47.8516
2024-10-25,PILL,PILL,-2000.0,8.8,-0.0112,23000.0,0.0,-2000.0,-0.9764,-5000.0,7000.0,BALANCED,-38.4109
2024-10-28,PILL,PILL,-1000.0,9.17,0.042,22000.0,0.0,-1000.0,-0.5532,-6000.0,7000.0,BALANCED,-29.8311
2024-10-29,PILL,PILL,-1000.0,9.3,0.0142,21000.0,0.0,-1000.0,-0.5372,-7000.0,6000.0,BALANCED,-31.4294
2024-10-30,PILL,PILL,0.0,9.17,-0.014,21000.0,0.0,0.0,-0.1343,-7000.0,5000.0,BALANCED,-13.3573
2024-10-31,PILL,PILL,-1000.0,8.97,-0.0218,20000.0,0.0,-1000.0,-0.4864,-5000.0,5000.0,BALANCED,-24.1591
2024-11-01,PILL,PILL,-2000.0,9.06,0.01,18000.0,0.0,-2000.0,-0.8748,-5000.0,2000.0,BALANCED,-35.8691
2024-11-04,PILL,PILL,-1000.0,8.9,-0.0177,17000.0,0.0,-1000.0,-0.4231,-5000.0,5000.0,BALANCED,-26.5775
2024-11-05,PILL,PILL,4000.0,9.09,0.0213,21000.0,4000.0,0.0,1.5631,0.0,10000.0,ACCUMULATION,41.0767
2024-11-06,PILL,PILL,0.0,9.53,0.0484,21000.0,0.0,0.0,-0.0405,0.0,11000.0,BALANCED,-1.0128
2024-11-07,PILL,PILL,-5000.0,9.82,0.0304,16000.0,0.0,-5000.0,-1.9135,-4000.0,6000.0,DISTRIBUTION,-59.8384
2024-11-08,PILL,PILL,5000.0,10.13,0.0316,21000.0,5000.0,0.0,1.7462,3000.0,6000.0,ACCUMULATION,55.6562
2024-11-11,PILL,PILL,6000.0,10.33,0.0197,27000.0,6000.0,0.0,1.8952,10000.0,4000.0,ACCUMULATION,61.38
2024-11-12,PILL,PILL,0.0,9.81,-0.0503,27000.0,0.0,0.0,-0.1354,6000.0,-1000.0,BALANCED,6.6157
2024-11-13,PILL,PILL,3000.0,9.54,-0.0275,30000.0,3000.0,0.0,0.8469,9000.0,2000.0,BALANCED,33.1734
2024-11-14,PILL,PILL,0.0,9.07,-0.0493,30000.0,0.0,0.0,-0.1678,14000.0,2000.0,BALANCED,5.8051
2024-11-15,PILL,PILL,-4000.0,8.34,-0.0805,26000.0,0.0,-4000.0,-1.403,5000.0,-2000.0,BALANCED,-27.0738
2024-11-18,PILL,PILL,-5000.0,8.18,-0.0192,21000.0,0.0,-5000.0,-1.6868,-6000.0,-7000.0,DISTRIBUTION,-56.1701
2024-11-19,PILL,PILL,-3000.0,8.4,0.0269,18000.0,0.0,-3000.0,-1.0131,-9000.0,-10000.0,BALANCED,-41.3285
2024-11-20,PILL,PILL,7000.0,8.54,0.0167,25000.0,7000.0,0.0,1.9054,-5000.0,-3000.0,ACCUMULATION,39.6338
2024-11-21,PILL,PILL,-4000.0,8.96,0.0492,21000.0,0.0,-4000.0,-1.2446,-9000.0,-4000.0,BALANCED,-43.1154
2024-11-22,PILL,PILL,3000.0,9.13,0.019,24000.0,3000.0,0.0,0.7859,-2000.0,1000.0,BALANCED,11.6471
2024-11-25,PILL,PILL,9000.0,8.71,-0.046,33000.0,9000.0,0.0,2.4644,12000.0,11000.0,ACCUMULATION,75.6092
2024-11-26,PILL,PILL,3000.0,8.66,-0.0057,36000.0,3000.0,0.0,0.7938,18000.0,15000.0,BALANCED,35.8443
2024-11-27,PILL,PILL,-3000.0,8.95,0.0335,33000.0,0.0,-3000.0,-0.9061,8000.0,12000.0,BALANCED,-14.6536
2024-11-29,PILL,PILL,0.0,8.89,-0.0067,33000.0,0.0,0.0,-0.0477,12000.0,13000.0,BALANCED,8.8077
2024-12-02,PILL,PILL,0.0,8.92,0.0034,33000.0,0.0,0.0,-0.0477,9000.0,15000.0,BALANCED,8.8077
2024-12-03,PILL,PILL,1000.0,8.59,-0.037,34000.0,1000.0,0.0,0.2287,1000.0,17000.0,BALANCED,17.7179
2024-12-04,PILL,PILL,2000.0,8.69,0.0116,36000.0,2000.0,0.0,0.4934,0.0,15000.0,BALANCED,16.3356
2024-12-05,PILL,PILL,0.0,8.54,-0.0173,36000.0,0.0,0.0,-0.0759,3000.0,15000.0,BALANCED,8.1022
2024-12-06,PILL,PILL,0.0,8.76,0.0258,36000.0,0.0,0.0,-0.106,3000.0,20000.0,BALANCED,7.3499
2024-12-09,PILL,PILL,0.0,8.56,-0.0228,36000.0,0.0,0.0,-0.1263,3000.0,15000.0,BALANCED,6.8424
2024-12-10,PILL,PILL,0.0,8.31,-0.0292,36000.0,0.0,0.0,-0.1364,2000.0,9000.0,BALANCED,6.5901
2024-12-11,PILL,PILL,0.0,8.33,0.0024,36000.0,0.0,0.0,-0.1466,0.0,9000.0,BALANCED,-3.6641
2024-12-12,PILL,PILL,2000.0,7.87,-0.0552,38000.0,2000.0,0.0,0.419,2000.0,8000.0,BALANCED,22.4749
2024-12-13,PILL,PILL,-7000.0,7.66,-0.0267,31000.0,0.0,-7000.0,-2.0012,-5000.0,1000.0,DISTRIBUTION,-62.0302
2024-12-16,PILL,PILL,-1000.0,7.82,0.0209,30000.0,0.0,-1000.0,-0.3822,-6000.0,4000.0,BALANCED,-23.5539
2024-12-17,PILL,PILL,-2000.0,7.93,0.0141,28000.0,0.0,-2000.0,-0.6429,-8000.0,7000.0,BALANCED,-32.073
2024-12-18,PILL,PILL,-6000.0,7.28,-0.082,22000.0,0.0,-6000.0,-1.5911,-14000.0,4000.0,DISTRIBUTION,-57.7782
2024-12-19,PILL,PILL,0.0,7.18,-0.0137,22000.0,0.0,0.0,-0.0088,-16000.0,-3000.0,BALANCED,-10.2198
2024-12-20,PILL,PILL,1000.0,7.31,0.0181,23000.0,1000.0,0.0,0.2087,-8000.0,2000.0,BALANCED,-2.7826
2024-12-23,PILL,PILL,-1000.0,7.36,0.0068,22000.0,0.0,-1000.0,-0.2897,-8000.0,-2000.0,BALANCED,-19.2425
2024-12-24,PILL,PILL,0.0,7.32,-0.0054,22000.0,0.0,0.0,0.0492,-6000.0,-11000.0,BALANCED,-8.7689
2024-12-26,PILL,PILL,2000.0,7.59,0.0369,24000.0,2000.0,0.0,0.6163,2000.0,-12000.0,BALANCED,27.4077
2024-12-27,PILL,PILL,0.0,7.37,-0.029,24000.0,0.0,0.0,0.0596,2000.0,-9000.0,BALANCED,11.4895
2024-12-30,PILL,PILL,3000.0,6.97,-0.0543,27000.0,3000.0,0.0,0.9098,4000.0,-6000.0,BALANCED,34.7446
2024-12-31,PILL,PILL,2000.0,7.1,0.0187,29000.0,2000.0,0.0,0.5678,7000.0,-4000.0,BALANCED,28.1955
2025-01-02,PILL,PILL,-2000.0,6.94,-0.0225,27000.0,0.0,-2000.0,-0.6808,5000.0,-7000.0,BALANCED,-9.0209
2025-01-03,PILL,PILL,3000.0,7.08,0.0202,30000.0,3000.0,0.0,0.8095,6000.0,-6000.0,BALANCED,32.2363
2025-01-06,PILL,PILL,0.0,6.92,-0.0226,30000.0,0.0,0.0,-0.0563,6000.0,-6000.0,BALANCED,8.5926
2025-01-07,PILL,PILL,1000.0,7.04,0.0173,31000.0,1000.0,0.0,0.2334,4000.0,-5000.0,BALANCED,17.8342
2025-01-08,PILL,PILL,-2000.0,6.99,-0.0071,29000.0,0.0,-2000.0,-0.7625,0.0,-7000.0,BALANCED,-21.062
2025-01-10,PILL,PILL,0.0,6.91,-0.0114,29000.0,0.0,0.0,0.058,2000.0,-7000.0,BALANCED,11.449
2025-01-13,PILL,PILL,0.0,7.28,0.0535,29000.0,0.0,0.0,0.1049,-1000.0,-7000.0,BALANCED,-7.3764
2025-01-14,PILL,PILL,13000.0,7.04,-0.033,42000.0,13000.0,0.0,3.9335,12000.0,4000.0,ACCUMULATION,100.0
2025-01-15,PILL,PILL,6000.0,7.41,0.0526,48000.0,6000.0,0.0,1.6219,17000.0,17000.0,ACCUMULATION,54.5465
2025-01-16,PILL,PILL,8000.0,7.53,0.0162,56000.0,8000.0,0.0,1.9791,27000.0,26000.0,ACCUMULATION,65.4785
2025-01-17,PILL,PILL,-0.0,7.41,-0.0159,56000.0,-0.0,-0.0,-0.2005,27000.0,28000.0,BALANCED,4.987
2025-01-21,PILL,PILL,0.0,7.81,0.054,56000.0,0.0,0.0,-0.1826,27000.0,34000.0,BALANCED,5.4356
2025-01-22,PILL,PILL,2000.0,7.77,-0.0051,58000.0,2000.0,0.0,0.3464,16000.0,36000.0,BALANCED,20.6588
2025-01-23,PILL,PILL,4000.0,7.96,0.0245,62000.0,4000.0,0.0,0.8464,14000.0,39000.0,BALANCED,35.159
2025-01-24,PILL,PILL,-1000.0,8.02,0.0075,61000.0,0.0,-1000.0,-0.4935,5000.0,39000.0,BALANCED,-4.3384
2025-01-27,PILL,PILL,-10000.0,8.3,0.0349,51000.0,0.0,-10000.0,-2.4953,-5000.0,29000.0,DISTRIBUTION,-76.3818
2025-01-28,PILL,PILL,0.0,8.11,-0.0229,51000.0,0.0,0.0,-0.1188,-5000.0,27000.0,BALANCED,-12.9706
2025-01-29,PILL,PILL,-1000.0,8.21,0.0123,50000.0,0.0,-1000.0,-0.3328,-8000.0,26000.0,BALANCED,-20.32
2025-01-30,PILL,PILL,1000.0,8.36,0.0183,51000.0,1000.0,0.0,0.084,-11000.0,24000.0,BALANCED,-5.9
2025-01-31,PILL,PILL,0.0,8.02,-0.0407,51000.0,0.0,0.0,-0.1769,-10000.0,22000.0,BALANCED,-14.4215
2025-02-03,PILL,PILL,2000.0,7.82,-0.0249,53000.0,2000.0,0.0,0.2968,2000.0,26000.0,BALANCED,19.4194
2025-02-04,PILL,PILL,0.0,7.99,0.0217,53000.0,0.0,0.0,-0.2779,2000.0,23000.0,BALANCED,3.0526
2025-02-05,PILL,PILL,-0.0,8.37,0.0476,53000.0,-0.0,-0.0,-0.2779,3000.0,23000.0,BALANCED,3.0526
2025-02-06,PILL,PILL,-1000.0,8.12,-0.0299,52000.0,0.0,-1000.0,-0.5263,1000.0,21000.0,BALANCED,-5.1571
2025-02-07,PILL,PILL,0.0,7.74,-0.0468,52000.0,0.0,0.0,-0.2686,1000.0,23000.0,BALANCED,3.2853
2025-02-10,PILL,PILL,0.0,7.83,0.0116,52000.0,0.0,0.0,-0.2686,-1000.0,23000.0,BALANCED,-16.7147
2025-02-11,PILL,PILL,-1000.0,7.92,0.0115,51000.0,0.0,-1000.0,-0.5086,-2000.0,22000.0,BALANCED,-24.7153
2025-02-12,PILL,PILL,-1000.0,7.94,0.0025,50000.0,0.0,-1000.0,-0.498,-3000.0,8000.0,BALANCED,-26.4497
2025-02-13,PILL,PILL,0.0,8.21,0.034,50000.0,0.0,0.0,-0.2056,-2000.0,2000.0,BALANCED,-15.1392
2025-02-14,PILL,PILL,0.0,7.87,-0.0414,50000.0,0.0,0.0,-0.1879,-2000.0,-6000.0,BALANCED,-14.6985
2025-02-18,PILL,PILL,2000.0,7.96,0.0114,52000.0,2000.0,0.0,0.3157,0.0,-4000.0,BALANCED,9.8913
2025-02-19,PILL,PILL,0.0,7.91,-0.0063,52000.0,0.0,0.0,-0.1995,1000.0,-4000.0,BALANCED,5.0126
2025-02-20,PILL,PILL,0.0,7.89,-0.0025,52000.0,0.0,0.0,-0.1995,2000.0,-6000.0,BALANCED,5.0126
2025-02-21,PILL,PILL,-0.0,7.78,-0.0139,52000.0,-0.0,-0.0,-0.1903,2000.0,-10000.0,BALANCED,5.242
2025-02-24,PILL,PILL,0.0,7.59,-0.0244,52000.0,0.0,0.0,-0.2103,2000.0,-9000.0,BALANCED,4.7421
2025-02-25,PILL,PILL,-6000.0,7.63,0.0053,46000.0,0.0,-6000.0,-1.7066,-6000.0,-5000.0,DISTRIBUTION,-54.6648
2025-02-26,PILL,PILL,-0.0,7.56,-0.0092,46000.0,-0.0,-0.0,-0.1473,-6000.0,-5000.0,BALANCED,-13.6817
2025-02-27,PILL,PILL,-1000.0,7.31,-0.0331,45000.0,0.0,-1000.0,-0.36,-7000.0,-5000.0,BALANCED,-21.0009
2025-02-28,PILL,PILL,5000.0,7.66,0.0479,50000.0,5000.0,0.0,1.648,-2000.0,-1000.0,ACCUMULATION,33.2007
2025-03-03,PILL,PILL,2000.0,7.23,-0.0561,52000.0,2000.0,0.0,0.8134,0.0,1000.0,BALANCED,24.3359
2025-03-04,PILL,PILL,-0.0,7.21,-0.0028,52000.0,-0.0,-0.0,0.0508,6000.0,-1000.0,BALANCED,11.271
2025-03-05,PILL,PILL,-1000.0,7.45,0.0333,51000.0,0.0,-1000.0,-0.3172,5000.0,-2000.0,BALANCED,0.0702
2025-03-06,PILL,PILL,0.0,7.41,-0.0054,51000.0,0.0,0.0,0.0899,6000.0,-2000.0,BALANCED,12.2475
2025-03-07,PILL,PILL,0.0,7.53,0.0162,51000.0,0.0,0.0,0.1484,1000.0,-1000.0,BALANCED,13.7108
2025-03-10,PILL,PILL,0.0,7.26,-0.0359,51000.0,0.0,0.0,0.1351,-1000.0,-1000.0,BALANCED,-6.6237
2025-03-11,PILL,PILL,-1000.0,7.0,-0.0358,50000.0,0.0,-1000.0,-0.5785,-2000.0,-2000.0,BALANCED,-26.4631
2025-03-12,PILL,PILL,-5000.0,6.86,-0.02,45000.0,0.0,-5000.0,-2.525,-6000.0,-6000.0,DISTRIBUTION,-77.1247
2025-03-13,PILL,PILL,3000.0,6.65,-0.0306,48000.0,3000.0,0.0,1.5476,-3000.0,-2000.0,ACCUMULATION,30.6908
2025-03-14,PILL,PILL,-3000.0,6.81,0.0241,45000.0,0.0,-3000.0,-1.3719,-6000.0,-5000.0,BALANCED,-46.2976
2025-03-17,PILL,PILL,1000.0,7.17,0.0529,46000.0,1000.0,0.0,0.5684,-5000.0,-4000.0,BALANCED,6.2105
2025-03-18,PILL,PILL,-1000.0,7.17,0.0,45000.0,0.0,-1000.0,-0.3638,-5000.0,-7000.0,BALANCED,-21.0938
2025-03-19,PILL,PILL,2000.0,7.28,0.0153,47000.0,2000.0,0.0,1.0691,2000.0,-5000.0,BALANCED,38.7278
2025-03-20,PILL,PILL,0.0,7.32,0.0055,47000.0,0.0,0.0,0.0972,-1000.0,-5000.0,BALANCED,-7.5702
2025-03-21,PILL,PILL,3000.0,7.28,-0.0055,50000.0,3000.0,0.0,1.4381,5000.0,-2000.0,BALANCED,47.9532
2025-03-24,PILL,PILL,-1000.0,7.46,0.0247,49000.0,0.0,-1000.0,-0.4207,3000.0,-3000.0,BALANCED,-2.5183
2025-03-25,PILL,PILL,2000.0,6.9,-0.0751,51000.0,2000.0,0.0,0.9356,6000.0,5000.0,BALANCED,35.3905
2025-03-26,PILL,PILL,-1000.0,6.68,-0.0319,50000.0,0.0,-1000.0,-0.4448,3000.0,4000.0,BALANCED,-3.1201
2025-03-27,PILL,PILL,-3000.0,6.73,0.0075,47000.0,0.0,-3000.0,-1.2983,0.0,2000.0,BALANCED,-36.4566
2025-03-28,PILL,PILL,-3000.0,6.51,-0.0327,44000.0,0.0,-3000.0,-1.2198,-6000.0,-6000.0,BALANCED,-46.4955
2025-03-31,PILL,PILL,6000.0,7.22,0.1091,50000.0,6000.0,0.0,2.3441,1000.0,-2000.0,ACCUMULATION,70.6021
2025-04-01,PILL,PILL,-5000.0,6.34,-0.1219,45000.0,0.0,-5000.0,-1.774,-6000.0,-7000.0,DISTRIBUTION,-56.3507
2025-04-02,PILL,PILL,1000.0,6.41,0.011,46000.0,1000.0,0.0,0.4451,-4000.0,-5000.0,BALANCED,3.1272
2025-04-03,PILL,PILL,6000.0,5.72,-0.1076,52000.0,6000.0,0.0,2.0517,5000.0,1000.0,ACCUMULATION,65.2937
2025-04-04,PILL,PILL,-9000.0,4.83,-0.1556,43000.0,0.0,-9000.0,-2.5936,-1000.0,-8000.0,DISTRIBUTION,-76.841
2025-04-07,PILL,PILL,0.0,4.63,-0.0414,43000.0,0.0,0.0,0.0894,-7000.0,-8000.0,BALANCED,-7.7641
2025-04-08,PILL,PILL,-9000.0,4.19,-0.095,34000.0,0.0,-9000.0,-2.4103,-11000.0,-16000.0,DISTRIBUTION,-72.2569
2025-04-09,PILL,PILL,-49000.0,4.76,0.136,-15000.0,0.0,-49000.0,-4.9123,-61000.0,-60000.0,DISTRIBUTION,-100.0
2025-04-10,PILL,PILL,-12000.0,4.07,-0.145,-27000.0,0.0,-12000.0,-0.9867,-79000.0,-75000.0,BALANCED,-40.6674
2025-04-11,PILL,PILL,3000.0,4.35,0.0688,-24000.0,3000.0,0.0,0.5645,-67000.0,-69000.0,BALANCED,6.113
2025-04-14,PILL,PILL,4000.0,4.59,0.0552,-20000.0,4000.0,0.0,0.6583,-63000.0,-66000.0,BALANCED,10.4569
2025-04-15,PILL,PILL,0.0,4.57,-0.0044,-20000.0,0.0,0.0,0.2469,-54000.0,-65000.0,BALANCED,-3.8287
2025-04-16,PILL,PILL,-3000.0,4.32,-0.0547,-23000.0,0.0,-3000.0,-0.0549,-8000.0,-70000.0,BALANCED,-13.3718
2025-04-17,PILL,PILL,-2000.0,4.59,0.0625,-25000.0,0.0,-2000.0,0.0549,2000.0,-72000.0,BALANCED,7.3733
2025-04-21,PILL,PILL,1000.0,4.48,-0.024,-24000.0,1000.0,0.0,0.3601,0.0,-74000.0,BALANCED,11.0027
2025-04-22,PILL,PILL,-2000.0,4.72,0.0536,-26000.0,0.0,-2000.0,0.0584,-6000.0,-75000.0,BALANCED,-10.5408
2025-04-23,PILL,PILL,1000.0,4.85,0.0275,-25000.0,1000.0,0.0,0.3598,-5000.0,-76000.0,BALANCED,0.9961
2025-04-24,PILL,PILL,3000.0,5.15,0.0619,-22000.0,3000.0,0.0,0.5359,1000.0,-72000.0,BALANCED,27.398
2025-04-25,PILL,PILL,1000.0,5.2,0.0097,-21000.0,1000.0,0.0,0.339,4000.0,-68000.0,BALANCED,24.4746
2025-04-28,PILL,PILL,4000.0,5.35,0.0288,-17000.0,4000.0,0.0,0.619,7000.0,-61000.0,BALANCED,33.4742
2025-04-29,PILL,PILL,8000.0,5.57,0.0411,-9000.0,8000.0,0.0,0.9874,17000.0,-59000.0,BALANCED,44.685
2025-04-30,PILL,PILL,1000.0,5.61,0.0072,-8000.0,1000.0,0.0,0.2775,17000.0,-53000.0,BALANCED,28.9366
2025-05-01,PILL,PILL,7000.0,5.27,-0.0606,-1000.0,7000.0,0.0,0.8534,21000.0,-47000.0,BALANCED,45.3344
2025-05-02,PILL,PILL,1000.0,5.55,0.0531,0.0,1000.0,0.0,0.2545,21000.0,-52000.0,BALANCED,32.3627
2025-05-05,PILL,PILL,1000.0,5.35,-0.036,1000.0,1000.0,0.0,0.2618,18000.0,-42000.0,BALANCED,34.544
2025-05-06,PILL,PILL,-3000.0,4.82,-0.0991,-2000.0,0.0,-3000.0,-0.1292,7000.0,-45000.0,BALANCED,4.7702
2025-05-07,PILL,PILL,-2000.0,5.03,0.0436,-4000.0,0.0,-2000.0,-0.0166,4000.0,-38000.0,BALANCED,5.5849
2025-05-08,PILL,PILL,-1000.0,5.15,0.0239,-5000.0,0.0,-1000.0,0.083,-4000.0,10000.0,BALANCED,-13.9246
2025-05-09,PILL,PILL,-0.0,4.94,-0.0408,-5000.0,-0.0,-0.0,0.1726,-5000.0,22000.0,BALANCED,-5.6844
2025-05-12,PILL,PILL,-6000.0,5.18,0.0486,-11000.0,0.0,-6000.0,-0.4138,-12000.0,13000.0,BALANCED,-22.3453
2025-05-13,PILL,PILL,-11000.0,4.89,-0.056,-22000.0,0.0,-11000.0,-0.8522,-20000.0,-2000.0,BALANCED,-35.3055
2025-05-14,PILL,PILL,-1000.0,4.71,-0.0368,-23000.0,0.0,-1000.0,0.1256,-19000.0,-3000.0,BALANCED,-12.8591
2025-05-15,PILL,PILL,0.0,5.01,0.0637,-23000.0,0.0,0.0,0.2283,-18000.0,0.0,BALANCED,-4.2915
2025-05-16,PILL,PILL,6000.0,5.3,0.0579,-17000.0,6000.0,0.0,0.824,-12000.0,8000.0,BALANCED,12.6003
2025-05-19,PILL,PILL,0.0,5.38,0.0151,-17000.0,0.0,0.0,0.2,-6000.0,7000.0,BALANCED,-5.0
2025-05-20,PILL,PILL,-4000.0,5.43,0.0093,-21000.0,0.0,-4000.0,-0.1867,1000.0,5000.0,BALANCED,3.3329
2025-05-21,PILL,PILL,2000.0,4.99,-0.081,-19000.0,2000.0,0.0,0.3789,4000.0,6000.0,BALANCED,21.4734
2025-05-22,PILL,PILL,1000.0,4.91,-0.016,-18000.0,1000.0,0.0,0.2506,5000.0,4000.0,BALANCED,20.2653
2025-05-23,PILL,PILL,3000.0,4.95,0.0081,-15000.0,3000.0,0.0,0.6839,2000.0,6000.0,BALANCED,33.0963
2025-05-27,PILL,PILL,-2000.0,5.11,0.0323,-17000.0,0.0,-2000.0,-0.5887,0.0,0.0,BALANCED,-16.7175
2025-05-28,PILL,PILL,-2000.0,5.03,-0.0157,-19000.0,0.0,-2000.0,-0.5428,2000.0,-10000.0,BALANCED,-7.5696
2025-05-29,PILL,PILL,7000.0,5.25,0.0437,-12000.0,7000.0,0.0,1.702,7000.0,-4000.0,ACCUMULATION,54.5505
2025-05-30,PILL,PILL,1000.0,5.24,-0.0019,-11000.0,1000.0,0.0,0.1535,7000.0,-10000.0,BALANCED,17.837
2025-06-02,PILL,PILL,6000.0,5.4,0.0305,-5000.0,6000.0,0.0,1.3295,10000.0,-5000.0,BALANCED,49.238
2025-06-03,PILL,PILL,-4000.0,5.45,0.0093,-9000.0,0.0,-4000.0,-1.0975,8000.0,-10000.0,BALANCED,-19.4387
2025-06-04,PILL,PILL,3000.0,5.46,0.0018,-6000.0,3000.0,0.0,0.5696,13000.0,-4000.0,BALANCED,26.2397
2025-06-05,PILL,PILL,2000.0,5.45,-0.0018,-4000.0,2000.0,0.0,0.3168,8000.0,0.0,BALANCED,21.9203
2025-06-06,PILL,PILL,0.0,5.73,0.0514,-4000.0,0.0,0.0,-0.147,7000.0,1000.0,BALANCED,6.3253
2025-06-09,PILL,PILL,0.0,5.78,0.0087,-4000.0,0.0,0.0,-0.1388,1000.0,1000.0,BALANCED,6.53
2025-06-10,PILL,PILL,4000.0,5.96,0.0311,0.0,4000.0,0.0,0.841,9000.0,11000.0,BALANCED,33.0241
2025-06-11,PILL,PILL,0.0,5.81,-0.0252,0.0,0.0,0.0,-0.0782,6000.0,22000.0,BALANCED,8.0438
2025-06-12,PILL,PILL,2000.0,5.8,-0.0017,2000.0,2000.0,0.0,0.4335,6000.0,25000.0,BALANCED,22.8375
2025-06-13,PILL,PILL,1000.0,5.57,-0.0397,3000.0,1000.0,0.0,0.2383,7000.0,26000.0,BALANCED,19.9584
2025-06-16,PILL,PILL,-4000.0,5.61,0.0072,-1000.0,0.0,-4000.0,-1.0694,3000.0,16000.0,BALANCED,-18.736
2025-06-17,PILL,PILL,0.0,5.29,-0.057,-1000.0,0.0,0.0,0.018,-1000.0,16000.0,BALANCED,-9.55
2025-06-18,PILL,PILL,0.0,5.31,0.0038,-1000.0,0.0,0.0,-0.0091,-1000.0,20000.0,BALANCED,-10.2275
2025-06-20,PILL,PILL,-1000.0,5.21,-0.0188,-2000.0,0.0,-1000.0,-0.2924,-4000.0,17000.0,BALANCED,-19.3105
2025-06-23,PILL,PILL,0.0,5.33,0.023,-2000.0,0.0,0.0,-0.0275,-5000.0,16000.0,BALANCED,-10.6864
2025-06-24,PILL,PILL,4000.0,5.55,0.0413,2000.0,4000.0,0.0,1.015,3000.0,17000.0,BALANCED,37.3752
2025-06-25,PILL,PILL,-3000.0,5.35,-0.036,-1000.0,0.0,-3000.0,-0.9324,0.0,16000.0,BALANCED,-25.3091
2025-06-26,PILL,PILL,0.0,5.37,0.0037,-1000.0,0.0,0.0,-0.2442,0.0,18000.0,BALANCED,-6.1049
2025-06-27,PILL,PILL,3000.0,5.22,-0.0279,2000.0,3000.0,0.0,0.7529,4000.0,14000.0,BALANCED,30.8224
2025-06-30,PILL,PILL,0.0,5.17,-0.0096,2000.0,0.0,0.0,-0.2896,4000.0,13000.0,BALANCED,2.7606
2025-07-01,PILL,PILL,-5000.0,5.27,0.0193,-3000.0,0.0,-5000.0,-1.8867,-5000.0,2000.0,DISTRIBUTION,-59.1674
2025-07-02,PILL,PILL,1000.0,5.44,0.0323,-2000.0,1000.0,0.0,0.1726,-1000.0,7000.0,BALANCED,-3.6862
2025-07-03,PILL,PILL,-5000.0,5.47,0.0055,-7000.0,0.0,-5000.0,-1.8491,-6000.0,-1000.0,DISTRIBUTION,-58.2276
2025-07-07,PILL,PILL,0.0,5.3,-0.0311,-7000.0,0.0,0.0,-0.1359,-9000.0,-3000.0,BALANCED,-13.3977
2025-07-08,PILL,PILL,0.0,5.44,0.0264,-7000.0,0.0,0.0,-0.1246,-9000.0,-3000.0,BALANCED,-13.116
2025-07-09,PILL,PILL,0.0,5.85,0.0754,-7000.0,0.0,0.0,-0.092,-4000.0,-3000.0,BALANCED,-12.299
2025-07-10,PILL,PILL,6000.0,5.96,0.0188,-1000.0,6000.0,0.0,1.7934,1000.0,-1000.0,ACCUMULATION,56.8342
2025-07-11,PILL,PILL,-4000.0,5.76,-0.0336,-5000.0,0.0,-4000.0,-1.4287,2000.0,-5000.0,BALANCED,-27.7167
2025-07-14,PILL,PILL,2000.0,5.97,0.0365,-3000.0,2000.0,0.0,0.5881,4000.0,-5000.0,BALANCED,26.7032
2025-07-15,PILL,PILL,-0.0,5.65,-0.0536,-3000.0,-0.0,-0.0,-0.0923,4000.0,-6000.0,BALANCED,7.6916
2025-07-16,PILL,PILL,-6000.0,5.82,0.0301,-9000.0,0.0,-6000.0,-2.0247,-2000.0,-8000.0,DISTRIBUTION,-62.6187
2025-07-17,PILL,PILL,-1000.0,5.94,0.0206,-10000.0,0.0,-1000.0,-0.344,-9000.0,-9000.0,BALANCED,-22.6006
2025-07-18,PILL,PILL,1000.0,5.73,-0.0354,-9000.0,1000.0,0.0,0.3987,-4000.0,-8000.0,BALANCED,1.9685
2025-07-21,PILL,PILL,-1000.0,5.72,-0.0017,-10000.0,0.0,-1000.0,-0.2926,-7000.0,-8000.0,BALANCED,-19.3147
2025-07-22,PILL,PILL,2000.0,5.87,0.0262,-8000.0,2000.0,0.0,0.772,-5000.0,-6000.0,BALANCED,11.2994
2025-07-23,PILL,PILL,3000.0,6.23,0.0613,-5000.0,3000.0,0.0,1.0748,4000.0,-7000.0,BALANCED,40.871
2025-07-24,PILL,PILL,0.0,6.21,-0.0032,-5000.0,0.0,0.0,0.0613,5000.0,-4000.0,BALANCED,11.5332
2025-07-25,PILL,PILL,0.0,6.18,-0.0048,-5000.0,0.0,0.0,0.0613,4000.0,-4000.0,BALANCED,11.5332
2025-07-28,PILL,PILL,3000.0,6.01,-0.0275,-2000.0,3000.0,0.0,1.139,8000.0,-4000.0,BALANCED,40.4748
2025-07-29,PILL,PILL,-1000.0,5.81,-0.0333,-3000.0,0.0,-1000.0,-0.2912,5000.0,-5000.0,BALANCED,0.7188
2025-07-30,PILL,PILL,0.0,5.71,-0.0172,-3000.0,0.0,0.0,0.0251,2000.0,0.0,BALANCED,10.6286
2025-07-31,PILL,PILL,-7000.0,5.35,-0.063,-10000.0,0.0,-7000.0,-2.2806,-5000.0,-8000.0,DISTRIBUTION,-69.0142
2025-08-01,PILL,PILL,0.0,5.51,0.0299,-10000.0,0.0,0.0,0.1021,-5000.0,-3000.0,BALANCED,-7.4471
2025-08-04,PILL,PILL,-0.0,5.87,0.0653,-10000.0,-0.0,-0.0,0.0908,-8000.0,-3000.0,BALANCED,-7.7288
2025-08-05,PILL,PILL,2000.0,5.73,-0.0239,-8000.0,2000.0,0.0,0.7422,-5000.0,-1000.0,BALANCED,10.555
2025-08-06,PILL,PILL,0.0,5.57,-0.0279,-8000.0,0.0,0.0,0.1167,-5000.0,-1000.0,BALANCED,-7.0829
2025-08-07,PILL,PILL,1000.0,5.81,0.0431,-7000.0,1000.0,0.0,0.4254,3000.0,-6000.0,BALANCED,22.6341
2025-08-08,PILL,PILL,5000.0,6.04,0.0396,-2000.0,5000.0,0.0,1.6909,8000.0,3000.0,ACCUMULATION,56.2723
2025-08-11,PILL,PILL,0.0,6.23,0.0315,-2000.0,0.0,0.0,0.0456,8000.0,1000.0,BALANCED,11.1411
2025-08-12,PILL,PILL,15000.0,6.64,0.0658,13000.0,15000.0,0.0,3.6389,21000.0,16000.0,ACCUMULATION,100.0
2025-08-13,PILL,PILL,2000.0,7.11,0.0708,15000.0,2000.0,0.0,0.3589,23000.0,24000.0,BALANCED,22.9732
2025-08-14,PILL,PILL,5000.0,7.25,0.0197,20000.0,5000.0,0.0,1.0714,27000.0,30000.0,BALANCED,42.7862
2025-08-15,PILL,PILL,0.0,7.31,0.0083,20000.0,0.0,0.0,-0.2346,22000.0,29000.0,BALANCED,4.1343
2025-08-18,PILL,PILL,2000.0,7.36,0.0068,22000.0,2000.0,0.0,0.2693,24000.0,32000.0,BALANCED,18.7326
2025-08-19,PILL,PILL,9000.0,7.29,-0.0095,31000.0,9000.0,0.0,1.8855,18000.0,39000.0,ACCUMULATION,61.1363
2025-08-20,PILL,PILL,3000.0,7.47,0.0247,34000.0,3000.0,0.0,0.3978,19000.0,39000.0,BALANCED,25.9443
2025-08-21,PILL,PILL,6000.0,7.61,0.0187,40000.0,6000.0,0.0,1.1284,20000.0,45000.0,BALANCED,46.2093
2025-08-22,PILL,PILL,0.0,7.89,0.0368,40000.0,0.0,0.0,-0.376,20000.0,45000.0,BALANCED,0.5996
2025-08-25,PILL,PILL,0.0,7.55,-0.0431,40000.0,0.0,0.0,-0.3586,18000.0,42000.0,BALANCED,1.0355
2025-08-26,PILL,PILL,6000.0,7.83,0.0371,46000.0,6000.0,0.0,1.0722,15000.0,49000.0,BALANCED,38.806
2025-08-27,PILL,PILL,5000.0,7.93,0.0128,51000.0,5000.0,0.0,0.7791,17000.0,54000.0,BALANCED,33.4772
2025-08-28,PILL,PILL,1000.0,7.9,-0.0038,52000.0,1000.0,0.0,-0.2797,12000.0,62000.0,BALANCED,9.0083
2025-08-29,PILL,PILL,0.0,7.96,0.0076,52000.0,0.0,0.0,-0.5312,12000.0,62000.0,BALANCED,-3.2791
2025-09-02,PILL,PILL,3000.0,8.02,0.0075,55000.0,3000.0,0.0,0.22,15000.0,65000.0,BALANCED,17.4995
2025-09-03,PILL,PILL,2000.0,7.99,-0.0037,57000.0,2000.0,0.0,-0.044,11000.0,65000.0,BALANCED,12.9001
2025-09-04,PILL,PILL,-3000.0,7.89,-0.0125,54000.0,0.0,-3000.0,-1.2737,3000.0,62000.0,BALANCED,-23.8421
2025-09-05,PILL,PILL,1000.0,8.07,0.0228,55000.0,1000.0,0.0,-0.2573,3000.0,62000.0,BALANCED,5.5672
2025-09-08,PILL,PILL,-3000.0,8.05,-0.0025,52000.0,0.0,-3000.0,-1.2321,0.0,54000.0,BALANCED,-32.8014
2025-09-09,PILL,PILL,-1000.0,7.97,-0.0099,51000.0,0.0,-1000.0,-0.6907,-4000.0,53000.0,BALANCED,-31.2663
2025-09-10,PILL,PILL,0.0,7.85,-0.0151,51000.0,0.0,0.0,-0.4516,-6000.0,38000.0,BALANCED,-21.289
2025-09-11,PILL,PILL,0.0,7.98,0.0166,51000.0,0.0,0.0,-0.4516,-3000.0,36000.0,BALANCED,-21.289
2025-09-12,PILL,PILL,-8000.0,7.45,-0.0664,43000.0,0.0,-8000.0,-2.4022,-12000.0,23000.0,DISTRIBUTION,-72.0553
2025-09-15,PILL,PILL,-2000.0,7.23,-0.0295,41000.0,0.0,-2000.0,-0.8998,-11000.0,21000.0,BALANCED,-36.4962
2025-09-16,PILL,PILL,-2000.0,7.21,-0.0028,39000.0,0.0,-2000.0,-0.8742,-12000.0,17000.0,BALANCED,-37.8544
2025-09-17,PILL,PILL,-5000.0,7.26,0.0069,34000.0,0.0,-5000.0,-1.4788,-17000.0,3000.0,BALANCED,-54.9691
2025-09-18,PILL,PILL,3000.0,7.7,0.0606,37000.0,3000.0,0.0,0.3465,-14000.0,3000.0,BALANCED,0.6622
2025-09-19,PILL,PILL,0.0,7.44,-0.0338,37000.0,0.0,0.0,-0.3382,-6000.0,-3000.0,BALANCED,-18.4545
2025-09-22,PILL,PILL,-0.0,7.49,0.0067,37000.0,-0.0,-0.0,-0.3029,-4000.0,-3000.0,BALANCED,-17.5716
2025-09-23,PILL,PILL,0.0,7.55,0.008,37000.0,0.0,0.0,-0.3029,-2000.0,-3000.0,BALANCED,-17.5716
2025-09-24,PILL,PILL,1000.0,7.47,-0.0106,38000.0,1000.0,0.0,0.0487,4000.0,-8000.0,BALANCED,13.2166
2025-09-25,PILL,PILL,-13000.0,7.12,-0.0469,25000.0,0.0,-13000.0,-3.1407,-12000.0,-26000.0,DISTRIBUTION,-90.5173
2025-09-26,PILL,PILL,6000.0,7.64,0.073,31000.0,6000.0,0.0,1.3141,-6000.0,-21000.0,BALANCED,24.8514
2025-09-29,PILL,PILL,6000.0,7.83,0.0249,37000.0,6000.0,0.0,1.2327,0.0,-15000.0,BALANCED,34.8184
2025-09-30,PILL,PILL,0.0,8.07,0.0307,37000.0,0.0,0.0,-0.1136,0.0,-18000.0,BALANCED,-2.8408
2025-10-01,PILL,PILL,9000.0,8.34,0.0335,46000.0,9000.0,0.0,1.9317,8000.0,-11000.0,ACCUMULATION,60.2929
2025-10-02,PILL,PILL,5000.0,8.26,-0.0096,51000.0,5000.0,0.0,0.9953,26000.0,-3000.0,BALANCED,38.8827
2025-10-03,PILL,PILL,0.0,8.55,0.0351,51000.0,0.0,0.0,-0.0846,20000.0,-4000.0,BALANCED,7.8854
2025-10-06,PILL,PILL,9000.0,8.45,-0.0117,60000.0,9000.0,0.0,1.8071,23000.0,8000.0,ACCUMULATION,57.1786
2025-10-07,PILL,PILL,-6000.0,8.3,-0.0178,54000.0,0.0,-6000.0,-1.3561,17000.0,3000.0,BALANCED,-25.9018
2025-10-08,PILL,PILL,-0.0,8.35,0.006,54000.0,-0.0,-0.0,-0.0573,8000.0,3000.0,BALANCED,8.5672
2025-10-09,PILL,PILL,3000.0,8.39,0.0048,57000.0,3000.0,0.0,0.6091,6000.0,6000.0,BALANCED,27.2278
2025-10-10,PILL,PILL,0.0,7.75,-0.0763,57000.0,0.0,0.0,-0.0363,6000.0,14000.0,BALANCED,9.0931
2025-10-13,PILL,PILL,-5000.0,7.73,-0.0026,52000.0,0.0,-5000.0,-1.066,-8000.0,11000.0,BALANCED,-38.6501
2025-10-14,PILL,PILL,-2000.0,7.75,0.0026,50000.0,0.0,-2000.0,-0.3927,-4000.0,11000.0,BALANCED,-23.8167
2025-10-15,PILL,PILL,0.0,8.25,0.0645,50000.0,0.0,0.0,0.0502,-4000.0,16000.0,BALANCED,-8.7458
2025-10-16,PILL,PILL,-3000.0,8.07,-0.0218,47000.0,0.0,-3000.0,-0.5948,-10000.0,10000.0,BALANCED,-26.8708
2025-10-17,PILL,PILL,3000.0,8.13,0.0074,50000.0,3000.0,0.0,0.6761,-7000.0,13000.0,BALANCED,8.9027
2025-10-20,PILL,PILL,0.0,8.54,0.0504,50000.0,0.0,0.0,0.0143,-2000.0,13000.0,BALANCED,-9.6418
2025-10-21,PILL,PILL,4000.0,8.52,-0.0023,54000.0,4000.0,0.0,0.8284,4000.0,17000.0,BALANCED,32.7109
2025-10-22,PILL,PILL,0.0,8.24,-0.0329,54000.0,0.0,0.0,-0.0212,4000.0,16000.0,BALANCED,9.469
2025-10-23,PILL,PILL,4000.0,8.26,0.0024,58000.0,4000.0,0.0,0.7911,11000.0,33000.0,BALANCED,31.7785
2025-10-24,PILL,PILL,3000.0,8.37,0.0133,61000.0,3000.0,0.0,0.5307,11000.0,30000.0,BALANCED,27.2663
2025-10-27,PILL,PILL,0.0,8.51,0.0167,61000.0,0.0,0.0,-0.1482,11000.0,24000.0,BALANCED,6.2945
2025-10-28,PILL,PILL,-5000.0,8.43,-0.0094,56000.0,0.0,-5000.0,-1.2124,2000.0,19000.0,BALANCED,-22.3098
2025-10-29,PILL,PILL,3000.0,8.32,-0.013,59000.0,3000.0,0.0,0.4828,5000.0,13000.0,BALANCED,24.0688
2025-10-30,PILL,PILL,10000.0,8.65,0.0397,69000.0,10000.0,0.0,1.8699,11000.0,18000.0,ACCUMULATION,60.7485
2025-10-31,PILL,PILL,0.0,8.89,0.0277,69000.0,0.0,0.0,-0.2233,8000.0,18000.0,BALANCED,4.4181
2025-11-03,PILL,PILL,0.0,8.84,-0.0056,69000.0,0.0,0.0,-0.2233,8000.0,9000.0,BALANCED,4.4181
2025-11-04,PILL,PILL,-0.0,8.71,-0.0147,69000.0,-0.0,-0.0,-0.2233,13000.0,15000.0,BALANCED,4.4181
2025-11-05,PILL,PILL,8000.0,8.27,-0.0505,77000.0,8000.0,0.0,1.3557,18000.0,23000.0,BALANCED,45.8926
2025-11-06,PILL,PILL,-3000.0,8.26,-0.0012,74000.0,0.0,-3000.0,-1.0953,5000.0,17000.0,BALANCED,-19.3819
2025-11-07,PILL,PILL,-6000.0,8.1,-0.0194,68000.0,0.0,-6000.0,-1.6559,-1000.0,11000.0,DISTRIBUTION,-55.3972
2025-11-10,PILL,PILL,-4000.0,8.62,0.0642,64000.0,0.0,-4000.0,-1.1204,-5000.0,12000.0,BALANCED,-44.0095
2025-11-11,PILL,PILL,22000.0,9.44,0.0951,86000.0,22000.0,0.0,3.4982,17000.0,36000.0,ACCUMULATION,99.456
2025-11-12,PILL,PILL,11000.0,9.42,-0.0021,97000.0,11000.0,0.0,1.571,20000.0,47000.0,ACCUMULATION,53.2745
2025-11-13,PILL,PILL,0.0,9.08,-0.0361,97000.0,0.0,0.0,-0.2601,23000.0,50000.0,BALANCED,3.4963
2025-11-14,PILL,PILL,-5000.0,9.38,0.033,92000.0,0.0,-5000.0,-1.0596,24000.0,42000.0,BALANCED,-18.4902
2025-11-17,PILL,PILL,9000.0,9.67,0.0309,101000.0,9000.0,0.0,1.2704,37000.0,51000.0,BALANCED,43.7605
2025-11-18,PILL,PILL,25000.0,10.08,0.0424,126000.0,25000.0,0.0,3.1225,40000.0,72000.0,ACCUMULATION,92.0621
2025-11-19,PILL,PILL,0.0,10.03,-0.005,126000.0,0.0,0.0,-0.3316,29000.0,72000.0,BALANCED,1.7102
2025-11-20,PILL,PILL,10000.0,9.52,-0.0508,136000.0,10000.0,0.0,0.9996,39000.0,78000.0,BALANCED,36.9905
2025-11-21,PILL,PILL,3000.0,10.01,0.0515,139000.0,3000.0,0.0,0.0363,47000.0,78000.0,BALANCED,14.9067
2025-11-24,PILL,PILL,10000.0,10.71,0.0699,149000.0,10000.0,0.0,0.9246,48000.0,88000.0,BALANCED,39.1141
2025-11-25,PILL,PILL,0.0,11.27,0.0523,149000.0,0.0,0.0,-0.4534,23000.0,93000.0,BALANCED,-1.3348
2025-11-26,PILL,PILL,22000.0,11.57,0.0266,171000.0,22000.0,0.0,2.244,45000.0,112000.0,ACCUMULATION,68.101
2025-11-28,PILL,PILL,16000.0,11.54,-0.0026,187000.0,16000.0,0.0,1.3854,51000.0,118000.0,BALANCED,48.6355
2025-12-01,PILL,PILL,19000.0,10.99,-0.0477,206000.0,19000.0,0.0,1.6084,67000.0,137000.0,ACCUMULATION,56.2105
2025-12-02,PILL,PILL,0.0,10.26,-0.0664,206000.0,0.0,0.0,-0.6061,57000.0,137000.0,BALANCED,-5.1518
2025-12-03,PILL,PILL,4000.0,11.13,0.0848,210000.0,4000.0,0.0,-0.1399,61000.0,141000.0,BALANCED,8.5034
2025-12-04,PILL,PILL,2000.0,11.24,0.0099,212000.0,2000.0,0.0,-0.3823,41000.0,135000.0,BALANCED,4.4436
2025-12-05,PILL,PILL,2000.0,11.36,0.0107,214000.0,2000.0,0.0,-0.3737,27000.0,140000.0,BALANCED,6.6583
2025-12-08,PILL,PILL,25000.0,12.61,0.11,239000.0,25000.0,0.0,2.0544,33000.0,171000.0,ACCUMULATION,69.3605
2025-12-09,PILL,PILL,6000.0,12.3,-0.0246,245000.0,6000.0,0.0,-0.0145,39000.0,181000.0,BALANCED,19.6382
2025-12-10,PILL,PILL,0.0,12.57,0.022,245000.0,0.0,0.0,-0.6963,35000.0,159000.0,BALANCED,-7.4065
2025-12-11,PILL,PILL,10000.0,12.54,-0.0024,255000.0,10000.0,0.0,0.383,43000.0,158000.0,BALANCED,21.5758
2025-12-12,PILL,PILL,11000.0,12.43,-0.0088,266000.0,11000.0,0.0,0.489,52000.0,169000.0,BALANCED,26.2257
2025-12-15,PILL,PILL,5000.0,12.39,-0.0032,271000.0,5000.0,0.0,-0.1929,32000.0,179000.0,BALANCED,11.1779
2025-12-16,PILL,PILL,0.0,12.09,-0.0242,271000.0,0.0,0.0,-0.7493,26000.0,170000.0,BALANCED,-8.7322
2025-12-17,PILL,PILL,0.0,11.84,-0.0207,271000.0,0.0,0.0,-0.7493,26000.0,145000.0,BALANCED,-8.7322
2025-12-18,PILL,PILL,-7000.0,11.78,-0.0051,264000.0,0.0,-7000.0,-1.4192,9000.0,138000.0,BALANCED,-27.4805
2025-12-19,PILL,PILL,0.0,12.4,0.0526,264000.0,0.0,0.0,-0.6856,-2000.0,128000.0,BALANCED,-27.1401
2025-12-22,PILL,PILL,0.0,13.01,0.0492,264000.0,0.0,0.0,-0.724,-7000.0,125000.0,BALANCED,-28.1002
2025-12-23,PILL,PILL,0.0,12.59,-0.0323,264000.0,0.0,0.0,-0.7498,-7000.0,115000.0,BALANCED,-28.7446
2025-12-24,PILL,PILL,22000.0,13.28,0.0548,286000.0,22000.0,0.0,1.7245,15000.0,137000.0,ACCUMULATION,55.1127
2025-12-26,PILL,PILL,13000.0,13.18,-0.0075,299000.0,13000.0,0.0,0.7016,35000.0,128000.0,BALANCED,31.5391
2025-12-29,PILL,PILL,1000.0,12.93,-0.019,300000.0,1000.0,0.0,-0.6473,36000.0,113000.0,BALANCED,-0.1834
2025-12-30,PILL,PILL,0.0,12.48,-0.0348,300000.0,0.0,0.0,-0.7946,36000.0,94000.0,BALANCED,-9.8653
2025-12-31,PILL,PILL,0.0,12.3,-0.0144,300000.0,0.0,0.0,-0.7533,36000.0,94000.0,BALANCED,-8.8313
2026-01-02,PILL,PILL,-15000.0,11.76,-0.0439,285000.0,0.0,-15000.0,-2.2665,-1000.0,75000.0,DISTRIBUTION,-68.6633
2026-01-05,PILL,PILL,0.0,11.62,-0.0119,285000.0,0.0,0.0,-0.5918,-14000.0,73000.0,BALANCED,-24.7939
2026-01-06,PILL,PILL,5000.0,11.75,0.0112,290000.0,5000.0,0.0,-0.015,-10000.0,76000.0,BALANCED,-8.374
2026-01-07,PILL,PILL,-4000.0,12.68,0.0791,286000.0,0.0,-4000.0,-0.9823,-14000.0,47000.0,BALANCED,-36.5571
2026-01-08,PILL,PILL,-12000.0,12.39,-0.0229,274000.0,0.0,-12000.0,-1.6995,-26000.0,29000.0,DISTRIBUTION,-56.4878
2026-01-09,PILL,PILL,-3000.0,11.91,-0.0387,271000.0,0.0,-3000.0,-0.7382,-14000.0,26000.0,BALANCED,-34.4539
2026-01-12,PILL,PILL,-4000.0,11.93,0.0017,267000.0,0.0,-4000.0,-0.795,-18000.0,12000.0,BALANCED,-37.8743
2026-01-13,PILL,PILL,2000.0,11.99,0.005,269000.0,2000.0,0.0,-0.084,-21000.0,3000.0,BALANCED,-10.1002
2026-01-14,PILL,PILL,1000.0,12.66,0.0559,270000.0,1000.0,0.0,-0.1387,-16000.0,-1000.0,BALANCED,-9.4664
2026-01-15,PILL,PILL,-0.0,12.11,-0.0434,270000.0,-0.0,-0.0,-0.261,-4000.0,-1000.0,BALANCED,-16.525
2026-01-16,PILL,PILL,1000.0,11.89,-0.0182,271000.0,1000.0,0.0,-0.1265,0.0,0.0,BALANCED,-1.1626
2026-01-20,PILL,PILL,-1000.0,12.42,0.0446,270000.0,0.0,-1000.0,-0.3583,3000.0,6000.0,BALANCED,-0.9571
2026-01-21,PILL,PILL,5000.0,12.67,0.0201,275000.0,5000.0,0.0,0.3615,6000.0,11000.0,BALANCED,21.0378
2026-01-22,PILL,PILL,11000.0,12.98,0.0245,286000.0,11000.0,0.0,1.3119,16000.0,22000.0,BALANCED,46.7982
2026-01-23,PILL,PILL,12000.0,12.21,-0.0593,298000.0,12000.0,0.0,1.3832,28000.0,34000.0,BALANCED,50.5794
2026-01-26,PILL,PILL,-1000.0,12.16,-0.0041,297000.0,0.0,-1000.0,-0.3689,26000.0,11000.0,BALANCED,-1.2231
2026-01-27,PILL,PILL,-2000.0,12.48,0.0263,295000.0,0.0,-2000.0,-0.4585,25000.0,-4000.0,BALANCED,-5.4629
2026-01-28,PILL,PILL,-12000.0,11.7,-0.0625,283000.0,0.0,-12000.0,-1.6922,8000.0,-17000.0,DISTRIBUTION,-38.3044
2026-01-29,PILL,PILL,-3000.0,11.88,0.0154,280000.0,0.0,-3000.0,-0.4456,-6000.0,-20000.0,BALANCED,-29.1407
2026-01-30,PILL,PILL,-6000.0,11.62,-0.0219,274000.0,0.0,-6000.0,-0.814,-24000.0,-26000.0,BALANCED,-40.3492
2026-02-02,PILL,PILL,7000.0,12.53,0.0783,281000.0,7000.0,0.0,0.8773,-16000.0,-4000.0,BALANCED,13.9323
2026-02-03,PILL,PILL,0.0,12.6,0.0056,281000.0,0.0,0.0,-0.0758,-14000.0,-4000.0,BALANCED,-11.8958
2026-02-04,PILL,PILL,1000.0,12.44,-0.0127,282000.0,1000.0,0.0,0.0535,-1000.0,-8000.0,BALANCED,-6.6617
2026-02-05,PILL,PILL,-3000.0,11.7,-0.0595,279000.0,0.0,-3000.0,-0.4666,-1000.0,-7000.0,BALANCED,-23.6658
2026-02-06,PILL,PILL,3000.0,12.64,0.0803,282000.0,3000.0,0.0,0.3194,8000.0,8000.0,BALANCED,19.9854
2026-02-09,PILL,PILL,0.0,12.55,-0.0071,282000.0,0.0,0.0,0.0211,1000.0,11000.0,BALANCED,10.5263
2026-02-10,PILL,PILL,-2000.0,12.93,0.0303,280000.0,0.0,-2000.0,-0.2343,-1000.0,13000.0,BALANCED,-17.8567
2026-02-11,PILL,PILL,0.0,12.84,-0.007,280000.0,0.0,0.0,0.1144,-2000.0,11000.0,BALANCED,-7.1398
2026-02-12,PILL,PILL,5000.0,12.35,-0.0382,285000.0,5000.0,0.0,0.9294,6000.0,15000.0,BALANCED,35.236
2026-02-13,PILL,PILL,-2000.0,12.44,0.0073,283000.0,0.0,-2000.0,-0.242,1000.0,13000.0,BALANCED,1.9501
2026-02-17,PILL,PILL,-13000.0,12.86,0.0338,270000.0,0.0,-13000.0,-2.1686,-12000.0,-1000.0,DISTRIBUTION,-68.2155
2026-02-18,PILL,PILL,0.0,12.75,-0.0086,270000.0,0.0,0.0,0.0867,-10000.0,0.0,BALANCED,-7.8314
2026-02-19,PILL,PILL,-0.0,12.75,0.0,270000.0,-0.0,-0.0,0.1176,-10000.0,-5000.0,BALANCED,-7.0611
2026-02-20,PILL,PILL,-8000.0,12.55,-0.0157,262000.0,0.0,-8000.0,-1.2419,-23000.0,-24000.0,BALANCED,-43.0466
2026-02-23,PILL,PILL,-0.0,12.64,0.0072,262000.0,-0.0,-0.0,0.0741,-21000.0,-36000.0,BALANCED,-8.1477
2026-02-24,PILL,PILL,1000.0,13.08,0.0348,263000.0,1000.0,0.0,0.2354,-7000.0,-34000.0,BALANCED,-2.1157
2026-02-25,PILL,PILL,2000.0,13.37,0.0222,265000.0,2000.0,0.0,0.3863,-5000.0,-30000.0,BALANCED,3.6584
2026-02-26,PILL,PILL,7000.0,13.28,-0.0067,272000.0,7000.0,0.0,1.2564,2000.0,-11000.0,BALANCED,47.4093
2026-02-27,PILL,PILL,0.0,12.78,-0.0377,272000.0,0.0,0.0,-0.0121,10000.0,-8000.0,BALANCED,9.6964
2026-03-02,PILL,PILL,-16000.0,12.78,0.0,256000.0,0.0,-16000.0,-2.4956,-6000.0,-18000.0,DISTRIBUTION,-74.3912
2026-03-03,PILL,PILL,-8000.0,11.56,-0.0955,248000.0,0.0,-8000.0,-1.1362,-15000.0,-33000.0,BALANCED,-42.4047
2026-03-04,PILL,PILL,-7000.0,12.12,0.0484,241000.0,0.0,-7000.0,-0.9329,-24000.0,-40000.0,BALANCED,-39.3223
2026-03-05,PILL,PILL,0.0,11.29,-0.0685,241000.0,0.0,0.0,0.1779,-31000.0,-41000.0,BALANCED,-5.5535
2026-03-06,PILL,PILL,0.0,10.94,-0.031,241000.0,0.0,0.0,0.252,-31000.0,-38000.0,BALANCED,-3.7
2026-03-09,PILL,PILL,-6000.0,11.1,0.0146,235000.0,0.0,-6000.0,-0.7184,-21000.0,-47000.0,BALANCED,-29.9596
2026-03-10,PILL,PILL,-11000.0,11.49,0.0351,224000.0,0.0,-11000.0,-1.5133,-24000.0,-58000.0,DISTRIBUTION,-51.8318
2026-03-11,PILL,PILL,0.0,11.34,-0.0131,224000.0,0.0,0.0,0.4168,-17000.0,-56000.0,BALANCED,0.4202
2026-03-12,PILL,PILL,4000.0,10.17,-0.1032,228000.0,4000.0,0.0,1.0625,-13000.0,-52000.0,BALANCED,18.5619
2026-03-13,PILL,PILL,-4000.0,10.0,-0.0167,224000.0,0.0,-4000.0,-0.3878,-17000.0,-61000.0,BALANCED,-21.6958
2026-03-16,PILL,PILL,-4000.0,10.29,0.029,220000.0,0.0,-4000.0,-0.4029,-15000.0,-63000.0,BALANCED,-24.0717
2026-03-17,PILL,PILL,0.0,10.54,0.0243,220000.0,0.0,0.0,0.3898,-4000.0,-50000.0,BALANCED,-0.2542
2026-03-18,PILL,PILL,-1000.0,9.93,-0.0579,219000.0,0.0,-1000.0,0.2049,-5000.0,-51000.0,BALANCED,-6.8774
2026-03-19,PILL,PILL,2000.0,10.18,0.0252,221000.0,2000.0,0.0,0.7713,-7000.0,-49000.0,BALANCED,11.283
2026-03-20,PILL,PILL,-8000.0,9.56,-0.0609,213000.0,0.0,-8000.0,-1.0862,-11000.0,-49000.0,BALANCED,-39.1561
2026-03-23,PILL,PILL,2000.0,9.61,0.0052,215000.0,2000.0,0.0,0.7974,-5000.0,-47000.0,BALANCED,11.9349
2026-03-24,PILL,PILL,-3000.0,9.51,-0.0104,212000.0,0.0,-3000.0,-0.1259,-8000.0,-51000.0,BALANCED,-15.1484
2026-03-25,PILL,PILL,7000.0,10.2,0.0726,219000.0,7000.0,0.0,1.6243,0.0,-46000.0,ACCUMULATION,42.6068
2026-03-26,PILL,PILL,0.0,10.0,-0.0196,219000.0,0.0,0.0,0.3656,-2000.0,-53000.0,BALANCED,-0.8597
2026-03-27,PILL,PILL,-3000.0,9.2,-0.08,216000.0,0.0,-3000.0,-0.1296,3000.0,-56000.0,BALANCED,4.7605
2026-03-30,PILL,PILL,2000.0,8.92,-0.0304,218000.0,2000.0,0.0,0.7633,3000.0,-38000.0,BALANCED,31.0822
2026-03-31,PILL,PILL,-1000.0,10.22,0.1457,217000.0,0.0,-1000.0,0.1514,5000.0,-31000.0,BALANCED,11.7857
2026-04-01,PILL,PILL,0.0,10.64,0.0411,217000.0,0.0,0.0,0.3489,-2000.0,-24000.0,BALANCED,-1.2765
2026-04-02,PILL,PILL,-1000.0,10.59,-0.0047,216000.0,0.0,-1000.0,0.1583,-3000.0,-25000.0,BALANCED,-8.0429
2026-04-06,PILL,PILL,0.0,10.46,-0.0123,216000.0,0.0,0.0,0.3113,0.0,-25000.0,BALANCED,7.7831
2026-04-07,PILL,PILL,9000.0,10.55,0.0086,225000.0,9000.0,0.0,1.9371,7000.0,-10000.0,ACCUMULATION,60.4265
2026-04-08,PILL,PILL,4000.0,11.1,0.0521,229000.0,4000.0,0.0,0.9587,12000.0,5000.0,BALANCED,37.9671
2026-04-09,PILL,PILL,0.0,11.68,0.0523,229000.0,0.0,0.0,0.2253,12000.0,5000.0,BALANCED,15.6321
2026-04-10,PILL,PILL,0.0,11.28,-0.0342,229000.0,0.0,0.0,0.2808,13000.0,1000.0,BALANCED,17.0211
2026-04-13,PILL,PILL,-4000.0,11.73,0.0399,225000.0,0.0,-4000.0,-0.4755,9000.0,1000.0,BALANCED,-3.8882
2026-04-14,PILL,PILL,0.0,12.12,0.0332,225000.0,0.0,0.0,0.2384,0.0,5000.0,BALANCED,5.9593
2026-04-15,PILL,PILL,4000.0,12.27,0.0124,229000.0,4000.0,0.0,1.0974,0.0,9000.0,BALANCED,29.4348
2026-04-16,PILL,PILL,2000.0,12.28,0.0008,231000.0,2000.0,0.0,0.5731,2000.0,12000.0,BALANCED,28.3283
2026-04-17,PILL,PILL,13000.0,13.44,0.0945,244000.0,13000.0,0.0,2.7191,15000.0,23000.0,ACCUMULATION,83.9786
2026-04-20,PILL,PILL,-4000.0,13.26,-0.0134,240000.0,0.0,-4000.0,-0.8259,15000.0,27000.0,BALANCED,-12.6473
2026-04-21,PILL,PILL,0.0,12.45,-0.0611,240000.0,0.0,0.0,-0.0357,15000.0,25000.0,BALANCED,9.1076
2026-04-22,PILL,PILL,-0.0,12.46,0.0008,240000.0,-0.0,-0.0,-0.128,11000.0,28000.0,BALANCED,6.8
2026-04-23,PILL,PILL,-1000.0,12.09,-0.0297,239000.0,0.0,-1000.0,-0.3593,8000.0,20000.0,BALANCED,-0.9819
2026-04-24,PILL,PILL,0.0,12.15,0.005,239000.0,0.0,0.0,-0.0889,-5000.0,20000.0,BALANCED,-12.2233
2026-04-27,PILL,PILL,3000.0,12.43,0.023,242000.0,3000.0,0.0,0.5904,2000.0,26000.0,BALANCED,26.7602
2026-04-28,PILL,PILL,-3000.0,12.12,-0.0249,239000.0,0.0,-3000.0,-0.9016,-1000.0,21000.0,BALANCED,-34.5398
2026-04-29,PILL,PILL,-4000.0,11.63,-0.0404,235000.0,0.0,-4000.0,-1.0931,-5000.0,18000.0,BALANCED,-41.3269
2026-04-30,PILL,PILL,8000.0,12.31,0.0585,243000.0,8000.0,0.0,1.6642,4000.0,26000.0,ACCUMULATION,53.6056
2026-05-01,PILL,PILL,0.0,12.85,0.0439,243000.0,0.0,0.0,-0.1697,4000.0,27000.0,BALANCED,5.7587
2026-05-04,PILL,PILL,5000.0,13.21,0.028,248000.0,5000.0,0.0,0.944,6000.0,32000.0,BALANCED,35.6008
2026-05-05,PILL,PILL,7000.0,13.68,0.0356,255000.0,7000.0,0.0,1.3504,16000.0,30000.0,BALANCED,47.7596
2026-05-06,PILL,PILL,13000.0,14.19,0.0373,268000.0,13000.0,0.0,2.4089,33000.0,39000.0,ACCUMULATION,76.222
2026-05-07,PILL,PILL,0.0,13.56,-0.0444,268000.0,0.0,0.0,-0.3606,25000.0,39000.0,BALANCED,0.985
2026-05-08,PILL,PILL,1000.0,13.02,-0.0398,269000.0,1000.0,0.0,-0.1475,26000.0,40000.0,BALANCED,8.3133
2026-05-11,PILL,PILL,-8000.0,12.61,-0.0315,261000.0,0.0,-8000.0,-1.9861,13000.0,36000.0,DISTRIBUTION,-41.6526
2026-05-12,PILL,PILL,1000.0,12.52,-0.0071,262000.0,1000.0,0.0,-0.0976,7000.0,37000.0,BALANCED,9.5609
2026-05-13,PILL,PILL,0.0,13.04,0.0415,262000.0,0.0,0.0,-0.3145,-6000.0,33000.0,BALANCED,-17.8636
2026-05-14,PILL,PILL,0.0,12.91,-0.01,262000.0,0.0,0.0,-0.3145,-6000.0,31000.0,BALANCED,-17.8636
2026-05-15,PILL,PILL,0.0,11.6,-0.1015,262000.0,0.0,0.0,-0.3225,-7000.0,18000.0,BALANCED,-18.0631
2026-05-18,PILL,PILL,0.0,10.95,-0.056,262000.0,0.0,0.0,-0.3225,1000.0,22000.0,BALANCED,1.9369
2026-05-19,PILL,PILL,-8000.0,11.02,0.0064,254000.0,0.0,-8000.0,-1.8504,-8000.0,14000.0,DISTRIBUTION,-58.2602
2026-05-20,PILL,PILL,-9000.0,11.85,0.0753,245000.0,0.0,-9000.0,-1.8556,-17000.0,5000.0,DISTRIBUTION,-60.3896
2026-05-21,PILL,PILL,2000.0,12.2,0.0295,247000.0,2000.0,0.0,0.2722,-15000.0,8000.0,BALANCED,-1.1952
2026-05-22,PILL,PILL,-2000.0,12.19,-0.0008,245000.0,0.0,-2000.0,-0.4905,-17000.0,6000.0,BALANCED,-24.2634
2026-05-26,PILL,PILL,6000.0,12.3,0.009,251000.0,6000.0,0.0,0.9901,-11000.0,9000.0,BALANCED,16.7537
2026-05-27,PILL,PILL,0.0,12.46,0.013,251000.0,0.0,0.0,-0.1672,-3000.0,12000.0,BALANCED,-14.1792
2026-05-28,PILL,PILL,4000.0,12.56,0.008,255000.0,4000.0,0.0,0.6044,10000.0,20000.0,BALANCED,27.1094
2026-05-29,PILL,PILL,1000.0,12.46,-0.008,256000.0,1000.0,0.0,0.0322,9000.0,13000.0,BALANCED,14.8044
2026-06-01,PILL,PILL,-18000.0,11.9,-0.0449,238000.0,0.0,-18000.0,-3.1054,-7000.0,-5000.0,DISTRIBUTION,-89.6351
2026-06-02,PILL,PILL,-3000.0,10.85,-0.0882,235000.0,0.0,-3000.0,-0.496,-16000.0,-13000.0,BALANCED,-26.4009
2026-06-03,PILL,PILL,0.0,11.16,0.0286,235000.0,0.0,0.0,0.0292,-16000.0,-20000.0,BALANCED,-9.2705
2026-06-04,PILL,PILL,-15000.0,12.08,0.0824,220000.0,0.0,-15000.0,-2.2676,-35000.0,-48000.0,DISTRIBUTION,-68.6901
2026-06-05,PILL,PILL,5000.0,11.6,-0.0397,225000.0,5000.0,0.0,0.8536,-31000.0,-43000.0,BALANCED,13.3396
2026-06-08,PILL,PILL,-0.0,11.57,-0.0026,225000.0,-0.0,-0.0,0.0729,-13000.0,-44000.0,BALANCED,-8.1783
2026-06-09,PILL,PILL,6000.0,12.18,0.0527,231000.0,6000.0,0.0,0.982,-4000.0,-30000.0,BALANCED,16.5502
2026-06-10,PILL,PILL,2000.0,12.32,0.0115,233000.0,2000.0,0.0,0.3396,-2000.0,-29000.0,BALANCED,2.4909
2026-06-11,PILL,PILL,7000.0,13.21,0.0722,240000.0,7000.0,0.0,1.0408,20000.0,-22000.0,BALANCED,42.0188
2026-06-12,PILL,PILL,9000.0,13.53,0.0242,249000.0,9000.0,0.0,1.3315,24000.0,-13000.0,BALANCED,51.2865
2026-06-15,PILL,PILL,0.0,13.53,0.0,249000.0,0.0,0.0,-0.0303,24000.0,-13000.0,BALANCED,9.2435
2026-06-16,PILL,PILL,7000.0,13.48,-0.0037,256000.0,7000.0,0.0,1.0096,25000.0,-6000.0,BALANCED,37.2404
2026-06-17,PILL,PILL,3000.0,13.83,0.026,259000.0,3000.0,0.0,0.4364,26000.0,5000.0,BALANCED,24.9095
2026-06-18,PILL,PILL,-2000.0,14.1,0.0195,257000.0,0.0,-2000.0,-0.2673,17000.0,12000.0,BALANCED,1.318
2026-06-22,PILL,PILL,7000.0,14.81,0.0504,264000.0,7000.0,0.0,1.14,15000.0,17000.0,BALANCED,40.5
2026-06-23,PILL,PILL,8000.0,15.57,0.0513,272000.0,8000.0,0.0,1.2288,23000.0,27000.0,BALANCED,44.7193
2026-06-24,PILL,PILL,25000.0,16.52,0.061,297000.0,25000.0,0.0,3.0933,41000.0,46000.0,ACCUMULATION,93.3314
2026-06-25,PILL,PILL,9000.0,16.44,-0.0048,306000.0,9000.0,0.0,0.9628,47000.0,55000.0,BALANCED,42.0697
2026-06-26,PILL,PILL,0.0,17.6,0.0706,306000.0,0.0,0.0,-0.1874,49000.0,51000.0,BALANCED,5.3139
2026-06-29,PILL,PILL,0.0,17.97,0.021,306000.0,0.0,0.0,-0.1874,42000.0,50000.0,BALANCED,5.3139
2026-06-30,PILL,PILL,4000.0,18.06,0.005,310000.0,4000.0,0.0,0.3064,38000.0,72000.0,BALANCED,19.6602
2026-07-01,PILL,PILL,3000.0,17.13,-0.0515,313000.0,3000.0,0.0,0.166,16000.0,78000.0,BALANCED,18.1503
2026-07-02,PILL,PILL,14000.0,18.43,0.0759,327000.0,14000.0,0.0,1.4603,21000.0,92000.0,BALANCED,52.5079
2026-07-06,PILL,PILL,-4000.0,18.64,0.0114,323000.0,0.0,-4000.0,-0.8547,17000.0,103000.0,BALANCED,-13.3678
2026-07-07,PILL,PILL,54000.0,20.75,0.1132,377000.0,54000.0,0.0,4.088,71000.0,152000.0,ACCUMULATION,100.0
2026-07-08,PILL,PILL,20000.0,20.35,-0.0193,397000.0,20000.0,0.0,1.2028,87000.0,172000.0,BALANCED,44.071
2026-07-09,PILL,PILL,0.0,20.95,0.0295,397000.0,0.0,0.0,-0.391,84000.0,166000.0,BALANCED,0.2258
2026-07-10,PILL,PILL,0.0,19.31,-0.0783,397000.0,0.0,0.0,-0.391,70000.0,164000.0,BALANCED,0.2258
2026-07-13,PILL,PILL,14000.0,18.26,-0.0544,411000.0,14000.0,0.0,0.7008,88000.0,171000.0,BALANCED,29.5199
2026-07-14,PILL,PILL,6000.0,18.33,0.0038,417000.0,6000.0,0.0,0.0505,40000.0,168000.0,BALANCED,15.2634
2026-07-15,PILL,PILL,-4000.0,18.96,0.0344,413000.0,0.0,-4000.0,-0.828,16000.0,164000.0,BALANCED,-12.6999
2026-07-16,PILL,PILL,-21000.0,18.44,-0.0274,392000.0,0.0,-21000.0,-2.056,-5000.0,136000.0,DISTRIBUTION,-65.3995
2026-07-17,PILL,PILL,-1000.0,19.48,0.0564,391000.0,0.0,-1000.0,-0.4853,-6000.0,132000.0,BALANCED,-28.1331
2026-07-20,PILL,PILL,10000.0,18.06,-0.0729,401000.0,10000.0,0.0,0.3247,-10000.0,144000.0,BALANCED,0.1184
2026-07-21,PILL,PILL,7000.0,19.45,0.077,408000.0,7000.0,0.0,0.0737,-9000.0,144000.0,BALANCED,-4.1579
2026-07-22,PILL,PILL,0.0,18.84,-0.0314,408000.0,0.0,0.0,-0.4994,-5000.0,136000.0,BALANCED,-22.4851
2026-07-23,PILL,PILL,1000.0,19.2,0.0191,409000.0,1000.0,0.0,-0.4027,17000.0,112000.0,BALANCED,1.932
2026-07-24,PILL,PILL,-4000.0,18.73,-0.0245,405000.0,0.0,-4000.0,-0.7872,14000.0,99000.0,BALANCED,-11.6793
2026-07-27,PILL,PILL,-1000.0,19.32,0.0315,404000.0,0.0,-1000.0,-0.5205,3000.0,98000.0,BALANCED,-7.0137
2026-07-28,PILL,PILL,0.0,19.61,0.015,404000.0,0.0,0.0,-0.4152,-4000.0,98000.0,BALANCED,-20.3805
2026-07-29,PILL,PILL,-3000.0,19.51,-0.0051,401000.0,0.0,-3000.0,-0.6454,-7000.0,91000.0,BALANCED,-28.1358
2026-07-30,PILL,PILL,-2000.0,20.45,0.0482,399000.0,0.0,-2000.0,-0.5388,-10000.0,86000.0,BALANCED,-27.4709
2026-07-31,PILL,PILL,-19000.0,18.85,-0.0782,380000.0,0.0,-19000.0,-1.7337,-25000.0,53000.0,DISTRIBUTION,-59.3416
2026-08-03,PILL,PILL,-2000.0,18.97,0.0064,378000.0,0.0,-2000.0,-0.4541,-26000.0,55000.0,BALANCED,-29.3529
2026-08-04,PILL,PILL,10000.0,20.14,0.0617,388000.0,10000.0,0.0,0.4404,-16000.0,11000.0,BALANCED,3.0108
2026-08-05,PILL,PILL,-2000.0,20.36,0.0109,386000.0,0.0,-2000.0,-0.4346,-15000.0,-11000.0,BALANCED,-22.8653
2026-08-06,PILL,PILL,0.0,20.72,0.0177,386000.0,0.0,0.0,-0.2328,-13000.0,-11000.0,BALANCED,-15.8203
2026-08-07,PILL,PILL,0.0,20.76,0.0019,386000.0,0.0,0.0,-0.2099,6000.0,-11000.0,BALANCED,4.7514
2026-08-10,PILL,PILL,2000.0,20.61,-0.0072,388000.0,2000.0,0.0,-0.0578,10000.0,-23000.0,BALANCED,10.5556
2026-08-11,PILL,PILL,-2000.0,20.06,-0.0267,386000.0,0.0,-2000.0,-0.3671,-2000.0,-31000.0,BALANCED,-21.1773
2026-08-12,PILL,PILL,0.0,20.12,0.003,386000.0,0.0,0.0,-0.1992,0.0,-27000.0,BALANCED,-4.9794
2026-08-13,PILL,PILL,0.0,20.37,0.0124,386000.0,0.0,0.0,-0.1912,0.0,-6000.0,BALANCED,-4.7798
2026-08-14,PILL,PILL,-1000.0,21.24,0.0427,385000.0,0.0,-1000.0,-0.2337,-1000.0,-6000.0,BALANCED,-17.8431
2026-08-17,PILL,PILL,-3000.0,20.86,-0.0179,382000.0,0.0,-3000.0,-0.3962,-6000.0,-19000.0,BALANCED,-23.9053
2026-08-18,PILL,PILL,10000.0,22.44,0.0757,392000.0,10000.0,0.0,1.1896,6000.0,-16000.0,BALANCED,41.7396
2026-08-19,PILL,PILL,15000.0,23.88,0.0642,407000.0,15000.0,0.0,1.9277,21000.0,-1000.0,ACCUMULATION,62.1935
2026-08-20,PILL,PILL,4000.0,22.44,-0.0603,411000.0,4000.0,0.0,0.4626,25000.0,2000.0,BALANCED,27.5662
2026-08-21,PILL,PILL,4000.0,22.82,0.0169,415000.0,4000.0,0.0,0.4437,30000.0,10000.0,BALANCED,29.0914
2026-08-24,PILL,PILL,2000.0,22.62,-0.0088,417000.0,2000.0,0.0,0.2486,35000.0,13000.0,BALANCED,26.2141
2026-08-25,PILL,PILL,5000.0,23.42,0.0354,422000.0,5000.0,0.0,0.6698,30000.0,18000.0,BALANCED,38.7445
2026-08-26,PILL,PILL,3000.0,22.83,-0.0252,425000.0,3000.0,0.0,0.3616,18000.0,24000.0,BALANCED,33.0403
2026-08-27,PILL,PILL,-7000.0,22.31,-0.0228,418000.0,0.0,-7000.0,-1.2835,7000.0,19000.0,BALANCED,-24.0865
2026-08-28,PILL,PILL,-16000.0,20.93,-0.0619,402000.0,0.0,-16000.0,-2.3874,-13000.0,22000.0,DISTRIBUTION,-73.6838
2026-08-31,PILL,PILL,-3000.0,20.81,-0.0057,399000.0,0.0,-3000.0,-0.4422,-18000.0,21000.0,BALANCED,-27.056
2026-09-01,PILL,PILL,0.0,20.33,-0.0231,399000.0,0.0,0.0,0.0462,-23000.0,11000.0,BALANCED,-8.8457
2026-09-02,PILL,PILL,10000.0,21.37,0.0512,409000.0,10000.0,0.0,1.4734,-16000.0,23000.0,BALANCED,28.8349
2026-09-03,PILL,PILL,3000.0,20.87,-0.0234,412000.0,3000.0,0.0,0.4275,-6000.0,26000.0,BALANCED,4.6867
2026-09-04,PILL,PILL,3000.0,20.99,0.0057,415000.0,3000.0,0.0,0.3946,13000.0,29000.0,BALANCED,25.864
2026-09-08,PILL,PILL,1000.0,20.48,-0.0243,416000.0,1000.0,0.0,0.0888,17000.0,28000.0,BALANCED,20.2206
2026-09-09,PILL,PILL,12000.0,19.54,-0.0459,428000.0,12000.0,0.0,1.5824,29000.0,42000.0,ACCUMULATION,59.5598
2026-09-10,PILL,PILL,0.0,18.41,-0.0578,428000.0,0.0,0.0,-0.1278,19000.0,42000.0,BALANCED,6.8055
2026-09-11,PILL,PILL,-2000.0,18.05,-0.0196,426000.0,0.0,-2000.0,-0.4117,14000.0,40000.0,BALANCED,-2.2932
2026-09-14,PILL,PILL,-4000.0,18.32,0.015,422000.0,0.0,-4000.0,-0.8935,7000.0,37000.0,BALANCED,-16.338
2026-09-15,PILL,PILL,-4000.0,17.3,-0.0557,418000.0,0.0,-4000.0,-0.8753,2000.0,36000.0,BALANCED,-17.8825
2026-09-16,PILL,PILL,4000.0,17.43,0.0075,422000.0,4000.0,0.0,0.4864,-6000.0,30000.0,BALANCED,4.1591
2026-09-17,PILL,PILL,0.0,18.18,0.043,422000.0,0.0,0.0,-0.2045,-6000.0,15000.0,BALANCED,-15.1119
2026-09-18,PILL,PILL,-3000.0,17.35,-0.0457,419000.0,0.0,-3000.0,-0.6931,-7000.0,8000.0,BALANCED,-29.3282
2026-09-21,PILL,PILL,-2000.0,17.9,0.0317,417000.0,0.0,-2000.0,-0.5107,-5000.0,2000.0,BALANCED,-26.7682
2026-09-22,PILL,PILL,1000.0,18.99,0.0609,418000.0,1000.0,0.0,0.0,0.0,1000.0,BALANCED,2.0
2026-09-23,PILL,PILL,0.0,16.85,-0.1127,418000.0,0.0,0.0,-0.1804,-4000.0,-4000.0,BALANCED,-14.51
2026-09-24,PILL,PILL,0.0,16.99,0.0083,418000.0,0.0,0.0,-0.1804,-4000.0,-7000.0,BALANCED,-14.51
2026-09-25,PILL,PILL,2000.0,16.76,-0.0135,420000.0,2000.0,0.0,0.1466,1000.0,2000.0,BALANCED,15.6651
2026-09-28,PILL,PILL,-1000.0,17.24,0.0286,419000.0,0.0,-1000.0,-0.3609,2000.0,17000.0,BALANCED,-1.0218
2026-09-29,PILL,PILL,-5000.0,16.76,-0.0278,414000.0,0.0,-5000.0,-1.0161,-4000.0,15000.0,BALANCED,-39.4014
2026-09-30,PILL,PILL,-2000.0,15.89,-0.0519,412000.0,0.0,-2000.0,-0.4638,-6000.0,13000.0,BALANCED,-27.5951
2026-10-01,PILL,PILL,-2000.0,14.96,-0.0585,410000.0,0.0,-2000.0,-0.4127,-8000.0,1000.0,BALANCED,-28.3187
2026-10-02,PILL,PILL,0.0,14.84,-0.008,410000.0,0.0,0.0,0.0066,-10000.0,-2000.0,BALANCED,-9.8345
2026-10-05,PILL,PILL,-5000.0,14.82,-0.0013,405000.0,0.0,-5000.0,-0.9234,-14000.0,-10000.0,BALANCED,-35.0852
2026-10-06,PILL,PILL,-6000.0,14.28,-0.0364,399000.0,0.0,-6000.0,-1.0512,-15000.0,-17000.0,BALANCED,-40.2812
2026-10-07,PILL,PILL,-6000.0,14.29,0.0007,393000.0,0.0,-6000.0,-0.9839,-19000.0,-35000.0,BALANCED,-40.5971
