date,ticker,trackinsight_key,usd_flow,nav,perf_pct,cumulative_flow,daily_inflow,daily_outflow,flow_zscore,flow_5d,flow_20d,regime,pressure
2016-01-04,SOXS,ARCX:SOXS,-2076000.0,41.52,0.0326,-2076000.0,0.0,-2076000.0,0.0,-2076000.0,-2076000.0,BALANCED,-12.0
2016-01-05,SOXS,ARCX:SOXS,0.0,42.81,0.031,-2076000.0,0.0,0.0,0.0,-2076000.0,-2076000.0,BALANCED,-10.0
2016-01-06,SOXS,ARCX:SOXS,2321000.0,46.42,0.0843,245000.0,2321000.0,0.0,0.0,245000.0,245000.0,BALANCED,12.0
2016-01-07,SOXS,ARCX:SOXS,0.0,51.04,0.0995,245000.0,0.0,0.0,0.0,245000.0,245000.0,BALANCED,10.0
2016-01-08,SOXS,ARCX:SOXS,-8023000.0,53.48,0.0479,-7778000.0,0.0,-8023000.0,-1.6432,-7778000.0,-7778000.0,DISTRIBUTION,-53.0793
2016-01-11,SOXS,ARCX:SOXS,0.0,52.66,-0.0154,-7778000.0,0.0,0.0,0.3624,-5702000.0,-7778000.0,BALANCED,-0.9404
2016-01-12,SOXS,ARCX:SOXS,0.0,51.35,-0.025,-7778000.0,0.0,0.0,0.3365,-5702000.0,-7778000.0,BALANCED,-1.5876
2016-01-13,SOXS,ARCX:SOXS,-2809000.0,56.17,0.094,-10587000.0,0.0,-2809000.0,-0.4768,-10832000.0,-10587000.0,BALANCED,-23.9212
2016-01-14,SOXS,ARCX:SOXS,0.0,52.71,-0.0616,-10587000.0,0.0,0.0,0.3991,-10832000.0,-10587000.0,BALANCED,-0.0226
2016-01-15,SOXS,ARCX:SOXS,-5987000.0,59.87,0.1358,-16574000.0,0.0,-5987000.0,-1.3666,-8796000.0,-16574000.0,BALANCED,-46.1659
2016-01-19,SOXS,ARCX:SOXS,0.0,59.58,-0.0047,-16574000.0,0.0,0.0,0.4945,-8796000.0,-16574000.0,BALANCED,2.3634
2016-01-20,SOXS,ARCX:SOXS,0.0,58.41,-0.0197,-16574000.0,0.0,0.0,0.4702,-8796000.0,-16574000.0,BALANCED,1.7552
2016-01-21,SOXS,ARCX:SOXS,2790000.0,55.8,-0.0447,-13784000.0,2790000.0,0.0,1.2662,-3197000.0,-13784000.0,BALANCED,23.6538
2016-01-22,SOXS,ARCX:SOXS,-5269000.0,52.69,-0.0557,-19053000.0,0.0,-5269000.0,-1.2483,-8466000.0,-19053000.0,BALANCED,-43.2076
2016-01-25,SOXS,ARCX:SOXS,0.0,54.97,0.0431,-19053000.0,0.0,0.0,0.4182,-2479000.0,-19053000.0,BALANCED,0.4553
2016-01-26,SOXS,ARCX:SOXS,0.0,53.27,-0.0308,-19053000.0,0.0,0.0,0.4035,-2479000.0,-19053000.0,BALANCED,0.087
2016-01-27,SOXS,ARCX:SOXS,0.0,55.19,0.0361,-19053000.0,0.0,0.0,0.3902,-2479000.0,-19053000.0,BALANCED,-0.2447
2016-01-28,SOXS,ARCX:SOXS,2780000.0,55.61,0.0075,-16273000.0,2780000.0,0.0,1.2556,-2489000.0,-16273000.0,BALANCED,23.3888
2016-01-29,SOXS,ARCX:SOXS,0.0,47.97,-0.1372,-16273000.0,0.0,0.0,0.2996,2780000.0,-16273000.0,BALANCED,17.4891
2016-02-01,SOXS,ARCX:SOXS,-2364000.0,47.28,-0.0145,-18637000.0,0.0,-2364000.0,-0.5109,416000.0,-18637000.0,BALANCED,-4.7726
2016-02-02,SOXS,ARCX:SOXS,0.0,52.09,0.1017,-18637000.0,0.0,0.0,0.3239,416000.0,-16561000.0,BALANCED,18.0982
2016-02-03,SOXS,ARCX:SOXS,0.0,51.6,-0.0093,-18637000.0,0.0,0.0,0.316,416000.0,-16561000.0,BALANCED,17.9012
2016-02-04,SOXS,ARCX:SOXS,0.0,48.85,-0.0533,-18637000.0,0.0,0.0,0.3087,-2364000.0,-18882000.0,BALANCED,-2.282
2016-02-05,SOXS,ARCX:SOXS,2701000.0,54.03,0.1059,-15936000.0,2701000.0,0.0,1.2626,337000.0,-16181000.0,BALANCED,43.5641
2016-02-08,SOXS,ARCX:SOXS,0.0,58.12,0.0757,-15936000.0,0.0,0.0,0.244,2701000.0,-8158000.0,BALANCED,16.1
2016-02-09,SOXS,ARCX:SOXS,0.0,59.14,0.0176,-15936000.0,0.0,0.0,0.2392,2701000.0,-8158000.0,BALANCED,15.9792
2016-02-10,SOXS,ARCX:SOXS,0.0,60.45,0.0221,-15936000.0,0.0,0.0,0.2346,2701000.0,-8158000.0,BALANCED,15.8653
2016-02-11,SOXS,ARCX:SOXS,0.0,61.84,0.023,-15936000.0,0.0,0.0,0.2303,2701000.0,-5349000.0,BALANCED,15.7577
2016-02-12,SOXS,ARCX:SOXS,0.0,57.61,-0.0684,-15936000.0,0.0,0.0,0.2262,0.0,-5349000.0,BALANCED,5.6558
2016-02-16,SOXS,ARCX:SOXS,0.0,51.5,-0.106,-15936000.0,0.0,0.0,0.2224,0.0,638000.0,BALANCED,5.5591
2016-02-17,SOXS,ARCX:SOXS,0.0,47.81,-0.0717,-15936000.0,0.0,0.0,0.1947,0.0,638000.0,BALANCED,4.8681
2016-02-18,SOXS,ARCX:SOXS,0.0,48.61,0.0167,-15936000.0,0.0,0.0,0.1947,0.0,638000.0,BALANCED,4.8681
2016-02-19,SOXS,ARCX:SOXS,0.0,47.89,-0.0147,-15936000.0,0.0,0.0,0.2329,0.0,-2152000.0,BALANCED,5.8225
2016-02-22,SOXS,ARCX:SOXS,0.0,45.63,-0.0473,-15936000.0,0.0,0.0,0.2329,0.0,3117000.0,BALANCED,5.8225
2016-02-23,SOXS,ARCX:SOXS,0.0,47.84,0.0486,-15936000.0,0.0,0.0,0.1482,0.0,3117000.0,BALANCED,3.7043
2016-02-24,SOXS,ARCX:SOXS,0.0,45.78,-0.0431,-15936000.0,0.0,0.0,0.1482,0.0,3117000.0,BALANCED,3.7043
2016-02-25,SOXS,ARCX:SOXS,2202000.0,44.05,-0.0378,-13734000.0,2202000.0,0.0,1.2703,2202000.0,5319000.0,BALANCED,43.7579
2016-02-26,SOXS,ARCX:SOXS,2164000.0,43.28,-0.0173,-11570000.0,2164000.0,0.0,1.1742,4366000.0,4703000.0,BALANCED,43.3552
2016-02-29,SOXS,ARCX:SOXS,0.0,43.65,0.0084,-11570000.0,0.0,0.0,0.0175,4366000.0,4703000.0,BALANCED,10.4379
2016-03-01,SOXS,ARCX:SOXS,0.0,39.9,-0.0858,-11570000.0,0.0,0.0,-0.1115,4366000.0,7067000.0,BALANCED,7.2116
2016-03-02,SOXS,ARCX:SOXS,0.0,39.26,-0.0161,-11570000.0,0.0,0.0,-0.1115,4366000.0,7067000.0,BALANCED,7.2116
2016-03-03,SOXS,ARCX:SOXS,0.0,39.15,-0.0028,-11570000.0,0.0,0.0,-0.1115,2164000.0,7067000.0,BALANCED,7.2116
2016-03-04,SOXS,ARCX:SOXS,0.0,37.92,-0.0314,-11570000.0,0.0,0.0,-0.0523,0.0,7067000.0,BALANCED,-1.3075
2016-03-07,SOXS,ARCX:SOXS,0.0,37.54,-0.01,-11570000.0,0.0,0.0,-0.2526,0.0,4366000.0,BALANCED,-6.315
2016-03-08,SOXS,ARCX:SOXS,0.0,40.07,0.0674,-11570000.0,0.0,0.0,-0.2526,0.0,4366000.0,BALANCED,-6.315
2016-03-09,SOXS,ARCX:SOXS,0.0,39.08,-0.0248,-11570000.0,0.0,0.0,-0.2526,0.0,4366000.0,BALANCED,-6.315
2016-03-10,SOXS,ARCX:SOXS,0.0,38.47,-0.0156,-11570000.0,0.0,0.0,-0.2526,0.0,4366000.0,BALANCED,-6.315
2016-03-11,SOXS,ARCX:SOXS,3622000.0,36.22,-0.0584,-7948000.0,3622000.0,0.0,3.1247,3622000.0,7988000.0,ACCUMULATION,90.1164
2016-03-14,SOXS,ARCX:SOXS,1834000.0,36.68,0.0128,-6114000.0,1834000.0,0.0,1.3524,5456000.0,9822000.0,BALANCED,47.8089
2016-03-15,SOXS,ARCX:SOXS,0.0,36.84,0.0043,-6114000.0,0.0,0.0,-0.4242,5456000.0,9822000.0,BALANCED,-0.605
2016-03-16,SOXS,ARCX:SOXS,1791000.0,35.83,-0.0274,-4323000.0,1791000.0,0.0,1.2986,7247000.0,11613000.0,BALANCED,44.4641
2016-03-17,SOXS,ARCX:SOXS,0.0,35.05,-0.0217,-4323000.0,0.0,0.0,-0.4716,7247000.0,11613000.0,BALANCED,-1.7894
2016-03-18,SOXS,ARCX:SOXS,0.0,33.61,-0.041,-4323000.0,0.0,0.0,-0.4716,3625000.0,11613000.0,BALANCED,-1.7894
2016-03-21,SOXS,ARCX:SOXS,0.0,33.47,-0.0042,-4323000.0,0.0,0.0,-0.4192,1791000.0,11613000.0,BALANCED,-0.4805
2016-03-22,SOXS,ARCX:SOXS,0.0,33.57,0.0029,-4323000.0,0.0,0.0,-0.4192,1791000.0,11613000.0,BALANCED,-0.4805
2016-03-23,SOXS,ARCX:SOXS,0.0,34.89,0.0392,-4323000.0,0.0,0.0,-0.4192,0.0,11613000.0,BALANCED,-10.4805
2016-03-24,SOXS,ARCX:SOXS,1746000.0,34.92,0.001,-2577000.0,1746000.0,0.0,1.3653,1746000.0,11157000.0,BALANCED,46.1319
2016-03-28,SOXS,ARCX:SOXS,1753000.0,35.07,0.0041,-824000.0,1753000.0,0.0,1.2775,3499000.0,10746000.0,BALANCED,45.9383
2016-03-29,SOXS,ARCX:SOXS,0.0,33.65,-0.0404,-824000.0,0.0,0.0,-0.5151,3499000.0,10746000.0,BALANCED,-2.8783
2016-03-30,SOXS,ARCX:SOXS,1633000.0,32.66,-0.0296,809000.0,1633000.0,0.0,1.0811,5132000.0,12379000.0,BALANCED,39.0281
2016-03-31,SOXS,ARCX:SOXS,0.0,33.2,0.0168,809000.0,0.0,0.0,-0.5614,5132000.0,12379000.0,BALANCED,-4.0358
2016-04-01,SOXS,ARCX:SOXS,0.0,32.51,-0.0209,809000.0,0.0,0.0,-0.5614,3386000.0,12379000.0,BALANCED,-4.0358
2016-04-04,SOXS,ARCX:SOXS,0.0,33.39,0.0273,809000.0,0.0,0.0,-0.5614,1633000.0,12379000.0,BALANCED,-4.0358
2016-04-05,SOXS,ARCX:SOXS,0.0,33.99,0.018,809000.0,0.0,0.0,-0.5614,1633000.0,12379000.0,BALANCED,-4.0358
2016-04-06,SOXS,ARCX:SOXS,0.0,32.95,-0.0308,809000.0,0.0,0.0,-0.5614,0.0,12379000.0,BALANCED,-14.0358
2016-04-07,SOXS,ARCX:SOXS,0.0,34.51,0.0475,809000.0,0.0,0.0,-0.5614,0.0,12379000.0,BALANCED,-14.0358
2016-04-08,SOXS,ARCX:SOXS,3391000.0,33.91,-0.0174,4200000.0,3391000.0,0.0,2.582,3391000.0,15770000.0,ACCUMULATION,76.5491
2016-04-11,SOXS,ARCX:SOXS,0.0,34.02,0.0031,4200000.0,0.0,0.0,-0.5029,3391000.0,12148000.0,BALANCED,-2.572
2016-04-12,SOXS,ARCX:SOXS,0.0,34.15,0.0038,4200000.0,0.0,0.0,-0.5029,3391000.0,10314000.0,BALANCED,-2.572
2016-04-13,SOXS,ARCX:SOXS,0.0,31.79,-0.069,4200000.0,0.0,0.0,-0.5029,3391000.0,10314000.0,BALANCED,-2.572
2016-04-14,SOXS,ARCX:SOXS,0.0,32.61,0.0257,4200000.0,0.0,0.0,-0.5029,3391000.0,8523000.0,BALANCED,-2.572
2016-04-15,SOXS,ARCX:SOXS,1672000.0,33.44,0.0254,5872000.0,1672000.0,0.0,1.0281,1672000.0,10195000.0,BALANCED,37.7029
2016-04-18,SOXS,ARCX:SOXS,0.0,33.37,-0.0021,5872000.0,0.0,0.0,-0.5481,1672000.0,10195000.0,BALANCED,-3.7023
2016-04-19,SOXS,ARCX:SOXS,1730000.0,34.6,0.0371,7602000.0,1730000.0,0.0,1.0148,3402000.0,11925000.0,BALANCED,37.3704
2016-04-20,SOXS,ARCX:SOXS,3357000.0,33.57,-0.0298,10959000.0,3357000.0,0.0,2.2157,6759000.0,15282000.0,ACCUMULATION,69.3932
2016-04-21,SOXS,ARCX:SOXS,0.0,34.24,0.0199,10959000.0,0.0,0.0,-0.6385,6759000.0,15282000.0,BALANCED,-5.9624
2016-04-22,SOXS,ARCX:SOXS,0.0,34.03,-0.0061,10959000.0,0.0,0.0,-0.6385,5087000.0,13536000.0,BALANCED,-5.9624
2016-04-25,SOXS,ARCX:SOXS,0.0,34.6,0.0166,10959000.0,0.0,0.0,-0.6,5087000.0,11783000.0,BALANCED,-4.999
2016-04-26,SOXS,ARCX:SOXS,0.0,33.18,-0.0411,10959000.0,0.0,0.0,-0.5519,3357000.0,11783000.0,BALANCED,-3.7973
2016-04-27,SOXS,ARCX:SOXS,0.0,32.17,-0.0305,10959000.0,0.0,0.0,-0.5519,0.0,10150000.0,BALANCED,-13.7973
2016-04-28,SOXS,ARCX:SOXS,0.0,34.75,0.0802,10959000.0,0.0,0.0,-0.5045,0.0,10150000.0,BALANCED,-12.6137
2016-04-29,SOXS,ARCX:SOXS,0.0,37.47,0.0785,10959000.0,0.0,0.0,-0.5045,0.0,10150000.0,BALANCED,-12.6137
2016-05-02,SOXS,ARCX:SOXS,1830000.0,36.61,-0.023,12789000.0,1830000.0,0.0,1.2196,1830000.0,11980000.0,BALANCED,42.4901
2016-05-03,SOXS,ARCX:SOXS,0.0,37.88,0.0346,12789000.0,0.0,0.0,-0.5523,1830000.0,11980000.0,BALANCED,-3.8072
2016-05-04,SOXS,ARCX:SOXS,0.0,39.17,0.034,12789000.0,0.0,0.0,-0.5523,1830000.0,11980000.0,BALANCED,-3.8072
2016-05-05,SOXS,ARCX:SOXS,1941000.0,38.81,-0.009,14730000.0,1941000.0,0.0,1.2362,3771000.0,13921000.0,BALANCED,42.9057
2016-05-06,SOXS,ARCX:SOXS,0.0,38.68,-0.0033,14730000.0,0.0,0.0,-0.5542,3771000.0,10530000.0,BALANCED,-3.8541
2016-05-09,SOXS,ARCX:SOXS,0.0,38.86,0.0045,14730000.0,0.0,0.0,-0.5074,1941000.0,10530000.0,BALANCED,-2.6857
2016-05-10,SOXS,ARCX:SOXS,0.0,37.42,-0.037,14730000.0,0.0,0.0,-0.5074,1941000.0,10530000.0,BALANCED,-2.6857
2016-05-11,SOXS,ARCX:SOXS,0.0,37.74,0.0085,14730000.0,0.0,0.0,-0.4623,1941000.0,10530000.0,BALANCED,-1.5584
2016-05-12,SOXS,ARCX:SOXS,0.0,39.77,0.0538,14730000.0,0.0,0.0,-0.4623,0.0,10530000.0,BALANCED,-11.5584
2016-05-13,SOXS,ARCX:SOXS,0.0,39.29,-0.0119,14730000.0,0.0,0.0,-0.4623,0.0,8858000.0,BALANCED,-11.5584
2016-05-16,SOXS,ARCX:SOXS,1869000.0,37.39,-0.0485,16599000.0,1869000.0,0.0,1.3017,1869000.0,10727000.0,BALANCED,44.5417
2016-05-17,SOXS,ARCX:SOXS,0.0,38.13,0.0198,16599000.0,0.0,0.0,-0.5103,1869000.0,8997000.0,BALANCED,-2.7565
2016-05-18,SOXS,ARCX:SOXS,1813000.0,36.25,-0.0492,18412000.0,1813000.0,0.0,1.1651,3682000.0,7453000.0,BALANCED,41.1269
2016-05-19,SOXS,ARCX:SOXS,0.0,37.0,0.0205,18412000.0,0.0,0.0,-0.5575,3682000.0,7453000.0,BALANCED,-3.9376
2016-05-20,SOXS,ARCX:SOXS,0.0,33.49,-0.0947,18412000.0,0.0,0.0,-0.5184,3682000.0,7453000.0,BALANCED,-2.959
2016-05-23,SOXS,ARCX:SOXS,0.0,32.83,-0.0198,18412000.0,0.0,0.0,-0.5184,1813000.0,7453000.0,BALANCED,-2.959
2016-05-24,SOXS,ARCX:SOXS,0.0,30.42,-0.0735,18412000.0,0.0,0.0,-0.5184,1813000.0,7453000.0,BALANCED,-2.959
2016-05-25,SOXS,ARCX:SOXS,17926000.0,29.88,-0.0177,36338000.0,17926000.0,0.0,5.0909,17926000.0,25379000.0,ACCUMULATION,100.0
2016-05-26,SOXS,ARCX:SOXS,0.0,29.6,-0.0092,36338000.0,0.0,0.0,-0.3236,17926000.0,25379000.0,BALANCED,1.9107
2016-05-27,SOXS,ARCX:SOXS,0.0,29.0,-0.0202,36338000.0,0.0,0.0,-0.3064,17926000.0,25379000.0,BALANCED,2.3399
2016-05-31,SOXS,ARCX:SOXS,0.0,28.55,-0.0158,36338000.0,0.0,0.0,-0.3064,17926000.0,23549000.0,BALANCED,2.3399
2016-06-01,SOXS,ARCX:SOXS,0.0,28.06,-0.0169,36338000.0,0.0,0.0,-0.2888,17926000.0,23549000.0,BALANCED,2.7796
2016-06-02,SOXS,ARCX:SOXS,0.0,28.05,-0.0006,36338000.0,0.0,0.0,-0.2572,0.0,23549000.0,BALANCED,-6.4297
2016-06-03,SOXS,ARCX:SOXS,0.0,27.79,-0.0093,36338000.0,0.0,0.0,-0.2572,0.0,21608000.0,BALANCED,-6.4297
2016-06-06,SOXS,ARCX:SOXS,0.0,28.0,0.0076,36338000.0,0.0,0.0,-0.2572,0.0,21608000.0,BALANCED,-6.4297
2016-06-07,SOXS,ARCX:SOXS,0.0,27.18,-0.0292,36338000.0,0.0,0.0,-0.2572,0.0,21608000.0,BALANCED,-6.4297
2016-06-08,SOXS,ARCX:SOXS,0.0,27.22,0.0015,36338000.0,0.0,0.0,-0.2572,0.0,21608000.0,BALANCED,-6.4297
2016-06-09,SOXS,ARCX:SOXS,1357000.0,27.14,-0.0031,37695000.0,1357000.0,0.0,0.1417,1357000.0,22965000.0,BALANCED,15.5432
2016-06-10,SOXS,ARCX:SOXS,0.0,28.49,0.0498,37695000.0,0.0,0.0,-0.2712,1357000.0,22965000.0,BALANCED,3.221
2016-06-13,SOXS,ARCX:SOXS,1447000.0,28.93,0.0155,39142000.0,1447000.0,0.0,0.1546,2804000.0,24412000.0,BALANCED,15.8643
2016-06-14,SOXS,ARCX:SOXS,0.0,28.92,-0.0002,39142000.0,0.0,0.0,-0.2675,2804000.0,22543000.0,BALANCED,3.3119
2016-06-15,SOXS,ARCX:SOXS,0.0,28.97,0.0015,39142000.0,0.0,0.0,-0.2675,2804000.0,22543000.0,BALANCED,3.3119
2016-06-16,SOXS,ARCX:SOXS,2898000.0,28.98,0.0003,42040000.0,2898000.0,0.0,0.5828,4345000.0,23628000.0,BALANCED,26.5704
2016-06-17,SOXS,ARCX:SOXS,0.0,29.69,0.0246,42040000.0,0.0,0.0,-0.276,4345000.0,23628000.0,BALANCED,3.1012
2016-06-20,SOXS,ARCX:SOXS,0.0,28.65,-0.0348,42040000.0,0.0,0.0,-0.276,2898000.0,23628000.0,BALANCED,3.1012
2016-06-21,SOXS,ARCX:SOXS,-14183000.0,28.37,-0.01,27857000.0,0.0,-14183000.0,-3.4012,-11285000.0,9445000.0,DISTRIBUTION,-97.0304
2016-06-22,SOXS,ARCX:SOXS,2851000.0,28.51,0.0049,30708000.0,2851000.0,0.0,0.5367,-8434000.0,12296000.0,BALANCED,5.4164
2016-06-23,SOXS,ARCX:SOXS,0.0,26.25,-0.0792,30708000.0,0.0,0.0,-0.1233,-11332000.0,-5630000.0,BALANCED,-13.0821
2016-06-24,SOXS,ARCX:SOXS,0.0,30.78,0.1727,30708000.0,0.0,0.0,-0.1233,-11332000.0,-5630000.0,BALANCED,-13.0821
2016-06-27,SOXS,ARCX:SOXS,0.0,34.34,0.1155,30708000.0,0.0,0.0,-0.1233,-11332000.0,-5630000.0,BALANCED,-13.0821
2016-06-28,SOXS,ARCX:SOXS,0.0,31.55,-0.0812,30708000.0,0.0,0.0,-0.109,2851000.0,-5630000.0,BALANCED,7.2743
2016-06-29,SOXS,ARCX:SOXS,0.0,29.61,-0.0614,30708000.0,0.0,0.0,-0.109,0.0,-5630000.0,BALANCED,-2.7257
2016-06-30,SOXS,ARCX:SOXS,0.0,28.0,-0.0544,30708000.0,0.0,0.0,-0.0952,0.0,-5630000.0,BALANCED,-2.3792
2016-07-01,SOXS,ARCX:SOXS,0.0,28.81,0.0288,30708000.0,0.0,0.0,-0.0952,0.0,-5630000.0,BALANCED,-2.3792
2016-07-05,SOXS,ARCX:SOXS,0.0,30.38,0.0547,30708000.0,0.0,0.0,-0.0952,0.0,-5630000.0,BALANCED,-2.3792
2016-07-06,SOXS,ARCX:SOXS,0.0,30.24,-0.0047,30708000.0,0.0,0.0,-0.0952,0.0,-5630000.0,BALANCED,-2.3792
2016-07-07,SOXS,ARCX:SOXS,0.0,29.13,-0.0368,30708000.0,0.0,0.0,-0.0952,0.0,-5630000.0,BALANCED,-2.3792
2016-07-08,SOXS,ARCX:SOXS,0.0,26.66,-0.0847,30708000.0,0.0,0.0,0.068,0.0,-6987000.0,BALANCED,1.7012
2016-07-11,SOXS,ARCX:SOXS,0.0,25.76,-0.0337,30708000.0,0.0,0.0,0.068,0.0,-6987000.0,BALANCED,1.7012
2016-07-12,SOXS,ARCX:SOXS,1237000.0,24.73,-0.04,31945000.0,1237000.0,0.0,0.4994,1237000.0,-7197000.0,BALANCED,24.4861
2016-07-13,SOXS,ARCX:SOXS,2467000.0,24.67,-0.0023,34412000.0,2467000.0,0.0,0.9005,3704000.0,-4730000.0,BALANCED,36.5134
2016-07-14,SOXS,ARCX:SOXS,0.0,24.13,-0.0222,34412000.0,0.0,0.0,0.0228,3704000.0,-4730000.0,BALANCED,10.571
2016-07-15,SOXS,ARCX:SOXS,0.0,24.18,0.0024,34412000.0,0.0,0.0,0.0228,3704000.0,-7628000.0,BALANCED,10.571
2016-07-18,SOXS,ARCX:SOXS,0.0,23.09,-0.0452,34412000.0,0.0,0.0,0.0228,3704000.0,-7628000.0,BALANCED,10.571
2016-07-19,SOXS,ARCX:SOXS,0.0,23.35,0.0113,34412000.0,0.0,0.0,0.0228,2467000.0,-7628000.0,BALANCED,10.571
2016-07-20,SOXS,ARCX:SOXS,0.0,22.21,-0.049,34412000.0,0.0,0.0,0.0228,0.0,6555000.0,BALANCED,0.571
2016-07-21,SOXS,ARCX:SOXS,2269000.0,22.69,0.0219,36681000.0,2269000.0,0.0,0.7941,2269000.0,5973000.0,BALANCED,31.8527
2016-07-22,SOXS,ARCX:SOXS,0.0,22.32,-0.0166,36681000.0,0.0,0.0,0.0119,2269000.0,5973000.0,BALANCED,10.2984
2016-07-25,SOXS,ARCX:SOXS,0.0,21.95,-0.0165,36681000.0,0.0,0.0,0.0119,2269000.0,5973000.0,BALANCED,10.2984
2016-07-26,SOXS,ARCX:SOXS,0.0,19.44,-0.1145,36681000.0,0.0,0.0,0.0291,2269000.0,5973000.0,BALANCED,10.7278
2016-07-27,SOXS,ARCX:SOXS,0.0,19.43,-0.0001,36681000.0,0.0,0.0,0.0291,2269000.0,5973000.0,BALANCED,10.7278
2016-07-28,SOXS,ARCX:SOXS,5921000.0,19.74,0.0156,42602000.0,5921000.0,0.0,1.9202,5921000.0,11894000.0,ACCUMULATION,60.0043
2016-07-29,SOXS,ARCX:SOXS,0.0,20.02,0.0146,42602000.0,0.0,0.0,-0.0063,5921000.0,11894000.0,BALANCED,9.8427
2016-08-01,SOXS,ARCX:SOXS,0.0,19.93,-0.0049,42602000.0,0.0,0.0,-0.0063,5921000.0,11894000.0,BALANCED,9.8427
2016-08-02,SOXS,ARCX:SOXS,0.0,20.87,0.0475,42602000.0,0.0,0.0,-0.0063,5921000.0,11894000.0,BALANCED,9.8427
2016-08-03,SOXS,ARCX:SOXS,0.0,20.77,-0.0051,42602000.0,0.0,0.0,-0.3793,5921000.0,11894000.0,BALANCED,0.5184
2016-08-04,SOXS,ARCX:SOXS,0.0,20.19,-0.0279,42602000.0,0.0,0.0,-0.3252,0.0,11894000.0,BALANCED,-8.1296
2016-08-05,SOXS,ARCX:SOXS,1938000.0,19.38,-0.0401,44540000.0,1938000.0,0.0,1.183,1938000.0,13832000.0,BALANCED,41.575
2016-08-08,SOXS,ARCX:SOXS,0.0,19.48,0.0052,44540000.0,0.0,0.0,-0.3693,1938000.0,13832000.0,BALANCED,0.7673
2016-08-09,SOXS,ARCX:SOXS,0.0,18.98,-0.0254,44540000.0,0.0,0.0,-0.3693,1938000.0,12595000.0,BALANCED,0.7673
2016-08-10,SOXS,ARCX:SOXS,0.0,19.41,0.0222,44540000.0,0.0,0.0,-0.3693,1938000.0,10128000.0,BALANCED,0.7673
2016-08-11,SOXS,ARCX:SOXS,0.0,19.15,-0.0134,44540000.0,0.0,0.0,-0.3693,1938000.0,10128000.0,BALANCED,0.7673
2016-08-12,SOXS,ARCX:SOXS,0.0,18.88,-0.0139,44540000.0,0.0,0.0,-0.3693,0.0,10128000.0,BALANCED,-9.2327
2016-08-15,SOXS,ARCX:SOXS,0.0,18.11,-0.0408,44540000.0,0.0,0.0,-0.3693,0.0,10128000.0,BALANCED,-9.2327
2016-08-16,SOXS,ARCX:SOXS,0.0,18.5,0.0213,44540000.0,0.0,0.0,-0.3693,0.0,10128000.0,BALANCED,-9.2327
2016-08-17,SOXS,ARCX:SOXS,0.0,18.5,0.0,44540000.0,0.0,0.0,-0.3693,0.0,10128000.0,BALANCED,-9.2327
2016-08-18,SOXS,ARCX:SOXS,905000.0,18.09,-0.0219,45445000.0,905000.0,0.0,0.3316,905000.0,8764000.0,BALANCED,20.2894
2016-08-19,SOXS,ARCX:SOXS,-881000.0,17.62,-0.0262,44564000.0,0.0,-881000.0,-1.0574,24000.0,7883000.0,BALANCED,-18.4343
2016-08-22,SOXS,ARCX:SOXS,0.0,17.6,-0.0009,44564000.0,0.0,0.0,-0.3637,24000.0,7883000.0,BALANCED,0.9082
2016-08-23,SOXS,ARCX:SOXS,0.0,17.32,-0.0158,44564000.0,0.0,0.0,-0.3328,24000.0,7883000.0,BALANCED,1.6807
2016-08-24,SOXS,ARCX:SOXS,0.0,17.76,0.0253,44564000.0,0.0,0.0,-0.2808,24000.0,7883000.0,BALANCED,2.9804
2016-08-25,SOXS,ARCX:SOXS,0.0,17.55,-0.0118,44564000.0,0.0,0.0,-0.2808,-881000.0,1962000.0,BALANCED,-17.0196
2016-08-26,SOXS,ARCX:SOXS,0.0,17.29,-0.0148,44564000.0,0.0,0.0,-0.2808,0.0,1962000.0,BALANCED,-7.0196
2016-08-29,SOXS,ARCX:SOXS,3423000.0,17.11,-0.0103,47987000.0,3423000.0,0.0,2.2371,3423000.0,5385000.0,ACCUMULATION,67.9272
2016-08-30,SOXS,ARCX:SOXS,861000.0,17.21,0.0058,48848000.0,861000.0,0.0,0.2862,4284000.0,6246000.0,BALANCED,21.1551
2016-08-31,SOXS,ARCX:SOXS,0.0,17.25,0.0022,48848000.0,0.0,0.0,-0.3626,4284000.0,6246000.0,BALANCED,0.9346
2016-09-01,SOXS,ARCX:SOXS,0.0,16.81,-0.0258,48848000.0,0.0,0.0,-0.3155,4284000.0,6246000.0,BALANCED,2.1135
2016-09-02,SOXS,ARCX:SOXS,0.0,16.89,0.0051,48848000.0,0.0,0.0,-0.3155,4284000.0,4308000.0,BALANCED,2.1135
2016-09-06,SOXS,ARCX:SOXS,0.0,17.0,0.0066,48848000.0,0.0,0.0,-0.3155,861000.0,4308000.0,BALANCED,2.1135
2016-09-07,SOXS,ARCX:SOXS,0.0,17.38,0.022,48848000.0,0.0,0.0,-0.3155,0.0,4308000.0,BALANCED,-7.8865
2016-09-08,SOXS,ARCX:SOXS,1749000.0,17.49,0.0063,50597000.0,1749000.0,0.0,0.9839,1749000.0,6057000.0,BALANCED,36.5986
2016-09-09,SOXS,ARCX:SOXS,0.0,19.41,0.1098,50597000.0,0.0,0.0,-0.3315,1749000.0,6057000.0,BALANCED,1.7114
2016-09-12,SOXS,ARCX:SOXS,0.0,18.22,-0.0613,50597000.0,0.0,0.0,-0.3315,1749000.0,6057000.0,BALANCED,1.7114
2016-09-13,SOXS,ARCX:SOXS,0.0,18.72,0.0275,50597000.0,0.0,0.0,-0.3315,1749000.0,6057000.0,BALANCED,1.7114
2016-09-14,SOXS,ARCX:SOXS,0.0,18.21,-0.027,50597000.0,0.0,0.0,-0.3315,1749000.0,6057000.0,BALANCED,1.7114
2016-09-15,SOXS,ARCX:SOXS,0.0,16.94,-0.0698,50597000.0,0.0,0.0,-0.3315,0.0,6057000.0,BALANCED,-8.2886
2016-09-16,SOXS,ARCX:SOXS,0.0,16.96,0.0008,50597000.0,0.0,0.0,-0.3315,0.0,5152000.0,BALANCED,-8.2886
2016-09-19,SOXS,ARCX:SOXS,3372000.0,16.86,-0.0057,53969000.0,3372000.0,0.0,3.2596,3372000.0,9405000.0,ACCUMULATION,93.4891
2016-09-20,SOXS,ARCX:SOXS,0.0,17.11,0.0147,53969000.0,0.0,0.0,-0.335,3372000.0,9405000.0,BALANCED,1.6238
2016-09-21,SOXS,ARCX:SOXS,0.0,16.37,-0.0433,53969000.0,0.0,0.0,-0.335,3372000.0,9405000.0,BALANCED,1.6238
2016-09-22,SOXS,ARCX:SOXS,0.0,16.19,-0.0106,53969000.0,0.0,0.0,-0.335,3372000.0,9405000.0,BALANCED,1.6238
2016-09-23,SOXS,ARCX:SOXS,0.0,16.73,0.0329,53969000.0,0.0,0.0,-0.335,3372000.0,9405000.0,BALANCED,1.6238
2016-09-26,SOXS,ARCX:SOXS,0.0,17.22,0.0293,53969000.0,0.0,0.0,-0.335,0.0,9405000.0,BALANCED,-8.3762
2016-09-27,SOXS,ARCX:SOXS,0.0,16.29,-0.0538,53969000.0,0.0,0.0,-0.335,0.0,5982000.0,BALANCED,-8.3762
2016-09-28,SOXS,ARCX:SOXS,0.0,16.19,-0.0061,53969000.0,0.0,0.0,-0.335,0.0,5121000.0,BALANCED,-8.3762
2016-09-29,SOXS,ARCX:SOXS,0.0,15.58,-0.0376,53969000.0,0.0,0.0,-0.335,0.0,5121000.0,BALANCED,-8.3762
2016-09-30,SOXS,ARCX:SOXS,0.0,14.84,-0.0472,53969000.0,0.0,0.0,-0.3046,0.0,5121000.0,BALANCED,-7.6138
2016-10-03,SOXS,ARCX:SOXS,4551000.0,15.17,0.0219,58520000.0,4551000.0,0.0,3.4318,4551000.0,9672000.0,ACCUMULATION,97.7944
2016-10-04,SOXS,ARCX:SOXS,0.0,15.29,0.0078,58520000.0,0.0,0.0,-0.3907,4551000.0,9672000.0,BALANCED,0.2316
2016-10-05,SOXS,ARCX:SOXS,2240000.0,14.93,-0.0231,60760000.0,2240000.0,0.0,1.3822,6791000.0,11912000.0,BALANCED,46.5559
2016-10-06,SOXS,ARCX:SOXS,734000.0,14.67,-0.0176,61494000.0,734000.0,0.0,0.1384,7525000.0,10897000.0,BALANCED,17.4593
2016-10-07,SOXS,ARCX:SOXS,0.0,14.75,0.0056,61494000.0,0.0,0.0,-0.4602,7525000.0,10897000.0,BALANCED,-1.506
2016-10-10,SOXS,ARCX:SOXS,0.0,14.97,0.0147,61494000.0,0.0,0.0,-0.4602,2974000.0,10897000.0,BALANCED,-1.506
2016-10-11,SOXS,ARCX:SOXS,0.0,15.92,0.0634,61494000.0,0.0,0.0,-0.4078,2974000.0,10897000.0,BALANCED,-0.1938
2016-10-12,SOXS,ARCX:SOXS,0.0,16.08,0.0099,61494000.0,0.0,0.0,-0.3817,734000.0,10897000.0,BALANCED,0.4572
2016-10-13,SOXS,ARCX:SOXS,0.0,16.65,0.0353,61494000.0,0.0,0.0,-0.3817,0.0,10897000.0,BALANCED,-9.5428
2016-10-14,SOXS,ARCX:SOXS,-4876000.0,16.25,-0.0237,56618000.0,0.0,-4876000.0,-3.4989,-4876000.0,6021000.0,DISTRIBUTION,-99.4737
2016-10-17,SOXS,ARCX:SOXS,0.0,16.52,0.0163,56618000.0,0.0,0.0,-0.1765,-4876000.0,2649000.0,BALANCED,-14.412
2016-10-18,SOXS,ARCX:SOXS,0.0,15.92,-0.0363,56618000.0,0.0,0.0,-0.1765,-4876000.0,2649000.0,BALANCED,-14.412
2016-10-19,SOXS,ARCX:SOXS,0.0,16.14,0.014,56618000.0,0.0,0.0,-0.1765,-4876000.0,2649000.0,BALANCED,-14.412
2016-10-20,SOXS,ARCX:SOXS,0.0,15.79,-0.0214,56618000.0,0.0,0.0,-0.1393,-4876000.0,2649000.0,BALANCED,-13.4823
2016-10-21,SOXS,ARCX:SOXS,0.0,15.92,0.0081,56618000.0,0.0,0.0,-0.1393,0.0,2649000.0,BALANCED,-3.4823
2016-10-24,SOXS,ARCX:SOXS,0.0,15.03,-0.0562,56618000.0,0.0,0.0,-0.1393,0.0,2649000.0,BALANCED,-3.4823
2016-10-25,SOXS,ARCX:SOXS,0.0,15.09,0.004,56618000.0,0.0,0.0,-0.1393,0.0,2649000.0,BALANCED,-3.4823
2016-10-26,SOXS,ARCX:SOXS,0.0,15.17,0.0052,56618000.0,0.0,0.0,-0.1393,0.0,2649000.0,BALANCED,-3.4823
2016-10-27,SOXS,ARCX:SOXS,0.0,15.36,0.0126,56618000.0,0.0,0.0,-0.1393,0.0,2649000.0,BALANCED,-3.4823
2016-10-28,SOXS,ARCX:SOXS,0.0,15.63,0.0177,56618000.0,0.0,0.0,-0.1393,0.0,2649000.0,BALANCED,-3.4823
2016-10-31,SOXS,ARCX:SOXS,0.0,15.36,-0.017,56618000.0,0.0,0.0,-0.0674,0.0,-1902000.0,BALANCED,-1.6844
2016-11-01,SOXS,ARCX:SOXS,0.0,15.78,0.0271,56618000.0,0.0,0.0,-0.0674,0.0,-1902000.0,BALANCED,-1.6844
2016-11-02,SOXS,ARCX:SOXS,0.0,16.1,0.0202,56618000.0,0.0,0.0,-0.0674,0.0,-4142000.0,BALANCED,-1.6844
2016-11-03,SOXS,ARCX:SOXS,0.0,16.19,0.006,56618000.0,0.0,0.0,-0.0674,0.0,-4876000.0,BALANCED,-1.6844
2016-11-04,SOXS,ARCX:SOXS,0.0,16.49,0.0183,56618000.0,0.0,0.0,-0.0674,0.0,-4876000.0,BALANCED,-1.6844
2016-11-07,SOXS,ARCX:SOXS,0.0,15.07,-0.0859,56618000.0,0.0,0.0,-0.0674,0.0,-4876000.0,BALANCED,-1.6844
2016-11-08,SOXS,ARCX:SOXS,0.0,14.97,-0.0066,56618000.0,0.0,0.0,-0.0674,0.0,-4876000.0,BALANCED,-1.6844
2016-11-09,SOXS,ARCX:SOXS,0.0,15.2,0.0148,56618000.0,0.0,0.0,-0.0674,0.0,-4876000.0,BALANCED,-1.6844
2016-11-10,SOXS,ARCX:SOXS,-9698000.0,16.16,0.0637,46920000.0,0.0,-9698000.0,-4.2699,-9698000.0,-14574000.0,DISTRIBUTION,-100.0
2016-11-11,SOXS,ARCX:SOXS,0.0,14.29,-0.116,46920000.0,0.0,0.0,0.106,-9698000.0,-9698000.0,BALANCED,-7.3495
2016-11-14,SOXS,ARCX:SOXS,0.0,14.55,0.0184,46920000.0,0.0,0.0,0.191,-9698000.0,-9698000.0,BALANCED,-5.2259
2016-11-15,SOXS,ARCX:SOXS,0.0,13.72,-0.0575,46920000.0,0.0,0.0,0.191,-9698000.0,-9698000.0,BALANCED,-5.2259
2016-11-16,SOXS,ARCX:SOXS,0.0,13.25,-0.0342,46920000.0,0.0,0.0,0.2348,-9698000.0,-9698000.0,BALANCED,-4.1307
2016-11-17,SOXS,ARCX:SOXS,0.0,12.81,-0.0332,46920000.0,0.0,0.0,0.2486,0.0,-9698000.0,BALANCED,6.2149
2016-11-18,SOXS,ARCX:SOXS,0.0,12.55,-0.0201,46920000.0,0.0,0.0,0.2486,0.0,-9698000.0,BALANCED,6.2149
2016-11-21,SOXS,ARCX:SOXS,0.0,12.27,-0.0219,46920000.0,0.0,0.0,0.2486,0.0,-9698000.0,BALANCED,6.2149
2016-11-22,SOXS,ARCX:SOXS,-2376000.0,11.88,-0.032,44544000.0,0.0,-2376000.0,-0.9138,-2376000.0,-12074000.0,BALANCED,-34.8457
2016-11-23,SOXS,ARCX:SOXS,0.0,11.83,-0.0041,44544000.0,0.0,0.0,0.2851,-2376000.0,-12074000.0,BALANCED,-2.8725
2016-11-25,SOXS,ARCX:SOXS,0.0,11.77,-0.0056,44544000.0,0.0,0.0,0.2851,-2376000.0,-12074000.0,BALANCED,-2.8725
2016-11-28,SOXS,ARCX:SOXS,1784000.0,11.89,0.0106,46328000.0,1784000.0,0.0,1.1492,-592000.0,-10290000.0,BALANCED,20.7292
2016-11-29,SOXS,ARCX:SOXS,0.0,11.96,0.0059,46328000.0,0.0,0.0,0.1853,-592000.0,-10290000.0,BALANCED,-5.3671
2016-11-30,SOXS,ARCX:SOXS,0.0,12.19,0.0189,46328000.0,0.0,0.0,0.1853,1784000.0,-10290000.0,BALANCED,14.6329
2016-12-01,SOXS,ARCX:SOXS,0.0,13.96,0.1456,46328000.0,0.0,0.0,0.1853,1784000.0,-10290000.0,BALANCED,14.6329
2016-12-02,SOXS,ARCX:SOXS,0.0,13.41,-0.0395,46328000.0,0.0,0.0,0.1853,1784000.0,-10290000.0,BALANCED,14.6329
2016-12-05,SOXS,ARCX:SOXS,646000.0,12.92,-0.0369,46974000.0,646000.0,0.0,0.5205,646000.0,-9644000.0,BALANCED,25.0122
2016-12-06,SOXS,ARCX:SOXS,0.0,12.38,-0.0415,46974000.0,0.0,0.0,0.1729,646000.0,-9644000.0,BALANCED,14.3236
2016-12-07,SOXS,ARCX:SOXS,0.0,11.59,-0.0636,46974000.0,0.0,0.0,0.1729,646000.0,-9644000.0,BALANCED,14.3236
2016-12-08,SOXS,ARCX:SOXS,0.0,11.31,-0.0245,46974000.0,0.0,0.0,0.1729,646000.0,-9644000.0,BALANCED,14.3236
2016-12-09,SOXS,ARCX:SOXS,0.0,11.43,0.0107,46974000.0,0.0,0.0,0.1729,646000.0,54000.0,BALANCED,14.3236
2016-12-12,SOXS,ARCX:SOXS,0.0,11.69,0.0232,46974000.0,0.0,0.0,0.1729,0.0,54000.0,BALANCED,4.3236
2016-12-13,SOXS,ARCX:SOXS,-1129000.0,11.29,-0.0342,45845000.0,0.0,-1129000.0,-0.4132,-1129000.0,-1075000.0,BALANCED,-22.3289
2016-12-14,SOXS,ARCX:SOXS,0.0,11.33,0.003,45845000.0,0.0,0.0,0.1927,-1129000.0,-1075000.0,BALANCED,-5.1824
2016-12-15,SOXS,ARCX:SOXS,1073000.0,10.73,-0.0527,46918000.0,1073000.0,0.0,0.7424,-56000.0,-2000.0,BALANCED,10.5602
2016-12-16,SOXS,ARCX:SOXS,0.0,11.05,0.0301,46918000.0,0.0,0.0,0.1719,-56000.0,-2000.0,BALANCED,-5.7022
2016-12-19,SOXS,ARCX:SOXS,0.0,10.73,-0.0294,46918000.0,0.0,0.0,0.1719,-56000.0,-2000.0,BALANCED,-5.7022
2016-12-20,SOXS,ARCX:SOXS,522000.0,10.43,-0.0274,47440000.0,522000.0,0.0,0.4389,1595000.0,520000.0,BALANCED,22.9729
2016-12-21,SOXS,ARCX:SOXS,0.0,10.42,-0.0011,47440000.0,0.0,0.0,0.1622,1595000.0,2896000.0,BALANCED,14.0546
2016-12-22,SOXS,ARCX:SOXS,0.0,10.26,-0.0154,47440000.0,0.0,0.0,0.1622,522000.0,2896000.0,BALANCED,14.0546
2016-12-23,SOXS,ARCX:SOXS,1515000.0,10.1,-0.0157,48955000.0,1515000.0,0.0,2.0754,2037000.0,4411000.0,ACCUMULATION,63.8839
2016-12-27,SOXS,ARCX:SOXS,973000.0,9.73,-0.0368,49928000.0,973000.0,0.0,1.2182,3010000.0,3600000.0,BALANCED,44.455
2016-12-28,SOXS,ARCX:SOXS,0.0,10.29,0.0578,49928000.0,0.0,0.0,-0.14,2488000.0,3600000.0,BALANCED,6.5011
2016-12-29,SOXS,ARCX:SOXS,0.0,10.29,-0.0004,49928000.0,0.0,0.0,-0.14,2488000.0,3600000.0,BALANCED,6.5011
2016-12-30,SOXS,ARCX:SOXS,0.0,10.78,0.0481,49928000.0,0.0,0.0,-0.14,2488000.0,3600000.0,BALANCED,6.5011
2017-01-03,SOXS,ARCX:SOXS,0.0,10.75,-0.0029,49928000.0,0.0,0.0,-0.14,973000.0,3600000.0,BALANCED,6.5011
2017-01-04,SOXS,ARCX:SOXS,0.0,10.66,-0.008,49928000.0,0.0,0.0,-0.14,0.0,2954000.0,BALANCED,-3.4989
2017-01-05,SOXS,ARCX:SOXS,0.0,10.95,0.0267,49928000.0,0.0,0.0,-0.14,0.0,2954000.0,BALANCED,-3.4989
2017-01-06,SOXS,ARCX:SOXS,0.0,10.7,-0.0231,49928000.0,0.0,0.0,-0.3301,0.0,2954000.0,BALANCED,-8.2514
2017-01-09,SOXS,ARCX:SOXS,517000.0,10.35,-0.0327,50445000.0,517000.0,0.0,0.5866,517000.0,3471000.0,BALANCED,26.6644
2017-01-10,SOXS,ARCX:SOXS,0.0,10.19,-0.0146,50445000.0,0.0,0.0,-0.3602,517000.0,3471000.0,BALANCED,0.9944
2017-01-11,SOXS,ARCX:SOXS,0.0,10.08,-0.0113,50445000.0,0.0,0.0,-0.3002,517000.0,3471000.0,BALANCED,2.4948
2017-01-12,SOXS,ARCX:SOXS,0.0,10.35,0.0271,50445000.0,0.0,0.0,-0.3002,517000.0,4600000.0,BALANCED,2.4948
2017-01-13,SOXS,ARCX:SOXS,0.0,10.13,-0.0212,50445000.0,0.0,0.0,-0.3002,517000.0,4600000.0,BALANCED,2.4948
2017-01-17,SOXS,ARCX:SOXS,0.0,10.63,0.0493,50445000.0,0.0,0.0,-0.3002,0.0,3527000.0,BALANCED,-7.5052
2017-01-18,SOXS,ARCX:SOXS,0.0,10.18,-0.0425,50445000.0,0.0,0.0,-0.3002,0.0,3527000.0,BALANCED,-7.5052
2017-01-19,SOXS,ARCX:SOXS,0.0,10.32,0.0141,50445000.0,0.0,0.0,-0.2586,0.0,3527000.0,BALANCED,-6.4644
2017-01-20,SOXS,ARCX:SOXS,0.0,9.92,-0.0391,50445000.0,0.0,0.0,-0.2586,0.0,3005000.0,BALANCED,-6.4644
2017-01-23,SOXS,ARCX:SOXS,0.0,10.12,0.0201,50445000.0,0.0,0.0,-0.2586,0.0,3005000.0,BALANCED,-6.4644
2017-01-24,SOXS,ARCX:SOXS,0.0,9.51,-0.0605,50445000.0,0.0,0.0,-0.2586,0.0,3005000.0,BALANCED,-6.4644
2017-01-25,SOXS,ARCX:SOXS,0.0,9.1,-0.0435,50445000.0,0.0,0.0,-0.2586,0.0,1490000.0,BALANCED,-6.4644
2017-01-26,SOXS,ARCX:SOXS,926000.0,9.26,0.018,51371000.0,926000.0,0.0,1.6565,926000.0,1443000.0,ACCUMULATION,53.412
2017-01-27,SOXS,ARCX:SOXS,0.0,8.9,-0.0391,51371000.0,0.0,0.0,-0.4541,926000.0,1443000.0,BALANCED,-1.3514
2017-01-30,SOXS,ARCX:SOXS,0.0,9.05,0.0169,51371000.0,0.0,0.0,-0.4541,926000.0,1443000.0,BALANCED,-1.3514
2017-01-31,SOXS,ARCX:SOXS,0.0,9.4,0.039,51371000.0,0.0,0.0,-0.4008,926000.0,1443000.0,BALANCED,-0.019
2017-02-01,SOXS,ARCX:SOXS,0.0,8.93,-0.0503,51371000.0,0.0,0.0,-0.4008,926000.0,1443000.0,BALANCED,-0.019
2017-02-02,SOXS,ARCX:SOXS,0.0,8.96,0.0032,51371000.0,0.0,0.0,-0.4008,0.0,1443000.0,BALANCED,-10.019
2017-02-03,SOXS,ARCX:SOXS,0.0,8.8,-0.017,51371000.0,0.0,0.0,-0.3595,0.0,1443000.0,BALANCED,-8.9887
2017-02-06,SOXS,ARCX:SOXS,1741000.0,8.71,-0.0111,53112000.0,1741000.0,0.0,3.323,1741000.0,3184000.0,ACCUMULATION,95.0745
2017-02-07,SOXS,ARCX:SOXS,3017000.0,8.62,-0.0099,56129000.0,3017000.0,0.0,3.9277,4758000.0,5684000.0,ACCUMULATION,100.0
2017-02-08,SOXS,ARCX:SOXS,429000.0,8.58,-0.0048,56558000.0,429000.0,0.0,0.2678,5187000.0,6113000.0,BALANCED,22.6956
2017-02-09,SOXS,ARCX:SOXS,0.0,8.8,0.0257,56558000.0,0.0,0.0,-0.3439,5187000.0,6113000.0,BALANCED,1.4028
2017-02-10,SOXS,ARCX:SOXS,1764000.0,8.82,0.0024,58322000.0,1764000.0,0.0,2.1206,6951000.0,7877000.0,ACCUMULATION,65.016
2017-02-13,SOXS,ARCX:SOXS,0.0,8.75,-0.0082,58322000.0,0.0,0.0,-0.3998,5210000.0,7877000.0,BALANCED,0.0055
2017-02-14,SOXS,ARCX:SOXS,0.0,8.83,0.0096,58322000.0,0.0,0.0,-0.3998,2193000.0,7877000.0,BALANCED,0.0055
2017-02-15,SOXS,ARCX:SOXS,0.0,8.61,-0.0246,58322000.0,0.0,0.0,-0.3998,1764000.0,7877000.0,BALANCED,0.0055
2017-02-16,SOXS,ARCX:SOXS,859000.0,8.59,-0.0028,59181000.0,859000.0,0.0,0.7803,2623000.0,8736000.0,BALANCED,31.5073
2017-02-17,SOXS,ARCX:SOXS,0.0,8.44,-0.0174,59181000.0,0.0,0.0,-0.4371,859000.0,8736000.0,BALANCED,-0.9282
2017-02-21,SOXS,ARCX:SOXS,0.0,8.09,-0.0419,59181000.0,0.0,0.0,-0.4371,859000.0,8736000.0,BALANCED,-0.9282
2017-02-22,SOXS,ARCX:SOXS,0.0,8.09,0.0,59181000.0,0.0,0.0,-0.4121,859000.0,8736000.0,BALANCED,-0.3024
2017-02-23,SOXS,ARCX:SOXS,1272000.0,8.48,0.049,60453000.0,1272000.0,0.0,1.2918,2131000.0,10008000.0,BALANCED,44.2944
2017-02-24,SOXS,ARCX:SOXS,0.0,8.49,0.0014,60453000.0,0.0,0.0,-0.4592,1272000.0,9082000.0,BALANCED,-1.4806
2017-02-27,SOXS,ARCX:SOXS,1649000.0,8.25,-0.0293,62102000.0,1649000.0,0.0,1.6544,2921000.0,10731000.0,ACCUMULATION,53.3608
2017-02-28,SOXS,ARCX:SOXS,0.0,8.57,0.039,62102000.0,0.0,0.0,-0.51,2921000.0,10731000.0,BALANCED,-2.7507
2017-03-01,SOXS,ARCX:SOXS,0.0,8.15,-0.0491,62102000.0,0.0,0.0,-0.51,2921000.0,10731000.0,BALANCED,-2.7507
2017-03-02,SOXS,ARCX:SOXS,0.0,8.42,0.0333,62102000.0,0.0,0.0,-0.51,1649000.0,10731000.0,BALANCED,-2.7507
2017-03-03,SOXS,ARCX:SOXS,0.0,8.43,0.0012,62102000.0,0.0,0.0,-0.51,1649000.0,10731000.0,BALANCED,-2.7507
2017-03-06,SOXS,ARCX:SOXS,0.0,8.42,-0.0011,62102000.0,0.0,0.0,-0.51,0.0,10731000.0,BALANCED,-12.7507
2017-03-07,SOXS,ARCX:SOXS,1252000.0,8.35,-0.0082,63354000.0,1252000.0,0.0,1.0616,1252000.0,10242000.0,BALANCED,38.5398
2017-03-08,SOXS,ARCX:SOXS,0.0,8.29,-0.0066,63354000.0,0.0,0.0,-0.5559,1252000.0,7225000.0,BALANCED,-3.8981
2017-03-09,SOXS,ARCX:SOXS,0.0,8.26,-0.0045,63354000.0,0.0,0.0,-0.5559,1252000.0,6796000.0,BALANCED,-3.8981
2017-03-10,SOXS,ARCX:SOXS,0.0,7.97,-0.035,63354000.0,0.0,0.0,-0.5174,1252000.0,6796000.0,BALANCED,-2.9344
2017-03-13,SOXS,ARCX:SOXS,0.0,7.79,-0.0225,63354000.0,0.0,0.0,-0.5174,1252000.0,5032000.0,BALANCED,-2.9344
2017-03-14,SOXS,ARCX:SOXS,0.0,7.86,0.0092,63354000.0,0.0,0.0,-0.5174,0.0,5032000.0,BALANCED,-12.9344
2017-03-15,SOXS,ARCX:SOXS,0.0,7.66,-0.025,63354000.0,0.0,0.0,-0.5174,0.0,5032000.0,BALANCED,-12.9344
2017-03-16,SOXS,ARCX:SOXS,0.0,7.7,0.0042,63354000.0,0.0,0.0,-0.5174,0.0,5032000.0,BALANCED,-12.9344
2017-03-17,SOXS,ARCX:SOXS,0.0,7.66,-0.0052,63354000.0,0.0,0.0,-0.5174,0.0,4173000.0,BALANCED,-12.9344
2017-03-20,SOXS,ARCX:SOXS,0.0,7.48,-0.0229,63354000.0,0.0,0.0,-0.5174,0.0,4173000.0,BALANCED,-12.9344
2017-03-21,SOXS,ARCX:SOXS,0.0,8.01,0.0708,63354000.0,0.0,0.0,-0.4663,0.0,4173000.0,BALANCED,-11.6579
2017-03-22,SOXS,ARCX:SOXS,0.0,7.74,-0.0331,63354000.0,0.0,0.0,-0.453,0.0,4173000.0,BALANCED,-11.3238
2017-03-23,SOXS,ARCX:SOXS,780000.0,7.8,0.0075,64134000.0,780000.0,0.0,0.9772,780000.0,3681000.0,BALANCED,36.4298
2017-03-24,SOXS,ARCX:SOXS,0.0,7.63,-0.0225,64134000.0,0.0,0.0,-0.4678,780000.0,3681000.0,BALANCED,-1.6961
2017-03-27,SOXS,ARCX:SOXS,0.0,7.59,-0.0047,64134000.0,0.0,0.0,-0.4216,780000.0,2032000.0,BALANCED,-0.5388
2017-03-28,SOXS,ARCX:SOXS,0.0,7.52,-0.0093,64134000.0,0.0,0.0,-0.4216,780000.0,2032000.0,BALANCED,-0.5388
2017-03-29,SOXS,ARCX:SOXS,0.0,7.58,0.0074,64134000.0,0.0,0.0,-0.4216,780000.0,2032000.0,BALANCED,-0.5388
2017-03-30,SOXS,ARCX:SOXS,0.0,7.46,-0.0158,64134000.0,0.0,0.0,-0.4216,0.0,2032000.0,BALANCED,-10.5388
2017-03-31,SOXS,ARCX:SOXS,373000.0,7.46,0.0011,64507000.0,373000.0,0.0,0.4406,373000.0,2405000.0,BALANCED,23.0159
2017-04-03,SOXS,ARCX:SOXS,0.0,7.59,0.0167,64507000.0,0.0,0.0,-0.4002,373000.0,2405000.0,BALANCED,-0.0052
2017-04-04,SOXS,ARCX:SOXS,0.0,7.71,0.0159,64507000.0,0.0,0.0,-0.4002,373000.0,1153000.0,BALANCED,-0.0052
2017-04-05,SOXS,ARCX:SOXS,-1967000.0,7.87,0.0209,62540000.0,0.0,-1967000.0,-3.5149,-1594000.0,-814000.0,DISTRIBUTION,-99.8731
2017-04-06,SOXS,ARCX:SOXS,0.0,7.84,-0.0034,62540000.0,0.0,0.0,-0.1266,-1594000.0,-814000.0,BALANCED,-13.1647
2017-04-07,SOXS,ARCX:SOXS,0.0,7.73,-0.0139,62540000.0,0.0,0.0,-0.1266,-1967000.0,-814000.0,BALANCED,-13.1647
2017-04-10,SOXS,ARCX:SOXS,0.0,7.91,0.0231,62540000.0,0.0,0.0,-0.0316,-1967000.0,-814000.0,BALANCED,-10.7908
2017-04-11,SOXS,ARCX:SOXS,0.0,8.11,0.0251,62540000.0,0.0,0.0,-0.0316,-1967000.0,-814000.0,BALANCED,-10.7908
2017-04-12,SOXS,ARCX:SOXS,0.0,8.53,0.0513,62540000.0,0.0,0.0,-0.0316,0.0,-814000.0,BALANCED,-0.7908
2017-04-13,SOXS,ARCX:SOXS,0.0,8.7,0.0204,62540000.0,0.0,0.0,-0.0316,0.0,-814000.0,BALANCED,-0.7908
2017-04-17,SOXS,ARCX:SOXS,0.0,8.36,-0.0392,62540000.0,0.0,0.0,-0.0316,0.0,-814000.0,BALANCED,-0.7908
2017-04-18,SOXS,ARCX:SOXS,-1651000.0,8.25,-0.0126,60889000.0,0.0,-1651000.0,-2.9137,-1651000.0,-2465000.0,DISTRIBUTION,-84.8416
2017-04-19,SOXS,ARCX:SOXS,0.0,8.12,-0.0165,60889000.0,0.0,0.0,0.1656,-1651000.0,-2465000.0,BALANCED,-5.8601
2017-04-20,SOXS,ARCX:SOXS,0.0,7.73,-0.0473,60889000.0,0.0,0.0,0.1656,-1651000.0,-2465000.0,BALANCED,-5.8601
2017-04-21,SOXS,ARCX:SOXS,0.0,7.84,0.014,60889000.0,0.0,0.0,0.1656,-1651000.0,-3245000.0,BALANCED,-5.8601
2017-04-24,SOXS,ARCX:SOXS,0.0,7.49,-0.0448,60889000.0,0.0,0.0,0.1656,-1651000.0,-3245000.0,BALANCED,-5.8601
2017-04-25,SOXS,ARCX:SOXS,1454000.0,7.27,-0.0298,62343000.0,1454000.0,0.0,2.6099,1454000.0,-1791000.0,ACCUMULATION,77.2487
2017-04-26,SOXS,ARCX:SOXS,0.0,7.45,0.0255,62343000.0,0.0,0.0,0.0591,1454000.0,-1791000.0,BALANCED,11.478
2017-04-27,SOXS,ARCX:SOXS,0.0,7.13,-0.0435,62343000.0,0.0,0.0,0.0591,1454000.0,-1791000.0,BALANCED,11.478
2017-04-28,SOXS,ARCX:SOXS,0.0,7.5,0.0515,62343000.0,0.0,0.0,0.0591,1454000.0,-1791000.0,BALANCED,11.478
2017-05-01,SOXS,ARCX:SOXS,364000.0,36.38,-0.0295,62707000.0,364000.0,0.0,0.671,1818000.0,-1800000.0,BALANCED,28.7752
2017-05-02,SOXS,ARCX:SOXS,0.0,37.54,0.032,62707000.0,0.0,0.0,0.0375,364000.0,-1800000.0,BALANCED,10.9383
2017-05-03,SOXS,ARCX:SOXS,0.0,37.09,-0.012,62707000.0,0.0,0.0,0.0375,364000.0,-1800000.0,BALANCED,10.9383
2017-05-04,SOXS,ARCX:SOXS,0.0,37.22,0.0037,62707000.0,0.0,0.0,0.0375,364000.0,167000.0,BALANCED,10.9383
2017-05-05,SOXS,ARCX:SOXS,0.0,36.76,-0.0124,62707000.0,0.0,0.0,0.0858,364000.0,167000.0,BALANCED,12.145
2017-05-08,SOXS,ARCX:SOXS,0.0,37.19,0.0115,62707000.0,0.0,0.0,0.0858,0.0,167000.0,BALANCED,2.145
2017-05-09,SOXS,ARCX:SOXS,0.0,36.04,-0.0308,62707000.0,0.0,0.0,0.0858,0.0,167000.0,BALANCED,2.145
2017-05-10,SOXS,ARCX:SOXS,0.0,33.77,-0.0631,62707000.0,0.0,0.0,0.0858,0.0,167000.0,BALANCED,2.145
2017-05-11,SOXS,ARCX:SOXS,0.0,33.43,-0.0102,62707000.0,0.0,0.0,0.0858,0.0,167000.0,BALANCED,2.145
2017-05-12,SOXS,ARCX:SOXS,0.0,33.13,-0.0089,62707000.0,0.0,0.0,0.0858,0.0,167000.0,BALANCED,2.145
2017-05-15,SOXS,ARCX:SOXS,0.0,31.62,-0.0453,62707000.0,0.0,0.0,0.1093,0.0,167000.0,BALANCED,2.7334
2017-05-16,SOXS,ARCX:SOXS,0.0,30.21,-0.0447,62707000.0,0.0,0.0,0.1093,0.0,1818000.0,BALANCED,2.7334
2017-05-17,SOXS,ARCX:SOXS,0.0,34.17,0.131,62707000.0,0.0,0.0,0.1093,0.0,1818000.0,BALANCED,2.7334
2017-05-18,SOXS,ARCX:SOXS,4834000.0,32.23,-0.0568,67541000.0,4834000.0,0.0,4.7924,4834000.0,6652000.0,ACCUMULATION,100.0
2017-05-19,SOXS,ARCX:SOXS,0.0,31.15,-0.0336,67541000.0,0.0,0.0,-0.1712,4834000.0,6652000.0,BALANCED,5.7208
2017-05-22,SOXS,ARCX:SOXS,0.0,30.13,-0.0326,67541000.0,0.0,0.0,-0.1712,4834000.0,6652000.0,BALANCED,5.7208
2017-05-23,SOXS,ARCX:SOXS,3049000.0,30.49,0.012,70590000.0,3049000.0,0.0,2.5141,7883000.0,8247000.0,ACCUMULATION,74.852
2017-05-24,SOXS,ARCX:SOXS,0.0,29.9,-0.0194,70590000.0,0.0,0.0,-0.2426,7883000.0,8247000.0,BALANCED,3.9348
2017-05-25,SOXS,ARCX:SOXS,0.0,29.41,-0.0164,70590000.0,0.0,0.0,-0.2426,3049000.0,8247000.0,BALANCED,3.9348
2017-05-26,SOXS,ARCX:SOXS,0.0,29.02,-0.0133,70590000.0,0.0,0.0,-0.2426,3049000.0,8247000.0,BALANCED,3.9348
2017-05-30,SOXS,ARCX:SOXS,4270000.0,28.46,-0.019,74860000.0,4270000.0,0.0,2.9157,7319000.0,12153000.0,ACCUMULATION,84.8916
2017-05-31,SOXS,ARCX:SOXS,0.0,28.47,0.0001,74860000.0,0.0,0.0,-0.3672,4270000.0,12153000.0,BALANCED,0.8192
2017-06-01,SOXS,ARCX:SOXS,0.0,28.38,-0.003,74860000.0,0.0,0.0,-0.3672,4270000.0,12153000.0,BALANCED,0.8192
2017-06-02,SOXS,ARCX:SOXS,0.0,27.54,-0.0296,74860000.0,0.0,0.0,-0.3672,4270000.0,12153000.0,BALANCED,0.8192
2017-06-05,SOXS,ARCX:SOXS,0.0,27.32,-0.008,74860000.0,0.0,0.0,-0.3672,4270000.0,12153000.0,BALANCED,0.8192
2017-06-06,SOXS,ARCX:SOXS,1352000.0,27.04,-0.0104,76212000.0,1352000.0,0.0,0.6598,1352000.0,13505000.0,BALANCED,28.4945
2017-06-07,SOXS,ARCX:SOXS,0.0,26.42,-0.0228,76212000.0,0.0,0.0,-0.3653,1352000.0,13505000.0,BALANCED,0.8675
2017-06-08,SOXS,ARCX:SOXS,0.0,25.01,-0.0535,76212000.0,0.0,0.0,-0.3653,1352000.0,13505000.0,BALANCED,0.8675
2017-06-09,SOXS,ARCX:SOXS,1409000.0,28.19,0.1272,77621000.0,1409000.0,0.0,0.7063,2761000.0,14914000.0,BALANCED,29.657
2017-06-12,SOXS,ARCX:SOXS,-1431000.0,28.62,0.0155,76190000.0,0.0,-1431000.0,-1.4342,1330000.0,13483000.0,BALANCED,-27.8549
2017-06-13,SOXS,ARCX:SOXS,-4212000.0,28.08,-0.0191,71978000.0,0.0,-4212000.0,-2.8766,-4234000.0,9271000.0,DISTRIBUTION,-85.9148
2017-06-14,SOXS,ARCX:SOXS,0.0,28.97,0.0317,71978000.0,0.0,0.0,-0.1966,-4234000.0,9271000.0,BALANCED,-14.9157
2017-06-15,SOXS,ARCX:SOXS,0.0,29.67,0.0242,71978000.0,0.0,0.0,-0.1966,-4234000.0,9271000.0,BALANCED,-14.9157
2017-06-16,SOXS,ARCX:SOXS,0.0,29.97,0.0101,71978000.0,0.0,0.0,-0.1966,-5643000.0,4437000.0,BALANCED,-14.9157
2017-06-19,SOXS,ARCX:SOXS,0.0,28.23,-0.0581,71978000.0,0.0,0.0,-0.1966,-4212000.0,4437000.0,BALANCED,-14.9157
2017-06-20,SOXS,ARCX:SOXS,0.0,29.24,0.036,71978000.0,0.0,0.0,-0.1966,0.0,4437000.0,BALANCED,-4.9157
2017-06-21,SOXS,ARCX:SOXS,0.0,28.22,-0.0349,71978000.0,0.0,0.0,-0.1966,0.0,1388000.0,BALANCED,-4.9157
2017-06-22,SOXS,ARCX:SOXS,0.0,28.42,0.0069,71978000.0,0.0,0.0,-0.1966,0.0,1388000.0,BALANCED,-4.9157
2017-06-23,SOXS,ARCX:SOXS,1407000.0,28.15,-0.0095,73385000.0,1407000.0,0.0,0.6639,1407000.0,2795000.0,BALANCED,28.5985
2017-06-26,SOXS,ARCX:SOXS,0.0,28.86,0.0252,73385000.0,0.0,0.0,-0.2248,1407000.0,2795000.0,BALANCED,4.3791
2017-06-27,SOXS,ARCX:SOXS,0.0,31.2,0.0812,73385000.0,0.0,0.0,-0.2248,1407000.0,-1475000.0,BALANCED,4.3791
2017-06-28,SOXS,ARCX:SOXS,0.0,29.55,-0.053,73385000.0,0.0,0.0,-0.2248,1407000.0,-1475000.0,BALANCED,4.3791
2017-06-29,SOXS,ARCX:SOXS,0.0,31.77,0.0753,73385000.0,0.0,0.0,-0.2248,1407000.0,-1475000.0,BALANCED,4.3791
2017-06-30,SOXS,ARCX:SOXS,-1614000.0,32.27,0.0159,71771000.0,0.0,-1614000.0,-1.273,-1614000.0,-3089000.0,BALANCED,-43.8247
2017-07-03,SOXS,ARCX:SOXS,0.0,33.63,0.0419,71771000.0,0.0,0.0,-0.1023,-1614000.0,-3089000.0,BALANCED,-12.5569
2017-07-05,SOXS,ARCX:SOXS,0.0,31.53,-0.0625,71771000.0,0.0,0.0,-0.1023,-1614000.0,-4441000.0,BALANCED,-12.5569
2017-07-06,SOXS,ARCX:SOXS,0.0,31.96,0.0137,71771000.0,0.0,0.0,-0.0311,-1614000.0,-4441000.0,BALANCED,-10.7783
2017-07-07,SOXS,ARCX:SOXS,0.0,30.31,-0.0514,71771000.0,0.0,0.0,-0.0311,-1614000.0,-4441000.0,BALANCED,-10.7783
2017-07-10,SOXS,ARCX:SOXS,2926000.0,29.26,-0.0347,74697000.0,2926000.0,0.0,2.0361,2926000.0,-2924000.0,ACCUMULATION,62.9013
2017-07-11,SOXS,ARCX:SOXS,0.0,28.58,-0.0233,74697000.0,0.0,0.0,-0.0999,2926000.0,-1493000.0,BALANCED,7.5016
2017-07-12,SOXS,ARCX:SOXS,0.0,27.19,-0.0486,74697000.0,0.0,0.0,0.0048,2926000.0,2719000.0,BALANCED,10.1207
2017-07-13,SOXS,ARCX:SOXS,2740000.0,27.4,0.0076,77437000.0,2740000.0,0.0,2.1539,5666000.0,5459000.0,ACCUMULATION,65.8469
2017-07-14,SOXS,ARCX:SOXS,0.0,26.33,-0.0388,77437000.0,0.0,0.0,-0.0697,5666000.0,5459000.0,BALANCED,8.2572
2017-07-17,SOXS,ARCX:SOXS,2668000.0,26.68,0.013,80105000.0,2668000.0,0.0,1.8901,5408000.0,8127000.0,ACCUMULATION,59.2531
2017-07-18,SOXS,ARCX:SOXS,1320000.0,26.4,-0.0103,81425000.0,1320000.0,0.0,0.8249,6728000.0,9447000.0,BALANCED,34.6221
2017-07-19,SOXS,ARCX:SOXS,0.0,25.7,-0.0266,81425000.0,0.0,0.0,-0.1318,6728000.0,9447000.0,BALANCED,6.7042
2017-07-20,SOXS,ARCX:SOXS,1273000.0,25.46,-0.0092,82698000.0,1273000.0,0.0,0.793,5261000.0,10720000.0,BALANCED,31.8244
2017-07-21,SOXS,ARCX:SOXS,-1304000.0,26.09,0.0246,81394000.0,0.0,-1304000.0,-1.0851,3957000.0,9416000.0,BALANCED,-19.1267
2017-07-24,SOXS,ARCX:SOXS,0.0,26.41,0.0123,81394000.0,0.0,0.0,-0.0938,1289000.0,8009000.0,BALANCED,7.6553
2017-07-25,SOXS,ARCX:SOXS,0.0,26.44,0.0012,81394000.0,0.0,0.0,-0.1325,-31000.0,8009000.0,BALANCED,-13.3135
2017-07-26,SOXS,ARCX:SOXS,0.0,25.53,-0.0346,81394000.0,0.0,0.0,-0.3092,-31000.0,8009000.0,BALANCED,-17.7303
2017-07-27,SOXS,ARCX:SOXS,0.0,26.73,0.0473,81394000.0,0.0,0.0,-0.3092,-1304000.0,8009000.0,BALANCED,-17.7303
2017-07-28,SOXS,ARCX:SOXS,0.0,27.05,0.0119,81394000.0,0.0,0.0,-0.3092,0.0,8009000.0,BALANCED,-7.7303
2017-07-31,SOXS,ARCX:SOXS,1382000.0,27.64,0.0216,82776000.0,1382000.0,0.0,0.9908,1382000.0,11005000.0,BALANCED,36.7702
2017-08-01,SOXS,ARCX:SOXS,0.0,27.18,-0.0165,82776000.0,0.0,0.0,-0.3489,1382000.0,11005000.0,BALANCED,1.2769
2017-08-02,SOXS,ARCX:SOXS,0.0,27.72,0.0198,82776000.0,0.0,0.0,-0.3489,1382000.0,11005000.0,BALANCED,1.2769
2017-08-03,SOXS,ARCX:SOXS,1403000.0,28.06,0.0124,84179000.0,1403000.0,0.0,0.9522,2785000.0,12408000.0,BALANCED,35.8038
2017-08-04,SOXS,ARCX:SOXS,2801000.0,28.01,-0.002,86980000.0,2801000.0,0.0,2.0355,5586000.0,15209000.0,ACCUMULATION,64.887
2017-08-07,SOXS,ARCX:SOXS,0.0,26.55,-0.0522,86980000.0,0.0,0.0,-0.4044,4204000.0,12283000.0,BALANCED,-0.1096
2017-08-08,SOXS,ARCX:SOXS,0.0,26.86,0.0117,86980000.0,0.0,0.0,-0.4044,4204000.0,12283000.0,BALANCED,-0.1096
2017-08-09,SOXS,ARCX:SOXS,0.0,27.1,0.0091,86980000.0,0.0,0.0,-0.4044,4204000.0,12283000.0,BALANCED,-0.1096
2017-08-10,SOXS,ARCX:SOXS,0.0,29.37,0.0839,86980000.0,0.0,0.0,-0.4044,2801000.0,9543000.0,BALANCED,-0.1096
2017-08-11,SOXS,ARCX:SOXS,0.0,28.87,-0.0173,86980000.0,0.0,0.0,-0.4044,0.0,9543000.0,BALANCED,-10.1096
2017-08-14,SOXS,ARCX:SOXS,-2663000.0,26.63,-0.0774,84317000.0,0.0,-2663000.0,-2.5658,-2663000.0,4212000.0,DISTRIBUTION,-76.1461
2017-08-15,SOXS,ARCX:SOXS,0.0,26.44,-0.0073,84317000.0,0.0,0.0,-0.3483,-2663000.0,2892000.0,BALANCED,-18.7063
2017-08-16,SOXS,ARCX:SOXS,0.0,26.32,-0.0044,84317000.0,0.0,0.0,-0.3483,-2663000.0,2892000.0,BALANCED,-18.7063
2017-08-17,SOXS,ARCX:SOXS,0.0,28.35,0.0771,84317000.0,0.0,0.0,-0.3483,-2663000.0,1619000.0,BALANCED,-18.7063
2017-08-18,SOXS,ARCX:SOXS,0.0,28.18,-0.0059,84317000.0,0.0,0.0,-0.3483,-2663000.0,2923000.0,BALANCED,-18.7063
2017-08-21,SOXS,ARCX:SOXS,0.0,28.77,0.0207,84317000.0,0.0,0.0,-0.2902,0.0,2923000.0,BALANCED,-7.2539
2017-08-22,SOXS,ARCX:SOXS,0.0,27.37,-0.0487,84317000.0,0.0,0.0,-0.2902,0.0,2923000.0,BALANCED,-7.2539
2017-08-23,SOXS,ARCX:SOXS,1350000.0,27.01,-0.0131,85667000.0,1350000.0,0.0,0.8796,1350000.0,4273000.0,BALANCED,33.9904
2017-08-24,SOXS,ARCX:SOXS,0.0,27.04,0.0013,85667000.0,0.0,0.0,-0.2672,1350000.0,4273000.0,BALANCED,3.3192
2017-08-25,SOXS,ARCX:SOXS,1373000.0,27.46,0.0153,87040000.0,1373000.0,0.0,1.0082,2723000.0,5646000.0,BALANCED,37.2041
2017-08-28,SOXS,ARCX:SOXS,0.0,27.23,-0.0082,87040000.0,0.0,0.0,-0.2442,2723000.0,4264000.0,BALANCED,3.8946
2017-08-29,SOXS,ARCX:SOXS,0.0,27.04,-0.0069,87040000.0,0.0,0.0,-0.2024,2723000.0,4264000.0,BALANCED,4.9394
2017-08-30,SOXS,ARCX:SOXS,0.0,25.64,-0.052,87040000.0,0.0,0.0,-0.2024,1373000.0,4264000.0,BALANCED,4.9394
2017-08-31,SOXS,ARCX:SOXS,0.0,24.9,-0.0288,87040000.0,0.0,0.0,-0.1605,1373000.0,2861000.0,BALANCED,5.9886
2017-09-01,SOXS,ARCX:SOXS,0.0,24.57,-0.0132,87040000.0,0.0,0.0,-0.2188,0.0,60000.0,BALANCED,-5.4694
2017-09-05,SOXS,ARCX:SOXS,0.0,25.61,0.0422,87040000.0,0.0,0.0,-0.2188,0.0,60000.0,BALANCED,-5.4694
2017-09-06,SOXS,ARCX:SOXS,0.0,25.46,-0.0058,87040000.0,0.0,0.0,-0.2188,0.0,60000.0,BALANCED,-5.4694
2017-09-07,SOXS,ARCX:SOXS,0.0,25.33,-0.0048,87040000.0,0.0,0.0,-0.2188,0.0,60000.0,BALANCED,-5.4694
2017-09-08,SOXS,ARCX:SOXS,0.0,26.29,0.0378,87040000.0,0.0,0.0,-0.2188,0.0,60000.0,BALANCED,-5.4694
2017-09-11,SOXS,ARCX:SOXS,0.0,24.71,-0.0602,87040000.0,0.0,0.0,-0.2188,0.0,60000.0,BALANCED,-5.4694
2017-09-12,SOXS,ARCX:SOXS,0.0,24.39,-0.013,87040000.0,0.0,0.0,-0.1711,0.0,2723000.0,BALANCED,-4.278
2017-09-13,SOXS,ARCX:SOXS,0.0,24.27,-0.0049,87040000.0,0.0,0.0,-0.1711,0.0,2723000.0,BALANCED,-4.278
2017-09-14,SOXS,ARCX:SOXS,0.0,23.92,-0.0143,87040000.0,0.0,0.0,-0.1711,0.0,2723000.0,BALANCED,-4.278
2017-09-15,SOXS,ARCX:SOXS,3405000.0,22.7,-0.051,90445000.0,3405000.0,0.0,3.2,3405000.0,6128000.0,ACCUMULATION,91.9999
2017-09-18,SOXS,ARCX:SOXS,2184000.0,21.84,-0.038,92629000.0,2184000.0,0.0,2.1037,5589000.0,8312000.0,ACCUMULATION,66.5919
2017-09-19,SOXS,ARCX:SOXS,0.0,21.61,-0.0104,92629000.0,0.0,0.0,-0.1985,5589000.0,8312000.0,BALANCED,5.0378
2017-09-20,SOXS,ARCX:SOXS,6757000.0,22.52,0.0422,99386000.0,6757000.0,0.0,4.1521,12346000.0,15069000.0,ACCUMULATION,100.0
2017-09-21,SOXS,ARCX:SOXS,0.0,22.8,0.0124,99386000.0,0.0,0.0,-0.2707,12346000.0,13719000.0,BALANCED,3.2331
2017-09-22,SOXS,ARCX:SOXS,-3370000.0,22.47,-0.0146,96016000.0,0.0,-3370000.0,-2.1905,5571000.0,10349000.0,DISTRIBUTION,-46.763
2017-09-25,SOXS,ARCX:SOXS,0.0,23.8,0.0592,96016000.0,0.0,0.0,-0.1797,3387000.0,8976000.0,BALANCED,5.507
2017-09-26,SOXS,ARCX:SOXS,0.0,23.84,0.0015,96016000.0,0.0,0.0,-0.2466,3387000.0,8976000.0,BALANCED,3.8351
2017-09-27,SOXS,ARCX:SOXS,0.0,22.15,-0.071,96016000.0,0.0,0.0,-0.2466,-3370000.0,8976000.0,BALANCED,-16.1649
2017-09-28,SOXS,ARCX:SOXS,-3247000.0,21.64,-0.0226,92769000.0,0.0,-3247000.0,-2.0582,-6617000.0,5729000.0,DISTRIBUTION,-63.4538
2017-09-29,SOXS,ARCX:SOXS,0.0,21.09,-0.0256,92769000.0,0.0,0.0,-0.1643,-3247000.0,5729000.0,BALANCED,-14.1081
2017-10-02,SOXS,ARCX:SOXS,0.0,20.71,-0.0179,92769000.0,0.0,0.0,-0.1643,-3247000.0,5729000.0,BALANCED,-14.1081
2017-10-03,SOXS,ARCX:SOXS,0.0,20.52,-0.0092,92769000.0,0.0,0.0,-0.1643,-3247000.0,5729000.0,BALANCED,-14.1081
2017-10-04,SOXS,ARCX:SOXS,2038000.0,20.38,-0.007,94807000.0,2038000.0,0.0,0.9686,-1209000.0,7767000.0,BALANCED,16.2145
2017-10-05,SOXS,ARCX:SOXS,2034000.0,20.34,-0.002,96841000.0,2034000.0,0.0,0.9435,4072000.0,9801000.0,BALANCED,37.5876
2017-10-06,SOXS,ARCX:SOXS,0.0,20.06,-0.0135,96841000.0,0.0,0.0,-0.2115,4072000.0,9801000.0,BALANCED,4.7123
2017-10-09,SOXS,ARCX:SOXS,0.0,19.64,-0.0211,96841000.0,0.0,0.0,-0.1865,4072000.0,9801000.0,BALANCED,5.338
2017-10-10,SOXS,ARCX:SOXS,964000.0,19.28,-0.0182,97805000.0,964000.0,0.0,0.3449,5036000.0,10765000.0,BALANCED,20.6227
2017-10-11,SOXS,ARCX:SOXS,0.0,18.9,-0.0198,97805000.0,0.0,0.0,-0.2045,2998000.0,10765000.0,BALANCED,4.8872
2017-10-12,SOXS,ARCX:SOXS,4773000.0,19.09,0.0102,102578000.0,4773000.0,0.0,2.2062,5737000.0,15538000.0,ACCUMULATION,67.1551
2017-10-13,SOXS,ARCX:SOXS,936000.0,18.72,-0.0198,103514000.0,936000.0,0.0,0.2007,6673000.0,13069000.0,BALANCED,19.0175
2017-10-16,SOXS,ARCX:SOXS,1845000.0,18.45,-0.0141,105359000.0,1845000.0,0.0,0.6366,8518000.0,12730000.0,BALANCED,31.9161
2017-10-17,SOXS,ARCX:SOXS,0.0,18.49,0.0022,105359000.0,0.0,0.0,-0.3149,7554000.0,12730000.0,BALANCED,2.1264
2017-10-18,SOXS,ARCX:SOXS,916000.0,18.31,-0.0098,106275000.0,916000.0,0.0,0.142,8470000.0,6889000.0,BALANCED,15.5488
2017-10-19,SOXS,ARCX:SOXS,1845000.0,18.45,0.0077,108120000.0,1845000.0,0.0,0.5875,5542000.0,8734000.0,BALANCED,28.6879
2017-10-20,SOXS,ARCX:SOXS,0.0,18.17,-0.0151,108120000.0,0.0,0.0,-0.3614,4606000.0,12104000.0,BALANCED,0.9652
2017-10-23,SOXS,ARCX:SOXS,0.0,17.92,-0.014,108120000.0,0.0,0.0,-0.3614,2761000.0,12104000.0,BALANCED,0.9652
2017-10-24,SOXS,ARCX:SOXS,0.0,17.56,-0.0199,108120000.0,0.0,0.0,-0.3614,2761000.0,12104000.0,BALANCED,0.9652
2017-10-25,SOXS,ARCX:SOXS,3649000.0,18.24,0.0389,111769000.0,3649000.0,0.0,1.404,5494000.0,15753000.0,BALANCED,47.1011
2017-10-26,SOXS,ARCX:SOXS,0.0,17.9,-0.0189,111769000.0,0.0,0.0,-0.4097,3649000.0,19000000.0,BALANCED,-0.2432
2017-10-27,SOXS,ARCX:SOXS,0.0,16.75,-0.064,111769000.0,0.0,0.0,-0.3633,3649000.0,19000000.0,BALANCED,0.9175
2017-10-30,SOXS,ARCX:SOXS,0.0,16.63,-0.0071,111769000.0,0.0,0.0,-0.3288,3649000.0,19000000.0,BALANCED,1.7799
2017-10-31,SOXS,ARCX:SOXS,0.0,16.25,-0.0229,111769000.0,0.0,0.0,-0.3288,3649000.0,19000000.0,BALANCED,1.7799
2017-11-01,SOXS,ARCX:SOXS,0.0,16.41,0.0097,111769000.0,0.0,0.0,-0.2645,0.0,16962000.0,BALANCED,-6.6123
2017-11-02,SOXS,ARCX:SOXS,-1619000.0,16.19,-0.0137,110150000.0,0.0,-1619000.0,-1.234,-1619000.0,13309000.0,BALANCED,-42.8494
2017-11-03,SOXS,ARCX:SOXS,0.0,15.33,-0.0528,110150000.0,0.0,0.0,-0.3266,-1619000.0,13309000.0,BALANCED,-18.1651
2017-11-06,SOXS,ARCX:SOXS,0.0,14.69,-0.0416,110150000.0,0.0,0.0,-0.3266,-1619000.0,13309000.0,BALANCED,-18.1651
2017-11-07,SOXS,ARCX:SOXS,0.0,14.72,0.0019,110150000.0,0.0,0.0,-0.3266,-1619000.0,12345000.0,BALANCED,-18.1651
2017-11-08,SOXS,ARCX:SOXS,0.0,14.57,-0.0103,110150000.0,0.0,0.0,-0.3266,-1619000.0,12345000.0,BALANCED,-18.1651
2017-11-09,SOXS,ARCX:SOXS,0.0,15.45,0.0602,110150000.0,0.0,0.0,-0.4581,0.0,7572000.0,BALANCED,-11.4518
2017-11-10,SOXS,ARCX:SOXS,0.0,15.15,-0.0192,110150000.0,0.0,0.0,-0.4581,0.0,6636000.0,BALANCED,-11.4518
2017-11-13,SOXS,ARCX:SOXS,751000.0,15.03,-0.008,110901000.0,751000.0,0.0,0.1163,751000.0,5542000.0,BALANCED,14.9079
2017-11-14,SOXS,ARCX:SOXS,-753000.0,15.07,0.0027,110148000.0,0.0,-753000.0,-1.0407,-2000.0,4789000.0,BALANCED,-38.0185
2017-11-15,SOXS,ARCX:SOXS,0.0,15.48,0.0272,110148000.0,0.0,0.0,-0.4078,-2000.0,3873000.0,BALANCED,-20.1957
2017-11-16,SOXS,ARCX:SOXS,2215000.0,14.76,-0.0461,112363000.0,2215000.0,0.0,1.3453,2213000.0,4243000.0,BALANCED,45.6329
2017-11-17,SOXS,ARCX:SOXS,0.0,14.98,0.0144,112363000.0,0.0,0.0,-0.41,2213000.0,4243000.0,BALANCED,-0.2507
2017-11-20,SOXS,ARCX:SOXS,0.0,14.42,-0.0371,112363000.0,0.0,0.0,-0.41,1462000.0,4243000.0,BALANCED,-0.2507
2017-11-21,SOXS,ARCX:SOXS,0.0,13.93,-0.0342,112363000.0,0.0,0.0,-0.3844,2215000.0,4243000.0,BALANCED,0.3898
2017-11-22,SOXS,ARCX:SOXS,0.0,14.2,0.0196,112363000.0,0.0,0.0,-0.3844,2215000.0,594000.0,BALANCED,0.3898
2017-11-24,SOXS,ARCX:SOXS,0.0,13.8,-0.0282,112363000.0,0.0,0.0,-0.3361,0.0,594000.0,BALANCED,-8.4034
2017-11-27,SOXS,ARCX:SOXS,0.0,14.34,0.0393,112363000.0,0.0,0.0,-0.3056,0.0,594000.0,BALANCED,-7.6409
2017-11-28,SOXS,ARCX:SOXS,0.0,14.35,0.0002,112363000.0,0.0,0.0,-0.2536,0.0,594000.0,BALANCED,-6.3396
2017-11-29,SOXS,ARCX:SOXS,0.0,16.23,0.1312,112363000.0,0.0,0.0,-0.2536,0.0,594000.0,BALANCED,-6.3396
2017-11-30,SOXS,ARCX:SOXS,0.0,15.93,-0.0184,112363000.0,0.0,0.0,-0.2224,0.0,594000.0,BALANCED,-5.5604
2017-12-01,SOXS,ARCX:SOXS,0.0,16.46,0.0331,112363000.0,0.0,0.0,-0.1647,0.0,2213000.0,BALANCED,-4.1186
2017-12-04,SOXS,ARCX:SOXS,883000.0,17.67,0.0735,113246000.0,883000.0,0.0,0.8199,883000.0,3096000.0,BALANCED,32.4976
2017-12-05,SOXS,ARCX:SOXS,-7054000.0,17.64,-0.0018,106192000.0,0.0,-7054000.0,-4.4241,-6171000.0,-3958000.0,DISTRIBUTION,-100.0
2017-12-06,SOXS,ARCX:SOXS,0.0,17.48,-0.009,106192000.0,0.0,0.0,0.0407,-6171000.0,-3958000.0,BALANCED,-8.9831
2017-12-07,SOXS,ARCX:SOXS,0.0,16.96,-0.0297,106192000.0,0.0,0.0,0.1313,-6171000.0,-3958000.0,BALANCED,-6.7183
2017-12-08,SOXS,ARCX:SOXS,861000.0,17.22,0.0155,107053000.0,861000.0,0.0,0.7127,-5310000.0,-3097000.0,BALANCED,9.8165
2017-12-11,SOXS,ARCX:SOXS,0.0,16.92,-0.0176,107053000.0,0.0,0.0,0.11,-6193000.0,-3097000.0,BALANCED,-7.2493
2017-12-12,SOXS,ARCX:SOXS,871000.0,17.42,0.03,107924000.0,871000.0,0.0,0.6935,1732000.0,-2977000.0,BALANCED,29.3366
2017-12-13,SOXS,ARCX:SOXS,0.0,17.43,0.0004,107924000.0,0.0,0.0,0.089,1732000.0,-2224000.0,BALANCED,12.2238
2017-12-14,SOXS,ARCX:SOXS,0.0,17.46,0.0016,107924000.0,0.0,0.0,0.089,1732000.0,-2224000.0,BALANCED,12.2238
2017-12-15,SOXS,ARCX:SOXS,0.0,16.68,-0.0446,107924000.0,0.0,0.0,0.0525,871000.0,-4439000.0,BALANCED,11.3127
2017-12-18,SOXS,ARCX:SOXS,-1557000.0,15.57,-0.0663,106367000.0,0.0,-1557000.0,-0.9946,-686000.0,-5996000.0,BALANCED,-36.8651
2017-12-19,SOXS,ARCX:SOXS,0.0,15.63,0.0034,106367000.0,0.0,0.0,0.0877,-1557000.0,-5996000.0,BALANCED,-7.8087
2017-12-20,SOXS,ARCX:SOXS,0.0,15.3,-0.0207,106367000.0,0.0,0.0,0.0877,-1557000.0,-5996000.0,BALANCED,-7.8087
2017-12-21,SOXS,ARCX:SOXS,-4738000.0,15.79,0.0319,101629000.0,0.0,-4738000.0,-2.6728,-6295000.0,-10734000.0,DISTRIBUTION,-78.8207
2017-12-22,SOXS,ARCX:SOXS,0.0,15.82,0.002,101629000.0,0.0,0.0,0.1704,-6295000.0,-10734000.0,BALANCED,-5.7388
2017-12-26,SOXS,ARCX:SOXS,0.0,16.28,0.0289,101629000.0,0.0,0.0,0.1704,-4738000.0,-10734000.0,BALANCED,-5.7388
2017-12-27,SOXS,ARCX:SOXS,0.0,16.11,-0.0108,101629000.0,0.0,0.0,0.1866,-4738000.0,-10734000.0,BALANCED,-5.3339
2017-12-28,SOXS,ARCX:SOXS,0.0,16.0,-0.0069,101629000.0,0.0,0.0,0.1716,-4738000.0,-10734000.0,BALANCED,-5.7096
2017-12-29,SOXS,ARCX:SOXS,0.0,16.51,0.0319,101629000.0,0.0,0.0,0.1716,0.0,-10734000.0,BALANCED,4.2904
2018-01-02,SOXS,ARCX:SOXS,757000.0,15.14,-0.0828,102386000.0,757000.0,0.0,0.6813,757000.0,-9977000.0,BALANCED,29.0329
2018-01-03,SOXS,ARCX:SOXS,0.0,14.36,-0.0516,102386000.0,0.0,0.0,0.208,757000.0,-10860000.0,BALANCED,15.1989
2018-01-04,SOXS,ARCX:SOXS,0.0,14.12,-0.0168,102386000.0,0.0,0.0,0.208,757000.0,-3806000.0,BALANCED,15.1989
2018-01-05,SOXS,ARCX:SOXS,2770000.0,13.85,-0.0189,105156000.0,2770000.0,0.0,1.7748,3527000.0,-1036000.0,ACCUMULATION,56.3699
2018-01-08,SOXS,ARCX:SOXS,1354000.0,13.54,-0.0221,106510000.0,1354000.0,0.0,0.9003,4881000.0,318000.0,BALANCED,36.5087
2018-01-09,SOXS,ARCX:SOXS,697000.0,13.94,0.0292,107207000.0,697000.0,0.0,0.5028,4821000.0,154000.0,BALANCED,28.5706
2018-01-10,SOXS,ARCX:SOXS,723000.0,14.46,0.0372,107930000.0,723000.0,0.0,0.5017,5544000.0,877000.0,BALANCED,30.5436
2018-01-11,SOXS,ARCX:SOXS,0.0,14.19,-0.0185,107930000.0,0.0,0.0,0.0851,5544000.0,6000.0,BALANCED,12.1286
2018-01-12,SOXS,ARCX:SOXS,2789000.0,13.95,-0.0172,110719000.0,2789000.0,0.0,1.5656,5563000.0,2795000.0,ACCUMULATION,51.139
2018-01-16,SOXS,ARCX:SOXS,0.0,13.83,-0.0086,110719000.0,0.0,0.0,0.0302,4209000.0,2795000.0,BALANCED,10.7542
2018-01-17,SOXS,ARCX:SOXS,0.0,12.63,-0.0866,110719000.0,0.0,0.0,0.0302,3512000.0,2795000.0,BALANCED,10.7542
2018-01-18,SOXS,ARCX:SOXS,1868000.0,12.46,-0.0137,112587000.0,1868000.0,0.0,1.0256,4657000.0,6220000.0,BALANCED,37.641
2018-01-19,SOXS,ARCX:SOXS,0.0,12.42,-0.0028,112587000.0,0.0,0.0,-0.1668,4657000.0,6220000.0,BALANCED,5.8301
2018-01-22,SOXS,ARCX:SOXS,0.0,12.14,-0.0225,112587000.0,0.0,0.0,-0.1668,1868000.0,6220000.0,BALANCED,5.8301
2018-01-23,SOXS,ARCX:SOXS,2967000.0,11.87,-0.0225,115554000.0,2967000.0,0.0,1.9347,4835000.0,13925000.0,ACCUMULATION,60.3678
2018-01-24,SOXS,ARCX:SOXS,0.0,12.69,0.0694,115554000.0,0.0,0.0,-0.2069,4835000.0,13925000.0,BALANCED,4.8268
2018-01-25,SOXS,ARCX:SOXS,-1334000.0,13.34,0.051,114220000.0,0.0,-1334000.0,-1.1233,1633000.0,12591000.0,BALANCED,-20.0831
2018-01-26,SOXS,ARCX:SOXS,602000.0,12.04,-0.0975,114822000.0,602000.0,0.0,0.2664,2235000.0,13193000.0,BALANCED,18.6588
2018-01-29,SOXS,ARCX:SOXS,0.0,12.11,0.0063,114822000.0,0.0,0.0,-0.1646,2235000.0,13193000.0,BALANCED,5.8849
2018-01-30,SOXS,ARCX:SOXS,3850000.0,12.83,0.0595,118672000.0,3850000.0,0.0,2.2613,3118000.0,17043000.0,ACCUMULATION,68.5325
2018-01-31,SOXS,ARCX:SOXS,626000.0,12.52,-0.0245,119298000.0,626000.0,0.0,0.16,3744000.0,16912000.0,BALANCED,17.9989
2018-02-01,SOXS,ARCX:SOXS,-2540000.0,12.7,0.0143,116758000.0,0.0,-2540000.0,-1.8091,2538000.0,14372000.0,DISTRIBUTION,-37.2287
2018-02-02,SOXS,ARCX:SOXS,0.0,13.75,0.0825,116758000.0,0.0,0.0,-0.2171,1936000.0,14372000.0,BALANCED,4.5725
2018-02-05,SOXS,ARCX:SOXS,0.0,15.69,0.1416,116758000.0,0.0,0.0,-0.2171,1936000.0,11602000.0,BALANCED,4.5725
2018-02-06,SOXS,ARCX:SOXS,0.0,13.94,-0.1117,116758000.0,0.0,0.0,-0.3947,-1914000.0,10248000.0,BALANCED,-19.8679
2018-02-07,SOXS,ARCX:SOXS,0.0,14.88,0.0673,116758000.0,0.0,0.0,-0.3947,-2540000.0,9551000.0,BALANCED,-19.8679
2018-02-08,SOXS,ARCX:SOXS,-3354000.0,16.77,0.1271,113404000.0,0.0,-3354000.0,-2.5707,-3354000.0,5474000.0,DISTRIBUTION,-76.2679
2018-02-09,SOXS,ARCX:SOXS,0.0,15.24,-0.0911,113404000.0,0.0,0.0,-0.2693,-3354000.0,5474000.0,BALANCED,-16.733
2018-02-12,SOXS,ARCX:SOXS,-1439000.0,14.39,-0.0557,111965000.0,0.0,-1439000.0,-1.1938,-4793000.0,1246000.0,BALANCED,-41.8457
2018-02-13,SOXS,ARCX:SOXS,-5767000.0,14.42,0.0016,106198000.0,0.0,-5767000.0,-3.1742,-10560000.0,-4521000.0,DISTRIBUTION,-93.3548
2018-02-14,SOXS,ARCX:SOXS,0.0,13.45,-0.0674,106198000.0,0.0,0.0,-0.0683,-10560000.0,-4521000.0,BALANCED,-11.7065
2018-02-15,SOXS,ARCX:SOXS,0.0,12.96,-0.0364,106198000.0,0.0,0.0,-0.0683,-7206000.0,-6389000.0,BALANCED,-11.7065
2018-02-16,SOXS,ARCX:SOXS,0.0,13.1,0.011,106198000.0,0.0,0.0,-0.0683,-7206000.0,-6389000.0,BALANCED,-11.7065
2018-02-20,SOXS,ARCX:SOXS,0.0,12.4,-0.0534,106198000.0,0.0,0.0,-0.0194,-5767000.0,-6389000.0,BALANCED,-10.4842
2018-02-21,SOXS,ARCX:SOXS,3212000.0,12.85,0.036,109410000.0,3212000.0,0.0,1.6652,3212000.0,-6144000.0,ACCUMULATION,53.6299
2018-02-22,SOXS,ARCX:SOXS,2588000.0,12.94,0.0072,111998000.0,2588000.0,0.0,1.2628,5800000.0,-3556000.0,BALANCED,45.5707
2018-02-23,SOXS,ARCX:SOXS,1814000.0,12.09,-0.0655,113812000.0,1814000.0,0.0,0.8322,7614000.0,-408000.0,BALANCED,36.8054
2018-02-26,SOXS,ARCX:SOXS,0.0,11.31,-0.0647,113812000.0,0.0,0.0,-0.1009,7614000.0,-1010000.0,BALANCED,7.4787
2018-02-27,SOXS,ARCX:SOXS,1143000.0,11.43,0.0103,114955000.0,1143000.0,0.0,0.5298,8757000.0,133000.0,BALANCED,25.2448
2018-02-28,SOXS,ARCX:SOXS,1174000.0,11.74,0.0271,116129000.0,1174000.0,0.0,0.523,6719000.0,-2543000.0,BALANCED,27.0744
2018-03-01,SOXS,ARCX:SOXS,2461000.0,12.3,0.0483,118590000.0,2461000.0,0.0,1.1306,6592000.0,-708000.0,BALANCED,44.2662
2018-03-02,SOXS,ARCX:SOXS,0.0,11.66,-0.0525,118590000.0,0.0,0.0,-0.1042,4778000.0,1832000.0,BALANCED,7.3961
2018-03-05,SOXS,ARCX:SOXS,0.0,11.35,-0.0264,118590000.0,0.0,0.0,-0.1042,4778000.0,1832000.0,BALANCED,7.3961
2018-03-06,SOXS,ARCX:SOXS,0.0,10.84,-0.0451,118590000.0,0.0,0.0,-0.1042,3635000.0,1832000.0,BALANCED,7.3961
2018-03-07,SOXS,ARCX:SOXS,1612000.0,10.75,-0.0084,120202000.0,1612000.0,0.0,0.7796,4073000.0,3444000.0,BALANCED,31.489
2018-03-08,SOXS,ARCX:SOXS,0.0,10.7,-0.0039,120202000.0,0.0,0.0,-0.0829,1612000.0,3444000.0,BALANCED,7.9277
2018-03-09,SOXS,ARCX:SOXS,3515000.0,10.04,-0.0619,123717000.0,3515000.0,0.0,1.6452,5127000.0,10313000.0,ACCUMULATION,53.1311
2018-03-12,SOXS,ARCX:SOXS,0.0,9.73,-0.0308,123717000.0,0.0,0.0,-0.1525,5127000.0,10313000.0,BALANCED,6.1872
2018-03-13,SOXS,ARCX:SOXS,3566000.0,10.19,0.0467,127283000.0,3566000.0,0.0,1.5502,8693000.0,15318000.0,ACCUMULATION,50.7557
2018-03-14,SOXS,ARCX:SOXS,0.0,10.19,0.0,127283000.0,0.0,0.0,-0.149,7081000.0,21085000.0,BALANCED,6.2758
2018-03-15,SOXS,ARCX:SOXS,6643000.0,10.22,0.0032,133926000.0,6643000.0,0.0,2.7364,13724000.0,27728000.0,ACCUMULATION,80.4094
2018-03-16,SOXS,ARCX:SOXS,0.0,10.21,-0.0005,133926000.0,0.0,0.0,-0.2627,10209000.0,27728000.0,BALANCED,3.4321
2018-03-19,SOXS,ARCX:SOXS,0.0,10.81,0.0586,133926000.0,0.0,0.0,-0.2627,10209000.0,27728000.0,BALANCED,3.4321
2018-03-20,SOXS,ARCX:SOXS,-4749000.0,10.55,0.1183,129177000.0,0.0,-4749000.0,-2.1656,1894000.0,22979000.0,DISTRIBUTION,-46.1392
2018-03-21,SOXS,ARCX:SOXS,0.0,10.48,-0.0068,129177000.0,0.0,0.0,-0.1736,1894000.0,19767000.0,BALANCED,5.6591
2018-03-22,SOXS,ARCX:SOXS,0.0,11.36,0.0833,129177000.0,0.0,0.0,-0.1736,-4749000.0,17179000.0,BALANCED,-14.3409
2018-03-23,SOXS,ARCX:SOXS,-1872000.0,12.48,0.0992,127305000.0,0.0,-1872000.0,-1.0076,-6621000.0,13493000.0,BALANCED,-37.1897
2018-03-26,SOXS,ARCX:SOXS,-1634000.0,10.9,-0.1272,125671000.0,0.0,-1634000.0,-0.87,-8255000.0,11859000.0,BALANCED,-35.7511
2018-03-27,SOXS,ARCX:SOXS,0.0,12.13,0.1135,125671000.0,0.0,0.0,-0.1966,-3506000.0,10716000.0,BALANCED,-14.9156
2018-03-28,SOXS,ARCX:SOXS,-1290000.0,12.9,0.0632,124381000.0,0.0,-1290000.0,-0.9313,-4796000.0,8252000.0,BALANCED,-35.2819
2018-03-29,SOXS,ARCX:SOXS,-2408000.0,12.04,-0.0664,121973000.0,0.0,-2408000.0,-1.3924,-7204000.0,3383000.0,BALANCED,-48.811
2018-04-02,SOXS,ARCX:SOXS,-1345000.0,13.45,0.1173,120628000.0,0.0,-1345000.0,-0.8562,-6677000.0,2038000.0,BALANCED,-37.4048
2018-04-03,SOXS,ARCX:SOXS,0.0,12.66,-0.0588,120628000.0,0.0,0.0,-0.2255,-5043000.0,2038000.0,BALANCED,-15.6384
2018-04-04,SOXS,ARCX:SOXS,0.0,12.17,-0.0388,120628000.0,0.0,0.0,-0.2255,-5043000.0,2038000.0,BALANCED,-15.6384
2018-04-05,SOXS,ARCX:SOXS,-5649000.0,12.55,0.0315,114979000.0,0.0,-5649000.0,-2.4886,-9402000.0,-5223000.0,DISTRIBUTION,-74.2158
2018-04-06,SOXS,ARCX:SOXS,0.0,13.71,0.0924,114979000.0,0.0,0.0,-0.0432,-6994000.0,-5223000.0,BALANCED,-11.0799
2018-04-09,SOXS,ARCX:SOXS,-2016000.0,13.44,-0.0201,112963000.0,0.0,-2016000.0,-0.8612,-7665000.0,-10754000.0,BALANCED,-33.5297
2018-04-10,SOXS,ARCX:SOXS,0.0,12.15,-0.0957,112963000.0,0.0,0.0,0.0123,-7665000.0,-10754000.0,BALANCED,-9.6935
2018-04-11,SOXS,ARCX:SOXS,0.0,12.14,-0.0011,112963000.0,0.0,0.0,0.0289,-7665000.0,-14320000.0,BALANCED,-9.2775
2018-04-12,SOXS,ARCX:SOXS,0.0,11.46,-0.056,112963000.0,0.0,0.0,0.0462,-2016000.0,-14320000.0,BALANCED,-8.8457
2018-04-13,SOXS,ARCX:SOXS,0.0,11.73,0.0235,112963000.0,0.0,0.0,0.084,-2016000.0,-20963000.0,BALANCED,-7.9009
2018-04-16,SOXS,ARCX:SOXS,0.0,11.65,-0.0069,112963000.0,0.0,0.0,0.084,0.0,-20963000.0,BALANCED,2.0991
2018-04-17,SOXS,ARCX:SOXS,2198000.0,10.99,-0.0566,115161000.0,2198000.0,0.0,1.016,2198000.0,-18765000.0,BALANCED,37.3997
2018-04-18,SOXS,ARCX:SOXS,0.0,11.33,0.0309,115161000.0,0.0,0.0,0.0502,2198000.0,-14016000.0,BALANCED,11.2555
2018-04-19,SOXS,ARCX:SOXS,0.0,12.8,0.1294,115161000.0,0.0,0.0,0.0746,2198000.0,-14016000.0,BALANCED,11.8648
2018-04-20,SOXS,ARCX:SOXS,-3313000.0,13.25,0.0356,111848000.0,0.0,-3313000.0,-1.3056,-1115000.0,-17329000.0,BALANCED,-44.6405
2018-04-23,SOXS,ARCX:SOXS,-3445000.0,13.78,0.04,108403000.0,0.0,-3445000.0,-1.2874,-4560000.0,-18902000.0,BALANCED,-46.185
2018-04-24,SOXS,ARCX:SOXS,1412000.0,14.12,0.0248,109815000.0,1412000.0,0.0,0.8137,-5346000.0,-15856000.0,BALANCED,12.3426
2018-04-25,SOXS,ARCX:SOXS,0.0,14.17,0.0037,109815000.0,0.0,0.0,0.2673,-5346000.0,-15856000.0,BALANCED,-3.3173
2018-04-26,SOXS,ARCX:SOXS,-664000.0,13.29,-0.0626,109151000.0,0.0,-664000.0,-0.0274,-6010000.0,-15230000.0,BALANCED,-12.6849
2018-04-27,SOXS,ARCX:SOXS,680000.0,13.6,0.0236,109831000.0,680000.0,0.0,0.8653,-2017000.0,-12142000.0,BALANCED,13.6333
2018-04-30,SOXS,ARCX:SOXS,0.0,14.05,0.0329,109831000.0,0.0,0.0,0.4686,1428000.0,-10797000.0,BALANCED,21.7149
2018-05-01,SOXS,ARCX:SOXS,3330000.0,13.32,-0.0519,113161000.0,3330000.0,0.0,2.1525,3346000.0,-7467000.0,ACCUMULATION,65.8114
2018-05-02,SOXS,ARCX:SOXS,-3382000.0,13.53,0.0156,109779000.0,0.0,-3382000.0,-1.536,-36000.0,-10849000.0,DISTRIBUTION,-50.3989
2018-05-03,SOXS,ARCX:SOXS,0.0,13.27,-0.0189,109779000.0,0.0,0.0,0.3631,628000.0,-5200000.0,BALANCED,19.0768
2018-05-04,SOXS,ARCX:SOXS,6158000.0,12.32,-0.0718,115937000.0,6158000.0,0.0,3.0407,6106000.0,958000.0,ACCUMULATION,88.018
2018-05-07,SOXS,ARCX:SOXS,0.0,11.98,-0.027,115937000.0,0.0,0.0,0.1759,6106000.0,2974000.0,BALANCED,14.3968
2018-05-08,SOXS,ARCX:SOXS,3517000.0,11.72,-0.0217,119454000.0,3517000.0,0.0,1.6522,6293000.0,6491000.0,ACCUMULATION,53.3051
2018-05-09,SOXS,ARCX:SOXS,0.0,11.23,-0.0423,119454000.0,0.0,0.0,0.0919,9675000.0,6491000.0,BALANCED,12.2984
2018-05-10,SOXS,ARCX:SOXS,3187000.0,10.62,-0.0538,122641000.0,3187000.0,0.0,1.3945,12862000.0,9678000.0,BALANCED,46.863
2018-05-11,SOXS,ARCX:SOXS,2715000.0,10.86,0.0223,125356000.0,2715000.0,0.0,1.1137,9419000.0,12393000.0,BALANCED,41.843
2018-05-14,SOXS,ARCX:SOXS,5740000.0,10.44,-0.039,131096000.0,5740000.0,0.0,2.1276,15159000.0,18133000.0,ACCUMULATION,69.191
2018-05-15,SOXS,ARCX:SOXS,0.0,10.81,0.0362,131096000.0,0.0,0.0,-0.1377,11642000.0,15935000.0,BALANCED,6.5572
2018-05-16,SOXS,ARCX:SOXS,3108000.0,10.36,-0.042,134204000.0,3108000.0,0.0,1.0284,14750000.0,19043000.0,BALANCED,37.7099
2018-05-17,SOXS,ARCX:SOXS,0.0,10.48,0.0116,134204000.0,0.0,0.0,-0.277,11563000.0,19043000.0,BALANCED,3.0762
2018-05-18,SOXS,ARCX:SOXS,2733000.0,10.93,0.0433,136937000.0,2733000.0,0.0,0.8546,11581000.0,25089000.0,BALANCED,33.3659
2018-05-21,SOXS,ARCX:SOXS,2647000.0,10.59,-0.0317,139584000.0,2647000.0,0.0,0.7627,8488000.0,31181000.0,BALANCED,33.0664
2018-05-22,SOXS,ARCX:SOXS,-521000.0,10.41,-0.0167,139063000.0,0.0,-521000.0,-0.6006,7967000.0,29248000.0,BALANCED,-7.0145
2018-05-23,SOXS,ARCX:SOXS,1025000.0,10.25,-0.0157,140088000.0,1025000.0,0.0,0.0523,5884000.0,30273000.0,BALANCED,13.3075
2018-05-24,SOXS,ARCX:SOXS,0.0,10.14,-0.0103,140088000.0,0.0,0.0,-0.3914,5884000.0,30937000.0,BALANCED,0.2162
2018-05-25,SOXS,ARCX:SOXS,1976000.0,9.88,-0.0256,142064000.0,1976000.0,0.0,0.4351,5127000.0,32233000.0,BALANCED,22.8782
2018-05-29,SOXS,ARCX:SOXS,3525000.0,10.07,0.0193,145589000.0,3525000.0,0.0,1.0372,6005000.0,35758000.0,BALANCED,39.929
2018-05-30,SOXS,ARCX:SOXS,0.0,9.87,-0.0202,145589000.0,0.0,0.0,-0.4319,6526000.0,32428000.0,BALANCED,-0.7966
2018-05-31,SOXS,ARCX:SOXS,3031000.0,10.1,0.0237,148620000.0,3031000.0,0.0,0.8088,8532000.0,38841000.0,BALANCED,32.2201
2018-06-01,SOXS,ARCX:SOXS,0.0,9.4,-0.0697,148620000.0,0.0,0.0,-0.4709,8532000.0,38841000.0,BALANCED,-1.7719
2018-06-04,SOXS,ARCX:SOXS,1835000.0,9.17,-0.024,150455000.0,1835000.0,0.0,0.2471,8391000.0,34518000.0,BALANCED,18.1768
2018-06-05,SOXS,ARCX:SOXS,2264000.0,9.06,-0.0128,152719000.0,2264000.0,0.0,0.3865,7130000.0,36782000.0,BALANCED,23.6619
2018-06-06,SOXS,ARCX:SOXS,0.0,8.88,-0.0196,152719000.0,0.0,0.0,-0.6964,7130000.0,33265000.0,BALANCED,-7.4098
2018-06-07,SOXS,ARCX:SOXS,456000.0,9.13,0.028,153175000.0,456000.0,0.0,-0.4839,4555000.0,33721000.0,BALANCED,-0.0984
2018-06-08,SOXS,ARCX:SOXS,3278000.0,9.36,0.0259,156453000.0,3278000.0,0.0,0.8378,7833000.0,33812000.0,BALANCED,34.9439
2018-06-11,SOXS,ARCX:SOXS,-1415000.0,9.43,0.0072,155038000.0,0.0,-1415000.0,-1.393,4583000.0,29682000.0,BALANCED,-26.8249
2018-06-12,SOXS,ARCX:SOXS,-1857000.0,9.29,-0.0155,153181000.0,0.0,-1857000.0,-1.5219,462000.0,22085000.0,DISTRIBUTION,-32.0463
2018-06-13,SOXS,ARCX:SOXS,0.0,9.32,0.0042,153181000.0,0.0,0.0,-0.619,462000.0,22085000.0,BALANCED,-5.4749
2018-06-14,SOXS,ARCX:SOXS,0.0,9.16,-0.0181,153181000.0,0.0,0.0,-0.7302,6000.0,18977000.0,BALANCED,-8.2544
2018-06-15,SOXS,ARCX:SOXS,0.0,9.18,0.0029,153181000.0,0.0,0.0,-0.7302,-3272000.0,18977000.0,BALANCED,-28.2544
2018-06-18,SOXS,ARCX:SOXS,0.0,9.46,0.03,153181000.0,0.0,0.0,-0.6952,-1857000.0,16244000.0,BALANCED,-27.3801
2018-06-19,SOXS,ARCX:SOXS,6347000.0,9.76,0.1315,159528000.0,6347000.0,0.0,2.4506,6347000.0,19944000.0,ACCUMULATION,73.2639
2018-06-20,SOXS,ARCX:SOXS,481000.0,9.62,-0.015,160009000.0,481000.0,0.0,-0.443,6828000.0,20946000.0,BALANCED,2.9239
2018-06-21,SOXS,ARCX:SOXS,0.0,9.98,0.0379,160009000.0,0.0,0.0,-0.6878,6828000.0,19921000.0,BALANCED,-7.194
2018-06-22,SOXS,ARCX:SOXS,0.0,10.21,0.0224,160009000.0,0.0,0.0,-0.6391,6828000.0,19921000.0,BALANCED,-5.9773
2018-06-25,SOXS,ARCX:SOXS,0.0,11.13,0.09,160009000.0,0.0,0.0,-0.595,6828000.0,17945000.0,BALANCED,-4.8742
2018-06-26,SOXS,ARCX:SOXS,-6046000.0,10.99,-0.0119,153963000.0,0.0,-6046000.0,-3.1495,-5565000.0,8374000.0,DISTRIBUTION,-90.7382
2018-06-27,SOXS,ARCX:SOXS,0.0,11.81,0.074,153963000.0,0.0,0.0,-0.3526,-6046000.0,8374000.0,BALANCED,-18.8153
2018-06-28,SOXS,ARCX:SOXS,-9779000.0,11.5,-0.0255,144184000.0,0.0,-9779000.0,-3.5477,-15825000.0,-4436000.0,DISTRIBUTION,-100.0
2018-06-29,SOXS,ARCX:SOXS,0.0,11.46,-0.004,144184000.0,0.0,0.0,-0.1167,-15825000.0,-4436000.0,BALANCED,-12.9179
2018-07-02,SOXS,ARCX:SOXS,-8436000.0,11.25,-0.0183,135748000.0,0.0,-8436000.0,-2.5995,-24261000.0,-14707000.0,DISTRIBUTION,-76.9867
2018-07-03,SOXS,ARCX:SOXS,-2374000.0,11.87,0.0552,133374000.0,0.0,-2374000.0,-0.6738,-20589000.0,-19345000.0,BALANCED,-30.8451
2018-07-05,SOXS,ARCX:SOXS,-5452000.0,10.9,-0.0812,127922000.0,0.0,-5452000.0,-1.5141,-26041000.0,-24797000.0,DISTRIBUTION,-53.8513
2018-07-06,SOXS,ARCX:SOXS,0.0,10.51,-0.0361,127922000.0,0.0,0.0,0.1212,-16262000.0,-25253000.0,BALANCED,-6.9702
2018-07-09,SOXS,ARCX:SOXS,0.0,10.31,-0.0195,127922000.0,0.0,0.0,0.1212,-16262000.0,-28531000.0,BALANCED,-6.9702
2018-07-10,SOXS,ARCX:SOXS,0.0,9.98,-0.0312,127922000.0,0.0,0.0,0.1421,-7826000.0,-27116000.0,BALANCED,-6.4471
2018-07-11,SOXS,ARCX:SOXS,1076000.0,10.76,0.0779,128998000.0,1076000.0,0.0,0.5021,-4376000.0,-24183000.0,BALANCED,4.552
2018-07-12,SOXS,ARCX:SOXS,-2107000.0,10.54,-0.0211,126891000.0,0.0,-2107000.0,-0.4558,-1031000.0,-26290000.0,BALANCED,-23.3959
2018-07-13,SOXS,ARCX:SOXS,533000.0,10.67,0.0126,127424000.0,533000.0,0.0,0.3886,-498000.0,-25757000.0,BALANCED,1.7155
2018-07-16,SOXS,ARCX:SOXS,0.0,10.71,0.0038,127424000.0,0.0,0.0,0.2215,-498000.0,-25757000.0,BALANCED,-4.4622
2018-07-17,SOXS,ARCX:SOXS,0.0,10.24,-0.044,127424000.0,0.0,0.0,0.2432,-498000.0,-25757000.0,BALANCED,-3.9198
2018-07-18,SOXS,ARCX:SOXS,0.0,10.0,-0.023,127424000.0,0.0,0.0,0.2713,-1574000.0,-32104000.0,BALANCED,-3.2184
2018-07-19,SOXS,ARCX:SOXS,0.0,10.08,0.0083,127424000.0,0.0,0.0,0.2713,533000.0,-32585000.0,BALANCED,16.7816
2018-07-20,SOXS,ARCX:SOXS,0.0,10.24,0.0152,127424000.0,0.0,0.0,0.2766,0.0,-32585000.0,BALANCED,6.916
2018-07-23,SOXS,ARCX:SOXS,4076000.0,10.19,-0.0047,131500000.0,4076000.0,0.0,1.5617,4076000.0,-28509000.0,ACCUMULATION,51.0413
2018-07-24,SOXS,ARCX:SOXS,526000.0,10.53,0.0328,132026000.0,526000.0,0.0,0.4105,4602000.0,-27983000.0,BALANCED,24.2617
2018-07-25,SOXS,ARCX:SOXS,0.0,10.37,-0.0145,132026000.0,0.0,0.0,0.2241,4602000.0,-21937000.0,BALANCED,15.6031
2018-07-26,SOXS,ARCX:SOXS,-979000.0,9.79,-0.0558,131047000.0,0.0,-979000.0,-0.0767,3623000.0,-22916000.0,BALANCED,6.082
2018-07-27,SOXS,ARCX:SOXS,0.0,9.93,0.0141,131047000.0,0.0,0.0,0.2347,3623000.0,-13137000.0,BALANCED,15.8671
2018-07-30,SOXS,ARCX:SOXS,5620000.0,10.22,0.0287,136667000.0,5620000.0,0.0,1.8419,5167000.0,-7517000.0,ACCUMULATION,58.0485
2018-07-31,SOXS,ARCX:SOXS,0.0,10.02,-0.0196,136667000.0,0.0,0.0,0.1643,4641000.0,919000.0,BALANCED,14.108
2018-08-01,SOXS,ARCX:SOXS,504000.0,10.07,0.0054,137171000.0,504000.0,0.0,0.4036,5145000.0,3797000.0,BALANCED,22.0897
2018-08-02,SOXS,ARCX:SOXS,-3420000.0,9.77,-0.0299,133751000.0,0.0,-3420000.0,-0.8146,2704000.0,5829000.0,BALANCED,-12.3655
2018-08-03,SOXS,ARCX:SOXS,0.0,9.72,-0.0055,133751000.0,0.0,0.0,0.2802,2704000.0,5829000.0,BALANCED,17.0048
2018-08-06,SOXS,ARCX:SOXS,0.0,9.54,-0.018,133751000.0,0.0,0.0,0.2802,-2916000.0,5829000.0,BALANCED,-2.9952
2018-08-07,SOXS,ARCX:SOXS,932000.0,9.32,-0.0236,134683000.0,932000.0,0.0,0.5661,-1984000.0,6761000.0,BALANCED,6.1533
2018-08-08,SOXS,ARCX:SOXS,3697000.0,9.24,-0.0079,138380000.0,3697000.0,0.0,1.3671,1209000.0,9382000.0,BALANCED,48.1773
2018-08-09,SOXS,ARCX:SOXS,3814000.0,9.54,0.0316,142194000.0,3814000.0,0.0,1.3213,8443000.0,15303000.0,BALANCED,49.0331
2018-08-10,SOXS,ARCX:SOXS,512000.0,10.25,0.0746,142706000.0,512000.0,0.0,0.2121,8955000.0,15282000.0,BALANCED,23.3026
2018-08-13,SOXS,ARCX:SOXS,0.0,10.21,-0.0042,142706000.0,0.0,0.0,0.0186,8955000.0,15282000.0,BALANCED,10.4655
2018-08-14,SOXS,ARCX:SOXS,0.0,10.26,0.0052,142706000.0,0.0,0.0,-0.1094,8023000.0,15282000.0,BALANCED,7.2651
2018-08-15,SOXS,ARCX:SOXS,2140000.0,10.7,0.043,144846000.0,2140000.0,0.0,0.8414,6466000.0,17422000.0,BALANCED,33.0362
2018-08-16,SOXS,ARCX:SOXS,-1612000.0,10.74,0.0042,143234000.0,0.0,-1612000.0,-1.1667,1040000.0,15810000.0,BALANCED,-21.167
2018-08-17,SOXS,ARCX:SOXS,0.0,10.99,0.0224,143234000.0,0.0,0.0,-0.2806,528000.0,15810000.0,BALANCED,2.9859
2018-08-20,SOXS,ARCX:SOXS,-7160000.0,11.02,0.0028,136074000.0,0.0,-7160000.0,-3.2372,-6632000.0,4574000.0,DISTRIBUTION,-92.9305
2018-08-21,SOXS,ARCX:SOXS,0.0,10.36,-0.0592,136074000.0,0.0,0.0,-0.1184,-6632000.0,4048000.0,BALANCED,-12.9591
2018-08-22,SOXS,ARCX:SOXS,-1532000.0,10.22,-0.0142,134542000.0,0.0,-1532000.0,-0.7421,-10304000.0,2516000.0,BALANCED,-30.5518
2018-08-23,SOXS,ARCX:SOXS,-5599000.0,10.18,-0.0035,128943000.0,0.0,-5599000.0,-2.256,-14291000.0,-2104000.0,DISTRIBUTION,-70.4005
2018-08-24,SOXS,ARCX:SOXS,0.0,9.74,-0.0431,128943000.0,0.0,0.0,-0.0202,-14291000.0,-2104000.0,BALANCED,-10.5042
2018-08-27,SOXS,ARCX:SOXS,2322000.0,9.29,-0.0468,131265000.0,2322000.0,0.0,0.8622,-4809000.0,-5402000.0,BALANCED,13.5555
2018-08-28,SOXS,ARCX:SOXS,0.0,9.18,-0.0116,131265000.0,0.0,0.0,-0.0503,-4809000.0,-5402000.0,BALANCED,-11.2579
2018-08-29,SOXS,ARCX:SOXS,13200000.0,9.1,-0.0081,144465000.0,13200000.0,0.0,3.6215,9923000.0,7294000.0,ACCUMULATION,100.0
2018-08-30,SOXS,ARCX:SOXS,1404000.0,9.36,0.0278,145869000.0,1404000.0,0.0,0.2262,16926000.0,12118000.0,BALANCED,19.6538
2018-08-31,SOXS,ARCX:SOXS,5521000.0,9.2,-0.0165,151390000.0,5521000.0,0.0,1.3118,22447000.0,17639000.0,BALANCED,48.794
2018-09-04,SOXS,ARCX:SOXS,899000.0,8.99,-0.0232,152289000.0,899000.0,0.0,0.0581,21024000.0,18538000.0,BALANCED,19.4524
2018-09-05,SOXS,ARCX:SOXS,1825000.0,9.13,0.0153,154114000.0,1825000.0,0.0,0.3065,22849000.0,19431000.0,BALANCED,27.6623
2018-09-06,SOXS,ARCX:SOXS,2465000.0,9.86,0.0803,156579000.0,2465000.0,0.0,0.4621,12114000.0,18199000.0,BALANCED,33.5528
2018-09-07,SOXS,ARCX:SOXS,0.0,9.99,0.0128,156579000.0,0.0,0.0,-0.2397,10710000.0,14385000.0,BALANCED,4.0075
2018-09-10,SOXS,ARCX:SOXS,0.0,9.66,-0.0328,156579000.0,0.0,0.0,-0.2397,5189000.0,13873000.0,BALANCED,4.0075
2018-09-11,SOXS,ARCX:SOXS,0.0,9.94,0.0297,156579000.0,0.0,0.0,-0.1931,4290000.0,13873000.0,BALANCED,5.1717
2018-09-12,SOXS,ARCX:SOXS,0.0,10.29,0.0345,156579000.0,0.0,0.0,-0.1931,2465000.0,13873000.0,BALANCED,5.1717
2018-09-13,SOXS,ARCX:SOXS,-8927000.0,9.92,-0.0359,147652000.0,0.0,-8927000.0,-2.4048,-8927000.0,2806000.0,DISTRIBUTION,-72.1203
2018-09-14,SOXS,ARCX:SOXS,-1919000.0,9.6,-0.0326,145733000.0,0.0,-1919000.0,-0.6075,-10846000.0,2499000.0,BALANCED,-29.1873
2018-09-17,SOXS,ARCX:SOXS,0.0,10.01,0.0434,145733000.0,0.0,0.0,-0.1047,-10846000.0,2499000.0,BALANCED,-12.6164
2018-09-18,SOXS,ARCX:SOXS,1949000.0,9.74,-0.0267,147682000.0,1949000.0,0.0,0.388,-8897000.0,11608000.0,BALANCED,1.7012
2018-09-19,SOXS,ARCX:SOXS,0.0,9.69,-0.006,147682000.0,0.0,0.0,-0.1133,-8897000.0,11608000.0,BALANCED,-12.8315
2018-09-20,SOXS,ARCX:SOXS,5610000.0,9.35,-0.0347,153292000.0,5610000.0,0.0,1.3119,5640000.0,18750000.0,BALANCED,44.7979
2018-09-21,SOXS,ARCX:SOXS,945000.0,9.45,0.0105,154237000.0,945000.0,0.0,0.1413,8504000.0,25294000.0,BALANCED,17.5315
2018-09-24,SOXS,ARCX:SOXS,-467000.0,9.34,-0.0118,153770000.0,0.0,-467000.0,-0.217,8037000.0,24827000.0,BALANCED,2.5744
2018-09-25,SOXS,ARCX:SOXS,0.0,9.79,0.0512,153770000.0,0.0,0.0,-0.0958,6088000.0,22505000.0,BALANCED,7.6059
2018-09-26,SOXS,ARCX:SOXS,2015000.0,10.07,0.0286,155785000.0,2015000.0,0.0,0.4089,8103000.0,24520000.0,BALANCED,22.2214
2018-09-27,SOXS,ARCX:SOXS,-3479000.0,9.94,-0.0132,152306000.0,0.0,-3479000.0,-0.9528,-986000.0,7841000.0,BALANCED,-35.8189
2018-09-28,SOXS,ARCX:SOXS,488000.0,9.75,-0.019,152794000.0,488000.0,0.0,0.0435,-1443000.0,6925000.0,BALANCED,-6.9136
2018-10-01,SOXS,ARCX:SOXS,0.0,9.67,-0.0081,152794000.0,0.0,0.0,-0.0818,-976000.0,1404000.0,BALANCED,-12.0444
2018-10-02,SOXS,ARCX:SOXS,0.0,9.67,-0.0007,152794000.0,0.0,0.0,-0.1534,-976000.0,505000.0,BALANCED,-13.8349
2018-10-03,SOXS,ARCX:SOXS,0.0,9.64,-0.0031,152794000.0,0.0,0.0,-0.1534,-2991000.0,-1320000.0,BALANCED,-13.8349
2018-10-04,SOXS,ARCX:SOXS,-1525000.0,10.17,0.0554,151269000.0,0.0,-1525000.0,-0.5732,-1037000.0,-5310000.0,BALANCED,-26.3301
2018-10-05,SOXS,ARCX:SOXS,0.0,10.89,0.0704,151269000.0,0.0,0.0,-0.216,-1525000.0,-5310000.0,BALANCED,-15.4006
2018-10-08,SOXS,ARCX:SOXS,0.0,11.26,0.034,151269000.0,0.0,0.0,-0.216,-1525000.0,-5310000.0,BALANCED,-15.4006
2018-10-09,SOXS,ARCX:SOXS,-5640000.0,11.28,0.0022,145629000.0,0.0,-5640000.0,-1.6896,-7165000.0,-10950000.0,DISTRIBUTION,-54.2405
2018-10-10,SOXS,ARCX:SOXS,-3838000.0,12.79,0.1342,141791000.0,0.0,-3838000.0,-1.1304,-11003000.0,-14788000.0,BALANCED,-42.2595
2018-10-11,SOXS,ARCX:SOXS,-2638000.0,13.19,0.0309,139153000.0,0.0,-2638000.0,-0.8669,-12116000.0,-8499000.0,BALANCED,-37.6721
2018-10-12,SOXS,ARCX:SOXS,-1863000.0,12.42,-0.0584,137290000.0,0.0,-1863000.0,-0.5555,-13979000.0,-8443000.0,BALANCED,-31.8885
2018-10-15,SOXS,ARCX:SOXS,-2554000.0,12.77,0.0283,134736000.0,0.0,-2554000.0,-0.7556,-16533000.0,-10997000.0,BALANCED,-38.89
2018-10-16,SOXS,ARCX:SOXS,-14381000.0,11.5,-0.0991,120355000.0,0.0,-14381000.0,-3.6586,-25274000.0,-27327000.0,DISTRIBUTION,-100.0
2018-10-17,SOXS,ARCX:SOXS,0.0,11.66,0.0133,120355000.0,0.0,0.0,0.3122,-21436000.0,-27327000.0,BALANCED,-2.1962
2018-10-18,SOXS,ARCX:SOXS,1254000.0,12.54,0.0754,121609000.0,1254000.0,0.0,0.6778,-17544000.0,-31683000.0,BALANCED,8.9445
2018-10-19,SOXS,ARCX:SOXS,3282000.0,13.13,0.0472,124891000.0,3282000.0,0.0,1.1866,-12399000.0,-29346000.0,BALANCED,23.6639
2018-10-22,SOXS,ARCX:SOXS,-2573000.0,12.87,-0.02,122318000.0,0.0,-2573000.0,-0.3909,-12418000.0,-31452000.0,BALANCED,-21.7724
2018-10-23,SOXS,ARCX:SOXS,1307000.0,13.07,0.0162,123625000.0,1307000.0,0.0,0.6532,3270000.0,-30145000.0,BALANCED,28.3304
2018-10-24,SOXS,ARCX:SOXS,-1567000.0,15.67,0.1987,122058000.0,0.0,-1567000.0,-0.1132,1703000.0,-33727000.0,BALANCED,5.1699
2018-10-25,SOXS,ARCX:SOXS,-7288000.0,14.58,-0.0699,114770000.0,0.0,-7288000.0,-1.7351,-6839000.0,-37536000.0,DISTRIBUTION,-57.3786
2018-10-26,SOXS,ARCX:SOXS,3068000.0,15.34,0.0523,117838000.0,3068000.0,0.0,1.097,-7053000.0,-34956000.0,BALANCED,19.4257
2018-10-29,SOXS,ARCX:SOXS,-3171000.0,15.85,0.0336,114667000.0,0.0,-3171000.0,-0.5831,-7651000.0,-38127000.0,BALANCED,-26.5774
2018-10-30,SOXS,ARCX:SOXS,0.0,13.85,-0.1266,114667000.0,0.0,0.0,0.3036,-8958000.0,-38127000.0,BALANCED,-2.4095
2018-10-31,SOXS,ARCX:SOXS,0.0,13.33,-0.0371,114667000.0,0.0,0.0,0.3036,-7391000.0,-38127000.0,BALANCED,-2.4095
2018-11-01,SOXS,ARCX:SOXS,-2296000.0,11.48,-0.139,112371000.0,0.0,-2296000.0,-0.2741,-2399000.0,-38898000.0,BALANCED,-18.852
2018-11-02,SOXS,ARCX:SOXS,4202000.0,12.0,0.0457,116573000.0,4202000.0,0.0,1.5477,-1265000.0,-34696000.0,ACCUMULATION,30.6914
2018-11-05,SOXS,ARCX:SOXS,14775000.0,12.31,0.0256,131348000.0,14775000.0,0.0,3.3867,16681000.0,-19921000.0,ACCUMULATION,98.6667
2018-11-06,SOXS,ARCX:SOXS,0.0,11.87,-0.0358,131348000.0,0.0,0.0,0.1631,16681000.0,-14281000.0,BALANCED,14.0767
2018-11-07,SOXS,ARCX:SOXS,1145000.0,11.45,-0.0357,132493000.0,1145000.0,0.0,0.4206,17826000.0,-9298000.0,BALANCED,22.5155
2018-11-08,SOXS,ARCX:SOXS,-580000.0,11.59,0.0126,131913000.0,0.0,-580000.0,0.022,19542000.0,-7240000.0,BALANCED,8.5494
2018-11-09,SOXS,ARCX:SOXS,1836000.0,12.24,0.0556,133749000.0,1836000.0,0.0,0.5421,17176000.0,-3541000.0,BALANCED,25.552
2018-11-12,SOXS,ARCX:SOXS,5547000.0,13.87,0.1333,139296000.0,5547000.0,0.0,1.2773,7948000.0,4560000.0,BALANCED,45.9316
2018-11-13,SOXS,ARCX:SOXS,-665000.0,13.31,-0.0405,138631000.0,0.0,-665000.0,-0.0411,7283000.0,18276000.0,BALANCED,6.9727
2018-11-14,SOXS,ARCX:SOXS,3291000.0,13.16,-0.0107,141922000.0,3291000.0,0.0,0.7701,9429000.0,21567000.0,BALANCED,31.2523
2018-11-15,SOXS,ARCX:SOXS,-592000.0,11.84,-0.1007,141330000.0,0.0,-592000.0,-0.055,9417000.0,19721000.0,BALANCED,6.6248
2018-11-16,SOXS,ARCX:SOXS,4904000.0,12.26,0.0357,146234000.0,4904000.0,0.0,1.049,12485000.0,21343000.0,BALANCED,38.2261
2018-11-19,SOXS,ARCX:SOXS,-7526000.0,13.68,0.1161,138708000.0,0.0,-7526000.0,-1.4165,-588000.0,16390000.0,BALANCED,-47.4125
2018-11-20,SOXS,ARCX:SOXS,-4084000.0,13.62,-0.005,134624000.0,0.0,-4084000.0,-0.748,-4007000.0,10999000.0,BALANCED,-32.6999
2018-11-21,SOXS,ARCX:SOXS,-11424000.0,13.44,-0.0129,123200000.0,0.0,-11424000.0,-2.0263,-18722000.0,1142000.0,DISTRIBUTION,-66.6579
2018-11-23,SOXS,ARCX:SOXS,-1346000.0,13.46,0.0018,121854000.0,0.0,-1346000.0,-0.1446,-19476000.0,7084000.0,BALANCED,-21.6152
2018-11-26,SOXS,ARCX:SOXS,-635000.0,12.69,-0.0574,121219000.0,0.0,-635000.0,-0.0187,-25015000.0,3381000.0,BALANCED,-20.4671
2018-11-27,SOXS,ARCX:SOXS,0.0,12.62,-0.0058,121219000.0,0.0,0.0,0.085,-17489000.0,6552000.0,BALANCED,-7.8754
2018-11-28,SOXS,ARCX:SOXS,0.0,11.74,-0.0695,121219000.0,0.0,0.0,-0.0063,-13405000.0,6552000.0,BALANCED,-10.1564
2018-11-29,SOXS,ARCX:SOXS,-6614000.0,12.03,0.0243,114605000.0,0.0,-6614000.0,-1.3492,-8595000.0,-62000.0,BALANCED,-45.7304
2018-11-30,SOXS,ARCX:SOXS,2299000.0,11.5,-0.0441,116904000.0,2299000.0,0.0,0.5143,-4950000.0,4533000.0,BALANCED,4.8583
2018-12-03,SOXS,ARCX:SOXS,0.0,10.58,-0.0801,116904000.0,0.0,0.0,0.0563,-4315000.0,331000.0,BALANCED,-8.5931
2018-12-04,SOXS,ARCX:SOXS,1822000.0,12.15,0.1489,118726000.0,1822000.0,0.0,0.411,-2493000.0,-12622000.0,BALANCED,2.2741
2018-12-06,SOXS,ARCX:SOXS,3696000.0,12.32,0.0141,122422000.0,3696000.0,0.0,0.7833,1203000.0,-8926000.0,BALANCED,33.5827
2018-12-07,SOXS,ARCX:SOXS,1371000.0,13.71,0.1127,123793000.0,1371000.0,0.0,0.2754,9188000.0,-8700000.0,BALANCED,22.8862
2018-12-10,SOXS,ARCX:SOXS,-10507000.0,13.13,-0.042,113286000.0,0.0,-10507000.0,-2.104,-3618000.0,-18627000.0,DISTRIBUTION,-64.6001
2018-12-11,SOXS,ARCX:SOXS,0.0,12.89,-0.0184,113286000.0,0.0,0.0,0.0307,-3618000.0,-20463000.0,BALANCED,-9.2314
2018-12-12,SOXS,ARCX:SOXS,0.0,12.34,-0.0429,113286000.0,0.0,0.0,0.0094,-5440000.0,-26010000.0,BALANCED,-9.7652
2018-12-13,SOXS,ARCX:SOXS,1870000.0,12.47,0.0106,115156000.0,1870000.0,0.0,0.3772,-7266000.0,-23475000.0,BALANCED,1.4291
2018-12-14,SOXS,ARCX:SOXS,3254000.0,13.01,0.0438,118410000.0,3254000.0,0.0,0.6321,-5383000.0,-23512000.0,BALANCED,9.8035
2018-12-17,SOXS,ARCX:SOXS,0.0,13.52,0.0387,118410000.0,0.0,0.0,-0.0408,5124000.0,-22920000.0,BALANCED,8.979
2018-12-18,SOXS,ARCX:SOXS,0.0,12.95,-0.0418,118410000.0,0.0,0.0,-0.0126,5124000.0,-27824000.0,BALANCED,9.6857
2018-12-19,SOXS,ARCX:SOXS,730000.0,14.6,0.1274,119140000.0,730000.0,0.0,0.2838,5854000.0,-19568000.0,BALANCED,19.0948
2018-12-20,SOXS,ARCX:SOXS,-8990000.0,14.98,0.0261,110150000.0,0.0,-8990000.0,-1.9263,-5006000.0,-24474000.0,DISTRIBUTION,-60.1575
2018-12-21,SOXS,ARCX:SOXS,-4697000.0,15.66,0.0449,105453000.0,0.0,-4697000.0,-0.8735,-12957000.0,-17747000.0,BALANCED,-35.837
2018-12-24,SOXS,ARCX:SOXS,0.0,17.02,0.0871,105453000.0,0.0,0.0,0.2028,-12957000.0,-16401000.0,BALANCED,-4.929
2018-12-26,SOXS,ARCX:SOXS,0.0,14.07,-0.1732,105453000.0,0.0,0.0,0.2183,-12957000.0,-15766000.0,BALANCED,-4.5435
2018-12-27,SOXS,ARCX:SOXS,-8906000.0,13.7,-0.0222,96547000.0,0.0,-8906000.0,-1.7087,-22593000.0,-24672000.0,DISTRIBUTION,-54.717
2018-12-28,SOXS,ARCX:SOXS,671000.0,13.43,-0.0201,97218000.0,671000.0,0.0,0.467,-12932000.0,-24001000.0,BALANCED,3.6744
2018-12-31,SOXS,ARCX:SOXS,0.0,13.16,-0.0199,97218000.0,0.0,0.0,0.3455,-8235000.0,-17387000.0,BALANCED,-1.3619
2019-01-02,SOXS,ARCX:SOXS,0.0,12.82,-0.0261,97218000.0,0.0,0.0,0.3405,-8235000.0,-19686000.0,BALANCED,-1.4874
2019-01-03,SOXS,ARCX:SOXS,0.0,15.1,0.1786,97218000.0,0.0,0.0,0.3929,-8235000.0,-19686000.0,BALANCED,-0.1777
2019-01-04,SOXS,ARCX:SOXS,7878000.0,13.13,-0.1307,105096000.0,7878000.0,0.0,2.0675,8549000.0,-13630000.0,ACCUMULATION,63.6863
2019-01-07,SOXS,ARCX:SOXS,1237000.0,12.37,-0.0583,106333000.0,1237000.0,0.0,0.5028,9115000.0,-16089000.0,BALANCED,26.5698
2019-01-08,SOXS,ARCX:SOXS,2510000.0,12.55,0.0149,108843000.0,2510000.0,0.0,0.7666,11625000.0,-14950000.0,BALANCED,35.164
2019-01-09,SOXS,ARCX:SOXS,6380000.0,11.6,-0.0756,115223000.0,6380000.0,0.0,1.614,18005000.0,1937000.0,ACCUMULATION,58.3497
2019-01-10,SOXS,ARCX:SOXS,8449000.0,11.26,-0.0289,123672000.0,8449000.0,0.0,1.9086,26454000.0,10386000.0,ACCUMULATION,67.7158
2019-01-11,SOXS,ARCX:SOXS,7114000.0,10.94,-0.0285,130786000.0,7114000.0,0.0,1.4876,25690000.0,17500000.0,BALANCED,59.1897
2019-01-14,SOXS,ARCX:SOXS,4009000.0,11.46,0.0467,134795000.0,4009000.0,0.0,0.7704,28462000.0,19639000.0,BALANCED,43.2592
2019-01-15,SOXS,ARCX:SOXS,5689000.0,11.38,-0.0067,140484000.0,5689000.0,0.0,1.0696,31641000.0,22074000.0,BALANCED,52.7389
2019-01-16,SOXS,ARCX:SOXS,4081000.0,11.66,0.0249,144565000.0,4081000.0,0.0,0.6952,29342000.0,26155000.0,BALANCED,45.3811
2019-01-17,SOXS,ARCX:SOXS,3942000.0,11.26,-0.0341,148507000.0,3942000.0,0.0,0.6317,24835000.0,30097000.0,BALANCED,45.7914
2019-01-18,SOXS,ARCX:SOXS,2625000.0,10.5,-0.0679,151132000.0,2625000.0,0.0,0.3373,20346000.0,31992000.0,BALANCED,38.4323
2019-01-22,SOXS,ARCX:SOXS,11968000.0,11.4,0.0857,163100000.0,11968000.0,0.0,2.1331,28305000.0,52950000.0,ACCUMULATION,83.3282
2019-01-23,SOXS,ARCX:SOXS,1161000.0,11.61,0.0188,164261000.0,1161000.0,0.0,-0.0378,23777000.0,58808000.0,BALANCED,29.0556
2019-01-24,SOXS,ARCX:SOXS,0.0,9.62,-0.1717,164261000.0,0.0,0.0,-0.3815,19696000.0,58808000.0,BALANCED,0.463
2019-01-25,SOXS,ARCX:SOXS,35093000.0,9.0,-0.0645,199354000.0,35093000.0,0.0,4.2765,50847000.0,93901000.0,ACCUMULATION,100.0
2019-01-28,SOXS,ARCX:SOXS,5260000.0,9.56,0.0629,204614000.0,5260000.0,0.0,0.2944,53482000.0,108067000.0,BALANCED,21.359
2019-01-29,SOXS,ARCX:SOXS,0.0,9.98,0.0435,204614000.0,0.0,0.0,-0.3952,41514000.0,107396000.0,BALANCED,0.1195
2019-01-30,SOXS,ARCX:SOXS,0.0,9.1,-0.0878,204614000.0,0.0,0.0,-0.3799,40353000.0,107396000.0,BALANCED,0.5032
2019-01-31,SOXS,ARCX:SOXS,-6824000.0,9.1,-0.0006,197790000.0,0.0,-6824000.0,-1.2213,33529000.0,100572000.0,BALANCED,-22.5328
2019-02-01,SOXS,ARCX:SOXS,1755000.0,8.78,-0.0354,199545000.0,1755000.0,0.0,-0.1227,191000.0,102327000.0,BALANCED,8.9331
2019-02-04,SOXS,ARCX:SOXS,0.0,8.65,-0.0149,199545000.0,0.0,0.0,-0.3459,-5069000.0,94449000.0,BALANCED,-18.6485
2019-02-05,SOXS,ARCX:SOXS,7667000.0,8.52,-0.0147,207212000.0,7667000.0,0.0,0.5929,2598000.0,100879000.0,BALANCED,26.8227
2019-02-06,SOXS,ARCX:SOXS,5885000.0,7.85,-0.0788,213097000.0,5885000.0,0.0,0.3131,8483000.0,104254000.0,BALANCED,21.8279
2019-02-07,SOXS,ARCX:SOXS,17170000.0,8.38,0.0674,230267000.0,17170000.0,0.0,1.6882,32477000.0,115044000.0,ACCUMULATION,58.2041
2019-02-08,SOXS,ARCX:SOXS,-2103000.0,8.41,0.0041,228164000.0,0.0,-2103000.0,-0.7986,28619000.0,104492000.0,BALANCED,-11.966
2019-02-11,SOXS,ARCX:SOXS,3315000.0,8.29,-0.0147,231479000.0,3315000.0,0.0,-0.1607,31934000.0,100693000.0,BALANCED,7.9823
2019-02-12,SOXS,ARCX:SOXS,0.0,7.76,-0.0635,231479000.0,0.0,0.0,-0.607,24267000.0,96684000.0,BALANCED,-5.1757
2019-02-13,SOXS,ARCX:SOXS,0.0,7.69,-0.0088,231479000.0,0.0,0.0,-0.607,18382000.0,90995000.0,BALANCED,-5.1757
2019-02-14,SOXS,ARCX:SOXS,-382000.0,7.63,-0.008,231097000.0,0.0,-382000.0,-0.6564,830000.0,86532000.0,BALANCED,-8.4093
2019-02-15,SOXS,ARCX:SOXS,2255000.0,7.52,-0.0148,233352000.0,2255000.0,0.0,-0.3108,5188000.0,84845000.0,BALANCED,4.2304
2019-02-19,SOXS,ARCX:SOXS,5295000.0,7.56,0.0062,238647000.0,5295000.0,0.0,0.1152,7168000.0,87515000.0,BALANCED,16.8802
2019-02-20,SOXS,ARCX:SOXS,2208000.0,7.36,-0.0271,240855000.0,2208000.0,0.0,-0.3115,9376000.0,77755000.0,BALANCED,8.2131
2019-02-21,SOXS,ARCX:SOXS,3762000.0,7.52,0.0223,244617000.0,3762000.0,0.0,-0.1046,13138000.0,80356000.0,BALANCED,15.384
2019-02-22,SOXS,ARCX:SOXS,5100000.0,7.29,-0.0316,249717000.0,5100000.0,0.0,0.0846,18620000.0,85456000.0,BALANCED,22.1149
2019-02-25,SOXS,ARCX:SOXS,4974000.0,7.11,-0.0247,254691000.0,4974000.0,0.0,0.0836,21339000.0,55337000.0,BALANCED,24.0909
2019-02-26,SOXS,ARCX:SOXS,725000.0,7.25,0.0207,255416000.0,725000.0,0.0,-0.4721,16769000.0,50802000.0,BALANCED,12.1982
2019-02-27,SOXS,ARCX:SOXS,1127000.0,7.52,0.0362,256543000.0,1127000.0,0.0,-0.4023,15688000.0,51929000.0,BALANCED,15.9414
2019-02-28,SOXS,ARCX:SOXS,-750000.0,7.5,-0.0014,255793000.0,0.0,-750000.0,-0.6266,11176000.0,51179000.0,BALANCED,-7.6662
2019-03-01,SOXS,ARCX:SOXS,0.0,7.29,-0.028,255793000.0,0.0,0.0,-0.5035,6076000.0,58003000.0,BALANCED,-2.5874
2019-03-04,SOXS,ARCX:SOXS,-2553000.0,7.29,-0.0,253240000.0,0.0,-2553000.0,-0.8111,-1451000.0,53695000.0,BALANCED,-32.2781
2019-03-05,SOXS,ARCX:SOXS,0.0,7.4,0.0142,253240000.0,0.0,0.0,-0.4552,-2176000.0,53695000.0,BALANCED,-21.3796
2019-03-06,SOXS,ARCX:SOXS,1164000.0,7.76,0.0489,254404000.0,1164000.0,0.0,-0.2571,-2139000.0,47192000.0,BALANCED,-14.4286
2019-03-07,SOXS,ARCX:SOXS,2806000.0,8.02,0.0333,257210000.0,2806000.0,0.0,-0.04,1417000.0,44113000.0,BALANCED,12.999
2019-03-08,SOXS,ARCX:SOXS,2814000.0,8.04,0.0027,260024000.0,2814000.0,0.0,-0.052,4231000.0,29757000.0,BALANCED,14.7011
2019-03-11,SOXS,ARCX:SOXS,4104000.0,7.46,-0.0719,264128000.0,4104000.0,0.0,0.4746,10888000.0,35964000.0,BALANCED,29.8648
2019-03-12,SOXS,ARCX:SOXS,-2951000.0,7.38,-0.0115,261177000.0,0.0,-2951000.0,-1.1633,7937000.0,29698000.0,BALANCED,-21.0826
2019-03-13,SOXS,ARCX:SOXS,0.0,7.29,-0.0122,261177000.0,0.0,0.0,-0.4535,6773000.0,29698000.0,BALANCED,-1.3375
2019-03-14,SOXS,ARCX:SOXS,-3335000.0,7.41,0.0172,257842000.0,0.0,-3335000.0,-1.2013,632000.0,26363000.0,BALANCED,-22.0323
2019-03-15,SOXS,ARCX:SOXS,1015000.0,6.77,-0.0867,258857000.0,1015000.0,0.0,-0.2593,-1167000.0,27760000.0,BALANCED,-14.4829
2019-03-18,SOXS,ARCX:SOXS,10575000.0,6.82,0.008,269432000.0,10575000.0,0.0,1.9483,5304000.0,36080000.0,ACCUMULATION,62.7065
2019-03-19,SOXS,ARCX:SOXS,3264000.0,6.53,0.2489,272696000.0,3264000.0,0.0,0.196,11519000.0,34049000.0,BALANCED,20.9003
2019-03-20,SOXS,ARCX:SOXS,2686000.0,6.72,0.0286,275382000.0,2686000.0,0.0,0.101,14205000.0,34527000.0,BALANCED,20.5251
2019-03-21,SOXS,ARCX:SOXS,0.0,6.01,-0.1049,275382000.0,0.0,0.0,-0.5117,17540000.0,30765000.0,BALANCED,-2.7929
2019-03-22,SOXS,ARCX:SOXS,17967000.0,6.53,0.0869,293349000.0,17967000.0,0.0,3.8128,34492000.0,43632000.0,ACCUMULATION,100.0
2019-03-25,SOXS,ARCX:SOXS,2712000.0,6.78,0.0379,296061000.0,2712000.0,0.0,0.1099,26629000.0,41370000.0,BALANCED,16.7463
2019-03-26,SOXS,ARCX:SOXS,-9537000.0,6.58,-0.0301,286524000.0,0.0,-9537000.0,-2.4662,13828000.0,31108000.0,DISTRIBUTION,-53.6551
2019-03-27,SOXS,ARCX:SOXS,-1373000.0,6.86,0.0435,285151000.0,0.0,-1373000.0,-0.682,9769000.0,28608000.0,BALANCED,-11.0493
2019-03-28,SOXS,ARCX:SOXS,-5869000.0,6.9,0.006,279282000.0,0.0,-5869000.0,-1.5436,3900000.0,23489000.0,DISTRIBUTION,-34.5908
2019-03-29,SOXS,ARCX:SOXS,2962000.0,6.58,-0.0467,282244000.0,2962000.0,0.0,0.2605,-11105000.0,26451000.0,BALANCED,-1.4876
2019-04-01,SOXS,ARCX:SOXS,-1218000.0,6.09,-0.0745,281026000.0,0.0,-1218000.0,-0.5784,-15035000.0,27786000.0,BALANCED,-26.4588
2019-04-02,SOXS,ARCX:SOXS,0.0,6.07,-0.0029,281026000.0,0.0,0.0,-0.2937,-5498000.0,27786000.0,BALANCED,-17.3416
2019-04-03,SOXS,ARCX:SOXS,0.0,5.66,-0.068,281026000.0,0.0,0.0,-0.2781,-4125000.0,26622000.0,BALANCED,-16.9529
2019-04-04,SOXS,ARCX:SOXS,7336000.0,5.64,-0.0032,288362000.0,7336000.0,0.0,1.1947,9080000.0,31152000.0,BALANCED,41.8685
2019-04-05,SOXS,ARCX:SOXS,10195000.0,5.51,-0.0234,298557000.0,10195000.0,0.0,1.669,16313000.0,38533000.0,ACCUMULATION,55.7241
2019-04-08,SOXS,ARCX:SOXS,5197000.0,5.47,-0.0073,303754000.0,5197000.0,0.0,0.6931,22728000.0,39626000.0,BALANCED,33.3285
2019-04-09,SOXS,ARCX:SOXS,4810000.0,5.66,0.0344,308564000.0,4810000.0,0.0,0.588,27538000.0,47387000.0,BALANCED,32.6999
2019-04-10,SOXS,ARCX:SOXS,1654000.0,5.51,-0.0257,310218000.0,1654000.0,0.0,-0.0262,29192000.0,49041000.0,BALANCED,19.3459
2019-04-11,SOXS,ARCX:SOXS,3316000.0,5.53,0.0024,313534000.0,3316000.0,0.0,0.2701,25172000.0,55692000.0,BALANCED,28.7533
2019-04-12,SOXS,ARCX:SOXS,1324000.0,5.29,-0.0421,314858000.0,1324000.0,0.0,-0.1255,16301000.0,56001000.0,BALANCED,20.863
2019-04-15,SOXS,ARCX:SOXS,3249000.0,5.42,0.0229,318107000.0,3249000.0,0.0,0.2143,14353000.0,48675000.0,BALANCED,31.357
2019-04-16,SOXS,ARCX:SOXS,-2204000.0,4.9,-0.0955,315903000.0,0.0,-2204000.0,-0.8385,7339000.0,43207000.0,BALANCED,-12.9614
2019-04-17,SOXS,ARCX:SOXS,-1868000.0,4.67,-0.0465,314035000.0,0.0,-1868000.0,-0.746,3817000.0,38653000.0,BALANCED,-12.6503
2019-04-18,SOXS,ARCX:SOXS,9330000.0,4.67,-0.0011,323365000.0,9330000.0,0.0,1.3346,9831000.0,47983000.0,BALANCED,45.3654
2019-04-22,SOXS,ARCX:SOXS,1399000.0,4.66,-0.0001,324764000.0,1399000.0,0.0,-0.1422,9906000.0,31415000.0,BALANCED,10.4461
2019-04-23,SOXS,ARCX:SOXS,5655000.0,4.52,-0.0301,330419000.0,5655000.0,0.0,0.642,12312000.0,34358000.0,BALANCED,32.0512
2019-04-24,SOXS,ARCX:SOXS,2198000.0,4.4,-0.0283,332617000.0,2198000.0,0.0,-0.0347,16714000.0,46093000.0,BALANCED,17.1314
2019-04-25,SOXS,ARCX:SOXS,-2781000.0,4.64,0.0544,329836000.0,0.0,-2781000.0,-0.9486,15801000.0,44685000.0,BALANCED,-15.7154
2019-04-26,SOXS,ARCX:SOXS,2612000.0,4.75,0.0247,332448000.0,2612000.0,0.0,0.0239,9083000.0,53166000.0,BALANCED,12.5973
2019-04-29,SOXS,ARCX:SOXS,5495000.0,4.78,0.006,337943000.0,5495000.0,0.0,0.5437,13179000.0,55699000.0,BALANCED,27.5924
2019-04-30,SOXS,ARCX:SOXS,3269000.0,4.67,-0.0226,341212000.0,3269000.0,0.0,0.1738,10793000.0,60186000.0,BALANCED,20.3447
2019-05-01,SOXS,ARCX:SOXS,2871000.0,4.79,0.0247,344083000.0,2871000.0,0.0,0.0975,11466000.0,63057000.0,BALANCED,20.4373
2019-05-02,SOXS,ARCX:SOXS,-694000.0,4.63,-0.0331,343389000.0,0.0,-694000.0,-0.5839,13553000.0,62363000.0,BALANCED,-6.5965
2019-05-03,SOXS,ARCX:SOXS,2040000.0,4.53,-0.0202,345429000.0,2040000.0,0.0,-0.0584,12981000.0,57067000.0,BALANCED,10.5411
2019-05-06,SOXS,ARCX:SOXS,2143000.0,4.76,0.0505,347572000.0,2143000.0,0.0,0.0818,9629000.0,49015000.0,BALANCED,16.0453
2019-05-07,SOXS,ARCX:SOXS,5877000.0,5.11,0.0729,353449000.0,5877000.0,0.0,0.9515,12237000.0,49695000.0,BALANCED,39.788
2019-05-08,SOXS,ARCX:SOXS,2354000.0,5.23,0.0237,355803000.0,2354000.0,0.0,0.0126,11720000.0,47239000.0,BALANCED,18.3138
2019-05-09,SOXS,ARCX:SOXS,-7585000.0,5.42,0.0357,348218000.0,0.0,-7585000.0,-2.4571,4829000.0,38000000.0,DISTRIBUTION,-53.4284
2019-05-10,SOXS,ARCX:SOXS,-270000.0,5.4,-0.0035,347948000.0,0.0,-270000.0,-0.6962,2519000.0,34414000.0,BALANCED,-11.4043
2019-05-13,SOXS,ARCX:SOXS,-8016000.0,6.17,0.1421,339932000.0,0.0,-8016000.0,-2.4093,-7640000.0,25074000.0,DISTRIBUTION,-76.2322
2019-05-14,SOXS,ARCX:SOXS,-3717000.0,5.72,-0.0726,336215000.0,0.0,-3717000.0,-1.3183,-17234000.0,18108000.0,BALANCED,-50.9565
2019-05-15,SOXS,ARCX:SOXS,-5021000.0,5.58,-0.0244,331194000.0,0.0,-5021000.0,-1.5258,-24609000.0,15291000.0,DISTRIBUTION,-58.1438
2019-05-16,SOXS,ARCX:SOXS,-2637000.0,5.86,0.0505,328557000.0,0.0,-2637000.0,-0.9491,-19661000.0,14522000.0,BALANCED,-45.7287
2019-05-17,SOXS,ARCX:SOXS,3726000.0,6.21,0.0596,332283000.0,3726000.0,0.0,0.5219,-15665000.0,8918000.0,BALANCED,5.048
2019-05-20,SOXS,ARCX:SOXS,1391000.0,6.96,0.1201,333674000.0,1391000.0,0.0,0.055,-6258000.0,8910000.0,BALANCED,-4.6251
2019-05-21,SOXS,ARCX:SOXS,-651000.0,6.51,-0.0637,333023000.0,0.0,-651000.0,-0.4121,-3192000.0,2604000.0,BALANCED,-22.3021
2019-05-22,SOXS,ARCX:SOXS,-11080000.0,6.93,0.0632,321943000.0,0.0,-11080000.0,-2.5905,-9251000.0,-10674000.0,DISTRIBUTION,-78.7633
2019-05-23,SOXS,ARCX:SOXS,-727000.0,7.27,0.0497,321216000.0,0.0,-727000.0,-0.2459,-7341000.0,-8620000.0,BALANCED,-22.1463
2019-05-24,SOXS,ARCX:SOXS,3728000.0,7.46,0.0256,324944000.0,3728000.0,0.0,0.7509,-7339000.0,-7504000.0,BALANCED,10.7723
2019-05-28,SOXS,ARCX:SOXS,1914000.0,7.65,0.0268,326858000.0,1914000.0,0.0,0.3392,-6816000.0,-11085000.0,BALANCED,2.4792
2019-05-29,SOXS,ARCX:SOXS,0.0,7.56,-0.0127,326858000.0,0.0,0.0,-0.0658,-6165000.0,-14354000.0,BALANCED,-11.6455
2019-05-30,SOXS,ARCX:SOXS,2585000.0,7.38,-0.023,329443000.0,2585000.0,0.0,0.4822,7500000.0,-14640000.0,BALANCED,24.0549
2019-05-31,SOXS,ARCX:SOXS,1542000.0,7.71,0.0443,330985000.0,1542000.0,0.0,0.2217,9769000.0,-12404000.0,BALANCED,19.5423
2019-06-03,SOXS,ARCX:SOXS,-24437000.0,7.64,-0.0097,306548000.0,0.0,-24437000.0,-3.9243,-18396000.0,-38881000.0,DISTRIBUTION,-100.0
2019-06-04,SOXS,ARCX:SOXS,-4672000.0,6.67,-0.1261,301876000.0,0.0,-4672000.0,-0.639,-24982000.0,-45696000.0,BALANCED,-29.9746
2019-06-05,SOXS,ARCX:SOXS,2723000.0,6.81,0.0199,304599000.0,2723000.0,0.0,0.5939,-22259000.0,-48850000.0,BALANCED,6.8468
2019-06-06,SOXS,ARCX:SOXS,-1960000.0,6.53,-0.04,302639000.0,0.0,-1960000.0,-0.1599,-26804000.0,-53164000.0,BALANCED,-15.9968
2019-06-07,SOXS,ARCX:SOXS,631000.0,6.31,-0.0338,303270000.0,631000.0,0.0,0.2525,-27715000.0,-44948000.0,BALANCED,-1.6883
2019-06-10,SOXS,ARCX:SOXS,-2042000.0,5.83,-0.0761,301228000.0,0.0,-2042000.0,-0.1676,-5320000.0,-46720000.0,BALANCED,-16.1908
2019-06-11,SOXS,ARCX:SOXS,-17048000.0,5.78,-0.0093,284180000.0,0.0,-17048000.0,-2.3412,-17696000.0,-55752000.0,DISTRIBUTION,-72.531
2019-06-12,SOXS,ARCX:SOXS,0.0,6.18,0.0702,284180000.0,0.0,0.0,0.2945,-20419000.0,-52035000.0,BALANCED,-2.638
2019-06-13,SOXS,ARCX:SOXS,3950000.0,6.08,-0.0174,288130000.0,3950000.0,0.0,0.8965,-14509000.0,-43064000.0,BALANCED,14.4137
2019-06-14,SOXS,ARCX:SOXS,5573000.0,6.56,0.079,293703000.0,5573000.0,0.0,1.0913,-9567000.0,-34854000.0,BALANCED,21.2818
2019-06-17,SOXS,ARCX:SOXS,0.0,6.68,0.0194,293703000.0,0.0,0.0,0.2614,-7525000.0,-38580000.0,BALANCED,-3.4647
2019-06-18,SOXS,ARCX:SOXS,-2327000.0,5.82,-0.1295,291376000.0,0.0,-2327000.0,-0.0692,7196000.0,-42298000.0,BALANCED,6.2694
2019-06-19,SOXS,ARCX:SOXS,13642000.0,5.81,-0.0023,305018000.0,13642000.0,0.0,2.1764,20838000.0,-28005000.0,ACCUMULATION,66.4107
2019-06-20,SOXS,ARCX:SOXS,-6482000.0,5.64,-0.0291,298536000.0,0.0,-6482000.0,-0.6512,10406000.0,-23407000.0,BALANCED,-8.2791
2019-06-21,SOXS,ARCX:SOXS,0.0,5.75,0.0207,298536000.0,0.0,0.0,0.2384,4833000.0,-22680000.0,BALANCED,15.9591
2019-06-24,SOXS,ARCX:SOXS,0.0,5.71,-0.0069,298536000.0,0.0,0.0,0.237,4833000.0,-26408000.0,BALANCED,15.9249
2019-06-25,SOXS,ARCX:SOXS,8357000.0,5.97,0.0447,306893000.0,8357000.0,0.0,1.337,15517000.0,-19965000.0,BALANCED,45.4258
2019-06-26,SOXS,ARCX:SOXS,0.0,5.39,-0.0966,306893000.0,0.0,0.0,0.1385,1875000.0,-19965000.0,BALANCED,13.4614
2019-06-27,SOXS,ARCX:SOXS,11859000.0,5.16,-0.0439,318752000.0,11859000.0,0.0,1.6607,20216000.0,-10691000.0,ACCUMULATION,53.5172
2019-06-28,SOXS,ARCX:SOXS,0.0,51.38,-0.0036,318752000.0,0.0,0.0,0.0443,20216000.0,-12233000.0,BALANCED,11.1073
2019-07-01,SOXS,ARCX:SOXS,2366000.0,47.31,-0.0791,321118000.0,2366000.0,0.0,0.3722,22582000.0,14570000.0,BALANCED,21.304
2019-07-02,SOXS,ARCX:SOXS,7393000.0,49.28,0.0417,328511000.0,7393000.0,0.0,1.0104,21618000.0,26635000.0,BALANCED,39.259
2019-07-03,SOXS,ARCX:SOXS,0.0,49.94,0.0133,328511000.0,0.0,0.0,0.0201,21618000.0,23912000.0,BALANCED,10.5022
2019-07-05,SOXS,ARCX:SOXS,2543000.0,50.87,0.0186,331054000.0,2543000.0,0.0,0.3106,12302000.0,28415000.0,BALANCED,19.7654
2019-07-08,SOXS,ARCX:SOXS,-5206000.0,52.06,0.0234,325848000.0,0.0,-5206000.0,-0.7366,7096000.0,22578000.0,BALANCED,-10.4146
2019-07-09,SOXS,ARCX:SOXS,-51000.0,50.91,-0.0221,325797000.0,0.0,-51000.0,-0.011,4679000.0,24569000.0,BALANCED,5.7259
2019-07-10,SOXS,ARCX:SOXS,0.0,49.84,-0.0209,325797000.0,0.0,0.0,0.0049,-2714000.0,41617000.0,BALANCED,-9.8778
2019-07-11,SOXS,ARCX:SOXS,-7403000.0,49.35,-0.0098,318394000.0,0.0,-7403000.0,-0.9674,-10117000.0,34214000.0,BALANCED,-36.1838
2019-07-12,SOXS,ARCX:SOXS,-2329000.0,46.58,-0.0562,316065000.0,0.0,-2329000.0,-0.2562,-14989000.0,27935000.0,BALANCED,-20.4051
2019-07-15,SOXS,ARCX:SOXS,4551000.0,45.51,-0.023,320616000.0,4551000.0,0.0,0.6619,-5232000.0,26913000.0,BALANCED,8.5465
2019-07-16,SOXS,ARCX:SOXS,0.0,46.98,0.0324,320616000.0,0.0,0.0,-0.0804,-5181000.0,26913000.0,BALANCED,-12.0094
2019-07-17,SOXS,ARCX:SOXS,6989000.0,46.6,-0.0083,327605000.0,6989000.0,0.0,1.0448,1808000.0,36229000.0,BALANCED,38.1206
2019-07-18,SOXS,ARCX:SOXS,4446000.0,44.46,-0.0459,332051000.0,4446000.0,0.0,0.5989,13657000.0,27033000.0,BALANCED,28.9728
2019-07-19,SOXS,ARCX:SOXS,0.0,44.75,0.0067,332051000.0,0.0,0.0,-0.1669,15986000.0,33515000.0,BALANCED,5.827
2019-07-22,SOXS,ARCX:SOXS,4210000.0,42.1,-0.0592,336261000.0,4210000.0,0.0,0.527,15645000.0,37725000.0,BALANCED,25.174
2019-07-23,SOXS,ARCX:SOXS,4055000.0,40.55,-0.0368,340316000.0,4055000.0,0.0,0.4668,19700000.0,41780000.0,BALANCED,25.6704
2019-07-24,SOXS,ARCX:SOXS,1840000.0,36.79,-0.0927,342156000.0,1840000.0,0.0,-0.0194,14551000.0,35263000.0,BALANCED,15.5149
2019-07-25,SOXS,ARCX:SOXS,13545000.0,38.7,0.0518,355701000.0,13545000.0,0.0,2.1458,23650000.0,48808000.0,ACCUMULATION,71.6447
2019-07-26,SOXS,ARCX:SOXS,17434000.0,38.74,0.0011,373135000.0,17434000.0,0.0,2.4832,41084000.0,54383000.0,ACCUMULATION,82.0803
2019-07-29,SOXS,ARCX:SOXS,0.0,38.45,-0.0076,373135000.0,0.0,0.0,-0.4504,36874000.0,54383000.0,BALANCED,-1.2608
2019-07-30,SOXS,ARCX:SOXS,5805000.0,38.7,0.0066,378940000.0,5805000.0,0.0,0.5037,38624000.0,57822000.0,BALANCED,24.5934
2019-07-31,SOXS,ARCX:SOXS,4245000.0,42.45,0.0969,383185000.0,4245000.0,0.0,0.204,41029000.0,54674000.0,BALANCED,19.1009
2019-08-01,SOXS,ARCX:SOXS,0.0,44.98,0.0594,383185000.0,0.0,0.0,-0.476,27484000.0,54674000.0,BALANCED,-1.9004
2019-08-02,SOXS,ARCX:SOXS,2355000.0,47.11,0.0474,385540000.0,2355000.0,0.0,-0.1049,12405000.0,54486000.0,BALANCED,9.3785
2019-08-05,SOXS,ARCX:SOXS,-5328000.0,53.28,0.131,380212000.0,0.0,-5328000.0,-1.494,7077000.0,54364000.0,BALANCED,-29.3491
2019-08-06,SOXS,ARCX:SOXS,-20455000.0,51.14,-0.0402,359757000.0,0.0,-20455000.0,-3.2874,-19183000.0,33960000.0,DISTRIBUTION,-96.186
2019-08-07,SOXS,ARCX:SOXS,0.0,50.04,-0.0214,359757000.0,0.0,0.0,-0.2612,-23428000.0,33960000.0,BALANCED,-16.5299
2019-08-08,SOXS,ARCX:SOXS,-9202000.0,46.01,-0.0806,350555000.0,0.0,-9202000.0,-1.5155,-32630000.0,32161000.0,DISTRIBUTION,-49.887
2019-08-09,SOXS,ARCX:SOXS,2427000.0,48.53,0.0549,352982000.0,2427000.0,0.0,0.1903,-32558000.0,36917000.0,BALANCED,-3.2417
2019-08-12,SOXS,ARCX:SOXS,0.0,50.27,0.0357,352982000.0,0.0,0.0,-0.1689,-27230000.0,32366000.0,BALANCED,-14.2218
2019-08-13,SOXS,ARCX:SOXS,0.0,45.83,-0.0883,352982000.0,0.0,0.0,-0.1572,-6775000.0,32366000.0,BALANCED,-13.9305
2019-08-14,SOXS,ARCX:SOXS,7524000.0,50.16,0.0945,360506000.0,7524000.0,0.0,0.9553,749000.0,32901000.0,BALANCED,35.8815
2019-08-15,SOXS,ARCX:SOXS,-22729000.0,50.51,0.007,337777000.0,0.0,-22729000.0,-2.8666,-12778000.0,5726000.0,DISTRIBUTION,-83.6645
2019-08-16,SOXS,ARCX:SOXS,0.0,46.34,-0.0826,337777000.0,0.0,0.0,-0.0279,-15205000.0,5726000.0,BALANCED,-10.6981
2019-08-19,SOXS,ARCX:SOXS,0.0,43.74,-0.0561,337777000.0,0.0,0.0,-0.05,-15205000.0,1516000.0,BALANCED,-11.2488
2019-08-20,SOXS,ARCX:SOXS,0.0,44.43,0.0159,337777000.0,0.0,0.0,-0.0502,-15205000.0,-2539000.0,BALANCED,-11.2542
2019-08-21,SOXS,ARCX:SOXS,0.0,43.19,-0.028,337777000.0,0.0,0.0,-0.0502,-22729000.0,-4379000.0,BALANCED,-11.2542
2019-08-22,SOXS,ARCX:SOXS,0.0,43.24,0.0011,337777000.0,0.0,0.0,-0.0826,0.0,-17924000.0,BALANCED,-2.0646
2019-08-23,SOXS,ARCX:SOXS,9782000.0,48.91,0.1312,347559000.0,9782000.0,0.0,1.0948,9782000.0,-25576000.0,BALANCED,39.3711
2019-08-26,SOXS,ARCX:SOXS,-7145000.0,47.63,-0.0262,340414000.0,0.0,-7145000.0,-0.9655,2637000.0,-32721000.0,BALANCED,-16.1375
2019-08-27,SOXS,ARCX:SOXS,0.0,48.11,0.01,340414000.0,0.0,0.0,-0.0816,2637000.0,-38526000.0,BALANCED,7.9591
2019-08-28,SOXS,ARCX:SOXS,-2360000.0,47.21,-0.0187,338054000.0,0.0,-2360000.0,-0.3381,277000.0,-45131000.0,BALANCED,-0.4515
2019-08-29,SOXS,ARCX:SOXS,-2200000.0,44.0,-0.068,335854000.0,0.0,-2200000.0,-0.2914,-1923000.0,-47331000.0,BALANCED,-21.284
2019-08-30,SOXS,ARCX:SOXS,4323000.0,43.23,-0.0174,340177000.0,4323000.0,0.0,0.5051,-7382000.0,-45363000.0,BALANCED,4.6274
2019-09-03,SOXS,ARCX:SOXS,6829000.0,45.53,0.0532,347006000.0,6829000.0,0.0,0.8008,6592000.0,-33206000.0,BALANCED,34.019
2019-09-04,SOXS,ARCX:SOXS,2086000.0,41.73,-0.0835,349092000.0,2086000.0,0.0,0.2226,8678000.0,-10665000.0,BALANCED,21.5644
2019-09-05,SOXS,ARCX:SOXS,9473000.0,37.89,-0.0919,358565000.0,9473000.0,0.0,1.085,20511000.0,-1192000.0,BALANCED,45.1241
2019-09-06,SOXS,ARCX:SOXS,20768000.0,37.76,-0.0034,379333000.0,20768000.0,0.0,2.2934,43479000.0,28778000.0,ACCUMULATION,77.3358
2019-09-09,SOXS,ARCX:SOXS,0.0,37.19,-0.0152,379333000.0,0.0,0.0,-0.0254,39156000.0,26351000.0,BALANCED,9.3643
2019-09-10,SOXS,ARCX:SOXS,0.0,36.72,-0.0127,379333000.0,0.0,0.0,-0.0254,32327000.0,26351000.0,BALANCED,9.3643
2019-09-11,SOXS,ARCX:SOXS,0.0,35.05,-0.0453,379333000.0,0.0,0.0,-0.0016,30241000.0,26351000.0,BALANCED,9.9593
2019-09-12,SOXS,ARCX:SOXS,5214000.0,34.76,-0.0084,384547000.0,5214000.0,0.0,0.64,25982000.0,24041000.0,BALANCED,28.0012
2019-09-13,SOXS,ARCX:SOXS,14039000.0,35.1,0.0098,398586000.0,14039000.0,0.0,1.5969,19253000.0,60809000.0,ACCUMULATION,53.9233
2019-09-16,SOXS,ARCX:SOXS,0.0,35.84,0.021,398586000.0,0.0,0.0,-0.0514,19253000.0,60809000.0,BALANCED,8.7154
2019-09-17,SOXS,ARCX:SOXS,0.0,35.49,-0.0097,398586000.0,0.0,0.0,-0.073,19253000.0,60809000.0,BALANCED,8.1758
2019-09-18,SOXS,ARCX:SOXS,0.0,35.42,-0.0021,398586000.0,0.0,0.0,-0.175,19253000.0,60809000.0,BALANCED,5.6241
2019-09-19,SOXS,ARCX:SOXS,0.0,35.98,0.016,398586000.0,0.0,0.0,-0.175,14039000.0,60809000.0,BALANCED,5.6241
2019-09-20,SOXS,ARCX:SOXS,0.0,37.9,0.0533,398586000.0,0.0,0.0,-0.2245,0.0,60809000.0,BALANCED,-5.6136
2019-09-23,SOXS,ARCX:SOXS,0.0,36.81,-0.0288,398586000.0,0.0,0.0,-0.2131,0.0,51027000.0,BALANCED,-5.3269
2019-09-24,SOXS,ARCX:SOXS,0.0,38.39,0.126,398586000.0,0.0,0.0,-0.2131,0.0,58172000.0,BALANCED,-5.3269
2019-09-25,SOXS,ARCX:SOXS,-1818000.0,36.35,-0.0531,396768000.0,0.0,-1818000.0,-0.4581,-1818000.0,56354000.0,BALANCED,-23.4514
2019-09-26,SOXS,ARCX:SOXS,1816000.0,36.32,-0.0008,398584000.0,1816000.0,0.0,0.0774,-2000.0,60530000.0,BALANCED,-6.065
2019-09-27,SOXS,ARCX:SOXS,0.0,38.91,0.0712,398584000.0,0.0,0.0,-0.3732,-2000.0,62730000.0,BALANCED,-19.3295
2019-09-30,SOXS,ARCX:SOXS,0.0,37.68,-0.0314,398584000.0,0.0,0.0,-0.3732,-2000.0,58407000.0,BALANCED,-19.3295
2019-10-01,SOXS,ARCX:SOXS,-5812000.0,38.75,0.0282,392772000.0,0.0,-5812000.0,-1.3635,-5814000.0,45766000.0,BALANCED,-46.0876
2019-10-02,SOXS,ARCX:SOXS,0.0,40.59,0.0476,392772000.0,0.0,0.0,-0.3269,-3996000.0,43680000.0,BALANCED,-18.1736
2019-10-03,SOXS,ARCX:SOXS,-3852000.0,38.52,-0.0511,388920000.0,0.0,-3852000.0,-0.9759,-9664000.0,30355000.0,BALANCED,-36.398
2019-10-04,SOXS,ARCX:SOXS,-1820000.0,36.4,-0.055,387100000.0,0.0,-1820000.0,-0.6054,-11484000.0,7767000.0,BALANCED,-29.1343
2019-10-07,SOXS,ARCX:SOXS,-1859000.0,37.18,0.0215,385241000.0,0.0,-1859000.0,-0.562,-13343000.0,5908000.0,BALANCED,-30.0488
2019-10-08,SOXS,ARCX:SOXS,0.0,40.66,0.0936,385241000.0,0.0,0.0,-0.2809,-7531000.0,5908000.0,BALANCED,-17.0233
2019-10-09,SOXS,ARCX:SOXS,0.0,38.54,-0.0524,385241000.0,0.0,0.0,-0.2809,-7531000.0,5908000.0,BALANCED,-17.0233
2019-10-10,SOXS,ARCX:SOXS,-1871000.0,37.42,-0.0289,383370000.0,0.0,-1871000.0,-0.6371,-5550000.0,-1177000.0,BALANCED,-27.9285
2019-10-11,SOXS,ARCX:SOXS,8723000.0,34.89,-0.0675,392093000.0,8723000.0,0.0,1.2641,4993000.0,-6493000.0,BALANCED,43.6025
2019-10-14,SOXS,ARCX:SOXS,20969000.0,34.95,0.0016,413062000.0,20969000.0,0.0,2.8815,27821000.0,14476000.0,ACCUMULATION,86.0365
2019-10-15,SOXS,ARCX:SOXS,0.0,32.63,-0.0664,413062000.0,0.0,0.0,-0.3444,27821000.0,14476000.0,BALANCED,1.3905
2019-10-16,SOXS,ARCX:SOXS,1704000.0,34.07,0.0442,414766000.0,1704000.0,0.0,-0.0759,29525000.0,16180000.0,BALANCED,10.1033
2019-10-17,SOXS,ARCX:SOXS,-3373000.0,33.74,-0.0099,411393000.0,0.0,-3373000.0,-0.8124,28023000.0,12807000.0,BALANCED,-12.3101
2019-10-18,SOXS,ARCX:SOXS,0.0,34.83,0.0324,411393000.0,0.0,0.0,-0.2053,19300000.0,12807000.0,BALANCED,4.8668
2019-10-21,SOXS,ARCX:SOXS,0.0,32.87,-0.0563,411393000.0,0.0,0.0,-0.2053,-1669000.0,12807000.0,BALANCED,-15.1332
2019-10-22,SOXS,ARCX:SOXS,-3363000.0,33.63,0.0232,408030000.0,0.0,-3363000.0,-0.8205,-5032000.0,9444000.0,BALANCED,-32.5132
2019-10-23,SOXS,ARCX:SOXS,0.0,35.58,0.0581,408030000.0,0.0,0.0,-0.1817,-6736000.0,11262000.0,BALANCED,-14.5426
2019-10-24,SOXS,ARCX:SOXS,-3295000.0,32.95,-0.0739,404735000.0,0.0,-3295000.0,-0.7549,-6658000.0,6151000.0,BALANCED,-30.8722
2019-10-25,SOXS,ARCX:SOXS,9282000.0,30.94,-0.0611,414017000.0,9282000.0,0.0,1.7898,2624000.0,15433000.0,ACCUMULATION,56.7439
2019-10-28,SOXS,ARCX:SOXS,7329000.0,29.32,-0.0524,421346000.0,7329000.0,0.0,1.3004,9953000.0,22762000.0,BALANCED,46.5098
2019-10-29,SOXS,ARCX:SOXS,7528000.0,30.11,0.0271,428874000.0,7528000.0,0.0,1.2539,20844000.0,36102000.0,BALANCED,47.3479
2019-10-30,SOXS,ARCX:SOXS,15062000.0,30.12,0.0004,443936000.0,15062000.0,0.0,2.3398,35906000.0,51164000.0,ACCUMULATION,76.4961
2019-10-31,SOXS,ARCX:SOXS,18411000.0,30.68,0.0186,462347000.0,18411000.0,0.0,2.4859,57612000.0,73427000.0,ACCUMULATION,82.1487
2019-11-01,SOXS,ARCX:SOXS,-1427000.0,28.54,-0.0698,460920000.0,0.0,-1427000.0,-0.5333,46903000.0,73820000.0,BALANCED,-5.3319
2019-11-04,SOXS,ARCX:SOXS,0.0,26.66,-0.0659,460920000.0,0.0,0.0,-0.3162,39574000.0,75679000.0,BALANCED,2.0962
2019-11-05,SOXS,ARCX:SOXS,14585000.0,26.52,-0.0054,475505000.0,14585000.0,0.0,1.7316,46631000.0,90264000.0,ACCUMULATION,55.2896
2019-11-06,SOXS,ARCX:SOXS,5430000.0,27.15,0.0239,480935000.0,5430000.0,0.0,0.3798,36999000.0,95694000.0,BALANCED,23.4944
2019-11-07,SOXS,ARCX:SOXS,2658000.0,26.58,-0.0208,483593000.0,2658000.0,0.0,-0.0254,21246000.0,100223000.0,BALANCED,15.3644
2019-11-08,SOXS,ARCX:SOXS,5234000.0,26.17,-0.0157,488827000.0,5234000.0,0.0,0.3226,27907000.0,96734000.0,BALANCED,26.0647
2019-11-11,SOXS,ARCX:SOXS,2659000.0,26.59,0.0161,491486000.0,2659000.0,0.0,-0.0637,30566000.0,78424000.0,BALANCED,18.4087
2019-11-12,SOXS,ARCX:SOXS,1319000.0,26.37,-0.0082,492805000.0,1319000.0,0.0,-0.3018,17300000.0,79743000.0,BALANCED,14.4561
2019-11-13,SOXS,ARCX:SOXS,1318000.0,26.35,-0.0006,494123000.0,1318000.0,0.0,-0.3093,13188000.0,79357000.0,BALANCED,16.2666
2019-11-14,SOXS,ARCX:SOXS,6650000.0,26.6,0.0093,500773000.0,6650000.0,0.0,0.4466,17180000.0,89380000.0,BALANCED,37.1639
2019-11-15,SOXS,ARCX:SOXS,2589000.0,25.89,-0.0267,503362000.0,2589000.0,0.0,-0.1991,14535000.0,91969000.0,BALANCED,23.0236
2019-11-18,SOXS,ARCX:SOXS,1304000.0,26.08,0.0073,504666000.0,1304000.0,0.0,-0.4188,13180000.0,93273000.0,BALANCED,19.5292
2019-11-19,SOXS,ARCX:SOXS,0.0,26.46,0.0145,504666000.0,0.0,0.0,-0.6229,11861000.0,96636000.0,BALANCED,-5.5716
2019-11-20,SOXS,ARCX:SOXS,-1369000.0,27.37,0.0346,503297000.0,0.0,-1369000.0,-0.8255,9174000.0,95267000.0,BALANCED,-12.6377
2019-11-21,SOXS,ARCX:SOXS,-1415000.0,28.3,0.034,501882000.0,0.0,-1415000.0,-0.8368,1109000.0,97147000.0,BALANCED,-14.9203
2019-11-22,SOXS,ARCX:SOXS,0.0,28.32,0.0005,501882000.0,0.0,0.0,-0.5731,-1480000.0,87865000.0,BALANCED,-24.3278
2019-11-25,SOXS,ARCX:SOXS,0.0,26.25,-0.0729,501882000.0,0.0,0.0,-0.537,-2784000.0,80536000.0,BALANCED,-23.4243
2019-11-26,SOXS,ARCX:SOXS,-3995000.0,26.63,0.0145,497887000.0,0.0,-3995000.0,-1.2108,-6779000.0,69013000.0,BALANCED,-42.271
2019-11-27,SOXS,ARCX:SOXS,-7815000.0,26.05,-0.0219,490072000.0,0.0,-7815000.0,-1.7328,-13225000.0,46136000.0,DISTRIBUTION,-57.3201
2019-11-29,SOXS,ARCX:SOXS,1346000.0,26.92,0.0334,491418000.0,1346000.0,0.0,-0.2255,-10464000.0,29071000.0,BALANCED,-13.6383
2019-12-02,SOXS,ARCX:SOXS,-8430000.0,28.1,0.0437,482988000.0,0.0,-8430000.0,-1.7489,-18894000.0,22068000.0,DISTRIBUTION,-55.7214
2019-12-03,SOXS,ARCX:SOXS,0.0,29.4,0.0463,482988000.0,0.0,0.0,-0.3859,-18894000.0,22068000.0,BALANCED,-19.6465
2019-12-04,SOXS,ARCX:SOXS,0.0,27.99,-0.048,482988000.0,0.0,0.0,-0.4091,-14899000.0,7483000.0,BALANCED,-20.2283
2019-12-05,SOXS,ARCX:SOXS,-2767000.0,27.67,-0.0114,480221000.0,0.0,-2767000.0,-0.8389,-9851000.0,-714000.0,BALANCED,-32.9729
2019-12-06,SOXS,ARCX:SOXS,-3958000.0,26.39,-0.0464,476263000.0,0.0,-3958000.0,-1.0248,-15155000.0,-7330000.0,BALANCED,-39.6191
2019-12-09,SOXS,ARCX:SOXS,0.0,26.81,0.0162,476263000.0,0.0,0.0,-0.3422,-6725000.0,-12564000.0,BALANCED,-18.5554
2019-12-10,SOXS,ARCX:SOXS,-2652000.0,26.53,-0.0108,473611000.0,0.0,-2652000.0,-0.7277,-9377000.0,-17875000.0,BALANCED,-30.1921
2019-12-11,SOXS,ARCX:SOXS,0.0,24.76,-0.0666,473611000.0,0.0,0.0,-0.2508,-9377000.0,-19194000.0,BALANCED,-16.2704
2019-12-12,SOXS,ARCX:SOXS,15925000.0,22.75,-0.0811,489536000.0,15925000.0,0.0,2.3948,9315000.0,-4587000.0,ACCUMULATION,71.8697
2019-12-13,SOXS,ARCX:SOXS,15055000.0,23.16,0.0181,504591000.0,15055000.0,0.0,2.3884,28328000.0,3818000.0,ACCUMULATION,73.7097
2019-12-16,SOXS,ARCX:SOXS,0.0,22.5,-0.0287,504591000.0,0.0,0.0,-0.2556,28328000.0,1229000.0,BALANCED,3.6101
2019-12-17,SOXS,ARCX:SOXS,2218000.0,22.18,-0.0141,506809000.0,2218000.0,0.0,0.121,33198000.0,2143000.0,BALANCED,15.0244
2019-12-18,SOXS,ARCX:SOXS,1112000.0,22.24,0.0028,507921000.0,1112000.0,0.0,0.0061,34310000.0,3255000.0,BALANCED,14.1534
2019-12-19,SOXS,ARCX:SOXS,4337000.0,21.69,-0.0251,512258000.0,4337000.0,0.0,0.6457,22722000.0,8961000.0,BALANCED,32.1416
2019-12-20,SOXS,ARCX:SOXS,4195000.0,20.98,-0.0327,516453000.0,4195000.0,0.0,0.6049,11862000.0,14571000.0,BALANCED,33.1219
2019-12-23,SOXS,ARCX:SOXS,-1040000.0,20.81,0.0284,515413000.0,0.0,-1040000.0,-0.3794,10822000.0,13531000.0,BALANCED,-1.4839
2019-12-24,SOXS,ARCX:SOXS,2064000.0,20.64,-0.008,517477000.0,2064000.0,0.0,0.2361,10668000.0,15595000.0,BALANCED,17.9037
2019-12-26,SOXS,ARCX:SOXS,-1028000.0,20.57,-0.0035,516449000.0,0.0,-1028000.0,-0.3573,8528000.0,18562000.0,BALANCED,-0.9335
2019-12-27,SOXS,ARCX:SOXS,3116000.0,20.77,0.01,519565000.0,3116000.0,0.0,0.4447,7307000.0,29493000.0,BALANCED,23.1186
2019-12-30,SOXS,ARCX:SOXS,-4250000.0,21.25,0.023,515315000.0,0.0,-4250000.0,-0.9357,-1138000.0,23897000.0,BALANCED,-35.3932
2019-12-31,SOXS,ARCX:SOXS,0.0,21.08,-0.0082,515315000.0,0.0,0.0,-0.079,-98000.0,32327000.0,BALANCED,-11.9744
2020-01-02,SOXS,ARCX:SOXS,989000.0,19.77,-0.0619,516304000.0,989000.0,0.0,0.1192,-1173000.0,33316000.0,BALANCED,-5.0204
2020-01-03,SOXS,ARCX:SOXS,3127000.0,20.85,0.0544,519431000.0,3127000.0,0.0,0.52,2982000.0,36443000.0,BALANCED,26.9994
2020-01-06,SOXS,ARCX:SOXS,8600000.0,21.5,0.0313,528031000.0,8600000.0,0.0,1.4771,8466000.0,47810000.0,BALANCED,52.9278
2020-01-07,SOXS,ARCX:SOXS,0.0,20.36,-0.0531,528031000.0,0.0,0.0,-0.166,12716000.0,51768000.0,BALANCED,5.849
2020-01-08,SOXS,ARCX:SOXS,1018000.0,20.35,-0.0004,529049000.0,1018000.0,0.0,0.0214,13734000.0,52786000.0,BALANCED,12.5357
2020-01-09,SOXS,ARCX:SOXS,-12993000.0,19.99,-0.0177,516056000.0,0.0,-12993000.0,-2.3103,-248000.0,42445000.0,DISTRIBUTION,-69.7581
2020-01-10,SOXS,ARCX:SOXS,4079000.0,20.4,0.0203,520135000.0,4079000.0,0.0,0.5753,704000.0,46524000.0,BALANCED,26.382
2020-01-13,SOXS,ARCX:SOXS,0.0,19.6,-0.0391,520135000.0,0.0,0.0,-0.1798,-7896000.0,30599000.0,BALANCED,-14.4938
2020-01-14,SOXS,ARCX:SOXS,0.0,19.48,-0.006,520135000.0,0.0,0.0,-0.1716,-7896000.0,15544000.0,BALANCED,-14.2906
2020-01-15,SOXS,ARCX:SOXS,2018000.0,20.18,0.0358,522153000.0,2018000.0,0.0,0.1347,-6896000.0,17562000.0,BALANCED,-4.6327
2020-01-16,SOXS,ARCX:SOXS,4788000.0,19.15,-0.0508,526941000.0,4788000.0,0.0,0.6245,10885000.0,20132000.0,BALANCED,29.6114
2020-01-17,SOXS,ARCX:SOXS,1878000.0,18.78,-0.0194,528819000.0,1878000.0,0.0,0.0659,8684000.0,20898000.0,BALANCED,17.6479
2020-01-21,SOXS,ARCX:SOXS,23538000.0,18.83,0.0027,552357000.0,23538000.0,0.0,3.2036,32222000.0,40099000.0,ACCUMULATION,98.0901
2020-01-22,SOXS,ARCX:SOXS,0.0,18.38,-0.0237,552357000.0,0.0,0.0,-0.39,32222000.0,35904000.0,BALANCED,0.2505
2020-01-23,SOXS,ARCX:SOXS,-5386000.0,17.95,-0.0234,546971000.0,0.0,-5386000.0,-1.1645,24818000.0,31558000.0,BALANCED,-21.1122
2020-01-24,SOXS,ARCX:SOXS,1855000.0,18.55,0.0334,548826000.0,1855000.0,0.0,-0.0991,21885000.0,31349000.0,BALANCED,9.5232
2020-01-27,SOXS,ARCX:SOXS,0.0,20.73,0.1173,548826000.0,0.0,0.0,-0.3809,20007000.0,32377000.0,BALANCED,0.4782
2020-01-28,SOXS,ARCX:SOXS,-6733000.0,19.24,-0.072,542093000.0,0.0,-6733000.0,-1.3504,-10264000.0,22528000.0,BALANCED,-45.7605
2020-01-29,SOXS,ARCX:SOXS,-10147000.0,20.29,0.0549,531946000.0,0.0,-10147000.0,-1.8052,-20411000.0,16631000.0,DISTRIBUTION,-59.1308
2020-01-30,SOXS,ARCX:SOXS,-4072000.0,20.36,0.0032,527874000.0,0.0,-4072000.0,-0.783,-19097000.0,12559000.0,BALANCED,-35.5751
2020-01-31,SOXS,ARCX:SOXS,3379000.0,22.53,0.1066,531253000.0,3379000.0,0.0,0.4133,-17573000.0,14949000.0,BALANCED,2.3319
2020-02-03,SOXS,ARCX:SOXS,-2170000.0,21.7,-0.0369,529083000.0,0.0,-2170000.0,-0.4617,-19743000.0,9652000.0,BALANCED,-23.5421
2020-02-04,SOXS,ARCX:SOXS,-2951000.0,19.67,-0.0934,526132000.0,0.0,-2951000.0,-0.5485,-15961000.0,-1899000.0,BALANCED,-27.7117
2020-02-05,SOXS,ARCX:SOXS,-11949000.0,18.38,-0.0655,514183000.0,0.0,-11949000.0,-1.8051,-17763000.0,-13848000.0,DISTRIBUTION,-61.1274
2020-02-06,SOXS,ARCX:SOXS,-5508000.0,18.36,-0.0013,508675000.0,0.0,-5508000.0,-0.7944,-19199000.0,-20374000.0,BALANCED,-37.8611
2020-02-07,SOXS,ARCX:SOXS,1967000.0,19.67,0.0716,510642000.0,1967000.0,0.0,0.3301,-20611000.0,-5414000.0,BALANCED,0.2521
2020-02-10,SOXS,ARCX:SOXS,0.0,18.76,-0.0463,510642000.0,0.0,0.0,0.0291,-18441000.0,-9493000.0,BALANCED,-9.2721
2020-02-11,SOXS,ARCX:SOXS,0.0,17.63,-0.0605,510642000.0,0.0,0.0,0.0449,-15490000.0,-9493000.0,BALANCED,-8.8765
2020-02-12,SOXS,ARCX:SOXS,0.0,16.87,-0.043,510642000.0,0.0,0.0,0.0237,-3541000.0,-9493000.0,BALANCED,-9.4078
2020-02-13,SOXS,ARCX:SOXS,2525000.0,16.83,-0.0022,513167000.0,2525000.0,0.0,0.3938,4492000.0,-8986000.0,BALANCED,21.8438
2020-02-14,SOXS,ARCX:SOXS,13551000.0,16.94,0.0064,526718000.0,13551000.0,0.0,1.8736,16076000.0,-223000.0,ACCUMULATION,60.8392
2020-02-18,SOXS,ARCX:SOXS,0.0,17.65,0.0418,526718000.0,0.0,0.0,-0.0346,16076000.0,-2101000.0,BALANCED,9.136
2020-02-19,SOXS,ARCX:SOXS,5693000.0,16.27,-0.0782,532411000.0,5693000.0,0.0,0.8006,21769000.0,-19946000.0,BALANCED,32.0162
2020-02-20,SOXS,ARCX:SOXS,0.0,17.0,0.045,532411000.0,0.0,0.0,-0.0211,21769000.0,-19946000.0,BALANCED,9.4732
2020-02-21,SOXS,ARCX:SOXS,2779000.0,18.53,0.09,535190000.0,2779000.0,0.0,0.3708,22023000.0,-11781000.0,BALANCED,21.2691
2020-02-24,SOXS,ARCX:SOXS,0.0,21.17,0.1426,535190000.0,0.0,0.0,-0.0984,8472000.0,-13636000.0,BALANCED,7.5399
2020-02-25,SOXS,ARCX:SOXS,-3467000.0,23.12,0.0919,531723000.0,0.0,-3467000.0,-0.5937,5005000.0,-17103000.0,BALANCED,-6.8437
2020-02-26,SOXS,ARCX:SOXS,3443000.0,22.95,-0.0071,535166000.0,3443000.0,0.0,0.4517,2755000.0,-6927000.0,BALANCED,23.2925
2020-02-27,SOXS,ARCX:SOXS,-24829000.0,26.14,0.1387,510337000.0,0.0,-24829000.0,-3.0669,-22074000.0,-21609000.0,DISTRIBUTION,-88.6733
2020-02-28,SOXS,ARCX:SOXS,-9766000.0,24.41,-0.0659,500571000.0,0.0,-9766000.0,-1.1089,-34619000.0,-27303000.0,BALANCED,-41.7235
2020-03-02,SOXS,ARCX:SOXS,-6554000.0,21.85,-0.1052,494017000.0,0.0,-6554000.0,-0.669,-41173000.0,-37236000.0,BALANCED,-32.7242
2020-03-03,SOXS,ARCX:SOXS,-36118000.0,24.08,0.1022,457899000.0,0.0,-36118000.0,-3.2653,-73824000.0,-71184000.0,DISTRIBUTION,-99.6325
2020-03-04,SOXS,ARCX:SOXS,0.0,20.47,-0.15,457899000.0,0.0,0.0,0.345,-77267000.0,-68233000.0,BALANCED,-1.3743
2020-03-05,SOXS,ARCX:SOXS,16780000.0,22.37,0.0932,474679000.0,16780000.0,0.0,1.9737,-35658000.0,-39504000.0,ACCUMULATION,41.3427
2020-03-06,SOXS,ARCX:SOXS,5926000.0,23.7,0.0595,480605000.0,5926000.0,0.0,0.8204,-19966000.0,-28070000.0,BALANCED,14.5112
2020-03-09,SOXS,ARCX:SOXS,-20746000.0,29.64,0.2503,459859000.0,0.0,-20746000.0,-1.7024,-34158000.0,-50783000.0,DISTRIBUTION,-54.5611
2020-03-10,SOXS,ARCX:SOXS,-6007000.0,24.03,-0.1893,453852000.0,0.0,-6007000.0,-0.2721,-4047000.0,-56790000.0,BALANCED,-20.8018
2020-03-11,SOXS,ARCX:SOXS,-5622000.0,28.11,0.17,448230000.0,0.0,-5622000.0,-0.239,-9669000.0,-62412000.0,BALANCED,-21.9751
2020-03-12,SOXS,ARCX:SOXS,-16791000.0,37.31,0.3273,431439000.0,0.0,-16791000.0,-1.2616,-43240000.0,-79203000.0,BALANCED,-49.5393
2020-03-13,SOXS,ARCX:SOXS,-23814000.0,25.07,-0.3282,407625000.0,0.0,-23814000.0,-1.7541,-72980000.0,-105542000.0,DISTRIBUTION,-63.8537
2020-03-16,SOXS,ARCX:SOXS,11101000.0,37.0,0.4762,418726000.0,11101000.0,0.0,1.2859,-41133000.0,-107992000.0,BALANCED,24.1468
2020-03-17,SOXS,ARCX:SOXS,-20865000.0,26.08,-0.2952,397861000.0,0.0,-20865000.0,-1.379,-55991000.0,-128857000.0,BALANCED,-46.4742
2020-03-18,SOXS,ARCX:SOXS,-6746000.0,33.73,0.2932,391115000.0,0.0,-6746000.0,-0.1877,-57115000.0,-141296000.0,BALANCED,-18.6923
2020-03-19,SOXS,ARCX:SOXS,2938000.0,29.38,-0.1289,394053000.0,2938000.0,0.0,0.5808,-37386000.0,-138358000.0,BALANCED,6.5206
2020-03-20,SOXS,ARCX:SOXS,-1604000.0,32.09,0.0921,392449000.0,0.0,-1604000.0,0.1899,-15176000.0,-142741000.0,BALANCED,-7.2534
2020-03-23,SOXS,ARCX:SOXS,-1443000.0,28.85,-0.1008,391006000.0,0.0,-1443000.0,0.2136,-27720000.0,-144184000.0,BALANCED,-8.6606
2020-03-24,SOXS,ARCX:SOXS,-9557000.0,19.11,-0.3357,381449000.0,0.0,-9557000.0,-0.44,-16412000.0,-150274000.0,BALANCED,-27.0001
2020-03-25,SOXS,ARCX:SOXS,4961000.0,19.84,0.0382,386410000.0,4961000.0,0.0,0.7567,-4705000.0,-148756000.0,BALANCED,10.9173
2020-03-26,SOXS,ARCX:SOXS,19753000.0,15.8,-0.2037,406163000.0,19753000.0,0.0,1.8181,12110000.0,-104174000.0,ACCUMULATION,59.4518
2020-03-27,SOXS,ARCX:SOXS,22924000.0,18.34,0.1605,429087000.0,22924000.0,0.0,1.8881,36638000.0,-71484000.0,ACCUMULATION,63.2024
2020-03-30,SOXS,ARCX:SOXS,0.0,16.25,-0.1142,429087000.0,0.0,0.0,0.245,38081000.0,-64930000.0,BALANCED,16.124
2020-03-31,SOXS,ARCX:SOXS,6068000.0,17.34,0.0673,435155000.0,6068000.0,0.0,0.6815,53706000.0,-22744000.0,BALANCED,29.0376
2020-04-01,SOXS,ARCX:SOXS,19181000.0,20.19,0.1645,454336000.0,19181000.0,0.0,1.5669,67926000.0,-3563000.0,ACCUMULATION,53.1713
2020-04-02,SOXS,ARCX:SOXS,-2729000.0,18.2,-0.0988,451607000.0,0.0,-2729000.0,-0.0026,45444000.0,-23072000.0,BALANCED,7.9361
2020-04-03,SOXS,ARCX:SOXS,-1937000.0,19.37,0.0643,449670000.0,0.0,-1937000.0,0.0659,20583000.0,-30935000.0,BALANCED,7.6484
2020-04-06,SOXS,ARCX:SOXS,2000000.0,13.33,-0.3115,451670000.0,2000000.0,0.0,0.3448,22583000.0,-8189000.0,BALANCED,20.6194
2020-04-07,SOXS,ARCX:SOXS,29743000.0,13.52,0.014,481413000.0,29743000.0,0.0,2.0821,46258000.0,27561000.0,ACCUMULATION,66.0517
2020-04-08,SOXS,ARCX:SOXS,24854000.0,12.12,-0.1032,506267000.0,24854000.0,0.0,1.631,51931000.0,58037000.0,ACCUMULATION,56.7741
2020-04-09,SOXS,ARCX:SOXS,1946000.0,12.97,0.0699,508213000.0,1946000.0,0.0,0.1329,56606000.0,76774000.0,BALANCED,21.3217
2020-04-13,SOXS,ARCX:SOXS,7462000.0,12.44,-0.0412,515675000.0,7462000.0,0.0,0.4601,66005000.0,108050000.0,BALANCED,31.5015
2020-04-14,SOXS,ARCX:SOXS,4851000.0,10.78,-0.1332,520526000.0,4851000.0,0.0,0.263,68856000.0,101800000.0,BALANCED,28.575
2020-04-15,SOXS,ARCX:SOXS,585000.0,11.69,0.0846,521111000.0,585000.0,0.0,-0.1138,39698000.0,123250000.0,BALANCED,21.1543
2020-04-16,SOXS,ARCX:SOXS,1078000.0,10.78,-0.0782,522189000.0,1078000.0,0.0,-0.0797,15922000.0,131074000.0,BALANCED,24.0082
2020-04-17,SOXS,ARCX:SOXS,2624000.0,10.49,-0.0261,524813000.0,2624000.0,0.0,0.0729,16600000.0,130760000.0,BALANCED,29.8213
2020-04-20,SOXS,ARCX:SOXS,7839000.0,11.2,0.067,532652000.0,7839000.0,0.0,0.4658,16977000.0,140203000.0,BALANCED,41.644
2020-04-21,SOXS,ARCX:SOXS,0.0,12.79,0.1419,532652000.0,0.0,0.0,-0.1956,12126000.0,141646000.0,BALANCED,5.1109
2020-04-22,SOXS,ARCX:SOXS,-6318000.0,10.53,-0.1765,526334000.0,0.0,-6318000.0,-0.7035,5223000.0,144885000.0,BALANCED,-9.5882
2020-04-23,SOXS,ARCX:SOXS,13029000.0,10.86,0.031,539363000.0,13029000.0,0.0,0.8015,17174000.0,152953000.0,BALANCED,32.0383
2020-04-24,SOXS,ARCX:SOXS,19716000.0,10.11,-0.0688,559079000.0,19716000.0,0.0,1.2629,34266000.0,152916000.0,BALANCED,45.5727
2020-04-27,SOXS,ARCX:SOXS,0.0,9.71,-0.0396,559079000.0,0.0,0.0,-0.4558,26427000.0,129992000.0,BALANCED,-1.3946
2020-04-28,SOXS,ARCX:SOXS,1486000.0,9.91,0.0205,560565000.0,1486000.0,0.0,-0.2938,27913000.0,131478000.0,BALANCED,4.6548
2020-04-29,SOXS,ARCX:SOXS,2533000.0,8.44,-0.148,563098000.0,2533000.0,0.0,-0.2994,36764000.0,127943000.0,BALANCED,6.5142
2020-04-30,SOXS,ARCX:SOXS,8441000.0,9.38,0.1109,571539000.0,8441000.0,0.0,0.2509,32176000.0,117203000.0,BALANCED,22.2725
2020-05-01,SOXS,ARCX:SOXS,-1077000.0,10.77,0.1484,570462000.0,0.0,-1077000.0,-0.714,11383000.0,118855000.0,BALANCED,-9.8499
2020-05-04,SOXS,ARCX:SOXS,-13047000.0,10.44,-0.0309,557415000.0,0.0,-13047000.0,-1.808,-1664000.0,107745000.0,DISTRIBUTION,-59.1999
2020-05-05,SOXS,ARCX:SOXS,-10897000.0,9.91,-0.051,546518000.0,0.0,-10897000.0,-1.5146,-14047000.0,94848000.0,DISTRIBUTION,-53.8647
2020-05-06,SOXS,ARCX:SOXS,0.0,9.57,-0.0339,546518000.0,0.0,0.0,-0.5343,-16580000.0,65105000.0,BALANCED,-23.3573
2020-05-07,SOXS,ARCX:SOXS,8354000.0,9.28,-0.0301,554872000.0,8354000.0,0.0,0.2656,-16667000.0,48605000.0,BALANCED,-1.3598
2020-05-08,SOXS,ARCX:SOXS,4233000.0,8.47,-0.088,559105000.0,4233000.0,0.0,-0.0869,-11357000.0,50892000.0,BALANCED,-8.1713
2020-05-11,SOXS,ARCX:SOXS,9756000.0,8.48,0.0022,568861000.0,9756000.0,0.0,0.5409,11446000.0,53186000.0,BALANCED,29.5219
2020-05-12,SOXS,ARCX:SOXS,-1378000.0,9.18,0.0826,567483000.0,0.0,-1378000.0,-0.634,20965000.0,46957000.0,BALANCED,-7.8494
2020-05-13,SOXS,ARCX:SOXS,1944000.0,9.72,0.0585,569427000.0,1944000.0,0.0,-0.2677,22909000.0,48316000.0,BALANCED,5.3082
2020-05-14,SOXS,ARCX:SOXS,-2671000.0,8.9,-0.0842,566756000.0,0.0,-2671000.0,-0.7036,11884000.0,44567000.0,BALANCED,-9.5899
2020-05-15,SOXS,ARCX:SOXS,-9009000.0,9.48,0.0652,557747000.0,0.0,-9009000.0,-1.3426,-1358000.0,32934000.0,BALANCED,-47.5651
2020-05-18,SOXS,ARCX:SOXS,4870000.0,8.12,-0.144,562617000.0,4870000.0,0.0,0.119,-6244000.0,29965000.0,BALANCED,-5.0262
2020-05-19,SOXS,ARCX:SOXS,3695000.0,8.21,0.0115,566312000.0,3695000.0,0.0,-0.0136,-1171000.0,33660000.0,BALANCED,-6.3404
2020-05-20,SOXS,ARCX:SOXS,7662000.0,7.3,-0.1113,573974000.0,7662000.0,0.0,0.5767,4547000.0,47640000.0,BALANCED,30.4178
2020-05-21,SOXS,ARCX:SOXS,27612000.0,7.89,0.0812,601586000.0,27612000.0,0.0,2.977,34830000.0,62223000.0,ACCUMULATION,92.4239
2020-05-22,SOXS,ARCX:SOXS,1161000.0,7.74,-0.0191,602747000.0,1161000.0,0.0,-0.2423,45000000.0,43668000.0,BALANCED,13.9423
2020-05-26,SOXS,ARCX:SOXS,-5252000.0,7.5,-0.0304,597495000.0,0.0,-5252000.0,-0.9601,34878000.0,38416000.0,BALANCED,-16.0035
2020-05-27,SOXS,ARCX:SOXS,0.0,7.17,-0.0448,597495000.0,0.0,0.0,-0.3086,31183000.0,36930000.0,BALANCED,2.2862
2020-05-28,SOXS,ARCX:SOXS,0.0,7.66,0.0686,597495000.0,0.0,0.0,-0.306,23521000.0,34397000.0,BALANCED,2.3498
2020-05-29,SOXS,ARCX:SOXS,3877000.0,7.05,-0.0796,601372000.0,3877000.0,0.0,0.1488,-214000.0,29833000.0,BALANCED,-4.281
2020-06-01,SOXS,ARCX:SOXS,0.0,7.15,0.0149,601372000.0,0.0,0.0,-0.3062,-1375000.0,30910000.0,BALANCED,-17.6561
2020-06-02,SOXS,ARCX:SOXS,0.0,6.69,-0.0654,601372000.0,0.0,0.0,-0.2765,3877000.0,43957000.0,BALANCED,3.0874
2020-06-03,SOXS,ARCX:SOXS,3963000.0,6.1,-0.088,605335000.0,3963000.0,0.0,0.1861,7840000.0,58817000.0,BALANCED,16.6515
2020-06-04,SOXS,ARCX:SOXS,18729000.0,5.95,-0.0249,624064000.0,18729000.0,0.0,1.7944,26569000.0,77546000.0,ACCUMULATION,58.8592
2020-06-05,SOXS,ARCX:SOXS,0.0,5.49,-0.0773,624064000.0,0.0,0.0,-0.3346,22692000.0,69192000.0,BALANCED,1.6362
2020-06-08,SOXS,ARCX:SOXS,2764000.0,5.53,0.0076,626828000.0,2764000.0,0.0,0.0647,25456000.0,67723000.0,BALANCED,13.618
2020-06-09,SOXS,ARCX:SOXS,-1936000.0,5.53,0.0008,624892000.0,0.0,-1936000.0,-0.5267,23520000.0,56031000.0,BALANCED,-5.1677
2020-06-10,SOXS,ARCX:SOXS,1643000.0,5.48,-0.0099,626535000.0,1643000.0,0.0,-0.0709,21200000.0,59052000.0,BALANCED,10.2271
2020-06-11,SOXS,ARCX:SOXS,-1632000.0,6.53,0.1915,624903000.0,0.0,-1632000.0,-0.4691,839000.0,55476000.0,BALANCED,-3.7272
2020-06-12,SOXS,ARCX:SOXS,-6552000.0,6.24,-0.044,618351000.0,0.0,-6552000.0,-1.0233,-5713000.0,51595000.0,BALANCED,-39.5827
2020-06-15,SOXS,ARCX:SOXS,-3583000.0,5.97,-0.0429,614768000.0,0.0,-3583000.0,-0.6349,-12060000.0,57021000.0,BALANCED,-31.8727
2020-06-16,SOXS,ARCX:SOXS,-13554000.0,5.65,-0.0544,601214000.0,0.0,-13554000.0,-1.8763,-23678000.0,38597000.0,DISTRIBUTION,-64.9081
2020-06-17,SOXS,ARCX:SOXS,2744000.0,5.49,-0.0281,603958000.0,2744000.0,0.0,0.1083,-22577000.0,37646000.0,BALANCED,-5.2917
2020-06-18,SOXS,ARCX:SOXS,1379000.0,5.52,0.0051,605337000.0,1379000.0,0.0,-0.0761,-19566000.0,31363000.0,BALANCED,-7.9013
2020-06-19,SOXS,ARCX:SOXS,-1404000.0,5.61,0.0177,603933000.0,0.0,-1404000.0,-0.4013,-14418000.0,2347000.0,BALANCED,-22.0328
2020-06-22,SOXS,ARCX:SOXS,0.0,5.47,-0.0253,603933000.0,0.0,0.0,-0.1976,-10835000.0,1186000.0,BALANCED,-14.9394
2020-06-23,SOXS,ARCX:SOXS,2446000.0,5.44,-0.0067,606379000.0,2446000.0,0.0,0.1615,5165000.0,8884000.0,BALANCED,16.0365
2020-06-24,SOXS,ARCX:SOXS,0.0,5.79,0.0655,606379000.0,0.0,0.0,-0.1754,2421000.0,8884000.0,BALANCED,5.6145
2020-06-25,SOXS,ARCX:SOXS,-3385000.0,5.64,-0.0259,602994000.0,0.0,-3385000.0,-0.6055,-2343000.0,5499000.0,BALANCED,-27.1364
2020-06-26,SOXS,ARCX:SOXS,0.0,5.98,0.0598,602994000.0,0.0,0.0,-0.1631,-939000.0,1622000.0,BALANCED,-14.0765
2020-06-29,SOXS,ARCX:SOXS,-2021000.0,5.77,-0.0344,600973000.0,0.0,-2021000.0,-0.482,-2960000.0,-399000.0,BALANCED,-24.0506
2020-06-30,SOXS,ARCX:SOXS,0.0,5.31,-0.0811,600973000.0,0.0,0.0,-0.1786,-5406000.0,-399000.0,BALANCED,-14.4662
2020-07-01,SOXS,ARCX:SOXS,0.0,5.54,0.0442,600973000.0,0.0,0.0,-0.1617,-5406000.0,-4362000.0,BALANCED,-14.0423
2020-07-02,SOXS,ARCX:SOXS,1329000.0,5.31,-0.0407,602302000.0,1329000.0,0.0,0.0547,-692000.0,-21762000.0,BALANCED,-6.6336
2020-07-06,SOXS,ARCX:SOXS,-3666000.0,4.89,-0.0801,598636000.0,0.0,-3666000.0,-0.7187,-4358000.0,-25428000.0,BALANCED,-29.9687
2020-07-07,SOXS,ARCX:SOXS,2795000.0,5.08,0.0396,601431000.0,2795000.0,0.0,0.5693,458000.0,-25397000.0,BALANCED,26.2316
2020-07-08,SOXS,ARCX:SOXS,1457000.0,4.86,-0.0446,602888000.0,1457000.0,0.0,0.2609,1915000.0,-22004000.0,BALANCED,20.5233
2020-07-09,SOXS,ARCX:SOXS,2099000.0,4.66,-0.0395,604987000.0,2099000.0,0.0,0.3768,4014000.0,-21548000.0,BALANCED,25.4212
2020-07-10,SOXS,ARCX:SOXS,4239000.0,4.71,0.0098,609226000.0,4239000.0,0.0,0.7757,6924000.0,-15677000.0,BALANCED,37.393
2020-07-13,SOXS,ARCX:SOXS,495000.0,4.95,0.0516,609721000.0,495000.0,0.0,0.0441,11085000.0,-8630000.0,BALANCED,21.1018
2020-07-14,SOXS,ARCX:SOXS,0.0,4.69,-0.0526,609721000.0,0.0,0.0,-0.0566,8290000.0,-5047000.0,BALANCED,8.585
2020-07-15,SOXS,ARCX:SOXS,-946000.0,4.73,0.0081,608775000.0,0.0,-946000.0,-0.2423,5887000.0,7561000.0,BALANCED,1.9413
2020-07-16,SOXS,ARCX:SOXS,0.0,4.79,0.012,608775000.0,0.0,0.0,-0.0235,3788000.0,4817000.0,BALANCED,9.4115
2020-07-17,SOXS,ARCX:SOXS,-1643000.0,4.7,-0.0191,607132000.0,0.0,-1643000.0,-0.3193,-2094000.0,1795000.0,BALANCED,-19.9821
2020-07-20,SOXS,ARCX:SOXS,0.0,4.41,-0.0602,607132000.0,0.0,0.0,0.1671,-2589000.0,3199000.0,BALANCED,-5.8232
2020-07-21,SOXS,ARCX:SOXS,0.0,4.5,0.0196,607132000.0,0.0,0.0,0.1977,-2589000.0,3199000.0,BALANCED,-5.0585
2020-07-22,SOXS,ARCX:SOXS,3554000.0,4.44,-0.0127,610686000.0,3554000.0,0.0,1.1849,1911000.0,4307000.0,BALANCED,41.6236
2020-07-23,SOXS,ARCX:SOXS,466000.0,4.66,0.0491,611152000.0,466000.0,0.0,0.2895,2377000.0,4773000.0,BALANCED,21.2386
2020-07-24,SOXS,ARCX:SOXS,1951000.0,4.88,0.0466,613103000.0,1951000.0,0.0,0.689,5971000.0,10109000.0,BALANCED,33.224
2020-07-27,SOXS,ARCX:SOXS,5065000.0,4.4,-0.0971,618168000.0,5065000.0,0.0,1.5192,11036000.0,15174000.0,ACCUMULATION,55.9792
2020-07-28,SOXS,ARCX:SOXS,2809000.0,4.68,0.0629,620977000.0,2809000.0,0.0,0.7871,13845000.0,20004000.0,BALANCED,39.6782
2020-07-29,SOXS,ARCX:SOXS,0.0,4.37,-0.0669,620977000.0,0.0,0.0,-0.3219,10291000.0,20004000.0,BALANCED,1.9527
2020-07-30,SOXS,ARCX:SOXS,-1847000.0,4.1,-0.0604,619130000.0,0.0,-1847000.0,-1.1438,7978000.0,18157000.0,BALANCED,-20.596
2020-07-31,SOXS,ARCX:SOXS,4168000.0,4.17,0.0155,623298000.0,4168000.0,0.0,1.6538,10195000.0,20996000.0,ACCUMULATION,53.3451
2020-08-03,SOXS,ARCX:SOXS,0.0,3.93,-0.0574,623298000.0,0.0,0.0,-0.3033,5130000.0,24662000.0,BALANCED,2.4177
2020-08-04,SOXS,ARCX:SOXS,0.0,3.75,-0.0449,623298000.0,0.0,0.0,-0.3033,2321000.0,21867000.0,BALANCED,2.4177
2020-08-05,SOXS,ARCX:SOXS,0.0,3.76,0.003,623298000.0,0.0,0.0,-0.2681,2321000.0,20410000.0,BALANCED,3.2979
2020-08-06,SOXS,ARCX:SOXS,3773000.0,3.77,0.0025,627071000.0,3773000.0,0.0,1.4142,7941000.0,22084000.0,BALANCED,47.3554
2020-08-07,SOXS,ARCX:SOXS,0.0,3.91,0.0355,627071000.0,0.0,0.0,-0.3924,3773000.0,17845000.0,BALANCED,0.1909
2020-08-10,SOXS,ARCX:SOXS,1756000.0,3.9,-0.0013,628827000.0,1756000.0,0.0,0.4372,5529000.0,19106000.0,BALANCED,22.9303
2020-08-11,SOXS,ARCX:SOXS,0.0,4.03,0.0341,628827000.0,0.0,0.0,-0.4687,5529000.0,19106000.0,BALANCED,-1.7177
2020-08-12,SOXS,ARCX:SOXS,-1088000.0,3.63,-0.1012,627739000.0,0.0,-1088000.0,-0.986,4441000.0,18964000.0,BALANCED,-16.6507
2020-08-13,SOXS,ARCX:SOXS,562000.0,3.75,0.0331,628301000.0,562000.0,0.0,-0.1743,1230000.0,19526000.0,BALANCED,7.6433
2020-08-14,SOXS,ARCX:SOXS,375000.0,3.75,0.0016,628676000.0,375000.0,0.0,-0.2517,1605000.0,21544000.0,BALANCED,7.7077
2020-08-17,SOXS,ARCX:SOXS,0.0,3.61,-0.0366,628676000.0,0.0,0.0,-0.5503,-151000.0,21544000.0,BALANCED,-23.758
2020-08-18,SOXS,ARCX:SOXS,-1103000.0,3.68,0.0174,627573000.0,0.0,-1103000.0,-1.0811,-1254000.0,20441000.0,BALANCED,-39.0287
2020-08-19,SOXS,ARCX:SOXS,0.0,3.75,0.0184,627573000.0,0.0,0.0,-0.4498,-166000.0,16887000.0,BALANCED,-21.2442
2020-08-20,SOXS,ARCX:SOXS,-1153000.0,3.84,0.0265,626420000.0,0.0,-1153000.0,-1.0108,-1881000.0,15268000.0,BALANCED,-37.2698
2020-08-21,SOXS,ARCX:SOXS,-751000.0,3.75,-0.0239,625669000.0,0.0,-751000.0,-0.7463,-3007000.0,12566000.0,BALANCED,-32.6569
2020-08-24,SOXS,ARCX:SOXS,-1458000.0,3.65,-0.0288,624211000.0,0.0,-1458000.0,-1.0911,-4465000.0,6043000.0,BALANCED,-43.2776
2020-08-25,SOXS,ARCX:SOXS,-176000.0,3.53,-0.0321,624035000.0,0.0,-176000.0,-0.3667,-3538000.0,3058000.0,BALANCED,-27.1687
2020-08-26,SOXS,ARCX:SOXS,0.0,3.49,-0.0101,624035000.0,0.0,0.0,-0.2885,-3538000.0,3058000.0,BALANCED,-17.2127
2020-08-27,SOXS,ARCX:SOXS,4000.0,3.63,0.0395,624039000.0,4000.0,0.0,-0.2863,-2381000.0,4909000.0,BALANCED,-15.1581
2020-08-28,SOXS,ARCX:SOXS,854000.0,40.98,-0.0595,624893000.0,854000.0,0.0,0.1526,-776000.0,1595000.0,BALANCED,-2.1841
2020-08-31,SOXS,ARCX:SOXS,0.0,41.17,0.0048,624893000.0,0.0,0.0,-0.345,682000.0,1595000.0,BALANCED,1.3762
2020-09-01,SOXS,ARCX:SOXS,0.0,38.75,-0.0588,624893000.0,0.0,0.0,-0.345,858000.0,1595000.0,BALANCED,1.3762
2020-09-02,SOXS,ARCX:SOXS,-1769000.0,35.38,-0.087,623124000.0,0.0,-1769000.0,-1.3043,-911000.0,-174000.0,BALANCED,-44.6077
2020-09-03,SOXS,ARCX:SOXS,12441000.0,41.47,0.1721,635565000.0,12441000.0,0.0,4.2107,11526000.0,8494000.0,ACCUMULATION,100.0
2020-09-04,SOXS,ARCX:SOXS,-6399000.0,42.66,0.0287,629166000.0,0.0,-6399000.0,-2.2746,4273000.0,2095000.0,DISTRIBUTION,-48.8643
2020-09-08,SOXS,ARCX:SOXS,0.0,48.68,0.1411,629166000.0,0.0,0.0,-0.1252,4273000.0,339000.0,BALANCED,6.8688
2020-09-09,SOXS,ARCX:SOXS,0.0,44.45,-0.0869,629166000.0,0.0,0.0,-0.0944,4273000.0,339000.0,BALANCED,7.6394
2020-09-10,SOXS,ARCX:SOXS,0.0,46.4,0.0439,629166000.0,0.0,0.0,-0.0944,6042000.0,1427000.0,BALANCED,7.6394
2020-09-11,SOXS,ARCX:SOXS,0.0,46.49,0.0019,629166000.0,0.0,0.0,-0.1168,-6399000.0,865000.0,BALANCED,-12.9204
2020-09-14,SOXS,ARCX:SOXS,0.0,43.51,-0.0641,629166000.0,0.0,0.0,-0.0706,0.0,490000.0,BALANCED,-1.7648
2020-09-15,SOXS,ARCX:SOXS,0.0,41.27,-0.0516,629166000.0,0.0,0.0,-0.0706,0.0,490000.0,BALANCED,-1.7648
2020-09-16,SOXS,ARCX:SOXS,0.0,42.58,0.0319,629166000.0,0.0,0.0,-0.0706,0.0,1593000.0,BALANCED,-1.7648
2020-09-17,SOXS,ARCX:SOXS,0.0,42.62,0.001,629166000.0,0.0,0.0,-0.0706,0.0,1593000.0,BALANCED,-1.7648
2020-09-18,SOXS,ARCX:SOXS,0.0,44.56,0.0453,629166000.0,0.0,0.0,-0.026,0.0,2746000.0,BALANCED,-0.6497
2020-09-21,SOXS,ARCX:SOXS,0.0,44.86,0.0069,629166000.0,0.0,0.0,-0.026,0.0,3497000.0,BALANCED,-0.6497
2020-09-22,SOXS,ARCX:SOXS,0.0,43.24,-0.0362,629166000.0,0.0,0.0,-0.0042,0.0,4955000.0,BALANCED,-0.1059
2020-09-23,SOXS,ARCX:SOXS,0.0,46.42,0.0737,629166000.0,0.0,0.0,-0.0042,0.0,5131000.0,BALANCED,-0.1059
2020-09-24,SOXS,ARCX:SOXS,0.0,45.06,-0.0293,629166000.0,0.0,0.0,-0.0179,0.0,5131000.0,BALANCED,-0.447
2020-09-25,SOXS,ARCX:SOXS,0.0,43.14,-0.0426,629166000.0,0.0,0.0,-0.0108,0.0,5127000.0,BALANCED,-0.2711
2020-09-28,SOXS,ARCX:SOXS,0.0,39.59,-0.0823,629166000.0,0.0,0.0,-0.0061,0.0,4273000.0,BALANCED,-0.1536
2020-09-29,SOXS,ARCX:SOXS,7860000.0,39.3,-0.0073,637026000.0,7860000.0,0.0,2.5114,7860000.0,12133000.0,ACCUMULATION,74.7841
2020-09-30,SOXS,ARCX:SOXS,0.0,39.22,-0.002,637026000.0,0.0,0.0,-0.1047,7860000.0,12133000.0,BALANCED,7.3814
2020-10-01,SOXS,ARCX:SOXS,0.0,36.72,-0.0637,637026000.0,0.0,0.0,-0.1047,7860000.0,13902000.0,BALANCED,7.3814
2020-10-02,SOXS,ARCX:SOXS,4011000.0,40.11,0.0923,641037000.0,4011000.0,0.0,1.1484,11871000.0,5472000.0,BALANCED,40.7094
2020-10-05,SOXS,ARCX:SOXS,3607000.0,36.07,-0.1007,644644000.0,3607000.0,0.0,0.9562,15478000.0,15478000.0,BALANCED,37.9054
2020-10-06,SOXS,ARCX:SOXS,0.0,36.75,0.0189,644644000.0,0.0,0.0,-0.2205,7618000.0,15478000.0,BALANCED,4.4863
2020-10-07,SOXS,ARCX:SOXS,0.0,34.44,-0.0629,644644000.0,0.0,0.0,-0.2226,7618000.0,15478000.0,BALANCED,4.4361
2020-10-08,SOXS,ARCX:SOXS,9966000.0,33.22,-0.0354,654610000.0,9966000.0,0.0,2.5442,17584000.0,25444000.0,ACCUMULATION,75.6047
2020-10-09,SOXS,ARCX:SOXS,4718000.0,31.45,-0.0533,659328000.0,4718000.0,0.0,0.9908,18291000.0,30162000.0,BALANCED,38.7707
2020-10-12,SOXS,ARCX:SOXS,7515000.0,30.06,-0.0442,666843000.0,7515000.0,0.0,1.6285,22199000.0,37677000.0,ACCUMULATION,56.7121
2020-10-13,SOXS,ARCX:SOXS,-3018000.0,30.18,0.004,663825000.0,0.0,-3018000.0,-1.1255,19181000.0,34659000.0,BALANCED,-20.1383
2020-10-14,SOXS,ARCX:SOXS,0.0,30.66,0.0159,663825000.0,0.0,0.0,-0.3384,19181000.0,34659000.0,BALANCED,1.5389
2020-10-15,SOXS,ARCX:SOXS,-3089000.0,30.89,0.0075,660736000.0,0.0,-3089000.0,-1.1198,6126000.0,31570000.0,BALANCED,-19.9951
2020-10-16,SOXS,ARCX:SOXS,0.0,31.32,0.0139,660736000.0,0.0,0.0,-0.2577,1408000.0,31570000.0,BALANCED,3.5575
2020-10-19,SOXS,ARCX:SOXS,0.0,31.87,0.0176,660736000.0,0.0,0.0,-0.3553,-6107000.0,31570000.0,BALANCED,-18.8831
2020-10-20,SOXS,ARCX:SOXS,0.0,31.87,0.0,660736000.0,0.0,0.0,-0.3553,-3089000.0,31570000.0,BALANCED,-18.8831
2020-10-21,SOXS,ARCX:SOXS,-3261000.0,32.61,0.0232,657475000.0,0.0,-3261000.0,-1.3742,-6350000.0,28309000.0,BALANCED,-46.3541
2020-10-22,SOXS,ARCX:SOXS,-8120000.0,32.48,-0.004,649355000.0,0.0,-8120000.0,-2.529,-11381000.0,20189000.0,DISTRIBUTION,-77.2251
2020-10-23,SOXS,ARCX:SOXS,0.0,32.9,0.0129,649355000.0,0.0,0.0,-0.1936,-11381000.0,20189000.0,BALANCED,-14.8389
2020-10-26,SOXS,ARCX:SOXS,0.0,35.06,0.0657,649355000.0,0.0,0.0,-0.1936,-11381000.0,20189000.0,BALANCED,-14.8389
2020-10-27,SOXS,ARCX:SOXS,-8850000.0,35.4,0.0097,640505000.0,0.0,-8850000.0,-2.374,-20231000.0,3479000.0,DISTRIBUTION,-71.3491
2020-10-28,SOXS,ARCX:SOXS,0.0,39.0,0.1017,640505000.0,0.0,0.0,-0.0972,-16970000.0,3479000.0,BALANCED,-12.4309
2020-10-29,SOXS,ARCX:SOXS,-7148000.0,35.74,-0.0836,633357000.0,0.0,-7148000.0,-1.7676,-15998000.0,-3669000.0,DISTRIBUTION,-56.1889
2020-10-30,SOXS,ARCX:SOXS,9375000.0,37.5,0.0492,642732000.0,9375000.0,0.0,2.0033,-6623000.0,1695000.0,ACCUMULATION,42.0822
2020-11-02,SOXS,ARCX:SOXS,0.0,36.78,-0.0192,642732000.0,0.0,0.0,-0.1015,-6623000.0,-1912000.0,BALANCED,-12.5381
2020-11-03,SOXS,ARCX:SOXS,-1735000.0,34.7,-0.0566,640997000.0,0.0,-1735000.0,-0.4762,492000.0,-3647000.0,BALANCED,-3.9055
2020-11-04,SOXS,ARCX:SOXS,0.0,31.01,-0.1063,640997000.0,0.0,0.0,-0.0882,492000.0,-3647000.0,BALANCED,7.7951
2020-11-05,SOXS,ARCX:SOXS,4031000.0,26.87,-0.1335,645028000.0,4031000.0,0.0,0.7749,11671000.0,-9582000.0,BALANCED,31.3734
2020-11-06,SOXS,ARCX:SOXS,5114000.0,25.57,-0.0484,650142000.0,5114000.0,0.0,0.9609,7410000.0,-9186000.0,BALANCED,38.0216
2020-11-09,SOXS,ARCX:SOXS,6630000.0,26.52,0.0372,656772000.0,6630000.0,0.0,1.2103,14040000.0,-10071000.0,BALANCED,46.2578
2020-11-10,SOXS,ARCX:SOXS,8673000.0,28.91,0.0901,665445000.0,8673000.0,0.0,1.6227,24448000.0,1620000.0,ACCUMULATION,58.5676
2020-11-11,SOXS,ARCX:SOXS,-6432000.0,25.73,-0.11,659013000.0,0.0,-6432000.0,-1.4485,18016000.0,-4812000.0,BALANCED,-28.213
2020-11-12,SOXS,ARCX:SOXS,1337000.0,26.73,0.0389,660350000.0,1337000.0,0.0,0.1131,15322000.0,-386000.0,BALANCED,14.8285
2020-11-13,SOXS,ARCX:SOXS,2574000.0,25.74,-0.037,662924000.0,2574000.0,0.0,0.3749,12782000.0,2188000.0,BALANCED,23.372
2020-11-16,SOXS,ARCX:SOXS,-2382000.0,23.82,-0.0746,660542000.0,0.0,-2382000.0,-0.5918,3770000.0,-194000.0,BALANCED,-6.7941
2020-11-17,SOXS,ARCX:SOXS,3665000.0,24.43,0.0256,664207000.0,3665000.0,0.0,0.6084,-1238000.0,3471000.0,BALANCED,7.2088
2020-11-18,SOXS,ARCX:SOXS,0.0,24.94,0.0209,664207000.0,0.0,0.0,-0.1317,5194000.0,6732000.0,BALANCED,6.7083
2020-11-19,SOXS,ARCX:SOXS,0.0,23.76,-0.0473,664207000.0,0.0,0.0,-0.0691,3857000.0,14852000.0,BALANCED,8.2727
2020-11-20,SOXS,ARCX:SOXS,2417000.0,24.17,0.0173,666624000.0,2417000.0,0.0,0.4753,3700000.0,17269000.0,BALANCED,23.883
2020-11-23,SOXS,ARCX:SOXS,3454000.0,23.04,-0.0468,670078000.0,3454000.0,0.0,0.7591,9536000.0,20723000.0,BALANCED,32.9787
2020-11-24,SOXS,ARCX:SOXS,2000.0,22.67,-0.016,670080000.0,2000.0,0.0,-0.0473,5873000.0,29575000.0,BALANCED,14.8182
2020-11-25,SOXS,ARCX:SOXS,-2000.0,22.9,0.01,670078000.0,0.0,-2000.0,-0.0482,5871000.0,29573000.0,BALANCED,6.7957
2020-11-27,SOXS,ARCX:SOXS,2000.0,22.07,-0.0362,670080000.0,2000.0,0.0,-0.0716,5873000.0,36723000.0,BALANCED,10.2108
2020-11-30,SOXS,ARCX:SOXS,3191000.0,21.27,-0.0362,673271000.0,3191000.0,0.0,0.6367,6647000.0,30539000.0,BALANCED,29.9186
2020-12-01,SOXS,ARCX:SOXS,5040000.0,20.16,-0.0522,678311000.0,5040000.0,0.0,1.0043,8233000.0,35579000.0,BALANCED,41.1079
2020-12-02,SOXS,ARCX:SOXS,9995000.0,19.99,-0.0084,688306000.0,9995000.0,0.0,1.9093,18226000.0,47309000.0,ACCUMULATION,65.7333
2020-12-03,SOXS,ARCX:SOXS,999000.0,19.98,-0.0005,689305000.0,999000.0,0.0,-0.0132,19227000.0,48308000.0,BALANCED,19.6693
2020-12-04,SOXS,ARCX:SOXS,5484000.0,18.28,-0.0851,694789000.0,5484000.0,0.0,0.8983,24709000.0,49761000.0,BALANCED,44.457
2020-12-07,SOXS,ARCX:SOXS,0.0,18.01,-0.0145,694789000.0,0.0,0.0,-0.3427,21518000.0,44647000.0,BALANCED,1.4321
2020-12-08,SOXS,ARCX:SOXS,18711000.0,17.82,-0.0107,713500000.0,18711000.0,0.0,3.0647,35189000.0,56728000.0,ACCUMULATION,88.6163
2020-12-09,SOXS,ARCX:SOXS,1000.0,19.37,0.0869,713501000.0,1000.0,0.0,-0.485,25195000.0,48056000.0,BALANCED,1.8747
2020-12-10,SOXS,ARCX:SOXS,0.0,19.39,0.001,713501000.0,0.0,0.0,-0.4852,24196000.0,54488000.0,BALANCED,-2.1302
2020-12-11,SOXS,ARCX:SOXS,-11011000.0,20.02,0.0325,702490000.0,0.0,-11011000.0,-2.5075,7701000.0,42140000.0,DISTRIBUTION,-54.6887
2020-12-14,SOXS,ARCX:SOXS,-1930000.0,19.3,-0.036,700560000.0,0.0,-1930000.0,-0.7432,5771000.0,37636000.0,BALANCED,-12.5788
2020-12-15,SOXS,ARCX:SOXS,-6468000.0,18.48,-0.0425,694092000.0,0.0,-6468000.0,-1.5138,-19408000.0,33550000.0,DISTRIBUTION,-53.8448
2020-12-16,SOXS,ARCX:SOXS,-1851000.0,18.51,0.0016,692241000.0,0.0,-1851000.0,-0.6583,-21260000.0,28034000.0,BALANCED,-34.4584
2020-12-17,SOXS,ARCX:SOXS,0.0,18.4,-0.0059,692241000.0,0.0,0.0,-0.316,-21260000.0,28034000.0,BALANCED,-17.8989
2020-12-18,SOXS,ARCX:SOXS,0.0,18.63,0.0125,692241000.0,0.0,0.0,-0.2916,-10249000.0,28034000.0,BALANCED,-17.2905
2020-12-21,SOXS,ARCX:SOXS,3796000.0,18.98,0.0188,696037000.0,3796000.0,0.0,0.4218,-4523000.0,29413000.0,BALANCED,2.546
2020-12-22,SOXS,ARCX:SOXS,953000.0,19.05,0.0037,696990000.0,953000.0,0.0,-0.0733,2898000.0,26912000.0,BALANCED,12.1667
2020-12-23,SOXS,ARCX:SOXS,-1947000.0,19.47,0.022,695043000.0,0.0,-1947000.0,-0.5718,2802000.0,24963000.0,BALANCED,-6.2938
2020-12-24,SOXS,ARCX:SOXS,0.0,18.9,-0.0293,695043000.0,0.0,0.0,-0.2431,2802000.0,24965000.0,BALANCED,3.9234
2020-12-28,SOXS,ARCX:SOXS,951000.0,19.02,0.0063,695994000.0,951000.0,0.0,-0.048,3753000.0,25914000.0,BALANCED,10.8002
2020-12-29,SOXS,ARCX:SOXS,0.0,19.15,0.0068,695994000.0,0.0,0.0,-0.2232,-43000.0,22723000.0,BALANCED,-15.5801
2020-12-30,SOXS,ARCX:SOXS,1819000.0,18.19,-0.0501,697813000.0,1819000.0,0.0,0.1178,823000.0,19502000.0,BALANCED,14.9445
2020-12-31,SOXS,ARCX:SOXS,6284000.0,17.96,-0.0128,704097000.0,6284000.0,0.0,0.9982,9054000.0,15791000.0,BALANCED,38.9543
2021-01-04,SOXS,ARCX:SOXS,-908000.0,18.19,0.0129,703189000.0,0.0,-908000.0,-0.4437,8146000.0,13884000.0,BALANCED,-3.0935
2021-01-05,SOXS,ARCX:SOXS,-3428000.0,17.14,-0.0577,699761000.0,0.0,-3428000.0,-0.9145,3767000.0,4972000.0,BALANCED,-16.863
2021-01-06,SOXS,ARCX:SOXS,0.0,17.3,0.0093,699761000.0,0.0,0.0,-0.219,3767000.0,4972000.0,BALANCED,4.5245
2021-01-07,SOXS,ARCX:SOXS,2295000.0,15.3,-0.1156,702056000.0,2295000.0,0.0,0.2444,4243000.0,-11444000.0,BALANCED,18.1098
2021-01-08,SOXS,ARCX:SOXS,766000.0,15.31,0.0007,702822000.0,766000.0,0.0,-0.0648,-1275000.0,-10679000.0,BALANCED,-7.6188
2021-01-11,SOXS,ARCX:SOXS,9607000.0,14.78,-0.0346,712429000.0,9607000.0,0.0,1.5597,9240000.0,-1072000.0,ACCUMULATION,54.993
2021-01-12,SOXS,ARCX:SOXS,0.0,14.51,-0.0183,712429000.0,0.0,0.0,-0.2687,12668000.0,9939000.0,BALANCED,3.2835
2021-01-13,SOXS,ARCX:SOXS,0.0,14.45,-0.0041,712429000.0,0.0,0.0,-0.2487,12668000.0,11869000.0,BALANCED,3.7837
2021-01-14,SOXS,ARCX:SOXS,1353000.0,13.53,-0.0637,713782000.0,1353000.0,0.0,0.0328,11726000.0,19690000.0,BALANCED,12.8201
2021-01-15,SOXS,ARCX:SOXS,14370000.0,14.37,0.0621,728152000.0,14370000.0,0.0,2.3671,25330000.0,35911000.0,ACCUMULATION,73.1768
2021-01-19,SOXS,ARCX:SOXS,-7106000.0,12.92,-0.1009,721046000.0,0.0,-7106000.0,-1.427,8617000.0,28805000.0,BALANCED,-27.6755
2021-01-20,SOXS,ARCX:SOXS,0.0,13.02,0.0077,721046000.0,0.0,0.0,-0.1546,8617000.0,28805000.0,BALANCED,6.1355
2021-01-21,SOXS,ARCX:SOXS,1863000.0,12.42,-0.0461,722909000.0,1863000.0,0.0,0.1635,10480000.0,26872000.0,BALANCED,16.0869
2021-01-22,SOXS,ARCX:SOXS,-1311000.0,13.11,0.0556,721598000.0,0.0,-1311000.0,-0.346,7816000.0,24608000.0,BALANCED,-0.649
2021-01-25,SOXS,ARCX:SOXS,4568000.0,13.05,-0.0046,726166000.0,4568000.0,0.0,0.8943,-1986000.0,31123000.0,BALANCED,14.3565
2021-01-26,SOXS,ARCX:SOXS,-3412000.0,13.65,0.046,722754000.0,0.0,-3412000.0,-0.7936,1708000.0,27711000.0,BALANCED,-11.8389
2021-01-27,SOXS,ARCX:SOXS,0.0,15.76,0.1546,722754000.0,0.0,0.0,-0.1618,1708000.0,26760000.0,BALANCED,5.9548
2021-01-28,SOXS,ARCX:SOXS,-18475000.0,14.78,-0.0622,704279000.0,0.0,-18475000.0,-3.423,-18630000.0,8285000.0,DISTRIBUTION,-97.5746
2021-01-29,SOXS,ARCX:SOXS,2322000.0,15.48,0.0474,706601000.0,2322000.0,0.0,0.3594,-14997000.0,8788000.0,BALANCED,0.984
2021-02-01,SOXS,ARCX:SOXS,-10252000.0,13.67,-0.1169,696349000.0,0.0,-10252000.0,-1.8432,-29817000.0,-7748000.0,DISTRIBUTION,-58.0793
2021-02-02,SOXS,ARCX:SOXS,1953000.0,13.02,-0.0475,698302000.0,1953000.0,0.0,0.3101,-24452000.0,-4887000.0,BALANCED,-0.247
2021-02-03,SOXS,ARCX:SOXS,3460000.0,13.84,0.063,701762000.0,3460000.0,0.0,0.5536,-20992000.0,2001000.0,BALANCED,7.8392
2021-02-04,SOXS,ARCX:SOXS,2019000.0,13.46,-0.0275,703781000.0,2019000.0,0.0,0.3117,-498000.0,4020000.0,BALANCED,3.7932
2021-02-05,SOXS,ARCX:SOXS,-1378000.0,13.78,0.0238,702403000.0,0.0,-1378000.0,-0.2756,-4198000.0,347000.0,BALANCED,-18.8898
2021-02-08,SOXS,ARCX:SOXS,0.0,12.48,-0.0943,702403000.0,0.0,0.0,-0.0435,6054000.0,-419000.0,BALANCED,8.9127
2021-02-09,SOXS,ARCX:SOXS,0.0,12.65,0.0136,702403000.0,0.0,0.0,-0.0435,4101000.0,-10026000.0,BALANCED,8.9127
2021-02-10,SOXS,ARCX:SOXS,3130000.0,12.52,-0.0103,705533000.0,3130000.0,0.0,0.4965,3771000.0,-6896000.0,BALANCED,24.4116
2021-02-11,SOXS,ARCX:SOXS,4492000.0,11.23,-0.103,710025000.0,4492000.0,0.0,0.7042,6244000.0,-2404000.0,BALANCED,31.6054
2021-02-12,SOXS,ARCX:SOXS,7027000.0,10.81,-0.0374,717052000.0,7027000.0,0.0,1.0944,14649000.0,3270000.0,BALANCED,43.36
2021-02-16,SOXS,ARCX:SOXS,4779000.0,10.62,-0.0176,721831000.0,4779000.0,0.0,0.7232,19428000.0,-6321000.0,BALANCED,36.0792
2021-02-17,SOXS,ARCX:SOXS,3366000.0,11.22,0.0565,725197000.0,3366000.0,0.0,0.4534,22794000.0,4151000.0,BALANCED,31.336
2021-02-18,SOXS,ARCX:SOXS,1154000.0,11.54,0.0285,726351000.0,1154000.0,0.0,0.0465,20818000.0,5305000.0,BALANCED,23.1633
2021-02-19,SOXS,ARCX:SOXS,-3745000.0,10.7,-0.0728,722606000.0,0.0,-3745000.0,-0.7753,12581000.0,-303000.0,BALANCED,-11.3832
2021-02-22,SOXS,ARCX:SOXS,0.0,11.9,0.1122,722606000.0,0.0,0.0,-0.118,5554000.0,1008000.0,BALANCED,7.0508
2021-02-23,SOXS,ARCX:SOXS,0.0,12.11,0.0176,722606000.0,0.0,0.0,-0.1135,775000.0,-3560000.0,BALANCED,7.1614
2021-02-24,SOXS,ARCX:SOXS,-8744000.0,10.93,-0.0974,713862000.0,0.0,-8744000.0,-1.516,-11335000.0,-8892000.0,DISTRIBUTION,-49.8992
2021-02-25,SOXS,ARCX:SOXS,-2564000.0,12.82,0.1729,711298000.0,0.0,-2564000.0,-0.4341,-15053000.0,-11456000.0,BALANCED,-24.8536
2021-02-26,SOXS,ARCX:SOXS,-7761000.0,11.94,-0.0686,703537000.0,0.0,-7761000.0,-1.2467,-19069000.0,-742000.0,BALANCED,-47.1681
2021-03-01,SOXS,ARCX:SOXS,2689000.0,10.76,-0.0989,706226000.0,2689000.0,0.0,0.4897,-16380000.0,-375000.0,BALANCED,4.2434
2021-03-02,SOXS,ARCX:SOXS,3527000.0,11.76,0.0928,709753000.0,3527000.0,0.0,0.7682,-12853000.0,13404000.0,BALANCED,13.206
2021-03-03,SOXS,ARCX:SOXS,-1283000.0,12.84,0.0921,708470000.0,0.0,-1283000.0,-0.1645,-5392000.0,10168000.0,BALANCED,-16.1129
2021-03-04,SOXS,ARCX:SOXS,-1470000.0,14.7,0.1449,707000000.0,0.0,-1470000.0,-0.1907,-4298000.0,5238000.0,BALANCED,-18.7675
2021-03-05,SOXS,ARCX:SOXS,5990000.0,13.31,-0.0946,712990000.0,5990000.0,0.0,1.1772,9453000.0,9209000.0,BALANCED,41.4299
2021-03-08,SOXS,ARCX:SOXS,3094000.0,15.47,0.1623,716084000.0,3094000.0,0.0,0.6068,9858000.0,13681000.0,BALANCED,29.1704
2021-03-09,SOXS,ARCX:SOXS,3786000.0,12.62,-0.1842,719870000.0,3786000.0,0.0,0.7428,10117000.0,17467000.0,BALANCED,34.569
2021-03-10,SOXS,ARCX:SOXS,-5320000.0,13.3,0.0539,714550000.0,0.0,-5320000.0,-0.9294,6080000.0,12147000.0,BALANCED,-15.2347
2021-03-11,SOXS,ARCX:SOXS,-4084000.0,11.67,-0.1226,710466000.0,0.0,-4084000.0,-0.6713,3466000.0,4933000.0,BALANCED,-10.7815
2021-03-12,SOXS,ARCX:SOXS,7224000.0,12.04,0.0317,717690000.0,7224000.0,0.0,1.5169,4700000.0,7665000.0,ACCUMULATION,49.9224
2021-03-15,SOXS,ARCX:SOXS,1121000.0,11.22,-0.0681,718811000.0,1121000.0,0.0,0.1602,2727000.0,1759000.0,BALANCED,18.0062
2021-03-16,SOXS,ARCX:SOXS,1000.0,10.79,-0.0383,718812000.0,1000.0,0.0,-0.188,-1058000.0,-3019000.0,BALANCED,-8.7001
2021-03-17,SOXS,ARCX:SOXS,7273000.0,10.39,-0.0371,726085000.0,7273000.0,0.0,1.5301,11535000.0,888000.0,ACCUMULATION,56.2537
2021-03-18,SOXS,ARCX:SOXS,-2927000.0,11.71,0.127,723158000.0,0.0,-2927000.0,-0.8715,12692000.0,-3193000.0,BALANCED,-13.7863
2021-03-19,SOXS,ARCX:SOXS,-6198000.0,11.27,-0.0376,716960000.0,0.0,-6198000.0,-1.5243,-730000.0,-5646000.0,DISTRIBUTION,-52.1083
2021-03-22,SOXS,ARCX:SOXS,5265000.0,10.53,-0.0657,722225000.0,5265000.0,0.0,1.0401,3414000.0,-381000.0,BALANCED,38.0014
2021-03-23,SOXS,ARCX:SOXS,7397000.0,11.38,0.0807,729622000.0,7397000.0,0.0,1.4133,10810000.0,7016000.0,BALANCED,49.3332
2021-03-24,SOXS,ARCX:SOXS,-16576000.0,11.84,0.0404,713046000.0,0.0,-16576000.0,-3.0272,-13039000.0,-816000.0,DISTRIBUTION,-87.6797
2021-03-25,SOXS,ARCX:SOXS,2943000.0,11.77,-0.0059,715989000.0,2943000.0,0.0,0.4641,-7169000.0,4691000.0,BALANCED,3.6036
2021-03-26,SOXS,ARCX:SOXS,1002000.0,10.02,-0.1487,716991000.0,1002000.0,0.0,0.139,31000.0,13454000.0,BALANCED,17.4759
2021-03-29,SOXS,ARCX:SOXS,3682000.0,10.52,0.0499,720673000.0,3682000.0,0.0,0.6561,-1552000.0,14447000.0,BALANCED,12.4033
2021-03-30,SOXS,ARCX:SOXS,-4248000.0,10.62,0.0095,716425000.0,0.0,-4248000.0,-0.7518,-13197000.0,6672000.0,BALANCED,-30.795
2021-03-31,SOXS,ARCX:SOXS,-3912000.0,9.78,-0.0791,712513000.0,0.0,-3912000.0,-0.645,-533000.0,4043000.0,BALANCED,-30.1255
2021-04-01,SOXS,ARCX:SOXS,20445000.0,8.7,-0.1104,732958000.0,20445000.0,0.0,3.0572,16969000.0,25958000.0,ACCUMULATION,88.4297
2021-04-05,SOXS,ARCX:SOXS,8987000.0,8.17,-0.0609,741945000.0,8987000.0,0.0,1.2342,24954000.0,28955000.0,BALANCED,44.8558
2021-04-06,SOXS,ARCX:SOXS,6776000.0,8.47,0.0367,748721000.0,6776000.0,0.0,0.8622,28048000.0,32637000.0,BALANCED,37.5545
2021-04-07,SOXS,ARCX:SOXS,7191000.0,8.46,-0.0012,755912000.0,7191000.0,0.0,0.8758,39487000.0,36042000.0,BALANCED,39.8949
2021-04-08,SOXS,ARCX:SOXS,0.0,8.19,-0.0319,755912000.0,0.0,0.0,-0.2094,43399000.0,41362000.0,BALANCED,4.7654
2021-04-09,SOXS,ARCX:SOXS,-3708000.0,8.24,0.0061,752204000.0,0.0,-3708000.0,-0.7546,19246000.0,41738000.0,BALANCED,-10.8649
2021-04-12,SOXS,ARCX:SOXS,0.0,8.51,0.0328,752204000.0,0.0,0.0,-0.2494,10259000.0,34514000.0,BALANCED,3.7639
2021-04-13,SOXS,ARCX:SOXS,-8560000.0,8.56,0.0059,743644000.0,0.0,-8560000.0,-1.451,-5077000.0,24833000.0,BALANCED,-48.2747
2021-04-14,SOXS,ARCX:SOXS,-886000.0,8.86,0.035,742758000.0,0.0,-886000.0,-0.294,-13154000.0,23946000.0,BALANCED,-21.3499
2021-04-15,SOXS,ARCX:SOXS,-3356000.0,8.39,-0.053,739402000.0,0.0,-3356000.0,-0.646,-16510000.0,13317000.0,BALANCED,-32.1492
2021-04-16,SOXS,ARCX:SOXS,0.0,8.53,0.0167,739402000.0,0.0,0.0,-0.1593,-12802000.0,16244000.0,BALANCED,-13.9837
2021-04-19,SOXS,ARCX:SOXS,-6877000.0,9.17,0.075,732525000.0,0.0,-6877000.0,-1.0969,-19679000.0,15565000.0,BALANCED,-39.4221
2021-04-20,SOXS,ARCX:SOXS,960000.0,9.6,0.0469,733485000.0,960000.0,0.0,0.0555,-10159000.0,11260000.0,BALANCED,-6.6129
2021-04-21,SOXS,ARCX:SOXS,-7048000.0,8.81,-0.0823,726437000.0,0.0,-7048000.0,-1.0444,-16321000.0,-3185000.0,BALANCED,-38.11
2021-04-22,SOXS,ARCX:SOXS,3297000.0,9.42,0.0692,729734000.0,3297000.0,0.0,0.4045,-9668000.0,16688000.0,BALANCED,2.1132
2021-04-23,SOXS,ARCX:SOXS,-3094000.0,8.84,-0.0616,726640000.0,0.0,-3094000.0,-0.5282,-12762000.0,10651000.0,BALANCED,-25.2044
2021-04-26,SOXS,ARCX:SOXS,5880000.0,8.4,-0.0498,732520000.0,5880000.0,0.0,0.7876,-5000.0,15529000.0,BALANCED,11.6906
2021-04-27,SOXS,ARCX:SOXS,0.0,8.59,0.0226,732520000.0,0.0,0.0,-0.0668,-965000.0,11847000.0,BALANCED,-11.6708
2021-04-28,SOXS,ARCX:SOXS,449000.0,8.97,0.0442,732969000.0,449000.0,0.0,-0.0033,6532000.0,16544000.0,BALANCED,11.9163
2021-04-29,SOXS,ARCX:SOXS,0.0,8.76,-0.0234,732969000.0,0.0,0.0,-0.0342,3235000.0,20456000.0,BALANCED,9.1457
2021-04-30,SOXS,ARCX:SOXS,-5236000.0,9.52,0.0868,727733000.0,0.0,-5236000.0,-0.7964,1093000.0,-5225000.0,BALANCED,-11.9111
2021-05-03,SOXS,ARCX:SOXS,1476000.0,9.84,0.0336,729209000.0,1476000.0,0.0,0.1603,-3311000.0,-12736000.0,BALANCED,-3.9931
2021-05-04,SOXS,ARCX:SOXS,516000.0,10.31,0.0478,729725000.0,516000.0,0.0,0.0403,-2795000.0,-18996000.0,BALANCED,-4.9922
2021-05-05,SOXS,ARCX:SOXS,0.0,10.12,-0.0184,729725000.0,0.0,0.0,-0.0005,-3244000.0,-26187000.0,BALANCED,-10.0133
2021-05-06,SOXS,ARCX:SOXS,-4441000.0,9.87,-0.0247,725284000.0,0.0,-4441000.0,-0.8473,-7685000.0,-30628000.0,BALANCED,-33.1829
2021-05-07,SOXS,ARCX:SOXS,-1886000.0,9.43,-0.0446,723398000.0,0.0,-1886000.0,-0.3731,-4335000.0,-28806000.0,BALANCED,-23.3275
2021-05-10,SOXS,ARCX:SOXS,0.0,10.75,0.14,723398000.0,0.0,0.0,-0.0374,-5811000.0,-28806000.0,BALANCED,-10.9342
2021-05-11,SOXS,ARCX:SOXS,5325000.0,10.65,-0.0093,728723000.0,5325000.0,0.0,0.8783,-1002000.0,-14921000.0,BALANCED,13.9576
2021-05-12,SOXS,ARCX:SOXS,-599000.0,11.99,0.1258,728124000.0,0.0,-599000.0,-0.1736,-1601000.0,-14634000.0,BALANCED,-16.34
2021-05-13,SOXS,ARCX:SOXS,15450000.0,11.44,-0.0455,743574000.0,15450000.0,0.0,2.3021,18290000.0,4172000.0,ACCUMULATION,69.5531
2021-05-14,SOXS,ARCX:SOXS,-5199000.0,10.4,-0.0913,738375000.0,0.0,-5199000.0,-1.0392,14977000.0,-1027000.0,BALANCED,-17.9792
2021-05-17,SOXS,ARCX:SOXS,0.0,10.68,0.0269,738375000.0,0.0,0.0,0.0243,14977000.0,5850000.0,BALANCED,10.6068
2021-05-18,SOXS,ARCX:SOXS,-14235000.0,10.95,0.0253,724140000.0,0.0,-14235000.0,-2.5017,-4583000.0,-9345000.0,DISTRIBUTION,-74.5425
2021-05-19,SOXS,ARCX:SOXS,0.0,10.3,-0.0594,724140000.0,0.0,0.0,0.2057,-3984000.0,-2297000.0,BALANCED,-4.8576
2021-05-20,SOXS,ARCX:SOXS,6636000.0,9.48,-0.0796,730776000.0,6636000.0,0.0,1.4009,-12798000.0,1042000.0,BALANCED,27.0234
2021-05-21,SOXS,ARCX:SOXS,5766000.0,9.61,0.0137,736542000.0,5766000.0,0.0,1.1562,-1833000.0,9902000.0,BALANCED,22.9051
2021-05-24,SOXS,ARCX:SOXS,14304000.0,8.94,-0.0697,750846000.0,14304000.0,0.0,2.3618,12471000.0,18326000.0,ACCUMULATION,75.0446
2021-05-25,SOXS,ARCX:SOXS,2652000.0,8.84,-0.0112,753498000.0,2652000.0,0.0,0.3955,29358000.0,20978000.0,BALANCED,27.8868
2021-05-26,SOXS,ARCX:SOXS,17560000.0,8.78,-0.0068,771058000.0,17560000.0,0.0,2.4961,46918000.0,38089000.0,ACCUMULATION,82.4026
2021-05-27,SOXS,ARCX:SOXS,-6465000.0,8.62,-0.0182,764593000.0,0.0,-6465000.0,-1.0822,33817000.0,31624000.0,BALANCED,-19.0551
2021-05-28,SOXS,ARCX:SOXS,6300000.0,8.4,-0.0255,770893000.0,6300000.0,0.0,0.7698,34351000.0,43160000.0,BALANCED,31.2447
2021-06-01,SOXS,ARCX:SOXS,6375000.0,8.5,0.0119,777268000.0,6375000.0,0.0,0.727,26422000.0,48059000.0,BALANCED,32.1742
2021-06-02,SOXS,ARCX:SOXS,1245000.0,8.3,-0.0235,778513000.0,1245000.0,0.0,-0.0381,25015000.0,48788000.0,BALANCED,15.0475
2021-06-03,SOXS,ARCX:SOXS,-3937000.0,8.75,0.0542,774576000.0,0.0,-3937000.0,-0.8392,3518000.0,44851000.0,BALANCED,-12.9794
2021-06-04,SOXS,ARCX:SOXS,15041000.0,8.13,-0.0709,789617000.0,15041000.0,0.0,1.8527,25024000.0,64333000.0,ACCUMULATION,58.3172
2021-06-07,SOXS,ARCX:SOXS,2905000.0,8.3,0.0209,792522000.0,2905000.0,0.0,0.1016,21629000.0,69124000.0,BALANCED,16.5405
2021-06-08,SOXS,ARCX:SOXS,-1692000.0,8.46,0.0193,790830000.0,0.0,-1692000.0,-0.5212,13562000.0,67432000.0,BALANCED,-5.0301
2021-06-09,SOXS,ARCX:SOXS,-428000.0,8.56,0.0118,790402000.0,0.0,-428000.0,-0.3377,11889000.0,61679000.0,BALANCED,-2.4433
2021-06-10,SOXS,ARCX:SOXS,-2062000.0,8.25,-0.0362,788340000.0,0.0,-2062000.0,-0.5572,13764000.0,60216000.0,BALANCED,-9.9294
2021-06-11,SOXS,ARCX:SOXS,0.0,8.14,-0.0133,788340000.0,0.0,0.0,-0.2632,-1277000.0,44766000.0,BALANCED,-16.5792
2021-06-14,SOXS,ARCX:SOXS,6232000.0,7.79,-0.043,794572000.0,6232000.0,0.0,0.5781,2050000.0,56197000.0,BALANCED,26.4527
2021-06-15,SOXS,ARCX:SOXS,800000.0,8.0,0.027,795372000.0,800000.0,0.0,-0.2028,4542000.0,56997000.0,BALANCED,8.9297
2021-06-16,SOXS,ARCX:SOXS,-4095000.0,8.19,0.0238,791277000.0,0.0,-4095000.0,-0.8757,875000.0,67137000.0,BALANCED,-13.8931
2021-06-17,SOXS,ARCX:SOXS,-1987000.0,7.95,-0.0293,789290000.0,0.0,-1987000.0,-0.5636,950000.0,65150000.0,BALANCED,-8.0901
2021-06-18,SOXS,ARCX:SOXS,-5971000.0,8.53,0.073,783319000.0,0.0,-5971000.0,-1.1132,-5021000.0,52543000.0,BALANCED,-43.8292
2021-06-21,SOXS,ARCX:SOXS,-7106000.0,8.36,-0.0199,776213000.0,0.0,-7106000.0,-1.2211,-18359000.0,39671000.0,BALANCED,-48.5286
2021-06-22,SOXS,ARCX:SOXS,6600000.0,8.25,-0.0132,782813000.0,6600000.0,0.0,0.6323,-12559000.0,31967000.0,BALANCED,7.8083
2021-06-23,SOXS,ARCX:SOXS,-816000.0,8.16,-0.0109,781997000.0,0.0,-816000.0,-0.3553,-9280000.0,28499000.0,BALANCED,-20.8826
2021-06-24,SOXS,ARCX:SOXS,3479000.0,7.73,-0.0527,785476000.0,3479000.0,0.0,0.2151,-3814000.0,14418000.0,BALANCED,-2.6229
2021-06-25,SOXS,ARCX:SOXS,7420000.0,7.81,0.0103,792896000.0,7420000.0,0.0,0.8359,9577000.0,28303000.0,BALANCED,34.8968
2021-06-28,SOXS,ARCX:SOXS,2166000.0,7.22,-0.0755,795062000.0,2166000.0,0.0,0.0407,18849000.0,24169000.0,BALANCED,17.018
2021-06-29,SOXS,ARCX:SOXS,12690000.0,7.05,-0.0235,807752000.0,12690000.0,0.0,1.4706,24939000.0,30484000.0,BALANCED,54.765
2021-06-30,SOXS,ARCX:SOXS,-1416000.0,7.08,0.0043,806336000.0,0.0,-1416000.0,-0.6519,24339000.0,27823000.0,BALANCED,-8.2968
2021-07-01,SOXS,ARCX:SOXS,0.0,7.4,0.0452,806336000.0,0.0,0.0,-0.4298,20860000.0,31760000.0,BALANCED,-0.7441
2021-07-02,SOXS,ARCX:SOXS,-4719000.0,7.26,-0.0189,801617000.0,0.0,-4719000.0,-1.0939,8721000.0,12000000.0,BALANCED,-19.3487
2021-07-06,SOXS,ARCX:SOXS,6214000.0,7.31,0.0069,807831000.0,6214000.0,0.0,0.5922,12769000.0,15309000.0,BALANCED,26.8038
2021-07-07,SOXS,ARCX:SOXS,-6849000.0,7.61,0.041,800982000.0,0.0,-6849000.0,-1.3554,-6770000.0,10152000.0,BALANCED,-45.8842
2021-07-08,SOXS,ARCX:SOXS,0.0,7.88,0.0355,800982000.0,0.0,0.0,-0.2516,-5354000.0,10580000.0,BALANCED,-16.2903
2021-07-09,SOXS,ARCX:SOXS,0.0,7.48,-0.0508,800982000.0,0.0,0.0,-0.1806,-5354000.0,12642000.0,BALANCED,-14.5152
2021-07-12,SOXS,ARCX:SOXS,0.0,7.2,-0.0374,800982000.0,0.0,0.0,-0.2269,-635000.0,12642000.0,BALANCED,-15.6735
2021-07-13,SOXS,ARCX:SOXS,-3294000.0,7.32,0.0167,797688000.0,0.0,-3294000.0,-0.7875,-10143000.0,3116000.0,BALANCED,-31.6878
2021-07-14,SOXS,ARCX:SOXS,3326000.0,7.39,0.0096,801014000.0,3326000.0,0.0,0.4839,32000.0,5642000.0,BALANCED,24.0986
2021-07-15,SOXS,ARCX:SOXS,-5902000.0,7.87,0.065,795112000.0,0.0,-5902000.0,-1.2007,-5870000.0,3835000.0,BALANCED,-42.0165
2021-07-16,SOXS,ARCX:SOXS,-5460000.0,8.4,0.0673,789652000.0,0.0,-5460000.0,-1.0986,-11330000.0,362000.0,BALANCED,-41.4656
2021-07-19,SOXS,ARCX:SOXS,-5873000.0,8.39,-0.0012,783779000.0,0.0,-5873000.0,-1.1823,-17203000.0,460000.0,BALANCED,-45.5585
2021-07-20,SOXS,ARCX:SOXS,-3216000.0,8.04,-0.0417,780563000.0,0.0,-3216000.0,-0.5874,-17125000.0,4350000.0,BALANCED,-32.6846
2021-07-21,SOXS,ARCX:SOXS,4745000.0,7.3,-0.092,785308000.0,4745000.0,0.0,1.0101,-15706000.0,2495000.0,BALANCED,17.2521
2021-07-22,SOXS,ARCX:SOXS,1125000.0,7.5,0.0274,786433000.0,1125000.0,0.0,0.2574,-8679000.0,4436000.0,BALANCED,0.4339
2021-07-23,SOXS,ARCX:SOXS,0.0,7.34,-0.0213,786433000.0,0.0,0.0,0.013,-3219000.0,957000.0,BALANCED,-9.6738
2021-07-26,SOXS,ARCX:SOXS,736000.0,7.36,0.0027,787169000.0,736000.0,0.0,0.159,3390000.0,-5727000.0,BALANCED,15.9753
2021-07-27,SOXS,ARCX:SOXS,-1165000.0,7.77,0.0557,786004000.0,0.0,-1165000.0,-0.1859,5441000.0,-9058000.0,BALANCED,3.3528
2021-07-28,SOXS,ARCX:SOXS,1840000.0,7.36,-0.0528,787844000.0,1840000.0,0.0,0.4409,2536000.0,-19908000.0,BALANCED,23.0215
2021-07-29,SOXS,ARCX:SOXS,19808000.0,6.95,-0.0557,807652000.0,19808000.0,0.0,3.2465,21219000.0,1316000.0,ACCUMULATION,95.1626
2021-07-30,SOXS,ARCX:SOXS,5108000.0,6.81,-0.0201,812760000.0,5108000.0,0.0,0.7246,26327000.0,6424000.0,BALANCED,34.114
2021-08-02,SOXS,ARCX:SOXS,26720000.0,6.68,-0.0191,839480000.0,26720000.0,0.0,3.3193,52311000.0,37863000.0,ACCUMULATION,100.0
2021-08-03,SOXS,ARCX:SOXS,1313000.0,6.57,-0.0171,840793000.0,1313000.0,0.0,-0.1151,54789000.0,32962000.0,BALANCED,17.1217
2021-08-04,SOXS,ARCX:SOXS,17730000.0,6.33,-0.0356,858523000.0,17730000.0,0.0,1.9513,70679000.0,57541000.0,ACCUMULATION,70.7816
2021-08-05,SOXS,ARCX:SOXS,-3196000.0,6.39,0.0095,855327000.0,0.0,-3196000.0,-0.7194,47675000.0,54345000.0,BALANCED,-9.9853
2021-08-06,SOXS,ARCX:SOXS,-8398000.0,6.46,0.0106,846929000.0,0.0,-8398000.0,-1.2925,34169000.0,45947000.0,BALANCED,-26.3127
2021-08-09,SOXS,ARCX:SOXS,-980000.0,6.53,0.0111,845949000.0,0.0,-980000.0,-0.3421,6469000.0,44967000.0,BALANCED,-4.5513
2021-08-10,SOXS,ARCX:SOXS,-8462000.0,6.77,0.0365,837487000.0,0.0,-8462000.0,-1.1973,-3306000.0,39799000.0,BALANCED,-47.9333
2021-08-11,SOXS,ARCX:SOXS,-1705000.0,6.82,0.0074,835782000.0,0.0,-1705000.0,-0.3306,-22741000.0,34768000.0,BALANCED,-28.264
2021-08-12,SOXS,ARCX:SOXS,-7050000.0,7.05,0.0337,828732000.0,0.0,-7050000.0,-0.9617,-26595000.0,33620000.0,BALANCED,-46.0429
2021-08-13,SOXS,ARCX:SOXS,-6900000.0,6.9,-0.0213,821832000.0,0.0,-6900000.0,-0.9016,-25097000.0,32180000.0,BALANCED,-46.5404
2021-08-16,SOXS,ARCX:SOXS,-4188000.0,6.98,0.0116,817644000.0,0.0,-4188000.0,-0.5749,-28305000.0,33865000.0,BALANCED,-40.3713
2021-08-17,SOXS,ARCX:SOXS,-14041000.0,7.39,0.0587,803603000.0,0.0,-14041000.0,-1.6244,-33884000.0,23040000.0,DISTRIBUTION,-68.61
2021-08-18,SOXS,ARCX:SOXS,-4632000.0,7.72,0.0447,798971000.0,0.0,-4632000.0,-0.5366,-36811000.0,13663000.0,BALANCED,-43.416
2021-08-19,SOXS,ARCX:SOXS,-9400000.0,7.52,-0.0259,789571000.0,0.0,-9400000.0,-1.0397,-39161000.0,3138000.0,BALANCED,-55.9919
2021-08-20,SOXS,ARCX:SOXS,-2579000.0,7.37,-0.0199,786992000.0,0.0,-2579000.0,-0.2433,-34840000.0,559000.0,BALANCED,-36.0819
2021-08-23,SOXS,ARCX:SOXS,1351000.0,6.76,-0.0828,788343000.0,1351000.0,0.0,0.2039,-29301000.0,1174000.0,BALANCED,-2.9015
2021-08-24,SOXS,ARCX:SOXS,0.0,6.76,-0.0005,788343000.0,0.0,0.0,0.0359,-15260000.0,2339000.0,BALANCED,-9.1022
2021-08-25,SOXS,ARCX:SOXS,1977000.0,6.59,-0.0245,790320000.0,1977000.0,0.0,0.2695,-8651000.0,2476000.0,BALANCED,-1.2617
2021-08-26,SOXS,ARCX:SOXS,6280000.0,6.61,0.0029,796600000.0,6280000.0,0.0,0.7183,7029000.0,-11052000.0,BALANCED,31.9568
2021-08-27,SOXS,ARCX:SOXS,17388000.0,6.21,-0.0605,813988000.0,17388000.0,0.0,1.8091,26996000.0,1228000.0,ACCUMULATION,61.2277
2021-08-30,SOXS,ARCX:SOXS,9548000.0,6.16,-0.0081,823536000.0,9548000.0,0.0,0.8931,35193000.0,-15944000.0,BALANCED,40.3263
2021-08-31,SOXS,ARCX:SOXS,10112000.0,6.32,0.026,833648000.0,10112000.0,0.0,0.8969,45305000.0,-7145000.0,BALANCED,42.4215
2021-09-01,SOXS,ARCX:SOXS,-320000.0,6.4,0.0127,833328000.0,0.0,-320000.0,-0.2067,43008000.0,-25195000.0,BALANCED,2.8325
2021-09-02,SOXS,ARCX:SOXS,951000.0,6.34,-0.0094,834279000.0,951000.0,0.0,-0.0693,37679000.0,-21048000.0,BALANCED,10.2677
2021-09-03,SOXS,ARCX:SOXS,7763000.0,6.21,-0.0205,842042000.0,7763000.0,0.0,0.6317,28054000.0,-4887000.0,BALANCED,29.7932
2021-09-07,SOXS,ARCX:SOXS,942000.0,6.28,0.0113,842984000.0,942000.0,0.0,-0.0982,19448000.0,-2965000.0,BALANCED,13.545
2021-09-08,SOXS,ARCX:SOXS,-4564000.0,6.52,0.0382,838420000.0,0.0,-4564000.0,-0.6706,4772000.0,933000.0,BALANCED,-8.764
2021-09-09,SOXS,ARCX:SOXS,0.0,6.43,-0.0138,838420000.0,0.0,0.0,-0.179,5092000.0,2638000.0,BALANCED,5.5245
2021-09-10,SOXS,ARCX:SOXS,18526000.0,6.28,-0.0233,856946000.0,18526000.0,0.0,1.8086,22667000.0,28214000.0,ACCUMULATION,57.2155
2021-09-13,SOXS,ARCX:SOXS,-6110000.0,6.11,-0.0271,850836000.0,0.0,-6110000.0,-0.7837,8794000.0,29004000.0,BALANCED,-11.5934
2021-09-14,SOXS,ARCX:SOXS,9150000.0,6.1,-0.0016,859986000.0,9150000.0,0.0,1.0259,17002000.0,42342000.0,BALANCED,37.6487
2021-09-15,SOXS,ARCX:SOXS,2100000.0,6.0,-0.0164,862086000.0,2100000.0,0.0,0.1684,23666000.0,58483000.0,BALANCED,18.2099
2021-09-16,SOXS,ARCX:SOXS,894000.0,5.96,-0.0067,862980000.0,894000.0,0.0,0.098,24560000.0,64009000.0,BALANCED,18.4503
2021-09-17,SOXS,ARCX:SOXS,-13104000.0,6.24,0.047,849876000.0,0.0,-13104000.0,-1.6229,-7070000.0,60305000.0,DISTRIBUTION,-52.5729
2021-09-20,SOXS,ARCX:SOXS,-18117000.0,6.71,0.0753,831759000.0,0.0,-18117000.0,-2.0747,-19077000.0,44767000.0,DISTRIBUTION,-65.8679
2021-09-21,SOXS,ARCX:SOXS,-14630000.0,6.65,-0.0089,817129000.0,0.0,-14630000.0,-1.5407,-42857000.0,28786000.0,DISTRIBUTION,-54.5181
2021-09-22,SOXS,ARCX:SOXS,0.0,6.24,-0.0617,817129000.0,0.0,0.0,0.0775,-44957000.0,28786000.0,BALANCED,-8.0632
2021-09-23,SOXS,ARCX:SOXS,8087000.0,5.99,-0.0401,825216000.0,8087000.0,0.0,0.9481,-37764000.0,34896000.0,BALANCED,15.7034
2021-09-24,SOXS,ARCX:SOXS,1803000.0,6.01,0.0033,827019000.0,1803000.0,0.0,0.211,-22857000.0,30419000.0,BALANCED,-0.7261
2021-09-27,SOXS,ARCX:SOXS,-1208000.0,6.04,0.005,825811000.0,0.0,-1208000.0,-0.1536,-5948000.0,11823000.0,BALANCED,-15.8409
2021-09-28,SOXS,ARCX:SOXS,-16900000.0,6.76,0.1192,808911000.0,0.0,-16900000.0,-1.7981,-8218000.0,-14625000.0,DISTRIBUTION,-58.9537
2021-09-29,SOXS,ARCX:SOXS,-17700000.0,7.08,0.0473,791211000.0,0.0,-17700000.0,-1.83,-25918000.0,-42437000.0,DISTRIBUTION,-61.7507
2021-09-30,SOXS,ARCX:SOXS,-1772000.0,7.09,0.0014,789439000.0,0.0,-1772000.0,-0.1544,-35777000.0,-43889000.0,BALANCED,-21.8609
2021-10-01,SOXS,ARCX:SOXS,0.0,7.08,-0.0014,789439000.0,0.0,0.0,0.0005,-37580000.0,-44840000.0,BALANCED,-9.9881
2021-10-04,SOXS,ARCX:SOXS,-16391000.0,7.62,0.0768,773048000.0,0.0,-16391000.0,-1.6379,-52763000.0,-68994000.0,DISTRIBUTION,-52.9487
2021-10-05,SOXS,ARCX:SOXS,-3999000.0,7.27,-0.0463,769049000.0,0.0,-3999000.0,-0.3446,-39862000.0,-73935000.0,BALANCED,-22.6155
2021-10-06,SOXS,ARCX:SOXS,-1800000.0,7.2,-0.01,767249000.0,0.0,-1800000.0,-0.1126,-23962000.0,-71171000.0,BALANCED,-18.8156
2021-10-07,SOXS,ARCX:SOXS,4861000.0,6.94,-0.0353,772110000.0,4861000.0,0.0,0.5591,-17329000.0,-66310000.0,BALANCED,5.9763
2021-10-08,SOXS,ARCX:SOXS,-3926000.0,7.14,0.0282,768184000.0,0.0,-3926000.0,-0.3068,-21255000.0,-88762000.0,BALANCED,-19.6692
2021-10-11,SOXS,ARCX:SOXS,-2555000.0,7.3,0.0224,765629000.0,0.0,-2555000.0,-0.1039,-7419000.0,-85207000.0,BALANCED,-16.5983
2021-10-12,SOXS,ARCX:SOXS,0.0,7.56,0.0356,765629000.0,0.0,0.0,0.2185,-3420000.0,-94357000.0,BALANCED,-4.5368
2021-10-13,SOXS,ARCX:SOXS,-5572000.0,7.43,-0.0172,760057000.0,0.0,-5572000.0,-0.3646,-7192000.0,-102029000.0,BALANCED,-21.1142
2021-10-14,SOXS,ARCX:SOXS,10125000.0,6.75,-0.0915,770182000.0,10125000.0,0.0,1.3815,-1928000.0,-92798000.0,BALANCED,26.5381
2021-10-15,SOXS,ARCX:SOXS,3636000.0,6.61,-0.0207,773818000.0,3636000.0,0.0,0.6351,5634000.0,-76058000.0,BALANCED,29.8784
2021-10-18,SOXS,ARCX:SOXS,-1290000.0,6.45,-0.0242,772528000.0,0.0,-1290000.0,0.118,6899000.0,-59231000.0,BALANCED,10.9494
2021-10-19,SOXS,ARCX:SOXS,13973000.0,6.21,-0.0372,786501000.0,13973000.0,0.0,1.726,20872000.0,-30628000.0,ACCUMULATION,55.1506
2021-10-20,SOXS,ARCX:SOXS,2191000.0,6.26,0.0081,788692000.0,2191000.0,0.0,0.4183,28635000.0,-28437000.0,BALANCED,24.4569
2021-10-21,SOXS,ARCX:SOXS,3020000.0,6.04,-0.0351,791712000.0,3020000.0,0.0,0.4955,21530000.0,-33504000.0,BALANCED,28.3885
2021-10-22,SOXS,ARCX:SOXS,11600000.0,6.27,0.0381,803312000.0,11600000.0,0.0,1.5226,29494000.0,-23707000.0,ACCUMULATION,56.0642
2021-10-25,SOXS,ARCX:SOXS,2146000.0,6.13,-0.0223,805458000.0,2146000.0,0.0,0.4166,32930000.0,-20353000.0,BALANCED,30.4149
2021-10-26,SOXS,ARCX:SOXS,1839000.0,6.13,0.0,807297000.0,1839000.0,0.0,0.4193,20796000.0,-1614000.0,BALANCED,32.4818
2021-10-27,SOXS,ARCX:SOXS,4695000.0,6.26,0.0212,811992000.0,4695000.0,0.0,0.7377,23300000.0,20781000.0,BALANCED,42.4418
2021-10-28,SOXS,ARCX:SOXS,15397000.0,5.81,-0.0719,827389000.0,15397000.0,0.0,1.8092,35677000.0,37950000.0,ACCUMULATION,71.2289
2021-10-29,SOXS,ARCX:SOXS,6325000.0,5.75,-0.0103,833714000.0,6325000.0,0.0,0.7644,30402000.0,44275000.0,BALANCED,47.1089
2021-11-01,SOXS,ARCX:SOXS,24570000.0,5.46,-0.0504,858284000.0,24570000.0,0.0,2.5019,52826000.0,85236000.0,ACCUMULATION,92.5476
2021-11-02,SOXS,ARCX:SOXS,6575000.0,5.26,-0.0366,864859000.0,6575000.0,0.0,0.5506,57562000.0,95810000.0,BALANCED,43.7659
2021-11-03,SOXS,ARCX:SOXS,16985000.0,5.07,-0.0361,881844000.0,16985000.0,0.0,1.5658,69852000.0,114595000.0,ACCUMULATION,69.1446
2021-11-04,SOXS,ARCX:SOXS,19338000.0,4.55,-0.1026,901182000.0,19338000.0,0.0,1.6933,73793000.0,129072000.0,ACCUMULATION,72.3332
2021-11-05,SOXS,ARCX:SOXS,20774000.0,4.42,-0.0286,921956000.0,20774000.0,0.0,1.6825,88242000.0,153772000.0,ACCUMULATION,72.0624
2021-11-08,SOXS,ARCX:SOXS,19834000.0,4.22,-0.0452,941790000.0,19834000.0,0.0,1.4703,83506000.0,176161000.0,BALANCED,66.7563
2021-11-09,SOXS,ARCX:SOXS,8480000.0,4.24,0.0047,950270000.0,8480000.0,0.0,0.3711,85411000.0,184641000.0,BALANCED,39.2783
2021-11-10,SOXS,ARCX:SOXS,10810000.0,4.6,0.0849,961080000.0,10810000.0,0.0,0.5547,79236000.0,201023000.0,BALANCED,43.8686
2021-11-11,SOXS,ARCX:SOXS,-8404000.0,4.31,-0.063,952676000.0,0.0,-8404000.0,-1.4516,51494000.0,182494000.0,BALANCED,-28.2896
2021-11-12,SOXS,ARCX:SOXS,-6702000.0,4.19,-0.0281,945974000.0,0.0,-6702000.0,-1.223,24018000.0,172156000.0,BALANCED,-24.576
2021-11-15,SOXS,ARCX:SOXS,-1889000.0,4.2,0.0021,944085000.0,0.0,-1889000.0,-0.8466,2295000.0,171557000.0,BALANCED,-17.1646
2021-11-16,SOXS,ARCX:SOXS,0.0,4.0,-0.047,944085000.0,0.0,0.0,-0.6596,-6185000.0,157584000.0,BALANCED,-26.4902
2021-11-17,SOXS,ARCX:SOXS,2460000.0,4.1,0.0248,946545000.0,2460000.0,0.0,-0.4018,-14535000.0,157853000.0,BALANCED,-18.0445
2021-11-18,SOXS,ARCX:SOXS,2713000.0,3.88,-0.0546,949258000.0,2713000.0,0.0,-0.3639,-3418000.0,157546000.0,BALANCED,-15.0984
2021-11-19,SOXS,ARCX:SOXS,1152000.0,3.84,-0.009,950410000.0,1152000.0,0.0,-0.5709,4436000.0,147098000.0,BALANCED,1.7279
2021-11-22,SOXS,ARCX:SOXS,0.0,4.02,0.0468,950410000.0,0.0,0.0,-0.7207,6325000.0,144952000.0,BALANCED,-8.0179
2021-11-23,SOXS,ARCX:SOXS,-9145000.0,4.06,0.0108,941265000.0,0.0,-9145000.0,-1.6801,-2820000.0,133968000.0,DISTRIBUTION,-54.0014
2021-11-24,SOXS,ARCX:SOXS,-10797000.0,3.93,-0.0341,930468000.0,0.0,-10797000.0,-1.79,-16077000.0,118476000.0,DISTRIBUTION,-58.7499
2021-11-26,SOXS,ARCX:SOXS,-3416000.0,4.27,0.0877,927052000.0,0.0,-3416000.0,-0.9285,-22206000.0,99663000.0,BALANCED,-39.2113
2021-11-29,SOXS,ARCX:SOXS,-1497000.0,3.74,-0.1234,925555000.0,0.0,-1497000.0,-0.6982,-24855000.0,91841000.0,BALANCED,-35.455
2021-11-30,SOXS,ARCX:SOXS,-4166000.0,3.97,0.0599,921389000.0,0.0,-4166000.0,-0.9639,-29021000.0,63105000.0,BALANCED,-44.098
2021-12-01,SOXS,ARCX:SOXS,-7468000.0,4.04,0.0174,913921000.0,0.0,-7468000.0,-1.2236,-27344000.0,49062000.0,BALANCED,-52.5894
2021-12-02,SOXS,ARCX:SOXS,-6467000.0,4.04,0.0012,907454000.0,0.0,-6467000.0,-1.0674,-23014000.0,25610000.0,BALANCED,-50.6852
2021-12-03,SOXS,ARCX:SOXS,-11576000.0,4.06,0.0049,895878000.0,0.0,-11576000.0,-1.4795,-31174000.0,-5304000.0,BALANCED,-62.9883
2021-12-06,SOXS,ARCX:SOXS,-3061000.0,4.08,0.0048,892817000.0,0.0,-3061000.0,-0.5973,-32738000.0,-29139000.0,BALANCED,-42.9335
2021-12-07,SOXS,ARCX:SOXS,40521000.0,3.46,-0.1513,933338000.0,40521000.0,0.0,2.9678,11949000.0,-8452000.0,ACCUMULATION,86.1938
2021-12-08,SOXS,ARCX:SOXS,-2294000.0,3.53,0.0189,931044000.0,0.0,-2294000.0,-0.5232,17123000.0,-19226000.0,BALANCED,-5.0796
2021-12-09,SOXS,ARCX:SOXS,-16983000.0,3.77,0.0695,914061000.0,0.0,-16983000.0,-1.5854,6607000.0,-47019000.0,DISTRIBUTION,-33.6342
2021-12-10,SOXS,ARCX:SOXS,-6231000.0,3.67,-0.0287,907830000.0,0.0,-6231000.0,-0.698,11952000.0,-44846000.0,BALANCED,-13.4497
2021-12-13,SOXS,ARCX:SOXS,-3171000.0,3.96,0.0812,904659000.0,0.0,-3171000.0,-0.4327,11842000.0,-41315000.0,BALANCED,-8.8182
2021-12-14,SOXS,ARCX:SOXS,-20654000.0,4.01,0.0119,884005000.0,0.0,-20654000.0,-1.6871,-49333000.0,-60080000.0,DISTRIBUTION,-62.1773
2021-12-15,SOXS,ARCX:SOXS,-15871000.0,3.57,-0.1107,868134000.0,0.0,-15871000.0,-1.2238,-62910000.0,-75951000.0,BALANCED,-52.5938
2021-12-16,SOXS,ARCX:SOXS,7073000.0,4.04,0.1332,875207000.0,7073000.0,0.0,0.5726,-38854000.0,-71338000.0,BALANCED,6.3158
2021-12-17,SOXS,ARCX:SOXS,-9117000.0,4.05,0.0026,866090000.0,0.0,-9117000.0,-0.647,-41740000.0,-83168000.0,BALANCED,-28.1757
2021-12-20,SOXS,ARCX:SOXS,-7251000.0,4.14,0.0226,858839000.0,0.0,-7251000.0,-0.4436,-45820000.0,-91571000.0,BALANCED,-25.0899
2021-12-21,SOXS,ARCX:SOXS,9090000.0,3.71,-0.1046,867929000.0,9090000.0,0.0,1.0449,-16076000.0,-82481000.0,BALANCED,18.1226
2021-12-22,SOXS,ARCX:SOXS,0.0,3.59,-0.0319,867929000.0,0.0,0.0,0.2524,-205000.0,-73336000.0,BALANCED,-3.6892
2021-12-23,SOXS,ARCX:SOXS,21079000.0,3.48,-0.0299,889008000.0,21079000.0,0.0,2.0489,13801000.0,-41460000.0,ACCUMULATION,63.2234
2021-12-27,SOXS,ARCX:SOXS,8633000.0,3.2,-0.0823,897641000.0,8633000.0,0.0,0.9044,31551000.0,-29411000.0,BALANCED,36.6096
2021-12-28,SOXS,ARCX:SOXS,5132000.0,3.31,0.0355,902773000.0,5132000.0,0.0,0.5663,43934000.0,-22782000.0,BALANCED,30.1587
2021-12-29,SOXS,ARCX:SOXS,-1811000.0,3.29,-0.0056,900962000.0,0.0,-1811000.0,-0.0322,33033000.0,-20427000.0,BALANCED,7.1952
2021-12-30,SOXS,ARCX:SOXS,2560000.0,3.41,0.0367,903522000.0,2560000.0,0.0,0.3365,35593000.0,-10399000.0,BALANCED,20.4135
2021-12-31,SOXS,ARCX:SOXS,-857000.0,3.43,0.0046,902665000.0,0.0,-857000.0,0.0522,13657000.0,-4789000.0,BALANCED,9.305
2022-01-03,SOXS,ARCX:SOXS,1930000.0,3.22,-0.0618,904595000.0,1930000.0,0.0,0.2949,6954000.0,8717000.0,BALANCED,19.3719
2022-01-04,SOXS,ARCX:SOXS,-979000.0,3.26,0.0148,903616000.0,0.0,-979000.0,0.0501,843000.0,10799000.0,BALANCED,9.2535
2022-01-05,SOXS,ARCX:SOXS,-9875000.0,3.59,0.1,893741000.0,0.0,-9875000.0,-0.6839,-7221000.0,-39597000.0,BALANCED,-31.0968
2022-01-06,SOXS,ARCX:SOXS,-2450000.0,3.5,-0.0253,891291000.0,0.0,-2450000.0,-0.0676,-12231000.0,-39753000.0,BALANCED,-17.6904
2022-01-07,SOXS,ARCX:SOXS,-9915000.0,3.81,0.0895,881376000.0,0.0,-9915000.0,-0.7152,-21289000.0,-32685000.0,BALANCED,-35.8802
2022-01-10,SOXS,ARCX:SOXS,-26533000.0,3.79,-0.0061,854843000.0,0.0,-26533000.0,-1.9401,-49752000.0,-52987000.0,DISTRIBUTION,-68.5036
2022-01-11,SOXS,ARCX:SOXS,-5372000.0,3.58,-0.0551,849471000.0,0.0,-5372000.0,-0.2279,-54145000.0,-55188000.0,BALANCED,-27.6966
2022-01-12,SOXS,ARCX:SOXS,-3338000.0,3.51,-0.019,846133000.0,0.0,-3338000.0,-0.0667,-47608000.0,-37872000.0,BALANCED,-25.6666
2022-01-13,SOXS,ARCX:SOXS,4128000.0,3.75,0.068,850261000.0,4128000.0,0.0,0.5015,-41030000.0,-17873000.0,BALANCED,4.5367
2022-01-14,SOXS,ARCX:SOXS,6259000.0,3.48,-0.0733,856520000.0,6259000.0,0.0,0.6352,-24856000.0,-18687000.0,BALANCED,9.8795
2022-01-18,SOXS,ARCX:SOXS,-3162000.0,3.95,0.1367,853358000.0,0.0,-3162000.0,-0.1408,-1485000.0,-12732000.0,BALANCED,-15.5199
2022-01-19,SOXS,ARCX:SOXS,4520000.0,4.3,0.089,857878000.0,4520000.0,0.0,0.4572,8407000.0,-961000.0,BALANCED,23.4296
2022-01-20,SOXS,ARCX:SOXS,-11076000.0,4.71,0.0949,846802000.0,0.0,-11076000.0,-0.8404,669000.0,-21127000.0,BALANCED,-13.0093
2022-01-21,SOXS,ARCX:SOXS,-495000.0,4.95,0.0493,846307000.0,0.0,-495000.0,0.2388,-3954000.0,-21622000.0,BALANCED,-8.0309
2022-01-24,SOXS,ARCX:SOXS,6415000.0,4.75,-0.0391,852722000.0,6415000.0,0.0,0.8888,-3798000.0,-36286000.0,BALANCED,14.2197
2022-01-25,SOXS,ARCX:SOXS,-11674000.0,5.31,0.1167,841048000.0,0.0,-11674000.0,-0.9789,-12310000.0,-56593000.0,BALANCED,-36.4723
2022-01-26,SOXS,ARCX:SOXS,6288000.0,5.03,-0.052,847336000.0,6288000.0,0.0,0.8389,-10542000.0,-55437000.0,BALANCED,12.972
2022-01-27,SOXS,ARCX:SOXS,-13164000.0,5.72,0.1378,834172000.0,0.0,-13164000.0,-1.2282,-12630000.0,-66790000.0,BALANCED,-42.7061
2022-01-28,SOXS,ARCX:SOXS,4044000.0,5.39,-0.058,838216000.0,4044000.0,0.0,0.5587,-8091000.0,-65306000.0,BALANCED,5.968
2022-01-31,SOXS,ARCX:SOXS,0.0,4.49,-0.1665,838216000.0,0.0,0.0,0.1386,-14506000.0,-64449000.0,BALANCED,-6.535
2022-02-01,SOXS,ARCX:SOXS,26045000.0,4.38,-0.0259,864261000.0,26045000.0,0.0,2.5946,23213000.0,-40334000.0,ACCUMULATION,76.8648
2022-02-02,SOXS,ARCX:SOXS,32788000.0,4.05,-0.0753,897049000.0,32788000.0,0.0,2.7141,49713000.0,-6567000.0,ACCUMULATION,81.853
2022-02-03,SOXS,ARCX:SOXS,-10614000.0,4.61,0.1401,886435000.0,0.0,-10614000.0,-0.959,52263000.0,-7306000.0,BALANCED,-15.9756
2022-02-04,SOXS,ARCX:SOXS,-3385000.0,4.51,-0.022,883050000.0,0.0,-3385000.0,-0.3315,44834000.0,-8241000.0,BALANCED,-2.2864
2022-02-07,SOXS,ARCX:SOXS,10840000.0,4.52,0.0007,893890000.0,10840000.0,0.0,0.9488,55674000.0,12514000.0,BALANCED,35.7207
2022-02-08,SOXS,ARCX:SOXS,-2929000.0,4.18,-0.0736,890961000.0,0.0,-2929000.0,-0.2427,26700000.0,36118000.0,BALANCED,1.9323
2022-02-09,SOXS,ARCX:SOXS,28596000.0,3.76,-0.1007,919557000.0,28596000.0,0.0,2.2789,22508000.0,70086000.0,ACCUMULATION,68.9732
2022-02-10,SOXS,ARCX:SOXS,3508000.0,4.13,0.0968,923065000.0,3508000.0,0.0,0.2252,36630000.0,76932000.0,BALANCED,19.6301
2022-02-11,SOXS,ARCX:SOXS,-6876000.0,4.74,0.1491,916189000.0,0.0,-6876000.0,-0.5896,33139000.0,65928000.0,BALANCED,-6.7407
2022-02-14,SOXS,ARCX:SOXS,-1889000.0,4.72,-0.0039,914300000.0,0.0,-1889000.0,-0.1839,20410000.0,57780000.0,BALANCED,1.4032
2022-02-15,SOXS,ARCX:SOXS,6094000.0,3.93,-0.1677,920394000.0,6094000.0,0.0,0.4481,29433000.0,67036000.0,BALANCED,23.2029
2022-02-16,SOXS,ARCX:SOXS,3150000.0,3.94,0.0015,923544000.0,3150000.0,0.0,0.2,3987000.0,65666000.0,BALANCED,18.9996
2022-02-17,SOXS,ARCX:SOXS,3956000.0,4.4,0.1164,927500000.0,3956000.0,0.0,0.2305,4435000.0,80698000.0,BALANCED,21.7625
2022-02-18,SOXS,ARCX:SOXS,-19870000.0,4.52,0.0274,907630000.0,0.0,-19870000.0,-1.5882,-8559000.0,61323000.0,DISTRIBUTION,-51.7046
2022-02-22,SOXS,ARCX:SOXS,-231000.0,4.62,0.0236,907399000.0,0.0,-231000.0,-0.0865,-6901000.0,54677000.0,BALANCED,-16.1617
2022-02-23,SOXS,ARCX:SOXS,-4462000.0,4.96,0.0726,902937000.0,0.0,-4462000.0,-0.5203,-17457000.0,61889000.0,BALANCED,-29.0069
2022-02-24,SOXS,ARCX:SOXS,-8557000.0,4.39,-0.1148,894380000.0,0.0,-8557000.0,-0.8566,-29164000.0,47044000.0,BALANCED,-39.4142
2022-02-25,SOXS,ARCX:SOXS,4803000.0,4.18,-0.0483,899183000.0,4803000.0,0.0,0.259,-28317000.0,65011000.0,BALANCED,-1.5245
2022-02-28,SOXS,ARCX:SOXS,-13400000.0,4.25,0.0186,885783000.0,0.0,-13400000.0,-1.2126,-21847000.0,47567000.0,BALANCED,-42.3149
2022-03-01,SOXS,ARCX:SOXS,-4491000.0,4.73,0.1114,881292000.0,0.0,-4491000.0,-0.4419,-26107000.0,43076000.0,BALANCED,-25.0481
2022-03-02,SOXS,ARCX:SOXS,11880000.0,4.24,-0.1025,893172000.0,11880000.0,0.0,0.867,-9765000.0,28911000.0,BALANCED,13.6753
2022-03-03,SOXS,ARCX:SOXS,2719000.0,4.53,0.068,895891000.0,2719000.0,0.0,0.1194,1511000.0,-1158000.0,BALANCED,16.9851
2022-03-04,SOXS,ARCX:SOXS,-16060000.0,4.87,0.0741,879831000.0,0.0,-16060000.0,-1.3877,-19352000.0,-6604000.0,BALANCED,-46.6926
2022-03-07,SOXS,ARCX:SOXS,-5047000.0,5.61,0.1522,874784000.0,0.0,-5047000.0,-0.483,-10999000.0,-8266000.0,BALANCED,-26.075
2022-03-08,SOXS,ARCX:SOXS,-29534000.0,5.27,-0.0595,845250000.0,0.0,-29534000.0,-2.161,-36042000.0,-48640000.0,DISTRIBUTION,-70.0246
2022-03-09,SOXS,ARCX:SOXS,22378000.0,4.61,-0.1251,867628000.0,22378000.0,0.0,1.5372,-25544000.0,-23333000.0,ACCUMULATION,30.4307
2022-03-10,SOXS,ARCX:SOXS,-11073000.0,4.92,0.0666,856555000.0,0.0,-11073000.0,-0.8066,-39336000.0,-63002000.0,BALANCED,-32.1658
2022-03-11,SOXS,ARCX:SOXS,8903000.0,5.24,0.0642,865458000.0,8903000.0,0.0,0.5632,-14373000.0,-57607000.0,BALANCED,6.0799
2022-03-14,SOXS,ARCX:SOXS,3713000.0,5.71,0.0907,869171000.0,3713000.0,0.0,0.1921,-5613000.0,-47018000.0,BALANCED,-1.1964
2022-03-15,SOXS,ARCX:SOXS,19507000.0,4.94,-0.1355,888678000.0,19507000.0,0.0,1.2419,43428000.0,-25622000.0,BALANCED,47.0474
2022-03-16,SOXS,ARCX:SOXS,35135000.0,4.18,-0.153,923813000.0,35135000.0,0.0,2.2147,56185000.0,3419000.0,ACCUMULATION,73.3686
2022-03-17,SOXS,ARCX:SOXS,20121000.0,4.11,-0.0183,943934000.0,20121000.0,0.0,1.3042,87379000.0,20390000.0,BALANCED,52.6054
2022-03-18,SOXS,ARCX:SOXS,32213000.0,3.86,-0.0605,976147000.0,32213000.0,0.0,1.9368,110689000.0,48647000.0,ACCUMULATION,70.4202
2022-03-21,SOXS,ARCX:SOXS,9729000.0,3.89,0.0087,985876000.0,9729000.0,0.0,0.4177,116705000.0,78246000.0,BALANCED,34.4419
2022-03-22,SOXS,ARCX:SOXS,-1720000.0,3.82,-0.0177,984156000.0,0.0,-1720000.0,-0.3142,95478000.0,76757000.0,BALANCED,0.1439
2022-03-23,SOXS,ARCX:SOXS,16449000.0,4.11,0.0757,1000605000.0,16449000.0,0.0,0.8417,76792000.0,97668000.0,BALANCED,33.0434
2022-03-24,SOXS,ARCX:SOXS,24010000.0,3.48,-0.1538,1024615000.0,24010000.0,0.0,1.3707,80681000.0,130235000.0,BALANCED,48.268
2022-03-25,SOXS,ARCX:SOXS,-350000.0,3.5,0.0058,1024265000.0,0.0,-350000.0,-0.2486,48118000.0,125082000.0,BALANCED,1.7853
2022-03-28,SOXS,ARCX:SOXS,0.0,34.29,-0.0202,1024265000.0,0.0,0.0,-0.2423,38389000.0,138482000.0,BALANCED,3.9425
2022-03-29,SOXS,ARCX:SOXS,11180000.0,31.95,-0.0682,1035445000.0,11180000.0,0.0,0.4795,51289000.0,154153000.0,BALANCED,23.9886
2022-03-30,SOXS,ARCX:SOXS,-12282000.0,35.09,0.0982,1023163000.0,0.0,-12282000.0,-1.0347,22558000.0,129991000.0,BALANCED,-17.8679
2022-03-31,SOXS,ARCX:SOXS,-5631000.0,37.54,0.0699,1017532000.0,0.0,-5631000.0,-0.5739,-7083000.0,121641000.0,BALANCED,-28.3478
2022-04-01,SOXS,ARCX:SOXS,-31712000.0,39.64,0.0558,985820000.0,0.0,-31712000.0,-2.0348,-38445000.0,105989000.0,DISTRIBUTION,-66.8707
2022-04-04,SOXS,ARCX:SOXS,-17021000.0,37.66,-0.05,968799000.0,0.0,-17021000.0,-1.1609,-55466000.0,94015000.0,BALANCED,-47.0227
2022-04-05,SOXS,ARCX:SOXS,0.0,42.9,0.1392,968799000.0,0.0,0.0,-0.1247,-66646000.0,123549000.0,BALANCED,-13.1167
2022-04-06,SOXS,ARCX:SOXS,-22965000.0,45.93,0.0706,945834000.0,0.0,-22965000.0,-1.4344,-77329000.0,78206000.0,BALANCED,-47.8601
2022-04-07,SOXS,ARCX:SOXS,-13745000.0,45.82,-0.0025,932089000.0,0.0,-13745000.0,-0.8754,-85443000.0,75534000.0,BALANCED,-35.8842
2022-04-08,SOXS,ARCX:SOXS,27059000.0,49.2,0.0738,959148000.0,27059000.0,0.0,1.4105,-26672000.0,93690000.0,BALANCED,27.2624
2022-04-11,SOXS,ARCX:SOXS,-52313000.0,52.31,0.0633,906835000.0,0.0,-52313000.0,-2.6264,-61964000.0,37664000.0,DISTRIBUTION,-77.6588
2022-04-12,SOXS,ARCX:SOXS,-5277000.0,52.77,0.0087,901558000.0,0.0,-5277000.0,-0.2948,-67241000.0,12880000.0,BALANCED,-21.3695
2022-04-13,SOXS,ARCX:SOXS,-14700000.0,49.0,-0.0714,886858000.0,0.0,-14700000.0,-0.7149,-58976000.0,-36955000.0,BALANCED,-33.8728
2022-04-14,SOXS,ARCX:SOXS,13342000.0,53.37,0.0892,900200000.0,13342000.0,0.0,0.6466,-31889000.0,-43734000.0,BALANCED,8.1643
2022-04-18,SOXS,ARCX:SOXS,-25159000.0,50.32,-0.0572,875041000.0,0.0,-25159000.0,-1.2061,-84107000.0,-101106000.0,BALANCED,-42.153
2022-04-19,SOXS,ARCX:SOXS,18800000.0,47.0,-0.066,893841000.0,18800000.0,0.0,0.8655,-12994000.0,-92035000.0,BALANCED,13.6363
2022-04-20,SOXS,ARCX:SOXS,-9509000.0,47.54,0.0116,884332000.0,0.0,-9509000.0,-0.5325,-17226000.0,-99824000.0,BALANCED,-25.3127
2022-04-21,SOXS,ARCX:SOXS,-15417000.0,51.39,0.0809,868915000.0,0.0,-15417000.0,-0.7683,-17943000.0,-131690000.0,BALANCED,-33.2073
2022-04-22,SOXS,ARCX:SOXS,41119000.0,54.83,0.0669,910034000.0,41119000.0,0.0,1.8427,9834000.0,-114581000.0,ACCUMULATION,58.0675
2022-04-25,SOXS,ARCX:SOXS,-12973000.0,51.89,-0.0535,897061000.0,0.0,-12973000.0,-0.6533,22020000.0,-127204000.0,BALANCED,-8.3335
2022-04-26,SOXS,ARCX:SOXS,-35305000.0,58.84,0.1339,861756000.0,0.0,-35305000.0,-1.5608,-32085000.0,-162509000.0,DISTRIBUTION,-53.0206
2022-04-27,SOXS,ARCX:SOXS,-5980000.0,59.8,0.0164,855776000.0,0.0,-5980000.0,-0.2203,-28556000.0,-179669000.0,BALANCED,-21.5071
2022-04-28,SOXS,ARCX:SOXS,2486000.0,49.72,-0.1687,858262000.0,2486000.0,0.0,0.2213,-10653000.0,-164901000.0,BALANCED,-2.4667
2022-04-29,SOXS,ARCX:SOXS,47924000.0,56.38,0.1341,906186000.0,47924000.0,0.0,2.1695,-3848000.0,-111346000.0,ACCUMULATION,48.2377
2022-05-02,SOXS,ARCX:SOXS,-22662000.0,50.36,-0.1068,883524000.0,0.0,-22662000.0,-0.8864,-13537000.0,-102296000.0,BALANCED,-34.161
2022-05-03,SOXS,ARCX:SOXS,0.0,49.08,-0.0254,883524000.0,0.0,0.0,0.1554,21768000.0,-85275000.0,BALANCED,13.8843
2022-05-04,SOXS,ARCX:SOXS,-4329000.0,43.29,-0.1179,879195000.0,0.0,-4329000.0,-0.0378,23419000.0,-89604000.0,BALANCED,7.0546
2022-05-05,SOXS,ARCX:SOXS,-4987000.0,49.87,0.1519,874208000.0,0.0,-4987000.0,-0.0358,15946000.0,-71626000.0,BALANCED,5.1057
2022-05-06,SOXS,ARCX:SOXS,38194000.0,50.93,0.0211,912402000.0,38194000.0,0.0,1.8712,6216000.0,-19687000.0,ACCUMULATION,58.7793
2022-05-09,SOXS,ARCX:SOXS,-41311000.0,59.02,0.1589,871091000.0,0.0,-41311000.0,-1.5458,-12433000.0,-88057000.0,DISTRIBUTION,-50.6444
2022-05-10,SOXS,ARCX:SOXS,8173000.0,54.48,-0.0768,879264000.0,8173000.0,0.0,0.5527,-4260000.0,-27571000.0,BALANCED,5.8185
2022-05-11,SOXS,ARCX:SOXS,2985000.0,59.71,0.0959,882249000.0,2985000.0,0.0,0.346,3054000.0,-19309000.0,BALANCED,22.6501
2022-05-12,SOXS,ARCX:SOXS,-17553000.0,58.51,-0.0201,864696000.0,0.0,-17553000.0,-0.523,-9512000.0,-22162000.0,BALANCED,-25.0757
2022-05-13,SOXS,ARCX:SOXS,32015000.0,49.25,-0.1582,896711000.0,32015000.0,0.0,1.4754,-15691000.0,-3489000.0,BALANCED,28.8855
2022-05-16,SOXS,ARCX:SOXS,-2593000.0,51.85,0.0528,894118000.0,0.0,-2593000.0,0.0194,23027000.0,19077000.0,BALANCED,8.4858
2022-05-17,SOXS,ARCX:SOXS,57062000.0,43.89,-0.1535,951180000.0,57062000.0,0.0,2.2091,71916000.0,57339000.0,ACCUMULATION,67.2274
2022-05-18,SOXS,ARCX:SOXS,2539000.0,50.78,0.1568,953719000.0,2539000.0,0.0,0.1165,71470000.0,69387000.0,BALANCED,16.9132
2022-05-19,SOXS,ARCX:SOXS,5144000.0,51.44,0.013,958863000.0,5144000.0,0.0,0.1828,94167000.0,89948000.0,BALANCED,20.5688
2022-05-20,SOXS,ARCX:SOXS,-64780000.0,51.82,0.0075,894083000.0,0.0,-64780000.0,-2.2443,-2628000.0,-15951000.0,DISTRIBUTION,-68.1082
2022-05-23,SOXS,ARCX:SOXS,-20421000.0,51.05,-0.0149,873662000.0,0.0,-20421000.0,-0.6279,-20456000.0,-23399000.0,BALANCED,-29.6963
2022-05-24,SOXS,ARCX:SOXS,-2746000.0,54.91,0.0756,870916000.0,0.0,-2746000.0,-0.0587,-80264000.0,9160000.0,BALANCED,-17.4675
2022-05-25,SOXS,ARCX:SOXS,-23198000.0,51.55,-0.0612,847718000.0,0.0,-23198000.0,-0.8022,-106001000.0,-8058000.0,BALANCED,-38.0558
2022-05-26,SOXS,ARCX:SOXS,40975000.0,45.53,-0.1168,888693000.0,40975000.0,0.0,1.4787,-70170000.0,30431000.0,BALANCED,28.9671
2022-05-27,SOXS,ARCX:SOXS,28032000.0,40.05,-0.1204,916725000.0,28032000.0,0.0,0.9801,22642000.0,10539000.0,BALANCED,38.502
2022-05-31,SOXS,ARCX:SOXS,85574000.0,40.75,0.0176,1002299000.0,85574000.0,0.0,2.5737,128637000.0,118775000.0,ACCUMULATION,80.3433
2022-06-01,SOXS,ARCX:SOXS,0.0,42.69,0.0476,1002299000.0,0.0,0.0,-0.1148,131383000.0,118775000.0,BALANCED,7.1297
2022-06-02,SOXS,ARCX:SOXS,13295000.0,37.99,-0.1101,1015594000.0,13295000.0,0.0,0.2837,167876000.0,136399000.0,BALANCED,19.0935
2022-06-03,SOXS,ARCX:SOXS,2073000.0,41.47,0.0916,1017667000.0,2073000.0,0.0,-0.0924,128974000.0,143459000.0,BALANCED,11.6893
2022-06-06,SOXS,ARCX:SOXS,-4143000.0,41.43,-0.0009,1013524000.0,0.0,-4143000.0,-0.249,96799000.0,101122000.0,BALANCED,1.7755
2022-06-07,SOXS,ARCX:SOXS,10042000.0,40.17,-0.0304,1023566000.0,10042000.0,0.0,0.1919,21267000.0,152475000.0,BALANCED,16.7972
2022-06-08,SOXS,ARCX:SOXS,-23649000.0,43.0,0.0704,999917000.0,0.0,-23649000.0,-0.9448,-2382000.0,120653000.0,BALANCED,-35.6203
2022-06-09,SOXS,ARCX:SOXS,-30235000.0,46.51,0.0818,969682000.0,0.0,-30235000.0,-1.115,-45912000.0,87433000.0,BALANCED,-41.8746
2022-06-10,SOXS,ARCX:SOXS,-41292000.0,51.61,0.1096,928390000.0,0.0,-41292000.0,-1.3801,-89277000.0,63694000.0,BALANCED,-50.5017
2022-06-13,SOXS,ARCX:SOXS,-75728000.0,60.58,0.1737,852662000.0,0.0,-75728000.0,-2.2091,-160862000.0,-44049000.0,DISTRIBUTION,-73.2284
2022-06-14,SOXS,ARCX:SOXS,-44498000.0,59.33,-0.0207,808164000.0,0.0,-44498000.0,-1.2287,-215402000.0,-85954000.0,BALANCED,-50.717
2022-06-15,SOXS,ARCX:SOXS,-2805000.0,56.09,-0.0545,805359000.0,0.0,-2805000.0,-0.0058,-194558000.0,-145821000.0,BALANCED,-22.146
2022-06-16,SOXS,ARCX:SOXS,-3332000.0,66.64,0.1879,802027000.0,0.0,-3332000.0,-0.0222,-167655000.0,-151692000.0,BALANCED,-24.5559
2022-06-17,SOXS,ARCX:SOXS,0.0,65.71,-0.0139,802027000.0,0.0,0.0,0.0704,-126363000.0,-156836000.0,BALANCED,-8.2395
2022-06-21,SOXS,ARCX:SOXS,-9024000.0,60.16,-0.0845,793003000.0,0.0,-9024000.0,-0.1514,-59659000.0,-101080000.0,BALANCED,-15.7858
2022-06-22,SOXS,ARCX:SOXS,40557000.0,62.4,0.0372,833560000.0,40557000.0,0.0,1.2481,25396000.0,-40102000.0,BALANCED,43.2016
2022-06-23,SOXS,ARCX:SOXS,-28656000.0,63.68,0.0206,804904000.0,0.0,-28656000.0,-0.7741,-455000.0,-66012000.0,BALANCED,-31.3537
2022-06-24,SOXS,ARCX:SOXS,0.0,55.12,-0.1344,804904000.0,0.0,0.0,0.0763,2877000.0,-42814000.0,BALANCED,11.9068
2022-06-27,SOXS,ARCX:SOXS,0.0,55.36,0.0043,804904000.0,0.0,0.0,0.0592,2877000.0,-83789000.0,BALANCED,11.4792
2022-06-28,SOXS,ARCX:SOXS,0.0,59.76,0.0794,804904000.0,0.0,0.0,0.0925,11901000.0,-111821000.0,BALANCED,12.3133
2022-06-29,SOXS,ARCX:SOXS,-12771000.0,63.85,0.0686,792133000.0,0.0,-12771000.0,-0.283,-41427000.0,-210166000.0,BALANCED,-19.0739
2022-06-30,SOXS,ARCX:SOXS,9917000.0,66.11,0.0354,802050000.0,9917000.0,0.0,0.4769,-2854000.0,-200249000.0,BALANCED,3.9234
2022-07-01,SOXS,ARCX:SOXS,11041000.0,73.6,0.1133,813091000.0,11041000.0,0.0,0.5021,8187000.0,-202503000.0,BALANCED,26.5528
2022-07-05,SOXS,ARCX:SOXS,-43026000.0,71.71,-0.0257,770065000.0,0.0,-43026000.0,-1.1468,-34839000.0,-247602000.0,BALANCED,-40.6704
2022-07-06,SOXS,ARCX:SOXS,-14068000.0,70.34,-0.0191,755997000.0,0.0,-14068000.0,-0.3143,-48907000.0,-257527000.0,BALANCED,-21.8567
2022-07-07,SOXS,ARCX:SOXS,18267000.0,60.89,-0.1343,774264000.0,18267000.0,0.0,0.7135,-17869000.0,-249302000.0,BALANCED,9.8376
2022-07-08,SOXS,ARCX:SOXS,63026000.0,60.03,-0.0142,837290000.0,63026000.0,0.0,1.9688,35240000.0,-162627000.0,ACCUMULATION,63.2201
2022-07-11,SOXS,ARCX:SOXS,3223000.0,64.47,0.074,840513000.0,3223000.0,0.0,0.1072,27422000.0,-129169000.0,BALANCED,18.6788
2022-07-12,SOXS,ARCX:SOXS,76814000.0,64.01,-0.0071,917327000.0,76814000.0,0.0,2.1997,147262000.0,-11063000.0,ACCUMULATION,72.9929
2022-07-13,SOXS,ARCX:SOXS,12505000.0,62.52,-0.0232,929832000.0,12505000.0,0.0,0.3531,173835000.0,77170000.0,BALANCED,28.8267
2022-07-14,SOXS,ARCX:SOXS,2935000.0,58.7,-0.0611,932767000.0,2935000.0,0.0,0.1741,158503000.0,124603000.0,BALANCED,26.3514
2022-07-15,SOXS,ARCX:SOXS,0.0,54.35,-0.0741,932767000.0,0.0,0.0,0.0768,95477000.0,127408000.0,BALANCED,11.92
2022-07-18,SOXS,ARCX:SOXS,19325000.0,55.22,0.0159,952092000.0,19325000.0,0.0,0.7075,111579000.0,150065000.0,BALANCED,29.6877
2022-07-19,SOXS,ARCX:SOXS,78303000.0,47.46,-0.1405,1030395000.0,78303000.0,0.0,2.3125,113068000.0,228368000.0,ACCUMULATION,71.8119
2022-07-20,SOXS,ARCX:SOXS,21974000.0,43.95,-0.0739,1052369000.0,21974000.0,0.0,0.6101,122537000.0,259366000.0,BALANCED,31.2535
2022-07-21,SOXS,ARCX:SOXS,64948000.0,41.9,-0.0466,1117317000.0,64948000.0,0.0,1.7265,184550000.0,283757000.0,ACCUMULATION,61.1613
2022-07-22,SOXS,ARCX:SOXS,0.0,45.15,0.0776,1117317000.0,0.0,0.0,-0.1104,184550000.0,312413000.0,BALANCED,7.2409
2022-07-25,SOXS,ARCX:SOXS,6896000.0,45.97,0.0181,1124213000.0,6896000.0,0.0,0.05,172121000.0,319309000.0,BALANCED,13.2511
2022-07-26,SOXS,ARCX:SOXS,-31418000.0,48.34,0.0515,1092795000.0,0.0,-31418000.0,-1.0708,62400000.0,287891000.0,BALANCED,-18.7697
2022-07-27,SOXS,ARCX:SOXS,-2070000.0,41.4,-0.1436,1090725000.0,0.0,-2070000.0,-0.3236,38356000.0,285821000.0,BALANCED,-2.0911
2022-07-28,SOXS,ARCX:SOXS,12000000.0,40.0,-0.0337,1102725000.0,12000000.0,0.0,0.0745,-14592000.0,310592000.0,BALANCED,-6.1381
2022-07-29,SOXS,ARCX:SOXS,66425000.0,39.07,-0.0232,1169150000.0,66425000.0,0.0,1.7549,51833000.0,367100000.0,ACCUMULATION,57.8732
2022-08-01,SOXS,ARCX:SOXS,98753000.0,38.73,-0.0089,1267903000.0,98753000.0,0.0,2.4066,143690000.0,454812000.0,ACCUMULATION,76.1652
2022-08-02,SOXS,ARCX:SOXS,3894000.0,38.94,0.0055,1271797000.0,3894000.0,0.0,-0.3407,179002000.0,501732000.0,BALANCED,9.4816
2022-08-03,SOXS,ARCX:SOXS,8917000.0,35.67,-0.084,1280714000.0,8917000.0,0.0,-0.2144,189989000.0,524717000.0,BALANCED,14.6408
2022-08-04,SOXS,ARCX:SOXS,6950000.0,34.75,-0.0257,1287664000.0,6950000.0,0.0,-0.241,184939000.0,513400000.0,BALANCED,15.9744
2022-08-05,SOXS,ARCX:SOXS,37437000.0,35.65,0.026,1325101000.0,37437000.0,0.0,0.606,155951000.0,487811000.0,BALANCED,39.1507
2022-08-08,SOXS,ARCX:SOXS,-14952000.0,37.38,0.0484,1310149000.0,0.0,-14952000.0,-0.9479,42246000.0,469636000.0,BALANCED,-15.6969
2022-08-09,SOXS,ARCX:SOXS,-25566000.0,42.61,0.1399,1284583000.0,0.0,-25566000.0,-1.2115,12786000.0,367256000.0,BALANCED,-24.2876
2022-08-10,SOXS,ARCX:SOXS,-5544000.0,36.96,-0.1326,1279039000.0,0.0,-5544000.0,-0.6205,-1675000.0,349207000.0,BALANCED,-31.5129
2022-08-11,SOXS,ARCX:SOXS,39201000.0,37.33,0.0101,1318240000.0,39201000.0,0.0,0.633,30576000.0,385473000.0,BALANCED,27.8252
2022-08-12,SOXS,ARCX:SOXS,77893000.0,33.87,-0.0929,1396133000.0,77893000.0,0.0,1.6176,71032000.0,463366000.0,ACCUMULATION,54.4406
2022-08-15,SOXS,ARCX:SOXS,8400000.0,33.6,-0.0079,1404533000.0,8400000.0,0.0,-0.3149,94384000.0,452441000.0,BALANCED,8.1286
2022-08-16,SOXS,ARCX:SOXS,1733000.0,34.66,0.0316,1406266000.0,1733000.0,0.0,-0.5707,121683000.0,375871000.0,BALANCED,3.7336
2022-08-17,SOXS,ARCX:SOXS,-18627000.0,37.25,0.0748,1387639000.0,0.0,-18627000.0,-1.157,108600000.0,335270000.0,BALANCED,-20.9248
2022-08-18,SOXS,ARCX:SOXS,-15564000.0,34.59,-0.0716,1372075000.0,0.0,-15564000.0,-1.0157,53835000.0,254758000.0,BALANCED,-19.3926
2022-08-19,SOXS,ARCX:SOXS,-9384000.0,37.54,0.0853,1362691000.0,0.0,-9384000.0,-0.7828,-33442000.0,245374000.0,BALANCED,-35.5711
2022-08-22,SOXS,ARCX:SOXS,-33455000.0,41.82,0.1141,1329236000.0,0.0,-33455000.0,-1.4006,-75297000.0,205023000.0,BALANCED,-53.0149
2022-08-23,SOXS,ARCX:SOXS,8169000.0,40.84,-0.0233,1337405000.0,8169000.0,0.0,-0.1734,-68861000.0,244610000.0,BALANCED,-12.3346
2022-08-24,SOXS,ARCX:SOXS,-40734000.0,40.73,-0.0027,1296671000.0,0.0,-40734000.0,-1.5089,-90968000.0,205946000.0,DISTRIBUTION,-49.722
2022-08-25,SOXS,ARCX:SOXS,34366000.0,36.18,-0.1119,1331037000.0,34366000.0,0.0,0.5978,-41038000.0,228312000.0,BALANCED,6.9442
2022-08-26,SOXS,ARCX:SOXS,-6386000.0,42.57,0.1769,1324651000.0,0.0,-6386000.0,-0.5497,-38040000.0,155501000.0,BALANCED,-25.7413
2022-08-29,SOXS,ARCX:SOXS,-4499000.0,44.99,0.0568,1320152000.0,0.0,-4499000.0,-0.4723,-9084000.0,52249000.0,BALANCED,-25.8064
2022-08-30,SOXS,ARCX:SOXS,11664000.0,46.65,0.037,1331816000.0,11664000.0,0.0,0.0486,-5589000.0,60019000.0,BALANCED,-6.7843
2022-08-31,SOXS,ARCX:SOXS,-144505000.0,48.17,0.0325,1187311000.0,0.0,-144505000.0,-3.4255,-109360000.0,-93403000.0,DISTRIBUTION,-97.6373
2022-09-01,SOXS,ARCX:SOXS,-2545000.0,50.9,0.0566,1184766000.0,0.0,-2545000.0,-0.1142,-146271000.0,-102898000.0,BALANCED,-16.8543
2022-09-02,SOXS,ARCX:SOXS,-96913000.0,52.39,0.0292,1087853000.0,0.0,-96913000.0,-2.0981,-236798000.0,-237248000.0,DISTRIBUTION,-68.4513
2022-09-06,SOXS,ARCX:SOXS,35172000.0,54.11,0.0329,1123025000.0,35172000.0,0.0,0.7625,-197127000.0,-187124000.0,BALANCED,11.0618
2022-09-07,SOXS,ARCX:SOXS,-53978000.0,51.41,-0.0499,1069047000.0,0.0,-53978000.0,-1.1343,-262769000.0,-215536000.0,BALANCED,-40.3583
2022-09-08,SOXS,ARCX:SOXS,14629000.0,48.76,-0.0514,1083676000.0,14629000.0,0.0,0.3164,-103635000.0,-195363000.0,BALANCED,-0.0888
2022-09-09,SOXS,ARCX:SOXS,4529000.0,45.29,-0.0712,1088205000.0,4529000.0,0.0,0.1068,-96561000.0,-230035000.0,BALANCED,-3.3292
2022-09-12,SOXS,ARCX:SOXS,40375000.0,44.86,-0.0095,1128580000.0,40375000.0,0.0,0.9096,40727000.0,-267553000.0,BALANCED,38.7411
2022-09-13,SOXS,ARCX:SOXS,122382000.0,53.21,0.1861,1250962000.0,122382000.0,0.0,2.5715,127937000.0,-153571000.0,ACCUMULATION,82.2863
2022-09-14,SOXS,ARCX:SOXS,20503000.0,51.26,-0.0367,1271465000.0,20503000.0,0.0,0.4277,202418000.0,-134801000.0,BALANCED,30.693
2022-09-15,SOXS,ARCX:SOXS,0.0,53.75,0.0485,1271465000.0,0.0,0.0,0.0064,187789000.0,-116174000.0,BALANCED,10.1608
2022-09-16,SOXS,ARCX:SOXS,-108491000.0,52.92,-0.0153,1162974000.0,0.0,-108491000.0,-2.0139,74769000.0,-209101000.0,DISTRIBUTION,-42.3484
2022-09-19,SOXS,ARCX:SOXS,-72759000.0,51.97,-0.018,1090215000.0,0.0,-72759000.0,-1.2331,-38365000.0,-272476000.0,BALANCED,-44.8276
2022-09-20,SOXS,ARCX:SOXS,-62512000.0,54.36,0.0459,1027703000.0,0.0,-62512000.0,-0.9909,-223259000.0,-301533000.0,BALANCED,-40.7725
2022-09-21,SOXS,ARCX:SOXS,-2790000.0,55.79,0.0264,1024913000.0,0.0,-2790000.0,0.1096,-246552000.0,-312492000.0,BALANCED,-15.2595
2022-09-22,SOXS,ARCX:SOXS,27252000.0,60.56,0.0854,1052165000.0,27252000.0,0.0,0.6458,-219300000.0,-244506000.0,BALANCED,8.1451
2022-09-23,SOXS,ARCX:SOXS,-135678000.0,63.11,0.042,916487000.0,0.0,-135678000.0,-2.1091,-246487000.0,-414550000.0,DISTRIBUTION,-64.7286
2022-09-26,SOXS,ARCX:SOXS,-9891000.0,65.94,0.0449,906596000.0,0.0,-9891000.0,0.1161,-183619000.0,-418055000.0,BALANCED,-11.0982
2022-09-27,SOXS,ARCX:SOXS,-12735000.0,63.67,-0.0344,893861000.0,0.0,-12735000.0,0.0777,-133842000.0,-426291000.0,BALANCED,-14.0575
2022-09-28,SOXS,ARCX:SOXS,-33683000.0,61.24,-0.0382,860178000.0,0.0,-33683000.0,-0.2807,-164735000.0,-471638000.0,BALANCED,-25.0183
2022-09-29,SOXS,ARCX:SOXS,36954000.0,67.19,0.0971,897132000.0,36954000.0,0.0,0.951,-155033000.0,-290179000.0,BALANCED,15.7738
2022-09-30,SOXS,ARCX:SOXS,0.0,70.68,0.052,897132000.0,0.0,0.0,0.282,-19355000.0,-287634000.0,BALANCED,-2.9492
2022-10-03,SOXS,ARCX:SOXS,50213000.0,62.77,-0.112,947345000.0,50213000.0,0.0,1.1158,40749000.0,-140508000.0,BALANCED,39.8953
2022-10-04,SOXS,ARCX:SOXS,-2707000.0,54.14,-0.1374,944638000.0,0.0,-2707000.0,0.1764,50777000.0,-178387000.0,BALANCED,12.4106
2022-10-05,SOXS,ARCX:SOXS,47365000.0,52.63,-0.028,992003000.0,47365000.0,0.0,1.0107,131825000.0,-77044000.0,BALANCED,37.2673
2022-10-06,SOXS,ARCX:SOXS,40237000.0,53.65,0.0194,1032240000.0,40237000.0,0.0,0.8352,135108000.0,-51436000.0,BALANCED,34.8805
2022-10-07,SOXS,ARCX:SOXS,114041000.0,63.36,0.1809,1146281000.0,114041000.0,0.0,1.9252,249149000.0,58076000.0,ACCUMULATION,64.1311
2022-10-10,SOXS,ARCX:SOXS,-27929000.0,69.82,0.1021,1118352000.0,0.0,-27929000.0,-0.3365,171007000.0,-10228000.0,BALANCED,-0.4129
2022-10-11,SOXS,ARCX:SOXS,-317580000.0,75.61,0.083,800772000.0,0.0,-317580000.0,-3.5561,-143866000.0,-450190000.0,DISTRIBUTION,-100.0
2022-10-12,SOXS,ARCX:SOXS,0.0,77.85,0.0295,800772000.0,0.0,0.0,0.2099,-191231000.0,-470693000.0,BALANCED,-4.7521
2022-10-13,SOXS,ARCX:SOXS,7073000.0,70.73,-0.0914,807845000.0,7073000.0,0.0,0.2437,-224395000.0,-463620000.0,BALANCED,-1.9085
2022-10-14,SOXS,ARCX:SOXS,-48157000.0,80.26,0.1348,759688000.0,0.0,-48157000.0,-0.4187,-386593000.0,-403286000.0,BALANCED,-22.4679
2022-10-17,SOXS,ARCX:SOXS,-67350000.0,74.83,-0.0676,692338000.0,0.0,-67350000.0,-0.6745,-426014000.0,-397877000.0,BALANCED,-30.8622
2022-10-18,SOXS,ARCX:SOXS,0.0,74.21,-0.0083,692338000.0,0.0,0.0,0.1798,-108434000.0,-335365000.0,BALANCED,-5.5043
2022-10-19,SOXS,ARCX:SOXS,-3631000.0,72.63,-0.0214,688707000.0,0.0,-3631000.0,0.1138,-112065000.0,-336206000.0,BALANCED,-9.155
2022-10-20,SOXS,ARCX:SOXS,67590000.0,71.15,-0.0204,756297000.0,67590000.0,0.0,0.9727,-51548000.0,-295868000.0,BALANCED,16.3177
2022-10-21,SOXS,ARCX:SOXS,78951000.0,63.16,-0.1123,835248000.0,78951000.0,0.0,1.0615,75560000.0,-81239000.0,BALANCED,40.5363
2022-10-24,SOXS,ARCX:SOXS,-43774000.0,62.53,-0.0099,791474000.0,0.0,-43774000.0,-0.3966,99136000.0,-115122000.0,BALANCED,-1.9154
2022-10-25,SOXS,ARCX:SOXS,11658000.0,58.29,-0.0679,803132000.0,11658000.0,0.0,0.3399,110794000.0,-90729000.0,BALANCED,20.4971
2022-10-26,SOXS,ARCX:SOXS,9031000.0,60.21,0.0329,812163000.0,9031000.0,0.0,0.3118,123456000.0,-48015000.0,BALANCED,21.7948
2022-10-27,SOXS,ARCX:SOXS,22163000.0,63.32,0.0518,834326000.0,22163000.0,0.0,0.469,78029000.0,-62806000.0,BALANCED,27.7253
2022-10-28,SOXS,ARCX:SOXS,55818000.0,55.82,-0.1185,890144000.0,55818000.0,0.0,0.8401,54896000.0,-6988000.0,BALANCED,39.0027
2022-10-31,SOXS,ARCX:SOXS,0.0,59.55,0.0669,890144000.0,0.0,0.0,0.0874,98670000.0,-57201000.0,BALANCED,12.1841
2022-11-01,SOXS,ARCX:SOXS,-2902000.0,58.05,-0.0253,887242000.0,0.0,-2902000.0,0.0235,84110000.0,-57396000.0,BALANCED,8.5886
2022-11-02,SOXS,ARCX:SOXS,-9565000.0,63.77,0.0986,877677000.0,0.0,-9565000.0,-0.0616,65514000.0,-114326000.0,BALANCED,4.4601
2022-11-03,SOXS,ARCX:SOXS,23231000.0,66.37,0.0409,900908000.0,23231000.0,0.0,0.3742,66582000.0,-131332000.0,BALANCED,21.3553
2022-11-04,SOXS,ARCX:SOXS,5671000.0,56.71,-0.1456,906579000.0,5671000.0,0.0,0.084,16435000.0,-239702000.0,BALANCED,16.1007
2022-11-07,SOXS,ARCX:SOXS,15925000.0,53.08,-0.064,922504000.0,15925000.0,0.0,0.2154,32360000.0,-195848000.0,BALANCED,21.3861
2022-11-08,SOXS,ARCX:SOXS,49860000.0,49.86,-0.0607,972364000.0,49860000.0,0.0,0.6565,85122000.0,171592000.0,BALANCED,34.4113
2022-11-09,SOXS,ARCX:SOXS,90224000.0,54.68,0.0967,1062588000.0,90224000.0,0.0,1.138,184911000.0,261816000.0,BALANCED,48.4498
2022-11-10,SOXS,ARCX:SOXS,141896000.0,37.34,-0.3171,1204484000.0,141896000.0,0.0,1.7044,303576000.0,396639000.0,ACCUMULATION,64.6089
2022-11-11,SOXS,ARCX:SOXS,122478000.0,34.02,-0.0889,1326962000.0,122478000.0,0.0,1.354,420383000.0,567274000.0,BALANCED,57.8497
2022-11-14,SOXS,ARCX:SOXS,96735000.0,35.18,0.0339,1423697000.0,96735000.0,0.0,0.9977,501193000.0,731359000.0,BALANCED,50.9436
2022-11-15,SOXS,ARCX:SOXS,116920000.0,32.03,-0.0894,1540617000.0,116920000.0,0.0,1.1692,568253000.0,848279000.0,BALANCED,57.2288
2022-11-16,SOXS,ARCX:SOXS,36254000.0,36.25,0.1318,1576871000.0,36254000.0,0.0,0.2021,514283000.0,888164000.0,BALANCED,35.0532
2022-11-17,SOXS,ARCX:SOXS,70303000.0,35.15,-0.0304,1647174000.0,70303000.0,0.0,0.5975,442690000.0,890877000.0,BALANCED,44.9386
2022-11-18,SOXS,ARCX:SOXS,1748000.0,34.97,-0.0053,1648922000.0,1748000.0,0.0,-0.1841,321960000.0,813674000.0,BALANCED,25.397
2022-11-21,SOXS,ARCX:SOXS,-31286000.0,36.81,0.0526,1617636000.0,0.0,-31286000.0,-0.5876,193939000.0,826162000.0,BALANCED,-6.6893
2022-11-22,SOXS,ARCX:SOXS,51838000.0,33.44,-0.0914,1669474000.0,51838000.0,0.0,0.4413,128857000.0,866342000.0,BALANCED,23.0337
2022-11-23,SOXS,ARCX:SOXS,-53421000.0,32.38,-0.0319,1616053000.0,0.0,-53421000.0,-1.4993,39182000.0,803890000.0,BALANCED,-29.4833
2022-11-25,SOXS,ARCX:SOXS,-33681000.0,33.68,0.0403,1582372000.0,0.0,-33681000.0,-1.086,-64802000.0,748046000.0,BALANCED,-41.1505
2022-11-28,SOXS,ARCX:SOXS,1816000.0,36.31,0.0781,1584188000.0,1816000.0,0.0,-0.4825,-64734000.0,694044000.0,BALANCED,-20.0627
2022-11-29,SOXS,ARCX:SOXS,10967000.0,36.56,0.0068,1595155000.0,10967000.0,0.0,-0.3809,-22481000.0,705011000.0,BALANCED,-15.5216
2022-11-30,SOXS,ARCX:SOXS,-11976000.0,29.94,-0.181,1583179000.0,0.0,-11976000.0,-0.8249,-86295000.0,695937000.0,BALANCED,-32.6233
2022-12-01,SOXS,ARCX:SOXS,255347000.0,30.76,0.0275,1838526000.0,255347000.0,0.0,3.3518,222473000.0,960849000.0,ACCUMULATION,95.796
2022-12-02,SOXS,ARCX:SOXS,-57241000.0,31.8,0.0337,1781285000.0,0.0,-57241000.0,-1.3688,198913000.0,880377000.0,BALANCED,-26.2194
2022-12-05,SOXS,ARCX:SOXS,-36174000.0,32.89,0.0341,1745111000.0,0.0,-36174000.0,-0.9864,160923000.0,838532000.0,BALANCED,-18.6589
2022-12-06,SOXS,ARCX:SOXS,-19348000.0,35.18,0.0697,1725763000.0,0.0,-19348000.0,-0.7577,130608000.0,803259000.0,BALANCED,-14.9417
2022-12-07,SOXS,ARCX:SOXS,-50987000.0,35.16,-0.0004,1674776000.0,0.0,-50987000.0,-1.173,91597000.0,702412000.0,BALANCED,-27.3262
2022-12-08,SOXS,ARCX:SOXS,-4848000.0,32.32,-0.0809,1669928000.0,0.0,-4848000.0,-0.4887,-168598000.0,607340000.0,BALANCED,-32.2185
2022-12-09,SOXS,ARCX:SOXS,48242000.0,33.27,0.0295,1718170000.0,48242000.0,0.0,0.2742,-63115000.0,513686000.0,BALANCED,-1.146
2022-12-12,SOXS,ARCX:SOXS,-15643000.0,31.29,-0.0597,1702527000.0,0.0,-15643000.0,-0.621,-42584000.0,375565000.0,BALANCED,-27.525
2022-12-13,SOXS,ARCX:SOXS,105771000.0,29.79,-0.0477,1808298000.0,105771000.0,0.0,1.0729,82535000.0,384601000.0,BALANCED,38.8223
2022-12-14,SOXS,ARCX:SOXS,-4688000.0,31.26,0.0491,1803610000.0,0.0,-4688000.0,-0.5027,128834000.0,262993000.0,BALANCED,-4.5674
2022-12-15,SOXS,ARCX:SOXS,130018000.0,35.14,0.1242,1933628000.0,130018000.0,0.0,1.318,263700000.0,356757000.0,BALANCED,44.9494
2022-12-16,SOXS,ARCX:SOXS,-125968000.0,35.99,0.0242,1807660000.0,0.0,-125968000.0,-2.0096,89490000.0,160486000.0,DISTRIBUTION,-42.2398
2022-12-19,SOXS,ARCX:SOXS,-5606000.0,37.37,0.0384,1802054000.0,0.0,-5606000.0,-0.4553,99527000.0,153132000.0,BALANCED,-5.3823
2022-12-20,SOXS,ARCX:SOXS,-11409000.0,38.03,0.0196,1790645000.0,0.0,-11409000.0,-0.5159,-17653000.0,173009000.0,BALANCED,-28.8984
2022-12-21,SOXS,ARCX:SOXS,-65228000.0,35.26,-0.0729,1725417000.0,0.0,-65228000.0,-1.1299,-78193000.0,55943000.0,BALANCED,-46.2481
2022-12-22,SOXS,ARCX:SOXS,103292000.0,39.73,0.1268,1828709000.0,103292000.0,0.0,0.9678,-104919000.0,212656000.0,BALANCED,16.194
2022-12-23,SOXS,ARCX:SOXS,-174519000.0,39.66,-0.0016,1654190000.0,0.0,-174519000.0,-2.2251,-153470000.0,71818000.0,DISTRIBUTION,-67.6286
2022-12-27,SOXS,ARCX:SOXS,14650000.0,41.86,0.0553,1668840000.0,14650000.0,0.0,0.0393,-133214000.0,84652000.0,BALANCED,-7.0165
2022-12-28,SOXS,ARCX:SOXS,-28385000.0,43.67,0.0433,1640455000.0,0.0,-28385000.0,-0.4374,-150190000.0,45300000.0,BALANCED,-22.9358
2022-12-29,SOXS,ARCX:SOXS,-94284000.0,39.27,-0.1004,1546171000.0,0.0,-94284000.0,-1.1703,-179246000.0,-37008000.0,BALANCED,-43.2571
2022-12-30,SOXS,ARCX:SOXS,-13831000.0,39.51,0.0059,1532340000.0,0.0,-13831000.0,-0.1534,-296369000.0,-306186000.0,BALANCED,-19.8358
2023-01-03,SOXS,ARCX:SOXS,-69534000.0,40.88,0.0351,1462806000.0,0.0,-69534000.0,-0.7902,-191384000.0,-318479000.0,BALANCED,-37.7553
2023-01-04,SOXS,ARCX:SOXS,33767000.0,37.5,-0.0827,1496573000.0,33767000.0,0.0,0.4823,-172267000.0,-248538000.0,BALANCED,4.0581
2023-01-05,SOXS,ARCX:SOXS,61477000.0,39.64,0.0572,1558050000.0,61477000.0,0.0,0.7808,-82405000.0,-167713000.0,BALANCED,13.5212
2023-01-06,SOXS,ARCX:SOXS,68046000.0,34.0,-0.1422,1626096000.0,68046000.0,0.0,0.8506,79925000.0,-48680000.0,BALANCED,37.265
2023-01-09,SOXS,ARCX:SOXS,217996000.0,32.04,-0.0577,1844092000.0,217996000.0,0.0,2.3295,311752000.0,174164000.0,ACCUMULATION,76.2379
2023-01-10,SOXS,ARCX:SOXS,-4624000.0,30.8,-0.0385,1839468000.0,0.0,-4624000.0,-0.1466,376662000.0,121298000.0,BALANCED,4.3356
2023-01-11,SOXS,ARCX:SOXS,-60890000.0,29.68,-0.0364,1778578000.0,0.0,-60890000.0,-0.7411,282005000.0,76051000.0,BALANCED,-12.5285
2023-01-12,SOXS,ARCX:SOXS,254157000.0,28.7,-0.0331,2032735000.0,254157000.0,0.0,2.3595,474685000.0,224437000.0,ACCUMULATION,70.9869
2023-01-13,SOXS,ARCX:SOXS,2842000.0,28.4,-0.0105,2035577000.0,2842000.0,0.0,-0.1206,409481000.0,231967000.0,BALANCED,10.9839
2023-01-17,SOXS,ARCX:SOXS,162168000.0,28.18,-0.0075,2197745000.0,162168000.0,0.0,1.5801,353653000.0,264117000.0,ACCUMULATION,55.5027
2023-01-18,SOXS,ARCX:SOXS,54561000.0,28.7,0.0182,2252306000.0,54561000.0,0.0,0.4115,412838000.0,444646000.0,BALANCED,28.2875
2023-01-19,SOXS,ARCX:SOXS,254071000.0,31.15,0.0856,2506377000.0,254071000.0,0.0,2.2121,727799000.0,704323000.0,ACCUMULATION,75.3037
2023-01-20,SOXS,ARCX:SOXS,16927000.0,28.19,-0.095,2523304000.0,16927000.0,0.0,-0.0937,490569000.0,732659000.0,BALANCED,19.6571
2023-01-23,SOXS,ARCX:SOXS,179705000.0,23.94,-0.1507,2703009000.0,179705000.0,0.0,1.3767,667432000.0,977592000.0,BALANCED,58.417
2023-01-24,SOXS,ARCX:SOXS,7369000.0,24.54,0.0251,2710378000.0,7369000.0,0.0,-0.2589,512633000.0,881669000.0,BALANCED,19.5282
2023-01-25,SOXS,ARCX:SOXS,-58442000.0,24.33,-0.0086,2651936000.0,0.0,-58442000.0,-0.8385,399630000.0,997746000.0,BALANCED,-12.9617
2023-01-26,SOXS,ARCX:SOXS,47372000.0,23.09,-0.051,2699308000.0,47372000.0,0.0,0.1328,192931000.0,1030468000.0,BALANCED,15.3209
2023-01-27,SOXS,ARCX:SOXS,55495000.0,23.6,0.0219,2754803000.0,55495000.0,0.0,0.2265,231499000.0,1114348000.0,BALANCED,19.6633
2023-01-30,SOXS,ARCX:SOXS,-47194000.0,25.48,0.0803,2707609000.0,0.0,-47194000.0,-0.7262,4600000.0,1161438000.0,BALANCED,-10.1542
2023-01-31,SOXS,ARCX:SOXS,-4810000.0,24.02,-0.0572,2702799000.0,0.0,-4810000.0,-0.2901,-7579000.0,1170459000.0,BALANCED,-21.2525
2023-02-01,SOXS,ARCX:SOXS,43681000.0,20.29,-0.1553,2746480000.0,43681000.0,0.0,0.1226,94544000.0,1283674000.0,BALANCED,15.0659
2023-02-02,SOXS,ARCX:SOXS,179754000.0,18.9,-0.0687,2926234000.0,179754000.0,0.0,1.3643,226926000.0,1429661000.0,BALANCED,48.1081
2023-02-03,SOXS,ARCX:SOXS,56172000.0,20.04,0.0602,2982406000.0,56172000.0,0.0,0.1583,227603000.0,1424356000.0,BALANCED,19.9564
2023-02-06,SOXS,ARCX:SOXS,-137912000.0,21.04,0.0495,2844494000.0,0.0,-137912000.0,-1.6337,136885000.0,1218398000.0,DISTRIBUTION,-32.8429
2023-02-07,SOXS,ARCX:SOXS,-5701000.0,18.98,-0.0975,2838793000.0,0.0,-5701000.0,-0.3687,135994000.0,994701000.0,BALANCED,-3.2175
2023-02-08,SOXS,ARCX:SOXS,0.0,20.27,0.0676,2838793000.0,0.0,0.0,-0.3966,92313000.0,999325000.0,BALANCED,0.0845
2023-02-09,SOXS,ARCX:SOXS,82503000.0,20.1,-0.0081,2921296000.0,82503000.0,0.0,0.4086,-4938000.0,1142718000.0,BALANCED,2.2146
2023-02-10,SOXS,ARCX:SOXS,-53861000.0,21.1,0.0496,2867435000.0,0.0,-53861000.0,-0.9432,-114971000.0,834700000.0,BALANCED,-35.5796
2023-02-13,SOXS,ARCX:SOXS,-15145000.0,20.17,-0.0439,2852290000.0,0.0,-15145000.0,-0.6,7796000.0,816713000.0,BALANCED,-9.0005
2023-02-14,SOXS,ARCX:SOXS,56295000.0,19.06,-0.055,2908585000.0,56295000.0,0.0,0.1072,69792000.0,710840000.0,BALANCED,14.6796
2023-02-15,SOXS,ARCX:SOXS,28275000.0,18.83,-0.0122,2936860000.0,28275000.0,0.0,-0.22,98067000.0,684554000.0,BALANCED,8.5004
2023-02-16,SOXS,ARCX:SOXS,80011000.0,20.23,0.0746,3016871000.0,80011000.0,0.0,0.309,95575000.0,510494000.0,BALANCED,23.7243
2023-02-17,SOXS,ARCX:SOXS,-168965000.0,21.22,0.0492,2847906000.0,0.0,-168965000.0,-2.0575,-19529000.0,324602000.0,DISTRIBUTION,-63.4381
2023-02-21,SOXS,ARCX:SOXS,-1167000.0,23.31,0.098,2846739000.0,0.0,-1167000.0,-0.4055,-5551000.0,143730000.0,BALANCED,-24.1382
2023-02-22,SOXS,ARCX:SOXS,-98240000.0,23.64,0.0144,2748499000.0,0.0,-98240000.0,-1.2763,-160086000.0,38121000.0,BALANCED,-47.9072
2023-02-23,SOXS,ARCX:SOXS,77853000.0,21.3,-0.099,2826352000.0,77853000.0,0.0,0.4463,-110508000.0,174416000.0,BALANCED,3.1569
2023-02-24,SOXS,ARCX:SOXS,-2256000.0,22.52,0.0575,2824096000.0,0.0,-2256000.0,-0.3732,-192775000.0,124788000.0,BALANCED,-21.3312
2023-02-27,SOXS,ARCX:SOXS,-3322000.0,22.11,-0.0182,2820774000.0,0.0,-3322000.0,-0.3268,-27132000.0,65971000.0,BALANCED,-22.1696
2023-02-28,SOXS,ARCX:SOXS,4390000.0,21.91,-0.0088,2825164000.0,4390000.0,0.0,-0.2422,-21575000.0,117555000.0,BALANCED,-14.0555
2023-03-01,SOXS,ARCX:SOXS,-39475000.0,21.89,-0.0009,2785689000.0,0.0,-39475000.0,-0.6748,37190000.0,82890000.0,BALANCED,-8.8708
2023-03-02,SOXS,ARCX:SOXS,10702000.0,21.36,-0.024,2796391000.0,10702000.0,0.0,-0.0852,-29961000.0,49911000.0,BALANCED,-10.1289
2023-03-03,SOXS,ARCX:SOXS,-13288000.0,20.43,-0.0442,2783103000.0,0.0,-13288000.0,-0.2994,-40993000.0,-143131000.0,BALANCED,-19.4851
2023-03-06,SOXS,ARCX:SOXS,-5297000.0,21.16,0.0358,2777806000.0,0.0,-5297000.0,-0.1832,-42968000.0,-204600000.0,BALANCED,-18.58
2023-03-07,SOXS,ARCX:SOXS,-19679000.0,21.84,0.0319,2758127000.0,0.0,-19679000.0,-0.3162,-67037000.0,-86367000.0,BALANCED,-23.9061
2023-03-08,SOXS,ARCX:SOXS,-28150000.0,20.08,-0.0804,2729977000.0,0.0,-28150000.0,-0.4221,-55712000.0,-108816000.0,BALANCED,-28.5513
2023-03-09,SOXS,ARCX:SOXS,122738000.0,21.32,0.0616,2852715000.0,122738000.0,0.0,1.639,56324000.0,13922000.0,ACCUMULATION,52.9739
2023-03-10,SOXS,ARCX:SOXS,-62073000.0,22.53,0.0575,2790642000.0,0.0,-62073000.0,-0.9113,7539000.0,-130654000.0,BALANCED,-14.7834
2023-03-13,SOXS,ARCX:SOXS,-228189000.0,22.55,0.0009,2562453000.0,0.0,-228189000.0,-2.697,-215353000.0,-304982000.0,DISTRIBUTION,-81.4253
2023-03-14,SOXS,ARCX:SOXS,63754000.0,20.54,-0.0897,2626207000.0,63754000.0,0.0,0.8025,-131920000.0,-226083000.0,BALANCED,12.0623
2023-03-15,SOXS,ARCX:SOXS,-94015000.0,21.34,0.039,2532192000.0,0.0,-94015000.0,-1.0454,-197785000.0,-376393000.0,BALANCED,-38.1361
2023-03-16,SOXS,ARCX:SOXS,169176000.0,18.77,-0.1203,2701368000.0,169176000.0,0.0,1.8975,-151347000.0,-235492000.0,ACCUMULATION,39.4387
2023-03-17,SOXS,ARCX:SOXS,2876000.0,19.14,0.0199,2704244000.0,2876000.0,0.0,0.1235,-86398000.0,-312627000.0,BALANCED,-2.9124
2023-03-20,SOXS,ARCX:SOXS,2785000.0,18.54,-0.0314,2707029000.0,2785000.0,0.0,0.1453,144576000.0,-140877000.0,BALANCED,19.6317
2023-03-21,SOXS,ARCX:SOXS,-11901000.0,18.28,-0.0039,2695128000.0,0.0,-11901000.0,-0.088,68921000.0,-151611000.0,BALANCED,5.8011
2023-03-22,SOXS,ARCX:SOXS,-10356000.0,18.8,0.0284,2684772000.0,0.0,-10356000.0,-0.0663,152580000.0,-63727000.0,BALANCED,4.3413
2023-03-23,SOXS,ARCX:SOXS,161770000.0,17.28,-0.0811,2846542000.0,161770000.0,0.0,1.9135,145174000.0,20190000.0,ACCUMULATION,59.8377
2023-03-24,SOXS,ARCX:SOXS,-137086000.0,18.26,0.0564,2709456000.0,0.0,-137086000.0,-1.5028,5212000.0,-114640000.0,DISTRIBUTION,-29.5695
2023-03-27,SOXS,ARCX:SOXS,-66249000.0,18.91,0.0356,2643207000.0,0.0,-66249000.0,-0.6773,-63822000.0,-177567000.0,BALANCED,-30.9315
2023-03-28,SOXS,ARCX:SOXS,-96800000.0,19.34,0.0228,2546407000.0,0.0,-96800000.0,-0.9808,-148721000.0,-278757000.0,BALANCED,-40.5201
2023-03-29,SOXS,ARCX:SOXS,13091000.0,17.44,-0.0984,2559498000.0,13091000.0,0.0,0.2825,-125274000.0,-226191000.0,BALANCED,-0.9372
2023-03-30,SOXS,ARCX:SOXS,235129000.0,16.6,-0.048,2794627000.0,235129000.0,0.0,2.441,-51915000.0,-1764000.0,ACCUMULATION,55.0249
2023-03-31,SOXS,ARCX:SOXS,21204000.0,16.29,-0.0184,2815831000.0,21204000.0,0.0,0.2874,106375000.0,32728000.0,BALANCED,23.1848
2023-04-03,SOXS,ARCX:SOXS,3354000.0,16.75,0.0282,2819185000.0,3354000.0,0.0,0.0468,175978000.0,41379000.0,BALANCED,19.1698
2023-04-04,SOXS,ARCX:SOXS,-101068000.0,17.71,0.0573,2718117000.0,0.0,-101068000.0,-1.0303,171710000.0,-40010000.0,BALANCED,-17.7576
2023-04-05,SOXS,ARCX:SOXS,933000.0,18.64,0.0525,2719050000.0,933000.0,0.0,0.0208,159552000.0,-10927000.0,BALANCED,12.5189
2023-04-06,SOXS,ARCX:SOXS,-37943000.0,18.95,0.0166,2681107000.0,0.0,-37943000.0,-0.3628,-113520000.0,-171608000.0,BALANCED,-21.0691
2023-04-10,SOXS,ARCX:SOXS,-111445000.0,17.95,-0.0525,2569662000.0,0.0,-111445000.0,-1.1036,-246169000.0,-220980000.0,BALANCED,-41.5906
2023-04-11,SOXS,ARCX:SOXS,24678000.0,18.25,0.017,2594340000.0,24678000.0,0.0,0.3447,-224845000.0,31887000.0,BALANCED,0.6175
2023-04-12,SOXS,ARCX:SOXS,-6752000.0,19.26,0.0553,2587588000.0,0.0,-6752000.0,0.0125,-130529000.0,-38619000.0,BALANCED,-11.6878
2023-04-13,SOXS,ARCX:SOXS,-1880000.0,18.77,-0.0253,2585708000.0,0.0,-1880000.0,0.0513,-133342000.0,53516000.0,BALANCED,-12.7172
2023-04-14,SOXS,ARCX:SOXS,-11352000.0,18.89,0.0062,2574356000.0,0.0,-11352000.0,-0.0424,-106751000.0,-127012000.0,BALANCED,-17.0595
2023-04-17,SOXS,ARCX:SOXS,3785000.0,18.9,0.0004,2578141000.0,3785000.0,0.0,0.1139,8479000.0,-126103000.0,BALANCED,14.8468
2023-04-18,SOXS,ARCX:SOXS,934000.0,18.65,-0.0129,2579075000.0,934000.0,0.0,0.0811,-15265000.0,-127954000.0,BALANCED,-3.9736
2023-04-19,SOXS,ARCX:SOXS,-49279000.0,19.3,0.0343,2529796000.0,0.0,-49279000.0,-0.4454,-57792000.0,-165332000.0,BALANCED,-23.1357
2023-04-20,SOXS,ARCX:SOXS,50354000.0,19.34,0.0022,2580150000.0,50354000.0,0.0,0.5885,-5558000.0,-104622000.0,BALANCED,6.7127
2023-04-21,SOXS,ARCX:SOXS,-12902000.0,19.82,0.0249,2567248000.0,0.0,-12902000.0,-0.0373,-7108000.0,-279294000.0,BALANCED,-12.9313
2023-04-24,SOXS,ARCX:SOXS,-84465000.0,20.08,0.0132,2482783000.0,0.0,-84465000.0,-0.8115,-95358000.0,-226673000.0,BALANCED,-34.2872
2023-04-25,SOXS,ARCX:SOXS,8870000.0,22.14,0.1026,2491653000.0,8870000.0,0.0,0.1375,-87422000.0,-151554000.0,BALANCED,-4.5628
2023-04-26,SOXS,ARCX:SOXS,-119815000.0,21.75,-0.0176,2371838000.0,0.0,-119815000.0,-1.3347,-157958000.0,-174569000.0,BALANCED,-45.3682
2023-04-27,SOXS,ARCX:SOXS,-4306000.0,21.51,-0.0117,2367532000.0,0.0,-4306000.0,0.0145,-212618000.0,-191966000.0,BALANCED,-13.6387
2023-04-28,SOXS,ARCX:SOXS,-14278000.0,20.38,-0.0526,2353254000.0,0.0,-14278000.0,-0.0357,-213994000.0,-441373000.0,BALANCED,-16.8927
2023-05-01,SOXS,ARCX:SOXS,32738000.0,19.82,-0.0273,2385992000.0,32738000.0,0.0,0.5757,-96791000.0,-429839000.0,BALANCED,6.3931
2023-05-02,SOXS,ARCX:SOXS,20315000.0,20.29,0.0239,2406307000.0,20315000.0,0.0,0.402,-85346000.0,-412878000.0,BALANCED,4.0506
2023-05-03,SOXS,ARCX:SOXS,-27332000.0,21.0,0.035,2378975000.0,0.0,-27332000.0,-0.2223,7137000.0,-339142000.0,BALANCED,2.4415
2023-05-04,SOXS,ARCX:SOXS,-2137000.0,21.35,0.0166,2376838000.0,0.0,-2137000.0,0.1076,9306000.0,-342212000.0,BALANCED,8.6895
2023-05-05,SOXS,ARCX:SOXS,9976000.0,19.93,-0.0666,2386814000.0,9976000.0,0.0,0.37,33560000.0,-294293000.0,BALANCED,21.2512
2023-05-08,SOXS,ARCX:SOXS,8876000.0,19.7,-0.0114,2395690000.0,8876000.0,0.0,0.2998,9698000.0,-173972000.0,BALANCED,21.4953
2023-05-09,SOXS,ARCX:SOXS,-1037000.0,20.73,0.0519,2394653000.0,0.0,-1037000.0,0.1139,-11654000.0,-199687000.0,BALANCED,-9.1526
2023-05-10,SOXS,ARCX:SOXS,-41272000.0,20.11,-0.0297,2353381000.0,0.0,-41272000.0,-0.5641,-25594000.0,-234207000.0,BALANCED,-28.1034
2023-05-11,SOXS,ARCX:SOXS,43092000.0,20.5,0.0192,2396473000.0,43092000.0,0.0,0.7786,19635000.0,-189235000.0,BALANCED,31.466
2023-05-12,SOXS,ARCX:SOXS,26774000.0,20.58,0.0037,2423247000.0,26774000.0,0.0,0.9044,36433000.0,-151109000.0,BALANCED,36.6094
2023-05-15,SOXS,ARCX:SOXS,7574000.0,18.92,-0.0806,2430821000.0,7574000.0,0.0,0.4746,35131000.0,-147320000.0,BALANCED,27.8651
2023-05-16,SOXS,ARCX:SOXS,72442000.0,19.04,0.0068,2503263000.0,72442000.0,0.0,1.817,108610000.0,-75812000.0,ACCUMULATION,63.426
2023-05-17,SOXS,ARCX:SOXS,6172000.0,17.61,-0.075,2509435000.0,6172000.0,0.0,0.3095,156054000.0,-20361000.0,BALANCED,27.7381
2023-05-18,SOXS,ARCX:SOXS,210680000.0,15.94,-0.0949,2720115000.0,210680000.0,0.0,3.6235,323642000.0,139965000.0,ACCUMULATION,100.0
2023-05-19,SOXS,ARCX:SOXS,44748000.0,16.25,0.0195,2764863000.0,44748000.0,0.0,0.7205,341616000.0,197615000.0,BALANCED,42.0128
2023-05-22,SOXS,ARCX:SOXS,4829000.0,16.09,-0.0108,2769692000.0,4829000.0,0.0,-0.034,338871000.0,286909000.0,BALANCED,25.1501
2023-05-23,SOXS,ARCX:SOXS,-1672000.0,16.71,0.0386,2768020000.0,0.0,-1672000.0,-0.1382,264757000.0,276367000.0,BALANCED,4.5456
2023-05-24,SOXS,ARCX:SOXS,-173276000.0,17.58,0.0523,2594744000.0,0.0,-173276000.0,-2.7489,85309000.0,222906000.0,DISTRIBUTION,-62.7233
2023-05-25,SOXS,ARCX:SOXS,415467000.0,14.05,-0.2008,3010211000.0,415467000.0,0.0,4.0686,290096000.0,642679000.0,ACCUMULATION,100.0
2023-05-26,SOXS,ARCX:SOXS,5677000.0,11.35,-0.1925,3015888000.0,5677000.0,0.0,-0.0918,251025000.0,662634000.0,BALANCED,11.7062
2023-05-30,SOXS,ARCX:SOXS,94574000.0,11.39,0.0037,3110462000.0,94574000.0,0.0,0.7716,340770000.0,724470000.0,BALANCED,35.2894
2023-05-31,SOXS,ARCX:SOXS,-108033000.0,12.28,0.0774,3002429000.0,0.0,-108033000.0,-1.1956,234409000.0,596122000.0,BALANCED,-21.8896
2023-06-01,SOXS,ARCX:SOXS,21574000.0,11.66,-0.0501,3024003000.0,21574000.0,0.0,0.0503,429259000.0,645028000.0,BALANCED,13.2567
2023-06-02,SOXS,ARCX:SOXS,12327000.0,11.74,0.0067,3036330000.0,12327000.0,0.0,-0.0284,26119000.0,659492000.0,BALANCED,13.2892
2023-06-05,SOXS,ARCX:SOXS,-6771000.0,12.31,0.0487,3029559000.0,0.0,-6771000.0,-0.2192,13671000.0,642745000.0,BALANCED,2.521
2023-06-06,SOXS,ARCX:SOXS,-6521000.0,11.86,-0.0369,3023038000.0,0.0,-6521000.0,-0.2464,-87424000.0,627348000.0,BALANCED,-20.1604
2023-06-07,SOXS,ARCX:SOXS,-61384000.0,11.92,0.0052,2961654000.0,0.0,-61384000.0,-0.766,-40775000.0,567001000.0,BALANCED,-35.15
2023-06-08,SOXS,ARCX:SOXS,118352000.0,11.55,-0.0313,3080006000.0,118352000.0,0.0,0.9579,56003000.0,726625000.0,BALANCED,35.9472
2023-06-09,SOXS,ARCX:SOXS,-1150000.0,11.5,-0.0041,3078856000.0,0.0,-1150000.0,-0.2514,42526000.0,682383000.0,BALANCED,1.7146
2023-06-12,SOXS,ARCX:SOXS,60669000.0,10.37,-0.0981,3139525000.0,60669000.0,0.0,0.3487,109966000.0,716278000.0,BALANCED,20.7164
2023-06-13,SOXS,ARCX:SOXS,-7965000.0,9.96,-0.0399,3131560000.0,0.0,-7965000.0,-0.3314,108522000.0,700739000.0,BALANCED,-0.2853
2023-06-14,SOXS,ARCX:SOXS,-2384000.0,9.54,-0.0421,3129176000.0,0.0,-2384000.0,-0.2671,167522000.0,625913000.0,BALANCED,-0.677
2023-06-15,SOXS,ARCX:SOXS,170569000.0,9.8,0.0278,3299745000.0,170569000.0,0.0,1.3694,219739000.0,790310000.0,BALANCED,46.2351
2023-06-16,SOXS,ARCX:SOXS,-112556000.0,10.09,0.0298,3187189000.0,0.0,-112556000.0,-1.3253,108333000.0,467074000.0,BALANCED,-25.1331
2023-06-20,SOXS,ARCX:SOXS,-6193000.0,10.32,0.0225,3180996000.0,0.0,-6193000.0,-0.3098,41471000.0,416133000.0,BALANCED,-1.7451
2023-06-21,SOXS,ARCX:SOXS,-111342000.0,10.97,0.0743,3069654000.0,0.0,-111342000.0,-1.2347,-61906000.0,299962000.0,BALANCED,-46.8667
2023-06-22,SOXS,ARCX:SOXS,85782000.0,10.79,-0.0164,3155436000.0,85782000.0,0.0,0.5549,26260000.0,387416000.0,BALANCED,25.8732
2023-06-23,SOXS,ARCX:SOXS,-130959000.0,11.39,0.0554,3024477000.0,0.0,-130959000.0,-1.3694,-275268000.0,429733000.0,BALANCED,-46.2361
2023-06-26,SOXS,ARCX:SOXS,-3953000.0,11.29,-0.0083,3020524000.0,0.0,-3953000.0,-0.221,-166665000.0,10313000.0,BALANCED,-19.5259
2023-06-27,SOXS,ARCX:SOXS,-6562000.0,10.1,-0.106,3013962000.0,0.0,-6562000.0,-0.2342,-167034000.0,-1926000.0,BALANCED,-21.8548
2023-06-28,SOXS,ARCX:SOXS,-2596000.0,10.39,0.0287,3011366000.0,0.0,-2596000.0,-0.1957,-58288000.0,-99096000.0,BALANCED,-22.8924
2023-06-29,SOXS,ARCX:SOXS,84292000.0,10.34,-0.0042,3095658000.0,84292000.0,0.0,0.5744,-59778000.0,93229000.0,BALANCED,6.3607
2023-06-30,SOXS,ARCX:SOXS,22701000.0,9.87,-0.0457,3118359000.0,22701000.0,0.0,0.0214,93882000.0,94356000.0,BALANCED,14.5349
2023-07-03,SOXS,ARCX:SOXS,-54339000.0,9.62,-0.0256,3064020000.0,0.0,-54339000.0,-0.6141,43496000.0,27690000.0,BALANCED,-7.353
2023-07-05,SOXS,ARCX:SOXS,-24662000.0,10.28,0.0684,3039358000.0,0.0,-24662000.0,-0.3155,25396000.0,9799000.0,BALANCED,-1.8885
2023-07-06,SOXS,ARCX:SOXS,197546000.0,10.65,0.0364,3236904000.0,197546000.0,0.0,1.6171,225538000.0,213866000.0,ACCUMULATION,52.4278
2023-07-07,SOXS,ARCX:SOXS,-132676000.0,10.66,0.0007,3104228000.0,0.0,-132676000.0,-1.2434,8570000.0,142574000.0,BALANCED,-23.0848
2023-07-10,SOXS,ARCX:SOXS,3503000.0,10.01,-0.0608,3107731000.0,3503000.0,0.0,-0.1232,-10628000.0,27725000.0,BALANCED,-11.0796
2023-07-11,SOXS,ARCX:SOXS,-59482000.0,10.0,-0.0012,3048249000.0,0.0,-59482000.0,-0.7447,-15771000.0,-30607000.0,BALANCED,-30.6186
2023-07-12,SOXS,ARCX:SOXS,-472000.0,9.44,-0.0557,3047777000.0,0.0,-472000.0,-0.0188,8419000.0,-91748000.0,BALANCED,5.5295
2023-07-13,SOXS,ARCX:SOXS,181050000.0,8.85,-0.0622,3228827000.0,181050000.0,0.0,2.0505,-8077000.0,97267000.0,ACCUMULATION,43.2617
2023-07-14,SOXS,ARCX:SOXS,-8292000.0,9.21,0.0407,3220535000.0,0.0,-8292000.0,-0.1857,116307000.0,91359000.0,BALANCED,3.3571
2023-07-17,SOXS,ARCX:SOXS,-2140000.0,8.56,-0.0707,3218395000.0,0.0,-2140000.0,-0.1029,110664000.0,-81350000.0,BALANCED,3.4275
2023-07-18,SOXS,ARCX:SOXS,-6812000.0,8.52,-0.0054,3211583000.0,0.0,-6812000.0,-0.151,163334000.0,24394000.0,BALANCED,0.2247
2023-07-19,SOXS,ARCX:SOXS,-31757000.0,8.82,0.0359,3179826000.0,0.0,-31757000.0,-0.4374,132049000.0,-1170000.0,BALANCED,-8.9361
2023-07-20,SOXS,ARCX:SOXS,92606000.0,9.8,0.1109,3272432000.0,92606000.0,0.0,0.9857,43605000.0,202778000.0,BALANCED,36.6429
2023-07-21,SOXS,ARCX:SOXS,-64771000.0,9.53,-0.028,3207661000.0,0.0,-64771000.0,-0.8524,-12874000.0,52225000.0,BALANCED,-33.3088
2023-07-24,SOXS,ARCX:SOXS,-147969000.0,9.55,0.0022,3059692000.0,0.0,-147969000.0,-1.6818,-158703000.0,35215000.0,DISTRIBUTION,-56.0445
2023-07-25,SOXS,ARCX:SOXS,11312000.0,9.05,-0.0521,3071004000.0,11312000.0,0.0,0.1321,-140579000.0,50480000.0,BALANCED,-4.6973
2023-07-26,SOXS,ARCX:SOXS,-58155000.0,9.46,0.0449,3012849000.0,0.0,-58155000.0,-0.6168,-166977000.0,-1113000.0,BALANCED,-27.4191
2023-07-27,SOXS,ARCX:SOXS,158564000.0,8.91,-0.058,3171413000.0,158564000.0,0.0,1.7027,-101019000.0,160047000.0,ACCUMULATION,34.5666
2023-07-28,SOXS,ARCX:SOXS,-6664000.0,8.33,-0.0649,3164749000.0,0.0,-6664000.0,-0.085,-42912000.0,69091000.0,BALANCED,-14.1249
2023-07-31,SOXS,ARCX:SOXS,42561000.0,8.26,-0.0079,3207310000.0,42561000.0,0.0,0.5242,147618000.0,88951000.0,BALANCED,25.1056
2023-08-01,SOXS,ARCX:SOXS,27181000.0,8.24,-0.0034,3234491000.0,27181000.0,0.0,0.3022,163487000.0,170471000.0,BALANCED,21.5561
2023-08-02,SOXS,ARCX:SOXS,-89651000.0,9.2,0.1164,3144840000.0,0.0,-89651000.0,-1.0245,131991000.0,105482000.0,BALANCED,-17.612
2023-08-03,SOXS,ARCX:SOXS,57733000.0,9.24,0.0046,3202573000.0,57733000.0,0.0,0.6316,31160000.0,-34331000.0,BALANCED,27.7902
2023-08-04,SOXS,ARCX:SOXS,-131911000.0,9.32,0.0092,3070662000.0,0.0,-131911000.0,-1.4925,-94087000.0,-33566000.0,BALANCED,-49.3129
2023-08-07,SOXS,ARCX:SOXS,4958000.0,9.01,-0.0331,3075620000.0,4958000.0,0.0,0.0392,-131690000.0,-32111000.0,BALANCED,-7.0205
2023-08-08,SOXS,ARCX:SOXS,-52576000.0,9.47,0.0509,3023044000.0,0.0,-52576000.0,-0.6297,-211447000.0,-25205000.0,BALANCED,-27.7434
2023-08-09,SOXS,ARCX:SOXS,-21008000.0,10.0,0.056,3002036000.0,0.0,-21008000.0,-0.2462,-142804000.0,-45741000.0,BALANCED,-20.1558
2023-08-10,SOXS,ARCX:SOXS,82018000.0,10.13,0.0122,3084054000.0,82018000.0,0.0,0.936,-118519000.0,-144773000.0,BALANCED,15.3988
2023-08-11,SOXS,ARCX:SOXS,-195991000.0,10.86,0.0723,2888063000.0,0.0,-195991000.0,-2.0793,-182599000.0,-332472000.0,DISTRIBUTION,-63.9827
2023-08-14,SOXS,ARCX:SOXS,-18858000.0,9.93,-0.0859,2869205000.0,0.0,-18858000.0,-0.1162,-206415000.0,-349190000.0,BALANCED,-16.9062
2023-08-15,SOXS,ARCX:SOXS,-40755000.0,10.45,0.0529,2828450000.0,0.0,-40755000.0,-0.3633,-194594000.0,-383133000.0,BALANCED,-25.0816
2023-08-16,SOXS,ARCX:SOXS,-21565000.0,11.06,0.0583,2806885000.0,0.0,-21565000.0,-0.1526,-195151000.0,-372941000.0,BALANCED,-21.8141
2023-08-17,SOXS,ARCX:SOXS,116097000.0,11.38,0.0292,2922982000.0,116097000.0,0.0,1.4845,-161072000.0,-349450000.0,BALANCED,29.112
2023-08-18,SOXS,ARCX:SOXS,-134157000.0,11.23,-0.0137,2788825000.0,0.0,-134157000.0,-1.449,-99238000.0,-418836000.0,BALANCED,-48.2252
2023-08-21,SOXS,ARCX:SOXS,-28703000.0,10.25,-0.0869,2760122000.0,0.0,-28703000.0,-0.2005,-109083000.0,-299570000.0,BALANCED,-19.0135
2023-08-22,SOXS,ARCX:SOXS,12648000.0,10.54,0.0282,2772770000.0,12648000.0,0.0,0.2569,-55680000.0,-298234000.0,BALANCED,-1.5769
2023-08-23,SOXS,ARCX:SOXS,-6420000.0,9.88,-0.0629,2766350000.0,0.0,-6420000.0,0.0349,-40535000.0,-246499000.0,BALANCED,-11.1287
2023-08-24,SOXS,ARCX:SOXS,198412000.0,10.87,0.1007,2964762000.0,198412000.0,0.0,2.3998,41780000.0,-206651000.0,ACCUMULATION,71.996
2023-08-25,SOXS,ARCX:SOXS,-155557000.0,10.73,-0.0132,2809205000.0,0.0,-155557000.0,-1.569,20380000.0,-355544000.0,DISTRIBUTION,-31.2249
2023-08-28,SOXS,ARCX:SOXS,3617000.0,10.33,-0.0368,2812822000.0,3617000.0,0.0,0.1895,52700000.0,-394488000.0,BALANCED,16.737
2023-08-29,SOXS,ARCX:SOXS,18094000.0,9.52,-0.0784,2830916000.0,18094000.0,0.0,0.3397,58146000.0,-403575000.0,BALANCED,22.4928
2023-08-30,SOXS,ARCX:SOXS,-14107000.0,9.4,-0.0124,2816809000.0,0.0,-14107000.0,-0.0222,50459000.0,-328031000.0,BALANCED,7.446
2023-08-31,SOXS,ARCX:SOXS,282427000.0,9.21,-0.0202,3099236000.0,282427000.0,0.0,2.7771,134474000.0,-103337000.0,ACCUMULATION,81.4266
2023-09-01,SOXS,ARCX:SOXS,-118088000.0,9.15,-0.0066,2981148000.0,0.0,-118088000.0,-1.05,171943000.0,-89514000.0,BALANCED,-18.251
2023-09-05,SOXS,ARCX:SOXS,2750000.0,9.17,0.0012,2983898000.0,2750000.0,0.0,0.0518,171076000.0,-91722000.0,BALANCED,13.2948
2023-09-06,SOXS,ARCX:SOXS,-61527000.0,9.39,0.0249,2922371000.0,0.0,-61527000.0,-0.5524,91455000.0,-100673000.0,BALANCED,-5.811
2023-09-07,SOXS,ARCX:SOXS,135462000.0,10.03,0.0682,3057833000.0,135462000.0,0.0,1.2758,241024000.0,55797000.0,BALANCED,43.8945
2023-09-08,SOXS,ARCX:SOXS,-237276000.0,10.21,0.0171,2820557000.0,0.0,-237276000.0,-2.0626,-278679000.0,-263497000.0,DISTRIBUTION,-63.5651
2023-09-11,SOXS,ARCX:SOXS,-8688000.0,10.22,0.0016,2811869000.0,0.0,-8688000.0,0.0281,-169279000.0,-76194000.0,BALANCED,-13.2972
2023-09-12,SOXS,ARCX:SOXS,524000.0,10.49,0.026,2812393000.0,524000.0,0.0,0.1257,-171505000.0,-56812000.0,BALANCED,-4.8581
2023-09-13,SOXS,ARCX:SOXS,-56221000.0,10.32,-0.0163,2756172000.0,0.0,-56221000.0,-0.3698,-166199000.0,-72278000.0,BALANCED,-21.2453
2023-09-14,SOXS,ARCX:SOXS,130379000.0,10.11,-0.0202,2886551000.0,130379000.0,0.0,1.2503,-171282000.0,79666000.0,BALANCED,23.258
2023-09-15,SOXS,ARCX:SOXS,-81542000.0,11.02,0.0903,2805009000.0,0.0,-81542000.0,-0.6141,-15548000.0,-117973000.0,BALANCED,-27.3523
2023-09-18,SOXS,ARCX:SOXS,-75628000.0,10.88,-0.0125,2729381000.0,0.0,-75628000.0,-0.5863,-82488000.0,-59444000.0,BALANCED,-28.6564
2023-09-19,SOXS,ARCX:SOXS,1102000.0,11.02,0.0271,2730483000.0,1102000.0,0.0,0.115,-81910000.0,-29639000.0,BALANCED,-5.1239
2023-09-20,SOXS,ARCX:SOXS,-26615000.0,11.57,0.0503,2703868000.0,0.0,-26615000.0,-0.1461,-52304000.0,-68902000.0,BALANCED,-15.6526
2023-09-21,SOXS,ARCX:SOXS,126412000.0,12.21,0.0555,2830280000.0,126412000.0,0.0,1.1783,-56271000.0,63930000.0,BALANCED,21.4579
2023-09-22,SOXS,ARCX:SOXS,-135820000.0,11.91,-0.0245,2694460000.0,0.0,-135820000.0,-1.0841,-110549000.0,-270302000.0,BALANCED,-39.1013
2023-09-25,SOXS,ARCX:SOXS,-583000.0,11.66,-0.0216,2693877000.0,0.0,-583000.0,0.0546,-35504000.0,-115328000.0,BALANCED,-12.6355
2023-09-26,SOXS,ARCX:SOXS,-4920000.0,12.3,0.0552,2688957000.0,0.0,-4920000.0,0.0101,-41526000.0,-123865000.0,BALANCED,-15.7478
2023-09-27,SOXS,ARCX:SOXS,-82120000.0,11.99,-0.0253,2606837000.0,0.0,-82120000.0,-0.6881,-97031000.0,-224079000.0,BALANCED,-35.2019
2023-09-28,SOXS,ARCX:SOXS,159196000.0,11.33,-0.0549,2766033000.0,159196000.0,0.0,1.4242,-64247000.0,-50776000.0,BALANCED,27.6056
2023-09-29,SOXS,ARCX:SOXS,-35830000.0,11.2,-0.0118,2730203000.0,0.0,-35830000.0,-0.2657,35743000.0,-369033000.0,BALANCED,1.3576
2023-10-02,SOXS,ARCX:SOXS,-48100000.0,11.06,-0.0125,2682103000.0,0.0,-48100000.0,-0.4112,-11774000.0,-299045000.0,BALANCED,-24.279
2023-10-03,SOXS,ARCX:SOXS,7652000.0,11.77,0.0647,2689755000.0,7652000.0,0.0,0.0924,798000.0,-294143000.0,BALANCED,14.309
2023-10-04,SOXS,ARCX:SOXS,-72081000.0,11.26,-0.0433,2617674000.0,0.0,-72081000.0,-0.6142,10837000.0,-304697000.0,BALANCED,-7.3544
2023-10-05,SOXS,ARCX:SOXS,133332000.0,11.44,0.0162,2751006000.0,133332000.0,0.0,1.1968,-15027000.0,-306827000.0,BALANCED,21.9188
2023-10-06,SOXS,ARCX:SOXS,-5906000.0,10.74,-0.0617,2745100000.0,0.0,-5906000.0,0.0134,14897000.0,-75457000.0,BALANCED,8.3361
2023-10-09,SOXS,ARCX:SOXS,-26499000.0,10.82,0.0072,2718601000.0,0.0,-26499000.0,-0.231,36498000.0,-93268000.0,BALANCED,0.2254
2023-10-10,SOXS,ARCX:SOXS,-8329000.0,10.41,-0.0374,2710272000.0,0.0,-8329000.0,-0.0483,20517000.0,-102121000.0,BALANCED,2.7922
2023-10-11,SOXS,ARCX:SOXS,-32553000.0,10.17,-0.0229,2677719000.0,0.0,-32553000.0,-0.2699,60045000.0,-78453000.0,BALANCED,-4.7472
2023-10-12,SOXS,ARCX:SOXS,223799000.0,10.1,-0.0068,2901518000.0,223799000.0,0.0,2.0105,150512000.0,14967000.0,ACCUMULATION,62.2613
2023-10-13,SOXS,ARCX:SOXS,-38345000.0,10.96,0.0843,2863173000.0,0.0,-38345000.0,-0.3156,118073000.0,58164000.0,BALANCED,0.1101
2023-10-16,SOXS,ARCX:SOXS,-124148000.0,10.48,-0.0437,2739025000.0,0.0,-124148000.0,-1.199,20424000.0,9644000.0,BALANCED,-23.9749
2023-10-17,SOXS,ARCX:SOXS,-61204000.0,10.74,0.0249,2677821000.0,0.0,-61204000.0,-0.5243,-32451000.0,-52662000.0,BALANCED,-29.1084
2023-10-18,SOXS,ARCX:SOXS,-115983000.0,11.32,0.0538,2561838000.0,0.0,-115983000.0,-1.0527,-115881000.0,-142030000.0,BALANCED,-44.3186
2023-10-19,SOXS,ARCX:SOXS,213057000.0,11.84,0.0461,2774895000.0,213057000.0,0.0,2.1466,-126623000.0,-55385000.0,ACCUMULATION,45.6648
2023-10-20,SOXS,ARCX:SOXS,-173999000.0,12.38,0.0463,2600896000.0,0.0,-173999000.0,-1.6767,-262277000.0,-93564000.0,DISTRIBUTION,-53.9175
2023-10-23,SOXS,ARCX:SOXS,-1258000.0,12.58,0.0156,2599638000.0,0.0,-1258000.0,0.0585,-139387000.0,-94239000.0,BALANCED,-12.5373
2023-10-24,SOXS,ARCX:SOXS,-79066000.0,12.07,-0.0403,2520572000.0,0.0,-79066000.0,-0.6916,-157249000.0,-168385000.0,BALANCED,-33.2893
2023-10-25,SOXS,ARCX:SOXS,-212250000.0,13.56,0.1235,2308322000.0,0.0,-212250000.0,-1.851,-253516000.0,-298515000.0,DISTRIBUTION,-64.2747
2023-10-26,SOXS,ARCX:SOXS,154467000.0,13.79,0.0169,2462789000.0,154467000.0,0.0,1.5637,-312106000.0,-303244000.0,ACCUMULATION,31.0914
2023-10-27,SOXS,ARCX:SOXS,-44815000.0,13.38,-0.03,2417974000.0,0.0,-44815000.0,-0.2976,-182922000.0,-312229000.0,BALANCED,-19.4402
2023-10-30,SOXS,ARCX:SOXS,0.0,13.95,0.0425,2417974000.0,0.0,0.0,0.0974,-181664000.0,-264129000.0,BALANCED,-7.5655
2023-10-31,SOXS,ARCX:SOXS,-63669000.0,13.55,-0.0286,2354305000.0,0.0,-63669000.0,-0.4778,-166267000.0,-335450000.0,BALANCED,-23.945
2023-11-01,SOXS,ARCX:SOXS,-82406000.0,12.58,-0.0713,2271899000.0,0.0,-82406000.0,-0.6312,-36423000.0,-345775000.0,BALANCED,-29.7795
2023-11-02,SOXS,ARCX:SOXS,197196000.0,11.7,-0.0698,2469095000.0,197196000.0,0.0,1.8742,6306000.0,-281911000.0,ACCUMULATION,58.8548
2023-11-03,SOXS,ARCX:SOXS,15144000.0,10.82,-0.0757,2484239000.0,15144000.0,0.0,0.2028,66265000.0,-260861000.0,BALANCED,19.0692
2023-11-06,SOXS,ARCX:SOXS,11441000.0,10.9,0.0073,2495680000.0,11441000.0,0.0,0.1651,77706000.0,-222921000.0,BALANCED,20.1283
2023-11-07,SOXS,ARCX:SOXS,49766000.0,10.7,-0.0178,2545446000.0,49766000.0,0.0,0.4969,191141000.0,-164826000.0,BALANCED,30.423
2023-11-08,SOXS,ARCX:SOXS,-22395000.0,10.66,-0.0036,2523051000.0,0.0,-22395000.0,-0.1801,251152000.0,-154668000.0,BALANCED,3.4984
2023-11-09,SOXS,ARCX:SOXS,291733000.0,10.85,0.017,2814784000.0,291733000.0,0.0,2.4591,345689000.0,-86734000.0,ACCUMULATION,73.4784
2023-11-10,SOXS,ARCX:SOXS,4757000.0,9.51,-0.1228,2819541000.0,4757000.0,0.0,0.0151,335302000.0,-43632000.0,BALANCED,14.3777
2023-11-13,SOXS,ARCX:SOXS,4904000.0,9.81,0.0309,2824445000.0,4904000.0,0.0,0.0014,328765000.0,85420000.0,BALANCED,16.0339
2023-11-14,SOXS,ARCX:SOXS,4802000.0,8.73,-0.1097,2829247000.0,4802000.0,0.0,0.0013,283801000.0,151426000.0,BALANCED,18.0324
2023-11-15,SOXS,ARCX:SOXS,-4699000.0,8.54,-0.0215,2824548000.0,0.0,-4699000.0,-0.0995,301497000.0,262710000.0,BALANCED,5.5115
2023-11-16,SOXS,ARCX:SOXS,241093000.0,8.52,-0.0028,3065641000.0,241093000.0,0.0,1.8895,250857000.0,290746000.0,ACCUMULATION,59.237
2023-11-17,SOXS,ARCX:SOXS,-68555000.0,8.36,-0.0186,2997086000.0,0.0,-68555000.0,-0.6263,177545000.0,396190000.0,BALANCED,-7.6577
2023-11-20,SOXS,ARCX:SOXS,-49954000.0,7.99,-0.044,2947132000.0,0.0,-49954000.0,-0.4674,122687000.0,347494000.0,BALANCED,-5.685
2023-11-21,SOXS,ARCX:SOXS,-1268000.0,8.45,0.0573,2945864000.0,0.0,-1268000.0,-0.0741,116617000.0,425292000.0,BALANCED,2.1484
2023-11-22,SOXS,ARCX:SOXS,163753000.0,8.38,-0.0088,3109617000.0,163753000.0,0.0,1.1843,285069000.0,801295000.0,BALANCED,41.6087
2023-11-24,SOXS,ARCX:SOXS,-64715000.0,8.35,-0.0031,3044902000.0,0.0,-64715000.0,-0.5769,-20739000.0,582113000.0,BALANCED,-26.4223
2023-11-27,SOXS,ARCX:SOXS,-841000.0,8.41,0.0074,3044061000.0,0.0,-841000.0,-0.0572,46975000.0,626087000.0,BALANCED,4.5709
2023-11-28,SOXS,ARCX:SOXS,-1711000.0,8.55,0.0169,3042350000.0,0.0,-1711000.0,-0.1005,95218000.0,624376000.0,BALANCED,1.4884
2023-11-29,SOXS,ARCX:SOXS,-84975000.0,8.29,-0.0309,2957375000.0,0.0,-84975000.0,-0.7974,11511000.0,603070000.0,BALANCED,-17.9352
2023-11-30,SOXS,ARCX:SOXS,199337000.0,8.46,0.021,3156712000.0,199337000.0,0.0,1.487,47095000.0,884813000.0,BALANCED,49.1756
2023-12-01,SOXS,ARCX:SOXS,-91367000.0,8.34,-0.0142,3065345000.0,0.0,-91367000.0,-0.8663,20443000.0,596250000.0,BALANCED,-13.6584
2023-12-04,SOXS,ARCX:SOXS,-3887000.0,8.64,0.0353,3061458000.0,0.0,-3887000.0,-0.1727,17397000.0,577219000.0,BALANCED,1.6832
2023-12-05,SOXS,ARCX:SOXS,-55407000.0,8.79,0.0181,3006051000.0,0.0,-55407000.0,-0.6149,-36299000.0,510371000.0,BALANCED,-31.373
2023-12-06,SOXS,ARCX:SOXS,-128744000.0,8.97,0.0201,2877307000.0,0.0,-128744000.0,-1.2347,-80068000.0,331861000.0,BALANCED,-48.8675
2023-12-07,SOXS,ARCX:SOXS,165594000.0,8.24,-0.0817,3042901000.0,165594000.0,0.0,1.294,-113811000.0,519850000.0,BALANCED,24.3494
2023-12-08,SOXS,ARCX:SOXS,4435000.0,8.06,-0.0212,3047336000.0,4435000.0,0.0,-0.1416,-18009000.0,232552000.0,BALANCED,-9.5399
2023-12-11,SOXS,ARCX:SOXS,14869000.0,7.25,-0.1006,3062205000.0,14869000.0,0.0,-0.0626,747000.0,242664000.0,BALANCED,14.4362
2023-12-12,SOXS,ARCX:SOXS,11347000.0,7.09,-0.0223,3073552000.0,11347000.0,0.0,-0.0995,67501000.0,249107000.0,BALANCED,15.5115
2023-12-13,SOXS,ARCX:SOXS,-33511000.0,6.77,-0.0454,3040041000.0,0.0,-33511000.0,-0.5377,162734000.0,210794000.0,BALANCED,-5.4417
2023-12-14,SOXS,ARCX:SOXS,189648000.0,6.21,-0.083,3229689000.0,189648000.0,0.0,1.4718,186788000.0,405141000.0,BALANCED,48.7956
2023-12-15,SOXS,ARCX:SOXS,19644000.0,6.14,-0.0111,3249333000.0,19644000.0,0.0,-0.0621,201997000.0,183692000.0,BALANCED,12.4481
2023-12-18,SOXS,ARCX:SOXS,19225000.0,6.2,0.0102,3268558000.0,19225000.0,0.0,-0.0675,206353000.0,271472000.0,BALANCED,14.3126
2023-12-19,SOXS,ARCX:SOXS,6710000.0,6.1,-0.0163,3275268000.0,6710000.0,0.0,-0.188,201716000.0,328136000.0,BALANCED,13.3001
2023-12-20,SOXS,ARCX:SOXS,-106647000.0,6.64,0.0892,3168621000.0,0.0,-106647000.0,-1.2109,128580000.0,222757000.0,BALANCED,-22.2728
2023-12-21,SOXS,ARCX:SOXS,129770000.0,6.02,-0.0833,3298391000.0,129770000.0,0.0,0.9737,68702000.0,188774000.0,BALANCED,36.343
2023-12-22,SOXS,ARCX:SOXS,2991000.0,5.98,-0.0065,3301382000.0,2991000.0,0.0,-0.1404,52049000.0,256480000.0,BALANCED,10.4895
2023-12-26,SOXS,ARCX:SOXS,-11056000.0,5.67,-0.0523,3290326000.0,0.0,-11056000.0,-0.2836,21768000.0,246265000.0,BALANCED,0.9102
2023-12-27,SOXS,ARCX:SOXS,-66262000.0,5.64,-0.0054,3224064000.0,0.0,-66262000.0,-0.8334,-51204000.0,181714000.0,BALANCED,-34.8353
2023-12-28,SOXS,ARCX:SOXS,117526000.0,5.66,0.0044,3341590000.0,117526000.0,0.0,1.0319,172969000.0,384215000.0,BALANCED,37.7974
2023-12-29,SOXS,ARCX:SOXS,-27888000.0,5.81,0.0258,3313702000.0,0.0,-27888000.0,-0.4527,15311000.0,156990000.0,BALANCED,-3.3184
2024-01-02,SOXS,ARCX:SOXS,-1288000.0,6.44,0.1083,3312414000.0,0.0,-1288000.0,-0.1082,11032000.0,247069000.0,BALANCED,3.2946
2024-01-03,SOXS,ARCX:SOXS,-189560000.0,6.86,0.0647,3122854000.0,0.0,-189560000.0,-2.0586,-167472000.0,61396000.0,DISTRIBUTION,-67.4659
2024-01-04,SOXS,ARCX:SOXS,95316000.0,7.03,0.0261,3218170000.0,95316000.0,0.0,0.9085,-5894000.0,212119000.0,BALANCED,14.7132
2024-01-05,SOXS,ARCX:SOXS,-126228000.0,6.92,-0.0167,3091942000.0,0.0,-126228000.0,-1.336,-249648000.0,214635000.0,BALANCED,-45.401
2024-01-08,SOXS,ARCX:SOXS,5620000.0,6.24,-0.0972,3097562000.0,5620000.0,0.0,0.0645,-216140000.0,54661000.0,BALANCED,-6.3887
2024-01-09,SOXS,ARCX:SOXS,2811000.0,6.25,0.0003,3100373000.0,2811000.0,0.0,0.0104,-212041000.0,53037000.0,BALANCED,-5.7404
2024-01-10,SOXS,ARCX:SOXS,-70750000.0,6.32,0.0114,3029623000.0,0.0,-70750000.0,-0.7509,-93231000.0,-32582000.0,BALANCED,-30.7722
2024-01-11,SOXS,ARCX:SOXS,195952000.0,6.24,-0.0121,3225575000.0,195952000.0,0.0,1.8944,7405000.0,152023000.0,ACCUMULATION,59.3594
2024-01-12,SOXS,ARCX:SOXS,-70984000.0,6.34,0.0156,3154591000.0,0.0,-70984000.0,-0.7771,62649000.0,114550000.0,BALANCED,-11.4268
2024-01-16,SOXS,ARCX:SOXS,-4558000.0,6.08,-0.0411,3150033000.0,0.0,-4558000.0,-0.0466,52471000.0,-79656000.0,BALANCED,4.8338
2024-01-17,SOXS,ARCX:SOXS,-82812000.0,6.25,0.0284,3067221000.0,0.0,-82812000.0,-0.8944,-33152000.0,-182112000.0,BALANCED,-38.3603
2024-01-18,SOXS,ARCX:SOXS,245239000.0,5.63,-0.099,3312460000.0,245239000.0,0.0,2.3022,282837000.0,43902000.0,ACCUMULATION,69.5545
2024-01-19,SOXS,ARCX:SOXS,-29584000.0,4.97,-0.117,3282876000.0,0.0,-29584000.0,-0.3789,57301000.0,7608000.0,BALANCED,-1.4713
2024-01-22,SOXS,ARCX:SOXS,16243000.0,4.92,-0.01,3299119000.0,16243000.0,0.0,0.022,144528000.0,130498000.0,BALANCED,12.5507
2024-01-23,SOXS,ARCX:SOXS,0.0,4.83,-0.0187,3299119000.0,0.0,0.0,-0.09,149086000.0,728000.0,BALANCED,7.7493
2024-01-24,SOXS,ARCX:SOXS,-12256000.0,4.62,-0.0425,3286863000.0,0.0,-12256000.0,-0.2132,219642000.0,-14519000.0,BALANCED,2.6703
2024-01-25,SOXS,ARCX:SOXS,69787000.0,4.67,0.0093,3356650000.0,69787000.0,0.0,0.6273,44190000.0,66324000.0,BALANCED,27.6823
2024-01-26,SOXS,ARCX:SOXS,-59236000.0,5.06,0.0846,3297414000.0,0.0,-59236000.0,-0.6917,14538000.0,73350000.0,BALANCED,-9.2917
2024-01-29,SOXS,ARCX:SOXS,-16901000.0,4.9,-0.0324,3280513000.0,0.0,-16901000.0,-0.2589,-18606000.0,-61077000.0,BALANCED,-20.4729
2024-01-30,SOXS,ARCX:SOXS,0.0,5.12,0.0459,3280513000.0,0.0,0.0,-0.0188,-18606000.0,-33189000.0,BALANCED,-10.471
2024-01-31,SOXS,ARCX:SOXS,-65220000.0,5.35,0.0434,3215293000.0,0.0,-65220000.0,-0.7069,-71570000.0,-97121000.0,BALANCED,-29.6716
2024-02-01,SOXS,ARCX:SOXS,18471000.0,5.28,-0.0128,3233764000.0,18471000.0,0.0,0.2165,-122886000.0,110910000.0,BALANCED,-2.5864
2024-02-02,SOXS,ARCX:SOXS,-28195000.0,5.08,-0.0374,3205569000.0,0.0,-28195000.0,-0.285,-91845000.0,-12601000.0,BALANCED,-19.1252
2024-02-05,SOXS,ARCX:SOXS,-3891000.0,4.86,-0.0426,3201678000.0,0.0,-3891000.0,-0.0563,-78835000.0,109736000.0,BALANCED,-15.4086
2024-02-06,SOXS,ARCX:SOXS,-4295000.0,5.05,0.0389,3197383000.0,0.0,-4295000.0,-0.0109,-83130000.0,99821000.0,BALANCED,-16.2723
2024-02-07,SOXS,ARCX:SOXS,-3612000.0,4.82,-0.0469,3193771000.0,0.0,-3612000.0,-0.0003,-21522000.0,93398000.0,BALANCED,-18.0073
2024-02-08,SOXS,ARCX:SOXS,56898000.0,4.57,-0.051,3250669000.0,56898000.0,0.0,0.6777,16905000.0,221046000.0,BALANCED,28.9431
2024-02-09,SOXS,ARCX:SOXS,27980000.0,4.3,-0.0581,3278649000.0,27980000.0,0.0,0.3072,73080000.0,53074000.0,BALANCED,21.679
2024-02-12,SOXS,ARCX:SOXS,10183000.0,4.33,0.0066,3288832000.0,10183000.0,0.0,0.145,87154000.0,134241000.0,BALANCED,19.6253
2024-02-13,SOXS,ARCX:SOXS,35193000.0,4.6,0.0617,3324025000.0,35193000.0,0.0,0.4226,126642000.0,173992000.0,BALANCED,28.565
2024-02-14,SOXS,ARCX:SOXS,-65401000.0,4.29,-0.0678,3258624000.0,0.0,-65401000.0,-0.7633,64853000.0,191403000.0,BALANCED,-11.0825
2024-02-15,SOXS,ARCX:SOXS,155461000.0,4.31,0.0042,3414085000.0,155461000.0,0.0,1.8156,163416000.0,101625000.0,ACCUMULATION,57.3902
2024-02-16,SOXS,ARCX:SOXS,0.0,4.39,0.0204,3414085000.0,0.0,0.0,-0.083,135436000.0,131209000.0,BALANCED,7.924
2024-02-20,SOXS,ARCX:SOXS,693000.0,4.62,0.0513,3414778000.0,693000.0,0.0,-0.135,125946000.0,115659000.0,BALANCED,8.6242
2024-02-21,SOXS,ARCX:SOXS,-126382000.0,4.65,0.0058,3288396000.0,0.0,-126382000.0,-1.6876,-35629000.0,-10723000.0,DISTRIBUTION,-54.1897
2024-02-22,SOXS,ARCX:SOXS,104014000.0,3.95,-0.1504,3392410000.0,104014000.0,0.0,1.1691,133786000.0,105547000.0,BALANCED,41.2263
2024-02-23,SOXS,ARCX:SOXS,16183000.0,4.1,0.0379,3408593000.0,16183000.0,0.0,0.0448,-5492000.0,51943000.0,BALANCED,-4.8793
2024-02-26,SOXS,ARCX:SOXS,-9141000.0,3.97,-0.0299,3399452000.0,0.0,-9141000.0,-0.2095,-14633000.0,102038000.0,BALANCED,-17.238
2024-02-27,SOXS,ARCX:SOXS,38942000.0,3.99,0.005,3438394000.0,38942000.0,0.0,0.421,23616000.0,157881000.0,BALANCED,22.526
2024-02-28,SOXS,ARCX:SOXS,-43726000.0,4.13,0.0328,3394668000.0,0.0,-43726000.0,-0.7343,106272000.0,114155000.0,BALANCED,-10.3571
2024-02-29,SOXS,ARCX:SOXS,58804000.0,3.79,-0.0803,3453472000.0,58804000.0,0.0,0.6649,61062000.0,238179000.0,BALANCED,28.6216
2024-03-01,SOXS,ARCX:SOXS,171701000.0,3.31,-0.1263,3625173000.0,171701000.0,0.0,2.6253,216580000.0,391409000.0,ACCUMULATION,79.6322
2024-03-04,SOXS,ARCX:SOXS,19646000.0,3.22,-0.0284,3644819000.0,19646000.0,0.0,0.1243,245367000.0,439250000.0,BALANCED,19.108
2024-03-05,SOXS,ARCX:SOXS,6656000.0,3.41,0.0598,3651475000.0,6656000.0,0.0,-0.0835,213081000.0,449797000.0,BALANCED,15.9137
2024-03-06,SOXS,ARCX:SOXS,-61237000.0,3.16,-0.0728,3590238000.0,0.0,-61237000.0,-1.1369,195570000.0,392855000.0,BALANCED,-20.4218
2024-03-07,SOXS,ARCX:SOXS,71627000.0,2.84,-0.1036,3661865000.0,71627000.0,0.0,0.9347,208393000.0,468094000.0,BALANCED,35.3682
2024-03-08,SOXS,ARCX:SOXS,40806000.0,3.19,0.1238,3702671000.0,40806000.0,0.0,0.4678,77498000.0,452002000.0,BALANCED,25.696
2024-03-11,SOXS,ARCX:SOXS,-95352000.0,3.32,0.0403,3607319000.0,0.0,-95352000.0,-1.6436,-37500000.0,328670000.0,DISTRIBUTION,-53.0893
2024-03-12,SOXS,ARCX:SOXS,-2483000.0,3.1,-0.0642,3604836000.0,0.0,-2483000.0,-0.2073,-46639000.0,316004000.0,BALANCED,-19.1813
2024-03-13,SOXS,ARCX:SOXS,-85661000.0,3.34,0.076,3519175000.0,0.0,-85661000.0,-1.4077,-71063000.0,195150000.0,BALANCED,-51.1918
2024-03-14,SOXS,ARCX:SOXS,16712000.0,3.52,0.0535,3535887000.0,16712000.0,0.0,0.0926,-125978000.0,277263000.0,BALANCED,-5.6847
2024-03-15,SOXS,ARCX:SOXS,-100243000.0,3.59,0.0194,3435644000.0,0.0,-100243000.0,-1.5706,-267027000.0,21559000.0,DISTRIBUTION,-51.2638
2024-03-18,SOXS,ARCX:SOXS,-1620000.0,3.6,0.0035,3434024000.0,0.0,-1620000.0,-0.1362,-173295000.0,19939000.0,BALANCED,-17.4046
2024-03-19,SOXS,ARCX:SOXS,-4751000.0,3.65,0.027,3429273000.0,0.0,-4751000.0,-0.1819,-175563000.0,14495000.0,BALANCED,-20.548
2024-03-20,SOXS,ARCX:SOXS,-33111000.0,3.47,-0.0513,3396162000.0,0.0,-33111000.0,-0.5827,-123013000.0,107766000.0,BALANCED,-32.5672
2024-03-21,SOXS,ARCX:SOXS,34890000.0,3.23,-0.0682,3431052000.0,34890000.0,0.0,0.3947,-104835000.0,38642000.0,BALANCED,1.8673
2024-03-22,SOXS,ARCX:SOXS,-68501000.0,3.23,0.0002,3362551000.0,0.0,-68501000.0,-1.0455,-73093000.0,-46042000.0,BALANCED,-38.1364
2024-03-25,SOXS,ARCX:SOXS,7524000.0,3.27,0.0124,3370075000.0,7524000.0,0.0,0.0649,-63949000.0,-29377000.0,BALANCED,-6.3768
2024-03-26,SOXS,ARCX:SOXS,0.0,3.34,0.0216,3370075000.0,0.0,0.0,-0.0393,-59198000.0,-68319000.0,BALANCED,-10.9822
2024-03-27,SOXS,ARCX:SOXS,10138000.0,3.22,-0.037,3380213000.0,10138000.0,0.0,0.1203,-15949000.0,-14455000.0,BALANCED,-4.9913
2024-03-28,SOXS,ARCX:SOXS,-49387000.0,3.22,-0.0003,3330826000.0,0.0,-49387000.0,-0.7595,-100226000.0,-122646000.0,BALANCED,-30.9872
2024-04-01,SOXS,ARCX:SOXS,12308000.0,3.12,-0.0315,3343134000.0,12308000.0,0.0,0.2373,-19417000.0,-282039000.0,BALANCED,-2.067
2024-04-02,SOXS,ARCX:SOXS,41645000.0,3.27,0.0483,3384779000.0,41645000.0,0.0,0.6836,14704000.0,-260040000.0,BALANCED,31.0903
2024-04-03,SOXS,ARCX:SOXS,12940000.0,3.24,-0.0096,3397719000.0,12940000.0,0.0,0.2165,27644000.0,-253756000.0,BALANCED,21.4122
2024-04-04,SOXS,ARCX:SOXS,13002000.0,3.51,0.0862,3410721000.0,13002000.0,0.0,0.1546,30508000.0,-179517000.0,BALANCED,21.8653
2024-04-05,SOXS,ARCX:SOXS,27617000.0,3.39,-0.0357,3438338000.0,27617000.0,0.0,0.4763,107512000.0,-223527000.0,BALANCED,31.9068
2024-04-08,SOXS,ARCX:SOXS,26459000.0,3.37,-0.0053,3464797000.0,26459000.0,0.0,0.4478,121663000.0,-237874000.0,BALANCED,33.196
2024-04-09,SOXS,ARCX:SOXS,0.0,3.26,-0.0323,3464797000.0,0.0,0.0,-0.0397,80018000.0,-142522000.0,BALANCED,9.0074
2024-04-10,SOXS,ARCX:SOXS,-64681000.0,3.44,0.0548,3400116000.0,0.0,-64681000.0,-1.1379,2397000.0,-204720000.0,BALANCED,-20.4475
2024-04-11,SOXS,ARCX:SOXS,43274000.0,3.21,-0.0683,3443390000.0,43274000.0,0.0,0.7478,32669000.0,-75785000.0,BALANCED,30.694
2024-04-12,SOXS,ARCX:SOXS,-705651000.0,3.53,0.1024,2737739000.0,0.0,-705651000.0,-4.874,-700599000.0,-798148000.0,DISTRIBUTION,-100.0
2024-04-15,SOXS,ARCX:SOXS,724929000.0,36.67,0.0377,3462668000.0,724929000.0,0.0,3.7851,-2129000.0,27024000.0,ACCUMULATION,86.6274
2024-04-16,SOXS,ARCX:SOXS,0.0,35.9,-0.0211,3462668000.0,0.0,0.0,0.0315,-2129000.0,28644000.0,BALANCED,-9.2131
2024-04-17,SOXS,ARCX:SOXS,-19607000.0,39.21,0.0924,3443061000.0,0.0,-19607000.0,-0.0656,42945000.0,13788000.0,BALANCED,6.3593
2024-04-18,SOXS,ARCX:SOXS,49575000.0,41.31,0.0535,3492636000.0,49575000.0,0.0,0.2739,49246000.0,96474000.0,BALANCED,18.8472
2024-04-19,SOXS,ARCX:SOXS,-194229000.0,46.25,0.1194,3298407000.0,0.0,-194229000.0,-0.9319,560668000.0,-132645000.0,BALANCED,-15.2983
2024-04-22,SOXS,ARCX:SOXS,-11047000.0,44.04,-0.0476,3287360000.0,0.0,-11047000.0,0.0143,-175308000.0,-75191000.0,BALANCED,-13.6417
2024-04-23,SOXS,ARCX:SOXS,4130000.0,41.3,-0.0623,3291490000.0,4130000.0,0.0,0.0753,-171178000.0,-78585000.0,BALANCED,-6.1167
2024-04-24,SOXS,ARCX:SOXS,-128871000.0,39.65,-0.0399,3162619000.0,0.0,-128871000.0,-0.583,-280442000.0,-207456000.0,BALANCED,-26.5756
2024-04-25,SOXS,ARCX:SOXS,58136000.0,37.51,-0.0541,3220755000.0,58136000.0,0.0,0.3479,-271881000.0,-159458000.0,BALANCED,0.6965
2024-04-26,SOXS,ARCX:SOXS,26396000.0,35.2,-0.0616,3247151000.0,26396000.0,0.0,0.184,-51256000.0,-83675000.0,BALANCED,-1.4002
2024-04-29,SOXS,ARCX:SOXS,32707000.0,34.43,-0.0218,3279858000.0,32707000.0,0.0,0.1942,-7502000.0,-63276000.0,BALANCED,0.8551
2024-04-30,SOXS,ARCX:SOXS,14640000.0,36.6,0.0631,3294498000.0,14640000.0,0.0,0.0988,3008000.0,-90281000.0,BALANCED,20.4708
2024-05-01,SOXS,ARCX:SOXS,0.0,40.35,0.1025,3294498000.0,0.0,0.0,0.023,131879000.0,-103221000.0,BALANCED,10.5754
2024-05-02,SOXS,ARCX:SOXS,9401000.0,37.6,-0.0681,3303899000.0,9401000.0,0.0,0.0639,83144000.0,-106822000.0,BALANCED,13.5985
2024-05-03,SOXS,ARCX:SOXS,19310000.0,35.11,-0.0663,3323209000.0,19310000.0,0.0,0.1174,76058000.0,-115129000.0,BALANCED,16.9358
2024-05-06,SOXS,ARCX:SOXS,11535000.0,32.96,-0.0613,3334744000.0,11535000.0,0.0,0.064,54886000.0,-130053000.0,BALANCED,17.6003
2024-05-07,SOXS,ARCX:SOXS,47331000.0,33.81,0.0258,3382075000.0,47331000.0,0.0,0.2408,87577000.0,-82722000.0,BALANCED,24.0208
2024-05-08,SOXS,ARCX:SOXS,-26970000.0,33.71,-0.0028,3355105000.0,0.0,-26970000.0,-0.1358,60607000.0,-45011000.0,BALANCED,4.6051
2024-05-09,SOXS,ARCX:SOXS,29051000.0,34.18,0.0138,3384156000.0,29051000.0,0.0,0.1483,80257000.0,-59234000.0,BALANCED,15.7076
2024-05-10,SOXS,ARCX:SOXS,0.0,33.2,-0.0286,3384156000.0,0.0,0.0,-0.0091,60947000.0,646417000.0,BALANCED,9.7718
2024-05-13,SOXS,ARCX:SOXS,4954000.0,33.03,-0.0053,3389110000.0,4954000.0,0.0,0.0176,54366000.0,-73558000.0,BALANCED,12.4392
2024-05-14,SOXS,ARCX:SOXS,21977000.0,31.4,-0.0493,3411087000.0,21977000.0,0.0,0.1084,29012000.0,-51581000.0,BALANCED,16.7099
2024-05-15,SOXS,ARCX:SOXS,1437000.0,28.74,-0.0846,3412524000.0,1437000.0,0.0,0.0048,57419000.0,-30537000.0,BALANCED,16.1212
2024-05-16,SOXS,ARCX:SOXS,21924000.0,29.23,0.0171,3434448000.0,21924000.0,0.0,0.1086,50292000.0,-58188000.0,BALANCED,20.7139
2024-05-17,SOXS,ARCX:SOXS,-17864000.0,29.77,0.0185,3416584000.0,0.0,-17864000.0,-0.0881,32428000.0,118177000.0,BALANCED,5.7986
2024-05-20,SOXS,ARCX:SOXS,25020000.0,27.8,-0.0663,3441604000.0,25020000.0,0.0,0.1325,52494000.0,154244000.0,BALANCED,15.3131
2024-05-21,SOXS,ARCX:SOXS,-1404000.0,28.08,0.0101,3440200000.0,0.0,-1404000.0,-0.003,29113000.0,148710000.0,BALANCED,7.925
2024-05-22,SOXS,ARCX:SOXS,-46098000.0,27.12,-0.0344,3394102000.0,0.0,-46098000.0,-0.236,-18422000.0,231483000.0,BALANCED,-19.901
2024-05-23,SOXS,ARCX:SOXS,173305000.0,27.51,0.0145,3567407000.0,173305000.0,0.0,0.8592,132959000.0,346652000.0,BALANCED,33.4811
2024-05-24,SOXS,ARCX:SOXS,31197000.0,26.0,-0.055,3598604000.0,31197000.0,0.0,0.0173,182020000.0,351453000.0,BALANCED,14.4337
2024-05-28,SOXS,ARCX:SOXS,23485000.0,24.72,-0.0491,3622089000.0,23485000.0,0.0,0.3066,180485000.0,342231000.0,BALANCED,23.6652
2024-05-29,SOXS,ARCX:SOXS,-59066000.0,26.25,0.0619,3563023000.0,0.0,-59066000.0,-1.033,122823000.0,268525000.0,BALANCED,-17.8253
2024-05-30,SOXS,ARCX:SOXS,0.0,26.78,0.0202,3563023000.0,0.0,0.0,-0.0664,168921000.0,268525000.0,BALANCED,8.3412
2024-05-31,SOXS,ARCX:SOXS,-53664000.0,27.52,0.0275,3509359000.0,0.0,-53664000.0,-0.8959,-58048000.0,205460000.0,BALANCED,-34.3979
2024-06-03,SOXS,ARCX:SOXS,9588000.0,27.39,-0.0046,3518947000.0,9588000.0,0.0,0.0465,-79657000.0,195738000.0,BALANCED,-6.8364
2024-06-04,SOXS,ARCX:SOXS,2803000.0,28.03,0.0234,3521750000.0,2803000.0,0.0,-0.1045,-100339000.0,187006000.0,BALANCED,-8.6126
2024-06-05,SOXS,ARCX:SOXS,111947000.0,24.34,-0.1319,3633697000.0,111947000.0,0.0,1.95,70674000.0,251622000.0,ACCUMULATION,64.7496
2024-06-06,SOXS,ARCX:SOXS,19988000.0,24.99,0.0267,3653685000.0,19988000.0,0.0,0.0818,90662000.0,298580000.0,BALANCED,20.0453
2024-06-07,SOXS,ARCX:SOXS,0.0,25.26,0.0108,3653685000.0,0.0,0.0,-0.3309,144326000.0,269529000.0,BALANCED,1.7278
2024-06-10,SOXS,ARCX:SOXS,28981000.0,24.15,-0.0438,3682666000.0,28981000.0,0.0,0.3314,163719000.0,298510000.0,BALANCED,20.2859
2024-06-11,SOXS,ARCX:SOXS,-9653000.0,24.13,-0.0008,3673013000.0,0.0,-9653000.0,-0.5206,151263000.0,283903000.0,BALANCED,-5.0146
2024-06-12,SOXS,ARCX:SOXS,67314000.0,22.07,-0.0854,3740327000.0,67314000.0,0.0,1.1702,106630000.0,329240000.0,BALANCED,41.255
2024-06-13,SOXS,ARCX:SOXS,50128000.0,21.33,-0.0335,3790455000.0,50128000.0,0.0,0.7435,136770000.0,377931000.0,BALANCED,32.5886
2024-06-14,SOXS,ARCX:SOXS,12993000.0,21.65,0.0152,3803448000.0,12993000.0,0.0,-0.081,149763000.0,369000000.0,BALANCED,13.975
2024-06-17,SOXS,ARCX:SOXS,26800000.0,20.62,-0.048,3830248000.0,26800000.0,0.0,0.219,147582000.0,413664000.0,BALANCED,23.4744
2024-06-18,SOXS,ARCX:SOXS,97240000.0,19.84,-0.0374,3927488000.0,97240000.0,0.0,1.6311,254475000.0,485884000.0,ACCUMULATION,60.7767
2024-06-20,SOXS,ARCX:SOXS,-41905000.0,21.49,0.0829,3885583000.0,0.0,-41905000.0,-1.21,145256000.0,445383000.0,BALANCED,-22.2512
2024-06-21,SOXS,ARCX:SOXS,-42161000.0,22.19,0.0326,3843422000.0,0.0,-42161000.0,-1.1914,52967000.0,449320000.0,BALANCED,-23.7851
2024-06-24,SOXS,ARCX:SOXS,-86718000.0,24.09,0.0855,3756704000.0,0.0,-86718000.0,-1.8902,-46744000.0,189297000.0,DISTRIBUTION,-63.2558
2024-06-25,SOXS,ARCX:SOXS,-32912000.0,22.7,-0.0463,3723792000.0,0.0,-32912000.0,-0.8337,-106456000.0,125188000.0,BALANCED,-38.8427
2024-06-26,SOXS,ARCX:SOXS,-11487000.0,22.98,0.0122,3712305000.0,0.0,-11487000.0,-0.4184,-215183000.0,90216000.0,BALANCED,-30.4589
2024-06-27,SOXS,ARCX:SOXS,-16346000.0,23.35,0.0164,3695959000.0,0.0,-16346000.0,-0.484,-189624000.0,132936000.0,BALANCED,-34.1004
2024-06-28,SOXS,ARCX:SOXS,-44203000.0,22.67,-0.0292,3651756000.0,0.0,-44203000.0,-0.9614,-191666000.0,88733000.0,BALANCED,-48.0357
2024-07-01,SOXS,ARCX:SOXS,22660000.0,22.66,-0.0004,3674416000.0,22660000.0,0.0,0.2701,-82288000.0,165057000.0,BALANCED,-1.2472
2024-07-02,SOXS,ARCX:SOXS,15217000.0,21.74,-0.0406,3689633000.0,15217000.0,0.0,0.1131,-34159000.0,170686000.0,BALANCED,-3.1725
2024-07-03,SOXS,ARCX:SOXS,2063000.0,20.63,-0.051,3691696000.0,2063000.0,0.0,-0.1162,-20609000.0,169946000.0,BALANCED,-6.9044
2024-07-05,SOXS,ARCX:SOXS,14400000.0,20.57,-0.0028,3706096000.0,14400000.0,0.0,0.1026,10137000.0,72399000.0,BALANCED,20.5644
2024-07-08,SOXS,ARCX:SOXS,33972000.0,19.41,-0.0564,3740068000.0,33972000.0,0.0,0.4223,88312000.0,86383000.0,BALANCED,30.557
2024-07-09,SOXS,ARCX:SOXS,17529000.0,19.48,0.0033,3757597000.0,17529000.0,0.0,0.2571,83181000.0,103912000.0,BALANCED,28.4265
2024-07-10,SOXS,ARCX:SOXS,86818000.0,18.09,-0.0714,3844415000.0,86818000.0,0.0,1.7185,154782000.0,161749000.0,ACCUMULATION,66.9628
2024-07-11,SOXS,ARCX:SOXS,-36891000.0,19.94,0.1025,3807524000.0,0.0,-36891000.0,-0.9287,115828000.0,134511000.0,BALANCED,-15.2174
2024-07-12,SOXS,ARCX:SOXS,30717000.0,19.2,-0.0372,3838241000.0,30717000.0,0.0,0.4798,132145000.0,97914000.0,BALANCED,23.9959
2024-07-15,SOXS,ARCX:SOXS,-958000.0,19.16,-0.0021,3837283000.0,0.0,-958000.0,-0.2249,97215000.0,46828000.0,BALANCED,2.3769
2024-07-16,SOXS,ARCX:SOXS,-1881000.0,18.81,-0.0181,3835402000.0,0.0,-1881000.0,-0.2939,77805000.0,31954000.0,BALANCED,-1.3481
2024-07-17,SOXS,ARCX:SOXS,132612000.0,22.86,0.2154,3968014000.0,132612000.0,0.0,2.4139,123599000.0,137766000.0,ACCUMULATION,72.3486
2024-07-18,SOXS,ARCX:SOXS,-86086000.0,22.65,-0.0092,3881928000.0,0.0,-86086000.0,-1.8832,74404000.0,-45560000.0,DISTRIBUTION,-39.081
2024-07-19,SOXS,ARCX:SOXS,-330908000.0,24.79,0.0942,3551020000.0,0.0,-330908000.0,-4.1682,-287221000.0,-334563000.0,DISTRIBUTION,-100.0
2024-07-22,SOXS,ARCX:SOXS,7586000.0,21.67,-0.1256,3558606000.0,7586000.0,0.0,0.1368,-278677000.0,-284816000.0,BALANCED,-4.5807
2024-07-23,SOXS,ARCX:SOXS,-18136000.0,22.67,0.046,3540470000.0,0.0,-18136000.0,-0.1825,-294932000.0,-216234000.0,BALANCED,-16.5634
2024-07-24,SOXS,ARCX:SOXS,85449000.0,26.29,0.1598,3625919000.0,85449000.0,0.0,1.0897,-342095000.0,-97873000.0,BALANCED,19.2418
2024-07-25,SOXS,ARCX:SOXS,-169711000.0,28.05,0.0669,3456208000.0,0.0,-169711000.0,-1.8934,-425720000.0,-256097000.0,DISTRIBUTION,-59.3358
2024-07-26,SOXS,ARCX:SOXS,7903000.0,26.34,-0.0609,3464111000.0,7903000.0,0.0,0.202,-86909000.0,-231848000.0,BALANCED,-2.9506
2024-07-29,SOXS,ARCX:SOXS,-120559000.0,26.5,0.0058,3343552000.0,0.0,-120559000.0,-1.2242,-215054000.0,-308204000.0,BALANCED,-42.6062
2024-07-30,SOXS,ARCX:SOXS,-30889000.0,29.42,0.1103,3312663000.0,0.0,-30889000.0,-0.1686,-227807000.0,-361753000.0,BALANCED,-18.2143
2024-07-31,SOXS,ARCX:SOXS,188014000.0,23.5,-0.2011,3500677000.0,188014000.0,0.0,2.1244,-125242000.0,-188956000.0,ACCUMULATION,45.109
2024-08-01,SOXS,ARCX:SOXS,-97356000.0,28.63,0.2184,3403321000.0,0.0,-97356000.0,-0.8622,-52887000.0,-288375000.0,BALANCED,-33.5542
2024-08-02,SOXS,ARCX:SOXS,-171159000.0,33.23,0.1607,3232162000.0,0.0,-171159000.0,-1.544,-231949000.0,-473934000.0,DISTRIBUTION,-52.6011
2024-08-05,SOXS,ARCX:SOXS,27917000.0,34.9,0.05,3260079000.0,27917000.0,0.0,0.4879,-83473000.0,-479989000.0,BALANCED,4.1964
2024-08-06,SOXS,ARCX:SOXS,79670000.0,33.9,-0.0285,3339749000.0,79670000.0,0.0,0.9562,27086000.0,-417848000.0,BALANCED,37.9049
2024-08-07,SOXS,ARCX:SOXS,7384000.0,36.92,0.089,3347133000.0,7384000.0,0.0,0.2037,-153544000.0,-497282000.0,BALANCED,1.0937
2024-08-08,SOXS,ARCX:SOXS,55615000.0,29.27,-0.2071,3402748000.0,55615000.0,0.0,0.6684,-573000.0,-404776000.0,BALANCED,14.7089
2024-08-09,SOXS,ARCX:SOXS,23845000.0,29.81,0.0183,3426593000.0,23845000.0,0.0,0.3321,194431000.0,-411648000.0,BALANCED,28.3024
2024-08-12,SOXS,ARCX:SOXS,-14655000.0,29.31,-0.0166,3411938000.0,0.0,-14655000.0,-0.0675,151859000.0,-425345000.0,BALANCED,6.3115
2024-08-13,SOXS,ARCX:SOXS,56590000.0,25.72,-0.1224,3468528000.0,56590000.0,0.0,0.6398,128779000.0,-366874000.0,BALANCED,27.9945
2024-08-14,SOXS,ARCX:SOXS,-7790000.0,25.97,0.0095,3460738000.0,0.0,-7790000.0,-0.0016,113605000.0,-507276000.0,BALANCED,7.9596
2024-08-15,SOXS,ARCX:SOXS,115417000.0,22.2,-0.1453,3576155000.0,115417000.0,0.0,1.1739,173407000.0,-305773000.0,BALANCED,41.3466
2024-08-16,SOXS,ARCX:SOXS,-12333000.0,22.42,0.0103,3563822000.0,0.0,-12333000.0,-0.0747,137229000.0,12802000.0,BALANCED,6.1314
2024-08-19,SOXS,ARCX:SOXS,6379000.0,21.26,-0.0517,3570201000.0,6379000.0,0.0,0.1188,158263000.0,11595000.0,BALANCED,14.9712
2024-08-20,SOXS,ARCX:SOXS,47610000.0,22.14,0.0414,3617811000.0,47610000.0,0.0,0.5139,149283000.0,77341000.0,BALANCED,26.8487
2024-08-21,SOXS,ARCX:SOXS,10582000.0,21.16,-0.0442,3628393000.0,10582000.0,0.0,0.1773,167655000.0,2474000.0,BALANCED,20.4333
2024-08-22,SOXS,ARCX:SOXS,-113331000.0,23.37,0.1041,3515062000.0,0.0,-113331000.0,-1.0153,-61093000.0,58854000.0,BALANCED,-37.3837
2024-08-23,SOXS,ARCX:SOXS,13984000.0,21.51,-0.0793,3529046000.0,13984000.0,0.0,0.2385,-34776000.0,64935000.0,BALANCED,-2.0367
2024-08-26,SOXS,ARCX:SOXS,-62617000.0,23.19,0.078,3466429000.0,0.0,-62617000.0,-0.4914,-103772000.0,122877000.0,BALANCED,-24.2862
2024-08-27,SOXS,ARCX:SOXS,2241000.0,22.41,-0.0336,3468670000.0,2241000.0,0.0,0.1414,-149141000.0,156007000.0,BALANCED,-4.4642
2024-08-28,SOXS,ARCX:SOXS,-27177000.0,23.63,0.0545,3441493000.0,0.0,-27177000.0,-0.0977,-186900000.0,-59184000.0,BALANCED,-14.4416
2024-08-29,SOXS,ARCX:SOXS,44127000.0,23.85,0.0093,3485620000.0,44127000.0,0.0,0.5832,-29442000.0,82299000.0,BALANCED,6.5804
2024-08-30,SOXS,ARCX:SOXS,41854000.0,22.03,-0.0765,3527474000.0,41854000.0,0.0,0.5446,-1572000.0,295312000.0,BALANCED,7.6153
2024-09-03,SOXS,ARCX:SOXS,-50164000.0,27.12,0.231,3477310000.0,0.0,-50164000.0,-0.6023,10881000.0,217231000.0,BALANCED,-7.0576
2024-09-04,SOXS,ARCX:SOXS,-5361000.0,26.81,-0.0114,3471949000.0,0.0,-5361000.0,-0.0391,3279000.0,132200000.0,BALANCED,5.023
2024-09-05,SOXS,ARCX:SOXS,-4099000.0,27.32,0.0193,3467850000.0,0.0,-4099000.0,0.0152,26357000.0,120717000.0,BALANCED,4.38
2024-09-06,SOXS,ARCX:SOXS,6174000.0,30.87,0.1298,3474024000.0,6174000.0,0.0,0.0792,-11596000.0,71276000.0,BALANCED,-6.0195
2024-09-09,SOXS,ARCX:SOXS,11593000.0,28.98,-0.0611,3485617000.0,11593000.0,0.0,0.1544,-41857000.0,59024000.0,BALANCED,-2.1407
2024-09-10,SOXS,ARCX:SOXS,23878000.0,28.09,-0.0308,3509495000.0,23878000.0,0.0,0.275,32185000.0,97557000.0,BALANCED,22.8749
2024-09-11,SOXS,ARCX:SOXS,-29028000.0,24.19,-0.1389,3480467000.0,0.0,-29028000.0,-0.5192,8518000.0,11939000.0,BALANCED,-4.9801
2024-09-12,SOXS,ARCX:SOXS,-11047000.0,24.55,0.0148,3469420000.0,0.0,-11047000.0,-0.1752,1570000.0,8682000.0,BALANCED,1.6212
2024-09-13,SOXS,ARCX:SOXS,30240000.0,23.26,-0.0524,3499660000.0,30240000.0,0.0,0.497,25636000.0,-76495000.0,BALANCED,24.4238
2024-09-16,SOXS,ARCX:SOXS,-10895000.0,24.21,0.0408,3488765000.0,0.0,-10895000.0,-0.4477,3148000.0,-75057000.0,BALANCED,-3.1927
2024-09-17,SOXS,ARCX:SOXS,-7239000.0,24.13,-0.0033,3481526000.0,0.0,-7239000.0,-0.3371,-27969000.0,-88675000.0,BALANCED,-22.4271
2024-09-18,SOXS,ARCX:SOXS,24961000.0,24.96,0.0344,3506487000.0,24961000.0,0.0,0.4694,26020000.0,-111324000.0,BALANCED,23.7362
2024-09-19,SOXS,ARCX:SOXS,294696000.0,21.75,-0.1287,3801183000.0,294696000.0,0.0,4.1693,331763000.0,172790000.0,ACCUMULATION,100.0
2024-09-20,SOXS,ARCX:SOXS,-134290000.0,22.76,0.0465,3666893000.0,0.0,-134290000.0,-1.9905,167233000.0,151831000.0,DISTRIBUTION,-41.7623
2024-09-23,SOXS,ARCX:SOXS,4497000.0,22.49,-0.0121,3671390000.0,4497000.0,0.0,-0.051,182625000.0,142344000.0,BALANCED,10.7253
2024-09-24,SOXS,ARCX:SOXS,17155000.0,21.44,-0.0359,3688545000.0,17155000.0,0.0,0.1106,207019000.0,222116000.0,BALANCED,16.7658
2024-09-25,SOXS,ARCX:SOXS,15788000.0,21.05,-0.0184,3704333000.0,15788000.0,0.0,0.1114,197846000.0,235663000.0,BALANCED,18.7845
2024-09-26,SOXS,ARCX:SOXS,111690000.0,18.77,-0.1083,3816023000.0,111690000.0,0.0,1.3571,14840000.0,374530000.0,BALANCED,51.9271
2024-09-27,SOXS,ARCX:SOXS,-23658000.0,19.71,0.0503,3792365000.0,0.0,-23658000.0,-0.4337,125472000.0,306745000.0,BALANCED,-2.8427
2024-09-30,SOXS,ARCX:SOXS,-31409000.0,20.26,0.0279,3760956000.0,0.0,-31409000.0,-0.5317,89566000.0,233482000.0,BALANCED,-7.2926
2024-10-01,SOXS,ARCX:SOXS,-12085000.0,21.97,0.0843,3748871000.0,0.0,-12085000.0,-0.2523,60326000.0,271561000.0,BALANCED,-2.3069
2024-10-02,SOXS,ARCX:SOXS,34752000.0,21.06,-0.0414,3783623000.0,34752000.0,0.0,0.4099,79290000.0,311674000.0,BALANCED,22.2483
2024-10-03,SOXS,ARCX:SOXS,-34455000.0,20.88,-0.0086,3749168000.0,0.0,-34455000.0,-0.537,-66855000.0,281318000.0,BALANCED,-25.4257
2024-10-04,SOXS,ARCX:SOXS,-9000000.0,20.0,-0.0422,3740168000.0,0.0,-9000000.0,-0.2419,-52197000.0,266144000.0,BALANCED,-20.0486
2024-10-07,SOXS,ARCX:SOXS,32353000.0,20.22,0.0111,3772521000.0,32353000.0,0.0,0.3546,11565000.0,286904000.0,BALANCED,20.8645
2024-10-08,SOXS,ARCX:SOXS,980000.0,19.6,-0.0306,3773501000.0,980000.0,0.0,-0.138,24630000.0,264006000.0,BALANCED,10.5494
2024-10-09,SOXS,ARCX:SOXS,-15194000.0,18.99,-0.0311,3758307000.0,0.0,-15194000.0,-0.3697,-25316000.0,277840000.0,BALANCED,-21.2434
2024-10-10,SOXS,ARCX:SOXS,-39832000.0,19.43,0.0231,3718475000.0,0.0,-39832000.0,-0.7271,-30693000.0,249055000.0,BALANCED,-32.1763
2024-10-11,SOXS,ARCX:SOXS,46459000.0,18.96,-0.024,3764934000.0,46459000.0,0.0,0.5501,24766000.0,265274000.0,BALANCED,25.7531
2024-10-14,SOXS,ARCX:SOXS,66270000.0,17.91,-0.0555,3831204000.0,66270000.0,0.0,0.8247,58683000.0,342439000.0,BALANCED,34.6181
2024-10-15,SOXS,ARCX:SOXS,-106880000.0,20.75,0.1587,3724324000.0,0.0,-106880000.0,-1.6316,-49177000.0,242798000.0,DISTRIBUTION,-52.7901
2024-10-16,SOXS,ARCX:SOXS,-49754000.0,20.73,-0.0011,3674570000.0,0.0,-49754000.0,-0.7924,-83737000.0,168083000.0,BALANCED,-33.811
2024-10-17,SOXS,ARCX:SOXS,4046000.0,20.23,-0.0242,3678616000.0,4046000.0,0.0,-0.0418,-39859000.0,-122567000.0,BALANCED,-9.045
2024-10-18,SOXS,ARCX:SOXS,4043000.0,20.21,-0.0007,3682659000.0,4043000.0,0.0,-0.0408,-82275000.0,15766000.0,BALANCED,-7.0211
2024-10-21,SOXS,ARCX:SOXS,15254000.0,20.34,0.0061,3697913000.0,15254000.0,0.0,0.1147,-133291000.0,26523000.0,BALANCED,-1.1325
2024-10-22,SOXS,ARCX:SOXS,4116000.0,20.58,0.0119,3702029000.0,4116000.0,0.0,-0.0323,-22295000.0,13484000.0,BALANCED,-2.8079
2024-10-23,SOXS,ARCX:SOXS,13741000.0,21.14,0.0272,3715770000.0,13741000.0,0.0,0.0832,41200000.0,11437000.0,BALANCED,22.079
2024-10-24,SOXS,ARCX:SOXS,-104973000.0,20.79,-0.0167,3610797000.0,0.0,-104973000.0,-1.4863,-67819000.0,-205226000.0,BALANCED,-49.158
2024-10-25,SOXS,ARCX:SOXS,67654000.0,20.2,-0.0285,3678451000.0,67654000.0,0.0,0.8275,-4208000.0,-113914000.0,BALANCED,12.6874
2024-10-28,SOXS,ARCX:SOXS,-17148000.0,20.17,-0.0011,3661303000.0,0.0,-17148000.0,-0.3069,-36610000.0,-99653000.0,BALANCED,-19.6727
2024-10-29,SOXS,ARCX:SOXS,51430000.0,18.7,-0.073,3712733000.0,51430000.0,0.0,0.5828,10704000.0,-36138000.0,BALANCED,26.5689
2024-10-30,SOXS,ARCX:SOXS,-96258000.0,20.7,0.1069,3616475000.0,0.0,-96258000.0,-1.2927,-99295000.0,-167148000.0,BALANCED,-44.3184
2024-10-31,SOXS,ARCX:SOXS,-26600000.0,23.13,0.1174,3589875000.0,0.0,-26600000.0,-0.359,-20922000.0,-159293000.0,BALANCED,-22.9756
2024-11-01,SOXS,ARCX:SOXS,-100784000.0,22.4,-0.0317,3489091000.0,0.0,-100784000.0,-1.822,-189360000.0,-251077000.0,DISTRIBUTION,-61.5499
2024-11-04,SOXS,ARCX:SOXS,3424000.0,22.83,0.0193,3492515000.0,3424000.0,0.0,0.1803,-168788000.0,-280006000.0,BALANCED,-3.4921
2024-11-05,SOXS,ARCX:SOXS,-2197000.0,21.97,-0.0375,3490318000.0,0.0,-2197000.0,0.085,-222415000.0,-283183000.0,BALANCED,-9.8746
2024-11-06,SOXS,ARCX:SOXS,26124000.0,20.1,-0.0855,3516442000.0,26124000.0,0.0,0.622,-100033000.0,-241865000.0,BALANCED,7.5508
2024-11-07,SOXS,ARCX:SOXS,72477000.0,18.83,-0.0632,3588919000.0,72477000.0,0.0,1.6195,-956000.0,-129556000.0,ACCUMULATION,34.4863
2024-11-08,SOXS,ARCX:SOXS,7727000.0,19.32,0.0262,3596646000.0,7727000.0,0.0,0.2884,107555000.0,-168288000.0,BALANCED,23.2108
2024-11-11,SOXS,ARCX:SOXS,-101867000.0,20.79,0.0761,3494779000.0,0.0,-101867000.0,-1.7806,2264000.0,-336425000.0,DISTRIBUTION,-36.5151
2024-11-12,SOXS,ARCX:SOXS,-6442000.0,21.47,0.0329,3488337000.0,0.0,-6442000.0,0.0429,-1981000.0,-235987000.0,BALANCED,-12.9265
2024-11-13,SOXS,ARCX:SOXS,-74300000.0,22.86,0.0646,3414037000.0,0.0,-74300000.0,-1.1719,-102405000.0,-260533000.0,BALANCED,-45.298
2024-11-14,SOXS,ARCX:SOXS,-24016000.0,22.87,0.0005,3390021000.0,0.0,-24016000.0,-0.2282,-198898000.0,-288595000.0,BALANCED,-23.7059
2024-11-15,SOXS,ARCX:SOXS,-70529000.0,25.19,0.1013,3319492000.0,0.0,-70529000.0,-1.0496,-277154000.0,-363167000.0,BALANCED,-46.2396
2024-11-18,SOXS,ARCX:SOXS,-129142000.0,24.14,-0.0417,3190350000.0,0.0,-129142000.0,-1.9245,-304429000.0,-507563000.0,DISTRIBUTION,-70.1133
2024-11-19,SOXS,ARCX:SOXS,6010000.0,24.04,-0.0042,3196360000.0,6010000.0,0.0,0.4423,-291977000.0,-505669000.0,BALANCED,3.0564
2024-11-20,SOXS,ARCX:SOXS,-17247000.0,24.64,0.025,3179113000.0,0.0,-17247000.0,0.0361,-234924000.0,-536657000.0,BALANCED,-11.0981
2024-11-21,SOXS,ARCX:SOXS,97189000.0,23.42,-0.0495,3276302000.0,97189000.0,0.0,1.8424,-113719000.0,-334495000.0,ACCUMULATION,38.0607
2024-11-22,SOXS,ARCX:SOXS,31621000.0,23.42,0.0002,3307923000.0,31621000.0,0.0,0.7771,-11569000.0,-370528000.0,BALANCED,13.4277
2024-11-25,SOXS,ARCX:SOXS,7949000.0,22.71,-0.0304,3315872000.0,7949000.0,0.0,0.4296,125522000.0,-345431000.0,BALANCED,26.7401
2024-11-26,SOXS,ARCX:SOXS,14205000.0,23.67,0.0424,3330077000.0,14205000.0,0.0,0.4864,133717000.0,-382656000.0,BALANCED,30.1608
2024-11-27,SOXS,ARCX:SOXS,-39470000.0,24.67,0.042,3290607000.0,0.0,-39470000.0,-0.4761,111494000.0,-325868000.0,BALANCED,-3.9029
2024-11-29,SOXS,ARCX:SOXS,-1181000.0,23.62,-0.0424,3289426000.0,0.0,-1181000.0,0.2107,13124000.0,-300449000.0,BALANCED,11.2669
2024-12-02,SOXS,ARCX:SOXS,84992000.0,21.79,-0.0775,3374418000.0,84992000.0,0.0,1.6228,66495000.0,-114673000.0,ACCUMULATION,52.5697
2024-12-03,SOXS,ARCX:SOXS,-28910000.0,22.24,0.0204,3345508000.0,0.0,-28910000.0,-0.2929,29636000.0,-147007000.0,BALANCED,0.6774
2024-12-04,SOXS,ARCX:SOXS,4262000.0,21.31,-0.0419,3349770000.0,4262000.0,0.0,0.2731,19693000.0,-140548000.0,BALANCED,18.8278
2024-12-05,SOXS,ARCX:SOXS,-30480000.0,22.58,0.0596,3319290000.0,0.0,-30480000.0,-0.2952,28683000.0,-197152000.0,BALANCED,0.6211
2024-12-06,SOXS,ARCX:SOXS,22128000.0,22.13,-0.0199,3341418000.0,22128000.0,0.0,0.5538,51992000.0,-247501000.0,BALANCED,25.8444
2024-12-09,SOXS,ARCX:SOXS,-1125000.0,22.49,0.0166,3340293000.0,0.0,-1125000.0,0.1868,-34125000.0,-256353000.0,BALANCED,-7.3292
2024-12-10,SOXS,ARCX:SOXS,-48264000.0,24.13,0.0728,3292029000.0,0.0,-48264000.0,-0.657,-53479000.0,-202750000.0,BALANCED,-30.4262
2024-12-11,SOXS,ARCX:SOXS,45652000.0,22.27,-0.0772,3337681000.0,45652000.0,0.0,1.0671,-12089000.0,-150656000.0,BALANCED,18.6763
2024-12-12,SOXS,ARCX:SOXS,-5722000.0,22.89,0.0278,3331959000.0,0.0,-5722000.0,0.0721,12669000.0,-82078000.0,BALANCED,9.8031
2024-12-13,SOXS,ARCX:SOXS,66946000.0,20.92,-0.086,3398905000.0,66946000.0,0.0,1.361,57487000.0,8884000.0,BALANCED,46.024
2024-12-16,SOXS,ARCX:SOXS,88934000.0,19.76,-0.0553,3487839000.0,88934000.0,0.0,1.662,147546000.0,168347000.0,ACCUMULATION,55.5494
2024-12-17,SOXS,ARCX:SOXS,-75294000.0,20.63,0.0438,3412545000.0,0.0,-75294000.0,-1.3143,120516000.0,222195000.0,BALANCED,-24.8565
2024-12-18,SOXS,ARCX:SOXS,-17236000.0,22.98,0.1141,3395309000.0,0.0,-17236000.0,-0.2543,57628000.0,198949000.0,BALANCED,-0.3574
2024-12-19,SOXS,ARCX:SOXS,-120489000.0,24.1,0.0486,3274820000.0,0.0,-120489000.0,-1.9056,-57139000.0,95707000.0,DISTRIBUTION,-63.6402
2024-12-20,SOXS,ARCX:SOXS,-45111000.0,23.13,-0.04,3229709000.0,0.0,-45111000.0,-0.5778,-169196000.0,-46593000.0,BALANCED,-32.4451
2024-12-23,SOXS,ARCX:SOXS,59046000.0,20.72,-0.0914,3288755000.0,59046000.0,0.0,1.1806,-199084000.0,-19168000.0,BALANCED,21.5144
2024-12-24,SOXS,ARCX:SOXS,55270000.0,20.1,-0.0299,3344025000.0,55270000.0,0.0,1.0533,-68520000.0,28153000.0,BALANCED,20.3322
2024-12-26,SOXS,ARCX:SOXS,42328000.0,20.16,0.0029,3386353000.0,42328000.0,0.0,0.7899,-8956000.0,56276000.0,BALANCED,15.7469
2024-12-27,SOXS,ARCX:SOXS,-51828000.0,20.73,0.0285,3334525000.0,0.0,-51828000.0,-0.8615,59705000.0,43918000.0,BALANCED,-13.5379
2024-12-30,SOXS,ARCX:SOXS,-69129000.0,21.95,0.0586,3265396000.0,0.0,-69129000.0,-1.1155,35687000.0,-24030000.0,BALANCED,-21.8876
2024-12-31,SOXS,ARCX:SOXS,-33748000.0,22.5,0.0252,3231648000.0,0.0,-33748000.0,-0.539,-57107000.0,-142770000.0,BALANCED,-29.4751
2025-01-02,SOXS,ARCX:SOXS,2211000.0,22.11,-0.0173,3233859000.0,2211000.0,0.0,0.0146,-110166000.0,-111649000.0,BALANCED,-7.6341
2025-01-03,SOXS,ARCX:SOXS,100841000.0,20.37,-0.0785,3334700000.0,100841000.0,0.0,1.748,-51653000.0,-15070000.0,ACCUMULATION,37.6988
2025-01-06,SOXS,ARCX:SOXS,261170000.0,18.59,-0.0875,3595870000.0,261170000.0,0.0,3.4308,261345000.0,276580000.0,ACCUMULATION,100.0
2025-01-07,SOXS,ARCX:SOXS,-42698000.0,19.41,0.0441,3553172000.0,0.0,-42698000.0,-0.7312,287776000.0,211754000.0,BALANCED,-10.2793
2025-01-08,SOXS,ARCX:SOXS,-146036000.0,20.0,0.0307,3407136000.0,0.0,-146036000.0,-1.9574,175488000.0,66843000.0,DISTRIBUTION,-42.9342
2025-01-10,SOXS,ARCX:SOXS,-95555000.0,21.47,0.0734,3311581000.0,0.0,-95555000.0,-1.2171,77722000.0,19552000.0,BALANCED,-26.4278
2025-01-13,SOXS,ARCX:SOXS,-51953000.0,21.65,0.0081,3259628000.0,0.0,-51953000.0,-0.6287,-75072000.0,-78053000.0,BALANCED,-33.7169
2025-01-14,SOXS,ARCX:SOXS,-10630000.0,21.26,-0.0178,3248998000.0,0.0,-10630000.0,-0.1176,-346872000.0,-82961000.0,BALANCED,-22.9395
2025-01-15,SOXS,ARCX:SOXS,48924000.0,19.97,-0.0608,3297922000.0,48924000.0,0.0,0.6146,-255250000.0,-100983000.0,BALANCED,7.3643
2025-01-16,SOXS,ARCX:SOXS,108499000.0,19.91,-0.003,3406421000.0,108499000.0,0.0,1.3408,-715000.0,-81418000.0,BALANCED,27.5208
2025-01-17,SOXS,ARCX:SOXS,170966000.0,18.29,-0.0815,3577387000.0,170966000.0,0.0,1.9056,265806000.0,164842000.0,ACCUMULATION,63.6388
2025-01-21,SOXS,ARCX:SOXS,124368000.0,17.64,-0.0352,3701755000.0,124368000.0,0.0,1.2761,442127000.0,306446000.0,BALANCED,49.9032
2025-01-22,SOXS,ARCX:SOXS,90359000.0,16.89,-0.0426,3792114000.0,90359000.0,0.0,0.838,543116000.0,517294000.0,BALANCED,40.9488
2025-01-23,SOXS,ARCX:SOXS,-34873000.0,17.01,0.0072,3757241000.0,0.0,-34873000.0,-0.5446,459319000.0,527532000.0,BALANCED,-5.6142
2025-01-24,SOXS,ARCX:SOXS,-27106000.0,18.07,0.0623,3730135000.0,0.0,-27106000.0,-0.4467,323714000.0,441380000.0,BALANCED,-5.1681
2025-01-27,SOXS,ARCX:SOXS,-329516000.0,22.34,0.2362,3400619000.0,0.0,-329516000.0,-3.056,-176768000.0,56594000.0,DISTRIBUTION,-92.401
2025-01-28,SOXS,ARCX:SOXS,-81364000.0,21.99,-0.0157,3319255000.0,0.0,-81364000.0,-0.7355,-382500000.0,-67098000.0,BALANCED,-36.3883
2025-01-29,SOXS,ARCX:SOXS,-62027000.0,21.76,-0.0103,3257228000.0,0.0,-62027000.0,-0.5395,-534886000.0,-77297000.0,BALANCED,-33.4875
2025-01-30,SOXS,ARCX:SOXS,-29615000.0,20.42,-0.0616,3227613000.0,0.0,-29615000.0,-0.218,-529628000.0,-37783000.0,BALANCED,-27.4496
2025-01-31,SOXS,ARCX:SOXS,54600000.0,20.6,0.0088,3282213000.0,54600000.0,0.0,0.5647,-447922000.0,50565000.0,BALANCED,6.1184
2025-02-03,SOXS,ARCX:SOXS,-110026000.0,21.79,0.0574,3172187000.0,0.0,-110026000.0,-0.9295,-228432000.0,-61672000.0,BALANCED,-35.2372
2025-02-04,SOXS,ARCX:SOXS,-11610000.0,21.11,-0.0311,3160577000.0,0.0,-11610000.0,-0.0345,-158678000.0,-174123000.0,BALANCED,-14.8624
2025-02-05,SOXS,ARCX:SOXS,52690000.0,19.88,-0.0581,3213267000.0,52690000.0,0.0,0.5061,-43961000.0,-382603000.0,BALANCED,4.6536
2025-02-06,SOXS,ARCX:SOXS,-999000.0,19.99,0.0052,3212268000.0,0.0,-999000.0,-0.0039,-15345000.0,-340904000.0,BALANCED,-12.0968
2025-02-07,SOXS,ARCX:SOXS,-36692000.0,20.97,0.049,3175576000.0,0.0,-36692000.0,-0.3064,-106637000.0,-231560000.0,BALANCED,-21.66
2025-02-10,SOXS,ARCX:SOXS,32177000.0,20.11,-0.0408,3207753000.0,32177000.0,0.0,0.3429,35566000.0,-103828000.0,BALANCED,20.5726
2025-02-11,SOXS,ARCX:SOXS,43233000.0,20.11,-0.0001,3250986000.0,43233000.0,0.0,0.4458,90409000.0,-8642000.0,BALANCED,25.1453
2025-02-12,SOXS,ARCX:SOXS,-22030000.0,20.03,-0.004,3228956000.0,0.0,-22030000.0,-0.1734,15689000.0,-20042000.0,BALANCED,3.6661
2025-02-13,SOXS,ARCX:SOXS,56887000.0,19.28,-0.0371,3285843000.0,56887000.0,0.0,0.5273,73575000.0,-12079000.0,BALANCED,25.1827
2025-02-14,SOXS,ARCX:SOXS,26998000.0,19.28,0.0,3312841000.0,26998000.0,0.0,0.2281,137265000.0,-93580000.0,BALANCED,19.7028
2025-02-18,SOXS,ARCX:SOXS,58563000.0,18.3,-0.051,3371404000.0,58563000.0,0.0,0.5046,163651000.0,-205983000.0,BALANCED,28.6145
2025-02-19,SOXS,ARCX:SOXS,124440000.0,17.4,-0.049,3495844000.0,124440000.0,0.0,1.1046,244858000.0,-205911000.0,BALANCED,45.6153
2025-02-20,SOXS,ARCX:SOXS,39779000.0,17.3,-0.0063,3535623000.0,39779000.0,0.0,0.4322,306667000.0,-256491000.0,BALANCED,30.8054
2025-02-21,SOXS,ARCX:SOXS,-65317000.0,18.93,0.0947,3470306000.0,0.0,-65317000.0,-0.6443,184463000.0,-286935000.0,BALANCED,-8.1063
2025-02-24,SOXS,ARCX:SOXS,-103388000.0,20.27,0.0708,3366918000.0,0.0,-103388000.0,-1.0717,54077000.0,-363217000.0,BALANCED,-20.7922
2025-02-25,SOXS,ARCX:SOXS,-212298000.0,21.55,0.0632,3154620000.0,0.0,-212298000.0,-2.0423,-216784000.0,-245999000.0,DISTRIBUTION,-67.0569
2025-02-26,SOXS,ARCX:SOXS,-50005000.0,20.41,-0.053,3104615000.0,0.0,-50005000.0,-0.4424,-391229000.0,-214640000.0,BALANCED,-29.0591
2025-02-27,SOXS,ARCX:SOXS,-48093000.0,24.05,0.1782,3056522000.0,0.0,-48093000.0,-0.41,-479101000.0,-200706000.0,BALANCED,-30.2492
2025-02-28,SOXS,ARCX:SOXS,-70912000.0,22.87,-0.0487,2985610000.0,0.0,-70912000.0,-0.5945,-484696000.0,-242003000.0,BALANCED,-36.8632
2025-03-03,SOXS,ARCX:SOXS,2532000.0,25.32,0.1069,2988142000.0,2532000.0,0.0,0.1659,-378776000.0,-294071000.0,BALANCED,-3.8525
2025-03-04,SOXS,ARCX:SOXS,24890000.0,24.89,-0.017,3013032000.0,24890000.0,0.0,0.4683,-141588000.0,-159155000.0,BALANCED,5.7068
2025-03-05,SOXS,ARCX:SOXS,-30240000.0,23.26,-0.0654,2982792000.0,0.0,-30240000.0,-0.0702,-121823000.0,-177785000.0,BALANCED,-13.756
2025-03-06,SOXS,ARCX:SOXS,-85206000.0,26.22,0.1271,2897586000.0,0.0,-85206000.0,-0.6344,-158936000.0,-315681000.0,BALANCED,-29.8597
2025-03-07,SOXS,ARCX:SOXS,17910000.0,23.88,-0.0892,2915496000.0,17910000.0,0.0,0.5239,-70114000.0,-296772000.0,BALANCED,5.0985
2025-03-10,SOXS,ARCX:SOXS,-43663000.0,27.29,0.1428,2871833000.0,0.0,-43663000.0,-0.1715,-116309000.0,-303743000.0,BALANCED,-16.287
2025-03-11,SOXS,ARCX:SOXS,-29644000.0,28.23,0.0346,2842189000.0,0.0,-29644000.0,-0.1648,-170843000.0,-365564000.0,BALANCED,-18.1197
2025-03-12,SOXS,ARCX:SOXS,21156000.0,26.44,-0.0633,2863345000.0,21156000.0,0.0,0.5489,-119447000.0,-387641000.0,BALANCED,5.7218
2025-03-13,SOXS,ARCX:SOXS,-10767000.0,26.92,0.0178,2852578000.0,0.0,-10767000.0,0.0415,-45008000.0,-376378000.0,BALANCED,-10.9636
2025-03-14,SOXS,ARCX:SOXS,59726000.0,24.38,-0.0943,2912304000.0,59726000.0,0.0,1.0499,-3192000.0,-373539000.0,BALANCED,18.2472
2025-03-17,SOXS,ARCX:SOXS,35958000.0,23.2,-0.0484,2948262000.0,35958000.0,0.0,0.7096,76429000.0,-364579000.0,BALANCED,31.7409
2025-03-18,SOXS,ARCX:SOXS,-54434000.0,24.19,0.0429,2893828000.0,0.0,-54434000.0,-0.7029,51639000.0,-477576000.0,BALANCED,-9.572
2025-03-19,SOXS,ARCX:SOXS,5892000.0,23.57,-0.0258,2899720000.0,5892000.0,0.0,0.2269,36375000.0,-596124000.0,BALANCED,17.6715
2025-03-20,SOXS,ARCX:SOXS,27762000.0,24.14,0.0242,2927482000.0,27762000.0,0.0,0.5859,74904000.0,-608141000.0,BALANCED,28.6486
2025-03-21,SOXS,ARCX:SOXS,-4990000.0,24.95,0.0335,2922492000.0,0.0,-4990000.0,0.0734,10188000.0,-547814000.0,BALANCED,9.8347
2025-03-24,SOXS,ARCX:SOXS,54410000.0,22.67,-0.0913,2976902000.0,54410000.0,0.0,0.9469,28640000.0,-390016000.0,BALANCED,35.6716
2025-03-25,SOXS,ARCX:SOXS,0.0,22.95,0.0205,2976902000.0,0.0,0.0,0.1201,83074000.0,-177718000.0,BALANCED,13.0032
2025-03-26,SOXS,ARCX:SOXS,-39878000.0,24.92,0.086,2937024000.0,0.0,-39878000.0,-0.4627,37304000.0,-167591000.0,BALANCED,-3.5665
2025-03-27,SOXS,ARCX:SOXS,-5270000.0,26.35,0.0573,2931754000.0,0.0,-5270000.0,0.073,4272000.0,-124768000.0,BALANCED,7.8243
2025-03-28,SOXS,ARCX:SOXS,2888000.0,28.88,0.0961,2934642000.0,2888000.0,0.0,0.2341,12150000.0,-50968000.0,BALANCED,17.8531
2025-03-31,SOXS,ARCX:SOXS,-34888000.0,29.07,0.0066,2899754000.0,0.0,-34888000.0,-0.3404,-77148000.0,-88388000.0,BALANCED,-20.5106
2025-04-01,SOXS,ARCX:SOXS,-66634000.0,28.97,-0.0035,2833120000.0,0.0,-66634000.0,-0.7955,-143782000.0,-179912000.0,BALANCED,-33.8877
2025-04-02,SOXS,ARCX:SOXS,-24151000.0,28.41,-0.0193,2808969000.0,0.0,-24151000.0,-0.0228,-128055000.0,-173823000.0,BALANCED,-16.5707
2025-04-03,SOXS,ARCX:SOXS,-31521000.0,37.08,0.3052,2777448000.0,0.0,-31521000.0,-0.1163,-154306000.0,-120138000.0,BALANCED,-20.9086
2025-04-04,SOXS,ARCX:SOXS,-6856000.0,45.71,0.2326,2770592000.0,0.0,-6856000.0,0.3092,-164050000.0,-144904000.0,BALANCED,-12.2706
2025-04-07,SOXS,ARCX:SOXS,-27435000.0,42.21,-0.0766,2743157000.0,0.0,-27435000.0,-0.13,-156597000.0,-128676000.0,BALANCED,-25.2508
2025-04-08,SOXS,ARCX:SOXS,26051000.0,47.36,0.1222,2769208000.0,26051000.0,0.0,1.0565,-63912000.0,-72981000.0,BALANCED,18.4118
2025-04-09,SOXS,ARCX:SOXS,0.0,20.42,-0.5689,2769208000.0,0.0,0.0,0.3088,-39761000.0,-94137000.0,BALANCED,-2.28
2025-04-10,SOXS,ARCX:SOXS,126623000.0,25.58,0.2529,2895831000.0,126623000.0,0.0,3.041,118383000.0,43253000.0,ACCUMULATION,88.0245
2025-04-11,SOXS,ARCX:SOXS,-3566000.0,23.77,-0.0706,2892265000.0,0.0,-3566000.0,-0.0109,121673000.0,-20039000.0,BALANCED,7.7268
2025-04-14,SOXS,ARCX:SOXS,31584000.0,23.4,-0.0159,2923849000.0,31584000.0,0.0,0.8017,180692000.0,-24413000.0,BALANCED,32.0431
2025-04-15,SOXS,ARCX:SOXS,20810000.0,23.12,-0.0117,2944659000.0,20810000.0,0.0,0.5499,175451000.0,50831000.0,BALANCED,27.7487
2025-04-16,SOXS,ARCX:SOXS,-20714000.0,25.89,0.1198,2923945000.0,0.0,-20714000.0,-0.4486,154737000.0,24225000.0,BALANCED,-3.2153
2025-04-17,SOXS,ARCX:SOXS,51244000.0,26.28,0.0149,2975189000.0,51244000.0,0.0,1.2223,79358000.0,47707000.0,BALANCED,42.5582
2025-04-21,SOXS,ARCX:SOXS,-30497000.0,27.72,0.055,2944692000.0,0.0,-30497000.0,-0.7839,52427000.0,22200000.0,BALANCED,-11.5983
2025-04-22,SOXS,ARCX:SOXS,-45566000.0,26.04,-0.0608,2899126000.0,0.0,-45566000.0,-1.1556,-24723000.0,-77776000.0,BALANCED,-42.8895
2025-04-23,SOXS,ARCX:SOXS,232810000.0,23.05,-0.1147,3131936000.0,232810000.0,0.0,3.8494,187277000.0,155034000.0,ACCUMULATION,100.0
2025-04-24,SOXS,ARCX:SOXS,223654000.0,19.03,-0.1742,3355590000.0,223654000.0,0.0,2.9643,431645000.0,418566000.0,ACCUMULATION,88.1073
2025-04-25,SOXS,ARCX:SOXS,-47389000.0,18.58,-0.0237,3308201000.0,0.0,-47389000.0,-0.8848,333012000.0,376447000.0,BALANCED,-14.1212
2025-04-28,SOXS,ARCX:SOXS,13106000.0,18.72,0.0075,3321307000.0,13106000.0,0.0,-0.0075,376615000.0,386665000.0,BALANCED,11.8122
2025-04-29,SOXS,ARCX:SOXS,17397000.0,19.33,0.0324,3338704000.0,17397000.0,0.0,0.0625,439578000.0,438950000.0,BALANCED,15.5629
2025-04-30,SOXS,ARCX:SOXS,-30163000.0,18.85,-0.0247,3308541000.0,0.0,-30163000.0,-0.6336,176605000.0,475421000.0,BALANCED,-7.839
2025-05-01,SOXS,ARCX:SOXS,24664000.0,18.97,0.0064,3333205000.0,24664000.0,0.0,0.1471,-22385000.0,524236000.0,BALANCED,-4.3225
2025-05-02,SOXS,ARCX:SOXS,220018000.0,16.99,-0.1045,3553223000.0,220018000.0,0.0,2.5232,245022000.0,775775000.0,ACCUMULATION,77.0795
2025-05-05,SOXS,ARCX:SOXS,17438000.0,17.44,0.0264,3570661000.0,17438000.0,0.0,-0.0529,249354000.0,800069000.0,BALANCED,14.6775
2025-05-06,SOXS,ARCX:SOXS,-66467000.0,17.96,0.0302,3504194000.0,0.0,-66467000.0,-1.0489,165490000.0,761037000.0,BALANCED,-18.2213
2025-05-07,SOXS,ARCX:SOXS,-78292000.0,17.02,-0.0526,3425902000.0,0.0,-78292000.0,-1.1377,117361000.0,656694000.0,BALANCED,-22.4413
2025-05-08,SOXS,ARCX:SOXS,176506000.0,16.5,-0.0308,3602408000.0,176506000.0,0.0,1.7865,269203000.0,833200000.0,ACCUMULATION,56.6631
2025-05-09,SOXS,ARCX:SOXS,7192000.0,15.98,-0.0311,3609600000.0,7192000.0,0.0,-0.1785,56377000.0,713769000.0,BALANCED,9.5368
2025-05-12,SOXS,ARCX:SOXS,341249000.0,12.52,-0.2165,3950849000.0,341249000.0,0.0,2.9577,380188000.0,1058584000.0,ACCUMULATION,89.9425
2025-05-13,SOXS,ARCX:SOXS,119253000.0,11.47,-0.0843,4070102000.0,119253000.0,0.0,0.7699,565908000.0,1146253000.0,BALANCED,37.2487
2025-05-14,SOXS,ARCX:SOXS,16998000.0,11.33,-0.0117,4087100000.0,16998000.0,0.0,-0.2422,661198000.0,1142441000.0,BALANCED,13.9448
2025-05-15,SOXS,ARCX:SOXS,11557000.0,11.56,0.0199,4098657000.0,11557000.0,0.0,-0.3087,496249000.0,1174712000.0,BALANCED,14.2815
2025-05-16,SOXS,ARCX:SOXS,-24394000.0,11.62,0.0051,4074263000.0,0.0,-24394000.0,-0.6653,464663000.0,1099074000.0,BALANCED,-8.633
2025-05-19,SOXS,ARCX:SOXS,22472000.0,11.83,0.0182,4096735000.0,22472000.0,0.0,-0.2146,145886000.0,1152043000.0,BALANCED,6.6354
2025-05-20,SOXS,ARCX:SOXS,-27917000.0,11.88,0.0044,4068818000.0,0.0,-27917000.0,-0.7119,-1284000.0,1169692000.0,BALANCED,-29.7966
2025-05-21,SOXS,ARCX:SOXS,-48995000.0,12.56,0.0575,4019823000.0,0.0,-48995000.0,-0.8832,-67277000.0,887887000.0,BALANCED,-36.0806
2025-05-22,SOXS,ARCX:SOXS,-103852000.0,12.9,0.0269,3915971000.0,0.0,-103852000.0,-1.3425,-182686000.0,560381000.0,BALANCED,-49.5633
2025-05-23,SOXS,ARCX:SOXS,-77829000.0,13.54,0.0492,3838142000.0,0.0,-77829000.0,-1.0255,-236121000.0,529941000.0,BALANCED,-43.6382
2025-05-27,SOXS,ARCX:SOXS,-21237000.0,12.14,-0.1034,3816905000.0,0.0,-21237000.0,-0.4876,-279830000.0,495598000.0,BALANCED,-32.1895
2025-05-28,SOXS,ARCX:SOXS,12367000.0,12.37,0.0191,3829272000.0,12367000.0,0.0,-0.1668,-239546000.0,490568000.0,BALANCED,-12.169
2025-05-29,SOXS,ARCX:SOXS,68984000.0,12.21,-0.0127,3898256000.0,68984000.0,0.0,0.3475,-121567000.0,589715000.0,BALANCED,2.6879
2025-05-30,SOXS,ARCX:SOXS,-188069000.0,12.97,0.0623,3710187000.0,0.0,-188069000.0,-1.8796,-205784000.0,376982000.0,DISTRIBUTION,-58.9895
2025-06-02,SOXS,ARCX:SOXS,85281000.0,12.36,-0.0471,3795468000.0,85281000.0,0.0,0.5063,-42674000.0,242245000.0,BALANCED,4.6581
2025-06-03,SOXS,ARCX:SOXS,49877000.0,11.34,-0.0828,3845345000.0,49877000.0,0.0,0.1742,28440000.0,274684000.0,BALANCED,18.3554
2025-06-04,SOXS,ARCX:SOXS,175885000.0,10.86,-0.0422,4021230000.0,175885000.0,0.0,1.1932,191958000.0,517036000.0,BALANCED,45.8308
2025-06-05,SOXS,ARCX:SOXS,192299000.0,11.02,0.015,4213529000.0,192299000.0,0.0,1.3715,315273000.0,787627000.0,BALANCED,52.2885
2025-06-06,SOXS,ARCX:SOXS,-2160000.0,10.8,-0.0201,4211369000.0,0.0,-2160000.0,-0.283,501182000.0,608961000.0,BALANCED,0.9246
2025-06-09,SOXS,ARCX:SOXS,28054000.0,10.02,-0.0721,4239423000.0,28054000.0,0.0,-0.0278,443955000.0,629823000.0,BALANCED,11.3052
2025-06-10,SOXS,ARCX:SOXS,90997000.0,9.38,-0.0637,4330420000.0,90997000.0,0.0,0.5313,485075000.0,379571000.0,BALANCED,27.282
2025-06-11,SOXS,ARCX:SOXS,35137000.0,9.5,0.0123,4365557000.0,35137000.0,0.0,0.0084,344327000.0,295455000.0,BALANCED,16.2105
2025-06-12,SOXS,ARCX:SOXS,43468000.0,9.45,-0.0049,4409025000.0,43468000.0,0.0,0.0633,195496000.0,321925000.0,BALANCED,19.5817
2025-06-13,SOXS,ARCX:SOXS,-50576000.0,10.22,0.0813,4358449000.0,0.0,-50576000.0,-0.7818,147080000.0,259792000.0,BALANCED,-11.5447
2025-06-16,SOXS,ARCX:SOXS,70999000.0,9.22,-0.0975,4429448000.0,70999000.0,0.0,0.4063,190025000.0,355185000.0,BALANCED,22.1564
2025-06-17,SOXS,ARCX:SOXS,-57738000.0,9.47,0.0265,4371710000.0,0.0,-57738000.0,-0.8113,41290000.0,274975000.0,BALANCED,-12.2833
2025-06-18,SOXS,ARCX:SOXS,-37897000.0,9.36,-0.0114,4333813000.0,0.0,-37897000.0,-0.6344,-31744000.0,264995000.0,BALANCED,-29.861
2025-06-20,SOXS,ARCX:SOXS,-32966000.0,9.56,0.0212,4300847000.0,0.0,-32966000.0,-0.6089,-108178000.0,281024000.0,BALANCED,-31.2219
2025-06-23,SOXS,ARCX:SOXS,8437000.0,9.37,-0.0189,4309284000.0,8437000.0,0.0,-0.154,-49165000.0,393313000.0,BALANCED,-11.8501
2025-06-24,SOXS,ARCX:SOXS,250387000.0,8.24,-0.1154,4559671000.0,250387000.0,0.0,2.0536,130223000.0,721529000.0,ACCUMULATION,65.34
2025-06-25,SOXS,ARCX:SOXS,50617000.0,8.03,-0.0245,4610288000.0,50617000.0,0.0,0.3211,238578000.0,793383000.0,BALANCED,24.0272
2025-06-26,SOXS,ARCX:SOXS,36098000.0,7.85,-0.0233,4646386000.0,36098000.0,0.0,0.1934,312573000.0,817114000.0,BALANCED,22.8347
2025-06-27,SOXS,ARCX:SOXS,7879000.0,7.88,0.0041,4654265000.0,7879000.0,0.0,-0.1262,353418000.0,756009000.0,BALANCED,16.8443
2025-06-30,SOXS,ARCX:SOXS,-3158000.0,7.9,0.0021,4651107000.0,0.0,-3158000.0,-0.2467,341823000.0,940920000.0,BALANCED,1.8318
2025-07-01,SOXS,ARCX:SOXS,30459000.0,8.02,0.0151,4681566000.0,30459000.0,0.0,0.1173,121895000.0,886098000.0,BALANCED,14.9327
2025-07-02,SOXS,ARCX:SOXS,4527000.0,7.54,-0.0587,4686093000.0,4527000.0,0.0,-0.1735,75805000.0,840748000.0,BALANCED,9.6621
2025-07-03,SOXS,ARCX:SOXS,15651000.0,7.45,-0.0122,4701744000.0,15651000.0,0.0,-0.0628,55358000.0,680514000.0,BALANCED,14.429
2025-07-07,SOXS,ARCX:SOXS,-35107000.0,7.89,0.0585,4666637000.0,0.0,-35107000.0,-0.6565,12372000.0,453108000.0,BALANCED,-8.412
2025-07-08,SOXS,ARCX:SOXS,79795000.0,7.42,-0.0591,4746432000.0,79795000.0,0.0,0.6234,95325000.0,535063000.0,BALANCED,27.5862
2025-07-09,SOXS,ARCX:SOXS,12889000.0,7.37,-0.0078,4759321000.0,12889000.0,0.0,-0.2193,77755000.0,519898000.0,BALANCED,8.5177
2025-07-10,SOXS,ARCX:SOXS,88130000.0,7.14,-0.0311,4847451000.0,88130000.0,0.0,0.6616,161358000.0,517031000.0,BALANCED,32.539
2025-07-11,SOXS,ARCX:SOXS,-12585000.0,7.19,0.0078,4834866000.0,0.0,-12585000.0,-0.5647,133122000.0,469309000.0,BALANCED,-6.1166
2025-07-14,SOXS,ARCX:SOXS,-92539000.0,7.4,0.0294,4742327000.0,0.0,-92539000.0,-1.428,75690000.0,333302000.0,BALANCED,-29.6999
2025-07-15,SOXS,ARCX:SOXS,21147000.0,7.17,-0.0317,4763474000.0,21147000.0,0.0,-0.1886,17042000.0,405025000.0,BALANCED,7.285
2025-07-16,SOXS,ARCX:SOXS,-45261000.0,7.24,0.0102,4718213000.0,0.0,-45261000.0,-1.0161,-41108000.0,288765000.0,BALANCED,-37.4027
2025-07-17,SOXS,ARCX:SOXS,50445000.0,7.16,-0.0119,4768658000.0,50445000.0,0.0,0.2629,-78793000.0,396948000.0,BALANCED,-1.4282
2025-07-18,SOXS,ARCX:SOXS,30397000.0,7.15,-0.0004,4799055000.0,30397000.0,0.0,0.0642,-35811000.0,465242000.0,BALANCED,-4.3951
2025-07-21,SOXS,ARCX:SOXS,41004000.0,7.13,-0.0029,4840059000.0,41004000.0,0.0,0.3232,97732000.0,539212000.0,BALANCED,24.0807
2025-07-22,SOXS,ARCX:SOXS,-63953000.0,7.44,0.0428,4776106000.0,0.0,-63953000.0,-1.2928,12632000.0,466822000.0,BALANCED,-24.319
2025-07-23,SOXS,ARCX:SOXS,-49659000.0,7.58,0.0195,4726447000.0,0.0,-49659000.0,-1.0105,8234000.0,166776000.0,BALANCED,-19.2632
2025-07-24,SOXS,ARCX:SOXS,-381000.0,7.63,0.0059,4726066000.0,0.0,-381000.0,-0.213,-42592000.0,115778000.0,BALANCED,-21.3245
2025-07-25,SOXS,ARCX:SOXS,14134000.0,7.64,0.0019,4740200000.0,14134000.0,0.0,0.0259,-58855000.0,93814000.0,BALANCED,-7.3528
2025-07-28,SOXS,ARCX:SOXS,38998000.0,7.22,-0.0548,4779198000.0,38998000.0,0.0,0.4198,-60861000.0,124933000.0,BALANCED,4.4945
2025-07-29,SOXS,ARCX:SOXS,76732000.0,7.2,-0.0024,4855930000.0,76732000.0,0.0,0.9486,79824000.0,204823000.0,BALANCED,39.714
2025-07-30,SOXS,ARCX:SOXS,16574000.0,7.05,-0.0211,4872504000.0,16574000.0,0.0,0.0289,146057000.0,190938000.0,BALANCED,18.7213
2025-07-31,SOXS,ARCX:SOXS,-96436000.0,7.75,0.0983,4776068000.0,0.0,-96436000.0,-1.7044,50002000.0,89975000.0,DISTRIBUTION,-34.6096
2025-08-01,SOXS,ARCX:SOXS,-39286000.0,8.02,0.0351,4736782000.0,0.0,-39286000.0,-0.817,-3418000.0,35038000.0,BALANCED,-34.4246
2025-08-04,SOXS,ARCX:SOXS,3458000.0,7.68,-0.0416,4740240000.0,3458000.0,0.0,-0.1749,-38958000.0,73603000.0,BALANCED,-12.3729
2025-08-05,SOXS,ARCX:SOXS,31458000.0,7.86,0.0236,4771698000.0,31458000.0,0.0,0.2506,-84232000.0,25266000.0,BALANCED,0.2647
2025-08-06,SOXS,ARCX:SOXS,-52649000.0,8.04,0.022,4719049000.0,0.0,-52649000.0,-1.222,-153455000.0,-40272000.0,BALANCED,-42.5508
2025-08-07,SOXS,ARCX:SOXS,-39723000.0,7.64,-0.0496,4679326000.0,0.0,-39723000.0,-0.888,-96742000.0,-168125000.0,BALANCED,-36.2009
2025-08-08,SOXS,ARCX:SOXS,-1866000.0,7.46,-0.0229,4677460000.0,0.0,-1866000.0,-0.0619,-59322000.0,-157406000.0,BALANCED,-17.547
2025-08-11,SOXS,ARCX:SOXS,12770000.0,7.51,0.0064,4690230000.0,12770000.0,0.0,0.2466,-50010000.0,-52097000.0,BALANCED,-1.8355
2025-08-12,SOXS,ARCX:SOXS,117232000.0,6.78,-0.0979,4807462000.0,117232000.0,0.0,2.1765,35764000.0,43988000.0,ACCUMULATION,68.4115
2025-08-13,SOXS,ARCX:SOXS,34037000.0,6.48,-0.0433,4841499000.0,34037000.0,0.0,0.557,122450000.0,123286000.0,BALANCED,29.9258
2025-08-14,SOXS,ARCX:SOXS,59835000.0,6.47,-0.0023,4901334000.0,59835000.0,0.0,1.0034,222008000.0,132676000.0,BALANCED,43.0838
2025-08-15,SOXS,ARCX:SOXS,-5889000.0,6.93,0.071,4895445000.0,0.0,-5889000.0,-0.2351,217985000.0,96390000.0,BALANCED,2.1224
2025-08-18,SOXS,ARCX:SOXS,89933000.0,6.87,-0.0091,4985378000.0,89933000.0,0.0,1.4676,295148000.0,145319000.0,BALANCED,48.6902
2025-08-19,SOXS,ARCX:SOXS,-64806000.0,7.2,0.0489,4920572000.0,0.0,-64806000.0,-1.3051,113110000.0,144466000.0,BALANCED,-24.6264
2025-08-20,SOXS,ARCX:SOXS,-87539000.0,7.33,0.0173,4833033000.0,0.0,-87539000.0,-1.5873,-8466000.0,106586000.0,DISTRIBUTION,-53.683
2025-08-21,SOXS,ARCX:SOXS,-28673000.0,7.45,0.0167,4804360000.0,0.0,-28673000.0,-0.499,-96974000.0,78294000.0,BALANCED,-28.4751
2025-08-22,SOXS,ARCX:SOXS,76430000.0,6.82,-0.0837,4880790000.0,76430000.0,0.0,1.3293,-14655000.0,140590000.0,BALANCED,25.2319
2025-08-25,SOXS,ARCX:SOXS,-15136000.0,6.88,0.0082,4865654000.0,0.0,-15136000.0,-0.3591,-119724000.0,86456000.0,BALANCED,-20.978
2025-08-26,SOXS,ARCX:SOXS,11383000.0,6.7,-0.0268,4877037000.0,11383000.0,0.0,0.142,-43535000.0,21107000.0,BALANCED,-4.4509
2025-08-27,SOXS,ARCX:SOXS,11310000.0,6.65,-0.0064,4888347000.0,11310000.0,0.0,0.107,55314000.0,15843000.0,BALANCED,16.674
2025-08-28,SOXS,ARCX:SOXS,19040000.0,6.57,-0.0131,4907387000.0,19040000.0,0.0,0.2766,103027000.0,131319000.0,BALANCED,22.9161
2025-08-29,SOXS,ARCX:SOXS,-72966000.0,7.15,0.0895,4834421000.0,0.0,-72966000.0,-1.3798,-46369000.0,97639000.0,BALANCED,-46.4939
2025-09-02,SOXS,ARCX:SOXS,-49004000.0,7.37,0.0301,4785417000.0,0.0,-49004000.0,-0.8746,-80237000.0,45177000.0,BALANCED,-35.8641
2025-09-03,SOXS,ARCX:SOXS,-33621000.0,7.47,0.0139,4751796000.0,0.0,-33621000.0,-0.6188,-125241000.0,-19902000.0,BALANCED,-31.4705
2025-09-04,SOXS,ARCX:SOXS,8677000.0,7.23,-0.0322,4760473000.0,8677000.0,0.0,0.1444,-127874000.0,41424000.0,BALANCED,-4.3898
2025-09-05,SOXS,ARCX:SOXS,5945000.0,6.99,-0.0327,4766418000.0,5945000.0,0.0,0.0881,-140969000.0,87092000.0,BALANCED,-3.7986
2025-09-08,SOXS,ARCX:SOXS,11296000.0,6.85,-0.0212,4777714000.0,11296000.0,0.0,0.1924,-56707000.0,100254000.0,BALANCED,0.8095
2025-09-09,SOXS,ARCX:SOXS,31416000.0,6.83,-0.0024,4809130000.0,31416000.0,0.0,0.5844,23713000.0,118900000.0,BALANCED,32.6112
2025-09-10,SOXS,ARCX:SOXS,73421000.0,6.47,-0.0528,4882551000.0,73421000.0,0.0,1.398,130755000.0,75089000.0,BALANCED,54.9504
2025-09-11,SOXS,ARCX:SOXS,111596000.0,6.34,-0.0198,4994147000.0,111596000.0,0.0,1.9329,233674000.0,152648000.0,ACCUMULATION,70.3214
2025-09-12,SOXS,ARCX:SOXS,11698000.0,6.32,-0.0028,5005845000.0,11698000.0,0.0,0.0772,239427000.0,104511000.0,BALANCED,25.9303
2025-09-15,SOXS,ARCX:SOXS,8628000.0,6.16,-0.0253,5014473000.0,8628000.0,0.0,-0.0122,236759000.0,119028000.0,BALANCED,25.6953
2025-09-16,SOXS,ARCX:SOXS,20320000.0,6.07,-0.0158,5034793000.0,20320000.0,0.0,0.2036,225663000.0,49415000.0,BALANCED,33.0903
2025-09-17,SOXS,ARCX:SOXS,39205000.0,6.08,0.0021,5073998000.0,39205000.0,0.0,0.5633,191447000.0,153426000.0,BALANCED,44.0831
2025-09-18,SOXS,ARCX:SOXS,223477000.0,5.43,-0.1065,5297475000.0,223477000.0,0.0,3.2203,303328000.0,464442000.0,ACCUMULATION,100.0
2025-09-19,SOXS,ARCX:SOXS,-64096000.0,5.55,0.0218,5233379000.0,0.0,-64096000.0,-1.2832,227534000.0,429019000.0,BALANCED,-24.0811
2025-09-22,SOXS,ARCX:SOXS,9268000.0,5.3,-0.0457,5242647000.0,9268000.0,0.0,-0.149,228174000.0,361857000.0,BALANCED,8.2757
2025-09-23,SOXS,ARCX:SOXS,9489000.0,5.27,0.006,5252136000.0,9489000.0,0.0,-0.1438,217343000.0,386482000.0,BALANCED,10.405
2025-09-24,SOXS,ARCX:SOXS,9260000.0,5.29,0.0038,5261396000.0,9260000.0,0.0,-0.0954,187398000.0,384359000.0,BALANCED,13.6142
2025-09-25,SOXS,ARCX:SOXS,-14696000.0,5.34,0.0099,5246700000.0,0.0,-14696000.0,-0.4575,-50775000.0,358353000.0,BALANCED,-23.4367
2025-09-26,SOXS,ARCX:SOXS,-37989000.0,5.31,-0.0058,5208711000.0,0.0,-37989000.0,-0.7817,-24668000.0,301324000.0,BALANCED,-33.5435
2025-09-29,SOXS,ARCX:SOXS,-6112000.0,5.32,0.0004,5202599000.0,0.0,-6112000.0,-0.265,-40048000.0,368178000.0,BALANCED,-22.6246
2025-09-30,SOXS,ARCX:SOXS,-5699000.0,5.18,-0.0252,5196900000.0,0.0,-5699000.0,-0.2129,-55236000.0,411483000.0,BALANCED,-23.3223
2025-10-01,SOXS,ARCX:SOXS,47902000.0,4.89,-0.0566,5244802000.0,47902000.0,0.0,0.6314,-16594000.0,493006000.0,BALANCED,7.7849
2025-10-02,SOXS,ARCX:SOXS,95914000.0,4.6,-0.0589,5340716000.0,95914000.0,0.0,1.369,94016000.0,580243000.0,BALANCED,48.2261
2025-10-03,SOXS,ARCX:SOXS,15988000.0,4.7,0.0222,5356704000.0,15988000.0,0.0,-0.0425,147993000.0,590286000.0,BALANCED,14.9381
2025-10-06,SOXS,ARCX:SOXS,103375000.0,4.27,-0.0916,5460079000.0,103375000.0,0.0,1.4444,257480000.0,682365000.0,BALANCED,54.1111
2025-10-07,SOXS,ARCX:SOXS,-7990000.0,4.57,0.0689,5452089000.0,0.0,-7990000.0,-0.4742,255189000.0,642959000.0,BALANCED,-3.8559
2025-10-08,SOXS,ARCX:SOXS,409000.0,4.09,-0.1032,5452498000.0,409000.0,0.0,-0.3228,207696000.0,569947000.0,BALANCED,3.9298
2025-10-09,SOXS,ARCX:SOXS,32207000.0,4.16,0.0149,5484705000.0,32207000.0,0.0,0.2119,143989000.0,490558000.0,BALANCED,19.2973
2025-10-10,SOXS,ARCX:SOXS,-50548000.0,4.96,0.1925,5434157000.0,0.0,-50548000.0,-1.143,77453000.0,428312000.0,BALANCED,-20.5742
2025-10-13,SOXS,ARCX:SOXS,24687000.0,4.22,-0.1485,5458844000.0,24687000.0,0.0,0.0678,-1235000.0,444371000.0,BALANCED,-6.3039
2025-10-14,SOXS,ARCX:SOXS,-98910000.0,4.5,0.0654,5359934000.0,0.0,-98910000.0,-1.9725,-92155000.0,325141000.0,DISTRIBUTION,-61.3137
2025-10-15,SOXS,ARCX:SOXS,15498000.0,4.08,-0.0929,5375432000.0,15498000.0,0.0,-0.0896,-77066000.0,301434000.0,BALANCED,-10.2405
2025-10-16,SOXS,ARCX:SOXS,83245000.0,4.02,-0.014,5458677000.0,83245000.0,0.0,0.9986,-26028000.0,161202000.0,BALANCED,18.964
2025-10-17,SOXS,ARCX:SOXS,-20731000.0,4.06,0.0108,5437946000.0,0.0,-20731000.0,-0.7124,3789000.0,204567000.0,BALANCED,-9.8106
2025-10-20,SOXS,ARCX:SOXS,17181000.0,3.86,-0.0502,5455127000.0,17181000.0,0.0,-0.0893,-3717000.0,212480000.0,BALANCED,-10.2315
2025-10-21,SOXS,ARCX:SOXS,1572000.0,3.93,0.0178,5456699000.0,1572000.0,0.0,-0.3303,96765000.0,204563000.0,BALANCED,5.7417
2025-10-22,SOXS,ARCX:SOXS,-114495000.0,4.22,0.0751,5342204000.0,0.0,-114495000.0,-2.0089,-33228000.0,80808000.0,DISTRIBUTION,-62.2215
2025-10-23,SOXS,ARCX:SOXS,86529000.0,3.91,-0.0754,5428733000.0,86529000.0,0.0,1.1348,-29944000.0,182033000.0,BALANCED,20.3693
2025-10-24,SOXS,ARCX:SOXS,19911000.0,3.72,-0.0473,5448644000.0,19911000.0,0.0,0.0811,10698000.0,239933000.0,BALANCED,16.0282
2025-10-27,SOXS,ARCX:SOXS,24697000.0,3.41,-0.0847,5473341000.0,24697000.0,0.0,0.148,18214000.0,270742000.0,BALANCED,19.701
2025-10-28,SOXS,ARCX:SOXS,5278000.0,3.4,-0.0005,5478619000.0,5278000.0,0.0,-0.1498,21920000.0,281719000.0,BALANCED,14.2549
2025-10-29,SOXS,ARCX:SOXS,39787000.0,3.22,-0.0538,5518406000.0,39787000.0,0.0,0.3931,176202000.0,273604000.0,BALANCED,29.8271
2025-10-30,SOXS,ARCX:SOXS,61194000.0,3.36,0.0437,5579600000.0,61194000.0,0.0,1.0198,150867000.0,238884000.0,BALANCED,47.496
2025-10-31,SOXS,ARCX:SOXS,22450000.0,3.33,-0.0108,5602050000.0,22450000.0,0.0,0.2079,153406000.0,245346000.0,BALANCED,29.1963
2025-11-03,SOXS,ARCX:SOXS,-14239000.0,3.27,-0.0158,5587811000.0,0.0,-14239000.0,-0.5241,114470000.0,127732000.0,BALANCED,-5.1019
2025-11-04,SOXS,ARCX:SOXS,-34534000.0,3.67,0.1223,5553277000.0,0.0,-34534000.0,-0.8943,74658000.0,101188000.0,BALANCED,-16.3583
2025-11-05,SOXS,ARCX:SOXS,30811000.0,3.31,-0.0982,5584088000.0,30811000.0,0.0,0.4012,65682000.0,131590000.0,BALANCED,22.0309
2025-11-06,SOXS,ARCX:SOXS,-60573000.0,3.58,0.0819,5523515000.0,0.0,-60573000.0,-1.3562,-56085000.0,38810000.0,BALANCED,-45.9052
2025-11-07,SOXS,ARCX:SOXS,-118606000.0,3.69,0.0309,5404909000.0,0.0,-118606000.0,-2.2376,-197141000.0,-29248000.0,DISTRIBUTION,-69.9399
2025-11-10,SOXS,ARCX:SOXS,-6456000.0,3.4,-0.0804,5398453000.0,0.0,-6456000.0,-0.2321,-189358000.0,-60391000.0,BALANCED,-21.8037
2025-11-11,SOXS,ARCX:SOXS,-20392000.0,3.64,0.0717,5378061000.0,0.0,-20392000.0,-0.4711,-175216000.0,18127000.0,BALANCED,-29.7771
2025-11-12,SOXS,ARCX:SOXS,3993000.0,3.47,-0.0466,5382054000.0,3993000.0,0.0,-0.0105,-202034000.0,6622000.0,BALANCED,-8.262
2025-11-13,SOXS,ARCX:SOXS,-24378000.0,3.84,0.1058,5357676000.0,0.0,-24378000.0,-0.4705,-165839000.0,-101001000.0,BALANCED,-23.7636
2025-11-14,SOXS,ARCX:SOXS,7167000.0,3.87,0.0091,5364843000.0,7167000.0,0.0,0.1302,-40066000.0,-73103000.0,BALANCED,-4.744
2025-11-17,SOXS,ARCX:SOXS,-16707000.0,4.07,0.0519,5348136000.0,0.0,-16707000.0,-0.2632,-50317000.0,-106991000.0,BALANCED,-18.5805
2025-11-18,SOXS,ARCX:SOXS,-85805000.0,4.36,0.0689,5262331000.0,0.0,-85805000.0,-1.5426,-115730000.0,-194368000.0,DISTRIBUTION,-52.5645
2025-11-19,SOXS,ARCX:SOXS,5382000.0,4.14,-0.0495,5267713000.0,5382000.0,0.0,0.2239,-114341000.0,-74491000.0,BALANCED,-2.4032
2025-11-20,SOXS,ARCX:SOXS,-19676000.0,4.74,0.1453,5248037000.0,0.0,-19676000.0,-0.2307,-109639000.0,-180696000.0,BALANCED,-17.7677
2025-11-21,SOXS,ARCX:SOXS,-50119000.0,4.6,-0.0302,5197918000.0,0.0,-50119000.0,-0.827,-166925000.0,-250726000.0,BALANCED,-34.6761
2025-11-24,SOXS,ARCX:SOXS,53458000.0,3.99,-0.1324,5251376000.0,53458000.0,0.0,1.1616,-96760000.0,-221965000.0,BALANCED,21.0406
2025-11-25,SOXS,ARCX:SOXS,-22950000.0,3.96,-0.0081,5228426000.0,0.0,-22950000.0,-0.3781,-33905000.0,-250193000.0,BALANCED,-21.4517
2025-11-26,SOXS,ARCX:SOXS,118176000.0,3.63,-0.0825,5346602000.0,118176000.0,0.0,2.2109,78889000.0,-171804000.0,ACCUMULATION,67.2713
2025-11-28,SOXS,ARCX:SOXS,11147000.0,3.43,-0.0553,5357749000.0,11147000.0,0.0,0.2814,109712000.0,-221851000.0,BALANCED,21.0361
2025-12-01,SOXS,ARCX:SOXS,38317000.0,3.44,0.002,5396066000.0,38317000.0,0.0,0.7637,198148000.0,-205984000.0,BALANCED,35.093
2025-12-02,SOXS,ARCX:SOXS,25802000.0,3.23,-0.0615,5421868000.0,25802000.0,0.0,0.5162,170492000.0,-165943000.0,BALANCED,30.9057
2025-12-03,SOXS,ARCX:SOXS,74903000.0,3.02,-0.0636,5496771000.0,74903000.0,0.0,1.3637,268345000.0,-56506000.0,BALANCED,54.0925
2025-12-04,SOXS,ARCX:SOXS,35642000.0,3.11,0.0306,5532413000.0,35642000.0,0.0,0.5905,185811000.0,-51675000.0,BALANCED,36.7626
2025-12-05,SOXS,ARCX:SOXS,14494000.0,3.02,-0.03,5546907000.0,14494000.0,0.0,0.2232,189158000.0,23392000.0,BALANCED,29.5792
2025-12-08,SOXS,ARCX:SOXS,20187000.0,2.93,-0.0311,5567094000.0,20187000.0,0.0,0.3433,171028000.0,162185000.0,BALANCED,34.583
2025-12-09,SOXS,ARCX:SOXS,14415000.0,2.94,0.0055,5581509000.0,14415000.0,0.0,0.2291,159641000.0,183056000.0,BALANCED,33.7277
2025-12-10,SOXS,ARCX:SOXS,7766000.0,2.82,-0.0401,5589275000.0,7766000.0,0.0,0.0864,92504000.0,211214000.0,BALANCED,32.1603
2025-12-11,SOXS,ARCX:SOXS,14962000.0,2.88,0.0189,5604237000.0,14962000.0,0.0,0.2589,71824000.0,222183000.0,BALANCED,36.4716
2025-12-12,SOXS,ARCX:SOXS,-67065000.0,3.3,0.1454,5537172000.0,0.0,-67065000.0,-1.3941,-9735000.0,179496000.0,BALANCED,-46.8529
2025-12-15,SOXS,ARCX:SOXS,-43771000.0,3.34,0.0139,5493401000.0,0.0,-43771000.0,-0.8455,-73693000.0,128558000.0,BALANCED,-35.1381
2025-12-16,SOXS,ARCX:SOXS,-31408000.0,3.4,0.0162,5461993000.0,0.0,-31408000.0,-0.5703,-119516000.0,113857000.0,BALANCED,-30.2572
2025-12-17,SOXS,ARCX:SOXS,-43211000.0,3.77,0.1114,5418782000.0,0.0,-43211000.0,-0.8079,-170493000.0,156451000.0,BALANCED,-38.1978
2025-12-18,SOXS,ARCX:SOXS,10649000.0,3.49,-0.0749,5429431000.0,10649000.0,0.0,0.3323,-174806000.0,161718000.0,BALANCED,0.3069
2025-12-19,SOXS,ARCX:SOXS,12489000.0,3.2,-0.0828,5441920000.0,12489000.0,0.0,0.3272,-95252000.0,193883000.0,BALANCED,2.1791
2025-12-22,SOXS,ARCX:SOXS,-26266000.0,3.09,-0.035,5415654000.0,0.0,-26266000.0,-0.6444,-77747000.0,217736000.0,BALANCED,-28.109
2025-12-23,SOXS,ARCX:SOXS,1206000.0,3.02,-0.0107,5416860000.0,1206000.0,0.0,0.0143,-45133000.0,165484000.0,BALANCED,-7.6414
2025-12-24,SOXS,ARCX:SOXS,11933000.0,2.98,-0.0109,5428793000.0,11933000.0,0.0,0.2489,10011000.0,200367000.0,BALANCED,20.2218
2025-12-26,SOXS,ARCX:SOXS,6580000.0,2.99,0.0026,5435373000.0,6580000.0,0.0,0.1167,5942000.0,88771000.0,BALANCED,18.917
2025-12-29,SOXS,ARCX:SOXS,4824000.0,3.01,0.008,5440197000.0,4824000.0,0.0,0.0507,-1723000.0,82448000.0,BALANCED,-0.7316
2025-12-30,SOXS,ARCX:SOXS,-4391000.0,3.03,0.0044,5435806000.0,0.0,-4391000.0,-0.1653,20152000.0,39740000.0,BALANCED,3.8678
2025-12-31,SOXS,ARCX:SOXS,-5028000.0,3.14,0.0378,5430778000.0,0.0,-5028000.0,-0.191,13918000.0,8910000.0,BALANCED,1.2247
2026-01-02,SOXS,ARCX:SOXS,111370000.0,2.74,-0.1271,5542148000.0,111370000.0,0.0,2.4381,113355000.0,45377000.0,ACCUMULATION,72.9513
2026-01-05,SOXS,ARCX:SOXS,53952000.0,2.63,-0.0406,5596100000.0,53952000.0,0.0,1.0088,160727000.0,63687000.0,BALANCED,39.2212
2026-01-06,SOXS,ARCX:SOXS,149382000.0,2.38,-0.0962,5745482000.0,149382000.0,0.0,2.7035,305285000.0,198575000.0,ACCUMULATION,83.5887
2026-01-07,SOXS,ARCX:SOXS,1966000.0,2.46,0.0334,5747448000.0,1966000.0,0.0,-0.3437,311642000.0,180354000.0,BALANCED,9.408
2026-01-08,SOXS,ARCX:SOXS,-65330000.0,2.58,0.0505,5682118000.0,0.0,-65330000.0,-1.6112,251340000.0,100609000.0,DISTRIBUTION,-32.2801
2026-01-09,SOXS,ARCX:SOXS,21552000.0,2.36,-0.0878,5703670000.0,21552000.0,0.0,0.1166,161522000.0,114395000.0,BALANCED,14.9156
2026-01-12,SOXS,ARCX:SOXS,45913000.0,2.32,-0.013,5749583000.0,45913000.0,0.0,0.7153,153483000.0,145346000.0,BALANCED,31.8831
2026-01-13,SOXS,ARCX:SOXS,44721000.0,2.26,-0.026,5794304000.0,44721000.0,0.0,0.6593,48822000.0,257132000.0,BALANCED,32.4821
2026-01-14,SOXS,ARCX:SOXS,-26038000.0,2.29,0.0131,5768266000.0,0.0,-26038000.0,-0.8337,20818000.0,274865000.0,BALANCED,-12.8417
2026-01-15,SOXS,ARCX:SOXS,99264000.0,2.18,-0.0501,5867530000.0,99264000.0,0.0,1.7323,185412000.0,405537000.0,ACCUMULATION,55.3066
2026-01-16,SOXS,ARCX:SOXS,21989000.0,2.08,-0.0436,5889519000.0,21989000.0,0.0,0.1876,185849000.0,470737000.0,BALANCED,18.6909
2026-01-20,SOXS,ARCX:SOXS,10682000.0,2.18,0.046,5900201000.0,10682000.0,0.0,-0.0334,150618000.0,470770000.0,BALANCED,15.1649
2026-01-21,SOXS,ARCX:SOXS,27172000.0,1.97,-0.0968,5927373000.0,27172000.0,0.0,0.3063,133069000.0,485453000.0,BALANCED,25.6576
2026-01-22,SOXS,ARCX:SOXS,18357000.0,1.96,-0.0029,5945730000.0,18357000.0,0.0,0.1213,177464000.0,530076000.0,BALANCED,23.0318
2026-01-23,SOXS,ARCX:SOXS,-30685000.0,2.03,0.0351,5915045000.0,0.0,-30685000.0,-0.8718,47515000.0,498185000.0,BALANCED,-13.7951
2026-01-26,SOXS,ARCX:SOXS,-45057000.0,2.06,0.0147,5869988000.0,0.0,-45057000.0,-1.1097,-19531000.0,441195000.0,BALANCED,-41.7426
2026-01-27,SOXS,ARCX:SOXS,19229000.0,1.91,-0.0722,5889217000.0,19229000.0,0.0,0.1983,-10984000.0,453844000.0,BALANCED,-3.0417
2026-01-28,SOXS,ARCX:SOXS,63659000.0,1.76,-0.0784,5952876000.0,63659000.0,0.0,1.0416,25503000.0,512679000.0,BALANCED,40.0404
2026-01-29,SOXS,ARCX:SOXS,-6586000.0,1.76,-0.004,5946290000.0,0.0,-6586000.0,-0.4639,560000.0,510484000.0,BALANCED,-3.5981
2026-01-30,SOXS,ARCX:SOXS,11266000.0,1.98,0.1254,5957556000.0,11266000.0,0.0,-0.1144,42511000.0,526778000.0,BALANCED,9.1399
2026-02-02,SOXS,ARCX:SOXS,-32370000.0,1.86,-0.0587,5925186000.0,0.0,-32370000.0,-1.0832,55198000.0,383038000.0,BALANCED,-19.0789
2026-02-03,SOXS,ARCX:SOXS,-56553000.0,1.98,0.0629,5868633000.0,0.0,-56553000.0,-1.5019,-20584000.0,272533000.0,DISTRIBUTION,-51.5483
2026-02-04,SOXS,ARCX:SOXS,-91099000.0,2.24,0.132,5777534000.0,0.0,-91099000.0,-1.9984,-175342000.0,32052000.0,DISTRIBUTION,-65.959
2026-02-05,SOXS,ARCX:SOXS,-3124000.0,2.23,-0.0031,5774410000.0,0.0,-3124000.0,-0.2971,-171880000.0,26962000.0,BALANCED,-25.4263
2026-02-06,SOXS,ARCX:SOXS,105658000.0,1.87,-0.1612,5880068000.0,105658000.0,0.0,1.6857,-77488000.0,197950000.0,ACCUMULATION,34.1435
2026-02-09,SOXS,ARCX:SOXS,32740000.0,1.8,-0.0363,5912808000.0,32740000.0,0.0,0.3098,-12378000.0,209138000.0,BALANCED,1.7446
2026-02-10,SOXS,ARCX:SOXS,2651000.0,1.83,0.0136,5915459000.0,2651000.0,0.0,-0.2489,46826000.0,165876000.0,BALANCED,9.7765
2026-02-11,SOXS,ARCX:SOXS,44994000.0,1.69,-0.0766,5960453000.0,44994000.0,0.0,0.5135,182919000.0,166149000.0,BALANCED,30.8382
2026-02-12,SOXS,ARCX:SOXS,6626000.0,1.82,0.0753,5967079000.0,6626000.0,0.0,-0.2063,192669000.0,198813000.0,BALANCED,14.8433
2026-02-13,SOXS,ARCX:SOXS,4420000.0,1.77,-0.0262,5971499000.0,4420000.0,0.0,-0.2537,91431000.0,103969000.0,BALANCED,15.6573
2026-02-17,SOXS,ARCX:SOXS,-3558000.0,1.78,0.0063,5967941000.0,0.0,-3558000.0,-0.3498,55133000.0,78422000.0,BALANCED,-0.7443
2026-02-18,SOXS,ARCX:SOXS,16326000.0,1.72,-0.034,5984267000.0,16326000.0,0.0,0.0675,68808000.0,84066000.0,BALANCED,13.6869
2026-02-19,SOXS,ARCX:SOXS,-38082000.0,1.75,0.0188,5946185000.0,0.0,-38082000.0,-1.0199,-14268000.0,18812000.0,BALANCED,-37.4976
2026-02-20,SOXS,ARCX:SOXS,20127000.0,1.7,-0.0299,5966312000.0,20127000.0,0.0,0.2919,-767000.0,20582000.0,BALANCED,-0.7021
2026-02-23,SOXS,ARCX:SOXS,-26097000.0,1.73,0.0209,5940215000.0,0.0,-26097000.0,-0.8209,-31284000.0,25170000.0,BALANCED,-32.5219
2026-02-24,SOXS,ARCX:SOXS,86979000.0,1.66,-0.0427,6027194000.0,86979000.0,0.0,1.7089,59253000.0,157206000.0,ACCUMULATION,54.7219
2026-02-25,SOXS,ARCX:SOXS,34185000.0,1.58,-0.0465,6061379000.0,34185000.0,0.0,0.5368,77112000.0,172162000.0,BALANCED,27.4206
2026-02-26,SOXS,ARCX:SOXS,-104030000.0,1.73,0.091,5957349000.0,0.0,-104030000.0,-2.2583,11164000.0,4473000.0,DISTRIBUTION,-48.4566
2026-02-27,SOXS,ARCX:SOXS,-16424000.0,1.79,0.0396,5940925000.0,0.0,-16424000.0,-0.4593,-25387000.0,-5365000.0,BALANCED,-25.4825
2026-03-02,SOXS,ARCX:SOXS,-38363000.0,1.8,0.001,5902562000.0,0.0,-38363000.0,-0.8677,-37653000.0,-54994000.0,BALANCED,-37.6917
2026-03-03,SOXS,ARCX:SOXS,-85892000.0,2.06,0.1491,5816670000.0,0.0,-85892000.0,-1.7371,-210524000.0,-108516000.0,DISTRIBUTION,-61.4263
2026-03-04,SOXS,ARCX:SOXS,-948916000.0,1.94,-0.0627,4867754000.0,0.0,-948916000.0,-5.1014,-1193625000.0,-1000879000.0,DISTRIBUTION,-100.0
2026-03-05,SOXS,ARCX:SOXS,1009871000.0,40.06,0.0351,5877625000.0,1009871000.0,0.0,3.8649,-79724000.0,100091000.0,ACCUMULATION,88.622
2026-03-06,SOXS,ARCX:SOXS,-67784000.0,45.18,0.1279,5809841000.0,0.0,-67784000.0,-0.2415,-131084000.0,35431000.0,BALANCED,-18.0364
2026-03-09,SOXS,ARCX:SOXS,11934000.0,39.77,-0.1197,5821775000.0,11934000.0,0.0,0.0574,-80787000.0,-58293000.0,BALANCED,-6.5643
2026-03-10,SOXS,ARCX:SOXS,-3894000.0,38.93,-0.021,5817881000.0,0.0,-3894000.0,-0.0082,1211000.0,-94927000.0,BALANCED,7.794
2026-03-11,SOXS,ARCX:SOXS,58593000.0,37.79,-0.0293,5876474000.0,58593000.0,0.0,0.2252,1008720000.0,-38985000.0,BALANCED,17.6309
2026-03-12,SOXS,ARCX:SOXS,6229000.0,41.8,0.1061,5882703000.0,6229000.0,0.0,0.0327,5078000.0,-77750000.0,BALANCED,14.8183
2026-03-13,SOXS,ARCX:SOXS,-49680000.0,41.39,-0.0099,5833023000.0,0.0,-49680000.0,-0.1753,23182000.0,-134056000.0,BALANCED,3.618
2026-03-16,SOXS,ARCX:SOXS,54535000.0,38.94,-0.0591,5887558000.0,54535000.0,0.0,0.217,65783000.0,-83941000.0,BALANCED,17.4243
2026-03-17,SOXS,ARCX:SOXS,11421000.0,38.06,-0.0227,5898979000.0,11421000.0,0.0,0.0469,81098000.0,-68962000.0,BALANCED,15.1729
2026-03-18,SOXS,ARCX:SOXS,48451000.0,38.75,0.0182,5947430000.0,48451000.0,0.0,0.1749,70956000.0,-36837000.0,BALANCED,20.3729
2026-03-19,SOXS,ARCX:SOXS,-38087000.0,38.08,-0.0174,5909343000.0,0.0,-38087000.0,-0.1624,26640000.0,-36842000.0,BALANCED,3.9388
2026-03-20,SOXS,ARCX:SOXS,-6120000.0,40.79,0.0712,5903223000.0,0.0,-6120000.0,-0.0398,70200000.0,-63089000.0,BALANCED,5.0044
2026-03-23,SOXS,ARCX:SOXS,-7844000.0,39.21,-0.0387,5895379000.0,0.0,-7844000.0,-0.032,7821000.0,-44836000.0,BALANCED,3.1992
2026-03-24,SOXS,ARCX:SOXS,78601000.0,37.42,-0.0383,5973980000.0,78601000.0,0.0,0.2932,75001000.0,-53214000.0,BALANCED,19.3296
2026-03-25,SOXS,ARCX:SOXS,93627000.0,36.0,-0.0379,6067607000.0,93627000.0,0.0,0.3384,120177000.0,6228000.0,BALANCED,22.4605
2026-03-26,SOXS,ARCX:SOXS,-65961000.0,41.21,0.1448,6001646000.0,0.0,-65961000.0,-0.2571,92303000.0,44297000.0,BALANCED,1.5719
2026-03-27,SOXS,ARCX:SOXS,-123211000.0,43.21,0.0487,5878435000.0,0.0,-123211000.0,-0.4575,-24788000.0,-62490000.0,BALANCED,-25.4375
2026-03-30,SOXS,ARCX:SOXS,-292537000.0,48.74,0.1278,5585898000.0,0.0,-292537000.0,-1.0432,-309481000.0,-316664000.0,BALANCED,-42.0795
2026-03-31,SOXS,ARCX:SOXS,115178000.0,39.7,-0.1854,5701076000.0,115178000.0,0.0,0.461,-272904000.0,-115594000.0,BALANCED,3.5257
2026-04-01,SOXS,ARCX:SOXS,259085000.0,36.22,-0.0876,5960161000.0,259085000.0,0.0,0.9502,-107446000.0,1092407000.0,BALANCED,17.7539
2026-04-02,SOXS,ARCX:SOXS,107795000.0,35.91,-0.0084,6067956000.0,107795000.0,0.0,0.3784,66310000.0,190331000.0,BALANCED,25.4604
2026-04-06,SOXS,ARCX:SOXS,-19003000.0,34.53,-0.0384,6048953000.0,0.0,-19003000.0,-0.0794,170518000.0,239112000.0,BALANCED,6.0159
2026-04-07,SOXS,ARCX:SOXS,33454000.0,33.43,-0.0317,6082407000.0,33454000.0,0.0,0.1047,496509000.0,260632000.0,BALANCED,14.6185
2026-04-08,SOXS,ARCX:SOXS,415149000.0,26.95,-0.1942,6497556000.0,415149000.0,0.0,1.407,796480000.0,679675000.0,BALANCED,49.1753
2026-04-09,SOXS,ARCX:SOXS,292291000.0,25.19,-0.0653,6789847000.0,292291000.0,0.0,0.9294,829686000.0,913373000.0,BALANCED,39.2348
2026-04-10,SOXS,ARCX:SOXS,193926000.0,23.64,-0.0614,6983773000.0,193926000.0,0.0,0.5528,915817000.0,1101070000.0,BALANCED,31.8193
2026-04-13,SOXS,ARCX:SOXS,78303000.0,22.36,-0.054,7062076000.0,78303000.0,0.0,0.1417,1013123000.0,1229053000.0,BALANCED,23.5423
2026-04-14,SOXS,ARCX:SOXS,97765000.0,21.01,-0.0602,7159841000.0,97765000.0,0.0,0.1935,1077434000.0,1272283000.0,BALANCED,26.8366
2026-04-15,SOXS,ARCX:SOXS,34534000.0,20.92,-0.0045,7194375000.0,34534000.0,0.0,-0.0396,696819000.0,1295396000.0,BALANCED,23.0103
2026-04-16,SOXS,ARCX:SOXS,129807000.0,20.27,-0.0309,7324182000.0,129807000.0,0.0,0.2198,534335000.0,1376752000.0,BALANCED,31.4944
2026-04-17,SOXS,ARCX:SOXS,159422000.0,18.86,-0.0698,7483604000.0,159422000.0,0.0,0.8066,499831000.0,1574261000.0,BALANCED,48.1647
2026-04-20,SOXS,ARCX:SOXS,17694000.0,18.62,-0.0128,7501298000.0,17694000.0,0.0,-0.2988,439222000.0,1598075000.0,BALANCED,22.5297
2026-04-21,SOXS,ARCX:SOXS,76535000.0,18.21,-0.0216,7577833000.0,76535000.0,0.0,0.1393,417992000.0,1682454000.0,BALANCED,33.4817
2026-04-22,SOXS,ARCX:SOXS,113241000.0,16.77,-0.0794,7691074000.0,113241000.0,0.0,0.3936,496699000.0,1717094000.0,BALANCED,39.8404
2026-04-23,SOXS,ARCX:SOXS,175020000.0,15.69,-0.0644,7866094000.0,175020000.0,0.0,0.8318,541912000.0,1798487000.0,BALANCED,50.7945
2026-04-24,SOXS,ARCX:SOXS,431446000.0,13.51,-0.1384,8297540000.0,431446000.0,0.0,2.4023,813936000.0,2295894000.0,ACCUMULATION,90.0566
2026-04-27,SOXS,ARCX:SOXS,-133510000.0,14.04,0.0391,8164030000.0,0.0,-133510000.0,-1.4134,662732000.0,2285595000.0,BALANCED,-27.3357
2026-04-28,SOXS,ARCX:SOXS,-148453000.0,15.62,0.1119,8015577000.0,0.0,-148453000.0,-1.4153,437744000.0,2429679000.0,BALANCED,-29.3832
2026-04-29,SOXS,ARCX:SOXS,41079000.0,14.4,-0.0776,8056656000.0,41079000.0,0.0,-0.1994,365582000.0,2355580000.0,BALANCED,7.0159
2026-04-30,SOXS,ARCX:SOXS,71877000.0,13.3,-0.0765,8128533000.0,71877000.0,0.0,-0.0053,262439000.0,2168372000.0,BALANCED,13.8664
2026-05-01,SOXS,ARCX:SOXS,69465000.0,12.97,-0.0245,8197998000.0,69465000.0,0.0,-0.0445,-99542000.0,2130042000.0,BALANCED,-5.1133
2026-05-04,SOXS,ARCX:SOXS,15937000.0,13.27,0.0229,8213935000.0,15937000.0,0.0,-0.3996,49905000.0,2164982000.0,BALANCED,8.0102
2026-05-05,SOXS,ARCX:SOXS,307841000.0,11.5,-0.1335,8521776000.0,307841000.0,0.0,1.3976,506199000.0,2439369000.0,BALANCED,54.9406
2026-05-06,SOXS,ARCX:SOXS,170932000.0,9.79,-0.1488,8692708000.0,170932000.0,0.0,0.5072,636052000.0,2195152000.0,BALANCED,34.6797
2026-05-07,SOXS,ARCX:SOXS,72216000.0,10.61,0.0842,8764924000.0,72216000.0,0.0,-0.1117,636391000.0,1975077000.0,BALANCED,21.2068
2026-05-08,SOXS,ARCX:SOXS,221299000.0,8.83,-0.1682,8986223000.0,221299000.0,0.0,0.7744,788225000.0,2002450000.0,BALANCED,45.3593
2026-05-11,SOXS,ARCX:SOXS,175426000.0,8.2,-0.0721,9161649000.0,175426000.0,0.0,0.4339,947714000.0,2099573000.0,BALANCED,38.8465
2026-05-12,SOXS,ARCX:SOXS,-229609000.0,8.97,0.0941,8932040000.0,0.0,-229609000.0,-2.3256,410264000.0,1772199000.0,DISTRIBUTION,-50.1399
2026-05-13,SOXS,ARCX:SOXS,32113000.0,8.34,-0.07,8964153000.0,32113000.0,0.0,-0.52,271445000.0,1769778000.0,BALANCED,-1.0011
2026-05-14,SOXS,ARCX:SOXS,35187000.0,9.26,0.1101,8999340000.0,35187000.0,0.0,-0.4554,234416000.0,1675158000.0,BALANCED,2.6145
2026-05-15,SOXS,ARCX:SOXS,0.0,9.26,0.0,8999340000.0,0.0,0.0,-0.6677,13117000.0,1515736000.0,BALANCED,-6.6922
2026-05-18,SOXS,ARCX:SOXS,-65294000.0,9.97,0.0765,8934046000.0,0.0,-65294000.0,-1.092,-227603000.0,1432748000.0,BALANCED,-39.3012
2026-05-19,SOXS,ARCX:SOXS,77051000.0,9.94,-0.0027,9011097000.0,77051000.0,0.0,-0.1395,79057000.0,1433264000.0,BALANCED,8.5116
2026-05-20,SOXS,ARCX:SOXS,80111000.0,8.52,-0.1428,9091208000.0,80111000.0,0.0,-0.0471,127055000.0,1400134000.0,BALANCED,12.8224
2026-05-21,SOXS,ARCX:SOXS,43490000.0,8.28,-0.028,9134698000.0,43490000.0,0.0,-0.2685,135358000.0,1268604000.0,BALANCED,9.2869
2026-05-22,SOXS,ARCX:SOXS,89554000.0,7.72,-0.068,9224252000.0,89554000.0,0.0,0.1168,224912000.0,926712000.0,BALANCED,20.9208
2026-05-25,SOXS,ARCX:SOXS,-89552000.0,7.72,-0.0,9134700000.0,0.0,-89552000.0,-1.2132,200654000.0,970670000.0,BALANCED,-22.3294
2026-05-26,SOXS,ARCX:SOXS,347815000.0,6.3,-0.1845,9482515000.0,347815000.0,0.0,1.9275,471418000.0,1466938000.0,ACCUMULATION,60.1887
2026-05-27,SOXS,ARCX:SOXS,-56785000.0,6.53,0.0368,9425730000.0,0.0,-56785000.0,-0.9223,334522000.0,1369074000.0,BALANCED,-15.0568
2026-05-28,SOXS,ARCX:SOXS,9155000.0,6.31,-0.0327,9434885000.0,9155000.0,0.0,-0.4301,300187000.0,1306352000.0,BALANCED,1.2479
2026-05-29,SOXS,ARCX:SOXS,29199000.0,6.35,0.0054,9464084000.0,29199000.0,0.0,-0.2602,239832000.0,1266086000.0,BALANCED,7.4941
2026-06-01,SOXS,ARCX:SOXS,28125000.0,6.25,-0.0154,9492209000.0,28125000.0,0.0,-0.2705,357509000.0,1278274000.0,BALANCED,9.2376
2026-06-02,SOXS,ARCX:SOXS,305981000.0,5.16,-0.1737,9798190000.0,305981000.0,0.0,1.5675,315675000.0,1276414000.0,ACCUMULATION,57.1875
2026-06-03,SOXS,ARCX:SOXS,131902000.0,4.9,-0.0505,9930092000.0,131902000.0,0.0,0.3864,504362000.0,1237384000.0,BALANCED,29.6608
2026-06-04,SOXS,ARCX:SOXS,-69377000.0,5.22,0.0638,9860715000.0,0.0,-69377000.0,-0.9106,425830000.0,1095791000.0,BALANCED,-14.7652
2026-06-05,SOXS,ARCX:SOXS,-177580000.0,6.84,0.3119,9683135000.0,0.0,-177580000.0,-1.6109,219051000.0,696912000.0,DISTRIBUTION,-34.2719
2026-06-08,SOXS,ARCX:SOXS,70383000.0,5.65,-0.1739,9753518000.0,70383000.0,0.0,0.1291,261309000.0,591869000.0,BALANCED,15.2284
2026-06-09,SOXS,ARCX:SOXS,-164132000.0,5.93,0.0481,9589386000.0,0.0,-164132000.0,-1.5976,-208804000.0,657346000.0,DISTRIBUTION,-51.9392
2026-06-10,SOXS,ARCX:SOXS,-36494000.0,6.58,0.1097,9552892000.0,0.0,-36494000.0,-0.6326,-377200000.0,588739000.0,BALANCED,-29.8141
2026-06-11,SOXS,ARCX:SOXS,90976000.0,4.93,-0.2501,9643868000.0,90976000.0,0.0,0.296,-216847000.0,644528000.0,BALANCED,-0.599
2026-06-12,SOXS,ARCX:SOXS,121267000.0,4.71,-0.0449,9765135000.0,121267000.0,0.0,0.5029,82000000.0,765795000.0,BALANCED,26.5726
2026-06-15,SOXS,ARCX:SOXS,95243000.0,3.94,-0.1626,9860378000.0,95243000.0,0.0,0.294,106860000.0,926332000.0,BALANCED,23.3491
2026-06-16,SOXS,ARCX:SOXS,-88326000.0,4.64,0.1757,9772052000.0,0.0,-88326000.0,-0.9921,182666000.0,760955000.0,BALANCED,-16.8015
2026-06-17,SOXS,ARCX:SOXS,52075000.0,4.45,-0.04,9824127000.0,52075000.0,0.0,0.1115,271235000.0,732919000.0,BALANCED,14.788
2026-06-18,SOXS,ARCX:SOXS,437072000.0,3.57,-0.198,10261199000.0,437072000.0,0.0,2.6171,617331000.0,1126501000.0,ACCUMULATION,79.4273
2026-06-19,SOXS,ARCX:SOXS,-437024000.0,3.57,-0.0001,9824175000.0,0.0,-437024000.0,-2.7516,59040000.0,599923000.0,DISTRIBUTION,-60.7908
2026-06-22,SOXS,ARCX:SOXS,459751000.0,3.3,-0.0746,10283926000.0,459751000.0,0.0,2.2858,423548000.0,1149226000.0,ACCUMULATION,69.1449
2026-06-23,SOXS,ARCX:SOXS,-333830000.0,4.05,0.238,9950096000.0,0.0,-333830000.0,-1.9271,178044000.0,467581000.0,DISTRIBUTION,-40.1768
2026-06-24,SOXS,ARCX:SOXS,-150477000.0,4.07,0.0039,9799619000.0,0.0,-150477000.0,-0.9202,-24508000.0,373889000.0,BALANCED,-37.005
2026-06-25,SOXS,ARCX:SOXS,181000.0,3.62,-0.1107,9799800000.0,181000.0,0.0,-0.1367,-461399000.0,364915000.0,BALANCED,-11.4177
2026-06-26,SOXS,ARCX:SOXS,-53536000.0,4.22,0.1655,9746264000.0,0.0,-53536000.0,-0.4036,-77911000.0,282180000.0,BALANCED,-22.0892
2026-06-29,SOXS,ARCX:SOXS,-9476000.0,3.72,-0.1185,9736788000.0,0.0,-9476000.0,-0.187,-547138000.0,244579000.0,BALANCED,-18.676
2026-06-30,SOXS,ARCX:SOXS,267376000.0,3.24,-0.1284,10004164000.0,267376000.0,0.0,1.1803,54068000.0,205974000.0,BALANCED,41.5078
2026-07-01,SOXS,ARCX:SOXS,-219198000.0,3.87,0.1957,9784966000.0,0.0,-219198000.0,-1.1908,-14653000.0,-145126000.0,BALANCED,-41.7695
2026-07-02,SOXS,ARCX:SOXS,-242487000.0,4.51,0.1649,9542479000.0,0.0,-242487000.0,-1.2245,-257321000.0,-318236000.0,BALANCED,-44.6121
2026-07-03,SOXS,ARCX:SOXS,242466000.0,4.51,-0.0001,9784945000.0,242466000.0,0.0,1.0512,38681000.0,101810000.0,BALANCED,38.2799
2026-07-06,SOXS,ARCX:SOXS,-243620000.0,4.16,-0.0768,9541325000.0,0.0,-243620000.0,-1.183,-195463000.0,-212193000.0,BALANCED,-41.5752
2026-07-07,SOXS,ARCX:SOXS,-150170000.0,4.81,0.1558,9391155000.0,0.0,-150170000.0,-0.701,-613009000.0,-198231000.0,BALANCED,-31.5258
2026-07-08,SOXS,ARCX:SOXS,61805000.0,4.51,-0.0627,9452960000.0,61805000.0,0.0,0.2901,-332006000.0,-99932000.0,BALANCED,-0.7482
2026-07-09,SOXS,ARCX:SOXS,125520000.0,4.06,-0.0996,9578480000.0,125520000.0,0.0,0.5717,36001000.0,-65388000.0,BALANCED,28.2936
2026-07-10,SOXS,ARCX:SOXS,-56278000.0,4.08,0.0039,9522202000.0,0.0,-56278000.0,-0.2754,-262743000.0,-242933000.0,BALANCED,-18.8844
2026-07-13,SOXS,ARCX:SOXS,-44124000.0,4.67,0.1449,9478078000.0,0.0,-44124000.0,-0.2064,-63247000.0,-382300000.0,BALANCED,-19.1598
2026-07-14,SOXS,ARCX:SOXS,-5157000.0,4.3,-0.0797,9472921000.0,0.0,-5157000.0,0.0279,81766000.0,-299131000.0,BALANCED,4.6987
2026-07-15,SOXS,ARCX:SOXS,-39054000.0,45.95,0.0692,9433867000.0,0.0,-39054000.0,-0.1116,-19093000.0,-390260000.0,BALANCED,-20.7906
2026-07-16,SOXS,ARCX:SOXS,-10430000.0,52.15,0.135,9423437000.0,0.0,-10430000.0,0.0206,-155043000.0,-837762000.0,BALANCED,-19.4855
2026-07-17,SOXS,ARCX:SOXS,-57621000.0,54.88,0.0523,9365816000.0,0.0,-57621000.0,-0.2361,-156386000.0,-458359000.0,BALANCED,-27.9019
2026-07-20,SOXS,ARCX:SOXS,21607000.0,54.02,-0.0157,9387423000.0,21607000.0,0.0,0.1701,-90655000.0,-896503000.0,BALANCED,-3.7479
2026-07-21,SOXS,ARCX:SOXS,121792000.0,45.11,-0.1649,9509215000.0,121792000.0,0.0,0.6283,36294000.0,-440881000.0,BALANCED,29.7069
2026-07-22,SOXS,ARCX:SOXS,-4452000.0,44.52,-0.0129,9504763000.0,0.0,-4452000.0,-0.0144,70896000.0,-294856000.0,BALANCED,7.6404
2026-07-23,SOXS,ARCX:SOXS,-4620000.0,45.6,0.0242,9500143000.0,0.0,-4620000.0,0.0009,76706000.0,-299657000.0,BALANCED,6.0217
2026-07-24,SOXS,ARCX:SOXS,-157549000.0,51.66,0.1327,9342594000.0,0.0,-157549000.0,-0.7258,-23222000.0,-403670000.0,BALANCED,-34.146
2026-07-27,SOXS,ARCX:SOXS,-192345000.0,54.96,0.0639,9150249000.0,0.0,-192345000.0,-0.847,-237174000.0,-586539000.0,BALANCED,-39.1758
2026-07-28,SOXS,ARCX:SOXS,-157435000.0,62.97,0.1459,8992814000.0,0.0,-157435000.0,-0.6563,-516401000.0,-1011350000.0,BALANCED,-36.4075
2026-07-29,SOXS,ARCX:SOXS,-98961000.0,73.3,0.164,8893853000.0,0.0,-98961000.0,-0.3395,-610910000.0,-891113000.0,BALANCED,-30.4866
2026-07-30,SOXS,ARCX:SOXS,5397000.0,53.97,-0.2638,8899250000.0,5397000.0,0.0,0.2824,-600893000.0,-643229000.0,BALANCED,-0.9392
2026-07-31,SOXS,ARCX:SOXS,249746000.0,54.29,0.0061,9148996000.0,249746000.0,0.0,1.5846,-193598000.0,-635949000.0,ACCUMULATION,33.6149
2026-08-03,SOXS,ARCX:SOXS,-84972000.0,53.11,-0.0218,9064024000.0,0.0,-84972000.0,-0.3036,-86225000.0,-477301000.0,BALANCED,-19.5912
2026-08-04,SOXS,ARCX:SOXS,274291000.0,42.53,-0.1992,9338315000.0,274291000.0,0.0,2.018,345501000.0,-52840000.0,ACCUMULATION,62.4491
2026-08-05,SOXS,ARCX:SOXS,-2257000.0,45.14,0.0614,9336058000.0,0.0,-2257000.0,0.0917,442205000.0,-116902000.0,BALANCED,10.2913
2026-08-06,SOXS,ARCX:SOXS,-31374000.0,44.82,-0.0071,9304684000.0,0.0,-31374000.0,-0.1033,405434000.0,-273796000.0,BALANCED,3.4178
2026-08-07,SOXS,ARCX:SOXS,-2102000.0,42.03,-0.0622,9302582000.0,0.0,-2102000.0,0.0882,153586000.0,-219620000.0,BALANCED,6.2055
2026-08-10,SOXS,ARCX:SOXS,-11326000.0,45.3,0.0779,9291256000.0,0.0,-11326000.0,0.0245,227232000.0,-186822000.0,BALANCED,2.6128
2026-08-11,SOXS,ARCX:SOXS,-96878000.0,44.04,-0.028,9194378000.0,0.0,-96878000.0,-0.5207,-143937000.0,-278543000.0,BALANCED,-33.0167
2026-08-12,SOXS,ARCX:SOXS,120836000.0,40.96,-0.0698,9315214000.0,120836000.0,0.0,1.0359,-20844000.0,-118653000.0,BALANCED,17.897
2026-08-13,SOXS,ARCX:SOXS,110590000.0,40.21,-0.0182,9425804000.0,110590000.0,0.0,0.9052,121120000.0,2367000.0,BALANCED,36.6298
2026-08-14,SOXS,ARCX:SOXS,-76430000.0,40.23,0.0003,9349374000.0,0.0,-76430000.0,-0.5239,46792000.0,-16442000.0,BALANCED,-5.0968
2026-08-17,SOXS,ARCX:SOXS,9592000.0,38.37,-0.0462,9358966000.0,9592000.0,0.0,0.1424,67710000.0,-28457000.0,BALANCED,15.5611
2026-08-18,SOXS,ARCX:SOXS,-240739000.0,44.17,0.1513,9118227000.0,0.0,-240739000.0,-2.0104,-76151000.0,-390988000.0,DISTRIBUTION,-62.2595
2026-08-19,SOXS,ARCX:SOXS,-96499000.0,47.07,0.0657,9021728000.0,0.0,-96499000.0,-0.7111,-293486000.0,-483035000.0,BALANCED,-31.7777
2026-08-20,SOXS,ARCX:SOXS,-2315000.0,46.31,-0.0163,9019413000.0,0.0,-2315000.0,0.1451,-406391000.0,-480730000.0,BALANCED,-12.3722
2026-08-21,SOXS,ARCX:SOXS,-9411000.0,47.05,0.0161,9010002000.0,0.0,-9411000.0,0.0683,-339372000.0,-332592000.0,BALANCED,-16.2935
2026-08-24,SOXS,ARCX:SOXS,10153000.0,50.77,0.0789,9020155000.0,10153000.0,0.0,0.2265,-338811000.0,-130094000.0,BALANCED,-2.3386
2026-08-25,SOXS,ARCX:SOXS,-19378000.0,48.45,-0.0457,9000777000.0,0.0,-19378000.0,-0.0324,-117450000.0,7963000.0,BALANCED,-12.8108
2026-08-26,SOXS,ARCX:SOXS,4816000.0,48.16,-0.006,9005593000.0,4816000.0,0.0,0.1702,-16135000.0,111740000.0,BALANCED,-3.7459
2026-08-27,SOXS,ARCX:SOXS,11307000.0,45.23,-0.0608,9016900000.0,11307000.0,0.0,0.2214,-2513000.0,117650000.0,BALANCED,-0.4657
2026-08-28,SOXS,ARCX:SOXS,42336000.0,49.81,0.1012,9059236000.0,42336000.0,0.0,0.4675,49234000.0,-89760000.0,BALANCED,27.6871
2026-08-31,SOXS,ARCX:SOXS,14711000.0,49.04,-0.0155,9073947000.0,14711000.0,0.0,0.2239,53792000.0,9923000.0,BALANCED,23.5981
2026-09-01,SOXS,ARCX:SOXS,-23493000.0,52.21,0.0647,9050454000.0,0.0,-23493000.0,-0.0749,49677000.0,-287861000.0,BALANCED,6.1287
2026-09-02,SOXS,ARCX:SOXS,10363000.0,51.81,-0.0075,9060817000.0,10363000.0,0.0,0.2295,55224000.0,-275241000.0,BALANCED,17.737
2026-09-03,SOXS,ARCX:SOXS,23211000.0,51.58,-0.0045,9084028000.0,23211000.0,0.0,0.3376,67128000.0,-220656000.0,BALANCED,22.439
2026-09-04,SOXS,ARCX:SOXS,16198000.0,46.28,-0.1028,9100226000.0,16198000.0,0.0,0.2279,40990000.0,-202356000.0,BALANCED,21.6964
2026-09-07,SOXS,ARCX:SOXS,-16198000.0,46.28,0.0,9084028000.0,0.0,-16198000.0,-0.1389,10081000.0,-207228000.0,BALANCED,4.5279
2026-09-08,SOXS,ARCX:SOXS,152090000.0,44.08,-0.0474,9236118000.0,152090000.0,0.0,1.4378,185664000.0,41740000.0,BALANCED,47.9452
2026-09-09,SOXS,ARCX:SOXS,32390000.0,43.19,-0.0204,9268508000.0,32390000.0,0.0,0.2028,207691000.0,-46706000.0,BALANCED,19.0693
2026-09-10,SOXS,ARCX:SOXS,28080000.0,46.8,0.0837,9296588000.0,28080000.0,0.0,0.1511,212560000.0,-129216000.0,BALANCED,19.7777
2026-09-11,SOXS,ARCX:SOXS,35318000.0,44.15,-0.0567,9331906000.0,35318000.0,0.0,0.3336,231680000.0,-17468000.0,BALANCED,26.3391
2026-09-14,SOXS,ARCX:SOXS,7767000.0,51.78,0.1728,9339673000.0,7767000.0,0.0,-0.0165,255645000.0,-19293000.0,BALANCED,19.5863
2026-09-15,SOXS,ARCX:SOXS,10224000.0,51.12,-0.0127,9349897000.0,10224000.0,0.0,0.1409,113779000.0,231670000.0,BALANCED,25.5226
2026-09-16,SOXS,ARCX:SOXS,2508000.0,50.17,-0.0186,9352405000.0,2508000.0,0.0,0.0281,83897000.0,330677000.0,BALANCED,24.7029
2026-09-17,SOXS,ARCX:SOXS,121419000.0,44.97,-0.1036,9473824000.0,121419000.0,0.0,1.5879,177236000.0,454411000.0,ACCUMULATION,65.6972
2026-09-18,SOXS,ARCX:SOXS,51811000.0,41.45,-0.0783,9525635000.0,51811000.0,0.0,0.6047,193729000.0,515633000.0,BALANCED,43.1184
2026-09-21,SOXS,ARCX:SOXS,293111000.0,35.31,-0.148,9818746000.0,293111000.0,0.0,3.0652,479073000.0,798591000.0,ACCUMULATION,100.0
2026-09-22,SOXS,ARCX:SOXS,200867000.0,32.4,-0.0702,10019613000.0,200867000.0,0.0,1.8602,669716000.0,1018836000.0,ACCUMULATION,76.5054
2026-09-23,SOXS,ARCX:SOXS,-6730000.0,33.65,0.0387,10012883000.0,0.0,-6730000.0,-0.327,660478000.0,1007290000.0,BALANCED,-0.1762
