date,ticker,trackinsight_key,usd_flow,nav,perf_pct,cumulative_flow,daily_inflow,daily_outflow,flow_zscore,flow_5d,flow_20d,regime,pressure
2016-01-04,TMV,TMV,0.0,27.39,-0.0175,0.0,0.0,0.0,0.0,0.0,0.0,BALANCED,0.0
2016-01-05,TMV,TMV,0.0,27.72,0.012,0.0,0.0,0.0,0.0,0.0,0.0,BALANCED,0.0
2016-01-06,TMV,TMV,0.0,26.6,-0.0405,0.0,0.0,0.0,0.0,0.0,0.0,BALANCED,0.0
2016-01-07,TMV,TMV,0.0,26.45,-0.0055,0.0,0.0,0.0,0.0,0.0,0.0,BALANCED,0.0
2016-01-08,TMV,TMV,-1305000.0,26.09,-0.0136,-1305000.0,0.0,-1305000.0,-1.7889,-1305000.0,-1305000.0,DISTRIBUTION,-56.7214
2016-01-11,TMV,TMV,0.0,26.94,0.0328,-1305000.0,0.0,0.0,0.4082,-1305000.0,-1305000.0,BALANCED,0.2062
2016-01-12,TMV,TMV,0.0,25.82,-0.0419,-1305000.0,0.0,0.0,0.378,-1305000.0,-1305000.0,BALANCED,-0.5509
2016-01-13,TMV,TMV,-5002000.0,25.01,-0.0311,-6307000.0,0.0,-5002000.0,-2.3904,-6307000.0,-6307000.0,DISTRIBUTION,-71.7596
2016-01-14,TMV,TMV,0.0,25.71,0.028,-6307000.0,0.0,0.0,0.4197,-6307000.0,-6307000.0,BALANCED,0.4926
2016-01-15,TMV,TMV,-3673000.0,24.48,-0.0478,-9980000.0,0.0,-3673000.0,-1.459,-8675000.0,-9980000.0,BALANCED,-48.4749
2016-01-19,TMV,TMV,0.0,24.73,0.0099,-9980000.0,0.0,0.0,0.514,-8675000.0,-9980000.0,BALANCED,2.8494
2016-01-20,TMV,TMV,-2394000.0,23.94,-0.0317,-12374000.0,0.0,-2394000.0,-0.7846,-11069000.0,-12374000.0,BALANCED,-31.6157
2016-01-21,TMV,TMV,0.0,24.43,0.0203,-12374000.0,0.0,0.0,0.5641,-6067000.0,-12374000.0,BALANCED,4.1024
2016-01-22,TMV,TMV,0.0,24.71,0.0113,-12374000.0,0.0,0.0,0.5386,-6067000.0,-12374000.0,BALANCED,3.465
2016-01-25,TMV,TMV,0.0,24.3,-0.0163,-12374000.0,0.0,0.0,0.5163,-2394000.0,-12374000.0,BALANCED,2.9081
2016-01-26,TMV,TMV,0.0,24.24,-0.0025,-12374000.0,0.0,0.0,0.4966,-2394000.0,-12374000.0,BALANCED,2.4157
2016-01-27,TMV,TMV,0.0,24.28,0.0016,-12374000.0,0.0,0.0,0.4791,0.0,-12374000.0,BALANCED,11.9763
2016-01-28,TMV,TMV,-3626000.0,24.18,-0.0043,-16000000.0,0.0,-3626000.0,-1.6847,-3626000.0,-16000000.0,DISTRIBUTION,-54.1187
2016-01-29,TMV,TMV,-3533000.0,23.56,-0.0256,-19533000.0,0.0,-3533000.0,-1.481,-7159000.0,-19533000.0,BALANCED,-51.0251
2016-02-01,TMV,TMV,0.0,23.77,0.0091,-19533000.0,0.0,0.0,0.5875,-7159000.0,-19533000.0,BALANCED,4.6887
2016-02-02,TMV,TMV,0.0,22.45,-0.0557,-19533000.0,0.0,0.0,0.5692,-7159000.0,-19533000.0,BALANCED,4.2301
2016-02-03,TMV,TMV,0.0,23.0,0.0248,-19533000.0,0.0,0.0,0.5525,-7159000.0,-19533000.0,BALANCED,3.8123
2016-02-04,TMV,TMV,-2267000.0,22.67,-0.0146,-21800000.0,0.0,-2267000.0,-0.8265,-5800000.0,-21800000.0,BALANCED,-32.6613
2016-02-05,TMV,TMV,0.0,22.58,-0.0037,-21800000.0,0.0,0.0,0.5774,-2267000.0,-21800000.0,BALANCED,4.4359
2016-02-08,TMV,TMV,0.0,21.12,-0.0646,-21800000.0,0.0,0.0,0.5624,-2267000.0,-20495000.0,BALANCED,4.059
2016-02-09,TMV,TMV,0.0,21.05,-0.0033,-21800000.0,0.0,0.0,0.5484,-2267000.0,-20495000.0,BALANCED,3.7105
2016-02-10,TMV,TMV,-8199000.0,20.5,-0.0265,-29999000.0,0.0,-8199000.0,-3.4365,-10466000.0,-28694000.0,DISTRIBUTION,-97.9122
2016-02-11,TMV,TMV,0.0,20.06,-0.0211,-29999000.0,0.0,0.0,0.5265,-8199000.0,-23692000.0,BALANCED,3.163
2016-02-12,TMV,TMV,0.0,21.06,0.0496,-29999000.0,0.0,0.0,0.5151,-8199000.0,-23692000.0,BALANCED,2.8786
2016-02-16,TMV,TMV,0.0,21.72,0.0316,-29999000.0,0.0,0.0,0.5045,-8199000.0,-20019000.0,BALANCED,2.6121
2016-02-17,TMV,TMV,0.0,22.12,0.0184,-29999000.0,0.0,0.0,0.5045,-8199000.0,-20019000.0,BALANCED,2.6121
2016-02-18,TMV,TMV,-4261000.0,21.31,-0.037,-34260000.0,0.0,-4261000.0,-1.5147,-4261000.0,-21886000.0,DISTRIBUTION,-49.8666
2016-02-19,TMV,TMV,0.0,21.25,-0.0026,-34260000.0,0.0,0.0,0.5546,-4261000.0,-21886000.0,BALANCED,3.8646
2016-02-22,TMV,TMV,0.0,21.28,0.0014,-34260000.0,0.0,0.0,0.5546,-4261000.0,-21886000.0,BALANCED,3.8646
2016-02-23,TMV,TMV,-6306000.0,21.02,-0.0122,-40566000.0,0.0,-6306000.0,-2.2063,-10567000.0,-28192000.0,DISTRIBUTION,-67.158
2016-02-24,TMV,TMV,0.0,21.15,0.0059,-40566000.0,0.0,0.0,0.5778,-10567000.0,-28192000.0,BALANCED,4.4448
2016-02-25,TMV,TMV,0.0,20.92,-0.0108,-40566000.0,0.0,0.0,0.5778,-6306000.0,-28192000.0,BALANCED,4.4448
2016-02-26,TMV,TMV,0.0,21.52,0.0288,-40566000.0,0.0,0.0,0.5273,-6306000.0,-24566000.0,BALANCED,3.1826
2016-02-29,TMV,TMV,0.0,21.23,-0.0132,-40566000.0,0.0,0.0,0.5273,-6306000.0,-21033000.0,BALANCED,3.1826
2016-03-01,TMV,TMV,2235000.0,22.35,0.0527,-38331000.0,2235000.0,0.0,1.4481,2235000.0,-18798000.0,BALANCED,48.2028
2016-03-02,TMV,TMV,-3311000.0,22.07,-0.0125,-41642000.0,0.0,-3311000.0,-1.0116,-1076000.0,-22109000.0,BALANCED,-37.2893
2016-03-03,TMV,TMV,0.0,21.83,-0.011,-41642000.0,0.0,0.0,0.4389,-1076000.0,-22109000.0,BALANCED,0.9713
2016-03-04,TMV,TMV,0.0,22.25,0.0191,-41642000.0,0.0,0.0,0.4389,-1076000.0,-19842000.0,BALANCED,0.9713
2016-03-07,TMV,TMV,-2227000.0,22.27,0.0009,-43869000.0,0.0,-2227000.0,-0.5287,-3303000.0,-22069000.0,BALANCED,-25.2174
2016-03-08,TMV,TMV,0.0,21.53,-0.0332,-43869000.0,0.0,0.0,0.4715,-5538000.0,-22069000.0,BALANCED,1.7877
2016-03-09,TMV,TMV,0.0,21.92,0.0182,-43869000.0,0.0,0.0,0.4715,-2227000.0,-22069000.0,BALANCED,1.7877
2016-03-10,TMV,TMV,0.0,22.19,0.0122,-43869000.0,0.0,0.0,0.4715,-2227000.0,-13870000.0,BALANCED,1.7877
2016-03-11,TMV,TMV,0.0,22.85,0.0301,-43869000.0,0.0,0.0,0.4262,-2227000.0,-13870000.0,BALANCED,0.6542
2016-03-14,TMV,TMV,-2264000.0,22.64,-0.0095,-46133000.0,0.0,-2264000.0,-0.6438,-2264000.0,-16134000.0,BALANCED,-28.0943
2016-03-15,TMV,TMV,0.0,22.57,-0.0029,-46133000.0,0.0,0.0,0.4144,-2264000.0,-16134000.0,BALANCED,0.3608
2016-03-16,TMV,TMV,0.0,22.37,-0.009,-46133000.0,0.0,0.0,0.4144,-2264000.0,-16134000.0,BALANCED,0.3608
2016-03-17,TMV,TMV,0.0,22.09,-0.0125,-46133000.0,0.0,0.0,0.4144,-2264000.0,-11873000.0,BALANCED,0.3608
2016-03-18,TMV,TMV,0.0,21.95,-0.0065,-46133000.0,0.0,0.0,0.381,-2264000.0,-11873000.0,BALANCED,-0.4758
2016-03-21,TMV,TMV,0.0,22.45,0.023,-46133000.0,0.0,0.0,0.381,0.0,-11873000.0,BALANCED,9.5242
2016-03-22,TMV,TMV,-4493000.0,22.47,0.0006,-50626000.0,0.0,-4493000.0,-1.5869,-4493000.0,-10060000.0,DISTRIBUTION,-51.6718
2016-03-23,TMV,TMV,0.0,21.7,-0.034,-50626000.0,0.0,0.0,0.4317,-4493000.0,-10060000.0,BALANCED,0.7921
2016-03-24,TMV,TMV,0.0,21.87,0.0079,-50626000.0,0.0,0.0,0.3904,-4493000.0,-10060000.0,BALANCED,-0.241
2016-03-28,TMV,TMV,0.0,21.58,-0.0133,-50626000.0,0.0,0.0,0.3904,-4493000.0,-10060000.0,BALANCED,-0.241
2016-03-29,TMV,TMV,0.0,20.9,-0.0315,-50626000.0,0.0,0.0,0.3904,-4493000.0,-10060000.0,BALANCED,-0.241
2016-03-30,TMV,TMV,0.0,21.56,0.0315,-50626000.0,0.0,0.0,0.3904,0.0,-12295000.0,BALANCED,9.759
2016-03-31,TMV,TMV,0.0,21.1,-0.0214,-50626000.0,0.0,0.0,0.3904,0.0,-8984000.0,BALANCED,9.759
2016-04-01,TMV,TMV,0.0,20.93,-0.008,-50626000.0,0.0,0.0,0.3346,0.0,-8984000.0,BALANCED,8.3661
2016-04-04,TMV,TMV,0.0,20.89,-0.0019,-50626000.0,0.0,0.0,0.3346,0.0,-8984000.0,BALANCED,8.3661
2016-04-05,TMV,TMV,0.0,20.2,-0.0329,-50626000.0,0.0,0.0,0.3346,0.0,-6757000.0,BALANCED,8.3661
2016-04-06,TMV,TMV,0.0,20.64,0.0217,-50626000.0,0.0,0.0,0.2758,0.0,-6757000.0,BALANCED,6.8961
2016-04-07,TMV,TMV,0.0,19.88,-0.0371,-50626000.0,0.0,0.0,0.2758,0.0,-6757000.0,BALANCED,6.8961
2016-04-08,TMV,TMV,0.0,20.25,0.0188,-50626000.0,0.0,0.0,0.2758,0.0,-6757000.0,BALANCED,6.8961
2016-04-11,TMV,TMV,0.0,20.33,0.0038,-50626000.0,0.0,0.0,0.2758,0.0,-6757000.0,BALANCED,6.8961
2016-04-12,TMV,TMV,0.0,20.75,0.0206,-50626000.0,0.0,0.0,0.2758,0.0,-4493000.0,BALANCED,6.8961
2016-04-13,TMV,TMV,0.0,20.52,-0.0106,-50626000.0,0.0,0.0,0.3668,0.0,-4493000.0,BALANCED,9.171
2016-04-14,TMV,TMV,0.0,20.82,0.0143,-50626000.0,0.0,0.0,0.3071,0.0,-4493000.0,BALANCED,7.6767
2016-04-15,TMV,TMV,0.0,20.28,-0.0259,-50626000.0,0.0,0.0,0.3071,0.0,-4493000.0,BALANCED,7.6767
2016-04-18,TMV,TMV,7189000.0,20.54,0.0129,-43437000.0,7189000.0,0.0,4.3149,7189000.0,2696000.0,ACCUMULATION,100.0
2016-04-19,TMV,TMV,0.0,20.73,0.0093,-43437000.0,0.0,0.0,-0.0088,7189000.0,2696000.0,BALANCED,9.7791
2016-04-20,TMV,TMV,9637000.0,21.41,0.0329,-33800000.0,9637000.0,0.0,3.882,16826000.0,16826000.0,ACCUMULATION,100.0
2016-04-21,TMV,TMV,0.0,21.79,0.0178,-33800000.0,0.0,0.0,-0.1401,16826000.0,16826000.0,BALANCED,6.498
2016-04-22,TMV,TMV,0.0,21.96,0.0075,-33800000.0,0.0,0.0,-0.1401,16826000.0,16826000.0,BALANCED,6.498
2016-04-25,TMV,TMV,16673000.0,22.23,0.0123,-17127000.0,16673000.0,0.0,4.1272,26310000.0,33499000.0,ACCUMULATION,100.0
2016-04-26,TMV,TMV,0.0,22.53,0.0136,-17127000.0,0.0,0.0,-0.2557,26310000.0,33499000.0,BALANCED,3.6079
2016-04-27,TMV,TMV,0.0,21.86,-0.03,-17127000.0,0.0,0.0,-0.2557,16673000.0,33499000.0,BALANCED,3.6079
2016-04-28,TMV,TMV,0.0,21.58,-0.0124,-17127000.0,0.0,0.0,-0.2557,16673000.0,33499000.0,BALANCED,3.6079
2016-04-29,TMV,TMV,0.0,21.42,-0.0078,-17127000.0,0.0,0.0,-0.2557,16673000.0,33499000.0,BALANCED,3.6079
2016-05-02,TMV,TMV,0.0,22.06,0.0301,-17127000.0,0.0,0.0,-0.2557,0.0,33499000.0,BALANCED,-6.3921
2016-05-03,TMV,TMV,0.0,21.22,-0.0379,-17127000.0,0.0,0.0,-0.2557,0.0,33499000.0,BALANCED,-6.3921
2016-05-04,TMV,TMV,0.0,20.87,-0.0165,-17127000.0,0.0,0.0,-0.3064,0.0,33499000.0,BALANCED,-7.6602
2016-05-05,TMV,TMV,0.0,20.45,-0.0201,-17127000.0,0.0,0.0,-0.3064,0.0,33499000.0,BALANCED,-7.6602
2016-05-06,TMV,TMV,-2071000.0,20.71,0.0127,-19198000.0,0.0,-2071000.0,-0.8462,-2071000.0,31428000.0,BALANCED,-33.1544
2016-05-09,TMV,TMV,0.0,20.52,-0.0095,-19198000.0,0.0,0.0,-0.2842,-2071000.0,31428000.0,BALANCED,-17.1062
2016-05-10,TMV,TMV,2051000.0,20.51,-0.0003,-17147000.0,2051000.0,0.0,0.2538,-20000.0,33479000.0,BALANCED,-1.6555
2016-05-11,TMV,TMV,2016000.0,20.16,-0.017,-15131000.0,2016000.0,0.0,0.2262,1996000.0,35495000.0,BALANCED,19.6551
2016-05-12,TMV,TMV,0.0,20.44,0.0136,-15131000.0,0.0,0.0,-0.3214,1996000.0,35495000.0,BALANCED,1.966
2016-05-13,TMV,TMV,0.0,19.84,-0.0292,-15131000.0,0.0,0.0,-0.3214,4067000.0,35495000.0,BALANCED,1.966
2016-05-16,TMV,TMV,0.0,20.35,0.0258,-15131000.0,0.0,0.0,-0.3214,4067000.0,28306000.0,BALANCED,1.966
2016-05-17,TMV,TMV,0.0,20.25,-0.0051,-15131000.0,0.0,0.0,-0.3214,2016000.0,28306000.0,BALANCED,1.966
2016-05-18,TMV,TMV,0.0,21.11,0.0427,-15131000.0,0.0,0.0,-0.3214,0.0,18669000.0,BALANCED,-8.034
2016-05-19,TMV,TMV,0.0,20.84,-0.013,-15131000.0,0.0,0.0,-0.3214,0.0,18669000.0,BALANCED,-8.034
2016-05-20,TMV,TMV,0.0,20.79,-0.0024,-15131000.0,0.0,0.0,-0.3214,0.0,18669000.0,BALANCED,-8.034
2016-05-23,TMV,TMV,0.0,20.65,-0.0067,-15131000.0,0.0,0.0,-0.3214,0.0,1996000.0,BALANCED,-8.034
2016-05-24,TMV,TMV,0.0,20.92,0.0133,-15131000.0,0.0,0.0,-0.3214,0.0,1996000.0,BALANCED,-8.034
2016-05-25,TMV,TMV,0.0,21.16,0.0113,-15131000.0,0.0,0.0,-0.3214,0.0,1996000.0,BALANCED,-8.034
2016-05-26,TMV,TMV,0.0,20.83,-0.0156,-15131000.0,0.0,0.0,-0.3214,0.0,1996000.0,BALANCED,-8.034
2016-05-27,TMV,TMV,0.0,20.89,0.0031,-15131000.0,0.0,0.0,-0.3214,0.0,1996000.0,BALANCED,-8.034
2016-05-31,TMV,TMV,0.0,20.77,-0.006,-15131000.0,0.0,0.0,-0.269,0.0,1996000.0,BALANCED,-6.7257
2016-06-01,TMV,TMV,0.0,20.51,-0.0122,-15131000.0,0.0,0.0,-0.269,0.0,1996000.0,BALANCED,-6.7257
2016-06-02,TMV,TMV,0.0,20.07,-0.0217,-15131000.0,0.0,0.0,-0.2007,0.0,1996000.0,BALANCED,-5.0164
2016-06-03,TMV,TMV,0.0,19.21,-0.0428,-15131000.0,0.0,0.0,-0.2007,0.0,1996000.0,BALANCED,-5.0164
2016-06-06,TMV,TMV,1964000.0,19.64,0.0222,-13167000.0,1964000.0,0.0,0.4106,1964000.0,6031000.0,BALANCED,22.2642
2016-06-07,TMV,TMV,0.0,19.49,-0.0073,-13167000.0,0.0,0.0,-0.1783,1964000.0,6031000.0,BALANCED,5.5425
2016-06-08,TMV,TMV,3836000.0,19.18,-0.0161,-9331000.0,3836000.0,0.0,3.5696,5800000.0,7816000.0,ACCUMULATION,100.0
2016-06-09,TMV,TMV,0.0,18.81,-0.0194,-9331000.0,0.0,0.0,-0.2594,5800000.0,5800000.0,BALANCED,3.5152
2016-06-10,TMV,TMV,5559000.0,18.53,-0.0146,-3772000.0,5559000.0,0.0,3.6771,11359000.0,11359000.0,ACCUMULATION,100.0
2016-06-13,TMV,TMV,0.0,18.28,-0.0134,-3772000.0,0.0,0.0,-0.3201,9395000.0,11359000.0,BALANCED,1.9976
2016-06-14,TMV,TMV,0.0,18.32,0.0022,-3772000.0,0.0,0.0,-0.3201,9395000.0,11359000.0,BALANCED,1.9976
2016-06-15,TMV,TMV,0.0,18.11,-0.0116,-3772000.0,0.0,0.0,-0.3201,5559000.0,11359000.0,BALANCED,1.9976
2016-06-16,TMV,TMV,0.0,17.85,-0.0146,-3772000.0,0.0,0.0,-0.3201,5559000.0,11359000.0,BALANCED,1.9976
2016-06-17,TMV,TMV,0.0,18.18,0.0186,-3772000.0,0.0,0.0,-0.3201,0.0,11359000.0,BALANCED,-8.0024
2016-06-20,TMV,TMV,0.0,18.76,0.032,-3772000.0,0.0,0.0,-0.3923,0.0,11359000.0,BALANCED,-9.8084
2016-06-21,TMV,TMV,4755000.0,19.02,0.0138,983000.0,4755000.0,0.0,2.6902,4755000.0,16114000.0,ACCUMULATION,79.2545
2016-06-22,TMV,TMV,-1892000.0,18.92,-0.005,-909000.0,0.0,-1892000.0,-1.5558,2863000.0,14222000.0,DISTRIBUTION,-30.8942
2016-06-23,TMV,TMV,1957000.0,19.57,0.0343,1048000.0,1957000.0,0.0,0.9075,4820000.0,16179000.0,BALANCED,34.6883
2016-06-24,TMV,TMV,0.0,17.99,-0.0807,1048000.0,0.0,0.0,-0.3452,4820000.0,16179000.0,BALANCED,1.3693
2016-06-27,TMV,TMV,0.0,16.64,-0.075,1048000.0,0.0,0.0,-0.3452,4820000.0,16179000.0,BALANCED,1.3693
2016-06-28,TMV,TMV,0.0,16.54,-0.0064,1048000.0,0.0,0.0,-0.3452,65000.0,16179000.0,BALANCED,1.3693
2016-06-29,TMV,TMV,0.0,16.92,0.023,1048000.0,0.0,0.0,-0.3452,1957000.0,16179000.0,BALANCED,1.3693
2016-06-30,TMV,TMV,837000.0,16.73,-0.0111,1885000.0,837000.0,0.0,0.173,837000.0,17016000.0,BALANCED,16.3247
2016-07-01,TMV,TMV,0.0,16.07,-0.0396,1885000.0,0.0,0.0,-0.3637,837000.0,17016000.0,BALANCED,0.9083
2016-07-05,TMV,TMV,0.0,15.43,-0.0398,1885000.0,0.0,0.0,-0.3637,837000.0,15052000.0,BALANCED,0.9083
2016-07-06,TMV,TMV,5374000.0,15.35,-0.0049,7259000.0,5374000.0,0.0,2.593,6211000.0,20426000.0,ACCUMULATION,76.826
2016-07-07,TMV,TMV,0.0,15.36,0.0002,7259000.0,0.0,0.0,-0.4182,6211000.0,16590000.0,BALANCED,-0.4549
2016-07-08,TMV,TMV,7508000.0,15.02,-0.0222,14767000.0,7508000.0,0.0,3.0107,12882000.0,24098000.0,ACCUMULATION,87.2673
2016-07-11,TMV,TMV,0.0,15.41,0.0263,14767000.0,0.0,0.0,-0.4608,12882000.0,18539000.0,BALANCED,-1.52
2016-07-12,TMV,TMV,0.0,16.17,0.0493,14767000.0,0.0,0.0,-0.4608,12882000.0,18539000.0,BALANCED,-1.52
2016-07-13,TMV,TMV,2339000.0,15.6,-0.0354,17106000.0,2339000.0,0.0,0.5833,9847000.0,20878000.0,BALANCED,26.5823
2016-07-14,TMV,TMV,2441000.0,16.28,0.0436,19547000.0,2441000.0,0.0,0.5917,12288000.0,23319000.0,BALANCED,28.7924
2016-07-15,TMV,TMV,0.0,16.69,0.0257,19547000.0,0.0,0.0,-0.5322,4780000.0,23319000.0,BALANCED,-3.306
2016-07-18,TMV,TMV,0.0,16.74,0.0028,19547000.0,0.0,0.0,-0.5322,4780000.0,23319000.0,BALANCED,-3.306
2016-07-19,TMV,TMV,0.0,16.46,-0.017,19547000.0,0.0,0.0,-0.5011,4780000.0,23319000.0,BALANCED,-2.527
2016-07-20,TMV,TMV,-2509000.0,16.72,0.0164,17038000.0,0.0,-2509000.0,-1.5516,-68000.0,16055000.0,DISTRIBUTION,-50.7899
2016-07-21,TMV,TMV,0.0,16.62,-0.0061,17038000.0,0.0,0.0,-0.398,-2509000.0,17947000.0,BALANCED,-19.9508
2016-07-22,TMV,TMV,-4960000.0,16.53,-0.0053,12078000.0,0.0,-4960000.0,-2.3168,-7469000.0,11030000.0,DISTRIBUTION,-69.9195
2016-07-25,TMV,TMV,0.0,16.57,0.0021,12078000.0,0.0,0.0,-0.2324,-7469000.0,11030000.0,BALANCED,-15.8092
2016-07-26,TMV,TMV,1649000.0,16.49,-0.0048,13727000.0,1649000.0,0.0,0.4673,-5820000.0,12679000.0,BALANCED,3.6832
2016-07-27,TMV,TMV,0.0,15.87,-0.0374,13727000.0,0.0,0.0,-0.2558,-3311000.0,12679000.0,BALANCED,-16.3947
2016-07-28,TMV,TMV,0.0,15.96,0.0055,13727000.0,0.0,0.0,-0.2558,-3311000.0,12679000.0,BALANCED,-16.3947
2016-07-29,TMV,TMV,0.0,15.56,-0.0251,13727000.0,0.0,0.0,-0.2558,1649000.0,11842000.0,BALANCED,3.6053
2016-08-01,TMV,TMV,6426000.0,16.07,0.0324,20153000.0,6426000.0,0.0,2.2392,8075000.0,18268000.0,ACCUMULATION,67.9803
2016-08-02,TMV,TMV,0.0,16.56,0.0308,20153000.0,0.0,0.0,-0.3173,6426000.0,18268000.0,BALANCED,2.0682
2016-08-03,TMV,TMV,0.0,16.53,-0.0018,20153000.0,0.0,0.0,-0.2659,6426000.0,12894000.0,BALANCED,3.3519
2016-08-04,TMV,TMV,0.0,16.16,-0.0226,20153000.0,0.0,0.0,-0.2977,6426000.0,12894000.0,BALANCED,2.5586
2016-08-05,TMV,TMV,0.0,16.66,0.0311,20153000.0,0.0,0.0,-0.271,6426000.0,5386000.0,BALANCED,3.2245
2016-08-08,TMV,TMV,3313000.0,16.57,-0.0057,23466000.0,3313000.0,0.0,1.0707,3313000.0,8699000.0,BALANCED,38.7686
2016-08-09,TMV,TMV,0.0,16.08,-0.0295,23466000.0,0.0,0.0,-0.3119,3313000.0,8699000.0,BALANCED,2.2037
2016-08-10,TMV,TMV,0.0,15.89,-0.0117,23466000.0,0.0,0.0,-0.3119,3313000.0,6360000.0,BALANCED,2.2037
2016-08-11,TMV,TMV,4894000.0,16.31,0.0267,28360000.0,4894000.0,0.0,1.5886,8207000.0,8813000.0,ACCUMULATION,51.7155
2016-08-12,TMV,TMV,0.0,15.9,-0.0254,28360000.0,0.0,0.0,-0.3512,8207000.0,8813000.0,BALANCED,1.2209
2016-08-15,TMV,TMV,0.0,16.35,0.0282,28360000.0,0.0,0.0,-0.3512,4894000.0,8813000.0,BALANCED,1.2209
2016-08-16,TMV,TMV,6591000.0,16.48,0.008,34951000.0,6591000.0,0.0,2.0229,11485000.0,15404000.0,ACCUMULATION,62.5715
2016-08-17,TMV,TMV,0.0,16.18,-0.018,34951000.0,0.0,0.0,-0.3555,11485000.0,17913000.0,BALANCED,1.1125
2016-08-18,TMV,TMV,0.0,16.1,-0.0048,34951000.0,0.0,0.0,-0.3555,6591000.0,17913000.0,BALANCED,1.1125
2016-08-19,TMV,TMV,0.0,16.36,0.0156,34951000.0,0.0,0.0,-0.2947,6591000.0,22873000.0,BALANCED,2.6319
2016-08-22,TMV,TMV,0.0,15.94,-0.0253,34951000.0,0.0,0.0,-0.2947,6591000.0,22873000.0,BALANCED,2.6319
2016-08-23,TMV,TMV,0.0,15.89,-0.0033,34951000.0,0.0,0.0,-0.2947,0.0,21224000.0,BALANCED,-7.3681
2016-08-24,TMV,TMV,0.0,16.0,0.007,34951000.0,0.0,0.0,-0.2628,0.0,21224000.0,BALANCED,-6.5689
2016-08-25,TMV,TMV,0.0,16.18,0.0114,34951000.0,0.0,0.0,-0.2293,0.0,21224000.0,BALANCED,-5.7335
2016-08-26,TMV,TMV,0.0,16.46,0.0174,34951000.0,0.0,0.0,-0.2293,0.0,21224000.0,BALANCED,-5.7335
2016-08-29,TMV,TMV,3951000.0,15.8,-0.0402,38902000.0,3951000.0,0.0,1.4235,3951000.0,18749000.0,BALANCED,47.5877
2016-08-30,TMV,TMV,0.0,15.98,0.0115,38902000.0,0.0,0.0,-0.2778,3951000.0,18749000.0,BALANCED,3.0547
2016-08-31,TMV,TMV,0.0,15.92,-0.0043,38902000.0,0.0,0.0,-0.3241,3951000.0,18749000.0,BALANCED,1.898
2016-09-01,TMV,TMV,0.0,15.86,-0.0033,38902000.0,0.0,0.0,-0.3241,3951000.0,18749000.0,BALANCED,1.898
2016-09-02,TMV,TMV,-4062000.0,16.25,0.0244,34840000.0,0.0,-4062000.0,-2.2162,-111000.0,14687000.0,DISTRIBUTION,-67.4041
2016-09-06,TMV,TMV,0.0,15.89,-0.0219,34840000.0,0.0,0.0,-0.3488,-4062000.0,11374000.0,BALANCED,-18.72
2016-09-07,TMV,TMV,0.0,15.93,0.0021,34840000.0,0.0,0.0,-0.3239,-4062000.0,11374000.0,BALANCED,-18.0974
2016-09-08,TMV,TMV,0.0,16.53,0.0376,34840000.0,0.0,0.0,-0.3239,-4062000.0,11374000.0,BALANCED,-18.0974
2016-09-09,TMV,TMV,0.0,17.34,0.0493,34840000.0,0.0,0.0,-0.3239,-4062000.0,6480000.0,BALANCED,-18.0974
2016-09-12,TMV,TMV,0.0,17.31,-0.0016,34840000.0,0.0,0.0,-0.3239,0.0,6480000.0,BALANCED,-8.0974
2016-09-13,TMV,TMV,-8951000.0,17.9,0.034,25889000.0,0.0,-8951000.0,-3.5764,-8951000.0,-2471000.0,DISTRIBUTION,-100.0
2016-09-14,TMV,TMV,0.0,17.82,-0.0045,25889000.0,0.0,0.0,-0.0748,-8951000.0,-9062000.0,BALANCED,-11.8699
2016-09-15,TMV,TMV,0.0,18.05,0.0129,25889000.0,0.0,0.0,-0.0748,-8951000.0,-9062000.0,BALANCED,-11.8699
2016-09-16,TMV,TMV,0.0,17.61,-0.0243,25889000.0,0.0,0.0,-0.0748,-8951000.0,-9062000.0,BALANCED,-11.8699
2016-09-19,TMV,TMV,0.0,17.78,0.0098,25889000.0,0.0,0.0,-0.0748,-8951000.0,-9062000.0,BALANCED,-11.8699
2016-09-20,TMV,TMV,-1760000.0,17.6,-0.0105,24129000.0,0.0,-1760000.0,-0.71,-1760000.0,-10822000.0,BALANCED,-29.7498
2016-09-21,TMV,TMV,-1717000.0,17.17,-0.0243,22412000.0,0.0,-1717000.0,-0.6648,-3477000.0,-12539000.0,BALANCED,-30.619
2016-09-22,TMV,TMV,2514000.0,16.76,-0.0239,24926000.0,2514000.0,0.0,0.9583,-963000.0,-10025000.0,BALANCED,15.9583
2016-09-23,TMV,TMV,0.0,16.81,0.0028,24926000.0,0.0,0.0,0.0476,-963000.0,-10025000.0,BALANCED,-8.8098
2016-09-26,TMV,TMV,0.0,16.49,-0.0191,24926000.0,0.0,0.0,0.0476,-963000.0,-10025000.0,BALANCED,-8.8098
2016-09-27,TMV,TMV,0.0,16.12,-0.022,24926000.0,0.0,0.0,0.0476,797000.0,-13976000.0,BALANCED,11.1902
2016-09-28,TMV,TMV,3245000.0,16.23,0.0065,28171000.0,3245000.0,0.0,1.6172,5759000.0,-10731000.0,ACCUMULATION,52.4296
2016-09-29,TMV,TMV,0.0,16.1,-0.0076,28171000.0,0.0,0.0,0.1053,3245000.0,-10731000.0,BALANCED,12.6324
2016-09-30,TMV,TMV,-1653000.0,16.53,0.0267,26518000.0,0.0,-1653000.0,-0.6347,1592000.0,-12384000.0,BALANCED,-7.8676
2016-10-03,TMV,TMV,4174000.0,16.7,0.0098,30692000.0,4174000.0,0.0,1.8688,5766000.0,-4148000.0,ACCUMULATION,58.7202
2016-10-04,TMV,TMV,0.0,17.28,0.035,30692000.0,0.0,0.0,0.0615,5766000.0,-4148000.0,BALANCED,11.5368
2016-10-05,TMV,TMV,0.0,17.52,0.0139,30692000.0,0.0,0.0,0.0615,2521000.0,-4148000.0,BALANCED,11.5368
2016-10-06,TMV,TMV,0.0,17.81,0.0167,30692000.0,0.0,0.0,0.0615,2521000.0,-4148000.0,BALANCED,11.5368
2016-10-07,TMV,TMV,3555000.0,17.78,-0.0021,34247000.0,3555000.0,0.0,1.4872,7729000.0,-593000.0,BALANCED,49.1798
2016-10-10,TMV,TMV,0.0,17.78,0.0,34247000.0,0.0,0.0,0.0098,3555000.0,-593000.0,BALANCED,10.2438
2016-10-11,TMV,TMV,0.0,18.21,0.0244,34247000.0,0.0,0.0,0.0679,3555000.0,8358000.0,BALANCED,11.6967
2016-10-12,TMV,TMV,0.0,18.15,-0.003,34247000.0,0.0,0.0,0.0679,3555000.0,8358000.0,BALANCED,11.6967
2016-10-13,TMV,TMV,0.0,17.95,-0.0113,34247000.0,0.0,0.0,0.0679,3555000.0,8358000.0,BALANCED,11.6967
2016-10-14,TMV,TMV,0.0,18.7,0.0419,34247000.0,0.0,0.0,0.0679,0.0,8358000.0,BALANCED,1.6967
2016-10-17,TMV,TMV,3669000.0,18.34,-0.0192,37916000.0,3669000.0,0.0,1.5737,3669000.0,12027000.0,ACCUMULATION,51.3414
2016-10-18,TMV,TMV,0.0,18.16,-0.0098,37916000.0,0.0,0.0,-0.0452,3669000.0,13787000.0,BALANCED,8.869
2016-10-19,TMV,TMV,0.0,18.12,-0.0025,37916000.0,0.0,0.0,-0.0452,3669000.0,15504000.0,BALANCED,8.869
2016-10-20,TMV,TMV,0.0,18.06,-0.0032,37916000.0,0.0,0.0,-0.0452,3669000.0,12990000.0,BALANCED,8.869
2016-10-21,TMV,TMV,0.0,17.98,-0.0046,37916000.0,0.0,0.0,-0.0452,3669000.0,12990000.0,BALANCED,8.869
2016-10-24,TMV,TMV,0.0,18.21,0.013,37916000.0,0.0,0.0,-0.0452,0.0,12990000.0,BALANCED,-1.131
2016-10-25,TMV,TMV,-903000.0,18.07,-0.0079,37013000.0,0.0,-903000.0,-0.8454,-903000.0,12087000.0,BALANCED,-33.1345
2016-10-26,TMV,TMV,0.0,18.43,0.0203,37013000.0,0.0,0.0,-0.2461,-903000.0,8842000.0,BALANCED,-16.1522
2016-10-27,TMV,TMV,0.0,19.03,0.0327,37013000.0,0.0,0.0,-0.2461,-903000.0,8842000.0,BALANCED,-16.1522
2016-10-28,TMV,TMV,-4790000.0,19.16,0.0066,32223000.0,0.0,-4790000.0,-2.8144,-5693000.0,5705000.0,DISTRIBUTION,-82.3599
2016-10-31,TMV,TMV,0.0,18.81,-0.0184,32223000.0,0.0,0.0,-0.1188,-5693000.0,1531000.0,BALANCED,-12.9704
2016-11-01,TMV,TMV,0.0,18.8,-0.0003,32223000.0,0.0,0.0,-0.1552,-4790000.0,1531000.0,BALANCED,-13.8802
2016-11-02,TMV,TMV,4639000.0,18.56,-0.0131,36862000.0,4639000.0,0.0,2.223,-151000.0,6170000.0,ACCUMULATION,47.5754
2016-11-03,TMV,TMV,0.0,18.98,0.023,36862000.0,0.0,0.0,-0.2172,-151000.0,6170000.0,BALANCED,-15.4298
2016-11-04,TMV,TMV,0.0,18.47,-0.027,36862000.0,0.0,0.0,-0.2172,4639000.0,2615000.0,BALANCED,4.5702
2016-11-07,TMV,TMV,-2841000.0,18.94,0.0254,34021000.0,0.0,-2841000.0,-1.634,1798000.0,-226000.0,DISTRIBUTION,-32.8495
2016-11-08,TMV,TMV,0.0,19.17,0.0121,34021000.0,0.0,0.0,-0.1576,1798000.0,-226000.0,BALANCED,6.0612
2016-11-09,TMV,TMV,0.0,21.61,0.1273,34021000.0,0.0,0.0,-0.1058,-2841000.0,-226000.0,BALANCED,-12.6457
2016-11-10,TMV,TMV,-6769000.0,22.56,0.0441,27252000.0,0.0,-6769000.0,-3.0094,-9610000.0,-6995000.0,DISTRIBUTION,-87.2344
2016-11-11,TMV,TMV,0.0,22.56,0.0,27252000.0,0.0,0.0,-0.011,-9610000.0,-6995000.0,BALANCED,-10.2758
2016-11-14,TMV,TMV,0.0,23.34,0.0346,27252000.0,0.0,0.0,0.0553,-6769000.0,-10664000.0,BALANCED,-8.6185
2016-11-15,TMV,TMV,4599000.0,23.0,-0.0149,31851000.0,4599000.0,0.0,2.0298,-2170000.0,-6065000.0,ACCUMULATION,42.7462
2016-11-16,TMV,TMV,-2237000.0,22.37,-0.0271,29614000.0,0.0,-2237000.0,-0.9634,-4407000.0,-8302000.0,BALANCED,-36.084
2016-11-17,TMV,TMV,0.0,23.36,0.0441,29614000.0,0.0,0.0,0.0157,2362000.0,-8302000.0,BALANCED,10.3932
2016-11-18,TMV,TMV,0.0,23.56,0.0086,29614000.0,0.0,0.0,0.0708,2362000.0,-8302000.0,BALANCED,11.7694
2016-11-21,TMV,TMV,4677000.0,23.38,-0.0075,34291000.0,4677000.0,0.0,1.9864,7039000.0,-3625000.0,ACCUMULATION,61.6609
2016-11-22,TMV,TMV,-3511000.0,23.41,0.001,30780000.0,0.0,-3511000.0,-1.3918,-1071000.0,-6233000.0,BALANCED,-46.796
2016-11-23,TMV,TMV,0.0,23.68,0.0116,30780000.0,0.0,0.0,0.0474,1166000.0,-6233000.0,BALANCED,11.1843
2016-11-25,TMV,TMV,0.0,23.57,-0.0046,30780000.0,0.0,0.0,0.0474,1166000.0,-6233000.0,BALANCED,11.1843
2016-11-28,TMV,TMV,0.0,23.05,-0.0221,30780000.0,0.0,0.0,0.0474,1166000.0,-1443000.0,BALANCED,11.1843
2016-11-29,TMV,TMV,2276000.0,22.76,-0.0126,33056000.0,2276000.0,0.0,1.0255,-1235000.0,833000.0,BALANCED,17.6364
2016-11-30,TMV,TMV,0.0,23.86,0.0486,33056000.0,0.0,0.0,0.0681,2276000.0,833000.0,BALANCED,11.7035
2016-12-01,TMV,TMV,0.0,24.62,0.0316,33056000.0,0.0,0.0,0.0681,2276000.0,-3806000.0,BALANCED,11.7035
2016-12-02,TMV,TMV,0.0,24.07,-0.0221,33056000.0,0.0,0.0,0.0681,2276000.0,-3806000.0,BALANCED,11.7035
2016-12-05,TMV,TMV,3623000.0,24.15,0.0032,36679000.0,3623000.0,0.0,1.4799,5899000.0,-183000.0,BALANCED,48.998
2016-12-06,TMV,TMV,0.0,24.2,0.0022,36679000.0,0.0,0.0,0.0167,3623000.0,2658000.0,BALANCED,10.4163
2016-12-07,TMV,TMV,0.0,23.58,-0.0257,36679000.0,0.0,0.0,0.0045,3623000.0,2658000.0,BALANCED,10.1127
2016-12-08,TMV,TMV,0.0,24.42,0.0353,36679000.0,0.0,0.0,0.0045,3623000.0,2658000.0,BALANCED,10.1127
2016-12-09,TMV,TMV,0.0,25.33,0.0372,36679000.0,0.0,0.0,0.0045,3623000.0,9427000.0,BALANCED,10.1127
2016-12-12,TMV,TMV,6295000.0,25.18,-0.0057,42974000.0,6295000.0,0.0,2.3203,6295000.0,15722000.0,ACCUMULATION,70.0065
2016-12-13,TMV,TMV,0.0,24.91,-0.0107,42974000.0,0.0,0.0,-0.1401,6295000.0,15722000.0,BALANCED,6.4984
2016-12-14,TMV,TMV,0.0,25.75,0.0335,42974000.0,0.0,0.0,-0.1401,6295000.0,11123000.0,BALANCED,6.4984
2016-12-15,TMV,TMV,0.0,25.35,-0.0152,42974000.0,0.0,0.0,-0.0839,6295000.0,13360000.0,BALANCED,7.9021
2016-12-16,TMV,TMV,0.0,25.53,0.0068,42974000.0,0.0,0.0,-0.0839,6295000.0,13360000.0,BALANCED,7.9021
2016-12-19,TMV,TMV,-1235000.0,24.7,-0.0323,41739000.0,0.0,-1235000.0,-0.5723,-1235000.0,12125000.0,BALANCED,-26.3086
2016-12-20,TMV,TMV,-6268000.0,25.07,0.0149,35471000.0,0.0,-6268000.0,-2.3765,-7503000.0,1180000.0,DISTRIBUTION,-73.4133
2016-12-21,TMV,TMV,0.0,24.74,-0.0133,35471000.0,0.0,0.0,-0.0182,-7503000.0,4691000.0,BALANCED,-10.4546
2016-12-22,TMV,TMV,-2487000.0,24.87,0.0053,32984000.0,0.0,-2487000.0,-0.909,-9990000.0,2204000.0,BALANCED,-34.7259
2016-12-23,TMV,TMV,0.0,24.69,-0.0074,32984000.0,0.0,0.0,-0.0803,-9990000.0,2204000.0,BALANCED,-12.0075
2016-12-27,TMV,TMV,0.0,24.96,0.0109,32984000.0,0.0,0.0,-0.0803,-8755000.0,2204000.0,BALANCED,-12.0075
2016-12-28,TMV,TMV,0.0,24.41,-0.0219,32984000.0,0.0,0.0,-0.0803,-2487000.0,-72000.0,BALANCED,-12.0075
2016-12-29,TMV,TMV,0.0,24.15,-0.0107,32984000.0,0.0,0.0,-0.0169,-2487000.0,-72000.0,BALANCED,-10.4236
2016-12-30,TMV,TMV,-1198000.0,23.96,-0.0076,31786000.0,0.0,-1198000.0,-0.5773,-1198000.0,-1270000.0,BALANCED,-26.4337
2017-01-03,TMV,TMV,0.0,23.73,-0.0098,31786000.0,0.0,0.0,-0.0329,-1198000.0,-1270000.0,BALANCED,-10.8226
2017-01-04,TMV,TMV,-5864000.0,23.45,-0.0115,25922000.0,0.0,-5864000.0,-2.3404,-7062000.0,-10757000.0,DISTRIBUTION,-70.5091
2017-01-05,TMV,TMV,0.0,22.35,-0.0469,25922000.0,0.0,0.0,0.1224,-7062000.0,-10757000.0,BALANCED,-6.9411
2017-01-06,TMV,TMV,-1148000.0,22.97,0.0275,24774000.0,0.0,-1148000.0,-0.43,-8210000.0,-11905000.0,BALANCED,-22.751
2017-01-09,TMV,TMV,0.0,22.41,-0.0241,24774000.0,0.0,0.0,0.0908,-7012000.0,-11905000.0,BALANCED,-7.7291
2017-01-10,TMV,TMV,0.0,22.46,0.002,24774000.0,0.0,0.0,0.0908,-7012000.0,-11905000.0,BALANCED,-7.7291
2017-01-11,TMV,TMV,0.0,22.23,-0.0101,24774000.0,0.0,0.0,0.0908,-1148000.0,-18200000.0,BALANCED,-7.7291
2017-01-12,TMV,TMV,-1119000.0,22.38,0.0066,23655000.0,0.0,-1119000.0,-0.3731,-2267000.0,-19319000.0,BALANCED,-21.3281
2017-01-13,TMV,TMV,0.0,22.7,0.0143,23655000.0,0.0,0.0,0.1451,-1119000.0,-19319000.0,BALANCED,-6.3717
2017-01-17,TMV,TMV,3298000.0,21.98,-0.0314,26953000.0,3298000.0,0.0,1.5511,2179000.0,-16021000.0,ACCUMULATION,50.7775
2017-01-18,TMV,TMV,0.0,22.83,0.0384,26953000.0,0.0,0.0,0.0901,2179000.0,-16021000.0,BALANCED,12.253
2017-01-19,TMV,TMV,0.0,23.3,0.0206,26953000.0,0.0,0.0,0.1515,2179000.0,-14786000.0,BALANCED,13.7883
2017-01-20,TMV,TMV,0.0,23.44,0.006,26953000.0,0.0,0.0,0.1515,3298000.0,-8518000.0,BALANCED,13.7883
2017-01-23,TMV,TMV,0.0,22.73,-0.03,26953000.0,0.0,0.0,0.1515,3298000.0,-8518000.0,BALANCED,13.7883
2017-01-24,TMV,TMV,2320000.0,23.2,0.0205,29273000.0,2320000.0,0.0,1.1706,2320000.0,-3711000.0,BALANCED,41.2642
2017-01-25,TMV,TMV,-18054000.0,24.07,0.0377,11219000.0,0.0,-18054000.0,-4.3892,-15734000.0,-21765000.0,DISTRIBUTION,-100.0
2017-01-26,TMV,TMV,-7149000.0,23.83,-0.0101,4070000.0,0.0,-7149000.0,-1.5229,-22883000.0,-28914000.0,DISTRIBUTION,-52.0722
2017-01-27,TMV,TMV,0.0,23.57,-0.0108,4070000.0,0.0,0.0,0.3375,-22883000.0,-28914000.0,BALANCED,-1.5635
2017-01-30,TMV,TMV,0.0,23.78,0.009,4070000.0,0.0,0.0,0.3375,-22883000.0,-28914000.0,BALANCED,-1.5635
2017-01-31,TMV,TMV,0.0,23.29,-0.0209,4070000.0,0.0,0.0,0.3375,-25203000.0,-27716000.0,BALANCED,-1.5635
2017-02-01,TMV,TMV,0.0,23.72,0.0185,4070000.0,0.0,0.0,0.3375,-7149000.0,-27716000.0,BALANCED,-1.5635
2017-02-02,TMV,TMV,0.0,23.75,0.0013,4070000.0,0.0,0.0,0.3261,0.0,-21852000.0,BALANCED,8.1532
2017-02-03,TMV,TMV,0.0,23.78,0.0013,4070000.0,0.0,0.0,0.2801,0.0,-21852000.0,BALANCED,7.002
2017-02-06,TMV,TMV,0.0,23.34,-0.0182,4070000.0,0.0,0.0,0.2801,0.0,-20704000.0,BALANCED,7.002
2017-02-07,TMV,TMV,0.0,22.83,-0.0221,4070000.0,0.0,0.0,0.2583,0.0,-20704000.0,BALANCED,6.4569
2017-02-08,TMV,TMV,0.0,21.9,-0.0408,4070000.0,0.0,0.0,0.2583,0.0,-20704000.0,BALANCED,6.4569
2017-02-09,TMV,TMV,0.0,22.65,0.0346,4070000.0,0.0,0.0,0.2583,0.0,-20704000.0,BALANCED,6.4569
2017-02-10,TMV,TMV,0.0,22.69,0.0017,4070000.0,0.0,0.0,0.2583,0.0,-19585000.0,BALANCED,6.4569
2017-02-13,TMV,TMV,0.0,22.91,0.0094,4070000.0,0.0,0.0,0.2583,0.0,-19585000.0,BALANCED,6.4569
2017-02-14,TMV,TMV,4681000.0,23.4,0.0217,8751000.0,4681000.0,0.0,1.4077,4681000.0,-18202000.0,BALANCED,47.1925
2017-02-15,TMV,TMV,-5932000.0,23.73,0.0138,2819000.0,0.0,-5932000.0,-1.2478,-1251000.0,-24134000.0,BALANCED,-43.1952
2017-02-16,TMV,TMV,0.0,23.34,-0.0164,2819000.0,0.0,0.0,0.1988,-1251000.0,-24134000.0,BALANCED,-5.0301
2017-02-17,TMV,TMV,0.0,22.92,-0.0179,2819000.0,0.0,0.0,0.1988,-1251000.0,-24134000.0,BALANCED,-5.0301
2017-02-21,TMV,TMV,0.0,23.04,0.0052,2819000.0,0.0,0.0,0.1888,-1251000.0,-24134000.0,BALANCED,-5.2793
2017-02-22,TMV,TMV,0.0,22.93,-0.005,2819000.0,0.0,0.0,0.1888,-5932000.0,-26454000.0,BALANCED,-5.2793
2017-02-23,TMV,TMV,0.0,22.72,-0.009,2819000.0,0.0,0.0,0.1888,0.0,-8400000.0,BALANCED,4.7207
2017-02-24,TMV,TMV,0.0,21.96,-0.0333,2819000.0,0.0,0.0,0.1888,0.0,-1251000.0,BALANCED,4.7207
2017-02-27,TMV,TMV,0.0,22.35,0.0177,2819000.0,0.0,0.0,0.1791,0.0,-1251000.0,BALANCED,4.4783
2017-02-28,TMV,TMV,0.0,22.1,-0.0111,2819000.0,0.0,0.0,0.1791,0.0,-1251000.0,BALANCED,4.4783
2017-03-01,TMV,TMV,5803000.0,23.21,0.0502,8622000.0,5803000.0,0.0,1.607,5803000.0,4552000.0,ACCUMULATION,52.1739
2017-03-02,TMV,TMV,0.0,23.46,0.0108,8622000.0,0.0,0.0,0.1531,5803000.0,4552000.0,BALANCED,13.8272
2017-03-03,TMV,TMV,0.0,23.28,-0.0078,8622000.0,0.0,0.0,0.1531,5803000.0,4552000.0,BALANCED,13.8272
2017-03-06,TMV,TMV,4722000.0,23.61,0.0143,13344000.0,4722000.0,0.0,1.26,10525000.0,9274000.0,BALANCED,43.4991
2017-03-07,TMV,TMV,0.0,23.82,0.0091,13344000.0,0.0,0.0,0.1104,10525000.0,9274000.0,BALANCED,12.7608
2017-03-08,TMV,TMV,0.0,24.21,0.0162,13344000.0,0.0,0.0,0.1303,4722000.0,9274000.0,BALANCED,13.2571
2017-03-09,TMV,TMV,6198000.0,24.79,0.0239,19542000.0,6198000.0,0.0,2.2529,10920000.0,15472000.0,ACCUMULATION,68.3217
2017-03-10,TMV,TMV,12264000.0,24.53,-0.0106,31806000.0,12264000.0,0.0,3.674,23184000.0,27736000.0,ACCUMULATION,100.0
2017-03-13,TMV,TMV,3749000.0,24.99,0.0189,35555000.0,3749000.0,0.0,0.8643,22211000.0,31485000.0,BALANCED,37.6074
2017-03-14,TMV,TMV,0.0,24.63,-0.0144,35555000.0,0.0,0.0,-0.336,22211000.0,31485000.0,BALANCED,1.5996
2017-03-15,TMV,TMV,3559000.0,23.73,-0.0367,39114000.0,3559000.0,0.0,0.7591,25770000.0,30363000.0,BALANCED,30.9776
2017-03-16,TMV,TMV,0.0,24.09,0.0152,39114000.0,0.0,0.0,-0.3709,19572000.0,36295000.0,BALANCED,0.7279
2017-03-17,TMV,TMV,-9455000.0,23.64,-0.0188,29659000.0,0.0,-9455000.0,-2.7888,-2147000.0,26840000.0,DISTRIBUTION,-81.7209
2017-03-20,TMV,TMV,0.0,23.33,-0.0129,29659000.0,0.0,0.0,-0.2308,-5896000.0,26840000.0,BALANCED,-15.7693
2017-03-21,TMV,TMV,0.0,22.75,-0.0249,29659000.0,0.0,0.0,-0.2308,-5896000.0,26840000.0,BALANCED,-15.7693
2017-03-22,TMV,TMV,-7868000.0,22.48,-0.012,21791000.0,0.0,-7868000.0,-2.1024,-17323000.0,18972000.0,DISTRIBUTION,-64.5591
2017-03-23,TMV,TMV,0.0,22.57,0.0042,21791000.0,0.0,0.0,-0.1468,-17323000.0,18972000.0,BALANCED,-13.6704
2017-03-24,TMV,TMV,-3350000.0,22.33,-0.0107,18441000.0,0.0,-3350000.0,-0.937,-11218000.0,15622000.0,BALANCED,-35.4256
2017-03-27,TMV,TMV,0.0,22.03,-0.0136,18441000.0,0.0,0.0,-0.1172,-11218000.0,15622000.0,BALANCED,-12.9307
2017-03-28,TMV,TMV,0.0,22.47,0.02,18441000.0,0.0,0.0,-0.1172,-11218000.0,15622000.0,BALANCED,-12.9307
2017-03-29,TMV,TMV,2207000.0,22.07,-0.0179,20648000.0,2207000.0,0.0,0.45,-1143000.0,12026000.0,BALANCED,3.2502
2017-03-30,TMV,TMV,0.0,22.6,0.0242,20648000.0,0.0,0.0,-0.1546,-1143000.0,12026000.0,BALANCED,-13.866
2017-03-31,TMV,TMV,0.0,22.41,-0.0087,20648000.0,0.0,0.0,-0.1546,2207000.0,12026000.0,BALANCED,6.134
2017-04-03,TMV,TMV,0.0,21.73,-0.0302,20648000.0,0.0,0.0,-0.1546,2207000.0,7304000.0,BALANCED,6.134
2017-04-04,TMV,TMV,5521000.0,22.08,0.0163,26169000.0,5521000.0,0.0,1.2023,7728000.0,12825000.0,BALANCED,42.0586
2017-04-05,TMV,TMV,0.0,21.88,-0.0092,26169000.0,0.0,0.0,-0.1973,5521000.0,12825000.0,BALANCED,5.067
2017-04-06,TMV,TMV,0.0,21.98,0.0045,26169000.0,0.0,0.0,-0.1973,5521000.0,6627000.0,BALANCED,5.067
2017-04-07,TMV,TMV,4449000.0,22.25,0.0122,30618000.0,4449000.0,0.0,0.8811,9970000.0,-1188000.0,BALANCED,34.0284
2017-04-10,TMV,TMV,2194000.0,21.94,-0.0139,32812000.0,2194000.0,0.0,0.2986,12164000.0,-2743000.0,BALANCED,21.4639
2017-04-11,TMV,TMV,0.0,21.31,-0.0284,32812000.0,0.0,0.0,-0.2499,6643000.0,-2743000.0,BALANCED,3.7515
2017-04-12,TMV,TMV,10482000.0,20.96,-0.0164,43294000.0,10482000.0,0.0,2.1813,17125000.0,4180000.0,ACCUMULATION,66.5328
2017-04-13,TMV,TMV,0.0,20.78,-0.0087,43294000.0,0.0,0.0,-0.2703,17125000.0,4180000.0,BALANCED,3.2422
2017-04-17,TMV,TMV,0.0,20.96,0.0088,43294000.0,0.0,0.0,-0.2703,12676000.0,13635000.0,BALANCED,3.2422
2017-04-18,TMV,TMV,5035000.0,20.14,-0.0392,48329000.0,5035000.0,0.0,0.9029,15517000.0,18670000.0,BALANCED,34.5725
2017-04-19,TMV,TMV,2047000.0,20.47,0.0164,50376000.0,2047000.0,0.0,0.1898,17564000.0,20717000.0,BALANCED,18.7443
2017-04-20,TMV,TMV,0.0,20.71,0.0116,50376000.0,0.0,0.0,-0.2883,7082000.0,28585000.0,BALANCED,2.7931
2017-04-21,TMV,TMV,0.0,20.71,0.0001,50376000.0,0.0,0.0,-0.2457,7082000.0,28585000.0,BALANCED,3.8567
2017-04-24,TMV,TMV,0.0,21.02,0.0148,50376000.0,0.0,0.0,-0.1717,7082000.0,31935000.0,BALANCED,5.7087
2017-04-25,TMV,TMV,0.0,21.78,0.0361,50376000.0,0.0,0.0,-0.1388,2047000.0,31935000.0,BALANCED,6.5293
2017-04-26,TMV,TMV,-5354000.0,21.42,-0.0165,45022000.0,0.0,-5354000.0,-1.5261,-5354000.0,26581000.0,DISTRIBUTION,-50.1529
2017-04-27,TMV,TMV,0.0,21.44,0.001,45022000.0,0.0,0.0,-0.0537,-5354000.0,24374000.0,BALANCED,-11.3436
2017-04-28,TMV,TMV,0.0,21.3,-0.0066,45022000.0,0.0,0.0,-0.0537,-5354000.0,24374000.0,BALANCED,-11.3436
2017-05-01,TMV,TMV,0.0,21.83,0.0249,45022000.0,0.0,0.0,-0.161,-5354000.0,24374000.0,BALANCED,-14.0257
2017-05-02,TMV,TMV,-4298000.0,21.49,-0.0153,40724000.0,0.0,-4298000.0,-1.4148,-9652000.0,20076000.0,BALANCED,-47.3689
2017-05-03,TMV,TMV,1072000.0,21.45,-0.002,41796000.0,1072000.0,0.0,0.2022,-3226000.0,15627000.0,BALANCED,-2.9442
2017-05-04,TMV,TMV,3265000.0,21.77,0.0148,45061000.0,3265000.0,0.0,0.8453,39000.0,18892000.0,BALANCED,35.1329
2017-05-05,TMV,TMV,0.0,21.71,-0.0027,45061000.0,0.0,0.0,-0.2634,39000.0,18892000.0,BALANCED,3.4151
2017-05-08,TMV,TMV,-4413000.0,22.06,0.0163,40648000.0,0.0,-4413000.0,-1.7166,-4374000.0,10030000.0,DISTRIBUTION,-54.9143
2017-05-09,TMV,TMV,0.0,22.07,0.0003,40648000.0,0.0,0.0,-0.2466,-76000.0,7836000.0,BALANCED,-16.1644
2017-05-10,TMV,TMV,1107000.0,22.15,0.0035,41755000.0,1107000.0,0.0,0.11,-41000.0,8943000.0,BALANCED,-5.2506
2017-05-11,TMV,TMV,0.0,22.15,0.0,41755000.0,0.0,0.0,-0.2353,-3306000.0,-1539000.0,BALANCED,-15.8822
2017-05-12,TMV,TMV,0.0,21.65,-0.0226,41755000.0,0.0,0.0,-0.2353,-3306000.0,-1539000.0,BALANCED,-15.8822
2017-05-15,TMV,TMV,0.0,21.82,0.0082,41755000.0,0.0,0.0,-0.2353,1107000.0,-1539000.0,BALANCED,4.1178
2017-05-16,TMV,TMV,0.0,21.58,-0.0111,41755000.0,0.0,0.0,-0.2353,1107000.0,-6574000.0,BALANCED,4.1178
2017-05-17,TMV,TMV,-3096000.0,20.64,-0.0437,38659000.0,0.0,-3096000.0,-1.2009,-3096000.0,-11717000.0,BALANCED,-42.0235
2017-05-18,TMV,TMV,8227000.0,20.57,-0.0034,46886000.0,8227000.0,0.0,2.3177,5131000.0,-3490000.0,ACCUMULATION,69.9425
2017-05-19,TMV,TMV,0.0,20.42,-0.007,46886000.0,0.0,0.0,-0.2124,5131000.0,-3490000.0,BALANCED,4.6907
2017-05-22,TMV,TMV,0.0,20.59,0.0083,46886000.0,0.0,0.0,-0.1708,5131000.0,-3490000.0,BALANCED,5.7301
2017-05-23,TMV,TMV,0.0,21.01,0.0202,46886000.0,0.0,0.0,-0.1484,5131000.0,-3490000.0,BALANCED,6.2894
2017-05-24,TMV,TMV,0.0,20.65,-0.017,46886000.0,0.0,0.0,-0.1484,8227000.0,1864000.0,BALANCED,6.2894
2017-05-25,TMV,TMV,0.0,20.63,-0.001,46886000.0,0.0,0.0,-0.0473,0.0,1864000.0,BALANCED,-1.1819
2017-05-26,TMV,TMV,0.0,20.57,-0.0029,46886000.0,0.0,0.0,-0.0473,0.0,1864000.0,BALANCED,-1.1819
2017-05-30,TMV,TMV,0.0,20.22,-0.017,46886000.0,0.0,0.0,-0.0473,0.0,1864000.0,BALANCED,-1.1819
2017-05-31,TMV,TMV,2007000.0,20.07,-0.0075,48893000.0,2007000.0,0.0,0.8332,2007000.0,8169000.0,BALANCED,32.8302
2017-06-01,TMV,TMV,0.0,20.06,-0.0003,48893000.0,0.0,0.0,0.021,2007000.0,7097000.0,BALANCED,10.5247
2017-06-02,TMV,TMV,0.0,19.35,-0.0355,48893000.0,0.0,0.0,0.021,2007000.0,3832000.0,BALANCED,10.5247
2017-06-05,TMV,TMV,2957000.0,19.71,0.0186,51850000.0,2957000.0,0.0,1.2024,4964000.0,6789000.0,BALANCED,42.0594
2017-06-06,TMV,TMV,0.0,19.39,-0.0163,51850000.0,0.0,0.0,-0.0203,4964000.0,11202000.0,BALANCED,9.4921
2017-06-07,TMV,TMV,0.0,19.67,0.0144,51850000.0,0.0,0.0,-0.0203,2957000.0,11202000.0,BALANCED,9.4921
2017-06-08,TMV,TMV,-7930000.0,19.83,0.008,43920000.0,0.0,-7930000.0,-2.977,-4973000.0,2165000.0,DISTRIBUTION,-86.4255
2017-06-09,TMV,TMV,0.0,19.92,0.0047,43920000.0,0.0,0.0,0.0139,-4973000.0,2165000.0,BALANCED,-9.6536
2017-06-12,TMV,TMV,0.0,19.94,0.001,43920000.0,0.0,0.0,0.0139,-7930000.0,2165000.0,BALANCED,-9.6536
2017-06-13,TMV,TMV,0.0,19.93,-0.0005,43920000.0,0.0,0.0,0.0139,-7930000.0,2165000.0,BALANCED,-9.6536
2017-06-14,TMV,TMV,1901000.0,19.01,-0.0463,45821000.0,1901000.0,0.0,0.6796,-6029000.0,4066000.0,BALANCED,8.9891
2017-06-15,TMV,TMV,0.0,19.1,0.0048,45821000.0,0.0,0.0,-0.0528,1901000.0,7162000.0,BALANCED,8.6804
2017-06-16,TMV,TMV,0.0,18.98,-0.0059,45821000.0,0.0,0.0,-0.0102,1901000.0,-1065000.0,BALANCED,9.7438
2017-06-19,TMV,TMV,0.0,19.07,0.0043,45821000.0,0.0,0.0,-0.0102,1901000.0,-1065000.0,BALANCED,9.7438
2017-06-20,TMV,TMV,0.0,18.55,-0.0268,45821000.0,0.0,0.0,-0.0741,1901000.0,-1065000.0,BALANCED,8.1465
2017-06-21,TMV,TMV,0.0,18.44,-0.0061,45821000.0,0.0,0.0,-0.0741,0.0,-1065000.0,BALANCED,-1.8535
2017-06-22,TMV,TMV,3664000.0,18.32,-0.0065,49485000.0,3664000.0,0.0,1.4154,3664000.0,2599000.0,BALANCED,47.384
2017-06-23,TMV,TMV,-3670000.0,18.35,0.0015,45815000.0,0.0,-3670000.0,-1.5153,-6000.0,-1071000.0,DISTRIBUTION,-49.883
2017-06-26,TMV,TMV,0.0,18.14,-0.0112,45815000.0,0.0,0.0,-0.0539,-6000.0,-1071000.0,BALANCED,-11.3473
2017-06-27,TMV,TMV,0.0,18.72,0.0321,45815000.0,0.0,0.0,-0.0539,-6000.0,-1071000.0,BALANCED,-11.3473
2017-06-28,TMV,TMV,0.0,18.91,0.01,45815000.0,0.0,0.0,-0.0539,-6000.0,-3078000.0,BALANCED,-11.3473
2017-06-29,TMV,TMV,0.0,19.39,0.0252,45815000.0,0.0,0.0,-0.0979,-3670000.0,-3078000.0,BALANCED,-12.4476
2017-06-30,TMV,TMV,0.0,19.52,0.007,45815000.0,0.0,0.0,0.0187,0.0,-3078000.0,BALANCED,0.4665
2017-07-03,TMV,TMV,0.0,19.71,0.0097,45815000.0,0.0,0.0,0.0187,0.0,-6035000.0,BALANCED,0.4665
2017-07-05,TMV,TMV,0.0,19.7,-0.0007,45815000.0,0.0,0.0,0.0187,0.0,-6035000.0,BALANCED,0.4665
2017-07-06,TMV,TMV,0.0,20.19,0.0249,45815000.0,0.0,0.0,0.0187,0.0,-6035000.0,BALANCED,0.4665
2017-07-07,TMV,TMV,-3083000.0,20.55,0.0181,42732000.0,0.0,-3083000.0,-1.478,-3083000.0,-1188000.0,BALANCED,-48.9512
2017-07-10,TMV,TMV,-4093000.0,20.46,-0.0044,38639000.0,0.0,-4093000.0,-1.8023,-7176000.0,-5281000.0,DISTRIBUTION,-59.0564
2017-07-11,TMV,TMV,0.0,20.36,-0.0051,38639000.0,0.0,0.0,0.1298,-7176000.0,-5281000.0,BALANCED,-6.756
2017-07-12,TMV,TMV,2991000.0,19.94,-0.0207,41630000.0,2991000.0,0.0,1.4387,-4185000.0,-2290000.0,BALANCED,27.9684
2017-07-13,TMV,TMV,-4063000.0,20.32,0.0189,37567000.0,0.0,-4063000.0,-1.6228,-8248000.0,-8254000.0,DISTRIBUTION,-52.5701
2017-07-14,TMV,TMV,-17209000.0,20.25,-0.0035,20358000.0,0.0,-17209000.0,-4.2576,-22374000.0,-25463000.0,DISTRIBUTION,-100.0
2017-07-17,TMV,TMV,-5020000.0,20.08,-0.0082,15338000.0,0.0,-5020000.0,-1.0043,-23301000.0,-30483000.0,BALANCED,-41.1072
2017-07-18,TMV,TMV,0.0,19.55,-0.0262,15338000.0,0.0,0.0,0.319,-23301000.0,-30483000.0,BALANCED,-2.0239
2017-07-19,TMV,TMV,-1953000.0,19.53,-0.0012,13385000.0,0.0,-1953000.0,-0.1761,-28245000.0,-32436000.0,BALANCED,-16.4019
2017-07-20,TMV,TMV,0.0,19.36,-0.0086,13385000.0,0.0,0.0,0.3365,-24182000.0,-32436000.0,BALANCED,-1.5867
2017-07-21,TMV,TMV,2868000.0,19.12,-0.0126,16253000.0,2868000.0,0.0,1.0334,-4105000.0,-33232000.0,BALANCED,17.8357
2017-07-24,TMV,TMV,5803000.0,19.34,0.0118,22056000.0,5803000.0,0.0,1.6897,6718000.0,-23759000.0,ACCUMULATION,56.2428
2017-07-25,TMV,TMV,0.0,20.1,0.0391,22056000.0,0.0,0.0,0.1885,6718000.0,-23759000.0,BALANCED,14.7133
2017-07-26,TMV,TMV,-12002000.0,20.0,-0.0048,10054000.0,0.0,-12002000.0,-2.4852,-3331000.0,-35761000.0,DISTRIBUTION,-74.1309
2017-07-27,TMV,TMV,0.0,20.3,0.0148,10054000.0,0.0,0.0,0.2745,-3331000.0,-35761000.0,BALANCED,-3.1376
2017-07-28,TMV,TMV,-3988000.0,19.94,-0.0176,6066000.0,0.0,-3988000.0,-0.6098,-10187000.0,-39749000.0,BALANCED,-27.2456
2017-07-31,TMV,TMV,0.0,19.87,-0.0036,6066000.0,0.0,0.0,0.3035,-15990000.0,-39749000.0,BALANCED,-2.413
2017-08-01,TMV,TMV,0.0,19.45,-0.021,6066000.0,0.0,0.0,0.3035,-15990000.0,-39749000.0,BALANCED,-2.413
2017-08-02,TMV,TMV,0.0,19.42,-0.0016,6066000.0,0.0,0.0,0.3035,-3988000.0,-39749000.0,BALANCED,-2.413
2017-08-03,TMV,TMV,0.0,18.82,-0.031,6066000.0,0.0,0.0,0.3035,-3988000.0,-39749000.0,BALANCED,-2.413
2017-08-04,TMV,TMV,0.0,19.3,0.0256,6066000.0,0.0,0.0,0.3388,0.0,-36666000.0,BALANCED,8.4688
2017-08-07,TMV,TMV,-7695000.0,19.24,-0.0033,-1629000.0,0.0,-7695000.0,-1.3876,-7695000.0,-40268000.0,BALANCED,-46.6906
2017-08-08,TMV,TMV,0.0,19.45,0.0108,-1629000.0,0.0,0.0,0.359,-7695000.0,-40268000.0,BALANCED,-1.0261
2017-08-09,TMV,TMV,5738000.0,19.13,-0.0163,4109000.0,5738000.0,0.0,1.5506,-1957000.0,-37521000.0,ACCUMULATION,30.764
2017-08-10,TMV,TMV,0.0,18.64,-0.0256,4109000.0,0.0,0.0,0.3024,-1957000.0,-33458000.0,BALANCED,-2.4399
2017-08-11,TMV,TMV,13961000.0,18.62,-0.0013,18070000.0,13961000.0,0.0,2.7657,12004000.0,-2288000.0,ACCUMULATION,81.1421
2017-08-14,TMV,TMV,-4726000.0,18.9,0.0155,13344000.0,0.0,-4726000.0,-0.6718,14973000.0,-1994000.0,BALANCED,-8.7961
2017-08-15,TMV,TMV,1914000.0,19.14,0.0127,15258000.0,1914000.0,0.0,0.5383,16887000.0,-80000.0,BALANCED,25.4578
2017-08-16,TMV,TMV,0.0,18.93,-0.011,15258000.0,0.0,0.0,0.187,11149000.0,1873000.0,BALANCED,14.6743
2017-08-17,TMV,TMV,0.0,18.51,-0.0224,15258000.0,0.0,0.0,0.187,11149000.0,1873000.0,BALANCED,14.6743
2017-08-18,TMV,TMV,0.0,18.52,0.0008,15258000.0,0.0,0.0,0.1685,-2812000.0,-995000.0,BALANCED,-5.7886
2017-08-21,TMV,TMV,0.0,18.39,-0.0073,15258000.0,0.0,0.0,0.1442,1914000.0,-6798000.0,BALANCED,13.6047
2017-08-22,TMV,TMV,-4651000.0,18.6,0.0116,10607000.0,0.0,-4651000.0,-0.6821,-4651000.0,-11449000.0,BALANCED,-29.0528
2017-08-23,TMV,TMV,0.0,18.22,-0.0204,10607000.0,0.0,0.0,0.1914,-4651000.0,553000.0,BALANCED,-5.2139
2017-08-24,TMV,TMV,4606000.0,18.43,0.0111,15213000.0,4606000.0,0.0,0.9791,-45000.0,5159000.0,BALANCED,16.4772
2017-08-25,TMV,TMV,0.0,18.21,-0.0115,15213000.0,0.0,0.0,0.0382,-45000.0,9147000.0,BALANCED,-9.0461
2017-08-28,TMV,TMV,9125000.0,18.25,0.0019,24338000.0,9125000.0,0.0,1.8754,9080000.0,18272000.0,ACCUMULATION,58.8861
2017-08-29,TMV,TMV,0.0,18.07,-0.0096,24338000.0,0.0,0.0,-0.0638,13731000.0,18272000.0,BALANCED,8.4061
2017-08-30,TMV,TMV,0.0,18.09,0.001,24338000.0,0.0,0.0,-0.0779,13731000.0,18272000.0,BALANCED,8.0525
2017-08-31,TMV,TMV,0.0,17.93,-0.0089,24338000.0,0.0,0.0,-0.0779,9125000.0,18272000.0,BALANCED,8.0525
2017-09-01,TMV,TMV,0.0,18.35,0.0231,24338000.0,0.0,0.0,-0.0578,9125000.0,18272000.0,BALANCED,8.5552
2017-09-05,TMV,TMV,-8737000.0,17.47,-0.0475,15601000.0,0.0,-8737000.0,-1.7676,-8737000.0,17230000.0,DISTRIBUTION,-56.19
2017-09-06,TMV,TMV,7118000.0,17.8,0.0184,22719000.0,7118000.0,0.0,1.4181,-1619000.0,24348000.0,BALANCED,27.4527
2017-09-07,TMV,TMV,862000.0,17.25,-0.0307,23581000.0,862000.0,0.0,0.0922,-757000.0,19472000.0,BALANCED,-3.6953
2017-09-08,TMV,TMV,5209000.0,17.36,0.0066,28790000.0,5209000.0,0.0,1.0094,4452000.0,24681000.0,BALANCED,41.2343
2017-09-11,TMV,TMV,0.0,17.99,0.0359,28790000.0,0.0,0.0,-0.1698,4452000.0,10720000.0,BALANCED,5.754
2017-09-12,TMV,TMV,-16444000.0,18.27,0.0158,12346000.0,0.0,-16444000.0,-3.0526,-3255000.0,-998000.0,DISTRIBUTION,-88.3138
2017-09-13,TMV,TMV,0.0,18.49,0.0119,12346000.0,0.0,0.0,-0.0384,-10373000.0,-2912000.0,BALANCED,-10.9593
2017-09-14,TMV,TMV,0.0,18.26,-0.0123,12346000.0,0.0,0.0,-0.0384,-11235000.0,-2912000.0,BALANCED,-10.9593
2017-09-15,TMV,TMV,0.0,18.24,-0.001,12346000.0,0.0,0.0,-0.0384,-16444000.0,-2912000.0,BALANCED,-10.9593
2017-09-18,TMV,TMV,0.0,18.56,0.0173,12346000.0,0.0,0.0,-0.0384,-16444000.0,-2912000.0,BALANCED,-10.9593
2017-09-19,TMV,TMV,0.0,18.7,0.0074,12346000.0,0.0,0.0,-0.0888,0.0,-2912000.0,BALANCED,-2.2191
2017-09-20,TMV,TMV,0.0,18.66,-0.0021,12346000.0,0.0,0.0,-0.0888,0.0,1739000.0,BALANCED,-2.2191
2017-09-21,TMV,TMV,0.0,18.69,0.0017,12346000.0,0.0,0.0,-0.0533,0.0,1739000.0,BALANCED,-1.3321
2017-09-22,TMV,TMV,0.0,18.53,-0.0084,12346000.0,0.0,0.0,-0.0533,0.0,-2867000.0,BALANCED,-1.3321
2017-09-25,TMV,TMV,0.0,18.18,-0.0187,12346000.0,0.0,0.0,0.0428,0.0,-2867000.0,BALANCED,1.07
2017-09-26,TMV,TMV,-3657000.0,18.28,0.0055,8689000.0,0.0,-3657000.0,-0.7915,-3657000.0,-15649000.0,BALANCED,-31.7866
2017-09-27,TMV,TMV,0.0,19.11,0.0453,8689000.0,0.0,0.0,0.0497,-3657000.0,-15649000.0,BALANCED,-8.758
2017-09-28,TMV,TMV,0.0,19.28,0.0089,8689000.0,0.0,0.0,0.0497,-3657000.0,-15649000.0,BALANCED,-8.758
2017-09-29,TMV,TMV,0.0,19.15,-0.0066,8689000.0,0.0,0.0,0.0497,-3657000.0,-15649000.0,BALANCED,-8.758
2017-10-02,TMV,TMV,-4815000.0,19.26,0.0055,3874000.0,0.0,-4815000.0,-0.9887,-8472000.0,-20464000.0,BALANCED,-36.7181
2017-10-03,TMV,TMV,0.0,19.2,-0.0029,3874000.0,0.0,0.0,0.0846,-4815000.0,-11727000.0,BALANCED,-7.8853
2017-10-04,TMV,TMV,0.0,19.2,-0.0002,3874000.0,0.0,0.0,0.0509,-4815000.0,-18845000.0,BALANCED,-8.7286
2017-10-05,TMV,TMV,0.0,19.42,0.0114,3874000.0,0.0,0.0,0.0509,-4815000.0,-19707000.0,BALANCED,-8.7286
2017-10-06,TMV,TMV,0.0,19.59,0.0087,3874000.0,0.0,0.0,0.0875,-4815000.0,-24916000.0,BALANCED,-7.8119
2017-10-09,TMV,TMV,0.0,19.59,0.0,3874000.0,0.0,0.0,0.0875,0.0,-24916000.0,BALANCED,2.1881
2017-10-10,TMV,TMV,0.0,19.31,-0.0143,3874000.0,0.0,0.0,0.1736,0.0,-8472000.0,BALANCED,4.3394
2017-10-11,TMV,TMV,0.0,19.2,-0.0058,3874000.0,0.0,0.0,0.1736,0.0,-8472000.0,BALANCED,4.3394
2017-10-12,TMV,TMV,-4738000.0,18.95,-0.0127,-864000.0,0.0,-4738000.0,-0.9754,-4738000.0,-13210000.0,BALANCED,-36.3853
2017-10-13,TMV,TMV,4636000.0,18.54,-0.0215,3772000.0,4636000.0,0.0,1.2924,-102000.0,-8574000.0,BALANCED,24.3097
2017-10-16,TMV,TMV,0.0,18.58,0.0022,3772000.0,0.0,0.0,0.1665,-102000.0,-8574000.0,BALANCED,-5.8378
2017-10-17,TMV,TMV,-8332000.0,18.51,-0.0038,-4560000.0,0.0,-8332000.0,-1.8725,-8434000.0,-16906000.0,DISTRIBUTION,-58.8114
2017-10-18,TMV,TMV,0.0,18.88,0.0198,-4560000.0,0.0,0.0,0.238,-8434000.0,-16906000.0,BALANCED,-4.0506
2017-10-19,TMV,TMV,0.0,18.78,-0.0052,-4560000.0,0.0,0.0,0.2462,-3696000.0,-16906000.0,BALANCED,-3.8456
2017-10-20,TMV,TMV,5815000.0,19.38,0.032,1255000.0,5815000.0,0.0,1.7508,-2517000.0,-11091000.0,ACCUMULATION,35.7698
2017-10-23,TMV,TMV,1928000.0,19.28,-0.0053,3183000.0,1928000.0,0.0,0.7174,-589000.0,-9163000.0,BALANCED,11.9343
2017-10-24,TMV,TMV,982000.0,19.64,0.0186,4165000.0,982000.0,0.0,0.4952,8725000.0,-4524000.0,BALANCED,28.3796
2017-10-25,TMV,TMV,0.0,19.92,0.0144,4165000.0,0.0,0.0,0.1076,8725000.0,-4524000.0,BALANCED,12.6906
2017-10-26,TMV,TMV,0.0,20.12,0.0101,4165000.0,0.0,0.0,0.1076,8725000.0,-4524000.0,BALANCED,12.6906
2017-10-27,TMV,TMV,1973000.0,19.73,-0.0197,6138000.0,1973000.0,0.0,0.8494,4883000.0,-2551000.0,BALANCED,33.2343
2017-10-30,TMV,TMV,0.0,19.16,-0.0287,6138000.0,0.0,0.0,0.0806,2955000.0,2264000.0,BALANCED,12.0157
2017-10-31,TMV,TMV,9572000.0,19.14,-0.0009,15710000.0,9572000.0,0.0,3.0253,11545000.0,11836000.0,ACCUMULATION,87.6319
2017-11-01,TMV,TMV,0.0,18.89,-0.0133,15710000.0,0.0,0.0,-0.0359,11545000.0,11836000.0,BALANCED,9.1035
2017-11-02,TMV,TMV,5592000.0,18.64,-0.0132,21302000.0,5592000.0,0.0,1.6125,17137000.0,17428000.0,ACCUMULATION,52.3119
2017-11-03,TMV,TMV,2774000.0,18.49,-0.008,24076000.0,2774000.0,0.0,0.7193,17938000.0,20202000.0,BALANCED,31.9819
2017-11-06,TMV,TMV,0.0,18.29,-0.0112,24076000.0,0.0,0.0,-0.118,17938000.0,20202000.0,BALANCED,7.0495
2017-11-07,TMV,TMV,-4514000.0,18.06,-0.0126,19562000.0,0.0,-4514000.0,-1.4545,3852000.0,15688000.0,BALANCED,-28.3629
2017-11-08,TMV,TMV,0.0,18.18,0.0067,19562000.0,0.0,0.0,-0.1081,3852000.0,15688000.0,BALANCED,7.2974
2017-11-09,TMV,TMV,0.0,18.33,0.0086,19562000.0,0.0,0.0,-0.1081,-1740000.0,20426000.0,BALANCED,-12.7026
2017-11-10,TMV,TMV,2875000.0,19.16,0.0454,22437000.0,2875000.0,0.0,0.7144,-1639000.0,18665000.0,BALANCED,9.8602
2017-11-13,TMV,TMV,-11427000.0,19.04,-0.0062,11010000.0,0.0,-11427000.0,-2.9816,-13066000.0,7238000.0,DISTRIBUTION,-86.541
2017-11-14,TMV,TMV,0.0,18.66,-0.0202,11010000.0,0.0,0.0,-0.0608,-8552000.0,15570000.0,BALANCED,-11.52
2017-11-15,TMV,TMV,0.0,18.05,-0.0325,11010000.0,0.0,0.0,-0.0608,-8552000.0,15570000.0,BALANCED,-11.52
2017-11-16,TMV,TMV,9262000.0,18.52,0.0261,20272000.0,9262000.0,0.0,2.0535,710000.0,24832000.0,ACCUMULATION,63.3373
2017-11-17,TMV,TMV,0.0,18.11,-0.0221,20272000.0,0.0,0.0,-0.1288,-2165000.0,19017000.0,BALANCED,-13.2197
2017-11-20,TMV,TMV,0.0,18.14,0.0012,20272000.0,0.0,0.0,-0.1288,9262000.0,17089000.0,BALANCED,6.7803
2017-11-21,TMV,TMV,3593000.0,17.97,-0.0094,23865000.0,3593000.0,0.0,0.684,12855000.0,19700000.0,BALANCED,29.0997
2017-11-22,TMV,TMV,0.0,17.79,-0.0096,23865000.0,0.0,0.0,-0.1557,12855000.0,19700000.0,BALANCED,6.1066
2017-11-24,TMV,TMV,2691000.0,17.94,0.0084,26556000.0,2691000.0,0.0,0.4263,6284000.0,22391000.0,BALANCED,22.6566
2017-11-27,TMV,TMV,0.0,18.02,0.0043,26556000.0,0.0,0.0,-0.1847,6284000.0,20418000.0,BALANCED,5.3822
2017-11-28,TMV,TMV,0.0,17.95,-0.004,26556000.0,0.0,0.0,-0.1847,6284000.0,20418000.0,BALANCED,5.3822
2017-11-29,TMV,TMV,2772000.0,18.48,0.0296,29328000.0,2772000.0,0.0,0.4381,5463000.0,13618000.0,BALANCED,22.9531
2017-11-30,TMV,TMV,-15867000.0,18.67,0.0101,13461000.0,0.0,-15867000.0,-3.384,-10404000.0,-2249000.0,DISTRIBUTION,-96.6003
2017-12-01,TMV,TMV,0.0,17.92,-0.0402,13461000.0,0.0,0.0,-0.1234,-13095000.0,-7841000.0,BALANCED,-13.086
2017-12-04,TMV,TMV,895000.0,17.89,-0.0014,14356000.0,895000.0,0.0,0.0962,-12200000.0,-9720000.0,BALANCED,-5.5962
2017-12-05,TMV,TMV,0.0,17.62,-0.0149,14356000.0,0.0,0.0,-0.0783,-12200000.0,-9720000.0,BALANCED,-11.9566
2017-12-06,TMV,TMV,0.0,17.44,-0.0103,14356000.0,0.0,0.0,-0.0714,-14972000.0,-5206000.0,BALANCED,-11.785
2017-12-07,TMV,TMV,16068000.0,17.85,0.0235,30424000.0,16068000.0,0.0,2.7347,16963000.0,10862000.0,ACCUMULATION,80.3665
2017-12-08,TMV,TMV,7141000.0,17.85,-0.0001,37565000.0,7141000.0,0.0,1.0633,24104000.0,18003000.0,BALANCED,40.5834
2017-12-11,TMV,TMV,0.0,17.96,0.0062,37565000.0,0.0,0.0,-0.1848,23209000.0,15128000.0,BALANCED,5.3809
2017-12-12,TMV,TMV,-899000.0,17.99,0.0012,36666000.0,0.0,-899000.0,-0.3376,22310000.0,25656000.0,BALANCED,-0.4389
2017-12-13,TMV,TMV,0.0,17.58,-0.0225,36666000.0,0.0,0.0,-0.1283,22310000.0,25656000.0,BALANCED,6.7926
2017-12-14,TMV,TMV,0.0,17.36,-0.0127,36666000.0,0.0,0.0,-0.1283,6242000.0,25656000.0,BALANCED,6.7926
2017-12-15,TMV,TMV,858000.0,17.17,-0.0111,37524000.0,858000.0,0.0,0.0591,-41000.0,17252000.0,BALANCED,-6.5219
2017-12-18,TMV,TMV,-5291000.0,17.64,0.0274,32233000.0,0.0,-5291000.0,-1.0204,-5332000.0,11961000.0,BALANCED,-37.5101
2017-12-19,TMV,TMV,0.0,18.32,0.039,32233000.0,0.0,0.0,-0.0499,-4433000.0,11961000.0,BALANCED,-11.2469
2017-12-20,TMV,TMV,0.0,18.93,0.0333,32233000.0,0.0,0.0,-0.0786,-4433000.0,8368000.0,BALANCED,-11.9638
2017-12-21,TMV,TMV,-12093000.0,18.6,-0.0174,20140000.0,0.0,-12093000.0,-2.0731,-16526000.0,-3725000.0,DISTRIBUTION,-63.8267
2017-12-22,TMV,TMV,0.0,18.52,-0.0048,20140000.0,0.0,0.0,-0.0033,-17384000.0,-6416000.0,BALANCED,-10.0824
2017-12-26,TMV,TMV,0.0,18.37,-0.0079,20140000.0,0.0,0.0,0.0132,-12093000.0,-6416000.0,BALANCED,-9.671
2017-12-27,TMV,TMV,0.0,17.65,-0.039,20140000.0,0.0,0.0,-0.0563,-12093000.0,-6416000.0,BALANCED,-11.4067
2017-12-28,TMV,TMV,0.0,17.7,0.0027,20140000.0,0.0,0.0,-0.0563,-12093000.0,-9188000.0,BALANCED,-11.4067
2017-12-29,TMV,TMV,0.0,17.54,-0.0089,20140000.0,0.0,0.0,-0.0563,0.0,6679000.0,BALANCED,-1.4067
2018-01-02,TMV,TMV,909000.0,18.19,0.0369,21049000.0,909000.0,0.0,0.1718,909000.0,7588000.0,BALANCED,16.2953
2018-01-03,TMV,TMV,2689000.0,17.93,-0.0143,23738000.0,2689000.0,0.0,0.4985,3598000.0,9382000.0,BALANCED,26.4614
2018-01-04,TMV,TMV,0.0,17.94,0.0005,23738000.0,0.0,0.0,-0.0224,3598000.0,9382000.0,BALANCED,9.4406
2018-01-05,TMV,TMV,0.0,18.1,0.0088,23738000.0,0.0,0.0,0.0008,3598000.0,9382000.0,BALANCED,10.0207
2018-01-08,TMV,TMV,0.0,18.13,0.002,23738000.0,0.0,0.0,0.0008,3598000.0,-6686000.0,BALANCED,10.0207
2018-01-09,TMV,TMV,-8487000.0,18.86,0.0402,15251000.0,0.0,-8487000.0,-1.5242,-5798000.0,-22314000.0,DISTRIBUTION,-50.1057
2018-01-10,TMV,TMV,0.0,18.93,0.0037,15251000.0,0.0,0.0,0.0708,-8487000.0,-22314000.0,BALANCED,-8.2294
2018-01-11,TMV,TMV,0.0,18.7,-0.0123,15251000.0,0.0,0.0,0.0708,-8487000.0,-21415000.0,BALANCED,-8.2294
2018-01-12,TMV,TMV,0.0,18.61,-0.0048,15251000.0,0.0,0.0,0.0887,-8487000.0,-21415000.0,BALANCED,-7.7817
2018-01-16,TMV,TMV,0.0,18.38,-0.0125,15251000.0,0.0,0.0,-0.0135,-8487000.0,-21415000.0,BALANCED,-10.3377
2018-01-17,TMV,TMV,0.0,18.45,0.0041,15251000.0,0.0,0.0,-0.0135,0.0,-22273000.0,BALANCED,-0.3377
2018-01-18,TMV,TMV,0.0,18.97,0.0279,15251000.0,0.0,0.0,-0.0068,0.0,-16982000.0,BALANCED,-0.169
2018-01-19,TMV,TMV,0.0,19.27,0.016,15251000.0,0.0,0.0,-0.0068,0.0,-16982000.0,BALANCED,-0.169
2018-01-22,TMV,TMV,0.0,19.22,-0.0028,15251000.0,0.0,0.0,-0.0068,0.0,-16982000.0,BALANCED,-0.169
2018-01-23,TMV,TMV,0.0,18.97,-0.0128,15251000.0,0.0,0.0,0.1575,0.0,-4889000.0,BALANCED,3.9366
2018-01-24,TMV,TMV,0.0,19.28,0.0163,15251000.0,0.0,0.0,0.2589,0.0,-4889000.0,BALANCED,6.4737
2018-01-25,TMV,TMV,0.0,18.81,-0.0246,15251000.0,0.0,0.0,0.2589,0.0,-4889000.0,BALANCED,6.4737
2018-01-26,TMV,TMV,0.0,19.02,0.0113,15251000.0,0.0,0.0,0.2483,0.0,-4889000.0,BALANCED,6.2064
2018-01-29,TMV,TMV,-3884000.0,19.42,0.021,11367000.0,0.0,-3884000.0,-1.0381,-3884000.0,-8773000.0,BALANCED,-37.9525
2018-01-30,TMV,TMV,0.0,19.76,0.0177,11367000.0,0.0,0.0,0.2879,-3884000.0,-8773000.0,BALANCED,-2.8024
2018-01-31,TMV,TMV,3883000.0,19.41,-0.0176,15250000.0,3883000.0,0.0,1.5217,-1000.0,-5799000.0,ACCUMULATION,30.0426
2018-02-01,TMV,TMV,0.0,20.26,0.0435,15250000.0,0.0,0.0,0.194,-1000.0,-8488000.0,BALANCED,-5.1494
2018-02-02,TMV,TMV,9371000.0,20.82,0.028,24621000.0,9371000.0,0.0,2.8012,9370000.0,883000.0,ACCUMULATION,82.0289
2018-02-05,TMV,TMV,0.0,20.24,-0.0283,24621000.0,0.0,0.0,0.0738,13254000.0,883000.0,BALANCED,11.8461
2018-02-06,TMV,TMV,6184000.0,20.61,0.0187,30805000.0,6184000.0,0.0,2.0584,19438000.0,7067000.0,ACCUMULATION,63.46
2018-02-07,TMV,TMV,0.0,21.2,0.0286,30805000.0,0.0,0.0,-0.1255,15555000.0,15554000.0,BALANCED,6.8613
2018-02-08,TMV,TMV,-4255000.0,21.27,0.0033,26550000.0,0.0,-4255000.0,-1.5128,11300000.0,11299000.0,DISTRIBUTION,-29.8199
2018-02-09,TMV,TMV,0.0,21.68,0.0192,26550000.0,0.0,0.0,-0.0723,1929000.0,11299000.0,BALANCED,8.1917
2018-02-12,TMV,TMV,0.0,21.4,-0.0132,26550000.0,0.0,0.0,-0.0723,1929000.0,11299000.0,BALANCED,8.1917
2018-02-13,TMV,TMV,0.0,21.11,-0.0134,26550000.0,0.0,0.0,-0.0723,-4255000.0,11299000.0,BALANCED,-11.8083
2018-02-14,TMV,TMV,7635000.0,21.81,0.0334,34185000.0,7635000.0,0.0,2.2152,3380000.0,18934000.0,ACCUMULATION,67.3793
2018-02-15,TMV,TMV,0.0,21.59,-0.0101,34185000.0,0.0,0.0,-0.1081,7635000.0,18934000.0,BALANCED,7.2978
2018-02-16,TMV,TMV,0.0,21.25,-0.016,34185000.0,0.0,0.0,-0.1081,7635000.0,18934000.0,BALANCED,7.2978
2018-02-20,TMV,TMV,0.0,21.53,0.0132,34185000.0,0.0,0.0,-0.1081,7635000.0,18934000.0,BALANCED,7.2978
2018-02-21,TMV,TMV,0.0,22.32,0.0369,34185000.0,0.0,0.0,-0.1081,7635000.0,18934000.0,BALANCED,7.2978
2018-02-22,TMV,TMV,-2212000.0,22.12,-0.0089,31973000.0,0.0,-2212000.0,-0.9873,-2212000.0,16722000.0,BALANCED,-36.6817
2018-02-23,TMV,TMV,0.0,21.54,-0.0264,31973000.0,0.0,0.0,-0.1987,-2212000.0,16722000.0,BALANCED,-14.9677
2018-02-26,TMV,TMV,0.0,21.52,-0.0009,31973000.0,0.0,0.0,-0.1987,-2212000.0,16722000.0,BALANCED,-14.9677
2018-02-27,TMV,TMV,5403000.0,21.61,0.0044,37376000.0,5403000.0,0.0,1.5878,3191000.0,26009000.0,ACCUMULATION,51.6946
2018-02-28,TMV,TMV,0.0,21.2,-0.019,37376000.0,0.0,0.0,-0.251,3191000.0,26009000.0,BALANCED,3.7253
2018-03-01,TMV,TMV,0.0,20.77,-0.0204,37376000.0,0.0,0.0,-0.251,5403000.0,22126000.0,BALANCED,3.7253
2018-03-02,TMV,TMV,9577000.0,21.28,0.0246,46953000.0,9577000.0,0.0,2.5454,14980000.0,31703000.0,ACCUMULATION,75.6359
2018-03-05,TMV,TMV,-4291000.0,21.46,0.0082,42662000.0,0.0,-4291000.0,-1.4944,10689000.0,18041000.0,BALANCED,-29.3588
2018-03-06,TMV,TMV,0.0,21.4,-0.0027,42662000.0,0.0,0.0,-0.2623,5286000.0,18041000.0,BALANCED,3.4416
2018-03-07,TMV,TMV,0.0,21.47,0.0034,42662000.0,0.0,0.0,-0.2623,5286000.0,11857000.0,BALANCED,3.4416
2018-03-08,TMV,TMV,0.0,21.1,-0.0172,42662000.0,0.0,0.0,-0.2623,5286000.0,11857000.0,BALANCED,3.4416
2018-03-09,TMV,TMV,5381000.0,21.52,0.02,48043000.0,5381000.0,0.0,1.2005,1090000.0,21493000.0,BALANCED,42.0135
2018-03-12,TMV,TMV,-4230000.0,21.15,-0.0172,43813000.0,0.0,-4230000.0,-1.4015,1151000.0,17263000.0,BALANCED,-27.0369
2018-03-13,TMV,TMV,0.0,20.83,-0.0152,43813000.0,0.0,0.0,-0.3014,1151000.0,17263000.0,BALANCED,2.4659
2018-03-14,TMV,TMV,0.0,20.28,-0.0264,43813000.0,0.0,0.0,-0.3014,1151000.0,17263000.0,BALANCED,2.4659
2018-03-15,TMV,TMV,8113000.0,20.28,0.0001,51926000.0,8113000.0,0.0,1.8226,9264000.0,17741000.0,ACCUMULATION,57.5642
2018-03-16,TMV,TMV,0.0,20.51,0.011,51926000.0,0.0,0.0,-0.3234,3883000.0,17741000.0,BALANCED,1.9158
2018-03-19,TMV,TMV,-3105000.0,20.7,0.0096,48821000.0,0.0,-3105000.0,-1.1077,5008000.0,14636000.0,BALANCED,-19.6923
2018-03-20,TMV,TMV,3143000.0,20.95,0.0121,51964000.0,3143000.0,0.0,0.6281,8151000.0,17779000.0,BALANCED,27.7013
2018-03-21,TMV,TMV,5222000.0,20.89,-0.0032,57186000.0,5222000.0,0.0,1.2379,13373000.0,23001000.0,BALANCED,44.9481
2018-03-22,TMV,TMV,0.0,20.27,-0.0296,57186000.0,0.0,0.0,-0.2507,5260000.0,25213000.0,BALANCED,3.7331
2018-03-23,TMV,TMV,0.0,20.32,0.0026,57186000.0,0.0,0.0,-0.3024,5260000.0,25213000.0,BALANCED,2.4396
2018-03-26,TMV,TMV,-6166000.0,20.56,0.0116,51020000.0,0.0,-6166000.0,-1.9286,2199000.0,19047000.0,DISTRIBUTION,-40.2159
2018-03-27,TMV,TMV,0.0,19.9,-0.032,51020000.0,0.0,0.0,-0.2253,-944000.0,13644000.0,BALANCED,-15.6331
2018-03-28,TMV,TMV,0.0,19.74,-0.0078,51020000.0,0.0,0.0,-0.2253,-6166000.0,13644000.0,BALANCED,-15.6331
2018-03-29,TMV,TMV,0.0,19.32,-0.0213,51020000.0,0.0,0.0,-0.1658,-6166000.0,13644000.0,BALANCED,-14.1448
2018-04-02,TMV,TMV,-7736000.0,19.34,0.001,43284000.0,0.0,-7736000.0,-2.168,-13902000.0,-3669000.0,DISTRIBUTION,-66.1989
2018-04-03,TMV,TMV,0.0,19.79,0.0233,43284000.0,0.0,0.0,-0.0818,-7736000.0,622000.0,BALANCED,-12.0448
2018-04-04,TMV,TMV,-12945000.0,19.92,0.0063,30339000.0,0.0,-12945000.0,-2.8945,-20681000.0,-12323000.0,DISTRIBUTION,-84.3615
2018-04-05,TMV,TMV,0.0,20.36,0.0225,30339000.0,0.0,0.0,0.029,-20681000.0,-12323000.0,BALANCED,-9.2762
2018-04-06,TMV,TMV,0.0,19.7,-0.0325,30339000.0,0.0,0.0,0.0123,-20681000.0,-12323000.0,BALANCED,-9.6913
2018-04-09,TMV,TMV,0.0,19.61,-0.0045,30339000.0,0.0,0.0,0.0123,-12945000.0,-17704000.0,BALANCED,-9.6913
2018-04-10,TMV,TMV,2958000.0,19.72,0.0056,33297000.0,2958000.0,0.0,0.6556,-9987000.0,-10516000.0,BALANCED,8.3895
2018-04-11,TMV,TMV,-7805000.0,19.51,-0.0105,25492000.0,0.0,-7805000.0,-1.6288,-4847000.0,-18321000.0,DISTRIBUTION,-52.7211
2018-04-12,TMV,TMV,0.0,19.94,0.0221,25492000.0,0.0,0.0,0.0871,-4847000.0,-18321000.0,BALANCED,-7.8227
2018-04-13,TMV,TMV,0.0,19.81,-0.0066,25492000.0,0.0,0.0,0.0871,-4847000.0,-26434000.0,BALANCED,-7.8227
2018-04-16,TMV,TMV,0.0,19.79,-0.0009,25492000.0,0.0,0.0,0.1727,-4847000.0,-26434000.0,BALANCED,-5.6827
2018-04-17,TMV,TMV,3927000.0,19.63,-0.0081,29419000.0,3927000.0,0.0,1.0477,-3878000.0,-19402000.0,BALANCED,18.1933
2018-04-18,TMV,TMV,0.0,20.11,0.0241,29419000.0,0.0,0.0,0.1059,3927000.0,-22545000.0,BALANCED,12.6468
2018-04-19,TMV,TMV,0.0,20.6,0.0245,29419000.0,0.0,0.0,0.1059,3927000.0,-27767000.0,BALANCED,12.6468
2018-04-20,TMV,TMV,-3158000.0,21.05,0.022,26261000.0,0.0,-3158000.0,-0.6221,769000.0,-30925000.0,BALANCED,-7.5521
2018-04-23,TMV,TMV,0.0,21.04,-0.0007,26261000.0,0.0,0.0,0.1794,769000.0,-30925000.0,BALANCED,14.4842
2018-04-24,TMV,TMV,5332000.0,21.33,0.0138,31593000.0,5332000.0,0.0,1.387,2174000.0,-19427000.0,BALANCED,46.6748
2018-04-25,TMV,TMV,0.0,21.76,0.0202,31593000.0,0.0,0.0,0.0984,2174000.0,-19427000.0,BALANCED,12.4609
2018-04-26,TMV,TMV,-2130000.0,21.3,-0.0209,29463000.0,0.0,-2130000.0,-0.3981,44000.0,-21557000.0,BALANCED,-1.9522
2018-04-27,TMV,TMV,0.0,20.82,-0.0228,29463000.0,0.0,0.0,0.196,3202000.0,-21557000.0,BALANCED,14.8988
2018-04-30,TMV,TMV,-4142000.0,20.71,-0.0052,25321000.0,0.0,-4142000.0,-0.8416,-940000.0,-17963000.0,BALANCED,-33.0406
2018-05-01,TMV,TMV,5234000.0,20.94,0.0109,30555000.0,5234000.0,0.0,1.4606,-1038000.0,-12729000.0,BALANCED,28.5162
2018-05-02,TMV,TMV,-6302000.0,21.01,0.0034,24253000.0,0.0,-6302000.0,-1.3228,-7340000.0,-6086000.0,BALANCED,-45.0698
2018-05-03,TMV,TMV,0.0,20.73,-0.0133,24253000.0,0.0,0.0,0.2813,-5210000.0,-6086000.0,BALANCED,-2.9669
2018-05-04,TMV,TMV,2064000.0,20.64,-0.0042,26317000.0,2064000.0,0.0,0.785,-3146000.0,-4022000.0,BALANCED,11.6244
2018-05-07,TMV,TMV,-12445000.0,20.74,0.0049,13872000.0,0.0,-12445000.0,-2.472,-11449000.0,-16467000.0,DISTRIBUTION,-73.8011
2018-05-08,TMV,TMV,2080000.0,20.8,0.0029,15952000.0,2080000.0,0.0,0.7379,-14603000.0,-17345000.0,BALANCED,10.4476
2018-05-09,TMV,TMV,0.0,21.18,0.0181,15952000.0,0.0,0.0,0.2655,-8301000.0,-9540000.0,BALANCED,-3.3627
2018-05-10,TMV,TMV,0.0,20.67,-0.0241,15952000.0,0.0,0.0,0.2655,-8301000.0,-9540000.0,BALANCED,-3.3627
2018-05-11,TMV,TMV,0.0,20.52,-0.0072,15952000.0,0.0,0.0,0.2655,-10365000.0,-9540000.0,BALANCED,-3.3627
2018-05-14,TMV,TMV,0.0,20.85,0.016,15952000.0,0.0,0.0,0.2155,2080000.0,-9540000.0,BALANCED,15.387
2018-05-15,TMV,TMV,1078000.0,21.56,0.0343,17030000.0,1078000.0,0.0,0.4606,1078000.0,-12389000.0,BALANCED,23.5143
2018-05-16,TMV,TMV,-3271000.0,21.81,0.0116,13759000.0,0.0,-3271000.0,-0.7525,-2193000.0,-15660000.0,BALANCED,-30.8119
2018-05-17,TMV,TMV,-2214000.0,22.14,0.0153,11545000.0,0.0,-2214000.0,-0.4381,-4407000.0,-17874000.0,BALANCED,-24.9532
2018-05-18,TMV,TMV,-15105000.0,21.58,-0.0254,-3560000.0,0.0,-15105000.0,-3.1185,-19512000.0,-29821000.0,DISTRIBUTION,-93.9631
2018-05-21,TMV,TMV,-4310000.0,21.55,-0.0014,-7870000.0,0.0,-4310000.0,-0.6728,-23822000.0,-34131000.0,BALANCED,-34.8209
2018-05-22,TMV,TMV,3247000.0,21.65,0.0047,-4623000.0,3247000.0,0.0,0.9975,-21653000.0,-36216000.0,BALANCED,16.9367
2018-05-23,TMV,TMV,0.0,21.18,-0.0217,-4623000.0,0.0,0.0,0.2305,-18382000.0,-36216000.0,BALANCED,-4.2369
2018-05-24,TMV,TMV,0.0,20.68,-0.0238,-4623000.0,0.0,0.0,0.2305,-16168000.0,-34086000.0,BALANCED,-4.2369
2018-05-25,TMV,TMV,3047000.0,20.31,-0.0176,-1576000.0,3047000.0,0.0,0.8947,1984000.0,-31039000.0,BALANCED,34.3683
2018-05-29,TMV,TMV,0.0,18.97,-0.0662,-1576000.0,0.0,0.0,0.2044,6294000.0,-26897000.0,BALANCED,15.1104
2018-05-30,TMV,TMV,0.0,19.35,0.0202,-1576000.0,0.0,0.0,0.239,3047000.0,-32131000.0,BALANCED,15.9747
2018-05-31,TMV,TMV,5835000.0,19.45,0.005,4259000.0,5835000.0,0.0,1.4834,8882000.0,-19994000.0,BALANCED,49.0856
2018-06-01,TMV,TMV,2965000.0,19.76,0.0162,7224000.0,2965000.0,0.0,0.8142,11847000.0,-17029000.0,BALANCED,34.3555
2018-06-04,TMV,TMV,0.0,20.19,0.0218,7224000.0,0.0,0.0,0.1401,8800000.0,-19093000.0,BALANCED,13.503
2018-06-05,TMV,TMV,4011000.0,20.05,-0.0069,11235000.0,4011000.0,0.0,0.9794,12811000.0,-2637000.0,BALANCED,36.4854
2018-06-06,TMV,TMV,9245000.0,20.54,0.0244,20480000.0,9245000.0,0.0,1.9917,22056000.0,4528000.0,ACCUMULATION,63.7937
2018-06-07,TMV,TMV,0.0,19.95,-0.0289,20480000.0,0.0,0.0,0.0767,16221000.0,4528000.0,BALANCED,11.9183
2018-06-08,TMV,TMV,3020000.0,20.14,0.0094,23500000.0,3020000.0,0.0,0.6631,16276000.0,7548000.0,BALANCED,28.5766
2018-06-11,TMV,TMV,-2025000.0,20.25,0.0056,21475000.0,0.0,-2025000.0,-0.3615,14251000.0,5523000.0,BALANCED,-1.0366
2018-06-12,TMV,TMV,3036000.0,20.24,-0.0006,24511000.0,3036000.0,0.0,0.6322,13276000.0,8559000.0,BALANCED,27.8053
2018-06-13,TMV,TMV,-2027000.0,20.27,0.0016,22484000.0,0.0,-2027000.0,-0.3698,2004000.0,5454000.0,BALANCED,-1.2456
2018-06-14,TMV,TMV,0.0,19.77,-0.0248,22484000.0,0.0,0.0,0.0128,2004000.0,8725000.0,BALANCED,10.3194
2018-06-15,TMV,TMV,0.0,19.72,-0.0024,22484000.0,0.0,0.0,0.0128,-1016000.0,10939000.0,BALANCED,-9.6806
2018-06-18,TMV,TMV,-6922000.0,19.78,0.0029,15562000.0,0.0,-6922000.0,-1.3784,-5913000.0,19122000.0,BALANCED,-46.46
2018-06-19,TMV,TMV,971000.0,19.43,-0.0147,16533000.0,971000.0,0.0,0.211,-7978000.0,24403000.0,BALANCED,-2.7258
2018-06-20,TMV,TMV,997000.0,19.94,0.0264,17530000.0,997000.0,0.0,0.2265,-4954000.0,22153000.0,BALANCED,-0.3368
2018-06-21,TMV,TMV,0.0,19.63,-0.0156,17530000.0,0.0,0.0,-0.0126,-4954000.0,22153000.0,BALANCED,-10.3154
2018-06-22,TMV,TMV,1964000.0,19.64,0.0007,19494000.0,1964000.0,0.0,0.4412,-2990000.0,24117000.0,BALANCED,3.0309
2018-06-25,TMV,TMV,0.0,19.51,-0.0066,19494000.0,0.0,0.0,-0.0282,3932000.0,21070000.0,BALANCED,9.2945
2018-06-26,TMV,TMV,0.0,19.43,-0.0041,19494000.0,0.0,0.0,-0.0282,2961000.0,21070000.0,BALANCED,9.2945
2018-06-27,TMV,TMV,0.0,18.89,-0.0281,19494000.0,0.0,0.0,-0.0197,1964000.0,21070000.0,BALANCED,9.5087
2018-06-28,TMV,TMV,-2831000.0,18.87,-0.0006,16663000.0,0.0,-2831000.0,-0.7024,-867000.0,12404000.0,BALANCED,-29.5602
2018-06-29,TMV,TMV,0.0,19.08,0.0107,16663000.0,0.0,0.0,-0.0412,-2831000.0,9439000.0,BALANCED,-11.0288
2018-07-02,TMV,TMV,0.0,19.12,0.0025,16663000.0,0.0,0.0,-0.2262,-2831000.0,9439000.0,BALANCED,-15.6562
2018-07-03,TMV,TMV,941000.0,18.82,-0.0158,17604000.0,941000.0,0.0,0.0325,-1890000.0,6369000.0,BALANCED,-7.1876
2018-07-05,TMV,TMV,0.0,18.66,-0.0085,17604000.0,0.0,0.0,-0.2652,-1890000.0,-2876000.0,BALANCED,-16.6297
2018-07-06,TMV,TMV,2773000.0,18.49,-0.0094,20377000.0,2773000.0,0.0,0.6892,3714000.0,-103000.0,BALANCED,29.2303
2018-07-09,TMV,TMV,0.0,18.85,0.0194,20377000.0,0.0,0.0,-0.2961,3714000.0,-3123000.0,BALANCED,2.5974
2018-07-10,TMV,TMV,0.0,18.85,0.0004,20377000.0,0.0,0.0,-0.2626,3714000.0,-1098000.0,BALANCED,3.4348
2018-07-11,TMV,TMV,0.0,18.64,-0.0114,20377000.0,0.0,0.0,-0.2626,2773000.0,-4134000.0,BALANCED,3.4348
2018-07-12,TMV,TMV,-1865000.0,18.65,0.0004,18512000.0,0.0,-1865000.0,-0.8975,908000.0,-3972000.0,BALANCED,-14.4383
2018-07-13,TMV,TMV,-11107000.0,18.51,-0.0072,7405000.0,0.0,-11107000.0,-3.3052,-12972000.0,-15079000.0,DISTRIBUTION,-96.6292
2018-07-16,TMV,TMV,0.0,18.74,0.0126,7405000.0,0.0,0.0,-0.0018,-12972000.0,-15079000.0,BALANCED,-10.045
2018-07-17,TMV,TMV,0.0,18.85,0.0057,7405000.0,0.0,0.0,-0.0018,-12972000.0,-8157000.0,BALANCED,-10.045
2018-07-18,TMV,TMV,0.0,19.08,0.0122,7405000.0,0.0,0.0,0.0391,-12972000.0,-9128000.0,BALANCED,-9.0217
2018-07-19,TMV,TMV,0.0,18.72,-0.0188,7405000.0,0.0,0.0,0.159,-11107000.0,-10125000.0,BALANCED,-6.0259
2018-07-20,TMV,TMV,0.0,19.42,0.0372,7405000.0,0.0,0.0,0.159,0.0,-10125000.0,BALANCED,3.9741
2018-07-23,TMV,TMV,0.0,20.14,0.0371,7405000.0,0.0,0.0,0.2013,0.0,-12089000.0,BALANCED,5.0332
2018-07-24,TMV,TMV,-1994000.0,19.94,-0.0102,5411000.0,0.0,-1994000.0,-0.5475,-1994000.0,-14083000.0,BALANCED,-25.6864
2018-07-25,TMV,TMV,-5008000.0,20.03,0.0049,403000.0,0.0,-5008000.0,-1.5589,-7002000.0,-19091000.0,DISTRIBUTION,-52.9736
2018-07-26,TMV,TMV,0.0,20.15,0.0059,403000.0,0.0,0.0,0.2736,-7002000.0,-19091000.0,BALANCED,-3.1611
2018-07-27,TMV,TMV,0.0,20.06,-0.0046,403000.0,0.0,0.0,0.2736,-7002000.0,-16260000.0,BALANCED,-3.1611
2018-07-30,TMV,TMV,0.0,20.27,0.0104,403000.0,0.0,0.0,0.2736,-7002000.0,-16260000.0,BALANCED,-3.1611
2018-07-31,TMV,TMV,3988000.0,19.94,-0.0163,4391000.0,3988000.0,0.0,1.7034,-1020000.0,-12272000.0,ACCUMULATION,34.5847
2018-08-01,TMV,TMV,0.0,20.43,0.0245,4391000.0,0.0,0.0,0.1588,3988000.0,-13213000.0,BALANCED,13.9705
2018-08-02,TMV,TMV,-2034000.0,20.34,-0.0042,2357000.0,0.0,-2034000.0,-0.5991,1954000.0,-15247000.0,BALANCED,-6.9771
2018-08-03,TMV,TMV,-1002000.0,20.05,-0.0145,1355000.0,0.0,-1002000.0,-0.1815,952000.0,-19022000.0,BALANCED,1.4636
2018-08-06,TMV,TMV,-2001000.0,20.01,-0.0016,-646000.0,0.0,-2001000.0,-0.5279,-1049000.0,-21023000.0,BALANCED,-29.1963
2018-08-07,TMV,TMV,0.0,20.33,0.0157,-646000.0,0.0,0.0,0.2665,-5037000.0,-21023000.0,BALANCED,-3.3373
2018-08-08,TMV,TMV,-1014000.0,20.27,-0.0029,-1660000.0,0.0,-1014000.0,-0.1227,-6051000.0,-22037000.0,BALANCED,-15.0684
2018-08-09,TMV,TMV,-2964000.0,19.76,-0.0251,-4624000.0,0.0,-2964000.0,-0.8485,-6981000.0,-23136000.0,BALANCED,-35.2114
2018-08-10,TMV,TMV,0.0,19.34,-0.0214,-4624000.0,0.0,0.0,0.2815,-5979000.0,-12029000.0,BALANCED,-2.962
2018-08-13,TMV,TMV,0.0,19.46,0.0063,-4624000.0,0.0,0.0,0.2815,-3978000.0,-12029000.0,BALANCED,-2.962
2018-08-14,TMV,TMV,0.0,19.6,0.0069,-4624000.0,0.0,0.0,0.2815,-3978000.0,-12029000.0,BALANCED,-2.962
2018-08-15,TMV,TMV,0.0,19.26,-0.0173,-4624000.0,0.0,0.0,0.2958,-2964000.0,-12029000.0,BALANCED,-2.6056
2018-08-16,TMV,TMV,0.0,19.26,0.0004,-4624000.0,0.0,0.0,0.2958,0.0,-12029000.0,BALANCED,7.3944
2018-08-17,TMV,TMV,1920000.0,19.2,-0.0033,-2704000.0,1920000.0,0.0,1.0895,1920000.0,-10109000.0,BALANCED,39.2384
2018-08-20,TMV,TMV,0.0,18.82,-0.0199,-2704000.0,0.0,0.0,0.3117,1920000.0,-10109000.0,BALANCED,17.7923
2018-08-21,TMV,TMV,0.0,19.01,0.0102,-2704000.0,0.0,0.0,0.3117,1920000.0,-8115000.0,BALANCED,17.7923
2018-08-22,TMV,TMV,0.0,18.79,-0.0117,-2704000.0,0.0,0.0,0.3117,1920000.0,-3107000.0,BALANCED,17.7923
2018-08-23,TMV,TMV,0.0,18.7,-0.0046,-2704000.0,0.0,0.0,0.2871,1920000.0,-3107000.0,BALANCED,17.1774
2018-08-24,TMV,TMV,1860000.0,18.6,-0.0055,-844000.0,1860000.0,0.0,1.3861,1860000.0,-1247000.0,BALANCED,46.6534
2018-08-27,TMV,TMV,0.0,18.92,0.0173,-844000.0,0.0,0.0,0.1785,1860000.0,-1247000.0,BALANCED,14.4631
2018-08-28,TMV,TMV,0.0,19.26,0.0181,-844000.0,0.0,0.0,0.1785,1860000.0,-5235000.0,BALANCED,14.4631
2018-08-29,TMV,TMV,0.0,19.19,-0.0038,-844000.0,0.0,0.0,0.1785,1860000.0,-5235000.0,BALANCED,14.4631
2018-08-30,TMV,TMV,953000.0,19.07,-0.0063,109000.0,953000.0,0.0,0.7688,2813000.0,-2248000.0,BALANCED,31.2211
2018-08-31,TMV,TMV,2882000.0,19.21,0.0076,2991000.0,2882000.0,0.0,1.828,3835000.0,1636000.0,ACCUMULATION,59.7004
2018-09-04,TMV,TMV,0.0,19.54,0.0173,2991000.0,0.0,0.0,0.0888,3835000.0,3637000.0,BALANCED,12.2198
2018-09-05,TMV,TMV,0.0,19.7,0.0081,2991000.0,0.0,0.0,0.0498,3835000.0,3637000.0,BALANCED,11.2449
2018-09-06,TMV,TMV,0.0,19.49,-0.0109,2991000.0,0.0,0.0,-0.0651,3835000.0,4651000.0,BALANCED,8.3737
2018-09-07,TMV,TMV,0.0,19.99,0.0259,2991000.0,0.0,0.0,-0.0651,2882000.0,7615000.0,BALANCED,8.3737
2018-09-10,TMV,TMV,-989000.0,19.77,-0.011,2002000.0,0.0,-989000.0,-0.7775,-989000.0,6626000.0,BALANCED,-31.4378
2018-09-11,TMV,TMV,-9103000.0,20.23,0.023,-7101000.0,0.0,-9103000.0,-4.1309,-10092000.0,-2477000.0,DISTRIBUTION,-100.0
2018-09-12,TMV,TMV,0.0,20.09,-0.007,-7101000.0,0.0,0.0,0.1926,-10092000.0,-2477000.0,BALANCED,-5.1859
2018-09-13,TMV,TMV,0.0,20.0,-0.0044,-7101000.0,0.0,0.0,0.1926,-10092000.0,-2477000.0,BALANCED,-5.1859
2018-09-14,TMV,TMV,0.0,20.29,0.0148,-7101000.0,0.0,0.0,0.1604,-10092000.0,-2477000.0,BALANCED,-5.9902
2018-09-17,TMV,TMV,0.0,20.3,0.0001,-7101000.0,0.0,0.0,0.1437,-9103000.0,-4397000.0,BALANCED,-6.4085
2018-09-18,TMV,TMV,-1047000.0,20.94,0.0315,-8148000.0,0.0,-1047000.0,-0.4106,-1047000.0,-5444000.0,BALANCED,-22.2654
2018-09-19,TMV,TMV,-3197000.0,21.31,0.018,-11345000.0,0.0,-3197000.0,-1.411,-4244000.0,-8641000.0,BALANCED,-49.2746
2018-09-20,TMV,TMV,-5256000.0,21.02,-0.0137,-16601000.0,0.0,-5256000.0,-2.1617,-9500000.0,-13897000.0,DISTRIBUTION,-70.0429
2018-09-21,TMV,TMV,3159000.0,21.06,0.0017,-13442000.0,3159000.0,0.0,1.5361,-6341000.0,-10738000.0,ACCUMULATION,30.4025
2018-09-24,TMV,TMV,0.0,21.22,0.0078,-13442000.0,0.0,0.0,0.1308,-6341000.0,-12598000.0,BALANCED,-6.731
2018-09-25,TMV,TMV,-5310000.0,21.24,0.0254,-18752000.0,0.0,-5310000.0,-1.9947,-10604000.0,-17908000.0,DISTRIBUTION,-61.8684
2018-09-26,TMV,TMV,-7278000.0,20.8,-0.0209,-26030000.0,0.0,-7278000.0,-2.4108,-14685000.0,-25186000.0,DISTRIBUTION,-74.2702
2018-09-27,TMV,TMV,0.0,20.76,-0.0019,-26030000.0,0.0,0.0,0.262,-9429000.0,-25186000.0,BALANCED,-3.4488
2018-09-28,TMV,TMV,0.0,20.93,0.0084,-26030000.0,0.0,0.0,0.262,-12588000.0,-26139000.0,BALANCED,-3.4488
2018-10-01,TMV,TMV,0.0,21.39,0.0221,-26030000.0,0.0,0.0,0.29,-12588000.0,-29021000.0,BALANCED,-2.75
2018-10-02,TMV,TMV,-16803000.0,21.0,-0.0182,-42833000.0,0.0,-16803000.0,-3.9032,-24081000.0,-45824000.0,DISTRIBUTION,-100.0
2018-10-03,TMV,TMV,0.0,22.1,0.0523,-42833000.0,0.0,0.0,0.3376,-16803000.0,-45824000.0,BALANCED,-1.56
2018-10-04,TMV,TMV,1129000.0,22.57,0.0213,-41704000.0,1129000.0,0.0,0.6102,-15674000.0,-44695000.0,BALANCED,7.2551
2018-10-05,TMV,TMV,0.0,23.17,0.0264,-41704000.0,0.0,0.0,0.3266,-15674000.0,-44695000.0,BALANCED,-1.8355
2018-10-08,TMV,TMV,0.0,23.17,0.0,-41704000.0,0.0,0.0,0.3453,-15674000.0,-43706000.0,BALANCED,-1.3667
2018-10-09,TMV,TMV,-3406000.0,22.7,-0.02,-45110000.0,0.0,-3406000.0,-0.4884,-2277000.0,-38009000.0,BALANCED,-24.2104
2018-10-10,TMV,TMV,-6868000.0,22.89,0.0083,-51978000.0,0.0,-6868000.0,-1.2713,-9145000.0,-44877000.0,BALANCED,-45.7835
2018-10-11,TMV,TMV,-8824000.0,22.06,-0.0364,-60802000.0,0.0,-8824000.0,-1.6064,-19098000.0,-53701000.0,DISTRIBUTION,-56.1591
2018-10-12,TMV,TMV,-22301000.0,22.3,0.0109,-83103000.0,0.0,-22301000.0,-3.4878,-41399000.0,-76002000.0,DISTRIBUTION,-100.0
2018-10-15,TMV,TMV,3350000.0,22.33,0.0015,-79753000.0,3350000.0,0.0,1.0877,-38049000.0,-72652000.0,BALANCED,19.1927
2018-10-16,TMV,TMV,0.0,22.18,-0.0067,-79753000.0,0.0,0.0,0.4912,-34643000.0,-71605000.0,BALANCED,2.2789
2018-10-17,TMV,TMV,0.0,22.58,0.0179,-79753000.0,0.0,0.0,0.4912,-27775000.0,-68408000.0,BALANCED,2.2789
2018-10-18,TMV,TMV,-2261000.0,22.61,0.0012,-82014000.0,0.0,-2261000.0,0.1024,-21212000.0,-65413000.0,BALANCED,-9.4407
2018-10-19,TMV,TMV,2277000.0,22.77,0.0071,-79737000.0,2277000.0,0.0,0.8915,3366000.0,-66295000.0,BALANCED,34.2872
2018-10-22,TMV,TMV,0.0,22.86,0.0041,-79737000.0,0.0,0.0,0.4813,16000.0,-66295000.0,BALANCED,22.0326
2018-10-23,TMV,TMV,0.0,22.65,-0.0094,-79737000.0,0.0,0.0,0.4362,16000.0,-60985000.0,BALANCED,20.906
2018-10-24,TMV,TMV,0.0,22.14,-0.0225,-79737000.0,0.0,0.0,0.4362,16000.0,-53707000.0,BALANCED,20.906
2018-10-25,TMV,TMV,0.0,22.42,0.0127,-79737000.0,0.0,0.0,0.4362,2277000.0,-53707000.0,BALANCED,20.906
2018-10-26,TMV,TMV,0.0,22.02,-0.0176,-79737000.0,0.0,0.0,0.4362,0.0,-53707000.0,BALANCED,10.906
2018-10-29,TMV,TMV,0.0,22.18,0.0069,-79737000.0,0.0,0.0,0.4362,0.0,-53707000.0,BALANCED,10.906
2018-10-30,TMV,TMV,0.0,22.51,0.0151,-79737000.0,0.0,0.0,0.429,0.0,-36904000.0,BALANCED,10.7252
2018-10-31,TMV,TMV,3428000.0,22.85,0.0152,-76309000.0,3428000.0,0.0,0.9883,3428000.0,-33476000.0,BALANCED,36.7073
2018-11-01,TMV,TMV,0.0,22.79,-0.0026,-76309000.0,0.0,0.0,0.3528,3428000.0,-34605000.0,BALANCED,18.8188
2018-11-02,TMV,TMV,3548000.0,23.66,0.0378,-72761000.0,3548000.0,0.0,0.9771,6976000.0,-31057000.0,BALANCED,36.4276
2018-11-05,TMV,TMV,0.0,23.38,-0.0116,-72761000.0,0.0,0.0,0.3497,6976000.0,-31057000.0,BALANCED,18.7417
2018-11-06,TMV,TMV,0.0,23.43,0.002,-72761000.0,0.0,0.0,0.3198,6976000.0,-27651000.0,BALANCED,17.9944
2018-11-07,TMV,TMV,0.0,23.34,-0.0039,-72761000.0,0.0,0.0,0.2811,3548000.0,-20783000.0,BALANCED,17.027
2018-11-08,TMV,TMV,-5837000.0,23.35,0.0004,-78598000.0,0.0,-5837000.0,-0.731,-2289000.0,-17796000.0,BALANCED,-30.2761
2018-11-09,TMV,TMV,3426000.0,22.84,-0.0218,-75172000.0,3426000.0,0.0,0.8948,-2411000.0,7931000.0,BALANCED,14.3712
2018-11-12,TMV,TMV,0.0,22.84,0.0,-75172000.0,0.0,0.0,0.2895,-2411000.0,4581000.0,BALANCED,-2.7636
2018-11-13,TMV,TMV,0.0,22.44,-0.0176,-75172000.0,0.0,0.0,0.2207,-2411000.0,4581000.0,BALANCED,-4.4833
2018-11-14,TMV,TMV,0.0,22.4,-0.0017,-75172000.0,0.0,0.0,0.2207,-2411000.0,4581000.0,BALANCED,-4.4833
2018-11-15,TMV,TMV,0.0,22.43,0.0015,-75172000.0,0.0,0.0,0.229,3426000.0,6842000.0,BALANCED,15.7248
2018-11-16,TMV,TMV,5513000.0,22.05,-0.0169,-69659000.0,5513000.0,0.0,1.2846,5513000.0,10078000.0,BALANCED,44.1141
2018-11-19,TMV,TMV,0.0,21.87,-0.0082,-69659000.0,0.0,0.0,0.1857,5513000.0,10078000.0,BALANCED,14.6433
2018-11-20,TMV,TMV,0.0,21.85,-0.0009,-69659000.0,0.0,0.0,0.1637,5513000.0,10078000.0,BALANCED,14.0934
2018-11-21,TMV,TMV,2188000.0,21.88,0.0014,-67471000.0,2188000.0,0.0,0.5528,7701000.0,12266000.0,BALANCED,25.8204
2018-11-23,TMV,TMV,2182000.0,21.82,-0.0027,-65289000.0,2182000.0,0.0,0.5009,9883000.0,14448000.0,BALANCED,26.5231
2018-11-26,TMV,TMV,0.0,21.97,0.0069,-65289000.0,0.0,0.0,-0.2907,4370000.0,14448000.0,BALANCED,2.7334
2018-11-27,TMV,TMV,6571000.0,21.9,-0.0032,-58718000.0,6571000.0,0.0,2.5912,10941000.0,21019000.0,ACCUMULATION,76.7801
2018-11-28,TMV,TMV,2223000.0,22.23,0.0148,-56495000.0,2223000.0,0.0,0.6356,13164000.0,23242000.0,BALANCED,29.889
2018-11-29,TMV,TMV,-3295000.0,21.97,-0.0117,-59790000.0,0.0,-3295000.0,-1.6549,7681000.0,16519000.0,DISTRIBUTION,-33.3737
2018-11-30,TMV,TMV,3259000.0,21.73,-0.0108,-56531000.0,3259000.0,0.0,1.0156,8758000.0,19778000.0,BALANCED,37.3912
2018-12-03,TMV,TMV,0.0,21.27,-0.0211,-56531000.0,0.0,0.0,-0.3275,8758000.0,16230000.0,BALANCED,1.8113
2018-12-04,TMV,TMV,-21220000.0,20.21,-0.0499,-77751000.0,0.0,-21220000.0,-4.5675,-19033000.0,-4990000.0,DISTRIBUTION,-100.0
2018-12-06,TMV,TMV,0.0,20.02,-0.0093,-77751000.0,0.0,0.0,-0.0142,-21256000.0,-4990000.0,BALANCED,-10.3551
2018-12-07,TMV,TMV,2988000.0,19.92,-0.0052,-74763000.0,2988000.0,0.0,0.6017,-14973000.0,-2002000.0,BALANCED,7.0414
2018-12-10,TMV,TMV,0.0,19.67,-0.0123,-74763000.0,0.0,0.0,-0.0353,-18232000.0,3835000.0,BALANCED,-10.8837
2018-12-11,TMV,TMV,0.0,19.69,0.0007,-74763000.0,0.0,0.0,-0.0353,-18232000.0,409000.0,BALANCED,-10.8837
2018-12-12,TMV,TMV,0.0,19.96,0.014,-74763000.0,0.0,0.0,-0.0353,2988000.0,409000.0,BALANCED,9.1163
2018-12-13,TMV,TMV,0.0,20.11,0.0073,-74763000.0,0.0,0.0,-0.0353,2988000.0,409000.0,BALANCED,9.1163
2018-12-14,TMV,TMV,3982000.0,19.91,-0.0098,-70781000.0,3982000.0,0.0,0.8072,3982000.0,4391000.0,BALANCED,32.179
2018-12-17,TMV,TMV,0.0,19.57,-0.0173,-70781000.0,0.0,0.0,-0.0392,3982000.0,4391000.0,BALANCED,9.0209
2018-12-18,TMV,TMV,0.0,19.22,-0.0178,-70781000.0,0.0,0.0,-0.0142,3982000.0,-1122000.0,BALANCED,9.6461
2018-12-19,TMV,TMV,-5538000.0,18.46,-0.0395,-76319000.0,0.0,-5538000.0,-1.1354,-1556000.0,-6660000.0,BALANCED,-40.3856
2018-12-20,TMV,TMV,0.0,18.66,0.0111,-76319000.0,0.0,0.0,0.0248,-1556000.0,-6660000.0,BALANCED,-9.3788
2018-12-21,TMV,TMV,1868000.0,18.68,0.001,-74451000.0,1868000.0,0.0,0.402,-3670000.0,-6980000.0,BALANCED,2.0503
2018-12-24,TMV,TMV,-11968000.0,18.41,-0.0145,-86419000.0,0.0,-11968000.0,-2.2695,-15638000.0,-21130000.0,DISTRIBUTION,-68.7376
2018-12-26,TMV,TMV,0.0,19.01,0.0323,-86419000.0,0.0,0.0,0.0733,-15638000.0,-21130000.0,BALANCED,-8.1665
2018-12-27,TMV,TMV,-4736000.0,18.95,0.0259,-91155000.0,0.0,-4736000.0,-0.8126,-14836000.0,-32437000.0,BALANCED,-32.3149
2018-12-28,TMV,TMV,924000.0,18.48,-0.0247,-90231000.0,924000.0,0.0,0.2754,-13912000.0,-33736000.0,BALANCED,-1.1161
2018-12-31,TMV,TMV,-1843000.0,18.43,-0.0029,-92074000.0,0.0,-1843000.0,-0.2469,-17623000.0,-32284000.0,BALANCED,-18.1716
2019-01-02,TMV,TMV,0.0,17.99,-0.0238,-92074000.0,0.0,0.0,0.1087,-5655000.0,-35543000.0,BALANCED,-7.2827
2019-01-03,TMV,TMV,0.0,17.37,-0.034,-92074000.0,0.0,0.0,0.1478,-5655000.0,-35543000.0,BALANCED,-6.3061
2019-01-04,TMV,TMV,1799000.0,17.99,0.0353,-90275000.0,1799000.0,0.0,0.4897,880000.0,-12524000.0,BALANCED,24.2436
2019-01-07,TMV,TMV,-2722000.0,18.15,0.0089,-92997000.0,0.0,-2722000.0,-0.3821,-2766000.0,-15246000.0,BALANCED,-21.552
2019-01-08,TMV,TMV,-5485000.0,18.28,0.0076,-98482000.0,0.0,-5485000.0,-0.8683,-6408000.0,-23719000.0,BALANCED,-35.7069
2019-01-09,TMV,TMV,2756000.0,18.37,0.0048,-95726000.0,2756000.0,0.0,0.7336,-3652000.0,-20963000.0,BALANCED,10.3391
2019-01-10,TMV,TMV,-937000.0,18.73,0.0196,-96663000.0,0.0,-937000.0,0.0212,-4589000.0,-21900000.0,BALANCED,-11.4705
2019-01-11,TMV,TMV,2778000.0,18.52,-0.0114,-93885000.0,2778000.0,0.0,0.7921,-3610000.0,-19122000.0,BALANCED,11.8023
2019-01-14,TMV,TMV,0.0,18.72,0.0111,-93885000.0,0.0,0.0,0.2517,-888000.0,-19122000.0,BALANCED,-3.707
2019-01-15,TMV,TMV,0.0,18.93,0.0111,-93885000.0,0.0,0.0,0.23,4597000.0,-23104000.0,BALANCED,15.7506
2019-01-16,TMV,TMV,0.0,18.88,-0.0028,-93885000.0,0.0,0.0,0.2553,1841000.0,-23104000.0,BALANCED,16.3837
2019-01-17,TMV,TMV,0.0,18.87,-0.0006,-93885000.0,0.0,0.0,0.2553,2778000.0,-23104000.0,BALANCED,16.3837
2019-01-18,TMV,TMV,1918000.0,19.18,0.0165,-91967000.0,1918000.0,0.0,0.7661,1918000.0,-15648000.0,BALANCED,31.1513
2019-01-22,TMV,TMV,-10337000.0,18.79,-0.0201,-102304000.0,0.0,-10337000.0,-2.6427,-8419000.0,-25985000.0,DISTRIBUTION,-78.0682
2019-01-23,TMV,TMV,2823000.0,18.82,0.0014,-99481000.0,2823000.0,0.0,1.0142,-5596000.0,-25030000.0,BALANCED,17.3548
2019-01-24,TMV,TMV,-4613000.0,18.45,-0.0195,-104094000.0,0.0,-4613000.0,-0.9939,-10209000.0,-17675000.0,BALANCED,-36.8479
2019-01-25,TMV,TMV,3746000.0,18.73,0.015,-100348000.0,3746000.0,0.0,1.2248,-6463000.0,-13929000.0,BALANCED,22.6202
2019-01-28,TMV,TMV,0.0,18.79,0.0032,-100348000.0,0.0,0.0,0.2271,-8381000.0,-9193000.0,BALANCED,-4.3216
2019-01-29,TMV,TMV,0.0,18.51,-0.015,-100348000.0,0.0,0.0,0.2271,1956000.0,-10117000.0,BALANCED,15.6784
2019-01-30,TMV,TMV,0.0,18.55,0.0024,-100348000.0,0.0,0.0,0.2703,-867000.0,-8274000.0,BALANCED,-3.2436
2019-01-31,TMV,TMV,0.0,18.08,-0.0256,-100348000.0,0.0,0.0,0.2703,3746000.0,-8274000.0,BALANCED,16.7564
2019-02-01,TMV,TMV,-3683000.0,18.41,0.0187,-104031000.0,0.0,-3683000.0,-0.7007,-3683000.0,-11957000.0,BALANCED,-29.5179
2019-02-04,TMV,TMV,0.0,18.66,0.0136,-104031000.0,0.0,0.0,0.2579,-3683000.0,-13756000.0,BALANCED,-3.5531
2019-02-05,TMV,TMV,0.0,18.41,-0.0135,-104031000.0,0.0,0.0,0.2579,-3683000.0,-11034000.0,BALANCED,-3.5531
2019-02-06,TMV,TMV,0.0,18.39,-0.0013,-104031000.0,0.0,0.0,0.2779,-3683000.0,-5549000.0,BALANCED,-3.0523
2019-02-07,TMV,TMV,0.0,18.03,-0.0196,-104031000.0,0.0,0.0,0.2038,-3683000.0,-8305000.0,BALANCED,-4.905
2019-02-08,TMV,TMV,-5342000.0,17.81,-0.0122,-109373000.0,0.0,-5342000.0,-1.5228,-5342000.0,-12710000.0,DISTRIBUTION,-50.071
2019-02-11,TMV,TMV,0.0,18.02,0.012,-109373000.0,0.0,0.0,0.2085,-5342000.0,-15488000.0,BALANCED,-4.7877
2019-02-12,TMV,TMV,-908000.0,18.16,0.0079,-110281000.0,0.0,-908000.0,-0.0827,-6250000.0,-16396000.0,BALANCED,-14.0671
2019-02-13,TMV,TMV,0.0,18.37,0.0114,-110281000.0,0.0,0.0,0.2098,-6250000.0,-16396000.0,BALANCED,-4.7543
2019-02-14,TMV,TMV,0.0,18.06,-0.0169,-110281000.0,0.0,0.0,0.2098,-6250000.0,-16396000.0,BALANCED,-4.7543
2019-02-15,TMV,TMV,899000.0,17.99,-0.004,-109382000.0,899000.0,0.0,0.5083,-9000.0,-15497000.0,BALANCED,4.7081
2019-02-19,TMV,TMV,0.0,17.85,-0.0075,-109382000.0,0.0,0.0,0.2218,-9000.0,-17415000.0,BALANCED,-4.4543
2019-02-20,TMV,TMV,-1801000.0,18.01,0.0088,-111183000.0,0.0,-1801000.0,-0.4188,-902000.0,-8879000.0,BALANCED,-22.4698
2019-02-21,TMV,TMV,-925000.0,18.5,0.027,-112108000.0,0.0,-925000.0,-0.1743,-1827000.0,-12627000.0,BALANCED,-18.3568
2019-02-22,TMV,TMV,0.0,18.18,-0.0173,-112108000.0,0.0,0.0,0.2073,-1827000.0,-8014000.0,BALANCED,-4.8184
2019-02-25,TMV,TMV,0.0,18.34,0.0091,-112108000.0,0.0,0.0,0.1954,-2726000.0,-11760000.0,BALANCED,-5.1162
2019-02-26,TMV,TMV,-2711000.0,18.07,-0.0147,-114819000.0,0.0,-2711000.0,-0.7776,-5437000.0,-14471000.0,BALANCED,-31.4397
2019-02-27,TMV,TMV,-3738000.0,18.69,0.0342,-118557000.0,0.0,-3738000.0,-1.1029,-7374000.0,-18209000.0,BALANCED,-41.5716
2019-02-28,TMV,TMV,-944000.0,18.88,0.0104,-119501000.0,0.0,-944000.0,-0.0342,-7393000.0,-19153000.0,BALANCED,-16.8538
2019-03-01,TMV,TMV,1942000.0,19.42,0.0283,-117559000.0,1942000.0,0.0,1.0175,-5451000.0,-17211000.0,BALANCED,17.4367
2019-03-04,TMV,TMV,-2845000.0,18.96,-0.0233,-120404000.0,0.0,-2845000.0,-0.7248,-8296000.0,-16373000.0,BALANCED,-30.1203
2019-03-05,TMV,TMV,0.0,18.85,-0.0061,-120404000.0,0.0,0.0,0.3564,-5585000.0,-16373000.0,BALANCED,-1.089
2019-03-06,TMV,TMV,-1864000.0,18.64,-0.0108,-122268000.0,0.0,-1864000.0,-0.6009,-3711000.0,-18237000.0,BALANCED,-27.0217
2019-03-07,TMV,TMV,-2743000.0,18.29,-0.0193,-125011000.0,0.0,-2743000.0,-0.9873,-5510000.0,-20980000.0,BALANCED,-38.6827
2019-03-08,TMV,TMV,4516000.0,18.06,-0.012,-120495000.0,4516000.0,0.0,2.5059,-2936000.0,-16464000.0,ACCUMULATION,54.6468
2019-03-11,TMV,TMV,-2734000.0,18.23,0.0091,-123229000.0,0.0,-2734000.0,-1.0443,-2825000.0,-13856000.0,BALANCED,-38.1085
2019-03-12,TMV,TMV,0.0,17.85,-0.0208,-123229000.0,0.0,0.0,0.4041,-2825000.0,-13856000.0,BALANCED,0.1014
2019-03-13,TMV,TMV,0.0,17.95,0.0058,-123229000.0,0.0,0.0,0.4041,-961000.0,-12948000.0,BALANCED,0.1014
2019-03-14,TMV,TMV,0.0,18.35,0.0219,-123229000.0,0.0,0.0,0.4041,1782000.0,-12948000.0,BALANCED,20.1014
2019-03-15,TMV,TMV,-5398000.0,17.99,-0.0192,-128627000.0,0.0,-5398000.0,-2.1611,-8132000.0,-18346000.0,DISTRIBUTION,-66.0268
2019-03-18,TMV,TMV,0.0,18.03,0.0019,-128627000.0,0.0,0.0,0.4096,-5398000.0,-19245000.0,BALANCED,0.24
2019-03-19,TMV,TMV,1811000.0,18.11,0.0282,-126816000.0,1811000.0,0.0,1.2516,-3587000.0,-17434000.0,BALANCED,23.2891
2019-03-20,TMV,TMV,0.0,17.54,-0.0312,-126816000.0,0.0,0.0,0.3698,-3587000.0,-15633000.0,BALANCED,-0.7551
2019-03-21,TMV,TMV,-872000.0,17.43,-0.0064,-127688000.0,0.0,-872000.0,-0.0407,-4459000.0,-15580000.0,BALANCED,-13.018
2019-03-22,TMV,TMV,0.0,16.63,-0.046,-127688000.0,0.0,0.0,0.3849,939000.0,-15580000.0,BALANCED,19.622
2019-03-25,TMV,TMV,4965000.0,16.55,-0.0046,-122723000.0,4965000.0,0.0,2.5496,5904000.0,-10615000.0,ACCUMULATION,75.7411
2019-03-26,TMV,TMV,0.0,16.59,0.0024,-122723000.0,0.0,0.0,0.2097,4093000.0,-7904000.0,BALANCED,15.243
2019-03-27,TMV,TMV,2420000.0,16.14,-0.0274,-120303000.0,2420000.0,0.0,1.2616,6513000.0,-1746000.0,BALANCED,43.5408
2019-03-28,TMV,TMV,-798000.0,15.97,-0.0103,-121101000.0,0.0,-798000.0,-0.2003,6587000.0,-1600000.0,BALANCED,2.993
2019-03-29,TMV,TMV,0.0,16.02,0.0034,-121101000.0,0.0,0.0,0.1652,6587000.0,-3542000.0,BALANCED,14.1293
2019-04-01,TMV,TMV,0.0,16.71,0.0427,-121101000.0,0.0,0.0,0.1799,1622000.0,-697000.0,BALANCED,14.4966
2019-04-02,TMV,TMV,0.0,16.62,-0.0054,-121101000.0,0.0,0.0,0.1799,1622000.0,-697000.0,BALANCED,14.4966
2019-04-03,TMV,TMV,0.0,17.05,0.0262,-121101000.0,0.0,0.0,0.1533,-798000.0,1167000.0,BALANCED,-6.1671
2019-04-04,TMV,TMV,-2537000.0,16.91,-0.0083,-123638000.0,0.0,-2537000.0,-0.9823,-2537000.0,1373000.0,BALANCED,-36.5573
2019-04-05,TMV,TMV,843000.0,16.86,-0.0033,-122795000.0,843000.0,0.0,0.5446,-1694000.0,-2300000.0,BALANCED,5.6156
2019-04-08,TMV,TMV,0.0,17.04,0.0108,-122795000.0,0.0,0.0,0.1618,-1694000.0,434000.0,BALANCED,-5.9555
2019-04-09,TMV,TMV,0.0,16.88,-0.0093,-122795000.0,0.0,0.0,0.1232,-1694000.0,434000.0,BALANCED,-6.9188
2019-04-10,TMV,TMV,0.0,16.76,-0.0071,-122795000.0,0.0,0.0,0.0687,-1694000.0,434000.0,BALANCED,-8.2816
2019-04-11,TMV,TMV,-1706000.0,17.06,0.0178,-124501000.0,0.0,-1706000.0,-0.7436,-863000.0,-1272000.0,BALANCED,-30.5896
2019-04-12,TMV,TMV,0.0,17.44,0.022,-124501000.0,0.0,0.0,0.1139,-1706000.0,4126000.0,BALANCED,-7.153
2019-04-15,TMV,TMV,0.0,17.31,-0.0074,-124501000.0,0.0,0.0,0.0693,-1706000.0,4126000.0,BALANCED,-8.268
2019-04-16,TMV,TMV,0.0,17.64,0.019,-124501000.0,0.0,0.0,0.0693,-1706000.0,2315000.0,BALANCED,-8.268
2019-04-17,TMV,TMV,-881000.0,17.62,-0.001,-125382000.0,0.0,-881000.0,-0.3986,-2587000.0,1434000.0,BALANCED,-21.9662
2019-04-18,TMV,TMV,0.0,17.29,-0.0186,-125382000.0,0.0,0.0,0.0066,-881000.0,2306000.0,BALANCED,-9.836
2019-04-22,TMV,TMV,0.0,17.61,0.0182,-125382000.0,0.0,0.0,0.097,-881000.0,2306000.0,BALANCED,-7.5757
2019-04-23,TMV,TMV,0.0,17.5,-0.0062,-125382000.0,0.0,0.0,0.0446,-881000.0,-2659000.0,BALANCED,-8.8844
2019-04-24,TMV,TMV,-1707000.0,17.07,-0.0243,-127089000.0,0.0,-1707000.0,-0.965,-2588000.0,-4366000.0,BALANCED,-36.1257
2019-04-25,TMV,TMV,-858000.0,17.15,0.0046,-127947000.0,0.0,-858000.0,-0.4271,-2565000.0,-7644000.0,BALANCED,-24.6774
2019-04-26,TMV,TMV,0.0,16.99,-0.0096,-127947000.0,0.0,0.0,0.0959,-2565000.0,-6846000.0,BALANCED,-7.6037
2019-04-29,TMV,TMV,0.0,17.31,0.0193,-127947000.0,0.0,0.0,-0.0173,-2565000.0,-6846000.0,BALANCED,-10.4331
2019-04-30,TMV,TMV,0.0,17.05,-0.0152,-127947000.0,0.0,0.0,-0.0173,-2565000.0,-6846000.0,BALANCED,-10.4331
2019-05-01,TMV,TMV,0.0,16.84,-0.0122,-127947000.0,0.0,0.0,0.0298,-858000.0,-6846000.0,BALANCED,-9.2545
2019-05-02,TMV,TMV,0.0,17.09,0.0145,-127947000.0,0.0,0.0,0.0298,0.0,-6846000.0,BALANCED,0.7455
2019-05-03,TMV,TMV,0.0,16.95,-0.0079,-127947000.0,0.0,0.0,0.0069,0.0,-4309000.0,BALANCED,0.1721
2019-05-06,TMV,TMV,-5886000.0,16.82,-0.0081,-133833000.0,0.0,-5886000.0,-3.4418,-5886000.0,-11038000.0,DISTRIBUTION,-98.0446
2019-05-07,TMV,TMV,0.0,16.43,-0.0228,-133833000.0,0.0,0.0,0.2779,-5886000.0,-11038000.0,BALANCED,-3.053
2019-05-08,TMV,TMV,0.0,16.65,0.0132,-133833000.0,0.0,0.0,0.2779,-5886000.0,-11038000.0,BALANCED,-3.053
2019-05-09,TMV,TMV,-822000.0,16.45,-0.0121,-134655000.0,0.0,-822000.0,-0.2803,-6708000.0,-11860000.0,BALANCED,-19.0077
2019-05-10,TMV,TMV,0.0,16.53,0.0047,-134655000.0,0.0,0.0,0.3681,-6708000.0,-10154000.0,BALANCED,-0.7968
2019-05-13,TMV,TMV,0.0,16.14,-0.0234,-134655000.0,0.0,0.0,0.3681,-822000.0,-10154000.0,BALANCED,-0.7968
2019-05-14,TMV,TMV,0.0,16.29,0.009,-134655000.0,0.0,0.0,0.3681,-822000.0,-10154000.0,BALANCED,-0.7968
2019-05-15,TMV,TMV,0.0,15.99,-0.0182,-134655000.0,0.0,0.0,0.3681,-822000.0,-10154000.0,BALANCED,-0.7968
2019-05-16,TMV,TMV,-808000.0,16.15,0.0102,-135463000.0,0.0,-808000.0,-0.2686,-808000.0,-10081000.0,BALANCED,-18.7148
2019-05-17,TMV,TMV,0.0,16.05,-0.0061,-135463000.0,0.0,0.0,0.3383,-808000.0,-10081000.0,BALANCED,-1.5415
2019-05-20,TMV,TMV,0.0,16.16,0.0064,-135463000.0,0.0,0.0,0.3691,-808000.0,-10081000.0,BALANCED,-0.7731
2019-05-21,TMV,TMV,0.0,16.24,0.005,-135463000.0,0.0,0.0,0.3691,-808000.0,-10081000.0,BALANCED,-0.7731
2019-05-22,TMV,TMV,0.0,15.96,-0.017,-135463000.0,0.0,0.0,0.3691,-808000.0,-8374000.0,BALANCED,-0.7731
2019-05-23,TMV,TMV,0.0,15.42,-0.0336,-135463000.0,0.0,0.0,0.3691,0.0,-7516000.0,BALANCED,9.2269
2019-05-24,TMV,TMV,773000.0,15.46,0.0022,-134690000.0,773000.0,0.0,0.978,773000.0,-6743000.0,BALANCED,36.4491
2019-05-28,TMV,TMV,0.0,15.03,-0.0275,-134690000.0,0.0,0.0,0.2985,773000.0,-6743000.0,BALANCED,17.4631
2019-05-29,TMV,TMV,746000.0,14.93,-0.0068,-133944000.0,746000.0,0.0,0.9197,1519000.0,-5997000.0,BALANCED,34.9916
2019-05-30,TMV,TMV,0.0,14.55,-0.0256,-133944000.0,0.0,0.0,0.2729,1519000.0,-5997000.0,BALANCED,16.8224
2019-05-31,TMV,TMV,0.0,14.01,-0.037,-133944000.0,0.0,0.0,0.2482,1519000.0,-5997000.0,BALANCED,16.2058
2019-06-03,TMV,TMV,4119000.0,13.73,-0.0198,-129825000.0,4119000.0,0.0,3.0414,4865000.0,-1878000.0,ACCUMULATION,88.034
2019-06-04,TMV,TMV,0.0,14.2,0.0344,-129825000.0,0.0,0.0,0.1056,4865000.0,4008000.0,BALANCED,12.6389
2019-06-05,TMV,TMV,0.0,14.45,0.0171,-129825000.0,0.0,0.0,0.1056,4119000.0,4008000.0,BALANCED,12.6389
2019-06-06,TMV,TMV,0.0,14.31,-0.0095,-129825000.0,0.0,0.0,0.0665,4119000.0,4008000.0,BALANCED,11.6619
2019-06-07,TMV,TMV,0.0,13.95,-0.0254,-129825000.0,0.0,0.0,0.0459,4119000.0,4830000.0,BALANCED,11.1471
2019-06-10,TMV,TMV,0.0,14.34,0.0284,-129825000.0,0.0,0.0,0.0459,0.0,4830000.0,BALANCED,1.1471
2019-06-11,TMV,TMV,0.0,14.32,-0.0016,-129825000.0,0.0,0.0,0.0459,0.0,4830000.0,BALANCED,1.1471
2019-06-12,TMV,TMV,0.0,14.29,-0.0021,-129825000.0,0.0,0.0,0.0459,0.0,4830000.0,BALANCED,1.1471
2019-06-13,TMV,TMV,-707000.0,14.15,-0.0101,-130532000.0,0.0,-707000.0,-0.4534,-707000.0,4123000.0,BALANCED,-23.3352
2019-06-14,TMV,TMV,0.0,14.05,-0.0069,-130532000.0,0.0,0.0,0.0629,-707000.0,4931000.0,BALANCED,-8.4268
2019-06-17,TMV,TMV,0.0,13.98,-0.0051,-130532000.0,0.0,0.0,0.0629,-707000.0,4931000.0,BALANCED,-8.4268
2019-06-18,TMV,TMV,0.0,13.77,-0.0148,-130532000.0,0.0,0.0,-0.1339,-707000.0,4931000.0,BALANCED,-13.3473
2019-06-19,TMV,TMV,0.0,13.71,-0.0041,-130532000.0,0.0,0.0,-0.1339,-707000.0,4931000.0,BALANCED,-13.3473
2019-06-20,TMV,TMV,-680000.0,13.61,-0.0077,-131212000.0,0.0,-680000.0,-0.9199,-680000.0,4251000.0,BALANCED,-34.9964
2019-06-21,TMV,TMV,0.0,14.06,0.0336,-131212000.0,0.0,0.0,-0.1405,-680000.0,4251000.0,BALANCED,-13.5134
2019-06-24,TMV,TMV,0.0,13.75,-0.0222,-131212000.0,0.0,0.0,-0.1405,-680000.0,3478000.0,BALANCED,-13.5134
2019-06-25,TMV,TMV,0.0,13.56,0.037,-131212000.0,0.0,0.0,-0.1405,-680000.0,3478000.0,BALANCED,-13.5134
2019-06-26,TMV,TMV,691000.0,13.82,0.0194,-130521000.0,691000.0,0.0,0.6722,11000.0,3423000.0,BALANCED,28.8041
2019-06-27,TMV,TMV,0.0,13.53,-0.021,-130521000.0,0.0,0.0,-0.1674,691000.0,3423000.0,BALANCED,5.8142
2019-06-28,TMV,TMV,0.0,13.56,0.0026,-130521000.0,0.0,0.0,-0.2049,691000.0,3423000.0,BALANCED,4.8777
2019-07-01,TMV,TMV,0.0,13.66,0.0072,-130521000.0,0.0,0.0,-0.2049,691000.0,-696000.0,BALANCED,4.8777
2019-07-02,TMV,TMV,2670000.0,13.35,-0.023,-127851000.0,2670000.0,0.0,2.6151,3361000.0,1974000.0,ACCUMULATION,77.3779
2019-07-03,TMV,TMV,653000.0,13.07,-0.021,-127198000.0,653000.0,0.0,0.4079,3323000.0,2627000.0,BALANCED,24.1975
2019-07-05,TMV,TMV,1359000.0,13.59,0.0404,-125839000.0,1359000.0,0.0,1.0991,4682000.0,3986000.0,BALANCED,43.4778
2019-07-08,TMV,TMV,1354000.0,13.54,-0.0039,-124485000.0,1354000.0,0.0,1.0282,6036000.0,5340000.0,BALANCED,43.706
2019-07-09,TMV,TMV,0.0,13.56,0.0013,-124485000.0,0.0,0.0,-0.3543,6036000.0,5340000.0,BALANCED,1.1415
2019-07-10,TMV,TMV,0.0,13.79,0.0167,-124485000.0,0.0,0.0,-0.3543,3366000.0,5340000.0,BALANCED,1.1415
2019-07-11,TMV,TMV,-2151000.0,14.34,0.0402,-126636000.0,0.0,-2151000.0,-2.2624,562000.0,3189000.0,DISTRIBUTION,-48.5602
2019-07-12,TMV,TMV,0.0,14.3,-0.0029,-126636000.0,0.0,0.0,-0.2302,-797000.0,3896000.0,BALANCED,-15.7538
2019-07-15,TMV,TMV,-1405000.0,14.05,-0.0171,-128041000.0,0.0,-1405000.0,-1.4563,-3556000.0,2491000.0,BALANCED,-48.4086
2019-07-16,TMV,TMV,0.0,14.18,0.0091,-128041000.0,0.0,0.0,-0.0731,-3556000.0,2491000.0,BALANCED,-11.8285
2019-07-17,TMV,TMV,0.0,13.73,-0.0322,-128041000.0,0.0,0.0,-0.0731,-3556000.0,2491000.0,BALANCED,-11.8285
2019-07-18,TMV,TMV,-686000.0,13.73,-0.0001,-128727000.0,0.0,-686000.0,-0.8766,-2091000.0,1805000.0,BALANCED,-33.9145
2019-07-19,TMV,TMV,691000.0,13.83,0.0076,-128036000.0,691000.0,0.0,0.758,-1400000.0,3176000.0,BALANCED,10.9511
2019-07-22,TMV,TMV,0.0,13.75,-0.0055,-128036000.0,0.0,0.0,-0.0716,5000.0,3176000.0,BALANCED,8.21
2019-07-23,TMV,TMV,0.0,13.98,0.0166,-128036000.0,0.0,0.0,-0.0716,5000.0,3176000.0,BALANCED,8.21
2019-07-24,TMV,TMV,0.0,13.8,-0.0129,-128036000.0,0.0,0.0,-0.0716,5000.0,3176000.0,BALANCED,8.21
2019-07-25,TMV,TMV,-700000.0,14.0,0.0145,-128736000.0,0.0,-700000.0,-0.872,-9000.0,1785000.0,BALANCED,-33.8009
2019-07-26,TMV,TMV,0.0,13.91,-0.0065,-128736000.0,0.0,0.0,-0.0719,-700000.0,1785000.0,BALANCED,-11.7974
2019-07-29,TMV,TMV,0.0,13.9,-0.0007,-128736000.0,0.0,0.0,-0.0719,-700000.0,1785000.0,BALANCED,-11.7974
2019-07-30,TMV,TMV,0.0,13.8,-0.0071,-128736000.0,0.0,0.0,-0.0719,-700000.0,1785000.0,BALANCED,-11.7974
2019-07-31,TMV,TMV,0.0,13.47,-0.0239,-128736000.0,0.0,0.0,-0.0719,-700000.0,-885000.0,BALANCED,-11.7974
2019-08-01,TMV,TMV,0.0,12.67,-0.0593,-128736000.0,0.0,0.0,-0.0719,0.0,-1538000.0,BALANCED,-1.7974
2019-08-02,TMV,TMV,-3082000.0,12.33,-0.0272,-131818000.0,0.0,-3082000.0,-3.0493,-3082000.0,-5979000.0,DISTRIBUTION,-88.2323
2019-08-05,TMV,TMV,-1753000.0,11.69,-0.0517,-133571000.0,0.0,-1753000.0,-1.5905,-4835000.0,-9086000.0,DISTRIBUTION,-53.763
2019-08-06,TMV,TMV,0.0,11.41,-0.0238,-133571000.0,0.0,0.0,0.0747,-4835000.0,-9086000.0,BALANCED,-8.1326
2019-08-07,TMV,TMV,0.0,11.4,-0.0009,-133571000.0,0.0,0.0,0.0747,-4835000.0,-9086000.0,BALANCED,-8.1326
2019-08-08,TMV,TMV,0.0,11.33,-0.0062,-133571000.0,0.0,0.0,0.0975,-4835000.0,-6935000.0,BALANCED,-7.5627
2019-08-09,TMV,TMV,0.0,11.4,0.0065,-133571000.0,0.0,0.0,0.0975,-1753000.0,-6935000.0,BALANCED,-7.5627
2019-08-12,TMV,TMV,0.0,10.69,-0.0624,-133571000.0,0.0,0.0,0.0975,0.0,-5530000.0,BALANCED,2.4373
2019-08-13,TMV,TMV,0.0,10.8,0.0104,-133571000.0,0.0,0.0,0.0975,0.0,-5530000.0,BALANCED,2.4373
2019-08-14,TMV,TMV,1511000.0,10.08,-0.0674,-132060000.0,1511000.0,0.0,1.7304,1511000.0,-4019000.0,ACCUMULATION,55.2596
2019-08-15,TMV,TMV,487000.0,9.74,-0.0332,-131573000.0,487000.0,0.0,0.6661,1998000.0,-2846000.0,BALANCED,30.6533
2019-08-16,TMV,TMV,998000.0,9.98,0.0246,-130575000.0,998000.0,0.0,1.2396,2996000.0,-2539000.0,BALANCED,46.9912
2019-08-19,TMV,TMV,4685000.0,10.41,0.0431,-125890000.0,4685000.0,0.0,3.7566,7681000.0,2146000.0,ACCUMULATION,100.0
2019-08-20,TMV,TMV,13114000.0,10.09,-0.0309,-112776000.0,13114000.0,0.0,4.6895,20795000.0,15260000.0,ACCUMULATION,100.0
2019-08-21,TMV,TMV,0.0,10.29,0.0202,-112776000.0,0.0,0.0,-0.1439,19284000.0,15260000.0,BALANCED,6.4037
2019-08-22,TMV,TMV,-1575000.0,10.5,0.0201,-114351000.0,0.0,-1575000.0,-0.7359,17222000.0,14385000.0,BALANCED,-10.3982
2019-08-23,TMV,TMV,0.0,9.99,-0.0488,-114351000.0,0.0,0.0,-0.1519,16224000.0,14385000.0,BALANCED,6.2035
2019-08-26,TMV,TMV,0.0,10.11,0.0123,-114351000.0,0.0,0.0,-0.1705,11539000.0,14385000.0,BALANCED,5.737
2019-08-27,TMV,TMV,0.0,9.64,-0.0461,-114351000.0,0.0,0.0,-0.1705,-1575000.0,14385000.0,BALANCED,-14.263
2019-08-28,TMV,TMV,-961000.0,9.61,-0.0037,-115312000.0,0.0,-961000.0,-0.5155,-2536000.0,13424000.0,BALANCED,-24.8866
2019-08-29,TMV,TMV,-11661000.0,9.72,0.0115,-126973000.0,0.0,-11661000.0,-3.3722,-12622000.0,1763000.0,DISTRIBUTION,-98.3044
2019-08-30,TMV,TMV,486000.0,9.72,-0.0001,-126487000.0,486000.0,0.0,0.125,-12136000.0,5331000.0,BALANCED,-4.8744
2019-09-03,TMV,TMV,0.0,9.68,-0.0037,-126487000.0,0.0,0.0,-0.0149,-12136000.0,7084000.0,BALANCED,-10.3715
2019-09-04,TMV,TMV,-964000.0,9.64,-0.0043,-127451000.0,0.0,-964000.0,-0.2827,-13100000.0,6120000.0,BALANCED,-19.067
2019-09-05,TMV,TMV,5590000.0,10.16,0.0545,-121861000.0,5590000.0,0.0,1.4854,-6549000.0,11710000.0,BALANCED,29.1345
2019-09-06,TMV,TMV,995000.0,9.95,-0.0209,-120866000.0,995000.0,0.0,0.2022,6107000.0,12705000.0,BALANCED,19.0551
2019-09-09,TMV,TMV,0.0,10.48,0.0535,-120866000.0,0.0,0.0,-0.0724,5621000.0,12705000.0,BALANCED,8.19
2019-09-10,TMV,TMV,0.0,11.04,0.0527,-120866000.0,0.0,0.0,-0.0724,5621000.0,12705000.0,BALANCED,8.19
2019-09-11,TMV,TMV,0.0,11.1,0.0055,-120866000.0,0.0,0.0,-0.0724,6585000.0,12705000.0,BALANCED,8.19
2019-09-12,TMV,TMV,-6791000.0,11.32,0.0198,-127657000.0,0.0,-6791000.0,-1.7752,-5796000.0,4403000.0,DISTRIBUTION,-56.3812
2019-09-13,TMV,TMV,0.0,12.05,0.0646,-127657000.0,0.0,0.0,-0.0094,-6791000.0,3916000.0,BALANCED,-10.2338
2019-09-16,TMV,TMV,-3477000.0,11.59,-0.0381,-131134000.0,0.0,-3477000.0,-0.9073,-10268000.0,-559000.0,BALANCED,-34.6827
2019-09-17,TMV,TMV,0.0,11.4,-0.0161,-131134000.0,0.0,0.0,-0.0211,-10268000.0,-5244000.0,BALANCED,-10.5285
2019-09-18,TMV,TMV,0.0,11.26,-0.0126,-131134000.0,0.0,0.0,-0.0211,-10268000.0,-18358000.0,BALANCED,-10.5285
2019-09-19,TMV,TMV,-3348000.0,11.16,-0.0089,-134482000.0,0.0,-3348000.0,-0.8521,-6825000.0,-21706000.0,BALANCED,-33.3025
2019-09-20,TMV,TMV,1072000.0,10.72,-0.0391,-133410000.0,1072000.0,0.0,0.2736,-5753000.0,-19059000.0,BALANCED,-1.1603
2019-09-23,TMV,TMV,537000.0,10.73,0.0008,-132873000.0,537000.0,0.0,0.1317,-1739000.0,-18522000.0,BALANCED,-2.7068
2019-09-24,TMV,TMV,2058000.0,10.29,0.0103,-130815000.0,2058000.0,0.0,0.5019,319000.0,-16464000.0,BALANCED,28.547
2019-09-25,TMV,TMV,0.0,10.74,0.044,-130815000.0,0.0,0.0,-0.0235,319000.0,-16464000.0,BALANCED,9.4137
2019-09-26,TMV,TMV,-4215000.0,10.54,-0.0191,-135030000.0,0.0,-4215000.0,-1.0329,-548000.0,-19718000.0,BALANCED,-37.8224
2019-09-27,TMV,TMV,0.0,10.47,-0.0069,-135030000.0,0.0,0.0,0.0289,-1620000.0,-8057000.0,BALANCED,-9.2768
2019-09-30,TMV,TMV,2078000.0,10.39,-0.0072,-132952000.0,2078000.0,0.0,0.5395,-79000.0,-6465000.0,BALANCED,5.4871
2019-10-01,TMV,TMV,0.0,10.3,-0.0089,-132952000.0,0.0,0.0,0.0604,-2137000.0,-6465000.0,BALANCED,-8.4896
2019-10-02,TMV,TMV,0.0,10.22,-0.0072,-132952000.0,0.0,0.0,0.2262,-2137000.0,-5501000.0,BALANCED,-4.3454
2019-10-03,TMV,TMV,-995000.0,9.95,-0.0272,-133947000.0,0.0,-995000.0,-0.0974,1083000.0,-12086000.0,BALANCED,5.5658
2019-10-04,TMV,TMV,0.0,9.73,-0.0216,-133947000.0,0.0,0.0,0.22,1083000.0,-13081000.0,BALANCED,15.4998
2019-10-07,TMV,TMV,0.0,9.97,0.025,-133947000.0,0.0,0.0,0.22,-995000.0,-13081000.0,BALANCED,-4.5002
2019-10-08,TMV,TMV,0.0,9.89,-0.008,-133947000.0,0.0,0.0,0.22,-995000.0,-13081000.0,BALANCED,-4.5002
2019-10-09,TMV,TMV,0.0,10.06,0.0171,-133947000.0,0.0,0.0,0.22,-995000.0,-13081000.0,BALANCED,-4.5002
2019-10-10,TMV,TMV,0.0,10.51,0.0448,-133947000.0,0.0,0.0,0.2091,0.0,-6290000.0,BALANCED,5.227
2019-10-11,TMV,TMV,0.0,10.91,0.0378,-133947000.0,0.0,0.0,0.1098,0.0,-6290000.0,BALANCED,2.7455
2019-10-14,TMV,TMV,0.0,10.91,0.0,-133947000.0,0.0,0.0,0.1177,0.0,-2813000.0,BALANCED,2.9421
2019-10-15,TMV,TMV,-1108000.0,11.08,0.0149,-135055000.0,0.0,-1108000.0,-0.3883,-1108000.0,-3921000.0,BALANCED,-21.7065
2019-10-16,TMV,TMV,0.0,11.04,-0.0035,-135055000.0,0.0,0.0,0.1199,-1108000.0,-3921000.0,BALANCED,-7.0037
2019-10-17,TMV,TMV,-1668000.0,11.12,0.0074,-136723000.0,0.0,-1668000.0,-0.6452,-2776000.0,-2241000.0,BALANCED,-28.1289
2019-10-18,TMV,TMV,0.0,11.12,0.0005,-136723000.0,0.0,0.0,0.2939,-2776000.0,-3313000.0,BALANCED,-2.6522
2019-10-21,TMV,TMV,0.0,11.38,0.0227,-136723000.0,0.0,0.0,0.2939,-2776000.0,-3850000.0,BALANCED,-2.6522
2019-10-22,TMV,TMV,0.0,11.18,-0.0174,-136723000.0,0.0,0.0,0.2939,-1668000.0,-5908000.0,BALANCED,-2.6522
2019-10-23,TMV,TMV,0.0,11.15,-0.0029,-136723000.0,0.0,0.0,0.2939,-1668000.0,-5908000.0,BALANCED,-2.6522
2019-10-24,TMV,TMV,0.0,11.22,0.0062,-136723000.0,0.0,0.0,0.2229,0.0,-1693000.0,BALANCED,5.5719
2019-10-25,TMV,TMV,0.0,11.39,0.0152,-136723000.0,0.0,0.0,0.2229,0.0,-1693000.0,BALANCED,5.5719
2019-10-28,TMV,TMV,0.0,11.7,0.0274,-136723000.0,0.0,0.0,0.1531,0.0,-3771000.0,BALANCED,3.8282
2019-10-29,TMV,TMV,0.0,11.68,-0.0018,-136723000.0,0.0,0.0,0.1531,0.0,-3771000.0,BALANCED,3.8282
2019-10-30,TMV,TMV,0.0,11.17,-0.0437,-136723000.0,0.0,0.0,0.1531,0.0,-3771000.0,BALANCED,3.8282
2019-10-31,TMV,TMV,-1608000.0,10.72,-0.0403,-138331000.0,0.0,-1608000.0,-1.3498,-1608000.0,-4384000.0,BALANCED,-45.7456
2019-11-01,TMV,TMV,0.0,10.82,0.0097,-138331000.0,0.0,0.0,0.1529,-1608000.0,-4384000.0,BALANCED,-6.178
2019-11-04,TMV,TMV,0.0,11.25,0.0396,-138331000.0,0.0,0.0,0.1708,-1608000.0,-4384000.0,BALANCED,-5.7305
2019-11-05,TMV,TMV,0.0,11.63,0.0339,-138331000.0,0.0,0.0,0.2559,-1608000.0,-4384000.0,BALANCED,-3.6014
2019-11-06,TMV,TMV,0.0,11.42,-0.018,-138331000.0,0.0,0.0,0.2559,-1608000.0,-4384000.0,BALANCED,-3.6014
2019-11-07,TMV,TMV,-1807000.0,12.04,0.0545,-140138000.0,0.0,-1807000.0,-2.3309,-1807000.0,-6191000.0,DISTRIBUTION,-70.2722
2019-11-08,TMV,TMV,1220000.0,12.2,0.0133,-138918000.0,1220000.0,0.0,1.8083,-587000.0,-4971000.0,ACCUMULATION,37.2076
2019-11-11,TMV,TMV,0.0,12.2,0.0,-138918000.0,0.0,0.0,0.3207,-587000.0,-4971000.0,BALANCED,-1.983
2019-11-12,TMV,TMV,-1802000.0,12.01,-0.0156,-140720000.0,0.0,-1802000.0,-2.2553,-2389000.0,-5665000.0,DISTRIBUTION,-68.3837
2019-11-13,TMV,TMV,0.0,11.78,-0.0193,-140720000.0,0.0,0.0,0.3785,-2389000.0,-5665000.0,BALANCED,-0.5386
2019-11-14,TMV,TMV,-3996000.0,11.42,-0.0308,-144716000.0,0.0,-3996000.0,-3.7905,-4578000.0,-7993000.0,DISTRIBUTION,-100.0
2019-11-15,TMV,TMV,0.0,11.46,0.0037,-144716000.0,0.0,0.0,0.3741,-5798000.0,-7993000.0,BALANCED,-0.6471
2019-11-18,TMV,TMV,0.0,11.4,-0.0053,-144716000.0,0.0,0.0,0.3741,-5798000.0,-7993000.0,BALANCED,-0.6471
2019-11-19,TMV,TMV,-2779000.0,11.12,-0.0248,-147495000.0,0.0,-2779000.0,-2.2098,-6775000.0,-10772000.0,DISTRIBUTION,-67.2448
2019-11-20,TMV,TMV,-1077000.0,10.77,-0.0309,-148572000.0,0.0,-1077000.0,-0.5584,-7852000.0,-11849000.0,BALANCED,-27.9606
2019-11-21,TMV,TMV,-3293000.0,10.98,0.0189,-151865000.0,0.0,-3293000.0,-2.3072,-7149000.0,-15142000.0,DISTRIBUTION,-73.6803
2019-11-22,TMV,TMV,1094000.0,10.94,-0.0034,-150771000.0,1094000.0,0.0,1.3742,-6055000.0,-14048000.0,BALANCED,26.3547
2019-11-25,TMV,TMV,0.0,10.85,-0.0086,-150771000.0,0.0,0.0,0.4657,-6055000.0,-14048000.0,BALANCED,1.6426
2019-11-26,TMV,TMV,0.0,10.66,-0.0174,-150771000.0,0.0,0.0,0.4352,-3276000.0,-14048000.0,BALANCED,0.8791
2019-11-27,TMV,TMV,0.0,10.75,0.009,-150771000.0,0.0,0.0,0.4352,-2199000.0,-14048000.0,BALANCED,0.8791
2019-11-29,TMV,TMV,0.0,10.83,0.0069,-150771000.0,0.0,0.0,0.3943,1094000.0,-12440000.0,BALANCED,19.8576
2019-12-02,TMV,TMV,0.0,11.26,0.0401,-150771000.0,0.0,0.0,0.3943,0.0,-12440000.0,BALANCED,9.8576
2019-12-03,TMV,TMV,0.0,10.55,-0.0628,-150771000.0,0.0,0.0,0.3943,0.0,-12440000.0,BALANCED,9.8576
2019-12-04,TMV,TMV,0.0,10.87,0.0301,-150771000.0,0.0,0.0,0.3943,0.0,-12440000.0,BALANCED,9.8576
2019-12-05,TMV,TMV,0.0,11.03,0.0147,-150771000.0,0.0,0.0,0.3943,0.0,-12440000.0,BALANCED,9.8576
2019-12-06,TMV,TMV,0.0,11.22,0.0171,-150771000.0,0.0,0.0,0.3943,0.0,-10633000.0,BALANCED,9.8576
2019-12-09,TMV,TMV,-1672000.0,11.15,-0.0063,-152443000.0,0.0,-1672000.0,-0.9535,-1672000.0,-13525000.0,BALANCED,-35.8379
2019-12-10,TMV,TMV,0.0,11.15,-0.0001,-152443000.0,0.0,0.0,0.4352,-1672000.0,-13525000.0,BALANCED,0.8807
2019-12-11,TMV,TMV,0.0,10.89,-0.0234,-152443000.0,0.0,0.0,0.4352,-1672000.0,-11723000.0,BALANCED,0.8807
2019-12-12,TMV,TMV,-571000.0,11.43,0.0495,-153014000.0,0.0,-571000.0,-0.0233,-2243000.0,-12294000.0,BALANCED,-12.5827
2019-12-13,TMV,TMV,0.0,11.03,-0.0343,-153014000.0,0.0,0.0,0.4125,-2243000.0,-8298000.0,BALANCED,0.3123
2019-12-16,TMV,TMV,0.0,11.33,0.0271,-153014000.0,0.0,0.0,0.4125,-571000.0,-8298000.0,BALANCED,0.3123
2019-12-17,TMV,TMV,-569000.0,11.38,0.0043,-153583000.0,0.0,-569000.0,-0.0512,-1140000.0,-8867000.0,BALANCED,-13.2807
2019-12-18,TMV,TMV,0.0,11.66,0.0248,-153583000.0,0.0,0.0,0.4298,-1140000.0,-6088000.0,BALANCED,0.7441
2019-12-19,TMV,TMV,0.0,11.61,-0.0046,-153583000.0,0.0,0.0,0.4298,-569000.0,-5011000.0,BALANCED,0.7441
2019-12-20,TMV,TMV,1735000.0,11.57,-0.0035,-151848000.0,1735000.0,0.0,1.7351,1166000.0,17000.0,ACCUMULATION,55.3773
2019-12-23,TMV,TMV,0.0,11.6,0.0209,-151848000.0,0.0,0.0,0.3624,1166000.0,-1077000.0,BALANCED,19.0596
2019-12-24,TMV,TMV,0.0,11.51,-0.0082,-151848000.0,0.0,0.0,0.3624,1735000.0,-1077000.0,BALANCED,19.0596
2019-12-26,TMV,TMV,-571000.0,11.42,-0.0071,-152419000.0,0.0,-571000.0,-0.1559,1164000.0,-1648000.0,BALANCED,4.1028
2019-12-27,TMV,TMV,0.0,11.39,-0.0028,-152419000.0,0.0,0.0,0.3358,1164000.0,-1648000.0,BALANCED,18.3949
2019-12-30,TMV,TMV,0.0,11.52,0.0111,-152419000.0,0.0,0.0,0.2726,-571000.0,-1648000.0,BALANCED,-3.1848
2019-12-31,TMV,TMV,1773000.0,11.82,0.0264,-150646000.0,1773000.0,0.0,1.9481,1202000.0,125000.0,ACCUMULATION,60.7019
2020-01-02,TMV,TMV,0.0,11.46,-0.0305,-150646000.0,0.0,0.0,0.1954,1202000.0,125000.0,BALANCED,14.885
2020-01-03,TMV,TMV,1094000.0,10.94,-0.0456,-149552000.0,1094000.0,0.0,1.2731,2867000.0,1219000.0,BALANCED,43.8284
2020-01-06,TMV,TMV,0.0,11.13,0.0172,-149552000.0,0.0,0.0,0.0366,2867000.0,1219000.0,BALANCED,10.9144
2020-01-07,TMV,TMV,0.0,11.29,0.015,-149552000.0,0.0,0.0,-0.1192,2867000.0,1219000.0,BALANCED,7.021
2020-01-08,TMV,TMV,0.0,11.52,0.0199,-149552000.0,0.0,0.0,-0.0658,1094000.0,2891000.0,BALANCED,8.356
2020-01-09,TMV,TMV,-570000.0,11.4,-0.0104,-150122000.0,0.0,-570000.0,-0.9423,524000.0,2321000.0,BALANCED,-15.5567
2020-01-10,TMV,TMV,0.0,11.1,-0.0262,-150122000.0,0.0,0.0,-0.0345,-570000.0,2321000.0,BALANCED,-10.8614
2020-01-13,TMV,TMV,-3361000.0,11.2,0.0092,-153483000.0,0.0,-3361000.0,-3.7132,-3931000.0,-469000.0,DISTRIBUTION,-100.0
2020-01-14,TMV,TMV,0.0,11.03,-0.0153,-153483000.0,0.0,0.0,0.1026,-3931000.0,-469000.0,BALANCED,-7.4341
2020-01-15,TMV,TMV,2163000.0,10.81,-0.0198,-151320000.0,2163000.0,0.0,2.2436,-1768000.0,1694000.0,ACCUMULATION,48.0901
2020-01-16,TMV,TMV,0.0,10.92,0.0096,-151320000.0,0.0,0.0,0.0188,-1198000.0,2263000.0,BALANCED,-9.5294
2020-01-17,TMV,TMV,0.0,11.2,0.0262,-151320000.0,0.0,0.0,0.0188,-1198000.0,2263000.0,BALANCED,-9.5294
2020-01-21,TMV,TMV,0.0,10.85,-0.0314,-151320000.0,0.0,0.0,0.0188,2163000.0,2263000.0,BALANCED,10.4706
2020-01-22,TMV,TMV,0.0,10.74,-0.0104,-151320000.0,0.0,0.0,0.0188,2163000.0,528000.0,BALANCED,10.4706
2020-01-23,TMV,TMV,0.0,10.51,-0.0209,-151320000.0,0.0,0.0,-0.0407,0.0,528000.0,BALANCED,-1.0164
2020-01-24,TMV,TMV,3079000.0,10.26,-0.0238,-148241000.0,3079000.0,0.0,2.7337,3079000.0,3607000.0,ACCUMULATION,80.3424
2020-01-27,TMV,TMV,0.0,9.79,-0.0465,-148241000.0,0.0,0.0,-0.1303,3079000.0,4178000.0,BALANCED,6.7429
2020-01-28,TMV,TMV,0.0,10.02,0.0236,-148241000.0,0.0,0.0,-0.1491,3079000.0,4178000.0,BALANCED,6.2725
2020-01-29,TMV,TMV,0.0,9.73,-0.0292,-148241000.0,0.0,0.0,-0.1491,3079000.0,4178000.0,BALANCED,6.2725
2020-01-30,TMV,TMV,0.0,9.72,-0.0003,-148241000.0,0.0,0.0,-0.1491,3079000.0,2405000.0,BALANCED,6.2725
2020-01-31,TMV,TMV,0.0,9.46,-0.0272,-148241000.0,0.0,0.0,-0.1682,0.0,2405000.0,BALANCED,-4.2048
2020-02-03,TMV,TMV,474000.0,9.48,0.0029,-147767000.0,474000.0,0.0,0.2644,474000.0,1785000.0,BALANCED,18.61
2020-02-04,TMV,TMV,0.0,9.87,0.0405,-147767000.0,0.0,0.0,-0.183,474000.0,1785000.0,BALANCED,5.4255
2020-02-05,TMV,TMV,0.0,10.19,0.0329,-147767000.0,0.0,0.0,-0.1335,474000.0,1785000.0,BALANCED,6.6628
2020-02-06,TMV,TMV,16595000.0,10.06,-0.0134,-131172000.0,16595000.0,0.0,5.0142,17069000.0,18380000.0,ACCUMULATION,100.0
2020-02-07,TMV,TMV,0.0,9.69,-0.037,-131172000.0,0.0,0.0,-0.2173,17069000.0,18950000.0,BALANCED,4.5684
2020-02-10,TMV,TMV,0.0,9.61,-0.0082,-131172000.0,0.0,0.0,-0.2237,16595000.0,18950000.0,BALANCED,4.4076
2020-02-11,TMV,TMV,0.0,9.75,0.0153,-131172000.0,0.0,0.0,-0.2237,16595000.0,22311000.0,BALANCED,4.4076
2020-02-12,TMV,TMV,3961000.0,9.9,0.0153,-127211000.0,3961000.0,0.0,0.9699,20556000.0,26272000.0,BALANCED,36.2469
2020-02-13,TMV,TMV,979000.0,9.79,-0.0114,-126232000.0,979000.0,0.0,0.0514,4940000.0,25088000.0,BALANCED,15.2854
2020-02-14,TMV,TMV,0.0,9.67,-0.0125,-126232000.0,0.0,0.0,-0.2533,4940000.0,25088000.0,BALANCED,3.6679
2020-02-18,TMV,TMV,4735000.0,9.47,-0.0204,-121497000.0,4735000.0,0.0,1.1544,9675000.0,29823000.0,BALANCED,40.8589
2020-02-19,TMV,TMV,5210000.0,9.47,0.0003,-116287000.0,5210000.0,0.0,1.2144,14885000.0,35033000.0,BALANCED,44.3607
2020-02-20,TMV,TMV,-1850000.0,9.25,-0.0234,-118137000.0,0.0,-1850000.0,-0.8485,9074000.0,33183000.0,BALANCED,-13.2113
2020-02-21,TMV,TMV,0.0,9.0,-0.0276,-118137000.0,0.0,0.0,-0.3067,8095000.0,33183000.0,BALANCED,2.3333
2020-02-24,TMV,TMV,0.0,8.59,-0.0447,-118137000.0,0.0,0.0,-0.3129,8095000.0,30104000.0,BALANCED,2.1765
2020-02-25,TMV,TMV,2961000.0,8.46,-0.0158,-115176000.0,2961000.0,0.0,0.5255,6321000.0,33065000.0,BALANCED,25.1379
2020-02-26,TMV,TMV,859000.0,8.59,0.016,-114317000.0,859000.0,0.0,-0.1349,1970000.0,33924000.0,BALANCED,10.6277
2020-02-27,TMV,TMV,-2495000.0,8.32,-0.0324,-116812000.0,0.0,-2495000.0,-1.1015,1325000.0,31429000.0,BALANCED,-19.5365
2020-02-28,TMV,TMV,1163000.0,7.76,-0.0673,-115649000.0,1163000.0,0.0,-0.0077,2488000.0,32592000.0,BALANCED,11.8069
2020-03-02,TMV,TMV,1586000.0,7.93,0.0222,-114063000.0,1586000.0,0.0,0.1023,4074000.0,34178000.0,BALANCED,16.5577
2020-03-03,TMV,TMV,16630000.0,7.56,-0.0465,-97433000.0,16630000.0,0.0,3.3936,17743000.0,50334000.0,ACCUMULATION,100.0
2020-03-04,TMV,TMV,-11311000.0,7.8,0.032,-108744000.0,0.0,-11311000.0,-2.5577,5573000.0,39023000.0,DISTRIBUTION,-55.9425
2020-03-05,TMV,TMV,1805000.0,7.22,-0.0746,-106939000.0,1805000.0,0.0,0.0655,9873000.0,40828000.0,BALANCED,13.6379
2020-03-06,TMV,TMV,8228000.0,6.1,-0.1557,-98711000.0,8228000.0,0.0,1.2668,16938000.0,32461000.0,BALANCED,45.6692
2020-03-09,TMV,TMV,2800000.0,5.6,-0.0813,-95911000.0,2800000.0,0.0,0.2066,18152000.0,35261000.0,BALANCED,21.166
2020-03-10,TMV,TMV,11306000.0,6.46,0.1537,-84605000.0,11306000.0,0.0,1.7056,12828000.0,46567000.0,ACCUMULATION,60.6397
2020-03-11,TMV,TMV,-12556000.0,7.17,0.1105,-97161000.0,0.0,-12556000.0,-2.3734,11583000.0,34011000.0,DISTRIBUTION,-51.3358
2020-03-12,TMV,TMV,-1408000.0,7.04,-0.0186,-98569000.0,0.0,-1408000.0,-0.5083,8370000.0,28642000.0,BALANCED,-6.7087
2020-03-13,TMV,TMV,8649000.0,7.52,0.0682,-89920000.0,8649000.0,0.0,1.0901,8791000.0,36312000.0,BALANCED,39.2537
2020-03-16,TMV,TMV,-909000.0,6.06,-0.1943,-90829000.0,0.0,-909000.0,-0.458,5082000.0,35403000.0,BALANCED,-3.451
2020-03-17,TMV,TMV,-4360000.0,7.27,0.1992,-95189000.0,0.0,-4360000.0,-0.9758,-10584000.0,26308000.0,BALANCED,-38.3959
2020-03-18,TMV,TMV,-7222000.0,8.5,0.1692,-102411000.0,0.0,-7222000.0,-1.3501,-5250000.0,13876000.0,BALANCED,-49.7525
2020-03-19,TMV,TMV,-1950000.0,7.8,-0.0819,-104361000.0,0.0,-1950000.0,-0.523,-5792000.0,13776000.0,BALANCED,-31.0759
2020-03-20,TMV,TMV,4834000.0,6.04,-0.2255,-99527000.0,4834000.0,0.0,0.6434,-9607000.0,18610000.0,BALANCED,8.0846
2020-03-23,TMV,TMV,-10851000.0,5.29,-0.1239,-110378000.0,0.0,-10851000.0,-1.8434,-19549000.0,7759000.0,DISTRIBUTION,-58.0856
2020-03-24,TMV,TMV,1392000.0,5.57,0.0899,-108986000.0,1392000.0,0.0,0.1042,-13797000.0,6190000.0,BALANCED,-5.3952
2020-03-25,TMV,TMV,0.0,5.6,0.0068,-108986000.0,0.0,0.0,-0.1181,-6575000.0,5331000.0,BALANCED,-12.9524
2020-03-26,TMV,TMV,828000.0,5.52,-0.0147,-108158000.0,828000.0,0.0,0.0309,-3797000.0,8654000.0,BALANCED,-7.2263
2020-03-27,TMV,TMV,2286000.0,5.08,-0.08,-105872000.0,2286000.0,0.0,0.2576,-6345000.0,9777000.0,BALANCED,0.4399
2020-03-30,TMV,TMV,0.0,5.21,0.0246,-105872000.0,0.0,0.0,-0.1088,4506000.0,8191000.0,BALANCED,7.2809
2020-03-31,TMV,TMV,1600000.0,5.33,0.0244,-104272000.0,1600000.0,0.0,0.1656,4714000.0,-6839000.0,BALANCED,16.1394
2020-04-01,TMV,TMV,0.0,5.11,-0.042,-104272000.0,0.0,0.0,-0.0653,4714000.0,4472000.0,BALANCED,8.3677
2020-04-02,TMV,TMV,0.0,5.01,-0.019,-104272000.0,0.0,0.0,-0.0755,3886000.0,2667000.0,BALANCED,8.112
2020-04-03,TMV,TMV,0.0,4.98,-0.007,-104272000.0,0.0,0.0,-0.0755,1600000.0,-5561000.0,BALANCED,8.112
2020-04-06,TMV,TMV,-1254000.0,5.02,0.0078,-105526000.0,0.0,-1254000.0,-0.2733,346000.0,-9615000.0,BALANCED,1.1683
2020-04-07,TMV,TMV,0.0,5.17,0.0315,-105526000.0,0.0,0.0,-0.0527,-1254000.0,-20921000.0,BALANCED,-11.3164
2020-04-08,TMV,TMV,1321000.0,5.29,0.0218,-104205000.0,1321000.0,0.0,0.161,67000.0,-7044000.0,BALANCED,16.0255
2020-04-09,TMV,TMV,1843000.0,5.27,-0.0037,-102362000.0,1843000.0,0.0,0.2234,1910000.0,-3793000.0,BALANCED,19.5859
2020-04-13,TMV,TMV,810000.0,5.4,0.0258,-101552000.0,810000.0,0.0,0.0558,2720000.0,-11632000.0,BALANCED,17.3958
2020-04-14,TMV,TMV,0.0,5.41,0.0005,-101552000.0,0.0,0.0,-0.0685,3974000.0,-10723000.0,BALANCED,8.2876
2020-04-15,TMV,TMV,0.0,4.98,-0.0794,-101552000.0,0.0,0.0,0.0261,3974000.0,-6363000.0,BALANCED,10.6523
2020-04-16,TMV,TMV,0.0,4.81,-0.0341,-101552000.0,0.0,0.0,-0.0497,2653000.0,859000.0,BALANCED,8.7568
2020-04-17,TMV,TMV,3000000.0,5.0,0.0403,-98552000.0,3000000.0,0.0,0.5622,3810000.0,5809000.0,BALANCED,26.0538
2020-04-20,TMV,TMV,-488000.0,4.88,-0.0241,-99040000.0,0.0,-488000.0,-0.1037,2512000.0,487000.0,BALANCED,5.4082
2020-04-21,TMV,TMV,0.0,4.69,-0.0378,-99040000.0,0.0,0.0,0.0228,2512000.0,11338000.0,BALANCED,10.5705
2020-04-22,TMV,TMV,968000.0,4.84,0.0306,-98072000.0,968000.0,0.0,0.3507,3480000.0,10914000.0,BALANCED,20.7686
2020-04-23,TMV,TMV,0.0,47.62,-0.0139,-98072000.0,0.0,0.0,0.0091,3480000.0,10914000.0,BALANCED,10.228
2020-04-24,TMV,TMV,0.0,47.29,-0.007,-98072000.0,0.0,0.0,-0.005,480000.0,10086000.0,BALANCED,9.8753
2020-04-27,TMV,TMV,0.0,49.93,0.0559,-98072000.0,0.0,0.0,0.0939,968000.0,7800000.0,BALANCED,12.3485
2020-04-28,TMV,TMV,0.0,48.2,-0.0346,-98072000.0,0.0,0.0,0.0835,968000.0,7800000.0,BALANCED,12.0882
2020-04-29,TMV,TMV,0.0,48.95,0.0156,-98072000.0,0.0,0.0,0.0345,0.0,6200000.0,BALANCED,0.863
2020-04-30,TMV,TMV,0.0,50.67,0.035,-98072000.0,0.0,0.0,-0.0593,0.0,6200000.0,BALANCED,-1.4837
2020-05-01,TMV,TMV,-49000.0,49.37,-0.0256,-98121000.0,0.0,-49000.0,-0.1068,-49000.0,6151000.0,BALANCED,-14.6712
2020-05-04,TMV,TMV,-7510000.0,50.07,0.0141,-105631000.0,0.0,-7510000.0,-2.7763,-7559000.0,-1359000.0,DISTRIBUTION,-83.4072
2020-05-05,TMV,TMV,0.0,51.03,0.0192,-105631000.0,0.0,0.0,-0.0932,-7559000.0,-105000.0,BALANCED,-12.3298
2020-05-06,TMV,TMV,0.0,53.5,0.0484,-105631000.0,0.0,0.0,-0.0665,-7559000.0,-105000.0,BALANCED,-11.6622
2020-05-07,TMV,TMV,0.0,50.82,-0.0501,-105631000.0,0.0,0.0,-0.0665,-7559000.0,-1426000.0,BALANCED,-11.6622
2020-05-08,TMV,TMV,10561000.0,52.8,0.0391,-95070000.0,10561000.0,0.0,3.9812,3051000.0,7292000.0,ACCUMULATION,100.0
2020-05-11,TMV,TMV,0.0,54.04,0.0234,-95070000.0,0.0,0.0,-0.1429,10561000.0,6482000.0,BALANCED,6.4278
2020-05-12,TMV,TMV,0.0,52.38,-0.0308,-95070000.0,0.0,0.0,-0.1429,10561000.0,6482000.0,BALANCED,6.4278
2020-05-13,TMV,TMV,0.0,51.28,-0.021,-95070000.0,0.0,0.0,-0.1222,10561000.0,6482000.0,BALANCED,6.9445
2020-05-14,TMV,TMV,0.0,49.77,-0.0294,-95070000.0,0.0,0.0,-0.1222,10561000.0,6482000.0,BALANCED,6.9445
2020-05-15,TMV,TMV,0.0,50.16,0.0078,-95070000.0,0.0,0.0,-0.1222,0.0,3482000.0,BALANCED,-3.0555
2020-05-18,TMV,TMV,0.0,53.46,0.0659,-95070000.0,0.0,0.0,-0.1222,0.0,3970000.0,BALANCED,-3.0555
2020-05-19,TMV,TMV,0.0,52.86,-0.0113,-95070000.0,0.0,0.0,-0.1398,0.0,3970000.0,BALANCED,-3.4948
2020-05-20,TMV,TMV,0.0,52.39,-0.009,-95070000.0,0.0,0.0,-0.1398,0.0,3002000.0,BALANCED,-3.4948
2020-05-21,TMV,TMV,0.0,51.99,-0.0075,-95070000.0,0.0,0.0,-0.1224,0.0,3002000.0,BALANCED,-3.0608
2020-05-22,TMV,TMV,0.0,51.31,-0.0132,-95070000.0,0.0,0.0,-0.0984,0.0,3002000.0,BALANCED,-2.4597
2020-05-26,TMV,TMV,0.0,53.12,0.0354,-95070000.0,0.0,0.0,-0.0875,0.0,3002000.0,BALANCED,-2.1882
2020-05-27,TMV,TMV,0.0,53.41,0.0055,-95070000.0,0.0,0.0,-0.0875,0.0,3002000.0,BALANCED,-2.1882
2020-05-28,TMV,TMV,0.0,54.0,0.011,-95070000.0,0.0,0.0,-0.0875,0.0,3002000.0,BALANCED,-2.1882
2020-05-29,TMV,TMV,0.0,52.84,-0.0215,-95070000.0,0.0,0.0,-0.0875,0.0,3002000.0,BALANCED,-2.1882
2020-06-01,TMV,TMV,0.0,53.9,0.0201,-95070000.0,0.0,0.0,-0.0481,0.0,3051000.0,BALANCED,-1.203
2020-06-02,TMV,TMV,0.0,54.49,0.0109,-95070000.0,0.0,0.0,-0.0549,0.0,10561000.0,BALANCED,-1.3731
2020-06-03,TMV,TMV,-2833000.0,56.66,0.0399,-97903000.0,0.0,-2833000.0,-1.1625,-2833000.0,7728000.0,BALANCED,-41.0634
2020-06-04,TMV,TMV,0.0,59.12,0.0434,-97903000.0,0.0,0.0,-0.0023,-2833000.0,7728000.0,BALANCED,-10.0572
2020-06-05,TMV,TMV,0.0,60.38,0.0213,-97903000.0,0.0,0.0,-0.0023,-2833000.0,7728000.0,BALANCED,-10.0572
2020-06-08,TMV,TMV,0.0,59.68,-0.0116,-97903000.0,0.0,0.0,-0.0023,-2833000.0,-2833000.0,BALANCED,-10.0572
2020-06-09,TMV,TMV,2882000.0,57.65,-0.0341,-95021000.0,2882000.0,0.0,1.1039,49000.0,49000.0,BALANCED,39.5975
2020-06-10,TMV,TMV,-8261000.0,55.08,-0.0446,-103282000.0,0.0,-8261000.0,-2.7456,-5379000.0,-8212000.0,DISTRIBUTION,-80.6407
2020-06-11,TMV,TMV,0.0,51.95,-0.0568,-103282000.0,0.0,0.0,0.059,-5379000.0,-8212000.0,BALANCED,-8.526
2020-06-12,TMV,TMV,0.0,53.45,0.0288,-103282000.0,0.0,0.0,0.059,-5379000.0,-8212000.0,BALANCED,-8.526
2020-06-15,TMV,TMV,2668000.0,53.35,-0.0017,-100614000.0,2668000.0,0.0,0.9198,-2711000.0,-5544000.0,BALANCED,14.9955
2020-06-16,TMV,TMV,0.0,55.81,0.046,-100614000.0,0.0,0.0,-0.0633,-5593000.0,-5544000.0,BALANCED,-11.5826
2020-06-17,TMV,TMV,2756000.0,55.11,-0.0125,-97858000.0,2756000.0,0.0,0.9305,5424000.0,-2788000.0,BALANCED,35.2629
2020-06-18,TMV,TMV,0.0,53.36,-0.0318,-97858000.0,0.0,0.0,-0.0966,5424000.0,-2788000.0,BALANCED,7.586
2020-06-19,TMV,TMV,0.0,53.23,-0.0025,-97858000.0,0.0,0.0,-0.0966,5424000.0,-2788000.0,BALANCED,7.586
2020-06-22,TMV,TMV,0.0,53.21,-0.0004,-97858000.0,0.0,0.0,0.0503,2756000.0,-2788000.0,BALANCED,11.2573
2020-06-23,TMV,TMV,0.0,54.3,0.0205,-97858000.0,0.0,0.0,0.0503,2756000.0,-2788000.0,BALANCED,11.2573
2020-06-24,TMV,TMV,0.0,52.55,-0.0322,-97858000.0,0.0,0.0,0.0503,0.0,-2788000.0,BALANCED,1.2573
2020-06-25,TMV,TMV,0.0,52.09,-0.0087,-97858000.0,0.0,0.0,0.0503,0.0,-2788000.0,BALANCED,1.2573
2020-06-26,TMV,TMV,0.0,50.42,-0.0322,-97858000.0,0.0,0.0,0.0503,0.0,-2788000.0,BALANCED,1.2573
2020-06-29,TMV,TMV,0.0,50.89,0.0094,-97858000.0,0.0,0.0,0.0503,0.0,-2788000.0,BALANCED,1.2573
2020-06-30,TMV,TMV,0.0,51.63,0.0145,-97858000.0,0.0,0.0,0.0503,0.0,-2788000.0,BALANCED,1.2573
2020-07-01,TMV,TMV,0.0,51.93,0.0058,-97858000.0,0.0,0.0,0.0503,0.0,45000.0,BALANCED,1.2573
2020-07-02,TMV,TMV,0.0,52.03,0.002,-97858000.0,0.0,0.0,0.0503,0.0,45000.0,BALANCED,1.2573
2020-07-06,TMV,TMV,0.0,52.4,0.0072,-97858000.0,0.0,0.0,0.0503,0.0,45000.0,BALANCED,1.2573
2020-07-07,TMV,TMV,0.0,50.19,-0.0422,-97858000.0,0.0,0.0,0.0503,0.0,45000.0,BALANCED,1.2573
2020-07-08,TMV,TMV,0.0,50.79,0.0119,-97858000.0,0.0,0.0,0.0503,0.0,-2837000.0,BALANCED,1.2573
2020-07-09,TMV,TMV,2418000.0,48.36,-0.0478,-95440000.0,2418000.0,0.0,1.2764,2418000.0,7842000.0,BALANCED,43.9108
2020-07-10,TMV,TMV,0.0,49.09,0.015,-95440000.0,0.0,0.0,0.0065,2418000.0,7842000.0,BALANCED,10.1619
2020-07-13,TMV,TMV,0.0,48.6,-0.0099,-95440000.0,0.0,0.0,0.0065,2418000.0,7842000.0,BALANCED,10.1619
2020-07-14,TMV,TMV,0.0,48.39,-0.0043,-95440000.0,0.0,0.0,0.0065,2418000.0,5174000.0,BALANCED,10.1619
2020-07-15,TMV,TMV,0.0,49.06,0.014,-95440000.0,0.0,0.0,0.0065,2418000.0,5174000.0,BALANCED,10.1619
2020-07-16,TMV,TMV,0.0,48.36,-0.0143,-95440000.0,0.0,0.0,-0.0449,0.0,2418000.0,BALANCED,-1.1228
2020-07-17,TMV,TMV,0.0,48.66,0.0062,-95440000.0,0.0,0.0,-0.0449,0.0,2418000.0,BALANCED,-1.1228
2020-07-20,TMV,TMV,0.0,48.3,-0.0074,-95440000.0,0.0,0.0,-0.0449,0.0,2418000.0,BALANCED,-1.1228
2020-07-21,TMV,TMV,0.0,48.22,-0.0018,-95440000.0,0.0,0.0,-0.0449,0.0,2418000.0,BALANCED,-1.1228
2020-07-22,TMV,TMV,0.0,47.78,-0.009,-95440000.0,0.0,0.0,0.008,0.0,2418000.0,BALANCED,0.1995
2020-07-23,TMV,TMV,0.0,46.11,-0.0351,-95440000.0,0.0,0.0,-0.3272,0.0,2418000.0,BALANCED,-8.1796
2020-07-24,TMV,TMV,0.0,46.11,0.0001,-95440000.0,0.0,0.0,-0.3272,0.0,2418000.0,BALANCED,-8.1796
2020-07-27,TMV,TMV,0.0,46.62,0.0111,-95440000.0,0.0,0.0,-0.3272,0.0,2418000.0,BALANCED,-8.1796
2020-07-28,TMV,TMV,0.0,45.66,-0.0208,-95440000.0,0.0,0.0,-0.2622,0.0,2418000.0,BALANCED,-6.5543
2020-07-29,TMV,TMV,0.0,45.89,0.0051,-95440000.0,0.0,0.0,-0.2622,0.0,2418000.0,BALANCED,-6.5543
2020-07-30,TMV,TMV,0.0,44.98,-0.0198,-95440000.0,0.0,0.0,-0.1826,0.0,2418000.0,BALANCED,-4.5644
2020-07-31,TMV,TMV,0.0,45.06,0.0019,-95440000.0,0.0,0.0,-0.1826,0.0,2418000.0,BALANCED,-4.5644
2020-08-03,TMV,TMV,0.0,45.74,0.015,-95440000.0,0.0,0.0,-0.1826,0.0,2418000.0,BALANCED,-4.5644
2020-08-04,TMV,TMV,0.0,44.43,-0.0286,-95440000.0,0.0,0.0,-0.1826,0.0,2418000.0,BALANCED,-4.5644
2020-08-05,TMV,TMV,0.0,45.6,0.0262,-95440000.0,0.0,0.0,-0.1826,0.0,2418000.0,BALANCED,-4.5644
2020-08-06,TMV,TMV,0.0,44.83,-0.0168,-95440000.0,0.0,0.0,-0.1826,0.0,0.0,BALANCED,-4.5644
2020-08-07,TMV,TMV,0.0,45.72,0.0199,-95440000.0,0.0,0.0,-0.1826,0.0,0.0,BALANCED,-4.5644
2020-08-10,TMV,TMV,0.0,46.34,0.0134,-95440000.0,0.0,0.0,-0.1826,0.0,0.0,BALANCED,-4.5644
2020-08-11,TMV,TMV,0.0,47.99,0.0357,-95440000.0,0.0,0.0,-0.1826,0.0,0.0,BALANCED,-4.5644
2020-08-12,TMV,TMV,2465000.0,49.29,0.0271,-92975000.0,2465000.0,0.0,3.7165,2465000.0,2465000.0,ACCUMULATION,100.0
2020-08-13,TMV,TMV,0.0,50.87,0.032,-92975000.0,0.0,0.0,-0.2628,2465000.0,2465000.0,BALANCED,3.4311
2020-08-14,TMV,TMV,0.0,51.46,0.0117,-92975000.0,0.0,0.0,-0.2628,2465000.0,2465000.0,BALANCED,3.4311
2020-08-17,TMV,TMV,0.0,51.07,-0.0076,-92975000.0,0.0,0.0,-0.2628,2465000.0,2465000.0,BALANCED,3.4311
2020-08-18,TMV,TMV,0.0,49.98,-0.0215,-92975000.0,0.0,0.0,-0.2628,2465000.0,2465000.0,BALANCED,3.4311
2020-08-19,TMV,TMV,0.0,50.91,0.0187,-92975000.0,0.0,0.0,-0.2628,0.0,2465000.0,BALANCED,-6.5689
2020-08-20,TMV,TMV,0.0,49.53,-0.0271,-92975000.0,0.0,0.0,-0.1826,0.0,2465000.0,BALANCED,-4.5644
2020-08-21,TMV,TMV,0.0,48.64,-0.018,-92975000.0,0.0,0.0,-0.1826,0.0,2465000.0,BALANCED,-4.5644
2020-08-24,TMV,TMV,0.0,48.87,0.0048,-92975000.0,0.0,0.0,-0.1826,0.0,2465000.0,BALANCED,-4.5644
2020-08-25,TMV,TMV,0.0,49.99,0.0229,-92975000.0,0.0,0.0,-0.1826,0.0,2465000.0,BALANCED,-4.5644
2020-08-26,TMV,TMV,0.0,50.57,0.0114,-92975000.0,0.0,0.0,-0.1826,0.0,2465000.0,BALANCED,-4.5644
2020-08-27,TMV,TMV,-7972000.0,53.15,0.051,-100947000.0,0.0,-7972000.0,-5.0633,-7972000.0,-5507000.0,DISTRIBUTION,-100.0
2020-08-28,TMV,TMV,0.0,53.26,0.0021,-100947000.0,0.0,0.0,0.1193,-7972000.0,-5507000.0,BALANCED,-7.0166
2020-08-31,TMV,TMV,0.0,52.2,-0.0199,-100947000.0,0.0,0.0,0.1193,-7972000.0,-5507000.0,BALANCED,-7.0166
2020-09-01,TMV,TMV,0.0,50.41,-0.0343,-100947000.0,0.0,0.0,0.1193,-7972000.0,-5507000.0,BALANCED,-7.0166
2020-09-02,TMV,TMV,0.0,48.97,-0.0286,-100947000.0,0.0,0.0,0.1193,-7972000.0,-5507000.0,BALANCED,-7.0166
2020-09-03,TMV,TMV,0.0,48.55,-0.0086,-100947000.0,0.0,0.0,0.1193,0.0,-5507000.0,BALANCED,2.9834
2020-09-04,TMV,TMV,13000.0,51.31,0.0569,-100934000.0,13000.0,0.0,0.1275,13000.0,-5494000.0,BALANCED,15.1875
2020-09-08,TMV,TMV,0.0,50.36,-0.0185,-100934000.0,0.0,0.0,0.1191,13000.0,-5494000.0,BALANCED,12.9763
2020-09-09,TMV,TMV,2539000.0,50.77,0.0081,-98395000.0,2539000.0,0.0,1.6316,2552000.0,-2955000.0,ACCUMULATION,52.7888
2020-09-10,TMV,TMV,0.0,49.99,-0.0154,-98395000.0,0.0,0.0,0.0609,2552000.0,-5420000.0,BALANCED,11.5233
2020-09-11,TMV,TMV,0.0,49.67,-0.0064,-98395000.0,0.0,0.0,0.0609,2552000.0,-5420000.0,BALANCED,11.5233
2020-09-14,TMV,TMV,0.0,49.68,0.0002,-98395000.0,0.0,0.0,0.0609,2539000.0,-5420000.0,BALANCED,11.5233
2020-09-15,TMV,TMV,0.0,50.04,0.0072,-98395000.0,0.0,0.0,0.0609,2539000.0,-5420000.0,BALANCED,11.5233
2020-09-16,TMV,TMV,0.0,50.49,0.009,-98395000.0,0.0,0.0,0.0609,0.0,-5420000.0,BALANCED,1.5233
2020-09-18,TMV,TMV,0.0,50.48,-0.0002,-98395000.0,0.0,0.0,0.0609,0.0,-5420000.0,BALANCED,1.5233
2020-09-21,TMV,TMV,0.0,49.72,-0.0151,-98395000.0,0.0,0.0,0.0609,0.0,-5420000.0,BALANCED,1.5233
2020-09-22,TMV,TMV,0.0,49.83,0.0022,-98395000.0,0.0,0.0,0.0609,0.0,-5420000.0,BALANCED,1.5233
2020-09-23,TMV,TMV,0.0,49.63,-0.004,-98395000.0,0.0,0.0,0.0609,0.0,-5420000.0,BALANCED,1.5233
2020-09-24,TMV,TMV,0.0,49.06,-0.0115,-98395000.0,0.0,0.0,0.0609,0.0,-5420000.0,BALANCED,1.5233
2020-09-25,TMV,TMV,0.0,49.06,0.0,-98395000.0,0.0,0.0,0.1171,0.0,-5420000.0,BALANCED,2.9277
2020-09-28,TMV,TMV,0.0,49.47,0.0084,-98395000.0,0.0,0.0,0.1171,0.0,2552000.0,BALANCED,2.9277
2020-09-29,TMV,TMV,0.0,49.3,-0.0034,-98395000.0,0.0,0.0,0.1171,0.0,2552000.0,BALANCED,2.9277
2020-09-30,TMV,TMV,0.0,50.72,0.0288,-98395000.0,0.0,0.0,0.1171,0.0,2552000.0,BALANCED,2.9277
2020-10-01,TMV,TMV,0.0,50.47,-0.0049,-98395000.0,0.0,0.0,0.1171,0.0,2552000.0,BALANCED,2.9277
2020-10-02,TMV,TMV,0.0,51.03,0.0111,-98395000.0,0.0,0.0,0.1171,0.0,2552000.0,BALANCED,2.9277
2020-10-05,TMV,TMV,0.0,54.02,0.0586,-98395000.0,0.0,0.0,0.1171,0.0,2552000.0,BALANCED,2.9277
2020-10-06,TMV,TMV,2657000.0,53.14,-0.0163,-95738000.0,2657000.0,0.0,1.6893,2657000.0,5196000.0,ACCUMULATION,54.2314
2020-10-07,TMV,TMV,0.0,54.3,0.0218,-95738000.0,0.0,0.0,0.0566,2657000.0,5196000.0,BALANCED,11.4148
2020-10-08,TMV,TMV,0.0,53.42,-0.0162,-95738000.0,0.0,0.0,0.0566,2657000.0,2657000.0,BALANCED,11.4148
2020-10-09,TMV,TMV,0.0,53.45,0.0006,-95738000.0,0.0,0.0,0.0566,2657000.0,2657000.0,BALANCED,11.4148
2020-10-12,TMV,TMV,0.0,53.45,0.0,-95738000.0,0.0,0.0,-0.2634,2657000.0,2657000.0,BALANCED,3.415
2020-10-13,TMV,TMV,0.0,51.78,-0.0312,-95738000.0,0.0,0.0,-0.2634,0.0,2657000.0,BALANCED,-6.585
2020-10-14,TMV,TMV,0.0,51.42,-0.007,-95738000.0,0.0,0.0,-0.2634,0.0,2657000.0,BALANCED,-6.585
2020-10-15,TMV,TMV,0.0,51.69,0.0053,-95738000.0,0.0,0.0,-0.2634,0.0,2657000.0,BALANCED,-6.585
2020-10-16,TMV,TMV,0.0,52.12,0.0083,-95738000.0,0.0,0.0,-0.2634,0.0,2657000.0,BALANCED,-6.585
2020-10-19,TMV,TMV,-2635000.0,52.71,0.0113,-98373000.0,0.0,-2635000.0,-3.2577,-2635000.0,22000.0,DISTRIBUTION,-93.4426
2020-10-20,TMV,TMV,0.0,54.21,0.0285,-98373000.0,0.0,0.0,-0.1022,-2635000.0,22000.0,BALANCED,-12.5552
2020-10-21,TMV,TMV,0.0,54.77,0.0103,-98373000.0,0.0,0.0,-0.1022,-2635000.0,22000.0,BALANCED,-12.5552
2020-10-22,TMV,TMV,0.0,56.48,0.0312,-98373000.0,0.0,0.0,-0.0011,-2635000.0,22000.0,BALANCED,-10.0264
2020-10-23,TMV,TMV,2772000.0,55.44,-0.0184,-95601000.0,2772000.0,0.0,3.1165,137000.0,2794000.0,ACCUMULATION,89.9136
2020-10-26,TMV,TMV,0.0,53.89,-0.028,-95601000.0,0.0,0.0,-0.1083,2772000.0,2794000.0,BALANCED,7.2913
2020-10-27,TMV,TMV,0.0,52.8,-0.0202,-95601000.0,0.0,0.0,-0.1083,2772000.0,2794000.0,BALANCED,7.2913
2020-10-28,TMV,TMV,0.0,52.65,-0.0028,-95601000.0,0.0,0.0,-0.1083,2772000.0,2794000.0,BALANCED,7.2913
2020-10-29,TMV,TMV,0.0,54.18,0.0291,-95601000.0,0.0,0.0,-0.1083,2772000.0,2794000.0,BALANCED,7.2913
2020-10-30,TMV,TMV,0.0,55.78,0.0295,-95601000.0,0.0,0.0,-0.1083,0.0,2794000.0,BALANCED,-2.7087
2020-11-02,TMV,TMV,0.0,54.53,-0.0224,-95601000.0,0.0,0.0,-0.1083,0.0,2794000.0,BALANCED,-2.7087
2020-11-03,TMV,TMV,0.0,55.47,0.0172,-95601000.0,0.0,0.0,-0.1083,0.0,137000.0,BALANCED,-2.7087
2020-11-04,TMV,TMV,0.0,51.86,-0.0651,-95601000.0,0.0,0.0,-0.1083,0.0,137000.0,BALANCED,-2.7087
2020-11-05,TMV,TMV,-2579000.0,51.58,-0.0054,-98180000.0,0.0,-2579000.0,-2.6163,-2579000.0,-2442000.0,DISTRIBUTION,-77.4067
2020-11-06,TMV,TMV,13360000.0,53.44,0.0361,-84820000.0,13360000.0,0.0,4.9066,10781000.0,10918000.0,ACCUMULATION,100.0
2020-11-09,TMV,TMV,-17043000.0,56.81,0.0631,-101863000.0,0.0,-17043000.0,-4.0894,-6262000.0,-6125000.0,DISTRIBUTION,-100.0
2020-11-10,TMV,TMV,0.0,57.79,0.0173,-101863000.0,0.0,0.0,0.0279,-6262000.0,-6125000.0,BALANCED,-9.3018
2020-11-11,TMV,TMV,0.0,57.79,0.0,-101863000.0,0.0,0.0,0.0279,-6262000.0,-6125000.0,BALANCED,-9.3018
2020-11-12,TMV,TMV,0.0,54.2,-0.0621,-101863000.0,0.0,0.0,0.0279,-3683000.0,-6125000.0,BALANCED,-9.3018
2020-11-13,TMV,TMV,10882000.0,54.41,0.0039,-90981000.0,10882000.0,0.0,2.3115,-6161000.0,4757000.0,ACCUMULATION,49.787
2020-11-16,TMV,TMV,0.0,54.8,0.0072,-90981000.0,0.0,0.0,-0.0537,10882000.0,7392000.0,BALANCED,8.6571
2020-11-17,TMV,TMV,0.0,53.73,-0.0195,-90981000.0,0.0,0.0,-0.0346,10882000.0,7392000.0,BALANCED,9.1342
2020-11-18,TMV,TMV,0.0,53.26,-0.0087,-90981000.0,0.0,0.0,-0.0346,10882000.0,7392000.0,BALANCED,9.1342
2020-11-19,TMV,TMV,0.0,52.43,-0.0156,-90981000.0,0.0,0.0,-0.0346,10882000.0,7392000.0,BALANCED,9.1342
2020-11-20,TMV,TMV,0.0,51.04,-0.0265,-90981000.0,0.0,0.0,-0.0346,0.0,4620000.0,BALANCED,-0.8658
2020-11-24,TMV,TMV,7991000.0,53.27,0.0437,-82990000.0,7991000.0,0.0,1.5775,7991000.0,12611000.0,ACCUMULATION,51.4382
2020-11-27,TMV,TMV,-5219000.0,52.19,-0.0203,-88209000.0,0.0,-5219000.0,-1.1151,2772000.0,7392000.0,BALANCED,-19.8767
2020-11-30,TMV,TMV,0.0,52.39,0.0038,-88209000.0,0.0,0.0,-0.0512,2772000.0,7392000.0,BALANCED,8.721
2020-12-01,TMV,TMV,0.0,54.7,0.0441,-88209000.0,0.0,0.0,-0.0512,2772000.0,7392000.0,BALANCED,8.721
2020-12-02,TMV,TMV,0.0,56.0,0.0238,-88209000.0,0.0,0.0,-0.0512,2772000.0,7392000.0,BALANCED,8.721
2020-12-03,TMV,TMV,0.0,54.64,-0.0243,-88209000.0,0.0,0.0,-0.0695,-5219000.0,7392000.0,BALANCED,-11.7372
2020-12-04,TMV,TMV,0.0,57.04,0.0439,-88209000.0,0.0,0.0,-0.0695,0.0,7392000.0,BALANCED,-1.7372
2020-12-09,TMV,TMV,5525000.0,55.25,-0.0314,-82684000.0,5525000.0,0.0,1.0073,5525000.0,12917000.0,BALANCED,37.1823
2020-12-10,TMV,TMV,0.0,53.78,-0.0266,-82684000.0,0.0,0.0,-0.1053,5525000.0,15496000.0,BALANCED,7.3672
2020-12-11,TMV,TMV,0.0,53.2,-0.0108,-82684000.0,0.0,0.0,-0.087,5525000.0,2136000.0,BALANCED,7.8247
2020-12-14,TMV,TMV,0.0,53.64,0.0083,-82684000.0,0.0,0.0,-0.087,5525000.0,19179000.0,BALANCED,7.8247
2020-12-15,TMV,TMV,0.0,54.18,0.0101,-82684000.0,0.0,0.0,-0.087,5525000.0,19179000.0,BALANCED,7.8247
2020-12-16,TMV,TMV,2731000.0,54.61,0.0079,-79953000.0,2731000.0,0.0,0.445,2731000.0,21910000.0,BALANCED,23.1245
2020-12-17,TMV,TMV,0.0,55.04,0.0079,-79953000.0,0.0,0.0,-0.1051,2731000.0,21910000.0,BALANCED,7.3737
2020-12-18,TMV,TMV,0.0,55.53,0.0089,-79953000.0,0.0,0.0,-0.1051,2731000.0,11028000.0,BALANCED,7.3737
2020-12-21,TMV,TMV,2744000.0,54.87,-0.0119,-77209000.0,2744000.0,0.0,0.4279,5475000.0,13772000.0,BALANCED,22.6964
2020-12-22,TMV,TMV,0.0,54.02,-0.0155,-77209000.0,0.0,0.0,-0.1231,5475000.0,13772000.0,BALANCED,6.9227
2020-12-23,TMV,TMV,0.0,55.13,0.0205,-77209000.0,0.0,0.0,-0.1231,2744000.0,13772000.0,BALANCED,6.9227
2020-12-24,TMV,TMV,0.0,54.47,-0.012,-77209000.0,0.0,0.0,-0.1413,2744000.0,13772000.0,BALANCED,6.4664
2020-12-28,TMV,TMV,0.0,54.4,-0.0013,-77209000.0,0.0,0.0,-0.0586,2744000.0,13772000.0,BALANCED,8.535
2020-12-29,TMV,TMV,0.0,54.61,0.0039,-77209000.0,0.0,0.0,-0.2888,0.0,5781000.0,BALANCED,-7.2209
2020-12-30,TMV,TMV,2713000.0,54.25,-0.0066,-74496000.0,2713000.0,0.0,0.6294,2713000.0,13713000.0,BALANCED,27.7339
2021-01-04,TMV,TMV,0.0,54.2,-0.0009,-74496000.0,0.0,0.0,-0.3188,2713000.0,13713000.0,BALANCED,2.0295
2021-01-05,TMV,TMV,0.0,55.41,0.0223,-74496000.0,0.0,0.0,-0.3188,2713000.0,13713000.0,BALANCED,2.0295
2021-01-06,TMV,TMV,0.0,58.82,0.0615,-74496000.0,0.0,0.0,-0.2548,2713000.0,13713000.0,BALANCED,3.6308
2021-01-07,TMV,TMV,0.0,60.37,0.0264,-74496000.0,0.0,0.0,-0.2548,2713000.0,13713000.0,BALANCED,3.6308
2021-01-08,TMV,TMV,0.0,60.95,0.0096,-74496000.0,0.0,0.0,-0.2548,0.0,13713000.0,BALANCED,-6.3692
2021-01-11,TMV,TMV,-12250000.0,61.25,0.0049,-86746000.0,0.0,-12250000.0,-3.8954,-12250000.0,-4062000.0,DISTRIBUTION,-100.0
2021-01-12,TMV,TMV,6139000.0,61.39,0.0023,-80607000.0,6139000.0,0.0,1.7222,-6111000.0,2077000.0,ACCUMULATION,35.0561
2021-01-13,TMV,TMV,0.0,59.31,-0.0339,-80607000.0,0.0,0.0,-0.1028,-6111000.0,2077000.0,BALANCED,-12.57
2021-01-14,TMV,TMV,0.0,60.98,0.0282,-80607000.0,0.0,0.0,-0.0261,-6111000.0,2077000.0,BALANCED,-10.6536
2021-01-15,TMV,TMV,0.0,60.25,-0.012,-80607000.0,0.0,0.0,-0.0883,-6111000.0,2077000.0,BALANCED,-12.2081
2021-01-19,TMV,TMV,0.0,59.67,-0.0096,-80607000.0,0.0,0.0,-0.0883,6139000.0,-654000.0,BALANCED,7.7919
2021-01-20,TMV,TMV,0.0,59.5,-0.0028,-80607000.0,0.0,0.0,-0.0883,0.0,-654000.0,BALANCED,-2.2081
2021-01-21,TMV,TMV,0.0,60.75,0.021,-80607000.0,0.0,0.0,-0.0883,0.0,-654000.0,BALANCED,-2.2081
2021-01-22,TMV,TMV,3008000.0,60.16,-0.0097,-77599000.0,3008000.0,0.0,0.9115,3008000.0,-390000.0,BALANCED,34.7876
2021-01-25,TMV,TMV,0.0,58.03,-0.0354,-77599000.0,0.0,0.0,-0.1214,3008000.0,-390000.0,BALANCED,6.9638
2021-01-26,TMV,TMV,0.0,58.36,0.0057,-77599000.0,0.0,0.0,-0.0618,3008000.0,-390000.0,BALANCED,8.4555
2021-01-27,TMV,TMV,5791000.0,57.91,-0.0077,-71808000.0,5791000.0,0.0,1.8535,8799000.0,5401000.0,ACCUMULATION,58.3387
2021-01-28,TMV,TMV,0.0,58.87,0.0166,-71808000.0,0.0,0.0,-0.1238,8799000.0,5401000.0,BALANCED,6.9053
2021-01-29,TMV,TMV,0.0,59.92,0.0178,-71808000.0,0.0,0.0,-0.1238,5791000.0,5401000.0,BALANCED,6.9053
2021-02-01,TMV,TMV,0.0,59.71,-0.0035,-71808000.0,0.0,0.0,-0.1238,5791000.0,2688000.0,BALANCED,6.9053
2021-02-02,TMV,TMV,0.0,60.87,0.0194,-71808000.0,0.0,0.0,-0.0938,5791000.0,2688000.0,BALANCED,7.6553
2021-02-03,TMV,TMV,0.0,62.48,0.0264,-71808000.0,0.0,0.0,-0.0938,0.0,2688000.0,BALANCED,-2.3447
2021-02-04,TMV,TMV,-6298000.0,62.98,0.008,-78106000.0,0.0,-6298000.0,-2.0294,-6298000.0,-3610000.0,DISTRIBUTION,-62.736
2021-02-05,TMV,TMV,12912000.0,64.56,0.0251,-65194000.0,12912000.0,0.0,3.2147,6614000.0,9302000.0,ACCUMULATION,92.3682
2021-02-08,TMV,TMV,0.0,63.71,-0.0132,-65194000.0,0.0,0.0,-0.1029,6614000.0,9302000.0,BALANCED,7.4274
2021-02-09,TMV,TMV,3178000.0,63.56,-0.0024,-62016000.0,3178000.0,0.0,0.6809,9792000.0,24730000.0,BALANCED,29.0217
2021-02-10,TMV,TMV,3115000.0,62.29,-0.02,-58901000.0,3115000.0,0.0,0.6339,12907000.0,21706000.0,BALANCED,29.8486
2021-02-11,TMV,TMV,0.0,63.31,0.0164,-58901000.0,0.0,0.0,-0.1545,19205000.0,21706000.0,BALANCED,6.1386
2021-02-12,TMV,TMV,6567000.0,65.67,0.0373,-52334000.0,6567000.0,0.0,1.4011,12860000.0,28273000.0,BALANCED,47.0266
2021-02-16,TMV,TMV,0.0,68.66,0.0455,-52334000.0,0.0,0.0,-0.181,12860000.0,28273000.0,BALANCED,5.4759
2021-02-17,TMV,TMV,-20205000.0,67.35,-0.0191,-72539000.0,0.0,-20205000.0,-3.623,-10523000.0,8068000.0,DISTRIBUTION,-100.0
2021-02-18,TMV,TMV,0.0,68.17,0.0122,-72539000.0,0.0,0.0,-0.0117,-13638000.0,8068000.0,BALANCED,-10.2915
2021-02-19,TMV,TMV,7088000.0,70.88,0.0398,-65451000.0,7088000.0,0.0,1.1824,-6550000.0,15156000.0,BALANCED,21.5592
2021-02-22,TMV,TMV,3625000.0,72.49,0.0227,-61826000.0,3625000.0,0.0,0.5549,-9492000.0,15773000.0,BALANCED,7.8733
2021-02-23,TMV,TMV,-7312000.0,73.12,0.0087,-69138000.0,0.0,-7312000.0,-1.2607,-16804000.0,8461000.0,BALANCED,-43.5176
2021-02-24,TMV,TMV,7456000.0,74.56,0.0197,-61682000.0,7456000.0,0.0,1.1823,10857000.0,15917000.0,BALANCED,41.5578
2021-02-25,TMV,TMV,19550000.0,78.2,0.0488,-42132000.0,19550000.0,0.0,2.8102,30407000.0,29676000.0,ACCUMULATION,84.2543
2021-02-26,TMV,TMV,7043000.0,70.43,-0.0994,-35089000.0,7043000.0,0.0,0.8399,30362000.0,36719000.0,BALANCED,36.9967
2021-03-03,TMV,TMV,18893000.0,75.57,0.073,-16196000.0,18893000.0,0.0,2.2957,45630000.0,55612000.0,ACCUMULATION,75.3933
2021-03-04,TMV,TMV,0.0,77.03,0.0193,-16196000.0,0.0,0.0,-0.2943,52942000.0,55612000.0,BALANCED,2.6415
2021-03-05,TMV,TMV,0.0,76.57,-0.006,-16196000.0,0.0,0.0,-0.2943,45486000.0,55612000.0,BALANCED,2.6415
2021-03-08,TMV,TMV,0.0,78.35,0.0232,-16196000.0,0.0,0.0,-0.2943,25936000.0,55612000.0,BALANCED,2.6415
2021-03-09,TMV,TMV,0.0,75.09,-0.0416,-16196000.0,0.0,0.0,-0.2943,18893000.0,61910000.0,BALANCED,2.6415
2021-03-10,TMV,TMV,7464000.0,74.64,-0.006,-8732000.0,7464000.0,0.0,0.7025,7464000.0,56462000.0,BALANCED,29.5615
2021-03-11,TMV,TMV,-19062000.0,76.25,0.0216,-27794000.0,0.0,-19062000.0,-2.4899,-11598000.0,37400000.0,DISTRIBUTION,-74.2473
2021-03-12,TMV,TMV,0.0,81.09,0.0635,-27794000.0,0.0,0.0,-0.1995,-11598000.0,34222000.0,BALANCED,-14.987
2021-03-15,TMV,TMV,0.0,79.66,-0.0176,-27794000.0,0.0,0.0,-0.177,-11598000.0,31107000.0,BALANCED,-14.4241
2021-03-16,TMV,TMV,0.0,80.61,0.0119,-27794000.0,0.0,0.0,-0.177,-11598000.0,31107000.0,BALANCED,-14.4241
2021-03-17,TMV,TMV,0.0,82.42,0.0225,-27794000.0,0.0,0.0,-0.177,-19062000.0,24540000.0,BALANCED,-14.4241
2021-03-18,TMV,TMV,0.0,84.92,0.0303,-27794000.0,0.0,0.0,-0.177,0.0,24540000.0,BALANCED,-4.4241
2021-03-19,TMV,TMV,0.0,83.33,-0.0187,-27794000.0,0.0,0.0,-0.177,0.0,44745000.0,BALANCED,-4.4241
2021-03-22,TMV,TMV,0.0,80.52,-0.0337,-27794000.0,0.0,0.0,-0.177,0.0,44745000.0,BALANCED,-4.4241
2021-03-23,TMV,TMV,3917000.0,78.34,-0.0271,-23877000.0,3917000.0,0.0,0.2582,3917000.0,41574000.0,BALANCED,18.455
2021-03-24,TMV,TMV,0.0,77.07,-0.0162,-23877000.0,0.0,0.0,-0.1743,3917000.0,37949000.0,BALANCED,5.6416
2021-03-25,TMV,TMV,0.0,78.89,0.0236,-23877000.0,0.0,0.0,-0.1743,3917000.0,45261000.0,BALANCED,5.6416
2021-03-26,TMV,TMV,0.0,79.71,0.0104,-23877000.0,0.0,0.0,-0.161,3917000.0,37805000.0,BALANCED,5.975
2021-03-29,TMV,TMV,4087000.0,81.73,0.0253,-19790000.0,4087000.0,0.0,0.352,8004000.0,22342000.0,BALANCED,20.8011
2021-03-30,TMV,TMV,0.0,80.44,-0.0158,-19790000.0,0.0,0.0,-0.1649,4087000.0,15299000.0,BALANCED,5.8775
2021-03-31,TMV,TMV,0.0,81.79,0.0168,-19790000.0,0.0,0.0,-0.1383,4087000.0,-3594000.0,BALANCED,6.5435
2021-04-01,TMV,TMV,-7771000.0,77.71,-0.0499,-27561000.0,0.0,-7771000.0,-1.0733,-3684000.0,-11365000.0,BALANCED,-38.8325
2021-04-05,TMV,TMV,19683000.0,78.73,0.0131,-7878000.0,19683000.0,0.0,2.2754,15999000.0,8318000.0,ACCUMULATION,68.8858
2021-04-06,TMV,TMV,0.0,77.12,-0.0204,-7878000.0,0.0,0.0,-0.2798,11912000.0,8318000.0,BALANCED,3.0048
2021-04-07,TMV,TMV,0.0,78.73,0.0209,-7878000.0,0.0,0.0,-0.2507,11912000.0,8318000.0,BALANCED,3.7326
2021-04-08,TMV,TMV,0.0,76.77,-0.0249,-7878000.0,0.0,0.0,-0.2349,11912000.0,854000.0,BALANCED,4.1278
2021-04-09,TMV,TMV,7760000.0,77.6,0.0108,-118000.0,7760000.0,0.0,0.7249,27443000.0,27676000.0,BALANCED,30.1232
2021-04-12,TMV,TMV,0.0,77.7,0.0013,-118000.0,0.0,0.0,-0.2744,7760000.0,27676000.0,BALANCED,3.1391
2021-04-13,TMV,TMV,0.0,75.95,-0.0225,-118000.0,0.0,0.0,-0.2086,7760000.0,27676000.0,BALANCED,4.7845
2021-04-14,TMV,TMV,0.0,76.67,0.0095,-118000.0,0.0,0.0,-0.1758,7760000.0,27676000.0,BALANCED,5.6054
2021-04-15,TMV,TMV,0.0,72.82,-0.0502,-118000.0,0.0,0.0,-0.0936,7760000.0,27676000.0,BALANCED,7.6597
2021-04-16,TMV,TMV,0.0,74.5,0.0231,-118000.0,0.0,0.0,-0.0936,0.0,27676000.0,BALANCED,-2.3403
2021-04-19,TMV,TMV,0.0,75.14,0.0086,-118000.0,0.0,0.0,-0.0936,0.0,27676000.0,BALANCED,-2.3403
2021-04-20,TMV,TMV,0.0,74.1,-0.0138,-118000.0,0.0,0.0,-0.0936,0.0,27676000.0,BALANCED,-2.3403
2021-04-21,TMV,TMV,0.0,73.65,-0.0061,-118000.0,0.0,0.0,-0.0936,0.0,23759000.0,BALANCED,-2.3403
2021-04-22,TMV,TMV,0.0,72.68,-0.0132,-118000.0,0.0,0.0,-0.0515,0.0,23759000.0,BALANCED,-1.2879
2021-04-23,TMV,TMV,0.0,73.19,0.007,-118000.0,0.0,0.0,-0.219,0.0,23759000.0,BALANCED,-5.4753
2021-04-26,TMV,TMV,0.0,73.5,0.0042,-118000.0,0.0,0.0,-0.219,0.0,23759000.0,BALANCED,-5.4753
2021-04-27,TMV,TMV,0.0,75.42,0.0261,-118000.0,0.0,0.0,-0.219,0.0,19672000.0,BALANCED,-5.4753
2021-04-28,TMV,TMV,0.0,75.27,-0.002,-118000.0,0.0,0.0,-0.219,0.0,19672000.0,BALANCED,-5.4753
2021-04-29,TMV,TMV,7593000.0,75.93,0.0088,7475000.0,7593000.0,0.0,1.4653,7593000.0,27265000.0,BALANCED,48.6316
2021-04-30,TMV,TMV,0.0,75.4,-0.007,7475000.0,0.0,0.0,-0.2684,7593000.0,35036000.0,BALANCED,3.2893
2021-05-03,TMV,TMV,0.0,75.26,-0.0019,7475000.0,0.0,0.0,-0.2684,7593000.0,15353000.0,BALANCED,3.2893
2021-05-04,TMV,TMV,0.0,73.73,-0.0203,7475000.0,0.0,0.0,-0.2684,7593000.0,15353000.0,BALANCED,3.2893
2021-05-05,TMV,TMV,0.0,73.36,-0.005,7475000.0,0.0,0.0,-0.2401,7593000.0,15353000.0,BALANCED,3.9986
2021-05-06,TMV,TMV,3650000.0,73.0,-0.0049,11125000.0,3650000.0,0.0,0.5677,3650000.0,19003000.0,BALANCED,26.1928
2021-05-07,TMV,TMV,0.0,74.07,0.0147,11125000.0,0.0,0.0,-0.2667,3650000.0,11243000.0,BALANCED,3.3317
2021-05-10,TMV,TMV,3816000.0,76.32,0.0304,14941000.0,3816000.0,0.0,0.5739,7466000.0,15059000.0,BALANCED,26.3478
2021-05-11,TMV,TMV,7761000.0,77.61,0.0169,22702000.0,7761000.0,0.0,1.4023,15227000.0,22820000.0,BALANCED,49.0584
2021-05-12,TMV,TMV,0.0,80.05,0.0314,22702000.0,0.0,0.0,-0.3131,15227000.0,22820000.0,BALANCED,2.1734
2021-05-13,TMV,TMV,0.0,79.67,-0.0047,22702000.0,0.0,0.0,-0.3131,11577000.0,22820000.0,BALANCED,2.1734
2021-05-14,TMV,TMV,0.0,77.43,-0.0281,22702000.0,0.0,0.0,-0.3998,11577000.0,22820000.0,BALANCED,0.0041
2021-05-17,TMV,TMV,0.0,77.92,0.0063,22702000.0,0.0,0.0,-0.4152,7761000.0,22820000.0,BALANCED,-0.3792
2021-05-18,TMV,TMV,3926000.0,78.51,0.0076,26628000.0,3926000.0,0.0,1.1089,3926000.0,26746000.0,BALANCED,39.7226
2021-05-19,TMV,TMV,0.0,79.08,0.0073,26628000.0,0.0,0.0,-0.4595,3926000.0,26746000.0,BALANCED,-1.4873
2021-05-20,TMV,TMV,0.0,77.12,-0.0248,26628000.0,0.0,0.0,-0.4595,3926000.0,26746000.0,BALANCED,-1.4873
2021-05-21,TMV,TMV,0.0,76.36,-0.0099,26628000.0,0.0,0.0,-0.4097,3926000.0,26746000.0,BALANCED,-0.2419
2021-05-24,TMV,TMV,0.0,75.51,-0.0111,26628000.0,0.0,0.0,-0.4097,3926000.0,26746000.0,BALANCED,-0.2419
2021-05-25,TMV,TMV,0.0,73.41,-0.0278,26628000.0,0.0,0.0,-0.4097,0.0,26746000.0,BALANCED,-10.2419
2021-05-26,TMV,TMV,22134000.0,73.78,0.005,48762000.0,22134000.0,0.0,4.6191,22134000.0,48880000.0,ACCUMULATION,100.0
2021-05-27,TMV,TMV,11201000.0,74.67,0.0121,59963000.0,11201000.0,0.0,1.9336,33335000.0,52488000.0,ACCUMULATION,62.3411
2021-05-28,TMV,TMV,-14728000.0,73.64,-0.0138,45235000.0,0.0,-14728000.0,-2.8756,18607000.0,37760000.0,DISTRIBUTION,-63.89
2021-06-01,TMV,TMV,0.0,75.01,0.0186,45235000.0,0.0,0.0,-0.2677,18607000.0,37760000.0,BALANCED,3.3077
2021-06-02,TMV,TMV,0.0,74.49,-0.0069,45235000.0,0.0,0.0,-0.2677,18607000.0,37760000.0,BALANCED,3.3077
2021-06-03,TMV,TMV,3766000.0,75.32,0.0111,49001000.0,3766000.0,0.0,0.3765,239000.0,41526000.0,BALANCED,21.4115
2021-06-04,TMV,TMV,0.0,72.21,-0.0413,49001000.0,0.0,0.0,-0.2896,-10962000.0,37876000.0,BALANCED,-17.2389
2021-06-07,TMV,TMV,0.0,72.87,0.0091,49001000.0,0.0,0.0,-0.2896,3766000.0,37876000.0,BALANCED,2.7611
2021-06-08,TMV,TMV,0.0,71.33,-0.0211,49001000.0,0.0,0.0,-0.2896,3766000.0,34060000.0,BALANCED,2.7611
2021-06-09,TMV,TMV,17358000.0,69.43,-0.0266,66359000.0,17358000.0,0.0,2.3925,21124000.0,43657000.0,ACCUMULATION,71.8118
2021-06-10,TMV,TMV,6818000.0,68.18,-0.018,73177000.0,6818000.0,0.0,0.6869,24176000.0,50475000.0,BALANCED,31.1723
2021-06-11,TMV,TMV,0.0,68.5,0.0047,73177000.0,0.0,0.0,-0.3472,24176000.0,50475000.0,BALANCED,1.3201
2021-06-14,TMV,TMV,3504000.0,70.07,0.0229,76681000.0,3504000.0,0.0,0.1901,27680000.0,53979000.0,BALANCED,16.7518
2021-06-15,TMV,TMV,0.0,70.31,0.0034,76681000.0,0.0,0.0,-0.3663,27680000.0,53979000.0,BALANCED,0.8434
2021-06-16,TMV,TMV,7049000.0,70.49,0.0026,83730000.0,7049000.0,0.0,0.7108,17371000.0,57102000.0,BALANCED,29.7708
2021-06-17,TMV,TMV,3366000.0,67.32,-0.045,87096000.0,3366000.0,0.0,0.1126,13919000.0,60468000.0,BALANCED,16.8146
2021-06-18,TMV,TMV,0.0,63.5,-0.0567,87096000.0,0.0,0.0,-0.3995,13919000.0,60468000.0,BALANCED,0.0131
2021-06-21,TMV,TMV,6668000.0,66.68,0.0501,93764000.0,6668000.0,0.0,0.6149,17083000.0,67136000.0,BALANCED,27.3726
2021-06-22,TMV,TMV,0.0,66.19,-0.0073,93764000.0,0.0,0.0,-0.4118,17083000.0,67136000.0,BALANCED,-0.295
2021-06-23,TMV,TMV,3335000.0,66.69,0.0076,97099000.0,3335000.0,0.0,0.1356,13369000.0,70471000.0,BALANCED,15.3888
2021-06-24,TMV,TMV,0.0,66.37,-0.0048,97099000.0,0.0,0.0,-0.3931,10003000.0,48337000.0,BALANCED,0.1721
2021-06-25,TMV,TMV,-3421000.0,68.42,0.0309,93678000.0,0.0,-3421000.0,-0.9063,6582000.0,33715000.0,BALANCED,-14.6575
2021-06-28,TMV,TMV,0.0,66.31,-0.0308,93678000.0,0.0,0.0,-0.3705,-86000.0,48443000.0,BALANCED,-19.2632
2021-06-29,TMV,TMV,0.0,65.97,-0.0051,93678000.0,0.0,0.0,-0.3705,-86000.0,48443000.0,BALANCED,-19.2632
2021-06-30,TMV,TMV,0.0,65.08,-0.0135,93678000.0,0.0,0.0,-0.3496,-3421000.0,48443000.0,BALANCED,-18.741
2021-07-01,TMV,TMV,0.0,65.07,-0.0002,93678000.0,0.0,0.0,-0.3496,-3421000.0,44677000.0,BALANCED,-18.741
2021-07-02,TMV,TMV,0.0,64.05,-0.0157,93678000.0,0.0,0.0,-0.3496,0.0,44677000.0,BALANCED,-8.741
2021-07-06,TMV,TMV,0.0,61.62,-0.0379,93678000.0,0.0,0.0,-0.3496,0.0,44677000.0,BALANCED,-8.741
2021-07-07,TMV,TMV,0.0,59.97,-0.0268,93678000.0,0.0,0.0,-0.3496,0.0,44677000.0,BALANCED,-8.741
2021-07-08,TMV,TMV,0.0,59.26,-0.0118,93678000.0,0.0,0.0,-0.3496,0.0,27319000.0,BALANCED,-8.741
2021-07-09,TMV,TMV,0.0,61.75,0.042,93678000.0,0.0,0.0,-0.2891,0.0,20501000.0,BALANCED,-7.228
2021-07-12,TMV,TMV,-3099000.0,61.99,0.0039,90579000.0,0.0,-3099000.0,-0.8398,-3099000.0,17402000.0,BALANCED,-32.9949
2021-07-13,TMV,TMV,0.0,63.4,0.0227,90579000.0,0.0,0.0,-0.3864,-3099000.0,13898000.0,BALANCED,-19.6612
2021-07-14,TMV,TMV,0.0,61.24,-0.0341,90579000.0,0.0,0.0,-0.3864,-3099000.0,13898000.0,BALANCED,-19.6612
2021-07-15,TMV,TMV,0.0,59.21,-0.0331,90579000.0,0.0,0.0,-0.3864,-3099000.0,6849000.0,BALANCED,-19.6612
2021-07-16,TMV,TMV,0.0,59.53,0.0054,90579000.0,0.0,0.0,-0.3557,-3099000.0,3483000.0,BALANCED,-18.8917
2021-07-19,TMV,TMV,5561000.0,55.61,-0.0658,96140000.0,5561000.0,0.0,1.0074,5561000.0,9044000.0,BALANCED,37.1858
2021-07-20,TMV,TMV,2861000.0,57.22,0.029,99001000.0,2861000.0,0.0,0.3019,8422000.0,5237000.0,BALANCED,21.5484
2021-07-21,TMV,TMV,11878000.0,59.39,0.0379,110879000.0,11878000.0,0.0,2.2527,20300000.0,17115000.0,ACCUMULATION,72.3187
2021-07-22,TMV,TMV,0.0,57.7,-0.0285,110879000.0,0.0,0.0,-0.4533,20300000.0,13780000.0,BALANCED,-1.3326
2021-07-23,TMV,TMV,2943000.0,58.85,0.0199,113822000.0,2943000.0,0.0,0.5075,23243000.0,16723000.0,BALANCED,24.688
2021-07-26,TMV,TMV,0.0,59.37,0.0088,113822000.0,0.0,0.0,-0.433,17682000.0,20144000.0,BALANCED,-0.8239
2021-07-27,TMV,TMV,0.0,57.46,-0.0322,113822000.0,0.0,0.0,-0.3979,14821000.0,20144000.0,BALANCED,0.0532
2021-07-28,TMV,TMV,0.0,57.45,-0.0002,113822000.0,0.0,0.0,-0.3979,2943000.0,20144000.0,BALANCED,0.0532
2021-07-29,TMV,TMV,0.0,58.4,0.0165,113822000.0,0.0,0.0,-0.3438,2943000.0,20144000.0,BALANCED,1.4057
2021-07-30,TMV,TMV,0.0,57.57,-0.0142,113822000.0,0.0,0.0,-0.3084,0.0,20144000.0,BALANCED,-7.7108
2021-08-02,TMV,TMV,0.0,56.03,-0.0268,113822000.0,0.0,0.0,-0.3084,0.0,20144000.0,BALANCED,-7.7108
2021-08-06,TMV,TMV,0.0,59.26,0.0576,113822000.0,0.0,0.0,-0.2497,0.0,20144000.0,BALANCED,-6.2431
2021-08-10,TMV,TMV,0.0,60.72,0.0246,113822000.0,0.0,0.0,-0.2497,0.0,20144000.0,BALANCED,-6.2431
2021-08-11,TMV,TMV,3041000.0,60.82,0.0016,116863000.0,3041000.0,0.0,0.893,3041000.0,23185000.0,BALANCED,34.3239
2021-08-12,TMV,TMV,6112000.0,61.12,0.0049,122975000.0,6112000.0,0.0,1.8462,9153000.0,29297000.0,ACCUMULATION,60.156
2021-08-13,TMV,TMV,5822000.0,58.22,-0.0474,128797000.0,5822000.0,0.0,1.6242,14975000.0,38218000.0,ACCUMULATION,56.6039
2021-08-16,TMV,TMV,0.0,57.79,-0.0074,128797000.0,0.0,0.0,-0.4088,14975000.0,38218000.0,BALANCED,-0.219
2021-08-17,TMV,TMV,5786000.0,57.86,0.0012,134583000.0,5786000.0,0.0,1.4866,20761000.0,44004000.0,BALANCED,49.164
2021-08-18,TMV,TMV,0.0,57.27,-0.0102,134583000.0,0.0,0.0,-0.4583,17720000.0,44004000.0,BALANCED,-1.458
2021-08-19,TMV,TMV,0.0,56.0,-0.0222,134583000.0,0.0,0.0,-0.4583,11608000.0,44004000.0,BALANCED,-1.458
2021-08-20,TMV,TMV,0.0,55.88,-0.0021,134583000.0,0.0,0.0,-0.4583,5786000.0,38443000.0,BALANCED,-1.458
2021-08-26,TMV,TMV,0.0,58.23,0.0421,134583000.0,0.0,0.0,-0.4583,5786000.0,35582000.0,BALANCED,-1.458
2021-08-27,TMV,TMV,0.0,57.03,-0.0206,134583000.0,0.0,0.0,-0.4583,0.0,23704000.0,BALANCED,-11.458
2021-08-30,TMV,TMV,0.0,56.58,-0.0079,134583000.0,0.0,0.0,-0.4583,0.0,23704000.0,BALANCED,-11.458
2021-08-31,TMV,TMV,2887000.0,57.74,0.0205,137470000.0,2887000.0,0.0,0.4796,2887000.0,23648000.0,BALANCED,23.9896
2021-09-01,TMV,TMV,0.0,57.44,-0.0052,137470000.0,0.0,0.0,-0.5457,2887000.0,23648000.0,BALANCED,-3.6436
2021-09-02,TMV,TMV,0.0,56.69,-0.0131,137470000.0,0.0,0.0,-0.5457,2887000.0,23648000.0,BALANCED,-3.6436
2021-09-03,TMV,TMV,0.0,58.23,0.0272,137470000.0,0.0,0.0,-0.5457,2887000.0,23648000.0,BALANCED,-3.6436
2021-09-07,TMV,TMV,2985000.0,59.7,0.0252,140455000.0,2985000.0,0.0,0.4624,5872000.0,26633000.0,BALANCED,23.5612
2021-09-08,TMV,TMV,-5847000.0,58.47,-0.0206,134608000.0,0.0,-5847000.0,-2.3145,-2862000.0,20786000.0,DISTRIBUTION,-69.8622
2021-09-09,TMV,TMV,0.0,56.35,-0.0363,134608000.0,0.0,0.0,-0.4171,-2862000.0,20786000.0,BALANCED,-20.4287
2021-09-10,TMV,TMV,2892000.0,57.83,0.0263,137500000.0,2892000.0,0.0,0.5232,30000.0,23678000.0,BALANCED,25.0812
2021-09-13,TMV,TMV,2839000.0,56.77,-0.0183,140339000.0,2839000.0,0.0,0.7868,2869000.0,26517000.0,BALANCED,33.6688
2021-09-14,TMV,TMV,0.0,54.71,-0.0363,140339000.0,0.0,0.0,-0.416,-116000.0,23476000.0,BALANCED,-20.401
2021-09-15,TMV,TMV,2764000.0,55.28,0.0104,143103000.0,2764000.0,0.0,0.7591,8495000.0,20128000.0,BALANCED,30.977
2021-09-16,TMV,TMV,2802000.0,56.03,0.0136,145905000.0,2802000.0,0.0,0.7308,11297000.0,17108000.0,BALANCED,32.2691
2021-09-17,TMV,TMV,0.0,56.83,0.0143,145905000.0,0.0,0.0,-0.4511,8405000.0,17108000.0,BALANCED,-1.2767
2021-09-20,TMV,TMV,0.0,54.72,-0.0371,145905000.0,0.0,0.0,-0.4511,5566000.0,11322000.0,BALANCED,-1.2767
2021-09-21,TMV,TMV,0.0,54.85,0.0024,145905000.0,0.0,0.0,-0.4511,5566000.0,11322000.0,BALANCED,-1.2767
2021-09-22,TMV,TMV,0.0,53.87,-0.0179,145905000.0,0.0,0.0,-0.4511,2802000.0,11322000.0,BALANCED,-1.2767
2021-09-23,TMV,TMV,0.0,57.52,0.0678,145905000.0,0.0,0.0,-0.4511,0.0,11322000.0,BALANCED,-11.2767
2021-09-24,TMV,TMV,2960000.0,59.2,0.0292,148865000.0,2960000.0,0.0,0.7509,2960000.0,14282000.0,BALANCED,30.772
2021-09-27,TMV,TMV,0.0,59.85,0.011,148865000.0,0.0,0.0,-0.4895,2960000.0,14282000.0,BALANCED,-2.237
2021-09-28,TMV,TMV,0.0,62.64,0.0466,148865000.0,0.0,0.0,-0.4504,2960000.0,14282000.0,BALANCED,-1.259
2021-09-29,TMV,TMV,0.0,62.31,-0.0053,148865000.0,0.0,0.0,-0.3969,2960000.0,11395000.0,BALANCED,0.0787
2021-09-30,TMV,TMV,0.0,62.33,0.0003,148865000.0,0.0,0.0,-0.3401,2960000.0,11395000.0,BALANCED,1.4965
2021-10-01,TMV,TMV,0.0,60.75,-0.0253,148865000.0,0.0,0.0,-0.3401,0.0,11395000.0,BALANCED,-8.5035
2021-10-04,TMV,TMV,3061000.0,61.22,0.0077,151926000.0,3061000.0,0.0,1.3982,3061000.0,14456000.0,BALANCED,46.9543
2021-10-08,TMV,TMV,0.0,65.19,0.0648,151926000.0,0.0,0.0,-0.3255,3061000.0,11471000.0,BALANCED,1.8615
2021-10-11,TMV,TMV,0.0,65.19,0.0,151926000.0,0.0,0.0,-0.3255,3061000.0,17318000.0,BALANCED,1.8615
2021-10-12,TMV,TMV,6235000.0,62.35,-0.0436,158161000.0,6235000.0,0.0,2.6586,9296000.0,23553000.0,ACCUMULATION,78.4656
2021-10-13,TMV,TMV,0.0,60.52,-0.0294,158161000.0,0.0,0.0,-0.3835,9296000.0,20661000.0,BALANCED,0.4135
2021-10-14,TMV,TMV,2992000.0,59.84,-0.0112,161153000.0,2992000.0,0.0,1.0114,9227000.0,20814000.0,BALANCED,37.2855
2021-10-15,TMV,TMV,0.0,60.88,0.0174,161153000.0,0.0,0.0,-0.4253,9227000.0,20814000.0,BALANCED,-0.632
2021-10-18,TMV,TMV,0.0,60.03,-0.014,161153000.0,0.0,0.0,-0.3845,9227000.0,18050000.0,BALANCED,0.3886
2021-10-19,TMV,TMV,0.0,62.51,0.0413,161153000.0,0.0,0.0,-0.3845,2992000.0,15248000.0,BALANCED,0.3886
2021-10-20,TMV,TMV,0.0,63.77,0.0202,161153000.0,0.0,0.0,-0.3845,2992000.0,15248000.0,BALANCED,0.3886
2021-10-21,TMV,TMV,0.0,63.99,0.0034,161153000.0,0.0,0.0,-0.3845,0.0,15248000.0,BALANCED,-9.6114
2021-10-22,TMV,TMV,0.0,61.87,-0.0331,161153000.0,0.0,0.0,-0.3423,0.0,15248000.0,BALANCED,-8.5587
2021-10-25,TMV,TMV,0.0,62.15,0.0045,161153000.0,0.0,0.0,-0.5525,0.0,15248000.0,BALANCED,-13.812
2021-10-26,TMV,TMV,0.0,60.61,-0.0248,161153000.0,0.0,0.0,-0.5525,0.0,15248000.0,BALANCED,-13.812
2021-10-27,TMV,TMV,0.0,57.3,-0.0546,161153000.0,0.0,0.0,-0.5044,0.0,12288000.0,BALANCED,-12.6096
2021-10-28,TMV,TMV,0.0,57.87,0.0099,161153000.0,0.0,0.0,-0.4564,0.0,12288000.0,BALANCED,-11.4106
2021-10-29,TMV,TMV,2867000.0,57.33,-0.0093,164020000.0,2867000.0,0.0,1.328,2867000.0,15155000.0,BALANCED,45.201
2021-11-01,TMV,TMV,0.0,58.57,0.0216,164020000.0,0.0,0.0,-0.4572,2867000.0,15155000.0,BALANCED,-1.4299
2021-11-02,TMV,TMV,0.0,57.79,-0.0133,164020000.0,0.0,0.0,-0.4089,2867000.0,15155000.0,BALANCED,-0.2226
2021-11-03,TMV,TMV,0.0,59.57,0.0308,164020000.0,0.0,0.0,-0.4089,2867000.0,15155000.0,BALANCED,-0.2226
2021-11-04,TMV,TMV,2885000.0,57.69,-0.0316,166905000.0,2885000.0,0.0,1.429,5752000.0,14979000.0,BALANCED,47.7249
2021-11-05,TMV,TMV,0.0,55.1,-0.0449,166905000.0,0.0,0.0,-0.4578,2885000.0,14979000.0,BALANCED,-1.445
2021-11-08,TMV,TMV,2770000.0,55.4,0.0054,169675000.0,2770000.0,0.0,1.2609,5655000.0,17749000.0,BALANCED,43.5227
2021-11-09,TMV,TMV,5324000.0,53.24,-0.039,174999000.0,5324000.0,0.0,2.4675,10979000.0,16838000.0,ACCUMULATION,75.687
2021-11-10,TMV,TMV,8423000.0,56.15,0.0547,183422000.0,8423000.0,0.0,3.2987,19402000.0,25261000.0,ACCUMULATION,98.4681
2021-11-11,TMV,TMV,0.0,56.15,0.0,183422000.0,0.0,0.0,-0.5226,16517000.0,22269000.0,BALANCED,-3.0647
2021-11-12,TMV,TMV,2857000.0,57.13,0.0175,186279000.0,2857000.0,0.0,0.727,19374000.0,25126000.0,BALANCED,30.1748
2021-11-15,TMV,TMV,0.0,59.28,0.0376,186279000.0,0.0,0.0,-0.5632,16604000.0,25126000.0,BALANCED,-4.0796
2021-11-16,TMV,TMV,0.0,59.73,0.0076,186279000.0,0.0,0.0,-0.5632,11280000.0,25126000.0,BALANCED,-4.0796
2021-11-17,TMV,TMV,0.0,58.3,-0.0238,186279000.0,0.0,0.0,-0.5632,2857000.0,25126000.0,BALANCED,-4.0796
2021-11-22,TMV,TMV,-5777000.0,57.77,-0.0092,180502000.0,0.0,-5777000.0,-2.6597,-2920000.0,19349000.0,DISTRIBUTION,-78.4928
2021-11-23,TMV,TMV,0.0,60.27,0.0433,180502000.0,0.0,0.0,-0.3765,-5777000.0,19349000.0,BALANCED,-19.4117
2021-11-24,TMV,TMV,5736000.0,57.36,-0.0483,186238000.0,5736000.0,0.0,1.7208,-41000.0,25085000.0,ACCUMULATION,35.0205
2021-11-26,TMV,TMV,5300000.0,53.0,-0.076,191538000.0,5300000.0,0.0,1.6032,5259000.0,30385000.0,ACCUMULATION,54.0788
2021-11-29,TMV,TMV,0.0,54.27,0.024,191538000.0,0.0,0.0,-0.4259,5259000.0,30385000.0,BALANCED,-0.6486
2021-11-30,TMV,TMV,0.0,51.79,-0.0457,191538000.0,0.0,0.0,-0.3903,11036000.0,30385000.0,BALANCED,0.2418
2021-12-01,TMV,TMV,10167000.0,50.83,-0.0186,201705000.0,10167000.0,0.0,2.8648,21203000.0,37685000.0,ACCUMULATION,83.6199
2021-12-02,TMV,TMV,0.0,50.64,-0.0038,201705000.0,0.0,0.0,-0.4393,15467000.0,37685000.0,BALANCED,-0.9822
2021-12-03,TMV,TMV,0.0,48.82,-0.0359,201705000.0,0.0,0.0,-0.4393,10167000.0,37685000.0,BALANCED,-0.9822
2021-12-06,TMV,TMV,0.0,50.83,0.0411,201705000.0,0.0,0.0,-0.4393,10167000.0,37685000.0,BALANCED,-0.9822
2021-12-07,TMV,TMV,10412000.0,52.06,0.0242,212117000.0,10412000.0,0.0,2.5037,20579000.0,45212000.0,ACCUMULATION,74.5918
2021-12-08,TMV,TMV,0.0,54.75,0.0518,212117000.0,0.0,0.0,-0.4881,10412000.0,45212000.0,BALANCED,-2.2034
2021-12-09,TMV,TMV,0.0,53.83,-0.0169,212117000.0,0.0,0.0,-0.4881,10412000.0,42442000.0,BALANCED,-2.2034
2021-12-10,TMV,TMV,0.0,54.21,0.0071,212117000.0,0.0,0.0,-0.4881,10412000.0,37118000.0,BALANCED,-2.2034
2021-12-13,TMV,TMV,-2590000.0,51.81,-0.0444,209527000.0,0.0,-2590000.0,-1.1821,7822000.0,26105000.0,BALANCED,-21.5525
2021-12-14,TMV,TMV,0.0,52.17,0.0071,209527000.0,0.0,0.0,-0.4536,-2590000.0,26105000.0,BALANCED,-21.3392
2021-12-15,TMV,TMV,0.0,53.68,0.0288,209527000.0,0.0,0.0,-0.4262,-2590000.0,23248000.0,BALANCED,-20.6562
2021-12-16,TMV,TMV,0.0,53.61,-0.0012,209527000.0,0.0,0.0,-0.4262,-2590000.0,23248000.0,BALANCED,-20.6562
2021-12-17,TMV,TMV,0.0,51.78,-0.0341,209527000.0,0.0,0.0,-0.4262,-2590000.0,23248000.0,BALANCED,-20.6562
2021-12-20,TMV,TMV,0.0,52.94,0.0224,209527000.0,0.0,0.0,-0.4262,0.0,23248000.0,BALANCED,-10.6562
2021-12-21,TMV,TMV,-8031000.0,53.54,0.0114,201496000.0,0.0,-8031000.0,-2.3248,-8031000.0,20994000.0,DISTRIBUTION,-70.1192
2021-12-22,TMV,TMV,0.0,52.8,-0.0139,201496000.0,0.0,0.0,-0.2919,-8031000.0,20994000.0,BALANCED,-17.2967
2021-12-23,TMV,TMV,0.0,54.51,0.0325,201496000.0,0.0,0.0,-0.269,-8031000.0,15258000.0,BALANCED,-16.7239
2021-12-27,TMV,TMV,0.0,53.75,-0.014,201496000.0,0.0,0.0,-0.2286,-8031000.0,9958000.0,BALANCED,-15.714
2021-12-28,TMV,TMV,0.0,54.38,0.0118,201496000.0,0.0,0.0,-0.1676,-8031000.0,9958000.0,BALANCED,-14.1906
2021-12-29,TMV,TMV,-2808000.0,56.16,0.0327,198688000.0,0.0,-2808000.0,-0.9096,-2808000.0,7150000.0,BALANCED,-34.7396
2021-12-30,TMV,TMV,0.0,54.75,-0.0252,198688000.0,0.0,0.0,-0.1143,-2808000.0,-3017000.0,BALANCED,-12.8563
2021-12-31,TMV,TMV,0.0,54.23,-0.0094,198688000.0,0.0,0.0,-0.1143,-2808000.0,-3017000.0,BALANCED,-12.8563
2022-01-03,TMV,TMV,-8802000.0,58.68,0.0821,189886000.0,0.0,-8802000.0,-2.2347,-11610000.0,-11819000.0,DISTRIBUTION,-67.8679
2022-01-04,TMV,TMV,0.0,59.41,0.0124,189886000.0,0.0,0.0,-0.0301,-11610000.0,-11819000.0,BALANCED,-10.7529
2022-01-05,TMV,TMV,0.0,60.37,0.0162,189886000.0,0.0,0.0,-0.0816,-8802000.0,-22231000.0,BALANCED,-12.0394
2022-01-06,TMV,TMV,0.0,59.9,-0.0078,189886000.0,0.0,0.0,-0.0816,-8802000.0,-22231000.0,BALANCED,-12.0394
2022-01-07,TMV,TMV,0.0,61.19,0.0215,189886000.0,0.0,0.0,-0.0329,-8802000.0,-22231000.0,BALANCED,-10.8227
2022-01-10,TMV,TMV,0.0,60.73,-0.0074,189886000.0,0.0,0.0,0.0155,0.0,-22231000.0,BALANCED,0.3863
2022-01-11,TMV,TMV,-5952000.0,59.52,-0.02,183934000.0,0.0,-5952000.0,-1.5309,-5952000.0,-25593000.0,DISTRIBUTION,-50.2714
2022-01-12,TMV,TMV,0.0,60.2,0.0114,183934000.0,0.0,0.0,0.0681,-5952000.0,-25593000.0,BALANCED,-8.2977
2022-01-13,TMV,TMV,-2929000.0,58.59,-0.0267,181005000.0,0.0,-2929000.0,-0.7024,-8881000.0,-28522000.0,BALANCED,-29.5592
2022-01-14,TMV,TMV,0.0,61.24,0.0452,181005000.0,0.0,0.0,0.2165,-8881000.0,-28522000.0,BALANCED,-4.5887
2022-01-18,TMV,TMV,0.0,63.82,0.0422,181005000.0,0.0,0.0,0.2165,-8881000.0,-28522000.0,BALANCED,-4.5887
2022-01-19,TMV,TMV,0.0,62.49,-0.0208,181005000.0,0.0,0.0,0.2165,-2929000.0,-28522000.0,BALANCED,-4.5887
2022-01-20,TMV,TMV,0.0,61.33,-0.0185,181005000.0,0.0,0.0,0.4305,-2929000.0,-20491000.0,BALANCED,0.7621
2022-01-21,TMV,TMV,0.0,59.13,-0.0358,181005000.0,0.0,0.0,0.4305,0.0,-20491000.0,BALANCED,10.7621
2022-01-24,TMV,TMV,0.0,60.59,0.0246,181005000.0,0.0,0.0,0.4305,0.0,-20491000.0,BALANCED,10.7621
2022-01-25,TMV,TMV,-9132000.0,60.88,0.0048,171873000.0,0.0,-9132000.0,-2.7665,-9132000.0,-29623000.0,DISTRIBUTION,-81.1613
2022-01-26,TMV,TMV,0.0,63.08,0.0362,171873000.0,0.0,0.0,0.4457,-9132000.0,-29623000.0,BALANCED,1.1422
2022-01-27,TMV,TMV,0.0,59.6,-0.0551,171873000.0,0.0,0.0,0.4457,-9132000.0,-26815000.0,BALANCED,1.1422
2022-01-28,TMV,TMV,0.0,59.53,-0.0012,171873000.0,0.0,0.0,0.4457,-9132000.0,-26815000.0,BALANCED,1.1422
2022-01-31,TMV,TMV,3023000.0,60.46,0.0155,174896000.0,3023000.0,0.0,1.4331,-6109000.0,-23792000.0,BALANCED,27.8266
2022-02-01,TMV,TMV,0.0,61.05,0.0099,174896000.0,0.0,0.0,0.396,3023000.0,-14990000.0,BALANCED,19.9003
2022-02-02,TMV,TMV,0.0,60.43,-0.0102,174896000.0,0.0,0.0,0.396,3023000.0,-14990000.0,BALANCED,19.9003
2022-02-03,TMV,TMV,0.0,61.84,0.0234,174896000.0,0.0,0.0,0.3391,3023000.0,-14990000.0,BALANCED,18.4767
2022-02-04,TMV,TMV,-3228000.0,64.57,0.0441,171668000.0,0.0,-3228000.0,-0.845,-205000.0,-18218000.0,BALANCED,-33.1245
2022-02-07,TMV,TMV,0.0,64.44,-0.002,171668000.0,0.0,0.0,0.3761,-3228000.0,-18218000.0,BALANCED,-0.5972
2022-02-08,TMV,TMV,-13146000.0,65.73,0.02,158522000.0,0.0,-13146000.0,-3.4031,-16374000.0,-31364000.0,DISTRIBUTION,-97.0777
2022-02-09,TMV,TMV,0.0,65.36,-0.0057,158522000.0,0.0,0.0,0.4162,-16374000.0,-25412000.0,BALANCED,0.4043
2022-02-10,TMV,TMV,-10270000.0,68.47,0.0476,148252000.0,0.0,-10270000.0,-2.2625,-26644000.0,-35682000.0,DISTRIBUTION,-68.5614
2022-02-11,TMV,TMV,3271000.0,65.41,-0.0446,151523000.0,3271000.0,0.0,1.2444,-20145000.0,-29482000.0,BALANCED,23.1102
2022-02-14,TMV,TMV,0.0,67.85,0.0373,151523000.0,0.0,0.0,0.404,-20145000.0,-29482000.0,BALANCED,0.0988
2022-02-15,TMV,TMV,0.0,70.16,0.034,151523000.0,0.0,0.0,0.3501,-6999000.0,-29482000.0,BALANCED,-1.2474
2022-02-16,TMV,TMV,-13781000.0,68.91,-0.0178,137742000.0,0.0,-13781000.0,-2.8032,-20780000.0,-43263000.0,DISTRIBUTION,-82.0808
2022-02-17,TMV,TMV,3368000.0,67.36,-0.0224,141110000.0,3368000.0,0.0,1.1386,-7142000.0,-39895000.0,BALANCED,20.464
2022-02-18,TMV,TMV,0.0,65.22,-0.0318,141110000.0,0.0,0.0,0.3707,-10413000.0,-39895000.0,BALANCED,-0.7329
2022-02-22,TMV,TMV,0.0,64.71,-0.0079,141110000.0,0.0,0.0,0.3707,-10413000.0,-39895000.0,BALANCED,-0.7329
2022-02-23,TMV,TMV,-6738000.0,67.38,0.0413,134372000.0,0.0,-6738000.0,-1.093,-17151000.0,-37501000.0,BALANCED,-39.325
2022-02-24,TMV,TMV,10087000.0,67.25,-0.002,144459000.0,10087000.0,0.0,2.3259,6717000.0,-27414000.0,ACCUMULATION,70.1487
2022-02-25,TMV,TMV,3354000.0,67.09,-0.0023,147813000.0,3354000.0,0.0,0.9169,6703000.0,-24060000.0,BALANCED,36.922
2022-02-28,TMV,TMV,0.0,62.67,-0.0658,147813000.0,0.0,0.0,0.2228,6703000.0,-24060000.0,BALANCED,15.571
2022-03-01,TMV,TMV,6050000.0,60.5,-0.0347,153863000.0,6050000.0,0.0,1.3553,12753000.0,-21033000.0,BALANCED,45.8824
2022-03-02,TMV,TMV,-10005000.0,66.7,0.1025,143858000.0,0.0,-10005000.0,-1.6267,9486000.0,-31038000.0,DISTRIBUTION,-32.6672
2022-03-03,TMV,TMV,0.0,64.65,-0.0306,143858000.0,0.0,0.0,0.2298,-601000.0,-31038000.0,BALANCED,-4.2561
2022-03-04,TMV,TMV,0.0,61.3,-0.0519,143858000.0,0.0,0.0,0.2298,-3955000.0,-31038000.0,BALANCED,-4.2561
2022-03-07,TMV,TMV,3135000.0,62.69,0.0228,146993000.0,3135000.0,0.0,0.7841,-820000.0,-24675000.0,BALANCED,11.6019
2022-03-08,TMV,TMV,0.0,64.58,0.0301,146993000.0,0.0,0.0,0.2082,-6870000.0,-24675000.0,BALANCED,-4.7939
2022-03-09,TMV,TMV,0.0,66.48,0.0293,146993000.0,0.0,0.0,0.1585,3135000.0,-11529000.0,BALANCED,13.9621
2022-03-10,TMV,TMV,-10401000.0,69.34,0.043,136592000.0,0.0,-10401000.0,-1.6733,-7266000.0,-21930000.0,DISTRIBUTION,-53.8322
2022-03-11,TMV,TMV,0.0,68.63,-0.0102,136592000.0,0.0,0.0,0.2133,-7266000.0,-11660000.0,BALANCED,-4.6671
2022-03-16,TMV,TMV,0.0,71.64,0.0438,136592000.0,0.0,0.0,0.2133,-10401000.0,-14931000.0,BALANCED,-4.6671
2022-03-17,TMV,TMV,0.0,73.24,0.0223,136592000.0,0.0,0.0,0.2338,-10401000.0,-14931000.0,BALANCED,-4.155
2022-03-18,TMV,TMV,-10582000.0,70.55,-0.0368,126010000.0,0.0,-10582000.0,-1.5674,-20983000.0,-25513000.0,DISTRIBUTION,-51.1845
2022-03-21,TMV,TMV,0.0,75.44,0.0694,126010000.0,0.0,0.0,0.2853,-10582000.0,-11732000.0,BALANCED,-2.8676
2022-03-22,TMV,TMV,3917000.0,78.34,0.0384,129927000.0,3917000.0,0.0,0.9347,-6665000.0,-11183000.0,BALANCED,15.3671
2022-03-23,TMV,TMV,0.0,73.18,-0.0658,129927000.0,0.0,0.0,0.2403,-6665000.0,-11183000.0,BALANCED,-3.9936
2022-03-24,TMV,TMV,0.0,74.9,0.0234,129927000.0,0.0,0.0,0.2403,-6665000.0,-11183000.0,BALANCED,-3.9936
2022-03-28,TMV,TMV,0.0,76.01,0.0148,129927000.0,0.0,0.0,0.1781,3917000.0,-4445000.0,BALANCED,14.4526
2022-03-29,TMV,TMV,0.0,74.28,-0.0227,129927000.0,0.0,0.0,0.1781,3917000.0,-14532000.0,BALANCED,14.4526
2022-03-30,TMV,TMV,7254000.0,72.54,-0.0234,137181000.0,7254000.0,0.0,1.4505,7254000.0,-10632000.0,BALANCED,48.2636
2022-03-31,TMV,TMV,0.0,72.01,-0.0073,137181000.0,0.0,0.0,0.0917,7254000.0,-10632000.0,BALANCED,12.2936
2022-04-01,TMV,TMV,0.0,71.19,-0.0114,137181000.0,0.0,0.0,0.0917,7254000.0,-16682000.0,BALANCED,12.2936
2022-04-04,TMV,TMV,7267000.0,72.67,0.0208,144448000.0,7267000.0,0.0,1.3896,14521000.0,590000.0,BALANCED,46.7392
2022-04-05,TMV,TMV,3880000.0,77.59,0.0677,148328000.0,3880000.0,0.0,0.7346,18401000.0,4470000.0,BALANCED,32.3655
2022-04-06,TMV,TMV,0.0,79.47,0.0242,148328000.0,0.0,0.0,-0.0505,11147000.0,4470000.0,BALANCED,8.7384
2022-04-07,TMV,TMV,0.0,81.26,0.0226,148328000.0,0.0,0.0,-0.0505,11147000.0,1335000.0,BALANCED,8.7384
2022-04-08,TMV,TMV,-8390000.0,83.9,0.0325,139938000.0,0.0,-8390000.0,-1.663,2757000.0,-7055000.0,DISTRIBUTION,-33.5755
2022-04-11,TMV,TMV,8788000.0,87.88,0.0475,148726000.0,8788000.0,0.0,1.6272,4278000.0,1733000.0,ACCUMULATION,52.6797
2022-04-12,TMV,TMV,4412000.0,88.24,0.0041,153138000.0,4412000.0,0.0,0.8524,4810000.0,16546000.0,BALANCED,35.3106
2022-04-13,TMV,TMV,0.0,87.71,-0.0061,153138000.0,0.0,0.0,-0.037,4810000.0,16546000.0,BALANCED,9.0759
2022-04-14,TMV,TMV,0.0,93.0,0.0603,153138000.0,0.0,0.0,-0.037,4810000.0,16546000.0,BALANCED,9.0759
2022-04-18,TMV,TMV,4718000.0,94.36,0.0146,157856000.0,4718000.0,0.0,0.9649,17918000.0,21264000.0,BALANCED,36.1234
2022-04-19,TMV,TMV,4824000.0,96.47,0.0224,162680000.0,4824000.0,0.0,0.9494,13954000.0,36670000.0,BALANCED,37.735
2022-04-20,TMV,TMV,9065000.0,90.65,-0.0604,171745000.0,9065000.0,0.0,1.739,18607000.0,45735000.0,ACCUMULATION,59.4751
2022-04-21,TMV,TMV,0.0,92.65,0.0221,171745000.0,0.0,0.0,-0.1987,18607000.0,41818000.0,BALANCED,5.0325
2022-04-22,TMV,TMV,9440000.0,94.4,0.0188,181185000.0,9440000.0,0.0,1.6883,28047000.0,51258000.0,ACCUMULATION,54.2081
2022-04-25,TMV,TMV,0.0,91.57,-0.03,181185000.0,0.0,0.0,-0.2318,23329000.0,51258000.0,BALANCED,4.2043
2022-04-26,TMV,TMV,-8880000.0,88.8,-0.0302,172305000.0,0.0,-8880000.0,-1.8544,9625000.0,42378000.0,DISTRIBUTION,-38.3593
2022-04-27,TMV,TMV,0.0,92.21,0.0384,172305000.0,0.0,0.0,-0.248,560000.0,42378000.0,BALANCED,3.7993
2022-04-28,TMV,TMV,0.0,91.79,-0.0045,172305000.0,0.0,0.0,-0.248,560000.0,35124000.0,BALANCED,3.7993
2022-04-29,TMV,TMV,-4768000.0,95.37,0.0389,167537000.0,0.0,-4768000.0,-1.1793,-13648000.0,30356000.0,BALANCED,-41.4817
2022-05-02,TMV,TMV,0.0,100.31,0.0519,167537000.0,0.0,0.0,-0.2097,-13648000.0,30356000.0,BALANCED,-15.2436
2022-05-03,TMV,TMV,0.0,98.28,-0.0203,167537000.0,0.0,0.0,-0.3139,-4768000.0,23089000.0,BALANCED,-17.8482
2022-05-04,TMV,TMV,4833000.0,96.65,-0.0166,172370000.0,4833000.0,0.0,0.7396,65000.0,24042000.0,BALANCED,30.4899
2022-05-05,TMV,TMV,0.0,104.6,0.0822,172370000.0,0.0,0.0,-0.3193,65000.0,24042000.0,BALANCED,2.0172
2022-05-06,TMV,TMV,0.0,109.21,0.0441,172370000.0,0.0,0.0,-0.3193,4833000.0,24042000.0,BALANCED,2.0172
2022-05-09,TMV,TMV,0.0,106.33,-0.0264,172370000.0,0.0,0.0,-0.3193,4833000.0,32432000.0,BALANCED,2.0172
2022-05-10,TMV,TMV,5172000.0,103.44,-0.0272,177542000.0,5172000.0,0.0,0.8012,10005000.0,28816000.0,BALANCED,32.031
2022-05-11,TMV,TMV,4873000.0,97.46,-0.0578,182415000.0,4873000.0,0.0,0.6936,10045000.0,29277000.0,BALANCED,31.3412
2022-05-12,TMV,TMV,-4900000.0,98.01,0.0056,177515000.0,0.0,-4900000.0,-1.3763,5145000.0,24377000.0,BALANCED,-26.4072
2022-05-13,TMV,TMV,5118000.0,102.36,0.0445,182633000.0,5118000.0,0.0,0.7865,10263000.0,29495000.0,BALANCED,31.6629
2022-05-16,TMV,TMV,0.0,102.68,0.0031,182633000.0,0.0,0.0,-0.3307,10263000.0,24777000.0,BALANCED,1.7316
2022-05-17,TMV,TMV,0.0,106.41,0.0363,182633000.0,0.0,0.0,-0.2856,5091000.0,19953000.0,BALANCED,2.86
2022-05-18,TMV,TMV,0.0,99.6,-0.0639,182633000.0,0.0,0.0,-0.2579,218000.0,10888000.0,BALANCED,3.5536
2022-05-19,TMV,TMV,0.0,98.89,-0.0072,182633000.0,0.0,0.0,-0.2579,5118000.0,10888000.0,BALANCED,3.5536
2022-05-20,TMV,TMV,4777000.0,95.53,-0.0339,187410000.0,4777000.0,0.0,0.7759,4777000.0,6225000.0,BALANCED,31.3974
2022-05-23,TMV,TMV,-15038000.0,100.25,0.0494,172372000.0,0.0,-15038000.0,-3.1632,-10261000.0,-8813000.0,DISTRIBUTION,-91.0802
2022-05-24,TMV,TMV,0.0,94.32,-0.0592,172372000.0,0.0,0.0,-0.1613,-10261000.0,67000.0,BALANCED,-14.0331
2022-05-25,TMV,TMV,-13980000.0,93.2,-0.0119,158392000.0,0.0,-13980000.0,-2.561,-24241000.0,-13913000.0,DISTRIBUTION,-76.025
2022-05-26,TMV,TMV,4725000.0,94.49,0.0139,163117000.0,4725000.0,0.0,0.7859,-19516000.0,-9188000.0,BALANCED,11.6474
2022-05-27,TMV,TMV,0.0,94.05,-0.0046,163117000.0,0.0,0.0,-0.0595,-24293000.0,-4420000.0,BALANCED,-11.4879
2022-05-31,TMV,TMV,0.0,99.8,0.0611,163117000.0,0.0,0.0,-0.0317,-9255000.0,-4420000.0,BALANCED,-10.7932
2022-06-01,TMV,TMV,0.0,100.14,0.0034,163117000.0,0.0,0.0,-0.0027,-9255000.0,-4420000.0,BALANCED,-10.0667
2022-06-02,TMV,TMV,0.0,99.98,-0.0015,163117000.0,0.0,0.0,0.0555,4725000.0,-9253000.0,BALANCED,11.3873
2022-06-03,TMV,TMV,0.0,100.64,0.0066,163117000.0,0.0,0.0,0.0555,0.0,-9253000.0,BALANCED,1.3873
2022-06-06,TMV,TMV,0.0,106.22,0.0554,163117000.0,0.0,0.0,0.1242,0.0,-9253000.0,BALANCED,3.106
2022-06-07,TMV,TMV,0.0,102.77,-0.0324,163117000.0,0.0,0.0,0.1242,0.0,-9253000.0,BALANCED,3.106
2022-06-08,TMV,TMV,-5275000.0,105.51,0.0266,157842000.0,0.0,-5275000.0,-1.0248,-5275000.0,-19700000.0,BALANCED,-37.6192
2022-06-09,TMV,TMV,0.0,104.46,-0.01,157842000.0,0.0,0.0,0.1031,-5275000.0,-24573000.0,BALANCED,-7.4231
2022-06-10,TMV,TMV,0.0,106.41,0.0187,157842000.0,0.0,0.0,0.1031,-5275000.0,-19673000.0,BALANCED,-7.4231
2022-06-13,TMV,TMV,0.0,116.44,0.0942,157842000.0,0.0,0.0,0.0701,-5275000.0,-24791000.0,BALANCED,-8.2463
2022-06-14,TMV,TMV,0.0,120.84,0.0378,157842000.0,0.0,0.0,0.0701,-5275000.0,-24791000.0,BALANCED,-8.2463
2022-06-15,TMV,TMV,0.0,114.07,-0.056,157842000.0,0.0,0.0,0.0701,0.0,-24791000.0,BALANCED,1.7537
2022-06-16,TMV,TMV,5568000.0,111.36,-0.0238,163410000.0,5568000.0,0.0,1.2652,5568000.0,-19223000.0,BALANCED,43.6289
2022-06-17,TMV,TMV,0.0,110.3,-0.0095,163410000.0,0.0,0.0,0.0644,5568000.0,-19223000.0,BALANCED,11.6102
2022-06-21,TMV,TMV,0.0,115.92,0.051,163410000.0,0.0,0.0,0.0644,5568000.0,-24000000.0,BALANCED,11.6102
2022-06-22,TMV,TMV,5318000.0,106.37,-0.0824,168728000.0,5318000.0,0.0,1.1453,10886000.0,-3644000.0,BALANCED,40.6332
2022-06-23,TMV,TMV,5188000.0,103.75,-0.0246,173916000.0,5188000.0,0.0,1.1177,16074000.0,1544000.0,BALANCED,41.9424
2022-06-24,TMV,TMV,0.0,108.1,0.0419,173916000.0,0.0,0.0,0.0609,10506000.0,15524000.0,BALANCED,11.5213
2022-06-27,TMV,TMV,11087000.0,110.87,0.0257,185003000.0,11087000.0,0.0,2.163,21593000.0,21886000.0,ACCUMULATION,66.0753
2022-06-28,TMV,TMV,0.0,109.33,-0.0139,185003000.0,0.0,0.0,-0.016,21593000.0,21886000.0,BALANCED,9.599
2022-06-29,TMV,TMV,0.0,104.23,-0.0467,185003000.0,0.0,0.0,-0.016,16275000.0,21886000.0,BALANCED,9.599
2022-06-30,TMV,TMV,5074000.0,101.49,-0.0263,190077000.0,5074000.0,0.0,0.9635,16161000.0,26960000.0,BALANCED,36.0866
2022-07-01,TMV,TMV,0.0,98.42,-0.0303,190077000.0,0.0,0.0,-0.0495,16161000.0,26960000.0,BALANCED,8.7615
2022-07-05,TMV,TMV,0.0,96.11,-0.0235,190077000.0,0.0,0.0,-0.0495,5074000.0,26960000.0,BALANCED,8.7615
2022-07-07,TMV,TMV,0.0,103.63,0.0783,190077000.0,0.0,0.0,-0.018,5074000.0,26960000.0,BALANCED,9.5497
2022-07-08,TMV,TMV,-5355000.0,107.1,0.0335,184722000.0,0.0,-5355000.0,-1.3832,-281000.0,21605000.0,BALANCED,-46.5802
2022-07-11,TMV,TMV,0.0,101.57,-0.0516,184722000.0,0.0,0.0,-0.0987,-5355000.0,26880000.0,BALANCED,-12.4686
2022-07-12,TMV,TMV,0.0,99.77,-0.0177,184722000.0,0.0,0.0,-0.2773,-5355000.0,26880000.0,BALANCED,-16.9316
2022-07-13,TMV,TMV,0.0,96.35,-0.0343,184722000.0,0.0,0.0,-0.2335,-5355000.0,26880000.0,BALANCED,-15.8381
2022-07-14,TMV,TMV,0.0,98.72,0.0246,184722000.0,0.0,0.0,-0.2335,-5355000.0,26880000.0,BALANCED,-15.8381
2022-07-15,TMV,TMV,0.0,97.09,-0.0165,184722000.0,0.0,0.0,-0.2335,0.0,26880000.0,BALANCED,-5.8381
2022-07-18,TMV,TMV,0.0,100.13,0.0314,184722000.0,0.0,0.0,-0.2335,0.0,26880000.0,BALANCED,-5.8381
2022-07-19,TMV,TMV,-20352000.0,101.76,0.0162,164370000.0,0.0,-20352000.0,-4.1347,-20352000.0,960000.0,DISTRIBUTION,-100.0
2022-07-20,TMV,TMV,0.0,100.97,-0.0077,164370000.0,0.0,0.0,-0.0085,-20352000.0,960000.0,BALANCED,-10.2117
2022-07-21,TMV,TMV,0.0,95.75,-0.0517,164370000.0,0.0,0.0,-0.0085,-20352000.0,960000.0,BALANCED,-10.2117
2022-07-22,TMV,TMV,0.0,90.95,-0.0501,164370000.0,0.0,0.0,-0.0085,-20352000.0,-4358000.0,BALANCED,-10.2117
2022-07-25,TMV,TMV,0.0,93.63,0.0294,164370000.0,0.0,0.0,-0.0451,-20352000.0,-9546000.0,BALANCED,-11.1265
2022-07-26,TMV,TMV,4671000.0,93.43,-0.0022,169041000.0,4671000.0,0.0,0.8777,4671000.0,-4875000.0,BALANCED,33.9413
2022-07-27,TMV,TMV,0.0,95.01,0.017,169041000.0,0.0,0.0,-0.0762,4671000.0,-15962000.0,BALANCED,8.0942
2022-07-28,TMV,TMV,0.0,92.75,-0.0238,169041000.0,0.0,0.0,-0.0762,4671000.0,-15962000.0,BALANCED,8.0942
2022-07-29,TMV,TMV,-14032000.0,93.55,0.0086,155009000.0,0.0,-14032000.0,-2.5072,-9361000.0,-29994000.0,DISTRIBUTION,-74.6794
2022-08-01,TMV,TMV,-4341000.0,86.82,-0.0719,150668000.0,0.0,-4341000.0,-0.7308,-13702000.0,-39409000.0,BALANCED,-32.2703
2022-08-02,TMV,TMV,-9234000.0,92.34,0.0636,141434000.0,0.0,-9234000.0,-1.4827,-27607000.0,-48643000.0,BALANCED,-53.0663
2022-08-03,TMV,TMV,-26399000.0,88.0,-0.0471,115035000.0,0.0,-26399000.0,-3.3491,-54006000.0,-75042000.0,DISTRIBUTION,-100.0
2022-08-04,TMV,TMV,0.0,88.1,0.0012,115035000.0,0.0,0.0,0.2179,-54006000.0,-75042000.0,BALANCED,-4.5531
2022-08-05,TMV,TMV,-4722000.0,94.44,0.072,110313000.0,0.0,-4722000.0,-0.3799,-44696000.0,-74409000.0,BALANCED,-21.4987
2022-08-08,TMV,TMV,0.0,89.89,-0.0483,110313000.0,0.0,0.0,0.2949,-40355000.0,-74409000.0,BALANCED,-2.6272
2022-08-09,TMV,TMV,0.0,90.95,0.0118,110313000.0,0.0,0.0,0.2949,-31121000.0,-74409000.0,BALANCED,-2.6272
2022-08-10,TMV,TMV,-9275000.0,92.75,0.0198,101038000.0,0.0,-9275000.0,-0.9451,-13997000.0,-83684000.0,BALANCED,-35.6276
2022-08-11,TMV,TMV,0.0,99.25,0.0701,101038000.0,0.0,0.0,0.4084,-13997000.0,-83684000.0,BALANCED,0.2112
2022-08-12,TMV,TMV,0.0,96.29,-0.0299,101038000.0,0.0,0.0,0.4084,-9275000.0,-83684000.0,BALANCED,0.2112
2022-08-15,TMV,TMV,0.0,96.56,0.0028,101038000.0,0.0,0.0,0.4422,-9275000.0,-83684000.0,BALANCED,1.0539
2022-08-16,TMV,TMV,0.0,95.37,-0.0123,101038000.0,0.0,0.0,0.4422,-9275000.0,-63332000.0,BALANCED,1.0539
2022-08-17,TMV,TMV,-9837000.0,98.37,0.0315,91201000.0,0.0,-9837000.0,-0.9616,-9837000.0,-73169000.0,BALANCED,-36.0406
2022-08-18,TMV,TMV,0.0,97.96,-0.0042,91201000.0,0.0,0.0,0.4845,-9837000.0,-73169000.0,BALANCED,2.1133
2022-08-19,TMV,TMV,-20550000.0,102.75,0.0489,70651000.0,0.0,-20550000.0,-2.2355,-30387000.0,-93719000.0,DISTRIBUTION,-67.8882
2022-08-22,TMV,TMV,-5190000.0,103.81,0.0103,65461000.0,0.0,-5190000.0,-0.1628,-35577000.0,-98909000.0,BALANCED,-18.0702
2022-08-23,TMV,TMV,10554000.0,105.54,0.0167,76015000.0,10554000.0,0.0,1.7967,-25023000.0,-93026000.0,ACCUMULATION,36.9172
2022-08-24,TMV,TMV,0.0,107.88,0.0221,76015000.0,0.0,0.0,0.4592,-15186000.0,-93026000.0,BALANCED,1.4801
2022-08-25,TMV,TMV,5169000.0,103.39,-0.0416,81184000.0,5169000.0,0.0,1.0738,-10017000.0,-87857000.0,BALANCED,18.8442
2022-08-26,TMV,TMV,-5056000.0,101.11,-0.022,76128000.0,0.0,-5056000.0,-0.1794,5477000.0,-78881000.0,BALANCED,3.5153
2022-08-29,TMV,TMV,5182000.0,103.64,0.025,81310000.0,5182000.0,0.0,1.0599,15849000.0,-69358000.0,BALANCED,38.4966
2022-08-30,TMV,TMV,0.0,102.89,-0.0073,81310000.0,0.0,0.0,0.3688,5295000.0,-60124000.0,BALANCED,19.2194
2022-08-31,TMV,TMV,0.0,105.86,0.0289,81310000.0,0.0,0.0,0.3688,5295000.0,-33725000.0,BALANCED,19.2194
2022-09-01,TMV,TMV,0.0,111.68,0.055,81310000.0,0.0,0.0,0.3688,126000.0,-33725000.0,BALANCED,19.2194
2022-09-02,TMV,TMV,-5494000.0,109.88,-0.0162,75816000.0,0.0,-5494000.0,-0.3387,-312000.0,-34497000.0,BALANCED,-20.4685
2022-09-06,TMV,TMV,0.0,118.06,0.0745,75816000.0,0.0,0.0,0.3933,-5494000.0,-34497000.0,BALANCED,-0.1671
2022-09-07,TMV,TMV,0.0,112.48,-0.0473,75816000.0,0.0,0.0,0.4206,-5494000.0,-34497000.0,BALANCED,0.5142
2022-09-08,TMV,TMV,0.0,115.96,0.0309,75816000.0,0.0,0.0,0.4206,-5494000.0,-25222000.0,BALANCED,0.5142
2022-09-09,TMV,TMV,0.0,115.26,-0.0061,75816000.0,0.0,0.0,0.4206,-5494000.0,-25222000.0,BALANCED,0.5142
2022-09-12,TMV,TMV,0.0,118.12,0.0249,75816000.0,0.0,0.0,0.3711,0.0,-25222000.0,BALANCED,9.2787
2022-09-13,TMV,TMV,0.0,117.32,-0.0068,75816000.0,0.0,0.0,0.3504,0.0,-25222000.0,BALANCED,8.7598
2022-09-14,TMV,TMV,-5807000.0,116.13,-0.0101,70009000.0,0.0,-5807000.0,-0.487,-5807000.0,-31029000.0,BALANCED,-24.1739
2022-09-15,TMV,TMV,0.0,116.38,0.0022,70009000.0,0.0,0.0,0.2787,-5807000.0,-21192000.0,BALANCED,-3.0331
2022-09-16,TMV,TMV,-5969000.0,119.37,0.0257,64040000.0,0.0,-5969000.0,-0.785,-11776000.0,-27161000.0,BALANCED,-31.6252
2022-09-19,TMV,TMV,5928000.0,118.56,-0.0068,69968000.0,5928000.0,0.0,1.3034,-5848000.0,-683000.0,BALANCED,24.5841
2022-09-20,TMV,TMV,0.0,122.13,0.0301,69968000.0,0.0,0.0,0.241,-5848000.0,4507000.0,BALANCED,-3.9748
2022-09-21,TMV,TMV,0.0,116.02,-0.0501,69968000.0,0.0,0.0,0.241,-41000.0,-6047000.0,BALANCED,-3.9748
2022-09-22,TMV,TMV,0.0,124.93,0.0768,69968000.0,0.0,0.0,0.1925,-41000.0,-6047000.0,BALANCED,-5.1864
2022-09-23,TMV,TMV,0.0,123.48,-0.0116,69968000.0,0.0,0.0,0.1925,5928000.0,-11216000.0,BALANCED,14.8136
2022-09-26,TMV,TMV,-19589000.0,130.59,0.0576,50379000.0,0.0,-19589000.0,-2.8189,-19589000.0,-25749000.0,DISTRIBUTION,-82.4729
2022-09-27,TMV,TMV,-14094000.0,140.94,0.0793,36285000.0,0.0,-14094000.0,-1.7733,-33683000.0,-45025000.0,DISTRIBUTION,-58.3319
2022-09-28,TMV,TMV,0.0,126.82,-0.1002,36285000.0,0.0,0.0,0.3207,-33683000.0,-45025000.0,BALANCED,-1.983
2022-09-29,TMV,TMV,0.0,128.82,0.0157,36285000.0,0.0,0.0,0.2781,-33683000.0,-45025000.0,BALANCED,-3.047
2022-09-30,TMV,TMV,-6696000.0,133.92,0.0396,29589000.0,0.0,-6696000.0,-0.7001,-40379000.0,-51721000.0,BALANCED,-29.5023
2022-10-03,TMV,TMV,0.0,127.59,-0.0473,29589000.0,0.0,0.0,0.2426,-20790000.0,-46227000.0,BALANCED,-3.9351
2022-10-04,TMV,TMV,-6435000.0,128.7,0.0087,23154000.0,0.0,-6435000.0,-0.8853,-13131000.0,-52662000.0,BALANCED,-34.1333
2022-10-05,TMV,TMV,0.0,132.43,0.029,23154000.0,0.0,0.0,0.3378,-13131000.0,-52662000.0,BALANCED,-1.5562
2022-10-06,TMV,TMV,0.0,134.67,0.017,23154000.0,0.0,0.0,0.3378,-13131000.0,-52662000.0,BALANCED,-1.5562
2022-10-07,TMV,TMV,0.0,138.71,0.03,23154000.0,0.0,0.0,0.382,-6435000.0,-52662000.0,BALANCED,-0.4491
2022-10-10,TMV,TMV,0.0,145.21,0.0469,23154000.0,0.0,0.0,0.3504,-6435000.0,-52662000.0,BALANCED,-1.2408
2022-10-11,TMV,TMV,-14333000.0,143.33,-0.013,8821000.0,0.0,-14333000.0,-2.2227,-14333000.0,-66995000.0,DISTRIBUTION,-67.5679
2022-10-12,TMV,TMV,7063000.0,141.26,-0.0144,15884000.0,7063000.0,0.0,1.6448,-7270000.0,-54125000.0,ACCUMULATION,33.1209
2022-10-13,TMV,TMV,0.0,145.36,0.029,15884000.0,0.0,0.0,0.3881,-7270000.0,-54125000.0,BALANCED,-0.2985
2022-10-14,TMV,TMV,7454000.0,149.08,0.0256,23338000.0,7454000.0,0.0,1.5967,184000.0,-40702000.0,ACCUMULATION,51.9183
2022-10-17,TMV,TMV,0.0,151.3,0.0149,23338000.0,0.0,0.0,0.2991,184000.0,-46630000.0,BALANCED,17.4765
2022-10-18,TMV,TMV,-7514000.0,150.28,-0.0067,15824000.0,0.0,-7514000.0,-0.9296,7003000.0,-54144000.0,BALANCED,-15.2394
2022-10-19,TMV,TMV,0.0,158.53,0.0549,15824000.0,0.0,0.0,0.3371,-60000.0,-54144000.0,BALANCED,-1.5723
2022-10-20,TMV,TMV,8335000.0,166.7,0.0515,24159000.0,8335000.0,0.0,1.6176,8275000.0,-45809000.0,ACCUMULATION,52.4395
2022-10-21,TMV,TMV,-17586000.0,175.86,0.0549,6573000.0,0.0,-17586000.0,-2.2315,-16765000.0,-63395000.0,DISTRIBUTION,-67.7871
2022-10-24,TMV,TMV,18027000.0,180.27,0.0251,24600000.0,18027000.0,0.0,2.5355,1262000.0,-25779000.0,ACCUMULATION,75.3879
2022-10-25,TMV,TMV,8229000.0,164.58,-0.0871,32829000.0,8229000.0,0.0,1.2096,17005000.0,-3456000.0,BALANCED,44.24
2022-10-26,TMV,TMV,-15751000.0,157.51,-0.043,17078000.0,0.0,-15751000.0,-1.6705,1254000.0,-19207000.0,DISTRIBUTION,-33.7636
2022-10-27,TMV,TMV,0.0,152.59,-0.0312,17078000.0,0.0,0.0,0.2107,-7081000.0,-19207000.0,BALANCED,-4.7317
2022-10-28,TMV,TMV,0.0,155.88,0.0215,17078000.0,0.0,0.0,0.1877,10505000.0,-12511000.0,BALANCED,14.6925
2022-10-31,TMV,TMV,7963000.0,159.26,0.0217,25041000.0,7963000.0,0.0,1.1248,441000.0,-4548000.0,BALANCED,40.1196
2022-11-01,TMV,TMV,-7742000.0,154.85,-0.0277,17299000.0,0.0,-7742000.0,-0.7058,-15530000.0,-5855000.0,BALANCED,-29.6444
2022-11-02,TMV,TMV,0.0,156.91,0.0133,17299000.0,0.0,0.0,0.207,221000.0,-5855000.0,BALANCED,15.1746
2022-11-03,TMV,TMV,0.0,159.5,0.0165,17299000.0,0.0,0.0,0.207,221000.0,-5855000.0,BALANCED,15.1746
2022-11-04,TMV,TMV,0.0,167.69,0.0513,17299000.0,0.0,0.0,0.207,221000.0,-5855000.0,BALANCED,15.1746
2022-11-07,TMV,TMV,0.0,172.77,0.0303,17299000.0,0.0,0.0,0.1416,-7742000.0,-5855000.0,BALANCED,-6.4601
2022-11-08,TMV,TMV,-8357000.0,167.14,-0.0325,8942000.0,0.0,-8357000.0,-0.9897,-8357000.0,121000.0,BALANCED,-36.7419
2022-11-09,TMV,TMV,8278000.0,165.56,-0.0095,17220000.0,8278000.0,0.0,1.1565,-79000.0,1336000.0,BALANCED,20.9122
2022-11-11,TMV,TMV,0.0,148.29,-0.1043,17220000.0,0.0,0.0,0.0825,-79000.0,1336000.0,BALANCED,-7.9387
2022-11-14,TMV,TMV,0.0,149.42,0.0076,17220000.0,0.0,0.0,0.0541,-79000.0,-6118000.0,BALANCED,-8.6477
2022-11-15,TMV,TMV,0.0,142.22,-0.0482,17220000.0,0.0,0.0,0.0541,-79000.0,-6118000.0,BALANCED,-8.6477
2022-11-16,TMV,TMV,-26587000.0,132.94,-0.0653,-9367000.0,0.0,-26587000.0,-2.8512,-18309000.0,-25191000.0,DISTRIBUTION,-83.28
2022-11-17,TMV,TMV,-6859000.0,137.19,0.032,-16226000.0,0.0,-6859000.0,-0.616,-33446000.0,-32050000.0,BALANCED,-29.4006
2022-11-18,TMV,TMV,7009000.0,140.18,0.0218,-9217000.0,7009000.0,0.0,0.886,-26437000.0,-33376000.0,BALANCED,14.1499
2022-11-21,TMV,TMV,6922000.0,138.45,-0.0123,-2295000.0,6922000.0,0.0,0.8406,-19515000.0,-8868000.0,BALANCED,15.0151
2022-11-22,TMV,TMV,-6630000.0,132.6,-0.0423,-8925000.0,0.0,-6630000.0,-0.5978,-26145000.0,-33525000.0,BALANCED,-26.9452
2022-11-23,TMV,TMV,6287000.0,125.75,-0.0517,-2638000.0,6287000.0,0.0,0.7372,6729000.0,-35467000.0,BALANCED,30.4302
2022-11-25,TMV,TMV,0.0,127.14,0.0111,-2638000.0,0.0,0.0,0.0691,13588000.0,-19716000.0,BALANCED,11.7271
2022-11-28,TMV,TMV,0.0,126.11,-0.0081,-2638000.0,0.0,0.0,0.0691,6579000.0,-19716000.0,BALANCED,11.7271
2022-11-29,TMV,TMV,-6530000.0,130.59,0.0356,-9168000.0,0.0,-6530000.0,-0.6143,-6873000.0,-26246000.0,BALANCED,-27.3578
2022-11-30,TMV,TMV,-12776000.0,127.76,-0.0217,-21944000.0,0.0,-12776000.0,-1.236,-13019000.0,-46985000.0,BALANCED,-44.8997
2022-12-01,TMV,TMV,0.0,115.59,-0.0953,-21944000.0,0.0,0.0,0.1391,-19306000.0,-39243000.0,BALANCED,-6.5214
2022-12-02,TMV,TMV,-5568000.0,111.36,-0.0366,-27512000.0,0.0,-5568000.0,-0.4542,-24874000.0,-44811000.0,BALANCED,-23.3555
2022-12-05,TMV,TMV,0.0,116.08,0.0424,-27512000.0,0.0,0.0,0.1937,-24874000.0,-44811000.0,BALANCED,-5.1587
2022-12-06,TMV,TMV,5582000.0,111.63,-0.0383,-21930000.0,5582000.0,0.0,0.7717,-12762000.0,-39229000.0,BALANCED,11.2922
2022-12-07,TMV,TMV,-5189000.0,103.78,-0.0703,-27119000.0,0.0,-5189000.0,-0.4502,-5175000.0,-44418000.0,BALANCED,-23.2555
2022-12-08,TMV,TMV,0.0,104.67,0.0085,-27119000.0,0.0,0.0,0.2674,-5175000.0,-36061000.0,BALANCED,-3.3148
2022-12-09,TMV,TMV,-11296000.0,112.96,0.0792,-38415000.0,0.0,-11296000.0,-1.3065,-10903000.0,-55635000.0,BALANCED,-44.6618
2022-12-12,TMV,TMV,-5596000.0,111.91,-0.0093,-44011000.0,0.0,-5596000.0,-0.4908,-16499000.0,-61231000.0,BALANCED,-26.2696
2022-12-13,TMV,TMV,0.0,108.71,-0.0286,-44011000.0,0.0,0.0,0.2807,-22081000.0,-61231000.0,BALANCED,-2.9813
2022-12-14,TMV,TMV,0.0,107.33,-0.0127,-44011000.0,0.0,0.0,0.328,-16892000.0,-61231000.0,BALANCED,-1.7988
2022-12-15,TMV,TMV,10612000.0,106.12,-0.0113,-33399000.0,10612000.0,0.0,1.6807,-6280000.0,-24032000.0,ACCUMULATION,34.0186
2022-12-16,TMV,TMV,21956000.0,109.78,0.0345,-11443000.0,21956000.0,0.0,2.6967,26972000.0,4783000.0,ACCUMULATION,81.4174
2022-12-19,TMV,TMV,0.0,115.34,0.0507,-11443000.0,0.0,0.0,0.1128,32568000.0,-2226000.0,BALANCED,12.8188
2022-12-20,TMV,TMV,-18230000.0,121.53,0.0536,-29673000.0,0.0,-18230000.0,-1.8394,14338000.0,-27378000.0,DISTRIBUTION,-37.9858
2022-12-21,TMV,TMV,-6033000.0,120.67,-0.0071,-35706000.0,0.0,-6033000.0,-0.4693,8305000.0,-26781000.0,BALANCED,-5.7326
2022-12-22,TMV,TMV,0.0,120.79,0.001,-35706000.0,0.0,0.0,0.1652,-2307000.0,-33068000.0,BALANCED,-5.8701
2022-12-23,TMV,TMV,-31579000.0,126.32,0.0458,-67285000.0,0.0,-31579000.0,-2.777,-55842000.0,-64647000.0,DISTRIBUTION,-81.4251
2022-12-27,TMV,TMV,6693000.0,133.87,0.0598,-60592000.0,6693000.0,0.0,0.8852,-49149000.0,-57954000.0,BALANCED,14.1297
2022-12-28,TMV,TMV,-6814000.0,136.29,0.0181,-67406000.0,0.0,-6814000.0,-0.38,-37733000.0,-58238000.0,BALANCED,-21.5012
2022-12-29,TMV,TMV,13171000.0,131.71,-0.0336,-54235000.0,13171000.0,0.0,1.4273,-18529000.0,-32291000.0,BALANCED,27.6822
2022-12-30,TMV,TMV,-13634000.0,136.34,0.0352,-67869000.0,0.0,-13634000.0,-1.1529,-32163000.0,-45925000.0,BALANCED,-40.8219
2023-01-03,TMV,TMV,12860000.0,128.6,-0.0568,-55009000.0,12860000.0,0.0,1.3556,12276000.0,-27497000.0,BALANCED,45.8904
2023-01-04,TMV,TMV,-6168000.0,123.37,-0.0407,-61177000.0,0.0,-6168000.0,-0.4284,-585000.0,-33665000.0,BALANCED,-22.7092
2023-01-05,TMV,TMV,0.0,121.87,-0.0121,-61177000.0,0.0,0.0,0.1918,6229000.0,-39247000.0,BALANCED,14.7953
2023-01-06,TMV,TMV,0.0,115.31,-0.0538,-61177000.0,0.0,0.0,0.1708,-6942000.0,-34058000.0,BALANCED,-5.731
2023-01-09,TMV,TMV,-11351000.0,113.51,-0.0156,-72528000.0,0.0,-11351000.0,-0.8819,-4659000.0,-45409000.0,BALANCED,-34.0477
2023-01-10,TMV,TMV,0.0,119.2,0.0501,-72528000.0,0.0,0.0,0.2277,-17519000.0,-34113000.0,BALANCED,-4.3064
2023-01-11,TMV,TMV,0.0,113.43,-0.0484,-72528000.0,0.0,0.0,0.2277,-11351000.0,-28517000.0,BALANCED,-4.3064
2023-01-12,TMV,TMV,0.0,106.77,-0.0587,-72528000.0,0.0,0.0,0.2069,-11351000.0,-28517000.0,BALANCED,-4.8267
2023-01-13,TMV,TMV,5498000.0,109.96,0.0298,-67030000.0,5498000.0,0.0,0.6937,-5853000.0,-23019000.0,BALANCED,9.3415
2023-01-17,TMV,TMV,0.0,112.13,0.0198,-67030000.0,0.0,0.0,0.1489,5498000.0,-33631000.0,BALANCED,13.7227
2023-01-18,TMV,TMV,0.0,104.02,-0.0723,-67030000.0,0.0,0.0,0.1309,5498000.0,-55587000.0,BALANCED,13.2714
2023-01-19,TMV,TMV,42406000.0,106.02,0.0192,-24624000.0,42406000.0,0.0,3.2925,47904000.0,-13181000.0,ACCUMULATION,94.3132
2023-01-20,TMV,TMV,0.0,111.29,0.0498,-24624000.0,0.0,0.0,0.007,47904000.0,5049000.0,BALANCED,10.1753
2023-01-23,TMV,TMV,-5645000.0,112.9,0.0145,-30269000.0,0.0,-5645000.0,-0.4323,36761000.0,5437000.0,BALANCED,-2.8077
2023-01-24,TMV,TMV,0.0,108.08,-0.0427,-30269000.0,0.0,0.0,0.0082,36761000.0,5437000.0,BALANCED,10.2048
2023-01-25,TMV,TMV,0.0,107.34,-0.0069,-30269000.0,0.0,0.0,-0.0215,36761000.0,37016000.0,BALANCED,9.4629
2023-01-26,TMV,TMV,5444000.0,108.88,0.0144,-24825000.0,5444000.0,0.0,0.3806,-201000.0,35767000.0,BALANCED,1.5149
2023-01-27,TMV,TMV,0.0,109.84,0.0088,-24825000.0,0.0,0.0,-0.0507,-201000.0,42581000.0,BALANCED,-11.2666
2023-01-30,TMV,TMV,-11110000.0,111.1,0.0114,-35935000.0,0.0,-11110000.0,-0.8887,-5666000.0,18300000.0,BALANCED,-34.2171
2023-01-31,TMV,TMV,0.0,108.48,-0.0235,-35935000.0,0.0,0.0,0.0067,-5666000.0,31934000.0,BALANCED,-9.833
2023-02-01,TMV,TMV,0.0,104.62,-0.0356,-35935000.0,0.0,0.0,0.0683,-5666000.0,19074000.0,BALANCED,-8.2923
2023-02-02,TMV,TMV,10426000.0,104.26,-0.0035,-25509000.0,10426000.0,0.0,0.8985,-684000.0,35668000.0,BALANCED,14.4613
2023-02-03,TMV,TMV,0.0,109.08,0.0462,-25509000.0,0.0,0.0,-0.0119,-684000.0,35668000.0,BALANCED,-10.2978
2023-02-06,TMV,TMV,0.0,111.55,0.0226,-25509000.0,0.0,0.0,-0.0293,10426000.0,35668000.0,BALANCED,9.2671
2023-02-07,TMV,TMV,0.0,114.28,0.0245,-25509000.0,0.0,0.0,-0.0293,10426000.0,47019000.0,BALANCED,9.2671
2023-02-08,TMV,TMV,0.0,112.7,-0.0139,-25509000.0,0.0,0.0,-0.1405,10426000.0,47019000.0,BALANCED,6.4863
2023-02-09,TMV,TMV,23190000.0,115.95,0.0289,-2319000.0,23190000.0,0.0,1.9964,23190000.0,70209000.0,ACCUMULATION,61.9109
2023-02-10,TMV,TMV,-23999000.0,119.99,0.0349,-26318000.0,0.0,-23999000.0,-2.1957,-809000.0,46210000.0,DISTRIBUTION,-66.8923
2023-02-13,TMV,TMV,0.0,117.02,-0.0248,-26318000.0,0.0,0.0,-0.0821,-809000.0,40712000.0,BALANCED,-12.0519
2023-02-14,TMV,TMV,0.0,117.88,0.0073,-26318000.0,0.0,0.0,-0.1259,-809000.0,40712000.0,BALANCED,-13.1471
2023-02-15,TMV,TMV,0.0,121.23,0.0284,-26318000.0,0.0,0.0,-0.0886,-809000.0,40712000.0,BALANCED,-12.2162
2023-02-16,TMV,TMV,31608000.0,126.43,0.0429,5290000.0,31608000.0,0.0,2.4376,7609000.0,29914000.0,ACCUMULATION,72.9394
2023-02-17,TMV,TMV,-18557000.0,123.72,-0.0215,-13267000.0,0.0,-18557000.0,-1.5948,13051000.0,11357000.0,DISTRIBUTION,-31.8688
2023-02-21,TMV,TMV,-13099000.0,130.99,0.0588,-26366000.0,0.0,-13099000.0,-1.1038,-48000.0,3903000.0,BALANCED,-41.596
2023-02-22,TMV,TMV,0.0,127.45,-0.027,-26366000.0,0.0,0.0,-0.1211,-48000.0,3903000.0,BALANCED,-13.0282
2023-02-23,TMV,TMV,12377000.0,123.77,-0.0288,-13989000.0,12377000.0,0.0,0.8112,12329000.0,16280000.0,BALANCED,32.2807
2023-02-24,TMV,TMV,-12878000.0,128.78,0.0405,-26867000.0,0.0,-12878000.0,-1.0966,-32157000.0,-2042000.0,BALANCED,-39.4157
2023-02-27,TMV,TMV,0.0,127.77,-0.0078,-26867000.0,0.0,0.0,-0.1159,-13600000.0,-2042000.0,BALANCED,-12.8977
2023-02-28,TMV,TMV,0.0,126.09,-0.0131,-26867000.0,0.0,0.0,-0.1021,-501000.0,9068000.0,BALANCED,-12.5525
2023-03-01,TMV,TMV,0.0,130.2,0.0326,-26867000.0,0.0,0.0,-0.1021,-501000.0,9068000.0,BALANCED,-12.5525
2023-03-02,TMV,TMV,40118000.0,133.73,0.0271,13251000.0,40118000.0,0.0,2.5137,27240000.0,49186000.0,ACCUMULATION,74.8416
2023-03-03,TMV,TMV,-24839000.0,124.19,-0.0713,-11588000.0,0.0,-24839000.0,-1.8415,15279000.0,13921000.0,DISTRIBUTION,-38.0386
2023-03-06,TMV,TMV,0.0,127.13,0.0237,-11588000.0,0.0,0.0,-0.0317,15279000.0,13921000.0,BALANCED,9.2084
2023-03-07,TMV,TMV,0.0,124.85,-0.0179,-11588000.0,0.0,0.0,-0.0455,15279000.0,13921000.0,BALANCED,8.8617
2023-03-08,TMV,TMV,0.0,124.54,-0.0025,-11588000.0,0.0,0.0,-0.0455,15279000.0,13921000.0,BALANCED,8.8617
2023-03-09,TMV,TMV,43292000.0,123.69,-0.0068,31704000.0,43292000.0,0.0,2.6197,18453000.0,57213000.0,ACCUMULATION,77.4916
2023-03-10,TMV,TMV,-5553000.0,111.07,-0.1021,26151000.0,0.0,-5553000.0,-0.4595,37739000.0,28470000.0,BALANCED,-3.4868
2023-03-13,TMV,TMV,0.0,110.35,-0.0064,26151000.0,0.0,0.0,-0.1077,37739000.0,52469000.0,BALANCED,7.3086
2023-03-14,TMV,TMV,-23169000.0,115.85,0.0498,2982000.0,0.0,-23169000.0,-1.504,14570000.0,29300000.0,DISTRIBUTION,-29.6
2023-03-15,TMV,TMV,0.0,109.18,-0.0575,2982000.0,0.0,0.0,-0.0797,14570000.0,29300000.0,BALANCED,8.0064
2023-03-16,TMV,TMV,22357000.0,111.79,0.0238,25339000.0,22357000.0,0.0,1.2156,-6365000.0,51657000.0,BALANCED,22.3892
2023-03-17,TMV,TMV,-5345000.0,106.91,-0.0436,19994000.0,0.0,-5345000.0,-0.4112,-6157000.0,14704000.0,BALANCED,-22.28
2023-03-20,TMV,TMV,-16466000.0,109.78,0.0268,3528000.0,0.0,-16466000.0,-1.0251,-22623000.0,16795000.0,BALANCED,-39.6282
2023-03-21,TMV,TMV,0.0,111.46,0.0262,3528000.0,0.0,0.0,-0.0569,546000.0,29894000.0,BALANCED,8.5772
2023-03-22,TMV,TMV,5352000.0,107.05,-0.0396,8880000.0,5352000.0,0.0,0.247,5898000.0,35246000.0,BALANCED,18.1761
2023-03-23,TMV,TMV,10709000.0,107.09,0.0004,19589000.0,10709000.0,0.0,0.538,-5750000.0,33578000.0,BALANCED,7.4498
2023-03-24,TMV,TMV,-21176000.0,105.88,-0.0113,-1587000.0,0.0,-21176000.0,-1.2405,-21581000.0,25280000.0,BALANCED,-43.0137
2023-03-27,TMV,TMV,0.0,113.39,0.071,-1587000.0,0.0,0.0,-0.05,-5115000.0,25280000.0,BALANCED,-11.2508
2023-03-28,TMV,TMV,0.0,112.82,-0.005,-1587000.0,0.0,0.0,-0.05,-5115000.0,25280000.0,BALANCED,-11.2508
2023-03-29,TMV,TMV,0.0,113.56,0.0065,-1587000.0,0.0,0.0,-0.05,-10467000.0,25280000.0,BALANCED,-11.2508
2023-03-30,TMV,TMV,5603000.0,112.05,-0.0133,4016000.0,5603000.0,0.0,0.2783,-15573000.0,-9235000.0,BALANCED,-1.0422
2023-03-31,TMV,TMV,-16078000.0,107.19,-0.0434,-12062000.0,0.0,-16078000.0,-0.9854,-10475000.0,-474000.0,BALANCED,-36.6358
2023-04-03,TMV,TMV,0.0,105.73,-0.0136,-12062000.0,0.0,0.0,-0.0026,-10475000.0,-474000.0,BALANCED,-10.0654
2023-04-04,TMV,TMV,0.0,104.2,-0.0144,-12062000.0,0.0,0.0,-0.0315,-10475000.0,-474000.0,BALANCED,-10.7865
2023-04-05,TMV,TMV,35346000.0,100.99,-0.0309,23284000.0,35346000.0,0.0,2.0496,24871000.0,34872000.0,ACCUMULATION,63.2408
2023-04-06,TMV,TMV,-40160000.0,100.4,-0.0058,-16876000.0,0.0,-40160000.0,-2.228,-20892000.0,-48580000.0,DISTRIBUTION,-67.6999
2023-04-10,TMV,TMV,0.0,105.3,0.0488,-16876000.0,0.0,0.0,-0.0187,-4814000.0,-43027000.0,BALANCED,-10.4672
2023-04-11,TMV,TMV,0.0,104.69,-0.0058,-16876000.0,0.0,0.0,-0.0187,-4814000.0,-43027000.0,BALANCED,-10.4672
2023-04-12,TMV,TMV,0.0,105.05,0.0035,-16876000.0,0.0,0.0,-0.0187,-4814000.0,-19858000.0,BALANCED,-10.4672
2023-04-13,TMV,TMV,0.0,107.58,0.024,-16876000.0,0.0,0.0,-0.0187,-40160000.0,-19858000.0,BALANCED,-10.4672
2023-04-14,TMV,TMV,-16603000.0,110.68,0.0289,-33479000.0,0.0,-16603000.0,-0.9171,-16603000.0,-58818000.0,BALANCED,-34.9273
2023-04-17,TMV,TMV,0.0,114.69,0.0362,-33479000.0,0.0,0.0,0.0462,-16603000.0,-53473000.0,BALANCED,-8.8458
2023-04-18,TMV,TMV,0.0,113.52,-0.0102,-33479000.0,0.0,0.0,0.0462,-16603000.0,-37007000.0,BALANCED,-8.8458
2023-04-19,TMV,TMV,0.0,113.9,0.0034,-33479000.0,0.0,0.0,0.0462,-16603000.0,-37007000.0,BALANCED,-8.8458
2023-04-20,TMV,TMV,0.0,111.04,-0.0251,-33479000.0,0.0,0.0,0.0462,-16603000.0,-42359000.0,BALANCED,-8.8458
2023-04-21,TMV,TMV,0.0,113.08,0.0184,-33479000.0,0.0,0.0,0.1616,0.0,-53068000.0,BALANCED,4.039
2023-04-24,TMV,TMV,-10985000.0,109.85,-0.0285,-44464000.0,0.0,-10985000.0,-0.6378,-10985000.0,-42877000.0,BALANCED,-27.946
2023-04-25,TMV,TMV,0.0,105.06,-0.0436,-44464000.0,0.0,0.0,0.1739,-10985000.0,-42877000.0,BALANCED,-5.6513
2023-04-26,TMV,TMV,0.0,108.47,0.0325,-44464000.0,0.0,0.0,0.1221,-10985000.0,-42877000.0,BALANCED,-6.9472
2023-04-27,TMV,TMV,16763000.0,111.75,0.0302,-27701000.0,16763000.0,0.0,1.3296,5778000.0,-26114000.0,BALANCED,45.2397
2023-04-28,TMV,TMV,0.0,106.51,-0.0469,-27701000.0,0.0,0.0,0.14,5778000.0,-31717000.0,BALANCED,13.4992
2023-05-01,TMV,TMV,0.0,115.75,0.0868,-27701000.0,0.0,0.0,0.126,16763000.0,-15639000.0,BALANCED,13.1502
2023-05-02,TMV,TMV,0.0,107.15,-0.0743,-27701000.0,0.0,0.0,0.0846,16763000.0,-15639000.0,BALANCED,12.1155
2023-05-03,TMV,TMV,0.0,105.4,-0.0163,-27701000.0,0.0,0.0,0.0846,16763000.0,-15639000.0,BALANCED,12.1155
2023-05-04,TMV,TMV,10858000.0,108.58,0.0301,-16843000.0,10858000.0,0.0,0.9417,10858000.0,-40127000.0,BALANCED,35.5426
2023-05-05,TMV,TMV,-21964000.0,109.82,0.0115,-38807000.0,0.0,-21964000.0,-1.5617,-11106000.0,-21931000.0,DISTRIBUTION,-51.0428
2023-05-08,TMV,TMV,0.0,114.5,0.0426,-38807000.0,0.0,0.0,0.1009,-11106000.0,-21931000.0,BALANCED,-7.4772
2023-05-09,TMV,TMV,-17366000.0,115.78,0.0112,-56173000.0,0.0,-17366000.0,-1.2301,-28472000.0,-39297000.0,BALANCED,-42.7531
2023-05-10,TMV,TMV,-22493000.0,112.46,-0.0286,-78666000.0,0.0,-22493000.0,-1.5114,-50965000.0,-61790000.0,DISTRIBUTION,-51.7859
2023-05-11,TMV,TMV,32684000.0,108.95,-0.0313,-45982000.0,32684000.0,0.0,2.3291,-29139000.0,-29106000.0,ACCUMULATION,50.2266
2023-05-12,TMV,TMV,0.0,111.86,0.0267,-45982000.0,0.0,0.0,0.1141,-7175000.0,-12503000.0,BALANCED,-7.1483
2023-05-15,TMV,TMV,0.0,115.39,0.0316,-45982000.0,0.0,0.0,0.0788,-7175000.0,-12503000.0,BALANCED,-8.0311
2023-05-16,TMV,TMV,-5824000.0,116.49,0.0095,-51806000.0,0.0,-5824000.0,-0.3129,4367000.0,-18327000.0,BALANCED,0.1781
2023-05-17,TMV,TMV,-5879000.0,117.57,0.0093,-57685000.0,0.0,-5879000.0,-0.3026,20981000.0,-24206000.0,BALANCED,-1.5656
2023-05-18,TMV,TMV,-12025000.0,120.25,0.0228,-69710000.0,0.0,-12025000.0,-0.7017,-23728000.0,-36231000.0,BALANCED,-33.5437
2023-05-19,TMV,TMV,-116850000.0,123.0,0.0229,-186560000.0,0.0,-116850000.0,-4.725,-140578000.0,-153081000.0,DISTRIBUTION,-100.0
2023-05-22,TMV,TMV,0.0,124.37,0.0112,-186560000.0,0.0,0.0,0.2403,-140578000.0,-142096000.0,BALANCED,-3.9913
2023-05-23,TMV,TMV,-12337000.0,123.37,-0.0081,-198897000.0,0.0,-12337000.0,-0.2664,-147091000.0,-154433000.0,BALANCED,-18.6588
2023-05-24,TMV,TMV,-6263000.0,125.26,0.0154,-205160000.0,0.0,-6263000.0,0.0006,-147475000.0,-160696000.0,BALANCED,-13.986
2023-05-25,TMV,TMV,12627000.0,126.27,0.008,-192533000.0,12627000.0,0.0,0.7786,-122823000.0,-164832000.0,BALANCED,11.4639
2023-05-26,TMV,TMV,-12349000.0,123.49,-0.022,-204882000.0,0.0,-12349000.0,-0.2802,-18322000.0,-177181000.0,BALANCED,-19.0039
2023-05-30,TMV,TMV,0.0,119.85,-0.0294,-204882000.0,0.0,0.0,0.2412,-18322000.0,-177181000.0,BALANCED,-3.9694
2023-05-31,TMV,TMV,0.0,116.78,-0.0256,-204882000.0,0.0,0.0,0.2412,-5985000.0,-177181000.0,BALANCED,-3.9694
2023-06-01,TMV,TMV,11547000.0,115.47,-0.0112,-193335000.0,11547000.0,0.0,0.7068,11825000.0,-165634000.0,BALANCED,29.6711
2023-06-02,TMV,TMV,0.0,119.46,0.0345,-193335000.0,0.0,0.0,0.2232,-802000.0,-176492000.0,BALANCED,-4.4202
2023-06-05,TMV,TMV,12019000.0,120.19,0.0061,-181316000.0,12019000.0,0.0,0.7042,23566000.0,-142509000.0,BALANCED,29.6039
2023-06-06,TMV,TMV,-11812000.0,118.12,-0.0173,-193128000.0,0.0,-11812000.0,-0.2848,11754000.0,-154321000.0,BALANCED,0.8799
2023-06-07,TMV,TMV,-6171000.0,123.43,0.045,-199299000.0,0.0,-6171000.0,-0.042,5583000.0,-143126000.0,BALANCED,4.9506
2023-06-08,TMV,TMV,11915000.0,119.15,-0.0346,-187384000.0,11915000.0,0.0,0.688,5951000.0,-108718000.0,BALANCED,29.1998
2023-06-09,TMV,TMV,-5991000.0,119.83,0.0057,-193375000.0,0.0,-5991000.0,-0.0196,-40000.0,-147393000.0,BALANCED,-12.4901
2023-06-12,TMV,TMV,0.0,118.83,-0.0084,-193375000.0,0.0,0.0,0.2311,-12059000.0,-147393000.0,BALANCED,-4.2233
2023-06-13,TMV,TMV,-12240000.0,122.4,0.03,-205615000.0,0.0,-12240000.0,-0.2639,-12487000.0,-159633000.0,BALANCED,-18.5981
2023-06-14,TMV,TMV,-35859000.0,119.53,-0.0234,-241474000.0,0.0,-35859000.0,-1.1733,-42175000.0,-189668000.0,BALANCED,-43.3324
2023-06-15,TMV,TMV,58070000.0,116.14,-0.0284,-183404000.0,58070000.0,0.0,2.3244,3980000.0,-125719000.0,ACCUMULATION,70.1109
2023-06-16,TMV,TMV,-5887000.0,117.74,0.0138,-189291000.0,0.0,-5887000.0,-0.0051,4084000.0,-119581000.0,BALANCED,7.8718
2023-06-20,TMV,TMV,0.0,115.36,-0.0202,-189291000.0,0.0,0.0,0.1866,4084000.0,-2731000.0,BALANCED,14.6638
2023-06-21,TMV,TMV,-5666000.0,113.31,-0.0068,-194957000.0,0.0,-5666000.0,-0.0172,10658000.0,-8397000.0,BALANCED,7.5711
2023-06-22,TMV,TMV,11748000.0,117.48,0.0367,-183209000.0,11748000.0,0.0,0.5932,58265000.0,15688000.0,BALANCED,26.8297
2023-06-23,TMV,TMV,-22830000.0,114.15,-0.0283,-206039000.0,0.0,-22830000.0,-0.6895,-22635000.0,-879000.0,BALANCED,-29.2387
2023-06-26,TMV,TMV,5692000.0,113.85,-0.0027,-200347000.0,5692000.0,0.0,0.415,-11056000.0,-7814000.0,BALANCED,2.3754
2023-06-27,TMV,TMV,0.0,114.8,0.0084,-200347000.0,0.0,0.0,0.197,-11056000.0,4535000.0,BALANCED,-5.0739
2023-06-28,TMV,TMV,-17009000.0,113.4,-0.0122,-217356000.0,0.0,-17009000.0,-0.4315,-22399000.0,-12474000.0,BALANCED,-22.7863
2023-06-29,TMV,TMV,35878000.0,119.59,0.0547,-181478000.0,35878000.0,0.0,1.4746,1731000.0,23404000.0,BALANCED,48.866
2023-06-30,TMV,TMV,0.0,115.55,-0.0339,-181478000.0,0.0,0.0,0.1513,24561000.0,11857000.0,BALANCED,13.7828
2023-07-03,TMV,TMV,0.0,117.63,0.0181,-181478000.0,0.0,0.0,0.1368,18869000.0,11857000.0,BALANCED,13.4194
2023-07-05,TMV,TMV,-30262000.0,121.05,0.029,-211740000.0,0.0,-30262000.0,-1.6543,-11393000.0,-30424000.0,DISTRIBUTION,-53.3563
2023-07-06,TMV,TMV,31563000.0,126.25,0.043,-180177000.0,31563000.0,0.0,1.6724,37179000.0,12951000.0,ACCUMULATION,53.8112
2023-07-07,TMV,TMV,-19309000.0,128.73,0.0196,-199486000.0,0.0,-19309000.0,-1.018,-18008000.0,-187000.0,BALANCED,-37.4501
2023-07-10,TMV,TMV,-25658000.0,128.29,-0.0034,-225144000.0,0.0,-25658000.0,-1.2822,-43666000.0,-37760000.0,BALANCED,-46.0546
2023-07-11,TMV,TMV,-6319000.0,126.37,-0.0149,-231463000.0,0.0,-6319000.0,-0.2595,-49985000.0,-38088000.0,BALANCED,-22.4867
2023-07-12,TMV,TMV,-24443000.0,122.22,-0.0329,-255906000.0,0.0,-24443000.0,-1.1536,-44166000.0,-62531000.0,BALANCED,-46.8412
2023-07-13,TMV,TMV,47367000.0,118.42,-0.0311,-208539000.0,47367000.0,0.0,2.1929,-28362000.0,-2924000.0,ACCUMULATION,46.8234
2023-07-14,TMV,TMV,0.0,120.69,0.0192,-208539000.0,0.0,0.0,0.0056,-9053000.0,32935000.0,BALANCED,-9.8593
2023-07-17,TMV,TMV,-18086000.0,120.57,-0.001,-226625000.0,0.0,-18086000.0,-0.7794,-1481000.0,-43221000.0,BALANCED,-31.4859
2023-07-18,TMV,TMV,0.0,118.98,-0.0132,-226625000.0,0.0,0.0,0.0509,4838000.0,-37334000.0,BALANCED,11.2737
2023-07-19,TMV,TMV,0.0,115.01,-0.0334,-226625000.0,0.0,0.0,0.0698,29281000.0,-37334000.0,BALANCED,11.7448
2023-07-20,TMV,TMV,29812000.0,119.25,0.0369,-196813000.0,29812000.0,0.0,1.3434,11726000.0,-1856000.0,BALANCED,45.5862
2023-07-21,TMV,TMV,-11932000.0,119.32,0.0006,-208745000.0,0.0,-11932000.0,-0.5195,-206000.0,-25536000.0,BALANCED,-24.9883
2023-07-24,TMV,TMV,-12069000.0,120.69,0.0115,-220814000.0,0.0,-12069000.0,-0.4904,5811000.0,-14775000.0,BALANCED,-6.2606
2023-07-25,TMV,TMV,-6072000.0,121.44,0.0062,-226886000.0,0.0,-6072000.0,-0.2218,-261000.0,-26539000.0,BALANCED,-21.5455
2023-07-26,TMV,TMV,-6057000.0,121.14,-0.0024,-232943000.0,0.0,-6057000.0,-0.2119,-6318000.0,-32596000.0,BALANCED,-23.2987
2023-07-27,TMV,TMV,44898000.0,128.28,0.0589,-188045000.0,44898000.0,0.0,1.8634,8768000.0,29311000.0,ACCUMULATION,58.5844
2023-07-28,TMV,TMV,-31626000.0,126.5,-0.0139,-219671000.0,0.0,-31626000.0,-1.3727,-10926000.0,-38193000.0,BALANCED,-46.3177
2023-07-31,TMV,TMV,0.0,125.66,-0.0067,-219671000.0,0.0,0.0,0.0577,1143000.0,-38193000.0,BALANCED,11.4437
2023-08-01,TMV,TMV,-6595000.0,131.89,0.0496,-226266000.0,0.0,-6595000.0,-0.2561,620000.0,-44788000.0,BALANCED,1.5977
2023-08-02,TMV,TMV,-27240000.0,136.2,0.0327,-253506000.0,0.0,-27240000.0,-1.1691,-20563000.0,-41766000.0,BALANCED,-43.2283
2023-08-03,TMV,TMV,50998000.0,145.71,0.0698,-202508000.0,50998000.0,0.0,2.1771,-14463000.0,-22331000.0,ACCUMULATION,46.4276
2023-08-04,TMV,TMV,-41460000.0,138.2,-0.0515,-243968000.0,0.0,-41460000.0,-1.6039,-24297000.0,-44482000.0,DISTRIBUTION,-52.0983
2023-08-07,TMV,TMV,7117000.0,142.34,0.03,-236851000.0,7117000.0,0.0,0.3349,-17180000.0,-11707000.0,BALANCED,0.3722
2023-08-08,TMV,TMV,0.0,137.45,-0.0344,-236851000.0,0.0,0.0,0.0501,-10585000.0,-5388000.0,BALANCED,-8.7475
2023-08-09,TMV,TMV,-20309000.0,135.39,-0.0149,-257160000.0,0.0,-20309000.0,-0.7506,-3654000.0,-1254000.0,BALANCED,-30.7653
2023-08-10,TMV,TMV,120832000.0,142.16,0.05,-136328000.0,120832000.0,0.0,3.5756,66180000.0,72211000.0,ACCUMULATION,100.0
2023-08-11,TMV,TMV,-100343000.0,143.35,0.0084,-236671000.0,0.0,-100343000.0,-2.6341,7297000.0,-28132000.0,DISTRIBUTION,-57.8529
2023-08-14,TMV,TMV,0.0,144.37,0.0071,-236671000.0,0.0,0.0,0.0492,180000.0,-10046000.0,BALANCED,11.2299
2023-08-15,TMV,TMV,-7354000.0,147.09,0.0188,-244025000.0,0.0,-7354000.0,-0.1409,-7174000.0,-17400000.0,BALANCED,-15.5215
2023-08-16,TMV,TMV,-30125000.0,150.62,0.024,-274150000.0,0.0,-30125000.0,-0.7498,-16990000.0,-47525000.0,BALANCED,-32.7448
2023-08-17,TMV,TMV,76318000.0,152.64,0.0134,-197832000.0,76318000.0,0.0,1.9412,-61504000.0,-1019000.0,ACCUMULATION,40.5296
2023-08-18,TMV,TMV,-37815000.0,151.26,-0.009,-235647000.0,0.0,-37815000.0,-0.9138,1024000.0,-26902000.0,BALANCED,-14.8459
2023-08-21,TMV,TMV,-7869000.0,157.39,0.0405,-243516000.0,0.0,-7869000.0,-0.1822,-6845000.0,-22702000.0,BALANCED,-18.5561
2023-08-22,TMV,TMV,0.0,153.85,-0.0225,-243516000.0,0.0,0.0,0.0101,509000.0,-16630000.0,BALANCED,10.2523
2023-08-23,TMV,TMV,-14250000.0,142.5,-0.0738,-257766000.0,0.0,-14250000.0,-0.358,16384000.0,-24823000.0,BALANCED,-0.9493
2023-08-24,TMV,TMV,50886000.0,145.39,0.0203,-206880000.0,50886000.0,0.0,1.2777,-9048000.0,-18835000.0,BALANCED,23.9413
2023-08-25,TMV,TMV,0.0,144.2,-0.0082,-206880000.0,0.0,0.0,-0.0014,28767000.0,12791000.0,BALANCED,9.9653
2023-08-28,TMV,TMV,-35956000.0,35.96,-0.0026,-242836000.0,0.0,-35956000.0,-0.8811,680000.0,-23165000.0,BALANCED,-14.0263
2023-08-29,TMV,TMV,-12200000.0,34.86,-0.0306,-255036000.0,0.0,-12200000.0,-0.2796,-11520000.0,-28770000.0,BALANCED,-20.9889
2023-08-30,TMV,TMV,-3499000.0,34.99,0.0037,-258535000.0,0.0,-3499000.0,-0.0605,-769000.0,-5029000.0,BALANCED,-17.5124
2023-08-31,TMV,TMV,58713000.0,34.54,-0.0128,-199822000.0,58713000.0,0.0,1.4223,7058000.0,2686000.0,BALANCED,47.5577
2023-09-01,TMV,TMV,-59768000.0,36.22,0.0488,-259590000.0,0.0,-59768000.0,-1.3593,-52710000.0,-15622000.0,BALANCED,-45.9831
2023-09-05,TMV,TMV,3777000.0,37.77,0.0427,-255813000.0,3777000.0,0.0,0.1158,-12977000.0,-18962000.0,BALANCED,-5.1047
2023-09-06,TMV,TMV,-9378000.0,37.51,-0.0068,-265191000.0,0.0,-9378000.0,-0.1897,-10155000.0,-28340000.0,BALANCED,-16.7425
2023-09-07,TMV,TMV,20469000.0,37.22,-0.0079,-244722000.0,20469000.0,0.0,0.4866,13813000.0,12438000.0,BALANCED,24.1638
2023-09-08,TMV,TMV,0.0,36.85,-0.0097,-244722000.0,0.0,0.0,0.045,-44900000.0,-108394000.0,BALANCED,-8.8759
2023-09-11,TMV,TMV,-16949000.0,37.66,0.022,-261671000.0,0.0,-16949000.0,-0.3725,-2081000.0,-25000000.0,BALANCED,-21.3124
2023-09-12,TMV,TMV,0.0,37.04,-0.0167,-261671000.0,0.0,0.0,0.0335,-5858000.0,-25000000.0,BALANCED,-9.1615
2023-09-13,TMV,TMV,-3708000.0,37.08,0.0012,-265379000.0,0.0,-3708000.0,-0.0576,-188000.0,-21354000.0,BALANCED,-13.4402
2023-09-14,TMV,TMV,49266000.0,37.9,0.022,-216113000.0,49266000.0,0.0,1.1318,28609000.0,58037000.0,BALANCED,40.2962
2023-09-15,TMV,TMV,3865000.0,38.65,0.0198,-212248000.0,3865000.0,0.0,0.1012,32474000.0,-14416000.0,BALANCED,16.5312
2023-09-18,TMV,TMV,0.0,38.01,-0.0165,-212248000.0,0.0,0.0,-0.026,49423000.0,23399000.0,BALANCED,9.3496
2023-09-19,TMV,TMV,0.0,38.61,0.0226,-212248000.0,0.0,0.0,-0.0202,49423000.0,31268000.0,BALANCED,9.4954
2023-09-20,TMV,TMV,-72715000.0,38.27,-0.0088,-284963000.0,0.0,-72715000.0,-1.6618,-19584000.0,-41447000.0,DISTRIBUTION,-53.5461
2023-09-21,TMV,TMV,47424000.0,41.24,0.0775,-237539000.0,47424000.0,0.0,1.0739,-21426000.0,20227000.0,BALANCED,18.8486
2023-09-22,TMV,TMV,-18142000.0,40.31,-0.0224,-255681000.0,0.0,-18142000.0,-0.3801,-43433000.0,-48801000.0,BALANCED,-21.5024
2023-09-25,TMV,TMV,-4331000.0,43.31,0.0743,-260012000.0,0.0,-4331000.0,-0.1092,-47764000.0,-53132000.0,BALANCED,-16.7311
2023-09-26,TMV,TMV,-13136000.0,43.79,0.011,-273148000.0,0.0,-13136000.0,-0.3656,-60900000.0,-30312000.0,BALANCED,-25.1411
2023-09-27,TMV,TMV,-15573000.0,44.49,0.0162,-288721000.0,0.0,-15573000.0,-0.4308,-3758000.0,-33685000.0,BALANCED,-28.7708
2023-09-28,TMV,TMV,41909000.0,44.11,-0.0085,-246812000.0,41909000.0,0.0,1.2366,-9273000.0,11723000.0,BALANCED,22.9142
2023-09-29,TMV,TMV,-35343000.0,44.18,0.0015,-282155000.0,0.0,-35343000.0,-1.0644,-26474000.0,-82333000.0,BALANCED,-38.6103
2023-10-02,TMV,TMV,-9283000.0,46.42,0.0507,-291438000.0,0.0,-9283000.0,-0.2485,-31426000.0,-31848000.0,BALANCED,-20.2124
2023-10-03,TMV,TMV,4944000.0,49.44,0.0652,-286494000.0,4944000.0,0.0,0.2134,-13346000.0,-30681000.0,BALANCED,-2.6641
2023-10-04,TMV,TMV,-23688000.0,47.38,-0.0418,-310182000.0,0.0,-23688000.0,-0.712,-21461000.0,-44991000.0,BALANCED,-29.8002
2023-10-05,TMV,TMV,79373000.0,48.11,0.0154,-230809000.0,79373000.0,0.0,2.3413,16003000.0,13913000.0,ACCUMULATION,70.5322
2023-10-06,TMV,TMV,-4993000.0,49.93,0.0379,-235802000.0,0.0,-4993000.0,-0.1252,46353000.0,8920000.0,BALANCED,4.869
2023-10-09,TMV,TMV,2322000.0,46.44,-0.0699,-233480000.0,2322000.0,0.0,0.0997,57958000.0,28191000.0,BALANCED,14.4932
2023-10-10,TMV,TMV,-55977000.0,46.65,0.0046,-289457000.0,0.0,-55977000.0,-1.6432,-2963000.0,-27786000.0,DISTRIBUTION,-53.079
2023-10-11,TMV,TMV,-28435000.0,43.75,-0.0622,-317892000.0,0.0,-28435000.0,-0.7879,-7710000.0,-52513000.0,BALANCED,-33.6965
2023-10-12,TMV,TMV,94659000.0,47.33,0.0819,-223233000.0,94659000.0,0.0,2.4726,7576000.0,-7120000.0,ACCUMULATION,73.8156
2023-10-13,TMV,TMV,-11216000.0,44.86,-0.0521,-234449000.0,0.0,-11216000.0,-0.2775,1353000.0,-22201000.0,BALANCED,1.063
2023-10-16,TMV,TMV,-16469000.0,47.05,0.0488,-250918000.0,0.0,-16469000.0,-0.4833,-17438000.0,-38670000.0,BALANCED,-26.0823
2023-10-17,TMV,TMV,-24318000.0,48.64,0.0337,-275236000.0,0.0,-24318000.0,-0.6772,14221000.0,-62988000.0,BALANCED,-12.9289
2023-10-18,TMV,TMV,-39960000.0,49.95,0.027,-315196000.0,0.0,-39960000.0,-1.0739,2696000.0,-30233000.0,BALANCED,-24.8475
2023-10-19,TMV,TMV,82214000.0,53.04,0.0619,-232982000.0,82214000.0,0.0,2.1177,-9749000.0,4557000.0,ACCUMULATION,44.9429
2023-10-20,TMV,TMV,-13055000.0,52.22,-0.0155,-246037000.0,0.0,-13055000.0,-0.3361,-11588000.0,9644000.0,BALANCED,-20.4018
2023-10-23,TMV,TMV,-55398000.0,50.36,-0.0356,-301435000.0,0.0,-55398000.0,-1.3548,-50517000.0,-41423000.0,BALANCED,-47.8698
2023-10-24,TMV,TMV,-4840000.0,48.4,-0.039,-306275000.0,0.0,-4840000.0,-0.084,-31039000.0,-33127000.0,BALANCED,-18.1001
2023-10-25,TMV,TMV,-41326000.0,51.66,0.0673,-347601000.0,0.0,-41326000.0,-0.951,-32405000.0,-58880000.0,BALANCED,-41.7747
2023-10-26,TMV,TMV,81366000.0,49.31,-0.0454,-266235000.0,81366000.0,0.0,1.9595,-33253000.0,-19423000.0,ACCUMULATION,40.9881
2023-10-27,TMV,TMV,-7503000.0,50.02,0.0144,-273738000.0,0.0,-7503000.0,-0.1287,-27701000.0,8417000.0,BALANCED,-15.2173
2023-10-30,TMV,TMV,0.0,50.73,0.0141,-273738000.0,0.0,0.0,0.0484,27697000.0,17700000.0,BALANCED,11.2092
2023-10-31,TMV,TMV,0.0,51.5,0.0152,-273738000.0,0.0,0.0,0.0484,32537000.0,12756000.0,BALANCED,11.2092
2023-11-01,TMV,TMV,-67468000.0,48.19,-0.0642,-341206000.0,0.0,-67468000.0,-1.5586,6395000.0,-31024000.0,DISTRIBUTION,-30.9659
2023-11-02,TMV,TMV,130265000.0,44.92,-0.0679,-210941000.0,130265000.0,0.0,2.7087,55294000.0,19868000.0,ACCUMULATION,79.7169
2023-11-03,TMV,TMV,-63911000.0,44.08,-0.0187,-274852000.0,0.0,-63911000.0,-1.2885,-1114000.0,-39050000.0,BALANCED,-44.2124
2023-11-06,TMV,TMV,-15883000.0,45.38,0.0296,-290735000.0,0.0,-15883000.0,-0.3021,-16997000.0,-57255000.0,BALANCED,-21.5532
2023-11-07,TMV,TMV,-10849000.0,43.4,-0.0437,-301584000.0,0.0,-10849000.0,-0.2014,-27846000.0,-12127000.0,BALANCED,-21.0349
2023-11-08,TMV,TMV,-47377000.0,41.2,-0.0506,-348961000.0,0.0,-47377000.0,-0.9105,-7755000.0,-31069000.0,BALANCED,-40.763
2023-11-09,TMV,TMV,118952000.0,44.06,0.0694,-230009000.0,118952000.0,0.0,2.1932,-19068000.0,-6776000.0,ACCUMULATION,46.83
2023-11-10,TMV,TMV,-54220000.0,43.38,-0.0154,-284229000.0,0.0,-54220000.0,-0.9932,-9377000.0,-49780000.0,BALANCED,-36.83
2023-11-13,TMV,TMV,4369000.0,43.69,0.0072,-279860000.0,4369000.0,0.0,0.0731,10875000.0,-28942000.0,BALANCED,13.8271
2023-11-14,TMV,TMV,-16297000.0,40.74,-0.0674,-296157000.0,0.0,-16297000.0,-0.2927,5427000.0,-20921000.0,BALANCED,0.6822
2023-11-15,TMV,TMV,-48852000.0,42.48,0.0426,-345009000.0,0.0,-48852000.0,-0.8649,3952000.0,-29813000.0,BALANCED,-15.6237
2023-11-16,TMV,TMV,132995000.0,40.92,-0.0367,-212014000.0,132995000.0,0.0,2.2589,17995000.0,20968000.0,ACCUMULATION,68.4723
2023-11-17,TMV,TMV,-78791000.0,40.41,-0.0126,-290805000.0,0.0,-78791000.0,-1.2749,-6576000.0,-44768000.0,BALANCED,-43.8716
2023-11-20,TMV,TMV,-61499000.0,39.68,-0.018,-352304000.0,0.0,-61499000.0,-0.9382,-72444000.0,-50869000.0,BALANCED,-37.4541
2023-11-21,TMV,TMV,-1987000.0,39.75,0.0018,-354291000.0,0.0,-1987000.0,0.0029,-58134000.0,-48016000.0,BALANCED,-15.9281
2023-11-22,TMV,TMV,59061000.0,39.37,-0.0094,-295230000.0,59061000.0,0.0,0.9507,49779000.0,52371000.0,BALANCED,35.7665
2023-11-24,TMV,TMV,-4082000.0,40.82,0.0368,-299312000.0,0.0,-4082000.0,-0.0263,-87298000.0,-33077000.0,BALANCED,-12.6583
2023-11-27,TMV,TMV,-29100000.0,38.8,-0.0495,-328412000.0,0.0,-29100000.0,-0.4409,-37607000.0,-54674000.0,BALANCED,-25.0232
2023-11-28,TMV,TMV,-11577000.0,38.59,-0.0054,-339989000.0,0.0,-11577000.0,-0.1462,12315000.0,-66251000.0,BALANCED,0.344
2023-11-29,TMV,TMV,-14863000.0,37.16,-0.0371,-354852000.0,0.0,-14863000.0,-0.2077,-561000.0,-81114000.0,BALANCED,-23.1937
2023-11-30,TMV,TMV,107700000.0,38.46,0.0352,-247152000.0,107700000.0,0.0,1.7102,48078000.0,94054000.0,ACCUMULATION,54.7543
2023-12-01,TMV,TMV,-9088000.0,36.35,-0.0549,-256240000.0,0.0,-9088000.0,-0.139,43072000.0,-45299000.0,BALANCED,4.5244
2023-12-04,TMV,TMV,-73626000.0,36.81,0.0127,-329866000.0,0.0,-73626000.0,-1.1569,-1454000.0,-55014000.0,BALANCED,-42.9217
2023-12-05,TMV,TMV,0.0,34.45,-0.0641,-329866000.0,0.0,0.0,0.0157,10123000.0,-39131000.0,BALANCED,10.3922
2023-12-06,TMV,TMV,-19857000.0,33.1,-0.0394,-349723000.0,0.0,-19857000.0,-0.3042,5129000.0,-48139000.0,BALANCED,0.3945
2023-12-07,TMV,TMV,156585000.0,33.67,0.0175,-193138000.0,156585000.0,0.0,2.277,54014000.0,155823000.0,ACCUMULATION,68.9262
2023-12-08,TMV,TMV,-74275000.0,34.55,0.0259,-267413000.0,0.0,-74275000.0,-1.1176,-11173000.0,-37404000.0,BALANCED,-39.9395
2023-12-11,TMV,TMV,-27827000.0,34.78,0.0069,-295240000.0,0.0,-27827000.0,-0.407,34626000.0,-11011000.0,BALANCED,-4.1754
2023-12-12,TMV,TMV,0.0,34.49,-0.0085,-295240000.0,0.0,0.0,0.0108,34626000.0,-15380000.0,BALANCED,10.269
2023-12-13,TMV,TMV,-28872000.0,32.08,-0.0698,-324112000.0,0.0,-28872000.0,-0.407,25611000.0,-27955000.0,BALANCED,-2.1762
2023-12-14,TMV,TMV,113962000.0,29.6,-0.0773,-210150000.0,113962000.0,0.0,1.5923,-17012000.0,134859000.0,ACCUMULATION,31.8083
2023-12-15,TMV,TMV,-78296000.0,29.55,-0.0019,-288446000.0,0.0,-78296000.0,-1.1445,-21033000.0,-76432000.0,BALANCED,-40.6131
2023-12-18,TMV,TMV,4540000.0,30.27,0.0244,-283906000.0,4540000.0,0.0,0.0743,11334000.0,6899000.0,BALANCED,13.8583
2023-12-19,TMV,TMV,-8938000.0,29.79,-0.0156,-292844000.0,0.0,-8938000.0,-0.1362,2396000.0,59460000.0,BALANCED,4.5941
2023-12-20,TMV,TMV,-56949000.0,29.2,-0.0198,-349793000.0,0.0,-56949000.0,-0.8399,-25681000.0,4498000.0,BALANCED,-34.9967
2023-12-21,TMV,TMV,122440000.0,29.5,0.0195,-227353000.0,122440000.0,0.0,1.7146,-17203000.0,67877000.0,ACCUMULATION,34.8656
2023-12-22,TMV,TMV,-37458000.0,29.97,0.0157,-264811000.0,0.0,-37458000.0,-0.5508,23635000.0,34501000.0,BALANCED,-5.7693
2023-12-26,TMV,TMV,-41615000.0,29.73,-0.0081,-306426000.0,0.0,-41615000.0,-0.6232,-22520000.0,21986000.0,BALANCED,-29.579
2023-12-27,TMV,TMV,-35201000.0,28.16,-0.0526,-341627000.0,0.0,-35201000.0,-0.503,-48783000.0,-1638000.0,BALANCED,-28.5759
2023-12-28,TMV,TMV,87804000.0,28.79,0.0223,-253823000.0,87804000.0,0.0,1.2738,95970000.0,101029000.0,BALANCED,43.8458
2023-12-29,TMV,TMV,-48934000.0,29.66,0.0302,-302757000.0,0.0,-48934000.0,-0.7423,-75404000.0,-55605000.0,BALANCED,-30.5564
2024-01-02,TMV,TMV,-4527000.0,30.18,0.0176,-307284000.0,0.0,-4527000.0,-0.0214,-42473000.0,-51044000.0,BALANCED,-14.5353
2024-01-03,TMV,TMV,-31304000.0,29.81,-0.0122,-338588000.0,0.0,-31304000.0,-0.4814,-32162000.0,-8722000.0,BALANCED,-28.0338
2024-01-04,TMV,TMV,121634000.0,31.19,0.0461,-216954000.0,121634000.0,0.0,1.8135,124673000.0,112912000.0,ACCUMULATION,57.3363
2024-01-05,TMV,TMV,3213000.0,32.13,0.0301,-213741000.0,3213000.0,0.0,-0.0228,40082000.0,135982000.0,BALANCED,13.4301
2024-01-08,TMV,TMV,-99824000.0,31.2,-0.029,-313565000.0,0.0,-99824000.0,-1.4931,-10808000.0,-120427000.0,BALANCED,-49.3266
2024-01-09,TMV,TMV,-11132000.0,31.8,0.0195,-324697000.0,0.0,-11132000.0,-0.1547,-17413000.0,-57284000.0,BALANCED,-17.8684
2024-01-10,TMV,TMV,-27428000.0,32.27,0.0146,-352125000.0,0.0,-27428000.0,-0.4009,-13537000.0,-56885000.0,BALANCED,-26.0216
2024-01-11,TMV,TMV,171407000.0,31.74,-0.0163,-180718000.0,171407000.0,0.0,2.2612,36236000.0,114522000.0,ACCUMULATION,68.5305
2024-01-12,TMV,TMV,-79973000.0,31.99,0.0078,-260691000.0,0.0,-79973000.0,-1.1079,-46950000.0,63421000.0,BALANCED,-39.6977
2024-01-16,TMV,TMV,-145252000.0,33.78,0.056,-405943000.0,0.0,-145252000.0,-1.8165,-92378000.0,-195793000.0,DISTRIBUTION,-59.4133
2024-01-17,TMV,TMV,-115470000.0,33.96,0.0054,-521413000.0,0.0,-115470000.0,-1.339,-196716000.0,-232967000.0,BALANCED,-49.4758
2024-01-18,TMV,TMV,155317000.0,34.9,0.0277,-366096000.0,155317000.0,0.0,1.8621,-13971000.0,-82190000.0,ACCUMULATION,38.553
2024-01-19,TMV,TMV,112233000.0,34.53,-0.0106,-253863000.0,112233000.0,0.0,1.2671,-73145000.0,38981000.0,BALANCED,25.6785
2024-01-22,TMV,TMV,-15270000.0,33.93,-0.0174,-269133000.0,0.0,-15270000.0,-0.2075,-8442000.0,80660000.0,BALANCED,-17.1875
2024-01-23,TMV,TMV,-38236000.0,34.76,0.0243,-307369000.0,0.0,-38236000.0,-0.4211,98574000.0,-80016000.0,BALANCED,-4.5263
2024-01-24,TMV,TMV,-31852000.0,35.39,0.0182,-339221000.0,0.0,-31852000.0,-0.3643,182192000.0,-74410000.0,BALANCED,-5.1069
2024-01-25,TMV,TMV,15623000.0,34.72,-0.019,-323598000.0,15623000.0,0.0,0.2051,42498000.0,-17172000.0,BALANCED,17.1272
2024-01-26,TMV,TMV,-13991000.0,34.98,0.0075,-337589000.0,0.0,-13991000.0,-0.1556,-83726000.0,4038000.0,BALANCED,-15.8911
2024-01-29,TMV,TMV,5069000.0,33.79,-0.034,-332520000.0,5069000.0,0.0,0.0663,-63387000.0,-78697000.0,BALANCED,-6.342
2024-01-30,TMV,TMV,21379000.0,32.89,-0.0266,-311141000.0,21379000.0,0.0,0.3178,-3772000.0,-8384000.0,BALANCED,1.9453
2024-01-31,TMV,TMV,1597000.0,31.94,-0.0289,-309544000.0,1597000.0,0.0,0.03,29677000.0,-2260000.0,BALANCED,16.7511
2024-02-01,TMV,TMV,10530000.0,30.08,-0.0581,-299014000.0,10530000.0,0.0,0.1441,24584000.0,39574000.0,BALANCED,21.6016
2024-02-02,TMV,TMV,17673000.0,32.13,0.0681,-281341000.0,17673000.0,0.0,0.2256,56248000.0,-64387000.0,BALANCED,25.6398
2024-02-05,TMV,TMV,-5114000.0,34.09,0.0611,-286455000.0,0.0,-5114000.0,-0.0952,46065000.0,-72714000.0,BALANCED,5.6196
2024-02-06,TMV,TMV,-21524000.0,33.11,-0.0288,-307979000.0,0.0,-21524000.0,-0.2599,3162000.0,5586000.0,BALANCED,-0.4964
2024-02-07,TMV,TMV,3361000.0,33.61,0.015,-304618000.0,3361000.0,0.0,0.0649,4926000.0,20079000.0,BALANCED,13.6233
2024-02-08,TMV,TMV,15397000.0,34.22,0.018,-289221000.0,15397000.0,0.0,0.2063,9793000.0,62904000.0,BALANCED,19.1579
2024-02-09,TMV,TMV,3448000.0,34.48,0.0078,-285773000.0,3448000.0,0.0,0.0222,-4432000.0,-105055000.0,BALANCED,-3.4456
2024-02-12,TMV,TMV,6876000.0,34.38,-0.003,-278897000.0,6876000.0,0.0,0.1107,7558000.0,-18206000.0,BALANCED,20.7669
2024-02-13,TMV,TMV,7234000.0,36.17,0.052,-271663000.0,7234000.0,0.0,0.0897,36316000.0,134280000.0,BALANCED,22.2424
2024-02-14,TMV,TMV,3564000.0,35.64,-0.0147,-268099000.0,3564000.0,0.0,0.0327,36519000.0,253314000.0,BALANCED,22.817
2024-02-15,TMV,TMV,61433000.0,35.1,-0.015,-206666000.0,61433000.0,0.0,0.8189,82555000.0,159430000.0,BALANCED,44.4719
2024-02-16,TMV,TMV,-85910000.0,35.8,0.0197,-292576000.0,0.0,-85910000.0,-1.2283,-6803000.0,-38713000.0,BALANCED,-42.7075
2024-02-20,TMV,TMV,-12503000.0,35.72,-0.0021,-305079000.0,0.0,-12503000.0,-0.1393,-26182000.0,-35946000.0,BALANCED,-17.4822
2024-02-21,TMV,TMV,-27377000.0,36.5,0.0219,-332456000.0,0.0,-27377000.0,-0.4078,-60793000.0,-25087000.0,BALANCED,-26.1944
2024-02-22,TMV,TMV,10797000.0,35.99,-0.014,-321659000.0,10797000.0,0.0,0.1631,-53560000.0,17562000.0,BALANCED,-3.9235
2024-02-23,TMV,TMV,-19035000.0,34.61,-0.0384,-340694000.0,0.0,-19035000.0,-0.2965,-134028000.0,-17096000.0,BALANCED,-19.4117
2024-02-26,TMV,TMV,0.0,34.94,0.0095,-340694000.0,0.0,0.0,0.0936,-48118000.0,-3105000.0,BALANCED,-7.6603
2024-02-27,TMV,TMV,8924000.0,35.7,0.0217,-331770000.0,8924000.0,0.0,0.2044,-26691000.0,750000.0,BALANCED,-2.8898
2024-02-28,TMV,TMV,-1752000.0,35.04,-0.0185,-333522000.0,0.0,-1752000.0,-0.0864,-1066000.0,-22381000.0,BALANCED,-14.1601
2024-02-29,TMV,TMV,8579000.0,34.32,-0.0206,-324943000.0,8579000.0,0.0,0.0475,-3284000.0,-15399000.0,BALANCED,-6.8134
2024-03-01,TMV,TMV,-3374000.0,33.74,-0.0169,-328317000.0,0.0,-3374000.0,-0.1436,12377000.0,-29303000.0,BALANCED,4.4091
2024-03-04,TMV,TMV,1708000.0,34.16,0.0126,-326609000.0,1708000.0,0.0,0.1685,14085000.0,-45268000.0,BALANCED,16.2116
2024-03-05,TMV,TMV,-3272000.0,32.72,-0.0421,-329881000.0,0.0,-3272000.0,-0.0511,1889000.0,-43426000.0,BALANCED,6.723
2024-03-06,TMV,TMV,-1608000.0,32.17,-0.0171,-331489000.0,0.0,-1608000.0,-0.0343,2033000.0,-23510000.0,BALANCED,5.1424
2024-03-07,TMV,TMV,3227000.0,32.27,0.0033,-328262000.0,3227000.0,0.0,0.1261,-3319000.0,-23644000.0,BALANCED,-4.848
2024-03-08,TMV,TMV,0.0,32.5,0.0071,-328262000.0,0.0,0.0,0.0069,55000.0,-39041000.0,BALANCED,10.1726
2024-03-11,TMV,TMV,-9771000.0,32.57,0.0021,-338033000.0,0.0,-9771000.0,-0.4348,-11424000.0,-52260000.0,BALANCED,-22.8705
2024-03-12,TMV,TMV,6681000.0,33.41,0.0256,-331352000.0,6681000.0,0.0,0.2958,-1471000.0,-52455000.0,BALANCED,-0.6041
2024-03-13,TMV,TMV,1695000.0,33.91,0.0151,-329657000.0,1695000.0,0.0,0.1047,1832000.0,-57994000.0,BALANCED,16.6166
2024-03-14,TMV,TMV,3549000.0,35.49,0.0466,-326108000.0,3549000.0,0.0,0.1856,2154000.0,-58009000.0,BALANCED,20.6391
2024-03-15,TMV,TMV,0.0,35.59,0.0027,-326108000.0,0.0,0.0,0.041,2154000.0,-119442000.0,BALANCED,11.0262
2024-03-18,TMV,TMV,3593000.0,35.93,0.0096,-322515000.0,3593000.0,0.0,0.2284,15518000.0,-29939000.0,BALANCED,17.7098
2024-03-19,TMV,TMV,3515000.0,35.15,-0.0079,-319000000.0,3515000.0,0.0,0.2115,12352000.0,-13921000.0,BALANCED,19.2879
2024-03-20,TMV,TMV,5281000.0,35.21,0.0016,-313719000.0,5281000.0,0.0,0.2554,15938000.0,18737000.0,BALANCED,22.385
2024-03-21,TMV,TMV,0.0,35.0,-0.0059,-313719000.0,0.0,0.0,0.0142,12389000.0,7940000.0,BALANCED,10.3541
2024-03-22,TMV,TMV,-11920000.0,34.06,-0.0269,-325639000.0,0.0,-11920000.0,-0.5025,469000.0,15055000.0,BALANCED,-4.5623
2024-03-25,TMV,TMV,5188000.0,34.59,0.0156,-320451000.0,5188000.0,0.0,0.2975,2064000.0,20243000.0,BALANCED,19.4384
2024-03-26,TMV,TMV,-5148000.0,34.32,-0.0078,-325599000.0,0.0,-5148000.0,-0.1688,-6599000.0,6171000.0,BALANCED,-16.2194
2024-03-27,TMV,TMV,0.0,33.32,-0.0292,-325599000.0,0.0,0.0,0.0847,-11880000.0,7923000.0,BALANCED,-7.8815
2024-03-28,TMV,TMV,-1674000.0,33.48,0.0049,-327273000.0,0.0,-1674000.0,0.0141,-13554000.0,-2330000.0,BALANCED,-11.6479
2024-04-01,TMV,TMV,3537000.0,35.37,0.0563,-323736000.0,3537000.0,0.0,0.4241,1903000.0,4581000.0,BALANCED,22.6032
2024-04-02,TMV,TMV,1799000.0,35.97,0.0171,-321937000.0,1799000.0,0.0,0.3368,-1486000.0,4672000.0,BALANCED,2.4188
2024-04-03,TMV,TMV,1801000.0,36.02,0.0012,-320136000.0,1801000.0,0.0,0.289,5463000.0,9745000.0,BALANCED,23.2254
2024-04-04,TMV,TMV,3526000.0,35.26,-0.0209,-316610000.0,3526000.0,0.0,0.486,8989000.0,14879000.0,BALANCED,30.1505
2024-04-05,TMV,TMV,-3680000.0,36.8,0.0435,-320290000.0,0.0,-3680000.0,-0.6317,6983000.0,7972000.0,BALANCED,-7.7937
2024-04-08,TMV,TMV,14733000.0,36.83,0.0009,-305557000.0,14733000.0,0.0,2.547,18179000.0,22705000.0,ACCUMULATION,75.6738
2024-04-09,TMV,TMV,7165000.0,35.82,-0.0274,-298392000.0,7165000.0,0.0,1.0598,23545000.0,39641000.0,BALANCED,40.496
2024-04-10,TMV,TMV,9547000.0,38.19,0.066,-288845000.0,9547000.0,0.0,1.4862,31291000.0,42507000.0,BALANCED,53.1562
2024-04-11,TMV,TMV,21301000.0,38.73,0.0142,-267544000.0,21301000.0,0.0,2.9309,49066000.0,62113000.0,ACCUMULATION,91.2732
2024-04-12,TMV,TMV,-26725000.0,38.18,-0.0142,-294269000.0,0.0,-26725000.0,-3.3529,26021000.0,31839000.0,DISTRIBUTION,-75.8217
2024-04-15,TMV,TMV,0.0,39.98,0.0471,-294269000.0,0.0,0.0,-0.1378,11288000.0,31839000.0,BALANCED,6.5553
2024-04-16,TMV,TMV,0.0,40.79,0.0204,-294269000.0,0.0,0.0,-0.1308,4123000.0,28246000.0,BALANCED,6.7288
2024-04-17,TMV,TMV,-5919000.0,39.46,-0.0327,-300188000.0,0.0,-5919000.0,-0.8323,-11343000.0,18812000.0,BALANCED,-32.8078
2024-04-18,TMV,TMV,4008000.0,40.08,0.0157,-296180000.0,4008000.0,0.0,0.3409,-28636000.0,17539000.0,BALANCED,0.5237
2024-04-19,TMV,TMV,0.0,39.72,-0.009,-296180000.0,0.0,0.0,-0.1289,-1911000.0,17539000.0,BALANCED,-13.2223
2024-04-22,TMV,TMV,0.0,39.94,0.0056,-296180000.0,0.0,0.0,-0.1289,-1911000.0,29459000.0,BALANCED,-13.2223
2024-04-23,TMV,TMV,0.0,39.93,-0.0004,-296180000.0,0.0,0.0,-0.1734,-1911000.0,24271000.0,BALANCED,-14.3355
2024-04-24,TMV,TMV,-8160000.0,40.8,0.0218,-304340000.0,0.0,-8160000.0,-1.1098,-4152000.0,21259000.0,BALANCED,-39.7458
2024-04-25,TMV,TMV,8337000.0,41.68,0.0217,-296003000.0,8337000.0,0.0,0.8719,177000.0,29596000.0,BALANCED,33.7973
2024-04-26,TMV,TMV,-18498000.0,41.11,-0.0139,-314501000.0,0.0,-18498000.0,-2.0984,-18321000.0,12772000.0,DISTRIBUTION,-64.4603
2024-04-29,TMV,TMV,0.0,40.1,-0.0246,-314501000.0,0.0,0.0,-0.043,-18321000.0,9235000.0,BALANCED,-11.0748
2024-04-30,TMV,TMV,0.0,41.15,0.0262,-314501000.0,0.0,0.0,-0.0297,-18321000.0,7436000.0,BALANCED,-10.7437
2024-05-01,TMV,TMV,4026000.0,40.26,-0.0214,-310475000.0,4026000.0,0.0,0.4164,-6135000.0,9661000.0,BALANCED,2.4099
2024-05-02,TMV,TMV,11931000.0,39.77,-0.0123,-298544000.0,11931000.0,0.0,1.2428,-2541000.0,18066000.0,BALANCED,25.0691
2024-05-03,TMV,TMV,-9659000.0,38.64,-0.0285,-308203000.0,0.0,-9659000.0,-1.0495,6298000.0,12087000.0,BALANCED,-18.2366
2024-05-06,TMV,TMV,-30566000.0,38.21,-0.0111,-338769000.0,0.0,-30566000.0,-2.808,-24268000.0,-33212000.0,DISTRIBUTION,-84.2008
2024-05-07,TMV,TMV,16886000.0,37.52,-0.0179,-321883000.0,16886000.0,0.0,1.5194,-7382000.0,-23491000.0,ACCUMULATION,29.9839
2024-05-08,TMV,TMV,1911000.0,38.23,0.0188,-319972000.0,1911000.0,0.0,0.1551,-9497000.0,-31127000.0,BALANCED,-2.1213
2024-05-09,TMV,TMV,1885000.0,37.69,-0.014,-318087000.0,1885000.0,0.0,0.1471,-19543000.0,-50543000.0,BALANCED,-0.3227
2024-05-10,TMV,TMV,-23036000.0,38.39,0.0186,-341123000.0,0.0,-23036000.0,-1.8975,-32920000.0,-46854000.0,DISTRIBUTION,-59.4373
2024-05-13,TMV,TMV,0.0,38.12,-0.007,-341123000.0,0.0,0.0,0.0488,-2354000.0,-46854000.0,BALANCED,-8.7797
2024-05-14,TMV,TMV,-1875000.0,37.5,-0.0164,-342998000.0,0.0,-1875000.0,-0.0988,-21115000.0,-48729000.0,BALANCED,-14.4711
2024-05-15,TMV,TMV,7197000.0,35.99,-0.0403,-335801000.0,7197000.0,0.0,0.6461,-15829000.0,-35613000.0,BALANCED,8.1531
2024-05-16,TMV,TMV,10832000.0,36.11,0.0034,-324969000.0,10832000.0,0.0,0.9178,-6882000.0,-28789000.0,BALANCED,16.9451
2024-05-17,TMV,TMV,0.0,36.9,0.0219,-324969000.0,0.0,0.0,0.0129,16154000.0,-28789000.0,BALANCED,10.3225
2024-05-20,TMV,TMV,0.0,37.25,0.0094,-324969000.0,0.0,0.0,0.055,16154000.0,-28789000.0,BALANCED,11.3758
2024-05-21,TMV,TMV,-14675000.0,36.69,-0.015,-339644000.0,0.0,-14675000.0,-1.1146,3354000.0,-43464000.0,BALANCED,-19.8659
2024-05-22,TMV,TMV,-1829000.0,36.58,-0.003,-341473000.0,0.0,-1829000.0,-0.0064,-5672000.0,-37133000.0,BALANCED,-14.159
2024-05-23,TMV,TMV,26113000.0,37.3,0.0199,-315360000.0,26113000.0,0.0,2.2888,9609000.0,-19357000.0,ACCUMULATION,69.2196
2024-05-24,TMV,TMV,0.0,37.06,-0.0065,-315360000.0,0.0,0.0,0.0631,9609000.0,-859000.0,BALANCED,11.5782
2024-05-28,TMV,TMV,-9669000.0,38.68,0.0436,-325029000.0,0.0,-9669000.0,-0.768,-60000.0,-10528000.0,BALANCED,-31.1993
2024-05-29,TMV,TMV,-10026000.0,40.1,0.0369,-335055000.0,0.0,-10026000.0,-0.7621,4589000.0,-20554000.0,BALANCED,-13.0523
2024-05-30,TMV,TMV,0.0,38.97,-0.0284,-335055000.0,0.0,0.0,0.1025,6418000.0,-24580000.0,BALANCED,12.5619
2024-05-31,TMV,TMV,7649000.0,38.24,-0.0185,-327406000.0,7649000.0,0.0,0.7611,-12046000.0,-28862000.0,BALANCED,11.0269
2024-06-03,TMV,TMV,0.0,36.42,-0.0477,-327406000.0,0.0,0.0,0.0912,-12046000.0,-19203000.0,BALANCED,-7.721
2024-06-04,TMV,TMV,-1758000.0,35.16,-0.0345,-329164000.0,0.0,-1758000.0,-0.0577,-4135000.0,9605000.0,BALANCED,-13.442
2024-06-05,TMV,TMV,0.0,34.41,-0.0214,-329164000.0,0.0,0.0,0.0963,5891000.0,-7281000.0,BALANCED,12.4076
2024-06-06,TMV,TMV,1729000.0,34.58,0.0049,-327435000.0,1729000.0,0.0,0.2202,7620000.0,-7463000.0,BALANCED,17.5048
2024-06-07,TMV,TMV,0.0,36.54,0.0568,-327435000.0,0.0,0.0,0.0934,-29000.0,-9348000.0,BALANCED,-7.6653
2024-06-10,TMV,TMV,-9323000.0,37.29,0.0205,-336758000.0,0.0,-9323000.0,-0.7912,-9352000.0,4365000.0,BALANCED,-31.7796
2024-06-11,TMV,TMV,-1808000.0,36.16,-0.0304,-338566000.0,0.0,-1808000.0,-0.0927,-9402000.0,2557000.0,BALANCED,-16.3183
2024-06-12,TMV,TMV,-1768000.0,35.36,-0.022,-340334000.0,0.0,-1768000.0,-0.0836,-11170000.0,2664000.0,BALANCED,-18.0902
2024-06-13,TMV,TMV,0.0,33.82,-0.0435,-340334000.0,0.0,0.0,0.0921,-12899000.0,-4533000.0,BALANCED,-7.698
2024-06-14,TMV,TMV,0.0,33.03,-0.0235,-340334000.0,0.0,0.0,0.1322,-12899000.0,-15365000.0,BALANCED,-6.6938
2024-06-17,TMV,TMV,0.0,34.03,0.0304,-340334000.0,0.0,0.0,0.1028,-3576000.0,-15365000.0,BALANCED,-7.4301
2024-06-18,TMV,TMV,0.0,33.13,-0.0265,-340334000.0,0.0,0.0,0.0059,-1768000.0,-15365000.0,BALANCED,-9.8519
2024-06-20,TMV,TMV,0.0,33.81,0.0206,-340334000.0,0.0,0.0,0.075,0.0,-690000.0,BALANCED,1.8743
2024-06-21,TMV,TMV,0.0,33.87,0.0017,-340334000.0,0.0,0.0,0.0829,0.0,1139000.0,BALANCED,2.0717
2024-06-24,TMV,TMV,0.0,33.47,-0.0115,-340334000.0,0.0,0.0,0.0907,0.0,-24974000.0,BALANCED,2.2671
2024-06-25,TMV,TMV,0.0,32.93,-0.0045,-340334000.0,0.0,0.0,-0.0038,0.0,-24974000.0,BALANCED,-0.0938
2024-06-26,TMV,TMV,0.0,34.35,0.0433,-340334000.0,0.0,0.0,-0.0038,0.0,-15305000.0,BALANCED,-0.0938
2024-06-27,TMV,TMV,0.0,33.96,-0.0113,-340334000.0,0.0,0.0,-0.0127,0.0,-5279000.0,BALANCED,-0.3171
2024-06-28,TMV,TMV,-1796000.0,35.92,0.0576,-342130000.0,0.0,-1796000.0,-0.2305,-1796000.0,-7075000.0,BALANCED,-17.7616
2024-07-01,TMV,TMV,0.0,37.79,0.0522,-342130000.0,0.0,0.0,0.0873,-1796000.0,-14724000.0,BALANCED,-7.8182
2024-07-02,TMV,TMV,0.0,36.93,-0.0228,-342130000.0,0.0,0.0,0.0873,-1796000.0,-14724000.0,BALANCED,-7.8182
2024-07-03,TMV,TMV,1776000.0,35.52,-0.0382,-340354000.0,1776000.0,0.0,0.3485,-20000.0,-11190000.0,BALANCED,0.7122
2024-07-05,TMV,TMV,0.0,34.71,-0.023,-340354000.0,0.0,0.0,0.0039,-20000.0,-11190000.0,BALANCED,-9.9014
2024-07-08,TMV,TMV,0.0,34.5,-0.0059,-340354000.0,0.0,0.0,-0.0062,1776000.0,-12919000.0,BALANCED,9.8443
2024-07-09,TMV,TMV,0.0,34.98,0.0138,-340354000.0,0.0,0.0,0.2442,1776000.0,-12919000.0,BALANCED,16.1057
2024-07-10,TMV,TMV,0.0,34.67,-0.0089,-340354000.0,0.0,0.0,0.2442,1776000.0,-3596000.0,BALANCED,16.1057
2024-07-11,TMV,TMV,-3368000.0,33.68,-0.0285,-343722000.0,0.0,-3368000.0,-0.9089,-3368000.0,-5156000.0,BALANCED,-34.7225
2024-07-12,TMV,TMV,0.0,33.3,-0.0111,-343722000.0,0.0,0.0,0.1182,-3368000.0,-3388000.0,BALANCED,-7.0439
2024-07-15,TMV,TMV,-5170000.0,34.47,0.035,-348892000.0,0.0,-5170000.0,-1.8114,-8538000.0,-8558000.0,DISTRIBUTION,-57.2847
2024-07-16,TMV,TMV,0.0,33.03,-0.0418,-348892000.0,0.0,0.0,0.3403,-8538000.0,-8558000.0,BALANCED,-1.4926
2024-07-17,TMV,TMV,0.0,33.03,-0.0001,-348892000.0,0.0,0.0,0.3403,-8538000.0,-8558000.0,BALANCED,-1.4926
2024-07-18,TMV,TMV,6761000.0,33.8,0.0235,-342131000.0,6761000.0,0.0,2.8804,1591000.0,-1797000.0,ACCUMULATION,84.0097
2024-07-19,TMV,TMV,0.0,34.46,0.0194,-342131000.0,0.0,0.0,0.1731,1591000.0,-1797000.0,BALANCED,14.327
2024-07-22,TMV,TMV,0.0,34.78,0.0093,-342131000.0,0.0,0.0,0.1987,6761000.0,-1797000.0,BALANCED,14.9673
2024-07-23,TMV,TMV,0.0,34.95,0.0048,-342131000.0,0.0,0.0,0.1987,6761000.0,-1797000.0,BALANCED,14.9673
2024-07-24,TMV,TMV,0.0,36.1,0.033,-342131000.0,0.0,0.0,0.0986,6761000.0,-1797000.0,BALANCED,12.4661
2024-07-25,TMV,TMV,0.0,35.23,-0.024,-342131000.0,0.0,0.0,0.0664,0.0,-1797000.0,BALANCED,1.6602
2024-07-26,TMV,TMV,-1724000.0,34.47,-0.0216,-343855000.0,0.0,-1724000.0,-0.8985,-1724000.0,-3521000.0,BALANCED,-34.4628
2024-07-29,TMV,TMV,0.0,33.94,-0.0155,-343855000.0,0.0,0.0,0.0656,-1724000.0,-1725000.0,BALANCED,-8.3591
2024-07-30,TMV,TMV,0.0,33.56,-0.011,-343855000.0,0.0,0.0,0.0656,-1724000.0,-1725000.0,BALANCED,-8.3591
2024-07-31,TMV,TMV,0.0,32.55,-0.0301,-343855000.0,0.0,0.0,0.0656,-1724000.0,-1725000.0,BALANCED,-8.3591
2024-08-01,TMV,TMV,-3173000.0,31.73,-0.0252,-347028000.0,0.0,-3173000.0,-1.5751,-4897000.0,-6674000.0,DISTRIBUTION,-51.3786
2024-08-02,TMV,TMV,0.0,28.82,-0.0917,-347028000.0,0.0,0.0,0.1191,-3173000.0,-6674000.0,BALANCED,-7.0213
2024-08-05,TMV,TMV,0.0,28.38,-0.0154,-347028000.0,0.0,0.0,0.1191,-3173000.0,-6674000.0,BALANCED,-7.0213
2024-08-06,TMV,TMV,1515000.0,30.3,0.0676,-345513000.0,1515000.0,0.0,0.8886,-1658000.0,-5159000.0,BALANCED,14.2148
2024-08-07,TMV,TMV,0.0,30.95,0.0216,-345513000.0,0.0,0.0,0.0909,-1658000.0,-5159000.0,BALANCED,-7.7276
2024-08-08,TMV,TMV,0.0,31.54,0.019,-345513000.0,0.0,0.0,0.0909,1515000.0,-1791000.0,BALANCED,12.2724
2024-08-09,TMV,TMV,-16865000.0,30.66,-0.0278,-362378000.0,0.0,-16865000.0,-4.4932,-15350000.0,-18656000.0,DISTRIBUTION,-100.0
2024-08-12,TMV,TMV,0.0,30.34,-0.0104,-362378000.0,0.0,0.0,0.1882,-15350000.0,-13486000.0,BALANCED,-5.2954
2024-08-13,TMV,TMV,0.0,29.73,-0.0202,-362378000.0,0.0,0.0,0.1882,-16865000.0,-13486000.0,BALANCED,-5.2954
2024-08-14,TMV,TMV,7297000.0,29.19,-0.0182,-355081000.0,7297000.0,0.0,1.997,-9568000.0,-6189000.0,ACCUMULATION,41.9255
2024-08-15,TMV,TMV,0.0,29.91,0.0248,-355081000.0,0.0,0.0,0.1275,-9568000.0,-12950000.0,BALANCED,-6.8113
2024-08-16,TMV,TMV,0.0,29.65,-0.0088,-355081000.0,0.0,0.0,0.1275,7297000.0,-12950000.0,BALANCED,13.1887
2024-08-19,TMV,TMV,0.0,29.26,-0.0133,-355081000.0,0.0,0.0,0.1275,7297000.0,-12950000.0,BALANCED,13.1887
2024-08-20,TMV,TMV,0.0,28.57,-0.0234,-355081000.0,0.0,0.0,0.1275,7297000.0,-12950000.0,BALANCED,13.1887
2024-08-21,TMV,TMV,1427000.0,28.53,-0.0014,-353654000.0,1427000.0,0.0,0.4841,1427000.0,-11523000.0,BALANCED,24.1017
2024-08-22,TMV,TMV,1470000.0,29.4,0.0303,-352184000.0,1470000.0,0.0,0.4565,2897000.0,-10053000.0,BALANCED,25.4115
2024-08-23,TMV,TMV,0.0,28.87,-0.018,-352184000.0,0.0,0.0,0.0735,2897000.0,-8329000.0,BALANCED,11.8371
2024-08-26,TMV,TMV,1455000.0,29.1,0.0082,-350729000.0,1455000.0,0.0,0.4058,4352000.0,-6874000.0,BALANCED,22.1442
2024-08-27,TMV,TMV,0.0,29.27,0.0058,-350729000.0,0.0,0.0,0.0164,4352000.0,-6874000.0,BALANCED,10.4097
2024-08-28,TMV,TMV,0.0,29.4,0.0043,-350729000.0,0.0,0.0,0.0164,2925000.0,-6874000.0,BALANCED,10.4097
2024-08-29,TMV,TMV,0.0,29.7,0.0104,-350729000.0,0.0,0.0,0.0817,1455000.0,-3701000.0,BALANCED,12.0425
2024-08-30,TMV,TMV,1536000.0,30.72,0.0343,-349193000.0,1536000.0,0.0,0.5027,2991000.0,-2165000.0,BALANCED,24.5687
2024-09-03,TMV,TMV,1462000.0,29.24,-0.0483,-347731000.0,1462000.0,0.0,0.4661,2998000.0,-703000.0,BALANCED,25.6534
2024-09-04,TMV,TMV,0.0,28.12,-0.0381,-347731000.0,0.0,0.0,0.0528,2998000.0,-2218000.0,BALANCED,11.3194
2024-09-05,TMV,TMV,4149000.0,27.66,-0.0164,-343582000.0,4149000.0,0.0,1.1581,7147000.0,1931000.0,BALANCED,40.9517
2024-09-06,TMV,TMV,13859000.0,27.72,0.0021,-329723000.0,13859000.0,0.0,3.0381,21006000.0,15790000.0,ACCUMULATION,89.9536
2024-09-09,TMV,TMV,0.0,27.37,-0.0124,-329723000.0,0.0,0.0,-0.1069,19470000.0,32655000.0,BALANCED,7.3283
2024-09-10,TMV,TMV,0.0,26.81,-0.0204,-329723000.0,0.0,0.0,-0.1069,18008000.0,32655000.0,BALANCED,7.3283
2024-09-11,TMV,TMV,1345000.0,26.89,0.003,-328378000.0,1345000.0,0.0,0.188,19353000.0,34000000.0,BALANCED,16.7003
2024-09-12,TMV,TMV,4093000.0,27.29,0.0146,-324285000.0,4093000.0,0.0,0.7721,19297000.0,30796000.0,BALANCED,33.3018
2024-09-13,TMV,TMV,0.0,27.11,-0.0063,-324285000.0,0.0,0.0,-0.1723,5438000.0,30796000.0,BALANCED,5.6924
2024-09-16,TMV,TMV,0.0,26.38,-0.0269,-324285000.0,0.0,0.0,-0.1723,5438000.0,30796000.0,BALANCED,5.6924
2024-09-17,TMV,TMV,0.0,26.78,0.0151,-324285000.0,0.0,0.0,-0.1723,5438000.0,30796000.0,BALANCED,5.6924
2024-09-18,TMV,TMV,-1390000.0,27.79,0.0378,-325675000.0,0.0,-1390000.0,-0.4647,2703000.0,29406000.0,BALANCED,-3.6166
2024-09-19,TMV,TMV,-15446000.0,28.08,0.0105,-341121000.0,0.0,-15446000.0,-2.9391,-16836000.0,12533000.0,DISTRIBUTION,-87.4773
2024-09-20,TMV,TMV,-4268000.0,28.45,0.0132,-345389000.0,0.0,-4268000.0,-0.7961,-21104000.0,6795000.0,BALANCED,-35.9033
2024-09-23,TMV,TMV,-1433000.0,28.65,0.0069,-346822000.0,0.0,-1433000.0,-0.4503,-22537000.0,5362000.0,BALANCED,-29.2582
2024-09-24,TMV,TMV,0.0,28.37,0.0011,-346822000.0,0.0,0.0,-0.1197,-22537000.0,3907000.0,BALANCED,-12.9914
2024-09-25,TMV,TMV,0.0,29.09,0.0255,-346822000.0,0.0,0.0,-0.1197,-21147000.0,3907000.0,BALANCED,-12.9914
2024-09-26,TMV,TMV,0.0,28.9,-0.0065,-346822000.0,0.0,0.0,-0.0665,-5701000.0,3907000.0,BALANCED,-11.6622
2024-09-27,TMV,TMV,0.0,28.5,-0.014,-346822000.0,0.0,0.0,-0.0665,-1433000.0,3907000.0,BALANCED,-11.6622
2024-09-30,TMV,TMV,-10122000.0,28.92,0.0148,-356944000.0,0.0,-10122000.0,-2.2084,-10122000.0,-7751000.0,DISTRIBUTION,-67.2096
2024-10-01,TMV,TMV,0.0,28.31,-0.021,-356944000.0,0.0,0.0,0.0136,-10122000.0,-9213000.0,BALANCED,-9.6592
2024-10-02,TMV,TMV,-2904000.0,29.04,0.0258,-359848000.0,0.0,-2904000.0,-0.5987,-13026000.0,-12117000.0,BALANCED,-26.9687
2024-10-03,TMV,TMV,-4482000.0,29.88,0.0288,-364330000.0,0.0,-4482000.0,-0.8891,-17508000.0,-20748000.0,BALANCED,-36.2274
2024-10-04,TMV,TMV,-7758000.0,31.03,0.0386,-372088000.0,0.0,-7758000.0,-1.4725,-25266000.0,-42365000.0,BALANCED,-52.8121
2024-10-07,TMV,TMV,-1588000.0,31.75,0.0232,-373676000.0,0.0,-1588000.0,-0.1809,-16732000.0,-43953000.0,BALANCED,-22.5215
2024-10-08,TMV,TMV,-3161000.0,31.61,-0.0045,-376837000.0,0.0,-3161000.0,-0.4751,-19893000.0,-47114000.0,BALANCED,-31.8784
2024-10-09,TMV,TMV,-3216000.0,32.16,0.0176,-380053000.0,0.0,-3216000.0,-0.4628,-20205000.0,-51675000.0,BALANCED,-33.57
2024-10-10,TMV,TMV,-3256000.0,32.56,0.0123,-383309000.0,0.0,-3256000.0,-0.4474,-18979000.0,-59024000.0,BALANCED,-35.1838
2024-10-11,TMV,TMV,0.0,33.01,0.0138,-383309000.0,0.0,0.0,0.2239,-11221000.0,-59024000.0,BALANCED,-4.4029
2024-10-14,TMV,TMV,-1648000.0,32.96,-0.0016,-384957000.0,0.0,-1648000.0,-0.0945,-11281000.0,-60672000.0,BALANCED,-14.3614
2024-10-15,TMV,TMV,-1588000.0,31.77,-0.0361,-386545000.0,0.0,-1588000.0,-0.0613,-9708000.0,-62260000.0,BALANCED,-15.5322
2024-10-16,TMV,TMV,0.0,31.38,-0.0121,-386545000.0,0.0,0.0,0.2695,-6492000.0,-60870000.0,BALANCED,-3.262
2024-10-17,TMV,TMV,0.0,32.89,0.0481,-386545000.0,0.0,0.0,0.3049,-3236000.0,-45424000.0,BALANCED,-2.3773
2024-10-18,TMV,TMV,-3287000.0,32.87,-0.0006,-389832000.0,0.0,-3287000.0,-0.3457,-6523000.0,-44443000.0,BALANCED,-20.6436
2024-10-21,TMV,TMV,3461000.0,34.61,0.053,-386371000.0,3461000.0,0.0,1.3973,-1414000.0,-39549000.0,BALANCED,26.9325
2024-10-22,TMV,TMV,0.0,34.53,-0.0024,-386371000.0,0.0,0.0,0.4932,174000.0,-39549000.0,BALANCED,22.331
2024-10-23,TMV,TMV,0.0,34.83,0.0087,-386371000.0,0.0,0.0,0.5091,174000.0,-39549000.0,BALANCED,22.7283
2024-10-24,TMV,TMV,3418000.0,34.17,-0.0187,-382953000.0,3418000.0,0.0,1.4285,3592000.0,-36131000.0,BALANCED,47.7121
2024-10-25,TMV,TMV,1740000.0,34.81,0.0185,-381213000.0,1740000.0,0.0,0.9557,8619000.0,-34391000.0,BALANCED,37.8932
2024-10-28,TMV,TMV,1755000.0,35.11,0.0087,-379458000.0,1755000.0,0.0,0.9337,6913000.0,-22514000.0,BALANCED,39.3413
2024-10-29,TMV,TMV,0.0,34.97,-0.004,-379458000.0,0.0,0.0,0.4777,6913000.0,-22514000.0,BALANCED,21.9437
2024-10-30,TMV,TMV,-1734000.0,34.68,-0.0082,-381192000.0,0.0,-1734000.0,0.0303,5179000.0,-21344000.0,BALANCED,8.7572
2024-10-31,TMV,TMV,3453000.0,34.53,-0.0043,-377739000.0,3453000.0,0.0,1.5581,5214000.0,-13409000.0,ACCUMULATION,50.9515
2024-11-01,TMV,TMV,0.0,36.04,0.0438,-377739000.0,0.0,0.0,0.3654,3474000.0,-5651000.0,BALANCED,19.1355
2024-11-04,TMV,TMV,0.0,34.39,-0.046,-377739000.0,0.0,0.0,0.3486,1719000.0,-4063000.0,BALANCED,18.7142
2024-11-05,TMV,TMV,6771000.0,33.85,-0.0154,-370968000.0,6771000.0,0.0,2.3105,8490000.0,5869000.0,ACCUMULATION,69.7632
2024-11-06,TMV,TMV,-5498000.0,36.66,0.0827,-376466000.0,0.0,-5498000.0,-1.3326,4726000.0,3587000.0,BALANCED,-25.315
2024-11-07,TMV,TMV,1765000.0,35.3,-0.037,-374701000.0,1765000.0,0.0,0.7884,3038000.0,8608000.0,BALANCED,31.7112
2024-11-08,TMV,TMV,32311000.0,34.01,-0.0365,-342390000.0,32311000.0,0.0,4.6161,35349000.0,40919000.0,ACCUMULATION,100.0
2024-11-11,TMV,TMV,0.0,34.53,0.0151,-342390000.0,0.0,0.0,-0.0725,35349000.0,42567000.0,BALANCED,8.1879
2024-11-12,TMV,TMV,-1805000.0,36.1,0.0455,-344195000.0,0.0,-1805000.0,-0.3326,26773000.0,42350000.0,BALANCED,-0.314
2024-11-13,TMV,TMV,-18570000.0,37.14,0.0289,-362765000.0,0.0,-18570000.0,-2.4524,13701000.0,23780000.0,DISTRIBUTION,-55.309
2024-11-14,TMV,TMV,0.0,36.51,-0.0169,-362765000.0,0.0,0.0,-0.007,11936000.0,23780000.0,BALANCED,9.8258
2024-11-15,TMV,TMV,-18431000.0,36.86,0.0096,-381196000.0,0.0,-18431000.0,-2.2381,-38806000.0,8636000.0,DISTRIBUTION,-67.9526
2024-11-18,TMV,TMV,0.0,36.69,-0.0048,-381196000.0,0.0,0.0,0.031,-38806000.0,5175000.0,BALANCED,-9.226
2024-11-19,TMV,TMV,0.0,36.14,-0.0148,-381196000.0,0.0,0.0,0.018,-37001000.0,5175000.0,BALANCED,-9.5503
2024-11-20,TMV,TMV,0.0,36.51,0.0101,-381196000.0,0.0,0.0,0.0047,-18431000.0,5175000.0,BALANCED,-9.8818
2024-11-21,TMV,TMV,0.0,36.61,0.0029,-381196000.0,0.0,0.0,-0.0088,-18431000.0,1757000.0,BALANCED,-10.2192
2024-11-22,TMV,TMV,0.0,36.61,-0.0001,-381196000.0,0.0,0.0,-0.0088,0.0,17000.0,BALANCED,-0.2192
2024-11-25,TMV,TMV,6757000.0,33.78,-0.0771,-374439000.0,6757000.0,0.0,0.7892,6757000.0,5019000.0,BALANCED,31.7299
2024-11-26,TMV,TMV,10258000.0,34.19,0.0121,-364181000.0,10258000.0,0.0,1.1453,17015000.0,15277000.0,BALANCED,42.6314
2024-11-27,TMV,TMV,-8378000.0,33.51,-0.0199,-372559000.0,0.0,-8378000.0,-1.044,8637000.0,8633000.0,BALANCED,-18.1009
2024-11-29,TMV,TMV,0.0,32.53,-0.0294,-372559000.0,0.0,0.0,-0.055,8637000.0,5180000.0,BALANCED,8.6242
2024-12-02,TMV,TMV,0.0,32.31,-0.0067,-372559000.0,0.0,0.0,-0.0682,8637000.0,5180000.0,BALANCED,8.295
2024-12-03,TMV,TMV,1658000.0,33.16,0.0264,-370901000.0,1658000.0,0.0,0.1356,3538000.0,6838000.0,BALANCED,15.3888
2024-12-04,TMV,TMV,-3211000.0,32.11,-0.0317,-374112000.0,0.0,-3211000.0,-0.4281,-9931000.0,-3144000.0,BALANCED,-22.7034
2024-12-05,TMV,TMV,-4789000.0,31.93,-0.0058,-378901000.0,0.0,-4789000.0,-0.5922,-6342000.0,-2435000.0,BALANCED,-28.8047
2024-12-06,TMV,TMV,0.0,31.83,-0.003,-378901000.0,0.0,0.0,-0.0159,-6342000.0,-4200000.0,BALANCED,-10.3979
2024-12-09,TMV,TMV,0.0,32.73,0.0282,-378901000.0,0.0,0.0,-0.0091,-6342000.0,-36511000.0,BALANCED,-10.2272
2024-12-10,TMV,TMV,1660000.0,33.21,0.0146,-377241000.0,1660000.0,0.0,0.187,-6340000.0,-34851000.0,BALANCED,-3.3242
2024-12-11,TMV,TMV,0.0,34.16,0.0289,-377241000.0,0.0,0.0,-0.0087,-3129000.0,-33046000.0,BALANCED,-10.2179
2024-12-12,TMV,TMV,-1771000.0,35.43,0.0369,-379012000.0,0.0,-1771000.0,-0.2174,-111000.0,-16247000.0,BALANCED,-17.4349
2024-12-13,TMV,TMV,0.0,36.57,0.0321,-379012000.0,0.0,0.0,0.005,-111000.0,-16247000.0,BALANCED,-9.8746
2024-12-16,TMV,TMV,0.0,36.26,-0.0085,-379012000.0,0.0,0.0,0.005,-111000.0,2184000.0,BALANCED,-9.8746
2024-12-17,TMV,TMV,0.0,36.01,-0.0068,-379012000.0,0.0,0.0,0.005,-1771000.0,2184000.0,BALANCED,-9.8746
2024-12-18,TMV,TMV,-3737000.0,37.37,0.0378,-382749000.0,0.0,-3737000.0,-0.399,-5508000.0,-1553000.0,BALANCED,-21.9747
2024-12-19,TMV,TMV,1954000.0,39.09,0.0459,-380795000.0,1954000.0,0.0,0.2517,-1783000.0,401000.0,BALANCED,-1.7069
2024-12-20,TMV,TMV,-15390000.0,38.48,-0.0156,-396185000.0,0.0,-15390000.0,-1.6719,-17173000.0,-14989000.0,DISTRIBUTION,-53.7966
2024-12-23,TMV,TMV,0.0,39.4,0.028,-396185000.0,0.0,0.0,0.29,-17173000.0,-14989000.0,BALANCED,-2.7505
2024-12-24,TMV,TMV,1947000.0,38.94,-0.0117,-394238000.0,1947000.0,0.0,0.5915,-15226000.0,-19799000.0,BALANCED,6.7877
2024-12-26,TMV,TMV,-1951000.0,39.03,0.0022,-396189000.0,0.0,-1951000.0,-0.0351,-13440000.0,-32008000.0,BALANCED,-12.8766
2024-12-27,TMV,TMV,0.0,40.05,0.0261,-396189000.0,0.0,0.0,0.2086,-15394000.0,-23630000.0,BALANCED,-4.7862
2024-12-30,TMV,TMV,0.0,39.1,-0.0237,-396189000.0,0.0,0.0,0.2086,-4000.0,-23630000.0,BALANCED,-4.7862
2024-12-31,TMV,TMV,-5965000.0,39.77,0.0171,-402154000.0,0.0,-5965000.0,-1.2136,-5969000.0,-29595000.0,BALANCED,-42.3392
2025-01-02,TMV,TMV,3946000.0,39.46,-0.0077,-398208000.0,3946000.0,0.0,1.0209,-3970000.0,-27307000.0,BALANCED,17.5232
2025-01-03,TMV,TMV,0.0,39.9,0.0112,-398208000.0,0.0,0.0,0.1283,-2019000.0,-24096000.0,BALANCED,-6.793
2025-01-06,TMV,TMV,4045000.0,40.45,0.0139,-394163000.0,4045000.0,0.0,0.9951,2026000.0,-15262000.0,BALANCED,36.8766
2025-01-07,TMV,TMV,2092000.0,41.84,0.0343,-392071000.0,2092000.0,0.0,0.5427,4118000.0,-13170000.0,BALANCED,27.5682
2025-01-08,TMV,TMV,4172000.0,41.72,-0.0029,-387899000.0,4172000.0,0.0,0.956,14255000.0,-8998000.0,BALANCED,39.9009
2025-01-10,TMV,TMV,10653000.0,42.61,0.0214,-377246000.0,10653000.0,0.0,2.2159,20962000.0,-5000.0,ACCUMULATION,73.3986
2025-01-13,TMV,TMV,-6401000.0,42.68,0.0015,-383647000.0,0.0,-6401000.0,-1.2589,14561000.0,-6406000.0,BALANCED,-23.4727
2025-01-14,TMV,TMV,0.0,42.91,0.0054,-383647000.0,0.0,0.0,0.0854,10516000.0,-4635000.0,BALANCED,12.1338
2025-01-15,TMV,TMV,-4071000.0,40.71,-0.0512,-387718000.0,0.0,-4071000.0,-0.8138,4353000.0,-8706000.0,BALANCED,-12.3441
2025-01-16,TMV,TMV,2017000.0,40.33,-0.0092,-385701000.0,2017000.0,0.0,0.5573,2198000.0,-6689000.0,BALANCED,25.9329
2025-01-17,TMV,TMV,-4020000.0,40.2,-0.0032,-389721000.0,0.0,-4020000.0,-0.7652,-12475000.0,-10709000.0,BALANCED,-31.1292
2025-01-21,TMV,TMV,0.0,39.14,-0.0264,-389721000.0,0.0,0.0,0.118,-6074000.0,-6972000.0,BALANCED,-7.0491
2025-01-22,TMV,TMV,0.0,39.77,0.0161,-389721000.0,0.0,0.0,0.0832,-6074000.0,-8926000.0,BALANCED,-7.9197
2025-01-23,TMV,TMV,-4072000.0,40.72,0.0238,-393793000.0,0.0,-4072000.0,-0.8152,-6075000.0,2392000.0,BALANCED,-32.3808
2025-01-24,TMV,TMV,-2012000.0,40.23,-0.012,-395805000.0,0.0,-2012000.0,-0.3297,-10104000.0,380000.0,BALANCED,-22.2425
2025-01-27,TMV,TMV,1941000.0,38.83,-0.0349,-393864000.0,1941000.0,0.0,0.5672,-4143000.0,374000.0,BALANCED,6.1808
2025-01-28,TMV,TMV,0.0,38.93,0.0025,-393864000.0,0.0,0.0,0.126,-4143000.0,2325000.0,BALANCED,-6.8508
2025-01-29,TMV,TMV,0.0,39.18,0.0066,-393864000.0,0.0,0.0,0.1127,-4143000.0,2325000.0,BALANCED,-7.1831
2025-01-30,TMV,TMV,1938000.0,38.76,-0.0107,-391926000.0,1938000.0,0.0,0.5364,1867000.0,4263000.0,BALANCED,25.4102
2025-01-31,TMV,TMV,19773000.0,39.55,0.0202,-372153000.0,19773000.0,0.0,3.3963,23652000.0,30001000.0,ACCUMULATION,98.9076
2025-02-03,TMV,TMV,-21249000.0,38.64,-0.023,-393402000.0,0.0,-21249000.0,-2.9823,462000.0,4806000.0,DISTRIBUTION,-66.5567
2025-02-04,TMV,TMV,0.0,38.3,-0.0087,-393402000.0,0.0,0.0,0.0512,462000.0,4806000.0,BALANCED,11.2797
2025-02-05,TMV,TMV,1821000.0,36.42,-0.049,-391581000.0,1821000.0,0.0,0.3144,2283000.0,2582000.0,BALANCED,19.8596
2025-02-06,TMV,TMV,0.0,36.48,0.0017,-391581000.0,0.0,0.0,-0.0243,345000.0,490000.0,BALANCED,9.3937
2025-02-07,TMV,TMV,0.0,37.24,0.0208,-391581000.0,0.0,0.0,-0.0243,-19428000.0,-3682000.0,BALANCED,-10.6063
2025-02-10,TMV,TMV,0.0,37.59,0.0096,-391581000.0,0.0,0.0,-0.014,1821000.0,-14335000.0,BALANCED,9.6496
2025-02-11,TMV,TMV,0.0,38.34,0.0197,-391581000.0,0.0,0.0,-0.0244,1821000.0,-7934000.0,BALANCED,9.3912
2025-02-12,TMV,TMV,0.0,39.91,0.0411,-391581000.0,0.0,0.0,-0.0244,0.0,-7934000.0,BALANCED,-0.6088
2025-02-13,TMV,TMV,3794000.0,37.94,-0.0494,-387787000.0,3794000.0,0.0,0.554,3794000.0,-69000.0,BALANCED,25.8509
2025-02-14,TMV,TMV,0.0,37.41,-0.0139,-387787000.0,0.0,0.0,-0.0768,3794000.0,-2086000.0,BALANCED,8.079
2025-02-18,TMV,TMV,0.0,38.75,0.0358,-387787000.0,0.0,0.0,-0.056,3794000.0,1934000.0,BALANCED,8.5989
2025-02-19,TMV,TMV,0.0,38.62,-0.0033,-387787000.0,0.0,0.0,-0.056,3794000.0,1934000.0,BALANCED,8.5989
2025-02-20,TMV,TMV,0.0,38.21,-0.0107,-387787000.0,0.0,0.0,-0.0345,3794000.0,1934000.0,BALANCED,9.1373
2025-02-21,TMV,TMV,0.0,36.88,-0.0348,-387787000.0,0.0,0.0,-0.0232,0.0,6006000.0,BALANCED,-0.5806
2025-02-24,TMV,TMV,0.0,36.57,-0.0084,-387787000.0,0.0,0.0,-0.0006,0.0,8018000.0,BALANCED,-0.0153
2025-02-25,TMV,TMV,0.0,34.69,-0.0513,-387787000.0,0.0,0.0,0.061,0.0,6077000.0,BALANCED,1.5248
2025-02-26,TMV,TMV,3410000.0,34.1,-0.0173,-384377000.0,3410000.0,0.0,0.6043,3410000.0,9487000.0,BALANCED,27.1066
2025-02-27,TMV,TMV,3484000.0,34.84,0.0217,-380893000.0,3484000.0,0.0,0.5931,6894000.0,12971000.0,BALANCED,28.8273
2025-02-28,TMV,TMV,0.0,33.6,-0.0354,-380893000.0,0.0,0.0,-0.0402,6894000.0,11033000.0,BALANCED,8.9961
2025-03-03,TMV,TMV,4972000.0,33.15,-0.0135,-375921000.0,4972000.0,0.0,0.8118,11866000.0,-3768000.0,BALANCED,32.2955
2025-03-04,TMV,TMV,1720000.0,34.39,0.0374,-374201000.0,1720000.0,0.0,0.2122,13586000.0,19201000.0,BALANCED,19.3043
2025-03-05,TMV,TMV,0.0,35.23,0.0244,-374201000.0,0.0,0.0,-0.0913,10176000.0,19201000.0,BALANCED,7.7183
2025-03-06,TMV,TMV,-1780000.0,35.6,0.0104,-375981000.0,0.0,-1780000.0,-0.3938,4912000.0,15600000.0,BALANCED,-1.8447
2025-03-07,TMV,TMV,-3599000.0,35.99,0.011,-379580000.0,0.0,-3599000.0,-0.7182,1313000.0,12001000.0,BALANCED,-11.9547
2025-03-10,TMV,TMV,0.0,34.88,-0.0308,-379580000.0,0.0,0.0,-0.0957,-3659000.0,12001000.0,BALANCED,-12.3921
2025-03-11,TMV,TMV,1782000.0,35.64,0.0219,-377798000.0,1782000.0,0.0,0.2206,-3597000.0,13783000.0,BALANCED,-2.4857
2025-03-12,TMV,TMV,1815000.0,36.3,0.0184,-375983000.0,1815000.0,0.0,0.2156,-1782000.0,15598000.0,BALANCED,-0.611
2025-03-13,TMV,TMV,-1768000.0,35.36,-0.0259,-377751000.0,0.0,-1768000.0,-0.4065,-1770000.0,13830000.0,BALANCED,-22.1628
2025-03-14,TMV,TMV,-3597000.0,35.97,0.0173,-381348000.0,0.0,-3597000.0,-0.6913,-1768000.0,6439000.0,BALANCED,-31.2828
2025-03-17,TMV,TMV,0.0,35.45,-0.0145,-381348000.0,0.0,0.0,0.07,-1768000.0,6439000.0,BALANCED,-8.2508
2025-03-18,TMV,TMV,0.0,35.36,-0.0026,-381348000.0,0.0,0.0,-0.2132,-3550000.0,6439000.0,BALANCED,-15.3309
2025-03-19,TMV,TMV,0.0,34.82,-0.0151,-381348000.0,0.0,0.0,-0.2132,-5365000.0,6439000.0,BALANCED,-15.3309
2025-03-20,TMV,TMV,-1739000.0,34.77,-0.0015,-383087000.0,0.0,-1739000.0,-1.0621,-5336000.0,4700000.0,BALANCED,-38.5533
2025-03-21,TMV,TMV,-5316000.0,35.44,0.0192,-388403000.0,0.0,-5316000.0,-2.5089,-7055000.0,-616000.0,DISTRIBUTION,-76.7214
2025-03-24,TMV,TMV,1827000.0,36.55,0.0313,-386576000.0,1827000.0,0.0,0.7603,-5228000.0,1211000.0,BALANCED,11.0067
2025-03-25,TMV,TMV,0.0,36.15,0.0008,-386576000.0,0.0,0.0,-0.0764,-5228000.0,1211000.0,BALANCED,-11.91
2025-03-26,TMV,TMV,0.0,36.88,0.0202,-386576000.0,0.0,0.0,-0.0764,-5228000.0,-2199000.0,BALANCED,-11.91
2025-03-27,TMV,TMV,0.0,37.22,0.0092,-386576000.0,0.0,0.0,-0.0764,-3489000.0,-5683000.0,BALANCED,-11.91
2025-03-28,TMV,TMV,0.0,35.73,-0.04,-386576000.0,0.0,0.0,-0.0195,1827000.0,-5683000.0,BALANCED,9.5133
2025-03-31,TMV,TMV,-3469000.0,34.69,-0.0292,-390045000.0,0.0,-3469000.0,-1.5638,-3469000.0,-14124000.0,DISTRIBUTION,-51.0942
2025-04-01,TMV,TMV,0.0,33.8,-0.0254,-390045000.0,0.0,0.0,0.0347,-3469000.0,-15844000.0,BALANCED,-9.133
2025-04-02,TMV,TMV,0.0,33.89,0.0024,-390045000.0,0.0,0.0,0.0347,-3469000.0,-15844000.0,BALANCED,-9.133
2025-04-03,TMV,TMV,-1672000.0,33.44,-0.0133,-391717000.0,0.0,-1672000.0,-0.7038,-5141000.0,-15736000.0,BALANCED,-29.5945
2025-04-04,TMV,TMV,16197000.0,32.39,-0.0312,-375520000.0,16197000.0,0.0,4.2678,11056000.0,4060000.0,ACCUMULATION,100.0
2025-04-07,TMV,TMV,3534000.0,35.34,0.0909,-371986000.0,3534000.0,0.0,0.8037,18059000.0,7594000.0,BALANCED,34.0918
2025-04-08,TMV,TMV,-18677000.0,37.35,0.0571,-390663000.0,0.0,-18677000.0,-3.6226,-618000.0,-12865000.0,DISTRIBUTION,-100.0
2025-04-09,TMV,TMV,3671000.0,36.71,-0.0171,-386992000.0,3671000.0,0.0,0.7318,3053000.0,-11009000.0,BALANCED,30.295
2025-04-10,TMV,TMV,-1988000.0,39.77,0.0832,-388980000.0,0.0,-1988000.0,-0.3369,2737000.0,-11229000.0,BALANCED,-0.4214
2025-04-11,TMV,TMV,0.0,39.18,-0.0148,-388980000.0,0.0,0.0,0.0528,-13460000.0,-7632000.0,BALANCED,-8.679
2025-04-14,TMV,TMV,-13426000.0,38.36,-0.0209,-402406000.0,0.0,-13426000.0,-2.2654,-30420000.0,-21058000.0,DISTRIBUTION,-68.6354
2025-04-15,TMV,TMV,0.0,37.97,-0.0102,-402406000.0,0.0,0.0,0.1704,-11743000.0,-21058000.0,BALANCED,-5.7403
2025-04-16,TMV,TMV,-1867000.0,37.35,-0.0163,-404273000.0,0.0,-1867000.0,-0.1567,-17281000.0,-22925000.0,BALANCED,-15.9176
2025-04-17,TMV,TMV,0.0,38.41,0.0285,-404273000.0,0.0,0.0,0.1709,-15293000.0,-21186000.0,BALANCED,-5.7275
2025-04-21,TMV,TMV,2022000.0,40.45,0.0529,-402251000.0,2022000.0,0.0,0.5032,-13271000.0,-13848000.0,BALANCED,4.5792
2025-04-22,TMV,TMV,3979000.0,39.79,-0.0163,-398272000.0,3979000.0,0.0,0.8238,4134000.0,-11696000.0,BALANCED,34.5942
2025-04-23,TMV,TMV,-1932000.0,38.65,-0.0286,-400204000.0,0.0,-1932000.0,-0.2127,2202000.0,-13628000.0,BALANCED,2.6832
2025-04-24,TMV,TMV,0.0,37.45,-0.0311,-400204000.0,0.0,0.0,0.1454,4069000.0,-13628000.0,BALANCED,13.6344
2025-04-25,TMV,TMV,0.0,36.67,-0.0206,-400204000.0,0.0,0.0,0.1348,4069000.0,-13628000.0,BALANCED,13.3698
2025-04-28,TMV,TMV,0.0,36.0,-0.0184,-400204000.0,0.0,0.0,0.1137,2047000.0,-13628000.0,BALANCED,12.8427
2025-04-29,TMV,TMV,1755000.0,35.11,-0.0247,-398449000.0,1755000.0,0.0,0.4194,-177000.0,-8404000.0,BALANCED,2.4849
2025-04-30,TMV,TMV,-1799000.0,35.98,0.0248,-400248000.0,0.0,-1799000.0,-0.2107,-44000.0,-10203000.0,BALANCED,-17.2685
2025-05-01,TMV,TMV,0.0,36.54,0.0157,-400248000.0,0.0,0.0,0.1136,-44000.0,-10203000.0,BALANCED,-7.1607
2025-05-02,TMV,TMV,1889000.0,37.78,0.034,-398359000.0,1889000.0,0.0,0.4312,1845000.0,-6642000.0,BALANCED,22.7795
2025-05-05,TMV,TMV,1922000.0,38.43,0.0172,-396437000.0,1922000.0,0.0,0.398,3767000.0,-20917000.0,BALANCED,23.9489
2025-05-06,TMV,TMV,0.0,38.07,-0.0095,-396437000.0,0.0,0.0,0.0599,2012000.0,-24451000.0,BALANCED,11.4972
2025-05-07,TMV,TMV,1880000.0,37.61,-0.0122,-394557000.0,1880000.0,0.0,0.39,5691000.0,-3894000.0,BALANCED,21.7488
2025-05-08,TMV,TMV,1944000.0,38.88,0.0339,-392613000.0,1944000.0,0.0,0.3888,7635000.0,-5621000.0,BALANCED,23.7193
2025-05-09,TMV,TMV,0.0,38.76,-0.003,-392613000.0,0.0,0.0,0.0365,5746000.0,-3633000.0,BALANCED,10.9117
2025-05-12,TMV,TMV,-7973000.0,39.86,0.0284,-400586000.0,0.0,-7973000.0,-1.3175,-4149000.0,-11606000.0,BALANCED,-44.9381
2025-05-13,TMV,TMV,2018000.0,40.37,0.0127,-398568000.0,2018000.0,0.0,0.4049,-2131000.0,3838000.0,BALANCED,2.1228
2025-05-14,TMV,TMV,2059000.0,41.19,0.0204,-396509000.0,2059000.0,0.0,0.3989,-1952000.0,5897000.0,BALANCED,3.9733
2025-05-15,TMV,TMV,-4012000.0,40.12,-0.0259,-400521000.0,0.0,-4012000.0,-0.6378,-7908000.0,3752000.0,BALANCED,-27.9445
2025-05-16,TMV,TMV,5979000.0,39.86,-0.0065,-394542000.0,5979000.0,0.0,1.0379,-1929000.0,9731000.0,BALANCED,17.9487
2025-05-19,TMV,TMV,0.0,40.23,0.0092,-394542000.0,0.0,0.0,0.1274,6044000.0,7709000.0,BALANCED,13.1842
2025-05-20,TMV,TMV,0.0,41.12,0.0221,-394542000.0,0.0,0.0,0.1529,4026000.0,3730000.0,BALANCED,13.8223
2025-05-21,TMV,TMV,-6487000.0,43.24,0.0518,-401029000.0,0.0,-6487000.0,-1.6375,-4520000.0,-825000.0,DISTRIBUTION,-52.9366
2025-05-22,TMV,TMV,0.0,42.59,-0.0152,-401029000.0,0.0,0.0,0.1273,-508000.0,-825000.0,BALANCED,-6.8163
2025-05-23,TMV,TMV,0.0,42.46,-0.003,-401029000.0,0.0,0.0,0.1096,-6487000.0,-825000.0,BALANCED,-7.2594
2025-05-27,TMV,TMV,0.0,40.7,-0.0414,-401029000.0,0.0,0.0,0.1096,-6487000.0,-825000.0,BALANCED,-7.2594
2025-05-28,TMV,TMV,0.0,41.25,0.0134,-401029000.0,0.0,0.0,-0.0169,-6487000.0,-2580000.0,BALANCED,-10.4226
2025-05-29,TMV,TMV,0.0,40.12,-0.0273,-401029000.0,0.0,0.0,-0.0169,0.0,-781000.0,BALANCED,-0.4226
2025-05-30,TMV,TMV,0.0,40.0,-0.003,-401029000.0,0.0,0.0,-0.0402,0.0,-781000.0,BALANCED,-1.0046
2025-06-02,TMV,TMV,0.0,41.13,0.0283,-401029000.0,0.0,0.0,-0.0402,0.0,-2670000.0,BALANCED,-1.0046
2025-06-03,TMV,TMV,-2069000.0,41.37,0.0058,-403098000.0,0.0,-2069000.0,-0.7574,-2069000.0,-6661000.0,BALANCED,-30.9359
2025-06-04,TMV,TMV,0.0,39.38,-0.0482,-403098000.0,0.0,0.0,0.0622,-2069000.0,-6661000.0,BALANCED,-8.4448
2025-06-05,TMV,TMV,0.0,39.31,-0.0016,-403098000.0,0.0,0.0,0.0376,-2069000.0,-8541000.0,BALANCED,-9.0595
2025-06-06,TMV,TMV,0.0,40.87,0.0397,-403098000.0,0.0,0.0,0.0376,-2069000.0,-10485000.0,BALANCED,-9.0595
2025-06-09,TMV,TMV,0.0,40.76,-0.0027,-403098000.0,0.0,0.0,0.0376,-2069000.0,-10485000.0,BALANCED,-9.0595
2025-06-10,TMV,TMV,2008000.0,40.16,-0.0149,-401090000.0,2008000.0,0.0,0.7858,2008000.0,-504000.0,BALANCED,31.6446
2025-06-11,TMV,TMV,0.0,39.8,-0.0087,-401090000.0,0.0,0.0,0.0342,2008000.0,-2522000.0,BALANCED,10.856
2025-06-12,TMV,TMV,1920000.0,38.39,-0.0355,-399170000.0,1920000.0,0.0,0.7316,3928000.0,-2661000.0,BALANCED,30.2893
2025-06-13,TMV,TMV,1978000.0,39.56,0.0304,-397192000.0,1978000.0,0.0,0.7217,5906000.0,3329000.0,BALANCED,32.0424
2025-06-16,TMV,TMV,0.0,40.77,0.0307,-397192000.0,0.0,0.0,-0.0151,5906000.0,-2650000.0,BALANCED,9.6227
2025-06-17,TMV,TMV,0.0,39.3,-0.036,-397192000.0,0.0,0.0,0.0099,3898000.0,-2650000.0,BALANCED,10.2464
2025-06-18,TMV,TMV,0.0,39.14,-0.0043,-397192000.0,0.0,0.0,0.0099,3898000.0,-2650000.0,BALANCED,10.2464
2025-06-20,TMV,TMV,0.0,39.41,0.007,-397192000.0,0.0,0.0,0.0348,1978000.0,3837000.0,BALANCED,10.8688
2025-06-23,TMV,TMV,3905000.0,39.05,-0.0092,-393287000.0,3905000.0,0.0,1.5071,3905000.0,7742000.0,ACCUMULATION,49.6766
2025-06-24,TMV,TMV,0.0,37.93,-0.0214,-393287000.0,0.0,0.0,0.0086,3905000.0,7742000.0,BALANCED,10.2155
2025-06-25,TMV,TMV,0.0,37.8,-0.0034,-393287000.0,0.0,0.0,-0.1142,3905000.0,7742000.0,BALANCED,7.1449
2025-06-26,TMV,TMV,-1862000.0,37.25,-0.0147,-395149000.0,0.0,-1862000.0,-0.9248,2043000.0,5880000.0,BALANCED,-15.119
2025-06-27,TMV,TMV,0.0,38.01,0.0206,-395149000.0,0.0,0.0,-0.0215,2043000.0,5880000.0,BALANCED,9.4616
2025-06-30,TMV,TMV,0.0,36.91,-0.029,-395149000.0,0.0,0.0,-0.0913,-1862000.0,5880000.0,BALANCED,-12.2831
2025-07-01,TMV,TMV,0.0,36.65,-0.0069,-395149000.0,0.0,0.0,0.0124,-1862000.0,5880000.0,BALANCED,-9.689
2025-07-02,TMV,TMV,0.0,37.37,0.0196,-395149000.0,0.0,0.0,0.0124,-1862000.0,7949000.0,BALANCED,-9.689
2025-07-03,TMV,TMV,0.0,38.22,0.0229,-395149000.0,0.0,0.0,0.0124,0.0,7949000.0,BALANCED,0.311
2025-07-07,TMV,TMV,0.0,39.33,0.029,-395149000.0,0.0,0.0,-0.1824,0.0,7949000.0,BALANCED,-4.5607
2025-07-08,TMV,TMV,0.0,39.5,0.0043,-395149000.0,0.0,0.0,-0.1824,0.0,7949000.0,BALANCED,-4.5607
2025-07-09,TMV,TMV,0.0,38.28,-0.0309,-395149000.0,0.0,0.0,-0.1824,0.0,7949000.0,BALANCED,-4.5607
2025-07-10,TMV,TMV,-1911000.0,38.22,-0.0017,-397060000.0,0.0,-1911000.0,-1.7908,-1911000.0,4030000.0,DISTRIBUTION,-56.7699
2025-07-11,TMV,TMV,0.0,39.86,0.0429,-397060000.0,0.0,0.0,-0.116,-1911000.0,4030000.0,BALANCED,-12.8988
2025-07-14,TMV,TMV,0.0,40.13,0.0068,-397060000.0,0.0,0.0,-0.116,-1911000.0,2110000.0,BALANCED,-12.8988
2025-07-15,TMV,TMV,0.0,40.99,0.0215,-397060000.0,0.0,0.0,-0.116,-1911000.0,132000.0,BALANCED,-12.8988
2025-07-16,TMV,TMV,-4083000.0,40.83,-0.0037,-401143000.0,0.0,-4083000.0,-2.9634,-5994000.0,-3951000.0,DISTRIBUTION,-86.0849
2025-07-17,TMV,TMV,0.0,40.88,0.0012,-401143000.0,0.0,0.0,-0.0494,-4083000.0,-3951000.0,BALANCED,-11.2341
2025-07-18,TMV,TMV,0.0,40.76,-0.0031,-401143000.0,0.0,0.0,-0.0494,-4083000.0,-3951000.0,BALANCED,-11.2341
2025-07-21,TMV,TMV,-5953000.0,39.69,-0.0262,-407096000.0,0.0,-5953000.0,-3.3879,-10036000.0,-9904000.0,DISTRIBUTION,-96.697
2025-07-22,TMV,TMV,1949000.0,38.99,-0.0177,-405147000.0,1949000.0,0.0,1.1466,-8087000.0,-11860000.0,BALANCED,20.665
2025-07-23,TMV,TMV,0.0,39.65,0.0171,-405147000.0,0.0,0.0,0.0388,-4004000.0,-11860000.0,BALANCED,-9.0295
2025-07-24,TMV,TMV,0.0,39.88,0.0056,-405147000.0,0.0,0.0,0.0788,-4004000.0,-11860000.0,BALANCED,-8.029
2025-07-25,TMV,TMV,0.0,39.19,-0.0174,-405147000.0,0.0,0.0,0.0788,-4004000.0,-9998000.0,BALANCED,-8.029
2025-07-28,TMV,TMV,1998000.0,39.96,0.0198,-403149000.0,1998000.0,0.0,1.2398,3947000.0,-8000000.0,BALANCED,42.994
2025-07-29,TMV,TMV,1898000.0,37.96,-0.0502,-401251000.0,1898000.0,0.0,1.1854,3896000.0,-6102000.0,BALANCED,43.6355
2025-07-30,TMV,TMV,0.0,38.56,0.0159,-401251000.0,0.0,0.0,0.0789,3896000.0,-6102000.0,BALANCED,11.972
2025-07-31,TMV,TMV,0.0,38.51,-0.0012,-401251000.0,0.0,0.0,0.0789,3896000.0,-6102000.0,BALANCED,11.972
2025-08-01,TMV,TMV,1847000.0,36.94,-0.041,-399404000.0,1847000.0,0.0,1.0957,5743000.0,-4255000.0,BALANCED,39.3919
2025-08-04,TMV,TMV,0.0,36.65,-0.0077,-399404000.0,0.0,0.0,0.0421,3745000.0,-4255000.0,BALANCED,11.0515
2025-08-05,TMV,TMV,0.0,36.33,-0.0087,-399404000.0,0.0,0.0,0.1287,1847000.0,-4255000.0,BALANCED,13.2176
2025-08-06,TMV,TMV,0.0,36.98,0.0178,-399404000.0,0.0,0.0,0.1287,1847000.0,-4255000.0,BALANCED,13.2176
2025-08-07,TMV,TMV,0.0,37.19,0.0056,-399404000.0,0.0,0.0,0.1287,1847000.0,-2344000.0,BALANCED,13.2176
2025-08-08,TMV,TMV,0.0,37.72,0.0143,-399404000.0,0.0,0.0,0.0913,0.0,-2344000.0,BALANCED,2.2829
2025-08-11,TMV,TMV,0.0,37.6,-0.003,-399404000.0,0.0,0.0,0.0913,0.0,-2344000.0,BALANCED,2.2829
2025-08-12,TMV,TMV,0.0,38.19,0.0155,-399404000.0,0.0,0.0,0.0913,0.0,-2344000.0,BALANCED,2.2829
2025-08-13,TMV,TMV,-3726000.0,37.26,-0.0243,-403130000.0,0.0,-3726000.0,-2.0535,-3726000.0,-1987000.0,DISTRIBUTION,-63.3386
2025-08-14,TMV,TMV,-1905000.0,38.1,0.0227,-405035000.0,0.0,-1905000.0,-0.9212,-5631000.0,-3892000.0,BALANCED,-37.0303
2025-08-15,TMV,TMV,0.0,38.97,0.0228,-405035000.0,0.0,0.0,0.1927,-5631000.0,-3892000.0,BALANCED,-5.1829
2025-08-18,TMV,TMV,0.0,39.33,0.0092,-405035000.0,0.0,0.0,0.1927,-5631000.0,2061000.0,BALANCED,-5.1829
2025-08-19,TMV,TMV,1933000.0,38.66,-0.0169,-403102000.0,1933000.0,0.0,1.2498,-3698000.0,2045000.0,BALANCED,23.2447
2025-08-20,TMV,TMV,0.0,38.43,-0.0061,-403102000.0,0.0,0.0,0.1507,28000.0,2045000.0,BALANCED,13.7682
2025-08-21,TMV,TMV,-1951000.0,39.02,0.0153,-405053000.0,0.0,-1951000.0,-0.9571,-18000.0,94000.0,BALANCED,-35.9274
2025-08-22,TMV,TMV,0.0,38.21,-0.0207,-405053000.0,0.0,0.0,0.1514,-18000.0,94000.0,BALANCED,-6.2156
2025-08-25,TMV,TMV,-1928000.0,38.55,0.009,-406981000.0,0.0,-1928000.0,-0.8948,-1946000.0,-3832000.0,BALANCED,-34.3706
2025-08-26,TMV,TMV,0.0,38.64,0.0022,-406981000.0,0.0,0.0,0.1853,-3879000.0,-5730000.0,BALANCED,-5.3685
2025-08-27,TMV,TMV,1940000.0,38.79,0.004,-405041000.0,1940000.0,0.0,1.2289,-1939000.0,-3790000.0,BALANCED,22.7234
2025-08-28,TMV,TMV,1902000.0,38.04,-0.0192,-403139000.0,1902000.0,0.0,1.1414,1914000.0,-1888000.0,BALANCED,42.5344
2025-08-29,TMV,TMV,0.0,38.93,0.0233,-403139000.0,0.0,0.0,0.0386,1914000.0,-3735000.0,BALANCED,10.9644
2025-09-02,TMV,TMV,0.0,39.82,0.0227,-403139000.0,0.0,0.0,-0.1,3842000.0,-3735000.0,BALANCED,7.4996
2025-09-03,TMV,TMV,1926000.0,38.52,-0.0324,-401213000.0,1926000.0,0.0,1.3621,5768000.0,-1809000.0,BALANCED,46.0533
2025-09-04,TMV,TMV,-1883000.0,37.66,-0.0224,-403096000.0,0.0,-1883000.0,-1.4264,1945000.0,-3692000.0,BALANCED,-27.66
2025-09-05,TMV,TMV,1800000.0,36.0,-0.0443,-401296000.0,1800000.0,0.0,1.1907,1843000.0,-1892000.0,BALANCED,41.7669
2025-09-08,TMV,TMV,12099000.0,34.57,-0.0396,-389197000.0,12099000.0,0.0,4.4544,13942000.0,10207000.0,ACCUMULATION,100.0
2025-09-09,TMV,TMV,3517000.0,35.17,0.0175,-385680000.0,3517000.0,0.0,1.1113,17459000.0,13724000.0,BALANCED,43.782
2025-09-10,TMV,TMV,5188000.0,34.59,-0.0167,-380492000.0,5188000.0,0.0,1.6273,20721000.0,18912000.0,ACCUMULATION,58.683
2025-09-11,TMV,TMV,0.0,33.91,-0.0196,-380492000.0,0.0,0.0,-0.2505,22604000.0,22638000.0,BALANCED,3.7386
2025-09-12,TMV,TMV,-3440000.0,34.4,0.0143,-383932000.0,0.0,-3440000.0,-1.4036,17364000.0,21103000.0,BALANCED,-27.0898
2025-09-15,TMV,TMV,0.0,34.17,-0.0065,-383932000.0,0.0,0.0,-0.1807,5265000.0,21103000.0,BALANCED,5.482
2025-09-16,TMV,TMV,0.0,33.97,-0.0058,-383932000.0,0.0,0.0,-0.1807,1748000.0,21103000.0,BALANCED,5.482
2025-09-17,TMV,TMV,0.0,34.25,0.0081,-383932000.0,0.0,0.0,-0.1807,-3440000.0,19170000.0,BALANCED,-14.518
2025-09-18,TMV,TMV,0.0,35.32,0.0314,-383932000.0,0.0,0.0,-0.1807,-3440000.0,19170000.0,BALANCED,-14.518
2025-09-19,TMV,TMV,-1779000.0,35.58,0.0072,-385711000.0,0.0,-1779000.0,-0.7753,-1779000.0,19342000.0,BALANCED,-31.3835
2025-09-22,TMV,TMV,0.0,35.98,0.0112,-385711000.0,0.0,0.0,-0.1583,-1779000.0,19342000.0,BALANCED,-13.9577
2025-09-23,TMV,TMV,0.0,35.01,-0.0205,-385711000.0,0.0,0.0,-0.1583,-1779000.0,21270000.0,BALANCED,-13.9577
2025-09-24,TMV,TMV,0.0,35.43,0.0119,-385711000.0,0.0,0.0,-0.1583,-1779000.0,21270000.0,BALANCED,-13.9577
2025-09-25,TMV,TMV,-3544000.0,35.44,0.0005,-389255000.0,0.0,-3544000.0,-1.3939,-5323000.0,15786000.0,BALANCED,-46.8483
2025-09-26,TMV,TMV,0.0,35.59,0.0041,-389255000.0,0.0,0.0,-0.1851,-3544000.0,13884000.0,BALANCED,-14.6287
2025-09-29,TMV,TMV,1736000.0,34.72,-0.0242,-387519000.0,1736000.0,0.0,0.4046,-1808000.0,15620000.0,BALANCED,2.115
2025-09-30,TMV,TMV,0.0,35.04,0.0092,-387519000.0,0.0,0.0,-0.205,-1808000.0,15620000.0,BALANCED,-15.126
2025-10-01,TMV,TMV,-3479000.0,34.79,-0.0073,-390998000.0,0.0,-3479000.0,-1.3253,-5287000.0,10215000.0,BALANCED,-45.1335
2025-10-02,TMV,TMV,0.0,34.5,-0.0083,-390998000.0,0.0,0.0,-0.1377,-1743000.0,12098000.0,BALANCED,-13.4432
2025-10-03,TMV,TMV,0.0,34.75,0.0071,-390998000.0,0.0,0.0,-0.1617,-1743000.0,10298000.0,BALANCED,-14.0432
2025-10-06,TMV,TMV,0.0,35.59,0.0243,-390998000.0,0.0,0.0,-0.1617,-3479000.0,-1801000.0,BALANCED,-14.0432
2025-10-07,TMV,TMV,-3499000.0,34.99,-0.0168,-394497000.0,0.0,-3499000.0,-1.3248,-6978000.0,-8817000.0,BALANCED,-45.1202
2025-10-08,TMV,TMV,-5238000.0,34.92,-0.002,-399735000.0,0.0,-5238000.0,-1.7505,-8737000.0,-19243000.0,DISTRIBUTION,-57.763
2025-10-09,TMV,TMV,1751000.0,35.02,0.0028,-397984000.0,1751000.0,0.0,0.4848,-6986000.0,-17492000.0,BALANCED,4.1188
2025-10-10,TMV,TMV,3337000.0,33.37,-0.047,-394647000.0,3337000.0,0.0,0.9652,-3649000.0,-10715000.0,BALANCED,18.1302
2025-10-13,TMV,TMV,1672000.0,33.44,0.0021,-392975000.0,1672000.0,0.0,0.4201,-1977000.0,-9043000.0,BALANCED,6.5024
2025-10-14,TMV,TMV,0.0,33.14,-0.0092,-392975000.0,0.0,0.0,-0.1068,1522000.0,-9043000.0,BALANCED,7.3311
2025-10-15,TMV,TMV,-1669000.0,33.37,0.0071,-394644000.0,0.0,-1669000.0,-0.5938,5091000.0,-10712000.0,BALANCED,-6.8451
2025-10-16,TMV,TMV,0.0,32.63,-0.0221,-394644000.0,0.0,0.0,-0.0893,3340000.0,-10712000.0,BALANCED,7.7676
2025-10-17,TMV,TMV,1641000.0,32.83,0.006,-393003000.0,1641000.0,0.0,0.4329,1644000.0,-7292000.0,BALANCED,22.8213
2025-10-20,TMV,TMV,1623000.0,32.47,-0.011,-391380000.0,1623000.0,0.0,0.7542,1595000.0,-5669000.0,BALANCED,32.8561
2025-10-21,TMV,TMV,0.0,32.0,-0.0143,-391380000.0,0.0,0.0,0.0886,1595000.0,-5669000.0,BALANCED,12.2156
2025-10-22,TMV,TMV,0.0,31.95,-0.0015,-391380000.0,0.0,0.0,0.1921,3264000.0,-5669000.0,BALANCED,14.8025
2025-10-23,TMV,TMV,0.0,32.62,0.021,-391380000.0,0.0,0.0,0.1921,3264000.0,-2125000.0,BALANCED,14.8025
2025-10-24,TMV,TMV,-1631000.0,32.63,0.0001,-393011000.0,0.0,-1631000.0,-0.7318,-8000.0,-3756000.0,BALANCED,-30.296
2025-10-27,TMV,TMV,0.0,32.31,-0.0097,-393011000.0,0.0,0.0,0.1667,-1631000.0,-5492000.0,BALANCED,-5.8317
2025-10-28,TMV,TMV,0.0,32.07,-0.0074,-393011000.0,0.0,0.0,0.1667,-1631000.0,-5492000.0,BALANCED,-5.8317
2025-10-29,TMV,TMV,0.0,33.06,0.0308,-393011000.0,0.0,0.0,0.1667,-1631000.0,-2013000.0,BALANCED,-5.8317
2025-10-30,TMV,TMV,0.0,33.65,0.0179,-393011000.0,0.0,0.0,0.1667,-1631000.0,-2013000.0,BALANCED,-5.8317
2025-10-31,TMV,TMV,0.0,33.97,0.0094,-393011000.0,0.0,0.0,0.1356,0.0,-2013000.0,BALANCED,3.3906
2025-11-03,TMV,TMV,0.0,34.27,0.0089,-393011000.0,0.0,0.0,0.1356,0.0,-2013000.0,BALANCED,3.3906
2025-11-04,TMV,TMV,0.0,34.06,-0.0062,-393011000.0,0.0,0.0,0.1356,0.0,1486000.0,BALANCED,3.3906
2025-11-05,TMV,TMV,-5278000.0,35.18,0.0331,-398289000.0,0.0,-5278000.0,-2.4117,-5278000.0,1446000.0,DISTRIBUTION,-72.2913
2025-11-06,TMV,TMV,-3425000.0,34.25,-0.0265,-401714000.0,0.0,-3425000.0,-1.4985,-8703000.0,-3730000.0,BALANCED,-51.4633
2025-11-07,TMV,TMV,0.0,34.51,0.0076,-401714000.0,0.0,0.0,0.2068,-8703000.0,-7067000.0,BALANCED,-4.8305
2025-11-10,TMV,TMV,0.0,34.55,0.0011,-401714000.0,0.0,0.0,0.2403,-8703000.0,-8739000.0,BALANCED,-3.9921
2025-11-11,TMV,TMV,0.0,34.09,-0.0133,-401714000.0,0.0,0.0,0.2403,-8703000.0,-8739000.0,BALANCED,-3.9921
2025-11-12,TMV,TMV,0.0,33.92,-0.0049,-401714000.0,0.0,0.0,0.1893,-3425000.0,-7070000.0,BALANCED,-5.2664
2025-11-13,TMV,TMV,0.0,34.77,0.0251,-401714000.0,0.0,0.0,0.1893,0.0,-7070000.0,BALANCED,4.7336
2025-11-14,TMV,TMV,0.0,35.42,0.0185,-401714000.0,0.0,0.0,0.1893,0.0,-8711000.0,BALANCED,4.7336
2025-11-17,TMV,TMV,1758000.0,35.17,-0.007,-399956000.0,1758000.0,0.0,1.0684,1758000.0,-8576000.0,BALANCED,38.7103
2025-11-18,TMV,TMV,-1761000.0,35.22,0.0015,-401717000.0,0.0,-1761000.0,-0.8218,-3000.0,-10337000.0,BALANCED,-32.5455
2025-11-19,TMV,TMV,0.0,35.45,0.0065,-401717000.0,0.0,0.0,0.0415,-3000.0,-10337000.0,BALANCED,-8.9619
2025-11-20,TMV,TMV,0.0,35.05,-0.0114,-401717000.0,0.0,0.0,0.0801,-3000.0,-10337000.0,BALANCED,-7.998
2025-11-21,TMV,TMV,0.0,34.77,-0.0078,-401717000.0,0.0,0.0,0.1671,-3000.0,-8706000.0,BALANCED,-5.8225
2025-11-24,TMV,TMV,0.0,34.19,-0.0167,-401717000.0,0.0,0.0,0.2135,-1761000.0,-8706000.0,BALANCED,-4.6616
2025-11-25,TMV,TMV,0.0,33.95,-0.0072,-401717000.0,0.0,0.0,0.2135,0.0,-8706000.0,BALANCED,5.3384
2025-11-26,TMV,TMV,0.0,33.53,-0.0124,-401717000.0,0.0,0.0,0.1759,0.0,-8706000.0,BALANCED,4.3975
2025-11-28,TMV,TMV,0.0,34.05,0.0155,-401717000.0,0.0,0.0,0.1759,0.0,-8706000.0,BALANCED,4.3975
2025-12-01,TMV,TMV,0.0,35.33,0.0377,-401717000.0,0.0,0.0,0.2245,0.0,-8706000.0,BALANCED,5.6127
2025-12-02,TMV,TMV,0.0,35.3,-0.0009,-401717000.0,0.0,0.0,0.277,0.0,-8706000.0,BALANCED,6.9246
2025-12-03,TMV,TMV,0.0,35.01,-0.008,-401717000.0,0.0,0.0,0.277,0.0,-8706000.0,BALANCED,6.9246
2025-12-04,TMV,TMV,1780000.0,35.6,0.0166,-399937000.0,1780000.0,0.0,1.5861,1780000.0,-1648000.0,ACCUMULATION,51.6524
2025-12-05,TMV,TMV,0.0,36.14,0.0152,-399937000.0,0.0,0.0,0.2191,1780000.0,1777000.0,BALANCED,15.4765
2025-12-08,TMV,TMV,0.0,36.51,0.0102,-399937000.0,0.0,0.0,0.1807,1780000.0,1777000.0,BALANCED,14.5169
2025-12-09,TMV,TMV,0.0,36.41,-0.0026,-399937000.0,0.0,0.0,0.1807,1780000.0,1777000.0,BALANCED,14.5169
2025-12-10,TMV,TMV,-5401000.0,36.01,-0.0111,-405338000.0,0.0,-5401000.0,-3.144,-3621000.0,-3624000.0,DISTRIBUTION,-90.6009
2025-12-11,TMV,TMV,0.0,36.17,0.0045,-405338000.0,0.0,0.0,0.2589,-5401000.0,-3624000.0,BALANCED,-3.5278
2025-12-12,TMV,TMV,0.0,37.26,0.0302,-405338000.0,0.0,0.0,0.2589,-5401000.0,-3624000.0,BALANCED,-3.5278
2025-12-15,TMV,TMV,0.0,37.2,-0.0017,-405338000.0,0.0,0.0,0.2589,-5401000.0,-3624000.0,BALANCED,-3.5278
2025-12-16,TMV,TMV,0.0,36.6,-0.0161,-405338000.0,0.0,0.0,0.2589,-5401000.0,-5382000.0,BALANCED,-3.5278
2025-12-17,TMV,TMV,0.0,36.72,0.0031,-405338000.0,0.0,0.0,0.2589,0.0,-3621000.0,BALANCED,6.4722
2025-12-18,TMV,TMV,0.0,36.21,-0.0139,-405338000.0,0.0,0.0,0.1815,0.0,-3621000.0,BALANCED,4.5374
2025-12-19,TMV,TMV,-3665000.0,36.65,0.0124,-409003000.0,0.0,-3665000.0,-2.6012,-3665000.0,-7286000.0,DISTRIBUTION,-77.0288
2025-12-22,TMV,TMV,0.0,36.91,0.0069,-409003000.0,0.0,0.0,0.1847,-3665000.0,-7286000.0,BALANCED,-5.3829
2025-12-23,TMV,TMV,0.0,36.63,-0.0044,-409003000.0,0.0,0.0,0.1847,-3665000.0,-7286000.0,BALANCED,-5.3829
2025-12-24,TMV,TMV,0.0,35.99,-0.0173,-409003000.0,0.0,0.0,0.1847,-3665000.0,-7286000.0,BALANCED,-5.3829
2025-12-26,TMV,TMV,0.0,36.39,0.0111,-409003000.0,0.0,0.0,0.1847,-3665000.0,-7286000.0,BALANCED,-5.3829
2025-12-29,TMV,TMV,-1800000.0,36.0,-0.0109,-410803000.0,0.0,-1800000.0,-1.1132,-1800000.0,-9086000.0,BALANCED,-39.8292
2025-12-30,TMV,TMV,0.0,36.27,0.0076,-410803000.0,0.0,0.0,0.2253,-1800000.0,-9086000.0,BALANCED,-4.368
2025-12-31,TMV,TMV,0.0,37.17,0.0247,-410803000.0,0.0,0.0,0.2805,-1800000.0,-9086000.0,BALANCED,-2.9879
2026-01-02,TMV,TMV,0.0,37.38,0.0057,-410803000.0,0.0,0.0,0.2398,-1800000.0,-9086000.0,BALANCED,-4.005
2026-01-05,TMV,TMV,-3684000.0,36.84,-0.0144,-414487000.0,0.0,-3684000.0,-2.3211,-5484000.0,-14550000.0,DISTRIBUTION,-70.0278
2026-01-06,TMV,TMV,0.0,37.08,0.0066,-414487000.0,0.0,0.0,0.3032,-3684000.0,-14550000.0,BALANCED,-2.4193
2026-01-07,TMV,TMV,1822000.0,36.45,-0.0171,-412665000.0,1822000.0,0.0,1.4968,-1862000.0,-12728000.0,BALANCED,29.4199
2026-01-08,TMV,TMV,0.0,37.01,0.0154,-412665000.0,0.0,0.0,0.2498,-1862000.0,-12728000.0,BALANCED,-3.7557
2026-01-09,TMV,TMV,0.0,36.32,-0.0187,-412665000.0,0.0,0.0,0.2498,-1862000.0,-7327000.0,BALANCED,-3.7557
2026-01-12,TMV,TMV,-3666000.0,36.66,0.0093,-416331000.0,0.0,-3666000.0,-2.0143,-1844000.0,-10993000.0,DISTRIBUTION,-62.3584
2026-01-13,TMV,TMV,0.0,36.48,-0.0048,-416331000.0,0.0,0.0,0.3087,-1844000.0,-10993000.0,BALANCED,-2.283
2026-01-14,TMV,TMV,0.0,35.86,-0.017,-416331000.0,0.0,0.0,0.3087,-3666000.0,-10993000.0,BALANCED,-2.283
2026-01-15,TMV,TMV,1795000.0,35.9,0.0011,-414536000.0,1795000.0,0.0,1.363,-1871000.0,-9198000.0,BALANCED,26.0762
2026-01-16,TMV,TMV,-3658000.0,36.58,0.0189,-418194000.0,0.0,-3658000.0,-1.7959,-5529000.0,-12856000.0,DISTRIBUTION,-56.8981
2026-01-20,TMV,TMV,1902000.0,38.03,0.0397,-416292000.0,1902000.0,0.0,1.409,39000.0,-10954000.0,BALANCED,47.2251
2026-01-21,TMV,TMV,3718000.0,37.18,-0.0225,-412574000.0,3718000.0,0.0,2.1764,3757000.0,-3571000.0,ACCUMULATION,68.4103
2026-01-22,TMV,TMV,1835000.0,36.71,-0.0126,-410739000.0,1835000.0,0.0,1.1286,5592000.0,-1736000.0,BALANCED,44.2157
2026-01-23,TMV,TMV,-3645000.0,36.45,-0.007,-414384000.0,0.0,-3645000.0,-1.5557,152000.0,-5381000.0,DISTRIBUTION,-30.8922
2026-01-26,TMV,TMV,0.0,35.94,-0.0139,-414384000.0,0.0,0.0,0.1666,3810000.0,-5381000.0,BALANCED,14.1656
2026-01-27,TMV,TMV,0.0,36.63,0.0191,-414384000.0,0.0,0.0,0.1666,1908000.0,-5381000.0,BALANCED,14.1656
2026-01-28,TMV,TMV,0.0,36.89,0.0072,-414384000.0,0.0,0.0,0.1666,-1810000.0,-3581000.0,BALANCED,-5.8344
2026-01-29,TMV,TMV,0.0,36.88,-0.0003,-414384000.0,0.0,0.0,0.1666,-3645000.0,-3581000.0,BALANCED,-5.8344
2026-01-30,TMV,TMV,3753000.0,37.53,0.0176,-410631000.0,3753000.0,0.0,2.0098,3753000.0,172000.0,ACCUMULATION,62.2455
2026-02-02,TMV,TMV,1894000.0,37.88,0.0093,-408737000.0,1894000.0,0.0,1.0081,5647000.0,2066000.0,BALANCED,39.2014
2026-02-03,TMV,TMV,0.0,37.62,-0.0069,-408737000.0,0.0,0.0,0.0569,5647000.0,5750000.0,BALANCED,11.4225
2026-02-04,TMV,TMV,1896000.0,37.92,0.008,-406841000.0,1896000.0,0.0,0.9568,7543000.0,7646000.0,BALANCED,35.9205
2026-02-05,TMV,TMV,-5505000.0,36.7,-0.0322,-412346000.0,0.0,-5505000.0,-2.4955,2038000.0,319000.0,DISTRIBUTION,-54.3874
2026-02-06,TMV,TMV,0.0,36.67,-0.0009,-412346000.0,0.0,0.0,0.0516,-1715000.0,319000.0,BALANCED,-8.7111
2026-02-09,TMV,TMV,0.0,36.71,0.0011,-412346000.0,0.0,0.0,0.0516,-3609000.0,319000.0,BALANCED,-8.7111
2026-02-10,TMV,TMV,0.0,35.45,-0.0342,-412346000.0,0.0,0.0,0.0516,-3609000.0,3985000.0,BALANCED,-8.7111
2026-02-11,TMV,TMV,1802000.0,36.03,0.0163,-410544000.0,1802000.0,0.0,0.8286,-3703000.0,5787000.0,BALANCED,12.715
2026-02-12,TMV,TMV,0.0,34.61,-0.0395,-410544000.0,0.0,0.0,-0.004,1802000.0,5787000.0,BALANCED,9.9003
2026-02-13,TMV,TMV,0.0,34.1,-0.0149,-410544000.0,0.0,0.0,-0.004,1802000.0,3992000.0,BALANCED,9.9003
2026-02-17,TMV,TMV,3394000.0,33.94,-0.0046,-407150000.0,3394000.0,0.0,1.4538,5196000.0,11044000.0,BALANCED,48.3446
2026-02-18,TMV,TMV,0.0,34.34,0.0118,-407150000.0,0.0,0.0,-0.1146,5196000.0,9142000.0,BALANCED,7.1342
2026-02-19,TMV,TMV,1712000.0,34.25,-0.0026,-405438000.0,1712000.0,0.0,0.6561,5106000.0,7136000.0,BALANCED,28.403
2026-02-20,TMV,TMV,0.0,34.53,0.0083,-405438000.0,0.0,0.0,-0.1131,5106000.0,5301000.0,BALANCED,7.1736
2026-02-23,TMV,TMV,0.0,34.16,-0.0107,-405438000.0,0.0,0.0,-0.1131,5106000.0,8946000.0,BALANCED,7.1736
2026-02-24,TMV,TMV,0.0,33.99,-0.0049,-405438000.0,0.0,0.0,-0.1131,1712000.0,8946000.0,BALANCED,7.1736
2026-02-25,TMV,TMV,0.0,34.0,0.0001,-405438000.0,0.0,0.0,-0.1815,1712000.0,8946000.0,BALANCED,5.4615
2026-02-26,TMV,TMV,0.0,33.6,-0.0116,-405438000.0,0.0,0.0,-0.1815,0.0,8946000.0,BALANCED,-4.5385
2026-02-27,TMV,TMV,1651000.0,33.03,-0.0171,-403787000.0,1651000.0,0.0,0.6126,1651000.0,10597000.0,BALANCED,27.3156
2026-03-02,TMV,TMV,0.0,34.04,0.0304,-403787000.0,0.0,0.0,-0.1794,1651000.0,6844000.0,BALANCED,5.5139
2026-03-03,TMV,TMV,6851000.0,34.25,0.0064,-396936000.0,6851000.0,0.0,2.8162,8502000.0,11801000.0,ACCUMULATION,82.4039
2026-03-04,TMV,TMV,3459000.0,34.59,0.0098,-393477000.0,3459000.0,0.0,1.2109,11961000.0,15260000.0,BALANCED,44.2724
2026-03-05,TMV,TMV,0.0,35.02,0.0125,-393477000.0,0.0,0.0,-0.2946,11961000.0,13364000.0,BALANCED,2.6348
2026-03-06,TMV,TMV,-3545000.0,35.45,0.0124,-397022000.0,0.0,-3545000.0,-1.757,6765000.0,15324000.0,DISTRIBUTION,-35.9244
2026-03-09,TMV,TMV,1727000.0,34.54,-0.0257,-395295000.0,1727000.0,0.0,0.5068,8492000.0,17051000.0,BALANCED,24.6709
2026-03-10,TMV,TMV,0.0,35.66,0.0323,-395295000.0,0.0,0.0,-0.2957,1641000.0,17051000.0,BALANCED,2.608
2026-03-11,TMV,TMV,0.0,37.06,0.0391,-395295000.0,0.0,0.0,-0.2957,-1818000.0,17051000.0,BALANCED,-17.392
2026-03-12,TMV,TMV,0.0,37.29,0.0062,-395295000.0,0.0,0.0,-0.2957,-1818000.0,15249000.0,BALANCED,-17.392
2026-03-13,TMV,TMV,-1894000.0,37.89,0.0161,-397189000.0,0.0,-1894000.0,-1.1222,-167000.0,13355000.0,BALANCED,-40.0542
2026-03-16,TMV,TMV,0.0,37.02,-0.0228,-397189000.0,0.0,0.0,-0.2117,-1894000.0,13355000.0,BALANCED,-15.2922
2026-03-17,TMV,TMV,0.0,36.73,-0.0079,-397189000.0,0.0,0.0,-0.1833,-1894000.0,9961000.0,BALANCED,-14.5821
2026-03-18,TMV,TMV,0.0,37.37,0.0174,-397189000.0,0.0,0.0,-0.1833,-1894000.0,9961000.0,BALANCED,-14.5821
2026-03-19,TMV,TMV,-5504000.0,36.7,-0.018,-402693000.0,0.0,-5504000.0,-2.4136,-7398000.0,2745000.0,DISTRIBUTION,-72.3388
2026-03-20,TMV,TMV,-3883000.0,38.83,0.0581,-406576000.0,0.0,-3883000.0,-1.837,-9387000.0,-1138000.0,DISTRIBUTION,-59.9257
2026-03-23,TMV,TMV,0.0,38.09,-0.019,-406576000.0,0.0,0.0,-0.0867,-9387000.0,-1138000.0,BALANCED,-12.1674
2026-03-24,TMV,TMV,1911000.0,38.22,0.0134,-404665000.0,1911000.0,0.0,0.7388,-7476000.0,773000.0,BALANCED,10.4701
2026-03-25,TMV,TMV,0.0,37.13,-0.0285,-404665000.0,0.0,0.0,-0.1143,-7476000.0,773000.0,BALANCED,-12.8574
2026-03-26,TMV,TMV,0.0,38.08,0.0256,-404665000.0,0.0,0.0,-0.0882,-1972000.0,773000.0,BALANCED,-12.2056
2026-03-27,TMV,TMV,0.0,38.76,0.0176,-404665000.0,0.0,0.0,-0.0882,1911000.0,-878000.0,BALANCED,7.7944
2026-03-30,TMV,TMV,0.0,37.22,-0.0395,-404665000.0,0.0,0.0,-0.0882,1911000.0,-878000.0,BALANCED,7.7944
2026-03-31,TMV,TMV,0.0,37.35,0.0035,-404665000.0,0.0,0.0,-0.0388,0.0,-7729000.0,BALANCED,-0.9688
2026-04-01,TMV,TMV,-1874000.0,37.48,0.0034,-406539000.0,0.0,-1874000.0,-0.8741,-1874000.0,-13062000.0,BALANCED,-33.8518
2026-04-02,TMV,TMV,0.0,36.85,-0.0167,-406539000.0,0.0,0.0,0.0171,-1874000.0,-13062000.0,BALANCED,-9.572
2026-04-06,TMV,TMV,0.0,37.05,0.0052,-406539000.0,0.0,0.0,0.0171,-1874000.0,-9517000.0,BALANCED,-9.572
2026-04-07,TMV,TMV,0.0,37.07,0.0008,-406539000.0,0.0,0.0,0.0171,-1874000.0,-11244000.0,BALANCED,-9.572
2026-04-08,TMV,TMV,1836000.0,36.73,-0.0093,-404703000.0,1836000.0,0.0,0.8345,-38000.0,-9408000.0,BALANCED,12.8627
2026-04-09,TMV,TMV,1851000.0,37.02,0.008,-402852000.0,1851000.0,0.0,0.8036,3687000.0,-7557000.0,BALANCED,34.0894
2026-04-10,TMV,TMV,0.0,37.34,0.0085,-402852000.0,0.0,0.0,-0.0392,3687000.0,-7557000.0,BALANCED,9.0188
2026-04-13,TMV,TMV,1851000.0,37.02,-0.0086,-401001000.0,1851000.0,0.0,0.7986,5538000.0,-3812000.0,BALANCED,31.9661
2026-04-14,TMV,TMV,-1822000.0,36.44,-0.0155,-402823000.0,0.0,-1822000.0,-0.8318,3716000.0,-5634000.0,BALANCED,-12.7955
2026-04-15,TMV,TMV,0.0,36.93,0.0135,-402823000.0,0.0,0.0,0.1078,1880000.0,-5634000.0,BALANCED,12.696
2026-04-16,TMV,TMV,0.0,37.65,0.0194,-402823000.0,0.0,0.0,0.1849,29000.0,-5634000.0,BALANCED,14.6231
2026-04-17,TMV,TMV,-3666000.0,36.66,-0.0262,-406489000.0,0.0,-3666000.0,-1.8048,-3637000.0,-3796000.0,DISTRIBUTION,-57.121
2026-04-20,TMV,TMV,0.0,36.7,0.0011,-406489000.0,0.0,0.0,0.1864,-5488000.0,87000.0,BALANCED,-5.3395
2026-04-21,TMV,TMV,0.0,37.32,0.0169,-406489000.0,0.0,0.0,0.2262,-3666000.0,87000.0,BALANCED,-4.3456
2026-04-22,TMV,TMV,1856000.0,37.12,-0.0055,-404633000.0,1856000.0,0.0,1.2761,-1810000.0,32000.0,BALANCED,23.9033
2026-04-23,TMV,TMV,-1869000.0,37.38,0.007,-406502000.0,0.0,-1869000.0,-0.8691,-3679000.0,-1837000.0,BALANCED,-33.728
2026-04-24,TMV,TMV,0.0,37.22,-0.0043,-406502000.0,0.0,0.0,0.2171,-13000.0,-1837000.0,BALANCED,-4.5722
2026-04-27,TMV,TMV,0.0,37.78,0.0153,-406502000.0,0.0,0.0,0.1829,-13000.0,-1837000.0,BALANCED,-5.4281
2026-04-28,TMV,TMV,0.0,37.68,-0.0027,-406502000.0,0.0,0.0,0.1829,-13000.0,-1837000.0,BALANCED,-5.4281
2026-04-29,TMV,TMV,-1929000.0,38.57,0.0237,-408431000.0,0.0,-1929000.0,-0.9027,-3798000.0,-3766000.0,BALANCED,-34.5687
2026-04-30,TMV,TMV,0.0,38.7,0.0032,-408431000.0,0.0,0.0,0.2177,-1929000.0,-1892000.0,BALANCED,-4.5587
2026-05-01,TMV,TMV,1917000.0,38.33,-0.0094,-406514000.0,1917000.0,0.0,1.3863,-12000.0,25000.0,BALANCED,26.6563
2026-05-04,TMV,TMV,0.0,39.22,0.0232,-406514000.0,0.0,0.0,-0.0016,-12000.0,25000.0,BALANCED,-10.04
2026-05-05,TMV,TMV,0.0,38.59,-0.0162,-406514000.0,0.0,0.0,-0.0016,-12000.0,25000.0,BALANCED,-10.04
2026-05-06,TMV,TMV,0.0,37.72,-0.0224,-406514000.0,0.0,0.0,0.0496,1917000.0,-1811000.0,BALANCED,11.2409
2026-05-07,TMV,TMV,-1915000.0,38.3,0.0154,-408429000.0,0.0,-1915000.0,-1.3906,2000.0,-5577000.0,BALANCED,-26.7659
2026-05-08,TMV,TMV,0.0,37.77,-0.0138,-408429000.0,0.0,0.0,0.0975,-1915000.0,-5577000.0,BALANCED,-7.5625
2026-05-11,TMV,TMV,0.0,38.47,0.0185,-408429000.0,0.0,0.0,0.0975,-1915000.0,-7428000.0,BALANCED,-7.5625
2026-05-12,TMV,TMV,0.0,39.26,0.0204,-408429000.0,0.0,0.0,0.0975,-1915000.0,-5606000.0,BALANCED,-7.5625
2026-05-13,TMV,TMV,3953000.0,39.53,0.0071,-404476000.0,3953000.0,0.0,2.6542,2038000.0,-1653000.0,ACCUMULATION,78.3552
2026-05-14,TMV,TMV,-6178000.0,41.18,0.0417,-410654000.0,0.0,-6178000.0,-3.2825,-2225000.0,-7831000.0,DISTRIBUTION,-94.0637
2026-05-15,TMV,TMV,0.0,41.18,0.0,-410654000.0,0.0,0.0,0.0745,-2225000.0,-4165000.0,BALANCED,-8.1366
2026-05-18,TMV,TMV,2067000.0,41.35,0.004,-408587000.0,2067000.0,0.0,1.1335,-158000.0,-2098000.0,BALANCED,20.3375
2026-05-19,TMV,TMV,0.0,42.17,0.0198,-408587000.0,0.0,0.0,0.0362,-158000.0,-2098000.0,BALANCED,-9.094
2026-05-20,TMV,TMV,2041000.0,40.83,-0.0318,-406546000.0,2041000.0,0.0,1.1116,-2070000.0,-1913000.0,BALANCED,19.7911
2026-05-21,TMV,TMV,4039000.0,40.39,-0.0107,-402507000.0,4039000.0,0.0,2.0075,8147000.0,3995000.0,ACCUMULATION,64.1865
2026-05-22,TMV,TMV,0.0,39.79,-0.0148,-402507000.0,0.0,0.0,-0.0057,8147000.0,3995000.0,BALANCED,9.8567
2026-05-25,TMV,TMV,0.0,39.79,-0.0,-402507000.0,0.0,0.0,0.0254,6080000.0,3995000.0,BALANCED,10.6351
2026-05-26,TMV,TMV,0.0,39.22,-0.0145,-402507000.0,0.0,0.0,-0.0054,6080000.0,3995000.0,BALANCED,9.8648
2026-05-27,TMV,TMV,0.0,38.96,-0.0067,-402507000.0,0.0,0.0,-0.0054,4039000.0,5924000.0,BALANCED,9.8648
2026-05-28,TMV,TMV,0.0,38.37,-0.0151,-402507000.0,0.0,0.0,-0.0054,0.0,5924000.0,BALANCED,-0.1352
2026-05-29,TMV,TMV,0.0,38.39,0.0005,-402507000.0,0.0,0.0,-0.0729,0.0,4007000.0,BALANCED,-1.8237
2026-06-01,TMV,TMV,0.0,38.34,-0.0012,-402507000.0,0.0,0.0,-0.0729,0.0,4007000.0,BALANCED,-1.8237
2026-06-02,TMV,TMV,0.0,38.12,-0.0059,-402507000.0,0.0,0.0,-0.0729,0.0,4007000.0,BALANCED,-1.8237
2026-06-03,TMV,TMV,0.0,38.59,0.0123,-402507000.0,0.0,0.0,-0.0396,0.0,4007000.0,BALANCED,-0.9896
2026-06-04,TMV,TMV,0.0,38.35,-0.0063,-402507000.0,0.0,0.0,-0.076,0.0,5922000.0,BALANCED,-1.8996
2026-06-05,TMV,TMV,0.0,38.99,0.0167,-402507000.0,0.0,0.0,-0.076,0.0,5922000.0,BALANCED,-1.8996
2026-06-08,TMV,TMV,0.0,39.61,0.0159,-402507000.0,0.0,0.0,-0.076,0.0,5922000.0,BALANCED,-1.8996
2026-06-09,TMV,TMV,0.0,38.92,-0.0173,-402507000.0,0.0,0.0,-0.076,0.0,5922000.0,BALANCED,-1.8996
2026-06-10,TMV,TMV,-3927000.0,39.27,0.0089,-406434000.0,0.0,-3927000.0,-2.1381,-3927000.0,-1958000.0,DISTRIBUTION,-65.4516
2026-06-11,TMV,TMV,0.0,37.75,-0.0385,-406434000.0,0.0,0.0,-0.0356,-3927000.0,4220000.0,BALANCED,-10.891
2026-06-12,TMV,TMV,0.0,38.07,0.0085,-406434000.0,0.0,0.0,-0.0015,-3927000.0,4220000.0,BALANCED,-10.0363
2026-06-15,TMV,TMV,0.0,38.16,0.0022,-406434000.0,0.0,0.0,-0.0015,-3927000.0,2153000.0,BALANCED,-10.0363
2026-06-16,TMV,TMV,-1877000.0,37.54,-0.0161,-408311000.0,0.0,-1877000.0,-0.9734,-5804000.0,276000.0,BALANCED,-36.3361
2026-06-17,TMV,TMV,0.0,37.37,-0.0045,-408311000.0,0.0,0.0,0.0321,-1877000.0,-1765000.0,BALANCED,-9.1978
2026-06-18,TMV,TMV,0.0,36.89,-0.013,-408311000.0,0.0,0.0,-0.0021,-1877000.0,-5804000.0,BALANCED,-10.0536
2026-06-19,TMV,TMV,0.0,36.89,0.0,-408311000.0,0.0,0.0,-0.0021,-1877000.0,-5804000.0,BALANCED,-10.0536
2026-06-22,TMV,TMV,-1887000.0,37.74,0.0232,-410198000.0,0.0,-1887000.0,-0.9798,-3764000.0,-7691000.0,BALANCED,-36.495
2026-06-23,TMV,TMV,-1869000.0,37.37,-0.0034,-412067000.0,0.0,-1869000.0,-0.9225,-3756000.0,-9560000.0,BALANCED,-37.0613
2026-06-24,TMV,TMV,0.0,35.85,-0.0407,-412067000.0,0.0,0.0,0.1461,-3756000.0,-9560000.0,BALANCED,-6.3477
2026-06-25,TMV,TMV,-1795000.0,35.9,0.0014,-413862000.0,0.0,-1795000.0,-1.2413,-5551000.0,-11355000.0,BALANCED,-43.0333
2026-06-26,TMV,TMV,0.0,35.93,0.0008,-413862000.0,0.0,0.0,0.0786,-5551000.0,-11355000.0,BALANCED,-8.0341
2026-06-29,TMV,TMV,0.0,35.84,-0.0027,-413862000.0,0.0,0.0,0.1356,-3664000.0,-11355000.0,BALANCED,-6.6104
2026-06-30,TMV,TMV,0.0,37.12,0.0357,-413862000.0,0.0,0.0,0.1356,-1795000.0,-11355000.0,BALANCED,-6.6104
2026-07-01,TMV,TMV,-1894000.0,37.88,0.0206,-415756000.0,0.0,-1894000.0,-1.2561,-3689000.0,-13249000.0,BALANCED,-43.4018
2026-07-02,TMV,TMV,0.0,37.96,0.002,-415756000.0,0.0,0.0,0.4581,-1894000.0,-13249000.0,BALANCED,1.4517
2026-07-03,TMV,TMV,0.0,37.96,-0.0,-415756000.0,0.0,0.0,0.4581,-1894000.0,-13249000.0,BALANCED,1.4517
2026-07-06,TMV,TMV,0.0,38.06,0.0025,-415756000.0,0.0,0.0,0.4581,-1894000.0,-13249000.0,BALANCED,1.4517
2026-07-07,TMV,TMV,0.0,39.27,0.032,-415756000.0,0.0,0.0,0.4581,-1894000.0,-13249000.0,BALANCED,1.4517
2026-07-08,TMV,TMV,0.0,39.55,0.0071,-415756000.0,0.0,0.0,0.4581,0.0,-9322000.0,BALANCED,11.4517
2026-07-09,TMV,TMV,0.0,39.39,-0.0042,-415756000.0,0.0,0.0,0.4581,0.0,-9322000.0,BALANCED,11.4517
2026-07-10,TMV,TMV,0.0,39.46,0.002,-415756000.0,0.0,0.0,0.4581,0.0,-9322000.0,BALANCED,11.4517
2026-07-13,TMV,TMV,0.0,40.18,0.0182,-415756000.0,0.0,0.0,0.4581,0.0,-9322000.0,BALANCED,11.4517
2026-07-14,TMV,TMV,0.0,40.04,-0.0035,-415756000.0,0.0,0.0,0.4581,0.0,-7445000.0,BALANCED,11.4517
2026-07-15,TMV,TMV,0.0,39.83,-0.0053,-415756000.0,0.0,0.0,0.4581,0.0,-7445000.0,BALANCED,11.4517
2026-07-16,TMV,TMV,0.0,39.88,0.0015,-415756000.0,0.0,0.0,0.4581,0.0,-7445000.0,BALANCED,11.4517
2026-07-17,TMV,TMV,-3949000.0,39.49,-0.0098,-419705000.0,0.0,-3949000.0,-2.9281,-3949000.0,-11394000.0,DISTRIBUTION,-85.2037
2026-07-20,TMV,TMV,4039000.0,40.39,0.0228,-415666000.0,4039000.0,0.0,3.1407,90000.0,-5468000.0,ACCUMULATION,90.5179
2026-07-21,TMV,TMV,0.0,40.74,0.0086,-415666000.0,0.0,0.0,0.3077,90000.0,-3599000.0,BALANCED,17.6917
2026-07-22,TMV,TMV,0.0,41.08,0.0083,-415666000.0,0.0,0.0,0.2431,90000.0,-3599000.0,BALANCED,16.0786
2026-07-23,TMV,TMV,2075000.0,41.49,0.0101,-413591000.0,2075000.0,0.0,1.7295,2165000.0,271000.0,ACCUMULATION,55.2383
2026-07-24,TMV,TMV,0.0,41.43,-0.0016,-413591000.0,0.0,0.0,0.1783,6114000.0,271000.0,BALANCED,14.4586
2026-07-27,TMV,TMV,0.0,40.7,-0.0176,-413591000.0,0.0,0.0,0.1783,2075000.0,271000.0,BALANCED,14.4586
2026-07-28,TMV,TMV,4000000.0,40.0,-0.0171,-409591000.0,4000000.0,0.0,2.6793,6075000.0,4271000.0,ACCUMULATION,78.9825
2026-07-29,TMV,TMV,0.0,42.0,0.0499,-409591000.0,0.0,0.0,0.0283,6075000.0,6165000.0,BALANCED,10.7069
2026-07-30,TMV,TMV,-4209000.0,42.09,0.0022,-413800000.0,0.0,-4209000.0,-2.3828,-209000.0,1956000.0,DISTRIBUTION,-71.5706
2026-07-31,TMV,TMV,4295000.0,42.95,0.0204,-409505000.0,4295000.0,0.0,2.3092,4086000.0,6251000.0,ACCUMULATION,69.7297
2026-08-03,TMV,TMV,2129000.0,42.58,-0.0087,-407376000.0,2129000.0,0.0,1.0801,6215000.0,8380000.0,BALANCED,41.0013
2026-08-04,TMV,TMV,0.0,41.62,-0.0226,-407376000.0,0.0,0.0,-0.0846,2215000.0,8380000.0,BALANCED,7.8841
2026-08-05,TMV,TMV,0.0,41.36,-0.0061,-407376000.0,0.0,0.0,-0.0846,2215000.0,8380000.0,BALANCED,7.8841
2026-08-06,TMV,TMV,-4210000.0,42.1,0.0178,-411586000.0,0.0,-4210000.0,-2.1612,2214000.0,4170000.0,DISTRIBUTION,-46.0299
2026-08-07,TMV,TMV,0.0,41.78,-0.0074,-411586000.0,0.0,0.0,-0.0383,-2081000.0,4170000.0,BALANCED,-10.9564
2026-08-10,TMV,TMV,0.0,42.86,0.0258,-411586000.0,0.0,0.0,-0.0383,-4210000.0,4170000.0,BALANCED,-10.9564
2026-08-11,TMV,TMV,0.0,42.67,-0.0044,-411586000.0,0.0,0.0,-0.0383,-4210000.0,4170000.0,BALANCED,-10.9564
2026-08-12,TMV,TMV,0.0,42.82,0.0033,-411586000.0,0.0,0.0,-0.0714,-4210000.0,4170000.0,BALANCED,-11.7838
2026-08-13,TMV,TMV,2104000.0,42.08,-0.0172,-409482000.0,2104000.0,0.0,0.9568,2104000.0,6274000.0,BALANCED,35.9192
2026-08-14,TMV,TMV,0.0,42.97,0.0212,-409482000.0,0.0,0.0,-0.1056,2104000.0,10223000.0,BALANCED,7.3601
2026-08-17,TMV,TMV,0.0,44.07,0.0256,-409482000.0,0.0,0.0,-0.1056,2104000.0,6184000.0,BALANCED,7.3601
2026-08-18,TMV,TMV,10897000.0,43.59,-0.011,-398585000.0,10897000.0,0.0,3.7151,13001000.0,17081000.0,ACCUMULATION,100.0
2026-08-19,TMV,TMV,0.0,41.43,-0.0496,-398585000.0,0.0,0.0,-0.206,13001000.0,17081000.0,BALANCED,4.8511
2026-08-20,TMV,TMV,0.0,42.46,0.025,-398585000.0,0.0,0.0,-0.206,10897000.0,15006000.0,BALANCED,4.8511
2026-08-21,TMV,TMV,-6445000.0,42.96,0.0118,-405030000.0,0.0,-6445000.0,-2.2232,4452000.0,8561000.0,DISTRIBUTION,-47.58
2026-08-24,TMV,TMV,0.0,42.18,-0.0182,-405030000.0,0.0,0.0,-0.1168,4452000.0,8561000.0,BALANCED,7.0788
2026-08-25,TMV,TMV,2040000.0,40.81,-0.0327,-402990000.0,2040000.0,0.0,0.5252,-4405000.0,6601000.0,BALANCED,5.1291
2026-08-26,TMV,TMV,2054000.0,41.07,0.0065,-400936000.0,2054000.0,0.0,0.5053,-2351000.0,8655000.0,BALANCED,6.6326
2026-08-27,TMV,TMV,0.0,41.34,0.0065,-400936000.0,0.0,0.0,-0.16,-2351000.0,12864000.0,BALANCED,-14.0003
2026-08-28,TMV,TMV,2088000.0,41.76,0.0103,-398848000.0,2088000.0,0.0,0.467,6182000.0,10657000.0,BALANCED,23.6739
2026-08-31,TMV,TMV,0.0,42.32,0.0134,-398848000.0,0.0,0.0,-0.1922,6182000.0,8528000.0,BALANCED,5.1953
2026-09-01,TMV,TMV,0.0,42.86,0.0126,-398848000.0,0.0,0.0,-0.1922,4142000.0,8528000.0,BALANCED,5.1953
2026-09-02,TMV,TMV,0.0,42.75,-0.0025,-398848000.0,0.0,0.0,-0.1922,2088000.0,8528000.0,BALANCED,5.1953
2026-09-03,TMV,TMV,0.0,42.58,-0.004,-398848000.0,0.0,0.0,-0.1692,2088000.0,12738000.0,BALANCED,5.7699
2026-09-04,TMV,TMV,0.0,42.43,-0.0034,-398848000.0,0.0,0.0,-0.1692,0.0,12738000.0,BALANCED,-4.2301
2026-09-07,TMV,TMV,0.0,42.43,0.0,-398848000.0,0.0,0.0,-0.1692,0.0,12738000.0,BALANCED,-4.2301
2026-09-08,TMV,TMV,-2123000.0,42.47,0.0008,-400971000.0,0.0,-2123000.0,-0.8415,-2123000.0,10615000.0,BALANCED,-33.0387
2026-09-09,TMV,TMV,0.0,43.22,0.0176,-400971000.0,0.0,0.0,-0.1003,-2123000.0,10615000.0,BALANCED,-12.508
2026-09-10,TMV,TMV,2237000.0,44.74,0.0353,-398734000.0,2237000.0,0.0,0.6297,114000.0,10748000.0,BALANCED,27.7427
2026-09-11,TMV,TMV,-2232000.0,44.65,-0.0021,-400966000.0,0.0,-2232000.0,-0.9313,-2118000.0,8516000.0,BALANCED,-35.2824
2026-09-14,TMV,TMV,0.0,44.57,-0.0018,-400966000.0,0.0,0.0,-0.0797,-2118000.0,8516000.0,BALANCED,-11.9931
2026-09-15,TMV,TMV,2247000.0,44.95,0.0085,-398719000.0,2247000.0,0.0,0.724,2252000.0,-134000.0,BALANCED,30.0991
2026-09-16,TMV,TMV,0.0,44.68,-0.0059,-398719000.0,0.0,0.0,-0.1067,2252000.0,-134000.0,BALANCED,7.3332
2026-09-17,TMV,TMV,6481000.0,43.21,-0.033,-392238000.0,6481000.0,0.0,2.0882,6496000.0,6347000.0,ACCUMULATION,64.2046
2026-09-18,TMV,TMV,0.0,44.1,0.0207,-392238000.0,0.0,0.0,-0.2308,8728000.0,12792000.0,BALANCED,4.231
2026-09-21,TMV,TMV,0.0,43.22,-0.02,-392238000.0,0.0,0.0,-0.2308,8728000.0,12792000.0,BALANCED,4.231
2026-09-22,TMV,TMV,-4309000.0,43.09,0.0023,-396547000.0,0.0,-4309000.0,-1.6383,2172000.0,6443000.0,DISTRIBUTION,-32.9563
2026-09-23,TMV,TMV,0.0,45.15,0.0478,-396547000.0,0.0,0.0,-0.1707,2172000.0,4389000.0,BALANCED,5.7318
