date,ticker,trackinsight_key,usd_flow,nav,perf_pct,cumulative_flow,daily_inflow,daily_outflow,flow_zscore,flow_5d,flow_20d,regime,pressure
2016-01-04,TNA,TNA,-17769000.0,59.23,-0.072,-17769000.0,0.0,-17769000.0,0.0,-17769000.0,-17769000.0,BALANCED,-12.0
2016-01-05,TNA,TNA,0.0,59.52,0.0049,-17769000.0,0.0,0.0,0.0,-17769000.0,-17769000.0,BALANCED,-10.0
2016-01-06,TNA,TNA,0.0,56.94,-0.0434,-17769000.0,0.0,0.0,0.0,-17769000.0,-17769000.0,BALANCED,-10.0
2016-01-07,TNA,TNA,94118000.0,52.29,-0.0817,76349000.0,94118000.0,0.0,0.0,76349000.0,76349000.0,BALANCED,12.0
2016-01-08,TNA,TNA,32223000.0,49.57,-0.0519,108572000.0,32223000.0,0.0,0.2371,108572000.0,108572000.0,BALANCED,19.9286
2016-01-11,TNA,TNA,0.0,48.96,-0.0124,108572000.0,0.0,0.0,-0.4455,126341000.0,108572000.0,BALANCED,-1.1385
2016-01-12,TNA,TNA,29611000.0,49.35,0.008,138183000.0,29611000.0,0.0,0.2644,155952000.0,138183000.0,BALANCED,18.6103
2016-01-13,TNA,TNA,53369000.0,44.47,-0.0988,191552000.0,53369000.0,0.0,0.8051,209321000.0,191552000.0,BALANCED,34.1271
2016-01-14,TNA,TNA,0.0,46.52,0.0459,191552000.0,0.0,0.0,-0.6062,115203000.0,191552000.0,BALANCED,-5.1559
2016-01-15,TNA,TNA,0.0,44.07,-0.0526,191552000.0,0.0,0.0,-0.5671,82980000.0,191552000.0,BALANCED,-4.1776
2016-01-19,TNA,TNA,0.0,42.38,-0.0383,191552000.0,0.0,0.0,-0.5348,82980000.0,191552000.0,BALANCED,-3.3705
2016-01-20,TNA,TNA,42956000.0,42.96,0.0135,234508000.0,42956000.0,0.0,0.7338,96325000.0,234508000.0,BALANCED,30.3444
2016-01-21,TNA,TNA,-2135000.0,42.7,-0.0059,232373000.0,0.0,-2135000.0,-0.6427,40821000.0,232373000.0,BALANCED,-8.0664
2016-01-22,TNA,TNA,0.0,45.69,0.07,232373000.0,0.0,0.0,-0.5479,40821000.0,232373000.0,BALANCED,-3.6977
2016-01-25,TNA,TNA,0.0,42.56,-0.0684,232373000.0,0.0,0.0,-0.5251,40821000.0,232373000.0,BALANCED,-3.1264
2016-01-26,TNA,TNA,0.0,45.2,0.0619,232373000.0,0.0,0.0,-0.5049,40821000.0,232373000.0,BALANCED,-2.6219
2016-01-27,TNA,TNA,-23746000.0,43.18,-0.0448,208627000.0,0.0,-23746000.0,-1.2268,-25881000.0,208627000.0,BALANCED,-42.6711
2016-01-28,TNA,TNA,4325000.0,43.25,0.0016,212952000.0,4325000.0,0.0,-0.263,-19421000.0,212952000.0,BALANCED,-14.5739
2016-01-29,TNA,TNA,0.0,47.39,0.0959,212952000.0,0.0,0.0,-0.4021,-19421000.0,212952000.0,BALANCED,-20.0532
2016-02-01,TNA,TNA,-4698000.0,46.98,-0.0088,208254000.0,0.0,-4698000.0,-0.5523,-24119000.0,208254000.0,BALANCED,-25.8071
2016-02-02,TNA,TNA,-15317000.0,43.76,-0.0684,192937000.0,0.0,-15317000.0,-0.8992,-39436000.0,210706000.0,BALANCED,-36.4793
2016-02-03,TNA,TNA,15386000.0,43.96,0.0045,208323000.0,15386000.0,0.0,0.2222,-304000.0,226092000.0,BALANCED,-2.445
2016-02-04,TNA,TNA,0.0,44.56,0.0137,208323000.0,0.0,0.0,-0.3472,-4629000.0,226092000.0,BALANCED,-18.6788
2016-02-05,TNA,TNA,0.0,40.72,-0.0863,208323000.0,0.0,0.0,-0.3393,-4629000.0,131974000.0,BALANCED,-18.4819
2016-02-08,TNA,TNA,0.0,38.71,-0.0493,208323000.0,0.0,0.0,-0.3319,69000.0,99751000.0,BALANCED,1.7022
2016-02-09,TNA,TNA,58994000.0,38.06,-0.0168,267317000.0,58994000.0,0.0,1.8362,74380000.0,158745000.0,ACCUMULATION,57.9047
2016-02-10,TNA,TNA,5703000.0,38.02,-0.001,273020000.0,5703000.0,0.0,-0.1694,64697000.0,134837000.0,BALANCED,9.7654
2016-02-11,TNA,TNA,0.0,36.88,-0.0299,273020000.0,0.0,0.0,-0.3807,64697000.0,81468000.0,BALANCED,0.4829
2016-02-12,TNA,TNA,0.0,39.0,0.0574,273020000.0,0.0,0.0,-0.3733,64697000.0,81468000.0,BALANCED,0.6666
2016-02-16,TNA,TNA,0.0,41.87,0.0735,273020000.0,0.0,0.0,-0.3664,64697000.0,81468000.0,BALANCED,0.8401
2016-02-17,TNA,TNA,-26284000.0,43.81,0.0463,246736000.0,0.0,-26284000.0,-1.3928,-20581000.0,55184000.0,BALANCED,-46.8197
2016-02-18,TNA,TNA,-25784000.0,42.97,-0.019,220952000.0,0.0,-25784000.0,-1.3007,-52068000.0,-13556000.0,BALANCED,-46.5165
2016-02-19,TNA,TNA,-32736000.0,43.65,0.0157,188216000.0,0.0,-32736000.0,-1.4691,-84804000.0,-44157000.0,BALANCED,-52.7277
2016-02-22,TNA,TNA,0.0,45.17,0.0348,188216000.0,0.0,0.0,-0.1747,-84804000.0,-44157000.0,BALANCED,-14.3675
2016-02-23,TNA,TNA,-19754000.0,43.9,-0.0281,168462000.0,0.0,-19754000.0,-1.0328,-104558000.0,-63911000.0,BALANCED,-37.8201
2016-02-24,TNA,TNA,-13559000.0,45.2,0.0296,154903000.0,0.0,-13559000.0,-0.7108,-91833000.0,-77470000.0,BALANCED,-31.7699
2016-02-25,TNA,TNA,0.0,46.47,0.0282,154903000.0,0.0,0.0,-0.0271,-66049000.0,-53724000.0,BALANCED,-10.6771
2016-02-26,TNA,TNA,-23623000.0,47.25,0.0167,131280000.0,0.0,-23623000.0,-1.1712,-56936000.0,-81672000.0,BALANCED,-41.2794
2016-02-29,TNA,TNA,-35101000.0,46.8,-0.0094,96179000.0,0.0,-35101000.0,-1.6445,-92037000.0,-116773000.0,DISTRIBUTION,-55.113
2016-03-01,TNA,TNA,-17361000.0,49.6,0.0598,78818000.0,0.0,-17361000.0,-0.6951,-89644000.0,-129436000.0,BALANCED,-33.3766
2016-03-02,TNA,TNA,-5119000.0,51.19,0.0321,73699000.0,0.0,-5119000.0,-0.0609,-81204000.0,-119238000.0,BALANCED,-19.5217
2016-03-03,TNA,TNA,26346000.0,52.69,0.0293,100045000.0,26346000.0,0.0,1.6767,-54858000.0,-108278000.0,ACCUMULATION,33.9166
2016-03-04,TNA,TNA,0.0,53.55,0.0164,100045000.0,0.0,0.0,0.2397,-31235000.0,-108278000.0,BALANCED,-4.0069
2016-03-07,TNA,TNA,0.0,55.37,0.034,100045000.0,0.0,0.0,0.2397,3866000.0,-108278000.0,BALANCED,15.9931
2016-03-08,TNA,TNA,0.0,51.4,-0.0718,100045000.0,0.0,0.0,0.2397,21227000.0,-108278000.0,BALANCED,15.9931
2016-03-09,TNA,TNA,0.0,52.12,0.0141,100045000.0,0.0,0.0,0.2397,26346000.0,-167272000.0,BALANCED,15.9931
2016-03-10,TNA,TNA,0.0,50.84,-0.0245,100045000.0,0.0,0.0,0.2006,0.0,-172975000.0,BALANCED,5.0138
2016-03-11,TNA,TNA,-8135000.0,54.24,0.0668,91910000.0,0.0,-8135000.0,-0.2278,-8135000.0,-181110000.0,BALANCED,-17.6944
2016-03-14,TNA,TNA,0.0,53.76,-0.0088,91910000.0,0.0,0.0,0.2241,-8135000.0,-181110000.0,BALANCED,-4.3966
2016-03-15,TNA,TNA,0.0,51.16,-0.0483,91910000.0,0.0,0.0,0.2153,-8135000.0,-181110000.0,BALANCED,-4.6184
2016-03-16,TNA,TNA,0.0,52.29,0.0221,91910000.0,0.0,0.0,0.1882,-8135000.0,-154826000.0,BALANCED,-5.2959
2016-03-17,TNA,TNA,0.0,54.74,0.0469,91910000.0,0.0,0.0,0.221,-8135000.0,-129042000.0,BALANCED,-4.4749
2016-03-18,TNA,TNA,0.0,56.3,0.0285,91910000.0,0.0,0.0,0.221,0.0,-96306000.0,BALANCED,5.5251
2016-03-21,TNA,TNA,-75375000.0,55.83,-0.0083,16535000.0,0.0,-75375000.0,-3.1568,-75375000.0,-171681000.0,DISTRIBUTION,-90.9204
2016-03-22,TNA,TNA,-13913000.0,55.65,-0.0032,2622000.0,0.0,-13913000.0,-0.3228,-89288000.0,-165840000.0,BALANCED,-22.0702
2016-03-23,TNA,TNA,0.0,52.38,-0.0589,2622000.0,0.0,0.0,0.4887,-89288000.0,-152281000.0,BALANCED,2.2184
2016-03-24,TNA,TNA,0.0,52.92,0.0105,2622000.0,0.0,0.0,0.5029,-89288000.0,-152281000.0,BALANCED,2.5713
2016-03-28,TNA,TNA,0.0,53.03,0.0021,2622000.0,0.0,0.0,0.5029,-89288000.0,-128658000.0,BALANCED,2.5713
2016-03-29,TNA,TNA,20083000.0,57.38,0.0819,22705000.0,20083000.0,0.0,1.5256,6170000.0,-73474000.0,ACCUMULATION,50.1392
2016-03-30,TNA,TNA,-2880000.0,57.6,0.0039,19825000.0,0.0,-2880000.0,0.299,17203000.0,-58993000.0,BALANCED,15.4743
2016-03-31,TNA,TNA,-31991000.0,58.17,0.0098,-12166000.0,0.0,-31991000.0,-1.2417,-14788000.0,-85865000.0,BALANCED,-45.0432
2016-04-01,TNA,TNA,-5874000.0,58.74,0.01,-18040000.0,0.0,-5874000.0,0.1129,-20662000.0,-118085000.0,BALANCED,-13.178
2016-04-04,TNA,TNA,-14327000.0,57.31,-0.0245,-32367000.0,0.0,-14327000.0,-0.3878,-34989000.0,-132412000.0,BALANCED,-27.6947
2016-04-05,TNA,TNA,0.0,55.34,-0.0344,-32367000.0,0.0,0.0,0.4088,-55072000.0,-132412000.0,BALANCED,0.2209
2016-04-06,TNA,TNA,-11460000.0,57.3,0.0355,-43827000.0,0.0,-11460000.0,-0.2456,-63652000.0,-143872000.0,BALANCED,-18.1394
2016-04-07,TNA,TNA,0.0,54.83,-0.0431,-43827000.0,0.0,0.0,0.3711,-31661000.0,-143872000.0,BALANCED,-0.7235
2016-04-08,TNA,TNA,0.0,55.5,0.0123,-43827000.0,0.0,0.0,0.3711,-25787000.0,-143872000.0,BALANCED,-0.7235
2016-04-11,TNA,TNA,0.0,55.05,-0.0082,-43827000.0,0.0,0.0,0.3317,-11460000.0,-135737000.0,BALANCED,-1.7071
2016-04-12,TNA,TNA,2838000.0,56.77,0.0313,-40989000.0,2838000.0,0.0,0.442,-8622000.0,-132899000.0,BALANCED,3.0509
2016-04-13,TNA,TNA,6051000.0,60.51,0.0658,-34938000.0,6051000.0,0.0,0.5896,8889000.0,-126848000.0,BALANCED,28.7411
2016-04-14,TNA,TNA,-39190000.0,60.29,-0.0035,-74128000.0,0.0,-39190000.0,-1.9139,-30301000.0,-166038000.0,DISTRIBUTION,-59.8484
2016-04-15,TNA,TNA,-21232000.0,60.66,0.0062,-95360000.0,0.0,-21232000.0,-0.8594,-51533000.0,-187270000.0,BALANCED,-35.4854
2016-04-18,TNA,TNA,-12401000.0,62.01,0.0221,-107761000.0,0.0,-12401000.0,-0.3199,-63934000.0,-199671000.0,BALANCED,-23.997
2016-04-19,TNA,TNA,-15541000.0,62.16,0.0025,-123302000.0,0.0,-15541000.0,-0.4726,-82313000.0,-139837000.0,BALANCED,-29.8147
2016-04-20,TNA,TNA,0.0,62.5,0.0055,-123302000.0,0.0,0.0,0.4346,-88364000.0,-125924000.0,BALANCED,0.8644
2016-04-21,TNA,TNA,0.0,61.44,-0.017,-123302000.0,0.0,0.0,0.4346,-49174000.0,-125924000.0,BALANCED,0.8644
2016-04-22,TNA,TNA,-6321000.0,63.21,0.0287,-129623000.0,0.0,-6321000.0,0.0782,-34263000.0,-132245000.0,BALANCED,-10.046
2016-04-25,TNA,TNA,-9268000.0,61.79,-0.0224,-138891000.0,0.0,-9268000.0,-0.0922,-31130000.0,-141513000.0,BALANCED,-16.3051
2016-04-26,TNA,TNA,0.0,63.83,0.0331,-138891000.0,0.0,0.0,0.4505,-15589000.0,-161596000.0,BALANCED,1.2622
2016-04-27,TNA,TNA,0.0,64.41,0.0091,-138891000.0,0.0,0.0,0.4505,-15589000.0,-158716000.0,BALANCED,1.2622
2016-04-28,TNA,TNA,0.0,62.12,-0.0356,-138891000.0,0.0,0.0,0.4505,-15589000.0,-126725000.0,BALANCED,1.2622
2016-04-29,TNA,TNA,-12109000.0,60.54,-0.0254,-151000000.0,0.0,-12109000.0,-0.2355,-21377000.0,-132960000.0,BALANCED,-17.8886
2016-05-02,TNA,TNA,0.0,62.17,0.0268,-151000000.0,0.0,0.0,0.4754,-12109000.0,-118633000.0,BALANCED,1.8844
2016-05-03,TNA,TNA,0.0,59.04,-0.0503,-151000000.0,0.0,0.0,0.4902,-12109000.0,-118633000.0,BALANCED,2.2558
2016-05-04,TNA,TNA,0.0,57.68,-0.0231,-151000000.0,0.0,0.0,0.4522,-12109000.0,-107173000.0,BALANCED,1.3053
2016-05-05,TNA,TNA,2844000.0,56.89,-0.0138,-148156000.0,2844000.0,0.0,0.6916,-9265000.0,-104329000.0,BALANCED,9.2892
2016-05-06,TNA,TNA,0.0,57.93,0.0184,-148156000.0,0.0,0.0,0.4417,2844000.0,-104329000.0,BALANCED,21.0413
2016-05-09,TNA,TNA,14622000.0,58.49,0.0096,-133534000.0,14622000.0,0.0,1.6096,17466000.0,-89707000.0,ACCUMULATION,52.2409
2016-05-10,TNA,TNA,12033000.0,60.16,0.0287,-121501000.0,12033000.0,0.0,1.4759,29499000.0,-80512000.0,BALANCED,50.8973
2016-05-11,TNA,TNA,0.0,57.92,-0.0373,-121501000.0,0.0,0.0,0.4118,29499000.0,-86563000.0,BALANCED,20.2958
2016-05-12,TNA,TNA,0.0,56.99,-0.016,-121501000.0,0.0,0.0,0.3561,26655000.0,-47373000.0,BALANCED,18.9013
2016-05-13,TNA,TNA,0.0,56.03,-0.0169,-121501000.0,0.0,0.0,0.3365,26655000.0,-26141000.0,BALANCED,18.4132
2016-05-16,TNA,TNA,0.0,58.15,0.0378,-121501000.0,0.0,0.0,0.2955,12033000.0,-13740000.0,BALANCED,17.3868
2016-05-17,TNA,TNA,0.0,55.26,-0.0496,-121501000.0,0.0,0.0,0.2955,0.0,1801000.0,BALANCED,7.3868
2016-05-18,TNA,TNA,50458000.0,56.06,0.0146,-71043000.0,50458000.0,0.0,3.7006,50458000.0,52259000.0,ACCUMULATION,100.0
2016-05-19,TNA,TNA,0.0,54.82,-0.0222,-71043000.0,0.0,0.0,0.0654,50458000.0,52259000.0,BALANCED,11.634
2016-05-20,TNA,TNA,0.0,57.45,0.0481,-71043000.0,0.0,0.0,0.0654,50458000.0,58580000.0,BALANCED,11.634
2016-05-23,TNA,TNA,-22924000.0,57.31,-0.0025,-93967000.0,0.0,-22924000.0,-1.471,27534000.0,44924000.0,BALANCED,-28.7747
2016-05-24,TNA,TNA,0.0,61.01,0.0646,-93967000.0,0.0,0.0,0.1224,27534000.0,44924000.0,BALANCED,13.0602
2016-05-25,TNA,TNA,-49553000.0,61.94,0.0153,-143520000.0,0.0,-49553000.0,-2.7391,-72477000.0,-4629000.0,DISTRIBUTION,-80.4784
2016-05-26,TNA,TNA,-9263000.0,61.75,-0.0031,-152783000.0,0.0,-9263000.0,-0.4308,-81740000.0,-13892000.0,BALANCED,-24.77
2016-05-27,TNA,TNA,0.0,63.51,0.0285,-152783000.0,0.0,0.0,0.1275,-81740000.0,-1783000.0,BALANCED,-6.8129
2016-05-31,TNA,TNA,-41749000.0,64.23,0.0113,-194532000.0,0.0,-41749000.0,-2.3416,-100565000.0,-43532000.0,DISTRIBUTION,-70.54
2016-06-01,TNA,TNA,-19684000.0,65.61,0.0215,-214216000.0,0.0,-19684000.0,-0.996,-120249000.0,-63216000.0,BALANCED,-38.901
2016-06-02,TNA,TNA,0.0,66.9,0.0196,-214216000.0,0.0,0.0,0.1813,-70696000.0,-63216000.0,BALANCED,-5.4687
2016-06-03,TNA,TNA,-9868000.0,65.79,-0.0166,-224084000.0,0.0,-9868000.0,-0.3885,-71301000.0,-75928000.0,BALANCED,-21.7114
2016-06-06,TNA,TNA,-3398000.0,67.96,0.033,-227482000.0,0.0,-3398000.0,-0.0081,-74699000.0,-79326000.0,BALANCED,-14.2031
2016-06-07,TNA,TNA,0.0,68.49,0.0079,-227482000.0,0.0,0.0,0.1767,-32950000.0,-93948000.0,BALANCED,-5.5837
2016-06-08,TNA,TNA,-21023000.0,70.08,0.0232,-248505000.0,0.0,-21023000.0,-1.0201,-34289000.0,-127004000.0,BALANCED,-37.5035
2016-06-09,TNA,TNA,0.0,68.71,-0.0195,-248505000.0,0.0,0.0,0.2146,-34289000.0,-127004000.0,BALANCED,-4.6351
2016-06-10,TNA,TNA,0.0,65.7,-0.0439,-248505000.0,0.0,0.0,0.2146,-24421000.0,-127004000.0,BALANCED,-4.6351
2016-06-13,TNA,TNA,0.0,63.5,-0.0334,-248505000.0,0.0,0.0,0.1916,-21023000.0,-127004000.0,BALANCED,-5.2097
2016-06-14,TNA,TNA,0.0,63.04,-0.0073,-248505000.0,0.0,0.0,0.1916,-21023000.0,-127004000.0,BALANCED,-5.2097
2016-06-15,TNA,TNA,6329000.0,63.29,0.004,-242176000.0,6329000.0,0.0,0.5497,6329000.0,-120675000.0,BALANCED,25.7417
2016-06-16,TNA,TNA,0.0,63.12,-0.0027,-242176000.0,0.0,0.0,0.1783,6329000.0,-171133000.0,BALANCED,14.458
2016-06-17,TNA,TNA,0.0,62.53,-0.0093,-242176000.0,0.0,0.0,0.1842,6329000.0,-171133000.0,BALANCED,14.6041
2016-06-20,TNA,TNA,22634000.0,64.67,0.0342,-219542000.0,22634000.0,0.0,1.4171,28963000.0,-148499000.0,BALANCED,47.4278
2016-06-21,TNA,TNA,3202000.0,64.03,-0.0098,-216340000.0,3202000.0,0.0,0.3428,32165000.0,-122373000.0,BALANCED,22.5698
2016-06-22,TNA,TNA,18967000.0,63.22,-0.0126,-197373000.0,18967000.0,0.0,1.2186,44803000.0,-103406000.0,BALANCED,46.4638
2016-06-23,TNA,TNA,-6707000.0,67.07,0.0609,-204080000.0,0.0,-6707000.0,-0.224,38096000.0,-60560000.0,BALANCED,2.3989
2016-06-24,TNA,TNA,-17819000.0,59.4,-0.1144,-221899000.0,0.0,-17819000.0,-0.8106,20277000.0,-69116000.0,BALANCED,-14.2662
2016-06-27,TNA,TNA,40055000.0,53.41,-0.1008,-181844000.0,40055000.0,0.0,2.1539,37698000.0,-29061000.0,ACCUMULATION,65.8465
2016-06-28,TNA,TNA,109391000.0,56.1,0.0504,-72453000.0,109391000.0,0.0,3.8205,143887000.0,122079000.0,ACCUMULATION,100.0
2016-06-29,TNA,TNA,-2990000.0,59.81,0.0661,-75443000.0,0.0,-2990000.0,-0.1604,121930000.0,138773000.0,BALANCED,3.9905
2016-06-30,TNA,TNA,-25212000.0,63.03,0.0539,-100655000.0,0.0,-25212000.0,-0.8956,103425000.0,113561000.0,BALANCED,-16.3892
2016-07-01,TNA,TNA,-60632000.0,63.82,0.0126,-161287000.0,0.0,-60632000.0,-1.9764,60612000.0,62797000.0,DISTRIBUTION,-45.4089
2016-07-05,TNA,TNA,-39634000.0,60.98,-0.0446,-200921000.0,0.0,-39634000.0,-1.1806,-19077000.0,26561000.0,BALANCED,-47.5151
2016-07-06,TNA,TNA,0.0,62.25,0.0209,-200921000.0,0.0,0.0,0.12,-128468000.0,26561000.0,BALANCED,-6.9995
2016-07-07,TNA,TNA,0.0,62.65,0.0064,-200921000.0,0.0,0.0,0.12,-125478000.0,47584000.0,BALANCED,-6.9995
2016-07-08,TNA,TNA,3358000.0,67.15,0.0719,-197563000.0,3358000.0,0.0,0.1815,-96908000.0,50942000.0,BALANCED,-3.4619
2016-07-11,TNA,TNA,-31194000.0,69.32,0.0323,-228757000.0,0.0,-31194000.0,-0.9918,-67470000.0,19748000.0,BALANCED,-36.794
2016-07-12,TNA,TNA,-7209000.0,72.09,0.04,-235966000.0,0.0,-7209000.0,-0.1535,-35045000.0,12539000.0,BALANCED,-17.8365
2016-07-13,TNA,TNA,-39193000.0,71.26,-0.0116,-275159000.0,0.0,-39193000.0,-1.2679,-74238000.0,-26654000.0,BALANCED,-47.6969
2016-07-14,TNA,TNA,-17860000.0,71.44,0.0025,-293019000.0,0.0,-17860000.0,-0.5297,-92098000.0,-50843000.0,BALANCED,-31.2429
2016-07-15,TNA,TNA,0.0,71.99,0.0077,-293019000.0,0.0,0.0,0.0913,-95456000.0,-50843000.0,BALANCED,-7.7164
2016-07-18,TNA,TNA,0.0,72.45,0.0064,-293019000.0,0.0,0.0,0.08,-64262000.0,-50843000.0,BALANCED,-8.0004
2016-07-19,TNA,TNA,0.0,71.11,-0.0186,-293019000.0,0.0,0.0,0.076,-57053000.0,-73477000.0,BALANCED,-8.0991
2016-07-20,TNA,TNA,-43660000.0,72.77,0.0233,-336679000.0,0.0,-43660000.0,-1.3472,-61520000.0,-120339000.0,BALANCED,-45.6812
2016-07-21,TNA,TNA,0.0,71.71,-0.0146,-336679000.0,0.0,0.0,0.0995,-43660000.0,-139306000.0,BALANCED,-7.5116
2016-07-22,TNA,TNA,0.0,73.31,0.0224,-336679000.0,0.0,0.0,0.0995,-43660000.0,-132599000.0,BALANCED,-7.5116
2016-07-25,TNA,TNA,-14551000.0,72.75,-0.0076,-351230000.0,0.0,-14551000.0,-0.3759,-58211000.0,-129331000.0,BALANCED,-21.3984
2016-07-26,TNA,TNA,0.0,74.02,0.0174,-351230000.0,0.0,0.0,0.1157,-58211000.0,-169386000.0,BALANCED,-7.1078
2016-07-27,TNA,TNA,-3720000.0,74.4,0.0052,-354950000.0,0.0,-3720000.0,-0.0058,-18271000.0,-282497000.0,BALANCED,-12.1452
2016-07-28,TNA,TNA,0.0,74.12,-0.0038,-354950000.0,0.0,0.0,0.1273,-18271000.0,-279507000.0,BALANCED,-6.8187
2016-07-29,TNA,TNA,0.0,74.59,0.0063,-354950000.0,0.0,0.0,0.1273,-18271000.0,-254295000.0,BALANCED,-6.8187
2016-08-01,TNA,TNA,-22332000.0,74.44,-0.002,-377282000.0,0.0,-22332000.0,-0.5998,-26052000.0,-215995000.0,BALANCED,-26.9954
2016-08-02,TNA,TNA,-10705000.0,71.37,-0.0412,-387987000.0,0.0,-10705000.0,-0.1738,-36757000.0,-187066000.0,BALANCED,-18.3441
2016-08-03,TNA,TNA,-10984000.0,73.22,0.026,-398971000.0,0.0,-10984000.0,-0.1673,-44021000.0,-198050000.0,BALANCED,-20.1833
2016-08-04,TNA,TNA,0.0,73.43,0.0028,-398971000.0,0.0,0.0,0.2325,-44021000.0,-198050000.0,BALANCED,-4.1877
2016-08-05,TNA,TNA,0.0,76.61,0.0433,-398971000.0,0.0,0.0,0.2246,-44021000.0,-201408000.0,BALANCED,-4.3861
2016-08-08,TNA,TNA,0.0,76.47,-0.0019,-398971000.0,0.0,0.0,0.2044,-21689000.0,-170214000.0,BALANCED,-4.8892
2016-08-09,TNA,TNA,0.0,76.72,0.0032,-398971000.0,0.0,0.0,0.2625,-10984000.0,-163005000.0,BALANCED,-3.4372
2016-08-10,TNA,TNA,3757000.0,75.14,-0.0205,-395214000.0,3757000.0,0.0,0.8637,3757000.0,-120055000.0,BALANCED,33.5935
2016-08-11,TNA,TNA,0.0,76.25,0.0147,-395214000.0,0.0,0.0,0.6321,3757000.0,-102195000.0,BALANCED,25.8033
2016-08-12,TNA,TNA,0.0,76.37,0.0017,-395214000.0,0.0,0.0,0.5866,3757000.0,-102195000.0,BALANCED,24.6638
2016-08-15,TNA,TNA,-11794000.0,78.63,0.0295,-407008000.0,0.0,-11794000.0,-0.2624,-8037000.0,-113989000.0,BALANCED,-18.56
2016-08-16,TNA,TNA,-34469000.0,76.6,-0.0258,-441477000.0,0.0,-34469000.0,-1.9811,-42506000.0,-148458000.0,DISTRIBUTION,-63.5275
2016-08-17,TNA,TNA,0.0,75.97,-0.0082,-441477000.0,0.0,0.0,0.6006,-46263000.0,-104798000.0,BALANCED,5.0144
2016-08-18,TNA,TNA,11651000.0,77.68,0.0225,-429826000.0,11651000.0,0.0,1.4017,-34612000.0,-93147000.0,BALANCED,27.0414
2016-08-19,TNA,TNA,0.0,77.66,-0.0002,-429826000.0,0.0,0.0,0.5661,-34612000.0,-93147000.0,BALANCED,4.1517
2016-08-22,TNA,TNA,-23467000.0,78.22,0.0072,-453293000.0,0.0,-23467000.0,-1.2028,-46285000.0,-102063000.0,BALANCED,-42.071
2016-08-23,TNA,TNA,0.0,79.9,0.0214,-453293000.0,0.0,0.0,0.5423,-11816000.0,-102063000.0,BALANCED,3.5584
2016-08-24,TNA,TNA,0.0,77.73,-0.0272,-453293000.0,0.0,0.0,0.4961,-11816000.0,-98343000.0,BALANCED,2.402
2016-08-25,TNA,TNA,0.0,78.25,0.0067,-453293000.0,0.0,0.0,0.4528,-23467000.0,-98343000.0,BALANCED,1.3198
2016-08-26,TNA,TNA,0.0,77.86,-0.0049,-453293000.0,0.0,0.0,0.4528,-23467000.0,-98343000.0,BALANCED,1.3198
2016-08-29,TNA,TNA,-11877000.0,79.18,0.0169,-465170000.0,0.0,-11877000.0,-0.5197,-11877000.0,-87888000.0,BALANCED,-24.9915
2016-08-30,TNA,TNA,0.0,79.42,0.003,-465170000.0,0.0,0.0,0.4858,-11877000.0,-77183000.0,BALANCED,2.1444
2016-08-31,TNA,TNA,0.0,78.26,-0.0146,-465170000.0,0.0,0.0,0.4543,-11877000.0,-66199000.0,BALANCED,1.3565
2016-09-01,TNA,TNA,3912000.0,78.25,-0.0002,-461258000.0,3912000.0,0.0,0.8474,-7965000.0,-62287000.0,BALANCED,13.186
2016-09-02,TNA,TNA,0.0,80.52,0.029,-461258000.0,0.0,0.0,0.4364,-7965000.0,-62287000.0,BALANCED,0.9091
2016-09-06,TNA,TNA,-40410000.0,80.82,0.0038,-501668000.0,0.0,-40410000.0,-3.0878,-36498000.0,-102697000.0,DISTRIBUTION,-89.1958
2016-09-07,TNA,TNA,0.0,82.32,0.0185,-501668000.0,0.0,0.0,0.4375,-36498000.0,-102697000.0,BALANCED,0.9366
2016-09-08,TNA,TNA,4090000.0,81.81,-0.0062,-497578000.0,4090000.0,0.0,0.7637,-32408000.0,-102364000.0,BALANCED,11.0916
2016-09-09,TNA,TNA,-11124000.0,74.16,-0.0935,-508702000.0,0.0,-11124000.0,-0.5171,-47444000.0,-113488000.0,BALANCED,-24.9266
2016-09-12,TNA,TNA,38605000.0,77.21,0.0411,-470097000.0,38605000.0,0.0,3.0169,-8839000.0,-74883000.0,ACCUMULATION,67.4214
2016-09-13,TNA,TNA,7285000.0,72.85,-0.0564,-462812000.0,7285000.0,0.0,0.7365,38856000.0,-55804000.0,BALANCED,32.413
2016-09-14,TNA,TNA,40004000.0,72.73,-0.0016,-422808000.0,40004000.0,0.0,2.6159,78860000.0,18669000.0,ACCUMULATION,81.3966
2016-09-15,TNA,TNA,0.0,75.52,0.0383,-422808000.0,0.0,0.0,0.0508,74770000.0,18669000.0,BALANCED,11.2711
2016-09-16,TNA,TNA,0.0,75.11,-0.0055,-422808000.0,0.0,0.0,0.0508,85894000.0,7018000.0,BALANCED,11.2711
2016-09-19,TNA,TNA,19133000.0,76.53,0.019,-403675000.0,19133000.0,0.0,1.2022,66422000.0,26151000.0,BALANCED,42.0541
2016-09-20,TNA,TNA,-30302000.0,75.76,-0.0102,-433977000.0,0.0,-30302000.0,-1.7175,28835000.0,19316000.0,DISTRIBUTION,-34.9387
2016-09-21,TNA,TNA,-11827000.0,78.85,0.0408,-445804000.0,0.0,-11827000.0,-0.6013,-22996000.0,7489000.0,BALANCED,-29.033
2016-09-22,TNA,TNA,0.0,82.35,0.0444,-445804000.0,0.0,0.0,0.0989,-22996000.0,7489000.0,BALANCED,-7.5267
2016-09-23,TNA,TNA,-32248000.0,80.62,-0.021,-478052000.0,0.0,-32248000.0,-1.6446,-55244000.0,-24759000.0,DISTRIBUTION,-53.1148
2016-09-26,TNA,TNA,-27293000.0,77.98,-0.0327,-505345000.0,0.0,-27293000.0,-1.279,-101670000.0,-52052000.0,BALANCED,-45.9753
2016-09-27,TNA,TNA,0.0,79.0,0.0131,-505345000.0,0.0,0.0,0.178,-71368000.0,-40175000.0,BALANCED,-5.5501
2016-09-28,TNA,TNA,0.0,80.9,0.024,-505345000.0,0.0,0.0,0.122,-59541000.0,-40175000.0,BALANCED,-6.9504
2016-09-29,TNA,TNA,0.0,77.46,-0.0425,-505345000.0,0.0,0.0,0.122,-59541000.0,-40175000.0,BALANCED,-6.9504
2016-09-30,TNA,TNA,0.0,80.06,0.0336,-505345000.0,0.0,0.0,0.1458,-27293000.0,-44087000.0,BALANCED,-6.3547
2016-10-03,TNA,TNA,0.0,78.94,-0.0139,-505345000.0,0.0,0.0,0.1458,0.0,-44087000.0,BALANCED,3.6453
2016-10-04,TNA,TNA,23342000.0,77.81,-0.0144,-482003000.0,23342000.0,0.0,1.3949,23342000.0,19665000.0,BALANCED,46.8729
2016-10-05,TNA,TNA,11917000.0,79.45,0.021,-470086000.0,11917000.0,0.0,0.7098,35259000.0,31582000.0,BALANCED,31.7454
2016-10-06,TNA,TNA,-19762000.0,79.05,-0.005,-489848000.0,0.0,-19762000.0,-1.0346,15497000.0,7730000.0,BALANCED,-17.866
2016-10-07,TNA,TNA,0.0,77.2,-0.0234,-489848000.0,0.0,0.0,0.068,15497000.0,18854000.0,BALANCED,11.6997
2016-10-10,TNA,TNA,15970000.0,79.85,0.0344,-473878000.0,15970000.0,0.0,0.9154,31467000.0,-3781000.0,BALANCED,34.8854
2016-10-11,TNA,TNA,-26395000.0,75.41,-0.0556,-500273000.0,0.0,-26395000.0,-1.3497,-18270000.0,-37461000.0,BALANCED,-45.7422
2016-10-12,TNA,TNA,52747000.0,75.35,-0.0008,-447526000.0,52747000.0,0.0,2.469,22560000.0,-24718000.0,ACCUMULATION,73.7246
2016-10-13,TNA,TNA,3662000.0,73.24,-0.028,-443864000.0,3662000.0,0.0,0.1397,45984000.0,-21056000.0,BALANCED,17.492
2016-10-14,TNA,TNA,0.0,72.62,-0.0084,-443864000.0,0.0,0.0,-0.0274,45984000.0,-21056000.0,BALANCED,9.3138
2016-10-17,TNA,TNA,39716000.0,72.21,-0.0057,-404148000.0,39716000.0,0.0,1.6957,69730000.0,-473000.0,ACCUMULATION,54.3931
2016-10-18,TNA,TNA,0.0,73.49,0.0177,-404148000.0,0.0,0.0,-0.1561,96125000.0,29829000.0,BALANCED,6.0979
2016-10-19,TNA,TNA,18617000.0,74.47,0.0133,-385531000.0,18617000.0,0.0,0.7021,61995000.0,60273000.0,BALANCED,29.5522
2016-10-20,TNA,TNA,18487000.0,73.95,-0.007,-367044000.0,18487000.0,0.0,0.6677,76820000.0,78760000.0,BALANCED,30.6919
2016-10-21,TNA,TNA,-14726000.0,73.63,-0.0043,-381770000.0,0.0,-14726000.0,-0.8912,62094000.0,96282000.0,BALANCED,-14.2788
2016-10-24,TNA,TNA,0.0,75.14,0.0205,-381770000.0,0.0,0.0,-0.1453,22378000.0,123575000.0,BALANCED,6.3679
2016-10-25,TNA,TNA,0.0,73.24,-0.0253,-381770000.0,0.0,0.0,-0.1334,22378000.0,123575000.0,BALANCED,6.6658
2016-10-26,TNA,TNA,0.0,71.19,-0.028,-381770000.0,0.0,0.0,-0.072,3761000.0,123575000.0,BALANCED,8.1993
2016-10-27,TNA,TNA,58294000.0,68.58,-0.0366,-323476000.0,58294000.0,0.0,2.5403,43568000.0,181869000.0,ACCUMULATION,75.5077
2016-10-28,TNA,TNA,0.0,68.17,-0.006,-323476000.0,0.0,0.0,-0.153,58294000.0,181869000.0,BALANCED,6.1756
2016-10-31,TNA,TNA,0.0,68.82,0.0095,-323476000.0,0.0,0.0,-0.1247,58294000.0,181869000.0,BALANCED,6.8832
2016-11-01,TNA,TNA,46535000.0,66.48,-0.034,-276941000.0,46535000.0,0.0,1.8815,104829000.0,205062000.0,ACCUMULATION,59.0367
2016-11-02,TNA,TNA,15969000.0,63.88,-0.0391,-260972000.0,15969000.0,0.0,0.4501,120798000.0,209114000.0,BALANCED,25.2516
2016-11-03,TNA,TNA,18889000.0,62.96,-0.0143,-242083000.0,18889000.0,0.0,0.5529,81393000.0,247765000.0,BALANCED,29.823
2016-11-04,TNA,TNA,3202000.0,64.04,0.017,-238881000.0,3202000.0,0.0,-0.2313,84595000.0,250967000.0,BALANCED,12.2166
2016-11-07,TNA,TNA,0.0,68.8,0.0744,-238881000.0,0.0,0.0,-0.4535,84595000.0,234997000.0,BALANCED,-1.3365
2016-11-08,TNA,TNA,-20799000.0,69.33,0.0076,-259680000.0,0.0,-20799000.0,-1.4302,17261000.0,240593000.0,BALANCED,-27.7541
2016-11-09,TNA,TNA,11367000.0,75.78,0.093,-248313000.0,11367000.0,0.0,0.1385,12659000.0,199213000.0,BALANCED,15.4616
2016-11-10,TNA,TNA,-63513000.0,79.39,0.0477,-311826000.0,0.0,-63513000.0,-2.9033,-69743000.0,132038000.0,DISTRIBUTION,-84.5828
2016-11-11,TNA,TNA,-106534000.0,85.23,0.0735,-418360000.0,0.0,-106534000.0,-3.4495,-179479000.0,25504000.0,DISTRIBUTION,-100.0
2016-11-14,TNA,TNA,-97324000.0,88.48,0.0381,-515684000.0,0.0,-97324000.0,-2.6477,-276803000.0,-111536000.0,DISTRIBUTION,-82.1921
2016-11-15,TNA,TNA,8921000.0,89.21,0.0083,-506763000.0,8921000.0,0.0,0.2678,-247083000.0,-102615000.0,BALANCED,-1.3062
2016-11-16,TNA,TNA,13387000.0,89.24,0.0004,-493376000.0,13387000.0,0.0,0.3889,-245063000.0,-107845000.0,BALANCED,3.7225
2016-11-17,TNA,TNA,-9075000.0,90.75,0.0169,-502451000.0,0.0,-9075000.0,-0.2386,-190625000.0,-135407000.0,BALANCED,-17.9641
2016-11-18,TNA,TNA,-27608000.0,92.03,0.0141,-530059000.0,0.0,-27608000.0,-0.7174,-111699000.0,-148289000.0,BALANCED,-31.9343
2016-11-21,TNA,TNA,-107428000.0,93.42,0.0151,-637487000.0,0.0,-107428000.0,-2.4725,-121803000.0,-255717000.0,DISTRIBUTION,-77.8124
2016-11-22,TNA,TNA,4799000.0,95.99,0.0275,-632688000.0,4799000.0,0.0,0.2242,-125925000.0,-250918000.0,BALANCED,-2.3948
2016-11-23,TNA,TNA,0.0,97.66,0.0174,-632688000.0,0.0,0.0,0.1556,-139312000.0,-250918000.0,BALANCED,-6.1098
2016-11-25,TNA,TNA,0.0,98.76,0.0113,-632688000.0,0.0,0.0,0.1588,-130237000.0,-309212000.0,BALANCED,-6.0302
2016-11-28,TNA,TNA,14243000.0,94.95,-0.0385,-618445000.0,14243000.0,0.0,0.5041,-88386000.0,-294969000.0,BALANCED,4.6017
2016-11-29,TNA,TNA,-23665000.0,94.66,-0.0031,-642110000.0,0.0,-23665000.0,-0.4037,-4623000.0,-318634000.0,BALANCED,-22.0919
2016-11-30,TNA,TNA,0.0,93.43,-0.013,-642110000.0,0.0,0.0,0.2035,-9422000.0,-365169000.0,BALANCED,-4.912
2016-12-01,TNA,TNA,-4582000.0,91.63,-0.0192,-646692000.0,0.0,-4582000.0,0.1067,-14004000.0,-385720000.0,BALANCED,-9.3334
2016-12-02,TNA,TNA,0.0,91.72,0.0009,-646692000.0,0.0,0.0,0.243,-14004000.0,-404609000.0,BALANCED,-3.9243
2016-12-05,TNA,TNA,9665000.0,96.65,0.0537,-637027000.0,9665000.0,0.0,0.4721,-18582000.0,-398146000.0,BALANCED,3.8024
2016-12-06,TNA,TNA,24971000.0,99.88,0.0335,-612056000.0,24971000.0,0.0,0.8381,30054000.0,-373175000.0,BALANCED,34.9528
2016-12-07,TNA,TNA,5127000.0,102.53,0.0265,-606929000.0,5127000.0,0.0,0.3239,35181000.0,-347249000.0,BALANCED,24.0978
2016-12-08,TNA,TNA,0.0,107.46,0.0481,-606929000.0,0.0,0.0,0.1924,39763000.0,-358616000.0,BALANCED,14.8112
2016-12-09,TNA,TNA,0.0,107.85,0.0036,-606929000.0,0.0,0.0,0.2553,39763000.0,-295103000.0,BALANCED,16.3825
2016-12-12,TNA,TNA,-36531000.0,104.37,-0.0322,-643460000.0,0.0,-36531000.0,-0.6937,-6433000.0,-225100000.0,BALANCED,-29.3415
2016-12-13,TNA,TNA,0.0,104.51,0.0013,-643460000.0,0.0,0.0,0.2861,-31404000.0,-127776000.0,BALANCED,-2.8487
2016-12-14,TNA,TNA,10055000.0,100.55,-0.0379,-633405000.0,10055000.0,0.0,0.6106,-26476000.0,-126642000.0,BALANCED,7.2647
2016-12-15,TNA,TNA,0.0,102.86,0.023,-633405000.0,0.0,0.0,0.3485,-26476000.0,-140029000.0,BALANCED,-1.2864
2016-12-16,TNA,TNA,56317000.0,102.4,-0.0046,-577088000.0,56317000.0,0.0,1.8061,29841000.0,-74637000.0,ACCUMULATION,57.1519
2016-12-19,TNA,TNA,5202000.0,104.05,0.0162,-571886000.0,5202000.0,0.0,0.436,71574000.0,-41827000.0,BALANCED,24.8991
2016-12-20,TNA,TNA,0.0,106.84,0.0269,-571886000.0,0.0,0.0,0.2968,71574000.0,65601000.0,BALANCED,17.4212
2016-12-21,TNA,TNA,15722000.0,104.81,-0.019,-556164000.0,15722000.0,0.0,0.6799,77241000.0,76524000.0,BALANCED,28.9973
2016-12-22,TNA,TNA,10197000.0,101.97,-0.0271,-545967000.0,10197000.0,0.0,0.5345,87438000.0,86721000.0,BALANCED,27.3634
2016-12-23,TNA,TNA,20785000.0,103.92,0.0192,-525182000.0,20785000.0,0.0,0.7615,51906000.0,107506000.0,BALANCED,35.0384
2016-12-27,TNA,TNA,0.0,105.33,0.0135,-525182000.0,0.0,0.0,0.1132,46704000.0,93263000.0,BALANCED,12.8295
2016-12-28,TNA,TNA,5084000.0,101.67,-0.0347,-520098000.0,5084000.0,0.0,0.201,51788000.0,122012000.0,BALANCED,17.0257
2016-12-29,TNA,TNA,0.0,102.2,0.0052,-520098000.0,0.0,0.0,0.0171,36066000.0,122012000.0,BALANCED,10.428
2016-12-30,TNA,TNA,0.0,100.82,-0.0135,-520098000.0,0.0,0.0,0.0345,25869000.0,126594000.0,BALANCED,10.862
2017-01-03,TNA,TNA,15402000.0,102.68,0.0184,-504696000.0,15402000.0,0.0,0.5963,20486000.0,141996000.0,BALANCED,26.9084
2017-01-04,TNA,TNA,0.0,107.76,0.0494,-504696000.0,0.0,0.0,-0.0332,20486000.0,132331000.0,BALANCED,9.1688
2017-01-05,TNA,TNA,-72822000.0,104.03,-0.0346,-577518000.0,0.0,-72822000.0,-3.6163,-57420000.0,34538000.0,DISTRIBUTION,-100.0
2017-01-06,TNA,TNA,0.0,102.96,-0.0103,-577518000.0,0.0,0.0,-0.0889,-57420000.0,29411000.0,BALANCED,-12.2225
2017-01-09,TNA,TNA,0.0,100.75,-0.0214,-577518000.0,0.0,0.0,-0.0889,-57420000.0,29411000.0,BALANCED,-12.2225
2017-01-10,TNA,TNA,0.0,103.73,0.0296,-577518000.0,0.0,0.0,-0.0889,-72822000.0,29411000.0,BALANCED,-12.2225
2017-01-11,TNA,TNA,0.0,104.29,0.0054,-577518000.0,0.0,0.0,-0.0664,-72822000.0,65942000.0,BALANCED,-11.6593
2017-01-12,TNA,TNA,0.0,101.51,-0.0267,-577518000.0,0.0,0.0,-0.1076,0.0,65942000.0,BALANCED,-2.6903
2017-01-13,TNA,TNA,10394000.0,103.94,0.024,-567124000.0,10394000.0,0.0,0.3936,10394000.0,66281000.0,BALANCED,21.8391
2017-01-17,TNA,TNA,-49727000.0,99.45,-0.0432,-616851000.0,0.0,-49727000.0,-2.2859,-39333000.0,16554000.0,DISTRIBUTION,-69.1479
2017-01-18,TNA,TNA,0.0,100.82,0.0138,-616851000.0,0.0,0.0,-0.0448,-39333000.0,-39763000.0,BALANCED,-11.1207
2017-01-19,TNA,TNA,4899000.0,97.98,-0.0282,-611952000.0,4899000.0,0.0,0.1835,-34434000.0,-40066000.0,BALANCED,-3.4123
2017-01-20,TNA,TNA,0.0,99.3,0.0134,-611952000.0,0.0,0.0,-0.0002,-34434000.0,-40066000.0,BALANCED,-10.004
2017-01-23,TNA,TNA,39356000.0,98.39,-0.0092,-572596000.0,39356000.0,0.0,1.6747,-5472000.0,-16432000.0,ACCUMULATION,33.8672
2017-01-24,TNA,TNA,0.0,103.06,0.0474,-572596000.0,0.0,0.0,-0.0502,44255000.0,-26629000.0,BALANCED,8.7461
2017-01-25,TNA,TNA,-21208000.0,106.04,0.0289,-593804000.0,0.0,-21208000.0,-0.9338,23047000.0,-68622000.0,BALANCED,-15.3456
2017-01-26,TNA,TNA,-36564000.0,104.47,-0.0148,-630368000.0,0.0,-36564000.0,-1.5961,-18416000.0,-105186000.0,DISTRIBUTION,-53.9034
2017-01-27,TNA,TNA,5167000.0,103.35,-0.0107,-625201000.0,5167000.0,0.0,0.1965,-13249000.0,-105103000.0,BALANCED,-3.0874
2017-01-30,TNA,TNA,14878000.0,99.19,-0.0403,-610323000.0,14878000.0,0.0,0.606,-37727000.0,-90225000.0,BALANCED,9.1501
2017-01-31,TNA,TNA,30382000.0,101.27,0.021,-579941000.0,30382000.0,0.0,1.1967,-7345000.0,-59843000.0,BALANCED,25.917
2017-02-01,TNA,TNA,0.0,101.14,-0.0013,-579941000.0,0.0,0.0,0.0044,13863000.0,-75245000.0,BALANCED,10.1102
2017-02-02,TNA,TNA,0.0,100.31,-0.0082,-579941000.0,0.0,0.0,0.0125,50427000.0,-75245000.0,BALANCED,10.3116
2017-02-03,TNA,TNA,0.0,104.83,0.045,-579941000.0,0.0,0.0,0.0125,45260000.0,-2423000.0,BALANCED,10.3116
2017-02-06,TNA,TNA,0.0,102.28,-0.0243,-579941000.0,0.0,0.0,0.0372,30382000.0,-2423000.0,BALANCED,10.9289
2017-02-07,TNA,TNA,0.0,101.03,-0.0122,-579941000.0,0.0,0.0,0.0533,0.0,-2423000.0,BALANCED,1.3335
2017-02-08,TNA,TNA,0.0,100.52,-0.005,-579941000.0,0.0,0.0,0.0876,0.0,-2423000.0,BALANCED,2.1912
2017-02-09,TNA,TNA,0.0,104.91,0.0436,-579941000.0,0.0,0.0,0.0876,0.0,-2423000.0,BALANCED,2.1912
2017-02-10,TNA,TNA,-16090000.0,107.27,0.0225,-596031000.0,0.0,-16090000.0,-0.6474,-16090000.0,-18513000.0,BALANCED,-28.1862
2017-02-13,TNA,TNA,-16217000.0,108.12,0.0079,-612248000.0,0.0,-16217000.0,-0.6235,-32307000.0,-45124000.0,BALANCED,-29.5874
2017-02-14,TNA,TNA,0.0,109.11,0.0092,-612248000.0,0.0,0.0,0.1457,-32307000.0,4603000.0,BALANCED,-6.3577
2017-02-15,TNA,TNA,-38814000.0,110.9,0.0164,-651062000.0,0.0,-38814000.0,-1.5597,-71121000.0,-34211000.0,DISTRIBUTION,-50.9916
2017-02-16,TNA,TNA,-16455000.0,109.7,-0.0108,-667517000.0,0.0,-16455000.0,-0.505,-87576000.0,-55565000.0,BALANCED,-26.6244
2017-02-17,TNA,TNA,0.0,109.84,0.0013,-667517000.0,0.0,0.0,0.169,-71486000.0,-55565000.0,BALANCED,-5.7756
2017-02-21,TNA,TNA,-129144000.0,112.3,0.0224,-796661000.0,0.0,-129144000.0,-4.1928,-184413000.0,-224065000.0,DISTRIBUTION,-100.0
2017-02-22,TNA,TNA,0.0,110.76,-0.0137,-796661000.0,0.0,0.0,0.2514,-184413000.0,-224065000.0,BALANCED,-3.7155
2017-02-23,TNA,TNA,10858000.0,108.58,-0.0196,-785803000.0,10858000.0,0.0,0.6092,-134741000.0,-191999000.0,BALANCED,7.2299
2017-02-24,TNA,TNA,0.0,108.56,-0.0002,-785803000.0,0.0,0.0,0.2376,-118286000.0,-155435000.0,BALANCED,-4.0599
2017-02-27,TNA,TNA,33522000.0,111.74,0.0293,-752281000.0,33522000.0,0.0,1.3063,-84764000.0,-127080000.0,BALANCED,24.6569
2017-02-28,TNA,TNA,0.0,106.67,-0.0454,-752281000.0,0.0,0.0,0.2058,44380000.0,-141958000.0,BALANCED,15.1453
2017-03-01,TNA,TNA,73370000.0,112.88,0.0582,-678911000.0,73370000.0,0.0,2.3453,117750000.0,-98970000.0,ACCUMULATION,70.6327
2017-03-02,TNA,TNA,-59732000.0,108.6,-0.0379,-738643000.0,0.0,-59732000.0,-1.6452,47160000.0,-158702000.0,DISTRIBUTION,-33.1308
2017-03-03,TNA,TNA,0.0,108.24,-0.0033,-738643000.0,0.0,0.0,0.1249,47160000.0,-158702000.0,BALANCED,13.123
2017-03-06,TNA,TNA,15894000.0,105.96,-0.0211,-722749000.0,15894000.0,0.0,0.5761,29532000.0,-142808000.0,BALANCED,26.4032
2017-03-07,TNA,TNA,0.0,103.81,-0.0203,-722749000.0,0.0,0.0,0.1516,29532000.0,-142808000.0,BALANCED,13.7889
2017-03-08,TNA,TNA,50917000.0,101.83,-0.019,-671832000.0,50917000.0,0.0,1.5688,7079000.0,-91891000.0,ACCUMULATION,51.221
2017-03-09,TNA,TNA,40211000.0,100.53,-0.0128,-631621000.0,40211000.0,0.0,1.1755,107022000.0,-51680000.0,BALANCED,43.3887
2017-03-10,TNA,TNA,0.0,101.69,0.0115,-631621000.0,0.0,0.0,0.0012,107022000.0,-51680000.0,BALANCED,10.0301
2017-03-13,TNA,TNA,61677000.0,102.8,0.0109,-569944000.0,61677000.0,0.0,1.6426,152805000.0,26087000.0,ACCUMULATION,53.0662
2017-03-14,TNA,TNA,0.0,101.08,-0.0167,-569944000.0,0.0,0.0,-0.037,152805000.0,42304000.0,BALANCED,9.0741
2017-03-15,TNA,TNA,-5283000.0,105.67,0.0454,-575227000.0,0.0,-5283000.0,-0.1514,96605000.0,37021000.0,BALANCED,4.2161
2017-03-16,TNA,TNA,0.0,106.37,0.0067,-575227000.0,0.0,0.0,-0.0044,56394000.0,75835000.0,BALANCED,9.8907
2017-03-17,TNA,TNA,-91472000.0,107.61,0.0117,-666699000.0,0.0,-91472000.0,-2.2343,-35078000.0,818000.0,DISTRIBUTION,-67.8581
2017-03-20,TNA,TNA,0.0,105.9,-0.0159,-666699000.0,0.0,0.0,0.0729,-96755000.0,818000.0,BALANCED,-8.1764
2017-03-21,TNA,TNA,0.0,97.27,-0.0815,-666699000.0,0.0,0.0,0.0729,-96755000.0,129962000.0,BALANCED,-8.1764
2017-03-22,TNA,TNA,43692000.0,97.09,-0.0018,-623007000.0,43692000.0,0.0,1.113,-47780000.0,173654000.0,BALANCED,19.824
2017-03-23,TNA,TNA,54347000.0,98.81,0.0177,-568660000.0,54347000.0,0.0,1.2909,6567000.0,217143000.0,BALANCED,46.273
2017-03-24,TNA,TNA,0.0,99.05,0.0024,-568660000.0,0.0,0.0,-0.009,98039000.0,217143000.0,BALANCED,9.7751
2017-03-27,TNA,TNA,0.0,99.63,0.0058,-568660000.0,0.0,0.0,-0.0219,98039000.0,183621000.0,BALANCED,9.4529
2017-03-28,TNA,TNA,0.0,101.84,0.0222,-568660000.0,0.0,0.0,-0.035,98039000.0,183621000.0,BALANCED,9.1262
2017-03-29,TNA,TNA,5147000.0,102.94,0.0108,-563513000.0,5147000.0,0.0,0.0847,59494000.0,115398000.0,BALANCED,14.1183
2017-03-30,TNA,TNA,0.0,105.36,0.0235,-563513000.0,0.0,0.0,-0.0714,5147000.0,175130000.0,BALANCED,8.2148
2017-03-31,TNA,TNA,-100814000.0,106.12,0.0072,-664327000.0,0.0,-100814000.0,-2.2454,-95667000.0,74316000.0,DISTRIBUTION,-68.1342
2017-04-03,TNA,TNA,-76801000.0,102.4,-0.035,-741128000.0,0.0,-76801000.0,-1.5789,-172468000.0,-18379000.0,DISTRIBUTION,-53.4721
2017-04-04,TNA,TNA,10207000.0,102.07,-0.0033,-730921000.0,10207000.0,0.0,0.1975,-162261000.0,-8172000.0,BALANCED,-3.0623
2017-04-05,TNA,TNA,14772000.0,98.48,-0.0351,-716149000.0,14772000.0,0.0,0.2974,-152636000.0,-44317000.0,BALANCED,1.4351
2017-04-06,TNA,TNA,20235000.0,101.17,0.0273,-695914000.0,20235000.0,0.0,0.4231,-132401000.0,-64293000.0,BALANCED,6.5766
2017-04-07,TNA,TNA,96114000.0,101.17,-0.0,-599800000.0,96114000.0,0.0,2.037,64527000.0,31821000.0,ACCUMULATION,68.9247
2017-04-10,TNA,TNA,0.0,101.74,0.0056,-599800000.0,0.0,0.0,-0.1159,141328000.0,-29856000.0,BALANCED,7.1021
2017-04-11,TNA,TNA,0.0,103.97,0.022,-599800000.0,0.0,0.0,-0.1159,131121000.0,-29856000.0,BALANCED,7.1021
2017-04-12,TNA,TNA,-29982000.0,99.94,-0.0388,-629782000.0,0.0,-29982000.0,-0.7469,86367000.0,-54555000.0,BALANCED,-10.6735
2017-04-13,TNA,TNA,4842000.0,96.84,-0.031,-624940000.0,4842000.0,0.0,0.0258,70974000.0,-49713000.0,BALANCED,12.6459
2017-04-17,TNA,TNA,70190000.0,100.27,0.0354,-554750000.0,70190000.0,0.0,1.5084,45050000.0,111949000.0,ACCUMULATION,51.7104
2017-04-18,TNA,TNA,0.0,100.42,0.0014,-554750000.0,0.0,0.0,-0.1319,45050000.0,111949000.0,BALANCED,6.7014
2017-04-19,TNA,TNA,25393000.0,101.57,0.0115,-529357000.0,25393000.0,0.0,0.445,70443000.0,137342000.0,BALANCED,23.1244
2017-04-20,TNA,TNA,-36877000.0,105.36,0.0373,-566234000.0,0.0,-36877000.0,-0.952,63548000.0,56773000.0,BALANCED,-15.7999
2017-04-21,TNA,TNA,-109584000.0,104.37,-0.0095,-675818000.0,0.0,-109584000.0,-2.321,-50878000.0,-107158000.0,DISTRIBUTION,-72.0262
2017-04-24,TNA,TNA,-32538000.0,108.46,0.0392,-708356000.0,0.0,-32538000.0,-0.639,-153606000.0,-139696000.0,BALANCED,-31.9739
2017-04-25,TNA,TNA,-27879000.0,111.51,0.0281,-736235000.0,0.0,-27879000.0,-0.4907,-181485000.0,-167575000.0,BALANCED,-30.2669
2017-04-26,TNA,TNA,-5675000.0,113.5,0.0178,-741910000.0,0.0,-5675000.0,0.0013,-212553000.0,-173250000.0,BALANCED,-19.9686
2017-04-27,TNA,TNA,-67769000.0,112.95,-0.0049,-809679000.0,0.0,-67769000.0,-1.2784,-243445000.0,-246166000.0,BALANCED,-53.9609
2017-04-28,TNA,TNA,-5447000.0,108.93,-0.0356,-815126000.0,0.0,-5447000.0,0.0544,-139308000.0,-251613000.0,BALANCED,-22.6402
2017-05-01,TNA,TNA,0.0,55.27,0.0148,-815126000.0,0.0,0.0,0.1121,-106770000.0,-150799000.0,BALANCED,-7.1987
2017-05-02,TNA,TNA,0.0,54.33,-0.0171,-815126000.0,0.0,0.0,0.1121,-78891000.0,-73998000.0,BALANCED,-7.1987
2017-05-03,TNA,TNA,8003000.0,53.35,-0.018,-807123000.0,8003000.0,0.0,0.2869,-65213000.0,-76202000.0,BALANCED,-0.8275
2017-05-04,TNA,TNA,61088000.0,53.12,-0.0043,-746035000.0,61088000.0,0.0,1.4495,63644000.0,-29886000.0,BALANCED,50.2374
2017-05-05,TNA,TNA,2703000.0,54.05,0.0175,-743332000.0,2703000.0,0.0,0.1954,71794000.0,-47418000.0,BALANCED,20.8854
2017-05-08,TNA,TNA,0.0,53.44,-0.0113,-743332000.0,0.0,0.0,0.1335,71794000.0,-143532000.0,BALANCED,13.3364
2017-05-09,TNA,TNA,0.0,53.46,0.0005,-743332000.0,0.0,0.0,0.1335,71794000.0,-143532000.0,BALANCED,13.3364
2017-05-10,TNA,TNA,0.0,54.36,0.0168,-743332000.0,0.0,0.0,0.1335,63791000.0,-143532000.0,BALANCED,13.3364
2017-05-11,TNA,TNA,34632000.0,53.28,-0.0199,-708700000.0,34632000.0,0.0,0.8928,37335000.0,-78918000.0,BALANCED,34.3199
2017-05-12,TNA,TNA,-2621000.0,52.42,-0.0161,-711321000.0,0.0,-2621000.0,0.0522,32011000.0,-86381000.0,BALANCED,9.3041
2017-05-15,TNA,TNA,0.0,53.69,0.0242,-711321000.0,0.0,0.0,0.0388,32011000.0,-156571000.0,BALANCED,10.9712
2017-05-16,TNA,TNA,0.0,53.78,0.0017,-711321000.0,0.0,0.0,-0.0263,32011000.0,-156571000.0,BALANCED,9.3418
2017-05-17,TNA,TNA,29584000.0,49.31,-0.0832,-681737000.0,29584000.0,0.0,0.7341,61595000.0,-152380000.0,BALANCED,30.3525
2017-05-18,TNA,TNA,0.0,49.87,0.0115,-681737000.0,0.0,0.0,-0.0302,26963000.0,-115503000.0,BALANCED,9.2451
2017-05-19,TNA,TNA,0.0,50.55,0.0136,-681737000.0,0.0,0.0,-0.0125,29584000.0,-5919000.0,BALANCED,9.6876
2017-05-22,TNA,TNA,82614000.0,51.63,0.0214,-599123000.0,82614000.0,0.0,2.2504,112198000.0,109233000.0,ACCUMULATION,68.2593
2017-05-23,TNA,TNA,0.0,52.07,0.0085,-599123000.0,0.0,0.0,-0.0006,112198000.0,137112000.0,BALANCED,9.9846
2017-05-24,TNA,TNA,-13061000.0,52.24,0.0033,-612184000.0,0.0,-13061000.0,-0.3439,69553000.0,129726000.0,BALANCED,-0.5975
2017-05-25,TNA,TNA,13085000.0,52.34,0.0018,-599099000.0,13085000.0,0.0,0.3312,82638000.0,210580000.0,BALANCED,20.2791
2017-05-26,TNA,TNA,-31324000.0,52.21,-0.0025,-630423000.0,0.0,-31324000.0,-0.8442,51314000.0,184703000.0,BALANCED,-13.105
2017-05-30,TNA,TNA,0.0,50.98,-0.0236,-630423000.0,0.0,0.0,0.0733,-31300000.0,184703000.0,BALANCED,-8.1676
2017-05-31,TNA,TNA,0.0,50.87,-0.0021,-630423000.0,0.0,0.0,0.0733,-31300000.0,184703000.0,BALANCED,-8.1676
2017-06-01,TNA,TNA,0.0,53.76,0.0568,-630423000.0,0.0,0.0,0.099,-18239000.0,176700000.0,BALANCED,-7.5239
2017-06-02,TNA,TNA,-43860000.0,54.82,0.0199,-674283000.0,0.0,-43860000.0,-1.1746,-75184000.0,71752000.0,BALANCED,-41.3652
2017-06-05,TNA,TNA,-67228000.0,53.78,-0.019,-741511000.0,0.0,-67228000.0,-2.1385,-111088000.0,1821000.0,DISTRIBUTION,-67.4635
2017-06-06,TNA,TNA,-5360000.0,53.6,-0.0033,-746871000.0,0.0,-5360000.0,-0.1364,-116448000.0,-3539000.0,BALANCED,-19.4108
2017-06-07,TNA,TNA,0.0,53.81,0.0039,-746871000.0,0.0,0.0,0.012,-116448000.0,-3539000.0,BALANCED,-9.6991
2017-06-08,TNA,TNA,0.0,56.01,0.0407,-746871000.0,0.0,0.0,0.0056,-116448000.0,-3539000.0,BALANCED,-9.8595
2017-06-09,TNA,TNA,-62393000.0,56.72,0.0128,-809264000.0,0.0,-62393000.0,-2.1503,-134981000.0,-100564000.0,DISTRIBUTION,-65.7569
2017-06-12,TNA,TNA,-70527000.0,56.42,-0.0053,-879791000.0,0.0,-70527000.0,-2.1535,-138280000.0,-168470000.0,DISTRIBUTION,-67.8373
2017-06-13,TNA,TNA,5727000.0,57.27,0.015,-874064000.0,5727000.0,0.0,0.242,-127193000.0,-162743000.0,BALANCED,-1.9493
2017-06-14,TNA,TNA,0.0,56.28,-0.0173,-874064000.0,0.0,0.0,0.0618,-127193000.0,-162743000.0,BALANCED,-8.4545
2017-06-15,TNA,TNA,2769000.0,55.39,-0.0158,-871295000.0,2769000.0,0.0,0.1546,-124424000.0,-189558000.0,BALANCED,-4.1339
2017-06-16,TNA,TNA,5499000.0,54.99,-0.0072,-865796000.0,5499000.0,0.0,0.3222,-56532000.0,-184059000.0,BALANCED,2.0542
2017-06-19,TNA,TNA,2816000.0,56.31,0.0241,-862980000.0,2816000.0,0.0,0.231,16811000.0,-181243000.0,BALANCED,21.774
2017-06-20,TNA,TNA,0.0,54.52,-0.0319,-862980000.0,0.0,0.0,0.1354,11084000.0,-263857000.0,BALANCED,13.3844
2017-06-21,TNA,TNA,51378000.0,54.08,-0.008,-811602000.0,51378000.0,0.0,1.7227,62462000.0,-212479000.0,ACCUMULATION,55.0668
2017-06-22,TNA,TNA,0.0,54.69,0.0113,-811602000.0,0.0,0.0,0.0731,59693000.0,-199418000.0,BALANCED,11.8266
2017-06-23,TNA,TNA,0.0,55.87,0.0215,-811602000.0,0.0,0.0,0.113,54194000.0,-212503000.0,BALANCED,12.8243
2017-06-26,TNA,TNA,0.0,56.09,0.0038,-811602000.0,0.0,0.0,0.1101,51378000.0,-181179000.0,BALANCED,12.7518
2017-06-27,TNA,TNA,0.0,54.53,-0.0277,-811602000.0,0.0,0.0,0.1101,51378000.0,-181179000.0,BALANCED,12.7518
2017-06-28,TNA,TNA,-17141000.0,57.14,0.0477,-828743000.0,0.0,-17141000.0,-0.4342,-17141000.0,-198320000.0,BALANCED,-22.8543
2017-06-29,TNA,TNA,-16819000.0,56.06,-0.0188,-845562000.0,0.0,-16819000.0,-0.3802,-33960000.0,-215139000.0,BALANCED,-23.5039
2017-06-30,TNA,TNA,-2797000.0,55.93,-0.0023,-848359000.0,0.0,-2797000.0,0.0923,-36757000.0,-174076000.0,BALANCED,-13.692
2017-07-03,TNA,TNA,-8592000.0,57.28,0.0241,-856951000.0,0.0,-8592000.0,-0.0922,-45349000.0,-115440000.0,BALANCED,-20.3044
2017-07-05,TNA,TNA,-19778000.0,56.51,-0.0135,-876729000.0,0.0,-19778000.0,-0.4241,-65127000.0,-129858000.0,BALANCED,-30.602
2017-07-06,TNA,TNA,0.0,54.21,-0.0407,-876729000.0,0.0,0.0,0.3729,-47986000.0,-129858000.0,BALANCED,-0.6783
2017-07-07,TNA,TNA,0.0,55.92,0.0315,-876729000.0,0.0,0.0,0.3547,-31167000.0,-129858000.0,BALANCED,-1.1331
2017-07-10,TNA,TNA,2753000.0,55.07,-0.0152,-873976000.0,2753000.0,0.0,0.484,-25617000.0,-64712000.0,BALANCED,4.0999
2017-07-11,TNA,TNA,13898000.0,55.59,0.0095,-860078000.0,13898000.0,0.0,0.8761,-3127000.0,19713000.0,BALANCED,15.9037
2017-07-12,TNA,TNA,11383000.0,56.92,0.0238,-848695000.0,11383000.0,0.0,0.7521,28034000.0,25369000.0,BALANCED,34.8024
2017-07-13,TNA,TNA,-25683000.0,57.07,0.0027,-874378000.0,0.0,-25683000.0,-0.7023,2351000.0,-314000.0,BALANCED,-9.557
2017-07-14,TNA,TNA,0.0,57.42,0.0061,-874378000.0,0.0,0.0,0.3254,2351000.0,-3083000.0,BALANCED,18.1345
2017-07-17,TNA,TNA,-14441000.0,57.76,0.0059,-888819000.0,0.0,-14441000.0,-0.3024,-14843000.0,-23023000.0,BALANCED,-19.5612
2017-07-18,TNA,TNA,-11456000.0,57.28,-0.0084,-900275000.0,0.0,-11456000.0,-0.2894,-40197000.0,-37295000.0,BALANCED,-21.2357
2017-07-19,TNA,TNA,-23595000.0,58.99,0.0298,-923870000.0,0.0,-23595000.0,-0.8208,-75175000.0,-60890000.0,BALANCED,-36.5208
2017-07-20,TNA,TNA,0.0,59.07,0.0014,-923870000.0,0.0,0.0,0.2737,-49492000.0,-112268000.0,BALANCED,-3.1578
2017-07-21,TNA,TNA,-8737000.0,58.25,-0.0138,-932607000.0,0.0,-8737000.0,-0.1182,-58229000.0,-121005000.0,BALANCED,-14.9556
2017-07-24,TNA,TNA,-8777000.0,58.51,0.0045,-941384000.0,0.0,-8777000.0,-0.2332,-52565000.0,-129782000.0,BALANCED,-19.8294
2017-07-25,TNA,TNA,9004000.0,60.03,0.0259,-932380000.0,9004000.0,0.0,0.7609,-32105000.0,-120778000.0,BALANCED,11.0215
2017-07-26,TNA,TNA,-11804000.0,59.02,-0.0168,-944184000.0,0.0,-11804000.0,-0.6676,-20314000.0,-132582000.0,BALANCED,-28.6898
2017-07-27,TNA,TNA,11590000.0,57.95,-0.0181,-932594000.0,11590000.0,0.0,0.9402,-8724000.0,-103851000.0,BALANCED,15.5049
2017-07-28,TNA,TNA,2871000.0,57.42,-0.0092,-929723000.0,2871000.0,0.0,0.3345,2884000.0,-84161000.0,BALANCED,22.3636
2017-07-31,TNA,TNA,31301000.0,56.91,-0.0088,-898422000.0,31301000.0,0.0,2.0781,42962000.0,-50063000.0,ACCUMULATION,67.9535
2017-08-01,TNA,TNA,20048000.0,57.28,0.0065,-878374000.0,20048000.0,0.0,1.2815,54006000.0,-21423000.0,BALANCED,50.0368
2017-08-02,TNA,TNA,47105000.0,55.42,-0.0325,-831269000.0,47105000.0,0.0,2.5231,112915000.0,45460000.0,ACCUMULATION,83.0787
2017-08-03,TNA,TNA,24539000.0,54.53,-0.016,-806730000.0,24539000.0,0.0,1.5005,125864000.0,69999000.0,ACCUMULATION,59.5113
2017-08-04,TNA,TNA,0.0,55.34,0.0148,-806730000.0,0.0,0.0,-0.01,122993000.0,69999000.0,BALANCED,9.7501
2017-08-07,TNA,TNA,16671000.0,55.57,0.0041,-790059000.0,16671000.0,0.0,0.9655,108363000.0,83917000.0,BALANCED,36.1371
2017-08-08,TNA,TNA,8263000.0,55.09,-0.0087,-781796000.0,8263000.0,0.0,0.4385,96578000.0,78282000.0,BALANCED,24.9615
2017-08-09,TNA,TNA,-5356000.0,53.56,-0.0276,-787152000.0,0.0,-5356000.0,-0.3713,44117000.0,61543000.0,BALANCED,-1.2828
2017-08-10,TNA,TNA,10148000.0,50.74,-0.0527,-777004000.0,10148000.0,0.0,0.5153,29726000.0,97374000.0,BALANCED,24.8819
2017-08-11,TNA,TNA,0.0,50.93,0.0038,-777004000.0,0.0,0.0,-0.1431,29726000.0,97374000.0,BALANCED,6.4234
2017-08-14,TNA,TNA,18614000.0,53.18,0.0442,-758390000.0,18614000.0,0.0,0.963,31669000.0,130429000.0,BALANCED,36.0747
2017-08-15,TNA,TNA,57093000.0,51.9,-0.0241,-701297000.0,57093000.0,0.0,2.7578,80499000.0,198978000.0,ACCUMULATION,82.9438
2017-08-16,TNA,TNA,20779000.0,51.95,0.0009,-680518000.0,20779000.0,0.0,0.7731,106634000.0,243352000.0,BALANCED,35.3266
2017-08-17,TNA,TNA,2458000.0,49.16,-0.0536,-678060000.0,2458000.0,0.0,-0.2264,98944000.0,245810000.0,BALANCED,12.3401
2017-08-18,TNA,TNA,7358000.0,49.05,-0.0022,-670702000.0,7358000.0,0.0,0.0267,106302000.0,261905000.0,BALANCED,20.6681
2017-08-21,TNA,TNA,0.0,48.95,-0.002,-670702000.0,0.0,0.0,-0.3687,87688000.0,270682000.0,BALANCED,0.7835
2017-08-22,TNA,TNA,35373000.0,50.53,0.0323,-635329000.0,35373000.0,0.0,1.4619,65968000.0,297051000.0,BALANCED,48.5481
2017-08-23,TNA,TNA,22646000.0,50.32,-0.0041,-612683000.0,22646000.0,0.0,0.7673,67835000.0,331501000.0,BALANCED,33.1826
2017-08-24,TNA,TNA,10156000.0,50.78,0.0091,-602527000.0,10156000.0,0.0,0.0602,75533000.0,330067000.0,BALANCED,17.504
2017-08-25,TNA,TNA,-7676000.0,51.17,0.0077,-610203000.0,0.0,-7676000.0,-0.897,60499000.0,319520000.0,BALANCED,-14.4245
2017-08-28,TNA,TNA,-23275000.0,51.72,0.0108,-633478000.0,0.0,-23275000.0,-1.6885,37224000.0,264944000.0,DISTRIBUTION,-36.212
2017-08-29,TNA,TNA,0.0,51.87,0.0028,-633478000.0,0.0,0.0,-0.4802,1851000.0,244896000.0,BALANCED,-2.0048
2017-08-30,TNA,TNA,-15833000.0,52.78,0.0175,-649311000.0,0.0,-15833000.0,-1.3804,-36628000.0,181958000.0,BALANCED,-46.5094
2017-08-31,TNA,TNA,-2718000.0,54.36,0.03,-652029000.0,0.0,-2718000.0,-0.6489,-49502000.0,154701000.0,BALANCED,-30.2213
2017-09-01,TNA,TNA,-41473000.0,55.3,0.0173,-693502000.0,0.0,-41473000.0,-2.4554,-83299000.0,113228000.0,DISTRIBUTION,-77.385
2017-09-05,TNA,TNA,-16100000.0,53.67,-0.0295,-709602000.0,0.0,-16100000.0,-1.1686,-76124000.0,80457000.0,BALANCED,-47.2139
2017-09-06,TNA,TNA,-26981000.0,53.96,0.0055,-736583000.0,0.0,-26981000.0,-1.5696,-103105000.0,45213000.0,DISTRIBUTION,-59.2406
2017-09-07,TNA,TNA,0.0,53.57,-0.0074,-736583000.0,0.0,0.0,-0.3279,-87272000.0,50569000.0,BALANCED,-18.197
2017-09-08,TNA,TNA,-5365000.0,53.65,0.0016,-741948000.0,0.0,-5365000.0,-0.5527,-89919000.0,35056000.0,BALANCED,-25.8187
2017-09-11,TNA,TNA,0.0,55.41,0.0327,-741948000.0,0.0,0.0,-0.2949,-48446000.0,35056000.0,BALANCED,-17.3722
2017-09-12,TNA,TNA,-16927000.0,56.42,0.0183,-758875000.0,0.0,-16927000.0,-1.0232,-49273000.0,-485000.0,BALANCED,-37.5798
2017-09-13,TNA,TNA,-8527000.0,56.84,0.0075,-767402000.0,0.0,-8527000.0,-0.5818,-30819000.0,-66105000.0,BALANCED,-28.5443
2017-09-14,TNA,TNA,-31167000.0,56.67,-0.0031,-798569000.0,0.0,-31167000.0,-1.5901,-61986000.0,-118051000.0,DISTRIBUTION,-55.7514
2017-09-15,TNA,TNA,0.0,57.44,0.0136,-798569000.0,0.0,0.0,-0.0137,-56621000.0,-120509000.0,BALANCED,-10.3435
2017-09-18,TNA,TNA,-20500000.0,58.57,0.0197,-819069000.0,0.0,-20500000.0,-0.9966,-77121000.0,-148367000.0,BALANCED,-36.9145
2017-09-19,TNA,TNA,-35101000.0,58.5,-0.0012,-854170000.0,0.0,-35101000.0,-1.5811,-95295000.0,-183468000.0,DISTRIBUTION,-53.5269
2017-09-20,TNA,TNA,-11821000.0,59.1,0.0103,-865991000.0,0.0,-11821000.0,-0.4328,-98589000.0,-230662000.0,BALANCED,-26.8212
2017-09-21,TNA,TNA,-23578000.0,58.95,-0.0027,-889569000.0,0.0,-23578000.0,-0.9527,-91000000.0,-276886000.0,BALANCED,-41.8167
2017-09-22,TNA,TNA,-14934000.0,59.74,0.0134,-904503000.0,0.0,-14934000.0,-0.5062,-105934000.0,-301976000.0,BALANCED,-32.6546
2017-09-25,TNA,TNA,-44920000.0,59.89,0.0026,-949423000.0,0.0,-44920000.0,-1.7526,-130354000.0,-339220000.0,DISTRIBUTION,-65.8138
2017-09-26,TNA,TNA,-9074000.0,60.49,0.01,-958497000.0,0.0,-9074000.0,-0.1099,-104327000.0,-325019000.0,BALANCED,-26.7468
2017-09-27,TNA,TNA,-12797000.0,63.98,0.0577,-971294000.0,0.0,-12797000.0,-0.2077,-105303000.0,-337816000.0,BALANCED,-31.1933
2017-09-28,TNA,TNA,-19369000.0,64.56,0.0091,-990663000.0,0.0,-19369000.0,-0.5168,-101094000.0,-341352000.0,BALANCED,-40.9192
2017-09-29,TNA,TNA,-3243000.0,64.86,0.0047,-993906000.0,0.0,-3243000.0,0.4196,-89403000.0,-341877000.0,BALANCED,-19.51
2017-10-02,TNA,TNA,0.0,67.29,0.0374,-993906000.0,0.0,0.0,0.6281,-44483000.0,-300404000.0,BALANCED,5.7033
2017-10-03,TNA,TNA,6763000.0,67.63,0.0051,-987143000.0,6763000.0,0.0,0.9982,-28646000.0,-277541000.0,BALANCED,16.9562
2017-10-04,TNA,TNA,20117000.0,67.06,-0.0086,-967026000.0,20117000.0,0.0,1.9327,4268000.0,-230443000.0,ACCUMULATION,62.3169
2017-10-05,TNA,TNA,20289000.0,67.63,0.0086,-946737000.0,20289000.0,0.0,1.9683,43926000.0,-210154000.0,ACCUMULATION,65.2084
2017-10-06,TNA,TNA,-6736000.0,67.36,-0.004,-953473000.0,0.0,-6736000.0,0.3206,40433000.0,-211525000.0,BALANCED,16.0147
2017-10-09,TNA,TNA,0.0,66.47,-0.0132,-953473000.0,0.0,0.0,0.733,40433000.0,-211525000.0,BALANCED,28.3252
2017-10-10,TNA,TNA,0.0,67.06,0.0088,-953473000.0,0.0,0.0,0.6846,33670000.0,-194598000.0,BALANCED,27.1155
2017-10-11,TNA,TNA,0.0,66.91,-0.0022,-953473000.0,0.0,0.0,0.6846,13553000.0,-186071000.0,BALANCED,27.1155
2017-10-12,TNA,TNA,-3335000.0,66.69,-0.0032,-956808000.0,0.0,-3335000.0,0.4431,-10071000.0,-158239000.0,BALANCED,-0.9215
2017-10-13,TNA,TNA,-6634000.0,66.33,-0.0053,-963442000.0,0.0,-6634000.0,0.2408,-9969000.0,-164873000.0,BALANCED,-7.9789
2017-10-16,TNA,TNA,0.0,66.3,-0.0004,-963442000.0,0.0,0.0,0.6204,-9969000.0,-144373000.0,BALANCED,5.5092
2017-10-17,TNA,TNA,0.0,65.63,-0.0102,-963442000.0,0.0,0.0,0.5823,-9969000.0,-109272000.0,BALANCED,4.5581
2017-10-18,TNA,TNA,6663000.0,66.62,0.0151,-956779000.0,6663000.0,0.0,0.9759,-3306000.0,-90788000.0,BALANCED,16.3973
2017-10-19,TNA,TNA,3312000.0,66.22,-0.006,-953467000.0,3312000.0,0.0,0.731,3341000.0,-63898000.0,BALANCED,32.276
2017-10-20,TNA,TNA,0.0,67.16,0.0142,-953467000.0,0.0,0.0,0.487,9975000.0,-48964000.0,BALANCED,22.1757
2017-10-23,TNA,TNA,-16403000.0,65.6,-0.0233,-969870000.0,0.0,-16403000.0,-0.6068,-6428000.0,-20447000.0,BALANCED,-27.1704
2017-10-24,TNA,TNA,6599000.0,65.98,0.0058,-963271000.0,6599000.0,0.0,0.9171,171000.0,-4774000.0,BALANCED,34.9272
2017-10-25,TNA,TNA,29279000.0,65.05,-0.0141,-933992000.0,29279000.0,0.0,2.1725,22787000.0,37302000.0,ACCUMULATION,68.3128
2017-10-26,TNA,TNA,6556000.0,65.55,0.0076,-927436000.0,6556000.0,0.0,0.7036,26031000.0,63227000.0,BALANCED,33.5904
2017-10-27,TNA,TNA,3348000.0,66.95,0.0213,-924088000.0,3348000.0,0.0,0.487,29379000.0,69818000.0,BALANCED,30.1744
2017-10-30,TNA,TNA,29103000.0,64.66,-0.0341,-894985000.0,29103000.0,0.0,1.9417,74885000.0,98921000.0,ACCUMULATION,68.5422
2017-10-31,TNA,TNA,9927000.0,66.17,0.0233,-885058000.0,9927000.0,0.0,0.7196,78213000.0,102085000.0,BALANCED,39.9888
2017-11-01,TNA,TNA,9729000.0,64.85,-0.02,-875329000.0,9729000.0,0.0,0.6602,58663000.0,91697000.0,BALANCED,40.5042
2017-11-02,TNA,TNA,16341000.0,65.36,0.0078,-858988000.0,16341000.0,0.0,1.0321,68448000.0,87749000.0,BALANCED,51.8031
2017-11-03,TNA,TNA,-3258000.0,65.15,-0.0031,-862246000.0,0.0,-3258000.0,-0.3205,61842000.0,91227000.0,BALANCED,-0.0113
2017-11-06,TNA,TNA,16381000.0,65.51,0.0055,-845865000.0,16381000.0,0.0,1.087,49120000.0,107608000.0,BALANCED,39.1759
2017-11-07,TNA,TNA,-3154000.0,63.06,-0.0374,-849019000.0,0.0,-3154000.0,-0.5801,36039000.0,104454000.0,BALANCED,-6.5036
2017-11-08,TNA,TNA,15848000.0,63.38,0.0051,-833171000.0,15848000.0,0.0,0.9773,42158000.0,120302000.0,BALANCED,36.4313
2017-11-09,TNA,TNA,18770000.0,62.56,-0.013,-814401000.0,18770000.0,0.0,1.188,44587000.0,142407000.0,BALANCED,43.7
2017-11-10,TNA,TNA,0.0,62.55,-0.0001,-814401000.0,0.0,0.0,-0.5553,47845000.0,149041000.0,BALANCED,-3.8816
2017-11-13,TNA,TNA,0.0,62.53,-0.0003,-814401000.0,0.0,0.0,-0.5553,31464000.0,149041000.0,BALANCED,-3.8816
2017-11-14,TNA,TNA,15519000.0,62.06,-0.0075,-798882000.0,15519000.0,0.0,0.8468,50137000.0,164560000.0,BALANCED,33.1709
2017-11-15,TNA,TNA,9180000.0,61.19,-0.014,-789702000.0,9180000.0,0.0,0.308,43469000.0,167077000.0,BALANCED,21.6989
2017-11-16,TNA,TNA,6404000.0,64.03,0.0464,-783298000.0,6404000.0,0.0,0.0931,31103000.0,170169000.0,BALANCED,18.3286
2017-11-17,TNA,TNA,-6482000.0,64.81,0.0122,-789780000.0,0.0,-6482000.0,-1.1643,24621000.0,163687000.0,BALANCED,-21.1072
2017-11-20,TNA,TNA,-9930000.0,66.19,0.0212,-799710000.0,0.0,-9930000.0,-1.4216,14691000.0,170160000.0,BALANCED,-29.539
2017-11-21,TNA,TNA,-6825000.0,68.24,0.031,-806535000.0,0.0,-6825000.0,-1.0878,-7653000.0,156736000.0,BALANCED,-43.1959
2017-11-22,TNA,TNA,-16990000.0,67.95,-0.0043,-823525000.0,0.0,-16990000.0,-1.8594,-33823000.0,110467000.0,DISTRIBUTION,-64.4849
2017-11-24,TNA,TNA,-13645000.0,68.22,0.0039,-837170000.0,0.0,-13645000.0,-1.4877,-53872000.0,90266000.0,BALANCED,-57.192
2017-11-27,TNA,TNA,0.0,67.45,-0.0112,-837170000.0,0.0,0.0,-0.3595,-47390000.0,86918000.0,BALANCED,-18.9871
2017-11-28,TNA,TNA,0.0,70.55,0.046,-837170000.0,0.0,0.0,-0.3595,-37460000.0,57815000.0,BALANCED,-18.9871
2017-11-29,TNA,TNA,-35683000.0,71.36,0.0114,-872853000.0,0.0,-35683000.0,-2.8086,-66318000.0,12205000.0,DISTRIBUTION,-82.2143
2017-11-30,TNA,TNA,-35841000.0,71.67,0.0044,-908694000.0,0.0,-35841000.0,-2.4198,-85169000.0,-33365000.0,DISTRIBUTION,-74.4962
2017-12-01,TNA,TNA,0.0,70.68,-0.0138,-908694000.0,0.0,0.0,-0.0965,-71524000.0,-49706000.0,BALANCED,-12.4114
2017-12-04,TNA,TNA,0.0,70.03,-0.0093,-908694000.0,0.0,0.0,-0.0965,-71524000.0,-46448000.0,BALANCED,-12.4114
2017-12-05,TNA,TNA,0.0,67.89,-0.0305,-908694000.0,0.0,0.0,-0.135,-71524000.0,-62829000.0,BALANCED,-13.3752
2017-12-06,TNA,TNA,0.0,66.84,-0.0154,-908694000.0,0.0,0.0,-0.1206,-35841000.0,-59675000.0,BALANCED,-13.0153
2017-12-07,TNA,TNA,64957000.0,68.37,0.0228,-843737000.0,64957000.0,0.0,3.372,64957000.0,-10566000.0,ACCUMULATION,96.3005
2017-12-08,TNA,TNA,6854000.0,68.53,0.0023,-836883000.0,6854000.0,0.0,0.2088,71811000.0,-22482000.0,BALANCED,19.2189
2017-12-11,TNA,TNA,6831000.0,68.3,-0.0033,-830052000.0,6831000.0,0.0,0.201,78642000.0,-15651000.0,BALANCED,21.026
2017-12-12,TNA,TNA,13556000.0,67.77,-0.0077,-816496000.0,13556000.0,0.0,0.6132,92198000.0,-2095000.0,BALANCED,33.33
2017-12-13,TNA,TNA,0.0,68.9,0.0167,-816496000.0,0.0,0.0,-0.1285,92198000.0,-17614000.0,BALANCED,6.7887
2017-12-14,TNA,TNA,0.0,66.58,-0.0337,-816496000.0,0.0,0.0,-0.1105,27241000.0,-26794000.0,BALANCED,7.2364
2017-12-15,TNA,TNA,20893000.0,69.63,0.0459,-795603000.0,20893000.0,0.0,1.05,41280000.0,-12305000.0,BALANCED,38.2492
2017-12-18,TNA,TNA,-21665000.0,72.21,0.0369,-817268000.0,0.0,-21665000.0,-1.2599,12784000.0,-27488000.0,BALANCED,-23.4976
2017-12-19,TNA,TNA,0.0,70.4,-0.0236,-817268000.0,0.0,0.0,-0.0525,-772000.0,-17558000.0,BALANCED,-11.3115
2017-12-20,TNA,TNA,3543000.0,70.84,0.0063,-813725000.0,3543000.0,0.0,0.1303,2771000.0,-7190000.0,BALANCED,15.258
2017-12-21,TNA,TNA,-10773000.0,71.81,0.0136,-824498000.0,0.0,-10773000.0,-0.6122,-8002000.0,-973000.0,BALANCED,-27.3062
2017-12-22,TNA,TNA,-14249000.0,71.23,-0.008,-838747000.0,0.0,-14249000.0,-0.7503,-43144000.0,-1577000.0,BALANCED,-32.7586
2017-12-26,TNA,TNA,0.0,71.4,0.0023,-838747000.0,0.0,0.0,0.0453,-21479000.0,-1577000.0,BALANCED,-8.8671
2017-12-27,TNA,TNA,-32097000.0,71.32,-0.0011,-870844000.0,0.0,-32097000.0,-1.6076,-53576000.0,-33674000.0,DISTRIBUTION,-52.1908
2017-12-28,TNA,TNA,-10820000.0,72.13,0.0114,-881664000.0,0.0,-10820000.0,-0.4341,-67939000.0,-8811000.0,BALANCED,-24.8528
2017-12-29,TNA,TNA,0.0,70.25,-0.026,-881664000.0,0.0,0.0,0.1662,-57166000.0,27030000.0,BALANCED,-5.844
2018-01-02,TNA,TNA,-10837000.0,72.24,0.0283,-892501000.0,0.0,-10837000.0,-0.3911,-53754000.0,16193000.0,BALANCED,-21.7768
2018-01-03,TNA,TNA,10886000.0,72.56,0.0045,-881615000.0,10886000.0,0.0,0.7505,-42868000.0,27079000.0,BALANCED,10.7635
2018-01-04,TNA,TNA,-21911000.0,73.03,0.0064,-903526000.0,0.0,-21911000.0,-0.9782,-32682000.0,5168000.0,BALANCED,-36.4543
2018-01-05,TNA,TNA,0.0,73.57,0.0076,-903526000.0,0.0,0.0,0.1714,-21862000.0,5168000.0,BALANCED,-5.7147
2018-01-08,TNA,TNA,0.0,73.84,0.0036,-903526000.0,0.0,0.0,0.1427,-21862000.0,-59789000.0,BALANCED,-6.4327
2018-01-09,TNA,TNA,-7360000.0,73.58,-0.0035,-910886000.0,0.0,-7360000.0,-0.2636,-18385000.0,-74003000.0,BALANCED,-18.5912
2018-01-10,TNA,TNA,0.0,73.55,-0.0005,-910886000.0,0.0,0.0,0.1321,-29271000.0,-80834000.0,BALANCED,-6.6966
2018-01-11,TNA,TNA,-11607000.0,77.36,0.0519,-922493000.0,0.0,-11607000.0,-0.4695,-18967000.0,-105997000.0,BALANCED,-23.7378
2018-01-12,TNA,TNA,-15629000.0,78.13,0.0099,-938122000.0,0.0,-15629000.0,-0.7564,-34596000.0,-121626000.0,BALANCED,-32.9106
2018-01-16,TNA,TNA,-11296000.0,75.29,-0.0363,-949418000.0,0.0,-11296000.0,-0.5946,-45892000.0,-132922000.0,BALANCED,-30.864
2018-01-17,TNA,TNA,0.0,77.28,0.0264,-949418000.0,0.0,0.0,0.0812,-38532000.0,-153815000.0,BALANCED,-7.9698
2018-01-18,TNA,TNA,-7582000.0,75.8,-0.0192,-957000000.0,0.0,-7582000.0,-0.3565,-46114000.0,-139732000.0,BALANCED,-20.9121
2018-01-19,TNA,TNA,0.0,78.77,0.0394,-957000000.0,0.0,0.0,0.0961,-34507000.0,-139732000.0,BALANCED,-7.597
2018-01-22,TNA,TNA,27977000.0,79.91,0.0144,-929023000.0,27977000.0,0.0,1.6279,9099000.0,-115298000.0,ACCUMULATION,52.6985
2018-01-23,TNA,TNA,-8074000.0,80.71,0.0101,-937097000.0,0.0,-8074000.0,-0.396,12321000.0,-112599000.0,BALANCED,-1.8993
2018-01-24,TNA,TNA,-7910000.0,79.07,-0.0204,-945007000.0,0.0,-7910000.0,-0.3468,4411000.0,-106260000.0,BALANCED,-2.6702
2018-01-25,TNA,TNA,19838000.0,79.32,0.0032,-925169000.0,19838000.0,0.0,1.7691,31831000.0,-86422000.0,ACCUMULATION,56.2278
2018-01-26,TNA,TNA,8026000.0,80.23,0.0115,-917143000.0,8026000.0,0.0,0.8893,39857000.0,-46299000.0,BALANCED,36.2318
2018-01-29,TNA,TNA,0.0,78.76,-0.0183,-917143000.0,0.0,0.0,0.2621,11880000.0,-35479000.0,BALANCED,16.5536
2018-01-30,TNA,TNA,3826000.0,76.5,-0.0287,-913317000.0,3826000.0,0.0,0.5488,23780000.0,-31653000.0,BALANCED,25.7209
2018-01-31,TNA,TNA,11306000.0,75.34,-0.0151,-902011000.0,11306000.0,0.0,1.2036,42996000.0,-9510000.0,BALANCED,44.0908
2018-02-01,TNA,TNA,22821000.0,76.04,0.0093,-879190000.0,22821000.0,0.0,1.9512,45979000.0,2425000.0,ACCUMULATION,64.7798
2018-02-02,TNA,TNA,3571000.0,71.39,-0.0612,-875619000.0,3571000.0,0.0,0.4313,41524000.0,27907000.0,BALANCED,28.7817
2018-02-05,TNA,TNA,9529000.0,63.51,-0.1105,-866090000.0,9529000.0,0.0,0.8723,51053000.0,37436000.0,BALANCED,41.8078
2018-02-06,TNA,TNA,59064000.0,65.61,0.0331,-807026000.0,59064000.0,0.0,3.4572,106291000.0,96500000.0,ACCUMULATION,100.0
2018-02-07,TNA,TNA,72317000.0,65.72,0.0018,-734709000.0,72317000.0,0.0,3.255,167302000.0,176177000.0,ACCUMULATION,100.0
2018-02-08,TNA,TNA,11993000.0,59.96,-0.0879,-722716000.0,11993000.0,0.0,0.3833,156474000.0,188170000.0,BALANCED,35.583
2018-02-09,TNA,TNA,6165000.0,61.64,0.0281,-716551000.0,6165000.0,0.0,0.0509,159068000.0,205942000.0,BALANCED,29.2723
2018-02-12,TNA,TNA,3166000.0,63.3,0.0269,-713385000.0,3166000.0,0.0,-0.123,152705000.0,224737000.0,BALANCED,26.924
2018-02-13,TNA,TNA,9570000.0,63.79,0.0077,-703815000.0,9570000.0,0.0,0.1835,103211000.0,245603000.0,BALANCED,34.5885
2018-02-14,TNA,TNA,0.0,67.27,0.0546,-703815000.0,0.0,0.0,-0.3205,30894000.0,245603000.0,BALANCED,1.9871
2018-02-15,TNA,TNA,-10400000.0,69.32,0.0305,-714215000.0,0.0,-10400000.0,-0.8056,8501000.0,242785000.0,BALANCED,-12.1412
2018-02-16,TNA,TNA,-35071000.0,70.13,0.0117,-749286000.0,0.0,-35071000.0,-1.9525,-32735000.0,207714000.0,DISTRIBUTION,-62.8134
2018-02-20,TNA,TNA,-20492000.0,68.3,-0.0261,-769778000.0,0.0,-20492000.0,-1.1822,-56393000.0,159245000.0,BALANCED,-45.5551
2018-02-21,TNA,TNA,-10281000.0,68.53,0.0034,-780059000.0,0.0,-10281000.0,-0.6771,-76244000.0,157038000.0,BALANCED,-34.9271
2018-02-22,TNA,TNA,-10242000.0,68.27,-0.0038,-790301000.0,0.0,-10242000.0,-0.6688,-86486000.0,154706000.0,BALANCED,-36.721
2018-02-23,TNA,TNA,-3543000.0,70.84,0.0376,-793844000.0,0.0,-3543000.0,-0.3486,-79629000.0,131325000.0,BALANCED,-30.7149
2018-02-26,TNA,TNA,10835000.0,72.22,0.0195,-783009000.0,10835000.0,0.0,0.292,-33723000.0,134134000.0,BALANCED,-0.7009
2018-02-27,TNA,TNA,0.0,69.06,-0.0438,-783009000.0,0.0,0.0,-0.2479,-13231000.0,134134000.0,BALANCED,-16.1967
2018-02-28,TNA,TNA,0.0,65.83,-0.0468,-783009000.0,0.0,0.0,-0.2686,-2950000.0,130308000.0,BALANCED,-16.7144
2018-03-01,TNA,TNA,0.0,65.2,-0.0096,-783009000.0,0.0,0.0,-0.2686,7292000.0,119002000.0,BALANCED,3.2856
2018-03-02,TNA,TNA,13699000.0,68.49,0.0504,-769310000.0,13699000.0,0.0,0.3621,24534000.0,109880000.0,BALANCED,21.0535
2018-03-05,TNA,TNA,0.0,70.23,0.0254,-769310000.0,0.0,0.0,-0.3044,13699000.0,106309000.0,BALANCED,2.3896
2018-03-06,TNA,TNA,21735000.0,72.44,0.0315,-747575000.0,21735000.0,0.0,0.7707,35434000.0,118515000.0,BALANCED,31.2664
2018-03-07,TNA,TNA,-11130000.0,74.19,0.0242,-758705000.0,0.0,-11130000.0,-0.8356,24304000.0,48321000.0,BALANCED,-12.8904
2018-03-08,TNA,TNA,-33225000.0,73.82,-0.005,-791930000.0,0.0,-33225000.0,-1.7809,-8921000.0,-57221000.0,DISTRIBUTION,-58.5227
2018-03-09,TNA,TNA,3868000.0,77.36,0.0478,-788062000.0,3868000.0,0.0,-0.0329,-18752000.0,-65346000.0,BALANCED,-8.8226
2018-03-12,TNA,TNA,-70107000.0,77.89,0.0069,-858169000.0,0.0,-70107000.0,-2.8482,-88859000.0,-141618000.0,DISTRIBUTION,-83.2058
2018-03-13,TNA,TNA,0.0,76.61,-0.0163,-858169000.0,0.0,0.0,-0.0777,-110594000.0,-144784000.0,BALANCED,-11.9422
2018-03-14,TNA,TNA,-11331000.0,75.53,-0.0141,-869500000.0,0.0,-11331000.0,-0.5033,-110795000.0,-165685000.0,BALANCED,-24.5817
2018-03-15,TNA,TNA,0.0,74.43,-0.0146,-869500000.0,0.0,0.0,-0.0427,-77570000.0,-165685000.0,BALANCED,-11.0687
2018-03-16,TNA,TNA,0.0,75.73,0.0175,-869500000.0,0.0,0.0,-0.0129,-81438000.0,-155285000.0,BALANCED,-10.3228
2018-03-19,TNA,TNA,11029000.0,73.52,-0.0292,-858471000.0,11029000.0,0.0,0.4169,-302000.0,-109185000.0,BALANCED,2.4218
2018-03-20,TNA,TNA,11024000.0,73.48,-0.0005,-847447000.0,11024000.0,0.0,0.4144,10722000.0,-77669000.0,BALANCED,24.3589
2018-03-21,TNA,TNA,0.0,74.74,0.0171,-847447000.0,0.0,0.0,0.0597,22053000.0,-67388000.0,BALANCED,11.4937
2018-03-22,TNA,TNA,0.0,69.72,-0.067,-847447000.0,0.0,0.0,0.2116,22053000.0,-57146000.0,BALANCED,15.2897
2018-03-23,TNA,TNA,0.0,65.13,-0.0658,-847447000.0,0.0,0.0,0.2372,22053000.0,-53603000.0,BALANCED,15.9303
2018-03-26,TNA,TNA,10421000.0,69.46,0.0664,-837026000.0,10421000.0,0.0,0.8188,21445000.0,-54017000.0,BALANCED,32.4712
2018-03-27,TNA,TNA,19619000.0,65.39,-0.0587,-817407000.0,19619000.0,0.0,1.2747,30040000.0,-34398000.0,BALANCED,45.8677
2018-03-28,TNA,TNA,26159000.0,65.39,0.0,-791248000.0,26159000.0,0.0,1.5494,56199000.0,-8239000.0,ACCUMULATION,54.7349
2018-03-29,TNA,TNA,0.0,67.46,0.0317,-791248000.0,0.0,0.0,0.1553,56199000.0,-8239000.0,BALANCED,13.8829
2018-04-02,TNA,TNA,6257000.0,62.56,-0.0726,-784991000.0,6257000.0,0.0,0.4588,62456000.0,-15681000.0,BALANCED,23.4689
2018-04-03,TNA,TNA,16269000.0,65.07,0.04,-768722000.0,16269000.0,0.0,0.9387,68304000.0,588000.0,BALANCED,37.4671
2018-04-04,TNA,TNA,13516000.0,67.57,0.0385,-755206000.0,13516000.0,0.0,0.7321,62201000.0,-7631000.0,BALANCED,34.3022
2018-04-05,TNA,TNA,0.0,69.09,0.0225,-755206000.0,0.0,0.0,-0.0468,36042000.0,3499000.0,BALANCED,8.8288
2018-04-06,TNA,TNA,-6506000.0,65.05,-0.0585,-761712000.0,0.0,-6506000.0,-0.4234,29536000.0,30218000.0,BALANCED,-2.5859
2018-04-09,TNA,TNA,0.0,65.21,0.0025,-761712000.0,0.0,0.0,-0.0609,23279000.0,26350000.0,BALANCED,8.4783
2018-04-10,TNA,TNA,3448000.0,68.94,0.0571,-758264000.0,3448000.0,0.0,0.1498,10458000.0,99905000.0,BALANCED,15.7461
2018-04-11,TNA,TNA,-13878000.0,69.38,0.0064,-772142000.0,0.0,-13878000.0,-0.804,-16936000.0,86027000.0,BALANCED,-32.101
2018-04-12,TNA,TNA,0.0,70.8,0.0205,-772142000.0,0.0,0.0,-0.0205,-16936000.0,97358000.0,BALANCED,-10.5113
2018-04-13,TNA,TNA,-20912000.0,69.7,-0.0156,-793054000.0,0.0,-20912000.0,-1.1348,-31342000.0,76446000.0,BALANCED,-40.3712
2018-04-16,TNA,TNA,0.0,71.53,0.0263,-793054000.0,0.0,0.0,0.0441,-31342000.0,76446000.0,BALANCED,-8.8969
2018-04-17,TNA,TNA,-14768000.0,73.83,0.0321,-807822000.0,0.0,-14768000.0,-0.7443,-49558000.0,50649000.0,BALANCED,-30.607
2018-04-18,TNA,TNA,-3718000.0,74.36,0.0071,-811540000.0,0.0,-3718000.0,-0.0902,-39398000.0,35907000.0,BALANCED,-16.2538
2018-04-19,TNA,TNA,-18239000.0,72.95,-0.019,-829779000.0,0.0,-18239000.0,-0.8934,-57637000.0,17668000.0,BALANCED,-38.3358
2018-04-20,TNA,TNA,0.0,71.61,-0.0184,-829779000.0,0.0,0.0,0.0752,-36725000.0,17668000.0,BALANCED,-8.1205
2018-04-23,TNA,TNA,-14264000.0,71.31,-0.0041,-844043000.0,0.0,-14264000.0,-0.7329,-50989000.0,3404000.0,BALANCED,-30.3226
2018-04-24,TNA,TNA,0.0,70.09,-0.0171,-844043000.0,0.0,0.0,-0.043,-36221000.0,-7017000.0,BALANCED,-11.0744
2018-04-25,TNA,TNA,0.0,69.71,-0.0054,-844043000.0,0.0,0.0,-0.043,-32503000.0,-26636000.0,BALANCED,-11.0744
2018-04-26,TNA,TNA,10606000.0,70.7,0.0141,-833437000.0,10606000.0,0.0,0.8648,-3658000.0,-42189000.0,BALANCED,13.6211
2018-04-27,TNA,TNA,0.0,70.44,-0.0036,-833437000.0,0.0,0.0,-0.1106,-3658000.0,-42189000.0,BALANCED,-12.7638
2018-04-30,TNA,TNA,0.0,68.5,-0.0276,-833437000.0,0.0,0.0,-0.1106,10606000.0,-48446000.0,BALANCED,7.2362
2018-05-01,TNA,TNA,3480000.0,69.59,0.016,-829957000.0,3480000.0,0.0,0.2359,14086000.0,-61235000.0,BALANCED,17.8966
2018-05-02,TNA,TNA,10537000.0,70.24,0.0093,-819420000.0,10537000.0,0.0,0.8967,24623000.0,-64214000.0,BALANCED,36.4171
2018-05-03,TNA,TNA,0.0,69.1,-0.0162,-819420000.0,0.0,0.0,-0.0872,14017000.0,-64214000.0,BALANCED,7.8191
2018-05-04,TNA,TNA,3582000.0,71.64,0.0368,-815838000.0,3582000.0,0.0,0.2359,17599000.0,-54126000.0,BALANCED,17.8973
2018-05-07,TNA,TNA,-14694000.0,73.46,0.0254,-830532000.0,0.0,-14694000.0,-1.3749,2905000.0,-68820000.0,BALANCED,-26.3731
2018-05-08,TNA,TNA,-11177000.0,74.5,0.0142,-841709000.0,0.0,-11177000.0,-0.9896,-11752000.0,-83445000.0,BALANCED,-38.7411
2018-05-09,TNA,TNA,0.0,75.83,0.0178,-841709000.0,0.0,0.0,0.0772,-22289000.0,-69567000.0,BALANCED,-8.0699
2018-05-10,TNA,TNA,0.0,76.95,0.0147,-841709000.0,0.0,0.0,0.1833,-22289000.0,-69567000.0,BALANCED,-5.4185
2018-05-11,TNA,TNA,-19344000.0,77.37,0.0054,-861053000.0,0.0,-19344000.0,-1.7508,-45215000.0,-67999000.0,DISTRIBUTION,-55.7695
2018-05-14,TNA,TNA,-15292000.0,76.45,-0.0118,-876345000.0,0.0,-15292000.0,-1.2422,-45813000.0,-83291000.0,BALANCED,-45.0557
2018-05-15,TNA,TNA,0.0,76.46,0.0001,-876345000.0,0.0,0.0,0.3906,-34636000.0,-68523000.0,BALANCED,-0.2347
2018-05-16,TNA,TNA,-19696000.0,78.77,0.0302,-896041000.0,0.0,-19696000.0,-1.6572,-54332000.0,-84501000.0,DISTRIBUTION,-53.4309
2018-05-17,TNA,TNA,-28018000.0,80.04,0.0161,-924059000.0,0.0,-28018000.0,-2.2498,-82350000.0,-94280000.0,DISTRIBUTION,-70.2455
2018-05-18,TNA,TNA,-12038000.0,80.24,0.0025,-936097000.0,0.0,-12038000.0,-0.6213,-75044000.0,-106318000.0,BALANCED,-31.5325
2018-05-21,TNA,TNA,-20461000.0,81.83,0.0198,-956558000.0,0.0,-20461000.0,-1.3556,-80213000.0,-112515000.0,BALANCED,-51.8897
2018-05-22,TNA,TNA,-20003000.0,80.0,-0.0224,-976561000.0,0.0,-20003000.0,-1.2224,-100216000.0,-132518000.0,BALANCED,-50.5592
2018-05-23,TNA,TNA,-8035000.0,80.34,0.0042,-984596000.0,0.0,-8035000.0,-0.0922,-88555000.0,-140553000.0,BALANCED,-24.3051
2018-05-24,TNA,TNA,12066000.0,80.43,0.0011,-972530000.0,12066000.0,0.0,1.7285,-48471000.0,-139093000.0,ACCUMULATION,35.2116
2018-05-25,TNA,TNA,0.0,80.15,-0.0035,-972530000.0,0.0,0.0,0.5661,-36433000.0,-139093000.0,BALANCED,4.1533
2018-05-29,TNA,TNA,11954000.0,79.68,-0.0058,-960576000.0,11954000.0,0.0,1.592,-4018000.0,-127139000.0,ACCUMULATION,31.7992
2018-05-30,TNA,TNA,8331000.0,83.3,0.0455,-952245000.0,8331000.0,0.0,1.178,24316000.0,-122288000.0,BALANCED,43.4499
2018-05-31,TNA,TNA,-20300000.0,81.19,-0.0254,-972545000.0,0.0,-20300000.0,-1.2976,12051000.0,-153125000.0,BALANCED,-24.4411
2018-06-01,TNA,TNA,4160000.0,83.2,0.0247,-968385000.0,4160000.0,0.0,0.7722,4145000.0,-148965000.0,BALANCED,31.306
2018-06-04,TNA,TNA,0.0,84.1,0.0109,-968385000.0,0.0,0.0,0.4064,4145000.0,-152547000.0,BALANCED,20.159
2018-06-05,TNA,TNA,0.0,85.78,0.02,-968385000.0,0.0,0.0,0.3684,-7809000.0,-137853000.0,BALANCED,-0.7896
2018-06-06,TNA,TNA,0.0,87.55,0.0206,-968385000.0,0.0,0.0,0.3684,-16140000.0,-126676000.0,BALANCED,-0.7896
2018-06-07,TNA,TNA,-43124000.0,86.24,-0.015,-1011509000.0,0.0,-43124000.0,-2.828,-38964000.0,-169800000.0,DISTRIBUTION,-82.6994
2018-06-08,TNA,TNA,0.0,86.96,0.0084,-1011509000.0,0.0,0.0,0.4578,-43124000.0,-169800000.0,BALANCED,1.4441
2018-06-11,TNA,TNA,0.0,87.3,0.0039,-1011509000.0,0.0,0.0,0.4578,-43124000.0,-150456000.0,BALANCED,1.4441
2018-06-12,TNA,TNA,0.0,88.49,0.0136,-1011509000.0,0.0,0.0,0.4578,-43124000.0,-135164000.0,BALANCED,1.4441
2018-06-13,TNA,TNA,0.0,87.54,-0.0107,-1011509000.0,0.0,0.0,0.4693,-43124000.0,-135164000.0,BALANCED,1.7327
2018-06-14,TNA,TNA,-8890000.0,88.89,0.0154,-1020399000.0,0.0,-8890000.0,-0.175,-8890000.0,-124358000.0,BALANCED,-16.376
2018-06-15,TNA,TNA,-13317000.0,88.77,-0.0014,-1033716000.0,0.0,-13317000.0,-0.4937,-22207000.0,-109657000.0,BALANCED,-26.3418
2018-06-18,TNA,TNA,-18021000.0,90.09,0.0149,-1051737000.0,0.0,-18021000.0,-0.8133,-40228000.0,-115640000.0,BALANCED,-36.3334
2018-06-19,TNA,TNA,-4511000.0,90.22,0.0014,-1056248000.0,0.0,-4511000.0,0.2423,-44739000.0,-99690000.0,BALANCED,-11.9428
2018-06-20,TNA,TNA,0.0,92.38,0.0239,-1056248000.0,0.0,0.0,0.5726,-44739000.0,-79687000.0,BALANCED,4.3149
2018-06-21,TNA,TNA,8952000.0,89.51,-0.031,-1047296000.0,8952000.0,0.0,1.2377,-26897000.0,-62700000.0,BALANCED,22.942
2018-06-22,TNA,TNA,-8888000.0,88.87,-0.0072,-1056184000.0,0.0,-8888000.0,-0.1368,-22468000.0,-83654000.0,BALANCED,-15.4207
2018-06-25,TNA,TNA,16888000.0,84.43,-0.0499,-1039296000.0,16888000.0,0.0,1.7268,12441000.0,-66766000.0,ACCUMULATION,55.1699
2018-06-26,TNA,TNA,0.0,86.06,0.0193,-1039296000.0,0.0,0.0,0.4133,16952000.0,-78720000.0,BALANCED,20.3325
2018-06-27,TNA,TNA,0.0,81.75,-0.0501,-1039296000.0,0.0,0.0,0.4133,16952000.0,-87051000.0,BALANCED,20.3325
2018-06-28,TNA,TNA,20634000.0,82.53,0.0095,-1018662000.0,20634000.0,0.0,1.8065,28634000.0,-46117000.0,ACCUMULATION,57.1635
2018-06-29,TNA,TNA,24675000.0,82.24,-0.0034,-993987000.0,24675000.0,0.0,1.9447,62197000.0,-25602000.0,ACCUMULATION,62.6171
2018-07-02,TNA,TNA,25209000.0,84.02,0.0216,-968778000.0,25209000.0,0.0,1.797,70518000.0,-393000.0,ACCUMULATION,60.9262
2018-07-03,TNA,TNA,8486000.0,84.85,0.0099,-960292000.0,8486000.0,0.0,0.6037,79004000.0,8093000.0,BALANCED,33.0929
2018-07-05,TNA,TNA,-8778000.0,87.77,0.0343,-969070000.0,0.0,-8778000.0,-0.6511,70226000.0,-685000.0,BALANCED,-8.2782
2018-07-06,TNA,TNA,-13502000.0,90.0,0.0255,-982572000.0,0.0,-13502000.0,-0.9684,36090000.0,28937000.0,BALANCED,-18.2096
2018-07-09,TNA,TNA,-50429000.0,91.68,0.0186,-1033001000.0,0.0,-50429000.0,-2.9204,-39014000.0,-21492000.0,DISTRIBUTION,-89.0093
2018-07-10,TNA,TNA,-4513000.0,90.25,-0.0155,-1037514000.0,0.0,-4513000.0,-0.1416,-68736000.0,-26005000.0,BALANCED,-21.5388
2018-07-11,TNA,TNA,-22066000.0,88.25,-0.0222,-1059580000.0,0.0,-22066000.0,-1.1208,-99288000.0,-48071000.0,BALANCED,-48.0206
2018-07-12,TNA,TNA,4468000.0,89.35,0.0125,-1055112000.0,4468000.0,0.0,0.4739,-86042000.0,-43603000.0,BALANCED,3.8465
2018-07-13,TNA,TNA,4438000.0,88.75,-0.0068,-1050674000.0,4438000.0,0.0,0.4291,-68102000.0,-30275000.0,BALANCED,4.7277
2018-07-16,TNA,TNA,13120000.0,87.45,-0.0146,-1037554000.0,13120000.0,0.0,0.9282,-4553000.0,-3838000.0,BALANCED,19.2047
2018-07-17,TNA,TNA,17753000.0,88.76,0.0149,-1019801000.0,17753000.0,0.0,1.1441,17713000.0,31936000.0,BALANCED,46.6019
2018-07-18,TNA,TNA,0.0,89.48,0.0081,-1019801000.0,0.0,0.0,0.1007,39779000.0,36447000.0,BALANCED,12.5181
2018-07-19,TNA,TNA,13659000.0,91.05,0.0176,-1006142000.0,13659000.0,0.0,0.8651,48970000.0,50106000.0,BALANCED,33.6271
2018-07-20,TNA,TNA,-18044000.0,90.21,-0.0092,-1024186000.0,0.0,-18044000.0,-1.1237,26488000.0,23110000.0,BALANCED,-20.0926
2018-07-23,TNA,TNA,-18096000.0,90.47,0.0029,-1042282000.0,0.0,-18096000.0,-1.0663,-4728000.0,13902000.0,BALANCED,-40.6567
2018-07-24,TNA,TNA,-13134000.0,87.55,-0.0323,-1055416000.0,0.0,-13134000.0,-0.7222,-35615000.0,-16120000.0,BALANCED,-34.0554
2018-07-25,TNA,TNA,13255000.0,88.35,0.0092,-1042161000.0,13255000.0,0.0,0.8716,-22360000.0,-2865000.0,BALANCED,13.7895
2018-07-26,TNA,TNA,17983000.0,89.91,0.0176,-1024178000.0,17983000.0,0.0,1.0992,-18036000.0,15118000.0,BALANCED,21.4805
2018-07-27,TNA,TNA,0.0,84.8,-0.0568,-1024178000.0,0.0,0.0,0.0076,8000.0,-5516000.0,BALANCED,10.1889
2018-07-30,TNA,TNA,16645000.0,83.22,-0.0186,-1007533000.0,16645000.0,0.0,0.9418,34749000.0,-13546000.0,BALANCED,35.5445
2018-07-31,TNA,TNA,21464000.0,85.85,0.0316,-986069000.0,21464000.0,0.0,1.1499,69347000.0,-17291000.0,BALANCED,42.7469
2018-08-01,TNA,TNA,-8563000.0,85.62,-0.0026,-994632000.0,0.0,-8563000.0,-0.6307,47529000.0,-34340000.0,BALANCED,-7.7663
2018-08-02,TNA,TNA,4379000.0,87.58,0.0228,-990253000.0,4379000.0,0.0,0.1294,33925000.0,-21183000.0,BALANCED,15.236
2018-08-03,TNA,TNA,-4314000.0,86.28,-0.0148,-994567000.0,0.0,-4314000.0,-0.3608,29611000.0,-11995000.0,BALANCED,-1.0212
2018-08-06,TNA,TNA,8792000.0,87.91,0.0189,-985775000.0,8792000.0,0.0,0.3848,21758000.0,47226000.0,BALANCED,21.6196
2018-08-07,TNA,TNA,-13281000.0,88.53,0.0071,-999056000.0,0.0,-13281000.0,-0.8729,-12987000.0,38458000.0,BALANCED,-33.8213
2018-08-08,TNA,TNA,-8831000.0,88.3,-0.0026,-1007887000.0,0.0,-8831000.0,-0.5861,-13255000.0,51693000.0,BALANCED,-28.6523
2018-08-09,TNA,TNA,0.0,88.94,0.0072,-1007887000.0,0.0,0.0,-0.0621,-17634000.0,47225000.0,BALANCED,-11.553
2018-08-10,TNA,TNA,-26476000.0,88.24,-0.0078,-1034363000.0,0.0,-26476000.0,-1.5126,-39796000.0,16311000.0,DISTRIBUTION,-49.8141
2018-08-13,TNA,TNA,0.0,86.48,-0.02,-1034363000.0,0.0,0.0,0.0816,-48588000.0,3191000.0,BALANCED,-7.9592
2018-08-14,TNA,TNA,0.0,89.15,0.0309,-1034363000.0,0.0,0.0,0.1392,-35307000.0,-14562000.0,BALANCED,-6.5212
2018-08-15,TNA,TNA,-12857000.0,85.7,-0.0387,-1047220000.0,0.0,-12857000.0,-0.6346,-39333000.0,-27419000.0,BALANCED,-27.8649
2018-08-16,TNA,TNA,30818000.0,88.04,0.0273,-1016402000.0,30818000.0,0.0,1.9274,-8515000.0,-10260000.0,ACCUMULATION,40.1851
2018-08-17,TNA,TNA,-31204000.0,89.15,0.0125,-1047606000.0,0.0,-31204000.0,-1.6558,-13243000.0,-23420000.0,DISTRIBUTION,-53.3952
2018-08-20,TNA,TNA,-9003000.0,90.02,0.0098,-1056609000.0,0.0,-9003000.0,-0.5455,-22246000.0,-14327000.0,BALANCED,-27.638
2018-08-21,TNA,TNA,9310000.0,93.09,0.0341,-1047299000.0,9310000.0,0.0,0.6359,-12936000.0,8117000.0,BALANCED,7.8968
2018-08-22,TNA,TNA,-37524000.0,93.8,0.0077,-1084823000.0,0.0,-37524000.0,-2.2715,-37603000.0,-42662000.0,DISTRIBUTION,-68.7875
2018-08-23,TNA,TNA,0.0,92.91,-0.0095,-1084823000.0,0.0,0.0,0.0614,-68421000.0,-60645000.0,BALANCED,-8.464
2018-08-24,TNA,TNA,-14143000.0,94.28,0.0148,-1098966000.0,0.0,-14143000.0,-0.7708,-51360000.0,-74788000.0,BALANCED,-31.2706
2018-08-27,TNA,TNA,-33152000.0,94.71,0.0046,-1132118000.0,0.0,-33152000.0,-1.7655,-75509000.0,-124585000.0,DISTRIBUTION,-58.1374
2018-08-28,TNA,TNA,-14212000.0,94.74,0.0003,-1146330000.0,0.0,-14212000.0,-0.6008,-99031000.0,-160261000.0,BALANCED,-31.0204
2018-08-29,TNA,TNA,-4787000.0,95.73,0.0105,-1151117000.0,0.0,-4787000.0,-0.0247,-66294000.0,-156485000.0,BALANCED,-18.6166
2018-08-30,TNA,TNA,0.0,95.39,-0.0036,-1151117000.0,0.0,0.0,0.2967,-66294000.0,-160864000.0,BALANCED,-2.5829
2018-08-31,TNA,TNA,-4836000.0,96.71,0.0138,-1155953000.0,0.0,-4836000.0,-0.0276,-56987000.0,-161386000.0,BALANCED,-12.6892
2018-09-04,TNA,TNA,-4773000.0,95.46,-0.0129,-1160726000.0,0.0,-4773000.0,-0.0519,-28608000.0,-174951000.0,BALANCED,-15.298
2018-09-05,TNA,TNA,4727000.0,94.53,-0.0097,-1155999000.0,4727000.0,0.0,0.5092,-9669000.0,-156943000.0,BALANCED,4.7311
2018-09-06,TNA,TNA,4621000.0,92.41,-0.0224,-1151378000.0,4621000.0,0.0,0.5285,-261000.0,-143491000.0,BALANCED,7.2133
2018-09-07,TNA,TNA,4610000.0,92.18,-0.0025,-1146768000.0,4610000.0,0.0,0.573,4349000.0,-138881000.0,BALANCED,30.3245
2018-09-10,TNA,TNA,18564000.0,92.81,0.0068,-1128204000.0,18564000.0,0.0,1.4016,27749000.0,-93841000.0,BALANCED,53.0408
2018-09-11,TNA,TNA,0.0,93.0,0.0021,-1128204000.0,0.0,0.0,0.2634,32522000.0,-93841000.0,BALANCED,16.5848
2018-09-12,TNA,TNA,4626000.0,92.52,-0.0052,-1123578000.0,4626000.0,0.0,0.6309,32421000.0,-89215000.0,BALANCED,27.7732
2018-09-13,TNA,TNA,9241000.0,92.4,-0.0013,-1114337000.0,9241000.0,0.0,0.8946,37041000.0,-67117000.0,BALANCED,36.3646
2018-09-14,TNA,TNA,9356000.0,93.55,0.0125,-1104981000.0,9356000.0,0.0,0.8837,41787000.0,-88579000.0,BALANCED,38.0926
2018-09-17,TNA,TNA,-18119000.0,90.59,-0.0317,-1123100000.0,0.0,-18119000.0,-0.9137,5104000.0,-75494000.0,BALANCED,-14.8419
2018-09-18,TNA,TNA,4588000.0,91.75,0.0129,-1118512000.0,4588000.0,0.0,0.5994,9692000.0,-61903000.0,BALANCED,26.9854
2018-09-19,TNA,TNA,13577000.0,90.5,-0.0136,-1104935000.0,13577000.0,0.0,1.119,18643000.0,-57636000.0,BALANCED,41.9743
2018-09-20,TNA,TNA,18643000.0,93.21,0.0299,-1086292000.0,18643000.0,0.0,1.3476,28045000.0,-1469000.0,BALANCED,49.6888
2018-09-21,TNA,TNA,-18377000.0,91.88,-0.0143,-1104669000.0,0.0,-18377000.0,-0.9455,312000.0,-19846000.0,BALANCED,-15.6379
2018-09-24,TNA,TNA,9077000.0,90.76,-0.0121,-1095592000.0,9077000.0,0.0,0.7148,27508000.0,3374000.0,BALANCED,29.8711
2018-09-25,TNA,TNA,22820000.0,91.27,0.0057,-1072772000.0,22820000.0,0.0,1.4876,45740000.0,59346000.0,BALANCED,51.19
2018-09-26,TNA,TNA,-4428000.0,88.55,-0.0298,-1077200000.0,0.0,-4428000.0,-0.1851,27735000.0,69130000.0,BALANCED,3.3728
2018-09-27,TNA,TNA,8851000.0,88.5,-0.0006,-1068349000.0,8851000.0,0.0,0.5911,17943000.0,82768000.0,BALANCED,26.7772
2018-09-28,TNA,TNA,13411000.0,89.4,0.0102,-1054938000.0,13411000.0,0.0,0.9615,49731000.0,96179000.0,BALANCED,38.0383
2018-10-01,TNA,TNA,12855000.0,85.69,-0.0414,-1042083000.0,12855000.0,0.0,0.8799,53509000.0,113870000.0,BALANCED,37.9971
2018-10-02,TNA,TNA,33225000.0,83.05,-0.0308,-1008858000.0,33225000.0,0.0,2.0417,63914000.0,151868000.0,ACCUMULATION,69.0413
2018-10-03,TNA,TNA,25598000.0,85.32,0.0272,-983260000.0,25598000.0,0.0,1.462,93940000.0,172739000.0,BALANCED,56.5492
2018-10-04,TNA,TNA,20402000.0,81.6,-0.0436,-962858000.0,20402000.0,0.0,1.1247,105491000.0,188520000.0,BALANCED,50.1168
2018-10-05,TNA,TNA,23813000.0,79.37,-0.0274,-939045000.0,23813000.0,0.0,1.2686,115893000.0,207723000.0,BALANCED,55.7155
2018-10-08,TNA,TNA,23686000.0,78.94,-0.0053,-915359000.0,23686000.0,0.0,1.1807,126724000.0,212845000.0,BALANCED,55.5171
2018-10-09,TNA,TNA,19467000.0,77.86,-0.0137,-895892000.0,19467000.0,0.0,0.8862,112966000.0,232312000.0,BALANCED,50.1553
2018-10-10,TNA,TNA,7117000.0,71.16,-0.0861,-888775000.0,7117000.0,0.0,-0.1184,94485000.0,234803000.0,BALANCED,27.0403
2018-10-11,TNA,TNA,36895000.0,67.07,-0.0574,-851880000.0,36895000.0,0.0,2.0451,110978000.0,262457000.0,ACCUMULATION,81.1283
2018-10-12,TNA,TNA,13439000.0,67.19,0.0017,-838441000.0,13439000.0,0.0,0.2313,100604000.0,266540000.0,BALANCED,35.783
2018-10-15,TNA,TNA,54400000.0,67.99,0.012,-784041000.0,54400000.0,0.0,2.8022,131318000.0,339059000.0,ACCUMULATION,100.0
2018-10-16,TNA,TNA,25819000.0,73.76,0.0848,-758222000.0,25819000.0,0.0,0.8368,137670000.0,360290000.0,BALANCED,50.9208
2018-10-17,TNA,TNA,7276000.0,72.75,-0.0137,-750946000.0,7276000.0,0.0,-0.4213,137829000.0,353989000.0,BALANCED,19.4665
2018-10-18,TNA,TNA,10315000.0,68.76,-0.0549,-740631000.0,10315000.0,0.0,-0.2298,111249000.0,345661000.0,BALANCED,24.2554
2018-10-19,TNA,TNA,0.0,66.31,-0.0357,-740631000.0,0.0,0.0,-0.9137,97810000.0,364038000.0,BALANCED,-12.843
2018-10-22,TNA,TNA,6595000.0,65.94,-0.0055,-734036000.0,6595000.0,0.0,-0.441,50005000.0,361556000.0,BALANCED,0.9739
2018-10-23,TNA,TNA,19278000.0,64.25,-0.0257,-714758000.0,19278000.0,0.0,0.3748,43464000.0,358014000.0,BALANCED,23.3699
2018-10-24,TNA,TNA,2847000.0,56.94,-0.1138,-711911000.0,2847000.0,0.0,-0.7395,39035000.0,365289000.0,BALANCED,-2.4865
2018-10-25,TNA,TNA,15158000.0,60.62,0.0647,-696753000.0,15158000.0,0.0,0.0843,43878000.0,371596000.0,BALANCED,20.1086
2018-10-26,TNA,TNA,17581000.0,58.59,-0.0335,-679172000.0,17581000.0,0.0,0.2309,61459000.0,375766000.0,BALANCED,25.7714
2018-10-29,TNA,TNA,0.0,57.77,-0.0141,-679172000.0,0.0,0.0,-1.0854,54864000.0,362911000.0,BALANCED,-17.135
2018-10-30,TNA,TNA,6126000.0,61.25,0.0602,-673046000.0,6126000.0,0.0,-0.6416,41712000.0,335812000.0,BALANCED,-4.0389
2018-10-31,TNA,TNA,0.0,61.78,0.0087,-673046000.0,0.0,0.0,-1.0384,38865000.0,310214000.0,BALANCED,-15.9607
2018-11-01,TNA,TNA,29670000.0,65.92,0.0671,-643376000.0,29670000.0,0.0,1.0554,53377000.0,319482000.0,BALANCED,38.3848
2018-11-02,TNA,TNA,0.0,66.34,0.0063,-643376000.0,0.0,0.0,-1.1837,35796000.0,295669000.0,BALANCED,-19.5931
2018-11-05,TNA,TNA,-19878000.0,66.25,-0.0013,-663254000.0,0.0,-19878000.0,-2.3704,15918000.0,252105000.0,DISTRIBUTION,-51.2588
2018-11-06,TNA,TNA,0.0,67.33,0.0162,-663254000.0,0.0,0.0,-0.9345,9792000.0,232638000.0,BALANCED,-13.3619
2018-11-07,TNA,TNA,0.0,70.75,0.0508,-663254000.0,0.0,0.0,-0.9555,9792000.0,225521000.0,BALANCED,-13.8885
2018-11-08,TNA,TNA,17557000.0,70.22,-0.0075,-645697000.0,17557000.0,0.0,0.2405,-2321000.0,206183000.0,BALANCED,-1.9885
2018-11-09,TNA,TNA,0.0,66.34,-0.0552,-645697000.0,0.0,0.0,-0.931,-2321000.0,192744000.0,BALANCED,-33.2747
2018-11-12,TNA,TNA,-3120000.0,62.38,-0.0596,-648817000.0,0.0,-3120000.0,-1.0842,14437000.0,135224000.0,BALANCED,-19.1041
2018-11-13,TNA,TNA,-6187000.0,61.86,-0.0083,-655004000.0,0.0,-6187000.0,-1.2091,8250000.0,103218000.0,BALANCED,-24.2286
2018-11-14,TNA,TNA,0.0,60.41,-0.0236,-655004000.0,0.0,0.0,-0.74,8250000.0,95942000.0,BALANCED,-8.4996
2018-11-15,TNA,TNA,3151000.0,63.02,0.0432,-651853000.0,3151000.0,0.0,-0.4895,-6156000.0,88778000.0,BALANCED,-20.2373
2018-11-16,TNA,TNA,0.0,63.43,0.0065,-651853000.0,0.0,0.0,-0.6542,-6156000.0,88778000.0,BALANCED,-26.3551
2018-11-19,TNA,TNA,0.0,59.56,-0.0609,-651853000.0,0.0,0.0,-0.6064,-3036000.0,82183000.0,BALANCED,-25.1611
2018-11-20,TNA,TNA,19684000.0,56.23,-0.0559,-632169000.0,19684000.0,0.0,0.7518,22835000.0,82589000.0,BALANCED,30.7954
2018-11-21,TNA,TNA,32157000.0,58.46,0.0396,-600012000.0,32157000.0,0.0,1.4924,54992000.0,111899000.0,BALANCED,51.309
2018-11-23,TNA,TNA,-5844000.0,58.43,-0.0005,-605856000.0,0.0,-5844000.0,-0.9728,45997000.0,90897000.0,BALANCED,-16.319
2018-11-26,TNA,TNA,-6052000.0,60.51,0.0355,-611908000.0,0.0,-6052000.0,-0.9297,39945000.0,67264000.0,BALANCED,-17.2429
2018-11-27,TNA,TNA,0.0,58.94,-0.026,-611908000.0,0.0,0.0,-0.4903,39945000.0,67264000.0,BALANCED,-2.257
2018-11-28,TNA,TNA,0.0,63.36,0.075,-611908000.0,0.0,0.0,-0.439,20261000.0,61138000.0,BALANCED,-0.975
2018-11-29,TNA,TNA,6278000.0,62.77,-0.0092,-605630000.0,6278000.0,0.0,0.1292,-5618000.0,67416000.0,BALANCED,-4.7711
2018-11-30,TNA,TNA,-3187000.0,63.74,0.0154,-608817000.0,0.0,-3187000.0,-0.68,-2961000.0,34559000.0,BALANCED,-29.0006
2018-12-03,TNA,TNA,-6567000.0,65.66,0.0302,-615384000.0,0.0,-6567000.0,-0.9506,-3476000.0,27992000.0,BALANCED,-37.7641
2018-12-04,TNA,TNA,0.0,57.02,-0.1316,-615384000.0,0.0,0.0,-0.3495,-3476000.0,47870000.0,BALANCED,-18.7378
2018-12-06,TNA,TNA,22661000.0,56.64,-0.0066,-592723000.0,22661000.0,0.0,1.6183,19185000.0,70531000.0,ACCUMULATION,52.4569
2018-12-07,TNA,TNA,0.0,53.2,-0.061,-592723000.0,0.0,0.0,-0.3451,12907000.0,70531000.0,BALANCED,1.3719
2018-12-10,TNA,TNA,5266000.0,52.66,-0.0101,-587457000.0,5266000.0,0.0,0.1434,21360000.0,58240000.0,BALANCED,15.5838
2018-12-11,TNA,TNA,7855000.0,52.37,-0.0056,-579602000.0,7855000.0,0.0,0.4107,35782000.0,66095000.0,BALANCED,24.2687
2018-12-12,TNA,TNA,0.0,54.0,0.0311,-579602000.0,0.0,0.0,-0.3005,35782000.0,69215000.0,BALANCED,2.4864
2018-12-13,TNA,TNA,18048000.0,51.57,-0.045,-561554000.0,18048000.0,0.0,1.2618,31169000.0,93450000.0,BALANCED,43.5458
2018-12-14,TNA,TNA,14757000.0,49.19,-0.046,-546797000.0,14757000.0,0.0,0.9165,45926000.0,108207000.0,BALANCED,36.9124
2018-12-17,TNA,TNA,2290000.0,45.81,-0.0688,-544507000.0,2290000.0,0.0,-0.0962,42950000.0,107346000.0,BALANCED,13.5962
2018-12-18,TNA,TNA,29697000.0,45.69,-0.0026,-514810000.0,29697000.0,0.0,2.2115,64792000.0,137043000.0,ACCUMULATION,73.2876
2018-12-19,TNA,TNA,8577000.0,42.89,-0.0613,-506233000.0,8577000.0,0.0,0.3164,73369000.0,145620000.0,BALANCED,27.911
2018-12-20,TNA,TNA,8139000.0,40.69,-0.0511,-498094000.0,8139000.0,0.0,0.2501,63460000.0,134075000.0,BALANCED,28.253
2018-12-21,TNA,TNA,13137000.0,37.53,-0.0776,-484957000.0,13137000.0,0.0,0.6808,61840000.0,115055000.0,BALANCED,41.0211
2018-12-24,TNA,TNA,1767000.0,35.34,-0.0586,-483190000.0,1767000.0,0.0,-0.3524,61317000.0,122666000.0,BALANCED,17.1912
2018-12-26,TNA,TNA,0.0,40.55,0.1477,-483190000.0,0.0,0.0,-0.5229,31620000.0,128718000.0,BALANCED,-3.0733
2018-12-27,TNA,TNA,24402000.0,40.67,0.0062,-458788000.0,24402000.0,0.0,1.675,47445000.0,153120000.0,ACCUMULATION,53.8758
2018-12-28,TNA,TNA,12367000.0,41.22,0.0136,-446421000.0,12367000.0,0.0,0.5121,51673000.0,165487000.0,BALANCED,26.8013
2018-12-31,TNA,TNA,4219000.0,42.19,0.0236,-442202000.0,4219000.0,0.0,-0.2736,42755000.0,163428000.0,BALANCED,9.16
2019-01-02,TNA,TNA,0.0,42.88,0.0164,-442202000.0,0.0,0.0,-0.6616,40988000.0,166615000.0,BALANCED,-6.5411
2019-01-03,TNA,TNA,0.0,40.52,-0.0551,-442202000.0,0.0,0.0,-0.6616,40988000.0,173182000.0,BALANCED,-6.5411
2019-01-04,TNA,TNA,-22528000.0,45.06,0.1119,-464730000.0,0.0,-22528000.0,-2.4369,-5942000.0,150654000.0,DISTRIBUTION,-72.9233
2019-01-07,TNA,TNA,-45079000.0,47.45,0.0532,-509809000.0,0.0,-45079000.0,-3.3211,-63388000.0,82914000.0,DISTRIBUTION,-97.0283
2019-01-08,TNA,TNA,-9920000.0,49.6,0.0453,-519729000.0,0.0,-9920000.0,-0.8983,-77527000.0,72994000.0,BALANCED,-38.4575
2019-01-09,TNA,TNA,0.0,50.86,0.0255,-519729000.0,0.0,0.0,-0.2059,-77527000.0,67728000.0,BALANCED,-15.1487
2019-01-10,TNA,TNA,-12894000.0,51.58,0.0141,-532623000.0,0.0,-12894000.0,-1.0984,-90421000.0,46979000.0,BALANCED,-39.459
2019-01-11,TNA,TNA,-12932000.0,51.73,0.0029,-545555000.0,0.0,-12932000.0,-1.05,-80825000.0,34047000.0,BALANCED,-40.2491
2019-01-14,TNA,TNA,-5016000.0,50.16,-0.0302,-550571000.0,0.0,-5016000.0,-0.4877,-40762000.0,10983000.0,BALANCED,-28.1914
2019-01-15,TNA,TNA,0.0,51.45,0.0257,-550571000.0,0.0,0.0,-0.1269,-30842000.0,-3774000.0,BALANCED,-13.1729
2019-01-16,TNA,TNA,0.0,52.48,0.02,-550571000.0,0.0,0.0,-0.1345,-30842000.0,-6064000.0,BALANCED,-13.3627
2019-01-17,TNA,TNA,-2692000.0,53.85,0.026,-553263000.0,0.0,-2692000.0,-0.3314,-20640000.0,-38453000.0,BALANCED,-20.2843
2019-01-18,TNA,TNA,-2774000.0,55.48,0.0304,-556037000.0,0.0,-2774000.0,-0.3301,-10482000.0,-49804000.0,BALANCED,-22.2531
2019-01-22,TNA,TNA,-10539000.0,52.7,-0.0503,-566576000.0,0.0,-10539000.0,-0.8138,-16005000.0,-68482000.0,BALANCED,-36.3443
2019-01-23,TNA,TNA,-23545000.0,52.32,-0.0071,-590121000.0,0.0,-23545000.0,-1.6061,-39550000.0,-105164000.0,DISTRIBUTION,-58.1515
2019-01-24,TNA,TNA,-8007000.0,53.38,0.0203,-598128000.0,0.0,-8007000.0,-0.5186,-47557000.0,-114938000.0,BALANCED,-32.9661
2019-01-25,TNA,TNA,-8307000.0,55.38,0.0375,-606435000.0,0.0,-8307000.0,-0.503,-53172000.0,-123245000.0,BALANCED,-34.5744
2019-01-28,TNA,TNA,-5436000.0,54.36,-0.0185,-611871000.0,0.0,-5436000.0,-0.2954,-55834000.0,-153083000.0,BALANCED,-31.3857
2019-01-29,TNA,TNA,-10818000.0,54.09,-0.005,-622689000.0,0.0,-10818000.0,-0.6095,-56113000.0,-176268000.0,BALANCED,-41.2365
2019-01-30,TNA,TNA,-11161000.0,55.81,0.0318,-633850000.0,0.0,-11161000.0,-0.5841,-43729000.0,-191648000.0,BALANCED,-42.6034
2019-01-31,TNA,TNA,0.0,57.21,0.0252,-633850000.0,0.0,0.0,0.211,-35722000.0,-191648000.0,BALANCED,-4.7258
2019-02-01,TNA,TNA,0.0,57.46,0.0043,-633850000.0,0.0,0.0,0.312,-27415000.0,-191648000.0,BALANCED,-2.2
2019-02-04,TNA,TNA,2964000.0,59.28,0.0317,-630886000.0,2964000.0,0.0,0.5665,-19015000.0,-166156000.0,BALANCED,6.1617
2019-02-05,TNA,TNA,-5957000.0,59.57,0.0048,-636843000.0,0.0,-5957000.0,-0.1078,-14154000.0,-127034000.0,BALANCED,-14.6956
2019-02-06,TNA,TNA,0.0,59.31,-0.0043,-636843000.0,0.0,0.0,0.4245,-2993000.0,-117114000.0,BALANCED,0.6114
2019-02-07,TNA,TNA,0.0,57.86,-0.0244,-636843000.0,0.0,0.0,0.4305,-2993000.0,-117114000.0,BALANCED,0.7625
2019-02-08,TNA,TNA,-5794000.0,57.94,0.0015,-642637000.0,0.0,-5794000.0,-0.0404,-8787000.0,-110014000.0,BALANCED,-13.0101
2019-02-11,TNA,TNA,0.0,59.39,0.0249,-642637000.0,0.0,0.0,0.5831,-11751000.0,-97082000.0,BALANCED,4.5776
2019-02-12,TNA,TNA,0.0,61.63,0.0378,-642637000.0,0.0,0.0,0.6548,-5794000.0,-92066000.0,BALANCED,6.3694
2019-02-13,TNA,TNA,-12438000.0,62.19,0.0091,-655075000.0,0.0,-12438000.0,-0.5434,-18232000.0,-104504000.0,BALANCED,-25.5838
2019-02-14,TNA,TNA,-3125000.0,62.51,0.0051,-658200000.0,0.0,-3125000.0,0.4171,-21357000.0,-107629000.0,BALANCED,-3.5735
2019-02-15,TNA,TNA,-19625000.0,65.42,0.0465,-677825000.0,0.0,-19625000.0,-1.1857,-35188000.0,-124562000.0,BALANCED,-45.6418
2019-02-19,TNA,TNA,-13209000.0,66.04,0.0096,-691034000.0,0.0,-13209000.0,-0.5906,-48397000.0,-134997000.0,BALANCED,-32.7651
2019-02-20,TNA,TNA,-46860000.0,66.94,0.0136,-737894000.0,0.0,-46860000.0,-3.9914,-95257000.0,-171318000.0,DISTRIBUTION,-100.0
2019-02-21,TNA,TNA,0.0,66.17,-0.0116,-737894000.0,0.0,0.0,0.733,-82819000.0,-147773000.0,BALANCED,8.3246
2019-02-22,TNA,TNA,-3397000.0,67.95,0.0269,-741291000.0,0.0,-3397000.0,0.4047,-83091000.0,-143163000.0,BALANCED,-1.8819
2019-02-25,TNA,TNA,0.0,67.82,-0.002,-741291000.0,0.0,0.0,0.7035,-63466000.0,-134856000.0,BALANCED,7.5873
2019-02-26,TNA,TNA,-3318000.0,66.36,-0.0214,-744609000.0,0.0,-3318000.0,0.337,-53575000.0,-132738000.0,BALANCED,-3.5745
2019-02-27,TNA,TNA,0.0,66.79,0.0064,-744609000.0,0.0,0.0,0.6524,-6715000.0,-121920000.0,BALANCED,6.3112
2019-02-28,TNA,TNA,0.0,66.11,-0.0101,-744609000.0,0.0,0.0,0.6524,-6715000.0,-110759000.0,BALANCED,6.3112
2019-03-01,TNA,TNA,0.0,67.88,0.0268,-744609000.0,0.0,0.0,0.6524,-3318000.0,-110759000.0,BALANCED,6.3112
2019-03-04,TNA,TNA,0.0,66.06,-0.0269,-744609000.0,0.0,0.0,0.6403,-3318000.0,-110759000.0,BALANCED,6.0083
2019-03-05,TNA,TNA,0.0,65.14,-0.0138,-744609000.0,0.0,0.0,0.6281,0.0,-113723000.0,BALANCED,15.7015
2019-03-06,TNA,TNA,3061000.0,61.22,-0.0602,-741548000.0,3061000.0,0.0,0.8791,3061000.0,-104705000.0,BALANCED,33.9779
2019-03-07,TNA,TNA,5965000.0,59.65,-0.0258,-735583000.0,5965000.0,0.0,1.1076,9026000.0,-98740000.0,BALANCED,41.6902
2019-03-08,TNA,TNA,0.0,59.46,-0.0031,-735583000.0,0.0,0.0,0.4683,9026000.0,-98740000.0,BALANCED,21.7084
2019-03-11,TNA,TNA,0.0,62.61,0.053,-735583000.0,0.0,0.0,0.4396,9026000.0,-92946000.0,BALANCED,20.9912
2019-03-12,TNA,TNA,0.0,62.72,0.0017,-735583000.0,0.0,0.0,0.4199,9026000.0,-92946000.0,BALANCED,20.4979
2019-03-13,TNA,TNA,0.0,63.45,0.0117,-735583000.0,0.0,0.0,0.3854,5965000.0,-92946000.0,BALANCED,19.6347
2019-03-14,TNA,TNA,6272000.0,62.72,-0.0115,-729311000.0,6272000.0,0.0,0.962,6272000.0,-74236000.0,BALANCED,36.0497
2019-03-15,TNA,TNA,0.0,63.18,0.0073,-729311000.0,0.0,0.0,0.3238,6272000.0,-71111000.0,BALANCED,18.0946
2019-03-18,TNA,TNA,0.0,64.43,0.0198,-729311000.0,0.0,0.0,0.3238,6272000.0,-51486000.0,BALANCED,18.0946
2019-03-19,TNA,TNA,0.0,63.35,-0.0169,-729311000.0,0.0,0.0,0.3355,6272000.0,-38277000.0,BALANCED,18.3879
2019-03-20,TNA,TNA,0.0,61.87,-0.0234,-729311000.0,0.0,0.0,0.3151,6272000.0,8583000.0,BALANCED,17.8768
2019-03-21,TNA,TNA,3210000.0,64.2,0.0377,-726101000.0,3210000.0,0.0,0.6289,3210000.0,11793000.0,BALANCED,27.7226
2019-03-22,TNA,TNA,0.0,57.2,-0.109,-726101000.0,0.0,0.0,0.3025,3210000.0,15190000.0,BALANCED,17.563
2019-03-25,TNA,TNA,55075000.0,57.97,0.0136,-671026000.0,55075000.0,0.0,3.8807,58285000.0,70265000.0,ACCUMULATION,100.0
2019-03-26,TNA,TNA,0.0,59.74,0.0304,-671026000.0,0.0,0.0,0.0656,58285000.0,73583000.0,BALANCED,11.6388
2019-03-27,TNA,TNA,-11806000.0,59.03,-0.0118,-682832000.0,0.0,-11806000.0,-0.7184,46479000.0,61777000.0,BALANCED,-9.959
2019-03-28,TNA,TNA,-3031000.0,60.62,0.0269,-685863000.0,0.0,-3031000.0,-0.139,40238000.0,58746000.0,BALANCED,2.5251
2019-03-29,TNA,TNA,-15288000.0,61.15,0.0088,-701151000.0,0.0,-15288000.0,-0.9456,24950000.0,43458000.0,BALANCED,-19.6406
2019-04-01,TNA,TNA,-3155000.0,63.1,0.0319,-704306000.0,0.0,-3155000.0,-0.1594,-33280000.0,40303000.0,BALANCED,-21.9862
2019-04-02,TNA,TNA,0.0,62.74,-0.0058,-704306000.0,0.0,0.0,0.0315,-33280000.0,40303000.0,BALANCED,-9.2134
2019-04-03,TNA,TNA,-6366000.0,63.66,0.0147,-710672000.0,0.0,-6366000.0,-0.6566,-27840000.0,30876000.0,BALANCED,-28.4152
2019-04-04,TNA,TNA,-16121000.0,64.48,0.0129,-726793000.0,0.0,-16121000.0,-1.4333,-40930000.0,8790000.0,BALANCED,-49.8328
2019-04-05,TNA,TNA,-16574000.0,66.3,0.0281,-743367000.0,0.0,-16574000.0,-1.3871,-42216000.0,-7784000.0,BALANCED,-50.6766
2019-04-08,TNA,TNA,-16466000.0,65.86,-0.0065,-759833000.0,0.0,-16466000.0,-1.2916,-55527000.0,-24250000.0,BALANCED,-50.2906
2019-04-09,TNA,TNA,6344000.0,63.44,-0.0368,-753489000.0,6344000.0,0.0,0.5388,-49183000.0,-17906000.0,BALANCED,5.4706
2019-04-10,TNA,TNA,3304000.0,66.08,0.0417,-750185000.0,3304000.0,0.0,0.2828,-39513000.0,-14602000.0,BALANCED,1.0699
2019-04-11,TNA,TNA,-16446000.0,65.78,-0.0045,-766631000.0,0.0,-16446000.0,-1.2379,-39838000.0,-37320000.0,BALANCED,-42.9476
2019-04-12,TNA,TNA,-33237000.0,66.47,0.0105,-799868000.0,0.0,-33237000.0,-2.2411,-56501000.0,-70557000.0,DISTRIBUTION,-70.0287
2019-04-15,TNA,TNA,0.0,65.77,-0.0106,-799868000.0,0.0,0.0,0.1315,-40035000.0,-70557000.0,BALANCED,-6.7128
2019-04-16,TNA,TNA,-9931000.0,66.21,0.0067,-809799000.0,0.0,-9931000.0,-0.551,-56310000.0,-80488000.0,BALANCED,-25.7743
2019-04-17,TNA,TNA,6431000.0,64.31,-0.0286,-803368000.0,6431000.0,0.0,0.6007,-53183000.0,-74057000.0,BALANCED,7.0166
2019-04-18,TNA,TNA,0.0,63.98,-0.0052,-803368000.0,0.0,0.0,0.1607,-36737000.0,-77267000.0,BALANCED,-5.983
2019-04-22,TNA,TNA,12662000.0,63.31,-0.0105,-790706000.0,12662000.0,0.0,1.0125,9162000.0,-64605000.0,BALANCED,37.3134
2019-04-23,TNA,TNA,0.0,66.31,0.0474,-790706000.0,0.0,0.0,0.1283,9162000.0,-119680000.0,BALANCED,13.2078
2019-04-24,TNA,TNA,-6673000.0,66.73,0.0062,-797379000.0,0.0,-6673000.0,-0.3216,12420000.0,-126353000.0,BALANCED,-0.0412
2019-04-25,TNA,TNA,3256000.0,65.12,-0.024,-794123000.0,3256000.0,0.0,0.3624,9245000.0,-111291000.0,BALANCED,21.059
2019-04-26,TNA,TNA,-20125000.0,67.08,0.0301,-814248000.0,0.0,-20125000.0,-1.1801,-10880000.0,-128385000.0,BALANCED,-41.5014
2019-04-29,TNA,TNA,-10190000.0,67.93,0.0127,-824438000.0,0.0,-10190000.0,-0.4773,-33732000.0,-123287000.0,BALANCED,-25.933
2019-04-30,TNA,TNA,0.0,67.01,-0.0136,-824438000.0,0.0,0.0,0.2156,-33732000.0,-120132000.0,BALANCED,-4.6092
2019-05-01,TNA,TNA,0.0,65.12,-0.0281,-824438000.0,0.0,0.0,0.2156,-27059000.0,-120132000.0,BALANCED,-4.6092
2019-05-02,TNA,TNA,9888000.0,65.92,0.0122,-814550000.0,9888000.0,0.0,0.855,-20427000.0,-103878000.0,BALANCED,13.3746
2019-05-03,TNA,TNA,-20938000.0,69.79,0.0588,-835488000.0,0.0,-20938000.0,-1.1377,-21240000.0,-108695000.0,BALANCED,-40.4414
2019-05-06,TNA,TNA,-10489000.0,69.92,0.0019,-845977000.0,0.0,-10489000.0,-0.4262,-21539000.0,-102610000.0,BALANCED,-24.6562
2019-05-07,TNA,TNA,0.0,65.69,-0.0605,-845977000.0,0.0,0.0,0.5591,-21539000.0,-86144000.0,BALANCED,3.9776
2019-05-08,TNA,TNA,-3238000.0,64.76,-0.0142,-849215000.0,0.0,-3238000.0,0.2602,-24777000.0,-95726000.0,BALANCED,-5.4961
2019-05-09,TNA,TNA,16035000.0,64.14,-0.0096,-833180000.0,16035000.0,0.0,1.9022,-18630000.0,-82995000.0,ACCUMULATION,39.5559
2019-05-10,TNA,TNA,-16127000.0,64.51,0.0057,-849307000.0,0.0,-16127000.0,-0.9501,-13819000.0,-82676000.0,BALANCED,-35.7514
2019-05-13,TNA,TNA,20419000.0,58.34,-0.0956,-828888000.0,20419000.0,0.0,2.0521,17089000.0,-29020000.0,ACCUMULATION,63.3014
2019-05-14,TNA,TNA,6064000.0,60.64,0.0394,-822824000.0,6064000.0,0.0,0.8228,23153000.0,-22956000.0,BALANCED,34.5697
2019-05-15,TNA,TNA,9186000.0,61.24,0.0099,-813638000.0,9186000.0,0.0,1.0357,35577000.0,-3839000.0,BALANCED,41.8929
2019-05-16,TNA,TNA,3116000.0,62.33,0.0178,-810522000.0,3116000.0,0.0,0.5182,22658000.0,-7154000.0,BALANCED,30.954
2019-05-17,TNA,TNA,-11945000.0,59.73,-0.0417,-822467000.0,0.0,-11945000.0,-0.7112,26840000.0,-19099000.0,BALANCED,-9.7797
2019-05-20,TNA,TNA,0.0,58.46,-0.0212,-822467000.0,0.0,0.0,0.2186,6421000.0,-31761000.0,BALANCED,15.4659
2019-05-21,TNA,TNA,12158000.0,60.79,0.0398,-810309000.0,12158000.0,0.0,1.1476,12515000.0,-19603000.0,BALANCED,40.691
2019-05-22,TNA,TNA,0.0,59.19,-0.0263,-810309000.0,0.0,0.0,0.1582,3329000.0,-12930000.0,BALANCED,13.9558
2019-05-23,TNA,TNA,5565000.0,55.65,-0.0598,-804744000.0,5565000.0,0.0,0.6148,5778000.0,-10621000.0,BALANCED,27.369
2019-05-24,TNA,TNA,0.0,57.06,0.0253,-804744000.0,0.0,0.0,0.1087,17723000.0,9504000.0,BALANCED,12.7167
2019-05-28,TNA,TNA,0.0,55.87,-0.0209,-804744000.0,0.0,0.0,0.0162,17723000.0,19694000.0,BALANCED,10.4059
2019-05-29,TNA,TNA,2716000.0,54.33,-0.0276,-802028000.0,2716000.0,0.0,0.2781,8281000.0,22410000.0,BALANCED,18.9525
2019-05-30,TNA,TNA,5386000.0,53.86,-0.0085,-796642000.0,5386000.0,0.0,0.5,13667000.0,27796000.0,BALANCED,26.4998
2019-05-31,TNA,TNA,0.0,51.66,-0.041,-796642000.0,0.0,0.0,-0.0228,8102000.0,17908000.0,BALANCED,9.4298
2019-06-03,TNA,TNA,-5214000.0,52.14,0.0093,-801856000.0,0.0,-5214000.0,-0.5328,2888000.0,33632000.0,BALANCED,-5.3205
2019-06-04,TNA,TNA,8434000.0,56.22,0.0784,-793422000.0,8434000.0,0.0,0.8767,11322000.0,52555000.0,BALANCED,33.9184
2019-06-05,TNA,TNA,0.0,56.06,-0.0029,-793422000.0,0.0,0.0,0.0093,8606000.0,52555000.0,BALANCED,10.2328
2019-06-06,TNA,TNA,0.0,55.69,-0.0066,-793422000.0,0.0,0.0,-0.0137,3220000.0,55793000.0,BALANCED,9.6581
2019-06-07,TNA,TNA,0.0,56.87,0.0212,-793422000.0,0.0,0.0,-0.0024,3220000.0,39758000.0,BALANCED,9.9393
2019-06-10,TNA,TNA,2895000.0,57.89,0.018,-790527000.0,2895000.0,0.0,0.2378,11329000.0,58780000.0,BALANCED,17.9444
2019-06-11,TNA,TNA,-5738000.0,57.38,-0.0089,-796265000.0,0.0,-5738000.0,-0.7679,-2843000.0,32623000.0,BALANCED,-31.1972
2019-06-12,TNA,TNA,2873000.0,57.47,0.0016,-793392000.0,2873000.0,0.0,0.2113,30000.0,29432000.0,BALANCED,17.2817
2019-06-13,TNA,TNA,0.0,59.32,0.0322,-793392000.0,0.0,0.0,-0.1189,30000.0,20246000.0,BALANCED,7.0264
2019-06-14,TNA,TNA,-25989000.0,57.75,-0.0264,-819381000.0,0.0,-25989000.0,-2.6265,-25959000.0,-8859000.0,DISTRIBUTION,-77.6626
2019-06-17,TNA,TNA,0.0,58.92,0.0202,-819381000.0,0.0,0.0,-0.0595,-28854000.0,3086000.0,BALANCED,-11.4885
2019-06-18,TNA,TNA,0.0,60.94,0.0342,-819381000.0,0.0,0.0,-0.101,-23116000.0,3086000.0,BALANCED,-12.5257
2019-06-19,TNA,TNA,3078000.0,61.56,0.0103,-816303000.0,3078000.0,0.0,0.2378,-22911000.0,-5994000.0,BALANCED,-2.0538
2019-06-20,TNA,TNA,9372000.0,62.48,0.0148,-806931000.0,9372000.0,0.0,0.8973,-13539000.0,3378000.0,BALANCED,16.4313
2019-06-21,TNA,TNA,0.0,60.8,-0.0269,-806931000.0,0.0,0.0,-0.1037,12450000.0,-2187000.0,BALANCED,7.4068
2019-06-24,TNA,TNA,5851000.0,58.51,-0.0376,-801080000.0,5851000.0,0.0,0.5412,18301000.0,3664000.0,BALANCED,25.5296
2019-06-25,TNA,TNA,2864000.0,57.29,-0.018,-798216000.0,2864000.0,0.0,0.2631,21165000.0,6528000.0,BALANCED,20.5785
2019-06-26,TNA,TNA,34141000.0,56.9,-0.0067,-764075000.0,34141000.0,0.0,3.4903,52228000.0,37953000.0,ACCUMULATION,100.0
2019-06-27,TNA,TNA,3010000.0,60.2,0.0579,-761065000.0,3010000.0,0.0,0.1379,45866000.0,35577000.0,BALANCED,21.4465
2019-06-28,TNA,TNA,-9374000.0,62.49,0.0381,-770439000.0,0.0,-9374000.0,-1.1467,36492000.0,26203000.0,BALANCED,-20.667
2019-07-01,TNA,TNA,-37750000.0,62.92,0.0068,-808189000.0,0.0,-37750000.0,-3.3137,-7109000.0,-6333000.0,DISTRIBUTION,-96.8434
2019-07-02,TNA,TNA,0.0,61.81,-0.0176,-808189000.0,0.0,0.0,-0.0413,-9973000.0,-14767000.0,BALANCED,-11.0314
2019-07-03,TNA,TNA,15791000.0,63.16,0.022,-792398000.0,15791000.0,0.0,1.3008,-28323000.0,1024000.0,BALANCED,24.5196
2019-07-05,TNA,TNA,0.0,63.57,0.0064,-792398000.0,0.0,0.0,-0.0511,-31333000.0,1024000.0,BALANCED,-11.2778
2019-07-08,TNA,TNA,0.0,61.82,-0.0275,-792398000.0,0.0,0.0,-0.0353,-21959000.0,1024000.0,BALANCED,-10.8836
2019-07-09,TNA,TNA,6197000.0,61.97,0.0024,-786201000.0,6197000.0,0.0,0.4772,21988000.0,4326000.0,BALANCED,23.9305
2019-07-10,TNA,TNA,0.0,62.27,0.0048,-786201000.0,0.0,0.0,-0.0529,21988000.0,10064000.0,BALANCED,8.6782
2019-07-11,TNA,TNA,3070000.0,61.4,-0.0139,-783131000.0,3070000.0,0.0,0.2087,9267000.0,10261000.0,BALANCED,17.2171
2019-07-12,TNA,TNA,0.0,62.8,0.0228,-783131000.0,0.0,0.0,-0.0386,9267000.0,10261000.0,BALANCED,9.0343
2019-07-15,TNA,TNA,0.0,61.81,-0.0158,-783131000.0,0.0,0.0,-0.0386,9267000.0,36250000.0,BALANCED,9.0343
2019-07-16,TNA,TNA,0.0,61.8,-0.0001,-783131000.0,0.0,0.0,-0.0538,3070000.0,36250000.0,BALANCED,8.656
2019-07-17,TNA,TNA,0.0,60.46,-0.0217,-783131000.0,0.0,0.0,-0.0298,3070000.0,36250000.0,BALANCED,9.2553
2019-07-18,TNA,TNA,6106000.0,61.06,0.0098,-777025000.0,6106000.0,0.0,0.4808,6106000.0,39278000.0,BALANCED,24.0192
2019-07-19,TNA,TNA,-30045000.0,60.09,-0.0158,-807070000.0,0.0,-30045000.0,-2.304,-23939000.0,-139000.0,DISTRIBUTION,-69.5999
2019-07-22,TNA,TNA,0.0,59.76,-0.0055,-807070000.0,0.0,0.0,0.0354,-23939000.0,-139000.0,BALANCED,-9.1144
2019-07-23,TNA,TNA,15232000.0,60.93,0.0196,-791838000.0,15232000.0,0.0,1.1618,-8707000.0,9242000.0,BALANCED,21.0461
2019-07-24,TNA,TNA,6392000.0,63.92,0.0491,-785446000.0,6392000.0,0.0,0.4585,-2315000.0,12770000.0,BALANCED,5.4637
2019-07-25,TNA,TNA,-6160000.0,61.61,-0.0362,-791606000.0,0.0,-6160000.0,-0.4713,-14581000.0,-27531000.0,BALANCED,-23.7821
2019-07-26,TNA,TNA,-3184000.0,63.68,0.0336,-794790000.0,0.0,-3184000.0,-0.2375,12280000.0,-33725000.0,BALANCED,0.0626
2019-07-29,TNA,TNA,-3123000.0,62.45,-0.0192,-797913000.0,0.0,-3123000.0,-0.3124,9157000.0,-27474000.0,BALANCED,-3.8088
2019-07-30,TNA,TNA,0.0,64.44,0.0318,-797913000.0,0.0,0.0,-0.0582,-6075000.0,10276000.0,BALANCED,-11.4557
2019-07-31,TNA,TNA,-15763000.0,63.05,-0.0215,-813676000.0,0.0,-15763000.0,-1.2609,-28230000.0,-5487000.0,BALANCED,-43.5213
2019-08-01,TNA,TNA,-9031000.0,60.21,-0.0451,-822707000.0,0.0,-9031000.0,-0.6916,-31101000.0,-30309000.0,BALANCED,-31.2891
2019-08-02,TNA,TNA,2910000.0,58.19,-0.0334,-819797000.0,2910000.0,0.0,0.2642,-25007000.0,-27399000.0,BALANCED,-1.3945
2019-08-05,TNA,TNA,5293000.0,52.93,-0.0905,-814504000.0,5293000.0,0.0,0.4373,-16591000.0,-22106000.0,BALANCED,4.9336
2019-08-06,TNA,TNA,49017000.0,54.46,0.029,-765487000.0,49017000.0,0.0,3.0807,32426000.0,20714000.0,ACCUMULATION,93.0169
2019-08-07,TNA,TNA,10865000.0,54.33,-0.0025,-754622000.0,10865000.0,0.0,0.6024,59054000.0,31579000.0,BALANCED,33.0597
2019-08-08,TNA,TNA,-20215000.0,57.76,0.0631,-774837000.0,0.0,-20215000.0,-1.3385,47870000.0,8294000.0,BALANCED,-25.4628
2019-08-09,TNA,TNA,-5557000.0,55.57,-0.0378,-780394000.0,0.0,-5557000.0,-0.3308,39403000.0,2737000.0,BALANCED,-2.2706
2019-08-12,TNA,TNA,0.0,53.54,-0.0365,-780394000.0,0.0,0.0,0.0225,34110000.0,2737000.0,BALANCED,10.5621
2019-08-13,TNA,TNA,5522000.0,55.22,0.0314,-774872000.0,5522000.0,0.0,0.3398,-9385000.0,8259000.0,BALANCED,0.4947
2019-08-14,TNA,TNA,0.0,50.53,-0.0849,-774872000.0,0.0,0.0,-0.0855,-20250000.0,8259000.0,BALANCED,-12.1385
2019-08-15,TNA,TNA,14978000.0,49.93,-0.012,-759894000.0,14978000.0,0.0,1.0728,14943000.0,17131000.0,BALANCED,38.8192
2019-08-16,TNA,TNA,0.0,53.18,0.0651,-759894000.0,0.0,0.0,-0.0837,20500000.0,47176000.0,BALANCED,7.9087
2019-08-19,TNA,TNA,-27401000.0,54.8,0.0305,-787295000.0,0.0,-27401000.0,-1.9753,-6901000.0,19775000.0,DISTRIBUTION,-61.3818
2019-08-20,TNA,TNA,8045000.0,53.63,-0.0213,-779250000.0,8045000.0,0.0,0.5585,-4378000.0,12588000.0,BALANCED,5.9626
2019-08-21,TNA,TNA,0.0,54.91,0.0238,-779250000.0,0.0,0.0,-0.0166,-4378000.0,6196000.0,BALANCED,-10.4141
2019-08-22,TNA,TNA,0.0,54.5,-0.0075,-779250000.0,0.0,0.0,-0.0093,-19356000.0,12356000.0,BALANCED,-10.2314
2019-08-23,TNA,TNA,0.0,49.43,-0.093,-779250000.0,0.0,0.0,-0.0093,-19356000.0,15540000.0,BALANCED,-10.2314
2019-08-26,TNA,TNA,20436000.0,51.09,0.0336,-758814000.0,20436000.0,0.0,1.357,28481000.0,39099000.0,BALANCED,45.9247
2019-08-27,TNA,TNA,14691000.0,48.97,-0.0415,-744123000.0,14691000.0,0.0,0.9121,35127000.0,53790000.0,BALANCED,36.8026
2019-08-28,TNA,TNA,0.0,50.65,0.0343,-744123000.0,0.0,0.0,-0.0886,35127000.0,69553000.0,BALANCED,7.7858
2019-08-29,TNA,TNA,0.0,53.18,0.05,-744123000.0,0.0,0.0,-0.0748,35127000.0,78584000.0,BALANCED,8.129
2019-08-30,TNA,TNA,-23825000.0,52.94,-0.0045,-767948000.0,0.0,-23825000.0,-1.7651,11302000.0,51849000.0,DISTRIBUTION,-36.127
2019-09-03,TNA,TNA,0.0,50.56,-0.0451,-767948000.0,0.0,0.0,-0.0916,-9134000.0,46556000.0,BALANCED,-12.29
2019-09-04,TNA,TNA,15547000.0,51.82,0.0251,-752401000.0,15547000.0,0.0,0.9989,-8278000.0,13086000.0,BALANCED,16.9735
2019-09-05,TNA,TNA,0.0,54.58,0.0532,-752401000.0,0.0,0.0,-0.0775,-8278000.0,2221000.0,BALANCED,-11.937
2019-09-06,TNA,TNA,-21569000.0,53.92,-0.012,-773970000.0,0.0,-21569000.0,-1.5015,-29847000.0,867000.0,DISTRIBUTION,-49.5381
2019-09-09,TNA,TNA,-2800000.0,55.99,0.0384,-776770000.0,0.0,-2800000.0,-0.2305,-8822000.0,3624000.0,BALANCED,-19.7627
2019-09-10,TNA,TNA,0.0,58.07,0.0371,-776770000.0,0.0,0.0,-0.0478,-8822000.0,3624000.0,BALANCED,-11.1956
2019-09-11,TNA,TNA,0.0,61.74,0.0631,-776770000.0,0.0,0.0,-0.0478,-24369000.0,-1898000.0,BALANCED,-11.1956
2019-09-12,TNA,TNA,3085000.0,61.71,-0.0005,-773685000.0,3085000.0,0.0,0.1216,-21284000.0,1187000.0,BALANCED,-4.9602
2019-09-13,TNA,TNA,-34130000.0,62.05,0.0056,-807815000.0,0.0,-34130000.0,-2.2052,-33845000.0,-47921000.0,DISTRIBUTION,-67.1309
2019-09-16,TNA,TNA,-25121000.0,62.8,0.012,-832936000.0,0.0,-25121000.0,-1.5075,-56166000.0,-73042000.0,DISTRIBUTION,-51.6886
2019-09-17,TNA,TNA,0.0,62.09,-0.0113,-832936000.0,0.0,0.0,0.0376,-56166000.0,-45641000.0,BALANCED,-9.0598
2019-09-18,TNA,TNA,3046000.0,60.92,-0.0188,-829890000.0,3046000.0,0.0,0.387,-53120000.0,-50640000.0,BALANCED,1.6759
2019-09-19,TNA,TNA,9016000.0,60.11,-0.0134,-820874000.0,9016000.0,0.0,0.8402,-47189000.0,-41624000.0,BALANCED,15.0053
2019-09-20,TNA,TNA,0.0,59.85,-0.0043,-820874000.0,0.0,0.0,0.1188,-13059000.0,-41624000.0,BALANCED,-7.0311
2019-09-23,TNA,TNA,11934000.0,59.67,-0.003,-808940000.0,11934000.0,0.0,0.9816,23996000.0,-29690000.0,BALANCED,36.5395
2019-09-24,TNA,TNA,0.0,56.86,-0.0471,-808940000.0,0.0,0.0,0.0725,23996000.0,-50126000.0,BALANCED,11.8121
2019-09-25,TNA,TNA,20561000.0,58.75,0.0331,-788379000.0,20561000.0,0.0,1.5382,41511000.0,-44256000.0,ACCUMULATION,50.4555
2019-09-26,TNA,TNA,2839000.0,56.79,-0.0334,-785540000.0,2839000.0,0.0,0.2337,35334000.0,-41417000.0,BALANCED,19.8413
2019-09-27,TNA,TNA,-5541000.0,55.41,-0.0242,-791081000.0,0.0,-5541000.0,-0.3362,29793000.0,-46958000.0,BALANCED,-0.4049
2019-09-30,TNA,TNA,5571000.0,55.71,0.0053,-785510000.0,5571000.0,0.0,0.4779,23430000.0,-17562000.0,BALANCED,23.9486
2019-10-01,TNA,TNA,0.0,52.42,-0.0591,-785510000.0,0.0,0.0,-0.0048,23430000.0,-17562000.0,BALANCED,9.8807
2019-10-02,TNA,TNA,17857000.0,51.02,-0.0266,-767653000.0,17857000.0,0.0,1.3635,20726000.0,-15252000.0,BALANCED,46.0866
2019-10-03,TNA,TNA,7750000.0,51.67,0.0127,-759903000.0,7750000.0,0.0,0.5515,25637000.0,-7502000.0,BALANCED,27.7876
2019-10-04,TNA,TNA,-2657000.0,53.14,0.0284,-762560000.0,0.0,-2657000.0,-0.2492,28521000.0,11410000.0,BALANCED,1.7711
2019-10-07,TNA,TNA,21130000.0,52.82,-0.0059,-741430000.0,21130000.0,0.0,1.4793,44080000.0,35340000.0,BALANCED,48.9831
2019-10-08,TNA,TNA,0.0,50.17,-0.0502,-741430000.0,0.0,0.0,-0.0448,44080000.0,35340000.0,BALANCED,8.88
2019-10-09,TNA,TNA,0.0,50.86,0.0138,-741430000.0,0.0,0.0,-0.0071,26223000.0,35340000.0,BALANCED,9.8227
2019-10-10,TNA,TNA,0.0,51.48,0.012,-741430000.0,0.0,0.0,-0.0071,18473000.0,32255000.0,BALANCED,9.8227
2019-10-11,TNA,TNA,-8127000.0,54.18,0.0525,-749557000.0,0.0,-8127000.0,-0.6234,13003000.0,58258000.0,BALANCED,-7.5857
2019-10-14,TNA,TNA,-24074000.0,53.5,-0.0126,-773631000.0,0.0,-24074000.0,-1.8716,-32201000.0,59305000.0,DISTRIBUTION,-60.7906
2019-10-15,TNA,TNA,0.0,55.38,0.0352,-773631000.0,0.0,0.0,0.0148,-32201000.0,59305000.0,BALANCED,-9.6289
2019-10-16,TNA,TNA,0.0,55.56,0.0033,-773631000.0,0.0,0.0,0.057,-32201000.0,56259000.0,BALANCED,-8.5745
2019-10-17,TNA,TNA,0.0,57.42,0.0335,-773631000.0,0.0,0.0,0.057,-32201000.0,47243000.0,BALANCED,-8.5745
2019-10-18,TNA,TNA,-5666000.0,56.67,-0.0132,-779297000.0,0.0,-5666000.0,-0.4645,-29740000.0,41577000.0,BALANCED,-23.6135
2019-10-21,TNA,TNA,0.0,58.28,0.0284,-779297000.0,0.0,0.0,0.0071,-5666000.0,29643000.0,BALANCED,-9.8216
2019-10-22,TNA,TNA,-20430000.0,58.37,0.0017,-799727000.0,0.0,-20430000.0,-1.5891,-26096000.0,9213000.0,DISTRIBUTION,-51.7273
2019-10-23,TNA,TNA,0.0,58.59,0.0037,-799727000.0,0.0,0.0,0.0618,-26096000.0,-11348000.0,BALANCED,-8.4541
2019-10-24,TNA,TNA,0.0,58.29,-0.005,-799727000.0,0.0,0.0,0.0703,-26096000.0,-14187000.0,BALANCED,-8.2434
2019-10-25,TNA,TNA,-5923000.0,59.23,0.0161,-805650000.0,0.0,-5923000.0,-0.5604,-26353000.0,-14569000.0,BALANCED,-26.0097
2019-10-28,TNA,TNA,0.0,60.74,0.0254,-805650000.0,0.0,0.0,-0.0949,-26353000.0,-20140000.0,BALANCED,-12.3727
2019-10-29,TNA,TNA,0.0,61.32,0.0097,-805650000.0,0.0,0.0,-0.0949,-5923000.0,-20140000.0,BALANCED,-12.3727
2019-10-30,TNA,TNA,-21283000.0,60.81,-0.0084,-826933000.0,0.0,-21283000.0,-2.0576,-27206000.0,-59280000.0,DISTRIBUTION,-63.4395
2019-10-31,TNA,TNA,2982000.0,59.64,-0.0192,-823951000.0,2982000.0,0.0,0.3003,-24224000.0,-64048000.0,BALANCED,-0.4919
2019-11-01,TNA,TNA,-9405000.0,62.7,0.0513,-833356000.0,0.0,-9405000.0,-0.8635,-27706000.0,-70796000.0,BALANCED,-33.587
2019-11-04,TNA,TNA,-35011000.0,63.66,0.0153,-868367000.0,0.0,-35011000.0,-2.7733,-62717000.0,-126937000.0,DISTRIBUTION,-83.333
2019-11-05,TNA,TNA,-12783000.0,63.91,0.004,-881150000.0,0.0,-12783000.0,-0.8601,-75500000.0,-139720000.0,BALANCED,-37.5014
2019-11-06,TNA,TNA,0.0,62.72,-0.0186,-881150000.0,0.0,0.0,0.2743,-54217000.0,-139720000.0,BALANCED,-3.1418
2019-11-07,TNA,TNA,3163000.0,63.26,0.0085,-877987000.0,3163000.0,0.0,0.5537,-54036000.0,-136557000.0,BALANCED,5.8416
2019-11-08,TNA,TNA,-6380000.0,63.8,0.0086,-884367000.0,0.0,-6380000.0,-0.2898,-51011000.0,-134810000.0,BALANCED,-19.2446
2019-11-11,TNA,TNA,-6333000.0,63.33,-0.0075,-890700000.0,0.0,-6333000.0,-0.2529,-22333000.0,-117069000.0,BALANCED,-20.3214
2019-11-12,TNA,TNA,3169000.0,63.38,0.0008,-887531000.0,3169000.0,0.0,0.5851,-6381000.0,-113900000.0,BALANCED,6.6278
2019-11-13,TNA,TNA,0.0,62.65,-0.0115,-887531000.0,0.0,0.0,0.3801,-6381000.0,-113900000.0,BALANCED,-0.4975
2019-11-14,TNA,TNA,6263000.0,62.63,-0.0003,-881268000.0,6263000.0,0.0,0.9856,-3281000.0,-107637000.0,BALANCED,16.6404
2019-11-15,TNA,TNA,-3177000.0,63.53,0.0144,-884445000.0,0.0,-3177000.0,0.0847,-78000.0,-105148000.0,BALANCED,-9.8822
2019-11-18,TNA,TNA,-18912000.0,63.04,-0.0078,-903357000.0,0.0,-18912000.0,-1.3997,-12657000.0,-124060000.0,BALANCED,-48.9924
2019-11-19,TNA,TNA,19122000.0,63.74,0.0111,-884235000.0,19122000.0,0.0,2.2513,3296000.0,-84508000.0,ACCUMULATION,68.2832
2019-11-20,TNA,TNA,0.0,62.95,-0.0124,-884235000.0,0.0,0.0,0.4487,3296000.0,-84508000.0,BALANCED,21.2183
2019-11-21,TNA,TNA,0.0,62.04,-0.0145,-884235000.0,0.0,0.0,0.4487,-2967000.0,-84508000.0,BALANCED,1.2183
2019-11-22,TNA,TNA,-9390000.0,62.6,0.0091,-893625000.0,0.0,-9390000.0,-0.4318,-9180000.0,-87975000.0,BALANCED,-22.7953
2019-11-25,TNA,TNA,0.0,66.51,0.0624,-893625000.0,0.0,0.0,0.3996,9732000.0,-87975000.0,BALANCED,19.9896
2019-11-26,TNA,TNA,-30044000.0,66.77,0.0038,-923669000.0,0.0,-30044000.0,-2.2673,-39434000.0,-118019000.0,DISTRIBUTION,-68.6817
2019-11-27,TNA,TNA,10204000.0,68.03,0.0189,-913465000.0,10204000.0,0.0,1.3089,-29230000.0,-86532000.0,BALANCED,24.7214
2019-11-29,TNA,TNA,-6681000.0,66.81,-0.018,-920146000.0,0.0,-6681000.0,-0.1586,-35911000.0,-96195000.0,BALANCED,-15.9661
2019-12-02,TNA,TNA,6474000.0,64.74,-0.0309,-913672000.0,6474000.0,0.0,0.9512,-20047000.0,-80316000.0,BALANCED,15.7809
2019-12-03,TNA,TNA,12827000.0,64.13,-0.0094,-900845000.0,12827000.0,0.0,1.4162,-7220000.0,-32478000.0,BALANCED,29.4062
2019-12-04,TNA,TNA,-3274000.0,65.48,0.0209,-904119000.0,0.0,-3274000.0,0.0179,19550000.0,-22969000.0,BALANCED,8.4469
2019-12-05,TNA,TNA,-9842000.0,65.61,0.0021,-913961000.0,0.0,-9842000.0,-0.5226,-496000.0,-32811000.0,BALANCED,-27.0644
2019-12-06,TNA,TNA,-13580000.0,67.9,0.0349,-927541000.0,0.0,-13580000.0,-0.7994,-7395000.0,-49554000.0,BALANCED,-35.9848
2019-12-09,TNA,TNA,3370000.0,67.4,-0.0074,-924171000.0,3370000.0,0.0,0.6238,-10499000.0,-39804000.0,BALANCED,7.5949
2019-12-10,TNA,TNA,-3382000.0,67.63,0.0034,-927553000.0,0.0,-3382000.0,0.0582,-26708000.0,-36853000.0,BALANCED,-10.5455
2019-12-11,TNA,TNA,6763000.0,67.63,0.0,-920790000.0,6763000.0,0.0,0.894,-16671000.0,-33259000.0,BALANCED,14.3503
2019-12-12,TNA,TNA,13857000.0,69.29,0.0244,-906933000.0,13857000.0,0.0,1.399,7028000.0,-19402000.0,BALANCED,48.9762
2019-12-13,TNA,TNA,-6843000.0,68.43,-0.0123,-913776000.0,0.0,-6843000.0,-0.3266,13765000.0,-32508000.0,BALANCED,-0.1648
2019-12-16,TNA,TNA,6992000.0,69.92,0.0217,-906784000.0,6992000.0,0.0,0.7961,17387000.0,-22339000.0,BALANCED,31.9026
2019-12-17,TNA,TNA,0.0,70.9,0.014,-906784000.0,0.0,0.0,0.1263,20769000.0,-3427000.0,BALANCED,13.1571
2019-12-18,TNA,TNA,0.0,71.4,0.0071,-906784000.0,0.0,0.0,0.0863,14006000.0,-22549000.0,BALANCED,12.1564
2019-12-19,TNA,TNA,3607000.0,72.14,0.0103,-903177000.0,3607000.0,0.0,0.4368,3756000.0,-18942000.0,BALANCED,22.9199
2019-12-20,TNA,TNA,-7269000.0,72.69,0.0076,-910446000.0,0.0,-7269000.0,-0.6199,3330000.0,-26211000.0,BALANCED,-7.4984
2019-12-23,TNA,TNA,-14569000.0,72.84,0.0042,-925015000.0,0.0,-14569000.0,-1.2906,-18231000.0,-31390000.0,BALANCED,-46.265
2019-12-24,TNA,TNA,-11000000.0,73.34,0.0067,-936015000.0,0.0,-11000000.0,-0.9167,-29231000.0,-42390000.0,BALANCED,-38.9176
2019-12-26,TNA,TNA,0.0,73.3,-0.0004,-936015000.0,0.0,0.0,0.1566,-29231000.0,-12346000.0,BALANCED,-6.0844
2019-12-27,TNA,TNA,-7216000.0,72.16,-0.0156,-943231000.0,0.0,-7216000.0,-0.5171,-40054000.0,-29766000.0,BALANCED,-24.9284
2019-12-30,TNA,TNA,3581000.0,71.62,-0.0075,-939650000.0,3581000.0,0.0,0.5365,-29204000.0,-19504000.0,BALANCED,5.412
2019-12-31,TNA,TNA,7213000.0,72.13,0.007,-932437000.0,7213000.0,0.0,0.8447,-7422000.0,-18765000.0,BALANCED,15.1165
2020-01-02,TNA,TNA,-17993000.0,71.97,-0.0021,-950430000.0,0.0,-17993000.0,-1.5819,-14415000.0,-49585000.0,DISTRIBUTION,-51.5487
2020-01-03,TNA,TNA,0.0,71.17,-0.0112,-950430000.0,0.0,0.0,0.2292,-14415000.0,-46311000.0,BALANCED,-4.2703
2020-01-06,TNA,TNA,7146000.0,71.46,0.0041,-943284000.0,7146000.0,0.0,0.9328,-53000.0,-29323000.0,BALANCED,15.319
2020-01-07,TNA,TNA,-7080000.0,70.8,-0.0092,-950364000.0,0.0,-7080000.0,-0.4971,-10714000.0,-22823000.0,BALANCED,-24.4284
2020-01-08,TNA,TNA,-7147000.0,71.47,0.0094,-957511000.0,0.0,-7147000.0,-0.5141,-25074000.0,-33340000.0,BALANCED,-26.853
2020-01-09,TNA,TNA,-7166000.0,71.66,0.0026,-964677000.0,0.0,-7166000.0,-0.4899,-14247000.0,-37124000.0,BALANCED,-28.2474
2020-01-10,TNA,TNA,-10606000.0,70.7,-0.0133,-975283000.0,0.0,-10606000.0,-1.0516,-24853000.0,-54493000.0,BALANCED,-44.2893
2020-01-13,TNA,TNA,0.0,72.19,0.021,-975283000.0,0.0,0.0,0.2527,-31999000.0,-68350000.0,BALANCED,-3.6818
2020-01-14,TNA,TNA,-3649000.0,72.98,0.0109,-978932000.0,0.0,-3649000.0,-0.2082,-28568000.0,-65156000.0,BALANCED,-17.2062
2020-01-15,TNA,TNA,-11080000.0,73.86,0.0121,-990012000.0,0.0,-11080000.0,-1.0516,-32501000.0,-83228000.0,BALANCED,-40.2897
2020-01-16,TNA,TNA,0.0,76.85,0.0404,-990012000.0,0.0,0.0,0.3911,-25335000.0,-83228000.0,BALANCED,-0.2234
2020-01-17,TNA,TNA,-45641000.0,76.07,-0.0101,-1035653000.0,0.0,-45641000.0,-3.7903,-60370000.0,-128869000.0,DISTRIBUTION,-100.0
2020-01-21,TNA,TNA,-18552000.0,74.21,-0.0245,-1054205000.0,0.0,-18552000.0,-1.2448,-78922000.0,-151028000.0,BALANCED,-45.1193
2020-01-22,TNA,TNA,44409000.0,74.02,-0.0026,-1009796000.0,44409000.0,0.0,3.3277,-30864000.0,-99350000.0,ACCUMULATION,75.1931
2020-01-23,TNA,TNA,0.0,74.04,0.0004,-1009796000.0,0.0,0.0,0.202,-19784000.0,-84781000.0,BALANCED,-4.951
2020-01-24,TNA,TNA,0.0,71.07,-0.0402,-1009796000.0,0.0,0.0,0.1939,-19784000.0,-73781000.0,BALANCED,-5.1535
2020-01-27,TNA,TNA,6872000.0,68.72,-0.0331,-1002924000.0,6872000.0,0.0,0.6794,32729000.0,-66909000.0,BALANCED,28.9857
2020-01-28,TNA,TNA,-3524000.0,70.47,0.0255,-1006448000.0,0.0,-3524000.0,-0.015,47757000.0,-63217000.0,BALANCED,7.6251
2020-01-29,TNA,TNA,-13860000.0,69.3,-0.0167,-1020308000.0,0.0,-13860000.0,-0.7409,-10512000.0,-80658000.0,BALANCED,-32.5237
2020-01-30,TNA,TNA,0.0,69.2,-0.0015,-1020308000.0,0.0,0.0,0.2744,-10512000.0,-87871000.0,BALANCED,-3.139
2020-01-31,TNA,TNA,0.0,64.89,-0.0622,-1020308000.0,0.0,0.0,0.2744,-10512000.0,-69878000.0,BALANCED,-3.139
2020-02-03,TNA,TNA,0.0,67.05,0.0333,-1020308000.0,0.0,0.0,0.2744,-17384000.0,-69878000.0,BALANCED,-3.139
2020-02-04,TNA,TNA,14014000.0,70.07,0.0451,-1006294000.0,14014000.0,0.0,1.237,154000.0,-63010000.0,BALANCED,42.9242
2020-02-05,TNA,TNA,-7327000.0,73.27,0.0456,-1013621000.0,0.0,-7327000.0,-0.2756,6687000.0,-63257000.0,BALANCED,1.1109
2020-02-06,TNA,TNA,0.0,72.71,-0.0077,-1013621000.0,0.0,0.0,0.2115,6687000.0,-56110000.0,BALANCED,15.2884
2020-02-07,TNA,TNA,-17500000.0,70.0,-0.0372,-1031121000.0,0.0,-17500000.0,-1.0134,-10813000.0,-66444000.0,BALANCED,-37.3342
2020-02-10,TNA,TNA,0.0,71.33,0.019,-1031121000.0,0.0,0.0,0.2242,-10813000.0,-55838000.0,BALANCED,-4.3953
2020-02-11,TNA,TNA,0.0,72.64,0.0183,-1031121000.0,0.0,0.0,0.2073,-24827000.0,-55838000.0,BALANCED,-4.8169
2020-02-12,TNA,TNA,-7416000.0,74.16,0.021,-1038537000.0,0.0,-7416000.0,-0.2922,-24916000.0,-59605000.0,BALANCED,-19.3052
2020-02-13,TNA,TNA,0.0,74.77,0.0083,-1038537000.0,0.0,0.0,0.2531,-24916000.0,-48525000.0,BALANCED,-3.6729
2020-02-14,TNA,TNA,-22176000.0,73.92,-0.0114,-1060713000.0,0.0,-22176000.0,-1.308,-29592000.0,-70701000.0,BALANCED,-44.7005
2020-02-18,TNA,TNA,-7339000.0,73.39,-0.0072,-1068052000.0,0.0,-7339000.0,-0.2417,-36931000.0,-32399000.0,BALANCED,-20.0431
2020-02-19,TNA,TNA,3728000.0,74.56,0.0159,-1064324000.0,3728000.0,0.0,0.552,-33203000.0,-10119000.0,BALANCED,5.8004
2020-02-20,TNA,TNA,0.0,75.03,0.0064,-1064324000.0,0.0,0.0,0.27,-25787000.0,-54528000.0,BALANCED,-3.2499
2020-02-21,TNA,TNA,-14540000.0,72.7,-0.0311,-1078864000.0,0.0,-14540000.0,-0.7394,-40327000.0,-69068000.0,BALANCED,-30.485
2020-02-24,TNA,TNA,0.0,66.13,-0.0904,-1078864000.0,0.0,0.0,0.268,-18151000.0,-69068000.0,BALANCED,-3.2988
2020-02-25,TNA,TNA,44428000.0,59.24,-0.1042,-1034436000.0,44428000.0,0.0,2.789,33616000.0,-31512000.0,ACCUMULATION,81.7245
2020-02-26,TNA,TNA,37107000.0,57.09,-0.0363,-997329000.0,37107000.0,0.0,2.0903,66995000.0,9119000.0,ACCUMULATION,66.2584
2020-02-27,TNA,TNA,2553000.0,51.05,-0.1057,-994776000.0,2553000.0,0.0,0.1702,69548000.0,25532000.0,BALANCED,20.2547
2020-02-28,TNA,TNA,4873000.0,48.73,-0.0455,-989903000.0,4873000.0,0.0,0.2703,88961000.0,30405000.0,BALANCED,24.7564
2020-03-02,TNA,TNA,71543000.0,52.99,0.0875,-918360000.0,71543000.0,0.0,3.1075,160504000.0,101948000.0,ACCUMULATION,97.6884
2020-03-03,TNA,TNA,22330000.0,49.62,-0.0636,-896030000.0,22330000.0,0.0,0.8583,138406000.0,124278000.0,BALANCED,43.4582
2020-03-04,TNA,TNA,0.0,54.09,0.09,-896030000.0,0.0,0.0,-0.2617,101299000.0,110264000.0,BALANCED,3.4572
2020-03-05,TNA,TNA,0.0,48.61,-0.1013,-896030000.0,0.0,0.0,-0.2022,98746000.0,117591000.0,BALANCED,4.9451
2020-03-06,TNA,TNA,4568000.0,45.68,-0.0603,-891462000.0,4568000.0,0.0,0.0333,98441000.0,122159000.0,BALANCED,12.8318
2020-03-09,TNA,TNA,14740000.0,32.76,-0.2829,-876722000.0,14740000.0,0.0,0.5473,41638000.0,154399000.0,BALANCED,27.6823
2020-03-10,TNA,TNA,40939000.0,35.6,0.0868,-835783000.0,40939000.0,0.0,1.7708,60247000.0,195338000.0,ACCUMULATION,60.271
2020-03-11,TNA,TNA,0.0,28.76,-0.1922,-835783000.0,0.0,0.0,-0.2855,60247000.0,195338000.0,BALANCED,2.863
2020-03-12,TNA,TNA,43076000.0,19.14,-0.3343,-792707000.0,43076000.0,0.0,1.7147,103323000.0,245830000.0,ACCUMULATION,54.8665
2020-03-13,TNA,TNA,15264000.0,23.48,0.2266,-777443000.0,15264000.0,0.0,0.3464,114019000.0,261094000.0,BALANCED,22.6609
2020-03-16,TNA,TNA,7452000.0,13.55,-0.423,-769991000.0,7452000.0,0.0,-0.0432,106731000.0,290722000.0,BALANCED,14.9195
2020-03-17,TNA,TNA,19267000.0,16.06,0.185,-750724000.0,19267000.0,0.0,0.4974,85059000.0,317328000.0,BALANCED,30.436
2020-03-18,TNA,TNA,19627000.0,11.22,-0.3015,-731097000.0,19627000.0,0.0,0.504,104686000.0,333227000.0,BALANCED,32.601
2020-03-19,TNA,TNA,29629000.0,13.47,0.2008,-701468000.0,29629000.0,0.0,0.9232,91239000.0,362856000.0,BALANCED,45.0797
2020-03-20,TNA,TNA,7658000.0,11.78,-0.1252,-693810000.0,7658000.0,0.0,-0.1448,83633000.0,385054000.0,BALANCED,20.3806
2020-03-23,TNA,TNA,5685000.0,11.37,-0.035,-688125000.0,5685000.0,0.0,-0.2864,81866000.0,390739000.0,BALANCED,18.8412
2020-03-24,TNA,TNA,47354000.0,14.57,0.2815,-640771000.0,47354000.0,0.0,1.6365,109953000.0,393665000.0,ACCUMULATION,68.9129
2020-03-25,TNA,TNA,14360000.0,15.12,0.0374,-626411000.0,14360000.0,0.0,0.0417,104686000.0,370918000.0,BALANCED,31.0432
2020-03-26,TNA,TNA,10785000.0,17.97,0.1892,-615626000.0,10785000.0,0.0,-0.1618,85842000.0,379150000.0,BALANCED,25.9557
2020-03-27,TNA,TNA,-8682000.0,15.79,-0.1218,-624308000.0,0.0,-8682000.0,-1.0844,69502000.0,365595000.0,BALANCED,-19.1101
2020-03-30,TNA,TNA,6762000.0,16.9,0.0709,-617546000.0,6762000.0,0.0,-0.4076,70579000.0,300814000.0,BALANCED,1.8101
2020-03-31,TNA,TNA,-14174000.0,16.68,-0.0135,-631720000.0,0.0,-14174000.0,-1.4392,9051000.0,264310000.0,BALANCED,-27.9794
2020-04-01,TNA,TNA,-11847000.0,13.16,-0.2106,-643567000.0,0.0,-11847000.0,-1.2656,-17156000.0,252463000.0,BALANCED,-45.6402
2020-04-02,TNA,TNA,21174000.0,13.66,0.0377,-622393000.0,21174000.0,0.0,0.3173,-6767000.0,273637000.0,BALANCED,-0.0679
2020-04-03,TNA,TNA,1858000.0,12.39,-0.0932,-620535000.0,1858000.0,0.0,-0.6811,3773000.0,270927000.0,BALANCED,-3.0271
2020-04-06,TNA,TNA,26250000.0,15.44,0.2466,-594285000.0,26250000.0,0.0,0.5156,23261000.0,282437000.0,BALANCED,28.8898
2020-04-07,TNA,TNA,-14691000.0,15.46,0.0015,-608976000.0,0.0,-14691000.0,-1.472,22744000.0,226807000.0,BALANCED,-28.7995
2020-04-08,TNA,TNA,-17602000.0,17.6,0.1382,-626578000.0,0.0,-17602000.0,-1.5017,16989000.0,209205000.0,DISTRIBUTION,-31.5433
2020-04-09,TNA,TNA,0.0,20.04,0.1387,-626578000.0,0.0,0.0,-0.6137,-4185000.0,166129000.0,BALANCED,-25.3422
2020-04-13,TNA,TNA,-29392000.0,18.37,-0.0835,-655970000.0,0.0,-29392000.0,-1.8964,-35435000.0,121473000.0,DISTRIBUTION,-59.411
2020-04-14,TNA,TNA,32205000.0,19.52,0.0625,-623765000.0,32205000.0,0.0,1.2064,-29480000.0,146226000.0,BALANCED,22.161
2020-04-15,TNA,TNA,2550000.0,17.0,-0.129,-621215000.0,2550000.0,0.0,-0.3584,-12239000.0,129509000.0,BALANCED,-14.9593
2020-04-16,TNA,TNA,25109000.0,16.74,-0.0153,-596106000.0,25109000.0,0.0,0.8131,30472000.0,134991000.0,BALANCED,36.3275
2020-04-17,TNA,TNA,45384000.0,18.91,0.1297,-550722000.0,45384000.0,0.0,1.7314,75856000.0,150746000.0,ACCUMULATION,61.2845
2020-04-20,TNA,TNA,-20001000.0,18.18,-0.0385,-570723000.0,0.0,-20001000.0,-1.5072,85247000.0,123087000.0,DISTRIBUTION,-29.6812
2020-04-21,TNA,TNA,-7609000.0,16.91,-0.07,-578332000.0,0.0,-7609000.0,-0.8515,45433000.0,109793000.0,BALANCED,-15.2873
2020-04-22,TNA,TNA,52820000.0,17.61,0.0412,-525512000.0,52820000.0,0.0,1.991,95703000.0,115259000.0,ACCUMULATION,61.7755
2020-04-23,TNA,TNA,-2723000.0,18.16,0.0312,-528235000.0,0.0,-2723000.0,-0.6067,67871000.0,98176000.0,BALANCED,-7.1673
2020-04-24,TNA,TNA,-19957000.0,19.01,0.0469,-548192000.0,0.0,-19957000.0,-1.3293,2530000.0,67434000.0,BALANCED,-27.2322
2020-04-27,TNA,TNA,-18073000.0,21.26,0.1187,-566265000.0,0.0,-18073000.0,-1.1611,4458000.0,58043000.0,BALANCED,-25.0268
2020-04-28,TNA,TNA,-14346000.0,22.07,0.038,-580611000.0,0.0,-14346000.0,-0.94,-2279000.0,36935000.0,BALANCED,-41.4998
2020-04-29,TNA,TNA,6318000.0,25.27,0.1451,-574293000.0,6318000.0,0.0,0.02,-48781000.0,57427000.0,BALANCED,-7.4998
2020-04-30,TNA,TNA,0.0,22.47,-0.1108,-574293000.0,0.0,0.0,-0.2408,-46058000.0,69274000.0,BALANCED,-16.0193
2020-05-01,TNA,TNA,35780000.0,19.88,-0.1154,-538513000.0,35780000.0,0.0,1.3811,9679000.0,83880000.0,BALANCED,46.5266
2020-05-04,TNA,TNA,45112000.0,20.05,0.0086,-493401000.0,45112000.0,0.0,1.6609,72864000.0,127134000.0,ACCUMULATION,55.5236
2020-05-05,TNA,TNA,4101000.0,20.5,0.0227,-489300000.0,4101000.0,0.0,-0.1092,91311000.0,104985000.0,BALANCED,13.2707
2020-05-06,TNA,TNA,-2000000.0,20.0,-0.0244,-491300000.0,0.0,-2000000.0,-0.3193,82993000.0,117676000.0,BALANCED,0.0171
2020-05-07,TNA,TNA,-1047000.0,20.94,0.0468,-492347000.0,0.0,-1047000.0,-0.2528,81946000.0,134231000.0,BALANCED,-0.3197
2020-05-08,TNA,TNA,-4649000.0,23.24,0.11,-496996000.0,0.0,-4649000.0,-0.3938,41517000.0,129582000.0,BALANCED,-5.8447
2020-05-11,TNA,TNA,-52464000.0,22.81,-0.0186,-549460000.0,0.0,-52464000.0,-2.2833,-56059000.0,106510000.0,DISTRIBUTION,-75.0822
2020-05-12,TNA,TNA,-6131000.0,20.44,-0.1041,-555591000.0,0.0,-6131000.0,-0.34,-66291000.0,68174000.0,BALANCED,-28.5
2020-05-13,TNA,TNA,37726000.0,18.4,-0.0995,-517865000.0,37726000.0,0.0,1.3707,-26565000.0,103350000.0,BALANCED,26.2675
2020-05-14,TNA,TNA,83719000.0,18.6,0.0109,-434146000.0,83719000.0,0.0,2.6895,58201000.0,161960000.0,ACCUMULATION,81.2372
2020-05-15,TNA,TNA,25328000.0,19.48,0.0473,-408818000.0,25328000.0,0.0,0.6364,88178000.0,141904000.0,BALANCED,31.9091
2020-05-18,TNA,TNA,0.0,23.05,0.183,-408818000.0,0.0,0.0,-0.2465,140642000.0,161905000.0,BALANCED,3.8371
2020-05-19,TNA,TNA,-64015000.0,21.7,-0.0585,-472833000.0,0.0,-64015000.0,-2.1835,82758000.0,105499000.0,DISTRIBUTION,-46.588
2020-05-20,TNA,TNA,-43760000.0,23.65,0.0901,-516593000.0,0.0,-43760000.0,-1.4543,1272000.0,8919000.0,BALANCED,-30.3563
2020-05-21,TNA,TNA,-33179000.0,23.7,0.0019,-549772000.0,0.0,-33179000.0,-1.0938,-115626000.0,-21537000.0,BALANCED,-43.3439
2020-05-22,TNA,TNA,-8439000.0,24.11,0.0173,-558211000.0,0.0,-8439000.0,-0.3274,-149393000.0,-10019000.0,BALANCED,-26.1854
2020-05-26,TNA,TNA,5224000.0,26.12,0.0833,-552987000.0,5224000.0,0.0,0.0557,-144169000.0,13278000.0,BALANCED,-6.6087
2020-05-27,TNA,TNA,-1428000.0,28.55,0.0932,-554415000.0,0.0,-1428000.0,-0.1179,-81582000.0,26196000.0,BALANCED,-14.9464
2020-05-28,TNA,TNA,-31728000.0,26.44,-0.074,-586143000.0,0.0,-31728000.0,-1.0174,-69550000.0,-11850000.0,BALANCED,-39.4356
2020-05-29,TNA,TNA,-3909000.0,26.06,-0.0143,-590052000.0,0.0,-3909000.0,-0.1284,-40280000.0,-15759000.0,BALANCED,-19.209
2020-06-01,TNA,TNA,34724000.0,26.71,0.0249,-555328000.0,34724000.0,0.0,1.105,2883000.0,-16815000.0,BALANCED,39.6257
2020-06-02,TNA,TNA,0.0,27.43,0.0271,-555328000.0,0.0,0.0,-0.0164,-2341000.0,-61927000.0,BALANCED,-10.4094
2020-06-03,TNA,TNA,5880000.0,29.4,0.0717,-549448000.0,5880000.0,0.0,0.157,4967000.0,-60148000.0,BALANCED,15.9255
2020-06-04,TNA,TNA,-4408000.0,29.39,-0.0004,-553856000.0,0.0,-4408000.0,-0.1164,32287000.0,-62556000.0,BALANCED,5.0899
2020-06-05,TNA,TNA,-4911000.0,32.74,0.114,-558767000.0,0.0,-4911000.0,-0.1308,31285000.0,-66420000.0,BALANCED,2.7293
2020-06-08,TNA,TNA,-64144000.0,34.67,0.059,-622911000.0,0.0,-64144000.0,-1.9415,-67583000.0,-125915000.0,DISTRIBUTION,-64.5381
2020-06-09,TNA,TNA,13069000.0,32.67,-0.0577,-609842000.0,13069000.0,0.0,0.4576,-54514000.0,-60382000.0,BALANCED,3.4389
2020-06-10,TNA,TNA,48126000.0,30.08,-0.0794,-561716000.0,48126000.0,0.0,1.4441,-12268000.0,-6125000.0,BALANCED,30.1016
2020-06-11,TNA,TNA,54613000.0,23.24,-0.2274,-507103000.0,54613000.0,0.0,1.5256,46753000.0,10762000.0,ACCUMULATION,54.1407
2020-06-12,TNA,TNA,134335000.0,24.88,0.0704,-372768000.0,134335000.0,0.0,3.0426,185999000.0,61378000.0,ACCUMULATION,94.065
2020-06-15,TNA,TNA,-1330000.0,26.6,0.0691,-374098000.0,0.0,-1330000.0,-0.1637,248813000.0,34720000.0,BALANCED,3.9074
2020-06-16,TNA,TNA,28445000.0,28.44,0.0695,-345653000.0,28445000.0,0.0,0.5714,264189000.0,63165000.0,BALANCED,26.2843
2020-06-17,TNA,TNA,-8078000.0,26.93,-0.0533,-353731000.0,0.0,-8078000.0,-0.3055,207985000.0,119102000.0,BALANCED,0.3623
2020-06-18,TNA,TNA,0.0,26.95,0.0007,-353731000.0,0.0,0.0,-0.1112,153372000.0,162862000.0,BALANCED,7.219
2020-06-19,TNA,TNA,3972000.0,26.48,-0.0174,-349759000.0,3972000.0,0.0,-0.019,23009000.0,200013000.0,BALANCED,11.5262
2020-06-22,TNA,TNA,-8191000.0,27.31,0.0312,-357950000.0,0.0,-8191000.0,-0.311,16148000.0,200261000.0,BALANCED,0.2254
2020-06-23,TNA,TNA,38678000.0,27.63,0.0122,-319272000.0,38678000.0,0.0,0.7706,26381000.0,233715000.0,BALANCED,31.2643
2020-06-24,TNA,TNA,-2480000.0,24.8,-0.1022,-321752000.0,0.0,-2480000.0,-0.2556,31979000.0,232663000.0,BALANCED,1.6101
2020-06-25,TNA,TNA,49476000.0,26.04,0.0499,-272276000.0,49476000.0,0.0,1.0181,81455000.0,313867000.0,BALANCED,37.4523
2020-06-26,TNA,TNA,19273000.0,24.09,-0.0748,-253003000.0,19273000.0,0.0,0.3479,96756000.0,337049000.0,BALANCED,22.6966
2020-06-29,TNA,TNA,25044000.0,26.36,0.0943,-227959000.0,25044000.0,0.0,0.4999,129991000.0,327369000.0,BALANCED,28.4965
2020-06-30,TNA,TNA,-85224000.0,27.49,0.0429,-313183000.0,0.0,-85224000.0,-2.1289,6089000.0,242145000.0,DISTRIBUTION,-45.2225
2020-07-01,TNA,TNA,-17352000.0,26.69,-0.029,-330535000.0,0.0,-17352000.0,-0.5557,-8783000.0,218913000.0,BALANCED,-27.8923
2020-07-02,TNA,TNA,0.0,26.96,0.0099,-330535000.0,0.0,0.0,-0.1602,-58259000.0,223321000.0,BALANCED,-14.0054
2020-07-06,TNA,TNA,-24817000.0,27.57,0.0228,-355352000.0,0.0,-24817000.0,-0.8141,-102349000.0,203415000.0,BALANCED,-32.3519
2020-07-07,TNA,TNA,-7814000.0,26.05,-0.0554,-363166000.0,0.0,-7814000.0,-0.3724,-135207000.0,259745000.0,BALANCED,-23.3109
2020-07-08,TNA,TNA,-2667000.0,26.67,0.0238,-365833000.0,0.0,-2667000.0,-0.2315,-52650000.0,244009000.0,BALANCED,-21.7868
2020-07-09,TNA,TNA,28826000.0,25.07,-0.06,-337007000.0,28826000.0,0.0,0.5582,-6472000.0,224709000.0,BALANCED,5.9538
2020-07-10,TNA,TNA,2633000.0,26.33,0.0504,-334374000.0,2633000.0,0.0,-0.1517,-3839000.0,172729000.0,BALANCED,-9.792
2020-07-13,TNA,TNA,-10111000.0,25.28,-0.0399,-344485000.0,0.0,-10111000.0,-0.4808,10867000.0,28283000.0,BALANCED,-4.0195
2020-07-14,TNA,TNA,-49207000.0,26.6,0.0522,-393692000.0,0.0,-49207000.0,-1.396,-30526000.0,-19594000.0,BALANCED,-48.8997
2020-07-15,TNA,TNA,0.0,29.42,0.1059,-393692000.0,0.0,0.0,-0.1378,-27859000.0,-48039000.0,BALANCED,-13.4442
2020-07-16,TNA,TNA,-76329000.0,28.8,-0.0208,-470021000.0,0.0,-76329000.0,-1.8868,-133014000.0,-116290000.0,DISTRIBUTION,-59.1712
2020-07-17,TNA,TNA,0.0,29.12,0.0111,-470021000.0,0.0,0.0,-0.0668,-135647000.0,-116290000.0,BALANCED,-11.6698
2020-07-20,TNA,TNA,15835000.0,28.79,-0.0114,-454186000.0,15835000.0,0.0,0.2949,-109701000.0,-104427000.0,BALANCED,-0.628
2020-07-21,TNA,TNA,-26961000.0,29.96,0.0404,-481147000.0,0.0,-26961000.0,-0.7857,-87455000.0,-123197000.0,BALANCED,-31.6424
2020-07-22,TNA,TNA,-67710000.0,30.09,0.0046,-548857000.0,0.0,-67710000.0,-1.645,-155165000.0,-229585000.0,DISTRIBUTION,-55.1254
2020-07-23,TNA,TNA,-52698000.0,30.11,0.0007,-601555000.0,0.0,-52698000.0,-1.2055,-131534000.0,-279803000.0,BALANCED,-46.138
2020-07-24,TNA,TNA,-4312000.0,28.75,-0.0454,-605867000.0,0.0,-4312000.0,-0.0247,-135846000.0,-333591000.0,BALANCED,-18.6176
2020-07-27,TNA,TNA,-8919000.0,29.73,0.0342,-614786000.0,0.0,-8919000.0,-0.0266,-160600000.0,-361783000.0,BALANCED,-20.6639
2020-07-28,TNA,TNA,-4325000.0,28.83,-0.0301,-619111000.0,0.0,-4325000.0,0.1199,-137964000.0,-391152000.0,BALANCED,-19.0034
2020-07-29,TNA,TNA,0.0,30.67,0.0635,-619111000.0,0.0,0.0,0.2908,-70254000.0,-305928000.0,BALANCED,-2.7303
2020-07-30,TNA,TNA,-3032000.0,30.32,-0.0112,-622143000.0,0.0,-3032000.0,0.1886,-20588000.0,-291608000.0,BALANCED,-7.2855
2020-07-31,TNA,TNA,-4416000.0,29.44,-0.0291,-626559000.0,0.0,-4416000.0,0.1493,-20692000.0,-296024000.0,BALANCED,-10.2673
2020-08-03,TNA,TNA,51122000.0,30.98,0.0524,-575437000.0,51122000.0,0.0,1.7695,39349000.0,-220085000.0,ACCUMULATION,56.2381
2020-08-04,TNA,TNA,-60091000.0,31.63,0.0208,-635528000.0,0.0,-60091000.0,-1.4734,-16417000.0,-272362000.0,BALANCED,-48.835
2020-08-05,TNA,TNA,-21747000.0,33.46,0.0579,-657275000.0,0.0,-21747000.0,-0.3142,-38164000.0,-291442000.0,BALANCED,-21.8553
2020-08-06,TNA,TNA,-20023000.0,33.37,-0.0025,-677298000.0,0.0,-20023000.0,-0.245,-55155000.0,-340291000.0,BALANCED,-22.1258
2020-08-07,TNA,TNA,-1748000.0,34.97,0.0478,-679046000.0,0.0,-1748000.0,0.3767,-52487000.0,-344672000.0,BALANCED,-8.5819
2020-08-10,TNA,TNA,-88225000.0,36.01,0.0299,-767271000.0,0.0,-88225000.0,-2.1195,-191834000.0,-422786000.0,DISTRIBUTION,-72.9883
2020-08-11,TNA,TNA,-21218000.0,35.36,-0.018,-788489000.0,0.0,-21218000.0,-0.0778,-152961000.0,-394797000.0,BALANCED,-23.9442
2020-08-12,TNA,TNA,21536000.0,35.89,0.015,-766953000.0,21536000.0,0.0,1.1885,-109678000.0,-373261000.0,BALANCED,21.7134
2020-08-13,TNA,TNA,0.0,35.67,-0.0061,-766953000.0,0.0,0.0,0.4698,-89655000.0,-296932000.0,BALANCED,1.7448
2020-08-14,TNA,TNA,-7112000.0,35.56,-0.0031,-774065000.0,0.0,-7112000.0,0.2485,-95019000.0,-304044000.0,BALANCED,-5.788
2020-08-17,TNA,TNA,0.0,36.08,0.0146,-774065000.0,0.0,0.0,0.4512,-6794000.0,-319879000.0,BALANCED,1.2806
2020-08-18,TNA,TNA,0.0,35.02,-0.0295,-774065000.0,0.0,0.0,0.4416,14424000.0,-292918000.0,BALANCED,21.0393
2020-08-19,TNA,TNA,5272000.0,35.15,0.0037,-768793000.0,5272000.0,0.0,0.6005,-1840000.0,-219936000.0,BALANCED,7.0118
2020-08-20,TNA,TNA,0.0,34.65,-0.0143,-768793000.0,0.0,0.0,0.4761,-1840000.0,-167238000.0,BALANCED,1.9022
2020-08-21,TNA,TNA,-3386000.0,33.86,-0.0227,-772179000.0,0.0,-3386000.0,0.3719,1886000.0,-166312000.0,BALANCED,17.2979
2020-08-24,TNA,TNA,-12219000.0,34.91,0.031,-784398000.0,0.0,-12219000.0,0.0812,-10333000.0,-169612000.0,BALANCED,-11.9712
2020-08-25,TNA,TNA,15788000.0,35.08,0.005,-768610000.0,15788000.0,0.0,0.9462,5455000.0,-149499000.0,BALANCED,35.656
2020-08-26,TNA,TNA,22332000.0,34.36,-0.0207,-746278000.0,22332000.0,0.0,1.118,22515000.0,-127167000.0,BALANCED,41.9509
2020-08-27,TNA,TNA,27713000.0,34.64,0.0083,-718565000.0,27713000.0,0.0,1.2518,50228000.0,-96422000.0,BALANCED,47.2962
2020-08-28,TNA,TNA,-5333000.0,35.55,0.0263,-723898000.0,0.0,-5333000.0,0.109,48281000.0,-97339000.0,BALANCED,10.7243
2020-08-31,TNA,TNA,0.0,34.45,-0.0311,-723898000.0,0.0,0.0,0.3166,60500000.0,-148461000.0,BALANCED,17.9138
2020-09-01,TNA,TNA,3557000.0,35.57,0.0325,-720341000.0,3557000.0,0.0,0.4077,48269000.0,-84813000.0,BALANCED,22.1923
2020-09-02,TNA,TNA,-16415000.0,36.48,0.0256,-736756000.0,0.0,-16415000.0,-0.3904,9522000.0,-79481000.0,BALANCED,-1.7597
2020-09-03,TNA,TNA,-23253000.0,33.22,-0.0894,-760009000.0,0.0,-23253000.0,-0.7271,-41444000.0,-82711000.0,BALANCED,-32.1785
2020-09-04,TNA,TNA,32600000.0,32.6,-0.0186,-727409000.0,32600000.0,0.0,1.428,-3511000.0,-48363000.0,BALANCED,27.7012
2020-09-08,TNA,TNA,0.0,30.66,-0.0595,-727409000.0,0.0,0.0,0.1463,-3511000.0,39862000.0,BALANCED,-6.3423
2020-09-09,TNA,TNA,-4801000.0,32.01,0.044,-732210000.0,0.0,-4801000.0,-0.0402,-11869000.0,56279000.0,BALANCED,-13.0045
2020-09-10,TNA,TNA,-4624000.0,30.83,-0.0369,-736834000.0,0.0,-4624000.0,-0.0273,-78000.0,30119000.0,BALANCED,-14.6822
2020-09-11,TNA,TNA,0.0,30.19,-0.0208,-736834000.0,0.0,0.0,0.149,23175000.0,30119000.0,BALANCED,13.7248
2020-09-14,TNA,TNA,13040000.0,32.6,0.0798,-723794000.0,13040000.0,0.0,0.63,3615000.0,50271000.0,BALANCED,27.7503
2020-09-15,TNA,TNA,-14715000.0,32.7,0.0031,-738509000.0,0.0,-14715000.0,-0.3902,-11100000.0,35556000.0,BALANCED,-21.7553
2020-09-16,TNA,TNA,-3360000.0,33.6,0.0275,-741869000.0,0.0,-3360000.0,0.0086,-9659000.0,32196000.0,BALANCED,-13.7845
2020-09-18,TNA,TNA,13040000.0,32.6,-0.0298,-728829000.0,13040000.0,0.0,0.7227,8005000.0,39964000.0,BALANCED,30.0666
2020-09-21,TNA,TNA,-5860000.0,29.3,-0.1012,-734689000.0,0.0,-5860000.0,-0.1871,2145000.0,34104000.0,BALANCED,3.3227
2020-09-22,TNA,TNA,79474000.0,29.99,0.0236,-655215000.0,79474000.0,0.0,3.049,68579000.0,116964000.0,ACCUMULATION,88.2259
2020-09-23,TNA,TNA,-17725000.0,27.27,-0.0907,-672940000.0,0.0,-17725000.0,-1.0451,65569000.0,111458000.0,BALANCED,-18.1278
2020-09-24,TNA,TNA,-5456000.0,27.28,0.0004,-678396000.0,0.0,-5456000.0,-0.4678,63473000.0,90214000.0,BALANCED,-5.6952
2020-09-25,TNA,TNA,-2859000.0,28.59,0.048,-681255000.0,0.0,-2859000.0,-0.297,47574000.0,65023000.0,BALANCED,-3.4253
2020-09-28,TNA,TNA,-4599000.0,30.66,0.0724,-685854000.0,0.0,-4599000.0,-0.3786,48835000.0,32711000.0,BALANCED,-7.4661
2020-09-29,TNA,TNA,-37912000.0,30.33,-0.0108,-723766000.0,0.0,-37912000.0,-1.9217,-68551000.0,132000.0,DISTRIBUTION,-68.0422
2020-09-30,TNA,TNA,0.0,30.53,0.0066,-723766000.0,0.0,0.0,-0.0814,-50826000.0,132000.0,BALANCED,-12.0347
2020-10-01,TNA,TNA,-3197000.0,31.97,0.0472,-726963000.0,0.0,-3197000.0,-0.2312,-48567000.0,-6622000.0,BALANCED,-17.7802
2020-10-02,TNA,TNA,-12984000.0,32.46,0.0153,-739947000.0,0.0,-12984000.0,-0.6713,-58692000.0,-3191000.0,BALANCED,-30.7824
2020-10-05,TNA,TNA,-35150000.0,35.15,0.0829,-775097000.0,0.0,-35150000.0,-1.603,-89243000.0,-15088000.0,DISTRIBUTION,-56.0757
2020-10-06,TNA,TNA,-34840000.0,34.84,-0.0088,-809937000.0,0.0,-34840000.0,-1.4799,-86171000.0,-82528000.0,BALANCED,-54.9964
2020-10-07,TNA,TNA,-35226000.0,37.08,0.0643,-845163000.0,0.0,-35226000.0,-1.4157,-121397000.0,-117754000.0,BALANCED,-55.3926
2020-10-08,TNA,TNA,-32563000.0,38.31,0.0332,-877726000.0,0.0,-32563000.0,-1.2132,-150763000.0,-145516000.0,BALANCED,-52.329
2020-10-09,TNA,TNA,7786000.0,38.93,0.0162,-869940000.0,7786000.0,0.0,0.508,-129993000.0,-133106000.0,BALANCED,4.6998
2020-10-12,TNA,TNA,-47688000.0,39.74,0.0208,-917628000.0,0.0,-47688000.0,-1.7143,-142531000.0,-180794000.0,DISTRIBUTION,-54.8573
2020-10-13,TNA,TNA,-21378000.0,38.87,-0.0219,-939006000.0,0.0,-21378000.0,-0.5896,-129069000.0,-215212000.0,BALANCED,-28.7408
2020-10-14,TNA,TNA,0.0,37.78,-0.028,-939006000.0,0.0,0.0,0.2976,-93843000.0,-200497000.0,BALANCED,-2.5607
2020-10-15,TNA,TNA,-3899000.0,38.99,0.032,-942905000.0,0.0,-3899000.0,0.1465,-65179000.0,-201036000.0,BALANCED,-8.3366
2020-10-16,TNA,TNA,-3863000.0,38.63,-0.0092,-946768000.0,0.0,-3863000.0,0.1309,-76828000.0,-217939000.0,BALANCED,-10.7274
2020-10-19,TNA,TNA,-44640000.0,37.2,-0.037,-991408000.0,0.0,-44640000.0,-1.4907,-73780000.0,-256719000.0,BALANCED,-53.2672
2020-10-20,TNA,TNA,9370000.0,37.48,0.0075,-982038000.0,9370000.0,0.0,0.7499,-43032000.0,-326823000.0,BALANCED,10.7482
2020-10-21,TNA,TNA,1826000.0,36.51,-0.0259,-980212000.0,1826000.0,0.0,0.4301,-41206000.0,-307272000.0,BALANCED,4.7529
2020-10-22,TNA,TNA,45996000.0,38.33,0.0498,-934216000.0,45996000.0,0.0,2.0418,8689000.0,-255820000.0,ACCUMULATION,67.0452
2020-10-23,TNA,TNA,5856000.0,39.04,0.0185,-928360000.0,5856000.0,0.0,0.4721,18408000.0,-247105000.0,BALANCED,29.8034
2020-10-26,TNA,TNA,1826000.0,36.52,-0.0645,-926534000.0,1826000.0,0.0,0.3141,64874000.0,-240680000.0,BALANCED,27.8532
2020-10-27,TNA,TNA,31977000.0,35.53,-0.0271,-894557000.0,31977000.0,0.0,1.4134,87481000.0,-170791000.0,BALANCED,57.3357
2020-10-28,TNA,TNA,0.0,32.34,-0.0898,-894557000.0,0.0,0.0,0.1954,85655000.0,-170791000.0,BALANCED,14.8861
2020-10-29,TNA,TNA,0.0,33.49,0.0356,-894557000.0,0.0,0.0,0.1911,39659000.0,-167594000.0,BALANCED,14.7781
2020-10-30,TNA,TNA,8008000.0,32.03,-0.0436,-886549000.0,8008000.0,0.0,0.5001,41811000.0,-146602000.0,BALANCED,24.5017
2020-11-02,TNA,TNA,1694000.0,33.88,0.0578,-884855000.0,1694000.0,0.0,0.2523,41679000.0,-109758000.0,BALANCED,20.3067
2020-11-03,TNA,TNA,20257000.0,36.83,0.0871,-864598000.0,20257000.0,0.0,1.2469,29959000.0,-54661000.0,BALANCED,47.1717
2020-11-04,TNA,TNA,-20289000.0,36.89,0.0016,-884887000.0,0.0,-20289000.0,-0.6041,9670000.0,-39724000.0,BALANCED,-7.1013
2020-11-05,TNA,TNA,-23994000.0,39.99,0.084,-908881000.0,0.0,-23994000.0,-0.7379,-14324000.0,-31155000.0,BALANCED,-32.4466
2020-11-06,TNA,TNA,-15548000.0,38.87,-0.028,-924429000.0,0.0,-15548000.0,-0.3363,-37880000.0,-54489000.0,BALANCED,-24.4067
2020-11-09,TNA,TNA,-73406000.0,43.18,0.1109,-997835000.0,0.0,-73406000.0,-2.5083,-112980000.0,-80207000.0,DISTRIBUTION,-80.7068
2020-11-10,TNA,TNA,-77537000.0,45.61,0.0563,-1075372000.0,0.0,-77537000.0,-2.3898,-210774000.0,-136366000.0,DISTRIBUTION,-79.7441
2020-11-11,TNA,TNA,0.0,45.59,-0.0004,-1075372000.0,0.0,0.0,0.4256,-190485000.0,-136366000.0,BALANCED,0.6388
2020-11-12,TNA,TNA,19521000.0,43.38,-0.0485,-1055851000.0,19521000.0,0.0,1.0852,-146970000.0,-112946000.0,BALANCED,19.1302
2020-11-13,TNA,TNA,-13833000.0,46.11,0.0629,-1069684000.0,0.0,-13833000.0,-0.1012,-145255000.0,-122916000.0,BALANCED,-14.5289
2020-11-16,TNA,TNA,-24690000.0,49.38,0.0709,-1094374000.0,0.0,-24690000.0,-0.5045,-96539000.0,-102966000.0,BALANCED,-26.6114
2020-11-17,TNA,TNA,24975000.0,49.95,0.0115,-1069399000.0,24975000.0,0.0,1.1926,5973000.0,-87361000.0,BALANCED,41.8151
2020-11-18,TNA,TNA,31220000.0,48.03,-0.0384,-1038179000.0,31220000.0,0.0,1.3147,37193000.0,-57967000.0,BALANCED,46.8681
2020-11-19,TNA,TNA,0.0,49.22,0.0248,-1038179000.0,0.0,0.0,0.1895,17672000.0,-103963000.0,BALANCED,14.7365
2020-11-20,TNA,TNA,2466000.0,49.32,0.002,-1035713000.0,2466000.0,0.0,0.2838,33971000.0,-107353000.0,BALANCED,19.0947
2020-11-24,TNA,TNA,-8262000.0,55.08,0.1168,-1043975000.0,0.0,-8262000.0,-0.1499,50399000.0,-117441000.0,BALANCED,4.2527
2020-11-27,TNA,TNA,66264000.0,55.22,0.0025,-977711000.0,66264000.0,0.0,2.274,91688000.0,-83154000.0,ACCUMULATION,68.8507
2020-11-30,TNA,TNA,-10420000.0,52.1,-0.0565,-988131000.0,0.0,-10420000.0,-0.2952,50048000.0,-93574000.0,BALANCED,0.6203
2020-12-01,TNA,TNA,8027000.0,53.51,0.0271,-980104000.0,8027000.0,0.0,0.311,58075000.0,-85547000.0,BALANCED,19.7742
2020-12-02,TNA,TNA,0.0,53.68,0.0032,-980104000.0,0.0,0.0,0.0373,55609000.0,-93555000.0,BALANCED,10.9323
2020-12-03,TNA,TNA,0.0,54.62,0.0175,-980104000.0,0.0,0.0,-0.0132,63871000.0,-95249000.0,BALANCED,9.6711
2020-12-04,TNA,TNA,0.0,58.48,0.0707,-980104000.0,0.0,0.0,-0.0023,-2393000.0,-115506000.0,BALANCED,-10.0564
2020-12-07,TNA,TNA,-11684000.0,58.42,-0.001,-991788000.0,0.0,-11684000.0,-0.3941,-3657000.0,-106901000.0,BALANCED,-21.8526
2020-12-09,TNA,TNA,0.0,59.38,0.0164,-991788000.0,0.0,0.0,0.0703,-11684000.0,-82907000.0,BALANCED,-8.2425
2020-12-10,TNA,TNA,9192000.0,61.28,0.032,-982596000.0,9192000.0,0.0,0.4024,-2492000.0,-58167000.0,BALANCED,2.059
2020-12-11,TNA,TNA,9038000.0,60.25,-0.0168,-973558000.0,9038000.0,0.0,0.387,6546000.0,24277000.0,BALANCED,23.6754
2020-12-14,TNA,TNA,21168000.0,60.48,0.0038,-952390000.0,21168000.0,0.0,0.8549,27714000.0,122982000.0,BALANCED,37.3729
2020-12-15,TNA,TNA,-9730000.0,64.87,0.0726,-962120000.0,0.0,-9730000.0,-0.2765,29668000.0,113252000.0,BALANCED,1.0887
2020-12-16,TNA,TNA,12834000.0,64.17,-0.0108,-949286000.0,12834000.0,0.0,0.5392,42502000.0,106565000.0,BALANCED,25.4788
2020-12-17,TNA,TNA,13326000.0,66.63,0.0383,-935960000.0,13326000.0,0.0,0.549,46636000.0,133724000.0,BALANCED,27.7261
2020-12-18,TNA,TNA,-19734000.0,65.78,-0.0128,-955694000.0,0.0,-19734000.0,-0.6326,17864000.0,138680000.0,BALANCED,-7.816
2020-12-21,TNA,TNA,-29601000.0,65.78,0.0,-985295000.0,0.0,-29601000.0,-0.9283,-32905000.0,84104000.0,BALANCED,-37.2077
2020-12-22,TNA,TNA,23727000.0,67.79,0.0307,-961568000.0,23727000.0,0.0,0.9445,552000.0,76611000.0,BALANCED,35.6123
2020-12-23,TNA,TNA,-13908000.0,69.54,0.0258,-975476000.0,0.0,-13908000.0,-0.4232,-26190000.0,62703000.0,BALANCED,-22.5795
2020-12-24,TNA,TNA,-13848000.0,69.24,-0.0043,-989324000.0,0.0,-13848000.0,-0.4235,-53364000.0,46389000.0,BALANCED,-24.5867
2020-12-28,TNA,TNA,-44486000.0,68.44,-0.0116,-1033810000.0,0.0,-44486000.0,-1.7015,-78116000.0,10165000.0,DISTRIBUTION,-58.5387
2020-12-29,TNA,TNA,19386000.0,64.62,-0.0558,-1014424000.0,19386000.0,0.0,0.8181,-29129000.0,-36713000.0,BALANCED,12.4513
2020-12-30,TNA,TNA,3335000.0,66.69,0.032,-1011089000.0,3335000.0,0.0,0.0562,-49521000.0,-22958000.0,BALANCED,-4.5949
2021-01-04,TNA,TNA,12668000.0,63.34,-0.0502,-998421000.0,12668000.0,0.0,0.5107,-22945000.0,-18317000.0,BALANCED,8.7687
2021-01-05,TNA,TNA,-16630000.0,66.52,0.0502,-1015051000.0,0.0,-16630000.0,-0.8731,-25727000.0,-34947000.0,BALANCED,-33.8275
2021-01-06,TNA,TNA,-44706000.0,74.51,0.1201,-1059757000.0,0.0,-44706000.0,-2.058,-25947000.0,-79653000.0,DISTRIBUTION,-65.4508
2021-01-07,TNA,TNA,-110166000.0,78.69,0.0561,-1169923000.0,0.0,-110166000.0,-3.594,-155499000.0,-189819000.0,DISTRIBUTION,-100.0
2021-01-08,TNA,TNA,-27338000.0,78.11,-0.0074,-1197261000.0,0.0,-27338000.0,-0.7523,-186172000.0,-205473000.0,BALANCED,-36.8069
2021-01-11,TNA,TNA,-19502000.0,78.01,-0.0013,-1216763000.0,0.0,-19502000.0,-0.4611,-218342000.0,-224975000.0,BALANCED,-31.5269
2021-01-12,TNA,TNA,-57505000.0,82.15,0.0531,-1274268000.0,0.0,-57505000.0,-1.6089,-259217000.0,-291672000.0,DISTRIBUTION,-62.2225
2021-01-13,TNA,TNA,-96384000.0,80.32,-0.0223,-1370652000.0,0.0,-96384000.0,-2.4585,-310895000.0,-397094000.0,DISTRIBUTION,-85.4619
2021-01-14,TNA,TNA,-4262000.0,85.24,0.0613,-1374914000.0,0.0,-4262000.0,0.2839,-204991000.0,-422524000.0,BALANCED,-18.9017
2021-01-15,TNA,TNA,-28493000.0,81.41,-0.0449,-1403407000.0,0.0,-28493000.0,-0.4616,-206146000.0,-441287000.0,BALANCED,-39.5405
2021-01-19,TNA,TNA,-38070000.0,84.6,0.0392,-1441477000.0,0.0,-38070000.0,-0.7145,-224714000.0,-492191000.0,BALANCED,-47.8625
2021-01-20,TNA,TNA,85710000.0,85.71,0.0131,-1355767000.0,85710000.0,0.0,2.6792,-81499000.0,-419807000.0,ACCUMULATION,58.9793
2021-01-21,TNA,TNA,-4171000.0,83.43,-0.0266,-1359938000.0,0.0,-4171000.0,0.2318,10714000.0,-404244000.0,BALANCED,13.7955
2021-01-22,TNA,TNA,-12984000.0,86.56,0.0375,-1372922000.0,0.0,-12984000.0,0.003,1992000.0,-387627000.0,BALANCED,6.0752
2021-01-25,TNA,TNA,12897000.0,85.98,-0.0067,-1360025000.0,12897000.0,0.0,0.683,43382000.0,-398457000.0,BALANCED,29.0758
2021-01-26,TNA,TNA,-4217000.0,84.34,-0.0191,-1364242000.0,0.0,-4217000.0,0.2227,77235000.0,-388766000.0,BALANCED,13.5675
2021-01-27,TNA,TNA,19883000.0,79.53,-0.057,-1344359000.0,19883000.0,0.0,0.8614,11408000.0,-355035000.0,BALANCED,33.536
2021-01-28,TNA,TNA,7919000.0,79.19,-0.0043,-1336440000.0,7919000.0,0.0,0.5401,23498000.0,-302630000.0,BALANCED,27.5025
2021-01-29,TNA,TNA,-15098000.0,75.49,-0.0467,-1351538000.0,0.0,-15098000.0,-0.0491,21384000.0,-337114000.0,BALANCED,6.7727
2021-02-01,TNA,TNA,20295000.0,81.18,0.0754,-1331243000.0,20295000.0,0.0,0.8803,28782000.0,-320154000.0,BALANCED,34.0072
2021-02-02,TNA,TNA,-58933000.0,84.19,0.0371,-1390176000.0,0.0,-58933000.0,-1.1745,-25934000.0,-391755000.0,BALANCED,-41.3619
2021-02-03,TNA,TNA,17024000.0,85.12,0.011,-1373152000.0,17024000.0,0.0,0.8367,-28793000.0,-358101000.0,BALANCED,12.9164
2021-02-04,TNA,TNA,-13531000.0,90.21,0.0598,-1386683000.0,0.0,-13531000.0,0.0221,-50243000.0,-326926000.0,BALANCED,-11.4469
2021-02-05,TNA,TNA,-65800000.0,94.0,0.042,-1452483000.0,0.0,-65800000.0,-1.2938,-100945000.0,-282560000.0,BALANCED,-46.3455
2021-02-08,TNA,TNA,-50570000.0,101.14,0.076,-1503053000.0,0.0,-50570000.0,-0.8426,-171810000.0,-305792000.0,BALANCED,-37.0645
2021-02-09,TNA,TNA,0.0,102.41,0.0126,-1503053000.0,0.0,0.0,0.4541,-112877000.0,-286290000.0,BALANCED,1.3513
2021-02-10,TNA,TNA,-5011000.0,100.23,-0.0213,-1508064000.0,0.0,-5011000.0,0.3166,-134912000.0,-233796000.0,BALANCED,-4.0862
2021-02-11,TNA,TNA,0.0,100.49,0.0026,-1508064000.0,0.0,0.0,0.4099,-121381000.0,-137412000.0,BALANCED,0.2471
2021-02-12,TNA,TNA,-10108000.0,101.08,0.0059,-1518172000.0,0.0,-10108000.0,0.1758,-65689000.0,-143258000.0,BALANCED,-7.6043
2021-02-16,TNA,TNA,29688000.0,98.96,-0.021,-1488484000.0,29688000.0,0.0,1.1756,14569000.0,-85077000.0,BALANCED,41.3899
2021-02-17,TNA,TNA,48370000.0,96.74,-0.0224,-1440114000.0,48370000.0,0.0,1.5688,62939000.0,1363000.0,ACCUMULATION,53.2191
2021-02-18,TNA,TNA,32186000.0,91.96,-0.0494,-1407928000.0,32186000.0,0.0,1.1013,100136000.0,-52161000.0,BALANCED,43.533
2021-02-19,TNA,TNA,4896000.0,97.91,0.0647,-1403032000.0,4896000.0,0.0,0.4005,105032000.0,-43094000.0,BALANCED,28.012
2021-02-22,TNA,TNA,14387000.0,95.91,-0.0204,-1388645000.0,14387000.0,0.0,0.5936,129527000.0,-15723000.0,BALANCED,34.8408
2021-02-23,TNA,TNA,14007000.0,93.38,-0.0264,-1374638000.0,14007000.0,0.0,0.5455,113846000.0,-14613000.0,BALANCED,35.6381
2021-02-24,TNA,TNA,80024000.0,100.03,0.0712,-1294614000.0,80024000.0,0.0,2.085,145500000.0,69628000.0,ACCUMULATION,76.1242
2021-02-25,TNA,TNA,-4449000.0,88.98,-0.1105,-1299063000.0,0.0,-4449000.0,-0.0947,108865000.0,45296000.0,BALANCED,5.6324
2021-02-26,TNA,TNA,75642000.0,88.99,0.0001,-1223421000.0,75642000.0,0.0,1.9499,179611000.0,113019000.0,ACCUMULATION,60.7485
2021-03-03,TNA,TNA,-13420000.0,89.47,0.0054,-1236841000.0,0.0,-13420000.0,-0.4952,151804000.0,114697000.0,BALANCED,-4.3803
2021-03-04,TNA,TNA,4103000.0,82.06,-0.0828,-1232738000.0,4103000.0,0.0,-0.0442,141900000.0,98505000.0,BALANCED,10.8941
2021-03-05,TNA,TNA,78525000.0,87.25,0.0632,-1154213000.0,78525000.0,0.0,1.8515,140401000.0,235963000.0,ACCUMULATION,60.2881
2021-03-08,TNA,TNA,22130000.0,88.52,0.0146,-1132083000.0,22130000.0,0.0,0.4258,166980000.0,241069000.0,BALANCED,26.6447
2021-03-09,TNA,TNA,-84330000.0,93.7,0.0585,-1216413000.0,0.0,-84330000.0,-2.3273,7008000.0,170270000.0,DISTRIBUTION,-50.1834
2021-03-10,TNA,TNA,-79000000.0,98.75,0.0539,-1295413000.0,0.0,-79000000.0,-1.9832,-58572000.0,157070000.0,DISTRIBUTION,-63.5797
2021-03-11,TNA,TNA,-26390000.0,105.56,0.069,-1321803000.0,0.0,-26390000.0,-0.6679,-89065000.0,181250000.0,BALANCED,-32.6963
2021-03-12,TNA,TNA,-21500000.0,107.5,0.0184,-1343303000.0,0.0,-21500000.0,-0.5333,-189090000.0,159750000.0,BALANCED,-31.3334
2021-03-15,TNA,TNA,-86824000.0,108.53,0.0096,-1430127000.0,0.0,-86824000.0,-1.8914,-298044000.0,77937000.0,DISTRIBUTION,-67.2859
2021-03-16,TNA,TNA,5149000.0,102.97,-0.0512,-1424978000.0,5149000.0,0.0,0.1826,-208565000.0,83086000.0,BALANCED,-3.4362
2021-03-17,TNA,TNA,-21048000.0,105.24,0.022,-1446026000.0,0.0,-21048000.0,-0.4027,-150613000.0,72146000.0,BALANCED,-22.0685
2021-03-18,TNA,TNA,-14383000.0,95.89,-0.0888,-1460409000.0,0.0,-14383000.0,-0.2277,-138606000.0,28075000.0,BALANCED,-19.692
2021-03-19,TNA,TNA,-4916000.0,98.33,0.0254,-1465325000.0,0.0,-4916000.0,-0.056,-122022000.0,-25211000.0,BALANCED,-17.4003
2021-03-22,TNA,TNA,19150000.0,95.75,-0.0262,-1446175000.0,19150000.0,0.0,0.501,-16048000.0,-38247000.0,BALANCED,4.5258
2021-03-23,TNA,TNA,34176000.0,85.44,-0.1077,-1411999000.0,34176000.0,0.0,0.8044,12979000.0,-8967000.0,BALANCED,34.1108
2021-03-24,TNA,TNA,119145000.0,79.43,-0.0703,-1292854000.0,119145000.0,0.0,2.423,153172000.0,95791000.0,ACCUMULATION,76.5745
2021-03-25,TNA,TNA,63698000.0,84.93,0.0692,-1229156000.0,63698000.0,0.0,1.163,231253000.0,145482000.0,BALANCED,47.0742
2021-03-26,TNA,TNA,58130000.0,89.43,0.053,-1171026000.0,58130000.0,0.0,0.9861,294299000.0,123588000.0,BALANCED,44.6531
2021-03-29,TNA,TNA,-4092000.0,81.85,-0.0848,-1175118000.0,0.0,-4092000.0,-0.3184,271057000.0,123945000.0,BALANCED,0.0411
2021-03-30,TNA,TNA,8610000.0,86.1,0.0519,-1166508000.0,8610000.0,0.0,-0.0582,245491000.0,56913000.0,BALANCED,10.5446
2021-03-31,TNA,TNA,-22285000.0,89.14,0.0353,-1188793000.0,0.0,-22285000.0,-0.6943,104061000.0,48048000.0,BALANCED,-9.3571
2021-04-01,TNA,TNA,18602000.0,93.01,0.0434,-1170191000.0,18602000.0,0.0,0.1672,58965000.0,62547000.0,BALANCED,16.1796
2021-04-05,TNA,TNA,-70800000.0,94.4,0.0149,-1240991000.0,0.0,-70800000.0,-1.565,-69965000.0,-86778000.0,DISTRIBUTION,-51.1248
2021-04-06,TNA,TNA,-4683000.0,93.66,-0.0078,-1245674000.0,0.0,-4683000.0,-0.2048,-70556000.0,-113591000.0,BALANCED,-19.1192
2021-04-07,TNA,TNA,-17832000.0,89.16,-0.048,-1263506000.0,0.0,-17832000.0,-0.4545,-96998000.0,-47093000.0,BALANCED,-27.3631
2021-04-08,TNA,TNA,41171000.0,91.49,0.0261,-1222335000.0,41171000.0,0.0,0.7142,-33542000.0,73078000.0,BALANCED,9.8543
2021-04-09,TNA,TNA,0.0,91.58,0.001,-1222335000.0,0.0,0.0,-0.1018,-52144000.0,99468000.0,BALANCED,-12.545
2021-04-12,TNA,TNA,0.0,90.41,-0.0128,-1222335000.0,0.0,0.0,-0.0504,18656000.0,120968000.0,BALANCED,8.7405
2021-04-13,TNA,TNA,-17958000.0,89.79,-0.0069,-1240293000.0,0.0,-17958000.0,-0.4154,5381000.0,189834000.0,BALANCED,-2.384
2021-04-14,TNA,TNA,4608000.0,92.15,0.0263,-1235685000.0,4608000.0,0.0,0.1093,27821000.0,189293000.0,BALANCED,14.7326
2021-04-15,TNA,TNA,-51320000.0,93.31,0.0126,-1287005000.0,0.0,-51320000.0,-1.0613,-64670000.0,159021000.0,BALANCED,-38.5323
2021-04-16,TNA,TNA,-4697000.0,93.94,0.0068,-1291702000.0,0.0,-4697000.0,-0.0584,-69367000.0,168707000.0,BALANCED,-15.4601
2021-04-19,TNA,TNA,-27045000.0,90.15,-0.0403,-1318747000.0,0.0,-27045000.0,-0.4854,-96412000.0,146578000.0,BALANCED,-28.135
2021-04-20,TNA,TNA,8479000.0,84.79,-0.0595,-1310268000.0,8479000.0,0.0,0.3262,-69975000.0,135907000.0,BALANCED,0.1562
2021-04-21,TNA,TNA,118053000.0,90.81,0.071,-1192215000.0,118053000.0,0.0,2.486,43470000.0,219784000.0,ACCUMULATION,76.1494
2021-04-22,TNA,TNA,-58435000.0,89.9,-0.01,-1250650000.0,0.0,-58435000.0,-1.2999,36355000.0,42204000.0,BALANCED,-24.498
2021-04-23,TNA,TNA,-56820000.0,94.7,0.0534,-1307470000.0,0.0,-56820000.0,-1.2175,-15768000.0,-78314000.0,BALANCED,-44.4386
2021-04-26,TNA,TNA,-39164000.0,97.91,0.0339,-1346634000.0,0.0,-39164000.0,-0.823,-27887000.0,-175608000.0,BALANCED,-36.5744
2021-04-27,TNA,TNA,-14748000.0,98.32,0.0042,-1361382000.0,0.0,-14748000.0,-0.3816,-51114000.0,-186264000.0,BALANCED,-27.5398
2021-04-28,TNA,TNA,-29613000.0,98.71,0.004,-1390995000.0,0.0,-29613000.0,-0.6828,-198780000.0,-224487000.0,BALANCED,-37.0709
2021-04-29,TNA,TNA,-34163000.0,97.61,-0.0111,-1425158000.0,0.0,-34163000.0,-0.7693,-174508000.0,-236365000.0,BALANCED,-41.2325
2021-04-30,TNA,TNA,-14077000.0,93.85,-0.0385,-1439235000.0,0.0,-14077000.0,-0.3263,-131765000.0,-269044000.0,BALANCED,-32.1567
2021-05-03,TNA,TNA,19040000.0,95.2,0.0144,-1420195000.0,19040000.0,0.0,0.3861,-73561000.0,-179204000.0,BALANCED,1.6526
2021-05-04,TNA,TNA,-22897000.0,91.59,-0.0379,-1443092000.0,0.0,-22897000.0,-0.5055,-81710000.0,-197418000.0,BALANCED,-24.6366
2021-05-05,TNA,TNA,-4534000.0,90.69,-0.0098,-1447626000.0,0.0,-4534000.0,-0.0743,-56631000.0,-184120000.0,BALANCED,-15.8571
2021-05-06,TNA,TNA,-4538000.0,90.76,0.0008,-1452164000.0,0.0,-4538000.0,0.0199,-27006000.0,-229829000.0,BALANCED,-15.5036
2021-05-07,TNA,TNA,33033000.0,94.38,0.0399,-1419131000.0,33033000.0,0.0,1.0527,20104000.0,-196796000.0,BALANCED,38.3176
2021-05-10,TNA,TNA,-30474000.0,87.07,-0.0775,-1449605000.0,0.0,-30474000.0,-0.5955,-29410000.0,-227270000.0,BALANCED,-26.8864
2021-05-11,TNA,TNA,60459000.0,86.37,-0.008,-1389146000.0,60459000.0,0.0,1.7886,53946000.0,-148853000.0,ACCUMULATION,56.7152
2021-05-12,TNA,TNA,42862000.0,77.93,-0.0977,-1346284000.0,42862000.0,0.0,1.2595,101342000.0,-110599000.0,BALANCED,45.4887
2021-05-13,TNA,TNA,16390000.0,81.95,0.0516,-1329894000.0,16390000.0,0.0,0.5427,122270000.0,-42889000.0,BALANCED,29.5667
2021-05-14,TNA,TNA,-4401000.0,88.03,0.0742,-1334295000.0,0.0,-4401000.0,0.0277,84836000.0,-42593000.0,BALANCED,8.6921
2021-05-17,TNA,TNA,-35336000.0,88.34,0.0035,-1369631000.0,0.0,-35336000.0,-0.8377,79974000.0,-50884000.0,BALANCED,-14.9427
2021-05-18,TNA,TNA,86390000.0,86.39,-0.0221,-1283241000.0,86390000.0,0.0,2.1591,105905000.0,27027000.0,ACCUMULATION,65.9784
2021-05-19,TNA,TNA,-67496000.0,84.37,-0.0234,-1350737000.0,0.0,-67496000.0,-1.528,-4453000.0,-158522000.0,DISTRIBUTION,-50.2008
2021-05-20,TNA,TNA,4301000.0,86.02,0.0196,-1346436000.0,4301000.0,0.0,0.2035,-16542000.0,-95786000.0,BALANCED,-2.9136
2021-05-21,TNA,TNA,-30397000.0,86.85,0.0096,-1376833000.0,0.0,-30397000.0,-0.6049,-42538000.0,-69363000.0,BALANCED,-27.1225
2021-05-24,TNA,TNA,105984000.0,88.32,0.0169,-1270849000.0,105984000.0,0.0,2.3184,98782000.0,75785000.0,ACCUMULATION,69.9596
2021-05-25,TNA,TNA,-115762000.0,85.75,-0.0291,-1386611000.0,0.0,-115762000.0,-2.1817,-103370000.0,-25229000.0,DISTRIBUTION,-66.5426
2021-05-26,TNA,TNA,-31766000.0,90.76,0.0584,-1418377000.0,0.0,-31766000.0,-0.5032,-67640000.0,-27382000.0,BALANCED,-26.5804
2021-05-27,TNA,TNA,-42138000.0,93.64,0.0317,-1460515000.0,0.0,-42138000.0,-0.7161,-114079000.0,-35357000.0,BALANCED,-33.9013
2021-05-28,TNA,TNA,-37284000.0,93.21,-0.0046,-1497799000.0,0.0,-37284000.0,-0.5953,-120966000.0,-58564000.0,BALANCED,-32.8815
2021-06-01,TNA,TNA,-48190000.0,96.38,0.034,-1545989000.0,0.0,-48190000.0,-0.7882,-275140000.0,-125794000.0,BALANCED,-39.7062
2021-06-02,TNA,TNA,-29028000.0,96.76,0.0039,-1575017000.0,0.0,-29028000.0,-0.3917,-188406000.0,-131925000.0,BALANCED,-31.7925
2021-06-03,TNA,TNA,-23602000.0,94.41,-0.0243,-1598619000.0,0.0,-23602000.0,-0.22,-180242000.0,-150993000.0,BALANCED,-29.4991
2021-06-04,TNA,TNA,0.0,95.36,0.0101,-1598619000.0,0.0,0.0,0.2579,-138104000.0,-146455000.0,BALANCED,-3.5523
2021-06-07,TNA,TNA,-19880000.0,99.4,0.0424,-1618499000.0,0.0,-19880000.0,-0.2153,-120700000.0,-199368000.0,BALANCED,-17.3814
2021-06-08,TNA,TNA,-82048000.0,102.56,0.0318,-1700547000.0,0.0,-82048000.0,-1.5333,-154558000.0,-250942000.0,DISTRIBUTION,-52.3313
2021-06-09,TNA,TNA,175718000.0,100.41,-0.021,-1524829000.0,175718000.0,0.0,3.1682,50188000.0,-135683000.0,ACCUMULATION,91.2058
2021-06-10,TNA,TNA,-216370000.0,98.35,-0.0205,-1741199000.0,0.0,-216370000.0,-2.972,-142580000.0,-394915000.0,DISTRIBUTION,-86.301
2021-06-11,TNA,TNA,-15217000.0,101.45,0.0315,-1756416000.0,0.0,-15217000.0,-0.0607,-157797000.0,-426522000.0,BALANCED,-15.5183
2021-06-14,TNA,TNA,0.0,100.29,-0.0114,-1756416000.0,0.0,0.0,0.1537,-137917000.0,-422121000.0,BALANCED,-6.1567
2021-06-15,TNA,TNA,4975000.0,99.5,-0.0079,-1751441000.0,4975000.0,0.0,0.2334,-50894000.0,-381810000.0,BALANCED,-2.1642
2021-06-16,TNA,TNA,14823000.0,98.82,-0.0068,-1736618000.0,14823000.0,0.0,0.358,-211789000.0,-453377000.0,BALANCED,2.9502
2021-06-17,TNA,TNA,28611000.0,95.37,-0.0349,-1708007000.0,28611000.0,0.0,0.5398,33192000.0,-357270000.0,BALANCED,29.4941
2021-06-18,TNA,TNA,71264000.0,89.08,-0.066,-1636743000.0,71264000.0,0.0,1.0964,119673000.0,-290307000.0,BALANCED,45.4089
2021-06-21,TNA,TNA,4742000.0,94.84,0.0647,-1632001000.0,4742000.0,0.0,0.1685,124415000.0,-255168000.0,BALANCED,24.2121
2021-06-22,TNA,TNA,-4804000.0,96.08,0.0131,-1636805000.0,0.0,-4804000.0,0.0205,114636000.0,-365956000.0,BALANCED,8.512
2021-06-23,TNA,TNA,29109000.0,97.03,0.0099,-1607696000.0,29109000.0,0.0,0.525,128922000.0,-221085000.0,BALANCED,25.125
2021-06-24,TNA,TNA,-15135000.0,100.9,0.0399,-1622831000.0,0.0,-15135000.0,-0.0861,85176000.0,-204454000.0,BALANCED,5.8463
2021-06-25,TNA,TNA,-131404000.0,101.08,0.0018,-1754235000.0,0.0,-131404000.0,-1.6286,-117492000.0,-293720000.0,DISTRIBUTION,-54.7146
2021-06-28,TNA,TNA,4967000.0,99.34,-0.0172,-1749268000.0,4967000.0,0.0,0.2609,-117267000.0,-251469000.0,BALANCED,-1.4783
2021-06-29,TNA,TNA,200367000.0,97.74,-0.0161,-1548901000.0,200367000.0,0.0,2.5217,87904000.0,-2912000.0,ACCUMULATION,77.0424
2021-06-30,TNA,TNA,-166464000.0,97.92,0.0018,-1715365000.0,0.0,-166464000.0,-1.79,-107669000.0,-140348000.0,DISTRIBUTION,-56.751
2021-07-01,TNA,TNA,10036000.0,100.36,0.0249,-1705329000.0,10036000.0,0.0,0.2588,-82498000.0,-106710000.0,BALANCED,-1.5304
2021-07-02,TNA,TNA,9734000.0,97.34,-0.0301,-1695595000.0,9734000.0,0.0,0.2529,58640000.0,-96976000.0,BALANCED,20.3235
2021-07-06,TNA,TNA,65317000.0,93.31,-0.0414,-1630278000.0,65317000.0,0.0,0.8621,118990000.0,-11779000.0,BALANCED,37.5526
2021-07-07,TNA,TNA,290112000.0,90.66,-0.0284,-1340166000.0,290112000.0,0.0,2.9383,208735000.0,360381000.0,ACCUMULATION,91.4576
2021-07-08,TNA,TNA,-154192000.0,88.11,-0.0281,-1494358000.0,0.0,-154192000.0,-1.4872,221007000.0,30471000.0,BALANCED,-29.1803
2021-07-09,TNA,TNA,0.0,93.8,0.0646,-1494358000.0,0.0,0.0,0.025,210971000.0,246841000.0,BALANCED,10.6261
2021-07-12,TNA,TNA,9402000.0,94.02,0.0023,-1484956000.0,9402000.0,0.0,0.1013,210639000.0,271460000.0,BALANCED,14.5322
2021-07-13,TNA,TNA,8871000.0,88.71,-0.0565,-1476085000.0,8871000.0,0.0,0.081,154193000.0,280331000.0,BALANCED,16.0238
2021-07-14,TNA,TNA,71757000.0,84.42,-0.0484,-1404328000.0,71757000.0,0.0,0.6636,-64162000.0,347113000.0,BALANCED,12.5905
2021-07-15,TNA,TNA,87171000.0,83.02,-0.0166,-1317157000.0,87171000.0,0.0,0.7711,177201000.0,419461000.0,BALANCED,37.2777
2021-07-16,TNA,TNA,63952000.0,79.94,-0.0371,-1253205000.0,63952000.0,0.0,0.5131,241153000.0,454802000.0,BALANCED,32.8275
2021-07-19,TNA,TNA,61064000.0,76.33,-0.0452,-1192141000.0,61064000.0,0.0,0.4632,292815000.0,444602000.0,BALANCED,33.5812
2021-07-20,TNA,TNA,-4161000.0,83.22,0.0903,-1196302000.0,0.0,-4161000.0,-0.178,279783000.0,435699000.0,BALANCED,3.5497
2021-07-21,TNA,TNA,-43845000.0,87.69,0.0537,-1240147000.0,0.0,-43845000.0,-0.5836,164181000.0,396658000.0,BALANCED,-8.5895
2021-07-22,TNA,TNA,12539000.0,83.59,-0.0468,-1227608000.0,12539000.0,0.0,0.0272,89549000.0,380088000.0,BALANCED,12.6796
2021-07-23,TNA,TNA,12713000.0,84.75,0.0139,-1214895000.0,12713000.0,0.0,-0.0556,38310000.0,407936000.0,BALANCED,12.6097
2021-07-26,TNA,TNA,-8556000.0,85.56,0.0096,-1223451000.0,0.0,-8556000.0,-0.3033,-31310000.0,530784000.0,BALANCED,-19.5825
2021-07-27,TNA,TNA,28921000.0,82.63,-0.0342,-1194530000.0,28921000.0,0.0,0.1175,1772000.0,554738000.0,BALANCED,14.9374
2021-07-28,TNA,TNA,-12952000.0,86.35,0.045,-1207482000.0,0.0,-12952000.0,-0.3577,32665000.0,341419000.0,BALANCED,-0.9425
2021-07-29,TNA,TNA,-66120000.0,88.16,0.021,-1273602000.0,0.0,-66120000.0,-0.9241,-45994000.0,441763000.0,BALANCED,-37.1025
2021-07-30,TNA,TNA,-12976000.0,86.51,-0.0187,-1286578000.0,0.0,-12976000.0,-0.3058,-71683000.0,418751000.0,BALANCED,-23.6455
2021-08-02,TNA,TNA,-25572000.0,85.24,-0.0147,-1312150000.0,0.0,-25572000.0,-0.4137,-88699000.0,383445000.0,BALANCED,-28.3421
2021-08-06,TNA,TNA,-48922000.0,88.95,0.0435,-1361072000.0,0.0,-48922000.0,-0.6538,-166542000.0,269206000.0,BALANCED,-36.3448
2021-08-10,TNA,TNA,-26388000.0,87.96,-0.0111,-1387460000.0,0.0,-26388000.0,-0.3906,-179978000.0,-47294000.0,BALANCED,-31.7641
2021-08-11,TNA,TNA,-17852000.0,89.26,0.0148,-1405312000.0,0.0,-17852000.0,-0.2768,-131710000.0,89046000.0,BALANCED,-30.919
2021-08-12,TNA,TNA,-8855000.0,88.55,-0.008,-1414167000.0,0.0,-8855000.0,-0.178,-127589000.0,80191000.0,BALANCED,-30.4495
2021-08-13,TNA,TNA,4305000.0,86.09,-0.0278,-1409862000.0,4305000.0,0.0,-0.0845,-97712000.0,75094000.0,BALANCED,-10.1122
2021-08-16,TNA,TNA,0.0,83.79,-0.0267,-1409862000.0,0.0,0.0,-0.1332,-48790000.0,66223000.0,BALANCED,-13.3302
2021-08-17,TNA,TNA,16156000.0,80.78,-0.0359,-1393706000.0,16156000.0,0.0,0.1425,-6246000.0,10622000.0,BALANCED,-4.4383
2021-08-18,TNA,TNA,19680000.0,78.72,-0.0255,-1374026000.0,19680000.0,0.0,0.1187,31286000.0,-56869000.0,BALANCED,16.9667
2021-08-19,TNA,TNA,11379000.0,75.86,-0.0363,-1362647000.0,11379000.0,0.0,-0.0006,51520000.0,-109442000.0,BALANCED,15.9844
2021-08-20,TNA,TNA,35829000.0,79.62,0.0496,-1326818000.0,35829000.0,0.0,0.3358,83044000.0,-134677000.0,BALANCED,26.394
2021-08-26,TNA,TNA,-67768000.0,84.71,0.0639,-1394586000.0,0.0,-67768000.0,-1.0676,15276000.0,-198284000.0,BALANCED,-18.6902
2021-08-27,TNA,TNA,-119509000.0,91.93,0.0852,-1514095000.0,0.0,-119509000.0,-2.2144,-120389000.0,-273948000.0,DISTRIBUTION,-69.3593
2021-08-30,TNA,TNA,-40779000.0,90.62,-0.0142,-1554874000.0,0.0,-40779000.0,-0.8881,-180848000.0,-327266000.0,BALANCED,-38.202
2021-08-31,TNA,TNA,-4575000.0,91.5,0.0097,-1559449000.0,0.0,-4575000.0,-0.0551,-196802000.0,-344554000.0,BALANCED,-19.3777
2021-09-01,TNA,TNA,-9315000.0,93.15,0.018,-1568764000.0,0.0,-9315000.0,-0.1495,-241946000.0,-345313000.0,BALANCED,-23.7385
2021-09-02,TNA,TNA,-47600000.0,95.2,0.022,-1616364000.0,0.0,-47600000.0,-0.9689,-221778000.0,-421834000.0,BALANCED,-46.2221
2021-09-03,TNA,TNA,-14059000.0,93.73,-0.0154,-1630423000.0,0.0,-14059000.0,-0.1557,-116328000.0,-422941000.0,BALANCED,-27.8915
2021-09-07,TNA,TNA,0.0,91.73,-0.0213,-1630423000.0,0.0,0.0,0.2752,-75549000.0,-356821000.0,BALANCED,-3.12
2021-09-08,TNA,TNA,-4431000.0,88.63,-0.0338,-1634854000.0,0.0,-4431000.0,0.235,-75405000.0,-348276000.0,BALANCED,-6.1254
2021-09-09,TNA,TNA,0.0,88.56,-0.0008,-1634854000.0,0.0,0.0,0.4536,-66090000.0,-322704000.0,BALANCED,1.3403
2021-09-10,TNA,TNA,8599000.0,85.99,-0.029,-1626255000.0,8599000.0,0.0,0.7,-9891000.0,-265183000.0,BALANCED,9.4999
2021-09-13,TNA,TNA,4375000.0,87.5,0.0176,-1621880000.0,4375000.0,0.0,0.5271,8543000.0,-234420000.0,BALANCED,27.177
2021-09-14,TNA,TNA,8399000.0,83.99,-0.0401,-1613481000.0,8399000.0,0.0,0.6575,16942000.0,-208169000.0,BALANCED,32.4363
2021-09-15,TNA,TNA,125672000.0,86.67,0.0319,-1487809000.0,125672000.0,0.0,3.2975,147045000.0,-73642000.0,ACCUMULATION,100.0
2021-09-16,TNA,TNA,-4328000.0,86.56,-0.0013,-1492137000.0,0.0,-4328000.0,0.1132,142717000.0,-82275000.0,BALANCED,10.8304
2021-09-17,TNA,TNA,0.0,86.99,0.005,-1492137000.0,0.0,0.0,0.2462,134118000.0,-82275000.0,BALANCED,16.1552
2021-09-20,TNA,TNA,116943000.0,80.65,-0.0729,-1375194000.0,116943000.0,0.0,2.6373,246686000.0,18512000.0,ACCUMULATION,77.9317
2021-09-21,TNA,TNA,-4053000.0,81.07,0.0052,-1379247000.0,0.0,-4053000.0,-0.0118,234234000.0,-5221000.0,BALANCED,7.7049
2021-09-22,TNA,TNA,-33884000.0,84.71,0.0449,-1413131000.0,0.0,-33884000.0,-0.6542,74678000.0,-50484000.0,BALANCED,-10.3551
2021-09-23,TNA,TNA,-75922000.0,89.32,0.0544,-1489053000.0,0.0,-75922000.0,-1.4879,3084000.0,-162235000.0,BALANCED,-33.1977
2021-09-24,TNA,TNA,-26403000.0,88.01,-0.0147,-1515456000.0,0.0,-26403000.0,-0.4568,-23319000.0,-120870000.0,BALANCED,-29.4212
2021-09-27,TNA,TNA,-13785000.0,91.9,0.0442,-1529241000.0,0.0,-13785000.0,-0.1953,-154047000.0,-15146000.0,BALANCED,-24.8822
2021-09-28,TNA,TNA,0.0,85.69,-0.0676,-1529241000.0,0.0,0.0,0.0892,-149994000.0,25633000.0,BALANCED,-7.7708
2021-09-29,TNA,TNA,0.0,85.22,-0.0055,-1529241000.0,0.0,0.0,0.0828,-116110000.0,30208000.0,BALANCED,-7.93
2021-09-30,TNA,TNA,8283000.0,82.83,-0.028,-1520958000.0,8283000.0,0.0,0.2586,-31905000.0,47806000.0,BALANCED,-1.5356
2021-10-01,TNA,TNA,13047000.0,86.98,0.0501,-1507911000.0,13047000.0,0.0,0.3512,7545000.0,108453000.0,BALANCED,22.7807
2021-10-04,TNA,TNA,16852000.0,84.26,-0.0313,-1491059000.0,16852000.0,0.0,0.4325,38182000.0,139364000.0,BALANCED,26.8137
2021-10-08,TNA,TNA,-42950000.0,85.9,0.0195,-1534009000.0,0.0,-42950000.0,-0.8037,-4768000.0,96414000.0,BALANCED,-32.0936
2021-10-11,TNA,TNA,4223000.0,84.45,-0.0169,-1529786000.0,4223000.0,0.0,0.2096,-545000.0,105068000.0,BALANCED,-2.7604
2021-10-12,TNA,TNA,-8597000.0,85.97,0.018,-1538383000.0,0.0,-8597000.0,-0.0335,-17425000.0,96471000.0,BALANCED,-12.8382
2021-10-13,TNA,TNA,-4346000.0,86.93,0.0112,-1542729000.0,0.0,-4346000.0,0.0133,-34818000.0,83526000.0,BALANCED,-13.6683
2021-10-14,TNA,TNA,4535000.0,90.7,0.0434,-1538194000.0,4535000.0,0.0,0.1367,-47135000.0,83686000.0,BALANCED,-4.5816
2021-10-15,TNA,TNA,-62797000.0,89.71,-0.0109,-1600991000.0,0.0,-62797000.0,-1.531,-66982000.0,12490000.0,DISTRIBUTION,-50.2752
2021-10-18,TNA,TNA,-17974000.0,89.87,0.0018,-1618965000.0,0.0,-17974000.0,-0.3985,-89179000.0,-131156000.0,BALANCED,-23.9634
2021-10-19,TNA,TNA,-9084000.0,90.84,0.0108,-1628049000.0,0.0,-9084000.0,-0.1772,-89666000.0,-135912000.0,BALANCED,-20.429
2021-10-20,TNA,TNA,-4626000.0,92.53,0.0186,-1632675000.0,0.0,-4626000.0,-0.1042,-89946000.0,-140538000.0,BALANCED,-20.604
2021-10-21,TNA,TNA,13994000.0,93.29,0.0082,-1618681000.0,13994000.0,0.0,0.3471,-80487000.0,-243487000.0,BALANCED,0.6766
2021-10-22,TNA,TNA,-50968000.0,92.67,-0.0066,-1669649000.0,0.0,-50968000.0,-1.2323,-68658000.0,-290402000.0,BALANCED,-42.8068
2021-10-25,TNA,TNA,-42871000.0,95.27,0.0281,-1712520000.0,0.0,-42871000.0,-0.9823,-93555000.0,-299389000.0,BALANCED,-38.5578
2021-10-26,TNA,TNA,-13980000.0,93.2,-0.0217,-1726500000.0,0.0,-13980000.0,-0.2661,-98451000.0,-237447000.0,BALANCED,-22.6525
2021-10-27,TNA,TNA,21980000.0,87.92,-0.0567,-1704520000.0,21980000.0,0.0,0.596,-71845000.0,-189064000.0,BALANCED,6.8988
2021-10-28,TNA,TNA,-23310000.0,93.24,0.0605,-1727830000.0,0.0,-23310000.0,-0.4777,-109149000.0,-198589000.0,BALANCED,-23.9413
2021-10-29,TNA,TNA,-9314000.0,93.14,-0.0011,-1737144000.0,0.0,-9314000.0,-0.1255,-67495000.0,-207903000.0,BALANCED,-17.1384
2021-11-01,TNA,TNA,-50260000.0,100.52,0.0792,-1787404000.0,0.0,-50260000.0,-1.1787,-74884000.0,-258163000.0,BALANCED,-45.4683
2021-11-02,TNA,TNA,-5051000.0,101.02,0.005,-1792455000.0,0.0,-5051000.0,0.1452,-65955000.0,-271497000.0,BALANCED,-14.3706
2021-11-03,TNA,TNA,-26615000.0,106.46,0.0539,-1819070000.0,0.0,-26615000.0,-0.459,-114550000.0,-311159000.0,BALANCED,-31.476
2021-11-04,TNA,TNA,-15936000.0,106.24,-0.0021,-1835006000.0,0.0,-15936000.0,-0.0251,-107176000.0,-343947000.0,BALANCED,-22.6271
2021-11-05,TNA,TNA,-155120000.0,110.8,0.0429,-1990126000.0,0.0,-155120000.0,-3.8383,-252982000.0,-456117000.0,DISTRIBUTION,-100.0
2021-11-08,TNA,TNA,16746000.0,111.64,0.0076,-1973380000.0,16746000.0,0.0,0.9936,-185976000.0,-443594000.0,BALANCED,16.8401
2021-11-09,TNA,TNA,-10958000.0,109.58,-0.0185,-1984338000.0,0.0,-10958000.0,0.1633,-191883000.0,-445955000.0,BALANCED,-7.9163
2021-11-10,TNA,TNA,15669000.0,104.46,-0.0467,-1968669000.0,15669000.0,0.0,0.8939,-149599000.0,-425940000.0,BALANCED,14.3477
2021-11-11,TNA,TNA,37454000.0,107.01,0.0244,-1931215000.0,37454000.0,0.0,1.4228,-96209000.0,-393021000.0,BALANCED,29.5691
2021-11-12,TNA,TNA,0.0,107.38,0.0034,-1931215000.0,0.0,0.0,0.3749,58911000.0,-330224000.0,BALANCED,19.372
2021-11-15,TNA,TNA,0.0,105.97,-0.0131,-1931215000.0,0.0,0.0,0.3749,42165000.0,-312250000.0,BALANCED,19.372
2021-11-16,TNA,TNA,15979000.0,106.53,0.0052,-1915236000.0,15979000.0,0.0,0.8105,69102000.0,-287187000.0,BALANCED,32.2624
2021-11-17,TNA,TNA,56485000.0,102.7,-0.0359,-1858751000.0,56485000.0,0.0,1.8015,109918000.0,-226076000.0,ACCUMULATION,59.037
2021-11-22,TNA,TNA,179394000.0,96.97,-0.0558,-1679357000.0,179394000.0,0.0,3.6184,251858000.0,-60676000.0,ACCUMULATION,100.0
2021-11-23,TNA,TNA,33782000.0,96.52,-0.0046,-1645575000.0,33782000.0,0.0,0.7305,285640000.0,24074000.0,BALANCED,36.2631
2021-11-24,TNA,TNA,29081000.0,96.94,0.0043,-1616494000.0,29081000.0,0.0,0.6188,314721000.0,96026000.0,BALANCED,35.47
2021-11-26,TNA,TNA,258593000.0,86.2,-0.1108,-1357901000.0,258593000.0,0.0,3.5922,557335000.0,368599000.0,ACCUMULATION,100.0
2021-11-29,TNA,TNA,-4291000.0,85.82,-0.0044,-1362192000.0,0.0,-4291000.0,-0.1466,496559000.0,342328000.0,BALANCED,4.3346
2021-11-30,TNA,TNA,153584000.0,80.83,-0.0581,-1208608000.0,153584000.0,0.0,1.8939,470749000.0,519222000.0,ACCUMULATION,59.347
2021-12-01,TNA,TNA,15041000.0,75.2,-0.0696,-1193567000.0,15041000.0,0.0,0.0197,452008000.0,543577000.0,BALANCED,14.4934
2021-12-02,TNA,TNA,36641000.0,81.42,0.0827,-1156926000.0,36641000.0,0.0,0.2876,459568000.0,630478000.0,BALANCED,23.1889
2021-12-03,TNA,TNA,122001000.0,76.25,-0.0635,-1034925000.0,122001000.0,0.0,1.3415,322976000.0,757530000.0,BALANCED,51.5383
2021-12-06,TNA,TNA,-52593000.0,80.91,0.0611,-1087518000.0,0.0,-52593000.0,-0.9163,274674000.0,731552000.0,BALANCED,-14.9072
2021-12-07,TNA,TNA,-86472000.0,86.47,0.0687,-1173990000.0,0.0,-86472000.0,-1.2732,34618000.0,661016000.0,BALANCED,-25.8296
2021-12-08,TNA,TNA,-35389000.0,88.47,0.0231,-1209379000.0,0.0,-35389000.0,-0.6408,-15812000.0,780747000.0,BALANCED,-32.0205
2021-12-09,TNA,TNA,-12371000.0,82.47,-0.0678,-1221750000.0,0.0,-12371000.0,-0.3656,-64824000.0,751630000.0,BALANCED,-27.1396
2021-12-10,TNA,TNA,20394000.0,81.58,-0.0109,-1201356000.0,20394000.0,0.0,0.0369,-166431000.0,782982000.0,BALANCED,-7.0785
2021-12-13,TNA,TNA,39043000.0,78.09,-0.0428,-1162313000.0,39043000.0,0.0,0.2672,-74795000.0,806356000.0,BALANCED,0.6803
2021-12-14,TNA,TNA,37968000.0,75.94,-0.0276,-1124345000.0,37968000.0,0.0,0.2284,49645000.0,806870000.0,BALANCED,21.7102
2021-12-15,TNA,TNA,143381000.0,79.66,0.049,-980964000.0,143381000.0,0.0,1.4573,228415000.0,950251000.0,BALANCED,54.4327
2021-12-16,TNA,TNA,3748000.0,74.97,-0.0588,-977216000.0,3748000.0,0.0,-0.2909,244534000.0,953999000.0,BALANCED,12.7272
2021-12-17,TNA,TNA,-11575000.0,77.17,0.0293,-988791000.0,0.0,-11575000.0,-0.4793,212565000.0,926445000.0,BALANCED,-3.9814
2021-12-20,TNA,TNA,132519000.0,73.62,-0.0459,-856272000.0,132519000.0,0.0,1.23,306041000.0,1002479000.0,BALANCED,42.7509
2021-12-21,TNA,TNA,-32013000.0,80.03,0.0878,-888285000.0,0.0,-32013000.0,-0.775,236060000.0,791072000.0,BALANCED,-11.3759
2021-12-22,TNA,TNA,-41076000.0,82.15,0.0265,-929361000.0,0.0,-41076000.0,-1.013,51603000.0,716214000.0,BALANCED,-19.3257
2021-12-23,TNA,TNA,-113775000.0,84.28,0.0259,-1043136000.0,0.0,-113775000.0,-1.8058,-65920000.0,573358000.0,DISTRIBUTION,-61.1447
2021-12-27,TNA,TNA,-56256000.0,86.55,0.0269,-1099392000.0,0.0,-56256000.0,-1.0533,-110601000.0,258509000.0,BALANCED,-44.3335
2021-12-28,TNA,TNA,-42431000.0,84.86,-0.0195,-1141823000.0,0.0,-42431000.0,-0.849,-285551000.0,220369000.0,BALANCED,-41.2261
2021-12-29,TNA,TNA,-29808000.0,85.17,0.0036,-1171631000.0,0.0,-29808000.0,-0.6636,-283346000.0,36977000.0,BALANCED,-38.5905
2021-12-30,TNA,TNA,-34066000.0,85.16,-0.0,-1205697000.0,0.0,-34066000.0,-0.6963,-276336000.0,-12130000.0,BALANCED,-41.4069
2021-12-31,TNA,TNA,-16946000.0,84.73,-0.0051,-1222643000.0,0.0,-16946000.0,-0.4836,-179507000.0,-65717000.0,BALANCED,-38.0895
2022-01-03,TNA,TNA,-4393000.0,87.86,0.0369,-1227036000.0,0.0,-4393000.0,-0.3253,-127644000.0,-192111000.0,BALANCED,-36.1318
2022-01-04,TNA,TNA,-30601000.0,87.43,-0.0048,-1257637000.0,0.0,-30601000.0,-0.6004,-115814000.0,-170119000.0,BALANCED,-45.0108
2022-01-05,TNA,TNA,-15745000.0,78.72,-0.0996,-1273382000.0,0.0,-15745000.0,-0.3707,-101751000.0,-99392000.0,BALANCED,-39.2678
2022-01-06,TNA,TNA,60042000.0,80.06,0.0169,-1213340000.0,60042000.0,0.0,0.5751,-7643000.0,-3961000.0,BALANCED,6.3768
2022-01-07,TNA,TNA,-3859000.0,77.18,-0.036,-1217199000.0,0.0,-3859000.0,-0.2163,5444000.0,4551000.0,BALANCED,2.5923
2022-01-10,TNA,TNA,91535000.0,76.28,-0.0116,-1125664000.0,91535000.0,0.0,1.2626,101372000.0,75692000.0,BALANCED,43.5661
2022-01-11,TNA,TNA,-3934000.0,78.69,0.0316,-1129598000.0,0.0,-3934000.0,-0.1761,128039000.0,32715000.0,BALANCED,3.5972
2022-01-12,TNA,TNA,-38398000.0,76.8,-0.0241,-1167996000.0,0.0,-38398000.0,-0.6534,105386000.0,-43651000.0,BALANCED,-10.3343
2022-01-13,TNA,TNA,0.0,74.96,-0.0239,-1167996000.0,0.0,0.0,-0.014,45344000.0,-187032000.0,BALANCED,9.6494
2022-01-14,TNA,TNA,48917000.0,75.26,0.004,-1119079000.0,48917000.0,0.0,0.7803,98120000.0,-141863000.0,BALANCED,31.5066
2022-01-18,TNA,TNA,102538000.0,68.36,-0.0917,-1016541000.0,102538000.0,0.0,1.7033,109123000.0,-27750000.0,ACCUMULATION,56.5824
2022-01-19,TNA,TNA,-6507000.0,65.07,-0.0481,-1023048000.0,0.0,-6507000.0,-0.1467,106550000.0,-166776000.0,BALANCED,4.333
2022-01-20,TNA,TNA,0.0,61.43,-0.0559,-1023048000.0,0.0,0.0,-0.0889,144948000.0,-134763000.0,BALANCED,7.7775
2022-01-21,TNA,TNA,26142000.0,58.09,-0.0544,-996906000.0,26142000.0,0.0,0.3392,171090000.0,-67545000.0,BALANCED,20.4791
2022-01-24,TNA,TNA,12419000.0,62.09,0.0688,-984487000.0,12419000.0,0.0,0.0804,134592000.0,58649000.0,BALANCED,16.0106
2022-01-25,TNA,TNA,20801000.0,59.43,-0.0428,-963686000.0,20801000.0,0.0,0.2296,52855000.0,135706000.0,BALANCED,21.7407
2022-01-26,TNA,TNA,-11390000.0,56.95,-0.0418,-975076000.0,0.0,-11390000.0,-0.3155,47972000.0,166747000.0,BALANCED,0.1114
2022-01-27,TNA,TNA,37134000.0,53.05,-0.0685,-937942000.0,37134000.0,0.0,0.5535,85106000.0,233689000.0,BALANCED,25.8386
2022-01-28,TNA,TNA,25254000.0,56.12,0.0579,-912688000.0,25254000.0,0.0,0.4625,84218000.0,293009000.0,BALANCED,25.5635
2022-01-31,TNA,TNA,58188000.0,61.25,0.0914,-854500000.0,58188000.0,0.0,1.0666,129987000.0,368143000.0,BALANCED,42.6661
2022-02-01,TNA,TNA,-12650000.0,63.25,0.0326,-867150000.0,0.0,-12650000.0,-0.3293,96536000.0,359886000.0,BALANCED,-0.2323
2022-02-02,TNA,TNA,-6131000.0,61.31,-0.0307,-873281000.0,0.0,-6131000.0,-0.1249,101795000.0,384356000.0,BALANCED,2.8786
2022-02-03,TNA,TNA,11564000.0,57.82,-0.0569,-861717000.0,11564000.0,0.0,0.2415,76225000.0,411665000.0,BALANCED,18.0382
2022-02-04,TNA,TNA,20562000.0,58.75,0.0161,-841155000.0,20562000.0,0.0,0.404,71533000.0,372185000.0,BALANCED,24.099
2022-02-07,TNA,TNA,-20875000.0,59.64,0.0152,-862030000.0,0.0,-20875000.0,-0.7085,-7530000.0,355169000.0,BALANCED,-29.7124
2022-02-08,TNA,TNA,-28164000.0,62.59,0.0494,-890194000.0,0.0,-28164000.0,-0.9569,-23044000.0,235470000.0,BALANCED,-37.9217
2022-02-09,TNA,TNA,0.0,66.11,0.0562,-890194000.0,0.0,0.0,-0.2359,-16913000.0,239404000.0,BALANCED,-15.8983
2022-02-10,TNA,TNA,-91417000.0,63.05,-0.0463,-981611000.0,0.0,-91417000.0,-2.4807,-119894000.0,186385000.0,DISTRIBUTION,-74.018
2022-02-11,TNA,TNA,15279000.0,61.11,-0.0306,-966332000.0,15279000.0,0.0,0.1887,-125177000.0,201664000.0,BALANCED,-3.2821
2022-02-14,TNA,TNA,33178000.0,60.32,-0.013,-933154000.0,33178000.0,0.0,0.6087,-71124000.0,185925000.0,BALANCED,9.2182
2022-02-15,TNA,TNA,-26112000.0,65.28,0.0822,-959266000.0,0.0,-26112000.0,-0.8955,-69072000.0,57275000.0,BALANCED,-34.3886
2022-02-16,TNA,TNA,-36065000.0,65.57,0.0045,-995331000.0,0.0,-36065000.0,-1.1394,-105137000.0,27717000.0,BALANCED,-42.4846
2022-02-17,TNA,TNA,24279000.0,60.7,-0.0744,-971052000.0,24279000.0,0.0,0.3628,10559000.0,51996000.0,BALANCED,21.0695
2022-02-18,TNA,TNA,38369000.0,59.03,-0.0275,-932683000.0,38369000.0,0.0,0.7559,33649000.0,64223000.0,BALANCED,32.8967
2022-02-22,TNA,TNA,5647000.0,56.47,-0.0433,-927036000.0,5647000.0,0.0,-0.1051,6118000.0,57451000.0,BALANCED,13.3734
2022-02-23,TNA,TNA,21346000.0,53.36,-0.055,-905690000.0,21346000.0,0.0,0.3987,53576000.0,57996000.0,BALANCED,27.9663
2022-02-24,TNA,TNA,25932000.0,57.63,0.0799,-879758000.0,25932000.0,0.0,0.4995,115573000.0,95318000.0,BALANCED,32.4869
2022-02-25,TNA,TNA,0.0,61.52,0.0676,-879758000.0,0.0,0.0,-0.2812,91294000.0,58184000.0,BALANCED,2.9706
2022-02-28,TNA,TNA,-65310000.0,62.2,0.011,-945068000.0,0.0,-65310000.0,-1.9775,-12385000.0,-32380000.0,DISTRIBUTION,-61.4376
2022-03-01,TNA,TNA,5862000.0,58.62,-0.0576,-939206000.0,5862000.0,0.0,-0.0037,-12170000.0,-84706000.0,BALANCED,-8.093
2022-03-02,TNA,TNA,-22042000.0,62.98,0.0744,-961248000.0,0.0,-22042000.0,-0.7632,-55558000.0,-94098000.0,BALANCED,-31.0788
2022-03-03,TNA,TNA,-15151000.0,60.6,-0.0377,-976399000.0,0.0,-15151000.0,-0.5317,-96641000.0,-103118000.0,BALANCED,-27.2937
2022-03-04,TNA,TNA,2889000.0,57.78,-0.0465,-973510000.0,2889000.0,0.0,0.0394,-93752000.0,-111793000.0,BALANCED,-7.0151
2022-03-07,TNA,TNA,10697000.0,53.48,-0.0744,-962813000.0,10697000.0,0.0,0.3072,-17745000.0,-121658000.0,BALANCED,1.6788
2022-03-08,TNA,TNA,-27216000.0,54.43,0.0177,-990029000.0,0.0,-27216000.0,-0.8589,-50823000.0,-127999000.0,BALANCED,-33.4736
2022-03-09,TNA,TNA,-8836000.0,58.91,0.0822,-998865000.0,0.0,-8836000.0,-0.2452,-37617000.0,-108671000.0,BALANCED,-20.13
2022-03-10,TNA,TNA,35121000.0,58.54,-0.0063,-963744000.0,35121000.0,0.0,1.0899,12655000.0,-73550000.0,BALANCED,39.2484
2022-03-11,TNA,TNA,0.0,55.73,-0.0479,-963744000.0,0.0,0.0,0.0276,9766000.0,17867000.0,BALANCED,10.6911
2022-03-16,TNA,TNA,2997000.0,59.95,0.0756,-960747000.0,2997000.0,0.0,0.1497,2066000.0,5585000.0,BALANCED,15.7414
2022-03-17,TNA,TNA,-25178000.0,62.94,0.05,-985925000.0,0.0,-25178000.0,-0.7209,4104000.0,-52771000.0,BALANCED,-10.0223
2022-03-18,TNA,TNA,-71371000.0,64.88,0.0308,-1057296000.0,0.0,-71371000.0,-2.0767,-58431000.0,-98030000.0,DISTRIBUTION,-65.9164
2022-03-21,TNA,TNA,9455000.0,63.03,-0.0285,-1047841000.0,9455000.0,0.0,0.4857,-84097000.0,-52510000.0,BALANCED,4.1417
2022-03-22,TNA,TNA,-22767000.0,65.05,0.032,-1070608000.0,0.0,-22767000.0,-0.503,-106864000.0,-99556000.0,BALANCED,-24.5752
2022-03-23,TNA,TNA,0.0,61.67,-0.0519,-1070608000.0,0.0,0.0,0.2466,-109861000.0,-137925000.0,BALANCED,-3.8358
2022-03-24,TNA,TNA,15943000.0,63.77,0.0341,-1054665000.0,15943000.0,0.0,0.7167,-68740000.0,-127629000.0,BALANCED,9.9166
2022-03-28,TNA,TNA,-12804000.0,64.02,0.0038,-1067469000.0,0.0,-12804000.0,-0.2227,-10173000.0,-161779000.0,BALANCED,-17.5672
2022-03-29,TNA,TNA,-38014000.0,69.12,0.0796,-1105483000.0,0.0,-38014000.0,-0.9794,-57642000.0,-225725000.0,BALANCED,-38.4858
2022-03-30,TNA,TNA,-16266000.0,65.06,-0.0586,-1121749000.0,0.0,-16266000.0,-0.4254,-51141000.0,-241991000.0,BALANCED,-26.6344
2022-03-31,TNA,TNA,15773000.0,63.09,-0.0304,-1105976000.0,15773000.0,0.0,0.7491,-35368000.0,-160908000.0,BALANCED,10.7273
2022-04-01,TNA,TNA,22766000.0,65.05,0.031,-1083210000.0,22766000.0,0.0,1.0348,-28545000.0,-144004000.0,BALANCED,19.8692
2022-04-04,TNA,TNA,-6543000.0,65.43,0.0059,-1089753000.0,0.0,-6543000.0,-0.0826,-22284000.0,-128505000.0,BALANCED,-14.0661
2022-04-05,TNA,TNA,0.0,60.8,-0.0708,-1089753000.0,0.0,0.0,0.1217,15730000.0,-113354000.0,BALANCED,13.0425
2022-04-06,TNA,TNA,37831000.0,58.2,-0.0427,-1051922000.0,37831000.0,0.0,1.5311,69827000.0,-78412000.0,ACCUMULATION,50.2774
2022-04-07,TNA,TNA,11519000.0,57.6,-0.0104,-1040403000.0,11519000.0,0.0,0.5933,65573000.0,-77590000.0,BALANCED,28.8322
2022-04-08,TNA,TNA,28132000.0,56.26,-0.0231,-1012271000.0,28132000.0,0.0,1.188,70939000.0,-22242000.0,BALANCED,45.699
2022-04-11,TNA,TNA,2754000.0,55.07,-0.0212,-1009517000.0,2754000.0,0.0,0.2419,80236000.0,-10652000.0,BALANCED,24.0466
2022-04-12,TNA,TNA,-2781000.0,55.62,0.0098,-1012298000.0,0.0,-2781000.0,0.0652,77455000.0,-48554000.0,BALANCED,9.6311
2022-04-13,TNA,TNA,-11764000.0,58.82,0.0576,-1024062000.0,0.0,-11764000.0,-0.2769,27860000.0,-60318000.0,BALANCED,-0.923
2022-04-14,TNA,TNA,0.0,57.06,-0.0299,-1024062000.0,0.0,0.0,0.1177,16341000.0,-63315000.0,BALANCED,12.9431
2022-04-18,TNA,TNA,0.0,55.82,-0.0218,-1024062000.0,0.0,0.0,0.1268,-11791000.0,-38137000.0,BALANCED,-6.8312
2022-04-19,TNA,TNA,-2961000.0,59.21,0.0609,-1027023000.0,0.0,-2961000.0,-0.0349,-17506000.0,30273000.0,BALANCED,-12.8725
2022-04-20,TNA,TNA,-23946000.0,59.87,0.011,-1050969000.0,0.0,-23946000.0,-0.9643,-38671000.0,-3128000.0,BALANCED,-38.1076
2022-04-21,TNA,TNA,11154000.0,55.77,-0.0684,-1039815000.0,11154000.0,0.0,0.5973,-15753000.0,30793000.0,BALANCED,6.9324
2022-04-22,TNA,TNA,33461000.0,51.48,-0.0769,-1006354000.0,33461000.0,0.0,1.505,17708000.0,64254000.0,ACCUMULATION,51.6241
2022-04-25,TNA,TNA,21008000.0,52.52,0.0202,-985346000.0,21008000.0,0.0,0.9058,38716000.0,69319000.0,BALANCED,38.6441
2022-04-26,TNA,TNA,52158000.0,47.42,-0.0972,-933188000.0,52158000.0,0.0,2.013,93835000.0,134281000.0,ACCUMULATION,68.3257
2022-04-27,TNA,TNA,4690000.0,46.9,-0.0108,-928498000.0,4690000.0,0.0,0.1462,122471000.0,176985000.0,BALANCED,23.6555
2022-04-28,TNA,TNA,0.0,49.46,0.0545,-928498000.0,0.0,0.0,-0.0489,111317000.0,193251000.0,BALANCED,8.7782
2022-04-29,TNA,TNA,-15842000.0,45.26,-0.0849,-944340000.0,0.0,-15842000.0,-0.6762,62014000.0,161636000.0,BALANCED,-8.9055
2022-05-02,TNA,TNA,6996000.0,46.64,0.0304,-937344000.0,6996000.0,0.0,0.2262,48002000.0,145866000.0,BALANCED,17.6559
2022-05-03,TNA,TNA,0.0,47.83,0.0255,-937344000.0,0.0,0.0,-0.2064,-4156000.0,152409000.0,BALANCED,-15.1596
2022-05-04,TNA,TNA,-10336000.0,51.68,0.0806,-947680000.0,0.0,-10336000.0,-0.7006,-19182000.0,142073000.0,BALANCED,-29.5157
2022-05-05,TNA,TNA,22707000.0,45.41,-0.1213,-924973000.0,22707000.0,0.0,0.9306,3525000.0,126949000.0,BALANCED,35.2656
2022-05-06,TNA,TNA,0.0,43.12,-0.0506,-924973000.0,0.0,0.0,-0.2531,19367000.0,115430000.0,BALANCED,3.6736
2022-05-09,TNA,TNA,16952000.0,37.67,-0.1263,-908021000.0,16952000.0,0.0,0.6282,29323000.0,104250000.0,BALANCED,27.7046
2022-05-10,TNA,TNA,-11299000.0,37.66,-0.0002,-919320000.0,0.0,-11299000.0,-0.8475,18024000.0,90197000.0,BALANCED,-13.1882
2022-05-11,TNA,TNA,0.0,34.86,-0.0744,-919320000.0,0.0,0.0,-0.3567,28360000.0,92978000.0,BALANCED,1.0819
2022-05-12,TNA,TNA,16265000.0,36.14,0.0368,-903055000.0,16265000.0,0.0,0.5294,21918000.0,121007000.0,BALANCED,25.2339
2022-05-13,TNA,TNA,7900000.0,39.5,0.0928,-895155000.0,7900000.0,0.0,0.0517,29818000.0,128907000.0,BALANCED,15.2924
2022-05-16,TNA,TNA,23338000.0,38.9,-0.0152,-871817000.0,23338000.0,0.0,0.9641,36204000.0,152245000.0,BALANCED,40.102
2022-05-17,TNA,TNA,-23422000.0,42.58,0.0948,-895239000.0,0.0,-23422000.0,-1.6961,24081000.0,131784000.0,DISTRIBUTION,-34.4035
2022-05-18,TNA,TNA,3806000.0,38.06,-0.1062,-891433000.0,3806000.0,0.0,-0.1594,27887000.0,159536000.0,BALANCED,8.0154
2022-05-19,TNA,TNA,9544000.0,38.18,0.003,-881889000.0,9544000.0,0.0,0.2336,21166000.0,157926000.0,BALANCED,19.8391
2022-05-20,TNA,TNA,24671000.0,37.96,-0.0058,-857218000.0,24671000.0,0.0,1.0968,37937000.0,149136000.0,BALANCED,43.4202
2022-05-23,TNA,TNA,-9808000.0,39.23,0.0336,-867026000.0,0.0,-9808000.0,-0.8804,4791000.0,118320000.0,BALANCED,-14.0112
2022-05-24,TNA,TNA,-1871000.0,37.41,-0.0463,-868897000.0,0.0,-1871000.0,-0.3932,26342000.0,64291000.0,BALANCED,-3.8296
2022-05-25,TNA,TNA,-1978000.0,39.56,0.0573,-870875000.0,0.0,-1978000.0,-0.4015,20558000.0,57623000.0,BALANCED,-6.0371
2022-05-26,TNA,TNA,0.0,42.16,0.0657,-870875000.0,0.0,0.0,-0.3113,11014000.0,57623000.0,BALANCED,2.2178
2022-05-27,TNA,TNA,-15947000.0,45.56,0.0808,-886822000.0,0.0,-15947000.0,-1.2195,-29604000.0,57518000.0,BALANCED,-42.488
2022-05-31,TNA,TNA,-10965000.0,43.86,-0.0373,-897787000.0,0.0,-10965000.0,-0.8901,-30761000.0,39557000.0,BALANCED,-36.252
2022-06-01,TNA,TNA,6478000.0,43.19,-0.0153,-891309000.0,6478000.0,0.0,0.115,-22412000.0,46035000.0,BALANCED,-5.1259
2022-06-02,TNA,TNA,-32359000.0,46.23,0.0703,-923668000.0,0.0,-32359000.0,-2.0862,-52793000.0,24012000.0,DISTRIBUTION,-64.1558
2022-06-03,TNA,TNA,-11277000.0,45.11,-0.0242,-934945000.0,0.0,-11277000.0,-0.8338,-64070000.0,-9972000.0,BALANCED,-34.8451
2022-06-06,TNA,TNA,-15965000.0,45.62,0.0113,-950910000.0,0.0,-15965000.0,-1.0403,-64088000.0,-25937000.0,BALANCED,-42.0081
2022-06-07,TNA,TNA,-7166000.0,47.78,0.0474,-958076000.0,0.0,-7166000.0,-0.4805,-60289000.0,-50055000.0,BALANCED,-30.0126
2022-06-08,TNA,TNA,11407000.0,45.63,-0.0449,-946669000.0,11407000.0,0.0,0.8518,-55360000.0,-27349000.0,BALANCED,13.2951
2022-06-09,TNA,TNA,-10687000.0,42.75,-0.0632,-957356000.0,0.0,-10687000.0,-0.6943,-33688000.0,-38036000.0,BALANCED,-29.3585
2022-06-10,TNA,TNA,21580000.0,39.24,-0.0821,-935776000.0,21580000.0,0.0,1.4948,-831000.0,-32721000.0,BALANCED,29.3702
2022-06-13,TNA,TNA,42057000.0,33.65,-0.1425,-893719000.0,42057000.0,0.0,2.4913,57191000.0,1436000.0,ACCUMULATION,76.2819
2022-06-14,TNA,TNA,28262000.0,33.25,-0.0118,-865457000.0,28262000.0,0.0,1.531,92619000.0,6360000.0,ACCUMULATION,54.2742
2022-06-15,TNA,TNA,-6926000.0,34.63,0.0416,-872383000.0,0.0,-6926000.0,-0.5355,74286000.0,22856000.0,BALANCED,-5.3885
2022-06-16,TNA,TNA,11909000.0,29.77,-0.1403,-860474000.0,11909000.0,0.0,0.5328,96882000.0,30959000.0,BALANCED,25.3193
2022-06-17,TNA,TNA,9176000.0,30.59,0.0273,-851298000.0,9176000.0,0.0,0.4066,84478000.0,30591000.0,BALANCED,24.1657
2022-06-21,TNA,TNA,-1608000.0,32.16,0.0515,-852906000.0,0.0,-1608000.0,-0.2425,40813000.0,4312000.0,BALANCED,1.9376
2022-06-22,TNA,TNA,-6390000.0,31.95,-0.0065,-859296000.0,0.0,-6390000.0,-0.4893,6161000.0,7730000.0,BALANCED,-6.2334
2022-06-23,TNA,TNA,-1657000.0,33.15,0.0374,-860953000.0,0.0,-1657000.0,-0.2223,11430000.0,7944000.0,BALANCED,-1.5564
2022-06-24,TNA,TNA,-19946000.0,36.27,0.0941,-880899000.0,0.0,-19946000.0,-1.2716,-20425000.0,-10024000.0,BALANCED,-49.7891
2022-06-27,TNA,TNA,-32975000.0,36.64,0.0103,-913874000.0,0.0,-32975000.0,-1.8566,-62576000.0,-42999000.0,DISTRIBUTION,-66.4139
2022-06-28,TNA,TNA,0.0,34.59,-0.0559,-913874000.0,0.0,0.0,0.0357,-60968000.0,-27052000.0,BALANCED,-9.1085
2022-06-29,TNA,TNA,15068000.0,33.49,-0.0319,-898806000.0,15068000.0,0.0,0.93,-39510000.0,-1019000.0,BALANCED,15.2498
2022-06-30,TNA,TNA,0.0,32.8,-0.0206,-898806000.0,0.0,0.0,0.0071,-37853000.0,-7497000.0,BALANCED,-9.8213
2022-07-01,TNA,TNA,6786000.0,33.93,0.0347,-892020000.0,6786000.0,0.0,0.4083,-11121000.0,31648000.0,BALANCED,2.2078
2022-07-05,TNA,TNA,0.0,34.74,0.0237,-892020000.0,0.0,0.0,0.0204,21854000.0,42925000.0,BALANCED,10.5095
2022-07-07,TNA,TNA,-9096000.0,36.38,0.0474,-901116000.0,0.0,-9096000.0,-0.4786,12758000.0,49794000.0,BALANCED,-3.9656
2022-07-08,TNA,TNA,-3636000.0,36.36,-0.0007,-904752000.0,0.0,-3636000.0,-0.1498,-5946000.0,53324000.0,BALANCED,-17.7455
2022-07-11,TNA,TNA,1704000.0,34.07,-0.0628,-903048000.0,1704000.0,0.0,0.1789,-4242000.0,43621000.0,BALANCED,-3.5264
2022-07-12,TNA,TNA,16909000.0,33.82,-0.0075,-886139000.0,16909000.0,0.0,1.0738,5881000.0,71217000.0,BALANCED,40.8454
2022-07-13,TNA,TNA,-5055000.0,33.7,-0.0035,-891194000.0,0.0,-5055000.0,-0.2695,826000.0,44582000.0,BALANCED,1.2615
2022-07-14,TNA,TNA,13050000.0,32.63,-0.0319,-878144000.0,13050000.0,0.0,0.7895,22972000.0,15575000.0,BALANCED,31.7365
2022-07-15,TNA,TNA,0.0,34.71,0.0639,-878144000.0,0.0,0.0,-0.0409,26608000.0,-12687000.0,BALANCED,8.9785
2022-07-18,TNA,TNA,-17181000.0,34.36,-0.01,-895325000.0,0.0,-17181000.0,-1.0454,7723000.0,-22942000.0,BALANCED,-18.1344
2022-07-19,TNA,TNA,-28480000.0,37.97,0.1051,-923805000.0,0.0,-28480000.0,-1.7735,-37666000.0,-63331000.0,DISTRIBUTION,-58.3369
2022-07-20,TNA,TNA,7955000.0,39.78,0.0475,-915850000.0,7955000.0,0.0,0.4581,-24656000.0,-64552000.0,BALANCED,3.4535
2022-07-21,TNA,TNA,-14123000.0,40.35,0.0144,-929973000.0,0.0,-14123000.0,-0.9314,-51829000.0,-77067000.0,BALANCED,-35.286
2022-07-22,TNA,TNA,3838000.0,38.38,-0.0489,-926135000.0,3838000.0,0.0,0.175,-47991000.0,-66839000.0,BALANCED,-3.626
2022-07-25,TNA,TNA,3905000.0,39.05,0.0174,-922230000.0,3905000.0,0.0,0.1963,-26905000.0,-61277000.0,BALANCED,-1.0919
2022-07-26,TNA,TNA,-21039000.0,38.25,-0.0204,-943269000.0,0.0,-21039000.0,-1.335,-19464000.0,-62370000.0,BALANCED,-45.3756
2022-07-27,TNA,TNA,-6144000.0,40.96,0.0708,-949413000.0,0.0,-6144000.0,-0.3636,-33563000.0,-35539000.0,BALANCED,-23.0904
2022-07-28,TNA,TNA,-21305000.0,42.61,0.0403,-970718000.0,0.0,-21305000.0,-1.3492,-40745000.0,-56844000.0,BALANCED,-49.731
2022-07-29,TNA,TNA,-23895000.0,43.45,0.0196,-994613000.0,0.0,-23895000.0,-1.4908,-68478000.0,-95807000.0,BALANCED,-55.2706
2022-08-01,TNA,TNA,-32492000.0,43.32,-0.0028,-1027105000.0,0.0,-32492000.0,-1.9373,-104875000.0,-128299000.0,DISTRIBUTION,-68.4334
2022-08-02,TNA,TNA,-2162000.0,43.25,-0.0017,-1029267000.0,0.0,-2162000.0,0.2519,-85998000.0,-137247000.0,BALANCED,-15.7019
2022-08-03,TNA,TNA,13525000.0,45.08,0.0425,-1015742000.0,13525000.0,0.0,1.3639,-66329000.0,-123722000.0,BALANCED,26.0986
2022-08-04,TNA,TNA,-15709000.0,44.88,-0.0045,-1031451000.0,0.0,-15709000.0,-0.6951,-60733000.0,-130335000.0,BALANCED,-29.3779
2022-08-05,TNA,TNA,-16080000.0,45.94,0.0236,-1047531000.0,0.0,-16080000.0,-0.6925,-52918000.0,-142779000.0,BALANCED,-31.3137
2022-08-08,TNA,TNA,0.0,47.34,0.0305,-1047531000.0,0.0,0.0,0.4386,-20426000.0,-144483000.0,BALANCED,0.9645
2022-08-09,TNA,TNA,-2265000.0,45.3,-0.0432,-1049796000.0,0.0,-2265000.0,0.2411,-20529000.0,-163657000.0,BALANCED,-5.9723
2022-08-10,TNA,TNA,9854000.0,49.27,0.0877,-1039942000.0,9854000.0,0.0,1.0621,-24200000.0,-148748000.0,BALANCED,18.553
2022-08-11,TNA,TNA,-12436000.0,49.74,0.0096,-1052378000.0,0.0,-12436000.0,-0.5882,-20927000.0,-174234000.0,BALANCED,-26.7059
2022-08-12,TNA,TNA,-23782000.0,52.85,0.0624,-1076160000.0,0.0,-23782000.0,-1.3537,-28629000.0,-198016000.0,BALANCED,-47.8429
2022-08-15,TNA,TNA,-5326000.0,53.26,0.0077,-1081486000.0,0.0,-5326000.0,0.058,-33955000.0,-186161000.0,BALANCED,-14.5493
2022-08-16,TNA,TNA,5320000.0,53.2,-0.0011,-1076166000.0,5320000.0,0.0,0.8742,-26370000.0,-152361000.0,BALANCED,13.8543
2022-08-17,TNA,TNA,-17696000.0,50.56,-0.0495,-1093862000.0,0.0,-17696000.0,-0.8297,-53920000.0,-178012000.0,BALANCED,-32.742
2022-08-18,TNA,TNA,-7737000.0,51.58,0.0202,-1101599000.0,0.0,-7737000.0,-0.0798,-49221000.0,-171626000.0,BALANCED,-15.9946
2022-08-19,TNA,TNA,24106000.0,48.21,-0.0653,-1077493000.0,24106000.0,0.0,2.0803,-1333000.0,-151358000.0,ACCUMULATION,44.0085
2022-08-22,TNA,TNA,24833000.0,45.15,-0.0635,-1052660000.0,24833000.0,0.0,1.9419,28826000.0,-130430000.0,ACCUMULATION,62.5475
2022-08-23,TNA,TNA,-4538000.0,45.38,0.0051,-1057198000.0,0.0,-4538000.0,0.0787,18968000.0,-113929000.0,BALANCED,9.9674
2022-08-24,TNA,TNA,6975000.0,46.5,0.0246,-1050223000.0,6975000.0,0.0,0.82,43639000.0,-100810000.0,BALANCED,32.5002
2022-08-25,TNA,TNA,0.0,48.62,0.0457,-1050223000.0,0.0,0.0,0.3928,51376000.0,-79505000.0,BALANCED,19.8191
2022-08-26,TNA,TNA,30652000.0,43.79,-0.0994,-1019571000.0,30652000.0,0.0,2.2073,57922000.0,-24958000.0,ACCUMULATION,67.182
2022-08-29,TNA,TNA,-14912000.0,42.6,-0.027,-1034483000.0,0.0,-14912000.0,-0.6434,18177000.0,-7378000.0,BALANCED,-8.0854
2022-08-30,TNA,TNA,10192000.0,40.77,-0.0431,-1024291000.0,10192000.0,0.0,0.8719,32907000.0,4976000.0,BALANCED,33.7978
2022-08-31,TNA,TNA,8005000.0,40.02,-0.0183,-1016286000.0,8005000.0,0.0,0.7309,33937000.0,-544000.0,BALANCED,32.2732
2022-09-01,TNA,TNA,5799000.0,38.66,-0.0341,-1010487000.0,5799000.0,0.0,0.5479,39736000.0,20964000.0,BALANCED,29.6984
2022-09-02,TNA,TNA,7557000.0,37.78,-0.0226,-1002930000.0,7557000.0,0.0,0.6506,16641000.0,44601000.0,BALANCED,34.2649
2022-09-06,TNA,TNA,-5503000.0,36.68,-0.0291,-1008433000.0,0.0,-5503000.0,-0.1695,26050000.0,39098000.0,BALANCED,3.7615
2022-09-07,TNA,TNA,7822000.0,39.11,0.0661,-1000611000.0,7822000.0,0.0,0.6388,23680000.0,49185000.0,BALANCED,27.9699
2022-09-08,TNA,TNA,-16028000.0,40.07,0.0246,-1016639000.0,0.0,-16028000.0,-0.8931,-353000.0,23303000.0,BALANCED,-34.3276
2022-09-09,TNA,TNA,-21203000.0,42.41,0.0583,-1037842000.0,0.0,-21203000.0,-1.2289,-27355000.0,14536000.0,BALANCED,-44.7223
2022-09-12,TNA,TNA,-17585000.0,43.96,0.0367,-1055427000.0,0.0,-17585000.0,-1.0257,-52497000.0,20733000.0,BALANCED,-41.6419
2022-09-13,TNA,TNA,5820000.0,38.8,-0.1175,-1049607000.0,5820000.0,0.0,0.4663,-41174000.0,31879000.0,BALANCED,3.6578
2022-09-14,TNA,TNA,1963000.0,39.26,0.0118,-1047644000.0,1963000.0,0.0,0.1827,-47033000.0,28522000.0,BALANCED,-1.4319
2022-09-15,TNA,TNA,-3841000.0,38.41,-0.0216,-1051485000.0,0.0,-3841000.0,-0.1913,-34846000.0,42377000.0,BALANCED,-16.7829
2022-09-16,TNA,TNA,27516000.0,36.69,-0.0448,-1023969000.0,27516000.0,0.0,1.878,13873000.0,77630000.0,ACCUMULATION,58.9498
2022-09-19,TNA,TNA,0.0,37.59,0.0247,-1023969000.0,0.0,0.0,-0.0554,31458000.0,53524000.0,BALANCED,8.6161
2022-09-20,TNA,TNA,3602000.0,36.02,-0.0419,-1020367000.0,3602000.0,0.0,0.1899,29240000.0,32293000.0,BALANCED,16.7485
2022-09-21,TNA,TNA,18952000.0,34.46,-0.0434,-1001415000.0,18952000.0,0.0,1.1911,46229000.0,55783000.0,BALANCED,43.7776
2022-09-22,TNA,TNA,19270000.0,32.12,-0.0679,-982145000.0,19270000.0,0.0,1.1687,69340000.0,68078000.0,BALANCED,45.2176
2022-09-23,TNA,TNA,57988000.0,29.74,-0.0741,-924157000.0,57988000.0,0.0,3.0227,99812000.0,126066000.0,ACCUMULATION,93.567
2022-09-26,TNA,TNA,14241000.0,28.48,-0.0422,-909916000.0,14241000.0,0.0,0.5105,114053000.0,109655000.0,BALANCED,32.7624
2022-09-27,TNA,TNA,0.0,28.8,0.0113,-909916000.0,0.0,0.0,-0.3374,110451000.0,124567000.0,BALANCED,1.5657
2022-09-28,TNA,TNA,33114000.0,31.54,0.0949,-876802000.0,33114000.0,0.0,1.4977,124613000.0,147489000.0,BALANCED,49.4415
2022-09-29,TNA,TNA,2937000.0,29.37,-0.0688,-873865000.0,2937000.0,0.0,-0.2573,108280000.0,142421000.0,BALANCED,7.5671
2022-09-30,TNA,TNA,28792000.0,28.79,-0.0196,-845073000.0,28792000.0,0.0,1.1717,79084000.0,165414000.0,BALANCED,45.2932
2022-10-03,TNA,TNA,9324000.0,31.08,0.0795,-835749000.0,9324000.0,0.0,0.0744,74167000.0,167181000.0,BALANCED,19.8589
2022-10-04,TNA,TNA,3473000.0,34.73,0.1176,-832276000.0,3473000.0,0.0,-0.2313,77640000.0,176157000.0,BALANCED,14.2169
2022-10-05,TNA,TNA,0.0,33.96,-0.0223,-832276000.0,0.0,0.0,-0.4502,44526000.0,168335000.0,BALANCED,-1.2558
2022-10-06,TNA,TNA,-40048000.0,33.37,-0.0173,-872324000.0,0.0,-40048000.0,-2.4482,1541000.0,144315000.0,DISTRIBUTION,-53.2049
2022-10-07,TNA,TNA,-12185000.0,30.46,-0.0872,-884509000.0,0.0,-12185000.0,-0.9299,-39436000.0,153333000.0,BALANCED,-37.2485
2022-10-10,TNA,TNA,7478000.0,29.91,-0.018,-877031000.0,7478000.0,0.0,0.1478,-41282000.0,178396000.0,BALANCED,-4.3052
2022-10-11,TNA,TNA,-7489000.0,29.95,0.0014,-884520000.0,0.0,-7489000.0,-0.6852,-52244000.0,165087000.0,BALANCED,-29.1301
2022-10-12,TNA,TNA,20778000.0,29.68,-0.0091,-863742000.0,20778000.0,0.0,0.837,-31466000.0,183902000.0,BALANCED,12.9254
2022-10-13,TNA,TNA,-17512000.0,31.84,0.0727,-881254000.0,0.0,-17512000.0,-1.1655,-8930000.0,170231000.0,BALANCED,-41.1384
2022-10-14,TNA,TNA,32203000.0,29.28,-0.0805,-849051000.0,32203000.0,0.0,1.3718,35458000.0,174918000.0,BALANCED,46.2942
2022-10-17,TNA,TNA,-11220000.0,32.06,0.095,-860271000.0,0.0,-11220000.0,-0.8077,16760000.0,163698000.0,BALANCED,-12.1914
2022-10-18,TNA,TNA,-4976000.0,33.17,0.0348,-865247000.0,0.0,-4976000.0,-0.4931,19273000.0,155120000.0,BALANCED,-6.3274
2022-10-19,TNA,TNA,12584000.0,31.46,-0.0517,-852663000.0,12584000.0,0.0,0.3862,11079000.0,148752000.0,BALANCED,21.6548
2022-10-20,TNA,TNA,9084000.0,30.28,-0.0375,-843579000.0,9084000.0,0.0,0.1707,37675000.0,138566000.0,BALANCED,18.2667
2022-10-21,TNA,TNA,-1614000.0,32.27,0.0657,-845193000.0,0.0,-1614000.0,-0.4273,3858000.0,78964000.0,BALANCED,-2.6816
2022-10-24,TNA,TNA,-6525000.0,32.62,0.0109,-851718000.0,0.0,-6525000.0,-0.7227,8553000.0,58198000.0,BALANCED,-12.067
2022-10-25,TNA,TNA,-7058000.0,35.29,0.0818,-858776000.0,0.0,-7058000.0,-0.7215,6471000.0,51140000.0,BALANCED,-14.0387
2022-10-26,TNA,TNA,3577000.0,35.77,0.0137,-855199000.0,3577000.0,0.0,-0.1527,-2536000.0,21603000.0,BALANCED,-11.817
2022-10-27,TNA,TNA,-46625000.0,35.87,0.0025,-901824000.0,0.0,-46625000.0,-2.4697,-58245000.0,-27959000.0,DISTRIBUTION,-73.7437
2022-10-28,TNA,TNA,15310000.0,38.27,0.0672,-886514000.0,15310000.0,0.0,0.5218,-41321000.0,-41441000.0,BALANCED,5.0445
2022-10-31,TNA,TNA,-5743000.0,38.29,0.0003,-892257000.0,0.0,-5743000.0,-0.4912,-40539000.0,-56508000.0,BALANCED,-24.279
2022-11-01,TNA,TNA,9634000.0,38.54,0.0066,-882623000.0,9634000.0,0.0,0.2442,-23847000.0,-50347000.0,BALANCED,-1.8961
2022-11-02,TNA,TNA,6931000.0,34.66,-0.1007,-875692000.0,6931000.0,0.0,0.1338,-20493000.0,-43416000.0,BALANCED,-2.6551
2022-11-03,TNA,TNA,-10221000.0,34.07,-0.0169,-885913000.0,0.0,-10221000.0,-0.657,15911000.0,-13589000.0,BALANCED,-8.4249
2022-11-04,TNA,TNA,17633000.0,35.27,0.0351,-868280000.0,17633000.0,0.0,0.8821,18234000.0,16229000.0,BALANCED,34.0536
2022-11-07,TNA,TNA,14329000.0,35.82,0.0158,-853951000.0,14329000.0,0.0,0.6971,38306000.0,23080000.0,BALANCED,31.4271
2022-11-08,TNA,TNA,-5368000.0,35.79,-0.001,-859319000.0,0.0,-5368000.0,-0.3935,23304000.0,25201000.0,BALANCED,-1.8387
2022-11-09,TNA,TNA,-6578000.0,32.89,-0.0809,-865897000.0,0.0,-6578000.0,-0.4092,9795000.0,-2155000.0,BALANCED,-4.2291
2022-11-11,TNA,TNA,-37843000.0,39.84,0.2111,-903740000.0,0.0,-37843000.0,-2.0101,-17827000.0,-22486000.0,DISTRIBUTION,-66.2537
2022-11-14,TNA,TNA,-3849000.0,38.49,-0.0338,-907589000.0,0.0,-3849000.0,-0.1012,-39309000.0,-58538000.0,BALANCED,-20.529
2022-11-15,TNA,TNA,-12064000.0,40.21,0.0448,-919653000.0,0.0,-12064000.0,-0.5325,-65702000.0,-59382000.0,BALANCED,-33.3121
2022-11-16,TNA,TNA,15179000.0,37.95,-0.0563,-904474000.0,15179000.0,0.0,0.9948,-45155000.0,-39227000.0,BALANCED,16.869
2022-11-17,TNA,TNA,-3704000.0,37.04,-0.0239,-908178000.0,0.0,-3704000.0,-0.0664,-42281000.0,-55515000.0,BALANCED,-13.6606
2022-11-18,TNA,TNA,-11304000.0,37.68,0.0172,-919482000.0,0.0,-11304000.0,-0.5972,-15742000.0,-75903000.0,BALANCED,-28.931
2022-11-21,TNA,TNA,22223000.0,37.04,-0.017,-897259000.0,22223000.0,0.0,1.3539,10330000.0,-52066000.0,BALANCED,45.8485
2022-11-22,TNA,TNA,-3829000.0,38.29,0.0339,-901088000.0,0.0,-3829000.0,-0.1816,18565000.0,-49370000.0,BALANCED,3.4604
2022-11-23,TNA,TNA,-30796000.0,38.5,0.0053,-931884000.0,0.0,-30796000.0,-1.6682,-27410000.0,-73108000.0,DISTRIBUTION,-55.7039
2022-11-25,TNA,TNA,0.0,38.8,0.0079,-931884000.0,0.0,0.0,0.1336,-23706000.0,-76685000.0,BALANCED,-6.6604
2022-11-28,TNA,TNA,-1821000.0,36.42,-0.0613,-933705000.0,0.0,-1821000.0,-0.0043,-14223000.0,-31881000.0,BALANCED,-12.1084
2022-11-29,TNA,TNA,1838000.0,36.76,0.0094,-931867000.0,1838000.0,0.0,0.2965,-34608000.0,-45353000.0,BALANCED,-0.5864
2022-11-30,TNA,TNA,5967000.0,39.78,0.0821,-925900000.0,5967000.0,0.0,0.5261,-24812000.0,-33643000.0,BALANCED,7.1516
2022-12-01,TNA,TNA,-29611000.0,39.48,-0.0075,-955511000.0,0.0,-29611000.0,-1.6334,-23627000.0,-72888000.0,DISTRIBUTION,-52.8344
2022-12-02,TNA,TNA,-6023000.0,40.15,0.017,-961534000.0,0.0,-6023000.0,-0.1494,-29650000.0,-85842000.0,BALANCED,-17.7348
2022-12-05,TNA,TNA,22083000.0,36.81,-0.0834,-939451000.0,22083000.0,0.0,1.5277,-5746000.0,-53538000.0,ACCUMULATION,30.1915
2022-12-06,TNA,TNA,19323000.0,35.13,-0.0454,-920128000.0,19323000.0,0.0,1.2798,11739000.0,-51848000.0,BALANCED,45.9949
2022-12-07,TNA,TNA,13920000.0,34.8,-0.0095,-906208000.0,13920000.0,0.0,0.9101,19692000.0,-52257000.0,BALANCED,38.7527
2022-12-08,TNA,TNA,-5322000.0,35.48,0.0195,-911530000.0,0.0,-5322000.0,-0.2063,43981000.0,-52211000.0,BALANCED,2.843
2022-12-09,TNA,TNA,10254000.0,34.18,-0.0367,-901276000.0,10254000.0,0.0,0.678,60258000.0,-35379000.0,BALANCED,28.9501
2022-12-12,TNA,TNA,5312000.0,35.41,0.036,-895964000.0,5312000.0,0.0,0.3368,43487000.0,7776000.0,BALANCED,22.4201
2022-12-13,TNA,TNA,-10867000.0,36.22,0.023,-906831000.0,0.0,-10867000.0,-0.6773,13297000.0,758000.0,BALANCED,-8.9323
2022-12-14,TNA,TNA,7105000.0,35.53,-0.0193,-899726000.0,7105000.0,0.0,0.4877,6482000.0,19927000.0,BALANCED,24.1928
2022-12-15,TNA,TNA,-9853000.0,32.84,-0.0755,-909579000.0,0.0,-9853000.0,-0.5947,1951000.0,-5105000.0,BALANCED,-6.8668
2022-12-16,TNA,TNA,54695000.0,32.17,-0.0204,-854884000.0,54695000.0,0.0,2.9791,46392000.0,53294000.0,ACCUMULATION,86.4778
2022-12-19,TNA,TNA,4623000.0,30.82,-0.0421,-850261000.0,4623000.0,0.0,0.1906,45703000.0,69221000.0,BALANCED,18.7648
2022-12-20,TNA,TNA,6242000.0,31.21,0.0159,-844019000.0,6242000.0,0.0,0.3056,62812000.0,53240000.0,BALANCED,23.6393
2022-12-21,TNA,TNA,6554000.0,32.77,0.0499,-837465000.0,6554000.0,0.0,0.3405,62261000.0,63623000.0,BALANCED,26.5132
2022-12-22,TNA,TNA,-14171000.0,31.49,-0.039,-851636000.0,0.0,-14171000.0,-0.8102,57943000.0,80248000.0,BALANCED,-12.2546
2022-12-23,TNA,TNA,19105000.0,31.84,0.0111,-832531000.0,19105000.0,0.0,0.995,22353000.0,99353000.0,BALANCED,36.876
2022-12-27,TNA,TNA,-9363000.0,31.21,-0.0198,-841894000.0,0.0,-9363000.0,-0.6858,8367000.0,91811000.0,BALANCED,-9.1453
2022-12-28,TNA,TNA,13381000.0,29.74,-0.0472,-828513000.0,13381000.0,0.0,0.6417,15506000.0,103354000.0,BALANCED,28.0429
2022-12-29,TNA,TNA,-25638000.0,32.05,0.0778,-854151000.0,0.0,-25638000.0,-1.6055,-16686000.0,71749000.0,DISTRIBUTION,-52.1383
2022-12-30,TNA,TNA,1587000.0,31.74,-0.0095,-852564000.0,1587000.0,0.0,-0.0084,-928000.0,102947000.0,BALANCED,-8.2089
2023-01-03,TNA,TNA,0.0,31.18,-0.0178,-852564000.0,0.0,0.0,-0.1082,-20033000.0,108970000.0,BALANCED,-12.706
2023-01-04,TNA,TNA,-21020000.0,32.34,0.0372,-873584000.0,0.0,-21020000.0,-1.2906,-31690000.0,65867000.0,BALANCED,-44.2651
2023-01-05,TNA,TNA,-28150000.0,31.28,-0.0328,-901734000.0,0.0,-28150000.0,-1.5703,-73221000.0,18394000.0,DISTRIBUTION,-53.2566
2023-01-06,TNA,TNA,11679000.0,33.37,0.0669,-890055000.0,11679000.0,0.0,0.6303,-35904000.0,16153000.0,BALANCED,7.7573
2023-01-10,TNA,TNA,-14008000.0,35.02,0.0494,-904063000.0,0.0,-14008000.0,-0.869,-51499000.0,7467000.0,BALANCED,-33.7255
2023-01-11,TNA,TNA,3626000.0,36.26,0.0354,-900437000.0,3626000.0,0.0,0.1499,-47873000.0,839000.0,BALANCED,-4.2516
2023-01-12,TNA,TNA,-41943000.0,38.13,0.0516,-942380000.0,0.0,-41943000.0,-2.204,-68796000.0,-46416000.0,DISTRIBUTION,-67.1002
2023-01-13,TNA,TNA,-19389000.0,38.78,0.017,-961769000.0,0.0,-19389000.0,-0.9574,-60035000.0,-54938000.0,BALANCED,-37.9339
2023-01-17,TNA,TNA,-13511000.0,38.6,-0.0045,-975280000.0,0.0,-13511000.0,-0.6149,-85225000.0,-75554000.0,BALANCED,-31.3715
2023-01-18,TNA,TNA,1837000.0,36.75,-0.0481,-973443000.0,1837000.0,0.0,0.1311,-69380000.0,-63864000.0,BALANCED,-4.7215
2023-01-19,TNA,TNA,-16052000.0,35.67,-0.0293,-989495000.0,0.0,-16052000.0,-0.8061,-89058000.0,-134611000.0,BALANCED,-32.1533
2023-01-20,TNA,TNA,24337000.0,37.44,0.0496,-965158000.0,24337000.0,0.0,1.3361,-22778000.0,-114897000.0,BALANCED,25.4034
2023-01-23,TNA,TNA,0.0,38.83,0.0372,-965158000.0,0.0,0.0,0.0813,-3389000.0,-121139000.0,BALANCED,-7.9682
2023-01-24,TNA,TNA,-9631000.0,38.52,-0.008,-974789000.0,0.0,-9631000.0,-0.4016,491000.0,-137324000.0,BALANCED,-2.0394
2023-01-25,TNA,TNA,-3881000.0,38.81,0.0074,-978670000.0,0.0,-3881000.0,-0.0899,-5227000.0,-127034000.0,BALANCED,-16.2465
2023-01-26,TNA,TNA,-17804000.0,39.56,0.0195,-996474000.0,0.0,-17804000.0,-0.7977,-6979000.0,-163943000.0,BALANCED,-35.9432
2023-01-27,TNA,TNA,-10020000.0,40.08,0.013,-1006494000.0,0.0,-10020000.0,-0.346,-41336000.0,-164600000.0,BALANCED,-26.6508
2023-01-30,TNA,TNA,0.0,38.45,-0.0408,-1006494000.0,0.0,0.0,0.1818,-41336000.0,-177981000.0,BALANCED,-5.4541
2023-01-31,TNA,TNA,-6188000.0,41.26,0.0731,-1012682000.0,0.0,-6188000.0,-0.1333,-37893000.0,-158531000.0,BALANCED,-15.3337
2023-02-01,TNA,TNA,-2156000.0,43.12,0.0452,-1014838000.0,0.0,-2156000.0,0.0746,-36168000.0,-162274000.0,BALANCED,-12.1353
2023-02-02,TNA,TNA,-43464000.0,45.75,0.0611,-1058302000.0,0.0,-43464000.0,-2.2926,-61828000.0,-205738000.0,DISTRIBUTION,-73.3152
2023-02-03,TNA,TNA,-29045000.0,44.68,-0.0233,-1087347000.0,0.0,-29045000.0,-1.2931,-80853000.0,-213763000.0,BALANCED,-50.327
2023-02-06,TNA,TNA,2139000.0,42.79,-0.0425,-1085208000.0,2139000.0,0.0,0.6266,-78714000.0,-183474000.0,BALANCED,7.6646
2023-02-07,TNA,TNA,-6562000.0,43.75,0.0225,-1091770000.0,0.0,-6562000.0,0.1196,-79088000.0,-201715000.0,BALANCED,-9.0105
2023-02-08,TNA,TNA,31318000.0,41.76,-0.0455,-1060452000.0,31318000.0,0.0,2.1828,-45614000.0,-156389000.0,ACCUMULATION,46.5694
2023-02-09,TNA,TNA,0.0,39.98,-0.0425,-1060452000.0,0.0,0.0,0.4497,-2150000.0,-160015000.0,BALANCED,1.2437
2023-02-10,TNA,TNA,20088000.0,40.18,0.0048,-1040364000.0,20088000.0,0.0,1.515,46983000.0,-97984000.0,ACCUMULATION,49.875
2023-02-13,TNA,TNA,-6238000.0,41.58,0.0351,-1046602000.0,0.0,-6238000.0,0.0599,38606000.0,-84833000.0,BALANCED,9.4979
2023-02-14,TNA,TNA,0.0,41.51,-0.0018,-1046602000.0,0.0,0.0,0.3794,45168000.0,-71322000.0,BALANCED,19.4851
2023-02-15,TNA,TNA,14990000.0,42.83,0.0318,-1031612000.0,14990000.0,0.0,1.2115,28840000.0,-58169000.0,BALANCED,42.2874
2023-02-16,TNA,TNA,-47834000.0,41.6,-0.0288,-1079446000.0,0.0,-47834000.0,-2.1348,-18994000.0,-89951000.0,DISTRIBUTION,-65.3703
2023-02-17,TNA,TNA,6275000.0,41.83,0.0058,-1073171000.0,6275000.0,0.0,0.6858,-32807000.0,-108013000.0,BALANCED,9.145
2023-02-21,TNA,TNA,13330000.0,38.08,-0.0896,-1059841000.0,13330000.0,0.0,0.9925,-13239000.0,-94683000.0,BALANCED,18.8127
2023-02-22,TNA,TNA,21147000.0,38.45,0.0096,-1038694000.0,21147000.0,0.0,1.3657,7908000.0,-63905000.0,BALANCED,50.143
2023-02-23,TNA,TNA,-3926000.0,39.26,0.0211,-1042620000.0,0.0,-3926000.0,0.0364,-11008000.0,-63950000.0,BALANCED,-11.0904
2023-02-24,TNA,TNA,0.0,38.14,-0.0285,-1042620000.0,0.0,0.0,0.2495,36826000.0,-46146000.0,BALANCED,16.2384
2023-02-27,TNA,TNA,-7701000.0,38.5,0.0095,-1050321000.0,0.0,-7701000.0,-0.2323,22850000.0,-43827000.0,BALANCED,2.1926
2023-02-28,TNA,TNA,0.0,38.54,0.0011,-1050321000.0,0.0,0.0,0.1695,9520000.0,-43827000.0,BALANCED,14.2367
2023-03-01,TNA,TNA,17386000.0,38.64,0.0024,-1032935000.0,17386000.0,0.0,1.0919,5759000.0,-20253000.0,BALANCED,39.2966
2023-03-02,TNA,TNA,-7780000.0,38.9,0.0068,-1040715000.0,0.0,-7780000.0,-0.3129,1905000.0,-25877000.0,BALANCED,0.1785
2023-03-03,TNA,TNA,0.0,40.45,0.0399,-1040715000.0,0.0,0.0,0.0975,1905000.0,17587000.0,BALANCED,12.4377
2023-03-06,TNA,TNA,13531000.0,38.66,-0.0443,-1027184000.0,13531000.0,0.0,0.9143,23137000.0,60163000.0,BALANCED,34.8571
2023-03-07,TNA,TNA,3735000.0,37.35,-0.0338,-1023449000.0,3735000.0,0.0,0.3322,26872000.0,61759000.0,BALANCED,22.306
2023-03-08,TNA,TNA,14957000.0,37.39,0.001,-1008492000.0,14957000.0,0.0,0.9297,24443000.0,83278000.0,BALANCED,39.2416
2023-03-09,TNA,TNA,1713000.0,34.25,-0.084,-1006779000.0,1713000.0,0.0,0.1532,33936000.0,53673000.0,BALANCED,21.8302
2023-03-10,TNA,TNA,62415000.0,31.21,-0.0889,-944364000.0,62415000.0,0.0,2.9595,96351000.0,116088000.0,ACCUMULATION,93.9882
2023-03-13,TNA,TNA,50491000.0,29.7,-0.0483,-893873000.0,50491000.0,0.0,2.1042,133311000.0,146491000.0,ACCUMULATION,74.6048
2023-03-14,TNA,TNA,0.0,31.38,0.0564,-893873000.0,0.0,0.0,-0.169,129576000.0,152729000.0,BALANCED,5.7747
2023-03-15,TNA,TNA,86268000.0,29.75,-0.0519,-807605000.0,86268000.0,0.0,2.9708,200887000.0,238997000.0,ACCUMULATION,86.2706
2023-03-16,TNA,TNA,-37225000.0,31.02,0.0428,-844830000.0,0.0,-37225000.0,-1.5381,161949000.0,186782000.0,DISTRIBUTION,-30.4529
2023-03-17,TNA,TNA,21439000.0,28.59,-0.0785,-823391000.0,21439000.0,0.0,0.515,120973000.0,256055000.0,BALANCED,24.8762
2023-03-20,TNA,TNA,0.0,29.56,0.034,-823391000.0,0.0,0.0,-0.3445,70482000.0,249780000.0,BALANCED,1.3881
2023-03-21,TNA,TNA,0.0,31.17,0.0557,-823391000.0,0.0,0.0,-0.3414,70482000.0,236450000.0,BALANCED,1.4653
2023-03-22,TNA,TNA,7128000.0,28.51,-0.0853,-816263000.0,7128000.0,0.0,-0.0809,-8658000.0,222431000.0,BALANCED,-10.0229
2023-03-23,TNA,TNA,16886000.0,28.14,-0.0129,-799377000.0,16886000.0,0.0,0.326,45453000.0,243243000.0,BALANCED,22.1494
2023-03-24,TNA,TNA,27406000.0,28.85,0.0251,-771971000.0,27406000.0,0.0,0.7039,51420000.0,270649000.0,BALANCED,33.5963
2023-03-27,TNA,TNA,10423000.0,29.78,0.0323,-761548000.0,10423000.0,0.0,0.0448,61843000.0,288773000.0,BALANCED,19.1202
2023-03-28,TNA,TNA,-2970000.0,29.7,-0.0026,-764518000.0,0.0,-2970000.0,-0.4922,58873000.0,285803000.0,BALANCED,-4.3058
2023-03-29,TNA,TNA,7667000.0,30.67,0.0326,-756851000.0,7667000.0,0.0,-0.0794,59412000.0,276084000.0,BALANCED,10.0147
2023-03-30,TNA,TNA,3054000.0,30.54,-0.0042,-753797000.0,3054000.0,0.0,-0.2474,45580000.0,286918000.0,BALANCED,7.8141
2023-03-31,TNA,TNA,0.0,32.27,0.0565,-753797000.0,0.0,0.0,-0.4774,18174000.0,286918000.0,BALANCED,-1.934
2023-04-03,TNA,TNA,-27422000.0,32.26,-0.0002,-781219000.0,0.0,-27422000.0,-1.5623,-19671000.0,245965000.0,DISTRIBUTION,-51.0566
2023-04-04,TNA,TNA,10679000.0,30.51,-0.0542,-770540000.0,10679000.0,0.0,0.0436,-6022000.0,252909000.0,BALANCED,-6.9109
2023-04-05,TNA,TNA,-20722000.0,29.6,-0.0298,-791262000.0,0.0,-20722000.0,-1.1923,-34411000.0,217230000.0,BALANCED,-41.8071
2023-04-06,TNA,TNA,28204000.0,29.69,0.0029,-763058000.0,28204000.0,0.0,0.7724,-9261000.0,243721000.0,BALANCED,11.3099
2023-04-10,TNA,TNA,-10711000.0,30.6,0.0308,-773769000.0,0.0,-10711000.0,-0.7975,-19972000.0,170595000.0,BALANCED,-31.9373
2023-04-11,TNA,TNA,-15663000.0,31.33,0.0236,-789432000.0,0.0,-15663000.0,-0.9785,-8213000.0,104441000.0,BALANCED,-38.4616
2023-04-12,TNA,TNA,1532000.0,30.64,-0.022,-787900000.0,1532000.0,0.0,-0.29,-17360000.0,105973000.0,BALANCED,-15.2506
2023-04-13,TNA,TNA,-17506000.0,31.83,0.0389,-805406000.0,0.0,-17506000.0,-0.9928,-14144000.0,2199000.0,BALANCED,-36.819
2023-04-14,TNA,TNA,0.0,30.96,-0.0272,-805406000.0,0.0,0.0,-0.3119,-42348000.0,39424000.0,BALANCED,-17.7969
2023-04-17,TNA,TNA,-12839000.0,32.1,0.0366,-818245000.0,0.0,-12839000.0,-0.7976,-44476000.0,5146000.0,BALANCED,-31.9389
2023-04-18,TNA,TNA,-1585000.0,31.69,-0.0126,-819830000.0,0.0,-1585000.0,-0.3343,-30398000.0,3561000.0,BALANCED,-22.3563
2023-04-19,TNA,TNA,9562000.0,31.87,0.0057,-810268000.0,9562000.0,0.0,0.0966,-22368000.0,13123000.0,BALANCED,-5.5844
2023-04-20,TNA,TNA,-6270000.0,31.35,-0.0163,-816538000.0,0.0,-6270000.0,-0.4971,-11132000.0,-275000.0,BALANCED,-24.4265
2023-04-21,TNA,TNA,4714000.0,31.43,0.0024,-811824000.0,4714000.0,0.0,-0.0701,-6418000.0,-12447000.0,BALANCED,-9.7513
2023-04-24,TNA,TNA,4694000.0,31.3,-0.0042,-807130000.0,4694000.0,0.0,0.0052,11115000.0,-35159000.0,BALANCED,14.1289
2023-04-25,TNA,TNA,23217000.0,29.02,-0.0726,-783913000.0,23217000.0,0.0,0.8963,35917000.0,-22365000.0,BALANCED,38.4085
2023-04-26,TNA,TNA,32457000.0,28.22,-0.0275,-751456000.0,32457000.0,0.0,1.2359,58812000.0,13062000.0,BALANCED,48.8968
2023-04-27,TNA,TNA,0.0,29.26,0.0368,-751456000.0,0.0,0.0,-0.1148,65082000.0,5395000.0,BALANCED,7.1298
2023-04-28,TNA,TNA,-16555000.0,30.1,0.0286,-768011000.0,0.0,-16555000.0,-1.2764,43813000.0,-14214000.0,BALANCED,-23.9104
2023-05-01,TNA,TNA,-3011000.0,30.11,0.0004,-771022000.0,0.0,-3011000.0,-0.3264,36108000.0,-17225000.0,BALANCED,-2.1599
2023-05-02,TNA,TNA,25394000.0,28.22,-0.0629,-745628000.0,25394000.0,0.0,1.5009,38285000.0,35591000.0,ACCUMULATION,49.5215
2023-05-03,TNA,TNA,1428000.0,28.55,0.0119,-744200000.0,1428000.0,0.0,-0.0798,7256000.0,26340000.0,BALANCED,12.0053
2023-05-04,TNA,TNA,-4132000.0,27.55,-0.0351,-748332000.0,0.0,-4132000.0,-0.4205,3124000.0,42930000.0,BALANCED,-2.5129
2023-05-05,TNA,TNA,0.0,29.5,0.071,-748332000.0,0.0,0.0,-0.1137,19679000.0,14726000.0,BALANCED,7.1569
2023-05-08,TNA,TNA,0.0,29.24,-0.009,-748332000.0,0.0,0.0,-0.0557,22690000.0,25437000.0,BALANCED,8.6081
2023-05-09,TNA,TNA,-2899000.0,28.99,-0.0086,-751231000.0,0.0,-2899000.0,-0.2308,-5603000.0,38201000.0,BALANCED,-17.7709
2023-05-10,TNA,TNA,1473000.0,29.46,0.0163,-749758000.0,1473000.0,0.0,0.0699,-5558000.0,38142000.0,BALANCED,-6.2527
2023-05-11,TNA,TNA,1436000.0,28.73,-0.0249,-748322000.0,1436000.0,0.0,0.0824,10000.0,57084000.0,BALANCED,16.0607
2023-05-12,TNA,TNA,21393000.0,28.52,-0.0071,-726929000.0,21393000.0,0.0,1.4147,21403000.0,78477000.0,BALANCED,51.3674
2023-05-15,TNA,TNA,-22159000.0,29.55,0.0358,-749088000.0,0.0,-22159000.0,-1.479,-756000.0,69157000.0,BALANCED,-48.975
2023-05-16,TNA,TNA,0.0,28.26,-0.0435,-749088000.0,0.0,0.0,-0.0756,2143000.0,70742000.0,BALANCED,8.1094
2023-05-17,TNA,TNA,7534000.0,30.13,0.0663,-741554000.0,7534000.0,0.0,0.4658,8204000.0,68714000.0,BALANCED,23.6448
2023-05-18,TNA,TNA,-35264000.0,30.66,0.0176,-776818000.0,0.0,-35264000.0,-2.3693,-28496000.0,39720000.0,DISTRIBUTION,-71.2321
2023-05-19,TNA,TNA,1503000.0,30.07,-0.0195,-775315000.0,1503000.0,0.0,0.1351,-48386000.0,36509000.0,BALANCED,-4.6236
2023-05-22,TNA,TNA,-9348000.0,31.16,0.0364,-784663000.0,0.0,-9348000.0,-0.6362,-35575000.0,22467000.0,BALANCED,-27.9059
2023-05-23,TNA,TNA,-12297000.0,30.74,-0.0134,-796960000.0,0.0,-12297000.0,-0.8599,-47872000.0,-13047000.0,BALANCED,-35.4969
2023-05-24,TNA,TNA,41561000.0,29.69,-0.0344,-755399000.0,41561000.0,0.0,2.5369,-13845000.0,-3943000.0,ACCUMULATION,55.4217
2023-05-25,TNA,TNA,8713000.0,29.04,-0.0217,-746686000.0,8713000.0,0.0,0.4326,30132000.0,4770000.0,BALANCED,24.8147
2023-05-26,TNA,TNA,13473000.0,29.94,0.0309,-733213000.0,13473000.0,0.0,0.7026,42102000.0,34798000.0,BALANCED,33.564
2023-05-30,TNA,TNA,4446000.0,29.64,-0.0101,-728767000.0,4446000.0,0.0,0.0945,55896000.0,42255000.0,BALANCED,20.362
2023-05-31,TNA,TNA,46016000.0,28.76,-0.0296,-682751000.0,46016000.0,0.0,2.3912,114209000.0,62877000.0,ACCUMULATION,79.7795
2023-06-01,TNA,TNA,-20768000.0,29.67,0.0316,-703519000.0,0.0,-20768000.0,-1.3585,51880000.0,40681000.0,BALANCED,-25.9621
2023-06-02,TNA,TNA,-45954000.0,32.82,0.1064,-749473000.0,0.0,-45954000.0,-2.4093,-2787000.0,-1141000.0,DISTRIBUTION,-74.233
2023-06-05,TNA,TNA,63019000.0,31.51,-0.04,-686454000.0,63019000.0,0.0,2.5721,46759000.0,61878000.0,ACCUMULATION,76.3019
2023-06-06,TNA,TNA,-10211000.0,34.04,0.0802,-696665000.0,0.0,-10211000.0,-0.6034,32102000.0,51667000.0,BALANCED,-7.084
2023-06-07,TNA,TNA,14346000.0,35.87,0.0537,-682319000.0,14346000.0,0.0,0.4802,432000.0,68912000.0,BALANCED,24.005
2023-06-08,TNA,TNA,-35432000.0,35.43,-0.0121,-717751000.0,0.0,-35432000.0,-1.5754,-14232000.0,32007000.0,DISTRIBUTION,-51.3857
2023-06-09,TNA,TNA,0.0,34.55,-0.0249,-717751000.0,0.0,0.0,-0.0484,31722000.0,30571000.0,BALANCED,8.7895
2023-06-12,TNA,TNA,-10488000.0,34.96,0.0118,-728239000.0,0.0,-10488000.0,-0.5121,-41785000.0,-1310000.0,BALANCED,-24.802
2023-06-13,TNA,TNA,19926000.0,36.23,0.0363,-708313000.0,19926000.0,0.0,0.7655,-11648000.0,40775000.0,BALANCED,11.1367
2023-06-14,TNA,TNA,27994000.0,34.99,-0.0341,-680319000.0,27994000.0,0.0,1.1035,2000000.0,68769000.0,BALANCED,41.5885
2023-06-15,TNA,TNA,-43018000.0,35.85,0.0244,-723337000.0,0.0,-43018000.0,-1.762,-5586000.0,18217000.0,DISTRIBUTION,-56.051
2023-06-16,TNA,TNA,5251000.0,35.01,-0.0235,-718086000.0,5251000.0,0.0,0.171,-335000.0,58732000.0,BALANCED,-3.7238
2023-06-20,TNA,TNA,-5177000.0,34.51,-0.0141,-723263000.0,0.0,-5177000.0,-0.2422,4976000.0,52052000.0,BALANCED,1.9462
2023-06-21,TNA,TNA,11922000.0,34.06,-0.0064,-711341000.0,11922000.0,0.0,0.4291,-3028000.0,73322000.0,BALANCED,2.727
2023-06-22,TNA,TNA,-9975000.0,33.25,-0.0238,-721316000.0,0.0,-9975000.0,-0.4391,-40997000.0,75644000.0,BALANCED,-22.9787
2023-06-23,TNA,TNA,12710000.0,31.78,-0.0444,-708606000.0,12710000.0,0.0,0.4521,14731000.0,46793000.0,BALANCED,23.3036
2023-06-26,TNA,TNA,14334000.0,31.85,0.0024,-694272000.0,14334000.0,0.0,0.4976,23814000.0,52414000.0,BALANCED,26.4388
2023-06-27,TNA,TNA,1662000.0,33.24,0.0435,-692610000.0,1662000.0,0.0,0.0208,30653000.0,40603000.0,BALANCED,16.5198
2023-06-28,TNA,TNA,1685000.0,33.7,0.0141,-690925000.0,1685000.0,0.0,-0.0103,20416000.0,37842000.0,BALANCED,17.7413
2023-06-29,TNA,TNA,-34959000.0,34.96,0.0373,-725884000.0,0.0,-34959000.0,-1.405,-4568000.0,-43133000.0,BALANCED,-47.1251
2023-06-30,TNA,TNA,-28282000.0,35.35,0.0112,-754166000.0,0.0,-28282000.0,-1.0741,-45560000.0,-50647000.0,BALANCED,-40.8524
2023-07-03,TNA,TNA,3574000.0,35.74,0.0109,-750592000.0,3574000.0,0.0,0.1076,-56320000.0,-1119000.0,BALANCED,-5.3105
2023-07-05,TNA,TNA,-5166000.0,34.44,-0.0362,-755758000.0,0.0,-5166000.0,-0.2316,-63148000.0,-69304000.0,BALANCED,-17.7901
2023-07-06,TNA,TNA,1637000.0,32.75,-0.0492,-754121000.0,1637000.0,0.0,0.0247,-63196000.0,-57456000.0,BALANCED,-7.3823
2023-07-07,TNA,TNA,8470000.0,33.88,0.0346,-745651000.0,8470000.0,0.0,0.2709,-19767000.0,-63332000.0,BALANCED,0.7719
2023-07-10,TNA,TNA,7111000.0,35.55,0.0494,-738540000.0,7111000.0,0.0,0.2749,15626000.0,-20789000.0,BALANCED,22.872
2023-07-11,TNA,TNA,9144000.0,36.58,0.0288,-729396000.0,9144000.0,0.0,0.3595,21196000.0,-11645000.0,BALANCED,26.9882
2023-07-12,TNA,TNA,35841000.0,37.73,0.0314,-693555000.0,35841000.0,0.0,1.404,62203000.0,34684000.0,BALANCED,55.1007
2023-07-13,TNA,TNA,-46465000.0,38.72,0.0263,-740020000.0,0.0,-46465000.0,-1.7676,14101000.0,-31707000.0,DISTRIBUTION,-36.1903
2023-07-14,TNA,TNA,-71288000.0,37.52,-0.031,-811308000.0,0.0,-71288000.0,-2.4252,-65657000.0,-130989000.0,DISTRIBUTION,-74.6312
2023-07-17,TNA,TNA,-25148000.0,38.69,0.0312,-836456000.0,0.0,-25148000.0,-0.7471,-97916000.0,-113119000.0,BALANCED,-34.6781
2023-07-18,TNA,TNA,-8029000.0,40.14,0.0376,-844485000.0,0.0,-8029000.0,-0.1827,-115089000.0,-126399000.0,BALANCED,-22.5674
2023-07-19,TNA,TNA,30498000.0,40.66,0.0129,-813987000.0,30498000.0,0.0,1.4245,-120432000.0,-90724000.0,BALANCED,27.6135
2023-07-20,TNA,TNA,-83095000.0,39.57,-0.0269,-897082000.0,0.0,-83095000.0,-2.6982,-157062000.0,-185741000.0,DISTRIBUTION,-79.4548
2023-07-21,TNA,TNA,5869000.0,39.13,-0.0112,-891213000.0,5869000.0,0.0,0.4559,-79905000.0,-169897000.0,BALANCED,3.3981
2023-07-24,TNA,TNA,-3943000.0,39.43,0.0078,-895156000.0,0.0,-3943000.0,0.0713,-58700000.0,-186550000.0,BALANCED,-10.217
2023-07-25,TNA,TNA,-17747000.0,39.44,0.0002,-912903000.0,0.0,-17747000.0,-0.406,-68418000.0,-218631000.0,BALANCED,-24.1504
2023-07-26,TNA,TNA,38285000.0,40.3,0.0219,-874618000.0,38285000.0,0.0,1.496,-60631000.0,-182008000.0,BALANCED,29.3991
2023-07-27,TNA,TNA,-56161000.0,38.73,-0.0389,-930779000.0,0.0,-56161000.0,-1.6291,-33697000.0,-239854000.0,DISTRIBUTION,-52.7265
2023-07-28,TNA,TNA,-10067000.0,40.27,0.0396,-940846000.0,0.0,-10067000.0,-0.0474,-49633000.0,-214962000.0,BALANCED,-15.1852
2023-07-31,TNA,TNA,-10398000.0,41.59,0.0329,-951244000.0,0.0,-10398000.0,-0.0985,-56088000.0,-197078000.0,BALANCED,-18.4621
2023-08-01,TNA,TNA,14356000.0,41.02,-0.0139,-936888000.0,14356000.0,0.0,0.7561,-23985000.0,-186296000.0,BALANCED,10.9035
2023-08-02,TNA,TNA,33426000.0,39.33,-0.0413,-903462000.0,33426000.0,0.0,1.333,-28844000.0,-147704000.0,BALANCED,27.3254
2023-08-03,TNA,TNA,-15596000.0,38.99,-0.0085,-919058000.0,0.0,-15596000.0,-0.2946,11721000.0,-164937000.0,BALANCED,0.6339
2023-08-04,TNA,TNA,-5809000.0,38.73,-0.0067,-924867000.0,0.0,-5809000.0,0.0332,15979000.0,-179216000.0,BALANCED,6.8292
2023-08-07,TNA,TNA,7760000.0,38.8,0.0018,-917107000.0,7760000.0,0.0,0.5016,34137000.0,-178567000.0,BALANCED,24.5391
2023-08-08,TNA,TNA,17144000.0,38.1,-0.0181,-899963000.0,17144000.0,0.0,0.8163,36925000.0,-170567000.0,BALANCED,34.4064
2023-08-09,TNA,TNA,35274000.0,37.13,-0.0254,-864689000.0,35274000.0,0.0,1.3506,38773000.0,-171134000.0,BALANCED,49.7659
2023-08-10,TNA,TNA,-5497000.0,36.65,-0.013,-870186000.0,0.0,-5497000.0,0.0158,48872000.0,-130166000.0,BALANCED,8.3943
2023-08-11,TNA,TNA,-3677000.0,36.77,0.0033,-873863000.0,0.0,-3677000.0,0.0421,51004000.0,-62555000.0,BALANCED,7.0522
2023-08-14,TNA,TNA,5479000.0,36.53,-0.0066,-868384000.0,5479000.0,0.0,0.3142,48723000.0,-31928000.0,BALANCED,19.8542
2023-08-15,TNA,TNA,22813000.0,35.1,-0.0392,-845571000.0,22813000.0,0.0,0.868,54392000.0,-1086000.0,BALANCED,35.6995
2023-08-16,TNA,TNA,48959000.0,33.76,-0.038,-796612000.0,48959000.0,0.0,1.6025,68077000.0,17375000.0,ACCUMULATION,56.0632
2023-08-17,TNA,TNA,-3259000.0,32.59,-0.0349,-799871000.0,0.0,-3259000.0,-0.0552,70315000.0,97211000.0,BALANCED,6.6193
2023-08-18,TNA,TNA,18183000.0,33.06,0.0145,-781688000.0,18183000.0,0.0,0.6143,92175000.0,109525000.0,BALANCED,27.3581
2023-08-21,TNA,TNA,32874000.0,32.87,-0.0056,-748814000.0,32874000.0,0.0,1.0337,119570000.0,146342000.0,BALANCED,39.8429
2023-08-22,TNA,TNA,22810000.0,32.59,-0.0088,-726004000.0,22810000.0,0.0,0.7012,119567000.0,186899000.0,BALANCED,33.5303
2023-08-23,TNA,TNA,21839000.0,33.6,0.0311,-704165000.0,21839000.0,0.0,0.695,92447000.0,170453000.0,BALANCED,35.3742
2023-08-24,TNA,TNA,-43583000.0,32.28,-0.0391,-747748000.0,0.0,-43583000.0,-1.3627,52123000.0,183031000.0,BALANCED,-26.0675
2023-08-25,TNA,TNA,-3264000.0,32.64,0.011,-751012000.0,0.0,-3264000.0,-0.1829,30676000.0,189834000.0,BALANCED,1.4287
2023-08-28,TNA,TNA,0.0,33.46,0.025,-751012000.0,0.0,0.0,-0.1003,-2198000.0,200232000.0,BALANCED,-12.5083
2023-08-29,TNA,TNA,-3487000.0,34.87,0.0421,-754499000.0,0.0,-3487000.0,-0.2289,-28495000.0,182389000.0,BALANCED,-17.7222
2023-08-30,TNA,TNA,15877000.0,35.28,0.012,-738622000.0,15877000.0,0.0,0.4778,-34457000.0,164840000.0,BALANCED,3.9441
2023-08-31,TNA,TNA,-84233000.0,35.1,-0.0053,-822855000.0,0.0,-84233000.0,-3.0863,-75107000.0,96203000.0,DISTRIBUTION,-89.1576
2023-09-01,TNA,TNA,-10873000.0,36.24,0.0327,-833728000.0,0.0,-10873000.0,-0.4537,-82716000.0,91139000.0,BALANCED,-25.3417
2023-09-05,TNA,TNA,10184000.0,33.95,-0.0634,-823544000.0,10184000.0,0.0,0.2764,-72532000.0,93563000.0,BALANCED,-1.0896
2023-09-06,TNA,TNA,53747000.0,33.59,-0.0104,-769797000.0,53747000.0,0.0,1.6636,-15298000.0,130166000.0,ACCUMULATION,35.5893
2023-09-07,TNA,TNA,-13040000.0,32.6,-0.0295,-782837000.0,0.0,-13040000.0,-0.5568,-44215000.0,81852000.0,BALANCED,-25.9207
2023-09-08,TNA,TNA,11322000.0,32.35,-0.0077,-771515000.0,11322000.0,0.0,0.2253,51340000.0,98671000.0,BALANCED,17.6334
2023-09-11,TNA,TNA,-1627000.0,32.53,0.0057,-773142000.0,0.0,-1627000.0,-0.2717,60586000.0,100721000.0,BALANCED,1.2073
2023-09-12,TNA,TNA,3251000.0,32.51,-0.0007,-769891000.0,3251000.0,0.0,-0.1059,53653000.0,98493000.0,BALANCED,9.3536
2023-09-13,TNA,TNA,34949000.0,31.77,-0.0228,-734942000.0,34949000.0,0.0,1.0497,34855000.0,110629000.0,BALANCED,40.2419
2023-09-14,TNA,TNA,-29808000.0,33.12,0.0424,-764750000.0,0.0,-29808000.0,-1.2661,18087000.0,31862000.0,BALANCED,-23.6537
2023-09-15,TNA,TNA,11215000.0,32.04,-0.0325,-753535000.0,11215000.0,0.0,0.2114,17980000.0,46336000.0,BALANCED,17.2861
2023-09-18,TNA,TNA,6275000.0,31.38,-0.0208,-747260000.0,6275000.0,0.0,0.0132,25882000.0,34428000.0,BALANCED,14.3302
2023-09-19,TNA,TNA,6192000.0,30.96,-0.0128,-741068000.0,6192000.0,0.0,0.0121,28823000.0,7746000.0,BALANCED,16.3016
2023-09-20,TNA,TNA,36110000.0,30.09,-0.028,-704958000.0,36110000.0,0.0,1.0825,29984000.0,21046000.0,BALANCED,45.0635
2023-09-21,TNA,TNA,-20070000.0,28.67,-0.0472,-725028000.0,0.0,-20070000.0,-0.9087,39722000.0,-20863000.0,BALANCED,-14.7167
2023-09-22,TNA,TNA,28403000.0,28.4,-0.0094,-696625000.0,28403000.0,0.0,0.8231,56910000.0,51123000.0,BALANCED,32.5787
2023-09-25,TNA,TNA,21573000.0,28.76,0.0127,-675052000.0,21573000.0,0.0,0.5422,72208000.0,75960000.0,BALANCED,27.5558
2023-09-26,TNA,TNA,17978000.0,27.66,-0.0385,-657074000.0,17978000.0,0.0,0.3956,83994000.0,93938000.0,BALANCED,25.8899
2023-09-27,TNA,TNA,93904000.0,28.46,0.0289,-563170000.0,93904000.0,0.0,2.6589,141788000.0,191329000.0,ACCUMULATION,84.4722
2023-09-28,TNA,TNA,-74533000.0,29.23,0.0272,-637703000.0,0.0,-74533000.0,-2.3227,87325000.0,100919000.0,DISTRIBUTION,-50.0665
2023-09-29,TNA,TNA,31637000.0,28.76,-0.016,-606066000.0,31637000.0,0.0,0.7264,90559000.0,216789000.0,BALANCED,30.16
2023-10-02,TNA,TNA,38363000.0,27.4,-0.0472,-567703000.0,38363000.0,0.0,0.89,107349000.0,266025000.0,BALANCED,36.2511
2023-10-03,TNA,TNA,45514000.0,26.01,-0.0509,-522189000.0,45514000.0,0.0,1.0698,134885000.0,301355000.0,BALANCED,42.746
2023-10-04,TNA,TNA,112115000.0,26.07,0.0025,-410074000.0,112115000.0,0.0,2.5248,153096000.0,359723000.0,ACCUMULATION,81.121
2023-10-05,TNA,TNA,-100746000.0,26.17,0.0036,-510820000.0,0.0,-100746000.0,-2.3826,126883000.0,272017000.0,DISTRIBUTION,-51.5642
2023-10-06,TNA,TNA,-5361000.0,26.8,0.0243,-516181000.0,0.0,-5361000.0,-0.2969,89885000.0,255334000.0,BALANCED,-1.4224
2023-10-09,TNA,TNA,4091000.0,27.27,0.0175,-512090000.0,4091000.0,0.0,-0.088,55613000.0,261052000.0,BALANCED,9.8
2023-10-10,TNA,TNA,5638000.0,28.19,0.0337,-506452000.0,5638000.0,0.0,-0.0571,15737000.0,263439000.0,BALANCED,12.5713
2023-10-11,TNA,TNA,9818000.0,28.05,-0.0049,-496634000.0,9818000.0,0.0,0.0278,-86560000.0,238308000.0,BALANCED,-3.3044
2023-10-12,TNA,TNA,-13092000.0,26.18,-0.0666,-509726000.0,0.0,-13092000.0,-0.47,1094000.0,255024000.0,BALANCED,-3.7503
2023-10-13,TNA,TNA,14025000.0,25.5,-0.0261,-495701000.0,14025000.0,0.0,0.077,20480000.0,257834000.0,BALANCED,13.9242
2023-10-16,TNA,TNA,9350000.0,26.71,0.0476,-486351000.0,9350000.0,0.0,-0.0553,25739000.0,260909000.0,BALANCED,12.618
2023-10-17,TNA,TNA,0.0,27.58,0.0324,-486351000.0,0.0,0.0,-0.2783,20101000.0,254717000.0,BALANCED,3.0417
2023-10-18,TNA,TNA,23251000.0,25.83,-0.0632,-463100000.0,23251000.0,0.0,0.3285,33534000.0,241858000.0,BALANCED,20.2136
2023-10-19,TNA,TNA,-12321000.0,24.64,-0.0461,-475421000.0,0.0,-12321000.0,-0.5694,34305000.0,249607000.0,BALANCED,-6.2338
2023-10-20,TNA,TNA,33130000.0,23.66,-0.0397,-442291000.0,33130000.0,0.0,0.5559,53410000.0,254334000.0,BALANCED,25.8967
2023-10-23,TNA,TNA,17275000.0,23.03,-0.0266,-425016000.0,17275000.0,0.0,0.1425,61335000.0,250036000.0,BALANCED,17.5619
2023-10-24,TNA,TNA,20061000.0,23.6,0.0246,-404955000.0,20061000.0,0.0,0.1984,81396000.0,252119000.0,BALANCED,20.9603
2023-10-25,TNA,TNA,60514000.0,22.41,-0.0503,-344441000.0,60514000.0,0.0,1.1708,118659000.0,218729000.0,BALANCED,47.2693
2023-10-26,TNA,TNA,-14703000.0,22.62,0.0093,-359144000.0,0.0,-14703000.0,-0.7036,116277000.0,278559000.0,BALANCED,-9.5909
2023-10-27,TNA,TNA,23957000.0,21.78,-0.0372,-335187000.0,23957000.0,0.0,0.2493,107104000.0,270879000.0,BALANCED,18.2337
2023-10-30,TNA,TNA,5544000.0,22.18,0.0182,-329643000.0,5544000.0,0.0,-0.2086,95373000.0,238060000.0,BALANCED,8.7852
2023-10-31,TNA,TNA,0.0,22.77,0.0267,-329643000.0,0.0,0.0,-0.341,75312000.0,192546000.0,BALANCED,1.4744
2023-11-01,TNA,TNA,51942000.0,23.09,0.014,-277701000.0,51942000.0,0.0,0.9281,66740000.0,132373000.0,BALANCED,35.2026
2023-11-02,TNA,TNA,-59825000.0,24.93,0.0798,-337526000.0,0.0,-59825000.0,-1.7161,21618000.0,173294000.0,DISTRIBUTION,-34.9018
2023-11-03,TNA,TNA,-2694000.0,26.94,0.0806,-340220000.0,0.0,-2694000.0,-0.3439,-5033000.0,175961000.0,BALANCED,-22.5979
2023-11-06,TNA,TNA,-3884000.0,25.89,-0.0388,-344104000.0,0.0,-3884000.0,-0.3515,-14461000.0,167986000.0,BALANCED,-24.7881
2023-11-07,TNA,TNA,-2566000.0,25.66,-0.009,-346670000.0,0.0,-2566000.0,-0.304,-17027000.0,159782000.0,BALANCED,-25.5992
2023-11-08,TNA,TNA,8685000.0,24.81,-0.0329,-337985000.0,8685000.0,0.0,0.0299,-60284000.0,158649000.0,BALANCED,-7.2528
2023-11-09,TNA,TNA,-24830000.0,23.65,-0.047,-362815000.0,0.0,-24830000.0,-0.9229,-25289000.0,146911000.0,BALANCED,-35.0717
2023-11-10,TNA,TNA,7319000.0,24.4,0.0317,-355496000.0,7319000.0,0.0,-0.0282,-15276000.0,140205000.0,BALANCED,-8.706
2023-11-13,TNA,TNA,14643000.0,24.4,0.0003,-340853000.0,14643000.0,0.0,0.1958,3251000.0,145498000.0,BALANCED,18.8942
2023-11-14,TNA,TNA,32666000.0,28.4,0.1639,-308187000.0,32666000.0,0.0,0.7136,38483000.0,178164000.0,BALANCED,33.8393
2023-11-15,TNA,TNA,64210000.0,28.54,0.0047,-243977000.0,64210000.0,0.0,1.8462,94008000.0,219123000.0,ACCUMULATION,64.1561
2023-11-16,TNA,TNA,-76201000.0,27.21,-0.0464,-320178000.0,0.0,-76201000.0,-2.8314,42637000.0,155243000.0,DISTRIBUTION,-62.7854
2023-11-17,TNA,TNA,19809000.0,28.3,0.0398,-300369000.0,19809000.0,0.0,0.4325,55127000.0,141922000.0,BALANCED,22.8117
2023-11-20,TNA,TNA,31617000.0,28.74,0.0157,-268752000.0,31617000.0,0.0,0.7968,72101000.0,156264000.0,BALANCED,33.9198
2023-11-21,TNA,TNA,6901000.0,27.6,-0.0396,-261851000.0,6901000.0,0.0,-0.0425,46336000.0,143104000.0,BALANCED,14.9386
2023-11-22,TNA,TNA,-2815000.0,28.15,0.0198,-264666000.0,0.0,-2815000.0,-0.3568,-20689000.0,79775000.0,BALANCED,-20.9192
2023-11-24,TNA,TNA,0.0,28.69,0.0191,-264666000.0,0.0,0.0,-0.2784,55512000.0,94478000.0,BALANCED,3.0399
2023-11-27,TNA,TNA,11353000.0,28.38,-0.0107,-253313000.0,11353000.0,0.0,0.1116,47056000.0,81874000.0,BALANCED,14.7905
2023-11-28,TNA,TNA,2799000.0,27.99,-0.0137,-250514000.0,2799000.0,0.0,-0.1725,18238000.0,79129000.0,BALANCED,9.6868
2023-11-29,TNA,TNA,71232000.0,28.49,0.0178,-179282000.0,71232000.0,0.0,1.9372,82569000.0,150361000.0,ACCUMULATION,64.4299
2023-11-30,TNA,TNA,-74814000.0,28.77,0.0099,-254096000.0,0.0,-74814000.0,-2.3376,10570000.0,23605000.0,DISTRIBUTION,-50.4396
2023-12-01,TNA,TNA,1565000.0,31.3,0.0877,-252531000.0,1565000.0,0.0,-0.1685,12135000.0,84995000.0,BALANCED,7.7884
2023-12-04,TNA,TNA,1614000.0,32.27,0.0311,-250917000.0,1614000.0,0.0,-0.1382,2396000.0,89303000.0,BALANCED,10.5454
2023-12-05,TNA,TNA,-1547000.0,30.94,-0.0414,-252464000.0,0.0,-1547000.0,-0.2119,-1950000.0,91640000.0,BALANCED,-17.2965
2023-12-06,TNA,TNA,50711000.0,30.73,-0.0065,-201753000.0,50711000.0,0.0,1.2435,-22471000.0,144917000.0,BALANCED,23.0886
2023-12-07,TNA,TNA,-171704000.0,31.51,0.0251,-373457000.0,0.0,-171704000.0,-3.6524,-119361000.0,-35472000.0,DISTRIBUTION,-100.0
2023-12-08,TNA,TNA,6426000.0,32.13,0.0199,-367031000.0,6426000.0,0.0,0.1433,-114500000.0,-4216000.0,BALANCED,-4.4186
2023-12-11,TNA,TNA,24211000.0,32.28,0.0046,-342820000.0,24211000.0,0.0,0.5239,-91903000.0,12676000.0,BALANCED,7.0982
2023-12-12,TNA,TNA,25725000.0,32.16,-0.0039,-317095000.0,25725000.0,0.0,0.5393,-64631000.0,23758000.0,BALANCED,9.4819
2023-12-13,TNA,TNA,21309000.0,35.51,0.1045,-295786000.0,21309000.0,0.0,0.4286,-94033000.0,12401000.0,BALANCED,8.7156
2023-12-14,TNA,TNA,-167231000.0,38.44,0.0825,-463017000.0,0.0,-167231000.0,-2.9163,-89560000.0,-219040000.0,DISTRIBUTION,-84.9073
2023-12-15,TNA,TNA,-20629000.0,37.51,-0.0244,-483646000.0,0.0,-20629000.0,-0.2898,-116615000.0,-163468000.0,BALANCED,-21.2459
2023-12-18,TNA,TNA,61683000.0,37.38,-0.0033,-421963000.0,61683000.0,0.0,1.1561,-79143000.0,-121594000.0,BALANCED,20.9019
2023-12-19,TNA,TNA,31641000.0,39.55,0.058,-390322000.0,31641000.0,0.0,0.5919,-73227000.0,-121570000.0,BALANCED,8.7965
2023-12-20,TNA,TNA,106259000.0,37.28,-0.0573,-284063000.0,106259000.0,0.0,1.7533,11723000.0,-22212000.0,ACCUMULATION,59.8323
2023-12-21,TNA,TNA,-159804000.0,38.98,0.0513,-443867000.0,0.0,-159804000.0,-2.356,19150000.0,-179201000.0,DISTRIBUTION,-50.8997
2023-12-22,TNA,TNA,19967000.0,39.93,0.0246,-423900000.0,19967000.0,0.0,0.3317,59746000.0,-159234000.0,BALANCED,20.2919
2023-12-26,TNA,TNA,24855000.0,41.43,0.0374,-399045000.0,24855000.0,0.0,0.3956,22918000.0,-145732000.0,BALANCED,23.8895
2023-12-27,TNA,TNA,242680000.0,41.84,0.01,-156365000.0,242680000.0,0.0,2.9546,233957000.0,94149000.0,ACCUMULATION,89.8644
2023-12-28,TNA,TNA,-213199000.0,41.4,-0.0106,-369564000.0,0.0,-213199000.0,-2.3646,-85501000.0,-190282000.0,DISTRIBUTION,-71.1142
2023-12-29,TNA,TNA,35482000.0,39.42,-0.0477,-334082000.0,35482000.0,0.0,0.4338,109785000.0,-79986000.0,BALANCED,22.8452
2024-01-02,TNA,TNA,15446000.0,38.61,-0.0206,-318636000.0,15446000.0,0.0,0.1756,105264000.0,-66105000.0,BALANCED,18.3894
2024-01-03,TNA,TNA,143850000.0,35.52,-0.0802,-174786000.0,143850000.0,0.0,1.5266,224259000.0,76131000.0,ACCUMULATION,54.1653
2024-01-04,TNA,TNA,-192923000.0,35.4,-0.0034,-367709000.0,0.0,-192923000.0,-1.9328,-211344000.0,-115245000.0,DISTRIBUTION,-60.3194
2024-01-05,TNA,TNA,35016000.0,35.02,-0.0108,-332693000.0,35016000.0,0.0,0.3801,36871000.0,-130940000.0,BALANCED,21.5016
2024-01-08,TNA,TNA,24053000.0,37.0,0.0568,-308640000.0,24053000.0,0.0,0.2592,25442000.0,64817000.0,BALANCED,20.4793
2024-01-09,TNA,TNA,43037000.0,35.86,-0.0308,-265603000.0,43037000.0,0.0,0.4359,53033000.0,101428000.0,BALANCED,26.8981
2024-01-10,TNA,TNA,206769000.0,35.96,0.0027,-58834000.0,206769000.0,0.0,1.8936,115952000.0,283986000.0,ACCUMULATION,65.34
2024-01-11,TNA,TNA,-230119000.0,35.13,-0.023,-288953000.0,0.0,-230119000.0,-2.0028,78756000.0,28142000.0,DISTRIBUTION,-42.0704
2024-01-12,TNA,TNA,60997000.0,34.86,-0.0079,-227956000.0,60997000.0,0.0,0.5491,104737000.0,67830000.0,BALANCED,25.7264
2024-01-16,TNA,TNA,11748000.0,33.57,-0.037,-216208000.0,11748000.0,0.0,0.0926,92432000.0,246809000.0,BALANCED,16.3151
2024-01-17,TNA,TNA,182149000.0,32.82,-0.0223,-34059000.0,182149000.0,0.0,1.4826,231544000.0,449587000.0,BALANCED,53.0656
2024-01-18,TNA,TNA,-168460000.0,33.36,0.0164,-202519000.0,0.0,-168460000.0,-1.3914,-143685000.0,219444000.0,BALANCED,-46.784
2024-01-19,TNA,TNA,24064000.0,34.38,0.0306,-178455000.0,24064000.0,0.0,0.1766,110498000.0,211867000.0,BALANCED,16.4147
2024-01-22,TNA,TNA,96622000.0,36.46,0.0606,-81833000.0,96622000.0,0.0,0.7518,146123000.0,202230000.0,BALANCED,32.794
2024-01-23,TNA,TNA,0.0,36.07,-0.0107,-81833000.0,0.0,0.0,-0.0819,134375000.0,362034000.0,BALANCED,7.9522
2024-01-24,TNA,TNA,158622000.0,35.25,-0.0228,76789000.0,158622000.0,0.0,1.1814,110848000.0,500689000.0,BALANCED,41.5361
2024-01-25,TNA,TNA,-259334000.0,36.02,0.0218,-182545000.0,0.0,-259334000.0,-2.0114,19974000.0,216500000.0,DISTRIBUTION,-42.2839
2024-01-26,TNA,TNA,-3609000.0,36.09,0.0019,-186154000.0,0.0,-3609000.0,-0.0606,-7699000.0,-29789000.0,BALANCED,-15.5154
2024-01-29,TNA,TNA,0.0,37.9,0.0504,-186154000.0,0.0,0.0,-0.0278,-104321000.0,183410000.0,BALANCED,-10.6947
2024-01-30,TNA,TNA,61070000.0,37.01,-0.0235,-125084000.0,61070000.0,0.0,0.3896,-43251000.0,208998000.0,BALANCED,1.7405
2024-01-31,TNA,TNA,128562000.0,34.28,-0.0737,3478000.0,128562000.0,0.0,0.8678,-73311000.0,322114000.0,BALANCED,15.6945
2024-02-01,TNA,TNA,-194502000.0,35.69,0.041,-191024000.0,0.0,-194502000.0,-1.5013,-8479000.0,-16238000.0,DISTRIBUTION,-49.5329
2024-02-02,TNA,TNA,24527000.0,35.04,-0.0182,-166497000.0,24527000.0,0.0,0.1267,19657000.0,201212000.0,BALANCED,15.1687
2024-02-05,TNA,TNA,26938000.0,33.67,-0.039,-139559000.0,26938000.0,0.0,0.1658,46595000.0,193134000.0,BALANCED,18.1453
2024-02-06,TNA,TNA,-8633000.0,34.53,0.0255,-148192000.0,0.0,-8633000.0,-0.1425,-23108000.0,160448000.0,BALANCED,-15.5615
2024-02-07,TNA,TNA,205994000.0,34.33,-0.0058,57802000.0,205994000.0,0.0,1.4107,54324000.0,323405000.0,BALANCED,47.2684
2024-02-08,TNA,TNA,-299589000.0,35.88,0.045,-241787000.0,0.0,-299589000.0,-2.0819,-50763000.0,-182953000.0,DISTRIBUTION,-64.047
2024-02-09,TNA,TNA,-20632000.0,37.51,0.0455,-262419000.0,0.0,-20632000.0,-0.1226,-95922000.0,26534000.0,BALANCED,-17.0657
2024-02-12,TNA,TNA,23696000.0,39.49,0.0528,-238723000.0,23696000.0,0.0,0.1446,-99164000.0,-10767000.0,BALANCED,-4.3855
2024-02-13,TNA,TNA,119878000.0,34.75,-0.1202,-118845000.0,119878000.0,0.0,0.8331,29347000.0,97363000.0,BALANCED,34.8269
2024-02-14,TNA,TNA,162098000.0,37.26,0.0724,43253000.0,162098000.0,0.0,1.0855,-14549000.0,77312000.0,BALANCED,23.1384
2024-02-15,TNA,TNA,-416514000.0,40.05,0.0748,-373261000.0,0.0,-416514000.0,-2.62,-131474000.0,-170742000.0,DISTRIBUTION,-77.4997
2024-02-16,TNA,TNA,19167000.0,38.33,-0.0428,-354094000.0,19167000.0,0.0,0.1227,-91675000.0,-175639000.0,BALANCED,-4.9319
2024-02-20,TNA,TNA,9178000.0,36.71,-0.0423,-344916000.0,9178000.0,0.0,0.0629,-106193000.0,-263083000.0,BALANCED,-4.4271
2024-02-21,TNA,TNA,213494000.0,36.19,-0.0144,-131422000.0,213494000.0,0.0,1.3201,-12577000.0,-49589000.0,BALANCED,29.0027
2024-02-22,TNA,TNA,-276927000.0,37.17,0.0272,-408349000.0,0.0,-276927000.0,-1.6466,-451602000.0,-485138000.0,DISTRIBUTION,-53.1653
2024-02-23,TNA,TNA,1866000.0,37.31,0.0038,-406483000.0,1866000.0,0.0,0.0839,-33222000.0,-223938000.0,BALANCED,-5.9031
2024-02-26,TNA,TNA,15196000.0,37.99,0.0181,-391287000.0,15196000.0,0.0,0.12,-37193000.0,-205133000.0,BALANCED,-2.9998
2024-02-27,TNA,TNA,0.0,39.52,0.0403,-391287000.0,0.0,0.0,0.0352,-46371000.0,-205133000.0,BALANCED,-9.1195
2024-02-28,TNA,TNA,245064000.0,38.59,-0.0235,-146223000.0,245064000.0,0.0,1.5058,-14801000.0,-21139000.0,ACCUMULATION,29.6453
2024-02-29,TNA,TNA,-214826000.0,39.42,0.0214,-361049000.0,0.0,-214826000.0,-1.2571,47300000.0,-364527000.0,BALANCED,-23.4281
2024-03-01,TNA,TNA,8126000.0,40.63,0.0307,-352923000.0,8126000.0,0.0,0.0824,53560000.0,-161899000.0,BALANCED,14.0597
2024-03-04,TNA,TNA,-2025000.0,40.5,-0.0031,-354948000.0,0.0,-2025000.0,0.0242,36339000.0,-188451000.0,BALANCED,8.6051
2024-03-05,TNA,TNA,-7860000.0,39.3,-0.0298,-362808000.0,0.0,-7860000.0,0.0095,28479000.0,-223249000.0,BALANCED,6.2379
2024-03-06,TNA,TNA,58181000.0,40.13,0.0211,-304627000.0,58181000.0,0.0,0.4134,-158404000.0,-156435000.0,BALANCED,2.3361
2024-03-07,TNA,TNA,-193174000.0,41.1,0.0243,-497801000.0,0.0,-193174000.0,-1.0945,-136752000.0,-555603000.0,BALANCED,-39.3636
2024-03-08,TNA,TNA,6143000.0,40.95,-0.0036,-491658000.0,6143000.0,0.0,0.1079,-138735000.0,-249871000.0,BALANCED,-5.3023
2024-03-11,TNA,TNA,3996000.0,39.96,-0.0244,-487662000.0,3996000.0,0.0,0.0921,-132714000.0,-225243000.0,BALANCED,-3.6963
2024-03-12,TNA,TNA,5984000.0,39.89,-0.0016,-481678000.0,5984000.0,0.0,0.1039,-118870000.0,-242955000.0,BALANCED,-1.4032
2024-03-13,TNA,TNA,217477000.0,40.27,0.0095,-264201000.0,217477000.0,0.0,1.4098,40426000.0,-145356000.0,BALANCED,53.246
2024-03-14,TNA,TNA,-205073000.0,37.98,-0.057,-469274000.0,0.0,-205073000.0,-1.1863,28527000.0,-512527000.0,BALANCED,-21.658
2024-03-15,TNA,TNA,0.0,38.34,0.0095,-469274000.0,0.0,0.0,0.0595,22384000.0,-96013000.0,BALANCED,11.4866
2024-03-18,TNA,TNA,0.0,37.54,-0.0208,-469274000.0,0.0,0.0,0.0648,18388000.0,-115180000.0,BALANCED,11.6188
2024-03-19,TNA,TNA,3808000.0,38.08,0.0151,-465466000.0,3808000.0,0.0,0.0942,16212000.0,-120550000.0,BALANCED,14.3553
2024-03-20,TNA,TNA,223567000.0,40.28,0.0578,-241899000.0,223567000.0,0.0,1.4036,22302000.0,-110477000.0,BALANCED,49.0901
2024-03-21,TNA,TNA,-312376000.0,41.65,0.034,-554275000.0,0.0,-312376000.0,-1.7586,-85001000.0,-145926000.0,DISTRIBUTION,-55.9645
2024-03-22,TNA,TNA,23997000.0,40.0,-0.0397,-530278000.0,23997000.0,0.0,0.2133,-61004000.0,-123795000.0,BALANCED,-2.6666
2024-03-25,TNA,TNA,6021000.0,40.14,0.0037,-524257000.0,6021000.0,0.0,0.0936,-54983000.0,-132970000.0,BALANCED,-3.66
2024-03-26,TNA,TNA,257366000.0,39.9,-0.006,-266891000.0,257366000.0,0.0,1.567,198575000.0,124396000.0,ACCUMULATION,55.1759
2024-03-27,TNA,TNA,-327262000.0,42.5,0.0652,-594153000.0,0.0,-327262000.0,-1.7947,-352254000.0,-447930000.0,DISTRIBUTION,-56.8672
2024-03-28,TNA,TNA,6453000.0,43.02,0.0122,-587700000.0,6453000.0,0.0,0.1614,-33425000.0,-226651000.0,BALANCED,-3.9656
2024-04-01,TNA,TNA,22941000.0,41.71,-0.0304,-564759000.0,22941000.0,0.0,0.1915,-34481000.0,-211836000.0,BALANCED,-1.2135
2024-04-02,TNA,TNA,5916000.0,39.44,-0.0545,-558843000.0,5916000.0,0.0,0.0832,-34586000.0,-203895000.0,BALANCED,-1.9196
2024-04-03,TNA,TNA,244603000.0,40.1,0.0167,-314240000.0,244603000.0,0.0,1.5239,-47349000.0,48568000.0,ACCUMULATION,36.0977
2024-04-04,TNA,TNA,-269754000.0,38.81,-0.0321,-583994000.0,0.0,-269754000.0,-1.5718,10159000.0,-279367000.0,DISTRIBUTION,-31.2948
2024-04-05,TNA,TNA,13747000.0,39.28,0.012,-570247000.0,13747000.0,0.0,0.124,17453000.0,-72446000.0,BALANCED,15.101
2024-04-08,TNA,TNA,0.0,39.86,0.015,-570247000.0,0.0,0.0,0.0354,-5488000.0,-78589000.0,BALANCED,-9.1157
2024-04-09,TNA,TNA,14096000.0,40.27,0.0103,-556151000.0,14096000.0,0.0,0.1269,2692000.0,-68489000.0,BALANCED,15.1737
2024-04-10,TNA,TNA,290057000.0,37.19,-0.0767,-266094000.0,290057000.0,0.0,1.7486,48146000.0,215584000.0,ACCUMULATION,57.714
2024-04-11,TNA,TNA,-278921000.0,37.95,0.0205,-545015000.0,0.0,-278921000.0,-1.6113,38979000.0,-280814000.0,DISTRIBUTION,-32.2813
2024-04-12,TNA,TNA,51843000.0,35.75,-0.0578,-493172000.0,51843000.0,0.0,0.3499,77075000.0,-23898000.0,BALANCED,20.7473
2024-04-15,TNA,TNA,1712000.0,34.25,-0.0421,-491460000.0,1712000.0,0.0,0.0394,78787000.0,-22186000.0,BALANCED,14.9845
2024-04-16,TNA,TNA,21981000.0,33.82,-0.0126,-469479000.0,21981000.0,0.0,0.1604,86672000.0,-205000.0,BALANCED,20.0106
2024-04-17,TNA,TNA,222928000.0,32.78,-0.0306,-246551000.0,222928000.0,0.0,1.3192,19543000.0,218915000.0,BALANCED,50.9799
2024-04-18,TNA,TNA,-244192000.0,32.56,-0.0069,-490743000.0,0.0,-244192000.0,-1.3859,54272000.0,-248844000.0,BALANCED,-26.6477
2024-04-19,TNA,TNA,18008000.0,32.74,0.0056,-472735000.0,18008000.0,0.0,0.1022,20437000.0,81540000.0,BALANCED,14.5542
2024-04-22,TNA,TNA,18564000.0,33.75,0.0309,-454171000.0,18564000.0,0.0,0.103,37289000.0,76107000.0,BALANCED,16.5749
2024-04-23,TNA,TNA,-1776000.0,35.53,0.0525,-455947000.0,0.0,-1776000.0,-0.0169,13532000.0,68310000.0,BALANCED,7.5787
2024-04-24,TNA,TNA,240496000.0,35.11,-0.0117,-215451000.0,240496000.0,0.0,1.3334,31100000.0,51440000.0,BALANCED,45.3352
2024-04-25,TNA,TNA,-324768000.0,34.37,-0.0211,-540219000.0,0.0,-324768000.0,-1.7593,-49476000.0,53934000.0,DISTRIBUTION,-55.9825
2024-04-26,TNA,TNA,42469000.0,35.39,0.0298,-497750000.0,42469000.0,0.0,0.2471,-25015000.0,89950000.0,BALANCED,-1.8223
2024-04-29,TNA,TNA,28921000.0,36.15,0.0215,-468829000.0,28921000.0,0.0,0.1644,-14658000.0,95930000.0,BALANCED,-1.8891
2024-04-30,TNA,TNA,6778000.0,33.89,-0.0626,-462051000.0,6778000.0,0.0,0.0372,-6104000.0,96792000.0,BALANCED,-3.0703
2024-05-01,TNA,TNA,186272000.0,34.18,0.0085,-275779000.0,186272000.0,0.0,1.005,-60328000.0,38461000.0,BALANCED,23.1257
2024-05-02,TNA,TNA,-286450000.0,36.03,0.0542,-562229000.0,0.0,-286450000.0,-1.5161,-22010000.0,21765000.0,DISTRIBUTION,-49.9015
2024-05-03,TNA,TNA,5559000.0,37.06,0.0285,-556670000.0,5559000.0,0.0,0.0326,-58920000.0,13577000.0,BALANCED,-7.184
2024-05-06,TNA,TNA,17293000.0,38.43,0.037,-539377000.0,17293000.0,0.0,0.1019,-70548000.0,30870000.0,BALANCED,-3.4531
2024-05-07,TNA,TNA,115933000.0,38.64,0.0056,-423444000.0,115933000.0,0.0,0.6469,38607000.0,132707000.0,BALANCED,32.1723
2024-05-08,TNA,TNA,125628000.0,38.07,-0.0149,-297816000.0,125628000.0,0.0,0.7496,-22037000.0,-31722000.0,BALANCED,16.7389
2024-05-09,TNA,TNA,-326680000.0,39.12,0.0277,-624496000.0,0.0,-326680000.0,-1.9277,-62267000.0,-79481000.0,DISTRIBUTION,-60.1929
2024-05-10,TNA,TNA,13397000.0,38.28,-0.0216,-611099000.0,13397000.0,0.0,0.0839,-54429000.0,-117927000.0,BALANCED,-5.9023
2024-05-13,TNA,TNA,0.0,38.42,0.0038,-611099000.0,0.0,0.0,0.0091,-71722000.0,-119639000.0,BALANCED,-9.7714
2024-05-14,TNA,TNA,49636000.0,39.71,0.0335,-561463000.0,49636000.0,0.0,0.294,-138019000.0,-91984000.0,BALANCED,-0.6511
2024-05-15,TNA,TNA,178720000.0,41.09,0.0347,-382743000.0,178720000.0,0.0,1.0886,-84927000.0,-136192000.0,BALANCED,21.2156
2024-05-16,TNA,TNA,-344415000.0,40.28,-0.0195,-727158000.0,0.0,-344415000.0,-1.9873,-102662000.0,-236415000.0,DISTRIBUTION,-61.6834
2024-05-17,TNA,TNA,0.0,40.25,-0.0009,-727158000.0,0.0,0.0,0.0306,-116059000.0,-254423000.0,BALANCED,-9.2347
2024-05-20,TNA,TNA,2030000.0,40.6,0.0088,-725128000.0,2030000.0,0.0,0.0421,-114029000.0,-270957000.0,BALANCED,-6.9477
2024-05-21,TNA,TNA,20192000.0,40.38,-0.0054,-704936000.0,20192000.0,0.0,0.1472,-143473000.0,-248989000.0,BALANCED,-2.3207
2024-05-22,TNA,TNA,382197000.0,39.4,-0.0243,-322739000.0,382197000.0,0.0,2.1687,60004000.0,-107288000.0,ACCUMULATION,70.2184
2024-05-23,TNA,TNA,-468634000.0,37.49,-0.0485,-791373000.0,0.0,-468634000.0,-2.4203,-64215000.0,-251154000.0,DISTRIBUTION,-72.5073
2024-05-24,TNA,TNA,28964000.0,38.62,0.0301,-762409000.0,28964000.0,0.0,0.1996,-35251000.0,-264659000.0,BALANCED,-3.0089
2024-05-28,TNA,TNA,26913000.0,38.45,-0.0044,-735496000.0,26913000.0,0.0,0.1843,-10368000.0,-266667000.0,BALANCED,-1.3918
2024-05-29,TNA,TNA,40398000.0,36.73,-0.0448,-695098000.0,40398000.0,0.0,0.2519,9838000.0,-233047000.0,BALANCED,22.2963
2024-05-30,TNA,TNA,28356000.0,37.81,0.0295,-666742000.0,28356000.0,0.0,0.2285,-344003000.0,-390963000.0,BALANCED,3.7125
2024-05-31,TNA,TNA,3858000.0,38.58,0.0204,-662884000.0,3858000.0,0.0,0.0532,128489000.0,-100655000.0,BALANCED,21.3311
2024-06-03,TNA,TNA,17089000.0,37.97,-0.0156,-645795000.0,17089000.0,0.0,0.1268,116614000.0,-89125000.0,BALANCED,25.1706
2024-06-04,TNA,TNA,67581000.0,36.53,-0.038,-578214000.0,67581000.0,0.0,0.3969,157282000.0,-38837000.0,BALANCED,33.9231
2024-06-05,TNA,TNA,17167000.0,38.15,0.0443,-561047000.0,17167000.0,0.0,0.1144,134051000.0,-137603000.0,BALANCED,28.8594
2024-06-06,TNA,TNA,-42932000.0,37.33,-0.0214,-603979000.0,0.0,-42932000.0,-0.1715,62763000.0,-306163000.0,BALANCED,3.713
2024-06-07,TNA,TNA,66674000.0,36.04,-0.0346,-537305000.0,66674000.0,0.0,0.4033,125579000.0,87191000.0,BALANCED,22.0813
2024-06-10,TNA,TNA,29061000.0,36.33,0.008,-508244000.0,29061000.0,0.0,0.1782,137551000.0,102855000.0,BALANCED,18.4562
2024-06-11,TNA,TNA,21558000.0,35.93,-0.0109,-486686000.0,21558000.0,0.0,0.1343,91528000.0,124413000.0,BALANCED,19.3574
2024-06-12,TNA,TNA,-48941000.0,37.65,0.0478,-535627000.0,0.0,-48941000.0,-0.2814,25420000.0,25836000.0,BALANCED,0.9643
2024-06-13,TNA,TNA,-23818000.0,36.64,-0.0267,-559445000.0,0.0,-23818000.0,-0.089,44534000.0,-176702000.0,BALANCED,3.7742
2024-06-14,TNA,TNA,26152000.0,34.87,-0.0484,-533293000.0,26152000.0,0.0,0.165,4012000.0,193865000.0,BALANCED,16.1244
2024-06-17,TNA,TNA,37483000.0,35.7,0.0238,-495810000.0,37483000.0,0.0,0.232,12434000.0,231348000.0,BALANCED,19.8001
2024-06-18,TNA,TNA,48398000.0,35.85,0.0043,-447412000.0,48398000.0,0.0,0.2962,39274000.0,277716000.0,BALANCED,23.4058
2024-06-20,TNA,TNA,0.0,35.41,-0.0122,-447412000.0,0.0,0.0,0.0053,88215000.0,257524000.0,BALANCED,10.1318
2024-06-21,TNA,TNA,12467000.0,35.62,0.0058,-434945000.0,12467000.0,0.0,0.1138,124500000.0,-112206000.0,BALANCED,14.8457
2024-06-24,TNA,TNA,-1804000.0,36.07,0.0127,-436749000.0,0.0,-1804000.0,-0.0589,96544000.0,354624000.0,BALANCED,6.5263
2024-06-25,TNA,TNA,37253000.0,35.48,-0.0122,-399496000.0,37253000.0,0.0,0.2206,96314000.0,362913000.0,BALANCED,17.5157
2024-06-26,TNA,TNA,17614000.0,35.23,-0.0071,-381882000.0,17614000.0,0.0,0.0729,65530000.0,353614000.0,BALANCED,15.8215
2024-06-27,TNA,TNA,-5442000.0,36.28,0.0298,-387324000.0,0.0,-5442000.0,-0.0823,60088000.0,307774000.0,BALANCED,5.9428
2024-06-28,TNA,TNA,-23901000.0,36.77,0.0136,-411225000.0,0.0,-23901000.0,-0.1728,23720000.0,255517000.0,BALANCED,1.6788
2024-07-01,TNA,TNA,23283000.0,35.82,-0.0259,-387942000.0,23283000.0,0.0,0.1033,48807000.0,274942000.0,BALANCED,14.5836
2024-07-02,TNA,TNA,3605000.0,36.05,0.0064,-384337000.0,3605000.0,0.0,-0.0675,15159000.0,261458000.0,BALANCED,12.3123
2024-07-03,TNA,TNA,7227000.0,36.13,0.0024,-377110000.0,7227000.0,0.0,-0.0377,4772000.0,201104000.0,BALANCED,15.0563
2024-07-05,TNA,TNA,37356000.0,35.58,-0.0154,-339754000.0,37356000.0,0.0,0.2172,47570000.0,221293000.0,BALANCED,23.4299
2024-07-08,TNA,TNA,-3622000.0,36.22,0.0182,-343376000.0,0.0,-3622000.0,-0.0317,67849000.0,260603000.0,BALANCED,7.2072
2024-07-09,TNA,TNA,-7145000.0,35.73,-0.0137,-350521000.0,0.0,-7145000.0,-0.7893,37421000.0,186784000.0,BALANCED,-13.7314
2024-07-10,TNA,TNA,0.0,36.86,0.0318,-350521000.0,0.0,0.0,-0.4963,33816000.0,157723000.0,BALANCED,-2.4084
2024-07-11,TNA,TNA,-48969000.0,40.81,0.1071,-399490000.0,0.0,-48969000.0,-2.019,-22380000.0,87196000.0,DISTRIBUTION,-62.475
2024-07-12,TNA,TNA,-48449000.0,42.13,0.0324,-447939000.0,0.0,-48449000.0,-1.8179,-108185000.0,87688000.0,DISTRIBUTION,-59.4483
2024-07-15,TNA,TNA,48870000.0,44.43,0.0545,-399069000.0,48870000.0,0.0,1.254,-55693000.0,160376000.0,BALANCED,23.3496
2024-07-16,TNA,TNA,44148000.0,49.05,0.1041,-354921000.0,44148000.0,0.0,1.0432,-4400000.0,178372000.0,BALANCED,20.0805
2024-07-17,TNA,TNA,0.0,47.48,-0.0321,-354921000.0,0.0,0.0,-0.2983,-4400000.0,140889000.0,BALANCED,-17.4572
2024-07-18,TNA,TNA,22403000.0,44.81,-0.0563,-332518000.0,22403000.0,0.0,0.4625,66972000.0,114894000.0,BALANCED,23.5634
2024-07-19,TNA,TNA,10988000.0,43.95,-0.019,-321530000.0,10988000.0,0.0,0.0979,126409000.0,125882000.0,BALANCED,16.4474
2024-07-22,TNA,TNA,-20749000.0,46.11,0.0491,-342279000.0,0.0,-20749000.0,-0.9934,56790000.0,92666000.0,BALANCED,-16.8349
2024-07-23,TNA,TNA,114043000.0,47.52,0.0305,-228236000.0,114043000.0,0.0,3.0667,126685000.0,208513000.0,ACCUMULATION,88.6685
2024-07-24,TNA,TNA,11113000.0,44.45,-0.0645,-217123000.0,11113000.0,0.0,0.0419,137798000.0,182373000.0,BALANCED,15.047
2024-07-25,TNA,TNA,138331000.0,46.11,0.0373,-78792000.0,138331000.0,0.0,3.0416,253726000.0,303090000.0,ACCUMULATION,92.039
2024-07-26,TNA,TNA,7255000.0,48.37,0.049,-71537000.0,7255000.0,0.0,-0.209,249993000.0,315787000.0,BALANCED,12.7748
2024-07-29,TNA,TNA,49098000.0,46.76,-0.0332,-22439000.0,49098000.0,0.0,0.7991,319840000.0,388786000.0,BALANCED,39.9764
2024-07-30,TNA,TNA,4724000.0,47.24,0.0103,-17715000.0,4724000.0,0.0,-0.3189,210521000.0,370227000.0,BALANCED,14.0286
2024-07-31,TNA,TNA,7196000.0,47.97,0.0155,-10519000.0,7196000.0,0.0,-0.2307,206604000.0,373818000.0,BALANCED,18.2332
2024-08-01,TNA,TNA,17410000.0,43.53,-0.0927,6891000.0,17410000.0,0.0,0.0589,85683000.0,384001000.0,BALANCED,27.4735
2024-08-02,TNA,TNA,7777000.0,38.89,-0.1066,14668000.0,7777000.0,0.0,-0.1987,86205000.0,354422000.0,BALANCED,23.0323
2024-08-05,TNA,TNA,-1752000.0,35.03,-0.0991,12916000.0,0.0,-1752000.0,-0.4333,35355000.0,356292000.0,BALANCED,-2.8313
2024-08-06,TNA,TNA,12696000.0,36.27,0.0355,25612000.0,12696000.0,0.0,-0.0708,43327000.0,376133000.0,BALANCED,10.2306
2024-08-07,TNA,TNA,-5217000.0,34.78,-0.0412,20395000.0,0.0,-5217000.0,-0.5013,30914000.0,370916000.0,BALANCED,-4.5334
2024-08-08,TNA,TNA,-108168000.0,37.3,0.0725,-87773000.0,0.0,-108168000.0,-2.6615,-94664000.0,311717000.0,DISTRIBUTION,-80.5371
2024-08-09,TNA,TNA,-24096000.0,37.07,-0.0061,-111869000.0,0.0,-24096000.0,-0.7449,-126537000.0,336070000.0,BALANCED,-34.6217
2024-08-12,TNA,TNA,7210000.0,36.05,-0.0275,-104659000.0,7210000.0,0.0,-0.068,-117575000.0,294410000.0,BALANCED,-9.7003
2024-08-13,TNA,TNA,3779000.0,37.79,0.0482,-100880000.0,3779000.0,0.0,-0.131,-126492000.0,254041000.0,BALANCED,-9.2758
2024-08-14,TNA,TNA,18583000.0,37.17,-0.0165,-82297000.0,18583000.0,0.0,0.1926,-102692000.0,272624000.0,BALANCED,0.8161
2024-08-15,TNA,TNA,-11981000.0,39.94,0.0746,-94278000.0,0.0,-11981000.0,-0.4824,-6505000.0,238240000.0,BALANCED,-24.0595
2024-08-16,TNA,TNA,-42272000.0,40.26,0.008,-136550000.0,0.0,-42272000.0,-1.0892,-24681000.0,184980000.0,BALANCED,-41.2292
2024-08-19,TNA,TNA,-6256000.0,41.71,0.036,-142806000.0,0.0,-6256000.0,-0.2872,-38147000.0,199473000.0,BALANCED,-23.1812
2024-08-20,TNA,TNA,2012000.0,40.23,-0.0353,-140794000.0,2012000.0,0.0,-0.1107,-39914000.0,87442000.0,BALANCED,-10.7668
2024-08-21,TNA,TNA,-8362000.0,41.81,0.0392,-149156000.0,0.0,-8362000.0,-0.3345,-66859000.0,67967000.0,BALANCED,-20.3637
2024-08-22,TNA,TNA,0.0,40.63,-0.0282,-149156000.0,0.0,0.0,-0.1903,-54878000.0,-70364000.0,BALANCED,-14.7582
2024-08-23,TNA,TNA,-64508000.0,44.49,0.0949,-213664000.0,0.0,-64508000.0,-1.6196,-77114000.0,-142127000.0,DISTRIBUTION,-52.491
2024-08-26,TNA,TNA,2223000.0,44.45,-0.0008,-211441000.0,2223000.0,0.0,-0.0917,-68635000.0,-189002000.0,BALANCED,-10.2916
2024-08-27,TNA,TNA,0.0,43.51,-0.0212,-211441000.0,0.0,0.0,-0.1102,-70647000.0,-193726000.0,BALANCED,-12.7549
2024-08-28,TNA,TNA,-2132000.0,42.64,-0.02,-213573000.0,0.0,-2132000.0,-0.1576,-64417000.0,-203054000.0,BALANCED,-15.9412
2024-08-29,TNA,TNA,-15219000.0,43.48,0.0198,-228792000.0,0.0,-15219000.0,-0.4301,-79636000.0,-235683000.0,BALANCED,-24.752
2024-08-30,TNA,TNA,-26572000.0,44.29,0.0185,-255364000.0,0.0,-26572000.0,-0.6579,-41700000.0,-270032000.0,BALANCED,-32.4475
2024-09-03,TNA,TNA,-8038000.0,40.19,-0.0926,-263402000.0,0.0,-8038000.0,-0.2448,-51961000.0,-276318000.0,BALANCED,-24.1204
2024-09-04,TNA,TNA,-11986000.0,39.95,-0.0058,-275388000.0,0.0,-11986000.0,-0.2726,-63947000.0,-301000000.0,BALANCED,-26.8146
2024-09-05,TNA,TNA,-3924000.0,39.24,-0.0178,-279312000.0,0.0,-3924000.0,-0.0485,-65739000.0,-299707000.0,BALANCED,-23.2136
2024-09-06,TNA,TNA,-1848000.0,36.97,-0.058,-281160000.0,0.0,-1848000.0,0.1786,-52368000.0,-193387000.0,BALANCED,-19.5341
2024-09-09,TNA,TNA,20505000.0,37.28,0.0084,-260655000.0,20505000.0,0.0,0.9659,-5291000.0,-148786000.0,BALANCED,16.1479
2024-09-10,TNA,TNA,11171000.0,37.24,-0.0012,-249484000.0,11171000.0,0.0,0.7221,13918000.0,-144825000.0,BALANCED,32.0536
2024-09-11,TNA,TNA,31931000.0,37.57,0.0088,-217553000.0,31931000.0,0.0,1.4371,57835000.0,-116673000.0,BALANCED,51.9286
2024-09-12,TNA,TNA,21420000.0,38.95,0.0367,-196133000.0,21420000.0,0.0,1.0139,83179000.0,-113836000.0,BALANCED,43.3467
2024-09-13,TNA,TNA,-46013000.0,41.83,0.074,-242146000.0,0.0,-46013000.0,-1.357,39014000.0,-147868000.0,BALANCED,-25.925
2024-09-16,TNA,TNA,0.0,42.23,0.0095,-242146000.0,0.0,0.0,0.3094,18509000.0,-105596000.0,BALANCED,17.734
2024-09-17,TNA,TNA,-6477000.0,43.18,0.0226,-248623000.0,0.0,-6477000.0,0.0811,861000.0,-105817000.0,BALANCED,10.0266
2024-09-18,TNA,TNA,-15124000.0,43.21,0.0007,-263747000.0,0.0,-15124000.0,-0.2002,-46194000.0,-122953000.0,BALANCED,-19.0049
2024-09-19,TNA,TNA,0.0,45.91,0.0624,-263747000.0,0.0,0.0,0.3455,-67614000.0,-114591000.0,BALANCED,-1.3622
2024-09-20,TNA,TNA,-64322000.0,44.36,-0.0338,-328069000.0,0.0,-64322000.0,-2.4764,-85923000.0,-178913000.0,DISTRIBUTION,-73.9101
2024-09-23,TNA,TNA,2194000.0,43.89,-0.0107,-325875000.0,2194000.0,0.0,0.4126,-83729000.0,-112211000.0,BALANCED,2.3161
2024-09-24,TNA,TNA,2203000.0,44.06,0.0048,-323672000.0,2203000.0,0.0,0.4221,-75049000.0,-112231000.0,BALANCED,4.5532
2024-09-25,TNA,TNA,0.0,42.46,-0.0364,-323672000.0,0.0,0.0,0.3307,-59925000.0,-112231000.0,BALANCED,-1.7336
2024-09-26,TNA,TNA,-28053000.0,43.16,0.0165,-351725000.0,0.0,-28053000.0,-0.8587,-87978000.0,-138152000.0,BALANCED,-33.4681
2024-09-27,TNA,TNA,-2200000.0,44.0,0.0194,-353925000.0,0.0,-2200000.0,0.2903,-25856000.0,-125133000.0,BALANCED,-6.7427
2024-09-30,TNA,TNA,-4435000.0,44.35,0.008,-358360000.0,0.0,-4435000.0,0.1388,-32485000.0,-102996000.0,BALANCED,-12.5302
2024-10-01,TNA,TNA,-31808000.0,42.41,-0.0437,-390168000.0,0.0,-31808000.0,-1.082,-66496000.0,-126766000.0,BALANCED,-45.0511
2024-10-02,TNA,TNA,-4227000.0,42.27,-0.0034,-394395000.0,0.0,-4227000.0,0.1947,-70723000.0,-119007000.0,BALANCED,-15.1319
2024-10-03,TNA,TNA,2070000.0,41.4,-0.0206,-392325000.0,2070000.0,0.0,0.467,-40600000.0,-113013000.0,BALANCED,3.675
2024-10-04,TNA,TNA,-28074000.0,43.19,0.0433,-420399000.0,0.0,-28074000.0,-0.8639,-66474000.0,-139239000.0,BALANCED,-33.5978
2024-10-07,TNA,TNA,0.0,42.06,-0.0263,-420399000.0,0.0,0.0,0.3548,-62039000.0,-159744000.0,BALANCED,-1.1307
2024-10-08,TNA,TNA,-14750000.0,42.14,0.002,-435149000.0,0.0,-14750000.0,-0.376,-44981000.0,-185665000.0,BALANCED,-21.3999
2024-10-09,TNA,TNA,-14855000.0,42.44,0.0071,-450004000.0,0.0,-14855000.0,-0.356,-55609000.0,-232451000.0,BALANCED,-22.9003
2024-10-10,TNA,TNA,14605000.0,41.73,-0.0169,-435399000.0,14605000.0,0.0,1.1111,-43074000.0,-239266000.0,BALANCED,19.778
2024-10-11,TNA,TNA,-26584000.0,44.31,0.0618,-461983000.0,0.0,-26584000.0,-0.9377,-41584000.0,-219837000.0,BALANCED,-35.4422
2024-10-14,TNA,TNA,-4517000.0,45.17,0.0195,-466500000.0,0.0,-4517000.0,0.1276,-46101000.0,-224354000.0,BALANCED,-10.809
2024-10-15,TNA,TNA,-11310000.0,45.24,0.0015,-477810000.0,0.0,-11310000.0,-0.2106,-42661000.0,-229187000.0,BALANCED,-21.2658
2024-10-16,TNA,TNA,-45080000.0,47.45,0.0489,-522890000.0,0.0,-45080000.0,-1.7594,-72886000.0,-259143000.0,DISTRIBUTION,-61.9851
2024-10-17,TNA,TNA,-35304000.0,47.07,-0.008,-558194000.0,0.0,-35304000.0,-1.2104,-122795000.0,-294447000.0,BALANCED,-50.2611
2024-10-18,TNA,TNA,-112170000.0,46.74,-0.0071,-670364000.0,0.0,-112170000.0,-3.4839,-208381000.0,-342295000.0,DISTRIBUTION,-100.0
2024-10-21,TNA,TNA,2225000.0,44.49,-0.0481,-668139000.0,2225000.0,0.0,0.5661,-201639000.0,-342264000.0,BALANCED,6.1537
2024-10-22,TNA,TNA,2199000.0,43.98,-0.0115,-665940000.0,2199000.0,0.0,0.5807,-188130000.0,-342268000.0,BALANCED,8.5163
2024-10-23,TNA,TNA,10721000.0,42.88,-0.0249,-655219000.0,10721000.0,0.0,0.9466,-132329000.0,-331547000.0,BALANCED,19.6639
2024-10-24,TNA,TNA,12949000.0,43.16,0.0065,-642270000.0,12949000.0,0.0,1.0543,-84076000.0,-290545000.0,BALANCED,24.3569
2024-10-25,TNA,TNA,2126000.0,42.52,-0.0148,-640144000.0,2126000.0,0.0,0.5946,30220000.0,-286219000.0,BALANCED,34.8647
2024-10-28,TNA,TNA,-4460000.0,44.6,0.0488,-644604000.0,0.0,-4460000.0,0.3468,23535000.0,-286244000.0,BALANCED,16.6703
2024-10-29,TNA,TNA,-2210000.0,44.21,-0.0087,-646814000.0,0.0,-2210000.0,0.4276,19126000.0,-256646000.0,BALANCED,16.6897
2024-10-30,TNA,TNA,10981000.0,43.92,-0.0064,-635833000.0,10981000.0,0.0,0.891,19386000.0,-241438000.0,BALANCED,34.2746
2024-10-31,TNA,TNA,14616000.0,41.76,-0.0493,-621217000.0,14616000.0,0.0,0.9968,21053000.0,-228892000.0,BALANCED,38.9206
2024-11-01,TNA,TNA,0.0,42.48,0.0171,-621217000.0,0.0,0.0,0.3944,18927000.0,-200818000.0,BALANCED,19.8599
2024-11-04,TNA,TNA,-6452000.0,43.02,0.0127,-627669000.0,0.0,-6452000.0,0.1462,16935000.0,-207270000.0,BALANCED,11.6542
2024-11-05,TNA,TNA,-2272000.0,45.44,0.0563,-629941000.0,0.0,-2272000.0,0.3224,16873000.0,-194792000.0,BALANCED,14.0598
2024-11-06,TNA,TNA,-157455000.0,53.37,0.1747,-787396000.0,0.0,-157455000.0,-3.9059,-151563000.0,-337392000.0,DISTRIBUTION,-100.0
2024-11-07,TNA,TNA,-21083000.0,52.71,-0.0125,-808479000.0,0.0,-21083000.0,-0.1614,-187262000.0,-373080000.0,BALANCED,-22.0351
2024-11-08,TNA,TNA,-88786000.0,53.81,0.0209,-897265000.0,0.0,-88786000.0,-1.8313,-276048000.0,-435282000.0,DISTRIBUTION,-65.7834
2024-11-11,TNA,TNA,-2809000.0,56.18,0.0441,-900074000.0,0.0,-2809000.0,0.3949,-272405000.0,-433574000.0,BALANCED,-12.1276
2024-11-12,TNA,TNA,23937000.0,53.19,-0.0532,-876137000.0,23937000.0,0.0,1.0222,-246196000.0,-398327000.0,BALANCED,17.5551
2024-11-13,TNA,TNA,2583000.0,51.66,-0.0288,-873554000.0,2583000.0,0.0,0.4715,-86158000.0,-350664000.0,BALANCED,5.7868
2024-11-14,TNA,TNA,22293000.0,49.54,-0.0411,-851261000.0,22293000.0,0.0,0.9434,-42782000.0,-293067000.0,BALANCED,19.5856
2024-11-15,TNA,TNA,-30805000.0,47.39,-0.0434,-882066000.0,0.0,-30805000.0,-0.3866,15199000.0,-211702000.0,BALANCED,-1.6644
2024-11-18,TNA,TNA,28543000.0,47.57,0.0038,-853523000.0,28543000.0,0.0,1.0588,46551000.0,-185384000.0,BALANCED,38.4708
2024-11-19,TNA,TNA,14605000.0,48.68,0.0234,-838918000.0,14605000.0,0.0,0.6855,37219000.0,-172978000.0,BALANCED,31.1385
2024-11-20,TNA,TNA,34119000.0,48.74,0.0012,-804799000.0,34119000.0,0.0,1.098,68755000.0,-149580000.0,BALANCED,43.4493
2024-11-21,TNA,TNA,-2555000.0,51.1,0.0484,-807354000.0,0.0,-2555000.0,0.2367,43907000.0,-165084000.0,BALANCED,13.9172
2024-11-22,TNA,TNA,-21540000.0,53.85,0.0538,-828894000.0,0.0,-21540000.0,-0.2241,53172000.0,-188750000.0,BALANCED,0.3971
2024-11-25,TNA,TNA,-36551000.0,56.23,0.0443,-865445000.0,0.0,-36551000.0,-0.557,-11922000.0,-220841000.0,BALANCED,-29.9254
2024-11-26,TNA,TNA,8249000.0,54.99,-0.022,-857196000.0,8249000.0,0.0,0.4983,-18278000.0,-210382000.0,BALANCED,4.4584
2024-11-27,TNA,TNA,-16532000.0,55.11,0.0021,-873728000.0,0.0,-16532000.0,-0.1166,-68929000.0,-237895000.0,BALANCED,-14.9148
2024-11-29,TNA,TNA,0.0,55.68,0.0103,-873728000.0,0.0,0.0,0.2547,-66374000.0,-252511000.0,BALANCED,-3.6329
2024-12-02,TNA,TNA,0.0,55.63,-0.0009,-873728000.0,0.0,0.0,0.1853,-44834000.0,-252511000.0,BALANCED,-5.3679
2024-12-03,TNA,TNA,-19041000.0,54.4,-0.022,-892769000.0,0.0,-19041000.0,-0.3156,-27324000.0,-265100000.0,BALANCED,-19.8892
2024-12-04,TNA,TNA,-13763000.0,55.05,0.012,-906532000.0,0.0,-13763000.0,-0.157,-49336000.0,-276591000.0,BALANCED,-17.925
2024-12-05,TNA,TNA,2650000.0,53.0,-0.0373,-903882000.0,2650000.0,0.0,0.3,-30154000.0,-116486000.0,BALANCED,-0.5012
2024-12-06,TNA,TNA,2687000.0,53.74,0.014,-901195000.0,2687000.0,0.0,0.3117,-27467000.0,-92716000.0,BALANCED,1.7924
2024-12-09,TNA,TNA,7907000.0,52.72,-0.0191,-893288000.0,7907000.0,0.0,0.4492,-19560000.0,3977000.0,BALANCED,7.2308
2024-12-10,TNA,TNA,-5203000.0,52.03,-0.0129,-898491000.0,0.0,-5203000.0,0.0896,-5722000.0,1583000.0,BALANCED,-9.76
2024-12-11,TNA,TNA,2638000.0,52.76,0.0139,-895853000.0,2638000.0,0.0,0.3004,10679000.0,-19716000.0,BALANCED,19.5088
2024-12-12,TNA,TNA,68296000.0,50.59,-0.0411,-827557000.0,68296000.0,0.0,1.9206,76325000.0,45997000.0,ACCUMULATION,62.0145
2024-12-13,TNA,TNA,4962000.0,49.62,-0.0192,-822595000.0,4962000.0,0.0,0.3013,78600000.0,28666000.0,BALANCED,23.5325
2024-12-16,TNA,TNA,10111000.0,50.56,0.0189,-812484000.0,10111000.0,0.0,0.4243,80804000.0,69582000.0,BALANCED,28.6086
2024-12-17,TNA,TNA,138977000.0,48.76,-0.0355,-673507000.0,138977000.0,0.0,2.9863,224984000.0,180016000.0,ACCUMULATION,94.6577
2024-12-18,TNA,TNA,61350000.0,42.31,-0.1323,-612157000.0,61350000.0,0.0,1.2546,283696000.0,226761000.0,BALANCED,53.3643
2024-12-19,TNA,TNA,154373000.0,41.72,-0.0139,-457784000.0,154373000.0,0.0,3.0656,369773000.0,347015000.0,ACCUMULATION,100.0
2024-12-20,TNA,TNA,-2143000.0,42.86,0.0271,-459927000.0,0.0,-2143000.0,-0.2963,362668000.0,347427000.0,BALANCED,0.5937
2024-12-23,TNA,TNA,33906000.0,42.38,-0.0069,-426021000.0,33906000.0,0.0,0.4277,386463000.0,402873000.0,BALANCED,22.6937
2024-12-24,TNA,TNA,21800000.0,43.6,0.0287,-404221000.0,21800000.0,0.0,0.1243,269286000.0,461224000.0,BALANCED,17.1074
2024-12-26,TNA,TNA,56005000.0,44.8,0.0276,-348216000.0,56005000.0,0.0,0.8931,263941000.0,508980000.0,BALANCED,38.3277
2024-12-27,TNA,TNA,76854000.0,42.7,-0.047,-271362000.0,76854000.0,0.0,1.2837,186422000.0,602366000.0,BALANCED,50.0937
2024-12-30,TNA,TNA,18773000.0,41.72,-0.0229,-252589000.0,18773000.0,0.0,-0.0267,207338000.0,621139000.0,BALANCED,19.3315
2024-12-31,TNA,TNA,-12563000.0,41.88,0.0038,-265152000.0,0.0,-12563000.0,-0.7593,160869000.0,608576000.0,BALANCED,-10.9823
2025-01-02,TNA,TNA,-10489000.0,41.96,0.0019,-275641000.0,0.0,-10489000.0,-0.6767,128580000.0,617128000.0,BALANCED,-10.9186
2025-01-03,TNA,TNA,-15382000.0,43.95,0.0475,-291023000.0,0.0,-15382000.0,-0.7576,57193000.0,615509000.0,BALANCED,-14.9395
2025-01-06,TNA,TNA,-43867000.0,43.87,-0.0019,-334890000.0,0.0,-43867000.0,-1.3022,-63528000.0,568992000.0,BALANCED,-50.5557
2025-01-07,TNA,TNA,-45001000.0,42.86,-0.023,-379891000.0,0.0,-45001000.0,-1.2623,-127302000.0,521304000.0,BALANCED,-51.5573
2025-01-08,TNA,TNA,52771000.0,42.22,-0.015,-327120000.0,52771000.0,0.0,0.7678,-61968000.0,566168000.0,BALANCED,11.1953
2025-01-10,TNA,TNA,59059000.0,39.37,-0.0674,-268061000.0,59059000.0,0.0,0.8428,7580000.0,630430000.0,BALANCED,35.0706
2025-01-13,TNA,TNA,3963000.0,39.63,0.0065,-264098000.0,3963000.0,0.0,-0.34,26925000.0,631755000.0,BALANCED,7.4998
2025-01-14,TNA,TNA,-34820000.0,40.96,0.0337,-298918000.0,0.0,-34820000.0,-1.1461,35972000.0,528639000.0,BALANCED,-20.6529
2025-01-15,TNA,TNA,-110644000.0,43.39,0.0592,-409562000.0,0.0,-110644000.0,-2.3951,-29671000.0,413033000.0,DISTRIBUTION,-73.8787
2025-01-16,TNA,TNA,-58850000.0,43.59,0.0047,-468412000.0,0.0,-58850000.0,-1.3321,-141292000.0,344072000.0,BALANCED,-49.3023
2025-01-17,TNA,TNA,-57298000.0,44.08,0.0111,-525710000.0,0.0,-57298000.0,-1.2518,-257649000.0,147797000.0,BALANCED,-49.2949
2025-01-21,TNA,TNA,-4653000.0,46.53,0.0556,-530363000.0,0.0,-4653000.0,-0.3102,-266265000.0,81794000.0,BALANCED,-27.7547
2025-01-22,TNA,TNA,-6846000.0,45.64,-0.0191,-537209000.0,0.0,-6846000.0,-0.3435,-238291000.0,-79425000.0,BALANCED,-30.5878
2025-01-23,TNA,TNA,-62458000.0,46.27,0.0138,-599667000.0,0.0,-62458000.0,-1.2688,-190105000.0,-139740000.0,BALANCED,-55.7209
2025-01-24,TNA,TNA,-91633000.0,45.82,-0.0097,-691300000.0,0.0,-91633000.0,-1.637,-222888000.0,-265279000.0,DISTRIBUTION,-66.9253
2025-01-27,TNA,TNA,-8882000.0,44.41,-0.0306,-700182000.0,0.0,-8882000.0,-0.2577,-174472000.0,-295961000.0,BALANCED,-34.4425
2025-01-28,TNA,TNA,0.0,44.65,0.0053,-700182000.0,0.0,0.0,-0.1085,-169819000.0,-351966000.0,BALANCED,-12.712
2025-01-29,TNA,TNA,2215000.0,44.31,-0.0077,-697967000.0,2215000.0,0.0,-0.0357,-160758000.0,-426605000.0,BALANCED,-8.892
2025-01-30,TNA,TNA,0.0,45.69,0.0313,-697967000.0,0.0,0.0,-0.0704,-98300000.0,-445378000.0,BALANCED,-11.7606
2025-01-31,TNA,TNA,-42276000.0,44.5,-0.0261,-740243000.0,0.0,-42276000.0,-0.75,-48943000.0,-475091000.0,BALANCED,-30.7498
2025-02-03,TNA,TNA,-6418000.0,42.79,-0.0384,-746661000.0,0.0,-6418000.0,-0.0741,-46479000.0,-471020000.0,BALANCED,-15.8523
2025-02-04,TNA,TNA,-15602000.0,44.58,0.0418,-762263000.0,0.0,-15602000.0,-0.2023,-62081000.0,-471240000.0,BALANCED,-21.0583
2025-02-05,TNA,TNA,-2304000.0,46.07,0.0335,-764567000.0,0.0,-2304000.0,0.1847,-66600000.0,-429677000.0,BALANCED,-13.3828
2025-02-06,TNA,TNA,-36430000.0,45.54,-0.0116,-800997000.0,0.0,-36430000.0,-0.5811,-103030000.0,-421106000.0,BALANCED,-34.5272
2025-02-07,TNA,TNA,-6583000.0,43.89,-0.0363,-807580000.0,0.0,-6583000.0,0.1451,-67337000.0,-480460000.0,BALANCED,-18.3727
2025-02-10,TNA,TNA,-4438000.0,44.38,0.0113,-812018000.0,0.0,-4438000.0,0.2189,-65357000.0,-543957000.0,BALANCED,-18.5267
2025-02-11,TNA,TNA,0.0,43.64,-0.0167,-812018000.0,0.0,0.0,0.3884,-49755000.0,-547920000.0,BALANCED,-0.2902
2025-02-12,TNA,TNA,10619000.0,42.47,-0.0267,-801399000.0,10619000.0,0.0,0.7818,-36832000.0,-502481000.0,BALANCED,11.5459
2025-02-13,TNA,TNA,4394000.0,43.94,0.0344,-797005000.0,4394000.0,0.0,0.6301,3992000.0,-387443000.0,BALANCED,29.7526
2025-02-14,TNA,TNA,-21893000.0,43.79,-0.0034,-818898000.0,0.0,-21893000.0,-0.096,-11318000.0,-350486000.0,BALANCED,-14.401
2025-02-18,TNA,TNA,2221000.0,44.41,0.0143,-816677000.0,2221000.0,0.0,0.5636,-4659000.0,-290967000.0,BALANCED,6.0912
2025-02-19,TNA,TNA,0.0,43.94,-0.0106,-816677000.0,0.0,0.0,0.4856,-4659000.0,-286314000.0,BALANCED,2.1392
2025-02-20,TNA,TNA,4272000.0,42.72,-0.0278,-812405000.0,4272000.0,0.0,0.5617,-11006000.0,-275196000.0,BALANCED,6.0424
2025-02-21,TNA,TNA,46723000.0,38.94,-0.0885,-765682000.0,46723000.0,0.0,1.5991,31323000.0,-166015000.0,ACCUMULATION,53.9766
2025-02-24,TNA,TNA,1902000.0,38.03,-0.0232,-763780000.0,1902000.0,0.0,0.4665,55118000.0,-72480000.0,BALANCED,27.6633
2025-02-25,TNA,TNA,37593000.0,37.59,-0.0116,-726187000.0,37593000.0,0.0,1.5583,90490000.0,-26005000.0,ACCUMULATION,56.9587
2025-02-26,TNA,TNA,15111000.0,37.78,0.0049,-711076000.0,15111000.0,0.0,0.8775,105601000.0,-10894000.0,BALANCED,41.9368
2025-02-27,TNA,TNA,34186000.0,35.99,-0.0475,-676890000.0,34186000.0,0.0,1.332,135515000.0,21077000.0,BALANCED,55.3009
2025-02-28,TNA,TNA,-1857000.0,37.14,0.0321,-678747000.0,0.0,-1857000.0,0.2382,86935000.0,19220000.0,BALANCED,13.9546
2025-03-03,TNA,TNA,10207000.0,34.02,-0.0839,-668540000.0,10207000.0,0.0,0.5916,95240000.0,71703000.0,BALANCED,26.7898
2025-03-04,TNA,TNA,39482000.0,32.9,-0.033,-629058000.0,39482000.0,0.0,1.529,97129000.0,117603000.0,ACCUMULATION,52.2242
2025-03-05,TNA,TNA,5085000.0,33.9,0.0303,-623973000.0,5085000.0,0.0,0.2918,87103000.0,138290000.0,BALANCED,23.2956
2025-03-06,TNA,TNA,20968000.0,32.26,-0.0484,-603005000.0,20968000.0,0.0,0.8142,73885000.0,161562000.0,BALANCED,38.3546
2025-03-07,TNA,TNA,-1632000.0,32.63,0.0116,-604637000.0,0.0,-1632000.0,-0.0562,74110000.0,196360000.0,BALANCED,6.594
2025-03-10,TNA,TNA,16509000.0,30.02,-0.0802,-588128000.0,16509000.0,0.0,0.664,80412000.0,219452000.0,BALANCED,28.6007
2025-03-11,TNA,TNA,16591000.0,30.17,0.005,-571537000.0,16591000.0,0.0,0.6251,57521000.0,240481000.0,BALANCED,29.6267
2025-03-12,TNA,TNA,40897000.0,30.29,0.0042,-530640000.0,40897000.0,0.0,1.6976,93333000.0,281378000.0,ACCUMULATION,58.4403
2025-03-13,TNA,TNA,8653000.0,28.84,-0.0478,-521987000.0,8653000.0,0.0,0.1343,81018000.0,279412000.0,BALANCED,21.3565
2025-03-14,TNA,TNA,18604000.0,31.01,0.075,-503383000.0,18604000.0,0.0,0.5811,101254000.0,293622000.0,BALANCED,34.5265
2025-03-17,TNA,TNA,-14454000.0,32.12,0.0359,-517837000.0,0.0,-14454000.0,-1.1412,70291000.0,301061000.0,BALANCED,-20.5306
2025-03-18,TNA,TNA,-4689000.0,31.26,-0.0268,-522526000.0,0.0,-4689000.0,-0.636,49011000.0,294151000.0,BALANCED,-9.899
2025-03-19,TNA,TNA,-1636000.0,32.72,0.0467,-524162000.0,0.0,-1636000.0,-0.5118,6478000.0,292515000.0,BALANCED,-8.7941
2025-03-20,TNA,TNA,3208000.0,32.08,-0.0196,-520954000.0,3208000.0,0.0,-0.2637,1033000.0,291451000.0,BALANCED,5.4073
2025-03-21,TNA,TNA,-12598000.0,31.49,-0.0182,-533552000.0,0.0,-12598000.0,-1.2574,-30169000.0,232130000.0,BALANCED,-43.4349
2025-03-24,TNA,TNA,0.0,33.88,0.0758,-533552000.0,0.0,0.0,-0.5391,-15715000.0,230228000.0,BALANCED,-23.4765
2025-03-25,TNA,TNA,66235000.0,33.12,-0.0195,-467317000.0,66235000.0,0.0,2.7812,55209000.0,258870000.0,ACCUMULATION,81.5293
2025-03-26,TNA,TNA,1604000.0,32.09,-0.031,-465713000.0,1604000.0,0.0,-0.5057,58449000.0,245363000.0,BALANCED,1.3569
2025-03-27,TNA,TNA,-17427000.0,31.69,-0.0126,-483140000.0,0.0,-17427000.0,-1.3774,37814000.0,193750000.0,BALANCED,-26.4349
2025-03-28,TNA,TNA,10399000.0,29.71,-0.0623,-472741000.0,10399000.0,0.0,-0.0202,60811000.0,206006000.0,BALANCED,11.4958
2025-03-31,TNA,TNA,13164000.0,29.25,-0.0154,-459577000.0,13164000.0,0.0,0.0613,73975000.0,208963000.0,BALANCED,15.5323
2025-04-01,TNA,TNA,-2926000.0,29.26,0.0002,-462503000.0,0.0,-2926000.0,-0.7566,4814000.0,166555000.0,BALANCED,-10.9139
2025-04-02,TNA,TNA,27616000.0,30.68,0.0486,-434887000.0,27616000.0,0.0,0.7617,30826000.0,189086000.0,BALANCED,31.043
2025-04-03,TNA,TNA,65308000.0,24.64,-0.1968,-369579000.0,65308000.0,0.0,2.3298,113561000.0,233426000.0,ACCUMULATION,72.2462
2025-04-04,TNA,TNA,39544000.0,21.38,-0.1326,-330035000.0,39544000.0,0.0,1.171,142706000.0,274602000.0,BALANCED,45.2757
2025-04-07,TNA,TNA,10390000.0,20.78,-0.0279,-319645000.0,10390000.0,0.0,-0.2077,139932000.0,268483000.0,BALANCED,12.8067
2025-04-08,TNA,TNA,954000.0,19.09,-0.0815,-318691000.0,954000.0,0.0,-0.6029,143812000.0,252846000.0,BALANCED,4.927
2025-04-09,TNA,TNA,24017000.0,24.02,0.2584,-294674000.0,24017000.0,0.0,0.482,140213000.0,235966000.0,BALANCED,34.0494
2025-04-10,TNA,TNA,52351000.0,20.94,-0.1281,-242323000.0,52351000.0,0.0,1.7305,127256000.0,279664000.0,ACCUMULATION,67.2626
2025-04-11,TNA,TNA,-1095000.0,21.89,0.0456,-243418000.0,0.0,-1095000.0,-0.7138,86617000.0,259965000.0,BALANCED,-9.846
2025-04-14,TNA,TNA,-42992000.0,22.63,0.0335,-286410000.0,0.0,-42992000.0,-2.2981,33235000.0,231427000.0,DISTRIBUTION,-51.4527
2025-04-15,TNA,TNA,-19294000.0,22.7,0.0031,-305704000.0,0.0,-19294000.0,-1.233,12987000.0,216822000.0,BALANCED,-26.8259
2025-04-16,TNA,TNA,-2200000.0,22.0,-0.0308,-307904000.0,0.0,-2200000.0,-0.5202,-13230000.0,216258000.0,BALANCED,-31.0042
2025-04-17,TNA,TNA,-5641000.0,22.57,0.0257,-313545000.0,0.0,-5641000.0,-0.6222,-71222000.0,207409000.0,BALANCED,-35.5544
2025-04-21,TNA,TNA,0.0,21.13,-0.0637,-313545000.0,0.0,0.0,-0.3952,-70127000.0,220007000.0,BALANCED,-19.8807
2025-04-22,TNA,TNA,-11413000.0,22.83,0.0803,-324958000.0,0.0,-11413000.0,-0.8135,-38548000.0,208594000.0,BALANCED,-32.3387
2025-04-23,TNA,TNA,15507000.0,23.86,0.0452,-309451000.0,15507000.0,0.0,0.273,-3747000.0,157866000.0,BALANCED,-1.1747
2025-04-24,TNA,TNA,1264000.0,25.28,0.0598,-308187000.0,1264000.0,0.0,-0.2555,-283000.0,157526000.0,BALANCED,-12.3879
2025-04-25,TNA,TNA,-12635000.0,25.27,-0.0006,-320822000.0,0.0,-12635000.0,-0.7944,-7277000.0,162318000.0,BALANCED,-31.8588
2025-04-28,TNA,TNA,-2557000.0,25.57,0.012,-323379000.0,0.0,-2557000.0,-0.3522,-9834000.0,149362000.0,BALANCED,-22.8046
2025-04-29,TNA,TNA,-5200000.0,26.0,0.0167,-328579000.0,0.0,-5200000.0,-0.4778,-3621000.0,130998000.0,BALANCED,-27.945
2025-04-30,TNA,TNA,12755000.0,25.51,-0.0188,-315824000.0,12755000.0,0.0,0.2441,-6373000.0,146679000.0,BALANCED,-1.8964
2025-05-01,TNA,TNA,-38944000.0,25.96,0.0178,-354768000.0,0.0,-38944000.0,-1.7552,-46581000.0,80119000.0,DISTRIBUTION,-55.8797
2025-05-02,TNA,TNA,-27704000.0,27.7,0.0671,-382472000.0,0.0,-27704000.0,-1.2372,-61650000.0,-12893000.0,BALANCED,-44.9295
2025-05-05,TNA,TNA,-5407000.0,27.03,-0.0242,-387879000.0,0.0,-5407000.0,-0.3948,-64500000.0,-57844000.0,BALANCED,-25.8706
2025-05-06,TNA,TNA,2617000.0,26.17,-0.0321,-385262000.0,2617000.0,0.0,-0.0895,-56683000.0,-65617000.0,BALANCED,-10.2382
2025-05-07,TNA,TNA,85850000.0,26.42,0.0095,-299412000.0,85850000.0,0.0,2.8907,16412000.0,19279000.0,ACCUMULATION,86.2684
2025-05-08,TNA,TNA,25096000.0,27.88,0.0556,-274316000.0,25096000.0,0.0,0.669,80452000.0,20358000.0,BALANCED,32.725
2025-05-09,TNA,TNA,31880000.0,27.72,-0.0058,-242436000.0,31880000.0,0.0,0.8527,140036000.0,-113000.0,BALANCED,39.3175
2025-05-12,TNA,TNA,-76450000.0,30.58,0.1031,-318886000.0,0.0,-76450000.0,-2.5544,68993000.0,-75468000.0,DISTRIBUTION,-55.8597
2025-05-13,TNA,TNA,-1550000.0,30.99,0.0135,-320436000.0,0.0,-1550000.0,-0.1938,64826000.0,-34026000.0,BALANCED,1.1538
2025-05-14,TNA,TNA,-39214000.0,30.16,-0.0267,-359650000.0,0.0,-39214000.0,-1.2965,-60238000.0,-53946000.0,BALANCED,-48.4117
2025-05-15,TNA,TNA,-26068000.0,30.67,0.0167,-385718000.0,0.0,-26068000.0,-0.8399,-111402000.0,-77814000.0,BALANCED,-38.9964
2025-05-16,TNA,TNA,-33029000.0,31.46,0.0257,-418747000.0,0.0,-33029000.0,-1.0033,-176311000.0,-105202000.0,BALANCED,-45.0821
2025-05-19,TNA,TNA,-7764000.0,31.06,-0.0127,-426511000.0,0.0,-7764000.0,-0.15,-107625000.0,-112966000.0,BALANCED,-25.7505
2025-05-20,TNA,TNA,-7775000.0,31.1,0.0014,-434286000.0,0.0,-7775000.0,-0.1308,-113850000.0,-109328000.0,BALANCED,-27.271
2025-05-21,TNA,TNA,9967000.0,28.48,-0.0844,-424319000.0,9967000.0,0.0,0.445,-64669000.0,-114868000.0,BALANCED,3.1246
2025-05-22,TNA,TNA,12797000.0,28.44,-0.0014,-411522000.0,12797000.0,0.0,0.5559,-25804000.0,-103335000.0,BALANCED,7.8972
2025-05-23,TNA,TNA,-1408000.0,28.16,-0.0096,-412930000.0,0.0,-1408000.0,0.1523,5817000.0,-92108000.0,BALANCED,11.8072
2025-05-27,TNA,TNA,3026000.0,30.26,0.0745,-409904000.0,3026000.0,0.0,0.3048,16607000.0,-86525000.0,BALANCED,19.6212
2025-05-28,TNA,TNA,-2928000.0,29.28,-0.0325,-412832000.0,0.0,-2928000.0,0.0472,21454000.0,-84253000.0,BALANCED,9.1808
2025-05-29,TNA,TNA,13302000.0,29.56,0.0096,-399530000.0,13302000.0,0.0,0.6028,24789000.0,-83706000.0,BALANCED,27.0697
2025-05-30,TNA,TNA,5832000.0,29.16,-0.0134,-393698000.0,5832000.0,0.0,0.3183,17824000.0,-38930000.0,BALANCED,21.9581
2025-06-02,TNA,TNA,-1468000.0,29.35,0.0065,-395166000.0,0.0,-1468000.0,0.0459,17764000.0,-12694000.0,BALANCED,9.1471
2025-06-03,TNA,TNA,24599000.0,30.75,0.0476,-370567000.0,24599000.0,0.0,0.9549,39337000.0,17312000.0,BALANCED,35.8728
2025-06-04,TNA,TNA,6105000.0,30.53,-0.0072,-364462000.0,6105000.0,0.0,0.2677,48370000.0,20800000.0,BALANCED,20.6916
2025-06-05,TNA,TNA,-33545000.0,30.5,-0.001,-398007000.0,0.0,-33545000.0,-1.087,1523000.0,-98595000.0,BALANCED,-19.1745
2025-06-06,TNA,TNA,-31991000.0,31.99,0.049,-429998000.0,0.0,-31991000.0,-0.9758,-36300000.0,-155682000.0,BALANCED,-38.3943
2025-06-09,TNA,TNA,0.0,32.56,0.0177,-429998000.0,0.0,0.0,0.1273,-34832000.0,-187562000.0,BALANCED,-6.8174
2025-06-10,TNA,TNA,-18201000.0,33.09,0.0164,-448199000.0,0.0,-18201000.0,-0.4891,-77632000.0,-129313000.0,BALANCED,-24.2266
2025-06-11,TNA,TNA,-3270000.0,32.7,-0.0118,-451469000.0,0.0,-3270000.0,0.0288,-87007000.0,-131033000.0,BALANCED,-13.2804
2025-06-12,TNA,TNA,-6464000.0,32.32,-0.0116,-457933000.0,0.0,-6464000.0,-0.0605,-59926000.0,-98283000.0,BALANCED,-17.5132
2025-06-13,TNA,TNA,-15260000.0,30.52,-0.0557,-473193000.0,0.0,-15260000.0,-0.4058,-43195000.0,-87475000.0,BALANCED,-28.1461
2025-06-16,TNA,TNA,0.0,31.56,0.0341,-473193000.0,0.0,0.0,0.1099,-43195000.0,-54446000.0,BALANCED,-7.2525
2025-06-17,TNA,TNA,4584000.0,30.56,-0.0316,-468609000.0,4584000.0,0.0,0.2641,-20410000.0,-42098000.0,BALANCED,-1.3977
2025-06-18,TNA,TNA,-6205000.0,31.03,0.0152,-474814000.0,0.0,-6205000.0,-0.1169,-23345000.0,-40528000.0,BALANCED,-14.9234
2025-06-20,TNA,TNA,-4625000.0,30.83,-0.0063,-479439000.0,0.0,-4625000.0,0.063,-21506000.0,-55120000.0,BALANCED,-12.4247
2025-06-23,TNA,TNA,0.0,31.87,0.0338,-479439000.0,0.0,0.0,0.3245,-6246000.0,-67917000.0,BALANCED,-1.8872
2025-06-24,TNA,TNA,0.0,32.98,0.0394,-479439000.0,0.0,0.0,0.3987,-6246000.0,-66509000.0,BALANCED,-0.0334
2025-06-25,TNA,TNA,1591000.0,31.82,-0.0351,-477848000.0,1591000.0,0.0,0.4575,-9239000.0,-67944000.0,BALANCED,3.4382
2025-06-26,TNA,TNA,-3341000.0,33.41,0.0497,-481189000.0,0.0,-3341000.0,0.1341,-6375000.0,-68357000.0,BALANCED,-8.6481
2025-06-27,TNA,TNA,18372000.0,33.4,-0.0,-462817000.0,18372000.0,0.0,1.5328,16622000.0,-63287000.0,ACCUMULATION,50.319
2025-06-30,TNA,TNA,0.0,33.55,0.0045,-462817000.0,0.0,0.0,0.1892,16622000.0,-69119000.0,BALANCED,14.7306
2025-07-01,TNA,TNA,-12106000.0,34.59,0.0308,-474923000.0,0.0,-12106000.0,-0.8217,4516000.0,-79757000.0,BALANCED,-12.5428
2025-07-02,TNA,TNA,0.0,35.96,0.0396,-474923000.0,0.0,0.0,0.1301,2925000.0,-104356000.0,BALANCED,13.2515
2025-07-03,TNA,TNA,-20348000.0,37.0,0.0288,-495271000.0,0.0,-20348000.0,-1.4277,-14082000.0,-130809000.0,BALANCED,-47.693
2025-07-07,TNA,TNA,-19405000.0,35.28,-0.0464,-514676000.0,0.0,-19405000.0,-1.261,-51859000.0,-116669000.0,BALANCED,-45.5239
2025-07-08,TNA,TNA,-71951000.0,35.98,0.0197,-586627000.0,0.0,-71951000.0,-3.7191,-123810000.0,-156629000.0,DISTRIBUTION,-100.0
2025-07-09,TNA,TNA,0.0,37.12,0.0319,-586627000.0,0.0,0.0,0.3254,-111704000.0,-156629000.0,BALANCED,-1.864
2025-07-10,TNA,TNA,-9415000.0,37.66,0.0145,-596042000.0,0.0,-9415000.0,-0.1811,-121119000.0,-147843000.0,BALANCED,-16.5285
2025-07-11,TNA,TNA,-19897000.0,36.18,-0.0394,-615939000.0,0.0,-19897000.0,-0.7339,-120668000.0,-164470000.0,BALANCED,-32.3487
2025-07-14,TNA,TNA,-9223000.0,36.89,0.0198,-625162000.0,0.0,-9223000.0,-0.0974,-110486000.0,-167229000.0,BALANCED,-18.4339
2025-07-15,TNA,TNA,31221000.0,34.69,-0.0597,-593941000.0,31221000.0,0.0,2.0242,-7314000.0,-120748000.0,ACCUMULATION,42.6058
2025-07-16,TNA,TNA,-5358000.0,35.72,0.0296,-599299000.0,0.0,-5358000.0,0.0774,-12672000.0,-126106000.0,BALANCED,-10.066
2025-07-17,TNA,TNA,-11107000.0,37.02,0.0365,-610406000.0,0.0,-11107000.0,-0.1754,-14364000.0,-141797000.0,BALANCED,-18.3858
2025-07-18,TNA,TNA,7258000.0,36.29,-0.0197,-603148000.0,7258000.0,0.0,0.856,12791000.0,-128334000.0,BALANCED,33.3994
2025-07-21,TNA,TNA,-5377000.0,35.85,-0.0122,-608525000.0,0.0,-5377000.0,0.0959,16637000.0,-129086000.0,BALANCED,10.397
2025-07-22,TNA,TNA,-14679000.0,36.7,0.0237,-623204000.0,0.0,-14679000.0,-0.4988,-29263000.0,-143765000.0,BALANCED,-26.4698
2025-07-23,TNA,TNA,46040000.0,38.37,0.0455,-577164000.0,46040000.0,0.0,2.6705,22135000.0,-97725000.0,ACCUMULATION,78.7628
2025-07-24,TNA,TNA,5518000.0,36.79,-0.0412,-571646000.0,5518000.0,0.0,0.507,38760000.0,-93798000.0,BALANCED,26.676
2025-07-25,TNA,TNA,-3719000.0,37.19,0.0109,-575365000.0,0.0,-3719000.0,0.0216,27783000.0,-94176000.0,BALANCED,8.5407
2025-07-28,TNA,TNA,-1849000.0,36.99,-0.0055,-577214000.0,0.0,-1849000.0,0.112,31311000.0,-114397000.0,BALANCED,8.7992
2025-07-29,TNA,TNA,-14516000.0,36.29,-0.0188,-591730000.0,0.0,-14516000.0,-0.5566,31474000.0,-128913000.0,BALANCED,-9.914
2025-07-30,TNA,TNA,-25031000.0,35.76,-0.0147,-616761000.0,0.0,-25031000.0,-1.0463,-39597000.0,-141838000.0,BALANCED,-44.158
2025-07-31,TNA,TNA,-17371000.0,34.74,-0.0284,-634132000.0,0.0,-17371000.0,-0.6111,-62486000.0,-159209000.0,BALANCED,-35.277
2025-08-01,TNA,TNA,4890000.0,32.6,-0.0617,-629242000.0,4890000.0,0.0,0.515,-53877000.0,-133971000.0,BALANCED,4.8755
2025-08-04,TNA,TNA,-8671000.0,34.68,0.064,-637913000.0,0.0,-8671000.0,-0.1738,-60699000.0,-123237000.0,BALANCED,-16.3443
2025-08-05,TNA,TNA,24697000.0,35.28,0.0172,-613216000.0,24697000.0,0.0,1.4407,-21486000.0,-26589000.0,BALANCED,28.0167
2025-08-06,TNA,TNA,-21048000.0,35.08,-0.0057,-634264000.0,0.0,-21048000.0,-0.7772,-17503000.0,-47637000.0,BALANCED,-31.4297
2025-08-07,TNA,TNA,-8688000.0,34.75,-0.0093,-642952000.0,0.0,-8688000.0,-0.156,-8820000.0,-46910000.0,BALANCED,-17.9005
2025-08-08,TNA,TNA,-10475000.0,34.92,0.0047,-653427000.0,0.0,-10475000.0,-0.2317,-24185000.0,-37488000.0,BALANCED,-21.7936
2025-08-11,TNA,TNA,-20903000.0,34.84,-0.0023,-674330000.0,0.0,-20903000.0,-0.6898,-36417000.0,-49168000.0,BALANCED,-35.2438
2025-08-12,TNA,TNA,-24668000.0,37.95,0.0894,-698998000.0,0.0,-24668000.0,-0.8278,-85782000.0,-105057000.0,BALANCED,-40.6954
2025-08-13,TNA,TNA,-2010000.0,40.19,0.059,-701008000.0,0.0,-2010000.0,0.2722,-66744000.0,-101709000.0,BALANCED,-15.1943
2025-08-14,TNA,TNA,-29003000.0,38.67,-0.0378,-730011000.0,0.0,-29003000.0,-0.9943,-87059000.0,-119605000.0,BALANCED,-48.8586
2025-08-15,TNA,TNA,-1902000.0,38.04,-0.0164,-731913000.0,0.0,-1902000.0,0.2916,-78486000.0,-128765000.0,BALANCED,-18.7092
2025-08-18,TNA,TNA,0.0,38.44,0.0105,-731913000.0,0.0,0.0,0.354,-57583000.0,-123388000.0,BALANCED,-1.1503
2025-08-19,TNA,TNA,-3753000.0,37.53,-0.0235,-735666000.0,0.0,-3753000.0,0.0741,-36668000.0,-112462000.0,BALANCED,-10.1485
2025-08-20,TNA,TNA,-3715000.0,37.15,-0.0103,-739381000.0,0.0,-3715000.0,0.084,-38373000.0,-162217000.0,BALANCED,-11.8988
2025-08-21,TNA,TNA,9346000.0,37.39,0.0064,-730035000.0,9346000.0,0.0,0.8337,-24000.0,-158389000.0,BALANCED,12.8432
2025-08-22,TNA,TNA,0.0,41.71,0.1156,-730035000.0,0.0,0.0,0.233,1878000.0,-154670000.0,BALANCED,15.8244
2025-08-25,TNA,TNA,-54628000.0,40.46,-0.0298,-784663000.0,0.0,-54628000.0,-2.6276,-52750000.0,-207449000.0,DISTRIBUTION,-77.6906
2025-08-26,TNA,TNA,-4146000.0,41.46,0.0247,-788809000.0,0.0,-4146000.0,0.1346,-53143000.0,-197079000.0,BALANCED,-10.6352
2025-08-27,TNA,TNA,-2114000.0,42.27,0.0195,-790923000.0,0.0,-2114000.0,0.2446,-51542000.0,-174162000.0,BALANCED,-9.8862
2025-08-28,TNA,TNA,0.0,42.49,0.0051,-790923000.0,0.0,0.0,0.3441,-60888000.0,-156791000.0,BALANCED,-1.3985
2025-08-29,TNA,TNA,-2092000.0,41.84,-0.0153,-793015000.0,0.0,-2092000.0,0.2445,-62980000.0,-163773000.0,BALANCED,-5.8867
2025-09-02,TNA,TNA,-10275000.0,41.1,-0.0177,-803290000.0,0.0,-10275000.0,-0.2182,-18627000.0,-165377000.0,BALANCED,-19.4538
2025-09-03,TNA,TNA,-2049000.0,40.97,-0.0031,-805339000.0,0.0,-2049000.0,0.2327,-16530000.0,-192123000.0,BALANCED,-10.1836
2025-09-04,TNA,TNA,-19130000.0,42.51,0.0376,-824469000.0,0.0,-19130000.0,-0.7581,-33546000.0,-190205000.0,BALANCED,-36.9517
2025-09-05,TNA,TNA,21554000.0,43.11,0.014,-802915000.0,21554000.0,0.0,1.9294,-11992000.0,-159963000.0,ACCUMULATION,40.2358
2025-09-08,TNA,TNA,4332000.0,43.32,0.0048,-798583000.0,4332000.0,0.0,0.7689,-5568000.0,-145156000.0,BALANCED,13.2235
2025-09-09,TNA,TNA,2129000.0,42.58,-0.0169,-796454000.0,2129000.0,0.0,0.6137,6836000.0,-122124000.0,BALANCED,31.3423
2025-09-10,TNA,TNA,-2118000.0,42.37,-0.0051,-798572000.0,0.0,-2118000.0,0.3113,6767000.0,-99574000.0,BALANCED,15.783
2025-09-11,TNA,TNA,2235000.0,44.69,0.0548,-796337000.0,2235000.0,0.0,0.5467,28132000.0,-95329000.0,BALANCED,25.668
2025-09-12,TNA,TNA,-19485000.0,43.3,-0.0311,-815822000.0,0.0,-19485000.0,-0.8895,-12907000.0,-85811000.0,BALANCED,-34.2377
2025-09-15,TNA,TNA,24077000.0,43.78,0.011,-791745000.0,24077000.0,0.0,1.8482,6838000.0,-59832000.0,ACCUMULATION,58.2045
2025-09-16,TNA,TNA,15271000.0,43.63,-0.0033,-776474000.0,15271000.0,0.0,1.214,19980000.0,-44561000.0,BALANCED,44.3512
2025-09-17,TNA,TNA,8776000.0,43.88,0.0057,-767698000.0,8776000.0,0.0,0.8903,30874000.0,-32032000.0,BALANCED,38.2569
2025-09-18,TNA,TNA,-56587000.0,47.16,0.0746,-824285000.0,0.0,-56587000.0,-2.7844,-27948000.0,-84904000.0,DISTRIBUTION,-81.6103
2025-09-19,TNA,TNA,-23013000.0,46.03,-0.0239,-847298000.0,0.0,-23013000.0,-0.8853,-31476000.0,-117263000.0,BALANCED,-36.133
2025-09-22,TNA,TNA,-18734000.0,46.84,0.0176,-866032000.0,0.0,-18734000.0,-0.6323,-74287000.0,-135997000.0,BALANCED,-31.8087
2025-09-23,TNA,TNA,-23212000.0,46.42,-0.0072,-889244000.0,0.0,-23212000.0,-0.8683,-112770000.0,-104581000.0,BALANCED,-39.7063
2025-09-24,TNA,TNA,11284000.0,45.14,-0.0277,-877960000.0,11284000.0,0.0,0.9337,-110262000.0,-89151000.0,BALANCED,15.3418
2025-09-25,TNA,TNA,-13142000.0,43.81,-0.0295,-891102000.0,0.0,-13142000.0,-0.3678,-66817000.0,-100179000.0,BALANCED,-21.1945
2025-09-26,TNA,TNA,-9002000.0,45.01,0.0275,-900104000.0,0.0,-9002000.0,-0.185,-52806000.0,-109181000.0,BALANCED,-18.6247
2025-09-29,TNA,TNA,-9016000.0,45.08,0.0016,-909120000.0,0.0,-9016000.0,-0.1726,-43088000.0,-116105000.0,BALANCED,-20.3161
2025-09-30,TNA,TNA,-29388000.0,45.21,0.003,-938508000.0,0.0,-29388000.0,-1.2183,-49264000.0,-135218000.0,BALANCED,-48.4571
2025-10-01,TNA,TNA,-11381000.0,45.53,0.0069,-949889000.0,0.0,-11381000.0,-0.2295,-71929000.0,-144550000.0,BALANCED,-25.737
2025-10-02,TNA,TNA,-74253000.0,46.41,0.0194,-1024142000.0,0.0,-74253000.0,-2.9238,-133040000.0,-199673000.0,DISTRIBUTION,-95.0942
2025-10-03,TNA,TNA,-59233000.0,47.39,0.0211,-1083375000.0,0.0,-59233000.0,-2.0084,-183271000.0,-280460000.0,DISTRIBUTION,-74.2103
2025-10-06,TNA,TNA,-7194000.0,47.96,0.012,-1090569000.0,0.0,-7194000.0,0.2049,-181449000.0,-291986000.0,BALANCED,-20.8772
2025-10-07,TNA,TNA,37078000.0,46.35,-0.0336,-1053491000.0,37078000.0,0.0,1.9369,-114983000.0,-257037000.0,ACCUMULATION,40.4213
2025-10-08,TNA,TNA,9556000.0,47.78,0.0309,-1043935000.0,9556000.0,0.0,0.7526,-94046000.0,-245363000.0,BALANCED,12.8157
2025-10-09,TNA,TNA,-4688000.0,46.88,-0.0188,-1048623000.0,0.0,-4688000.0,0.1627,-24481000.0,-252286000.0,BALANCED,-7.9316
2025-10-10,TNA,TNA,-27709000.0,42.63,-0.0907,-1076332000.0,0.0,-27709000.0,-0.7529,7043000.0,-260510000.0,BALANCED,-12.8219
2025-10-13,TNA,TNA,6927000.0,46.18,0.0834,-1069405000.0,6927000.0,0.0,0.6637,21164000.0,-277660000.0,BALANCED,28.592
2025-10-14,TNA,TNA,-14431000.0,48.1,0.0416,-1083836000.0,0.0,-14431000.0,-0.2087,-30345000.0,-307362000.0,BALANCED,-17.2178
2025-10-15,TNA,TNA,-4950000.0,49.5,0.0291,-1088786000.0,0.0,-4950000.0,0.185,-44851000.0,-321088000.0,BALANCED,-9.3746
2025-10-16,TNA,TNA,25507000.0,46.38,-0.0631,-1063279000.0,25507000.0,0.0,1.3358,-14656000.0,-238994000.0,BALANCED,25.3947
2025-10-17,TNA,TNA,-9095000.0,45.47,-0.0195,-1072374000.0,0.0,-9095000.0,-0.0046,3958000.0,-225076000.0,BALANCED,7.8843
2025-10-20,TNA,TNA,-28863000.0,48.11,0.0579,-1101237000.0,0.0,-28863000.0,-0.7646,-31832000.0,-235205000.0,BALANCED,-33.1155
2025-10-21,TNA,TNA,-30797000.0,47.38,-0.0151,-1132034000.0,0.0,-30797000.0,-0.7932,-48198000.0,-242790000.0,BALANCED,-35.8296
2025-10-22,TNA,TNA,33971000.0,45.3,-0.044,-1098063000.0,33971000.0,0.0,1.6889,-9277000.0,-220103000.0,ACCUMULATION,34.2236
2025-10-23,TNA,TNA,-16453000.0,47.01,0.0378,-1114516000.0,0.0,-16453000.0,-0.2254,-51237000.0,-223414000.0,BALANCED,-17.6339
2025-10-24,TNA,TNA,-43848000.0,48.72,0.0364,-1158364000.0,0.0,-43848000.0,-1.2189,-85990000.0,-258260000.0,BALANCED,-44.4725
2025-10-27,TNA,TNA,-14742000.0,49.14,0.0086,-1173106000.0,0.0,-14742000.0,-0.0788,-71869000.0,-263986000.0,BALANCED,-17.9708
2025-10-28,TNA,TNA,0.0,48.32,-0.0166,-1173106000.0,0.0,0.0,0.522,-41072000.0,-234598000.0,BALANCED,3.0511
2025-10-29,TNA,TNA,2353000.0,47.06,-0.0262,-1170753000.0,2353000.0,0.0,0.6275,-72690000.0,-220864000.0,BALANCED,7.6879
2025-10-30,TNA,TNA,2298000.0,45.96,-0.0233,-1168455000.0,2298000.0,0.0,0.5751,-53939000.0,-144313000.0,BALANCED,8.3772
2025-10-31,TNA,TNA,-9342000.0,46.71,0.0163,-1177797000.0,0.0,-9342000.0,0.0702,-19433000.0,-94422000.0,BALANCED,-10.2444
2025-11-03,TNA,TNA,11556000.0,46.22,-0.0105,-1166241000.0,11556000.0,0.0,0.8929,6865000.0,-75672000.0,BALANCED,34.323
2025-11-04,TNA,TNA,-39391000.0,43.77,-0.0531,-1205632000.0,0.0,-39391000.0,-1.1711,-32526000.0,-152141000.0,BALANCED,-41.2784
2025-11-05,TNA,TNA,-22876000.0,45.75,0.0453,-1228508000.0,0.0,-22876000.0,-0.4591,-57755000.0,-184573000.0,BALANCED,-25.4785
2025-11-06,TNA,TNA,8643000.0,43.22,-0.0555,-1219865000.0,8643000.0,0.0,0.7951,-51410000.0,-171242000.0,BALANCED,11.8785
2025-11-07,TNA,TNA,10980000.0,43.92,0.0163,-1208885000.0,10980000.0,0.0,0.8518,-31088000.0,-132553000.0,BALANCED,15.2944
2025-11-10,TNA,TNA,-15811000.0,45.17,0.0286,-1224696000.0,0.0,-15811000.0,-0.2117,-58455000.0,-155291000.0,BALANCED,-17.2932
2025-11-11,TNA,TNA,-9058000.0,45.29,0.0026,-1233754000.0,0.0,-9058000.0,0.0317,-28122000.0,-149918000.0,BALANCED,-13.2082
2025-11-12,TNA,TNA,6734000.0,44.89,-0.0088,-1227020000.0,6734000.0,0.0,0.6409,1488000.0,-138234000.0,BALANCED,28.023
2025-11-13,TNA,TNA,45256000.0,41.14,-0.0835,-1181764000.0,45256000.0,0.0,2.1321,38101000.0,-118485000.0,ACCUMULATION,67.3025
2025-11-14,TNA,TNA,-24853000.0,41.42,0.0068,-1206617000.0,0.0,-24853000.0,-0.9542,2268000.0,-134243000.0,BALANCED,-15.8553
2025-11-17,TNA,TNA,19491000.0,38.98,-0.0589,-1187126000.0,19491000.0,0.0,1.0252,37570000.0,-85889000.0,BALANCED,37.6295
2025-11-18,TNA,TNA,-9835000.0,39.34,0.0092,-1196961000.0,0.0,-9835000.0,-0.2426,36793000.0,-64927000.0,BALANCED,1.9344
2025-11-19,TNA,TNA,5894000.0,39.29,-0.0012,-1191067000.0,5894000.0,0.0,0.5204,35953000.0,-93004000.0,BALANCED,25.0109
2025-11-20,TNA,TNA,3713000.0,37.13,-0.0551,-1187354000.0,3713000.0,0.0,0.4007,-5590000.0,-72838000.0,BALANCED,4.0168
2025-11-21,TNA,TNA,-34183000.0,40.21,0.0831,-1221537000.0,0.0,-34183000.0,-1.3915,-14920000.0,-63173000.0,BALANCED,-46.7866
2025-11-24,TNA,TNA,-21225000.0,42.45,0.0556,-1242762000.0,0.0,-21225000.0,-0.7296,-55636000.0,-69656000.0,BALANCED,-32.239
2025-11-25,TNA,TNA,-36145000.0,45.18,0.0643,-1278907000.0,0.0,-36145000.0,-1.3573,-81946000.0,-105801000.0,BALANCED,-49.9332
2025-11-26,TNA,TNA,-27774000.0,46.29,0.0245,-1306681000.0,0.0,-27774000.0,-0.9248,-115614000.0,-135928000.0,BALANCED,-41.1208
2025-11-28,TNA,TNA,-30597000.0,47.07,0.0169,-1337278000.0,0.0,-30597000.0,-0.9901,-149924000.0,-168823000.0,BALANCED,-44.7515
2025-12-01,TNA,TNA,-43046000.0,45.31,-0.0374,-1380324000.0,0.0,-43046000.0,-1.454,-158787000.0,-202527000.0,BALANCED,-58.3491
2025-12-02,TNA,TNA,9013000.0,45.07,-0.0054,-1371311000.0,9013000.0,0.0,0.7997,-128549000.0,-205070000.0,BALANCED,11.9914
2025-12-03,TNA,TNA,7142000.0,47.61,0.0565,-1364169000.0,7142000.0,0.0,0.6664,-85262000.0,-158537000.0,BALANCED,10.661
2025-12-04,TNA,TNA,-14620000.0,48.73,0.0235,-1378789000.0,0.0,-14620000.0,-0.2516,-72108000.0,-150281000.0,BALANCED,-18.2902
2025-12-05,TNA,TNA,-9628000.0,48.14,-0.0121,-1388417000.0,0.0,-9628000.0,-0.0239,-51139000.0,-168552000.0,BALANCED,-14.5964
2025-12-08,TNA,TNA,-12030000.0,48.12,-0.0004,-1400447000.0,0.0,-12030000.0,-0.1997,-20123000.0,-191562000.0,BALANCED,-20.9932
2025-12-09,TNA,TNA,-26628000.0,48.41,0.0061,-1427075000.0,0.0,-26628000.0,-0.9043,-55764000.0,-202379000.0,BALANCED,-40.6071
2025-12-10,TNA,TNA,-22653000.0,50.34,0.0398,-1449728000.0,0.0,-22653000.0,-0.6656,-85559000.0,-215974000.0,BALANCED,-36.6396
2025-12-11,TNA,TNA,-26073000.0,52.15,0.0359,-1475801000.0,0.0,-26073000.0,-0.784,-97012000.0,-248781000.0,BALANCED,-41.6006
2025-12-12,TNA,TNA,-17411000.0,49.75,-0.046,-1493212000.0,0.0,-17411000.0,-0.3262,-104795000.0,-311448000.0,BALANCED,-32.1558
2025-12-15,TNA,TNA,-2428000.0,48.56,-0.0238,-1495640000.0,0.0,-2428000.0,0.4034,-95193000.0,-289023000.0,BALANCED,-15.9147
2025-12-16,TNA,TNA,4788000.0,47.88,-0.0141,-1490852000.0,4788000.0,0.0,0.7794,-63777000.0,-303726000.0,BALANCED,11.4857
2025-12-17,TNA,TNA,20849000.0,46.33,-0.0323,-1470003000.0,20849000.0,0.0,1.477,-20275000.0,-273042000.0,BALANCED,30.9255
2025-12-18,TNA,TNA,18873000.0,47.18,0.0183,-1451130000.0,18873000.0,0.0,1.2816,24671000.0,-260063000.0,BALANCED,48.0412
2025-12-19,TNA,TNA,-14508000.0,48.36,0.025,-1465638000.0,0.0,-14508000.0,-0.3107,27574000.0,-278284000.0,BALANCED,0.2318
2025-12-22,TNA,TNA,-2500000.0,50.0,0.034,-1468138000.0,0.0,-2500000.0,0.3066,27502000.0,-246601000.0,BALANCED,13.6644
2025-12-23,TNA,TNA,9792000.0,48.96,-0.0202,-1458346000.0,9792000.0,0.0,0.8677,32506000.0,-215584000.0,BALANCED,33.6917
2025-12-24,TNA,TNA,2466000.0,49.33,0.0075,-1455880000.0,2466000.0,0.0,0.4851,14123000.0,-176973000.0,BALANCED,26.1281
2025-12-26,TNA,TNA,-41232000.0,48.51,-0.0167,-1497112000.0,0.0,-41232000.0,-1.5297,-45982000.0,-190431000.0,DISTRIBUTION,-50.2435
2025-12-29,TNA,TNA,-9530000.0,47.65,-0.0177,-1506642000.0,0.0,-9530000.0,0.0706,-41004000.0,-169364000.0,BALANCED,-12.2356
2025-12-30,TNA,TNA,4656000.0,46.56,-0.0229,-1501986000.0,4656000.0,0.0,0.7872,-33848000.0,-121662000.0,BALANCED,11.679
2025-12-31,TNA,TNA,13660000.0,45.53,-0.022,-1488326000.0,13660000.0,0.0,1.3072,-29980000.0,-117015000.0,BALANCED,26.6788
2026-01-02,TNA,TNA,-2348000.0,46.95,0.0311,-1490674000.0,0.0,-2348000.0,0.4093,-34794000.0,-126505000.0,BALANCED,-1.7687
2026-01-05,TNA,TNA,-36878000.0,49.17,0.0473,-1527552000.0,0.0,-36878000.0,-1.3807,-30440000.0,-148763000.0,BALANCED,-48.5185
2026-01-06,TNA,TNA,-15350000.0,51.17,0.0406,-1542902000.0,0.0,-15350000.0,-0.1903,-36260000.0,-154485000.0,BALANCED,-20.7578
2026-01-07,TNA,TNA,-15218000.0,50.73,-0.0086,-1558120000.0,0.0,-15218000.0,-0.2233,-56134000.0,-157673000.0,BALANCED,-23.5821
2026-01-08,TNA,TNA,-73350000.0,52.39,0.0328,-1631470000.0,0.0,-73350000.0,-2.8558,-143144000.0,-204395000.0,DISTRIBUTION,-91.3942
2026-01-09,TNA,TNA,-53574000.0,53.57,0.0225,-1685044000.0,0.0,-53574000.0,-1.8175,-194370000.0,-235316000.0,DISTRIBUTION,-67.4381
2026-01-12,TNA,TNA,-8143000.0,54.28,0.0133,-1693187000.0,0.0,-8143000.0,0.2166,-165635000.0,-217386000.0,BALANCED,-18.5838
2026-01-13,TNA,TNA,-8119000.0,54.12,-0.003,-1701306000.0,0.0,-8119000.0,0.1856,-158404000.0,-208094000.0,BALANCED,-21.3607
2026-01-14,TNA,TNA,-2763000.0,55.26,0.0209,-1704069000.0,0.0,-2763000.0,0.3843,-145949000.0,-208429000.0,BALANCED,-18.3919
2026-01-15,TNA,TNA,-36848000.0,56.69,0.0259,-1740917000.0,0.0,-36848000.0,-1.1642,-109447000.0,-250065000.0,BALANCED,-59.1055
2026-01-16,TNA,TNA,-113642000.0,56.82,0.0023,-1854559000.0,0.0,-113642000.0,-3.5108,-169515000.0,-384556000.0,DISTRIBUTION,-100.0
2026-01-20,TNA,TNA,-13684000.0,54.73,-0.0367,-1868243000.0,0.0,-13684000.0,0.0949,-175056000.0,-417113000.0,BALANCED,-27.6267
2026-01-21,TNA,TNA,-8699000.0,57.99,0.0596,-1876942000.0,0.0,-8699000.0,0.2736,-175636000.0,-411304000.0,BALANCED,-23.1602
2026-01-22,TNA,TNA,2964000.0,59.28,0.0222,-1873978000.0,2964000.0,0.0,0.6711,-169909000.0,-405840000.0,BALANCED,8.7768
2026-01-23,TNA,TNA,16797000.0,55.99,-0.0556,-1857181000.0,16797000.0,0.0,1.0933,-116264000.0,-398835000.0,BALANCED,21.333
2026-01-26,TNA,TNA,-8309000.0,55.4,-0.0106,-1865490000.0,0.0,-8309000.0,0.1951,-10931000.0,-409610000.0,BALANCED,-7.1237
2026-01-27,TNA,TNA,-19540000.0,55.83,0.0078,-1885030000.0,0.0,-19540000.0,-0.2079,-16787000.0,-387918000.0,BALANCED,-19.1964
2026-01-28,TNA,TNA,5497000.0,54.97,-0.0153,-1879533000.0,5497000.0,0.0,0.6428,-2591000.0,-372891000.0,BALANCED,8.071
2026-01-29,TNA,TNA,11005000.0,55.03,0.001,-1868528000.0,11005000.0,0.0,0.8121,5450000.0,-366542000.0,BALANCED,34.3028
2026-01-30,TNA,TNA,0.0,52.5,-0.0458,-1868528000.0,0.0,0.0,0.4376,-11347000.0,-380202000.0,BALANCED,0.9391
2026-02-02,TNA,TNA,13516000.0,54.06,0.0297,-1855012000.0,13516000.0,0.0,0.9243,10478000.0,-364338000.0,BALANCED,35.108
2026-02-03,TNA,TNA,5453000.0,54.53,0.0085,-1849559000.0,5453000.0,0.0,0.6668,35471000.0,-322007000.0,BALANCED,30.6704
2026-02-04,TNA,TNA,-13262000.0,53.05,-0.0271,-1862821000.0,0.0,-13262000.0,-0.0008,16712000.0,-319919000.0,BALANCED,7.9799
2026-02-05,TNA,TNA,-2509000.0,50.19,-0.0539,-1865330000.0,0.0,-2509000.0,0.382,3198000.0,-307210000.0,BALANCED,15.5491
2026-02-06,TNA,TNA,-13891000.0,55.56,0.1071,-1879221000.0,0.0,-13891000.0,0.005,-10693000.0,-247751000.0,BALANCED,-15.8755
2026-02-09,TNA,TNA,-8508000.0,56.72,0.0208,-1887729000.0,0.0,-8508000.0,0.2133,-32717000.0,-202685000.0,BALANCED,-12.668
2026-02-10,TNA,TNA,-5616000.0,56.16,-0.01,-1893345000.0,0.0,-5616000.0,0.2794,-43786000.0,-200158000.0,BALANCED,-13.0146
2026-02-11,TNA,TNA,0.0,55.47,-0.0122,-1893345000.0,0.0,0.0,0.4727,-30524000.0,-192039000.0,BALANCED,1.817
2026-02-12,TNA,TNA,7815000.0,52.1,-0.0608,-1885530000.0,7815000.0,0.0,0.7533,-20200000.0,-181461000.0,BALANCED,10.8323
2026-02-13,TNA,TNA,-45867000.0,53.96,0.0358,-1931397000.0,0.0,-45867000.0,-1.13,-52176000.0,-190480000.0,BALANCED,-40.2499
2026-02-17,TNA,TNA,-2698000.0,53.97,0.0001,-1934095000.0,0.0,-2698000.0,0.4391,-46366000.0,-79536000.0,BALANCED,-3.0217
2026-02-18,TNA,TNA,5466000.0,54.66,0.0128,-1928629000.0,5466000.0,0.0,0.6867,-35284000.0,-60386000.0,BALANCED,9.1676
2026-02-19,TNA,TNA,11007000.0,55.04,0.007,-1917622000.0,11007000.0,0.0,0.8458,-24277000.0,-40680000.0,BALANCED,15.1442
2026-02-20,TNA,TNA,0.0,54.94,-0.0018,-1917622000.0,0.0,0.0,0.43,-32092000.0,-43644000.0,BALANCED,0.7494
2026-02-23,TNA,TNA,54914000.0,52.3,-0.048,-1862708000.0,54914000.0,0.0,2.239,68689000.0,-5527000.0,ACCUMULATION,67.9738
2026-02-24,TNA,TNA,-29768000.0,54.12,0.0349,-1892476000.0,0.0,-29768000.0,-0.8483,41619000.0,-26986000.0,BALANCED,-13.2063
2026-02-25,TNA,TNA,-13702000.0,54.81,0.0127,-1906178000.0,0.0,-13702000.0,-0.2448,22451000.0,-21148000.0,BALANCED,-0.1201
2026-02-26,TNA,TNA,-2783000.0,55.66,0.0156,-1908961000.0,0.0,-2783000.0,0.1534,8661000.0,-29428000.0,BALANCED,7.835
2026-02-27,TNA,TNA,10566000.0,52.83,-0.0509,-1898395000.0,10566000.0,0.0,0.6275,19227000.0,-29867000.0,BALANCED,27.6878
2026-03-02,TNA,TNA,-48832000.0,54.26,0.027,-1947227000.0,0.0,-48832000.0,-1.5143,-84519000.0,-78699000.0,DISTRIBUTION,-49.8584
2026-03-03,TNA,TNA,38510000.0,51.35,-0.0537,-1908717000.0,38510000.0,0.0,1.9697,-16241000.0,-53705000.0,ACCUMULATION,41.2417
2026-03-04,TNA,TNA,-34412000.0,52.94,0.031,-1943129000.0,0.0,-34412000.0,-1.5041,-36951000.0,-93570000.0,DISTRIBUTION,-49.6029
2026-03-05,TNA,TNA,29938000.0,49.9,-0.0575,-1913191000.0,29938000.0,0.0,1.4165,-4230000.0,-50370000.0,BALANCED,27.4127
2026-03-06,TNA,TNA,44076000.0,46.4,-0.0702,-1869115000.0,44076000.0,0.0,1.8697,29280000.0,-3785000.0,ACCUMULATION,60.7425
2026-03-09,TNA,TNA,11985000.0,47.94,0.0333,-1857130000.0,11985000.0,0.0,0.5124,90097000.0,22091000.0,BALANCED,28.8104
2026-03-10,TNA,TNA,-16682000.0,47.66,-0.0058,-1873812000.0,0.0,-16682000.0,-0.6969,34905000.0,13917000.0,BALANCED,-9.4236
2026-03-11,TNA,TNA,0.0,47.36,-0.0062,-1873812000.0,0.0,0.0,-0.0161,69317000.0,19533000.0,BALANCED,9.598
2026-03-12,TNA,TNA,66495000.0,44.33,-0.0641,-1807317000.0,66495000.0,0.0,2.4462,105874000.0,86028000.0,ACCUMULATION,73.1552
2026-03-13,TNA,TNA,17539000.0,43.85,-0.0109,-1789778000.0,17539000.0,0.0,0.5671,79337000.0,95752000.0,BALANCED,28.1769
2026-03-16,TNA,TNA,11271000.0,45.08,0.0282,-1778507000.0,11271000.0,0.0,0.314,78623000.0,152890000.0,BALANCED,23.8491
2026-03-17,TNA,TNA,-18387000.0,45.97,0.0196,-1796894000.0,0.0,-18387000.0,-0.7656,76918000.0,137201000.0,BALANCED,-11.141
2026-03-18,TNA,TNA,0.0,43.7,-0.0492,-1796894000.0,0.0,0.0,-0.0661,76918000.0,131735000.0,BALANCED,8.3463
2026-03-19,TNA,TNA,2227000.0,44.54,0.0192,-1794667000.0,2227000.0,0.0,-0.0017,12650000.0,122955000.0,BALANCED,11.9576
2026-03-20,TNA,TNA,31141000.0,41.52,-0.0679,-1763526000.0,31141000.0,0.0,1.032,26252000.0,154096000.0,BALANCED,39.7997
2026-03-23,TNA,TNA,-33244000.0,44.33,0.0675,-1796770000.0,0.0,-33244000.0,-1.3069,-18263000.0,65938000.0,BALANCED,-44.672
2026-03-24,TNA,TNA,-20214000.0,44.92,0.0139,-1816984000.0,0.0,-20214000.0,-0.8123,-20090000.0,75492000.0,BALANCED,-34.3079
2026-03-25,TNA,TNA,-18627000.0,46.57,0.0367,-1835611000.0,0.0,-18627000.0,-0.7335,-38717000.0,70567000.0,BALANCED,-34.3385
2026-03-26,TNA,TNA,2209000.0,44.17,-0.0515,-1833402000.0,2209000.0,0.0,0.0075,-38735000.0,75559000.0,BALANCED,-7.8118
2026-03-27,TNA,TNA,-6273000.0,41.82,-0.0532,-1839675000.0,0.0,-6273000.0,-0.2783,-76149000.0,58720000.0,BALANCED,-18.9577
2026-03-30,TNA,TNA,3999000.0,39.99,-0.0437,-1835676000.0,3999000.0,0.0,0.0304,-38906000.0,111551000.0,BALANCED,-7.2393
2026-03-31,TNA,TNA,-19865000.0,44.14,0.1037,-1855541000.0,0.0,-19865000.0,-0.8365,-38557000.0,53176000.0,BALANCED,-32.912
2026-04-01,TNA,TNA,-22490000.0,44.98,0.019,-1878031000.0,0.0,-22490000.0,-0.8869,-42420000.0,65098000.0,BALANCED,-36.1735
2026-04-02,TNA,TNA,20648000.0,45.88,0.0201,-1857383000.0,20648000.0,0.0,0.6796,-23981000.0,55808000.0,BALANCED,8.9897
2026-04-06,TNA,TNA,-2323000.0,46.45,0.0124,-1859706000.0,0.0,-2323000.0,-0.155,-20031000.0,9409000.0,BALANCED,-15.8756
2026-04-07,TNA,TNA,-4670000.0,46.7,0.0053,-1864376000.0,0.0,-4670000.0,-0.1805,-28700000.0,-7246000.0,BALANCED,-18.5129
2026-04-08,TNA,TNA,-73730000.0,50.85,0.0889,-1938106000.0,0.0,-73730000.0,-2.5404,-82565000.0,-64294000.0,DISTRIBUTION,-79.5097
2026-04-09,TNA,TNA,-33638000.0,51.75,0.0178,-1971744000.0,0.0,-33638000.0,-1.0865,-93713000.0,-97932000.0,BALANCED,-45.1636
2026-04-10,TNA,TNA,-12841000.0,51.37,-0.0075,-1984585000.0,0.0,-12841000.0,-0.3557,-127202000.0,-177268000.0,BALANCED,-28.8929
2026-04-13,TNA,TNA,-16100000.0,53.67,0.0448,-2000685000.0,0.0,-16100000.0,-0.4375,-140979000.0,-210907000.0,BALANCED,-32.9376
2026-04-14,TNA,TNA,-11159000.0,55.79,0.0397,-2011844000.0,0.0,-11159000.0,-0.3244,-147468000.0,-233337000.0,BALANCED,-32.1096
2026-04-15,TNA,TNA,-42197000.0,56.26,0.0084,-2054041000.0,0.0,-42197000.0,-1.3536,-115935000.0,-257147000.0,BALANCED,-59.8411
2026-04-16,TNA,TNA,-5661000.0,56.61,0.0063,-2059702000.0,0.0,-5661000.0,-0.0657,-87958000.0,-262808000.0,BALANCED,-29.6422
2026-04-17,TNA,TNA,-84241000.0,60.17,0.0628,-2143943000.0,0.0,-84241000.0,-2.5536,-159358000.0,-349276000.0,DISTRIBUTION,-93.8411
2026-04-20,TNA,TNA,-12240000.0,61.2,0.0171,-2156183000.0,0.0,-12240000.0,-0.0942,-155498000.0,-392657000.0,BALANCED,-32.3561
2026-04-21,TNA,TNA,-29668000.0,59.34,-0.0304,-2185851000.0,0.0,-29668000.0,-0.6619,-174007000.0,-389081000.0,BALANCED,-46.5467
2026-04-22,TNA,TNA,-9094000.0,60.63,0.0218,-2194945000.0,0.0,-9094000.0,0.057,-140904000.0,-377961000.0,BALANCED,-28.5749
2026-04-23,TNA,TNA,0.0,59.95,-0.0111,-2194945000.0,0.0,0.0,0.3789,-135243000.0,-359334000.0,BALANCED,-0.5272
2026-04-24,TNA,TNA,-9102000.0,60.68,0.0121,-2204047000.0,0.0,-9102000.0,0.1703,-60104000.0,-370645000.0,BALANCED,-7.7431
2026-04-27,TNA,TNA,-12160000.0,60.8,0.002,-2216207000.0,0.0,-12160000.0,0.0874,-60024000.0,-376532000.0,BALANCED,-11.8151
2026-04-28,TNA,TNA,8802000.0,58.68,-0.0349,-2207405000.0,8802000.0,0.0,0.9864,-21554000.0,-371729000.0,BALANCED,16.6601
2026-04-29,TNA,TNA,11516000.0,57.58,-0.0187,-2195889000.0,11516000.0,0.0,1.0397,-944000.0,-340348000.0,BALANCED,19.9918
2026-04-30,TNA,TNA,-12273000.0,61.36,0.0658,-2208162000.0,0.0,-12273000.0,0.0605,-13217000.0,-330131000.0,BALANCED,-10.4877
2026-05-01,TNA,TNA,0.0,62.18,0.0132,-2208162000.0,0.0,0.0,0.5818,-4115000.0,-350779000.0,BALANCED,4.5455
2026-05-04,TNA,TNA,-3054000.0,61.09,-0.0175,-2211216000.0,0.0,-3054000.0,0.5339,4991000.0,-351510000.0,BALANCED,21.3471
2026-05-05,TNA,TNA,-6426000.0,64.26,0.0519,-2217642000.0,0.0,-6426000.0,0.3455,-10237000.0,-353266000.0,BALANCED,-5.3631
2026-05-06,TNA,TNA,-10064000.0,67.09,0.0441,-2227706000.0,0.0,-10064000.0,0.1649,-31817000.0,-289600000.0,BALANCED,-11.8763
2026-05-07,TNA,TNA,-6381000.0,63.81,-0.0488,-2234087000.0,0.0,-6381000.0,0.3136,-25925000.0,-262343000.0,BALANCED,-10.1595
2026-05-08,TNA,TNA,-22818000.0,65.19,0.0216,-2256905000.0,0.0,-22818000.0,-0.3978,-48743000.0,-272320000.0,BALANCED,-29.9454
2026-05-11,TNA,TNA,-6587000.0,65.87,0.0104,-2263492000.0,0.0,-6587000.0,0.3448,-52276000.0,-262807000.0,BALANCED,-13.3801
2026-05-12,TNA,TNA,-19183000.0,63.94,-0.0292,-2282675000.0,0.0,-19183000.0,-0.1982,-65033000.0,-270831000.0,BALANCED,-28.954
2026-05-13,TNA,TNA,-3200000.0,64.0,0.001,-2285875000.0,0.0,-3200000.0,0.5137,-58169000.0,-231834000.0,BALANCED,-13.1584
2026-05-14,TNA,TNA,-33269000.0,60.49,-0.0549,-2319144000.0,0.0,-33269000.0,-0.8468,-85057000.0,-259442000.0,BALANCED,-49.1703
2026-05-15,TNA,TNA,0.0,60.49,0.0,-2319144000.0,0.0,0.0,0.73,-62239000.0,-175201000.0,BALANCED,8.2512
2026-05-18,TNA,TNA,8900000.0,59.33,-0.0191,-2310244000.0,8900000.0,0.0,1.1166,-46752000.0,-154061000.0,BALANCED,19.9149
2026-05-19,TNA,TNA,-5750000.0,57.5,-0.0309,-2315994000.0,0.0,-5750000.0,0.4347,-33319000.0,-130143000.0,BALANCED,-1.1326
2026-05-20,TNA,TNA,-12376000.0,61.88,0.0762,-2328370000.0,0.0,-12376000.0,0.0346,-42495000.0,-133425000.0,BALANCED,-13.1361
2026-05-21,TNA,TNA,-31796000.0,63.59,0.0277,-2360166000.0,0.0,-31796000.0,-1.0332,-41022000.0,-165221000.0,BALANCED,-41.8304
2026-05-22,TNA,TNA,-26112000.0,65.28,0.0266,-2386278000.0,0.0,-26112000.0,-0.6914,-67134000.0,-182231000.0,BALANCED,-35.2854
2026-05-25,TNA,TNA,26112000.0,65.28,-0.0,-2360166000.0,26112000.0,0.0,1.9288,-49922000.0,-143959000.0,ACCUMULATION,40.2205
2026-05-26,TNA,TNA,-61939000.0,68.82,0.0542,-2422105000.0,0.0,-61939000.0,-2.2188,-106111000.0,-214700000.0,DISTRIBUTION,-67.4708
2026-05-27,TNA,TNA,0.0,68.75,-0.001,-2422105000.0,0.0,0.0,0.5787,-93735000.0,-226216000.0,BALANCED,4.4671
2026-05-28,TNA,TNA,-10487000.0,69.92,0.0169,-2432592000.0,0.0,-10487000.0,0.0918,-72426000.0,-224430000.0,BALANCED,-9.7056
2026-05-29,TNA,TNA,3434000.0,68.67,-0.0177,-2429158000.0,3434000.0,0.0,0.7874,-42880000.0,-220996000.0,BALANCED,11.6861
2026-06-01,TNA,TNA,3385000.0,67.71,-0.0141,-2425773000.0,3385000.0,0.0,0.7456,-65607000.0,-214557000.0,BALANCED,12.6409
2026-06-02,TNA,TNA,-31292000.0,69.54,0.0271,-2457065000.0,0.0,-31292000.0,-1.3353,-34960000.0,-239423000.0,BALANCED,-45.3828
2026-06-03,TNA,TNA,13352000.0,66.76,-0.0399,-2443713000.0,13352000.0,0.0,1.2615,-21608000.0,-216007000.0,BALANCED,23.5367
2026-06-04,TNA,TNA,3484000.0,69.68,0.0437,-2440229000.0,3484000.0,0.0,0.6768,-7637000.0,-206142000.0,BALANCED,10.9206
2026-06-05,TNA,TNA,9353000.0,62.35,-0.1051,-2430876000.0,9353000.0,0.0,0.9654,-1718000.0,-173971000.0,BALANCED,20.1345
2026-06-08,TNA,TNA,-3192000.0,63.83,0.0237,-2434068000.0,0.0,-3192000.0,0.2324,-8295000.0,-170576000.0,BALANCED,-6.1909
2026-06-09,TNA,TNA,-16140000.0,64.56,0.0113,-2450208000.0,0.0,-16140000.0,-0.4646,6857000.0,-167533000.0,BALANCED,-5.616
2026-06-10,TNA,TNA,0.0,62.45,-0.0327,-2450208000.0,0.0,0.0,0.4989,-6495000.0,-164333000.0,BALANCED,2.4719
2026-06-11,TNA,TNA,3403000.0,68.06,0.09,-2446805000.0,3403000.0,0.0,0.6637,-6576000.0,-127661000.0,BALANCED,8.5926
2026-06-12,TNA,TNA,0.0,69.67,0.0236,-2446805000.0,0.0,0.0,0.4648,-15929000.0,-127661000.0,BALANCED,1.6211
2026-06-15,TNA,TNA,0.0,71.23,0.0224,-2446805000.0,0.0,0.0,0.4578,-12737000.0,-136561000.0,BALANCED,1.4462
2026-06-16,TNA,TNA,10402000.0,69.35,-0.0264,-2436403000.0,10402000.0,0.0,1.0127,13805000.0,-120409000.0,BALANCED,37.3172
2026-06-17,TNA,TNA,16951000.0,67.8,-0.0222,-2419452000.0,16951000.0,0.0,1.2959,30756000.0,-91082000.0,BALANCED,46.3979
2026-06-18,TNA,TNA,-10797000.0,71.98,0.0616,-2430249000.0,0.0,-10797000.0,-0.2362,16556000.0,-70083000.0,BALANCED,2.0957
2026-06-19,TNA,TNA,10797000.0,71.98,-0.0,-2419452000.0,10797000.0,0.0,0.8994,27353000.0,-33174000.0,BALANCED,34.4859
2026-06-22,TNA,TNA,-66395000.0,73.77,0.0249,-2485847000.0,0.0,-66395000.0,-2.7834,-39042000.0,-125681000.0,DISTRIBUTION,-81.5841
2026-06-23,TNA,TNA,-7153000.0,71.53,-0.0292,-2493000000.0,0.0,-7153000.0,-0.0067,-56597000.0,-70895000.0,BALANCED,-14.1686
2026-06-24,TNA,TNA,-18091000.0,72.37,0.0116,-2511091000.0,0.0,-18091000.0,-0.5003,-91639000.0,-88986000.0,BALANCED,-28.5064
2026-06-25,TNA,TNA,-25871000.0,73.92,0.0214,-2536962000.0,0.0,-25871000.0,-0.891,-106713000.0,-104370000.0,BALANCED,-40.2745
2026-06-26,TNA,TNA,-18538000.0,74.15,0.0032,-2555500000.0,0.0,-18538000.0,-0.5091,-136048000.0,-126342000.0,BALANCED,-32.7265
2026-06-29,TNA,TNA,-11101000.0,74.01,-0.0019,-2566601000.0,0.0,-11101000.0,-0.1234,-80754000.0,-140828000.0,BALANCED,-25.0861
2026-06-30,TNA,TNA,-3755000.0,75.1,0.0148,-2570356000.0,0.0,-3755000.0,0.228,-77356000.0,-113291000.0,BALANCED,-18.2995
2026-07-01,TNA,TNA,3711000.0,74.22,-0.0117,-2566645000.0,3711000.0,0.0,0.5597,-55554000.0,-122932000.0,BALANCED,5.9932
2026-07-02,TNA,TNA,10938000.0,72.92,-0.0175,-2555707000.0,10938000.0,0.0,0.8477,-18745000.0,-115478000.0,BALANCED,15.1924
2026-07-03,TNA,TNA,-10938000.0,72.92,-0.0,-2566645000.0,0.0,-10938000.0,-0.2429,-11145000.0,-135769000.0,BALANCED,-18.0727
2026-07-06,TNA,TNA,11083000.0,73.89,0.0132,-2555562000.0,11083000.0,0.0,0.8963,11039000.0,-121494000.0,BALANCED,34.4066
2026-07-07,TNA,TNA,10782000.0,71.88,-0.0272,-2544780000.0,10782000.0,0.0,0.8828,25576000.0,-94572000.0,BALANCED,36.0707
2026-07-08,TNA,TNA,6996000.0,69.96,-0.0267,-2537784000.0,6996000.0,0.0,0.6402,28861000.0,-87576000.0,BALANCED,32.0043
2026-07-09,TNA,TNA,3627000.0,72.54,0.037,-2534157000.0,3627000.0,0.0,0.4135,21550000.0,-87352000.0,BALANCED,28.3386
2026-07-10,TNA,TNA,0.0,71.46,-0.0149,-2534157000.0,0.0,0.0,0.2068,32488000.0,-87352000.0,BALANCED,15.171
2026-07-13,TNA,TNA,0.0,69.66,-0.0252,-2534157000.0,0.0,0.0,0.214,21405000.0,-87352000.0,BALANCED,15.3492
2026-07-14,TNA,TNA,3522000.0,70.44,0.0113,-2530635000.0,3522000.0,0.0,0.3712,14145000.0,-94232000.0,BALANCED,21.28
2026-07-15,TNA,TNA,3563000.0,71.26,0.0116,-2527072000.0,3563000.0,0.0,0.3998,10712000.0,-107620000.0,BALANCED,23.9958
2026-07-16,TNA,TNA,-10667000.0,71.11,-0.002,-2537739000.0,0.0,-10667000.0,-0.4671,-3582000.0,-107490000.0,BALANCED,-23.6772
2026-07-17,TNA,TNA,-10517000.0,70.12,-0.014,-2548256000.0,0.0,-10517000.0,-0.4194,-14099000.0,-128804000.0,BALANCED,-24.4841
2026-07-20,TNA,TNA,6873000.0,68.73,-0.0197,-2541383000.0,6873000.0,0.0,0.6584,-7226000.0,-55536000.0,BALANCED,8.461
2026-07-21,TNA,TNA,-7182000.0,71.82,0.0449,-2548565000.0,0.0,-7182000.0,-0.2485,-17930000.0,-55565000.0,BALANCED,-18.2117
2026-07-22,TNA,TNA,-10472000.0,69.82,-0.0279,-2559037000.0,0.0,-10472000.0,-0.4345,-31965000.0,-47946000.0,BALANCED,-24.8634
2026-07-23,TNA,TNA,10267000.0,68.45,-0.0196,-2548770000.0,10267000.0,0.0,0.8592,-11031000.0,-11808000.0,BALANCED,13.4794
2026-07-24,TNA,TNA,-6771000.0,67.71,-0.0108,-2555541000.0,0.0,-6771000.0,-0.1978,-7285000.0,-41000.0,BALANCED,-16.9461
2026-07-27,TNA,TNA,3447000.0,68.94,0.0182,-2552094000.0,3447000.0,0.0,0.4363,-10711000.0,14507000.0,BALANCED,2.9083
2026-07-28,TNA,TNA,-3465000.0,69.31,0.0054,-2555559000.0,0.0,-3465000.0,0.0322,-6994000.0,14797000.0,BALANCED,-11.1942
2026-07-29,TNA,TNA,9890000.0,65.94,-0.0487,-2545669000.0,9890000.0,0.0,0.9123,13368000.0,20976000.0,BALANCED,34.8078
2026-07-30,TNA,TNA,6864000.0,68.64,0.041,-2538805000.0,6864000.0,0.0,0.675,9965000.0,16902000.0,BALANCED,30.8761
2026-07-31,TNA,TNA,0.0,67.61,-0.015,-2538805000.0,0.0,0.0,0.2599,16736000.0,27840000.0,BALANCED,16.4979
2026-08-03,TNA,TNA,21322000.0,71.07,0.0512,-2517483000.0,21322000.0,0.0,2.1033,34611000.0,38079000.0,ACCUMULATION,64.5827
2026-08-04,TNA,TNA,-7500000.0,75.0,0.0553,-2524983000.0,0.0,-7500000.0,-0.6044,30576000.0,19797000.0,BALANCED,-7.109
2026-08-05,TNA,TNA,-3682000.0,73.64,-0.0182,-2528665000.0,0.0,-3682000.0,-0.3046,17004000.0,9119000.0,BALANCED,-1.6146
2026-08-06,TNA,TNA,-3619000.0,72.37,-0.0172,-2532284000.0,0.0,-3619000.0,-0.4193,6521000.0,1873000.0,BALANCED,-6.4835
2026-08-07,TNA,TNA,-18681000.0,74.72,0.0324,-2550965000.0,0.0,-18681000.0,-2.0896,-12160000.0,-16808000.0,DISTRIBUTION,-70.24
2026-08-10,TNA,TNA,-29392000.0,73.48,-0.0166,-2580357000.0,0.0,-29392000.0,-2.8028,-62874000.0,-46200000.0,DISTRIBUTION,-90.0692
2026-08-11,TNA,TNA,-18544000.0,74.18,0.0095,-2598901000.0,0.0,-18544000.0,-1.6249,-73918000.0,-68266000.0,DISTRIBUTION,-62.6224
2026-08-12,TNA,TNA,0.0,75.5,0.0178,-2598901000.0,0.0,0.0,0.0996,-70236000.0,-71829000.0,BALANCED,-7.5095
2026-08-13,TNA,TNA,3801000.0,76.03,0.007,-2595100000.0,3801000.0,0.0,0.4827,-62816000.0,-57361000.0,BALANCED,4.0663
2026-08-14,TNA,TNA,-11574000.0,77.16,0.0149,-2606674000.0,0.0,-11574000.0,-0.9645,-55709000.0,-58418000.0,BALANCED,-36.113
2026-08-17,TNA,TNA,-30545000.0,76.36,-0.0103,-2637219000.0,0.0,-30545000.0,-2.3962,-56862000.0,-95836000.0,DISTRIBUTION,-73.9054
2026-08-18,TNA,TNA,-7340000.0,73.4,-0.0388,-2644559000.0,0.0,-7340000.0,-0.3536,-45658000.0,-95994000.0,BALANCED,-24.8391
2026-08-19,TNA,TNA,-18620000.0,74.48,0.0147,-2663179000.0,0.0,-18620000.0,-1.2543,-64278000.0,-104142000.0,BALANCED,-49.3586
2026-08-20,TNA,TNA,0.0,71.48,-0.0403,-2663179000.0,0.0,0.0,0.3757,-68079000.0,-114409000.0,BALANCED,-0.6066
2026-08-21,TNA,TNA,-29283000.0,73.21,0.0242,-2692462000.0,0.0,-29283000.0,-1.9542,-85788000.0,-136921000.0,DISTRIBUTION,-60.8541
2026-08-24,TNA,TNA,10738000.0,71.59,-0.0221,-2681724000.0,10738000.0,0.0,1.243,-44505000.0,-129630000.0,BALANCED,23.0747
2026-08-25,TNA,TNA,-3630000.0,72.61,0.0142,-2685354000.0,0.0,-3630000.0,0.1222,-40795000.0,-129795000.0,BALANCED,-8.945
2026-08-26,TNA,TNA,0.0,72.31,-0.0041,-2685354000.0,0.0,0.0,0.4245,-22175000.0,-139685000.0,BALANCED,0.6122
2026-08-27,TNA,TNA,-3646000.0,72.91,0.0083,-2689000000.0,0.0,-3646000.0,0.1127,-25821000.0,-150195000.0,BALANCED,-9.1832
2026-08-28,TNA,TNA,0.0,69.85,-0.042,-2689000000.0,0.0,0.0,0.379,3462000.0,-150195000.0,BALANCED,19.4748
2026-08-31,TNA,TNA,24040000.0,68.69,-0.0167,-2664960000.0,24040000.0,0.0,2.1181,16764000.0,-147477000.0,ACCUMULATION,64.952
2026-09-01,TNA,TNA,13240000.0,66.2,-0.0362,-2651720000.0,13240000.0,0.0,1.2218,33634000.0,-126737000.0,BALANCED,44.5455
2026-09-02,TNA,TNA,3423000.0,68.46,0.0341,-2648297000.0,3423000.0,0.0,0.4691,37057000.0,-119632000.0,BALANCED,27.7277
2026-09-03,TNA,TNA,-3472000.0,69.45,0.0144,-2651769000.0,0.0,-3472000.0,-0.0029,37231000.0,-119485000.0,BALANCED,7.9278
2026-09-04,TNA,TNA,-3497000.0,69.93,0.007,-2655266000.0,0.0,-3497000.0,-0.0129,33734000.0,-104301000.0,BALANCED,5.6774
2026-09-07,TNA,TNA,3497000.0,69.93,0.0,-2651769000.0,3497000.0,0.0,0.5091,13191000.0,-71412000.0,BALANCED,24.7284
2026-09-08,TNA,TNA,-3443000.0,68.87,-0.0153,-2655212000.0,0.0,-3443000.0,-0.0091,-3492000.0,-56311000.0,BALANCED,-12.2263
2026-09-09,TNA,TNA,16527000.0,66.11,-0.04,-2638685000.0,16527000.0,0.0,1.4356,9612000.0,-39784000.0,BALANCED,47.8903
2026-09-10,TNA,TNA,25627000.0,64.07,-0.0309,-2613058000.0,25627000.0,0.0,1.9321,38711000.0,-17958000.0,ACCUMULATION,62.3028
2026-09-11,TNA,TNA,25948000.0,64.87,0.0125,-2587110000.0,25948000.0,0.0,1.7847,68156000.0,19564000.0,ACCUMULATION,60.6187
2026-09-14,TNA,TNA,3205000.0,64.1,-0.0118,-2583905000.0,3205000.0,0.0,0.3648,67864000.0,53314000.0,BALANCED,27.1191
2026-09-15,TNA,TNA,9401000.0,62.67,-0.0223,-2574504000.0,9401000.0,0.0,0.7383,80708000.0,70055000.0,BALANCED,38.4577
2026-09-16,TNA,TNA,-6189000.0,61.89,-0.0125,-2580693000.0,0.0,-6189000.0,-0.2972,57992000.0,82486000.0,BALANCED,0.5694
2026-09-17,TNA,TNA,25155000.0,62.89,0.0162,-2555538000.0,25155000.0,0.0,1.6449,57520000.0,107641000.0,ACCUMULATION,53.1236
2026-09-18,TNA,TNA,21672000.0,61.92,-0.0154,-2533866000.0,21672000.0,0.0,1.3268,53244000.0,158596000.0,BALANCED,47.171
2026-09-21,TNA,TNA,6286000.0,62.86,0.0152,-2527580000.0,6286000.0,0.0,0.3041,56325000.0,154144000.0,BALANCED,23.6015
2026-09-22,TNA,TNA,12758000.0,63.79,0.0155,-2514822000.0,12758000.0,0.0,0.6862,59682000.0,170532000.0,BALANCED,35.1552
2026-09-23,TNA,TNA,30176000.0,60.35,-0.0539,-2484646000.0,30176000.0,0.0,1.72,96047000.0,200708000.0,ACCUMULATION,63.0011
