date,ticker,trackinsight_key,usd_flow,nav,perf_pct,cumulative_flow,daily_inflow,daily_outflow,flow_zscore,flow_5d,flow_20d,regime,pressure
2016-01-04,UCO,ARCX:UCO,0.0,12.43,-0.0117,0.0,0.0,0.0,0.0,0.0,0.0,BALANCED,0.0
2016-01-05,UCO,ARCX:UCO,0.0,11.93,-0.0406,0.0,0.0,0.0,0.0,0.0,0.0,BALANCED,0.0
2016-01-06,UCO,ARCX:UCO,0.0,10.66,-0.1065,0.0,0.0,0.0,0.0,0.0,0.0,BALANCED,0.0
2016-01-07,UCO,ARCX:UCO,0.0,10.23,-0.0404,0.0,0.0,0.0,0.0,0.0,0.0,BALANCED,0.0
2016-01-08,UCO,ARCX:UCO,0.0,10.12,-0.0099,0.0,0.0,0.0,0.0,0.0,0.0,BALANCED,0.0
2016-01-11,UCO,ARCX:UCO,0.0,9.06,-0.105,0.0,0.0,0.0,0.0,0.0,0.0,BALANCED,0.0
2016-01-12,UCO,ARCX:UCO,0.0,8.5,-0.0615,0.0,0.0,0.0,0.0,0.0,0.0,BALANCED,0.0
2016-01-13,UCO,ARCX:UCO,0.0,8.43,-0.0083,0.0,0.0,0.0,0.0,0.0,0.0,BALANCED,0.0
2016-01-14,UCO,ARCX:UCO,0.0,8.82,0.0458,0.0,0.0,0.0,0.0,0.0,0.0,BALANCED,0.0
2016-01-15,UCO,ARCX:UCO,0.0,7.88,-0.1072,0.0,0.0,0.0,0.0,0.0,0.0,BALANCED,0.0
2016-01-19,UCO,ARCX:UCO,0.0,7.45,-0.0541,0.0,0.0,0.0,0.0,0.0,0.0,BALANCED,0.0
2016-01-20,UCO,ARCX:UCO,0.0,6.83,-0.0825,0.0,0.0,0.0,0.0,0.0,0.0,BALANCED,0.0
2016-01-21,UCO,ARCX:UCO,0.0,7.4,0.0832,0.0,0.0,0.0,0.0,0.0,0.0,BALANCED,0.0
2016-01-22,UCO,ARCX:UCO,0.0,8.74,0.1801,0.0,0.0,0.0,0.0,0.0,0.0,BALANCED,0.0
2016-01-25,UCO,ARCX:UCO,0.0,7.73,-0.1151,0.0,0.0,0.0,0.0,0.0,0.0,BALANCED,0.0
2016-01-26,UCO,ARCX:UCO,0.0,8.3,0.0731,0.0,0.0,0.0,0.0,0.0,0.0,BALANCED,0.0
2016-01-27,UCO,ARCX:UCO,0.0,8.74,0.054,0.0,0.0,0.0,0.0,0.0,0.0,BALANCED,0.0
2016-01-28,UCO,ARCX:UCO,0.0,9.24,0.0569,0.0,0.0,0.0,0.0,0.0,0.0,BALANCED,0.0
2016-01-29,UCO,ARCX:UCO,0.0,9.46,0.0241,0.0,0.0,0.0,0.0,0.0,0.0,BALANCED,0.0
2016-02-01,UCO,ARCX:UCO,0.0,8.34,-0.1191,0.0,0.0,0.0,0.0,0.0,0.0,BALANCED,0.0
2016-02-02,UCO,ARCX:UCO,0.0,7.42,-0.1101,0.0,0.0,0.0,0.0,0.0,0.0,BALANCED,0.0
2016-02-03,UCO,ARCX:UCO,0.0,8.61,0.1606,0.0,0.0,0.0,0.0,0.0,0.0,BALANCED,0.0
2016-02-04,UCO,ARCX:UCO,0.0,8.31,-0.0347,0.0,0.0,0.0,0.0,0.0,0.0,BALANCED,0.0
2016-02-05,UCO,ARCX:UCO,0.0,7.88,-0.0524,0.0,0.0,0.0,0.0,0.0,0.0,BALANCED,0.0
2016-02-08,UCO,ARCX:UCO,0.0,7.29,-0.0741,0.0,0.0,0.0,0.0,0.0,0.0,BALANCED,0.0
2016-02-09,UCO,ARCX:UCO,0.0,6.42,-0.1194,0.0,0.0,0.0,0.0,0.0,0.0,BALANCED,0.0
2016-02-10,UCO,ARCX:UCO,0.0,6.37,-0.0085,0.0,0.0,0.0,0.0,0.0,0.0,BALANCED,0.0
2016-02-11,UCO,ARCX:UCO,0.0,6.01,-0.0559,0.0,0.0,0.0,0.0,0.0,0.0,BALANCED,0.0
2016-02-12,UCO,ARCX:UCO,0.0,7.22,0.2008,0.0,0.0,0.0,0.0,0.0,0.0,BALANCED,0.0
2016-02-16,UCO,ARCX:UCO,0.0,6.7,-0.0716,0.0,0.0,0.0,0.0,0.0,0.0,BALANCED,0.0
2016-02-17,UCO,ARCX:UCO,0.0,7.54,0.1256,0.0,0.0,0.0,0.0,0.0,0.0,BALANCED,0.0
2016-02-18,UCO,ARCX:UCO,0.0,7.48,-0.0081,0.0,0.0,0.0,0.0,0.0,0.0,BALANCED,0.0
2016-02-19,UCO,ARCX:UCO,0.0,6.98,-0.0672,0.0,0.0,0.0,0.0,0.0,0.0,BALANCED,0.0
2016-02-22,UCO,ARCX:UCO,0.0,7.67,0.0987,0.0,0.0,0.0,0.0,0.0,0.0,BALANCED,0.0
2016-02-23,UCO,ARCX:UCO,0.0,7.04,-0.0822,0.0,0.0,0.0,0.0,0.0,0.0,BALANCED,0.0
2016-02-24,UCO,ARCX:UCO,0.0,7.24,0.0279,0.0,0.0,0.0,0.0,0.0,0.0,BALANCED,0.0
2016-02-25,UCO,ARCX:UCO,0.0,7.56,0.0446,0.0,0.0,0.0,0.0,0.0,0.0,BALANCED,0.0
2016-02-26,UCO,ARCX:UCO,0.0,7.45,-0.0144,0.0,0.0,0.0,0.0,0.0,0.0,BALANCED,0.0
2016-02-29,UCO,ARCX:UCO,0.0,7.88,0.0578,0.0,0.0,0.0,0.0,0.0,0.0,BALANCED,0.0
2016-03-01,UCO,ARCX:UCO,0.0,8.13,0.0319,0.0,0.0,0.0,0.0,0.0,0.0,BALANCED,0.0
2016-03-02,UCO,ARCX:UCO,0.0,8.2,0.0083,0.0,0.0,0.0,0.0,0.0,0.0,BALANCED,0.0
2016-03-03,UCO,ARCX:UCO,0.0,8.21,0.0016,0.0,0.0,0.0,0.0,0.0,0.0,BALANCED,0.0
2016-03-04,UCO,ARCX:UCO,0.0,8.85,0.0781,0.0,0.0,0.0,0.0,0.0,0.0,BALANCED,0.0
2016-03-07,UCO,ARCX:UCO,0.0,9.82,0.1096,0.0,0.0,0.0,0.0,0.0,0.0,BALANCED,0.0
2016-03-08,UCO,ARCX:UCO,0.0,9.13,-0.0703,0.0,0.0,0.0,0.0,0.0,0.0,BALANCED,0.0
2016-03-09,UCO,ARCX:UCO,0.0,9.92,0.0858,0.0,0.0,0.0,0.0,0.0,0.0,BALANCED,0.0
2016-03-10,UCO,ARCX:UCO,0.0,9.58,-0.0334,0.0,0.0,0.0,0.0,0.0,0.0,BALANCED,0.0
2016-03-11,UCO,ARCX:UCO,0.0,9.92,0.035,0.0,0.0,0.0,0.0,0.0,0.0,BALANCED,0.0
2016-03-14,UCO,ARCX:UCO,0.0,9.3,-0.0624,0.0,0.0,0.0,0.0,0.0,0.0,BALANCED,0.0
2016-03-15,UCO,ARCX:UCO,0.0,8.94,-0.0391,0.0,0.0,0.0,0.0,0.0,0.0,BALANCED,0.0
2016-03-16,UCO,ARCX:UCO,0.0,9.84,0.1008,0.0,0.0,0.0,0.0,0.0,0.0,BALANCED,0.0
2016-03-17,UCO,ARCX:UCO,0.0,10.65,0.083,0.0,0.0,0.0,0.0,0.0,0.0,BALANCED,0.0
2016-03-18,UCO,ARCX:UCO,0.0,10.39,-0.025,0.0,0.0,0.0,0.0,0.0,0.0,BALANCED,0.0
2016-03-21,UCO,ARCX:UCO,0.0,10.58,0.0184,0.0,0.0,0.0,0.0,0.0,0.0,BALANCED,0.0
2016-03-22,UCO,ARCX:UCO,0.0,10.54,-0.0034,0.0,0.0,0.0,0.0,0.0,0.0,BALANCED,0.0
2016-03-23,UCO,ARCX:UCO,0.0,9.7,-0.0801,0.0,0.0,0.0,0.0,0.0,0.0,BALANCED,0.0
2016-03-24,UCO,ARCX:UCO,0.0,9.54,-0.0166,0.0,0.0,0.0,0.0,0.0,0.0,BALANCED,0.0
2016-03-28,UCO,ARCX:UCO,0.0,9.5,-0.0037,0.0,0.0,0.0,0.0,0.0,0.0,BALANCED,0.0
2016-03-29,UCO,ARCX:UCO,0.0,8.97,-0.0564,0.0,0.0,0.0,0.0,0.0,0.0,BALANCED,0.0
2016-03-30,UCO,ARCX:UCO,0.0,8.98,0.0021,0.0,0.0,0.0,0.0,0.0,0.0,BALANCED,0.0
2016-03-31,UCO,ARCX:UCO,0.0,8.99,0.001,0.0,0.0,0.0,0.0,0.0,0.0,BALANCED,0.0
2016-04-01,UCO,ARCX:UCO,0.0,8.27,-0.0809,0.0,0.0,0.0,0.0,0.0,0.0,BALANCED,0.0
2016-04-04,UCO,ARCX:UCO,0.0,7.77,-0.0594,0.0,0.0,0.0,0.0,0.0,0.0,BALANCED,0.0
2016-04-05,UCO,ARCX:UCO,0.0,7.86,0.0106,0.0,0.0,0.0,0.0,0.0,0.0,BALANCED,0.0
2016-04-06,UCO,ARCX:UCO,0.0,8.67,0.1036,0.0,0.0,0.0,0.0,0.0,0.0,BALANCED,0.0
2016-04-07,UCO,ARCX:UCO,0.0,8.45,-0.026,0.0,0.0,0.0,0.0,0.0,0.0,BALANCED,0.0
2016-04-08,UCO,ARCX:UCO,0.0,9.55,0.1309,0.0,0.0,0.0,0.0,0.0,0.0,BALANCED,0.0
2016-04-11,UCO,ARCX:UCO,0.0,9.88,0.0346,0.0,0.0,0.0,0.0,0.0,0.0,BALANCED,0.0
2016-04-12,UCO,ARCX:UCO,0.0,10.7,0.0832,0.0,0.0,0.0,0.0,0.0,0.0,BALANCED,0.0
2016-04-13,UCO,ARCX:UCO,0.0,10.47,-0.0223,0.0,0.0,0.0,0.0,0.0,0.0,BALANCED,0.0
2016-04-14,UCO,ARCX:UCO,0.0,10.28,-0.0178,0.0,0.0,0.0,0.0,0.0,0.0,BALANCED,0.0
2016-04-15,UCO,ARCX:UCO,0.0,9.85,-0.0419,0.0,0.0,0.0,0.0,0.0,0.0,BALANCED,0.0
2016-04-18,UCO,ARCX:UCO,0.0,9.62,-0.0226,0.0,0.0,0.0,0.0,0.0,0.0,BALANCED,0.0
2016-04-19,UCO,ARCX:UCO,0.0,10.2,0.0599,0.0,0.0,0.0,0.0,0.0,0.0,BALANCED,0.0
2016-04-20,UCO,ARCX:UCO,0.0,11.0,0.0785,0.0,0.0,0.0,0.0,0.0,0.0,BALANCED,0.0
2016-04-21,UCO,ARCX:UCO,0.0,10.49,-0.0462,0.0,0.0,0.0,0.0,0.0,0.0,BALANCED,0.0
2016-04-22,UCO,ARCX:UCO,0.0,10.76,0.0254,0.0,0.0,0.0,0.0,0.0,0.0,BALANCED,0.0
2016-04-25,UCO,ARCX:UCO,0.0,10.3,-0.0428,0.0,0.0,0.0,0.0,0.0,0.0,BALANCED,0.0
2016-04-26,UCO,ARCX:UCO,0.0,10.91,0.0596,0.0,0.0,0.0,0.0,0.0,0.0,BALANCED,0.0
2016-04-27,UCO,ARCX:UCO,0.0,11.55,0.0583,0.0,0.0,0.0,0.0,0.0,0.0,BALANCED,0.0
2016-04-28,UCO,ARCX:UCO,0.0,11.89,0.029,0.0,0.0,0.0,0.0,0.0,0.0,BALANCED,0.0
2016-04-29,UCO,ARCX:UCO,0.0,11.79,-0.0077,0.0,0.0,0.0,0.0,0.0,0.0,BALANCED,0.0
2016-05-02,UCO,ARCX:UCO,0.0,11.18,-0.0519,0.0,0.0,0.0,0.0,0.0,0.0,BALANCED,0.0
2016-05-03,UCO,ARCX:UCO,0.0,10.65,-0.0471,0.0,0.0,0.0,0.0,0.0,0.0,BALANCED,0.0
2016-05-04,UCO,ARCX:UCO,0.0,10.66,0.0004,0.0,0.0,0.0,0.0,0.0,0.0,BALANCED,0.0
2016-05-05,UCO,ARCX:UCO,0.0,10.89,0.022,0.0,0.0,0.0,0.0,0.0,0.0,BALANCED,0.0
2016-05-06,UCO,ARCX:UCO,0.0,11.09,0.0182,0.0,0.0,0.0,0.0,0.0,0.0,BALANCED,0.0
2016-05-09,UCO,ARCX:UCO,0.0,10.46,-0.057,0.0,0.0,0.0,0.0,0.0,0.0,BALANCED,0.0
2016-05-10,UCO,ARCX:UCO,0.0,11.09,0.0599,0.0,0.0,0.0,0.0,0.0,0.0,BALANCED,0.0
2016-05-11,UCO,ARCX:UCO,0.0,11.9,0.0732,0.0,0.0,0.0,0.0,0.0,0.0,BALANCED,0.0
2016-05-12,UCO,ARCX:UCO,0.0,12.12,0.0187,0.0,0.0,0.0,0.0,0.0,0.0,BALANCED,0.0
2016-05-13,UCO,ARCX:UCO,0.0,11.84,-0.0232,0.0,0.0,0.0,0.0,0.0,0.0,BALANCED,0.0
2016-05-16,UCO,ARCX:UCO,0.0,12.61,0.0647,0.0,0.0,0.0,0.0,0.0,0.0,BALANCED,0.0
2016-05-17,UCO,ARCX:UCO,0.0,12.9,0.0235,0.0,0.0,0.0,0.0,0.0,0.0,BALANCED,0.0
2016-05-18,UCO,ARCX:UCO,0.0,12.79,-0.0086,0.0,0.0,0.0,0.0,0.0,0.0,BALANCED,0.0
2016-05-19,UCO,ARCX:UCO,0.0,12.73,-0.0045,0.0,0.0,0.0,0.0,0.0,0.0,BALANCED,0.0
2016-05-20,UCO,ARCX:UCO,0.0,12.6,-0.0107,0.0,0.0,0.0,0.0,0.0,0.0,BALANCED,0.0
2016-05-23,UCO,ARCX:UCO,0.0,12.42,-0.0137,0.0,0.0,0.0,0.0,0.0,0.0,BALANCED,0.0
2016-05-24,UCO,ARCX:UCO,0.0,12.7,0.0224,0.0,0.0,0.0,0.0,0.0,0.0,BALANCED,0.0
2016-05-25,UCO,ARCX:UCO,0.0,13.19,0.0386,0.0,0.0,0.0,0.0,0.0,0.0,BALANCED,0.0
2016-05-26,UCO,ARCX:UCO,0.0,13.15,-0.0033,0.0,0.0,0.0,0.0,0.0,0.0,BALANCED,0.0
2016-05-27,UCO,ARCX:UCO,0.0,13.07,-0.0061,0.0,0.0,0.0,0.0,0.0,0.0,BALANCED,0.0
2016-05-31,UCO,ARCX:UCO,0.0,12.95,-0.0094,0.0,0.0,0.0,0.0,0.0,0.0,BALANCED,0.0
2016-06-01,UCO,ARCX:UCO,0.0,12.9,-0.0037,0.0,0.0,0.0,0.0,0.0,0.0,BALANCED,0.0
2016-06-02,UCO,ARCX:UCO,0.0,12.98,0.0065,0.0,0.0,0.0,0.0,0.0,0.0,BALANCED,0.0
2016-06-03,UCO,ARCX:UCO,0.0,12.69,-0.0224,0.0,0.0,0.0,0.0,0.0,0.0,BALANCED,0.0
2016-06-06,UCO,ARCX:UCO,0.0,13.25,0.0439,0.0,0.0,0.0,0.0,0.0,0.0,BALANCED,0.0
2016-06-07,UCO,ARCX:UCO,0.0,13.61,0.0269,0.0,0.0,0.0,0.0,0.0,0.0,BALANCED,0.0
2016-06-08,UCO,ARCX:UCO,0.0,14.08,0.0348,0.0,0.0,0.0,0.0,0.0,0.0,BALANCED,0.0
2016-06-09,UCO,ARCX:UCO,0.0,13.73,-0.0246,0.0,0.0,0.0,0.0,0.0,0.0,BALANCED,0.0
2016-06-10,UCO,ARCX:UCO,0.0,12.93,-0.0582,0.0,0.0,0.0,0.0,0.0,0.0,BALANCED,0.0
2016-06-13,UCO,ARCX:UCO,0.0,12.83,-0.008,0.0,0.0,0.0,0.0,0.0,0.0,BALANCED,0.0
2016-06-14,UCO,ARCX:UCO,0.0,12.58,-0.0192,0.0,0.0,0.0,0.0,0.0,0.0,BALANCED,0.0
2016-06-15,UCO,ARCX:UCO,0.0,12.27,-0.0247,0.0,0.0,0.0,0.0,0.0,0.0,BALANCED,0.0
2016-06-16,UCO,ARCX:UCO,0.0,11.42,-0.0695,0.0,0.0,0.0,0.0,0.0,0.0,BALANCED,0.0
2016-06-17,UCO,ARCX:UCO,0.0,12.31,0.0779,0.0,0.0,0.0,0.0,0.0,0.0,BALANCED,0.0
2016-06-20,UCO,ARCX:UCO,0.0,13.02,0.0573,0.0,0.0,0.0,0.0,0.0,0.0,BALANCED,0.0
2016-06-21,UCO,ARCX:UCO,0.0,12.99,-0.002,0.0,0.0,0.0,0.0,0.0,0.0,BALANCED,0.0
2016-06-22,UCO,ARCX:UCO,0.0,12.64,-0.0266,0.0,0.0,0.0,0.0,0.0,0.0,BALANCED,0.0
2016-06-23,UCO,ARCX:UCO,0.0,13.14,0.0393,0.0,0.0,0.0,0.0,0.0,0.0,BALANCED,0.0
2016-06-24,UCO,ARCX:UCO,0.0,11.87,-0.0966,0.0,0.0,0.0,0.0,0.0,0.0,BALANCED,0.0
2016-06-27,UCO,ARCX:UCO,0.0,11.24,-0.0535,0.0,0.0,0.0,0.0,0.0,0.0,BALANCED,0.0
2016-06-28,UCO,ARCX:UCO,0.0,11.99,0.0667,0.0,0.0,0.0,0.0,0.0,0.0,BALANCED,0.0
2016-06-29,UCO,ARCX:UCO,0.0,12.97,0.0819,0.0,0.0,0.0,0.0,0.0,0.0,BALANCED,0.0
2016-06-30,UCO,ARCX:UCO,0.0,12.16,-0.0621,0.0,0.0,0.0,0.0,0.0,0.0,BALANCED,0.0
2016-07-01,UCO,ARCX:UCO,0.0,12.48,0.0261,0.0,0.0,0.0,0.0,0.0,0.0,BALANCED,0.0
2016-07-05,UCO,ARCX:UCO,0.0,11.29,-0.0952,0.0,0.0,0.0,0.0,0.0,0.0,BALANCED,0.0
2016-07-06,UCO,ARCX:UCO,0.0,11.7,0.0359,0.0,0.0,0.0,0.0,0.0,0.0,BALANCED,0.0
2016-07-07,UCO,ARCX:UCO,0.0,10.58,-0.0956,0.0,0.0,0.0,0.0,0.0,0.0,BALANCED,0.0
2016-07-08,UCO,ARCX:UCO,0.0,10.71,0.0122,0.0,0.0,0.0,0.0,0.0,0.0,BALANCED,0.0
2016-07-11,UCO,ARCX:UCO,0.0,10.43,-0.0261,0.0,0.0,0.0,0.0,0.0,0.0,BALANCED,0.0
2016-07-12,UCO,ARCX:UCO,0.0,11.37,0.09,0.0,0.0,0.0,0.0,0.0,0.0,BALANCED,0.0
2016-07-13,UCO,ARCX:UCO,0.0,10.35,-0.0896,0.0,0.0,0.0,0.0,0.0,0.0,BALANCED,0.0
2016-07-14,UCO,ARCX:UCO,0.0,10.8,0.0431,0.0,0.0,0.0,0.0,0.0,0.0,BALANCED,0.0
2016-07-15,UCO,ARCX:UCO,0.0,10.9,0.0099,0.0,0.0,0.0,0.0,0.0,0.0,BALANCED,0.0
2016-07-18,UCO,ARCX:UCO,0.0,10.57,-0.0305,0.0,0.0,0.0,0.0,0.0,0.0,BALANCED,0.0
2016-07-19,UCO,ARCX:UCO,0.0,10.34,-0.0214,0.0,0.0,0.0,0.0,0.0,0.0,BALANCED,0.0
2016-07-20,UCO,ARCX:UCO,0.0,10.48,0.0132,0.0,0.0,0.0,0.0,0.0,0.0,BALANCED,0.0
2016-07-21,UCO,ARCX:UCO,0.0,10.02,-0.0437,0.0,0.0,0.0,0.0,0.0,0.0,BALANCED,0.0
2016-07-22,UCO,ARCX:UCO,0.0,9.77,-0.0251,0.0,0.0,0.0,0.0,0.0,0.0,BALANCED,0.0
2016-07-25,UCO,ARCX:UCO,0.0,9.3,-0.0481,0.0,0.0,0.0,0.0,0.0,0.0,BALANCED,0.0
2016-07-26,UCO,ARCX:UCO,0.0,9.21,-0.0098,0.0,0.0,0.0,0.0,0.0,0.0,BALANCED,0.0
2016-07-27,UCO,ARCX:UCO,0.0,8.78,-0.0466,0.0,0.0,0.0,0.0,0.0,0.0,BALANCED,0.0
2016-07-28,UCO,ARCX:UCO,0.0,8.45,-0.0372,0.0,0.0,0.0,0.0,0.0,0.0,BALANCED,0.0
2016-07-29,UCO,ARCX:UCO,0.0,8.64,0.0223,0.0,0.0,0.0,0.0,0.0,0.0,BALANCED,0.0
2016-08-01,UCO,ARCX:UCO,0.0,8.0,-0.0741,0.0,0.0,0.0,0.0,0.0,0.0,BALANCED,0.0
2016-08-02,UCO,ARCX:UCO,0.0,7.78,-0.0275,0.0,0.0,0.0,0.0,0.0,0.0,BALANCED,0.0
2016-08-03,UCO,ARCX:UCO,0.0,8.3,0.0668,0.0,0.0,0.0,0.0,0.0,0.0,BALANCED,0.0
2016-08-04,UCO,ARCX:UCO,0.0,8.75,0.0538,0.0,0.0,0.0,0.0,0.0,0.0,BALANCED,0.0
2016-08-05,UCO,ARCX:UCO,0.0,8.69,-0.0062,0.0,0.0,0.0,0.0,0.0,0.0,BALANCED,0.0
2016-08-08,UCO,ARCX:UCO,0.0,9.19,0.057,0.0,0.0,0.0,0.0,0.0,0.0,BALANCED,0.0
2016-08-09,UCO,ARCX:UCO,0.0,9.08,-0.0117,0.0,0.0,0.0,0.0,0.0,0.0,BALANCED,0.0
2016-08-10,UCO,ARCX:UCO,0.0,8.66,-0.0469,0.0,0.0,0.0,0.0,0.0,0.0,BALANCED,0.0
2016-08-11,UCO,ARCX:UCO,0.0,9.36,0.0814,0.0,0.0,0.0,0.0,0.0,0.0,BALANCED,0.0
2016-08-12,UCO,ARCX:UCO,0.0,9.73,0.04,0.0,0.0,0.0,0.0,0.0,0.0,BALANCED,0.0
2016-08-15,UCO,ARCX:UCO,0.0,10.25,0.0526,0.0,0.0,0.0,0.0,0.0,0.0,BALANCED,0.0
2016-08-16,UCO,ARCX:UCO,0.0,10.6,0.0348,0.0,0.0,0.0,0.0,0.0,0.0,BALANCED,0.0
2016-08-17,UCO,ARCX:UCO,0.0,10.76,0.0146,0.0,0.0,0.0,0.0,0.0,0.0,BALANCED,0.0
2016-08-18,UCO,ARCX:UCO,0.0,11.33,0.0534,0.0,0.0,0.0,0.0,0.0,0.0,BALANCED,0.0
2016-08-19,UCO,ARCX:UCO,0.0,11.41,0.0068,0.0,0.0,0.0,0.0,0.0,0.0,BALANCED,0.0
2016-08-22,UCO,ARCX:UCO,0.0,10.63,-0.0685,0.0,0.0,0.0,0.0,0.0,0.0,BALANCED,0.0
2016-08-23,UCO,ARCX:UCO,0.0,10.95,0.0299,0.0,0.0,0.0,0.0,0.0,0.0,BALANCED,0.0
2016-08-24,UCO,ARCX:UCO,0.0,10.38,-0.0521,0.0,0.0,0.0,0.0,0.0,0.0,BALANCED,0.0
2016-08-25,UCO,ARCX:UCO,0.0,10.62,0.0231,0.0,0.0,0.0,0.0,0.0,0.0,BALANCED,0.0
2016-08-26,UCO,ARCX:UCO,0.0,10.75,0.0125,0.0,0.0,0.0,0.0,0.0,0.0,BALANCED,0.0
2016-08-29,UCO,ARCX:UCO,0.0,10.44,-0.0282,0.0,0.0,0.0,0.0,0.0,0.0,BALANCED,0.0
2016-08-30,UCO,ARCX:UCO,0.0,10.15,-0.0277,0.0,0.0,0.0,0.0,0.0,0.0,BALANCED,0.0
2016-08-31,UCO,ARCX:UCO,0.0,9.43,-0.0715,0.0,0.0,0.0,0.0,0.0,0.0,BALANCED,0.0
2016-09-01,UCO,ARCX:UCO,0.0,8.78,-0.0689,0.0,0.0,0.0,0.0,0.0,0.0,BALANCED,0.0
2016-09-02,UCO,ARCX:UCO,0.0,9.3,0.0589,0.0,0.0,0.0,0.0,0.0,0.0,BALANCED,0.0
2016-09-06,UCO,ARCX:UCO,0.0,9.47,0.0185,0.0,0.0,0.0,0.0,0.0,0.0,BALANCED,0.0
2016-09-07,UCO,ARCX:UCO,0.0,9.76,0.0303,0.0,0.0,0.0,0.0,0.0,0.0,BALANCED,0.0
2016-09-08,UCO,ARCX:UCO,0.0,10.65,0.0914,0.0,0.0,0.0,0.0,0.0,0.0,BALANCED,0.0
2016-09-09,UCO,ARCX:UCO,0.0,9.85,-0.0746,0.0,0.0,0.0,0.0,0.0,0.0,BALANCED,0.0
2016-09-12,UCO,ARCX:UCO,0.0,10.01,0.0163,0.0,0.0,0.0,0.0,0.0,0.0,BALANCED,0.0
2016-09-13,UCO,ARCX:UCO,0.0,9.43,-0.0581,0.0,0.0,0.0,0.0,0.0,0.0,BALANCED,0.0
2016-09-14,UCO,ARCX:UCO,0.0,8.88,-0.0585,0.0,0.0,0.0,0.0,0.0,0.0,BALANCED,0.0
2016-09-15,UCO,ARCX:UCO,0.0,9.03,0.0167,0.0,0.0,0.0,0.0,0.0,0.0,BALANCED,0.0
2016-09-16,UCO,ARCX:UCO,0.0,8.66,-0.0405,0.0,0.0,0.0,0.0,0.0,0.0,BALANCED,0.0
2016-09-19,UCO,ARCX:UCO,0.0,8.76,0.0109,0.0,0.0,0.0,0.0,0.0,0.0,BALANCED,0.0
2016-09-20,UCO,ARCX:UCO,0.0,8.83,0.0086,0.0,0.0,0.0,0.0,0.0,0.0,BALANCED,0.0
2016-09-21,UCO,ARCX:UCO,0.0,9.35,0.0585,0.0,0.0,0.0,0.0,0.0,0.0,BALANCED,0.0
2016-09-22,UCO,ARCX:UCO,0.0,9.75,0.0432,0.0,0.0,0.0,0.0,0.0,0.0,BALANCED,0.0
2016-09-23,UCO,ARCX:UCO,0.0,8.98,-0.0795,0.0,0.0,0.0,0.0,0.0,0.0,BALANCED,0.0
2016-09-26,UCO,ARCX:UCO,0.0,9.56,0.0651,0.0,0.0,0.0,0.0,0.0,0.0,BALANCED,0.0
2016-09-27,UCO,ARCX:UCO,0.0,9.04,-0.0549,0.0,0.0,0.0,0.0,0.0,0.0,BALANCED,0.0
2016-09-28,UCO,ARCX:UCO,0.0,10.0,0.1065,0.0,0.0,0.0,0.0,0.0,0.0,BALANCED,0.0
2016-09-29,UCO,ARCX:UCO,0.0,10.33,0.0331,0.0,0.0,0.0,0.0,0.0,0.0,BALANCED,0.0
2016-09-30,UCO,ARCX:UCO,0.0,10.51,0.0171,0.0,0.0,0.0,0.0,0.0,0.0,BALANCED,0.0
2016-10-03,UCO,ARCX:UCO,0.0,10.76,0.0236,0.0,0.0,0.0,0.0,0.0,0.0,BALANCED,0.0
2016-10-04,UCO,ARCX:UCO,0.0,10.7,-0.005,0.0,0.0,0.0,0.0,0.0,0.0,BALANCED,0.0
2016-10-05,UCO,ARCX:UCO,0.0,11.2,0.0468,0.0,0.0,0.0,0.0,0.0,0.0,BALANCED,0.0
2016-10-06,UCO,ARCX:UCO,0.0,11.48,0.0245,0.0,0.0,0.0,0.0,0.0,0.0,BALANCED,0.0
2016-10-07,UCO,ARCX:UCO,0.0,11.19,-0.025,0.0,0.0,0.0,0.0,0.0,0.0,BALANCED,0.0
2016-10-10,UCO,ARCX:UCO,0.0,11.87,0.0606,0.0,0.0,0.0,0.0,0.0,0.0,BALANCED,0.0
2016-10-11,UCO,ARCX:UCO,0.0,11.59,-0.0235,0.0,0.0,0.0,0.0,0.0,0.0,BALANCED,0.0
2016-10-12,UCO,ARCX:UCO,0.0,11.32,-0.0231,0.0,0.0,0.0,0.0,0.0,0.0,BALANCED,0.0
2016-10-13,UCO,ARCX:UCO,0.0,11.42,0.0086,0.0,0.0,0.0,0.0,0.0,0.0,BALANCED,0.0
2016-10-14,UCO,ARCX:UCO,0.0,11.37,-0.0047,0.0,0.0,0.0,0.0,0.0,0.0,BALANCED,0.0
2016-10-17,UCO,ARCX:UCO,0.0,11.21,-0.0137,0.0,0.0,0.0,0.0,0.0,0.0,BALANCED,0.0
2016-10-18,UCO,ARCX:UCO,0.0,11.31,0.009,0.0,0.0,0.0,0.0,0.0,0.0,BALANCED,0.0
2016-10-19,UCO,ARCX:UCO,0.0,11.81,0.0446,0.0,0.0,0.0,0.0,0.0,0.0,BALANCED,0.0
2016-10-20,UCO,ARCX:UCO,0.0,11.3,-0.0436,0.0,0.0,0.0,0.0,0.0,0.0,BALANCED,0.0
2016-10-21,UCO,ARCX:UCO,0.0,11.43,0.0113,0.0,0.0,0.0,0.0,0.0,0.0,BALANCED,0.0
2016-10-24,UCO,ARCX:UCO,0.0,11.31,-0.0106,0.0,0.0,0.0,0.0,0.0,0.0,BALANCED,0.0
2016-10-25,UCO,ARCX:UCO,0.0,11.06,-0.0219,0.0,0.0,0.0,0.0,0.0,0.0,BALANCED,0.0
2016-10-26,UCO,ARCX:UCO,0.0,10.72,-0.0305,0.0,0.0,0.0,0.0,0.0,0.0,BALANCED,0.0
2016-10-27,UCO,ARCX:UCO,0.0,10.94,0.0204,0.0,0.0,0.0,0.0,0.0,0.0,BALANCED,0.0
2016-10-28,UCO,ARCX:UCO,0.0,10.5,-0.0402,0.0,0.0,0.0,0.0,0.0,0.0,BALANCED,0.0
2016-10-31,UCO,ARCX:UCO,0.0,9.7,-0.0759,0.0,0.0,0.0,0.0,0.0,0.0,BALANCED,0.0
2016-11-01,UCO,ARCX:UCO,0.0,9.61,-0.0093,0.0,0.0,0.0,0.0,0.0,0.0,BALANCED,0.0
2016-11-02,UCO,ARCX:UCO,0.0,9.08,-0.0555,0.0,0.0,0.0,0.0,0.0,0.0,BALANCED,0.0
2016-11-03,UCO,ARCX:UCO,0.0,8.81,-0.0296,0.0,0.0,0.0,0.0,0.0,0.0,BALANCED,0.0
2016-11-04,UCO,ARCX:UCO,0.0,8.58,-0.0265,0.0,0.0,0.0,0.0,0.0,0.0,BALANCED,0.0
2016-11-07,UCO,ARCX:UCO,0.0,8.89,0.0366,0.0,0.0,0.0,0.0,0.0,0.0,BALANCED,0.0
2016-11-08,UCO,ARCX:UCO,0.0,8.95,0.0061,0.0,0.0,0.0,0.0,0.0,0.0,BALANCED,0.0
2016-11-09,UCO,ARCX:UCO,0.0,9.07,0.0144,0.0,0.0,0.0,0.0,0.0,0.0,BALANCED,0.0
2016-11-10,UCO,ARCX:UCO,0.0,8.85,-0.0253,0.0,0.0,0.0,0.0,0.0,0.0,BALANCED,0.0
2016-11-11,UCO,ARCX:UCO,0.0,8.37,-0.0534,0.0,0.0,0.0,0.0,0.0,0.0,BALANCED,0.0
2016-11-14,UCO,ARCX:UCO,0.0,8.29,-0.0096,0.0,0.0,0.0,0.0,0.0,0.0,BALANCED,0.0
2016-11-15,UCO,ARCX:UCO,0.0,9.22,0.1115,0.0,0.0,0.0,0.0,0.0,0.0,BALANCED,0.0
2016-11-16,UCO,ARCX:UCO,0.0,9.1,-0.0125,0.0,0.0,0.0,0.0,0.0,0.0,BALANCED,0.0
2016-11-17,UCO,ARCX:UCO,0.0,9.05,-0.0052,0.0,0.0,0.0,0.0,0.0,0.0,BALANCED,0.0
2016-11-18,UCO,ARCX:UCO,0.0,9.2,0.0165,0.0,0.0,0.0,0.0,0.0,0.0,BALANCED,0.0
2016-11-21,UCO,ARCX:UCO,0.0,9.95,0.081,0.0,0.0,0.0,0.0,0.0,0.0,BALANCED,0.0
2016-11-22,UCO,ARCX:UCO,0.0,9.86,-0.0087,0.0,0.0,0.0,0.0,0.0,0.0,BALANCED,0.0
2016-11-23,UCO,ARCX:UCO,0.0,9.83,-0.003,0.0,0.0,0.0,0.0,0.0,0.0,BALANCED,0.0
2016-11-25,UCO,ARCX:UCO,0.0,9.05,-0.0793,0.0,0.0,0.0,0.0,0.0,0.0,BALANCED,0.0
2016-11-28,UCO,ARCX:UCO,0.0,9.45,0.0442,0.0,0.0,0.0,0.0,0.0,0.0,BALANCED,0.0
2016-11-29,UCO,ARCX:UCO,0.0,8.71,-0.0786,0.0,0.0,0.0,0.0,0.0,0.0,BALANCED,0.0
2016-11-30,UCO,ARCX:UCO,0.0,10.33,0.1861,0.0,0.0,0.0,0.0,0.0,0.0,BALANCED,0.0
2016-12-01,UCO,ARCX:UCO,0.0,11.01,0.0655,0.0,0.0,0.0,0.0,0.0,0.0,BALANCED,0.0
2016-12-02,UCO,ARCX:UCO,0.0,11.28,0.0243,0.0,0.0,0.0,0.0,0.0,0.0,BALANCED,0.0
2016-12-05,UCO,ARCX:UCO,0.0,11.32,0.0042,0.0,0.0,0.0,0.0,0.0,0.0,BALANCED,0.0
2016-12-06,UCO,ARCX:UCO,0.0,10.95,-0.0332,0.0,0.0,0.0,0.0,0.0,0.0,BALANCED,0.0
2016-12-07,UCO,ARCX:UCO,0.0,10.45,-0.0456,0.0,0.0,0.0,0.0,0.0,0.0,BALANCED,0.0
2016-12-08,UCO,ARCX:UCO,0.0,10.87,0.0408,0.0,0.0,0.0,0.0,0.0,0.0,BALANCED,0.0
2016-12-09,UCO,ARCX:UCO,0.0,11.12,0.0227,0.0,0.0,0.0,0.0,0.0,0.0,BALANCED,0.0
2016-12-12,UCO,ARCX:UCO,0.0,11.67,0.0496,0.0,0.0,0.0,0.0,0.0,0.0,BALANCED,0.0
2016-12-13,UCO,ARCX:UCO,0.0,11.76,0.0076,0.0,0.0,0.0,0.0,0.0,0.0,BALANCED,0.0
2016-12-14,UCO,ARCX:UCO,0.0,11.01,-0.0643,0.0,0.0,0.0,0.0,0.0,0.0,BALANCED,0.0
2016-12-15,UCO,ARCX:UCO,0.0,10.95,-0.0053,0.0,0.0,0.0,0.0,0.0,0.0,BALANCED,0.0
2016-12-16,UCO,ARCX:UCO,0.0,11.34,0.0363,0.0,0.0,0.0,0.0,0.0,0.0,BALANCED,0.0
2016-12-19,UCO,ARCX:UCO,0.0,11.36,0.001,0.0,0.0,0.0,0.0,0.0,0.0,BALANCED,0.0
2016-12-20,UCO,ARCX:UCO,0.0,11.48,0.0107,0.0,0.0,0.0,0.0,0.0,0.0,BALANCED,0.0
2016-12-21,UCO,ARCX:UCO,0.0,11.13,-0.0299,0.0,0.0,0.0,0.0,0.0,0.0,BALANCED,0.0
2016-12-22,UCO,ARCX:UCO,0.0,11.33,0.018,0.0,0.0,0.0,0.0,0.0,0.0,BALANCED,0.0
2016-12-23,UCO,ARCX:UCO,0.0,11.36,0.0022,0.0,0.0,0.0,0.0,0.0,0.0,BALANCED,0.0
2016-12-27,UCO,ARCX:UCO,0.0,11.72,0.0322,0.0,0.0,0.0,0.0,0.0,0.0,BALANCED,0.0
2016-12-28,UCO,ARCX:UCO,0.0,11.79,0.0058,0.0,0.0,0.0,0.0,0.0,0.0,BALANCED,0.0
2016-12-29,UCO,ARCX:UCO,0.0,11.69,-0.0084,0.0,0.0,0.0,0.0,0.0,0.0,BALANCED,0.0
2016-12-30,UCO,ARCX:UCO,0.0,11.67,-0.0022,0.0,0.0,0.0,0.0,0.0,0.0,BALANCED,0.0
2017-01-03,UCO,ARCX:UCO,0.0,11.08,-0.0502,0.0,0.0,0.0,0.0,0.0,0.0,BALANCED,0.0
2017-01-04,UCO,ARCX:UCO,0.0,11.47,0.0349,0.0,0.0,0.0,0.0,0.0,0.0,BALANCED,0.0
2017-01-05,UCO,ARCX:UCO,0.0,11.66,0.0169,0.0,0.0,0.0,0.0,0.0,0.0,BALANCED,0.0
2017-01-06,UCO,ARCX:UCO,0.0,11.74,0.0069,0.0,0.0,0.0,0.0,0.0,0.0,BALANCED,0.0
2017-01-09,UCO,ARCX:UCO,0.0,10.89,-0.073,0.0,0.0,0.0,0.0,0.0,0.0,BALANCED,0.0
2017-01-10,UCO,ARCX:UCO,0.0,10.4,-0.0443,0.0,0.0,0.0,0.0,0.0,0.0,BALANCED,0.0
2017-01-11,UCO,ARCX:UCO,0.0,10.95,0.0526,0.0,0.0,0.0,0.0,0.0,0.0,BALANCED,0.0
2017-01-12,UCO,ARCX:UCO,0.0,22.55,0.0294,0.0,0.0,0.0,0.0,0.0,0.0,BALANCED,0.0
2017-01-13,UCO,ARCX:UCO,0.0,21.97,-0.0256,0.0,0.0,0.0,0.0,0.0,0.0,BALANCED,0.0
2017-01-17,UCO,ARCX:UCO,0.0,22.06,0.004,0.0,0.0,0.0,0.0,0.0,0.0,BALANCED,0.0
2017-01-18,UCO,ARCX:UCO,0.0,20.92,-0.0515,0.0,0.0,0.0,0.0,0.0,0.0,BALANCED,0.0
2017-01-19,UCO,ARCX:UCO,0.0,21.11,0.0088,0.0,0.0,0.0,0.0,0.0,0.0,BALANCED,0.0
2017-01-20,UCO,ARCX:UCO,0.0,22.0,0.0422,0.0,0.0,0.0,0.0,0.0,0.0,BALANCED,0.0
2017-01-23,UCO,ARCX:UCO,0.0,21.61,-0.0177,0.0,0.0,0.0,0.0,0.0,0.0,BALANCED,0.0
2017-01-24,UCO,ARCX:UCO,0.0,21.96,0.0163,0.0,0.0,0.0,0.0,0.0,0.0,BALANCED,0.0
2017-01-25,UCO,ARCX:UCO,0.0,21.6,-0.0162,0.0,0.0,0.0,0.0,0.0,0.0,BALANCED,0.0
2017-01-26,UCO,ARCX:UCO,0.0,22.45,0.039,0.0,0.0,0.0,0.0,0.0,0.0,BALANCED,0.0
2017-01-27,UCO,ARCX:UCO,0.0,21.94,-0.0227,0.0,0.0,0.0,0.0,0.0,0.0,BALANCED,0.0
2017-01-30,UCO,ARCX:UCO,0.0,21.49,-0.0204,0.0,0.0,0.0,0.0,0.0,0.0,BALANCED,0.0
2017-01-31,UCO,ARCX:UCO,0.0,21.64,0.0068,0.0,0.0,0.0,0.0,0.0,0.0,BALANCED,0.0
2017-02-01,UCO,ARCX:UCO,0.0,22.51,0.0405,0.0,0.0,0.0,0.0,0.0,0.0,BALANCED,0.0
2017-02-02,UCO,ARCX:UCO,0.0,22.23,-0.0126,0.0,0.0,0.0,0.0,0.0,0.0,BALANCED,0.0
2017-02-03,UCO,ARCX:UCO,0.0,22.47,0.0108,0.0,0.0,0.0,0.0,0.0,0.0,BALANCED,0.0
2017-02-06,UCO,ARCX:UCO,0.0,21.78,-0.0305,0.0,0.0,0.0,0.0,0.0,0.0,BALANCED,0.0
2017-02-07,UCO,ARCX:UCO,0.0,21.09,-0.0317,0.0,0.0,0.0,0.0,0.0,0.0,BALANCED,0.0
2017-02-08,UCO,ARCX:UCO,0.0,21.21,0.0057,0.0,0.0,0.0,0.0,0.0,0.0,BALANCED,0.0
2017-02-09,UCO,ARCX:UCO,0.0,21.69,0.0227,0.0,0.0,0.0,0.0,0.0,0.0,BALANCED,0.0
2017-02-10,UCO,ARCX:UCO,0.0,22.41,0.033,0.0,0.0,0.0,0.0,0.0,0.0,BALANCED,0.0
2017-02-13,UCO,ARCX:UCO,0.0,21.65,-0.0338,0.0,0.0,0.0,0.0,0.0,0.0,BALANCED,0.0
2017-02-14,UCO,ARCX:UCO,0.0,21.86,0.0096,0.0,0.0,0.0,0.0,0.0,0.0,BALANCED,0.0
2017-02-15,UCO,ARCX:UCO,0.0,21.75,-0.0048,0.0,0.0,0.0,0.0,0.0,0.0,BALANCED,0.0
2017-02-16,UCO,ARCX:UCO,0.0,21.82,0.0029,0.0,0.0,0.0,0.0,0.0,0.0,BALANCED,0.0
2017-02-17,UCO,ARCX:UCO,0.0,21.86,0.0018,0.0,0.0,0.0,0.0,0.0,0.0,BALANCED,0.0
2017-02-21,UCO,ARCX:UCO,0.0,22.25,0.018,0.0,0.0,0.0,0.0,0.0,0.0,BALANCED,0.0
2017-02-22,UCO,ARCX:UCO,0.0,21.7,-0.0249,0.0,0.0,0.0,0.0,0.0,0.0,BALANCED,0.0
2017-02-23,UCO,ARCX:UCO,0.0,22.36,0.0308,0.0,0.0,0.0,0.0,0.0,0.0,BALANCED,0.0
2017-02-24,UCO,ARCX:UCO,0.0,22.0,-0.0161,0.0,0.0,0.0,0.0,0.0,0.0,BALANCED,0.0
2017-02-27,UCO,ARCX:UCO,0.0,22.08,0.0036,0.0,0.0,0.0,0.0,0.0,0.0,BALANCED,0.0
2017-02-28,UCO,ARCX:UCO,0.0,22.09,0.0003,0.0,0.0,0.0,0.0,0.0,0.0,BALANCED,0.0
2017-03-01,UCO,ARCX:UCO,0.0,21.97,-0.0055,0.0,0.0,0.0,0.0,0.0,0.0,BALANCED,0.0
2017-03-02,UCO,ARCX:UCO,0.0,20.99,-0.0446,0.0,0.0,0.0,0.0,0.0,0.0,BALANCED,0.0
2017-03-03,UCO,ARCX:UCO,0.0,21.55,0.0268,0.0,0.0,0.0,0.0,0.0,0.0,BALANCED,0.0
2017-03-06,UCO,ARCX:UCO,0.0,21.49,-0.0027,0.0,0.0,0.0,0.0,0.0,0.0,BALANCED,0.0
2017-03-07,UCO,ARCX:UCO,0.0,21.44,-0.0026,0.0,0.0,0.0,0.0,0.0,0.0,BALANCED,0.0
2017-03-08,UCO,ARCX:UCO,0.0,19.19,-0.1048,0.0,0.0,0.0,0.0,0.0,0.0,BALANCED,0.0
2017-03-09,UCO,ARCX:UCO,0.0,18.43,-0.0394,0.0,0.0,0.0,0.0,0.0,0.0,BALANCED,0.0
2017-03-10,UCO,ARCX:UCO,0.0,17.84,-0.0321,0.0,0.0,0.0,0.0,0.0,0.0,BALANCED,0.0
2017-03-13,UCO,ARCX:UCO,0.0,17.78,-0.0037,0.0,0.0,0.0,0.0,0.0,0.0,BALANCED,0.0
2017-03-14,UCO,ARCX:UCO,0.0,17.35,-0.0241,0.0,0.0,0.0,0.0,0.0,0.0,BALANCED,0.0
2017-03-15,UCO,ARCX:UCO,0.0,18.09,0.0426,0.0,0.0,0.0,0.0,0.0,0.0,BALANCED,0.0
2017-03-16,UCO,ARCX:UCO,0.0,17.98,-0.0057,0.0,0.0,0.0,0.0,0.0,0.0,BALANCED,0.0
2017-03-17,UCO,ARCX:UCO,0.0,18.03,0.0028,0.0,0.0,0.0,0.0,0.0,0.0,BALANCED,0.0
2017-03-20,UCO,ARCX:UCO,0.0,17.74,-0.0163,0.0,0.0,0.0,0.0,0.0,0.0,BALANCED,0.0
2017-03-21,UCO,ARCX:UCO,0.0,17.25,-0.0274,0.0,0.0,0.0,0.0,0.0,0.0,BALANCED,0.0
2017-03-22,UCO,ARCX:UCO,0.0,17.11,-0.0083,0.0,0.0,0.0,0.0,0.0,0.0,BALANCED,0.0
2017-03-23,UCO,ARCX:UCO,0.0,16.87,-0.0142,0.0,0.0,0.0,0.0,0.0,0.0,BALANCED,0.0
2017-03-24,UCO,ARCX:UCO,0.0,17.06,0.0113,0.0,0.0,0.0,0.0,0.0,0.0,BALANCED,0.0
2017-03-27,UCO,ARCX:UCO,0.0,16.89,-0.0101,0.0,0.0,0.0,0.0,0.0,0.0,BALANCED,0.0
2017-03-28,UCO,ARCX:UCO,0.0,17.34,0.0268,0.0,0.0,0.0,0.0,0.0,0.0,BALANCED,0.0
2017-03-29,UCO,ARCX:UCO,0.0,18.16,0.0471,0.0,0.0,0.0,0.0,0.0,0.0,BALANCED,0.0
2017-03-30,UCO,ARCX:UCO,0.0,18.77,0.0339,0.0,0.0,0.0,0.0,0.0,0.0,BALANCED,0.0
2017-03-31,UCO,ARCX:UCO,0.0,18.96,0.0099,0.0,0.0,0.0,0.0,0.0,0.0,BALANCED,0.0
2017-04-03,UCO,ARCX:UCO,0.0,18.69,-0.0143,0.0,0.0,0.0,0.0,0.0,0.0,BALANCED,0.0
2017-04-04,UCO,ARCX:UCO,0.0,19.28,0.0314,0.0,0.0,0.0,0.0,0.0,0.0,BALANCED,0.0
2017-04-05,UCO,ARCX:UCO,0.0,19.37,0.0047,0.0,0.0,0.0,0.0,0.0,0.0,BALANCED,0.0
2017-04-06,UCO,ARCX:UCO,0.0,19.78,0.0215,0.0,0.0,0.0,0.0,0.0,0.0,BALANCED,0.0
2017-04-07,UCO,ARCX:UCO,0.0,20.2,0.0209,0.0,0.0,0.0,0.0,0.0,0.0,BALANCED,0.0
2017-04-10,UCO,ARCX:UCO,0.0,20.84,0.0321,0.0,0.0,0.0,0.0,0.0,0.0,BALANCED,0.0
2017-04-11,UCO,ARCX:UCO,0.0,21.09,0.0118,0.0,0.0,0.0,0.0,0.0,0.0,BALANCED,0.0
2017-04-12,UCO,ARCX:UCO,0.0,20.88,-0.0101,0.0,0.0,0.0,0.0,0.0,0.0,BALANCED,0.0
2017-04-13,UCO,ARCX:UCO,0.0,20.94,0.0029,0.0,0.0,0.0,0.0,0.0,0.0,BALANCED,0.0
2017-04-17,UCO,ARCX:UCO,0.0,20.58,-0.0171,0.0,0.0,0.0,0.0,0.0,0.0,BALANCED,0.0
2017-04-18,UCO,ARCX:UCO,0.0,20.37,-0.0101,0.0,0.0,0.0,0.0,0.0,0.0,BALANCED,0.0
2017-04-19,UCO,ARCX:UCO,0.0,18.84,-0.0752,0.0,0.0,0.0,0.0,0.0,0.0,BALANCED,0.0
2017-04-20,UCO,ARCX:UCO,0.0,18.74,-0.0051,0.0,0.0,0.0,0.0,0.0,0.0,BALANCED,0.0
2017-04-21,UCO,ARCX:UCO,0.0,17.93,-0.0431,0.0,0.0,0.0,0.0,0.0,0.0,BALANCED,0.0
2017-04-24,UCO,ARCX:UCO,0.0,17.65,-0.0156,0.0,0.0,0.0,0.0,0.0,0.0,BALANCED,0.0
2017-04-25,UCO,ARCX:UCO,0.0,17.88,0.0129,0.0,0.0,0.0,0.0,0.0,0.0,BALANCED,0.0
2017-04-26,UCO,ARCX:UCO,0.0,17.92,0.0024,0.0,0.0,0.0,0.0,0.0,0.0,BALANCED,0.0
2017-04-27,UCO,ARCX:UCO,0.0,17.46,-0.026,0.0,0.0,0.0,0.0,0.0,0.0,BALANCED,0.0
2017-04-28,UCO,ARCX:UCO,0.0,17.68,0.0126,0.0,0.0,0.0,0.0,0.0,0.0,BALANCED,0.0
2017-05-01,UCO,ARCX:UCO,0.0,17.35,-0.0186,0.0,0.0,0.0,0.0,0.0,0.0,BALANCED,0.0
2017-05-02,UCO,ARCX:UCO,0.0,16.52,-0.0476,0.0,0.0,0.0,0.0,0.0,0.0,BALANCED,0.0
2017-05-03,UCO,ARCX:UCO,0.0,16.65,0.0079,0.0,0.0,0.0,0.0,0.0,0.0,BALANCED,0.0
2017-05-04,UCO,ARCX:UCO,0.0,15.08,-0.0947,0.0,0.0,0.0,0.0,0.0,0.0,BALANCED,0.0
2017-05-05,UCO,ARCX:UCO,0.0,15.54,0.0305,0.0,0.0,0.0,0.0,0.0,0.0,BALANCED,0.0
2017-05-08,UCO,ARCX:UCO,0.0,15.7,0.0103,0.0,0.0,0.0,0.0,0.0,0.0,BALANCED,0.0
2017-05-09,UCO,ARCX:UCO,0.0,15.31,-0.0244,0.0,0.0,0.0,0.0,0.0,0.0,BALANCED,0.0
2017-05-10,UCO,ARCX:UCO,0.0,16.26,0.0618,0.0,0.0,0.0,0.0,0.0,0.0,BALANCED,0.0
2017-05-11,UCO,ARCX:UCO,0.0,16.6,0.0209,0.0,0.0,0.0,0.0,0.0,0.0,BALANCED,0.0
2017-05-12,UCO,ARCX:UCO,0.0,16.58,-0.0013,0.0,0.0,0.0,0.0,0.0,0.0,BALANCED,0.0
2017-05-15,UCO,ARCX:UCO,0.0,17.26,0.0411,0.0,0.0,0.0,0.0,0.0,0.0,BALANCED,0.0
2017-05-16,UCO,ARCX:UCO,0.0,17.15,-0.0065,0.0,0.0,0.0,0.0,0.0,0.0,BALANCED,0.0
2017-05-17,UCO,ARCX:UCO,0.0,17.43,0.0167,0.0,0.0,0.0,0.0,0.0,0.0,BALANCED,0.0
2017-05-18,UCO,ARCX:UCO,0.0,17.61,0.0101,0.0,0.0,0.0,0.0,0.0,0.0,BALANCED,0.0
2017-05-19,UCO,ARCX:UCO,0.0,18.33,0.0407,0.0,0.0,0.0,0.0,0.0,0.0,BALANCED,0.0
2017-05-22,UCO,ARCX:UCO,0.0,18.66,0.0181,0.0,0.0,0.0,0.0,0.0,0.0,BALANCED,0.0
2017-05-23,UCO,ARCX:UCO,0.0,18.91,0.0133,0.0,0.0,0.0,0.0,0.0,0.0,BALANCED,0.0
2017-05-24,UCO,ARCX:UCO,0.0,18.82,-0.0043,0.0,0.0,0.0,0.0,0.0,0.0,BALANCED,0.0
2017-05-25,UCO,ARCX:UCO,0.0,17.02,-0.0958,0.0,0.0,0.0,0.0,0.0,0.0,BALANCED,0.0
2017-05-26,UCO,ARCX:UCO,0.0,17.65,0.0368,0.0,0.0,0.0,0.0,0.0,0.0,BALANCED,0.0
2017-05-30,UCO,ARCX:UCO,0.0,17.55,-0.0057,0.0,0.0,0.0,0.0,0.0,0.0,BALANCED,0.0
2017-05-31,UCO,ARCX:UCO,0.0,16.6,-0.054,0.0,0.0,0.0,0.0,0.0,0.0,BALANCED,0.0
2017-06-01,UCO,ARCX:UCO,0.0,16.63,0.0016,0.0,0.0,0.0,0.0,0.0,0.0,BALANCED,0.0
2017-06-02,UCO,ARCX:UCO,0.0,16.14,-0.029,0.0,0.0,0.0,0.0,0.0,0.0,BALANCED,0.0
2017-06-05,UCO,ARCX:UCO,0.0,15.97,-0.011,0.0,0.0,0.0,0.0,0.0,0.0,BALANCED,0.0
2017-06-06,UCO,ARCX:UCO,0.0,16.5,0.0333,0.0,0.0,0.0,0.0,0.0,0.0,BALANCED,0.0
2017-06-07,UCO,ARCX:UCO,0.0,14.81,-0.1025,0.0,0.0,0.0,0.0,0.0,0.0,BALANCED,0.0
2017-06-08,UCO,ARCX:UCO,0.0,14.75,-0.0036,0.0,0.0,0.0,0.0,0.0,0.0,BALANCED,0.0
2017-06-09,UCO,ARCX:UCO,0.0,14.88,0.0083,0.0,0.0,0.0,0.0,0.0,0.0,BALANCED,0.0
2017-06-12,UCO,ARCX:UCO,0.0,15.03,0.0105,0.0,0.0,0.0,0.0,0.0,0.0,BALANCED,0.0
2017-06-13,UCO,ARCX:UCO,0.0,15.25,0.0146,0.0,0.0,0.0,0.0,0.0,0.0,BALANCED,0.0
2017-06-14,UCO,ARCX:UCO,0.0,14.11,-0.0747,0.0,0.0,0.0,0.0,0.0,0.0,BALANCED,0.0
2017-06-15,UCO,ARCX:UCO,0.0,13.97,-0.0102,0.0,0.0,0.0,0.0,0.0,0.0,BALANCED,0.0
2017-06-16,UCO,ARCX:UCO,0.0,14.15,0.0129,0.0,0.0,0.0,0.0,0.0,0.0,BALANCED,0.0
2017-06-19,UCO,ARCX:UCO,0.0,13.83,-0.0226,0.0,0.0,0.0,0.0,0.0,0.0,BALANCED,0.0
2017-06-20,UCO,ARCX:UCO,0.0,13.26,-0.0412,0.0,0.0,0.0,0.0,0.0,0.0,BALANCED,0.0
2017-06-21,UCO,ARCX:UCO,0.0,12.64,-0.0466,0.0,0.0,0.0,0.0,0.0,0.0,BALANCED,0.0
2017-06-22,UCO,ARCX:UCO,0.0,12.77,0.0103,0.0,0.0,0.0,0.0,0.0,0.0,BALANCED,0.0
2017-06-23,UCO,ARCX:UCO,0.0,12.95,0.014,0.0,0.0,0.0,0.0,0.0,0.0,BALANCED,0.0
2017-06-26,UCO,ARCX:UCO,0.0,13.15,0.0157,0.0,0.0,0.0,0.0,0.0,0.0,BALANCED,0.0
2017-06-27,UCO,ARCX:UCO,0.0,13.68,0.0403,0.0,0.0,0.0,0.0,0.0,0.0,BALANCED,0.0
2017-06-28,UCO,ARCX:UCO,0.0,13.99,0.0225,0.0,0.0,0.0,0.0,0.0,0.0,BALANCED,0.0
2017-06-29,UCO,ARCX:UCO,0.0,14.12,0.0093,0.0,0.0,0.0,0.0,0.0,0.0,BALANCED,0.0
2017-06-30,UCO,ARCX:UCO,0.0,14.8,0.0482,0.0,0.0,0.0,0.0,0.0,0.0,BALANCED,0.0
2017-07-03,UCO,ARCX:UCO,0.0,15.44,0.0432,0.0,0.0,0.0,0.0,0.0,0.0,BALANCED,0.0
2017-07-05,UCO,ARCX:UCO,0.0,14.17,-0.0825,0.0,0.0,0.0,0.0,0.0,0.0,BALANCED,0.0
2017-07-06,UCO,ARCX:UCO,0.0,14.39,0.0159,0.0,0.0,0.0,0.0,0.0,0.0,BALANCED,0.0
2017-07-07,UCO,ARCX:UCO,0.0,13.57,-0.0573,0.0,0.0,0.0,0.0,0.0,0.0,BALANCED,0.0
2017-07-10,UCO,ARCX:UCO,0.0,13.7,0.0094,0.0,0.0,0.0,0.0,0.0,0.0,BALANCED,0.0
2017-07-11,UCO,ARCX:UCO,0.0,14.08,0.0282,0.0,0.0,0.0,0.0,0.0,0.0,BALANCED,0.0
2017-07-12,UCO,ARCX:UCO,0.0,14.35,0.019,0.0,0.0,0.0,0.0,0.0,0.0,BALANCED,0.0
2017-07-13,UCO,ARCX:UCO,0.0,14.72,0.0258,0.0,0.0,0.0,0.0,0.0,0.0,BALANCED,0.0
2017-07-14,UCO,ARCX:UCO,0.0,15.04,0.0216,0.0,0.0,0.0,0.0,0.0,0.0,BALANCED,0.0
2017-07-17,UCO,ARCX:UCO,0.0,14.7,-0.0223,0.0,0.0,0.0,0.0,0.0,0.0,BALANCED,0.0
2017-07-18,UCO,ARCX:UCO,0.0,14.93,0.0156,0.0,0.0,0.0,0.0,0.0,0.0,BALANCED,0.0
2017-07-19,UCO,ARCX:UCO,0.0,15.4,0.0313,0.0,0.0,0.0,0.0,0.0,0.0,BALANCED,0.0
2017-07-20,UCO,ARCX:UCO,0.0,15.14,-0.0169,0.0,0.0,0.0,0.0,0.0,0.0,BALANCED,0.0
2017-07-21,UCO,ARCX:UCO,0.0,14.4,-0.049,0.0,0.0,0.0,0.0,0.0,0.0,BALANCED,0.0
2017-07-24,UCO,ARCX:UCO,0.0,14.76,0.0249,0.0,0.0,0.0,0.0,0.0,0.0,BALANCED,0.0
2017-07-25,UCO,ARCX:UCO,0.0,15.74,0.0669,0.0,0.0,0.0,0.0,0.0,0.0,BALANCED,0.0
2017-07-26,UCO,ARCX:UCO,0.0,16.31,0.0359,0.0,0.0,0.0,0.0,0.0,0.0,BALANCED,0.0
2017-07-27,UCO,ARCX:UCO,0.0,16.5,0.0119,0.0,0.0,0.0,0.0,0.0,0.0,BALANCED,0.0
2017-07-28,UCO,ARCX:UCO,0.0,16.95,0.0273,0.0,0.0,0.0,0.0,0.0,0.0,BALANCED,0.0
2017-07-31,UCO,ARCX:UCO,0.0,17.27,0.0185,0.0,0.0,0.0,0.0,0.0,0.0,BALANCED,0.0
2017-08-01,UCO,ARCX:UCO,0.0,16.57,-0.0403,0.0,0.0,0.0,0.0,0.0,0.0,BALANCED,0.0
2017-08-02,UCO,ARCX:UCO,0.0,16.86,0.0175,0.0,0.0,0.0,0.0,0.0,0.0,BALANCED,0.0
2017-08-03,UCO,ARCX:UCO,0.0,16.48,-0.0226,0.0,0.0,0.0,0.0,0.0,0.0,BALANCED,0.0
2017-08-04,UCO,ARCX:UCO,0.0,16.85,0.0224,0.0,0.0,0.0,0.0,0.0,0.0,BALANCED,0.0
2017-08-07,UCO,ARCX:UCO,0.0,16.72,-0.0077,0.0,0.0,0.0,0.0,0.0,0.0,BALANCED,0.0
2017-08-08,UCO,ARCX:UCO,0.0,16.57,-0.009,0.0,0.0,0.0,0.0,0.0,0.0,BALANCED,0.0
2017-08-09,UCO,ARCX:UCO,0.0,16.82,0.0151,0.0,0.0,0.0,0.0,0.0,0.0,BALANCED,0.0
2017-08-10,UCO,ARCX:UCO,0.0,16.16,-0.0395,0.0,0.0,0.0,0.0,0.0,0.0,BALANCED,0.0
2017-08-11,UCO,ARCX:UCO,0.0,16.31,0.0094,0.0,0.0,0.0,0.0,0.0,0.0,BALANCED,0.0
2017-08-14,UCO,ARCX:UCO,0.0,15.49,-0.0501,0.0,0.0,0.0,0.0,0.0,0.0,BALANCED,0.0
2017-08-15,UCO,ARCX:UCO,0.0,15.46,-0.0017,0.0,0.0,0.0,0.0,0.0,0.0,BALANCED,0.0
2017-08-16,UCO,ARCX:UCO,0.0,14.99,-0.0309,0.0,0.0,0.0,0.0,0.0,0.0,BALANCED,0.0
2017-08-17,UCO,ARCX:UCO,0.0,15.18,0.0127,0.0,0.0,0.0,0.0,0.0,0.0,BALANCED,0.0
2017-08-18,UCO,ARCX:UCO,0.0,16.09,0.0599,0.0,0.0,0.0,0.0,0.0,0.0,BALANCED,0.0
2017-08-21,UCO,ARCX:UCO,0.0,15.33,-0.0467,0.0,0.0,0.0,0.0,0.0,0.0,BALANCED,0.0
2017-08-22,UCO,ARCX:UCO,0.0,15.55,0.0143,0.0,0.0,0.0,0.0,0.0,0.0,BALANCED,0.0
2017-08-23,UCO,ARCX:UCO,0.0,15.94,0.025,0.0,0.0,0.0,0.0,0.0,0.0,BALANCED,0.0
2017-08-24,UCO,ARCX:UCO,0.0,15.34,-0.0379,0.0,0.0,0.0,0.0,0.0,0.0,BALANCED,0.0
2017-08-25,UCO,ARCX:UCO,0.0,15.61,0.0176,0.0,0.0,0.0,0.0,0.0,0.0,BALANCED,0.0
2017-08-28,UCO,ARCX:UCO,0.0,14.86,-0.0482,0.0,0.0,0.0,0.0,0.0,0.0,BALANCED,0.0
2017-08-29,UCO,ARCX:UCO,0.0,14.88,0.0017,0.0,0.0,0.0,0.0,0.0,0.0,BALANCED,0.0
2017-08-30,UCO,ARCX:UCO,0.0,14.57,-0.0209,0.0,0.0,0.0,0.0,0.0,0.0,BALANCED,0.0
2017-08-31,UCO,ARCX:UCO,0.0,15.48,0.0624,0.0,0.0,0.0,0.0,0.0,0.0,BALANCED,0.0
2017-09-01,UCO,ARCX:UCO,0.0,15.5,0.0012,0.0,0.0,0.0,0.0,0.0,0.0,BALANCED,0.0
2017-09-05,UCO,ARCX:UCO,0.0,16.24,0.0479,0.0,0.0,0.0,0.0,0.0,0.0,BALANCED,0.0
2017-09-06,UCO,ARCX:UCO,0.0,16.56,0.0195,0.0,0.0,0.0,0.0,0.0,0.0,BALANCED,0.0
2017-09-07,UCO,ARCX:UCO,0.0,16.5,-0.0036,0.0,0.0,0.0,0.0,0.0,0.0,BALANCED,0.0
2017-09-08,UCO,ARCX:UCO,0.0,15.52,-0.0594,0.0,0.0,0.0,0.0,0.0,0.0,BALANCED,0.0
2017-09-11,UCO,ARCX:UCO,0.0,15.88,0.0233,0.0,0.0,0.0,0.0,0.0,0.0,BALANCED,0.0
2017-09-12,UCO,ARCX:UCO,0.0,15.96,0.0053,0.0,0.0,0.0,0.0,0.0,0.0,BALANCED,0.0
2017-09-13,UCO,ARCX:UCO,0.0,16.62,0.041,0.0,0.0,0.0,0.0,0.0,0.0,BALANCED,0.0
2017-09-14,UCO,ARCX:UCO,0.0,17.02,0.0241,0.0,0.0,0.0,0.0,0.0,0.0,BALANCED,0.0
2017-09-15,UCO,ARCX:UCO,0.0,17.08,0.0036,0.0,0.0,0.0,0.0,0.0,0.0,BALANCED,0.0
2017-09-18,UCO,ARCX:UCO,0.0,17.02,-0.0036,0.0,0.0,0.0,0.0,0.0,0.0,BALANCED,0.0
2017-09-19,UCO,ARCX:UCO,0.0,16.71,-0.0179,0.0,0.0,0.0,0.0,0.0,0.0,BALANCED,0.0
2017-09-20,UCO,ARCX:UCO,0.0,17.24,0.0317,0.0,0.0,0.0,0.0,0.0,0.0,BALANCED,0.0
2017-09-21,UCO,ARCX:UCO,0.0,17.15,-0.0055,0.0,0.0,0.0,0.0,0.0,0.0,BALANCED,0.0
2017-09-22,UCO,ARCX:UCO,0.0,17.22,0.0044,0.0,0.0,0.0,0.0,0.0,0.0,BALANCED,0.0
2017-09-25,UCO,ARCX:UCO,0.0,18.28,0.0616,0.0,0.0,0.0,0.0,0.0,0.0,BALANCED,0.0
2017-09-26,UCO,ARCX:UCO,0.0,18.05,-0.013,0.0,0.0,0.0,0.0,0.0,0.0,BALANCED,0.0
2017-09-27,UCO,ARCX:UCO,0.0,18.23,0.01,0.0,0.0,0.0,0.0,0.0,0.0,BALANCED,0.0
2017-09-28,UCO,ARCX:UCO,0.0,17.82,-0.0222,0.0,0.0,0.0,0.0,0.0,0.0,BALANCED,0.0
2017-09-29,UCO,ARCX:UCO,0.0,17.9,0.0043,0.0,0.0,0.0,0.0,0.0,0.0,BALANCED,0.0
2017-10-02,UCO,ARCX:UCO,0.0,17.14,-0.0422,0.0,0.0,0.0,0.0,0.0,0.0,BALANCED,0.0
2017-10-03,UCO,ARCX:UCO,0.0,17.03,-0.0063,0.0,0.0,0.0,0.0,0.0,0.0,BALANCED,0.0
2017-10-04,UCO,ARCX:UCO,0.0,16.74,-0.0174,0.0,0.0,0.0,0.0,0.0,0.0,BALANCED,0.0
2017-10-05,UCO,ARCX:UCO,0.0,17.28,0.0324,0.0,0.0,0.0,0.0,0.0,0.0,BALANCED,0.0
2017-10-06,UCO,ARCX:UCO,0.0,16.26,-0.0591,0.0,0.0,0.0,0.0,0.0,0.0,BALANCED,0.0
2017-10-09,UCO,ARCX:UCO,0.0,16.44,0.0115,0.0,0.0,0.0,0.0,0.0,0.0,BALANCED,0.0
2017-10-10,UCO,ARCX:UCO,0.0,17.3,0.0523,0.0,0.0,0.0,0.0,0.0,0.0,BALANCED,0.0
2017-10-11,UCO,ARCX:UCO,0.0,17.56,0.0146,0.0,0.0,0.0,0.0,0.0,0.0,BALANCED,0.0
2017-10-12,UCO,ARCX:UCO,0.0,17.11,-0.0256,0.0,0.0,0.0,0.0,0.0,0.0,BALANCED,0.0
2017-10-13,UCO,ARCX:UCO,0.0,17.64,0.0309,0.0,0.0,0.0,0.0,0.0,0.0,BALANCED,0.0
2017-10-16,UCO,ARCX:UCO,0.0,17.91,0.0154,0.0,0.0,0.0,0.0,0.0,0.0,BALANCED,0.0
2017-10-17,UCO,ARCX:UCO,0.0,17.87,-0.0023,0.0,0.0,0.0,0.0,0.0,0.0,BALANCED,0.0
2017-10-18,UCO,ARCX:UCO,0.0,17.98,0.0065,0.0,0.0,0.0,0.0,0.0,0.0,BALANCED,0.0
2017-10-19,UCO,ARCX:UCO,0.0,17.49,-0.0275,0.0,0.0,0.0,0.0,0.0,0.0,BALANCED,0.0
2017-10-20,UCO,ARCX:UCO,0.0,17.7,0.012,0.0,0.0,0.0,0.0,0.0,0.0,BALANCED,0.0
2017-10-23,UCO,ARCX:UCO,0.0,17.72,0.0015,0.0,0.0,0.0,0.0,0.0,0.0,BALANCED,0.0
2017-10-24,UCO,ARCX:UCO,0.0,18.13,0.0227,0.0,0.0,0.0,0.0,0.0,0.0,BALANCED,0.0
2017-10-25,UCO,ARCX:UCO,0.0,17.96,-0.0091,0.0,0.0,0.0,0.0,0.0,0.0,BALANCED,0.0
2017-10-26,UCO,ARCX:UCO,0.0,18.26,0.0164,0.0,0.0,0.0,0.0,0.0,0.0,BALANCED,0.0
2017-10-27,UCO,ARCX:UCO,0.0,19.1,0.0465,0.0,0.0,0.0,0.0,0.0,0.0,BALANCED,0.0
2017-10-30,UCO,ARCX:UCO,0.0,19.3,0.0103,0.0,0.0,0.0,0.0,0.0,0.0,BALANCED,0.0
2017-10-31,UCO,ARCX:UCO,0.0,19.46,0.0081,0.0,0.0,0.0,0.0,0.0,0.0,BALANCED,0.0
2017-11-01,UCO,ARCX:UCO,0.0,19.4,-0.0029,0.0,0.0,0.0,0.0,0.0,0.0,BALANCED,0.0
2017-11-02,UCO,ARCX:UCO,0.0,19.59,0.0095,0.0,0.0,0.0,0.0,0.0,0.0,BALANCED,0.0
2017-11-03,UCO,ARCX:UCO,0.0,20.37,0.0398,0.0,0.0,0.0,0.0,0.0,0.0,BALANCED,0.0
2017-11-06,UCO,ARCX:UCO,0.0,21.61,0.0612,0.0,0.0,0.0,0.0,0.0,0.0,BALANCED,0.0
2017-11-07,UCO,ARCX:UCO,0.0,21.51,-0.0049,0.0,0.0,0.0,0.0,0.0,0.0,BALANCED,0.0
2017-11-08,UCO,ARCX:UCO,0.0,21.22,-0.0132,0.0,0.0,0.0,0.0,0.0,0.0,BALANCED,0.0
2017-11-09,UCO,ARCX:UCO,0.0,21.47,0.0119,0.0,0.0,0.0,0.0,0.0,0.0,BALANCED,0.0
2017-11-10,UCO,ARCX:UCO,0.0,21.17,-0.0143,0.0,0.0,0.0,0.0,0.0,0.0,BALANCED,0.0
2017-11-13,UCO,ARCX:UCO,0.0,21.16,-0.0004,0.0,0.0,0.0,0.0,0.0,0.0,BALANCED,0.0
2017-11-14,UCO,ARCX:UCO,0.0,20.36,-0.0379,0.0,0.0,0.0,0.0,0.0,0.0,BALANCED,0.0
2017-11-15,UCO,ARCX:UCO,0.0,20.09,-0.0132,0.0,0.0,0.0,0.0,0.0,0.0,BALANCED,0.0
2017-11-16,UCO,ARCX:UCO,0.0,19.96,-0.0061,0.0,0.0,0.0,0.0,0.0,0.0,BALANCED,0.0
2017-11-17,UCO,ARCX:UCO,0.0,20.95,0.0491,0.0,0.0,0.0,0.0,0.0,0.0,BALANCED,0.0
2017-11-20,UCO,ARCX:UCO,0.0,20.73,-0.0102,0.0,0.0,0.0,0.0,0.0,0.0,BALANCED,0.0
2017-11-21,UCO,ARCX:UCO,0.0,21.03,0.0145,0.0,0.0,0.0,0.0,0.0,0.0,BALANCED,0.0
2017-11-22,UCO,ARCX:UCO,0.0,21.91,0.0419,0.0,0.0,0.0,0.0,0.0,0.0,BALANCED,0.0
2017-11-24,UCO,ARCX:UCO,0.0,22.62,0.032,0.0,0.0,0.0,0.0,0.0,0.0,BALANCED,0.0
2017-11-27,UCO,ARCX:UCO,0.0,21.97,-0.0285,0.0,0.0,0.0,0.0,0.0,0.0,BALANCED,0.0
2017-11-28,UCO,ARCX:UCO,0.0,21.88,-0.0041,0.0,0.0,0.0,0.0,0.0,0.0,BALANCED,0.0
2017-11-29,UCO,ARCX:UCO,0.0,21.36,-0.0238,0.0,0.0,0.0,0.0,0.0,0.0,BALANCED,0.0
2017-11-30,UCO,ARCX:UCO,0.0,21.43,0.0035,0.0,0.0,0.0,0.0,0.0,0.0,BALANCED,0.0
2017-12-01,UCO,ARCX:UCO,0.0,22.15,0.0334,0.0,0.0,0.0,0.0,0.0,0.0,BALANCED,0.0
2017-12-04,UCO,ARCX:UCO,0.0,21.47,-0.0305,0.0,0.0,0.0,0.0,0.0,0.0,BALANCED,0.0
2017-12-05,UCO,ARCX:UCO,0.0,21.59,0.0052,0.0,0.0,0.0,0.0,0.0,0.0,BALANCED,0.0
2017-12-06,UCO,ARCX:UCO,0.0,20.34,-0.0576,0.0,0.0,0.0,0.0,0.0,0.0,BALANCED,0.0
2017-12-07,UCO,ARCX:UCO,0.0,20.87,0.0261,0.0,0.0,0.0,0.0,0.0,0.0,BALANCED,0.0
2017-12-08,UCO,ARCX:UCO,0.0,21.37,0.0238,0.0,0.0,0.0,0.0,0.0,0.0,BALANCED,0.0
2017-12-11,UCO,ARCX:UCO,0.0,21.82,0.0212,0.0,0.0,0.0,0.0,0.0,0.0,BALANCED,0.0
2017-12-12,UCO,ARCX:UCO,0.0,21.16,-0.0306,0.0,0.0,0.0,0.0,0.0,0.0,BALANCED,0.0
2017-12-13,UCO,ARCX:UCO,0.0,20.7,-0.0214,0.0,0.0,0.0,0.0,0.0,0.0,BALANCED,0.0
2017-12-14,UCO,ARCX:UCO,0.0,21.08,0.018,0.0,0.0,0.0,0.0,0.0,0.0,BALANCED,0.0
2017-12-15,UCO,ARCX:UCO,0.0,21.25,0.0081,0.0,0.0,0.0,0.0,0.0,0.0,BALANCED,0.0
2017-12-18,UCO,ARCX:UCO,0.0,21.24,-0.0004,0.0,0.0,0.0,0.0,0.0,0.0,BALANCED,0.0
2017-12-19,UCO,ARCX:UCO,0.0,21.5,0.0122,0.0,0.0,0.0,0.0,0.0,0.0,BALANCED,0.0
2017-12-20,UCO,ARCX:UCO,0.0,21.91,0.0191,0.0,0.0,0.0,0.0,0.0,0.0,BALANCED,0.0
2017-12-21,UCO,ARCX:UCO,0.0,22.11,0.0093,0.0,0.0,0.0,0.0,0.0,0.0,BALANCED,0.0
2017-12-22,UCO,ARCX:UCO,0.0,22.22,0.0048,0.0,0.0,0.0,0.0,0.0,0.0,BALANCED,0.0
2017-12-26,UCO,ARCX:UCO,0.0,23.33,0.0499,0.0,0.0,0.0,0.0,0.0,0.0,BALANCED,0.0
2017-12-27,UCO,ARCX:UCO,0.0,23.08,-0.0103,0.0,0.0,0.0,0.0,0.0,0.0,BALANCED,0.0
2017-12-28,UCO,ARCX:UCO,0.0,23.22,0.006,0.0,0.0,0.0,0.0,0.0,0.0,BALANCED,0.0
2017-12-29,UCO,ARCX:UCO,0.0,23.67,0.019,0.0,0.0,0.0,0.0,0.0,0.0,BALANCED,0.0
2018-01-02,UCO,ARCX:UCO,0.0,23.62,-0.002,0.0,0.0,0.0,0.0,0.0,0.0,BALANCED,0.0
2018-01-03,UCO,ARCX:UCO,0.0,24.53,0.0388,0.0,0.0,0.0,0.0,0.0,0.0,BALANCED,0.0
2018-01-04,UCO,ARCX:UCO,0.0,24.81,0.0114,0.0,0.0,0.0,0.0,0.0,0.0,BALANCED,0.0
2018-01-05,UCO,ARCX:UCO,0.0,24.42,-0.0158,0.0,0.0,0.0,0.0,0.0,0.0,BALANCED,0.0
2018-01-08,UCO,ARCX:UCO,0.0,24.67,0.0101,0.0,0.0,0.0,0.0,0.0,0.0,BALANCED,0.0
2018-01-09,UCO,ARCX:UCO,0.0,25.58,0.0373,0.0,0.0,0.0,0.0,0.0,0.0,BALANCED,0.0
2018-01-10,UCO,ARCX:UCO,0.0,26.03,0.0175,0.0,0.0,0.0,0.0,0.0,0.0,BALANCED,0.0
2018-01-11,UCO,ARCX:UCO,0.0,26.25,0.0082,0.0,0.0,0.0,0.0,0.0,0.0,BALANCED,0.0
2018-01-12,UCO,ARCX:UCO,0.0,26.7,0.0173,0.0,0.0,0.0,0.0,0.0,0.0,BALANCED,0.0
2018-01-16,UCO,ARCX:UCO,0.0,26.23,-0.0174,0.0,0.0,0.0,0.0,0.0,0.0,BALANCED,0.0
2018-01-17,UCO,ARCX:UCO,0.0,26.44,0.0078,0.0,0.0,0.0,0.0,0.0,0.0,BALANCED,0.0
2018-01-18,UCO,ARCX:UCO,0.0,26.41,-0.0009,0.0,0.0,0.0,0.0,0.0,0.0,BALANCED,0.0
2018-01-19,UCO,ARCX:UCO,0.0,25.93,-0.0182,0.0,0.0,0.0,0.0,0.0,0.0,BALANCED,0.0
2018-01-22,UCO,ARCX:UCO,0.0,26.15,0.0082,0.0,0.0,0.0,0.0,0.0,0.0,BALANCED,0.0
2018-01-23,UCO,ARCX:UCO,0.0,26.89,0.0283,0.0,0.0,0.0,0.0,0.0,0.0,BALANCED,0.0
2018-01-24,UCO,ARCX:UCO,0.0,27.84,0.0354,0.0,0.0,0.0,0.0,0.0,0.0,BALANCED,0.0
2018-01-25,UCO,ARCX:UCO,0.0,27.75,-0.0031,0.0,0.0,0.0,0.0,0.0,0.0,BALANCED,0.0
2018-01-26,UCO,ARCX:UCO,0.0,28.29,0.0192,0.0,0.0,0.0,0.0,0.0,0.0,BALANCED,0.0
2018-01-29,UCO,ARCX:UCO,0.0,27.79,-0.0176,0.0,0.0,0.0,0.0,0.0,0.0,BALANCED,0.0
2018-01-30,UCO,ARCX:UCO,0.0,26.89,-0.0323,0.0,0.0,0.0,0.0,0.0,0.0,BALANCED,0.0
2018-01-31,UCO,ARCX:UCO,0.0,27.08,0.0071,0.0,0.0,0.0,0.0,0.0,0.0,BALANCED,0.0
2018-02-01,UCO,ARCX:UCO,0.0,27.98,0.0331,0.0,0.0,0.0,0.0,0.0,0.0,BALANCED,0.0
2018-02-02,UCO,ARCX:UCO,0.0,27.68,-0.0106,0.0,0.0,0.0,0.0,0.0,0.0,BALANCED,0.0
2018-02-05,UCO,ARCX:UCO,0.0,26.58,-0.0397,0.0,0.0,0.0,0.0,0.0,0.0,BALANCED,0.0
2018-02-06,UCO,ARCX:UCO,0.0,25.95,-0.0237,0.0,0.0,0.0,0.0,0.0,0.0,BALANCED,0.0
2018-02-07,UCO,ARCX:UCO,0.0,24.64,-0.0505,0.0,0.0,0.0,0.0,0.0,0.0,BALANCED,0.0
2018-02-08,UCO,ARCX:UCO,0.0,24.14,-0.0203,0.0,0.0,0.0,0.0,0.0,0.0,BALANCED,0.0
2018-02-09,UCO,ARCX:UCO,0.0,22.6,-0.064,0.0,0.0,0.0,0.0,0.0,0.0,BALANCED,0.0
2018-02-12,UCO,ARCX:UCO,0.0,22.65,0.0024,0.0,0.0,0.0,0.0,0.0,0.0,BALANCED,0.0
2018-02-13,UCO,ARCX:UCO,0.0,22.65,-0.0001,0.0,0.0,0.0,0.0,0.0,0.0,BALANCED,0.0
2018-02-14,UCO,ARCX:UCO,0.0,23.82,0.0517,0.0,0.0,0.0,0.0,0.0,0.0,BALANCED,0.0
2018-02-15,UCO,ARCX:UCO,0.0,24.22,0.0169,0.0,0.0,0.0,0.0,0.0,0.0,BALANCED,0.0
2018-02-16,UCO,ARCX:UCO,0.0,24.56,0.0138,0.0,0.0,0.0,0.0,0.0,0.0,BALANCED,0.0
2018-02-20,UCO,ARCX:UCO,0.0,24.85,0.0118,0.0,0.0,0.0,0.0,0.0,0.0,BALANCED,0.0
2018-02-21,UCO,ARCX:UCO,0.0,24.81,-0.0013,0.0,0.0,0.0,0.0,0.0,0.0,BALANCED,0.0
2018-02-22,UCO,ARCX:UCO,0.0,25.69,0.0351,0.0,0.0,0.0,0.0,0.0,0.0,BALANCED,0.0
2018-02-23,UCO,ARCX:UCO,0.0,26.35,0.0259,0.0,0.0,0.0,0.0,0.0,0.0,BALANCED,0.0
2018-02-26,UCO,ARCX:UCO,0.0,26.65,0.0114,0.0,0.0,0.0,0.0,0.0,0.0,BALANCED,0.0
2018-02-27,UCO,ARCX:UCO,0.0,25.92,-0.0273,0.0,0.0,0.0,0.0,0.0,0.0,BALANCED,0.0
2018-02-28,UCO,ARCX:UCO,0.0,24.74,-0.0455,0.0,0.0,0.0,0.0,0.0,0.0,BALANCED,0.0
2018-03-01,UCO,ARCX:UCO,0.0,24.2,-0.0218,0.0,0.0,0.0,0.0,0.0,0.0,BALANCED,0.0
2018-03-02,UCO,ARCX:UCO,0.0,24.43,0.0095,0.0,0.0,0.0,0.0,0.0,0.0,BALANCED,0.0
2018-03-05,UCO,ARCX:UCO,0.0,25.48,0.0426,0.0,0.0,0.0,0.0,0.0,0.0,BALANCED,0.0
2018-03-06,UCO,ARCX:UCO,0.0,25.52,0.0019,0.0,0.0,0.0,0.0,0.0,0.0,BALANCED,0.0
2018-03-07,UCO,ARCX:UCO,0.0,24.36,-0.0458,0.0,0.0,0.0,0.0,0.0,0.0,BALANCED,0.0
2018-03-08,UCO,ARCX:UCO,0.0,23.59,-0.0315,0.0,0.0,0.0,0.0,0.0,0.0,BALANCED,0.0
2018-03-09,UCO,ARCX:UCO,0.0,25.05,0.0619,0.0,0.0,0.0,0.0,0.0,0.0,BALANCED,0.0
2018-03-12,UCO,ARCX:UCO,0.0,24.57,-0.0191,0.0,0.0,0.0,0.0,0.0,0.0,BALANCED,0.0
2018-03-13,UCO,ARCX:UCO,0.0,24.11,-0.0189,0.0,0.0,0.0,0.0,0.0,0.0,BALANCED,0.0
2018-03-14,UCO,ARCX:UCO,0.0,24.32,0.0089,0.0,0.0,0.0,0.0,0.0,0.0,BALANCED,0.0
2018-03-15,UCO,ARCX:UCO,0.0,24.51,0.0075,0.0,0.0,0.0,0.0,0.0,0.0,BALANCED,0.0
2018-03-16,UCO,ARCX:UCO,0.0,25.43,0.0379,0.0,0.0,0.0,0.0,0.0,0.0,BALANCED,0.0
2018-03-19,UCO,ARCX:UCO,0.0,25.21,-0.009,0.0,0.0,0.0,0.0,0.0,0.0,BALANCED,0.0
2018-03-20,UCO,ARCX:UCO,0.0,26.35,0.0454,0.0,0.0,0.0,0.0,0.0,0.0,BALANCED,0.0
2018-03-21,UCO,ARCX:UCO,0.0,27.7,0.0513,0.0,0.0,0.0,0.0,0.0,0.0,BALANCED,0.0
2018-03-22,UCO,ARCX:UCO,0.0,26.96,-0.0267,0.0,0.0,0.0,0.0,0.0,0.0,BALANCED,0.0
2018-03-23,UCO,ARCX:UCO,0.0,28.29,0.0492,0.0,0.0,0.0,0.0,0.0,0.0,BALANCED,0.0
2018-03-26,UCO,ARCX:UCO,0.0,28.0,-0.01,0.0,0.0,0.0,0.0,0.0,0.0,BALANCED,0.0
2018-03-27,UCO,ARCX:UCO,0.0,27.75,-0.0092,0.0,0.0,0.0,0.0,0.0,0.0,BALANCED,0.0
2018-03-28,UCO,ARCX:UCO,0.0,27.01,-0.0267,0.0,0.0,0.0,0.0,0.0,0.0,BALANCED,0.0
2018-03-29,UCO,ARCX:UCO,0.0,27.48,0.0174,0.0,0.0,0.0,0.0,0.0,0.0,BALANCED,0.0
2018-04-02,UCO,ARCX:UCO,0.0,25.84,-0.0595,0.0,0.0,0.0,0.0,0.0,0.0,BALANCED,0.0
2018-04-03,UCO,ARCX:UCO,0.0,26.26,0.0159,0.0,0.0,0.0,0.0,0.0,0.0,BALANCED,0.0
2018-04-04,UCO,ARCX:UCO,0.0,26.14,-0.0044,0.0,0.0,0.0,0.0,0.0,0.0,BALANCED,0.0
2018-04-05,UCO,ARCX:UCO,0.0,26.28,0.0054,0.0,0.0,0.0,0.0,0.0,0.0,BALANCED,0.0
2018-04-06,UCO,ARCX:UCO,0.0,25.06,-0.0466,0.0,0.0,0.0,0.0,0.0,0.0,BALANCED,0.0
2018-04-09,UCO,ARCX:UCO,0.0,26.15,0.0435,0.0,0.0,0.0,0.0,0.0,0.0,BALANCED,0.0
2018-04-10,UCO,ARCX:UCO,0.0,27.81,0.0636,0.0,0.0,0.0,0.0,0.0,0.0,BALANCED,0.0
2018-04-11,UCO,ARCX:UCO,0.0,28.9,0.0394,0.0,0.0,0.0,0.0,0.0,0.0,BALANCED,0.0
2018-04-12,UCO,ARCX:UCO,0.0,29.04,0.0049,0.0,0.0,0.0,0.0,0.0,0.0,BALANCED,0.0
2018-04-13,UCO,ARCX:UCO,0.0,29.41,0.0126,0.0,0.0,0.0,0.0,0.0,0.0,BALANCED,0.0
2018-04-16,UCO,ARCX:UCO,0.0,28.48,-0.0316,0.0,0.0,0.0,0.0,0.0,0.0,BALANCED,0.0
2018-04-17,UCO,ARCX:UCO,0.0,28.74,0.0091,0.0,0.0,0.0,0.0,0.0,0.0,BALANCED,0.0
2018-04-18,UCO,ARCX:UCO,0.0,30.4,0.0577,0.0,0.0,0.0,0.0,0.0,0.0,BALANCED,0.0
2018-04-19,UCO,ARCX:UCO,0.0,30.33,-0.002,0.0,0.0,0.0,0.0,0.0,0.0,BALANCED,0.0
2018-04-20,UCO,ARCX:UCO,0.0,30.42,0.0029,0.0,0.0,0.0,0.0,0.0,0.0,BALANCED,0.0
2018-04-23,UCO,ARCX:UCO,0.0,30.68,0.0085,0.0,0.0,0.0,0.0,0.0,0.0,BALANCED,0.0
2018-04-24,UCO,ARCX:UCO,0.0,29.88,-0.0263,0.0,0.0,0.0,0.0,0.0,0.0,BALANCED,0.0
2018-04-25,UCO,ARCX:UCO,0.0,30.19,0.0104,0.0,0.0,0.0,0.0,0.0,0.0,BALANCED,0.0
2018-04-26,UCO,ARCX:UCO,0.0,30.33,0.0047,0.0,0.0,0.0,0.0,0.0,0.0,BALANCED,0.0
2018-04-27,UCO,ARCX:UCO,0.0,30.24,-0.0029,0.0,0.0,0.0,0.0,0.0,0.0,BALANCED,0.0
2018-04-30,UCO,ARCX:UCO,0.0,30.68,0.0147,0.0,0.0,0.0,0.0,0.0,0.0,BALANCED,0.0
2018-05-01,UCO,ARCX:UCO,0.0,29.47,-0.0394,0.0,0.0,0.0,0.0,0.0,0.0,BALANCED,0.0
2018-05-02,UCO,ARCX:UCO,0.0,30.04,0.0191,0.0,0.0,0.0,0.0,0.0,0.0,BALANCED,0.0
2018-05-03,UCO,ARCX:UCO,0.0,30.47,0.0145,0.0,0.0,0.0,0.0,0.0,0.0,BALANCED,0.0
2018-05-04,UCO,ARCX:UCO,0.0,31.65,0.0387,0.0,0.0,0.0,0.0,0.0,0.0,BALANCED,0.0
2018-05-07,UCO,ARCX:UCO,0.0,32.6,0.0299,0.0,0.0,0.0,0.0,0.0,0.0,BALANCED,0.0
2018-05-08,UCO,ARCX:UCO,0.0,31.07,-0.0467,0.0,0.0,0.0,0.0,0.0,0.0,BALANCED,0.0
2018-05-09,UCO,ARCX:UCO,0.0,32.95,0.0603,0.0,0.0,0.0,0.0,0.0,0.0,BALANCED,0.0
2018-05-10,UCO,ARCX:UCO,0.0,33.19,0.0073,0.0,0.0,0.0,0.0,0.0,0.0,BALANCED,0.0
2018-05-11,UCO,ARCX:UCO,0.0,32.6,-0.0177,0.0,0.0,0.0,0.0,0.0,0.0,BALANCED,0.0
2018-05-14,UCO,ARCX:UCO,0.0,32.89,0.0088,0.0,0.0,0.0,0.0,0.0,0.0,BALANCED,0.0
2018-05-15,UCO,ARCX:UCO,0.0,33.24,0.0107,0.0,0.0,0.0,0.0,0.0,0.0,BALANCED,0.0
2018-05-16,UCO,ARCX:UCO,0.0,33.42,0.0053,0.0,0.0,0.0,0.0,0.0,0.0,BALANCED,0.0
2018-05-17,UCO,ARCX:UCO,0.0,33.43,0.0003,0.0,0.0,0.0,0.0,0.0,0.0,BALANCED,0.0
2018-05-18,UCO,ARCX:UCO,0.0,33.24,-0.0056,0.0,0.0,0.0,0.0,0.0,0.0,BALANCED,0.0
2018-05-21,UCO,ARCX:UCO,0.0,34.15,0.0275,0.0,0.0,0.0,0.0,0.0,0.0,BALANCED,0.0
2018-05-22,UCO,ARCX:UCO,0.0,34.01,-0.0041,0.0,0.0,0.0,0.0,0.0,0.0,BALANCED,0.0
2018-05-23,UCO,ARCX:UCO,0.0,33.67,-0.01,0.0,0.0,0.0,0.0,0.0,0.0,BALANCED,0.0
2018-05-24,UCO,ARCX:UCO,0.0,32.61,-0.0315,0.0,0.0,0.0,0.0,0.0,0.0,BALANCED,0.0
2018-05-25,UCO,ARCX:UCO,0.0,30.0,-0.08,0.0,0.0,0.0,0.0,0.0,0.0,BALANCED,0.0
2018-05-29,UCO,ARCX:UCO,0.0,28.99,-0.0338,0.0,0.0,0.0,0.0,0.0,0.0,BALANCED,0.0
2018-05-30,UCO,ARCX:UCO,0.0,30.27,0.0444,0.0,0.0,0.0,0.0,0.0,0.0,BALANCED,0.0
2018-05-31,UCO,ARCX:UCO,0.0,29.24,-0.0343,0.0,0.0,0.0,0.0,0.0,0.0,BALANCED,0.0
2018-06-01,UCO,ARCX:UCO,0.0,28.16,-0.0367,0.0,0.0,0.0,0.0,0.0,0.0,BALANCED,0.0
2018-06-04,UCO,ARCX:UCO,0.0,27.26,-0.0322,0.0,0.0,0.0,0.0,0.0,0.0,BALANCED,0.0
2018-06-05,UCO,ARCX:UCO,0.0,27.91,0.0238,0.0,0.0,0.0,0.0,0.0,0.0,BALANCED,0.0
2018-06-06,UCO,ARCX:UCO,0.0,27.23,-0.0241,0.0,0.0,0.0,0.0,0.0,0.0,BALANCED,0.0
2018-06-07,UCO,ARCX:UCO,0.0,28.26,0.0377,0.0,0.0,0.0,0.0,0.0,0.0,BALANCED,0.0
2018-06-08,UCO,ARCX:UCO,0.0,28.08,-0.0065,0.0,0.0,0.0,0.0,0.0,0.0,BALANCED,0.0
2018-06-11,UCO,ARCX:UCO,0.0,28.38,0.0107,0.0,0.0,0.0,0.0,0.0,0.0,BALANCED,0.0
2018-06-12,UCO,ARCX:UCO,0.0,28.59,0.0075,0.0,0.0,0.0,0.0,0.0,0.0,BALANCED,0.0
2018-06-13,UCO,ARCX:UCO,0.0,28.81,0.0075,0.0,0.0,0.0,0.0,0.0,0.0,BALANCED,0.0
2018-06-14,UCO,ARCX:UCO,0.0,28.85,0.0015,0.0,0.0,0.0,0.0,0.0,0.0,BALANCED,0.0
2018-06-15,UCO,ARCX:UCO,0.0,27.22,-0.0564,0.0,0.0,0.0,0.0,0.0,0.0,BALANCED,0.0
2018-06-18,UCO,ARCX:UCO,0.0,27.97,0.0274,0.0,0.0,0.0,0.0,0.0,0.0,BALANCED,0.0
2018-06-19,UCO,ARCX:UCO,0.0,27.35,-0.022,0.0,0.0,0.0,0.0,0.0,0.0,BALANCED,0.0
2018-06-20,UCO,ARCX:UCO,0.0,27.93,0.0211,0.0,0.0,0.0,0.0,0.0,0.0,BALANCED,0.0
2018-06-21,UCO,ARCX:UCO,0.0,27.6,-0.0116,0.0,0.0,0.0,0.0,0.0,0.0,BALANCED,0.0
2018-06-22,UCO,ARCX:UCO,0.0,29.96,0.0854,0.0,0.0,0.0,0.0,0.0,0.0,BALANCED,0.0
2018-06-25,UCO,ARCX:UCO,0.0,29.44,-0.0174,0.0,0.0,0.0,0.0,0.0,0.0,BALANCED,0.0
2018-06-26,UCO,ARCX:UCO,0.0,31.41,0.0668,0.0,0.0,0.0,0.0,0.0,0.0,BALANCED,0.0
2018-06-27,UCO,ARCX:UCO,0.0,33.2,0.0572,0.0,0.0,0.0,0.0,0.0,0.0,BALANCED,0.0
2018-06-28,UCO,ARCX:UCO,0.0,33.72,0.0154,0.0,0.0,0.0,0.0,0.0,0.0,BALANCED,0.0
2018-06-29,UCO,ARCX:UCO,0.0,34.33,0.0181,0.0,0.0,0.0,0.0,0.0,0.0,BALANCED,0.0
2018-07-02,UCO,ARCX:UCO,0.0,33.53,-0.0232,0.0,0.0,0.0,0.0,0.0,0.0,BALANCED,0.0
2018-07-03,UCO,ARCX:UCO,0.0,33.51,-0.0008,0.0,0.0,0.0,0.0,0.0,0.0,BALANCED,0.0
2018-07-05,UCO,ARCX:UCO,0.0,32.61,-0.0268,0.0,0.0,0.0,0.0,0.0,0.0,BALANCED,0.0
2018-07-06,UCO,ARCX:UCO,0.0,33.48,0.0266,0.0,0.0,0.0,0.0,0.0,0.0,BALANCED,0.0
2018-07-09,UCO,ARCX:UCO,0.0,33.86,0.0115,0.0,0.0,0.0,0.0,0.0,0.0,BALANCED,0.0
2018-07-10,UCO,ARCX:UCO,0.0,34.41,0.0161,0.0,0.0,0.0,0.0,0.0,0.0,BALANCED,0.0
2018-07-11,UCO,ARCX:UCO,0.0,30.9,-0.102,0.0,0.0,0.0,0.0,0.0,0.0,BALANCED,0.0
2018-07-12,UCO,ARCX:UCO,0.0,31.34,0.0142,0.0,0.0,0.0,0.0,0.0,0.0,BALANCED,0.0
2018-07-13,UCO,ARCX:UCO,0.0,31.88,0.0173,0.0,0.0,0.0,0.0,0.0,0.0,BALANCED,0.0
2018-07-16,UCO,ARCX:UCO,0.0,29.26,-0.0823,0.0,0.0,0.0,0.0,0.0,0.0,BALANCED,0.0
2018-07-17,UCO,ARCX:UCO,0.0,29.34,0.0027,0.0,0.0,0.0,0.0,0.0,0.0,BALANCED,0.0
2018-07-18,UCO,ARCX:UCO,0.0,29.85,0.0176,0.0,0.0,0.0,0.0,0.0,0.0,BALANCED,0.0
2018-07-19,UCO,ARCX:UCO,0.0,30.28,0.0145,0.0,0.0,0.0,0.0,0.0,0.0,BALANCED,0.0
2018-07-20,UCO,ARCX:UCO,0.0,30.3,0.0006,0.0,0.0,0.0,0.0,0.0,0.0,BALANCED,0.0
2018-07-23,UCO,ARCX:UCO,0.0,29.98,-0.0108,0.0,0.0,0.0,0.0,0.0,0.0,BALANCED,0.0
2018-07-24,UCO,ARCX:UCO,0.0,30.53,0.0186,0.0,0.0,0.0,0.0,0.0,0.0,BALANCED,0.0
2018-07-25,UCO,ARCX:UCO,0.0,31.23,0.0228,0.0,0.0,0.0,0.0,0.0,0.0,BALANCED,0.0
2018-07-26,UCO,ARCX:UCO,0.0,31.51,0.009,0.0,0.0,0.0,0.0,0.0,0.0,BALANCED,0.0
2018-07-27,UCO,ARCX:UCO,0.0,30.68,-0.0264,0.0,0.0,0.0,0.0,0.0,0.0,BALANCED,0.0
2018-07-30,UCO,ARCX:UCO,0.0,31.96,0.042,0.0,0.0,0.0,0.0,0.0,0.0,BALANCED,0.0
2018-07-31,UCO,ARCX:UCO,0.0,30.72,-0.039,0.0,0.0,0.0,0.0,0.0,0.0,BALANCED,0.0
2018-08-01,UCO,ARCX:UCO,0.0,29.73,-0.032,0.0,0.0,0.0,0.0,0.0,0.0,BALANCED,0.0
2018-08-02,UCO,ARCX:UCO,0.0,30.88,0.0384,0.0,0.0,0.0,0.0,0.0,0.0,BALANCED,0.0
2018-08-03,UCO,ARCX:UCO,0.0,30.46,-0.0136,0.0,0.0,0.0,0.0,0.0,0.0,BALANCED,0.0
2018-08-06,UCO,ARCX:UCO,0.0,30.92,0.0152,0.0,0.0,0.0,0.0,0.0,0.0,BALANCED,0.0
2018-08-07,UCO,ARCX:UCO,0.0,31.06,0.0047,0.0,0.0,0.0,0.0,0.0,0.0,BALANCED,0.0
2018-08-08,UCO,ARCX:UCO,0.0,29.08,-0.0639,0.0,0.0,0.0,0.0,0.0,0.0,BALANCED,0.0
2018-08-09,UCO,ARCX:UCO,0.0,28.98,-0.0034,0.0,0.0,0.0,0.0,0.0,0.0,BALANCED,0.0
2018-08-10,UCO,ARCX:UCO,0.0,29.67,0.0237,0.0,0.0,0.0,0.0,0.0,0.0,BALANCED,0.0
2018-08-13,UCO,ARCX:UCO,0.0,29.36,-0.0104,0.0,0.0,0.0,0.0,0.0,0.0,BALANCED,0.0
2018-08-14,UCO,ARCX:UCO,0.0,29.17,-0.0063,0.0,0.0,0.0,0.0,0.0,0.0,BALANCED,0.0
2018-08-15,UCO,ARCX:UCO,0.0,27.62,-0.0533,0.0,0.0,0.0,0.0,0.0,0.0,BALANCED,0.0
2018-08-16,UCO,ARCX:UCO,0.0,27.98,0.0131,0.0,0.0,0.0,0.0,0.0,0.0,BALANCED,0.0
2018-08-17,UCO,ARCX:UCO,0.0,28.22,0.0087,0.0,0.0,0.0,0.0,0.0,0.0,BALANCED,0.0
2018-08-20,UCO,ARCX:UCO,0.0,28.36,0.005,0.0,0.0,0.0,0.0,0.0,0.0,BALANCED,0.0
2018-08-21,UCO,ARCX:UCO,0.0,28.7,0.012,0.0,0.0,0.0,0.0,0.0,0.0,BALANCED,0.0
2018-08-22,UCO,ARCX:UCO,0.0,30.47,0.0617,0.0,0.0,0.0,0.0,0.0,0.0,BALANCED,0.0
2018-08-23,UCO,ARCX:UCO,0.0,30.49,0.0006,0.0,0.0,0.0,0.0,0.0,0.0,BALANCED,0.0
2018-08-24,UCO,ARCX:UCO,0.0,31.24,0.0246,0.0,0.0,0.0,0.0,0.0,0.0,BALANCED,0.0
2018-08-27,UCO,ARCX:UCO,0.0,31.41,0.0053,0.0,0.0,0.0,0.0,0.0,0.0,BALANCED,0.0
2018-08-28,UCO,ARCX:UCO,0.0,31.11,-0.0093,0.0,0.0,0.0,0.0,0.0,0.0,BALANCED,0.0
2018-08-29,UCO,ARCX:UCO,0.0,31.98,0.0279,0.0,0.0,0.0,0.0,0.0,0.0,BALANCED,0.0
2018-08-30,UCO,ARCX:UCO,0.0,32.57,0.0185,0.0,0.0,0.0,0.0,0.0,0.0,BALANCED,0.0
2018-08-31,UCO,ARCX:UCO,0.0,32.16,-0.0126,0.0,0.0,0.0,0.0,0.0,0.0,BALANCED,0.0
2018-09-04,UCO,ARCX:UCO,0.0,32.34,0.0056,0.0,0.0,0.0,0.0,0.0,0.0,BALANCED,0.0
2018-09-05,UCO,ARCX:UCO,0.0,31.28,-0.0328,0.0,0.0,0.0,0.0,0.0,0.0,BALANCED,0.0
2018-09-06,UCO,ARCX:UCO,0.0,30.46,-0.0263,0.0,0.0,0.0,0.0,0.0,0.0,BALANCED,0.0
2018-09-07,UCO,ARCX:UCO,0.0,30.49,0.0009,0.0,0.0,0.0,0.0,0.0,0.0,BALANCED,0.0
2018-09-10,UCO,ARCX:UCO,0.0,30.36,-0.0041,0.0,0.0,0.0,0.0,0.0,0.0,BALANCED,0.0
2018-09-11,UCO,ARCX:UCO,0.0,31.83,0.0484,0.0,0.0,0.0,0.0,0.0,0.0,BALANCED,0.0
2018-09-12,UCO,ARCX:UCO,0.0,32.87,0.0325,0.0,0.0,0.0,0.0,0.0,0.0,BALANCED,0.0
2018-09-13,UCO,ARCX:UCO,0.0,31.23,-0.0499,0.0,0.0,0.0,0.0,0.0,0.0,BALANCED,0.0
2018-09-14,UCO,ARCX:UCO,0.0,31.56,0.0105,0.0,0.0,0.0,0.0,0.0,0.0,BALANCED,0.0
2018-09-17,UCO,ARCX:UCO,0.0,31.47,-0.0026,0.0,0.0,0.0,0.0,0.0,0.0,BALANCED,0.0
2018-09-18,UCO,ARCX:UCO,0.0,32.31,0.0265,0.0,0.0,0.0,0.0,0.0,0.0,BALANCED,0.0
2018-09-19,UCO,ARCX:UCO,0.0,33.41,0.0339,0.0,0.0,0.0,0.0,0.0,0.0,BALANCED,0.0
2018-09-20,UCO,ARCX:UCO,0.0,32.98,-0.0127,0.0,0.0,0.0,0.0,0.0,0.0,BALANCED,0.0
2018-09-21,UCO,ARCX:UCO,0.0,33.41,0.0131,0.0,0.0,0.0,0.0,0.0,0.0,BALANCED,0.0
2018-09-24,UCO,ARCX:UCO,0.0,34.64,0.0368,0.0,0.0,0.0,0.0,0.0,0.0,BALANCED,0.0
2018-09-25,UCO,ARCX:UCO,0.0,34.83,0.0056,0.0,0.0,0.0,0.0,0.0,0.0,BALANCED,0.0
2018-09-26,UCO,ARCX:UCO,0.0,34.15,-0.0196,0.0,0.0,0.0,0.0,0.0,0.0,BALANCED,0.0
2018-09-27,UCO,ARCX:UCO,0.0,34.68,0.0154,0.0,0.0,0.0,0.0,0.0,0.0,BALANCED,0.0
2018-09-28,UCO,ARCX:UCO,0.0,35.76,0.0314,0.0,0.0,0.0,0.0,0.0,0.0,BALANCED,0.0
2018-10-01,UCO,ARCX:UCO,0.0,37.76,0.056,0.0,0.0,0.0,0.0,0.0,0.0,BALANCED,0.0
2018-10-02,UCO,ARCX:UCO,0.0,37.69,-0.0019,0.0,0.0,0.0,0.0,0.0,0.0,BALANCED,0.0
2018-10-03,UCO,ARCX:UCO,0.0,38.88,0.0314,0.0,0.0,0.0,0.0,0.0,0.0,BALANCED,0.0
2018-10-04,UCO,ARCX:UCO,0.0,36.76,-0.0544,0.0,0.0,0.0,0.0,0.0,0.0,BALANCED,0.0
2018-10-05,UCO,ARCX:UCO,0.0,36.77,0.0003,0.0,0.0,0.0,0.0,0.0,0.0,BALANCED,0.0
2018-10-08,UCO,ARCX:UCO,0.0,36.71,-0.0017,0.0,0.0,0.0,0.0,0.0,0.0,BALANCED,0.0
2018-10-09,UCO,ARCX:UCO,0.0,37.35,0.0175,0.0,0.0,0.0,0.0,0.0,0.0,BALANCED,0.0
2018-10-10,UCO,ARCX:UCO,0.0,35.59,-0.0471,0.0,0.0,0.0,0.0,0.0,0.0,BALANCED,0.0
2018-10-11,UCO,ARCX:UCO,0.0,33.43,-0.0607,0.0,0.0,0.0,0.0,0.0,0.0,BALANCED,0.0
2018-10-12,UCO,ARCX:UCO,0.0,33.8,0.0111,0.0,0.0,0.0,0.0,0.0,0.0,BALANCED,0.0
2018-10-15,UCO,ARCX:UCO,0.0,34.23,0.0127,0.0,0.0,0.0,0.0,0.0,0.0,BALANCED,0.0
2018-10-16,UCO,ARCX:UCO,0.0,34.39,0.0048,0.0,0.0,0.0,0.0,0.0,0.0,BALANCED,0.0
2018-10-17,UCO,ARCX:UCO,0.0,32.49,-0.0552,0.0,0.0,0.0,0.0,0.0,0.0,BALANCED,0.0
2018-10-18,UCO,ARCX:UCO,0.0,31.59,-0.0278,0.0,0.0,0.0,0.0,0.0,0.0,BALANCED,0.0
2018-10-19,UCO,ARCX:UCO,0.0,32.14,0.0175,0.0,0.0,0.0,0.0,0.0,0.0,BALANCED,0.0
2018-10-22,UCO,ARCX:UCO,0.0,32.28,0.0041,0.0,0.0,0.0,0.0,0.0,0.0,BALANCED,0.0
2018-10-23,UCO,ARCX:UCO,0.0,29.61,-0.0826,0.0,0.0,0.0,0.0,0.0,0.0,BALANCED,0.0
2018-10-24,UCO,ARCX:UCO,0.0,29.91,0.0102,0.0,0.0,0.0,0.0,0.0,0.0,BALANCED,0.0
2018-10-25,UCO,ARCX:UCO,0.0,30.34,0.0144,0.0,0.0,0.0,0.0,0.0,0.0,BALANCED,0.0
2018-10-26,UCO,ARCX:UCO,0.0,30.62,0.0092,0.0,0.0,0.0,0.0,0.0,0.0,BALANCED,0.0
2018-10-29,UCO,ARCX:UCO,0.0,30.14,-0.0159,0.0,0.0,0.0,0.0,0.0,0.0,BALANCED,0.0
2018-10-30,UCO,ARCX:UCO,0.0,29.33,-0.0268,0.0,0.0,0.0,0.0,0.0,0.0,BALANCED,0.0
2018-10-31,UCO,ARCX:UCO,0.0,28.56,-0.0262,0.0,0.0,0.0,0.0,0.0,0.0,BALANCED,0.0
2018-11-01,UCO,ARCX:UCO,0.0,27.14,-0.0498,0.0,0.0,0.0,0.0,0.0,0.0,BALANCED,0.0
2018-11-02,UCO,ARCX:UCO,0.0,26.69,-0.0165,0.0,0.0,0.0,0.0,0.0,0.0,BALANCED,0.0
2018-11-05,UCO,ARCX:UCO,0.0,26.63,-0.0021,0.0,0.0,0.0,0.0,0.0,0.0,BALANCED,0.0
2018-11-06,UCO,ARCX:UCO,0.0,25.9,-0.0275,0.0,0.0,0.0,0.0,0.0,0.0,BALANCED,0.0
2018-11-07,UCO,ARCX:UCO,0.0,25.47,-0.0166,0.0,0.0,0.0,0.0,0.0,0.0,BALANCED,0.0
2018-11-08,UCO,ARCX:UCO,0.0,24.68,-0.031,0.0,0.0,0.0,0.0,0.0,0.0,BALANCED,0.0
2018-11-09,UCO,ARCX:UCO,0.0,24.28,-0.0164,0.0,0.0,0.0,0.0,0.0,0.0,BALANCED,0.0
2018-11-12,UCO,ARCX:UCO,0.0,24.05,-0.0092,0.0,0.0,0.0,0.0,0.0,0.0,BALANCED,0.0
2018-11-13,UCO,ARCX:UCO,0.0,20.66,-0.1411,0.0,0.0,0.0,0.0,0.0,0.0,BALANCED,0.0
2018-11-14,UCO,ARCX:UCO,0.0,21.1,0.0216,0.0,0.0,0.0,0.0,0.0,0.0,BALANCED,0.0
2018-11-15,UCO,ARCX:UCO,0.0,21.28,0.0085,0.0,0.0,0.0,0.0,0.0,0.0,BALANCED,0.0
2018-11-16,UCO,ARCX:UCO,0.0,21.28,0.0,0.0,0.0,0.0,0.0,0.0,0.0,BALANCED,0.0
2018-11-19,UCO,ARCX:UCO,0.0,21.68,0.0184,0.0,0.0,0.0,0.0,0.0,0.0,BALANCED,0.0
2018-11-20,UCO,ARCX:UCO,0.0,18.83,-0.1315,0.0,0.0,0.0,0.0,0.0,0.0,BALANCED,0.0
2018-11-21,UCO,ARCX:UCO,0.0,19.67,0.045,0.0,0.0,0.0,0.0,0.0,0.0,BALANCED,0.0
2018-11-22,UCO,ARCX:UCO,0.0,19.67,0.0,0.0,0.0,0.0,0.0,0.0,0.0,BALANCED,0.0
2018-11-23,UCO,ARCX:UCO,0.0,16.63,-0.1544,0.0,0.0,0.0,0.0,0.0,0.0,BALANCED,0.0
2018-11-26,UCO,ARCX:UCO,0.0,17.43,0.0481,0.0,0.0,0.0,0.0,0.0,0.0,BALANCED,0.0
2018-11-27,UCO,ARCX:UCO,0.0,17.39,-0.0027,0.0,0.0,0.0,0.0,0.0,0.0,BALANCED,0.0
2018-11-28,UCO,ARCX:UCO,0.0,16.53,-0.0492,0.0,0.0,0.0,0.0,0.0,0.0,BALANCED,0.0
2018-11-29,UCO,ARCX:UCO,0.0,17.3,0.0462,0.0,0.0,0.0,0.0,0.0,0.0,BALANCED,0.0
2018-11-30,UCO,ARCX:UCO,0.0,16.95,-0.0202,0.0,0.0,0.0,0.0,0.0,0.0,BALANCED,0.0
2018-12-03,UCO,ARCX:UCO,0.0,18.29,0.0793,0.0,0.0,0.0,0.0,0.0,0.0,BALANCED,0.0
2018-12-04,UCO,ARCX:UCO,0.0,18.5,0.0114,0.0,0.0,0.0,0.0,0.0,0.0,BALANCED,0.0
2018-12-06,UCO,ARCX:UCO,0.0,17.28,-0.066,0.0,0.0,0.0,0.0,0.0,0.0,BALANCED,0.0
2018-12-07,UCO,ARCX:UCO,0.0,18.02,0.0433,0.0,0.0,0.0,0.0,0.0,0.0,BALANCED,0.0
2018-12-10,UCO,ARCX:UCO,0.0,16.92,-0.0613,0.0,0.0,0.0,0.0,0.0,0.0,BALANCED,0.0
2018-12-11,UCO,ARCX:UCO,0.0,17.34,0.0248,0.0,0.0,0.0,0.0,0.0,0.0,BALANCED,0.0
2018-12-12,UCO,ARCX:UCO,0.0,17.04,-0.0174,0.0,0.0,0.0,0.0,0.0,0.0,BALANCED,0.0
2018-12-13,UCO,ARCX:UCO,0.0,18.01,0.057,0.0,0.0,0.0,0.0,0.0,0.0,BALANCED,0.0
2018-12-14,UCO,ARCX:UCO,0.0,17.12,-0.0494,0.0,0.0,0.0,0.0,0.0,0.0,BALANCED,0.0
2018-12-17,UCO,ARCX:UCO,0.0,16.32,-0.0467,0.0,0.0,0.0,0.0,0.0,0.0,BALANCED,0.0
2018-12-18,UCO,ARCX:UCO,0.0,13.99,-0.1428,0.0,0.0,0.0,0.0,0.0,0.0,BALANCED,0.0
2018-12-19,UCO,ARCX:UCO,0.0,14.91,0.0661,0.0,0.0,0.0,0.0,0.0,0.0,BALANCED,0.0
2018-12-20,UCO,ARCX:UCO,0.0,13.5,-0.0948,0.0,0.0,0.0,0.0,0.0,0.0,BALANCED,0.0
2018-12-21,UCO,ARCX:UCO,0.0,13.32,-0.013,0.0,0.0,0.0,0.0,0.0,0.0,BALANCED,0.0
2018-12-24,UCO,ARCX:UCO,0.0,11.55,-0.1335,0.0,0.0,0.0,0.0,0.0,0.0,BALANCED,0.0
2018-12-26,UCO,ARCX:UCO,0.0,13.55,0.1736,0.0,0.0,0.0,0.0,0.0,0.0,BALANCED,0.0
2018-12-27,UCO,ARCX:UCO,0.0,12.6,-0.0704,0.0,0.0,0.0,0.0,0.0,0.0,BALANCED,0.0
2018-12-28,UCO,ARCX:UCO,0.0,12.99,0.0312,0.0,0.0,0.0,0.0,0.0,0.0,BALANCED,0.0
2018-12-31,UCO,ARCX:UCO,0.0,13.06,0.0053,0.0,0.0,0.0,0.0,0.0,0.0,BALANCED,0.0
2019-01-02,UCO,ARCX:UCO,0.0,13.71,0.0499,0.0,0.0,0.0,0.0,0.0,0.0,BALANCED,0.0
2019-01-03,UCO,ARCX:UCO,0.0,14.03,0.0231,0.0,0.0,0.0,0.0,0.0,0.0,BALANCED,0.0
2019-01-04,UCO,ARCX:UCO,0.0,14.55,0.0371,0.0,0.0,0.0,0.0,0.0,0.0,BALANCED,0.0
2019-01-07,UCO,ARCX:UCO,0.0,14.87,0.0224,0.0,0.0,0.0,0.0,0.0,0.0,BALANCED,0.0
2019-01-08,UCO,ARCX:UCO,0.0,15.66,0.0529,0.0,0.0,0.0,0.0,0.0,0.0,BALANCED,0.0
2019-01-09,UCO,ARCX:UCO,0.0,17.27,0.103,0.0,0.0,0.0,0.0,0.0,0.0,BALANCED,0.0
2019-01-10,UCO,ARCX:UCO,0.0,17.42,0.0084,0.0,0.0,0.0,0.0,0.0,0.0,BALANCED,0.0
2019-01-11,UCO,ARCX:UCO,0.0,16.76,-0.0378,0.0,0.0,0.0,0.0,0.0,0.0,BALANCED,0.0
2019-01-14,UCO,ARCX:UCO,0.0,16.05,-0.0427,0.0,0.0,0.0,0.0,0.0,0.0,BALANCED,0.0
2019-01-15,UCO,ARCX:UCO,0.0,17.05,0.0626,0.0,0.0,0.0,0.0,0.0,0.0,BALANCED,0.0
2019-01-16,UCO,ARCX:UCO,0.0,17.19,0.0084,0.0,0.0,0.0,0.0,0.0,0.0,BALANCED,0.0
2019-01-17,UCO,ARCX:UCO,0.0,17.03,-0.0095,0.0,0.0,0.0,0.0,0.0,0.0,BALANCED,0.0
2019-01-18,UCO,ARCX:UCO,0.0,18.12,0.0642,0.0,0.0,0.0,0.0,0.0,0.0,BALANCED,0.0
2019-01-22,UCO,ARCX:UCO,0.0,17.43,-0.0381,0.0,0.0,0.0,0.0,0.0,0.0,BALANCED,0.0
2019-01-23,UCO,ARCX:UCO,0.0,17.18,-0.0147,0.0,0.0,0.0,0.0,0.0,0.0,BALANCED,0.0
2019-01-24,UCO,ARCX:UCO,0.0,17.51,0.0194,0.0,0.0,0.0,0.0,0.0,0.0,BALANCED,0.0
2019-01-25,UCO,ARCX:UCO,0.0,17.88,0.0211,0.0,0.0,0.0,0.0,0.0,0.0,BALANCED,0.0
2019-01-28,UCO,ARCX:UCO,0.0,16.75,-0.0633,0.0,0.0,0.0,0.0,0.0,0.0,BALANCED,0.0
2019-01-29,UCO,ARCX:UCO,0.0,17.6,0.0508,0.0,0.0,0.0,0.0,0.0,0.0,BALANCED,0.0
2019-01-30,UCO,ARCX:UCO,0.0,18.21,0.0345,0.0,0.0,0.0,0.0,0.0,0.0,BALANCED,0.0
2019-01-31,UCO,ARCX:UCO,0.0,17.91,-0.0162,0.0,0.0,0.0,0.0,0.0,0.0,BALANCED,0.0
2019-02-01,UCO,ARCX:UCO,0.0,18.89,0.0547,0.0,0.0,0.0,0.0,0.0,0.0,BALANCED,0.0
2019-02-04,UCO,ARCX:UCO,0.0,18.41,-0.0253,0.0,0.0,0.0,0.0,0.0,0.0,BALANCED,0.0
2019-02-05,UCO,ARCX:UCO,0.0,17.81,-0.033,0.0,0.0,0.0,0.0,0.0,0.0,BALANCED,0.0
2019-02-06,UCO,ARCX:UCO,0.0,18.04,0.0131,0.0,0.0,0.0,0.0,0.0,0.0,BALANCED,0.0
2019-02-07,UCO,ARCX:UCO,0.0,17.12,-0.0507,0.0,0.0,0.0,0.0,0.0,0.0,BALANCED,0.0
2019-02-08,UCO,ARCX:UCO,0.0,17.18,0.0032,0.0,0.0,0.0,0.0,0.0,0.0,BALANCED,0.0
2019-02-11,UCO,ARCX:UCO,0.0,16.99,-0.011,0.0,0.0,0.0,0.0,0.0,0.0,BALANCED,0.0
2019-02-12,UCO,ARCX:UCO,0.0,17.44,0.0268,0.0,0.0,0.0,0.0,0.0,0.0,BALANCED,0.0
2019-02-13,UCO,ARCX:UCO,0.0,18.0,0.0321,0.0,0.0,0.0,0.0,0.0,0.0,BALANCED,0.0
2019-02-14,UCO,ARCX:UCO,0.0,18.31,0.0171,0.0,0.0,0.0,0.0,0.0,0.0,BALANCED,0.0
2019-02-15,UCO,ARCX:UCO,0.0,19.1,0.043,0.0,0.0,0.0,0.0,0.0,0.0,BALANCED,0.0
2019-02-19,UCO,ARCX:UCO,0.0,19.38,0.0146,0.0,0.0,0.0,0.0,0.0,0.0,BALANCED,0.0
2019-02-20,UCO,ARCX:UCO,0.0,19.85,0.0243,0.0,0.0,0.0,0.0,0.0,0.0,BALANCED,0.0
2019-02-21,UCO,ARCX:UCO,0.0,19.73,-0.0062,0.0,0.0,0.0,0.0,0.0,0.0,BALANCED,0.0
2019-02-22,UCO,ARCX:UCO,0.0,19.92,0.0101,0.0,0.0,0.0,0.0,0.0,0.0,BALANCED,0.0
2019-02-25,UCO,ARCX:UCO,0.0,18.66,-0.0633,0.0,0.0,0.0,0.0,0.0,0.0,BALANCED,0.0
2019-02-26,UCO,ARCX:UCO,0.0,18.7,0.0018,0.0,0.0,0.0,0.0,0.0,0.0,BALANCED,0.0
2019-02-27,UCO,ARCX:UCO,0.0,19.63,0.05,0.0,0.0,0.0,0.0,0.0,0.0,BALANCED,0.0
2019-02-28,UCO,ARCX:UCO,0.0,19.8,0.0084,0.0,0.0,0.0,0.0,0.0,0.0,BALANCED,0.0
2019-03-01,UCO,ARCX:UCO,0.0,18.82,-0.0493,0.0,0.0,0.0,0.0,0.0,0.0,BALANCED,0.0
2019-03-04,UCO,ARCX:UCO,0.0,19.35,0.0278,0.0,0.0,0.0,0.0,0.0,0.0,BALANCED,0.0
2019-03-05,UCO,ARCX:UCO,0.0,19.32,-0.0011,0.0,0.0,0.0,0.0,0.0,0.0,BALANCED,0.0
2019-03-06,UCO,ARCX:UCO,0.0,19.11,-0.0112,0.0,0.0,0.0,0.0,0.0,0.0,BALANCED,0.0
2019-03-07,UCO,ARCX:UCO,0.0,19.38,0.0145,0.0,0.0,0.0,0.0,0.0,0.0,BALANCED,0.0
2019-03-08,UCO,ARCX:UCO,0.0,18.98,-0.021,0.0,0.0,0.0,0.0,0.0,0.0,BALANCED,0.0
2019-03-11,UCO,ARCX:UCO,0.0,19.44,0.0245,0.0,0.0,0.0,0.0,0.0,0.0,BALANCED,0.0
2019-03-12,UCO,ARCX:UCO,0.0,19.5,0.0028,0.0,0.0,0.0,0.0,0.0,0.0,BALANCED,0.0
2019-03-13,UCO,ARCX:UCO,0.0,20.45,0.0486,0.0,0.0,0.0,0.0,0.0,0.0,BALANCED,0.0
2019-03-14,UCO,ARCX:UCO,0.0,20.67,0.0109,0.0,0.0,0.0,0.0,0.0,0.0,BALANCED,0.0
2019-03-15,UCO,ARCX:UCO,0.0,20.61,-0.003,0.0,0.0,0.0,0.0,0.0,0.0,BALANCED,0.0
2019-03-18,UCO,ARCX:UCO,0.0,21.0,0.0191,0.0,0.0,0.0,0.0,0.0,0.0,BALANCED,0.0
2019-03-19,UCO,ARCX:UCO,0.0,20.94,-0.003,0.0,0.0,0.0,0.0,0.0,0.0,BALANCED,0.0
2019-03-20,UCO,ARCX:UCO,0.0,21.6,0.0317,0.0,0.0,0.0,0.0,0.0,0.0,BALANCED,0.0
2019-03-21,UCO,ARCX:UCO,0.0,21.42,-0.0083,0.0,0.0,0.0,0.0,0.0,0.0,BALANCED,0.0
2019-03-22,UCO,ARCX:UCO,0.0,20.75,-0.0313,0.0,0.0,0.0,0.0,0.0,0.0,BALANCED,0.0
2019-03-25,UCO,ARCX:UCO,0.0,20.6,-0.0074,0.0,0.0,0.0,0.0,0.0,0.0,BALANCED,0.0
2019-03-26,UCO,ARCX:UCO,0.0,21.38,0.0381,0.0,0.0,0.0,0.0,0.0,0.0,BALANCED,0.0
2019-03-27,UCO,ARCX:UCO,0.0,21.0,-0.0177,0.0,0.0,0.0,0.0,0.0,0.0,BALANCED,0.0
2019-03-28,UCO,ARCX:UCO,0.0,20.93,-0.0037,0.0,0.0,0.0,0.0,0.0,0.0,BALANCED,0.0
2019-03-29,UCO,ARCX:UCO,0.0,21.52,0.0284,0.0,0.0,0.0,0.0,0.0,0.0,BALANCED,0.0
2019-04-01,UCO,ARCX:UCO,0.0,22.56,0.0482,0.0,0.0,0.0,0.0,0.0,0.0,BALANCED,0.0
2019-04-02,UCO,ARCX:UCO,0.0,23.28,0.0322,0.0,0.0,0.0,0.0,0.0,0.0,BALANCED,0.0
2019-04-03,UCO,ARCX:UCO,0.0,23.19,-0.0039,0.0,0.0,0.0,0.0,0.0,0.0,BALANCED,0.0
2019-04-04,UCO,ARCX:UCO,0.0,22.93,-0.0115,0.0,0.0,0.0,0.0,0.0,0.0,BALANCED,0.0
2019-04-05,UCO,ARCX:UCO,0.0,23.65,0.0316,0.0,0.0,0.0,0.0,0.0,0.0,BALANCED,0.0
2019-04-08,UCO,ARCX:UCO,0.0,24.6,0.0401,0.0,0.0,0.0,0.0,0.0,0.0,BALANCED,0.0
2019-04-09,UCO,ARCX:UCO,0.0,24.31,-0.0117,0.0,0.0,0.0,0.0,0.0,0.0,BALANCED,0.0
2019-04-10,UCO,ARCX:UCO,0.0,24.85,0.0222,0.0,0.0,0.0,0.0,0.0,0.0,BALANCED,0.0
2019-04-11,UCO,ARCX:UCO,0.0,24.11,-0.0296,0.0,0.0,0.0,0.0,0.0,0.0,BALANCED,0.0
2019-04-12,UCO,ARCX:UCO,0.0,24.4,0.0116,0.0,0.0,0.0,0.0,0.0,0.0,BALANCED,0.0
2019-04-15,UCO,ARCX:UCO,0.0,24.07,-0.0133,0.0,0.0,0.0,0.0,0.0,0.0,BALANCED,0.0
2019-04-16,UCO,ARCX:UCO,0.0,24.52,0.0186,0.0,0.0,0.0,0.0,0.0,0.0,BALANCED,0.0
2019-04-17,UCO,ARCX:UCO,0.0,24.27,-0.0099,0.0,0.0,0.0,0.0,0.0,0.0,BALANCED,0.0
2019-04-18,UCO,ARCX:UCO,0.0,24.41,0.0057,0.0,0.0,0.0,0.0,0.0,0.0,BALANCED,0.0
2019-04-22,UCO,ARCX:UCO,0.0,25.47,0.0435,0.0,0.0,0.0,0.0,0.0,0.0,BALANCED,0.0
2019-04-23,UCO,ARCX:UCO,0.0,26.04,0.0223,0.0,0.0,0.0,0.0,0.0,0.0,BALANCED,0.0
2019-04-24,UCO,ARCX:UCO,0.0,25.77,-0.0105,0.0,0.0,0.0,0.0,0.0,0.0,BALANCED,0.0
2019-04-25,UCO,ARCX:UCO,0.0,25.29,-0.0185,0.0,0.0,0.0,0.0,0.0,0.0,BALANCED,0.0
2019-04-26,UCO,ARCX:UCO,0.0,23.82,-0.0582,0.0,0.0,0.0,0.0,0.0,0.0,BALANCED,0.0
2019-04-29,UCO,ARCX:UCO,0.0,23.96,0.0061,0.0,0.0,0.0,0.0,0.0,0.0,BALANCED,0.0
2019-04-30,UCO,ARCX:UCO,0.0,24.27,0.0129,0.0,0.0,0.0,0.0,0.0,0.0,BALANCED,0.0
2019-05-01,UCO,ARCX:UCO,0.0,24.05,-0.009,0.0,0.0,0.0,0.0,0.0,0.0,BALANCED,0.0
2019-05-02,UCO,ARCX:UCO,0.0,22.7,-0.0562,0.0,0.0,0.0,0.0,0.0,0.0,BALANCED,0.0
2019-05-03,UCO,ARCX:UCO,0.0,22.8,0.0045,0.0,0.0,0.0,0.0,0.0,0.0,BALANCED,0.0
2019-05-06,UCO,ARCX:UCO,0.0,23.05,0.0107,0.0,0.0,0.0,0.0,0.0,0.0,BALANCED,0.0
2019-05-07,UCO,ARCX:UCO,0.0,22.41,-0.0276,0.0,0.0,0.0,0.0,0.0,0.0,BALANCED,0.0
2019-05-08,UCO,ARCX:UCO,0.0,22.93,0.0231,0.0,0.0,0.0,0.0,0.0,0.0,BALANCED,0.0
2019-05-09,UCO,ARCX:UCO,0.0,22.63,-0.0132,0.0,0.0,0.0,0.0,0.0,0.0,BALANCED,0.0
2019-05-10,UCO,ARCX:UCO,0.0,22.62,-0.0003,0.0,0.0,0.0,0.0,0.0,0.0,BALANCED,0.0
2019-05-13,UCO,ARCX:UCO,0.0,22.19,-0.019,0.0,0.0,0.0,0.0,0.0,0.0,BALANCED,0.0
2019-05-14,UCO,ARCX:UCO,0.0,22.74,0.0245,0.0,0.0,0.0,0.0,0.0,0.0,BALANCED,0.0
2019-05-15,UCO,ARCX:UCO,0.0,22.94,0.0091,0.0,0.0,0.0,0.0,0.0,0.0,BALANCED,0.0
2019-05-16,UCO,ARCX:UCO,0.0,23.55,0.0264,0.0,0.0,0.0,0.0,0.0,0.0,BALANCED,0.0
2019-05-17,UCO,ARCX:UCO,0.0,23.44,-0.0044,0.0,0.0,0.0,0.0,0.0,0.0,BALANCED,0.0
2019-05-20,UCO,ARCX:UCO,0.0,23.66,0.0093,0.0,0.0,0.0,0.0,0.0,0.0,BALANCED,0.0
2019-05-21,UCO,ARCX:UCO,0.0,23.6,-0.0025,0.0,0.0,0.0,0.0,0.0,0.0,BALANCED,0.0
2019-05-22,UCO,ARCX:UCO,0.0,22.32,-0.0542,0.0,0.0,0.0,0.0,0.0,0.0,BALANCED,0.0
2019-05-23,UCO,ARCX:UCO,0.0,19.77,-0.1143,0.0,0.0,0.0,0.0,0.0,0.0,BALANCED,0.0
2019-05-24,UCO,ARCX:UCO,0.0,20.27,0.0249,0.0,0.0,0.0,0.0,0.0,0.0,BALANCED,0.0
2019-05-28,UCO,ARCX:UCO,0.0,20.62,0.0175,0.0,0.0,0.0,0.0,0.0,0.0,BALANCED,0.0
2019-05-29,UCO,ARCX:UCO,0.0,20.39,-0.0111,0.0,0.0,0.0,0.0,0.0,0.0,BALANCED,0.0
2019-05-30,UCO,ARCX:UCO,0.0,18.85,-0.0754,0.0,0.0,0.0,0.0,0.0,0.0,BALANCED,0.0
2019-05-31,UCO,ARCX:UCO,0.0,16.79,-0.1092,0.0,0.0,0.0,0.0,0.0,0.0,BALANCED,0.0
2019-06-03,UCO,ARCX:UCO,0.0,16.64,-0.0092,0.0,0.0,0.0,0.0,0.0,0.0,BALANCED,0.0
2019-06-04,UCO,ARCX:UCO,0.0,16.78,0.0087,0.0,0.0,0.0,0.0,0.0,0.0,BALANCED,0.0
2019-06-05,UCO,ARCX:UCO,0.0,15.66,-0.0672,0.0,0.0,0.0,0.0,0.0,0.0,BALANCED,0.0
2019-06-06,UCO,ARCX:UCO,0.0,16.21,0.0352,0.0,0.0,0.0,0.0,0.0,0.0,BALANCED,0.0
2019-06-07,UCO,ARCX:UCO,0.0,17.07,0.0533,0.0,0.0,0.0,0.0,0.0,0.0,BALANCED,0.0
2019-06-10,UCO,ARCX:UCO,0.0,16.62,-0.0264,0.0,0.0,0.0,0.0,0.0,0.0,BALANCED,0.0
2019-06-11,UCO,ARCX:UCO,0.0,16.64,0.0011,0.0,0.0,0.0,0.0,0.0,0.0,BALANCED,0.0
2019-06-12,UCO,ARCX:UCO,0.0,15.31,-0.0798,0.0,0.0,0.0,0.0,0.0,0.0,BALANCED,0.0
2019-06-13,UCO,ARCX:UCO,0.0,16.01,0.0456,0.0,0.0,0.0,0.0,0.0,0.0,BALANCED,0.0
2019-06-14,UCO,ARCX:UCO,0.0,16.15,0.0087,0.0,0.0,0.0,0.0,0.0,0.0,BALANCED,0.0
2019-06-17,UCO,ARCX:UCO,0.0,15.76,-0.0241,0.0,0.0,0.0,0.0,0.0,0.0,BALANCED,0.0
2019-06-18,UCO,ARCX:UCO,0.0,16.89,0.0719,0.0,0.0,0.0,0.0,0.0,0.0,BALANCED,0.0
2019-06-19,UCO,ARCX:UCO,0.0,16.79,-0.0059,0.0,0.0,0.0,0.0,0.0,0.0,BALANCED,0.0
2019-06-20,UCO,ARCX:UCO,0.0,18.72,0.1147,0.0,0.0,0.0,0.0,0.0,0.0,BALANCED,0.0
2019-06-21,UCO,ARCX:UCO,0.0,18.96,0.0129,0.0,0.0,0.0,0.0,0.0,0.0,BALANCED,0.0
2019-06-24,UCO,ARCX:UCO,0.0,19.25,0.015,0.0,0.0,0.0,0.0,0.0,0.0,BALANCED,0.0
2019-06-25,UCO,ARCX:UCO,0.0,19.22,-0.0014,0.0,0.0,0.0,0.0,0.0,0.0,BALANCED,0.0
2019-06-26,UCO,ARCX:UCO,0.0,20.24,0.0532,0.0,0.0,0.0,0.0,0.0,0.0,BALANCED,0.0
2019-06-27,UCO,ARCX:UCO,0.0,20.29,0.002,0.0,0.0,0.0,0.0,0.0,0.0,BALANCED,0.0
2019-06-28,UCO,ARCX:UCO,0.0,19.62,-0.0326,0.0,0.0,0.0,0.0,0.0,0.0,BALANCED,0.0
2019-07-01,UCO,ARCX:UCO,0.0,20.04,0.0212,0.0,0.0,0.0,0.0,0.0,0.0,BALANCED,0.0
2019-07-02,UCO,ARCX:UCO,0.0,18.14,-0.0946,0.0,0.0,0.0,0.0,0.0,0.0,BALANCED,0.0
2019-07-03,UCO,ARCX:UCO,0.0,18.85,0.0391,0.0,0.0,0.0,0.0,0.0,0.0,BALANCED,0.0
2019-07-05,UCO,ARCX:UCO,0.0,18.95,0.0052,0.0,0.0,0.0,0.0,0.0,0.0,BALANCED,0.0
2019-07-08,UCO,ARCX:UCO,0.0,19.06,0.006,0.0,0.0,0.0,0.0,0.0,0.0,BALANCED,0.0
2019-07-09,UCO,ARCX:UCO,0.0,19.18,0.0062,0.0,0.0,0.0,0.0,0.0,0.0,BALANCED,0.0
2019-07-10,UCO,ARCX:UCO,0.0,20.89,0.0891,0.0,0.0,0.0,0.0,0.0,0.0,BALANCED,0.0
2019-07-11,UCO,ARCX:UCO,0.0,20.73,-0.0079,0.0,0.0,0.0,0.0,0.0,0.0,BALANCED,0.0
2019-07-12,UCO,ARCX:UCO,0.0,20.74,0.0007,0.0,0.0,0.0,0.0,0.0,0.0,BALANCED,0.0
2019-07-15,UCO,ARCX:UCO,0.0,20.32,-0.0205,0.0,0.0,0.0,0.0,0.0,0.0,BALANCED,0.0
2019-07-16,UCO,ARCX:UCO,0.0,18.99,-0.065,0.0,0.0,0.0,0.0,0.0,0.0,BALANCED,0.0
2019-07-17,UCO,ARCX:UCO,0.0,18.46,-0.0284,0.0,0.0,0.0,0.0,0.0,0.0,BALANCED,0.0
2019-07-18,UCO,ARCX:UCO,0.0,17.48,-0.0527,0.0,0.0,0.0,0.0,0.0,0.0,BALANCED,0.0
2019-07-19,UCO,ARCX:UCO,0.0,17.7,0.0123,0.0,0.0,0.0,0.0,0.0,0.0,BALANCED,0.0
2019-07-22,UCO,ARCX:UCO,0.0,17.99,0.0166,0.0,0.0,0.0,0.0,0.0,0.0,BALANCED,0.0
2019-07-23,UCO,ARCX:UCO,0.0,18.34,0.0196,0.0,0.0,0.0,0.0,0.0,0.0,BALANCED,0.0
2019-07-24,UCO,ARCX:UCO,0.0,17.77,-0.0313,0.0,0.0,0.0,0.0,0.0,0.0,BALANCED,0.0
2019-07-25,UCO,ARCX:UCO,0.0,17.86,0.005,0.0,0.0,0.0,0.0,0.0,0.0,BALANCED,0.0
2019-07-26,UCO,ARCX:UCO,0.0,17.97,0.0065,0.0,0.0,0.0,0.0,0.0,0.0,BALANCED,0.0
2019-07-29,UCO,ARCX:UCO,0.0,18.4,0.0239,0.0,0.0,0.0,0.0,0.0,0.0,BALANCED,0.0
2019-07-30,UCO,ARCX:UCO,0.0,19.17,0.0415,0.0,0.0,0.0,0.0,0.0,0.0,BALANCED,0.0
2019-07-31,UCO,ARCX:UCO,0.0,19.52,0.0183,0.0,0.0,0.0,0.0,0.0,0.0,BALANCED,0.0
2019-08-01,UCO,ARCX:UCO,0.0,16.43,-0.1581,0.0,0.0,0.0,0.0,0.0,0.0,BALANCED,0.0
2019-08-02,UCO,ARCX:UCO,0.0,17.48,0.0634,0.0,0.0,0.0,0.0,0.0,0.0,BALANCED,0.0
2019-08-05,UCO,ARCX:UCO,0.0,16.87,-0.0348,0.0,0.0,0.0,0.0,0.0,0.0,BALANCED,0.0
2019-08-06,UCO,ARCX:UCO,0.0,16.21,-0.0387,0.0,0.0,0.0,0.0,0.0,0.0,BALANCED,0.0
2019-08-07,UCO,ARCX:UCO,0.0,14.68,-0.0947,0.0,0.0,0.0,0.0,0.0,0.0,BALANCED,0.0
2019-08-08,UCO,ARCX:UCO,0.0,15.5,0.0559,0.0,0.0,0.0,0.0,0.0,0.0,BALANCED,0.0
2019-08-09,UCO,ARCX:UCO,0.0,16.62,0.0723,0.0,0.0,0.0,0.0,0.0,0.0,BALANCED,0.0
2019-08-12,UCO,ARCX:UCO,0.0,16.89,0.0163,0.0,0.0,0.0,0.0,0.0,0.0,BALANCED,0.0
2019-08-13,UCO,ARCX:UCO,0.0,18.31,0.0841,0.0,0.0,0.0,0.0,0.0,0.0,BALANCED,0.0
2019-08-14,UCO,ARCX:UCO,0.0,17.1,-0.0661,0.0,0.0,0.0,0.0,0.0,0.0,BALANCED,0.0
2019-08-15,UCO,ARCX:UCO,0.0,16.54,-0.0327,0.0,0.0,0.0,0.0,0.0,0.0,BALANCED,0.0
2019-08-16,UCO,ARCX:UCO,0.0,16.75,0.0122,0.0,0.0,0.0,0.0,0.0,0.0,BALANCED,0.0
2019-08-19,UCO,ARCX:UCO,0.0,17.54,0.0475,0.0,0.0,0.0,0.0,0.0,0.0,BALANCED,0.0
2019-08-20,UCO,ARCX:UCO,0.0,17.6,0.0032,0.0,0.0,0.0,0.0,0.0,0.0,BALANCED,0.0
2019-08-21,UCO,ARCX:UCO,0.0,17.4,-0.0111,0.0,0.0,0.0,0.0,0.0,0.0,BALANCED,0.0
2019-08-22,UCO,ARCX:UCO,0.0,17.2,-0.0119,0.0,0.0,0.0,0.0,0.0,0.0,BALANCED,0.0
2019-08-23,UCO,ARCX:UCO,0.0,16.48,-0.0413,0.0,0.0,0.0,0.0,0.0,0.0,BALANCED,0.0
2019-08-26,UCO,ARCX:UCO,0.0,16.17,-0.0192,0.0,0.0,0.0,0.0,0.0,0.0,BALANCED,0.0
2019-08-27,UCO,ARCX:UCO,0.0,16.94,0.0475,0.0,0.0,0.0,0.0,0.0,0.0,BALANCED,0.0
2019-08-28,UCO,ARCX:UCO,0.0,17.45,0.0303,0.0,0.0,0.0,0.0,0.0,0.0,BALANCED,0.0
2019-08-29,UCO,ARCX:UCO,0.0,17.98,0.0306,0.0,0.0,0.0,0.0,0.0,0.0,BALANCED,0.0
2019-08-30,UCO,ARCX:UCO,0.0,16.99,-0.0552,0.0,0.0,0.0,0.0,0.0,0.0,BALANCED,0.0
2019-09-03,UCO,ARCX:UCO,0.0,16.29,-0.0411,0.0,0.0,0.0,0.0,0.0,0.0,BALANCED,0.0
2019-09-04,UCO,ARCX:UCO,0.0,17.71,0.0871,0.0,0.0,0.0,0.0,0.0,0.0,BALANCED,0.0
2019-09-05,UCO,ARCX:UCO,0.0,17.75,0.0021,0.0,0.0,0.0,0.0,0.0,0.0,BALANCED,0.0
2019-09-06,UCO,ARCX:UCO,0.0,17.92,0.0096,0.0,0.0,0.0,0.0,0.0,0.0,BALANCED,0.0
2019-09-09,UCO,ARCX:UCO,0.0,18.74,0.0461,0.0,0.0,0.0,0.0,0.0,0.0,BALANCED,0.0
2019-09-10,UCO,ARCX:UCO,0.0,18.46,-0.0152,0.0,0.0,0.0,0.0,0.0,0.0,BALANCED,0.0
2019-09-11,UCO,ARCX:UCO,0.0,17.42,-0.0565,0.0,0.0,0.0,0.0,0.0,0.0,BALANCED,0.0
2019-09-12,UCO,ARCX:UCO,0.0,17.03,-0.0223,0.0,0.0,0.0,0.0,0.0,0.0,BALANCED,0.0
2019-09-13,UCO,ARCX:UCO,0.0,16.87,-0.0091,0.0,0.0,0.0,0.0,0.0,0.0,BALANCED,0.0
2019-09-16,UCO,ARCX:UCO,0.0,21.72,0.2873,0.0,0.0,0.0,0.0,0.0,0.0,BALANCED,0.0
2019-09-17,UCO,ARCX:UCO,0.0,19.25,-0.1139,0.0,0.0,0.0,0.0,0.0,0.0,BALANCED,0.0
2019-09-18,UCO,ARCX:UCO,0.0,18.56,-0.0359,0.0,0.0,0.0,0.0,0.0,0.0,BALANCED,0.0
2019-09-19,UCO,ARCX:UCO,0.0,18.65,0.0052,0.0,0.0,0.0,0.0,0.0,0.0,BALANCED,0.0
2019-09-20,UCO,ARCX:UCO,0.0,18.59,-0.0034,0.0,0.0,0.0,0.0,0.0,0.0,BALANCED,0.0
2019-09-23,UCO,ARCX:UCO,0.0,18.94,0.019,0.0,0.0,0.0,0.0,0.0,0.0,BALANCED,0.0
2019-09-24,UCO,ARCX:UCO,0.0,18.07,-0.046,0.0,0.0,0.0,0.0,0.0,0.0,BALANCED,0.0
2019-09-25,UCO,ARCX:UCO,0.0,17.57,-0.0279,0.0,0.0,0.0,0.0,0.0,0.0,BALANCED,0.0
2019-09-26,UCO,ARCX:UCO,0.0,17.52,-0.0028,0.0,0.0,0.0,0.0,0.0,0.0,BALANCED,0.0
2019-09-27,UCO,ARCX:UCO,0.0,17.21,-0.0177,0.0,0.0,0.0,0.0,0.0,0.0,BALANCED,0.0
2019-09-30,UCO,ARCX:UCO,0.0,16.07,-0.0658,0.0,0.0,0.0,0.0,0.0,0.0,BALANCED,0.0
2019-10-01,UCO,ARCX:UCO,0.0,15.81,-0.0166,0.0,0.0,0.0,0.0,0.0,0.0,BALANCED,0.0
2019-10-02,UCO,ARCX:UCO,0.0,15.23,-0.0366,0.0,0.0,0.0,0.0,0.0,0.0,BALANCED,0.0
2019-10-03,UCO,ARCX:UCO,0.0,15.12,-0.0072,0.0,0.0,0.0,0.0,0.0,0.0,BALANCED,0.0
2019-10-04,UCO,ARCX:UCO,0.0,15.33,0.0137,0.0,0.0,0.0,0.0,0.0,0.0,BALANCED,0.0
2019-10-07,UCO,ARCX:UCO,0.0,15.29,-0.0022,0.0,0.0,0.0,0.0,0.0,0.0,BALANCED,0.0
2019-10-08,UCO,ARCX:UCO,0.0,15.23,-0.0042,0.0,0.0,0.0,0.0,0.0,0.0,BALANCED,0.0
2019-10-09,UCO,ARCX:UCO,0.0,15.21,-0.0011,0.0,0.0,0.0,0.0,0.0,0.0,BALANCED,0.0
2019-10-10,UCO,ARCX:UCO,0.0,15.76,0.0359,0.0,0.0,0.0,0.0,0.0,0.0,BALANCED,0.0
2019-10-11,UCO,ARCX:UCO,0.0,16.51,0.0478,0.0,0.0,0.0,0.0,0.0,0.0,BALANCED,0.0
2019-10-14,UCO,ARCX:UCO,0.0,15.87,-0.0387,0.0,0.0,0.0,0.0,0.0,0.0,BALANCED,0.0
2019-10-15,UCO,ARCX:UCO,0.0,15.43,-0.028,0.0,0.0,0.0,0.0,0.0,0.0,BALANCED,0.0
2019-10-16,UCO,ARCX:UCO,0.0,15.75,0.0212,0.0,0.0,0.0,0.0,0.0,0.0,BALANCED,0.0
2019-10-17,UCO,ARCX:UCO,0.0,16.07,0.0202,0.0,0.0,0.0,0.0,0.0,0.0,BALANCED,0.0
2019-10-18,UCO,ARCX:UCO,0.0,15.96,-0.007,0.0,0.0,0.0,0.0,0.0,0.0,BALANCED,0.0
2019-10-21,UCO,ARCX:UCO,0.0,15.79,-0.0104,0.0,0.0,0.0,0.0,0.0,0.0,BALANCED,0.0
2019-10-22,UCO,ARCX:UCO,0.0,16.36,0.0359,0.0,0.0,0.0,0.0,0.0,0.0,BALANCED,0.0
2019-10-23,UCO,ARCX:UCO,0.0,17.26,0.0547,0.0,0.0,0.0,0.0,0.0,0.0,BALANCED,0.0
2019-10-24,UCO,ARCX:UCO,0.0,17.43,0.01,0.0,0.0,0.0,0.0,0.0,0.0,BALANCED,0.0
2019-10-25,UCO,ARCX:UCO,0.0,17.7,0.0157,0.0,0.0,0.0,0.0,0.0,0.0,BALANCED,0.0
2019-10-28,UCO,ARCX:UCO,0.0,17.2,-0.0285,0.0,0.0,0.0,0.0,0.0,0.0,BALANCED,0.0
2019-10-29,UCO,ARCX:UCO,0.0,17.06,-0.0079,0.0,0.0,0.0,0.0,0.0,0.0,BALANCED,0.0
2019-10-30,UCO,ARCX:UCO,0.0,16.71,-0.0208,0.0,0.0,0.0,0.0,0.0,0.0,BALANCED,0.0
2019-10-31,UCO,ARCX:UCO,0.0,16.19,-0.0308,0.0,0.0,0.0,0.0,0.0,0.0,BALANCED,0.0
2019-11-01,UCO,ARCX:UCO,0.0,17.4,0.0745,0.0,0.0,0.0,0.0,0.0,0.0,BALANCED,0.0
2019-11-04,UCO,ARCX:UCO,0.0,17.6,0.0117,0.0,0.0,0.0,0.0,0.0,0.0,BALANCED,0.0
2019-11-05,UCO,ARCX:UCO,0.0,18.03,0.0244,0.0,0.0,0.0,0.0,0.0,0.0,BALANCED,0.0
2019-11-06,UCO,ARCX:UCO,0.0,17.46,-0.0318,0.0,0.0,0.0,0.0,0.0,0.0,BALANCED,0.0
2019-11-07,UCO,ARCX:UCO,0.0,17.93,0.0273,0.0,0.0,0.0,0.0,0.0,0.0,BALANCED,0.0
2019-11-08,UCO,ARCX:UCO,0.0,18.0,0.0039,0.0,0.0,0.0,0.0,0.0,0.0,BALANCED,0.0
2019-11-11,UCO,ARCX:UCO,0.0,17.78,-0.0126,0.0,0.0,0.0,0.0,0.0,0.0,BALANCED,0.0
2019-11-12,UCO,ARCX:UCO,0.0,17.75,-0.0018,0.0,0.0,0.0,0.0,0.0,0.0,BALANCED,0.0
2019-11-13,UCO,ARCX:UCO,0.0,17.97,0.0123,0.0,0.0,0.0,0.0,0.0,0.0,BALANCED,0.0
2019-11-14,UCO,ARCX:UCO,0.0,17.76,-0.0112,0.0,0.0,0.0,0.0,0.0,0.0,BALANCED,0.0
2019-11-15,UCO,ARCX:UCO,0.0,18.36,0.0334,0.0,0.0,0.0,0.0,0.0,0.0,BALANCED,0.0
2019-11-18,UCO,ARCX:UCO,0.0,17.92,-0.0238,0.0,0.0,0.0,0.0,0.0,0.0,BALANCED,0.0
2019-11-19,UCO,ARCX:UCO,0.0,16.8,-0.0626,0.0,0.0,0.0,0.0,0.0,0.0,BALANCED,0.0
2019-11-20,UCO,ARCX:UCO,0.0,17.81,0.06,0.0,0.0,0.0,0.0,0.0,0.0,BALANCED,0.0
2019-11-21,UCO,ARCX:UCO,0.0,18.79,0.0551,0.0,0.0,0.0,0.0,0.0,0.0,BALANCED,0.0
2019-11-22,UCO,ARCX:UCO,0.0,18.27,-0.0276,0.0,0.0,0.0,0.0,0.0,0.0,BALANCED,0.0
2019-11-25,UCO,ARCX:UCO,0.0,18.42,0.0083,0.0,0.0,0.0,0.0,0.0,0.0,BALANCED,0.0
2019-11-26,UCO,ARCX:UCO,0.0,18.67,0.0138,0.0,0.0,0.0,0.0,0.0,0.0,BALANCED,0.0
2019-11-27,UCO,ARCX:UCO,0.0,18.48,-0.0103,0.0,0.0,0.0,0.0,0.0,0.0,BALANCED,0.0
2019-11-29,UCO,ARCX:UCO,0.0,16.61,-0.1012,0.0,0.0,0.0,0.0,0.0,0.0,BALANCED,0.0
2019-12-02,UCO,ARCX:UCO,0.0,17.09,0.0286,0.0,0.0,0.0,0.0,0.0,0.0,BALANCED,0.0
2019-12-03,UCO,ARCX:UCO,0.0,17.17,0.005,0.0,0.0,0.0,0.0,0.0,0.0,BALANCED,0.0
2019-12-04,UCO,ARCX:UCO,0.0,18.6,0.0831,0.0,0.0,0.0,0.0,0.0,0.0,BALANCED,0.0
2019-12-05,UCO,ARCX:UCO,0.0,18.6,0.0,0.0,0.0,0.0,0.0,0.0,0.0,BALANCED,0.0
2019-12-06,UCO,ARCX:UCO,0.0,19.09,0.0264,0.0,0.0,0.0,0.0,0.0,0.0,BALANCED,0.0
2019-12-09,UCO,ARCX:UCO,0.0,18.98,-0.0058,0.0,0.0,0.0,0.0,0.0,0.0,BALANCED,0.0
2019-12-10,UCO,ARCX:UCO,0.0,19.12,0.0077,0.0,0.0,0.0,0.0,0.0,0.0,BALANCED,0.0
2019-12-11,UCO,ARCX:UCO,0.0,18.8,-0.0171,0.0,0.0,0.0,0.0,0.0,0.0,BALANCED,0.0
2019-12-12,UCO,ARCX:UCO,0.0,19.06,0.0138,0.0,0.0,0.0,0.0,0.0,0.0,BALANCED,0.0
2019-12-13,UCO,ARCX:UCO,0.0,19.65,0.031,0.0,0.0,0.0,0.0,0.0,0.0,BALANCED,0.0
2019-12-16,UCO,ARCX:UCO,0.0,19.77,0.006,0.0,0.0,0.0,0.0,0.0,0.0,BALANCED,0.0
2019-12-17,UCO,ARCX:UCO,0.0,20.22,0.0227,0.0,0.0,0.0,0.0,0.0,0.0,BALANCED,0.0
2019-12-18,UCO,ARCX:UCO,0.0,20.24,0.001,0.0,0.0,0.0,0.0,0.0,0.0,BALANCED,0.0
2019-12-19,UCO,ARCX:UCO,0.0,20.45,0.0106,0.0,0.0,0.0,0.0,0.0,0.0,BALANCED,0.0
2019-12-20,UCO,ARCX:UCO,0.0,20.03,-0.0207,0.0,0.0,0.0,0.0,0.0,0.0,BALANCED,0.0
2019-12-23,UCO,ARCX:UCO,0.0,20.09,0.0033,0.0,0.0,0.0,0.0,0.0,0.0,BALANCED,0.0
2019-12-24,UCO,ARCX:UCO,0.0,20.49,0.0196,0.0,0.0,0.0,0.0,0.0,0.0,BALANCED,0.0
2019-12-26,UCO,ARCX:UCO,0.0,20.85,0.0177,0.0,0.0,0.0,0.0,0.0,0.0,BALANCED,0.0
2019-12-27,UCO,ARCX:UCO,0.0,20.88,0.0016,0.0,0.0,0.0,0.0,0.0,0.0,BALANCED,0.0
2019-12-30,UCO,ARCX:UCO,0.0,20.82,-0.0029,0.0,0.0,0.0,0.0,0.0,0.0,BALANCED,0.0
2019-12-31,UCO,ARCX:UCO,0.0,20.37,-0.0218,0.0,0.0,0.0,0.0,0.0,0.0,BALANCED,0.0
2020-01-02,UCO,ARCX:UCO,0.0,20.49,0.0059,0.0,0.0,0.0,0.0,0.0,0.0,BALANCED,0.0
2020-01-03,UCO,ARCX:UCO,0.0,21.75,0.0613,0.0,0.0,0.0,0.0,0.0,0.0,BALANCED,0.0
2020-01-06,UCO,ARCX:UCO,0.0,21.9,0.007,0.0,0.0,0.0,0.0,0.0,0.0,BALANCED,0.0
2020-01-07,UCO,ARCX:UCO,0.0,21.53,-0.0168,0.0,0.0,0.0,0.0,0.0,0.0,BALANCED,0.0
2020-01-08,UCO,ARCX:UCO,0.0,19.43,-0.0976,0.0,0.0,0.0,0.0,0.0,0.0,BALANCED,0.0
2020-01-09,UCO,ARCX:UCO,0.0,19.42,-0.0007,0.0,0.0,0.0,0.0,0.0,0.0,BALANCED,0.0
2020-01-10,UCO,ARCX:UCO,0.0,19.12,-0.0151,0.0,0.0,0.0,0.0,0.0,0.0,BALANCED,0.0
2020-01-13,UCO,ARCX:UCO,0.0,18.53,-0.0308,0.0,0.0,0.0,0.0,0.0,0.0,BALANCED,0.0
2020-01-14,UCO,ARCX:UCO,0.0,18.65,0.0062,0.0,0.0,0.0,0.0,0.0,0.0,BALANCED,0.0
2020-01-15,UCO,ARCX:UCO,0.0,18.38,-0.0144,0.0,0.0,0.0,0.0,0.0,0.0,BALANCED,0.0
2020-01-16,UCO,ARCX:UCO,0.0,18.82,0.0239,0.0,0.0,0.0,0.0,0.0,0.0,BALANCED,0.0
2020-01-17,UCO,ARCX:UCO,0.0,18.85,0.0017,0.0,0.0,0.0,0.0,0.0,0.0,BALANCED,0.0
2020-01-21,UCO,ARCX:UCO,0.0,18.72,-0.0068,0.0,0.0,0.0,0.0,0.0,0.0,BALANCED,0.0
2020-01-22,UCO,ARCX:UCO,0.0,17.67,-0.0562,0.0,0.0,0.0,0.0,0.0,0.0,BALANCED,0.0
2020-01-23,UCO,ARCX:UCO,0.0,16.95,-0.0405,0.0,0.0,0.0,0.0,0.0,0.0,BALANCED,0.0
2020-01-24,UCO,ARCX:UCO,0.0,16.1,-0.0504,0.0,0.0,0.0,0.0,0.0,0.0,BALANCED,0.0
2020-01-27,UCO,ARCX:UCO,0.0,15.48,-0.0387,0.0,0.0,0.0,0.0,0.0,0.0,BALANCED,0.0
2020-01-28,UCO,ARCX:UCO,0.0,15.68,0.0128,0.0,0.0,0.0,0.0,0.0,0.0,BALANCED,0.0
2020-01-29,UCO,ARCX:UCO,0.0,15.59,-0.0056,0.0,0.0,0.0,0.0,0.0,0.0,BALANCED,0.0
2020-01-30,UCO,ARCX:UCO,0.0,14.89,-0.0446,0.0,0.0,0.0,0.0,0.0,0.0,BALANCED,0.0
2020-01-31,UCO,ARCX:UCO,0.0,14.56,-0.0222,0.0,0.0,0.0,0.0,0.0,0.0,BALANCED,0.0
2020-02-03,UCO,ARCX:UCO,0.0,13.74,-0.0562,0.0,0.0,0.0,0.0,0.0,0.0,BALANCED,0.0
2020-02-04,UCO,ARCX:UCO,0.0,13.47,-0.02,0.0,0.0,0.0,0.0,0.0,0.0,BALANCED,0.0
2020-02-05,UCO,ARCX:UCO,0.0,14.09,0.046,0.0,0.0,0.0,0.0,0.0,0.0,BALANCED,0.0
2020-02-06,UCO,ARCX:UCO,0.0,14.2,0.0079,0.0,0.0,0.0,0.0,0.0,0.0,BALANCED,0.0
2020-02-07,UCO,ARCX:UCO,0.0,13.85,-0.0247,0.0,0.0,0.0,0.0,0.0,0.0,BALANCED,0.0
2020-02-10,UCO,ARCX:UCO,0.0,13.43,-0.0301,0.0,0.0,0.0,0.0,0.0,0.0,BALANCED,0.0
2020-02-11,UCO,ARCX:UCO,0.0,13.64,0.0157,0.0,0.0,0.0,0.0,0.0,0.0,BALANCED,0.0
2020-02-12,UCO,ARCX:UCO,0.0,14.31,0.0489,0.0,0.0,0.0,0.0,0.0,0.0,BALANCED,0.0
2020-02-13,UCO,ARCX:UCO,0.0,14.45,0.0097,0.0,0.0,0.0,0.0,0.0,0.0,BALANCED,0.0
2020-02-14,UCO,ARCX:UCO,0.0,14.82,0.0258,0.0,0.0,0.0,0.0,0.0,0.0,BALANCED,0.0
2020-02-18,UCO,ARCX:UCO,0.0,14.81,-0.0008,0.0,0.0,0.0,0.0,0.0,0.0,BALANCED,0.0
2020-02-19,UCO,ARCX:UCO,0.0,15.46,0.0441,0.0,0.0,0.0,0.0,0.0,0.0,BALANCED,0.0
2020-02-20,UCO,ARCX:UCO,0.0,15.65,0.0119,0.0,0.0,0.0,0.0,0.0,0.0,BALANCED,0.0
2020-02-21,UCO,ARCX:UCO,0.0,15.32,-0.0207,0.0,0.0,0.0,0.0,0.0,0.0,BALANCED,0.0
2020-02-24,UCO,ARCX:UCO,0.0,14.22,-0.0718,0.0,0.0,0.0,0.0,0.0,0.0,BALANCED,0.0
2020-02-25,UCO,ARCX:UCO,0.0,13.38,-0.0589,0.0,0.0,0.0,0.0,0.0,0.0,BALANCED,0.0
2020-02-26,UCO,ARCX:UCO,0.0,12.75,-0.0471,0.0,0.0,0.0,0.0,0.0,0.0,BALANCED,0.0
2020-02-27,UCO,ARCX:UCO,0.0,11.92,-0.0651,0.0,0.0,0.0,0.0,0.0,0.0,BALANCED,0.0
2020-02-28,UCO,ARCX:UCO,0.0,10.74,-0.0994,0.0,0.0,0.0,0.0,0.0,0.0,BALANCED,0.0
2020-03-02,UCO,ARCX:UCO,0.0,11.68,0.0881,0.0,0.0,0.0,0.0,0.0,0.0,BALANCED,0.0
2020-03-03,UCO,ARCX:UCO,0.0,11.89,0.0175,0.0,0.0,0.0,0.0,0.0,0.0,BALANCED,0.0
2020-03-04,UCO,ARCX:UCO,0.0,11.7,-0.0161,0.0,0.0,0.0,0.0,0.0,0.0,BALANCED,0.0
2020-03-05,UCO,ARCX:UCO,0.0,11.25,-0.0379,0.0,0.0,0.0,0.0,0.0,0.0,BALANCED,0.0
2020-03-06,UCO,ARCX:UCO,0.0,9.03,-0.1976,0.0,0.0,0.0,0.0,0.0,0.0,BALANCED,0.0
2020-03-09,UCO,ARCX:UCO,0.0,4.67,-0.4833,0.0,0.0,0.0,0.0,0.0,0.0,BALANCED,0.0
2020-03-10,UCO,ARCX:UCO,0.0,5.63,0.2072,0.0,0.0,0.0,0.0,0.0,0.0,BALANCED,0.0
2020-03-11,UCO,ARCX:UCO,0.0,5.2,-0.0772,0.0,0.0,0.0,0.0,0.0,0.0,BALANCED,0.0
2020-03-12,UCO,ARCX:UCO,0.0,4.76,-0.0844,0.0,0.0,0.0,0.0,0.0,0.0,BALANCED,0.0
2020-03-13,UCO,ARCX:UCO,0.0,4.8,0.008,0.0,0.0,0.0,0.0,0.0,0.0,BALANCED,0.0
2020-03-16,UCO,ARCX:UCO,0.0,3.87,-0.1935,0.0,0.0,0.0,0.0,0.0,0.0,BALANCED,0.0
2020-03-17,UCO,ARCX:UCO,0.0,3.42,-0.115,0.0,0.0,0.0,0.0,0.0,0.0,BALANCED,0.0
2020-03-18,UCO,ARCX:UCO,0.0,1.8,-0.4756,0.0,0.0,0.0,0.0,0.0,0.0,BALANCED,0.0
2020-03-19,UCO,ARCX:UCO,0.0,2.67,0.4875,0.0,0.0,0.0,0.0,0.0,0.0,BALANCED,0.0
2020-03-20,UCO,ARCX:UCO,0.0,1.99,-0.2532,0.0,0.0,0.0,0.0,0.0,0.0,BALANCED,0.0
2020-03-23,UCO,ARCX:UCO,0.0,2.12,0.0643,0.0,0.0,0.0,0.0,0.0,0.0,BALANCED,0.0
2020-03-24,UCO,ARCX:UCO,0.0,2.24,0.0552,0.0,0.0,0.0,0.0,0.0,0.0,BALANCED,0.0
2020-03-25,UCO,ARCX:UCO,0.0,2.33,0.04,0.0,0.0,0.0,0.0,0.0,0.0,BALANCED,0.0
2020-03-26,UCO,ARCX:UCO,0.0,1.97,-0.1544,0.0,0.0,0.0,0.0,0.0,0.0,BALANCED,0.0
2020-03-27,UCO,ARCX:UCO,0.0,1.78,-0.0964,0.0,0.0,0.0,0.0,0.0,0.0,BALANCED,0.0
2020-03-30,UCO,ARCX:UCO,0.0,1.55,-0.1321,0.0,0.0,0.0,0.0,0.0,0.0,BALANCED,0.0
2020-03-31,UCO,ARCX:UCO,0.0,1.6,0.0387,0.0,0.0,0.0,0.0,0.0,0.0,BALANCED,0.0
2020-04-01,UCO,ARCX:UCO,0.0,1.58,-0.0166,0.0,0.0,0.0,0.0,0.0,0.0,BALANCED,0.0
2020-04-02,UCO,ARCX:UCO,0.0,2.36,0.4931,0.0,0.0,0.0,0.0,0.0,0.0,BALANCED,0.0
2020-04-03,UCO,ARCX:UCO,0.0,2.92,0.2384,0.0,0.0,0.0,0.0,0.0,0.0,BALANCED,0.0
2020-04-06,UCO,ARCX:UCO,0.0,2.45,-0.1596,0.0,0.0,0.0,0.0,0.0,0.0,BALANCED,0.0
2020-04-07,UCO,ARCX:UCO,0.0,1.99,-0.188,0.0,0.0,0.0,0.0,0.0,0.0,BALANCED,0.0
2020-04-08,UCO,ARCX:UCO,0.0,2.21,0.1093,0.0,0.0,0.0,0.0,0.0,0.0,BALANCED,0.0
2020-04-09,UCO,ARCX:UCO,0.0,1.93,-0.1251,0.0,0.0,0.0,0.0,0.0,0.0,BALANCED,0.0
2020-04-13,UCO,ARCX:UCO,0.0,1.99,0.0306,0.0,0.0,0.0,0.0,0.0,0.0,BALANCED,0.0
2020-04-14,UCO,ARCX:UCO,0.0,1.82,-0.0864,0.0,0.0,0.0,0.0,0.0,0.0,BALANCED,0.0
2020-04-15,UCO,ARCX:UCO,0.0,1.6,-0.1199,0.0,0.0,0.0,0.0,0.0,0.0,BALANCED,0.0
2020-04-16,UCO,ARCX:UCO,0.0,1.56,-0.0274,0.0,0.0,0.0,0.0,0.0,0.0,BALANCED,0.0
2020-04-17,UCO,ARCX:UCO,0.0,1.54,-0.0089,0.0,0.0,0.0,0.0,0.0,0.0,BALANCED,0.0
2020-04-20,UCO,ARCX:UCO,0.0,1.21,-0.2136,0.0,0.0,0.0,0.0,0.0,0.0,BALANCED,0.0
2020-04-21,UCO,ARCX:UCO,0.0,12.83,-0.5773,0.0,0.0,0.0,0.0,0.0,0.0,BALANCED,0.0
2020-04-22,UCO,ARCX:UCO,0.0,15.55,0.212,0.0,0.0,0.0,0.0,0.0,0.0,BALANCED,0.0
2020-04-23,UCO,ARCX:UCO,0.0,16.67,0.0724,0.0,0.0,0.0,0.0,0.0,0.0,BALANCED,0.0
2020-04-24,UCO,ARCX:UCO,0.0,16.32,-0.0215,0.0,0.0,0.0,0.0,0.0,0.0,BALANCED,0.0
2020-04-27,UCO,ARCX:UCO,0.0,12.3,-0.2463,0.0,0.0,0.0,0.0,0.0,0.0,BALANCED,0.0
2020-04-28,UCO,ARCX:UCO,0.0,12.02,-0.0224,0.0,0.0,0.0,0.0,0.0,0.0,BALANCED,0.0
2020-04-29,UCO,ARCX:UCO,0.0,12.75,0.0606,0.0,0.0,0.0,0.0,0.0,0.0,BALANCED,0.0
2020-04-30,UCO,ARCX:UCO,0.0,14.68,0.1516,0.0,0.0,0.0,0.0,0.0,0.0,BALANCED,0.0
2020-05-01,UCO,ARCX:UCO,0.0,13.92,-0.0518,0.0,0.0,0.0,0.0,0.0,0.0,BALANCED,0.0
2020-05-04,UCO,ARCX:UCO,0.0,14.33,0.0294,0.0,0.0,0.0,0.0,0.0,0.0,BALANCED,0.0
2020-05-05,UCO,ARCX:UCO,0.0,17.49,0.2206,0.0,0.0,0.0,0.0,0.0,0.0,BALANCED,0.0
2020-05-06,UCO,ARCX:UCO,0.0,16.2,-0.0739,0.0,0.0,0.0,0.0,0.0,0.0,BALANCED,0.0
2020-05-07,UCO,ARCX:UCO,0.0,15.78,-0.026,0.0,0.0,0.0,0.0,0.0,0.0,BALANCED,0.0
2020-05-08,UCO,ARCX:UCO,0.0,17.7,0.1215,0.0,0.0,0.0,0.0,0.0,0.0,BALANCED,0.0
2020-05-11,UCO,ARCX:UCO,0.0,16.05,-0.0932,0.0,0.0,0.0,0.0,0.0,0.0,BALANCED,0.0
2020-05-12,UCO,ARCX:UCO,0.0,16.35,0.0188,0.0,0.0,0.0,0.0,0.0,0.0,BALANCED,0.0
2020-05-13,UCO,ARCX:UCO,0.0,15.65,-0.0425,0.0,0.0,0.0,0.0,0.0,0.0,BALANCED,0.0
2020-05-14,UCO,ARCX:UCO,0.0,17.2,0.0986,0.0,0.0,0.0,0.0,0.0,0.0,BALANCED,0.0
2020-05-15,UCO,ARCX:UCO,0.0,18.51,0.0765,0.0,0.0,0.0,0.0,0.0,0.0,BALANCED,0.0
2020-05-18,UCO,ARCX:UCO,0.0,21.05,0.1368,0.0,0.0,0.0,0.0,0.0,0.0,BALANCED,0.0
2020-05-19,UCO,ARCX:UCO,0.0,21.2,0.0074,0.0,0.0,0.0,0.0,0.0,0.0,BALANCED,0.0
2020-05-20,UCO,ARCX:UCO,0.0,22.81,0.0757,0.0,0.0,0.0,0.0,0.0,0.0,BALANCED,0.0
2020-05-21,UCO,ARCX:UCO,0.0,23.38,0.0253,0.0,0.0,0.0,0.0,0.0,0.0,BALANCED,0.0
2020-05-22,UCO,ARCX:UCO,0.0,22.55,-0.0356,0.0,0.0,0.0,0.0,0.0,0.0,BALANCED,0.0
2020-05-26,UCO,ARCX:UCO,0.0,23.94,0.0615,0.0,0.0,0.0,0.0,0.0,0.0,BALANCED,0.0
2020-05-27,UCO,ARCX:UCO,0.0,21.91,-0.0847,0.0,0.0,0.0,0.0,0.0,0.0,BALANCED,0.0
2020-05-28,UCO,ARCX:UCO,0.0,22.88,0.0444,0.0,0.0,0.0,0.0,0.0,0.0,BALANCED,0.0
2020-05-29,UCO,ARCX:UCO,0.0,25.0,0.0926,0.0,0.0,0.0,0.0,0.0,0.0,BALANCED,0.0
2020-06-01,UCO,ARCX:UCO,0.0,24.95,-0.002,0.0,0.0,0.0,0.0,0.0,0.0,BALANCED,0.0
2020-06-02,UCO,ARCX:UCO,0.0,26.49,0.0616,0.0,0.0,0.0,0.0,0.0,0.0,BALANCED,0.0
2020-06-03,UCO,ARCX:UCO,0.0,27.22,0.0275,0.0,0.0,0.0,0.0,0.0,0.0,BALANCED,0.0
2020-06-04,UCO,ARCX:UCO,0.0,27.45,0.0085,0.0,0.0,0.0,0.0,0.0,0.0,BALANCED,0.0
2020-06-05,UCO,ARCX:UCO,0.0,30.22,0.1009,0.0,0.0,0.0,0.0,0.0,0.0,BALANCED,0.0
2020-06-08,UCO,ARCX:UCO,0.0,28.16,-0.0681,0.0,0.0,0.0,0.0,0.0,0.0,BALANCED,0.0
2020-06-09,UCO,ARCX:UCO,0.0,29.21,0.0373,0.0,0.0,0.0,0.0,0.0,0.0,BALANCED,0.0
2020-06-10,UCO,ARCX:UCO,0.0,30.04,0.0284,0.0,0.0,0.0,0.0,0.0,0.0,BALANCED,0.0
2020-06-11,UCO,ARCX:UCO,0.0,25.41,-0.154,0.0,0.0,0.0,0.0,0.0,0.0,BALANCED,0.0
2020-06-12,UCO,ARCX:UCO,0.0,25.39,-0.0009,0.0,0.0,0.0,0.0,0.0,0.0,BALANCED,0.0
2020-06-15,UCO,ARCX:UCO,0.0,26.69,0.0513,0.0,0.0,0.0,0.0,0.0,0.0,BALANCED,0.0
2020-06-16,UCO,ARCX:UCO,0.0,28.29,0.0596,0.0,0.0,0.0,0.0,0.0,0.0,BALANCED,0.0
2020-06-17,UCO,ARCX:UCO,0.0,27.53,-0.0265,0.0,0.0,0.0,0.0,0.0,0.0,BALANCED,0.0
2020-06-18,UCO,ARCX:UCO,0.0,28.67,0.0412,0.0,0.0,0.0,0.0,0.0,0.0,BALANCED,0.0
2020-06-19,UCO,ARCX:UCO,0.0,29.62,0.0331,0.0,0.0,0.0,0.0,0.0,0.0,BALANCED,0.0
2020-06-22,UCO,ARCX:UCO,0.0,30.97,0.0458,0.0,0.0,0.0,0.0,0.0,0.0,BALANCED,0.0
2020-06-23,UCO,ARCX:UCO,0.0,30.48,-0.0161,0.0,0.0,0.0,0.0,0.0,0.0,BALANCED,0.0
2020-06-24,UCO,ARCX:UCO,0.0,27.13,-0.1099,0.0,0.0,0.0,0.0,0.0,0.0,BALANCED,0.0
2020-06-25,UCO,ARCX:UCO,0.0,28.11,0.0364,0.0,0.0,0.0,0.0,0.0,0.0,BALANCED,0.0
2020-06-26,UCO,ARCX:UCO,0.0,27.69,-0.0151,0.0,0.0,0.0,0.0,0.0,0.0,BALANCED,0.0
2020-06-29,UCO,ARCX:UCO,0.0,29.31,0.0585,0.0,0.0,0.0,0.0,0.0,0.0,BALANCED,0.0
2020-06-30,UCO,ARCX:UCO,0.0,28.61,-0.024,0.0,0.0,0.0,0.0,0.0,0.0,BALANCED,0.0
2020-07-01,UCO,ARCX:UCO,0.0,29.49,0.0308,0.0,0.0,0.0,0.0,0.0,0.0,BALANCED,0.0
2020-07-02,UCO,ARCX:UCO,0.0,30.64,0.0392,0.0,0.0,0.0,0.0,0.0,0.0,BALANCED,0.0
2020-07-06,UCO,ARCX:UCO,0.0,30.6,-0.0014,0.0,0.0,0.0,0.0,0.0,0.0,BALANCED,0.0
2020-07-07,UCO,ARCX:UCO,0.0,30.53,-0.0023,0.0,0.0,0.0,0.0,0.0,0.0,BALANCED,0.0
2020-07-08,UCO,ARCX:UCO,0.0,31.04,0.0169,0.0,0.0,0.0,0.0,0.0,0.0,BALANCED,0.0
2020-07-09,UCO,ARCX:UCO,0.0,29.4,-0.0529,0.0,0.0,0.0,0.0,0.0,0.0,BALANCED,0.0
2020-07-10,UCO,ARCX:UCO,0.0,30.71,0.0444,0.0,0.0,0.0,0.0,0.0,0.0,BALANCED,0.0
2020-07-13,UCO,ARCX:UCO,0.0,30.01,-0.0225,0.0,0.0,0.0,0.0,0.0,0.0,BALANCED,0.0
2020-07-14,UCO,ARCX:UCO,0.0,30.37,0.0118,0.0,0.0,0.0,0.0,0.0,0.0,BALANCED,0.0
2020-07-15,UCO,ARCX:UCO,0.0,31.57,0.0396,0.0,0.0,0.0,0.0,0.0,0.0,BALANCED,0.0
2020-07-16,UCO,ARCX:UCO,0.0,30.89,-0.0217,0.0,0.0,0.0,0.0,0.0,0.0,BALANCED,0.0
2020-07-17,UCO,ARCX:UCO,0.0,30.69,-0.0064,0.0,0.0,0.0,0.0,0.0,0.0,BALANCED,0.0
2020-07-20,UCO,ARCX:UCO,0.0,30.88,0.0064,0.0,0.0,0.0,0.0,0.0,0.0,BALANCED,0.0
2020-07-21,UCO,ARCX:UCO,0.0,32.27,0.0447,0.0,0.0,0.0,0.0,0.0,0.0,BALANCED,0.0
2020-07-22,UCO,ARCX:UCO,0.0,32.26,-0.0,0.0,0.0,0.0,0.0,0.0,0.0,BALANCED,0.0
2020-07-23,UCO,ARCX:UCO,0.0,31.04,-0.038,0.0,0.0,0.0,0.0,0.0,0.0,BALANCED,0.0
2020-07-24,UCO,ARCX:UCO,0.0,31.45,0.0132,0.0,0.0,0.0,0.0,0.0,0.0,BALANCED,0.0
2020-07-27,UCO,ARCX:UCO,0.0,31.98,0.017,0.0,0.0,0.0,0.0,0.0,0.0,BALANCED,0.0
2020-07-28,UCO,ARCX:UCO,0.0,31.25,-0.0229,0.0,0.0,0.0,0.0,0.0,0.0,BALANCED,0.0
2020-07-29,UCO,ARCX:UCO,0.0,31.67,0.0136,0.0,0.0,0.0,0.0,0.0,0.0,BALANCED,0.0
2020-07-30,UCO,ARCX:UCO,0.0,29.84,-0.058,0.0,0.0,0.0,0.0,0.0,0.0,BALANCED,0.0
2020-07-31,UCO,ARCX:UCO,0.0,30.3,0.0154,0.0,0.0,0.0,0.0,0.0,0.0,BALANCED,0.0
2020-08-03,UCO,ARCX:UCO,0.0,31.42,0.037,0.0,0.0,0.0,0.0,0.0,0.0,BALANCED,0.0
2020-08-04,UCO,ARCX:UCO,0.0,32.22,0.0256,0.0,0.0,0.0,0.0,0.0,0.0,BALANCED,0.0
2020-08-05,UCO,ARCX:UCO,0.0,33.05,0.0259,0.0,0.0,0.0,0.0,0.0,0.0,BALANCED,0.0
2020-08-06,UCO,ARCX:UCO,0.0,32.79,-0.0079,0.0,0.0,0.0,0.0,0.0,0.0,BALANCED,0.0
2020-08-07,UCO,ARCX:UCO,0.0,31.72,-0.0326,0.0,0.0,0.0,0.0,0.0,0.0,BALANCED,0.0
2020-08-10,UCO,ARCX:UCO,0.0,32.58,0.0268,0.0,0.0,0.0,0.0,0.0,0.0,BALANCED,0.0
2020-08-11,UCO,ARCX:UCO,0.0,32.14,-0.0133,0.0,0.0,0.0,0.0,0.0,0.0,BALANCED,0.0
2020-08-12,UCO,ARCX:UCO,0.0,33.58,0.0449,0.0,0.0,0.0,0.0,0.0,0.0,BALANCED,0.0
2020-08-13,UCO,ARCX:UCO,0.0,33.08,-0.0151,0.0,0.0,0.0,0.0,0.0,0.0,BALANCED,0.0
2020-08-14,UCO,ARCX:UCO,0.0,32.88,-0.0059,0.0,0.0,0.0,0.0,0.0,0.0,BALANCED,0.0
2020-08-17,UCO,ARCX:UCO,0.0,34.0,0.034,0.0,0.0,0.0,0.0,0.0,0.0,BALANCED,0.0
2020-08-18,UCO,ARCX:UCO,0.0,33.99,-0.0002,0.0,0.0,0.0,0.0,0.0,0.0,BALANCED,0.0
2020-08-19,UCO,ARCX:UCO,0.0,33.91,-0.0025,0.0,0.0,0.0,0.0,0.0,0.0,BALANCED,0.0
2020-08-20,UCO,ARCX:UCO,0.0,33.49,-0.0123,0.0,0.0,0.0,0.0,0.0,0.0,BALANCED,0.0
2020-08-21,UCO,ARCX:UCO,0.0,32.79,-0.021,0.0,0.0,0.0,0.0,0.0,0.0,BALANCED,0.0
2020-08-24,UCO,ARCX:UCO,0.0,33.35,0.017,0.0,0.0,0.0,0.0,0.0,0.0,BALANCED,0.0
2020-08-25,UCO,ARCX:UCO,0.0,34.28,0.0279,0.0,0.0,0.0,0.0,0.0,0.0,BALANCED,0.0
2020-08-26,UCO,ARCX:UCO,0.0,34.35,0.0022,0.0,0.0,0.0,0.0,0.0,0.0,BALANCED,0.0
2020-08-27,UCO,ARCX:UCO,0.0,33.73,-0.0182,0.0,0.0,0.0,0.0,0.0,0.0,BALANCED,0.0
2020-08-28,UCO,ARCX:UCO,0.0,33.84,0.0032,0.0,0.0,0.0,0.0,0.0,0.0,BALANCED,0.0
2020-08-31,UCO,ARCX:UCO,0.0,33.17,-0.0197,0.0,0.0,0.0,0.0,0.0,0.0,BALANCED,0.0
2020-09-01,UCO,ARCX:UCO,0.0,33.53,0.0108,0.0,0.0,0.0,0.0,0.0,0.0,BALANCED,0.0
2020-09-02,UCO,ARCX:UCO,0.0,31.85,-0.0501,0.0,0.0,0.0,0.0,0.0,0.0,BALANCED,0.0
2020-09-03,UCO,ARCX:UCO,0.0,31.73,-0.0038,0.0,0.0,0.0,0.0,0.0,0.0,BALANCED,0.0
2020-09-04,UCO,ARCX:UCO,0.0,29.63,-0.0662,0.0,0.0,0.0,0.0,0.0,0.0,BALANCED,0.0
2020-09-08,UCO,ARCX:UCO,0.0,25.61,-0.1356,0.0,0.0,0.0,0.0,0.0,0.0,BALANCED,0.0
2020-09-09,UCO,ARCX:UCO,0.0,27.07,0.0569,0.0,0.0,0.0,0.0,0.0,0.0,BALANCED,0.0
2020-09-10,UCO,ARCX:UCO,7836000.0,26.12,-0.0351,7836000.0,7836000.0,0.0,5.2947,7836000.0,7836000.0,ACCUMULATION,100.0
2020-09-11,UCO,ARCX:UCO,0.0,26.05,-0.0027,7836000.0,0.0,0.0,-0.1826,7836000.0,7836000.0,BALANCED,5.4356
2020-09-14,UCO,ARCX:UCO,0.0,25.95,-0.0038,7836000.0,0.0,0.0,-0.1826,7836000.0,7836000.0,BALANCED,5.4356
2020-09-15,UCO,ARCX:UCO,-32592000.0,27.16,0.0466,-24756000.0,0.0,-32592000.0,-5.1504,-24756000.0,-24756000.0,DISTRIBUTION,-100.0
2020-09-16,UCO,ARCX:UCO,-14710000.0,29.42,0.0832,-39466000.0,0.0,-14710000.0,-2.0098,-39466000.0,-39466000.0,DISTRIBUTION,-64.2445
2020-09-17,UCO,ARCX:UCO,0.0,30.26,0.0285,-39466000.0,0.0,0.0,0.1974,-47302000.0,-39466000.0,BALANCED,-5.0653
2020-09-18,UCO,ARCX:UCO,-49863000.0,30.22,-0.0013,-89329000.0,0.0,-49863000.0,-4.2315,-97165000.0,-89329000.0,DISTRIBUTION,-100.0
2020-09-21,UCO,ARCX:UCO,-12586000.0,27.97,-0.0745,-101915000.0,0.0,-12586000.0,-0.8203,-109751000.0,-101915000.0,BALANCED,-34.5086
2020-09-22,UCO,ARCX:UCO,8478000.0,28.26,0.0104,-93437000.0,8478000.0,0.0,1.0173,-68681000.0,-93437000.0,BALANCED,17.4332
2020-09-23,UCO,ARCX:UCO,0.0,28.4,0.005,-93437000.0,0.0,0.0,0.2733,-53971000.0,-93437000.0,BALANCED,-3.1669
2020-09-24,UCO,ARCX:UCO,0.0,28.91,0.018,-93437000.0,0.0,0.0,0.2733,-53971000.0,-93437000.0,BALANCED,-3.1669
2020-09-25,UCO,ARCX:UCO,-20125000.0,28.75,-0.0055,-113562000.0,0.0,-20125000.0,-1.3858,-24233000.0,-113562000.0,BALANCED,-46.6444
2020-09-28,UCO,ARCX:UCO,0.0,29.21,0.016,-113562000.0,0.0,0.0,0.321,-11647000.0,-113562000.0,BALANCED,-1.9739
2020-09-29,UCO,ARCX:UCO,0.0,27.53,-0.0575,-113562000.0,0.0,0.0,0.321,-20125000.0,-113562000.0,BALANCED,-1.9739
2020-09-30,UCO,ARCX:UCO,2874000.0,28.74,0.044,-110688000.0,2874000.0,0.0,0.5546,-17251000.0,-110688000.0,BALANCED,5.8656
2020-10-01,UCO,ARCX:UCO,6763000.0,27.05,-0.0588,-103925000.0,6763000.0,0.0,0.8544,-10488000.0,-103925000.0,BALANCED,15.3588
2020-10-02,UCO,ARCX:UCO,25000000.0,25.0,-0.0758,-78925000.0,25000000.0,0.0,2.1185,34637000.0,-78925000.0,ACCUMULATION,68.9636
2020-10-05,UCO,ARCX:UCO,35802000.0,27.54,0.1016,-43123000.0,35802000.0,0.0,2.5145,70439000.0,-43123000.0,ACCUMULATION,80.8635
2020-10-06,UCO,ARCX:UCO,-53835000.0,29.1,0.0566,-96958000.0,0.0,-53835000.0,-2.8713,16604000.0,-96958000.0,DISTRIBUTION,-63.7826
2020-10-07,UCO,ARCX:UCO,-8451000.0,28.17,-0.032,-105409000.0,0.0,-8451000.0,-0.2799,5279000.0,-105409000.0,BALANCED,-0.9983
2020-10-08,UCO,ARCX:UCO,-17730000.0,29.55,0.049,-123139000.0,0.0,-17730000.0,-0.7649,-19214000.0,-130975000.0,BALANCED,-35.1236
2020-10-09,UCO,ARCX:UCO,-28830000.0,28.83,-0.0244,-151969000.0,0.0,-28830000.0,-1.2949,-73044000.0,-159805000.0,BALANCED,-50.3719
2020-10-12,UCO,ARCX:UCO,-5502000.0,27.51,-0.0458,-157471000.0,0.0,-5502000.0,-0.0138,-114348000.0,-165307000.0,BALANCED,-20.3451
2020-10-13,UCO,ARCX:UCO,0.0,28.33,0.0298,-157471000.0,0.0,0.0,0.2864,-60513000.0,-132715000.0,BALANCED,-2.84
2020-10-14,UCO,ARCX:UCO,-5842000.0,29.21,0.0311,-163313000.0,0.0,-5842000.0,-0.0218,-57904000.0,-123847000.0,BALANCED,-12.544
2020-10-15,UCO,ARCX:UCO,0.0,28.98,-0.0079,-163313000.0,0.0,0.0,0.2975,-40174000.0,-123847000.0,BALANCED,-2.5636
2020-10-16,UCO,ARCX:UCO,-23032000.0,28.79,-0.0066,-186345000.0,0.0,-23032000.0,-0.9069,-34376000.0,-97016000.0,BALANCED,-34.6737
2020-10-19,UCO,ARCX:UCO,4313000.0,28.75,-0.0014,-182032000.0,4313000.0,0.0,0.5577,-24561000.0,-80117000.0,BALANCED,5.9431
2020-10-20,UCO,ARCX:UCO,-33971000.0,29.54,0.0275,-216003000.0,0.0,-33971000.0,-1.3905,-58532000.0,-122566000.0,BALANCED,-46.7617
2020-10-21,UCO,ARCX:UCO,0.0,27.44,-0.0711,-216003000.0,0.0,0.0,0.374,-52690000.0,-122566000.0,BALANCED,-0.6508
2020-10-22,UCO,ARCX:UCO,11280000.0,28.2,0.0277,-204723000.0,11280000.0,0.0,0.9488,-41410000.0,-111286000.0,BALANCED,15.7206
2020-10-23,UCO,ARCX:UCO,6793000.0,27.17,-0.0365,-197930000.0,6793000.0,0.0,0.7008,-11585000.0,-84368000.0,BALANCED,11.5195
2020-10-26,UCO,ARCX:UCO,0.0,25.71,-0.0537,-197930000.0,0.0,0.0,0.3521,-15898000.0,-84368000.0,BALANCED,-1.198
2020-10-27,UCO,ARCX:UCO,42928000.0,26.83,0.0436,-155002000.0,42928000.0,0.0,2.2649,61001000.0,-41440000.0,ACCUMULATION,68.6215
2020-10-28,UCO,ARCX:UCO,7314000.0,24.38,-0.0913,-147688000.0,7314000.0,0.0,0.523,68315000.0,-37000000.0,BALANCED,27.0758
2020-10-29,UCO,ARCX:UCO,66700000.0,23.0,-0.0566,-80988000.0,66700000.0,0.0,2.7774,123735000.0,22937000.0,ACCUMULATION,85.4358
2020-10-30,UCO,ARCX:UCO,19414000.0,22.84,-0.007,-61574000.0,19414000.0,0.0,0.8037,136356000.0,17351000.0,BALANCED,38.0916
2020-11-02,UCO,ARCX:UCO,6063000.0,24.25,0.0617,-55511000.0,6063000.0,0.0,0.1974,142419000.0,-12388000.0,BALANCED,24.9347
2020-11-03,UCO,ARCX:UCO,-21250000.0,25.0,0.0309,-76761000.0,0.0,-21250000.0,-0.9395,78241000.0,20197000.0,BALANCED,-15.4871
2020-11-04,UCO,ARCX:UCO,-35950000.0,26.63,0.0652,-112711000.0,0.0,-35950000.0,-1.4621,34977000.0,-7302000.0,BALANCED,-30.5515
2020-11-05,UCO,ARCX:UCO,-37932000.0,26.16,-0.0176,-150643000.0,0.0,-37932000.0,-1.4359,-69655000.0,-27504000.0,BALANCED,-51.8972
2020-11-06,UCO,ARCX:UCO,0.0,24.37,-0.0684,-150643000.0,0.0,0.0,0.0497,-89069000.0,1326000.0,BALANCED,-8.7567
2020-11-09,UCO,ARCX:UCO,0.0,27.69,0.1362,-150643000.0,0.0,0.0,0.0497,-95132000.0,6828000.0,BALANCED,-8.7567
2020-11-10,UCO,ARCX:UCO,-133455000.0,28.7,0.0365,-284098000.0,0.0,-133455000.0,-3.6885,-207337000.0,-126627000.0,DISTRIBUTION,-100.0
2020-11-11,UCO,ARCX:UCO,-76611000.0,28.91,0.0073,-360709000.0,0.0,-76611000.0,-1.8489,-247998000.0,-197396000.0,DISTRIBUTION,-60.2234
2020-11-12,UCO,ARCX:UCO,-31317000.0,28.47,-0.0152,-392026000.0,0.0,-31317000.0,-0.5861,-241383000.0,-228713000.0,BALANCED,-30.6535
2020-11-13,UCO,ARCX:UCO,-2722000.0,27.22,-0.0439,-394748000.0,0.0,-2722000.0,0.2139,-244105000.0,-208403000.0,BALANCED,-12.6529
2020-11-16,UCO,ARCX:UCO,-4264000.0,28.43,0.0445,-399012000.0,0.0,-4264000.0,0.2143,-248369000.0,-216980000.0,BALANCED,-14.6423
2020-11-17,UCO,ARCX:UCO,0.0,28.52,0.0032,-399012000.0,0.0,0.0,0.2909,-114914000.0,-183009000.0,BALANCED,-2.7279
2020-11-18,UCO,ARCX:UCO,0.0,28.95,0.0151,-399012000.0,0.0,0.0,0.2824,-38303000.0,-183009000.0,BALANCED,-2.9411
2020-11-19,UCO,ARCX:UCO,-5738000.0,28.69,-0.009,-404750000.0,0.0,-5738000.0,0.1054,-12724000.0,-200027000.0,BALANCED,-9.3661
2020-11-20,UCO,ARCX:UCO,-11692000.0,29.23,0.0188,-416442000.0,0.0,-11692000.0,-0.0835,-21694000.0,-218512000.0,BALANCED,-16.0876
2020-11-24,UCO,ARCX:UCO,-19218000.0,32.03,0.0958,-435660000.0,0.0,-19218000.0,-0.2883,-36648000.0,-237730000.0,BALANCED,-23.2086
2020-11-27,UCO,ARCX:UCO,-69132000.0,32.92,0.0278,-504792000.0,0.0,-69132000.0,-1.5934,-105780000.0,-349790000.0,DISTRIBUTION,-57.8356
2020-11-30,UCO,ARCX:UCO,0.0,32.52,-0.0122,-504792000.0,0.0,0.0,0.3147,-105780000.0,-357104000.0,BALANCED,-2.1321
2020-12-01,UCO,ARCX:UCO,-23587000.0,31.45,-0.0329,-528379000.0,0.0,-23587000.0,-0.3157,-123629000.0,-447391000.0,BALANCED,-19.8924
2020-12-02,UCO,ARCX:UCO,-4837000.0,32.25,0.0254,-533216000.0,0.0,-4837000.0,0.1861,-116774000.0,-471642000.0,BALANCED,-9.3467
2020-12-03,UCO,ARCX:UCO,0.0,32.55,0.0093,-533216000.0,0.0,0.0,0.3245,-97556000.0,-477705000.0,BALANCED,-1.8878
2020-12-04,UCO,ARCX:UCO,0.0,33.45,0.0276,-533216000.0,0.0,0.0,0.2947,-28424000.0,-456455000.0,BALANCED,-2.6336
2020-12-09,UCO,ARCX:UCO,-32850000.0,32.85,-0.0179,-566066000.0,0.0,-32850000.0,-0.5875,-61274000.0,-453355000.0,BALANCED,-26.6879
2020-12-10,UCO,ARCX:UCO,-3433000.0,34.33,0.0451,-569499000.0,0.0,-3433000.0,0.2436,-41120000.0,-418856000.0,BALANCED,-7.9112
2020-12-11,UCO,ARCX:UCO,-30645000.0,34.05,-0.0082,-600144000.0,0.0,-30645000.0,-0.4815,-66928000.0,-449501000.0,BALANCED,-28.0384
2020-12-14,UCO,ARCX:UCO,8660000.0,34.64,0.0173,-591484000.0,8660000.0,0.0,0.6059,-58268000.0,-440841000.0,BALANCED,7.1474
2020-12-15,UCO,ARCX:UCO,-5311000.0,35.41,0.0222,-596795000.0,0.0,-5311000.0,0.2737,-63579000.0,-312697000.0,BALANCED,-5.1566
2020-12-16,UCO,ARCX:UCO,0.0,35.78,0.0104,-596795000.0,0.0,0.0,0.437,-30729000.0,-236086000.0,BALANCED,0.9239
2020-12-17,UCO,ARCX:UCO,-27487000.0,36.65,0.0243,-624282000.0,0.0,-27487000.0,-0.306,-54783000.0,-232256000.0,BALANCED,-19.6505
2020-12-18,UCO,ARCX:UCO,-11256000.0,37.52,0.0237,-635538000.0,0.0,-11256000.0,0.2639,-35394000.0,-240790000.0,BALANCED,-7.4033
2020-12-21,UCO,ARCX:UCO,-3577000.0,35.77,-0.0466,-639115000.0,0.0,-3577000.0,0.536,-47631000.0,-240103000.0,BALANCED,-2.5995
2020-12-22,UCO,ARCX:UCO,5180000.0,34.53,-0.0347,-633935000.0,5180000.0,0.0,0.7929,-37140000.0,-234923000.0,BALANCED,11.8234
2020-12-23,UCO,ARCX:UCO,1800000.0,36.0,0.0426,-632135000.0,1800000.0,0.0,0.6373,-35340000.0,-233123000.0,BALANCED,9.9322
2020-12-24,UCO,ARCX:UCO,-1807000.0,36.14,0.0039,-633942000.0,0.0,-1807000.0,0.479,-9660000.0,-229192000.0,BALANCED,-0.0255
2020-12-28,UCO,ARCX:UCO,0.0,35.41,-0.0202,-633942000.0,0.0,0.0,0.5395,1596000.0,-217500000.0,BALANCED,23.4873
2020-12-29,UCO,ARCX:UCO,8978000.0,35.91,0.0141,-624964000.0,8978000.0,0.0,0.8243,14151000.0,-189304000.0,BALANCED,32.6073
2020-12-30,UCO,ARCX:UCO,-16326000.0,36.28,0.0103,-641290000.0,0.0,-16326000.0,-0.2179,-7355000.0,-136498000.0,BALANCED,-17.4477
2021-01-04,UCO,ARCX:UCO,-3533000.0,35.33,-0.0262,-644823000.0,0.0,-3533000.0,0.3659,-12688000.0,-140031000.0,BALANCED,-4.8517
2021-01-05,UCO,ARCX:UCO,5729000.0,38.19,0.081,-639094000.0,5729000.0,0.0,0.8776,-5152000.0,-110715000.0,BALANCED,13.94
2021-01-06,UCO,ARCX:UCO,-56318000.0,38.84,0.017,-695412000.0,0.0,-56318000.0,-2.554,-61470000.0,-162196000.0,DISTRIBUTION,-75.8509
2021-01-07,UCO,ARCX:UCO,0.0,39.11,0.007,-695412000.0,0.0,0.0,0.5432,-70448000.0,-162196000.0,BALANCED,3.579
2021-01-08,UCO,ARCX:UCO,-10242000.0,40.97,0.0476,-705654000.0,0.0,-10242000.0,-0.0011,-64364000.0,-172438000.0,BALANCED,-12.0285
2021-01-11,UCO,ARCX:UCO,-4107000.0,41.07,0.0024,-709761000.0,0.0,-4107000.0,0.3467,-64938000.0,-143695000.0,BALANCED,-5.3318
2021-01-12,UCO,ARCX:UCO,0.0,42.5,0.0348,-709761000.0,0.0,0.0,0.5614,-70667000.0,-140262000.0,BALANCED,4.0349
2021-01-13,UCO,ARCX:UCO,0.0,42.35,-0.0035,-709761000.0,0.0,0.0,0.5372,-14349000.0,-109617000.0,BALANCED,3.429
2021-01-14,UCO,ARCX:UCO,0.0,43.12,0.0182,-709761000.0,0.0,0.0,0.5021,-14349000.0,-118277000.0,BALANCED,2.5529
2021-01-15,UCO,ARCX:UCO,-10355000.0,41.42,-0.0394,-720116000.0,0.0,-10355000.0,-0.223,-14462000.0,-123321000.0,BALANCED,-17.5745
2021-01-19,UCO,ARCX:UCO,0.0,42.08,0.0159,-720116000.0,0.0,0.0,0.5037,-10355000.0,-123321000.0,BALANCED,2.5918
2021-01-20,UCO,ARCX:UCO,-14822000.0,42.35,0.0064,-734938000.0,0.0,-14822000.0,-0.5673,-25177000.0,-110656000.0,BALANCED,-26.1831
2021-01-21,UCO,ARCX:UCO,6329000.0,42.19,-0.0038,-728609000.0,6329000.0,0.0,0.9048,-18848000.0,-93071000.0,BALANCED,14.6203
2021-01-22,UCO,ARCX:UCO,-6139000.0,40.93,-0.0299,-734748000.0,0.0,-6139000.0,0.0409,-24987000.0,-95633000.0,BALANCED,-10.9768
2021-01-25,UCO,ARCX:UCO,4161000.0,41.61,0.0166,-730587000.0,4161000.0,0.0,0.7548,-10471000.0,-96652000.0,BALANCED,10.8707
2021-01-26,UCO,ARCX:UCO,-6204000.0,41.36,-0.006,-736791000.0,0.0,-6204000.0,-0.0385,-16675000.0,-104656000.0,BALANCED,-12.962
2021-01-27,UCO,ARCX:UCO,0.0,41.63,0.0065,-736791000.0,0.0,0.0,0.4171,-1853000.0,-102849000.0,BALANCED,0.4268
2021-01-28,UCO,ARCX:UCO,-14304000.0,40.87,-0.0183,-751095000.0,0.0,-14304000.0,-0.7344,-22486000.0,-117153000.0,BALANCED,-30.3596
2021-01-29,UCO,ARCX:UCO,0.0,40.6,-0.0066,-751095000.0,0.0,0.0,0.4291,-16347000.0,-126131000.0,BALANCED,0.7273
2021-02-01,UCO,ARCX:UCO,-6387000.0,42.58,0.0488,-757482000.0,0.0,-6387000.0,-0.0831,-26895000.0,-116192000.0,BALANCED,-14.0781
2021-02-02,UCO,ARCX:UCO,-13296000.0,44.32,0.0409,-770778000.0,0.0,-13296000.0,-0.6026,-33987000.0,-125955000.0,BALANCED,-29.0653
2021-02-03,UCO,ARCX:UCO,-4571000.0,45.71,0.0314,-775349000.0,0.0,-4571000.0,0.0395,-38558000.0,-136255000.0,BALANCED,-15.0113
2021-02-04,UCO,ARCX:UCO,-6972000.0,46.48,0.0168,-782321000.0,0.0,-6972000.0,-0.1778,-31226000.0,-86909000.0,BALANCED,-22.4449
2021-02-05,UCO,ARCX:UCO,0.0,47.41,0.02,-782321000.0,0.0,0.0,0.4071,-31226000.0,-86909000.0,BALANCED,0.1768
2021-02-08,UCO,ARCX:UCO,-12317000.0,49.27,0.0392,-794638000.0,0.0,-12317000.0,-0.5975,-37156000.0,-88984000.0,BALANCED,-26.9371
2021-02-09,UCO,ARCX:UCO,0.0,49.92,0.0132,-794638000.0,0.0,0.0,0.4663,-23860000.0,-84877000.0,BALANCED,1.6583
2021-02-10,UCO,ARCX:UCO,0.0,50.49,0.0114,-794638000.0,0.0,0.0,0.4602,-19289000.0,-84877000.0,BALANCED,1.5049
2021-02-11,UCO,ARCX:UCO,0.0,49.8,-0.0137,-794638000.0,0.0,0.0,0.4602,-12317000.0,-84877000.0,BALANCED,1.5049
2021-02-12,UCO,ARCX:UCO,0.0,51.61,0.0363,-794638000.0,0.0,0.0,0.4974,-12317000.0,-84877000.0,BALANCED,2.4349
2021-02-16,UCO,ARCX:UCO,0.0,52.88,0.0246,-794638000.0,0.0,0.0,0.4551,0.0,-74522000.0,BALANCED,11.377
2021-02-17,UCO,ARCX:UCO,0.0,54.26,0.0261,-794638000.0,0.0,0.0,0.4432,0.0,-74522000.0,BALANCED,11.0798
2021-02-18,UCO,ARCX:UCO,0.0,53.4,-0.0158,-794638000.0,0.0,0.0,0.4659,0.0,-59700000.0,BALANCED,11.6485
2021-02-19,UCO,ARCX:UCO,0.0,51.68,-0.0322,-794638000.0,0.0,0.0,0.5946,0.0,-66029000.0,BALANCED,14.8642
2021-02-22,UCO,ARCX:UCO,-8323000.0,55.49,0.0737,-802961000.0,0.0,-8323000.0,-0.8461,-8323000.0,-68213000.0,BALANCED,-33.1531
2021-02-23,UCO,ARCX:UCO,11134000.0,55.67,0.0032,-791827000.0,11134000.0,0.0,2.3097,2811000.0,-61240000.0,ACCUMULATION,69.7429
2021-02-24,UCO,ARCX:UCO,8786000.0,58.57,0.0521,-783041000.0,8786000.0,0.0,1.749,11597000.0,-46250000.0,ACCUMULATION,57.725
2021-02-25,UCO,ARCX:UCO,8831000.0,58.87,0.0051,-774210000.0,8831000.0,0.0,1.6312,20428000.0,-37419000.0,ACCUMULATION,56.7798
2021-02-26,UCO,ARCX:UCO,0.0,55.17,-0.0628,-774210000.0,0.0,0.0,0.3192,20428000.0,-23115000.0,BALANCED,17.9793
2021-03-03,UCO,ARCX:UCO,0.0,55.04,-0.0024,-774210000.0,0.0,0.0,0.3192,28751000.0,-23115000.0,BALANCED,17.9793
2021-03-04,UCO,ARCX:UCO,0.0,58.58,0.0643,-774210000.0,0.0,0.0,0.2749,17617000.0,-16728000.0,BALANCED,16.873
2021-03-05,UCO,ARCX:UCO,-21878000.0,62.51,0.0671,-796088000.0,0.0,-21878000.0,-2.5794,-13047000.0,-25310000.0,DISTRIBUTION,-76.4842
2021-03-08,UCO,ARCX:UCO,0.0,61.16,-0.0216,-796088000.0,0.0,0.0,0.2854,-21878000.0,-20739000.0,BALANCED,-2.8653
2021-03-09,UCO,ARCX:UCO,-12006000.0,60.03,-0.0185,-808094000.0,0.0,-12006000.0,-1.3021,-33884000.0,-25773000.0,BALANCED,-44.5514
2021-03-10,UCO,ARCX:UCO,0.0,60.53,0.0083,-808094000.0,0.0,0.0,0.341,-33884000.0,-25773000.0,BALANCED,-1.476
2021-03-11,UCO,ARCX:UCO,0.0,63.08,0.0421,-808094000.0,0.0,0.0,0.365,-33884000.0,-13456000.0,BALANCED,-0.8747
2021-03-12,UCO,ARCX:UCO,0.0,62.66,-0.0067,-808094000.0,0.0,0.0,0.3367,-12006000.0,-13456000.0,BALANCED,-1.5827
2021-03-16,UCO,ARCX:UCO,0.0,61.77,-0.0142,-808094000.0,0.0,0.0,0.3367,-12006000.0,-13456000.0,BALANCED,-1.5827
2021-03-17,UCO,ARCX:UCO,-12332000.0,61.66,-0.0018,-820426000.0,0.0,-12332000.0,-1.4413,-12332000.0,-25788000.0,BALANCED,-48.0328
2021-03-18,UCO,ARCX:UCO,0.0,54.24,-0.1203,-820426000.0,0.0,0.0,0.3324,-12332000.0,-25788000.0,BALANCED,-1.6901
2021-03-19,UCO,ARCX:UCO,19702000.0,56.29,0.0378,-800724000.0,19702000.0,0.0,2.6493,7370000.0,-6086000.0,ACCUMULATION,78.2317
2021-03-22,UCO,ARCX:UCO,11340000.0,56.7,0.0073,-789384000.0,11340000.0,0.0,1.4976,18710000.0,5254000.0,BALANCED,51.439
2021-03-23,UCO,ARCX:UCO,-12790000.0,51.16,-0.0977,-802174000.0,0.0,-12790000.0,-1.4397,5920000.0,-7536000.0,BALANCED,-27.9919
2021-03-24,UCO,ARCX:UCO,19646000.0,56.13,0.0971,-782528000.0,19646000.0,0.0,2.1872,37898000.0,12110000.0,ACCUMULATION,66.681
2021-03-25,UCO,ARCX:UCO,-10360000.0,51.8,-0.0771,-792888000.0,0.0,-10360000.0,-1.0899,27538000.0,10073000.0,BALANCED,-19.2486
2021-03-26,UCO,ARCX:UCO,0.0,55.6,0.0734,-792888000.0,0.0,0.0,-0.0066,7836000.0,-1061000.0,BALANCED,9.8361
2021-03-29,UCO,ARCX:UCO,-11232000.0,56.16,0.0101,-804120000.0,0.0,-11232000.0,-1.1949,-14736000.0,-21079000.0,BALANCED,-41.8734
2021-03-30,UCO,ARCX:UCO,-19092000.0,54.55,-0.0287,-823212000.0,0.0,-19092000.0,-1.8593,-21038000.0,-49002000.0,DISTRIBUTION,-60.4816
2021-03-31,UCO,ARCX:UCO,0.0,52.56,-0.0365,-823212000.0,0.0,0.0,0.0976,-40684000.0,-49002000.0,BALANCED,-7.5594
2021-04-01,UCO,ARCX:UCO,0.0,57.0,0.0845,-823212000.0,0.0,0.0,0.0976,-30324000.0,-49002000.0,BALANCED,-7.5594
2021-04-05,UCO,ARCX:UCO,-13177000.0,52.71,-0.0753,-836389000.0,0.0,-13177000.0,-1.1779,-43501000.0,-62179000.0,BALANCED,-41.4474
2021-04-06,UCO,ARCX:UCO,24336000.0,54.08,0.026,-812053000.0,24336000.0,0.0,2.2541,-7933000.0,-15965000.0,ACCUMULATION,48.3532
2021-04-07,UCO,ARCX:UCO,-19131000.0,54.66,0.0107,-831184000.0,0.0,-19131000.0,-1.5496,-7972000.0,-35096000.0,DISTRIBUTION,-50.7409
2021-04-08,UCO,ARCX:UCO,0.0,53.83,-0.0152,-831184000.0,0.0,0.0,0.1054,-7972000.0,-23090000.0,BALANCED,-7.3653
2021-04-09,UCO,ARCX:UCO,0.0,53.66,-0.0032,-831184000.0,0.0,0.0,0.0819,-7972000.0,-23090000.0,BALANCED,-7.9518
2021-04-12,UCO,ARCX:UCO,0.0,54.54,0.0164,-831184000.0,0.0,0.0,0.1165,5205000.0,-23090000.0,BALANCED,12.9136
2021-04-13,UCO,ARCX:UCO,-8334000.0,55.56,0.0187,-839518000.0,0.0,-8334000.0,-0.5781,-27465000.0,-31424000.0,BALANCED,-26.4515
2021-04-14,UCO,ARCX:UCO,-9016000.0,60.11,0.0819,-848534000.0,0.0,-9016000.0,-0.592,-17350000.0,-40440000.0,BALANCED,-28.8
2021-04-15,UCO,ARCX:UCO,-18054000.0,60.18,0.0012,-866588000.0,0.0,-18054000.0,-1.3145,-35404000.0,-46162000.0,BALANCED,-48.8636
2021-04-16,UCO,ARCX:UCO,-26811000.0,59.58,-0.01,-893399000.0,0.0,-26811000.0,-1.877,-62215000.0,-72973000.0,DISTRIBUTION,-64.9262
2021-04-19,UCO,ARCX:UCO,0.0,59.78,0.0034,-893399000.0,0.0,0.0,0.3265,-62215000.0,-92675000.0,BALANCED,-1.8366
2021-04-20,UCO,ARCX:UCO,-8770000.0,58.47,-0.0219,-902169000.0,0.0,-8770000.0,-0.4462,-62651000.0,-112785000.0,BALANCED,-23.1557
2021-04-21,UCO,ARCX:UCO,-8473000.0,56.49,-0.0339,-910642000.0,0.0,-8473000.0,-0.3964,-62108000.0,-108468000.0,BALANCED,-23.909
2021-04-22,UCO,ARCX:UCO,0.0,56.89,0.0071,-910642000.0,0.0,0.0,0.2932,-44054000.0,-128114000.0,BALANCED,-2.6702
2021-04-23,UCO,ARCX:UCO,0.0,58.08,0.0209,-910642000.0,0.0,0.0,0.2932,-17243000.0,-117754000.0,BALANCED,-2.6702
2021-04-26,UCO,ARCX:UCO,0.0,57.72,-0.0062,-910642000.0,0.0,0.0,0.2932,-17243000.0,-117754000.0,BALANCED,-2.6702
2021-04-27,UCO,ARCX:UCO,0.0,59.33,0.0279,-910642000.0,0.0,0.0,0.2932,-8473000.0,-106522000.0,BALANCED,-2.6702
2021-04-28,UCO,ARCX:UCO,-12158000.0,60.79,0.0246,-922800000.0,0.0,-12158000.0,-0.7095,-12158000.0,-99588000.0,BALANCED,-29.7376
2021-04-29,UCO,ARCX:UCO,0.0,62.6,0.0298,-922800000.0,0.0,0.0,0.2928,-12158000.0,-99588000.0,BALANCED,-2.6798
2021-04-30,UCO,ARCX:UCO,-11990000.0,59.95,-0.0423,-934790000.0,0.0,-11990000.0,-0.6967,-24148000.0,-111578000.0,BALANCED,-29.4167
2021-05-03,UCO,ARCX:UCO,0.0,61.77,0.0304,-934790000.0,0.0,0.0,0.41,-24148000.0,-98401000.0,BALANCED,0.2509
2021-05-04,UCO,ARCX:UCO,-3209000.0,64.18,0.039,-937999000.0,0.0,-3209000.0,0.1664,-27357000.0,-125946000.0,BALANCED,-7.8405
2021-05-05,UCO,ARCX:UCO,-19275000.0,64.25,0.0011,-957274000.0,0.0,-19275000.0,-1.316,-34474000.0,-126090000.0,BALANCED,-46.8993
2021-05-06,UCO,ARCX:UCO,-3151000.0,63.03,-0.019,-960425000.0,0.0,-3151000.0,0.2879,-37625000.0,-129241000.0,BALANCED,-8.8034
2021-05-07,UCO,ARCX:UCO,0.0,63.69,0.0105,-960425000.0,0.0,0.0,0.5772,-25635000.0,-129241000.0,BALANCED,4.4307
2021-05-10,UCO,ARCX:UCO,0.0,63.98,0.0046,-960425000.0,0.0,0.0,0.5772,-25635000.0,-129241000.0,BALANCED,4.4307
2021-05-11,UCO,ARCX:UCO,0.0,64.83,0.0133,-960425000.0,0.0,0.0,0.539,-22426000.0,-120907000.0,BALANCED,3.4754
2021-05-12,UCO,ARCX:UCO,-13290000.0,66.45,0.025,-973715000.0,0.0,-13290000.0,-0.877,-16441000.0,-125181000.0,BALANCED,-33.924
2021-05-14,UCO,ARCX:UCO,9644000.0,64.29,-0.0325,-964071000.0,9644000.0,0.0,1.4678,-3646000.0,-97483000.0,BALANCED,28.6952
2021-05-17,UCO,ARCX:UCO,-13150000.0,65.75,0.0227,-977221000.0,0.0,-13150000.0,-0.8142,-16796000.0,-83822000.0,BALANCED,-32.3544
2021-05-18,UCO,ARCX:UCO,0.0,64.47,-0.0195,-977221000.0,0.0,0.0,0.4806,-16796000.0,-83822000.0,BALANCED,2.0143
2021-05-19,UCO,ARCX:UCO,-9066000.0,60.44,-0.0625,-986287000.0,0.0,-9066000.0,-0.4019,-25862000.0,-84118000.0,BALANCED,-22.0464
2021-05-20,UCO,ARCX:UCO,26150000.0,58.11,-0.0386,-960137000.0,26150000.0,0.0,3.1663,13578000.0,-49495000.0,ACCUMULATION,91.1569
2021-05-21,UCO,ARCX:UCO,0.0,60.71,0.0447,-960137000.0,0.0,0.0,0.447,3934000.0,-49495000.0,BALANCED,21.1746
2021-05-24,UCO,ARCX:UCO,-9723000.0,64.82,0.0677,-969860000.0,0.0,-9723000.0,-0.5296,7361000.0,-59218000.0,BALANCED,-5.2405
2021-05-25,UCO,ARCX:UCO,-6482000.0,64.82,0.0,-976342000.0,0.0,-6482000.0,-0.1713,879000.0,-65700000.0,BALANCED,1.7184
2021-05-26,UCO,ARCX:UCO,-19566000.0,65.22,0.0062,-995908000.0,0.0,-19566000.0,-1.4426,-9621000.0,-85266000.0,BALANCED,-52.0646
2021-05-27,UCO,ARCX:UCO,0.0,66.25,0.0158,-995908000.0,0.0,0.0,0.4929,-35771000.0,-73108000.0,BALANCED,2.322
2021-05-28,UCO,ARCX:UCO,0.0,65.17,-0.0163,-995908000.0,0.0,0.0,0.445,-35771000.0,-73108000.0,BALANCED,1.1248
2021-06-01,UCO,ARCX:UCO,-13580000.0,67.9,0.0419,-1009488000.0,0.0,-13580000.0,-1.0915,-39628000.0,-74698000.0,BALANCED,-39.2877
2021-06-02,UCO,ARCX:UCO,-31464000.0,69.92,0.0298,-1040952000.0,0.0,-31464000.0,-2.6062,-64610000.0,-106162000.0,DISTRIBUTION,-79.1546
2021-06-03,UCO,ARCX:UCO,0.0,69.87,-0.0007,-1040952000.0,0.0,0.0,0.4537,-45044000.0,-102953000.0,BALANCED,1.3417
2021-06-04,UCO,ARCX:UCO,0.0,71.26,0.0199,-1040952000.0,0.0,0.0,0.4257,-45044000.0,-83678000.0,BALANCED,0.6418
2021-06-07,UCO,ARCX:UCO,0.0,70.93,-0.0046,-1040952000.0,0.0,0.0,0.4257,-45044000.0,-80527000.0,BALANCED,0.6418
2021-06-08,UCO,ARCX:UCO,-28976000.0,72.44,0.0213,-1069928000.0,0.0,-28976000.0,-2.1302,-60440000.0,-109503000.0,DISTRIBUTION,-65.2547
2021-06-09,UCO,ARCX:UCO,0.0,72.4,-0.0006,-1069928000.0,0.0,0.0,0.4779,-28976000.0,-109503000.0,BALANCED,1.9476
2021-06-10,UCO,ARCX:UCO,0.0,72.8,0.0055,-1069928000.0,0.0,0.0,0.4779,-28976000.0,-109503000.0,BALANCED,1.9476
2021-06-11,UCO,ARCX:UCO,0.0,73.32,0.0071,-1069928000.0,0.0,0.0,0.4429,-28976000.0,-96213000.0,BALANCED,1.0723
2021-06-14,UCO,ARCX:UCO,0.0,73.58,0.0035,-1069928000.0,0.0,0.0,0.4429,-28976000.0,-105857000.0,BALANCED,1.0723
2021-06-15,UCO,ARCX:UCO,0.0,75.46,0.0256,-1069928000.0,0.0,0.0,0.4086,0.0,-92707000.0,BALANCED,10.2145
2021-06-16,UCO,ARCX:UCO,0.0,75.76,0.004,-1069928000.0,0.0,0.0,0.4086,0.0,-92707000.0,BALANCED,10.2145
2021-06-17,UCO,ARCX:UCO,0.0,72.97,-0.0368,-1069928000.0,0.0,0.0,0.3978,0.0,-83641000.0,BALANCED,9.9462
2021-06-18,UCO,ARCX:UCO,0.0,73.76,0.0108,-1069928000.0,0.0,0.0,0.3505,0.0,-109791000.0,BALANCED,8.7623
2021-06-21,UCO,ARCX:UCO,0.0,76.48,0.0369,-1069928000.0,0.0,0.0,0.34,0.0,-109791000.0,BALANCED,8.5001
2021-06-22,UCO,ARCX:UCO,0.0,76.79,0.0041,-1069928000.0,0.0,0.0,0.34,0.0,-100068000.0,BALANCED,8.5001
2021-06-23,UCO,ARCX:UCO,-11643000.0,77.62,0.0108,-1081571000.0,0.0,-11643000.0,-0.7036,-11643000.0,-105229000.0,BALANCED,-29.5888
2021-06-24,UCO,ARCX:UCO,0.0,78.38,0.0098,-1081571000.0,0.0,0.0,0.3736,-11643000.0,-85663000.0,BALANCED,-0.6602
2021-06-25,UCO,ARCX:UCO,0.0,79.6,0.0156,-1081571000.0,0.0,0.0,0.3364,-11643000.0,-85663000.0,BALANCED,-1.591
2021-06-28,UCO,ARCX:UCO,-3871000.0,77.43,-0.0273,-1085442000.0,0.0,-3871000.0,0.0168,-15514000.0,-89534000.0,BALANCED,-11.5797
2021-06-29,UCO,ARCX:UCO,0.0,77.65,0.0028,-1085442000.0,0.0,0.0,0.3512,-15514000.0,-75954000.0,BALANCED,-1.2199
2021-06-30,UCO,ARCX:UCO,0.0,78.24,0.0076,-1085442000.0,0.0,0.0,0.3512,-3871000.0,-44490000.0,BALANCED,-1.2199
2021-07-01,UCO,ARCX:UCO,0.0,80.89,0.0339,-1085442000.0,0.0,0.0,0.3228,-3871000.0,-44490000.0,BALANCED,-1.9296
2021-07-02,UCO,ARCX:UCO,0.0,81.26,0.0046,-1085442000.0,0.0,0.0,0.4839,-3871000.0,-44490000.0,BALANCED,2.0977
2021-07-06,UCO,ARCX:UCO,0.0,76.98,-0.0527,-1085442000.0,0.0,0.0,0.4839,0.0,-44490000.0,BALANCED,12.0977
2021-07-07,UCO,ARCX:UCO,0.0,74.85,-0.0277,-1085442000.0,0.0,0.0,0.4481,0.0,-15514000.0,BALANCED,11.2018
2021-07-08,UCO,ARCX:UCO,0.0,76.39,0.0206,-1085442000.0,0.0,0.0,0.4223,0.0,-15514000.0,BALANCED,10.5575
2021-07-09,UCO,ARCX:UCO,0.0,79.54,0.0412,-1085442000.0,0.0,0.0,0.369,0.0,-15514000.0,BALANCED,9.2243
2021-07-12,UCO,ARCX:UCO,-7910000.0,79.1,-0.0055,-1093352000.0,0.0,-7910000.0,-0.5743,-7910000.0,-23424000.0,BALANCED,-26.3586
2021-07-13,UCO,ARCX:UCO,0.0,82.02,0.0369,-1093352000.0,0.0,0.0,0.4002,-7910000.0,-23424000.0,BALANCED,0.0043
2021-07-14,UCO,ARCX:UCO,-11734000.0,78.23,-0.0462,-1105086000.0,0.0,-11734000.0,-1.0628,-19644000.0,-35158000.0,BALANCED,-38.5696
2021-07-15,UCO,ARCX:UCO,-7599000.0,75.99,-0.0286,-1112685000.0,0.0,-7599000.0,-0.8547,-27243000.0,-42757000.0,BALANCED,-35.3682
2021-07-16,UCO,ARCX:UCO,0.0,76.61,0.0082,-1112685000.0,0.0,0.0,0.3924,-27243000.0,-42757000.0,BALANCED,-0.1892
2021-07-19,UCO,ARCX:UCO,0.0,66.02,-0.1382,-1112685000.0,0.0,0.0,0.3924,-19333000.0,-42757000.0,BALANCED,-0.1892
2021-07-20,UCO,ARCX:UCO,20262000.0,67.54,0.023,-1092423000.0,20262000.0,0.0,2.9866,929000.0,-22495000.0,ACCUMULATION,86.665
2021-07-21,UCO,ARCX:UCO,0.0,73.11,0.0825,-1092423000.0,0.0,0.0,0.1426,12663000.0,-22495000.0,BALANCED,13.5641
2021-07-22,UCO,ARCX:UCO,0.0,75.89,0.038,-1092423000.0,0.0,0.0,0.1426,20262000.0,-10852000.0,BALANCED,13.5641
2021-07-23,UCO,ARCX:UCO,0.0,76.41,0.0069,-1092423000.0,0.0,0.0,0.1426,20262000.0,-10852000.0,BALANCED,13.5641
2021-07-26,UCO,ARCX:UCO,0.0,76.48,0.0009,-1092423000.0,0.0,0.0,0.1426,20262000.0,-10852000.0,BALANCED,13.5641
2021-07-27,UCO,ARCX:UCO,-19035000.0,76.14,-0.0044,-1111458000.0,0.0,-19035000.0,-2.8352,-19035000.0,-26016000.0,DISTRIBUTION,-82.881
2021-07-28,UCO,ARCX:UCO,-42592000.0,77.44,0.0171,-1154050000.0,0.0,-42592000.0,-4.0787,-61627000.0,-68608000.0,DISTRIBUTION,-100.0
2021-07-29,UCO,ARCX:UCO,0.0,80.06,0.0338,-1154050000.0,0.0,0.0,0.2875,-61627000.0,-68608000.0,BALANCED,-2.8137
2021-07-30,UCO,ARCX:UCO,0.0,80.45,0.0049,-1154050000.0,0.0,0.0,0.2875,-61627000.0,-68608000.0,BALANCED,-2.8137
2021-08-06,UCO,ARCX:UCO,-7141000.0,71.41,-0.1124,-1161191000.0,0.0,-7141000.0,-0.4195,-68768000.0,-75749000.0,BALANCED,-22.4871
2021-08-10,UCO,ARCX:UCO,14218000.0,71.09,-0.0045,-1146973000.0,14218000.0,0.0,1.6366,-35515000.0,-61531000.0,ACCUMULATION,32.9152
2021-08-11,UCO,ARCX:UCO,0.0,73.04,0.0274,-1146973000.0,0.0,0.0,0.2504,7077000.0,-61531000.0,BALANCED,16.2597
2021-08-12,UCO,ARCX:UCO,0.0,72.9,-0.0019,-1146973000.0,0.0,0.0,0.2154,7077000.0,-61531000.0,BALANCED,15.3851
2021-08-13,UCO,ARCX:UCO,-17872000.0,71.49,-0.0193,-1164845000.0,0.0,-17872000.0,-1.4368,-10795000.0,-79403000.0,BALANCED,-47.9203
2021-08-16,UCO,ARCX:UCO,0.0,69.18,-0.0323,-1164845000.0,0.0,0.0,0.2642,-3654000.0,-71493000.0,BALANCED,-3.3952
2021-08-17,UCO,ARCX:UCO,0.0,67.71,-0.0212,-1164845000.0,0.0,0.0,0.2517,-17872000.0,-71493000.0,BALANCED,-3.7081
2021-08-18,UCO,ARCX:UCO,0.0,65.56,-0.0318,-1164845000.0,0.0,0.0,0.2517,-17872000.0,-59759000.0,BALANCED,-3.7081
2021-08-19,UCO,ARCX:UCO,0.0,62.1,-0.0528,-1164845000.0,0.0,0.0,0.2517,-17872000.0,-52160000.0,BALANCED,-3.7081
2021-08-20,UCO,ARCX:UCO,14880000.0,59.52,-0.0415,-1149965000.0,14880000.0,0.0,1.5502,14880000.0,-37280000.0,ACCUMULATION,50.7552
2021-08-26,UCO,ARCX:UCO,0.0,69.5,0.1677,-1149965000.0,0.0,0.0,0.1958,14880000.0,-37280000.0,BALANCED,14.8943
2021-08-27,UCO,ARCX:UCO,-14480000.0,72.4,0.0417,-1164445000.0,0.0,-14480000.0,-1.0573,400000.0,-72022000.0,BALANCED,-18.4331
2021-08-30,UCO,ARCX:UCO,0.0,73.3,0.0124,-1164445000.0,0.0,0.0,0.235,400000.0,-72022000.0,BALANCED,15.8759
2021-08-31,UCO,ARCX:UCO,-14430000.0,72.15,-0.0157,-1178875000.0,0.0,-14430000.0,-0.993,-14030000.0,-86452000.0,BALANCED,-36.8248
2021-09-01,UCO,ARCX:UCO,-7241000.0,72.41,0.0036,-1186116000.0,0.0,-7241000.0,-0.3407,-36151000.0,-93693000.0,BALANCED,-22.5173
2021-09-02,UCO,ARCX:UCO,-11296000.0,75.31,0.04,-1197412000.0,0.0,-11296000.0,-0.6826,-47447000.0,-104989000.0,BALANCED,-33.0648
2021-09-03,UCO,ARCX:UCO,-29640000.0,74.1,-0.0161,-1227052000.0,0.0,-29640000.0,-2.0314,-62607000.0,-115594000.0,DISTRIBUTION,-68.7847
2021-09-07,UCO,ARCX:UCO,-7236000.0,72.36,-0.0235,-1234288000.0,0.0,-7236000.0,-0.2375,-69843000.0,-80238000.0,BALANCED,-25.9378
2021-09-08,UCO,ARCX:UCO,0.0,73.57,0.0167,-1234288000.0,0.0,0.0,0.3284,-55413000.0,-80238000.0,BALANCED,-1.7888
2021-09-09,UCO,ARCX:UCO,0.0,71.54,-0.0276,-1234288000.0,0.0,0.0,0.3284,-48172000.0,-80238000.0,BALANCED,-1.7888
2021-09-10,UCO,ARCX:UCO,0.0,74.6,0.0428,-1234288000.0,0.0,0.0,0.3284,-36876000.0,-73097000.0,BALANCED,-1.7888
2021-09-13,UCO,ARCX:UCO,-15160000.0,75.8,0.0161,-1249448000.0,0.0,-15160000.0,-0.8551,-22396000.0,-102475000.0,BALANCED,-33.3785
2021-09-14,UCO,ARCX:UCO,0.0,75.63,-0.0022,-1249448000.0,0.0,0.0,0.4509,-15160000.0,-102475000.0,BALANCED,1.2735
2021-09-15,UCO,ARCX:UCO,0.0,78.8,0.0419,-1249448000.0,0.0,0.0,0.4509,-15160000.0,-102475000.0,BALANCED,1.2735
2021-09-16,UCO,ARCX:UCO,-23655000.0,78.85,0.0006,-1273103000.0,0.0,-23655000.0,-1.4651,-38815000.0,-108258000.0,BALANCED,-48.6272
2021-09-17,UCO,ARCX:UCO,0.0,77.58,-0.0161,-1273103000.0,0.0,0.0,0.5004,-38815000.0,-108258000.0,BALANCED,2.5107
2021-09-20,UCO,ARCX:UCO,0.0,74.16,-0.0441,-1273103000.0,0.0,0.0,0.4556,-23655000.0,-108258000.0,BALANCED,1.3912
2021-09-21,UCO,ARCX:UCO,-15040000.0,75.2,0.014,-1288143000.0,0.0,-15040000.0,-1.0876,-38695000.0,-123298000.0,BALANCED,-39.1911
2021-09-22,UCO,ARCX:UCO,-7855000.0,78.55,0.0445,-1295998000.0,0.0,-7855000.0,-0.322,-46550000.0,-131153000.0,BALANCED,-22.0503
2021-09-23,UCO,ARCX:UCO,0.0,80.68,0.0271,-1295998000.0,0.0,0.0,0.4878,-22895000.0,-146033000.0,BALANCED,2.1952
2021-09-24,UCO,ARCX:UCO,-20485000.0,81.94,0.0156,-1316483000.0,0.0,-20485000.0,-1.514,-43380000.0,-166518000.0,DISTRIBUTION,-49.8506
2021-09-27,UCO,ARCX:UCO,-12798000.0,85.32,0.0412,-1329281000.0,0.0,-12798000.0,-0.7068,-56178000.0,-164836000.0,BALANCED,-31.6694
2021-09-28,UCO,ARCX:UCO,-29690000.0,84.83,-0.0057,-1358971000.0,0.0,-29690000.0,-2.1833,-70828000.0,-194526000.0,DISTRIBUTION,-70.5828
2021-09-29,UCO,ARCX:UCO,-8436000.0,84.36,-0.0055,-1367407000.0,0.0,-8436000.0,-0.1059,-71409000.0,-188532000.0,BALANCED,-20.647
2021-09-30,UCO,ARCX:UCO,0.0,84.47,0.0013,-1367407000.0,0.0,0.0,0.6643,-71409000.0,-181291000.0,BALANCED,6.6078
2021-10-01,UCO,ARCX:UCO,-17382000.0,86.91,0.0289,-1384789000.0,0.0,-17382000.0,-0.9795,-68306000.0,-187377000.0,BALANCED,-36.4877
2021-10-08,UCO,ARCX:UCO,-37120000.0,92.8,0.0678,-1421909000.0,0.0,-37120000.0,-2.4809,-92628000.0,-194857000.0,DISTRIBUTION,-76.0221
2021-10-11,UCO,ARCX:UCO,0.0,95.71,0.0314,-1421909000.0,0.0,0.0,0.7446,-62938000.0,-187621000.0,BALANCED,8.6141
2021-10-12,UCO,ARCX:UCO,-19150000.0,95.75,0.0004,-1441059000.0,0.0,-19150000.0,-0.861,-73652000.0,-206771000.0,BALANCED,-33.5254
2021-10-13,UCO,ARCX:UCO,0.0,95.72,-0.0003,-1441059000.0,0.0,0.0,0.9009,-73652000.0,-206771000.0,BALANCED,12.5214
2021-10-14,UCO,ARCX:UCO,0.0,97.46,0.0182,-1441059000.0,0.0,0.0,0.9009,-56270000.0,-206771000.0,BALANCED,12.5214
2021-10-15,UCO,ARCX:UCO,0.0,98.66,0.0123,-1441059000.0,0.0,0.0,0.848,-19150000.0,-191611000.0,BALANCED,11.1994
2021-10-18,UCO,ARCX:UCO,0.0,97.95,-0.0072,-1441059000.0,0.0,0.0,0.848,-19150000.0,-191611000.0,BALANCED,11.1994
2021-10-19,UCO,ARCX:UCO,-9918000.0,99.18,0.0126,-1450977000.0,0.0,-9918000.0,-0.0783,-9918000.0,-201529000.0,BALANCED,-13.9574
2021-10-20,UCO,ARCX:UCO,0.0,101.34,0.0218,-1450977000.0,0.0,0.0,0.8061,-9918000.0,-177874000.0,BALANCED,10.1527
2021-10-21,UCO,ARCX:UCO,0.0,97.97,-0.0333,-1450977000.0,0.0,0.0,0.7643,-9918000.0,-177874000.0,BALANCED,9.1084
2021-10-22,UCO,ARCX:UCO,0.0,98.86,0.0091,-1450977000.0,0.0,0.0,0.7174,-9918000.0,-177874000.0,BALANCED,7.9347
2021-10-25,UCO,ARCX:UCO,0.0,99.96,0.0111,-1450977000.0,0.0,0.0,0.6883,-9918000.0,-162834000.0,BALANCED,7.208
2021-10-26,UCO,ARCX:UCO,0.0,101.29,0.0133,-1450977000.0,0.0,0.0,0.6883,0.0,-154979000.0,BALANCED,17.208
2021-10-27,UCO,ARCX:UCO,0.0,97.33,-0.0391,-1450977000.0,0.0,0.0,0.6883,0.0,-154979000.0,BALANCED,17.208
2021-10-28,UCO,ARCX:UCO,0.0,96.97,-0.0037,-1450977000.0,0.0,0.0,0.6883,0.0,-134494000.0,BALANCED,17.208
2021-10-29,UCO,ARCX:UCO,0.0,96.68,-0.003,-1450977000.0,0.0,0.0,0.642,0.0,-121696000.0,BALANCED,16.0506
2021-11-01,UCO,ARCX:UCO,0.0,98.11,0.0148,-1450977000.0,0.0,0.0,0.642,0.0,-92006000.0,BALANCED,16.0506
2021-11-02,UCO,ARCX:UCO,0.0,98.36,0.0025,-1450977000.0,0.0,0.0,0.642,0.0,-83570000.0,BALANCED,16.0506
2021-11-03,UCO,ARCX:UCO,0.0,92.44,-0.0602,-1450977000.0,0.0,0.0,0.5914,0.0,-83570000.0,BALANCED,14.786
2021-11-04,UCO,ARCX:UCO,0.0,90.24,-0.0238,-1450977000.0,0.0,0.0,0.5914,0.0,-66188000.0,BALANCED,14.786
2021-11-05,UCO,ARCX:UCO,0.0,95.79,0.0615,-1450977000.0,0.0,0.0,0.5914,0.0,-29068000.0,BALANCED,14.786
2021-11-08,UCO,ARCX:UCO,0.0,97.06,0.0133,-1450977000.0,0.0,0.0,0.5467,0.0,-29068000.0,BALANCED,13.6663
2021-11-09,UCO,ARCX:UCO,-9943000.0,99.43,0.0244,-1460920000.0,0.0,-9943000.0,-0.4466,-9943000.0,-19861000.0,BALANCED,-23.1653
2021-11-10,UCO,ARCX:UCO,0.0,94.4,-0.0506,-1460920000.0,0.0,0.0,0.5523,-9943000.0,-19861000.0,BALANCED,3.8069
2021-11-11,UCO,ARCX:UCO,0.0,95.09,0.0073,-1460920000.0,0.0,0.0,0.5022,-9943000.0,-19861000.0,BALANCED,2.5558
2021-11-12,UCO,ARCX:UCO,0.0,93.52,-0.0165,-1460920000.0,0.0,0.0,0.4617,-9943000.0,-19861000.0,BALANCED,1.5434
2021-11-15,UCO,ARCX:UCO,0.0,93.63,0.0011,-1460920000.0,0.0,0.0,0.4125,-9943000.0,-19861000.0,BALANCED,0.3113
2021-11-16,UCO,ARCX:UCO,0.0,93.98,0.0037,-1460920000.0,0.0,0.0,0.3799,0.0,-9943000.0,BALANCED,9.4972
2021-11-17,UCO,ARCX:UCO,-4498000.0,89.96,-0.0428,-1465418000.0,0.0,-4498000.0,-0.1503,-4498000.0,-14441000.0,BALANCED,-15.7587
2021-11-22,UCO,ARCX:UCO,-13521000.0,90.14,0.002,-1478939000.0,0.0,-13521000.0,-1.3001,-18019000.0,-27962000.0,BALANCED,-46.5035
2021-11-23,UCO,ARCX:UCO,-14214000.0,94.76,0.0513,-1493153000.0,0.0,-14214000.0,-2.2543,-32233000.0,-42176000.0,DISTRIBUTION,-72.3582
2021-11-24,UCO,ARCX:UCO,0.0,94.36,-0.0042,-1493153000.0,0.0,0.0,0.4522,-32233000.0,-42176000.0,BALANCED,1.3048
2021-11-26,UCO,ARCX:UCO,93489000.0,71.91,-0.2379,-1399664000.0,93489000.0,0.0,5.1476,61256000.0,51313000.0,ACCUMULATION,100.0
2021-11-29,UCO,ARCX:UCO,-3797000.0,75.95,0.0561,-1403461000.0,0.0,-3797000.0,-0.2819,61957000.0,47516000.0,BALANCED,0.9533
2021-11-30,UCO,ARCX:UCO,67849000.0,67.85,-0.1067,-1335612000.0,67849000.0,0.0,2.9719,143327000.0,115365000.0,ACCUMULATION,86.2975
2021-12-01,UCO,ARCX:UCO,-6731000.0,67.31,-0.0079,-1342343000.0,0.0,-6731000.0,-0.4614,150810000.0,108634000.0,BALANCED,-3.535
2021-12-02,UCO,ARCX:UCO,0.0,67.31,0.0,-1342343000.0,0.0,0.0,-0.1515,150810000.0,108634000.0,BALANCED,6.2125
2021-12-03,UCO,ARCX:UCO,0.0,69.44,0.0316,-1342343000.0,0.0,0.0,-0.1677,57321000.0,108634000.0,BALANCED,5.8064
2021-12-06,UCO,ARCX:UCO,0.0,75.55,0.0879,-1342343000.0,0.0,0.0,-0.1677,61118000.0,108634000.0,BALANCED,5.8064
2021-12-07,UCO,ARCX:UCO,0.0,80.77,0.0691,-1342343000.0,0.0,0.0,-0.1677,-6731000.0,108634000.0,BALANCED,-14.1936
2021-12-08,UCO,ARCX:UCO,0.0,81.89,0.0139,-1342343000.0,0.0,0.0,-0.1677,0.0,108634000.0,BALANCED,-4.1936
2021-12-09,UCO,ARCX:UCO,-15791000.0,78.96,-0.0359,-1358134000.0,0.0,-15791000.0,-0.8636,-15791000.0,92843000.0,BALANCED,-33.5896
2021-12-10,UCO,ARCX:UCO,0.0,80.22,0.016,-1358134000.0,0.0,0.0,-0.1415,-15791000.0,102786000.0,BALANCED,-13.5378
2021-12-13,UCO,ARCX:UCO,-11902000.0,79.34,-0.0109,-1370036000.0,0.0,-11902000.0,-0.6626,-27693000.0,90884000.0,BALANCED,-28.565
2021-12-14,UCO,ARCX:UCO,-11728000.0,78.19,-0.0146,-1381764000.0,0.0,-11728000.0,-0.6326,-39421000.0,79156000.0,BALANCED,-29.8142
2021-12-15,UCO,ARCX:UCO,0.0,78.07,-0.0015,-1381764000.0,0.0,0.0,-0.104,-39421000.0,79156000.0,BALANCED,-12.5996
2021-12-16,UCO,ARCX:UCO,-16101000.0,80.5,0.0312,-1397865000.0,0.0,-16101000.0,-0.7965,-39731000.0,63055000.0,BALANCED,-31.9115
2021-12-17,UCO,ARCX:UCO,0.0,77.11,-0.0421,-1397865000.0,0.0,0.0,-0.0789,-39731000.0,63055000.0,BALANCED,-11.9725
2021-12-20,UCO,ARCX:UCO,29274000.0,73.19,-0.0509,-1368591000.0,29274000.0,0.0,1.154,1445000.0,96827000.0,BALANCED,40.8488
2021-12-21,UCO,ARCX:UCO,-27352000.0,78.15,0.0678,-1395943000.0,0.0,-27352000.0,-1.2349,-14179000.0,82996000.0,BALANCED,-42.8725
2021-12-22,UCO,ARCX:UCO,-12095000.0,80.63,0.0318,-1408038000.0,0.0,-12095000.0,-0.5691,-26274000.0,85115000.0,BALANCED,-28.2264
2021-12-23,UCO,ARCX:UCO,-4145000.0,82.91,0.0282,-1412183000.0,0.0,-4145000.0,-0.2286,-14318000.0,80970000.0,BALANCED,-21.7146
2021-12-27,UCO,ARCX:UCO,-21703000.0,86.81,0.0471,-1433886000.0,0.0,-21703000.0,-0.9388,-36021000.0,-34222000.0,BALANCED,-41.4706
2021-12-28,UCO,ARCX:UCO,0.0,87.78,0.0112,-1433886000.0,0.0,0.0,-0.0374,-65295000.0,-30425000.0,BALANCED,-10.9357
2021-12-29,UCO,ARCX:UCO,0.0,89.24,0.0166,-1433886000.0,0.0,0.0,-0.0374,-37943000.0,-98274000.0,BALANCED,-10.9357
2021-12-30,UCO,ARCX:UCO,0.0,90.17,0.0104,-1433886000.0,0.0,0.0,-0.0374,-25848000.0,-91543000.0,BALANCED,-10.9357
2021-12-31,UCO,ARCX:UCO,0.0,86.16,-0.0446,-1433886000.0,0.0,0.0,-0.0374,-21703000.0,-91543000.0,BALANCED,-10.9357
2022-01-03,UCO,ARCX:UCO,-8887000.0,88.87,0.0315,-1442773000.0,0.0,-8887000.0,-0.3932,-8887000.0,-100430000.0,BALANCED,-21.8288
2022-01-04,UCO,ARCX:UCO,0.0,91.13,0.0254,-1442773000.0,0.0,0.0,-0.0313,-8887000.0,-100430000.0,BALANCED,-10.7822
2022-01-05,UCO,ARCX:UCO,-18423000.0,92.11,0.0109,-1461196000.0,0.0,-18423000.0,-0.7844,-27310000.0,-118853000.0,BALANCED,-31.61
2022-01-06,UCO,ARCX:UCO,-28363000.0,94.54,0.0264,-1489559000.0,0.0,-28363000.0,-1.1544,-55673000.0,-147216000.0,BALANCED,-42.8609
2022-01-07,UCO,ARCX:UCO,0.0,93.62,-0.0097,-1489559000.0,0.0,0.0,-0.0049,-55673000.0,-131425000.0,BALANCED,-10.1214
2022-01-10,UCO,ARCX:UCO,0.0,91.91,-0.0184,-1489559000.0,0.0,0.0,0.1736,-46786000.0,-131425000.0,BALANCED,-5.661
2022-01-11,UCO,ARCX:UCO,-29488000.0,98.29,0.0695,-1519047000.0,0.0,-29488000.0,-1.4297,-76274000.0,-149011000.0,BALANCED,-47.743
2022-01-12,UCO,ARCX:UCO,-45283000.0,100.63,0.0238,-1564330000.0,0.0,-45283000.0,-2.7416,-103134000.0,-182566000.0,DISTRIBUTION,-82.5392
2022-01-13,UCO,ARCX:UCO,-5004000.0,100.07,-0.0055,-1569334000.0,0.0,-5004000.0,0.1864,-79775000.0,-187570000.0,BALANCED,-11.3391
2022-01-14,UCO,ARCX:UCO,0.0,103.46,0.0339,-1569334000.0,0.0,0.0,0.5505,-79775000.0,-171469000.0,BALANCED,3.7632
2022-01-18,UCO,ARCX:UCO,-10687000.0,106.87,0.0329,-1580021000.0,0.0,-10687000.0,-0.2021,-90462000.0,-182156000.0,BALANCED,-17.0522
2022-01-19,UCO,ARCX:UCO,-16330000.0,108.87,0.0187,-1596351000.0,0.0,-16330000.0,-0.5749,-77304000.0,-227760000.0,BALANCED,-28.3717
2022-01-20,UCO,ARCX:UCO,0.0,109.23,0.0033,-1596351000.0,0.0,0.0,0.619,-32021000.0,-200408000.0,BALANCED,5.4754
2022-01-21,UCO,ARCX:UCO,-10772000.0,107.72,-0.0138,-1607123000.0,0.0,-10772000.0,-0.1432,-37789000.0,-199085000.0,BALANCED,-15.58
2022-01-24,UCO,ARCX:UCO,0.0,103.56,-0.0387,-1607123000.0,0.0,0.0,0.6096,-37789000.0,-194940000.0,BALANCED,5.2388
2022-01-25,UCO,ARCX:UCO,0.0,107.68,0.0399,-1607123000.0,0.0,0.0,0.6096,-27102000.0,-173237000.0,BALANCED,5.2388
2022-01-26,UCO,ARCX:UCO,-11128000.0,111.28,0.0334,-1618251000.0,0.0,-11128000.0,-0.2097,-21900000.0,-184365000.0,BALANCED,-17.2429
2022-01-27,UCO,ARCX:UCO,-5477000.0,109.53,-0.0157,-1623728000.0,0.0,-5477000.0,0.1903,-27377000.0,-189842000.0,BALANCED,-9.2427
2022-01-28,UCO,ARCX:UCO,0.0,109.62,0.0008,-1623728000.0,0.0,0.0,0.5929,-16605000.0,-189842000.0,BALANCED,4.8232
2022-01-31,UCO,ARCX:UCO,0.0,111.75,0.0194,-1623728000.0,0.0,0.0,0.5539,-16605000.0,-189842000.0,BALANCED,3.8474
2022-02-01,UCO,ARCX:UCO,0.0,111.5,-0.0022,-1623728000.0,0.0,0.0,0.5539,-16605000.0,-180955000.0,BALANCED,3.8474
2022-02-02,UCO,ARCX:UCO,0.0,112.42,0.0082,-1623728000.0,0.0,0.0,0.7213,-5477000.0,-180955000.0,BALANCED,8.0325
2022-02-03,UCO,ARCX:UCO,0.0,116.55,0.0368,-1623728000.0,0.0,0.0,0.6701,0.0,-162532000.0,BALANCED,16.7516
2022-02-04,UCO,ARCX:UCO,-54350000.0,120.78,0.0362,-1678078000.0,0.0,-54350000.0,-3.1983,-54350000.0,-188519000.0,DISTRIBUTION,-91.9585
2022-02-07,UCO,ARCX:UCO,0.0,120.06,-0.006,-1678078000.0,0.0,0.0,0.6221,-54350000.0,-188519000.0,BALANCED,5.5518
2022-02-08,UCO,ARCX:UCO,0.0,115.44,-0.0385,-1678078000.0,0.0,0.0,0.5763,-54350000.0,-188519000.0,BALANCED,4.4078
2022-02-09,UCO,ARCX:UCO,0.0,117.85,0.0209,-1678078000.0,0.0,0.0,0.5763,-54350000.0,-159031000.0,BALANCED,4.4078
2022-02-10,UCO,ARCX:UCO,0.0,117.55,-0.0026,-1678078000.0,0.0,0.0,0.5763,-54350000.0,-113748000.0,BALANCED,4.4078
2022-02-11,UCO,ARCX:UCO,0.0,123.01,0.0465,-1678078000.0,0.0,0.0,0.5763,0.0,-108744000.0,BALANCED,14.4078
2022-02-14,UCO,ARCX:UCO,-12687000.0,126.87,0.0314,-1690765000.0,0.0,-12687000.0,-0.2933,-12687000.0,-121431000.0,BALANCED,-19.3327
2022-02-15,UCO,ARCX:UCO,0.0,117.99,-0.07,-1690765000.0,0.0,0.0,0.5843,-12687000.0,-110744000.0,BALANCED,4.6072
2022-02-16,UCO,ARCX:UCO,0.0,121.52,0.0299,-1690765000.0,0.0,0.0,0.5843,-12687000.0,-94414000.0,BALANCED,4.6072
2022-02-17,UCO,ARCX:UCO,0.0,117.86,-0.0301,-1690765000.0,0.0,0.0,0.543,-12687000.0,-94414000.0,BALANCED,3.5762
2022-02-18,UCO,ARCX:UCO,0.0,119.48,0.0137,-1690765000.0,0.0,0.0,0.4933,-12687000.0,-83642000.0,BALANCED,2.3317
2022-02-22,UCO,ARCX:UCO,0.0,124.04,0.0382,-1690765000.0,0.0,0.0,0.4933,0.0,-83642000.0,BALANCED,12.3317
2022-02-23,UCO,ARCX:UCO,0.0,125.41,0.011,-1690765000.0,0.0,0.0,0.4933,0.0,-83642000.0,BALANCED,12.3317
2022-02-24,UCO,ARCX:UCO,-6214000.0,124.27,-0.0091,-1696979000.0,0.0,-6214000.0,-0.0219,-6214000.0,-78728000.0,BALANCED,-12.5484
2022-02-25,UCO,ARCX:UCO,0.0,121.79,-0.02,-1696979000.0,0.0,0.0,0.4181,-6214000.0,-73251000.0,BALANCED,0.4536
2022-02-28,UCO,ARCX:UCO,-32280000.0,129.12,0.0602,-1729259000.0,0.0,-32280000.0,-2.2964,-38494000.0,-105531000.0,DISTRIBUTION,-69.4111
2022-03-01,UCO,ARCX:UCO,-21290000.0,141.93,0.0992,-1750549000.0,0.0,-21290000.0,-1.2664,-59784000.0,-126821000.0,BALANCED,-45.6605
2022-03-02,UCO,ARCX:UCO,-47605000.0,158.68,0.118,-1798154000.0,0.0,-47605000.0,-2.8361,-107389000.0,-174426000.0,DISTRIBUTION,-86.9019
2022-03-03,UCO,ARCX:UCO,0.0,156.47,-0.014,-1798154000.0,0.0,0.0,0.4745,-101175000.0,-174426000.0,BALANCED,1.8634
2022-03-04,UCO,ARCX:UCO,-17946000.0,179.46,0.147,-1816100000.0,0.0,-17946000.0,-0.7448,-119121000.0,-192372000.0,BALANCED,-30.62
2022-03-07,UCO,ARCX:UCO,74722000.0,186.8,0.0409,-1741378000.0,74722000.0,0.0,3.8341,-12119000.0,-63300000.0,ACCUMULATION,87.8525
2022-03-08,UCO,ARCX:UCO,37961000.0,189.8,0.0161,-1703417000.0,37961000.0,0.0,1.8667,47132000.0,-25339000.0,ACCUMULATION,60.6684
2022-03-09,UCO,ARCX:UCO,37007000.0,148.03,-0.2201,-1666410000.0,37007000.0,0.0,1.6772,131744000.0,11668000.0,ACCUMULATION,57.929
2022-03-10,UCO,ARCX:UCO,74454000.0,148.91,0.0059,-1591956000.0,74454000.0,0.0,2.7225,206198000.0,86122000.0,ACCUMULATION,86.0624
2022-03-11,UCO,ARCX:UCO,-79943000.0,159.89,0.0737,-1671899000.0,0.0,-79943000.0,-2.5445,144201000.0,6179000.0,DISTRIBUTION,-55.6117
2022-03-16,UCO,ARCX:UCO,-79306000.0,132.18,-0.1733,-1751205000.0,0.0,-79306000.0,-2.2145,-9827000.0,-73127000.0,DISTRIBUTION,-69.3633
2022-03-17,UCO,ARCX:UCO,-97839000.0,150.52,0.1388,-1849044000.0,0.0,-97839000.0,-2.3811,-145627000.0,-158279000.0,DISTRIBUTION,-75.527
2022-03-18,UCO,ARCX:UCO,0.0,153.84,0.022,-1849044000.0,0.0,0.0,0.198,-182634000.0,-158279000.0,BALANCED,-5.0505
2022-03-21,UCO,ARCX:UCO,-33775000.0,168.88,0.0977,-1882819000.0,0.0,-33775000.0,-0.658,-290863000.0,-192054000.0,BALANCED,-28.4496
2022-03-22,UCO,ARCX:UCO,-8343000.0,166.85,-0.012,-1891162000.0,0.0,-8343000.0,0.015,-219263000.0,-200397000.0,BALANCED,-13.6257
2022-03-23,UCO,ARCX:UCO,-17905000.0,179.05,0.0731,-1909067000.0,0.0,-17905000.0,-0.274,-157862000.0,-218302000.0,BALANCED,-22.8504
2022-03-24,UCO,ARCX:UCO,0.0,170.61,-0.0472,-1909067000.0,0.0,0.0,0.2067,-60023000.0,-218302000.0,BALANCED,-4.8316
2022-03-28,UCO,ARCX:UCO,-7788000.0,155.76,-0.087,-1916855000.0,0.0,-7788000.0,0.0046,-67811000.0,-226090000.0,BALANCED,-11.885
2022-03-29,UCO,ARCX:UCO,7735000.0,154.7,-0.0068,-1909120000.0,7735000.0,0.0,0.4139,-26301000.0,-212141000.0,BALANCED,2.3464
2022-03-30,UCO,ARCX:UCO,24773000.0,165.16,0.0676,-1884347000.0,24773000.0,0.0,0.8384,6815000.0,-187368000.0,BALANCED,34.961
2022-03-31,UCO,ARCX:UCO,-15181000.0,151.81,-0.0808,-1899528000.0,0.0,-15181000.0,-0.2066,9539000.0,-170269000.0,BALANCED,2.8353
2022-04-01,UCO,ARCX:UCO,-7795000.0,155.9,0.027,-1907323000.0,0.0,-7795000.0,-0.0153,1744000.0,-156774000.0,BALANCED,5.6182
2022-04-04,UCO,ARCX:UCO,-16658000.0,166.58,0.0685,-1923981000.0,0.0,-16658000.0,-0.2353,-7126000.0,-125827000.0,BALANCED,-21.8831
2022-04-05,UCO,ARCX:UCO,-8177000.0,163.54,-0.0183,-1932158000.0,0.0,-8177000.0,-0.0035,-23038000.0,-134004000.0,BALANCED,-18.0865
2022-04-06,UCO,ARCX:UCO,0.0,151.31,-0.0748,-1932158000.0,0.0,0.0,0.2133,-47811000.0,-116058000.0,BALANCED,-4.6676
2022-04-07,UCO,ARCX:UCO,15353000.0,153.53,0.0147,-1916805000.0,15353000.0,0.0,0.6032,-17277000.0,-175427000.0,BALANCED,7.0812
2022-04-08,UCO,ARCX:UCO,-7968000.0,159.37,0.038,-1924773000.0,0.0,-7968000.0,-0.0044,-17450000.0,-221356000.0,BALANCED,-12.1106
2022-04-11,UCO,ARCX:UCO,-15067000.0,150.67,-0.0546,-1939840000.0,0.0,-15067000.0,-0.1784,-15859000.0,-273430000.0,BALANCED,-18.4612
2022-04-12,UCO,ARCX:UCO,-32891000.0,164.46,0.0915,-1972731000.0,0.0,-32891000.0,-0.6209,-40573000.0,-380775000.0,BALANCED,-31.5229
2022-04-13,UCO,ARCX:UCO,-17348000.0,173.48,0.0549,-1990079000.0,0.0,-17348000.0,-0.1986,-57921000.0,-318180000.0,BALANCED,-22.9652
2022-04-14,UCO,ARCX:UCO,-35658000.0,178.29,0.0277,-2025737000.0,0.0,-35658000.0,-0.6742,-108932000.0,-274532000.0,BALANCED,-36.8558
2022-04-18,UCO,ARCX:UCO,-26876000.0,179.18,0.005,-2052613000.0,0.0,-26876000.0,-0.4388,-127840000.0,-203569000.0,BALANCED,-32.9707
2022-04-19,UCO,ARCX:UCO,0.0,162.31,-0.0942,-2052613000.0,0.0,0.0,0.2251,-112773000.0,-203569000.0,BALANCED,-4.3713
2022-04-20,UCO,ARCX:UCO,-8194000.0,163.88,0.0097,-2060807000.0,0.0,-8194000.0,0.0149,-88076000.0,-177988000.0,BALANCED,-11.6273
2022-04-21,UCO,ARCX:UCO,-8451000.0,169.02,0.0314,-2069258000.0,0.0,-8451000.0,-0.0003,-79179000.0,-178096000.0,BALANCED,-14.0082
2022-04-22,UCO,ARCX:UCO,0.0,161.57,-0.0441,-2069258000.0,0.0,0.0,0.3194,-43521000.0,-160191000.0,BALANCED,-2.0161
2022-04-25,UCO,ARCX:UCO,7629000.0,152.58,-0.0556,-2061629000.0,7629000.0,0.0,0.5901,-9016000.0,-152562000.0,BALANCED,6.7536
2022-04-26,UCO,ARCX:UCO,0.0,158.71,0.0402,-2061629000.0,0.0,0.0,0.4124,-9016000.0,-144774000.0,BALANCED,0.3106
2022-04-27,UCO,ARCX:UCO,-7966000.0,159.32,0.0039,-2069595000.0,0.0,-7966000.0,0.2907,-8788000.0,-160475000.0,BALANCED,-4.7315
2022-04-28,UCO,ARCX:UCO,-8195000.0,163.91,0.0288,-2077790000.0,0.0,-8195000.0,0.2172,-8532000.0,-193443000.0,BALANCED,-8.5711
2022-04-29,UCO,ARCX:UCO,0.0,161.37,-0.0155,-2077790000.0,0.0,0.0,0.5113,-8532000.0,-178262000.0,BALANCED,2.7815
2022-05-02,UCO,ARCX:UCO,0.0,163.33,0.0122,-2077790000.0,0.0,0.0,0.5595,-16161000.0,-170467000.0,BALANCED,3.9865
2022-05-03,UCO,ARCX:UCO,0.0,158.36,-0.0304,-2077790000.0,0.0,0.0,0.5595,-16161000.0,-153809000.0,BALANCED,3.9865
2022-05-04,UCO,ARCX:UCO,0.0,172.93,0.092,-2077790000.0,0.0,0.0,0.5093,-8195000.0,-145632000.0,BALANCED,2.7315
2022-05-05,UCO,ARCX:UCO,0.0,174.09,0.0067,-2077790000.0,0.0,0.0,0.4856,0.0,-145632000.0,BALANCED,12.1398
2022-05-06,UCO,ARCX:UCO,0.0,178.58,0.0258,-2077790000.0,0.0,0.0,0.4441,0.0,-160985000.0,BALANCED,11.1024
2022-05-09,UCO,ARCX:UCO,0.0,160.02,-0.1039,-2077790000.0,0.0,0.0,0.4441,0.0,-153017000.0,BALANCED,11.1024
2022-05-12,UCO,ARCX:UCO,0.0,166.27,0.039,-2077790000.0,0.0,0.0,0.4225,0.0,-137950000.0,BALANCED,10.5617
2022-05-13,UCO,ARCX:UCO,-70264000.0,175.76,0.0571,-2148054000.0,0.0,-70264000.0,-3.636,-70264000.0,-175323000.0,DISTRIBUTION,-100.0
2022-05-16,UCO,ARCX:UCO,-9038000.0,180.76,0.0284,-2157092000.0,0.0,-9038000.0,0.0033,-79302000.0,-167013000.0,BALANCED,-13.9163
2022-05-17,UCO,ARCX:UCO,-34929000.0,174.65,-0.0338,-2192021000.0,0.0,-34929000.0,-1.5139,-114231000.0,-166284000.0,DISTRIBUTION,-53.847
2022-05-18,UCO,ARCX:UCO,-24821000.0,165.47,-0.0525,-2216842000.0,0.0,-24821000.0,-0.8606,-139052000.0,-164229000.0,BALANCED,-39.516
2022-05-19,UCO,ARCX:UCO,0.0,173.18,0.0466,-2216842000.0,0.0,0.0,0.5773,-139052000.0,-164229000.0,BALANCED,4.4319
2022-05-20,UCO,ARCX:UCO,0.0,173.25,0.0004,-2216842000.0,0.0,0.0,0.5581,-68788000.0,-156035000.0,BALANCED,3.953
2022-05-23,UCO,ARCX:UCO,0.0,176.16,0.0168,-2216842000.0,0.0,0.0,0.5581,-59750000.0,-147584000.0,BALANCED,3.953
2022-05-24,UCO,ARCX:UCO,8822000.0,176.44,0.0016,-2208020000.0,8822000.0,0.0,1.1087,-15999000.0,-138762000.0,BALANCED,19.717
2022-05-25,UCO,ARCX:UCO,8933000.0,178.65,0.0125,-2199087000.0,8933000.0,0.0,1.0599,17755000.0,-137458000.0,BALANCED,40.498
2022-05-26,UCO,ARCX:UCO,2304000.0,47.01,0.0526,-2196783000.0,2304000.0,0.0,0.6341,20059000.0,-135154000.0,BALANCED,31.8516
2022-05-27,UCO,ARCX:UCO,0.0,47.76,0.0158,-2196783000.0,0.0,0.0,0.4506,20059000.0,-127188000.0,BALANCED,21.265
2022-05-31,UCO,ARCX:UCO,0.0,47.19,-0.012,-2196783000.0,0.0,0.0,0.4171,20059000.0,-118993000.0,BALANCED,20.4267
2022-06-01,UCO,ARCX:UCO,-12039000.0,48.16,0.0206,-2208822000.0,0.0,-12039000.0,-0.3795,-802000.0,-131032000.0,BALANCED,-21.4878
2022-06-02,UCO,ARCX:UCO,0.0,49.57,0.0293,-2208822000.0,0.0,0.0,0.3432,-9735000.0,-131032000.0,BALANCED,-1.4209
2022-06-03,UCO,ARCX:UCO,-7660000.0,51.07,0.0302,-2216482000.0,0.0,-7660000.0,-0.1451,-19699000.0,-138692000.0,BALANCED,-15.6272
2022-06-06,UCO,ARCX:UCO,-7648000.0,50.99,-0.0016,-2224130000.0,0.0,-7648000.0,-0.1455,-27347000.0,-146340000.0,BALANCED,-17.6382
2022-06-07,UCO,ARCX:UCO,-7887000.0,52.58,0.0312,-2232017000.0,0.0,-7887000.0,-0.1626,-35234000.0,-154227000.0,BALANCED,-20.0647
2022-06-08,UCO,ARCX:UCO,2744000.0,54.88,0.0438,-2229273000.0,2744000.0,0.0,0.532,-20451000.0,-151483000.0,BALANCED,5.301
2022-06-09,UCO,ARCX:UCO,2731000.0,54.63,-0.0046,-2226542000.0,2731000.0,0.0,0.5462,-17720000.0,-148752000.0,BALANCED,7.6549
2022-06-10,UCO,ARCX:UCO,2673000.0,53.46,-0.0214,-2223869000.0,2673000.0,0.0,0.535,-7387000.0,-146079000.0,BALANCED,9.3739
2022-06-13,UCO,ARCX:UCO,0.0,53.45,-0.0001,-2223869000.0,0.0,0.0,0.3399,261000.0,-75815000.0,BALANCED,18.4975
2022-06-14,UCO,ARCX:UCO,5000.0,51.72,-0.0322,-2223864000.0,5000.0,0.0,0.3218,8153000.0,-66772000.0,BALANCED,20.0451
2022-06-15,UCO,ARCX:UCO,-12425000.0,49.7,-0.0391,-2236289000.0,0.0,-12425000.0,-0.4705,-7016000.0,-44268000.0,BALANCED,-23.7629
2022-06-16,UCO,ARCX:UCO,-15378000.0,51.26,0.0314,-2251667000.0,0.0,-15378000.0,-0.6282,-25125000.0,-34825000.0,BALANCED,-29.7049
2022-06-17,UCO,ARCX:UCO,-11341000.0,45.36,-0.1151,-2263008000.0,0.0,-11341000.0,-0.3389,-39139000.0,-46166000.0,BALANCED,-24.4732
2022-06-21,UCO,ARCX:UCO,0.0,46.47,0.0244,-2263008000.0,0.0,0.0,0.405,-39139000.0,-46166000.0,BALANCED,0.1243
2022-06-22,UCO,ARCX:UCO,0.0,43.86,-0.0563,-2263008000.0,0.0,0.0,0.405,-39144000.0,-46166000.0,BALANCED,0.1243
2022-06-23,UCO,ARCX:UCO,0.0,41.12,-0.0623,-2263008000.0,0.0,0.0,0.405,-26719000.0,-54988000.0,BALANCED,0.1243
2022-06-24,UCO,ARCX:UCO,-30055000.0,42.94,0.0441,-2293063000.0,0.0,-30055000.0,-1.4478,-41396000.0,-93976000.0,BALANCED,-48.1946
2022-06-27,UCO,ARCX:UCO,0.0,44.36,0.0332,-2293063000.0,0.0,0.0,0.4541,-30055000.0,-96280000.0,BALANCED,1.352
2022-06-28,UCO,ARCX:UCO,-14011000.0,46.7,0.0527,-2307074000.0,0.0,-14011000.0,-0.8288,-44066000.0,-110291000.0,BALANCED,-32.7191
2022-06-29,UCO,ARCX:UCO,0.0,45.0,-0.0365,-2307074000.0,0.0,0.0,0.4748,-44066000.0,-110291000.0,BALANCED,1.8709
2022-06-30,UCO,ARCX:UCO,-16659000.0,41.65,-0.0744,-2323733000.0,0.0,-16659000.0,-1.3365,-60725000.0,-114911000.0,BALANCED,-45.4119
2022-07-01,UCO,ARCX:UCO,-2156000.0,43.13,0.0356,-2325889000.0,0.0,-2156000.0,0.1775,-32826000.0,-117067000.0,BALANCED,-9.5637
2022-07-05,UCO,ARCX:UCO,0.0,35.55,-0.1758,-2325889000.0,0.0,0.0,0.4361,-32826000.0,-109407000.0,BALANCED,0.9037
2022-07-06,UCO,ARCX:UCO,38077000.0,34.62,-0.0262,-2287812000.0,38077000.0,0.0,3.584,19262000.0,-63682000.0,ACCUMULATION,100.0
2022-07-07,UCO,ARCX:UCO,0.0,37.49,0.083,-2287812000.0,0.0,0.0,0.2096,19262000.0,-55795000.0,BALANCED,15.2411
2022-07-08,UCO,ARCX:UCO,-31515000.0,39.39,0.0508,-2319327000.0,0.0,-31515000.0,-2.2669,4406000.0,-90054000.0,DISTRIBUTION,-48.6723
2022-07-11,UCO,ARCX:UCO,-21793000.0,39.62,0.0059,-2341120000.0,0.0,-21793000.0,-1.3696,-15231000.0,-114578000.0,BALANCED,-48.2409
2022-07-12,UCO,ARCX:UCO,-5110000.0,34.06,-0.1403,-2346230000.0,0.0,-5110000.0,-0.0104,-20341000.0,-122361000.0,BALANCED,-16.2593
2022-07-13,UCO,ARCX:UCO,27786000.0,34.73,0.0196,-2318444000.0,27786000.0,0.0,2.3183,-30632000.0,-94575000.0,ACCUMULATION,49.9586
2022-07-14,UCO,ARCX:UCO,15125000.0,33.61,-0.0323,-2303319000.0,15125000.0,0.0,1.319,-15507000.0,-79455000.0,BALANCED,26.9745
2022-07-15,UCO,ARCX:UCO,-13839000.0,34.6,0.0293,-2317158000.0,0.0,-13839000.0,-0.7202,2169000.0,-80869000.0,BALANCED,-10.006
2022-07-18,UCO,ARCX:UCO,-11357000.0,37.86,0.0942,-2328515000.0,0.0,-11357000.0,-0.5169,12605000.0,-76848000.0,BALANCED,-6.923
2022-07-19,UCO,ARCX:UCO,-17336000.0,38.52,0.0176,-2345851000.0,0.0,-17336000.0,-0.9015,379000.0,-82843000.0,BALANCED,-18.5381
2022-07-20,UCO,ARCX:UCO,0.0,38.47,-0.0015,-2345851000.0,0.0,0.0,0.2807,-27407000.0,-82843000.0,BALANCED,-2.9817
2022-07-21,UCO,ARCX:UCO,-9111000.0,36.45,-0.0525,-2354962000.0,0.0,-9111000.0,-0.3465,-51643000.0,-91954000.0,BALANCED,-20.6632
2022-07-22,UCO,ARCX:UCO,0.0,35.55,-0.0246,-2354962000.0,0.0,0.0,0.2903,-37804000.0,-91954000.0,BALANCED,-2.7413
2022-07-25,UCO,ARCX:UCO,-1857000.0,37.13,0.0445,-2356819000.0,0.0,-1857000.0,0.1729,-28304000.0,-63756000.0,BALANCED,-7.6782
2022-07-26,UCO,ARCX:UCO,0.0,36.3,-0.0223,-2356819000.0,0.0,0.0,0.309,-10968000.0,-63756000.0,BALANCED,-2.2746
2022-07-27,UCO,ARCX:UCO,-11481000.0,38.27,0.0542,-2368300000.0,0.0,-11481000.0,-0.4639,-22449000.0,-61226000.0,BALANCED,-23.5965
2022-07-28,UCO,ARCX:UCO,-5672000.0,37.81,-0.012,-2373972000.0,0.0,-5672000.0,-0.0466,-19010000.0,-66898000.0,BALANCED,-15.165
2022-07-29,UCO,ARCX:UCO,0.0,39.41,0.0422,-2373972000.0,0.0,0.0,0.3209,-19010000.0,-50239000.0,BALANCED,-1.9773
2022-08-01,UCO,ARCX:UCO,-10937000.0,36.46,-0.0748,-2384909000.0,0.0,-10937000.0,-0.4572,-28090000.0,-59020000.0,BALANCED,-23.429
2022-08-02,UCO,ARCX:UCO,14928000.0,37.32,0.0237,-2369981000.0,14928000.0,0.0,1.269,-13162000.0,-44092000.0,BALANCED,23.725
2022-08-03,UCO,ARCX:UCO,-1748000.0,34.95,-0.0635,-2371729000.0,0.0,-1748000.0,0.1288,-3429000.0,-83917000.0,BALANCED,-8.7793
2022-08-04,UCO,ARCX:UCO,11570000.0,33.06,-0.0542,-2360159000.0,11570000.0,0.0,0.9997,13813000.0,-72347000.0,BALANCED,36.9929
2022-08-05,UCO,ARCX:UCO,18349000.0,33.36,0.0092,-2341810000.0,18349000.0,0.0,1.3691,32162000.0,-22483000.0,BALANCED,48.2271
2022-08-08,UCO,ARCX:UCO,6985000.0,34.93,0.0469,-2334825000.0,6985000.0,0.0,0.5775,50084000.0,6295000.0,BALANCED,30.4381
2022-08-09,UCO,ARCX:UCO,3474000.0,34.74,-0.0052,-2331351000.0,3474000.0,0.0,0.3269,38630000.0,14879000.0,BALANCED,26.1729
2022-08-10,UCO,ARCX:UCO,0.0,36.01,0.0365,-2331351000.0,0.0,0.0,0.0565,40378000.0,-12907000.0,BALANCED,11.4117
2022-08-11,UCO,ARCX:UCO,-35709000.0,37.59,0.0438,-2367060000.0,0.0,-35709000.0,-2.1497,-6901000.0,-63741000.0,DISTRIBUTION,-65.7434
2022-08-12,UCO,ARCX:UCO,-14527000.0,36.32,-0.0338,-2381587000.0,0.0,-14527000.0,-0.8067,-39777000.0,-64429000.0,BALANCED,-34.1683
2022-08-15,UCO,ARCX:UCO,0.0,34.62,-0.0466,-2381587000.0,0.0,0.0,0.1189,-46762000.0,-53072000.0,BALANCED,-7.0286
2022-08-16,UCO,ARCX:UCO,13135000.0,32.84,-0.0516,-2368452000.0,13135000.0,0.0,0.9178,-37101000.0,-22601000.0,BALANCED,14.9457
2022-08-17,UCO,ARCX:UCO,3382000.0,33.82,0.03,-2365070000.0,3382000.0,0.0,0.4244,-33719000.0,-19219000.0,BALANCED,4.6094
2022-08-18,UCO,ARCX:UCO,5306000.0,35.37,0.0458,-2359764000.0,5306000.0,0.0,0.5462,7296000.0,-4802000.0,BALANCED,29.6559
2022-08-19,UCO,ARCX:UCO,-10738000.0,35.79,0.012,-2370502000.0,0.0,-10738000.0,-0.6895,11085000.0,-15540000.0,BALANCED,-9.2372
2022-08-22,UCO,ARCX:UCO,-1785000.0,35.69,-0.0029,-2372287000.0,0.0,-1785000.0,-0.0595,9300000.0,-15468000.0,BALANCED,4.5125
2022-08-23,UCO,ARCX:UCO,0.0,37.96,0.0637,-2372287000.0,0.0,0.0,0.0694,-3835000.0,-15468000.0,BALANCED,-8.2652
2022-08-24,UCO,ARCX:UCO,-9680000.0,38.72,0.02,-2381967000.0,0.0,-9680000.0,-0.6648,-16897000.0,-13667000.0,BALANCED,-28.6192
2022-08-25,UCO,ARCX:UCO,-3699000.0,36.99,-0.0448,-2385666000.0,0.0,-3699000.0,-0.0875,-25902000.0,-11694000.0,BALANCED,-16.188
2022-08-26,UCO,ARCX:UCO,0.0,36.92,-0.0019,-2385666000.0,0.0,0.0,0.2133,-15164000.0,-11694000.0,BALANCED,-4.668
2022-08-29,UCO,ARCX:UCO,0.0,39.5,0.0699,-2385666000.0,0.0,0.0,0.1801,-13379000.0,-757000.0,BALANCED,-5.4965
2022-08-30,UCO,ARCX:UCO,-3593000.0,35.93,-0.0905,-2389259000.0,0.0,-3593000.0,-0.2109,-16972000.0,-19278000.0,BALANCED,-17.2736
2022-08-31,UCO,ARCX:UCO,22402000.0,34.46,-0.0407,-2366857000.0,22402000.0,0.0,2.0876,15110000.0,4872000.0,ACCUMULATION,64.1893
2022-09-01,UCO,ARCX:UCO,6488000.0,32.44,-0.0588,-2360369000.0,6488000.0,0.0,0.6049,25297000.0,-210000.0,BALANCED,29.1219
2022-09-02,UCO,ARCX:UCO,16303000.0,32.61,0.0051,-2344066000.0,16303000.0,0.0,1.3948,41600000.0,-2256000.0,BALANCED,50.8708
2022-09-06,UCO,ARCX:UCO,4919000.0,32.8,0.0058,-2339147000.0,4919000.0,0.0,0.3782,46519000.0,-4322000.0,BALANCED,27.4546
2022-09-07,UCO,ARCX:UCO,10339000.0,29.54,-0.0992,-2328808000.0,10339000.0,0.0,0.8118,60451000.0,2543000.0,BALANCED,40.295
2022-09-08,UCO,ARCX:UCO,22589000.0,30.12,0.0196,-2306219000.0,22589000.0,0.0,1.7114,60638000.0,25132000.0,ACCUMULATION,64.7862
2022-09-09,UCO,ARCX:UCO,6488000.0,32.44,0.077,-2299731000.0,6488000.0,0.0,0.3366,60638000.0,67329000.0,BALANCED,32.4141
2022-09-12,UCO,ARCX:UCO,-11681000.0,33.36,0.0286,-2311412000.0,0.0,-11681000.0,-1.1288,32654000.0,70175000.0,BALANCED,-20.2201
2022-09-13,UCO,ARCX:UCO,-21375000.0,32.89,-0.0144,-2332787000.0,0.0,-21375000.0,-1.8174,6360000.0,48800000.0,DISTRIBUTION,-39.4341
2022-09-14,UCO,ARCX:UCO,0.0,33.32,0.0131,-2332787000.0,0.0,0.0,-0.0994,-3979000.0,35665000.0,BALANCED,-12.4849
2022-09-15,UCO,ARCX:UCO,-12243000.0,30.61,-0.0813,-2345030000.0,0.0,-12243000.0,-1.0337,-38811000.0,20040000.0,BALANCED,-37.842
2022-09-16,UCO,ARCX:UCO,9174000.0,30.58,-0.0009,-2335856000.0,9174000.0,0.0,0.6615,-36125000.0,23908000.0,BALANCED,8.5386
2022-09-19,UCO,ARCX:UCO,4631000.0,30.87,0.0096,-2331225000.0,4631000.0,0.0,0.3499,-19813000.0,39277000.0,BALANCED,2.7466
2022-09-20,UCO,ARCX:UCO,4473000.0,29.82,-0.0342,-2326752000.0,4473000.0,0.0,0.3449,6035000.0,45535000.0,BALANCED,24.6219
2022-09-21,UCO,ARCX:UCO,0.0,29.28,-0.018,-2326752000.0,0.0,0.0,-0.0126,6035000.0,45535000.0,BALANCED,9.6852
2022-09-22,UCO,ARCX:UCO,0.0,29.76,0.0163,-2326752000.0,0.0,0.0,-0.0126,18278000.0,55215000.0,BALANCED,9.6852
2022-09-23,UCO,ARCX:UCO,2668000.0,26.68,-0.1035,-2324084000.0,2668000.0,0.0,0.1221,11772000.0,61582000.0,BALANCED,15.0523
2022-09-26,UCO,ARCX:UCO,30307000.0,25.26,-0.0534,-2293777000.0,30307000.0,0.0,2.4989,37448000.0,91889000.0,ACCUMULATION,76.4722
2022-09-27,UCO,ARCX:UCO,5200000.0,26.0,0.0295,-2288577000.0,5200000.0,0.0,0.1917,38175000.0,97089000.0,BALANCED,20.7937
2022-09-28,UCO,ARCX:UCO,11194000.0,27.99,0.0763,-2277383000.0,11194000.0,0.0,0.7489,49369000.0,111876000.0,BALANCED,36.7215
2022-09-29,UCO,ARCX:UCO,0.0,27.35,-0.0227,-2277383000.0,0.0,0.0,-0.268,49369000.0,89474000.0,BALANCED,3.3011
2022-09-30,UCO,ARCX:UCO,-11801000.0,26.22,-0.0411,-2289184000.0,0.0,-11801000.0,-1.2613,34900000.0,71185000.0,BALANCED,-23.5314
2022-10-03,UCO,ARCX:UCO,0.0,28.34,0.0807,-2289184000.0,0.0,0.0,-0.2474,4593000.0,54882000.0,BALANCED,3.816
2022-10-04,UCO,ARCX:UCO,4531000.0,30.2,0.0657,-2284653000.0,4531000.0,0.0,0.1473,3924000.0,54494000.0,BALANCED,15.6824
2022-10-05,UCO,ARCX:UCO,-14181000.0,31.51,0.0433,-2298834000.0,0.0,-14181000.0,-1.4641,-21451000.0,29974000.0,BALANCED,-48.6018
2022-10-06,UCO,ARCX:UCO,-1615000.0,32.29,0.0247,-2300449000.0,0.0,-1615000.0,-0.3884,-23066000.0,5770000.0,BALANCED,-23.7092
2022-10-07,UCO,ARCX:UCO,0.0,34.26,0.0611,-2300449000.0,0.0,0.0,-0.2559,-11265000.0,-718000.0,BALANCED,-16.3965
2022-10-10,UCO,ARCX:UCO,-19910000.0,33.18,-0.0315,-2320359000.0,0.0,-19910000.0,-1.8642,-31175000.0,-8947000.0,DISTRIBUTION,-58.606
2022-10-11,UCO,ARCX:UCO,-6350000.0,31.75,-0.0432,-2326709000.0,0.0,-6350000.0,-0.6962,-42056000.0,6078000.0,BALANCED,-31.4043
2022-10-12,UCO,ARCX:UCO,-22938000.0,30.58,-0.0367,-2349647000.0,0.0,-22938000.0,-1.9027,-50813000.0,-16860000.0,DISTRIBUTION,-63.5666
2022-10-13,UCO,ARCX:UCO,-1594000.0,31.89,0.0425,-2351241000.0,0.0,-1594000.0,-0.1745,-50792000.0,-6211000.0,BALANCED,-22.3622
2022-10-14,UCO,ARCX:UCO,1496000.0,29.92,-0.0618,-2349745000.0,1496000.0,0.0,0.0946,-49296000.0,-13889000.0,BALANCED,-5.6345
2022-10-17,UCO,ARCX:UCO,0.0,30.03,0.0039,-2349745000.0,0.0,0.0,0.0162,-29386000.0,-18520000.0,BALANCED,-9.595
2022-10-18,UCO,ARCX:UCO,5827000.0,29.14,-0.0299,-2343918000.0,5827000.0,0.0,0.5116,-17209000.0,-17166000.0,BALANCED,4.7897
2022-10-19,UCO,ARCX:UCO,0.0,30.28,0.0394,-2343918000.0,0.0,0.0,0.0437,5729000.0,-17166000.0,BALANCED,11.0919
2022-10-20,UCO,ARCX:UCO,1496000.0,29.93,-0.0116,-2342422000.0,1496000.0,0.0,0.2529,8819000.0,-15670000.0,BALANCED,18.3221
2022-10-21,UCO,ARCX:UCO,-1514000.0,30.28,0.0117,-2343936000.0,0.0,-1514000.0,-0.0038,5809000.0,-19852000.0,BALANCED,7.9044
2022-10-24,UCO,ARCX:UCO,3022000.0,30.22,-0.0021,-2340914000.0,3022000.0,0.0,0.3837,8831000.0,-47137000.0,BALANCED,21.5925
2022-10-25,UCO,ARCX:UCO,0.0,30.87,0.0215,-2340914000.0,0.0,0.0,0.0279,3004000.0,-52337000.0,BALANCED,10.698
2022-10-26,UCO,ARCX:UCO,0.0,32.21,0.0434,-2340914000.0,0.0,0.0,0.0279,3004000.0,-63531000.0,BALANCED,10.698
2022-10-27,UCO,ARCX:UCO,0.0,32.88,0.021,-2340914000.0,0.0,0.0,-0.0145,1508000.0,-63531000.0,BALANCED,9.6365
2022-10-28,UCO,ARCX:UCO,-20775000.0,31.96,-0.028,-2361689000.0,0.0,-20775000.0,-1.9888,-17753000.0,-72505000.0,DISTRIBUTION,-61.7199
2022-10-31,UCO,ARCX:UCO,0.0,31.37,-0.0185,-2361689000.0,0.0,0.0,0.1019,-20775000.0,-72505000.0,BALANCED,-7.4514
2022-11-01,UCO,ARCX:UCO,8119000.0,32.48,0.0353,-2353570000.0,8119000.0,0.0,0.8966,-12656000.0,-68917000.0,BALANCED,14.4155
2022-11-02,UCO,ARCX:UCO,-15228000.0,33.84,0.042,-2368798000.0,0.0,-15228000.0,-1.3315,-27884000.0,-69964000.0,BALANCED,-45.2866
2022-11-03,UCO,ARCX:UCO,0.0,32.82,-0.03,-2368798000.0,0.0,0.0,0.135,-27884000.0,-68349000.0,BALANCED,-6.6259
2022-11-04,UCO,ARCX:UCO,-10656000.0,35.52,0.0822,-2379454000.0,0.0,-10656000.0,-0.84,-17765000.0,-79005000.0,BALANCED,-32.9995
2022-11-07,UCO,ARCX:UCO,-14107000.0,35.27,-0.0071,-2393561000.0,0.0,-14107000.0,-1.2263,-31872000.0,-73202000.0,BALANCED,-44.6586
2022-11-09,UCO,ARCX:UCO,-6273000.0,31.38,-0.1102,-2399834000.0,0.0,-6273000.0,-0.2963,-46264000.0,-73125000.0,BALANCED,-23.4066
2022-11-10,UCO,ARCX:UCO,3179000.0,31.79,0.013,-2396655000.0,3179000.0,0.0,0.8624,-27857000.0,-47008000.0,BALANCED,13.5601
2022-11-14,UCO,ARCX:UCO,4770000.0,31.8,0.0004,-2391885000.0,4770000.0,0.0,1.0198,-23087000.0,-40644000.0,BALANCED,19.4954
2022-11-15,UCO,ARCX:UCO,4930000.0,32.87,0.0335,-2386955000.0,4930000.0,0.0,0.9718,-7501000.0,-37210000.0,BALANCED,20.2944
2022-11-16,UCO,ARCX:UCO,0.0,31.82,-0.0318,-2386955000.0,0.0,0.0,0.3867,6606000.0,-37210000.0,BALANCED,19.6686
2022-11-17,UCO,ARCX:UCO,11973000.0,29.93,-0.0593,-2374982000.0,11973000.0,0.0,1.7092,24852000.0,-31064000.0,ACCUMULATION,54.7293
2022-11-18,UCO,ARCX:UCO,21940000.0,29.25,-0.0227,-2353042000.0,21940000.0,0.0,2.4688,43613000.0,-9124000.0,ACCUMULATION,75.7199
2022-11-21,UCO,ARCX:UCO,43000000.0,29.66,0.0138,-2310042000.0,43000000.0,0.0,3.4305,81843000.0,32380000.0,ACCUMULATION,100.0
2022-11-22,UCO,ARCX:UCO,30075000.0,30.07,0.0141,-2279967000.0,30075000.0,0.0,2.1308,106988000.0,63969000.0,ACCUMULATION,71.2698
2022-11-23,UCO,ARCX:UCO,-8621000.0,28.74,-0.0445,-2288588000.0,0.0,-8621000.0,-0.7245,98367000.0,52326000.0,BALANCED,-10.1137
2022-11-25,UCO,ARCX:UCO,15261000.0,27.75,-0.0344,-2273327000.0,15261000.0,0.0,0.9965,101655000.0,67587000.0,BALANCED,36.9136
2022-11-28,UCO,ARCX:UCO,0.0,28.26,0.0184,-2273327000.0,0.0,0.0,-0.2002,79715000.0,67587000.0,BALANCED,4.9947
2022-11-29,UCO,ARCX:UCO,0.0,28.95,0.0244,-2273327000.0,0.0,0.0,-0.2046,36715000.0,67587000.0,BALANCED,4.8843
2022-11-30,UCO,ARCX:UCO,0.0,30.74,0.062,-2273327000.0,0.0,0.0,-0.2006,6640000.0,88362000.0,BALANCED,4.9854
2022-12-01,UCO,ARCX:UCO,-20051000.0,30.85,0.0034,-2293378000.0,0.0,-20051000.0,-1.6428,-4790000.0,68311000.0,DISTRIBUTION,-53.0703
2022-12-02,UCO,ARCX:UCO,-12168000.0,30.42,-0.0139,-2305546000.0,0.0,-12168000.0,-0.9911,-32219000.0,48024000.0,BALANCED,-38.7772
2022-12-05,UCO,ARCX:UCO,-5719000.0,28.59,-0.06,-2311265000.0,0.0,-5719000.0,-0.4996,-37938000.0,57533000.0,BALANCED,-28.4892
2022-12-06,UCO,ARCX:UCO,1338000.0,26.75,-0.0643,-2309927000.0,1338000.0,0.0,0.0187,-36600000.0,58871000.0,BALANCED,-7.5325
2022-12-07,UCO,ARCX:UCO,16504000.0,25.39,-0.0509,-2293423000.0,16504000.0,0.0,1.066,-20096000.0,86031000.0,BALANCED,20.6506
2022-12-08,UCO,ARCX:UCO,11194000.0,24.88,-0.0203,-2282229000.0,11194000.0,0.0,0.6594,11149000.0,111332000.0,BALANCED,32.4854
2022-12-09,UCO,ARCX:UCO,16095000.0,24.76,-0.0046,-2266134000.0,16095000.0,0.0,0.9554,39412000.0,133700000.0,BALANCED,41.8839
2022-12-12,UCO,ARCX:UCO,55866000.0,25.98,0.0494,-2210268000.0,55866000.0,0.0,2.9882,100997000.0,186387000.0,ACCUMULATION,94.7057
2022-12-13,UCO,ARCX:UCO,0.0,27.2,0.0468,-2210268000.0,0.0,0.0,-0.2526,99659000.0,181617000.0,BALANCED,3.6842
2022-12-14,UCO,ARCX:UCO,9869000.0,28.2,0.0367,-2200399000.0,9869000.0,0.0,0.2707,93024000.0,186556000.0,BALANCED,18.7687
2022-12-15,UCO,ARCX:UCO,-4076000.0,27.17,-0.0364,-2204475000.0,0.0,-4076000.0,-0.5594,77754000.0,182480000.0,BALANCED,-5.984
2022-12-16,UCO,ARCX:UCO,-9175000.0,26.21,-0.0353,-2213650000.0,0.0,-9175000.0,-0.8213,52484000.0,161332000.0,BALANCED,-14.5319
2022-12-19,UCO,ARCX:UCO,-1337000.0,26.73,0.0198,-2214987000.0,0.0,-1337000.0,-0.3924,-4719000.0,138055000.0,BALANCED,-25.8108
2022-12-20,UCO,ARCX:UCO,-1363000.0,27.26,0.0196,-2216350000.0,0.0,-1363000.0,-0.3909,-6082000.0,93692000.0,BALANCED,-27.7715
2022-12-21,UCO,ARCX:UCO,0.0,28.44,0.0432,-2216350000.0,0.0,0.0,-0.3346,-15951000.0,63617000.0,BALANCED,-18.364
2022-12-22,UCO,ARCX:UCO,-8351000.0,27.84,-0.021,-2224701000.0,0.0,-8351000.0,-0.8713,-20226000.0,63887000.0,BALANCED,-33.7825
2022-12-23,UCO,ARCX:UCO,-2955000.0,29.55,0.0616,-2227656000.0,0.0,-2955000.0,-0.5444,-14006000.0,45671000.0,BALANCED,-27.6095
2022-12-27,UCO,ARCX:UCO,-14834000.0,29.67,0.004,-2242490000.0,0.0,-14834000.0,-1.2176,-27503000.0,30837000.0,BALANCED,-46.4403
2022-12-28,UCO,ARCX:UCO,-23473000.0,29.34,-0.011,-2265963000.0,0.0,-23473000.0,-1.6073,-49613000.0,7364000.0,DISTRIBUTION,-58.1823
2022-12-29,UCO,ARCX:UCO,-12986000.0,28.86,-0.0164,-2278949000.0,0.0,-12986000.0,-0.9479,-62599000.0,-5622000.0,BALANCED,-43.6977
2022-12-30,UCO,ARCX:UCO,-1513000.0,30.26,0.0484,-2280462000.0,0.0,-1513000.0,-0.2891,-55761000.0,12916000.0,BALANCED,-29.2281
2023-01-03,UCO,ARCX:UCO,-11229000.0,28.07,-0.0722,-2291691000.0,0.0,-11229000.0,-0.7941,-64035000.0,13855000.0,BALANCED,-43.8515
2023-01-04,UCO,ARCX:UCO,-5110000.0,25.55,-0.0899,-2296801000.0,0.0,-5110000.0,-0.4034,-54311000.0,14464000.0,BALANCED,-36.0861
2023-01-05,UCO,ARCX:UCO,20861000.0,26.08,0.0207,-2275940000.0,20861000.0,0.0,1.2394,-9977000.0,33987000.0,BALANCED,22.9846
2023-01-06,UCO,ARCX:UCO,15713000.0,26.19,0.0043,-2260227000.0,15713000.0,0.0,0.9895,18722000.0,33196000.0,BALANCED,38.7376
2023-01-09,UCO,ARCX:UCO,0.0,26.88,0.0265,-2260227000.0,0.0,0.0,-0.0625,20235000.0,22002000.0,BALANCED,8.4363
2023-01-10,UCO,ARCX:UCO,-4064000.0,27.09,0.0078,-2264291000.0,0.0,-4064000.0,-0.2931,27400000.0,1843000.0,BALANCED,0.6726
2023-01-11,UCO,ARCX:UCO,0.0,28.61,0.0559,-2264291000.0,0.0,0.0,-0.0202,32510000.0,-54023000.0,BALANCED,9.4944
2023-01-12,UCO,ARCX:UCO,-13157000.0,29.24,0.0221,-2277448000.0,0.0,-13157000.0,-0.8625,-1508000.0,-67180000.0,BALANCED,-33.5628
2023-01-13,UCO,ARCX:UCO,0.0,30.18,0.0323,-2277448000.0,0.0,0.0,0.0091,-17221000.0,-77049000.0,BALANCED,-9.7725
2023-01-17,UCO,ARCX:UCO,-13629000.0,30.29,0.0034,-2291077000.0,0.0,-13629000.0,-0.9232,-30850000.0,-86602000.0,BALANCED,-35.0792
2023-01-18,UCO,ARCX:UCO,-19467000.0,29.95,-0.0111,-2310544000.0,0.0,-19467000.0,-1.2772,-46253000.0,-96894000.0,BALANCED,-45.9302
2023-01-19,UCO,ARCX:UCO,-19882000.0,30.59,0.0213,-2330426000.0,0.0,-19882000.0,-1.2409,-66135000.0,-115439000.0,BALANCED,-47.0237
2023-01-20,UCO,ARCX:UCO,0.0,31.3,0.0234,-2330426000.0,0.0,0.0,0.0441,-52978000.0,-114076000.0,BALANCED,-8.8981
2023-01-23,UCO,ARCX:UCO,-3151000.0,31.51,0.0066,-2333577000.0,0.0,-3151000.0,-0.1195,-56129000.0,-117227000.0,BALANCED,-14.9884
2023-01-24,UCO,ARCX:UCO,-9116000.0,30.39,-0.0357,-2342693000.0,0.0,-9116000.0,-0.4722,-51616000.0,-117992000.0,BALANCED,-25.8049
2023-01-25,UCO,ARCX:UCO,-4548000.0,30.32,-0.0022,-2347241000.0,0.0,-4548000.0,-0.1259,-36697000.0,-119585000.0,BALANCED,-19.1481
2023-01-26,UCO,ARCX:UCO,3084000.0,30.84,0.0173,-2344157000.0,3084000.0,0.0,0.7776,-13731000.0,-101667000.0,BALANCED,11.4394
2023-01-27,UCO,ARCX:UCO,0.0,29.84,-0.0326,-2344157000.0,0.0,0.0,0.4598,-13731000.0,-78194000.0,BALANCED,1.4956
2023-01-30,UCO,ARCX:UCO,0.0,28.58,-0.0422,-2344157000.0,0.0,0.0,0.5117,-10580000.0,-65208000.0,BALANCED,2.7928
2023-01-31,UCO,ARCX:UCO,0.0,29.35,0.0271,-2344157000.0,0.0,0.0,0.4951,-1464000.0,-63695000.0,BALANCED,2.3769
2023-02-01,UCO,ARCX:UCO,2761000.0,27.61,-0.0595,-2341396000.0,2761000.0,0.0,0.742,5845000.0,-49705000.0,BALANCED,30.5511
2023-02-02,UCO,ARCX:UCO,10924000.0,27.31,-0.0107,-2330472000.0,10924000.0,0.0,1.5003,13685000.0,-33671000.0,ACCUMULATION,51.5084
2023-02-03,UCO,ARCX:UCO,25613000.0,25.61,-0.0621,-2304859000.0,25613000.0,0.0,2.5462,39298000.0,-28919000.0,ACCUMULATION,79.6554
2023-02-06,UCO,ARCX:UCO,35328000.0,26.17,0.0217,-2269531000.0,35328000.0,0.0,2.8075,74626000.0,-9304000.0,ACCUMULATION,88.1875
2023-02-07,UCO,ARCX:UCO,36375000.0,27.98,0.0692,-2233156000.0,36375000.0,0.0,2.4657,111001000.0,27071000.0,ACCUMULATION,81.6421
2023-02-08,UCO,ARCX:UCO,5772000.0,28.86,0.0314,-2227384000.0,5772000.0,0.0,0.3868,114012000.0,36907000.0,BALANCED,31.6706
2023-02-09,UCO,ARCX:UCO,-25659000.0,28.51,-0.0122,-2253043000.0,0.0,-25659000.0,-1.6441,77429000.0,11248000.0,DISTRIBUTION,-33.1023
2023-02-10,UCO,ARCX:UCO,0.0,29.65,0.0398,-2253043000.0,0.0,0.0,-0.0292,51816000.0,24405000.0,BALANCED,9.2706
2023-02-13,UCO,ARCX:UCO,-25477000.0,29.97,0.011,-2278520000.0,0.0,-25477000.0,-1.6642,-8989000.0,-1072000.0,DISTRIBUTION,-53.6041
2023-02-14,UCO,ARCX:UCO,-21981000.0,29.31,-0.0222,-2300501000.0,0.0,-21981000.0,-1.3459,-67345000.0,-9424000.0,BALANCED,-47.6481
2023-02-15,UCO,ARCX:UCO,0.0,29.05,-0.0088,-2300501000.0,0.0,0.0,0.0187,-73117000.0,10043000.0,BALANCED,-9.5327
2023-02-16,UCO,ARCX:UCO,-10132000.0,28.95,-0.0035,-2310633000.0,0.0,-10132000.0,-0.6125,-57590000.0,19793000.0,BALANCED,-27.3129
2023-02-17,UCO,ARCX:UCO,0.0,27.4,-0.0533,-2310633000.0,0.0,0.0,0.0757,-57590000.0,19793000.0,BALANCED,-8.1065
2023-02-21,UCO,ARCX:UCO,0.0,27.32,-0.0029,-2310633000.0,0.0,0.0,0.1125,-32113000.0,22944000.0,BALANCED,-7.1876
2023-02-22,UCO,ARCX:UCO,-6450000.0,25.8,-0.0557,-2317083000.0,0.0,-6450000.0,-0.3045,-16582000.0,25610000.0,BALANCED,-19.6132
2023-02-23,UCO,ARCX:UCO,1336000.0,26.72,0.0357,-2315747000.0,1336000.0,0.0,0.2039,-15246000.0,31494000.0,BALANCED,-2.9019
2023-02-24,UCO,ARCX:UCO,0.0,27.25,0.0196,-2315747000.0,0.0,0.0,0.1146,-5114000.0,28410000.0,BALANCED,-7.1341
2023-02-27,UCO,ARCX:UCO,0.0,26.73,-0.0191,-2315747000.0,0.0,0.0,0.0862,-5114000.0,28410000.0,BALANCED,-7.8446
2023-02-28,UCO,ARCX:UCO,1380000.0,27.6,0.0325,-2314367000.0,1380000.0,0.0,0.1762,-3734000.0,29790000.0,BALANCED,-3.5942
2023-03-01,UCO,ARCX:UCO,-14038000.0,28.08,0.0174,-2328405000.0,0.0,-14038000.0,-0.8629,-11322000.0,15752000.0,BALANCED,-33.5737
2023-03-02,UCO,ARCX:UCO,0.0,28.47,0.014,-2328405000.0,0.0,0.0,0.0413,-12658000.0,12991000.0,BALANCED,-8.9679
2023-03-03,UCO,ARCX:UCO,-8857000.0,29.52,0.0372,-2337262000.0,0.0,-8857000.0,-0.6142,-21515000.0,-6790000.0,BALANCED,-27.3562
2023-03-06,UCO,ARCX:UCO,-14998000.0,30.0,0.016,-2352260000.0,0.0,-14998000.0,-0.9976,-36513000.0,-47401000.0,BALANCED,-38.9402
2023-03-07,UCO,ARCX:UCO,-16849000.0,28.08,-0.0638,-2369109000.0,0.0,-16849000.0,-1.0729,-54742000.0,-99578000.0,BALANCED,-42.823
2023-03-08,UCO,ARCX:UCO,-9620000.0,27.49,-0.0213,-2378729000.0,0.0,-9620000.0,-0.5762,-50324000.0,-145573000.0,BALANCED,-32.4062
2023-03-09,UCO,ARCX:UCO,8049000.0,26.83,-0.0238,-2370680000.0,8049000.0,0.0,0.6011,-42275000.0,-143296000.0,BALANCED,7.0267
2023-03-10,UCO,ARCX:UCO,6856000.0,27.42,0.022,-2363824000.0,6856000.0,0.0,0.5096,-26562000.0,-110781000.0,BALANCED,6.739
2023-03-13,UCO,ARCX:UCO,2625000.0,26.25,-0.0429,-2361199000.0,2625000.0,0.0,0.2164,-8939000.0,-108156000.0,BALANCED,1.4108
2023-03-14,UCO,ARCX:UCO,18118000.0,24.16,-0.0796,-2343081000.0,18118000.0,0.0,1.1941,26028000.0,-64561000.0,BALANCED,47.8526
2023-03-15,UCO,ARCX:UCO,24046000.0,21.86,-0.0951,-2319035000.0,24046000.0,0.0,1.4722,59694000.0,-18534000.0,BALANCED,56.8051
2023-03-16,UCO,ARCX:UCO,157908000.0,22.4,0.0246,-2161127000.0,157908000.0,0.0,4.6405,209553000.0,139374000.0,ACCUMULATION,100.0
2023-03-17,UCO,ARCX:UCO,6482000.0,21.61,-0.0354,-2154645000.0,6482000.0,0.0,0.019,209179000.0,155988000.0,BALANCED,24.4746
2023-03-20,UCO,ARCX:UCO,18785000.0,22.1,0.0228,-2135860000.0,18785000.0,0.0,0.4034,225339000.0,174773000.0,BALANCED,36.0852
2023-03-21,UCO,ARCX:UCO,3447000.0,22.98,0.0399,-2132413000.0,3447000.0,0.0,-0.035,210668000.0,178220000.0,BALANCED,27.1254
2023-03-22,UCO,ARCX:UCO,-9459000.0,23.65,0.029,-2141872000.0,0.0,-9459000.0,-0.3952,177163000.0,175211000.0,BALANCED,-1.8789
2023-03-23,UCO,ARCX:UCO,-10441000.0,23.2,-0.0188,-2152313000.0,0.0,-10441000.0,-0.408,8814000.0,163434000.0,BALANCED,-4.1988
2023-03-24,UCO,ARCX:UCO,-14833000.0,22.82,-0.0165,-2167146000.0,0.0,-14833000.0,-0.5626,-12501000.0,148601000.0,BALANCED,-30.0639
2023-03-27,UCO,ARCX:UCO,6233000.0,24.93,0.0926,-2160913000.0,6233000.0,0.0,0.1005,-25053000.0,154834000.0,BALANCED,-5.4871
2023-03-28,UCO,ARCX:UCO,12587000.0,25.17,0.0096,-2148326000.0,12587000.0,0.0,0.2658,-15913000.0,166041000.0,BALANCED,0.6442
2023-03-29,UCO,ARCX:UCO,-52401000.0,24.95,-0.0088,-2200727000.0,0.0,-52401000.0,-1.7206,-58855000.0,127678000.0,DISTRIBUTION,-55.0143
2023-03-30,UCO,ARCX:UCO,-38609000.0,25.74,0.0315,-2239336000.0,0.0,-38609000.0,-1.2214,-87023000.0,89069000.0,BALANCED,-44.5347
2023-03-31,UCO,ARCX:UCO,-1327000.0,26.53,0.0307,-2240663000.0,0.0,-1327000.0,-0.1102,-73517000.0,96599000.0,BALANCED,-18.7549
2023-04-03,UCO,ARCX:UCO,-50802000.0,29.03,0.0942,-2291465000.0,0.0,-50802000.0,-1.4869,-130552000.0,60795000.0,BALANCED,-55.1715
2023-04-04,UCO,ARCX:UCO,-39335000.0,29.14,0.0037,-2330800000.0,0.0,-39335000.0,-1.0934,-182474000.0,38309000.0,BALANCED,-47.3358
2023-04-05,UCO,ARCX:UCO,-52396000.0,29.11,-0.001,-2383196000.0,0.0,-52396000.0,-1.3717,-182469000.0,-4467000.0,BALANCED,-56.2923
2023-04-06,UCO,ARCX:UCO,-15965000.0,29.03,-0.0028,-2399161000.0,0.0,-15965000.0,-0.3595,-159825000.0,-28481000.0,BALANCED,-32.9886
2023-04-10,UCO,ARCX:UCO,-18556000.0,28.55,-0.0165,-2417717000.0,0.0,-18556000.0,-0.4121,-177054000.0,-53893000.0,BALANCED,-36.3031
2023-04-11,UCO,ARCX:UCO,-13335000.0,29.63,0.038,-2431052000.0,0.0,-13335000.0,-0.2578,-139587000.0,-69853000.0,BALANCED,-34.4452
2023-04-12,UCO,ARCX:UCO,-15315000.0,30.63,0.0336,-2446367000.0,0.0,-15315000.0,-0.2961,-115567000.0,-103286000.0,BALANCED,-37.4029
2023-04-13,UCO,ARCX:UCO,-6025000.0,30.12,-0.0165,-2452392000.0,0.0,-6025000.0,-0.0514,-69196000.0,-133357000.0,BALANCED,-31.2848
2023-04-14,UCO,ARCX:UCO,-6077000.0,30.38,0.0086,-2458469000.0,0.0,-6077000.0,-0.0473,-59308000.0,-297342000.0,BALANCED,-31.1828
2023-04-17,UCO,ARCX:UCO,-14733000.0,29.47,-0.0302,-2473202000.0,0.0,-14733000.0,-0.2768,-55485000.0,-318557000.0,BALANCED,-36.9209
2023-04-18,UCO,ARCX:UCO,0.0,29.54,0.0026,-2473202000.0,0.0,0.0,0.1095,-42150000.0,-337342000.0,BALANCED,-7.2617
2023-04-19,UCO,ARCX:UCO,-7098000.0,28.39,-0.0388,-2480300000.0,0.0,-7098000.0,-0.0923,-33933000.0,-347887000.0,BALANCED,-14.3084
2023-04-20,UCO,ARCX:UCO,0.0,27.18,-0.0429,-2480300000.0,0.0,0.0,0.0922,-27908000.0,-338428000.0,BALANCED,-7.6949
2023-04-21,UCO,ARCX:UCO,4165000.0,27.77,0.0217,-2476135000.0,4165000.0,0.0,0.2094,-17666000.0,-323822000.0,BALANCED,-2.7662
2023-04-24,UCO,ARCX:UCO,-17051000.0,28.42,0.0235,-2493186000.0,0.0,-17051000.0,-0.347,-19984000.0,-326040000.0,BALANCED,-20.6749
2023-04-25,UCO,ARCX:UCO,22978000.0,27.03,-0.0488,-2470208000.0,22978000.0,0.0,0.7186,2994000.0,-309295000.0,BALANCED,29.9657
2023-04-26,UCO,ARCX:UCO,0.0,25.44,-0.0588,-2470208000.0,0.0,0.0,0.1151,10092000.0,-321882000.0,BALANCED,12.8779
2023-04-27,UCO,ARCX:UCO,3842000.0,25.61,0.0067,-2466366000.0,3842000.0,0.0,0.2401,13934000.0,-265639000.0,BALANCED,18.002
2023-04-28,UCO,ARCX:UCO,13465000.0,26.93,0.0514,-2452901000.0,13465000.0,0.0,1.1555,23234000.0,-213565000.0,BALANCED,42.8879
2023-05-01,UCO,ARCX:UCO,0.0,26.17,-0.0283,-2452901000.0,0.0,0.0,0.499,40285000.0,-212238000.0,BALANCED,22.4751
2023-05-02,UCO,ARCX:UCO,2370000.0,23.7,-0.0945,-2450531000.0,2370000.0,0.0,0.6655,19677000.0,-159066000.0,BALANCED,28.6363
2023-05-03,UCO,ARCX:UCO,22016000.0,22.02,-0.0709,-2428515000.0,22016000.0,0.0,1.5889,41693000.0,-97715000.0,ACCUMULATION,53.7214
2023-05-04,UCO,ARCX:UCO,118026000.0,21.86,-0.0072,-2310489000.0,118026000.0,0.0,4.0156,155877000.0,72707000.0,ACCUMULATION,100.0
2023-05-05,UCO,ARCX:UCO,22295000.0,23.47,0.0738,-2288194000.0,22295000.0,0.0,0.86,164707000.0,110967000.0,BALANCED,39.4993
2023-05-08,UCO,ARCX:UCO,19669000.0,24.59,0.0476,-2268525000.0,19669000.0,0.0,0.7332,184376000.0,149192000.0,BALANCED,38.3306
2023-05-09,UCO,ARCX:UCO,-35033000.0,25.02,0.0178,-2303558000.0,0.0,-35033000.0,-0.9492,146973000.0,127494000.0,BALANCED,-15.7301
2023-05-10,UCO,ARCX:UCO,-9763000.0,24.41,-0.0246,-2313321000.0,0.0,-9763000.0,-0.1343,115194000.0,133046000.0,BALANCED,2.6421
2023-05-11,UCO,ARCX:UCO,-6998000.0,23.33,-0.0443,-2320319000.0,0.0,-6998000.0,-0.0988,-9830000.0,132073000.0,BALANCED,-18.4698
2023-05-12,UCO,ARCX:UCO,0.0,22.75,-0.0246,-2320319000.0,0.0,0.0,0.0906,-32125000.0,138150000.0,BALANCED,-7.7338
2023-05-15,UCO,ARCX:UCO,4691000.0,23.45,0.0309,-2315628000.0,4691000.0,0.0,0.2412,-47103000.0,157574000.0,BALANCED,-1.9701
2023-05-16,UCO,ARCX:UCO,0.0,23.3,-0.0065,-2315628000.0,0.0,0.0,0.0284,-12070000.0,157574000.0,BALANCED,-9.2905
2023-05-17,UCO,ARCX:UCO,2468000.0,24.68,0.059,-2313160000.0,2468000.0,0.0,0.0685,161000.0,167140000.0,BALANCED,13.7133
2023-05-18,UCO,ARCX:UCO,-18125000.0,24.17,-0.0207,-2331285000.0,0.0,-18125000.0,-0.7691,-10966000.0,149015000.0,BALANCED,-31.2279
2023-05-19,UCO,ARCX:UCO,5965000.0,23.86,-0.0127,-2325320000.0,5965000.0,0.0,0.1368,-5001000.0,150815000.0,BALANCED,-4.5794
2023-05-22,UCO,ARCX:UCO,2407000.0,24.07,0.0087,-2322913000.0,2407000.0,0.0,-0.0298,-7285000.0,170273000.0,BALANCED,-6.7443
2023-05-23,UCO,ARCX:UCO,0.0,24.65,0.024,-2322913000.0,0.0,0.0,-0.1435,-7285000.0,147295000.0,BALANCED,-13.5882
2023-05-24,UCO,ARCX:UCO,-19185000.0,25.58,0.0378,-2342098000.0,0.0,-19185000.0,-0.8983,-28938000.0,128110000.0,BALANCED,-34.4587
2023-05-25,UCO,ARCX:UCO,-4819000.0,24.09,-0.0581,-2346917000.0,0.0,-4819000.0,-0.3306,-15632000.0,119449000.0,BALANCED,-22.2654
2023-05-26,UCO,ARCX:UCO,0.0,24.65,0.023,-2346917000.0,0.0,0.0,-0.1478,-21597000.0,105984000.0,BALANCED,-13.6955
2023-05-30,UCO,ARCX:UCO,0.0,22.72,-0.0782,-2346917000.0,0.0,0.0,-0.1689,-24004000.0,105984000.0,BALANCED,-14.2222
2023-05-31,UCO,ARCX:UCO,0.0,21.88,-0.0372,-2346917000.0,0.0,0.0,-0.1689,-24004000.0,103614000.0,BALANCED,-14.2222
2023-06-01,UCO,ARCX:UCO,32258000.0,23.04,0.0533,-2314659000.0,32258000.0,0.0,1.0551,27439000.0,113856000.0,BALANCED,38.3764
2023-06-02,UCO,ARCX:UCO,0.0,24.03,0.0427,-2314659000.0,0.0,0.0,-0.2179,32258000.0,-4170000.0,BALANCED,4.553
2023-06-05,UCO,ARCX:UCO,-1210000.0,24.21,0.0076,-2315869000.0,0.0,-1210000.0,-0.2583,31048000.0,-27675000.0,BALANCED,1.5434
2023-06-06,UCO,ARCX:UCO,-16766000.0,23.95,-0.0106,-2332635000.0,0.0,-16766000.0,-0.8721,14282000.0,-64110000.0,BALANCED,-15.8023
2023-06-07,UCO,ARCX:UCO,-2449000.0,24.49,0.0226,-2335084000.0,0.0,-2449000.0,-0.2762,11833000.0,-31526000.0,BALANCED,-2.9044
2023-06-08,UCO,ARCX:UCO,-4751000.0,23.76,-0.03,-2339835000.0,0.0,-4751000.0,-0.3607,-25176000.0,-26514000.0,BALANCED,-27.0172
2023-06-09,UCO,ARCX:UCO,1159000.0,23.18,-0.0244,-2338676000.0,1159000.0,0.0,-0.1228,-24017000.0,-18357000.0,BALANCED,-11.0694
2023-06-12,UCO,ARCX:UCO,-2143000.0,21.43,-0.0754,-2340819000.0,0.0,-2143000.0,-0.2334,-24950000.0,-20500000.0,BALANCED,-17.8343
2023-06-13,UCO,ARCX:UCO,75419000.0,22.85,0.0665,-2265400000.0,75419000.0,0.0,2.4382,67235000.0,50228000.0,ACCUMULATION,72.9549
2023-06-14,UCO,ARCX:UCO,-9986000.0,22.19,-0.029,-2275386000.0,0.0,-9986000.0,-0.5549,59698000.0,40242000.0,BALANCED,-5.8728
2023-06-15,UCO,ARCX:UCO,-1183000.0,23.67,0.0666,-2276569000.0,0.0,-1183000.0,-0.2202,63266000.0,36591000.0,BALANCED,0.4956
2023-06-16,UCO,ARCX:UCO,0.0,24.33,0.0278,-2276569000.0,0.0,0.0,-0.0604,62107000.0,54716000.0,BALANCED,8.4893
2023-06-20,UCO,ARCX:UCO,-9535000.0,23.84,-0.0201,-2286104000.0,0.0,-9535000.0,-0.5229,54715000.0,39216000.0,BALANCED,-5.0718
2023-06-21,UCO,ARCX:UCO,-16056000.0,24.7,0.0362,-2302160000.0,0.0,-16056000.0,-0.8201,-36760000.0,20753000.0,BALANCED,-34.5013
2023-06-22,UCO,ARCX:UCO,-19534000.0,22.98,-0.0696,-2321694000.0,0.0,-19534000.0,-1.0867,-46308000.0,1219000.0,BALANCED,-43.1671
2023-06-23,UCO,ARCX:UCO,1142000.0,22.83,-0.0065,-2320552000.0,1142000.0,0.0,0.0798,-43983000.0,21546000.0,BALANCED,-6.0055
2023-06-26,UCO,ARCX:UCO,0.0,23.01,0.008,-2320552000.0,0.0,0.0,0.0004,-43983000.0,26365000.0,BALANCED,-9.9888
2023-06-27,UCO,ARCX:UCO,-6647000.0,22.16,-0.0373,-2327199000.0,0.0,-6647000.0,-0.3703,-41095000.0,19718000.0,BALANCED,-21.2576
2023-06-28,UCO,ARCX:UCO,0.0,23.22,0.0479,-2327199000.0,0.0,0.0,0.0223,-25039000.0,19718000.0,BALANCED,-9.4428
2023-06-29,UCO,ARCX:UCO,-2335000.0,23.35,0.0057,-2329534000.0,0.0,-2335000.0,-0.1081,-7840000.0,17383000.0,BALANCED,-14.703
2023-06-30,UCO,ARCX:UCO,0.0,23.74,0.0166,-2329534000.0,0.0,0.0,0.0315,-8982000.0,-14875000.0,BALANCED,-9.2113
2023-07-03,UCO,ARCX:UCO,-1153000.0,23.07,-0.0282,-2330687000.0,0.0,-1153000.0,-0.0691,-10135000.0,-16028000.0,BALANCED,-13.7269
2023-07-05,UCO,ARCX:UCO,-8506000.0,24.3,0.0534,-2339193000.0,0.0,-8506000.0,-0.4728,-11994000.0,-23324000.0,BALANCED,-25.8208
2023-07-06,UCO,ARCX:UCO,-32573000.0,24.13,-0.0071,-2371766000.0,0.0,-32573000.0,-1.7211,-44567000.0,-39131000.0,DISTRIBUTION,-59.028
2023-07-07,UCO,ARCX:UCO,-5042000.0,25.21,0.0448,-2376808000.0,0.0,-5042000.0,-0.1804,-47274000.0,-41724000.0,BALANCED,-22.5109
2023-07-10,UCO,ARCX:UCO,-14917000.0,24.86,-0.0137,-2391725000.0,0.0,-14917000.0,-0.7425,-62191000.0,-51890000.0,BALANCED,-38.5635
2023-07-11,UCO,ARCX:UCO,-31183000.0,25.99,0.0452,-2422908000.0,0.0,-31183000.0,-1.5359,-92221000.0,-84232000.0,DISTRIBUTION,-60.3978
2023-07-12,UCO,ARCX:UCO,-6626000.0,26.5,0.0199,-2429534000.0,0.0,-6626000.0,-0.2075,-90341000.0,-88715000.0,BALANCED,-29.1873
2023-07-13,UCO,ARCX:UCO,-9563000.0,27.32,0.031,-2439097000.0,0.0,-9563000.0,-0.3472,-67331000.0,-173697000.0,BALANCED,-34.6794
2023-07-14,UCO,ARCX:UCO,-6596000.0,26.38,-0.0345,-2445693000.0,0.0,-6596000.0,-0.1767,-68885000.0,-170307000.0,BALANCED,-32.4173
2023-07-17,UCO,ARCX:UCO,-7710000.0,25.7,-0.0258,-2453403000.0,0.0,-7710000.0,-0.1767,-61678000.0,-176834000.0,BALANCED,-34.4179
2023-07-18,UCO,ARCX:UCO,-5338000.0,26.69,0.0384,-2458741000.0,0.0,-5338000.0,-0.0307,-35833000.0,-182172000.0,BALANCED,-30.7674
2023-07-19,UCO,ARCX:UCO,0.0,26.55,-0.0051,-2458741000.0,0.0,0.0,0.273,-29207000.0,-172637000.0,BALANCED,-3.1758
2023-07-20,UCO,ARCX:UCO,-21394000.0,26.74,0.0072,-2480135000.0,0.0,-21394000.0,-0.9375,-41038000.0,-177975000.0,BALANCED,-35.4365
2023-07-21,UCO,ARCX:UCO,-2758000.0,27.58,0.0313,-2482893000.0,0.0,-2758000.0,0.1234,-37200000.0,-161199000.0,BALANCED,-10.9147
2023-07-24,UCO,ARCX:UCO,-8595000.0,28.65,0.0388,-2491488000.0,0.0,-8595000.0,-0.2013,-38085000.0,-170936000.0,BALANCED,-21.0317
2023-07-25,UCO,ARCX:UCO,-20399000.0,29.14,0.0172,-2511887000.0,0.0,-20399000.0,-0.8233,-53146000.0,-191335000.0,BALANCED,-38.5819
2023-07-26,UCO,ARCX:UCO,-11468000.0,28.67,-0.0162,-2523355000.0,0.0,-11468000.0,-0.3028,-64614000.0,-196156000.0,BALANCED,-27.5693
2023-07-27,UCO,ARCX:UCO,0.0,29.47,0.028,-2523355000.0,0.0,0.0,0.9506,-43220000.0,-196156000.0,BALANCED,13.7639
2023-07-28,UCO,ARCX:UCO,0.0,29.91,0.0147,-2523355000.0,0.0,0.0,0.9008,-40462000.0,-193821000.0,BALANCED,12.5204
2023-07-31,UCO,ARCX:UCO,-4600000.0,30.67,0.0255,-2527955000.0,0.0,-4600000.0,0.4151,-36467000.0,-198421000.0,BALANCED,-1.6232
2023-08-01,UCO,ARCX:UCO,-13676000.0,30.39,-0.0091,-2541631000.0,0.0,-13676000.0,-0.537,-29744000.0,-210944000.0,BALANCED,-27.4258
2023-08-02,UCO,ARCX:UCO,0.0,29.16,-0.0404,-2541631000.0,0.0,0.0,0.9304,-18276000.0,-202438000.0,BALANCED,13.2591
2023-08-03,UCO,ARCX:UCO,-4573000.0,30.49,0.0454,-2546204000.0,0.0,-4573000.0,0.3928,-22849000.0,-174438000.0,BALANCED,-2.181
2023-08-04,UCO,ARCX:UCO,0.0,31.3,0.0266,-2546204000.0,0.0,0.0,0.8388,-22849000.0,-169396000.0,BALANCED,10.9695
2023-08-07,UCO,ARCX:UCO,-1541000.0,30.83,-0.0151,-2547745000.0,0.0,-1541000.0,0.6819,-19790000.0,-156020000.0,BALANCED,5.048
2023-08-08,UCO,ARCX:UCO,-12572000.0,31.43,0.0196,-2560317000.0,0.0,-12572000.0,-0.5221,-18686000.0,-137409000.0,BALANCED,-27.0523
2023-08-09,UCO,ARCX:UCO,-3226000.0,32.26,0.0263,-2563543000.0,0.0,-3226000.0,0.5279,-21912000.0,-134009000.0,BALANCED,-2.8022
2023-08-10,UCO,ARCX:UCO,-4709000.0,31.39,-0.0267,-2568252000.0,0.0,-4709000.0,0.3819,-22048000.0,-129155000.0,BALANCED,-8.4516
2023-08-11,UCO,ARCX:UCO,-1575000.0,31.51,0.0036,-2569827000.0,0.0,-1575000.0,0.7374,-23623000.0,-124134000.0,BALANCED,-1.566
2023-08-14,UCO,ARCX:UCO,-1552000.0,31.04,-0.0148,-2571379000.0,0.0,-1552000.0,0.7498,-23634000.0,-117976000.0,BALANCED,-3.256
2023-08-15,UCO,ARCX:UCO,-6025000.0,30.12,-0.0296,-2577404000.0,0.0,-6025000.0,0.2559,-17087000.0,-118663000.0,BALANCED,-17.603
2023-08-16,UCO,ARCX:UCO,-1465000.0,29.31,-0.027,-2578869000.0,0.0,-1465000.0,0.7515,-15326000.0,-120128000.0,BALANCED,-7.2119
2023-08-17,UCO,ARCX:UCO,-1490000.0,29.8,0.0168,-2580359000.0,0.0,-1490000.0,0.7375,-12107000.0,-100224000.0,BALANCED,-9.5622
2023-08-18,UCO,ARCX:UCO,0.0,30.29,0.0163,-2580359000.0,0.0,0.0,0.9036,-10532000.0,-97466000.0,BALANCED,12.5902
2023-08-21,UCO,ARCX:UCO,-3004000.0,30.04,-0.008,-2583363000.0,0.0,-3004000.0,0.4587,-11984000.0,-91875000.0,BALANCED,-0.5334
2023-08-22,UCO,ARCX:UCO,-2978000.0,29.78,-0.0086,-2586341000.0,0.0,-2978000.0,0.4318,-8937000.0,-74454000.0,BALANCED,-3.2056
2023-08-23,UCO,ARCX:UCO,0.0,29.24,-0.0182,-2586341000.0,0.0,0.0,0.9011,-7472000.0,-62986000.0,BALANCED,12.5285
2023-08-24,UCO,ARCX:UCO,0.0,29.2,-0.0016,-2586341000.0,0.0,0.0,0.8438,-5982000.0,-62986000.0,BALANCED,11.0955
2023-08-25,UCO,ARCX:UCO,0.0,29.8,0.0205,-2586341000.0,0.0,0.0,0.798,-5982000.0,-62986000.0,BALANCED,9.9503
2023-08-28,UCO,ARCX:UCO,0.0,29.86,0.0021,-2586341000.0,0.0,0.0,0.7502,-2978000.0,-58386000.0,BALANCED,8.7552
2023-08-29,UCO,ARCX:UCO,-4582000.0,30.55,0.0231,-2590923000.0,0.0,-4582000.0,-0.0298,-4582000.0,-49292000.0,BALANCED,-12.7449
2023-08-30,UCO,ARCX:UCO,-1541000.0,30.81,0.0086,-2592464000.0,0.0,-1541000.0,0.4967,-6123000.0,-50833000.0,BALANCED,-1.5818
2023-08-31,UCO,ARCX:UCO,-9605000.0,32.02,0.0391,-2602069000.0,0.0,-9605000.0,-1.1008,-15728000.0,-55865000.0,BALANCED,-43.519
2023-09-01,UCO,ARCX:UCO,0.0,33.23,0.0379,-2602069000.0,0.0,0.0,0.7815,-15728000.0,-55865000.0,BALANCED,9.5383
2023-09-05,UCO,ARCX:UCO,-17091000.0,34.18,0.0287,-2619160000.0,0.0,-17091000.0,-2.3071,-32819000.0,-71415000.0,DISTRIBUTION,-69.6773
2023-09-06,UCO,ARCX:UCO,-29416000.0,34.61,0.0124,-2648576000.0,0.0,-29416000.0,-3.7606,-57653000.0,-88259000.0,DISTRIBUTION,-100.0
2023-09-07,UCO,ARCX:UCO,-1715000.0,34.3,-0.0088,-2650291000.0,0.0,-1715000.0,0.3872,-57827000.0,-86748000.0,BALANCED,-6.3191
2023-09-08,UCO,ARCX:UCO,-1734000.0,34.69,0.0112,-2652025000.0,0.0,-1734000.0,0.3951,-49956000.0,-83773000.0,BALANCED,-8.1223
2023-09-11,UCO,ARCX:UCO,-1737000.0,34.73,0.0013,-2653762000.0,0.0,-1737000.0,0.4056,-51693000.0,-83935000.0,BALANCED,-9.8598
2023-09-12,UCO,ARCX:UCO,-10671000.0,35.57,0.0241,-2664433000.0,0.0,-10671000.0,-0.9364,-45273000.0,-93054000.0,BALANCED,-45.4104
2023-09-13,UCO,ARCX:UCO,-1769000.0,35.38,-0.0053,-2666202000.0,0.0,-1769000.0,0.377,-17626000.0,-88798000.0,BALANCED,-14.5753
2023-09-14,UCO,ARCX:UCO,0.0,36.48,0.0311,-2666202000.0,0.0,0.0,0.6568,-15911000.0,-87333000.0,BALANCED,6.42
2023-09-15,UCO,ARCX:UCO,-3636000.0,36.36,-0.0034,-2669838000.0,0.0,-3636000.0,0.0767,-17813000.0,-89479000.0,BALANCED,-10.0816
2023-09-18,UCO,ARCX:UCO,-1821000.0,36.41,0.0014,-2671659000.0,0.0,-1821000.0,0.3753,-17897000.0,-91300000.0,BALANCED,-4.6167
2023-09-19,UCO,ARCX:UCO,-12704000.0,36.3,-0.0032,-2684363000.0,0.0,-12704000.0,-1.2623,-19930000.0,-101000000.0,BALANCED,-47.5582
2023-09-20,UCO,ARCX:UCO,-17881000.0,35.76,-0.0147,-2702244000.0,0.0,-17881000.0,-1.9482,-36042000.0,-115903000.0,DISTRIBUTION,-66.7054
2023-09-21,UCO,ARCX:UCO,-3578000.0,35.78,0.0005,-2705822000.0,0.0,-3578000.0,0.1726,-39620000.0,-119481000.0,BALANCED,-15.6849
2023-09-22,UCO,ARCX:UCO,-7061000.0,35.31,-0.0132,-2712883000.0,0.0,-7061000.0,-0.3313,-43045000.0,-126542000.0,BALANCED,-30.2831
2023-09-25,UCO,ARCX:UCO,-17635000.0,35.27,-0.001,-2730518000.0,0.0,-17635000.0,-1.7243,-58859000.0,-144177000.0,DISTRIBUTION,-67.1071
2023-09-26,UCO,ARCX:UCO,-1780000.0,35.6,0.0095,-2732298000.0,0.0,-1780000.0,0.5036,-47935000.0,-145957000.0,BALANCED,-13.4104
2023-09-27,UCO,ARCX:UCO,-1839000.0,36.77,0.0328,-2734137000.0,0.0,-1839000.0,0.4739,-31893000.0,-143214000.0,BALANCED,-16.1537
2023-09-28,UCO,ARCX:UCO,-1788000.0,35.75,-0.0277,-2735925000.0,0.0,-1788000.0,0.4829,-30103000.0,-143461000.0,BALANCED,-17.9281
2023-09-29,UCO,ARCX:UCO,-7048000.0,35.24,-0.0144,-2742973000.0,0.0,-7048000.0,-0.2289,-30090000.0,-140904000.0,BALANCED,-35.7224
2023-10-02,UCO,ARCX:UCO,-1730000.0,34.6,-0.0182,-2744703000.0,0.0,-1730000.0,0.53,-14185000.0,-142634000.0,BALANCED,-16.7498
2023-10-03,UCO,ARCX:UCO,0.0,34.69,0.0027,-2744703000.0,0.0,0.0,0.7544,-12405000.0,-125543000.0,BALANCED,8.8593
2023-10-04,UCO,ARCX:UCO,7773000.0,31.09,-0.1037,-2736930000.0,7773000.0,0.0,1.7026,-2793000.0,-88354000.0,ACCUMULATION,34.5641
2023-10-05,UCO,ARCX:UCO,12035000.0,30.09,-0.0323,-2724895000.0,12035000.0,0.0,2.0585,11030000.0,-74604000.0,ACCUMULATION,65.4621
2023-10-06,UCO,ARCX:UCO,33373000.0,30.34,0.0084,-2691522000.0,33373000.0,0.0,3.4661,51451000.0,-39497000.0,ACCUMULATION,100.0
2023-10-09,UCO,ARCX:UCO,22678000.0,32.4,0.0678,-2668844000.0,22678000.0,0.0,2.1818,75859000.0,-15082000.0,ACCUMULATION,72.5447
2023-10-10,UCO,ARCX:UCO,1623000.0,32.46,0.0018,-2667221000.0,1623000.0,0.0,0.37,77482000.0,-2788000.0,BALANCED,29.251
2023-10-11,UCO,ARCX:UCO,-14272000.0,31.72,-0.0228,-2681493000.0,0.0,-14272000.0,-0.949,55437000.0,-15291000.0,BALANCED,-15.724
2023-10-12,UCO,ARCX:UCO,-1581000.0,31.61,-0.0033,-2683074000.0,0.0,-1581000.0,0.1214,41821000.0,-16872000.0,BALANCED,9.0345
2023-10-13,UCO,ARCX:UCO,1722000.0,34.44,0.0894,-2681352000.0,1722000.0,0.0,0.3692,10170000.0,-11514000.0,BALANCED,21.2306
2023-10-16,UCO,ARCX:UCO,-3379000.0,33.79,-0.0188,-2684731000.0,0.0,-3379000.0,-0.0528,-15887000.0,-13072000.0,BALANCED,-13.3199
2023-10-17,UCO,ARCX:UCO,-3406000.0,34.06,0.0078,-2688137000.0,0.0,-3406000.0,-0.0962,-20916000.0,-3774000.0,BALANCED,-16.4062
2023-10-18,UCO,ARCX:UCO,-1761000.0,35.23,0.0345,-2689898000.0,0.0,-1761000.0,-0.0373,-8405000.0,12346000.0,BALANCED,-16.9315
2023-10-19,UCO,ARCX:UCO,8909000.0,35.63,0.0115,-2680989000.0,8909000.0,0.0,0.9491,2085000.0,24833000.0,BALANCED,35.7275
2023-10-20,UCO,ARCX:UCO,14149000.0,35.37,-0.0074,-2666840000.0,14149000.0,0.0,1.3529,14512000.0,46043000.0,BALANCED,47.8223
2023-10-23,UCO,ARCX:UCO,0.0,33.97,-0.0398,-2666840000.0,0.0,0.0,0.0403,17891000.0,63678000.0,BALANCED,11.0071
2023-10-24,UCO,ARCX:UCO,4972000.0,33.15,-0.0241,-2661868000.0,4972000.0,0.0,0.4572,26269000.0,70430000.0,BALANCED,23.431
2023-10-25,UCO,ARCX:UCO,0.0,34.47,0.0398,-2661868000.0,0.0,0.0,-0.0135,28030000.0,72269000.0,BALANCED,9.6619
2023-10-26,UCO,ARCX:UCO,-4959000.0,33.06,-0.0409,-2666827000.0,0.0,-4959000.0,-0.4606,14162000.0,69098000.0,BALANCED,-3.5142
2023-10-27,UCO,ARCX:UCO,0.0,34.42,0.0412,-2666827000.0,0.0,0.0,-0.0094,13000.0,76146000.0,BALANCED,9.7655
2023-10-30,UCO,ARCX:UCO,0.0,32.35,-0.06,-2666827000.0,0.0,0.0,-0.0151,13000.0,77876000.0,BALANCED,9.6235
2023-10-31,UCO,ARCX:UCO,-1585000.0,31.7,-0.0203,-2668412000.0,0.0,-1585000.0,-0.2031,-6544000.0,76291000.0,BALANCED,-17.0775
2023-11-01,UCO,ARCX:UCO,0.0,31.46,-0.0076,-2668412000.0,0.0,0.0,-0.1148,-6544000.0,68518000.0,BALANCED,-12.869
2023-11-02,UCO,ARCX:UCO,23085000.0,32.98,0.0484,-2645327000.0,23085000.0,0.0,1.9942,21500000.0,79568000.0,ACCUMULATION,61.8557
2023-11-03,UCO,ARCX:UCO,0.0,31.69,-0.0391,-2645327000.0,0.0,0.0,-0.2158,21500000.0,46195000.0,BALANCED,4.6042
2023-11-06,UCO,ARCX:UCO,16110000.0,32.22,0.0168,-2629217000.0,16110000.0,0.0,1.27,37610000.0,39627000.0,BALANCED,43.749
2023-11-07,UCO,ARCX:UCO,0.0,29.68,-0.0788,-2629217000.0,0.0,0.0,-0.3436,39195000.0,38004000.0,BALANCED,1.4101
2023-11-08,UCO,ARCX:UCO,2841000.0,28.41,-0.0428,-2626376000.0,2841000.0,0.0,-0.0755,42036000.0,55117000.0,BALANCED,10.1133
2023-11-09,UCO,ARCX:UCO,17264000.0,28.77,0.0128,-2609112000.0,17264000.0,0.0,1.278,36215000.0,73962000.0,BALANCED,45.9499
2023-11-10,UCO,ARCX:UCO,7428000.0,29.71,0.0327,-2601684000.0,7428000.0,0.0,0.2721,43643000.0,79668000.0,BALANCED,22.803
2023-11-13,UCO,ARCX:UCO,0.0,30.51,0.0267,-2601684000.0,0.0,0.0,-0.4788,27533000.0,83047000.0,BALANCED,-1.9709
2023-11-14,UCO,ARCX:UCO,1521000.0,30.43,-0.0026,-2600163000.0,1521000.0,0.0,-0.3319,29054000.0,87974000.0,BALANCED,3.7034
2023-11-15,UCO,ARCX:UCO,-10429000.0,29.8,-0.0207,-2610592000.0,0.0,-10429000.0,-1.4218,15784000.0,79306000.0,BALANCED,-27.5441
2023-11-16,UCO,ARCX:UCO,-8202000.0,27.34,-0.0825,-2618794000.0,0.0,-8202000.0,-1.1256,-9682000.0,62195000.0,BALANCED,-42.1394
2023-11-17,UCO,ARCX:UCO,0.0,29.27,0.0706,-2618794000.0,0.0,0.0,-0.2759,-17110000.0,48046000.0,BALANCED,-16.8969
2023-11-20,UCO,ARCX:UCO,28992000.0,30.52,0.0426,-2589802000.0,28992000.0,0.0,2.8198,11882000.0,77038000.0,ACCUMULATION,82.496
2023-11-21,UCO,ARCX:UCO,-6109000.0,30.54,0.0008,-2595911000.0,0.0,-6109000.0,-0.895,4252000.0,65957000.0,BALANCED,-14.375
2023-11-22,UCO,ARCX:UCO,-3003000.0,30.03,-0.0167,-2598914000.0,0.0,-3003000.0,-0.6387,11678000.0,62954000.0,BALANCED,-9.9687
2023-11-24,UCO,ARCX:UCO,-1454000.0,29.07,-0.032,-2600368000.0,0.0,-1454000.0,-0.4674,18426000.0,66459000.0,BALANCED,-7.6856
2023-11-27,UCO,ARCX:UCO,2868000.0,28.68,-0.0136,-2597500000.0,2868000.0,0.0,0.0081,21294000.0,69327000.0,BALANCED,12.2024
2023-11-28,UCO,ARCX:UCO,0.0,29.66,0.0343,-2597500000.0,0.0,0.0,-0.325,-7698000.0,69327000.0,BALANCED,-18.1242
2023-11-29,UCO,ARCX:UCO,7659000.0,30.64,0.0328,-2589841000.0,7659000.0,0.0,0.4921,6070000.0,78571000.0,BALANCED,24.3015
2023-11-30,UCO,ARCX:UCO,0.0,29.12,-0.0495,-2589841000.0,0.0,0.0,-0.3757,9073000.0,78571000.0,BALANCED,0.6079
2023-12-01,UCO,ARCX:UCO,8397000.0,27.99,-0.0388,-2581444000.0,8397000.0,0.0,0.5728,18924000.0,63883000.0,BALANCED,26.3192
2023-12-04,UCO,ARCX:UCO,5547000.0,27.74,-0.009,-2575897000.0,5547000.0,0.0,0.2911,21603000.0,69430000.0,BALANCED,21.2779
2023-12-05,UCO,ARCX:UCO,-20310000.0,27.08,-0.0237,-2596207000.0,0.0,-20310000.0,-2.3544,1293000.0,33010000.0,DISTRIBUTION,-50.8611
2023-12-06,UCO,ARCX:UCO,6311000.0,25.24,-0.0678,-2589896000.0,6311000.0,0.0,0.4057,-55000.0,39321000.0,BALANCED,2.1431
2023-12-07,UCO,ARCX:UCO,0.0,25.15,-0.0037,-2589896000.0,0.0,0.0,-0.2488,-55000.0,36480000.0,BALANCED,-16.2204
2023-12-08,UCO,ARCX:UCO,38073000.0,26.26,0.0439,-2551823000.0,38073000.0,0.0,2.9706,29621000.0,57289000.0,ACCUMULATION,86.2643
2023-12-11,UCO,ARCX:UCO,31823000.0,26.52,0.01,-2520000000.0,31823000.0,0.0,2.141,55897000.0,81684000.0,ACCUMULATION,67.525
2023-12-12,UCO,ARCX:UCO,4951000.0,24.75,-0.0666,-2515049000.0,4951000.0,0.0,-0.0086,81158000.0,86635000.0,BALANCED,15.7842
2023-12-13,UCO,ARCX:UCO,6362000.0,25.45,0.0281,-2508687000.0,6362000.0,0.0,0.0831,81209000.0,91476000.0,BALANCED,20.0786
2023-12-14,UCO,ARCX:UCO,0.0,26.93,0.0583,-2508687000.0,0.0,0.0,-0.4265,81209000.0,101905000.0,BALANCED,-0.6635
2023-12-15,UCO,ARCX:UCO,8048000.0,26.83,-0.0039,-2500639000.0,8048000.0,0.0,0.2679,51184000.0,118155000.0,BALANCED,18.6974
2023-12-18,UCO,ARCX:UCO,9642000.0,27.55,0.0269,-2490997000.0,9642000.0,0.0,0.3737,29003000.0,127797000.0,BALANCED,23.3437
2023-12-19,UCO,ARCX:UCO,-5661000.0,28.31,0.0275,-2496658000.0,0.0,-5661000.0,-0.8395,18391000.0,93144000.0,BALANCED,-12.9881
2023-12-20,UCO,ARCX:UCO,-4251000.0,28.34,0.0012,-2500909000.0,0.0,-4251000.0,-0.7057,7778000.0,95002000.0,BALANCED,-11.6414
2023-12-21,UCO,ARCX:UCO,0.0,27.95,-0.0138,-2500909000.0,0.0,0.0,-0.3454,7778000.0,98005000.0,BALANCED,1.3646
2023-12-22,UCO,ARCX:UCO,0.0,27.59,-0.0129,-2500909000.0,0.0,0.0,-0.3038,-270000.0,99459000.0,BALANCED,-17.5947
2023-12-26,UCO,ARCX:UCO,-4337000.0,28.91,0.0479,-2505246000.0,0.0,-4337000.0,-0.6327,-14249000.0,92254000.0,BALANCED,-27.8166
2023-12-27,UCO,ARCX:UCO,-18269000.0,28.11,-0.0279,-2523515000.0,0.0,-18269000.0,-1.6625,-26857000.0,73985000.0,DISTRIBUTION,-55.5636
2023-12-28,UCO,ARCX:UCO,0.0,26.41,-0.0605,-2523515000.0,0.0,0.0,-0.2034,-22606000.0,66326000.0,BALANCED,-15.0841
2023-12-29,UCO,ARCX:UCO,0.0,26.28,-0.005,-2523515000.0,0.0,0.0,-0.2353,-22606000.0,66326000.0,BALANCED,-15.8833
2024-01-02,UCO,ARCX:UCO,5104000.0,25.52,-0.0288,-2518411000.0,5104000.0,0.0,0.1446,-17502000.0,63033000.0,BALANCED,-4.3856
2024-01-03,UCO,ARCX:UCO,-13500000.0,27.0,0.058,-2531911000.0,0.0,-13500000.0,-1.3084,-26665000.0,43986000.0,BALANCED,-44.7108
2024-01-04,UCO,ARCX:UCO,-2653000.0,26.53,-0.0175,-2534564000.0,0.0,-2653000.0,-0.389,-11049000.0,61643000.0,BALANCED,-23.7259
2024-01-05,UCO,ARCX:UCO,0.0,27.42,0.0336,-2534564000.0,0.0,0.0,-0.1784,-11049000.0,55332000.0,BALANCED,-14.4606
2024-01-08,UCO,ARCX:UCO,6374000.0,25.5,-0.07,-2528190000.0,6374000.0,0.0,0.3509,-4675000.0,61706000.0,BALANCED,0.7726
2024-01-09,UCO,ARCX:UCO,-13154000.0,26.31,0.0318,-2541344000.0,0.0,-13154000.0,-1.2842,-22933000.0,10479000.0,BALANCED,-44.1044
2024-01-10,UCO,ARCX:UCO,3875000.0,25.84,-0.018,-2537469000.0,3875000.0,0.0,0.1591,-5558000.0,-17469000.0,BALANCED,-4.0228
2024-01-11,UCO,ARCX:UCO,-1314000.0,26.29,0.0176,-2538783000.0,0.0,-1314000.0,-0.2775,-4219000.0,-23734000.0,BALANCED,-18.9368
2024-01-12,UCO,ARCX:UCO,0.0,26.81,0.02,-2538783000.0,0.0,0.0,-0.1449,-4219000.0,-30096000.0,BALANCED,-13.6228
2024-01-16,UCO,ARCX:UCO,3983000.0,26.55,-0.0097,-2534800000.0,3983000.0,0.0,0.1829,-6610000.0,-26113000.0,BALANCED,-3.428
2024-01-17,UCO,ARCX:UCO,-5281000.0,26.4,-0.0056,-2540081000.0,0.0,-5281000.0,-0.5668,1263000.0,-39442000.0,BALANCED,-6.1708
2024-01-18,UCO,ARCX:UCO,0.0,27.28,0.0332,-2540081000.0,0.0,0.0,-0.1018,-2612000.0,-49084000.0,BALANCED,-12.5456
2024-01-19,UCO,ARCX:UCO,0.0,26.76,-0.0192,-2540081000.0,0.0,0.0,-0.17,-1298000.0,-43423000.0,BALANCED,-14.2502
2024-01-22,UCO,ARCX:UCO,0.0,27.89,0.0423,-2540081000.0,0.0,0.0,-0.1513,-1298000.0,-39172000.0,BALANCED,-13.7817
2024-01-23,UCO,ARCX:UCO,-15191000.0,27.62,-0.0096,-2555272000.0,0.0,-15191000.0,-1.434,-20472000.0,-54363000.0,BALANCED,-47.8488
2024-01-24,UCO,ARCX:UCO,0.0,28.08,0.0167,-2555272000.0,0.0,0.0,0.0127,-15191000.0,-54363000.0,BALANCED,-9.6813
2024-01-25,UCO,ARCX:UCO,-4436000.0,29.57,0.0531,-2559708000.0,0.0,-4436000.0,-0.4626,-19627000.0,-54462000.0,BALANCED,-23.5648
2024-01-26,UCO,ARCX:UCO,-10522000.0,30.06,0.0166,-2570230000.0,0.0,-10522000.0,-1.2726,-30149000.0,-46715000.0,BALANCED,-45.8138
2024-01-29,UCO,ARCX:UCO,0.0,29.24,-0.0272,-2570230000.0,0.0,0.0,0.3082,-30149000.0,-46715000.0,BALANCED,-2.2949
2024-01-30,UCO,ARCX:UCO,-17968000.0,29.95,0.024,-2588198000.0,0.0,-17968000.0,-2.1136,-32926000.0,-64683000.0,DISTRIBUTION,-64.839
2024-01-31,UCO,ARCX:UCO,-2854000.0,28.54,-0.0468,-2591052000.0,0.0,-2854000.0,0.023,-35780000.0,-72641000.0,BALANCED,-13.4261
2024-02-01,UCO,ARCX:UCO,0.0,27.18,-0.0479,-2591052000.0,0.0,0.0,0.5079,-31344000.0,-59141000.0,BALANCED,2.6968
2024-02-02,UCO,ARCX:UCO,0.0,26.2,-0.0359,-2591052000.0,0.0,0.0,0.4782,-20822000.0,-56488000.0,BALANCED,1.9562
2024-02-05,UCO,ARCX:UCO,41325000.0,26.66,0.0176,-2549727000.0,41325000.0,0.0,4.1131,20503000.0,-15163000.0,ACCUMULATION,100.0
2024-02-06,UCO,ARCX:UCO,17527000.0,26.97,0.0114,-2532200000.0,17527000.0,0.0,1.6864,55998000.0,-4010000.0,ACCUMULATION,56.1595
2024-02-07,UCO,ARCX:UCO,0.0,27.34,0.014,-2532200000.0,0.0,0.0,0.0947,58852000.0,9144000.0,BALANCED,12.368
2024-02-08,UCO,ARCX:UCO,0.0,28.76,0.0519,-2532200000.0,0.0,0.0,0.0817,58852000.0,5269000.0,BALANCED,12.0428
2024-02-09,UCO,ARCX:UCO,-5840000.0,29.2,0.0153,-2538040000.0,0.0,-5840000.0,-0.508,53012000.0,743000.0,BALANCED,-4.6996
2024-02-12,UCO,ARCX:UCO,0.0,29.24,0.0014,-2538040000.0,0.0,0.0,0.0459,11687000.0,743000.0,BALANCED,11.148
2024-02-13,UCO,ARCX:UCO,-53202000.0,29.56,0.0108,-2591242000.0,0.0,-53202000.0,-3.5692,-59042000.0,-56442000.0,DISTRIBUTION,-100.0
2024-02-14,UCO,ARCX:UCO,-8631000.0,28.77,-0.0266,-2599873000.0,0.0,-8631000.0,-0.4151,-67673000.0,-59792000.0,BALANCED,-24.3786
2024-02-15,UCO,ARCX:UCO,-11796000.0,29.49,0.025,-2611669000.0,0.0,-11796000.0,-0.6431,-79469000.0,-71588000.0,BALANCED,-32.0775
2024-02-16,UCO,ARCX:UCO,-8989000.0,29.96,0.0161,-2620658000.0,0.0,-8989000.0,-0.4293,-82618000.0,-80577000.0,BALANCED,-28.7315
2024-02-20,UCO,ARCX:UCO,0.0,29.0,-0.0322,-2620658000.0,0.0,0.0,0.2013,-82618000.0,-80577000.0,BALANCED,-4.9671
2024-02-21,UCO,ARCX:UCO,-11761000.0,29.4,0.0139,-2632419000.0,0.0,-11761000.0,-0.5822,-41177000.0,-77147000.0,BALANCED,-26.5541
2024-02-22,UCO,ARCX:UCO,-8945000.0,29.82,0.0141,-2641364000.0,0.0,-8945000.0,-0.3964,-41491000.0,-86092000.0,BALANCED,-23.9092
2024-02-23,UCO,ARCX:UCO,-5712000.0,28.56,-0.0422,-2647076000.0,0.0,-5712000.0,-0.146,-35407000.0,-87368000.0,BALANCED,-19.6508
2024-02-26,UCO,ARCX:UCO,1462000.0,29.24,0.0238,-2645614000.0,1462000.0,0.0,0.3557,-24956000.0,-75384000.0,BALANCED,0.893
2024-02-27,UCO,ARCX:UCO,-7493000.0,29.97,0.0251,-2653107000.0,0.0,-7493000.0,-0.2607,-32449000.0,-82877000.0,BALANCED,-18.5186
2024-02-28,UCO,ARCX:UCO,-5930000.0,29.65,-0.0109,-2659037000.0,0.0,-5930000.0,-0.1273,-26618000.0,-70839000.0,BALANCED,-17.1831
2024-02-29,UCO,ARCX:UCO,0.0,29.35,-0.0099,-2659037000.0,0.0,0.0,0.2819,-17673000.0,-67985000.0,BALANCED,-2.9532
2024-03-01,UCO,ARCX:UCO,0.0,30.42,0.0362,-2659037000.0,0.0,0.0,0.2819,-11961000.0,-67985000.0,BALANCED,-2.9532
2024-03-04,UCO,ARCX:UCO,-10486000.0,29.96,-0.015,-2669523000.0,0.0,-10486000.0,-0.4378,-23909000.0,-78471000.0,BALANCED,-22.9453
2024-03-05,UCO,ARCX:UCO,-7348000.0,29.39,-0.0189,-2676871000.0,0.0,-7348000.0,-0.198,-23764000.0,-127144000.0,BALANCED,-18.9502
2024-03-06,UCO,ARCX:UCO,2992000.0,29.92,0.0181,-2673879000.0,2992000.0,0.0,0.4961,-14842000.0,-141679000.0,BALANCED,4.4031
2024-03-07,UCO,ARCX:UCO,-10504000.0,30.01,0.0029,-2684383000.0,0.0,-10504000.0,-0.442,-25346000.0,-152183000.0,BALANCED,-23.0493
2024-03-08,UCO,ARCX:UCO,0.0,29.52,-0.0162,-2684383000.0,0.0,0.0,0.2958,-25346000.0,-152183000.0,BALANCED,-2.6056
2024-03-11,UCO,ARCX:UCO,5954000.0,29.77,0.0084,-2678429000.0,5954000.0,0.0,0.6773,-8906000.0,-140389000.0,BALANCED,8.9334
2024-03-12,UCO,ARCX:UCO,-2960000.0,29.6,-0.0057,-2681389000.0,0.0,-2960000.0,0.0529,-4518000.0,-143349000.0,BALANCED,-10.6785
2024-03-13,UCO,ARCX:UCO,0.0,30.84,0.0419,-2681389000.0,0.0,0.0,0.2243,-7510000.0,-90147000.0,BALANCED,-4.3937
2024-03-14,UCO,ARCX:UCO,-12679000.0,31.7,0.0277,-2694068000.0,0.0,-12679000.0,-0.6622,-9685000.0,-94195000.0,BALANCED,-28.5546
2024-03-15,UCO,ARCX:UCO,-3181000.0,31.81,0.0034,-2697249000.0,0.0,-3181000.0,0.0257,-12866000.0,-85580000.0,BALANCED,-13.3567
2024-03-18,UCO,ARCX:UCO,-4897000.0,32.65,0.0265,-2702146000.0,0.0,-4897000.0,-0.0857,-23717000.0,-81488000.0,BALANCED,-18.1422
2024-03-19,UCO,ARCX:UCO,-6585000.0,32.92,0.0084,-2708731000.0,0.0,-6585000.0,-0.1164,-27342000.0,-88073000.0,BALANCED,-20.91
2024-03-20,UCO,ARCX:UCO,-4820000.0,32.13,-0.024,-2713551000.0,0.0,-4820000.0,0.1205,-32162000.0,-81132000.0,BALANCED,-16.9869
2024-03-21,UCO,ARCX:UCO,-8029000.0,32.12,-0.0005,-2721580000.0,0.0,-8029000.0,-0.1698,-27512000.0,-80216000.0,BALANCED,-26.2462
2024-03-22,UCO,ARCX:UCO,0.0,31.7,-0.0131,-2721580000.0,0.0,0.0,0.6247,-24331000.0,-74504000.0,BALANCED,5.6175
2024-03-25,UCO,ARCX:UCO,-3253000.0,32.53,0.0261,-2724833000.0,0.0,-3253000.0,0.2938,-22687000.0,-79219000.0,BALANCED,-4.6548
2024-03-26,UCO,ARCX:UCO,-3234000.0,32.34,-0.0058,-2728067000.0,0.0,-3234000.0,0.3079,-19336000.0,-74960000.0,BALANCED,-6.3024
2024-03-27,UCO,ARCX:UCO,0.0,32.22,-0.0037,-2728067000.0,0.0,0.0,0.9355,-14516000.0,-69030000.0,BALANCED,13.3886
2024-03-28,UCO,ARCX:UCO,0.0,33.19,0.0302,-2728067000.0,0.0,0.0,0.8754,-6487000.0,-69030000.0,BALANCED,11.8855
2024-04-01,UCO,ARCX:UCO,0.0,33.3,0.0032,-2728067000.0,0.0,0.0,0.8208,-6487000.0,-69030000.0,BALANCED,10.52
2024-04-02,UCO,ARCX:UCO,-11931000.0,34.09,0.0238,-2739998000.0,0.0,-11931000.0,-1.6347,-15165000.0,-70475000.0,DISTRIBUTION,-52.867
2024-04-03,UCO,ARCX:UCO,-1729000.0,34.57,0.0141,-2741727000.0,0.0,-1729000.0,0.4779,-13660000.0,-64856000.0,BALANCED,-2.0523
2024-04-04,UCO,ARCX:UCO,-12392000.0,35.41,0.0242,-2754119000.0,0.0,-12392000.0,-1.7142,-26052000.0,-80240000.0,DISTRIBUTION,-58.8545
2024-04-05,UCO,ARCX:UCO,0.0,35.49,0.0023,-2754119000.0,0.0,0.0,0.7787,-26052000.0,-69736000.0,BALANCED,9.4676
2024-04-08,UCO,ARCX:UCO,0.0,35.16,-0.0094,-2754119000.0,0.0,0.0,0.7343,-26052000.0,-69736000.0,BALANCED,8.3565
2024-04-09,UCO,ARCX:UCO,-8637000.0,34.55,-0.0173,-2762756000.0,0.0,-8637000.0,-0.976,-22758000.0,-84327000.0,BALANCED,-36.3994
2024-04-10,UCO,ARCX:UCO,0.0,35.22,0.0196,-2762756000.0,0.0,0.0,0.7535,-21029000.0,-81367000.0,BALANCED,8.838
2024-04-11,UCO,ARCX:UCO,0.0,34.78,-0.0126,-2762756000.0,0.0,0.0,0.7091,-8637000.0,-81367000.0,BALANCED,7.7283
2024-04-12,UCO,ARCX:UCO,-5289000.0,35.26,0.0138,-2768045000.0,0.0,-5289000.0,-0.3419,-13926000.0,-73977000.0,BALANCED,-20.5478
2024-04-15,UCO,ARCX:UCO,-3520000.0,35.2,-0.0018,-2771565000.0,0.0,-3520000.0,0.0482,-17446000.0,-74316000.0,BALANCED,-12.7954
2024-04-16,UCO,ARCX:UCO,-3530000.0,35.3,0.0028,-2775095000.0,0.0,-3530000.0,-0.0024,-12339000.0,-72949000.0,BALANCED,-16.0592
2024-04-17,UCO,ARCX:UCO,8363000.0,33.45,-0.0523,-2766732000.0,8363000.0,0.0,2.2523,-3976000.0,-58001000.0,ACCUMULATION,48.3066
2024-04-18,UCO,ARCX:UCO,1666000.0,33.33,-0.0036,-2765066000.0,1666000.0,0.0,0.9422,-2310000.0,-51515000.0,BALANCED,17.5543
2024-04-19,UCO,ARCX:UCO,0.0,33.22,-0.0033,-2765066000.0,0.0,0.0,0.5582,2979000.0,-43486000.0,BALANCED,23.9548
2024-04-22,UCO,ARCX:UCO,3293000.0,32.93,-0.0086,-2761773000.0,3293000.0,0.0,1.1941,9792000.0,-40193000.0,BALANCED,41.853
2024-04-23,UCO,ARCX:UCO,-3381000.0,33.81,0.0266,-2765154000.0,0.0,-3381000.0,-0.1055,9941000.0,-40321000.0,BALANCED,5.3632
2024-04-24,UCO,ARCX:UCO,26911000.0,33.64,-0.005,-2738243000.0,26911000.0,0.0,4.0259,28489000.0,-10176000.0,ACCUMULATION,100.0
2024-04-25,UCO,ARCX:UCO,-11916000.0,34.04,0.0121,-2750159000.0,0.0,-11916000.0,-1.3051,14907000.0,-22092000.0,BALANCED,-24.6279
2024-04-26,UCO,ARCX:UCO,0.0,34.4,0.0106,-2750159000.0,0.0,0.0,0.2627,14907000.0,-22092000.0,BALANCED,16.5679
2024-04-29,UCO,ARCX:UCO,0.0,33.73,-0.0197,-2750159000.0,0.0,0.0,0.2477,11614000.0,-22092000.0,BALANCED,16.1924
2024-04-30,UCO,ARCX:UCO,-1661000.0,33.22,-0.0151,-2751820000.0,0.0,-1661000.0,-0.0007,13334000.0,-11822000.0,BALANCED,7.9817
2024-05-01,UCO,ARCX:UCO,0.0,31.08,-0.0644,-2751820000.0,0.0,0.0,0.204,-13577000.0,-10093000.0,BALANCED,-4.8992
2024-05-02,UCO,ARCX:UCO,3128000.0,31.28,0.0066,-2748692000.0,3128000.0,0.0,0.6092,1467000.0,5427000.0,BALANCED,27.23
2024-05-03,UCO,ARCX:UCO,3101000.0,31.01,-0.0088,-2745591000.0,3101000.0,0.0,0.5592,4568000.0,8528000.0,BALANCED,27.9803
2024-05-06,UCO,ARCX:UCO,10972000.0,31.35,0.011,-2734619000.0,10972000.0,0.0,1.5625,15540000.0,19500000.0,ACCUMULATION,55.0636
2024-05-07,UCO,ARCX:UCO,7832000.0,31.33,-0.0006,-2726787000.0,7832000.0,0.0,1.0626,25033000.0,35969000.0,BALANCED,44.5653
2024-05-08,UCO,ARCX:UCO,3144000.0,31.44,0.0034,-2723643000.0,3144000.0,0.0,0.4033,28177000.0,39113000.0,BALANCED,30.0836
2024-05-09,UCO,ARCX:UCO,0.0,31.64,0.0063,-2723643000.0,0.0,0.0,-0.0198,25049000.0,39113000.0,BALANCED,9.5038
2024-05-10,UCO,ARCX:UCO,0.0,31.01,-0.0199,-2723643000.0,0.0,0.0,-0.0198,21948000.0,44402000.0,BALANCED,9.5038
2024-05-13,UCO,ARCX:UCO,0.0,31.46,0.0146,-2723643000.0,0.0,0.0,-0.0198,10976000.0,47922000.0,BALANCED,9.5038
2024-05-14,UCO,ARCX:UCO,6179000.0,30.9,-0.0179,-2717464000.0,6179000.0,0.0,0.7598,9323000.0,57631000.0,BALANCED,30.9938
2024-05-15,UCO,ARCX:UCO,0.0,31.19,0.0094,-2717464000.0,0.0,0.0,-0.1134,6179000.0,49268000.0,BALANCED,7.1644
2024-05-16,UCO,ARCX:UCO,1583000.0,31.66,0.0151,-2715881000.0,1583000.0,0.0,0.0462,7762000.0,49185000.0,BALANCED,13.1541
2024-05-17,UCO,ARCX:UCO,-12921000.0,32.3,0.0203,-2728802000.0,0.0,-12921000.0,-1.9212,-5159000.0,36264000.0,DISTRIBUTION,-60.0304
2024-05-20,UCO,ARCX:UCO,0.0,32.24,-0.0018,-2728802000.0,0.0,0.0,-0.1178,-5159000.0,32971000.0,BALANCED,-12.9447
2024-05-21,UCO,ARCX:UCO,-3181000.0,31.81,-0.0134,-2731983000.0,0.0,-3181000.0,-0.6025,-14519000.0,33171000.0,BALANCED,-27.0615
2024-05-22,UCO,ARCX:UCO,-1543000.0,30.86,-0.0299,-2733526000.0,0.0,-1543000.0,-0.3598,-16062000.0,4717000.0,BALANCED,-22.9954
2024-05-23,UCO,ARCX:UCO,0.0,30.38,-0.0155,-2733526000.0,0.0,0.0,-0.1393,-17645000.0,16633000.0,BALANCED,-13.4817
2024-05-24,UCO,ARCX:UCO,1542000.0,30.83,0.0148,-2731984000.0,1542000.0,0.0,0.0493,-3182000.0,18175000.0,BALANCED,-6.7675
2024-05-28,UCO,ARCX:UCO,6495000.0,32.48,0.0533,-2725489000.0,6495000.0,0.0,0.7185,3313000.0,24670000.0,BALANCED,31.9636
2024-05-29,UCO,ARCX:UCO,-14464000.0,32.14,-0.0103,-2739953000.0,0.0,-14464000.0,-2.0999,-7970000.0,11867000.0,DISTRIBUTION,-64.4984
2024-05-30,UCO,ARCX:UCO,-6253000.0,31.26,-0.0274,-2746206000.0,0.0,-6253000.0,-0.9328,-12680000.0,5614000.0,BALANCED,-37.3198
2024-05-31,UCO,ARCX:UCO,1542000.0,30.85,-0.0133,-2744664000.0,1542000.0,0.0,0.1159,-11138000.0,4028000.0,BALANCED,-5.1024
2024-06-03,UCO,ARCX:UCO,8685000.0,28.95,-0.0614,-2735979000.0,8685000.0,0.0,1.0183,-3995000.0,9612000.0,BALANCED,19.4573
2024-06-04,UCO,ARCX:UCO,30811000.0,28.01,-0.0325,-2705168000.0,30811000.0,0.0,3.0999,20321000.0,29451000.0,ACCUMULATION,93.4985
2024-06-05,UCO,ARCX:UCO,18428000.0,28.35,0.0122,-2686740000.0,18428000.0,0.0,1.6226,53213000.0,40047000.0,ACCUMULATION,58.5646
2024-06-06,UCO,ARCX:UCO,1467000.0,29.34,0.0349,-2685273000.0,1467000.0,0.0,-0.0347,60933000.0,38370000.0,BALANCED,19.1316
2024-06-07,UCO,ARCX:UCO,-11779000.0,29.45,0.0036,-2697052000.0,0.0,-11779000.0,-1.5771,47612000.0,26591000.0,DISTRIBUTION,-31.4283
2024-06-10,UCO,ARCX:UCO,0.0,30.85,0.0475,-2697052000.0,0.0,0.0,-0.2061,38927000.0,26591000.0,BALANCED,4.8486
2024-06-11,UCO,ARCX:UCO,-21771000.0,31.1,0.0083,-2718823000.0,0.0,-21771000.0,-2.3753,-13655000.0,4820000.0,DISTRIBUTION,-71.3822
2024-06-12,UCO,ARCX:UCO,-7883000.0,31.53,0.0139,-2726706000.0,0.0,-7883000.0,-0.896,-39966000.0,-9242000.0,BALANCED,-36.4003
2024-06-13,UCO,ARCX:UCO,-9504000.0,31.68,0.0047,-2736210000.0,0.0,-9504000.0,-1.0112,-50937000.0,-18746000.0,BALANCED,-41.2799
2024-06-14,UCO,ARCX:UCO,-9415000.0,31.38,-0.0094,-2745625000.0,0.0,-9415000.0,-0.9458,-48573000.0,-29744000.0,BALANCED,-41.6443
2024-06-17,UCO,ARCX:UCO,-3221000.0,32.21,0.0265,-2748846000.0,0.0,-3221000.0,-0.3093,-51794000.0,-20044000.0,BALANCED,-27.7316
2024-06-18,UCO,ARCX:UCO,-21470000.0,33.03,0.0253,-2770316000.0,0.0,-21470000.0,-1.9199,-51493000.0,-41514000.0,DISTRIBUTION,-69.9975
2024-06-20,UCO,ARCX:UCO,-6675000.0,33.38,0.0105,-2776991000.0,0.0,-6675000.0,-0.4778,-50285000.0,-45008000.0,BALANCED,-35.9454
2024-06-21,UCO,ARCX:UCO,-9880000.0,32.93,-0.0134,-2786871000.0,0.0,-9880000.0,-0.7381,-50661000.0,-53345000.0,BALANCED,-44.4518
2024-06-24,UCO,ARCX:UCO,0.0,33.66,0.0222,-2786871000.0,0.0,0.0,0.2001,-41246000.0,-53345000.0,BALANCED,-4.9965
2024-06-25,UCO,ARCX:UCO,-16587000.0,33.17,-0.0145,-2803458000.0,0.0,-16587000.0,-1.2839,-54612000.0,-71474000.0,BALANCED,-44.0979
2024-06-26,UCO,ARCX:UCO,0.0,33.38,0.0063,-2803458000.0,0.0,0.0,0.2453,-33142000.0,-77969000.0,BALANCED,-3.8681
2024-06-27,UCO,ARCX:UCO,-3370000.0,33.7,0.0096,-2806828000.0,0.0,-3370000.0,-0.0365,-29837000.0,-66875000.0,BALANCED,-12.9125
2024-06-28,UCO,ARCX:UCO,-5026000.0,33.51,-0.0058,-2811854000.0,0.0,-5026000.0,-0.1755,-24983000.0,-65648000.0,BALANCED,-18.3881
2024-07-01,UCO,ARCX:UCO,0.0,34.73,0.0364,-2811854000.0,0.0,0.0,0.2993,-24983000.0,-67190000.0,BALANCED,-2.5176
2024-07-02,UCO,ARCX:UCO,0.0,34.55,-0.0052,-2811854000.0,0.0,0.0,0.2626,-8396000.0,-75875000.0,BALANCED,-3.4354
2024-07-03,UCO,ARCX:UCO,-10622000.0,35.41,0.0249,-2822476000.0,0.0,-10622000.0,-0.7059,-19018000.0,-117308000.0,BALANCED,-29.6464
2024-07-05,UCO,ARCX:UCO,0.0,34.77,-0.0181,-2822476000.0,0.0,0.0,0.2835,-15648000.0,-135736000.0,BALANCED,-2.9125
2024-07-08,UCO,ARCX:UCO,-3433000.0,34.33,-0.0127,-2825909000.0,0.0,-3433000.0,-0.0332,-14055000.0,-140636000.0,BALANCED,-12.831
2024-07-09,UCO,ARCX:UCO,-6695000.0,33.48,-0.0248,-2832604000.0,0.0,-6695000.0,-0.3188,-20750000.0,-135552000.0,BALANCED,-21.9709
2024-07-10,UCO,ARCX:UCO,-5046000.0,33.64,0.0048,-2837650000.0,0.0,-5046000.0,-0.1437,-25796000.0,-140598000.0,BALANCED,-19.5924
2024-07-11,UCO,ARCX:UCO,0.0,33.75,0.0035,-2837650000.0,0.0,0.0,0.3575,-15174000.0,-118827000.0,BALANCED,-1.0627
2024-07-12,UCO,ARCX:UCO,0.0,33.59,-0.005,-2837650000.0,0.0,0.0,0.3168,-15174000.0,-110944000.0,BALANCED,-2.0792
2024-07-15,UCO,ARCX:UCO,10022000.0,33.41,-0.0053,-2827628000.0,10022000.0,0.0,1.2082,-1719000.0,-91418000.0,BALANCED,22.2058
2024-07-16,UCO,ARCX:UCO,0.0,32.54,-0.026,-2827628000.0,0.0,0.0,0.2628,4976000.0,-82003000.0,BALANCED,16.5698
2024-07-17,UCO,ARCX:UCO,0.0,33.43,0.0276,-2827628000.0,0.0,0.0,0.2962,10022000.0,-78782000.0,BALANCED,17.4043
2024-07-18,UCO,ARCX:UCO,0.0,33.4,-0.001,-2827628000.0,0.0,0.0,0.5022,10022000.0,-57312000.0,BALANCED,22.554
2024-07-19,UCO,ARCX:UCO,0.0,31.51,-0.0567,-2827628000.0,0.0,0.0,0.6723,10022000.0,-50637000.0,BALANCED,26.8083
2024-07-22,UCO,ARCX:UCO,0.0,31.5,-0.0002,-2827628000.0,0.0,0.0,0.6832,0.0,-40757000.0,BALANCED,17.0802
2024-07-23,UCO,ARCX:UCO,12148000.0,30.37,-0.0359,-2815480000.0,12148000.0,0.0,2.1564,12148000.0,-28609000.0,ACCUMULATION,65.9088
2024-07-24,UCO,ARCX:UCO,0.0,30.94,0.0187,-2815480000.0,0.0,0.0,0.5289,12148000.0,-12022000.0,BALANCED,23.2217
2024-07-25,UCO,ARCX:UCO,0.0,31.28,0.011,-2815480000.0,0.0,0.0,0.4816,12148000.0,-12022000.0,BALANCED,22.0403
2024-07-26,UCO,ARCX:UCO,4580000.0,30.53,-0.0239,-2810900000.0,4580000.0,0.0,1.09,16728000.0,-4072000.0,BALANCED,39.2491
2024-07-29,UCO,ARCX:UCO,2974000.0,29.74,-0.0259,-2807926000.0,2974000.0,0.0,0.7966,19702000.0,3928000.0,BALANCED,33.9149
2024-07-30,UCO,ARCX:UCO,14563000.0,29.13,-0.0207,-2793363000.0,14563000.0,0.0,2.2211,22117000.0,18491000.0,ACCUMULATION,71.5264
2024-07-31,UCO,ARCX:UCO,17148000.0,31.18,0.0705,-2776215000.0,17148000.0,0.0,2.2498,39265000.0,35639000.0,ACCUMULATION,74.2452
2024-08-01,UCO,ARCX:UCO,-16593000.0,30.17,-0.0324,-2792808000.0,0.0,-16593000.0,-2.0746,22672000.0,29668000.0,DISTRIBUTION,-43.8657
2024-08-02,UCO,ARCX:UCO,-2797000.0,27.97,-0.0729,-2795605000.0,0.0,-2797000.0,-0.2877,15295000.0,26871000.0,BALANCED,-1.1924
2024-08-05,UCO,ARCX:UCO,29222000.0,27.83,-0.005,-2766383000.0,29222000.0,0.0,3.1282,41543000.0,59526000.0,ACCUMULATION,90.2055
2024-08-06,UCO,ARCX:UCO,4168000.0,27.79,-0.0016,-2762215000.0,4168000.0,0.0,0.3659,31148000.0,70389000.0,BALANCED,23.1484
2024-08-07,UCO,ARCX:UCO,11589000.0,28.97,0.0426,-2750626000.0,11589000.0,0.0,1.1255,25589000.0,87024000.0,BALANCED,44.1376
2024-08-08,UCO,ARCX:UCO,-4451000.0,29.67,0.0241,-2755077000.0,0.0,-4451000.0,-0.689,37731000.0,82573000.0,BALANCED,-9.2254
2024-08-09,UCO,ARCX:UCO,-10523000.0,30.07,0.0133,-2765600000.0,0.0,-10523000.0,-1.3169,30005000.0,72050000.0,BALANCED,-26.9237
2024-08-12,UCO,ARCX:UCO,0.0,31.95,0.0628,-2765600000.0,0.0,0.0,-0.1721,783000.0,62028000.0,BALANCED,5.6969
2024-08-13,UCO,ARCX:UCO,-7698000.0,30.79,-0.0364,-2773298000.0,0.0,-7698000.0,-0.9859,-11083000.0,54330000.0,BALANCED,-36.6464
2024-08-14,UCO,ARCX:UCO,-10580000.0,30.23,-0.0182,-2783878000.0,0.0,-10580000.0,-1.2293,-33252000.0,43750000.0,BALANCED,-44.7336
2024-08-15,UCO,ARCX:UCO,-4657000.0,31.05,0.027,-2788535000.0,0.0,-4657000.0,-0.6311,-33458000.0,39093000.0,BALANCED,-31.7767
2024-08-16,UCO,ARCX:UCO,-4491000.0,29.94,-0.0355,-2793026000.0,0.0,-4491000.0,-0.5931,-27426000.0,34602000.0,BALANCED,-32.8264
2024-08-19,UCO,ARCX:UCO,0.0,28.76,-0.0395,-2793026000.0,0.0,0.0,-0.1192,-27426000.0,34602000.0,BALANCED,-12.981
2024-08-20,UCO,ARCX:UCO,19804000.0,28.29,-0.0163,-2773222000.0,19804000.0,0.0,1.8417,76000.0,42258000.0,ACCUMULATION,58.0425
2024-08-21,UCO,ARCX:UCO,4121000.0,27.47,-0.029,-2769101000.0,4121000.0,0.0,0.1914,14777000.0,46379000.0,BALANCED,18.7847
2024-08-22,UCO,ARCX:UCO,28135000.0,28.14,0.0241,-2740966000.0,28135000.0,0.0,2.3334,47569000.0,74514000.0,ACCUMULATION,74.3356
2024-08-23,UCO,ARCX:UCO,0.0,29.34,0.0429,-2740966000.0,0.0,0.0,-0.3019,52060000.0,69934000.0,BALANCED,2.4533
2024-08-26,UCO,ARCX:UCO,4628000.0,30.85,0.0515,-2736338000.0,4628000.0,0.0,0.1495,56688000.0,71588000.0,BALANCED,15.7372
2024-08-27,UCO,ARCX:UCO,-32574000.0,29.61,-0.0402,-2768912000.0,0.0,-32574000.0,-2.7769,4310000.0,24451000.0,DISTRIBUTION,-61.4237
2024-08-28,UCO,ARCX:UCO,-4322000.0,28.81,-0.0271,-2773234000.0,0.0,-4322000.0,-0.4915,-4133000.0,2981000.0,BALANCED,-26.2866
2024-08-29,UCO,ARCX:UCO,0.0,29.71,0.0311,-2773234000.0,0.0,0.0,-0.1452,-32268000.0,19574000.0,BALANCED,-13.6311
2024-08-30,UCO,ARCX:UCO,-1414000.0,28.28,-0.0481,-2774648000.0,0.0,-1414000.0,-0.2545,-33682000.0,20957000.0,BALANCED,-18.3635
2024-09-03,UCO,ARCX:UCO,5218000.0,26.09,-0.0774,-2769430000.0,5218000.0,0.0,0.2622,-33092000.0,-3047000.0,BALANCED,-1.4459
2024-09-04,UCO,ARCX:UCO,45731000.0,25.41,-0.0262,-2723699000.0,45731000.0,0.0,2.8928,45213000.0,38516000.0,ACCUMULATION,86.3209
2024-09-05,UCO,ARCX:UCO,61342000.0,25.56,0.006,-2662357000.0,61342000.0,0.0,3.0955,110877000.0,88269000.0,ACCUMULATION,93.3865
2024-09-06,UCO,ARCX:UCO,-2455000.0,24.55,-0.0394,-2664812000.0,0.0,-2455000.0,-0.4109,108422000.0,90265000.0,BALANCED,-2.2726
2024-09-09,UCO,ARCX:UCO,44799000.0,24.89,0.0137,-2620013000.0,44799000.0,0.0,1.9619,154635000.0,145587000.0,ACCUMULATION,61.0468
2024-09-10,UCO,ARCX:UCO,47528000.0,23.18,-0.0685,-2572485000.0,47528000.0,0.0,1.8926,196945000.0,193115000.0,ACCUMULATION,61.3141
2024-09-11,UCO,ARCX:UCO,-2407000.0,24.07,0.0384,-2574892000.0,0.0,-2407000.0,-0.4612,148807000.0,198406000.0,BALANCED,-3.5307
2024-09-12,UCO,ARCX:UCO,-15023000.0,25.04,0.04,-2589915000.0,0.0,-15023000.0,-0.9966,72442000.0,193963000.0,BALANCED,-18.9146
2024-09-13,UCO,ARCX:UCO,-16031000.0,24.66,-0.015,-2605946000.0,0.0,-16031000.0,-1.0458,58866000.0,182589000.0,BALANCED,-22.1446
2024-09-16,UCO,ARCX:UCO,0.0,25.47,0.0325,-2605946000.0,0.0,0.0,-0.2975,14067000.0,187080000.0,BALANCED,2.5625
2024-09-17,UCO,ARCX:UCO,-6512000.0,26.05,0.0229,-2612458000.0,0.0,-6512000.0,-0.5565,-39973000.0,180568000.0,BALANCED,-25.9125
2024-09-18,UCO,ARCX:UCO,-11689000.0,25.98,-0.0028,-2624147000.0,0.0,-11689000.0,-0.7704,-49255000.0,149075000.0,BALANCED,-33.2606
2024-09-19,UCO,ARCX:UCO,-9327000.0,26.65,0.0258,-2633474000.0,0.0,-9327000.0,-0.6226,-43559000.0,135627000.0,BALANCED,-31.5656
2024-09-20,UCO,ARCX:UCO,-23899000.0,26.55,-0.0035,-2657373000.0,0.0,-23899000.0,-1.2454,-51427000.0,83593000.0,BALANCED,-49.1346
2024-09-23,UCO,ARCX:UCO,0.0,26.3,-0.0094,-2657373000.0,0.0,0.0,-0.1666,-51427000.0,83593000.0,BALANCED,-14.1639
2024-09-24,UCO,ARCX:UCO,-1358000.0,27.16,0.0326,-2658731000.0,0.0,-1358000.0,-0.2271,-46273000.0,77607000.0,BALANCED,-17.6766
2024-09-25,UCO,ARCX:UCO,-16988000.0,26.14,-0.0378,-2675719000.0,0.0,-16988000.0,-0.9242,-51572000.0,93193000.0,BALANCED,-37.1049
2024-09-26,UCO,ARCX:UCO,0.0,24.97,-0.0448,-2675719000.0,0.0,0.0,-0.1657,-42245000.0,97515000.0,BALANCED,-14.1431
2024-09-27,UCO,ARCX:UCO,40344000.0,25.21,0.01,-2635375000.0,40344000.0,0.0,1.5526,21998000.0,137859000.0,ACCUMULATION,50.8146
2024-09-30,UCO,ARCX:UCO,13946000.0,25.36,0.0056,-2621429000.0,13946000.0,0.0,0.3627,35944000.0,153219000.0,BALANCED,23.0685
2024-10-01,UCO,ARCX:UCO,-3954000.0,26.36,0.0395,-2625383000.0,0.0,-3954000.0,-0.4199,33348000.0,144047000.0,BALANCED,-2.4981
2024-10-02,UCO,ARCX:UCO,-9279000.0,26.51,0.0058,-2634662000.0,0.0,-9279000.0,-0.6118,41057000.0,89037000.0,BALANCED,-9.2947
2024-10-03,UCO,ARCX:UCO,0.0,28.76,0.0847,-2634662000.0,0.0,0.0,-0.1971,41057000.0,27695000.0,BALANCED,5.0716
2024-10-04,UCO,ARCX:UCO,-11496000.0,28.74,-0.0006,-2646158000.0,0.0,-11496000.0,-0.6526,-10783000.0,18654000.0,BALANCED,-28.3138
2024-10-07,UCO,ARCX:UCO,3075000.0,30.75,0.07,-2643083000.0,3075000.0,0.0,-0.0084,-21654000.0,-23070000.0,BALANCED,-8.2091
2024-10-08,UCO,ARCX:UCO,-12870000.0,28.6,-0.0699,-2655953000.0,0.0,-12870000.0,-0.6868,-30570000.0,-83468000.0,BALANCED,-29.169
2024-10-09,UCO,ARCX:UCO,-15472000.0,28.13,-0.0164,-2671425000.0,0.0,-15472000.0,-0.8538,-36763000.0,-96533000.0,BALANCED,-35.3447
2024-10-10,UCO,ARCX:UCO,0.0,29.7,0.0559,-2671425000.0,0.0,0.0,-0.155,-36763000.0,-81510000.0,BALANCED,-13.8757
2024-10-11,UCO,ARCX:UCO,-1482000.0,29.63,-0.0023,-2672907000.0,0.0,-1482000.0,-0.2204,-26749000.0,-66961000.0,BALANCED,-17.5094
2024-10-14,UCO,ARCX:UCO,0.0,28.7,-0.0315,-2672907000.0,0.0,0.0,-0.1549,-29824000.0,-66961000.0,BALANCED,-13.873
2024-10-15,UCO,ARCX:UCO,-7929000.0,26.43,-0.0791,-2680836000.0,0.0,-7929000.0,-0.495,-24883000.0,-68378000.0,BALANCED,-24.3748
2024-10-16,UCO,ARCX:UCO,31443000.0,26.2,-0.0086,-2649393000.0,31443000.0,0.0,1.3686,22032000.0,-25246000.0,BALANCED,46.2143
2024-10-17,UCO,ARCX:UCO,0.0,26.41,0.0078,-2649393000.0,0.0,0.0,-0.024,22032000.0,-15919000.0,BALANCED,9.4002
2024-10-18,UCO,ARCX:UCO,0.0,25.55,-0.0326,-2649393000.0,0.0,0.0,-0.0286,23514000.0,7980000.0,BALANCED,9.2862
2024-10-21,UCO,ARCX:UCO,23757000.0,26.4,0.0333,-2625636000.0,23757000.0,0.0,1.445,47271000.0,31737000.0,BALANCED,48.1257
2024-10-22,UCO,ARCX:UCO,-1378000.0,27.56,0.0442,-2627014000.0,0.0,-1378000.0,0.0316,53822000.0,31717000.0,BALANCED,8.7904
2024-10-23,UCO,ARCX:UCO,0.0,26.89,-0.0244,-2627014000.0,0.0,0.0,0.1249,22379000.0,48705000.0,BALANCED,13.1228
2024-10-24,UCO,ARCX:UCO,0.0,26.59,-0.0112,-2627014000.0,0.0,0.0,0.0904,22379000.0,48705000.0,BALANCED,12.2595
2024-10-25,UCO,ARCX:UCO,-1382000.0,27.63,0.0392,-2628396000.0,0.0,-1382000.0,-0.0473,20997000.0,6979000.0,BALANCED,6.8173
2024-10-28,UCO,ARCX:UCO,0.0,24.55,-0.1116,-2628396000.0,0.0,0.0,0.0559,-2760000.0,-6967000.0,BALANCED,-8.6033
2024-10-29,UCO,ARCX:UCO,37859000.0,24.43,-0.0049,-2590537000.0,37859000.0,0.0,2.4621,36477000.0,34846000.0,ACCUMULATION,73.5515
2024-10-30,UCO,ARCX:UCO,7603000.0,25.34,0.0375,-2582934000.0,7603000.0,0.0,0.4169,44080000.0,51728000.0,BALANCED,24.4217
2024-10-31,UCO,ARCX:UCO,-5145000.0,25.72,0.0151,-2588079000.0,0.0,-5145000.0,-0.4481,38935000.0,46583000.0,BALANCED,-3.2022
2024-11-01,UCO,ARCX:UCO,-9087000.0,25.96,0.0093,-2597166000.0,0.0,-9087000.0,-0.7803,31230000.0,48992000.0,BALANCED,-13.5071
2024-11-04,UCO,ARCX:UCO,0.0,27.18,0.0467,-2597166000.0,0.0,0.0,-0.1412,31230000.0,45917000.0,BALANCED,6.4711
2024-11-05,UCO,ARCX:UCO,-32983000.0,27.49,0.0114,-2630149000.0,0.0,-32983000.0,-2.1778,-39612000.0,25804000.0,DISTRIBUTION,-66.4445
2024-11-06,UCO,ARCX:UCO,-13656000.0,27.31,-0.0063,-2643805000.0,0.0,-13656000.0,-0.952,-60871000.0,27620000.0,BALANCED,-37.8002
2024-11-07,UCO,ARCX:UCO,0.0,27.86,0.0201,-2643805000.0,0.0,0.0,-0.0688,-55726000.0,27620000.0,BALANCED,-11.72
2024-11-08,UCO,ARCX:UCO,-20074000.0,26.77,-0.0393,-2663879000.0,0.0,-20074000.0,-1.3623,-66713000.0,9028000.0,BALANCED,-46.0564
2024-11-11,UCO,ARCX:UCO,0.0,25.36,-0.0524,-2663879000.0,0.0,0.0,0.1029,-66713000.0,9028000.0,BALANCED,-7.4284
2024-11-12,UCO,ARCX:UCO,0.0,25.33,-0.0012,-2663879000.0,0.0,0.0,0.0933,-33730000.0,16957000.0,BALANCED,-7.6669
2024-11-13,UCO,ARCX:UCO,3815000.0,25.44,0.0041,-2660064000.0,3815000.0,0.0,0.3404,-16259000.0,-10671000.0,BALANCED,0.5099
2024-11-14,UCO,ARCX:UCO,5113000.0,25.57,0.0051,-2654951000.0,5113000.0,0.0,0.4214,-11146000.0,-5558000.0,BALANCED,4.5354
2024-11-15,UCO,ARCX:UCO,-3680000.0,24.53,-0.0405,-2658631000.0,0.0,-3680000.0,-0.24,5248000.0,-9238000.0,BALANCED,1.9991
2024-11-18,UCO,ARCX:UCO,14362000.0,26.11,0.0645,-2644269000.0,14362000.0,0.0,1.0396,19610000.0,-18633000.0,BALANCED,37.9908
2024-11-19,UCO,ARCX:UCO,-15712000.0,26.19,0.0028,-2659981000.0,0.0,-15712000.0,-1.1165,3898000.0,-32967000.0,BALANCED,-19.9117
2024-11-20,UCO,ARCX:UCO,-5168000.0,25.84,-0.0133,-2665149000.0,0.0,-5168000.0,-0.3929,-5085000.0,-38135000.0,BALANCED,-23.8222
2024-11-21,UCO,ARCX:UCO,-6640000.0,26.56,0.028,-2671789000.0,0.0,-6640000.0,-0.4823,-16838000.0,-44775000.0,BALANCED,-28.0564
2024-11-22,UCO,ARCX:UCO,-2723000.0,27.23,0.025,-2674512000.0,0.0,-2723000.0,-0.1941,-15881000.0,-46116000.0,BALANCED,-22.8537
2024-11-25,UCO,ARCX:UCO,0.0,25.72,-0.0555,-2674512000.0,0.0,0.0,0.0039,-30243000.0,-46116000.0,BALANCED,-9.9027
2024-11-26,UCO,ARCX:UCO,-11551000.0,25.67,-0.0019,-2686063000.0,0.0,-11551000.0,-0.8222,-26082000.0,-95526000.0,BALANCED,-32.5549
2024-11-27,UCO,ARCX:UCO,-3830000.0,25.54,-0.0052,-2689893000.0,0.0,-3830000.0,-0.1985,-24744000.0,-106959000.0,BALANCED,-18.9636
2024-11-29,UCO,ARCX:UCO,10055000.0,25.14,-0.0155,-2679838000.0,10055000.0,0.0,0.8742,-8049000.0,-91759000.0,BALANCED,13.8561
2024-12-02,UCO,ARCX:UCO,0.0,25.22,0.0033,-2679838000.0,0.0,0.0,0.0801,-5326000.0,-82672000.0,BALANCED,-7.9963
2024-12-03,UCO,ARCX:UCO,0.0,26.36,0.0452,-2679838000.0,0.0,0.0,0.1535,-5326000.0,-82672000.0,BALANCED,-6.1627
2024-12-04,UCO,ARCX:UCO,-5081000.0,25.4,-0.0363,-2684919000.0,0.0,-5081000.0,-0.2673,1144000.0,-54770000.0,BALANCED,1.3164
2024-12-05,UCO,ARCX:UCO,0.0,25.26,-0.0055,-2684919000.0,0.0,0.0,0.1638,4974000.0,-41114000.0,BALANCED,14.0943
2024-12-06,UCO,ARCX:UCO,-3712000.0,24.75,-0.0203,-2688631000.0,0.0,-3712000.0,-0.1407,-8793000.0,-44826000.0,BALANCED,-15.5176
2024-12-09,UCO,ARCX:UCO,34433000.0,25.51,0.0306,-2654198000.0,34433000.0,0.0,2.6069,25640000.0,9681000.0,ACCUMULATION,77.1725
2024-12-10,UCO,ARCX:UCO,-15359000.0,25.6,0.0036,-2669557000.0,0.0,-15359000.0,-1.0141,10281000.0,-5678000.0,BALANCED,-17.3521
2024-12-11,UCO,ARCX:UCO,0.0,26.49,0.0349,-2669557000.0,0.0,0.0,0.2262,15362000.0,-5678000.0,BALANCED,15.6552
2024-12-12,UCO,ARCX:UCO,-19840000.0,26.45,-0.0014,-2689397000.0,0.0,-19840000.0,-1.3704,-4478000.0,-29333000.0,BALANCED,-46.2611
2024-12-13,UCO,ARCX:UCO,-9487000.0,27.11,0.0247,-2698884000.0,0.0,-9487000.0,-0.4855,-10253000.0,-43933000.0,BALANCED,-26.1366
2024-12-16,UCO,ARCX:UCO,0.0,26.73,-0.014,-2698884000.0,0.0,0.0,0.2847,-44686000.0,-40253000.0,BALANCED,-2.8815
2024-12-17,UCO,ARCX:UCO,-14448000.0,26.27,-0.0171,-2713332000.0,0.0,-14448000.0,-0.8771,-43775000.0,-69063000.0,BALANCED,-33.9287
2024-12-18,UCO,ARCX:UCO,-3957000.0,26.38,0.0041,-2717289000.0,0.0,-3957000.0,-0.0981,-47732000.0,-57308000.0,BALANCED,-16.4513
2024-12-19,UCO,ARCX:UCO,0.0,25.87,-0.0191,-2717289000.0,0.0,0.0,0.2322,-27892000.0,-52140000.0,BALANCED,-4.1948
2024-12-20,UCO,ARCX:UCO,-7781000.0,25.94,0.0024,-2725070000.0,0.0,-7781000.0,-0.4793,-26186000.0,-53281000.0,BALANCED,-23.9831
2024-12-23,UCO,ARCX:UCO,-9039000.0,25.83,-0.0042,-2734109000.0,0.0,-9039000.0,-0.6606,-35225000.0,-59597000.0,BALANCED,-30.5138
2024-12-24,UCO,ARCX:UCO,0.0,26.38,0.0215,-2734109000.0,0.0,0.0,0.2309,-20777000.0,-59597000.0,BALANCED,-4.2283
2024-12-26,UCO,ARCX:UCO,0.0,26.11,-0.0102,-2734109000.0,0.0,0.0,0.2309,-16820000.0,-48046000.0,BALANCED,-4.2283
2024-12-27,UCO,ARCX:UCO,-5341000.0,26.7,0.0227,-2739450000.0,0.0,-5341000.0,-0.2672,-22161000.0,-49557000.0,BALANCED,-18.6796
2024-12-30,UCO,ARCX:UCO,1348000.0,26.97,0.0099,-2738102000.0,1348000.0,0.0,0.4116,-13032000.0,-58264000.0,BALANCED,2.2897
2024-12-31,UCO,ARCX:UCO,-8245000.0,27.48,0.0191,-2746347000.0,0.0,-8245000.0,-0.529,-12238000.0,-66509000.0,BALANCED,-25.226
2025-01-02,UCO,ARCX:UCO,-2828000.0,28.28,0.0291,-2749175000.0,0.0,-2828000.0,0.0703,-15066000.0,-69337000.0,BALANCED,-12.2425
2025-01-03,UCO,ARCX:UCO,-20120000.0,28.74,0.0162,-2769295000.0,0.0,-20120000.0,-1.6915,-35186000.0,-84376000.0,DISTRIBUTION,-58.2864
2025-01-06,UCO,ARCX:UCO,-1432000.0,28.64,-0.0034,-2770727000.0,0.0,-1432000.0,0.2142,-31277000.0,-85808000.0,BALANCED,-12.645
2025-01-07,UCO,ARCX:UCO,-14517000.0,29.03,0.0136,-2785244000.0,0.0,-14517000.0,-1.0805,-47142000.0,-96613000.0,BALANCED,-47.0114
2025-01-08,UCO,ARCX:UCO,-5687000.0,28.44,-0.0206,-2790931000.0,0.0,-5687000.0,-0.1817,-44584000.0,-136733000.0,BALANCED,-26.5433
2025-01-10,UCO,ARCX:UCO,-12062000.0,30.15,0.0604,-2802993000.0,0.0,-12062000.0,-0.7763,-53818000.0,-133436000.0,BALANCED,-43.4077
2025-01-13,UCO,ARCX:UCO,-7577000.0,30.31,0.0051,-2810570000.0,0.0,-7577000.0,-0.3445,-41275000.0,-141013000.0,BALANCED,-34.6121
2025-01-14,UCO,ARCX:UCO,-25598000.0,30.12,-0.0064,-2836168000.0,0.0,-25598000.0,-1.9385,-65441000.0,-146771000.0,DISTRIBUTION,-76.4636
2025-01-15,UCO,ARCX:UCO,-62544000.0,31.27,0.0384,-2898712000.0,0.0,-62544000.0,-3.7662,-113468000.0,-199828000.0,DISTRIBUTION,-100.0
2025-01-16,UCO,ARCX:UCO,0.0,30.65,-0.02,-2898712000.0,0.0,0.0,0.4973,-107781000.0,-199828000.0,BALANCED,2.4335
2025-01-17,UCO,ARCX:UCO,-16754000.0,30.46,-0.006,-2915466000.0,0.0,-16754000.0,-0.6054,-112473000.0,-202134000.0,BALANCED,-27.1344
2025-01-21,UCO,ARCX:UCO,0.0,29.9,-0.0184,-2915466000.0,0.0,0.0,0.5205,-104896000.0,-198177000.0,BALANCED,3.0135
2025-01-22,UCO,ARCX:UCO,-7458000.0,29.83,-0.0023,-2922924000.0,0.0,-7458000.0,0.0324,-86756000.0,-205635000.0,BALANCED,-11.1909
2025-01-23,UCO,ARCX:UCO,-1474000.0,29.49,-0.0116,-2924398000.0,0.0,-1474000.0,0.4338,-25686000.0,-199328000.0,BALANCED,-3.156
2025-01-24,UCO,ARCX:UCO,-4402000.0,29.35,-0.0047,-2928800000.0,0.0,-4402000.0,0.3833,-30088000.0,-194691000.0,BALANCED,-6.418
2025-01-27,UCO,ARCX:UCO,-1413000.0,28.27,-0.0368,-2930213000.0,0.0,-1413000.0,0.5859,-14747000.0,-196104000.0,BALANCED,-3.3522
2025-01-28,UCO,ARCX:UCO,2839000.0,28.39,0.0043,-2927374000.0,2839000.0,0.0,0.9149,-11908000.0,-193265000.0,BALANCED,14.8722
2025-01-29,UCO,ARCX:UCO,0.0,27.79,-0.0209,-2927374000.0,0.0,0.0,0.6394,-4450000.0,-187924000.0,BALANCED,5.986
2025-01-30,UCO,ARCX:UCO,5600000.0,28.0,0.0074,-2921774000.0,5600000.0,0.0,1.0305,2624000.0,-183672000.0,BALANCED,37.7629
2025-01-31,UCO,ARCX:UCO,-2783000.0,27.83,-0.0059,-2924557000.0,0.0,-2783000.0,0.3762,4243000.0,-178210000.0,BALANCED,17.4055
2025-02-03,UCO,ARCX:UCO,-1399000.0,27.98,0.0054,-2925956000.0,0.0,-1399000.0,0.4523,4257000.0,-176781000.0,BALANCED,17.3087
2025-02-04,UCO,ARCX:UCO,-8470000.0,28.23,0.0089,-2934426000.0,0.0,-8470000.0,-0.0981,-7052000.0,-165131000.0,BALANCED,-18.4517
2025-02-05,UCO,ARCX:UCO,0.0,27.14,-0.0387,-2934426000.0,0.0,0.0,0.5761,-7052000.0,-163699000.0,BALANCED,4.4024
2025-02-06,UCO,ARCX:UCO,10825000.0,27.06,-0.0029,-2923601000.0,10825000.0,0.0,1.343,-1827000.0,-138357000.0,BALANCED,25.5746
2025-02-07,UCO,ARCX:UCO,0.0,27.34,0.0101,-2923601000.0,0.0,0.0,0.4846,956000.0,-132670000.0,BALANCED,22.1146
2025-02-10,UCO,ARCX:UCO,5642000.0,28.21,0.032,-2917959000.0,5642000.0,0.0,0.8938,7997000.0,-114966000.0,BALANCED,34.3448
2025-02-11,UCO,ARCX:UCO,0.0,29.1,0.0314,-2917959000.0,0.0,0.0,0.4654,16467000.0,-107389000.0,BALANCED,21.634
2025-02-12,UCO,ARCX:UCO,-1391000.0,27.81,-0.0441,-2919350000.0,0.0,-1391000.0,0.349,15076000.0,-83182000.0,BALANCED,16.7249
2025-02-13,UCO,ARCX:UCO,0.0,27.7,-0.004,-2919350000.0,0.0,0.0,0.4586,4251000.0,-20638000.0,BALANCED,21.4657
2025-02-14,UCO,ARCX:UCO,0.0,27.55,-0.0055,-2919350000.0,0.0,0.0,0.4365,4251000.0,-20638000.0,BALANCED,20.9123
2025-02-18,UCO,ARCX:UCO,12694000.0,28.21,0.0239,-2906656000.0,12694000.0,0.0,1.3166,11303000.0,8810000.0,BALANCED,44.9162
2025-02-19,UCO,ARCX:UCO,-5684000.0,28.42,0.0075,-2912340000.0,0.0,-5684000.0,-0.0687,5619000.0,3126000.0,BALANCED,6.2832
2025-02-20,UCO,ARCX:UCO,0.0,28.77,0.0124,-2912340000.0,0.0,0.0,0.3535,7010000.0,10584000.0,BALANCED,18.8387
2025-02-21,UCO,ARCX:UCO,-13605000.0,27.21,-0.0543,-2925945000.0,0.0,-13605000.0,-0.6688,-6595000.0,-1547000.0,BALANCED,-28.7204
2025-02-24,UCO,ARCX:UCO,4102000.0,27.35,0.005,-2921843000.0,4102000.0,0.0,0.6307,-2493000.0,6957000.0,BALANCED,7.7664
2025-02-25,UCO,ARCX:UCO,3902000.0,26.01,-0.0487,-2917941000.0,3902000.0,0.0,0.5761,-11285000.0,12272000.0,BALANCED,8.4021
2025-02-26,UCO,ARCX:UCO,7698000.0,25.66,-0.0137,-2910243000.0,7698000.0,0.0,0.8123,2097000.0,17131000.0,BALANCED,36.3083
2025-02-27,UCO,ARCX:UCO,4013000.0,26.75,0.0426,-2906230000.0,4013000.0,0.0,0.4901,6110000.0,21144000.0,BALANCED,30.2526
2025-02-28,UCO,ARCX:UCO,0.0,26.26,-0.0183,-2906230000.0,0.0,0.0,0.0404,19715000.0,15544000.0,BALANCED,11.01
2025-03-03,UCO,ARCX:UCO,5089000.0,25.44,-0.0312,-2901141000.0,5089000.0,0.0,0.8234,20702000.0,23416000.0,BALANCED,32.5845
2025-03-04,UCO,ARCX:UCO,5028000.0,25.14,-0.0119,-2896113000.0,5028000.0,0.0,0.7976,21828000.0,29843000.0,BALANCED,33.9407
2025-03-05,UCO,ARCX:UCO,5996000.0,23.98,-0.046,-2890117000.0,5996000.0,0.0,0.9233,20126000.0,44309000.0,BALANCED,39.082
2025-03-06,UCO,ARCX:UCO,38323000.0,23.95,-0.0014,-2851794000.0,38323000.0,0.0,4.1576,54436000.0,82632000.0,ACCUMULATION,100.0
2025-03-07,UCO,ARCX:UCO,4899000.0,24.5,0.0227,-2846895000.0,4899000.0,0.0,0.2684,59335000.0,76706000.0,BALANCED,26.7097
2025-03-10,UCO,ARCX:UCO,13016000.0,23.67,-0.0339,-2833879000.0,13016000.0,0.0,1.1289,67262000.0,89722000.0,BALANCED,50.2228
2025-03-11,UCO,ARCX:UCO,3571000.0,23.8,0.0059,-2830308000.0,3571000.0,0.0,0.0277,65805000.0,87651000.0,BALANCED,24.6933
2025-03-12,UCO,ARCX:UCO,0.0,24.77,0.0406,-2830308000.0,0.0,0.0,-0.3717,59809000.0,87651000.0,BALANCED,0.708
2025-03-13,UCO,ARCX:UCO,0.0,24.09,-0.0275,-2830308000.0,0.0,0.0,-0.3717,21486000.0,89042000.0,BALANCED,0.708
2025-03-14,UCO,ARCX:UCO,-2450000.0,24.5,0.0169,-2832758000.0,0.0,-2450000.0,-0.6188,14137000.0,86592000.0,BALANCED,-7.4712
2025-03-17,UCO,ARCX:UCO,0.0,24.88,0.0155,-2832758000.0,0.0,0.0,-0.3515,1121000.0,86592000.0,BALANCED,1.2123
2025-03-18,UCO,ARCX:UCO,4919000.0,24.59,-0.0114,-2827839000.0,4919000.0,0.0,0.1901,2469000.0,78817000.0,BALANCED,16.7533
2025-03-19,UCO,ARCX:UCO,0.0,24.66,0.0026,-2827839000.0,0.0,0.0,-0.4225,2469000.0,84501000.0,BALANCED,-0.5635
2025-03-20,UCO,ARCX:UCO,0.0,25.34,0.0276,-2827839000.0,0.0,0.0,-0.4225,2469000.0,84501000.0,BALANCED,-0.5635
2025-03-21,UCO,ARCX:UCO,0.0,25.39,0.0019,-2827839000.0,0.0,0.0,-0.3838,4919000.0,98106000.0,BALANCED,0.4055
2025-03-24,UCO,ARCX:UCO,0.0,25.85,0.0183,-2827839000.0,0.0,0.0,-0.3838,4919000.0,94004000.0,BALANCED,0.4055
2025-03-25,UCO,ARCX:UCO,2584000.0,25.84,-0.0003,-2825255000.0,2584000.0,0.0,-0.0609,2584000.0,92686000.0,BALANCED,10.4764
2025-03-26,UCO,ARCX:UCO,-20973000.0,26.22,0.0145,-2846228000.0,0.0,-20973000.0,-2.4891,-18389000.0,64015000.0,DISTRIBUTION,-74.2279
2025-03-27,UCO,ARCX:UCO,0.0,26.45,0.0089,-2846228000.0,0.0,0.0,-0.2601,-18389000.0,60002000.0,BALANCED,-16.5028
2025-03-28,UCO,ARCX:UCO,-9067000.0,25.91,-0.0205,-2855295000.0,0.0,-9067000.0,-1.1674,-27456000.0,50935000.0,BALANCED,-41.1862
2025-03-31,UCO,ARCX:UCO,0.0,27.13,0.0471,-2855295000.0,0.0,0.0,-0.2225,-27456000.0,45846000.0,BALANCED,-15.563
2025-04-01,UCO,ARCX:UCO,-5427000.0,27.14,0.0004,-2860722000.0,0.0,-5427000.0,-0.7342,-35467000.0,35391000.0,BALANCED,-30.3544
2025-04-02,UCO,ARCX:UCO,0.0,27.38,0.0091,-2860722000.0,0.0,0.0,-0.1833,-14494000.0,29395000.0,BALANCED,-14.5836
2025-04-03,UCO,ARCX:UCO,4829000.0,24.14,-0.1183,-2855893000.0,4829000.0,0.0,0.3137,-9665000.0,-4099000.0,BALANCED,-0.1573
2025-04-04,UCO,ARCX:UCO,7411000.0,21.17,-0.123,-2848482000.0,7411000.0,0.0,0.538,6813000.0,-1587000.0,BALANCED,27.4509
2025-04-07,UCO,ARCX:UCO,24929000.0,20.77,-0.0189,-2823553000.0,24929000.0,0.0,2.1963,31742000.0,10326000.0,ACCUMULATION,70.9076
2025-04-08,UCO,ARCX:UCO,4923000.0,19.69,-0.052,-2818630000.0,4923000.0,0.0,0.1635,42092000.0,11678000.0,BALANCED,22.0877
2025-04-09,UCO,ARCX:UCO,9521000.0,21.16,0.0744,-2809109000.0,9521000.0,0.0,0.6214,51613000.0,21199000.0,BALANCED,35.5359
2025-04-10,UCO,ARCX:UCO,-2002000.0,20.02,-0.0538,-2811111000.0,0.0,-2002000.0,-0.5202,44782000.0,19197000.0,BALANCED,-5.005
2025-04-11,UCO,ARCX:UCO,-2054000.0,20.54,0.0259,-2813165000.0,0.0,-2054000.0,-0.517,35317000.0,19593000.0,BALANCED,-6.9251
2025-04-14,UCO,ARCX:UCO,3125000.0,20.83,0.0144,-2810040000.0,3125000.0,0.0,0.0089,13513000.0,22718000.0,BALANCED,12.2215
2025-04-15,UCO,ARCX:UCO,0.0,20.52,-0.0149,-2810040000.0,0.0,0.0,-0.2877,8590000.0,17799000.0,BALANCED,2.8084
2025-04-16,UCO,ARCX:UCO,0.0,21.04,0.0252,-2810040000.0,0.0,0.0,-0.2678,-931000.0,17799000.0,BALANCED,-16.6938
2025-04-17,UCO,ARCX:UCO,-4468000.0,22.34,0.0619,-2814508000.0,0.0,-4468000.0,-0.7687,-3397000.0,13331000.0,BALANCED,-31.2166
2025-04-21,UCO,ARCX:UCO,0.0,21.21,-0.0506,-2814508000.0,0.0,0.0,-0.1459,-1343000.0,13331000.0,BALANCED,-13.6471
2025-04-22,UCO,ARCX:UCO,-6608000.0,22.03,0.0384,-2821116000.0,0.0,-6608000.0,-0.9806,-11076000.0,6723000.0,BALANCED,-36.515
2025-04-23,UCO,ARCX:UCO,-5325000.0,21.3,-0.033,-2826441000.0,0.0,-5325000.0,-0.7552,-16401000.0,-1186000.0,BALANCED,-32.8801
2025-04-24,UCO,ARCX:UCO,6507000.0,21.69,0.0184,-2819934000.0,6507000.0,0.0,0.8423,-9894000.0,26294000.0,BALANCED,13.0571
2025-04-25,UCO,ARCX:UCO,0.0,21.84,0.0067,-2819934000.0,0.0,0.0,-0.0473,-5426000.0,26294000.0,BALANCED,-11.1818
2025-04-28,UCO,ARCX:UCO,0.0,21.31,-0.024,-2819934000.0,0.0,0.0,-0.0586,-5426000.0,35361000.0,BALANCED,-11.4647
2025-04-29,UCO,ARCX:UCO,2049000.0,20.49,-0.0387,-2817885000.0,2049000.0,0.0,0.2127,3231000.0,37410000.0,BALANCED,17.3181
2025-04-30,UCO,ARCX:UCO,5699000.0,19.0,-0.0728,-2812186000.0,5699000.0,0.0,0.7073,14255000.0,48536000.0,BALANCED,31.6834
2025-05-01,UCO,ARCX:UCO,22566000.0,19.62,0.033,-2789620000.0,22566000.0,0.0,2.5497,30314000.0,71102000.0,ACCUMULATION,79.7428
2025-05-02,UCO,ARCX:UCO,9630000.0,19.26,-0.0185,-2779990000.0,9630000.0,0.0,0.9471,39944000.0,75903000.0,BALANCED,41.6767
2025-05-05,UCO,ARCX:UCO,20598000.0,18.73,-0.0278,-2759392000.0,20598000.0,0.0,2.0002,60542000.0,89090000.0,ACCUMULATION,70.0047
2025-05-06,UCO,ARCX:UCO,-4962000.0,19.85,0.06,-2764354000.0,0.0,-4962000.0,-0.7657,53531000.0,59199000.0,BALANCED,-11.1418
2025-05-07,UCO,ARCX:UCO,-13436000.0,19.19,-0.033,-2777790000.0,0.0,-13436000.0,-1.5532,34396000.0,40840000.0,DISTRIBUTION,-32.8293
2025-05-08,UCO,ARCX:UCO,0.0,20.18,0.0512,-2777790000.0,0.0,0.0,-0.2625,11830000.0,31319000.0,BALANCED,3.4379
2025-05-09,UCO,ARCX:UCO,-1034000.0,20.69,0.0252,-2778824000.0,0.0,-1034000.0,-0.377,1166000.0,32287000.0,BALANCED,-1.4249
2025-05-12,UCO,ARCX:UCO,0.0,21.43,0.0361,-2778824000.0,0.0,0.0,-0.3017,-19432000.0,34341000.0,BALANCED,-17.5417
2025-05-13,UCO,ARCX:UCO,-22378000.0,22.38,0.0442,-2801202000.0,0.0,-22378000.0,-2.5207,-36848000.0,8838000.0,DISTRIBUTION,-75.0178
2025-05-14,UCO,ARCX:UCO,-6595000.0,21.98,-0.0177,-2807797000.0,0.0,-6595000.0,-0.8684,-30007000.0,2243000.0,BALANCED,-35.7107
2025-05-15,UCO,ARCX:UCO,-2110000.0,21.1,-0.0404,-2809907000.0,0.0,-2110000.0,-0.3943,-32117000.0,133000.0,BALANCED,-25.8579
2025-05-16,UCO,ARCX:UCO,-3214000.0,21.43,0.0157,-2813121000.0,0.0,-3214000.0,-0.4799,-34297000.0,1387000.0,BALANCED,-29.9973
2025-05-19,UCO,ARCX:UCO,0.0,21.38,-0.0022,-2813121000.0,0.0,0.0,-0.1227,-34297000.0,1387000.0,BALANCED,-13.0681
2025-05-20,UCO,ARCX:UCO,-5366000.0,21.47,0.004,-2818487000.0,0.0,-5366000.0,-0.6468,-17285000.0,2629000.0,BALANCED,-28.171
2025-05-21,UCO,ARCX:UCO,-3186000.0,21.24,-0.0105,-2821673000.0,0.0,-3186000.0,-0.3616,-13876000.0,4768000.0,BALANCED,-23.0409
2025-05-22,UCO,ARCX:UCO,0.0,20.97,-0.0129,-2821673000.0,0.0,0.0,0.0503,-11766000.0,-1739000.0,BALANCED,-8.7437
2025-05-23,UCO,ARCX:UCO,0.0,21.13,0.0079,-2821673000.0,0.0,0.0,0.0423,-8552000.0,-1739000.0,BALANCED,-8.9432
2025-05-27,UCO,ARCX:UCO,0.0,20.77,-0.0172,-2821673000.0,0.0,0.0,0.0341,-8552000.0,-1739000.0,BALANCED,-9.1481
2025-05-28,UCO,ARCX:UCO,0.0,21.23,0.0223,-2821673000.0,0.0,0.0,0.0467,-3186000.0,-3788000.0,BALANCED,-8.8318
2025-05-29,UCO,ARCX:UCO,0.0,20.51,-0.0339,-2821673000.0,0.0,0.0,0.0467,0.0,-9487000.0,BALANCED,1.1682
2025-05-30,UCO,ARCX:UCO,-2017000.0,20.17,-0.0166,-2823690000.0,0.0,-2017000.0,-0.1881,-2017000.0,-34070000.0,BALANCED,-16.7031
2025-06-02,UCO,ARCX:UCO,14826000.0,21.18,0.0501,-2808864000.0,14826000.0,0.0,1.679,12809000.0,-28874000.0,ACCUMULATION,53.974
2025-06-03,UCO,ARCX:UCO,-20775000.0,21.87,0.0325,-2829639000.0,0.0,-20775000.0,-2.1288,-7966000.0,-70247000.0,DISTRIBUTION,-65.221
2025-06-04,UCO,ARCX:UCO,0.0,21.43,-0.02,-2829639000.0,0.0,0.0,0.0301,-7966000.0,-65285000.0,BALANCED,-9.2486
2025-06-05,UCO,ARCX:UCO,0.0,21.79,0.0168,-2829639000.0,0.0,0.0,0.0113,-7966000.0,-51849000.0,BALANCED,-9.7166
2025-06-06,UCO,ARCX:UCO,-1119000.0,22.38,0.0269,-2830758000.0,0.0,-1119000.0,-0.0813,-7068000.0,-52968000.0,BALANCED,-14.0334
2025-06-09,UCO,ARCX:UCO,0.0,22.68,0.0133,-2830758000.0,0.0,0.0,0.0387,-21894000.0,-51934000.0,BALANCED,-9.0324
2025-06-10,UCO,ARCX:UCO,-9004000.0,22.51,-0.0073,-2839762000.0,0.0,-9004000.0,-0.8825,-10123000.0,-60938000.0,BALANCED,-34.0629
2025-06-11,UCO,ARCX:UCO,0.0,24.13,0.0719,-2839762000.0,0.0,0.0,0.0772,-10123000.0,-38560000.0,BALANCED,-8.0689
2025-06-12,UCO,ARCX:UCO,0.0,23.89,-0.01,-2839762000.0,0.0,0.0,0.0982,-10123000.0,-31965000.0,BALANCED,-7.5459
2025-06-13,UCO,ARCX:UCO,-5228000.0,26.14,0.0943,-2844990000.0,0.0,-5228000.0,-0.4089,-14232000.0,-35083000.0,BALANCED,-22.2227
2025-06-16,UCO,ARCX:UCO,9093000.0,25.98,-0.0061,-2835897000.0,9093000.0,0.0,1.3286,-5139000.0,-22776000.0,BALANCED,25.216
2025-06-17,UCO,ARCX:UCO,4152000.0,27.68,0.0655,-2831745000.0,4152000.0,0.0,0.9142,8017000.0,-18624000.0,BALANCED,36.8562
2025-06-18,UCO,ARCX:UCO,-9703000.0,27.72,0.0015,-2841448000.0,0.0,-9703000.0,-0.9786,-1686000.0,-22961000.0,BALANCED,-36.4662
2025-06-20,UCO,ARCX:UCO,-6959000.0,27.83,0.004,-2848407000.0,0.0,-6959000.0,-0.6534,-8645000.0,-26734000.0,BALANCED,-30.3352
2025-06-23,UCO,ARCX:UCO,0.0,25.05,-0.1001,-2848407000.0,0.0,0.0,0.334,-3417000.0,-26734000.0,BALANCED,-1.6502
2025-06-24,UCO,ARCX:UCO,16730000.0,22.31,-0.1095,-2831677000.0,16730000.0,0.0,2.3521,4220000.0,-10004000.0,ACCUMULATION,70.803
2025-06-25,UCO,ARCX:UCO,3336000.0,22.24,-0.003,-2828341000.0,3336000.0,0.0,0.6303,3404000.0,-6668000.0,BALANCED,29.7584
2025-06-26,UCO,ARCX:UCO,3378000.0,22.52,0.0126,-2824963000.0,3378000.0,0.0,0.6027,16485000.0,-3290000.0,BALANCED,31.0664
2025-06-27,UCO,ARCX:UCO,-2258000.0,22.58,0.0027,-2827221000.0,0.0,-2258000.0,-0.2355,21186000.0,-5548000.0,BALANCED,2.1125
2025-06-30,UCO,ARCX:UCO,19120000.0,22.49,-0.0039,-2808101000.0,19120000.0,0.0,2.4678,40306000.0,15589000.0,ACCUMULATION,73.6945
2025-07-01,UCO,ARCX:UCO,-2268000.0,22.68,0.0084,-2810369000.0,0.0,-2268000.0,-0.306,21308000.0,-1505000.0,BALANCED,0.35
2025-07-02,UCO,ARCX:UCO,-3545000.0,23.63,0.0419,-2813914000.0,0.0,-3545000.0,-0.4546,14427000.0,15725000.0,BALANCED,-5.3647
2025-07-03,UCO,ARCX:UCO,-1173000.0,23.45,-0.0076,-2815087000.0,0.0,-1173000.0,-0.1675,9876000.0,14552000.0,BALANCED,-0.1884
2025-07-07,UCO,ARCX:UCO,0.0,23.96,0.0218,-2815087000.0,0.0,0.0,-0.0287,12134000.0,14552000.0,BALANCED,9.2828
2025-07-08,UCO,ARCX:UCO,-15837000.0,24.36,0.0167,-2830924000.0,0.0,-15837000.0,-1.8948,-22823000.0,-166000.0,DISTRIBUTION,-59.3698
2025-07-09,UCO,ARCX:UCO,-10917000.0,24.26,-0.0043,-2841841000.0,0.0,-10917000.0,-1.2166,-31472000.0,-11083000.0,BALANCED,-44.4159
2025-07-10,UCO,ARCX:UCO,0.0,23.43,-0.0344,-2841841000.0,0.0,0.0,0.0798,-27927000.0,-2079000.0,BALANCED,-8.0041
2025-07-11,UCO,ARCX:UCO,-2442000.0,24.42,0.0424,-2844283000.0,0.0,-2442000.0,-0.2004,-29196000.0,-4521000.0,BALANCED,-17.0095
2025-07-14,UCO,ARCX:UCO,-4782000.0,23.91,-0.0209,-2849065000.0,0.0,-4782000.0,-0.4575,-33978000.0,-9303000.0,BALANCED,-25.4384
2025-07-15,UCO,ARCX:UCO,-2362000.0,23.62,-0.0121,-2851427000.0,0.0,-2362000.0,-0.17,-20503000.0,-6437000.0,BALANCED,-20.2488
2025-07-16,UCO,ARCX:UCO,0.0,23.49,-0.0056,-2851427000.0,0.0,0.0,0.1791,-9586000.0,-15530000.0,BALANCED,-5.5227
2025-07-17,UCO,ARCX:UCO,0.0,24.09,0.0258,-2851427000.0,0.0,0.0,0.1033,-9586000.0,-19682000.0,BALANCED,-7.417
2025-07-18,UCO,ARCX:UCO,0.0,24.07,-0.0008,-2851427000.0,0.0,0.0,0.1033,-7144000.0,-9979000.0,BALANCED,-7.417
2025-07-21,UCO,ARCX:UCO,-2410000.0,24.1,0.001,-2853837000.0,0.0,-2410000.0,-0.2279,-4772000.0,-5430000.0,BALANCED,-17.6984
2025-07-22,UCO,ARCX:UCO,-7123000.0,23.74,-0.0147,-2860960000.0,0.0,-7123000.0,-0.858,-9533000.0,-12553000.0,BALANCED,-35.4502
2025-07-23,UCO,ARCX:UCO,0.0,23.81,0.0026,-2860960000.0,0.0,0.0,0.1412,-9533000.0,-29283000.0,BALANCED,-6.4693
2025-07-24,UCO,ARCX:UCO,0.0,24.16,0.015,-2860960000.0,0.0,0.0,0.1014,-9533000.0,-32619000.0,BALANCED,-7.4648
2025-07-25,UCO,ARCX:UCO,-2364000.0,23.64,-0.0217,-2863324000.0,0.0,-2364000.0,-0.2264,-11897000.0,-38361000.0,BALANCED,-17.6597
2025-07-28,UCO,ARCX:UCO,0.0,24.71,0.0454,-2863324000.0,0.0,0.0,0.1126,-9487000.0,-36103000.0,BALANCED,-7.1841
2025-07-29,UCO,ARCX:UCO,-7868000.0,26.23,0.0613,-2871192000.0,0.0,-7868000.0,-0.9925,-10232000.0,-63091000.0,BALANCED,-36.8132
2025-07-30,UCO,ARCX:UCO,-3981000.0,26.54,0.0119,-2875173000.0,0.0,-3981000.0,-0.3923,-14213000.0,-64804000.0,BALANCED,-23.8085
2025-07-31,UCO,ARCX:UCO,-15586000.0,25.98,-0.0212,-2890759000.0,0.0,-15586000.0,-1.8899,-29799000.0,-76845000.0,DISTRIBUTION,-63.248
2025-08-01,UCO,ARCX:UCO,-9782000.0,24.46,-0.0585,-2900541000.0,0.0,-9782000.0,-1.0837,-37217000.0,-85454000.0,BALANCED,-45.0919
2025-08-04,UCO,ARCX:UCO,-2402000.0,24.02,-0.0176,-2902943000.0,0.0,-2402000.0,-0.0817,-39619000.0,-87856000.0,BALANCED,-22.043
2025-08-05,UCO,ARCX:UCO,0.0,23.33,-0.0289,-2902943000.0,0.0,0.0,0.2543,-31751000.0,-72019000.0,BALANCED,-3.642
2025-08-06,UCO,ARCX:UCO,0.0,22.85,-0.0205,-2902943000.0,0.0,0.0,0.3803,-27770000.0,-61102000.0,BALANCED,-0.4931
2025-08-07,UCO,ARCX:UCO,0.0,22.72,-0.0058,-2902943000.0,0.0,0.0,0.403,-12184000.0,-61102000.0,BALANCED,0.0744
2025-08-08,UCO,ARCX:UCO,1131000.0,22.63,-0.0041,-2901812000.0,1131000.0,0.0,0.6043,-1271000.0,-57529000.0,BALANCED,7.1075
2025-08-11,UCO,ARCX:UCO,27311000.0,22.76,0.0058,-2874501000.0,27311000.0,0.0,3.5264,28442000.0,-25436000.0,ACCUMULATION,100.0
2025-08-12,UCO,ARCX:UCO,0.0,22.46,-0.0133,-2874501000.0,0.0,0.0,0.3069,28442000.0,-23074000.0,BALANCED,17.6735
2025-08-13,UCO,ARCX:UCO,2211000.0,22.11,-0.0152,-2872290000.0,2211000.0,0.0,0.5892,30653000.0,-20863000.0,BALANCED,26.7292
2025-08-14,UCO,ARCX:UCO,17003000.0,22.67,0.0252,-2855287000.0,17003000.0,0.0,2.2866,47656000.0,-3860000.0,ACCUMULATION,71.1653
2025-08-15,UCO,ARCX:UCO,0.0,22.09,-0.0257,-2855287000.0,0.0,0.0,0.1666,46525000.0,-3860000.0,BALANCED,14.1652
2025-08-18,UCO,ARCX:UCO,0.0,22.53,0.0201,-2855287000.0,0.0,0.0,0.1666,19214000.0,-1450000.0,BALANCED,14.1652
2025-08-19,UCO,ARCX:UCO,-3302000.0,22.01,-0.0232,-2858589000.0,0.0,-3302000.0,-0.3141,15912000.0,2371000.0,BALANCED,0.1466
2025-08-20,UCO,ARCX:UCO,0.0,22.69,0.0307,-2858589000.0,0.0,0.0,0.0761,13701000.0,2371000.0,BALANCED,11.9021
2025-08-21,UCO,ARCX:UCO,0.0,23.21,0.0232,-2858589000.0,0.0,0.0,0.0761,-3302000.0,2371000.0,BALANCED,-8.0979
2025-08-22,UCO,ARCX:UCO,-1165000.0,23.29,0.0034,-2859754000.0,0.0,-1165000.0,-0.0886,-4467000.0,3570000.0,BALANCED,-14.2145
2025-08-25,UCO,ARCX:UCO,0.0,24.01,0.0309,-2859754000.0,0.0,0.0,0.0489,-4467000.0,3570000.0,BALANCED,-8.7774
2025-08-26,UCO,ARCX:UCO,-18357000.0,22.95,-0.0443,-2878111000.0,0.0,-18357000.0,-2.1864,-19522000.0,-6919000.0,DISTRIBUTION,-66.6607
2025-08-27,UCO,ARCX:UCO,0.0,23.4,0.0196,-2878111000.0,0.0,0.0,0.1113,-19522000.0,-2938000.0,BALANCED,-7.2166
2025-08-28,UCO,ARCX:UCO,0.0,23.75,0.015,-2878111000.0,0.0,0.0,0.1113,-19522000.0,12648000.0,BALANCED,-7.2166
2025-08-29,UCO,ARCX:UCO,-1165000.0,23.3,-0.0189,-2879276000.0,0.0,-1165000.0,-0.0296,-19522000.0,21265000.0,BALANCED,-12.7409
2025-09-02,UCO,ARCX:UCO,-3673000.0,24.49,0.0511,-2882949000.0,0.0,-3673000.0,-0.3379,-23195000.0,19994000.0,BALANCED,-22.4469
2025-09-03,UCO,ARCX:UCO,-2349000.0,23.49,-0.0409,-2885298000.0,0.0,-2349000.0,-0.1942,-7187000.0,17645000.0,BALANCED,-20.8544
2025-09-04,UCO,ARCX:UCO,-6914000.0,23.05,-0.0187,-2892212000.0,0.0,-6914000.0,-0.7345,-14101000.0,10731000.0,BALANCED,-36.362
2025-09-05,UCO,ARCX:UCO,0.0,22.14,-0.0395,-2892212000.0,0.0,0.0,0.1303,-14101000.0,10731000.0,BALANCED,-6.7426
2025-09-08,UCO,ARCX:UCO,17999000.0,22.5,0.0164,-2874213000.0,17999000.0,0.0,2.1078,5063000.0,27599000.0,ACCUMULATION,64.6958
2025-09-09,UCO,ARCX:UCO,-4551000.0,22.76,0.0114,-2878764000.0,0.0,-4551000.0,-0.4616,4185000.0,-4263000.0,BALANCED,-3.5399
2025-09-10,UCO,ARCX:UCO,1169000.0,23.38,0.0274,-2877595000.0,1169000.0,0.0,0.1601,7703000.0,-3094000.0,BALANCED,16.0014
2025-09-11,UCO,ARCX:UCO,-11285000.0,22.57,-0.0346,-2888880000.0,0.0,-11285000.0,-1.2239,3332000.0,-16590000.0,BALANCED,-22.5964
2025-09-12,UCO,ARCX:UCO,0.0,22.82,0.0111,-2888880000.0,0.0,0.0,-0.0075,3332000.0,-33593000.0,BALANCED,9.813
2025-09-15,UCO,ARCX:UCO,4631000.0,23.16,0.0147,-2884249000.0,4631000.0,0.0,0.4985,-10036000.0,-28962000.0,BALANCED,4.462
2025-09-16,UCO,ARCX:UCO,-2381000.0,23.81,0.0281,-2886630000.0,0.0,-2381000.0,-0.3567,-7866000.0,-31343000.0,BALANCED,-20.9164
2025-09-17,UCO,ARCX:UCO,0.0,23.37,-0.0185,-2886630000.0,0.0,0.0,-0.0663,-9035000.0,-28041000.0,BALANCED,-11.6577
2025-09-18,UCO,ARCX:UCO,-2305000.0,23.05,-0.0137,-2888935000.0,0.0,-2305000.0,-0.3374,-55000.0,-30346000.0,BALANCED,-20.434
2025-09-19,UCO,ARCX:UCO,0.0,22.47,-0.0249,-2888935000.0,0.0,0.0,-0.0568,-55000.0,-30346000.0,BALANCED,-11.4207
2025-09-22,UCO,ARCX:UCO,10120000.0,22.49,0.0008,-2878815000.0,10120000.0,0.0,1.1131,5434000.0,-19061000.0,BALANCED,39.8263
2025-09-23,UCO,ARCX:UCO,3461000.0,23.07,0.026,-2875354000.0,3461000.0,0.0,0.515,11276000.0,-15600000.0,BALANCED,26.8739
2025-09-24,UCO,ARCX:UCO,-2381000.0,23.81,0.0318,-2877735000.0,0.0,-2381000.0,-0.3348,8895000.0,376000.0,BALANCED,-0.3699
2025-09-25,UCO,ARCX:UCO,0.0,23.86,0.0021,-2877735000.0,0.0,0.0,0.0268,11200000.0,376000.0,BALANCED,10.6697
2025-09-26,UCO,ARCX:UCO,-3653000.0,24.35,0.0207,-2881388000.0,0.0,-3653000.0,-0.4661,7547000.0,-3277000.0,BALANCED,-3.652
2025-09-29,UCO,ARCX:UCO,0.0,23.05,-0.0536,-2881388000.0,0.0,0.0,0.1457,-2573000.0,-2112000.0,BALANCED,-6.3572
2025-09-30,UCO,ARCX:UCO,-5595000.0,22.38,-0.0289,-2886983000.0,0.0,-5595000.0,-0.7527,-11629000.0,-4034000.0,BALANCED,-30.8163
2025-10-01,UCO,ARCX:UCO,7726000.0,22.07,-0.0137,-2879257000.0,7726000.0,0.0,1.3526,-1522000.0,6041000.0,BALANCED,25.8141
2025-10-02,UCO,ARCX:UCO,7487000.0,21.39,-0.031,-2871770000.0,7487000.0,0.0,1.2389,5965000.0,20442000.0,BALANCED,44.9734
2025-10-03,UCO,ARCX:UCO,5397000.0,21.59,0.0092,-2866373000.0,5397000.0,0.0,0.8721,15015000.0,25839000.0,BALANCED,37.8034
2025-10-06,UCO,ARCX:UCO,24325000.0,22.11,0.0243,-2842048000.0,24325000.0,0.0,3.0111,39340000.0,32165000.0,ACCUMULATION,93.2783
2025-10-07,UCO,ARCX:UCO,1101000.0,22.03,-0.0038,-2840947000.0,1101000.0,0.0,0.0601,46036000.0,37817000.0,BALANCED,21.5037
2025-10-08,UCO,ARCX:UCO,0.0,22.4,0.0167,-2840947000.0,0.0,0.0,-0.1764,38310000.0,36648000.0,BALANCED,5.5904
2025-10-09,UCO,ARCX:UCO,-3280000.0,21.86,-0.0237,-2844227000.0,0.0,-3280000.0,-0.6238,27543000.0,44653000.0,BALANCED,-7.5953
2025-10-10,UCO,ARCX:UCO,-7108000.0,20.31,-0.0711,-2851335000.0,0.0,-7108000.0,-1.1073,15038000.0,37545000.0,BALANCED,-21.683
2025-10-13,UCO,ARCX:UCO,46748000.0,20.78,0.023,-2804587000.0,46748000.0,0.0,4.0082,37461000.0,79662000.0,ACCUMULATION,100.0
2025-10-14,UCO,ARCX:UCO,6089000.0,20.3,-0.0232,-2798498000.0,6089000.0,0.0,0.2977,42449000.0,88132000.0,BALANCED,21.4423
2025-10-15,UCO,ARCX:UCO,3014000.0,20.09,-0.01,-2795484000.0,3014000.0,0.0,0.0018,45463000.0,91146000.0,BALANCED,16.0461
2025-10-16,UCO,ARCX:UCO,1954000.0,19.54,-0.0276,-2793530000.0,1954000.0,0.0,-0.1237,50697000.0,95405000.0,BALANCED,14.9078
2025-10-17,UCO,ARCX:UCO,8916000.0,19.81,0.014,-2784614000.0,8916000.0,0.0,0.4923,66721000.0,104321000.0,BALANCED,32.3075
2025-10-20,UCO,ARCX:UCO,26680000.0,19.76,-0.0025,-2757934000.0,26680000.0,0.0,2.013,46653000.0,120881000.0,ACCUMULATION,72.3251
2025-10-21,UCO,ARCX:UCO,11867000.0,19.78,0.0008,-2746067000.0,11867000.0,0.0,0.6585,52431000.0,129287000.0,BALANCED,40.463
2025-10-22,UCO,ARCX:UCO,2044000.0,20.44,0.0336,-2744023000.0,2044000.0,0.0,-0.2132,51461000.0,133712000.0,BALANCED,20.6699
2025-10-23,UCO,ARCX:UCO,0.0,21.59,0.056,-2744023000.0,0.0,0.0,-0.4415,49507000.0,133712000.0,BALANCED,-1.038
2025-10-24,UCO,ARCX:UCO,-16167000.0,21.56,-0.0015,-2760190000.0,0.0,-16167000.0,-1.7692,24424000.0,121198000.0,DISTRIBUTION,-36.2297
2025-10-27,UCO,ARCX:UCO,-4307000.0,21.53,-0.0011,-2764497000.0,0.0,-4307000.0,-0.7112,-6563000.0,116891000.0,BALANCED,-31.7805
2025-10-28,UCO,ARCX:UCO,-30650000.0,21.14,-0.0184,-2795147000.0,0.0,-30650000.0,-2.5459,-49080000.0,91836000.0,DISTRIBUTION,-79.6474
2025-10-29,UCO,ARCX:UCO,-4279000.0,21.39,0.0121,-2799426000.0,0.0,-4279000.0,-0.5405,-55403000.0,79831000.0,BALANCED,-31.5136
2025-10-30,UCO,ARCX:UCO,0.0,21.4,0.0001,-2799426000.0,0.0,0.0,-0.2249,-55403000.0,72344000.0,BALANCED,-15.6214
2025-10-31,UCO,ARCX:UCO,-13991000.0,21.53,0.006,-2813417000.0,0.0,-13991000.0,-1.2122,-53227000.0,52956000.0,BALANCED,-42.304
2025-11-03,UCO,ARCX:UCO,0.0,21.7,0.0083,-2813417000.0,0.0,0.0,-0.1609,-48920000.0,28631000.0,BALANCED,-14.0222
2025-11-04,UCO,ARCX:UCO,-8602000.0,21.5,-0.0092,-2822019000.0,0.0,-8602000.0,-0.7583,-26872000.0,18928000.0,BALANCED,-30.9576
2025-11-05,UCO,ARCX:UCO,-7351000.0,21.0,-0.0233,-2829370000.0,0.0,-7351000.0,-0.6509,-29944000.0,11577000.0,BALANCED,-30.2729
2025-11-06,UCO,ARCX:UCO,0.0,20.93,-0.0033,-2829370000.0,0.0,0.0,-0.1171,-29944000.0,14857000.0,BALANCED,-12.9269
2025-11-07,UCO,ARCX:UCO,-8461000.0,21.15,0.0105,-2837831000.0,0.0,-8461000.0,-0.7152,-24414000.0,13504000.0,BALANCED,-29.8789
2025-11-10,UCO,ARCX:UCO,0.0,21.39,0.0114,-2837831000.0,0.0,0.0,-0.1047,-24414000.0,-33244000.0,BALANCED,-12.6186
2025-11-11,UCO,ARCX:UCO,0.0,22.0,0.0285,-2837831000.0,0.0,0.0,-0.1187,-15812000.0,-39333000.0,BALANCED,-12.968
2025-11-12,UCO,ARCX:UCO,-8157000.0,20.39,-0.0731,-2845988000.0,0.0,-8157000.0,-0.6684,-16618000.0,-50504000.0,BALANCED,-28.7093
2025-11-13,UCO,ARCX:UCO,6120000.0,20.4,0.0003,-2839868000.0,6120000.0,0.0,0.3653,-10498000.0,-46338000.0,BALANCED,1.1313
2025-11-14,UCO,ARCX:UCO,0.0,21.1,0.0342,-2839868000.0,0.0,0.0,-0.0639,-2037000.0,-55254000.0,BALANCED,-11.5981
2025-11-17,UCO,ARCX:UCO,-1052000.0,21.04,-0.0026,-2840920000.0,0.0,-1052000.0,-0.0832,-3089000.0,-82986000.0,BALANCED,-14.0803
2025-11-18,UCO,ARCX:UCO,-3214000.0,21.43,0.0181,-2844134000.0,0.0,-3214000.0,-0.2371,-6303000.0,-98067000.0,BALANCED,-19.9282
2025-11-19,UCO,ARCX:UCO,0.0,20.43,-0.0466,-2844134000.0,0.0,0.0,0.0081,1854000.0,-100111000.0,BALANCED,10.2026
2025-11-20,UCO,ARCX:UCO,4052000.0,20.26,-0.0083,-2840082000.0,4052000.0,0.0,0.2985,-214000.0,-96059000.0,BALANCED,-0.5382
2025-11-21,UCO,ARCX:UCO,0.0,19.78,-0.0237,-2840082000.0,0.0,0.0,-0.0288,-214000.0,-79892000.0,BALANCED,-10.7191
2025-11-24,UCO,ARCX:UCO,5065000.0,20.26,0.0242,-2835017000.0,5065000.0,0.0,0.6248,5903000.0,-70520000.0,BALANCED,27.6188
2025-11-25,UCO,ARCX:UCO,5939000.0,19.8,-0.0227,-2829078000.0,5939000.0,0.0,0.7154,15056000.0,-33931000.0,BALANCED,31.884
2025-11-26,UCO,ARCX:UCO,2021000.0,20.21,0.0208,-2827057000.0,2021000.0,0.0,0.3164,17077000.0,-27631000.0,BALANCED,23.9094
2025-11-28,UCO,ARCX:UCO,0.0,20.05,-0.0081,-2827057000.0,0.0,0.0,0.1152,13025000.0,-27631000.0,BALANCED,12.8803
2025-12-01,UCO,ARCX:UCO,0.0,20.57,0.0264,-2827057000.0,0.0,0.0,0.1487,13025000.0,-13640000.0,BALANCED,13.7164
2025-12-02,UCO,ARCX:UCO,0.0,20.09,-0.0234,-2827057000.0,0.0,0.0,0.2912,7960000.0,-13640000.0,BALANCED,17.2799
2025-12-03,UCO,ARCX:UCO,0.0,20.22,0.0063,-2827057000.0,0.0,0.0,0.3617,2021000.0,-5038000.0,BALANCED,19.0429
2025-12-04,UCO,ARCX:UCO,-3086000.0,20.57,0.0175,-2830143000.0,0.0,-3086000.0,-0.0291,-3086000.0,-773000.0,BALANCED,-12.7265
2025-12-05,UCO,ARCX:UCO,-2089000.0,20.89,0.0153,-2832232000.0,0.0,-2089000.0,0.1152,-5175000.0,-2862000.0,BALANCED,-11.1207
2025-12-08,UCO,ARCX:UCO,0.0,20.16,-0.0346,-2832232000.0,0.0,0.0,0.3445,-5175000.0,5599000.0,BALANCED,-1.3883
2025-12-09,UCO,ARCX:UCO,-6973000.0,19.92,-0.0119,-2839205000.0,0.0,-6973000.0,-0.6392,-12148000.0,-1374000.0,BALANCED,-27.9793
2025-12-10,UCO,ARCX:UCO,4011000.0,20.05,0.0065,-2835194000.0,4011000.0,0.0,1.1418,-8137000.0,2637000.0,BALANCED,20.5458
2025-12-11,UCO,ARCX:UCO,2933000.0,19.55,-0.0248,-2832261000.0,2933000.0,0.0,0.855,-2118000.0,13727000.0,BALANCED,15.3749
2025-12-12,UCO,ARCX:UCO,10648000.0,19.36,-0.01,-2821613000.0,10648000.0,0.0,2.2008,10619000.0,18255000.0,ACCUMULATION,71.021
2025-12-15,UCO,ARCX:UCO,20114000.0,19.16,-0.0105,-2801499000.0,20114000.0,0.0,3.3629,30733000.0,38369000.0,ACCUMULATION,100.0
2025-12-16,UCO,ARCX:UCO,1820000.0,18.2,-0.05,-2799679000.0,1820000.0,0.0,0.2321,39526000.0,41241000.0,BALANCED,25.8027
2025-12-17,UCO,ARCX:UCO,7424000.0,18.56,0.0198,-2792255000.0,7424000.0,0.0,1.1199,42939000.0,51879000.0,BALANCED,49.9979
2025-12-18,UCO,ARCX:UCO,2792000.0,18.62,0.0031,-2789463000.0,2792000.0,0.0,0.2644,42798000.0,54671000.0,BALANCED,30.6088
2025-12-19,UCO,ARCX:UCO,2831000.0,18.88,0.0139,-2786632000.0,2831000.0,0.0,0.2543,34981000.0,53450000.0,BALANCED,32.3577
2025-12-22,UCO,ARCX:UCO,21717000.0,19.74,0.0459,-2764915000.0,21717000.0,0.0,3.0356,36584000.0,75167000.0,ACCUMULATION,100.0
2025-12-23,UCO,ARCX:UCO,-15924000.0,19.91,0.0082,-2780839000.0,0.0,-15924000.0,-2.4839,18840000.0,54178000.0,DISTRIBUTION,-54.0986
2025-12-24,UCO,ARCX:UCO,-11961000.0,19.94,0.0015,-2792800000.0,0.0,-11961000.0,-1.7703,-545000.0,36278000.0,DISTRIBUTION,-58.2581
2025-12-26,UCO,ARCX:UCO,-1896000.0,18.96,-0.0488,-2794696000.0,0.0,-1896000.0,-0.4864,-5233000.0,32361000.0,BALANCED,-28.1592
2025-12-29,UCO,ARCX:UCO,0.0,19.71,0.0395,-2794696000.0,0.0,0.0,-0.2042,-8064000.0,32361000.0,BALANCED,-15.1062
2025-12-30,UCO,ARCX:UCO,-9826000.0,19.65,-0.0031,-2804522000.0,0.0,-9826000.0,-1.4377,-39607000.0,22535000.0,BALANCED,-47.9416
2025-12-31,UCO,ARCX:UCO,0.0,19.3,-0.0178,-2804522000.0,0.0,0.0,-0.1587,-23683000.0,22535000.0,BALANCED,-13.967
2026-01-02,UCO,ARCX:UCO,-2894000.0,19.29,-0.0004,-2807416000.0,0.0,-2894000.0,-0.539,-14616000.0,19641000.0,BALANCED,-25.4751
2026-01-05,UCO,ARCX:UCO,4953000.0,19.81,0.0269,-2802463000.0,4953000.0,0.0,0.4649,-7767000.0,27680000.0,BALANCED,3.6226
2026-01-06,UCO,ARCX:UCO,-9539000.0,19.08,-0.0371,-2812002000.0,0.0,-9539000.0,-1.3258,-17306000.0,20230000.0,BALANCED,-45.1438
2026-01-07,UCO,ARCX:UCO,0.0,18.51,-0.0298,-2812002000.0,0.0,0.0,-0.1185,-7480000.0,20230000.0,BALANCED,-12.9616
2026-01-08,UCO,ARCX:UCO,1957000.0,19.57,0.0573,-2810045000.0,1957000.0,0.0,0.143,-5523000.0,29160000.0,BALANCED,-4.4255
2026-01-09,UCO,ARCX:UCO,-6088000.0,20.29,0.037,-2816133000.0,0.0,-6088000.0,-0.825,-8717000.0,19061000.0,BALANCED,-32.6245
2026-01-12,UCO,ARCX:UCO,-14368000.0,20.53,0.0114,-2830501000.0,0.0,-14368000.0,-1.7084,-28038000.0,1760000.0,DISTRIBUTION,-56.7092
2026-01-13,UCO,ARCX:UCO,-23555000.0,21.41,0.0433,-2854056000.0,0.0,-23555000.0,-2.4162,-42054000.0,-32443000.0,DISTRIBUTION,-76.4046
2026-01-14,UCO,ARCX:UCO,0.0,22.05,0.0297,-2854056000.0,0.0,0.0,0.096,-42054000.0,-52557000.0,BALANCED,-7.6004
2026-01-15,UCO,ARCX:UCO,0.0,20.31,-0.0787,-2854056000.0,0.0,0.0,0.096,-44011000.0,-54377000.0,BALANCED,-7.6004
2026-01-16,UCO,ARCX:UCO,5122000.0,20.49,0.0087,-2848934000.0,5122000.0,0.0,0.6199,-32801000.0,-56679000.0,BALANCED,7.4963
2026-01-20,UCO,ARCX:UCO,10514000.0,21.03,0.0262,-2838420000.0,10514000.0,0.0,1.1185,-7919000.0,-48957000.0,BALANCED,21.9619
2026-01-21,UCO,ARCX:UCO,0.0,21.28,0.0121,-2838420000.0,0.0,0.0,0.0214,15636000.0,-51788000.0,BALANCED,10.5349
2026-01-22,UCO,ARCX:UCO,0.0,20.53,-0.0355,-2838420000.0,0.0,0.0,0.0214,15636000.0,-73505000.0,BALANCED,10.5349
2026-01-23,UCO,ARCX:UCO,0.0,21.48,0.0463,-2838420000.0,0.0,0.0,-0.0027,15636000.0,-57581000.0,BALANCED,9.9315
2026-01-26,UCO,ARCX:UCO,0.0,21.33,-0.0069,-2838420000.0,0.0,0.0,0.0113,10514000.0,-45620000.0,BALANCED,10.2822
2026-01-27,UCO,ARCX:UCO,0.0,22.28,0.0448,-2838420000.0,0.0,0.0,0.0216,0.0,-43724000.0,BALANCED,0.5398
2026-01-28,UCO,ARCX:UCO,0.0,22.73,0.0201,-2838420000.0,0.0,0.0,0.0603,0.0,-43724000.0,BALANCED,1.5083
2026-01-29,UCO,ARCX:UCO,0.0,24.01,0.0563,-2838420000.0,0.0,0.0,0.146,0.0,-33898000.0,BALANCED,3.6505
2026-01-30,UCO,ARCX:UCO,-7157000.0,23.86,-0.0063,-2845577000.0,0.0,-7157000.0,-0.6639,-7157000.0,-41055000.0,BALANCED,-28.598
2026-02-02,UCO,ARCX:UCO,0.0,21.72,-0.0896,-2845577000.0,0.0,0.0,0.2138,-7157000.0,-38161000.0,BALANCED,-4.654
2026-02-03,UCO,ARCX:UCO,-6759000.0,22.53,0.0372,-2852336000.0,0.0,-6759000.0,-0.5609,-13916000.0,-49873000.0,BALANCED,-26.0227
2026-02-04,UCO,ARCX:UCO,7135000.0,23.78,0.0556,-2845201000.0,7135000.0,0.0,1.077,-6781000.0,-33199000.0,BALANCED,18.9241
2026-02-05,UCO,ARCX:UCO,-9082000.0,22.7,-0.0453,-2854283000.0,0.0,-9082000.0,-0.842,-15863000.0,-42281000.0,BALANCED,-33.0492
2026-02-06,UCO,ARCX:UCO,-6912000.0,23.04,0.0149,-2861195000.0,0.0,-6912000.0,-0.6162,-15618000.0,-51150000.0,BALANCED,-29.4046
2026-02-09,UCO,ARCX:UCO,9469000.0,23.67,0.0274,-2851726000.0,9469000.0,0.0,1.6368,-6149000.0,-35593000.0,ACCUMULATION,32.9195
2026-02-10,UCO,ARCX:UCO,0.0,23.42,-0.0106,-2851726000.0,0.0,0.0,0.2718,610000.0,-21225000.0,BALANCED,16.7947
2026-02-11,UCO,ARCX:UCO,0.0,23.83,0.0175,-2851726000.0,0.0,0.0,0.2718,-6525000.0,2330000.0,BALANCED,-3.2053
2026-02-12,UCO,ARCX:UCO,0.0,22.56,-0.0533,-2851726000.0,0.0,0.0,0.2301,2557000.0,2330000.0,BALANCED,15.752
2026-02-13,UCO,ARCX:UCO,-7911000.0,22.6,0.0018,-2859637000.0,0.0,-7911000.0,-0.8767,1558000.0,-5581000.0,BALANCED,-13.9177
2026-02-17,UCO,ARCX:UCO,0.0,22.33,-0.0119,-2859637000.0,0.0,0.0,0.2511,-7911000.0,-10703000.0,BALANCED,-3.7231
2026-02-18,UCO,ARCX:UCO,-1202000.0,24.04,0.0762,-2860839000.0,0.0,-1202000.0,0.1091,-9113000.0,-22419000.0,BALANCED,-9.2725
2026-02-19,UCO,ARCX:UCO,-7473000.0,24.91,0.0364,-2868312000.0,0.0,-7473000.0,-0.8292,-16586000.0,-29892000.0,BALANCED,-34.7294
2026-02-20,UCO,ARCX:UCO,1247000.0,24.94,0.0013,-2867065000.0,1247000.0,0.0,0.4557,-15339000.0,-28645000.0,BALANCED,3.3917
2026-02-23,UCO,ARCX:UCO,2494000.0,24.94,-0.0001,-2864571000.0,2494000.0,0.0,0.6363,-4934000.0,-26151000.0,BALANCED,9.908
2026-02-24,UCO,ARCX:UCO,-19716000.0,24.64,-0.0119,-2884287000.0,0.0,-19716000.0,-2.3287,-24650000.0,-45867000.0,DISTRIBUTION,-70.2173
2026-02-25,UCO,ARCX:UCO,0.0,24.52,-0.0049,-2884287000.0,0.0,0.0,0.251,-23448000.0,-45867000.0,BALANCED,-3.7243
2026-02-26,UCO,ARCX:UCO,0.0,24.28,-0.01,-2884287000.0,0.0,0.0,0.1724,-15975000.0,-45867000.0,BALANCED,-5.6892
2026-02-27,UCO,ARCX:UCO,2544000.0,25.44,0.0478,-2881743000.0,2544000.0,0.0,0.5899,-14678000.0,-43323000.0,BALANCED,6.7465
2026-03-02,UCO,ARCX:UCO,12388000.0,27.53,0.0822,-2869355000.0,12388000.0,0.0,2.028,-4784000.0,-23778000.0,ACCUMULATION,44.7
2026-03-03,UCO,ARCX:UCO,36219000.0,28.97,0.0525,-2833136000.0,36219000.0,0.0,3.8768,51151000.0,12441000.0,ACCUMULATION,100.0
2026-03-04,UCO,ARCX:UCO,14583000.0,29.17,0.0066,-2818553000.0,14583000.0,0.0,1.483,65734000.0,33783000.0,BALANCED,55.0745
2026-03-05,UCO,ARCX:UCO,0.0,31.03,0.064,-2818553000.0,0.0,0.0,-0.0705,65734000.0,26648000.0,BALANCED,8.2363
2026-03-06,UCO,ARCX:UCO,-1692000.0,33.85,0.0906,-2820245000.0,0.0,-1692000.0,-0.2445,61498000.0,34038000.0,BALANCED,1.8863
2026-03-09,UCO,ARCX:UCO,-3621000.0,36.21,0.0699,-2823866000.0,0.0,-3621000.0,-0.4356,45489000.0,37329000.0,BALANCED,-4.8888
2026-03-10,UCO,ARCX:UCO,-24870000.0,33.16,-0.0843,-2848736000.0,0.0,-24870000.0,-2.335,-15600000.0,2990000.0,DISTRIBUTION,-74.3753
2026-03-11,UCO,ARCX:UCO,-92973000.0,35.76,0.0784,-2941709000.0,0.0,-92973000.0,-4.4976,-123156000.0,-89983000.0,DISTRIBUTION,-100.0
2026-03-12,UCO,ARCX:UCO,33471000.0,39.38,0.1012,-2908238000.0,33471000.0,0.0,1.7036,-89685000.0,-56512000.0,ACCUMULATION,34.5907
2026-03-13,UCO,ARCX:UCO,-4072000.0,40.72,0.034,-2912310000.0,0.0,-4072000.0,-0.0766,-92065000.0,-60584000.0,BALANCED,-13.9145
2026-03-16,UCO,ARCX:UCO,54359000.0,38.83,-0.0464,-2857951000.0,54359000.0,0.0,2.3404,-34085000.0,1686000.0,ACCUMULATION,50.5106
2026-03-17,UCO,ARCX:UCO,-18307000.0,40.68,0.0478,-2876258000.0,0.0,-18307000.0,-0.7315,-27522000.0,-16621000.0,BALANCED,-30.2873
2026-03-18,UCO,ARCX:UCO,-50539000.0,42.12,0.0352,-2926797000.0,0.0,-50539000.0,-1.9003,14912000.0,-65958000.0,DISTRIBUTION,-41.5079
2026-03-19,UCO,ARCX:UCO,0.0,42.95,0.0198,-2926797000.0,0.0,0.0,0.1078,-18559000.0,-58485000.0,BALANCED,-7.3048
2026-03-20,UCO,ARCX:UCO,8732000.0,43.66,0.0166,-2918065000.0,8732000.0,0.0,0.4295,-5755000.0,-51000000.0,BALANCED,2.7363
2026-03-23,UCO,ARCX:UCO,0.0,37.39,-0.1436,-2918065000.0,0.0,0.0,0.075,-60114000.0,-53494000.0,BALANCED,-8.1246
2026-03-24,UCO,ARCX:UCO,69010000.0,40.59,0.0857,-2849055000.0,69010000.0,0.0,2.4316,27203000.0,35232000.0,ACCUMULATION,72.7888
2026-03-25,UCO,ARCX:UCO,-43339000.0,39.4,-0.0294,-2892394000.0,0.0,-43339000.0,-1.4264,34403000.0,-8107000.0,BALANCED,-27.6606
2026-03-26,UCO,ARCX:UCO,41423000.0,41.42,0.0514,-2850971000.0,41423000.0,0.0,1.3594,75826000.0,33316000.0,BALANCED,45.9857
2026-03-27,UCO,ARCX:UCO,-48528000.0,42.2,0.0187,-2899499000.0,0.0,-48528000.0,-1.4799,18566000.0,-17756000.0,BALANCED,-28.9963
2026-03-30,UCO,ARCX:UCO,4246000.0,42.46,0.0061,-2895253000.0,4246000.0,0.0,0.1713,22812000.0,-25898000.0,BALANCED,16.2834
2026-03-31,UCO,ARCX:UCO,-15516000.0,38.79,-0.0864,-2910769000.0,0.0,-15516000.0,-0.4341,-61714000.0,-77633000.0,BALANCED,-22.8524
2026-04-01,UCO,ARCX:UCO,-18705000.0,37.41,-0.0356,-2929474000.0,0.0,-18705000.0,-0.5136,-37080000.0,-110921000.0,BALANCED,-26.839
2026-04-02,UCO,ARCX:UCO,-14022000.0,40.06,0.0709,-2943496000.0,0.0,-14022000.0,-0.3596,-92525000.0,-124943000.0,BALANCED,-24.9893
2026-04-06,UCO,ARCX:UCO,-41369000.0,41.37,0.0326,-2984865000.0,0.0,-41369000.0,-1.1419,-85366000.0,-164620000.0,BALANCED,-46.5469
2026-04-07,UCO,ARCX:UCO,-29712000.0,42.45,0.026,-3014577000.0,0.0,-29712000.0,-0.7466,-119324000.0,-190711000.0,BALANCED,-38.6653
2026-04-08,UCO,ARCX:UCO,23727000.0,39.55,-0.0683,-2990850000.0,23727000.0,0.0,0.8172,-80081000.0,-142114000.0,BALANCED,12.4297
2026-04-09,UCO,ARCX:UCO,5983000.0,39.89,0.0087,-2984867000.0,5983000.0,0.0,0.2793,-55393000.0,-43158000.0,BALANCED,0.9833
2026-04-10,UCO,ARCX:UCO,-64885000.0,40.55,0.0166,-3049752000.0,0.0,-64885000.0,-1.6844,-106256000.0,-141514000.0,DISTRIBUTION,-54.1101
2026-04-13,UCO,ARCX:UCO,-12831000.0,42.77,0.0547,-3062583000.0,0.0,-12831000.0,-0.1931,-77718000.0,-150273000.0,BALANCED,-18.8266
2026-04-14,UCO,ARCX:UCO,-42768000.0,40.73,-0.0477,-3105351000.0,0.0,-42768000.0,-0.9782,-90774000.0,-247400000.0,BALANCED,-40.455
2026-04-15,UCO,ARCX:UCO,-10371000.0,41.49,0.0185,-3115722000.0,0.0,-10371000.0,-0.0274,-124872000.0,-239464000.0,BALANCED,-18.6856
2026-04-16,UCO,ARCX:UCO,-8429000.0,42.15,0.0159,-3124151000.0,0.0,-8429000.0,0.0511,-139284000.0,-197354000.0,BALANCED,-18.7226
2026-04-17,UCO,ARCX:UCO,-3728000.0,37.28,-0.1154,-3127879000.0,0.0,-3728000.0,0.1915,-78127000.0,-201082000.0,BALANCED,-17.2114
2026-04-20,UCO,ARCX:UCO,17813000.0,39.58,0.0617,-3110066000.0,17813000.0,0.0,0.7913,-47483000.0,-192001000.0,BALANCED,11.783
2026-04-21,UCO,ARCX:UCO,-8116000.0,40.58,0.0252,-3118182000.0,0.0,-8116000.0,0.0488,-12831000.0,-200117000.0,BALANCED,-10.7792
2026-04-22,UCO,ARCX:UCO,-6300000.0,42.0,0.035,-3124482000.0,0.0,-6300000.0,0.0836,-8760000.0,-275427000.0,BALANCED,-11.9101
2026-04-23,UCO,ARCX:UCO,-4364000.0,43.64,0.0391,-3128846000.0,0.0,-4364000.0,0.0609,-4695000.0,-236452000.0,BALANCED,-14.477
2026-04-24,UCO,ARCX:UCO,-45115000.0,42.97,-0.0155,-3173961000.0,0.0,-45115000.0,-1.1846,-46082000.0,-322990000.0,BALANCED,-47.6155
2026-04-27,UCO,ARCX:UCO,0.0,44.07,0.0257,-3173961000.0,0.0,0.0,0.2847,-63895000.0,-274462000.0,BALANCED,-2.8832
2026-04-28,UCO,ARCX:UCO,-9020000.0,45.1,0.0233,-3182981000.0,0.0,-9020000.0,0.0643,-64799000.0,-287728000.0,BALANCED,-10.3932
2026-04-29,UCO,ARCX:UCO,0.0,47.39,0.0508,-3182981000.0,0.0,0.0,0.3618,-58499000.0,-272212000.0,BALANCED,-0.9551
2026-04-30,UCO,ARCX:UCO,-2385000.0,47.69,0.0064,-3185366000.0,0.0,-2385000.0,0.2289,-56520000.0,-255892000.0,BALANCED,-6.2786
2026-05-01,UCO,ARCX:UCO,-2321000.0,46.43,-0.0265,-3187687000.0,0.0,-2321000.0,0.2342,-13726000.0,-244191000.0,BALANCED,-8.1441
2026-05-04,UCO,ARCX:UCO,0.0,50.86,0.0954,-3187687000.0,0.0,0.0,0.332,-13726000.0,-202822000.0,BALANCED,-1.7002
2026-05-05,UCO,ARCX:UCO,-12134000.0,48.54,-0.0456,-3199821000.0,0.0,-12134000.0,-0.1015,-16840000.0,-185244000.0,BALANCED,-14.5369
2026-05-06,UCO,ARCX:UCO,0.0,43.0,-0.114,-3199821000.0,0.0,0.0,0.5148,-16840000.0,-208971000.0,BALANCED,2.87
2026-05-07,UCO,ARCX:UCO,15106000.0,43.16,0.0036,-3184715000.0,15106000.0,0.0,1.109,651000.0,-199848000.0,BALANCED,39.7239
2026-05-08,UCO,ARCX:UCO,-11216000.0,44.86,0.0395,-3195931000.0,0.0,-11216000.0,0.014,-8244000.0,-146179000.0,BALANCED,-11.6505
2026-05-11,UCO,ARCX:UCO,0.0,47.48,0.0583,-3195931000.0,0.0,0.0,0.5184,-8244000.0,-133348000.0,BALANCED,2.9598
2026-05-12,UCO,ARCX:UCO,-14982000.0,49.94,0.0518,-3210913000.0,0.0,-14982000.0,-0.2361,-11092000.0,-105562000.0,BALANCED,-17.9019
2026-05-13,UCO,ARCX:UCO,0.0,47.86,-0.0416,-3210913000.0,0.0,0.0,0.5276,-11092000.0,-95191000.0,BALANCED,3.1899
2026-05-14,UCO,ARCX:UCO,0.0,47.66,-0.0041,-3210913000.0,0.0,0.0,0.4944,-26198000.0,-86762000.0,BALANCED,2.3604
2026-05-15,UCO,ARCX:UCO,-2509000.0,50.19,0.0529,-3213422000.0,0.0,-2509000.0,0.3416,-17491000.0,-85543000.0,BALANCED,-3.4597
2026-05-18,UCO,ARCX:UCO,-26282000.0,52.56,0.0474,-3239704000.0,0.0,-26282000.0,-0.9723,-43773000.0,-129638000.0,BALANCED,-38.3075
2026-05-19,UCO,ARCX:UCO,0.0,51.97,-0.0112,-3239704000.0,0.0,0.0,0.4191,-28791000.0,-121522000.0,BALANCED,0.4773
2026-05-20,UCO,ARCX:UCO,-7177000.0,47.84,-0.0795,-3246881000.0,0.0,-7177000.0,0.0803,-35968000.0,-122399000.0,BALANCED,-9.9931
2026-05-21,UCO,ARCX:UCO,37828000.0,47.29,-0.0117,-3209053000.0,37828000.0,0.0,2.416,1860000.0,-80207000.0,ACCUMULATION,72.3995
2026-05-22,UCO,ARCX:UCO,-4746000.0,47.46,0.0036,-3213799000.0,0.0,-4746000.0,0.0472,-377000.0,-39838000.0,BALANCED,-10.8197
2026-05-26,UCO,ARCX:UCO,0.0,45.71,-0.0368,-3213799000.0,0.0,0.0,0.3302,25905000.0,-39838000.0,BALANCED,18.2555
2026-05-27,UCO,ARCX:UCO,10763000.0,43.05,-0.0581,-3203036000.0,10763000.0,0.0,1.0191,36668000.0,-20055000.0,BALANCED,37.4781
2026-05-28,UCO,ARCX:UCO,-4436000.0,44.36,0.0303,-3207472000.0,0.0,-4436000.0,-0.1006,39409000.0,-24491000.0,BALANCED,5.4847
2026-05-29,UCO,ARCX:UCO,-6457000.0,43.05,-0.0295,-3213929000.0,0.0,-6457000.0,-0.2534,-4876000.0,-28563000.0,BALANCED,-20.3354
2026-06-01,UCO,ARCX:UCO,0.0,45.52,0.0574,-3213929000.0,0.0,0.0,0.2097,-130000.0,-26242000.0,BALANCED,-4.7585
2026-06-02,UCO,ARCX:UCO,6991000.0,46.61,0.024,-3206938000.0,6991000.0,0.0,0.7712,6861000.0,-19251000.0,BALANCED,31.2792
2026-06-03,UCO,ARCX:UCO,12089000.0,48.36,0.0375,-3194849000.0,12089000.0,0.0,1.0842,8187000.0,4972000.0,BALANCED,41.106
2026-06-04,UCO,ARCX:UCO,0.0,46.07,-0.0473,-3194849000.0,0.0,0.0,0.1738,12623000.0,4972000.0,BALANCED,14.3451
2026-06-05,UCO,ARCX:UCO,2244000.0,44.88,-0.0259,-3192605000.0,2244000.0,0.0,0.3233,21324000.0,-7890000.0,BALANCED,20.0821
2026-06-08,UCO,ARCX:UCO,0.0,46.87,0.0444,-3192605000.0,0.0,0.0,0.0575,21324000.0,3326000.0,BALANCED,11.4379
2026-06-09,UCO,ARCX:UCO,-4514000.0,45.14,-0.0369,-3197119000.0,0.0,-4514000.0,-0.3456,9819000.0,-1188000.0,BALANCED,-0.6401
2026-06-10,UCO,ARCX:UCO,0.0,46.72,0.0351,-3197119000.0,0.0,0.0,0.044,-2270000.0,13794000.0,BALANCED,-8.9005
2026-06-11,UCO,ARCX:UCO,0.0,45.34,-0.0295,-3197119000.0,0.0,0.0,0.044,-2270000.0,13794000.0,BALANCED,-8.9005
2026-06-12,UCO,ARCX:UCO,6346000.0,42.31,-0.0669,-3190773000.0,6346000.0,0.0,0.6054,1832000.0,20140000.0,BALANCED,27.1351
2026-06-15,UCO,ARCX:UCO,0.0,39.39,-0.069,-3190773000.0,0.0,0.0,0.0095,1832000.0,22649000.0,BALANCED,10.2387
2026-06-16,UCO,ARCX:UCO,0.0,36.84,-0.0648,-3190773000.0,0.0,0.0,0.0095,6346000.0,48931000.0,BALANCED,10.2387
2026-06-17,UCO,ARCX:UCO,7397000.0,36.99,0.004,-3183376000.0,7397000.0,0.0,0.6456,13743000.0,56328000.0,BALANCED,28.1389
2026-06-18,UCO,ARCX:UCO,3683000.0,36.83,-0.0041,-3179693000.0,3683000.0,0.0,0.2835,17426000.0,67188000.0,BALANCED,21.0879
2026-06-22,UCO,ARCX:UCO,3530000.0,35.3,-0.0415,-3176163000.0,3530000.0,0.0,0.3155,14610000.0,32890000.0,BALANCED,23.8864
2026-06-23,UCO,ARCX:UCO,-5254000.0,35.02,-0.0079,-3181417000.0,0.0,-5254000.0,-0.5674,9356000.0,32382000.0,BALANCED,-6.1847
2026-06-24,UCO,ARCX:UCO,-13147000.0,32.87,-0.0616,-3194564000.0,0.0,-13147000.0,-1.2667,-3791000.0,19235000.0,BALANCED,-45.668
2026-06-25,UCO,ARCX:UCO,1709000.0,34.19,0.0402,-3192855000.0,1709000.0,0.0,0.1105,-9479000.0,10181000.0,BALANCED,-5.2386
2026-06-26,UCO,ARCX:UCO,-3219000.0,32.19,-0.0585,-3196074000.0,0.0,-3219000.0,-0.3696,-16381000.0,11398000.0,BALANCED,-21.241
2026-06-29,UCO,ARCX:UCO,9984000.0,33.28,0.0339,-3186090000.0,9984000.0,0.0,0.8982,-9927000.0,27839000.0,BALANCED,14.456
2026-06-30,UCO,ARCX:UCO,1626000.0,32.52,-0.0228,-3184464000.0,1626000.0,0.0,0.0649,-3047000.0,29465000.0,BALANCED,-4.3766
2026-07-01,UCO,ARCX:UCO,0.0,32.32,-0.0061,-3184464000.0,0.0,0.0,-0.2096,10100000.0,22474000.0,BALANCED,4.7599
2026-07-02,UCO,ARCX:UCO,3255000.0,32.55,0.0071,-3181209000.0,3255000.0,0.0,0.1486,11646000.0,13640000.0,BALANCED,15.7157
2026-07-06,UCO,ARCX:UCO,9800000.0,32.67,0.0036,-3171409000.0,9800000.0,0.0,0.8354,24665000.0,23440000.0,BALANCED,34.8845
2026-07-07,UCO,ARCX:UCO,0.0,33.85,0.0362,-3171409000.0,0.0,0.0,-0.2232,14681000.0,21196000.0,BALANCED,4.4202
2026-07-08,UCO,ARCX:UCO,-17888000.0,35.78,0.0568,-3189297000.0,0.0,-17888000.0,-2.859,-4833000.0,3308000.0,DISTRIBUTION,-83.4743
2026-07-09,UCO,ARCX:UCO,5224000.0,34.83,-0.0264,-3184073000.0,5224000.0,0.0,0.6424,391000.0,13046000.0,BALANCED,28.0605
2026-07-10,UCO,ARCX:UCO,27697000.0,34.62,-0.006,-3156376000.0,27697000.0,0.0,3.2578,24833000.0,40743000.0,ACCUMULATION,95.4446
2026-07-13,UCO,ARCX:UCO,1961000.0,39.23,0.133,-3154415000.0,1961000.0,0.0,0.0242,16994000.0,42704000.0,BALANCED,16.6056
2026-07-14,UCO,ARCX:UCO,-3902000.0,39.02,-0.0053,-3158317000.0,0.0,-3902000.0,-0.7317,13092000.0,32456000.0,BALANCED,-10.2922
2026-07-15,UCO,ARCX:UCO,-7898000.0,39.49,0.012,-3166215000.0,0.0,-7898000.0,-1.1772,23082000.0,24558000.0,BALANCED,-23.4296
2026-07-16,UCO,ARCX:UCO,0.0,39.04,-0.0114,-3166215000.0,0.0,0.0,-0.1697,17858000.0,24558000.0,BALANCED,5.7578
2026-07-17,UCO,ARCX:UCO,-4132000.0,41.32,0.0584,-3170347000.0,0.0,-4132000.0,-0.6349,-13971000.0,13029000.0,BALANCED,-27.8719
2026-07-20,UCO,ARCX:UCO,2073000.0,41.47,0.0036,-3168274000.0,2073000.0,0.0,0.1523,-13859000.0,11419000.0,BALANCED,-4.1933
2026-07-21,UCO,ARCX:UCO,2102000.0,42.04,0.0137,-3166172000.0,2102000.0,0.0,0.1566,-7855000.0,9991000.0,BALANCED,-2.0847
2026-07-22,UCO,ARCX:UCO,0.0,42.72,0.0163,-3166172000.0,0.0,0.0,-0.113,43000.0,15245000.0,BALANCED,7.1744
2026-07-23,UCO,ARCX:UCO,-2233000.0,44.66,0.0454,-3168405000.0,0.0,-2233000.0,-0.4115,-2190000.0,26159000.0,BALANCED,-22.2877
2026-07-24,UCO,ARCX:UCO,10934000.0,43.74,-0.0208,-3157471000.0,10934000.0,0.0,1.2076,12876000.0,35384000.0,BALANCED,42.1898
2026-07-27,UCO,ARCX:UCO,-4037000.0,40.37,-0.0769,-3161508000.0,0.0,-4037000.0,-0.6516,6766000.0,34566000.0,BALANCED,-8.2905
2026-07-28,UCO,ARCX:UCO,0.0,37.58,-0.0693,-3161508000.0,0.0,0.0,-0.1226,4664000.0,24582000.0,BALANCED,6.9361
2026-07-29,UCO,ARCX:UCO,6211000.0,41.41,0.1019,-3155297000.0,6211000.0,0.0,0.6275,10875000.0,29167000.0,BALANCED,27.6864
2026-07-30,UCO,ARCX:UCO,0.0,39.94,-0.0353,-3155297000.0,0.0,0.0,-0.1476,13108000.0,29167000.0,BALANCED,6.3111
2026-07-31,UCO,ARCX:UCO,0.0,40.33,0.0098,-3155297000.0,0.0,0.0,-0.118,2174000.0,25912000.0,BALANCED,7.0491
2026-08-03,UCO,ARCX:UCO,1891000.0,37.81,-0.0626,-3153406000.0,1891000.0,0.0,0.1282,8102000.0,18003000.0,BALANCED,15.2052
2026-08-04,UCO,ARCX:UCO,0.0,35.72,-0.0554,-3153406000.0,0.0,0.0,-0.096,8102000.0,18003000.0,BALANCED,7.5996
2026-08-05,UCO,ARCX:UCO,12430000.0,35.51,-0.0056,-3140976000.0,12430000.0,0.0,1.3692,14321000.0,48321000.0,BALANCED,46.2305
2026-08-06,UCO,ARCX:UCO,0.0,36.96,0.0408,-3140976000.0,0.0,0.0,-0.2343,14321000.0,43097000.0,BALANCED,4.1426
2026-08-07,UCO,ARCX:UCO,-17048000.0,37.88,0.0249,-3158024000.0,0.0,-17048000.0,-2.1771,-2727000.0,-1648000.0,DISTRIBUTION,-66.4281
2026-08-10,UCO,ARCX:UCO,0.0,41.45,0.0941,-3158024000.0,0.0,0.0,-0.1523,-4618000.0,-3609000.0,BALANCED,-13.8082
2026-08-11,UCO,ARCX:UCO,0.0,41.62,0.0042,-3158024000.0,0.0,0.0,-0.1146,-4618000.0,293000.0,BALANCED,-12.8649
2026-08-12,UCO,ARCX:UCO,-4176000.0,41.76,0.0033,-3162200000.0,0.0,-4176000.0,-0.5986,-21224000.0,4015000.0,BALANCED,-26.9661
2026-08-13,UCO,ARCX:UCO,0.0,40.63,-0.0272,-3162200000.0,0.0,0.0,-0.0903,-21224000.0,4015000.0,BALANCED,-12.2583
2026-08-14,UCO,ARCX:UCO,-14519000.0,41.48,0.021,-3176719000.0,0.0,-14519000.0,-1.6944,-18695000.0,-6372000.0,DISTRIBUTION,-54.3607
2026-08-17,UCO,ARCX:UCO,2188000.0,43.76,0.055,-3174531000.0,2188000.0,0.0,0.2705,-16507000.0,-6257000.0,BALANCED,-1.238
2026-08-18,UCO,ARCX:UCO,-11032000.0,44.13,0.0083,-3185563000.0,0.0,-11032000.0,-1.213,-27539000.0,-19391000.0,BALANCED,-42.326
2026-08-19,UCO,ARCX:UCO,0.0,43.91,-0.0048,-3185563000.0,0.0,0.0,-0.0154,-23363000.0,-19391000.0,BALANCED,-10.3861
2026-08-20,UCO,ARCX:UCO,-18213000.0,45.53,0.0369,-3203776000.0,0.0,-18213000.0,-2.0268,-41576000.0,-35371000.0,DISTRIBUTION,-62.6689
2026-08-21,UCO,ARCX:UCO,-11452000.0,45.81,0.006,-3215228000.0,0.0,-11452000.0,-1.3479,-38509000.0,-57757000.0,BALANCED,-47.6986
2026-08-24,UCO,ARCX:UCO,13249000.0,44.16,-0.0359,-3201979000.0,13249000.0,0.0,1.9671,-27448000.0,-40471000.0,ACCUMULATION,41.1778
2026-08-25,UCO,ARCX:UCO,2103000.0,42.05,-0.0478,-3199876000.0,2103000.0,0.0,0.4616,-14313000.0,-38368000.0,BALANCED,5.5395
2026-08-26,UCO,ARCX:UCO,-2103000.0,42.06,0.0001,-3201979000.0,0.0,-2103000.0,-0.1221,-16416000.0,-46682000.0,BALANCED,-15.0531
2026-08-27,UCO,ARCX:UCO,4272000.0,42.72,0.0158,-3197707000.0,4272000.0,0.0,0.7074,6069000.0,-42410000.0,BALANCED,29.6859
2026-08-28,UCO,ARCX:UCO,0.0,42.67,-0.0012,-3197707000.0,0.0,0.0,0.1216,17521000.0,-42410000.0,BALANCED,13.0392
2026-08-31,UCO,ARCX:UCO,13367000.0,44.56,0.0442,-3184340000.0,13367000.0,0.0,1.7535,17639000.0,-30934000.0,ACCUMULATION,55.8387
2026-09-01,UCO,ARCX:UCO,-2363000.0,47.26,0.0607,-3186703000.0,0.0,-2363000.0,-0.212,13173000.0,-33297000.0,BALANCED,2.7006
2026-09-02,UCO,ARCX:UCO,-11845000.0,47.38,0.0025,-3198548000.0,0.0,-11845000.0,-1.317,3431000.0,-57572000.0,BALANCED,-26.9239
2026-09-03,UCO,ARCX:UCO,-16314000.0,46.61,-0.0162,-3214862000.0,0.0,-16314000.0,-1.71,-17155000.0,-73886000.0,DISTRIBUTION,-58.7507
2026-09-04,UCO,ARCX:UCO,0.0,47.84,0.0265,-3214862000.0,0.0,0.0,0.2301,-17155000.0,-56838000.0,BALANCED,-4.2478
2026-09-08,UCO,ARCX:UCO,-2456000.0,49.12,0.0267,-3217318000.0,0.0,-2456000.0,-0.0717,-32978000.0,-59294000.0,BALANCED,-13.793
2026-09-09,UCO,ARCX:UCO,-12531000.0,50.12,0.0204,-3229849000.0,0.0,-12531000.0,-1.2033,-43146000.0,-71825000.0,BALANCED,-44.0816
2026-09-10,UCO,ARCX:UCO,5263000.0,52.63,0.0501,-3224586000.0,5263000.0,0.0,0.8919,-26038000.0,-62386000.0,BALANCED,14.2984
2026-09-11,UCO,ARCX:UCO,-20556000.0,51.39,-0.0236,-3245142000.0,0.0,-20556000.0,-1.9288,-30280000.0,-82942000.0,DISTRIBUTION,-60.2209
2026-09-14,UCO,ARCX:UCO,5208000.0,52.08,0.0134,-3239934000.0,5208000.0,0.0,0.8715,-25072000.0,-63215000.0,BALANCED,13.7887
2026-09-15,UCO,ARCX:UCO,0.0,53.95,0.0359,-3239934000.0,0.0,0.0,0.314,-22616000.0,-65403000.0,BALANCED,-2.1501
2026-09-16,UCO,ARCX:UCO,-13138000.0,52.55,-0.0259,-3253072000.0,0.0,-13138000.0,-1.0492,-23223000.0,-67509000.0,BALANCED,-38.2312
2026-09-17,UCO,ARCX:UCO,0.0,52.62,0.0013,-3253072000.0,0.0,0.0,0.42,-28486000.0,-67509000.0,BALANCED,0.4989
2026-09-18,UCO,ARCX:UCO,-7969000.0,53.13,0.0096,-3261041000.0,0.0,-7969000.0,-0.4457,-15899000.0,-57265000.0,BALANCED,-23.1416
2026-09-21,UCO,ARCX:UCO,0.0,51.88,-0.0235,-3261041000.0,0.0,0.0,0.4003,-21107000.0,-45813000.0,BALANCED,0.0082
2026-09-22,UCO,ARCX:UCO,0.0,51.3,-0.0113,-3261041000.0,0.0,0.0,0.4003,-21107000.0,-59062000.0,BALANCED,0.0082
2026-09-23,UCO,ARCX:UCO,-13036000.0,52.14,0.0165,-3274077000.0,0.0,-13036000.0,-1.0505,-21005000.0,-74201000.0,BALANCED,-38.2632
