date,ticker,trackinsight_key,usd_flow,nav,perf_pct,cumulative_flow,daily_inflow,daily_outflow,flow_zscore,flow_5d,flow_20d,regime,pressure
2016-01-04,UGL,UGL,0.0,30.97,0.0418,0.0,0.0,0.0,0.0,0.0,0.0,BALANCED,0.0
2016-01-05,UGL,UGL,0.0,30.67,-0.0097,0.0,0.0,0.0,0.0,0.0,0.0,BALANCED,0.0
2016-01-06,UGL,UGL,0.0,31.49,0.0267,0.0,0.0,0.0,0.0,0.0,0.0,BALANCED,0.0
2016-01-07,UGL,UGL,0.0,32.35,0.0275,0.0,0.0,0.0,0.0,0.0,0.0,BALANCED,0.0
2016-01-08,UGL,UGL,0.0,32.09,-0.0082,0.0,0.0,0.0,0.0,0.0,0.0,BALANCED,0.0
2016-01-11,UGL,UGL,0.0,32.03,-0.0019,0.0,0.0,0.0,0.0,0.0,0.0,BALANCED,0.0
2016-01-12,UGL,UGL,0.0,31.13,-0.0279,0.0,0.0,0.0,0.0,0.0,0.0,BALANCED,0.0
2016-01-13,UGL,UGL,0.0,31.29,0.005,0.0,0.0,0.0,0.0,0.0,0.0,BALANCED,0.0
2016-01-14,UGL,UGL,0.0,31.3,0.0004,0.0,0.0,0.0,0.0,0.0,0.0,BALANCED,0.0
2016-01-15,UGL,UGL,0.0,31.61,0.0098,0.0,0.0,0.0,0.0,0.0,0.0,BALANCED,0.0
2016-01-19,UGL,UGL,-1558000.0,31.17,-0.0139,-1558000.0,0.0,-1558000.0,-3.0151,-1558000.0,-1558000.0,DISTRIBUTION,-87.3778
2016-01-20,UGL,UGL,0.0,32.06,0.0285,-1558000.0,0.0,0.0,0.2887,-1558000.0,-1558000.0,BALANCED,-2.7831
2016-01-21,UGL,UGL,0.0,31.75,-0.0096,-1558000.0,0.0,0.0,0.2774,-1558000.0,-1558000.0,BALANCED,-3.0662
2016-01-22,UGL,UGL,0.0,31.74,-0.0004,-1558000.0,0.0,0.0,0.2673,-1558000.0,-1558000.0,BALANCED,-3.3185
2016-01-25,UGL,UGL,0.0,32.33,0.0187,-1558000.0,0.0,0.0,0.2582,-1558000.0,-1558000.0,BALANCED,-3.545
2016-01-26,UGL,UGL,0.0,32.74,0.0126,-1558000.0,0.0,0.0,0.25,0.0,-1558000.0,BALANCED,6.25
2016-01-27,UGL,UGL,0.0,32.89,0.0047,-1558000.0,0.0,0.0,0.2425,0.0,-1558000.0,BALANCED,6.0634
2016-01-28,UGL,UGL,-1638000.0,32.76,-0.0041,-3196000.0,0.0,-1638000.0,-2.8251,-1638000.0,-3196000.0,DISTRIBUTION,-82.6287
2016-01-29,UGL,UGL,0.0,32.63,-0.004,-3196000.0,0.0,0.0,0.3337,-1638000.0,-3196000.0,BALANCED,-1.6567
2016-02-01,UGL,UGL,0.0,33.48,0.0263,-3196000.0,0.0,0.0,0.3248,-1638000.0,-3196000.0,BALANCED,-1.8805
2016-02-02,UGL,UGL,0.0,33.6,0.0035,-3196000.0,0.0,0.0,0.3165,-1638000.0,-3196000.0,BALANCED,-2.0871
2016-02-03,UGL,UGL,0.0,33.81,0.0061,-3196000.0,0.0,0.0,0.3089,-1638000.0,-3196000.0,BALANCED,-2.2787
2016-02-04,UGL,UGL,0.0,35.26,0.043,-3196000.0,0.0,0.0,0.3017,0.0,-3196000.0,BALANCED,7.543
2016-02-05,UGL,UGL,0.0,34.89,-0.0104,-3196000.0,0.0,0.0,0.2951,0.0,-3196000.0,BALANCED,7.3766
2016-02-08,UGL,UGL,0.0,37.49,0.0744,-3196000.0,0.0,0.0,0.2888,0.0,-3196000.0,BALANCED,7.2207
2016-02-09,UGL,UGL,0.0,37.34,-0.0039,-3196000.0,0.0,0.0,0.283,0.0,-3196000.0,BALANCED,7.0743
2016-02-10,UGL,UGL,0.0,37.28,-0.0017,-3196000.0,0.0,0.0,0.2775,0.0,-3196000.0,BALANCED,6.9365
2016-02-11,UGL,UGL,0.0,40.47,0.0856,-3196000.0,0.0,0.0,0.2723,0.0,-3196000.0,BALANCED,6.8065
2016-02-12,UGL,UGL,0.0,40.38,-0.0021,-3196000.0,0.0,0.0,0.2673,0.0,-3196000.0,BALANCED,6.6835
2016-02-16,UGL,UGL,0.0,38.41,-0.049,-3196000.0,0.0,0.0,0.2627,0.0,-3196000.0,BALANCED,6.567
2016-02-17,UGL,UGL,0.0,38.44,0.0008,-3196000.0,0.0,0.0,0.2627,0.0,-1638000.0,BALANCED,6.567
2016-02-18,UGL,UGL,0.0,38.44,0.0002,-3196000.0,0.0,0.0,0.2627,0.0,-1638000.0,BALANCED,6.567
2016-02-19,UGL,UGL,0.0,39.78,0.0347,-3196000.0,0.0,0.0,0.2627,0.0,-1638000.0,BALANCED,6.567
2016-02-22,UGL,UGL,0.0,38.47,-0.0329,-3196000.0,0.0,0.0,0.2627,0.0,-1638000.0,BALANCED,6.567
2016-02-23,UGL,UGL,0.0,39.12,0.017,-3196000.0,0.0,0.0,0.2627,0.0,-1638000.0,BALANCED,6.567
2016-02-24,UGL,UGL,0.0,41.01,0.0481,-3196000.0,0.0,0.0,0.2627,0.0,-1638000.0,BALANCED,6.567
2016-02-25,UGL,UGL,0.0,40.04,-0.0236,-3196000.0,0.0,0.0,0.2627,0.0,-1638000.0,BALANCED,6.567
2016-02-26,UGL,UGL,0.0,39.42,-0.0154,-3196000.0,0.0,0.0,0.2627,0.0,0.0,BALANCED,6.567
2016-02-29,UGL,UGL,0.0,39.95,0.0135,-3196000.0,0.0,0.0,0.2627,0.0,0.0,BALANCED,6.567
2016-03-01,UGL,UGL,0.0,40.06,0.0026,-3196000.0,0.0,0.0,0.2627,0.0,0.0,BALANCED,6.567
2016-03-02,UGL,UGL,0.0,40.23,0.0043,-3196000.0,0.0,0.0,0.1826,0.0,0.0,BALANCED,4.5644
2016-03-03,UGL,UGL,2047000.0,40.94,0.0178,-1149000.0,2047000.0,0.0,4.1784,2047000.0,2047000.0,ACCUMULATION,100.0
2016-03-04,UGL,UGL,0.0,42.73,0.0435,-1149000.0,0.0,0.0,-0.028,2047000.0,2047000.0,BALANCED,9.2996
2016-03-07,UGL,UGL,0.0,42.08,-0.0152,-1149000.0,0.0,0.0,-0.028,2047000.0,2047000.0,BALANCED,9.2996
2016-03-08,UGL,UGL,0.0,42.02,-0.0015,-1149000.0,0.0,0.0,-0.028,2047000.0,2047000.0,BALANCED,9.2996
2016-03-09,UGL,UGL,0.0,40.65,-0.0326,-1149000.0,0.0,0.0,-0.028,2047000.0,2047000.0,BALANCED,9.2996
2016-03-10,UGL,UGL,0.0,41.95,0.0321,-1149000.0,0.0,0.0,-0.028,0.0,2047000.0,BALANCED,-0.7004
2016-03-11,UGL,UGL,0.0,41.83,-0.0028,-1149000.0,0.0,0.0,-0.1826,0.0,2047000.0,BALANCED,-4.5644
2016-03-14,UGL,UGL,2019000.0,40.37,-0.035,870000.0,2019000.0,0.0,3.6515,2019000.0,4066000.0,ACCUMULATION,100.0
2016-03-15,UGL,UGL,0.0,39.67,-0.0174,870000.0,0.0,0.0,-0.2628,2019000.0,4066000.0,BALANCED,3.4309
2016-03-16,UGL,UGL,0.0,39.44,-0.0057,870000.0,0.0,0.0,-0.2628,2019000.0,4066000.0,BALANCED,3.4309
2016-03-17,UGL,UGL,0.0,41.88,0.0618,870000.0,0.0,0.0,-0.2628,2019000.0,4066000.0,BALANCED,3.4309
2016-03-18,UGL,UGL,0.0,40.92,-0.0228,870000.0,0.0,0.0,-0.2628,2019000.0,4066000.0,BALANCED,3.4309
2016-03-21,UGL,UGL,0.0,40.45,-0.0117,870000.0,0.0,0.0,-0.2628,0.0,4066000.0,BALANCED,-6.5691
2016-03-22,UGL,UGL,0.0,40.94,0.0122,870000.0,0.0,0.0,-0.2628,0.0,4066000.0,BALANCED,-6.5691
2016-03-23,UGL,UGL,0.0,38.66,-0.0558,870000.0,0.0,0.0,-0.2628,0.0,4066000.0,BALANCED,-6.5691
2016-03-24,UGL,UGL,0.0,38.87,0.0055,870000.0,0.0,0.0,-0.2628,0.0,4066000.0,BALANCED,-6.5691
2016-03-28,UGL,UGL,-1943000.0,38.86,-0.0003,-1073000.0,0.0,-1943000.0,-3.1448,-1943000.0,2123000.0,DISTRIBUTION,-90.6192
2016-03-29,UGL,UGL,0.0,39.18,0.0081,-1073000.0,0.0,0.0,-0.1105,-1943000.0,2123000.0,BALANCED,-12.7628
2016-03-30,UGL,UGL,0.0,39.83,0.0167,-1073000.0,0.0,0.0,-0.1105,-1943000.0,2123000.0,BALANCED,-12.7628
2016-03-31,UGL,UGL,0.0,39.87,0.0011,-1073000.0,0.0,0.0,-0.1105,-1943000.0,2123000.0,BALANCED,-12.7628
2016-04-01,UGL,UGL,0.0,38.36,-0.0379,-1073000.0,0.0,0.0,-0.1105,-1943000.0,76000.0,BALANCED,-12.7628
2016-04-04,UGL,UGL,0.0,38.74,0.0099,-1073000.0,0.0,0.0,-0.1105,0.0,76000.0,BALANCED,-2.7628
2016-04-05,UGL,UGL,0.0,39.47,0.0188,-1073000.0,0.0,0.0,-0.1105,0.0,76000.0,BALANCED,-2.7628
2016-04-06,UGL,UGL,0.0,38.84,-0.0161,-1073000.0,0.0,0.0,-0.1105,0.0,76000.0,BALANCED,-2.7628
2016-04-07,UGL,UGL,0.0,40.15,0.0339,-1073000.0,0.0,0.0,-0.1105,0.0,76000.0,BALANCED,-2.7628
2016-04-08,UGL,UGL,0.0,39.98,-0.0042,-1073000.0,0.0,0.0,-0.1105,0.0,76000.0,BALANCED,-2.7628
2016-04-11,UGL,UGL,0.0,40.96,0.0244,-1073000.0,0.0,0.0,-0.1105,0.0,76000.0,BALANCED,-2.7628
2016-04-12,UGL,UGL,0.0,40.95,-0.0003,-1073000.0,0.0,0.0,-0.1105,0.0,-1943000.0,BALANCED,-2.7628
2016-04-13,UGL,UGL,0.0,40.37,-0.0141,-1073000.0,0.0,0.0,-0.1105,0.0,-1943000.0,BALANCED,-2.7628
2016-04-14,UGL,UGL,0.0,39.6,-0.0192,-1073000.0,0.0,0.0,-0.1105,0.0,-1943000.0,BALANCED,-2.7628
2016-04-15,UGL,UGL,0.0,39.16,-0.011,-1073000.0,0.0,0.0,-0.0049,0.0,-1943000.0,BALANCED,-0.1217
2016-04-18,UGL,UGL,0.0,39.61,0.0115,-1073000.0,0.0,0.0,-0.0049,0.0,-1943000.0,BALANCED,-0.1217
2016-04-19,UGL,UGL,0.0,40.96,0.0341,-1073000.0,0.0,0.0,-0.0049,0.0,-1943000.0,BALANCED,-0.1217
2016-04-20,UGL,UGL,0.0,40.73,-0.0055,-1073000.0,0.0,0.0,-0.0049,0.0,-1943000.0,BALANCED,-0.1217
2016-04-21,UGL,UGL,0.0,40.55,-0.0045,-1073000.0,0.0,0.0,-0.0049,0.0,-1943000.0,BALANCED,-0.1217
2016-04-22,UGL,UGL,0.0,40.16,-0.0097,-1073000.0,0.0,0.0,-0.0049,0.0,-1943000.0,BALANCED,-0.1217
2016-04-25,UGL,UGL,0.0,39.87,-0.0072,-1073000.0,0.0,0.0,-0.0049,0.0,0.0,BALANCED,-0.1217
2016-04-26,UGL,UGL,0.0,40.05,0.0045,-1073000.0,0.0,0.0,0.1826,0.0,0.0,BALANCED,4.5644
2016-04-27,UGL,UGL,0.0,40.41,0.0091,-1073000.0,0.0,0.0,0.1826,0.0,0.0,BALANCED,4.5644
2016-04-28,UGL,UGL,0.0,40.97,0.0137,-1073000.0,0.0,0.0,0.1826,0.0,0.0,BALANCED,4.5644
2016-04-29,UGL,UGL,0.0,42.9,0.0472,-1073000.0,0.0,0.0,0.1826,0.0,0.0,BALANCED,4.5644
2016-05-02,UGL,UGL,0.0,42.89,-0.0002,-1073000.0,0.0,0.0,0.1826,0.0,0.0,BALANCED,4.5644
2016-05-03,UGL,UGL,0.0,43.44,0.0129,-1073000.0,0.0,0.0,0.1826,0.0,0.0,BALANCED,4.5644
2016-05-04,UGL,UGL,0.0,42.7,-0.0171,-1073000.0,0.0,0.0,0.1826,0.0,0.0,BALANCED,4.5644
2016-05-05,UGL,UGL,0.0,42.51,-0.0044,-1073000.0,0.0,0.0,0.1826,0.0,0.0,BALANCED,4.5644
2016-05-06,UGL,UGL,0.0,43.09,0.0136,-1073000.0,0.0,0.0,0.1826,0.0,0.0,BALANCED,4.5644
2016-05-09,UGL,UGL,0.0,41.49,-0.0371,-1073000.0,0.0,0.0,0.0,0.0,0.0,BALANCED,0.0
2016-05-10,UGL,UGL,0.0,41.33,-0.004,-1073000.0,0.0,0.0,0.0,0.0,0.0,BALANCED,0.0
2016-05-11,UGL,UGL,0.0,42.24,0.0221,-1073000.0,0.0,0.0,0.0,0.0,0.0,BALANCED,0.0
2016-05-12,UGL,UGL,0.0,42.4,0.0037,-1073000.0,0.0,0.0,0.0,0.0,0.0,BALANCED,0.0
2016-05-13,UGL,UGL,0.0,41.51,-0.021,-1073000.0,0.0,0.0,0.0,0.0,0.0,BALANCED,0.0
2016-05-16,UGL,UGL,0.0,42.8,0.0311,-1073000.0,0.0,0.0,0.0,0.0,0.0,BALANCED,0.0
2016-05-17,UGL,UGL,0.0,42.21,-0.0137,-1073000.0,0.0,0.0,0.0,0.0,0.0,BALANCED,0.0
2016-05-18,UGL,UGL,0.0,41.94,-0.0065,-1073000.0,0.0,0.0,0.0,0.0,0.0,BALANCED,0.0
2016-05-19,UGL,UGL,0.0,40.18,-0.0419,-1073000.0,0.0,0.0,0.0,0.0,0.0,BALANCED,0.0
2016-05-20,UGL,UGL,0.0,40.69,0.0127,-1073000.0,0.0,0.0,0.0,0.0,0.0,BALANCED,0.0
2016-05-23,UGL,UGL,0.0,40.14,-0.0135,-1073000.0,0.0,0.0,0.0,0.0,0.0,BALANCED,0.0
2016-05-24,UGL,UGL,0.0,39.56,-0.0146,-1073000.0,0.0,0.0,0.0,0.0,0.0,BALANCED,0.0
2016-05-25,UGL,UGL,0.0,38.51,-0.0264,-1073000.0,0.0,0.0,0.0,0.0,0.0,BALANCED,0.0
2016-05-26,UGL,UGL,0.0,38.71,0.0052,-1073000.0,0.0,0.0,0.0,0.0,0.0,BALANCED,0.0
2016-05-27,UGL,UGL,0.0,38.23,-0.0125,-1073000.0,0.0,0.0,0.0,0.0,0.0,BALANCED,0.0
2016-05-31,UGL,UGL,0.0,37.96,-0.0072,-1073000.0,0.0,0.0,0.0,0.0,0.0,BALANCED,0.0
2016-06-01,UGL,UGL,0.0,38.1,0.0039,-1073000.0,0.0,0.0,0.0,0.0,0.0,BALANCED,0.0
2016-06-02,UGL,UGL,0.0,37.97,-0.0036,-1073000.0,0.0,0.0,0.0,0.0,0.0,BALANCED,0.0
2016-06-03,UGL,UGL,0.0,39.72,0.0463,-1073000.0,0.0,0.0,0.0,0.0,0.0,BALANCED,0.0
2016-06-06,UGL,UGL,-1997000.0,39.94,0.0054,-3070000.0,0.0,-1997000.0,-5.2947,-1997000.0,-1997000.0,DISTRIBUTION,-100.0
2016-06-07,UGL,UGL,0.0,39.75,-0.0049,-3070000.0,0.0,0.0,0.1826,-1997000.0,-1997000.0,BALANCED,-5.4356
2016-06-08,UGL,UGL,0.0,41.15,0.0353,-3070000.0,0.0,0.0,0.1826,-1997000.0,-1997000.0,BALANCED,-5.4356
2016-06-09,UGL,UGL,0.0,41.21,0.0014,-3070000.0,0.0,0.0,0.1826,-1997000.0,-1997000.0,BALANCED,-5.4356
2016-06-10,UGL,UGL,0.0,41.96,0.0183,-3070000.0,0.0,0.0,0.1826,-1997000.0,-1997000.0,BALANCED,-5.4356
2016-06-13,UGL,UGL,0.0,42.3,0.0081,-3070000.0,0.0,0.0,0.1826,0.0,-1997000.0,BALANCED,4.5644
2016-06-14,UGL,UGL,0.0,42.72,0.0098,-3070000.0,0.0,0.0,0.1826,0.0,-1997000.0,BALANCED,4.5644
2016-06-15,UGL,UGL,0.0,42.46,-0.0061,-3070000.0,0.0,0.0,0.1826,0.0,-1997000.0,BALANCED,4.5644
2016-06-16,UGL,UGL,0.0,44.27,0.0427,-3070000.0,0.0,0.0,0.1826,0.0,-1997000.0,BALANCED,4.5644
2016-06-17,UGL,UGL,0.0,42.92,-0.0307,-3070000.0,0.0,0.0,0.1826,0.0,-1997000.0,BALANCED,4.5644
2016-06-20,UGL,UGL,0.0,42.31,-0.0141,-3070000.0,0.0,0.0,0.1826,0.0,-1997000.0,BALANCED,4.5644
2016-06-21,UGL,UGL,0.0,41.7,-0.0144,-3070000.0,0.0,0.0,0.1826,0.0,-1997000.0,BALANCED,4.5644
2016-06-22,UGL,UGL,0.0,41.19,-0.0123,-3070000.0,0.0,0.0,0.1826,0.0,-1997000.0,BALANCED,4.5644
2016-06-23,UGL,UGL,0.0,41.01,-0.0044,-3070000.0,0.0,0.0,0.1826,0.0,-1997000.0,BALANCED,4.5644
2016-06-24,UGL,UGL,0.0,44.47,0.0844,-3070000.0,0.0,0.0,0.1826,0.0,-1997000.0,BALANCED,4.5644
2016-06-27,UGL,UGL,0.0,45.07,0.0135,-3070000.0,0.0,0.0,0.1826,0.0,-1997000.0,BALANCED,4.5644
2016-06-28,UGL,UGL,0.0,44.06,-0.0225,-3070000.0,0.0,0.0,0.1826,0.0,-1997000.0,BALANCED,4.5644
2016-06-29,UGL,UGL,0.0,44.85,0.0179,-3070000.0,0.0,0.0,0.1826,0.0,-1997000.0,BALANCED,4.5644
2016-06-30,UGL,UGL,0.0,44.79,-0.0012,-3070000.0,0.0,0.0,0.1826,0.0,-1997000.0,BALANCED,4.5644
2016-07-01,UGL,UGL,0.0,46.09,0.0291,-3070000.0,0.0,0.0,0.1826,0.0,-1997000.0,BALANCED,4.5644
2016-07-05,UGL,UGL,0.0,46.82,0.0157,-3070000.0,0.0,0.0,0.1826,0.0,0.0,BALANCED,4.5644
2016-07-06,UGL,UGL,2394000.0,47.89,0.0229,-676000.0,2394000.0,0.0,4.1136,2394000.0,2394000.0,ACCUMULATION,100.0
2016-07-07,UGL,UGL,0.0,47.2,-0.0143,-676000.0,0.0,0.0,-0.0229,2394000.0,2394000.0,BALANCED,9.4284
2016-07-08,UGL,UGL,0.0,47.03,-0.0037,-676000.0,0.0,0.0,-0.0229,2394000.0,2394000.0,BALANCED,9.4284
2016-07-11,UGL,UGL,0.0,47.22,0.004,-676000.0,0.0,0.0,-0.0229,2394000.0,2394000.0,BALANCED,9.4284
2016-07-12,UGL,UGL,0.0,46.19,-0.0217,-676000.0,0.0,0.0,-0.0229,2394000.0,2394000.0,BALANCED,9.4284
2016-07-13,UGL,UGL,0.0,46.22,0.0005,-676000.0,0.0,0.0,-0.0229,0.0,2394000.0,BALANCED,-0.5716
2016-07-14,UGL,UGL,0.0,44.9,-0.0285,-676000.0,0.0,0.0,-0.0229,0.0,2394000.0,BALANCED,-0.5716
2016-07-15,UGL,UGL,0.0,45.12,0.005,-676000.0,0.0,0.0,-0.0229,0.0,2394000.0,BALANCED,-0.5716
2016-07-18,UGL,UGL,0.0,45.63,0.0113,-676000.0,0.0,0.0,-0.0229,0.0,2394000.0,BALANCED,-0.5716
2016-07-19,UGL,UGL,0.0,45.37,-0.0058,-676000.0,0.0,0.0,-0.1826,0.0,2394000.0,BALANCED,-4.5644
2016-07-20,UGL,UGL,0.0,44.34,-0.0226,-676000.0,0.0,0.0,-0.1826,0.0,2394000.0,BALANCED,-4.5644
2016-07-21,UGL,UGL,-2235000.0,44.69,0.0079,-2911000.0,0.0,-2235000.0,-3.6838,-2235000.0,159000.0,DISTRIBUTION,-100.0
2016-07-22,UGL,UGL,0.0,44.66,-0.0007,-2911000.0,0.0,0.0,-0.0087,-2235000.0,159000.0,BALANCED,-10.2179
2016-07-25,UGL,UGL,0.0,44.13,-0.0118,-2911000.0,0.0,0.0,-0.0087,-2235000.0,159000.0,BALANCED,-10.2179
2016-07-26,UGL,UGL,0.0,44.79,0.0149,-2911000.0,0.0,0.0,-0.0087,-2235000.0,159000.0,BALANCED,-10.2179
2016-07-27,UGL,UGL,0.0,45.19,0.009,-2911000.0,0.0,0.0,-0.0087,-2235000.0,159000.0,BALANCED,-10.2179
2016-07-28,UGL,UGL,0.0,46.06,0.0192,-2911000.0,0.0,0.0,-0.0087,0.0,159000.0,BALANCED,-0.2179
2016-07-29,UGL,UGL,0.0,46.07,0.0003,-2911000.0,0.0,0.0,-0.0087,0.0,159000.0,BALANCED,-0.2179
2016-08-01,UGL,UGL,0.0,46.59,0.0112,-2911000.0,0.0,0.0,-0.0087,0.0,159000.0,BALANCED,-0.2179
2016-08-02,UGL,UGL,0.0,47.56,0.0208,-2911000.0,0.0,0.0,-0.0087,0.0,159000.0,BALANCED,-0.2179
2016-08-03,UGL,UGL,0.0,47.22,-0.0072,-2911000.0,0.0,0.0,-0.0087,0.0,-2235000.0,BALANCED,-0.2179
2016-08-04,UGL,UGL,0.0,47.48,0.0056,-2911000.0,0.0,0.0,-0.0087,0.0,-2235000.0,BALANCED,-0.2179
2016-08-05,UGL,UGL,0.0,45.92,-0.0329,-2911000.0,0.0,0.0,-0.0087,0.0,-2235000.0,BALANCED,-0.2179
2016-08-08,UGL,UGL,0.0,45.66,-0.0056,-2911000.0,0.0,0.0,-0.0087,0.0,-2235000.0,BALANCED,-0.2179
2016-08-09,UGL,UGL,0.0,45.95,0.0063,-2911000.0,0.0,0.0,-0.0087,0.0,-2235000.0,BALANCED,-0.2179
2016-08-10,UGL,UGL,0.0,46.41,0.01,-2911000.0,0.0,0.0,-0.0087,0.0,-2235000.0,BALANCED,-0.2179
2016-08-11,UGL,UGL,0.0,46.9,0.0107,-2911000.0,0.0,0.0,-0.0087,0.0,-2235000.0,BALANCED,-0.2179
2016-08-12,UGL,UGL,0.0,46.7,-0.0043,-2911000.0,0.0,0.0,-0.0087,0.0,-2235000.0,BALANCED,-0.2179
2016-08-15,UGL,UGL,0.0,45.8,-0.0193,-2911000.0,0.0,0.0,-0.0087,0.0,-2235000.0,BALANCED,-0.2179
2016-08-16,UGL,UGL,0.0,46.12,0.0068,-2911000.0,0.0,0.0,-0.0087,0.0,-2235000.0,BALANCED,-0.2179
2016-08-17,UGL,UGL,0.0,46.06,-0.0012,-2911000.0,0.0,0.0,0.1826,0.0,-2235000.0,BALANCED,4.5644
2016-08-18,UGL,UGL,0.0,46.51,0.0098,-2911000.0,0.0,0.0,0.1826,0.0,0.0,BALANCED,4.5644
2016-08-19,UGL,UGL,0.0,46.25,-0.0056,-2911000.0,0.0,0.0,0.1826,0.0,0.0,BALANCED,4.5644
2016-08-22,UGL,UGL,0.0,45.52,-0.0158,-2911000.0,0.0,0.0,0.1826,0.0,0.0,BALANCED,4.5644
2016-08-23,UGL,UGL,0.0,45.93,0.009,-2911000.0,0.0,0.0,0.1826,0.0,0.0,BALANCED,4.5644
2016-08-24,UGL,UGL,0.0,44.92,-0.0221,-2911000.0,0.0,0.0,0.1826,0.0,0.0,BALANCED,4.5644
2016-08-25,UGL,UGL,0.0,44.51,-0.0091,-2911000.0,0.0,0.0,0.1826,0.0,0.0,BALANCED,4.5644
2016-08-26,UGL,UGL,0.0,44.34,-0.0039,-2911000.0,0.0,0.0,0.1826,0.0,0.0,BALANCED,4.5644
2016-08-29,UGL,UGL,0.0,44.32,-0.0002,-2911000.0,0.0,0.0,0.1826,0.0,0.0,BALANCED,4.5644
2016-08-30,UGL,UGL,0.0,44.28,-0.001,-2911000.0,0.0,0.0,0.1826,0.0,0.0,BALANCED,4.5644
2016-08-31,UGL,UGL,0.0,43.68,-0.0136,-2911000.0,0.0,0.0,0.1826,0.0,0.0,BALANCED,4.5644
2016-09-01,UGL,UGL,0.0,43.69,0.0003,-2911000.0,0.0,0.0,0.0,0.0,0.0,BALANCED,0.0
2016-09-02,UGL,UGL,0.0,44.7,0.0231,-2911000.0,0.0,0.0,0.0,0.0,0.0,BALANCED,0.0
2016-09-06,UGL,UGL,0.0,45.54,0.0186,-2911000.0,0.0,0.0,0.0,0.0,0.0,BALANCED,0.0
2016-09-07,UGL,UGL,0.0,46.3,0.0168,-2911000.0,0.0,0.0,0.0,0.0,0.0,BALANCED,0.0
2016-09-08,UGL,UGL,0.0,45.96,-0.0074,-2911000.0,0.0,0.0,0.0,0.0,0.0,BALANCED,0.0
2016-09-09,UGL,UGL,0.0,45.09,-0.0189,-2911000.0,0.0,0.0,0.0,0.0,0.0,BALANCED,0.0
2016-09-12,UGL,UGL,0.0,44.66,-0.0097,-2911000.0,0.0,0.0,0.0,0.0,0.0,BALANCED,0.0
2016-09-13,UGL,UGL,0.0,44.59,-0.0015,-2911000.0,0.0,0.0,0.0,0.0,0.0,BALANCED,0.0
2016-09-14,UGL,UGL,0.0,44.46,-0.0029,-2911000.0,0.0,0.0,0.0,0.0,0.0,BALANCED,0.0
2016-09-15,UGL,UGL,0.0,43.72,-0.0167,-2911000.0,0.0,0.0,0.0,0.0,0.0,BALANCED,0.0
2016-09-16,UGL,UGL,0.0,43.55,-0.0038,-2911000.0,0.0,0.0,0.0,0.0,0.0,BALANCED,0.0
2016-09-19,UGL,UGL,0.0,43.97,0.0096,-2911000.0,0.0,0.0,0.0,0.0,0.0,BALANCED,0.0
2016-09-20,UGL,UGL,0.0,43.89,-0.0017,-2911000.0,0.0,0.0,0.0,0.0,0.0,BALANCED,0.0
2016-09-21,UGL,UGL,0.0,44.71,0.0186,-2911000.0,0.0,0.0,0.0,0.0,0.0,BALANCED,0.0
2016-09-22,UGL,UGL,0.0,45.59,0.0195,-2911000.0,0.0,0.0,0.0,0.0,0.0,BALANCED,0.0
2016-09-23,UGL,UGL,0.0,45.55,-0.0007,-2911000.0,0.0,0.0,0.0,0.0,0.0,BALANCED,0.0
2016-09-26,UGL,UGL,0.0,45.67,0.0025,-2911000.0,0.0,0.0,0.0,0.0,0.0,BALANCED,0.0
2016-09-27,UGL,UGL,0.0,44.74,-0.0202,-2911000.0,0.0,0.0,0.0,0.0,0.0,BALANCED,0.0
2016-09-28,UGL,UGL,0.0,44.43,-0.0069,-2911000.0,0.0,0.0,0.0,0.0,0.0,BALANCED,0.0
2016-09-29,UGL,UGL,0.0,44.13,-0.0068,-2911000.0,0.0,0.0,0.0,0.0,0.0,BALANCED,0.0
2016-09-30,UGL,UGL,0.0,44.42,0.0066,-2911000.0,0.0,0.0,0.0,0.0,0.0,BALANCED,0.0
2016-10-03,UGL,UGL,0.0,43.79,-0.0142,-2911000.0,0.0,0.0,0.0,0.0,0.0,BALANCED,0.0
2016-10-04,UGL,UGL,0.0,41.79,-0.0458,-2911000.0,0.0,0.0,0.0,0.0,0.0,BALANCED,0.0
2016-10-05,UGL,UGL,0.0,40.88,-0.0218,-2911000.0,0.0,0.0,0.0,0.0,0.0,BALANCED,0.0
2016-10-06,UGL,UGL,-1996000.0,39.91,-0.0236,-4907000.0,0.0,-1996000.0,-5.2947,-1996000.0,-1996000.0,DISTRIBUTION,-100.0
2016-10-07,UGL,UGL,0.0,40.18,0.0067,-4907000.0,0.0,0.0,0.1826,-1996000.0,-1996000.0,BALANCED,-5.4356
2016-10-10,UGL,UGL,0.0,40.22,0.0009,-4907000.0,0.0,0.0,0.1826,-1996000.0,-1996000.0,BALANCED,-5.4356
2016-10-11,UGL,UGL,0.0,39.83,-0.0097,-4907000.0,0.0,0.0,0.1826,-1996000.0,-1996000.0,BALANCED,-5.4356
2016-10-12,UGL,UGL,0.0,40.01,0.0047,-4907000.0,0.0,0.0,0.1826,-1996000.0,-1996000.0,BALANCED,-5.4356
2016-10-13,UGL,UGL,0.0,40.3,0.0071,-4907000.0,0.0,0.0,0.1826,0.0,-1996000.0,BALANCED,4.5644
2016-10-14,UGL,UGL,0.0,39.7,-0.0149,-4907000.0,0.0,0.0,0.1826,0.0,-1996000.0,BALANCED,4.5644
2016-10-17,UGL,UGL,7976000.0,39.88,0.0047,3069000.0,7976000.0,0.0,5.139,7976000.0,5980000.0,ACCUMULATION,100.0
2016-10-18,UGL,UGL,0.0,40.09,0.0053,3069000.0,0.0,0.0,-0.1317,7976000.0,5980000.0,BALANCED,6.7069
2016-10-19,UGL,UGL,0.0,40.78,0.0172,3069000.0,0.0,0.0,-0.1317,7976000.0,5980000.0,BALANCED,6.7069
2016-10-20,UGL,UGL,4095000.0,40.95,0.004,7164000.0,4095000.0,0.0,2.2495,12071000.0,10075000.0,ACCUMULATION,68.2374
2016-10-21,UGL,UGL,0.0,40.58,-0.0089,7164000.0,0.0,0.0,-0.201,12071000.0,10075000.0,BALANCED,4.9759
2016-10-24,UGL,UGL,0.0,40.54,-0.001,7164000.0,0.0,0.0,-0.201,4095000.0,10075000.0,BALANCED,4.9759
2016-10-25,UGL,UGL,4079000.0,40.79,0.006,11243000.0,4079000.0,0.0,2.0001,8174000.0,14154000.0,ACCUMULATION,62.0016
2016-10-26,UGL,UGL,0.0,40.86,0.0017,11243000.0,0.0,0.0,-0.2616,8174000.0,14154000.0,BALANCED,3.4601
2016-10-27,UGL,UGL,0.0,40.58,-0.0067,11243000.0,0.0,0.0,-0.2616,4079000.0,14154000.0,BALANCED,3.4601
2016-10-28,UGL,UGL,0.0,41.01,0.0106,11243000.0,0.0,0.0,-0.2616,4079000.0,14154000.0,BALANCED,3.4601
2016-10-31,UGL,UGL,4094000.0,40.94,-0.0018,15337000.0,4094000.0,0.0,1.8175,8173000.0,18248000.0,ACCUMULATION,57.4375
2016-11-01,UGL,UGL,4199000.0,41.99,0.0258,19536000.0,4199000.0,0.0,1.7063,8293000.0,22447000.0,ACCUMULATION,56.6583
2016-11-02,UGL,UGL,0.0,42.99,0.0237,19536000.0,0.0,0.0,-0.37,8293000.0,22447000.0,BALANCED,0.7504
2016-11-03,UGL,UGL,0.0,42.8,-0.0043,19536000.0,0.0,0.0,-0.37,8293000.0,24443000.0,BALANCED,0.7504
2016-11-04,UGL,UGL,0.0,42.92,0.0027,19536000.0,0.0,0.0,-0.37,8293000.0,24443000.0,BALANCED,0.7504
2016-11-07,UGL,UGL,0.0,41.6,-0.0306,19536000.0,0.0,0.0,-0.37,4199000.0,24443000.0,BALANCED,0.7504
2016-11-08,UGL,UGL,4155000.0,41.55,-0.0012,23691000.0,4155000.0,0.0,1.5492,4155000.0,28598000.0,ACCUMULATION,50.7289
2016-11-09,UGL,UGL,0.0,41.49,-0.0017,23691000.0,0.0,0.0,-0.4203,4155000.0,28598000.0,BALANCED,-0.5078
2016-11-10,UGL,UGL,0.0,40.57,-0.022,23691000.0,0.0,0.0,-0.4203,4155000.0,28598000.0,BALANCED,-0.5078
2016-11-11,UGL,UGL,0.0,38.58,-0.0492,23691000.0,0.0,0.0,-0.4203,4155000.0,28598000.0,BALANCED,-0.5078
2016-11-14,UGL,UGL,0.0,37.14,-0.0373,23691000.0,0.0,0.0,-0.4203,4155000.0,20622000.0,BALANCED,-0.5078
2016-11-15,UGL,UGL,-7591000.0,37.96,0.022,16100000.0,0.0,-7591000.0,-3.1457,-7591000.0,13031000.0,DISTRIBUTION,-90.6435
2016-11-16,UGL,UGL,0.0,38.1,0.0037,16100000.0,0.0,0.0,-0.2424,-7591000.0,13031000.0,BALANCED,-16.0594
2016-11-17,UGL,UGL,0.0,37.94,-0.004,16100000.0,0.0,0.0,-0.2724,-7591000.0,8936000.0,BALANCED,-16.8107
2016-11-18,UGL,UGL,0.0,36.97,-0.0257,16100000.0,0.0,0.0,-0.2724,-7591000.0,8936000.0,BALANCED,-16.8107
2016-11-21,UGL,UGL,0.0,37.16,0.0051,16100000.0,0.0,0.0,-0.2724,-7591000.0,8936000.0,BALANCED,-16.8107
2016-11-22,UGL,UGL,0.0,37.03,-0.0033,16100000.0,0.0,0.0,-0.2724,0.0,4857000.0,BALANCED,-6.8107
2016-11-23,UGL,UGL,0.0,35.39,-0.0445,16100000.0,0.0,0.0,-0.2724,0.0,4857000.0,BALANCED,-6.8107
2016-11-25,UGL,UGL,0.0,35.52,0.0038,16100000.0,0.0,0.0,-0.2724,0.0,4857000.0,BALANCED,-6.8107
2016-11-28,UGL,UGL,0.0,35.47,-0.0014,16100000.0,0.0,0.0,-0.2724,0.0,4857000.0,BALANCED,-6.8107
2016-11-29,UGL,UGL,0.0,35.44,-0.0008,16100000.0,0.0,0.0,-0.1998,0.0,763000.0,BALANCED,-4.9957
2016-11-30,UGL,UGL,0.0,34.93,-0.0143,16100000.0,0.0,0.0,-0.1998,0.0,-3436000.0,BALANCED,-4.9957
2016-12-01,UGL,UGL,0.0,33.97,-0.0277,16100000.0,0.0,0.0,-0.1998,0.0,-3436000.0,BALANCED,-4.9957
2016-12-02,UGL,UGL,0.0,34.65,0.02,16100000.0,0.0,0.0,-0.1445,0.0,-3436000.0,BALANCED,-3.6121
2016-12-05,UGL,UGL,-3397000.0,33.97,-0.0195,12703000.0,0.0,-3397000.0,-1.6513,-3397000.0,-6833000.0,DISTRIBUTION,-53.2817
2016-12-06,UGL,UGL,0.0,34.57,0.0176,12703000.0,0.0,0.0,-0.0851,-3397000.0,-6833000.0,BALANCED,-12.1281
2016-12-07,UGL,UGL,0.0,34.87,0.0088,12703000.0,0.0,0.0,-0.0239,-3397000.0,-10988000.0,BALANCED,-10.5963
2016-12-08,UGL,UGL,0.0,34.48,-0.0112,12703000.0,0.0,0.0,-0.0239,-3397000.0,-10988000.0,BALANCED,-10.5963
2016-12-09,UGL,UGL,0.0,34.04,-0.0128,12703000.0,0.0,0.0,-0.0239,-3397000.0,-10988000.0,BALANCED,-10.5963
2016-12-12,UGL,UGL,5039000.0,33.59,-0.0131,17742000.0,5039000.0,0.0,2.1581,5039000.0,-5949000.0,ACCUMULATION,65.9524
2016-12-13,UGL,UGL,0.0,33.73,0.0042,17742000.0,0.0,0.0,-0.038,5039000.0,-5949000.0,BALANCED,9.0507
2016-12-14,UGL,UGL,0.0,33.95,0.0064,17742000.0,0.0,0.0,0.0305,5039000.0,1642000.0,BALANCED,10.7617
2016-12-15,UGL,UGL,0.0,31.88,-0.0608,17742000.0,0.0,0.0,0.0305,5039000.0,1642000.0,BALANCED,10.7617
2016-12-16,UGL,UGL,0.0,32.14,0.0081,17742000.0,0.0,0.0,0.0305,5039000.0,1642000.0,BALANCED,10.7617
2016-12-19,UGL,UGL,0.0,32.4,0.0079,17742000.0,0.0,0.0,0.0305,0.0,1642000.0,BALANCED,0.7617
2016-12-20,UGL,UGL,0.0,31.79,-0.0186,17742000.0,0.0,0.0,0.0305,0.0,1642000.0,BALANCED,0.7617
2016-12-21,UGL,UGL,0.0,32.24,0.014,17742000.0,0.0,0.0,0.1105,0.0,1642000.0,BALANCED,2.7628
2016-12-22,UGL,UGL,0.0,32.11,-0.0042,17742000.0,0.0,0.0,0.1105,0.0,1642000.0,BALANCED,2.7628
2016-12-23,UGL,UGL,0.0,32.1,-0.0001,17742000.0,0.0,0.0,0.1105,0.0,1642000.0,BALANCED,2.7628
2016-12-27,UGL,UGL,0.0,32.09,-0.0004,17742000.0,0.0,0.0,0.1105,0.0,1642000.0,BALANCED,2.7628
2016-12-28,UGL,UGL,0.0,32.27,0.0056,17742000.0,0.0,0.0,0.1105,0.0,1642000.0,BALANCED,2.7628
2016-12-29,UGL,UGL,1645000.0,32.91,0.0198,19387000.0,1645000.0,0.0,1.3194,1645000.0,3287000.0,BALANCED,44.9838
2016-12-30,UGL,UGL,0.0,32.9,-0.0001,19387000.0,0.0,0.0,-0.0941,1645000.0,3287000.0,BALANCED,7.6463
2017-01-03,UGL,UGL,0.0,33.18,0.0085,19387000.0,0.0,0.0,-0.0941,1645000.0,3287000.0,BALANCED,7.6463
2017-01-04,UGL,UGL,0.0,33.94,0.0229,19387000.0,0.0,0.0,-0.0941,1645000.0,6684000.0,BALANCED,7.6463
2017-01-05,UGL,UGL,0.0,34.67,0.0213,19387000.0,0.0,0.0,-0.0941,1645000.0,6684000.0,BALANCED,7.6463
2017-01-06,UGL,UGL,0.0,34.61,-0.0015,19387000.0,0.0,0.0,-0.0941,0.0,6684000.0,BALANCED,-2.3537
2017-01-09,UGL,UGL,5214000.0,34.76,0.0042,24601000.0,5214000.0,0.0,3.3083,5214000.0,11898000.0,ACCUMULATION,94.7087
2017-01-10,UGL,UGL,1770000.0,35.4,0.0186,26371000.0,1770000.0,0.0,0.9432,6984000.0,13668000.0,BALANCED,37.5799
2017-01-11,UGL,UGL,0.0,34.75,-0.0186,26371000.0,0.0,0.0,-0.2262,6984000.0,8629000.0,BALANCED,4.3452
2017-01-12,UGL,UGL,0.0,36.31,0.0448,26371000.0,0.0,0.0,-0.2262,6984000.0,8629000.0,BALANCED,4.3452
2017-01-13,UGL,UGL,0.0,35.42,-0.0245,26371000.0,0.0,0.0,-0.2262,6984000.0,8629000.0,BALANCED,4.3452
2017-01-17,UGL,UGL,0.0,36.93,0.0428,26371000.0,0.0,0.0,-0.2262,1770000.0,8629000.0,BALANCED,4.3452
2017-01-18,UGL,UGL,0.0,36.85,-0.0022,26371000.0,0.0,0.0,-0.2262,0.0,8629000.0,BALANCED,-5.6548
2017-01-19,UGL,UGL,0.0,35.71,-0.0309,26371000.0,0.0,0.0,-0.3396,0.0,8629000.0,BALANCED,-8.4905
2017-01-20,UGL,UGL,-1799000.0,35.98,0.0075,24572000.0,0.0,-1799000.0,-1.566,-1799000.0,6830000.0,DISTRIBUTION,-51.1497
2017-01-23,UGL,UGL,0.0,36.71,0.0203,24572000.0,0.0,0.0,-0.2823,-1799000.0,6830000.0,BALANCED,-17.0576
2017-01-24,UGL,UGL,0.0,36.94,0.0065,24572000.0,0.0,0.0,-0.2823,-1799000.0,6830000.0,BALANCED,-17.0576
2017-01-25,UGL,UGL,0.0,35.62,-0.0359,24572000.0,0.0,0.0,-0.2823,-1799000.0,6830000.0,BALANCED,-17.0576
2017-01-26,UGL,UGL,0.0,35.3,-0.009,24572000.0,0.0,0.0,-0.2081,-1799000.0,6830000.0,BALANCED,-15.2028
2017-01-27,UGL,UGL,0.0,35.01,-0.0082,24572000.0,0.0,0.0,-0.2081,0.0,6830000.0,BALANCED,-5.2028
2017-01-30,UGL,UGL,-1773000.0,35.47,0.0132,22799000.0,0.0,-1773000.0,-1.6839,-1773000.0,3412000.0,DISTRIBUTION,-54.0985
2017-01-31,UGL,UGL,0.0,36.65,0.0335,22799000.0,0.0,0.0,-0.1462,-1773000.0,3412000.0,BALANCED,-13.655
2017-02-01,UGL,UGL,0.0,36.1,-0.0152,22799000.0,0.0,0.0,-0.1462,-1773000.0,3412000.0,BALANCED,-13.655
2017-02-02,UGL,UGL,1860000.0,37.19,0.0303,24659000.0,1860000.0,0.0,1.3659,87000.0,5272000.0,BALANCED,46.1477
2017-02-03,UGL,UGL,0.0,36.78,-0.0111,24659000.0,0.0,0.0,-0.1933,87000.0,5272000.0,BALANCED,5.1681
2017-02-06,UGL,UGL,0.0,37.47,0.0188,24659000.0,0.0,0.0,-0.1933,1860000.0,5272000.0,BALANCED,5.1681
2017-02-07,UGL,UGL,1886000.0,37.72,0.0068,26545000.0,1886000.0,0.0,1.2953,3746000.0,1944000.0,BALANCED,44.3825
2017-02-08,UGL,UGL,0.0,38.4,0.0179,26545000.0,0.0,0.0,-0.2387,3746000.0,174000.0,BALANCED,4.0335
2017-02-09,UGL,UGL,0.0,38.07,-0.0086,26545000.0,0.0,0.0,-0.2387,1886000.0,174000.0,BALANCED,4.0335
2017-02-10,UGL,UGL,-3754000.0,37.54,-0.0139,22791000.0,0.0,-3754000.0,-2.7345,-1868000.0,-3580000.0,DISTRIBUTION,-80.3634
2017-02-13,UGL,UGL,0.0,37.16,-0.0101,22791000.0,0.0,0.0,-0.0806,-1868000.0,-3580000.0,BALANCED,-12.0159
2017-02-14,UGL,UGL,0.0,37.67,0.0138,22791000.0,0.0,0.0,-0.0806,-3754000.0,-3580000.0,BALANCED,-12.0159
2017-02-15,UGL,UGL,0.0,37.28,-0.0104,22791000.0,0.0,0.0,-0.0806,-3754000.0,-3580000.0,BALANCED,-12.0159
2017-02-16,UGL,UGL,0.0,38.26,0.0263,22791000.0,0.0,0.0,-0.0806,-3754000.0,-3580000.0,BALANCED,-12.0159
2017-02-17,UGL,UGL,0.0,38.35,0.0022,22791000.0,0.0,0.0,-0.0806,0.0,-1781000.0,BALANCED,-2.0159
2017-02-21,UGL,UGL,0.0,37.79,-0.0145,22791000.0,0.0,0.0,-0.0806,0.0,-1781000.0,BALANCED,-2.0159
2017-02-22,UGL,UGL,0.0,38.0,0.0055,22791000.0,0.0,0.0,0.0588,0.0,-1781000.0,BALANCED,1.4705
2017-02-23,UGL,UGL,0.0,38.69,0.0181,22791000.0,0.0,0.0,0.1235,0.0,-1781000.0,BALANCED,3.0883
2017-02-24,UGL,UGL,-5857000.0,39.04,0.0091,16934000.0,0.0,-5857000.0,-3.8915,-5857000.0,-7638000.0,DISTRIBUTION,-100.0
2017-02-27,UGL,UGL,0.0,39.25,0.0054,16934000.0,0.0,0.0,0.2209,-5857000.0,-7638000.0,BALANCED,-4.4783
2017-02-28,UGL,UGL,0.0,39.15,-0.0026,16934000.0,0.0,0.0,0.2209,-5857000.0,-5865000.0,BALANCED,-4.4783
2017-03-01,UGL,UGL,0.0,38.2,-0.0243,16934000.0,0.0,0.0,0.2209,-5857000.0,-5865000.0,BALANCED,-4.4783
2017-03-02,UGL,UGL,0.0,38.06,-0.0038,16934000.0,0.0,0.0,0.2209,-5857000.0,-5865000.0,BALANCED,-4.4783
2017-03-03,UGL,UGL,0.0,37.34,-0.0188,16934000.0,0.0,0.0,0.2209,0.0,-7725000.0,BALANCED,5.5217
2017-03-06,UGL,UGL,0.0,37.6,0.007,16934000.0,0.0,0.0,0.1822,0.0,-7725000.0,BALANCED,4.5556
2017-03-07,UGL,UGL,-5509000.0,36.72,-0.0233,11425000.0,0.0,-5509000.0,-2.9947,-5509000.0,-13234000.0,DISTRIBUTION,-86.8678
2017-03-08,UGL,UGL,0.0,36.27,-0.0123,11425000.0,0.0,0.0,0.2588,-5509000.0,-15120000.0,BALANCED,-3.5297
2017-03-09,UGL,UGL,0.0,36.11,-0.0044,11425000.0,0.0,0.0,0.2588,-5509000.0,-15120000.0,BALANCED,-3.5297
2017-03-10,UGL,UGL,0.0,35.87,-0.0066,11425000.0,0.0,0.0,0.2588,-5509000.0,-15120000.0,BALANCED,-3.5297
2017-03-13,UGL,UGL,0.0,35.96,0.0023,11425000.0,0.0,0.0,0.2588,-5509000.0,-11366000.0,BALANCED,-3.5297
2017-03-14,UGL,UGL,0.0,35.98,0.0006,11425000.0,0.0,0.0,0.2262,0.0,-11366000.0,BALANCED,5.6557
2017-03-15,UGL,UGL,0.0,35.63,-0.0097,11425000.0,0.0,0.0,0.2262,0.0,-11366000.0,BALANCED,5.6557
2017-03-16,UGL,UGL,0.0,37.44,0.0509,11425000.0,0.0,0.0,0.2262,0.0,-11366000.0,BALANCED,5.6557
2017-03-17,UGL,UGL,0.0,37.46,0.0004,11425000.0,0.0,0.0,0.2717,0.0,-11366000.0,BALANCED,6.7917
2017-03-20,UGL,UGL,0.0,37.62,0.0043,11425000.0,0.0,0.0,0.2717,0.0,-11366000.0,BALANCED,6.7917
2017-03-21,UGL,UGL,0.0,38.18,0.0149,11425000.0,0.0,0.0,0.2717,0.0,-11366000.0,BALANCED,6.7917
2017-03-22,UGL,UGL,0.0,38.63,0.0119,11425000.0,0.0,0.0,0.3218,0.0,-11366000.0,BALANCED,8.0456
2017-03-23,UGL,UGL,0.0,38.53,-0.0026,11425000.0,0.0,0.0,0.3218,0.0,-11366000.0,BALANCED,8.0456
2017-03-24,UGL,UGL,0.0,38.53,-0.0001,11425000.0,0.0,0.0,0.3218,0.0,-5509000.0,BALANCED,8.0456
2017-03-27,UGL,UGL,0.0,39.14,0.0158,11425000.0,0.0,0.0,0.2626,0.0,-5509000.0,BALANCED,6.5659
2017-03-28,UGL,UGL,0.0,39.11,-0.0006,11425000.0,0.0,0.0,0.2626,0.0,-5509000.0,BALANCED,6.5659
2017-03-29,UGL,UGL,0.0,38.73,-0.0099,11425000.0,0.0,0.0,0.2626,0.0,-5509000.0,BALANCED,6.5659
2017-03-30,UGL,UGL,0.0,38.58,-0.0038,11425000.0,0.0,0.0,0.2626,0.0,-5509000.0,BALANCED,6.5659
2017-03-31,UGL,UGL,-1917000.0,38.33,-0.0064,9508000.0,0.0,-1917000.0,-1.0046,-1917000.0,-7426000.0,BALANCED,-37.1159
2017-04-03,UGL,UGL,0.0,38.47,0.0036,9508000.0,0.0,0.0,0.3017,-1917000.0,-7426000.0,BALANCED,-2.4568
2017-04-04,UGL,UGL,0.0,39.11,0.0166,9508000.0,0.0,0.0,0.3017,-1917000.0,-1917000.0,BALANCED,-2.4568
2017-04-05,UGL,UGL,0.0,38.37,-0.0189,9508000.0,0.0,0.0,0.3017,-1917000.0,-1917000.0,BALANCED,-2.4568
2017-04-06,UGL,UGL,0.0,38.78,0.0107,9508000.0,0.0,0.0,0.3017,-1917000.0,-1917000.0,BALANCED,-2.4568
2017-04-07,UGL,UGL,-1982000.0,39.64,0.0222,7526000.0,0.0,-1982000.0,-1.5186,-1982000.0,-3899000.0,DISTRIBUTION,-49.9658
2017-04-10,UGL,UGL,0.0,38.6,-0.0262,7526000.0,0.0,0.0,0.2854,-1982000.0,-3899000.0,BALANCED,-2.8638
2017-04-11,UGL,UGL,0.0,38.78,0.0045,7526000.0,0.0,0.0,0.2854,-1982000.0,-3899000.0,BALANCED,-2.8638
2017-04-12,UGL,UGL,0.0,40.1,0.0341,7526000.0,0.0,0.0,0.2854,-1982000.0,-3899000.0,BALANCED,-2.8638
2017-04-13,UGL,UGL,0.0,40.72,0.0154,7526000.0,0.0,0.0,0.2854,-1982000.0,-3899000.0,BALANCED,-2.8638
2017-04-17,UGL,UGL,0.0,40.7,-0.0004,7526000.0,0.0,0.0,0.2854,0.0,-3899000.0,BALANCED,7.1362
2017-04-18,UGL,UGL,0.0,40.37,-0.0082,7526000.0,0.0,0.0,0.2854,0.0,-3899000.0,BALANCED,7.1362
2017-04-19,UGL,UGL,0.0,40.37,0.0,7526000.0,0.0,0.0,0.2627,0.0,-3899000.0,BALANCED,6.5683
2017-04-20,UGL,UGL,0.0,40.56,0.0047,7526000.0,0.0,0.0,0.2627,0.0,-3899000.0,BALANCED,6.5683
2017-04-21,UGL,UGL,0.0,40.54,-0.0004,7526000.0,0.0,0.0,0.2627,0.0,-3899000.0,BALANCED,6.5683
2017-04-24,UGL,UGL,0.0,39.74,-0.0197,7526000.0,0.0,0.0,0.2627,0.0,-3899000.0,BALANCED,6.5683
2017-04-25,UGL,UGL,0.0,39.64,-0.0026,7526000.0,0.0,0.0,0.2627,0.0,-3899000.0,BALANCED,6.5683
2017-04-26,UGL,UGL,0.0,39.26,-0.0095,7526000.0,0.0,0.0,0.2627,0.0,-3899000.0,BALANCED,6.5683
2017-04-27,UGL,UGL,0.0,39.32,0.0014,7526000.0,0.0,0.0,0.2627,0.0,-3899000.0,BALANCED,6.5683
2017-04-28,UGL,UGL,0.0,39.54,0.0057,7526000.0,0.0,0.0,0.2627,0.0,-3899000.0,BALANCED,6.5683
2017-05-01,UGL,UGL,0.0,39.53,-0.0003,7526000.0,0.0,0.0,0.2627,0.0,-1982000.0,BALANCED,6.5683
2017-05-02,UGL,UGL,0.0,38.84,-0.0175,7526000.0,0.0,0.0,0.2627,0.0,-1982000.0,BALANCED,6.5683
2017-05-03,UGL,UGL,-1926000.0,38.52,-0.0083,5600000.0,0.0,-1926000.0,-2.9228,-1926000.0,-3908000.0,DISTRIBUTION,-85.0694
2017-05-04,UGL,UGL,0.0,37.17,-0.0351,5600000.0,0.0,0.0,0.3277,-1926000.0,-3908000.0,BALANCED,-1.8077
2017-05-05,UGL,UGL,0.0,37.14,-0.0007,5600000.0,0.0,0.0,0.3277,-1926000.0,-3908000.0,BALANCED,-1.8077
2017-05-08,UGL,UGL,0.0,37.24,0.0026,5600000.0,0.0,0.0,0.3277,-1926000.0,-1926000.0,BALANCED,-1.8077
2017-05-09,UGL,UGL,0.0,36.67,-0.0154,5600000.0,0.0,0.0,0.3277,-1926000.0,-1926000.0,BALANCED,-1.8077
2017-05-10,UGL,UGL,0.0,36.82,0.0041,5600000.0,0.0,0.0,0.3277,0.0,-1926000.0,BALANCED,8.1923
2017-05-11,UGL,UGL,0.0,36.82,0.0002,5600000.0,0.0,0.0,0.3277,0.0,-1926000.0,BALANCED,8.1923
2017-05-12,UGL,UGL,-3731000.0,37.31,0.0132,1869000.0,0.0,-3731000.0,-3.9012,-3731000.0,-5657000.0,DISTRIBUTION,-100.0
2017-05-15,UGL,UGL,1871000.0,37.42,0.003,3740000.0,1871000.0,0.0,2.2704,-1860000.0,-3786000.0,ACCUMULATION,48.7601
2017-05-16,UGL,UGL,0.0,37.47,0.0014,3740000.0,0.0,0.0,0.2116,-1860000.0,-3786000.0,BALANCED,-4.7108
2017-05-17,UGL,UGL,0.0,38.88,0.0375,3740000.0,0.0,0.0,0.2116,-1860000.0,-3786000.0,BALANCED,-4.7108
2017-05-18,UGL,UGL,0.0,38.78,-0.0025,3740000.0,0.0,0.0,0.2116,-1860000.0,-3786000.0,BALANCED,-4.7108
2017-05-19,UGL,UGL,0.0,38.54,-0.0063,3740000.0,0.0,0.0,0.2116,1871000.0,-3786000.0,BALANCED,15.2892
2017-05-22,UGL,UGL,0.0,38.95,0.0107,3740000.0,0.0,0.0,0.1495,0.0,-3786000.0,BALANCED,3.7386
2017-05-23,UGL,UGL,0.0,39.03,0.0021,3740000.0,0.0,0.0,0.1495,0.0,-3786000.0,BALANCED,3.7386
2017-05-24,UGL,UGL,0.0,38.55,-0.0122,3740000.0,0.0,0.0,0.1495,0.0,-3786000.0,BALANCED,3.7386
2017-05-25,UGL,UGL,0.0,38.82,0.0069,3740000.0,0.0,0.0,0.1495,0.0,-3786000.0,BALANCED,3.7386
2017-05-26,UGL,UGL,0.0,39.32,0.0128,3740000.0,0.0,0.0,0.1495,0.0,-3786000.0,BALANCED,3.7386
2017-05-30,UGL,UGL,0.0,39.16,-0.0041,3740000.0,0.0,0.0,0.1495,0.0,-3786000.0,BALANCED,3.7386
2017-05-31,UGL,UGL,0.0,39.37,0.0054,3740000.0,0.0,0.0,0.1495,0.0,-3786000.0,BALANCED,3.7386
2017-06-01,UGL,UGL,0.0,39.28,-0.0022,3740000.0,0.0,0.0,0.1495,0.0,-1860000.0,BALANCED,3.7386
2017-06-02,UGL,UGL,0.0,39.91,0.0159,3740000.0,0.0,0.0,0.1495,0.0,-1860000.0,BALANCED,3.7386
2017-06-05,UGL,UGL,0.0,40.21,0.0076,3740000.0,0.0,0.0,0.1495,0.0,-1860000.0,BALANCED,3.7386
2017-06-06,UGL,UGL,0.0,41.06,0.0211,3740000.0,0.0,0.0,0.1495,0.0,-1860000.0,BALANCED,3.7386
2017-06-07,UGL,UGL,0.0,40.9,-0.0039,3740000.0,0.0,0.0,0.1495,0.0,-1860000.0,BALANCED,3.7386
2017-06-08,UGL,UGL,0.0,39.76,-0.0277,3740000.0,0.0,0.0,0.1495,0.0,-1860000.0,BALANCED,3.7386
2017-06-09,UGL,UGL,0.0,39.35,-0.0104,3740000.0,0.0,0.0,0.1495,0.0,-1860000.0,BALANCED,3.7386
2017-06-12,UGL,UGL,0.0,39.33,-0.0005,3740000.0,0.0,0.0,0.1495,0.0,1871000.0,BALANCED,3.7386
2017-06-13,UGL,UGL,0.0,39.05,-0.007,3740000.0,0.0,0.0,0.1495,0.0,0.0,BALANCED,3.7386
2017-06-14,UGL,UGL,0.0,39.89,0.0213,3740000.0,0.0,0.0,0.1495,0.0,0.0,BALANCED,3.7386
2017-06-15,UGL,UGL,0.0,38.57,-0.033,3740000.0,0.0,0.0,0.0803,0.0,0.0,BALANCED,2.0065
2017-06-16,UGL,UGL,0.0,38.62,0.0012,3740000.0,0.0,0.0,0.0803,0.0,0.0,BALANCED,2.0065
2017-06-19,UGL,UGL,0.0,38.16,-0.0119,3740000.0,0.0,0.0,0.0803,0.0,0.0,BALANCED,2.0065
2017-06-20,UGL,UGL,0.0,37.79,-0.0097,3740000.0,0.0,0.0,0.0803,0.0,0.0,BALANCED,2.0065
2017-06-21,UGL,UGL,0.0,37.8,0.0004,3740000.0,0.0,0.0,0.0803,0.0,0.0,BALANCED,2.0065
2017-06-22,UGL,UGL,0.0,38.31,0.0133,3740000.0,0.0,0.0,0.0803,0.0,0.0,BALANCED,2.0065
2017-06-23,UGL,UGL,0.0,38.6,0.0078,3740000.0,0.0,0.0,0.0803,0.0,0.0,BALANCED,2.0065
2017-06-26,UGL,UGL,0.0,37.95,-0.017,3740000.0,0.0,0.0,-0.1826,0.0,0.0,BALANCED,-4.5644
2017-06-27,UGL,UGL,0.0,38.21,0.0068,3740000.0,0.0,0.0,0.0,0.0,0.0,BALANCED,0.0
2017-06-28,UGL,UGL,0.0,38.11,-0.0026,3740000.0,0.0,0.0,0.0,0.0,0.0,BALANCED,0.0
2017-06-29,UGL,UGL,-1892000.0,37.83,-0.0073,1848000.0,0.0,-1892000.0,-5.2947,-1892000.0,-1892000.0,DISTRIBUTION,-100.0
2017-06-30,UGL,UGL,0.0,37.75,-0.0021,1848000.0,0.0,0.0,0.1826,-1892000.0,-1892000.0,BALANCED,-5.4356
2017-07-03,UGL,UGL,0.0,36.95,-0.0212,1848000.0,0.0,0.0,0.1826,-1892000.0,-1892000.0,BALANCED,-5.4356
2017-07-05,UGL,UGL,0.0,36.4,-0.0148,1848000.0,0.0,0.0,0.1826,-1892000.0,-1892000.0,BALANCED,-5.4356
2017-07-06,UGL,UGL,0.0,36.68,0.0075,1848000.0,0.0,0.0,0.1826,-1892000.0,-1892000.0,BALANCED,-5.4356
2017-07-07,UGL,UGL,0.0,36.12,-0.0152,1848000.0,0.0,0.0,0.1826,0.0,-1892000.0,BALANCED,4.5644
2017-07-10,UGL,UGL,0.0,35.88,-0.0065,1848000.0,0.0,0.0,0.1826,0.0,-1892000.0,BALANCED,4.5644
2017-07-11,UGL,UGL,0.0,35.83,-0.0014,1848000.0,0.0,0.0,0.1826,0.0,-1892000.0,BALANCED,4.5644
2017-07-12,UGL,UGL,0.0,36.29,0.0127,1848000.0,0.0,0.0,0.1826,0.0,-1892000.0,BALANCED,4.5644
2017-07-13,UGL,UGL,0.0,36.29,0.0,1848000.0,0.0,0.0,0.1826,0.0,-1892000.0,BALANCED,4.5644
2017-07-14,UGL,UGL,0.0,36.97,0.0187,1848000.0,0.0,0.0,0.1826,0.0,-1892000.0,BALANCED,4.5644
2017-07-17,UGL,UGL,0.0,37.19,0.0059,1848000.0,0.0,0.0,0.1826,0.0,-1892000.0,BALANCED,4.5644
2017-07-18,UGL,UGL,0.0,37.58,0.0107,1848000.0,0.0,0.0,0.1826,0.0,-1892000.0,BALANCED,4.5644
2017-07-19,UGL,UGL,0.0,37.66,0.0021,1848000.0,0.0,0.0,0.1826,0.0,-1892000.0,BALANCED,4.5644
2017-07-20,UGL,UGL,0.0,37.45,-0.0057,1848000.0,0.0,0.0,0.1826,0.0,-1892000.0,BALANCED,4.5644
2017-07-21,UGL,UGL,0.0,38.04,0.0158,1848000.0,0.0,0.0,0.1826,0.0,-1892000.0,BALANCED,4.5644
2017-07-24,UGL,UGL,0.0,38.46,0.0109,1848000.0,0.0,0.0,0.1826,0.0,-1892000.0,BALANCED,4.5644
2017-07-25,UGL,UGL,0.0,38.39,-0.0019,1848000.0,0.0,0.0,0.1826,0.0,-1892000.0,BALANCED,4.5644
2017-07-26,UGL,UGL,0.0,38.0,-0.0101,1848000.0,0.0,0.0,0.1826,0.0,-1892000.0,BALANCED,4.5644
2017-07-27,UGL,UGL,0.0,38.79,0.0208,1848000.0,0.0,0.0,0.1826,0.0,-1892000.0,BALANCED,4.5644
2017-07-28,UGL,UGL,0.0,39.02,0.0059,1848000.0,0.0,0.0,0.1826,0.0,0.0,BALANCED,4.5644
2017-07-31,UGL,UGL,0.0,39.17,0.0039,1848000.0,0.0,0.0,0.1826,0.0,0.0,BALANCED,4.5644
2017-08-01,UGL,UGL,1969000.0,39.37,0.0053,3817000.0,1969000.0,0.0,3.878,1969000.0,1969000.0,ACCUMULATION,100.0
2017-08-02,UGL,UGL,0.0,39.29,-0.0022,3817000.0,0.0,0.0,-0.0051,1969000.0,1969000.0,BALANCED,9.8735
2017-08-03,UGL,UGL,0.0,39.19,-0.0025,3817000.0,0.0,0.0,-0.0051,1969000.0,1969000.0,BALANCED,9.8735
2017-08-04,UGL,UGL,0.0,38.54,-0.0165,3817000.0,0.0,0.0,-0.0051,1969000.0,1969000.0,BALANCED,9.8735
2017-08-07,UGL,UGL,0.0,38.55,0.0002,3817000.0,0.0,0.0,-0.0051,1969000.0,1969000.0,BALANCED,9.8735
2017-08-08,UGL,UGL,0.0,38.78,0.0059,3817000.0,0.0,0.0,-0.0051,0.0,1969000.0,BALANCED,-0.1265
2017-08-09,UGL,UGL,0.0,39.34,0.0146,3817000.0,0.0,0.0,-0.0051,0.0,1969000.0,BALANCED,-0.1265
2017-08-10,UGL,UGL,0.0,40.17,0.0209,3817000.0,0.0,0.0,-0.0051,0.0,1969000.0,BALANCED,-0.1265
2017-08-11,UGL,UGL,0.0,40.27,0.0026,3817000.0,0.0,0.0,-0.1826,0.0,1969000.0,BALANCED,-4.5644
2017-08-14,UGL,UGL,0.0,40.02,-0.0062,3817000.0,0.0,0.0,-0.1826,0.0,1969000.0,BALANCED,-4.5644
2017-08-15,UGL,UGL,0.0,39.27,-0.0188,3817000.0,0.0,0.0,-0.1826,0.0,1969000.0,BALANCED,-4.5644
2017-08-16,UGL,UGL,0.0,39.42,0.0038,3817000.0,0.0,0.0,-0.1826,0.0,1969000.0,BALANCED,-4.5644
2017-08-17,UGL,UGL,0.0,40.18,0.0194,3817000.0,0.0,0.0,-0.1826,0.0,1969000.0,BALANCED,-4.5644
2017-08-18,UGL,UGL,0.0,40.84,0.0165,3817000.0,0.0,0.0,-0.1826,0.0,1969000.0,BALANCED,-4.5644
2017-08-21,UGL,UGL,0.0,40.65,-0.0048,3817000.0,0.0,0.0,-0.1826,0.0,1969000.0,BALANCED,-4.5644
2017-08-22,UGL,UGL,-2005000.0,40.1,-0.0135,1812000.0,0.0,-2005000.0,-3.8399,-2005000.0,-36000.0,DISTRIBUTION,-100.0
2017-08-23,UGL,UGL,0.0,40.25,0.0037,1812000.0,0.0,0.0,0.0023,-2005000.0,-36000.0,BALANCED,-9.9425
2017-08-24,UGL,UGL,0.0,40.39,0.0036,1812000.0,0.0,0.0,0.0023,-2005000.0,-36000.0,BALANCED,-9.9425
2017-08-25,UGL,UGL,0.0,40.15,-0.0059,1812000.0,0.0,0.0,0.0023,-2005000.0,-36000.0,BALANCED,-9.9425
2017-08-28,UGL,UGL,0.0,40.14,-0.0003,1812000.0,0.0,0.0,0.0023,-2005000.0,-36000.0,BALANCED,-9.9425
2017-08-29,UGL,UGL,0.0,42.22,0.0518,1812000.0,0.0,0.0,0.0023,0.0,-2005000.0,BALANCED,0.0575
2017-08-30,UGL,UGL,0.0,41.57,-0.0155,1812000.0,0.0,0.0,0.0023,0.0,-2005000.0,BALANCED,0.0575
2017-08-31,UGL,UGL,0.0,41.77,0.0049,1812000.0,0.0,0.0,0.0023,0.0,-2005000.0,BALANCED,0.0575
2017-09-01,UGL,UGL,0.0,42.31,0.0131,1812000.0,0.0,0.0,0.0023,0.0,-2005000.0,BALANCED,0.0575
2017-09-05,UGL,UGL,0.0,43.27,0.0225,1812000.0,0.0,0.0,0.0023,0.0,-2005000.0,BALANCED,0.0575
2017-09-06,UGL,UGL,0.0,43.41,0.0033,1812000.0,0.0,0.0,0.0023,0.0,-2005000.0,BALANCED,0.0575
2017-09-07,UGL,UGL,0.0,43.77,0.0083,1812000.0,0.0,0.0,0.0023,0.0,-2005000.0,BALANCED,0.0575
2017-09-08,UGL,UGL,0.0,43.95,0.004,1812000.0,0.0,0.0,0.0023,0.0,-2005000.0,BALANCED,0.0575
2017-09-11,UGL,UGL,0.0,43.15,-0.0182,1812000.0,0.0,0.0,0.0023,0.0,-2005000.0,BALANCED,0.0575
2017-09-12,UGL,UGL,0.0,42.65,-0.0116,1812000.0,0.0,0.0,0.0023,0.0,-2005000.0,BALANCED,0.0575
2017-09-13,UGL,UGL,0.0,42.71,0.0015,1812000.0,0.0,0.0,0.1826,0.0,-2005000.0,BALANCED,4.5644
2017-09-14,UGL,UGL,0.0,42.51,-0.0046,1812000.0,0.0,0.0,0.1826,0.0,-2005000.0,BALANCED,4.5644
2017-09-15,UGL,UGL,0.0,42.4,-0.0026,1812000.0,0.0,0.0,0.1826,0.0,-2005000.0,BALANCED,4.5644
2017-09-18,UGL,UGL,0.0,41.7,-0.0166,1812000.0,0.0,0.0,0.1826,0.0,-2005000.0,BALANCED,4.5644
2017-09-19,UGL,UGL,0.0,41.53,-0.0039,1812000.0,0.0,0.0,0.1826,0.0,-2005000.0,BALANCED,4.5644
2017-09-20,UGL,UGL,0.0,41.64,0.0025,1812000.0,0.0,0.0,0.1826,0.0,0.0,BALANCED,4.5644
2017-09-21,UGL,UGL,0.0,40.41,-0.0294,1812000.0,0.0,0.0,0.1826,0.0,0.0,BALANCED,4.5644
2017-09-22,UGL,UGL,0.0,40.58,0.0041,1812000.0,0.0,0.0,0.1826,0.0,0.0,BALANCED,4.5644
2017-09-25,UGL,UGL,0.0,40.47,-0.0026,1812000.0,0.0,0.0,0.1826,0.0,0.0,BALANCED,4.5644
2017-09-26,UGL,UGL,0.0,40.89,0.0104,1812000.0,0.0,0.0,0.1826,0.0,0.0,BALANCED,4.5644
2017-09-27,UGL,UGL,0.0,39.79,-0.027,1812000.0,0.0,0.0,0.1826,0.0,0.0,BALANCED,4.5644
2017-09-28,UGL,UGL,0.0,39.83,0.0012,1812000.0,0.0,0.0,0.1826,0.0,0.0,BALANCED,4.5644
2017-09-29,UGL,UGL,0.0,39.81,-0.0005,1812000.0,0.0,0.0,0.1826,0.0,0.0,BALANCED,4.5644
2017-10-02,UGL,UGL,-3922000.0,39.22,-0.0149,-2110000.0,0.0,-3922000.0,-4.6973,-3922000.0,-3922000.0,DISTRIBUTION,-100.0
2017-10-03,UGL,UGL,0.0,39.06,-0.0039,-2110000.0,0.0,0.0,0.2492,-3922000.0,-3922000.0,BALANCED,-3.7706
2017-10-04,UGL,UGL,0.0,39.24,0.0046,-2110000.0,0.0,0.0,0.1826,-3922000.0,-3922000.0,BALANCED,-5.4356
2017-10-05,UGL,UGL,0.0,39.26,0.0003,-2110000.0,0.0,0.0,0.1826,-3922000.0,-3922000.0,BALANCED,-5.4356
2017-10-06,UGL,UGL,0.0,38.47,-0.0201,-2110000.0,0.0,0.0,0.1826,-3922000.0,-3922000.0,BALANCED,-5.4356
2017-10-09,UGL,UGL,0.0,39.49,0.0266,-2110000.0,0.0,0.0,0.1826,0.0,-3922000.0,BALANCED,4.5644
2017-10-10,UGL,UGL,0.0,40.27,0.0196,-2110000.0,0.0,0.0,0.1826,0.0,-3922000.0,BALANCED,4.5644
2017-10-11,UGL,UGL,0.0,40.13,-0.0034,-2110000.0,0.0,0.0,0.1826,0.0,-3922000.0,BALANCED,4.5644
2017-10-12,UGL,UGL,0.0,40.19,0.0015,-2110000.0,0.0,0.0,0.1826,0.0,-3922000.0,BALANCED,4.5644
2017-10-13,UGL,UGL,0.0,40.77,0.0144,-2110000.0,0.0,0.0,0.1826,0.0,-3922000.0,BALANCED,4.5644
2017-10-16,UGL,UGL,0.0,40.99,0.0054,-2110000.0,0.0,0.0,0.1826,0.0,-3922000.0,BALANCED,4.5644
2017-10-17,UGL,UGL,0.0,39.81,-0.0286,-2110000.0,0.0,0.0,0.1826,0.0,-3922000.0,BALANCED,4.5644
2017-10-18,UGL,UGL,0.0,39.53,-0.0072,-2110000.0,0.0,0.0,0.1826,0.0,-3922000.0,BALANCED,4.5644
2017-10-19,UGL,UGL,0.0,39.91,0.0096,-2110000.0,0.0,0.0,0.1826,0.0,-3922000.0,BALANCED,4.5644
2017-10-20,UGL,UGL,0.0,39.58,-0.0082,-2110000.0,0.0,0.0,0.1826,0.0,-3922000.0,BALANCED,4.5644
2017-10-23,UGL,UGL,0.0,39.18,-0.0101,-2110000.0,0.0,0.0,0.1826,0.0,-3922000.0,BALANCED,4.5644
2017-10-24,UGL,UGL,0.0,39.27,0.0023,-2110000.0,0.0,0.0,0.1826,0.0,-3922000.0,BALANCED,4.5644
2017-10-25,UGL,UGL,0.0,39.18,-0.0023,-2110000.0,0.0,0.0,0.1826,0.0,-3922000.0,BALANCED,4.5644
2017-10-26,UGL,UGL,0.0,39.1,-0.002,-2110000.0,0.0,0.0,0.1826,0.0,-3922000.0,BALANCED,4.5644
2017-10-27,UGL,UGL,0.0,38.64,-0.0115,-2110000.0,0.0,0.0,0.1826,0.0,-3922000.0,BALANCED,4.5644
2017-10-30,UGL,UGL,0.0,38.97,0.0085,-2110000.0,0.0,0.0,0.1826,0.0,0.0,BALANCED,4.5644
2017-10-31,UGL,UGL,0.0,38.85,-0.003,-2110000.0,0.0,0.0,0.1826,0.0,0.0,BALANCED,4.5644
2017-11-01,UGL,UGL,0.0,39.27,0.0108,-2110000.0,0.0,0.0,0.1826,0.0,0.0,BALANCED,4.5644
2017-11-02,UGL,UGL,0.0,39.4,0.0033,-2110000.0,0.0,0.0,0.1826,0.0,0.0,BALANCED,4.5644
2017-11-03,UGL,UGL,0.0,38.66,-0.0189,-2110000.0,0.0,0.0,0.1826,0.0,0.0,BALANCED,4.5644
2017-11-06,UGL,UGL,-1944000.0,38.87,0.0056,-4054000.0,0.0,-1944000.0,-2.2184,-1944000.0,-1944000.0,DISTRIBUTION,-67.4611
2017-11-07,UGL,UGL,0.0,39.16,0.0073,-4054000.0,0.0,0.0,0.2481,-1944000.0,-1944000.0,BALANCED,-3.7977
2017-11-08,UGL,UGL,0.0,39.67,0.013,-4054000.0,0.0,0.0,0.2481,-1944000.0,-1944000.0,BALANCED,-3.7977
2017-11-09,UGL,UGL,0.0,39.71,0.0012,-4054000.0,0.0,0.0,0.2481,-1944000.0,-1944000.0,BALANCED,-3.7977
2017-11-10,UGL,UGL,0.0,39.68,-0.0009,-4054000.0,0.0,0.0,0.2481,-1944000.0,-1944000.0,BALANCED,-3.7977
2017-11-13,UGL,UGL,0.0,39.27,-0.0102,-4054000.0,0.0,0.0,0.1826,0.0,-1944000.0,BALANCED,4.5644
2017-11-14,UGL,UGL,0.0,39.06,-0.0054,-4054000.0,0.0,0.0,0.1826,0.0,-1944000.0,BALANCED,4.5644
2017-11-15,UGL,UGL,0.0,39.52,0.0119,-4054000.0,0.0,0.0,0.1826,0.0,-1944000.0,BALANCED,4.5644
2017-11-16,UGL,UGL,0.0,39.39,-0.0035,-4054000.0,0.0,0.0,0.1826,0.0,-1944000.0,BALANCED,4.5644
2017-11-17,UGL,UGL,0.0,39.65,0.0067,-4054000.0,0.0,0.0,0.1826,0.0,-1944000.0,BALANCED,4.5644
2017-11-20,UGL,UGL,0.0,39.75,0.0026,-4054000.0,0.0,0.0,0.1826,0.0,-1944000.0,BALANCED,4.5644
2017-11-21,UGL,UGL,0.0,39.57,-0.0047,-4054000.0,0.0,0.0,0.1826,0.0,-1944000.0,BALANCED,4.5644
2017-11-22,UGL,UGL,0.0,39.79,0.0056,-4054000.0,0.0,0.0,0.1826,0.0,-1944000.0,BALANCED,4.5644
2017-11-24,UGL,UGL,0.0,40.0,0.0053,-4054000.0,0.0,0.0,0.1826,0.0,-1944000.0,BALANCED,4.5644
2017-11-27,UGL,UGL,0.0,40.26,0.0065,-4054000.0,0.0,0.0,0.1826,0.0,-1944000.0,BALANCED,4.5644
2017-11-28,UGL,UGL,0.0,40.07,-0.0048,-4054000.0,0.0,0.0,0.1826,0.0,-1944000.0,BALANCED,4.5644
2017-11-29,UGL,UGL,0.0,39.57,-0.0125,-4054000.0,0.0,0.0,0.1826,0.0,-1944000.0,BALANCED,4.5644
2017-11-30,UGL,UGL,0.0,39.34,-0.0058,-4054000.0,0.0,0.0,0.1826,0.0,-1944000.0,BALANCED,4.5644
2017-12-01,UGL,UGL,1952000.0,39.05,-0.0074,-2102000.0,1952000.0,0.0,3.8152,1952000.0,8000.0,ACCUMULATION,100.0
2017-12-04,UGL,UGL,0.0,38.91,-0.0035,-2102000.0,0.0,0.0,-0.0005,1952000.0,8000.0,BALANCED,9.987
2017-12-05,UGL,UGL,0.0,38.47,-0.0113,-2102000.0,0.0,0.0,-0.0005,1952000.0,1952000.0,BALANCED,9.987
2017-12-06,UGL,UGL,0.0,38.31,-0.0042,-2102000.0,0.0,0.0,-0.0005,1952000.0,1952000.0,BALANCED,9.987
2017-12-07,UGL,UGL,0.0,37.78,-0.0138,-2102000.0,0.0,0.0,-0.0005,1952000.0,1952000.0,BALANCED,9.987
2017-12-08,UGL,UGL,0.0,37.51,-0.0071,-2102000.0,0.0,0.0,-0.0005,0.0,1952000.0,BALANCED,-0.013
2017-12-11,UGL,UGL,0.0,37.29,-0.0058,-2102000.0,0.0,0.0,-0.0005,0.0,1952000.0,BALANCED,-0.013
2017-12-12,UGL,UGL,0.0,36.92,-0.0101,-2102000.0,0.0,0.0,-0.0005,0.0,1952000.0,BALANCED,-0.013
2017-12-13,UGL,UGL,-3702000.0,37.02,0.0029,-5804000.0,0.0,-3702000.0,-4.2218,-3702000.0,-1750000.0,DISTRIBUTION,-100.0
2017-12-14,UGL,UGL,0.0,37.52,0.0135,-5804000.0,0.0,0.0,0.1453,-3702000.0,-1750000.0,BALANCED,-6.3686
2017-12-15,UGL,UGL,5661000.0,37.74,0.0058,-143000.0,5661000.0,0.0,4.1307,1959000.0,3911000.0,ACCUMULATION,100.0
2017-12-18,UGL,UGL,0.0,38.09,0.0093,-143000.0,0.0,0.0,-0.0484,1959000.0,3911000.0,BALANCED,8.7899
2017-12-19,UGL,UGL,0.0,38.08,-0.0004,-143000.0,0.0,0.0,-0.1002,1959000.0,3911000.0,BALANCED,7.494
2017-12-20,UGL,UGL,0.0,38.34,0.0069,-143000.0,0.0,0.0,-0.1002,5661000.0,3911000.0,BALANCED,7.494
2017-12-21,UGL,UGL,1917000.0,38.33,-0.0001,1774000.0,1917000.0,0.0,1.2852,7578000.0,5828000.0,BALANCED,44.1306
2017-12-22,UGL,UGL,0.0,38.33,-0.0001,1774000.0,0.0,0.0,-0.1449,1917000.0,5828000.0,BALANCED,6.3767
2017-12-26,UGL,UGL,0.0,38.3,-0.0006,1774000.0,0.0,0.0,-0.1449,1917000.0,5828000.0,BALANCED,6.3767
2017-12-27,UGL,UGL,0.0,39.21,0.0237,1774000.0,0.0,0.0,-0.1449,1917000.0,5828000.0,BALANCED,6.3767
2017-12-28,UGL,UGL,0.0,39.89,0.0172,1774000.0,0.0,0.0,-0.1449,1917000.0,5828000.0,BALANCED,6.3767
2017-12-29,UGL,UGL,0.0,39.88,-0.0002,1774000.0,0.0,0.0,-0.1449,0.0,5828000.0,BALANCED,-3.6233
2018-01-02,UGL,UGL,0.0,41.16,0.0321,1774000.0,0.0,0.0,-0.1449,0.0,3876000.0,BALANCED,-3.6233
2018-01-03,UGL,UGL,0.0,41.33,0.0042,1774000.0,0.0,0.0,-0.1449,0.0,3876000.0,BALANCED,-3.6233
2018-01-04,UGL,UGL,0.0,41.3,-0.0007,1774000.0,0.0,0.0,-0.1449,0.0,3876000.0,BALANCED,-3.6233
2018-01-05,UGL,UGL,0.0,41.46,0.0039,1774000.0,0.0,0.0,-0.1449,0.0,3876000.0,BALANCED,-3.6233
2018-01-08,UGL,UGL,0.0,41.62,0.0039,1774000.0,0.0,0.0,-0.1449,0.0,3876000.0,BALANCED,-3.6233
2018-01-09,UGL,UGL,0.0,41.05,-0.0137,1774000.0,0.0,0.0,-0.1449,0.0,3876000.0,BALANCED,-3.6233
2018-01-10,UGL,UGL,0.0,41.6,0.0133,1774000.0,0.0,0.0,-0.1449,0.0,3876000.0,BALANCED,-3.6233
2018-01-11,UGL,UGL,0.0,41.8,0.0049,1774000.0,0.0,0.0,-0.1449,0.0,3876000.0,BALANCED,-3.6233
2018-01-12,UGL,UGL,0.0,42.04,0.0056,1774000.0,0.0,0.0,-0.1449,0.0,7578000.0,BALANCED,-3.6233
2018-01-16,UGL,UGL,0.0,42.46,0.0102,1774000.0,0.0,0.0,-0.1449,0.0,7578000.0,BALANCED,-3.6233
2018-01-17,UGL,UGL,0.0,42.57,0.0026,1774000.0,0.0,0.0,-0.0995,0.0,1917000.0,BALANCED,-2.4868
2018-01-18,UGL,UGL,0.0,42.35,-0.0053,1774000.0,0.0,0.0,-0.0995,0.0,1917000.0,BALANCED,-2.4868
2018-01-19,UGL,UGL,0.0,42.52,0.004,1774000.0,0.0,0.0,-0.0995,0.0,1917000.0,BALANCED,-2.4868
2018-01-22,UGL,UGL,0.0,42.36,-0.0038,1774000.0,0.0,0.0,-0.0995,0.0,1917000.0,BALANCED,-2.4868
2018-01-23,UGL,UGL,-2120000.0,42.4,0.0011,-346000.0,0.0,-2120000.0,-1.5992,-2120000.0,-2120000.0,DISTRIBUTION,-51.9796
2018-01-24,UGL,UGL,0.0,43.69,0.0303,-346000.0,0.0,0.0,-0.043,-2120000.0,-2120000.0,BALANCED,-11.0742
2018-01-25,UGL,UGL,0.0,43.77,0.0017,-346000.0,0.0,0.0,-0.043,-2120000.0,-2120000.0,BALANCED,-11.0742
2018-01-26,UGL,UGL,0.0,43.64,-0.0028,-346000.0,0.0,0.0,-0.043,-2120000.0,-2120000.0,BALANCED,-11.0742
2018-01-29,UGL,UGL,0.0,43.03,-0.0141,-346000.0,0.0,0.0,-0.1564,-2120000.0,-2120000.0,BALANCED,-13.9109
2018-01-30,UGL,UGL,0.0,43.09,0.0015,-346000.0,0.0,0.0,-0.1564,0.0,-2120000.0,BALANCED,-3.9109
2018-01-31,UGL,UGL,0.0,43.1,0.0001,-346000.0,0.0,0.0,0.0128,0.0,-2120000.0,BALANCED,0.3188
2018-02-01,UGL,UGL,0.0,42.86,-0.0056,-346000.0,0.0,0.0,0.0128,0.0,-2120000.0,BALANCED,0.3188
2018-02-02,UGL,UGL,0.0,42.2,-0.0153,-346000.0,0.0,0.0,0.0128,0.0,-2120000.0,BALANCED,0.3188
2018-02-05,UGL,UGL,0.0,42.34,0.0034,-346000.0,0.0,0.0,0.0128,0.0,-2120000.0,BALANCED,0.3188
2018-02-06,UGL,UGL,0.0,42.2,-0.0034,-346000.0,0.0,0.0,0.1826,0.0,-2120000.0,BALANCED,4.5644
2018-02-07,UGL,UGL,-4177000.0,41.77,-0.0102,-4523000.0,0.0,-4177000.0,-4.7047,-4177000.0,-6297000.0,DISTRIBUTION,-100.0
2018-02-08,UGL,UGL,0.0,41.18,-0.0141,-4523000.0,0.0,0.0,0.2489,-4177000.0,-6297000.0,BALANCED,-3.7769
2018-02-09,UGL,UGL,0.0,41.09,-0.0021,-4523000.0,0.0,0.0,0.2489,-4177000.0,-6297000.0,BALANCED,-3.7769
2018-02-12,UGL,UGL,0.0,41.59,0.0122,-4523000.0,0.0,0.0,0.2489,-4177000.0,-6297000.0,BALANCED,-3.7769
2018-02-13,UGL,UGL,0.0,41.78,0.0045,-4523000.0,0.0,0.0,0.2489,-4177000.0,-6297000.0,BALANCED,-3.7769
2018-02-14,UGL,UGL,0.0,42.46,0.0164,-4523000.0,0.0,0.0,0.2489,0.0,-6297000.0,BALANCED,6.2231
2018-02-15,UGL,UGL,4349000.0,43.49,0.0242,-174000.0,4349000.0,0.0,3.7245,4349000.0,-1948000.0,ACCUMULATION,100.0
2018-02-16,UGL,UGL,0.0,43.47,-0.0006,-174000.0,0.0,0.0,0.0548,4349000.0,-1948000.0,BALANCED,11.3698
2018-02-20,UGL,UGL,0.0,42.66,-0.0186,-174000.0,0.0,0.0,0.0548,4349000.0,-1948000.0,BALANCED,11.3698
2018-02-21,UGL,UGL,0.0,42.06,-0.0141,-174000.0,0.0,0.0,0.0548,4349000.0,172000.0,BALANCED,11.3698
2018-02-22,UGL,UGL,0.0,41.92,-0.0034,-174000.0,0.0,0.0,0.0548,4349000.0,172000.0,BALANCED,11.3698
2018-02-23,UGL,UGL,-4189000.0,41.89,-0.0008,-4363000.0,0.0,-4189000.0,-2.8383,-4189000.0,-4017000.0,DISTRIBUTION,-82.9587
2018-02-26,UGL,UGL,0.0,42.23,0.0081,-4363000.0,0.0,0.0,0.1457,-4189000.0,-4017000.0,BALANCED,-6.3569
2018-02-27,UGL,UGL,0.0,41.73,-0.0117,-4363000.0,0.0,0.0,0.1457,-4189000.0,-4017000.0,BALANCED,-6.3569
2018-02-28,UGL,UGL,0.0,41.23,-0.012,-4363000.0,0.0,0.0,0.1457,-4189000.0,-4017000.0,BALANCED,-6.3569
2018-03-01,UGL,UGL,0.0,40.59,-0.0154,-4363000.0,0.0,0.0,0.1457,-4189000.0,-4017000.0,BALANCED,-6.3569
2018-03-02,UGL,UGL,0.0,41.49,0.0221,-4363000.0,0.0,0.0,0.1457,0.0,-4017000.0,BALANCED,3.6431
2018-03-05,UGL,UGL,0.0,41.36,-0.0032,-4363000.0,0.0,0.0,0.1457,0.0,-4017000.0,BALANCED,3.6431
2018-03-06,UGL,UGL,0.0,42.04,0.0165,-4363000.0,0.0,0.0,0.1457,0.0,-4017000.0,BALANCED,3.6431
2018-03-07,UGL,UGL,0.0,41.91,-0.0031,-4363000.0,0.0,0.0,0.0987,0.0,-4017000.0,BALANCED,2.4676
2018-03-08,UGL,UGL,0.0,41.37,-0.0129,-4363000.0,0.0,0.0,0.0987,0.0,160000.0,BALANCED,2.4676
2018-03-09,UGL,UGL,4135000.0,41.35,-0.0006,-228000.0,4135000.0,0.0,2.64,4135000.0,4295000.0,ACCUMULATION,78.0012
2018-03-12,UGL,UGL,0.0,41.24,-0.0026,-228000.0,0.0,0.0,-0.0025,4135000.0,4295000.0,BALANCED,9.9372
2018-03-13,UGL,UGL,0.0,41.46,0.0054,-228000.0,0.0,0.0,-0.0025,4135000.0,4295000.0,BALANCED,9.9372
2018-03-14,UGL,UGL,0.0,41.51,0.0011,-228000.0,0.0,0.0,-0.0025,4135000.0,4295000.0,BALANCED,9.9372
2018-03-15,UGL,UGL,0.0,41.2,-0.0073,-228000.0,0.0,0.0,-0.0025,4135000.0,4295000.0,BALANCED,9.9372
2018-03-16,UGL,UGL,0.0,40.66,-0.0132,-228000.0,0.0,0.0,-0.0025,0.0,-54000.0,BALANCED,-0.0628
2018-03-19,UGL,UGL,0.0,40.79,0.0031,-228000.0,0.0,0.0,-0.0025,0.0,-54000.0,BALANCED,-0.0628
2018-03-20,UGL,UGL,0.0,40.69,-0.0023,-228000.0,0.0,0.0,-0.0025,0.0,-54000.0,BALANCED,-0.0628
2018-03-21,UGL,UGL,0.0,41.33,0.0157,-228000.0,0.0,0.0,-0.0025,0.0,-54000.0,BALANCED,-0.0628
2018-03-22,UGL,UGL,0.0,41.82,0.0117,-228000.0,0.0,0.0,-0.106,0.0,-54000.0,BALANCED,-2.6489
2018-03-23,UGL,UGL,0.0,42.91,0.0261,-228000.0,0.0,0.0,-0.106,0.0,4135000.0,BALANCED,-2.6489
2018-03-26,UGL,UGL,0.0,43.26,0.0083,-228000.0,0.0,0.0,-0.106,0.0,4135000.0,BALANCED,-2.6489
2018-03-27,UGL,UGL,0.0,42.56,-0.0162,-228000.0,0.0,0.0,-0.106,0.0,4135000.0,BALANCED,-2.6489
2018-03-28,UGL,UGL,0.0,41.98,-0.0136,-228000.0,0.0,0.0,-0.106,0.0,4135000.0,BALANCED,-2.6489
2018-03-29,UGL,UGL,0.0,41.43,-0.0131,-228000.0,0.0,0.0,-0.106,0.0,4135000.0,BALANCED,-2.6489
2018-04-02,UGL,UGL,0.0,41.41,-0.0004,-228000.0,0.0,0.0,0.0016,0.0,4135000.0,BALANCED,0.0412
2018-04-03,UGL,UGL,0.0,42.01,0.0144,-228000.0,0.0,0.0,0.0016,0.0,4135000.0,BALANCED,0.0412
2018-04-04,UGL,UGL,0.0,42.24,0.0057,-228000.0,0.0,0.0,0.0016,0.0,4135000.0,BALANCED,0.0412
2018-04-05,UGL,UGL,0.0,41.63,-0.0145,-228000.0,0.0,0.0,0.0016,0.0,4135000.0,BALANCED,0.0412
2018-04-06,UGL,UGL,0.0,41.85,0.0052,-228000.0,0.0,0.0,0.0016,0.0,4135000.0,BALANCED,0.0412
2018-04-09,UGL,UGL,0.0,41.88,0.0008,-228000.0,0.0,0.0,-0.1826,0.0,0.0,BALANCED,-4.5644
2018-04-10,UGL,UGL,0.0,42.31,0.0104,-228000.0,0.0,0.0,-0.1826,0.0,0.0,BALANCED,-4.5644
2018-04-11,UGL,UGL,0.0,43.06,0.0175,-228000.0,0.0,0.0,-0.1826,0.0,0.0,BALANCED,-4.5644
2018-04-12,UGL,UGL,0.0,42.45,-0.014,-228000.0,0.0,0.0,-0.1826,0.0,0.0,BALANCED,-4.5644
2018-04-13,UGL,UGL,0.0,42.6,0.0034,-228000.0,0.0,0.0,-0.1826,0.0,0.0,BALANCED,-4.5644
2018-04-16,UGL,UGL,0.0,42.94,0.0081,-228000.0,0.0,0.0,-0.1826,0.0,0.0,BALANCED,-4.5644
2018-04-17,UGL,UGL,0.0,42.47,-0.0109,-228000.0,0.0,0.0,-0.1826,0.0,0.0,BALANCED,-4.5644
2018-04-18,UGL,UGL,0.0,43.06,0.0138,-228000.0,0.0,0.0,-0.1826,0.0,0.0,BALANCED,-4.5644
2018-04-19,UGL,UGL,0.0,42.87,-0.0043,-228000.0,0.0,0.0,-0.1826,0.0,0.0,BALANCED,-4.5644
2018-04-20,UGL,UGL,0.0,42.11,-0.0177,-228000.0,0.0,0.0,-0.1826,0.0,0.0,BALANCED,-4.5644
2018-04-23,UGL,UGL,0.0,41.32,-0.019,-228000.0,0.0,0.0,0.0,0.0,0.0,BALANCED,0.0
2018-04-24,UGL,UGL,0.0,41.6,0.0067,-228000.0,0.0,0.0,0.0,0.0,0.0,BALANCED,0.0
2018-04-25,UGL,UGL,0.0,41.14,-0.011,-228000.0,0.0,0.0,0.0,0.0,0.0,BALANCED,0.0
2018-04-26,UGL,UGL,0.0,41.07,-0.0016,-228000.0,0.0,0.0,0.0,0.0,0.0,BALANCED,0.0
2018-04-27,UGL,UGL,0.0,41.12,0.0011,-228000.0,0.0,0.0,0.0,0.0,0.0,BALANCED,0.0
2018-04-30,UGL,UGL,0.0,40.59,-0.0129,-228000.0,0.0,0.0,0.0,0.0,0.0,BALANCED,0.0
2018-05-01,UGL,UGL,0.0,40.21,-0.0094,-228000.0,0.0,0.0,0.0,0.0,0.0,BALANCED,0.0
2018-05-02,UGL,UGL,0.0,40.02,-0.0046,-228000.0,0.0,0.0,0.0,0.0,0.0,BALANCED,0.0
2018-05-03,UGL,UGL,0.0,40.69,0.0165,-228000.0,0.0,0.0,0.0,0.0,0.0,BALANCED,0.0
2018-05-04,UGL,UGL,0.0,40.33,-0.0087,-228000.0,0.0,0.0,0.0,0.0,0.0,BALANCED,0.0
2018-05-07,UGL,UGL,0.0,40.32,-0.0004,-228000.0,0.0,0.0,0.0,0.0,0.0,BALANCED,0.0
2018-05-08,UGL,UGL,0.0,40.14,-0.0044,-228000.0,0.0,0.0,0.0,0.0,0.0,BALANCED,0.0
2018-05-09,UGL,UGL,0.0,40.58,0.0109,-228000.0,0.0,0.0,0.0,0.0,0.0,BALANCED,0.0
2018-05-10,UGL,UGL,-2044000.0,40.88,0.0075,-2272000.0,0.0,-2044000.0,-5.2947,-2044000.0,-2044000.0,DISTRIBUTION,-100.0
2018-05-11,UGL,UGL,0.0,41.22,0.0083,-2272000.0,0.0,0.0,0.1826,-2044000.0,-2044000.0,BALANCED,-5.4356
2018-05-14,UGL,UGL,0.0,40.93,-0.0071,-2272000.0,0.0,0.0,0.1826,-2044000.0,-2044000.0,BALANCED,-5.4356
2018-05-15,UGL,UGL,0.0,39.38,-0.0377,-2272000.0,0.0,0.0,0.1826,-2044000.0,-2044000.0,BALANCED,-5.4356
2018-05-16,UGL,UGL,0.0,39.15,-0.0059,-2272000.0,0.0,0.0,0.1826,-2044000.0,-2044000.0,BALANCED,-5.4356
2018-05-17,UGL,UGL,0.0,39.04,-0.0028,-2272000.0,0.0,0.0,0.1826,0.0,-2044000.0,BALANCED,4.5644
2018-05-18,UGL,UGL,0.0,38.96,-0.002,-2272000.0,0.0,0.0,0.1826,0.0,-2044000.0,BALANCED,4.5644
2018-05-21,UGL,UGL,0.0,38.95,-0.0002,-2272000.0,0.0,0.0,0.1826,0.0,-2044000.0,BALANCED,4.5644
2018-05-22,UGL,UGL,0.0,39.23,0.0072,-2272000.0,0.0,0.0,0.1826,0.0,-2044000.0,BALANCED,4.5644
2018-05-23,UGL,UGL,0.0,38.98,-0.0063,-2272000.0,0.0,0.0,0.1826,0.0,-2044000.0,BALANCED,4.5644
2018-05-24,UGL,UGL,0.0,39.94,0.0245,-2272000.0,0.0,0.0,0.1826,0.0,-2044000.0,BALANCED,4.5644
2018-05-25,UGL,UGL,0.0,39.85,-0.0021,-2272000.0,0.0,0.0,0.1826,0.0,-2044000.0,BALANCED,4.5644
2018-05-29,UGL,UGL,1967000.0,39.34,-0.0128,-305000.0,1967000.0,0.0,3.739,1967000.0,-77000.0,ACCUMULATION,100.0
2018-05-30,UGL,UGL,0.0,39.66,0.008,-305000.0,0.0,0.0,0.0049,1967000.0,-77000.0,BALANCED,10.1218
2018-05-31,UGL,UGL,0.0,39.94,0.007,-305000.0,0.0,0.0,0.0049,1967000.0,-77000.0,BALANCED,10.1218
2018-06-01,UGL,UGL,0.0,39.27,-0.0166,-305000.0,0.0,0.0,0.0049,1967000.0,-77000.0,BALANCED,10.1218
2018-06-04,UGL,UGL,0.0,39.31,0.0009,-305000.0,0.0,0.0,0.0049,1967000.0,-77000.0,BALANCED,10.1218
2018-06-05,UGL,UGL,0.0,39.1,-0.0054,-305000.0,0.0,0.0,0.0049,0.0,-77000.0,BALANCED,0.1218
2018-06-06,UGL,UGL,0.0,39.58,0.0123,-305000.0,0.0,0.0,0.0049,0.0,-77000.0,BALANCED,0.1218
2018-06-07,UGL,UGL,0.0,39.4,-0.0045,-305000.0,0.0,0.0,0.0049,0.0,-77000.0,BALANCED,0.1218
2018-06-08,UGL,UGL,0.0,39.46,0.0014,-305000.0,0.0,0.0,0.0049,0.0,1967000.0,BALANCED,0.1218
2018-06-11,UGL,UGL,0.0,39.53,0.0017,-305000.0,0.0,0.0,0.0049,0.0,1967000.0,BALANCED,0.1218
2018-06-12,UGL,UGL,0.0,39.46,-0.0016,-305000.0,0.0,0.0,0.0049,0.0,1967000.0,BALANCED,0.1218
2018-06-13,UGL,UGL,0.0,39.31,-0.004,-305000.0,0.0,0.0,0.0049,0.0,1967000.0,BALANCED,0.1218
2018-06-14,UGL,UGL,0.0,39.7,0.01,-305000.0,0.0,0.0,0.0049,0.0,1967000.0,BALANCED,0.1218
2018-06-15,UGL,UGL,0.0,38.63,-0.027,-305000.0,0.0,0.0,0.0049,0.0,1967000.0,BALANCED,0.1218
2018-06-18,UGL,UGL,0.0,38.39,-0.0062,-305000.0,0.0,0.0,0.0049,0.0,1967000.0,BALANCED,0.1218
2018-06-19,UGL,UGL,0.0,38.06,-0.0086,-305000.0,0.0,0.0,0.0049,0.0,1967000.0,BALANCED,0.1218
2018-06-20,UGL,UGL,0.0,37.93,-0.0032,-305000.0,0.0,0.0,0.0049,0.0,1967000.0,BALANCED,0.1218
2018-06-21,UGL,UGL,0.0,37.45,-0.0128,-305000.0,0.0,0.0,0.0049,0.0,1967000.0,BALANCED,0.1218
2018-06-22,UGL,UGL,0.0,37.62,0.0046,-305000.0,0.0,0.0,-0.1826,0.0,1967000.0,BALANCED,-4.5644
2018-06-25,UGL,UGL,0.0,37.58,-0.0011,-305000.0,0.0,0.0,-0.1826,0.0,1967000.0,BALANCED,-4.5644
2018-06-26,UGL,UGL,0.0,37.08,-0.0133,-305000.0,0.0,0.0,-0.1826,0.0,0.0,BALANCED,-4.5644
2018-06-27,UGL,UGL,0.0,36.74,-0.0091,-305000.0,0.0,0.0,-0.1826,0.0,0.0,BALANCED,-4.5644
2018-06-28,UGL,UGL,1828000.0,36.56,-0.005,1523000.0,1828000.0,0.0,3.5319,1828000.0,1828000.0,ACCUMULATION,100.0
2018-06-29,UGL,UGL,-3649000.0,36.49,-0.0019,-2126000.0,0.0,-3649000.0,-4.3432,-1821000.0,-1821000.0,DISTRIBUTION,-100.0
2018-07-02,UGL,UGL,0.0,36.32,-0.0046,-2126000.0,0.0,0.0,-0.0058,-1821000.0,-1821000.0,BALANCED,-10.1446
2018-07-03,UGL,UGL,0.0,36.55,0.0062,-2126000.0,0.0,0.0,-0.0058,-1821000.0,-1821000.0,BALANCED,-10.1446
2018-07-05,UGL,UGL,0.0,36.76,0.0058,-2126000.0,0.0,0.0,-0.0058,-1821000.0,-1821000.0,BALANCED,-10.1446
2018-07-06,UGL,UGL,0.0,36.75,-0.0003,-2126000.0,0.0,0.0,-0.0058,-3649000.0,-1821000.0,BALANCED,-10.1446
2018-07-09,UGL,UGL,0.0,37.13,0.0103,-2126000.0,0.0,0.0,-0.0058,0.0,-1821000.0,BALANCED,-0.1446
2018-07-10,UGL,UGL,0.0,36.65,-0.0129,-2126000.0,0.0,0.0,-0.0058,0.0,-1821000.0,BALANCED,-0.1446
2018-07-11,UGL,UGL,0.0,36.49,-0.0043,-2126000.0,0.0,0.0,0.0804,0.0,-1821000.0,BALANCED,2.009
2018-07-12,UGL,UGL,0.0,36.16,-0.0089,-2126000.0,0.0,0.0,0.0804,0.0,-1821000.0,BALANCED,2.009
2018-07-13,UGL,UGL,0.0,35.92,-0.0069,-2126000.0,0.0,0.0,0.0804,0.0,-1821000.0,BALANCED,2.009
2018-07-16,UGL,UGL,0.0,35.87,-0.0013,-2126000.0,0.0,0.0,0.0804,0.0,-1821000.0,BALANCED,2.009
2018-07-17,UGL,UGL,0.0,35.38,-0.0135,-2126000.0,0.0,0.0,0.0804,0.0,-1821000.0,BALANCED,2.009
2018-07-18,UGL,UGL,0.0,34.9,-0.0136,-2126000.0,0.0,0.0,0.0804,0.0,-1821000.0,BALANCED,2.009
2018-07-19,UGL,UGL,0.0,34.5,-0.0115,-2126000.0,0.0,0.0,0.0804,0.0,-1821000.0,BALANCED,2.009
2018-07-20,UGL,UGL,0.0,35.13,0.0183,-2126000.0,0.0,0.0,0.0804,0.0,-1821000.0,BALANCED,2.009
2018-07-23,UGL,UGL,0.0,34.9,-0.0065,-2126000.0,0.0,0.0,0.0804,0.0,-1821000.0,BALANCED,2.009
2018-07-24,UGL,UGL,0.0,35.09,0.0054,-2126000.0,0.0,0.0,0.0804,0.0,-1821000.0,BALANCED,2.009
2018-07-25,UGL,UGL,0.0,35.27,0.005,-2126000.0,0.0,0.0,0.0804,0.0,-1821000.0,BALANCED,2.009
2018-07-26,UGL,UGL,0.0,35.08,-0.0054,-2126000.0,0.0,0.0,0.0804,0.0,-1821000.0,BALANCED,2.009
2018-07-27,UGL,UGL,0.0,34.83,-0.0071,-2126000.0,0.0,0.0,0.0804,0.0,-3649000.0,BALANCED,2.009
2018-07-30,UGL,UGL,0.0,34.81,-0.0006,-2126000.0,0.0,0.0,0.0804,0.0,0.0,BALANCED,2.009
2018-07-31,UGL,UGL,0.0,34.64,-0.0048,-2126000.0,0.0,0.0,0.0804,0.0,0.0,BALANCED,2.009
2018-08-01,UGL,UGL,0.0,34.53,-0.0033,-2126000.0,0.0,0.0,0.0804,0.0,0.0,BALANCED,2.009
2018-08-02,UGL,UGL,0.0,34.32,-0.0059,-2126000.0,0.0,0.0,0.0804,0.0,0.0,BALANCED,2.009
2018-08-03,UGL,UGL,0.0,34.37,0.0013,-2126000.0,0.0,0.0,0.0804,0.0,0.0,BALANCED,2.009
2018-08-06,UGL,UGL,0.0,33.98,-0.0113,-2126000.0,0.0,0.0,0.0804,0.0,0.0,BALANCED,2.009
2018-08-07,UGL,UGL,0.0,34.13,0.0043,-2126000.0,0.0,0.0,0.0804,0.0,0.0,BALANCED,2.009
2018-08-08,UGL,UGL,0.0,33.97,-0.0048,-2126000.0,0.0,0.0,0.0804,0.0,0.0,BALANCED,2.009
2018-08-09,UGL,UGL,0.0,34.23,0.0078,-2126000.0,0.0,0.0,0.0804,0.0,0.0,BALANCED,2.009
2018-08-10,UGL,UGL,0.0,34.23,-0.0,-2126000.0,0.0,0.0,0.1826,0.0,0.0,BALANCED,4.5644
2018-08-13,UGL,UGL,0.0,33.43,-0.0234,-2126000.0,0.0,0.0,0.0,0.0,0.0,BALANCED,0.0
2018-08-14,UGL,UGL,0.0,33.24,-0.0057,-2126000.0,0.0,0.0,0.0,0.0,0.0,BALANCED,0.0
2018-08-15,UGL,UGL,0.0,32.4,-0.0251,-2126000.0,0.0,0.0,0.0,0.0,0.0,BALANCED,0.0
2018-08-16,UGL,UGL,0.0,32.31,-0.0028,-2126000.0,0.0,0.0,0.0,0.0,0.0,BALANCED,0.0
2018-08-17,UGL,UGL,0.0,32.2,-0.0035,-2126000.0,0.0,0.0,0.0,0.0,0.0,BALANCED,0.0
2018-08-20,UGL,UGL,0.0,32.51,0.0098,-2126000.0,0.0,0.0,0.0,0.0,0.0,BALANCED,0.0
2018-08-21,UGL,UGL,0.0,32.87,0.011,-2126000.0,0.0,0.0,0.0,0.0,0.0,BALANCED,0.0
2018-08-22,UGL,UGL,0.0,33.18,0.0095,-2126000.0,0.0,0.0,0.0,0.0,0.0,BALANCED,0.0
2018-08-23,UGL,UGL,0.0,32.94,-0.0073,-2126000.0,0.0,0.0,0.0,0.0,0.0,BALANCED,0.0
2018-08-24,UGL,UGL,0.0,33.23,0.0088,-2126000.0,0.0,0.0,0.0,0.0,0.0,BALANCED,0.0
2018-08-27,UGL,UGL,0.0,33.22,-0.0003,-2126000.0,0.0,0.0,0.0,0.0,0.0,BALANCED,0.0
2018-08-28,UGL,UGL,0.0,34.02,0.0241,-2126000.0,0.0,0.0,0.0,0.0,0.0,BALANCED,0.0
2018-08-29,UGL,UGL,0.0,33.57,-0.0134,-2126000.0,0.0,0.0,0.0,0.0,0.0,BALANCED,0.0
2018-08-30,UGL,UGL,0.0,33.18,-0.0116,-2126000.0,0.0,0.0,0.0,0.0,0.0,BALANCED,0.0
2018-08-31,UGL,UGL,0.0,33.46,0.0085,-2126000.0,0.0,0.0,0.0,0.0,0.0,BALANCED,0.0
2018-09-04,UGL,UGL,0.0,32.8,-0.0197,-2126000.0,0.0,0.0,0.0,0.0,0.0,BALANCED,0.0
2018-09-05,UGL,UGL,0.0,33.12,0.0097,-2126000.0,0.0,0.0,0.0,0.0,0.0,BALANCED,0.0
2018-09-06,UGL,UGL,0.0,33.58,0.014,-2126000.0,0.0,0.0,0.0,0.0,0.0,BALANCED,0.0
2018-09-07,UGL,UGL,0.0,33.23,-0.0105,-2126000.0,0.0,0.0,0.0,0.0,0.0,BALANCED,0.0
2018-09-10,UGL,UGL,0.0,33.09,-0.0042,-2126000.0,0.0,0.0,0.0,0.0,0.0,BALANCED,0.0
2018-09-11,UGL,UGL,0.0,32.71,-0.0114,-2126000.0,0.0,0.0,0.0,0.0,0.0,BALANCED,0.0
2018-09-12,UGL,UGL,0.0,33.02,0.0095,-2126000.0,0.0,0.0,0.0,0.0,0.0,BALANCED,0.0
2018-09-13,UGL,UGL,0.0,33.81,0.0237,-2126000.0,0.0,0.0,0.0,0.0,0.0,BALANCED,0.0
2018-09-14,UGL,UGL,0.0,33.36,-0.0131,-2126000.0,0.0,0.0,0.0,0.0,0.0,BALANCED,0.0
2018-09-17,UGL,UGL,0.0,33.35,-0.0004,-2126000.0,0.0,0.0,0.0,0.0,0.0,BALANCED,0.0
2018-09-18,UGL,UGL,0.0,33.25,-0.0029,-2126000.0,0.0,0.0,0.0,0.0,0.0,BALANCED,0.0
2018-09-19,UGL,UGL,0.0,33.42,0.0051,-2126000.0,0.0,0.0,0.0,0.0,0.0,BALANCED,0.0
2018-09-20,UGL,UGL,0.0,33.7,0.0083,-2126000.0,0.0,0.0,0.0,0.0,0.0,BALANCED,0.0
2018-09-21,UGL,UGL,0.0,33.15,-0.0161,-2126000.0,0.0,0.0,0.0,0.0,0.0,BALANCED,0.0
2018-09-24,UGL,UGL,0.0,33.37,0.0064,-2126000.0,0.0,0.0,0.0,0.0,0.0,BALANCED,0.0
2018-09-25,UGL,UGL,0.0,33.32,-0.0015,-2126000.0,0.0,0.0,0.0,0.0,0.0,BALANCED,0.0
2018-09-26,UGL,UGL,0.0,32.89,-0.0129,-2126000.0,0.0,0.0,0.0,0.0,0.0,BALANCED,0.0
2018-09-27,UGL,UGL,0.0,32.39,-0.0151,-2126000.0,0.0,0.0,0.0,0.0,0.0,BALANCED,0.0
2018-09-28,UGL,UGL,0.0,32.49,0.003,-2126000.0,0.0,0.0,0.0,0.0,0.0,BALANCED,0.0
2018-10-01,UGL,UGL,0.0,32.59,0.0031,-2126000.0,0.0,0.0,0.0,0.0,0.0,BALANCED,0.0
2018-10-02,UGL,UGL,0.0,33.43,0.0258,-2126000.0,0.0,0.0,0.0,0.0,0.0,BALANCED,0.0
2018-10-03,UGL,UGL,0.0,33.23,-0.0058,-2126000.0,0.0,0.0,0.0,0.0,0.0,BALANCED,0.0
2018-10-04,UGL,UGL,0.0,33.36,0.0037,-2126000.0,0.0,0.0,0.0,0.0,0.0,BALANCED,0.0
2018-10-05,UGL,UGL,0.0,33.37,0.0005,-2126000.0,0.0,0.0,0.0,0.0,0.0,BALANCED,0.0
2018-10-08,UGL,UGL,0.0,32.42,-0.0284,-2126000.0,0.0,0.0,0.0,0.0,0.0,BALANCED,0.0
2018-10-09,UGL,UGL,0.0,32.34,-0.0025,-2126000.0,0.0,0.0,0.0,0.0,0.0,BALANCED,0.0
2018-10-10,UGL,UGL,0.0,32.5,0.005,-2126000.0,0.0,0.0,0.0,0.0,0.0,BALANCED,0.0
2018-10-11,UGL,UGL,0.0,33.42,0.0284,-2126000.0,0.0,0.0,0.0,0.0,0.0,BALANCED,0.0
2018-10-12,UGL,UGL,0.0,34.21,0.0234,-2126000.0,0.0,0.0,0.0,0.0,0.0,BALANCED,0.0
2018-10-15,UGL,UGL,0.0,34.76,0.0163,-2126000.0,0.0,0.0,0.0,0.0,0.0,BALANCED,0.0
2018-10-16,UGL,UGL,0.0,34.8,0.0011,-2126000.0,0.0,0.0,0.0,0.0,0.0,BALANCED,0.0
2018-10-17,UGL,UGL,0.0,34.7,-0.0028,-2126000.0,0.0,0.0,0.0,0.0,0.0,BALANCED,0.0
2018-10-18,UGL,UGL,0.0,34.36,-0.01,-2126000.0,0.0,0.0,0.0,0.0,0.0,BALANCED,0.0
2018-10-19,UGL,UGL,1731000.0,34.63,0.0078,-395000.0,1731000.0,0.0,5.2947,1731000.0,1731000.0,ACCUMULATION,100.0
2018-10-22,UGL,UGL,0.0,34.3,-0.0095,-395000.0,0.0,0.0,-0.1826,1731000.0,1731000.0,BALANCED,5.4356
2018-10-23,UGL,UGL,0.0,35.06,0.0222,-395000.0,0.0,0.0,-0.1826,1731000.0,1731000.0,BALANCED,5.4356
2018-10-24,UGL,UGL,0.0,34.75,-0.0089,-395000.0,0.0,0.0,-0.1826,1731000.0,1731000.0,BALANCED,5.4356
2018-10-25,UGL,UGL,0.0,34.76,0.0003,-395000.0,0.0,0.0,-0.1826,1731000.0,1731000.0,BALANCED,5.4356
2018-10-26,UGL,UGL,0.0,34.93,0.0048,-395000.0,0.0,0.0,-0.1826,0.0,1731000.0,BALANCED,-4.5644
2018-10-29,UGL,UGL,0.0,34.74,-0.0054,-395000.0,0.0,0.0,-0.1826,0.0,1731000.0,BALANCED,-4.5644
2018-10-30,UGL,UGL,0.0,34.43,-0.0089,-395000.0,0.0,0.0,-0.1826,0.0,1731000.0,BALANCED,-4.5644
2018-10-31,UGL,UGL,0.0,33.84,-0.0172,-395000.0,0.0,0.0,-0.1826,0.0,1731000.0,BALANCED,-4.5644
2018-11-01,UGL,UGL,0.0,34.73,0.0265,-395000.0,0.0,0.0,-0.1826,0.0,1731000.0,BALANCED,-4.5644
2018-11-02,UGL,UGL,0.0,34.78,0.0014,-395000.0,0.0,0.0,-0.1826,0.0,1731000.0,BALANCED,-4.5644
2018-11-05,UGL,UGL,-5217000.0,34.78,-0.0001,-5612000.0,0.0,-5217000.0,-5.0312,-5217000.0,-3486000.0,DISTRIBUTION,-100.0
2018-11-06,UGL,UGL,0.0,34.74,-0.0012,-5612000.0,0.0,0.0,0.1146,-5217000.0,-3486000.0,BALANCED,-7.1347
2018-11-07,UGL,UGL,0.0,34.64,-0.0028,-5612000.0,0.0,0.0,0.1146,-5217000.0,-3486000.0,BALANCED,-7.1347
2018-11-08,UGL,UGL,0.0,34.31,-0.0096,-5612000.0,0.0,0.0,0.1146,-5217000.0,-3486000.0,BALANCED,-7.1347
2018-11-09,UGL,UGL,0.0,33.59,-0.021,-5612000.0,0.0,0.0,0.1146,-5217000.0,-3486000.0,BALANCED,-7.1347
2018-11-12,UGL,UGL,0.0,33.25,-0.01,-5612000.0,0.0,0.0,0.1146,0.0,-3486000.0,BALANCED,2.8653
2018-11-13,UGL,UGL,0.0,33.05,-0.0059,-5612000.0,0.0,0.0,0.1146,0.0,-3486000.0,BALANCED,2.8653
2018-11-14,UGL,UGL,0.0,33.11,0.0018,-5612000.0,0.0,0.0,0.1146,0.0,-3486000.0,BALANCED,2.8653
2018-11-15,UGL,UGL,0.0,33.59,0.0142,-5612000.0,0.0,0.0,0.1146,0.0,-3486000.0,BALANCED,2.8653
2018-11-16,UGL,UGL,0.0,34.17,0.0173,-5612000.0,0.0,0.0,0.1146,0.0,-5217000.0,BALANCED,2.8653
2018-11-19,UGL,UGL,0.0,34.11,-0.0017,-5612000.0,0.0,0.0,0.1146,0.0,-5217000.0,BALANCED,2.8653
2018-11-20,UGL,UGL,0.0,34.18,0.0022,-5612000.0,0.0,0.0,0.1146,0.0,-5217000.0,BALANCED,2.8653
2018-11-21,UGL,UGL,0.0,34.35,0.005,-5612000.0,0.0,0.0,0.1146,0.0,-5217000.0,BALANCED,2.8653
2018-11-22,UGL,UGL,0.0,34.35,0.0,-5612000.0,0.0,0.0,0.1146,0.0,-5217000.0,BALANCED,2.8653
2018-11-23,UGL,UGL,0.0,34.21,-0.0042,-5612000.0,0.0,0.0,0.1146,0.0,-5217000.0,BALANCED,2.8653
2018-11-26,UGL,UGL,0.0,34.18,-0.0008,-5612000.0,0.0,0.0,0.1146,0.0,-5217000.0,BALANCED,2.8653
2018-11-27,UGL,UGL,0.0,34.05,-0.0037,-5612000.0,0.0,0.0,0.1146,0.0,-5217000.0,BALANCED,2.8653
2018-11-28,UGL,UGL,3360000.0,33.6,-0.0132,-2252000.0,3360000.0,0.0,2.8122,3360000.0,-1857000.0,ACCUMULATION,82.3046
2018-11-29,UGL,UGL,0.0,34.32,0.0213,-2252000.0,0.0,0.0,0.0035,3360000.0,-1857000.0,BALANCED,10.0878
2018-11-30,UGL,UGL,0.0,33.83,-0.0143,-2252000.0,0.0,0.0,0.0538,3360000.0,-1857000.0,BALANCED,11.345
2018-12-03,UGL,UGL,0.0,34.53,0.0206,-2252000.0,0.0,0.0,0.0538,3360000.0,3360000.0,BALANCED,11.345
2018-12-04,UGL,UGL,0.0,35.08,0.0161,-2252000.0,0.0,0.0,0.0538,3360000.0,3360000.0,BALANCED,11.345
2018-12-06,UGL,UGL,0.0,35.2,0.0033,-2252000.0,0.0,0.0,0.0538,0.0,3360000.0,BALANCED,1.345
2018-12-07,UGL,UGL,0.0,35.25,0.0012,-2252000.0,0.0,0.0,0.0538,0.0,3360000.0,BALANCED,1.345
2018-12-10,UGL,UGL,0.0,35.35,0.0031,-2252000.0,0.0,0.0,0.0538,0.0,3360000.0,BALANCED,1.345
2018-12-11,UGL,UGL,0.0,35.35,-0.0002,-2252000.0,0.0,0.0,0.0538,0.0,3360000.0,BALANCED,1.345
2018-12-12,UGL,UGL,0.0,35.37,0.0006,-2252000.0,0.0,0.0,0.0538,0.0,3360000.0,BALANCED,1.345
2018-12-13,UGL,UGL,0.0,35.18,-0.0053,-2252000.0,0.0,0.0,0.0538,0.0,3360000.0,BALANCED,1.345
2018-12-14,UGL,UGL,0.0,34.74,-0.0124,-2252000.0,0.0,0.0,0.0538,0.0,3360000.0,BALANCED,1.345
2018-12-17,UGL,UGL,0.0,35.08,0.0098,-2252000.0,0.0,0.0,0.0538,0.0,3360000.0,BALANCED,1.345
2018-12-18,UGL,UGL,0.0,35.34,0.0073,-2252000.0,0.0,0.0,-0.1826,0.0,3360000.0,BALANCED,-4.5644
2018-12-19,UGL,UGL,0.0,35.83,0.0139,-2252000.0,0.0,0.0,-0.1826,0.0,3360000.0,BALANCED,-4.5644
2018-12-20,UGL,UGL,0.0,36.09,0.0074,-2252000.0,0.0,0.0,-0.1826,0.0,3360000.0,BALANCED,-4.5644
2018-12-21,UGL,UGL,0.0,35.99,-0.0028,-2252000.0,0.0,0.0,-0.1826,0.0,3360000.0,BALANCED,-4.5644
2018-12-24,UGL,UGL,0.0,35.99,-0.0002,-2252000.0,0.0,0.0,-0.1826,0.0,3360000.0,BALANCED,-4.5644
2018-12-26,UGL,UGL,0.0,35.98,-0.0,-2252000.0,0.0,0.0,-0.1826,0.0,3360000.0,BALANCED,-4.5644
2018-12-27,UGL,UGL,0.0,36.53,0.0151,-2252000.0,0.0,0.0,-0.1826,0.0,3360000.0,BALANCED,-4.5644
2018-12-28,UGL,UGL,3713000.0,37.13,0.0166,1461000.0,3713000.0,0.0,3.8703,3713000.0,3713000.0,ACCUMULATION,100.0
2018-12-31,UGL,UGL,-3712000.0,37.12,-0.0003,-2251000.0,0.0,-3712000.0,-3.3198,1000.0,1000.0,DISTRIBUTION,-74.9951
2019-01-02,UGL,UGL,0.0,37.34,0.0058,-2251000.0,0.0,0.0,-0.0973,1000.0,1000.0,BALANCED,7.5685
2019-01-03,UGL,UGL,0.0,37.77,0.0115,-2251000.0,0.0,0.0,-0.0973,1000.0,1000.0,BALANCED,7.5685
2019-01-04,UGL,UGL,1870000.0,37.4,-0.0096,-381000.0,1870000.0,0.0,1.4185,1871000.0,1871000.0,BALANCED,47.462
2019-01-07,UGL,UGL,0.0,37.62,0.0059,-381000.0,0.0,0.0,-0.1459,-1842000.0,1871000.0,BALANCED,-13.6467
2019-01-08,UGL,UGL,0.0,37.39,-0.0062,-381000.0,0.0,0.0,-0.1459,1870000.0,1871000.0,BALANCED,6.3533
2019-01-09,UGL,UGL,0.0,37.75,0.0095,-381000.0,0.0,0.0,-0.1459,1870000.0,1871000.0,BALANCED,6.3533
2019-01-10,UGL,UGL,0.0,37.48,-0.0071,-381000.0,0.0,0.0,-0.1459,1870000.0,1871000.0,BALANCED,6.3533
2019-01-11,UGL,UGL,0.0,37.6,0.0033,-381000.0,0.0,0.0,-0.1459,0.0,1871000.0,BALANCED,-3.6467
2019-01-14,UGL,UGL,0.0,37.71,0.003,-381000.0,0.0,0.0,-0.0604,0.0,1871000.0,BALANCED,-1.5094
2019-01-15,UGL,UGL,0.0,37.53,-0.0048,-381000.0,0.0,0.0,-0.0604,0.0,1871000.0,BALANCED,-1.5094
2019-01-16,UGL,UGL,0.0,37.85,0.0084,-381000.0,0.0,0.0,-0.0604,0.0,1871000.0,BALANCED,-1.5094
2019-01-17,UGL,UGL,0.0,37.75,-0.0024,-381000.0,0.0,0.0,-0.0604,0.0,1871000.0,BALANCED,-1.5094
2019-01-18,UGL,UGL,0.0,37.18,-0.0151,-381000.0,0.0,0.0,-0.0604,0.0,1871000.0,BALANCED,-1.5094
2019-01-22,UGL,UGL,0.0,37.22,0.001,-381000.0,0.0,0.0,-0.0604,0.0,1871000.0,BALANCED,-1.5094
2019-01-23,UGL,UGL,0.0,37.26,0.0011,-381000.0,0.0,0.0,-0.0604,0.0,1871000.0,BALANCED,-1.5094
2019-01-24,UGL,UGL,0.0,37.02,-0.0066,-381000.0,0.0,0.0,-0.0604,0.0,1871000.0,BALANCED,-1.5094
2019-01-25,UGL,UGL,0.0,38.07,0.0285,-381000.0,0.0,0.0,-0.0604,0.0,1871000.0,BALANCED,-1.5094
2019-01-28,UGL,UGL,0.0,38.37,0.0079,-381000.0,0.0,0.0,-0.0604,0.0,1871000.0,BALANCED,-1.5094
2019-01-29,UGL,UGL,0.0,38.72,0.009,-381000.0,0.0,0.0,-0.0604,0.0,-1842000.0,BALANCED,-1.5094
2019-01-30,UGL,UGL,0.0,38.73,0.0005,-381000.0,0.0,0.0,-0.0604,0.0,1870000.0,BALANCED,-1.5094
2019-01-31,UGL,UGL,0.0,39.31,0.0148,-381000.0,0.0,0.0,-0.0604,0.0,1870000.0,BALANCED,-1.5094
2019-02-01,UGL,UGL,0.0,39.12,-0.0047,-381000.0,0.0,0.0,-0.0604,0.0,1870000.0,BALANCED,-1.5094
2019-02-04,UGL,UGL,0.0,38.96,-0.0042,-381000.0,0.0,0.0,-0.0604,0.0,0.0,BALANCED,-1.5094
2019-02-05,UGL,UGL,0.0,38.95,-0.0002,-381000.0,0.0,0.0,-0.0604,0.0,0.0,BALANCED,-1.5094
2019-02-06,UGL,UGL,0.0,38.67,-0.0073,-381000.0,0.0,0.0,-0.0604,0.0,0.0,BALANCED,-1.5094
2019-02-07,UGL,UGL,0.0,38.66,-0.0003,-381000.0,0.0,0.0,-0.0604,0.0,0.0,BALANCED,-1.5094
2019-02-08,UGL,UGL,0.0,38.91,0.0066,-381000.0,0.0,0.0,-0.0604,0.0,0.0,BALANCED,-1.5094
2019-02-11,UGL,UGL,0.0,38.52,-0.01,-381000.0,0.0,0.0,-0.0604,0.0,0.0,BALANCED,-1.5094
2019-02-12,UGL,UGL,0.0,38.65,0.0032,-381000.0,0.0,0.0,0.0798,0.0,0.0,BALANCED,1.9953
2019-02-13,UGL,UGL,0.0,38.71,0.0017,-381000.0,0.0,0.0,-0.1826,0.0,0.0,BALANCED,-4.5644
2019-02-14,UGL,UGL,0.0,38.64,-0.0018,-381000.0,0.0,0.0,-0.1826,0.0,0.0,BALANCED,-4.5644
2019-02-15,UGL,UGL,0.0,39.12,0.0125,-381000.0,0.0,0.0,-0.1826,0.0,0.0,BALANCED,-4.5644
2019-02-19,UGL,UGL,0.0,40.47,0.0344,-381000.0,0.0,0.0,0.0,0.0,0.0,BALANCED,0.0
2019-02-20,UGL,UGL,0.0,40.66,0.0046,-381000.0,0.0,0.0,0.0,0.0,0.0,BALANCED,0.0
2019-02-21,UGL,UGL,0.0,39.45,-0.0298,-381000.0,0.0,0.0,0.0,0.0,0.0,BALANCED,0.0
2019-02-22,UGL,UGL,0.0,39.74,0.0075,-381000.0,0.0,0.0,0.0,0.0,0.0,BALANCED,0.0
2019-02-25,UGL,UGL,0.0,39.55,-0.0049,-381000.0,0.0,0.0,0.0,0.0,0.0,BALANCED,0.0
2019-02-26,UGL,UGL,0.0,39.49,-0.0015,-381000.0,0.0,0.0,0.0,0.0,0.0,BALANCED,0.0
2019-02-27,UGL,UGL,0.0,39.05,-0.011,-381000.0,0.0,0.0,0.0,0.0,0.0,BALANCED,0.0
2019-02-28,UGL,UGL,0.0,38.75,-0.0077,-381000.0,0.0,0.0,0.0,0.0,0.0,BALANCED,0.0
2019-03-01,UGL,UGL,0.0,37.76,-0.0256,-381000.0,0.0,0.0,0.0,0.0,0.0,BALANCED,0.0
2019-03-04,UGL,UGL,0.0,37.08,-0.0179,-381000.0,0.0,0.0,0.0,0.0,0.0,BALANCED,0.0
2019-03-05,UGL,UGL,0.0,36.92,-0.0043,-381000.0,0.0,0.0,0.0,0.0,0.0,BALANCED,0.0
2019-03-06,UGL,UGL,0.0,37.09,0.0045,-381000.0,0.0,0.0,0.0,0.0,0.0,BALANCED,0.0
2019-03-07,UGL,UGL,0.0,37.0,-0.0023,-381000.0,0.0,0.0,0.0,0.0,0.0,BALANCED,0.0
2019-03-08,UGL,UGL,0.0,37.76,0.0205,-381000.0,0.0,0.0,0.0,0.0,0.0,BALANCED,0.0
2019-03-11,UGL,UGL,-5592000.0,37.28,-0.0127,-5973000.0,0.0,-5592000.0,-5.2947,-5592000.0,-5592000.0,DISTRIBUTION,-100.0
2019-03-12,UGL,UGL,0.0,37.68,0.0107,-5973000.0,0.0,0.0,0.1826,-5592000.0,-5592000.0,BALANCED,-5.4356
2019-03-13,UGL,UGL,0.0,38.34,0.0173,-5973000.0,0.0,0.0,0.1826,-5592000.0,-5592000.0,BALANCED,-5.4356
2019-03-14,UGL,UGL,0.0,37.5,-0.0219,-5973000.0,0.0,0.0,0.1826,-5592000.0,-5592000.0,BALANCED,-5.4356
2019-03-15,UGL,UGL,0.0,37.93,0.0115,-5973000.0,0.0,0.0,0.1826,-5592000.0,-5592000.0,BALANCED,-5.4356
2019-03-18,UGL,UGL,0.0,37.86,-0.0018,-5973000.0,0.0,0.0,0.1826,0.0,-5592000.0,BALANCED,4.5644
2019-03-19,UGL,UGL,0.0,38.15,0.0077,-5973000.0,0.0,0.0,0.1826,0.0,-5592000.0,BALANCED,4.5644
2019-03-20,UGL,UGL,0.0,37.87,-0.0075,-5973000.0,0.0,0.0,0.1826,0.0,-5592000.0,BALANCED,4.5644
2019-03-21,UGL,UGL,0.0,38.2,0.0089,-5973000.0,0.0,0.0,0.1826,0.0,-5592000.0,BALANCED,4.5644
2019-03-22,UGL,UGL,0.0,38.5,0.0078,-5973000.0,0.0,0.0,0.1826,0.0,-5592000.0,BALANCED,4.5644
2019-03-25,UGL,UGL,0.0,39.1,0.0157,-5973000.0,0.0,0.0,0.1826,0.0,-5592000.0,BALANCED,4.5644
2019-03-26,UGL,UGL,0.0,38.66,-0.0114,-5973000.0,0.0,0.0,0.1826,0.0,-5592000.0,BALANCED,4.5644
2019-03-27,UGL,UGL,0.0,38.39,-0.0068,-5973000.0,0.0,0.0,0.1826,0.0,-5592000.0,BALANCED,4.5644
2019-03-28,UGL,UGL,0.0,37.14,-0.0328,-5973000.0,0.0,0.0,0.1826,0.0,-5592000.0,BALANCED,4.5644
2019-03-29,UGL,UGL,0.0,37.32,0.005,-5973000.0,0.0,0.0,0.1826,0.0,-5592000.0,BALANCED,4.5644
2019-04-01,UGL,UGL,-7415000.0,37.07,-0.0066,-13388000.0,0.0,-7415000.0,-4.1874,-7415000.0,-13007000.0,DISTRIBUTION,-100.0
2019-04-02,UGL,UGL,0.0,37.14,0.0019,-13388000.0,0.0,0.0,0.26,-7415000.0,-13007000.0,BALANCED,-3.4988
2019-04-03,UGL,UGL,0.0,37.14,-0.0002,-13388000.0,0.0,0.0,0.26,-7415000.0,-13007000.0,BALANCED,-3.4988
2019-04-04,UGL,UGL,0.0,37.08,-0.0015,-13388000.0,0.0,0.0,0.26,-7415000.0,-13007000.0,BALANCED,-3.4988
2019-04-05,UGL,UGL,0.0,37.15,0.002,-13388000.0,0.0,0.0,0.26,-7415000.0,-13007000.0,BALANCED,-3.4988
2019-04-08,UGL,UGL,0.0,37.52,0.0098,-13388000.0,0.0,0.0,0.26,0.0,-7415000.0,BALANCED,6.5012
2019-04-09,UGL,UGL,0.0,37.89,0.0098,-13388000.0,0.0,0.0,0.26,0.0,-7415000.0,BALANCED,6.5012
2019-04-10,UGL,UGL,0.0,38.21,0.0086,-13388000.0,0.0,0.0,0.26,0.0,-7415000.0,BALANCED,6.5012
2019-04-11,UGL,UGL,0.0,37.01,-0.0313,-13388000.0,0.0,0.0,0.26,0.0,-7415000.0,BALANCED,6.5012
2019-04-12,UGL,UGL,0.0,37.12,0.003,-13388000.0,0.0,0.0,0.26,0.0,-7415000.0,BALANCED,6.5012
2019-04-15,UGL,UGL,0.0,36.9,-0.006,-13388000.0,0.0,0.0,0.26,0.0,-7415000.0,BALANCED,6.5012
2019-04-16,UGL,UGL,0.0,36.1,-0.0218,-13388000.0,0.0,0.0,0.26,0.0,-7415000.0,BALANCED,6.5012
2019-04-17,UGL,UGL,0.0,36.07,-0.0006,-13388000.0,0.0,0.0,0.26,0.0,-7415000.0,BALANCED,6.5012
2019-04-18,UGL,UGL,0.0,36.03,-0.0012,-13388000.0,0.0,0.0,0.26,0.0,-7415000.0,BALANCED,6.5012
2019-04-22,UGL,UGL,0.0,36.12,0.0026,-13388000.0,0.0,0.0,0.26,0.0,-7415000.0,BALANCED,6.5012
2019-04-23,UGL,UGL,0.0,35.87,-0.0069,-13388000.0,0.0,0.0,0.1826,0.0,-7415000.0,BALANCED,4.5644
2019-04-24,UGL,UGL,0.0,36.22,0.0098,-13388000.0,0.0,0.0,0.1826,0.0,-7415000.0,BALANCED,4.5644
2019-04-25,UGL,UGL,0.0,36.24,0.0005,-13388000.0,0.0,0.0,0.1826,0.0,-7415000.0,BALANCED,4.5644
2019-04-26,UGL,UGL,0.0,36.76,0.0142,-13388000.0,0.0,0.0,0.1826,0.0,-7415000.0,BALANCED,4.5644
2019-04-29,UGL,UGL,3635000.0,36.35,-0.0113,-9753000.0,3635000.0,0.0,2.4612,3635000.0,-3780000.0,ACCUMULATION,73.5299
2019-04-30,UGL,UGL,0.0,36.58,0.0066,-9753000.0,0.0,0.0,0.0825,3635000.0,3635000.0,BALANCED,12.0614
2019-05-01,UGL,UGL,1825000.0,36.5,-0.0023,-7928000.0,1825000.0,0.0,1.2046,5460000.0,5460000.0,BALANCED,42.1158
2019-05-02,UGL,UGL,0.0,35.81,-0.019,-7928000.0,0.0,0.0,0.0415,5460000.0,5460000.0,BALANCED,11.0383
2019-05-03,UGL,UGL,0.0,36.33,0.0146,-7928000.0,0.0,0.0,0.0415,5460000.0,5460000.0,BALANCED,11.0383
2019-05-06,UGL,UGL,0.0,36.48,0.004,-7928000.0,0.0,0.0,0.0415,1825000.0,5460000.0,BALANCED,11.0383
2019-05-07,UGL,UGL,0.0,36.58,0.0028,-7928000.0,0.0,0.0,0.0415,1825000.0,5460000.0,BALANCED,11.0383
2019-05-08,UGL,UGL,-3634000.0,36.34,-0.0065,-11562000.0,0.0,-3634000.0,-2.0295,-3634000.0,1826000.0,DISTRIBUTION,-62.7376
2019-05-09,UGL,UGL,0.0,36.56,0.0059,-11562000.0,0.0,0.0,0.1097,-3634000.0,1826000.0,BALANCED,-7.2583
2019-05-10,UGL,UGL,0.0,36.68,0.0033,-11562000.0,0.0,0.0,0.1097,-3634000.0,1826000.0,BALANCED,-7.2583
2019-05-13,UGL,UGL,0.0,37.5,0.0223,-11562000.0,0.0,0.0,0.1097,-3634000.0,1826000.0,BALANCED,-7.2583
2019-05-14,UGL,UGL,0.0,37.18,-0.0085,-11562000.0,0.0,0.0,-0.0602,-3634000.0,1826000.0,BALANCED,-11.5052
2019-05-15,UGL,UGL,1864000.0,37.27,0.0025,-9698000.0,1864000.0,0.0,1.6378,1864000.0,3690000.0,ACCUMULATION,52.9446
2019-05-16,UGL,UGL,3660000.0,36.6,-0.0179,-6038000.0,3660000.0,0.0,2.747,5524000.0,7350000.0,ACCUMULATION,82.6749
2019-05-17,UGL,UGL,0.0,36.0,-0.0164,-6038000.0,0.0,0.0,-0.1971,5524000.0,7350000.0,BALANCED,5.0731
2019-05-20,UGL,UGL,0.0,36.09,0.0024,-6038000.0,0.0,0.0,-0.1971,5524000.0,7350000.0,BALANCED,5.0731
2019-05-21,UGL,UGL,0.0,35.86,-0.0064,-6038000.0,0.0,0.0,-0.1971,5524000.0,7350000.0,BALANCED,5.0731
2019-05-22,UGL,UGL,-7180000.0,35.9,0.0011,-13218000.0,0.0,-7180000.0,-3.9055,-3520000.0,170000.0,DISTRIBUTION,-100.0
2019-05-23,UGL,UGL,0.0,36.55,0.018,-13218000.0,0.0,0.0,-0.0031,-7180000.0,170000.0,BALANCED,-10.077
2019-05-24,UGL,UGL,0.0,36.45,-0.0028,-13218000.0,0.0,0.0,-0.0031,-7180000.0,170000.0,BALANCED,-10.077
2019-05-28,UGL,UGL,0.0,36.07,-0.0103,-13218000.0,0.0,0.0,-0.0031,-7180000.0,-3465000.0,BALANCED,-10.077
2019-05-29,UGL,UGL,0.0,36.29,0.006,-13218000.0,0.0,0.0,-0.0031,-7180000.0,-3465000.0,BALANCED,-10.077
2019-05-30,UGL,UGL,0.0,36.63,0.0095,-13218000.0,0.0,0.0,-0.0031,0.0,-5290000.0,BALANCED,-0.077
2019-05-31,UGL,UGL,0.0,37.69,0.029,-13218000.0,0.0,0.0,-0.0031,0.0,-5290000.0,BALANCED,-0.077
2019-06-03,UGL,UGL,1933000.0,38.66,0.0257,-11285000.0,1933000.0,0.0,0.9945,1933000.0,-3357000.0,BALANCED,36.8621
2019-06-04,UGL,UGL,0.0,38.71,0.0012,-11285000.0,0.0,0.0,-0.0374,1933000.0,-3357000.0,BALANCED,9.0645
2019-06-05,UGL,UGL,0.0,39.0,0.0074,-11285000.0,0.0,0.0,-0.0374,1933000.0,-3357000.0,BALANCED,9.0645
2019-06-06,UGL,UGL,0.0,39.53,0.0137,-11285000.0,0.0,0.0,-0.0374,1933000.0,277000.0,BALANCED,9.0645
2019-06-07,UGL,UGL,0.0,39.73,0.0051,-11285000.0,0.0,0.0,-0.0374,1933000.0,277000.0,BALANCED,9.0645
2019-06-10,UGL,UGL,0.0,38.74,-0.0249,-11285000.0,0.0,0.0,-0.0374,0.0,277000.0,BALANCED,-0.9355
2019-06-11,UGL,UGL,0.0,38.85,0.0029,-11285000.0,0.0,0.0,0.0292,0.0,277000.0,BALANCED,0.7303
2019-06-12,UGL,UGL,0.0,39.18,0.0084,-11285000.0,0.0,0.0,0.0292,0.0,277000.0,BALANCED,0.7303
2019-06-13,UGL,UGL,-1979000.0,39.59,0.0103,-13264000.0,0.0,-1979000.0,-1.032,-1979000.0,-3566000.0,BALANCED,-37.8003
2019-06-14,UGL,UGL,0.0,39.63,0.0012,-13264000.0,0.0,0.0,0.1019,-1979000.0,-7226000.0,BALANCED,-7.4522
2019-06-17,UGL,UGL,0.0,39.54,-0.0023,-13264000.0,0.0,0.0,0.1019,-1979000.0,-7226000.0,BALANCED,-7.4522
2019-06-18,UGL,UGL,0.0,40.0,0.0116,-13264000.0,0.0,0.0,0.1019,-1979000.0,-7226000.0,BALANCED,-7.4522
2019-06-19,UGL,UGL,0.0,39.89,-0.0028,-13264000.0,0.0,0.0,0.1019,-1979000.0,-7226000.0,BALANCED,-7.4522
2019-06-20,UGL,UGL,0.0,42.74,0.0714,-13264000.0,0.0,0.0,0.0351,0.0,-46000.0,BALANCED,0.8763
2019-06-27,UGL,UGL,0.0,43.67,0.0217,-13264000.0,0.0,0.0,0.0351,0.0,-46000.0,BALANCED,0.8763
2019-06-28,UGL,UGL,0.0,43.78,0.0025,-13264000.0,0.0,0.0,0.0351,0.0,-46000.0,BALANCED,0.8763
2019-07-01,UGL,UGL,0.0,42.26,-0.0345,-13264000.0,0.0,0.0,0.0351,0.0,-46000.0,BALANCED,0.8763
2019-07-02,UGL,UGL,0.0,43.4,0.027,-13264000.0,0.0,0.0,0.0351,0.0,-46000.0,BALANCED,0.8763
2019-07-03,UGL,UGL,0.0,44.2,0.0183,-13264000.0,0.0,0.0,0.0753,0.0,-46000.0,BALANCED,1.8836
2019-07-05,UGL,UGL,0.0,42.91,-0.0292,-13264000.0,0.0,0.0,0.1711,0.0,-46000.0,BALANCED,4.2777
2019-07-08,UGL,UGL,0.0,42.91,-0.0001,-13264000.0,0.0,0.0,0.1711,0.0,-1979000.0,BALANCED,4.2777
2019-07-09,UGL,UGL,0.0,42.94,0.0008,-13264000.0,0.0,0.0,0.1711,0.0,-1979000.0,BALANCED,4.2777
2019-07-10,UGL,UGL,0.0,43.67,0.0172,-13264000.0,0.0,0.0,0.1711,0.0,-1979000.0,BALANCED,4.2777
2019-07-11,UGL,UGL,0.0,43.33,-0.008,-13264000.0,0.0,0.0,0.003,0.0,-1979000.0,BALANCED,0.0746
2019-07-12,UGL,UGL,0.0,43.66,0.0078,-13264000.0,0.0,0.0,0.003,0.0,-1979000.0,BALANCED,0.0746
2019-07-15,UGL,UGL,0.0,43.75,0.0019,-13264000.0,0.0,0.0,0.003,0.0,-1979000.0,BALANCED,0.0746
2019-07-16,UGL,UGL,0.0,43.59,-0.0035,-13264000.0,0.0,0.0,0.003,0.0,-1979000.0,BALANCED,0.0746
2019-07-17,UGL,UGL,0.0,44.35,0.0173,-13264000.0,0.0,0.0,0.003,0.0,-1979000.0,BALANCED,0.0746
2019-07-18,UGL,UGL,0.0,44.65,0.0068,-13264000.0,0.0,0.0,0.003,0.0,0.0,BALANCED,0.0746
2019-07-19,UGL,UGL,2228000.0,44.57,-0.0019,-11036000.0,2228000.0,0.0,3.2883,2228000.0,2228000.0,ACCUMULATION,94.2076
2019-07-22,UGL,UGL,0.0,44.59,0.0005,-11036000.0,0.0,0.0,-0.015,2228000.0,2228000.0,BALANCED,9.625
2019-07-23,UGL,UGL,0.0,44.27,-0.0072,-11036000.0,0.0,0.0,-0.015,2228000.0,2228000.0,BALANCED,9.625
2019-07-24,UGL,UGL,2219000.0,44.39,0.0028,-8817000.0,2219000.0,0.0,3.12,4447000.0,4447000.0,ACCUMULATION,90.0007
2019-07-25,UGL,UGL,0.0,43.83,-0.0125,-8817000.0,0.0,0.0,-0.1201,4447000.0,4447000.0,BALANCED,6.9969
2019-07-26,UGL,UGL,0.0,44.12,0.0066,-8817000.0,0.0,0.0,-0.1201,2219000.0,4447000.0,BALANCED,6.9969
2019-07-29,UGL,UGL,0.0,44.19,0.0016,-8817000.0,0.0,0.0,-0.1201,2219000.0,4447000.0,BALANCED,6.9969
2019-07-30,UGL,UGL,0.0,44.72,0.0119,-8817000.0,0.0,0.0,-0.1201,2219000.0,4447000.0,BALANCED,6.9969
2019-07-31,UGL,UGL,0.0,44.47,-0.0055,-8817000.0,0.0,0.0,-0.1201,0.0,4447000.0,BALANCED,-3.0031
2019-08-01,UGL,UGL,2207000.0,44.14,-0.0075,-6610000.0,2207000.0,0.0,2.9333,2207000.0,6654000.0,ACCUMULATION,85.3325
2019-08-02,UGL,UGL,0.0,45.68,0.0351,-6610000.0,0.0,0.0,-0.3277,2207000.0,6654000.0,BALANCED,1.8068
2019-08-05,UGL,UGL,4688000.0,46.88,0.0261,-1922000.0,4688000.0,0.0,4.0745,6895000.0,11342000.0,ACCUMULATION,100.0
2019-08-06,UGL,UGL,0.0,47.37,0.0104,-1922000.0,0.0,0.0,-0.3574,6895000.0,11342000.0,BALANCED,1.0646
2019-08-07,UGL,UGL,-2481000.0,49.63,0.0477,-4403000.0,0.0,-2481000.0,-2.3559,4414000.0,8861000.0,DISTRIBUTION,-50.8982
2019-08-08,UGL,UGL,0.0,48.97,-0.0133,-4403000.0,0.0,0.0,-0.2506,2207000.0,8861000.0,BALANCED,3.7341
2019-08-09,UGL,UGL,0.0,48.9,-0.0013,-4403000.0,0.0,0.0,-0.2506,2207000.0,8861000.0,BALANCED,3.7341
2019-08-12,UGL,UGL,0.0,49.47,0.0116,-4403000.0,0.0,0.0,-0.2506,-2481000.0,8861000.0,BALANCED,-16.2659
2019-08-13,UGL,UGL,0.0,49.27,-0.0041,-4403000.0,0.0,0.0,-0.2506,-2481000.0,8861000.0,BALANCED,-16.2659
2019-08-14,UGL,UGL,5016000.0,50.16,0.0181,613000.0,5016000.0,0.0,3.1234,5016000.0,13877000.0,ACCUMULATION,90.0858
2019-08-15,UGL,UGL,0.0,50.38,0.0045,613000.0,0.0,0.0,-0.3173,5016000.0,13877000.0,BALANCED,2.0675
2019-08-16,UGL,UGL,0.0,49.88,-0.0099,613000.0,0.0,0.0,-0.3173,5016000.0,11649000.0,BALANCED,2.0675
2019-08-19,UGL,UGL,4910000.0,49.1,-0.0157,5523000.0,4910000.0,0.0,2.5728,9926000.0,16559000.0,ACCUMULATION,76.3207
2019-08-20,UGL,UGL,0.0,49.37,0.0054,5523000.0,0.0,0.0,-0.3761,9926000.0,16559000.0,BALANCED,0.5971
2019-08-21,UGL,UGL,0.0,49.37,0.0,5523000.0,0.0,0.0,-0.3761,4910000.0,14340000.0,BALANCED,0.5971
2019-08-22,UGL,UGL,0.0,48.9,-0.0095,5523000.0,0.0,0.0,-0.3761,4910000.0,14340000.0,BALANCED,0.5971
2019-08-23,UGL,UGL,0.0,50.79,0.0386,5523000.0,0.0,0.0,-0.3761,4910000.0,14340000.0,BALANCED,0.5971
2019-08-26,UGL,UGL,0.0,50.76,-0.0005,5523000.0,0.0,0.0,-0.3761,0.0,14340000.0,BALANCED,-9.4029
2019-08-27,UGL,UGL,0.0,51.73,0.019,5523000.0,0.0,0.0,-0.3761,0.0,14340000.0,BALANCED,-9.4029
2019-08-28,UGL,UGL,0.0,51.55,-0.0035,5523000.0,0.0,0.0,-0.3761,0.0,14340000.0,BALANCED,-9.4029
2019-08-29,UGL,UGL,0.0,50.74,-0.0157,5523000.0,0.0,0.0,-0.3761,0.0,12133000.0,BALANCED,-9.4029
2019-08-30,UGL,UGL,0.0,50.24,-0.0097,5523000.0,0.0,0.0,-0.3364,0.0,12133000.0,BALANCED,-8.411
2019-09-03,UGL,UGL,0.0,51.99,0.0347,5523000.0,0.0,0.0,-0.3364,0.0,7445000.0,BALANCED,-8.411
2019-09-04,UGL,UGL,0.0,52.29,0.0058,5523000.0,0.0,0.0,-0.3364,0.0,7445000.0,BALANCED,-8.411
2019-09-05,UGL,UGL,0.0,49.95,-0.0447,5523000.0,0.0,0.0,-0.2964,0.0,9926000.0,BALANCED,-7.4102
2019-09-06,UGL,UGL,0.0,49.3,-0.0131,5523000.0,0.0,0.0,-0.2964,0.0,9926000.0,BALANCED,-7.4102
2019-09-09,UGL,UGL,0.0,49.01,-0.0058,5523000.0,0.0,0.0,-0.2964,0.0,9926000.0,BALANCED,-7.4102
2019-09-10,UGL,UGL,0.0,48.24,-0.0157,5523000.0,0.0,0.0,-0.2964,0.0,9926000.0,BALANCED,-7.4102
2019-09-11,UGL,UGL,0.0,48.5,0.0054,5523000.0,0.0,0.0,-0.2964,0.0,9926000.0,BALANCED,-7.4102
2019-09-12,UGL,UGL,0.0,48.77,0.0056,5523000.0,0.0,0.0,-0.2964,0.0,4910000.0,BALANCED,-7.4102
2019-09-13,UGL,UGL,0.0,48.26,-0.0105,5523000.0,0.0,0.0,-0.2558,0.0,4910000.0,BALANCED,-6.3949
2019-09-16,UGL,UGL,0.0,49.04,0.0161,5523000.0,0.0,0.0,-0.2558,0.0,4910000.0,BALANCED,-6.3949
2019-09-17,UGL,UGL,0.0,49.16,0.0025,5523000.0,0.0,0.0,-0.1826,0.0,0.0,BALANCED,-4.5645
2019-09-18,UGL,UGL,0.0,49.32,0.0032,5523000.0,0.0,0.0,-0.1826,0.0,0.0,BALANCED,-4.5645
2019-09-19,UGL,UGL,0.0,48.69,-0.0127,5523000.0,0.0,0.0,-0.2628,0.0,0.0,BALANCED,-6.5688
2019-09-20,UGL,UGL,0.0,49.27,0.0118,5523000.0,0.0,0.0,-0.2628,0.0,0.0,BALANCED,-6.5688
2019-09-23,UGL,UGL,0.0,50.34,0.0217,5523000.0,0.0,0.0,-0.2628,0.0,0.0,BALANCED,-6.5688
2019-09-24,UGL,UGL,0.0,50.91,0.0114,5523000.0,0.0,0.0,-0.2628,0.0,0.0,BALANCED,-6.5688
2019-09-25,UGL,UGL,0.0,49.07,-0.0362,5523000.0,0.0,0.0,-0.2628,0.0,0.0,BALANCED,-6.5688
2019-09-26,UGL,UGL,0.0,49.26,0.0039,5523000.0,0.0,0.0,-0.1826,0.0,0.0,BALANCED,-4.5644
2019-09-27,UGL,UGL,0.0,48.69,-0.0116,5523000.0,0.0,0.0,-0.1826,0.0,0.0,BALANCED,-4.5644
2019-09-30,UGL,UGL,0.0,46.53,-0.0444,5523000.0,0.0,0.0,-0.1826,0.0,0.0,BALANCED,-4.5644
2019-10-01,UGL,UGL,0.0,47.54,0.0219,5523000.0,0.0,0.0,0.0,0.0,0.0,BALANCED,0.0
2019-10-02,UGL,UGL,0.0,48.75,0.0254,5523000.0,0.0,0.0,0.0,0.0,0.0,BALANCED,0.0
2019-10-03,UGL,UGL,0.0,49.13,0.0078,5523000.0,0.0,0.0,0.0,0.0,0.0,BALANCED,0.0
2019-10-04,UGL,UGL,-4908000.0,49.08,-0.0012,615000.0,0.0,-4908000.0,-5.2947,-4908000.0,-4908000.0,DISTRIBUTION,-100.0
2019-10-07,UGL,UGL,0.0,48.53,-0.0112,615000.0,0.0,0.0,0.1826,-4908000.0,-4908000.0,BALANCED,-5.4356
2019-10-08,UGL,UGL,0.0,48.5,-0.0006,615000.0,0.0,0.0,0.1826,-4908000.0,-4908000.0,BALANCED,-5.4356
2019-10-09,UGL,UGL,0.0,49.07,0.0119,615000.0,0.0,0.0,0.1826,-4908000.0,-4908000.0,BALANCED,-5.4356
2019-10-10,UGL,UGL,0.0,48.3,-0.0157,615000.0,0.0,0.0,0.1826,-4908000.0,-4908000.0,BALANCED,-5.4356
2019-10-11,UGL,UGL,0.0,47.52,-0.0162,615000.0,0.0,0.0,0.1826,0.0,-4908000.0,BALANCED,4.5644
2019-10-14,UGL,UGL,0.0,48.09,0.012,615000.0,0.0,0.0,0.1826,0.0,-4908000.0,BALANCED,4.5644
2019-10-15,UGL,UGL,0.0,47.18,-0.0188,615000.0,0.0,0.0,0.1826,0.0,-4908000.0,BALANCED,4.5644
2019-10-16,UGL,UGL,0.0,47.85,0.0142,615000.0,0.0,0.0,0.1826,0.0,-4908000.0,BALANCED,4.5644
2019-10-17,UGL,UGL,0.0,48.13,0.0058,615000.0,0.0,0.0,0.1826,0.0,-4908000.0,BALANCED,4.5644
2019-10-18,UGL,UGL,0.0,47.86,-0.0056,615000.0,0.0,0.0,0.1826,0.0,-4908000.0,BALANCED,4.5644
2019-10-21,UGL,UGL,0.0,47.48,-0.0079,615000.0,0.0,0.0,0.1826,0.0,-4908000.0,BALANCED,4.5644
2019-10-22,UGL,UGL,0.0,47.44,-0.0008,615000.0,0.0,0.0,0.1826,0.0,-4908000.0,BALANCED,4.5644
2019-10-23,UGL,UGL,-2398000.0,47.96,0.011,-1783000.0,0.0,-2398000.0,-2.1903,-2398000.0,-7306000.0,DISTRIBUTION,-66.7568
2019-10-24,UGL,UGL,0.0,48.54,0.0121,-1783000.0,0.0,0.0,0.2476,-2398000.0,-7306000.0,BALANCED,-3.8105
2019-10-25,UGL,UGL,0.0,48.58,0.0008,-1783000.0,0.0,0.0,0.2476,-2398000.0,-7306000.0,BALANCED,-3.8105
2019-10-28,UGL,UGL,0.0,47.97,-0.0126,-1783000.0,0.0,0.0,0.2476,-2398000.0,-7306000.0,BALANCED,-3.8105
2019-10-29,UGL,UGL,0.0,47.64,-0.0068,-1783000.0,0.0,0.0,0.2476,-2398000.0,-7306000.0,BALANCED,-3.8105
2019-10-30,UGL,UGL,0.0,48.03,0.0081,-1783000.0,0.0,0.0,0.2476,0.0,-7306000.0,BALANCED,6.1895
2019-10-31,UGL,UGL,0.0,49.19,0.0242,-1783000.0,0.0,0.0,0.2476,0.0,-7306000.0,BALANCED,6.1895
2019-11-01,UGL,UGL,0.0,48.97,-0.0045,-1783000.0,0.0,0.0,0.2476,0.0,-2398000.0,BALANCED,6.1895
2019-11-04,UGL,UGL,2448000.0,48.95,-0.0004,665000.0,2448000.0,0.0,2.3742,2448000.0,50000.0,ACCUMULATION,71.3548
2019-11-05,UGL,UGL,0.0,47.18,-0.0363,665000.0,0.0,0.0,0.1473,2448000.0,50000.0,BALANCED,13.6827
2019-11-06,UGL,UGL,0.0,47.78,0.0127,665000.0,0.0,0.0,0.1473,2448000.0,50000.0,BALANCED,13.6827
2019-11-07,UGL,UGL,0.0,46.07,-0.0357,665000.0,0.0,0.0,0.1473,2448000.0,50000.0,BALANCED,13.6827
2019-11-08,UGL,UGL,0.0,45.85,-0.0048,665000.0,0.0,0.0,0.1473,2448000.0,50000.0,BALANCED,13.6827
2019-11-11,UGL,UGL,0.0,45.49,-0.0078,665000.0,0.0,0.0,0.1473,0.0,50000.0,BALANCED,3.6827
2019-11-12,UGL,UGL,0.0,45.27,-0.0047,665000.0,0.0,0.0,0.1473,0.0,50000.0,BALANCED,3.6827
2019-11-13,UGL,UGL,0.0,45.87,0.0132,665000.0,0.0,0.0,0.1473,0.0,50000.0,BALANCED,3.6827
2019-11-14,UGL,UGL,0.0,46.49,0.0136,665000.0,0.0,0.0,0.1473,0.0,50000.0,BALANCED,3.6827
2019-11-15,UGL,UGL,0.0,46.19,-0.0065,665000.0,0.0,0.0,-0.0026,0.0,50000.0,BALANCED,-0.0655
2019-11-18,UGL,UGL,0.0,46.41,0.0046,665000.0,0.0,0.0,-0.0026,0.0,50000.0,BALANCED,-0.0655
2019-11-19,UGL,UGL,0.0,46.56,0.0033,665000.0,0.0,0.0,-0.0026,0.0,50000.0,BALANCED,-0.0655
2019-11-20,UGL,UGL,0.0,46.55,-0.0003,665000.0,0.0,0.0,-0.0026,0.0,2448000.0,BALANCED,-0.0655
2019-11-21,UGL,UGL,0.0,45.89,-0.0142,665000.0,0.0,0.0,-0.0026,0.0,2448000.0,BALANCED,-0.0655
2019-11-22,UGL,UGL,0.0,45.89,0.0,665000.0,0.0,0.0,-0.0026,0.0,2448000.0,BALANCED,-0.0655
2019-11-25,UGL,UGL,0.0,45.47,-0.0091,665000.0,0.0,0.0,-0.0026,0.0,2448000.0,BALANCED,-0.0655
2019-11-26,UGL,UGL,0.0,45.69,0.0049,665000.0,0.0,0.0,-0.0026,0.0,2448000.0,BALANCED,-0.0655
2019-11-27,UGL,UGL,0.0,45.28,-0.009,665000.0,0.0,0.0,-0.0026,0.0,2448000.0,BALANCED,-0.0655
2019-11-29,UGL,UGL,0.0,46.02,0.0163,665000.0,0.0,0.0,-0.0026,0.0,2448000.0,BALANCED,-0.0655
2019-12-02,UGL,UGL,0.0,45.81,-0.0047,665000.0,0.0,0.0,-0.0026,0.0,2448000.0,BALANCED,-0.0655
2019-12-03,UGL,UGL,0.0,46.75,0.0207,665000.0,0.0,0.0,-0.0026,0.0,0.0,BALANCED,-0.0655
2019-12-04,UGL,UGL,0.0,46.49,-0.0056,665000.0,0.0,0.0,-0.0026,0.0,0.0,BALANCED,-0.0655
2019-12-05,UGL,UGL,0.0,46.67,0.0039,665000.0,0.0,0.0,-0.1826,0.0,0.0,BALANCED,-4.5644
2019-12-06,UGL,UGL,0.0,45.54,-0.0242,665000.0,0.0,0.0,-0.1826,0.0,0.0,BALANCED,-4.5644
2019-12-09,UGL,UGL,0.0,45.53,-0.0002,665000.0,0.0,0.0,-0.1826,0.0,0.0,BALANCED,-4.5644
2019-12-10,UGL,UGL,0.0,45.73,0.0044,665000.0,0.0,0.0,-0.1826,0.0,0.0,BALANCED,-4.5644
2019-12-11,UGL,UGL,0.0,46.16,0.0094,665000.0,0.0,0.0,-0.1826,0.0,0.0,BALANCED,-4.5644
2019-12-12,UGL,UGL,0.0,45.99,-0.0037,665000.0,0.0,0.0,-0.1826,0.0,0.0,BALANCED,-4.5644
2019-12-13,UGL,UGL,0.0,46.55,0.0122,665000.0,0.0,0.0,-0.1826,0.0,0.0,BALANCED,-4.5644
2019-12-16,UGL,UGL,0.0,46.5,-0.0011,665000.0,0.0,0.0,-0.1826,0.0,0.0,BALANCED,-4.5644
2019-12-17,UGL,UGL,0.0,46.51,0.0002,665000.0,0.0,0.0,0.0,0.0,0.0,BALANCED,0.0
2019-12-18,UGL,UGL,0.0,46.39,-0.0026,665000.0,0.0,0.0,0.0,0.0,0.0,BALANCED,0.0
2019-12-19,UGL,UGL,0.0,46.75,0.0078,665000.0,0.0,0.0,0.0,0.0,0.0,BALANCED,0.0
2019-12-20,UGL,UGL,0.0,46.53,-0.0047,665000.0,0.0,0.0,0.0,0.0,0.0,BALANCED,0.0
2019-12-23,UGL,UGL,0.0,47.02,0.0105,665000.0,0.0,0.0,0.0,0.0,0.0,BALANCED,0.0
2019-12-24,UGL,UGL,0.0,48.04,0.0217,665000.0,0.0,0.0,0.0,0.0,0.0,BALANCED,0.0
2019-12-26,UGL,UGL,0.0,48.65,0.0127,665000.0,0.0,0.0,0.0,0.0,0.0,BALANCED,0.0
2019-12-27,UGL,UGL,0.0,48.89,0.0049,665000.0,0.0,0.0,0.0,0.0,0.0,BALANCED,0.0
2019-12-30,UGL,UGL,0.0,48.92,0.0006,665000.0,0.0,0.0,0.0,0.0,0.0,BALANCED,0.0
2019-12-31,UGL,UGL,0.0,49.21,0.0059,665000.0,0.0,0.0,0.0,0.0,0.0,BALANCED,0.0
2020-01-02,UGL,UGL,0.0,49.53,0.0065,665000.0,0.0,0.0,0.0,0.0,0.0,BALANCED,0.0
2020-01-03,UGL,UGL,0.0,51.11,0.0319,665000.0,0.0,0.0,0.0,0.0,0.0,BALANCED,0.0
2020-01-06,UGL,UGL,0.0,52.19,0.0211,665000.0,0.0,0.0,0.0,0.0,0.0,BALANCED,0.0
2020-01-07,UGL,UGL,0.0,52.56,0.0071,665000.0,0.0,0.0,0.0,0.0,0.0,BALANCED,0.0
2020-01-08,UGL,UGL,7743000.0,51.62,-0.0179,8408000.0,7743000.0,0.0,5.2947,7743000.0,7743000.0,ACCUMULATION,100.0
2020-01-09,UGL,UGL,0.0,51.23,-0.0076,8408000.0,0.0,0.0,-0.1826,7743000.0,7743000.0,BALANCED,5.4356
2020-01-10,UGL,UGL,-7741000.0,51.61,0.0074,667000.0,0.0,-7741000.0,-3.8074,2000.0,2000.0,DISTRIBUTION,-87.1857
2020-01-13,UGL,UGL,0.0,50.99,-0.012,667000.0,0.0,0.0,-0.0,2000.0,2000.0,BALANCED,9.9992
2020-01-14,UGL,UGL,0.0,50.59,-0.0078,667000.0,0.0,0.0,-0.0,2000.0,2000.0,BALANCED,9.9992
2020-01-15,UGL,UGL,-2559000.0,51.19,0.0119,-1892000.0,0.0,-2559000.0,-1.1858,-10300000.0,-2557000.0,BALANCED,-41.6452
2020-01-16,UGL,UGL,0.0,50.95,-0.0047,-1892000.0,0.0,0.0,0.0409,-10300000.0,-2557000.0,BALANCED,-8.9786
2020-01-17,UGL,UGL,0.0,51.61,0.013,-1892000.0,0.0,0.0,0.0409,-2559000.0,-2557000.0,BALANCED,-8.9786
2020-01-21,UGL,UGL,0.0,51.45,-0.0031,-1892000.0,0.0,0.0,0.0409,-2559000.0,-2557000.0,BALANCED,-8.9786
2020-01-22,UGL,UGL,0.0,51.37,-0.0016,-1892000.0,0.0,0.0,0.0409,-2559000.0,-2557000.0,BALANCED,-8.9786
2020-01-23,UGL,UGL,0.0,51.94,0.0111,-1892000.0,0.0,0.0,0.0409,0.0,-2557000.0,BALANCED,1.0214
2020-01-24,UGL,UGL,0.0,52.38,0.0085,-1892000.0,0.0,0.0,0.0409,0.0,-2557000.0,BALANCED,1.0214
2020-01-27,UGL,UGL,0.0,52.74,0.0069,-1892000.0,0.0,0.0,0.0409,0.0,-2557000.0,BALANCED,1.0214
2020-01-28,UGL,UGL,0.0,52.22,-0.0099,-1892000.0,0.0,0.0,0.0409,0.0,-2557000.0,BALANCED,1.0214
2020-01-29,UGL,UGL,0.0,52.23,0.0002,-1892000.0,0.0,0.0,0.0409,0.0,-2557000.0,BALANCED,1.0214
2020-01-30,UGL,UGL,0.0,53.11,0.0168,-1892000.0,0.0,0.0,0.0409,0.0,-2557000.0,BALANCED,1.0214
2020-01-31,UGL,UGL,0.0,53.02,-0.0017,-1892000.0,0.0,0.0,0.0409,0.0,-2557000.0,BALANCED,1.0214
2020-02-03,UGL,UGL,0.0,52.65,-0.007,-1892000.0,0.0,0.0,0.0409,0.0,-2557000.0,BALANCED,1.0214
2020-02-04,UGL,UGL,0.0,50.86,-0.034,-1892000.0,0.0,0.0,0.0409,0.0,-2557000.0,BALANCED,1.0214
2020-02-05,UGL,UGL,0.0,51.34,0.0094,-1892000.0,0.0,0.0,0.0409,0.0,-2557000.0,BALANCED,1.0214
2020-02-06,UGL,UGL,0.0,51.82,0.0093,-1892000.0,0.0,0.0,0.0409,0.0,-10300000.0,BALANCED,1.0214
2020-02-07,UGL,UGL,0.0,52.04,0.0042,-1892000.0,0.0,0.0,0.0409,0.0,-10300000.0,BALANCED,1.0214
2020-02-10,UGL,UGL,0.0,52.45,0.0079,-1892000.0,0.0,0.0,0.0409,0.0,-2559000.0,BALANCED,1.0214
2020-02-11,UGL,UGL,0.0,51.82,-0.012,-1892000.0,0.0,0.0,0.0409,0.0,-2559000.0,BALANCED,1.0214
2020-02-12,UGL,UGL,0.0,51.92,0.0019,-1892000.0,0.0,0.0,0.0409,0.0,-2559000.0,BALANCED,1.0214
2020-02-13,UGL,UGL,0.0,52.4,0.0092,-1892000.0,0.0,0.0,0.0409,0.0,0.0,BALANCED,1.0214
2020-02-14,UGL,UGL,0.0,52.9,0.0095,-1892000.0,0.0,0.0,0.0409,0.0,0.0,BALANCED,1.0214
2020-02-18,UGL,UGL,0.0,54.05,0.0217,-1892000.0,0.0,0.0,0.0409,0.0,0.0,BALANCED,1.0214
2020-02-19,UGL,UGL,0.0,54.6,0.0102,-1892000.0,0.0,0.0,0.0409,0.0,0.0,BALANCED,1.0214
2020-02-20,UGL,UGL,0.0,55.19,0.0108,-1892000.0,0.0,0.0,0.0409,0.0,0.0,BALANCED,1.0214
2020-02-21,UGL,UGL,0.0,57.12,0.035,-1892000.0,0.0,0.0,0.2331,0.0,0.0,BALANCED,5.8265
2020-02-24,UGL,UGL,0.0,59.05,0.0338,-1892000.0,0.0,0.0,0.2331,0.0,0.0,BALANCED,5.8265
2020-02-25,UGL,UGL,0.0,57.17,-0.0318,-1892000.0,0.0,0.0,0.1826,0.0,0.0,BALANCED,4.5644
2020-02-26,UGL,UGL,8505000.0,56.7,-0.0082,6613000.0,8505000.0,0.0,5.0747,8505000.0,8505000.0,ACCUMULATION,100.0
2020-02-27,UGL,UGL,0.0,56.65,-0.0009,6613000.0,0.0,0.0,-0.1211,8505000.0,8505000.0,BALANCED,6.973
2020-02-28,UGL,UGL,15429000.0,51.43,-0.0921,22042000.0,15429000.0,0.0,4.6165,23934000.0,23934000.0,ACCUMULATION,100.0
2020-03-02,UGL,UGL,-2663000.0,53.27,0.0358,19379000.0,0.0,-2663000.0,-1.0442,21271000.0,21271000.0,BALANCED,-18.106
2020-03-03,UGL,UGL,0.0,56.58,0.0621,19379000.0,0.0,0.0,-0.2196,21271000.0,21271000.0,BALANCED,4.5107
2020-03-04,UGL,UGL,-5649000.0,56.49,-0.0016,13730000.0,0.0,-5649000.0,-1.7986,7117000.0,15622000.0,DISTRIBUTION,-36.964
2020-03-05,UGL,UGL,0.0,58.2,0.0303,13730000.0,0.0,0.0,-0.1518,7117000.0,15622000.0,BALANCED,6.205
2020-03-06,UGL,UGL,0.0,58.51,0.0053,13730000.0,0.0,0.0,-0.1518,-8312000.0,15622000.0,BALANCED,-13.795
2020-03-09,UGL,UGL,8810000.0,58.73,0.0038,22540000.0,8810000.0,0.0,2.134,3161000.0,24432000.0,ACCUMULATION,65.3499
2020-03-10,UGL,UGL,17295000.0,57.65,-0.0184,39835000.0,17295000.0,0.0,3.3135,20456000.0,41727000.0,ACCUMULATION,96.8384
2020-03-11,UGL,UGL,0.0,56.41,-0.0215,39835000.0,0.0,0.0,-0.2898,26105000.0,41727000.0,BALANCED,2.7553
2020-03-12,UGL,UGL,0.0,52.83,-0.0635,39835000.0,0.0,0.0,-0.2898,26105000.0,41727000.0,BALANCED,2.7553
2020-03-13,UGL,UGL,-9588000.0,47.94,-0.0926,30247000.0,0.0,-9588000.0,-2.0506,16517000.0,32139000.0,DISTRIBUTION,-43.2642
2020-03-16,UGL,UGL,0.0,45.99,-0.0407,30247000.0,0.0,0.0,-0.2061,7707000.0,32139000.0,BALANCED,4.8478
2020-03-17,UGL,UGL,-4843000.0,48.43,0.0531,25404000.0,0.0,-4843000.0,-1.0841,-14431000.0,27296000.0,BALANCED,-39.1019
2020-03-18,UGL,UGL,0.0,45.42,-0.0622,25404000.0,0.0,0.0,-0.1715,-14431000.0,27296000.0,BALANCED,-14.2864
2020-03-19,UGL,UGL,0.0,45.52,0.0022,25404000.0,0.0,0.0,-0.1715,-14431000.0,27296000.0,BALANCED,-14.2864
2020-03-20,UGL,UGL,0.0,45.88,0.0079,25404000.0,0.0,0.0,-0.1715,-4843000.0,27296000.0,BALANCED,-14.2864
2020-03-23,UGL,UGL,0.0,51.09,0.1136,25404000.0,0.0,0.0,-0.1715,-4843000.0,27296000.0,BALANCED,-14.2864
2020-03-24,UGL,UGL,0.0,56.98,0.1153,25404000.0,0.0,0.0,-0.1715,0.0,27296000.0,BALANCED,-4.2864
2020-03-25,UGL,UGL,0.0,54.99,-0.0349,25404000.0,0.0,0.0,-0.1715,0.0,18791000.0,BALANCED,-4.2864
2020-03-26,UGL,UGL,-11348000.0,56.74,0.0318,14056000.0,0.0,-11348000.0,-2.0628,-11348000.0,7443000.0,DISTRIBUTION,-63.5699
2020-03-27,UGL,UGL,0.0,56.31,-0.0076,14056000.0,0.0,0.0,-0.0923,-11348000.0,-7986000.0,BALANCED,-12.3077
2020-03-30,UGL,UGL,0.0,55.57,-0.0131,14056000.0,0.0,0.0,-0.0923,-11348000.0,-5323000.0,BALANCED,-12.3077
2020-03-31,UGL,UGL,0.0,52.42,-0.0567,14056000.0,0.0,0.0,-0.0923,-11348000.0,-5323000.0,BALANCED,-12.3077
2020-04-01,UGL,UGL,0.0,52.07,-0.0067,14056000.0,0.0,0.0,-0.0923,-11348000.0,326000.0,BALANCED,-12.3077
2020-04-02,UGL,UGL,-2755000.0,55.1,0.0582,11301000.0,0.0,-2755000.0,-0.5518,-2755000.0,-2429000.0,BALANCED,-25.7952
2020-04-03,UGL,UGL,0.0,55.64,0.0098,11301000.0,0.0,0.0,-0.076,-2755000.0,-2429000.0,BALANCED,-11.8989
2020-04-06,UGL,UGL,0.0,58.89,0.0584,11301000.0,0.0,0.0,-0.076,-2755000.0,-11239000.0,BALANCED,-11.8989
2020-04-07,UGL,UGL,0.0,58.18,-0.0121,11301000.0,0.0,0.0,-0.076,-2755000.0,-28534000.0,BALANCED,-11.8989
2020-04-08,UGL,UGL,0.0,58.22,0.0007,11301000.0,0.0,0.0,-0.028,-2755000.0,-28534000.0,BALANCED,-10.6994
2020-04-09,UGL,UGL,0.0,62.95,0.0812,11301000.0,0.0,0.0,-0.028,0.0,-28534000.0,BALANCED,-0.6994
2020-04-13,UGL,UGL,0.0,63.56,0.0097,11301000.0,0.0,0.0,0.0748,0.0,-18946000.0,BALANCED,1.8711
2020-04-14,UGL,UGL,0.0,64.1,0.0085,11301000.0,0.0,0.0,0.0565,0.0,-18946000.0,BALANCED,1.413
2020-04-15,UGL,UGL,0.0,62.02,-0.0324,11301000.0,0.0,0.0,0.0565,0.0,-14103000.0,BALANCED,1.413
2020-04-16,UGL,UGL,0.0,61.42,-0.0097,11301000.0,0.0,0.0,0.0174,0.0,-14103000.0,BALANCED,0.4349
2020-04-17,UGL,UGL,0.0,59.08,-0.0381,11301000.0,0.0,0.0,0.0174,0.0,-14103000.0,BALANCED,0.4349
2020-04-20,UGL,UGL,0.0,59.94,0.0146,11301000.0,0.0,0.0,0.0174,0.0,-14103000.0,BALANCED,0.4349
2020-04-21,UGL,UGL,0.0,58.3,-0.0274,11301000.0,0.0,0.0,0.0863,0.0,-14103000.0,BALANCED,2.1572
2020-04-22,UGL,UGL,0.0,61.79,0.0599,11301000.0,0.0,0.0,0.3418,0.0,-14103000.0,BALANCED,8.5441
2020-04-23,UGL,UGL,0.0,62.29,0.0081,11301000.0,0.0,0.0,0.3418,0.0,-14103000.0,BALANCED,8.5441
2020-04-24,UGL,UGL,0.0,61.59,-0.0112,11301000.0,0.0,0.0,0.3418,0.0,-2755000.0,BALANCED,8.5441
2020-04-27,UGL,UGL,-6075000.0,60.75,-0.0136,5226000.0,0.0,-6075000.0,-2.1283,-6075000.0,-8830000.0,DISTRIBUTION,-65.2069
2020-04-28,UGL,UGL,0.0,60.63,-0.002,5226000.0,0.0,0.0,0.3387,-6075000.0,-8830000.0,BALANCED,-1.5328
2020-04-29,UGL,UGL,0.0,60.01,-0.0102,5226000.0,0.0,0.0,0.2866,-6075000.0,-8830000.0,BALANCED,-2.8346
2020-04-30,UGL,UGL,0.0,58.67,-0.0223,5226000.0,0.0,0.0,0.2866,-6075000.0,-8830000.0,BALANCED,-2.8346
2020-05-01,UGL,UGL,0.0,59.13,0.0078,5226000.0,0.0,0.0,0.2866,-6075000.0,-6075000.0,BALANCED,-2.8346
2020-05-04,UGL,UGL,0.0,59.99,0.0145,5226000.0,0.0,0.0,0.2866,0.0,-6075000.0,BALANCED,7.1654
2020-05-05,UGL,UGL,0.0,59.79,-0.0033,5226000.0,0.0,0.0,0.2866,0.0,-6075000.0,BALANCED,7.1654
2020-05-06,UGL,UGL,0.0,58.24,-0.0259,5226000.0,0.0,0.0,0.2866,0.0,-6075000.0,BALANCED,7.1654
2020-05-07,UGL,UGL,0.0,60.81,0.0441,5226000.0,0.0,0.0,0.2866,0.0,-6075000.0,BALANCED,7.1654
2020-05-08,UGL,UGL,0.0,60.01,-0.0132,5226000.0,0.0,0.0,0.2449,0.0,-6075000.0,BALANCED,6.1219
2020-05-11,UGL,UGL,0.0,58.91,-0.0183,5226000.0,0.0,0.0,0.2449,0.0,-6075000.0,BALANCED,6.1219
2020-05-12,UGL,UGL,0.0,59.4,0.0083,5226000.0,0.0,0.0,0.2449,0.0,-6075000.0,BALANCED,6.1219
2020-05-13,UGL,UGL,0.0,60.07,0.0113,5226000.0,0.0,0.0,0.2449,0.0,-6075000.0,BALANCED,6.1219
2020-05-14,UGL,UGL,0.0,61.82,0.0291,5226000.0,0.0,0.0,0.2449,0.0,-6075000.0,BALANCED,6.1219
2020-05-15,UGL,UGL,0.0,62.94,0.0181,5226000.0,0.0,0.0,0.1826,0.0,-6075000.0,BALANCED,4.5644
2020-05-18,UGL,UGL,0.0,61.42,-0.0242,5226000.0,0.0,0.0,0.1826,0.0,-6075000.0,BALANCED,4.5644
2020-05-19,UGL,UGL,0.0,62.2,0.0127,5226000.0,0.0,0.0,0.1826,0.0,-6075000.0,BALANCED,4.5644
2020-05-20,UGL,UGL,0.0,62.75,0.0088,5226000.0,0.0,0.0,0.1826,0.0,-6075000.0,BALANCED,4.5644
2020-05-21,UGL,UGL,3035000.0,60.7,-0.0327,8261000.0,3035000.0,0.0,2.4954,3035000.0,-3040000.0,ACCUMULATION,74.3859
2020-05-22,UGL,UGL,0.0,61.86,0.0191,8261000.0,0.0,0.0,0.0806,3035000.0,-3040000.0,BALANCED,12.0157
2020-05-26,UGL,UGL,0.0,60.07,-0.0289,8261000.0,0.0,0.0,0.0806,3035000.0,3035000.0,BALANCED,12.0157
2020-05-27,UGL,UGL,-2998000.0,59.97,-0.0017,5263000.0,0.0,-2998000.0,-2.0516,37000.0,37000.0,DISTRIBUTION,-43.2906
2020-05-28,UGL,UGL,0.0,60.07,0.0017,5263000.0,0.0,0.0,0.1476,37000.0,37000.0,BALANCED,13.6911
2020-05-29,UGL,UGL,0.0,61.7,0.0271,5263000.0,0.0,0.0,0.1476,-2998000.0,37000.0,BALANCED,-6.3089
2020-06-01,UGL,UGL,0.0,61.59,-0.0018,5263000.0,0.0,0.0,0.1476,-2998000.0,37000.0,BALANCED,-6.3089
2020-06-02,UGL,UGL,0.0,60.45,-0.0185,5263000.0,0.0,0.0,0.1476,-2998000.0,37000.0,BALANCED,-6.3089
2020-06-03,UGL,UGL,0.0,58.41,-0.0337,5263000.0,0.0,0.0,0.1476,0.0,37000.0,BALANCED,3.6911
2020-06-04,UGL,UGL,0.0,59.95,0.0264,5263000.0,0.0,0.0,0.1476,0.0,37000.0,BALANCED,3.6911
2020-06-05,UGL,UGL,0.0,56.87,-0.0514,5263000.0,0.0,0.0,0.1476,0.0,37000.0,BALANCED,3.6911
2020-06-08,UGL,UGL,0.0,58.36,0.0262,5263000.0,0.0,0.0,0.1476,0.0,37000.0,BALANCED,3.6911
2020-06-09,UGL,UGL,0.0,59.5,0.0195,5263000.0,0.0,0.0,-0.0016,0.0,37000.0,BALANCED,-0.0389
2020-06-10,UGL,UGL,0.0,59.42,-0.0013,5263000.0,0.0,0.0,-0.0016,0.0,37000.0,BALANCED,-0.0389
2020-06-11,UGL,UGL,0.0,60.74,0.0222,5263000.0,0.0,0.0,-0.0016,0.0,37000.0,BALANCED,-0.0389
2020-06-12,UGL,UGL,0.0,60.56,-0.003,5263000.0,0.0,0.0,-0.0016,0.0,37000.0,BALANCED,-0.0389
2020-06-15,UGL,UGL,0.0,59.85,-0.0117,5263000.0,0.0,0.0,-0.0016,0.0,37000.0,BALANCED,-0.0389
2020-06-16,UGL,UGL,0.0,60.49,0.0107,5263000.0,0.0,0.0,-0.0016,0.0,37000.0,BALANCED,-0.0389
2020-06-17,UGL,UGL,0.0,60.43,-0.001,5263000.0,0.0,0.0,-0.0016,0.0,37000.0,BALANCED,-0.0389
2020-06-18,UGL,UGL,0.0,60.12,-0.0051,5263000.0,0.0,0.0,-0.0016,0.0,37000.0,BALANCED,-0.0389
2020-06-19,UGL,UGL,0.0,61.63,0.0251,5263000.0,0.0,0.0,-0.0016,0.0,-2998000.0,BALANCED,-0.0389
2020-06-22,UGL,UGL,0.0,62.57,0.0153,5263000.0,0.0,0.0,-0.0016,0.0,-2998000.0,BALANCED,-0.0389
2020-06-23,UGL,UGL,0.0,63.67,0.0176,5263000.0,0.0,0.0,-0.0016,0.0,-2998000.0,BALANCED,-0.0389
2020-06-24,UGL,UGL,0.0,63.18,-0.0077,5263000.0,0.0,0.0,-0.0016,0.0,0.0,BALANCED,-0.0389
2020-06-25,UGL,UGL,6286000.0,62.86,-0.0051,11549000.0,6286000.0,0.0,4.3571,6286000.0,6286000.0,ACCUMULATION,100.0
2020-06-26,UGL,UGL,0.0,63.54,0.0108,11549000.0,0.0,0.0,-0.1512,6286000.0,6286000.0,BALANCED,6.221
2020-06-29,UGL,UGL,0.0,63.6,0.0009,11549000.0,0.0,0.0,-0.1512,6286000.0,6286000.0,BALANCED,6.221
2020-06-30,UGL,UGL,9747000.0,64.98,0.0217,21296000.0,9747000.0,0.0,4.1322,16033000.0,16033000.0,ACCUMULATION,100.0
2020-07-01,UGL,UGL,0.0,63.49,-0.0229,21296000.0,0.0,0.0,-0.2403,16033000.0,16033000.0,BALANCED,3.9926
2020-07-02,UGL,UGL,0.0,64.21,0.0113,21296000.0,0.0,0.0,-0.2403,9747000.0,16033000.0,BALANCED,3.9926
2020-07-06,UGL,UGL,19335000.0,64.45,0.0037,40631000.0,19335000.0,0.0,4.476,29082000.0,35368000.0,ACCUMULATION,100.0
2020-07-07,UGL,UGL,6562000.0,65.62,0.0182,47193000.0,6562000.0,0.0,1.2555,35644000.0,41930000.0,BALANCED,45.3864
2020-07-08,UGL,UGL,6640000.0,66.4,0.0119,53833000.0,6640000.0,0.0,1.192,32537000.0,48570000.0,BALANCED,45.799
2020-07-09,UGL,UGL,0.0,65.17,-0.0185,53833000.0,0.0,0.0,-0.3835,32537000.0,48570000.0,BALANCED,0.4128
2020-07-10,UGL,UGL,0.0,65.02,-0.0023,53833000.0,0.0,0.0,-0.3835,32537000.0,48570000.0,BALANCED,0.4128
2020-07-13,UGL,UGL,0.0,65.89,0.0134,53833000.0,0.0,0.0,-0.3835,13202000.0,48570000.0,BALANCED,0.4128
2020-07-14,UGL,UGL,13150000.0,65.75,-0.0021,66983000.0,13150000.0,0.0,2.3586,19790000.0,61720000.0,ACCUMULATION,70.9647
2020-07-15,UGL,UGL,0.0,65.76,0.0002,66983000.0,0.0,0.0,-0.4374,13150000.0,61720000.0,BALANCED,-0.9361
2020-07-16,UGL,UGL,0.0,64.68,-0.0164,66983000.0,0.0,0.0,-0.4374,13150000.0,61720000.0,BALANCED,-0.9361
2020-07-17,UGL,UGL,0.0,65.19,0.0079,66983000.0,0.0,0.0,-0.4374,13150000.0,61720000.0,BALANCED,-0.9361
2020-07-20,UGL,UGL,0.0,65.64,0.0069,66983000.0,0.0,0.0,-0.4374,13150000.0,61720000.0,BALANCED,-0.9361
2020-07-21,UGL,UGL,0.0,67.74,0.032,66983000.0,0.0,0.0,-0.4374,0.0,61720000.0,BALANCED,-10.9361
2020-07-22,UGL,UGL,0.0,69.4,0.0245,66983000.0,0.0,0.0,-0.4374,0.0,61720000.0,BALANCED,-10.9361
2020-07-23,UGL,UGL,0.0,71.22,0.0262,66983000.0,0.0,0.0,-0.4374,0.0,61720000.0,BALANCED,-10.9361
2020-07-24,UGL,UGL,0.0,71.8,0.0081,66983000.0,0.0,0.0,-0.4374,0.0,55434000.0,BALANCED,-10.9361
2020-07-27,UGL,UGL,7404000.0,74.04,0.0312,74387000.0,7404000.0,0.0,1.0658,7404000.0,62838000.0,BALANCED,38.6453
2020-07-28,UGL,UGL,11202000.0,74.68,0.0086,85589000.0,11202000.0,0.0,1.6948,18606000.0,74040000.0,ACCUMULATION,56.37
2020-07-29,UGL,UGL,0.0,75.66,0.0131,85589000.0,0.0,0.0,-0.5323,18606000.0,64293000.0,BALANCED,-3.3084
2020-07-30,UGL,UGL,3745000.0,74.9,-0.01,89334000.0,3745000.0,0.0,0.1882,22351000.0,68038000.0,BALANCED,16.7062
2020-07-31,UGL,UGL,0.0,76.35,0.0194,89334000.0,0.0,0.0,-0.5596,22351000.0,68038000.0,BALANCED,-3.991
2020-08-03,UGL,UGL,19093000.0,76.37,0.0003,108427000.0,19093000.0,0.0,2.7032,34040000.0,67796000.0,ACCUMULATION,79.5796
2020-08-04,UGL,UGL,0.0,79.04,0.035,108427000.0,0.0,0.0,-0.5938,22838000.0,61234000.0,BALANCED,-4.8454
2020-08-05,UGL,UGL,4063000.0,81.25,0.028,112490000.0,4063000.0,0.0,0.0849,26901000.0,58657000.0,BALANCED,14.1231
2020-08-06,UGL,UGL,8284000.0,82.84,0.0196,120774000.0,8284000.0,0.0,0.7675,31440000.0,66941000.0,BALANCED,33.1882
2020-08-07,UGL,UGL,0.0,79.52,-0.0401,120774000.0,0.0,0.0,-0.6278,31440000.0,66941000.0,BALANCED,-5.6957
2020-08-10,UGL,UGL,0.0,80.43,0.0114,120774000.0,0.0,0.0,-0.6278,12347000.0,66941000.0,BALANCED,-5.6957
2020-08-11,UGL,UGL,0.0,73.06,-0.0916,120774000.0,0.0,0.0,-0.6278,12347000.0,53791000.0,BALANCED,-5.6957
2020-08-12,UGL,UGL,0.0,73.26,0.0027,120774000.0,0.0,0.0,-0.5799,8284000.0,53791000.0,BALANCED,-4.4987
2020-08-13,UGL,UGL,7486000.0,74.86,0.0218,128260000.0,7486000.0,0.0,0.6841,7486000.0,61277000.0,BALANCED,29.1015
2020-08-14,UGL,UGL,0.0,73.3,-0.0208,128260000.0,0.0,0.0,-0.6221,7486000.0,61277000.0,BALANCED,-5.5526
2020-08-17,UGL,UGL,0.0,76.96,0.0499,128260000.0,0.0,0.0,-0.5928,7486000.0,61277000.0,BALANCED,-4.8194
2020-08-18,UGL,UGL,0.0,78.07,0.0144,128260000.0,0.0,0.0,-0.5508,7486000.0,61277000.0,BALANCED,-3.7701
2020-08-19,UGL,UGL,0.0,74.75,-0.0425,128260000.0,0.0,0.0,-0.5092,7486000.0,61277000.0,BALANCED,-2.7307
2020-08-20,UGL,UGL,0.0,72.94,-0.0242,128260000.0,0.0,0.0,-0.5092,0.0,61277000.0,BALANCED,-12.7307
2020-08-21,UGL,UGL,0.0,72.98,0.0005,128260000.0,0.0,0.0,-0.5092,0.0,61277000.0,BALANCED,-12.7307
2020-08-24,UGL,UGL,0.0,72.38,-0.0082,128260000.0,0.0,0.0,-0.5092,0.0,53873000.0,BALANCED,-12.7307
2020-08-25,UGL,UGL,0.0,71.18,-0.0166,128260000.0,0.0,0.0,-0.4588,0.0,42671000.0,BALANCED,-11.469
2020-08-26,UGL,UGL,0.0,73.35,0.0305,128260000.0,0.0,0.0,-0.4588,0.0,42671000.0,BALANCED,-11.469
2020-08-27,UGL,UGL,0.0,71.86,-0.0203,128260000.0,0.0,0.0,-0.4588,0.0,38926000.0,BALANCED,-11.469
2020-08-28,UGL,UGL,0.0,75.0,0.0437,128260000.0,0.0,0.0,-0.4588,0.0,38926000.0,BALANCED,-11.469
2020-08-31,UGL,UGL,7527000.0,75.27,0.0036,135787000.0,7527000.0,0.0,1.1516,7527000.0,27360000.0,BALANCED,40.791
2020-09-01,UGL,UGL,0.0,75.29,0.0003,135787000.0,0.0,0.0,-0.5047,7527000.0,27360000.0,BALANCED,-2.6169
2020-09-02,UGL,UGL,0.0,72.69,-0.0345,135787000.0,0.0,0.0,-0.5047,7527000.0,23297000.0,BALANCED,-2.6169
2020-09-03,UGL,UGL,0.0,72.17,-0.0072,135787000.0,0.0,0.0,-0.5047,7527000.0,15013000.0,BALANCED,-2.6169
2020-09-04,UGL,UGL,0.0,71.9,-0.0037,135787000.0,0.0,0.0,-0.5047,7527000.0,15013000.0,BALANCED,-2.6169
2020-09-08,UGL,UGL,0.0,72.55,0.009,135787000.0,0.0,0.0,-0.4591,0.0,15013000.0,BALANCED,-11.4787
2020-09-09,UGL,UGL,0.0,73.43,0.0121,135787000.0,0.0,0.0,-0.4061,0.0,15013000.0,BALANCED,-10.1518
2020-09-10,UGL,UGL,0.0,74.13,0.0095,135787000.0,0.0,0.0,-0.4061,0.0,15013000.0,BALANCED,-10.1518
2020-09-11,UGL,UGL,0.0,72.89,-0.0167,135787000.0,0.0,0.0,-0.3765,0.0,7527000.0,BALANCED,-9.4132
2020-09-14,UGL,UGL,-7407000.0,74.07,0.0162,128380000.0,0.0,-7407000.0,-1.9705,-7407000.0,120000.0,DISTRIBUTION,-61.2625
2020-09-15,UGL,UGL,0.0,74.25,0.0024,128380000.0,0.0,0.0,-0.2315,-7407000.0,120000.0,BALANCED,-15.7869
2020-09-16,UGL,UGL,-3728000.0,74.57,0.0043,124652000.0,0.0,-3728000.0,-1.4317,-11135000.0,-3608000.0,BALANCED,-47.7927
2020-09-17,UGL,UGL,0.0,73.01,-0.0209,124652000.0,0.0,0.0,-0.1394,-11135000.0,-3608000.0,BALANCED,-13.4858
2020-09-18,UGL,UGL,0.0,73.92,0.0124,124652000.0,0.0,0.0,-0.0517,-11135000.0,-3608000.0,BALANCED,-11.2937
2020-09-21,UGL,UGL,0.0,70.04,-0.0525,124652000.0,0.0,0.0,-0.0517,-3728000.0,-3608000.0,BALANCED,-11.2937
2020-09-22,UGL,UGL,0.0,69.81,-0.0033,124652000.0,0.0,0.0,-0.0517,-3728000.0,-3608000.0,BALANCED,-11.2937
2020-09-23,UGL,UGL,0.0,66.94,-0.0411,124652000.0,0.0,0.0,-0.0517,0.0,-3608000.0,BALANCED,-1.2937
2020-09-24,UGL,UGL,0.0,67.55,0.0091,124652000.0,0.0,0.0,-0.0517,0.0,-3608000.0,BALANCED,-1.2937
2020-09-25,UGL,UGL,-6678000.0,66.78,-0.0114,117974000.0,0.0,-6678000.0,-2.644,-6678000.0,-10286000.0,DISTRIBUTION,-78.1006
2020-09-28,UGL,UGL,0.0,67.92,0.0171,117974000.0,0.0,0.0,0.1431,-6678000.0,-10286000.0,BALANCED,-6.4225
2020-09-29,UGL,UGL,0.0,69.43,0.0222,117974000.0,0.0,0.0,0.1431,-6678000.0,-17813000.0,BALANCED,-6.4225
2020-09-30,UGL,UGL,6886000.0,68.86,-0.0082,124860000.0,6886000.0,0.0,2.5585,208000.0,-10927000.0,ACCUMULATION,75.9619
2020-10-01,UGL,UGL,0.0,70.37,0.0219,124860000.0,0.0,0.0,0.0414,208000.0,-10927000.0,BALANCED,11.0357
2020-10-02,UGL,UGL,0.0,69.73,-0.0091,124860000.0,0.0,0.0,0.0414,6886000.0,-10927000.0,BALANCED,11.0357
2020-10-05,UGL,UGL,0.0,70.64,0.013,124860000.0,0.0,0.0,0.0414,6886000.0,-10927000.0,BALANCED,11.0357
2020-10-06,UGL,UGL,0.0,69.8,-0.0119,124860000.0,0.0,0.0,0.0414,6886000.0,-10927000.0,BALANCED,11.0357
2020-10-07,UGL,UGL,0.0,68.48,-0.0189,124860000.0,0.0,0.0,0.0414,0.0,-10927000.0,BALANCED,1.0357
2020-10-08,UGL,UGL,0.0,68.79,0.0045,124860000.0,0.0,0.0,0.0414,0.0,-10927000.0,BALANCED,1.0357
2020-10-09,UGL,UGL,0.0,71.05,0.0329,124860000.0,0.0,0.0,0.0414,0.0,-10927000.0,BALANCED,1.0357
2020-10-12,UGL,UGL,0.0,71.24,0.0027,124860000.0,0.0,0.0,0.0414,0.0,-3520000.0,BALANCED,1.0357
2020-10-13,UGL,UGL,0.0,68.7,-0.0357,124860000.0,0.0,0.0,0.1566,0.0,-3520000.0,BALANCED,3.9161
2020-10-14,UGL,UGL,6962000.0,69.62,0.0134,131822000.0,6962000.0,0.0,2.6443,6962000.0,7170000.0,ACCUMULATION,78.1087
2020-10-15,UGL,UGL,0.0,69.74,0.0017,131822000.0,0.0,0.0,0.0493,6962000.0,7170000.0,BALANCED,11.2316
2020-10-16,UGL,UGL,0.0,69.55,-0.0027,131822000.0,0.0,0.0,0.0493,6962000.0,7170000.0,BALANCED,11.2316
2020-10-19,UGL,UGL,0.0,69.93,0.0055,131822000.0,0.0,0.0,0.0493,6962000.0,7170000.0,BALANCED,11.2316
2020-10-20,UGL,UGL,3510000.0,70.2,0.0039,135332000.0,3510000.0,0.0,1.2754,10472000.0,10680000.0,BALANCED,43.8842
2020-10-21,UGL,UGL,0.0,71.23,0.0147,135332000.0,0.0,0.0,0.0055,3510000.0,10680000.0,BALANCED,10.1372
2020-10-22,UGL,UGL,0.0,69.39,-0.0258,135332000.0,0.0,0.0,0.0055,3510000.0,10680000.0,BALANCED,10.1372
2020-10-23,UGL,UGL,0.0,69.43,0.0006,135332000.0,0.0,0.0,0.0055,3510000.0,17358000.0,BALANCED,10.1372
2020-10-26,UGL,UGL,0.0,69.46,0.0004,135332000.0,0.0,0.0,-0.0971,3510000.0,17358000.0,BALANCED,7.5719
2020-10-27,UGL,UGL,0.0,69.91,0.0065,135332000.0,0.0,0.0,-0.0971,0.0,17358000.0,BALANCED,-2.4281
2020-10-28,UGL,UGL,0.0,67.52,-0.0342,135332000.0,0.0,0.0,-0.1571,0.0,10472000.0,BALANCED,-3.9264
2020-10-29,UGL,UGL,0.0,66.71,-0.012,135332000.0,0.0,0.0,-0.1571,0.0,10472000.0,BALANCED,-3.9264
2020-10-30,UGL,UGL,0.0,67.56,0.0127,135332000.0,0.0,0.0,-0.1571,0.0,10472000.0,BALANCED,-3.9264
2020-11-02,UGL,UGL,0.0,68.46,0.0133,135332000.0,0.0,0.0,-0.1571,0.0,10472000.0,BALANCED,-3.9264
2020-11-03,UGL,UGL,0.0,69.75,0.0188,135332000.0,0.0,0.0,-0.1571,0.0,10472000.0,BALANCED,-3.9264
2020-11-04,UGL,UGL,0.0,68.71,-0.0149,135332000.0,0.0,0.0,-0.1571,0.0,10472000.0,BALANCED,-3.9264
2020-11-05,UGL,UGL,0.0,72.38,0.0534,135332000.0,0.0,0.0,-0.1571,0.0,10472000.0,BALANCED,-3.9264
2020-11-06,UGL,UGL,0.0,72.74,0.005,135332000.0,0.0,0.0,-0.3145,0.0,10472000.0,BALANCED,-7.8622
2020-11-09,UGL,UGL,0.0,65.47,-0.0999,135332000.0,0.0,0.0,-0.3145,0.0,10472000.0,BALANCED,-7.8622
2020-11-10,UGL,UGL,10055000.0,67.03,0.0238,145387000.0,10055000.0,0.0,3.6265,10055000.0,20527000.0,ACCUMULATION,100.0
2020-11-11,UGL,UGL,0.0,65.96,-0.016,145387000.0,0.0,0.0,-0.303,10055000.0,13565000.0,BALANCED,2.4241
2020-11-12,UGL,UGL,-16702000.0,66.81,0.0129,128685000.0,0.0,-16702000.0,-4.3188,-6647000.0,-3137000.0,DISTRIBUTION,-100.0
2020-11-13,UGL,UGL,0.0,67.72,0.0136,128685000.0,0.0,0.0,-0.0327,-6647000.0,-3137000.0,BALANCED,-10.818
2020-11-16,UGL,UGL,0.0,67.79,0.001,128685000.0,0.0,0.0,-0.0327,-6647000.0,-3137000.0,BALANCED,-10.818
2020-11-17,UGL,UGL,0.0,67.59,-0.003,128685000.0,0.0,0.0,-0.0327,-16702000.0,-6647000.0,BALANCED,-10.818
2020-11-18,UGL,UGL,0.0,66.72,-0.0129,128685000.0,0.0,0.0,-0.0327,-16702000.0,-6647000.0,BALANCED,-10.818
2020-11-19,UGL,UGL,0.0,65.84,-0.0132,128685000.0,0.0,0.0,-0.0327,0.0,-6647000.0,BALANCED,-0.818
2020-11-20,UGL,UGL,0.0,66.64,0.0122,128685000.0,0.0,0.0,-0.0327,0.0,-6647000.0,BALANCED,-0.818
2020-11-24,UGL,UGL,-6190000.0,61.9,-0.0711,122495000.0,0.0,-6190000.0,-1.5037,-6190000.0,-12837000.0,DISTRIBUTION,-49.5928
2020-11-27,UGL,UGL,0.0,60.33,-0.0254,122495000.0,0.0,0.0,0.0194,-6190000.0,-12837000.0,BALANCED,-9.5151
2020-11-30,UGL,UGL,0.0,59.84,-0.0081,122495000.0,0.0,0.0,0.0809,-6190000.0,-12837000.0,BALANCED,-7.9763
2020-12-01,UGL,UGL,0.0,62.39,0.0426,122495000.0,0.0,0.0,0.0809,-6190000.0,-12837000.0,BALANCED,-7.9763
2020-12-02,UGL,UGL,0.0,63.16,0.0123,122495000.0,0.0,0.0,0.0809,-6190000.0,-12837000.0,BALANCED,-7.9763
2020-12-03,UGL,UGL,0.0,63.91,0.0119,122495000.0,0.0,0.0,0.0809,0.0,-12837000.0,BALANCED,2.0237
2020-12-04,UGL,UGL,0.0,63.84,-0.0011,122495000.0,0.0,0.0,0.1134,0.0,-12837000.0,BALANCED,2.8351
2020-12-09,UGL,UGL,0.0,63.68,-0.0025,122495000.0,0.0,0.0,0.1134,0.0,-12837000.0,BALANCED,2.8351
2020-12-10,UGL,UGL,0.0,63.6,-0.0013,122495000.0,0.0,0.0,0.1134,0.0,-12837000.0,BALANCED,2.8351
2020-12-11,UGL,UGL,0.0,64.03,0.0068,122495000.0,0.0,0.0,0.1134,0.0,-12837000.0,BALANCED,2.8351
2020-12-14,UGL,UGL,0.0,63.23,-0.0125,122495000.0,0.0,0.0,0.1134,0.0,-12837000.0,BALANCED,2.8351
2020-12-15,UGL,UGL,0.0,64.83,0.0253,122495000.0,0.0,0.0,0.1134,0.0,-22892000.0,BALANCED,2.8351
2020-12-16,UGL,UGL,0.0,65.09,0.004,122495000.0,0.0,0.0,0.1134,0.0,-22892000.0,BALANCED,2.8351
2020-12-17,UGL,UGL,0.0,67.28,0.0336,122495000.0,0.0,0.0,0.1134,0.0,-6190000.0,BALANCED,2.8351
2020-12-18,UGL,UGL,0.0,67.17,-0.0016,122495000.0,0.0,0.0,0.1134,0.0,-6190000.0,BALANCED,2.8351
2020-12-21,UGL,UGL,0.0,66.73,-0.0066,122495000.0,0.0,0.0,0.1134,0.0,-6190000.0,BALANCED,2.8351
2020-12-22,UGL,UGL,0.0,65.84,-0.0133,122495000.0,0.0,0.0,0.1134,0.0,-6190000.0,BALANCED,2.8351
2020-12-23,UGL,UGL,0.0,66.39,0.0084,122495000.0,0.0,0.0,0.1134,0.0,-6190000.0,BALANCED,2.8351
2020-12-24,UGL,UGL,-6675000.0,66.75,0.0054,115820000.0,0.0,-6675000.0,-1.529,-6675000.0,-12865000.0,DISTRIBUTION,-50.2248
2020-12-28,UGL,UGL,3327000.0,66.54,-0.0031,119147000.0,3327000.0,0.0,0.9653,-3348000.0,-9538000.0,BALANCED,16.1327
2020-12-29,UGL,UGL,0.0,66.71,0.0026,119147000.0,0.0,0.0,0.1347,-3348000.0,-3348000.0,BALANCED,-6.6327
2020-12-30,UGL,UGL,0.0,67.46,0.0112,119147000.0,0.0,0.0,0.2518,-3348000.0,-3348000.0,BALANCED,-3.7052
2021-01-04,UGL,UGL,0.0,71.24,0.056,119147000.0,0.0,0.0,0.2518,-3348000.0,-3348000.0,BALANCED,-3.7052
2021-01-05,UGL,UGL,0.0,71.81,0.008,119147000.0,0.0,0.0,0.1796,3327000.0,-3348000.0,BALANCED,14.4892
2021-01-06,UGL,UGL,0.0,68.44,-0.0469,119147000.0,0.0,0.0,0.1796,0.0,-3348000.0,BALANCED,4.4892
2021-01-07,UGL,UGL,6879000.0,68.79,0.0051,126026000.0,6879000.0,0.0,3.1596,6879000.0,3531000.0,ACCUMULATION,90.9906
2021-01-08,UGL,UGL,6317000.0,63.17,-0.0817,132343000.0,6317000.0,0.0,2.4817,13196000.0,9848000.0,ACCUMULATION,76.0415
2021-01-11,UGL,UGL,0.0,64.22,0.0166,132343000.0,0.0,0.0,-0.0488,13196000.0,9848000.0,BALANCED,8.7789
2021-01-12,UGL,UGL,0.0,63.75,-0.0073,132343000.0,0.0,0.0,-0.0488,13196000.0,9848000.0,BALANCED,8.7789
2021-01-13,UGL,UGL,6449000.0,64.49,0.0116,138792000.0,6449000.0,0.0,2.2224,19645000.0,16297000.0,ACCUMULATION,67.5598
2021-01-14,UGL,UGL,0.0,64.25,-0.0037,138792000.0,0.0,0.0,-0.2208,12766000.0,16297000.0,BALANCED,4.4807
2021-01-15,UGL,UGL,3137000.0,62.74,-0.0235,141929000.0,3137000.0,0.0,0.9945,9586000.0,19434000.0,BALANCED,36.8618
2021-01-19,UGL,UGL,0.0,63.44,0.0112,141929000.0,0.0,0.0,-0.2588,9586000.0,19434000.0,BALANCED,3.5299
2021-01-20,UGL,UGL,-9786000.0,65.24,0.0284,132143000.0,0.0,-9786000.0,-3.2133,-200000.0,9648000.0,DISTRIBUTION,-92.3321
2021-01-21,UGL,UGL,0.0,65.17,-0.0011,132143000.0,0.0,0.0,-0.1022,-6649000.0,9648000.0,BALANCED,-12.556
2021-01-22,UGL,UGL,0.0,64.52,-0.01,132143000.0,0.0,0.0,-0.1022,-6649000.0,9648000.0,BALANCED,-12.556
2021-01-25,UGL,UGL,0.0,64.45,-0.0011,132143000.0,0.0,0.0,-0.1022,-9786000.0,9648000.0,BALANCED,-12.556
2021-01-26,UGL,UGL,0.0,64.15,-0.0047,132143000.0,0.0,0.0,-0.1022,-9786000.0,9648000.0,BALANCED,-12.556
2021-01-27,UGL,UGL,0.0,63.74,-0.0064,132143000.0,0.0,0.0,-0.1022,0.0,16323000.0,BALANCED,-2.556
2021-01-28,UGL,UGL,0.0,63.21,-0.0083,132143000.0,0.0,0.0,-0.1022,0.0,12996000.0,BALANCED,-2.556
2021-01-29,UGL,UGL,0.0,63.83,0.0098,132143000.0,0.0,0.0,-0.1022,0.0,12996000.0,BALANCED,-2.556
2021-02-01,UGL,UGL,0.0,64.76,0.0146,132143000.0,0.0,0.0,-0.1022,0.0,12996000.0,BALANCED,-2.556
2021-02-02,UGL,UGL,0.0,62.64,-0.0327,132143000.0,0.0,0.0,-0.1022,0.0,12996000.0,BALANCED,-2.556
2021-02-03,UGL,UGL,0.0,62.76,0.0019,132143000.0,0.0,0.0,-0.1022,0.0,12996000.0,BALANCED,-2.556
2021-02-04,UGL,UGL,0.0,59.75,-0.048,132143000.0,0.0,0.0,-0.1022,0.0,12996000.0,BALANCED,-2.556
2021-02-05,UGL,UGL,-6120000.0,61.2,0.0243,126023000.0,0.0,-6120000.0,-1.8573,-6120000.0,-3000.0,DISTRIBUTION,-58.4329
2021-02-08,UGL,UGL,3132000.0,62.63,0.0234,129155000.0,3132000.0,0.0,0.8551,-2988000.0,-3188000.0,BALANCED,13.3782
2021-02-09,UGL,UGL,0.0,62.85,0.0035,129155000.0,0.0,0.0,-0.0652,-2988000.0,-3188000.0,BALANCED,-11.6309
2021-02-10,UGL,UGL,0.0,63.2,0.0056,129155000.0,0.0,0.0,-0.1413,-2988000.0,-3188000.0,BALANCED,-13.5335
2021-02-11,UGL,UGL,0.0,62.11,-0.0172,129155000.0,0.0,0.0,-0.1077,-2988000.0,-9637000.0,BALANCED,-12.692
2021-02-12,UGL,UGL,0.0,61.86,-0.004,129155000.0,0.0,0.0,-0.1077,3132000.0,-9637000.0,BALANCED,7.308
2021-02-16,UGL,UGL,0.0,60.21,-0.0267,129155000.0,0.0,0.0,-0.1077,0.0,-12774000.0,BALANCED,-2.692
2021-02-17,UGL,UGL,0.0,58.46,-0.0291,129155000.0,0.0,0.0,-0.1077,0.0,-12774000.0,BALANCED,-2.692
2021-02-18,UGL,UGL,0.0,58.6,0.0024,129155000.0,0.0,0.0,-0.1077,0.0,-2988000.0,BALANCED,-2.692
2021-02-19,UGL,UGL,-5876000.0,58.76,0.0027,123279000.0,0.0,-5876000.0,-1.8228,-5876000.0,-8864000.0,DISTRIBUTION,-57.5706
2021-02-22,UGL,UGL,0.0,60.8,0.0347,123279000.0,0.0,0.0,0.0301,-5876000.0,-8864000.0,BALANCED,-9.2479
2021-02-23,UGL,UGL,-6063000.0,60.63,-0.0028,117216000.0,0.0,-6063000.0,-1.8632,-11939000.0,-14927000.0,DISTRIBUTION,-58.5808
2021-02-24,UGL,UGL,0.0,60.09,-0.0089,117216000.0,0.0,0.0,0.169,-11939000.0,-14927000.0,BALANCED,-5.7747
2021-02-25,UGL,UGL,0.0,58.58,-0.0251,117216000.0,0.0,0.0,0.169,-11939000.0,-14927000.0,BALANCED,-5.7747
2021-02-26,UGL,UGL,0.0,55.5,-0.0526,117216000.0,0.0,0.0,0.2681,-6063000.0,-14927000.0,BALANCED,-3.2967
2021-03-03,UGL,UGL,0.0,54.65,-0.0153,117216000.0,0.0,0.0,0.2681,-6063000.0,-14927000.0,BALANCED,-3.2967
2021-03-04,UGL,UGL,0.0,53.69,-0.0176,117216000.0,0.0,0.0,0.3185,0.0,-14927000.0,BALANCED,7.9632
2021-03-05,UGL,UGL,0.0,53.55,-0.0026,117216000.0,0.0,0.0,0.3185,0.0,-14927000.0,BALANCED,7.9632
2021-03-08,UGL,UGL,0.0,52.25,-0.0243,117216000.0,0.0,0.0,0.2542,0.0,-14927000.0,BALANCED,6.3546
2021-03-09,UGL,UGL,5467000.0,54.67,0.0463,122683000.0,5467000.0,0.0,2.5819,5467000.0,-9460000.0,ACCUMULATION,76.547
2021-03-10,UGL,UGL,5497000.0,54.97,0.0055,128180000.0,5497000.0,0.0,2.2713,10964000.0,2157000.0,ACCUMULATION,70.7814
2021-03-11,UGL,UGL,0.0,55.01,0.0007,128180000.0,0.0,0.0,0.0533,10964000.0,-975000.0,BALANCED,11.3325
2021-03-12,UGL,UGL,0.0,54.83,-0.0033,128180000.0,0.0,0.0,0.0533,10964000.0,-975000.0,BALANCED,11.3325
2021-03-15,UGL,UGL,0.0,55.43,0.0109,128180000.0,0.0,0.0,0.0533,10964000.0,-975000.0,BALANCED,11.3325
2021-03-16,UGL,UGL,0.0,55.51,0.0014,128180000.0,0.0,0.0,0.0533,5497000.0,-975000.0,BALANCED,11.3325
2021-03-17,UGL,UGL,0.0,55.26,-0.0045,128180000.0,0.0,0.0,0.0533,0.0,-975000.0,BALANCED,1.3325
2021-03-18,UGL,UGL,0.0,55.6,0.0062,128180000.0,0.0,0.0,0.0533,0.0,-975000.0,BALANCED,1.3325
2021-03-19,UGL,UGL,0.0,56.19,0.0106,128180000.0,0.0,0.0,0.0533,0.0,-975000.0,BALANCED,1.3325
2021-03-22,UGL,UGL,0.0,55.96,-0.0041,128180000.0,0.0,0.0,0.0533,0.0,-975000.0,BALANCED,1.3325
2021-03-23,UGL,UGL,0.0,55.13,-0.0148,128180000.0,0.0,0.0,0.0533,0.0,4901000.0,BALANCED,1.3325
2021-03-24,UGL,UGL,0.0,55.64,0.0093,128180000.0,0.0,0.0,-0.0326,0.0,4901000.0,BALANCED,-0.8151
2021-03-25,UGL,UGL,-5511000.0,55.11,-0.0095,122669000.0,0.0,-5511000.0,-2.2516,-5511000.0,5453000.0,DISTRIBUTION,-68.291
2021-03-26,UGL,UGL,0.0,55.58,0.0085,122669000.0,0.0,0.0,0.0919,-5511000.0,5453000.0,BALANCED,-7.7015
2021-03-29,UGL,UGL,0.0,54.29,-0.0232,122669000.0,0.0,0.0,0.0919,-5511000.0,5453000.0,BALANCED,-7.7015
2021-03-30,UGL,UGL,0.0,52.47,-0.0335,122669000.0,0.0,0.0,0.0919,-5511000.0,5453000.0,BALANCED,-7.7015
2021-03-31,UGL,UGL,0.0,54.32,0.0353,122669000.0,0.0,0.0,0.0919,-5511000.0,5453000.0,BALANCED,-7.7015
2021-04-01,UGL,UGL,0.0,55.12,0.0147,122669000.0,0.0,0.0,0.0919,0.0,5453000.0,BALANCED,2.2985
2021-04-05,UGL,UGL,0.0,55.14,0.0004,122669000.0,0.0,0.0,0.0919,0.0,5453000.0,BALANCED,2.2985
2021-04-06,UGL,UGL,0.0,56.05,0.0165,122669000.0,0.0,0.0,0.0919,0.0,5453000.0,BALANCED,2.2985
2021-04-07,UGL,UGL,0.0,55.95,-0.0018,122669000.0,0.0,0.0,0.0097,0.0,-14000.0,BALANCED,0.2427
2021-04-08,UGL,UGL,0.0,57.02,0.0191,122669000.0,0.0,0.0,0.0097,0.0,-5511000.0,BALANCED,0.2427
2021-04-09,UGL,UGL,0.0,56.15,-0.0153,122669000.0,0.0,0.0,-0.1035,0.0,-5511000.0,BALANCED,-2.5869
2021-04-12,UGL,UGL,0.0,55.36,-0.0141,122669000.0,0.0,0.0,-0.1035,0.0,-5511000.0,BALANCED,-2.5869
2021-04-13,UGL,UGL,0.0,56.31,0.0172,122669000.0,0.0,0.0,-0.1035,0.0,-5511000.0,BALANCED,-2.5869
2021-04-14,UGL,UGL,0.0,55.58,-0.013,122669000.0,0.0,0.0,-0.1035,0.0,-5511000.0,BALANCED,-2.5869
2021-04-15,UGL,UGL,0.0,57.53,0.0351,122669000.0,0.0,0.0,-0.1035,0.0,-5511000.0,BALANCED,-2.5869
2021-04-16,UGL,UGL,0.0,58.4,0.0151,122669000.0,0.0,0.0,-0.1035,0.0,-5511000.0,BALANCED,-2.5869
2021-04-19,UGL,UGL,0.0,57.77,-0.0108,122669000.0,0.0,0.0,-0.1035,0.0,-5511000.0,BALANCED,-2.5869
2021-04-20,UGL,UGL,0.0,58.28,0.0088,122669000.0,0.0,0.0,-0.1035,0.0,-5511000.0,BALANCED,-2.5869
2021-04-21,UGL,UGL,0.0,59.24,0.0165,122669000.0,0.0,0.0,0.0003,0.0,-5511000.0,BALANCED,0.0081
2021-04-22,UGL,UGL,0.0,58.5,-0.0125,122669000.0,0.0,0.0,0.1826,0.0,-5511000.0,BALANCED,4.5644
2021-04-23,UGL,UGL,0.0,58.22,-0.0048,122669000.0,0.0,0.0,0.1826,0.0,0.0,BALANCED,4.5644
2021-04-26,UGL,UGL,0.0,58.37,0.0026,122669000.0,0.0,0.0,0.1826,0.0,0.0,BALANCED,4.5644
2021-04-27,UGL,UGL,0.0,58.28,-0.0015,122669000.0,0.0,0.0,0.1826,0.0,0.0,BALANCED,4.5644
2021-04-28,UGL,UGL,0.0,57.96,-0.0055,122669000.0,0.0,0.0,0.1826,0.0,0.0,BALANCED,4.5644
2021-04-29,UGL,UGL,0.0,57.59,-0.0064,122669000.0,0.0,0.0,0.1826,0.0,0.0,BALANCED,4.5644
2021-04-30,UGL,UGL,0.0,57.55,-0.0007,122669000.0,0.0,0.0,0.1826,0.0,0.0,BALANCED,4.5644
2021-05-03,UGL,UGL,0.0,59.11,0.0271,122669000.0,0.0,0.0,0.1826,0.0,0.0,BALANCED,4.5644
2021-05-04,UGL,UGL,0.0,58.07,-0.0176,122669000.0,0.0,0.0,0.1826,0.0,0.0,BALANCED,4.5644
2021-05-05,UGL,UGL,0.0,58.61,0.0093,122669000.0,0.0,0.0,0.1826,0.0,0.0,BALANCED,4.5644
2021-05-06,UGL,UGL,0.0,60.67,0.0351,122669000.0,0.0,0.0,0.1826,0.0,0.0,BALANCED,4.5644
2021-05-07,UGL,UGL,0.0,61.71,0.0171,122669000.0,0.0,0.0,0.0,0.0,0.0,BALANCED,0.0
2021-05-10,UGL,UGL,0.0,62.12,0.0066,122669000.0,0.0,0.0,0.0,0.0,0.0,BALANCED,0.0
2021-05-11,UGL,UGL,0.0,62.01,-0.0018,122669000.0,0.0,0.0,0.0,0.0,0.0,BALANCED,0.0
2021-05-12,UGL,UGL,0.0,61.11,-0.0145,122669000.0,0.0,0.0,0.0,0.0,0.0,BALANCED,0.0
2021-05-14,UGL,UGL,0.0,62.13,0.0167,122669000.0,0.0,0.0,0.0,0.0,0.0,BALANCED,0.0
2021-05-17,UGL,UGL,0.0,64.12,0.032,122669000.0,0.0,0.0,0.0,0.0,0.0,BALANCED,0.0
2021-05-18,UGL,UGL,0.0,64.15,0.0005,122669000.0,0.0,0.0,0.0,0.0,0.0,BALANCED,0.0
2021-05-19,UGL,UGL,0.0,65.06,0.0142,122669000.0,0.0,0.0,0.0,0.0,0.0,BALANCED,0.0
2021-05-20,UGL,UGL,0.0,65.09,0.0005,122669000.0,0.0,0.0,0.0,0.0,0.0,BALANCED,0.0
2021-05-21,UGL,UGL,0.0,64.74,-0.0054,122669000.0,0.0,0.0,0.0,0.0,0.0,BALANCED,0.0
2021-05-24,UGL,UGL,0.0,65.28,0.0083,122669000.0,0.0,0.0,0.0,0.0,0.0,BALANCED,0.0
2021-05-25,UGL,UGL,0.0,66.23,0.0146,122669000.0,0.0,0.0,0.0,0.0,0.0,BALANCED,0.0
2021-05-26,UGL,UGL,0.0,66.46,0.0035,122669000.0,0.0,0.0,0.0,0.0,0.0,BALANCED,0.0
2021-05-27,UGL,UGL,0.0,66.08,-0.0057,122669000.0,0.0,0.0,0.0,0.0,0.0,BALANCED,0.0
2021-05-28,UGL,UGL,0.0,66.55,0.0071,122669000.0,0.0,0.0,0.0,0.0,0.0,BALANCED,0.0
2021-06-01,UGL,UGL,0.0,66.52,-0.0005,122669000.0,0.0,0.0,0.0,0.0,0.0,BALANCED,0.0
2021-06-02,UGL,UGL,0.0,66.86,0.0051,122669000.0,0.0,0.0,0.0,0.0,0.0,BALANCED,0.0
2021-06-03,UGL,UGL,3215000.0,64.3,-0.0383,125884000.0,3215000.0,0.0,5.2947,3215000.0,3215000.0,ACCUMULATION,100.0
2021-06-04,UGL,UGL,0.0,65.58,0.0199,125884000.0,0.0,0.0,-0.1826,3215000.0,3215000.0,BALANCED,5.4356
2021-06-07,UGL,UGL,0.0,66.04,0.007,125884000.0,0.0,0.0,-0.1826,3215000.0,3215000.0,BALANCED,5.4356
2021-06-08,UGL,UGL,0.0,65.74,-0.0045,125884000.0,0.0,0.0,-0.1826,3215000.0,3215000.0,BALANCED,5.4356
2021-06-09,UGL,UGL,0.0,65.81,0.0011,125884000.0,0.0,0.0,-0.1826,3215000.0,3215000.0,BALANCED,5.4356
2021-06-10,UGL,UGL,0.0,65.87,0.0009,125884000.0,0.0,0.0,-0.1826,0.0,3215000.0,BALANCED,-4.5644
2021-06-11,UGL,UGL,0.0,64.7,-0.0178,125884000.0,0.0,0.0,-0.1826,0.0,3215000.0,BALANCED,-4.5644
2021-06-14,UGL,UGL,0.0,63.75,-0.0147,125884000.0,0.0,0.0,-0.1826,0.0,3215000.0,BALANCED,-4.5644
2021-06-15,UGL,UGL,0.0,63.1,-0.0102,125884000.0,0.0,0.0,-0.1826,0.0,3215000.0,BALANCED,-4.5644
2021-06-16,UGL,UGL,0.0,63.44,0.0054,125884000.0,0.0,0.0,-0.1826,0.0,3215000.0,BALANCED,-4.5644
2021-06-17,UGL,UGL,0.0,57.53,-0.0932,125884000.0,0.0,0.0,-0.1826,0.0,3215000.0,BALANCED,-4.5644
2021-06-18,UGL,UGL,0.0,57.16,-0.0064,125884000.0,0.0,0.0,-0.1826,0.0,3215000.0,BALANCED,-4.5644
2021-06-21,UGL,UGL,0.0,58.05,0.0156,125884000.0,0.0,0.0,-0.1826,0.0,3215000.0,BALANCED,-4.5644
2021-06-22,UGL,UGL,0.0,57.69,-0.0062,125884000.0,0.0,0.0,-0.1826,0.0,3215000.0,BALANCED,-4.5644
2021-06-23,UGL,UGL,0.0,58.08,0.0068,125884000.0,0.0,0.0,-0.1826,0.0,3215000.0,BALANCED,-4.5644
2021-06-24,UGL,UGL,0.0,57.64,-0.0076,125884000.0,0.0,0.0,-0.1826,0.0,3215000.0,BALANCED,-4.5644
2021-06-25,UGL,UGL,-5771000.0,57.71,0.0012,120113000.0,0.0,-5771000.0,-4.6466,-5771000.0,-2556000.0,DISTRIBUTION,-100.0
2021-06-28,UGL,UGL,0.0,57.89,0.0031,120113000.0,0.0,0.0,0.0696,-5771000.0,-2556000.0,BALANCED,-8.2593
2021-06-29,UGL,UGL,0.0,56.77,-0.0193,120113000.0,0.0,0.0,0.0696,-5771000.0,-2556000.0,BALANCED,-8.2593
2021-06-30,UGL,UGL,20052000.0,57.29,0.0092,140165000.0,20052000.0,0.0,5.0238,14281000.0,17496000.0,ACCUMULATION,100.0
2021-07-01,UGL,UGL,0.0,57.62,0.0058,140165000.0,0.0,0.0,-0.1505,14281000.0,14281000.0,BALANCED,6.2377
2021-07-02,UGL,UGL,0.0,58.04,0.0073,140165000.0,0.0,0.0,-0.1505,20052000.0,14281000.0,BALANCED,6.2377
2021-07-06,UGL,UGL,0.0,58.74,0.0121,140165000.0,0.0,0.0,-0.1505,20052000.0,14281000.0,BALANCED,6.2377
2021-07-07,UGL,UGL,-5926000.0,59.26,0.0089,134239000.0,0.0,-5926000.0,-1.5573,14126000.0,8355000.0,DISTRIBUTION,-30.932
2021-07-08,UGL,UGL,0.0,59.13,-0.0022,134239000.0,0.0,0.0,-0.0952,-5926000.0,8355000.0,BALANCED,-12.3789
2021-07-09,UGL,UGL,0.0,59.81,0.0115,134239000.0,0.0,0.0,-0.0952,-5926000.0,8355000.0,BALANCED,-12.3789
2021-07-12,UGL,UGL,0.0,59.49,-0.0054,134239000.0,0.0,0.0,-0.0952,-5926000.0,8355000.0,BALANCED,-12.3789
2021-07-13,UGL,UGL,0.0,59.76,0.0045,134239000.0,0.0,0.0,-0.0952,-5926000.0,8355000.0,BALANCED,-12.3789
2021-07-14,UGL,UGL,0.0,60.75,0.0166,134239000.0,0.0,0.0,-0.0952,0.0,8355000.0,BALANCED,-2.3789
2021-07-15,UGL,UGL,0.0,61.01,0.0043,134239000.0,0.0,0.0,-0.0952,0.0,8355000.0,BALANCED,-2.3789
2021-07-16,UGL,UGL,0.0,60.08,-0.0152,134239000.0,0.0,0.0,-0.0693,0.0,8355000.0,BALANCED,-1.7328
2021-07-19,UGL,UGL,0.0,59.68,-0.0067,134239000.0,0.0,0.0,-0.0693,0.0,8355000.0,BALANCED,-1.7328
2021-07-20,UGL,UGL,0.0,59.81,0.0022,134239000.0,0.0,0.0,-0.0693,0.0,8355000.0,BALANCED,-1.7328
2021-07-21,UGL,UGL,0.0,59.3,-0.0085,134239000.0,0.0,0.0,-0.0693,0.0,8355000.0,BALANCED,-1.7328
2021-07-22,UGL,UGL,2971000.0,59.41,0.0019,137210000.0,2971000.0,0.0,0.6408,2971000.0,11326000.0,BALANCED,28.0194
2021-07-23,UGL,UGL,2960000.0,59.19,-0.0037,140170000.0,2960000.0,0.0,0.6097,5931000.0,14286000.0,BALANCED,29.2424
2021-07-26,UGL,UGL,-11804000.0,59.02,-0.0029,128366000.0,0.0,-11804000.0,-2.5559,-5873000.0,8253000.0,DISTRIBUTION,-75.8985
2021-07-27,UGL,UGL,0.0,59.06,0.0007,128366000.0,0.0,0.0,-0.0178,-5873000.0,8253000.0,BALANCED,-10.4447
2021-07-28,UGL,UGL,0.0,59.1,0.0007,128366000.0,0.0,0.0,-0.0178,-5873000.0,8253000.0,BALANCED,-10.4447
2021-07-29,UGL,UGL,0.0,61.14,0.0345,128366000.0,0.0,0.0,-0.0178,-8844000.0,-11799000.0,BALANCED,-10.4447
2021-07-30,UGL,UGL,0.0,59.9,-0.0203,128366000.0,0.0,0.0,-0.0178,-11804000.0,-11799000.0,BALANCED,-10.4447
2021-08-02,UGL,UGL,0.0,60.22,0.0053,128366000.0,0.0,0.0,-0.0178,0.0,-11799000.0,BALANCED,-0.4447
2021-08-03,UGL,UGL,0.0,59.68,-0.009,128366000.0,0.0,0.0,-0.0178,0.0,-11799000.0,BALANCED,-0.4447
2021-08-04,UGL,UGL,0.0,59.71,0.0005,128366000.0,0.0,0.0,-0.0178,0.0,-5873000.0,BALANCED,-0.4447
2021-08-05,UGL,UGL,0.0,59.34,-0.0062,128366000.0,0.0,0.0,-0.0178,0.0,-5873000.0,BALANCED,-0.4447
2021-08-06,UGL,UGL,8450000.0,56.33,-0.0507,136816000.0,8450000.0,0.0,1.6518,8450000.0,2577000.0,ACCUMULATION,53.2959
2021-08-09,UGL,UGL,0.0,53.99,-0.0415,136816000.0,0.0,0.0,-0.117,8450000.0,2577000.0,BALANCED,7.0739
2021-08-10,UGL,UGL,0.0,54.31,0.0059,136816000.0,0.0,0.0,-0.117,8450000.0,2577000.0,BALANCED,7.0739
2021-08-11,UGL,UGL,0.0,55.66,0.0249,136816000.0,0.0,0.0,-0.117,8450000.0,2577000.0,BALANCED,7.0739
2021-08-12,UGL,UGL,0.0,55.57,-0.0016,136816000.0,0.0,0.0,0.0371,8450000.0,2577000.0,BALANCED,10.9266
2021-08-13,UGL,UGL,0.0,57.24,0.0301,136816000.0,0.0,0.0,0.0371,0.0,2577000.0,BALANCED,0.9266
2021-08-16,UGL,UGL,0.0,57.98,0.0129,136816000.0,0.0,0.0,0.0371,0.0,2577000.0,BALANCED,0.9266
2021-08-17,UGL,UGL,0.0,57.85,-0.0022,136816000.0,0.0,0.0,0.0371,0.0,2577000.0,BALANCED,0.9266
2021-08-18,UGL,UGL,0.0,57.63,-0.0038,136816000.0,0.0,0.0,-0.0306,0.0,2577000.0,BALANCED,-0.7657
2021-08-19,UGL,UGL,0.0,57.54,-0.0016,136816000.0,0.0,0.0,-0.0306,0.0,-394000.0,BALANCED,-0.7657
2021-08-20,UGL,UGL,0.0,57.6,0.001,136816000.0,0.0,0.0,-0.0306,0.0,-3354000.0,BALANCED,-0.7657
2021-08-26,UGL,UGL,0.0,58.29,0.012,136816000.0,0.0,0.0,-0.0306,0.0,8450000.0,BALANCED,-0.7657
2021-08-27,UGL,UGL,0.0,59.87,0.0271,136816000.0,0.0,0.0,-0.0306,0.0,8450000.0,BALANCED,-0.7657
2021-08-30,UGL,UGL,0.0,59.38,-0.0082,136816000.0,0.0,0.0,-0.0306,0.0,8450000.0,BALANCED,-0.7657
2021-08-31,UGL,UGL,0.0,59.76,0.0064,136816000.0,0.0,0.0,-0.0306,0.0,8450000.0,BALANCED,-0.7657
2021-09-01,UGL,UGL,0.0,59.62,-0.0023,136816000.0,0.0,0.0,-0.0306,0.0,8450000.0,BALANCED,-0.7657
2021-09-02,UGL,UGL,0.0,59.32,-0.005,136816000.0,0.0,0.0,-0.0306,0.0,8450000.0,BALANCED,-0.7657
2021-09-03,UGL,UGL,0.0,60.78,0.0246,136816000.0,0.0,0.0,-0.0306,0.0,8450000.0,BALANCED,-0.7657
2021-09-07,UGL,UGL,0.0,58.43,-0.0387,136816000.0,0.0,0.0,-0.0306,0.0,8450000.0,BALANCED,-0.7657
2021-09-08,UGL,UGL,0.0,58.11,-0.0055,136816000.0,0.0,0.0,0.0048,0.0,8450000.0,BALANCED,0.1193
2021-09-09,UGL,UGL,0.0,58.53,0.0072,136816000.0,0.0,0.0,0.0415,0.0,0.0,BALANCED,1.0378
2021-09-10,UGL,UGL,0.0,58.01,-0.0089,136816000.0,0.0,0.0,-0.1826,0.0,0.0,BALANCED,-4.5644
2021-09-13,UGL,UGL,0.0,58.15,0.0024,136816000.0,0.0,0.0,-0.1826,0.0,0.0,BALANCED,-4.5644
2021-09-14,UGL,UGL,0.0,58.97,0.0141,136816000.0,0.0,0.0,-0.1826,0.0,0.0,BALANCED,-4.5644
2021-09-15,UGL,UGL,0.0,58.17,-0.0136,136816000.0,0.0,0.0,-0.1826,0.0,0.0,BALANCED,-4.5644
2021-09-16,UGL,UGL,0.0,55.7,-0.0425,136816000.0,0.0,0.0,-0.1826,0.0,0.0,BALANCED,-4.5644
2021-09-17,UGL,UGL,0.0,55.36,-0.0061,136816000.0,0.0,0.0,-0.1826,0.0,0.0,BALANCED,-4.5644
2021-09-20,UGL,UGL,0.0,56.14,0.0141,136816000.0,0.0,0.0,-0.1826,0.0,0.0,BALANCED,-4.5644
2021-09-21,UGL,UGL,0.0,57.05,0.0162,136816000.0,0.0,0.0,-0.1826,0.0,0.0,BALANCED,-4.5644
2021-09-22,UGL,UGL,0.0,57.09,0.0007,136816000.0,0.0,0.0,-0.1826,0.0,0.0,BALANCED,-4.5644
2021-09-23,UGL,UGL,0.0,55.23,-0.0326,136816000.0,0.0,0.0,0.0,0.0,0.0,BALANCED,0.0
2021-09-24,UGL,UGL,0.0,55.34,0.002,136816000.0,0.0,0.0,0.0,0.0,0.0,BALANCED,0.0
2021-09-27,UGL,UGL,0.0,55.36,0.0004,136816000.0,0.0,0.0,0.0,0.0,0.0,BALANCED,0.0
2021-09-28,UGL,UGL,0.0,54.44,-0.0166,136816000.0,0.0,0.0,0.0,0.0,0.0,BALANCED,0.0
2021-09-29,UGL,UGL,0.0,53.52,-0.0169,136816000.0,0.0,0.0,0.0,0.0,0.0,BALANCED,0.0
2021-09-30,UGL,UGL,0.0,55.64,0.0396,136816000.0,0.0,0.0,0.0,0.0,0.0,BALANCED,0.0
2021-10-01,UGL,UGL,-2786000.0,55.72,0.0014,134030000.0,0.0,-2786000.0,-5.2947,-2786000.0,-2786000.0,DISTRIBUTION,-100.0
2021-10-04,UGL,UGL,0.0,56.3,0.0104,134030000.0,0.0,0.0,0.1826,-2786000.0,-2786000.0,BALANCED,-5.4356
2021-10-05,UGL,UGL,0.0,55.87,-0.0076,134030000.0,0.0,0.0,0.1826,-2786000.0,-2786000.0,BALANCED,-5.4356
2021-10-06,UGL,UGL,0.0,55.93,0.0011,134030000.0,0.0,0.0,0.1826,-2786000.0,-2786000.0,BALANCED,-5.4356
2021-10-08,UGL,UGL,0.0,55.65,-0.005,134030000.0,0.0,0.0,0.1826,-2786000.0,-2786000.0,BALANCED,-5.4356
2021-10-11,UGL,UGL,0.0,55.53,-0.0022,134030000.0,0.0,0.0,0.1826,0.0,-2786000.0,BALANCED,4.5644
2021-10-12,UGL,UGL,0.0,55.76,0.0041,134030000.0,0.0,0.0,0.1826,0.0,-2786000.0,BALANCED,4.5644
2021-10-13,UGL,UGL,-11600000.0,58.0,0.0402,122430000.0,0.0,-11600000.0,-5.1461,-11600000.0,-14386000.0,DISTRIBUTION,-100.0
2021-10-14,UGL,UGL,0.0,58.2,0.0034,122430000.0,0.0,0.0,0.2219,-11600000.0,-14386000.0,BALANCED,-4.4523
2021-10-15,UGL,UGL,0.0,56.28,-0.033,122430000.0,0.0,0.0,0.2219,-11600000.0,-14386000.0,BALANCED,-4.4523
2021-10-18,UGL,UGL,0.0,56.11,-0.003,122430000.0,0.0,0.0,0.2219,-11600000.0,-14386000.0,BALANCED,-4.4523
2021-10-19,UGL,UGL,0.0,56.42,0.0055,122430000.0,0.0,0.0,0.2219,-11600000.0,-14386000.0,BALANCED,-4.4523
2021-10-20,UGL,UGL,0.0,57.33,0.0161,122430000.0,0.0,0.0,0.2219,0.0,-14386000.0,BALANCED,5.5477
2021-10-21,UGL,UGL,0.0,57.14,-0.0033,122430000.0,0.0,0.0,0.2219,0.0,-14386000.0,BALANCED,5.5477
2021-10-22,UGL,UGL,0.0,58.06,0.0161,122430000.0,0.0,0.0,0.2219,0.0,-14386000.0,BALANCED,5.5477
2021-10-25,UGL,UGL,0.0,58.73,0.0115,122430000.0,0.0,0.0,0.2219,0.0,-14386000.0,BALANCED,5.5477
2021-10-26,UGL,UGL,0.0,57.86,-0.0148,122430000.0,0.0,0.0,0.2219,0.0,-14386000.0,BALANCED,5.5477
2021-10-27,UGL,UGL,0.0,58.21,0.006,122430000.0,0.0,0.0,0.2219,0.0,-14386000.0,BALANCED,5.5477
2021-10-28,UGL,UGL,0.0,58.46,0.0043,122430000.0,0.0,0.0,0.2219,0.0,-14386000.0,BALANCED,5.5477
2021-10-29,UGL,UGL,0.0,57.24,-0.0209,122430000.0,0.0,0.0,0.2219,0.0,-14386000.0,BALANCED,5.5477
2021-11-01,UGL,UGL,0.0,58.0,0.0133,122430000.0,0.0,0.0,0.2219,0.0,-11600000.0,BALANCED,5.5477
2021-11-02,UGL,UGL,0.0,57.58,-0.0072,122430000.0,0.0,0.0,0.2219,0.0,-11600000.0,BALANCED,5.5477
2021-11-03,UGL,UGL,0.0,55.94,-0.0285,122430000.0,0.0,0.0,0.2219,0.0,-11600000.0,BALANCED,5.5477
2021-11-04,UGL,UGL,0.0,57.81,0.0334,122430000.0,0.0,0.0,0.2219,0.0,-11600000.0,BALANCED,5.5477
2021-11-05,UGL,UGL,0.0,59.31,0.0259,122430000.0,0.0,0.0,0.2219,0.0,-11600000.0,BALANCED,5.5477
2021-11-08,UGL,UGL,0.0,60.04,0.0123,122430000.0,0.0,0.0,0.2219,0.0,-11600000.0,BALANCED,5.5477
2021-11-09,UGL,UGL,0.0,60.22,0.003,122430000.0,0.0,0.0,0.2219,0.0,-11600000.0,BALANCED,5.5477
2021-11-10,UGL,UGL,0.0,61.37,0.0191,122430000.0,0.0,0.0,0.2219,0.0,0.0,BALANCED,5.5477
2021-11-11,UGL,UGL,0.0,62.41,0.0169,122430000.0,0.0,0.0,0.2219,0.0,0.0,BALANCED,5.5477
2021-11-12,UGL,UGL,-6271000.0,62.71,0.0048,116159000.0,0.0,-6271000.0,-2.3233,-6271000.0,-6271000.0,DISTRIBUTION,-70.0837
2021-11-15,UGL,UGL,0.0,62.6,-0.0017,116159000.0,0.0,0.0,0.2511,-6271000.0,-6271000.0,BALANCED,-3.723
2021-11-16,UGL,UGL,0.0,61.76,-0.0134,116159000.0,0.0,0.0,0.2511,-6271000.0,-6271000.0,BALANCED,-3.723
2021-11-22,UGL,UGL,0.0,58.58,-0.0515,116159000.0,0.0,0.0,0.2511,-6271000.0,-6271000.0,BALANCED,-3.723
2021-11-23,UGL,UGL,0.0,57.1,-0.0252,116159000.0,0.0,0.0,0.2511,-6271000.0,-6271000.0,BALANCED,-3.723
2021-11-24,UGL,UGL,0.0,57.13,0.0006,116159000.0,0.0,0.0,0.2511,0.0,-6271000.0,BALANCED,6.277
2021-11-26,UGL,UGL,0.0,57.2,0.0012,116159000.0,0.0,0.0,0.2511,0.0,-6271000.0,BALANCED,6.277
2021-11-29,UGL,UGL,0.0,57.01,-0.0033,116159000.0,0.0,0.0,0.2511,0.0,-6271000.0,BALANCED,6.277
2021-11-30,UGL,UGL,0.0,56.46,-0.0098,116159000.0,0.0,0.0,0.1826,0.0,-6271000.0,BALANCED,4.5644
2021-12-01,UGL,UGL,0.0,56.95,0.0087,116159000.0,0.0,0.0,0.1826,0.0,-6271000.0,BALANCED,4.5644
2021-12-03,UGL,UGL,0.0,56.9,-0.0009,116159000.0,0.0,0.0,0.1826,0.0,-6271000.0,BALANCED,4.5644
2021-12-06,UGL,UGL,0.0,56.62,-0.005,116159000.0,0.0,0.0,0.1826,0.0,-6271000.0,BALANCED,4.5644
2021-12-07,UGL,UGL,0.0,56.95,0.0058,116159000.0,0.0,0.0,0.1826,0.0,-6271000.0,BALANCED,4.5644
2021-12-08,UGL,UGL,0.0,56.99,0.0009,116159000.0,0.0,0.0,0.1826,0.0,-6271000.0,BALANCED,4.5644
2021-12-09,UGL,UGL,0.0,56.43,-0.0099,116159000.0,0.0,0.0,0.1826,0.0,-6271000.0,BALANCED,4.5644
2021-12-10,UGL,UGL,0.0,56.94,0.009,116159000.0,0.0,0.0,0.1826,0.0,-6271000.0,BALANCED,4.5644
2021-12-13,UGL,UGL,0.0,57.16,0.0039,116159000.0,0.0,0.0,0.1826,0.0,-6271000.0,BALANCED,4.5644
2021-12-14,UGL,UGL,0.0,56.14,-0.0179,116159000.0,0.0,0.0,0.1826,0.0,-6271000.0,BALANCED,4.5644
2021-12-15,UGL,UGL,0.0,55.64,-0.0088,116159000.0,0.0,0.0,0.1826,0.0,-6271000.0,BALANCED,4.5644
2021-12-16,UGL,UGL,0.0,57.76,0.0382,116159000.0,0.0,0.0,0.1826,0.0,-6271000.0,BALANCED,4.5644
2021-12-17,UGL,UGL,0.0,58.19,0.0073,116159000.0,0.0,0.0,0.1826,0.0,0.0,BALANCED,4.5644
2021-12-20,UGL,UGL,-2876000.0,57.52,-0.0114,113283000.0,0.0,-2876000.0,-2.0684,-2876000.0,-2876000.0,DISTRIBUTION,-63.7107
2021-12-21,UGL,UGL,2857000.0,57.14,-0.0066,116140000.0,2857000.0,0.0,2.2382,-19000.0,-19000.0,ACCUMULATION,47.9557
2021-12-22,UGL,UGL,0.0,58.0,0.0151,116140000.0,0.0,0.0,0.153,-19000.0,-19000.0,BALANCED,-6.1743
2021-12-23,UGL,UGL,0.0,58.61,0.0104,116140000.0,0.0,0.0,0.153,-19000.0,-19000.0,BALANCED,-6.1743
2021-12-27,UGL,UGL,0.0,58.42,-0.0032,116140000.0,0.0,0.0,0.153,-19000.0,-19000.0,BALANCED,-6.1743
2021-12-28,UGL,UGL,0.0,58.55,0.0023,116140000.0,0.0,0.0,0.153,2857000.0,-19000.0,BALANCED,13.8257
2021-12-29,UGL,UGL,0.0,58.22,-0.0057,116140000.0,0.0,0.0,0.153,0.0,-19000.0,BALANCED,3.8257
2021-12-30,UGL,UGL,2938000.0,58.75,0.0092,119078000.0,2938000.0,0.0,2.0526,2938000.0,2919000.0,ACCUMULATION,63.3162
2021-12-31,UGL,UGL,0.0,59.68,0.0159,119078000.0,0.0,0.0,0.0752,2938000.0,2919000.0,BALANCED,11.8801
2022-01-03,UGL,UGL,0.0,57.82,-0.0312,119078000.0,0.0,0.0,-0.1053,2938000.0,2919000.0,BALANCED,7.3686
2022-01-04,UGL,UGL,0.0,58.75,0.0161,119078000.0,0.0,0.0,-0.1053,2938000.0,2919000.0,BALANCED,7.3686
2022-01-05,UGL,UGL,0.0,59.43,0.0115,119078000.0,0.0,0.0,-0.1053,2938000.0,2919000.0,BALANCED,7.3686
2022-01-06,UGL,UGL,0.0,57.09,-0.0394,119078000.0,0.0,0.0,-0.1053,0.0,2919000.0,BALANCED,-2.6314
2022-01-07,UGL,UGL,0.0,57.61,0.0091,119078000.0,0.0,0.0,-0.1053,0.0,2919000.0,BALANCED,-2.6314
2022-01-10,UGL,UGL,0.0,57.69,0.0015,119078000.0,0.0,0.0,-0.1053,0.0,2919000.0,BALANCED,-2.6314
2022-01-11,UGL,UGL,0.0,58.96,0.0218,119078000.0,0.0,0.0,-0.1053,0.0,2919000.0,BALANCED,-2.6314
2022-01-12,UGL,UGL,0.0,59.52,0.0096,119078000.0,0.0,0.0,-0.1053,0.0,2919000.0,BALANCED,-2.6314
2022-01-13,UGL,UGL,0.0,59.14,-0.0065,119078000.0,0.0,0.0,-0.1053,0.0,2919000.0,BALANCED,-2.6314
2022-01-14,UGL,UGL,0.0,58.81,-0.0055,119078000.0,0.0,0.0,-0.1053,0.0,2919000.0,BALANCED,-2.6314
2022-01-18,UGL,UGL,0.0,58.54,-0.0045,119078000.0,0.0,0.0,-0.1053,0.0,2919000.0,BALANCED,-2.6314
2022-01-19,UGL,UGL,3026000.0,60.51,0.0337,122104000.0,3026000.0,0.0,2.6491,3026000.0,8821000.0,ACCUMULATION,78.2285
2022-01-20,UGL,UGL,0.0,60.47,-0.0007,122104000.0,0.0,0.0,-0.1856,3026000.0,5964000.0,BALANCED,5.3589
2022-01-21,UGL,UGL,0.0,59.76,-0.0118,122104000.0,0.0,0.0,-0.1856,3026000.0,5964000.0,BALANCED,5.3589
2022-01-24,UGL,UGL,12083000.0,60.42,0.011,134187000.0,12083000.0,0.0,4.7509,15109000.0,18047000.0,ACCUMULATION,100.0
2022-01-25,UGL,UGL,6112000.0,61.12,0.0117,140299000.0,6112000.0,0.0,2.0304,21221000.0,24159000.0,ACCUMULATION,64.7592
2022-01-26,UGL,UGL,14901000.0,59.6,-0.0248,155200000.0,14901000.0,0.0,3.7141,33096000.0,39060000.0,ACCUMULATION,100.0
2022-01-27,UGL,UGL,5719000.0,57.19,-0.0404,160919000.0,5719000.0,0.0,1.1304,38815000.0,44779000.0,BALANCED,46.2588
2022-01-28,UGL,UGL,0.0,56.65,-0.0095,160919000.0,0.0,0.0,-0.399,38815000.0,41841000.0,BALANCED,0.0255
2022-01-31,UGL,UGL,0.0,57.27,0.0109,160919000.0,0.0,0.0,-0.399,26732000.0,41841000.0,BALANCED,0.0255
2022-02-01,UGL,UGL,0.0,57.6,0.0056,160919000.0,0.0,0.0,-0.399,20620000.0,41841000.0,BALANCED,0.0255
2022-02-02,UGL,UGL,-5816000.0,58.16,0.0097,155103000.0,0.0,-5816000.0,-1.8519,-97000.0,36025000.0,DISTRIBUTION,-58.2972
2022-02-03,UGL,UGL,0.0,57.76,-0.0069,155103000.0,0.0,0.0,-0.3338,-5816000.0,36025000.0,BALANCED,-18.3442
2022-02-04,UGL,UGL,0.0,57.99,0.004,155103000.0,0.0,0.0,-0.3338,-5816000.0,36025000.0,BALANCED,-18.3442
2022-02-07,UGL,UGL,0.0,58.89,0.0155,155103000.0,0.0,0.0,-0.3338,-5816000.0,36025000.0,BALANCED,-18.3442
2022-02-08,UGL,UGL,0.0,59.28,0.0067,155103000.0,0.0,0.0,-0.3338,-5816000.0,36025000.0,BALANCED,-18.3442
2022-02-09,UGL,UGL,0.0,59.84,0.0095,155103000.0,0.0,0.0,-0.3338,0.0,36025000.0,BALANCED,-8.3442
2022-02-10,UGL,UGL,0.0,59.89,0.0008,155103000.0,0.0,0.0,-0.3338,0.0,36025000.0,BALANCED,-8.3442
2022-02-11,UGL,UGL,0.0,60.19,0.005,155103000.0,0.0,0.0,-0.3091,0.0,36025000.0,BALANCED,-7.7263
2022-02-14,UGL,UGL,0.0,61.97,0.0296,155103000.0,0.0,0.0,-0.3091,0.0,36025000.0,BALANCED,-7.7263
2022-02-15,UGL,UGL,0.0,61.1,-0.0142,155103000.0,0.0,0.0,-0.3091,0.0,36025000.0,BALANCED,-7.7263
2022-02-16,UGL,UGL,0.0,62.1,0.0165,155103000.0,0.0,0.0,-0.3091,0.0,32999000.0,BALANCED,-7.7263
2022-02-17,UGL,UGL,0.0,64.12,0.0326,155103000.0,0.0,0.0,-0.3091,0.0,32999000.0,BALANCED,-7.7263
2022-02-18,UGL,UGL,0.0,63.97,-0.0024,155103000.0,0.0,0.0,-0.3091,0.0,32999000.0,BALANCED,-7.7263
2022-02-22,UGL,UGL,6448000.0,64.48,0.008,161551000.0,6448000.0,0.0,1.2601,6448000.0,27364000.0,BALANCED,43.5014
2022-02-23,UGL,UGL,0.0,64.68,0.0031,161551000.0,0.0,0.0,-0.3545,6448000.0,21252000.0,BALANCED,1.1374
2022-02-24,UGL,UGL,6575000.0,65.75,0.0166,168126000.0,6575000.0,0.0,1.2071,13023000.0,12926000.0,BALANCED,42.1778
2022-02-25,UGL,UGL,0.0,63.11,-0.0403,168126000.0,0.0,0.0,-0.3995,13023000.0,7207000.0,BALANCED,0.0126
2022-02-28,UGL,UGL,0.0,63.98,0.0138,168126000.0,0.0,0.0,-0.3995,13023000.0,7207000.0,BALANCED,0.0126
2022-03-01,UGL,UGL,0.0,66.88,0.0453,168126000.0,0.0,0.0,-0.3995,6575000.0,7207000.0,BALANCED,0.0126
2022-03-02,UGL,UGL,13079000.0,65.4,-0.0221,181205000.0,13079000.0,0.0,2.4036,19654000.0,20286000.0,ACCUMULATION,72.089
2022-03-03,UGL,UGL,0.0,66.32,0.0141,181205000.0,0.0,0.0,-0.4291,13079000.0,26102000.0,BALANCED,-0.7266
2022-03-04,UGL,UGL,0.0,68.41,0.0316,181205000.0,0.0,0.0,-0.4291,13079000.0,26102000.0,BALANCED,-0.7266
2022-03-07,UGL,UGL,7045000.0,70.45,0.0297,188250000.0,7045000.0,0.0,1.0371,20124000.0,33147000.0,BALANCED,37.9287
2022-03-08,UGL,UGL,0.0,73.79,0.0475,188250000.0,0.0,0.0,-0.42,20124000.0,33147000.0,BALANCED,-0.499
2022-03-09,UGL,UGL,0.0,69.81,-0.0539,188250000.0,0.0,0.0,-0.3784,7045000.0,33147000.0,BALANCED,0.54
2022-03-10,UGL,UGL,10604000.0,70.69,0.0126,198854000.0,10604000.0,0.0,2.4013,17649000.0,43751000.0,ACCUMULATION,72.0328
2022-03-11,UGL,UGL,0.0,69.61,-0.0152,198854000.0,0.0,0.0,-0.3389,17649000.0,43751000.0,BALANCED,1.5282
2022-03-16,UGL,UGL,0.0,64.42,-0.0747,198854000.0,0.0,0.0,-0.3389,10604000.0,43751000.0,BALANCED,1.5282
2022-03-17,UGL,UGL,0.0,66.7,0.0354,198854000.0,0.0,0.0,-0.3389,10604000.0,43751000.0,BALANCED,1.5282
2022-03-18,UGL,UGL,0.0,65.71,-0.0148,198854000.0,0.0,0.0,-0.3389,10604000.0,43751000.0,BALANCED,1.5282
2022-03-21,UGL,UGL,3289000.0,65.77,0.0009,202143000.0,3289000.0,0.0,0.4919,3289000.0,47040000.0,BALANCED,24.2971
2022-03-22,UGL,UGL,0.0,65.22,-0.0084,202143000.0,0.0,0.0,-0.4482,3289000.0,47040000.0,BALANCED,-1.2039
2022-03-23,UGL,UGL,0.0,66.29,0.0165,202143000.0,0.0,0.0,-0.4482,3289000.0,47040000.0,BALANCED,-1.2039
2022-03-24,UGL,UGL,6801000.0,68.01,0.0258,208944000.0,6801000.0,0.0,1.386,10090000.0,47393000.0,BALANCED,46.6488
2022-03-28,UGL,UGL,0.0,66.41,-0.0234,208944000.0,0.0,0.0,-0.4968,10090000.0,47393000.0,BALANCED,-2.4212
2022-03-29,UGL,UGL,0.0,64.59,-0.0275,208944000.0,0.0,0.0,-0.4968,6801000.0,40818000.0,BALANCED,-2.4212
2022-03-30,UGL,UGL,0.0,66.0,0.0219,208944000.0,0.0,0.0,-0.4968,6801000.0,40818000.0,BALANCED,-2.4212
2022-03-31,UGL,UGL,0.0,67.02,0.0154,208944000.0,0.0,0.0,-0.4968,6801000.0,40818000.0,BALANCED,-2.4212
2022-04-01,UGL,UGL,0.0,64.94,-0.0311,208944000.0,0.0,0.0,-0.4968,0.0,40818000.0,BALANCED,-12.4212
2022-04-04,UGL,UGL,0.0,65.63,0.0107,208944000.0,0.0,0.0,-0.4968,0.0,27739000.0,BALANCED,-12.4212
2022-04-05,UGL,UGL,0.0,65.19,-0.0067,208944000.0,0.0,0.0,-0.4968,0.0,27739000.0,BALANCED,-12.4212
2022-04-06,UGL,UGL,0.0,64.89,-0.0046,208944000.0,0.0,0.0,-0.4968,0.0,27739000.0,BALANCED,-12.4212
2022-04-07,UGL,UGL,3294000.0,65.88,0.0153,212238000.0,3294000.0,0.0,0.3854,3294000.0,23988000.0,BALANCED,21.6338
2022-04-08,UGL,UGL,0.0,66.4,0.008,212238000.0,0.0,0.0,-0.4804,3294000.0,23988000.0,BALANCED,-2.011
2022-04-11,UGL,UGL,0.0,66.58,0.0026,212238000.0,0.0,0.0,-0.4804,3294000.0,23988000.0,BALANCED,-2.011
2022-04-12,UGL,UGL,0.0,68.48,0.0286,212238000.0,0.0,0.0,-0.4319,3294000.0,13384000.0,BALANCED,-0.7964
2022-04-13,UGL,UGL,0.0,69.08,0.0087,212238000.0,0.0,0.0,-0.4319,3294000.0,13384000.0,BALANCED,-0.7964
2022-04-14,UGL,UGL,0.0,68.39,-0.01,212238000.0,0.0,0.0,-0.4319,0.0,13384000.0,BALANCED,-10.7964
2022-04-18,UGL,UGL,0.0,69.19,0.0116,212238000.0,0.0,0.0,-0.4319,0.0,13384000.0,BALANCED,-10.7964
2022-04-19,UGL,UGL,0.0,67.27,-0.0276,212238000.0,0.0,0.0,-0.396,0.0,13384000.0,BALANCED,-9.8997
2022-04-20,UGL,UGL,0.0,67.04,-0.0035,212238000.0,0.0,0.0,-0.396,0.0,10095000.0,BALANCED,-9.8997
2022-04-21,UGL,UGL,0.0,66.53,-0.0076,212238000.0,0.0,0.0,-0.396,0.0,10095000.0,BALANCED,-9.8997
2022-04-22,UGL,UGL,3279000.0,65.58,-0.0143,215517000.0,3279000.0,0.0,0.9896,3279000.0,13374000.0,BALANCED,36.7408
2022-04-28,UGL,UGL,0.0,62.66,-0.0446,215517000.0,0.0,0.0,-0.3795,3279000.0,6573000.0,BALANCED,0.5123
2022-04-29,UGL,UGL,0.0,64.0,0.0215,215517000.0,0.0,0.0,-0.3795,3279000.0,6573000.0,BALANCED,0.5123
2022-05-02,UGL,UGL,-12156000.0,60.78,-0.0503,203361000.0,0.0,-12156000.0,-4.4106,-8877000.0,-5583000.0,DISTRIBUTION,-100.0
2022-05-03,UGL,UGL,0.0,61.24,0.0075,203361000.0,0.0,0.0,-0.0538,-8877000.0,-5583000.0,BALANCED,-11.3461
2022-05-04,UGL,UGL,0.0,61.12,-0.0019,203361000.0,0.0,0.0,-0.0538,-12156000.0,-5583000.0,BALANCED,-11.3461
2022-05-05,UGL,UGL,0.0,61.57,0.0074,203361000.0,0.0,0.0,-0.0538,-12156000.0,-5583000.0,BALANCED,-11.3461
2022-05-06,UGL,UGL,-3101000.0,62.03,0.0075,200260000.0,0.0,-3101000.0,-1.1035,-15257000.0,-8684000.0,BALANCED,-39.5871
2022-05-09,UGL,UGL,0.0,60.43,-0.0257,200260000.0,0.0,0.0,0.0225,-3101000.0,-8684000.0,BALANCED,-9.4368
2022-05-10,UGL,UGL,0.0,59.29,-0.0189,200260000.0,0.0,0.0,0.0225,-3101000.0,-8684000.0,BALANCED,-9.4368
2022-05-11,UGL,UGL,-12020000.0,60.1,0.0137,188240000.0,0.0,-12020000.0,-3.2652,-15121000.0,-23998000.0,DISTRIBUTION,-93.6297
2022-05-12,UGL,UGL,0.0,58.2,-0.0316,188240000.0,0.0,0.0,0.2114,-15121000.0,-23998000.0,BALANCED,-4.7159
2022-05-13,UGL,UGL,0.0,57.13,-0.0184,188240000.0,0.0,0.0,0.2114,-12020000.0,-23998000.0,BALANCED,-4.7159
2022-05-16,UGL,UGL,-5748000.0,57.48,0.0061,182492000.0,0.0,-5748000.0,-1.4357,-17768000.0,-29746000.0,BALANCED,-47.8917
2022-05-17,UGL,UGL,-8669000.0,57.79,0.0055,173823000.0,0.0,-8669000.0,-2.0433,-26437000.0,-38415000.0,DISTRIBUTION,-65.082
2022-05-18,UGL,UGL,0.0,57.6,-0.0033,173823000.0,0.0,0.0,0.319,-14417000.0,-38415000.0,BALANCED,-2.0246
2022-05-19,UGL,UGL,0.0,59.21,0.0278,173823000.0,0.0,0.0,0.319,-14417000.0,-38415000.0,BALANCED,-2.0246
2022-05-20,UGL,UGL,0.0,59.24,0.0006,173823000.0,0.0,0.0,0.319,-14417000.0,-38415000.0,BALANCED,-2.0246
2022-05-23,UGL,UGL,0.0,59.59,0.0059,173823000.0,0.0,0.0,0.319,-8669000.0,-38415000.0,BALANCED,-2.0246
2022-05-24,UGL,UGL,-6072000.0,60.72,0.0189,167751000.0,0.0,-6072000.0,-1.2467,-6072000.0,-44487000.0,BALANCED,-43.1677
2022-05-25,UGL,UGL,0.0,59.49,-0.0202,167751000.0,0.0,0.0,0.4035,-6072000.0,-47766000.0,BALANCED,0.0872
2022-05-26,UGL,UGL,0.0,59.58,0.0015,167751000.0,0.0,0.0,0.4035,-6072000.0,-47766000.0,BALANCED,0.0872
2022-05-27,UGL,UGL,0.0,59.79,0.0036,167751000.0,0.0,0.0,0.4035,-6072000.0,-47766000.0,BALANCED,0.0872
2022-05-31,UGL,UGL,0.0,59.22,-0.0096,167751000.0,0.0,0.0,0.4035,-6072000.0,-35610000.0,BALANCED,0.0872
2022-06-01,UGL,UGL,0.0,59.23,0.0003,167751000.0,0.0,0.0,0.4035,0.0,-35610000.0,BALANCED,10.0872
2022-06-02,UGL,UGL,0.0,60.69,0.0246,167751000.0,0.0,0.0,0.4035,0.0,-35610000.0,BALANCED,10.0872
2022-06-03,UGL,UGL,0.0,59.31,-0.0227,167751000.0,0.0,0.0,0.4035,0.0,-35610000.0,BALANCED,10.0872
2022-06-06,UGL,UGL,-2945000.0,58.89,-0.007,164806000.0,0.0,-2945000.0,-0.3713,-2945000.0,-35454000.0,BALANCED,-21.2821
2022-06-07,UGL,UGL,0.0,59.43,0.0091,164806000.0,0.0,0.0,0.4304,-2945000.0,-35454000.0,BALANCED,0.7598
2022-06-08,UGL,UGL,0.0,59.71,0.0047,164806000.0,0.0,0.0,0.4304,-2945000.0,-35454000.0,BALANCED,0.7598
2022-06-09,UGL,UGL,-8920000.0,59.47,-0.004,155886000.0,0.0,-8920000.0,-1.8289,-11865000.0,-32354000.0,DISTRIBUTION,-57.7233
2022-06-13,UGL,UGL,0.0,58.08,-0.0233,155886000.0,0.0,0.0,0.5244,-11865000.0,-32354000.0,BALANCED,3.1103
2022-06-14,UGL,UGL,0.0,56.92,-0.02,155886000.0,0.0,0.0,0.5244,-8920000.0,-32354000.0,BALANCED,3.1103
2022-06-15,UGL,UGL,0.0,57.3,0.0067,155886000.0,0.0,0.0,0.4823,-8920000.0,-26606000.0,BALANCED,2.0565
2022-06-16,UGL,UGL,0.0,59.21,0.0333,155886000.0,0.0,0.0,0.4823,-8920000.0,-17937000.0,BALANCED,2.0565
2022-06-17,UGL,UGL,-2931000.0,58.61,-0.0101,152955000.0,0.0,-2931000.0,-0.3818,-2931000.0,-20868000.0,BALANCED,-21.5442
2022-06-21,UGL,UGL,0.0,58.49,-0.002,152955000.0,0.0,0.0,0.5128,-2931000.0,-20868000.0,BALANCED,2.8208
2022-06-22,UGL,UGL,0.0,58.47,-0.0005,152955000.0,0.0,0.0,0.4809,-2931000.0,-20868000.0,BALANCED,2.0227
2022-06-23,UGL,UGL,0.0,57.92,-0.0094,152955000.0,0.0,0.0,0.4809,-2931000.0,-20868000.0,BALANCED,2.0227
2022-06-24,UGL,UGL,-2897000.0,57.95,0.0005,150058000.0,0.0,-2897000.0,-0.3738,-5828000.0,-17693000.0,BALANCED,-21.3448
2022-06-27,UGL,UGL,0.0,57.6,-0.0061,150058000.0,0.0,0.0,0.4826,-2897000.0,-17693000.0,BALANCED,2.0653
2022-06-28,UGL,UGL,0.0,57.37,-0.004,150058000.0,0.0,0.0,0.4826,-2897000.0,-17693000.0,BALANCED,2.0653
2022-06-29,UGL,UGL,0.0,57.13,-0.0041,150058000.0,0.0,0.0,0.4826,-2897000.0,-17693000.0,BALANCED,2.0653
2022-06-30,UGL,UGL,0.0,56.49,-0.0112,150058000.0,0.0,0.0,0.4314,-2897000.0,-17693000.0,BALANCED,0.7838
2022-07-01,UGL,UGL,-2806000.0,56.13,-0.0064,147252000.0,0.0,-2806000.0,-0.9197,-2806000.0,-20499000.0,BALANCED,-34.9922
2022-07-05,UGL,UGL,0.0,53.78,-0.0418,147252000.0,0.0,0.0,0.4242,-2806000.0,-20499000.0,BALANCED,0.6047
2022-07-06,UGL,UGL,0.0,52.12,-0.031,147252000.0,0.0,0.0,0.4242,-2806000.0,-20499000.0,BALANCED,0.6047
2022-07-07,UGL,UGL,0.0,52.31,0.0037,147252000.0,0.0,0.0,0.4242,-2806000.0,-17554000.0,BALANCED,0.6047
2022-07-08,UGL,UGL,0.0,52.46,0.003,147252000.0,0.0,0.0,0.4242,-2806000.0,-17554000.0,BALANCED,0.6047
2022-07-11,UGL,UGL,-5182000.0,51.82,-0.0122,142070000.0,0.0,-5182000.0,-2.1449,-5182000.0,-22736000.0,DISTRIBUTION,-65.6221
2022-07-12,UGL,UGL,-5141000.0,51.41,-0.0079,136929000.0,0.0,-5141000.0,-1.9086,-10323000.0,-18957000.0,DISTRIBUTION,-61.7152
2022-07-13,UGL,UGL,0.0,52.04,0.0123,136929000.0,0.0,0.0,0.4767,-10323000.0,-18957000.0,BALANCED,1.9172
2022-07-14,UGL,UGL,0.0,50.28,-0.0338,136929000.0,0.0,0.0,0.4767,-10323000.0,-18957000.0,BALANCED,1.9172
2022-07-15,UGL,UGL,-2505000.0,50.1,-0.0037,134424000.0,0.0,-2505000.0,-0.6446,-12828000.0,-21462000.0,BALANCED,-28.1158
2022-07-18,UGL,UGL,0.0,50.44,0.0069,134424000.0,0.0,0.0,0.5137,-7646000.0,-21462000.0,BALANCED,2.842
2022-07-19,UGL,UGL,0.0,50.44,-0.0001,134424000.0,0.0,0.0,0.5137,-2505000.0,-18531000.0,BALANCED,2.842
2022-07-20,UGL,UGL,0.0,49.83,-0.0121,134424000.0,0.0,0.0,0.5137,-2505000.0,-18531000.0,BALANCED,2.842
2022-07-21,UGL,UGL,0.0,50.62,0.0158,134424000.0,0.0,0.0,0.4725,-2505000.0,-18531000.0,BALANCED,1.813
2022-07-22,UGL,UGL,0.0,51.43,0.0162,134424000.0,0.0,0.0,0.4725,0.0,-18531000.0,BALANCED,11.813
2022-07-25,UGL,UGL,-2547000.0,50.95,-0.0094,131877000.0,0.0,-2547000.0,-0.6734,-2547000.0,-18181000.0,BALANCED,-28.836
2022-07-26,UGL,UGL,0.0,50.87,-0.0016,131877000.0,0.0,0.0,0.509,-2547000.0,-18181000.0,BALANCED,2.7253
2022-07-27,UGL,UGL,0.0,50.97,0.0021,131877000.0,0.0,0.0,0.509,-2547000.0,-18181000.0,BALANCED,2.7253
2022-07-28,UGL,UGL,0.0,52.83,0.0365,131877000.0,0.0,0.0,0.509,-2547000.0,-18181000.0,BALANCED,2.7253
2022-07-29,UGL,UGL,0.0,53.58,0.0143,131877000.0,0.0,0.0,0.509,-2547000.0,-18181000.0,BALANCED,2.7253
2022-08-01,UGL,UGL,0.0,53.94,0.0066,131877000.0,0.0,0.0,0.509,0.0,-15375000.0,BALANCED,12.7253
2022-08-02,UGL,UGL,0.0,54.06,0.0022,131877000.0,0.0,0.0,0.4605,0.0,-15375000.0,BALANCED,11.513
2022-08-03,UGL,UGL,0.0,53.26,-0.0149,131877000.0,0.0,0.0,0.4605,0.0,-15375000.0,BALANCED,11.513
2022-08-04,UGL,UGL,-2754000.0,55.08,0.0343,129123000.0,0.0,-2754000.0,-1.2527,-2754000.0,-18129000.0,BALANCED,-43.3176
2022-08-05,UGL,UGL,0.0,54.13,-0.0174,129123000.0,0.0,0.0,0.5078,-2754000.0,-18129000.0,BALANCED,2.6958
2022-08-08,UGL,UGL,0.0,54.97,0.0156,129123000.0,0.0,0.0,0.4595,-2754000.0,-12947000.0,BALANCED,1.4867
2022-08-09,UGL,UGL,0.0,55.41,0.0079,129123000.0,0.0,0.0,0.4595,-2754000.0,-7806000.0,BALANCED,1.4867
2022-08-10,UGL,UGL,0.0,55.49,0.0015,129123000.0,0.0,0.0,0.4595,-2754000.0,-7806000.0,BALANCED,1.4867
2022-08-11,UGL,UGL,0.0,55.09,-0.0072,129123000.0,0.0,0.0,0.4595,0.0,-7806000.0,BALANCED,11.4867
2022-08-12,UGL,UGL,0.0,55.6,0.0092,129123000.0,0.0,0.0,0.4595,0.0,-5301000.0,BALANCED,11.4867
2022-08-15,UGL,UGL,0.0,54.53,-0.0192,129123000.0,0.0,0.0,0.4111,0.0,-5301000.0,BALANCED,10.2765
2022-08-16,UGL,UGL,0.0,54.02,-0.0093,129123000.0,0.0,0.0,0.4111,0.0,-5301000.0,BALANCED,10.2765
2022-08-17,UGL,UGL,0.0,53.24,-0.0145,129123000.0,0.0,0.0,0.4111,0.0,-5301000.0,BALANCED,10.2765
2022-08-18,UGL,UGL,0.0,52.91,-0.0062,129123000.0,0.0,0.0,0.4111,0.0,-5301000.0,BALANCED,10.2765
2022-08-19,UGL,UGL,0.0,52.41,-0.0094,129123000.0,0.0,0.0,0.4111,0.0,-5301000.0,BALANCED,10.2765
2022-08-22,UGL,UGL,0.0,51.55,-0.0164,129123000.0,0.0,0.0,0.3621,0.0,-2754000.0,BALANCED,9.0531
2022-08-23,UGL,UGL,0.0,52.31,0.0146,129123000.0,0.0,0.0,0.3274,0.0,-2754000.0,BALANCED,8.1853
2022-08-24,UGL,UGL,-2616000.0,52.33,0.0003,126507000.0,0.0,-2616000.0,-2.5164,-2616000.0,-5370000.0,DISTRIBUTION,-74.9102
2022-08-25,UGL,UGL,0.0,52.91,0.0112,126507000.0,0.0,0.0,0.3853,-2616000.0,-5370000.0,BALANCED,-0.3663
2022-08-26,UGL,UGL,0.0,51.62,-0.0244,126507000.0,0.0,0.0,0.3275,-2616000.0,-5370000.0,BALANCED,-1.8116
2022-08-29,UGL,UGL,0.0,51.62,-0.0001,126507000.0,0.0,0.0,0.3275,-2616000.0,-5370000.0,BALANCED,-1.8116
2022-08-30,UGL,UGL,0.0,50.83,-0.0153,126507000.0,0.0,0.0,0.3275,-2616000.0,-5370000.0,BALANCED,-1.8116
2022-08-31,UGL,UGL,0.0,50.24,-0.0116,126507000.0,0.0,0.0,0.3275,0.0,-5370000.0,BALANCED,8.1884
2022-09-01,UGL,UGL,-4926000.0,49.26,-0.0196,121581000.0,0.0,-4926000.0,-3.8451,-4926000.0,-7542000.0,DISTRIBUTION,-100.0
2022-09-02,UGL,UGL,0.0,50.02,0.0156,121581000.0,0.0,0.0,0.366,-4926000.0,-7542000.0,BALANCED,-0.8508
2022-09-06,UGL,UGL,-2473000.0,49.46,-0.0112,119108000.0,0.0,-2473000.0,-1.7571,-7399000.0,-10015000.0,DISTRIBUTION,-55.9267
2022-09-07,UGL,UGL,0.0,50.32,0.0174,119108000.0,0.0,0.0,0.3653,-7399000.0,-10015000.0,BALANCED,-0.8679
2022-09-08,UGL,UGL,0.0,49.88,-0.0088,119108000.0,0.0,0.0,0.3653,-7399000.0,-10015000.0,BALANCED,-0.8679
2022-09-09,UGL,UGL,0.0,50.37,0.0098,119108000.0,0.0,0.0,0.3653,-2473000.0,-10015000.0,BALANCED,-0.8679
2022-09-12,UGL,UGL,0.0,51.07,0.0139,119108000.0,0.0,0.0,0.3653,-2473000.0,-10015000.0,BALANCED,-0.8679
2022-09-13,UGL,UGL,0.0,49.71,-0.0266,119108000.0,0.0,0.0,0.3653,0.0,-10015000.0,BALANCED,9.1321
2022-09-14,UGL,UGL,0.0,49.23,-0.0097,119108000.0,0.0,0.0,0.3653,0.0,-10015000.0,BALANCED,9.1321
2022-09-15,UGL,UGL,-2370000.0,47.4,-0.0372,116738000.0,0.0,-2370000.0,-1.5357,-2370000.0,-12385000.0,DISTRIBUTION,-50.3928
2022-09-19,UGL,UGL,-4745000.0,47.45,0.0012,111993000.0,0.0,-4745000.0,-3.0152,-7115000.0,-17130000.0,DISTRIBUTION,-89.379
2022-09-20,UGL,UGL,-2353000.0,47.05,-0.0084,109640000.0,0.0,-2353000.0,-1.2021,-9468000.0,-19483000.0,BALANCED,-46.0529
2022-09-21,UGL,UGL,0.0,47.31,0.0055,109640000.0,0.0,0.0,0.4583,-9468000.0,-19483000.0,BALANCED,1.4568
2022-09-22,UGL,UGL,-2381000.0,47.62,0.0065,107259000.0,0.0,-2381000.0,-1.1427,-11849000.0,-21864000.0,BALANCED,-40.5671
2022-09-23,UGL,UGL,-2309000.0,46.18,-0.0303,104950000.0,0.0,-2309000.0,-1.0247,-11788000.0,-21557000.0,BALANCED,-39.6164
2022-09-26,UGL,UGL,0.0,44.94,-0.0268,104950000.0,0.0,0.0,0.5492,-7043000.0,-21557000.0,BALANCED,3.7309
2022-09-27,UGL,UGL,0.0,45.1,0.0034,104950000.0,0.0,0.0,0.5492,-4690000.0,-21557000.0,BALANCED,3.7309
2022-09-28,UGL,UGL,0.0,46.96,0.0413,104950000.0,0.0,0.0,0.5492,-4690000.0,-21557000.0,BALANCED,3.7309
2022-09-29,UGL,UGL,0.0,46.88,-0.0017,104950000.0,0.0,0.0,0.5492,-2309000.0,-21557000.0,BALANCED,3.7309
2022-09-30,UGL,UGL,0.0,47.08,0.0041,104950000.0,0.0,0.0,0.5492,0.0,-21557000.0,BALANCED,13.7309
2022-10-03,UGL,UGL,0.0,48.77,0.0359,104950000.0,0.0,0.0,0.5492,0.0,-16631000.0,BALANCED,13.7309
2022-10-04,UGL,UGL,-2520000.0,50.4,0.0335,102430000.0,0.0,-2520000.0,-1.0932,-2520000.0,-19151000.0,BALANCED,-39.3294
2022-10-05,UGL,UGL,0.0,49.84,-0.0112,102430000.0,0.0,0.0,0.5966,-2520000.0,-16678000.0,BALANCED,4.9161
2022-10-06,UGL,UGL,0.0,49.84,0.0,102430000.0,0.0,0.0,0.5966,-2520000.0,-16678000.0,BALANCED,4.9161
2022-10-07,UGL,UGL,0.0,49.17,-0.0133,102430000.0,0.0,0.0,0.5485,-2520000.0,-16678000.0,BALANCED,3.7137
2022-10-10,UGL,UGL,0.0,47.21,-0.0399,102430000.0,0.0,0.0,0.5485,-2520000.0,-16678000.0,BALANCED,3.7137
2022-10-11,UGL,UGL,0.0,47.82,0.0129,102430000.0,0.0,0.0,0.5485,0.0,-16678000.0,BALANCED,13.7137
2022-10-12,UGL,UGL,0.0,47.34,-0.0101,102430000.0,0.0,0.0,0.5485,0.0,-16678000.0,BALANCED,13.7137
2022-10-13,UGL,UGL,0.0,47.31,-0.0006,102430000.0,0.0,0.0,0.5485,0.0,-16678000.0,BALANCED,13.7137
2022-10-14,UGL,UGL,0.0,45.73,-0.0334,102430000.0,0.0,0.0,0.5485,0.0,-14308000.0,BALANCED,13.7137
2022-10-17,UGL,UGL,0.0,46.57,0.0183,102430000.0,0.0,0.0,0.513,0.0,-9563000.0,BALANCED,12.8244
2022-10-18,UGL,UGL,0.0,46.11,-0.0098,102430000.0,0.0,0.0,0.513,0.0,-7210000.0,BALANCED,12.8244
2022-10-19,UGL,UGL,-2246000.0,44.91,-0.0261,100184000.0,0.0,-2246000.0,-1.3094,-2246000.0,-9456000.0,BALANCED,-44.7351
2022-10-20,UGL,UGL,0.0,45.06,0.0032,100184000.0,0.0,0.0,0.5114,-2246000.0,-7075000.0,BALANCED,2.7844
2022-10-21,UGL,UGL,0.0,46.13,0.0239,100184000.0,0.0,0.0,0.5114,-2246000.0,-4766000.0,BALANCED,2.7844
2022-10-24,UGL,UGL,0.0,46.01,-0.0026,100184000.0,0.0,0.0,0.5114,-2246000.0,-4766000.0,BALANCED,2.7844
2022-10-25,UGL,UGL,0.0,46.23,0.0048,100184000.0,0.0,0.0,0.5114,-2246000.0,-4766000.0,BALANCED,2.7844
2022-10-26,UGL,UGL,0.0,46.86,0.0135,100184000.0,0.0,0.0,0.5114,0.0,-4766000.0,BALANCED,12.7844
2022-10-27,UGL,UGL,0.0,46.66,-0.0043,100184000.0,0.0,0.0,0.5114,0.0,-4766000.0,BALANCED,12.7844
2022-10-28,UGL,UGL,0.0,45.5,-0.0249,100184000.0,0.0,0.0,0.4623,0.0,-4766000.0,BALANCED,11.5579
2022-10-31,UGL,UGL,0.0,45.27,-0.005,100184000.0,0.0,0.0,0.4393,0.0,-4766000.0,BALANCED,10.9826
2022-11-01,UGL,UGL,0.0,45.77,0.011,100184000.0,0.0,0.0,0.3852,0.0,-2246000.0,BALANCED,9.6307
2022-11-02,UGL,UGL,0.0,45.79,0.0004,100184000.0,0.0,0.0,0.3852,0.0,-2246000.0,BALANCED,9.6307
2022-11-03,UGL,UGL,-2236000.0,44.73,-0.0231,97948000.0,0.0,-2236000.0,-2.3893,-2236000.0,-4482000.0,DISTRIBUTION,-71.7331
2022-11-04,UGL,UGL,0.0,47.24,0.0562,97948000.0,0.0,0.0,0.3272,-2236000.0,-4482000.0,BALANCED,-1.8212
2022-11-07,UGL,UGL,0.0,47.46,0.0047,97948000.0,0.0,0.0,0.3272,-2236000.0,-4482000.0,BALANCED,-1.8212
2022-11-08,UGL,UGL,0.0,49.47,0.0422,97948000.0,0.0,0.0,0.3272,-2236000.0,-4482000.0,BALANCED,-1.8212
2022-11-09,UGL,UGL,0.0,49.34,-0.0026,97948000.0,0.0,0.0,0.3272,-2236000.0,-4482000.0,BALANCED,-1.8212
2022-11-10,UGL,UGL,0.0,51.63,0.0465,97948000.0,0.0,0.0,0.3272,0.0,-4482000.0,BALANCED,8.1788
2022-11-11,UGL,UGL,0.0,52.56,0.0179,97948000.0,0.0,0.0,0.3272,0.0,-4482000.0,BALANCED,8.1788
2022-11-14,UGL,UGL,0.0,52.99,0.0082,97948000.0,0.0,0.0,0.3272,0.0,-4482000.0,BALANCED,8.1788
2022-11-15,UGL,UGL,0.0,53.04,0.0009,97948000.0,0.0,0.0,0.2628,0.0,-4482000.0,BALANCED,6.5692
2022-11-16,UGL,UGL,2650000.0,53.0,-0.0006,100598000.0,2650000.0,0.0,3.5456,2650000.0,414000.0,ACCUMULATION,100.0
2022-11-17,UGL,UGL,0.0,52.23,-0.0147,100598000.0,0.0,0.0,0.0799,2650000.0,414000.0,BALANCED,11.9966
2022-11-18,UGL,UGL,2586000.0,51.71,-0.0099,103184000.0,2586000.0,0.0,2.8307,5236000.0,3000000.0,ACCUMULATION,82.7669
2022-11-21,UGL,UGL,0.0,50.88,-0.0161,103184000.0,0.0,0.0,-0.0278,5236000.0,3000000.0,BALANCED,9.3055
2022-11-22,UGL,UGL,0.0,50.89,0.0003,103184000.0,0.0,0.0,-0.0278,5236000.0,3000000.0,BALANCED,9.3055
2022-11-23,UGL,UGL,0.0,51.22,0.0064,103184000.0,0.0,0.0,-0.0278,2586000.0,3000000.0,BALANCED,9.3055
2022-11-25,UGL,UGL,0.0,51.71,0.0096,103184000.0,0.0,0.0,-0.0278,2586000.0,3000000.0,BALANCED,9.3055
2022-11-28,UGL,UGL,0.0,50.93,-0.0151,103184000.0,0.0,0.0,-0.0278,0.0,3000000.0,BALANCED,-0.6945
2022-11-29,UGL,UGL,0.0,51.42,0.0096,103184000.0,0.0,0.0,-0.0278,0.0,3000000.0,BALANCED,-0.6945
2022-11-30,UGL,UGL,0.0,51.2,-0.0043,103184000.0,0.0,0.0,-0.0278,0.0,3000000.0,BALANCED,-0.6945
2022-12-01,UGL,UGL,-2721000.0,54.42,0.0629,100463000.0,0.0,-2721000.0,-2.8774,-2721000.0,279000.0,DISTRIBUTION,-83.9348
2022-12-02,UGL,UGL,0.0,54.09,-0.0061,100463000.0,0.0,0.0,-0.0098,-2721000.0,2515000.0,BALANCED,-10.245
2022-12-05,UGL,UGL,0.0,52.4,-0.0311,100463000.0,0.0,0.0,-0.0098,-2721000.0,2515000.0,BALANCED,-10.245
2022-12-06,UGL,UGL,0.0,52.47,0.0013,100463000.0,0.0,0.0,-0.0098,-2721000.0,2515000.0,BALANCED,-10.245
2022-12-07,UGL,UGL,0.0,53.39,0.0176,100463000.0,0.0,0.0,-0.0098,-2721000.0,2515000.0,BALANCED,-10.245
2022-12-08,UGL,UGL,0.0,53.6,0.0039,100463000.0,0.0,0.0,-0.0098,0.0,2515000.0,BALANCED,-0.245
2022-12-09,UGL,UGL,0.0,54.15,0.0103,100463000.0,0.0,0.0,-0.0098,0.0,2515000.0,BALANCED,-0.245
2022-12-12,UGL,UGL,0.0,53.06,-0.0201,100463000.0,0.0,0.0,-0.0098,0.0,2515000.0,BALANCED,-0.245
2022-12-13,UGL,UGL,0.0,55.03,0.0371,100463000.0,0.0,0.0,-0.0098,0.0,2515000.0,BALANCED,-0.245
2022-12-14,UGL,UGL,0.0,54.63,-0.0074,100463000.0,0.0,0.0,-0.0098,0.0,2515000.0,BALANCED,-0.245
2022-12-15,UGL,UGL,-5277000.0,52.77,-0.0339,95186000.0,0.0,-5277000.0,-3.7757,-5277000.0,-5412000.0,DISTRIBUTION,-100.0
2022-12-16,UGL,UGL,0.0,53.51,0.0139,95186000.0,0.0,0.0,0.071,-5277000.0,-5412000.0,BALANCED,-8.224
2022-12-19,UGL,UGL,0.0,53.37,-0.0026,95186000.0,0.0,0.0,0.071,-5277000.0,-7998000.0,BALANCED,-8.224
2022-12-20,UGL,UGL,0.0,55.02,0.0309,95186000.0,0.0,0.0,0.071,-5277000.0,-7998000.0,BALANCED,-8.224
2022-12-21,UGL,UGL,0.0,55.02,0.0001,95186000.0,0.0,0.0,0.071,-5277000.0,-7998000.0,BALANCED,-8.224
2022-12-22,UGL,UGL,0.0,53.21,-0.0329,95186000.0,0.0,0.0,0.071,0.0,-7998000.0,BALANCED,1.776
2022-12-23,UGL,UGL,-2687000.0,53.74,0.01,92499000.0,0.0,-2687000.0,-1.8161,-2687000.0,-10685000.0,DISTRIBUTION,-57.4022
2022-12-27,UGL,UGL,0.0,54.88,0.0212,92499000.0,0.0,0.0,0.1317,-2687000.0,-10685000.0,BALANCED,-6.7084
2022-12-28,UGL,UGL,0.0,54.45,-0.0079,92499000.0,0.0,0.0,0.1317,-2687000.0,-10685000.0,BALANCED,-6.7084
2022-12-29,UGL,UGL,0.0,55.06,0.0113,92499000.0,0.0,0.0,0.1317,-2687000.0,-10685000.0,BALANCED,-6.7084
2022-12-30,UGL,UGL,0.0,55.08,0.0003,92499000.0,0.0,0.0,0.2121,-2687000.0,-7964000.0,BALANCED,-4.6969
2023-01-03,UGL,UGL,0.0,56.29,0.022,92499000.0,0.0,0.0,0.2121,0.0,-7964000.0,BALANCED,5.3031
2023-01-04,UGL,UGL,0.0,57.08,0.014,92499000.0,0.0,0.0,0.3085,0.0,-7964000.0,BALANCED,7.7114
2023-01-05,UGL,UGL,0.0,55.95,-0.0197,92499000.0,0.0,0.0,0.3085,0.0,-7964000.0,BALANCED,7.7114
2023-01-06,UGL,UGL,0.0,57.72,0.0317,92499000.0,0.0,0.0,0.3085,0.0,-7964000.0,BALANCED,7.7114
2023-01-09,UGL,UGL,0.0,58.23,0.0088,92499000.0,0.0,0.0,0.3085,0.0,-7964000.0,BALANCED,7.7114
2023-01-10,UGL,UGL,0.0,58.16,-0.0013,92499000.0,0.0,0.0,0.3085,0.0,-7964000.0,BALANCED,7.7114
2023-01-11,UGL,UGL,0.0,58.31,0.0027,92499000.0,0.0,0.0,0.3085,0.0,-7964000.0,BALANCED,7.7114
2023-01-12,UGL,UGL,0.0,59.55,0.0212,92499000.0,0.0,0.0,0.3085,0.0,-7964000.0,BALANCED,7.7114
2023-01-13,UGL,UGL,0.0,60.99,0.0241,92499000.0,0.0,0.0,0.3085,0.0,-7964000.0,BALANCED,7.7114
2023-01-17,UGL,UGL,3013000.0,60.26,-0.0119,95512000.0,3013000.0,0.0,2.6,3013000.0,326000.0,ACCUMULATION,77.0001
2023-01-18,UGL,UGL,0.0,60.08,-0.0029,95512000.0,0.0,0.0,0.135,3013000.0,326000.0,BALANCED,13.3754
2023-01-19,UGL,UGL,0.0,61.13,0.0175,95512000.0,0.0,0.0,0.135,3013000.0,326000.0,BALANCED,13.3754
2023-01-20,UGL,UGL,0.0,61.41,0.0045,95512000.0,0.0,0.0,0.135,3013000.0,326000.0,BALANCED,13.3754
2023-01-23,UGL,UGL,0.0,61.45,0.0007,95512000.0,0.0,0.0,0.135,3013000.0,326000.0,BALANCED,13.3754
2023-01-24,UGL,UGL,3094000.0,61.88,0.0071,98606000.0,3094000.0,0.0,2.3213,3094000.0,3420000.0,ACCUMULATION,70.0322
2023-01-25,UGL,UGL,-3117000.0,62.34,0.0074,95489000.0,0.0,-3117000.0,-2.0085,-23000.0,2990000.0,DISTRIBUTION,-62.2135
2023-01-26,UGL,UGL,0.0,61.54,-0.0129,95489000.0,0.0,0.0,0.1128,-23000.0,2990000.0,BALANCED,-7.179
2023-01-27,UGL,UGL,0.0,61.47,-0.0011,95489000.0,0.0,0.0,0.1128,-23000.0,2990000.0,BALANCED,-7.179
2023-01-30,UGL,UGL,0.0,61.08,-0.0064,95489000.0,0.0,0.0,0.1128,-23000.0,2990000.0,BALANCED,-7.179
2023-01-31,UGL,UGL,0.0,61.47,0.0064,95489000.0,0.0,0.0,-0.0091,-3117000.0,2990000.0,BALANCED,-10.2279
2023-02-01,UGL,UGL,0.0,61.32,-0.0025,95489000.0,0.0,0.0,-0.0091,0.0,2990000.0,BALANCED,-0.2279
2023-02-02,UGL,UGL,0.0,60.56,-0.0123,95489000.0,0.0,0.0,-0.0091,0.0,2990000.0,BALANCED,-0.2279
2023-02-03,UGL,UGL,0.0,57.17,-0.056,95489000.0,0.0,0.0,-0.0091,0.0,2990000.0,BALANCED,-0.2279
2023-02-06,UGL,UGL,0.0,57.36,0.0033,95489000.0,0.0,0.0,-0.0091,0.0,2990000.0,BALANCED,-0.2279
2023-02-07,UGL,UGL,0.0,57.68,0.0057,95489000.0,0.0,0.0,-0.0091,0.0,2990000.0,BALANCED,-0.2279
2023-02-08,UGL,UGL,0.0,58.05,0.0063,95489000.0,0.0,0.0,-0.1013,0.0,2990000.0,BALANCED,-2.5327
2023-02-09,UGL,UGL,0.0,57.3,-0.0128,95489000.0,0.0,0.0,-0.1013,0.0,2990000.0,BALANCED,-2.5327
2023-02-10,UGL,UGL,-2853000.0,57.06,-0.0042,92636000.0,0.0,-2853000.0,-2.5469,-2853000.0,137000.0,DISTRIBUTION,-75.673
2023-02-13,UGL,UGL,0.0,56.41,-0.0115,92636000.0,0.0,0.0,-0.0041,-2853000.0,137000.0,BALANCED,-10.1018
2023-02-14,UGL,UGL,0.0,56.53,0.0021,92636000.0,0.0,0.0,-0.0041,-2853000.0,-2876000.0,BALANCED,-10.1018
2023-02-15,UGL,UGL,-2766000.0,55.31,-0.0215,89870000.0,0.0,-2766000.0,-2.1762,-5619000.0,-5642000.0,DISTRIBUTION,-66.4058
2023-02-16,UGL,UGL,0.0,55.7,0.0071,89870000.0,0.0,0.0,0.0712,-5619000.0,-5642000.0,BALANCED,-8.2199
2023-02-17,UGL,UGL,0.0,55.61,-0.0017,89870000.0,0.0,0.0,0.0712,-2766000.0,-5642000.0,BALANCED,-8.2199
2023-02-21,UGL,UGL,0.0,55.16,-0.008,89870000.0,0.0,0.0,0.0712,-2766000.0,-5642000.0,BALANCED,-8.2199
2023-02-22,UGL,UGL,0.0,55.11,-0.001,89870000.0,0.0,0.0,0.0712,-2766000.0,-8736000.0,BALANCED,-8.2199
2023-02-23,UGL,UGL,0.0,54.23,-0.0159,89870000.0,0.0,0.0,0.0712,0.0,-5619000.0,BALANCED,1.7801
2023-02-24,UGL,UGL,0.0,53.66,-0.0105,89870000.0,0.0,0.0,0.0712,0.0,-5619000.0,BALANCED,1.7801
2023-02-27,UGL,UGL,0.0,54.13,0.0088,89870000.0,0.0,0.0,0.0712,0.0,-5619000.0,BALANCED,1.7801
2023-02-28,UGL,UGL,-2742000.0,54.84,0.013,87128000.0,0.0,-2742000.0,-1.9381,-2742000.0,-8361000.0,DISTRIBUTION,-60.4527
2023-03-01,UGL,UGL,0.0,55.36,0.0096,87128000.0,0.0,0.0,0.2372,-2742000.0,-8361000.0,BALANCED,-4.0699
2023-03-02,UGL,UGL,0.0,55.07,-0.0052,87128000.0,0.0,0.0,0.2372,-2742000.0,-8361000.0,BALANCED,-4.0699
2023-03-03,UGL,UGL,0.0,55.92,0.0154,87128000.0,0.0,0.0,0.2372,-2742000.0,-8361000.0,BALANCED,-4.0699
2023-03-06,UGL,UGL,-2797000.0,55.93,0.0002,84331000.0,0.0,-2797000.0,-1.9196,-5539000.0,-11158000.0,DISTRIBUTION,-59.9903
2023-03-07,UGL,UGL,0.0,53.85,-0.0372,84331000.0,0.0,0.0,0.2951,-2797000.0,-11158000.0,BALANCED,-2.6222
2023-03-08,UGL,UGL,-2689000.0,53.77,-0.0014,81642000.0,0.0,-2689000.0,-1.8433,-5486000.0,-13847000.0,DISTRIBUTION,-58.0836
2023-03-09,UGL,UGL,0.0,54.71,0.0175,81642000.0,0.0,0.0,0.4396,-5486000.0,-13847000.0,BALANCED,0.9898
2023-03-10,UGL,UGL,0.0,56.65,0.0353,81642000.0,0.0,0.0,0.4396,-5486000.0,-13847000.0,BALANCED,0.9898
2023-03-13,UGL,UGL,0.0,59.61,0.0524,81642000.0,0.0,0.0,0.4396,-2689000.0,-10994000.0,BALANCED,0.9898
2023-03-14,UGL,UGL,0.0,59.27,-0.0057,81642000.0,0.0,0.0,0.4396,-2689000.0,-10994000.0,BALANCED,0.9898
2023-03-15,UGL,UGL,0.0,60.55,0.0215,81642000.0,0.0,0.0,0.4396,0.0,-10994000.0,BALANCED,10.9898
2023-03-16,UGL,UGL,3002000.0,60.03,-0.0086,84644000.0,3002000.0,0.0,2.7477,3002000.0,-5226000.0,ACCUMULATION,80.6932
2023-03-17,UGL,UGL,0.0,63.16,0.0521,84644000.0,0.0,0.0,0.2953,3002000.0,-5226000.0,BALANCED,17.383
2023-03-20,UGL,UGL,3189000.0,63.77,0.0097,87833000.0,3189000.0,0.0,2.4876,6191000.0,-2037000.0,ACCUMULATION,74.1908
2023-03-21,UGL,UGL,0.0,61.14,-0.0413,87833000.0,0.0,0.0,0.1843,6191000.0,-2037000.0,BALANCED,14.6081
2023-03-22,UGL,UGL,-3083000.0,61.66,0.0085,84750000.0,0.0,-3083000.0,-1.8458,3108000.0,-5120000.0,DISTRIBUTION,-38.146
2023-03-23,UGL,UGL,0.0,64.59,0.0475,84750000.0,0.0,0.0,0.2425,106000.0,-5120000.0,BALANCED,16.0618
2023-03-24,UGL,UGL,0.0,63.85,-0.0114,84750000.0,0.0,0.0,0.2425,106000.0,-5120000.0,BALANCED,16.0618
2023-03-27,UGL,UGL,3097000.0,61.94,-0.03,87847000.0,3097000.0,0.0,2.1309,14000.0,-2023000.0,ACCUMULATION,65.2716
2023-03-28,UGL,UGL,0.0,63.13,0.0192,87847000.0,0.0,0.0,0.1045,14000.0,719000.0,BALANCED,12.6113
2023-03-29,UGL,UGL,3138000.0,62.75,-0.0059,90985000.0,3138000.0,0.0,1.9437,6235000.0,3857000.0,ACCUMULATION,60.5937
2023-03-30,UGL,UGL,3180000.0,63.59,0.0134,94165000.0,3180000.0,0.0,1.8262,9415000.0,7037000.0,ACCUMULATION,59.6548
2023-03-31,UGL,UGL,3143000.0,62.86,-0.0115,97308000.0,3143000.0,0.0,1.654,12558000.0,10180000.0,ACCUMULATION,57.3507
2023-04-03,UGL,UGL,0.0,63.77,0.0145,97308000.0,0.0,0.0,-0.1417,9461000.0,12977000.0,BALANCED,6.4587
2023-04-04,UGL,UGL,0.0,66.18,0.0378,97308000.0,0.0,0.0,-0.1417,9461000.0,12977000.0,BALANCED,6.4587
2023-04-05,UGL,UGL,0.0,66.02,-0.0025,97308000.0,0.0,0.0,-0.1417,6323000.0,15666000.0,BALANCED,6.4587
2023-04-06,UGL,UGL,0.0,65.42,-0.009,97308000.0,0.0,0.0,-0.1417,3143000.0,15666000.0,BALANCED,6.4587
2023-04-10,UGL,UGL,0.0,63.98,-0.0221,97308000.0,0.0,0.0,-0.1417,0.0,15666000.0,BALANCED,-3.5413
2023-04-11,UGL,UGL,0.0,64.95,0.0152,97308000.0,0.0,0.0,-0.1417,0.0,15666000.0,BALANCED,-3.5413
2023-04-12,UGL,UGL,0.0,65.34,0.006,97308000.0,0.0,0.0,-0.2047,0.0,15666000.0,BALANCED,-5.1168
2023-04-13,UGL,UGL,0.0,67.31,0.0301,97308000.0,0.0,0.0,-0.2047,0.0,15666000.0,BALANCED,-5.1168
2023-04-14,UGL,UGL,0.0,64.72,-0.0384,97308000.0,0.0,0.0,-0.2047,0.0,12664000.0,BALANCED,-5.1168
2023-04-17,UGL,UGL,3209000.0,64.17,-0.0085,100517000.0,3209000.0,0.0,1.5906,3209000.0,15873000.0,ACCUMULATION,51.7639
2023-04-18,UGL,UGL,0.0,64.99,0.0127,100517000.0,0.0,0.0,-0.3313,3209000.0,12684000.0,BALANCED,1.7175
2023-04-19,UGL,UGL,0.0,64.19,-0.0122,100517000.0,0.0,0.0,-0.3313,3209000.0,12684000.0,BALANCED,1.7175
2023-04-20,UGL,UGL,0.0,64.95,0.0118,100517000.0,0.0,0.0,-0.4154,3209000.0,15767000.0,BALANCED,-0.3841
2023-04-21,UGL,UGL,0.0,63.12,-0.0283,100517000.0,0.0,0.0,-0.4154,3209000.0,15767000.0,BALANCED,-0.3841
2023-04-24,UGL,UGL,0.0,63.72,0.0095,100517000.0,0.0,0.0,-0.4154,0.0,15767000.0,BALANCED,-10.3841
2023-04-25,UGL,UGL,0.0,64.02,0.0048,100517000.0,0.0,0.0,-0.4154,0.0,12670000.0,BALANCED,-10.3841
2023-04-26,UGL,UGL,0.0,63.48,-0.0084,100517000.0,0.0,0.0,-0.4154,0.0,12670000.0,BALANCED,-10.3841
2023-04-27,UGL,UGL,0.0,63.68,0.0031,100517000.0,0.0,0.0,-0.4154,0.0,9532000.0,BALANCED,-10.3841
2023-04-28,UGL,UGL,0.0,63.7,0.0003,100517000.0,0.0,0.0,-0.3648,0.0,6352000.0,BALANCED,-9.1201
2023-05-01,UGL,UGL,0.0,63.26,-0.0069,100517000.0,0.0,0.0,-0.3648,0.0,3209000.0,BALANCED,-9.1201
2023-05-02,UGL,UGL,0.0,65.24,0.0313,100517000.0,0.0,0.0,-0.3102,0.0,3209000.0,BALANCED,-7.7554
2023-05-03,UGL,UGL,0.0,66.13,0.0136,100517000.0,0.0,0.0,-0.3102,0.0,3209000.0,BALANCED,-7.7554
2023-05-04,UGL,UGL,-3367000.0,67.35,0.0184,97150000.0,0.0,-3367000.0,-2.7219,-3367000.0,-158000.0,DISTRIBUTION,-80.0478
2023-05-05,UGL,UGL,0.0,65.33,-0.03,97150000.0,0.0,0.0,-0.2976,-3367000.0,-158000.0,BALANCED,-17.4402
2023-05-08,UGL,UGL,0.0,65.89,0.0085,97150000.0,0.0,0.0,-0.2976,-3367000.0,-158000.0,BALANCED,-17.4402
2023-05-09,UGL,UGL,0.0,66.52,0.0096,97150000.0,0.0,0.0,-0.2396,-3367000.0,-158000.0,BALANCED,-15.9893
2023-05-10,UGL,UGL,0.0,66.14,-0.0056,97150000.0,0.0,0.0,-0.2396,-3367000.0,-158000.0,BALANCED,-15.9893
2023-05-11,UGL,UGL,0.0,65.08,-0.0161,97150000.0,0.0,0.0,-0.1742,0.0,-158000.0,BALANCED,-4.355
2023-05-12,UGL,UGL,0.0,65.03,-0.0007,97150000.0,0.0,0.0,-0.0959,0.0,-158000.0,BALANCED,-2.3976
2023-05-15,UGL,UGL,0.0,65.24,0.0032,97150000.0,0.0,0.0,0.0061,0.0,-3367000.0,BALANCED,0.1524
2023-05-16,UGL,UGL,0.0,63.33,-0.0292,97150000.0,0.0,0.0,0.0061,0.0,-3367000.0,BALANCED,0.1524
2023-05-17,UGL,UGL,0.0,62.8,-0.0084,97150000.0,0.0,0.0,0.0061,0.0,-3367000.0,BALANCED,0.1524
2023-05-18,UGL,UGL,0.0,61.21,-0.0254,97150000.0,0.0,0.0,0.0061,0.0,-3367000.0,BALANCED,0.1524
2023-05-19,UGL,UGL,0.0,62.57,0.0223,97150000.0,0.0,0.0,0.0061,0.0,-3367000.0,BALANCED,0.1524
2023-05-22,UGL,UGL,0.0,62.3,-0.0044,97150000.0,0.0,0.0,0.0061,0.0,-3367000.0,BALANCED,0.1524
2023-05-23,UGL,UGL,0.0,62.12,-0.0028,97150000.0,0.0,0.0,0.0061,0.0,-3367000.0,BALANCED,0.1524
2023-05-24,UGL,UGL,0.0,61.52,-0.0096,97150000.0,0.0,0.0,0.0061,0.0,-3367000.0,BALANCED,0.1524
2023-05-25,UGL,UGL,0.0,60.24,-0.0209,97150000.0,0.0,0.0,0.0061,0.0,-3367000.0,BALANCED,0.1524
2023-05-26,UGL,UGL,0.0,60.29,0.0009,97150000.0,0.0,0.0,0.0061,0.0,-3367000.0,BALANCED,0.1524
2023-05-30,UGL,UGL,0.0,61.17,0.0146,97150000.0,0.0,0.0,0.1826,0.0,-3367000.0,BALANCED,4.5644
2023-05-31,UGL,UGL,0.0,61.49,0.0051,97150000.0,0.0,0.0,0.1826,0.0,-3367000.0,BALANCED,4.5644
2023-06-01,UGL,UGL,0.0,62.32,0.0136,97150000.0,0.0,0.0,0.1826,0.0,-3367000.0,BALANCED,4.5644
2023-06-02,UGL,UGL,0.0,60.71,-0.0259,97150000.0,0.0,0.0,0.1826,0.0,0.0,BALANCED,4.5644
2023-06-05,UGL,UGL,0.0,61.01,0.005,97150000.0,0.0,0.0,0.1826,0.0,0.0,BALANCED,4.5644
2023-06-06,UGL,UGL,0.0,61.46,0.0074,97150000.0,0.0,0.0,0.1826,0.0,0.0,BALANCED,4.5644
2023-06-07,UGL,UGL,-3002000.0,60.04,-0.0232,94148000.0,0.0,-3002000.0,-3.4468,-3002000.0,-3002000.0,DISTRIBUTION,-98.1706
2023-06-08,UGL,UGL,0.0,61.28,0.0207,94148000.0,0.0,0.0,0.2623,-3002000.0,-3002000.0,BALANCED,-3.4423
2023-06-09,UGL,UGL,0.0,61.2,-0.0013,94148000.0,0.0,0.0,0.2623,-3002000.0,-3002000.0,BALANCED,-3.4423
2023-06-12,UGL,UGL,0.0,60.75,-0.0074,94148000.0,0.0,0.0,0.2623,-3002000.0,-3002000.0,BALANCED,-3.4423
2023-06-13,UGL,UGL,0.0,60.07,-0.0112,94148000.0,0.0,0.0,0.2623,-3002000.0,-3002000.0,BALANCED,-3.4423
2023-06-14,UGL,UGL,0.0,60.7,0.0106,94148000.0,0.0,0.0,0.2623,0.0,-3002000.0,BALANCED,6.5577
2023-06-15,UGL,UGL,0.0,60.82,0.0019,94148000.0,0.0,0.0,0.2623,0.0,-3002000.0,BALANCED,6.5577
2023-06-16,UGL,UGL,0.0,60.86,0.0006,94148000.0,0.0,0.0,0.1826,0.0,-3002000.0,BALANCED,4.5644
2023-06-20,UGL,UGL,0.0,59.42,-0.0235,94148000.0,0.0,0.0,0.1826,0.0,-3002000.0,BALANCED,4.5644
2023-06-21,UGL,UGL,0.0,59.26,-0.0028,94148000.0,0.0,0.0,0.1826,0.0,-3002000.0,BALANCED,4.5644
2023-06-22,UGL,UGL,0.0,57.97,-0.0217,94148000.0,0.0,0.0,0.1826,0.0,-3002000.0,BALANCED,4.5644
2023-06-23,UGL,UGL,0.0,58.33,0.0062,94148000.0,0.0,0.0,0.1826,0.0,-3002000.0,BALANCED,4.5644
2023-06-26,UGL,UGL,-2930000.0,58.6,0.0046,91218000.0,0.0,-2930000.0,-3.6306,-2930000.0,-5932000.0,DISTRIBUTION,-100.0
2023-06-27,UGL,UGL,0.0,58.0,-0.0103,91218000.0,0.0,0.0,0.2627,-2930000.0,-5932000.0,BALANCED,-3.4313
2023-06-28,UGL,UGL,0.0,57.91,-0.0016,91218000.0,0.0,0.0,0.2627,-2930000.0,-5932000.0,BALANCED,-3.4313
2023-06-29,UGL,UGL,0.0,57.65,-0.0044,91218000.0,0.0,0.0,0.2627,-2930000.0,-5932000.0,BALANCED,-3.4313
2023-06-30,UGL,UGL,0.0,58.35,0.0121,91218000.0,0.0,0.0,0.2627,-2930000.0,-5932000.0,BALANCED,-3.4313
2023-07-03,UGL,UGL,0.0,58.37,0.0003,91218000.0,0.0,0.0,0.2627,0.0,-5932000.0,BALANCED,6.5687
2023-07-05,UGL,UGL,0.0,58.23,-0.0023,91218000.0,0.0,0.0,0.2627,0.0,-5932000.0,BALANCED,6.5687
2023-07-06,UGL,UGL,0.0,57.53,-0.0121,91218000.0,0.0,0.0,0.2627,0.0,-5932000.0,BALANCED,6.5687
2023-07-07,UGL,UGL,-2928000.0,58.56,0.0179,88290000.0,0.0,-2928000.0,-2.9212,-2928000.0,-5858000.0,DISTRIBUTION,-85.0311
2023-07-10,UGL,UGL,0.0,58.48,-0.0013,88290000.0,0.0,0.0,0.3277,-2928000.0,-5858000.0,BALANCED,-1.8074
2023-07-11,UGL,UGL,0.0,58.86,0.0064,88290000.0,0.0,0.0,0.3277,-2928000.0,-5858000.0,BALANCED,-1.8074
2023-07-12,UGL,UGL,0.0,60.34,0.0253,88290000.0,0.0,0.0,0.3277,-2928000.0,-5858000.0,BALANCED,-1.8074
2023-07-13,UGL,UGL,0.0,60.47,0.0022,88290000.0,0.0,0.0,0.3277,-2928000.0,-5858000.0,BALANCED,-1.8074
2023-07-14,UGL,UGL,0.0,60.51,0.0006,88290000.0,0.0,0.0,0.3277,0.0,-5858000.0,BALANCED,8.1926
2023-07-17,UGL,UGL,0.0,60.04,-0.0077,88290000.0,0.0,0.0,0.3277,0.0,-5858000.0,BALANCED,8.1926
2023-07-18,UGL,UGL,0.0,61.52,0.0246,88290000.0,0.0,0.0,0.3277,0.0,-5858000.0,BALANCED,8.1926
2023-07-19,UGL,UGL,3076000.0,61.53,0.0001,91366000.0,3076000.0,0.0,2.9962,3076000.0,-2782000.0,ACCUMULATION,86.9053
2023-07-20,UGL,UGL,0.0,60.94,-0.0096,91366000.0,0.0,0.0,0.1767,3076000.0,-2782000.0,BALANCED,14.4181
2023-07-21,UGL,UGL,0.0,60.67,-0.0044,91366000.0,0.0,0.0,0.0973,3076000.0,-2782000.0,BALANCED,12.4316
2023-07-24,UGL,UGL,0.0,60.42,-0.0041,91366000.0,0.0,0.0,0.0973,3076000.0,-2782000.0,BALANCED,12.4316
2023-07-25,UGL,UGL,0.0,60.53,0.0019,91366000.0,0.0,0.0,0.0973,3076000.0,148000.0,BALANCED,12.4316
2023-07-26,UGL,UGL,0.0,60.94,0.0068,91366000.0,0.0,0.0,0.0973,0.0,148000.0,BALANCED,2.4316
2023-07-27,UGL,UGL,0.0,59.47,-0.0241,91366000.0,0.0,0.0,0.0973,0.0,148000.0,BALANCED,2.4316
2023-07-28,UGL,UGL,0.0,60.36,0.0149,91366000.0,0.0,0.0,0.0973,0.0,148000.0,BALANCED,2.4316
2023-07-31,UGL,UGL,-3047000.0,60.94,0.0095,88319000.0,0.0,-3047000.0,-2.6052,-3047000.0,-2899000.0,DISTRIBUTION,-77.1304
2023-08-01,UGL,UGL,0.0,59.1,-0.0302,88319000.0,0.0,0.0,0.1774,-3047000.0,-2899000.0,BALANCED,-5.5639
2023-08-02,UGL,UGL,0.0,58.88,-0.0037,88319000.0,0.0,0.0,0.1774,-3047000.0,-2899000.0,BALANCED,-5.5639
2023-08-03,UGL,UGL,0.0,58.51,-0.0062,88319000.0,0.0,0.0,0.1774,-3047000.0,-2899000.0,BALANCED,-5.5639
2023-08-04,UGL,UGL,0.0,58.95,0.0075,88319000.0,0.0,0.0,0.1774,-3047000.0,29000.0,BALANCED,-5.5639
2023-08-07,UGL,UGL,0.0,58.6,-0.0059,88319000.0,0.0,0.0,0.1774,0.0,29000.0,BALANCED,4.4361
2023-08-08,UGL,UGL,0.0,58.0,-0.0102,88319000.0,0.0,0.0,0.1001,0.0,29000.0,BALANCED,2.5019
2023-08-09,UGL,UGL,0.0,57.46,-0.0094,88319000.0,0.0,0.0,0.1001,0.0,29000.0,BALANCED,2.5019
2023-08-10,UGL,UGL,0.0,57.36,-0.0017,88319000.0,0.0,0.0,0.1001,0.0,29000.0,BALANCED,2.5019
2023-08-11,UGL,UGL,0.0,57.23,-0.0023,88319000.0,0.0,0.0,0.1001,0.0,29000.0,BALANCED,2.5019
2023-08-14,UGL,UGL,0.0,57.09,-0.0024,88319000.0,0.0,0.0,0.1001,0.0,29000.0,BALANCED,2.5019
2023-08-15,UGL,UGL,0.0,56.58,-0.009,88319000.0,0.0,0.0,0.1001,0.0,29000.0,BALANCED,2.5019
2023-08-16,UGL,UGL,0.0,56.18,-0.007,88319000.0,0.0,0.0,0.1001,0.0,-3047000.0,BALANCED,2.5019
2023-08-17,UGL,UGL,0.0,55.42,-0.0135,88319000.0,0.0,0.0,0.1001,0.0,-3047000.0,BALANCED,2.5019
2023-08-18,UGL,UGL,0.0,55.5,0.0014,88319000.0,0.0,0.0,-0.0012,0.0,-3047000.0,BALANCED,-0.0301
2023-08-21,UGL,UGL,0.0,55.89,0.007,88319000.0,0.0,0.0,-0.0012,0.0,-3047000.0,BALANCED,-0.0301
2023-08-22,UGL,UGL,0.0,56.07,0.0032,88319000.0,0.0,0.0,-0.0012,0.0,-3047000.0,BALANCED,-0.0301
2023-08-23,UGL,UGL,-2868000.0,57.36,0.023,85451000.0,0.0,-2868000.0,-2.8902,-2868000.0,-5915000.0,DISTRIBUTION,-84.2551
2023-08-24,UGL,UGL,0.0,57.31,-0.001,85451000.0,0.0,0.0,0.0986,-2868000.0,-5915000.0,BALANCED,-7.5345
2023-08-25,UGL,UGL,0.0,56.89,-0.0073,85451000.0,0.0,0.0,0.0986,-2868000.0,-5915000.0,BALANCED,-7.5345
2023-08-28,UGL,UGL,0.0,57.31,0.0074,85451000.0,0.0,0.0,0.0986,-2868000.0,-2868000.0,BALANCED,-7.5345
2023-08-29,UGL,UGL,0.0,58.39,0.0189,85451000.0,0.0,0.0,0.0986,-2868000.0,-2868000.0,BALANCED,-7.5345
2023-08-30,UGL,UGL,0.0,58.86,0.0081,85451000.0,0.0,0.0,0.2626,0.0,-2868000.0,BALANCED,6.566
2023-08-31,UGL,UGL,-2922000.0,58.45,-0.0071,82529000.0,0.0,-2922000.0,-2.9222,-2922000.0,-5790000.0,DISTRIBUTION,-85.0548
2023-09-01,UGL,UGL,0.0,58.52,0.0013,82529000.0,0.0,0.0,0.3276,-2922000.0,-5790000.0,BALANCED,-1.8097
2023-09-05,UGL,UGL,0.0,57.68,-0.0144,82529000.0,0.0,0.0,0.3276,-2922000.0,-5790000.0,BALANCED,-1.8097
2023-09-06,UGL,UGL,0.0,57.19,-0.0085,82529000.0,0.0,0.0,0.3276,-2922000.0,-5790000.0,BALANCED,-1.8097
2023-09-07,UGL,UGL,0.0,57.09,-0.0017,82529000.0,0.0,0.0,0.3276,-2922000.0,-5790000.0,BALANCED,-1.8097
2023-09-08,UGL,UGL,0.0,57.11,0.0003,82529000.0,0.0,0.0,0.3276,0.0,-5790000.0,BALANCED,8.1903
2023-09-11,UGL,UGL,0.0,57.38,0.0049,82529000.0,0.0,0.0,0.3276,0.0,-5790000.0,BALANCED,8.1903
2023-09-12,UGL,UGL,0.0,56.68,-0.0123,82529000.0,0.0,0.0,0.2628,0.0,-5790000.0,BALANCED,6.5689
2023-09-13,UGL,UGL,-2826000.0,56.53,-0.0026,79703000.0,0.0,-2826000.0,-2.8968,-2826000.0,-8616000.0,DISTRIBUTION,-84.4196
2023-09-14,UGL,UGL,0.0,56.55,0.0004,79703000.0,0.0,0.0,0.3277,-2826000.0,-8616000.0,BALANCED,-1.8076
2023-09-15,UGL,UGL,0.0,57.34,0.0139,79703000.0,0.0,0.0,0.3277,-2826000.0,-8616000.0,BALANCED,-1.8076
2023-09-18,UGL,UGL,0.0,57.78,0.0076,79703000.0,0.0,0.0,0.3277,-2826000.0,-8616000.0,BALANCED,-1.8076
2023-09-19,UGL,UGL,0.0,57.8,0.0004,79703000.0,0.0,0.0,0.3277,-2826000.0,-8616000.0,BALANCED,-1.8076
2023-09-20,UGL,UGL,-2930000.0,58.6,0.0138,76773000.0,0.0,-2930000.0,-2.5499,-2930000.0,-11546000.0,DISTRIBUTION,-75.7482
2023-09-21,UGL,UGL,-2848000.0,56.96,-0.0279,73925000.0,0.0,-2848000.0,-2.17,-5778000.0,-11526000.0,DISTRIBUTION,-68.2499
2023-09-22,UGL,UGL,0.0,57.32,0.0063,73925000.0,0.0,0.0,0.4396,-5778000.0,-11526000.0,BALANCED,0.9911
2023-09-25,UGL,UGL,0.0,56.8,-0.009,73925000.0,0.0,0.0,0.4396,-5778000.0,-11526000.0,BALANCED,0.9911
2023-09-26,UGL,UGL,0.0,55.82,-0.0173,73925000.0,0.0,0.0,0.4396,-5778000.0,-11526000.0,BALANCED,0.9911
2023-09-27,UGL,UGL,0.0,54.15,-0.03,73925000.0,0.0,0.0,0.4396,-2848000.0,-11526000.0,BALANCED,0.9911
2023-09-28,UGL,UGL,0.0,53.45,-0.0129,73925000.0,0.0,0.0,0.4396,0.0,-11526000.0,BALANCED,10.9911
2023-09-29,UGL,UGL,0.0,52.74,-0.0131,73925000.0,0.0,0.0,0.4396,0.0,-8604000.0,BALANCED,10.9911
2023-10-02,UGL,UGL,0.0,51.68,-0.0201,73925000.0,0.0,0.0,0.4396,0.0,-8604000.0,BALANCED,10.9911
2023-10-03,UGL,UGL,0.0,51.37,-0.0061,73925000.0,0.0,0.0,0.4396,0.0,-8604000.0,BALANCED,10.9911
2023-10-04,UGL,UGL,2550000.0,51.0,-0.0072,76475000.0,2550000.0,0.0,2.4107,2550000.0,-6054000.0,ACCUMULATION,72.2684
2023-10-05,UGL,UGL,0.0,50.83,-0.0032,76475000.0,0.0,0.0,0.2648,2550000.0,-6054000.0,BALANCED,16.6188
2023-10-06,UGL,UGL,0.0,51.58,0.0147,76475000.0,0.0,0.0,0.2648,2550000.0,-6054000.0,BALANCED,16.6188
2023-10-09,UGL,UGL,0.0,52.66,0.0209,76475000.0,0.0,0.0,0.2648,2550000.0,-6054000.0,BALANCED,16.6188
2023-10-10,UGL,UGL,0.0,53.29,0.0119,76475000.0,0.0,0.0,0.2648,2550000.0,-6054000.0,BALANCED,16.6188
2023-10-11,UGL,UGL,2699000.0,53.97,0.0129,79174000.0,2699000.0,0.0,2.3169,2699000.0,-529000.0,ACCUMULATION,69.9213
2023-10-12,UGL,UGL,0.0,53.73,-0.0045,79174000.0,0.0,0.0,0.1667,2699000.0,-529000.0,BALANCED,14.1672
2023-10-13,UGL,UGL,0.0,57.07,0.0622,79174000.0,0.0,0.0,0.0976,2699000.0,-529000.0,BALANCED,12.4394
2023-10-16,UGL,UGL,0.0,56.66,-0.0072,79174000.0,0.0,0.0,0.0976,2699000.0,-529000.0,BALANCED,12.4394
2023-10-17,UGL,UGL,-2837000.0,56.75,0.0015,76337000.0,0.0,-2837000.0,-2.1062,-138000.0,-3366000.0,DISTRIBUTION,-64.6542
2023-10-18,UGL,UGL,0.0,58.66,0.0338,76337000.0,0.0,0.0,0.1653,-2837000.0,-436000.0,BALANCED,-5.8687
2023-10-19,UGL,UGL,0.0,59.4,0.0125,76337000.0,0.0,0.0,0.1653,-2837000.0,2412000.0,BALANCED,-5.8687
2023-10-20,UGL,UGL,0.0,60.23,0.0141,76337000.0,0.0,0.0,0.1653,-2837000.0,2412000.0,BALANCED,-5.8687
2023-10-23,UGL,UGL,0.0,59.85,-0.0064,76337000.0,0.0,0.0,0.1653,-2837000.0,2412000.0,BALANCED,-5.8687
2023-10-24,UGL,UGL,2987000.0,59.75,-0.0017,79324000.0,2987000.0,0.0,2.2445,2987000.0,5399000.0,ACCUMULATION,68.1137
2023-10-25,UGL,UGL,0.0,60.28,0.0089,79324000.0,0.0,0.0,0.0099,2987000.0,5399000.0,BALANCED,10.2469
2023-10-26,UGL,UGL,0.0,60.44,0.0026,79324000.0,0.0,0.0,0.0099,2987000.0,5399000.0,BALANCED,10.2469
2023-10-27,UGL,UGL,0.0,60.51,0.0012,79324000.0,0.0,0.0,0.0099,2987000.0,5399000.0,BALANCED,10.2469
2023-10-30,UGL,UGL,0.0,60.95,0.0073,79324000.0,0.0,0.0,0.0099,2987000.0,5399000.0,BALANCED,10.2469
2023-10-31,UGL,UGL,0.0,60.26,-0.0112,79324000.0,0.0,0.0,0.0099,0.0,5399000.0,BALANCED,0.2469
2023-11-01,UGL,UGL,2993000.0,59.86,-0.0068,82317000.0,2993000.0,0.0,2.2105,2993000.0,5842000.0,ACCUMULATION,67.2628
2023-11-02,UGL,UGL,0.0,60.22,0.0061,82317000.0,0.0,0.0,-0.2464,2993000.0,5842000.0,BALANCED,3.8393
2023-11-03,UGL,UGL,-3029000.0,60.57,0.0058,79288000.0,0.0,-3029000.0,-2.4951,-36000.0,2813000.0,DISTRIBUTION,-74.3776
2023-11-06,UGL,UGL,0.0,59.94,-0.0104,79288000.0,0.0,0.0,-0.1391,-36000.0,2813000.0,BALANCED,-13.4763
2023-11-07,UGL,UGL,2952000.0,59.04,-0.0151,82240000.0,2952000.0,0.0,1.937,2916000.0,5765000.0,ACCUMULATION,60.4252
2023-11-08,UGL,UGL,2905000.0,58.1,-0.0158,85145000.0,2905000.0,0.0,1.7331,2828000.0,5971000.0,ACCUMULATION,57.328
2023-11-09,UGL,UGL,0.0,58.81,0.0122,85145000.0,0.0,0.0,-0.2561,2828000.0,5971000.0,BALANCED,3.5975
2023-11-10,UGL,UGL,0.0,56.91,-0.0324,85145000.0,0.0,0.0,-0.2561,5857000.0,5971000.0,BALANCED,3.5975
2023-11-13,UGL,UGL,0.0,57.65,0.0131,85145000.0,0.0,0.0,-0.2561,5857000.0,5971000.0,BALANCED,3.5975
2023-11-14,UGL,UGL,-2930000.0,58.6,0.0166,82215000.0,0.0,-2930000.0,-2.0301,-25000.0,5878000.0,DISTRIBUTION,-62.7533
2023-11-15,UGL,UGL,0.0,58.48,-0.002,82215000.0,0.0,0.0,-0.1259,-2930000.0,5878000.0,BALANCED,-13.1463
2023-11-16,UGL,UGL,0.0,59.86,0.0235,82215000.0,0.0,0.0,-0.1259,-2930000.0,5878000.0,BALANCED,-13.1463
2023-11-17,UGL,UGL,0.0,59.7,-0.0026,82215000.0,0.0,0.0,-0.1259,-2930000.0,5878000.0,BALANCED,-13.1463
2023-11-20,UGL,UGL,0.0,59.45,-0.0041,82215000.0,0.0,0.0,-0.1259,-2930000.0,5878000.0,BALANCED,-13.1463
2023-11-21,UGL,UGL,0.0,60.73,0.0215,82215000.0,0.0,0.0,-0.1259,0.0,2891000.0,BALANCED,-3.1463
2023-11-22,UGL,UGL,-3011000.0,60.22,-0.0084,79204000.0,0.0,-3011000.0,-1.94,-3011000.0,-120000.0,DISTRIBUTION,-60.4988
2023-11-24,UGL,UGL,0.0,60.85,0.0104,79204000.0,0.0,0.0,-0.0006,-3011000.0,-120000.0,BALANCED,-10.0161
2023-11-27,UGL,UGL,0.0,61.43,0.0096,79204000.0,0.0,0.0,-0.0006,-3011000.0,-120000.0,BALANCED,-10.0161
2023-11-28,UGL,UGL,0.0,63.08,0.0268,79204000.0,0.0,0.0,-0.0006,-3011000.0,-120000.0,BALANCED,-10.0161
2023-11-29,UGL,UGL,0.0,63.51,0.0068,79204000.0,0.0,0.0,-0.0656,-3011000.0,-120000.0,BALANCED,-11.6395
2023-11-30,UGL,UGL,0.0,62.9,-0.0095,79204000.0,0.0,0.0,-0.0656,0.0,-3113000.0,BALANCED,-1.6395
2023-12-01,UGL,UGL,0.0,64.9,0.0317,79204000.0,0.0,0.0,-0.0656,0.0,-3113000.0,BALANCED,-1.6395
2023-12-04,UGL,UGL,3098000.0,61.96,-0.0452,82302000.0,3098000.0,0.0,1.8624,3098000.0,3014000.0,ACCUMULATION,58.5612
2023-12-05,UGL,UGL,0.0,61.61,-0.0057,82302000.0,0.0,0.0,-0.1277,3098000.0,3014000.0,BALANCED,6.8067
2023-12-06,UGL,UGL,0.0,62.31,0.0115,82302000.0,0.0,0.0,-0.0678,3098000.0,62000.0,BALANCED,8.306
2023-12-07,UGL,UGL,0.0,62.23,-0.0014,82302000.0,0.0,0.0,-0.0678,3098000.0,-2843000.0,BALANCED,8.306
2023-12-08,UGL,UGL,0.0,60.29,-0.0311,82302000.0,0.0,0.0,-0.0678,3098000.0,-2843000.0,BALANCED,8.306
2023-12-11,UGL,UGL,0.0,59.06,-0.0204,82302000.0,0.0,0.0,-0.0678,0.0,-2843000.0,BALANCED,-1.694
2023-12-12,UGL,UGL,2952000.0,59.04,-0.0004,85254000.0,2952000.0,0.0,1.7719,2952000.0,109000.0,ACCUMULATION,56.2963
2023-12-13,UGL,UGL,-5929000.0,59.29,0.0042,79325000.0,0.0,-5929000.0,-3.0953,-2977000.0,-2890000.0,DISTRIBUTION,-89.3834
2023-12-14,UGL,UGL,0.0,62.12,0.0478,79325000.0,0.0,0.0,0.0545,-2977000.0,-2890000.0,BALANCED,-8.6377
2023-12-15,UGL,UGL,0.0,61.56,-0.0089,79325000.0,0.0,0.0,0.0545,-2977000.0,-2890000.0,BALANCED,-8.6377
2023-12-18,UGL,UGL,0.0,61.87,0.005,79325000.0,0.0,0.0,-0.0007,-2977000.0,-2890000.0,BALANCED,-10.0177
2023-12-19,UGL,UGL,0.0,62.58,0.0115,79325000.0,0.0,0.0,-0.0007,-5929000.0,-2890000.0,BALANCED,-10.0177
2023-12-20,UGL,UGL,0.0,62.31,-0.0042,79325000.0,0.0,0.0,0.0588,0.0,-2890000.0,BALANCED,1.4693
2023-12-21,UGL,UGL,0.0,62.54,0.0036,79325000.0,0.0,0.0,0.1249,0.0,121000.0,BALANCED,3.122
2023-12-22,UGL,UGL,6363000.0,63.63,0.0174,85688000.0,6363000.0,0.0,3.2345,6363000.0,6484000.0,ACCUMULATION,92.8618
2023-12-26,UGL,UGL,0.0,63.69,0.001,85688000.0,0.0,0.0,-0.0092,6363000.0,6484000.0,BALANCED,9.7693
2023-12-27,UGL,UGL,0.0,65.13,0.0226,85688000.0,0.0,0.0,-0.0092,6363000.0,6484000.0,BALANCED,9.7693
2023-12-28,UGL,UGL,0.0,64.54,-0.0091,85688000.0,0.0,0.0,-0.0615,6363000.0,6484000.0,BALANCED,8.4614
2023-12-29,UGL,UGL,0.0,63.83,-0.011,85688000.0,0.0,0.0,-0.0615,6363000.0,6484000.0,BALANCED,8.4614
2024-01-02,UGL,UGL,0.0,63.94,0.0017,85688000.0,0.0,0.0,-0.0615,0.0,6484000.0,BALANCED,-1.5386
2024-01-03,UGL,UGL,0.0,62.06,-0.0294,85688000.0,0.0,0.0,-0.0615,0.0,3386000.0,BALANCED,-1.5386
2024-01-04,UGL,UGL,-3125000.0,62.5,0.0072,82563000.0,0.0,-3125000.0,-1.5905,-3125000.0,261000.0,DISTRIBUTION,-51.7632
2024-01-05,UGL,UGL,3125000.0,62.49,-0.0001,85688000.0,3125000.0,0.0,1.4663,0.0,3386000.0,BALANCED,38.6566
2024-01-08,UGL,UGL,0.0,61.52,-0.0157,85688000.0,0.0,0.0,-0.1099,0.0,3386000.0,BALANCED,-2.7485
2024-01-09,UGL,UGL,0.0,61.49,-0.0004,85688000.0,0.0,0.0,-0.1099,0.0,3386000.0,BALANCED,-2.7485
2024-01-10,UGL,UGL,0.0,61.18,-0.005,85688000.0,0.0,0.0,-0.1099,0.0,3386000.0,BALANCED,-2.7485
2024-01-11,UGL,UGL,-3033000.0,60.66,-0.0085,82655000.0,0.0,-3033000.0,-1.533,92000.0,-2599000.0,DISTRIBUTION,-30.3257
2024-01-12,UGL,UGL,0.0,62.6,0.0319,82655000.0,0.0,0.0,-0.056,-3033000.0,3330000.0,BALANCED,-11.4005
2024-01-16,UGL,UGL,0.0,61.32,-0.0204,82655000.0,0.0,0.0,-0.056,-3033000.0,3330000.0,BALANCED,-11.4005
2024-01-17,UGL,UGL,0.0,59.9,-0.0232,82655000.0,0.0,0.0,-0.056,-3033000.0,3330000.0,BALANCED,-11.4005
2024-01-18,UGL,UGL,0.0,60.8,0.015,82655000.0,0.0,0.0,-0.006,-3033000.0,3330000.0,BALANCED,-10.149
2024-01-19,UGL,UGL,0.0,61.25,0.0074,82655000.0,0.0,0.0,-0.006,0.0,3330000.0,BALANCED,-0.149
2024-01-22,UGL,UGL,0.0,60.85,-0.0066,82655000.0,0.0,0.0,-0.006,0.0,3330000.0,BALANCED,-0.149
2024-01-23,UGL,UGL,-3053000.0,61.07,0.0036,79602000.0,0.0,-3053000.0,-1.4436,-3053000.0,277000.0,BALANCED,-48.0911
2024-01-24,UGL,UGL,0.0,60.48,-0.0097,79602000.0,0.0,0.0,0.0439,-3053000.0,-6086000.0,BALANCED,-8.9037
2024-01-25,UGL,UGL,-3029000.0,60.58,0.0017,76573000.0,0.0,-3029000.0,-1.3379,-6082000.0,-9115000.0,BALANCED,-45.4482
2024-01-26,UGL,UGL,0.0,60.54,-0.0006,76573000.0,0.0,0.0,0.142,-6082000.0,-9115000.0,BALANCED,-6.449
2024-01-29,UGL,UGL,0.0,61.06,0.0086,76573000.0,0.0,0.0,0.0528,-6082000.0,-9115000.0,BALANCED,-8.6794
2024-01-30,UGL,UGL,0.0,61.44,0.0062,76573000.0,0.0,0.0,0.0528,-3029000.0,-9115000.0,BALANCED,-8.6794
2024-01-31,UGL,UGL,0.0,62.43,0.0162,76573000.0,0.0,0.0,0.0528,-3029000.0,-9115000.0,BALANCED,-8.6794
2024-02-01,UGL,UGL,0.0,62.66,0.0037,76573000.0,0.0,0.0,0.0528,0.0,-9115000.0,BALANCED,1.3206
2024-02-02,UGL,UGL,0.0,61.62,-0.0167,76573000.0,0.0,0.0,0.0528,0.0,-5990000.0,BALANCED,1.3206
2024-02-05,UGL,UGL,0.0,60.98,-0.0103,76573000.0,0.0,0.0,0.0528,0.0,-9115000.0,BALANCED,1.3206
2024-02-06,UGL,UGL,0.0,61.49,0.0084,76573000.0,0.0,0.0,0.0528,0.0,-9115000.0,BALANCED,1.3206
2024-02-07,UGL,UGL,0.0,61.52,0.0004,76573000.0,0.0,0.0,0.2454,0.0,-9115000.0,BALANCED,6.1349
2024-02-08,UGL,UGL,0.0,61.29,-0.0036,76573000.0,0.0,0.0,0.2454,0.0,-9115000.0,BALANCED,6.1349
2024-02-09,UGL,UGL,0.0,60.75,-0.0089,76573000.0,0.0,0.0,0.2454,0.0,-6082000.0,BALANCED,6.1349
2024-02-12,UGL,UGL,3021000.0,60.42,-0.0053,79594000.0,3021000.0,0.0,2.3387,3021000.0,-3061000.0,ACCUMULATION,70.4681
2024-02-13,UGL,UGL,0.0,58.9,-0.0253,79594000.0,0.0,0.0,0.1473,3021000.0,-3061000.0,BALANCED,13.6837
2024-02-14,UGL,UGL,2937000.0,58.73,-0.0028,82531000.0,2937000.0,0.0,2.0376,5958000.0,-124000.0,ACCUMULATION,62.9401
2024-02-15,UGL,UGL,-5936000.0,59.36,0.0107,76595000.0,0.0,-5936000.0,-3.0727,22000.0,-6060000.0,DISTRIBUTION,-68.8177
2024-02-16,UGL,UGL,0.0,59.9,0.0092,76595000.0,0.0,0.0,0.1134,22000.0,-6060000.0,BALANCED,12.8347
2024-02-20,UGL,UGL,0.0,60.85,0.0158,76595000.0,0.0,0.0,0.1849,-2999000.0,-6060000.0,BALANCED,-5.3775
2024-02-21,UGL,UGL,-3026000.0,60.53,-0.0053,73569000.0,0.0,-3026000.0,-1.532,-6025000.0,-6033000.0,DISTRIBUTION,-50.301
2024-02-22,UGL,UGL,0.0,60.32,-0.0034,73569000.0,0.0,0.0,0.236,-8962000.0,-6033000.0,BALANCED,-4.0991
2024-02-23,UGL,UGL,0.0,61.44,0.0185,73569000.0,0.0,0.0,0.236,-3026000.0,-3004000.0,BALANCED,-4.0991
2024-02-26,UGL,UGL,0.0,60.82,-0.01,73569000.0,0.0,0.0,0.1848,-3026000.0,-3004000.0,BALANCED,-5.3799
2024-02-27,UGL,UGL,-3057000.0,61.14,0.0052,70512000.0,0.0,-3057000.0,-1.5485,-6083000.0,-6061000.0,DISTRIBUTION,-50.7133
2024-02-28,UGL,UGL,3053000.0,61.06,-0.0013,73565000.0,3053000.0,0.0,1.8392,-4000.0,-3008000.0,ACCUMULATION,37.9811
2024-02-29,UGL,UGL,0.0,61.78,0.0118,73565000.0,0.0,0.0,0.1661,-4000.0,-3008000.0,BALANCED,-5.8486
2024-03-01,UGL,UGL,0.0,64.25,0.04,73565000.0,0.0,0.0,0.1661,-4000.0,-3008000.0,BALANCED,-5.8486
2024-03-04,UGL,UGL,0.0,66.14,0.0294,73565000.0,0.0,0.0,0.1661,-4000.0,-3008000.0,BALANCED,-5.8486
2024-03-05,UGL,UGL,3356000.0,67.12,0.0147,76921000.0,3356000.0,0.0,1.8257,6409000.0,348000.0,ACCUMULATION,57.6417
2024-03-06,UGL,UGL,3407000.0,68.14,0.0153,80328000.0,3407000.0,0.0,1.7149,6763000.0,3755000.0,ACCUMULATION,56.8732
2024-03-07,UGL,UGL,3430000.0,68.59,0.0065,83758000.0,3430000.0,0.0,1.5915,10193000.0,7185000.0,ACCUMULATION,55.7867
2024-03-08,UGL,UGL,0.0,69.88,0.0188,83758000.0,0.0,0.0,-0.1209,10193000.0,7185000.0,BALANCED,6.9765
2024-03-11,UGL,UGL,0.0,70.11,0.0033,83758000.0,0.0,0.0,-0.1209,10193000.0,7185000.0,BALANCED,6.9765
2024-03-12,UGL,UGL,0.0,68.69,-0.0203,83758000.0,0.0,0.0,-0.1209,6837000.0,4164000.0,BALANCED,6.9765
2024-03-13,UGL,UGL,0.0,69.62,0.0136,83758000.0,0.0,0.0,-0.1209,3430000.0,4164000.0,BALANCED,6.9765
2024-03-14,UGL,UGL,0.0,68.79,-0.012,83758000.0,0.0,0.0,-0.1209,0.0,1227000.0,BALANCED,-3.0235
2024-03-15,UGL,UGL,-3421000.0,68.42,-0.0054,80337000.0,0.0,-3421000.0,-1.6969,-3421000.0,3742000.0,DISTRIBUTION,-54.4214
2024-03-18,UGL,UGL,0.0,68.61,0.0028,80337000.0,0.0,0.0,-0.06,-3421000.0,3742000.0,BALANCED,-11.5008
2024-03-19,UGL,UGL,0.0,68.32,-0.0042,80337000.0,0.0,0.0,-0.06,-3421000.0,3742000.0,BALANCED,-11.5008
2024-03-20,UGL,UGL,0.0,68.4,0.0012,80337000.0,0.0,0.0,-0.06,-3421000.0,6768000.0,BALANCED,-11.5008
2024-03-21,UGL,UGL,0.0,69.92,0.0222,80337000.0,0.0,0.0,-0.06,-3421000.0,6768000.0,BALANCED,-11.5008
2024-03-22,UGL,UGL,3417000.0,68.35,-0.0225,83754000.0,3417000.0,0.0,1.4614,3417000.0,10185000.0,BALANCED,48.5354
2024-03-25,UGL,UGL,0.0,69.4,0.0155,83754000.0,0.0,0.0,-0.1101,3417000.0,10185000.0,BALANCED,7.2478
2024-03-26,UGL,UGL,0.0,69.47,0.001,83754000.0,0.0,0.0,-0.0657,3417000.0,13242000.0,BALANCED,8.3571
2024-03-27,UGL,UGL,0.0,70.33,0.0124,83754000.0,0.0,0.0,-0.0657,3417000.0,10189000.0,BALANCED,8.3571
2024-03-28,UGL,UGL,0.0,71.99,0.0236,83754000.0,0.0,0.0,-0.02,3417000.0,10189000.0,BALANCED,9.5011
2024-04-01,UGL,UGL,3660000.0,73.2,0.0168,87414000.0,3660000.0,0.0,1.8198,3660000.0,13849000.0,ACCUMULATION,57.4938
2024-04-02,UGL,UGL,0.0,74.81,0.022,87414000.0,0.0,0.0,-0.1989,3660000.0,13849000.0,BALANCED,5.0274
2024-04-03,UGL,UGL,0.0,76.99,0.0292,87414000.0,0.0,0.0,-0.1989,3660000.0,10493000.0,BALANCED,5.0274
2024-04-04,UGL,UGL,0.0,76.56,-0.0055,87414000.0,0.0,0.0,-0.2717,3660000.0,7086000.0,BALANCED,3.2082
2024-04-05,UGL,UGL,3951000.0,79.02,0.0321,91365000.0,3951000.0,0.0,1.8539,7611000.0,7607000.0,ACCUMULATION,58.3485
2024-04-08,UGL,UGL,0.0,79.41,0.005,91365000.0,0.0,0.0,-0.3275,3951000.0,7607000.0,BALANCED,1.8119
2024-04-09,UGL,UGL,0.0,80.19,0.0098,91365000.0,0.0,0.0,-0.3275,3951000.0,7607000.0,BALANCED,1.8119
2024-04-10,UGL,UGL,0.0,79.25,-0.0118,91365000.0,0.0,0.0,-0.4138,3951000.0,7607000.0,BALANCED,-0.344
2024-04-11,UGL,UGL,0.0,80.9,0.0208,91365000.0,0.0,0.0,-0.3654,3951000.0,7607000.0,BALANCED,0.8647
2024-04-12,UGL,UGL,0.0,81.0,0.0013,91365000.0,0.0,0.0,-0.3654,0.0,7607000.0,BALANCED,-9.1353
2024-04-15,UGL,UGL,0.0,81.63,0.0078,91365000.0,0.0,0.0,-0.3654,0.0,11028000.0,BALANCED,-9.1353
2024-04-16,UGL,UGL,0.0,83.33,0.0209,91365000.0,0.0,0.0,-0.3654,0.0,11028000.0,BALANCED,-9.1353
2024-04-17,UGL,UGL,0.0,82.0,-0.0161,91365000.0,0.0,0.0,-0.3126,0.0,11028000.0,BALANCED,-7.8145
2024-04-18,UGL,UGL,0.0,82.66,0.0081,91365000.0,0.0,0.0,-0.2556,0.0,11028000.0,BALANCED,-6.3895
2024-04-19,UGL,UGL,0.0,83.76,0.0133,91365000.0,0.0,0.0,-0.1922,0.0,11028000.0,BALANCED,-4.8059
2024-04-22,UGL,UGL,0.0,79.1,-0.0556,91365000.0,0.0,0.0,-0.1922,0.0,7611000.0,BALANCED,-4.8059
2024-04-23,UGL,UGL,0.0,78.82,-0.0036,91365000.0,0.0,0.0,-0.1922,0.0,7611000.0,BALANCED,-4.8059
2024-04-24,UGL,UGL,-7858000.0,78.58,-0.0031,83507000.0,0.0,-7858000.0,-3.9568,-7858000.0,-247000.0,DISTRIBUTION,-100.0
2024-04-25,UGL,UGL,0.0,78.87,0.0036,83507000.0,0.0,0.0,0.0042,-7858000.0,-247000.0,BALANCED,-9.8946
2024-04-26,UGL,UGL,0.0,79.19,0.0041,83507000.0,0.0,0.0,0.0042,-7858000.0,-247000.0,BALANCED,-9.8946
2024-04-29,UGL,UGL,0.0,79.92,0.0092,83507000.0,0.0,0.0,-0.0563,-7858000.0,-3907000.0,BALANCED,-11.4079
2024-04-30,UGL,UGL,0.0,76.22,-0.0464,83507000.0,0.0,0.0,-0.0563,-7858000.0,-3907000.0,BALANCED,-11.4079
2024-05-01,UGL,UGL,0.0,76.76,0.0071,83507000.0,0.0,0.0,-0.0563,0.0,-3907000.0,BALANCED,-1.4079
2024-05-02,UGL,UGL,0.0,76.67,-0.0011,83507000.0,0.0,0.0,-0.0563,0.0,-3907000.0,BALANCED,-1.4079
2024-05-03,UGL,UGL,3831000.0,76.62,-0.0008,87338000.0,3831000.0,0.0,1.8029,3831000.0,-4027000.0,ACCUMULATION,57.073
2024-05-06,UGL,UGL,0.0,78.14,0.0199,87338000.0,0.0,0.0,-0.0628,3831000.0,-4027000.0,BALANCED,8.4304
2024-05-07,UGL,UGL,-3884000.0,77.68,-0.0059,83454000.0,0.0,-3884000.0,-1.9004,-53000.0,-7911000.0,DISTRIBUTION,-59.5096
2024-05-08,UGL,UGL,-3878000.0,77.56,-0.0015,79576000.0,0.0,-3878000.0,-1.733,-3931000.0,-11789000.0,DISTRIBUTION,-57.3251
2024-05-09,UGL,UGL,0.0,78.76,0.0155,79576000.0,0.0,0.0,0.0646,-3931000.0,-11789000.0,BALANCED,-8.3862
2024-05-10,UGL,UGL,0.0,81.1,0.0297,79576000.0,0.0,0.0,0.0646,-7762000.0,-11789000.0,BALANCED,-8.3862
2024-05-13,UGL,UGL,3948000.0,78.95,-0.0265,83524000.0,3948000.0,0.0,1.8744,-3814000.0,-7841000.0,ACCUMULATION,38.8606
2024-05-14,UGL,UGL,0.0,80.08,0.0143,83524000.0,0.0,0.0,0.0596,70000.0,-7841000.0,BALANCED,11.4901
2024-05-15,UGL,UGL,0.0,82.45,0.0296,83524000.0,0.0,0.0,0.0596,3948000.0,-7841000.0,BALANCED,11.4901
2024-05-16,UGL,UGL,0.0,81.82,-0.0076,83524000.0,0.0,0.0,0.0596,3948000.0,-7841000.0,BALANCED,11.4901
2024-05-17,UGL,UGL,0.0,84.01,0.0268,83524000.0,0.0,0.0,0.1284,3948000.0,-7841000.0,BALANCED,13.211
2024-05-20,UGL,UGL,0.0,85.5,0.0177,83524000.0,0.0,0.0,0.1284,0.0,-7841000.0,BALANCED,3.211
2024-05-21,UGL,UGL,0.0,84.63,-0.0101,83524000.0,0.0,0.0,0.1284,0.0,-7841000.0,BALANCED,3.211
2024-05-22,UGL,UGL,-4117000.0,82.33,-0.0272,79407000.0,0.0,-4117000.0,-1.7278,-4117000.0,-4100000.0,DISTRIBUTION,-55.1943
2024-05-23,UGL,UGL,0.0,78.52,-0.0463,79407000.0,0.0,0.0,0.1852,-4117000.0,-4100000.0,BALANCED,-5.3697
2024-05-24,UGL,UGL,0.0,78.34,-0.0023,79407000.0,0.0,0.0,0.1852,-4117000.0,-4100000.0,BALANCED,-5.3697
2024-05-28,UGL,UGL,0.0,79.86,0.0194,79407000.0,0.0,0.0,0.1852,-4117000.0,-4100000.0,BALANCED,-5.3697
2024-05-29,UGL,UGL,0.0,78.85,-0.0127,79407000.0,0.0,0.0,0.1852,-4117000.0,-4100000.0,BALANCED,-5.3697
2024-05-30,UGL,UGL,0.0,79.02,0.0021,79407000.0,0.0,0.0,0.1852,0.0,-4100000.0,BALANCED,4.6303
2024-05-31,UGL,UGL,0.0,77.65,-0.0174,79407000.0,0.0,0.0,0.1852,0.0,-4100000.0,BALANCED,4.6303
2024-06-03,UGL,UGL,3961000.0,79.23,0.0204,83368000.0,3961000.0,0.0,1.8427,3961000.0,-3970000.0,ACCUMULATION,58.0671
2024-06-04,UGL,UGL,-7777000.0,77.77,-0.0184,75591000.0,0.0,-7777000.0,-2.7143,-3816000.0,-11747000.0,DISTRIBUTION,-79.8583
2024-06-05,UGL,UGL,0.0,79.65,0.0241,75591000.0,0.0,0.0,0.1968,-3816000.0,-7863000.0,BALANCED,-5.0795
2024-06-06,UGL,UGL,0.0,80.69,0.0131,75591000.0,0.0,0.0,0.1155,-3816000.0,-3985000.0,BALANCED,-7.1131
2024-06-07,UGL,UGL,0.0,76.25,-0.055,75591000.0,0.0,0.0,0.1155,-3816000.0,-3985000.0,BALANCED,-7.1131
2024-06-10,UGL,UGL,0.0,76.4,0.0021,75591000.0,0.0,0.0,0.1155,-7777000.0,-3985000.0,BALANCED,-7.1131
2024-06-11,UGL,UGL,0.0,76.39,-0.0002,75591000.0,0.0,0.0,0.1155,0.0,-7933000.0,BALANCED,2.8869
2024-06-12,UGL,UGL,0.0,78.25,0.0244,75591000.0,0.0,0.0,0.1155,0.0,-7933000.0,BALANCED,2.8869
2024-06-13,UGL,UGL,0.0,75.81,-0.0311,75591000.0,0.0,0.0,0.1155,0.0,-7933000.0,BALANCED,2.8869
2024-06-14,UGL,UGL,0.0,77.85,0.027,75591000.0,0.0,0.0,0.1155,0.0,-7933000.0,BALANCED,2.8869
2024-06-17,UGL,UGL,-3827000.0,76.55,-0.0168,71764000.0,0.0,-3827000.0,-1.4773,-3827000.0,-11760000.0,BALANCED,-48.9331
2024-06-18,UGL,UGL,0.0,77.73,0.0155,71764000.0,0.0,0.0,0.2318,-3827000.0,-11760000.0,BALANCED,-4.2038
2024-06-20,UGL,UGL,0.0,79.21,0.019,71764000.0,0.0,0.0,0.1814,-3827000.0,-11760000.0,BALANCED,-5.4654
2024-06-21,UGL,UGL,0.0,76.69,-0.0318,71764000.0,0.0,0.0,0.1273,-3827000.0,-7643000.0,BALANCED,-6.8172
2024-06-24,UGL,UGL,0.0,77.59,0.0116,71764000.0,0.0,0.0,0.1273,-3827000.0,-7643000.0,BALANCED,-6.8172
2024-06-25,UGL,UGL,0.0,76.69,-0.0115,71764000.0,0.0,0.0,0.1273,0.0,-7643000.0,BALANCED,3.1828
2024-06-26,UGL,UGL,0.0,75.54,-0.015,71764000.0,0.0,0.0,0.2078,0.0,-7643000.0,BALANCED,5.1961
2024-06-27,UGL,UGL,0.0,77.08,0.0203,71764000.0,0.0,0.0,0.2078,0.0,-7643000.0,BALANCED,5.1961
2024-06-28,UGL,UGL,0.0,77.31,0.0029,71764000.0,0.0,0.0,0.2078,0.0,-7643000.0,BALANCED,5.1961
2024-07-01,UGL,UGL,0.0,77.27,-0.0005,71764000.0,0.0,0.0,0.2078,0.0,-7643000.0,BALANCED,5.1961
2024-07-02,UGL,UGL,-3846000.0,76.91,-0.0046,67918000.0,0.0,-3846000.0,-1.6742,-3846000.0,-15450000.0,DISTRIBUTION,-53.8548
2024-07-03,UGL,UGL,0.0,79.29,0.0309,67918000.0,0.0,0.0,0.2619,-3846000.0,-7673000.0,BALANCED,-3.4533
2024-07-05,UGL,UGL,0.0,81.2,0.0241,67918000.0,0.0,0.0,0.2619,-3846000.0,-7673000.0,BALANCED,-3.4533
2024-07-08,UGL,UGL,3946000.0,78.91,-0.0282,71864000.0,3946000.0,0.0,2.0696,100000.0,-3727000.0,ACCUMULATION,63.7408
2024-07-09,UGL,UGL,0.0,79.21,0.0037,71864000.0,0.0,0.0,0.124,100000.0,-3727000.0,BALANCED,13.0994
2024-07-10,UGL,UGL,0.0,80.0,0.0101,71864000.0,0.0,0.0,0.124,3946000.0,-3727000.0,BALANCED,13.0994
2024-07-11,UGL,UGL,0.0,82.83,0.0354,71864000.0,0.0,0.0,0.124,3946000.0,-3727000.0,BALANCED,13.0994
2024-07-12,UGL,UGL,4139000.0,82.78,-0.0007,76003000.0,4139000.0,0.0,1.9499,8085000.0,412000.0,ACCUMULATION,60.7482
2024-07-15,UGL,UGL,25008000.0,83.36,0.007,101011000.0,25008000.0,0.0,4.7818,29147000.0,25420000.0,ACCUMULATION,100.0
2024-07-16,UGL,UGL,0.0,86.02,0.0319,101011000.0,0.0,0.0,-0.1418,29147000.0,25420000.0,BALANCED,6.4555
2024-07-17,UGL,UGL,0.0,85.5,-0.006,101011000.0,0.0,0.0,-0.1166,29147000.0,29247000.0,BALANCED,7.0848
2024-07-18,UGL,UGL,0.0,85.27,-0.0028,101011000.0,0.0,0.0,-0.1768,29147000.0,29247000.0,BALANCED,5.5797
2024-07-19,UGL,UGL,0.0,81.29,-0.0467,101011000.0,0.0,0.0,-0.1768,25008000.0,29247000.0,BALANCED,5.5797
2024-07-22,UGL,UGL,0.0,81.0,-0.0035,101011000.0,0.0,0.0,-0.1768,0.0,29247000.0,BALANCED,-4.4203
2024-07-23,UGL,UGL,-4094000.0,81.88,0.0108,96917000.0,0.0,-4094000.0,-0.9857,-4094000.0,25153000.0,BALANCED,-36.6415
2024-07-24,UGL,UGL,0.0,82.47,0.0073,96917000.0,0.0,0.0,-0.1458,-4094000.0,25153000.0,BALANCED,-13.6456
2024-07-25,UGL,UGL,0.0,78.19,-0.0519,96917000.0,0.0,0.0,-0.1458,-4094000.0,25153000.0,BALANCED,-13.6456
2024-07-26,UGL,UGL,0.0,80.02,0.0234,96917000.0,0.0,0.0,-0.1458,-4094000.0,25153000.0,BALANCED,-13.6456
2024-07-29,UGL,UGL,0.0,79.89,-0.0017,96917000.0,0.0,0.0,-0.1458,-4094000.0,25153000.0,BALANCED,-13.6456
2024-07-30,UGL,UGL,0.0,81.64,0.0219,96917000.0,0.0,0.0,-0.1458,0.0,25153000.0,BALANCED,-3.6456
2024-07-31,UGL,UGL,0.0,83.06,0.0173,96917000.0,0.0,0.0,-0.1746,0.0,28999000.0,BALANCED,-4.3655
2024-08-01,UGL,UGL,-4179000.0,83.59,0.0064,92738000.0,0.0,-4179000.0,-0.9983,-4179000.0,24820000.0,BALANCED,-36.9573
2024-08-02,UGL,UGL,0.0,82.86,-0.0088,92738000.0,0.0,0.0,-0.1431,-4179000.0,24820000.0,BALANCED,-13.5769
2024-08-05,UGL,UGL,0.0,81.18,-0.0202,92738000.0,0.0,0.0,-0.1431,-4179000.0,20874000.0,BALANCED,-13.5769
2024-08-06,UGL,UGL,0.0,80.34,-0.0104,92738000.0,0.0,0.0,-0.1431,-4179000.0,20874000.0,BALANCED,-13.5769
2024-08-07,UGL,UGL,0.0,80.4,0.0008,92738000.0,0.0,0.0,-0.1431,-4179000.0,20874000.0,BALANCED,-13.5769
2024-08-08,UGL,UGL,-4123000.0,82.45,0.0255,88615000.0,0.0,-4123000.0,-0.9437,-4123000.0,16751000.0,BALANCED,-35.5925
2024-08-09,UGL,UGL,-4157000.0,83.14,0.0083,84458000.0,0.0,-4157000.0,-0.9091,-8280000.0,8455000.0,BALANCED,-36.7285
2024-08-12,UGL,UGL,0.0,85.22,0.025,84458000.0,0.0,0.0,-0.084,-8280000.0,-16553000.0,BALANCED,-12.0998
2024-08-13,UGL,UGL,0.0,85.49,0.0031,84458000.0,0.0,0.0,-0.084,-8280000.0,-16553000.0,BALANCED,-12.0998
2024-08-14,UGL,UGL,0.0,83.58,-0.0223,84458000.0,0.0,0.0,-0.1108,-8280000.0,-16553000.0,BALANCED,-12.7711
2024-08-15,UGL,UGL,0.0,84.44,0.0104,84458000.0,0.0,0.0,-0.1108,-4157000.0,-16553000.0,BALANCED,-12.7711
2024-08-16,UGL,UGL,0.0,87.53,0.0365,84458000.0,0.0,0.0,-0.1108,0.0,-16553000.0,BALANCED,-2.7711
2024-08-19,UGL,UGL,4390000.0,87.79,0.003,88848000.0,4390000.0,0.0,0.7671,4390000.0,-12163000.0,BALANCED,31.1764
2024-08-20,UGL,UGL,0.0,88.45,0.0074,88848000.0,0.0,0.0,-0.1136,4390000.0,-8069000.0,BALANCED,7.1609
2024-08-21,UGL,UGL,0.0,88.24,-0.0023,88848000.0,0.0,0.0,-0.1136,4390000.0,-8069000.0,BALANCED,7.1609
2024-08-22,UGL,UGL,4306000.0,86.12,-0.0241,93154000.0,4306000.0,0.0,0.715,8696000.0,-3763000.0,BALANCED,29.8742
2024-08-23,UGL,UGL,0.0,88.15,0.0236,93154000.0,0.0,0.0,-0.1146,8696000.0,-3763000.0,BALANCED,7.1354
2024-08-26,UGL,UGL,0.0,88.79,0.0073,93154000.0,0.0,0.0,0.1381,4306000.0,-3763000.0,BALANCED,13.4531
2024-08-27,UGL,UGL,0.0,88.64,-0.0017,93154000.0,0.0,0.0,0.1381,4306000.0,-3763000.0,BALANCED,13.4531
2024-08-28,UGL,UGL,0.0,87.6,-0.0117,93154000.0,0.0,0.0,0.1381,4306000.0,-3763000.0,BALANCED,13.4531
2024-08-29,UGL,UGL,0.0,89.17,0.0178,93154000.0,0.0,0.0,0.1381,0.0,416000.0,BALANCED,3.4531
2024-08-30,UGL,UGL,0.0,86.91,-0.0253,93154000.0,0.0,0.0,0.1381,0.0,416000.0,BALANCED,3.4531
2024-09-03,UGL,UGL,0.0,86.62,-0.0033,93154000.0,0.0,0.0,0.1381,0.0,416000.0,BALANCED,3.4531
2024-09-04,UGL,UGL,0.0,86.83,0.0025,93154000.0,0.0,0.0,0.0716,0.0,416000.0,BALANCED,1.7892
2024-09-05,UGL,UGL,0.0,88.01,0.0136,93154000.0,0.0,0.0,0.0716,0.0,416000.0,BALANCED,1.7892
2024-09-06,UGL,UGL,0.0,86.74,-0.0144,93154000.0,0.0,0.0,0.0716,0.0,4539000.0,BALANCED,1.7892
2024-09-09,UGL,UGL,4366000.0,87.32,0.0067,97520000.0,4366000.0,0.0,2.2457,4366000.0,13062000.0,ACCUMULATION,68.1422
2024-09-10,UGL,UGL,0.0,88.05,0.0083,97520000.0,0.0,0.0,-0.0104,4366000.0,13062000.0,BALANCED,9.7403
2024-09-11,UGL,UGL,0.0,88.01,-0.0004,97520000.0,0.0,0.0,-0.0104,4366000.0,13062000.0,BALANCED,9.7403
2024-09-12,UGL,UGL,0.0,90.67,0.0302,97520000.0,0.0,0.0,-0.0104,4366000.0,13062000.0,BALANCED,9.7403
2024-09-13,UGL,UGL,0.0,92.8,0.0234,97520000.0,0.0,0.0,-0.0903,4366000.0,13062000.0,BALANCED,7.7429
2024-09-16,UGL,UGL,27808000.0,92.69,-0.0011,125328000.0,27808000.0,0.0,4.9978,27808000.0,40870000.0,ACCUMULATION,100.0
2024-09-17,UGL,UGL,0.0,91.53,-0.0125,125328000.0,0.0,0.0,-0.2032,27808000.0,36480000.0,BALANCED,4.9206
2024-09-18,UGL,UGL,0.0,91.98,0.0049,125328000.0,0.0,0.0,-0.2032,27808000.0,36480000.0,BALANCED,4.9206
2024-09-19,UGL,UGL,-4656000.0,93.12,0.0124,120672000.0,0.0,-4656000.0,-1.0259,23152000.0,31824000.0,BALANCED,-17.6479
2024-09-20,UGL,UGL,-19076000.0,95.38,0.0243,101596000.0,0.0,-19076000.0,-2.9987,4076000.0,8442000.0,DISTRIBUTION,-68.9678
2024-09-23,UGL,UGL,0.0,95.86,0.005,101596000.0,0.0,0.0,-0.0886,-23732000.0,8442000.0,BALANCED,-12.2147
2024-09-24,UGL,UGL,0.0,97.64,0.0186,101596000.0,0.0,0.0,-0.0886,-23732000.0,8442000.0,BALANCED,-12.2147
2024-09-25,UGL,UGL,0.0,98.21,0.0058,101596000.0,0.0,0.0,-0.0886,-23732000.0,8442000.0,BALANCED,-12.2147
2024-09-26,UGL,UGL,0.0,98.97,0.0077,101596000.0,0.0,0.0,-0.0886,-19076000.0,8442000.0,BALANCED,-12.2147
2024-09-27,UGL,UGL,0.0,97.01,-0.0198,101596000.0,0.0,0.0,-0.0886,0.0,8442000.0,BALANCED,-2.2147
2024-09-30,UGL,UGL,0.0,96.4,-0.0062,101596000.0,0.0,0.0,-0.0886,0.0,8442000.0,BALANCED,-2.2147
2024-10-01,UGL,UGL,-4933000.0,98.65,0.0233,96663000.0,0.0,-4933000.0,-0.8011,-4933000.0,3509000.0,BALANCED,-32.0281
2024-10-02,UGL,UGL,0.0,97.15,-0.0152,96663000.0,0.0,0.0,-0.0402,-4933000.0,3509000.0,BALANCED,-11.0046
2024-10-03,UGL,UGL,0.0,97.85,0.0072,96663000.0,0.0,0.0,-0.0402,-4933000.0,3509000.0,BALANCED,-11.0046
2024-10-04,UGL,UGL,-4851000.0,97.03,-0.0084,91812000.0,0.0,-4851000.0,-0.7393,-9784000.0,-1342000.0,BALANCED,-30.4821
2024-10-07,UGL,UGL,4846000.0,96.92,-0.0011,96658000.0,4846000.0,0.0,0.7207,-4938000.0,-862000.0,BALANCED,10.0165
2024-10-08,UGL,UGL,0.0,94.71,-0.0229,96658000.0,0.0,0.0,-0.0178,-5000.0,-862000.0,BALANCED,-10.445
2024-10-09,UGL,UGL,0.0,94.04,-0.007,96658000.0,0.0,0.0,-0.0178,-5000.0,-862000.0,BALANCED,-10.445
2024-10-10,UGL,UGL,0.0,95.0,0.0102,96658000.0,0.0,0.0,-0.0178,-5000.0,-862000.0,BALANCED,-10.445
2024-10-11,UGL,UGL,0.0,97.67,0.0281,96658000.0,0.0,0.0,-0.0178,4846000.0,-862000.0,BALANCED,9.555
2024-10-14,UGL,UGL,4846000.0,96.92,-0.0077,101504000.0,4846000.0,0.0,0.6901,4846000.0,-23824000.0,BALANCED,29.2527
2024-10-15,UGL,UGL,0.0,97.9,0.0101,101504000.0,0.0,0.0,-0.0421,4846000.0,-23824000.0,BALANCED,8.9487
2024-10-16,UGL,UGL,0.0,98.81,0.0094,101504000.0,0.0,0.0,-0.0421,4846000.0,-23824000.0,BALANCED,8.9487
2024-10-17,UGL,UGL,0.0,100.01,0.0121,101504000.0,0.0,0.0,-0.0421,4846000.0,-19168000.0,BALANCED,8.9487
2024-10-18,UGL,UGL,5084000.0,101.68,0.0167,106588000.0,5084000.0,0.0,0.6944,9930000.0,4992000.0,BALANCED,29.3609
2024-10-21,UGL,UGL,10237000.0,102.37,0.0068,116825000.0,10237000.0,0.0,1.3948,15321000.0,15229000.0,BALANCED,48.8701
2024-10-22,UGL,UGL,-5197000.0,103.95,0.0154,111628000.0,0.0,-5197000.0,-0.8143,10124000.0,10032000.0,BALANCED,-12.3573
2024-10-23,UGL,UGL,5083000.0,101.67,-0.0219,116711000.0,5083000.0,0.0,0.6339,15207000.0,15115000.0,BALANCED,27.8472
2024-10-24,UGL,UGL,0.0,103.13,0.0144,116711000.0,0.0,0.0,-0.0913,15207000.0,15115000.0,BALANCED,7.7185
2024-10-25,UGL,UGL,-5178000.0,103.57,0.0043,111533000.0,0.0,-5178000.0,-0.7963,4945000.0,9937000.0,BALANCED,-11.9074
2024-10-28,UGL,UGL,0.0,103.69,0.0012,111533000.0,0.0,0.0,0.0947,-5292000.0,9937000.0,BALANCED,-7.6336
2024-10-29,UGL,UGL,0.0,105.6,0.0184,111533000.0,0.0,0.0,0.0947,-95000.0,14870000.0,BALANCED,-7.6336
2024-10-30,UGL,UGL,0.0,107.11,0.0143,111533000.0,0.0,0.0,0.0947,-5178000.0,14870000.0,BALANCED,-7.6336
2024-10-31,UGL,UGL,10318000.0,103.18,-0.0367,121851000.0,10318000.0,0.0,1.9878,5140000.0,25188000.0,ACCUMULATION,61.6938
2024-11-01,UGL,UGL,0.0,103.18,0.0,121851000.0,0.0,0.0,-0.1823,10318000.0,30039000.0,BALANCED,5.4433
2024-11-04,UGL,UGL,0.0,102.98,-0.0019,121851000.0,0.0,0.0,-0.1823,10318000.0,25193000.0,BALANCED,5.4433
2024-11-05,UGL,UGL,0.0,103.25,0.0026,121851000.0,0.0,0.0,-0.1823,10318000.0,25193000.0,BALANCED,5.4433
2024-11-06,UGL,UGL,0.0,97.75,-0.0533,121851000.0,0.0,0.0,-0.1823,10318000.0,25193000.0,BALANCED,5.4433
2024-11-07,UGL,UGL,-4996000.0,99.92,0.0221,116855000.0,0.0,-4996000.0,-1.4315,-4996000.0,20197000.0,BALANCED,-47.7884
2024-11-08,UGL,UGL,0.0,99.11,-0.0081,116855000.0,0.0,0.0,-0.1323,-4996000.0,20197000.0,BALANCED,-13.3069
2024-11-11,UGL,UGL,0.0,93.46,-0.057,116855000.0,0.0,0.0,-0.1323,-4996000.0,15351000.0,BALANCED,-13.3069
2024-11-12,UGL,UGL,-4633000.0,92.66,-0.0086,112222000.0,0.0,-4633000.0,-1.3447,-9629000.0,10718000.0,BALANCED,-45.6182
2024-11-13,UGL,UGL,0.0,91.26,-0.0151,112222000.0,0.0,0.0,-0.1354,-9629000.0,10718000.0,BALANCED,-13.3845
2024-11-14,UGL,UGL,0.0,90.3,-0.0106,112222000.0,0.0,0.0,-0.1354,-4633000.0,10718000.0,BALANCED,-13.3845
2024-11-15,UGL,UGL,-4506000.0,90.11,-0.0021,107716000.0,0.0,-4506000.0,-1.3202,-9139000.0,1128000.0,BALANCED,-45.004
2024-11-18,UGL,UGL,4662000.0,93.24,0.0347,112378000.0,4662000.0,0.0,1.0867,-4477000.0,-4447000.0,BALANCED,19.1682
2024-11-19,UGL,UGL,0.0,94.4,0.0125,112378000.0,0.0,0.0,-0.1376,156000.0,750000.0,BALANCED,6.5597
2024-11-20,UGL,UGL,-4795000.0,95.91,0.0159,107583000.0,0.0,-4795000.0,-1.313,-4639000.0,-9128000.0,BALANCED,-44.8257
2024-11-21,UGL,UGL,0.0,97.61,0.0178,107583000.0,0.0,0.0,-0.0927,-4639000.0,-9128000.0,BALANCED,-12.317
2024-11-22,UGL,UGL,0.0,100.36,0.0282,107583000.0,0.0,0.0,-0.0927,-133000.0,-3950000.0,BALANCED,-12.317
2024-11-25,UGL,UGL,4673000.0,93.45,-0.0689,112256000.0,4673000.0,0.0,1.1,-122000.0,723000.0,BALANCED,19.4989
2024-11-26,UGL,UGL,0.0,93.72,0.0029,112256000.0,0.0,0.0,-0.0914,-122000.0,723000.0,BALANCED,-12.2842
2024-11-27,UGL,UGL,-4752000.0,95.04,0.0141,107504000.0,0.0,-4752000.0,-1.2282,-79000.0,-4029000.0,BALANCED,-42.705
2024-11-29,UGL,UGL,0.0,96.22,0.0124,107504000.0,0.0,0.0,-0.0496,-79000.0,-14347000.0,BALANCED,-11.2401
2024-12-02,UGL,UGL,0.0,94.63,-0.0166,107504000.0,0.0,0.0,-0.0078,-79000.0,-14347000.0,BALANCED,-10.1945
2024-12-03,UGL,UGL,-9530000.0,95.3,0.0072,97974000.0,0.0,-9530000.0,-2.3364,-14282000.0,-23877000.0,DISTRIBUTION,-70.4096
2024-12-04,UGL,UGL,0.0,95.91,0.0063,97974000.0,0.0,0.0,0.1226,-14282000.0,-23877000.0,BALANCED,-6.9347
2024-12-05,UGL,UGL,0.0,93.92,-0.0207,97974000.0,0.0,0.0,0.1753,-9530000.0,-23877000.0,BALANCED,-5.6183
2024-12-06,UGL,UGL,0.0,94.73,0.0086,97974000.0,0.0,0.0,0.1753,-9530000.0,-18881000.0,BALANCED,-5.6183
2024-12-09,UGL,UGL,0.0,96.62,0.02,97974000.0,0.0,0.0,0.1307,-9530000.0,-18881000.0,BALANCED,-6.7336
2024-12-10,UGL,UGL,0.0,98.97,0.0244,97974000.0,0.0,0.0,0.1307,0.0,-18881000.0,BALANCED,3.2664
2024-12-11,UGL,UGL,0.0,101.77,0.0283,97974000.0,0.0,0.0,0.1307,0.0,-14248000.0,BALANCED,3.2664
2024-12-12,UGL,UGL,0.0,98.29,-0.0342,97974000.0,0.0,0.0,0.1307,0.0,-14248000.0,BALANCED,3.2664
2024-12-13,UGL,UGL,0.0,95.86,-0.0247,97974000.0,0.0,0.0,0.284,0.0,-14248000.0,BALANCED,7.1011
2024-12-16,UGL,UGL,0.0,95.47,-0.0041,97974000.0,0.0,0.0,0.284,0.0,-9742000.0,BALANCED,7.1011
2024-12-17,UGL,UGL,0.0,94.9,-0.0059,97974000.0,0.0,0.0,0.284,0.0,-14404000.0,BALANCED,7.1011
2024-12-18,UGL,UGL,4715000.0,94.29,-0.0064,102689000.0,4715000.0,0.0,1.7995,4715000.0,-9689000.0,ACCUMULATION,56.9878
2024-12-19,UGL,UGL,0.0,91.09,-0.034,102689000.0,0.0,0.0,0.2147,4715000.0,-4894000.0,BALANCED,15.3673
2024-12-20,UGL,UGL,0.0,93.68,0.0285,102689000.0,0.0,0.0,0.1651,4715000.0,-4894000.0,BALANCED,14.127
2024-12-23,UGL,UGL,0.0,92.51,-0.0125,102689000.0,0.0,0.0,0.1651,4715000.0,-4894000.0,BALANCED,14.127
2024-12-24,UGL,UGL,4651000.0,93.03,0.0056,107340000.0,4651000.0,0.0,1.6511,9366000.0,-4916000.0,ACCUMULATION,53.2767
2024-12-26,UGL,UGL,0.0,94.34,0.0141,107340000.0,0.0,0.0,0.0562,4651000.0,-4916000.0,BALANCED,11.4045
2024-12-27,UGL,UGL,-9278000.0,92.78,-0.0165,98062000.0,0.0,-9278000.0,-2.6365,-4627000.0,-9442000.0,DISTRIBUTION,-77.9113
2024-12-30,UGL,UGL,0.0,91.83,-0.0102,98062000.0,0.0,0.0,0.1413,-4627000.0,-9442000.0,BALANCED,-6.4672
2024-12-31,UGL,UGL,0.0,93.45,0.0176,98062000.0,0.0,0.0,0.0989,-4627000.0,-9442000.0,BALANCED,-7.5266
2025-01-02,UGL,UGL,0.0,95.44,0.0214,98062000.0,0.0,0.0,0.1532,-9278000.0,88000.0,BALANCED,-6.1698
2025-01-03,UGL,UGL,0.0,94.43,-0.0106,98062000.0,0.0,0.0,0.1532,-9278000.0,88000.0,BALANCED,-6.1698
2025-01-06,UGL,UGL,0.0,93.94,-0.0052,98062000.0,0.0,0.0,0.1056,0.0,88000.0,BALANCED,2.6389
2025-01-07,UGL,UGL,0.0,95.23,0.0137,98062000.0,0.0,0.0,0.1056,0.0,88000.0,BALANCED,2.6389
2025-01-08,UGL,UGL,0.0,95.74,0.0053,98062000.0,0.0,0.0,0.1056,0.0,88000.0,BALANCED,2.6389
2025-01-10,UGL,UGL,0.0,98.84,0.0324,98062000.0,0.0,0.0,0.1656,0.0,88000.0,BALANCED,4.1408
2025-01-13,UGL,UGL,9622000.0,96.22,-0.0265,107684000.0,9622000.0,0.0,2.8749,9622000.0,9710000.0,ACCUMULATION,83.8714
2025-01-14,UGL,UGL,0.0,96.51,0.003,107684000.0,0.0,0.0,-0.0018,9622000.0,9710000.0,BALANCED,9.9544
2025-01-15,UGL,UGL,0.0,98.92,0.025,107684000.0,0.0,0.0,-0.0018,9622000.0,9710000.0,BALANCED,9.9544
2025-01-16,UGL,UGL,0.0,101.28,0.0238,107684000.0,0.0,0.0,-0.0018,9622000.0,9710000.0,BALANCED,9.9544
2025-01-17,UGL,UGL,0.0,101.18,-0.001,107684000.0,0.0,0.0,-0.1177,9622000.0,9710000.0,BALANCED,7.0581
2025-01-21,UGL,UGL,5099000.0,101.98,0.0079,112783000.0,5099000.0,0.0,1.5968,5099000.0,10094000.0,ACCUMULATION,51.9208
2025-01-22,UGL,UGL,0.0,102.86,0.0086,112783000.0,0.0,0.0,-0.1712,5099000.0,10094000.0,BALANCED,5.721
2025-01-23,UGL,UGL,0.0,102.46,-0.0039,112783000.0,0.0,0.0,-0.1712,5099000.0,10094000.0,BALANCED,5.721
2025-01-24,UGL,UGL,0.0,103.54,0.0106,112783000.0,0.0,0.0,-0.1712,5099000.0,10094000.0,BALANCED,5.721
2025-01-27,UGL,UGL,5029000.0,100.59,-0.0286,117812000.0,5029000.0,0.0,1.4567,10128000.0,10472000.0,BALANCED,48.4187
2025-01-28,UGL,UGL,0.0,102.66,0.0206,117812000.0,0.0,0.0,-0.2205,5029000.0,10472000.0,BALANCED,4.4863
2025-01-29,UGL,UGL,0.0,102.59,-0.0007,117812000.0,0.0,0.0,-0.2205,5029000.0,19750000.0,BALANCED,4.4863
2025-01-30,UGL,UGL,0.0,106.39,0.0371,117812000.0,0.0,0.0,-0.2205,5029000.0,19750000.0,BALANCED,4.4863
2025-01-31,UGL,UGL,0.0,105.64,-0.0071,117812000.0,0.0,0.0,-0.2205,5029000.0,19750000.0,BALANCED,4.4863
2025-02-03,UGL,UGL,0.0,107.31,0.0158,117812000.0,0.0,0.0,-0.2205,0.0,19750000.0,BALANCED,-5.5137
2025-02-04,UGL,UGL,0.0,108.72,0.0131,117812000.0,0.0,0.0,-0.1738,0.0,19750000.0,BALANCED,-4.345
2025-02-05,UGL,UGL,0.0,110.02,0.012,117812000.0,0.0,0.0,-0.1738,0.0,19750000.0,BALANCED,-4.345
2025-02-06,UGL,UGL,5440000.0,108.79,-0.0112,123252000.0,5440000.0,0.0,1.5667,5440000.0,25190000.0,ACCUMULATION,51.1674
2025-02-07,UGL,UGL,0.0,109.63,0.0077,123252000.0,0.0,0.0,-0.2259,5440000.0,25190000.0,BALANCED,4.3535
2025-02-10,UGL,UGL,0.0,113.21,0.0327,123252000.0,0.0,0.0,-0.1802,5440000.0,25190000.0,BALANCED,5.4938
2025-02-11,UGL,UGL,0.0,113.08,-0.0011,123252000.0,0.0,0.0,-0.1802,5440000.0,15568000.0,BALANCED,5.4938
2025-02-12,UGL,UGL,0.0,112.79,-0.0026,123252000.0,0.0,0.0,-0.3664,5440000.0,15568000.0,BALANCED,0.8405
2025-02-13,UGL,UGL,0.0,114.09,0.0115,123252000.0,0.0,0.0,-0.3664,0.0,15568000.0,BALANCED,-9.1595
2025-02-14,UGL,UGL,0.0,110.63,-0.0303,123252000.0,0.0,0.0,-0.3664,0.0,15568000.0,BALANCED,-9.1595
2025-02-18,UGL,UGL,11435000.0,114.35,0.0336,134687000.0,11435000.0,0.0,3.4145,11435000.0,27003000.0,ACCUMULATION,97.3615
2025-02-19,UGL,UGL,0.0,113.36,-0.0087,134687000.0,0.0,0.0,-0.4081,11435000.0,21904000.0,BALANCED,-0.2027
2025-02-20,UGL,UGL,0.0,114.91,0.0137,134687000.0,0.0,0.0,-0.4081,11435000.0,21904000.0,BALANCED,-0.2027
2025-02-21,UGL,UGL,0.0,114.7,-0.0019,134687000.0,0.0,0.0,-0.4081,11435000.0,21904000.0,BALANCED,-0.2027
2025-02-24,UGL,UGL,0.0,115.5,0.007,134687000.0,0.0,0.0,-0.4081,11435000.0,21904000.0,BALANCED,-0.2027
2025-02-25,UGL,UGL,0.0,112.05,-0.0299,134687000.0,0.0,0.0,-0.4081,0.0,16875000.0,BALANCED,-10.2027
2025-02-26,UGL,UGL,-5648000.0,112.96,0.0082,129039000.0,0.0,-5648000.0,-2.2665,-5648000.0,11227000.0,DISTRIBUTION,-68.662
2025-02-27,UGL,UGL,0.0,110.3,-0.0236,129039000.0,0.0,0.0,-0.2537,-5648000.0,11227000.0,BALANCED,-16.342
2025-02-28,UGL,UGL,0.0,106.69,-0.0327,129039000.0,0.0,0.0,-0.2537,-5648000.0,11227000.0,BALANCED,-16.342
2025-03-03,UGL,UGL,0.0,110.66,0.0372,129039000.0,0.0,0.0,-0.2537,-5648000.0,11227000.0,BALANCED,-16.342
2025-03-04,UGL,UGL,-5608000.0,112.16,0.0135,123431000.0,0.0,-5608000.0,-2.0222,-11256000.0,5619000.0,DISTRIBUTION,-62.5558
2025-03-05,UGL,UGL,0.0,112.59,0.0038,123431000.0,0.0,0.0,-0.1221,-5608000.0,5619000.0,BALANCED,-13.0515
2025-03-06,UGL,UGL,0.0,112.64,0.0005,123431000.0,0.0,0.0,-0.1221,-5608000.0,5619000.0,BALANCED,-13.0515
2025-03-07,UGL,UGL,0.0,111.69,-0.0085,123431000.0,0.0,0.0,-0.1221,-5608000.0,179000.0,BALANCED,-13.0515
2025-03-10,UGL,UGL,11058000.0,110.58,-0.0099,134489000.0,11058000.0,0.0,2.9514,5450000.0,11237000.0,ACCUMULATION,85.7846
2025-03-11,UGL,UGL,0.0,112.22,0.0148,134489000.0,0.0,0.0,-0.1631,11058000.0,11237000.0,BALANCED,5.9214
2025-03-12,UGL,UGL,0.0,114.2,0.0177,134489000.0,0.0,0.0,-0.1631,11058000.0,11237000.0,BALANCED,5.9214
2025-03-13,UGL,UGL,0.0,117.64,0.0302,134489000.0,0.0,0.0,-0.1631,11058000.0,11237000.0,BALANCED,5.9214
2025-03-14,UGL,UGL,5919000.0,118.38,0.0063,140408000.0,5919000.0,0.0,1.4581,16977000.0,17156000.0,BALANCED,48.4525
2025-03-17,UGL,UGL,11882000.0,118.82,0.0037,152290000.0,11882000.0,0.0,2.631,17801000.0,29038000.0,ACCUMULATION,79.776
2025-03-18,UGL,UGL,0.0,121.56,0.0231,152290000.0,0.0,0.0,-0.2817,17801000.0,17603000.0,BALANCED,2.9567
2025-03-19,UGL,UGL,0.0,121.58,0.0002,152290000.0,0.0,0.0,-0.2817,17801000.0,17603000.0,BALANCED,2.9567
2025-03-20,UGL,UGL,6088000.0,121.77,0.0015,158378000.0,6088000.0,0.0,1.1355,23889000.0,23691000.0,BALANCED,40.3884
2025-03-21,UGL,UGL,0.0,119.96,-0.0148,158378000.0,0.0,0.0,-0.2853,17970000.0,23691000.0,BALANCED,2.8682
2025-03-24,UGL,UGL,0.0,119.64,-0.0026,158378000.0,0.0,0.0,-0.2853,6088000.0,23691000.0,BALANCED,2.8682
2025-03-25,UGL,UGL,-12046000.0,120.46,0.0068,146332000.0,0.0,-12046000.0,-2.6924,-5958000.0,11645000.0,DISTRIBUTION,-79.3101
2025-03-26,UGL,UGL,0.0,120.31,-0.0012,146332000.0,0.0,0.0,-0.1616,-5958000.0,17293000.0,BALANCED,-14.0408
2025-03-27,UGL,UGL,0.0,123.36,0.0254,146332000.0,0.0,0.0,-0.1616,-12046000.0,17293000.0,BALANCED,-14.0408
2025-03-28,UGL,UGL,0.0,125.24,0.0152,146332000.0,0.0,0.0,-0.1616,-12046000.0,17293000.0,BALANCED,-14.0408
2025-03-31,UGL,UGL,25633000.0,128.16,0.0233,171965000.0,25633000.0,0.0,3.653,13587000.0,42926000.0,ACCUMULATION,100.0
2025-04-01,UGL,UGL,0.0,127.83,-0.0026,171965000.0,0.0,0.0,-0.1969,25633000.0,48534000.0,BALANCED,5.077
2025-04-02,UGL,UGL,-12948000.0,129.48,0.0129,159017000.0,0.0,-12948000.0,-2.0174,12685000.0,35586000.0,DISTRIBUTION,-42.4339
2025-04-03,UGL,UGL,0.0,125.85,-0.028,159017000.0,0.0,0.0,-0.1189,12685000.0,35586000.0,BALANCED,7.0273
2025-04-04,UGL,UGL,-5945000.0,118.9,-0.0552,153072000.0,0.0,-5945000.0,-0.9463,6740000.0,29641000.0,BALANCED,-15.6568
2025-04-07,UGL,UGL,-5705000.0,114.09,-0.0405,147367000.0,0.0,-5705000.0,-0.8722,-24598000.0,12878000.0,BALANCED,-35.806
2025-04-08,UGL,UGL,-28844000.0,115.38,0.0113,118523000.0,0.0,-28844000.0,-3.2064,-53442000.0,-15966000.0,DISTRIBUTION,-96.161
2025-04-09,UGL,UGL,6114000.0,122.27,0.0598,124637000.0,6114000.0,0.0,0.7071,-34380000.0,-9852000.0,BALANCED,9.6777
2025-04-10,UGL,UGL,32520000.0,130.08,0.0639,157157000.0,32520000.0,0.0,2.9583,-1860000.0,22668000.0,ACCUMULATION,67.9581
2025-04-11,UGL,UGL,20338000.0,135.59,0.0423,177495000.0,20338000.0,0.0,1.665,24423000.0,37087000.0,ACCUMULATION,57.6251
2025-04-14,UGL,UGL,33521000.0,134.08,-0.0111,211016000.0,33521000.0,0.0,2.4328,63649000.0,58726000.0,ACCUMULATION,78.8189
2025-04-15,UGL,UGL,-20290000.0,135.27,0.0088,190726000.0,0.0,-20290000.0,-1.6995,72203000.0,38436000.0,DISTRIBUTION,-34.4867
2025-04-16,UGL,UGL,0.0,144.13,0.0655,190726000.0,0.0,0.0,-0.1692,66089000.0,38436000.0,BALANCED,5.7705
2025-04-17,UGL,UGL,14259000.0,142.59,-0.0107,204985000.0,14259000.0,0.0,0.8593,47828000.0,46607000.0,BALANCED,33.4824
2025-04-21,UGL,UGL,37732000.0,150.93,0.0585,242717000.0,37732000.0,0.0,2.2719,65222000.0,84339000.0,ACCUMULATION,70.7982
2025-04-22,UGL,UGL,7521000.0,150.42,-0.0034,250238000.0,7521000.0,0.0,0.2473,39222000.0,91860000.0,BALANCED,22.1813
2025-04-23,UGL,UGL,-6970000.0,139.41,-0.0732,243268000.0,0.0,-6970000.0,-0.7097,52542000.0,96936000.0,BALANCED,-9.7423
2025-04-24,UGL,UGL,-57613000.0,144.03,0.0332,185655000.0,0.0,-57613000.0,-3.18,-5071000.0,39323000.0,DISTRIBUTION,-93.499
2025-04-25,UGL,UGL,-6987000.0,139.73,-0.0299,178668000.0,0.0,-6987000.0,-0.4519,-26317000.0,32336000.0,BALANCED,-27.298
2025-04-28,UGL,UGL,0.0,143.94,0.0301,178668000.0,0.0,0.0,-0.0682,-64049000.0,32336000.0,BALANCED,-11.7048
2025-04-29,UGL,UGL,-7137000.0,142.74,-0.0084,171531000.0,0.0,-7137000.0,-0.417,-78707000.0,-434000.0,BALANCED,-22.4254
2025-04-30,UGL,UGL,0.0,141.51,-0.0086,171531000.0,0.0,0.0,-0.0344,-71737000.0,-434000.0,BALANCED,-10.8596
2025-05-01,UGL,UGL,-13326000.0,133.26,-0.0583,158205000.0,0.0,-13326000.0,-0.7183,-27450000.0,-812000.0,BALANCED,-29.958
2025-05-02,UGL,UGL,-13501000.0,135.01,0.0132,144704000.0,0.0,-13501000.0,-0.6883,-33964000.0,-14313000.0,BALANCED,-31.2064
2025-05-05,UGL,UGL,7081000.0,141.62,0.0489,151785000.0,7081000.0,0.0,0.3842,-26883000.0,-1287000.0,BALANCED,1.6043
2025-05-06,UGL,UGL,0.0,150.2,0.0606,151785000.0,0.0,0.0,0.0116,-19746000.0,4418000.0,BALANCED,-9.7109
2025-05-07,UGL,UGL,14750000.0,147.5,-0.018,166535000.0,14750000.0,0.0,0.7386,-4996000.0,48012000.0,BALANCED,10.4649
2025-05-08,UGL,UGL,0.0,140.04,-0.0506,166535000.0,0.0,0.0,-0.0353,8330000.0,41898000.0,BALANCED,9.1166
2025-05-09,UGL,UGL,-7163000.0,143.26,0.023,159372000.0,0.0,-7163000.0,-0.3975,14668000.0,2215000.0,BALANCED,-1.9383
2025-05-12,UGL,UGL,0.0,133.38,-0.069,159372000.0,0.0,0.0,-0.0227,7587000.0,-18123000.0,BALANCED,9.4314
2025-05-13,UGL,UGL,0.0,135.02,0.0123,159372000.0,0.0,0.0,0.0227,7587000.0,-51644000.0,BALANCED,10.5669
2025-05-14,UGL,UGL,0.0,130.09,-0.0365,159372000.0,0.0,0.0,0.0227,-7163000.0,-31354000.0,BALANCED,-9.4331
2025-05-15,UGL,UGL,-6660000.0,133.19,0.0238,152712000.0,0.0,-6660000.0,-0.3506,-13823000.0,-38014000.0,BALANCED,-20.764
2025-05-16,UGL,UGL,0.0,129.95,-0.0243,152712000.0,0.0,0.0,0.0114,-6660000.0,-52273000.0,BALANCED,-9.7144
2025-05-19,UGL,UGL,0.0,133.79,0.0295,152712000.0,0.0,0.0,0.0007,-6660000.0,-90005000.0,BALANCED,-9.9837
2025-05-20,UGL,UGL,0.0,138.0,0.0315,152712000.0,0.0,0.0,-0.0097,-6660000.0,-97526000.0,BALANCED,-10.2429
2025-05-21,UGL,UGL,-14045000.0,140.45,0.0178,138667000.0,0.0,-14045000.0,-0.8307,-20705000.0,-104601000.0,BALANCED,-32.767
2025-05-22,UGL,UGL,0.0,138.93,-0.0109,138667000.0,0.0,0.0,-0.0264,-14045000.0,-46988000.0,BALANCED,-10.661
2025-05-23,UGL,UGL,-7243000.0,144.87,0.0427,131424000.0,0.0,-7243000.0,-0.3832,-21288000.0,-47244000.0,BALANCED,-21.5805
2025-05-27,UGL,UGL,27851000.0,139.26,-0.0387,159275000.0,27851000.0,0.0,1.6697,6563000.0,-19393000.0,ACCUMULATION,53.7433
2025-05-28,UGL,UGL,-6939000.0,138.78,-0.0034,152336000.0,0.0,-6939000.0,-0.3153,-376000.0,-19195000.0,BALANCED,-19.8816
2025-05-29,UGL,UGL,-7029000.0,140.59,0.013,145307000.0,0.0,-7029000.0,-0.3568,6640000.0,-26224000.0,BALANCED,-2.92
2025-05-30,UGL,UGL,-6911000.0,138.21,-0.0169,138396000.0,0.0,-6911000.0,-0.3337,-271000.0,-19809000.0,BALANCED,-24.3414
2025-06-02,UGL,UGL,7253000.0,145.05,0.0495,145649000.0,7253000.0,0.0,0.6038,14225000.0,945000.0,BALANCED,27.096
2025-06-03,UGL,UGL,0.0,143.35,-0.0118,145649000.0,0.0,0.0,0.2426,-13626000.0,-6136000.0,BALANCED,-3.9339
2025-06-04,UGL,UGL,0.0,145.24,0.0132,145649000.0,0.0,0.0,0.2642,-6687000.0,-6136000.0,BALANCED,-3.3949
2025-06-05,UGL,UGL,0.0,143.19,-0.0141,145649000.0,0.0,0.0,0.2466,342000.0,-20886000.0,BALANCED,16.1659
2025-06-06,UGL,UGL,0.0,140.79,-0.0168,145649000.0,0.0,0.0,0.1609,7253000.0,-20886000.0,BALANCED,14.0216
2025-06-09,UGL,UGL,0.0,141.52,0.0052,145649000.0,0.0,0.0,0.1338,0.0,-13723000.0,BALANCED,3.346
2025-06-10,UGL,UGL,0.0,140.56,-0.0068,145649000.0,0.0,0.0,0.1338,0.0,-13723000.0,BALANCED,3.346
2025-06-11,UGL,UGL,0.0,140.6,0.0003,145649000.0,0.0,0.0,0.1059,0.0,-13723000.0,BALANCED,2.6478
2025-06-12,UGL,UGL,0.0,145.54,0.0352,145649000.0,0.0,0.0,0.1059,0.0,-13723000.0,BALANCED,2.6478
2025-06-13,UGL,UGL,0.0,37.47,0.0297,145649000.0,0.0,0.0,0.0537,0.0,-7063000.0,BALANCED,1.3417
2025-06-16,UGL,UGL,12846000.0,36.7,-0.0203,158495000.0,12846000.0,0.0,1.5966,12846000.0,5783000.0,ACCUMULATION,51.915
2025-06-17,UGL,UGL,0.0,36.48,-0.006,158495000.0,0.0,0.0,-0.0292,12846000.0,5783000.0,BALANCED,9.2697
2025-06-18,UGL,UGL,7303000.0,36.51,0.0008,165798000.0,7303000.0,0.0,0.8804,20149000.0,13086000.0,BALANCED,34.01
2025-06-20,UGL,UGL,0.0,36.04,-0.013,165798000.0,0.0,0.0,0.0034,20149000.0,27131000.0,BALANCED,10.0844
2025-06-23,UGL,UGL,14498000.0,36.24,0.0057,180296000.0,14498000.0,0.0,1.8118,34647000.0,41629000.0,ACCUMULATION,57.2957
2025-06-24,UGL,UGL,0.0,34.94,-0.036,180296000.0,0.0,0.0,-0.0916,21801000.0,48872000.0,BALANCED,7.7102
2025-06-25,UGL,UGL,-14055000.0,35.14,0.0056,166241000.0,0.0,-14055000.0,-1.7683,7746000.0,6966000.0,DISTRIBUTION,-36.2084
2025-06-26,UGL,UGL,0.0,35.24,0.003,166241000.0,0.0,0.0,-0.0283,443000.0,13905000.0,BALANCED,9.2914
2025-06-27,UGL,UGL,-18686000.0,33.97,-0.036,147555000.0,0.0,-18686000.0,-2.0821,-18243000.0,2248000.0,DISTRIBUTION,-64.0529
2025-06-30,UGL,UGL,10319000.0,34.4,0.0125,157874000.0,10319000.0,0.0,1.1384,-22422000.0,19478000.0,BALANCED,20.4588
2025-07-01,UGL,UGL,-7055000.0,35.28,0.0256,150819000.0,0.0,-7055000.0,-0.7759,-29477000.0,5170000.0,BALANCED,-31.3984
2025-07-02,UGL,UGL,0.0,35.49,0.006,150819000.0,0.0,0.0,0.007,-15422000.0,5170000.0,BALANCED,-9.8249
2025-07-03,UGL,UGL,-19326000.0,35.14,-0.0099,131493000.0,0.0,-19326000.0,-1.9249,-34748000.0,-14156000.0,DISTRIBUTION,-60.1213
2025-07-07,UGL,UGL,8787000.0,35.15,0.0002,140280000.0,8787000.0,0.0,0.9209,-7275000.0,-5369000.0,BALANCED,15.0221
2025-07-08,UGL,UGL,0.0,34.61,-0.0154,140280000.0,0.0,0.0,-0.0057,-17594000.0,-5369000.0,BALANCED,-10.1417
2025-07-09,UGL,UGL,0.0,34.69,0.0025,140280000.0,0.0,0.0,-0.0315,-10539000.0,-5369000.0,BALANCED,-10.7865
2025-07-10,UGL,UGL,0.0,34.79,0.0029,140280000.0,0.0,0.0,0.0811,-10539000.0,-5369000.0,BALANCED,-7.9728
2025-07-11,UGL,UGL,0.0,35.59,0.0229,140280000.0,0.0,0.0,0.0521,8787000.0,-5369000.0,BALANCED,11.3018
2025-07-14,UGL,UGL,15977000.0,35.5,-0.0024,156257000.0,15977000.0,0.0,1.9118,15977000.0,10608000.0,ACCUMULATION,59.7954
2025-07-15,UGL,UGL,0.0,35.04,-0.013,156257000.0,0.0,0.0,-0.074,15977000.0,10608000.0,BALANCED,8.1511
2025-07-16,UGL,UGL,0.0,35.51,0.0132,156257000.0,0.0,0.0,-0.0445,15977000.0,-2238000.0,BALANCED,8.8883
2025-07-17,UGL,UGL,3522000.0,35.22,-0.0081,159779000.0,3522000.0,0.0,0.3827,19499000.0,1284000.0,BALANCED,21.5673
2025-07-18,UGL,UGL,0.0,35.49,0.0076,159779000.0,0.0,0.0,-0.0591,19499000.0,-6019000.0,BALANCED,8.523
2025-07-21,UGL,UGL,3651000.0,36.51,0.0288,163430000.0,3651000.0,0.0,0.3826,7173000.0,-2368000.0,BALANCED,21.5658
2025-07-22,UGL,UGL,20532000.0,37.33,0.0225,183962000.0,20532000.0,0.0,2.1929,27705000.0,3666000.0,ACCUMULATION,68.8225
2025-07-23,UGL,UGL,19986000.0,36.34,-0.0266,203948000.0,19986000.0,0.0,1.9163,47691000.0,23652000.0,ACCUMULATION,63.9067
2025-07-24,UGL,UGL,-21502000.0,35.84,-0.0138,182446000.0,0.0,-21502000.0,-2.1978,22667000.0,16205000.0,DISTRIBUTION,-46.9453
2025-07-25,UGL,UGL,0.0,35.03,-0.0224,182446000.0,0.0,0.0,-0.1186,22667000.0,16205000.0,BALANCED,7.0348
2025-07-28,UGL,UGL,12079000.0,34.51,-0.0149,194525000.0,12079000.0,0.0,0.9928,31095000.0,46970000.0,BALANCED,36.8201
2025-07-29,UGL,UGL,-10443000.0,34.81,0.0086,184082000.0,0.0,-10443000.0,-1.0905,120000.0,26208000.0,BALANCED,-19.2614
2025-07-30,UGL,UGL,0.0,34.23,-0.0167,184082000.0,0.0,0.0,-0.081,-19866000.0,33263000.0,BALANCED,-12.0252
2025-07-31,UGL,UGL,0.0,34.14,-0.0024,184082000.0,0.0,0.0,-0.081,1636000.0,33263000.0,BALANCED,7.9748
2025-08-01,UGL,UGL,-8798000.0,35.19,0.0307,175284000.0,0.0,-8798000.0,-0.8599,-7162000.0,43791000.0,BALANCED,-33.4986
2025-08-04,UGL,UGL,3575000.0,35.75,0.0159,178859000.0,3575000.0,0.0,0.2958,-15666000.0,38579000.0,BALANCED,-0.6057
2025-08-05,UGL,UGL,0.0,35.92,0.0049,178859000.0,0.0,0.0,0.0047,-5223000.0,38579000.0,BALANCED,-9.8835
2025-08-06,UGL,UGL,0.0,35.9,-0.0007,178859000.0,0.0,0.0,0.0047,-5223000.0,38579000.0,BALANCED,-9.8835
2025-08-07,UGL,UGL,0.0,36.33,0.0119,178859000.0,0.0,0.0,-0.0424,-5223000.0,38579000.0,BALANCED,-11.0588
2025-08-08,UGL,UGL,0.0,37.12,0.0219,178859000.0,0.0,0.0,-0.0424,3575000.0,38579000.0,BALANCED,8.9412
2025-08-11,UGL,UGL,0.0,35.29,-0.0494,178859000.0,0.0,0.0,-0.1128,0.0,22602000.0,BALANCED,-2.8188
2025-08-12,UGL,UGL,-1759000.0,35.17,-0.0032,177100000.0,0.0,-1759000.0,-0.2638,-1759000.0,20843000.0,BALANCED,-18.5941
2025-08-13,UGL,UGL,0.0,35.37,0.0055,177100000.0,0.0,0.0,-0.0975,-1759000.0,20843000.0,BALANCED,-12.438
2025-08-14,UGL,UGL,5227000.0,34.85,-0.0147,182327000.0,5227000.0,0.0,0.4632,3468000.0,22548000.0,BALANCED,23.5811
2025-08-15,UGL,UGL,0.0,34.84,-0.0003,182327000.0,0.0,0.0,-0.2077,3468000.0,22548000.0,BALANCED,4.8086
2025-08-18,UGL,UGL,3475000.0,34.75,-0.0025,185802000.0,3475000.0,0.0,0.2429,6943000.0,22372000.0,BALANCED,18.0736
2025-08-19,UGL,UGL,0.0,34.36,-0.0113,185802000.0,0.0,0.0,-0.1883,8702000.0,1840000.0,BALANCED,5.2921
2025-08-20,UGL,UGL,3497000.0,34.97,0.0178,189299000.0,3497000.0,0.0,0.2311,12199000.0,-14649000.0,BALANCED,17.7784
2025-08-21,UGL,UGL,0.0,34.83,-0.004,189299000.0,0.0,0.0,-0.2027,6972000.0,6853000.0,BALANCED,4.9321
2025-08-22,UGL,UGL,-1780000.0,35.59,0.0219,187519000.0,0.0,-1780000.0,-0.4152,5192000.0,5073000.0,BALANCED,-2.3803
2025-08-25,UGL,UGL,10674000.0,35.58,-0.0004,198193000.0,10674000.0,0.0,1.1882,12391000.0,3668000.0,BALANCED,41.7055
2025-08-26,UGL,UGL,-5386000.0,35.91,0.0092,192807000.0,0.0,-5386000.0,-0.8358,7005000.0,8725000.0,BALANCED,-12.8962
2025-08-27,UGL,UGL,0.0,36.24,0.0092,192807000.0,0.0,0.0,-0.1542,3508000.0,8725000.0,BALANCED,6.1452
2025-08-28,UGL,UGL,0.0,36.78,0.015,192807000.0,0.0,0.0,-0.1395,3508000.0,8725000.0,BALANCED,6.5126
2025-08-29,UGL,UGL,0.0,37.67,0.0243,192807000.0,0.0,0.0,-0.1395,5288000.0,17523000.0,BALANCED,6.5126
2025-09-02,UGL,UGL,43237000.0,39.31,0.0434,236044000.0,43237000.0,0.0,3.7032,37851000.0,57185000.0,ACCUMULATION,100.0
2025-09-03,UGL,UGL,46295000.0,40.26,0.0242,282339000.0,46295000.0,0.0,3.2444,89532000.0,103480000.0,ACCUMULATION,95.11
2025-09-04,UGL,UGL,19811000.0,39.62,-0.0158,302150000.0,19811000.0,0.0,1.248,109343000.0,123291000.0,BALANCED,47.2009
2025-09-05,UGL,UGL,0.0,40.65,0.0259,302150000.0,0.0,0.0,-0.3213,109343000.0,123291000.0,BALANCED,1.9684
2025-09-08,UGL,UGL,0.0,41.19,0.0134,302150000.0,0.0,0.0,-0.3213,109343000.0,123291000.0,BALANCED,1.9684
2025-09-09,UGL,UGL,0.0,41.3,0.0027,302150000.0,0.0,0.0,-0.2906,66106000.0,123291000.0,BALANCED,2.7345
2025-09-10,UGL,UGL,0.0,41.31,0.0,302150000.0,0.0,0.0,-0.3258,19811000.0,125050000.0,BALANCED,1.8548
2025-09-11,UGL,UGL,0.0,41.12,-0.0045,302150000.0,0.0,0.0,-0.3258,0.0,125050000.0,BALANCED,-8.1452
2025-09-12,UGL,UGL,0.0,41.41,0.007,302150000.0,0.0,0.0,-0.3258,0.0,119823000.0,BALANCED,-8.1452
2025-09-15,UGL,UGL,6323000.0,42.15,0.0179,308473000.0,6323000.0,0.0,0.159,6323000.0,126146000.0,BALANCED,15.9757
2025-09-16,UGL,UGL,0.0,42.29,0.0034,308473000.0,0.0,0.0,-0.364,6323000.0,122671000.0,BALANCED,0.9004
2025-09-17,UGL,UGL,21065000.0,42.13,-0.0038,329538000.0,21065000.0,0.0,1.3124,27388000.0,143736000.0,BALANCED,44.811
2025-09-18,UGL,UGL,-6186000.0,41.24,-0.0212,323352000.0,0.0,-6186000.0,-0.89,21202000.0,134053000.0,BALANCED,-14.2499
2025-09-19,UGL,UGL,-23022000.0,41.86,0.015,300330000.0,0.0,-23022000.0,-2.0282,-1820000.0,111031000.0,DISTRIBUTION,-64.7062
2025-09-22,UGL,UGL,0.0,43.43,0.0376,300330000.0,0.0,0.0,-0.3034,-8143000.0,112811000.0,BALANCED,-17.5842
2025-09-23,UGL,UGL,-4437000.0,44.37,0.0216,295893000.0,0.0,-4437000.0,-0.6214,-12580000.0,97700000.0,BALANCED,-27.5356
2025-09-24,UGL,UGL,0.0,43.27,-0.0249,295893000.0,0.0,0.0,-0.2956,-33645000.0,103086000.0,BALANCED,-17.3898
2025-09-25,UGL,UGL,0.0,43.34,0.0017,295893000.0,0.0,0.0,-0.2956,-27459000.0,103086000.0,BALANCED,-17.3898
2025-09-26,UGL,UGL,-2211000.0,44.21,0.0202,293682000.0,0.0,-2211000.0,-0.4407,-6648000.0,100875000.0,BALANCED,-23.0167
2025-09-29,UGL,UGL,-13588000.0,45.29,0.0245,280094000.0,0.0,-13588000.0,-1.2213,-20236000.0,87287000.0,BALANCED,-44.5325
2025-09-30,UGL,UGL,0.0,45.72,0.0094,280094000.0,0.0,0.0,-0.2276,-15799000.0,44050000.0,BALANCED,-15.6911
2025-10-01,UGL,UGL,9260000.0,46.3,0.0126,289354000.0,9260000.0,0.0,0.4197,-6539000.0,7015000.0,BALANCED,2.4935
2025-10-02,UGL,UGL,0.0,45.6,-0.015,289354000.0,0.0,0.0,-0.2408,-6539000.0,-12796000.0,BALANCED,-16.0193
2025-10-03,UGL,UGL,-20955000.0,46.57,0.0212,268399000.0,0.0,-20955000.0,-1.6228,-25283000.0,-33751000.0,DISTRIBUTION,-52.5706
2025-10-06,UGL,UGL,4818000.0,48.18,0.0347,273217000.0,4818000.0,0.0,0.1351,-6877000.0,-28933000.0,BALANCED,-4.6225
2025-10-07,UGL,UGL,0.0,48.87,0.0142,273217000.0,0.0,0.0,-0.1731,-6877000.0,-28933000.0,BALANCED,-14.3265
2025-10-08,UGL,UGL,12621000.0,50.48,0.0331,285838000.0,12621000.0,0.0,0.6572,-3516000.0,-16312000.0,BALANCED,8.43
2025-10-09,UGL,UGL,24030000.0,48.06,-0.048,309868000.0,24030000.0,0.0,1.345,20514000.0,7718000.0,BALANCED,47.6256
2025-10-10,UGL,UGL,0.0,48.74,0.0141,309868000.0,0.0,0.0,-0.2607,41469000.0,7718000.0,BALANCED,3.4813
2025-10-13,UGL,UGL,7797000.0,51.98,0.0665,317665000.0,7797000.0,0.0,0.2429,44448000.0,9192000.0,BALANCED,18.0737
2025-10-14,UGL,UGL,2637000.0,52.75,0.0148,320302000.0,2637000.0,0.0,-0.0132,47085000.0,11829000.0,BALANCED,13.6704
2025-10-15,UGL,UGL,45661000.0,53.72,0.0184,365963000.0,45661000.0,0.0,3.3125,80125000.0,36425000.0,ACCUMULATION,98.8127
2025-10-16,UGL,UGL,14089000.0,56.36,0.0491,380052000.0,14089000.0,0.0,0.9032,70184000.0,56700000.0,BALANCED,40.5804
2025-10-17,UGL,UGL,21588000.0,53.97,-0.0423,401640000.0,21588000.0,0.0,1.3869,91772000.0,101310000.0,BALANCED,54.673
2025-10-20,UGL,UGL,-23091000.0,57.73,0.0696,378549000.0,0.0,-23091000.0,-1.8284,60884000.0,78219000.0,DISTRIBUTION,-37.7097
2025-10-21,UGL,UGL,-10220000.0,51.1,-0.1148,368329000.0,0.0,-10220000.0,-0.8745,48027000.0,72436000.0,BALANCED,-15.863
2025-10-22,UGL,UGL,-7502000.0,50.02,-0.0212,360827000.0,0.0,-7502000.0,-0.6607,-5136000.0,64934000.0,BALANCED,-32.5179
2025-10-23,UGL,UGL,0.0,51.99,0.0395,360827000.0,0.0,0.0,-0.1366,-19225000.0,64934000.0,BALANCED,-13.4159
2025-10-24,UGL,UGL,-15540000.0,51.8,-0.0037,345287000.0,0.0,-15540000.0,-1.1577,-56353000.0,51605000.0,BALANCED,-40.9433
2025-10-27,UGL,UGL,-4886000.0,48.86,-0.0569,340401000.0,0.0,-4886000.0,-0.4054,-38148000.0,60307000.0,BALANCED,-24.1341
2025-10-28,UGL,UGL,-21587000.0,47.97,-0.0181,318814000.0,0.0,-21587000.0,-1.4381,-49515000.0,38720000.0,BALANCED,-51.9519
2025-10-29,UGL,UGL,0.0,48.4,0.0089,318814000.0,0.0,0.0,0.0243,-42013000.0,29460000.0,BALANCED,-9.3937
2025-10-30,UGL,UGL,0.0,48.77,0.0077,318814000.0,0.0,0.0,0.0103,-42013000.0,29460000.0,BALANCED,-9.7427
2025-10-31,UGL,UGL,0.0,48.3,-0.0096,318814000.0,0.0,0.0,-0.0439,-26473000.0,50415000.0,BALANCED,-11.0963
2025-11-03,UGL,UGL,19494000.0,48.73,0.009,338308000.0,19494000.0,0.0,1.2601,-2093000.0,65091000.0,BALANCED,23.5022
2025-11-04,UGL,UGL,-21346000.0,47.44,-0.0266,316962000.0,0.0,-21346000.0,-1.4685,-1852000.0,43745000.0,BALANCED,-48.7115
2025-11-05,UGL,UGL,0.0,48.22,0.0164,316962000.0,0.0,0.0,-0.0468,-1852000.0,31124000.0,BALANCED,-11.1694
2025-11-06,UGL,UGL,0.0,48.17,-0.0009,316962000.0,0.0,0.0,-0.0468,-1852000.0,7094000.0,BALANCED,-11.1694
2025-11-07,UGL,UGL,-12158000.0,48.63,0.0095,304804000.0,0.0,-12158000.0,-0.8248,-14010000.0,-5064000.0,BALANCED,-32.6201
2025-11-10,UGL,UGL,7704000.0,51.36,0.0561,312508000.0,7704000.0,0.0,0.4412,-25800000.0,-5157000.0,BALANCED,3.0307
2025-11-11,UGL,UGL,17929000.0,51.23,-0.0026,330437000.0,17929000.0,0.0,1.0607,13475000.0,10135000.0,BALANCED,40.5177
2025-11-12,UGL,UGL,0.0,53.65,0.0473,330437000.0,0.0,0.0,-0.0898,13475000.0,-35526000.0,BALANCED,7.7559
2025-11-13,UGL,UGL,0.0,53.19,-0.0085,330437000.0,0.0,0.0,-0.0898,13475000.0,-49615000.0,BALANCED,7.7559
2025-11-14,UGL,UGL,0.0,50.65,-0.0478,330437000.0,0.0,0.0,-0.141,25633000.0,-71203000.0,BALANCED,6.4752
2025-11-17,UGL,UGL,0.0,50.18,-0.0093,330437000.0,0.0,0.0,-0.1301,17929000.0,-48112000.0,BALANCED,6.7479
2025-11-18,UGL,UGL,-27490000.0,49.98,-0.0039,302947000.0,0.0,-27490000.0,-1.8241,-27490000.0,-65382000.0,DISTRIBUTION,-57.6029
2025-11-19,UGL,UGL,0.0,50.39,0.0081,302947000.0,0.0,0.0,-0.0369,-27490000.0,-57880000.0,BALANCED,-10.9223
2025-11-20,UGL,UGL,0.0,49.84,-0.0109,302947000.0,0.0,0.0,0.0156,-27490000.0,-57880000.0,BALANCED,-9.6106
2025-11-21,UGL,UGL,-12584000.0,50.34,0.01,290363000.0,0.0,-12584000.0,-0.7966,-40074000.0,-54924000.0,BALANCED,-31.9154
2025-11-24,UGL,UGL,0.0,50.71,0.0074,290363000.0,0.0,0.0,0.0611,-40074000.0,-50038000.0,BALANCED,-8.4727
2025-11-25,UGL,UGL,-12964000.0,51.85,0.0226,277399000.0,0.0,-12964000.0,-0.7669,-25548000.0,-41415000.0,BALANCED,-31.1721
2025-11-26,UGL,UGL,-18368000.0,52.48,0.012,259031000.0,0.0,-18368000.0,-1.1894,-43916000.0,-59783000.0,BALANCED,-43.7347
2025-11-28,UGL,UGL,0.0,53.81,0.0253,259031000.0,0.0,0.0,0.3357,-43916000.0,-59783000.0,BALANCED,-1.6067
2025-12-01,UGL,UGL,2716000.0,54.31,0.0094,261747000.0,2716000.0,0.0,0.6656,-28616000.0,-57067000.0,BALANCED,8.6405
2025-12-02,UGL,UGL,0.0,52.95,-0.0252,261747000.0,0.0,0.0,0.369,-28616000.0,-76561000.0,BALANCED,-0.775
2025-12-03,UGL,UGL,-10648000.0,53.24,0.0056,251099000.0,0.0,-10648000.0,-0.6383,-26300000.0,-65863000.0,BALANCED,-27.9567
2025-12-04,UGL,UGL,-5351000.0,53.51,0.005,245748000.0,0.0,-5351000.0,-0.1437,-13283000.0,-71214000.0,BALANCED,-17.5927
2025-12-05,UGL,UGL,0.0,53.51,0.0001,245748000.0,0.0,0.0,0.3639,-13283000.0,-71214000.0,BALANCED,-0.9035
2025-12-08,UGL,UGL,18510000.0,52.88,-0.0117,264258000.0,18510000.0,0.0,1.918,2511000.0,-40546000.0,ACCUMULATION,59.9491
2025-12-09,UGL,UGL,-5335000.0,53.35,0.0089,258923000.0,0.0,-5335000.0,-0.2368,-2824000.0,-53585000.0,BALANCED,-17.9188
2025-12-10,UGL,UGL,10613000.0,53.07,-0.0054,269536000.0,10613000.0,0.0,1.1427,18437000.0,-60901000.0,BALANCED,40.5669
2025-12-11,UGL,UGL,0.0,55.29,0.0419,269536000.0,0.0,0.0,0.1532,23788000.0,-60901000.0,BALANCED,13.8288
2025-12-12,UGL,UGL,0.0,55.68,0.0072,269536000.0,0.0,0.0,0.1532,23788000.0,-60901000.0,BALANCED,13.8288
2025-12-15,UGL,UGL,97773000.0,55.87,0.0034,367309000.0,97773000.0,0.0,4.5595,103051000.0,36872000.0,ACCUMULATION,100.0
2025-12-16,UGL,UGL,-33480000.0,55.8,-0.0013,333829000.0,0.0,-33480000.0,-1.5326,74906000.0,3392000.0,DISTRIBUTION,-30.3141
2025-12-17,UGL,UGL,0.0,56.88,0.0193,333829000.0,0.0,0.0,-0.0263,64293000.0,30882000.0,BALANCED,9.3425
2025-12-18,UGL,UGL,0.0,56.63,-0.0042,333829000.0,0.0,0.0,-0.0263,64293000.0,30882000.0,BALANCED,9.3425
2025-12-19,UGL,UGL,0.0,57.23,0.0105,333829000.0,0.0,0.0,-0.0263,64293000.0,30882000.0,BALANCED,9.3425
2025-12-22,UGL,UGL,0.0,59.38,0.0376,333829000.0,0.0,0.0,-0.0455,-33480000.0,43466000.0,BALANCED,-11.1386
2025-12-23,UGL,UGL,0.0,60.35,0.0163,333829000.0,0.0,0.0,-0.0335,0.0,43466000.0,BALANCED,-0.8379
2025-12-24,UGL,UGL,0.0,60.28,-0.0012,333829000.0,0.0,0.0,-0.0054,0.0,56430000.0,BALANCED,-0.1349
2025-12-26,UGL,UGL,0.0,61.62,0.0223,333829000.0,0.0,0.0,-0.0054,0.0,74798000.0,BALANCED,-0.1349
2025-12-29,UGL,UGL,11194000.0,55.97,-0.0917,345023000.0,11194000.0,0.0,0.5087,11194000.0,85992000.0,BALANCED,24.7164
2025-12-30,UGL,UGL,0.0,57.07,0.0197,345023000.0,0.0,0.0,-0.0231,11194000.0,83276000.0,BALANCED,9.4226
2025-12-31,UGL,UGL,-16770000.0,55.9,-0.0205,328253000.0,0.0,-16770000.0,-0.7844,-5576000.0,66506000.0,BALANCED,-31.6107
2026-01-02,UGL,UGL,-5561000.0,55.61,-0.0052,322692000.0,0.0,-5561000.0,-0.3007,-11137000.0,71593000.0,BALANCED,-21.5184
2026-01-05,UGL,UGL,-11751000.0,58.75,0.0565,310941000.0,0.0,-11751000.0,-0.5777,-22888000.0,65193000.0,BALANCED,-30.4416
2026-01-06,UGL,UGL,0.0,59.94,0.0201,310941000.0,0.0,0.0,-0.0128,-34082000.0,65193000.0,BALANCED,-10.3202
2026-01-07,UGL,UGL,0.0,59.04,-0.0149,310941000.0,0.0,0.0,-0.0332,-34082000.0,46683000.0,BALANCED,-10.83
2026-01-08,UGL,UGL,0.0,59.0,-0.0007,310941000.0,0.0,0.0,-0.0332,-17312000.0,52018000.0,BALANCED,-10.83
2026-01-09,UGL,UGL,0.0,60.07,0.0181,310941000.0,0.0,0.0,-0.0545,-11751000.0,41405000.0,BALANCED,-11.3634
2026-01-12,UGL,UGL,12623000.0,63.11,0.0507,323564000.0,12623000.0,0.0,0.5167,12623000.0,54028000.0,BALANCED,24.9186
2026-01-13,UGL,UGL,18808000.0,62.69,-0.0067,342372000.0,18808000.0,0.0,0.7825,31431000.0,72836000.0,BALANCED,33.562
2026-01-14,UGL,UGL,12738000.0,63.69,0.0159,355110000.0,12738000.0,0.0,0.468,44169000.0,-12199000.0,BALANCED,27.7009
2026-01-15,UGL,UGL,9503000.0,63.35,-0.0053,364613000.0,9503000.0,0.0,0.295,53672000.0,30784000.0,BALANCED,25.375
2026-01-16,UGL,UGL,0.0,62.59,-0.0121,364613000.0,0.0,0.0,-0.1852,53672000.0,30784000.0,BALANCED,5.3699
2026-01-20,UGL,UGL,0.0,67.23,0.0742,364613000.0,0.0,0.0,-0.1945,41049000.0,30784000.0,BALANCED,5.1375
2026-01-21,UGL,UGL,-13853000.0,69.26,0.0302,350760000.0,0.0,-13853000.0,-0.8416,8388000.0,16931000.0,BALANCED,-13.0401
2026-01-22,UGL,UGL,0.0,71.44,0.0314,350760000.0,0.0,0.0,-0.1411,-4350000.0,16931000.0,BALANCED,-13.5282
2026-01-23,UGL,UGL,0.0,73.39,0.0274,350760000.0,0.0,0.0,-0.1502,-13853000.0,16931000.0,BALANCED,-13.7552
2026-01-26,UGL,UGL,19121000.0,76.48,0.0421,369881000.0,19121000.0,0.0,0.7678,5268000.0,36052000.0,BALANCED,31.1949
2026-01-27,UGL,UGL,0.0,76.44,-0.0006,369881000.0,0.0,0.0,-0.1628,5268000.0,36052000.0,BALANCED,5.9303
2026-01-28,UGL,UGL,0.0,83.0,0.0858,369881000.0,0.0,0.0,-0.1628,19121000.0,24858000.0,BALANCED,5.9303
2026-01-29,UGL,UGL,20864000.0,83.46,0.0055,390745000.0,20864000.0,0.0,1.8448,39985000.0,45722000.0,ACCUMULATION,58.1209
2026-01-30,UGL,UGL,-25784000.0,64.46,-0.2276,364961000.0,0.0,-25784000.0,-2.6519,14201000.0,36708000.0,DISTRIBUTION,-58.2982
2026-02-02,UGL,UGL,9293000.0,61.95,-0.0389,374254000.0,9293000.0,0.0,0.7772,4373000.0,51562000.0,BALANCED,31.4306
2026-02-03,UGL,UGL,-13895000.0,69.48,0.1214,360359000.0,0.0,-13895000.0,-1.3951,-9522000.0,49418000.0,BALANCED,-46.8764
2026-02-04,UGL,UGL,0.0,69.92,0.0064,360359000.0,0.0,0.0,-0.0835,-9522000.0,49418000.0,BALANCED,-12.0869
2026-02-05,UGL,UGL,-13639000.0,68.2,-0.0247,346720000.0,0.0,-13639000.0,-1.2882,-44025000.0,35779000.0,BALANCED,-44.2058
2026-02-06,UGL,UGL,-7072000.0,70.72,0.037,339648000.0,0.0,-7072000.0,-0.6602,-25313000.0,28707000.0,BALANCED,-30.5038
2026-02-09,UGL,UGL,22067000.0,73.56,0.0401,361715000.0,22067000.0,0.0,1.8054,-12539000.0,50774000.0,ACCUMULATION,37.1342
2026-02-10,UGL,UGL,0.0,72.16,-0.019,361715000.0,0.0,0.0,-0.0794,1356000.0,38151000.0,BALANCED,8.0152
2026-02-11,UGL,UGL,25935000.0,74.1,0.0269,387650000.0,25935000.0,0.0,1.9706,27291000.0,45278000.0,ACCUMULATION,61.2639
2026-02-12,UGL,UGL,0.0,69.74,-0.0589,387650000.0,0.0,0.0,-0.1142,40930000.0,32540000.0,BALANCED,7.1445
2026-02-13,UGL,UGL,-25376000.0,72.5,0.0396,362274000.0,0.0,-25376000.0,-2.0451,22626000.0,-2339000.0,DISTRIBUTION,-43.1287
2026-02-17,UGL,UGL,0.0,68.48,-0.0555,362274000.0,0.0,0.0,-0.1023,559000.0,-2339000.0,BALANCED,7.4436
2026-02-18,UGL,UGL,-24984000.0,71.38,0.0423,337290000.0,0.0,-24984000.0,-1.9053,-24425000.0,-27323000.0,DISTRIBUTION,-59.6322
2026-02-19,UGL,UGL,0.0,71.04,-0.0048,337290000.0,0.0,0.0,-0.0647,-50360000.0,-13470000.0,BALANCED,-11.6176
2026-02-20,UGL,UGL,-7342000.0,73.42,0.0335,329948000.0,0.0,-7342000.0,-0.584,-57702000.0,-20812000.0,BALANCED,-26.6005
2026-02-23,UGL,UGL,11641000.0,77.61,0.0571,341589000.0,11641000.0,0.0,0.7694,-20685000.0,-9171000.0,BALANCED,11.2349
2026-02-24,UGL,UGL,22844000.0,76.15,-0.0189,364433000.0,22844000.0,0.0,1.4664,2159000.0,-5448000.0,BALANCED,50.659
2026-02-25,UGL,UGL,0.0,77.62,0.0193,364433000.0,0.0,0.0,-0.0958,27143000.0,-5448000.0,BALANCED,7.6047
2026-02-26,UGL,UGL,0.0,76.67,-0.0122,364433000.0,0.0,0.0,-0.0532,27143000.0,-5448000.0,BALANCED,8.6709
2026-02-27,UGL,UGL,0.0,78.27,0.0208,364433000.0,0.0,0.0,-0.0228,34485000.0,-26312000.0,BALANCED,9.4306
2026-03-02,UGL,UGL,48102000.0,80.17,0.0243,412535000.0,48102000.0,0.0,2.8823,70946000.0,47574000.0,ACCUMULATION,84.0577
2026-03-03,UGL,UGL,-11175000.0,74.5,-0.0707,401360000.0,0.0,-11175000.0,-0.7607,36927000.0,27106000.0,BALANCED,-11.0173
2026-03-04,UGL,UGL,14965000.0,74.83,0.0043,416325000.0,14965000.0,0.0,0.803,51892000.0,55966000.0,BALANCED,32.0748
2026-03-05,UGL,UGL,-51240000.0,73.2,-0.0217,365085000.0,0.0,-51240000.0,-2.7308,652000.0,4726000.0,DISTRIBUTION,-60.2697
2026-03-06,UGL,UGL,-33982000.0,75.52,0.0316,331103000.0,0.0,-33982000.0,-1.6699,-33330000.0,-15617000.0,DISTRIBUTION,-55.7481
2026-03-09,UGL,UGL,-18478000.0,73.91,-0.0212,312625000.0,0.0,-18478000.0,-0.851,-99910000.0,-27023000.0,BALANCED,-37.275
2026-03-10,UGL,UGL,-31169000.0,77.92,0.0543,281456000.0,0.0,-31169000.0,-1.3731,-119904000.0,-80259000.0,BALANCED,-52.3284
2026-03-11,UGL,UGL,15211000.0,76.05,-0.024,296667000.0,15211000.0,0.0,0.8481,-119658000.0,-65048000.0,BALANCED,13.2017
2026-03-12,UGL,UGL,0.0,74.47,-0.0208,296667000.0,0.0,0.0,0.1173,-68418000.0,-90983000.0,BALANCED,-7.0687
2026-03-13,UGL,UGL,-7261000.0,72.61,-0.025,289406000.0,0.0,-7261000.0,-0.1908,-41697000.0,-98244000.0,BALANCED,-16.7688
2026-03-16,UGL,UGL,-39009000.0,70.92,-0.0233,250397000.0,0.0,-39009000.0,-1.6764,-62228000.0,-111877000.0,DISTRIBUTION,-55.9101
2026-03-17,UGL,UGL,-10666000.0,71.11,0.0025,239731000.0,0.0,-10666000.0,-0.2961,-41725000.0,-122543000.0,BALANCED,-23.4026
2026-03-18,UGL,UGL,0.0,67.93,-0.0447,239731000.0,0.0,0.0,0.1932,-56936000.0,-97559000.0,BALANCED,-5.1708
2026-03-19,UGL,UGL,0.0,59.88,-0.1186,239731000.0,0.0,0.0,0.1932,-56936000.0,-97559000.0,BALANCED,-5.1708
2026-03-20,UGL,UGL,44313000.0,59.08,-0.0132,284044000.0,44313000.0,0.0,2.0612,-5362000.0,-45904000.0,ACCUMULATION,43.5301
2026-03-23,UGL,UGL,-8209000.0,54.73,-0.0737,275835000.0,0.0,-8209000.0,-0.27,25438000.0,-65754000.0,BALANCED,1.2489
2026-03-24,UGL,UGL,73714000.0,54.6,-0.0023,349549000.0,73714000.0,0.0,2.8375,109818000.0,-14884000.0,ACCUMULATION,82.9379
2026-03-25,UGL,UGL,-8750000.0,58.33,0.0683,340799000.0,0.0,-8750000.0,-0.3078,101068000.0,-23634000.0,BALANCED,0.3059
2026-03-26,UGL,UGL,-10769000.0,53.85,-0.0769,330030000.0,0.0,-10769000.0,-0.3439,90299000.0,-34403000.0,BALANCED,-2.5967
2026-03-27,UGL,UGL,-53836000.0,56.67,0.0524,276194000.0,0.0,-53836000.0,-1.8282,-7850000.0,-88239000.0,DISTRIBUTION,-61.7051
2026-03-30,UGL,UGL,0.0,57.51,0.0148,276194000.0,0.0,0.0,0.1058,359000.0,-136341000.0,BALANCED,12.6456
2026-03-31,UGL,UGL,0.0,60.57,0.0532,276194000.0,0.0,0.0,0.1058,-73355000.0,-125166000.0,BALANCED,-7.3544
2026-04-01,UGL,UGL,-9608000.0,64.05,0.0576,266586000.0,0.0,-9608000.0,-0.2703,-74213000.0,-149739000.0,BALANCED,-18.7578
2026-04-02,UGL,UGL,-12102000.0,60.51,-0.0553,254484000.0,0.0,-12102000.0,-0.3475,-75546000.0,-110601000.0,BALANCED,-22.6886
2026-04-06,UGL,UGL,-3032000.0,60.65,0.0023,251452000.0,0.0,-3032000.0,-0.0155,-24742000.0,-79651000.0,BALANCED,-16.3866
2026-04-07,UGL,UGL,-24261000.0,60.65,0.0,227191000.0,0.0,-24261000.0,-0.7571,-49003000.0,-85434000.0,BALANCED,-36.9276
2026-04-08,UGL,UGL,-9458000.0,63.05,0.0396,217733000.0,0.0,-9458000.0,-0.1721,-58461000.0,-63723000.0,BALANCED,-24.3016
2026-04-09,UGL,UGL,0.0,64.13,0.0172,217733000.0,0.0,0.0,0.1842,-48853000.0,-78934000.0,BALANCED,-5.3952
2026-04-10,UGL,UGL,-6333000.0,63.33,-0.0126,211400000.0,0.0,-6333000.0,-0.0464,-43084000.0,-85267000.0,BALANCED,-13.1607
2026-04-13,UGL,UGL,3140000.0,62.81,-0.0082,214540000.0,3140000.0,0.0,0.3063,-36912000.0,-74866000.0,BALANCED,-0.3416
2026-04-14,UGL,UGL,-6499000.0,64.99,0.0347,208041000.0,0.0,-6499000.0,0.0129,-19150000.0,-42356000.0,BALANCED,-11.6773
2026-04-15,UGL,UGL,0.0,64.28,-0.0108,208041000.0,0.0,0.0,0.2618,-9692000.0,-31690000.0,BALANCED,-3.4541
2026-04-16,UGL,UGL,-15969000.0,63.87,-0.0064,192072000.0,0.0,-15969000.0,-0.3491,-25661000.0,-47659000.0,BALANCED,-20.7281
2026-04-17,UGL,UGL,-6578000.0,65.78,0.0298,185494000.0,0.0,-6578000.0,-0.0259,-25906000.0,-54237000.0,BALANCED,-14.6464
2026-04-20,UGL,UGL,0.0,64.42,-0.0207,185494000.0,0.0,0.0,0.2178,-29046000.0,-98550000.0,BALANCED,-4.5543
2026-04-21,UGL,UGL,-18455000.0,61.52,-0.0451,167039000.0,0.0,-18455000.0,-0.6105,-41002000.0,-108796000.0,BALANCED,-27.2618
2026-04-22,UGL,UGL,-9358000.0,62.39,0.0142,157681000.0,0.0,-9358000.0,-0.2406,-50360000.0,-191868000.0,BALANCED,-20.0161
2026-04-23,UGL,UGL,0.0,61.63,-0.0121,157681000.0,0.0,0.0,0.216,-34391000.0,-183118000.0,BALANCED,-4.6007
2026-04-24,UGL,UGL,-9312000.0,62.08,0.0073,148369000.0,0.0,-9312000.0,-0.2037,-37125000.0,-181661000.0,BALANCED,-17.0919
2026-04-27,UGL,UGL,3043000.0,60.85,-0.0198,151412000.0,3043000.0,0.0,0.3556,-34082000.0,-124782000.0,BALANCED,0.8897
2026-04-28,UGL,UGL,-8796000.0,58.64,-0.0363,142616000.0,0.0,-8796000.0,-0.2537,-24423000.0,-133578000.0,BALANCED,-18.3421
2026-04-29,UGL,UGL,-2873000.0,57.45,-0.0202,139743000.0,0.0,-2873000.0,0.0225,-17938000.0,-136451000.0,BALANCED,-13.4382
2026-04-30,UGL,UGL,0.0,59.17,0.0299,139743000.0,0.0,0.0,0.1628,-17938000.0,-126843000.0,BALANCED,-5.929
2026-05-01,UGL,UGL,0.0,59.56,0.0065,139743000.0,0.0,0.0,0.1628,-8626000.0,-114741000.0,BALANCED,-5.929
2026-05-04,UGL,UGL,2836000.0,56.71,-0.0478,142579000.0,2836000.0,0.0,0.4096,-8833000.0,-108873000.0,BALANCED,2.2389
2026-05-05,UGL,UGL,8640000.0,57.6,0.0157,151219000.0,8640000.0,0.0,0.6884,8603000.0,-75972000.0,BALANCED,31.2106
2026-05-06,UGL,UGL,0.0,60.78,0.0551,151219000.0,0.0,0.0,0.5784,11476000.0,-66514000.0,BALANCED,24.4599
2026-05-07,UGL,UGL,0.0,61.21,0.0071,151219000.0,0.0,0.0,0.5502,11476000.0,-66514000.0,BALANCED,23.7557
2026-05-08,UGL,UGL,12346000.0,61.73,0.0085,163565000.0,12346000.0,0.0,1.4984,23822000.0,-47835000.0,BALANCED,49.4608
2026-05-11,UGL,UGL,30839000.0,61.68,-0.0008,194404000.0,30839000.0,0.0,3.3627,51825000.0,-20136000.0,ACCUMULATION,98.0667
2026-05-12,UGL,UGL,-12118000.0,60.59,-0.0177,182286000.0,0.0,-12118000.0,-0.8888,31067000.0,-25755000.0,BALANCED,-14.2205
2026-05-13,UGL,UGL,0.0,61.1,0.0085,182286000.0,0.0,0.0,0.3096,31067000.0,-25755000.0,BALANCED,17.739
2026-05-14,UGL,UGL,0.0,60.54,-0.0091,182286000.0,0.0,0.0,0.2796,31067000.0,-9786000.0,BALANCED,16.9889
2026-05-15,UGL,UGL,-8604000.0,57.36,-0.0526,173682000.0,0.0,-8604000.0,-0.5934,10117000.0,-11812000.0,BALANCED,-6.8357
2026-05-18,UGL,UGL,0.0,57.28,-0.0014,173682000.0,0.0,0.0,0.26,-20722000.0,-11812000.0,BALANCED,-3.5009
2026-05-19,UGL,UGL,0.0,56.1,-0.0205,173682000.0,0.0,0.0,0.196,-8604000.0,6643000.0,BALANCED,-5.0997
2026-05-20,UGL,UGL,-11342000.0,56.71,0.0109,162340000.0,0.0,-11342000.0,-1.0366,-19946000.0,4659000.0,BALANCED,-37.9139
2026-05-21,UGL,UGL,-14225000.0,56.9,0.0033,148115000.0,0.0,-14225000.0,-1.2629,-34171000.0,-9566000.0,BALANCED,-45.5728
2026-05-22,UGL,UGL,-28203000.0,56.41,-0.0087,119912000.0,0.0,-28203000.0,-2.3891,-53770000.0,-28457000.0,DISTRIBUTION,-75.7275
2026-05-26,UGL,UGL,2794000.0,55.89,-0.0092,122706000.0,2794000.0,0.0,0.5565,-50976000.0,-28706000.0,BALANCED,5.9122
2026-05-27,UGL,UGL,-19100000.0,54.57,-0.0235,103606000.0,0.0,-19100000.0,-1.4319,-70076000.0,-39010000.0,BALANCED,-47.7968
2026-05-28,UGL,UGL,5581000.0,55.81,0.0227,109187000.0,5581000.0,0.0,0.8057,-53153000.0,-30556000.0,BALANCED,12.1429
2026-05-29,UGL,UGL,8598000.0,57.32,0.027,117785000.0,8598000.0,0.0,1.0109,-30330000.0,-21958000.0,BALANCED,19.2726
2026-06-01,UGL,UGL,0.0,55.16,-0.0377,117785000.0,0.0,0.0,0.2064,-2127000.0,-21958000.0,BALANCED,-4.8403
2026-06-02,UGL,UGL,5549000.0,55.49,0.0061,123334000.0,5549000.0,0.0,0.6915,628000.0,-19245000.0,BALANCED,29.2863
2026-06-03,UGL,UGL,-16258000.0,54.19,-0.0234,107076000.0,0.0,-16258000.0,-1.3063,3470000.0,-44143000.0,BALANCED,-24.657
2026-06-04,UGL,UGL,0.0,55.12,0.0171,107076000.0,0.0,0.0,0.1557,-2111000.0,-44143000.0,BALANCED,-6.1067
2026-06-05,UGL,UGL,-2586000.0,51.71,-0.0619,104490000.0,0.0,-2586000.0,-0.0751,-13295000.0,-46729000.0,BALANCED,-13.877
2026-06-08,UGL,UGL,0.0,51.67,-0.0007,104490000.0,0.0,0.0,0.1362,-13295000.0,-59075000.0,BALANCED,-6.5946
2026-06-09,UGL,UGL,-37389000.0,49.85,-0.0352,67101000.0,0.0,-37389000.0,-2.7577,-56233000.0,-127303000.0,DISTRIBUTION,-80.9424
2026-06-10,UGL,UGL,0.0,46.29,-0.0714,67101000.0,0.0,0.0,0.2014,-39975000.0,-115185000.0,BALANCED,-4.9644
2026-06-11,UGL,UGL,18346000.0,45.87,-0.0092,85447000.0,18346000.0,0.0,1.5429,-21629000.0,-96839000.0,ACCUMULATION,30.5722
2026-06-12,UGL,UGL,0.0,48.65,0.0608,85447000.0,0.0,0.0,0.1385,-19043000.0,-96839000.0,BALANCED,-6.5365
2026-06-15,UGL,UGL,15374000.0,51.25,0.0533,100821000.0,15374000.0,0.0,1.241,-3669000.0,-72861000.0,BALANCED,23.0258
2026-06-16,UGL,UGL,-15395000.0,51.32,0.0014,85426000.0,0.0,-15395000.0,-0.9882,18325000.0,-88256000.0,BALANCED,-16.7056
2026-06-17,UGL,UGL,0.0,51.96,0.0125,85426000.0,0.0,0.0,0.1623,18325000.0,-88256000.0,BALANCED,14.058
2026-06-18,UGL,UGL,0.0,48.75,-0.0617,85426000.0,0.0,0.0,0.1623,-21000.0,-76914000.0,BALANCED,-5.942
2026-06-22,UGL,UGL,11942000.0,47.77,-0.0202,97368000.0,11942000.0,0.0,0.9989,11921000.0,-50747000.0,BALANCED,36.9736
2026-06-23,UGL,UGL,-18623000.0,46.56,-0.0253,78745000.0,0.0,-18623000.0,-1.1433,-22076000.0,-41167000.0,BALANCED,-40.5829
2026-06-24,UGL,UGL,-2170000.0,43.4,-0.0677,76575000.0,0.0,-2170000.0,0.1432,-8851000.0,-46131000.0,BALANCED,-10.4188
2026-06-25,UGL,UGL,4425000.0,44.25,0.0194,81000000.0,4425000.0,0.0,0.6363,-4426000.0,-22606000.0,BALANCED,7.9067
2026-06-26,UGL,UGL,0.0,45.32,0.0242,81000000.0,0.0,0.0,0.2754,-4426000.0,-28187000.0,BALANCED,-3.1159
2026-06-29,UGL,UGL,13216000.0,44.05,-0.0279,94216000.0,13216000.0,0.0,1.28,-3152000.0,-23569000.0,BALANCED,23.9997
2026-06-30,UGL,UGL,0.0,44.05,-0.0001,94216000.0,0.0,0.0,0.2105,15471000.0,-23569000.0,BALANCED,15.2628
2026-07-01,UGL,UGL,2250000.0,45.01,0.0218,96466000.0,2250000.0,0.0,0.3827,19891000.0,-26868000.0,BALANCED,21.5666
2026-07-02,UGL,UGL,-9194000.0,45.97,0.0214,87272000.0,0.0,-9194000.0,-0.499,6272000.0,-19804000.0,BALANCED,-4.4746
2026-07-06,UGL,UGL,11727000.0,46.91,0.0204,98999000.0,11727000.0,0.0,1.0794,17999000.0,-8077000.0,BALANCED,38.984
2026-07-07,UGL,UGL,-7003000.0,46.68,-0.0048,91996000.0,0.0,-7003000.0,-0.4056,-2220000.0,-12494000.0,BALANCED,-22.1412
2026-07-08,UGL,UGL,-4500000.0,45.0,-0.036,87496000.0,0.0,-4500000.0,-0.2935,-6720000.0,-16994000.0,BALANCED,-21.3368
2026-07-09,UGL,UGL,-4629000.0,46.29,0.0287,82867000.0,0.0,-4629000.0,-0.2835,-13599000.0,15766000.0,BALANCED,-23.0865
2026-07-10,UGL,UGL,0.0,45.69,-0.0131,82867000.0,0.0,0.0,0.062,-4405000.0,15766000.0,BALANCED,-8.4503
2026-07-13,UGL,UGL,-10822000.0,43.29,-0.0524,72045000.0,0.0,-10822000.0,-0.853,-26954000.0,-13402000.0,BALANCED,-33.3248
2026-07-14,UGL,UGL,17868000.0,44.67,0.0319,89913000.0,17868000.0,0.0,1.6154,-2083000.0,4466000.0,ACCUMULATION,32.3862
2026-07-15,UGL,UGL,15493000.0,44.27,-0.009,105406000.0,15493000.0,0.0,1.3237,17910000.0,4585000.0,BALANCED,47.0924
2026-07-16,UGL,UGL,0.0,42.96,-0.0294,105406000.0,0.0,0.0,0.05,22539000.0,19980000.0,BALANCED,11.2488
2026-07-17,UGL,UGL,-4354000.0,43.54,0.0134,101052000.0,0.0,-4354000.0,-0.3575,18185000.0,15626000.0,BALANCED,-0.9363
2026-07-20,UGL,UGL,0.0,43.49,-0.0012,101052000.0,0.0,0.0,0.0173,29007000.0,15626000.0,BALANCED,10.4321
2026-07-21,UGL,UGL,2240000.0,44.8,0.0301,103292000.0,2240000.0,0.0,0.1962,13379000.0,5924000.0,BALANCED,16.906
2026-07-22,UGL,UGL,2323000.0,46.45,0.0369,105615000.0,2323000.0,0.0,0.1966,209000.0,26870000.0,BALANCED,18.9146
2026-07-23,UGL,UGL,-2211000.0,44.21,-0.0482,103404000.0,0.0,-2211000.0,-0.3697,-2002000.0,26829000.0,BALANCED,-21.2433
2026-07-24,UGL,UGL,0.0,44.67,0.0103,103404000.0,0.0,0.0,-0.1308,2352000.0,22404000.0,BALANCED,6.7305
2026-07-27,UGL,UGL,6723000.0,44.82,0.0033,110127000.0,6723000.0,0.0,0.6751,9075000.0,29127000.0,BALANCED,28.8777
2026-07-28,UGL,UGL,0.0,44.0,-0.0182,110127000.0,0.0,0.0,-0.0941,6835000.0,15911000.0,BALANCED,7.6468
2026-07-29,UGL,UGL,0.0,43.97,-0.0007,110127000.0,0.0,0.0,-0.0374,4512000.0,15911000.0,BALANCED,9.0653
2026-07-30,UGL,UGL,-11335000.0,45.34,0.0311,98792000.0,0.0,-11335000.0,-1.4613,-4612000.0,2326000.0,BALANCED,-48.5336
2026-07-31,UGL,UGL,0.0,44.18,-0.0257,98792000.0,0.0,0.0,-0.0553,-4612000.0,11520000.0,BALANCED,-11.3817
2026-08-03,UGL,UGL,13149000.0,43.83,-0.0079,111941000.0,13149000.0,0.0,1.4624,1814000.0,12942000.0,BALANCED,48.559
2026-08-04,UGL,UGL,11290000.0,45.16,0.0304,123231000.0,11290000.0,0.0,1.2476,13104000.0,31235000.0,BALANCED,45.1899
2026-08-05,UGL,UGL,0.0,48.49,0.0736,123231000.0,0.0,0.0,-0.1975,13104000.0,35735000.0,BALANCED,5.0636
2026-08-06,UGL,UGL,24180000.0,48.36,-0.0026,147411000.0,24180000.0,0.0,2.5554,48619000.0,64544000.0,ACCUMULATION,75.8846
2026-08-07,UGL,UGL,-2531000.0,50.62,0.0467,144880000.0,0.0,-2531000.0,-0.5435,46088000.0,62013000.0,BALANCED,-5.5874
2026-08-10,UGL,UGL,10217000.0,51.08,0.0092,155097000.0,10217000.0,0.0,0.8916,43156000.0,83052000.0,BALANCED,34.2889
2026-08-11,UGL,UGL,0.0,51.58,0.0097,155097000.0,0.0,0.0,-0.2399,31866000.0,65184000.0,BALANCED,4.0014
2026-08-12,UGL,UGL,0.0,52.2,0.0119,155097000.0,0.0,0.0,-0.2399,31866000.0,49691000.0,BALANCED,4.0014
2026-08-13,UGL,UGL,0.0,51.1,-0.021,155097000.0,0.0,0.0,-0.2309,7686000.0,49691000.0,BALANCED,4.2286
2026-08-14,UGL,UGL,-10300000.0,51.5,0.0078,144797000.0,0.0,-10300000.0,-1.4343,-83000.0,43745000.0,BALANCED,-47.8572
2026-08-17,UGL,UGL,-5235000.0,52.35,0.0165,139562000.0,0.0,-5235000.0,-0.7835,-15535000.0,38510000.0,BALANCED,-33.5886
2026-08-18,UGL,UGL,10222000.0,51.11,-0.0237,149784000.0,10222000.0,0.0,0.987,-5313000.0,46492000.0,BALANCED,16.6759
2026-08-19,UGL,UGL,0.0,54.0,0.0565,149784000.0,0.0,0.0,-0.2494,-5313000.0,44169000.0,BALANCED,-16.2344
2026-08-20,UGL,UGL,32775000.0,54.62,0.0116,182559000.0,32775000.0,0.0,2.9652,27462000.0,79155000.0,ACCUMULATION,86.1289
2026-08-21,UGL,UGL,-14310000.0,57.24,0.0479,168249000.0,0.0,-14310000.0,-1.645,23452000.0,64845000.0,DISTRIBUTION,-33.126
2026-08-24,UGL,UGL,23065000.0,57.66,0.0074,191314000.0,23065000.0,0.0,1.7793,51752000.0,81187000.0,ACCUMULATION,56.4833
2026-08-25,UGL,UGL,17277000.0,57.59,-0.0013,208591000.0,17277000.0,0.0,1.2447,58807000.0,98464000.0,BALANCED,45.1167
2026-08-26,UGL,UGL,2829000.0,56.58,-0.0175,211420000.0,2829000.0,0.0,-0.0673,61636000.0,101293000.0,BALANCED,14.3186
2026-08-27,UGL,UGL,0.0,56.84,0.0046,211420000.0,0.0,0.0,-0.3372,28861000.0,112628000.0,BALANCED,1.5695
2026-08-28,UGL,UGL,0.0,53.58,-0.0573,211420000.0,0.0,0.0,-0.3539,43171000.0,112628000.0,BALANCED,1.153
2026-08-31,UGL,UGL,13112000.0,52.45,-0.0212,224532000.0,13112000.0,0.0,0.8559,33218000.0,112591000.0,BALANCED,33.3967
2026-09-01,UGL,UGL,-17661000.0,50.46,-0.0379,206871000.0,0.0,-17661000.0,-1.879,-1720000.0,83640000.0,DISTRIBUTION,-58.9759
2026-09-02,UGL,UGL,0.0,50.88,0.0083,206871000.0,0.0,0.0,-0.3,-4549000.0,83640000.0,BALANCED,-17.4988
2026-09-03,UGL,UGL,-2689000.0,53.77,0.0569,204182000.0,0.0,-2689000.0,-0.5371,-7238000.0,56771000.0,BALANCED,-25.4275
2026-09-04,UGL,UGL,2614000.0,52.28,-0.0277,206796000.0,2614000.0,0.0,-0.074,-4624000.0,61916000.0,BALANCED,-9.8507
2026-09-08,UGL,UGL,15423000.0,51.41,-0.0167,222219000.0,15423000.0,0.0,1.0214,-2313000.0,67122000.0,BALANCED,19.5343
2026-09-09,UGL,UGL,15575000.0,51.92,0.0099,237794000.0,15575000.0,0.0,0.9742,30923000.0,82697000.0,BALANCED,40.3561
2026-09-10,UGL,UGL,0.0,50.68,-0.0239,237794000.0,0.0,0.0,-0.3663,30923000.0,82697000.0,BALANCED,0.8433
2026-09-11,UGL,UGL,0.0,50.72,0.0008,237794000.0,0.0,0.0,-0.411,33612000.0,82697000.0,BALANCED,-0.2751
2026-09-14,UGL,UGL,19766000.0,49.42,-0.0257,257560000.0,19766000.0,0.0,1.2513,50764000.0,112763000.0,BALANCED,43.2823
2026-09-15,UGL,UGL,-7348000.0,48.98,-0.0087,250212000.0,0.0,-7348000.0,-1.0227,27993000.0,110650000.0,BALANCED,-17.5675
2026-09-16,UGL,UGL,0.0,50.23,0.0253,250212000.0,0.0,0.0,-0.3633,12418000.0,100428000.0,BALANCED,0.9176
2026-09-17,UGL,UGL,0.0,50.51,0.0056,250212000.0,0.0,0.0,-0.3633,12418000.0,100428000.0,BALANCED,0.9176
2026-09-18,UGL,UGL,-10219000.0,51.09,0.0116,239993000.0,0.0,-10219000.0,-1.1766,2199000.0,57434000.0,BALANCED,-21.4162
2026-09-21,UGL,UGL,-17554000.0,50.15,-0.0184,222439000.0,0.0,-17554000.0,-1.6948,-35121000.0,54190000.0,DISTRIBUTION,-56.3701
2026-09-22,UGL,UGL,-14996000.0,49.99,-0.0033,207443000.0,0.0,-14996000.0,-1.3709,-42769000.0,16129000.0,BALANCED,-50.2723
2026-09-23,UGL,UGL,-14598000.0,48.66,-0.0265,192845000.0,0.0,-14598000.0,-1.2615,-57367000.0,-15746000.0,BALANCED,-49.538
