date,ticker,trackinsight_key,usd_flow,nav,perf_pct,cumulative_flow,daily_inflow,daily_outflow,flow_zscore,flow_5d,flow_20d,regime,pressure
2016-01-04,URE,URE,-5112000.0,102.24,-0.0212,-5112000.0,0.0,-5112000.0,0.0,-5112000.0,-5112000.0,BALANCED,-12.0
2016-01-05,URE,URE,5296000.0,105.92,0.036,184000.0,5296000.0,0.0,0.0,184000.0,184000.0,BALANCED,12.0
2016-01-06,URE,URE,0.0,104.93,-0.0093,184000.0,0.0,0.0,0.0,184000.0,184000.0,BALANCED,10.0
2016-01-07,URE,URE,0.0,100.55,-0.0417,184000.0,0.0,0.0,0.0,184000.0,184000.0,BALANCED,10.0
2016-01-08,URE,URE,0.0,97.95,-0.0259,184000.0,0.0,0.0,-0.01,184000.0,184000.0,BALANCED,9.75
2016-01-11,URE,URE,0.0,98.79,0.0086,184000.0,0.0,0.0,-0.0093,5296000.0,184000.0,BALANCED,9.7671
2016-01-12,URE,URE,0.0,97.45,-0.0136,184000.0,0.0,0.0,-0.0087,0.0,184000.0,BALANCED,-0.2187
2016-01-13,URE,URE,0.0,94.4,-0.0313,184000.0,0.0,0.0,-0.0083,0.0,184000.0,BALANCED,-0.2067
2016-01-14,URE,URE,-4714000.0,94.28,-0.0013,-4530000.0,0.0,-4714000.0,-1.3833,-4714000.0,-4530000.0,BALANCED,-46.583
2016-01-15,URE,URE,0.0,92.03,-0.0239,-4530000.0,0.0,0.0,0.1576,-4714000.0,-4530000.0,BALANCED,-6.0598
2016-01-19,URE,URE,0.0,92.74,0.0077,-4530000.0,0.0,0.0,0.1508,-4714000.0,-4530000.0,BALANCED,-6.229
2016-01-20,URE,URE,0.0,87.71,-0.0542,-4530000.0,0.0,0.0,0.1449,-4714000.0,-4530000.0,BALANCED,-6.3783
2016-01-21,URE,URE,0.0,88.89,0.0135,-4530000.0,0.0,0.0,0.1395,-4714000.0,-4530000.0,BALANCED,-6.5113
2016-01-22,URE,URE,0.0,93.79,0.0551,-4530000.0,0.0,0.0,0.1348,0.0,-4530000.0,BALANCED,3.3693
2016-01-25,URE,URE,0.0,91.88,-0.0204,-4530000.0,0.0,0.0,0.1304,0.0,-4530000.0,BALANCED,3.2612
2016-01-26,URE,URE,0.0,95.95,0.0443,-4530000.0,0.0,0.0,0.1265,0.0,-4530000.0,BALANCED,3.1629
2016-01-27,URE,URE,0.0,92.81,-0.0327,-4530000.0,0.0,0.0,0.1229,0.0,-4530000.0,BALANCED,3.0729
2016-01-28,URE,URE,0.0,91.66,-0.0124,-4530000.0,0.0,0.0,0.1196,0.0,-4530000.0,BALANCED,2.9902
2016-01-29,URE,URE,-4780000.0,95.61,0.0431,-9310000.0,0.0,-4780000.0,-1.8704,-4780000.0,-9310000.0,DISTRIBUTION,-58.7611
2016-02-01,URE,URE,0.0,95.65,0.0004,-9310000.0,0.0,0.0,0.2083,-4780000.0,-9310000.0,BALANCED,-4.7933
2016-02-02,URE,URE,0.0,93.56,-0.0218,-9310000.0,0.0,0.0,0.2033,-4780000.0,-4198000.0,BALANCED,-4.9179
2016-02-03,URE,URE,-4728000.0,94.56,0.0107,-14038000.0,0.0,-4728000.0,-1.7659,-9508000.0,-14222000.0,DISTRIBUTION,-56.1473
2016-02-04,URE,URE,0.0,94.8,0.0025,-14038000.0,0.0,0.0,0.2693,-9508000.0,-14222000.0,BALANCED,-3.2684
2016-02-05,URE,URE,4527000.0,90.53,-0.045,-9511000.0,4527000.0,0.0,2.0075,-201000.0,-9695000.0,ACCUMULATION,42.1884
2016-02-08,URE,URE,0.0,85.17,-0.0592,-9511000.0,0.0,0.0,0.1584,-201000.0,-9695000.0,BALANCED,-6.0405
2016-02-09,URE,URE,0.0,82.32,-0.0335,-9511000.0,0.0,0.0,0.1554,-201000.0,-9695000.0,BALANCED,-6.1162
2016-02-10,URE,URE,0.0,83.3,0.0119,-9511000.0,0.0,0.0,0.1525,4527000.0,-9695000.0,BALANCED,13.8122
2016-02-11,URE,URE,-4044000.0,80.88,-0.0291,-13555000.0,0.0,-4044000.0,-1.5009,483000.0,-13739000.0,DISTRIBUTION,-29.5227
2016-02-12,URE,URE,0.0,82.94,0.0255,-13555000.0,0.0,0.0,0.2005,-4044000.0,-9025000.0,BALANCED,-4.9866
2016-02-16,URE,URE,0.0,86.08,0.0379,-13555000.0,0.0,0.0,0.1971,-4044000.0,-9025000.0,BALANCED,-5.0713
2016-02-17,URE,URE,4389000.0,87.77,0.0196,-9166000.0,4389000.0,0.0,1.9824,345000.0,-4636000.0,ACCUMULATION,61.5605
2016-02-18,URE,URE,0.0,89.23,0.0166,-9166000.0,0.0,0.0,0.1528,345000.0,-4636000.0,BALANCED,13.8205
2016-02-19,URE,URE,0.0,89.73,0.0056,-9166000.0,0.0,0.0,0.1528,4389000.0,-4636000.0,BALANCED,13.8205
2016-02-22,URE,URE,0.0,91.88,0.024,-9166000.0,0.0,0.0,0.1528,4389000.0,-4636000.0,BALANCED,13.8205
2016-02-23,URE,URE,0.0,91.26,-0.0067,-9166000.0,0.0,0.0,0.1528,4389000.0,-4636000.0,BALANCED,13.8205
2016-02-24,URE,URE,0.0,91.32,0.0007,-9166000.0,0.0,0.0,0.1528,0.0,-4636000.0,BALANCED,3.8205
2016-02-25,URE,URE,0.0,94.77,0.0378,-9166000.0,0.0,0.0,0.1528,0.0,-4636000.0,BALANCED,3.8205
2016-02-26,URE,URE,0.0,94.04,-0.0077,-9166000.0,0.0,0.0,0.1528,0.0,-4636000.0,BALANCED,3.8205
2016-02-29,URE,URE,0.0,93.78,-0.0028,-9166000.0,0.0,0.0,0.083,0.0,144000.0,BALANCED,2.0743
2016-03-01,URE,URE,0.0,98.79,0.0534,-9166000.0,0.0,0.0,0.083,0.0,144000.0,BALANCED,2.0743
2016-03-02,URE,URE,0.0,100.22,0.0145,-9166000.0,0.0,0.0,0.083,0.0,144000.0,BALANCED,2.0743
2016-03-03,URE,URE,0.0,101.34,0.0112,-9166000.0,0.0,0.0,0.083,0.0,4872000.0,BALANCED,2.0743
2016-03-04,URE,URE,0.0,101.7,0.0036,-9166000.0,0.0,0.0,0.083,0.0,4872000.0,BALANCED,2.0743
2016-03-07,URE,URE,0.0,102.09,0.0038,-9166000.0,0.0,0.0,0.083,0.0,345000.0,BALANCED,2.0743
2016-03-08,URE,URE,0.0,99.98,-0.0207,-9166000.0,0.0,0.0,0.083,0.0,345000.0,BALANCED,2.0743
2016-03-09,URE,URE,0.0,100.9,0.0092,-9166000.0,0.0,0.0,0.083,0.0,345000.0,BALANCED,2.0743
2016-03-10,URE,URE,0.0,100.23,-0.0066,-9166000.0,0.0,0.0,0.083,0.0,345000.0,BALANCED,2.0743
2016-03-11,URE,URE,5252000.0,105.03,0.0479,-3914000.0,5252000.0,0.0,2.4815,5252000.0,9641000.0,ACCUMULATION,74.0387
2016-03-14,URE,URE,0.0,104.77,-0.0025,-3914000.0,0.0,0.0,-0.0945,5252000.0,9641000.0,BALANCED,7.6377
2016-03-15,URE,URE,0.0,104.75,-0.0002,-3914000.0,0.0,0.0,-0.0945,5252000.0,9641000.0,BALANCED,7.6377
2016-03-16,URE,URE,0.0,107.22,0.0236,-3914000.0,0.0,0.0,-0.0945,5252000.0,5252000.0,BALANCED,7.6377
2016-03-17,URE,URE,0.0,110.35,0.0292,-3914000.0,0.0,0.0,-0.2028,5252000.0,5252000.0,BALANCED,4.9293
2016-03-18,URE,URE,-5472000.0,109.45,-0.0082,-9386000.0,0.0,-5472000.0,-2.8517,-5472000.0,-220000.0,DISTRIBUTION,-83.2924
2016-03-21,URE,URE,-21596000.0,107.98,-0.0134,-30982000.0,0.0,-21596000.0,-4.8203,-27068000.0,-21816000.0,DISTRIBUTION,-100.0
2016-03-22,URE,URE,0.0,108.09,0.001,-30982000.0,0.0,0.0,0.1652,-27068000.0,-21816000.0,BALANCED,-5.8695
2016-03-23,URE,URE,0.0,106.31,-0.0151,-30982000.0,0.0,0.0,0.1652,-27068000.0,-21816000.0,BALANCED,-5.8695
2016-03-24,URE,URE,0.0,106.43,0.0011,-30982000.0,0.0,0.0,0.1652,-27068000.0,-21816000.0,BALANCED,-5.8695
2016-03-28,URE,URE,-5406000.0,108.12,0.0159,-36388000.0,0.0,-5406000.0,-1.0617,-27002000.0,-27222000.0,BALANCED,-38.5436
2016-03-29,URE,URE,0.0,112.42,0.0398,-36388000.0,0.0,0.0,0.174,-5406000.0,-27222000.0,BALANCED,-5.6506
2016-03-30,URE,URE,0.0,112.02,-0.0036,-36388000.0,0.0,0.0,0.174,-5406000.0,-27222000.0,BALANCED,-5.6506
2016-03-31,URE,URE,0.0,113.43,0.0126,-36388000.0,0.0,0.0,0.2126,-5406000.0,-27222000.0,BALANCED,-4.6858
2016-04-01,URE,URE,0.0,113.48,0.0004,-36388000.0,0.0,0.0,0.2126,-5406000.0,-27222000.0,BALANCED,-4.6858
2016-04-04,URE,URE,0.0,113.14,-0.003,-36388000.0,0.0,0.0,0.2126,0.0,-27222000.0,BALANCED,5.3142
2016-04-05,URE,URE,0.0,111.81,-0.0118,-36388000.0,0.0,0.0,0.2126,0.0,-27222000.0,BALANCED,5.3142
2016-04-06,URE,URE,0.0,112.52,0.0064,-36388000.0,0.0,0.0,0.2126,0.0,-27222000.0,BALANCED,5.3142
2016-04-07,URE,URE,0.0,111.1,-0.0126,-36388000.0,0.0,0.0,0.2126,0.0,-27222000.0,BALANCED,5.3142
2016-04-08,URE,URE,0.0,112.56,0.0131,-36388000.0,0.0,0.0,0.2126,0.0,-27222000.0,BALANCED,5.3142
2016-04-11,URE,URE,0.0,112.14,-0.0037,-36388000.0,0.0,0.0,0.2126,0.0,-32474000.0,BALANCED,5.3142
2016-04-12,URE,URE,0.0,113.66,0.0136,-36388000.0,0.0,0.0,0.2126,0.0,-32474000.0,BALANCED,5.3142
2016-04-13,URE,URE,0.0,113.17,-0.0043,-36388000.0,0.0,0.0,0.2126,0.0,-32474000.0,BALANCED,5.3142
2016-04-14,URE,URE,0.0,111.82,-0.0119,-36388000.0,0.0,0.0,0.2126,0.0,-32474000.0,BALANCED,5.3142
2016-04-15,URE,URE,0.0,113.3,0.0132,-36388000.0,0.0,0.0,0.2126,0.0,-32474000.0,BALANCED,5.3142
2016-04-18,URE,URE,0.0,114.22,0.0081,-36388000.0,0.0,0.0,0.2126,0.0,-27002000.0,BALANCED,5.3142
2016-04-19,URE,URE,0.0,114.43,0.0018,-36388000.0,0.0,0.0,0.2126,0.0,-5406000.0,BALANCED,5.3142
2016-04-20,URE,URE,0.0,111.22,-0.0281,-36388000.0,0.0,0.0,0.2126,0.0,-5406000.0,BALANCED,5.3142
2016-04-21,URE,URE,0.0,107.43,-0.0341,-36388000.0,0.0,0.0,0.2126,0.0,-5406000.0,BALANCED,5.3142
2016-04-22,URE,URE,0.0,109.73,0.0214,-36388000.0,0.0,0.0,0.2126,0.0,-5406000.0,BALANCED,5.3142
2016-04-25,URE,URE,0.0,111.18,0.0132,-36388000.0,0.0,0.0,0.2632,0.0,0.0,BALANCED,6.5808
2016-04-26,URE,URE,0.0,112.02,0.0076,-36388000.0,0.0,0.0,0.2632,0.0,0.0,BALANCED,6.5808
2016-04-27,URE,URE,0.0,111.82,-0.0018,-36388000.0,0.0,0.0,0.2632,0.0,0.0,BALANCED,6.5808
2016-04-28,URE,URE,0.0,111.2,-0.0055,-36388000.0,0.0,0.0,0.2632,0.0,0.0,BALANCED,6.5808
2016-04-29,URE,URE,0.0,109.44,-0.0158,-36388000.0,0.0,0.0,0.2632,0.0,0.0,BALANCED,6.5808
2016-05-02,URE,URE,0.0,112.44,0.0274,-36388000.0,0.0,0.0,0.2233,0.0,0.0,BALANCED,5.5816
2016-05-03,URE,URE,0.0,111.93,-0.0045,-36388000.0,0.0,0.0,0.1826,0.0,0.0,BALANCED,4.5644
2016-05-04,URE,URE,0.0,115.01,0.0275,-36388000.0,0.0,0.0,0.1826,0.0,0.0,BALANCED,4.5644
2016-05-05,URE,URE,0.0,115.79,0.0068,-36388000.0,0.0,0.0,0.1826,0.0,0.0,BALANCED,4.5644
2016-05-06,URE,URE,0.0,118.01,0.0192,-36388000.0,0.0,0.0,0.1826,0.0,0.0,BALANCED,4.5644
2016-05-09,URE,URE,0.0,120.0,0.0169,-36388000.0,0.0,0.0,0.0,0.0,0.0,BALANCED,0.0
2016-05-10,URE,URE,0.0,120.37,0.0031,-36388000.0,0.0,0.0,0.0,0.0,0.0,BALANCED,0.0
2016-05-11,URE,URE,0.0,115.89,-0.0372,-36388000.0,0.0,0.0,0.0,0.0,0.0,BALANCED,0.0
2016-05-12,URE,URE,0.0,117.29,0.0121,-36388000.0,0.0,0.0,0.0,0.0,0.0,BALANCED,0.0
2016-05-13,URE,URE,0.0,115.22,-0.0176,-36388000.0,0.0,0.0,0.0,0.0,0.0,BALANCED,0.0
2016-05-16,URE,URE,-11728000.0,117.28,0.0179,-48116000.0,0.0,-11728000.0,-5.2947,-11728000.0,-11728000.0,DISTRIBUTION,-100.0
2016-05-17,URE,URE,0.0,113.45,-0.0327,-48116000.0,0.0,0.0,0.1826,-11728000.0,-11728000.0,BALANCED,-5.4356
2016-05-18,URE,URE,0.0,110.36,-0.0272,-48116000.0,0.0,0.0,0.1826,-11728000.0,-11728000.0,BALANCED,-5.4356
2016-05-19,URE,URE,0.0,108.03,-0.0211,-48116000.0,0.0,0.0,0.1826,-11728000.0,-11728000.0,BALANCED,-5.4356
2016-05-20,URE,URE,0.0,109.78,0.0162,-48116000.0,0.0,0.0,0.1826,-11728000.0,-11728000.0,BALANCED,-5.4356
2016-05-23,URE,URE,0.0,109.9,0.0011,-48116000.0,0.0,0.0,0.1826,0.0,-11728000.0,BALANCED,4.5644
2016-05-24,URE,URE,0.0,112.45,0.0232,-48116000.0,0.0,0.0,0.1826,0.0,-11728000.0,BALANCED,4.5644
2016-05-25,URE,URE,28188000.0,112.75,0.0027,-19928000.0,28188000.0,0.0,4.899,28188000.0,16460000.0,ACCUMULATION,100.0
2016-05-26,URE,URE,0.0,113.08,0.0029,-19928000.0,0.0,0.0,-0.0972,28188000.0,16460000.0,BALANCED,7.5688
2016-05-27,URE,URE,-28512000.0,114.05,0.0086,-48440000.0,0.0,-28512000.0,-3.6288,-324000.0,-12052000.0,DISTRIBUTION,-100.0
2016-05-31,URE,URE,0.0,114.17,0.0011,-48440000.0,0.0,0.0,0.0519,-324000.0,-12052000.0,BALANCED,-8.7035
2016-06-01,URE,URE,0.0,114.28,0.001,-48440000.0,0.0,0.0,0.0519,-324000.0,-12052000.0,BALANCED,-8.7035
2016-06-02,URE,URE,0.0,115.43,0.0101,-48440000.0,0.0,0.0,0.0519,-28512000.0,-12052000.0,BALANCED,-8.7035
2016-06-03,URE,URE,0.0,116.14,0.0062,-48440000.0,0.0,0.0,0.0519,-28512000.0,-12052000.0,BALANCED,-8.7035
2016-06-06,URE,URE,0.0,114.76,-0.0119,-48440000.0,0.0,0.0,0.0519,0.0,-12052000.0,BALANCED,1.2965
2016-06-07,URE,URE,0.0,115.98,0.0106,-48440000.0,0.0,0.0,0.0519,0.0,-12052000.0,BALANCED,1.2965
2016-06-08,URE,URE,0.0,117.21,0.0106,-48440000.0,0.0,0.0,0.0519,0.0,-12052000.0,BALANCED,1.2965
2016-06-09,URE,URE,0.0,117.66,0.0038,-48440000.0,0.0,0.0,0.0519,0.0,-12052000.0,BALANCED,1.2965
2016-06-10,URE,URE,0.0,116.51,-0.0098,-48440000.0,0.0,0.0,0.0519,0.0,-12052000.0,BALANCED,1.2965
2016-06-13,URE,URE,0.0,116.29,-0.0019,-48440000.0,0.0,0.0,0.0519,0.0,-12052000.0,BALANCED,1.2965
2016-06-14,URE,URE,0.0,115.06,-0.0106,-48440000.0,0.0,0.0,0.0519,0.0,-324000.0,BALANCED,1.2965
2016-06-15,URE,URE,0.0,117.02,0.017,-48440000.0,0.0,0.0,0.0519,0.0,-324000.0,BALANCED,1.2965
2016-06-16,URE,URE,5913000.0,118.25,0.0105,-42527000.0,5913000.0,0.0,0.7811,5913000.0,5589000.0,BALANCED,31.5283
2016-06-17,URE,URE,0.0,117.91,-0.0029,-42527000.0,0.0,0.0,0.0261,5913000.0,5589000.0,BALANCED,10.6532
2016-06-20,URE,URE,0.0,118.46,0.0047,-42527000.0,0.0,0.0,0.0261,5913000.0,5589000.0,BALANCED,10.6532
2016-06-21,URE,URE,0.0,119.38,0.0078,-42527000.0,0.0,0.0,0.0261,5913000.0,5589000.0,BALANCED,10.6532
2016-06-22,URE,URE,0.0,118.93,-0.0031,-42527000.0,0.0,0.0,0.0261,5913000.0,5589000.0,BALANCED,10.6532
2016-06-23,URE,URE,0.0,120.68,0.0147,-42527000.0,0.0,0.0,0.0261,0.0,-22599000.0,BALANCED,0.6532
2016-06-24,URE,URE,0.0,117.56,-0.0259,-42527000.0,0.0,0.0,0.0261,0.0,-22599000.0,BALANCED,0.6532
2016-06-27,URE,URE,0.0,117.15,-0.0035,-42527000.0,0.0,0.0,0.0261,0.0,5913000.0,BALANCED,0.6532
2016-06-28,URE,URE,24446000.0,122.23,0.0434,-18081000.0,24446000.0,0.0,2.6857,24446000.0,30359000.0,ACCUMULATION,79.1414
2016-06-29,URE,URE,0.0,125.59,0.0275,-18081000.0,0.0,0.0,-0.1147,24446000.0,30359000.0,BALANCED,7.1329
2016-06-30,URE,URE,-32015000.0,128.06,0.0197,-50096000.0,0.0,-32015000.0,-3.0111,-7569000.0,-1656000.0,DISTRIBUTION,-87.2769
2016-07-01,URE,URE,0.0,128.18,0.0009,-50096000.0,0.0,0.0,0.0062,-7569000.0,-1656000.0,BALANCED,-9.8445
2016-07-05,URE,URE,0.0,130.18,0.0156,-50096000.0,0.0,0.0,0.0062,-7569000.0,-1656000.0,BALANCED,-9.8445
2016-07-06,URE,URE,0.0,129.15,-0.0079,-50096000.0,0.0,0.0,0.0062,-32015000.0,-1656000.0,BALANCED,-9.8445
2016-07-07,URE,URE,0.0,126.72,-0.0188,-50096000.0,0.0,0.0,0.0062,-32015000.0,-1656000.0,BALANCED,-9.8445
2016-07-08,URE,URE,0.0,130.65,0.031,-50096000.0,0.0,0.0,0.1096,0.0,-1656000.0,BALANCED,2.7407
2016-07-11,URE,URE,-6620000.0,132.4,0.0134,-56716000.0,0.0,-6620000.0,-0.5845,-6620000.0,-8276000.0,BALANCED,-26.6134
2016-07-12,URE,URE,0.0,132.76,0.0027,-56716000.0,0.0,0.0,0.036,-6620000.0,-8276000.0,BALANCED,-9.099
2016-07-13,URE,URE,0.0,133.78,0.0077,-56716000.0,0.0,0.0,0.036,-6620000.0,-8276000.0,BALANCED,-9.099
2016-07-14,URE,URE,46197000.0,131.99,-0.0134,-10519000.0,46197000.0,0.0,3.9317,39577000.0,37921000.0,ACCUMULATION,100.0
2016-07-15,URE,URE,0.0,132.0,0.0001,-10519000.0,0.0,0.0,-0.1106,39577000.0,32008000.0,BALANCED,7.2349
2016-07-18,URE,URE,-46399000.0,132.57,0.0043,-56918000.0,0.0,-46399000.0,-3.2099,-202000.0,-14391000.0,DISTRIBUTION,-92.2466
2016-07-19,URE,URE,0.0,133.81,0.0094,-56918000.0,0.0,0.0,0.0197,-202000.0,-14391000.0,BALANCED,-9.5083
2016-07-20,URE,URE,0.0,133.74,-0.0005,-56918000.0,0.0,0.0,0.0197,-202000.0,-14391000.0,BALANCED,-9.5083
2016-07-21,URE,URE,0.0,134.32,0.0043,-56918000.0,0.0,0.0,0.0197,-46399000.0,-14391000.0,BALANCED,-9.5083
2016-07-22,URE,URE,0.0,136.44,0.0158,-56918000.0,0.0,0.0,0.0197,-46399000.0,-14391000.0,BALANCED,-9.5083
2016-07-25,URE,URE,0.0,135.96,-0.0035,-56918000.0,0.0,0.0,0.0197,0.0,-14391000.0,BALANCED,0.4917
2016-07-26,URE,URE,0.0,134.97,-0.0073,-56918000.0,0.0,0.0,0.0197,0.0,-14391000.0,BALANCED,0.4917
2016-07-27,URE,URE,-6646000.0,132.93,-0.0151,-63564000.0,0.0,-6646000.0,-0.4261,-6646000.0,-45483000.0,BALANCED,-22.6528
2016-07-28,URE,URE,0.0,134.87,0.0146,-63564000.0,0.0,0.0,0.035,-6646000.0,-45483000.0,BALANCED,-9.1256
2016-07-29,URE,URE,0.0,137.54,0.0198,-63564000.0,0.0,0.0,0.0488,-6646000.0,-13468000.0,BALANCED,-8.7795
2016-08-01,URE,URE,0.0,138.62,0.0079,-63564000.0,0.0,0.0,0.0488,-6646000.0,-13468000.0,BALANCED,-8.7795
2016-08-02,URE,URE,0.0,134.44,-0.0302,-63564000.0,0.0,0.0,0.0488,-6646000.0,-13468000.0,BALANCED,-8.7795
2016-08-03,URE,URE,0.0,133.26,-0.0088,-63564000.0,0.0,0.0,0.0488,0.0,-13468000.0,BALANCED,1.2205
2016-08-04,URE,URE,0.0,132.46,-0.006,-63564000.0,0.0,0.0,0.0488,0.0,-13468000.0,BALANCED,1.2205
2016-08-05,URE,URE,0.0,132.77,0.0023,-63564000.0,0.0,0.0,0.0488,0.0,-13468000.0,BALANCED,1.2205
2016-08-08,URE,URE,0.0,132.96,0.0014,-63564000.0,0.0,0.0,0.0488,0.0,-6848000.0,BALANCED,1.2205
2016-08-09,URE,URE,0.0,134.03,0.008,-63564000.0,0.0,0.0,0.0488,0.0,-6848000.0,BALANCED,1.2205
2016-08-10,URE,URE,0.0,133.81,-0.0016,-63564000.0,0.0,0.0,0.1118,0.0,-6848000.0,BALANCED,2.7955
2016-08-11,URE,URE,65615000.0,131.23,-0.0193,2051000.0,65615000.0,0.0,3.5525,65615000.0,12570000.0,ACCUMULATION,100.0
2016-08-12,URE,URE,0.0,131.97,0.0056,2051000.0,0.0,0.0,-0.101,65615000.0,12570000.0,BALANCED,7.475
2016-08-15,URE,URE,-72440000.0,131.71,-0.002,-70389000.0,0.0,-72440000.0,-3.2762,-6825000.0,-13471000.0,DISTRIBUTION,-93.9057
2016-08-16,URE,URE,0.0,128.6,-0.0236,-70389000.0,0.0,0.0,0.0309,-6825000.0,-13471000.0,BALANCED,-9.228
2016-08-17,URE,URE,0.0,129.38,0.0061,-70389000.0,0.0,0.0,0.0309,-6825000.0,-13471000.0,BALANCED,-9.228
2016-08-18,URE,URE,0.0,128.55,-0.0064,-70389000.0,0.0,0.0,0.0309,-72440000.0,-13471000.0,BALANCED,-9.228
2016-08-19,URE,URE,0.0,126.85,-0.0132,-70389000.0,0.0,0.0,0.0309,-72440000.0,-13471000.0,BALANCED,-9.228
2016-08-22,URE,URE,0.0,128.04,0.0094,-70389000.0,0.0,0.0,0.0208,0.0,-13471000.0,BALANCED,0.5209
2016-08-23,URE,URE,6428000.0,128.55,0.004,-63961000.0,6428000.0,0.0,0.3044,6428000.0,-7043000.0,BALANCED,19.6095
2016-08-24,URE,URE,0.0,127.33,-0.0095,-63961000.0,0.0,0.0,0.011,6428000.0,-397000.0,BALANCED,10.2755
2016-08-25,URE,URE,0.0,128.28,0.0075,-63961000.0,0.0,0.0,0.0887,6428000.0,-397000.0,BALANCED,12.2176
2016-08-26,URE,URE,0.0,125.85,-0.0189,-63961000.0,0.0,0.0,0.0887,6428000.0,-397000.0,BALANCED,12.2176
2016-08-29,URE,URE,0.0,128.27,0.0192,-63961000.0,0.0,0.0,0.0129,6428000.0,-397000.0,BALANCED,10.322
2016-08-30,URE,URE,0.0,127.91,-0.0028,-63961000.0,0.0,0.0,0.0129,0.0,-397000.0,BALANCED,0.322
2016-08-31,URE,URE,0.0,128.2,0.0023,-63961000.0,0.0,0.0,0.0129,0.0,-397000.0,BALANCED,0.322
2016-09-01,URE,URE,0.0,127.74,-0.0036,-63961000.0,0.0,0.0,0.0129,0.0,-397000.0,BALANCED,0.322
2016-09-02,URE,URE,0.0,129.9,0.0169,-63961000.0,0.0,0.0,0.0129,0.0,-397000.0,BALANCED,0.322
2016-09-06,URE,URE,0.0,131.82,0.0148,-63961000.0,0.0,0.0,0.0129,0.0,-397000.0,BALANCED,0.322
2016-09-07,URE,URE,0.0,133.29,0.0112,-63961000.0,0.0,0.0,0.0129,0.0,-397000.0,BALANCED,0.322
2016-09-08,URE,URE,0.0,130.15,-0.0236,-63961000.0,0.0,0.0,0.0007,0.0,-397000.0,BALANCED,0.0182
2016-09-09,URE,URE,0.0,119.82,-0.0794,-63961000.0,0.0,0.0,0.0007,0.0,-66012000.0,BALANCED,0.0182
2016-09-12,URE,URE,0.0,122.72,0.0242,-63961000.0,0.0,0.0,0.0007,0.0,-66012000.0,BALANCED,0.0182
2016-09-13,URE,URE,0.0,116.6,-0.0499,-63961000.0,0.0,0.0,0.0007,0.0,6428000.0,BALANCED,0.0182
2016-09-14,URE,URE,0.0,117.38,0.0067,-63961000.0,0.0,0.0,0.0007,0.0,6428000.0,BALANCED,0.0182
2016-09-15,URE,URE,0.0,118.51,0.0096,-63961000.0,0.0,0.0,0.0007,0.0,6428000.0,BALANCED,0.0182
2016-09-16,URE,URE,0.0,118.11,-0.0034,-63961000.0,0.0,0.0,0.0007,0.0,6428000.0,BALANCED,0.0182
2016-09-19,URE,URE,0.0,120.43,0.0196,-63961000.0,0.0,0.0,0.0007,0.0,6428000.0,BALANCED,0.0182
2016-09-20,URE,URE,0.0,120.04,-0.0032,-63961000.0,0.0,0.0,0.0007,0.0,6428000.0,BALANCED,0.0182
2016-09-21,URE,URE,0.0,122.93,0.0242,-63961000.0,0.0,0.0,0.0007,0.0,0.0,BALANCED,0.0182
2016-09-22,URE,URE,0.0,127.56,0.0377,-63961000.0,0.0,0.0,0.0007,0.0,0.0,BALANCED,0.0182
2016-09-23,URE,URE,0.0,128.08,0.0041,-63961000.0,0.0,0.0,0.1652,0.0,0.0,BALANCED,4.1305
2016-09-26,URE,URE,0.0,128.45,0.0029,-63961000.0,0.0,0.0,0.1652,0.0,0.0,BALANCED,4.1305
2016-09-27,URE,URE,0.0,126.29,-0.0168,-63961000.0,0.0,0.0,-0.1826,0.0,0.0,BALANCED,-4.5644
2016-09-28,URE,URE,0.0,128.04,0.0139,-63961000.0,0.0,0.0,-0.1826,0.0,0.0,BALANCED,-4.5644
2016-09-29,URE,URE,0.0,125.0,-0.0237,-63961000.0,0.0,0.0,-0.1826,0.0,0.0,BALANCED,-4.5644
2016-09-30,URE,URE,-6190000.0,123.81,-0.0095,-70151000.0,0.0,-6190000.0,-3.7402,-6190000.0,-6190000.0,DISTRIBUTION,-100.0
2016-10-03,URE,URE,0.0,119.57,-0.0342,-70151000.0,0.0,0.0,-0.0048,-6190000.0,-6190000.0,BALANCED,-10.1197
2016-10-04,URE,URE,0.0,116.0,-0.0299,-70151000.0,0.0,0.0,-0.0048,-6190000.0,-6190000.0,BALANCED,-10.1197
2016-10-05,URE,URE,0.0,111.54,-0.0384,-70151000.0,0.0,0.0,0.1826,-6190000.0,-6190000.0,BALANCED,-5.4356
2016-10-06,URE,URE,0.0,111.78,0.0022,-70151000.0,0.0,0.0,0.1826,-6190000.0,-6190000.0,BALANCED,-5.4356
2016-10-07,URE,URE,0.0,111.37,-0.0037,-70151000.0,0.0,0.0,0.1826,0.0,-6190000.0,BALANCED,4.5644
2016-10-10,URE,URE,0.0,112.72,0.0121,-70151000.0,0.0,0.0,0.1826,0.0,-6190000.0,BALANCED,4.5644
2016-10-11,URE,URE,0.0,110.59,-0.0189,-70151000.0,0.0,0.0,0.1826,0.0,-6190000.0,BALANCED,4.5644
2016-10-12,URE,URE,0.0,113.44,0.0258,-70151000.0,0.0,0.0,0.1826,0.0,-6190000.0,BALANCED,4.5644
2016-10-13,URE,URE,0.0,114.88,0.0127,-70151000.0,0.0,0.0,0.1826,0.0,-6190000.0,BALANCED,4.5644
2016-10-14,URE,URE,0.0,114.11,-0.0067,-70151000.0,0.0,0.0,0.1826,0.0,-6190000.0,BALANCED,4.5644
2016-10-17,URE,URE,0.0,114.4,0.0025,-70151000.0,0.0,0.0,0.1826,0.0,-6190000.0,BALANCED,4.5644
2016-10-18,URE,URE,0.0,115.83,0.0125,-70151000.0,0.0,0.0,0.1826,0.0,-6190000.0,BALANCED,4.5644
2016-10-19,URE,URE,0.0,116.64,0.007,-70151000.0,0.0,0.0,0.1826,0.0,-6190000.0,BALANCED,4.5644
2016-10-20,URE,URE,0.0,115.92,-0.0062,-70151000.0,0.0,0.0,0.1826,0.0,-6190000.0,BALANCED,4.5644
2016-10-21,URE,URE,0.0,115.58,-0.0029,-70151000.0,0.0,0.0,0.1826,0.0,-6190000.0,BALANCED,4.5644
2016-10-24,URE,URE,0.0,116.32,0.0064,-70151000.0,0.0,0.0,0.1826,0.0,-6190000.0,BALANCED,4.5644
2016-10-25,URE,URE,0.0,115.85,-0.004,-70151000.0,0.0,0.0,0.1826,0.0,-6190000.0,BALANCED,4.5644
2016-10-26,URE,URE,0.0,113.1,-0.0237,-70151000.0,0.0,0.0,0.1826,0.0,-6190000.0,BALANCED,4.5644
2016-10-27,URE,URE,0.0,107.84,-0.0465,-70151000.0,0.0,0.0,0.1826,0.0,-6190000.0,BALANCED,4.5644
2016-10-28,URE,URE,0.0,108.33,0.0045,-70151000.0,0.0,0.0,0.1826,0.0,0.0,BALANCED,4.5644
2016-10-31,URE,URE,0.0,111.46,0.0289,-70151000.0,0.0,0.0,0.1826,0.0,0.0,BALANCED,4.5644
2016-11-01,URE,URE,0.0,106.73,-0.0424,-70151000.0,0.0,0.0,0.1826,0.0,0.0,BALANCED,4.5644
2016-11-02,URE,URE,0.0,103.69,-0.0285,-70151000.0,0.0,0.0,0.1826,0.0,0.0,BALANCED,4.5644
2016-11-03,URE,URE,0.0,102.58,-0.0107,-70151000.0,0.0,0.0,0.1826,0.0,0.0,BALANCED,4.5644
2016-11-04,URE,URE,0.0,103.82,0.0121,-70151000.0,0.0,0.0,0.1826,0.0,0.0,BALANCED,4.5644
2016-11-07,URE,URE,0.0,107.26,0.0331,-70151000.0,0.0,0.0,0.1826,0.0,0.0,BALANCED,4.5644
2016-11-08,URE,URE,0.0,108.42,0.0108,-70151000.0,0.0,0.0,0.1826,0.0,0.0,BALANCED,4.5644
2016-11-09,URE,URE,0.0,104.51,-0.0361,-70151000.0,0.0,0.0,0.1826,0.0,0.0,BALANCED,4.5644
2016-11-10,URE,URE,0.0,100.71,-0.0364,-70151000.0,0.0,0.0,0.1826,0.0,0.0,BALANCED,4.5644
2016-11-11,URE,URE,0.0,101.6,0.0088,-70151000.0,0.0,0.0,0.0,0.0,0.0,BALANCED,0.0
2016-11-14,URE,URE,0.0,105.28,0.0362,-70151000.0,0.0,0.0,0.0,0.0,0.0,BALANCED,0.0
2016-11-15,URE,URE,0.0,104.24,-0.0099,-70151000.0,0.0,0.0,0.0,0.0,0.0,BALANCED,0.0
2016-11-16,URE,URE,0.0,104.06,-0.0017,-70151000.0,0.0,0.0,0.0,0.0,0.0,BALANCED,0.0
2016-11-17,URE,URE,0.0,102.33,-0.0166,-70151000.0,0.0,0.0,0.0,0.0,0.0,BALANCED,0.0
2016-11-18,URE,URE,5145000.0,102.89,0.0055,-65006000.0,5145000.0,0.0,5.2947,5145000.0,5145000.0,ACCUMULATION,100.0
2016-11-21,URE,URE,5142000.0,102.84,-0.0005,-59864000.0,5142000.0,0.0,3.6776,10287000.0,10287000.0,ACCUMULATION,100.0
2016-11-22,URE,URE,-5316000.0,106.33,0.0339,-65180000.0,0.0,-5316000.0,-3.2933,4971000.0,4971000.0,DISTRIBUTION,-74.332
2016-11-23,URE,URE,0.0,105.21,-0.0105,-65180000.0,0.0,0.0,-0.0995,4971000.0,4971000.0,BALANCED,7.5113
2016-11-25,URE,URE,0.0,106.27,0.0101,-65180000.0,0.0,0.0,-0.0995,4971000.0,4971000.0,BALANCED,7.5113
2016-11-28,URE,URE,0.0,106.92,0.0061,-65180000.0,0.0,0.0,-0.0995,-174000.0,4971000.0,BALANCED,-12.4887
2016-11-29,URE,URE,0.0,108.73,0.0169,-65180000.0,0.0,0.0,-0.0995,-5316000.0,4971000.0,BALANCED,-12.4887
2016-11-30,URE,URE,0.0,106.05,-0.0246,-65180000.0,0.0,0.0,-0.0995,0.0,4971000.0,BALANCED,-2.4887
2016-12-01,URE,URE,0.0,102.83,-0.0304,-65180000.0,0.0,0.0,-0.0995,0.0,4971000.0,BALANCED,-2.4887
2016-12-02,URE,URE,0.0,104.91,0.0202,-65180000.0,0.0,0.0,-0.0995,0.0,4971000.0,BALANCED,-2.4887
2016-12-05,URE,URE,0.0,106.67,0.0168,-65180000.0,0.0,0.0,-0.0995,0.0,4971000.0,BALANCED,-2.4887
2016-12-06,URE,URE,0.0,107.73,0.0099,-65180000.0,0.0,0.0,-0.0995,0.0,4971000.0,BALANCED,-2.4887
2016-12-07,URE,URE,0.0,112.03,0.0399,-65180000.0,0.0,0.0,-0.0995,0.0,4971000.0,BALANCED,-2.4887
2016-12-08,URE,URE,0.0,113.24,0.0108,-65180000.0,0.0,0.0,-0.0995,0.0,4971000.0,BALANCED,-2.4887
2016-12-09,URE,URE,0.0,113.04,-0.0018,-65180000.0,0.0,0.0,-0.0995,0.0,4971000.0,BALANCED,-2.4887
2016-12-12,URE,URE,0.0,114.4,0.012,-65180000.0,0.0,0.0,-0.0995,0.0,4971000.0,BALANCED,-2.4887
2016-12-13,URE,URE,0.0,114.5,0.0009,-65180000.0,0.0,0.0,-0.0995,0.0,4971000.0,BALANCED,-2.4887
2016-12-14,URE,URE,0.0,109.98,-0.0395,-65180000.0,0.0,0.0,-0.0995,0.0,4971000.0,BALANCED,-2.4887
2016-12-15,URE,URE,0.0,108.48,-0.0136,-65180000.0,0.0,0.0,-0.0995,0.0,4971000.0,BALANCED,-2.4887
2016-12-16,URE,URE,0.0,111.47,0.0276,-65180000.0,0.0,0.0,-0.0995,0.0,4971000.0,BALANCED,-2.4887
2016-12-19,URE,URE,0.0,113.84,0.0213,-65180000.0,0.0,0.0,-0.0995,0.0,-174000.0,BALANCED,-2.4887
2016-12-20,URE,URE,-5709000.0,114.19,0.0031,-70889000.0,0.0,-5709000.0,-2.8702,-5709000.0,-11025000.0,DISTRIBUTION,-83.7557
2016-12-21,URE,URE,0.0,110.76,-0.0274,-70889000.0,0.0,0.0,0.0124,-5709000.0,-5709000.0,BALANCED,-9.6895
2016-12-22,URE,URE,0.0,110.47,-0.0026,-70889000.0,0.0,0.0,0.0124,-5709000.0,-5709000.0,BALANCED,-9.6895
2016-12-23,URE,URE,0.0,110.96,0.0044,-70889000.0,0.0,0.0,0.0124,-5709000.0,-5709000.0,BALANCED,-9.6895
2016-12-27,URE,URE,0.0,111.24,0.0025,-70889000.0,0.0,0.0,0.0124,-5709000.0,-5709000.0,BALANCED,-9.6895
2016-12-28,URE,URE,0.0,109.79,-0.013,-70889000.0,0.0,0.0,0.0124,0.0,-5709000.0,BALANCED,0.3105
2016-12-29,URE,URE,0.0,112.18,0.0218,-70889000.0,0.0,0.0,0.0124,0.0,-5709000.0,BALANCED,0.3105
2016-12-30,URE,URE,0.0,114.16,0.0176,-70889000.0,0.0,0.0,0.0124,0.0,-5709000.0,BALANCED,0.3105
2017-01-03,URE,URE,0.0,115.18,0.0089,-70889000.0,0.0,0.0,0.0124,0.0,-5709000.0,BALANCED,0.3105
2017-01-04,URE,URE,0.0,118.38,0.0278,-70889000.0,0.0,0.0,0.1138,0.0,-5709000.0,BALANCED,2.8446
2017-01-05,URE,URE,0.0,119.15,0.0065,-70889000.0,0.0,0.0,0.2626,0.0,-5709000.0,BALANCED,6.5648
2017-01-06,URE,URE,0.0,118.71,-0.0037,-70889000.0,0.0,0.0,0.1826,0.0,-5709000.0,BALANCED,4.5644
2017-01-09,URE,URE,-5848000.0,116.97,-0.0147,-76737000.0,0.0,-5848000.0,-3.7259,-5848000.0,-11557000.0,DISTRIBUTION,-100.0
2017-01-10,URE,URE,0.0,114.9,-0.0177,-76737000.0,0.0,0.0,0.2627,-5848000.0,-11557000.0,BALANCED,-3.4313
2017-01-11,URE,URE,0.0,113.92,-0.0085,-76737000.0,0.0,0.0,0.2627,-5848000.0,-11557000.0,BALANCED,-3.4313
2017-01-12,URE,URE,0.0,114.85,0.0082,-76737000.0,0.0,0.0,0.2627,-5848000.0,-11557000.0,BALANCED,-3.4313
2017-01-13,URE,URE,0.0,114.65,-0.0017,-76737000.0,0.0,0.0,0.2627,-5848000.0,-11557000.0,BALANCED,-3.4313
2017-01-17,URE,URE,0.0,116.27,0.0141,-76737000.0,0.0,0.0,0.2627,0.0,-11557000.0,BALANCED,6.5687
2017-01-18,URE,URE,5828000.0,116.55,0.0024,-70909000.0,5828000.0,0.0,3.2468,5828000.0,-5729000.0,ACCUMULATION,93.1696
2017-01-19,URE,URE,0.0,114.2,-0.0202,-70909000.0,0.0,0.0,0.103,5828000.0,-5729000.0,BALANCED,12.5753
2017-01-20,URE,URE,0.0,115.72,0.0133,-70909000.0,0.0,0.0,0.103,5828000.0,-20000.0,BALANCED,12.5753
2017-01-23,URE,URE,0.0,117.45,0.015,-70909000.0,0.0,0.0,0.103,5828000.0,-20000.0,BALANCED,12.5753
2017-01-24,URE,URE,0.0,117.8,0.003,-70909000.0,0.0,0.0,0.103,5828000.0,-20000.0,BALANCED,12.5753
2017-01-25,URE,URE,0.0,116.6,-0.0102,-70909000.0,0.0,0.0,0.103,0.0,-20000.0,BALANCED,2.5753
2017-01-26,URE,URE,0.0,116.31,-0.0025,-70909000.0,0.0,0.0,0.103,0.0,-20000.0,BALANCED,2.5753
2017-01-27,URE,URE,0.0,114.13,-0.0187,-70909000.0,0.0,0.0,0.103,0.0,-20000.0,BALANCED,2.5753
2017-01-30,URE,URE,0.0,112.74,-0.0122,-70909000.0,0.0,0.0,0.103,0.0,-20000.0,BALANCED,2.5753
2017-01-31,URE,URE,0.0,114.36,0.0144,-70909000.0,0.0,0.0,0.103,0.0,-20000.0,BALANCED,2.5753
2017-02-01,URE,URE,0.0,111.77,-0.0226,-70909000.0,0.0,0.0,0.103,0.0,-20000.0,BALANCED,2.5753
2017-02-02,URE,URE,0.0,114.26,0.0223,-70909000.0,0.0,0.0,0.103,0.0,-20000.0,BALANCED,2.5753
2017-02-03,URE,URE,0.0,115.81,0.0136,-70909000.0,0.0,0.0,0.0004,0.0,-20000.0,BALANCED,0.0109
2017-02-06,URE,URE,-5749000.0,114.99,-0.0071,-76658000.0,0.0,-5749000.0,-2.9908,-5749000.0,-5769000.0,DISTRIBUTION,-86.7696
2017-02-07,URE,URE,0.0,114.56,-0.0037,-76658000.0,0.0,0.0,0.1035,-5749000.0,79000.0,BALANCED,-7.4125
2017-02-08,URE,URE,0.0,116.3,0.0152,-76658000.0,0.0,0.0,0.1035,-5749000.0,79000.0,BALANCED,-7.4125
2017-02-09,URE,URE,0.0,117.04,0.0064,-76658000.0,0.0,0.0,0.1035,-5749000.0,79000.0,BALANCED,-7.4125
2017-02-10,URE,URE,0.0,118.67,0.0139,-76658000.0,0.0,0.0,0.1035,-5749000.0,79000.0,BALANCED,-7.4125
2017-02-13,URE,URE,0.0,119.53,0.0072,-76658000.0,0.0,0.0,0.1035,0.0,79000.0,BALANCED,2.5875
2017-02-14,URE,URE,0.0,118.33,-0.01,-76658000.0,0.0,0.0,0.1035,0.0,79000.0,BALANCED,2.5875
2017-02-15,URE,URE,0.0,117.8,-0.0045,-76658000.0,0.0,0.0,0.1035,0.0,-5749000.0,BALANCED,2.5875
2017-02-16,URE,URE,0.0,119.07,0.0108,-76658000.0,0.0,0.0,0.1035,0.0,-5749000.0,BALANCED,2.5875
2017-02-17,URE,URE,0.0,119.46,0.0033,-76658000.0,0.0,0.0,0.1035,0.0,-5749000.0,BALANCED,2.5875
2017-02-21,URE,URE,0.0,122.44,0.0249,-76658000.0,0.0,0.0,0.1035,0.0,-5749000.0,BALANCED,2.5875
2017-02-22,URE,URE,0.0,121.79,-0.0053,-76658000.0,0.0,0.0,-0.0017,0.0,-5749000.0,BALANCED,-0.0433
2017-02-23,URE,URE,0.0,122.97,0.0097,-76658000.0,0.0,0.0,-0.0017,0.0,-5749000.0,BALANCED,-0.0433
2017-02-24,URE,URE,0.0,124.23,0.0102,-76658000.0,0.0,0.0,-0.0017,0.0,-5749000.0,BALANCED,-0.0433
2017-02-27,URE,URE,0.0,125.52,0.0104,-76658000.0,0.0,0.0,-0.0017,0.0,-5749000.0,BALANCED,-0.0433
2017-02-28,URE,URE,0.0,124.32,-0.0096,-76658000.0,0.0,0.0,-0.0017,0.0,-5749000.0,BALANCED,-0.0433
2017-03-01,URE,URE,0.0,123.56,-0.0061,-76658000.0,0.0,0.0,-0.0017,0.0,-5749000.0,BALANCED,-0.0433
2017-03-02,URE,URE,0.0,122.6,-0.0078,-76658000.0,0.0,0.0,0.1826,0.0,-5749000.0,BALANCED,4.5644
2017-03-03,URE,URE,0.0,121.97,-0.0051,-76658000.0,0.0,0.0,0.1826,0.0,-5749000.0,BALANCED,4.5644
2017-03-06,URE,URE,0.0,120.78,-0.0098,-76658000.0,0.0,0.0,0.1826,0.0,-5749000.0,BALANCED,4.5644
2017-03-07,URE,URE,0.0,119.8,-0.0081,-76658000.0,0.0,0.0,0.1826,0.0,0.0,BALANCED,4.5644
2017-03-08,URE,URE,0.0,115.96,-0.0321,-76658000.0,0.0,0.0,0.1826,0.0,0.0,BALANCED,4.5644
2017-03-09,URE,URE,-5652000.0,113.05,-0.0251,-82310000.0,0.0,-5652000.0,-3.6451,-5652000.0,-5652000.0,DISTRIBUTION,-100.0
2017-03-10,URE,URE,0.0,112.7,-0.0031,-82310000.0,0.0,0.0,0.2628,-5652000.0,-5652000.0,BALANCED,-3.431
2017-03-13,URE,URE,0.0,113.05,0.0031,-82310000.0,0.0,0.0,0.2628,-5652000.0,-5652000.0,BALANCED,-3.431
2017-03-14,URE,URE,0.0,112.64,-0.0036,-82310000.0,0.0,0.0,0.2628,-5652000.0,-5652000.0,BALANCED,-3.431
2017-03-15,URE,URE,0.0,116.97,0.0384,-82310000.0,0.0,0.0,0.2628,-5652000.0,-5652000.0,BALANCED,-3.431
2017-03-16,URE,URE,5827000.0,116.53,-0.0038,-76483000.0,5827000.0,0.0,3.2723,5827000.0,175000.0,ACCUMULATION,93.8074
2017-03-17,URE,URE,-5870000.0,117.4,0.0075,-82353000.0,0.0,-5870000.0,-2.6019,-43000.0,-5695000.0,DISTRIBUTION,-77.0475
2017-03-20,URE,URE,0.0,117.29,-0.0009,-82353000.0,0.0,0.0,0.1808,-43000.0,-5695000.0,BALANCED,-5.479
2017-03-21,URE,URE,0.0,116.62,-0.0057,-82353000.0,0.0,0.0,0.1026,-43000.0,-5695000.0,BALANCED,-7.435
2017-03-22,URE,URE,0.0,116.79,0.0015,-82353000.0,0.0,0.0,0.1026,-43000.0,-5695000.0,BALANCED,-7.435
2017-03-23,URE,URE,0.0,118.43,0.014,-82353000.0,0.0,0.0,0.1026,-5870000.0,-5695000.0,BALANCED,-7.435
2017-03-24,URE,URE,0.0,118.23,-0.0017,-82353000.0,0.0,0.0,0.1026,0.0,-5695000.0,BALANCED,2.565
2017-03-27,URE,URE,0.0,116.6,-0.0138,-82353000.0,0.0,0.0,0.1026,0.0,-5695000.0,BALANCED,2.565
2017-03-28,URE,URE,0.0,117.7,0.0094,-82353000.0,0.0,0.0,0.1026,0.0,-5695000.0,BALANCED,2.565
2017-03-29,URE,URE,-5940000.0,118.8,0.0093,-88293000.0,0.0,-5940000.0,-2.6111,-5940000.0,-11635000.0,DISTRIBUTION,-77.2763
2017-03-30,URE,URE,0.0,119.41,0.0051,-88293000.0,0.0,0.0,0.1824,-5940000.0,-11635000.0,BALANCED,-5.4403
2017-03-31,URE,URE,0.0,120.58,0.0098,-88293000.0,0.0,0.0,0.1824,-5940000.0,-11635000.0,BALANCED,-5.4403
2017-04-03,URE,URE,0.0,120.79,0.0017,-88293000.0,0.0,0.0,0.1824,-5940000.0,-11635000.0,BALANCED,-5.4403
2017-04-04,URE,URE,0.0,120.65,-0.0012,-88293000.0,0.0,0.0,0.1824,-5940000.0,-11635000.0,BALANCED,-5.4403
2017-04-05,URE,URE,0.0,120.73,0.0007,-88293000.0,0.0,0.0,0.1824,0.0,-11635000.0,BALANCED,4.5597
2017-04-06,URE,URE,0.0,122.17,0.0119,-88293000.0,0.0,0.0,0.1824,0.0,-5983000.0,BALANCED,4.5597
2017-04-07,URE,URE,0.0,122.47,0.0025,-88293000.0,0.0,0.0,0.1824,0.0,-5983000.0,BALANCED,4.5597
2017-04-10,URE,URE,0.0,124.05,0.0129,-88293000.0,0.0,0.0,0.1824,0.0,-5983000.0,BALANCED,4.5597
2017-04-11,URE,URE,0.0,125.57,0.0123,-88293000.0,0.0,0.0,0.1824,0.0,-5983000.0,BALANCED,4.5597
2017-04-12,URE,URE,0.0,125.08,-0.0039,-88293000.0,0.0,0.0,0.1824,0.0,-5983000.0,BALANCED,4.5597
2017-04-13,URE,URE,0.0,124.56,-0.0042,-88293000.0,0.0,0.0,0.1824,0.0,-11810000.0,BALANCED,4.5597
2017-04-17,URE,URE,0.0,127.62,0.0246,-88293000.0,0.0,0.0,0.1824,0.0,-5940000.0,BALANCED,4.5597
2017-04-18,URE,URE,0.0,128.21,0.0046,-88293000.0,0.0,0.0,0.1824,0.0,-5940000.0,BALANCED,4.5597
2017-04-19,URE,URE,0.0,127.79,-0.0033,-88293000.0,0.0,0.0,0.1824,0.0,-5940000.0,BALANCED,4.5597
2017-04-20,URE,URE,19173000.0,127.82,0.0002,-69120000.0,19173000.0,0.0,4.5508,19173000.0,13233000.0,ACCUMULATION,100.0
2017-04-21,URE,URE,0.0,126.87,-0.0074,-69120000.0,0.0,0.0,-0.1097,19173000.0,13233000.0,BALANCED,7.2565
2017-04-24,URE,URE,-18699000.0,124.66,-0.0174,-87819000.0,0.0,-18699000.0,-3.4821,474000.0,-5466000.0,DISTRIBUTION,-79.0523
2017-04-25,URE,URE,6269000.0,125.38,0.0058,-81550000.0,6269000.0,0.0,1.1464,6743000.0,803000.0,BALANCED,40.6597
2017-04-26,URE,URE,0.0,123.59,-0.0143,-81550000.0,0.0,0.0,-0.0047,6743000.0,803000.0,BALANCED,9.8837
2017-04-27,URE,URE,0.0,123.95,0.0029,-81550000.0,0.0,0.0,-0.0047,-12430000.0,6743000.0,BALANCED,-10.1163
2017-04-28,URE,URE,0.0,121.68,-0.0183,-81550000.0,0.0,0.0,0.0317,-12430000.0,6743000.0,BALANCED,-9.2085
2017-05-01,URE,URE,-6157000.0,123.14,0.012,-87707000.0,0.0,-6157000.0,-1.1183,112000.0,586000.0,BALANCED,-19.9583
2017-05-02,URE,URE,0.0,122.68,-0.0037,-87707000.0,0.0,0.0,0.0334,-6157000.0,586000.0,BALANCED,-9.1654
2017-05-03,URE,URE,0.0,119.62,-0.0249,-87707000.0,0.0,0.0,0.0334,-6157000.0,586000.0,BALANCED,-9.1654
2017-05-04,URE,URE,0.0,118.7,-0.0077,-87707000.0,0.0,0.0,0.0334,-6157000.0,586000.0,BALANCED,-9.1654
2017-05-05,URE,URE,0.0,120.9,0.0185,-87707000.0,0.0,0.0,0.0334,-6157000.0,586000.0,BALANCED,-9.1654
2017-05-08,URE,URE,0.0,119.53,-0.0113,-87707000.0,0.0,0.0,0.0334,0.0,586000.0,BALANCED,0.8346
2017-05-09,URE,URE,5906000.0,118.12,-0.0118,-81801000.0,5906000.0,0.0,1.0783,5906000.0,6492000.0,BALANCED,38.9566
2017-05-10,URE,URE,0.0,119.45,0.0113,-81801000.0,0.0,0.0,-0.0034,5906000.0,6492000.0,BALANCED,9.9158
2017-05-11,URE,URE,0.0,118.19,-0.0105,-81801000.0,0.0,0.0,-0.0405,5906000.0,6492000.0,BALANCED,8.9875
2017-05-12,URE,URE,-11741000.0,117.41,-0.0066,-93542000.0,0.0,-11741000.0,-2.0037,-5835000.0,-5249000.0,DISTRIBUTION,-62.0924
2017-05-15,URE,URE,0.0,118.48,0.0091,-93542000.0,0.0,0.0,0.0303,-5835000.0,-5249000.0,BALANCED,-9.2422
2017-05-16,URE,URE,0.0,117.11,-0.0116,-93542000.0,0.0,0.0,0.0303,-11741000.0,-5249000.0,BALANCED,-9.2422
2017-05-17,URE,URE,0.0,118.17,0.0091,-93542000.0,0.0,0.0,0.0303,-11741000.0,-5249000.0,BALANCED,-9.2422
2017-05-18,URE,URE,17838000.0,118.92,0.0063,-75704000.0,17838000.0,0.0,2.6217,6097000.0,-6584000.0,ACCUMULATION,77.5425
2017-05-19,URE,URE,0.0,120.32,0.0118,-75704000.0,0.0,0.0,-0.0632,17838000.0,-6584000.0,BALANCED,8.421
2017-05-22,URE,URE,-18175000.0,121.17,0.0071,-93879000.0,0.0,-18175000.0,-2.4108,-337000.0,-6060000.0,DISTRIBUTION,-72.2695
2017-05-23,URE,URE,0.0,121.58,0.0034,-93879000.0,0.0,0.0,0.025,-337000.0,-12329000.0,BALANCED,-9.3762
2017-05-24,URE,URE,0.0,123.19,0.0132,-93879000.0,0.0,0.0,0.025,-337000.0,-12329000.0,BALANCED,-9.3762
2017-05-25,URE,URE,0.0,123.61,0.0034,-93879000.0,0.0,0.0,0.025,-18175000.0,-12329000.0,BALANCED,-9.3762
2017-05-26,URE,URE,0.0,122.14,-0.0119,-93879000.0,0.0,0.0,0.025,-18175000.0,-12329000.0,BALANCED,-9.3762
2017-05-30,URE,URE,-6061000.0,121.23,-0.0074,-99940000.0,0.0,-6061000.0,-0.7525,-6061000.0,-12233000.0,BALANCED,-30.8132
2017-05-31,URE,URE,0.0,121.26,0.0002,-99940000.0,0.0,0.0,0.0515,-6061000.0,-12233000.0,BALANCED,-8.7125
2017-06-01,URE,URE,0.0,122.53,0.0105,-99940000.0,0.0,0.0,0.0515,-6061000.0,-12233000.0,BALANCED,-8.7125
2017-06-02,URE,URE,0.0,124.67,0.0175,-99940000.0,0.0,0.0,0.1563,-6061000.0,-12233000.0,BALANCED,-6.093
2017-06-05,URE,URE,0.0,123.61,-0.0085,-99940000.0,0.0,0.0,0.1563,-6061000.0,-12233000.0,BALANCED,-6.093
2017-06-06,URE,URE,6124000.0,122.47,-0.0092,-93816000.0,6124000.0,0.0,1.0926,6124000.0,-6109000.0,BALANCED,39.315
2017-06-07,URE,URE,-6184000.0,123.68,0.0099,-100000000.0,0.0,-6184000.0,-0.9678,-60000.0,-18199000.0,BALANCED,-36.1943
2017-06-08,URE,URE,0.0,123.12,-0.0045,-100000000.0,0.0,0.0,0.1069,-60000.0,-18199000.0,BALANCED,-7.3282
2017-06-09,URE,URE,0.0,124.64,0.0123,-100000000.0,0.0,0.0,0.1069,-60000.0,-18199000.0,BALANCED,-7.3282
2017-06-12,URE,URE,0.0,126.25,0.0129,-100000000.0,0.0,0.0,0.1069,-60000.0,-6458000.0,BALANCED,-7.3282
2017-06-13,URE,URE,6343000.0,126.85,0.0048,-93657000.0,6343000.0,0.0,1.1294,159000.0,-115000.0,BALANCED,40.2355
2017-06-14,URE,URE,0.0,127.62,0.0061,-93657000.0,0.0,0.0,0.0342,6343000.0,-115000.0,BALANCED,10.8561
2017-06-15,URE,URE,0.0,128.51,0.007,-93657000.0,0.0,0.0,0.0342,6343000.0,-115000.0,BALANCED,10.8561
2017-06-16,URE,URE,0.0,128.3,-0.0016,-93657000.0,0.0,0.0,0.0342,6343000.0,-17953000.0,BALANCED,10.8561
2017-06-19,URE,URE,0.0,128.75,0.0035,-93657000.0,0.0,0.0,0.0342,6343000.0,-17953000.0,BALANCED,10.8561
2017-06-20,URE,URE,0.0,127.91,-0.0065,-93657000.0,0.0,0.0,0.0342,0.0,222000.0,BALANCED,0.8561
2017-06-21,URE,URE,0.0,126.73,-0.0083,-93657000.0,0.0,0.0,0.0696,0.0,222000.0,BALANCED,1.7406
2017-06-22,URE,URE,44492000.0,127.12,0.0031,-49165000.0,44492000.0,0.0,4.3531,44492000.0,44714000.0,ACCUMULATION,100.0
2017-06-23,URE,URE,0.0,128.18,0.0083,-49165000.0,0.0,0.0,-0.1091,44492000.0,44714000.0,BALANCED,7.2724
2017-06-26,URE,URE,-45388000.0,129.68,0.0117,-94553000.0,0.0,-45388000.0,-3.5104,-896000.0,-674000.0,DISTRIBUTION,-99.7603
2017-06-27,URE,URE,0.0,128.09,-0.0123,-94553000.0,0.0,0.0,0.0026,-896000.0,5387000.0,BALANCED,-9.9348
2017-06-28,URE,URE,0.0,128.51,0.0033,-94553000.0,0.0,0.0,0.0026,-896000.0,5387000.0,BALANCED,-9.9348
2017-06-29,URE,URE,0.0,125.78,-0.0212,-94553000.0,0.0,0.0,0.0026,-45388000.0,5387000.0,BALANCED,-9.9348
2017-06-30,URE,URE,0.0,125.73,-0.0004,-94553000.0,0.0,0.0,0.0504,-45388000.0,5387000.0,BALANCED,-8.7406
2017-07-03,URE,URE,-6423000.0,128.46,0.0217,-100976000.0,0.0,-6423000.0,-0.4459,-6423000.0,-1036000.0,BALANCED,-23.1472
2017-07-05,URE,URE,0.0,125.45,-0.0234,-100976000.0,0.0,0.0,0.0196,-6423000.0,-7160000.0,BALANCED,-9.5104
2017-07-06,URE,URE,0.0,121.03,-0.0352,-100976000.0,0.0,0.0,0.0196,-6423000.0,-976000.0,BALANCED,-9.5104
2017-07-07,URE,URE,0.0,122.45,0.0117,-100976000.0,0.0,0.0,0.0196,-6423000.0,-976000.0,BALANCED,-9.5104
2017-07-10,URE,URE,0.0,120.27,-0.0178,-100976000.0,0.0,0.0,0.0196,-6423000.0,-976000.0,BALANCED,-9.5104
2017-07-11,URE,URE,0.0,120.15,-0.001,-100976000.0,0.0,0.0,0.0196,0.0,-976000.0,BALANCED,0.4896
2017-07-12,URE,URE,0.0,123.18,0.0252,-100976000.0,0.0,0.0,0.0029,0.0,-7319000.0,BALANCED,0.0718
2017-07-13,URE,URE,0.0,123.42,0.0019,-100976000.0,0.0,0.0,0.0029,0.0,-7319000.0,BALANCED,0.0718
2017-07-14,URE,URE,0.0,125.85,0.0197,-100976000.0,0.0,0.0,0.0029,0.0,-7319000.0,BALANCED,0.0718
2017-07-17,URE,URE,63000.0,63.39,0.0074,-100913000.0,63000.0,0.0,0.0079,63000.0,-7256000.0,BALANCED,12.1983
2017-07-18,URE,URE,-3155000.0,63.11,-0.0044,-104068000.0,0.0,-3155000.0,-0.2505,-3092000.0,-10411000.0,BALANCED,-18.2636
2017-07-19,URE,URE,0.0,64.08,0.0154,-104068000.0,0.0,0.0,0.0285,-3092000.0,-10411000.0,BALANCED,-9.2872
2017-07-20,URE,URE,0.0,63.57,-0.008,-104068000.0,0.0,0.0,0.0114,-3092000.0,-10411000.0,BALANCED,-9.7159
2017-07-21,URE,URE,0.0,63.76,0.003,-104068000.0,0.0,0.0,0.0114,-3092000.0,-54903000.0,BALANCED,-9.7159
2017-07-24,URE,URE,0.0,63.57,-0.003,-104068000.0,0.0,0.0,0.0114,-3155000.0,-54903000.0,BALANCED,-9.7159
2017-07-25,URE,URE,0.0,63.69,0.0019,-104068000.0,0.0,0.0,0.0114,0.0,-9515000.0,BALANCED,0.2841
2017-07-26,URE,URE,22523000.0,64.35,0.0104,-81545000.0,22523000.0,0.0,1.7576,22523000.0,13008000.0,ACCUMULATION,55.9391
2017-07-27,URE,URE,-3217000.0,64.35,0.0,-84762000.0,0.0,-3217000.0,-0.2788,19306000.0,9791000.0,BALANCED,1.0301
2017-07-28,URE,URE,-25660000.0,64.15,-0.0031,-110422000.0,0.0,-25660000.0,-1.8642,-6354000.0,-15869000.0,DISTRIBUTION,-60.6061
2017-07-31,URE,URE,0.0,64.18,0.0005,-110422000.0,0.0,0.0,0.0415,-6354000.0,-15869000.0,BALANCED,-8.9624
2017-08-01,URE,URE,3235000.0,64.69,0.0079,-107187000.0,3235000.0,0.0,0.2734,-3119000.0,-6211000.0,BALANCED,-1.165
2017-08-02,URE,URE,0.0,63.86,-0.0128,-107187000.0,0.0,0.0,0.0335,-25642000.0,-6211000.0,BALANCED,-9.1637
2017-08-03,URE,URE,6353000.0,63.53,-0.0052,-100834000.0,6353000.0,0.0,0.4869,-16072000.0,142000.0,BALANCED,4.1725
2017-08-04,URE,URE,0.0,63.92,0.0061,-100834000.0,0.0,0.0,0.1627,9588000.0,142000.0,BALANCED,14.0678
2017-08-07,URE,URE,-6387000.0,63.87,-0.0008,-107221000.0,0.0,-6387000.0,-0.4195,3201000.0,-6245000.0,BALANCED,-2.4864
2017-08-08,URE,URE,0.0,63.2,-0.0105,-107221000.0,0.0,0.0,0.0627,-34000.0,-6245000.0,BALANCED,-8.4314
2017-08-09,URE,URE,3152000.0,63.04,-0.0025,-104069000.0,3152000.0,0.0,0.5131,3118000.0,-3093000.0,BALANCED,24.827
2017-08-10,URE,URE,0.0,62.05,-0.0157,-104069000.0,0.0,0.0,0.0469,-3235000.0,-3093000.0,BALANCED,-8.8272
2017-08-11,URE,URE,0.0,61.42,-0.0102,-104069000.0,0.0,0.0,0.0469,-3235000.0,-3093000.0,BALANCED,-8.8272
2017-08-14,URE,URE,-3168000.0,63.37,0.0317,-107237000.0,0.0,-3168000.0,-0.4048,-16000.0,-6324000.0,BALANCED,-22.1208
2017-08-15,URE,URE,0.0,63.0,-0.0058,-107237000.0,0.0,0.0,0.0312,-16000.0,-3169000.0,BALANCED,-9.2196
2017-08-16,URE,URE,0.0,63.47,0.0075,-107237000.0,0.0,0.0,0.0312,-3168000.0,-3169000.0,BALANCED,-9.2196
2017-08-17,URE,URE,0.0,62.57,-0.0142,-107237000.0,0.0,0.0,0.0312,-3168000.0,-3169000.0,BALANCED,-9.2196
2017-08-18,URE,URE,0.0,61.67,-0.0144,-107237000.0,0.0,0.0,0.0312,-3168000.0,-3169000.0,BALANCED,-9.2196
2017-08-21,URE,URE,-3142000.0,62.85,0.0191,-110379000.0,0.0,-3142000.0,-0.4217,-3142000.0,-6311000.0,BALANCED,-22.5433
2017-08-22,URE,URE,0.0,62.75,-0.0016,-110379000.0,0.0,0.0,0.0467,-3142000.0,-6311000.0,BALANCED,-8.8317
2017-08-23,URE,URE,47805000.0,63.74,0.0158,-62574000.0,47805000.0,0.0,4.2088,44663000.0,18971000.0,ACCUMULATION,100.0
2017-08-24,URE,URE,0.0,63.59,-0.0024,-62574000.0,0.0,0.0,-0.1158,44663000.0,22188000.0,BALANCED,7.105
2017-08-25,URE,URE,-48105000.0,64.14,0.0086,-110679000.0,0.0,-48105000.0,-3.3488,-3442000.0,-257000.0,DISTRIBUTION,-95.7211
2017-08-28,URE,URE,0.0,63.51,-0.0098,-110679000.0,0.0,0.0,0.0228,-300000.0,-257000.0,BALANCED,-9.4296
2017-08-29,URE,URE,3165000.0,63.3,-0.0033,-107514000.0,3165000.0,0.0,0.2298,2865000.0,-327000.0,BALANCED,17.7455
2017-08-30,URE,URE,-3201000.0,64.02,0.0114,-110715000.0,0.0,-3201000.0,-0.2086,-48141000.0,-3528000.0,BALANCED,-17.2152
2017-08-31,URE,URE,0.0,64.83,0.0127,-110715000.0,0.0,0.0,0.0155,-48141000.0,-9881000.0,BALANCED,-9.6122
2017-09-01,URE,URE,0.0,64.91,0.0012,-110715000.0,0.0,0.0,0.0155,-36000.0,-9881000.0,BALANCED,-9.6122
2017-09-05,URE,URE,0.0,64.59,-0.0049,-110715000.0,0.0,0.0,0.0155,-36000.0,-3494000.0,BALANCED,-9.6122
2017-09-06,URE,URE,0.0,64.81,0.0034,-110715000.0,0.0,0.0,0.0155,-3201000.0,-3494000.0,BALANCED,-9.6122
2017-09-07,URE,URE,65600000.0,65.6,0.0122,-45115000.0,65600000.0,0.0,3.5261,65600000.0,58954000.0,ACCUMULATION,100.0
2017-09-08,URE,URE,0.0,65.59,-0.0002,-45115000.0,0.0,0.0,-0.0724,65600000.0,58954000.0,BALANCED,8.1889
2017-09-11,URE,URE,-66620000.0,66.62,0.0157,-111735000.0,0.0,-66620000.0,-3.0877,-1020000.0,-7666000.0,DISTRIBUTION,-89.1917
2017-09-12,URE,URE,0.0,65.3,-0.0198,-111735000.0,0.0,0.0,0.002,-1020000.0,-4498000.0,BALANCED,-9.9493
2017-09-13,URE,URE,0.0,64.81,-0.0075,-111735000.0,0.0,0.0,0.007,-1020000.0,-4498000.0,BALANCED,-9.8242
2017-09-14,URE,URE,0.0,65.61,0.0123,-111735000.0,0.0,0.0,0.007,-66620000.0,-4498000.0,BALANCED,-9.8242
2017-09-15,URE,URE,0.0,66.01,0.0061,-111735000.0,0.0,0.0,0.0169,-66620000.0,-4498000.0,BALANCED,-9.5778
2017-09-18,URE,URE,0.0,65.43,-0.0088,-111735000.0,0.0,0.0,0.0169,0.0,-4498000.0,BALANCED,0.4222
2017-09-19,URE,URE,6438000.0,64.38,-0.016,-105297000.0,6438000.0,0.0,0.2962,6438000.0,5082000.0,BALANCED,19.404
2017-09-20,URE,URE,-3202000.0,64.05,-0.0051,-108499000.0,0.0,-3202000.0,-0.1467,3236000.0,1880000.0,BALANCED,4.3314
2017-09-21,URE,URE,-3183000.0,63.67,-0.0059,-111682000.0,0.0,-3183000.0,-0.1361,53000.0,-49108000.0,BALANCED,2.5985
2017-09-22,URE,URE,0.0,62.95,-0.0113,-111682000.0,0.0,0.0,0.0118,53000.0,-49108000.0,BALANCED,10.2947
2017-09-25,URE,URE,-3179000.0,63.58,0.01,-114861000.0,0.0,-3179000.0,-0.1309,-3126000.0,-4182000.0,BALANCED,-15.2729
2017-09-26,URE,URE,12722000.0,63.61,0.0005,-102139000.0,12722000.0,0.0,0.5795,3158000.0,8540000.0,BALANCED,26.4884
2017-09-27,URE,URE,0.0,62.56,-0.0155,-102139000.0,0.0,0.0,-0.0078,6360000.0,5375000.0,BALANCED,9.8039
2017-09-28,URE,URE,-15870000.0,63.48,0.0147,-118009000.0,0.0,-15870000.0,-0.7097,-6327000.0,-7294000.0,BALANCED,-29.7422
2017-09-29,URE,URE,0.0,63.63,0.0024,-118009000.0,0.0,0.0,0.0164,-6327000.0,-7294000.0,BALANCED,-9.5893
2017-10-02,URE,URE,0.0,63.36,-0.0042,-118009000.0,0.0,0.0,0.0164,-3148000.0,-7294000.0,BALANCED,-9.5893
2017-10-03,URE,URE,3170000.0,63.4,0.0006,-114839000.0,3170000.0,0.0,0.1518,-12700000.0,-4124000.0,BALANCED,-4.2044
2017-10-04,URE,URE,0.0,64.25,0.0134,-114839000.0,0.0,0.0,0.0068,-12700000.0,-4124000.0,BALANCED,-9.83
2017-10-05,URE,URE,0.0,64.65,0.0062,-114839000.0,0.0,0.0,0.0876,3170000.0,-69724000.0,BALANCED,12.189
2017-10-06,URE,URE,0.0,64.17,-0.0074,-114839000.0,0.0,0.0,0.0876,3170000.0,-69724000.0,BALANCED,12.189
2017-10-09,URE,URE,0.0,64.39,0.0034,-114839000.0,0.0,0.0,0.0078,3170000.0,-3104000.0,BALANCED,10.194
2017-10-10,URE,URE,-6461000.0,64.61,0.0034,-121300000.0,0.0,-6461000.0,-0.3411,-6461000.0,-9565000.0,BALANCED,-20.5276
2017-10-11,URE,URE,3259000.0,65.17,0.0087,-118041000.0,3259000.0,0.0,0.2016,-3202000.0,-6306000.0,BALANCED,-2.9594
2017-10-12,URE,URE,0.0,65.97,0.0123,-118041000.0,0.0,0.0,0.0136,-3202000.0,-6306000.0,BALANCED,-9.6589
2017-10-13,URE,URE,0.0,66.22,0.0038,-118041000.0,0.0,0.0,0.0136,-3202000.0,-6306000.0,BALANCED,-9.6589
2017-10-16,URE,URE,0.0,65.65,-0.0086,-118041000.0,0.0,0.0,0.0136,-3202000.0,-6306000.0,BALANCED,-9.6589
2017-10-17,URE,URE,0.0,65.75,0.0015,-118041000.0,0.0,0.0,0.0136,3259000.0,-12744000.0,BALANCED,10.3411
2017-10-18,URE,URE,0.0,65.59,-0.0024,-118041000.0,0.0,0.0,0.0136,0.0,-9542000.0,BALANCED,0.3411
2017-10-19,URE,URE,0.0,65.42,-0.0026,-118041000.0,0.0,0.0,0.1888,0.0,-6359000.0,BALANCED,4.7192
2017-10-20,URE,URE,0.0,65.04,-0.0058,-118041000.0,0.0,0.0,0.1888,0.0,-6359000.0,BALANCED,4.7192
2017-10-23,URE,URE,0.0,64.4,-0.0098,-118041000.0,0.0,0.0,0.0484,0.0,-3180000.0,BALANCED,1.2103
2017-10-24,URE,URE,0.0,63.74,-0.0102,-118041000.0,0.0,0.0,0.0484,0.0,-15902000.0,BALANCED,1.2103
2017-10-25,URE,URE,0.0,63.26,-0.0075,-118041000.0,0.0,0.0,0.0484,0.0,-15902000.0,BALANCED,1.2103
2017-10-26,URE,URE,0.0,62.49,-0.0122,-118041000.0,0.0,0.0,0.0484,0.0,-32000.0,BALANCED,1.2103
2017-10-27,URE,URE,0.0,63.06,0.0091,-118041000.0,0.0,0.0,0.0484,0.0,-32000.0,BALANCED,1.2103
2017-10-30,URE,URE,0.0,63.31,0.004,-118041000.0,0.0,0.0,0.0484,0.0,-32000.0,BALANCED,1.2103
2017-10-31,URE,URE,0.0,63.57,0.0041,-118041000.0,0.0,0.0,0.1022,0.0,-3202000.0,BALANCED,2.5546
2017-11-01,URE,URE,0.0,63.66,0.0014,-118041000.0,0.0,0.0,0.0771,0.0,-3202000.0,BALANCED,1.9279
2017-11-02,URE,URE,3224000.0,64.48,0.0129,-114817000.0,3224000.0,0.0,0.8046,3224000.0,22000.0,BALANCED,32.1149
2017-11-03,URE,URE,0.0,64.3,-0.0028,-114817000.0,0.0,0.0,0.0253,3224000.0,22000.0,BALANCED,10.6315
2017-11-06,URE,URE,0.0,65.81,0.0235,-114817000.0,0.0,0.0,-0.0004,3224000.0,22000.0,BALANCED,9.991
2017-11-07,URE,URE,0.0,66.81,0.0152,-114817000.0,0.0,0.0,0.1274,3224000.0,6483000.0,BALANCED,13.1839
2017-11-08,URE,URE,0.0,67.65,0.0126,-114817000.0,0.0,0.0,0.1274,3224000.0,3224000.0,BALANCED,13.1839
2017-11-09,URE,URE,0.0,67.6,-0.0007,-114817000.0,0.0,0.0,-0.0673,0.0,3224000.0,BALANCED,-1.6827
2017-11-10,URE,URE,0.0,67.63,0.0004,-114817000.0,0.0,0.0,-0.0673,0.0,3224000.0,BALANCED,-1.6827
2017-11-13,URE,URE,0.0,68.12,0.0072,-114817000.0,0.0,0.0,-0.0673,0.0,3224000.0,BALANCED,-1.6827
2017-11-14,URE,URE,-3398000.0,67.96,-0.0023,-118215000.0,0.0,-3398000.0,-2.0578,-3398000.0,-174000.0,DISTRIBUTION,-63.4442
2017-11-15,URE,URE,0.0,66.84,-0.0165,-118215000.0,0.0,0.0,0.0705,-3398000.0,-174000.0,BALANCED,-8.2379
2017-11-16,URE,URE,0.0,67.6,0.0114,-118215000.0,0.0,0.0,0.0705,-3398000.0,-174000.0,BALANCED,-8.2379
2017-11-17,URE,URE,0.0,67.01,-0.0087,-118215000.0,0.0,0.0,0.0705,-3398000.0,-174000.0,BALANCED,-8.2379
2017-11-20,URE,URE,0.0,66.75,-0.0039,-118215000.0,0.0,0.0,0.0705,-3398000.0,-174000.0,BALANCED,-8.2379
2017-11-21,URE,URE,0.0,67.65,0.0135,-118215000.0,0.0,0.0,-0.0975,0.0,-174000.0,BALANCED,-2.4381
2017-11-22,URE,URE,0.0,67.29,-0.0053,-118215000.0,0.0,0.0,0.0067,0.0,-174000.0,BALANCED,0.1667
2017-11-24,URE,URE,0.0,67.61,0.0048,-118215000.0,0.0,0.0,0.0067,0.0,-174000.0,BALANCED,0.1667
2017-11-27,URE,URE,0.0,67.09,-0.0077,-118215000.0,0.0,0.0,0.0067,0.0,-174000.0,BALANCED,0.1667
2017-11-28,URE,URE,0.0,66.73,-0.0054,-118215000.0,0.0,0.0,0.0067,0.0,-174000.0,BALANCED,0.1667
2017-11-29,URE,URE,0.0,66.58,-0.0022,-118215000.0,0.0,0.0,0.0067,0.0,-174000.0,BALANCED,0.1667
2017-11-30,URE,URE,0.0,66.69,0.0017,-118215000.0,0.0,0.0,0.0067,0.0,-174000.0,BALANCED,0.1667
2017-12-01,URE,URE,0.0,66.95,0.0039,-118215000.0,0.0,0.0,0.0067,0.0,-3398000.0,BALANCED,0.1667
2017-12-04,URE,URE,0.0,65.87,-0.0161,-118215000.0,0.0,0.0,0.0067,0.0,-3398000.0,BALANCED,0.1667
2017-12-05,URE,URE,0.0,65.16,-0.0108,-118215000.0,0.0,0.0,0.0067,0.0,-3398000.0,BALANCED,0.1667
2017-12-06,URE,URE,0.0,65.12,-0.0006,-118215000.0,0.0,0.0,0.0067,0.0,-3398000.0,BALANCED,0.1667
2017-12-07,URE,URE,0.0,65.68,0.0086,-118215000.0,0.0,0.0,0.0067,0.0,-3398000.0,BALANCED,0.1667
2017-12-08,URE,URE,0.0,66.07,0.0059,-118215000.0,0.0,0.0,0.0067,0.0,-3398000.0,BALANCED,0.1667
2017-12-11,URE,URE,0.0,66.17,0.0015,-118215000.0,0.0,0.0,0.0067,0.0,-3398000.0,BALANCED,0.1667
2017-12-12,URE,URE,0.0,66.71,0.0082,-118215000.0,0.0,0.0,0.0067,0.0,-3398000.0,BALANCED,0.1667
2017-12-13,URE,URE,16723000.0,66.89,0.0027,-101492000.0,16723000.0,0.0,5.0922,16723000.0,16723000.0,ACCUMULATION,100.0
2017-12-14,URE,URE,0.0,66.85,-0.0006,-101492000.0,0.0,0.0,-0.1737,16723000.0,16723000.0,BALANCED,5.6574
2017-12-15,URE,URE,-16875000.0,67.5,0.0097,-118367000.0,0.0,-16875000.0,-3.7614,-152000.0,-152000.0,DISTRIBUTION,-100.0
2017-12-18,URE,URE,0.0,68.14,0.0095,-118367000.0,0.0,0.0,0.0266,-152000.0,-152000.0,BALANCED,-9.3359
2017-12-19,URE,URE,0.0,65.51,-0.0386,-118367000.0,0.0,0.0,0.0266,-152000.0,-152000.0,BALANCED,-9.3359
2017-12-20,URE,URE,0.0,64.16,-0.0206,-118367000.0,0.0,0.0,0.0266,-16875000.0,-152000.0,BALANCED,-9.3359
2017-12-21,URE,URE,0.0,63.77,-0.0061,-118367000.0,0.0,0.0,0.0266,-16875000.0,-152000.0,BALANCED,-9.3359
2017-12-22,URE,URE,0.0,64.58,0.0127,-118367000.0,0.0,0.0,0.0266,0.0,-152000.0,BALANCED,0.6641
2017-12-26,URE,URE,-3238000.0,64.76,0.0095,-121605000.0,0.0,-3238000.0,-0.6706,-3238000.0,-3390000.0,BALANCED,-28.7652
2017-12-27,URE,URE,0.0,65.24,0.0074,-121605000.0,0.0,0.0,0.0504,-3238000.0,-3390000.0,BALANCED,-8.7405
2017-12-28,URE,URE,0.0,66.0,0.0116,-121605000.0,0.0,0.0,0.0254,-3238000.0,-3390000.0,BALANCED,-9.3653
2017-12-29,URE,URE,0.0,65.91,-0.0014,-121605000.0,0.0,0.0,0.0254,-3238000.0,-3390000.0,BALANCED,-9.3653
2018-01-02,URE,URE,0.0,65.25,-0.01,-121605000.0,0.0,0.0,0.0254,-3238000.0,-3390000.0,BALANCED,-9.3653
2018-01-03,URE,URE,0.0,65.08,-0.0026,-121605000.0,0.0,0.0,0.0254,0.0,-3390000.0,BALANCED,0.6347
2018-01-04,URE,URE,0.0,63.03,-0.0315,-121605000.0,0.0,0.0,0.0254,0.0,-3390000.0,BALANCED,0.6347
2018-01-05,URE,URE,0.0,63.24,0.0033,-121605000.0,0.0,0.0,0.0254,0.0,-3390000.0,BALANCED,0.6347
2018-01-08,URE,URE,0.0,63.92,0.0108,-121605000.0,0.0,0.0,0.0254,0.0,-3390000.0,BALANCED,0.6347
2018-01-09,URE,URE,0.0,62.47,-0.0227,-121605000.0,0.0,0.0,0.0254,0.0,-3390000.0,BALANCED,0.6347
2018-01-10,URE,URE,0.0,60.85,-0.0259,-121605000.0,0.0,0.0,0.0254,0.0,-3390000.0,BALANCED,0.6347
2018-01-11,URE,URE,0.0,60.42,-0.0071,-121605000.0,0.0,0.0,0.0254,0.0,-3390000.0,BALANCED,0.6347
2018-01-12,URE,URE,0.0,59.5,-0.0152,-121605000.0,0.0,0.0,0.0254,0.0,-20113000.0,BALANCED,0.6347
2018-01-16,URE,URE,0.0,59.81,0.0052,-121605000.0,0.0,0.0,0.0254,0.0,-20113000.0,BALANCED,0.6347
2018-01-17,URE,URE,0.0,60.65,0.014,-121605000.0,0.0,0.0,0.0254,0.0,-3238000.0,BALANCED,0.6347
2018-01-18,URE,URE,0.0,59.39,-0.0208,-121605000.0,0.0,0.0,0.0254,0.0,-3238000.0,BALANCED,0.6347
2018-01-19,URE,URE,0.0,60.21,0.0138,-121605000.0,0.0,0.0,0.0254,0.0,-3238000.0,BALANCED,0.6347
2018-01-22,URE,URE,0.0,61.25,0.0173,-121605000.0,0.0,0.0,0.0254,0.0,-3238000.0,BALANCED,0.6347
2018-01-23,URE,URE,0.0,62.84,0.026,-121605000.0,0.0,0.0,0.0254,0.0,-3238000.0,BALANCED,0.6347
2018-01-24,URE,URE,0.0,62.36,-0.0076,-121605000.0,0.0,0.0,0.0254,0.0,-3238000.0,BALANCED,0.6347
2018-01-25,URE,URE,0.0,62.22,-0.0022,-121605000.0,0.0,0.0,0.0254,0.0,0.0,BALANCED,0.6347
2018-01-26,URE,URE,0.0,62.21,-0.0002,-121605000.0,0.0,0.0,0.0254,0.0,0.0,BALANCED,0.6347
2018-01-29,URE,URE,-3030000.0,60.6,-0.0259,-124635000.0,0.0,-3030000.0,-0.7185,-3030000.0,-3030000.0,BALANCED,-29.9618
2018-01-30,URE,URE,0.0,59.91,-0.0114,-124635000.0,0.0,0.0,0.2454,-3030000.0,-3030000.0,BALANCED,-3.865
2018-01-31,URE,URE,12382000.0,61.91,0.0334,-112253000.0,12382000.0,0.0,5.0044,9352000.0,9352000.0,ACCUMULATION,100.0
2018-02-01,URE,URE,0.0,59.78,-0.0344,-112253000.0,0.0,0.0,-0.0837,9352000.0,9352000.0,BALANCED,7.9063
2018-02-02,URE,URE,-11704000.0,58.52,-0.0211,-123957000.0,0.0,-11704000.0,-3.5289,-2352000.0,-2352000.0,DISTRIBUTION,-100.0
2018-02-05,URE,URE,0.0,55.17,-0.0572,-123957000.0,0.0,0.0,0.0571,678000.0,-2352000.0,BALANCED,11.4273
2018-02-06,URE,URE,0.0,55.19,0.0004,-123957000.0,0.0,0.0,0.0571,678000.0,-2352000.0,BALANCED,11.4273
2018-02-07,URE,URE,0.0,54.73,-0.0083,-123957000.0,0.0,0.0,0.0571,-11704000.0,-2352000.0,BALANCED,-8.5727
2018-02-08,URE,URE,0.0,51.48,-0.0594,-123957000.0,0.0,0.0,0.0244,-11704000.0,-2352000.0,BALANCED,-9.3899
2018-02-09,URE,URE,0.0,53.71,0.0433,-123957000.0,0.0,0.0,0.0244,0.0,-2352000.0,BALANCED,0.6101
2018-02-12,URE,URE,0.0,54.02,0.0058,-123957000.0,0.0,0.0,0.0244,0.0,-2352000.0,BALANCED,0.6101
2018-02-13,URE,URE,0.0,54.71,0.0128,-123957000.0,0.0,0.0,0.0244,0.0,-2352000.0,BALANCED,0.6101
2018-02-14,URE,URE,0.0,54.2,-0.0093,-123957000.0,0.0,0.0,0.0244,0.0,-2352000.0,BALANCED,0.6101
2018-02-15,URE,URE,16596000.0,55.32,0.0207,-107361000.0,16596000.0,0.0,3.6422,16596000.0,14244000.0,ACCUMULATION,100.0
2018-02-16,URE,URE,0.0,56.17,0.0154,-107361000.0,0.0,0.0,-0.1073,16596000.0,14244000.0,BALANCED,7.3182
2018-02-20,URE,URE,-19180000.0,54.8,-0.0244,-126541000.0,0.0,-19180000.0,-3.3365,-2584000.0,-4936000.0,DISTRIBUTION,-95.412
2018-02-21,URE,URE,0.0,52.92,-0.0343,-126541000.0,0.0,0.0,0.0289,-2584000.0,-4936000.0,BALANCED,-9.2783
2018-02-22,URE,URE,0.0,53.97,0.0198,-126541000.0,0.0,0.0,0.0289,-2584000.0,-4936000.0,BALANCED,-9.2783
2018-02-23,URE,URE,0.0,55.79,0.0337,-126541000.0,0.0,0.0,0.0289,-19180000.0,-4936000.0,BALANCED,-9.2783
2018-02-26,URE,URE,0.0,56.2,0.0073,-126541000.0,0.0,0.0,0.0289,-19180000.0,-4936000.0,BALANCED,-9.2783
2018-02-27,URE,URE,0.0,53.76,-0.0434,-126541000.0,0.0,0.0,0.0289,0.0,-1906000.0,BALANCED,0.7217
2018-02-28,URE,URE,0.0,53.56,-0.0037,-126541000.0,0.0,0.0,0.0289,0.0,-1906000.0,BALANCED,0.7217
2018-03-01,URE,URE,15954000.0,53.18,-0.0071,-110587000.0,15954000.0,0.0,2.4299,15954000.0,1666000.0,ACCUMULATION,72.7472
2018-03-02,URE,URE,0.0,53.01,-0.0032,-110587000.0,0.0,0.0,-0.0573,15954000.0,1666000.0,BALANCED,8.5686
2018-03-05,URE,URE,-16281000.0,54.27,0.0238,-126868000.0,0.0,-16281000.0,-2.2687,-327000.0,-2911000.0,DISTRIBUTION,-68.7182
2018-03-06,URE,URE,0.0,54.81,0.01,-126868000.0,0.0,0.0,0.0247,-327000.0,-2911000.0,BALANCED,-9.3822
2018-03-07,URE,URE,0.0,55.42,0.0111,-126868000.0,0.0,0.0,0.0247,-327000.0,-2911000.0,BALANCED,-9.3822
2018-03-08,URE,URE,0.0,55.92,0.009,-126868000.0,0.0,0.0,0.0247,-16281000.0,-2911000.0,BALANCED,-9.3822
2018-03-09,URE,URE,0.0,56.6,0.0122,-126868000.0,0.0,0.0,0.0247,-16281000.0,-2911000.0,BALANCED,-9.3822
2018-03-12,URE,URE,0.0,57.19,0.0104,-126868000.0,0.0,0.0,0.0247,0.0,-2911000.0,BALANCED,0.6178
2018-03-13,URE,URE,0.0,57.36,0.003,-126868000.0,0.0,0.0,0.0105,0.0,-2911000.0,BALANCED,0.2629
2018-03-14,URE,URE,0.0,57.48,0.0021,-126868000.0,0.0,0.0,0.0105,0.0,-2911000.0,BALANCED,0.2629
2018-03-15,URE,URE,0.0,57.39,-0.0016,-126868000.0,0.0,0.0,0.073,0.0,-2911000.0,BALANCED,1.8241
2018-03-16,URE,URE,0.0,58.08,0.012,-126868000.0,0.0,0.0,0.073,0.0,-19507000.0,BALANCED,1.8241
2018-03-19,URE,URE,0.0,57.04,-0.0179,-126868000.0,0.0,0.0,0.0153,0.0,-19507000.0,BALANCED,0.3831
2018-03-20,URE,URE,0.0,56.87,-0.003,-126868000.0,0.0,0.0,0.0153,0.0,-327000.0,BALANCED,0.3831
2018-03-21,URE,URE,0.0,55.98,-0.0155,-126868000.0,0.0,0.0,0.0153,0.0,-327000.0,BALANCED,0.3831
2018-03-22,URE,URE,13840000.0,55.36,-0.0111,-113028000.0,13840000.0,0.0,1.9747,13840000.0,13513000.0,ACCUMULATION,61.3684
2018-03-23,URE,URE,0.0,53.6,-0.0318,-113028000.0,0.0,0.0,-0.0534,13840000.0,13513000.0,BALANCED,8.6654
2018-03-26,URE,URE,-16494000.0,54.98,0.0257,-129522000.0,0.0,-16494000.0,-2.1783,-2654000.0,-2981000.0,DISTRIBUTION,-66.4583
2018-03-27,URE,URE,0.0,55.2,0.004,-129522000.0,0.0,0.0,0.0248,-2654000.0,-2981000.0,BALANCED,-9.3806
2018-03-28,URE,URE,0.0,57.37,0.0393,-129522000.0,0.0,0.0,0.0248,-2654000.0,-2981000.0,BALANCED,-9.3806
2018-03-29,URE,URE,0.0,57.41,0.0007,-129522000.0,0.0,0.0,0.0248,-16494000.0,-18935000.0,BALANCED,-9.3806
2018-04-02,URE,URE,0.0,55.84,-0.0273,-129522000.0,0.0,0.0,0.1089,-16494000.0,-18935000.0,BALANCED,-7.2778
2018-04-03,URE,URE,0.0,56.53,0.0124,-129522000.0,0.0,0.0,0.1089,0.0,-2654000.0,BALANCED,2.7222
2018-04-04,URE,URE,0.0,57.79,0.0223,-129522000.0,0.0,0.0,0.0171,0.0,-2654000.0,BALANCED,0.4267
2018-04-05,URE,URE,0.0,57.76,-0.0005,-129522000.0,0.0,0.0,0.0171,0.0,-2654000.0,BALANCED,0.4267
2018-04-06,URE,URE,0.0,56.83,-0.0161,-129522000.0,0.0,0.0,0.0171,0.0,-2654000.0,BALANCED,0.4267
2018-04-09,URE,URE,-2831000.0,56.63,-0.0035,-132353000.0,0.0,-2831000.0,-0.4514,-2831000.0,-5485000.0,BALANCED,-23.2838
2018-04-10,URE,URE,0.0,56.22,-0.0072,-132353000.0,0.0,0.0,0.0332,-2831000.0,-5485000.0,BALANCED,-9.1711
2018-04-11,URE,URE,0.0,56.46,0.0043,-132353000.0,0.0,0.0,0.0332,-2831000.0,-5485000.0,BALANCED,-9.1711
2018-04-12,URE,URE,0.0,55.33,-0.02,-132353000.0,0.0,0.0,0.0332,-2831000.0,-5485000.0,BALANCED,-9.1711
2018-04-13,URE,URE,0.0,55.78,0.0081,-132353000.0,0.0,0.0,0.1455,-2831000.0,-5485000.0,BALANCED,-6.362
2018-04-16,URE,URE,0.0,56.41,0.0113,-132353000.0,0.0,0.0,0.1455,0.0,-5485000.0,BALANCED,3.638
2018-04-17,URE,URE,0.0,57.75,0.0238,-132353000.0,0.0,0.0,0.0454,0.0,-5485000.0,BALANCED,1.1347
2018-04-18,URE,URE,0.0,57.52,-0.004,-132353000.0,0.0,0.0,0.0454,0.0,-5485000.0,BALANCED,1.1347
2018-04-19,URE,URE,0.0,55.87,-0.0287,-132353000.0,0.0,0.0,0.0454,0.0,-5485000.0,BALANCED,1.1347
2018-04-20,URE,URE,0.0,54.95,-0.0165,-132353000.0,0.0,0.0,0.0454,0.0,-19325000.0,BALANCED,1.1347
2018-04-23,URE,URE,0.0,54.98,0.0005,-132353000.0,0.0,0.0,0.0454,0.0,-19325000.0,BALANCED,1.1347
2018-04-24,URE,URE,0.0,55.3,0.0058,-132353000.0,0.0,0.0,0.0454,0.0,-2831000.0,BALANCED,1.1347
2018-04-25,URE,URE,0.0,55.03,-0.0049,-132353000.0,0.0,0.0,0.0454,0.0,-2831000.0,BALANCED,1.1347
2018-04-26,URE,URE,0.0,56.29,0.0229,-132353000.0,0.0,0.0,0.0454,0.0,-2831000.0,BALANCED,1.1347
2018-04-27,URE,URE,0.0,57.82,0.0272,-132353000.0,0.0,0.0,0.0454,0.0,-2831000.0,BALANCED,1.1347
2018-04-30,URE,URE,0.0,57.46,-0.0062,-132353000.0,0.0,0.0,0.0454,0.0,-2831000.0,BALANCED,1.1347
2018-05-01,URE,URE,0.0,58.23,0.0134,-132353000.0,0.0,0.0,0.0454,0.0,-2831000.0,BALANCED,1.1347
2018-05-02,URE,URE,0.0,57.83,-0.0069,-132353000.0,0.0,0.0,0.0454,0.0,-2831000.0,BALANCED,1.1347
2018-05-03,URE,URE,0.0,57.91,0.0014,-132353000.0,0.0,0.0,0.0454,0.0,-2831000.0,BALANCED,1.1347
2018-05-04,URE,URE,0.0,59.13,0.0211,-132353000.0,0.0,0.0,0.2121,0.0,-2831000.0,BALANCED,5.3013
2018-05-07,URE,URE,0.0,59.78,0.011,-132353000.0,0.0,0.0,0.2121,0.0,0.0,BALANCED,5.3013
2018-05-08,URE,URE,0.0,59.08,-0.0117,-132353000.0,0.0,0.0,0.1826,0.0,0.0,BALANCED,4.5644
2018-05-09,URE,URE,0.0,59.83,0.0127,-132353000.0,0.0,0.0,0.1826,0.0,0.0,BALANCED,4.5644
2018-05-10,URE,URE,0.0,60.89,0.0177,-132353000.0,0.0,0.0,0.1826,0.0,0.0,BALANCED,4.5644
2018-05-11,URE,URE,-3020000.0,60.4,-0.008,-135373000.0,0.0,-3020000.0,-3.804,-3020000.0,-3020000.0,DISTRIBUTION,-100.0
2018-05-14,URE,URE,-2975000.0,59.51,-0.0147,-138348000.0,0.0,-2975000.0,-2.9851,-5995000.0,-5995000.0,DISTRIBUTION,-88.6273
2018-05-15,URE,URE,0.0,57.71,-0.0302,-138348000.0,0.0,0.0,0.3276,-5995000.0,-5995000.0,BALANCED,-1.8101
2018-05-16,URE,URE,0.0,57.39,-0.0055,-138348000.0,0.0,0.0,0.3276,-5995000.0,-5995000.0,BALANCED,-1.8101
2018-05-17,URE,URE,0.0,56.83,-0.0098,-138348000.0,0.0,0.0,0.3276,-5995000.0,-5995000.0,BALANCED,-1.8101
2018-05-18,URE,URE,0.0,57.04,0.0037,-138348000.0,0.0,0.0,0.3276,-2975000.0,-5995000.0,BALANCED,-1.8101
2018-05-21,URE,URE,0.0,58.24,0.021,-138348000.0,0.0,0.0,0.2628,0.0,-5995000.0,BALANCED,6.569
2018-05-22,URE,URE,0.0,58.36,0.0021,-138348000.0,0.0,0.0,0.2628,0.0,-5995000.0,BALANCED,6.569
2018-05-23,URE,URE,0.0,59.38,0.0175,-138348000.0,0.0,0.0,0.2628,0.0,-5995000.0,BALANCED,6.569
2018-05-24,URE,URE,0.0,59.03,-0.0059,-138348000.0,0.0,0.0,0.2628,0.0,-5995000.0,BALANCED,6.569
2018-05-25,URE,URE,0.0,59.5,0.008,-138348000.0,0.0,0.0,0.2628,0.0,-5995000.0,BALANCED,6.569
2018-05-29,URE,URE,0.0,59.87,0.0062,-138348000.0,0.0,0.0,0.2628,0.0,-5995000.0,BALANCED,6.569
2018-05-30,URE,URE,0.0,61.45,0.0264,-138348000.0,0.0,0.0,0.2628,0.0,-5995000.0,BALANCED,6.569
2018-05-31,URE,URE,0.0,61.06,-0.0063,-138348000.0,0.0,0.0,0.2628,0.0,-5995000.0,BALANCED,6.569
2018-06-01,URE,URE,0.0,61.55,0.008,-138348000.0,0.0,0.0,0.2628,0.0,-5995000.0,BALANCED,6.569
2018-06-04,URE,URE,0.0,62.65,0.0179,-138348000.0,0.0,0.0,0.2628,0.0,-5995000.0,BALANCED,6.569
2018-06-05,URE,URE,0.0,62.27,-0.0061,-138348000.0,0.0,0.0,0.2628,0.0,-5995000.0,BALANCED,6.569
2018-06-06,URE,URE,0.0,62.62,0.0056,-138348000.0,0.0,0.0,0.2628,0.0,-5995000.0,BALANCED,6.569
2018-06-07,URE,URE,0.0,62.56,-0.001,-138348000.0,0.0,0.0,0.2628,0.0,-5995000.0,BALANCED,6.569
2018-06-08,URE,URE,0.0,63.05,0.0078,-138348000.0,0.0,0.0,0.2628,0.0,-5995000.0,BALANCED,6.569
2018-06-11,URE,URE,0.0,62.93,-0.0019,-138348000.0,0.0,0.0,0.2628,0.0,-2975000.0,BALANCED,6.569
2018-06-12,URE,URE,0.0,63.67,0.0118,-138348000.0,0.0,0.0,0.2628,0.0,0.0,BALANCED,6.569
2018-06-13,URE,URE,0.0,61.19,-0.039,-138348000.0,0.0,0.0,0.2628,0.0,0.0,BALANCED,6.569
2018-06-14,URE,URE,9348000.0,62.32,0.0185,-129000000.0,9348000.0,0.0,4.8544,9348000.0,9348000.0,ACCUMULATION,100.0
2018-06-15,URE,URE,0.0,62.19,-0.0021,-129000000.0,0.0,0.0,-0.0587,9348000.0,9348000.0,BALANCED,8.5314
2018-06-18,URE,URE,-9340000.0,62.27,0.0013,-138340000.0,0.0,-9340000.0,-3.5579,8000.0,8000.0,DISTRIBUTION,-80.9484
2018-06-19,URE,URE,0.0,62.24,-0.0005,-138340000.0,0.0,0.0,0.0777,8000.0,8000.0,BALANCED,11.942
2018-06-20,URE,URE,-3167000.0,63.34,0.0204,-141507000.0,0.0,-3167000.0,-1.0902,-3159000.0,-3159000.0,BALANCED,-39.2559
2018-06-21,URE,URE,0.0,63.89,0.0087,-141507000.0,0.0,0.0,0.1162,-12507000.0,-3159000.0,BALANCED,-7.094
2018-06-22,URE,URE,0.0,64.73,0.0131,-141507000.0,0.0,0.0,0.1162,-12507000.0,-3159000.0,BALANCED,-7.094
2018-06-25,URE,URE,0.0,64.38,-0.0054,-141507000.0,0.0,0.0,0.0794,-3167000.0,-3159000.0,BALANCED,-8.0147
2018-06-26,URE,URE,0.0,64.82,0.0068,-141507000.0,0.0,0.0,0.0418,-3167000.0,-3159000.0,BALANCED,-8.9558
2018-06-27,URE,URE,0.0,64.27,-0.0085,-141507000.0,0.0,0.0,0.0418,0.0,-3159000.0,BALANCED,1.0442
2018-06-28,URE,URE,0.0,65.5,0.0191,-141507000.0,0.0,0.0,0.0418,0.0,-3159000.0,BALANCED,1.0442
2018-06-29,URE,URE,0.0,65.68,0.0027,-141507000.0,0.0,0.0,0.0418,0.0,-3159000.0,BALANCED,1.0442
2018-07-02,URE,URE,0.0,65.09,-0.009,-141507000.0,0.0,0.0,0.0418,0.0,-3159000.0,BALANCED,1.0442
2018-07-03,URE,URE,0.0,65.91,0.0126,-141507000.0,0.0,0.0,0.0418,0.0,-3159000.0,BALANCED,1.0442
2018-07-05,URE,URE,0.0,67.52,0.0244,-141507000.0,0.0,0.0,0.0418,0.0,-3159000.0,BALANCED,1.0442
2018-07-06,URE,URE,0.0,68.14,0.0092,-141507000.0,0.0,0.0,0.0418,0.0,-3159000.0,BALANCED,1.0442
2018-07-09,URE,URE,0.0,67.06,-0.0158,-141507000.0,0.0,0.0,0.0418,0.0,-3159000.0,BALANCED,1.0442
2018-07-10,URE,URE,0.0,67.38,0.0048,-141507000.0,0.0,0.0,0.0418,0.0,-3159000.0,BALANCED,1.0442
2018-07-11,URE,URE,0.0,67.03,-0.0052,-141507000.0,0.0,0.0,0.0418,0.0,-3159000.0,BALANCED,1.0442
2018-07-12,URE,URE,0.0,67.32,0.0043,-141507000.0,0.0,0.0,0.0418,0.0,-3159000.0,BALANCED,1.0442
2018-07-13,URE,URE,0.0,67.01,-0.0046,-141507000.0,0.0,0.0,0.0418,0.0,-12507000.0,BALANCED,1.0442
2018-07-16,URE,URE,0.0,66.3,-0.0106,-141507000.0,0.0,0.0,0.0418,0.0,-12507000.0,BALANCED,1.0442
2018-07-17,URE,URE,0.0,65.51,-0.0119,-141507000.0,0.0,0.0,0.0418,0.0,-3167000.0,BALANCED,1.0442
2018-07-18,URE,URE,0.0,64.9,-0.0093,-141507000.0,0.0,0.0,0.0418,0.0,-3167000.0,BALANCED,1.0442
2018-07-19,URE,URE,0.0,66.22,0.0203,-141507000.0,0.0,0.0,0.0418,0.0,0.0,BALANCED,1.0442
2018-07-20,URE,URE,0.0,65.05,-0.0177,-141507000.0,0.0,0.0,0.0418,0.0,0.0,BALANCED,1.0442
2018-07-23,URE,URE,0.0,64.84,-0.0032,-141507000.0,0.0,0.0,0.0418,0.0,0.0,BALANCED,1.0442
2018-07-24,URE,URE,0.0,64.23,-0.0094,-141507000.0,0.0,0.0,0.0418,0.0,0.0,BALANCED,1.0442
2018-07-25,URE,URE,0.0,65.22,0.0154,-141507000.0,0.0,0.0,0.0418,0.0,0.0,BALANCED,1.0442
2018-07-26,URE,URE,0.0,65.57,0.0054,-141507000.0,0.0,0.0,0.0418,0.0,0.0,BALANCED,1.0442
2018-07-27,URE,URE,0.0,64.32,-0.0191,-141507000.0,0.0,0.0,0.234,0.0,0.0,BALANCED,5.85
2018-07-30,URE,URE,0.0,64.4,0.0012,-141507000.0,0.0,0.0,0.234,0.0,0.0,BALANCED,5.85
2018-07-31,URE,URE,13312000.0,66.56,0.0335,-128195000.0,13312000.0,0.0,5.1533,13312000.0,13312000.0,ACCUMULATION,100.0
2018-08-01,URE,URE,0.0,67.19,0.0095,-128195000.0,0.0,0.0,-0.1343,13312000.0,13312000.0,BALANCED,6.642
2018-08-02,URE,URE,-10014000.0,66.76,-0.0064,-138209000.0,0.0,-10014000.0,-3.275,3298000.0,3298000.0,DISTRIBUTION,-73.8745
2018-08-03,URE,URE,0.0,68.1,0.0201,-138209000.0,0.0,0.0,-0.0356,3298000.0,3298000.0,BALANCED,9.1109
2018-08-06,URE,URE,0.0,67.97,-0.0019,-138209000.0,0.0,0.0,-0.0356,3298000.0,3298000.0,BALANCED,9.1109
2018-08-07,URE,URE,0.0,67.59,-0.0056,-138209000.0,0.0,0.0,-0.0356,-10014000.0,3298000.0,BALANCED,-10.8891
2018-08-08,URE,URE,0.0,66.87,-0.0107,-138209000.0,0.0,0.0,-0.0356,-10014000.0,3298000.0,BALANCED,-10.8891
2018-08-09,URE,URE,0.0,66.95,0.0012,-138209000.0,0.0,0.0,-0.0356,0.0,3298000.0,BALANCED,-0.8891
2018-08-10,URE,URE,0.0,65.78,-0.0175,-138209000.0,0.0,0.0,-0.0356,0.0,3298000.0,BALANCED,-0.8891
2018-08-13,URE,URE,0.0,65.71,-0.0011,-138209000.0,0.0,0.0,-0.0356,0.0,3298000.0,BALANCED,-0.8891
2018-08-14,URE,URE,0.0,66.41,0.0107,-138209000.0,0.0,0.0,-0.0356,0.0,3298000.0,BALANCED,-0.8891
2018-08-15,URE,URE,0.0,67.42,0.0152,-138209000.0,0.0,0.0,-0.0356,0.0,3298000.0,BALANCED,-0.8891
2018-08-16,URE,URE,0.0,68.4,0.0145,-138209000.0,0.0,0.0,-0.0356,0.0,3298000.0,BALANCED,-0.8891
2018-08-17,URE,URE,0.0,69.66,0.0184,-138209000.0,0.0,0.0,-0.0356,0.0,3298000.0,BALANCED,-0.8891
2018-08-20,URE,URE,-3486000.0,69.73,0.001,-141695000.0,0.0,-3486000.0,-1.1011,-3486000.0,-188000.0,BALANCED,-39.5268
2018-08-21,URE,URE,0.0,68.83,-0.0129,-141695000.0,0.0,0.0,0.002,-3486000.0,-188000.0,BALANCED,-9.9504
2018-08-22,URE,URE,0.0,68.07,-0.011,-141695000.0,0.0,0.0,0.002,-3486000.0,-188000.0,BALANCED,-9.9504
2018-08-23,URE,URE,0.0,67.77,-0.0044,-141695000.0,0.0,0.0,0.002,-3486000.0,-188000.0,BALANCED,-9.9504
2018-08-24,URE,URE,0.0,68.46,0.0102,-141695000.0,0.0,0.0,0.002,-3486000.0,-188000.0,BALANCED,-9.9504
2018-08-27,URE,URE,0.0,68.27,-0.0028,-141695000.0,0.0,0.0,0.002,0.0,-188000.0,BALANCED,0.0496
2018-08-28,URE,URE,17443000.0,69.77,0.022,-124252000.0,17443000.0,0.0,3.7589,17443000.0,3943000.0,ACCUMULATION,100.0
2018-08-29,URE,URE,0.0,69.71,-0.0009,-124252000.0,0.0,0.0,-0.1282,17443000.0,3943000.0,BALANCED,6.7957
2018-08-30,URE,URE,-17255000.0,69.02,-0.0099,-141507000.0,0.0,-17255000.0,-3.1119,188000.0,-3298000.0,DISTRIBUTION,-69.7966
2018-08-31,URE,URE,0.0,69.46,0.0064,-141507000.0,0.0,0.0,0.0,188000.0,-3298000.0,BALANCED,10.0
2018-09-04,URE,URE,0.0,68.13,-0.0191,-141507000.0,0.0,0.0,0.0,188000.0,-3298000.0,BALANCED,10.0
2018-09-05,URE,URE,13772000.0,68.86,0.0107,-127735000.0,13772000.0,0.0,2.1866,-3483000.0,10474000.0,ACCUMULATION,46.6654
2018-09-06,URE,URE,0.0,69.21,0.0051,-127735000.0,0.0,0.0,-0.0754,-3483000.0,10474000.0,BALANCED,-11.885
2018-09-07,URE,URE,-13534000.0,67.67,-0.0223,-141269000.0,0.0,-13534000.0,-2.0508,238000.0,-3060000.0,DISTRIBUTION,-43.2702
2018-09-10,URE,URE,0.0,68.31,0.0095,-141269000.0,0.0,0.0,-0.0012,238000.0,-3060000.0,BALANCED,9.97
2018-09-11,URE,URE,17053000.0,68.21,-0.0015,-124216000.0,17053000.0,0.0,2.2571,17291000.0,13993000.0,ACCUMULATION,68.4286
2018-09-12,URE,URE,0.0,68.15,-0.0009,-124216000.0,0.0,0.0,-0.0192,3519000.0,13993000.0,BALANCED,9.5189
2018-09-13,URE,URE,-17230000.0,68.92,0.0113,-141446000.0,0.0,-17230000.0,-2.2129,-13711000.0,-3237000.0,DISTRIBUTION,-67.3231
2018-09-14,URE,URE,0.0,67.91,-0.0147,-141446000.0,0.0,0.0,0.0146,-177000.0,-3237000.0,BALANCED,-9.6339
2018-09-17,URE,URE,0.0,68.39,0.0071,-141446000.0,0.0,0.0,0.0146,-177000.0,-3237000.0,BALANCED,-9.6339
2018-09-18,URE,URE,0.0,67.76,-0.0092,-141446000.0,0.0,0.0,0.0146,-17230000.0,249000.0,BALANCED,-9.6339
2018-09-19,URE,URE,0.0,66.2,-0.023,-141446000.0,0.0,0.0,0.0146,-17230000.0,249000.0,BALANCED,-9.6339
2018-09-20,URE,URE,0.0,67.37,0.0177,-141446000.0,0.0,0.0,0.0146,0.0,249000.0,BALANCED,0.3661
2018-09-21,URE,URE,0.0,67.27,-0.0015,-141446000.0,0.0,0.0,0.0146,0.0,249000.0,BALANCED,0.3661
2018-09-24,URE,URE,0.0,64.94,-0.0346,-141446000.0,0.0,0.0,0.0146,0.0,249000.0,BALANCED,0.3661
2018-09-25,URE,URE,16205000.0,64.82,-0.0018,-125241000.0,16205000.0,0.0,1.9846,16205000.0,16454000.0,ACCUMULATION,61.6162
2018-09-26,URE,URE,0.0,63.19,-0.0214,-125241000.0,0.0,0.0,-0.0544,16205000.0,-989000.0,BALANCED,8.6402
2018-09-27,URE,URE,-15905000.0,63.62,0.0068,-141146000.0,0.0,-15905000.0,-1.862,300000.0,-16894000.0,DISTRIBUTION,-38.5505
2018-09-28,URE,URE,0.0,65.35,0.0272,-141146000.0,0.0,0.0,0.0115,300000.0,361000.0,BALANCED,10.2883
2018-10-01,URE,URE,0.0,64.22,-0.0173,-141146000.0,0.0,0.0,0.0115,300000.0,361000.0,BALANCED,10.2883
2018-10-02,URE,URE,-3194000.0,63.88,-0.0053,-144340000.0,0.0,-3194000.0,-0.366,-19099000.0,-2833000.0,BALANCED,-21.1505
2018-10-03,URE,URE,0.0,62.8,-0.0169,-144340000.0,0.0,0.0,0.0104,-19099000.0,-16605000.0,BALANCED,-9.7402
2018-10-04,URE,URE,0.0,61.7,-0.0175,-144340000.0,0.0,0.0,0.0104,-3194000.0,-16605000.0,BALANCED,-9.7402
2018-10-05,URE,URE,0.0,61.57,-0.0021,-144340000.0,0.0,0.0,0.0104,-3194000.0,-3071000.0,BALANCED,-9.7402
2018-10-08,URE,URE,0.0,63.18,0.0261,-144340000.0,0.0,0.0,0.0104,-3194000.0,-3071000.0,BALANCED,-9.7402
2018-10-09,URE,URE,0.0,63.47,0.0046,-144340000.0,0.0,0.0,0.0104,0.0,-20124000.0,BALANCED,0.2598
2018-10-10,URE,URE,0.0,61.49,-0.0312,-144340000.0,0.0,0.0,0.0857,0.0,-20124000.0,BALANCED,2.1424
2018-10-11,URE,URE,0.0,58.11,-0.055,-144340000.0,0.0,0.0,0.0857,0.0,-2894000.0,BALANCED,2.1424
2018-10-12,URE,URE,0.0,57.91,-0.0034,-144340000.0,0.0,0.0,0.0132,0.0,-2894000.0,BALANCED,0.3298
2018-10-15,URE,URE,0.0,58.56,0.0112,-144340000.0,0.0,0.0,0.0132,0.0,-2894000.0,BALANCED,0.3298
2018-10-16,URE,URE,0.0,60.89,0.0398,-144340000.0,0.0,0.0,0.0132,0.0,-2894000.0,BALANCED,0.3298
2018-10-17,URE,URE,0.0,60.56,-0.0054,-144340000.0,0.0,0.0,0.0831,0.0,-2894000.0,BALANCED,2.0768
2018-10-18,URE,URE,0.0,60.34,-0.0036,-144340000.0,0.0,0.0,0.0831,0.0,-2894000.0,BALANCED,2.0768
2018-10-19,URE,URE,0.0,61.26,0.0152,-144340000.0,0.0,0.0,0.0165,0.0,-2894000.0,BALANCED,0.4131
2018-10-22,URE,URE,0.0,59.67,-0.026,-144340000.0,0.0,0.0,0.0165,0.0,-2894000.0,BALANCED,0.4131
2018-10-23,URE,URE,0.0,60.28,0.0102,-144340000.0,0.0,0.0,0.127,0.0,-19099000.0,BALANCED,3.1748
2018-10-24,URE,URE,0.0,61.25,0.0161,-144340000.0,0.0,0.0,0.127,0.0,-19099000.0,BALANCED,3.1748
2018-10-25,URE,URE,0.0,62.76,0.0247,-144340000.0,0.0,0.0,0.0227,0.0,-3194000.0,BALANCED,0.5665
2018-10-26,URE,URE,0.0,59.77,-0.0476,-144340000.0,0.0,0.0,0.0227,0.0,-3194000.0,BALANCED,0.5665
2018-10-29,URE,URE,0.0,61.22,0.0243,-144340000.0,0.0,0.0,0.0227,0.0,-3194000.0,BALANCED,0.5665
2018-10-30,URE,URE,0.0,62.85,0.0266,-144340000.0,0.0,0.0,0.0227,0.0,0.0,BALANCED,0.5665
2018-10-31,URE,URE,0.0,61.49,-0.0216,-144340000.0,0.0,0.0,0.0227,0.0,0.0,BALANCED,0.5665
2018-11-01,URE,URE,0.0,62.0,0.0083,-144340000.0,0.0,0.0,0.0227,0.0,0.0,BALANCED,0.5665
2018-11-02,URE,URE,0.0,60.92,-0.0174,-144340000.0,0.0,0.0,0.0227,0.0,0.0,BALANCED,0.5665
2018-11-05,URE,URE,0.0,62.73,0.0297,-144340000.0,0.0,0.0,0.0227,0.0,0.0,BALANCED,0.5665
2018-11-06,URE,URE,0.0,63.28,0.0088,-144340000.0,0.0,0.0,0.2164,0.0,0.0,BALANCED,5.4098
2018-11-07,URE,URE,0.0,64.8,0.024,-144340000.0,0.0,0.0,0.2164,0.0,0.0,BALANCED,5.4098
2018-11-08,URE,URE,-3246000.0,64.93,0.002,-147586000.0,0.0,-3246000.0,-3.7105,-3246000.0,-3246000.0,DISTRIBUTION,-100.0
2018-11-09,URE,URE,0.0,64.98,0.0008,-147586000.0,0.0,0.0,0.2628,-3246000.0,-3246000.0,BALANCED,-3.431
2018-11-12,URE,URE,0.0,64.95,-0.0005,-147586000.0,0.0,0.0,0.2628,-3246000.0,-3246000.0,BALANCED,-3.431
2018-11-13,URE,URE,6505000.0,65.05,0.0015,-141081000.0,6505000.0,0.0,4.754,3259000.0,3259000.0,ACCUMULATION,100.0
2018-11-14,URE,URE,0.0,64.83,-0.0034,-141081000.0,0.0,0.0,-0.0807,3259000.0,3259000.0,BALANCED,7.9815
2018-11-15,URE,URE,0.0,63.89,-0.0145,-141081000.0,0.0,0.0,-0.0807,6505000.0,3259000.0,BALANCED,7.9815
2018-11-16,URE,URE,0.0,65.42,0.0239,-141081000.0,0.0,0.0,-0.0807,6505000.0,3259000.0,BALANCED,7.9815
2018-11-19,URE,URE,0.0,65.52,0.0015,-141081000.0,0.0,0.0,-0.0807,6505000.0,3259000.0,BALANCED,7.9815
2018-11-20,URE,URE,0.0,64.15,-0.0209,-141081000.0,0.0,0.0,-0.0807,0.0,3259000.0,BALANCED,-2.0185
2018-11-21,URE,URE,-3207000.0,64.14,-0.0002,-144288000.0,0.0,-3207000.0,-2.1747,-3207000.0,52000.0,DISTRIBUTION,-66.3667
2018-11-23,URE,URE,0.0,63.79,-0.0055,-144288000.0,0.0,0.0,-0.0012,-3207000.0,52000.0,BALANCED,-10.0294
2018-11-26,URE,URE,0.0,64.21,0.0066,-144288000.0,0.0,0.0,-0.0012,-3207000.0,52000.0,BALANCED,-10.0294
2018-11-27,URE,URE,0.0,64.62,0.0064,-144288000.0,0.0,0.0,-0.0012,-3207000.0,52000.0,BALANCED,-10.0294
2018-11-28,URE,URE,0.0,65.84,0.0189,-144288000.0,0.0,0.0,-0.0012,-3207000.0,52000.0,BALANCED,-10.0294
2018-11-29,URE,URE,0.0,65.93,0.0014,-144288000.0,0.0,0.0,-0.0012,0.0,52000.0,BALANCED,-0.0294
2018-11-30,URE,URE,0.0,67.12,0.018,-144288000.0,0.0,0.0,-0.0012,0.0,52000.0,BALANCED,-0.0294
2018-12-03,URE,URE,0.0,67.78,0.0098,-144288000.0,0.0,0.0,-0.0012,0.0,52000.0,BALANCED,-0.0294
2018-12-04,URE,URE,0.0,65.74,-0.0301,-144288000.0,0.0,0.0,-0.0012,0.0,52000.0,BALANCED,-0.0294
2018-12-06,URE,URE,0.0,69.04,0.0502,-144288000.0,0.0,0.0,-0.0012,0.0,52000.0,BALANCED,-0.0294
2018-12-07,URE,URE,0.0,67.19,-0.0268,-144288000.0,0.0,0.0,-0.0012,0.0,52000.0,BALANCED,-0.0294
2018-12-10,URE,URE,0.0,66.4,-0.0118,-144288000.0,0.0,0.0,-0.0012,0.0,3298000.0,BALANCED,-0.0294
2018-12-11,URE,URE,0.0,66.43,0.0005,-144288000.0,0.0,0.0,-0.0012,0.0,3298000.0,BALANCED,-0.0294
2018-12-12,URE,URE,0.0,64.21,-0.0334,-144288000.0,0.0,0.0,-0.0012,0.0,3298000.0,BALANCED,-0.0294
2018-12-13,URE,URE,0.0,65.04,0.0129,-144288000.0,0.0,0.0,-0.0012,0.0,-3207000.0,BALANCED,-0.0294
2018-12-14,URE,URE,0.0,64.81,-0.0035,-144288000.0,0.0,0.0,-0.0012,0.0,-3207000.0,BALANCED,-0.0294
2018-12-17,URE,URE,0.0,59.99,-0.0744,-144288000.0,0.0,0.0,-0.0012,0.0,-3207000.0,BALANCED,-0.0294
2018-12-18,URE,URE,-6106000.0,61.06,0.0178,-150394000.0,0.0,-6106000.0,-3.1923,-6106000.0,-9313000.0,DISTRIBUTION,-91.8084
2018-12-19,URE,URE,0.0,59.76,-0.0213,-150394000.0,0.0,0.0,0.1091,-6106000.0,-9313000.0,BALANCED,-7.2722
2018-12-20,URE,URE,0.0,58.03,-0.0289,-150394000.0,0.0,0.0,0.1091,-6106000.0,-9313000.0,BALANCED,-7.2722
2018-12-21,URE,URE,0.0,56.45,-0.0272,-150394000.0,0.0,0.0,0.1091,-6106000.0,-6106000.0,BALANCED,-7.2722
2018-12-24,URE,URE,0.0,52.32,-0.0732,-150394000.0,0.0,0.0,0.0532,-6106000.0,-6106000.0,BALANCED,-8.6689
2018-12-26,URE,URE,0.0,55.48,0.0687,-150394000.0,0.0,0.0,0.0532,0.0,-6106000.0,BALANCED,1.3311
2018-12-27,URE,URE,0.0,55.67,0.0034,-150394000.0,0.0,0.0,0.0532,0.0,-6106000.0,BALANCED,1.3311
2018-12-28,URE,URE,0.0,55.98,0.0056,-150394000.0,0.0,0.0,0.2501,0.0,-6106000.0,BALANCED,6.2527
2018-12-31,URE,URE,0.0,56.17,0.0034,-150394000.0,0.0,0.0,0.2501,0.0,-6106000.0,BALANCED,6.2527
2019-01-02,URE,URE,0.0,53.83,-0.0417,-150394000.0,0.0,0.0,0.2501,0.0,-6106000.0,BALANCED,6.2527
2019-01-03,URE,URE,-2723000.0,54.46,0.0117,-153117000.0,0.0,-2723000.0,-1.7655,-2723000.0,-8829000.0,DISTRIBUTION,-56.1378
2019-01-04,URE,URE,0.0,55.76,0.0239,-153117000.0,0.0,0.0,0.3051,-2723000.0,-8829000.0,BALANCED,-2.3731
2019-01-07,URE,URE,0.0,56.73,0.0174,-153117000.0,0.0,0.0,0.3051,-2723000.0,-8829000.0,BALANCED,-2.3731
2019-01-08,URE,URE,0.0,58.85,0.0374,-153117000.0,0.0,0.0,0.2443,-2723000.0,-8829000.0,BALANCED,-3.8935
2019-01-09,URE,URE,0.0,58.68,-0.0029,-153117000.0,0.0,0.0,0.2443,-2723000.0,-8829000.0,BALANCED,-3.8935
2019-01-10,URE,URE,0.0,60.29,0.0274,-153117000.0,0.0,0.0,0.2443,0.0,-8829000.0,BALANCED,6.1065
2019-01-11,URE,URE,0.0,60.66,0.0061,-153117000.0,0.0,0.0,0.2443,0.0,-8829000.0,BALANCED,6.1065
2019-01-14,URE,URE,0.0,60.23,-0.0071,-153117000.0,0.0,0.0,0.2443,0.0,-8829000.0,BALANCED,6.1065
2019-01-15,URE,URE,0.0,61.38,0.0191,-153117000.0,0.0,0.0,0.2443,0.0,-8829000.0,BALANCED,6.1065
2019-01-16,URE,URE,0.0,62.23,0.0138,-153117000.0,0.0,0.0,0.2443,0.0,-8829000.0,BALANCED,6.1065
2019-01-17,URE,URE,0.0,62.81,0.0093,-153117000.0,0.0,0.0,0.2443,0.0,-2723000.0,BALANCED,6.1065
2019-01-18,URE,URE,0.0,63.24,0.0068,-153117000.0,0.0,0.0,0.2443,0.0,-2723000.0,BALANCED,6.1065
2019-01-22,URE,URE,0.0,62.88,-0.0057,-153117000.0,0.0,0.0,0.2443,0.0,-2723000.0,BALANCED,6.1065
2019-01-23,URE,URE,0.0,62.94,0.001,-153117000.0,0.0,0.0,0.2443,0.0,-2723000.0,BALANCED,6.1065
2019-01-24,URE,URE,3167000.0,63.34,0.0064,-149950000.0,3167000.0,0.0,2.467,3167000.0,444000.0,ACCUMULATION,73.6743
2019-01-25,URE,URE,0.0,64.88,0.0243,-149950000.0,0.0,0.0,0.1387,3167000.0,444000.0,BALANCED,13.4687
2019-01-28,URE,URE,0.0,66.04,0.0179,-149950000.0,0.0,0.0,0.1387,3167000.0,444000.0,BALANCED,13.4687
2019-01-29,URE,URE,0.0,67.08,0.0157,-149950000.0,0.0,0.0,0.1387,3167000.0,444000.0,BALANCED,13.4687
2019-01-30,URE,URE,0.0,68.1,0.0152,-149950000.0,0.0,0.0,0.1387,3167000.0,444000.0,BALANCED,13.4687
2019-01-31,URE,URE,0.0,69.38,0.0188,-149950000.0,0.0,0.0,0.1387,0.0,444000.0,BALANCED,3.4687
2019-02-01,URE,URE,0.0,68.51,-0.0125,-149950000.0,0.0,0.0,-0.0191,0.0,3167000.0,BALANCED,-0.4771
2019-02-04,URE,URE,0.0,69.51,0.0146,-149950000.0,0.0,0.0,-0.0191,0.0,3167000.0,BALANCED,-0.4771
2019-02-05,URE,URE,0.0,70.27,0.0109,-149950000.0,0.0,0.0,-0.0191,0.0,3167000.0,BALANCED,-0.4771
2019-02-06,URE,URE,0.0,69.33,-0.0134,-149950000.0,0.0,0.0,-0.0191,0.0,3167000.0,BALANCED,-0.4771
2019-02-07,URE,URE,0.0,70.39,0.0153,-149950000.0,0.0,0.0,-0.0191,0.0,3167000.0,BALANCED,-0.4771
2019-02-08,URE,URE,-1761000.0,70.44,0.0007,-151711000.0,0.0,-1761000.0,-2.0429,-1761000.0,1406000.0,DISTRIBUTION,-63.0723
2019-02-11,URE,URE,0.0,70.75,0.0044,-151711000.0,0.0,0.0,0.0522,-1761000.0,1406000.0,BALANCED,-8.6943
2019-02-12,URE,URE,0.0,69.9,-0.012,-151711000.0,0.0,0.0,0.0522,-1761000.0,1406000.0,BALANCED,-8.6943
2019-02-13,URE,URE,0.0,70.61,0.0102,-151711000.0,0.0,0.0,0.0522,-1761000.0,1406000.0,BALANCED,-8.6943
2019-02-14,URE,URE,0.0,71.01,0.0057,-151711000.0,0.0,0.0,0.0522,-1761000.0,1406000.0,BALANCED,-8.6943
2019-02-15,URE,URE,0.0,71.85,0.0118,-151711000.0,0.0,0.0,-0.0698,0.0,1406000.0,BALANCED,-1.7456
2019-02-19,URE,URE,0.0,71.79,-0.0008,-151711000.0,0.0,0.0,-0.0698,0.0,1406000.0,BALANCED,-1.7456
2019-02-20,URE,URE,0.0,70.87,-0.0128,-151711000.0,0.0,0.0,-0.0698,0.0,1406000.0,BALANCED,-1.7456
2019-02-21,URE,URE,0.0,70.98,0.0016,-151711000.0,0.0,0.0,-0.0698,0.0,1406000.0,BALANCED,-1.7456
2019-02-22,URE,URE,0.0,71.78,0.0113,-151711000.0,0.0,0.0,-0.0698,0.0,-1761000.0,BALANCED,-1.7456
2019-02-25,URE,URE,0.0,70.74,-0.0145,-151711000.0,0.0,0.0,-0.0698,0.0,-1761000.0,BALANCED,-1.7456
2019-02-26,URE,URE,0.0,70.28,-0.0065,-151711000.0,0.0,0.0,-0.0698,0.0,-1761000.0,BALANCED,-1.7456
2019-02-27,URE,URE,0.0,69.87,-0.0058,-151711000.0,0.0,0.0,-0.0698,0.0,-1761000.0,BALANCED,-1.7456
2019-02-28,URE,URE,0.0,70.24,0.0053,-151711000.0,0.0,0.0,-0.0698,0.0,-1761000.0,BALANCED,-1.7456
2019-03-01,URE,URE,0.0,69.97,-0.0038,-151711000.0,0.0,0.0,-0.0698,0.0,-1761000.0,BALANCED,-1.7456
2019-03-04,URE,URE,-1764000.0,70.56,0.0084,-153475000.0,0.0,-1764000.0,-2.3414,-1764000.0,-3525000.0,DISTRIBUTION,-70.5353
2019-03-05,URE,URE,0.0,70.87,0.0044,-153475000.0,0.0,0.0,0.0159,-1764000.0,-3525000.0,BALANCED,-9.6013
2019-03-06,URE,URE,0.0,70.26,-0.0086,-153475000.0,0.0,0.0,0.0159,-1764000.0,-3525000.0,BALANCED,-9.6013
2019-03-07,URE,URE,-3500000.0,70.0,-0.0037,-156975000.0,0.0,-3500000.0,-3.4313,-5264000.0,-7025000.0,DISTRIBUTION,-97.7821
2019-03-08,URE,URE,0.0,70.14,0.002,-156975000.0,0.0,0.0,0.3075,-5264000.0,-7025000.0,BALANCED,-2.3126
2019-03-11,URE,URE,0.0,72.18,0.0291,-156975000.0,0.0,0.0,0.3075,-3500000.0,-5264000.0,BALANCED,-2.3126
2019-03-12,URE,URE,0.0,72.77,0.0082,-156975000.0,0.0,0.0,0.3075,-3500000.0,-5264000.0,BALANCED,-2.3126
2019-03-13,URE,URE,0.0,73.42,0.0089,-156975000.0,0.0,0.0,0.3075,-3500000.0,-5264000.0,BALANCED,-2.3126
2019-03-14,URE,URE,0.0,73.69,0.0037,-156975000.0,0.0,0.0,0.3075,0.0,-5264000.0,BALANCED,7.6874
2019-03-15,URE,URE,0.0,73.23,-0.0062,-156975000.0,0.0,0.0,0.3075,0.0,-5264000.0,BALANCED,7.6874
2019-03-18,URE,URE,0.0,72.51,-0.0098,-156975000.0,0.0,0.0,0.3075,0.0,-5264000.0,BALANCED,7.6874
2019-03-19,URE,URE,0.0,72.04,-0.0065,-156975000.0,0.0,0.0,0.3075,0.0,-5264000.0,BALANCED,7.6874
2019-03-20,URE,URE,0.0,72.45,0.0059,-156975000.0,0.0,0.0,0.3075,0.0,-5264000.0,BALANCED,7.6874
2019-03-21,URE,URE,0.0,74.94,0.0344,-156975000.0,0.0,0.0,0.3075,0.0,-5264000.0,BALANCED,7.6874
2019-03-22,URE,URE,0.0,73.97,-0.0129,-156975000.0,0.0,0.0,0.3075,0.0,-5264000.0,BALANCED,7.6874
2019-03-25,URE,URE,0.0,74.02,0.0007,-156975000.0,0.0,0.0,0.2487,0.0,-5264000.0,BALANCED,6.217
2019-03-26,URE,URE,0.0,75.17,0.0155,-156975000.0,0.0,0.0,0.2487,0.0,-5264000.0,BALANCED,6.217
2019-03-27,URE,URE,0.0,74.76,-0.0055,-156975000.0,0.0,0.0,0.2487,0.0,-5264000.0,BALANCED,6.217
2019-03-28,URE,URE,0.0,76.13,0.0183,-156975000.0,0.0,0.0,0.2487,0.0,-5264000.0,BALANCED,6.217
2019-03-29,URE,URE,0.0,75.93,-0.0026,-156975000.0,0.0,0.0,0.2487,0.0,-5264000.0,BALANCED,6.217
2019-04-01,URE,URE,0.0,75.94,0.0001,-156975000.0,0.0,0.0,0.2487,0.0,-3500000.0,BALANCED,6.217
2019-04-02,URE,URE,0.0,76.88,0.0124,-156975000.0,0.0,0.0,0.2487,0.0,-3500000.0,BALANCED,6.217
2019-04-03,URE,URE,0.0,76.79,-0.0012,-156975000.0,0.0,0.0,0.2487,0.0,-3500000.0,BALANCED,6.217
2019-04-04,URE,URE,0.0,76.48,-0.004,-156975000.0,0.0,0.0,0.2487,0.0,0.0,BALANCED,6.217
2019-04-05,URE,URE,0.0,77.5,0.0133,-156975000.0,0.0,0.0,0.2487,0.0,0.0,BALANCED,6.217
2019-04-08,URE,URE,0.0,76.7,-0.0103,-156975000.0,0.0,0.0,0.2487,0.0,0.0,BALANCED,6.217
2019-04-09,URE,URE,0.0,75.87,-0.0108,-156975000.0,0.0,0.0,0.2487,0.0,0.0,BALANCED,6.217
2019-04-10,URE,URE,0.0,77.23,0.0179,-156975000.0,0.0,0.0,0.2487,0.0,0.0,BALANCED,6.217
2019-04-11,URE,URE,0.0,77.1,-0.0017,-156975000.0,0.0,0.0,0.2487,0.0,0.0,BALANCED,6.217
2019-04-12,URE,URE,0.0,77.9,0.0104,-156975000.0,0.0,0.0,0.2487,0.0,0.0,BALANCED,6.217
2019-04-15,URE,URE,0.0,77.08,-0.0105,-156975000.0,0.0,0.0,0.1826,0.0,0.0,BALANCED,4.5644
2019-04-16,URE,URE,0.0,73.75,-0.0432,-156975000.0,0.0,0.0,0.1826,0.0,0.0,BALANCED,4.5644
2019-04-17,URE,URE,0.0,72.36,-0.0188,-156975000.0,0.0,0.0,0.1826,0.0,0.0,BALANCED,4.5644
2019-04-18,URE,URE,0.0,73.44,0.0149,-156975000.0,0.0,0.0,0.0,0.0,0.0,BALANCED,0.0
2019-04-22,URE,URE,0.0,71.92,-0.0207,-156975000.0,0.0,0.0,0.0,0.0,0.0,BALANCED,0.0
2019-04-23,URE,URE,0.0,73.62,0.0236,-156975000.0,0.0,0.0,0.0,0.0,0.0,BALANCED,0.0
2019-04-24,URE,URE,0.0,74.69,0.0145,-156975000.0,0.0,0.0,0.0,0.0,0.0,BALANCED,0.0
2019-04-25,URE,URE,0.0,74.38,-0.0042,-156975000.0,0.0,0.0,0.0,0.0,0.0,BALANCED,0.0
2019-04-26,URE,URE,0.0,75.48,0.0148,-156975000.0,0.0,0.0,0.0,0.0,0.0,BALANCED,0.0
2019-04-29,URE,URE,0.0,73.99,-0.0197,-156975000.0,0.0,0.0,0.0,0.0,0.0,BALANCED,0.0
2019-04-30,URE,URE,0.0,75.52,0.0207,-156975000.0,0.0,0.0,0.0,0.0,0.0,BALANCED,0.0
2019-05-01,URE,URE,0.0,75.56,0.0005,-156975000.0,0.0,0.0,0.0,0.0,0.0,BALANCED,0.0
2019-05-02,URE,URE,0.0,75.61,0.0007,-156975000.0,0.0,0.0,0.0,0.0,0.0,BALANCED,0.0
2019-05-03,URE,URE,0.0,76.74,0.0149,-156975000.0,0.0,0.0,0.0,0.0,0.0,BALANCED,0.0
2019-05-06,URE,URE,0.0,76.23,-0.0066,-156975000.0,0.0,0.0,0.0,0.0,0.0,BALANCED,0.0
2019-05-07,URE,URE,0.0,73.54,-0.0353,-156975000.0,0.0,0.0,0.0,0.0,0.0,BALANCED,0.0
2019-05-08,URE,URE,0.0,73.42,-0.0016,-156975000.0,0.0,0.0,0.0,0.0,0.0,BALANCED,0.0
2019-05-09,URE,URE,0.0,73.84,0.0057,-156975000.0,0.0,0.0,0.0,0.0,0.0,BALANCED,0.0
2019-05-10,URE,URE,0.0,75.4,0.0211,-156975000.0,0.0,0.0,0.0,0.0,0.0,BALANCED,0.0
2019-05-13,URE,URE,0.0,75.21,-0.0025,-156975000.0,0.0,0.0,0.0,0.0,0.0,BALANCED,0.0
2019-05-14,URE,URE,0.0,75.75,0.0072,-156975000.0,0.0,0.0,0.0,0.0,0.0,BALANCED,0.0
2019-05-15,URE,URE,0.0,76.66,0.012,-156975000.0,0.0,0.0,0.0,0.0,0.0,BALANCED,0.0
2019-05-16,URE,URE,0.0,77.57,0.0119,-156975000.0,0.0,0.0,0.0,0.0,0.0,BALANCED,0.0
2019-05-17,URE,URE,0.0,77.14,-0.0055,-156975000.0,0.0,0.0,0.0,0.0,0.0,BALANCED,0.0
2019-05-20,URE,URE,0.0,74.82,-0.0301,-156975000.0,0.0,0.0,0.0,0.0,0.0,BALANCED,0.0
2019-05-21,URE,URE,0.0,76.15,0.0178,-156975000.0,0.0,0.0,0.0,0.0,0.0,BALANCED,0.0
2019-05-22,URE,URE,0.0,76.55,0.0053,-156975000.0,0.0,0.0,0.0,0.0,0.0,BALANCED,0.0
2019-05-23,URE,URE,0.0,76.86,0.004,-156975000.0,0.0,0.0,0.0,0.0,0.0,BALANCED,0.0
2019-05-24,URE,URE,0.0,77.25,0.0051,-156975000.0,0.0,0.0,0.0,0.0,0.0,BALANCED,0.0
2019-05-28,URE,URE,0.0,75.59,-0.0215,-156975000.0,0.0,0.0,0.0,0.0,0.0,BALANCED,0.0
2019-05-29,URE,URE,0.0,73.77,-0.0241,-156975000.0,0.0,0.0,0.0,0.0,0.0,BALANCED,0.0
2019-05-30,URE,URE,-1858000.0,74.32,0.0075,-158833000.0,0.0,-1858000.0,-5.2947,-1858000.0,-1858000.0,DISTRIBUTION,-100.0
2019-05-31,URE,URE,0.0,75.11,0.0106,-158833000.0,0.0,0.0,0.1826,-1858000.0,-1858000.0,BALANCED,-5.4356
2019-06-03,URE,URE,0.0,75.63,0.0069,-158833000.0,0.0,0.0,0.1826,-1858000.0,-1858000.0,BALANCED,-5.4356
2019-06-04,URE,URE,0.0,75.13,-0.0066,-158833000.0,0.0,0.0,0.1826,-1858000.0,-1858000.0,BALANCED,-5.4356
2019-06-05,URE,URE,0.0,78.22,0.0411,-158833000.0,0.0,0.0,0.1826,-1858000.0,-1858000.0,BALANCED,-5.4356
2019-06-06,URE,URE,0.0,78.48,0.0033,-158833000.0,0.0,0.0,0.1826,0.0,-1858000.0,BALANCED,4.5644
2019-06-07,URE,URE,-1972000.0,78.87,0.005,-160805000.0,0.0,-1972000.0,-3.7943,-1972000.0,-3830000.0,DISTRIBUTION,-100.0
2019-06-10,URE,URE,0.0,78.47,-0.0051,-160805000.0,0.0,0.0,0.2626,-1972000.0,-3830000.0,BALANCED,-3.4339
2019-06-11,URE,URE,0.0,78.72,0.0032,-160805000.0,0.0,0.0,0.2626,-1972000.0,-3830000.0,BALANCED,-3.4339
2019-06-12,URE,URE,0.0,79.22,0.0064,-160805000.0,0.0,0.0,0.2626,-1972000.0,-3830000.0,BALANCED,-3.4339
2019-06-13,URE,URE,0.0,79.78,0.0071,-160805000.0,0.0,0.0,0.2626,-1972000.0,-3830000.0,BALANCED,-3.4339
2019-06-14,URE,URE,0.0,80.04,0.0033,-160805000.0,0.0,0.0,0.2626,0.0,-3830000.0,BALANCED,6.5661
2019-06-17,URE,URE,-2041000.0,81.66,0.0202,-162846000.0,0.0,-2041000.0,-3.0877,-2041000.0,-5871000.0,DISTRIBUTION,-89.1925
2019-06-18,URE,URE,0.0,81.36,-0.0037,-162846000.0,0.0,0.0,0.3275,-2041000.0,-5871000.0,BALANCED,-1.8135
2019-06-19,URE,URE,0.0,82.37,0.0124,-162846000.0,0.0,0.0,0.3275,-2041000.0,-5871000.0,BALANCED,-1.8135
2019-06-20,URE,URE,0.0,83.06,0.0084,-162846000.0,0.0,0.0,0.3275,-2041000.0,-5871000.0,BALANCED,-1.8135
2019-06-21,URE,URE,0.0,81.16,-0.0229,-162846000.0,0.0,0.0,0.3275,-2041000.0,-5871000.0,BALANCED,-1.8135
2019-06-24,URE,URE,0.0,80.15,-0.0124,-162846000.0,0.0,0.0,0.3275,0.0,-5871000.0,BALANCED,8.1865
2019-06-25,URE,URE,0.0,77.74,-0.0256,-162846000.0,0.0,0.0,0.3275,0.0,-5871000.0,BALANCED,8.1865
2019-06-26,URE,URE,0.0,74.74,-0.0386,-162846000.0,0.0,0.0,0.3275,0.0,-5871000.0,BALANCED,8.1865
2019-06-27,URE,URE,0.0,76.46,0.023,-162846000.0,0.0,0.0,0.3275,0.0,-4013000.0,BALANCED,8.1865
2019-06-28,URE,URE,0.0,77.08,0.0081,-162846000.0,0.0,0.0,0.3275,0.0,-4013000.0,BALANCED,8.1865
2019-07-01,URE,URE,0.0,76.88,-0.0026,-162846000.0,0.0,0.0,0.3275,0.0,-4013000.0,BALANCED,8.1865
2019-07-02,URE,URE,0.0,79.3,0.0315,-162846000.0,0.0,0.0,0.3275,0.0,-4013000.0,BALANCED,8.1865
2019-07-03,URE,URE,0.0,81.38,0.0262,-162846000.0,0.0,0.0,0.3275,0.0,-4013000.0,BALANCED,8.1865
2019-07-05,URE,URE,0.0,80.74,-0.0079,-162846000.0,0.0,0.0,0.3275,0.0,-4013000.0,BALANCED,8.1865
2019-07-08,URE,URE,0.0,81.21,0.0058,-162846000.0,0.0,0.0,0.3275,0.0,-2041000.0,BALANCED,8.1865
2019-07-09,URE,URE,-2048000.0,81.94,0.009,-164894000.0,0.0,-2048000.0,-2.6041,-2048000.0,-4089000.0,DISTRIBUTION,-77.1034
2019-07-10,URE,URE,0.0,82.8,0.0105,-164894000.0,0.0,0.0,0.3853,-2048000.0,-4089000.0,BALANCED,-0.3673
2019-07-11,URE,URE,0.0,80.91,-0.0228,-164894000.0,0.0,0.0,0.3853,-2048000.0,-4089000.0,BALANCED,-0.3673
2019-07-12,URE,URE,0.0,80.55,-0.0044,-164894000.0,0.0,0.0,0.3277,-2048000.0,-4089000.0,BALANCED,-1.808
2019-07-15,URE,URE,-2014000.0,80.57,0.0002,-166908000.0,0.0,-2014000.0,-2.4995,-4062000.0,-6103000.0,DISTRIBUTION,-74.4884
2019-07-16,URE,URE,0.0,80.17,-0.005,-166908000.0,0.0,0.0,0.3856,-2014000.0,-4062000.0,BALANCED,-0.3602
2019-07-17,URE,URE,0.0,79.6,-0.0071,-166908000.0,0.0,0.0,0.3856,-2014000.0,-4062000.0,BALANCED,-0.3602
2019-07-18,URE,URE,0.0,79.55,-0.0006,-166908000.0,0.0,0.0,0.3856,-2014000.0,-4062000.0,BALANCED,-0.3602
2019-07-19,URE,URE,0.0,77.02,-0.0318,-166908000.0,0.0,0.0,0.3856,-2014000.0,-4062000.0,BALANCED,-0.3602
2019-07-22,URE,URE,0.0,76.98,-0.0005,-166908000.0,0.0,0.0,0.3277,0.0,-4062000.0,BALANCED,8.193
2019-07-23,URE,URE,0.0,78.57,0.0207,-166908000.0,0.0,0.0,0.3277,0.0,-4062000.0,BALANCED,8.193
2019-07-24,URE,URE,0.0,78.85,0.0036,-166908000.0,0.0,0.0,0.3277,0.0,-4062000.0,BALANCED,8.193
2019-07-25,URE,URE,0.0,78.0,-0.0108,-166908000.0,0.0,0.0,0.3277,0.0,-4062000.0,BALANCED,8.193
2019-07-26,URE,URE,0.0,78.62,0.0079,-166908000.0,0.0,0.0,0.3277,0.0,-4062000.0,BALANCED,8.193
2019-07-29,URE,URE,0.0,79.15,0.0067,-166908000.0,0.0,0.0,0.3277,0.0,-4062000.0,BALANCED,8.193
2019-07-30,URE,URE,0.0,80.28,0.0143,-166908000.0,0.0,0.0,0.2628,0.0,-4062000.0,BALANCED,6.569
2019-07-31,URE,URE,0.0,79.67,-0.0076,-166908000.0,0.0,0.0,0.2628,0.0,-4062000.0,BALANCED,6.569
2019-08-01,URE,URE,1989000.0,79.55,-0.0015,-164919000.0,1989000.0,0.0,3.191,1989000.0,-2073000.0,ACCUMULATION,91.7758
2019-08-02,URE,URE,0.0,80.35,0.0101,-164919000.0,0.0,0.0,0.1071,1989000.0,-2073000.0,BALANCED,12.6784
2019-08-05,URE,URE,0.0,77.24,-0.0387,-164919000.0,0.0,0.0,0.1071,1989000.0,-2073000.0,BALANCED,12.6784
2019-08-06,URE,URE,0.0,79.02,0.023,-164919000.0,0.0,0.0,0.1071,1989000.0,-25000.0,BALANCED,12.6784
2019-08-07,URE,URE,0.0,80.55,0.0194,-164919000.0,0.0,0.0,0.1071,1989000.0,-25000.0,BALANCED,12.6784
2019-08-08,URE,URE,0.0,83.24,0.0334,-164919000.0,0.0,0.0,0.1071,0.0,-25000.0,BALANCED,2.6784
2019-08-09,URE,URE,0.0,83.18,-0.0007,-164919000.0,0.0,0.0,0.1071,0.0,-25000.0,BALANCED,2.6784
2019-08-12,URE,URE,-2064000.0,82.58,-0.0072,-166983000.0,0.0,-2064000.0,-2.6015,-2064000.0,-75000.0,DISTRIBUTION,-77.0385
2019-08-13,URE,URE,0.0,82.75,0.0021,-166983000.0,0.0,0.0,0.1863,-2064000.0,-75000.0,BALANCED,-5.3435
2019-08-14,URE,URE,0.0,80.04,-0.0327,-166983000.0,0.0,0.0,0.1863,-2064000.0,-75000.0,BALANCED,-5.3435
2019-08-15,URE,URE,0.0,81.84,0.0225,-166983000.0,0.0,0.0,0.1863,-2064000.0,-75000.0,BALANCED,-5.3435
2019-08-16,URE,URE,0.0,83.28,0.0176,-166983000.0,0.0,0.0,0.1863,-2064000.0,-75000.0,BALANCED,-5.3435
2019-08-19,URE,URE,0.0,84.6,0.0158,-166983000.0,0.0,0.0,0.1863,0.0,-75000.0,BALANCED,4.6565
2019-08-20,URE,URE,0.0,83.26,-0.0158,-166983000.0,0.0,0.0,0.1077,0.0,-75000.0,BALANCED,2.692
2019-08-21,URE,URE,0.0,83.91,0.0078,-166983000.0,0.0,0.0,0.1077,0.0,-75000.0,BALANCED,2.692
2019-08-22,URE,URE,31748000.0,84.66,0.0089,-135235000.0,31748000.0,0.0,5.2622,31748000.0,31673000.0,ACCUMULATION,100.0
2019-08-23,URE,URE,0.0,82.32,-0.0276,-135235000.0,0.0,0.0,-0.1691,31748000.0,31673000.0,BALANCED,5.7717
2019-08-26,URE,URE,-31399000.0,83.73,0.0171,-166634000.0,0.0,-31399000.0,-3.7801,349000.0,274000.0,DISTRIBUTION,-86.5027
2019-08-27,URE,URE,0.0,82.92,-0.0097,-166634000.0,0.0,0.0,-0.0011,349000.0,274000.0,BALANCED,9.9725
2019-08-28,URE,URE,0.0,83.39,0.0057,-166634000.0,0.0,0.0,-0.0011,349000.0,274000.0,BALANCED,9.9725
2019-08-29,URE,URE,0.0,84.62,0.0148,-166634000.0,0.0,0.0,-0.0011,-31399000.0,-1715000.0,BALANCED,-10.0275
2019-08-30,URE,URE,0.0,84.85,0.0027,-166634000.0,0.0,0.0,-0.0011,-31399000.0,-1715000.0,BALANCED,-10.0275
2019-09-03,URE,URE,0.0,86.51,0.0196,-166634000.0,0.0,0.0,-0.0011,0.0,-1715000.0,BALANCED,-0.0275
2019-09-04,URE,URE,0.0,87.91,0.0162,-166634000.0,0.0,0.0,-0.0011,0.0,-1715000.0,BALANCED,-0.0275
2019-09-05,URE,URE,0.0,86.65,-0.0143,-166634000.0,0.0,0.0,-0.0011,0.0,-1715000.0,BALANCED,-0.0275
2019-09-06,URE,URE,0.0,87.05,0.0046,-166634000.0,0.0,0.0,-0.0011,0.0,-1715000.0,BALANCED,-0.0275
2019-09-09,URE,URE,0.0,85.91,-0.0131,-166634000.0,0.0,0.0,-0.0011,0.0,-1715000.0,BALANCED,-0.0275
2019-09-10,URE,URE,31560000.0,84.16,-0.0204,-135074000.0,31560000.0,0.0,3.0166,31560000.0,31909000.0,ACCUMULATION,87.4156
2019-09-11,URE,URE,0.0,84.31,0.0018,-135074000.0,0.0,0.0,-0.105,31560000.0,31909000.0,BALANCED,7.3761
2019-09-12,URE,URE,-31927000.0,85.14,0.0098,-167001000.0,0.0,-31927000.0,-2.7123,-367000.0,-18000.0,DISTRIBUTION,-79.8081
2019-09-13,URE,URE,0.0,83.22,-0.0226,-167001000.0,0.0,0.0,0.0059,-367000.0,-18000.0,BALANCED,-9.8525
2019-09-16,URE,URE,0.0,84.79,0.0189,-167001000.0,0.0,0.0,0.0059,-367000.0,-18000.0,BALANCED,-9.8525
2019-09-17,URE,URE,0.0,86.64,0.0218,-167001000.0,0.0,0.0,0.0059,-31927000.0,-18000.0,BALANCED,-9.8525
2019-09-18,URE,URE,32295000.0,86.12,-0.006,-134706000.0,32295000.0,0.0,2.3766,368000.0,32277000.0,ACCUMULATION,71.4161
2019-09-19,URE,URE,0.0,86.77,0.0075,-134706000.0,0.0,0.0,-0.0765,32295000.0,32277000.0,BALANCED,8.0875
2019-09-20,URE,URE,0.0,86.64,-0.0015,-134706000.0,0.0,0.0,-0.0765,32295000.0,529000.0,BALANCED,8.0875
2019-09-23,URE,URE,-32595000.0,86.92,0.0032,-167301000.0,0.0,-32595000.0,-2.2385,-300000.0,-32066000.0,DISTRIBUTION,-67.9632
2019-09-24,URE,URE,32490000.0,86.64,-0.0032,-134811000.0,32490000.0,0.0,2.0029,32190000.0,31823000.0,ACCUMULATION,62.0719
2019-09-25,URE,URE,32528000.0,86.74,0.0029,-102283000.0,32528000.0,0.0,1.8185,32423000.0,64351000.0,ACCUMULATION,59.4635
2019-09-26,URE,URE,-33056000.0,88.15,0.0163,-135339000.0,0.0,-33056000.0,-1.9061,-633000.0,31295000.0,DISTRIBUTION,-59.6518
2019-09-27,URE,URE,-32659000.0,87.09,-0.012,-167998000.0,0.0,-32659000.0,-1.7238,-33292000.0,-1364000.0,DISTRIBUTION,-57.0958
2019-09-30,URE,URE,0.0,87.56,0.0054,-167998000.0,0.0,0.0,0.0018,-697000.0,-1364000.0,BALANCED,-9.9553
2019-10-01,URE,URE,0.0,85.85,-0.0195,-167998000.0,0.0,0.0,0.0018,-33187000.0,-1364000.0,BALANCED,-9.9553
2019-10-02,URE,URE,-2127000.0,85.08,-0.009,-170125000.0,0.0,-2127000.0,-0.1068,-67842000.0,-3491000.0,BALANCED,-14.6707
2019-10-03,URE,URE,0.0,86.82,0.0205,-170125000.0,0.0,0.0,0.0055,-34786000.0,-3491000.0,BALANCED,-9.8617
2019-10-04,URE,URE,32910000.0,87.76,0.0108,-137215000.0,32910000.0,0.0,1.7357,30783000.0,29419000.0,ACCUMULATION,55.3934
2019-10-07,URE,URE,0.0,87.34,-0.0048,-137215000.0,0.0,0.0,0.0035,30783000.0,29419000.0,BALANCED,10.0868
2019-10-08,URE,URE,-32404000.0,86.41,-0.0106,-169619000.0,0.0,-32404000.0,-1.6952,-1621000.0,-34545000.0,DISTRIBUTION,-54.3805
2019-10-09,URE,URE,0.0,86.92,0.0059,-169619000.0,0.0,0.0,0.0052,506000.0,-34545000.0,BALANCED,10.1305
2019-10-10,URE,URE,0.0,87.14,0.0025,-169619000.0,0.0,0.0,0.0052,506000.0,-2618000.0,BALANCED,10.1305
2019-10-11,URE,URE,0.0,87.09,-0.0006,-169619000.0,0.0,0.0,0.0052,-32404000.0,-2618000.0,BALANCED,-9.8695
2019-10-14,URE,URE,0.0,87.04,-0.0006,-169619000.0,0.0,0.0,0.0052,-32404000.0,-2618000.0,BALANCED,-9.8695
2019-10-15,URE,URE,0.0,87.25,0.0024,-169619000.0,0.0,0.0,0.0052,0.0,-2618000.0,BALANCED,0.1305
2019-10-16,URE,URE,0.0,87.18,-0.0008,-169619000.0,0.0,0.0,0.0052,0.0,-34913000.0,BALANCED,0.1305
2019-10-17,URE,URE,0.0,88.17,0.0114,-169619000.0,0.0,0.0,0.0052,0.0,-34913000.0,BALANCED,0.1305
2019-10-18,URE,URE,0.0,89.63,0.0166,-169619000.0,0.0,0.0,0.0052,0.0,-34913000.0,BALANCED,0.1305
2019-10-21,URE,URE,0.0,90.95,0.0147,-169619000.0,0.0,0.0,0.0052,0.0,-2318000.0,BALANCED,0.1305
2019-10-22,URE,URE,-23000.0,90.2,-0.0082,-169642000.0,0.0,-23000.0,0.0624,-23000.0,-34831000.0,BALANCED,-10.4398
2019-10-23,URE,URE,0.0,90.55,0.0039,-169642000.0,0.0,0.0,0.0637,-23000.0,-67359000.0,BALANCED,-8.408
2019-10-24,URE,URE,0.0,90.34,-0.0023,-169642000.0,0.0,0.0,0.0051,-23000.0,-34303000.0,BALANCED,-9.8716
2019-10-25,URE,URE,23000.0,88.46,-0.0208,-169619000.0,23000.0,0.0,0.0064,0.0,-1621000.0,BALANCED,2.1609
2019-10-28,URE,URE,0.0,87.46,-0.0113,-169619000.0,0.0,0.0,0.0051,0.0,-1621000.0,BALANCED,0.1273
2019-10-29,URE,URE,0.0,88.06,0.0069,-169619000.0,0.0,0.0,0.0051,23000.0,-1621000.0,BALANCED,10.1273
2019-10-30,URE,URE,0.0,89.08,0.0116,-169619000.0,0.0,0.0,0.0727,23000.0,506000.0,BALANCED,11.8174
2019-10-31,URE,URE,0.0,88.69,-0.0044,-169619000.0,0.0,0.0,0.0727,23000.0,506000.0,BALANCED,11.8174
2019-11-01,URE,URE,0.0,88.64,-0.0006,-169619000.0,0.0,0.0,0.0727,0.0,-32404000.0,BALANCED,1.8174
2019-11-04,URE,URE,0.0,87.24,-0.0158,-169619000.0,0.0,0.0,0.0052,0.0,-32404000.0,BALANCED,0.1299
2019-11-05,URE,URE,0.0,84.45,-0.032,-169619000.0,0.0,0.0,0.0857,0.0,0.0,BALANCED,2.1427
2019-11-06,URE,URE,0.0,84.93,0.0057,-169619000.0,0.0,0.0,0.1877,0.0,0.0,BALANCED,4.6931
2019-11-07,URE,URE,0.0,83.27,-0.0195,-169619000.0,0.0,0.0,0.1094,0.0,0.0,BALANCED,2.7344
2019-11-08,URE,URE,0.0,82.97,-0.0036,-169619000.0,0.0,0.0,0.0063,0.0,0.0,BALANCED,0.1573
2019-11-11,URE,URE,0.0,83.29,0.0039,-169619000.0,0.0,0.0,0.0063,0.0,0.0,BALANCED,0.1573
2019-11-12,URE,URE,0.0,82.06,-0.0148,-169619000.0,0.0,0.0,0.0063,0.0,0.0,BALANCED,0.1573
2019-11-13,URE,URE,0.0,83.46,0.0171,-169619000.0,0.0,0.0,-0.002,0.0,0.0,BALANCED,-0.0492
2019-11-14,URE,URE,0.0,84.8,0.0161,-169619000.0,0.0,0.0,-0.002,0.0,0.0,BALANCED,-0.0492
2019-11-15,URE,URE,0.0,85.72,0.0108,-169619000.0,0.0,0.0,0.1826,0.0,0.0,BALANCED,4.5644
2019-11-18,URE,URE,0.0,86.64,0.0107,-169619000.0,0.0,0.0,0.1826,0.0,0.0,BALANCED,4.5644
2019-11-19,URE,URE,0.0,86.88,0.0028,-169619000.0,0.0,0.0,0.0,0.0,23000.0,BALANCED,0.0
2019-11-20,URE,URE,0.0,86.8,-0.0009,-169619000.0,0.0,0.0,0.0,0.0,23000.0,BALANCED,0.0
2019-11-21,URE,URE,0.0,84.37,-0.028,-169619000.0,0.0,0.0,0.0,0.0,23000.0,BALANCED,0.0
2019-11-22,URE,URE,-6286000.0,83.81,-0.0066,-175905000.0,0.0,-6286000.0,-5.2946,-6286000.0,-6286000.0,DISTRIBUTION,-100.0
2019-11-25,URE,URE,0.0,84.39,0.0069,-175905000.0,0.0,0.0,0.1826,-6286000.0,-6286000.0,BALANCED,-5.4357
2019-11-26,URE,URE,0.0,86.63,0.0265,-175905000.0,0.0,0.0,0.1826,-6286000.0,-6286000.0,BALANCED,-5.4357
2019-11-27,URE,URE,0.0,87.3,0.0077,-175905000.0,0.0,0.0,0.1826,-6286000.0,-6286000.0,BALANCED,-5.4357
2019-11-29,URE,URE,0.0,86.52,-0.0089,-175905000.0,0.0,0.0,0.1826,-6286000.0,-6286000.0,BALANCED,-5.4357
2019-12-02,URE,URE,0.0,83.93,-0.0299,-175905000.0,0.0,0.0,0.1826,0.0,-6286000.0,BALANCED,4.5643
2019-12-03,URE,URE,0.0,84.96,0.0123,-175905000.0,0.0,0.0,0.1826,0.0,-6286000.0,BALANCED,4.5643
2019-12-04,URE,URE,0.0,85.62,0.0078,-175905000.0,0.0,0.0,0.1819,0.0,-6286000.0,BALANCED,4.547
2019-12-05,URE,URE,-22000.0,85.75,0.0015,-175927000.0,0.0,-22000.0,0.1634,-22000.0,-6308000.0,BALANCED,-7.9157
2019-12-06,URE,URE,0.0,86.04,0.0034,-175927000.0,0.0,0.0,0.1825,-22000.0,-6308000.0,BALANCED,-5.4365
2019-12-09,URE,URE,0.0,86.34,0.0035,-175927000.0,0.0,0.0,0.1832,-22000.0,-6308000.0,BALANCED,-5.4191
2019-12-10,URE,URE,0.0,85.26,-0.0125,-175927000.0,0.0,0.0,0.1832,-22000.0,-6308000.0,BALANCED,-5.4191
2019-12-11,URE,URE,0.0,83.68,-0.0185,-175927000.0,0.0,0.0,0.1832,-22000.0,-6308000.0,BALANCED,-5.4191
2019-12-12,URE,URE,0.0,81.44,-0.0268,-175927000.0,0.0,0.0,0.1832,0.0,-6308000.0,BALANCED,4.5809
2019-12-13,URE,URE,0.0,81.67,0.0028,-175927000.0,0.0,0.0,0.1832,0.0,-6308000.0,BALANCED,4.5809
2019-12-16,URE,URE,0.0,82.75,0.0132,-175927000.0,0.0,0.0,0.1832,0.0,-6308000.0,BALANCED,4.5809
2019-12-17,URE,URE,0.0,81.35,-0.0169,-175927000.0,0.0,0.0,0.1832,0.0,-6308000.0,BALANCED,4.5809
2019-12-18,URE,URE,0.0,83.24,0.0232,-175927000.0,0.0,0.0,0.1832,0.0,-6308000.0,BALANCED,4.5809
2019-12-19,URE,URE,0.0,84.71,0.0177,-175927000.0,0.0,0.0,0.1832,0.0,-6308000.0,BALANCED,4.5809
2019-12-20,URE,URE,0.0,85.85,0.0135,-175927000.0,0.0,0.0,0.1832,0.0,-6308000.0,BALANCED,4.5809
2019-12-23,URE,URE,0.0,84.86,-0.0115,-175927000.0,0.0,0.0,0.1832,0.0,-22000.0,BALANCED,4.5809
2019-12-24,URE,URE,0.0,84.72,0.0035,-175927000.0,0.0,0.0,0.1832,0.0,-22000.0,BALANCED,4.5809
2019-12-26,URE,URE,0.0,85.64,0.0109,-175927000.0,0.0,0.0,0.1832,0.0,-22000.0,BALANCED,4.5809
2019-12-27,URE,URE,0.0,86.16,0.0061,-175927000.0,0.0,0.0,0.1832,0.0,-22000.0,BALANCED,4.5809
2019-12-30,URE,URE,0.0,86.2,0.0005,-175927000.0,0.0,0.0,0.1832,0.0,-22000.0,BALANCED,4.5809
2019-12-31,URE,URE,0.0,87.38,0.0137,-175927000.0,0.0,0.0,0.1832,0.0,-22000.0,BALANCED,4.5809
2020-01-02,URE,URE,0.0,85.22,-0.0247,-175927000.0,0.0,0.0,0.1832,0.0,-22000.0,BALANCED,4.5809
2020-01-03,URE,URE,0.0,86.58,0.016,-175927000.0,0.0,0.0,0.1832,0.0,-22000.0,BALANCED,4.5809
2020-01-06,URE,URE,0.0,86.68,0.0012,-175927000.0,0.0,0.0,0.1832,0.0,0.0,BALANCED,4.5809
2020-01-07,URE,URE,0.0,84.8,-0.0217,-175927000.0,0.0,0.0,0.1832,0.0,0.0,BALANCED,4.5809
2020-01-08,URE,URE,0.0,85.33,0.0062,-175927000.0,0.0,0.0,0.1826,0.0,0.0,BALANCED,4.5644
2020-01-09,URE,URE,0.0,85.34,0.0001,-175927000.0,0.0,0.0,0.1826,0.0,0.0,BALANCED,4.5644
2020-01-10,URE,URE,0.0,86.8,0.0171,-175927000.0,0.0,0.0,0.1826,0.0,0.0,BALANCED,4.5644
2020-01-13,URE,URE,0.0,88.69,0.0218,-175927000.0,0.0,0.0,0.1826,0.0,0.0,BALANCED,4.5644
2020-01-14,URE,URE,0.0,88.03,-0.0074,-175927000.0,0.0,0.0,0.1826,0.0,0.0,BALANCED,4.5644
2020-01-15,URE,URE,0.0,89.5,0.0167,-175927000.0,0.0,0.0,0.1826,0.0,0.0,BALANCED,4.5644
2020-01-16,URE,URE,0.0,90.88,0.0154,-175927000.0,0.0,0.0,0.1826,0.0,0.0,BALANCED,4.5644
2020-01-17,URE,URE,-2276000.0,91.03,0.0017,-178203000.0,0.0,-2276000.0,-5.2944,-2276000.0,-2276000.0,DISTRIBUTION,-100.0
2020-01-21,URE,URE,0.0,92.8,0.0194,-178203000.0,0.0,0.0,0.1826,-2276000.0,-2276000.0,BALANCED,-5.4356
2020-01-22,URE,URE,0.0,91.67,-0.0122,-178203000.0,0.0,0.0,0.1826,-2276000.0,-2276000.0,BALANCED,-5.4356
2020-01-23,URE,URE,0.0,92.91,0.0135,-178203000.0,0.0,0.0,0.1826,-2276000.0,-2276000.0,BALANCED,-5.4356
2020-01-24,URE,URE,0.0,92.42,-0.0053,-178203000.0,0.0,0.0,0.1826,-2276000.0,-2276000.0,BALANCED,-5.4356
2020-01-27,URE,URE,0.0,91.58,-0.0091,-178203000.0,0.0,0.0,0.1826,0.0,-2276000.0,BALANCED,4.5644
2020-01-28,URE,URE,0.0,92.28,0.0076,-178203000.0,0.0,0.0,0.1826,0.0,-2276000.0,BALANCED,4.5644
2020-01-29,URE,URE,0.0,91.64,-0.0069,-178203000.0,0.0,0.0,0.1826,0.0,-2276000.0,BALANCED,4.5644
2020-01-30,URE,URE,0.0,91.93,0.0032,-178203000.0,0.0,0.0,0.1826,0.0,-2276000.0,BALANCED,4.5644
2020-01-31,URE,URE,0.0,89.72,-0.024,-178203000.0,0.0,0.0,0.1826,0.0,-2276000.0,BALANCED,4.5644
2020-02-03,URE,URE,0.0,90.23,0.0057,-178203000.0,0.0,0.0,0.1826,0.0,-2276000.0,BALANCED,4.5644
2020-02-04,URE,URE,0.0,92.16,0.0214,-178203000.0,0.0,0.0,0.1826,0.0,-2276000.0,BALANCED,4.5644
2020-02-05,URE,URE,0.0,92.1,-0.0007,-178203000.0,0.0,0.0,0.1826,0.0,-2276000.0,BALANCED,4.5644
2020-02-06,URE,URE,0.0,92.77,0.0073,-178203000.0,0.0,0.0,0.1826,0.0,-2276000.0,BALANCED,4.5644
2020-02-07,URE,URE,-2317000.0,92.68,-0.001,-180520000.0,0.0,-2317000.0,-3.7138,-2317000.0,-4593000.0,DISTRIBUTION,-100.0
2020-02-10,URE,URE,0.0,94.75,0.0223,-180520000.0,0.0,0.0,0.2628,-2317000.0,-4593000.0,BALANCED,-3.4311
2020-02-11,URE,URE,0.0,96.15,0.0148,-180520000.0,0.0,0.0,0.2628,-2317000.0,-4593000.0,BALANCED,-3.4311
2020-02-12,URE,URE,0.0,97.67,0.0158,-180520000.0,0.0,0.0,0.2628,-2317000.0,-4593000.0,BALANCED,-3.4311
2020-02-13,URE,URE,0.0,98.79,0.0115,-180520000.0,0.0,0.0,0.2628,-2317000.0,-4593000.0,BALANCED,-3.4311
2020-02-14,URE,URE,0.0,100.79,0.0202,-180520000.0,0.0,0.0,0.2628,0.0,-4593000.0,BALANCED,6.5689
2020-02-18,URE,URE,0.0,100.56,-0.0023,-180520000.0,0.0,0.0,0.2628,0.0,-2317000.0,BALANCED,6.5689
2020-02-19,URE,URE,0.0,97.94,-0.0261,-180520000.0,0.0,0.0,0.2628,0.0,-2317000.0,BALANCED,6.5689
2020-02-20,URE,URE,0.0,100.13,0.0224,-180520000.0,0.0,0.0,0.2628,0.0,-2317000.0,BALANCED,6.5689
2020-02-21,URE,URE,0.0,100.53,0.004,-180520000.0,0.0,0.0,0.2628,0.0,-2317000.0,BALANCED,6.5689
2020-02-24,URE,URE,0.0,97.75,-0.0277,-180520000.0,0.0,0.0,0.2628,0.0,-2317000.0,BALANCED,6.5689
2020-02-25,URE,URE,0.0,92.55,-0.0532,-180520000.0,0.0,0.0,0.2628,0.0,-2317000.0,BALANCED,6.5689
2020-02-26,URE,URE,0.0,90.55,-0.0216,-180520000.0,0.0,0.0,0.2628,0.0,-2317000.0,BALANCED,6.5689
2020-02-27,URE,URE,0.0,80.97,-0.1058,-180520000.0,0.0,0.0,0.2628,0.0,-2317000.0,BALANCED,6.5689
2020-02-28,URE,URE,0.0,76.84,-0.051,-180520000.0,0.0,0.0,0.2628,0.0,-2317000.0,BALANCED,6.5689
2020-03-02,URE,URE,0.0,83.91,0.092,-180520000.0,0.0,0.0,0.2628,0.0,-2317000.0,BALANCED,6.5689
2020-03-03,URE,URE,0.0,83.45,-0.0055,-180520000.0,0.0,0.0,0.1826,0.0,-2317000.0,BALANCED,4.5644
2020-03-04,URE,URE,0.0,89.86,0.0768,-180520000.0,0.0,0.0,0.1826,0.0,-2317000.0,BALANCED,4.5644
2020-03-05,URE,URE,0.0,85.77,-0.0455,-180520000.0,0.0,0.0,0.1826,0.0,-2317000.0,BALANCED,4.5644
2020-03-06,URE,URE,0.0,82.9,-0.0335,-180520000.0,0.0,0.0,0.1826,0.0,-2317000.0,BALANCED,4.5644
2020-03-09,URE,URE,0.0,70.35,-0.1514,-180520000.0,0.0,0.0,0.1826,0.0,0.0,BALANCED,4.5644
2020-03-10,URE,URE,0.0,76.26,0.084,-180520000.0,0.0,0.0,0.1826,0.0,0.0,BALANCED,4.5644
2020-03-11,URE,URE,0.0,67.04,-0.1209,-180520000.0,0.0,0.0,0.1826,0.0,0.0,BALANCED,4.5644
2020-03-12,URE,URE,0.0,53.75,-0.1982,-180520000.0,0.0,0.0,0.1826,0.0,0.0,BALANCED,4.5644
2020-03-13,URE,URE,0.0,63.03,0.1727,-180520000.0,0.0,0.0,0.1826,0.0,0.0,BALANCED,4.5644
2020-03-16,URE,URE,-1029000.0,41.16,-0.347,-181549000.0,0.0,-1029000.0,-2.008,-1029000.0,-1029000.0,DISTRIBUTION,-62.1999
2020-03-17,URE,URE,0.0,45.61,0.1081,-181549000.0,0.0,0.0,0.2441,-1029000.0,-1029000.0,BALANCED,-3.8974
2020-03-18,URE,URE,-919000.0,36.75,-0.1943,-182468000.0,0.0,-919000.0,-1.6204,-1948000.0,-1948000.0,DISTRIBUTION,-52.5088
2020-03-19,URE,URE,0.0,36.8,0.0014,-182468000.0,0.0,0.0,0.2965,-1948000.0,-1948000.0,BALANCED,-2.5866
2020-03-20,URE,URE,0.0,33.59,-0.0872,-182468000.0,0.0,0.0,0.2965,-1948000.0,-1948000.0,BALANCED,-2.5866
2020-03-23,URE,URE,0.0,29.9,-0.1099,-182468000.0,0.0,0.0,0.2623,-919000.0,-1948000.0,BALANCED,-3.442
2020-03-24,URE,URE,0.0,34.88,0.1666,-182468000.0,0.0,0.0,0.2623,-919000.0,-1948000.0,BALANCED,-3.442
2020-03-25,URE,URE,0.0,38.55,0.1092,-182468000.0,0.0,0.0,0.2623,0.0,-1948000.0,BALANCED,6.558
2020-03-26,URE,URE,-1108000.0,44.34,0.1502,-183576000.0,0.0,-1108000.0,-3.2266,-1108000.0,-3056000.0,DISTRIBUTION,-92.6656
2020-03-27,URE,URE,0.0,44.33,-0.0002,-183576000.0,0.0,0.0,0.3267,-1108000.0,-3056000.0,BALANCED,-1.833
2020-03-30,URE,URE,0.0,46.09,0.0397,-183576000.0,0.0,0.0,0.3267,-1108000.0,-3056000.0,BALANCED,-1.833
2020-03-31,URE,URE,-1090000.0,43.6,-0.054,-184666000.0,0.0,-1090000.0,-2.6482,-2198000.0,-4146000.0,DISTRIBUTION,-78.2049
2020-04-01,URE,URE,0.0,37.81,-0.1328,-184666000.0,0.0,0.0,0.3845,-2198000.0,-4146000.0,BALANCED,-0.3871
2020-04-02,URE,URE,0.0,38.19,0.01,-184666000.0,0.0,0.0,0.3845,-1090000.0,-4146000.0,BALANCED,-0.3871
2020-04-03,URE,URE,0.0,36.98,-0.0317,-184666000.0,0.0,0.0,0.3845,-1090000.0,-4146000.0,BALANCED,-0.3871
2020-04-06,URE,URE,0.0,42.57,0.1512,-184666000.0,0.0,0.0,0.3845,-1090000.0,-4146000.0,BALANCED,-0.3871
2020-04-07,URE,URE,0.0,43.27,0.0164,-184666000.0,0.0,0.0,0.3845,0.0,-4146000.0,BALANCED,9.6129
2020-04-08,URE,URE,0.0,49.46,0.1431,-184666000.0,0.0,0.0,0.3845,0.0,-4146000.0,BALANCED,9.6129
2020-04-09,URE,URE,0.0,54.88,0.1096,-184666000.0,0.0,0.0,0.3845,0.0,-4146000.0,BALANCED,9.6129
2020-04-13,URE,URE,0.0,50.24,-0.0845,-184666000.0,0.0,0.0,0.3845,0.0,-4146000.0,BALANCED,9.6129
2020-04-14,URE,URE,0.0,53.12,0.0573,-184666000.0,0.0,0.0,0.3845,0.0,-3117000.0,BALANCED,9.6129
2020-04-15,URE,URE,0.0,48.95,-0.0785,-184666000.0,0.0,0.0,0.3845,0.0,-3117000.0,BALANCED,9.6129
2020-04-16,URE,URE,0.0,47.86,-0.0223,-184666000.0,0.0,0.0,0.3845,0.0,-2198000.0,BALANCED,9.6129
2020-04-17,URE,URE,0.0,50.92,0.0639,-184666000.0,0.0,0.0,0.3845,0.0,-2198000.0,BALANCED,9.6129
2020-04-20,URE,URE,0.0,46.98,-0.0774,-184666000.0,0.0,0.0,0.3845,0.0,-2198000.0,BALANCED,9.6129
2020-04-21,URE,URE,0.0,45.32,-0.0353,-184666000.0,0.0,0.0,0.3845,0.0,-2198000.0,BALANCED,9.6129
2020-04-22,URE,URE,1171000.0,46.83,0.0333,-183495000.0,1171000.0,0.0,2.9448,1171000.0,-1027000.0,ACCUMULATION,85.6188
2020-04-23,URE,URE,0.0,45.91,-0.0196,-183495000.0,0.0,0.0,0.2299,1171000.0,-1027000.0,BALANCED,15.7477
2020-04-24,URE,URE,0.0,46.23,0.007,-183495000.0,0.0,0.0,0.2299,1171000.0,81000.0,BALANCED,15.7477
2020-04-27,URE,URE,0.0,49.27,0.0658,-183495000.0,0.0,0.0,0.2299,1171000.0,81000.0,BALANCED,15.7477
2020-04-28,URE,URE,0.0,50.04,0.0156,-183495000.0,0.0,0.0,0.1646,1171000.0,81000.0,BALANCED,14.1143
2020-04-29,URE,URE,0.0,51.55,0.0302,-183495000.0,0.0,0.0,0.1646,0.0,1171000.0,BALANCED,4.1143
2020-04-30,URE,URE,0.0,50.4,-0.0223,-183495000.0,0.0,0.0,0.0952,0.0,1171000.0,BALANCED,2.3794
2020-05-01,URE,URE,-1173000.0,46.93,-0.0688,-184668000.0,0.0,-1173000.0,-2.6479,-1173000.0,-2000.0,DISTRIBUTION,-78.1981
2020-05-04,URE,URE,0.0,46.73,-0.0043,-184668000.0,0.0,0.0,0.1766,-1173000.0,-2000.0,BALANCED,-5.5855
2020-05-05,URE,URE,0.0,47.25,0.0111,-184668000.0,0.0,0.0,0.1766,-1173000.0,-2000.0,BALANCED,-5.5855
2020-05-06,URE,URE,0.0,45.6,-0.0349,-184668000.0,0.0,0.0,0.1766,-1173000.0,-2000.0,BALANCED,-5.5855
2020-05-07,URE,URE,0.0,46.86,0.0276,-184668000.0,0.0,0.0,0.1766,-1173000.0,-2000.0,BALANCED,-5.5855
2020-05-08,URE,URE,0.0,49.04,0.0465,-184668000.0,0.0,0.0,0.0993,0.0,-2000.0,BALANCED,2.4829
2020-05-11,URE,URE,0.0,47.67,-0.0279,-184668000.0,0.0,0.0,0.0993,0.0,-2000.0,BALANCED,2.4829
2020-05-12,URE,URE,0.0,43.29,-0.0919,-184668000.0,0.0,0.0,0.0993,0.0,-2000.0,BALANCED,2.4829
2020-05-13,URE,URE,0.0,41.25,-0.0471,-184668000.0,0.0,0.0,0.0002,0.0,-2000.0,BALANCED,0.0054
2020-05-14,URE,URE,0.0,41.69,0.0107,-184668000.0,0.0,0.0,0.0002,0.0,-2000.0,BALANCED,0.0054
2020-05-15,URE,URE,0.0,41.33,-0.0086,-184668000.0,0.0,0.0,0.0002,0.0,-2000.0,BALANCED,0.0054
2020-05-18,URE,URE,0.0,46.06,0.1144,-184668000.0,0.0,0.0,0.0002,0.0,-2000.0,BALANCED,0.0054
2020-05-19,URE,URE,0.0,44.94,-0.0243,-184668000.0,0.0,0.0,0.0002,0.0,-2000.0,BALANCED,0.0054
2020-05-20,URE,URE,0.0,45.81,0.0194,-184668000.0,0.0,0.0,0.0002,0.0,-1173000.0,BALANCED,0.0054
2020-05-21,URE,URE,0.0,45.61,-0.0044,-184668000.0,0.0,0.0,0.0002,0.0,-1173000.0,BALANCED,0.0054
2020-05-22,URE,URE,0.0,46.97,0.0298,-184668000.0,0.0,0.0,0.0002,0.0,-1173000.0,BALANCED,0.0054
2020-05-26,URE,URE,0.0,50.34,0.0717,-184668000.0,0.0,0.0,0.0002,0.0,-1173000.0,BALANCED,0.0054
2020-05-27,URE,URE,0.0,52.24,0.0377,-184668000.0,0.0,0.0,0.0002,0.0,-1173000.0,BALANCED,0.0054
2020-05-28,URE,URE,0.0,52.71,0.009,-184668000.0,0.0,0.0,0.0002,0.0,-1173000.0,BALANCED,0.0054
2020-05-29,URE,URE,0.0,51.66,-0.0199,-184668000.0,0.0,0.0,0.0002,0.0,-1173000.0,BALANCED,0.0054
2020-06-01,URE,URE,0.0,54.02,0.0457,-184668000.0,0.0,0.0,0.0002,0.0,0.0,BALANCED,0.0054
2020-06-02,URE,URE,0.0,54.8,0.0144,-184668000.0,0.0,0.0,0.0002,0.0,0.0,BALANCED,0.0054
2020-06-03,URE,URE,0.0,58.18,0.0617,-184668000.0,0.0,0.0,0.0002,0.0,0.0,BALANCED,0.0054
2020-06-04,URE,URE,0.0,57.06,-0.0193,-184668000.0,0.0,0.0,0.1826,0.0,0.0,BALANCED,4.5644
2020-06-05,URE,URE,-1529000.0,61.16,0.0719,-186197000.0,0.0,-1529000.0,-4.1596,-1529000.0,-1529000.0,DISTRIBUTION,-100.0
2020-06-08,URE,URE,0.0,64.32,0.0517,-186197000.0,0.0,0.0,0.2604,-1529000.0,-1529000.0,BALANCED,-3.491
2020-06-09,URE,URE,0.0,62.3,-0.0314,-186197000.0,0.0,0.0,0.2604,-1529000.0,-1529000.0,BALANCED,-3.491
2020-06-10,URE,URE,0.0,59.16,-0.0504,-186197000.0,0.0,0.0,0.2604,-1529000.0,-1529000.0,BALANCED,-3.491
2020-06-11,URE,URE,0.0,51.7,-0.1261,-186197000.0,0.0,0.0,0.2604,-1529000.0,-1529000.0,BALANCED,-3.491
2020-06-12,URE,URE,0.0,55.41,0.0718,-186197000.0,0.0,0.0,0.2604,0.0,-1529000.0,BALANCED,6.509
2020-06-15,URE,URE,0.0,56.69,0.0231,-186197000.0,0.0,0.0,0.1826,0.0,-1529000.0,BALANCED,4.5644
2020-06-16,URE,URE,0.0,58.92,0.0393,-186197000.0,0.0,0.0,0.1826,0.0,-1529000.0,BALANCED,4.5644
2020-06-17,URE,URE,0.0,57.33,-0.027,-186197000.0,0.0,0.0,0.1826,0.0,-1529000.0,BALANCED,4.5644
2020-06-18,URE,URE,0.0,56.06,-0.0222,-186197000.0,0.0,0.0,0.1826,0.0,-1529000.0,BALANCED,4.5644
2020-06-19,URE,URE,0.0,54.67,-0.0248,-186197000.0,0.0,0.0,0.1826,0.0,-1529000.0,BALANCED,4.5644
2020-06-22,URE,URE,0.0,54.48,-0.0035,-186197000.0,0.0,0.0,0.1826,0.0,-1529000.0,BALANCED,4.5644
2020-06-23,URE,URE,0.0,54.15,-0.0061,-186197000.0,0.0,0.0,0.1826,0.0,-1529000.0,BALANCED,4.5644
2020-06-24,URE,URE,0.0,51.0,-0.0569,-186197000.0,0.0,0.0,0.1826,0.0,-1529000.0,BALANCED,4.5644
2020-06-25,URE,URE,0.0,52.28,0.0251,-186197000.0,0.0,0.0,0.1826,0.0,-1529000.0,BALANCED,4.5644
2020-06-26,URE,URE,0.0,50.19,-0.04,-186197000.0,0.0,0.0,0.1826,0.0,-1529000.0,BALANCED,4.5644
2020-06-29,URE,URE,0.0,52.04,0.0369,-186197000.0,0.0,0.0,0.1826,0.0,-1529000.0,BALANCED,4.5644
2020-06-30,URE,URE,0.0,53.35,0.0252,-186197000.0,0.0,0.0,0.1826,0.0,-1529000.0,BALANCED,4.5644
2020-07-01,URE,URE,0.0,55.74,0.0448,-186197000.0,0.0,0.0,0.1826,0.0,-1529000.0,BALANCED,4.5644
2020-07-02,URE,URE,0.0,55.29,-0.0081,-186197000.0,0.0,0.0,0.1826,0.0,-1529000.0,BALANCED,4.5644
2020-07-06,URE,URE,0.0,55.37,0.0014,-186197000.0,0.0,0.0,0.1826,0.0,0.0,BALANCED,4.5644
2020-07-07,URE,URE,0.0,53.22,-0.0388,-186197000.0,0.0,0.0,0.1826,0.0,0.0,BALANCED,4.5644
2020-07-08,URE,URE,0.0,53.14,-0.0015,-186197000.0,0.0,0.0,0.1826,0.0,0.0,BALANCED,4.5644
2020-07-09,URE,URE,-1313000.0,52.52,-0.0117,-187510000.0,0.0,-1313000.0,-3.3688,-1313000.0,-1313000.0,DISTRIBUTION,-96.2198
2020-07-10,URE,URE,0.0,52.89,0.007,-187510000.0,0.0,0.0,0.262,-1313000.0,-1313000.0,BALANCED,-3.451
2020-07-13,URE,URE,0.0,51.45,-0.0272,-187510000.0,0.0,0.0,0.262,-1313000.0,-1313000.0,BALANCED,-3.451
2020-07-14,URE,URE,0.0,52.3,0.0165,-187510000.0,0.0,0.0,0.262,-1313000.0,-1313000.0,BALANCED,-3.451
2020-07-15,URE,URE,0.0,53.41,0.0212,-187510000.0,0.0,0.0,0.262,-1313000.0,-1313000.0,BALANCED,-3.451
2020-07-16,URE,URE,0.0,52.17,-0.0232,-187510000.0,0.0,0.0,0.262,0.0,-1313000.0,BALANCED,6.549
2020-07-17,URE,URE,0.0,53.57,0.0268,-187510000.0,0.0,0.0,0.262,0.0,-1313000.0,BALANCED,6.549
2020-07-20,URE,URE,0.0,52.3,-0.0237,-187510000.0,0.0,0.0,0.1826,0.0,-1313000.0,BALANCED,4.5644
2020-07-21,URE,URE,0.0,52.55,0.0048,-187510000.0,0.0,0.0,0.1826,0.0,-1313000.0,BALANCED,4.5644
2020-07-22,URE,URE,0.0,54.15,0.0304,-187510000.0,0.0,0.0,0.1826,0.0,-1313000.0,BALANCED,4.5644
2020-07-23,URE,URE,0.0,53.55,-0.0111,-187510000.0,0.0,0.0,0.1826,0.0,-1313000.0,BALANCED,4.5644
2020-07-24,URE,URE,0.0,52.83,-0.0134,-187510000.0,0.0,0.0,0.1826,0.0,-1313000.0,BALANCED,4.5644
2020-07-27,URE,URE,0.0,53.98,0.0218,-187510000.0,0.0,0.0,0.1826,0.0,-1313000.0,BALANCED,4.5644
2020-07-28,URE,URE,0.0,55.98,0.0371,-187510000.0,0.0,0.0,0.1826,0.0,-1313000.0,BALANCED,4.5644
2020-07-29,URE,URE,0.0,58.5,0.045,-187510000.0,0.0,0.0,0.1826,0.0,-1313000.0,BALANCED,4.5644
2020-07-30,URE,URE,0.0,57.81,-0.0118,-187510000.0,0.0,0.0,0.1826,0.0,-1313000.0,BALANCED,4.5644
2020-07-31,URE,URE,0.0,57.64,-0.0029,-187510000.0,0.0,0.0,0.1826,0.0,-1313000.0,BALANCED,4.5644
2020-08-03,URE,URE,0.0,56.11,-0.0265,-187510000.0,0.0,0.0,0.1826,0.0,-1313000.0,BALANCED,4.5644
2020-08-04,URE,URE,0.0,57.55,0.0257,-187510000.0,0.0,0.0,0.1826,0.0,-1313000.0,BALANCED,4.5644
2020-08-05,URE,URE,0.0,57.1,-0.0078,-187510000.0,0.0,0.0,0.1826,0.0,-1313000.0,BALANCED,4.5644
2020-08-06,URE,URE,0.0,57.12,0.0004,-187510000.0,0.0,0.0,0.1826,0.0,0.0,BALANCED,4.5644
2020-08-07,URE,URE,0.0,58.67,0.0271,-187510000.0,0.0,0.0,0.1826,0.0,0.0,BALANCED,4.5644
2020-08-10,URE,URE,0.0,58.83,0.0027,-187510000.0,0.0,0.0,0.1826,0.0,0.0,BALANCED,4.5644
2020-08-11,URE,URE,0.0,57.14,-0.0287,-187510000.0,0.0,0.0,0.1826,0.0,0.0,BALANCED,4.5644
2020-08-12,URE,URE,-1458000.0,58.31,0.0205,-188968000.0,0.0,-1458000.0,-3.8793,-1458000.0,-1458000.0,DISTRIBUTION,-100.0
2020-08-13,URE,URE,0.0,56.89,-0.0244,-188968000.0,0.0,0.0,0.2624,-1458000.0,-1458000.0,BALANCED,-3.4404
2020-08-14,URE,URE,0.0,56.93,0.0007,-188968000.0,0.0,0.0,0.2624,-1458000.0,-1458000.0,BALANCED,-3.4404
2020-08-17,URE,URE,0.0,57.85,0.0162,-188968000.0,0.0,0.0,0.2624,-1458000.0,-1458000.0,BALANCED,-3.4404
2020-08-18,URE,URE,0.0,57.33,-0.009,-188968000.0,0.0,0.0,0.2624,-1458000.0,-1458000.0,BALANCED,-3.4404
2020-08-19,URE,URE,0.0,55.25,-0.0363,-188968000.0,0.0,0.0,0.2624,0.0,-1458000.0,BALANCED,6.5596
2020-08-20,URE,URE,0.0,56.32,0.0194,-188968000.0,0.0,0.0,0.1826,0.0,-1458000.0,BALANCED,4.5644
2020-08-21,URE,URE,0.0,56.44,0.0021,-188968000.0,0.0,0.0,0.1826,0.0,-1458000.0,BALANCED,4.5644
2020-08-24,URE,URE,0.0,57.34,0.0159,-188968000.0,0.0,0.0,0.1826,0.0,-1458000.0,BALANCED,4.5644
2020-08-25,URE,URE,0.0,57.55,0.0037,-188968000.0,0.0,0.0,0.1826,0.0,-1458000.0,BALANCED,4.5644
2020-08-26,URE,URE,0.0,56.49,-0.0184,-188968000.0,0.0,0.0,0.1826,0.0,-1458000.0,BALANCED,4.5644
2020-08-27,URE,URE,0.0,58.13,0.029,-188968000.0,0.0,0.0,0.1826,0.0,-1458000.0,BALANCED,4.5644
2020-08-28,URE,URE,0.0,58.85,0.0124,-188968000.0,0.0,0.0,0.1826,0.0,-1458000.0,BALANCED,4.5644
2020-08-31,URE,URE,0.0,57.71,-0.0194,-188968000.0,0.0,0.0,0.1826,0.0,-1458000.0,BALANCED,4.5644
2020-09-01,URE,URE,0.0,57.78,0.0012,-188968000.0,0.0,0.0,0.1826,0.0,-1458000.0,BALANCED,4.5644
2020-09-02,URE,URE,0.0,60.0,0.0384,-188968000.0,0.0,0.0,0.1826,0.0,-1458000.0,BALANCED,4.5644
2020-09-03,URE,URE,0.0,58.32,-0.028,-188968000.0,0.0,0.0,0.1826,0.0,-1458000.0,BALANCED,4.5644
2020-09-04,URE,URE,0.0,57.81,-0.0087,-188968000.0,0.0,0.0,0.1826,0.0,-1458000.0,BALANCED,4.5644
2020-09-08,URE,URE,0.0,56.21,-0.0277,-188968000.0,0.0,0.0,0.1826,0.0,-1458000.0,BALANCED,4.5644
2020-09-09,URE,URE,0.0,57.43,0.0217,-188968000.0,0.0,0.0,0.1826,0.0,-1458000.0,BALANCED,4.5644
2020-09-10,URE,URE,0.0,55.86,-0.0273,-188968000.0,0.0,0.0,0.1826,0.0,0.0,BALANCED,4.5644
2020-09-11,URE,URE,-1382000.0,55.29,-0.0102,-190350000.0,0.0,-1382000.0,-3.5719,-1382000.0,-1382000.0,DISTRIBUTION,-100.0
2020-09-14,URE,URE,0.0,58.2,0.0526,-190350000.0,0.0,0.0,0.2627,-1382000.0,-1382000.0,BALANCED,-3.4333
2020-09-15,URE,URE,0.0,59.58,0.0237,-190350000.0,0.0,0.0,0.2627,-1382000.0,-1382000.0,BALANCED,-3.4333
2020-09-16,URE,URE,0.0,60.14,0.0094,-190350000.0,0.0,0.0,0.2627,-1382000.0,-1382000.0,BALANCED,-3.4333
2020-09-17,URE,URE,15000.0,57.88,-0.0375,-190335000.0,15000.0,0.0,0.3028,-1367000.0,-1367000.0,BALANCED,-0.4305
2020-09-18,URE,URE,-14000.0,55.43,-0.0424,-190349000.0,0.0,-14000.0,0.2237,1000.0,-1381000.0,BALANCED,13.5928
2020-09-21,URE,URE,0.0,52.36,-0.0554,-190349000.0,0.0,0.0,0.2626,1000.0,-1381000.0,BALANCED,16.5639
2020-09-22,URE,URE,0.0,53.62,0.0241,-190349000.0,0.0,0.0,0.2626,1000.0,-1381000.0,BALANCED,16.5639
2020-09-23,URE,URE,0.0,50.48,-0.0572,-190349000.0,0.0,0.0,0.2626,1000.0,-1381000.0,BALANCED,16.5639
2020-09-24,URE,URE,0.0,50.93,0.0089,-190349000.0,0.0,0.0,0.1824,-14000.0,-1381000.0,BALANCED,-5.4396
2020-09-25,URE,URE,2649000.0,52.98,0.0403,-187700000.0,2649000.0,0.0,4.7123,2649000.0,1268000.0,ACCUMULATION,100.0
2020-09-28,URE,URE,0.0,55.05,0.0391,-187700000.0,0.0,0.0,-0.0764,2649000.0,1268000.0,BALANCED,8.0898
2020-09-29,URE,URE,0.0,54.23,-0.0149,-187700000.0,0.0,0.0,-0.0764,2649000.0,1268000.0,BALANCED,8.0898
2020-09-30,URE,URE,0.0,54.62,0.0072,-187700000.0,0.0,0.0,-0.0764,2649000.0,1268000.0,BALANCED,8.0898
2020-10-01,URE,URE,0.0,56.68,0.0377,-187700000.0,0.0,0.0,-0.0764,2649000.0,1268000.0,BALANCED,8.0898
2020-10-02,URE,URE,-2921000.0,58.42,0.0307,-190621000.0,0.0,-2921000.0,-3.7032,-2921000.0,-1653000.0,DISTRIBUTION,-100.0
2020-10-05,URE,URE,0.0,59.16,0.0127,-190621000.0,0.0,0.0,0.0712,-2921000.0,-1653000.0,BALANCED,-8.2201
2020-10-06,URE,URE,0.0,58.39,-0.013,-190621000.0,0.0,0.0,0.0712,-2921000.0,-1653000.0,BALANCED,-8.2201
2020-10-07,URE,URE,0.0,58.55,0.0027,-190621000.0,0.0,0.0,0.0712,-2921000.0,-1653000.0,BALANCED,-8.2201
2020-10-08,URE,URE,0.0,60.43,0.0321,-190621000.0,0.0,0.0,0.0712,-2921000.0,-1653000.0,BALANCED,-8.2201
2020-10-09,URE,URE,0.0,59.92,-0.0084,-190621000.0,0.0,0.0,0.0712,0.0,-271000.0,BALANCED,1.7799
2020-10-12,URE,URE,0.0,60.56,0.0107,-190621000.0,0.0,0.0,0.0712,0.0,-271000.0,BALANCED,1.7799
2020-10-13,URE,URE,0.0,58.66,-0.0314,-190621000.0,0.0,0.0,0.0712,0.0,-271000.0,BALANCED,1.7799
2020-10-14,URE,URE,0.0,57.28,-0.0235,-190621000.0,0.0,0.0,0.0712,0.0,-271000.0,BALANCED,1.7799
2020-10-15,URE,URE,0.0,57.78,0.0087,-190621000.0,0.0,0.0,0.0712,0.0,-286000.0,BALANCED,1.7799
2020-10-16,URE,URE,0.0,57.02,-0.0132,-190621000.0,0.0,0.0,0.0712,0.0,-272000.0,BALANCED,1.7799
2020-10-19,URE,URE,0.0,55.17,-0.0324,-190621000.0,0.0,0.0,0.0712,0.0,-272000.0,BALANCED,1.7799
2020-10-20,URE,URE,0.0,55.97,0.0145,-190621000.0,0.0,0.0,0.0712,0.0,-272000.0,BALANCED,1.7799
2020-10-21,URE,URE,0.0,55.57,-0.0071,-190621000.0,0.0,0.0,0.0712,0.0,-272000.0,BALANCED,1.7799
2020-10-22,URE,URE,0.0,55.34,-0.0041,-190621000.0,0.0,0.0,0.0712,0.0,-272000.0,BALANCED,1.7799
2020-10-23,URE,URE,0.0,56.03,0.0125,-190621000.0,0.0,0.0,0.0123,0.0,-2921000.0,BALANCED,0.3084
2020-10-26,URE,URE,0.0,54.6,-0.0255,-190621000.0,0.0,0.0,0.0123,0.0,-2921000.0,BALANCED,0.3084
2020-10-27,URE,URE,0.0,53.0,-0.0293,-190621000.0,0.0,0.0,0.0123,0.0,-2921000.0,BALANCED,0.3084
2020-10-28,URE,URE,0.0,50.37,-0.0496,-190621000.0,0.0,0.0,0.0123,0.0,-2921000.0,BALANCED,0.3084
2020-10-29,URE,URE,0.0,51.9,0.0304,-190621000.0,0.0,0.0,0.013,0.0,-2921000.0,BALANCED,0.3255
2020-10-30,URE,URE,-1280000.0,51.2,-0.0135,-191901000.0,0.0,-1280000.0,-1.5992,-1280000.0,-1280000.0,DISTRIBUTION,-51.9795
2020-11-02,URE,URE,0.0,53.74,0.0496,-191901000.0,0.0,0.0,0.0674,-1280000.0,-1280000.0,BALANCED,-8.3161
2020-11-03,URE,URE,0.0,55.73,0.037,-191901000.0,0.0,0.0,0.0674,-1280000.0,-1280000.0,BALANCED,-8.3161
2020-11-04,URE,URE,0.0,56.07,0.0061,-191901000.0,0.0,0.0,0.0674,-1280000.0,-1280000.0,BALANCED,-8.3161
2020-11-05,URE,URE,0.0,56.48,0.0073,-191901000.0,0.0,0.0,0.0674,-1280000.0,-1280000.0,BALANCED,-8.3161
2020-11-06,URE,URE,1396000.0,55.85,-0.0112,-190505000.0,1396000.0,0.0,2.3294,1396000.0,116000.0,ACCUMULATION,70.2356
2020-11-09,URE,URE,0.0,58.8,0.0528,-190505000.0,0.0,0.0,0.1462,1396000.0,116000.0,BALANCED,13.6556
2020-11-10,URE,URE,-1505000.0,60.2,0.0238,-192010000.0,0.0,-1505000.0,-1.9759,-109000.0,-1389000.0,DISTRIBUTION,-61.3982
2020-11-11,URE,URE,0.0,60.96,0.0126,-192010000.0,0.0,0.0,0.2085,-109000.0,-1389000.0,BALANCED,-4.7868
2020-11-12,URE,URE,4469000.0,59.58,-0.0226,-187541000.0,4469000.0,0.0,4.1011,4360000.0,3080000.0,ACCUMULATION,100.0
2020-11-13,URE,URE,0.0,62.52,0.0493,-187541000.0,0.0,0.0,-0.1095,2964000.0,3080000.0,BALANCED,7.2633
2020-11-16,URE,URE,0.0,63.51,0.0158,-187541000.0,0.0,0.0,-0.1095,2964000.0,3080000.0,BALANCED,7.2633
2020-11-17,URE,URE,0.0,63.55,0.0006,-187541000.0,0.0,0.0,-0.1095,4469000.0,3080000.0,BALANCED,7.2633
2020-11-18,URE,URE,-3058000.0,61.17,-0.0375,-190599000.0,0.0,-3058000.0,-2.7773,1411000.0,22000.0,DISTRIBUTION,-61.4321
2020-11-19,URE,URE,0.0,61.45,0.0046,-190599000.0,0.0,0.0,-0.0007,-3058000.0,22000.0,BALANCED,-10.0166
2020-11-20,URE,URE,0.0,60.87,-0.0094,-190599000.0,0.0,0.0,-0.0007,-3058000.0,22000.0,BALANCED,-10.0166
2020-11-24,URE,URE,0.0,61.09,0.0036,-190599000.0,0.0,0.0,-0.0007,-3058000.0,22000.0,BALANCED,-10.0166
2020-11-27,URE,URE,0.0,60.73,-0.0059,-190599000.0,0.0,0.0,-0.0007,-3058000.0,22000.0,BALANCED,-10.0166
2020-11-30,URE,URE,0.0,59.74,-0.0163,-190599000.0,0.0,0.0,-0.0007,0.0,22000.0,BALANCED,-0.0166
2020-12-01,URE,URE,-1527000.0,61.1,0.0228,-192126000.0,0.0,-1527000.0,-1.2999,-1527000.0,-1505000.0,BALANCED,-44.4975
2020-12-02,URE,URE,0.0,59.91,-0.0195,-192126000.0,0.0,0.0,0.0442,-1527000.0,-225000.0,BALANCED,-8.8961
2020-12-03,URE,URE,0.0,60.91,0.0167,-192126000.0,0.0,0.0,0.0442,-1527000.0,-225000.0,BALANCED,-8.8961
2020-12-04,URE,URE,0.0,62.66,0.0287,-192126000.0,0.0,0.0,0.0442,-1527000.0,-225000.0,BALANCED,-8.8961
2020-12-07,URE,URE,0.0,61.63,-0.0164,-192126000.0,0.0,0.0,0.0442,-1527000.0,-225000.0,BALANCED,-8.8961
2020-12-09,URE,URE,0.0,60.07,-0.0253,-192126000.0,0.0,0.0,0.0442,0.0,-225000.0,BALANCED,1.1039
2020-12-10,URE,URE,0.0,59.46,-0.0102,-192126000.0,0.0,0.0,0.0442,0.0,-1621000.0,BALANCED,1.1039
2020-12-11,URE,URE,0.0,59.51,0.0008,-192126000.0,0.0,0.0,0.0442,0.0,-1621000.0,BALANCED,1.1039
2020-12-14,URE,URE,0.0,58.93,-0.0097,-192126000.0,0.0,0.0,0.0442,0.0,-116000.0,BALANCED,1.1039
2020-12-15,URE,URE,0.0,61.23,0.039,-192126000.0,0.0,0.0,0.0442,0.0,-116000.0,BALANCED,1.1039
2020-12-16,URE,URE,0.0,61.28,0.0008,-192126000.0,0.0,0.0,0.0442,0.0,-4585000.0,BALANCED,1.1039
2020-12-17,URE,URE,0.0,62.65,0.0224,-192126000.0,0.0,0.0,0.0067,0.0,-4585000.0,BALANCED,0.1686
2020-12-18,URE,URE,0.0,60.36,-0.0366,-192126000.0,0.0,0.0,0.0067,0.0,-4585000.0,BALANCED,0.1686
2020-12-21,URE,URE,0.0,59.63,-0.0121,-192126000.0,0.0,0.0,0.0067,0.0,-4585000.0,BALANCED,0.1686
2020-12-22,URE,URE,0.0,60.56,0.0156,-192126000.0,0.0,0.0,0.0067,0.0,-1527000.0,BALANCED,0.1686
2020-12-23,URE,URE,0.0,59.35,-0.015,-192126000.0,0.0,0.0,0.0067,0.0,-1527000.0,BALANCED,0.1686
2020-12-24,URE,URE,0.0,60.32,0.0163,-192126000.0,0.0,0.0,0.05,0.0,-1527000.0,BALANCED,1.2506
2020-12-28,URE,URE,0.0,61.36,0.0172,-192126000.0,0.0,0.0,0.05,0.0,-1527000.0,BALANCED,1.2506
2020-12-29,URE,URE,0.0,60.35,-0.0165,-192126000.0,0.0,0.0,0.0037,0.0,-1527000.0,BALANCED,0.0925
2020-12-30,URE,URE,0.0,60.93,0.0096,-192126000.0,0.0,0.0,0.0037,0.0,-1527000.0,BALANCED,0.0925
2021-01-04,URE,URE,0.0,58.01,-0.0479,-192126000.0,0.0,0.0,0.2484,0.0,0.0,BALANCED,6.2088
2021-01-05,URE,URE,0.0,58.02,0.0002,-192126000.0,0.0,0.0,0.2484,0.0,0.0,BALANCED,6.2088
2021-01-06,URE,URE,0.0,57.93,-0.0016,-192126000.0,0.0,0.0,0.2484,0.0,0.0,BALANCED,6.2088
2021-01-07,URE,URE,0.0,57.91,-0.0003,-192126000.0,0.0,0.0,0.2484,0.0,0.0,BALANCED,6.2088
2021-01-08,URE,URE,0.0,59.06,0.0199,-192126000.0,0.0,0.0,0.1826,0.0,0.0,BALANCED,4.5644
2021-01-11,URE,URE,0.0,57.33,-0.0293,-192126000.0,0.0,0.0,0.1826,0.0,0.0,BALANCED,4.5644
2021-01-12,URE,URE,0.0,57.35,0.0003,-192126000.0,0.0,0.0,0.1826,0.0,0.0,BALANCED,4.5644
2021-01-13,URE,URE,0.0,58.74,0.0242,-192126000.0,0.0,0.0,0.1826,0.0,0.0,BALANCED,4.5644
2021-01-14,URE,URE,0.0,59.26,0.0089,-192126000.0,0.0,0.0,0.1826,0.0,0.0,BALANCED,4.5644
2021-01-15,URE,URE,0.0,60.66,0.0236,-192126000.0,0.0,0.0,0.1826,0.0,0.0,BALANCED,4.5644
2021-01-19,URE,URE,0.0,60.24,-0.0069,-192126000.0,0.0,0.0,0.0,0.0,0.0,BALANCED,0.0
2021-01-20,URE,URE,0.0,62.66,0.0402,-192126000.0,0.0,0.0,0.0,0.0,0.0,BALANCED,0.0
2021-01-21,URE,URE,0.0,62.3,-0.0057,-192126000.0,0.0,0.0,0.0,0.0,0.0,BALANCED,0.0
2021-01-22,URE,URE,0.0,62.57,0.0043,-192126000.0,0.0,0.0,0.0,0.0,0.0,BALANCED,0.0
2021-01-25,URE,URE,0.0,63.43,0.0137,-192126000.0,0.0,0.0,0.0,0.0,0.0,BALANCED,0.0
2021-01-26,URE,URE,0.0,64.41,0.0154,-192126000.0,0.0,0.0,0.0,0.0,0.0,BALANCED,0.0
2021-01-27,URE,URE,0.0,62.19,-0.0345,-192126000.0,0.0,0.0,0.0,0.0,0.0,BALANCED,0.0
2021-01-28,URE,URE,0.0,62.86,0.0108,-192126000.0,0.0,0.0,0.0,0.0,0.0,BALANCED,0.0
2021-01-29,URE,URE,0.0,61.59,-0.0202,-192126000.0,0.0,0.0,0.0,0.0,0.0,BALANCED,0.0
2021-02-01,URE,URE,0.0,64.57,0.0484,-192126000.0,0.0,0.0,0.0,0.0,0.0,BALANCED,0.0
2021-02-02,URE,URE,0.0,65.17,0.0093,-192126000.0,0.0,0.0,0.0,0.0,0.0,BALANCED,0.0
2021-02-03,URE,URE,0.0,64.73,-0.0068,-192126000.0,0.0,0.0,0.0,0.0,0.0,BALANCED,0.0
2021-02-04,URE,URE,0.0,65.38,0.01,-192126000.0,0.0,0.0,0.0,0.0,0.0,BALANCED,0.0
2021-02-05,URE,URE,0.0,65.77,0.006,-192126000.0,0.0,0.0,0.0,0.0,0.0,BALANCED,0.0
2021-02-08,URE,URE,0.0,66.1,0.005,-192126000.0,0.0,0.0,0.0,0.0,0.0,BALANCED,0.0
2021-02-09,URE,URE,0.0,66.66,0.0085,-192126000.0,0.0,0.0,0.0,0.0,0.0,BALANCED,0.0
2021-02-10,URE,URE,0.0,67.48,0.0123,-192126000.0,0.0,0.0,0.0,0.0,0.0,BALANCED,0.0
2021-02-11,URE,URE,0.0,67.5,0.0003,-192126000.0,0.0,0.0,0.0,0.0,0.0,BALANCED,0.0
2021-02-12,URE,URE,0.0,67.58,0.0012,-192126000.0,0.0,0.0,0.0,0.0,0.0,BALANCED,0.0
2021-02-16,URE,URE,0.0,66.22,-0.0201,-192126000.0,0.0,0.0,0.0,0.0,0.0,BALANCED,0.0
2021-02-17,URE,URE,0.0,66.06,-0.0024,-192126000.0,0.0,0.0,0.0,0.0,0.0,BALANCED,0.0
2021-02-18,URE,URE,0.0,65.68,-0.0058,-192126000.0,0.0,0.0,0.0,0.0,0.0,BALANCED,0.0
2021-02-19,URE,URE,0.0,66.3,0.0094,-192126000.0,0.0,0.0,0.0,0.0,0.0,BALANCED,0.0
2021-02-22,URE,URE,0.0,67.03,0.011,-192126000.0,0.0,0.0,0.0,0.0,0.0,BALANCED,0.0
2021-02-23,URE,URE,0.0,67.72,0.0103,-192126000.0,0.0,0.0,0.0,0.0,0.0,BALANCED,0.0
2021-02-24,URE,URE,0.0,68.49,0.0114,-192126000.0,0.0,0.0,0.0,0.0,0.0,BALANCED,0.0
2021-02-25,URE,URE,0.0,66.25,-0.0327,-192126000.0,0.0,0.0,0.0,0.0,0.0,BALANCED,0.0
2021-02-26,URE,URE,0.0,64.21,-0.0308,-192126000.0,0.0,0.0,0.0,0.0,0.0,BALANCED,0.0
2021-03-03,URE,URE,0.0,62.37,-0.0287,-192126000.0,0.0,0.0,0.0,0.0,0.0,BALANCED,0.0
2021-03-04,URE,URE,0.0,61.17,-0.0192,-192126000.0,0.0,0.0,0.0,0.0,0.0,BALANCED,0.0
2021-03-05,URE,URE,0.0,62.71,0.0252,-192126000.0,0.0,0.0,0.0,0.0,0.0,BALANCED,0.0
2021-03-08,URE,URE,0.0,63.53,0.0131,-192126000.0,0.0,0.0,0.0,0.0,0.0,BALANCED,0.0
2021-03-09,URE,URE,0.0,64.45,0.0145,-192126000.0,0.0,0.0,0.0,0.0,0.0,BALANCED,0.0
2021-03-10,URE,URE,0.0,65.63,0.0183,-192126000.0,0.0,0.0,0.0,0.0,0.0,BALANCED,0.0
2021-03-11,URE,URE,0.0,67.07,0.0219,-192126000.0,0.0,0.0,0.0,0.0,0.0,BALANCED,0.0
2021-03-12,URE,URE,0.0,69.33,0.0337,-192126000.0,0.0,0.0,0.0,0.0,0.0,BALANCED,0.0
2021-03-15,URE,URE,0.0,71.27,0.028,-192126000.0,0.0,0.0,0.0,0.0,0.0,BALANCED,0.0
2021-03-16,URE,URE,0.0,70.93,-0.0048,-192126000.0,0.0,0.0,0.0,0.0,0.0,BALANCED,0.0
2021-03-17,URE,URE,1773000.0,70.93,0.0,-190353000.0,1773000.0,0.0,5.2947,1773000.0,1773000.0,ACCUMULATION,100.0
2021-03-18,URE,URE,0.0,69.72,-0.0171,-190353000.0,0.0,0.0,-0.1826,1773000.0,1773000.0,BALANCED,5.4356
2021-03-19,URE,URE,0.0,67.94,-0.0255,-190353000.0,0.0,0.0,-0.1826,1773000.0,1773000.0,BALANCED,5.4356
2021-03-22,URE,URE,0.0,69.24,0.0191,-190353000.0,0.0,0.0,-0.1826,1773000.0,1773000.0,BALANCED,5.4356
2021-03-23,URE,URE,0.0,69.36,0.0017,-190353000.0,0.0,0.0,-0.1826,1773000.0,1773000.0,BALANCED,5.4356
2021-03-24,URE,URE,0.0,68.62,-0.0107,-190353000.0,0.0,0.0,-0.1826,0.0,1773000.0,BALANCED,-4.5644
2021-03-25,URE,URE,-1744000.0,69.77,0.0168,-192097000.0,0.0,-1744000.0,-3.7785,-1744000.0,29000.0,DISTRIBUTION,-100.0
2021-03-26,URE,URE,0.0,72.85,0.0441,-192097000.0,0.0,0.0,-0.0021,-1744000.0,29000.0,BALANCED,-10.0523
2021-03-29,URE,URE,0.0,72.3,-0.0076,-192097000.0,0.0,0.0,-0.0021,-1744000.0,29000.0,BALANCED,-10.0523
2021-03-30,URE,URE,0.0,72.13,-0.0024,-192097000.0,0.0,0.0,-0.0021,-1744000.0,29000.0,BALANCED,-10.0523
2021-03-31,URE,URE,0.0,71.46,-0.0093,-192097000.0,0.0,0.0,-0.0021,-1744000.0,29000.0,BALANCED,-10.0523
2021-04-01,URE,URE,0.0,74.13,0.0374,-192097000.0,0.0,0.0,-0.0021,0.0,29000.0,BALANCED,-0.0523
2021-04-05,URE,URE,0.0,74.66,0.0072,-192097000.0,0.0,0.0,-0.0021,0.0,29000.0,BALANCED,-0.0523
2021-04-06,URE,URE,0.0,75.1,0.0059,-192097000.0,0.0,0.0,-0.0021,0.0,29000.0,BALANCED,-0.0523
2021-04-07,URE,URE,0.0,75.19,0.0012,-192097000.0,0.0,0.0,-0.0021,0.0,29000.0,BALANCED,-0.0523
2021-04-08,URE,URE,0.0,74.67,-0.0069,-192097000.0,0.0,0.0,-0.0021,0.0,29000.0,BALANCED,-0.0523
2021-04-09,URE,URE,0.0,74.73,0.0008,-192097000.0,0.0,0.0,-0.0021,0.0,29000.0,BALANCED,-0.0523
2021-04-12,URE,URE,0.0,75.55,0.011,-192097000.0,0.0,0.0,-0.0021,0.0,29000.0,BALANCED,-0.0523
2021-04-13,URE,URE,0.0,76.51,0.0127,-192097000.0,0.0,0.0,-0.0021,0.0,29000.0,BALANCED,-0.0523
2021-04-14,URE,URE,0.0,75.48,-0.0135,-192097000.0,0.0,0.0,-0.0021,0.0,29000.0,BALANCED,-0.0523
2021-04-15,URE,URE,0.0,78.18,0.0358,-192097000.0,0.0,0.0,-0.0021,0.0,-1744000.0,BALANCED,-0.0523
2021-04-16,URE,URE,0.0,78.5,0.0041,-192097000.0,0.0,0.0,-0.0021,0.0,-1744000.0,BALANCED,-0.0523
2021-04-19,URE,URE,0.0,78.91,0.0052,-192097000.0,0.0,0.0,-0.0021,0.0,-1744000.0,BALANCED,-0.0523
2021-04-20,URE,URE,0.0,80.52,0.0204,-192097000.0,0.0,0.0,-0.0021,0.0,-1744000.0,BALANCED,-0.0523
2021-04-21,URE,URE,0.0,81.22,0.0087,-192097000.0,0.0,0.0,-0.0021,0.0,-1744000.0,BALANCED,-0.0523
2021-04-22,URE,URE,0.0,80.56,-0.0081,-192097000.0,0.0,0.0,-0.0021,0.0,-1744000.0,BALANCED,-0.0523
2021-04-23,URE,URE,0.0,81.47,0.0113,-192097000.0,0.0,0.0,-0.0021,0.0,0.0,BALANCED,-0.0523
2021-04-26,URE,URE,0.0,81.83,0.0044,-192097000.0,0.0,0.0,-0.0021,0.0,0.0,BALANCED,-0.0523
2021-04-27,URE,URE,0.0,81.82,-0.0001,-192097000.0,0.0,0.0,-0.0021,0.0,0.0,BALANCED,-0.0523
2021-04-28,URE,URE,2027000.0,81.08,-0.009,-190070000.0,2027000.0,0.0,3.3099,2027000.0,2027000.0,ACCUMULATION,94.7485
2021-04-29,URE,URE,0.0,82.46,0.017,-190070000.0,0.0,0.0,-0.019,2027000.0,2027000.0,BALANCED,9.525
2021-04-30,URE,URE,0.0,83.2,0.009,-190070000.0,0.0,0.0,-0.019,2027000.0,2027000.0,BALANCED,9.525
2021-05-03,URE,URE,-2065000.0,82.62,-0.007,-192135000.0,0.0,-2065000.0,-3.2117,-38000.0,-38000.0,DISTRIBUTION,-92.2931
2021-05-04,URE,URE,6122000.0,81.63,-0.012,-186013000.0,6122000.0,0.0,4.6333,6084000.0,6084000.0,ACCUMULATION,100.0
2021-05-05,URE,URE,0.0,79.1,-0.031,-186013000.0,0.0,0.0,-0.1121,4057000.0,6084000.0,BALANCED,7.1966
2021-05-06,URE,URE,1999000.0,79.94,0.0106,-184014000.0,1999000.0,0.0,1.3408,6056000.0,8083000.0,BALANCED,45.5212
2021-05-07,URE,URE,-8204000.0,82.04,0.0263,-192218000.0,0.0,-8204000.0,-4.0798,-2148000.0,-121000.0,DISTRIBUTION,-100.0
2021-05-10,URE,URE,0.0,82.23,0.0023,-192218000.0,0.0,0.0,0.002,-83000.0,-121000.0,BALANCED,-9.9498
2021-05-11,URE,URE,0.0,80.38,-0.0225,-192218000.0,0.0,0.0,0.002,-6205000.0,-121000.0,BALANCED,-9.9498
2021-05-12,URE,URE,0.0,76.44,-0.049,-192218000.0,0.0,0.0,0.002,-6205000.0,-121000.0,BALANCED,-9.9498
2021-05-13,URE,URE,0.0,78.3,0.0243,-192218000.0,0.0,0.0,0.002,-8204000.0,-121000.0,BALANCED,-9.9498
2021-05-14,URE,URE,0.0,80.0,0.0217,-192218000.0,0.0,0.0,0.002,0.0,-121000.0,BALANCED,0.0502
2021-05-17,URE,URE,0.0,80.07,0.0009,-192218000.0,0.0,0.0,0.002,0.0,-121000.0,BALANCED,0.0502
2021-05-18,URE,URE,0.0,80.34,0.0034,-192218000.0,0.0,0.0,0.002,0.0,-121000.0,BALANCED,0.0502
2021-05-19,URE,URE,0.0,79.88,-0.0057,-192218000.0,0.0,0.0,0.002,0.0,-121000.0,BALANCED,0.0502
2021-05-20,URE,URE,0.0,81.84,0.0245,-192218000.0,0.0,0.0,0.002,0.0,-121000.0,BALANCED,0.0502
2021-05-21,URE,URE,0.0,81.59,-0.0031,-192218000.0,0.0,0.0,0.002,0.0,-121000.0,BALANCED,0.0502
2021-05-24,URE,URE,0.0,83.37,0.0218,-192218000.0,0.0,0.0,0.002,0.0,-121000.0,BALANCED,0.0502
2021-05-25,URE,URE,2090000.0,83.6,0.0028,-190128000.0,2090000.0,0.0,0.9894,2090000.0,1969000.0,BALANCED,36.7362
2021-05-26,URE,URE,0.0,84.05,0.0054,-190128000.0,0.0,0.0,-0.0321,2090000.0,-58000.0,BALANCED,9.198
2021-05-27,URE,URE,0.0,83.46,-0.007,-190128000.0,0.0,0.0,-0.0321,2090000.0,-58000.0,BALANCED,9.198
2021-05-28,URE,URE,0.0,84.65,0.0143,-190128000.0,0.0,0.0,-0.0321,2090000.0,-58000.0,BALANCED,9.198
2021-06-01,URE,URE,0.0,87.41,0.0326,-190128000.0,0.0,0.0,-0.0321,2090000.0,2007000.0,BALANCED,9.198
2021-06-02,URE,URE,0.0,89.46,0.0235,-190128000.0,0.0,0.0,-0.0321,0.0,-4115000.0,BALANCED,-0.802
2021-06-03,URE,URE,0.0,88.97,-0.0055,-190128000.0,0.0,0.0,-0.0321,0.0,-4115000.0,BALANCED,-0.802
2021-06-04,URE,URE,0.0,89.08,0.0012,-190128000.0,0.0,0.0,-0.0321,0.0,-6114000.0,BALANCED,-0.802
2021-06-07,URE,URE,0.0,90.74,0.0186,-190128000.0,0.0,0.0,-0.0321,0.0,2090000.0,BALANCED,-0.802
2021-06-08,URE,URE,0.0,91.91,0.0129,-190128000.0,0.0,0.0,-0.0321,0.0,2090000.0,BALANCED,-0.802
2021-06-09,URE,URE,0.0,92.27,0.0039,-190128000.0,0.0,0.0,-0.0321,0.0,2090000.0,BALANCED,-0.802
2021-06-10,URE,URE,2346000.0,93.82,0.0168,-187782000.0,2346000.0,0.0,1.1033,2346000.0,4436000.0,BALANCED,39.5815
2021-06-11,URE,URE,0.0,92.93,-0.0095,-187782000.0,0.0,0.0,-0.0371,2346000.0,4436000.0,BALANCED,9.0732
2021-06-14,URE,URE,0.0,93.69,0.0082,-187782000.0,0.0,0.0,-0.0371,2346000.0,4436000.0,BALANCED,9.0732
2021-06-15,URE,URE,0.0,91.7,-0.0212,-187782000.0,0.0,0.0,-0.0719,2346000.0,4436000.0,BALANCED,8.2018
2021-06-16,URE,URE,0.0,90.15,-0.0169,-187782000.0,0.0,0.0,0.0353,2346000.0,4436000.0,BALANCED,10.8817
2021-06-17,URE,URE,0.0,90.43,0.0031,-187782000.0,0.0,0.0,0.0353,0.0,4436000.0,BALANCED,0.8817
2021-06-18,URE,URE,0.0,87.55,-0.0318,-187782000.0,0.0,0.0,0.0772,0.0,4436000.0,BALANCED,1.9307
2021-06-21,URE,URE,0.0,91.12,0.0408,-187782000.0,0.0,0.0,-0.2623,0.0,4436000.0,BALANCED,-6.5575
2021-06-22,URE,URE,0.0,90.18,-0.0095,-187782000.0,0.0,0.0,-0.2623,0.0,4436000.0,BALANCED,-6.5575
2021-06-23,URE,URE,0.0,89.63,-0.0061,-187782000.0,0.0,0.0,-0.2623,0.0,2346000.0,BALANCED,-6.5575
2021-06-24,URE,URE,0.0,89.05,-0.0065,-187782000.0,0.0,0.0,-0.2623,0.0,2346000.0,BALANCED,-6.5575
2021-06-25,URE,URE,0.0,90.45,0.0157,-187782000.0,0.0,0.0,-0.2623,0.0,2346000.0,BALANCED,-6.5575
2021-06-28,URE,URE,-2247000.0,89.87,-0.0064,-190029000.0,0.0,-2247000.0,-3.2518,-2247000.0,99000.0,DISTRIBUTION,-93.2945
2021-06-29,URE,URE,0.0,89.38,-0.0055,-190029000.0,0.0,0.0,-0.1023,-2247000.0,99000.0,BALANCED,-12.5568
2021-06-30,URE,URE,0.0,88.27,-0.0124,-190029000.0,0.0,0.0,-0.1023,-2247000.0,99000.0,BALANCED,-12.5568
2021-07-01,URE,URE,-2223000.0,88.91,0.0073,-192252000.0,0.0,-2223000.0,-2.6847,-4470000.0,-2124000.0,DISTRIBUTION,-79.1181
2021-07-02,URE,URE,0.0,89.65,0.0083,-192252000.0,0.0,0.0,0.0014,-4470000.0,-2124000.0,BALANCED,-9.9658
2021-07-06,URE,URE,0.0,91.12,0.0164,-192252000.0,0.0,0.0,0.0014,-2223000.0,-2124000.0,BALANCED,-9.9658
2021-07-07,URE,URE,0.0,91.84,0.0079,-192252000.0,0.0,0.0,0.0014,-2223000.0,-2124000.0,BALANCED,-9.9658
2021-07-08,URE,URE,0.0,91.51,-0.0036,-192252000.0,0.0,0.0,0.0973,-2223000.0,-2124000.0,BALANCED,-7.5667
2021-07-09,URE,URE,0.0,94.3,0.0305,-192252000.0,0.0,0.0,0.0973,0.0,-4470000.0,BALANCED,2.4333
2021-07-12,URE,URE,0.0,95.75,0.0154,-192252000.0,0.0,0.0,0.0973,0.0,-4470000.0,BALANCED,2.4333
2021-07-13,URE,URE,0.0,92.98,-0.0289,-192252000.0,0.0,0.0,0.0973,0.0,-4470000.0,BALANCED,2.4333
2021-07-14,URE,URE,0.0,94.45,0.0158,-192252000.0,0.0,0.0,0.0973,0.0,-4470000.0,BALANCED,2.4333
2021-07-15,URE,URE,0.0,94.88,0.0046,-192252000.0,0.0,0.0,0.0973,0.0,-4470000.0,BALANCED,2.4333
2021-07-16,URE,URE,0.0,95.03,0.0016,-192252000.0,0.0,0.0,0.0973,0.0,-4470000.0,BALANCED,2.4333
2021-07-19,URE,URE,0.0,91.72,-0.0348,-192252000.0,0.0,0.0,0.0973,0.0,-4470000.0,BALANCED,2.4333
2021-07-20,URE,URE,2394000.0,95.74,0.0438,-189858000.0,2394000.0,0.0,2.7879,2394000.0,-2076000.0,ACCUMULATION,81.6982
2021-07-21,URE,URE,0.0,95.47,-0.0028,-189858000.0,0.0,0.0,-0.0105,2394000.0,-2076000.0,BALANCED,9.737
2021-07-22,URE,URE,-2351000.0,94.04,-0.015,-192209000.0,0.0,-2351000.0,-2.382,43000.0,-4427000.0,DISTRIBUTION,-51.549
2021-07-23,URE,URE,0.0,95.75,0.0182,-192209000.0,0.0,0.0,0.1751,43000.0,-4427000.0,BALANCED,14.3776
2021-07-26,URE,URE,0.0,95.61,-0.0015,-192209000.0,0.0,0.0,0.1751,43000.0,-4427000.0,BALANCED,14.3776
2021-07-27,URE,URE,0.0,96.98,0.0143,-192209000.0,0.0,0.0,0.1751,-2351000.0,-2180000.0,BALANCED,-5.6224
2021-07-28,URE,URE,0.0,96.03,-0.0098,-192209000.0,0.0,0.0,0.1751,-2351000.0,-2180000.0,BALANCED,-5.6224
2021-07-29,URE,URE,0.0,95.98,-0.0005,-192209000.0,0.0,0.0,0.1751,0.0,-2180000.0,BALANCED,4.3776
2021-07-30,URE,URE,0.0,96.46,0.005,-192209000.0,0.0,0.0,0.1751,0.0,43000.0,BALANCED,4.3776
2021-08-02,URE,URE,0.0,96.09,-0.0038,-192209000.0,0.0,0.0,0.1751,0.0,43000.0,BALANCED,4.3776
2021-08-06,URE,URE,0.0,97.11,0.0106,-192209000.0,0.0,0.0,0.1751,0.0,43000.0,BALANCED,4.3776
2021-08-10,URE,URE,0.0,94.1,-0.031,-192209000.0,0.0,0.0,0.1751,0.0,43000.0,BALANCED,4.3776
2021-08-11,URE,URE,0.0,95.23,0.012,-192209000.0,0.0,0.0,0.1751,0.0,43000.0,BALANCED,4.3776
2021-08-12,URE,URE,0.0,95.82,0.0062,-192209000.0,0.0,0.0,0.1751,0.0,43000.0,BALANCED,4.3776
2021-08-13,URE,URE,0.0,96.98,0.0121,-192209000.0,0.0,0.0,0.1751,0.0,43000.0,BALANCED,4.3776
2021-08-16,URE,URE,0.0,96.83,-0.0015,-192209000.0,0.0,0.0,0.0977,0.0,43000.0,BALANCED,2.4426
2021-08-17,URE,URE,0.0,96.84,0.0001,-192209000.0,0.0,0.0,0.0977,0.0,43000.0,BALANCED,2.4426
2021-08-18,URE,URE,-2372000.0,94.9,-0.02,-194581000.0,0.0,-2372000.0,-2.6007,-2372000.0,-2329000.0,DISTRIBUTION,-77.0181
2021-08-19,URE,URE,0.0,96.01,0.0117,-194581000.0,0.0,0.0,0.1023,-2372000.0,-2329000.0,BALANCED,-7.4427
2021-08-20,URE,URE,0.0,96.96,0.0099,-194581000.0,0.0,0.0,0.1023,-2372000.0,-2329000.0,BALANCED,-7.4427
2021-08-26,URE,URE,2385000.0,95.39,-0.0162,-192196000.0,2385000.0,0.0,2.7012,13000.0,-2338000.0,ACCUMULATION,79.5295
2021-08-27,URE,URE,0.0,97.21,0.0191,-192196000.0,0.0,0.0,-0.0021,13000.0,-2338000.0,BALANCED,9.9471
2021-08-30,URE,URE,0.0,99.24,0.0209,-192196000.0,0.0,0.0,-0.0021,2385000.0,13000.0,BALANCED,9.9471
2021-08-31,URE,URE,0.0,100.27,0.0104,-192196000.0,0.0,0.0,-0.0021,2385000.0,13000.0,BALANCED,9.9471
2021-09-01,URE,URE,0.0,103.56,0.0328,-192196000.0,0.0,0.0,-0.0021,2385000.0,13000.0,BALANCED,9.9471
2021-09-02,URE,URE,0.0,104.64,0.0104,-192196000.0,0.0,0.0,-0.0021,0.0,13000.0,BALANCED,-0.0529
2021-09-03,URE,URE,0.0,104.75,0.0011,-192196000.0,0.0,0.0,-0.0021,0.0,13000.0,BALANCED,-0.0529
2021-09-07,URE,URE,0.0,102.34,-0.023,-192196000.0,0.0,0.0,-0.0021,0.0,13000.0,BALANCED,-0.0529
2021-09-08,URE,URE,0.0,103.58,0.0121,-192196000.0,0.0,0.0,-0.0021,0.0,13000.0,BALANCED,-0.0529
2021-09-09,URE,URE,-2486000.0,99.45,-0.0399,-194682000.0,0.0,-2486000.0,-2.4236,-2486000.0,-2473000.0,DISTRIBUTION,-72.5902
2021-09-10,URE,URE,0.0,96.86,-0.026,-194682000.0,0.0,0.0,0.1836,-2486000.0,-2473000.0,BALANCED,-5.4102
2021-09-13,URE,URE,0.0,97.74,0.0091,-194682000.0,0.0,0.0,0.1836,-2486000.0,-2473000.0,BALANCED,-5.4102
2021-09-14,URE,URE,0.0,97.27,-0.0048,-194682000.0,0.0,0.0,0.1068,-2486000.0,-2473000.0,BALANCED,-7.3311
2021-09-15,URE,URE,0.0,97.88,0.0063,-194682000.0,0.0,0.0,0.1068,-2486000.0,-2473000.0,BALANCED,-7.3311
2021-09-16,URE,URE,0.0,99.14,0.0129,-194682000.0,0.0,0.0,0.1068,0.0,-2473000.0,BALANCED,2.6689
2021-09-17,URE,URE,2432000.0,97.26,-0.019,-192250000.0,2432000.0,0.0,2.7084,2432000.0,-41000.0,ACCUMULATION,79.7098
2021-09-20,URE,URE,0.0,96.33,-0.0096,-192250000.0,0.0,0.0,0.0015,2432000.0,-41000.0,BALANCED,10.038
2021-09-21,URE,URE,0.0,96.31,-0.0002,-192250000.0,0.0,0.0,0.0015,2432000.0,2331000.0,BALANCED,10.038
2021-09-22,URE,URE,0.0,97.94,0.0184,-192250000.0,0.0,0.0,0.0015,2432000.0,2331000.0,BALANCED,10.038
2021-09-23,URE,URE,0.0,97.25,-0.007,-192250000.0,0.0,0.0,0.0015,2432000.0,2331000.0,BALANCED,10.038
2021-09-24,URE,URE,0.0,95.11,-0.022,-192250000.0,0.0,0.0,0.0015,0.0,-54000.0,BALANCED,0.038
2021-09-27,URE,URE,0.0,92.41,-0.0284,-192250000.0,0.0,0.0,0.0015,0.0,-54000.0,BALANCED,0.038
2021-09-28,URE,URE,0.0,91.26,-0.0124,-192250000.0,0.0,0.0,0.0015,0.0,-54000.0,BALANCED,0.038
2021-09-29,URE,URE,0.0,92.5,0.0136,-192250000.0,0.0,0.0,0.0015,0.0,-54000.0,BALANCED,0.038
2021-09-30,URE,URE,0.0,89.65,-0.0308,-192250000.0,0.0,0.0,0.0015,0.0,-54000.0,BALANCED,0.038
2021-10-01,URE,URE,0.0,91.9,0.0251,-192250000.0,0.0,0.0,0.0015,0.0,-54000.0,BALANCED,0.038
2021-10-04,URE,URE,0.0,91.88,-0.0002,-192250000.0,0.0,0.0,0.0015,0.0,-54000.0,BALANCED,0.038
2021-10-08,URE,URE,0.0,91.15,-0.0079,-192250000.0,0.0,0.0,-0.0997,0.0,-54000.0,BALANCED,-2.4933
2021-10-11,URE,URE,0.0,91.58,0.0047,-192250000.0,0.0,0.0,-0.0997,0.0,-54000.0,BALANCED,-2.4933
2021-10-12,URE,URE,0.0,94.06,0.0271,-192250000.0,0.0,0.0,-0.0997,0.0,2432000.0,BALANCED,-2.4933
2021-10-13,URE,URE,0.0,95.41,0.0144,-192250000.0,0.0,0.0,0.0028,0.0,2432000.0,BALANCED,0.0697
2021-10-14,URE,URE,-2447000.0,97.87,0.0258,-194697000.0,0.0,-2447000.0,-3.0107,-2447000.0,-15000.0,DISTRIBUTION,-87.2674
2021-10-15,URE,URE,0.0,97.94,0.0007,-194697000.0,0.0,0.0,0.1062,-2447000.0,-15000.0,BALANCED,-7.3453
2021-10-18,URE,URE,0.0,98.44,0.0051,-194697000.0,0.0,0.0,0.1062,-2447000.0,-15000.0,BALANCED,-7.3453
2021-10-19,URE,URE,0.0,98.81,0.0038,-194697000.0,0.0,0.0,0.1062,-2447000.0,-15000.0,BALANCED,-7.3453
2021-10-20,URE,URE,0.0,101.74,0.0297,-194697000.0,0.0,0.0,0.1062,-2447000.0,-2447000.0,BALANCED,-7.3453
2021-10-21,URE,URE,0.0,102.18,0.0043,-194697000.0,0.0,0.0,0.1062,0.0,-2447000.0,BALANCED,2.6547
2021-10-22,URE,URE,0.0,103.23,0.0103,-194697000.0,0.0,0.0,0.1062,0.0,-2447000.0,BALANCED,2.6547
2021-10-25,URE,URE,0.0,103.83,0.0058,-194697000.0,0.0,0.0,0.1062,0.0,-2447000.0,BALANCED,2.6547
2021-10-26,URE,URE,0.0,104.5,0.0065,-194697000.0,0.0,0.0,0.0008,0.0,-2447000.0,BALANCED,0.0195
2021-10-27,URE,URE,0.0,102.38,-0.0203,-194697000.0,0.0,0.0,0.0008,0.0,-2447000.0,BALANCED,0.0195
2021-10-28,URE,URE,0.0,105.04,0.026,-194697000.0,0.0,0.0,0.0008,0.0,-2447000.0,BALANCED,0.0195
2021-10-29,URE,URE,0.0,102.57,-0.0235,-194697000.0,0.0,0.0,0.0008,0.0,-2447000.0,BALANCED,0.0195
2021-11-01,URE,URE,0.0,103.23,0.0064,-194697000.0,0.0,0.0,0.0008,0.0,-2447000.0,BALANCED,0.0195
2021-11-02,URE,URE,0.0,104.0,0.0075,-194697000.0,0.0,0.0,0.0008,0.0,-2447000.0,BALANCED,0.0195
2021-11-03,URE,URE,0.0,104.56,0.0054,-194697000.0,0.0,0.0,0.1826,0.0,-2447000.0,BALANCED,4.5644
2021-11-04,URE,URE,0.0,102.56,-0.0191,-194697000.0,0.0,0.0,0.1826,0.0,-2447000.0,BALANCED,4.5644
2021-11-05,URE,URE,0.0,103.27,0.0069,-194697000.0,0.0,0.0,0.1826,0.0,-2447000.0,BALANCED,4.5644
2021-11-08,URE,URE,0.0,103.12,-0.0015,-194697000.0,0.0,0.0,0.1826,0.0,-2447000.0,BALANCED,4.5644
2021-11-09,URE,URE,0.0,103.52,0.0039,-194697000.0,0.0,0.0,0.1826,0.0,-2447000.0,BALANCED,4.5644
2021-11-10,URE,URE,0.0,102.55,-0.0094,-194697000.0,0.0,0.0,0.1826,0.0,-2447000.0,BALANCED,4.5644
2021-11-11,URE,URE,0.0,102.96,0.004,-194697000.0,0.0,0.0,0.1826,0.0,0.0,BALANCED,4.5644
2021-11-12,URE,URE,0.0,103.0,0.0004,-194697000.0,0.0,0.0,0.1826,0.0,0.0,BALANCED,4.5644
2021-11-15,URE,URE,0.0,104.27,0.0123,-194697000.0,0.0,0.0,0.1826,0.0,0.0,BALANCED,4.5644
2021-11-16,URE,URE,0.0,102.97,-0.0125,-194697000.0,0.0,0.0,0.1826,0.0,0.0,BALANCED,4.5644
2021-11-22,URE,URE,-2533000.0,101.34,-0.0158,-197230000.0,0.0,-2533000.0,-3.7462,-2533000.0,-2533000.0,DISTRIBUTION,-100.0
2021-11-23,URE,URE,-2574000.0,102.98,0.0162,-199804000.0,0.0,-2574000.0,-3.0217,-5107000.0,-5107000.0,DISTRIBUTION,-89.543
2021-11-24,URE,URE,0.0,105.46,0.0241,-199804000.0,0.0,0.0,0.3277,-5107000.0,-5107000.0,BALANCED,-1.8087
2021-11-26,URE,URE,0.0,99.81,-0.0536,-199804000.0,0.0,0.0,0.3277,-5107000.0,-5107000.0,BALANCED,-1.8087
2021-11-29,URE,URE,-2548000.0,101.91,0.0211,-202352000.0,0.0,-2548000.0,-2.5319,-7655000.0,-7655000.0,DISTRIBUTION,-75.2976
2021-11-30,URE,URE,0.0,97.66,-0.0417,-202352000.0,0.0,0.0,0.3856,-5122000.0,-7655000.0,BALANCED,-0.361
2021-12-01,URE,URE,0.0,94.76,-0.0298,-202352000.0,0.0,0.0,0.3277,-2548000.0,-7655000.0,BALANCED,-1.8069
2021-12-03,URE,URE,-2489000.0,99.58,0.0508,-204841000.0,0.0,-2489000.0,-2.4528,-5037000.0,-10144000.0,DISTRIBUTION,-73.3211
2021-12-06,URE,URE,0.0,102.61,0.0305,-204841000.0,0.0,0.0,0.3856,-5037000.0,-10144000.0,BALANCED,-0.3598
2021-12-07,URE,URE,0.0,105.73,0.0303,-204841000.0,0.0,0.0,0.3856,-2489000.0,-10144000.0,BALANCED,-0.3598
2021-12-08,URE,URE,0.0,107.09,0.0129,-204841000.0,0.0,0.0,0.3856,-2489000.0,-10144000.0,BALANCED,-0.3598
2021-12-09,URE,URE,0.0,104.24,-0.0266,-204841000.0,0.0,0.0,0.3856,-2489000.0,-10144000.0,BALANCED,-0.3598
2021-12-10,URE,URE,0.0,104.83,0.0057,-204841000.0,0.0,0.0,0.3856,0.0,-10144000.0,BALANCED,9.6402
2021-12-13,URE,URE,0.0,107.0,0.0207,-204841000.0,0.0,0.0,0.3856,0.0,-10144000.0,BALANCED,9.6402
2021-12-14,URE,URE,0.0,104.31,-0.0252,-204841000.0,0.0,0.0,0.3856,0.0,-10144000.0,BALANCED,9.6402
2021-12-15,URE,URE,0.0,107.26,0.0283,-204841000.0,0.0,0.0,0.3856,0.0,-10144000.0,BALANCED,9.6402
2021-12-16,URE,URE,5372000.0,107.44,0.0016,-199469000.0,5372000.0,0.0,4.0598,5372000.0,-4772000.0,ACCUMULATION,100.0
2021-12-17,URE,URE,0.0,107.19,-0.0024,-199469000.0,0.0,0.0,0.1168,5372000.0,-4772000.0,BALANCED,12.9189
2021-12-20,URE,URE,0.0,105.23,-0.0182,-199469000.0,0.0,0.0,0.1168,5372000.0,-4772000.0,BALANCED,12.9189
2021-12-21,URE,URE,0.0,107.44,0.021,-199469000.0,0.0,0.0,0.1168,5372000.0,-4772000.0,BALANCED,12.9189
2021-12-22,URE,URE,0.0,109.47,0.0188,-199469000.0,0.0,0.0,0.1168,5372000.0,-2239000.0,BALANCED,12.9189
2021-12-23,URE,URE,0.0,108.71,-0.0027,-199469000.0,0.0,0.0,0.1168,0.0,335000.0,BALANCED,2.9189
2021-12-27,URE,URE,8433000.0,112.44,0.0343,-191036000.0,8433000.0,0.0,3.999,8433000.0,8768000.0,ACCUMULATION,100.0
2021-12-28,URE,URE,0.0,113.27,0.0074,-191036000.0,0.0,0.0,-0.0587,8433000.0,8768000.0,BALANCED,8.532
2021-12-29,URE,URE,0.0,114.68,0.0124,-191036000.0,0.0,0.0,-0.0587,8433000.0,11316000.0,BALANCED,8.532
2021-12-30,URE,URE,0.0,115.6,0.0081,-191036000.0,0.0,0.0,-0.0587,8433000.0,11316000.0,BALANCED,8.532
2021-12-31,URE,URE,0.0,115.95,0.003,-191036000.0,0.0,0.0,-0.0587,8433000.0,11316000.0,BALANCED,8.532
2022-01-03,URE,URE,0.0,114.19,-0.0152,-191036000.0,0.0,0.0,-0.0587,0.0,13805000.0,BALANCED,-1.468
2022-01-04,URE,URE,0.0,113.72,-0.0041,-191036000.0,0.0,0.0,-0.0587,0.0,13805000.0,BALANCED,-1.468
2022-01-05,URE,URE,0.0,107.0,-0.0591,-191036000.0,0.0,0.0,-0.0587,0.0,13805000.0,BALANCED,-1.468
2022-01-06,URE,URE,0.0,107.06,0.0006,-191036000.0,0.0,0.0,-0.1024,0.0,13805000.0,BALANCED,-2.5588
2022-01-07,URE,URE,0.0,105.54,-0.0142,-191036000.0,0.0,0.0,-0.15,0.0,13805000.0,BALANCED,-3.75
2022-01-10,URE,URE,0.0,104.45,-0.0104,-191036000.0,0.0,0.0,-0.15,0.0,13805000.0,BALANCED,-3.75
2022-01-11,URE,URE,0.0,104.77,0.0031,-191036000.0,0.0,0.0,-0.15,0.0,13805000.0,BALANCED,-3.75
2022-01-12,URE,URE,0.0,105.25,0.0046,-191036000.0,0.0,0.0,-0.2012,0.0,13805000.0,BALANCED,-5.0306
2022-01-13,URE,URE,0.0,104.7,-0.0052,-191036000.0,0.0,0.0,-0.2012,0.0,13805000.0,BALANCED,-5.0306
2022-01-14,URE,URE,0.0,102.58,-0.0202,-191036000.0,0.0,0.0,-0.2012,0.0,8433000.0,BALANCED,-5.0306
2022-01-18,URE,URE,0.0,100.67,-0.0186,-191036000.0,0.0,0.0,-0.2561,0.0,8433000.0,BALANCED,-6.4028
2022-01-19,URE,URE,0.0,98.2,-0.0245,-191036000.0,0.0,0.0,-0.2561,0.0,8433000.0,BALANCED,-6.4028
2022-01-20,URE,URE,0.0,95.85,-0.0239,-191036000.0,0.0,0.0,-0.2561,0.0,8433000.0,BALANCED,-6.4028
2022-01-21,URE,URE,0.0,95.33,-0.0055,-191036000.0,0.0,0.0,-0.2561,0.0,8433000.0,BALANCED,-6.4028
2022-01-24,URE,URE,-4777000.0,95.54,0.0022,-195813000.0,0.0,-4777000.0,-2.4955,-4777000.0,3656000.0,DISTRIBUTION,-74.3873
2022-01-25,URE,URE,-2367000.0,94.69,-0.0089,-198180000.0,0.0,-2367000.0,-1.2376,-7144000.0,-7144000.0,BALANCED,-44.9397
2022-01-26,URE,URE,0.0,91.85,-0.03,-198180000.0,0.0,0.0,-0.1061,-7144000.0,-7144000.0,BALANCED,-12.6534
2022-01-27,URE,URE,0.0,88.93,-0.0318,-198180000.0,0.0,0.0,-0.1061,-7144000.0,-7144000.0,BALANCED,-12.6534
2022-01-28,URE,URE,0.0,94.59,0.0637,-198180000.0,0.0,0.0,-0.1061,-7144000.0,-7144000.0,BALANCED,-12.6534
2022-01-31,URE,URE,0.0,97.32,0.0289,-198180000.0,0.0,0.0,-0.0232,-2367000.0,-7144000.0,BALANCED,-10.58
2022-02-01,URE,URE,0.0,96.27,-0.0108,-198180000.0,0.0,0.0,-0.0232,0.0,-7144000.0,BALANCED,-0.58
2022-02-02,URE,URE,0.0,98.88,0.0271,-198180000.0,0.0,0.0,-0.0232,0.0,-7144000.0,BALANCED,-0.58
2022-02-03,URE,URE,0.0,96.54,-0.0236,-198180000.0,0.0,0.0,-0.0232,0.0,-7144000.0,BALANCED,-0.58
2022-02-04,URE,URE,0.0,94.54,-0.0208,-198180000.0,0.0,0.0,-0.0232,0.0,-7144000.0,BALANCED,-0.58
2022-02-07,URE,URE,0.0,94.22,-0.0034,-198180000.0,0.0,0.0,-0.0232,0.0,-7144000.0,BALANCED,-0.58
2022-02-08,URE,URE,0.0,93.21,-0.0108,-198180000.0,0.0,0.0,0.2481,0.0,-7144000.0,BALANCED,6.202
2022-02-09,URE,URE,0.0,97.55,0.0466,-198180000.0,0.0,0.0,0.2481,0.0,-7144000.0,BALANCED,6.202
2022-02-10,URE,URE,0.0,92.62,-0.0506,-198180000.0,0.0,0.0,0.2481,0.0,-7144000.0,BALANCED,6.202
2022-02-11,URE,URE,-2271000.0,90.85,-0.019,-200451000.0,0.0,-2271000.0,-1.9045,-2271000.0,-9415000.0,DISTRIBUTION,-59.6133
2022-02-14,URE,URE,0.0,89.09,-0.0194,-200451000.0,0.0,0.0,0.3054,-2271000.0,-9415000.0,BALANCED,-2.3652
2022-02-15,URE,URE,0.0,90.42,0.015,-200451000.0,0.0,0.0,0.3054,-2271000.0,-9415000.0,BALANCED,-2.3652
2022-02-16,URE,URE,0.0,90.9,0.0053,-200451000.0,0.0,0.0,0.3054,-2271000.0,-9415000.0,BALANCED,-2.3652
2022-02-17,URE,URE,0.0,89.01,-0.0208,-200451000.0,0.0,0.0,0.3054,-2271000.0,-9415000.0,BALANCED,-2.3652
2022-02-18,URE,URE,0.0,87.99,-0.0114,-200451000.0,0.0,0.0,0.3054,0.0,-9415000.0,BALANCED,7.6348
2022-02-22,URE,URE,0.0,87.17,-0.0093,-200451000.0,0.0,0.0,0.3054,0.0,-4638000.0,BALANCED,7.6348
2022-02-23,URE,URE,0.0,84.06,-0.0358,-200451000.0,0.0,0.0,0.3054,0.0,-2271000.0,BALANCED,7.6348
2022-02-24,URE,URE,0.0,87.13,0.0366,-200451000.0,0.0,0.0,0.3054,0.0,-2271000.0,BALANCED,7.6348
2022-02-25,URE,URE,0.0,91.27,0.0475,-200451000.0,0.0,0.0,0.3054,0.0,-2271000.0,BALANCED,7.6348
2022-02-28,URE,URE,0.0,88.33,-0.0321,-200451000.0,0.0,0.0,0.3054,0.0,-2271000.0,BALANCED,7.6348
2022-03-01,URE,URE,0.0,87.69,-0.0073,-200451000.0,0.0,0.0,0.3054,0.0,-2271000.0,BALANCED,7.6348
2022-03-02,URE,URE,0.0,90.84,0.0359,-200451000.0,0.0,0.0,0.3054,0.0,-2271000.0,BALANCED,7.6348
2022-03-03,URE,URE,0.0,92.23,0.0153,-200451000.0,0.0,0.0,0.3054,0.0,-2271000.0,BALANCED,7.6348
2022-03-04,URE,URE,0.0,93.21,0.0106,-200451000.0,0.0,0.0,0.3054,0.0,-2271000.0,BALANCED,7.6348
2022-03-07,URE,URE,0.0,89.45,-0.0404,-200451000.0,0.0,0.0,0.3054,0.0,-2271000.0,BALANCED,7.6348
2022-03-08,URE,URE,0.0,88.44,-0.0112,-200451000.0,0.0,0.0,0.2627,0.0,-2271000.0,BALANCED,6.5677
2022-03-09,URE,URE,0.0,91.22,0.0314,-200451000.0,0.0,0.0,0.1826,0.0,-2271000.0,BALANCED,4.5644
2022-03-10,URE,URE,0.0,91.69,0.0051,-200451000.0,0.0,0.0,0.1826,0.0,-2271000.0,BALANCED,4.5644
2022-03-11,URE,URE,0.0,90.02,-0.0182,-200451000.0,0.0,0.0,0.1826,0.0,-2271000.0,BALANCED,4.5644
2022-03-16,URE,URE,0.0,92.17,0.0238,-200451000.0,0.0,0.0,0.1826,0.0,0.0,BALANCED,4.5644
2022-03-17,URE,URE,0.0,94.86,0.0292,-200451000.0,0.0,0.0,0.1826,0.0,0.0,BALANCED,4.5644
2022-03-18,URE,URE,0.0,95.37,0.0054,-200451000.0,0.0,0.0,0.1826,0.0,0.0,BALANCED,4.5644
2022-03-21,URE,URE,0.0,94.22,-0.012,-200451000.0,0.0,0.0,0.1826,0.0,0.0,BALANCED,4.5644
2022-03-22,URE,URE,0.0,94.75,0.0056,-200451000.0,0.0,0.0,0.1826,0.0,0.0,BALANCED,4.5644
2022-03-23,URE,URE,0.0,92.77,-0.0209,-200451000.0,0.0,0.0,0.1826,0.0,0.0,BALANCED,4.5644
2022-03-24,URE,URE,0.0,93.91,0.0123,-200451000.0,0.0,0.0,0.1826,0.0,0.0,BALANCED,4.5644
2022-03-28,URE,URE,-2456000.0,98.26,0.0463,-202907000.0,0.0,-2456000.0,-3.8299,-2456000.0,-2456000.0,DISTRIBUTION,-100.0
2022-03-29,URE,URE,0.0,103.86,0.057,-202907000.0,0.0,0.0,0.2626,-2456000.0,-2456000.0,BALANCED,-3.4362
2022-03-30,URE,URE,0.0,102.48,-0.0133,-202907000.0,0.0,0.0,0.2626,-2456000.0,-2456000.0,BALANCED,-3.4362
2022-03-31,URE,URE,0.0,99.89,-0.0253,-202907000.0,0.0,0.0,0.1826,-2456000.0,-2456000.0,BALANCED,-5.4356
2022-04-01,URE,URE,0.0,103.68,0.038,-202907000.0,0.0,0.0,0.1826,-2456000.0,-2456000.0,BALANCED,-5.4356
2022-04-04,URE,URE,0.0,102.82,-0.0083,-202907000.0,0.0,0.0,0.1826,0.0,-2456000.0,BALANCED,4.5644
2022-04-05,URE,URE,0.0,102.12,-0.0067,-202907000.0,0.0,0.0,0.1826,0.0,-2456000.0,BALANCED,4.5644
2022-04-06,URE,URE,0.0,104.63,0.0245,-202907000.0,0.0,0.0,0.1826,0.0,-2456000.0,BALANCED,4.5644
2022-04-07,URE,URE,0.0,102.78,-0.0176,-202907000.0,0.0,0.0,0.1826,0.0,-2456000.0,BALANCED,4.5644
2022-04-08,URE,URE,0.0,103.19,0.0039,-202907000.0,0.0,0.0,0.1826,0.0,-2456000.0,BALANCED,4.5644
2022-04-11,URE,URE,0.0,100.95,-0.0217,-202907000.0,0.0,0.0,0.1826,0.0,-2456000.0,BALANCED,4.5644
2022-04-12,URE,URE,0.0,100.46,-0.0048,-202907000.0,0.0,0.0,0.1826,0.0,-2456000.0,BALANCED,4.5644
2022-04-13,URE,URE,0.0,101.66,0.012,-202907000.0,0.0,0.0,0.1826,0.0,-2456000.0,BALANCED,4.5644
2022-04-14,URE,URE,0.0,100.67,-0.0098,-202907000.0,0.0,0.0,0.1826,0.0,-2456000.0,BALANCED,4.5644
2022-04-18,URE,URE,0.0,99.88,-0.0078,-202907000.0,0.0,0.0,0.1826,0.0,-2456000.0,BALANCED,4.5644
2022-04-19,URE,URE,0.0,104.12,0.0425,-202907000.0,0.0,0.0,0.1826,0.0,-2456000.0,BALANCED,4.5644
2022-04-20,URE,URE,0.0,107.6,0.0334,-202907000.0,0.0,0.0,0.1826,0.0,-2456000.0,BALANCED,4.5644
2022-04-21,URE,URE,0.0,106.12,-0.0137,-202907000.0,0.0,0.0,0.1826,0.0,-2456000.0,BALANCED,4.5644
2022-04-22,URE,URE,0.0,102.35,-0.0355,-202907000.0,0.0,0.0,0.1826,0.0,-2456000.0,BALANCED,4.5644
2022-04-25,URE,URE,0.0,101.8,-0.0055,-202907000.0,0.0,0.0,0.1826,0.0,-2456000.0,BALANCED,4.5644
2022-04-26,URE,URE,0.0,98.4,-0.0333,-202907000.0,0.0,0.0,0.1826,0.0,0.0,BALANCED,4.5644
2022-04-27,URE,URE,0.0,97.23,-0.0119,-202907000.0,0.0,0.0,0.1826,0.0,0.0,BALANCED,4.5644
2022-04-28,URE,URE,0.0,100.92,0.038,-202907000.0,0.0,0.0,0.1826,0.0,0.0,BALANCED,4.5644
2022-04-29,URE,URE,0.0,91.5,-0.0933,-202907000.0,0.0,0.0,0.1826,0.0,0.0,BALANCED,4.5644
2022-05-02,URE,URE,0.0,87.32,-0.0457,-202907000.0,0.0,0.0,0.1826,0.0,0.0,BALANCED,4.5644
2022-05-03,URE,URE,0.0,89.66,0.0268,-202907000.0,0.0,0.0,0.1826,0.0,0.0,BALANCED,4.5644
2022-05-04,URE,URE,0.0,91.67,0.0224,-202907000.0,0.0,0.0,0.1826,0.0,0.0,BALANCED,4.5644
2022-05-05,URE,URE,0.0,86.83,-0.0527,-202907000.0,0.0,0.0,0.1826,0.0,0.0,BALANCED,4.5644
2022-05-06,URE,URE,0.0,84.81,-0.0234,-202907000.0,0.0,0.0,0.1826,0.0,0.0,BALANCED,4.5644
2022-05-09,URE,URE,0.0,77.42,-0.0871,-202907000.0,0.0,0.0,0.1826,0.0,0.0,BALANCED,4.5644
2022-05-10,URE,URE,0.0,74.52,-0.0375,-202907000.0,0.0,0.0,0.0,0.0,0.0,BALANCED,0.0
2022-05-11,URE,URE,0.0,74.07,-0.006,-202907000.0,0.0,0.0,0.0,0.0,0.0,BALANCED,0.0
2022-05-12,URE,URE,0.0,75.27,0.0162,-202907000.0,0.0,0.0,0.0,0.0,0.0,BALANCED,0.0
2022-05-13,URE,URE,0.0,79.29,0.0534,-202907000.0,0.0,0.0,0.0,0.0,0.0,BALANCED,0.0
2022-05-16,URE,URE,0.0,78.17,-0.0141,-202907000.0,0.0,0.0,0.0,0.0,0.0,BALANCED,0.0
2022-05-17,URE,URE,0.0,80.04,0.0239,-202907000.0,0.0,0.0,0.0,0.0,0.0,BALANCED,0.0
2022-05-18,URE,URE,0.0,75.32,-0.059,-202907000.0,0.0,0.0,0.0,0.0,0.0,BALANCED,0.0
2022-05-19,URE,URE,0.0,74.89,-0.0056,-202907000.0,0.0,0.0,0.0,0.0,0.0,BALANCED,0.0
2022-05-20,URE,URE,0.0,76.22,0.0177,-202907000.0,0.0,0.0,0.0,0.0,0.0,BALANCED,0.0
2022-05-23,URE,URE,0.0,77.98,0.0232,-202907000.0,0.0,0.0,0.0,0.0,0.0,BALANCED,0.0
2022-05-24,URE,URE,0.0,79.37,0.0178,-202907000.0,0.0,0.0,0.0,0.0,0.0,BALANCED,0.0
2022-05-25,URE,URE,0.0,80.51,0.0143,-202907000.0,0.0,0.0,0.0,0.0,0.0,BALANCED,0.0
2022-05-26,URE,URE,0.0,80.66,0.0019,-202907000.0,0.0,0.0,0.0,0.0,0.0,BALANCED,0.0
2022-05-27,URE,URE,0.0,85.03,0.0542,-202907000.0,0.0,0.0,0.0,0.0,0.0,BALANCED,0.0
2022-05-31,URE,URE,0.0,82.93,-0.0248,-202907000.0,0.0,0.0,0.0,0.0,0.0,BALANCED,0.0
2022-06-01,URE,URE,0.0,81.43,-0.0181,-202907000.0,0.0,0.0,0.0,0.0,0.0,BALANCED,0.0
2022-06-02,URE,URE,0.0,83.81,0.0292,-202907000.0,0.0,0.0,0.0,0.0,0.0,BALANCED,0.0
2022-06-03,URE,URE,-2040000.0,81.59,-0.0265,-204947000.0,0.0,-2040000.0,-5.2947,-2040000.0,-2040000.0,DISTRIBUTION,-100.0
2022-06-06,URE,URE,0.0,81.04,-0.0068,-204947000.0,0.0,0.0,0.1826,-2040000.0,-2040000.0,BALANCED,-5.4356
2022-06-07,URE,URE,0.0,83.14,0.0259,-204947000.0,0.0,0.0,0.1826,-2040000.0,-2040000.0,BALANCED,-5.4356
2022-06-08,URE,URE,0.0,79.35,-0.0456,-204947000.0,0.0,0.0,0.1826,-2040000.0,-2040000.0,BALANCED,-5.4356
2022-06-09,URE,URE,0.0,75.78,-0.045,-204947000.0,0.0,0.0,0.1826,-2040000.0,-2040000.0,BALANCED,-5.4356
2022-06-10,URE,URE,0.0,72.46,-0.0437,-204947000.0,0.0,0.0,0.1826,0.0,-2040000.0,BALANCED,4.5644
2022-06-13,URE,URE,-1632000.0,65.3,-0.0989,-206579000.0,0.0,-1632000.0,-3.2196,-1632000.0,-3672000.0,DISTRIBUTION,-92.4899
2022-06-14,URE,URE,0.0,64.22,-0.0166,-206579000.0,0.0,0.0,0.261,-1632000.0,-3672000.0,BALANCED,-3.4738
2022-06-15,URE,URE,0.0,67.17,0.046,-206579000.0,0.0,0.0,0.261,-1632000.0,-3672000.0,BALANCED,-3.4738
2022-06-16,URE,URE,0.0,63.74,-0.051,-206579000.0,0.0,0.0,0.261,-1632000.0,-3672000.0,BALANCED,-3.4738
2022-06-17,URE,URE,0.0,64.8,0.0166,-206579000.0,0.0,0.0,0.261,-1632000.0,-3672000.0,BALANCED,-3.4738
2022-06-21,URE,URE,0.0,66.85,0.0316,-206579000.0,0.0,0.0,0.261,0.0,-3672000.0,BALANCED,6.5262
2022-06-22,URE,URE,0.0,68.65,0.0275,-206579000.0,0.0,0.0,0.261,0.0,-3672000.0,BALANCED,6.5262
2022-06-23,URE,URE,0.0,71.37,0.0396,-206579000.0,0.0,0.0,0.261,0.0,-3672000.0,BALANCED,6.5262
2022-06-24,URE,URE,0.0,74.48,0.0436,-206579000.0,0.0,0.0,0.261,0.0,-3672000.0,BALANCED,6.5262
2022-06-27,URE,URE,0.0,74.11,-0.005,-206579000.0,0.0,0.0,0.261,0.0,-3672000.0,BALANCED,6.5262
2022-06-28,URE,URE,0.0,72.35,-0.0237,-206579000.0,0.0,0.0,0.261,0.0,-3672000.0,BALANCED,6.5262
2022-06-29,URE,URE,0.0,71.43,-0.0128,-206579000.0,0.0,0.0,0.261,0.0,-3672000.0,BALANCED,6.5262
2022-06-30,URE,URE,0.0,71.12,-0.0043,-206579000.0,0.0,0.0,0.261,0.0,-3672000.0,BALANCED,6.5262
2022-07-01,URE,URE,0.0,73.81,0.0379,-206579000.0,0.0,0.0,0.261,0.0,-3672000.0,BALANCED,6.5262
2022-07-05,URE,URE,0.0,73.33,-0.0065,-206579000.0,0.0,0.0,0.261,0.0,-1632000.0,BALANCED,6.5262
2022-07-06,URE,URE,0.0,73.19,-0.0018,-206579000.0,0.0,0.0,0.261,0.0,-1632000.0,BALANCED,6.5262
2022-07-07,URE,URE,0.0,73.41,0.003,-206579000.0,0.0,0.0,0.261,0.0,-1632000.0,BALANCED,6.5262
2022-07-08,URE,URE,0.0,72.66,-0.0102,-206579000.0,0.0,0.0,0.261,0.0,-1632000.0,BALANCED,6.5262
2022-07-11,URE,URE,0.0,72.44,-0.003,-206579000.0,0.0,0.0,0.261,0.0,-1632000.0,BALANCED,6.5262
2022-07-12,URE,URE,0.0,71.63,-0.0112,-206579000.0,0.0,0.0,0.261,0.0,-1632000.0,BALANCED,6.5262
2022-07-13,URE,URE,0.0,71.01,-0.0086,-206579000.0,0.0,0.0,0.261,0.0,0.0,BALANCED,6.5262
2022-07-14,URE,URE,0.0,69.62,-0.0197,-206579000.0,0.0,0.0,0.261,0.0,0.0,BALANCED,6.5262
2022-07-15,URE,URE,0.0,72.06,0.035,-206579000.0,0.0,0.0,0.261,0.0,0.0,BALANCED,6.5262
2022-07-18,URE,URE,0.0,70.78,-0.0177,-206579000.0,0.0,0.0,0.261,0.0,0.0,BALANCED,6.5262
2022-07-19,URE,URE,0.0,74.5,0.0525,-206579000.0,0.0,0.0,0.1826,0.0,0.0,BALANCED,4.5644
2022-07-20,URE,URE,0.0,74.02,-0.0064,-206579000.0,0.0,0.0,0.1826,0.0,0.0,BALANCED,4.5644
2022-07-21,URE,URE,0.0,75.33,0.0177,-206579000.0,0.0,0.0,0.1826,0.0,0.0,BALANCED,4.5644
2022-07-22,URE,URE,0.0,76.2,0.0116,-206579000.0,0.0,0.0,0.1826,0.0,0.0,BALANCED,4.5644
2022-07-25,URE,URE,0.0,76.42,0.0028,-206579000.0,0.0,0.0,0.1826,0.0,0.0,BALANCED,4.5644
2022-07-26,URE,URE,0.0,76.54,0.0015,-206579000.0,0.0,0.0,0.1826,0.0,0.0,BALANCED,4.5644
2022-07-27,URE,URE,0.0,77.86,0.0173,-206579000.0,0.0,0.0,0.0,0.0,0.0,BALANCED,0.0
2022-07-28,URE,URE,0.0,82.94,0.0652,-206579000.0,0.0,0.0,0.0,0.0,0.0,BALANCED,0.0
2022-07-29,URE,URE,0.0,83.81,0.0105,-206579000.0,0.0,0.0,0.0,0.0,0.0,BALANCED,0.0
2022-08-01,URE,URE,0.0,82.41,-0.0166,-206579000.0,0.0,0.0,0.0,0.0,0.0,BALANCED,0.0
2022-08-02,URE,URE,0.0,80.29,-0.0258,-206579000.0,0.0,0.0,0.0,0.0,0.0,BALANCED,0.0
2022-08-03,URE,URE,0.0,80.76,0.0059,-206579000.0,0.0,0.0,0.0,0.0,0.0,BALANCED,0.0
2022-08-04,URE,URE,0.0,80.7,-0.0007,-206579000.0,0.0,0.0,0.0,0.0,0.0,BALANCED,0.0
2022-08-05,URE,URE,0.0,81.13,0.0053,-206579000.0,0.0,0.0,0.0,0.0,0.0,BALANCED,0.0
2022-08-08,URE,URE,0.0,82.41,0.0158,-206579000.0,0.0,0.0,0.0,0.0,0.0,BALANCED,0.0
2022-08-09,URE,URE,0.0,83.4,0.012,-206579000.0,0.0,0.0,0.0,0.0,0.0,BALANCED,0.0
2022-08-10,URE,URE,0.0,85.92,0.0301,-206579000.0,0.0,0.0,0.0,0.0,0.0,BALANCED,0.0
2022-08-11,URE,URE,0.0,85.22,-0.008,-206579000.0,0.0,0.0,0.0,0.0,0.0,BALANCED,0.0
2022-08-12,URE,URE,0.0,88.08,0.0335,-206579000.0,0.0,0.0,0.0,0.0,0.0,BALANCED,0.0
2022-08-15,URE,URE,0.0,88.75,0.0076,-206579000.0,0.0,0.0,0.0,0.0,0.0,BALANCED,0.0
2022-08-16,URE,URE,0.0,88.15,-0.0068,-206579000.0,0.0,0.0,0.0,0.0,0.0,BALANCED,0.0
2022-08-17,URE,URE,0.0,87.33,-0.0093,-206579000.0,0.0,0.0,0.0,0.0,0.0,BALANCED,0.0
2022-08-18,URE,URE,0.0,86.02,-0.015,-206579000.0,0.0,0.0,0.0,0.0,0.0,BALANCED,0.0
2022-08-19,URE,URE,0.0,84.33,-0.0197,-206579000.0,0.0,0.0,0.0,0.0,0.0,BALANCED,0.0
2022-08-22,URE,URE,0.0,80.83,-0.0415,-206579000.0,0.0,0.0,0.0,0.0,0.0,BALANCED,0.0
2022-08-23,URE,URE,0.0,78.73,-0.026,-206579000.0,0.0,0.0,0.0,0.0,0.0,BALANCED,0.0
2022-08-24,URE,URE,0.0,79.7,0.0123,-206579000.0,0.0,0.0,0.0,0.0,0.0,BALANCED,0.0
2022-08-25,URE,URE,0.0,82.09,0.03,-206579000.0,0.0,0.0,0.0,0.0,0.0,BALANCED,0.0
2022-08-26,URE,URE,0.0,78.04,-0.0493,-206579000.0,0.0,0.0,0.0,0.0,0.0,BALANCED,0.0
2022-08-29,URE,URE,0.0,76.71,-0.0171,-206579000.0,0.0,0.0,0.0,0.0,0.0,BALANCED,0.0
2022-08-30,URE,URE,0.0,74.46,-0.0294,-206579000.0,0.0,0.0,0.0,0.0,0.0,BALANCED,0.0
2022-08-31,URE,URE,0.0,73.89,-0.0076,-206579000.0,0.0,0.0,0.0,0.0,0.0,BALANCED,0.0
2022-09-01,URE,URE,0.0,74.24,0.0048,-206579000.0,0.0,0.0,0.0,0.0,0.0,BALANCED,0.0
2022-09-02,URE,URE,0.0,72.19,-0.0277,-206579000.0,0.0,0.0,0.0,0.0,0.0,BALANCED,0.0
2022-09-06,URE,URE,0.0,73.83,0.0228,-206579000.0,0.0,0.0,0.0,0.0,0.0,BALANCED,0.0
2022-09-07,URE,URE,0.0,76.73,0.0392,-206579000.0,0.0,0.0,0.0,0.0,0.0,BALANCED,0.0
2022-09-08,URE,URE,0.0,77.16,0.0056,-206579000.0,0.0,0.0,0.0,0.0,0.0,BALANCED,0.0
2022-09-09,URE,URE,0.0,78.56,0.0181,-206579000.0,0.0,0.0,0.0,0.0,0.0,BALANCED,0.0
2022-09-12,URE,URE,0.0,79.91,0.0172,-206579000.0,0.0,0.0,0.0,0.0,0.0,BALANCED,0.0
2022-09-13,URE,URE,0.0,74.05,-0.0733,-206579000.0,0.0,0.0,0.0,0.0,0.0,BALANCED,0.0
2022-09-14,URE,URE,0.0,72.26,-0.0242,-206579000.0,0.0,0.0,0.0,0.0,0.0,BALANCED,0.0
2022-09-15,URE,URE,0.0,69.4,-0.0396,-206579000.0,0.0,0.0,0.0,0.0,0.0,BALANCED,0.0
2022-09-16,URE,URE,0.0,69.3,-0.0014,-206579000.0,0.0,0.0,0.0,0.0,0.0,BALANCED,0.0
2022-09-19,URE,URE,0.0,69.13,-0.0025,-206579000.0,0.0,0.0,0.0,0.0,0.0,BALANCED,0.0
2022-09-20,URE,URE,0.0,65.72,-0.0493,-206579000.0,0.0,0.0,0.0,0.0,0.0,BALANCED,0.0
2022-09-21,URE,URE,0.0,63.44,-0.0299,-206579000.0,0.0,0.0,0.0,0.0,0.0,BALANCED,0.0
2022-09-22,URE,URE,0.0,62.16,-0.0202,-206579000.0,0.0,0.0,0.0,0.0,0.0,BALANCED,0.0
2022-09-23,URE,URE,0.0,60.53,-0.0263,-206579000.0,0.0,0.0,0.0,0.0,0.0,BALANCED,0.0
2022-09-26,URE,URE,0.0,57.16,-0.0555,-206579000.0,0.0,0.0,0.0,0.0,0.0,BALANCED,0.0
2022-09-27,URE,URE,0.0,55.63,-0.0268,-206579000.0,0.0,0.0,0.0,0.0,0.0,BALANCED,0.0
2022-09-28,URE,URE,0.0,57.8,0.039,-206579000.0,0.0,0.0,0.0,0.0,0.0,BALANCED,0.0
2022-09-29,URE,URE,0.0,54.43,-0.0582,-206579000.0,0.0,0.0,0.0,0.0,0.0,BALANCED,0.0
2022-09-30,URE,URE,0.0,55.49,0.0195,-206579000.0,0.0,0.0,0.0,0.0,0.0,BALANCED,0.0
2022-10-03,URE,URE,0.0,57.53,0.0367,-206579000.0,0.0,0.0,0.0,0.0,0.0,BALANCED,0.0
2022-10-04,URE,URE,0.0,59.76,0.0387,-206579000.0,0.0,0.0,0.0,0.0,0.0,BALANCED,0.0
2022-10-05,URE,URE,0.0,57.42,-0.0391,-206579000.0,0.0,0.0,0.0,0.0,0.0,BALANCED,0.0
2022-10-06,URE,URE,0.0,54.14,-0.0572,-206579000.0,0.0,0.0,0.0,0.0,0.0,BALANCED,0.0
2022-10-07,URE,URE,0.0,51.53,-0.0482,-206579000.0,0.0,0.0,0.0,0.0,0.0,BALANCED,0.0
2022-10-10,URE,URE,0.0,50.4,-0.022,-206579000.0,0.0,0.0,0.0,0.0,0.0,BALANCED,0.0
2022-10-11,URE,URE,0.0,51.52,0.0224,-206579000.0,0.0,0.0,0.0,0.0,0.0,BALANCED,0.0
2022-10-12,URE,URE,0.0,50.29,-0.024,-206579000.0,0.0,0.0,0.0,0.0,0.0,BALANCED,0.0
2022-10-13,URE,URE,0.0,51.96,0.0333,-206579000.0,0.0,0.0,0.0,0.0,0.0,BALANCED,0.0
2022-10-14,URE,URE,0.0,49.34,-0.0504,-206579000.0,0.0,0.0,0.0,0.0,0.0,BALANCED,0.0
2022-10-17,URE,URE,0.0,52.95,0.0731,-206579000.0,0.0,0.0,0.0,0.0,0.0,BALANCED,0.0
2022-10-18,URE,URE,0.0,54.15,0.0227,-206579000.0,0.0,0.0,0.0,0.0,0.0,BALANCED,0.0
2022-10-19,URE,URE,0.0,51.41,-0.0507,-206579000.0,0.0,0.0,0.0,0.0,0.0,BALANCED,0.0
2022-10-20,URE,URE,0.0,50.95,-0.0091,-206579000.0,0.0,0.0,0.0,0.0,0.0,BALANCED,0.0
2022-10-21,URE,URE,0.0,51.62,0.0132,-206579000.0,0.0,0.0,0.0,0.0,0.0,BALANCED,0.0
2022-10-24,URE,URE,0.0,51.53,-0.0017,-206579000.0,0.0,0.0,0.0,0.0,0.0,BALANCED,0.0
2022-10-25,URE,URE,0.0,55.65,0.0799,-206579000.0,0.0,0.0,0.0,0.0,0.0,BALANCED,0.0
2022-10-26,URE,URE,0.0,55.79,0.0027,-206579000.0,0.0,0.0,0.0,0.0,0.0,BALANCED,0.0
2022-10-27,URE,URE,-1398000.0,55.94,0.0025,-207977000.0,0.0,-1398000.0,-5.2947,-1398000.0,-1398000.0,DISTRIBUTION,-100.0
2022-10-28,URE,URE,0.0,58.52,0.0461,-207977000.0,0.0,0.0,0.1826,-1398000.0,-1398000.0,BALANCED,-5.4356
2022-10-31,URE,URE,0.0,58.31,-0.0035,-207977000.0,0.0,0.0,0.1826,-1398000.0,-1398000.0,BALANCED,-5.4356
2022-11-01,URE,URE,0.0,58.11,-0.0034,-207977000.0,0.0,0.0,0.1826,-1398000.0,-1398000.0,BALANCED,-5.4356
2022-11-02,URE,URE,0.0,55.02,-0.0533,-207977000.0,0.0,0.0,0.1826,-1398000.0,-1398000.0,BALANCED,-5.4356
2022-11-03,URE,URE,0.0,54.91,-0.002,-207977000.0,0.0,0.0,0.1826,0.0,-1398000.0,BALANCED,4.5644
2022-11-04,URE,URE,0.0,56.39,0.027,-207977000.0,0.0,0.0,0.1826,0.0,-1398000.0,BALANCED,4.5644
2022-11-07,URE,URE,0.0,56.42,0.0007,-207977000.0,0.0,0.0,0.1826,0.0,-1398000.0,BALANCED,4.5644
2022-11-08,URE,URE,0.0,56.93,0.009,-207977000.0,0.0,0.0,0.1826,0.0,-1398000.0,BALANCED,4.5644
2022-11-09,URE,URE,0.0,55.75,-0.0209,-207977000.0,0.0,0.0,0.1826,0.0,-1398000.0,BALANCED,4.5644
2022-11-10,URE,URE,0.0,63.96,0.1473,-207977000.0,0.0,0.0,0.1826,0.0,-1398000.0,BALANCED,4.5644
2022-11-11,URE,URE,0.0,63.78,-0.0028,-207977000.0,0.0,0.0,0.1826,0.0,-1398000.0,BALANCED,4.5644
2022-11-14,URE,URE,0.0,60.57,-0.0502,-207977000.0,0.0,0.0,0.1826,0.0,-1398000.0,BALANCED,4.5644
2022-11-15,URE,URE,0.0,61.93,0.0224,-207977000.0,0.0,0.0,0.1826,0.0,-1398000.0,BALANCED,4.5644
2022-11-16,URE,URE,0.0,60.82,-0.018,-207977000.0,0.0,0.0,0.1826,0.0,-1398000.0,BALANCED,4.5644
2022-11-17,URE,URE,0.0,59.89,-0.0152,-207977000.0,0.0,0.0,0.1826,0.0,-1398000.0,BALANCED,4.5644
2022-11-18,URE,URE,0.0,61.31,0.0236,-207977000.0,0.0,0.0,0.1826,0.0,-1398000.0,BALANCED,4.5644
2022-11-21,URE,URE,0.0,62.05,0.0121,-207977000.0,0.0,0.0,0.1826,0.0,-1398000.0,BALANCED,4.5644
2022-11-22,URE,URE,0.0,62.67,0.0099,-207977000.0,0.0,0.0,0.1826,0.0,-1398000.0,BALANCED,4.5644
2022-11-23,URE,URE,0.0,62.78,0.0018,-207977000.0,0.0,0.0,0.1826,0.0,-1398000.0,BALANCED,4.5644
2022-11-25,URE,URE,0.0,63.61,0.0132,-207977000.0,0.0,0.0,0.1826,0.0,0.0,BALANCED,4.5644
2022-11-28,URE,URE,0.0,60.13,-0.0546,-207977000.0,0.0,0.0,0.1826,0.0,0.0,BALANCED,4.5644
2022-11-29,URE,URE,0.0,62.07,0.0322,-207977000.0,0.0,0.0,0.1826,0.0,0.0,BALANCED,4.5644
2022-11-30,URE,URE,0.0,64.94,0.0462,-207977000.0,0.0,0.0,0.1826,0.0,0.0,BALANCED,4.5644
2022-12-01,URE,URE,0.0,64.64,-0.0046,-207977000.0,0.0,0.0,0.1826,0.0,0.0,BALANCED,4.5644
2022-12-02,URE,URE,0.0,64.29,-0.0054,-207977000.0,0.0,0.0,0.1826,0.0,0.0,BALANCED,4.5644
2022-12-05,URE,URE,0.0,61.92,-0.037,-207977000.0,0.0,0.0,0.1826,0.0,0.0,BALANCED,4.5644
2022-12-06,URE,URE,0.0,60.86,-0.017,-207977000.0,0.0,0.0,0.1826,0.0,0.0,BALANCED,4.5644
2022-12-07,URE,URE,0.0,61.07,0.0035,-207977000.0,0.0,0.0,0.1826,0.0,0.0,BALANCED,4.5644
2022-12-08,URE,URE,0.0,61.98,0.0148,-207977000.0,0.0,0.0,0.1826,0.0,0.0,BALANCED,4.5644
2022-12-09,URE,URE,0.0,61.69,-0.0046,-207977000.0,0.0,0.0,0.0,0.0,0.0,BALANCED,0.0
2022-12-12,URE,URE,0.0,62.66,0.0157,-207977000.0,0.0,0.0,0.0,0.0,0.0,BALANCED,0.0
2022-12-13,URE,URE,0.0,64.99,0.0372,-207977000.0,0.0,0.0,0.0,0.0,0.0,BALANCED,0.0
2022-12-14,URE,URE,0.0,63.99,-0.0154,-207977000.0,0.0,0.0,0.0,0.0,0.0,BALANCED,0.0
2022-12-15,URE,URE,0.0,62.21,-0.0277,-207977000.0,0.0,0.0,0.0,0.0,0.0,BALANCED,0.0
2022-12-16,URE,URE,0.0,59.01,-0.0516,-207977000.0,0.0,0.0,0.0,0.0,0.0,BALANCED,0.0
2022-12-19,URE,URE,0.0,57.65,-0.023,-207977000.0,0.0,0.0,0.0,0.0,0.0,BALANCED,0.0
2022-12-20,URE,URE,0.0,57.3,-0.006,-207977000.0,0.0,0.0,0.0,0.0,0.0,BALANCED,0.0
2022-12-21,URE,URE,0.0,58.48,0.0205,-207977000.0,0.0,0.0,0.0,0.0,0.0,BALANCED,0.0
2022-12-22,URE,URE,0.0,57.63,-0.0079,-207977000.0,0.0,0.0,0.0,0.0,0.0,BALANCED,0.0
2022-12-23,URE,URE,0.0,58.54,0.0158,-207977000.0,0.0,0.0,0.0,0.0,0.0,BALANCED,0.0
2022-12-27,URE,URE,0.0,58.49,-0.001,-207977000.0,0.0,0.0,0.0,0.0,0.0,BALANCED,0.0
2022-12-28,URE,URE,0.0,56.53,-0.0334,-207977000.0,0.0,0.0,0.0,0.0,0.0,BALANCED,0.0
2022-12-29,URE,URE,0.0,58.97,0.043,-207977000.0,0.0,0.0,0.0,0.0,0.0,BALANCED,0.0
2022-12-30,URE,URE,0.0,57.97,-0.0168,-207977000.0,0.0,0.0,0.0,0.0,0.0,BALANCED,0.0
2023-01-03,URE,URE,0.0,58.21,0.0041,-207977000.0,0.0,0.0,0.0,0.0,0.0,BALANCED,0.0
2023-01-04,URE,URE,0.0,60.73,0.0432,-207977000.0,0.0,0.0,0.0,0.0,0.0,BALANCED,0.0
2023-01-05,URE,URE,0.0,57.43,-0.0544,-207977000.0,0.0,0.0,0.0,0.0,0.0,BALANCED,0.0
2023-01-06,URE,URE,0.0,60.6,0.0552,-207977000.0,0.0,0.0,0.0,0.0,0.0,BALANCED,0.0
2023-01-09,URE,URE,0.0,60.57,-0.0005,-207977000.0,0.0,0.0,0.0,0.0,0.0,BALANCED,0.0
2023-01-10,URE,URE,0.0,60.93,0.0059,-207977000.0,0.0,0.0,0.0,0.0,0.0,BALANCED,0.0
2023-01-11,URE,URE,-1630000.0,65.22,0.0704,-209607000.0,0.0,-1630000.0,-5.2947,-1630000.0,-1630000.0,DISTRIBUTION,-100.0
2023-01-12,URE,URE,0.0,66.61,0.0213,-209607000.0,0.0,0.0,0.1826,-1630000.0,-1630000.0,BALANCED,-5.4356
2023-01-13,URE,URE,0.0,65.86,-0.0112,-209607000.0,0.0,0.0,0.1826,-1630000.0,-1630000.0,BALANCED,-5.4356
2023-01-17,URE,URE,0.0,66.01,0.0022,-209607000.0,0.0,0.0,0.1826,-1630000.0,-1630000.0,BALANCED,-5.4356
2023-01-18,URE,URE,0.0,64.12,-0.0286,-209607000.0,0.0,0.0,0.1826,-1630000.0,-1630000.0,BALANCED,-5.4356
2023-01-19,URE,URE,0.0,63.44,-0.0106,-209607000.0,0.0,0.0,0.1826,0.0,-1630000.0,BALANCED,4.5644
2023-01-20,URE,URE,0.0,64.99,0.0244,-209607000.0,0.0,0.0,0.1826,0.0,-1630000.0,BALANCED,4.5644
2023-01-23,URE,URE,0.0,65.46,0.0072,-209607000.0,0.0,0.0,0.1826,0.0,-1630000.0,BALANCED,4.5644
2023-01-24,URE,URE,0.0,65.8,0.0051,-209607000.0,0.0,0.0,0.1826,0.0,-1630000.0,BALANCED,4.5644
2023-01-25,URE,URE,0.0,65.69,-0.0017,-209607000.0,0.0,0.0,0.1826,0.0,-1630000.0,BALANCED,4.5644
2023-01-26,URE,URE,0.0,67.11,0.0217,-209607000.0,0.0,0.0,0.1826,0.0,-1630000.0,BALANCED,4.5644
2023-01-27,URE,URE,0.0,68.45,0.02,-209607000.0,0.0,0.0,0.1826,0.0,-1630000.0,BALANCED,4.5644
2023-01-30,URE,URE,0.0,66.76,-0.0247,-209607000.0,0.0,0.0,0.1826,0.0,-1630000.0,BALANCED,4.5644
2023-01-31,URE,URE,0.0,69.4,0.0394,-209607000.0,0.0,0.0,0.1826,0.0,-1630000.0,BALANCED,4.5644
2023-02-01,URE,URE,0.0,70.31,0.0132,-209607000.0,0.0,0.0,0.1826,0.0,-1630000.0,BALANCED,4.5644
2023-02-02,URE,URE,0.0,73.3,0.0426,-209607000.0,0.0,0.0,0.1826,0.0,-1630000.0,BALANCED,4.5644
2023-02-03,URE,URE,0.0,70.42,-0.0394,-209607000.0,0.0,0.0,0.1826,0.0,-1630000.0,BALANCED,4.5644
2023-02-06,URE,URE,0.0,69.43,-0.0141,-209607000.0,0.0,0.0,0.1826,0.0,-1630000.0,BALANCED,4.5644
2023-02-07,URE,URE,0.0,69.21,-0.0032,-209607000.0,0.0,0.0,0.1826,0.0,-1630000.0,BALANCED,4.5644
2023-02-08,URE,URE,0.0,68.61,-0.0086,-209607000.0,0.0,0.0,0.1826,0.0,-1630000.0,BALANCED,4.5644
2023-02-09,URE,URE,0.0,66.97,-0.0239,-209607000.0,0.0,0.0,0.1826,0.0,0.0,BALANCED,4.5644
2023-02-10,URE,URE,0.0,67.46,0.0073,-209607000.0,0.0,0.0,0.1826,0.0,0.0,BALANCED,4.5644
2023-02-13,URE,URE,0.0,68.63,0.0174,-209607000.0,0.0,0.0,0.1826,0.0,0.0,BALANCED,4.5644
2023-02-14,URE,URE,0.0,67.45,-0.0173,-209607000.0,0.0,0.0,0.1826,0.0,0.0,BALANCED,4.5644
2023-02-15,URE,URE,0.0,68.02,0.0086,-209607000.0,0.0,0.0,0.1826,0.0,0.0,BALANCED,4.5644
2023-02-16,URE,URE,0.0,66.75,-0.0187,-209607000.0,0.0,0.0,0.1826,0.0,0.0,BALANCED,4.5644
2023-02-17,URE,URE,0.0,66.22,-0.008,-209607000.0,0.0,0.0,0.1826,0.0,0.0,BALANCED,4.5644
2023-02-21,URE,URE,0.0,63.59,-0.0397,-209607000.0,0.0,0.0,0.1826,0.0,0.0,BALANCED,4.5644
2023-02-22,URE,URE,0.0,62.21,-0.0218,-209607000.0,0.0,0.0,0.1826,0.0,0.0,BALANCED,4.5644
2023-02-23,URE,URE,0.0,62.94,0.0118,-209607000.0,0.0,0.0,0.1826,0.0,0.0,BALANCED,4.5644
2023-02-24,URE,URE,0.0,60.84,-0.0333,-209607000.0,0.0,0.0,0.0,0.0,0.0,BALANCED,0.0
2023-02-27,URE,URE,0.0,60.97,0.0021,-209607000.0,0.0,0.0,0.0,0.0,0.0,BALANCED,0.0
2023-02-28,URE,URE,0.0,60.83,-0.0023,-209607000.0,0.0,0.0,0.0,0.0,0.0,BALANCED,0.0
2023-03-01,URE,URE,0.0,59.19,-0.027,-209607000.0,0.0,0.0,0.0,0.0,0.0,BALANCED,0.0
2023-03-02,URE,URE,0.0,60.58,0.0235,-209607000.0,0.0,0.0,0.0,0.0,0.0,BALANCED,0.0
2023-03-03,URE,URE,0.0,62.52,0.0321,-209607000.0,0.0,0.0,0.0,0.0,0.0,BALANCED,0.0
2023-03-06,URE,URE,0.0,62.05,-0.0076,-209607000.0,0.0,0.0,0.0,0.0,0.0,BALANCED,0.0
2023-03-07,URE,URE,0.0,59.12,-0.0471,-209607000.0,0.0,0.0,0.0,0.0,0.0,BALANCED,0.0
2023-03-08,URE,URE,0.0,60.45,0.0225,-209607000.0,0.0,0.0,0.0,0.0,0.0,BALANCED,0.0
2023-03-09,URE,URE,0.0,57.65,-0.0463,-209607000.0,0.0,0.0,0.0,0.0,0.0,BALANCED,0.0
2023-03-10,URE,URE,0.0,53.84,-0.0662,-209607000.0,0.0,0.0,0.0,0.0,0.0,BALANCED,0.0
2023-03-13,URE,URE,0.0,55.36,0.0283,-209607000.0,0.0,0.0,0.0,0.0,0.0,BALANCED,0.0
2023-03-14,URE,URE,0.0,56.46,0.0198,-209607000.0,0.0,0.0,0.0,0.0,0.0,BALANCED,0.0
2023-03-15,URE,URE,0.0,56.26,-0.0036,-209607000.0,0.0,0.0,0.0,0.0,0.0,BALANCED,0.0
2023-03-16,URE,URE,0.0,56.16,-0.0018,-209607000.0,0.0,0.0,0.0,0.0,0.0,BALANCED,0.0
2023-03-17,URE,URE,4028000.0,53.71,-0.0437,-205579000.0,4028000.0,0.0,5.2947,4028000.0,4028000.0,ACCUMULATION,100.0
2023-03-20,URE,URE,-4113000.0,54.84,0.021,-209692000.0,0.0,-4113000.0,-3.8448,-85000.0,-85000.0,DISTRIBUTION,-100.0
2023-03-21,URE,URE,0.0,54.11,-0.0133,-209692000.0,0.0,0.0,0.0027,-85000.0,-85000.0,BALANCED,-9.9337
2023-03-22,URE,URE,0.0,50.2,-0.0722,-209692000.0,0.0,0.0,0.0027,-85000.0,-85000.0,BALANCED,-9.9337
2023-03-23,URE,URE,0.0,49.55,-0.013,-209692000.0,0.0,0.0,0.0027,-85000.0,-85000.0,BALANCED,-9.9337
2023-03-24,URE,URE,0.0,52.13,0.0521,-209692000.0,0.0,0.0,0.0027,-4113000.0,-85000.0,BALANCED,-9.9337
2023-03-27,URE,URE,0.0,51.74,-0.0075,-209692000.0,0.0,0.0,0.0027,0.0,-85000.0,BALANCED,0.0663
2023-03-28,URE,URE,0.0,51.46,-0.0054,-209692000.0,0.0,0.0,0.0027,0.0,-85000.0,BALANCED,0.0663
2023-03-29,URE,URE,0.0,53.83,0.046,-209692000.0,0.0,0.0,0.0027,0.0,-85000.0,BALANCED,0.0663
2023-03-30,URE,URE,0.0,55.22,0.0258,-209692000.0,0.0,0.0,0.0027,0.0,-85000.0,BALANCED,0.0663
2023-03-31,URE,URE,0.0,57.65,0.0442,-209692000.0,0.0,0.0,0.0027,0.0,-85000.0,BALANCED,0.0663
2023-04-03,URE,URE,0.0,56.55,-0.0191,-209692000.0,0.0,0.0,0.0027,0.0,-85000.0,BALANCED,0.0663
2023-04-04,URE,URE,0.0,56.56,0.0001,-209692000.0,0.0,0.0,0.0027,0.0,-85000.0,BALANCED,0.0663
2023-04-05,URE,URE,0.0,55.92,-0.0112,-209692000.0,0.0,0.0,0.0027,0.0,-85000.0,BALANCED,0.0663
2023-04-06,URE,URE,0.0,56.7,0.014,-209692000.0,0.0,0.0,0.0027,0.0,-85000.0,BALANCED,0.0663
2023-04-10,URE,URE,0.0,57.24,0.0095,-209692000.0,0.0,0.0,0.0027,0.0,-85000.0,BALANCED,0.0663
2023-04-11,URE,URE,0.0,57.75,0.0089,-209692000.0,0.0,0.0,0.0027,0.0,-85000.0,BALANCED,0.0663
2023-04-12,URE,URE,0.0,57.39,-0.0063,-209692000.0,0.0,0.0,0.0027,0.0,-85000.0,BALANCED,0.0663
2023-04-13,URE,URE,0.0,57.01,-0.0066,-209692000.0,0.0,0.0,0.0027,0.0,-85000.0,BALANCED,0.0663
2023-04-14,URE,URE,0.0,55.08,-0.0338,-209692000.0,0.0,0.0,0.0027,0.0,-85000.0,BALANCED,0.0663
2023-04-17,URE,URE,0.0,57.52,0.0443,-209692000.0,0.0,0.0,0.0027,0.0,-4113000.0,BALANCED,0.0663
2023-04-18,URE,URE,0.0,57.34,-0.0032,-209692000.0,0.0,0.0,0.0027,0.0,0.0,BALANCED,0.0663
2023-04-19,URE,URE,0.0,57.96,0.0108,-209692000.0,0.0,0.0,0.0027,0.0,0.0,BALANCED,0.0663
2023-04-20,URE,URE,0.0,56.55,-0.0242,-209692000.0,0.0,0.0,0.0027,0.0,0.0,BALANCED,0.0663
2023-04-21,URE,URE,0.0,56.73,0.0032,-209692000.0,0.0,0.0,0.0027,0.0,0.0,BALANCED,0.0663
2023-04-24,URE,URE,0.0,56.37,-0.0064,-209692000.0,0.0,0.0,0.0027,0.0,0.0,BALANCED,0.0663
2023-04-25,URE,URE,0.0,55.33,-0.0185,-209692000.0,0.0,0.0,0.0027,0.0,0.0,BALANCED,0.0663
2023-04-26,URE,URE,0.0,54.41,-0.0167,-209692000.0,0.0,0.0,0.0027,0.0,0.0,BALANCED,0.0663
2023-04-27,URE,URE,0.0,57.02,0.048,-209692000.0,0.0,0.0,0.0027,0.0,0.0,BALANCED,0.0663
2023-04-28,URE,URE,0.0,58.34,0.0232,-209692000.0,0.0,0.0,0.0027,0.0,0.0,BALANCED,0.0663
2023-05-01,URE,URE,0.0,57.25,-0.0187,-209692000.0,0.0,0.0,0.1826,0.0,0.0,BALANCED,4.5644
2023-05-02,URE,URE,0.0,55.25,-0.0349,-209692000.0,0.0,0.0,0.0,0.0,0.0,BALANCED,0.0
2023-05-03,URE,URE,0.0,54.58,-0.0121,-209692000.0,0.0,0.0,0.0,0.0,0.0,BALANCED,0.0
2023-05-04,URE,URE,0.0,55.56,0.0178,-209692000.0,0.0,0.0,0.0,0.0,0.0,BALANCED,0.0
2023-05-05,URE,URE,0.0,57.27,0.0308,-209692000.0,0.0,0.0,0.0,0.0,0.0,BALANCED,0.0
2023-05-08,URE,URE,0.0,56.47,-0.0139,-209692000.0,0.0,0.0,0.0,0.0,0.0,BALANCED,0.0
2023-05-09,URE,URE,0.0,56.02,-0.008,-209692000.0,0.0,0.0,0.0,0.0,0.0,BALANCED,0.0
2023-05-10,URE,URE,0.0,57.12,0.0195,-209692000.0,0.0,0.0,0.0,0.0,0.0,BALANCED,0.0
2023-05-11,URE,URE,0.0,55.92,-0.021,-209692000.0,0.0,0.0,0.0,0.0,0.0,BALANCED,0.0
2023-05-12,URE,URE,0.0,56.07,0.0028,-209692000.0,0.0,0.0,0.0,0.0,0.0,BALANCED,0.0
2023-05-15,URE,URE,0.0,55.84,-0.0042,-209692000.0,0.0,0.0,0.0,0.0,0.0,BALANCED,0.0
2023-05-16,URE,URE,0.0,52.91,-0.0524,-209692000.0,0.0,0.0,0.0,0.0,0.0,BALANCED,0.0
2023-05-17,URE,URE,0.0,54.27,0.0256,-209692000.0,0.0,0.0,0.0,0.0,0.0,BALANCED,0.0
2023-05-18,URE,URE,0.0,53.5,-0.0141,-209692000.0,0.0,0.0,0.0,0.0,0.0,BALANCED,0.0
2023-05-19,URE,URE,0.0,53.33,-0.0032,-209692000.0,0.0,0.0,0.0,0.0,0.0,BALANCED,0.0
2023-05-22,URE,URE,0.0,54.03,0.0132,-209692000.0,0.0,0.0,0.0,0.0,0.0,BALANCED,0.0
2023-05-23,URE,URE,0.0,52.68,-0.0251,-209692000.0,0.0,0.0,0.0,0.0,0.0,BALANCED,0.0
2023-05-24,URE,URE,0.0,50.34,-0.0444,-209692000.0,0.0,0.0,0.0,0.0,0.0,BALANCED,0.0
2023-05-25,URE,URE,0.0,50.59,0.005,-209692000.0,0.0,0.0,0.0,0.0,0.0,BALANCED,0.0
2023-05-26,URE,URE,0.0,51.76,0.0232,-209692000.0,0.0,0.0,0.0,0.0,0.0,BALANCED,0.0
2023-05-30,URE,URE,0.0,52.03,0.0052,-209692000.0,0.0,0.0,0.0,0.0,0.0,BALANCED,0.0
2023-05-31,URE,URE,0.0,52.72,0.0133,-209692000.0,0.0,0.0,0.0,0.0,0.0,BALANCED,0.0
2023-06-01,URE,URE,0.0,52.74,0.0004,-209692000.0,0.0,0.0,0.0,0.0,0.0,BALANCED,0.0
2023-06-02,URE,URE,0.0,54.92,0.0414,-209692000.0,0.0,0.0,0.0,0.0,0.0,BALANCED,0.0
2023-06-05,URE,URE,0.0,54.34,-0.0106,-209692000.0,0.0,0.0,0.0,0.0,0.0,BALANCED,0.0
2023-06-06,URE,URE,0.0,55.05,0.013,-209692000.0,0.0,0.0,0.0,0.0,0.0,BALANCED,0.0
2023-06-07,URE,URE,0.0,56.99,0.0352,-209692000.0,0.0,0.0,0.0,0.0,0.0,BALANCED,0.0
2023-06-08,URE,URE,0.0,56.32,-0.0117,-209692000.0,0.0,0.0,0.0,0.0,0.0,BALANCED,0.0
2023-06-09,URE,URE,0.0,55.67,-0.0116,-209692000.0,0.0,0.0,0.0,0.0,0.0,BALANCED,0.0
2023-06-12,URE,URE,0.0,55.69,0.0003,-209692000.0,0.0,0.0,0.0,0.0,0.0,BALANCED,0.0
2023-06-13,URE,URE,0.0,56.43,0.0134,-209692000.0,0.0,0.0,0.0,0.0,0.0,BALANCED,0.0
2023-06-14,URE,URE,0.0,56.97,0.0094,-209692000.0,0.0,0.0,0.0,0.0,0.0,BALANCED,0.0
2023-06-15,URE,URE,0.0,57.51,0.0096,-209692000.0,0.0,0.0,0.0,0.0,0.0,BALANCED,0.0
2023-06-16,URE,URE,0.0,57.37,-0.0025,-209692000.0,0.0,0.0,0.0,0.0,0.0,BALANCED,0.0
2023-06-20,URE,URE,0.0,56.08,-0.0224,-209692000.0,0.0,0.0,0.0,0.0,0.0,BALANCED,0.0
2023-06-21,URE,URE,0.0,55.51,-0.008,-209692000.0,0.0,0.0,0.0,0.0,0.0,BALANCED,0.0
2023-06-22,URE,URE,0.0,53.88,-0.0293,-209692000.0,0.0,0.0,0.0,0.0,0.0,BALANCED,0.0
2023-06-23,URE,URE,0.0,52.71,-0.0217,-209692000.0,0.0,0.0,0.0,0.0,0.0,BALANCED,0.0
2023-06-26,URE,URE,0.0,55.04,0.0441,-209692000.0,0.0,0.0,0.0,0.0,0.0,BALANCED,0.0
2023-06-27,URE,URE,0.0,56.24,0.0219,-209692000.0,0.0,0.0,0.0,0.0,0.0,BALANCED,0.0
2023-06-28,URE,URE,0.0,56.47,0.004,-209692000.0,0.0,0.0,0.0,0.0,0.0,BALANCED,0.0
2023-06-29,URE,URE,0.0,57.53,0.0187,-209692000.0,0.0,0.0,0.0,0.0,0.0,BALANCED,0.0
2023-06-30,URE,URE,-1453000.0,58.13,0.0105,-211145000.0,0.0,-1453000.0,-5.2947,-1453000.0,-1453000.0,DISTRIBUTION,-100.0
2023-07-03,URE,URE,0.0,59.11,0.0168,-211145000.0,0.0,0.0,0.1826,-1453000.0,-1453000.0,BALANCED,-5.4356
2023-07-05,URE,URE,0.0,59.64,0.0091,-211145000.0,0.0,0.0,0.1826,-1453000.0,-1453000.0,BALANCED,-5.4356
2023-07-06,URE,URE,0.0,58.89,-0.0126,-211145000.0,0.0,0.0,0.1826,-1453000.0,-1453000.0,BALANCED,-5.4356
2023-07-07,URE,URE,-1458000.0,58.31,-0.0099,-212603000.0,0.0,-1458000.0,-3.6855,-2911000.0,-2911000.0,DISTRIBUTION,-100.0
2023-07-10,URE,URE,0.0,58.7,0.0068,-212603000.0,0.0,0.0,0.2628,-1458000.0,-2911000.0,BALANCED,-3.4308
2023-07-11,URE,URE,0.0,60.06,0.0231,-212603000.0,0.0,0.0,0.2628,-1458000.0,-2911000.0,BALANCED,-3.4308
2023-07-12,URE,URE,0.0,60.59,0.0088,-212603000.0,0.0,0.0,0.2628,-1458000.0,-2911000.0,BALANCED,-3.4308
2023-07-13,URE,URE,0.0,61.39,0.0133,-212603000.0,0.0,0.0,0.2628,-1458000.0,-2911000.0,BALANCED,-3.4308
2023-07-14,URE,URE,0.0,61.36,-0.0006,-212603000.0,0.0,0.0,0.2628,0.0,-2911000.0,BALANCED,6.5692
2023-07-17,URE,URE,0.0,60.32,-0.0169,-212603000.0,0.0,0.0,0.2628,0.0,-2911000.0,BALANCED,6.5692
2023-07-18,URE,URE,0.0,59.32,-0.0166,-212603000.0,0.0,0.0,0.2628,0.0,-2911000.0,BALANCED,6.5692
2023-07-19,URE,URE,0.0,60.63,0.0221,-212603000.0,0.0,0.0,0.2628,0.0,-2911000.0,BALANCED,6.5692
2023-07-20,URE,URE,0.0,60.11,-0.0085,-212603000.0,0.0,0.0,0.2628,0.0,-2911000.0,BALANCED,6.5692
2023-07-21,URE,URE,0.0,60.63,0.0086,-212603000.0,0.0,0.0,0.2628,0.0,-2911000.0,BALANCED,6.5692
2023-07-24,URE,URE,0.0,61.82,0.0197,-212603000.0,0.0,0.0,0.2628,0.0,-2911000.0,BALANCED,6.5692
2023-07-25,URE,URE,0.0,60.89,-0.0151,-212603000.0,0.0,0.0,0.2628,0.0,-2911000.0,BALANCED,6.5692
2023-07-26,URE,URE,0.0,61.3,0.0067,-212603000.0,0.0,0.0,0.2628,0.0,-2911000.0,BALANCED,6.5692
2023-07-27,URE,URE,0.0,58.66,-0.0431,-212603000.0,0.0,0.0,0.2628,0.0,-2911000.0,BALANCED,6.5692
2023-07-28,URE,URE,0.0,58.35,-0.0053,-212603000.0,0.0,0.0,0.2628,0.0,-2911000.0,BALANCED,6.5692
2023-07-31,URE,URE,0.0,59.17,0.0142,-212603000.0,0.0,0.0,0.2628,0.0,-1458000.0,BALANCED,6.5692
2023-08-01,URE,URE,0.0,59.02,-0.0027,-212603000.0,0.0,0.0,0.2628,0.0,-1458000.0,BALANCED,6.5692
2023-08-02,URE,URE,0.0,58.48,-0.0091,-212603000.0,0.0,0.0,0.2628,0.0,-1458000.0,BALANCED,6.5692
2023-08-03,URE,URE,0.0,56.86,-0.0276,-212603000.0,0.0,0.0,0.2628,0.0,-1458000.0,BALANCED,6.5692
2023-08-04,URE,URE,0.0,55.74,-0.0197,-212603000.0,0.0,0.0,0.2628,0.0,0.0,BALANCED,6.5692
2023-08-07,URE,URE,0.0,57.11,0.0244,-212603000.0,0.0,0.0,0.2628,0.0,0.0,BALANCED,6.5692
2023-08-08,URE,URE,0.0,56.57,-0.0093,-212603000.0,0.0,0.0,0.2628,0.0,0.0,BALANCED,6.5692
2023-08-09,URE,URE,0.0,56.78,0.0037,-212603000.0,0.0,0.0,0.2628,0.0,0.0,BALANCED,6.5692
2023-08-10,URE,URE,0.0,56.4,-0.0068,-212603000.0,0.0,0.0,0.2628,0.0,0.0,BALANCED,6.5692
2023-08-11,URE,URE,0.0,56.59,0.0035,-212603000.0,0.0,0.0,0.2628,0.0,0.0,BALANCED,6.5692
2023-08-14,URE,URE,0.0,56.01,-0.0103,-212603000.0,0.0,0.0,0.1826,0.0,0.0,BALANCED,4.5644
2023-08-15,URE,URE,0.0,54.8,-0.0215,-212603000.0,0.0,0.0,0.1826,0.0,0.0,BALANCED,4.5644
2023-08-16,URE,URE,0.0,53.46,-0.0244,-212603000.0,0.0,0.0,0.1826,0.0,0.0,BALANCED,4.5644
2023-08-17,URE,URE,0.0,52.63,-0.0156,-212603000.0,0.0,0.0,0.1826,0.0,0.0,BALANCED,4.5644
2023-08-18,URE,URE,0.0,52.91,0.0053,-212603000.0,0.0,0.0,0.0,0.0,0.0,BALANCED,0.0
2023-08-21,URE,URE,0.0,51.97,-0.0178,-212603000.0,0.0,0.0,0.0,0.0,0.0,BALANCED,0.0
2023-08-22,URE,URE,0.0,52.29,0.0062,-212603000.0,0.0,0.0,0.0,0.0,0.0,BALANCED,0.0
2023-08-23,URE,URE,0.0,53.82,0.0293,-212603000.0,0.0,0.0,0.0,0.0,0.0,BALANCED,0.0
2023-08-24,URE,URE,0.0,53.35,-0.0088,-212603000.0,0.0,0.0,0.0,0.0,0.0,BALANCED,0.0
2023-08-25,URE,URE,0.0,53.62,0.0052,-212603000.0,0.0,0.0,0.0,0.0,0.0,BALANCED,0.0
2023-08-28,URE,URE,0.0,54.44,0.0152,-212603000.0,0.0,0.0,0.0,0.0,0.0,BALANCED,0.0
2023-08-29,URE,URE,0.0,55.69,0.0229,-212603000.0,0.0,0.0,0.0,0.0,0.0,BALANCED,0.0
2023-08-30,URE,URE,0.0,56.06,0.0067,-212603000.0,0.0,0.0,0.0,0.0,0.0,BALANCED,0.0
2023-08-31,URE,URE,0.0,55.2,-0.0153,-212603000.0,0.0,0.0,0.0,0.0,0.0,BALANCED,0.0
2023-09-01,URE,URE,0.0,55.11,-0.0016,-212603000.0,0.0,0.0,0.0,0.0,0.0,BALANCED,0.0
2023-09-05,URE,URE,0.0,54.05,-0.0193,-212603000.0,0.0,0.0,0.0,0.0,0.0,BALANCED,0.0
2023-09-06,URE,URE,0.0,53.81,-0.0045,-212603000.0,0.0,0.0,0.0,0.0,0.0,BALANCED,0.0
2023-09-07,URE,URE,0.0,54.61,0.0149,-212603000.0,0.0,0.0,0.0,0.0,0.0,BALANCED,0.0
2023-09-08,URE,URE,0.0,53.92,-0.0127,-212603000.0,0.0,0.0,0.0,0.0,0.0,BALANCED,0.0
2023-09-11,URE,URE,0.0,53.93,0.0002,-212603000.0,0.0,0.0,0.0,0.0,0.0,BALANCED,0.0
2023-09-12,URE,URE,0.0,53.93,0.0002,-212603000.0,0.0,0.0,0.0,0.0,0.0,BALANCED,0.0
2023-09-13,URE,URE,0.0,52.82,-0.0206,-212603000.0,0.0,0.0,0.0,0.0,0.0,BALANCED,0.0
2023-09-14,URE,URE,0.0,54.76,0.0367,-212603000.0,0.0,0.0,0.0,0.0,0.0,BALANCED,0.0
2023-09-15,URE,URE,0.0,54.29,-0.0086,-212603000.0,0.0,0.0,0.0,0.0,0.0,BALANCED,0.0
2023-09-18,URE,URE,0.0,53.39,-0.0165,-212603000.0,0.0,0.0,0.0,0.0,0.0,BALANCED,0.0
2023-09-19,URE,URE,0.0,52.78,-0.0114,-212603000.0,0.0,0.0,0.0,0.0,0.0,BALANCED,0.0
2023-09-20,URE,URE,0.0,52.7,0.0033,-212603000.0,0.0,0.0,0.0,0.0,0.0,BALANCED,0.0
2023-09-21,URE,URE,0.0,49.01,-0.07,-212603000.0,0.0,0.0,0.0,0.0,0.0,BALANCED,0.0
2023-09-22,URE,URE,0.0,48.29,-0.0146,-212603000.0,0.0,0.0,0.0,0.0,0.0,BALANCED,0.0
2023-09-25,URE,URE,0.0,48.14,-0.0032,-212603000.0,0.0,0.0,0.0,0.0,0.0,BALANCED,0.0
2023-09-26,URE,URE,0.0,46.42,-0.0358,-212603000.0,0.0,0.0,0.0,0.0,0.0,BALANCED,0.0
2023-09-27,URE,URE,0.0,45.65,-0.0167,-212603000.0,0.0,0.0,0.0,0.0,0.0,BALANCED,0.0
2023-09-28,URE,URE,0.0,46.49,0.0186,-212603000.0,0.0,0.0,0.0,0.0,0.0,BALANCED,0.0
2023-09-29,URE,URE,0.0,46.85,0.0077,-212603000.0,0.0,0.0,0.0,0.0,0.0,BALANCED,0.0
2023-10-02,URE,URE,0.0,45.19,-0.0353,-212603000.0,0.0,0.0,0.0,0.0,0.0,BALANCED,0.0
2023-10-03,URE,URE,0.0,43.47,-0.0382,-212603000.0,0.0,0.0,0.0,0.0,0.0,BALANCED,0.0
2023-10-04,URE,URE,0.0,44.44,0.0225,-212603000.0,0.0,0.0,0.0,0.0,0.0,BALANCED,0.0
2023-10-05,URE,URE,0.0,45.0,0.0125,-212603000.0,0.0,0.0,0.0,0.0,0.0,BALANCED,0.0
2023-10-06,URE,URE,0.0,45.31,0.0069,-212603000.0,0.0,0.0,0.0,0.0,0.0,BALANCED,0.0
2023-10-09,URE,URE,0.0,46.49,0.026,-212603000.0,0.0,0.0,0.0,0.0,0.0,BALANCED,0.0
2023-10-10,URE,URE,0.0,46.84,0.0076,-212603000.0,0.0,0.0,0.0,0.0,0.0,BALANCED,0.0
2023-10-11,URE,URE,0.0,48.71,0.04,-212603000.0,0.0,0.0,0.0,0.0,0.0,BALANCED,0.0
2023-10-12,URE,URE,0.0,47.43,-0.0263,-212603000.0,0.0,0.0,0.0,0.0,0.0,BALANCED,0.0
2023-10-13,URE,URE,0.0,47.38,-0.001,-212603000.0,0.0,0.0,0.0,0.0,0.0,BALANCED,0.0
2023-10-16,URE,URE,0.0,48.34,0.0202,-212603000.0,0.0,0.0,0.0,0.0,0.0,BALANCED,0.0
2023-10-17,URE,URE,0.0,47.81,-0.011,-212603000.0,0.0,0.0,0.0,0.0,0.0,BALANCED,0.0
2023-10-18,URE,URE,0.0,45.71,-0.0438,-212603000.0,0.0,0.0,0.0,0.0,0.0,BALANCED,0.0
2023-10-19,URE,URE,0.0,43.44,-0.0497,-212603000.0,0.0,0.0,0.0,0.0,0.0,BALANCED,0.0
2023-10-20,URE,URE,0.0,42.96,-0.011,-212603000.0,0.0,0.0,0.0,0.0,0.0,BALANCED,0.0
2023-10-23,URE,URE,0.0,42.22,-0.0172,-212603000.0,0.0,0.0,0.0,0.0,0.0,BALANCED,0.0
2023-10-24,URE,URE,0.0,43.22,0.0237,-212603000.0,0.0,0.0,0.0,0.0,0.0,BALANCED,0.0
2023-10-25,URE,URE,0.0,41.42,-0.0416,-212603000.0,0.0,0.0,0.0,0.0,0.0,BALANCED,0.0
2023-10-26,URE,URE,0.0,43.17,0.0423,-212603000.0,0.0,0.0,0.0,0.0,0.0,BALANCED,0.0
2023-10-27,URE,URE,0.0,41.78,-0.0323,-212603000.0,0.0,0.0,0.0,0.0,0.0,BALANCED,0.0
2023-10-30,URE,URE,0.0,42.02,0.0058,-212603000.0,0.0,0.0,0.0,0.0,0.0,BALANCED,0.0
2023-10-31,URE,URE,0.0,43.74,0.0409,-212603000.0,0.0,0.0,0.0,0.0,0.0,BALANCED,0.0
2023-11-01,URE,URE,0.0,44.17,0.01,-212603000.0,0.0,0.0,0.0,0.0,0.0,BALANCED,0.0
2023-11-02,URE,URE,0.0,46.87,0.0611,-212603000.0,0.0,0.0,0.0,0.0,0.0,BALANCED,0.0
2023-11-03,URE,URE,0.0,49.07,0.0468,-212603000.0,0.0,0.0,0.0,0.0,0.0,BALANCED,0.0
2023-11-06,URE,URE,0.0,47.69,-0.028,-212603000.0,0.0,0.0,0.0,0.0,0.0,BALANCED,0.0
2023-11-07,URE,URE,0.0,46.85,-0.0177,-212603000.0,0.0,0.0,0.0,0.0,0.0,BALANCED,0.0
2023-11-08,URE,URE,0.0,47.38,0.0113,-212603000.0,0.0,0.0,0.0,0.0,0.0,BALANCED,0.0
2023-11-09,URE,URE,0.0,45.92,-0.0309,-212603000.0,0.0,0.0,0.0,0.0,0.0,BALANCED,0.0
2023-11-10,URE,URE,0.0,46.92,0.0218,-212603000.0,0.0,0.0,0.0,0.0,0.0,BALANCED,0.0
2023-11-13,URE,URE,0.0,46.17,-0.016,-212603000.0,0.0,0.0,0.0,0.0,0.0,BALANCED,0.0
2023-11-14,URE,URE,0.0,51.12,0.1072,-212603000.0,0.0,0.0,0.0,0.0,0.0,BALANCED,0.0
2023-11-15,URE,URE,0.0,51.29,0.0032,-212603000.0,0.0,0.0,0.0,0.0,0.0,BALANCED,0.0
2023-11-16,URE,URE,0.0,51.29,-0.0001,-212603000.0,0.0,0.0,0.0,0.0,0.0,BALANCED,0.0
2023-11-17,URE,URE,0.0,51.08,-0.0041,-212603000.0,0.0,0.0,0.0,0.0,0.0,BALANCED,0.0
2023-11-20,URE,URE,0.0,51.87,0.0156,-212603000.0,0.0,0.0,0.0,0.0,0.0,BALANCED,0.0
2023-11-21,URE,URE,0.0,51.36,-0.0098,-212603000.0,0.0,0.0,0.0,0.0,0.0,BALANCED,0.0
2023-11-22,URE,URE,0.0,51.71,0.0067,-212603000.0,0.0,0.0,0.0,0.0,0.0,BALANCED,0.0
2023-11-24,URE,URE,0.0,52.07,0.007,-212603000.0,0.0,0.0,0.0,0.0,0.0,BALANCED,0.0
2023-11-27,URE,URE,0.0,52.45,0.0073,-212603000.0,0.0,0.0,0.0,0.0,0.0,BALANCED,0.0
2023-11-28,URE,URE,0.0,52.98,0.0101,-212603000.0,0.0,0.0,0.0,0.0,0.0,BALANCED,0.0
2023-11-29,URE,URE,0.0,53.74,0.0144,-212603000.0,0.0,0.0,0.0,0.0,0.0,BALANCED,0.0
2023-11-30,URE,URE,0.0,54.64,0.0166,-212603000.0,0.0,0.0,0.0,0.0,0.0,BALANCED,0.0
2023-12-01,URE,URE,0.0,56.93,0.042,-212603000.0,0.0,0.0,0.0,0.0,0.0,BALANCED,0.0
2023-12-04,URE,URE,0.0,57.52,0.0104,-212603000.0,0.0,0.0,0.0,0.0,0.0,BALANCED,0.0
2023-12-05,URE,URE,0.0,56.99,-0.0093,-212603000.0,0.0,0.0,0.0,0.0,0.0,BALANCED,0.0
2023-12-06,URE,URE,0.0,56.61,-0.0067,-212603000.0,0.0,0.0,0.0,0.0,0.0,BALANCED,0.0
2023-12-07,URE,URE,0.0,56.75,0.0025,-212603000.0,0.0,0.0,0.0,0.0,0.0,BALANCED,0.0
2023-12-08,URE,URE,0.0,56.48,-0.0048,-212603000.0,0.0,0.0,0.0,0.0,0.0,BALANCED,0.0
2023-12-11,URE,URE,0.0,56.84,0.0063,-212603000.0,0.0,0.0,0.0,0.0,0.0,BALANCED,0.0
2023-12-12,URE,URE,0.0,56.83,-0.0002,-212603000.0,0.0,0.0,0.0,0.0,0.0,BALANCED,0.0
2023-12-13,URE,URE,0.0,60.9,0.0717,-212603000.0,0.0,0.0,0.0,0.0,0.0,BALANCED,0.0
2023-12-14,URE,URE,0.0,64.28,0.0554,-212603000.0,0.0,0.0,0.0,0.0,0.0,BALANCED,0.0
2023-12-15,URE,URE,0.0,62.77,-0.0234,-212603000.0,0.0,0.0,0.0,0.0,0.0,BALANCED,0.0
2023-12-18,URE,URE,0.0,62.31,-0.0073,-212603000.0,0.0,0.0,0.0,0.0,0.0,BALANCED,0.0
2023-12-19,URE,URE,-1579000.0,63.17,0.0138,-214182000.0,0.0,-1579000.0,-5.2947,-1579000.0,-1579000.0,DISTRIBUTION,-100.0
2023-12-20,URE,URE,0.0,61.1,-0.0255,-214182000.0,0.0,0.0,0.1826,-1579000.0,-1579000.0,BALANCED,-5.4356
2023-12-21,URE,URE,0.0,62.17,0.0176,-214182000.0,0.0,0.0,0.1826,-1579000.0,-1579000.0,BALANCED,-5.4356
2023-12-22,URE,URE,0.0,62.56,0.0062,-214182000.0,0.0,0.0,0.1826,-1579000.0,-1579000.0,BALANCED,-5.4356
2023-12-26,URE,URE,0.0,63.54,0.0157,-214182000.0,0.0,0.0,0.1826,-1579000.0,-1579000.0,BALANCED,-5.4356
2023-12-27,URE,URE,0.0,64.22,0.0106,-214182000.0,0.0,0.0,0.1826,0.0,-1579000.0,BALANCED,4.5644
2023-12-28,URE,URE,0.0,64.94,0.0112,-214182000.0,0.0,0.0,0.1826,0.0,-1579000.0,BALANCED,4.5644
2023-12-29,URE,URE,0.0,63.51,-0.0219,-214182000.0,0.0,0.0,0.1826,0.0,-1579000.0,BALANCED,4.5644
2024-01-02,URE,URE,0.0,64.68,0.0183,-214182000.0,0.0,0.0,0.1826,0.0,-1579000.0,BALANCED,4.5644
2024-01-03,URE,URE,0.0,61.62,-0.0473,-214182000.0,0.0,0.0,0.1826,0.0,-1579000.0,BALANCED,4.5644
2024-01-04,URE,URE,0.0,61.33,-0.0048,-214182000.0,0.0,0.0,0.1826,0.0,-1579000.0,BALANCED,4.5644
2024-01-05,URE,URE,1527000.0,61.08,-0.0041,-212655000.0,1527000.0,0.0,3.7479,1527000.0,-52000.0,ACCUMULATION,100.0
2024-01-08,URE,URE,0.0,62.8,0.0283,-212655000.0,0.0,0.0,0.0042,1527000.0,-52000.0,BALANCED,10.1062
2024-01-09,URE,URE,0.0,61.89,-0.0146,-212655000.0,0.0,0.0,0.0042,1527000.0,-52000.0,BALANCED,10.1062
2024-01-10,URE,URE,0.0,62.04,0.0025,-212655000.0,0.0,0.0,0.0042,1527000.0,-52000.0,BALANCED,10.1062
2024-01-11,URE,URE,0.0,60.83,-0.0196,-212655000.0,0.0,0.0,0.0042,1527000.0,-52000.0,BALANCED,10.1062
2024-01-12,URE,URE,0.0,61.76,0.0154,-212655000.0,0.0,0.0,0.0042,0.0,-52000.0,BALANCED,0.1062
2024-01-16,URE,URE,0.0,60.99,-0.0124,-212655000.0,0.0,0.0,0.0042,0.0,-52000.0,BALANCED,0.1062
2024-01-17,URE,URE,0.0,58.7,-0.0377,-212655000.0,0.0,0.0,0.0042,0.0,-52000.0,BALANCED,0.1062
2024-01-18,URE,URE,0.0,57.95,-0.0127,-212655000.0,0.0,0.0,0.0042,0.0,-52000.0,BALANCED,0.1062
2024-01-19,URE,URE,0.0,59.06,0.0191,-212655000.0,0.0,0.0,0.0042,0.0,1527000.0,BALANCED,0.1062
2024-01-22,URE,URE,0.0,59.56,0.0085,-212655000.0,0.0,0.0,0.0042,0.0,1527000.0,BALANCED,0.1062
2024-01-23,URE,URE,0.0,58.94,-0.0104,-212655000.0,0.0,0.0,0.0042,0.0,1527000.0,BALANCED,0.1062
2024-01-24,URE,URE,0.0,57.33,-0.0274,-212655000.0,0.0,0.0,0.0042,0.0,1527000.0,BALANCED,0.1062
2024-01-25,URE,URE,0.0,58.79,0.0255,-212655000.0,0.0,0.0,0.0042,0.0,1527000.0,BALANCED,0.1062
2024-01-26,URE,URE,0.0,58.34,-0.0076,-212655000.0,0.0,0.0,0.0042,0.0,1527000.0,BALANCED,0.1062
2024-01-29,URE,URE,0.0,59.12,0.0133,-212655000.0,0.0,0.0,0.0042,0.0,1527000.0,BALANCED,0.1062
2024-01-30,URE,URE,0.0,58.03,-0.0185,-212655000.0,0.0,0.0,0.0042,0.0,1527000.0,BALANCED,0.1062
2024-01-31,URE,URE,0.0,57.22,-0.014,-212655000.0,0.0,0.0,0.0042,0.0,1527000.0,BALANCED,0.1062
2024-02-01,URE,URE,0.0,59.19,0.0344,-212655000.0,0.0,0.0,0.0042,0.0,1527000.0,BALANCED,0.1062
2024-02-02,URE,URE,0.0,57.68,-0.0254,-212655000.0,0.0,0.0,-0.1826,0.0,1527000.0,BALANCED,-4.5644
2024-02-05,URE,URE,0.0,55.37,-0.0401,-212655000.0,0.0,0.0,-0.1826,0.0,0.0,BALANCED,-4.5644
2024-02-06,URE,URE,0.0,57.01,0.0297,-212655000.0,0.0,0.0,-0.1826,0.0,0.0,BALANCED,-4.5644
2024-02-07,URE,URE,0.0,56.93,-0.0014,-212655000.0,0.0,0.0,-0.1826,0.0,0.0,BALANCED,-4.5644
2024-02-08,URE,URE,0.0,57.54,0.0107,-212655000.0,0.0,0.0,-0.1826,0.0,0.0,BALANCED,-4.5644
2024-02-09,URE,URE,-1446000.0,57.85,0.0054,-214101000.0,0.0,-1446000.0,-3.7098,-1446000.0,-1446000.0,DISTRIBUTION,-100.0
2024-02-12,URE,URE,0.0,57.41,-0.0076,-214101000.0,0.0,0.0,-0.0069,-1446000.0,-1446000.0,BALANCED,-10.1729
2024-02-13,URE,URE,0.0,55.32,-0.0365,-214101000.0,0.0,0.0,-0.0069,-1446000.0,-1446000.0,BALANCED,-10.1729
2024-02-14,URE,URE,0.0,56.08,0.0138,-214101000.0,0.0,0.0,-0.0069,-1446000.0,-1446000.0,BALANCED,-10.1729
2024-02-15,URE,URE,0.0,58.7,0.0466,-214101000.0,0.0,0.0,-0.0069,-1446000.0,-1446000.0,BALANCED,-10.1729
2024-02-16,URE,URE,0.0,57.52,-0.02,-214101000.0,0.0,0.0,-0.0069,0.0,-1446000.0,BALANCED,-0.1729
2024-02-20,URE,URE,0.0,57.31,-0.0038,-214101000.0,0.0,0.0,0.1826,0.0,-1446000.0,BALANCED,4.5644
2024-02-21,URE,URE,0.0,58.11,0.0141,-214101000.0,0.0,0.0,0.1826,0.0,-1446000.0,BALANCED,4.5644
2024-02-22,URE,URE,0.0,58.4,0.005,-214101000.0,0.0,0.0,0.1826,0.0,-1446000.0,BALANCED,4.5644
2024-02-23,URE,URE,0.0,58.51,0.0018,-214101000.0,0.0,0.0,0.1826,0.0,-1446000.0,BALANCED,4.5644
2024-02-26,URE,URE,0.0,57.15,-0.0231,-214101000.0,0.0,0.0,0.1826,0.0,-1446000.0,BALANCED,4.5644
2024-02-27,URE,URE,0.0,57.23,0.0013,-214101000.0,0.0,0.0,0.1826,0.0,-1446000.0,BALANCED,4.5644
2024-02-28,URE,URE,0.0,58.68,0.0254,-214101000.0,0.0,0.0,0.1826,0.0,-1446000.0,BALANCED,4.5644
2024-02-29,URE,URE,0.0,59.67,0.0168,-214101000.0,0.0,0.0,0.1826,0.0,-1446000.0,BALANCED,4.5644
2024-03-01,URE,URE,0.0,60.95,0.0215,-214101000.0,0.0,0.0,0.1826,0.0,-1446000.0,BALANCED,4.5644
2024-03-04,URE,URE,0.0,62.24,0.0211,-214101000.0,0.0,0.0,0.1826,0.0,-1446000.0,BALANCED,4.5644
2024-03-05,URE,URE,0.0,60.69,-0.0249,-214101000.0,0.0,0.0,0.1826,0.0,-1446000.0,BALANCED,4.5644
2024-03-06,URE,URE,0.0,61.36,0.0111,-214101000.0,0.0,0.0,0.1826,0.0,-1446000.0,BALANCED,4.5644
2024-03-07,URE,URE,-1534000.0,61.36,0.0,-215635000.0,0.0,-1534000.0,-3.7934,-1534000.0,-2980000.0,DISTRIBUTION,-100.0
2024-03-08,URE,URE,0.0,62.74,0.0225,-215635000.0,0.0,0.0,0.2626,-1534000.0,-2980000.0,BALANCED,-3.4338
2024-03-11,URE,URE,0.0,62.11,-0.01,-215635000.0,0.0,0.0,0.2626,-1534000.0,-1534000.0,BALANCED,-3.4338
2024-03-12,URE,URE,0.0,61.73,-0.0062,-215635000.0,0.0,0.0,0.2626,-1534000.0,-1534000.0,BALANCED,-3.4338
2024-03-13,URE,URE,0.0,60.99,-0.012,-215635000.0,0.0,0.0,0.2626,-1534000.0,-1534000.0,BALANCED,-3.4338
2024-03-14,URE,URE,0.0,59.18,-0.0297,-215635000.0,0.0,0.0,0.2626,0.0,-1534000.0,BALANCED,6.5662
2024-03-15,URE,URE,0.0,59.17,-0.0001,-215635000.0,0.0,0.0,0.2626,0.0,-1534000.0,BALANCED,6.5662
2024-03-18,URE,URE,0.0,59.14,-0.0005,-215635000.0,0.0,0.0,0.2626,0.0,-1534000.0,BALANCED,6.5662
2024-03-19,URE,URE,2957000.0,59.13,-0.0001,-212678000.0,2957000.0,0.0,4.3861,2957000.0,1423000.0,ACCUMULATION,100.0
2024-03-20,URE,URE,0.0,59.58,0.0084,-212678000.0,0.0,0.0,0.0011,2957000.0,1423000.0,BALANCED,10.0284
2024-03-21,URE,URE,0.0,60.07,0.0081,-212678000.0,0.0,0.0,0.0011,2957000.0,1423000.0,BALANCED,10.0284
2024-03-22,URE,URE,0.0,58.6,-0.0244,-212678000.0,0.0,0.0,0.0011,2957000.0,1423000.0,BALANCED,10.0284
2024-03-25,URE,URE,0.0,58.1,-0.0086,-212678000.0,0.0,0.0,-0.0769,2957000.0,1423000.0,BALANCED,8.0772
2024-03-26,URE,URE,0.0,57.56,-0.0093,-212678000.0,0.0,0.0,-0.0769,0.0,1423000.0,BALANCED,-1.9228
2024-03-27,URE,URE,0.0,60.45,0.0502,-212678000.0,0.0,0.0,-0.0769,0.0,1423000.0,BALANCED,-1.9228
2024-03-28,URE,URE,0.0,61.32,0.0144,-212678000.0,0.0,0.0,-0.0769,0.0,1423000.0,BALANCED,-1.9228
2024-04-01,URE,URE,-1479000.0,59.14,-0.0356,-214157000.0,0.0,-1479000.0,-2.1825,-1479000.0,-56000.0,DISTRIBUTION,-66.5618
2024-04-02,URE,URE,0.0,57.8,-0.0227,-214157000.0,0.0,0.0,0.0028,-1479000.0,-56000.0,BALANCED,-9.931
2024-04-03,URE,URE,0.0,57.86,0.001,-214157000.0,0.0,0.0,0.0028,-1479000.0,-56000.0,BALANCED,-9.931
2024-04-04,URE,URE,0.0,56.92,-0.0162,-214157000.0,0.0,0.0,0.0028,-1479000.0,-56000.0,BALANCED,-9.931
2024-04-05,URE,URE,0.0,57.65,0.0128,-214157000.0,0.0,0.0,0.0028,-1479000.0,1478000.0,BALANCED,-9.931
2024-04-08,URE,URE,-1465000.0,58.58,0.0162,-215622000.0,0.0,-1465000.0,-1.9437,-1465000.0,13000.0,DISTRIBUTION,-60.5933
2024-04-09,URE,URE,0.0,60.09,0.0258,-215622000.0,0.0,0.0,0.0697,-1465000.0,13000.0,BALANCED,-8.258
2024-04-10,URE,URE,0.0,55.18,-0.0818,-215622000.0,0.0,0.0,0.0697,-1465000.0,13000.0,BALANCED,-8.258
2024-04-11,URE,URE,1382000.0,55.26,0.0015,-214240000.0,1382000.0,0.0,1.7932,-83000.0,1395000.0,ACCUMULATION,36.8308
2024-04-12,URE,URE,0.0,54.12,-0.0207,-214240000.0,0.0,0.0,0.006,-83000.0,1395000.0,BALANCED,-9.8502
2024-04-15,URE,URE,0.0,52.19,-0.0357,-214240000.0,0.0,0.0,0.006,1382000.0,1395000.0,BALANCED,10.1498
2024-04-16,URE,URE,0.0,50.58,-0.0308,-214240000.0,0.0,0.0,0.006,1382000.0,1395000.0,BALANCED,10.1498
2024-04-17,URE,URE,0.0,49.77,-0.0161,-214240000.0,0.0,0.0,0.006,1382000.0,-1562000.0,BALANCED,10.1498
2024-04-18,URE,URE,0.0,49.76,-0.0002,-214240000.0,0.0,0.0,0.006,0.0,-1562000.0,BALANCED,0.1498
2024-04-19,URE,URE,0.0,50.15,0.0079,-214240000.0,0.0,0.0,-0.0648,0.0,-1562000.0,BALANCED,-1.6206
2024-04-22,URE,URE,-1273000.0,50.91,0.0151,-215513000.0,0.0,-1273000.0,-1.6876,-1273000.0,-2835000.0,DISTRIBUTION,-54.1892
2024-04-23,URE,URE,0.0,51.78,0.0172,-215513000.0,0.0,0.0,-0.0054,-1273000.0,-2835000.0,BALANCED,-10.1343
2024-04-24,URE,URE,0.0,52.2,0.0081,-215513000.0,0.0,0.0,-0.0054,-1273000.0,-2835000.0,BALANCED,-10.1343
2024-04-25,URE,URE,0.0,51.62,-0.0111,-215513000.0,0.0,0.0,-0.0054,-1273000.0,-2835000.0,BALANCED,-10.1343
2024-04-26,URE,URE,0.0,51.68,0.0013,-215513000.0,0.0,0.0,-0.0054,-1273000.0,-2835000.0,BALANCED,-10.1343
2024-04-29,URE,URE,0.0,52.79,0.0214,-215513000.0,0.0,0.0,-0.0054,0.0,-1356000.0,BALANCED,-0.1343
2024-04-30,URE,URE,0.0,50.86,-0.0365,-215513000.0,0.0,0.0,-0.0054,0.0,-1356000.0,BALANCED,-0.1343
2024-05-01,URE,URE,0.0,50.98,0.0023,-215513000.0,0.0,0.0,0.1846,0.0,-1356000.0,BALANCED,4.6161
2024-05-02,URE,URE,0.0,52.35,0.0269,-215513000.0,0.0,0.0,0.1846,0.0,-1356000.0,BALANCED,4.6161
2024-05-03,URE,URE,0.0,53.23,0.0167,-215513000.0,0.0,0.0,0.1846,0.0,-1356000.0,BALANCED,4.6161
2024-05-06,URE,URE,0.0,53.19,-0.0007,-215513000.0,0.0,0.0,0.1846,0.0,109000.0,BALANCED,4.6161
2024-05-07,URE,URE,0.0,54.31,0.021,-215513000.0,0.0,0.0,0.1846,0.0,109000.0,BALANCED,4.6161
2024-05-08,URE,URE,0.0,53.32,-0.0182,-215513000.0,0.0,0.0,0.1846,0.0,109000.0,BALANCED,4.6161
2024-05-09,URE,URE,0.0,55.75,0.0456,-215513000.0,0.0,0.0,0.1846,0.0,-1273000.0,BALANCED,4.6161
2024-05-10,URE,URE,0.0,55.34,-0.0074,-215513000.0,0.0,0.0,0.1846,0.0,-1273000.0,BALANCED,4.6161
2024-05-13,URE,URE,0.0,55.65,0.0056,-215513000.0,0.0,0.0,0.1027,0.0,-1273000.0,BALANCED,2.568
2024-05-14,URE,URE,0.0,56.4,0.0135,-215513000.0,0.0,0.0,0.1027,0.0,-1273000.0,BALANCED,2.568
2024-05-15,URE,URE,0.0,58.29,0.0334,-215513000.0,0.0,0.0,0.1027,0.0,-1273000.0,BALANCED,2.568
2024-05-16,URE,URE,0.0,58.08,-0.0035,-215513000.0,0.0,0.0,0.1027,0.0,-1273000.0,BALANCED,2.568
2024-05-17,URE,URE,0.0,58.06,-0.0003,-215513000.0,0.0,0.0,0.1027,0.0,-1273000.0,BALANCED,2.568
2024-05-20,URE,URE,0.0,57.26,-0.0138,-215513000.0,0.0,0.0,-0.0104,0.0,0.0,BALANCED,-0.2603
2024-05-21,URE,URE,0.0,57.23,-0.0004,-215513000.0,0.0,0.0,-0.0104,0.0,0.0,BALANCED,-0.2603
2024-05-22,URE,URE,0.0,56.26,-0.0171,-215513000.0,0.0,0.0,-0.0104,0.0,0.0,BALANCED,-0.2603
2024-05-23,URE,URE,0.0,53.8,-0.0437,-215513000.0,0.0,0.0,0.1826,0.0,0.0,BALANCED,4.5644
2024-05-24,URE,URE,0.0,53.8,0.0001,-215513000.0,0.0,0.0,0.1826,0.0,0.0,BALANCED,4.5644
2024-05-28,URE,URE,0.0,53.11,-0.0128,-215513000.0,0.0,0.0,0.1826,0.0,0.0,BALANCED,4.5644
2024-05-29,URE,URE,0.0,52.12,-0.0187,-215513000.0,0.0,0.0,0.1826,0.0,0.0,BALANCED,4.5644
2024-05-30,URE,URE,0.0,53.69,0.03,-215513000.0,0.0,0.0,0.1826,0.0,0.0,BALANCED,4.5644
2024-05-31,URE,URE,0.0,55.67,0.037,-215513000.0,0.0,0.0,0.1826,0.0,0.0,BALANCED,4.5644
2024-06-03,URE,URE,0.0,55.29,-0.0068,-215513000.0,0.0,0.0,0.1826,0.0,0.0,BALANCED,4.5644
2024-06-04,URE,URE,0.0,56.33,0.0188,-215513000.0,0.0,0.0,0.0,0.0,0.0,BALANCED,0.0
2024-06-05,URE,URE,0.0,56.16,-0.0031,-215513000.0,0.0,0.0,0.0,0.0,0.0,BALANCED,0.0
2024-06-06,URE,URE,0.0,56.38,0.004,-215513000.0,0.0,0.0,0.0,0.0,0.0,BALANCED,0.0
2024-06-07,URE,URE,0.0,55.46,-0.0164,-215513000.0,0.0,0.0,0.0,0.0,0.0,BALANCED,0.0
2024-06-10,URE,URE,0.0,55.94,0.0087,-215513000.0,0.0,0.0,0.0,0.0,0.0,BALANCED,0.0
2024-06-11,URE,URE,0.0,55.62,-0.0057,-215513000.0,0.0,0.0,0.0,0.0,0.0,BALANCED,0.0
2024-06-12,URE,URE,0.0,56.44,0.0147,-215513000.0,0.0,0.0,0.0,0.0,0.0,BALANCED,0.0
2024-06-13,URE,URE,0.0,56.98,0.0095,-215513000.0,0.0,0.0,0.0,0.0,0.0,BALANCED,0.0
2024-06-14,URE,URE,0.0,57.03,0.0008,-215513000.0,0.0,0.0,0.0,0.0,0.0,BALANCED,0.0
2024-06-17,URE,URE,0.0,56.35,-0.012,-215513000.0,0.0,0.0,0.0,0.0,0.0,BALANCED,0.0
2024-06-18,URE,URE,0.0,56.79,0.0078,-215513000.0,0.0,0.0,0.0,0.0,0.0,BALANCED,0.0
2024-06-20,URE,URE,0.0,56.48,-0.0053,-215513000.0,0.0,0.0,0.0,0.0,0.0,BALANCED,0.0
2024-06-21,URE,URE,0.0,56.77,0.0051,-215513000.0,0.0,0.0,0.0,0.0,0.0,BALANCED,0.0
2024-06-24,URE,URE,0.0,57.55,0.0138,-215513000.0,0.0,0.0,0.0,0.0,0.0,BALANCED,0.0
2024-06-25,URE,URE,0.0,55.91,-0.0285,-215513000.0,0.0,0.0,0.0,0.0,0.0,BALANCED,0.0
2024-06-26,URE,URE,0.0,55.23,-0.0028,-215513000.0,0.0,0.0,0.0,0.0,0.0,BALANCED,0.0
2024-06-27,URE,URE,0.0,56.26,0.0186,-215513000.0,0.0,0.0,0.0,0.0,0.0,BALANCED,0.0
2024-06-28,URE,URE,0.0,57.04,0.0139,-215513000.0,0.0,0.0,0.0,0.0,0.0,BALANCED,0.0
2024-07-01,URE,URE,0.0,55.97,-0.0187,-215513000.0,0.0,0.0,0.0,0.0,0.0,BALANCED,0.0
2024-07-02,URE,URE,0.0,56.41,0.0078,-215513000.0,0.0,0.0,0.0,0.0,0.0,BALANCED,0.0
2024-07-03,URE,URE,0.0,56.35,-0.0011,-215513000.0,0.0,0.0,0.0,0.0,0.0,BALANCED,0.0
2024-07-05,URE,URE,0.0,56.68,0.0059,-215513000.0,0.0,0.0,0.0,0.0,0.0,BALANCED,0.0
2024-07-08,URE,URE,0.0,56.86,0.0032,-215513000.0,0.0,0.0,0.0,0.0,0.0,BALANCED,0.0
2024-07-09,URE,URE,0.0,56.93,0.0012,-215513000.0,0.0,0.0,0.0,0.0,0.0,BALANCED,0.0
2024-07-10,URE,URE,0.0,57.76,0.0146,-215513000.0,0.0,0.0,0.0,0.0,0.0,BALANCED,0.0
2024-07-11,URE,URE,1521000.0,60.82,0.053,-213992000.0,1521000.0,0.0,5.2947,1521000.0,1521000.0,ACCUMULATION,100.0
2024-07-12,URE,URE,0.0,61.62,0.0132,-213992000.0,0.0,0.0,-0.1826,1521000.0,1521000.0,BALANCED,5.4356
2024-07-15,URE,URE,0.0,62.13,0.0082,-213992000.0,0.0,0.0,-0.1826,1521000.0,1521000.0,BALANCED,5.4356
2024-07-16,URE,URE,0.0,63.39,0.0204,-213992000.0,0.0,0.0,-0.1826,1521000.0,1521000.0,BALANCED,5.4356
2024-07-17,URE,URE,-1610000.0,64.41,0.016,-215602000.0,0.0,-1610000.0,-3.9074,-89000.0,-89000.0,DISTRIBUTION,-100.0
2024-07-18,URE,URE,0.0,63.35,-0.0164,-215602000.0,0.0,0.0,0.0072,-1610000.0,-89000.0,BALANCED,-9.8197
2024-07-19,URE,URE,-1579000.0,63.16,-0.003,-217181000.0,0.0,-1579000.0,-3.0351,-3189000.0,-1668000.0,DISTRIBUTION,-87.8773
2024-07-22,URE,URE,0.0,64.38,0.0193,-217181000.0,0.0,0.0,0.1108,-3189000.0,-1668000.0,BALANCED,-7.2307
2024-07-23,URE,URE,3208000.0,64.15,-0.0036,-213973000.0,3208000.0,0.0,4.0508,19000.0,1540000.0,ACCUMULATION,100.0
2024-07-24,URE,URE,0.0,62.42,-0.027,-213973000.0,0.0,0.0,-0.0659,1629000.0,1540000.0,BALANCED,8.3532
2024-07-25,URE,URE,0.0,61.69,-0.0116,-213973000.0,0.0,0.0,-0.0659,1629000.0,1540000.0,BALANCED,8.3532
2024-07-26,URE,URE,0.0,63.72,0.0329,-213973000.0,0.0,0.0,-0.0659,3208000.0,1540000.0,BALANCED,8.3532
2024-07-29,URE,URE,0.0,64.5,0.0122,-213973000.0,0.0,0.0,-0.0659,3208000.0,1540000.0,BALANCED,8.3532
2024-07-30,URE,URE,0.0,65.46,0.015,-213973000.0,0.0,0.0,-0.0659,0.0,1540000.0,BALANCED,-1.6468
2024-07-31,URE,URE,0.0,65.07,-0.006,-213973000.0,0.0,0.0,-0.0659,0.0,1540000.0,BALANCED,-1.6468
2024-08-01,URE,URE,0.0,67.14,0.0319,-213973000.0,0.0,0.0,-0.0659,0.0,1540000.0,BALANCED,-1.6468
2024-08-02,URE,URE,0.0,67.23,0.0013,-213973000.0,0.0,0.0,-0.0659,0.0,1540000.0,BALANCED,-1.6468
2024-08-05,URE,URE,0.0,63.29,-0.0586,-213973000.0,0.0,0.0,-0.0659,0.0,1540000.0,BALANCED,-1.6468
2024-08-06,URE,URE,0.0,66.18,0.0457,-213973000.0,0.0,0.0,-0.0659,0.0,1540000.0,BALANCED,-1.6468
2024-08-07,URE,URE,0.0,65.11,-0.0162,-213973000.0,0.0,0.0,-0.0659,0.0,1540000.0,BALANCED,-1.6468
2024-08-08,URE,URE,0.0,66.26,0.0176,-213973000.0,0.0,0.0,-0.0659,0.0,19000.0,BALANCED,-1.6468
2024-08-09,URE,URE,0.0,66.86,0.0092,-213973000.0,0.0,0.0,-0.0659,0.0,19000.0,BALANCED,-1.6468
2024-08-12,URE,URE,0.0,66.03,-0.0124,-213973000.0,0.0,0.0,-0.0659,0.0,19000.0,BALANCED,-1.6468
2024-08-13,URE,URE,0.0,66.95,0.014,-213973000.0,0.0,0.0,-0.0659,0.0,19000.0,BALANCED,-1.6468
2024-08-14,URE,URE,0.0,67.46,0.0076,-213973000.0,0.0,0.0,-0.0659,0.0,1629000.0,BALANCED,-1.6468
2024-08-15,URE,URE,0.0,66.99,-0.007,-213973000.0,0.0,0.0,-0.0659,0.0,1629000.0,BALANCED,-1.6468
2024-08-16,URE,URE,0.0,66.9,-0.0013,-213973000.0,0.0,0.0,-0.0659,0.0,3208000.0,BALANCED,-1.6468
2024-08-19,URE,URE,0.0,67.74,0.0125,-213973000.0,0.0,0.0,-0.0659,0.0,3208000.0,BALANCED,-1.6468
2024-08-20,URE,URE,0.0,67.81,0.001,-213973000.0,0.0,0.0,-0.0659,0.0,0.0,BALANCED,-1.6468
2024-08-21,URE,URE,1707000.0,68.29,0.007,-212266000.0,1707000.0,0.0,1.9131,1707000.0,1707000.0,ACCUMULATION,59.8283
2024-08-22,URE,URE,0.0,69.05,0.0112,-212266000.0,0.0,0.0,-0.0726,1707000.0,1707000.0,BALANCED,8.1839
2024-08-23,URE,URE,0.0,71.77,0.0393,-212266000.0,0.0,0.0,-0.0726,1707000.0,1707000.0,BALANCED,8.1839
2024-08-26,URE,URE,0.0,71.58,-0.0027,-212266000.0,0.0,0.0,-0.0726,1707000.0,1707000.0,BALANCED,8.1839
2024-08-27,URE,URE,-1798000.0,71.92,0.0049,-214064000.0,0.0,-1798000.0,-2.0843,-91000.0,-91000.0,DISTRIBUTION,-64.107
2024-08-28,URE,URE,0.0,71.4,-0.0073,-214064000.0,0.0,0.0,-0.0636,-1798000.0,-91000.0,BALANCED,-11.5896
2024-08-29,URE,URE,0.0,70.81,-0.0082,-214064000.0,0.0,0.0,-0.0636,-1798000.0,-91000.0,BALANCED,-11.5896
2024-08-30,URE,URE,0.0,72.16,0.0191,-214064000.0,0.0,0.0,-0.1394,-1798000.0,-91000.0,BALANCED,-13.4846
2024-09-03,URE,URE,0.0,72.56,0.0055,-214064000.0,0.0,0.0,-0.1394,-1798000.0,-91000.0,BALANCED,-13.4846
2024-09-04,URE,URE,0.0,72.9,0.0048,-214064000.0,0.0,0.0,0.0066,0.0,-91000.0,BALANCED,0.1647
2024-09-05,URE,URE,1809000.0,72.37,-0.0073,-212255000.0,1809000.0,0.0,3.0899,1809000.0,1718000.0,ACCUMULATION,89.247
2024-09-06,URE,URE,0.0,72.34,-0.0004,-212255000.0,0.0,0.0,-0.101,1809000.0,1718000.0,BALANCED,7.4747
2024-09-09,URE,URE,1852000.0,74.07,0.0239,-210403000.0,1852000.0,0.0,2.6477,3661000.0,3570000.0,ACCUMULATION,78.1917
2024-09-10,URE,URE,0.0,76.68,0.0352,-210403000.0,0.0,0.0,-0.1818,3661000.0,3570000.0,BALANCED,5.4548
2024-09-11,URE,URE,0.0,76.31,-0.0048,-210403000.0,0.0,0.0,-0.1818,3661000.0,3570000.0,BALANCED,5.4548
2024-09-12,URE,URE,0.0,76.46,0.002,-210403000.0,0.0,0.0,-0.1818,1852000.0,3570000.0,BALANCED,5.4548
2024-09-13,URE,URE,0.0,77.52,0.0138,-210403000.0,0.0,0.0,-0.1818,1852000.0,3570000.0,BALANCED,5.4548
2024-09-16,URE,URE,0.0,78.03,0.0066,-210403000.0,0.0,0.0,-0.1818,0.0,3570000.0,BALANCED,-4.5452
2024-09-17,URE,URE,0.0,76.7,-0.0171,-210403000.0,0.0,0.0,-0.1818,0.0,3570000.0,BALANCED,-4.5452
2024-09-18,URE,URE,0.0,76.29,-0.0053,-210403000.0,0.0,0.0,-0.1818,0.0,3570000.0,BALANCED,-4.5452
2024-09-19,URE,URE,0.0,75.92,-0.0049,-210403000.0,0.0,0.0,-0.1818,0.0,1863000.0,BALANCED,-4.5452
2024-09-20,URE,URE,0.0,75.64,-0.0037,-210403000.0,0.0,0.0,-0.1818,0.0,1863000.0,BALANCED,-4.5452
2024-09-23,URE,URE,0.0,77.33,0.0223,-210403000.0,0.0,0.0,-0.1818,0.0,1863000.0,BALANCED,-4.5452
2024-09-24,URE,URE,0.0,77.25,-0.001,-210403000.0,0.0,0.0,-0.1818,0.0,1863000.0,BALANCED,-4.5452
2024-09-25,URE,URE,0.0,76.3,-0.0082,-210403000.0,0.0,0.0,-0.1818,0.0,3661000.0,BALANCED,-4.5452
2024-09-26,URE,URE,0.0,74.71,-0.0208,-210403000.0,0.0,0.0,-0.1818,0.0,3661000.0,BALANCED,-4.5452
2024-09-27,URE,URE,0.0,74.95,0.0032,-210403000.0,0.0,0.0,-0.1818,0.0,3661000.0,BALANCED,-4.5452
2024-09-30,URE,URE,0.0,76.21,0.0168,-210403000.0,0.0,0.0,-0.1818,0.0,3661000.0,BALANCED,-4.5452
2024-10-01,URE,URE,0.0,75.26,-0.0124,-210403000.0,0.0,0.0,-0.1818,0.0,3661000.0,BALANCED,-4.5452
2024-10-02,URE,URE,0.0,74.68,-0.0077,-210403000.0,0.0,0.0,-0.1818,0.0,3661000.0,BALANCED,-4.5452
2024-10-03,URE,URE,0.0,73.21,-0.0197,-210403000.0,0.0,0.0,-0.1067,0.0,1852000.0,BALANCED,-2.668
2024-10-04,URE,URE,0.0,72.22,-0.0135,-210403000.0,0.0,0.0,-0.1067,0.0,1852000.0,BALANCED,-2.668
2024-10-07,URE,URE,0.0,71.15,-0.0148,-210403000.0,0.0,0.0,-0.1067,0.0,0.0,BALANCED,-2.668
2024-10-08,URE,URE,0.0,71.54,0.0054,-210403000.0,0.0,0.0,-0.1067,0.0,0.0,BALANCED,-2.668
2024-10-09,URE,URE,0.0,71.66,0.0017,-210403000.0,0.0,0.0,-0.2627,0.0,0.0,BALANCED,-6.5687
2024-10-10,URE,URE,0.0,70.4,-0.0176,-210403000.0,0.0,0.0,-0.2627,0.0,0.0,BALANCED,-6.5687
2024-10-11,URE,URE,0.0,71.83,0.0204,-210403000.0,0.0,0.0,-0.2627,0.0,0.0,BALANCED,-6.5687
2024-10-14,URE,URE,0.0,72.81,0.0136,-210403000.0,0.0,0.0,-0.2627,0.0,0.0,BALANCED,-6.5687
2024-10-15,URE,URE,-2238000.0,74.61,0.0248,-212641000.0,0.0,-2238000.0,-3.6068,-2238000.0,-2238000.0,DISTRIBUTION,-100.0
2024-10-16,URE,URE,0.0,76.11,0.0201,-212641000.0,0.0,0.0,-0.0749,-2238000.0,-2238000.0,BALANCED,-11.8715
2024-10-17,URE,URE,0.0,75.06,-0.0138,-212641000.0,0.0,0.0,0.0239,-2238000.0,-2238000.0,BALANCED,-9.4035
2024-10-18,URE,URE,1522000.0,76.12,0.0141,-211119000.0,1522000.0,0.0,2.4419,-716000.0,-716000.0,ACCUMULATION,53.0487
2024-10-21,URE,URE,0.0,72.94,-0.0418,-211119000.0,0.0,0.0,0.0475,-716000.0,-716000.0,BALANCED,-8.8114
2024-10-22,URE,URE,-732000.0,73.15,0.003,-211851000.0,0.0,-732000.0,-1.3191,790000.0,-1448000.0,BALANCED,-24.9782
2024-10-23,URE,URE,0.0,74.64,0.0203,-211851000.0,0.0,0.0,0.0931,790000.0,-1448000.0,BALANCED,12.328
2024-10-24,URE,URE,0.0,74.95,0.0041,-211851000.0,0.0,0.0,0.0931,790000.0,-1448000.0,BALANCED,12.328
2024-10-25,URE,URE,0.0,73.77,-0.0157,-211851000.0,0.0,0.0,0.0931,-732000.0,-1448000.0,BALANCED,-7.672
2024-10-28,URE,URE,0.0,74.16,0.0053,-211851000.0,0.0,0.0,0.0931,-732000.0,-1448000.0,BALANCED,-7.672
2024-10-29,URE,URE,0.0,72.76,-0.019,-211851000.0,0.0,0.0,0.0931,0.0,-1448000.0,BALANCED,2.328
2024-10-30,URE,URE,0.0,73.31,0.0076,-211851000.0,0.0,0.0,0.0931,0.0,-1448000.0,BALANCED,2.328
2024-10-31,URE,URE,0.0,70.76,-0.0348,-211851000.0,0.0,0.0,0.0931,0.0,-1448000.0,BALANCED,2.328
2024-11-01,URE,URE,-692000.0,69.21,-0.0219,-212543000.0,0.0,-692000.0,-1.1681,-692000.0,-2140000.0,BALANCED,-41.2032
2024-11-04,URE,URE,-2831000.0,70.79,0.0228,-215374000.0,0.0,-2831000.0,-3.6421,-3523000.0,-4971000.0,DISTRIBUTION,-100.0
2024-11-05,URE,URE,0.0,72.7,0.027,-215374000.0,0.0,0.0,0.2264,-3523000.0,-4971000.0,BALANCED,-4.3394
2024-11-06,URE,URE,0.0,68.86,-0.0528,-215374000.0,0.0,0.0,0.2264,-3523000.0,-4971000.0,BALANCED,-4.3394
2024-11-07,URE,URE,705000.0,70.49,0.0236,-214669000.0,705000.0,0.0,1.132,-2818000.0,-4266000.0,BALANCED,20.2988
2024-11-08,URE,URE,0.0,72.79,0.0327,-214669000.0,0.0,0.0,0.19,-2126000.0,-4266000.0,BALANCED,-5.2501
2024-11-11,URE,URE,0.0,71.61,-0.0162,-214669000.0,0.0,0.0,0.19,705000.0,-4266000.0,BALANCED,14.7499
2024-11-12,URE,URE,-698000.0,69.75,-0.0259,-215367000.0,0.0,-698000.0,-0.7056,7000.0,-2726000.0,BALANCED,-9.6408
2024-11-13,URE,URE,0.0,70.86,0.0159,-215367000.0,0.0,0.0,0.2193,7000.0,-2726000.0,BALANCED,15.4813
2024-11-14,URE,URE,0.0,69.54,-0.0187,-215367000.0,0.0,0.0,0.2193,-698000.0,-2726000.0,BALANCED,-4.5187
2024-11-15,URE,URE,0.0,69.73,0.0027,-215367000.0,0.0,0.0,0.2193,-698000.0,-4248000.0,BALANCED,-4.5187
2024-11-18,URE,URE,0.0,70.89,0.0166,-215367000.0,0.0,0.0,0.2193,-698000.0,-4248000.0,BALANCED,-4.5187
2024-11-19,URE,URE,0.0,71.51,0.0088,-215367000.0,0.0,0.0,0.2193,0.0,-3516000.0,BALANCED,5.4813
2024-11-20,URE,URE,0.0,71.24,-0.0038,-215367000.0,0.0,0.0,0.2193,0.0,-3516000.0,BALANCED,5.4813
2024-11-21,URE,URE,0.0,72.14,0.0127,-215367000.0,0.0,0.0,0.2193,0.0,-3516000.0,BALANCED,5.4813
2024-11-22,URE,URE,0.0,73.31,0.0162,-215367000.0,0.0,0.0,0.2193,0.0,-3516000.0,BALANCED,5.4813
2024-11-25,URE,URE,0.0,75.17,0.0254,-215367000.0,0.0,0.0,0.2193,0.0,-3516000.0,BALANCED,5.4813
2024-11-26,URE,URE,0.0,75.95,0.0103,-215367000.0,0.0,0.0,0.1408,0.0,-3516000.0,BALANCED,3.5194
2024-11-27,URE,URE,0.0,76.94,0.013,-215367000.0,0.0,0.0,0.1408,0.0,-3516000.0,BALANCED,3.5194
2024-11-29,URE,URE,0.0,76.11,-0.0108,-215367000.0,0.0,0.0,0.1408,0.0,-3516000.0,BALANCED,3.5194
2024-12-02,URE,URE,0.0,73.94,-0.0286,-215367000.0,0.0,0.0,0.2486,0.0,-2824000.0,BALANCED,6.2139
2024-12-03,URE,URE,-730000.0,73.02,-0.0124,-216097000.0,0.0,-730000.0,-0.9743,-730000.0,-723000.0,BALANCED,-36.3572
2024-12-04,URE,URE,0.0,72.57,-0.0062,-216097000.0,0.0,0.0,0.2485,-730000.0,-723000.0,BALANCED,-3.7883
2024-12-05,URE,URE,0.0,72.17,-0.0055,-216097000.0,0.0,0.0,0.2485,-730000.0,-723000.0,BALANCED,-3.7883
2024-12-06,URE,URE,0.0,72.07,-0.0013,-216097000.0,0.0,0.0,0.2485,-730000.0,-1428000.0,BALANCED,-3.7883
2024-12-09,URE,URE,0.0,72.26,0.0027,-216097000.0,0.0,0.0,0.2485,-730000.0,-1428000.0,BALANCED,-3.7883
2024-12-10,URE,URE,2097000.0,69.9,-0.0327,-214000000.0,2097000.0,0.0,3.0933,2097000.0,669000.0,ACCUMULATION,89.3315
2024-12-11,URE,URE,-696000.0,69.55,-0.005,-214696000.0,0.0,-696000.0,-0.8466,1401000.0,671000.0,BALANCED,-13.1652
2024-12-12,URE,URE,0.0,69.43,-0.0018,-214696000.0,0.0,0.0,0.1336,1401000.0,671000.0,BALANCED,13.3388
2024-12-13,URE,URE,0.0,68.78,-0.0094,-214696000.0,0.0,0.0,0.1336,1401000.0,671000.0,BALANCED,13.3388
2024-12-16,URE,URE,0.0,68.13,-0.0094,-214696000.0,0.0,0.0,0.1023,1401000.0,671000.0,BALANCED,12.5587
2024-12-17,URE,URE,0.0,67.45,-0.01,-214696000.0,0.0,0.0,-0.0482,-696000.0,671000.0,BALANCED,-11.2042
2024-12-18,URE,URE,0.0,62.09,-0.0795,-214696000.0,0.0,0.0,-0.0482,0.0,671000.0,BALANCED,-1.2042
2024-12-19,URE,URE,0.0,59.98,-0.034,-214696000.0,0.0,0.0,-0.0482,0.0,671000.0,BALANCED,-1.2042
2024-12-20,URE,URE,0.0,62.14,0.036,-214696000.0,0.0,0.0,0.002,0.0,671000.0,BALANCED,0.0499
2024-12-23,URE,URE,0.0,62.32,0.0097,-214696000.0,0.0,0.0,0.002,0.0,671000.0,BALANCED,0.0499
2024-12-24,URE,URE,-1264000.0,63.19,0.014,-215960000.0,0.0,-1264000.0,-2.4099,-1264000.0,-593000.0,DISTRIBUTION,-72.2473
2024-12-26,URE,URE,0.0,63.37,0.0029,-215960000.0,0.0,0.0,0.0402,-1264000.0,-593000.0,BALANCED,-8.9942
2024-12-27,URE,URE,0.0,62.17,-0.0189,-215960000.0,0.0,0.0,0.0402,-1264000.0,-593000.0,BALANCED,-8.9942
2024-12-30,URE,URE,0.0,61.6,-0.0093,-215960000.0,0.0,0.0,0.0402,-1264000.0,-593000.0,BALANCED,-8.9942
2024-12-31,URE,URE,626000.0,62.63,0.0168,-215334000.0,626000.0,0.0,1.2367,-638000.0,33000.0,BALANCED,22.9178
2025-01-02,URE,URE,0.0,61.45,-0.0189,-215334000.0,0.0,0.0,-0.0022,626000.0,763000.0,BALANCED,9.9456
2025-01-03,URE,URE,0.0,63.08,0.0266,-215334000.0,0.0,0.0,-0.0022,626000.0,763000.0,BALANCED,9.9456
2025-01-06,URE,URE,0.0,61.3,-0.0283,-215334000.0,0.0,0.0,-0.0022,626000.0,763000.0,BALANCED,9.9456
2025-01-07,URE,URE,0.0,60.4,-0.0146,-215334000.0,0.0,0.0,-0.0022,626000.0,763000.0,BALANCED,9.9456
2025-01-08,URE,URE,0.0,60.91,0.0085,-215334000.0,0.0,0.0,-0.0022,0.0,763000.0,BALANCED,-0.0544
2025-01-10,URE,URE,0.0,57.91,-0.0494,-215334000.0,0.0,0.0,-0.0022,0.0,-1334000.0,BALANCED,-0.0544
2025-01-13,URE,URE,0.0,59.35,0.0249,-215334000.0,0.0,0.0,-0.0022,0.0,-638000.0,BALANCED,-0.0544
2025-01-14,URE,URE,0.0,60.38,0.0174,-215334000.0,0.0,0.0,-0.0022,0.0,-638000.0,BALANCED,-0.0544
2025-01-15,URE,URE,0.0,60.93,0.009,-215334000.0,0.0,0.0,-0.0022,0.0,-638000.0,BALANCED,-0.0544
2025-01-16,URE,URE,0.0,63.63,0.0444,-215334000.0,0.0,0.0,-0.0022,0.0,-638000.0,BALANCED,-0.0544
2025-01-17,URE,URE,0.0,63.54,-0.0015,-215334000.0,0.0,0.0,-0.0523,0.0,-638000.0,BALANCED,-1.3081
2025-01-21,URE,URE,0.0,65.85,0.0364,-215334000.0,0.0,0.0,-0.0523,0.0,-638000.0,BALANCED,-1.3081
2025-01-22,URE,URE,-1270000.0,63.52,-0.0355,-216604000.0,0.0,-1270000.0,-2.3179,-1270000.0,-1908000.0,DISTRIBUTION,-69.9477
2025-01-23,URE,URE,0.0,64.55,0.0163,-216604000.0,0.0,0.0,0.0313,-1270000.0,-1908000.0,BALANCED,-9.2185
2025-01-24,URE,URE,0.0,64.92,0.0058,-216604000.0,0.0,0.0,0.0313,-1270000.0,-1908000.0,BALANCED,-9.2185
2025-01-27,URE,URE,0.0,66.21,0.0198,-216604000.0,0.0,0.0,0.2379,-1270000.0,-644000.0,BALANCED,-4.0527
2025-01-28,URE,URE,0.0,64.56,-0.0249,-216604000.0,0.0,0.0,0.1836,-1270000.0,-644000.0,BALANCED,-5.4108
2025-01-29,URE,URE,0.0,63.01,-0.024,-216604000.0,0.0,0.0,0.1836,0.0,-644000.0,BALANCED,4.5892
2025-01-30,URE,URE,0.0,64.72,0.0271,-216604000.0,0.0,0.0,0.1836,0.0,-644000.0,BALANCED,4.5892
2025-01-31,URE,URE,0.0,64.4,-0.0049,-216604000.0,0.0,0.0,0.1836,0.0,-1270000.0,BALANCED,4.5892
2025-02-03,URE,URE,0.0,64.15,-0.0039,-216604000.0,0.0,0.0,0.1836,0.0,-1270000.0,BALANCED,4.5892
2025-02-04,URE,URE,0.0,64.15,-0.0001,-216604000.0,0.0,0.0,0.1836,0.0,-1270000.0,BALANCED,4.5892
2025-02-05,URE,URE,0.0,66.17,0.0315,-216604000.0,0.0,0.0,0.1836,0.0,-1270000.0,BALANCED,4.5892
2025-02-06,URE,URE,0.0,66.56,0.0059,-216604000.0,0.0,0.0,0.1836,0.0,-1270000.0,BALANCED,4.5892
2025-02-07,URE,URE,0.0,66.0,-0.0084,-216604000.0,0.0,0.0,0.1836,0.0,-1270000.0,BALANCED,4.5892
2025-02-10,URE,URE,-662000.0,66.23,0.0035,-217266000.0,0.0,-662000.0,-2.1561,-662000.0,-1932000.0,DISTRIBUTION,-65.902
2025-02-11,URE,URE,0.0,66.95,0.011,-217266000.0,0.0,0.0,0.1518,-662000.0,-1932000.0,BALANCED,-6.2059
2025-02-12,URE,URE,0.0,65.72,-0.0184,-217266000.0,0.0,0.0,0.1518,-662000.0,-1932000.0,BALANCED,-6.2059
2025-02-13,URE,URE,0.0,66.81,0.0166,-217266000.0,0.0,0.0,0.1518,-662000.0,-1932000.0,BALANCED,-6.2059
2025-02-14,URE,URE,0.0,66.21,-0.009,-217266000.0,0.0,0.0,0.2498,-662000.0,-1932000.0,BALANCED,-3.7538
2025-02-18,URE,URE,0.0,66.73,0.0079,-217266000.0,0.0,0.0,0.2498,0.0,-1932000.0,BALANCED,6.2462
2025-02-19,URE,URE,0.0,66.93,0.0031,-217266000.0,0.0,0.0,0.2498,0.0,-1932000.0,BALANCED,6.2462
2025-02-20,URE,URE,0.0,67.84,0.0135,-217266000.0,0.0,0.0,0.2498,0.0,-662000.0,BALANCED,6.2462
2025-02-21,URE,URE,0.0,66.72,-0.0166,-217266000.0,0.0,0.0,0.2498,0.0,-662000.0,BALANCED,6.2462
2025-02-24,URE,URE,0.0,67.18,0.0069,-217266000.0,0.0,0.0,0.2498,0.0,-662000.0,BALANCED,6.2462
2025-02-25,URE,URE,0.0,68.76,0.0235,-217266000.0,0.0,0.0,0.2498,0.0,-662000.0,BALANCED,6.2462
2025-02-26,URE,URE,0.0,67.99,-0.0111,-217266000.0,0.0,0.0,0.2498,0.0,-662000.0,BALANCED,6.2462
2025-02-27,URE,URE,0.0,68.51,0.0077,-217266000.0,0.0,0.0,0.2498,0.0,-662000.0,BALANCED,6.2462
2025-02-28,URE,URE,0.0,69.59,0.0157,-217266000.0,0.0,0.0,0.2498,0.0,-662000.0,BALANCED,6.2462
2025-03-03,URE,URE,0.0,70.68,0.0156,-217266000.0,0.0,0.0,0.2498,0.0,-662000.0,BALANCED,6.2462
2025-03-04,URE,URE,0.0,68.96,-0.0244,-217266000.0,0.0,0.0,0.2498,0.0,-662000.0,BALANCED,6.2462
2025-03-05,URE,URE,0.0,70.34,0.02,-217266000.0,0.0,0.0,0.2498,0.0,-662000.0,BALANCED,6.2462
2025-03-06,URE,URE,-1328000.0,66.41,-0.0558,-218594000.0,0.0,-1328000.0,-4.7226,-1328000.0,-1990000.0,DISTRIBUTION,-100.0
2025-03-07,URE,URE,0.0,67.21,0.012,-218594000.0,0.0,0.0,0.2483,-1328000.0,-1990000.0,BALANCED,-3.7927
2025-03-10,URE,URE,0.0,65.9,-0.0194,-218594000.0,0.0,0.0,0.2483,-1328000.0,-1990000.0,BALANCED,-3.7927
2025-03-11,URE,URE,0.0,64.53,-0.0209,-218594000.0,0.0,0.0,0.2483,-1328000.0,-1328000.0,BALANCED,-3.7927
2025-03-12,URE,URE,0.0,64.03,-0.0076,-218594000.0,0.0,0.0,0.2483,-1328000.0,-1328000.0,BALANCED,-3.7927
2025-03-13,URE,URE,0.0,61.53,-0.0391,-218594000.0,0.0,0.0,0.2483,0.0,-1328000.0,BALANCED,6.2073
2025-03-14,URE,URE,0.0,63.92,0.0388,-218594000.0,0.0,0.0,0.2483,0.0,-1328000.0,BALANCED,6.2073
2025-03-17,URE,URE,0.0,66.04,0.0332,-218594000.0,0.0,0.0,0.2483,0.0,-1328000.0,BALANCED,6.2073
2025-03-18,URE,URE,0.0,65.3,-0.0113,-218594000.0,0.0,0.0,0.2483,0.0,-1328000.0,BALANCED,6.2073
2025-03-19,URE,URE,0.0,65.38,0.0013,-218594000.0,0.0,0.0,0.2483,0.0,-1328000.0,BALANCED,6.2073
2025-03-20,URE,URE,0.0,65.3,-0.0012,-218594000.0,0.0,0.0,0.2483,0.0,-1328000.0,BALANCED,6.2073
2025-03-21,URE,URE,0.0,63.93,-0.021,-218594000.0,0.0,0.0,0.2483,0.0,-1328000.0,BALANCED,6.2073
2025-03-24,URE,URE,0.0,65.75,0.0285,-218594000.0,0.0,0.0,0.2483,0.0,-1328000.0,BALANCED,6.2073
2025-03-25,URE,URE,0.0,64.15,-0.0244,-218594000.0,0.0,0.0,0.1826,0.0,-1328000.0,BALANCED,4.5644
2025-03-26,URE,URE,0.0,64.54,0.0101,-218594000.0,0.0,0.0,0.1826,0.0,-1328000.0,BALANCED,4.5644
2025-03-27,URE,URE,0.0,64.22,-0.0049,-218594000.0,0.0,0.0,0.1826,0.0,-1328000.0,BALANCED,4.5644
2025-03-28,URE,URE,0.0,64.17,-0.0007,-218594000.0,0.0,0.0,0.1826,0.0,-1328000.0,BALANCED,4.5644
2025-03-31,URE,URE,0.0,65.46,0.0201,-218594000.0,0.0,0.0,0.1826,0.0,-1328000.0,BALANCED,4.5644
2025-04-01,URE,URE,0.0,65.6,0.0022,-218594000.0,0.0,0.0,0.1826,0.0,-1328000.0,BALANCED,4.5644
2025-04-02,URE,URE,0.0,66.21,0.0092,-218594000.0,0.0,0.0,0.1826,0.0,-1328000.0,BALANCED,4.5644
2025-04-03,URE,URE,0.0,62.25,-0.0598,-218594000.0,0.0,0.0,0.1826,0.0,0.0,BALANCED,4.5644
2025-04-04,URE,URE,-565000.0,56.46,-0.093,-219159000.0,0.0,-565000.0,-1.9289,-565000.0,-565000.0,DISTRIBUTION,-60.2232
2025-04-07,URE,URE,0.0,53.74,-0.0482,-219159000.0,0.0,0.0,0.2425,-565000.0,-565000.0,BALANCED,-3.9373
2025-04-08,URE,URE,0.0,51.09,-0.0493,-219159000.0,0.0,0.0,0.2425,-565000.0,-565000.0,BALANCED,-3.9373
2025-04-09,URE,URE,0.0,56.94,0.1145,-219159000.0,0.0,0.0,0.2425,-565000.0,-565000.0,BALANCED,-3.9373
2025-04-10,URE,URE,0.0,54.59,-0.0414,-219159000.0,0.0,0.0,0.2425,-565000.0,-565000.0,BALANCED,-3.9373
2025-04-11,URE,URE,0.0,56.04,0.0267,-219159000.0,0.0,0.0,0.2425,0.0,-565000.0,BALANCED,6.0627
2025-04-14,URE,URE,0.0,58.44,0.0428,-219159000.0,0.0,0.0,0.2425,0.0,-565000.0,BALANCED,6.0627
2025-04-15,URE,URE,0.0,58.72,0.0048,-219159000.0,0.0,0.0,0.2425,0.0,-565000.0,BALANCED,6.0627
2025-04-16,URE,URE,0.0,58.53,-0.0034,-219159000.0,0.0,0.0,0.2425,0.0,-565000.0,BALANCED,6.0627
2025-04-17,URE,URE,0.0,60.38,0.0318,-219159000.0,0.0,0.0,0.1826,0.0,-565000.0,BALANCED,4.5644
2025-04-21,URE,URE,-579000.0,57.85,-0.0419,-219738000.0,0.0,-579000.0,-3.7267,-579000.0,-1144000.0,DISTRIBUTION,-100.0
2025-04-22,URE,URE,0.0,60.25,0.0415,-219738000.0,0.0,0.0,0.2627,-579000.0,-1144000.0,BALANCED,-3.4313
2025-04-23,URE,URE,0.0,60.4,0.0024,-219738000.0,0.0,0.0,0.2627,-579000.0,-1144000.0,BALANCED,-3.4313
2025-04-24,URE,URE,0.0,60.69,0.0049,-219738000.0,0.0,0.0,0.2627,-579000.0,-1144000.0,BALANCED,-3.4313
2025-04-25,URE,URE,0.0,60.51,-0.003,-219738000.0,0.0,0.0,0.2627,-579000.0,-1144000.0,BALANCED,-3.4313
2025-04-28,URE,URE,0.0,61.33,0.0135,-219738000.0,0.0,0.0,0.2627,0.0,-1144000.0,BALANCED,6.5687
2025-04-29,URE,URE,0.0,62.22,0.0147,-219738000.0,0.0,0.0,0.2627,0.0,-1144000.0,BALANCED,6.5687
2025-04-30,URE,URE,0.0,62.92,0.0111,-219738000.0,0.0,0.0,0.2627,0.0,-1144000.0,BALANCED,6.5687
2025-05-01,URE,URE,0.0,63.12,0.0032,-219738000.0,0.0,0.0,0.2627,0.0,-1144000.0,BALANCED,6.5687
2025-05-02,URE,URE,0.0,64.67,0.0246,-219738000.0,0.0,0.0,0.2627,0.0,-1144000.0,BALANCED,6.5687
2025-05-05,URE,URE,0.0,64.46,-0.0032,-219738000.0,0.0,0.0,0.2627,0.0,-579000.0,BALANCED,6.5687
2025-05-06,URE,URE,0.0,63.56,-0.014,-219738000.0,0.0,0.0,0.2627,0.0,-579000.0,BALANCED,6.5687
2025-05-07,URE,URE,0.0,63.52,-0.0007,-219738000.0,0.0,0.0,0.2627,0.0,-579000.0,BALANCED,6.5687
2025-05-08,URE,URE,0.0,62.82,-0.011,-219738000.0,0.0,0.0,0.2627,0.0,-579000.0,BALANCED,6.5687
2025-05-09,URE,URE,0.0,63.6,0.0124,-219738000.0,0.0,0.0,0.2627,0.0,-579000.0,BALANCED,6.5687
2025-05-12,URE,URE,0.0,63.63,0.0005,-219738000.0,0.0,0.0,0.2627,0.0,-579000.0,BALANCED,6.5687
2025-05-13,URE,URE,0.0,61.97,-0.0262,-219738000.0,0.0,0.0,0.2627,0.0,-579000.0,BALANCED,6.5687
2025-05-14,URE,URE,0.0,60.89,-0.0174,-219738000.0,0.0,0.0,0.2627,0.0,-579000.0,BALANCED,6.5687
2025-05-15,URE,URE,0.0,63.11,0.0365,-219738000.0,0.0,0.0,0.2627,0.0,-579000.0,BALANCED,6.5687
2025-05-16,URE,URE,0.0,64.67,0.0248,-219738000.0,0.0,0.0,0.2627,0.0,-579000.0,BALANCED,6.5687
2025-05-19,URE,URE,0.0,64.94,0.0041,-219738000.0,0.0,0.0,0.1826,0.0,0.0,BALANCED,4.5644
2025-05-20,URE,URE,0.0,64.22,-0.0111,-219738000.0,0.0,0.0,0.1826,0.0,0.0,BALANCED,4.5644
2025-05-21,URE,URE,0.0,60.88,-0.052,-219738000.0,0.0,0.0,0.1826,0.0,0.0,BALANCED,4.5644
2025-05-22,URE,URE,0.0,60.38,-0.0082,-219738000.0,0.0,0.0,0.1826,0.0,0.0,BALANCED,4.5644
2025-05-23,URE,URE,0.0,60.39,0.0001,-219738000.0,0.0,0.0,0.1826,0.0,0.0,BALANCED,4.5644
2025-05-27,URE,URE,0.0,62.36,0.0327,-219738000.0,0.0,0.0,0.1826,0.0,0.0,BALANCED,4.5644
2025-05-28,URE,URE,0.0,62.33,-0.0005,-219738000.0,0.0,0.0,0.1826,0.0,0.0,BALANCED,4.5644
2025-05-29,URE,URE,0.0,63.5,0.0187,-219738000.0,0.0,0.0,0.1826,0.0,0.0,BALANCED,4.5644
2025-05-30,URE,URE,0.0,63.66,0.0025,-219738000.0,0.0,0.0,0.1826,0.0,0.0,BALANCED,4.5644
2025-06-02,URE,URE,0.0,63.76,0.0017,-219738000.0,0.0,0.0,0.1826,0.0,0.0,BALANCED,4.5644
2025-06-03,URE,URE,-633000.0,63.25,-0.008,-220371000.0,0.0,-633000.0,-5.2947,-633000.0,-633000.0,DISTRIBUTION,-100.0
2025-06-04,URE,URE,0.0,63.67,0.0067,-220371000.0,0.0,0.0,0.1826,-633000.0,-633000.0,BALANCED,-5.4356
2025-06-05,URE,URE,0.0,63.57,-0.0016,-220371000.0,0.0,0.0,0.1826,-633000.0,-633000.0,BALANCED,-5.4356
2025-06-06,URE,URE,0.0,63.94,0.0059,-220371000.0,0.0,0.0,0.1826,-633000.0,-633000.0,BALANCED,-5.4356
2025-06-09,URE,URE,0.0,63.92,-0.0003,-220371000.0,0.0,0.0,0.1826,-633000.0,-633000.0,BALANCED,-5.4356
2025-06-10,URE,URE,0.0,64.97,0.0164,-220371000.0,0.0,0.0,0.1826,0.0,-633000.0,BALANCED,4.5644
2025-06-11,URE,URE,0.0,64.27,-0.0109,-220371000.0,0.0,0.0,0.1826,0.0,-633000.0,BALANCED,4.5644
2025-06-12,URE,URE,0.0,65.0,0.0114,-220371000.0,0.0,0.0,0.1826,0.0,-633000.0,BALANCED,4.5644
2025-06-13,URE,URE,0.0,63.89,-0.017,-220371000.0,0.0,0.0,0.1826,0.0,-633000.0,BALANCED,4.5644
2025-06-16,URE,URE,0.0,63.94,0.0007,-220371000.0,0.0,0.0,0.1826,0.0,-633000.0,BALANCED,4.5644
2025-06-17,URE,URE,1270000.0,63.52,-0.0066,-219101000.0,1270000.0,0.0,4.7551,1270000.0,637000.0,ACCUMULATION,100.0
2025-06-18,URE,URE,0.0,63.73,0.0033,-219101000.0,0.0,0.0,-0.0809,1270000.0,637000.0,BALANCED,7.9787
2025-06-20,URE,URE,0.0,63.61,-0.0018,-219101000.0,0.0,0.0,-0.0809,1270000.0,637000.0,BALANCED,7.9787
2025-06-23,URE,URE,0.0,65.5,0.0296,-219101000.0,0.0,0.0,-0.0809,1270000.0,637000.0,BALANCED,7.9787
2025-06-24,URE,URE,-1982000.0,66.05,0.0085,-221083000.0,0.0,-1982000.0,-4.3015,-712000.0,-1345000.0,DISTRIBUTION,-100.0
2025-06-25,URE,URE,0.0,62.51,-0.0492,-221083000.0,0.0,0.0,0.0996,-1982000.0,-1345000.0,BALANCED,-7.5112
2025-06-26,URE,URE,0.0,61.72,-0.0127,-221083000.0,0.0,0.0,0.0996,-1982000.0,-1345000.0,BALANCED,-7.5112
2025-06-27,URE,URE,0.0,62.22,0.0082,-221083000.0,0.0,0.0,0.0996,-1982000.0,-1345000.0,BALANCED,-7.5112
2025-06-30,URE,URE,0.0,63.15,0.0149,-221083000.0,0.0,0.0,0.0996,-1982000.0,-1345000.0,BALANCED,-7.5112
2025-07-01,URE,URE,-639000.0,63.91,0.0121,-221722000.0,0.0,-639000.0,-1.2371,-639000.0,-1984000.0,BALANCED,-42.9265
2025-07-02,URE,URE,0.0,64.11,0.0031,-221722000.0,0.0,0.0,0.1428,-639000.0,-1351000.0,BALANCED,-6.4298
2025-07-03,URE,URE,0.0,64.22,0.0017,-221722000.0,0.0,0.0,0.1428,-639000.0,-1351000.0,BALANCED,-6.4298
2025-07-07,URE,URE,0.0,63.17,-0.0164,-221722000.0,0.0,0.0,0.1428,-639000.0,-1351000.0,BALANCED,-6.4298
2025-07-08,URE,URE,0.0,62.96,-0.0032,-221722000.0,0.0,0.0,0.1428,-639000.0,-1351000.0,BALANCED,-6.4298
2025-07-09,URE,URE,0.0,62.92,-0.0007,-221722000.0,0.0,0.0,0.1428,0.0,-1351000.0,BALANCED,3.5702
2025-07-10,URE,URE,0.0,63.53,0.0097,-221722000.0,0.0,0.0,0.1428,0.0,-1351000.0,BALANCED,3.5702
2025-07-11,URE,URE,0.0,63.4,-0.002,-221722000.0,0.0,0.0,0.1428,0.0,-1351000.0,BALANCED,3.5702
2025-07-14,URE,URE,0.0,64.24,0.0132,-221722000.0,0.0,0.0,0.1428,0.0,-1351000.0,BALANCED,3.5702
2025-07-15,URE,URE,0.0,62.58,-0.0258,-221722000.0,0.0,0.0,0.1428,0.0,-1351000.0,BALANCED,3.5702
2025-07-16,URE,URE,0.0,63.91,0.0212,-221722000.0,0.0,0.0,0.1428,0.0,-1351000.0,BALANCED,3.5702
2025-07-17,URE,URE,0.0,63.7,-0.0033,-221722000.0,0.0,0.0,0.0999,0.0,-2621000.0,BALANCED,2.4984
2025-07-18,URE,URE,0.0,64.13,0.0067,-221722000.0,0.0,0.0,0.0999,0.0,-2621000.0,BALANCED,2.4984
2025-07-21,URE,URE,0.0,64.56,0.0068,-221722000.0,0.0,0.0,0.0999,0.0,-2621000.0,BALANCED,2.4984
2025-07-22,URE,URE,0.0,66.86,0.0356,-221722000.0,0.0,0.0,0.0999,0.0,-2621000.0,BALANCED,2.4984
2025-07-23,URE,URE,0.0,67.09,0.0034,-221722000.0,0.0,0.0,0.0999,0.0,-639000.0,BALANCED,2.4984
2025-07-24,URE,URE,-669000.0,66.93,-0.0023,-222391000.0,0.0,-669000.0,-1.2949,-669000.0,-1308000.0,BALANCED,-44.372
2025-07-25,URE,URE,0.0,66.92,-0.0003,-222391000.0,0.0,0.0,0.1449,-669000.0,-1308000.0,BALANCED,-6.3772
2025-07-28,URE,URE,0.0,64.56,-0.0352,-222391000.0,0.0,0.0,0.1449,-669000.0,-1308000.0,BALANCED,-6.3772
2025-07-29,URE,URE,0.0,66.75,0.0338,-222391000.0,0.0,0.0,0.1449,-669000.0,-1308000.0,BALANCED,-6.3772
2025-07-30,URE,URE,0.0,64.82,-0.0288,-222391000.0,0.0,0.0,0.1449,-669000.0,-669000.0,BALANCED,-6.3772
2025-07-31,URE,URE,0.0,62.56,-0.035,-222391000.0,0.0,0.0,0.2808,0.0,-669000.0,BALANCED,7.02
2025-08-01,URE,URE,0.0,62.24,-0.0052,-222391000.0,0.0,0.0,0.2808,0.0,-669000.0,BALANCED,7.02
2025-08-04,URE,URE,0.0,63.23,0.016,-222391000.0,0.0,0.0,0.2808,0.0,-669000.0,BALANCED,7.02
2025-08-05,URE,URE,0.0,63.59,0.0056,-222391000.0,0.0,0.0,0.2808,0.0,-669000.0,BALANCED,7.02
2025-08-06,URE,URE,0.0,62.53,-0.0166,-222391000.0,0.0,0.0,0.2627,0.0,-669000.0,BALANCED,6.5674
2025-08-07,URE,URE,0.0,63.03,0.0079,-222391000.0,0.0,0.0,0.2627,0.0,-669000.0,BALANCED,6.5674
2025-08-08,URE,URE,0.0,61.96,-0.0169,-222391000.0,0.0,0.0,0.2627,0.0,-669000.0,BALANCED,6.5674
2025-08-11,URE,URE,0.0,61.15,-0.0131,-222391000.0,0.0,0.0,0.2627,0.0,-669000.0,BALANCED,6.5674
2025-08-12,URE,URE,0.0,61.46,0.0052,-222391000.0,0.0,0.0,0.2627,0.0,-669000.0,BALANCED,6.5674
2025-08-13,URE,URE,0.0,62.23,0.0124,-222391000.0,0.0,0.0,0.1826,0.0,-669000.0,BALANCED,4.5644
2025-08-14,URE,URE,0.0,61.32,-0.0146,-222391000.0,0.0,0.0,0.1826,0.0,-669000.0,BALANCED,4.5644
2025-08-15,URE,URE,621000.0,62.11,0.013,-221770000.0,621000.0,0.0,3.6733,621000.0,-48000.0,ACCUMULATION,100.0
2025-08-18,URE,URE,0.0,60.93,-0.0191,-221770000.0,0.0,0.0,0.0094,621000.0,-48000.0,BALANCED,10.236
2025-08-19,URE,URE,0.0,63.12,0.036,-221770000.0,0.0,0.0,0.0094,621000.0,-48000.0,BALANCED,10.236
2025-08-20,URE,URE,0.0,63.59,0.0074,-221770000.0,0.0,0.0,0.0094,621000.0,-48000.0,BALANCED,10.236
2025-08-21,URE,URE,0.0,63.1,-0.0077,-221770000.0,0.0,0.0,0.0094,621000.0,621000.0,BALANCED,10.236
2025-08-22,URE,URE,0.0,65.11,0.0319,-221770000.0,0.0,0.0,0.0094,0.0,621000.0,BALANCED,0.236
2025-08-25,URE,URE,0.0,64.41,-0.0109,-221770000.0,0.0,0.0,0.0094,0.0,621000.0,BALANCED,0.236
2025-08-26,URE,URE,0.0,63.98,-0.0066,-221770000.0,0.0,0.0,0.0094,0.0,621000.0,BALANCED,0.236
2025-08-27,URE,URE,0.0,64.53,0.0085,-221770000.0,0.0,0.0,0.0094,0.0,621000.0,BALANCED,0.236
2025-08-28,URE,URE,0.0,64.17,-0.0055,-221770000.0,0.0,0.0,0.0094,0.0,621000.0,BALANCED,0.236
2025-08-29,URE,URE,0.0,64.86,0.0107,-221770000.0,0.0,0.0,0.0094,0.0,621000.0,BALANCED,0.236
2025-09-02,URE,URE,0.0,62.62,-0.0345,-221770000.0,0.0,0.0,0.0094,0.0,621000.0,BALANCED,0.236
2025-09-03,URE,URE,0.0,62.35,-0.0043,-221770000.0,0.0,0.0,0.0094,0.0,621000.0,BALANCED,0.236
2025-09-04,URE,URE,0.0,63.14,0.0127,-221770000.0,0.0,0.0,0.0094,0.0,621000.0,BALANCED,0.236
2025-09-05,URE,URE,0.0,64.36,0.0193,-221770000.0,0.0,0.0,-0.1826,0.0,621000.0,BALANCED,-4.5644
2025-09-08,URE,URE,-635000.0,63.48,-0.0138,-222405000.0,0.0,-635000.0,-3.8473,-635000.0,-14000.0,DISTRIBUTION,-100.0
2025-09-09,URE,URE,0.0,63.44,-0.0005,-222405000.0,0.0,0.0,0.0028,-635000.0,-14000.0,BALANCED,-9.9293
2025-09-10,URE,URE,0.0,63.34,-0.0016,-222405000.0,0.0,0.0,0.0028,-635000.0,-14000.0,BALANCED,-9.9293
2025-09-11,URE,URE,-654000.0,65.42,0.0328,-223059000.0,0.0,-654000.0,-3.1034,-1289000.0,-668000.0,DISTRIBUTION,-89.5842
2025-09-12,URE,URE,0.0,64.77,-0.01,-223059000.0,0.0,0.0,0.1094,-1289000.0,-668000.0,BALANCED,-7.2654
2025-09-15,URE,URE,0.0,64.6,-0.0026,-223059000.0,0.0,0.0,0.1094,-654000.0,-1289000.0,BALANCED,-7.2654
2025-09-16,URE,URE,1277000.0,63.84,-0.0117,-221782000.0,1277000.0,0.0,4.0194,623000.0,-12000.0,ACCUMULATION,100.0
2025-09-17,URE,URE,0.0,63.75,-0.0014,-221782000.0,0.0,0.0,-0.0649,623000.0,-12000.0,BALANCED,8.3768
2025-09-18,URE,URE,0.0,63.87,0.0019,-221782000.0,0.0,0.0,-0.0649,1277000.0,-12000.0,BALANCED,8.3768
2025-09-19,URE,URE,0.0,63.25,-0.0098,-221782000.0,0.0,0.0,-0.0649,1277000.0,-12000.0,BALANCED,8.3768
2025-09-22,URE,URE,636000.0,63.6,0.0056,-221146000.0,636000.0,0.0,1.7896,1913000.0,624000.0,ACCUMULATION,56.7411
2025-09-23,URE,URE,0.0,64.59,0.0155,-221146000.0,0.0,0.0,-0.1249,636000.0,624000.0,BALANCED,6.8768
2025-09-24,URE,URE,0.0,62.91,-0.0203,-221146000.0,0.0,0.0,-0.1249,636000.0,624000.0,BALANCED,6.8768
2025-09-25,URE,URE,0.0,62.58,-0.0053,-221146000.0,0.0,0.0,-0.1249,636000.0,624000.0,BALANCED,6.8768
2025-09-26,URE,URE,0.0,63.85,0.0204,-221146000.0,0.0,0.0,-0.1249,636000.0,624000.0,BALANCED,6.8768
2025-09-29,URE,URE,0.0,64.05,0.003,-221146000.0,0.0,0.0,-0.0663,0.0,624000.0,BALANCED,-1.6578
2025-09-30,URE,URE,0.0,64.63,0.0091,-221146000.0,0.0,0.0,-0.0663,0.0,624000.0,BALANCED,-1.6578
2025-10-01,URE,URE,0.0,64.55,-0.0012,-221146000.0,0.0,0.0,-0.0663,0.0,624000.0,BALANCED,-1.6578
2025-10-02,URE,URE,0.0,63.86,-0.0106,-221146000.0,0.0,0.0,-0.0663,0.0,624000.0,BALANCED,-1.6578
2025-10-03,URE,URE,0.0,64.31,0.007,-221146000.0,0.0,0.0,-0.0663,0.0,624000.0,BALANCED,-1.6578
2025-10-06,URE,URE,-1260000.0,62.99,-0.0205,-222406000.0,0.0,-1260000.0,-3.1659,-1260000.0,-1000.0,DISTRIBUTION,-91.1471
2025-10-07,URE,URE,626000.0,62.63,-0.0057,-221780000.0,626000.0,0.0,1.5322,-634000.0,625000.0,ACCUMULATION,30.3062
2025-10-08,URE,URE,0.0,61.98,-0.0103,-221780000.0,0.0,0.0,0.0008,-634000.0,625000.0,BALANCED,-9.9796
2025-10-09,URE,URE,0.0,61.43,-0.0089,-221780000.0,0.0,0.0,0.0008,-634000.0,1279000.0,BALANCED,-9.9796
2025-10-10,URE,URE,0.0,60.05,-0.0225,-221780000.0,0.0,0.0,0.0008,-634000.0,1279000.0,BALANCED,-9.9796
2025-10-13,URE,URE,0.0,60.64,0.0098,-221780000.0,0.0,0.0,0.0008,626000.0,1279000.0,BALANCED,10.0204
2025-10-14,URE,URE,0.0,61.88,0.0205,-221780000.0,0.0,0.0,0.0008,0.0,2000.0,BALANCED,0.0204
2025-10-15,URE,URE,0.0,63.62,0.028,-221780000.0,0.0,0.0,0.0008,0.0,2000.0,BALANCED,0.0204
2025-10-16,URE,URE,-2530000.0,63.25,-0.0057,-224310000.0,0.0,-2530000.0,-3.9648,-2530000.0,-2528000.0,DISTRIBUTION,-100.0
2025-10-17,URE,URE,0.0,64.01,0.0119,-224310000.0,0.0,0.0,0.1373,-2530000.0,-2528000.0,BALANCED,-6.5681
2025-10-20,URE,URE,0.0,65.34,0.0208,-224310000.0,0.0,0.0,0.1044,-2530000.0,-3164000.0,BALANCED,-7.3892
2025-10-21,URE,URE,0.0,64.92,-0.0064,-224310000.0,0.0,0.0,0.1044,-2530000.0,-3164000.0,BALANCED,-7.3892
2025-10-22,URE,URE,0.0,65.47,0.0084,-224310000.0,0.0,0.0,0.1044,-2530000.0,-3164000.0,BALANCED,-7.3892
2025-10-23,URE,URE,0.0,65.35,-0.0018,-224310000.0,0.0,0.0,0.0698,0.0,-3164000.0,BALANCED,1.7439
2025-10-24,URE,URE,0.0,65.76,0.0063,-224310000.0,0.0,0.0,0.0698,0.0,-3164000.0,BALANCED,1.7439
2025-10-27,URE,URE,0.0,66.05,0.0044,-224310000.0,0.0,0.0,0.0698,0.0,-3164000.0,BALANCED,1.7439
2025-10-28,URE,URE,0.0,63.09,-0.0448,-224310000.0,0.0,0.0,0.155,0.0,-3164000.0,BALANCED,3.8749
2025-10-29,URE,URE,0.0,59.62,-0.055,-224310000.0,0.0,0.0,0.155,0.0,-3164000.0,BALANCED,3.8749
2025-10-30,URE,URE,0.0,60.28,0.0112,-224310000.0,0.0,0.0,0.155,0.0,-3164000.0,BALANCED,3.8749
2025-10-31,URE,URE,0.0,60.3,0.0003,-224310000.0,0.0,0.0,0.155,0.0,-3164000.0,BALANCED,3.8749
2025-11-03,URE,URE,0.0,60.08,-0.0036,-224310000.0,0.0,0.0,0.2002,0.0,-1904000.0,BALANCED,5.0055
2025-11-04,URE,URE,0.0,60.45,0.0061,-224310000.0,0.0,0.0,0.2002,0.0,-2530000.0,BALANCED,5.0055
2025-11-05,URE,URE,0.0,60.38,-0.0011,-224310000.0,0.0,0.0,0.2002,0.0,-2530000.0,BALANCED,5.0055
2025-11-06,URE,URE,0.0,59.78,-0.0101,-224310000.0,0.0,0.0,0.2002,0.0,-2530000.0,BALANCED,5.0055
2025-11-07,URE,URE,0.0,61.4,0.0271,-224310000.0,0.0,0.0,0.2002,0.0,-2530000.0,BALANCED,5.0055
2025-11-10,URE,URE,0.0,61.23,-0.0027,-224310000.0,0.0,0.0,0.2002,0.0,-2530000.0,BALANCED,5.0055
2025-11-11,URE,URE,0.0,62.58,0.0221,-224310000.0,0.0,0.0,0.2002,0.0,-2530000.0,BALANCED,5.0055
2025-11-12,URE,URE,0.0,61.62,-0.0154,-224310000.0,0.0,0.0,0.2002,0.0,-2530000.0,BALANCED,5.0055
2025-11-13,URE,URE,0.0,59.99,-0.0265,-224310000.0,0.0,0.0,0.2002,0.0,0.0,BALANCED,5.0055
2025-11-14,URE,URE,0.0,60.3,0.0052,-224310000.0,0.0,0.0,0.2002,0.0,0.0,BALANCED,5.0055
2025-11-17,URE,URE,0.0,59.52,-0.0129,-224310000.0,0.0,0.0,0.1323,0.0,0.0,BALANCED,3.3079
2025-11-18,URE,URE,0.0,59.93,0.0068,-224310000.0,0.0,0.0,0.1826,0.0,0.0,BALANCED,4.5644
2025-11-19,URE,URE,0.0,59.03,-0.015,-224310000.0,0.0,0.0,0.1826,0.0,0.0,BALANCED,4.5644
2025-11-20,URE,URE,0.0,58.56,-0.0078,-224310000.0,0.0,0.0,0.1826,0.0,0.0,BALANCED,4.5644
2025-11-21,URE,URE,0.0,60.1,0.0262,-224310000.0,0.0,0.0,0.1826,0.0,0.0,BALANCED,4.5644
2025-11-24,URE,URE,0.0,60.25,0.0026,-224310000.0,0.0,0.0,0.1826,0.0,0.0,BALANCED,4.5644
2025-11-25,URE,URE,0.0,61.18,0.0155,-224310000.0,0.0,0.0,0.1826,0.0,0.0,BALANCED,4.5644
2025-11-26,URE,URE,0.0,61.76,0.0094,-224310000.0,0.0,0.0,0.1826,0.0,0.0,BALANCED,4.5644
2025-11-28,URE,URE,622000.0,62.24,0.0079,-223688000.0,622000.0,0.0,5.2947,622000.0,622000.0,ACCUMULATION,100.0
2025-12-01,URE,URE,0.0,60.51,-0.0279,-223688000.0,0.0,0.0,-0.1826,622000.0,622000.0,BALANCED,5.4356
2025-12-02,URE,URE,0.0,60.28,-0.0038,-223688000.0,0.0,0.0,-0.1826,622000.0,622000.0,BALANCED,5.4356
2025-12-03,URE,URE,0.0,60.5,0.0036,-223688000.0,0.0,0.0,-0.1826,622000.0,622000.0,BALANCED,5.4356
2025-12-04,URE,URE,0.0,60.28,-0.0036,-223688000.0,0.0,0.0,-0.1826,622000.0,622000.0,BALANCED,5.4356
2025-12-05,URE,URE,0.0,60.21,-0.0011,-223688000.0,0.0,0.0,-0.1826,0.0,622000.0,BALANCED,-4.5644
2025-12-08,URE,URE,0.0,59.42,-0.0131,-223688000.0,0.0,0.0,-0.1826,0.0,622000.0,BALANCED,-4.5644
2025-12-09,URE,URE,0.0,58.72,-0.0119,-223688000.0,0.0,0.0,-0.1826,0.0,622000.0,BALANCED,-4.5644
2025-12-10,URE,URE,0.0,58.92,0.0034,-223688000.0,0.0,0.0,-0.1826,0.0,622000.0,BALANCED,-4.5644
2025-12-11,URE,URE,0.0,59.56,0.0109,-223688000.0,0.0,0.0,-0.1826,0.0,622000.0,BALANCED,-4.5644
2025-12-12,URE,URE,0.0,59.41,-0.0025,-223688000.0,0.0,0.0,-0.1826,0.0,622000.0,BALANCED,-4.5644
2025-12-15,URE,URE,0.0,59.9,0.0082,-223688000.0,0.0,0.0,-0.1826,0.0,622000.0,BALANCED,-4.5644
2025-12-16,URE,URE,0.0,58.84,-0.0176,-223688000.0,0.0,0.0,-0.1826,0.0,622000.0,BALANCED,-4.5644
2025-12-17,URE,URE,0.0,59.32,0.0081,-223688000.0,0.0,0.0,-0.1826,0.0,622000.0,BALANCED,-4.5644
2025-12-18,URE,URE,0.0,58.6,-0.0121,-223688000.0,0.0,0.0,-0.1826,0.0,622000.0,BALANCED,-4.5644
2025-12-19,URE,URE,0.0,58.14,-0.0079,-223688000.0,0.0,0.0,-0.1826,0.0,622000.0,BALANCED,-4.5644
2025-12-22,URE,URE,0.0,59.0,0.0149,-223688000.0,0.0,0.0,-0.1826,0.0,622000.0,BALANCED,-4.5644
2025-12-23,URE,URE,0.0,58.95,-0.001,-223688000.0,0.0,0.0,-0.1826,0.0,622000.0,BALANCED,-4.5644
2025-12-24,URE,URE,0.0,59.22,0.0133,-223688000.0,0.0,0.0,-0.1826,0.0,622000.0,BALANCED,-4.5644
2025-12-26,URE,URE,0.0,59.35,0.0023,-223688000.0,0.0,0.0,-0.1826,0.0,622000.0,BALANCED,-4.5644
2025-12-29,URE,URE,0.0,59.69,0.0058,-223688000.0,0.0,0.0,-0.1826,0.0,0.0,BALANCED,-4.5644
2025-12-30,URE,URE,0.0,59.91,0.0036,-223688000.0,0.0,0.0,-0.1826,0.0,0.0,BALANCED,-4.5644
2025-12-31,URE,URE,0.0,58.83,-0.0179,-223688000.0,0.0,0.0,-0.1826,0.0,0.0,BALANCED,-4.5644
2026-01-02,URE,URE,0.0,58.87,0.0006,-223688000.0,0.0,0.0,-0.1826,0.0,0.0,BALANCED,-4.5644
2026-01-05,URE,URE,0.0,59.02,0.0025,-223688000.0,0.0,0.0,-0.1826,0.0,0.0,BALANCED,-4.5644
2026-01-06,URE,URE,0.0,59.82,0.0136,-223688000.0,0.0,0.0,-0.1826,0.0,0.0,BALANCED,-4.5644
2026-01-07,URE,URE,0.0,58.11,-0.0286,-223688000.0,0.0,0.0,-0.1826,0.0,0.0,BALANCED,-4.5644
2026-01-08,URE,URE,0.0,59.05,0.0163,-223688000.0,0.0,0.0,-0.1826,0.0,0.0,BALANCED,-4.5644
2026-01-09,URE,URE,0.0,59.18,0.0021,-223688000.0,0.0,0.0,-0.1826,0.0,0.0,BALANCED,-4.5644
2026-01-12,URE,URE,0.0,59.49,0.0053,-223688000.0,0.0,0.0,-0.1826,0.0,0.0,BALANCED,-4.5644
2026-01-13,URE,URE,0.0,60.43,0.0157,-223688000.0,0.0,0.0,0.0,0.0,0.0,BALANCED,0.0
2026-01-14,URE,URE,0.0,61.77,0.0223,-223688000.0,0.0,0.0,0.0,0.0,0.0,BALANCED,0.0
2026-01-15,URE,URE,0.0,62.67,0.0145,-223688000.0,0.0,0.0,0.0,0.0,0.0,BALANCED,0.0
2026-01-16,URE,URE,0.0,64.19,0.0242,-223688000.0,0.0,0.0,0.0,0.0,0.0,BALANCED,0.0
2026-01-20,URE,URE,0.0,61.64,-0.0397,-223688000.0,0.0,0.0,0.0,0.0,0.0,BALANCED,0.0
2026-01-21,URE,URE,0.0,62.15,0.0083,-223688000.0,0.0,0.0,0.0,0.0,0.0,BALANCED,0.0
2026-01-22,URE,URE,0.0,60.86,-0.0208,-223688000.0,0.0,0.0,0.0,0.0,0.0,BALANCED,0.0
2026-01-23,URE,URE,0.0,61.18,0.0054,-223688000.0,0.0,0.0,0.0,0.0,0.0,BALANCED,0.0
2026-01-26,URE,URE,0.0,61.09,-0.0016,-223688000.0,0.0,0.0,0.0,0.0,0.0,BALANCED,0.0
2026-01-27,URE,URE,0.0,61.16,0.0013,-223688000.0,0.0,0.0,0.0,0.0,0.0,BALANCED,0.0
2026-01-28,URE,URE,0.0,59.93,-0.0202,-223688000.0,0.0,0.0,0.0,0.0,0.0,BALANCED,0.0
2026-01-29,URE,URE,0.0,61.52,0.0266,-223688000.0,0.0,0.0,0.0,0.0,0.0,BALANCED,0.0
2026-01-30,URE,URE,0.0,61.62,0.0016,-223688000.0,0.0,0.0,0.0,0.0,0.0,BALANCED,0.0
2026-02-02,URE,URE,0.0,60.21,-0.0228,-223688000.0,0.0,0.0,0.0,0.0,0.0,BALANCED,0.0
2026-02-03,URE,URE,0.0,59.79,-0.0071,-223688000.0,0.0,0.0,0.0,0.0,0.0,BALANCED,0.0
2026-02-04,URE,URE,0.0,61.68,0.0317,-223688000.0,0.0,0.0,0.0,0.0,0.0,BALANCED,0.0
2026-02-05,URE,URE,-610000.0,61.0,-0.011,-224298000.0,0.0,-610000.0,-5.2947,-610000.0,-610000.0,DISTRIBUTION,-100.0
2026-02-06,URE,URE,0.0,63.17,0.0356,-224298000.0,0.0,0.0,0.1826,-610000.0,-610000.0,BALANCED,-5.4356
2026-02-09,URE,URE,0.0,63.94,0.0121,-224298000.0,0.0,0.0,0.1826,-610000.0,-610000.0,BALANCED,-5.4356
2026-02-10,URE,URE,0.0,65.72,0.0279,-224298000.0,0.0,0.0,0.1826,-610000.0,-610000.0,BALANCED,-5.4356
2026-02-11,URE,URE,-1312000.0,65.62,-0.0015,-225610000.0,0.0,-1312000.0,-4.7877,-1922000.0,-1922000.0,DISTRIBUTION,-100.0
2026-02-12,URE,URE,0.0,65.77,0.0023,-225610000.0,0.0,0.0,0.2458,-1312000.0,-1922000.0,BALANCED,-3.8553
2026-02-13,URE,URE,0.0,67.69,0.0292,-225610000.0,0.0,0.0,0.2458,-1312000.0,-1922000.0,BALANCED,-3.8553
2026-02-17,URE,URE,0.0,69.03,0.0197,-225610000.0,0.0,0.0,0.2458,-1312000.0,-1922000.0,BALANCED,-3.8553
2026-02-18,URE,URE,-672000.0,67.19,-0.0265,-226282000.0,0.0,-672000.0,-2.0698,-1984000.0,-2594000.0,DISTRIBUTION,-63.7461
2026-02-19,URE,URE,0.0,66.74,-0.0068,-226282000.0,0.0,0.0,0.3057,-672000.0,-2594000.0,BALANCED,-2.3586
2026-02-20,URE,URE,0.0,67.74,0.015,-226282000.0,0.0,0.0,0.3057,-672000.0,-2594000.0,BALANCED,-2.3586
2026-02-23,URE,URE,0.0,67.93,0.0028,-226282000.0,0.0,0.0,0.3057,-672000.0,-2594000.0,BALANCED,-2.3586
2026-02-24,URE,URE,0.0,68.27,0.005,-226282000.0,0.0,0.0,0.3057,-672000.0,-2594000.0,BALANCED,-2.3586
2026-02-25,URE,URE,0.0,67.37,-0.0132,-226282000.0,0.0,0.0,0.3057,0.0,-2594000.0,BALANCED,7.6414
2026-02-26,URE,URE,-680000.0,67.98,0.0091,-226962000.0,0.0,-680000.0,-1.8884,-680000.0,-3274000.0,DISTRIBUTION,-59.2107
2026-02-27,URE,URE,0.0,68.57,0.0087,-226962000.0,0.0,0.0,0.361,-680000.0,-3274000.0,BALANCED,-0.9747
2026-03-02,URE,URE,0.0,68.9,0.0049,-226962000.0,0.0,0.0,0.361,-680000.0,-3274000.0,BALANCED,-0.9747
2026-03-03,URE,URE,0.0,68.09,-0.0118,-226962000.0,0.0,0.0,0.361,-680000.0,-3274000.0,BALANCED,-0.9747
2026-03-04,URE,URE,0.0,68.34,0.0037,-226962000.0,0.0,0.0,0.361,-680000.0,-3274000.0,BALANCED,-0.9747
2026-03-05,URE,URE,0.0,67.01,-0.0195,-226962000.0,0.0,0.0,0.361,0.0,-3274000.0,BALANCED,9.0253
2026-03-06,URE,URE,0.0,65.6,-0.021,-226962000.0,0.0,0.0,0.361,0.0,-2664000.0,BALANCED,9.0253
2026-03-09,URE,URE,0.0,65.84,0.0036,-226962000.0,0.0,0.0,0.361,0.0,-2664000.0,BALANCED,9.0253
2026-03-10,URE,URE,0.0,65.61,-0.0035,-226962000.0,0.0,0.0,0.361,0.0,-2664000.0,BALANCED,9.0253
2026-03-11,URE,URE,0.0,64.06,-0.0237,-226962000.0,0.0,0.0,0.361,0.0,-2664000.0,BALANCED,9.0253
2026-03-12,URE,URE,0.0,63.25,-0.0126,-226962000.0,0.0,0.0,0.361,0.0,-1352000.0,BALANCED,9.0253
2026-03-13,URE,URE,0.0,63.55,0.0048,-226962000.0,0.0,0.0,0.361,0.0,-1352000.0,BALANCED,9.0253
2026-03-16,URE,URE,0.0,64.5,0.0149,-226962000.0,0.0,0.0,0.361,0.0,-1352000.0,BALANCED,9.0253
2026-03-17,URE,URE,0.0,64.89,0.0061,-226962000.0,0.0,0.0,0.361,0.0,-1352000.0,BALANCED,9.0253
2026-03-18,URE,URE,0.0,62.74,-0.0331,-226962000.0,0.0,0.0,0.361,0.0,-680000.0,BALANCED,9.0253
2026-03-19,URE,URE,0.0,62.49,-0.0041,-226962000.0,0.0,0.0,0.361,0.0,-680000.0,BALANCED,9.0253
2026-03-20,URE,URE,0.0,58.52,-0.0634,-226962000.0,0.0,0.0,0.3088,0.0,-680000.0,BALANCED,7.7189
2026-03-23,URE,URE,0.0,59.31,0.0134,-226962000.0,0.0,0.0,0.3088,0.0,-680000.0,BALANCED,7.7189
2026-03-24,URE,URE,0.0,58.36,-0.0159,-226962000.0,0.0,0.0,0.3088,0.0,-680000.0,BALANCED,7.7189
2026-03-25,URE,URE,0.0,58.1,-0.001,-226962000.0,0.0,0.0,0.3088,0.0,-680000.0,BALANCED,7.7189
2026-03-26,URE,URE,0.0,58.16,0.0011,-226962000.0,0.0,0.0,0.2628,0.0,0.0,BALANCED,6.5691
2026-03-27,URE,URE,0.0,57.34,-0.0141,-226962000.0,0.0,0.0,0.2628,0.0,0.0,BALANCED,6.5691
2026-03-30,URE,URE,0.0,57.86,0.0089,-226962000.0,0.0,0.0,0.2628,0.0,0.0,BALANCED,6.5691
2026-03-31,URE,URE,0.0,59.68,0.0316,-226962000.0,0.0,0.0,0.2628,0.0,0.0,BALANCED,6.5691
2026-04-01,URE,URE,0.0,60.03,0.0058,-226962000.0,0.0,0.0,0.1826,0.0,0.0,BALANCED,4.5644
2026-04-02,URE,URE,0.0,61.95,0.0319,-226962000.0,0.0,0.0,0.1826,0.0,0.0,BALANCED,4.5644
2026-04-06,URE,URE,0.0,62.3,0.0057,-226962000.0,0.0,0.0,0.1826,0.0,0.0,BALANCED,4.5644
2026-04-07,URE,URE,0.0,62.18,-0.0019,-226962000.0,0.0,0.0,0.1826,0.0,0.0,BALANCED,4.5644
2026-04-08,URE,URE,0.0,64.3,0.0341,-226962000.0,0.0,0.0,0.1826,0.0,0.0,BALANCED,4.5644
2026-04-09,URE,URE,0.0,65.24,0.0147,-226962000.0,0.0,0.0,0.1826,0.0,0.0,BALANCED,4.5644
2026-04-10,URE,URE,0.0,65.44,0.003,-226962000.0,0.0,0.0,0.0,0.0,0.0,BALANCED,0.0
2026-04-13,URE,URE,0.0,66.1,0.0101,-226962000.0,0.0,0.0,0.0,0.0,0.0,BALANCED,0.0
2026-04-14,URE,URE,0.0,67.35,0.0188,-226962000.0,0.0,0.0,0.0,0.0,0.0,BALANCED,0.0
2026-04-15,URE,URE,0.0,67.27,-0.0012,-226962000.0,0.0,0.0,0.0,0.0,0.0,BALANCED,0.0
2026-04-16,URE,URE,0.0,68.51,0.0185,-226962000.0,0.0,0.0,0.0,0.0,0.0,BALANCED,0.0
2026-04-17,URE,URE,0.0,70.59,0.0304,-226962000.0,0.0,0.0,0.0,0.0,0.0,BALANCED,0.0
2026-04-20,URE,URE,0.0,71.01,0.006,-226962000.0,0.0,0.0,0.0,0.0,0.0,BALANCED,0.0
2026-04-21,URE,URE,-2046000.0,68.2,-0.0397,-229008000.0,0.0,-2046000.0,-5.2947,-2046000.0,-2046000.0,DISTRIBUTION,-100.0
2026-04-22,URE,URE,0.0,67.29,-0.0134,-229008000.0,0.0,0.0,0.1826,-2046000.0,-2046000.0,BALANCED,-5.4356
2026-04-23,URE,URE,0.0,68.88,0.0237,-229008000.0,0.0,0.0,0.1826,-2046000.0,-2046000.0,BALANCED,-5.4356
2026-04-24,URE,URE,0.0,68.32,-0.0081,-229008000.0,0.0,0.0,0.1826,-2046000.0,-2046000.0,BALANCED,-5.4356
2026-04-27,URE,URE,-672000.0,67.18,-0.0167,-229680000.0,0.0,-672000.0,-1.4941,-2718000.0,-2718000.0,BALANCED,-49.3517
2026-04-28,URE,URE,0.0,68.6,0.0211,-229680000.0,0.0,0.0,0.2328,-672000.0,-2718000.0,BALANCED,-4.1795
2026-04-29,URE,URE,0.0,67.7,-0.0132,-229680000.0,0.0,0.0,0.2328,-672000.0,-2718000.0,BALANCED,-4.1795
2026-04-30,URE,URE,0.0,70.09,0.0353,-229680000.0,0.0,0.0,0.2328,-672000.0,-2718000.0,BALANCED,-4.1795
2026-05-01,URE,URE,0.0,69.73,-0.005,-229680000.0,0.0,0.0,0.2328,-672000.0,-2718000.0,BALANCED,-4.1795
2026-05-04,URE,URE,0.0,68.96,-0.0111,-229680000.0,0.0,0.0,0.2328,0.0,-2718000.0,BALANCED,5.8205
2026-05-05,URE,URE,0.0,69.25,0.0042,-229680000.0,0.0,0.0,0.2328,0.0,-2718000.0,BALANCED,5.8205
2026-05-06,URE,URE,0.0,71.11,0.0269,-229680000.0,0.0,0.0,0.2328,0.0,-2718000.0,BALANCED,5.8205
2026-05-07,URE,URE,0.0,69.91,-0.0168,-229680000.0,0.0,0.0,0.2328,0.0,-2718000.0,BALANCED,5.8205
2026-05-08,URE,URE,0.0,70.01,0.0013,-229680000.0,0.0,0.0,0.2328,0.0,-2718000.0,BALANCED,5.8205
2026-05-11,URE,URE,0.0,70.49,0.0069,-229680000.0,0.0,0.0,0.2328,0.0,-2718000.0,BALANCED,5.8205
2026-05-12,URE,URE,0.0,70.49,0.0,-229680000.0,0.0,0.0,0.2328,0.0,-2718000.0,BALANCED,5.8205
2026-05-13,URE,URE,0.0,69.26,-0.0176,-229680000.0,0.0,0.0,0.2328,0.0,-2718000.0,BALANCED,5.8205
2026-05-14,URE,URE,0.0,68.31,-0.0137,-229680000.0,0.0,0.0,0.2328,0.0,-2718000.0,BALANCED,5.8205
2026-05-15,URE,URE,0.0,66.14,-0.0318,-229680000.0,0.0,0.0,0.2328,0.0,-2718000.0,BALANCED,5.8205
2026-05-18,URE,URE,0.0,67.76,0.0245,-229680000.0,0.0,0.0,0.2328,0.0,-2718000.0,BALANCED,5.8205
2026-05-19,URE,URE,0.0,68.33,0.0085,-229680000.0,0.0,0.0,0.2328,0.0,-672000.0,BALANCED,5.8205
2026-05-20,URE,URE,0.0,69.96,0.0238,-229680000.0,0.0,0.0,0.2328,0.0,-672000.0,BALANCED,5.8205
2026-05-21,URE,URE,0.0,70.11,0.0022,-229680000.0,0.0,0.0,0.2328,0.0,-672000.0,BALANCED,5.8205
2026-05-22,URE,URE,0.0,70.23,0.0018,-229680000.0,0.0,0.0,0.2328,0.0,-672000.0,BALANCED,5.8205
2026-05-26,URE,URE,0.0,70.68,0.0064,-229680000.0,0.0,0.0,0.2328,0.0,0.0,BALANCED,5.8205
2026-05-27,URE,URE,0.0,70.36,-0.0046,-229680000.0,0.0,0.0,0.2328,0.0,0.0,BALANCED,5.8205
2026-05-28,URE,URE,0.0,69.68,-0.0096,-229680000.0,0.0,0.0,0.2328,0.0,0.0,BALANCED,5.8205
2026-05-29,URE,URE,0.0,68.36,-0.019,-229680000.0,0.0,0.0,0.2328,0.0,0.0,BALANCED,5.8205
2026-06-01,URE,URE,0.0,66.16,-0.0321,-229680000.0,0.0,0.0,0.2328,0.0,0.0,BALANCED,5.8205
2026-06-02,URE,URE,0.0,66.73,0.0085,-229680000.0,0.0,0.0,0.2328,0.0,0.0,BALANCED,5.8205
2026-06-03,URE,URE,0.0,66.75,0.0004,-229680000.0,0.0,0.0,0.1826,0.0,0.0,BALANCED,4.5644
2026-06-04,URE,URE,0.0,69.59,0.0426,-229680000.0,0.0,0.0,0.1826,0.0,0.0,BALANCED,4.5644
2026-06-05,URE,URE,0.0,70.5,0.013,-229680000.0,0.0,0.0,0.1826,0.0,0.0,BALANCED,4.5644
2026-06-08,URE,URE,0.0,68.32,-0.0309,-229680000.0,0.0,0.0,0.1826,0.0,0.0,BALANCED,4.5644
2026-06-09,URE,URE,0.0,71.29,0.0434,-229680000.0,0.0,0.0,0.0,0.0,0.0,BALANCED,0.0
2026-06-10,URE,URE,0.0,71.3,0.0001,-229680000.0,0.0,0.0,0.0,0.0,0.0,BALANCED,0.0
2026-06-11,URE,URE,0.0,71.02,-0.0039,-229680000.0,0.0,0.0,0.0,0.0,0.0,BALANCED,0.0
2026-06-12,URE,URE,0.0,72.42,0.0197,-229680000.0,0.0,0.0,0.0,0.0,0.0,BALANCED,0.0
2026-06-15,URE,URE,0.0,71.2,-0.0169,-229680000.0,0.0,0.0,0.0,0.0,0.0,BALANCED,0.0
2026-06-16,URE,URE,0.0,71.49,0.0041,-229680000.0,0.0,0.0,0.0,0.0,0.0,BALANCED,0.0
2026-06-17,URE,URE,0.0,67.95,-0.0495,-229680000.0,0.0,0.0,0.0,0.0,0.0,BALANCED,0.0
2026-06-18,URE,URE,0.0,67.58,-0.0054,-229680000.0,0.0,0.0,0.0,0.0,0.0,BALANCED,0.0
2026-06-22,URE,URE,0.0,69.28,0.0251,-229680000.0,0.0,0.0,0.0,0.0,0.0,BALANCED,0.0
2026-06-23,URE,URE,0.0,71.17,0.0272,-229680000.0,0.0,0.0,0.0,0.0,0.0,BALANCED,0.0
2026-06-24,URE,URE,0.0,70.36,-0.0113,-229680000.0,0.0,0.0,0.0,0.0,0.0,BALANCED,0.0
2026-06-25,URE,URE,0.0,70.64,0.0039,-229680000.0,0.0,0.0,0.0,0.0,0.0,BALANCED,0.0
2026-06-26,URE,URE,0.0,72.73,0.0297,-229680000.0,0.0,0.0,0.0,0.0,0.0,BALANCED,0.0
2026-06-29,URE,URE,0.0,71.69,-0.0143,-229680000.0,0.0,0.0,0.0,0.0,0.0,BALANCED,0.0
2026-06-30,URE,URE,0.0,68.79,-0.0405,-229680000.0,0.0,0.0,0.0,0.0,0.0,BALANCED,0.0
2026-07-01,URE,URE,0.0,69.22,0.0063,-229680000.0,0.0,0.0,0.0,0.0,0.0,BALANCED,0.0
2026-07-02,URE,URE,0.0,70.86,0.0236,-229680000.0,0.0,0.0,0.0,0.0,0.0,BALANCED,0.0
2026-07-06,URE,URE,-695000.0,69.52,-0.0189,-230375000.0,0.0,-695000.0,-5.2947,-695000.0,-695000.0,DISTRIBUTION,-100.0
2026-07-07,URE,URE,0.0,71.46,0.028,-230375000.0,0.0,0.0,0.1826,-695000.0,-695000.0,BALANCED,-5.4356
2026-07-08,URE,URE,0.0,69.05,-0.0337,-230375000.0,0.0,0.0,0.1826,-695000.0,-695000.0,BALANCED,-5.4356
2026-07-09,URE,URE,0.0,69.26,0.0031,-230375000.0,0.0,0.0,0.1826,-695000.0,-695000.0,BALANCED,-5.4356
2026-07-10,URE,URE,0.0,69.96,0.0101,-230375000.0,0.0,0.0,0.1826,-695000.0,-695000.0,BALANCED,-5.4356
2026-07-13,URE,URE,0.0,70.67,0.0101,-230375000.0,0.0,0.0,0.1826,0.0,-695000.0,BALANCED,4.5644
2026-07-14,URE,URE,0.0,70.02,-0.0092,-230375000.0,0.0,0.0,0.1826,0.0,-695000.0,BALANCED,4.5644
2026-07-15,URE,URE,0.0,70.23,0.003,-230375000.0,0.0,0.0,0.1826,0.0,-695000.0,BALANCED,4.5644
2026-07-16,URE,URE,0.0,73.13,0.0413,-230375000.0,0.0,0.0,0.1826,0.0,-695000.0,BALANCED,4.5644
2026-07-17,URE,URE,0.0,72.97,-0.0022,-230375000.0,0.0,0.0,0.1826,0.0,-695000.0,BALANCED,4.5644
2026-07-20,URE,URE,0.0,72.29,-0.0094,-230375000.0,0.0,0.0,0.1826,0.0,-695000.0,BALANCED,4.5644
2026-07-21,URE,URE,0.0,72.2,-0.0013,-230375000.0,0.0,0.0,0.1826,0.0,-695000.0,BALANCED,4.5644
2026-07-22,URE,URE,0.0,71.54,-0.0091,-230375000.0,0.0,0.0,0.1826,0.0,-695000.0,BALANCED,4.5644
2026-07-23,URE,URE,0.0,71.33,-0.003,-230375000.0,0.0,0.0,0.1826,0.0,-695000.0,BALANCED,4.5644
2026-07-24,URE,URE,0.0,74.47,0.044,-230375000.0,0.0,0.0,0.1826,0.0,-695000.0,BALANCED,4.5644
2026-07-27,URE,URE,0.0,73.88,-0.0078,-230375000.0,0.0,0.0,0.1826,0.0,-695000.0,BALANCED,4.5644
2026-07-28,URE,URE,0.0,74.58,0.0095,-230375000.0,0.0,0.0,0.1826,0.0,-695000.0,BALANCED,4.5644
2026-07-29,URE,URE,0.0,74.43,-0.0021,-230375000.0,0.0,0.0,0.1826,0.0,-695000.0,BALANCED,4.5644
2026-07-30,URE,URE,2170000.0,72.35,-0.028,-228205000.0,2170000.0,0.0,5.0477,2170000.0,1475000.0,ACCUMULATION,100.0
2026-07-31,URE,URE,0.0,71.47,-0.0121,-228205000.0,0.0,0.0,-0.117,2170000.0,1475000.0,BALANCED,7.0745
2026-08-03,URE,URE,0.0,71.9,0.006,-228205000.0,0.0,0.0,-0.117,2170000.0,2170000.0,BALANCED,7.0745
2026-08-04,URE,URE,0.0,71.84,-0.0009,-228205000.0,0.0,0.0,-0.117,2170000.0,2170000.0,BALANCED,7.0745
2026-08-05,URE,URE,0.0,71.96,0.0017,-228205000.0,0.0,0.0,-0.117,2170000.0,2170000.0,BALANCED,7.0745
2026-08-06,URE,URE,0.0,70.64,-0.0184,-228205000.0,0.0,0.0,-0.117,0.0,2170000.0,BALANCED,-2.9255
2026-08-07,URE,URE,0.0,71.26,0.0089,-228205000.0,0.0,0.0,-0.117,0.0,2170000.0,BALANCED,-2.9255
2026-08-10,URE,URE,0.0,69.4,-0.0262,-228205000.0,0.0,0.0,-0.117,0.0,2170000.0,BALANCED,-2.9255
2026-08-11,URE,URE,-2048000.0,68.25,-0.0165,-230253000.0,0.0,-2048000.0,-3.5683,-2048000.0,122000.0,DISTRIBUTION,-100.0
2026-08-12,URE,URE,0.0,69.6,0.0197,-230253000.0,0.0,0.0,0.0336,-2048000.0,122000.0,BALANCED,-9.1602
2026-08-13,URE,URE,0.0,71.56,0.0283,-230253000.0,0.0,0.0,0.0336,-2048000.0,122000.0,BALANCED,-9.1602
2026-08-14,URE,URE,0.0,71.98,0.0059,-230253000.0,0.0,0.0,0.0336,-2048000.0,122000.0,BALANCED,-9.1602
2026-08-17,URE,URE,0.0,70.55,-0.0199,-230253000.0,0.0,0.0,-0.0073,-2048000.0,122000.0,BALANCED,-10.1835
2026-08-18,URE,URE,0.0,69.9,-0.0092,-230253000.0,0.0,0.0,-0.0073,0.0,122000.0,BALANCED,-0.1835
2026-08-19,URE,URE,0.0,71.11,0.0173,-230253000.0,0.0,0.0,-0.0073,0.0,122000.0,BALANCED,-0.1835
2026-08-20,URE,URE,0.0,71.32,0.0029,-230253000.0,0.0,0.0,-0.0073,0.0,122000.0,BALANCED,-0.1835
2026-08-21,URE,URE,0.0,71.26,-0.0008,-230253000.0,0.0,0.0,-0.0073,0.0,122000.0,BALANCED,-0.1835
2026-08-24,URE,URE,0.0,72.13,0.0121,-230253000.0,0.0,0.0,-0.0073,0.0,122000.0,BALANCED,-0.1835
2026-08-25,URE,URE,0.0,72.16,0.0004,-230253000.0,0.0,0.0,-0.0073,0.0,122000.0,BALANCED,-0.1835
2026-08-26,URE,URE,0.0,71.29,-0.012,-230253000.0,0.0,0.0,-0.0073,0.0,122000.0,BALANCED,-0.1835
2026-08-27,URE,URE,0.0,69.9,-0.0195,-230253000.0,0.0,0.0,-0.0073,0.0,-2048000.0,BALANCED,-0.1835
2026-08-28,URE,URE,0.0,69.3,-0.0085,-230253000.0,0.0,0.0,-0.0073,0.0,-2048000.0,BALANCED,-0.1835
2026-08-31,URE,URE,0.0,68.17,-0.0163,-230253000.0,0.0,0.0,-0.0073,0.0,-2048000.0,BALANCED,-0.1835
2026-09-01,URE,URE,0.0,67.98,-0.0027,-230253000.0,0.0,0.0,-0.0073,0.0,-2048000.0,BALANCED,-0.1835
2026-09-02,URE,URE,0.0,66.98,-0.0147,-230253000.0,0.0,0.0,-0.0073,0.0,-2048000.0,BALANCED,-0.1835
2026-09-03,URE,URE,0.0,68.61,0.0243,-230253000.0,0.0,0.0,-0.0073,0.0,-2048000.0,BALANCED,-0.1835
2026-09-04,URE,URE,0.0,67.51,-0.016,-230253000.0,0.0,0.0,-0.0073,0.0,-2048000.0,BALANCED,-0.1835
2026-09-08,URE,URE,0.0,67.38,-0.002,-230253000.0,0.0,0.0,-0.0073,0.0,-2048000.0,BALANCED,-0.1835
2026-09-09,URE,URE,0.0,65.9,-0.0219,-230253000.0,0.0,0.0,-0.0073,0.0,0.0,BALANCED,-0.1835
2026-09-10,URE,URE,0.0,64.74,-0.0176,-230253000.0,0.0,0.0,-0.0073,0.0,0.0,BALANCED,-0.1835
2026-09-11,URE,URE,0.0,65.86,0.0173,-230253000.0,0.0,0.0,0.1826,0.0,0.0,BALANCED,4.5644
2026-09-14,URE,URE,0.0,64.99,-0.0132,-230253000.0,0.0,0.0,0.1826,0.0,0.0,BALANCED,4.5644
2026-09-15,URE,URE,0.0,64.85,-0.0021,-230253000.0,0.0,0.0,0.1826,0.0,0.0,BALANCED,4.5644
2026-09-16,URE,URE,0.0,63.93,-0.0142,-230253000.0,0.0,0.0,0.1826,0.0,0.0,BALANCED,4.5644
2026-09-17,URE,URE,-644000.0,64.42,0.0076,-230897000.0,0.0,-644000.0,-1.4282,-644000.0,-644000.0,BALANCED,-47.7061
2026-09-18,URE,URE,0.0,63.12,-0.0201,-230897000.0,0.0,0.0,0.2312,-644000.0,-644000.0,BALANCED,-4.2193
2026-09-21,URE,URE,0.0,64.34,0.0192,-230897000.0,0.0,0.0,0.2312,-644000.0,-644000.0,BALANCED,-4.2193
2026-09-22,URE,URE,0.0,64.09,-0.0039,-230897000.0,0.0,0.0,0.2312,-644000.0,-644000.0,BALANCED,-4.2193
2026-09-23,URE,URE,0.0,61.88,-0.0306,-230897000.0,0.0,0.0,0.1826,-644000.0,-644000.0,BALANCED,-5.4356
