date,ticker,trackinsight_key,usd_flow,nav,perf_pct,cumulative_flow,daily_inflow,daily_outflow,flow_zscore,flow_5d,flow_20d,regime,pressure
2020-01-02,WEBL,WEBL,0.0,29.184,0.0,0.0,0.0,0.0,0.0,0.0,0.0,BALANCED,0.0
2020-01-03,WEBL,WEBL,2000.0,28.576,-0.0208,2000.0,2000.0,0.0,0.0,2000.0,2000.0,BALANCED,12.0
2020-01-06,WEBL,WEBL,2000.0,29.726,0.0402,4000.0,2000.0,0.0,0.0,4000.0,4000.0,BALANCED,14.0
2020-01-07,WEBL,WEBL,-1000.0,29.811,0.0029,3000.0,0.0,-1000.0,0.0,3000.0,3000.0,BALANCED,8.0
2020-01-08,WEBL,WEBL,0.0,30.642,0.0279,3000.0,0.0,0.0,-0.4472,3000.0,3000.0,BALANCED,-1.1803
2020-01-09,WEBL,WEBL,2000.0,31.316,0.022,5000.0,2000.0,0.0,0.8777,5000.0,5000.0,BALANCED,33.9437
2020-01-10,WEBL,WEBL,-2000.0,30.954,-0.0116,3000.0,0.0,-2000.0,-1.5006,1000.0,3000.0,DISTRIBUTION,-29.5162
2020-01-13,WEBL,WEBL,0.0,32.099,0.037,3000.0,0.0,0.0,-0.249,-1000.0,3000.0,BALANCED,-16.2253
2020-01-14,WEBL,WEBL,1000.0,32.185,0.0027,4000.0,1000.0,0.0,0.3901,1000.0,4000.0,BALANCED,21.7534
2020-01-15,WEBL,WEBL,-2000.0,32.325,0.0043,2000.0,0.0,-2000.0,-1.4201,-1000.0,2000.0,BALANCED,-47.5023
2020-01-16,WEBL,WEBL,2000.0,33.589,0.0391,4000.0,2000.0,0.0,1.0445,-1000.0,4000.0,BALANCED,18.1116
2020-01-17,WEBL,WEBL,0.0,33.644,0.0016,4000.0,0.0,0.0,-0.2226,1000.0,4000.0,BALANCED,4.4351
2020-01-21,WEBL,WEBL,3000.0,33.635,-0.0003,7000.0,3000.0,0.0,1.5258,4000.0,7000.0,ACCUMULATION,50.1457
2020-01-22,WEBL,WEBL,2000.0,33.5,-0.004,9000.0,2000.0,0.0,0.8491,5000.0,9000.0,BALANCED,35.2263
2020-01-23,WEBL,WEBL,2000.0,34.29,0.0236,11000.0,2000.0,0.0,0.8019,9000.0,11000.0,BALANCED,36.0469
2020-01-24,WEBL,WEBL,-18000.0,33.494,-0.0232,-7000.0,0.0,-18000.0,-3.5655,-11000.0,-7000.0,DISTRIBUTION,-100.0
2020-01-27,WEBL,WEBL,-7000.0,31.553,-0.058,-14000.0,0.0,-7000.0,-1.2284,-18000.0,-14000.0,BALANCED,-44.7112
2020-01-28,WEBL,WEBL,-0.0,32.584,0.0327,-14000.0,-0.0,-0.0,0.1593,-21000.0,-14000.0,BALANCED,-6.0168
2020-01-29,WEBL,WEBL,-0.0,32.426,-0.0048,-14000.0,-0.0,-0.0,0.1552,-23000.0,-14000.0,BALANCED,-6.1198
2020-01-30,WEBL,WEBL,0.0,32.34,-0.0027,-14000.0,0.0,0.0,0.1514,-25000.0,-14000.0,BALANCED,-6.2152
2020-01-31,WEBL,WEBL,0.0,31.039,-0.0402,-14000.0,0.0,0.0,0.1478,-7000.0,-14000.0,BALANCED,-6.3039
2020-02-03,WEBL,WEBL,0.0,32.374,0.043,-14000.0,0.0,0.0,0.1445,0.0,-16000.0,BALANCED,3.6133
2020-02-04,WEBL,WEBL,0.0,34.369,0.0616,-14000.0,0.0,0.0,0.1414,0.0,-18000.0,BALANCED,3.5359
2020-02-05,WEBL,WEBL,-3000.0,33.5,-0.0253,-17000.0,0.0,-3000.0,-0.5408,-3000.0,-20000.0,BALANCED,-25.5208
2020-02-06,WEBL,WEBL,-1000.0,34.639,0.034,-18000.0,0.0,-1000.0,-0.0675,-4000.0,-21000.0,BALANCED,-15.6874
2020-02-07,WEBL,WEBL,1000.0,34.293,-0.01,-17000.0,1000.0,0.0,0.4055,-3000.0,-22000.0,BALANCED,2.1372
2020-02-10,WEBL,WEBL,4000.0,35.12,0.0241,-13000.0,4000.0,0.0,1.0934,1000.0,-16000.0,BALANCED,41.3361
2020-02-11,WEBL,WEBL,-6000.0,35.35,0.0065,-19000.0,0.0,-6000.0,-1.2808,-5000.0,-22000.0,BALANCED,-44.019
2020-02-12,WEBL,WEBL,-0.0,36.197,0.024,-19000.0,-0.0,-0.0,0.1605,-2000.0,-23000.0,BALANCED,-5.9874
2020-02-13,WEBL,WEBL,0.0,36.326,0.0036,-19000.0,0.0,0.0,0.1578,-1000.0,-21000.0,BALANCED,-6.0543
2020-02-14,WEBL,WEBL,-1000.0,36.7,0.0103,-20000.0,0.0,-1000.0,-0.0831,-3000.0,-24000.0,BALANCED,-14.0774
2020-02-18,WEBL,WEBL,0.0,37.431,0.0199,-20000.0,0.0,0.0,0.1842,-7000.0,-24000.0,BALANCED,-5.3961
2020-02-19,WEBL,WEBL,2000.0,37.55,0.0032,-18000.0,2000.0,0.0,0.6864,1000.0,-25000.0,BALANCED,29.1599
2020-02-20,WEBL,WEBL,2000.0,37.75,0.0053,-16000.0,2000.0,0.0,0.6562,3000.0,-25000.0,BALANCED,30.406
2020-02-21,WEBL,WEBL,7000.0,35.854,-0.0502,-9000.0,7000.0,0.0,1.7422,10000.0,-20000.0,ACCUMULATION,59.5549
2020-02-24,WEBL,WEBL,-27000.0,32.029,-0.1067,-36000.0,0.0,-27000.0,-3.9899,-16000.0,-29000.0,DISTRIBUTION,-100.0
2020-02-25,WEBL,WEBL,-5000.0,28.732,-0.1029,-41000.0,0.0,-5000.0,-0.5471,-21000.0,-27000.0,BALANCED,-27.6781
2020-02-26,WEBL,WEBL,-8000.0,29.65,0.032,-49000.0,0.0,-8000.0,-0.9553,-31000.0,-35000.0,BALANCED,-39.8831
2020-02-27,WEBL,WEBL,-18000.0,26.473,-0.1072,-67000.0,0.0,-18000.0,-2.1788,-51000.0,-53000.0,DISTRIBUTION,-72.471
2020-02-28,WEBL,WEBL,-3000.0,25.93,-0.0205,-70000.0,0.0,-3000.0,-0.0836,-61000.0,-56000.0,BALANCED,-22.0904
2020-03-02,WEBL,WEBL,-22000.0,28.1,0.0837,-92000.0,0.0,-22000.0,-2.361,-56000.0,-78000.0,DISTRIBUTION,-81.0241
2020-03-03,WEBL,WEBL,-4000.0,26.084,-0.0717,-96000.0,0.0,-4000.0,-0.084,-55000.0,-82000.0,BALANCED,-26.0988
2020-03-04,WEBL,WEBL,-7000.0,28.495,0.0924,-103000.0,0.0,-7000.0,-0.4233,-54000.0,-89000.0,BALANCED,-36.5814
2020-03-05,WEBL,WEBL,-6000.0,26.036,-0.0863,-109000.0,0.0,-6000.0,-0.2645,-42000.0,-92000.0,BALANCED,-34.6136
2020-03-06,WEBL,WEBL,2000.0,24.55,-0.0571,-107000.0,2000.0,0.0,0.7595,-37000.0,-89000.0,BALANCED,10.9875
2020-03-09,WEBL,WEBL,-7000.0,21.56,-0.1218,-114000.0,0.0,-7000.0,-0.4655,-22000.0,-97000.0,BALANCED,-23.6383
2020-03-10,WEBL,WEBL,0.0,21.998,0.0203,-114000.0,0.0,0.0,0.4521,-18000.0,-101000.0,BALANCED,1.3018
2020-03-11,WEBL,WEBL,-8000.0,18.727,-0.1487,-122000.0,0.0,-8000.0,-0.5951,-19000.0,-103000.0,BALANCED,-26.8782
2020-03-12,WEBL,WEBL,-10000.0,14.001,-0.2524,-132000.0,0.0,-10000.0,-0.8142,-23000.0,-113000.0,BALANCED,-34.3561
2020-03-13,WEBL,WEBL,-14000.0,16.588,0.1848,-146000.0,0.0,-14000.0,-1.2579,-39000.0,-127000.0,BALANCED,-47.4463
2020-03-16,WEBL,WEBL,-10000.0,12.09,-0.2712,-156000.0,0.0,-10000.0,-0.6883,-42000.0,-136000.0,BALANCED,-35.2077
2020-03-17,WEBL,WEBL,-5000.0,12.361,0.0224,-161000.0,0.0,-5000.0,-0.0132,-47000.0,-141000.0,BALANCED,-20.329
2020-03-18,WEBL,WEBL,-9000.0,11.307,-0.0853,-170000.0,0.0,-9000.0,-0.5015,-48000.0,-152000.0,BALANCED,-34.5384
2020-03-19,WEBL,WEBL,1000.0,12.897,0.1406,-169000.0,1000.0,0.0,0.7929,-37000.0,-153000.0,BALANCED,11.8215
2020-03-20,WEBL,WEBL,-3000.0,12.75,-0.0114,-172000.0,0.0,-3000.0,0.2798,-26000.0,-163000.0,BALANCED,-5.0042
2020-03-23,WEBL,WEBL,-2000.0,12.54,-0.0165,-174000.0,0.0,-2000.0,0.4277,-18000.0,-138000.0,BALANCED,-3.3075
2020-03-24,WEBL,WEBL,16000.0,15.48,0.2344,-158000.0,16000.0,0.0,2.4973,3000.0,-117000.0,ACCUMULATION,74.4337
2020-03-25,WEBL,WEBL,6000.0,14.474,-0.065,-152000.0,6000.0,0.0,1.2176,18000.0,-103000.0,BALANCED,44.4395
2020-03-26,WEBL,WEBL,3000.0,16.47,0.1379,-149000.0,3000.0,0.0,0.8488,20000.0,-82000.0,BALANCED,37.22
2020-03-27,WEBL,WEBL,6000.0,15.142,-0.0806,-143000.0,6000.0,0.0,1.1501,29000.0,-73000.0,BALANCED,46.7514
2020-03-30,WEBL,WEBL,9000.0,16.241,0.0726,-134000.0,9000.0,0.0,1.4039,40000.0,-42000.0,BALANCED,55.0969
2020-03-31,WEBL,WEBL,7000.0,15.627,-0.0378,-127000.0,7000.0,0.0,1.1355,31000.0,-31000.0,BALANCED,50.3872
2020-04-01,WEBL,WEBL,-2000.0,13.704,-0.1231,-129000.0,0.0,-2000.0,0.1837,23000.0,-26000.0,BALANCED,12.5937
2020-04-02,WEBL,WEBL,-2000.0,13.84,0.0099,-131000.0,0.0,-2000.0,0.1994,18000.0,-22000.0,BALANCED,10.9843
2020-04-03,WEBL,WEBL,-4000.0,13.39,-0.0325,-135000.0,0.0,-4000.0,0.0223,8000.0,-28000.0,BALANCED,4.5577
2020-04-06,WEBL,WEBL,-2000.0,16.54,0.2353,-137000.0,0.0,-2000.0,0.1737,-3000.0,-23000.0,BALANCED,-13.6572
2020-04-07,WEBL,WEBL,5000.0,16.57,0.0018,-132000.0,5000.0,0.0,1.0034,-5000.0,-18000.0,BALANCED,17.0841
2020-04-08,WEBL,WEBL,7000.0,18.08,0.0911,-125000.0,7000.0,0.0,1.1694,4000.0,-3000.0,BALANCED,43.2341
2020-04-09,WEBL,WEBL,15000.0,18.64,0.031,-110000.0,15000.0,0.0,1.9992,21000.0,22000.0,ACCUMULATION,65.9812
2020-04-13,WEBL,WEBL,9000.0,18.871,0.0124,-101000.0,9000.0,0.0,1.1902,34000.0,45000.0,BALANCED,47.7542
2020-04-14,WEBL,WEBL,0.0,20.87,0.1059,-101000.0,0.0,0.0,0.0403,36000.0,55000.0,BALANCED,11.0077
2020-04-15,WEBL,WEBL,4000.0,20.34,-0.0254,-97000.0,4000.0,0.0,0.5415,35000.0,64000.0,BALANCED,25.5372
2020-04-16,WEBL,WEBL,-3000.0,20.82,0.0236,-100000.0,0.0,-3000.0,-0.4215,25000.0,70000.0,BALANCED,-2.5373
2020-04-17,WEBL,WEBL,-3000.0,21.76,0.0451,-103000.0,0.0,-3000.0,-0.439,7000.0,66000.0,BALANCED,-4.9753
2020-04-20,WEBL,WEBL,4000.0,22.379,0.0284,-99000.0,4000.0,0.0,0.5104,2000.0,73000.0,BALANCED,24.7588
2020-04-21,WEBL,WEBL,-15000.0,19.8,-0.1152,-114000.0,0.0,-15000.0,-1.9421,-13000.0,60000.0,DISTRIBUTION,-60.552
2020-04-22,WEBL,WEBL,6000.0,22.25,0.1237,-108000.0,6000.0,0.0,0.7435,-11000.0,50000.0,BALANCED,10.5874
2020-04-23,WEBL,WEBL,-0.0,22.18,-0.0031,-108000.0,-0.0,-0.0,-0.061,-8000.0,44000.0,BALANCED,-11.5258
2020-04-24,WEBL,WEBL,4000.0,23.4,0.055,-104000.0,4000.0,0.0,0.4139,-1000.0,45000.0,BALANCED,2.3479
2020-04-27,WEBL,WEBL,0.0,24.439,0.0444,-104000.0,0.0,0.0,-0.2042,-5000.0,39000.0,BALANCED,-15.1049
2020-04-28,WEBL,WEBL,4000.0,23.0,-0.0589,-100000.0,4000.0,0.0,0.3271,14000.0,34000.0,BALANCED,20.1778
2020-04-29,WEBL,WEBL,13000.0,25.44,0.1061,-87000.0,13000.0,0.0,1.5736,21000.0,40000.0,ACCUMULATION,53.3389
2020-04-30,WEBL,WEBL,-3000.0,25.27,-0.0067,-90000.0,0.0,-3000.0,-0.8821,18000.0,39000.0,BALANCED,-14.0536
2020-05-01,WEBL,WEBL,-16000.0,22.975,-0.0908,-106000.0,0.0,-16000.0,-2.4897,-2000.0,25000.0,DISTRIBUTION,-76.2428
2020-05-04,WEBL,WEBL,0.0,24.16,0.0516,-106000.0,0.0,0.0,-0.3048,-2000.0,29000.0,BALANCED,-17.6201
2020-05-05,WEBL,WEBL,4000.0,25.15,0.041,-102000.0,4000.0,0.0,0.2228,-2000.0,35000.0,BALANCED,-2.4293
2020-05-06,WEBL,WEBL,-18000.0,25.219,0.0027,-120000.0,0.0,-18000.0,-2.5254,-33000.0,12000.0,DISTRIBUTION,-75.1359
2020-05-07,WEBL,WEBL,-6000.0,27.71,0.0988,-126000.0,0.0,-6000.0,-0.8933,-36000.0,-1000.0,BALANCED,-36.333
2020-05-08,WEBL,WEBL,0.0,28.925,0.0438,-126000.0,0.0,0.0,-0.0999,-20000.0,-16000.0,BALANCED,-12.4965
2020-05-11,WEBL,WEBL,51000.0,29.71,0.0271,-75000.0,51000.0,0.0,4.0798,31000.0,26000.0,ACCUMULATION,100.0
2020-05-12,WEBL,WEBL,0.0,28.1,-0.0542,-75000.0,0.0,0.0,-0.1655,27000.0,26000.0,BALANCED,5.8624
2020-05-13,WEBL,WEBL,0.0,26.633,-0.0522,-75000.0,0.0,0.0,-0.1463,45000.0,22000.0,BALANCED,6.343
2020-05-14,WEBL,WEBL,6000.0,27.015,0.0143,-69000.0,6000.0,0.0,0.3375,57000.0,31000.0,BALANCED,20.437
2020-05-15,WEBL,WEBL,0.0,28.575,0.0577,-69000.0,0.0,0.0,-0.1746,57000.0,34000.0,BALANCED,5.6344
2020-05-18,WEBL,WEBL,0.0,29.33,0.0264,-69000.0,0.0,0.0,-0.1867,6000.0,30000.0,BALANCED,5.3337
2020-05-19,WEBL,WEBL,15000.0,29.36,0.001,-54000.0,15000.0,0.0,1.0207,21000.0,60000.0,BALANCED,37.5186
2020-05-20,WEBL,WEBL,12000.0,31.46,0.0715,-42000.0,12000.0,0.0,0.744,33000.0,66000.0,BALANCED,32.5992
2020-05-21,WEBL,WEBL,0.0,30.54,-0.0292,-42000.0,0.0,0.0,-0.2289,27000.0,66000.0,BALANCED,4.2766
2020-05-22,WEBL,WEBL,0.0,31.6,0.0347,-42000.0,0.0,0.0,-0.191,27000.0,62000.0,BALANCED,5.226
2020-05-26,WEBL,WEBL,14000.0,31.26,-0.0108,-28000.0,14000.0,0.0,0.9637,41000.0,76000.0,BALANCED,36.0933
2020-05-27,WEBL,WEBL,36000.0,31.57,0.0099,8000.0,36000.0,0.0,2.4044,62000.0,108000.0,ACCUMULATION,74.1107
2020-05-28,WEBL,WEBL,0.0,31.515,-0.0017,8000.0,0.0,0.0,-0.2597,50000.0,95000.0,BALANCED,3.5076
2020-05-29,WEBL,WEBL,-11000.0,33.63,0.0671,-3000.0,0.0,-11000.0,-1.0399,39000.0,87000.0,BALANCED,-17.9963
2020-06-01,WEBL,WEBL,-24000.0,34.88,0.0372,-27000.0,0.0,-24000.0,-1.8263,15000.0,79000.0,DISTRIBUTION,-39.6565
2020-06-02,WEBL,WEBL,43000.0,35.045,0.0047,16000.0,43000.0,0.0,2.4027,44000.0,122000.0,ACCUMULATION,72.0671
2020-06-03,WEBL,WEBL,34000.0,35.47,0.0121,50000.0,34000.0,0.0,1.6988,42000.0,152000.0,ACCUMULATION,56.4694
2020-06-04,WEBL,WEBL,5000.0,33.813,-0.0467,55000.0,5000.0,0.0,-0.0258,47000.0,175000.0,BALANCED,15.355
2020-06-05,WEBL,WEBL,0.0,35.17,0.0401,55000.0,0.0,0.0,-0.3235,58000.0,181000.0,BALANCED,1.9129
2020-06-08,WEBL,WEBL,23000.0,36.7,0.0435,78000.0,23000.0,0.0,0.9905,105000.0,204000.0,BALANCED,36.7622
2020-06-09,WEBL,WEBL,-11000.0,36.52,-0.0049,67000.0,0.0,-11000.0,-0.9627,51000.0,142000.0,BALANCED,-16.068
2020-06-10,WEBL,WEBL,-0.0,36.94,0.0115,67000.0,-0.0,-0.0,-0.3204,17000.0,142000.0,BALANCED,1.9907
2020-06-11,WEBL,WEBL,17000.0,31.34,-0.1516,84000.0,17000.0,0.0,0.6476,29000.0,159000.0,BALANCED,28.1894
2020-06-12,WEBL,WEBL,4000.0,32.46,0.0357,88000.0,4000.0,0.0,-0.1113,33000.0,157000.0,BALANCED,11.2184
2020-06-15,WEBL,WEBL,-6000.0,34.09,0.0502,82000.0,0.0,-6000.0,-0.7202,4000.0,151000.0,BALANCED,-10.0039
2020-06-16,WEBL,WEBL,1000.0,35.9,0.0531,83000.0,1000.0,0.0,-0.3114,16000.0,152000.0,BALANCED,4.2158
2020-06-17,WEBL,WEBL,-12000.0,36.25,0.0097,71000.0,0.0,-12000.0,-1.0244,4000.0,125000.0,BALANCED,-17.6096
2020-06-18,WEBL,WEBL,14000.0,36.5,0.0069,85000.0,14000.0,0.0,0.4264,1000.0,127000.0,BALANCED,22.66
2020-06-19,WEBL,WEBL,0.0,36.82,0.0088,85000.0,0.0,0.0,-0.4215,-3000.0,127000.0,BALANCED,-20.5386
2020-06-22,WEBL,WEBL,-0.0,38.84,0.0549,85000.0,-0.0,-0.0,-0.4215,3000.0,127000.0,BALANCED,-0.5386
2020-06-23,WEBL,WEBL,-4000.0,39.26,0.0108,81000.0,0.0,-4000.0,-0.6312,-2000.0,109000.0,BALANCED,-27.78
2020-06-24,WEBL,WEBL,7000.0,36.59,-0.068,88000.0,7000.0,0.0,0.1077,17000.0,80000.0,BALANCED,14.6927
2020-06-25,WEBL,WEBL,0.0,38.06,0.0402,88000.0,0.0,0.0,-0.3735,3000.0,80000.0,BALANCED,0.6613
2020-06-26,WEBL,WEBL,-5000.0,35.61,-0.0644,83000.0,0.0,-5000.0,-0.6863,-2000.0,86000.0,BALANCED,-29.1568
2020-06-29,WEBL,WEBL,0.0,35.61,0.0,83000.0,0.0,0.0,-0.3454,-2000.0,110000.0,BALANCED,-18.6352
2020-06-30,WEBL,WEBL,0.0,37.64,0.057,83000.0,0.0,0.0,-0.3454,2000.0,67000.0,BALANCED,1.3648
2020-07-01,WEBL,WEBL,-28000.0,40.2,0.068,55000.0,0.0,-28000.0,-2.0114,-33000.0,5000.0,DISTRIBUTION,-62.2845
2020-07-02,WEBL,WEBL,25000.0,40.675,0.0118,80000.0,25000.0,0.0,1.297,-8000.0,25000.0,BALANCED,24.426
2020-07-06,WEBL,WEBL,40000.0,43.24,0.0631,120000.0,40000.0,0.0,1.9891,37000.0,65000.0,ACCUMULATION,63.7264
2020-07-07,WEBL,WEBL,45000.0,42.77,-0.0109,165000.0,45000.0,0.0,2.0269,82000.0,87000.0,ACCUMULATION,66.6725
2020-07-08,WEBL,WEBL,-13000.0,45.5,0.0638,152000.0,0.0,-13000.0,-0.9953,69000.0,85000.0,BALANCED,-16.8826
2020-07-09,WEBL,WEBL,-25000.0,46.95,0.0319,127000.0,0.0,-25000.0,-1.5219,72000.0,60000.0,DISTRIBUTION,-32.0487
2020-07-10,WEBL,WEBL,0.0,47.06,0.0023,127000.0,0.0,0.0,-0.2084,47000.0,43000.0,BALANCED,4.7896
2020-07-13,WEBL,WEBL,9000.0,41.62,-0.1156,136000.0,9000.0,0.0,0.2318,16000.0,48000.0,BALANCED,17.7945
2020-07-14,WEBL,WEBL,8000.0,42.242,0.0149,144000.0,8000.0,0.0,0.1274,-21000.0,62000.0,BALANCED,-2.8147
2020-07-15,WEBL,WEBL,35000.0,42.39,0.0035,179000.0,35000.0,0.0,1.6863,27000.0,96000.0,ACCUMULATION,58.1572
2020-07-16,WEBL,WEBL,-23000.0,41.75,-0.0151,156000.0,0.0,-23000.0,-1.5232,29000.0,85000.0,DISTRIBUTION,-30.0805
2020-07-17,WEBL,WEBL,1000.0,42.008,0.0062,157000.0,1000.0,0.0,-0.1377,30000.0,72000.0,BALANCED,8.5563
2020-07-20,WEBL,WEBL,24000.0,46.455,0.1059,181000.0,24000.0,0.0,1.1118,45000.0,96000.0,BALANCED,41.7962
2020-07-21,WEBL,WEBL,0.0,44.91,-0.0333,181000.0,0.0,0.0,-0.1966,37000.0,96000.0,BALANCED,5.0847
2020-07-22,WEBL,WEBL,16000.0,44.68,-0.0051,197000.0,16000.0,0.0,0.6709,18000.0,116000.0,BALANCED,28.7733
2020-07-23,WEBL,WEBL,-30000.0,41.85,-0.0633,167000.0,0.0,-30000.0,-1.8042,11000.0,79000.0,DISTRIBUTION,-37.1055
2020-07-24,WEBL,WEBL,-28000.0,40.82,-0.0246,139000.0,0.0,-28000.0,-1.5585,-18000.0,51000.0,DISTRIBUTION,-52.963
2020-07-27,WEBL,WEBL,14000.0,42.79,0.0483,153000.0,14000.0,0.0,0.6142,-28000.0,70000.0,BALANCED,7.3538
2020-07-28,WEBL,WEBL,-2000.0,41.05,-0.0407,151000.0,0.0,-2000.0,-0.2237,-30000.0,68000.0,BALANCED,-17.5922
2020-07-29,WEBL,WEBL,-10000.0,43.2,0.0524,141000.0,0.0,-10000.0,-0.6166,-56000.0,58000.0,BALANCED,-29.4152
2020-07-30,WEBL,WEBL,7000.0,44.05,0.0197,148000.0,7000.0,0.0,0.231,-19000.0,93000.0,BALANCED,-2.2249
2020-07-31,WEBL,WEBL,20000.0,46.151,0.0477,168000.0,20000.0,0.0,0.8908,29000.0,88000.0,BALANCED,36.2703
2020-08-03,WEBL,WEBL,36000.0,47.18,0.0223,204000.0,36000.0,0.0,1.5809,51000.0,84000.0,ACCUMULATION,55.5222
2020-08-04,WEBL,WEBL,-4000.0,47.75,0.0121,200000.0,0.0,-4000.0,-0.3858,49000.0,35000.0,BALANCED,-1.6455
2020-08-05,WEBL,WEBL,0.0,48.02,0.0057,200000.0,0.0,0.0,-0.1958,59000.0,48000.0,BALANCED,5.106
2020-08-06,WEBL,WEBL,0.0,49.04,0.0212,200000.0,0.0,0.0,-0.1842,52000.0,73000.0,BALANCED,5.3948
2020-08-07,WEBL,WEBL,10000.0,46.91,-0.0434,210000.0,10000.0,0.0,0.2925,42000.0,83000.0,BALANCED,19.3122
2020-08-10,WEBL,WEBL,17000.0,45.41,-0.032,227000.0,17000.0,0.0,0.5997,23000.0,91000.0,BALANCED,28.9919
2020-08-11,WEBL,WEBL,-29000.0,43.12,-0.0504,198000.0,0.0,-29000.0,-1.5452,-2000.0,54000.0,DISTRIBUTION,-50.6291
2020-08-12,WEBL,WEBL,0.0,44.415,0.03,198000.0,0.0,0.0,-0.1804,-2000.0,19000.0,BALANCED,-14.51
2020-08-13,WEBL,WEBL,-25000.0,45.24,0.0186,173000.0,0.0,-25000.0,-1.3712,-27000.0,17000.0,BALANCED,-46.2802
2020-08-14,WEBL,WEBL,-3000.0,44.58,-0.0146,170000.0,0.0,-3000.0,-0.2891,-40000.0,13000.0,BALANCED,-21.2278
2020-08-17,WEBL,WEBL,29000.0,45.7,0.0251,199000.0,29000.0,0.0,1.3075,-28000.0,18000.0,BALANCED,24.6876
2020-08-18,WEBL,WEBL,26000.0,48.29,0.0567,225000.0,26000.0,0.0,1.2594,27000.0,44000.0,BALANCED,45.4844
2020-08-19,WEBL,WEBL,31000.0,47.92,-0.0077,256000.0,31000.0,0.0,1.4084,58000.0,59000.0,BALANCED,51.2095
2020-08-20,WEBL,WEBL,33000.0,49.77,0.0386,289000.0,33000.0,0.0,1.415,116000.0,122000.0,BALANCED,53.3751
2020-08-21,WEBL,WEBL,3000.0,49.15,-0.0125,292000.0,3000.0,0.0,-0.1283,122000.0,153000.0,BALANCED,16.7923
2020-08-24,WEBL,WEBL,0.0,49.2,0.001,292000.0,0.0,0.0,-0.2667,93000.0,139000.0,BALANCED,3.3326
2020-08-25,WEBL,WEBL,19000.0,50.52,0.0268,311000.0,19000.0,0.0,0.6835,86000.0,160000.0,BALANCED,29.0863
2020-08-26,WEBL,WEBL,0.0,57.0,0.1283,311000.0,0.0,0.0,-0.2332,55000.0,170000.0,BALANCED,4.1709
2020-08-27,WEBL,WEBL,-22000.0,55.5,-0.0263,289000.0,0.0,-22000.0,-1.4044,0.0,141000.0,BALANCED,-37.1103
2020-08-28,WEBL,WEBL,25000.0,56.42,0.0166,314000.0,25000.0,0.0,1.0307,22000.0,146000.0,BALANCED,37.7682
2020-08-31,WEBL,WEBL,25000.0,57.65,0.0218,339000.0,25000.0,0.0,1.0271,47000.0,135000.0,BALANCED,39.6785
2020-09-01,WEBL,WEBL,0.0,63.28,0.0977,339000.0,0.0,0.0,-0.2741,28000.0,139000.0,BALANCED,3.1466
2020-09-02,WEBL,WEBL,0.0,64.92,0.0259,339000.0,0.0,0.0,-0.2475,28000.0,139000.0,BALANCED,3.8128
2020-09-03,WEBL,WEBL,87000.0,54.05,-0.1674,426000.0,87000.0,0.0,3.3667,137000.0,226000.0,ACCUMULATION,96.1669
2020-09-04,WEBL,WEBL,-97000.0,49.75,-0.0796,329000.0,0.0,-97000.0,-3.4936,15000.0,119000.0,DISTRIBUTION,-79.3401
2020-09-08,WEBL,WEBL,-88000.0,45.01,-0.0953,241000.0,0.0,-88000.0,-2.6611,-98000.0,14000.0,DISTRIBUTION,-80.5264
2020-09-09,WEBL,WEBL,0.0,48.115,0.069,241000.0,0.0,0.0,-0.0878,-98000.0,43000.0,BALANCED,-12.1953
2020-09-10,WEBL,WEBL,-89000.0,45.01,-0.0645,152000.0,0.0,-89000.0,-2.3501,-187000.0,-46000.0,DISTRIBUTION,-70.7525
2020-09-11,WEBL,WEBL,-33000.0,43.8,-0.0269,119000.0,0.0,-33000.0,-0.8324,-307000.0,-54000.0,BALANCED,-34.8092
2020-09-14,WEBL,WEBL,-13000.0,44.89,0.0249,106000.0,0.0,-13000.0,-0.2852,-223000.0,-64000.0,BALANCED,-23.1299
2020-09-15,WEBL,WEBL,50000.0,46.03,0.0254,156000.0,50000.0,0.0,1.3266,-85000.0,-43000.0,BALANCED,25.1649
2020-09-16,WEBL,WEBL,0.0,44.38,-0.0358,156000.0,0.0,0.0,0.0377,-85000.0,-69000.0,BALANCED,-9.0573
2020-09-17,WEBL,WEBL,8000.0,42.43,-0.0439,164000.0,8000.0,0.0,0.2363,12000.0,-92000.0,BALANCED,17.9076
2020-09-18,WEBL,WEBL,-2000.0,41.94,-0.0115,162000.0,0.0,-2000.0,-0.0188,43000.0,-127000.0,BALANCED,7.5291
2020-09-21,WEBL,WEBL,0.0,42.93,0.0236,162000.0,0.0,0.0,0.0412,56000.0,-130000.0,BALANCED,11.0289
2020-09-22,WEBL,WEBL,-21000.0,46.37,0.0801,141000.0,0.0,-21000.0,-0.4665,-15000.0,-151000.0,BALANCED,-23.6636
2020-09-23,WEBL,WEBL,0.0,43.17,-0.069,141000.0,0.0,0.0,0.0493,-15000.0,-170000.0,BALANCED,-8.768
2020-09-24,WEBL,WEBL,-8000.0,42.21,-0.0222,133000.0,0.0,-8000.0,-0.1512,-31000.0,-178000.0,BALANCED,-15.7812
2020-09-25,WEBL,WEBL,-28000.0,45.47,0.0772,105000.0,0.0,-28000.0,-0.6661,-57000.0,-184000.0,BALANCED,-30.6522
2020-09-28,WEBL,WEBL,0.0,47.36,0.0416,105000.0,0.0,0.0,0.0561,-57000.0,-209000.0,BALANCED,-8.598
2020-09-29,WEBL,WEBL,0.0,47.35,-0.0002,105000.0,0.0,0.0,0.082,-36000.0,-234000.0,BALANCED,-7.9488
2020-09-30,WEBL,WEBL,23000.0,47.57,0.0046,128000.0,23000.0,0.0,0.6883,-13000.0,-211000.0,BALANCED,9.2072
2020-10-01,WEBL,WEBL,0.0,50.3,0.0574,128000.0,0.0,0.0,0.1136,-5000.0,-211000.0,BALANCED,-7.1609
2020-10-02,WEBL,WEBL,22000.0,47.65,-0.0527,150000.0,22000.0,0.0,0.7151,45000.0,-276000.0,BALANCED,29.8766
2020-10-05,WEBL,WEBL,11000.0,50.15,0.0525,161000.0,11000.0,0.0,0.4116,56000.0,-168000.0,BALANCED,24.2908
2020-10-06,WEBL,WEBL,-2000.0,48.11,-0.0407,159000.0,0.0,-2000.0,0.0652,54000.0,-82000.0,BALANCED,9.6298
2020-10-07,WEBL,WEBL,5000.0,50.66,0.053,164000.0,5000.0,0.0,0.2668,36000.0,-77000.0,BALANCED,18.6696
2020-10-08,WEBL,WEBL,6000.0,51.36,0.0138,170000.0,6000.0,0.0,0.288,42000.0,18000.0,BALANCED,21.2001
2020-10-09,WEBL,WEBL,8000.0,53.95,0.0504,178000.0,8000.0,0.0,0.3156,28000.0,59000.0,BALANCED,23.8896
2020-10-12,WEBL,WEBL,0.0,57.18,0.0599,178000.0,0.0,0.0,0.1236,17000.0,72000.0,BALANCED,13.0893
2020-10-13,WEBL,WEBL,0.0,58.65,0.0257,178000.0,0.0,0.0,0.148,19000.0,22000.0,BALANCED,13.6988
2020-10-14,WEBL,WEBL,0.0,56.23,-0.0413,178000.0,0.0,0.0,0.148,14000.0,22000.0,BALANCED,13.6988
2020-10-15,WEBL,WEBL,17000.0,56.03,-0.0036,195000.0,17000.0,0.0,0.5974,25000.0,31000.0,BALANCED,26.9347
2020-10-16,WEBL,WEBL,-11000.0,55.59,-0.0079,184000.0,0.0,-11000.0,-0.0913,6000.0,22000.0,BALANCED,5.7165
2020-10-19,WEBL,WEBL,-18000.0,54.43,-0.0209,166000.0,0.0,-18000.0,-0.4574,-12000.0,4000.0,BALANCED,-25.4346
2020-10-20,WEBL,WEBL,1000.0,54.13,-0.0055,167000.0,1000.0,0.0,0.1532,-11000.0,26000.0,BALANCED,-4.1703
2020-10-21,WEBL,WEBL,0.0,54.66,0.0098,167000.0,0.0,0.0,0.109,-11000.0,26000.0,BALANCED,-7.275
2020-10-22,WEBL,WEBL,-10000.0,54.75,0.0016,157000.0,0.0,-10000.0,-0.6447,-38000.0,24000.0,BALANCED,-28.117
2020-10-23,WEBL,WEBL,28000.0,56.34,0.029,185000.0,28000.0,0.0,1.6895,1000.0,80000.0,ACCUMULATION,54.2372
2020-10-26,WEBL,WEBL,-6000.0,53.03,-0.0588,179000.0,0.0,-6000.0,-0.5591,13000.0,74000.0,BALANCED,-5.9783
2020-10-27,WEBL,WEBL,-18000.0,55.54,0.0473,161000.0,0.0,-18000.0,-1.4427,-6000.0,56000.0,BALANCED,-50.068
2020-10-28,WEBL,WEBL,-30000.0,49.4,-0.1106,131000.0,0.0,-30000.0,-2.1221,-36000.0,3000.0,DISTRIBUTION,-69.0528
2020-10-29,WEBL,WEBL,-13000.0,51.77,0.048,118000.0,0.0,-13000.0,-0.8301,-39000.0,-10000.0,BALANCED,-38.7528
2020-10-30,WEBL,WEBL,-19000.0,45.47,-0.1217,99000.0,0.0,-19000.0,-1.1921,-86000.0,-51000.0,BALANCED,-49.8016
2020-11-02,WEBL,WEBL,7000.0,44.98,-0.0108,106000.0,7000.0,0.0,0.6213,-73000.0,-55000.0,BALANCED,7.5336
2020-11-03,WEBL,WEBL,-29000.0,47.56,0.0574,77000.0,0.0,-29000.0,-1.8267,-84000.0,-82000.0,DISTRIBUTION,-57.6666
2020-11-04,WEBL,WEBL,55000.0,54.59,0.1478,132000.0,55000.0,0.0,3.0663,1000.0,-32000.0,ACCUMULATION,88.6576
2020-11-05,WEBL,WEBL,0.0,59.36,0.0874,132000.0,0.0,0.0,0.0019,14000.0,-38000.0,BALANCED,10.0464
2020-11-06,WEBL,WEBL,43000.0,60.08,0.0121,175000.0,43000.0,0.0,2.1607,76000.0,-3000.0,ACCUMULATION,66.0177
2020-11-09,WEBL,WEBL,19000.0,50.84,-0.1538,194000.0,19000.0,0.0,0.8413,88000.0,16000.0,BALANCED,35.0323
2020-11-10,WEBL,WEBL,22000.0,47.28,-0.07,216000.0,22000.0,0.0,0.9452,139000.0,38000.0,BALANCED,39.6303
2020-11-11,WEBL,WEBL,-6000.0,51.37,0.0865,210000.0,0.0,-6000.0,-0.4576,78000.0,32000.0,BALANCED,-3.4395
2020-11-12,WEBL,WEBL,-36000.0,51.09,-0.0055,174000.0,0.0,-36000.0,-1.8441,42000.0,-21000.0,DISTRIBUTION,-40.1022
2020-11-13,WEBL,WEBL,-19000.0,52.195,0.0216,155000.0,0.0,-19000.0,-0.9438,-20000.0,-29000.0,BALANCED,-39.5948
2020-11-16,WEBL,WEBL,0.0,52.4,0.0039,155000.0,0.0,0.0,0.0099,-39000.0,-11000.0,BALANCED,-9.7525
2020-11-17,WEBL,WEBL,18000.0,53.15,0.0143,173000.0,18000.0,0.0,0.8565,-43000.0,6000.0,BALANCED,13.4118
2020-11-18,WEBL,WEBL,11000.0,52.43,-0.0135,184000.0,11000.0,0.0,0.5029,-26000.0,17000.0,BALANCED,6.5731
2020-11-19,WEBL,WEBL,-3000.0,54.78,0.0448,181000.0,0.0,-3000.0,-0.164,7000.0,24000.0,BALANCED,3.9006
2020-11-20,WEBL,WEBL,0.0,54.9,0.0022,181000.0,0.0,0.0,-0.0049,26000.0,-4000.0,BALANCED,9.8779
2020-11-23,WEBL,WEBL,-20000.0,54.98,0.0015,161000.0,0.0,-20000.0,-0.934,6000.0,-18000.0,BALANCED,-15.3492
2020-11-24,WEBL,WEBL,16000.0,56.18,0.0218,177000.0,16000.0,0.0,0.7625,4000.0,16000.0,BALANCED,31.0635
2020-11-25,WEBL,WEBL,-5000.0,58.36,0.0388,172000.0,0.0,-5000.0,-0.2281,-12000.0,41000.0,BALANCED,-17.7019
2020-11-27,WEBL,WEBL,-12000.0,60.84,0.0425,160000.0,0.0,-12000.0,-0.5185,-21000.0,42000.0,BALANCED,-26.9623
2020-11-30,WEBL,WEBL,26000.0,60.46,-0.0062,186000.0,26000.0,0.0,1.213,5000.0,87000.0,BALANCED,42.3245
2020-12-01,WEBL,WEBL,23000.0,60.59,0.0022,209000.0,23000.0,0.0,1.0033,48000.0,103000.0,BALANCED,39.083
2020-12-02,WEBL,WEBL,0.0,59.86,-0.012,209000.0,0.0,0.0,-0.0651,32000.0,132000.0,BALANCED,8.3718
2020-12-03,WEBL,WEBL,10000.0,60.55,0.0115,219000.0,10000.0,0.0,0.3836,47000.0,87000.0,BALANCED,21.5893
2020-12-04,WEBL,WEBL,18000.0,61.42,0.0144,237000.0,18000.0,0.0,0.7088,77000.0,105000.0,BALANCED,31.7205
2020-12-07,WEBL,WEBL,-4000.0,62.48,0.0173,233000.0,0.0,-4000.0,-0.2651,47000.0,58000.0,BALANCED,1.3721
2020-12-08,WEBL,WEBL,-3000.0,63.2,0.0115,230000.0,0.0,-3000.0,-0.2228,21000.0,36000.0,BALANCED,0.4294
2020-12-09,WEBL,WEBL,0.0,58.79,-0.0698,230000.0,0.0,0.0,-0.1108,21000.0,14000.0,BALANCED,7.2311
2020-12-10,WEBL,WEBL,0.0,62.47,0.0626,230000.0,0.0,0.0,-0.1662,11000.0,20000.0,BALANCED,5.8459
2020-12-11,WEBL,WEBL,21000.0,62.77,0.0048,251000.0,21000.0,0.0,0.8338,14000.0,77000.0,BALANCED,32.8459
2020-12-14,WEBL,WEBL,-7000.0,62.92,0.0024,244000.0,0.0,-7000.0,-0.6069,11000.0,89000.0,BALANCED,-7.1731
2020-12-15,WEBL,WEBL,-30000.0,64.7,0.0283,214000.0,0.0,-30000.0,-1.639,-16000.0,59000.0,DISTRIBUTION,-54.9757
2020-12-16,WEBL,WEBL,61000.0,66.88,0.0337,275000.0,61000.0,0.0,2.4628,45000.0,102000.0,ACCUMULATION,73.5704
2020-12-17,WEBL,WEBL,1000.0,69.13,0.0336,276000.0,1000.0,0.0,-0.1889,46000.0,92000.0,BALANCED,9.2786
2020-12-18,WEBL,WEBL,12000.0,69.68,0.008,288000.0,12000.0,0.0,0.3376,37000.0,107000.0,BALANCED,24.4403
2020-12-21,WEBL,WEBL,-46000.0,69.025,-0.0094,242000.0,0.0,-46000.0,-2.3055,-2000.0,61000.0,DISTRIBUTION,-69.6365
2020-12-22,WEBL,WEBL,22000.0,71.85,0.0409,264000.0,22000.0,0.0,0.936,50000.0,103000.0,BALANCED,35.4002
2020-12-23,WEBL,WEBL,21000.0,69.09,-0.0384,285000.0,21000.0,0.0,0.8913,10000.0,108000.0,BALANCED,36.2834
2020-12-24,WEBL,WEBL,5000.0,68.29,-0.0116,290000.0,5000.0,0.0,0.1115,14000.0,118000.0,BALANCED,18.7876
2020-12-28,WEBL,WEBL,0.0,66.53,-0.0258,290000.0,0.0,0.0,-0.197,2000.0,130000.0,BALANCED,5.074
2020-12-29,WEBL,WEBL,37000.0,65.86,-0.0101,327000.0,37000.0,0.0,1.5608,85000.0,141000.0,ACCUMULATION,51.0197
2020-12-30,WEBL,WEBL,-1000.0,65.15,-0.0108,326000.0,0.0,-1000.0,-0.3343,62000.0,117000.0,BALANCED,-0.3569
2020-12-31,WEBL,WEBL,24000.0,64.71,-0.0068,350000.0,24000.0,0.0,0.8961,65000.0,141000.0,BALANCED,34.4014
2021-01-04,WEBL,WEBL,-33000.0,62.71,-0.0309,317000.0,0.0,-33000.0,-1.7509,27000.0,98000.0,DISTRIBUTION,-35.7725
2021-01-05,WEBL,WEBL,-18000.0,64.15,0.023,299000.0,0.0,-18000.0,-1.0093,9000.0,62000.0,BALANCED,-19.2318
2021-01-06,WEBL,WEBL,33000.0,60.88,-0.051,332000.0,33000.0,0.0,1.2512,5000.0,99000.0,BALANCED,43.2796
2021-01-07,WEBL,WEBL,-33000.0,65.357,0.0735,299000.0,0.0,-33000.0,-1.6368,-27000.0,69000.0,DISTRIBUTION,-52.92
2021-01-08,WEBL,WEBL,0.0,67.93,0.0394,299000.0,0.0,0.0,-0.1777,-51000.0,69000.0,BALANCED,-14.4428
2021-01-11,WEBL,WEBL,11000.0,65.38,-0.0375,310000.0,11000.0,0.0,0.2801,-7000.0,80000.0,BALANCED,-0.9982
2021-01-12,WEBL,WEBL,16000.0,67.43,0.0314,326000.0,16000.0,0.0,0.4607,27000.0,75000.0,BALANCED,25.5164
2021-01-13,WEBL,WEBL,19000.0,68.24,0.012,345000.0,19000.0,0.0,0.6078,13000.0,101000.0,BALANCED,31.1958
2021-01-14,WEBL,WEBL,-3000.0,66.72,-0.0223,342000.0,0.0,-3000.0,-0.3328,43000.0,128000.0,BALANCED,-0.3207
2021-01-15,WEBL,WEBL,13000.0,65.04,-0.0252,355000.0,13000.0,0.0,0.3636,56000.0,80000.0,BALANCED,21.0891
2021-01-19,WEBL,WEBL,-17000.0,68.2,0.0486,338000.0,0.0,-17000.0,-0.9237,28000.0,62000.0,BALANCED,-15.0929
2021-01-20,WEBL,WEBL,-17000.0,73.59,0.079,321000.0,0.0,-17000.0,-0.8665,-5000.0,33000.0,BALANCED,-35.6621
2021-01-21,WEBL,WEBL,28000.0,74.11,0.0071,349000.0,28000.0,0.0,1.0373,4000.0,107000.0,BALANCED,37.9323
2021-01-22,WEBL,WEBL,0.0,74.79,0.0092,349000.0,0.0,0.0,-0.1707,7000.0,85000.0,BALANCED,5.7332
2021-01-25,WEBL,WEBL,26000.0,74.69,-0.0013,375000.0,26000.0,0.0,0.898,20000.0,90000.0,BALANCED,34.4499
2021-01-26,WEBL,WEBL,-11000.0,74.09,-0.008,364000.0,0.0,-11000.0,-0.6517,26000.0,74000.0,BALANCED,-8.2918
2021-01-27,WEBL,WEBL,0.0,67.64,-0.0871,364000.0,0.0,0.0,-0.16,43000.0,74000.0,BALANCED,5.9994
2021-01-28,WEBL,WEBL,0.0,70.0,0.0349,364000.0,0.0,0.0,-0.1705,15000.0,37000.0,BALANCED,5.7379
2021-01-29,WEBL,WEBL,0.0,67.41,-0.037,364000.0,0.0,0.0,-0.2214,15000.0,38000.0,BALANCED,4.4657
2021-02-01,WEBL,WEBL,9000.0,72.6,0.077,373000.0,9000.0,0.0,0.2869,-2000.0,23000.0,BALANCED,-0.8283
2021-02-02,WEBL,WEBL,3000.0,77.6,0.0689,376000.0,3000.0,0.0,-0.0167,12000.0,59000.0,BALANCED,13.5829
2021-02-03,WEBL,WEBL,17000.0,78.61,0.013,393000.0,17000.0,0.0,0.6724,29000.0,94000.0,BALANCED,32.8103
2021-02-04,WEBL,WEBL,0.0,82.75,0.0527,393000.0,0.0,0.0,-0.2829,29000.0,61000.0,BALANCED,2.9279
2021-02-05,WEBL,WEBL,0.0,87.35,0.0556,393000.0,0.0,0.0,-0.2454,29000.0,94000.0,BALANCED,3.8644
2021-02-08,WEBL,WEBL,49000.0,89.13,0.0204,442000.0,49000.0,0.0,2.2897,69000.0,143000.0,ACCUMULATION,69.2433
2021-02-09,WEBL,WEBL,47000.0,90.27,0.0128,489000.0,47000.0,0.0,1.9616,113000.0,179000.0,ACCUMULATION,63.0395
2021-02-10,WEBL,WEBL,0.0,91.09,0.0091,489000.0,0.0,0.0,-0.3223,96000.0,163000.0,BALANCED,1.9415
2021-02-11,WEBL,WEBL,32000.0,92.97,0.0206,521000.0,32000.0,0.0,1.2551,128000.0,176000.0,BALANCED,43.3783
2021-02-12,WEBL,WEBL,10000.0,95.4,0.0261,531000.0,10000.0,0.0,0.156,138000.0,189000.0,BALANCED,17.8993
2021-02-16,WEBL,WEBL,7000.0,95.34,-0.0006,538000.0,7000.0,0.0,0.0366,96000.0,183000.0,BALANCED,16.9147
2021-02-17,WEBL,WEBL,-49000.0,92.26,-0.0323,489000.0,0.0,-49000.0,-2.5699,0.0,151000.0,DISTRIBUTION,-66.2487
2021-02-18,WEBL,WEBL,-22000.0,90.33,-0.0209,467000.0,0.0,-22000.0,-1.2859,-22000.0,146000.0,BALANCED,-46.1483
2021-02-19,WEBL,WEBL,-2000.0,89.78,-0.0061,465000.0,0.0,-2000.0,-0.3083,-56000.0,116000.0,BALANCED,-23.7082
2021-02-22,WEBL,WEBL,-69000.0,81.13,-0.0963,396000.0,0.0,-69000.0,-3.0216,-135000.0,47000.0,DISTRIBUTION,-93.539
2021-02-23,WEBL,WEBL,-51000.0,81.04,-0.0011,345000.0,0.0,-51000.0,-2.0302,-193000.0,-30000.0,DISTRIBUTION,-70.7549
2021-02-24,WEBL,WEBL,6000.0,80.91,-0.0016,351000.0,6000.0,0.0,0.1794,-138000.0,-13000.0,BALANCED,-3.5154
2021-02-25,WEBL,WEBL,-0.0,72.1,-0.1089,351000.0,-0.0,-0.0,-0.0324,-116000.0,-13000.0,BALANCED,-10.8112
2021-02-26,WEBL,WEBL,-9000.0,73.94,0.0255,342000.0,0.0,-9000.0,-0.3489,-123000.0,-22000.0,BALANCED,-20.7233
2021-03-01,WEBL,WEBL,36000.0,80.95,0.0948,378000.0,36000.0,0.0,1.3215,-18000.0,14000.0,BALANCED,25.0372
2021-03-02,WEBL,WEBL,-51000.0,75.45,-0.0679,327000.0,0.0,-51000.0,-1.7951,-18000.0,-46000.0,DISTRIBUTION,-56.8765
2021-03-03,WEBL,WEBL,-152000.0,66.02,-0.125,175000.0,0.0,-152000.0,-3.7409,-176000.0,-201000.0,DISTRIBUTION,-100.0
2021-03-04,WEBL,WEBL,-98000.0,61.24,-0.0724,77000.0,0.0,-98000.0,-2.1075,-274000.0,-316000.0,DISTRIBUTION,-68.6869
2021-03-05,WEBL,WEBL,-13000.0,62.91,0.0273,64000.0,0.0,-13000.0,-0.0831,-278000.0,-329000.0,BALANCED,-20.0785
2021-03-08,WEBL,WEBL,-51000.0,56.95,-0.0947,13000.0,0.0,-51000.0,-0.9315,-365000.0,-380000.0,BALANCED,-43.2882
2021-03-09,WEBL,WEBL,0.0,64.45,0.1317,13000.0,0.0,0.0,0.2859,-314000.0,-429000.0,BALANCED,-2.8524
2021-03-10,WEBL,WEBL,5000.0,63.73,-0.0112,18000.0,5000.0,0.0,0.3907,-157000.0,-471000.0,BALANCED,1.7668
2021-03-11,WEBL,WEBL,42000.0,70.82,0.1113,60000.0,42000.0,0.0,1.2013,-17000.0,-429000.0,BALANCED,24.0334
2021-03-12,WEBL,WEBL,29000.0,68.46,-0.0333,89000.0,29000.0,0.0,0.8684,25000.0,-432000.0,BALANCED,37.7107
2021-03-15,WEBL,WEBL,65000.0,70.76,0.0336,154000.0,65000.0,0.0,1.5662,141000.0,-377000.0,ACCUMULATION,57.1541
2021-03-16,WEBL,WEBL,37000.0,70.16,-0.0085,191000.0,37000.0,0.0,0.9244,178000.0,-347000.0,BALANCED,43.1102
2021-03-17,WEBL,WEBL,0.0,71.24,0.0154,191000.0,0.0,0.0,0.1324,173000.0,-298000.0,BALANCED,13.3103
2021-03-18,WEBL,WEBL,-96000.0,63.61,-0.1071,95000.0,0.0,-96000.0,-1.7517,35000.0,-372000.0,DISTRIBUTION,-35.7932
2021-03-19,WEBL,WEBL,-2000.0,66.39,0.0437,93000.0,0.0,-2000.0,0.1629,4000.0,-372000.0,BALANCED,10.0717
2021-03-22,WEBL,WEBL,-34000.0,68.98,0.039,59000.0,0.0,-34000.0,-0.4641,-95000.0,-337000.0,BALANCED,-27.602
2021-03-23,WEBL,WEBL,-18000.0,67.98,-0.0145,41000.0,0.0,-18000.0,-0.0966,-150000.0,-304000.0,BALANCED,-20.4155
2021-03-24,WEBL,WEBL,-28000.0,61.72,-0.0921,13000.0,0.0,-28000.0,-0.2602,-178000.0,-338000.0,BALANCED,-26.5043
2021-03-25,WEBL,WEBL,-8000.0,60.81,-0.0147,5000.0,0.0,-8000.0,0.1747,-90000.0,-346000.0,BALANCED,-17.6333
2021-03-26,WEBL,WEBL,47000.0,63.6,0.0459,52000.0,47000.0,0.0,1.3277,-41000.0,-290000.0,BALANCED,25.1915
2021-03-29,WEBL,WEBL,1000.0,62.38,-0.0192,53000.0,1000.0,0.0,0.36,-6000.0,-325000.0,BALANCED,3.0003
2021-03-30,WEBL,WEBL,-18000.0,61.75,-0.0101,35000.0,0.0,-18000.0,-0.0263,-6000.0,-292000.0,BALANCED,-12.6583
2021-03-31,WEBL,WEBL,27000.0,65.72,0.0643,62000.0,27000.0,0.0,0.8757,49000.0,-113000.0,BALANCED,33.8919
2021-04-01,WEBL,WEBL,77000.0,70.5,0.0727,139000.0,77000.0,0.0,1.7619,134000.0,62000.0,ACCUMULATION,58.047
2021-04-05,WEBL,WEBL,2000.0,72.34,0.0261,141000.0,2000.0,0.0,0.2563,89000.0,77000.0,BALANCED,22.4078
2021-04-06,WEBL,WEBL,78000.0,74.03,0.0234,219000.0,78000.0,0.0,1.6378,166000.0,206000.0,ACCUMULATION,58.9455
2021-04-07,WEBL,WEBL,36000.0,74.3,0.0036,255000.0,36000.0,0.0,0.764,220000.0,242000.0,BALANCED,39.0998
2021-04-08,WEBL,WEBL,0.0,77.95,0.0491,255000.0,0.0,0.0,0.0627,193000.0,237000.0,BALANCED,11.5679
2021-04-09,WEBL,WEBL,-19000.0,78.82,0.0112,236000.0,0.0,-19000.0,-0.2968,97000.0,176000.0,BALANCED,0.5799
2021-04-12,WEBL,WEBL,17000.0,78.18,-0.0081,253000.0,17000.0,0.0,0.3898,112000.0,164000.0,BALANCED,21.7438
2021-04-13,WEBL,WEBL,40000.0,81.22,0.0389,293000.0,40000.0,0.0,0.8343,74000.0,139000.0,BALANCED,34.8579
2021-04-14,WEBL,WEBL,20000.0,77.39,-0.0472,313000.0,20000.0,0.0,0.4039,58000.0,122000.0,BALANCED,26.0971
2021-04-15,WEBL,WEBL,36000.0,81.39,0.0517,349000.0,36000.0,0.0,0.7155,94000.0,158000.0,BALANCED,35.8885
2021-04-16,WEBL,WEBL,-30000.0,79.5,-0.0232,319000.0,0.0,-30000.0,-1.0001,83000.0,224000.0,BALANCED,-17.0033
2021-04-19,WEBL,WEBL,0.0,77.06,-0.0307,319000.0,0.0,0.0,-0.2244,66000.0,226000.0,BALANCED,4.3912
2021-04-20,WEBL,WEBL,36000.0,73.92,-0.0407,355000.0,36000.0,0.0,0.6744,62000.0,296000.0,BALANCED,28.8589
2021-04-21,WEBL,WEBL,0.0,74.85,0.0126,355000.0,0.0,0.0,-0.3125,42000.0,314000.0,BALANCED,2.1873
2021-04-22,WEBL,WEBL,-33000.0,73.29,-0.0208,322000.0,0.0,-33000.0,-1.1546,-27000.0,309000.0,BALANCED,-40.8647
2021-04-23,WEBL,WEBL,0.0,76.95,0.0499,322000.0,0.0,0.0,-0.2366,3000.0,317000.0,BALANCED,4.0842
2021-04-26,WEBL,WEBL,0.0,79.47,0.0327,322000.0,0.0,0.0,-0.2114,3000.0,270000.0,BALANCED,4.7147
2021-04-27,WEBL,WEBL,0.0,79.14,-0.0042,322000.0,0.0,0.0,-0.1594,-33000.0,269000.0,BALANCED,-13.9855
2021-04-28,WEBL,WEBL,25000.0,79.58,0.0056,347000.0,25000.0,0.0,0.5686,-8000.0,312000.0,BALANCED,6.2143
2021-04-29,WEBL,WEBL,9000.0,78.79,-0.0099,356000.0,9000.0,0.0,0.1005,34000.0,294000.0,BALANCED,16.5132
2021-04-30,WEBL,WEBL,-26000.0,75.38,-0.0433,330000.0,0.0,-26000.0,-1.137,8000.0,191000.0,BALANCED,-20.424
2021-05-03,WEBL,WEBL,-40000.0,71.28,-0.0544,290000.0,0.0,-40000.0,-1.5034,-32000.0,149000.0,DISTRIBUTION,-51.5845
2021-05-04,WEBL,WEBL,-25000.0,66.3,-0.0699,265000.0,0.0,-25000.0,-1.0411,-57000.0,46000.0,BALANCED,-42.0267
2021-05-05,WEBL,WEBL,0.0,64.62,-0.0253,265000.0,0.0,0.0,-0.2466,-82000.0,10000.0,BALANCED,-16.1647
2021-05-06,WEBL,WEBL,-59000.0,64.06,-0.0087,206000.0,0.0,-59000.0,-2.0441,-150000.0,-49000.0,DISTRIBUTION,-63.1014
2021-05-07,WEBL,WEBL,-47000.0,66.39,0.0364,159000.0,0.0,-47000.0,-1.5618,-171000.0,-77000.0,DISTRIBUTION,-53.0448
2021-05-10,WEBL,WEBL,0.0,62.15,-0.0639,159000.0,0.0,0.0,-0.11,-131000.0,-94000.0,BALANCED,-12.7489
2021-05-11,WEBL,WEBL,-27000.0,63.94,0.0288,132000.0,0.0,-27000.0,-0.9003,-133000.0,-161000.0,BALANCED,-34.5087
2021-05-12,WEBL,WEBL,-1000.0,58.0,-0.0929,131000.0,0.0,-1000.0,-0.1285,-134000.0,-182000.0,BALANCED,-17.2119
2021-05-13,WEBL,WEBL,15000.0,57.86,-0.0024,146000.0,15000.0,0.0,0.3758,-60000.0,-203000.0,BALANCED,1.3954
2021-05-14,WEBL,WEBL,-4000.0,62.88,0.0868,142000.0,0.0,-4000.0,-0.14,-17000.0,-177000.0,BALANCED,-15.4992
2021-05-17,WEBL,WEBL,0.0,62.79,-0.0014,142000.0,0.0,0.0,-0.0011,-17000.0,-177000.0,BALANCED,-10.0285
2021-05-18,WEBL,WEBL,-3000.0,62.29,-0.008,139000.0,0.0,-3000.0,-0.0132,7000.0,-216000.0,BALANCED,7.6709
2021-05-19,WEBL,WEBL,0.0,62.6,0.005,139000.0,0.0,0.0,0.1594,8000.0,-216000.0,BALANCED,13.9856
2021-05-20,WEBL,WEBL,41000.0,66.64,0.0645,180000.0,41000.0,0.0,1.6994,34000.0,-142000.0,ACCUMULATION,54.4849
2021-05-21,WEBL,WEBL,0.0,65.56,-0.0162,180000.0,0.0,0.0,0.0735,38000.0,-142000.0,BALANCED,11.8366
2021-05-24,WEBL,WEBL,13000.0,69.18,0.0552,193000.0,13000.0,0.0,0.5925,51000.0,-129000.0,BALANCED,26.812
2021-05-25,WEBL,WEBL,7000.0,69.4,0.0032,200000.0,7000.0,0.0,0.4188,61000.0,-122000.0,BALANCED,24.4693
2021-05-26,WEBL,WEBL,31000.0,70.92,0.0219,231000.0,31000.0,0.0,1.3735,92000.0,-116000.0,BALANCED,50.3364
2021-05-27,WEBL,WEBL,1000.0,70.43,-0.0069,232000.0,1000.0,0.0,0.2088,52000.0,-124000.0,BALANCED,23.2207
2021-05-28,WEBL,WEBL,-18000.0,71.06,0.0089,214000.0,0.0,-18000.0,-0.6276,34000.0,-116000.0,BALANCED,-7.6902
2021-06-01,WEBL,WEBL,-26000.0,71.24,0.0025,188000.0,0.0,-26000.0,-0.9224,-5000.0,-102000.0,BALANCED,-37.0605
2021-06-02,WEBL,WEBL,6000.0,72.04,0.0112,194000.0,6000.0,0.0,0.5101,-6000.0,-71000.0,BALANCED,4.7528
2021-06-03,WEBL,WEBL,0.0,69.49,-0.0354,194000.0,0.0,0.0,0.2408,-37000.0,-71000.0,BALANCED,-3.9789
2021-06-04,WEBL,WEBL,9000.0,72.99,0.0504,203000.0,9000.0,0.0,0.5948,-29000.0,-3000.0,BALANCED,6.8695
2021-06-07,WEBL,WEBL,41000.0,75.11,0.029,244000.0,41000.0,0.0,1.8719,30000.0,85000.0,ACCUMULATION,60.7969
2021-06-08,WEBL,WEBL,0.0,75.87,0.0101,244000.0,0.0,0.0,0.1116,56000.0,85000.0,BALANCED,12.7906
2021-06-09,WEBL,WEBL,4000.0,75.25,-0.0082,248000.0,4000.0,0.0,0.2773,54000.0,116000.0,BALANCED,18.9328
2021-06-10,WEBL,WEBL,37000.0,78.27,0.0401,285000.0,37000.0,0.0,1.6345,91000.0,154000.0,ACCUMULATION,54.8613
2021-06-11,WEBL,WEBL,-6000.0,79.31,0.0133,279000.0,0.0,-6000.0,-0.1441,76000.0,133000.0,BALANCED,4.3965
2021-06-14,WEBL,WEBL,0.0,81.18,0.0236,279000.0,0.0,0.0,0.0726,35000.0,137000.0,BALANCED,11.8157
2021-06-15,WEBL,WEBL,0.0,79.02,-0.0266,279000.0,0.0,0.0,0.0165,35000.0,137000.0,BALANCED,10.4118
2021-06-16,WEBL,WEBL,18000.0,78.4,-0.0078,297000.0,18000.0,0.0,0.7696,49000.0,158000.0,BALANCED,31.2398
2021-06-17,WEBL,WEBL,-66000.0,82.33,0.0501,231000.0,0.0,-66000.0,-2.5758,-54000.0,92000.0,DISTRIBUTION,-76.395
2021-06-18,WEBL,WEBL,0.0,82.15,-0.0022,231000.0,0.0,0.0,-0.0367,-48000.0,51000.0,BALANCED,-10.9182
2021-06-21,WEBL,WEBL,-92000.0,82.36,0.0026,139000.0,0.0,-92000.0,-3.3787,-140000.0,-41000.0,DISTRIBUTION,-96.4687
2021-06-22,WEBL,WEBL,35000.0,85.5,0.0381,174000.0,35000.0,0.0,1.2408,-105000.0,-19000.0,BALANCED,23.0189
2021-06-23,WEBL,WEBL,37000.0,86.71,0.0142,211000.0,37000.0,0.0,1.224,-86000.0,11000.0,BALANCED,24.6005
2021-06-24,WEBL,WEBL,18000.0,88.69,0.0228,229000.0,18000.0,0.0,0.5223,-2000.0,-2000.0,BALANCED,9.0587
2021-06-25,WEBL,WEBL,0.0,88.69,0.0,229000.0,0.0,0.0,-0.0984,-2000.0,-3000.0,BALANCED,-12.4594
2021-06-28,WEBL,WEBL,0.0,91.72,0.0342,229000.0,0.0,0.0,-0.1032,90000.0,15000.0,BALANCED,7.4199
2021-06-29,WEBL,WEBL,0.0,92.08,0.0039,229000.0,0.0,0.0,-0.1032,55000.0,41000.0,BALANCED,7.4199
2021-06-30,WEBL,WEBL,0.0,90.21,-0.0203,229000.0,0.0,0.0,-0.1068,18000.0,35000.0,BALANCED,7.3294
2021-07-01,WEBL,WEBL,0.0,90.15,-0.0007,229000.0,0.0,0.0,-0.1068,0.0,35000.0,BALANCED,-2.6706
2021-07-02,WEBL,WEBL,-7000.0,92.26,0.0234,222000.0,0.0,-7000.0,-0.3089,-7000.0,19000.0,BALANCED,-19.7213
2021-07-06,WEBL,WEBL,28000.0,95.24,0.0323,250000.0,28000.0,0.0,0.9291,21000.0,6000.0,BALANCED,35.228
2021-07-07,WEBL,WEBL,-25000.0,93.76,-0.0155,225000.0,0.0,-25000.0,-0.9314,-4000.0,-19000.0,BALANCED,-35.2841
2021-07-08,WEBL,WEBL,0.0,91.35,-0.0257,225000.0,0.0,0.0,-0.0298,-4000.0,-23000.0,BALANCED,-10.745
2021-07-09,WEBL,WEBL,0.0,94.11,0.0302,225000.0,0.0,0.0,0.0073,-4000.0,-60000.0,BALANCED,-9.8174
2021-07-12,WEBL,WEBL,-25000.0,92.67,-0.0153,200000.0,0.0,-25000.0,-0.8625,-22000.0,-79000.0,BALANCED,-33.5625
2021-07-13,WEBL,WEBL,-6000.0,91.05,-0.0175,194000.0,0.0,-6000.0,-0.1934,-56000.0,-85000.0,BALANCED,-18.834
2021-07-14,WEBL,WEBL,-20000.0,88.59,-0.027,174000.0,0.0,-20000.0,-0.7125,-51000.0,-105000.0,BALANCED,-33.8136
2021-07-15,WEBL,WEBL,11000.0,85.59,-0.0339,185000.0,11000.0,0.0,0.4114,-40000.0,-112000.0,BALANCED,2.2842
2021-07-16,WEBL,WEBL,-25000.0,84.2,-0.0162,160000.0,0.0,-25000.0,-0.8574,-65000.0,-71000.0,BALANCED,-33.4346
2021-07-19,WEBL,WEBL,0.0,83.16,-0.0124,160000.0,0.0,0.0,0.0516,-40000.0,-71000.0,BALANCED,-8.7097
2021-07-20,WEBL,WEBL,0.0,86.87,0.0446,160000.0,0.0,0.0,0.1053,-34000.0,21000.0,BALANCED,-7.368
2021-07-21,WEBL,WEBL,-7000.0,88.73,0.0214,153000.0,0.0,-7000.0,-0.1491,-21000.0,-21000.0,BALANCED,-15.7279
2021-07-22,WEBL,WEBL,29000.0,91.13,0.027,182000.0,29000.0,0.0,1.1465,-3000.0,-29000.0,BALANCED,20.6622
2021-07-23,WEBL,WEBL,58000.0,97.02,0.0646,240000.0,58000.0,0.0,2.088,80000.0,11000.0,ACCUMULATION,66.1994
2021-07-26,WEBL,WEBL,-7000.0,96.74,-0.0029,233000.0,0.0,-7000.0,-0.1918,73000.0,4000.0,BALANCED,3.2051
2021-07-27,WEBL,WEBL,-23000.0,92.52,-0.0436,210000.0,0.0,-23000.0,-0.7196,50000.0,-19000.0,BALANCED,-11.9888
2021-07-28,WEBL,WEBL,3000.0,95.27,0.0297,213000.0,3000.0,0.0,0.1807,60000.0,-16000.0,BALANCED,16.5168
2021-07-29,WEBL,WEBL,99000.0,92.24,-0.0318,312000.0,99000.0,0.0,2.8922,130000.0,83000.0,ACCUMULATION,86.3042
2021-07-30,WEBL,WEBL,0.0,86.11,-0.0665,312000.0,0.0,0.0,-0.0853,72000.0,83000.0,BALANCED,7.868
2021-08-02,WEBL,WEBL,0.0,85.74,-0.0043,312000.0,0.0,0.0,-0.0853,79000.0,90000.0,BALANCED,7.868
2021-08-03,WEBL,WEBL,0.0,86.37,0.0073,312000.0,0.0,0.0,-0.2205,102000.0,62000.0,BALANCED,4.4864
2021-08-04,WEBL,WEBL,-12000.0,87.77,0.0162,300000.0,0.0,-12000.0,-0.6294,87000.0,75000.0,BALANCED,-7.7339
2021-08-05,WEBL,WEBL,18000.0,89.39,0.0185,318000.0,18000.0,0.0,0.5743,6000.0,93000.0,BALANCED,26.3573
2021-08-06,WEBL,WEBL,0.0,86.4,-0.0334,318000.0,0.0,0.0,-0.1187,6000.0,93000.0,BALANCED,7.0322
2021-08-09,WEBL,WEBL,16000.0,86.67,0.0031,334000.0,16000.0,0.0,0.4981,22000.0,134000.0,BALANCED,24.4525
2021-08-10,WEBL,WEBL,-5000.0,83.89,-0.0321,329000.0,0.0,-5000.0,-0.3315,17000.0,135000.0,BALANCED,-0.2883
2021-08-11,WEBL,WEBL,-23000.0,84.0,0.0013,306000.0,0.0,-23000.0,-0.9992,6000.0,132000.0,BALANCED,-18.9793
2021-08-12,WEBL,WEBL,0.0,85.22,0.0145,306000.0,0.0,0.0,-0.1003,-12000.0,121000.0,BALANCED,-12.5077
2021-08-13,WEBL,WEBL,0.0,85.54,0.0038,306000.0,0.0,0.0,-0.1003,-12000.0,146000.0,BALANCED,-12.5077
2021-08-16,WEBL,WEBL,-36000.0,83.86,-0.0196,270000.0,0.0,-36000.0,-1.4192,-64000.0,110000.0,BALANCED,-47.4805
2021-08-17,WEBL,WEBL,8000.0,81.11,-0.0328,278000.0,8000.0,0.0,0.2712,-51000.0,118000.0,BALANCED,-1.2193
2021-08-18,WEBL,WEBL,0.0,79.92,-0.0147,278000.0,0.0,0.0,-0.069,-28000.0,125000.0,BALANCED,-11.7258
2021-08-19,WEBL,WEBL,-17000.0,80.15,0.0029,261000.0,0.0,-17000.0,-0.7049,-45000.0,79000.0,BALANCED,-29.6223
2021-08-20,WEBL,WEBL,0.0,82.51,0.0294,261000.0,0.0,0.0,-0.0465,-45000.0,21000.0,BALANCED,-11.1619
2021-08-23,WEBL,WEBL,0.0,86.55,0.049,261000.0,0.0,0.0,-0.0802,-9000.0,28000.0,BALANCED,-12.0057
2021-08-24,WEBL,WEBL,47000.0,88.65,0.0243,308000.0,47000.0,0.0,1.6252,30000.0,98000.0,ACCUMULATION,52.6297
2021-08-25,WEBL,WEBL,48000.0,89.43,0.0088,356000.0,48000.0,0.0,1.5321,78000.0,143000.0,ACCUMULATION,52.3027
2021-08-26,WEBL,WEBL,13000.0,88.89,-0.006,369000.0,13000.0,0.0,0.2507,108000.0,57000.0,BALANCED,22.2687
2021-08-27,WEBL,WEBL,24000.0,92.54,0.0411,393000.0,24000.0,0.0,0.603,132000.0,81000.0,BALANCED,33.075
2021-08-30,WEBL,WEBL,-3000.0,95.31,0.0299,390000.0,0.0,-3000.0,-0.3957,129000.0,78000.0,BALANCED,-1.8925
2021-08-31,WEBL,WEBL,65000.0,94.14,-0.0123,455000.0,65000.0,0.0,1.9113,147000.0,143000.0,ACCUMULATION,59.7822
2021-09-01,WEBL,WEBL,35000.0,95.19,0.0112,490000.0,35000.0,0.0,0.8185,134000.0,190000.0,BALANCED,34.4624
2021-09-02,WEBL,WEBL,27000.0,94.98,-0.0022,517000.0,27000.0,0.0,0.546,148000.0,199000.0,BALANCED,29.6508
2021-09-03,WEBL,WEBL,0.0,96.94,0.0206,517000.0,0.0,0.0,-0.3337,124000.0,199000.0,BALANCED,1.6577
2021-09-07,WEBL,WEBL,40000.0,97.27,0.0034,557000.0,40000.0,0.0,1.0411,167000.0,223000.0,BALANCED,38.0275
2021-09-08,WEBL,WEBL,0.0,94.61,-0.0273,557000.0,0.0,0.0,-0.4222,102000.0,228000.0,BALANCED,-0.5542
2021-09-09,WEBL,WEBL,63000.0,94.35,-0.0027,620000.0,63000.0,0.0,1.7105,130000.0,314000.0,ACCUMULATION,54.7622
2021-09-10,WEBL,WEBL,25000.0,91.77,-0.0273,645000.0,25000.0,0.0,0.5763,128000.0,339000.0,BALANCED,28.4075
2021-09-13,WEBL,WEBL,14000.0,90.34,-0.0156,659000.0,14000.0,0.0,0.1013,142000.0,353000.0,BALANCED,18.5313
2021-09-14,WEBL,WEBL,0.0,89.28,-0.0117,659000.0,0.0,0.0,-0.4813,102000.0,389000.0,BALANCED,-2.0323
2021-09-15,WEBL,WEBL,-29000.0,91.23,0.0218,630000.0,0.0,-29000.0,-1.5793,73000.0,352000.0,DISTRIBUTION,-31.4823
2021-09-16,WEBL,WEBL,15000.0,92.47,0.0136,645000.0,15000.0,0.0,0.1416,25000.0,367000.0,BALANCED,15.54
2021-09-17,WEBL,WEBL,-5000.0,91.22,-0.0135,640000.0,0.0,-5000.0,-0.6327,-5000.0,379000.0,BALANCED,-27.8187
2021-09-20,WEBL,WEBL,-16000.0,85.24,-0.0656,624000.0,0.0,-16000.0,-1.0367,-35000.0,363000.0,BALANCED,-39.9185
2021-09-21,WEBL,WEBL,10000.0,86.13,0.0104,634000.0,10000.0,0.0,0.0,-25000.0,373000.0,BALANCED,-8.0
2021-09-22,WEBL,WEBL,-26000.0,87.86,0.0201,608000.0,0.0,-26000.0,-1.3598,-22000.0,300000.0,BALANCED,-45.9958
2021-09-23,WEBL,WEBL,15000.0,91.39,0.0402,623000.0,15000.0,0.0,0.1756,-22000.0,267000.0,BALANCED,-3.6099
2021-09-24,WEBL,WEBL,20000.0,92.43,0.0114,643000.0,20000.0,0.0,0.3476,3000.0,274000.0,BALANCED,22.6897
2021-09-27,WEBL,WEBL,17000.0,89.91,-0.0273,660000.0,17000.0,0.0,0.2068,36000.0,267000.0,BALANCED,21.1688
2021-09-28,WEBL,WEBL,71000.0,81.04,-0.0987,731000.0,71000.0,0.0,2.1631,97000.0,341000.0,ACCUMULATION,72.0774
2021-09-29,WEBL,WEBL,-10000.0,78.45,-0.032,721000.0,0.0,-10000.0,-0.9488,113000.0,266000.0,BALANCED,-15.7191
2021-09-30,WEBL,WEBL,-32000.0,79.13,0.0087,689000.0,0.0,-32000.0,-1.6708,66000.0,199000.0,DISTRIBUTION,-35.7698
2021-10-01,WEBL,WEBL,-18000.0,82.22,0.039,671000.0,0.0,-18000.0,-1.1561,28000.0,154000.0,BALANCED,-24.9018
2021-10-04,WEBL,WEBL,0.0,74.59,-0.0928,671000.0,0.0,0.0,-0.4989,11000.0,154000.0,BALANCED,-2.4734
2021-10-05,WEBL,WEBL,7000.0,77.73,0.0421,678000.0,7000.0,0.0,-0.2527,-53000.0,121000.0,BALANCED,-14.3185
2021-10-06,WEBL,WEBL,4000.0,79.91,0.028,682000.0,4000.0,0.0,-0.318,-39000.0,125000.0,BALANCED,-13.9504
2021-10-07,WEBL,WEBL,71000.0,82.69,0.0348,753000.0,71000.0,0.0,2.0647,64000.0,133000.0,ACCUMULATION,67.6167
2021-10-08,WEBL,WEBL,-5000.0,81.0,-0.0204,748000.0,0.0,-5000.0,-0.6258,77000.0,103000.0,BALANCED,-7.6456
2021-10-11,WEBL,WEBL,0.0,78.54,-0.0304,748000.0,0.0,0.0,-0.4199,77000.0,89000.0,BALANCED,-0.4969
2021-10-12,WEBL,WEBL,8000.0,79.53,0.0126,756000.0,8000.0,0.0,-0.1497,78000.0,97000.0,BALANCED,8.2573
2021-10-13,WEBL,WEBL,34000.0,83.0,0.0436,790000.0,34000.0,0.0,0.8592,108000.0,160000.0,BALANCED,35.4804
2021-10-14,WEBL,WEBL,33000.0,86.57,0.043,823000.0,33000.0,0.0,0.8259,70000.0,178000.0,BALANCED,36.6485
2021-10-15,WEBL,WEBL,49000.0,87.45,0.0102,872000.0,49000.0,0.0,1.3632,124000.0,232000.0,BALANCED,52.0806
2021-10-18,WEBL,WEBL,8000.0,89.35,0.0217,880000.0,8000.0,0.0,-0.1508,132000.0,256000.0,BALANCED,16.2293
2021-10-19,WEBL,WEBL,61000.0,91.6,0.0252,941000.0,61000.0,0.0,1.7105,185000.0,307000.0,ACCUMULATION,64.7631
2021-10-20,WEBL,WEBL,-47000.0,90.6,-0.0109,894000.0,0.0,-47000.0,-1.9313,104000.0,286000.0,DISTRIBUTION,-40.2829
2021-10-21,WEBL,WEBL,28000.0,92.23,0.018,922000.0,28000.0,0.0,0.6243,99000.0,299000.0,BALANCED,27.6087
2021-10-22,WEBL,WEBL,-46000.0,86.31,-0.0642,876000.0,0.0,-46000.0,-1.7705,4000.0,233000.0,DISTRIBUTION,-36.2623
2021-10-25,WEBL,WEBL,-24000.0,86.91,0.007,852000.0,0.0,-24000.0,-0.9866,-28000.0,192000.0,BALANCED,-38.6644
2021-10-26,WEBL,WEBL,-33000.0,85.97,-0.0108,819000.0,0.0,-33000.0,-1.2107,-122000.0,88000.0,BALANCED,-46.2673
2021-10-27,WEBL,WEBL,0.0,83.95,-0.0235,819000.0,0.0,0.0,-0.2031,-75000.0,98000.0,BALANCED,-15.0783
2021-10-28,WEBL,WEBL,-17000.0,85.94,0.0237,802000.0,0.0,-17000.0,-0.7114,-120000.0,113000.0,BALANCED,-29.7845
2021-10-29,WEBL,WEBL,0.0,87.13,0.0138,802000.0,0.0,0.0,-0.173,-74000.0,131000.0,BALANCED,-14.3254
2021-11-01,WEBL,WEBL,0.0,87.24,0.0013,802000.0,0.0,0.0,-0.1916,-50000.0,131000.0,BALANCED,-14.7899
2021-11-02,WEBL,WEBL,0.0,86.48,-0.0087,802000.0,0.0,0.0,-0.1808,-17000.0,124000.0,BALANCED,-14.5195
2021-11-03,WEBL,WEBL,0.0,87.89,0.0163,802000.0,0.0,0.0,-0.2126,-17000.0,120000.0,BALANCED,-15.3143
2021-11-04,WEBL,WEBL,0.0,90.31,0.0275,802000.0,0.0,0.0,-0.1963,0.0,49000.0,BALANCED,-4.907
2021-11-05,WEBL,WEBL,-66000.0,91.08,0.0085,736000.0,0.0,-66000.0,-2.0955,-66000.0,-12000.0,DISTRIBUTION,-64.3869
2021-11-08,WEBL,WEBL,3000.0,91.82,0.0081,739000.0,3000.0,0.0,0.0112,-63000.0,-9000.0,BALANCED,-7.7211
2021-11-09,WEBL,WEBL,-19000.0,91.7,-0.0013,720000.0,0.0,-19000.0,-0.6123,-82000.0,-36000.0,BALANCED,-27.3068
2021-11-10,WEBL,WEBL,91000.0,85.24,-0.0704,811000.0,91000.0,0.0,2.5413,9000.0,21000.0,ACCUMULATION,75.5323
2021-11-11,WEBL,WEBL,12000.0,85.13,-0.0013,823000.0,12000.0,0.0,0.2214,21000.0,0.0,BALANCED,19.5358
2021-11-12,WEBL,WEBL,20000.0,90.45,0.0625,843000.0,20000.0,0.0,0.4213,107000.0,-29000.0,BALANCED,26.5327
2021-11-15,WEBL,WEBL,0.0,91.66,0.0134,843000.0,0.0,0.0,-0.1693,104000.0,-37000.0,BALANCED,5.7672
2021-11-16,WEBL,WEBL,-72000.0,93.06,0.0153,771000.0,0.0,-72000.0,-2.0456,51000.0,-170000.0,DISTRIBUTION,-43.1404
2021-11-17,WEBL,WEBL,0.0,91.13,-0.0207,771000.0,0.0,0.0,-0.0808,-40000.0,-123000.0,BALANCED,-12.02
2021-11-18,WEBL,WEBL,0.0,89.45,-0.0184,771000.0,0.0,0.0,-0.0174,-52000.0,-151000.0,BALANCED,-10.4361
2021-11-19,WEBL,WEBL,-61000.0,86.84,-0.0292,710000.0,0.0,-61000.0,-1.6509,-133000.0,-166000.0,DISTRIBUTION,-53.2723
2021-11-22,WEBL,WEBL,-20000.0,79.62,-0.0831,690000.0,0.0,-20000.0,-0.4971,-153000.0,-162000.0,BALANCED,-26.4282
2021-11-23,WEBL,WEBL,0.0,76.98,-0.0332,690000.0,0.0,0.0,0.0606,-81000.0,-129000.0,BALANCED,-8.4847
2021-11-24,WEBL,WEBL,-125000.0,79.14,0.0281,565000.0,0.0,-125000.0,-2.7983,-206000.0,-254000.0,DISTRIBUTION,-81.9572
2021-11-26,WEBL,WEBL,-87000.0,77.51,-0.0206,478000.0,0.0,-87000.0,-1.7285,-293000.0,-324000.0,DISTRIBUTION,-57.2115
2021-11-29,WEBL,WEBL,25000.0,78.64,0.0146,503000.0,25000.0,0.0,0.8726,-207000.0,-299000.0,BALANCED,13.816
2021-11-30,WEBL,WEBL,28000.0,71.77,-0.0874,531000.0,28000.0,0.0,0.9169,-159000.0,-271000.0,BALANCED,16.9228
2021-12-01,WEBL,WEBL,-1000.0,63.65,-0.1131,530000.0,0.0,-1000.0,0.3093,-160000.0,-272000.0,BALANCED,-4.2675
2021-12-02,WEBL,WEBL,0.0,67.24,0.0564,530000.0,0.0,0.0,0.2986,-35000.0,-272000.0,BALANCED,-2.5362
2021-12-03,WEBL,WEBL,-269000.0,61.7,-0.0824,261000.0,0.0,-269000.0,-4.0223,-217000.0,-541000.0,DISTRIBUTION,-100.0
2021-12-06,WEBL,WEBL,36000.0,64.41,0.0439,297000.0,36000.0,0.0,0.8903,-206000.0,-439000.0,BALANCED,14.2565
2021-12-07,WEBL,WEBL,-99000.0,69.85,0.0845,198000.0,0.0,-99000.0,-1.2101,-333000.0,-541000.0,BALANCED,-42.2513
2021-12-08,WEBL,WEBL,90000.0,73.03,0.0455,288000.0,90000.0,0.0,1.6091,-242000.0,-432000.0,ACCUMULATION,32.2287
2021-12-09,WEBL,WEBL,65000.0,66.6,-0.088,353000.0,65000.0,0.0,1.1747,-177000.0,-458000.0,BALANCED,23.3682
2021-12-10,WEBL,WEBL,0.0,65.68,-0.0138,353000.0,0.0,0.0,0.2181,92000.0,-470000.0,BALANCED,15.4533
2021-12-13,WEBL,WEBL,63000.0,63.56,-0.0323,416000.0,63000.0,0.0,1.0833,119000.0,-427000.0,BALANCED,39.0814
2021-12-14,WEBL,WEBL,-78000.0,61.03,-0.0398,338000.0,0.0,-78000.0,-0.881,140000.0,-505000.0,BALANCED,-14.024
2021-12-15,WEBL,WEBL,-145000.0,64.33,0.0541,193000.0,0.0,-145000.0,-1.6686,-95000.0,-578000.0,DISTRIBUTION,-55.7161
2021-12-16,WEBL,WEBL,0.0,59.45,-0.0759,193000.0,0.0,0.0,0.2716,-160000.0,-578000.0,BALANCED,-3.209
2021-12-17,WEBL,WEBL,-23000.0,61.16,0.0288,170000.0,0.0,-23000.0,-0.0259,-183000.0,-601000.0,BALANCED,-12.6476
2021-12-20,WEBL,WEBL,-133000.0,58.8,-0.0386,37000.0,0.0,-133000.0,-1.4249,-379000.0,-673000.0,BALANCED,-49.6215
2021-12-21,WEBL,WEBL,112000.0,64.44,0.0959,149000.0,112000.0,0.0,1.6305,-189000.0,-541000.0,ACCUMULATION,32.7617
2021-12-22,WEBL,WEBL,-2000.0,65.01,0.0088,147000.0,0.0,-2000.0,0.2116,-46000.0,-543000.0,BALANCED,-6.7104
2021-12-23,WEBL,WEBL,0.0,66.3,0.0198,147000.0,0.0,0.0,0.283,-46000.0,-418000.0,BALANCED,-2.925
2021-12-27,WEBL,WEBL,122000.0,67.54,0.0187,269000.0,122000.0,0.0,1.7061,99000.0,-209000.0,ACCUMULATION,54.6513
2021-12-28,WEBL,WEBL,63000.0,65.6,-0.0287,332000.0,63000.0,0.0,0.9597,295000.0,-171000.0,BALANCED,37.9924
2021-12-29,WEBL,WEBL,13000.0,65.05,-0.0084,345000.0,13000.0,0.0,0.3544,196000.0,-186000.0,BALANCED,24.8602
2021-12-30,WEBL,WEBL,18000.0,66.02,0.0149,363000.0,18000.0,0.0,0.3804,216000.0,-167000.0,BALANCED,27.5093
2021-12-31,WEBL,WEBL,0.0,63.7,-0.0351,363000.0,0.0,0.0,0.1637,216000.0,-167000.0,BALANCED,14.0926
2022-01-03,WEBL,WEBL,0.0,64.06,0.0057,363000.0,0.0,0.0,0.1637,94000.0,102000.0,BALANCED,14.0926
2022-01-04,WEBL,WEBL,0.0,59.88,-0.0653,363000.0,0.0,0.0,0.14,31000.0,66000.0,BALANCED,13.4999
2022-01-05,WEBL,WEBL,-185000.0,52.46,-0.1239,178000.0,0.0,-185000.0,-1.8979,-167000.0,-20000.0,DISTRIBUTION,-59.4463
2022-01-06,WEBL,WEBL,0.0,52.58,0.0023,178000.0,0.0,0.0,0.1929,-185000.0,-110000.0,BALANCED,-5.1781
2022-01-07,WEBL,WEBL,-71000.0,51.44,-0.0217,107000.0,0.0,-71000.0,-0.6425,-256000.0,-246000.0,BALANCED,-28.062
2022-01-10,WEBL,WEBL,-153000.0,51.93,0.0095,-46000.0,0.0,-153000.0,-1.5156,-409000.0,-399000.0,DISTRIBUTION,-51.8904
2022-01-11,WEBL,WEBL,0.0,54.98,0.0587,-46000.0,0.0,0.0,0.2053,-409000.0,-462000.0,BALANCED,-4.8671
2022-01-12,WEBL,WEBL,0.0,54.16,-0.0149,-46000.0,0.0,0.0,0.2167,-224000.0,-384000.0,BALANCED,-4.5837
2022-01-13,WEBL,WEBL,-73000.0,49.2,-0.0916,-119000.0,0.0,-73000.0,-0.5756,-297000.0,-312000.0,BALANCED,-26.3904
2022-01-14,WEBL,WEBL,-65000.0,49.08,-0.0024,-184000.0,0.0,-65000.0,-0.4604,-291000.0,-377000.0,BALANCED,-25.5106
2022-01-18,WEBL,WEBL,-83000.0,45.25,-0.078,-267000.0,0.0,-83000.0,-0.8433,-221000.0,-437000.0,BALANCED,-37.0813
2022-01-19,WEBL,WEBL,-74000.0,44.65,-0.0133,-341000.0,0.0,-74000.0,-0.6801,-295000.0,-378000.0,BALANCED,-35.0029
2022-01-20,WEBL,WEBL,0.0,43.2,-0.0325,-341000.0,0.0,0.0,0.2358,-295000.0,-490000.0,BALANCED,-4.1061
2022-01-21,WEBL,WEBL,-148000.0,37.33,-0.1359,-489000.0,0.0,-148000.0,-1.5864,-370000.0,-636000.0,DISTRIBUTION,-51.6604
2022-01-24,WEBL,WEBL,-174000.0,39.0,0.0447,-663000.0,0.0,-174000.0,-1.7614,-479000.0,-810000.0,DISTRIBUTION,-58.0349
2022-01-25,WEBL,WEBL,-71000.0,34.96,-0.1036,-734000.0,0.0,-71000.0,-0.4369,-467000.0,-1003000.0,BALANCED,-26.923
2022-01-26,WEBL,WEBL,-74000.0,33.38,-0.0452,-808000.0,0.0,-74000.0,-0.4279,-467000.0,-1140000.0,BALANCED,-28.6977
2022-01-27,WEBL,WEBL,0.0,33.01,-0.0111,-808000.0,0.0,0.0,0.4922,-467000.0,-1153000.0,BALANCED,2.306
2022-01-28,WEBL,WEBL,0.0,36.3,0.0997,-808000.0,0.0,0.0,0.4437,-319000.0,-1171000.0,BALANCED,1.0924
2022-01-31,WEBL,WEBL,24000.0,41.45,0.1419,-784000.0,24000.0,0.0,0.7473,-121000.0,-1147000.0,BALANCED,10.6825
2022-02-01,WEBL,WEBL,221000.0,43.32,0.0451,-563000.0,221000.0,0.0,2.7657,171000.0,-926000.0,ACCUMULATION,83.142
2022-02-02,WEBL,WEBL,121000.0,40.66,-0.0614,-442000.0,121000.0,0.0,1.5196,366000.0,-805000.0,ACCUMULATION,53.9901
2022-02-03,WEBL,WEBL,146000.0,32.93,-0.1901,-296000.0,146000.0,0.0,1.7483,512000.0,-474000.0,ACCUMULATION,61.7084
2022-02-04,WEBL,WEBL,189000.0,36.96,0.1224,-107000.0,189000.0,0.0,1.9899,701000.0,-285000.0,ACCUMULATION,69.7471
2022-02-07,WEBL,WEBL,-46000.0,36.08,-0.0238,-153000.0,0.0,-46000.0,-0.362,631000.0,-260000.0,BALANCED,-1.0493
2022-02-08,WEBL,WEBL,-32000.0,36.7,0.0172,-185000.0,0.0,-32000.0,-0.1751,378000.0,-139000.0,BALANCED,1.6228
2022-02-09,WEBL,WEBL,47000.0,39.4,0.0736,-138000.0,47000.0,0.0,0.6533,304000.0,-92000.0,BALANCED,28.3316
2022-02-10,WEBL,WEBL,61000.0,38.19,-0.0307,-77000.0,61000.0,0.0,0.7753,219000.0,-31000.0,BALANCED,33.3832
2022-02-11,WEBL,WEBL,0.0,35.13,-0.0801,-77000.0,0.0,0.0,0.1517,30000.0,42000.0,BALANCED,13.793
2022-02-14,WEBL,WEBL,33000.0,35.18,0.0014,-44000.0,33000.0,0.0,0.4799,109000.0,140000.0,BALANCED,23.9981
2022-02-15,WEBL,WEBL,103000.0,38.25,0.0873,59000.0,103000.0,0.0,1.1391,244000.0,326000.0,BALANCED,42.4768
2022-02-16,WEBL,WEBL,0.0,37.14,-0.029,59000.0,0.0,0.0,0.102,197000.0,400000.0,BALANCED,12.5507
2022-02-17,WEBL,WEBL,29000.0,33.32,-0.1029,88000.0,29000.0,0.0,0.3409,165000.0,429000.0,BALANCED,20.523
2022-02-18,WEBL,WEBL,-107000.0,31.59,-0.0519,-19000.0,0.0,-107000.0,-1.0488,58000.0,470000.0,BALANCED,-18.2203
2022-02-22,WEBL,WEBL,2000.0,30.08,-0.0478,-17000.0,2000.0,0.0,0.0646,27000.0,646000.0,BALANCED,13.6142
2022-02-23,WEBL,WEBL,-89000.0,27.45,-0.0874,-106000.0,0.0,-89000.0,-0.9435,-165000.0,628000.0,BALANCED,-35.5876
2022-02-24,WEBL,WEBL,-189000.0,31.46,0.1461,-295000.0,0.0,-189000.0,-1.8378,-354000.0,513000.0,DISTRIBUTION,-59.9461
2022-02-25,WEBL,WEBL,-51000.0,32.8,0.0426,-346000.0,0.0,-51000.0,-0.4158,-434000.0,462000.0,BALANCED,-26.3941
2022-02-28,WEBL,WEBL,0.0,33.48,0.0207,-346000.0,0.0,0.0,0.0773,-327000.0,462000.0,BALANCED,-8.0678
2022-03-01,WEBL,WEBL,-6000.0,32.14,-0.04,-352000.0,0.0,-6000.0,-0.0041,-335000.0,432000.0,BALANCED,-12.1028
2022-03-02,WEBL,WEBL,130000.0,32.93,0.0246,-222000.0,130000.0,0.0,1.2952,-116000.0,341000.0,BALANCED,24.3805
2022-03-03,WEBL,WEBL,88000.0,29.47,-0.1051,-134000.0,88000.0,0.0,0.8162,161000.0,308000.0,BALANCED,34.4039
2022-03-04,WEBL,WEBL,-51000.0,27.43,-0.0692,-185000.0,0.0,-51000.0,-0.5624,161000.0,111000.0,BALANCED,-6.0605
2022-03-07,WEBL,WEBL,0.0,23.39,-0.1473,-185000.0,0.0,0.0,-0.1059,161000.0,-78000.0,BALANCED,7.3518
2022-03-08,WEBL,WEBL,-177000.0,23.26,-0.0056,-362000.0,0.0,-177000.0,-1.951,-10000.0,-209000.0,DISTRIBUTION,-60.7757
2022-03-09,WEBL,WEBL,47000.0,26.42,0.1359,-315000.0,47000.0,0.0,0.3483,-93000.0,-130000.0,BALANCED,0.7077
2022-03-10,WEBL,WEBL,-10000.0,25.59,-0.0314,-325000.0,0.0,-10000.0,-0.2791,-191000.0,-187000.0,BALANCED,-18.9784
2022-03-11,WEBL,WEBL,-15000.0,22.82,-0.1082,-340000.0,0.0,-15000.0,-0.3268,-155000.0,-263000.0,BALANCED,-22.1703
2022-03-14,WEBL,WEBL,0.0,21.27,-0.0679,-340000.0,0.0,0.0,-0.1666,-155000.0,-263000.0,BALANCED,-14.1652
2022-03-15,WEBL,WEBL,27000.0,22.98,0.0804,-313000.0,27000.0,0.0,0.1207,49000.0,-269000.0,BALANCED,15.0168
2022-03-16,WEBL,WEBL,127000.0,26.22,0.141,-186000.0,127000.0,0.0,1.3013,129000.0,-245000.0,BALANCED,46.5333
2022-03-17,WEBL,WEBL,108000.0,28.12,0.0725,-78000.0,108000.0,0.0,1.0967,247000.0,-137000.0,BALANCED,43.4176
2022-03-18,WEBL,WEBL,0.0,31.06,0.1046,-78000.0,0.0,0.0,-0.0868,262000.0,-166000.0,BALANCED,7.8292
2022-03-21,WEBL,WEBL,122000.0,29.89,-0.0377,44000.0,122000.0,0.0,1.4721,384000.0,63000.0,BALANCED,48.8013
2022-03-22,WEBL,WEBL,167000.0,32.14,0.0753,211000.0,167000.0,0.0,1.841,524000.0,228000.0,ACCUMULATION,60.0252
2022-03-23,WEBL,WEBL,27000.0,30.57,-0.0488,238000.0,27000.0,0.0,0.154,424000.0,344000.0,BALANCED,19.8511
2022-03-24,WEBL,WEBL,28000.0,32.11,0.0504,266000.0,28000.0,0.0,0.1739,344000.0,561000.0,BALANCED,22.3484
2022-03-25,WEBL,WEBL,0.0,31.03,-0.0336,266000.0,0.0,0.0,-0.1376,344000.0,612000.0,BALANCED,6.5604
2022-03-28,WEBL,WEBL,94000.0,32.72,0.0545,360000.0,94000.0,0.0,0.941,316000.0,706000.0,BALANCED,35.5243
2022-03-29,WEBL,WEBL,36000.0,35.24,0.077,396000.0,36000.0,0.0,0.2526,185000.0,748000.0,BALANCED,20.3161
2022-03-30,WEBL,WEBL,-74000.0,33.37,-0.0531,322000.0,0.0,-74000.0,-0.9825,84000.0,544000.0,BALANCED,-16.563
2022-03-31,WEBL,WEBL,-75000.0,31.91,-0.0438,247000.0,0.0,-75000.0,-0.9493,-19000.0,381000.0,BALANCED,-37.7316
2022-04-01,WEBL,WEBL,0.0,32.51,0.0188,247000.0,0.0,0.0,-0.062,-19000.0,432000.0,BALANCED,-11.5496
2022-04-04,WEBL,WEBL,59000.0,35.77,0.1003,306000.0,59000.0,0.0,0.578,-54000.0,491000.0,BALANCED,6.4499
2022-04-05,WEBL,WEBL,0.0,33.01,-0.0772,306000.0,0.0,0.0,-0.1292,-90000.0,668000.0,BALANCED,-13.2297
2022-04-06,WEBL,WEBL,0.0,29.4,-0.1094,306000.0,0.0,0.0,-0.1691,-16000.0,621000.0,BALANCED,-14.2269
2022-04-07,WEBL,WEBL,0.0,29.03,-0.0126,306000.0,0.0,0.0,-0.2793,59000.0,631000.0,BALANCED,3.0182
2022-04-08,WEBL,WEBL,-45000.0,27.56,-0.0506,261000.0,0.0,-45000.0,-0.9119,14000.0,601000.0,BALANCED,-14.797
2022-04-11,WEBL,WEBL,-49000.0,26.58,-0.0356,212000.0,0.0,-49000.0,-0.9316,-94000.0,552000.0,BALANCED,-37.2888
2022-04-12,WEBL,WEBL,-91000.0,25.89,-0.026,121000.0,0.0,-91000.0,-1.4203,-185000.0,434000.0,BALANCED,-51.5069
2022-04-13,WEBL,WEBL,3000.0,27.9,0.0776,124000.0,3000.0,0.0,-0.1185,-182000.0,310000.0,BALANCED,-10.9618
2022-04-14,WEBL,WEBL,-73000.0,25.67,-0.0799,51000.0,0.0,-73000.0,-1.0975,-255000.0,129000.0,BALANCED,-39.4379
2022-04-18,WEBL,WEBL,-46000.0,24.97,-0.0273,5000.0,0.0,-46000.0,-0.7268,-256000.0,83000.0,BALANCED,-32.1709
2022-04-19,WEBL,WEBL,-53000.0,26.92,0.0781,-48000.0,0.0,-53000.0,-0.7907,-260000.0,-92000.0,BALANCED,-35.7666
2022-04-20,WEBL,WEBL,-66000.0,23.25,-0.1363,-114000.0,0.0,-66000.0,-1.1297,-235000.0,-325000.0,BALANCED,-46.2424
2022-04-21,WEBL,WEBL,-112000.0,20.71,-0.1092,-226000.0,0.0,-112000.0,-1.6699,-350000.0,-464000.0,DISTRIBUTION,-61.7478
2022-04-22,WEBL,WEBL,-96000.0,19.42,-0.0623,-322000.0,0.0,-96000.0,-1.3506,-373000.0,-588000.0,BALANCED,-55.7638
2022-04-25,WEBL,WEBL,-39000.0,20.64,0.0628,-361000.0,0.0,-39000.0,-0.5359,-366000.0,-627000.0,BALANCED,-37.398
2022-04-26,WEBL,WEBL,-39000.0,18.36,-0.1105,-400000.0,0.0,-39000.0,-0.5153,-352000.0,-760000.0,BALANCED,-38.8818
2022-04-27,WEBL,WEBL,-135000.0,17.46,-0.049,-535000.0,0.0,-135000.0,-1.6891,-421000.0,-931000.0,DISTRIBUTION,-70.2266
2022-04-28,WEBL,WEBL,0.0,19.83,0.1357,-535000.0,0.0,0.0,0.1634,-309000.0,-857000.0,BALANCED,-5.9145
2022-04-29,WEBL,WEBL,0.0,16.88,-0.1488,-535000.0,0.0,0.0,0.2255,-213000.0,-782000.0,BALANCED,-4.3636
2022-05-02,WEBL,WEBL,-66000.0,18.14,0.0746,-601000.0,0.0,-66000.0,-0.7129,-240000.0,-848000.0,BALANCED,-29.8225
2022-05-03,WEBL,WEBL,63000.0,17.76,-0.0209,-538000.0,63000.0,0.0,1.273,-138000.0,-844000.0,BALANCED,23.8253
2022-05-04,WEBL,WEBL,0.0,19.37,0.0907,-538000.0,0.0,0.0,0.4579,-3000.0,-844000.0,BALANCED,1.4481
2022-05-05,WEBL,WEBL,0.0,15.57,-0.1962,-538000.0,0.0,0.0,0.4803,-3000.0,-844000.0,BALANCED,2.0081
2022-05-06,WEBL,WEBL,-149000.0,14.22,-0.0867,-687000.0,0.0,-149000.0,-2.0448,-152000.0,-993000.0,DISTRIBUTION,-63.121
2022-05-09,WEBL,WEBL,-146000.0,12.11,-0.1484,-833000.0,0.0,-146000.0,-1.8035,-232000.0,-1094000.0,DISTRIBUTION,-59.0864
2022-05-10,WEBL,WEBL,-114000.0,12.19,0.0066,-947000.0,0.0,-114000.0,-1.2363,-409000.0,-1159000.0,BALANCED,-46.9072
2022-05-11,WEBL,WEBL,-113000.0,11.05,-0.0935,-1060000.0,0.0,-113000.0,-1.1453,-522000.0,-1181000.0,BALANCED,-46.6332
2022-05-12,WEBL,WEBL,-140000.0,11.35,0.0271,-1200000.0,0.0,-140000.0,-1.5244,-662000.0,-1324000.0,DISTRIBUTION,-58.1089
2022-05-13,WEBL,WEBL,21000.0,13.03,0.148,-1179000.0,21000.0,0.0,1.1461,-492000.0,-1230000.0,BALANCED,20.6518
2022-05-16,WEBL,WEBL,-31000.0,11.89,-0.0875,-1210000.0,0.0,-31000.0,0.2967,-377000.0,-1215000.0,BALANCED,-4.5834
2022-05-17,WEBL,WEBL,23000.0,12.54,0.0547,-1187000.0,23000.0,0.0,1.2701,-240000.0,-1139000.0,BALANCED,23.7525
2022-05-18,WEBL,WEBL,5000.0,10.73,-0.1443,-1182000.0,5000.0,0.0,0.9504,-122000.0,-1068000.0,BALANCED,17.7602
2022-05-19,WEBL,WEBL,88000.0,10.93,0.0186,-1094000.0,88000.0,0.0,2.1677,106000.0,-868000.0,ACCUMULATION,70.1916
2022-05-20,WEBL,WEBL,-69000.0,10.95,0.0018,-1163000.0,0.0,-69000.0,-0.3251,16000.0,-841000.0,BALANCED,-0.1287
2022-05-23,WEBL,WEBL,-10000.0,11.08,0.0119,-1173000.0,0.0,-10000.0,0.6095,37000.0,-812000.0,BALANCED,21.2368
2022-05-24,WEBL,WEBL,-291000.0,9.3,-0.1606,-1464000.0,0.0,-291000.0,-3.0825,-277000.0,-1064000.0,DISTRIBUTION,-93.0619
2022-05-25,WEBL,WEBL,-26000.0,9.98,0.0731,-1490000.0,0.0,-26000.0,0.3637,-308000.0,-955000.0,BALANCED,-8.9087
2022-05-26,WEBL,WEBL,19000.0,10.8,0.0822,-1471000.0,19000.0,0.0,0.9417,-377000.0,-936000.0,BALANCED,15.5418
2022-05-27,WEBL,WEBL,114000.0,11.82,0.0944,-1357000.0,114000.0,0.0,1.954,-194000.0,-822000.0,ACCUMULATION,42.8511
2022-05-31,WEBL,WEBL,-52000.0,11.57,-0.0212,-1409000.0,0.0,-52000.0,-0.0591,-236000.0,-808000.0,BALANCED,-13.4772
2022-06-01,WEBL,WEBL,143000.0,11.46,-0.0095,-1266000.0,143000.0,0.0,2.0546,198000.0,-728000.0,ACCUMULATION,63.3657
2022-06-02,WEBL,WEBL,231000.0,13.11,0.144,-1035000.0,231000.0,0.0,2.5655,455000.0,-497000.0,ACCUMULATION,78.1387
2022-06-03,WEBL,WEBL,0.0,12.17,-0.0717,-1035000.0,0.0,0.0,0.2671,436000.0,-497000.0,BALANCED,16.6768
2022-06-06,WEBL,WEBL,-49000.0,12.31,0.0115,-1084000.0,0.0,-49000.0,-0.2355,273000.0,-397000.0,BALANCED,2.1133
2022-06-07,WEBL,WEBL,87000.0,12.66,0.0284,-997000.0,87000.0,0.0,1.0581,412000.0,-164000.0,BALANCED,38.4534
2022-06-08,WEBL,WEBL,0.0,12.7,0.0032,-997000.0,0.0,0.0,0.1946,269000.0,-50000.0,BALANCED,14.8646
2022-06-09,WEBL,WEBL,-81000.0,11.31,-0.1094,-1078000.0,0.0,-81000.0,-0.625,-43000.0,-18000.0,BALANCED,-27.6257
2022-06-10,WEBL,WEBL,0.0,9.68,-0.1441,-1078000.0,0.0,0.0,0.1799,-43000.0,122000.0,BALANCED,-5.5036
2022-06-13,WEBL,WEBL,0.0,7.97,-0.1767,-1078000.0,0.0,0.0,0.1799,6000.0,101000.0,BALANCED,14.4964
2022-06-14,WEBL,WEBL,0.0,7.78,-0.0238,-1078000.0,0.0,0.0,0.1586,-81000.0,132000.0,BALANCED,-6.0358
2022-06-15,WEBL,WEBL,-168000.0,8.63,0.1093,-1246000.0,0.0,-168000.0,-1.4041,-249000.0,-59000.0,BALANCED,-47.1024
2022-06-16,WEBL,WEBL,-119000.0,7.4,-0.1425,-1365000.0,0.0,-119000.0,-0.8776,-287000.0,-183000.0,BALANCED,-35.9398
2022-06-17,WEBL,WEBL,0.0,7.83,0.0581,-1365000.0,0.0,0.0,0.2646,-287000.0,-271000.0,BALANCED,-3.3853
2022-06-21,WEBL,WEBL,0.0,8.26,0.0549,-1365000.0,0.0,0.0,0.2222,-287000.0,-202000.0,BALANCED,-4.4455
2022-06-22,WEBL,WEBL,0.0,8.39,0.0157,-1365000.0,0.0,0.0,0.179,-287000.0,-192000.0,BALANCED,-5.5251
2022-06-23,WEBL,WEBL,-7000.0,9.18,0.0942,-1372000.0,0.0,-7000.0,0.0736,-126000.0,92000.0,BALANCED,-10.1605
2022-06-24,WEBL,WEBL,274000.0,10.53,0.1471,-1098000.0,274000.0,0.0,2.5297,267000.0,392000.0,ACCUMULATION,75.2418
2022-06-27,WEBL,WEBL,201000.0,10.0,-0.0503,-897000.0,201000.0,0.0,1.7106,468000.0,574000.0,ACCUMULATION,56.765
2022-06-28,WEBL,WEBL,0.0,8.76,-0.124,-897000.0,0.0,0.0,-0.0842,468000.0,460000.0,BALANCED,7.8941
2022-06-29,WEBL,WEBL,0.0,8.73,-0.0034,-897000.0,0.0,0.0,-0.0937,468000.0,512000.0,BALANCED,7.6575
2022-06-30,WEBL,WEBL,-43000.0,8.1,-0.0722,-940000.0,0.0,-43000.0,-0.4585,432000.0,326000.0,BALANCED,-3.4622
2022-07-01,WEBL,WEBL,-114000.0,8.6,0.0617,-1054000.0,0.0,-114000.0,-1.0379,44000.0,-19000.0,BALANCED,-19.9464
2022-07-05,WEBL,WEBL,38000.0,9.62,0.1186,-1016000.0,38000.0,0.0,0.3131,-119000.0,19000.0,BALANCED,-0.1715
2022-07-06,WEBL,WEBL,0.0,9.54,-0.0083,-1016000.0,0.0,0.0,-0.0437,-119000.0,68000.0,BALANCED,-11.0914
2022-07-07,WEBL,WEBL,0.0,10.29,0.0786,-1016000.0,0.0,0.0,-0.0466,-119000.0,-19000.0,BALANCED,-11.166
2022-07-08,WEBL,WEBL,119000.0,10.11,-0.0175,-897000.0,119000.0,0.0,1.0102,43000.0,100000.0,BALANCED,37.2559
2022-07-11,WEBL,WEBL,157000.0,9.1,-0.0999,-740000.0,157000.0,0.0,1.2964,314000.0,338000.0,BALANCED,46.4096
2022-07-12,WEBL,WEBL,-37000.0,8.7,-0.044,-777000.0,0.0,-37000.0,-0.587,239000.0,301000.0,BALANCED,-6.6743
2022-07-13,WEBL,WEBL,14000.0,8.62,-0.0092,-763000.0,14000.0,0.0,-0.0574,253000.0,315000.0,BALANCED,10.5644
2022-07-14,WEBL,WEBL,-124000.0,8.14,-0.0557,-887000.0,0.0,-124000.0,-1.365,129000.0,191000.0,BALANCED,-26.1242
2022-07-15,WEBL,WEBL,-133000.0,8.9,0.0934,-1020000.0,0.0,-133000.0,-1.3537,-123000.0,226000.0,BALANCED,-47.8426
2022-07-18,WEBL,WEBL,0.0,8.87,-0.0034,-1020000.0,0.0,0.0,-0.0052,-280000.0,345000.0,BALANCED,-10.131
2022-07-19,WEBL,WEBL,198000.0,9.78,0.1026,-822000.0,198000.0,0.0,1.8711,-45000.0,543000.0,ACCUMULATION,38.7778
2022-07-20,WEBL,WEBL,276000.0,10.79,0.1033,-546000.0,276000.0,0.0,2.2925,217000.0,819000.0,ACCUMULATION,71.3114
2022-07-21,WEBL,WEBL,235000.0,11.26,0.0436,-311000.0,235000.0,0.0,1.786,576000.0,1054000.0,ACCUMULATION,60.6501
2022-07-22,WEBL,WEBL,110000.0,9.85,-0.1252,-201000.0,110000.0,0.0,0.6971,819000.0,1171000.0,BALANCED,35.4268
2022-07-25,WEBL,WEBL,91000.0,9.6,-0.0254,-110000.0,91000.0,0.0,0.4955,910000.0,988000.0,BALANCED,32.3885
2022-07-26,WEBL,WEBL,-15000.0,8.57,-0.1073,-125000.0,0.0,-15000.0,-0.394,697000.0,772000.0,BALANCED,-1.85
2022-07-27,WEBL,WEBL,202000.0,9.95,0.161,77000.0,202000.0,0.0,1.3347,623000.0,974000.0,BALANCED,45.3671
2022-07-28,WEBL,WEBL,0.0,10.18,0.0231,77000.0,0.0,0.0,-0.3143,388000.0,974000.0,BALANCED,2.1429
2022-07-29,WEBL,WEBL,0.0,10.71,0.0521,77000.0,0.0,0.0,-0.3788,278000.0,1017000.0,BALANCED,0.5304
2022-08-01,WEBL,WEBL,-140000.0,10.79,0.0075,-63000.0,0.0,-140000.0,-1.5609,47000.0,991000.0,DISTRIBUTION,-31.0222
2022-08-02,WEBL,WEBL,158000.0,11.07,0.0259,95000.0,158000.0,0.0,0.9186,220000.0,1111000.0,BALANCED,34.9661
2022-08-03,WEBL,WEBL,0.0,12.15,0.0976,95000.0,0.0,0.0,-0.4089,18000.0,1111000.0,BALANCED,-0.2227
2022-08-04,WEBL,WEBL,182000.0,12.28,0.0107,277000.0,182000.0,0.0,1.0512,200000.0,1293000.0,BALANCED,38.2794
2022-08-05,WEBL,WEBL,348000.0,12.43,0.0122,625000.0,348000.0,0.0,2.1368,548000.0,1522000.0,ACCUMULATION,67.4191
2022-08-08,WEBL,WEBL,0.0,12.72,0.0233,625000.0,0.0,0.0,-0.455,688000.0,1365000.0,BALANCED,-1.3761
2022-08-09,WEBL,WEBL,0.0,11.92,-0.0629,625000.0,0.0,0.0,-0.4103,530000.0,1402000.0,BALANCED,-0.2583
2022-08-10,WEBL,WEBL,180000.0,13.41,0.125,805000.0,180000.0,0.0,0.9826,710000.0,1568000.0,BALANCED,36.5654
2022-08-11,WEBL,WEBL,20000.0,13.01,-0.0298,825000.0,20000.0,0.0,-0.2987,548000.0,1712000.0,BALANCED,6.5313
2022-08-12,WEBL,WEBL,38000.0,13.85,0.0646,863000.0,38000.0,0.0,-0.1785,238000.0,1883000.0,BALANCED,11.5377
2022-08-15,WEBL,WEBL,-51000.0,14.08,0.0166,812000.0,0.0,-51000.0,-0.9335,187000.0,1832000.0,BALANCED,-15.3368
2022-08-16,WEBL,WEBL,257000.0,13.98,-0.0071,1069000.0,257000.0,0.0,1.4851,444000.0,1891000.0,BALANCED,49.1287
2022-08-17,WEBL,WEBL,0.0,12.99,-0.0708,1069000.0,0.0,0.0,-0.5505,264000.0,1615000.0,BALANCED,-3.7624
2022-08-18,WEBL,WEBL,130000.0,13.21,0.0169,1199000.0,130000.0,0.0,0.4457,374000.0,1510000.0,BALANCED,23.143
2022-08-19,WEBL,WEBL,0.0,11.98,-0.0931,1199000.0,0.0,0.0,-0.5527,336000.0,1400000.0,BALANCED,-3.817
2022-08-22,WEBL,WEBL,-182000.0,10.91,-0.0893,1017000.0,0.0,-182000.0,-1.8044,205000.0,1127000.0,DISTRIBUTION,-37.1107
2022-08-23,WEBL,WEBL,-125000.0,10.56,-0.0321,892000.0,0.0,-125000.0,-1.324,-177000.0,1017000.0,BALANCED,-47.1007
2022-08-24,WEBL,WEBL,0.0,10.88,0.0303,892000.0,0.0,0.0,-0.4039,-177000.0,815000.0,BALANCED,-20.0965
2022-08-25,WEBL,WEBL,-144000.0,11.75,0.08,748000.0,0.0,-144000.0,-1.4431,-451000.0,671000.0,BALANCED,-48.0782
2022-08-26,WEBL,WEBL,29000.0,10.41,-0.114,777000.0,29000.0,0.0,-0.2323,-422000.0,700000.0,BALANCED,-13.8065
2022-08-29,WEBL,WEBL,22000.0,10.01,-0.0384,799000.0,22000.0,0.0,-0.291,-218000.0,862000.0,BALANCED,-13.2751
2022-08-30,WEBL,WEBL,-104000.0,9.86,-0.015,695000.0,0.0,-104000.0,-1.1584,-197000.0,600000.0,BALANCED,-40.96
2022-08-31,WEBL,WEBL,-59000.0,9.79,-0.0071,636000.0,0.0,-59000.0,-0.7699,-256000.0,541000.0,BALANCED,-33.2467
2022-09-01,WEBL,WEBL,-151000.0,9.45,-0.0347,485000.0,0.0,-151000.0,-1.3993,-263000.0,208000.0,BALANCED,-50.9833
2022-09-02,WEBL,WEBL,-75000.0,9.16,-0.0307,410000.0,0.0,-75000.0,-0.7499,-367000.0,-215000.0,BALANCED,-36.7481
2022-09-06,WEBL,WEBL,-202000.0,8.89,-0.0295,208000.0,0.0,-202000.0,-1.6022,-591000.0,-417000.0,DISTRIBUTION,-60.0562
2022-09-07,WEBL,WEBL,38000.0,9.65,0.0855,246000.0,38000.0,0.0,0.1932,-449000.0,-379000.0,BALANCED,-3.1704
2022-09-08,WEBL,WEBL,75000.0,10.03,0.0394,321000.0,75000.0,0.0,0.5208,-315000.0,-484000.0,BALANCED,7.0206
2022-09-09,WEBL,WEBL,123000.0,10.83,0.0798,444000.0,123000.0,0.0,0.8516,-41000.0,-381000.0,BALANCED,17.2897
2022-09-12,WEBL,WEBL,-70000.0,11.23,0.0369,374000.0,0.0,-70000.0,-0.6103,-36000.0,-489000.0,BALANCED,-27.2571
2022-09-13,WEBL,WEBL,0.0,9.44,-0.1594,374000.0,0.0,0.0,-0.1139,166000.0,-438000.0,BALANCED,7.1517
2022-09-14,WEBL,WEBL,84000.0,9.72,0.0297,458000.0,84000.0,0.0,0.5721,212000.0,-611000.0,BALANCED,26.3014
2022-09-15,WEBL,WEBL,0.0,9.51,-0.0216,458000.0,0.0,0.0,-0.0963,137000.0,-611000.0,BALANCED,7.5932
2022-09-16,WEBL,WEBL,-152000.0,8.9,-0.0641,306000.0,0.0,-152000.0,-1.2246,-138000.0,-893000.0,BALANCED,-42.6156
2022-09-19,WEBL,WEBL,-104000.0,9.02,0.0135,202000.0,0.0,-104000.0,-0.8349,-172000.0,-997000.0,BALANCED,-34.8725
2022-09-20,WEBL,WEBL,-89000.0,8.5,-0.0576,113000.0,0.0,-89000.0,-0.663,-261000.0,-904000.0,BALANCED,-32.5747
2022-09-21,WEBL,WEBL,-125000.0,8.02,-0.0565,-12000.0,0.0,-125000.0,-0.9416,-470000.0,-904000.0,BALANCED,-41.5389
2022-09-22,WEBL,WEBL,-41000.0,7.56,-0.0574,-53000.0,0.0,-41000.0,-0.1198,-511000.0,-945000.0,BALANCED,-22.996
2022-09-23,WEBL,WEBL,-195000.0,7.17,-0.0516,-248000.0,0.0,-195000.0,-1.4831,-554000.0,-996000.0,BALANCED,-59.0782
2022-09-26,WEBL,WEBL,-150000.0,6.95,-0.0307,-398000.0,0.0,-150000.0,-0.9961,-600000.0,-1175000.0,BALANCED,-48.9022
2022-09-27,WEBL,WEBL,0.0,7.09,0.0201,-398000.0,0.0,0.0,0.3712,-511000.0,-1197000.0,BALANCED,-0.719
2022-09-28,WEBL,WEBL,-11000.0,7.87,0.11,-409000.0,0.0,-11000.0,0.4102,-397000.0,-1104000.0,BALANCED,-1.7448
2022-09-29,WEBL,WEBL,-86000.0,7.32,-0.0699,-495000.0,0.0,-86000.0,-0.364,-442000.0,-1131000.0,BALANCED,-23.0999
2022-09-30,WEBL,WEBL,73000.0,7.11,-0.0287,-422000.0,73000.0,0.0,1.4159,-174000.0,-907000.0,BALANCED,27.3987
2022-10-03,WEBL,WEBL,118000.0,7.52,0.0577,-304000.0,118000.0,0.0,1.7766,94000.0,-714000.0,ACCUMULATION,58.4147
2022-10-04,WEBL,WEBL,237000.0,8.59,0.1423,-67000.0,237000.0,0.0,2.605,331000.0,-275000.0,ACCUMULATION,81.1251
2022-10-05,WEBL,WEBL,0.0,8.57,-0.0023,-67000.0,0.0,0.0,0.3083,342000.0,-313000.0,BALANCED,17.7085
2022-10-06,WEBL,WEBL,251000.0,8.55,-0.0023,184000.0,251000.0,0.0,2.372,679000.0,-137000.0,ACCUMULATION,71.3011
2022-10-07,WEBL,WEBL,-63000.0,7.46,-0.1275,121000.0,0.0,-63000.0,-0.37,543000.0,-323000.0,BALANCED,-1.2497
2022-10-10,WEBL,WEBL,-97000.0,7.02,-0.059,24000.0,0.0,-97000.0,-0.6296,328000.0,-350000.0,BALANCED,-9.7389
2022-10-11,WEBL,WEBL,-213000.0,6.54,-0.0684,-189000.0,0.0,-213000.0,-1.5153,-122000.0,-563000.0,DISTRIBUTION,-53.883
2022-10-12,WEBL,WEBL,-107000.0,6.64,0.0153,-296000.0,0.0,-107000.0,-0.6221,-229000.0,-754000.0,BALANCED,-33.5531
2022-10-13,WEBL,WEBL,-444000.0,6.72,0.012,-740000.0,0.0,-444000.0,-2.8318,-924000.0,-1198000.0,DISTRIBUTION,-90.796
2022-10-14,WEBL,WEBL,0.0,6.19,-0.0789,-740000.0,0.0,0.0,0.2929,-861000.0,-1046000.0,BALANCED,-2.6767
2022-10-17,WEBL,WEBL,223000.0,7.1,0.147,-517000.0,223000.0,0.0,1.724,-541000.0,-719000.0,ACCUMULATION,35.1004
2022-10-18,WEBL,WEBL,214000.0,7.44,0.0479,-303000.0,214000.0,0.0,1.5386,-114000.0,-416000.0,ACCUMULATION,32.4638
2022-10-19,WEBL,WEBL,-17000.0,7.32,-0.0161,-320000.0,0.0,-17000.0,0.0125,-24000.0,-308000.0,BALANCED,-11.6885
2022-10-20,WEBL,WEBL,189000.0,7.4,0.0109,-131000.0,189000.0,0.0,1.328,609000.0,-78000.0,BALANCED,45.2004
2022-10-21,WEBL,WEBL,304000.0,7.65,0.0338,173000.0,304000.0,0.0,1.9256,913000.0,421000.0,ACCUMULATION,62.1394
2022-10-24,WEBL,WEBL,304000.0,7.67,0.0026,477000.0,304000.0,0.0,1.7494,994000.0,875000.0,ACCUMULATION,59.736
2022-10-25,WEBL,WEBL,0.0,8.53,0.1121,477000.0,0.0,0.0,-0.02,780000.0,875000.0,BALANCED,9.5004
2022-10-26,WEBL,WEBL,0.0,7.82,-0.0832,477000.0,0.0,0.0,-0.0037,797000.0,886000.0,BALANCED,9.9075
2022-10-27,WEBL,WEBL,99000.0,7.43,-0.0499,576000.0,99000.0,0.0,0.5525,707000.0,1071000.0,BALANCED,25.8121
2022-10-28,WEBL,WEBL,28000.0,7.52,0.0121,604000.0,28000.0,0.0,0.1065,431000.0,1026000.0,BALANCED,16.6637
2022-10-31,WEBL,WEBL,-28000.0,7.23,-0.0386,576000.0,0.0,-28000.0,-0.2403,99000.0,880000.0,BALANCED,1.9914
2022-11-01,WEBL,WEBL,-172000.0,6.99,-0.0332,404000.0,0.0,-172000.0,-1.0641,-73000.0,471000.0,BALANCED,-40.6018
2022-11-02,WEBL,WEBL,-118000.0,5.89,-0.1574,286000.0,0.0,-118000.0,-0.75,-191000.0,353000.0,BALANCED,-34.7505
2022-11-03,WEBL,WEBL,-187000.0,5.54,-0.0594,99000.0,0.0,-187000.0,-1.1031,-477000.0,-85000.0,BALANCED,-45.5764
2022-11-04,WEBL,WEBL,-273000.0,5.39,-0.0271,-174000.0,0.0,-273000.0,-1.5497,-778000.0,-295000.0,DISTRIBUTION,-58.742
2022-11-07,WEBL,WEBL,-109000.0,5.52,0.0241,-283000.0,0.0,-109000.0,-0.6386,-859000.0,-307000.0,BALANCED,-37.9641
2022-11-08,WEBL,WEBL,133000.0,5.68,0.029,-150000.0,133000.0,0.0,0.6997,-554000.0,39000.0,BALANCED,9.4931
2022-11-09,WEBL,WEBL,55000.0,5.2,-0.0845,-95000.0,55000.0,0.0,0.2496,-381000.0,201000.0,BALANCED,0.2399
2022-11-10,WEBL,WEBL,484000.0,6.69,0.2865,389000.0,484000.0,0.0,2.3054,290000.0,1129000.0,ACCUMULATION,73.6348
2022-11-11,WEBL,WEBL,669000.0,7.48,0.1181,1058000.0,669000.0,0.0,2.7044,1232000.0,1798000.0,ACCUMULATION,85.6097
2022-11-14,WEBL,WEBL,390000.0,7.26,-0.0294,1448000.0,390000.0,0.0,1.3981,1731000.0,1965000.0,BALANCED,54.9517
2022-11-15,WEBL,WEBL,324000.0,7.81,0.0758,1772000.0,324000.0,0.0,1.0948,1922000.0,2075000.0,BALANCED,49.3692
2022-11-16,WEBL,WEBL,407000.0,7.14,-0.0858,2179000.0,407000.0,0.0,1.3406,2274000.0,2499000.0,BALANCED,57.5146
2022-11-17,WEBL,WEBL,0.0,6.73,-0.0574,2179000.0,0.0,0.0,-0.2705,1790000.0,2310000.0,BALANCED,3.2372
2022-11-18,WEBL,WEBL,-335000.0,6.62,-0.0163,1844000.0,0.0,-335000.0,-1.5354,786000.0,1671000.0,DISTRIBUTION,-30.3846
2022-11-21,WEBL,WEBL,89000.0,6.27,-0.0529,1933000.0,89000.0,0.0,0.0999,485000.0,1456000.0,BALANCED,14.497
2022-11-22,WEBL,WEBL,-271000.0,6.41,0.0223,1662000.0,0.0,-271000.0,-1.2978,-110000.0,1185000.0,BALANCED,-44.445
2022-11-23,WEBL,WEBL,-173000.0,6.75,0.053,1489000.0,0.0,-173000.0,-0.9007,-690000.0,1012000.0,BALANCED,-36.5176
2022-11-25,WEBL,WEBL,23000.0,6.64,-0.0163,1512000.0,23000.0,0.0,-0.2168,-667000.0,936000.0,BALANCED,-13.4196
2022-11-28,WEBL,WEBL,11000.0,6.4,-0.0361,1523000.0,11000.0,0.0,-0.2684,-321000.0,919000.0,BALANCED,-12.7099
2022-11-29,WEBL,WEBL,-13000.0,6.25,-0.0234,1510000.0,0.0,-13000.0,-0.3372,-423000.0,934000.0,BALANCED,-20.43
2022-11-30,WEBL,WEBL,0.0,7.3,0.168,1510000.0,0.0,0.0,-0.2544,-152000.0,1106000.0,BALANCED,-16.3588
2022-12-01,WEBL,WEBL,253000.0,7.56,0.0356,1763000.0,253000.0,0.0,0.7659,274000.0,1477000.0,BALANCED,31.148
2022-12-02,WEBL,WEBL,21000.0,7.34,-0.0291,1784000.0,21000.0,0.0,-0.1794,272000.0,1685000.0,BALANCED,9.5146
2022-12-05,WEBL,WEBL,0.0,6.63,-0.0967,1784000.0,0.0,0.0,-0.2289,261000.0,1958000.0,BALANCED,4.2777
2022-12-06,WEBL,WEBL,-121000.0,6.15,-0.0724,1663000.0,0.0,-121000.0,-0.6926,153000.0,1946000.0,BALANCED,-9.3146
2022-12-07,WEBL,WEBL,0.0,6.02,-0.0211,1663000.0,0.0,0.0,-0.1706,153000.0,1813000.0,BALANCED,5.7361
2022-12-08,WEBL,WEBL,-78000.0,6.37,0.0581,1585000.0,0.0,-78000.0,-0.4939,-178000.0,1680000.0,BALANCED,-24.3487
2022-12-09,WEBL,WEBL,-26000.0,6.37,0.0,1559000.0,0.0,-26000.0,-0.2526,-225000.0,1170000.0,BALANCED,-20.3149
2022-12-12,WEBL,WEBL,169000.0,6.74,0.0581,1728000.0,169000.0,0.0,0.5622,-56000.0,670000.0,BALANCED,6.0543
2022-12-13,WEBL,WEBL,664000.0,7.15,0.0608,2392000.0,664000.0,0.0,2.3213,729000.0,944000.0,ACCUMULATION,72.0337
2022-12-14,WEBL,WEBL,-10000.0,7.1,-0.007,2382000.0,0.0,-10000.0,-0.2959,719000.0,610000.0,BALANCED,0.6028
2022-12-15,WEBL,WEBL,-88000.0,6.24,-0.1211,2294000.0,0.0,-88000.0,-0.6053,709000.0,115000.0,BALANCED,-9.1335
2022-12-16,WEBL,WEBL,45000.0,6.12,-0.0192,2339000.0,45000.0,0.0,-0.118,780000.0,160000.0,BALANCED,9.0507
2022-12-19,WEBL,WEBL,-20000.0,5.7,-0.0686,2319000.0,0.0,-20000.0,-0.4234,591000.0,475000.0,BALANCED,-2.584
2022-12-20,WEBL,WEBL,-87000.0,5.77,0.0123,2232000.0,0.0,-87000.0,-0.7031,-160000.0,299000.0,BALANCED,-31.5781
2022-12-21,WEBL,WEBL,66000.0,6.02,0.0433,2298000.0,66000.0,0.0,-0.0642,-84000.0,636000.0,BALANCED,-9.6062
2022-12-22,WEBL,WEBL,-185000.0,5.58,-0.0731,2113000.0,0.0,-185000.0,-1.0444,-181000.0,624000.0,BALANCED,-38.109
2022-12-23,WEBL,WEBL,-22000.0,5.59,0.0018,2091000.0,0.0,-22000.0,-0.3341,-248000.0,579000.0,BALANCED,-22.3531
2022-12-27,WEBL,WEBL,0.0,5.33,-0.0465,2091000.0,0.0,0.0,-0.1676,-228000.0,568000.0,BALANCED,-14.1906
2022-12-28,WEBL,WEBL,-170000.0,5.18,-0.0281,1921000.0,0.0,-170000.0,-0.9417,-311000.0,411000.0,BALANCED,-35.5415
2022-12-29,WEBL,WEBL,-146000.0,5.71,0.1023,1775000.0,0.0,-146000.0,-0.7669,-523000.0,265000.0,BALANCED,-33.1733
2022-12-30,WEBL,WEBL,116000.0,5.71,0.0,1891000.0,116000.0,0.0,0.714,-222000.0,128000.0,BALANCED,9.8494
2023-01-03,WEBL,WEBL,164000.0,5.75,0.007,2055000.0,164000.0,0.0,0.9406,-36000.0,271000.0,BALANCED,17.5151
2023-01-04,WEBL,WEBL,21000.0,5.89,0.0243,2076000.0,21000.0,0.0,0.0792,-15000.0,292000.0,BALANCED,-2.0198
2023-01-05,WEBL,WEBL,25000.0,5.45,-0.0747,2101000.0,25000.0,0.0,0.1163,180000.0,438000.0,BALANCED,20.9072
2023-01-06,WEBL,WEBL,-54000.0,5.76,0.0569,2047000.0,0.0,-54000.0,-0.4205,272000.0,384000.0,BALANCED,-2.5126
2023-01-09,WEBL,WEBL,163000.0,5.99,0.0399,2210000.0,163000.0,0.0,0.8839,319000.0,625000.0,BALANCED,34.0976
2023-01-10,WEBL,WEBL,-70000.0,6.23,0.0401,2140000.0,0.0,-70000.0,-0.575,85000.0,581000.0,BALANCED,-6.3741
2023-01-11,WEBL,WEBL,137000.0,6.65,0.0674,2277000.0,137000.0,0.0,0.7011,201000.0,549000.0,BALANCED,29.5286
2023-01-12,WEBL,WEBL,174000.0,6.82,0.0256,2451000.0,174000.0,0.0,0.8824,350000.0,59000.0,BALANCED,36.0594
2023-01-13,WEBL,WEBL,0.0,7.01,0.0279,2451000.0,0.0,0.0,-0.194,404000.0,69000.0,BALANCED,5.1489
2023-01-17,WEBL,WEBL,188000.0,7.06,0.0071,2639000.0,188000.0,0.0,0.9988,429000.0,345000.0,BALANCED,36.9706
2023-01-18,WEBL,WEBL,177000.0,6.75,-0.0439,2816000.0,177000.0,0.0,0.8844,676000.0,477000.0,BALANCED,36.1092
2023-01-19,WEBL,WEBL,0.0,6.58,-0.0252,2816000.0,0.0,0.0,-0.2133,539000.0,497000.0,BALANCED,4.6665
2023-01-20,WEBL,WEBL,142000.0,7.24,0.1003,2958000.0,142000.0,0.0,0.6191,507000.0,726000.0,BALANCED,27.4769
2023-01-23,WEBL,WEBL,155000.0,7.81,0.0787,3113000.0,155000.0,0.0,0.6637,662000.0,815000.0,BALANCED,30.5935
2023-01-24,WEBL,WEBL,169000.0,7.59,-0.0282,3282000.0,169000.0,0.0,0.7012,643000.0,1169000.0,BALANCED,33.5308
2023-01-25,WEBL,WEBL,152000.0,7.5,-0.0119,3434000.0,152000.0,0.0,0.5577,618000.0,1343000.0,BALANCED,31.9435
2023-01-26,WEBL,WEBL,-38000.0,8.0,0.0667,3396000.0,0.0,-38000.0,-0.5843,580000.0,1305000.0,BALANCED,-6.6084
2023-01-27,WEBL,WEBL,249000.0,8.43,0.0537,3645000.0,249000.0,0.0,1.7523,687000.0,1724000.0,ACCUMULATION,55.8073
2023-01-30,WEBL,WEBL,67000.0,7.95,-0.0569,3712000.0,67000.0,0.0,0.1922,599000.0,1937000.0,BALANCED,18.8048
2023-01-31,WEBL,WEBL,127000.0,8.39,0.0553,3839000.0,127000.0,0.0,0.6501,557000.0,1948000.0,BALANCED,32.2524
2023-02-01,WEBL,WEBL,385000.0,8.92,0.0632,4224000.0,385000.0,0.0,2.4573,790000.0,2169000.0,ACCUMULATION,79.4326
2023-02-02,WEBL,WEBL,774000.0,10.59,0.1872,4998000.0,774000.0,0.0,3.7316,1602000.0,2922000.0,ACCUMULATION,100.0
2023-02-03,WEBL,WEBL,387000.0,9.54,-0.0992,5385000.0,387000.0,0.0,1.4984,1740000.0,3284000.0,BALANCED,59.4605
2023-02-06,WEBL,WEBL,62000.0,9.1,-0.0461,5447000.0,62000.0,0.0,-0.2284,1735000.0,3400000.0,BALANCED,18.2912
2023-02-07,WEBL,WEBL,0.0,9.65,0.0604,5447000.0,0.0,0.0,-0.6132,1608000.0,3237000.0,BALANCED,-5.33
2023-02-08,WEBL,WEBL,111000.0,8.99,-0.0684,5558000.0,111000.0,0.0,-0.0254,1334000.0,3418000.0,BALANCED,11.3639
2023-02-09,WEBL,WEBL,0.0,8.57,-0.0467,5558000.0,0.0,0.0,-0.6439,560000.0,3281000.0,BALANCED,-6.0971
2023-02-10,WEBL,WEBL,-287000.0,8.06,-0.0595,5271000.0,0.0,-287000.0,-2.1317,-114000.0,2820000.0,DISTRIBUTION,-65.2931
2023-02-13,WEBL,WEBL,124000.0,8.56,0.062,5395000.0,124000.0,0.0,0.0185,-52000.0,2944000.0,BALANCED,-7.5385
2023-02-14,WEBL,WEBL,0.0,8.84,0.0327,5395000.0,0.0,0.0,-0.6421,-52000.0,2756000.0,BALANCED,-26.0515
2023-02-15,WEBL,WEBL,67000.0,9.37,0.06,5462000.0,67000.0,0.0,-0.256,-96000.0,2646000.0,BALANCED,-14.3997
2023-02-16,WEBL,WEBL,260000.0,8.79,-0.0619,5722000.0,260000.0,0.0,0.7569,164000.0,2906000.0,BALANCED,32.9218
2023-02-17,WEBL,WEBL,209000.0,8.21,-0.066,5931000.0,209000.0,0.0,0.4452,660000.0,2973000.0,BALANCED,27.1305
2023-02-21,WEBL,WEBL,0.0,7.67,-0.0658,5931000.0,0.0,0.0,-0.7149,536000.0,2818000.0,BALANCED,-7.8733
2023-02-22,WEBL,WEBL,126000.0,7.74,0.0091,6057000.0,126000.0,0.0,-0.0123,662000.0,2775000.0,BALANCED,11.6915
2023-02-23,WEBL,WEBL,-26000.0,7.71,-0.0039,6031000.0,0.0,-26000.0,-0.8675,569000.0,2597000.0,BALANCED,-13.6865
2023-02-24,WEBL,WEBL,10000.0,7.18,-0.0687,6041000.0,10000.0,0.0,-0.6386,319000.0,2645000.0,BALANCED,-3.9657
2023-02-27,WEBL,WEBL,-82000.0,7.28,0.0139,5959000.0,0.0,-82000.0,-1.0786,28000.0,2314000.0,BALANCED,-18.9647
2023-02-28,WEBL,WEBL,80000.0,7.37,0.0124,6039000.0,80000.0,0.0,-0.2161,108000.0,2327000.0,BALANCED,6.598
2023-03-01,WEBL,WEBL,-12000.0,7.18,-0.0258,6027000.0,0.0,-12000.0,-0.6778,-30000.0,2188000.0,BALANCED,-28.9447
2023-03-02,WEBL,WEBL,110000.0,7.4,0.0306,6137000.0,110000.0,0.0,-0.0038,106000.0,1913000.0,BALANCED,11.9049
2023-03-03,WEBL,WEBL,89000.0,8.01,0.0824,6226000.0,89000.0,0.0,-0.1349,185000.0,1228000.0,BALANCED,10.6265
2023-03-06,WEBL,WEBL,243000.0,7.92,-0.0112,6469000.0,243000.0,0.0,0.6836,510000.0,1084000.0,BALANCED,33.091
2023-03-07,WEBL,WEBL,0.0,7.75,-0.0215,6469000.0,0.0,0.0,-0.6036,430000.0,1022000.0,BALANCED,-5.0904
2023-03-08,WEBL,WEBL,114000.0,7.71,-0.0052,6583000.0,114000.0,0.0,0.0214,556000.0,1136000.0,BALANCED,12.536
2023-03-09,WEBL,WEBL,0.0,7.11,-0.0778,6583000.0,0.0,0.0,-0.5646,446000.0,1025000.0,BALANCED,-4.1156
2023-03-10,WEBL,WEBL,0.0,6.48,-0.0886,6583000.0,0.0,0.0,-0.5742,357000.0,1025000.0,BALANCED,-4.3539
2023-03-13,WEBL,WEBL,-121000.0,6.59,0.017,6462000.0,0.0,-121000.0,-1.1462,-7000.0,1191000.0,BALANCED,-40.6541
2023-03-14,WEBL,WEBL,0.0,7.04,0.0683,6462000.0,0.0,0.0,-0.487,-7000.0,1067000.0,BALANCED,-22.1752
2023-03-15,WEBL,WEBL,214000.0,7.29,0.0355,6676000.0,214000.0,0.0,0.6304,93000.0,1281000.0,BALANCED,27.7602
2023-03-16,WEBL,WEBL,328000.0,7.92,0.0864,7004000.0,328000.0,0.0,1.2604,421000.0,1542000.0,BALANCED,45.5112
2023-03-17,WEBL,WEBL,152000.0,7.65,-0.0341,7156000.0,152000.0,0.0,0.5882,573000.0,1434000.0,BALANCED,30.7052
2023-03-20,WEBL,WEBL,-11000.0,7.65,0.0,7145000.0,0.0,-11000.0,-0.5658,683000.0,1214000.0,BALANCED,-6.1451
2023-03-21,WEBL,WEBL,0.0,8.26,0.0797,7145000.0,0.0,0.0,-0.458,683000.0,1214000.0,BALANCED,-1.4491
2023-03-22,WEBL,WEBL,170000.0,7.7,-0.0678,7315000.0,170000.0,0.0,0.8633,639000.0,1258000.0,BALANCED,33.5817
2023-03-23,WEBL,WEBL,191000.0,8.03,0.0429,7506000.0,191000.0,0.0,0.9949,502000.0,1475000.0,BALANCED,38.8723
2023-03-24,WEBL,WEBL,-32000.0,8.02,-0.0012,7474000.0,0.0,-32000.0,-0.7524,318000.0,1433000.0,BALANCED,-10.8103
2023-03-27,WEBL,WEBL,-2000.0,7.94,-0.01,7472000.0,0.0,-2000.0,-0.6867,327000.0,1513000.0,BALANCED,-11.1678
2023-03-28,WEBL,WEBL,68000.0,7.76,-0.0227,7540000.0,68000.0,0.0,-0.032,395000.0,1501000.0,BALANCED,11.1997
2023-03-29,WEBL,WEBL,90000.0,8.15,0.0503,7630000.0,90000.0,0.0,0.1428,315000.0,1603000.0,BALANCED,17.5702
2023-03-30,WEBL,WEBL,97000.0,8.33,0.0221,7727000.0,97000.0,0.0,0.198,221000.0,1590000.0,BALANCED,20.9492
2023-03-31,WEBL,WEBL,118000.0,8.98,0.078,7845000.0,118000.0,0.0,0.4575,371000.0,1619000.0,BALANCED,29.4369
2023-04-03,WEBL,WEBL,33000.0,8.83,-0.0167,7878000.0,33000.0,0.0,-0.3188,406000.0,1409000.0,BALANCED,12.0309
2023-04-04,WEBL,WEBL,139000.0,8.84,0.0011,8017000.0,139000.0,0.0,0.6934,477000.0,1548000.0,BALANCED,39.335
2023-04-05,WEBL,WEBL,0.0,8.27,-0.0645,8017000.0,0.0,0.0,-0.6509,387000.0,1434000.0,BALANCED,-6.2723
2023-04-06,WEBL,WEBL,-60000.0,8.39,0.0145,7957000.0,0.0,-60000.0,-1.2221,230000.0,1374000.0,BALANCED,-22.5532
2023-04-10,WEBL,WEBL,144000.0,8.34,-0.006,8101000.0,144000.0,0.0,0.7378,256000.0,1518000.0,BALANCED,30.445
2023-04-11,WEBL,WEBL,57000.0,8.22,-0.0144,8158000.0,57000.0,0.0,-0.1661,280000.0,1696000.0,BALANCED,9.8464
2023-04-12,WEBL,WEBL,-124000.0,7.99,-0.028,8034000.0,0.0,-124000.0,-1.8231,17000.0,1572000.0,DISTRIBUTION,-37.5786
2023-04-13,WEBL,WEBL,-34000.0,8.57,0.0726,8000000.0,0.0,-34000.0,-0.9489,-17000.0,1324000.0,BALANCED,-37.7235
2023-04-14,WEBL,WEBL,0.0,8.53,-0.0047,8000000.0,0.0,0.0,-0.5889,43000.0,996000.0,BALANCED,-4.7217
2023-04-17,WEBL,WEBL,0.0,8.48,-0.0059,8000000.0,0.0,0.0,-0.5583,-101000.0,844000.0,BALANCED,-23.9564
2023-04-18,WEBL,WEBL,68000.0,8.44,-0.0047,8068000.0,68000.0,0.0,0.1468,-90000.0,923000.0,BALANCED,-4.329
2023-04-19,WEBL,WEBL,13000.0,8.24,-0.0237,8081000.0,13000.0,0.0,-0.4077,47000.0,936000.0,BALANCED,3.8063
2023-04-20,WEBL,WEBL,-36000.0,7.95,-0.0352,8045000.0,0.0,-36000.0,-0.8429,45000.0,730000.0,BALANCED,-13.0717
2023-04-21,WEBL,WEBL,-95000.0,8.06,0.0138,7950000.0,0.0,-95000.0,-1.3572,-50000.0,444000.0,BALANCED,-47.931
2023-04-24,WEBL,WEBL,-24000.0,7.96,-0.0124,7926000.0,0.0,-24000.0,-0.6611,-74000.0,452000.0,BALANCED,-32.5267
2023-04-25,WEBL,WEBL,0.0,7.28,-0.0854,7926000.0,0.0,0.0,-0.4898,-142000.0,454000.0,BALANCED,-22.2456
2023-04-26,WEBL,WEBL,-154000.0,7.39,0.0151,7772000.0,0.0,-154000.0,-1.8649,-309000.0,232000.0,DISTRIBUTION,-58.6226
2023-04-27,WEBL,WEBL,-2000.0,8.06,0.0907,7770000.0,0.0,-2000.0,-0.3799,-275000.0,140000.0,BALANCED,-23.4976
2023-04-28,WEBL,WEBL,18000.0,7.9,-0.0199,7788000.0,18000.0,0.0,-0.0957,-162000.0,61000.0,BALANCED,-10.3925
2023-05-01,WEBL,WEBL,46000.0,7.75,-0.019,7834000.0,46000.0,0.0,0.2864,-92000.0,-11000.0,BALANCED,1.1591
2023-05-02,WEBL,WEBL,-66000.0,7.3,-0.0581,7768000.0,0.0,-66000.0,-1.0441,-158000.0,-110000.0,BALANCED,-38.1032
2023-05-03,WEBL,WEBL,34000.0,7.16,-0.0192,7802000.0,34000.0,0.0,0.1457,30000.0,-215000.0,BALANCED,15.6429
2023-05-04,WEBL,WEBL,-90000.0,7.2,0.0056,7712000.0,0.0,-90000.0,-1.2811,-58000.0,-305000.0,BALANCED,-44.0282
2023-05-05,WEBL,WEBL,0.0,7.48,0.0389,7712000.0,0.0,0.0,-0.0937,-76000.0,-245000.0,BALANCED,-12.3431
2023-05-08,WEBL,WEBL,0.0,7.74,0.0348,7712000.0,0.0,0.0,-0.1088,-122000.0,-389000.0,BALANCED,-12.7202
2023-05-09,WEBL,WEBL,83000.0,7.67,-0.009,7795000.0,83000.0,0.0,0.9741,27000.0,-363000.0,BALANCED,36.3531
2023-05-10,WEBL,WEBL,80000.0,8.0,0.043,7875000.0,80000.0,0.0,0.9239,73000.0,-159000.0,BALANCED,37.0975
2023-05-11,WEBL,WEBL,0.0,8.13,0.0163,7875000.0,0.0,0.0,-0.1118,163000.0,-125000.0,BALANCED,7.2038
2023-05-12,WEBL,WEBL,70000.0,7.93,-0.0246,7945000.0,70000.0,0.0,0.8708,233000.0,-55000.0,BALANCED,33.7692
2023-05-15,WEBL,WEBL,0.0,8.27,0.0429,7945000.0,0.0,0.0,-0.0483,233000.0,-55000.0,BALANCED,8.7913
2023-05-16,WEBL,WEBL,7000.0,8.19,-0.0097,7952000.0,7000.0,0.0,0.066,157000.0,-116000.0,BALANCED,13.6492
2023-05-17,WEBL,WEBL,52000.0,8.67,0.0586,8004000.0,52000.0,0.0,0.8134,129000.0,-77000.0,BALANCED,34.3341
2023-05-18,WEBL,WEBL,126000.0,9.28,0.0704,8130000.0,126000.0,0.0,1.7851,255000.0,85000.0,ACCUMULATION,60.6277
2023-05-19,WEBL,WEBL,55000.0,9.08,-0.0216,8185000.0,55000.0,0.0,0.6971,240000.0,235000.0,BALANCED,35.4269
2023-05-22,WEBL,WEBL,0.0,9.37,0.0319,8185000.0,0.0,0.0,-0.0445,240000.0,259000.0,BALANCED,8.8877
2023-05-23,WEBL,WEBL,46000.0,9.05,-0.0342,8231000.0,46000.0,0.0,0.6956,279000.0,305000.0,BALANCED,29.3888
2023-05-24,WEBL,WEBL,0.0,9.08,0.0033,8231000.0,0.0,0.0,-0.1134,227000.0,459000.0,BALANCED,7.1656
2023-05-25,WEBL,WEBL,29000.0,9.06,-0.0022,8260000.0,29000.0,0.0,0.3534,130000.0,490000.0,BALANCED,20.8347
2023-05-26,WEBL,WEBL,-86000.0,9.82,0.0839,8174000.0,0.0,-86000.0,-1.5282,-11000.0,386000.0,DISTRIBUTION,-50.2045
2023-05-30,WEBL,WEBL,0.0,10.09,0.0275,8174000.0,0.0,0.0,-0.0966,-11000.0,340000.0,BALANCED,-12.4138
2023-05-31,WEBL,WEBL,98000.0,10.26,0.0168,8272000.0,98000.0,0.0,1.4859,41000.0,504000.0,BALANCED,49.1468
2023-06-01,WEBL,WEBL,0.0,10.58,0.0312,8272000.0,0.0,0.0,-0.1037,41000.0,470000.0,BALANCED,7.4068
2023-06-02,WEBL,WEBL,178000.0,10.9,0.0302,8450000.0,178000.0,0.0,2.4075,190000.0,738000.0,ACCUMULATION,72.1883
2023-06-05,WEBL,WEBL,0.0,10.99,0.0083,8450000.0,0.0,0.0,-0.2554,276000.0,738000.0,BALANCED,3.6151
2023-06-06,WEBL,WEBL,-14000.0,11.21,0.02,8436000.0,0.0,-14000.0,-0.4764,262000.0,724000.0,BALANCED,-3.9106
2023-06-07,WEBL,WEBL,13000.0,10.24,-0.0865,8449000.0,13000.0,0.0,-0.0682,177000.0,654000.0,BALANCED,10.2947
2023-06-08,WEBL,WEBL,0.0,10.38,0.0137,8449000.0,0.0,0.0,-0.3993,177000.0,574000.0,BALANCED,0.0176
2023-06-09,WEBL,WEBL,46000.0,10.48,0.0096,8495000.0,46000.0,0.0,0.3866,45000.0,620000.0,BALANCED,21.6649
2023-06-12,WEBL,WEBL,0.0,10.93,0.0429,8495000.0,0.0,0.0,-0.4161,45000.0,550000.0,BALANCED,-0.4021
2023-06-13,WEBL,WEBL,0.0,11.25,0.0293,8495000.0,0.0,0.0,-0.3891,59000.0,550000.0,BALANCED,0.2737
2023-06-14,WEBL,WEBL,0.0,11.31,0.0053,8495000.0,0.0,0.0,-0.446,46000.0,543000.0,BALANCED,-1.1508
2023-06-15,WEBL,WEBL,137000.0,11.84,0.0469,8632000.0,137000.0,0.0,1.882,183000.0,628000.0,ACCUMULATION,59.0506
2023-06-16,WEBL,WEBL,55000.0,11.46,-0.0321,8687000.0,55000.0,0.0,0.4179,192000.0,557000.0,BALANCED,24.4471
2023-06-20,WEBL,WEBL,-39000.0,11.4,-0.0052,8648000.0,0.0,-39000.0,-1.2738,153000.0,463000.0,BALANCED,-23.8453
2023-06-21,WEBL,WEBL,40000.0,10.72,-0.0596,8688000.0,40000.0,0.0,0.1362,193000.0,503000.0,BALANCED,15.4056
2023-06-22,WEBL,WEBL,-41000.0,11.09,0.0345,8647000.0,0.0,-41000.0,-1.2494,152000.0,416000.0,BALANCED,-23.2354
2023-06-23,WEBL,WEBL,-148000.0,10.76,-0.0298,8499000.0,0.0,-148000.0,-2.6667,-133000.0,268000.0,DISTRIBUTION,-80.6675
2023-06-26,WEBL,WEBL,-46000.0,10.38,-0.0353,8453000.0,0.0,-46000.0,-1.014,-234000.0,193000.0,BALANCED,-41.3488
2023-06-27,WEBL,WEBL,65000.0,10.89,0.0491,8518000.0,65000.0,0.0,0.7145,-130000.0,344000.0,BALANCED,9.863
2023-06-28,WEBL,WEBL,1000.0,11.34,0.0413,8519000.0,1000.0,0.0,-0.2823,-169000.0,345000.0,BALANCED,-13.0581
2023-06-29,WEBL,WEBL,12000.0,11.09,-0.022,8531000.0,12000.0,0.0,-0.1137,-116000.0,259000.0,BALANCED,-6.8426
2023-06-30,WEBL,WEBL,112000.0,11.42,0.0298,8643000.0,112000.0,0.0,1.3709,144000.0,371000.0,BALANCED,52.2723
2023-07-03,WEBL,WEBL,0.0,11.6,0.0158,8643000.0,0.0,0.0,-0.2705,190000.0,193000.0,BALANCED,3.2379
2023-07-05,WEBL,WEBL,-49000.0,11.67,0.006,8594000.0,0.0,-49000.0,-0.9799,76000.0,144000.0,BALANCED,-16.4978
2023-07-06,WEBL,WEBL,20000.0,11.04,-0.054,8614000.0,20000.0,0.0,0.0892,95000.0,178000.0,BALANCED,14.2309
2023-07-07,WEBL,WEBL,99000.0,11.15,0.01,8713000.0,99000.0,0.0,1.2663,182000.0,264000.0,BALANCED,45.6569
2023-07-10,WEBL,WEBL,61000.0,11.46,0.0278,8774000.0,61000.0,0.0,0.6508,131000.0,325000.0,BALANCED,32.2689
2023-07-11,WEBL,WEBL,102000.0,12.19,0.0637,8876000.0,102000.0,0.0,1.204,233000.0,381000.0,BALANCED,48.0998
2023-07-12,WEBL,WEBL,102000.0,12.5,0.0254,8978000.0,102000.0,0.0,1.1369,384000.0,483000.0,BALANCED,48.4221
2023-07-13,WEBL,WEBL,57000.0,13.35,0.068,9035000.0,57000.0,0.0,0.4277,421000.0,540000.0,BALANCED,32.6925
2023-07-14,WEBL,WEBL,172000.0,12.96,-0.0292,9207000.0,172000.0,0.0,2.009,494000.0,712000.0,ACCUMULATION,74.2238
2023-07-17,WEBL,WEBL,64000.0,13.34,0.0293,9271000.0,64000.0,0.0,0.438,497000.0,639000.0,BALANCED,36.9493
2023-07-18,WEBL,WEBL,176000.0,13.68,0.0255,9447000.0,176000.0,0.0,2.0409,571000.0,760000.0,ACCUMULATION,79.0216
2023-07-19,WEBL,WEBL,-96000.0,13.89,0.0154,9351000.0,0.0,-96000.0,-1.7118,373000.0,703000.0,DISTRIBUTION,-34.7951
2023-07-20,WEBL,WEBL,-324000.0,12.48,-0.1015,9027000.0,0.0,-324000.0,-3.5142,-8000.0,339000.0,DISTRIBUTION,-100.0
2023-07-21,WEBL,WEBL,-130000.0,12.4,-0.0064,8897000.0,0.0,-130000.0,-1.4272,-310000.0,250000.0,BALANCED,-51.6788
2023-07-24,WEBL,WEBL,159000.0,12.34,-0.0048,9056000.0,159000.0,0.0,1.3236,-215000.0,557000.0,BALANCED,25.089
2023-07-25,WEBL,WEBL,-60000.0,12.47,0.0105,8996000.0,0.0,-60000.0,-0.7254,-451000.0,543000.0,BALANCED,-30.1362
2023-07-26,WEBL,WEBL,0.0,12.64,0.0136,8996000.0,0.0,0.0,-0.158,-355000.0,478000.0,BALANCED,-13.9488
2023-07-27,WEBL,WEBL,-148000.0,12.34,-0.0237,8848000.0,0.0,-148000.0,-1.4537,-179000.0,329000.0,BALANCED,-48.3422
2023-07-28,WEBL,WEBL,-32000.0,13.09,0.0608,8816000.0,0.0,-32000.0,-0.3876,-81000.0,285000.0,BALANCED,-23.6889
2023-07-31,WEBL,WEBL,-8000.0,13.54,0.0344,8808000.0,0.0,-8000.0,-0.1289,-248000.0,165000.0,BALANCED,-19.2219
2023-08-01,WEBL,WEBL,-21000.0,13.38,-0.0118,8787000.0,0.0,-21000.0,-0.2268,-209000.0,144000.0,BALANCED,-23.6698
2023-08-02,WEBL,WEBL,0.0,12.19,-0.0889,8787000.0,0.0,0.0,-0.0433,-209000.0,193000.0,BALANCED,-11.0826
2023-08-03,WEBL,WEBL,-160000.0,11.82,-0.0304,8627000.0,0.0,-160000.0,-1.4247,-221000.0,13000.0,BALANCED,-47.6168
2023-08-04,WEBL,WEBL,0.0,12.04,0.0186,8627000.0,0.0,0.0,0.006,-189000.0,-86000.0,BALANCED,-9.8494
2023-08-07,WEBL,WEBL,0.0,12.4,0.0299,8627000.0,0.0,0.0,-0.0398,-181000.0,-147000.0,BALANCED,-10.9961
2023-08-08,WEBL,WEBL,-173000.0,11.94,-0.0371,8454000.0,0.0,-173000.0,-1.5511,-333000.0,-422000.0,DISTRIBUTION,-50.7779
2023-08-09,WEBL,WEBL,138000.0,11.45,-0.041,8592000.0,138000.0,0.0,1.191,-195000.0,-386000.0,BALANCED,21.7761
2023-08-10,WEBL,WEBL,-5000.0,11.55,0.0087,8587000.0,0.0,-5000.0,-0.0639,-40000.0,-448000.0,BALANCED,-13.5963
2023-08-11,WEBL,WEBL,-39000.0,11.36,-0.0165,8548000.0,0.0,-39000.0,-0.347,-79000.0,-659000.0,BALANCED,-22.6745
2023-08-14,WEBL,WEBL,101000.0,11.68,0.0282,8649000.0,101000.0,0.0,0.8867,22000.0,-622000.0,BALANCED,34.1678
2023-08-15,WEBL,WEBL,9000.0,11.13,-0.0471,8658000.0,9000.0,0.0,0.0748,204000.0,-789000.0,BALANCED,15.8691
2023-08-16,WEBL,WEBL,20000.0,10.75,-0.0341,8678000.0,20000.0,0.0,0.1517,86000.0,-673000.0,BALANCED,19.7935
2023-08-17,WEBL,WEBL,0.0,10.46,-0.027,8678000.0,0.0,0.0,-0.0188,91000.0,-349000.0,BALANCED,9.5293
2023-08-18,WEBL,WEBL,-18000.0,10.46,0.0,8660000.0,0.0,-18000.0,-0.1451,112000.0,-237000.0,BALANCED,4.372
2023-08-21,WEBL,WEBL,76000.0,10.67,0.0201,8736000.0,76000.0,0.0,0.6887,87000.0,-320000.0,BALANCED,29.2187
2023-08-22,WEBL,WEBL,18000.0,10.79,0.0112,8754000.0,18000.0,0.0,0.1996,96000.0,-242000.0,BALANCED,18.99
2023-08-23,WEBL,WEBL,-25000.0,11.32,0.0491,8729000.0,0.0,-25000.0,-0.1535,51000.0,-267000.0,BALANCED,4.1616
2023-08-24,WEBL,WEBL,93000.0,10.44,-0.0777,8822000.0,93000.0,0.0,0.9124,144000.0,-26000.0,BALANCED,34.8103
2023-08-25,WEBL,WEBL,85000.0,10.82,0.0364,8907000.0,85000.0,0.0,0.8971,247000.0,91000.0,BALANCED,36.4278
2023-08-28,WEBL,WEBL,0.0,10.99,0.0157,8907000.0,0.0,0.0,0.1156,171000.0,99000.0,BALANCED,12.889
2023-08-29,WEBL,WEBL,14000.0,11.61,0.0564,8921000.0,14000.0,0.0,0.3186,167000.0,134000.0,BALANCED,19.9647
2023-08-30,WEBL,WEBL,0.0,11.8,0.0164,8921000.0,0.0,0.0,0.1464,192000.0,134000.0,BALANCED,13.6602
2023-08-31,WEBL,WEBL,199000.0,12.34,0.0458,9120000.0,199000.0,0.0,2.2572,298000.0,493000.0,ACCUMULATION,68.4288
2023-09-01,WEBL,WEBL,27000.0,12.61,0.0219,9147000.0,27000.0,0.0,0.2245,240000.0,520000.0,BALANCED,19.6127
2023-09-05,WEBL,WEBL,71000.0,12.7,0.0071,9218000.0,71000.0,0.0,0.8293,311000.0,591000.0,BALANCED,36.7332
2023-09-06,WEBL,WEBL,21000.0,12.5,-0.0157,9239000.0,21000.0,0.0,0.165,318000.0,785000.0,BALANCED,22.1257
2023-09-07,WEBL,WEBL,-98000.0,12.47,-0.0024,9141000.0,0.0,-98000.0,-1.277,220000.0,549000.0,BALANCED,-23.9239
2023-09-08,WEBL,WEBL,7000.0,12.51,0.0032,9148000.0,7000.0,0.0,-0.0399,28000.0,561000.0,BALANCED,11.0024
2023-09-11,WEBL,WEBL,0.0,12.93,0.0336,9148000.0,0.0,0.0,-0.148,1000.0,600000.0,BALANCED,6.3008
2023-09-12,WEBL,WEBL,-44000.0,12.49,-0.034,9104000.0,0.0,-44000.0,-0.7145,-114000.0,455000.0,BALANCED,-29.8618
2023-09-13,WEBL,WEBL,-7000.0,12.3,-0.0152,9097000.0,0.0,-7000.0,-0.2304,-142000.0,439000.0,BALANCED,-19.7594
2023-09-14,WEBL,WEBL,-89000.0,12.3,0.0,9008000.0,0.0,-89000.0,-1.2453,-133000.0,330000.0,BALANCED,-47.1324
2023-09-15,WEBL,WEBL,-19000.0,11.72,-0.0472,8989000.0,0.0,-19000.0,-0.4383,-159000.0,311000.0,BALANCED,-28.9579
2023-09-18,WEBL,WEBL,-25000.0,11.6,-0.0102,8964000.0,0.0,-25000.0,-0.5091,-184000.0,304000.0,BALANCED,-32.7277
2023-09-19,WEBL,WEBL,0.0,11.41,-0.0164,8964000.0,0.0,0.0,-0.1578,-140000.0,228000.0,BALANCED,-13.9459
2023-09-20,WEBL,WEBL,-34000.0,10.94,-0.0412,8930000.0,0.0,-34000.0,-0.7941,-167000.0,176000.0,BALANCED,-31.8531
2023-09-21,WEBL,WEBL,0.0,9.98,-0.0878,8930000.0,0.0,0.0,-0.1928,-78000.0,201000.0,BALANCED,-14.8195
2023-09-22,WEBL,WEBL,-25000.0,9.97,-0.001,8905000.0,0.0,-25000.0,-0.606,-84000.0,83000.0,BALANCED,-27.1494
2023-09-25,WEBL,WEBL,-26000.0,10.1,0.013,8879000.0,0.0,-26000.0,-0.634,-85000.0,-28000.0,BALANCED,-29.8488
2023-09-26,WEBL,WEBL,0.0,9.59,-0.0505,8879000.0,0.0,0.0,-0.1371,-85000.0,-28000.0,BALANCED,-13.4282
2023-09-27,WEBL,WEBL,-81000.0,9.83,0.025,8798000.0,0.0,-81000.0,-1.4719,-132000.0,-123000.0,BALANCED,-48.7964
2023-09-28,WEBL,WEBL,0.0,10.0,0.0173,8798000.0,0.0,0.0,-0.0688,-132000.0,-123000.0,BALANCED,-11.7201
2023-09-29,WEBL,WEBL,57000.0,10.14,0.014,8855000.0,57000.0,0.0,0.8672,-50000.0,-265000.0,BALANCED,13.6794
2023-10-02,WEBL,WEBL,-81000.0,10.26,0.0118,8774000.0,0.0,-81000.0,-1.3925,-105000.0,-373000.0,BALANCED,-46.8126
2023-10-03,WEBL,WEBL,0.0,9.52,-0.0721,8774000.0,0.0,0.0,-0.0213,-105000.0,-444000.0,BALANCED,-10.5335
2023-10-04,WEBL,WEBL,6000.0,9.78,0.0273,8780000.0,6000.0,0.0,0.0866,-18000.0,-459000.0,BALANCED,-5.835
2023-10-05,WEBL,WEBL,-7000.0,9.51,-0.0276,8773000.0,0.0,-7000.0,-0.1433,-25000.0,-368000.0,BALANCED,-15.5818
2023-10-06,WEBL,WEBL,78000.0,10.19,0.0715,8851000.0,78000.0,0.0,1.3201,-4000.0,-297000.0,BALANCED,25.0032
2023-10-09,WEBL,WEBL,0.0,10.42,0.0226,8851000.0,0.0,0.0,0.0332,77000.0,-297000.0,BALANCED,10.831
2023-10-10,WEBL,WEBL,0.0,10.67,0.024,8851000.0,0.0,0.0,0.0332,77000.0,-253000.0,BALANCED,10.831
2023-10-11,WEBL,WEBL,-77000.0,10.79,0.0112,8774000.0,0.0,-77000.0,-1.2495,-6000.0,-323000.0,BALANCED,-43.237
2023-10-12,WEBL,WEBL,67000.0,10.27,-0.0482,8841000.0,67000.0,0.0,1.1772,68000.0,-167000.0,BALANCED,41.431
2023-10-13,WEBL,WEBL,-22000.0,9.77,-0.0487,8819000.0,0.0,-22000.0,-0.2639,-32000.0,-170000.0,BALANCED,-18.5972
2023-10-16,WEBL,WEBL,47000.0,10.36,0.0604,8866000.0,47000.0,0.0,1.224,15000.0,-98000.0,BALANCED,42.5994
2023-10-17,WEBL,WEBL,20000.0,10.41,0.0048,8886000.0,20000.0,0.0,0.7081,35000.0,-78000.0,BALANCED,31.7027
2023-10-18,WEBL,WEBL,-88000.0,9.76,-0.0624,8798000.0,0.0,-88000.0,-1.6073,24000.0,-132000.0,DISTRIBUTION,-32.1821
2023-10-19,WEBL,WEBL,0.0,9.74,-0.002,8798000.0,0.0,0.0,0.2668,-43000.0,-132000.0,BALANCED,-3.3309
2023-10-20,WEBL,WEBL,-45000.0,9.15,-0.0606,8753000.0,0.0,-45000.0,-0.7379,-66000.0,-152000.0,BALANCED,-30.4481
2023-10-23,WEBL,WEBL,-66000.0,9.13,-0.0022,8687000.0,0.0,-66000.0,-1.1477,-179000.0,-192000.0,BALANCED,-42.6932
2023-10-24,WEBL,WEBL,-33000.0,9.55,0.046,8654000.0,0.0,-33000.0,-0.4099,-232000.0,-225000.0,BALANCED,-26.247
2023-10-25,WEBL,WEBL,-32000.0,8.28,-0.133,8622000.0,0.0,-32000.0,-0.3675,-176000.0,-176000.0,BALANCED,-27.1866
2023-10-26,WEBL,WEBL,-166000.0,7.83,-0.0543,8456000.0,0.0,-166000.0,-2.9392,-342000.0,-342000.0,DISTRIBUTION,-93.4808
2023-10-27,WEBL,WEBL,-43000.0,8.0,0.0217,8413000.0,0.0,-43000.0,-0.4721,-340000.0,-442000.0,BALANCED,-33.8014
2023-10-30,WEBL,WEBL,0.0,8.3,0.0375,8413000.0,0.0,0.0,0.3635,-274000.0,-361000.0,BALANCED,-0.9121
2023-10-31,WEBL,WEBL,-6000.0,8.62,0.0386,8407000.0,0.0,-6000.0,0.249,-247000.0,-367000.0,BALANCED,-5.7742
2023-11-01,WEBL,WEBL,51000.0,8.76,0.0162,8458000.0,51000.0,0.0,1.2851,-164000.0,-322000.0,BALANCED,24.1264
2023-11-02,WEBL,WEBL,46000.0,9.06,0.0342,8504000.0,46000.0,0.0,1.1342,48000.0,-269000.0,BALANCED,42.3549
2023-11-03,WEBL,WEBL,78000.0,9.66,0.0662,8582000.0,78000.0,0.0,1.5958,169000.0,-269000.0,ACCUMULATION,55.8953
2023-11-06,WEBL,WEBL,0.0,9.48,-0.0186,8582000.0,0.0,0.0,0.1781,169000.0,-269000.0,BALANCED,14.4529
2023-11-07,WEBL,WEBL,0.0,10.05,0.0601,8582000.0,0.0,0.0,0.1781,175000.0,-269000.0,BALANCED,14.4529
2023-11-08,WEBL,WEBL,35000.0,9.96,-0.009,8617000.0,35000.0,0.0,0.7531,159000.0,-157000.0,BALANCED,30.8264
2023-11-09,WEBL,WEBL,-62000.0,9.53,-0.0432,8555000.0,0.0,-62000.0,-0.9726,51000.0,-286000.0,BALANCED,-16.3142
2023-11-10,WEBL,WEBL,0.0,10.0,0.0493,8555000.0,0.0,0.0,0.1849,-27000.0,-264000.0,BALANCED,-5.3765
2023-11-13,WEBL,WEBL,-45000.0,9.94,-0.006,8510000.0,0.0,-45000.0,-0.6853,-72000.0,-356000.0,BALANCED,-29.1313
2023-11-14,WEBL,WEBL,142000.0,10.96,0.1026,8652000.0,142000.0,0.0,2.4519,70000.0,-234000.0,ACCUMULATION,73.2966
2023-11-15,WEBL,WEBL,95000.0,11.08,0.0109,8747000.0,95000.0,0.0,1.5438,130000.0,-51000.0,ACCUMULATION,52.5954
2023-11-16,WEBL,WEBL,0.0,10.77,-0.028,8747000.0,0.0,0.0,0.0139,192000.0,-51000.0,BALANCED,10.3481
2023-11-17,WEBL,WEBL,-1000.0,10.9,0.0121,8746000.0,0.0,-1000.0,0.0414,191000.0,-7000.0,BALANCED,9.0342
2023-11-20,WEBL,WEBL,63000.0,11.27,0.0339,8809000.0,63000.0,0.0,1.0448,299000.0,122000.0,BALANCED,38.1194
2023-11-21,WEBL,WEBL,47000.0,11.04,-0.0204,8856000.0,47000.0,0.0,0.7521,204000.0,202000.0,BALANCED,32.8023
2023-11-22,WEBL,WEBL,0.0,11.33,0.0263,8856000.0,0.0,0.0,-0.0451,109000.0,234000.0,BALANCED,8.8713
2023-11-24,WEBL,WEBL,0.0,11.34,0.0009,8856000.0,0.0,0.0,-0.0084,109000.0,400000.0,BALANCED,9.7893
2023-11-27,WEBL,WEBL,21000.0,11.32,-0.0018,8877000.0,21000.0,0.0,0.3217,131000.0,464000.0,BALANCED,20.0421
2023-11-28,WEBL,WEBL,16000.0,11.56,0.0212,8893000.0,16000.0,0.0,0.2571,84000.0,480000.0,BALANCED,20.4281
2023-11-29,WEBL,WEBL,0.0,11.8,0.0208,8893000.0,0.0,0.0,-0.004,37000.0,486000.0,BALANCED,9.9005
2023-11-30,WEBL,WEBL,-12000.0,11.95,0.0127,8881000.0,0.0,-12000.0,-0.2624,25000.0,423000.0,BALANCED,1.4389
2023-12-01,WEBL,WEBL,79000.0,12.59,0.0536,8960000.0,79000.0,0.0,1.2699,104000.0,456000.0,BALANCED,43.7487
2023-12-04,WEBL,WEBL,11000.0,12.34,-0.0199,8971000.0,11000.0,0.0,0.0653,94000.0,389000.0,BALANCED,15.6325
2023-12-05,WEBL,WEBL,0.0,12.26,-0.0065,8971000.0,0.0,0.0,-0.1706,78000.0,389000.0,BALANCED,5.7358
2023-12-06,WEBL,WEBL,0.0,12.08,-0.0147,8971000.0,0.0,0.0,-0.1923,78000.0,389000.0,BALANCED,5.193
2023-12-07,WEBL,WEBL,79000.0,12.51,0.0356,9050000.0,79000.0,0.0,1.1617,169000.0,433000.0,BALANCED,41.0432
2023-12-08,WEBL,WEBL,0.0,12.79,0.0224,9050000.0,0.0,0.0,-0.4473,90000.0,495000.0,BALANCED,-1.1818
2023-12-11,WEBL,WEBL,0.0,12.98,0.0149,9050000.0,0.0,0.0,-0.4957,79000.0,495000.0,BALANCED,-2.3917
2023-12-12,WEBL,WEBL,38000.0,13.18,0.0154,9088000.0,38000.0,0.0,0.3626,117000.0,578000.0,BALANCED,21.0643
2023-12-13,WEBL,WEBL,0.0,13.91,0.0554,9088000.0,0.0,0.0,-0.5325,117000.0,436000.0,BALANCED,-3.3135
2023-12-14,WEBL,WEBL,19000.0,14.27,0.0259,9107000.0,19000.0,0.0,-0.0623,57000.0,360000.0,BALANCED,10.4434
2023-12-15,WEBL,WEBL,0.0,14.5,0.0161,9107000.0,0.0,0.0,-0.4762,57000.0,360000.0,BALANCED,-1.9041
2023-12-18,WEBL,WEBL,90000.0,15.04,0.0372,9197000.0,90000.0,0.0,1.6226,147000.0,451000.0,ACCUMULATION,52.5652
2023-12-19,WEBL,WEBL,57000.0,15.47,0.0286,9254000.0,57000.0,0.0,0.8018,166000.0,445000.0,BALANCED,34.0442
2023-12-20,WEBL,WEBL,0.0,14.8,-0.0433,9254000.0,0.0,0.0,-0.5191,166000.0,398000.0,BALANCED,-2.9766
2023-12-21,WEBL,WEBL,-11000.0,15.47,0.0453,9243000.0,0.0,-11000.0,-0.7324,136000.0,387000.0,BALANCED,-10.3111
2023-12-22,WEBL,WEBL,12000.0,15.47,0.0,9255000.0,12000.0,0.0,-0.2788,148000.0,399000.0,BALANCED,5.0301
2023-12-26,WEBL,WEBL,62000.0,15.58,0.0071,9317000.0,62000.0,0.0,0.8927,120000.0,440000.0,BALANCED,36.3179
2023-12-27,WEBL,WEBL,18000.0,15.57,-0.0006,9335000.0,18000.0,0.0,-0.2447,81000.0,442000.0,BALANCED,9.8826
2023-12-28,WEBL,WEBL,-26000.0,15.61,0.0026,9309000.0,0.0,-26000.0,-1.4303,55000.0,416000.0,BALANCED,-27.7587
2023-12-29,WEBL,WEBL,-74000.0,15.16,-0.0288,9235000.0,0.0,-74000.0,-2.5827,-8000.0,354000.0,DISTRIBUTION,-78.5682
2024-01-02,WEBL,WEBL,0.0,14.1,-0.0699,9235000.0,0.0,0.0,-0.4654,-20000.0,275000.0,BALANCED,-21.6356
2024-01-03,WEBL,WEBL,-140000.0,13.49,-0.0433,9095000.0,0.0,-140000.0,-3.3646,-222000.0,124000.0,DISTRIBUTION,-96.1148
2024-01-04,WEBL,WEBL,-30000.0,13.33,-0.0119,9065000.0,0.0,-30000.0,-0.8638,-270000.0,94000.0,BALANCED,-35.5953
2024-01-05,WEBL,WEBL,-76000.0,13.53,0.015,8989000.0,0.0,-76000.0,-1.7275,-320000.0,18000.0,DISTRIBUTION,-59.1872
2024-01-08,WEBL,WEBL,-59000.0,14.59,0.0783,8930000.0,0.0,-59000.0,-1.2811,-305000.0,-120000.0,BALANCED,-50.0279
2024-01-09,WEBL,WEBL,109000.0,14.88,0.0199,9039000.0,109000.0,0.0,1.9879,-196000.0,-11000.0,ACCUMULATION,41.6971
2024-01-10,WEBL,WEBL,61000.0,15.24,0.0242,9100000.0,61000.0,0.0,1.0171,5000.0,50000.0,BALANCED,39.4266
2024-01-11,WEBL,WEBL,101000.0,15.48,0.0157,9201000.0,101000.0,0.0,1.6389,136000.0,113000.0,ACCUMULATION,56.9727
2024-01-12,WEBL,WEBL,100000.0,15.37,-0.0071,9301000.0,100000.0,0.0,1.4978,312000.0,213000.0,BALANCED,55.4451
2024-01-16,WEBL,WEBL,113000.0,14.92,-0.0293,9414000.0,113000.0,0.0,1.5812,484000.0,307000.0,ACCUMULATION,59.5291
2024-01-17,WEBL,WEBL,-41000.0,14.78,-0.0094,9373000.0,0.0,-41000.0,-0.9127,334000.0,266000.0,BALANCED,-14.8167
2024-01-18,WEBL,WEBL,108000.0,15.32,0.0365,9481000.0,108000.0,0.0,1.4579,381000.0,284000.0,BALANCED,48.4479
2024-01-19,WEBL,WEBL,0.0,16.13,0.0529,9481000.0,0.0,0.0,-0.2724,280000.0,227000.0,BALANCED,3.1911
2024-01-22,WEBL,WEBL,-4000.0,16.4,0.0167,9477000.0,0.0,-4000.0,-0.3341,176000.0,223000.0,BALANCED,-0.352
2024-01-23,WEBL,WEBL,78000.0,16.57,0.0104,9555000.0,78000.0,0.0,0.9798,141000.0,312000.0,BALANCED,36.4958
2024-01-24,WEBL,WEBL,-32000.0,16.72,0.0091,9523000.0,0.0,-32000.0,-0.7583,150000.0,268000.0,BALANCED,-10.9568
2024-01-25,WEBL,WEBL,94000.0,17.0,0.0167,9617000.0,94000.0,0.0,1.1643,136000.0,300000.0,BALANCED,41.1074
2024-01-26,WEBL,WEBL,25000.0,17.14,0.0082,9642000.0,25000.0,0.0,0.1014,161000.0,307000.0,BALANCED,16.5357
2024-01-29,WEBL,WEBL,0.0,18.2,0.0618,9642000.0,0.0,0.0,-0.2867,165000.0,333000.0,BALANCED,2.8328
2024-01-30,WEBL,WEBL,-77000.0,17.6,-0.033,9565000.0,0.0,-77000.0,-1.3827,10000.0,330000.0,BALANCED,-26.5677
2024-01-31,WEBL,WEBL,-70000.0,16.03,-0.0892,9495000.0,0.0,-70000.0,-1.211,-28000.0,260000.0,BALANCED,-44.2756
2024-02-01,WEBL,WEBL,-118000.0,16.62,0.0368,9377000.0,0.0,-118000.0,-1.749,-240000.0,282000.0,DISTRIBUTION,-59.7253
2024-02-02,WEBL,WEBL,83000.0,18.17,0.0933,9460000.0,83000.0,0.0,1.0619,-182000.0,395000.0,BALANCED,18.5471
2024-02-05,WEBL,WEBL,0.0,17.6,-0.0314,9460000.0,0.0,0.0,-0.0958,-182000.0,471000.0,BALANCED,-12.3944
2024-02-06,WEBL,WEBL,26000.0,17.69,0.0051,9486000.0,26000.0,0.0,0.2497,-79000.0,556000.0,BALANCED,-1.7584
2024-02-07,WEBL,WEBL,107000.0,18.0,0.0175,9593000.0,107000.0,0.0,1.2948,98000.0,554000.0,BALANCED,46.3695
2024-02-08,WEBL,WEBL,0.0,18.41,0.0228,9593000.0,0.0,0.0,-0.1255,216000.0,493000.0,BALANCED,6.8637
2024-02-09,WEBL,WEBL,-54000.0,19.22,0.044,9539000.0,0.0,-54000.0,-0.8193,79000.0,338000.0,BALANCED,-12.4824
2024-02-12,WEBL,WEBL,54000.0,19.12,-0.0052,9593000.0,54000.0,0.0,0.5983,133000.0,292000.0,BALANCED,26.9586
2024-02-13,WEBL,WEBL,-10000.0,17.88,-0.0649,9583000.0,0.0,-10000.0,-0.2965,97000.0,169000.0,BALANCED,0.5879
2024-02-14,WEBL,WEBL,139000.0,18.88,0.0559,9722000.0,139000.0,0.0,1.6064,129000.0,349000.0,ACCUMULATION,52.1603
2024-02-15,WEBL,WEBL,114000.0,19.03,0.0079,9836000.0,114000.0,0.0,1.232,243000.0,355000.0,BALANCED,44.7991
2024-02-16,WEBL,WEBL,34000.0,17.88,-0.0604,9870000.0,34000.0,0.0,0.0999,331000.0,389000.0,BALANCED,18.4968
2024-02-20,WEBL,WEBL,0.0,17.12,-0.0425,9870000.0,0.0,0.0,-0.4237,277000.0,393000.0,BALANCED,-0.5936
2024-02-21,WEBL,WEBL,0.0,16.74,-0.0222,9870000.0,0.0,0.0,-0.464,287000.0,315000.0,BALANCED,-1.601
2024-02-22,WEBL,WEBL,40000.0,17.96,0.0729,9910000.0,40000.0,0.0,0.1663,188000.0,387000.0,BALANCED,16.1576
2024-02-23,WEBL,WEBL,-79000.0,18.16,0.0111,9831000.0,0.0,-79000.0,-1.5089,-5000.0,214000.0,DISTRIBUTION,-49.7215
2024-02-26,WEBL,WEBL,82000.0,17.95,-0.0116,9913000.0,82000.0,0.0,0.8587,43000.0,271000.0,BALANCED,33.4663
2024-02-27,WEBL,WEBL,105000.0,18.38,0.024,10018000.0,105000.0,0.0,1.1916,148000.0,376000.0,BALANCED,43.7908
2024-02-28,WEBL,WEBL,33000.0,18.22,-0.0087,10051000.0,33000.0,0.0,0.1783,181000.0,486000.0,BALANCED,20.4583
2024-02-29,WEBL,WEBL,0.0,18.61,0.0214,10051000.0,0.0,0.0,-0.3473,141000.0,556000.0,BALANCED,1.3166
2024-03-01,WEBL,WEBL,-11000.0,19.25,0.0344,10040000.0,0.0,-11000.0,-0.4683,209000.0,663000.0,BALANCED,-3.7065
2024-03-04,WEBL,WEBL,20000.0,18.92,-0.0171,10060000.0,20000.0,0.0,0.0111,147000.0,600000.0,BALANCED,12.277
2024-03-05,WEBL,WEBL,-99000.0,17.62,-0.0687,9961000.0,0.0,-99000.0,-1.7267,-57000.0,501000.0,DISTRIBUTION,-55.1675
2024-03-06,WEBL,WEBL,-26000.0,17.91,0.0165,9935000.0,0.0,-26000.0,-0.5854,-116000.0,449000.0,BALANCED,-28.6351
2024-03-07,WEBL,WEBL,74000.0,18.54,0.0352,10009000.0,74000.0,0.0,0.8703,-42000.0,416000.0,BALANCED,13.7575
2024-03-08,WEBL,WEBL,24000.0,18.44,-0.0054,10033000.0,24000.0,0.0,0.1564,-7000.0,440000.0,BALANCED,-2.0903
2024-03-11,WEBL,WEBL,43000.0,18.12,-0.0174,10076000.0,43000.0,0.0,0.4391,16000.0,537000.0,BALANCED,26.9768
2024-03-12,WEBL,WEBL,-75000.0,18.63,0.0281,10001000.0,0.0,-75000.0,-1.2985,40000.0,408000.0,BALANCED,-24.463
2024-03-13,WEBL,WEBL,0.0,18.69,0.0032,10001000.0,0.0,0.0,-0.224,66000.0,418000.0,BALANCED,4.4008
2024-03-14,WEBL,WEBL,20000.0,18.54,-0.008,10021000.0,20000.0,0.0,0.0392,12000.0,299000.0,BALANCED,12.9804
2024-03-15,WEBL,WEBL,-54000.0,17.63,-0.0491,9967000.0,0.0,-54000.0,-1.2462,-66000.0,131000.0,BALANCED,-43.1552
2024-03-18,WEBL,WEBL,41000.0,18.35,0.0408,10008000.0,41000.0,0.0,0.3916,-68000.0,138000.0,BALANCED,1.7906
2024-03-19,WEBL,WEBL,-29000.0,18.35,0.0,9979000.0,0.0,-29000.0,-0.7901,-22000.0,109000.0,BALANCED,-31.7518
2024-03-20,WEBL,WEBL,21000.0,19.28,0.0507,10000000.0,21000.0,0.0,0.066,-1000.0,130000.0,BALANCED,-6.3499
2024-03-21,WEBL,WEBL,-56000.0,19.37,0.0047,9944000.0,0.0,-56000.0,-1.1772,-77000.0,34000.0,BALANCED,-41.4294
2024-03-22,WEBL,WEBL,76000.0,19.41,0.0021,10020000.0,76000.0,0.0,1.0533,53000.0,189000.0,BALANCED,38.3329
2024-03-25,WEBL,WEBL,0.0,19.32,-0.0046,10020000.0,0.0,0.0,-0.2799,12000.0,107000.0,BALANCED,3.003
2024-03-26,WEBL,WEBL,-13000.0,19.32,0.0,10007000.0,0.0,-13000.0,-0.4697,28000.0,-11000.0,BALANCED,-3.7418
2024-03-27,WEBL,WEBL,-2000.0,19.15,-0.0088,10005000.0,0.0,-2000.0,-0.282,5000.0,-46000.0,BALANCED,-1.0512
2024-03-28,WEBL,WEBL,-57000.0,19.01,-0.0073,9948000.0,0.0,-57000.0,-1.2116,4000.0,-103000.0,BALANCED,-26.291
2024-04-01,WEBL,WEBL,-43000.0,19.15,0.0074,9905000.0,0.0,-43000.0,-0.905,-115000.0,-135000.0,BALANCED,-40.6247
2024-04-02,WEBL,WEBL,40000.0,18.72,-0.0225,9945000.0,40000.0,0.0,0.747,-75000.0,-115000.0,BALANCED,10.6758
2024-04-03,WEBL,WEBL,-22000.0,18.97,0.0134,9923000.0,0.0,-22000.0,-0.4716,-84000.0,-38000.0,BALANCED,-23.7898
2024-04-04,WEBL,WEBL,-170000.0,18.17,-0.0422,9753000.0,0.0,-170000.0,-2.7981,-252000.0,-182000.0,DISTRIBUTION,-83.9518
2024-04-05,WEBL,WEBL,121000.0,19.11,0.0517,9874000.0,121000.0,0.0,1.9351,-74000.0,-135000.0,ACCUMULATION,40.3775
2024-04-08,WEBL,WEBL,-14000.0,19.13,0.001,9860000.0,0.0,-14000.0,-0.2434,-45000.0,-173000.0,BALANCED,-18.0859
2024-04-09,WEBL,WEBL,0.0,19.43,0.0157,9860000.0,0.0,0.0,0.0297,-85000.0,-216000.0,BALANCED,-9.2583
2024-04-10,WEBL,WEBL,-2000.0,18.94,-0.0252,9858000.0,0.0,-2000.0,0.0595,-65000.0,-143000.0,BALANCED,-10.5127
2024-04-11,WEBL,WEBL,75000.0,19.65,0.0375,9933000.0,75000.0,0.0,1.3721,180000.0,-68000.0,BALANCED,46.3026
2024-04-12,WEBL,WEBL,-51000.0,18.37,-0.0651,9882000.0,0.0,-51000.0,-0.7801,8000.0,-139000.0,BALANCED,-11.5018
2024-04-15,WEBL,WEBL,-178000.0,16.91,-0.0795,9704000.0,0.0,-178000.0,-2.5222,-156000.0,-263000.0,DISTRIBUTION,-77.054
2024-04-16,WEBL,WEBL,-4000.0,16.98,0.0041,9700000.0,0.0,-4000.0,0.1214,-160000.0,-308000.0,BALANCED,-12.9646
2024-04-17,WEBL,WEBL,-21000.0,16.66,-0.0188,9679000.0,0.0,-21000.0,-0.1817,-179000.0,-300000.0,BALANCED,-22.5423
2024-04-18,WEBL,WEBL,-95000.0,16.6,-0.0036,9584000.0,0.0,-95000.0,-1.2683,-349000.0,-416000.0,BALANCED,-51.7072
2024-04-19,WEBL,WEBL,-84000.0,15.57,-0.062,9500000.0,0.0,-84000.0,-1.0329,-382000.0,-444000.0,BALANCED,-47.8217
2024-04-22,WEBL,WEBL,0.0,15.96,0.025,9500000.0,0.0,0.0,0.2753,-204000.0,-520000.0,BALANCED,-3.1163
2024-04-23,WEBL,WEBL,-12000.0,16.9,0.0589,9488000.0,0.0,-12000.0,0.1197,-212000.0,-532000.0,BALANCED,-9.0084
2024-04-24,WEBL,WEBL,-42000.0,16.71,-0.0112,9446000.0,0.0,-42000.0,-0.3742,-233000.0,-561000.0,BALANCED,-23.3549
2024-04-25,WEBL,WEBL,31000.0,16.04,-0.0401,9477000.0,31000.0,0.0,0.7648,-107000.0,-528000.0,BALANCED,11.121
2024-04-26,WEBL,WEBL,25000.0,17.26,0.0761,9502000.0,25000.0,0.0,0.6664,2000.0,-446000.0,BALANCED,30.6596
2024-04-29,WEBL,WEBL,116000.0,16.99,-0.0156,9618000.0,116000.0,0.0,1.8896,118000.0,-287000.0,ACCUMULATION,63.2398
2024-04-30,WEBL,WEBL,-49000.0,16.04,-0.0559,9569000.0,0.0,-49000.0,-0.512,81000.0,-376000.0,BALANCED,-4.7996
2024-05-01,WEBL,WEBL,28000.0,16.5,0.0287,9597000.0,28000.0,0.0,0.6034,151000.0,-326000.0,BALANCED,27.0843
2024-05-02,WEBL,WEBL,67000.0,17.18,0.0412,9664000.0,67000.0,0.0,1.1364,187000.0,-89000.0,BALANCED,42.4108
2024-05-03,WEBL,WEBL,5000.0,17.41,0.0134,9669000.0,5000.0,0.0,0.2073,167000.0,-205000.0,BALANCED,21.1823
2024-05-06,WEBL,WEBL,24000.0,18.17,0.0437,9693000.0,24000.0,0.0,0.5229,75000.0,-167000.0,BALANCED,31.0715
2024-05-07,WEBL,WEBL,15000.0,18.12,-0.0028,9708000.0,15000.0,0.0,0.3797,139000.0,-152000.0,BALANCED,29.4934
2024-05-08,WEBL,WEBL,66000.0,17.9,-0.0121,9774000.0,66000.0,0.0,1.0797,177000.0,-84000.0,BALANCED,48.992
2024-05-09,WEBL,WEBL,-17000.0,17.82,-0.0045,9757000.0,0.0,-17000.0,-0.1278,93000.0,-176000.0,BALANCED,4.8049
2024-05-10,WEBL,WEBL,-29000.0,17.59,-0.0129,9728000.0,0.0,-29000.0,-0.3194,59000.0,-154000.0,BALANCED,-1.9851
2024-05-13,WEBL,WEBL,-6000.0,17.77,0.0102,9722000.0,0.0,-6000.0,0.0015,29000.0,18000.0,BALANCED,4.037
2024-05-14,WEBL,WEBL,63000.0,17.97,0.0113,9785000.0,63000.0,0.0,1.0024,77000.0,85000.0,BALANCED,37.0605
2024-05-15,WEBL,WEBL,37000.0,18.74,0.0428,9822000.0,37000.0,0.0,0.5891,48000.0,143000.0,BALANCED,28.7278
2024-05-16,WEBL,WEBL,0.0,18.53,-0.0112,9822000.0,0.0,0.0,-0.0378,65000.0,238000.0,BALANCED,9.0553
2024-05-17,WEBL,WEBL,-44000.0,18.63,0.0054,9778000.0,0.0,-44000.0,-0.7144,50000.0,278000.0,BALANCED,-9.8601
2024-05-20,WEBL,WEBL,-6000.0,18.78,0.0081,9772000.0,0.0,-6000.0,-0.0537,50000.0,272000.0,BALANCED,4.6568
2024-05-21,WEBL,WEBL,-4000.0,18.48,-0.016,9768000.0,0.0,-4000.0,-0.0164,-17000.0,280000.0,BALANCED,-16.4088
2024-05-22,WEBL,WEBL,8000.0,18.31,-0.0092,9776000.0,8000.0,0.0,0.1879,-46000.0,330000.0,BALANCED,-3.3015
2024-05-23,WEBL,WEBL,-41000.0,17.4,-0.0497,9735000.0,0.0,-41000.0,-0.619,-87000.0,258000.0,BALANCED,-27.4754
2024-05-24,WEBL,WEBL,0.0,17.39,-0.0006,9735000.0,0.0,0.0,0.0892,-43000.0,233000.0,BALANCED,-7.7704
2024-05-28,WEBL,WEBL,-7000.0,17.22,-0.0098,9728000.0,0.0,-7000.0,-0.1765,-44000.0,110000.0,BALANCED,-16.4135
2024-05-29,WEBL,WEBL,0.0,17.13,-0.0052,9728000.0,0.0,0.0,-0.0211,-40000.0,159000.0,BALANCED,-10.5282
2024-05-30,WEBL,WEBL,1000.0,15.61,-0.0887,9729000.0,1000.0,0.0,-0.0152,-47000.0,132000.0,BALANCED,-8.379
2024-05-31,WEBL,WEBL,-99000.0,15.43,-0.0115,9630000.0,0.0,-99000.0,-2.27,-105000.0,-34000.0,DISTRIBUTION,-68.7507
2024-06-03,WEBL,WEBL,-15000.0,15.57,0.0091,9615000.0,0.0,-15000.0,-0.455,-120000.0,-54000.0,BALANCED,-25.3758
2024-06-04,WEBL,WEBL,0.0,15.6,0.0019,9615000.0,0.0,0.0,-0.0926,-113000.0,-78000.0,BALANCED,-12.3154
2024-06-05,WEBL,WEBL,-35000.0,16.08,0.0308,9580000.0,0.0,-35000.0,-0.9085,-148000.0,-128000.0,BALANCED,-34.7117
2024-06-06,WEBL,WEBL,0.0,16.61,0.033,9580000.0,0.0,0.0,-0.1088,-149000.0,-194000.0,BALANCED,-12.7211
2024-06-07,WEBL,WEBL,14000.0,16.33,-0.0169,9594000.0,14000.0,0.0,0.2477,-36000.0,-163000.0,BALANCED,-1.8074
2024-06-10,WEBL,WEBL,-64000.0,16.53,0.0122,9530000.0,0.0,-64000.0,-1.5317,-85000.0,-198000.0,DISTRIBUTION,-50.2932
2024-06-11,WEBL,WEBL,15000.0,16.67,0.0085,9545000.0,15000.0,0.0,0.477,-70000.0,-177000.0,BALANCED,3.9255
2024-06-12,WEBL,WEBL,-34000.0,16.87,0.012,9511000.0,0.0,-34000.0,-0.8911,-69000.0,-274000.0,BALANCED,-34.2775
2024-06-13,WEBL,WEBL,0.0,16.27,-0.0356,9511000.0,0.0,0.0,0.0807,-69000.0,-311000.0,BALANCED,-7.9837
2024-06-14,WEBL,WEBL,-29000.0,16.33,0.0037,9482000.0,0.0,-29000.0,-0.689,-112000.0,-340000.0,BALANCED,-29.2247
2024-06-17,WEBL,WEBL,26000.0,16.62,0.0178,9508000.0,26000.0,0.0,0.9295,-22000.0,-270000.0,BALANCED,15.2387
2024-06-18,WEBL,WEBL,-23000.0,16.41,-0.0126,9485000.0,0.0,-23000.0,-0.4807,-60000.0,-287000.0,BALANCED,-24.0177
2024-06-20,WEBL,WEBL,9000.0,16.65,0.0146,9494000.0,9000.0,0.0,0.4844,-17000.0,-274000.0,BALANCED,4.1103
2024-06-21,WEBL,WEBL,-27000.0,17.09,0.0264,9467000.0,0.0,-27000.0,-0.5503,-44000.0,-309000.0,BALANCED,-25.7564
2024-06-24,WEBL,WEBL,14000.0,16.69,-0.0234,9481000.0,14000.0,0.0,0.7543,-1000.0,-254000.0,BALANCED,10.8572
2024-06-25,WEBL,WEBL,0.0,17.2,0.0306,9481000.0,0.0,0.0,0.2693,-27000.0,-254000.0,BALANCED,-3.2666
2024-06-26,WEBL,WEBL,-0.0,17.45,0.0145,9481000.0,-0.0,-0.0,0.2625,-4000.0,-247000.0,BALANCED,-3.4376
2024-06-27,WEBL,WEBL,0.0,18.27,0.047,9481000.0,0.0,0.0,0.3675,-13000.0,-247000.0,BALANCED,-0.8122
2024-06-28,WEBL,WEBL,8000.0,17.99,-0.0153,9489000.0,8000.0,0.0,0.725,22000.0,-240000.0,BALANCED,30.1253
2024-07-01,WEBL,WEBL,24000.0,18.16,0.0094,9513000.0,24000.0,0.0,1.2681,32000.0,-117000.0,BALANCED,45.7028
2024-07-02,WEBL,WEBL,0.0,18.52,0.0198,9513000.0,0.0,0.0,0.3353,32000.0,-102000.0,BALANCED,18.3835
2024-07-03,WEBL,WEBL,7000.0,18.54,0.0011,9520000.0,7000.0,0.0,0.5812,39000.0,-95000.0,BALANCED,26.5305
2024-07-05,WEBL,WEBL,-37000.0,19.34,0.0431,9483000.0,0.0,-37000.0,-1.019,2000.0,-97000.0,BALANCED,-17.4747
2024-07-08,WEBL,WEBL,-32000.0,18.96,-0.0196,9451000.0,0.0,-32000.0,-0.7816,-38000.0,-129000.0,BALANCED,-33.5401
2024-07-09,WEBL,WEBL,37000.0,18.53,-0.0227,9488000.0,37000.0,0.0,1.626,-25000.0,-106000.0,ACCUMULATION,32.6493
2024-07-10,WEBL,WEBL,80000.0,18.36,-0.0092,9568000.0,80000.0,0.0,2.6627,55000.0,38000.0,ACCUMULATION,80.5678
2024-07-11,WEBL,WEBL,-64000.0,17.68,-0.037,9504000.0,0.0,-64000.0,-1.6695,-16000.0,-41000.0,DISTRIBUTION,-53.7386
2024-07-12,WEBL,WEBL,-57000.0,17.78,0.0057,9447000.0,0.0,-57000.0,-1.3606,-36000.0,-64000.0,BALANCED,-48.0162
2024-07-15,WEBL,WEBL,21000.0,17.95,0.0096,9468000.0,21000.0,0.0,0.839,17000.0,-43000.0,BALANCED,32.9744
2024-07-16,WEBL,WEBL,0.0,18.24,0.0162,9468000.0,0.0,0.0,0.174,-20000.0,-14000.0,BALANCED,-5.6505
2024-07-17,WEBL,WEBL,-96000.0,16.8,-0.0789,9372000.0,0.0,-96000.0,-2.5006,-196000.0,-136000.0,DISTRIBUTION,-74.5138
2024-07-18,WEBL,WEBL,0.0,16.21,-0.0351,9372000.0,0.0,0.0,0.2304,-132000.0,-113000.0,BALANCED,-4.2393
2024-07-19,WEBL,WEBL,0.0,16.17,-0.0025,9372000.0,0.0,0.0,0.1992,-75000.0,-122000.0,BALANCED,-5.0203
2024-07-22,WEBL,WEBL,-16000.0,16.73,0.0346,9356000.0,0.0,-16000.0,-0.2451,-112000.0,-111000.0,BALANCED,-18.1267
2024-07-23,WEBL,WEBL,-21000.0,16.86,0.0078,9335000.0,0.0,-21000.0,-0.3568,-133000.0,-146000.0,BALANCED,-22.9194
2024-07-24,WEBL,WEBL,-87000.0,15.18,-0.0996,9248000.0,0.0,-87000.0,-2.1465,-124000.0,-233000.0,DISTRIBUTION,-69.6629
2024-07-25,WEBL,WEBL,0.0,15.02,-0.0105,9248000.0,0.0,0.0,0.2757,-124000.0,-233000.0,BALANCED,-3.1069
2024-07-26,WEBL,WEBL,0.0,15.46,0.0293,9248000.0,0.0,0.0,0.2459,-124000.0,-233000.0,BALANCED,-3.853
2024-07-29,WEBL,WEBL,66000.0,15.56,0.0065,9314000.0,66000.0,0.0,1.9016,-42000.0,-175000.0,ACCUMULATION,39.5388
2024-07-30,WEBL,WEBL,-30000.0,15.45,-0.0071,9284000.0,0.0,-30000.0,-0.6128,-51000.0,-229000.0,BALANCED,-27.3212
2024-07-31,WEBL,WEBL,2000.0,16.14,0.0447,9286000.0,2000.0,0.0,0.2492,38000.0,-227000.0,BALANCED,18.2294
2024-08-01,WEBL,WEBL,27000.0,15.51,-0.039,9313000.0,27000.0,0.0,0.8588,65000.0,-207000.0,BALANCED,35.4706
2024-08-02,WEBL,WEBL,-68000.0,13.65,-0.1199,9245000.0,0.0,-68000.0,-1.5057,-3000.0,-238000.0,DISTRIBUTION,-49.6424
2024-08-05,WEBL,WEBL,-189000.0,12.57,-0.0791,9056000.0,0.0,-189000.0,-3.4016,-258000.0,-395000.0,DISTRIBUTION,-99.0401
2024-08-06,WEBL,WEBL,-137000.0,13.03,0.0366,8919000.0,0.0,-137000.0,-2.1148,-365000.0,-569000.0,DISTRIBUTION,-68.8704
2024-08-07,WEBL,WEBL,-91000.0,12.65,-0.0292,8828000.0,0.0,-91000.0,-1.2078,-458000.0,-740000.0,BALANCED,-48.1948
2024-08-08,WEBL,WEBL,0.0,13.7,0.083,8828000.0,0.0,0.0,0.3797,-485000.0,-676000.0,BALANCED,-0.5069
2024-08-09,WEBL,WEBL,-3000.0,13.99,0.0212,8825000.0,0.0,-3000.0,0.3293,-420000.0,-622000.0,BALANCED,-3.7664
2024-08-12,WEBL,WEBL,58000.0,13.72,-0.0193,8883000.0,58000.0,0.0,1.3279,-173000.0,-585000.0,BALANCED,25.1978
2024-08-13,WEBL,WEBL,0.0,14.67,0.0692,8883000.0,0.0,0.0,0.3594,-36000.0,-585000.0,BALANCED,-1.0148
2024-08-14,WEBL,WEBL,66000.0,14.71,0.0027,8949000.0,66000.0,0.0,1.4027,121000.0,-423000.0,BALANCED,47.0675
2024-08-15,WEBL,WEBL,56000.0,15.74,0.07,9005000.0,56000.0,0.0,1.1835,177000.0,-367000.0,BALANCED,43.5875
2024-08-16,WEBL,WEBL,39000.0,15.78,0.0025,9044000.0,39000.0,0.0,0.8577,219000.0,-328000.0,BALANCED,37.4414
2024-08-19,WEBL,WEBL,-1000.0,16.37,0.0374,9043000.0,0.0,-1000.0,0.2016,160000.0,-313000.0,BALANCED,13.0405
2024-08-20,WEBL,WEBL,0.0,16.37,0.0,9043000.0,0.0,0.0,0.2399,160000.0,-292000.0,BALANCED,15.9984
2024-08-21,WEBL,WEBL,50000.0,16.78,0.025,9093000.0,50000.0,0.0,1.0888,144000.0,-155000.0,BALANCED,39.2204
2024-08-22,WEBL,WEBL,30000.0,16.16,-0.0369,9123000.0,30000.0,0.0,0.7079,118000.0,-125000.0,BALANCED,31.6983
2024-08-23,WEBL,WEBL,0.0,16.71,0.034,9123000.0,0.0,0.0,0.1807,79000.0,-125000.0,BALANCED,14.5175
2024-08-26,WEBL,WEBL,6000.0,16.57,-0.0084,9129000.0,6000.0,0.0,0.2905,86000.0,-185000.0,BALANCED,19.2622
2024-08-27,WEBL,WEBL,0.0,16.54,-0.0018,9129000.0,0.0,0.0,0.1897,86000.0,-155000.0,BALANCED,14.7435
2024-08-28,WEBL,WEBL,0.0,15.91,-0.0381,9129000.0,0.0,0.0,0.1411,36000.0,-157000.0,BALANCED,13.5287
2024-08-29,WEBL,WEBL,32000.0,16.32,0.0258,9161000.0,32000.0,0.0,0.6749,38000.0,-152000.0,BALANCED,28.8717
2024-08-30,WEBL,WEBL,-10000.0,16.61,0.0178,9151000.0,0.0,-10000.0,-0.0455,28000.0,-94000.0,BALANCED,6.8615
2024-09-03,WEBL,WEBL,-52000.0,15.43,-0.071,9099000.0,0.0,-52000.0,-0.744,-30000.0,43000.0,BALANCED,-32.5989
2024-09-04,WEBL,WEBL,-40000.0,15.26,-0.011,9059000.0,0.0,-40000.0,-0.5254,-70000.0,140000.0,BALANCED,-29.1347
2024-09-05,WEBL,WEBL,-1000.0,15.42,0.0105,9058000.0,0.0,-1000.0,0.094,-71000.0,230000.0,BALANCED,-15.651
2024-09-06,WEBL,WEBL,-68000.0,14.29,-0.0733,8990000.0,0.0,-68000.0,-1.0269,-171000.0,162000.0,BALANCED,-45.6713
2024-09-09,WEBL,WEBL,-0.0,14.66,0.0259,8990000.0,-0.0,-0.0,0.1487,-161000.0,165000.0,BALANCED,-6.2833
2024-09-10,WEBL,WEBL,0.0,14.8,0.0095,8990000.0,0.0,0.0,0.1924,-109000.0,107000.0,BALANCED,-5.1907
2024-09-11,WEBL,WEBL,-17000.0,15.46,0.0446,8973000.0,0.0,-17000.0,-0.1184,-86000.0,90000.0,BALANCED,-14.9593
2024-09-12,WEBL,WEBL,41000.0,16.04,0.0375,9014000.0,41000.0,0.0,0.8817,-44000.0,65000.0,BALANCED,14.0431
2024-09-13,WEBL,WEBL,33000.0,16.22,0.0112,9047000.0,33000.0,0.0,0.7355,57000.0,42000.0,BALANCED,32.3869
2024-09-16,WEBL,WEBL,3000.0,16.49,0.0166,9050000.0,3000.0,0.0,0.1701,60000.0,6000.0,BALANCED,20.2527
2024-09-17,WEBL,WEBL,0.0,16.69,0.0121,9050000.0,0.0,0.0,0.0046,60000.0,7000.0,BALANCED,10.1138
2024-09-18,WEBL,WEBL,32000.0,16.69,0.0,9082000.0,32000.0,0.0,0.7401,109000.0,39000.0,BALANCED,30.5035
2024-09-19,WEBL,WEBL,-6000.0,18.0,0.0785,9076000.0,0.0,-6000.0,-0.4595,62000.0,-17000.0,BALANCED,-3.4879
2024-09-20,WEBL,WEBL,17000.0,18.17,0.0094,9093000.0,17000.0,0.0,0.263,46000.0,-30000.0,BALANCED,18.5762
2024-09-23,WEBL,WEBL,0.0,18.34,0.0094,9093000.0,0.0,0.0,-0.2881,43000.0,-30000.0,BALANCED,2.7984
2024-09-24,WEBL,WEBL,16000.0,18.78,0.024,9109000.0,16000.0,0.0,0.2857,59000.0,-20000.0,BALANCED,19.1418
2024-09-25,WEBL,WEBL,76000.0,18.73,-0.0027,9185000.0,76000.0,0.0,2.053,103000.0,56000.0,ACCUMULATION,65.3242
2024-09-26,WEBL,WEBL,81000.0,18.8,0.0037,9266000.0,81000.0,0.0,2.1267,190000.0,137000.0,ACCUMULATION,69.1684
2024-09-27,WEBL,WEBL,5000.0,18.58,-0.0117,9271000.0,5000.0,0.0,-0.1209,178000.0,110000.0,BALANCED,14.9787
2024-09-30,WEBL,WEBL,-1000.0,18.63,0.0027,9270000.0,0.0,-1000.0,-0.2707,177000.0,119000.0,BALANCED,1.2332
2024-10-01,WEBL,WEBL,-13000.0,18.24,-0.0209,9257000.0,0.0,-13000.0,-0.6348,148000.0,158000.0,BALANCED,-9.871
2024-10-02,WEBL,WEBL,-21000.0,18.45,0.0115,9236000.0,0.0,-21000.0,-0.8545,51000.0,177000.0,BALANCED,-17.3614
2024-10-03,WEBL,WEBL,-16000.0,18.4,-0.0027,9220000.0,0.0,-16000.0,-0.6471,-46000.0,162000.0,BALANCED,-34.1772
2024-10-04,WEBL,WEBL,79000.0,19.44,0.0565,9299000.0,79000.0,0.0,2.1615,28000.0,309000.0,ACCUMULATION,66.0367
2024-10-07,WEBL,WEBL,22000.0,18.61,-0.0427,9321000.0,22000.0,0.0,0.4537,51000.0,331000.0,BALANCED,25.343
2024-10-08,WEBL,WEBL,19000.0,19.38,0.0414,9340000.0,19000.0,0.0,0.3518,83000.0,350000.0,BALANCED,24.7947
2024-10-09,WEBL,WEBL,-57000.0,19.85,0.0243,9283000.0,0.0,-57000.0,-1.7279,47000.0,310000.0,DISTRIBUTION,-35.1968
2024-10-10,WEBL,WEBL,-7000.0,20.07,0.0111,9276000.0,0.0,-7000.0,-0.3304,56000.0,262000.0,BALANCED,-2.2601
2024-10-11,WEBL,WEBL,18000.0,20.41,0.0169,9294000.0,18000.0,0.0,0.3796,-5000.0,247000.0,BALANCED,1.489
2024-10-14,WEBL,WEBL,17000.0,20.41,0.0,9311000.0,17000.0,0.0,0.3267,-10000.0,261000.0,BALANCED,2.1683
2024-10-15,WEBL,WEBL,-22000.0,20.05,-0.0176,9289000.0,0.0,-22000.0,-0.8226,-51000.0,239000.0,BALANCED,-32.565
2024-10-16,WEBL,WEBL,-4000.0,20.11,0.003,9285000.0,0.0,-4000.0,-0.3455,2000.0,203000.0,BALANCED,-2.6367
2024-10-17,WEBL,WEBL,-1000.0,19.93,-0.009,9284000.0,0.0,-1000.0,-0.2556,8000.0,208000.0,BALANCED,-2.3902
2024-10-18,WEBL,WEBL,5000.0,20.6,0.0336,9289000.0,5000.0,0.0,-0.1645,-5000.0,196000.0,BALANCED,-12.1118
2024-10-21,WEBL,WEBL,6000.0,20.6,0.0,9295000.0,6000.0,0.0,-0.1382,-16000.0,202000.0,BALANCED,-9.455
2024-10-22,WEBL,WEBL,4000.0,20.44,-0.0078,9299000.0,4000.0,0.0,-0.2092,10000.0,190000.0,BALANCED,10.7694
2024-10-23,WEBL,WEBL,0.0,19.48,-0.047,9299000.0,0.0,0.0,-0.3654,14000.0,114000.0,BALANCED,0.8645
2024-10-24,WEBL,WEBL,0.0,19.77,0.0149,9299000.0,0.0,0.0,-0.3249,15000.0,33000.0,BALANCED,1.8784
2024-10-25,WEBL,WEBL,-20000.0,20.05,0.0142,9279000.0,0.0,-20000.0,-0.9441,-10000.0,8000.0,BALANCED,-35.6028
2024-10-28,WEBL,WEBL,2000.0,20.27,0.011,9281000.0,2000.0,0.0,-0.194,-14000.0,11000.0,BALANCED,-12.85
2024-10-29,WEBL,WEBL,-14000.0,20.96,0.034,9267000.0,0.0,-14000.0,-0.7169,-32000.0,10000.0,BALANCED,-29.9227
2024-10-30,WEBL,WEBL,55000.0,21.0,0.0019,9322000.0,55000.0,0.0,1.5378,23000.0,86000.0,ACCUMULATION,50.4443
2024-10-31,WEBL,WEBL,3000.0,20.44,-0.0267,9325000.0,3000.0,0.0,-0.174,26000.0,105000.0,BALANCED,9.6508
2024-11-01,WEBL,WEBL,-2000.0,21.09,0.0318,9323000.0,0.0,-2000.0,-0.3172,44000.0,24000.0,BALANCED,0.0702
2024-11-04,WEBL,WEBL,0.0,21.05,-0.0019,9323000.0,0.0,0.0,-0.2516,42000.0,2000.0,BALANCED,3.7109
2024-11-05,WEBL,WEBL,23000.0,21.85,0.038,9346000.0,23000.0,0.0,0.494,79000.0,6000.0,BALANCED,24.3493
2024-11-06,WEBL,WEBL,111000.0,23.81,0.0897,9457000.0,111000.0,0.0,3.0195,135000.0,174000.0,ACCUMULATION,89.4867
2024-11-07,WEBL,WEBL,101000.0,25.07,0.0529,9558000.0,101000.0,0.0,2.5791,233000.0,282000.0,ACCUMULATION,80.4785
2024-11-08,WEBL,WEBL,77000.0,24.44,-0.0251,9635000.0,77000.0,0.0,1.7327,312000.0,341000.0,ACCUMULATION,61.3177
2024-11-11,WEBL,WEBL,169000.0,25.76,0.054,9804000.0,169000.0,0.0,3.2157,481000.0,493000.0,ACCUMULATION,100.0
2024-11-12,WEBL,WEBL,0.0,25.94,0.007,9804000.0,0.0,0.0,-0.3897,458000.0,515000.0,BALANCED,0.2569
2024-11-13,WEBL,WEBL,-33000.0,26.17,0.0089,9771000.0,0.0,-33000.0,-1.0774,314000.0,486000.0,BALANCED,-18.9347
2024-11-14,WEBL,WEBL,-41000.0,25.33,-0.0321,9730000.0,0.0,-41000.0,-1.208,172000.0,446000.0,BALANCED,-24.1997
2024-11-15,WEBL,WEBL,-107000.0,23.48,-0.073,9623000.0,0.0,-107000.0,-2.2827,-12000.0,334000.0,DISTRIBUTION,-73.0668
2024-11-18,WEBL,WEBL,0.0,23.65,0.0072,9623000.0,0.0,0.0,-0.1951,-181000.0,328000.0,BALANCED,-14.8775
2024-11-19,WEBL,WEBL,-14000.0,24.45,0.0338,9609000.0,0.0,-14000.0,-0.4438,-195000.0,310000.0,BALANCED,-23.0945
2024-11-20,WEBL,WEBL,64000.0,24.67,0.009,9673000.0,64000.0,0.0,0.9972,-98000.0,374000.0,BALANCED,16.9289
2024-11-21,WEBL,WEBL,64000.0,25.77,0.0446,9737000.0,64000.0,0.0,0.9384,7000.0,438000.0,BALANCED,37.4598
2024-11-22,WEBL,WEBL,69000.0,26.55,0.0303,9806000.0,69000.0,0.0,0.9846,183000.0,527000.0,BALANCED,40.6158
2024-11-25,WEBL,WEBL,120000.0,26.89,0.0128,9926000.0,120000.0,0.0,1.777,303000.0,645000.0,ACCUMULATION,62.4261
2024-11-26,WEBL,WEBL,0.0,27.46,0.0212,9926000.0,0.0,0.0,-0.3822,317000.0,659000.0,BALANCED,0.4455
2024-11-27,WEBL,WEBL,32000.0,26.75,-0.0259,9958000.0,32000.0,0.0,0.1727,285000.0,636000.0,BALANCED,16.3184
2024-11-29,WEBL,WEBL,-23000.0,26.94,0.0071,9935000.0,0.0,-23000.0,-0.8004,198000.0,610000.0,BALANCED,-12.0097
2024-12-02,WEBL,WEBL,0.0,27.6,0.0245,9935000.0,0.0,0.0,-0.3852,129000.0,612000.0,BALANCED,0.3709
2024-12-03,WEBL,WEBL,59000.0,28.1,0.0181,9994000.0,59000.0,0.0,0.6348,68000.0,671000.0,BALANCED,27.8708
2024-12-04,WEBL,WEBL,0.0,30.5,0.0854,9994000.0,0.0,0.0,-0.4116,68000.0,648000.0,BALANCED,-0.2894
2024-12-05,WEBL,WEBL,64000.0,30.12,-0.0125,10058000.0,64000.0,0.0,0.6839,100000.0,601000.0,BALANCED,29.0963
2024-12-06,WEBL,WEBL,46000.0,31.44,0.0438,10104000.0,46000.0,0.0,0.3392,169000.0,546000.0,BALANCED,22.4801
2024-12-09,WEBL,WEBL,122000.0,30.4,-0.0331,10226000.0,122000.0,0.0,1.5495,291000.0,591000.0,ACCUMULATION,54.737
2024-12-10,WEBL,WEBL,0.0,30.04,-0.0118,10226000.0,0.0,0.0,-0.5394,232000.0,422000.0,BALANCED,-3.4846
2024-12-11,WEBL,WEBL,135000.0,31.78,0.0579,10361000.0,135000.0,0.0,1.6236,367000.0,557000.0,ACCUMULATION,52.5902
2024-12-12,WEBL,WEBL,13000.0,31.54,-0.0076,10374000.0,13000.0,0.0,-0.3634,316000.0,603000.0,BALANCED,4.9161
2024-12-13,WEBL,WEBL,-107000.0,30.83,-0.0225,10267000.0,0.0,-107000.0,-2.1021,163000.0,537000.0,DISTRIBUTION,-44.5527
2024-12-16,WEBL,WEBL,127000.0,31.96,0.0367,10394000.0,127000.0,0.0,1.3473,168000.0,771000.0,BALANCED,45.6819
2024-12-17,WEBL,WEBL,44000.0,31.41,-0.0172,10438000.0,44000.0,0.0,0.1013,212000.0,815000.0,BALANCED,16.533
2024-12-18,WEBL,WEBL,-99000.0,27.64,-0.12,10339000.0,0.0,-99000.0,-1.8383,-22000.0,730000.0,DISTRIBUTION,-57.9576
2024-12-19,WEBL,WEBL,0.0,27.9,0.0094,10339000.0,0.0,0.0,-0.4167,-35000.0,666000.0,BALANCED,-20.4172
2024-12-20,WEBL,WEBL,-167000.0,28.9,0.0358,10172000.0,0.0,-167000.0,-2.4104,-95000.0,435000.0,DISTRIBUTION,-72.2593
2024-12-23,WEBL,WEBL,55000.0,28.96,0.0021,10227000.0,55000.0,0.0,0.4561,-167000.0,421000.0,BALANCED,3.4019
2024-12-24,WEBL,WEBL,-65000.0,29.81,0.0294,10162000.0,0.0,-65000.0,-1.0474,-276000.0,236000.0,BALANCED,-38.1838
2024-12-26,WEBL,WEBL,55000.0,29.53,-0.0094,10217000.0,55000.0,0.0,0.5585,-122000.0,291000.0,BALANCED,5.9618
2024-12-27,WEBL,WEBL,42000.0,28.36,-0.0396,10259000.0,42000.0,0.0,0.3503,-80000.0,301000.0,BALANCED,2.7572
2024-12-30,WEBL,WEBL,116000.0,27.38,-0.0346,10375000.0,116000.0,0.0,1.263,203000.0,440000.0,BALANCED,47.5748
2024-12-31,WEBL,WEBL,-53000.0,26.8,-0.0212,10322000.0,0.0,-53000.0,-1.0564,95000.0,387000.0,BALANCED,-18.409
2025-01-02,WEBL,WEBL,-145000.0,26.95,0.0056,10177000.0,0.0,-145000.0,-2.0843,15000.0,183000.0,DISTRIBUTION,-46.1075
2025-01-03,WEBL,WEBL,20000.0,27.73,0.0289,10197000.0,20000.0,0.0,0.0051,-20000.0,203000.0,BALANCED,-7.8721
2025-01-06,WEBL,WEBL,147000.0,28.81,0.0389,10344000.0,147000.0,0.0,1.5345,85000.0,286000.0,ACCUMULATION,52.3618
2025-01-07,WEBL,WEBL,58000.0,27.5,-0.0455,10402000.0,58000.0,0.0,0.4417,27000.0,298000.0,BALANCED,27.0428
2025-01-08,WEBL,WEBL,150000.0,27.75,0.0091,10552000.0,150000.0,0.0,1.4891,230000.0,326000.0,BALANCED,55.2279
2025-01-10,WEBL,WEBL,0.0,26.47,-0.0461,10552000.0,0.0,0.0,-0.2539,375000.0,326000.0,BALANCED,3.6524
2025-01-13,WEBL,WEBL,-0.0,26.14,-0.0125,10552000.0,-0.0,-0.0,-0.2539,355000.0,191000.0,BALANCED,3.6524
2025-01-14,WEBL,WEBL,-48000.0,26.29,0.0057,10504000.0,0.0,-48000.0,-0.7966,160000.0,130000.0,BALANCED,-11.9153
2025-01-15,WEBL,WEBL,0.0,27.71,0.054,10504000.0,0.0,0.0,-0.229,102000.0,237000.0,BALANCED,4.2744
2025-01-16,WEBL,WEBL,-21000.0,27.63,-0.0029,10483000.0,0.0,-21000.0,-0.4727,-69000.0,89000.0,BALANCED,-23.8175
2025-01-17,WEBL,WEBL,14000.0,28.56,0.0337,10497000.0,14000.0,0.0,-0.0334,-55000.0,59000.0,BALANCED,-8.8362
2025-01-21,WEBL,WEBL,8000.0,29.24,0.0238,10505000.0,8000.0,0.0,-0.1093,-47000.0,166000.0,BALANCED,-8.7317
2025-01-22,WEBL,WEBL,0.0,30.78,0.0527,10505000.0,0.0,0.0,-0.1812,1000.0,166000.0,BALANCED,5.4706
2025-01-23,WEBL,WEBL,34000.0,31.61,0.027,10539000.0,34000.0,0.0,0.2375,35000.0,367000.0,BALANCED,17.9369
2025-01-24,WEBL,WEBL,66000.0,31.61,0.0,10605000.0,66000.0,0.0,0.6654,122000.0,378000.0,BALANCED,30.6355
2025-01-27,WEBL,WEBL,104000.0,30.36,-0.0395,10709000.0,104000.0,0.0,1.0737,212000.0,547000.0,BALANCED,42.8428
2025-01-28,WEBL,WEBL,111000.0,32.37,0.0662,10820000.0,111000.0,0.0,1.1848,315000.0,603000.0,BALANCED,47.6199
2025-01-29,WEBL,WEBL,-3000.0,32.17,-0.0062,10817000.0,0.0,-3000.0,-0.2198,312000.0,558000.0,BALANCED,2.5057
2025-01-30,WEBL,WEBL,0.0,32.56,0.0121,10817000.0,0.0,0.0,-0.2363,278000.0,442000.0,BALANCED,4.092
2025-01-31,WEBL,WEBL,84000.0,33.16,0.0184,10901000.0,84000.0,0.0,0.8843,296000.0,579000.0,BALANCED,34.1071
2025-02-03,WEBL,WEBL,83000.0,32.8,-0.0109,10984000.0,83000.0,0.0,0.845,275000.0,807000.0,BALANCED,35.1238
2025-02-04,WEBL,WEBL,-20000.0,33.59,0.0241,10964000.0,0.0,-20000.0,-0.5531,144000.0,767000.0,BALANCED,-5.8267
2025-02-05,WEBL,WEBL,47000.0,33.54,-0.0015,11011000.0,47000.0,0.0,0.333,194000.0,667000.0,BALANCED,20.3252
2025-02-06,WEBL,WEBL,29000.0,33.36,-0.0054,11040000.0,29000.0,0.0,0.001,223000.0,638000.0,BALANCED,14.0258
2025-02-07,WEBL,WEBL,71000.0,32.77,-0.0177,11111000.0,71000.0,0.0,0.6398,210000.0,559000.0,BALANCED,31.9938
2025-02-10,WEBL,WEBL,0.0,33.67,0.0275,11111000.0,0.0,0.0,-0.5045,127000.0,559000.0,BALANCED,-2.6117
2025-02-11,WEBL,WEBL,-2000.0,32.93,-0.022,11109000.0,0.0,-2000.0,-0.505,145000.0,557000.0,BALANCED,-4.6252
2025-02-12,WEBL,WEBL,0.0,33.18,0.0076,11109000.0,0.0,0.0,-0.4496,98000.0,605000.0,BALANCED,-1.2394
2025-02-13,WEBL,WEBL,26000.0,34.01,0.025,11135000.0,26000.0,0.0,0.011,95000.0,631000.0,BALANCED,12.2741
2025-02-14,WEBL,WEBL,35000.0,34.49,0.0141,11170000.0,35000.0,0.0,0.1141,59000.0,687000.0,BALANCED,16.8533
2025-02-18,WEBL,WEBL,-13000.0,34.15,-0.0099,11157000.0,0.0,-13000.0,-0.9163,46000.0,660000.0,BALANCED,-14.9073
2025-02-19,WEBL,WEBL,0.0,32.93,-0.0357,11157000.0,0.0,0.0,-0.6381,48000.0,652000.0,BALANCED,-5.9532
2025-02-20,WEBL,WEBL,0.0,31.53,-0.0425,11157000.0,0.0,0.0,-0.5958,48000.0,652000.0,BALANCED,-4.8941
2025-02-21,WEBL,WEBL,-9000.0,28.72,-0.0891,11148000.0,0.0,-9000.0,-0.7433,13000.0,609000.0,BALANCED,-10.5824
2025-02-24,WEBL,WEBL,-167000.0,27.71,-0.0352,10981000.0,0.0,-167000.0,-3.4956,-189000.0,376000.0,DISTRIBUTION,-100.0
2025-02-25,WEBL,WEBL,-130000.0,26.73,-0.0354,10851000.0,0.0,-130000.0,-2.407,-306000.0,142000.0,DISTRIBUTION,-76.1743
2025-02-26,WEBL,WEBL,-91000.0,27.53,0.0299,10760000.0,0.0,-91000.0,-1.6057,-397000.0,-60000.0,DISTRIBUTION,-58.1417
2025-02-27,WEBL,WEBL,-119000.0,25.75,-0.0647,10641000.0,0.0,-119000.0,-1.9165,-516000.0,-176000.0,DISTRIBUTION,-67.9123
2025-02-28,WEBL,WEBL,0.0,26.87,0.0435,10641000.0,0.0,0.0,-0.0708,-507000.0,-176000.0,BALANCED,-11.7707
2025-03-03,WEBL,WEBL,0.0,25.31,-0.0581,10641000.0,0.0,0.0,-0.0819,-340000.0,-260000.0,BALANCED,-12.0476
2025-03-04,WEBL,WEBL,14000.0,24.91,-0.0158,10655000.0,14000.0,0.0,0.1358,-196000.0,-329000.0,BALANCED,-4.6046
2025-03-05,WEBL,WEBL,-73000.0,26.18,0.051,10582000.0,0.0,-73000.0,-1.1473,-178000.0,-382000.0,BALANCED,-40.6824
2025-03-06,WEBL,WEBL,6000.0,22.93,-0.1241,10588000.0,6000.0,0.0,0.0491,-53000.0,-423000.0,BALANCED,-6.7728
2025-03-07,WEBL,WEBL,-79000.0,22.67,-0.0113,10509000.0,0.0,-79000.0,-1.1601,-132000.0,-531000.0,BALANCED,-41.0027
2025-03-10,WEBL,WEBL,0.0,19.89,-0.1226,10509000.0,0.0,0.0,0.0485,-132000.0,-602000.0,BALANCED,-8.7885
2025-03-11,WEBL,WEBL,-65000.0,20.12,0.0116,10444000.0,0.0,-65000.0,-0.8811,-211000.0,-667000.0,BALANCED,-34.028
2025-03-12,WEBL,WEBL,25000.0,20.97,0.0422,10469000.0,25000.0,0.0,0.6117,-113000.0,-640000.0,BALANCED,7.2934
2025-03-13,WEBL,WEBL,-97000.0,19.03,-0.0925,10372000.0,0.0,-97000.0,-1.3264,-216000.0,-737000.0,BALANCED,-45.1606
2025-03-14,WEBL,WEBL,28000.0,20.68,0.0867,10400000.0,28000.0,0.0,0.6716,-109000.0,-735000.0,BALANCED,8.7905
2025-03-17,WEBL,WEBL,-66000.0,21.34,0.0319,10334000.0,0.0,-66000.0,-0.7818,-175000.0,-836000.0,BALANCED,-31.5455
2025-03-18,WEBL,WEBL,-18000.0,20.15,-0.0558,10316000.0,0.0,-18000.0,0.0747,-128000.0,-841000.0,BALANCED,-12.1317
2025-03-19,WEBL,WEBL,-33000.0,21.18,0.0511,10283000.0,0.0,-33000.0,-0.1803,-186000.0,-874000.0,BALANCED,-20.5077
2025-03-20,WEBL,WEBL,9000.0,20.93,-0.0118,10292000.0,9000.0,0.0,0.5894,-80000.0,-865000.0,BALANCED,6.7345
2025-03-21,WEBL,WEBL,0.0,21.38,0.0215,10292000.0,0.0,0.0,0.4514,-108000.0,-856000.0,BALANCED,1.2854
2025-03-24,WEBL,WEBL,-1000.0,22.99,0.0753,10291000.0,0.0,-1000.0,0.5024,-43000.0,-690000.0,BALANCED,0.5603
2025-03-25,WEBL,WEBL,42000.0,23.54,0.0239,10333000.0,42000.0,0.0,1.2647,17000.0,-518000.0,BALANCED,43.6182
2025-03-26,WEBL,WEBL,0.0,22.0,-0.0654,10333000.0,0.0,0.0,0.4813,50000.0,-427000.0,BALANCED,22.032
2025-03-27,WEBL,WEBL,37000.0,21.36,-0.0291,10370000.0,37000.0,0.0,1.1252,78000.0,-271000.0,BALANCED,40.1305
2025-03-28,WEBL,WEBL,-36000.0,19.24,-0.0993,10334000.0,0.0,-36000.0,-0.1723,42000.0,-307000.0,BALANCED,3.6914
2025-03-31,WEBL,WEBL,-62000.0,18.88,-0.0187,10272000.0,0.0,-62000.0,-0.6046,-19000.0,-369000.0,BALANCED,-29.1157
2025-04-01,WEBL,WEBL,-29000.0,19.4,0.0275,10243000.0,0.0,-29000.0,0.0277,-90000.0,-412000.0,BALANCED,-15.3074
2025-04-02,WEBL,WEBL,-91000.0,20.09,0.0356,10152000.0,0.0,-91000.0,-1.0701,-181000.0,-430000.0,BALANCED,-44.7517
2025-04-03,WEBL,WEBL,-92000.0,16.21,-0.1931,10060000.0,0.0,-92000.0,-1.0194,-310000.0,-528000.0,BALANCED,-45.485
2025-04-04,WEBL,WEBL,-93000.0,13.5,-0.1672,9967000.0,0.0,-93000.0,-0.9739,-367000.0,-542000.0,BALANCED,-46.3486
2025-04-07,WEBL,WEBL,-24000.0,13.93,0.0319,9943000.0,0.0,-24000.0,0.2139,-329000.0,-566000.0,BALANCED,-18.6521
2025-04-08,WEBL,WEBL,-90000.0,13.5,-0.0309,9853000.0,0.0,-90000.0,-1.1972,-390000.0,-591000.0,BALANCED,-55.9305
2025-04-09,WEBL,WEBL,-58000.0,17.74,0.3141,9795000.0,0.0,-58000.0,-0.5571,-357000.0,-674000.0,BALANCED,-41.9268
2025-04-10,WEBL,WEBL,-16000.0,15.74,-0.1127,9779000.0,0.0,-16000.0,0.2931,-281000.0,-593000.0,BALANCED,-22.6724
2025-04-11,WEBL,WEBL,31000.0,16.12,0.0241,9810000.0,31000.0,0.0,1.3189,-157000.0,-590000.0,BALANCED,24.9732
2025-04-14,WEBL,WEBL,0.0,16.26,0.0087,9810000.0,0.0,0.0,0.6224,-133000.0,-524000.0,BALANCED,5.5598
2025-04-15,WEBL,WEBL,38000.0,16.42,0.0098,9848000.0,38000.0,0.0,1.4268,-5000.0,-468000.0,BALANCED,27.6702
2025-04-16,WEBL,WEBL,0.0,15.51,-0.0554,9848000.0,0.0,0.0,0.5451,53000.0,-435000.0,BALANCED,23.6279
2025-04-17,WEBL,WEBL,-4000.0,15.3,-0.0135,9844000.0,0.0,-4000.0,0.4655,65000.0,-448000.0,BALANCED,19.6367
2025-04-21,WEBL,WEBL,-25000.0,14.12,-0.0771,9819000.0,0.0,-25000.0,-0.046,9000.0,-473000.0,BALANCED,4.8506
2025-04-22,WEBL,WEBL,-24000.0,15.44,0.0935,9795000.0,0.0,-24000.0,-0.0046,-15000.0,-496000.0,BALANCED,-16.1155
2025-04-23,WEBL,WEBL,0.0,16.72,0.0829,9795000.0,0.0,0.0,0.5058,-53000.0,-538000.0,BALANCED,2.6444
2025-04-24,WEBL,WEBL,-9000.0,18.46,0.1041,9786000.0,0.0,-9000.0,0.3283,-62000.0,-547000.0,BALANCED,-3.7931
2025-04-25,WEBL,WEBL,0.0,19.12,0.0358,9786000.0,0.0,0.0,0.4921,-58000.0,-584000.0,BALANCED,2.3021
2025-04-28,WEBL,WEBL,50000.0,19.13,0.0005,9836000.0,50000.0,0.0,1.6866,17000.0,-498000.0,ACCUMULATION,54.1655
2025-04-29,WEBL,WEBL,51000.0,19.65,0.0272,9887000.0,51000.0,0.0,1.5801,92000.0,-385000.0,ACCUMULATION,53.5026
2025-04-30,WEBL,WEBL,6000.0,19.65,0.0,9893000.0,6000.0,0.0,0.48,98000.0,-350000.0,BALANCED,28.0001
2025-05-01,WEBL,WEBL,0.0,20.54,0.0453,9893000.0,0.0,0.0,0.311,107000.0,-259000.0,BALANCED,17.7762
2025-05-02,WEBL,WEBL,62000.0,21.59,0.0511,9955000.0,62000.0,0.0,1.671,169000.0,-105000.0,ACCUMULATION,53.7741
2025-05-05,WEBL,WEBL,75000.0,21.42,-0.0079,10030000.0,75000.0,0.0,1.799,194000.0,63000.0,ACCUMULATION,58.9747
2025-05-06,WEBL,WEBL,11000.0,20.93,-0.0229,10041000.0,11000.0,0.0,0.4143,154000.0,98000.0,BALANCED,26.3575
2025-05-07,WEBL,WEBL,-23000.0,20.81,-0.0057,10018000.0,0.0,-23000.0,-0.2732,125000.0,165000.0,BALANCED,1.169
2025-05-08,WEBL,WEBL,105000.0,21.56,0.036,10123000.0,105000.0,0.0,2.2239,230000.0,328000.0,ACCUMULATION,67.5973
2025-05-09,WEBL,WEBL,3000.0,21.11,-0.0209,10126000.0,3000.0,0.0,0.2239,171000.0,347000.0,BALANCED,19.5984
2025-05-12,WEBL,WEBL,80000.0,23.59,0.1175,10206000.0,80000.0,0.0,1.6225,176000.0,396000.0,ACCUMULATION,56.5631
2025-05-13,WEBL,WEBL,68000.0,24.73,0.0483,10274000.0,68000.0,0.0,1.2971,233000.0,464000.0,BALANCED,50.4271
2025-05-14,WEBL,WEBL,98000.0,25.21,0.0194,10372000.0,98000.0,0.0,1.7033,354000.0,524000.0,ACCUMULATION,62.5833
2025-05-15,WEBL,WEBL,0.0,24.99,-0.0087,10372000.0,0.0,0.0,-0.141,249000.0,524000.0,BALANCED,6.4744
2025-05-16,WEBL,WEBL,62000.0,25.5,0.0204,10434000.0,62000.0,0.0,1.0029,308000.0,590000.0,BALANCED,37.0715
2025-05-19,WEBL,WEBL,16000.0,25.42,-0.0031,10450000.0,16000.0,0.0,-0.0022,244000.0,631000.0,BALANCED,13.9447
2025-05-20,WEBL,WEBL,0.0,25.04,-0.0149,10450000.0,0.0,0.0,-0.3783,176000.0,655000.0,BALANCED,0.5422
2025-05-21,WEBL,WEBL,-17000.0,24.28,-0.0304,10433000.0,0.0,-17000.0,-0.8985,61000.0,638000.0,BALANCED,-14.4636
2025-05-22,WEBL,WEBL,-28000.0,24.79,0.021,10405000.0,0.0,-28000.0,-1.2459,33000.0,619000.0,BALANCED,-25.1466
2025-05-23,WEBL,WEBL,22000.0,23.64,-0.0464,10427000.0,22000.0,0.0,0.0105,-7000.0,641000.0,BALANCED,-7.7381
2025-05-27,WEBL,WEBL,111000.0,24.95,0.0554,10538000.0,111000.0,0.0,2.0894,88000.0,702000.0,ACCUMULATION,66.2351
2025-05-28,WEBL,WEBL,13000.0,24.75,-0.008,10551000.0,13000.0,0.0,-0.2832,101000.0,664000.0,BALANCED,8.9205
2025-05-29,WEBL,WEBL,-16000.0,24.32,-0.0174,10535000.0,0.0,-16000.0,-0.9286,102000.0,642000.0,BALANCED,-15.216
2025-05-30,WEBL,WEBL,24000.0,24.64,0.0132,10559000.0,24000.0,0.0,0.0072,154000.0,666000.0,BALANCED,12.18
2025-06-02,WEBL,WEBL,7000.0,25.32,0.0276,10566000.0,7000.0,0.0,-0.4116,139000.0,611000.0,BALANCED,3.7093
2025-06-03,WEBL,WEBL,0.0,25.62,0.0118,10566000.0,0.0,0.0,-0.612,28000.0,536000.0,BALANCED,-5.3005
2025-06-04,WEBL,WEBL,-32000.0,26.33,0.0277,10534000.0,0.0,-32000.0,-1.3799,-17000.0,493000.0,BALANCED,-46.4979
2025-06-05,WEBL,WEBL,43000.0,26.64,0.0118,10577000.0,43000.0,0.0,0.414,42000.0,559000.0,BALANCED,22.35
2025-06-06,WEBL,WEBL,0.0,27.57,0.0349,10577000.0,0.0,0.0,-0.6483,18000.0,454000.0,BALANCED,-6.2084
2025-06-09,WEBL,WEBL,-21000.0,27.52,-0.0018,10556000.0,0.0,-21000.0,-1.1296,-10000.0,430000.0,BALANCED,-40.2396
2025-06-10,WEBL,WEBL,8000.0,27.25,-0.0098,10564000.0,8000.0,0.0,-0.3951,-2000.0,358000.0,BALANCED,-17.8774
2025-06-11,WEBL,WEBL,31000.0,26.93,-0.0117,10595000.0,31000.0,0.0,0.181,61000.0,321000.0,BALANCED,18.5249
2025-06-12,WEBL,WEBL,-20000.0,26.74,-0.0071,10575000.0,0.0,-20000.0,-1.0287,-2000.0,203000.0,BALANCED,-37.7176
2025-06-13,WEBL,WEBL,-41000.0,25.49,-0.0467,10534000.0,0.0,-41000.0,-1.4516,-43000.0,162000.0,BALANCED,-50.2895
2025-06-16,WEBL,WEBL,45000.0,26.69,0.0471,10579000.0,45000.0,0.0,0.5691,23000.0,145000.0,BALANCED,26.2286
2025-06-17,WEBL,WEBL,-9000.0,26.16,-0.0199,10570000.0,0.0,-9000.0,-0.6493,6000.0,120000.0,BALANCED,-8.2325
2025-06-18,WEBL,WEBL,-38000.0,25.84,-0.0122,10532000.0,0.0,-38000.0,-1.2699,-63000.0,82000.0,BALANCED,-45.7474
2025-06-20,WEBL,WEBL,3000.0,25.3,-0.0209,10535000.0,3000.0,0.0,-0.3369,-40000.0,102000.0,BALANCED,-16.4227
2025-06-23,WEBL,WEBL,-1000.0,26.06,0.03,10534000.0,0.0,-1000.0,-0.3773,0.0,129000.0,BALANCED,-11.4332
2025-06-24,WEBL,WEBL,-11000.0,27.4,0.0514,10523000.0,0.0,-11000.0,-0.6186,-56000.0,96000.0,BALANCED,-29.4652
2025-06-25,WEBL,WEBL,0.0,27.2,-0.0073,10523000.0,0.0,0.0,-0.2845,-47000.0,-15000.0,BALANCED,-17.1123
2025-06-26,WEBL,WEBL,0.0,28.43,0.0452,10523000.0,0.0,0.0,-0.2334,-9000.0,-28000.0,BALANCED,-15.8356
2025-06-27,WEBL,WEBL,91000.0,29.4,0.0341,10614000.0,91000.0,0.0,2.3718,79000.0,79000.0,ACCUMULATION,71.2941
2025-06-30,WEBL,WEBL,56000.0,29.96,0.019,10670000.0,56000.0,0.0,1.2796,136000.0,111000.0,BALANCED,45.9899
2025-07-01,WEBL,WEBL,17000.0,28.9,-0.0354,10687000.0,17000.0,0.0,0.2471,164000.0,121000.0,BALANCED,22.1774
2025-07-02,WEBL,WEBL,18000.0,28.9,0.0,10705000.0,18000.0,0.0,0.2739,182000.0,139000.0,BALANCED,24.847
2025-07-03,WEBL,WEBL,20000.0,29.88,0.0339,10725000.0,20000.0,0.0,0.3121,202000.0,191000.0,BALANCED,27.8028
2025-07-07,WEBL,WEBL,0.0,29.86,-0.0007,10725000.0,0.0,0.0,-0.2829,111000.0,148000.0,BALANCED,2.9274
2025-07-08,WEBL,WEBL,23000.0,29.22,-0.0214,10748000.0,23000.0,0.0,0.3429,78000.0,171000.0,BALANCED,20.573
2025-07-09,WEBL,WEBL,-27000.0,29.98,0.026,10721000.0,0.0,-27000.0,-1.0704,34000.0,165000.0,BALANCED,-18.7593
2025-07-10,WEBL,WEBL,8000.0,28.77,-0.0404,10729000.0,8000.0,0.0,0.0572,24000.0,165000.0,BALANCED,13.4288
2025-07-11,WEBL,WEBL,0.0,28.14,-0.0219,10729000.0,0.0,0.0,-0.2076,4000.0,134000.0,BALANCED,4.8088
2025-07-14,WEBL,WEBL,0.0,29.0,0.0306,10729000.0,0.0,0.0,-0.2285,4000.0,154000.0,BALANCED,4.2871
2025-07-15,WEBL,WEBL,6000.0,28.61,-0.0134,10735000.0,6000.0,0.0,0.0047,-13000.0,201000.0,BALANCED,-7.8814
2025-07-16,WEBL,WEBL,-8000.0,28.61,0.0,10727000.0,0.0,-8000.0,-0.4737,6000.0,148000.0,BALANCED,-3.8429
2025-07-17,WEBL,WEBL,11000.0,29.27,0.0231,10738000.0,11000.0,0.0,0.1867,9000.0,168000.0,BALANCED,16.6664
2025-07-18,WEBL,WEBL,2000.0,29.5,0.0079,10740000.0,2000.0,0.0,-0.1782,11000.0,208000.0,BALANCED,9.546
2025-07-21,WEBL,WEBL,0.0,30.15,0.022,10740000.0,0.0,0.0,-0.2053,11000.0,205000.0,BALANCED,4.8684
2025-07-22,WEBL,WEBL,8000.0,29.66,-0.0163,10748000.0,8000.0,0.0,0.0869,13000.0,214000.0,BALANCED,14.1736
2025-07-23,WEBL,WEBL,19000.0,29.99,0.0111,10767000.0,19000.0,0.0,0.4591,40000.0,244000.0,BALANCED,25.4769
2025-07-24,WEBL,WEBL,19000.0,30.27,0.0093,10786000.0,19000.0,0.0,0.4435,48000.0,263000.0,BALANCED,27.0864
2025-07-25,WEBL,WEBL,14000.0,30.8,0.0175,10800000.0,14000.0,0.0,0.2777,60000.0,277000.0,BALANCED,24.9415
2025-07-28,WEBL,WEBL,0.0,30.85,0.0016,10800000.0,0.0,0.0,-0.2959,60000.0,186000.0,BALANCED,2.603
2025-07-29,WEBL,WEBL,-17000.0,30.0,-0.0276,10783000.0,0.0,-17000.0,-1.0492,35000.0,113000.0,BALANCED,-18.2302
2025-07-30,WEBL,WEBL,0.0,30.16,0.0053,10783000.0,0.0,0.0,-0.294,16000.0,96000.0,BALANCED,2.6507
2025-07-31,WEBL,WEBL,0.0,31.13,0.0322,10783000.0,0.0,0.0,-0.309,-3000.0,78000.0,BALANCED,-17.725
2025-08-01,WEBL,WEBL,0.0,28.06,-0.0986,10783000.0,0.0,0.0,-0.391,-17000.0,58000.0,BALANCED,-19.7748
2025-08-04,WEBL,WEBL,38000.0,29.64,0.0563,10821000.0,38000.0,0.0,1.2916,21000.0,96000.0,BALANCED,44.2893
2025-08-05,WEBL,WEBL,0.0,28.73,-0.0307,10821000.0,0.0,0.0,-0.4344,38000.0,73000.0,BALANCED,-0.8591
2025-08-06,WEBL,WEBL,18000.0,30.93,0.0766,10839000.0,18000.0,0.0,0.3437,56000.0,118000.0,BALANCED,20.5922
2025-08-07,WEBL,WEBL,32000.0,30.18,-0.0242,10871000.0,32000.0,0.0,0.9284,88000.0,142000.0,BALANCED,37.209
2025-08-08,WEBL,WEBL,41000.0,29.9,-0.0093,10912000.0,41000.0,0.0,1.2461,129000.0,183000.0,BALANCED,47.1527
2025-08-11,WEBL,WEBL,-26000.0,29.16,-0.0247,10886000.0,0.0,-26000.0,-1.9224,65000.0,157000.0,DISTRIBUTION,-40.0588
2025-08-12,WEBL,WEBL,6000.0,30.11,0.0326,10892000.0,6000.0,0.0,-0.0878,71000.0,157000.0,BALANCED,9.805
2025-08-13,WEBL,WEBL,12000.0,30.13,0.0007,10904000.0,12000.0,0.0,0.3004,65000.0,177000.0,BALANCED,21.5102
2025-08-14,WEBL,WEBL,-13000.0,29.98,-0.005,10891000.0,0.0,-13000.0,-1.1889,20000.0,153000.0,BALANCED,-21.7234
2025-08-15,WEBL,WEBL,-13000.0,30.32,0.0113,10878000.0,0.0,-13000.0,-1.1105,-34000.0,138000.0,BALANCED,-41.7613
2025-08-18,WEBL,WEBL,-8000.0,30.63,0.0102,10870000.0,0.0,-8000.0,-0.7801,-16000.0,130000.0,BALANCED,-35.5027
2025-08-19,WEBL,WEBL,-3000.0,29.39,-0.0405,10867000.0,0.0,-3000.0,-0.4316,-25000.0,119000.0,BALANCED,-28.7892
2025-08-20,WEBL,WEBL,17000.0,28.99,-0.0136,10884000.0,17000.0,0.0,0.7608,-20000.0,117000.0,BALANCED,11.0196
2025-08-21,WEBL,WEBL,-9000.0,28.79,-0.0069,10875000.0,0.0,-9000.0,-0.8993,-16000.0,89000.0,BALANCED,-34.4817
2025-08-22,WEBL,WEBL,-5000.0,30.31,0.0528,10870000.0,0.0,-5000.0,-0.6258,-8000.0,70000.0,BALANCED,-29.644
2025-08-25,WEBL,WEBL,10000.0,30.31,0.0,10880000.0,10000.0,0.0,0.3203,10000.0,80000.0,BALANCED,20.0086
2025-08-26,WEBL,WEBL,-13000.0,30.39,0.0026,10867000.0,0.0,-13000.0,-1.098,0.0,84000.0,BALANCED,-29.449
2025-08-27,WEBL,WEBL,10000.0,30.73,0.0112,10877000.0,10000.0,0.0,0.3184,-7000.0,94000.0,BALANCED,-0.0392
2025-08-28,WEBL,WEBL,0.0,32.19,0.0475,10877000.0,0.0,0.0,-0.2954,2000.0,94000.0,BALANCED,2.6152
2025-08-29,WEBL,WEBL,-17000.0,31.49,-0.0217,10860000.0,0.0,-17000.0,-1.2986,-10000.0,77000.0,BALANCED,-44.4645
2025-09-02,WEBL,WEBL,2000.0,30.64,-0.027,10862000.0,2000.0,0.0,-0.1279,-18000.0,41000.0,BALANCED,-11.1975
2025-09-03,WEBL,WEBL,-8000.0,31.83,0.0388,10854000.0,0.0,-8000.0,-0.7081,-13000.0,33000.0,BALANCED,-29.7024
2025-09-04,WEBL,WEBL,-70000.0,32.76,0.0292,10784000.0,0.0,-70000.0,-3.3858,-93000.0,-55000.0,DISTRIBUTION,-98.6445
2025-09-05,WEBL,WEBL,-29000.0,32.87,0.0034,10755000.0,0.0,-29000.0,-1.3181,-122000.0,-116000.0,BALANCED,-48.9528
2025-09-08,WEBL,WEBL,13000.0,33.28,0.0125,10768000.0,13000.0,0.0,0.6637,-92000.0,-144000.0,BALANCED,8.5931
2025-09-09,WEBL,WEBL,-0.0,34.41,0.034,10768000.0,-0.0,-0.0,0.0503,-94000.0,-118000.0,BALANCED,-8.7418
2025-09-10,WEBL,WEBL,30000.0,33.66,-0.0218,10798000.0,30000.0,0.0,1.3591,-56000.0,-94000.0,BALANCED,25.9766
2025-09-11,WEBL,WEBL,0.0,33.8,0.0042,10798000.0,0.0,0.0,-0.023,14000.0,-106000.0,BALANCED,9.4241
2025-09-12,WEBL,WEBL,-25000.0,32.48,-0.0391,10773000.0,0.0,-25000.0,-1.1111,18000.0,-118000.0,BALANCED,-19.7775
2025-09-15,WEBL,WEBL,0.0,33.89,0.0434,10773000.0,0.0,0.0,0.015,5000.0,-105000.0,BALANCED,10.3754
2025-09-16,WEBL,WEBL,29000.0,33.55,-0.01,10802000.0,29000.0,0.0,1.3643,34000.0,-68000.0,BALANCED,46.1084
2025-09-17,WEBL,WEBL,0.0,33.98,0.0128,10802000.0,0.0,0.0,0.0292,4000.0,-65000.0,BALANCED,10.729
2025-09-18,WEBL,WEBL,-56000.0,34.51,0.0156,10746000.0,0.0,-56000.0,-2.237,-52000.0,-138000.0,DISTRIBUTION,-67.926
2025-09-19,WEBL,WEBL,-22000.0,35.06,0.0159,10724000.0,0.0,-22000.0,-0.7458,-49000.0,-151000.0,BALANCED,-32.6456
2025-09-22,WEBL,WEBL,5000.0,34.78,-0.008,10729000.0,5000.0,0.0,0.5204,-44000.0,-141000.0,BALANCED,5.0105
2025-09-23,WEBL,WEBL,13000.0,33.61,-0.0336,10742000.0,13000.0,0.0,0.8372,-60000.0,-138000.0,BALANCED,14.9288
2025-09-24,WEBL,WEBL,11000.0,33.16,-0.0134,10753000.0,11000.0,0.0,0.7316,-49000.0,-114000.0,BALANCED,14.2893
2025-09-25,WEBL,WEBL,0.0,32.66,-0.0151,10753000.0,0.0,0.0,0.2379,7000.0,-124000.0,BALANCED,15.9471
2025-09-26,WEBL,WEBL,11000.0,32.96,0.0092,10764000.0,11000.0,0.0,0.7152,40000.0,-113000.0,BALANCED,29.8793
2025-09-29,WEBL,WEBL,29000.0,33.65,0.0209,10793000.0,29000.0,0.0,1.4423,64000.0,-67000.0,BALANCED,50.0586
2025-09-30,WEBL,WEBL,15000.0,32.3,-0.0401,10808000.0,15000.0,0.0,0.7659,66000.0,-54000.0,BALANCED,35.1473
2025-10-01,WEBL,WEBL,-12000.0,31.81,-0.0152,10796000.0,0.0,-12000.0,-0.4309,43000.0,-58000.0,BALANCED,-2.7723
2025-10-02,WEBL,WEBL,13000.0,32.35,0.017,10809000.0,13000.0,0.0,0.6967,56000.0,25000.0,BALANCED,29.4165
2025-10-03,WEBL,WEBL,-1000.0,31.56,-0.0244,10808000.0,0.0,-1000.0,0.0555,44000.0,53000.0,BALANCED,9.3879
2025-10-06,WEBL,WEBL,18000.0,32.74,0.0374,10826000.0,18000.0,0.0,0.8647,33000.0,58000.0,BALANCED,33.6177
2025-10-07,WEBL,WEBL,11000.0,31.95,-0.0241,10837000.0,11000.0,0.0,0.5518,29000.0,69000.0,BALANCED,27.796
2025-10-08,WEBL,WEBL,14000.0,33.34,0.0435,10851000.0,14000.0,0.0,0.6433,55000.0,53000.0,BALANCED,32.0824
2025-10-09,WEBL,WEBL,2000.0,33.68,0.0102,10853000.0,2000.0,0.0,0.1244,44000.0,55000.0,BALANCED,21.1097
2025-10-10,WEBL,WEBL,0.0,30.77,-0.0864,10853000.0,0.0,0.0,0.0355,45000.0,80000.0,BALANCED,10.8885
2025-10-13,WEBL,WEBL,15000.0,31.97,0.039,10868000.0,15000.0,0.0,0.6556,42000.0,95000.0,BALANCED,28.389
2025-10-14,WEBL,WEBL,-26000.0,31.61,-0.0113,10842000.0,0.0,-26000.0,-1.1026,5000.0,40000.0,BALANCED,-19.5653
2025-10-15,WEBL,WEBL,1000.0,31.93,0.0101,10843000.0,1000.0,0.0,0.0596,-8000.0,41000.0,BALANCED,-6.5103
2025-10-16,WEBL,WEBL,5000.0,31.02,-0.0285,10848000.0,5000.0,0.0,0.1525,-5000.0,102000.0,BALANCED,-2.1875
2025-10-17,WEBL,WEBL,-22000.0,31.22,0.0064,10826000.0,0.0,-22000.0,-1.3215,-27000.0,102000.0,BALANCED,-45.0384
2025-10-20,WEBL,WEBL,21000.0,32.8,0.0506,10847000.0,21000.0,0.0,0.9846,-21000.0,118000.0,BALANCED,16.6152
2025-10-21,WEBL,WEBL,0.0,33.43,0.0192,10847000.0,0.0,0.0,-0.1412,5000.0,105000.0,BALANCED,6.4708
2025-10-22,WEBL,WEBL,-0.0,31.3,-0.0637,10847000.0,-0.0,-0.0,-0.0911,4000.0,94000.0,BALANCED,7.7221
2025-10-23,WEBL,WEBL,17000.0,32.02,0.023,10864000.0,17000.0,0.0,0.8159,16000.0,111000.0,BALANCED,32.3968
2025-10-24,WEBL,WEBL,20000.0,32.6,0.0181,10884000.0,20000.0,0.0,0.9226,58000.0,120000.0,BALANCED,37.0647
2025-10-27,WEBL,WEBL,-6000.0,33.79,0.0365,10878000.0,0.0,-6000.0,-0.5354,31000.0,85000.0,BALANCED,-5.3842
2025-10-28,WEBL,WEBL,0.0,33.79,0.0,10878000.0,0.0,0.0,-0.1483,31000.0,70000.0,BALANCED,6.2931
2025-10-29,WEBL,WEBL,70000.0,33.78,-0.0003,10948000.0,70000.0,0.0,3.0945,101000.0,152000.0,ACCUMULATION,89.363
2025-10-30,WEBL,WEBL,-32000.0,31.26,-0.0746,10916000.0,0.0,-32000.0,-1.9812,52000.0,107000.0,DISTRIBUTION,-41.5291
2025-10-31,WEBL,WEBL,0.0,33.05,0.0573,10916000.0,0.0,0.0,-0.3493,32000.0,108000.0,BALANCED,1.2664
2025-11-03,WEBL,WEBL,22000.0,33.05,0.0,10938000.0,22000.0,0.0,0.811,60000.0,112000.0,BALANCED,32.2748
2025-11-04,WEBL,WEBL,-43000.0,30.64,-0.0729,10895000.0,0.0,-43000.0,-2.3336,17000.0,58000.0,DISTRIBUTION,-50.34
2025-11-05,WEBL,WEBL,-42000.0,30.45,-0.0062,10853000.0,0.0,-42000.0,-2.0336,-95000.0,2000.0,DISTRIBUTION,-64.8411
2025-11-06,WEBL,WEBL,-42000.0,28.53,-0.0631,10811000.0,0.0,-42000.0,-1.8477,-105000.0,-42000.0,DISTRIBUTION,-62.1919
2025-11-07,WEBL,WEBL,-46000.0,29.09,0.0196,10765000.0,0.0,-46000.0,-1.8224,-151000.0,-88000.0,DISTRIBUTION,-63.5607
2025-11-10,WEBL,WEBL,1000.0,30.56,0.0505,10766000.0,1000.0,0.0,0.077,-172000.0,-102000.0,BALANCED,-6.074
2025-11-11,WEBL,WEBL,-2000.0,30.63,0.0023,10764000.0,0.0,-2000.0,-0.0218,-131000.0,-78000.0,BALANCED,-12.5447
2025-11-12,WEBL,WEBL,10000.0,30.16,-0.0153,10774000.0,10000.0,0.0,0.4384,-79000.0,-69000.0,BALANCED,2.9604
2025-11-13,WEBL,WEBL,1000.0,28.35,-0.06,10775000.0,1000.0,0.0,0.0876,-36000.0,-73000.0,BALANCED,-3.8095
2025-11-14,WEBL,WEBL,16000.0,28.0,-0.0123,10791000.0,16000.0,0.0,0.6749,26000.0,-35000.0,BALANCED,32.8718
2025-11-17,WEBL,WEBL,-17000.0,26.97,-0.0368,10774000.0,0.0,-17000.0,-0.624,8000.0,-73000.0,BALANCED,-7.5995
2025-11-18,WEBL,WEBL,0.0,26.39,-0.0215,10774000.0,0.0,0.0,0.0862,10000.0,-73000.0,BALANCED,12.1559
2025-11-19,WEBL,WEBL,-28000.0,25.93,-0.0174,10746000.0,0.0,-28000.0,-0.9959,-28000.0,-101000.0,BALANCED,-36.8985
2025-11-20,WEBL,WEBL,-18000.0,23.83,-0.081,10728000.0,0.0,-18000.0,-0.5597,-47000.0,-136000.0,BALANCED,-27.992
2025-11-21,WEBL,WEBL,-70000.0,24.31,0.0201,10658000.0,0.0,-70000.0,-2.3123,-133000.0,-226000.0,DISTRIBUTION,-73.8087
2025-11-24,WEBL,WEBL,7000.0,25.91,0.0658,10665000.0,7000.0,0.0,0.5046,-109000.0,-213000.0,BALANCED,4.6144
2025-11-25,WEBL,WEBL,-16000.0,27.25,0.0517,10649000.0,0.0,-16000.0,-0.353,-125000.0,-229000.0,BALANCED,-20.825
2025-11-26,WEBL,WEBL,-1000.0,26.98,-0.0099,10648000.0,0.0,-1000.0,0.2031,-98000.0,-300000.0,BALANCED,-8.9233
2025-11-28,WEBL,WEBL,11000.0,27.93,0.0352,10659000.0,11000.0,0.0,0.6362,-69000.0,-257000.0,BALANCED,7.9041
2025-12-01,WEBL,WEBL,-22000.0,27.71,-0.0079,10637000.0,0.0,-22000.0,-0.5773,-21000.0,-279000.0,BALANCED,-26.4332
2025-12-02,WEBL,WEBL,12000.0,28.36,0.0235,10649000.0,12000.0,0.0,0.6907,-16000.0,-289000.0,BALANCED,9.2663
2025-12-03,WEBL,WEBL,6000.0,28.33,-0.0011,10655000.0,6000.0,0.0,0.4592,6000.0,-240000.0,BALANCED,25.4798
2025-12-04,WEBL,WEBL,0.0,28.31,-0.0007,10655000.0,0.0,0.0,0.237,7000.0,-198000.0,BALANCED,15.9251
2025-12-05,WEBL,WEBL,20000.0,28.7,0.0138,10675000.0,20000.0,0.0,0.9705,16000.0,-136000.0,BALANCED,36.2629
2025-12-08,WEBL,WEBL,6000.0,28.54,-0.0056,10681000.0,6000.0,0.0,0.4773,44000.0,-84000.0,BALANCED,25.932
2025-12-09,WEBL,WEBL,0.0,28.85,0.0109,10681000.0,0.0,0.0,0.2452,32000.0,-85000.0,BALANCED,16.1309
2025-12-10,WEBL,WEBL,0.0,28.87,0.0007,10681000.0,0.0,0.0,0.2452,26000.0,-83000.0,BALANCED,16.1309
2025-12-11,WEBL,WEBL,0.0,28.82,-0.0017,10681000.0,0.0,0.0,0.3938,26000.0,-93000.0,BALANCED,19.8456
2025-12-12,WEBL,WEBL,5000.0,27.69,-0.0392,10686000.0,5000.0,0.0,0.5679,11000.0,-89000.0,BALANCED,26.1987
2025-12-15,WEBL,WEBL,-6000.0,26.97,-0.026,10680000.0,0.0,-6000.0,0.0839,-1000.0,-111000.0,BALANCED,-9.9034
2025-12-16,WEBL,WEBL,-14000.0,27.11,0.0052,10666000.0,0.0,-14000.0,-0.2289,-15000.0,-108000.0,BALANCED,-19.7227
2025-12-17,WEBL,WEBL,0.0,26.1,-0.0373,10666000.0,0.0,0.0,0.3701,-15000.0,-108000.0,BALANCED,-0.7485
2025-12-18,WEBL,WEBL,-13000.0,27.1,0.0383,10653000.0,0.0,-13000.0,-0.3229,-28000.0,-93000.0,BALANCED,-20.0717
2025-12-19,WEBL,WEBL,12000.0,27.79,0.0255,10665000.0,12000.0,0.0,0.9011,-21000.0,-63000.0,BALANCED,14.5263
2025-12-22,WEBL,WEBL,-18000.0,28.11,0.0115,10647000.0,0.0,-18000.0,-0.8161,-33000.0,-11000.0,BALANCED,-32.4024
2025-12-23,WEBL,WEBL,0.0,28.18,0.0025,10647000.0,0.0,0.0,0.2303,-19000.0,-18000.0,BALANCED,-4.2437
2025-12-24,WEBL,WEBL,6000.0,28.25,0.0025,10653000.0,6000.0,0.0,0.56,-13000.0,4000.0,BALANCED,6.0005
2025-12-26,WEBL,WEBL,2000.0,28.38,0.0046,10655000.0,2000.0,0.0,0.3476,2000.0,7000.0,BALANCED,22.6909
2025-12-29,WEBL,WEBL,-12000.0,28.11,-0.0095,10643000.0,0.0,-12000.0,-0.4419,-22000.0,-16000.0,BALANCED,-23.0479
2025-12-30,WEBL,WEBL,7000.0,28.04,-0.0025,10650000.0,7000.0,0.0,0.6921,3000.0,13000.0,BALANCED,29.3018
2025-12-31,WEBL,WEBL,-5000.0,27.36,-0.0243,10645000.0,0.0,-5000.0,-0.0418,-2000.0,-4000.0,BALANCED,-13.045
2026-01-02,WEBL,WEBL,-23000.0,26.26,-0.0402,10622000.0,0.0,-23000.0,-1.0508,-31000.0,-33000.0,BALANCED,-40.2711
2026-01-05,WEBL,WEBL,0.0,27.36,0.0419,10622000.0,0.0,0.0,0.2501,-33000.0,-33000.0,BALANCED,-3.747
2026-01-06,WEBL,WEBL,0.0,27.91,0.0201,10622000.0,0.0,0.0,0.2164,-21000.0,-53000.0,BALANCED,-4.5908
2026-01-07,WEBL,WEBL,4000.0,28.11,0.0072,10626000.0,4000.0,0.0,0.4831,-24000.0,-55000.0,BALANCED,4.0774
2026-01-08,WEBL,WEBL,9000.0,27.2,-0.0324,10635000.0,9000.0,0.0,0.9481,-10000.0,-46000.0,BALANCED,17.7032
2026-01-09,WEBL,WEBL,-1000.0,27.12,-0.0029,10634000.0,0.0,-1000.0,-0.0492,12000.0,-47000.0,BALANCED,6.7697
2026-01-12,WEBL,WEBL,-4000.0,27.17,0.0018,10630000.0,0.0,-4000.0,-0.334,8000.0,-51000.0,BALANCED,-2.3499
2026-01-13,WEBL,WEBL,-8000.0,26.91,-0.0096,10622000.0,0.0,-8000.0,-0.6751,0.0,-64000.0,BALANCED,-22.8778
2026-01-14,WEBL,WEBL,-32000.0,25.52,-0.0517,10590000.0,0.0,-32000.0,-2.8002,-36000.0,-90000.0,DISTRIBUTION,-88.006
2026-01-15,WEBL,WEBL,7000.0,25.63,0.0043,10597000.0,7000.0,0.0,0.817,-38000.0,-69000.0,BALANCED,12.4245
2026-01-16,WEBL,WEBL,-8000.0,24.95,-0.0265,10589000.0,0.0,-8000.0,-0.5448,-45000.0,-77000.0,BALANCED,-25.6201
2026-01-20,WEBL,WEBL,-52000.0,23.26,-0.0677,10537000.0,0.0,-52000.0,-3.437,-93000.0,-116000.0,DISTRIBUTION,-99.9251
2026-01-21,WEBL,WEBL,-42000.0,23.55,0.0125,10495000.0,0.0,-42000.0,-2.4195,-127000.0,-170000.0,DISTRIBUTION,-76.4887
2026-01-22,WEBL,WEBL,-38000.0,24.88,0.0565,10457000.0,0.0,-38000.0,-1.933,-133000.0,-190000.0,DISTRIBUTION,-66.3259
2026-01-23,WEBL,WEBL,-25000.0,25.04,0.0064,10432000.0,0.0,-25000.0,-1.0408,-165000.0,-215000.0,BALANCED,-46.0197
2026-01-26,WEBL,WEBL,34000.0,26.18,0.0455,10466000.0,34000.0,0.0,2.3178,-123000.0,-187000.0,ACCUMULATION,49.9452
2026-01-27,WEBL,WEBL,19000.0,26.7,0.0199,10485000.0,19000.0,0.0,1.3911,-52000.0,-170000.0,BALANCED,28.7785
2026-01-28,WEBL,WEBL,0.0,26.21,-0.0184,10485000.0,0.0,0.0,0.3668,-10000.0,-158000.0,BALANCED,-0.8312
2026-01-29,WEBL,WEBL,82000.0,25.83,-0.0145,10567000.0,82000.0,0.0,3.5128,110000.0,-83000.0,ACCUMULATION,99.8199
2026-01-30,WEBL,WEBL,2000.0,24.5,-0.0515,10569000.0,2000.0,0.0,0.2148,137000.0,-76000.0,BALANCED,19.3711
2026-02-02,WEBL,WEBL,-4000.0,24.86,0.0147,10565000.0,0.0,-4000.0,-0.026,99000.0,-57000.0,BALANCED,7.3498
2026-02-03,WEBL,WEBL,-95000.0,22.4,-0.099,10470000.0,0.0,-95000.0,-3.0112,-15000.0,-152000.0,DISTRIBUTION,-89.2802
2026-02-04,WEBL,WEBL,0.0,21.08,-0.0589,10470000.0,0.0,0.0,0.2215,-15000.0,-152000.0,BALANCED,-4.4634
2026-02-05,WEBL,WEBL,-39000.0,19.77,-0.0621,10431000.0,0.0,-39000.0,-1.0643,-136000.0,-195000.0,BALANCED,-38.6068
2026-02-06,WEBL,WEBL,-78000.0,20.3,0.0268,10353000.0,0.0,-78000.0,-2.0979,-216000.0,-282000.0,DISTRIBUTION,-66.4465
2026-02-09,WEBL,WEBL,-54000.0,20.9,0.0296,10299000.0,0.0,-54000.0,-1.2658,-266000.0,-335000.0,BALANCED,-47.6448
2026-02-10,WEBL,WEBL,-32000.0,20.95,0.0024,10267000.0,0.0,-32000.0,-0.5703,-203000.0,-363000.0,BALANCED,-32.2581
2026-02-11,WEBL,WEBL,-31000.0,19.6,-0.0644,10236000.0,0.0,-31000.0,-0.519,-234000.0,-386000.0,BALANCED,-32.9741
2026-02-12,WEBL,WEBL,42000.0,17.58,-0.1031,10278000.0,42000.0,0.0,1.5581,-153000.0,-312000.0,ACCUMULATION,30.9536
2026-02-13,WEBL,WEBL,0.0,18.02,0.025,10278000.0,0.0,0.0,0.3499,-75000.0,-319000.0,BALANCED,-1.2523
2026-02-17,WEBL,WEBL,9000.0,17.84,-0.01,10287000.0,9000.0,0.0,0.5744,-12000.0,-302000.0,BALANCED,6.3597
2026-02-18,WEBL,WEBL,-41000.0,18.44,0.0336,10246000.0,0.0,-41000.0,-0.8029,-21000.0,-291000.0,BALANCED,-32.0716
2026-02-19,WEBL,WEBL,0.0,18.17,-0.0146,10246000.0,0.0,0.0,0.3535,10000.0,-249000.0,BALANCED,18.8372
2026-02-20,WEBL,WEBL,23000.0,18.32,0.0083,10269000.0,23000.0,0.0,0.9714,-9000.0,-188000.0,BALANCED,16.2844
2026-02-23,WEBL,WEBL,-85000.0,16.59,-0.0944,10184000.0,0.0,-85000.0,-1.8375,-94000.0,-248000.0,DISTRIBUTION,-57.937
2026-02-24,WEBL,WEBL,6000.0,17.41,0.0494,10190000.0,6000.0,0.0,0.5447,-97000.0,-276000.0,BALANCED,5.6169
2026-02-25,WEBL,WEBL,26000.0,18.62,0.0695,10216000.0,26000.0,0.0,1.024,-30000.0,-269000.0,BALANCED,19.6001
2026-02-26,WEBL,WEBL,0.0,19.09,0.0252,10216000.0,0.0,0.0,0.3476,-30000.0,-269000.0,BALANCED,-1.3104
2026-02-27,WEBL,WEBL,45000.0,19.36,0.0141,10261000.0,45000.0,0.0,1.3924,-8000.0,-306000.0,BALANCED,26.8104
2026-03-02,WEBL,WEBL,37000.0,19.17,-0.0098,10298000.0,37000.0,0.0,1.1449,114000.0,-271000.0,BALANCED,42.6235
2026-03-03,WEBL,WEBL,175000.0,19.09,-0.0042,10473000.0,175000.0,0.0,3.366,283000.0,-92000.0,ACCUMULATION,100.0
2026-03-04,WEBL,WEBL,-101000.0,20.2,0.0581,10372000.0,0.0,-101000.0,-1.7246,156000.0,-98000.0,DISTRIBUTION,-35.1141
2026-03-05,WEBL,WEBL,-75000.0,20.77,0.0282,10297000.0,0.0,-75000.0,-1.2118,81000.0,-173000.0,BALANCED,-24.2956
2026-03-06,WEBL,WEBL,-14000.0,20.02,-0.0361,10283000.0,0.0,-14000.0,-0.146,22000.0,-148000.0,BALANCED,0.3492
2026-03-09,WEBL,WEBL,-20000.0,20.2,0.009,10263000.0,0.0,-20000.0,-0.2561,-35000.0,-90000.0,BALANCED,-24.4021
2026-03-10,WEBL,WEBL,49000.0,19.85,-0.0173,10312000.0,49000.0,0.0,0.9576,-161000.0,13000.0,BALANCED,15.9393
2026-03-11,WEBL,WEBL,-9000.0,19.79,-0.003,10303000.0,0.0,-9000.0,-0.0521,-69000.0,36000.0,BALANCED,-13.3014
2026-03-12,WEBL,WEBL,0.0,18.71,-0.0546,10303000.0,0.0,0.0,0.1077,6000.0,67000.0,BALANCED,12.6915
2026-03-13,WEBL,WEBL,27000.0,18.49,-0.0118,10330000.0,27000.0,0.0,0.6434,47000.0,52000.0,BALANCED,28.0854
2026-03-16,WEBL,WEBL,-17000.0,19.2,0.0384,10313000.0,0.0,-17000.0,-0.1561,50000.0,35000.0,BALANCED,4.0971
2026-03-17,WEBL,WEBL,-28000.0,19.56,0.0187,10285000.0,0.0,-28000.0,-0.3435,-27000.0,-2000.0,BALANCED,-22.5878
2026-03-18,WEBL,WEBL,-14000.0,19.12,-0.0225,10271000.0,0.0,-14000.0,-0.142,-32000.0,25000.0,BALANCED,-19.5488
2026-03-19,WEBL,WEBL,67000.0,18.79,-0.0173,10338000.0,67000.0,0.0,1.332,35000.0,92000.0,BALANCED,45.3
2026-03-20,WEBL,WEBL,-24000.0,17.87,-0.049,10314000.0,0.0,-24000.0,-0.3768,-16000.0,45000.0,BALANCED,-21.4209
2026-03-23,WEBL,WEBL,-58000.0,18.92,0.0588,10256000.0,0.0,-58000.0,-1.0432,-57000.0,72000.0,BALANCED,-40.0797
2026-03-24,WEBL,WEBL,0.0,17.53,-0.0735,10256000.0,0.0,0.0,0.0278,-29000.0,66000.0,BALANCED,-9.3058
2026-03-25,WEBL,WEBL,-53000.0,18.03,0.0285,10203000.0,0.0,-53000.0,-0.9747,-68000.0,-13000.0,BALANCED,-36.3684
2026-03-26,WEBL,WEBL,-34000.0,16.85,-0.0654,10169000.0,0.0,-34000.0,-0.608,-169000.0,-47000.0,BALANCED,-29.2007
2026-03-27,WEBL,WEBL,-47000.0,15.38,-0.0872,10122000.0,0.0,-47000.0,-0.8012,-192000.0,-139000.0,BALANCED,-36.0292
2026-03-30,WEBL,WEBL,-10000.0,15.22,-0.0104,10112000.0,0.0,-10000.0,-0.0856,-144000.0,-186000.0,BALANCED,-20.1404
2026-03-31,WEBL,WEBL,-20000.0,16.82,0.1051,10092000.0,0.0,-20000.0,-0.2588,-164000.0,-381000.0,BALANCED,-26.4703
2026-04-01,WEBL,WEBL,-48000.0,17.24,0.025,10044000.0,0.0,-48000.0,-0.7885,-159000.0,-328000.0,BALANCED,-41.7122
2026-04-02,WEBL,WEBL,-59000.0,17.88,0.0371,9985000.0,0.0,-59000.0,-0.9459,-184000.0,-312000.0,BALANCED,-47.6477
2026-04-06,WEBL,WEBL,58000.0,18.05,0.0095,10043000.0,58000.0,0.0,1.2076,-79000.0,-240000.0,BALANCED,22.1893
2026-04-07,WEBL,WEBL,86000.0,18.3,0.0139,10129000.0,86000.0,0.0,1.602,17000.0,-134000.0,ACCUMULATION,54.0488
2026-04-08,WEBL,WEBL,33000.0,19.65,0.0738,10162000.0,33000.0,0.0,0.6149,70000.0,-150000.0,BALANCED,31.3733
2026-04-09,WEBL,WEBL,-37000.0,19.22,-0.0219,10125000.0,0.0,-37000.0,-0.614,81000.0,-178000.0,BALANCED,-7.3499
2026-04-10,WEBL,WEBL,10000.0,18.67,-0.0286,10135000.0,10000.0,0.0,0.2294,150000.0,-168000.0,BALANCED,17.7342
2026-04-13,WEBL,WEBL,142000.0,20.02,0.0723,10277000.0,142000.0,0.0,2.3262,234000.0,-53000.0,ACCUMULATION,72.154
2026-04-14,WEBL,WEBL,45000.0,21.09,0.0534,10322000.0,45000.0,0.0,0.7246,193000.0,9000.0,BALANCED,34.1153
2026-04-15,WEBL,WEBL,126000.0,22.5,0.0669,10448000.0,126000.0,0.0,2.2379,286000.0,163000.0,ACCUMULATION,73.9469
2026-04-16,WEBL,WEBL,0.0,23.12,0.0276,10448000.0,0.0,0.0,-0.0474,323000.0,177000.0,BALANCED,8.8146
2026-04-17,WEBL,WEBL,66000.0,23.48,0.0156,10514000.0,66000.0,0.0,1.118,379000.0,176000.0,BALANCED,39.9488
2026-04-20,WEBL,WEBL,0.0,23.82,0.0145,10514000.0,0.0,0.0,-0.1469,237000.0,200000.0,BALANCED,6.3287
2026-04-21,WEBL,WEBL,65000.0,23.75,-0.0029,10579000.0,65000.0,0.0,1.0243,257000.0,323000.0,BALANCED,37.6067
2026-04-22,WEBL,WEBL,-50000.0,24.2,0.0189,10529000.0,0.0,-50000.0,-1.0643,81000.0,273000.0,BALANCED,-18.6077
2026-04-23,WEBL,WEBL,2000.0,22.74,-0.0603,10531000.0,2000.0,0.0,-0.1043,83000.0,328000.0,BALANCED,9.3928
2026-04-24,WEBL,WEBL,-38000.0,23.55,0.0356,10493000.0,0.0,-38000.0,-0.816,-21000.0,324000.0,BALANCED,-32.4007
2026-04-27,WEBL,WEBL,0.0,23.4,-0.0064,10493000.0,0.0,0.0,-0.1003,-21000.0,371000.0,BALANCED,-12.5063
2026-04-28,WEBL,WEBL,-20000.0,22.66,-0.0316,10473000.0,0.0,-20000.0,-0.467,-106000.0,361000.0,BALANCED,-23.6759
2026-04-29,WEBL,WEBL,-21000.0,23.29,0.0278,10452000.0,0.0,-21000.0,-0.491,-77000.0,360000.0,BALANCED,-26.2745
2026-04-30,WEBL,WEBL,-31000.0,23.51,0.0094,10421000.0,0.0,-31000.0,-0.6616,-110000.0,377000.0,BALANCED,-32.5412
2026-05-01,WEBL,WEBL,31000.0,24.28,0.0328,10452000.0,31000.0,0.0,0.5095,-41000.0,467000.0,BALANCED,4.7383
2026-05-04,WEBL,WEBL,-1000.0,24.68,0.0165,10451000.0,0.0,-1000.0,-0.1048,-42000.0,408000.0,BALANCED,-14.6192
2026-05-05,WEBL,WEBL,54000.0,24.71,0.0012,10505000.0,54000.0,0.0,0.8702,32000.0,376000.0,BALANCED,33.7547
2026-05-06,WEBL,WEBL,0.0,24.49,-0.0089,10505000.0,0.0,0.0,-0.158,53000.0,343000.0,BALANCED,6.0489
2026-05-07,WEBL,WEBL,-29000.0,25.31,0.0335,10476000.0,0.0,-29000.0,-0.7365,55000.0,351000.0,BALANCED,-10.4135
2026-05-08,WEBL,WEBL,-1000.0,24.63,-0.0269,10475000.0,0.0,-1000.0,-0.2191,23000.0,340000.0,BALANCED,0.5235
2026-05-11,WEBL,WEBL,0.0,23.55,-0.0438,10475000.0,0.0,0.0,-0.2352,24000.0,198000.0,BALANCED,4.1193
2026-05-12,WEBL,WEBL,-21000.0,23.33,-0.0093,10454000.0,0.0,-21000.0,-0.6451,-51000.0,132000.0,BALANCED,-28.1266
2026-05-13,WEBL,WEBL,-1000.0,23.8,0.0201,10453000.0,0.0,-1000.0,-0.261,-52000.0,5000.0,BALANCED,-20.5249
2026-05-14,WEBL,WEBL,0.0,24.76,0.0403,10453000.0,0.0,0.0,-0.2799,-23000.0,5000.0,BALANCED,-16.9985
2026-05-15,WEBL,WEBL,-23000.0,24.71,-0.002,10430000.0,0.0,-23000.0,-0.8003,-45000.0,-84000.0,BALANCED,-32.0084
2026-05-18,WEBL,WEBL,-9000.0,25.32,0.0247,10421000.0,0.0,-9000.0,-0.4621,-54000.0,-93000.0,BALANCED,-25.5528
2026-05-19,WEBL,WEBL,13000.0,24.49,-0.0328,10434000.0,13000.0,0.0,0.0635,-20000.0,-145000.0,BALANCED,-6.4133
2026-05-20,WEBL,WEBL,-25000.0,24.96,0.0192,10409000.0,0.0,-25000.0,-0.7406,-44000.0,-120000.0,BALANCED,-30.5147
2026-05-21,WEBL,WEBL,0.0,25.6,0.0256,10409000.0,0.0,0.0,-0.2147,-44000.0,-122000.0,BALANCED,-15.3678
2026-05-22,WEBL,WEBL,-31000.0,26.22,0.0242,10378000.0,0.0,-31000.0,-0.8746,-52000.0,-115000.0,BALANCED,-33.8661
2026-05-26,WEBL,WEBL,0.0,26.17,-0.0019,10378000.0,0.0,0.0,-0.0913,-43000.0,-115000.0,BALANCED,-12.2829
2026-05-27,WEBL,WEBL,11000.0,26.35,0.0069,10389000.0,11000.0,0.0,0.2431,-45000.0,-84000.0,BALANCED,-1.9218
2026-05-28,WEBL,WEBL,-48000.0,27.63,0.0486,10341000.0,0.0,-48000.0,-1.5477,-68000.0,-111000.0,DISTRIBUTION,-50.6934
2026-05-29,WEBL,WEBL,0.0,28.93,0.0471,10341000.0,0.0,0.0,0.1242,-68000.0,-80000.0,BALANCED,-6.8941
2026-06-01,WEBL,WEBL,0.0,30.95,0.0698,10341000.0,0.0,0.0,0.2257,-37000.0,-111000.0,BALANCED,-4.3572
2026-06-02,WEBL,WEBL,47000.0,29.74,-0.0391,10388000.0,47000.0,0.0,1.8757,10000.0,-63000.0,ACCUMULATION,58.8936
2026-06-03,WEBL,WEBL,22000.0,27.97,-0.0595,10410000.0,22000.0,0.0,1.1267,21000.0,-95000.0,BALANCED,42.1684
2026-06-04,WEBL,WEBL,0.0,28.13,0.0057,10410000.0,0.0,0.0,0.172,69000.0,-95000.0,BALANCED,14.3001
2026-06-05,WEBL,WEBL,10000.0,25.4,-0.097,10420000.0,10000.0,0.0,0.5911,79000.0,-56000.0,BALANCED,26.7765
2026-06-08,WEBL,WEBL,-32000.0,25.07,-0.013,10388000.0,0.0,-32000.0,-1.2447,47000.0,-87000.0,BALANCED,-23.118
2026-06-09,WEBL,WEBL,-84000.0,24.21,-0.0343,10304000.0,0.0,-84000.0,-2.8579,-84000.0,-171000.0,DISTRIBUTION,-85.4472
2026-06-10,WEBL,WEBL,0.0,22.9,-0.0541,10304000.0,0.0,0.0,0.208,-106000.0,-150000.0,BALANCED,-4.8004
2026-06-11,WEBL,WEBL,-65000.0,23.49,0.0258,10239000.0,0.0,-65000.0,-1.9921,-171000.0,-214000.0,DISTRIBUTION,-61.8019
2026-06-12,WEBL,WEBL,27000.0,23.28,-0.0089,10266000.0,27000.0,0.0,1.096,-154000.0,-187000.0,BALANCED,19.4009
2026-06-15,WEBL,WEBL,67000.0,25.09,0.0777,10333000.0,67000.0,0.0,2.2506,-55000.0,-97000.0,ACCUMULATION,50.2644
2026-06-16,WEBL,WEBL,0.0,24.93,-0.0064,10333000.0,0.0,0.0,0.1247,29000.0,-88000.0,BALANCED,13.1181
2026-06-17,WEBL,WEBL,-98000.0,22.74,-0.0878,10235000.0,0.0,-98000.0,-2.6161,-69000.0,-199000.0,DISTRIBUTION,-77.4022
2026-06-18,WEBL,WEBL,-56000.0,23.46,0.0317,10179000.0,0.0,-56000.0,-1.2884,-60000.0,-230000.0,BALANCED,-46.2098
2026-06-22,WEBL,WEBL,-103000.0,21.92,-0.0656,10076000.0,0.0,-103000.0,-2.3135,-190000.0,-333000.0,DISTRIBUTION,-73.8366
2026-06-23,WEBL,WEBL,-54000.0,21.54,-0.0173,10022000.0,0.0,-54000.0,-0.9878,-311000.0,-356000.0,BALANCED,-42.6953
2026-06-24,WEBL,WEBL,-94000.0,21.6,0.0028,9928000.0,0.0,-94000.0,-1.8125,-405000.0,-450000.0,DISTRIBUTION,-65.3126
2026-06-25,WEBL,WEBL,9000.0,20.77,-0.0384,9937000.0,9000.0,0.0,0.6232,-298000.0,-452000.0,BALANCED,7.5811
2026-06-26,WEBL,WEBL,-37000.0,21.49,0.0347,9900000.0,0.0,-37000.0,-0.4407,-279000.0,-441000.0,BALANCED,-23.0185
2026-06-29,WEBL,WEBL,-151000.0,22.9,0.0656,9749000.0,0.0,-151000.0,-2.6349,-327000.0,-592000.0,DISTRIBUTION,-79.8731
2026-06-30,WEBL,WEBL,-11000.0,22.98,0.0035,9738000.0,0.0,-11000.0,0.249,-284000.0,-603000.0,BALANCED,-9.7743
2026-07-01,WEBL,WEBL,42000.0,24.27,0.0561,9780000.0,42000.0,0.0,1.2714,-148000.0,-608000.0,BALANCED,23.785
2026-07-02,WEBL,WEBL,0.0,23.56,-0.0293,9780000.0,0.0,0.0,0.4396,-157000.0,-630000.0,BALANCED,0.9908
2026-07-06,WEBL,WEBL,-2000.0,24.49,0.0395,9778000.0,0.0,-2000.0,0.3829,-122000.0,-632000.0,BALANCED,-2.4285
2026-07-07,WEBL,WEBL,-3000.0,24.79,0.0122,9775000.0,0.0,-3000.0,0.3651,26000.0,-645000.0,BALANCED,15.1264
2026-07-08,WEBL,WEBL,0.0,24.59,-0.0081,9775000.0,0.0,0.0,0.4038,37000.0,-613000.0,BALANCED,20.0939
2026-07-09,WEBL,WEBL,24000.0,25.87,0.0521,9799000.0,24000.0,0.0,0.8607,19000.0,-505000.0,BALANCED,33.518
2026-07-10,WEBL,WEBL,45000.0,26.02,0.0058,9844000.0,45000.0,0.0,1.2293,64000.0,-460000.0,BALANCED,44.7324
2026-07-13,WEBL,WEBL,-5000.0,25.58,-0.0169,9839000.0,0.0,-5000.0,0.2295,61000.0,-400000.0,BALANCED,13.7378
2026-07-14,WEBL,WEBL,-2000.0,25.77,0.0074,9837000.0,0.0,-2000.0,0.2896,62000.0,-429000.0,BALANCED,13.2405
2026-07-15,WEBL,WEBL,0.0,26.24,0.0182,9837000.0,0.0,0.0,0.3288,62000.0,-496000.0,BALANCED,18.219
2026-07-16,WEBL,WEBL,-19000.0,25.1,-0.0434,9818000.0,0.0,-19000.0,0.0,19000.0,-515000.0,BALANCED,8.0
2026-07-17,WEBL,WEBL,11000.0,24.21,-0.0355,9829000.0,11000.0,0.0,0.6149,-15000.0,-406000.0,BALANCED,7.3718
2026-07-20,WEBL,WEBL,-10000.0,24.37,0.0066,9819000.0,0.0,-10000.0,0.1968,-20000.0,-360000.0,BALANCED,-7.0797
2026-07-21,WEBL,WEBL,-19000.0,24.16,-0.0086,9800000.0,0.0,-19000.0,0.034,-37000.0,-276000.0,BALANCED,-13.1491
2026-07-22,WEBL,WEBL,-37000.0,22.82,-0.0555,9763000.0,0.0,-37000.0,-0.3298,-74000.0,-259000.0,BALANCED,-24.2459
2026-07-23,WEBL,WEBL,0.0,21.04,-0.078,9763000.0,0.0,0.0,0.3784,-55000.0,-165000.0,BALANCED,-0.5411
2026-07-24,WEBL,WEBL,-19000.0,21.34,0.0143,9744000.0,0.0,-19000.0,-0.007,-85000.0,-193000.0,BALANCED,-12.1753
2026-07-27,WEBL,WEBL,0.0,22.54,0.0562,9744000.0,0.0,0.0,0.3523,-75000.0,-156000.0,BALANCED,-1.1919
2026-07-28,WEBL,WEBL,-19000.0,23.54,0.0444,9725000.0,0.0,-19000.0,-0.021,-75000.0,-24000.0,BALANCED,-12.5242
2026-07-29,WEBL,WEBL,8000.0,23.4,-0.0059,9733000.0,8000.0,0.0,0.6431,-30000.0,-5000.0,BALANCED,8.0769
2026-07-30,WEBL,WEBL,23000.0,23.45,0.0021,9756000.0,23000.0,0.0,0.9576,-7000.0,-24000.0,BALANCED,17.9397
2026-07-31,WEBL,WEBL,0.0,25.22,0.0755,9756000.0,0.0,0.0,0.3836,12000.0,-24000.0,BALANCED,19.5888
2026-08-03,WEBL,WEBL,87000.0,27.52,0.0912,9843000.0,87000.0,0.0,2.1851,99000.0,65000.0,ACCUMULATION,66.6264
2026-08-04,WEBL,WEBL,-14000.0,28.98,0.0531,9829000.0,0.0,-14000.0,-0.139,104000.0,54000.0,BALANCED,4.5242
2026-08-05,WEBL,WEBL,44000.0,28.81,-0.0059,9873000.0,44000.0,0.0,1.1769,140000.0,98000.0,BALANCED,41.4222
2026-08-06,WEBL,WEBL,0.0,27.67,-0.0396,9873000.0,0.0,0.0,0.0482,117000.0,74000.0,BALANCED,11.2043
2026-08-07,WEBL,WEBL,1000.0,29.37,0.0614,9874000.0,1000.0,0.0,0.0816,118000.0,30000.0,BALANCED,14.039
2026-08-10,WEBL,WEBL,0.0,30.47,0.0375,9874000.0,0.0,0.0,0.0232,31000.0,35000.0,BALANCED,10.5788
2026-08-11,WEBL,WEBL,22000.0,29.61,-0.0282,9896000.0,22000.0,0.0,0.6937,67000.0,59000.0,BALANCED,29.343
2026-08-12,WEBL,WEBL,5000.0,29.89,0.0095,9901000.0,5000.0,0.0,-0.0177,28000.0,64000.0,BALANCED,13.5572
2026-08-13,WEBL,WEBL,0.0,31.12,0.0412,9901000.0,0.0,0.0,-0.1718,28000.0,83000.0,BALANCED,5.7062
2026-08-14,WEBL,WEBL,24000.0,29.86,-0.0405,9925000.0,24000.0,0.0,0.8071,51000.0,96000.0,BALANCED,32.1765
2026-08-17,WEBL,WEBL,21000.0,28.47,-0.0466,9946000.0,21000.0,0.0,0.6446,72000.0,127000.0,BALANCED,30.1146
2026-08-18,WEBL,WEBL,-9000.0,27.51,-0.0337,9937000.0,0.0,-9000.0,-0.6002,41000.0,137000.0,BALANCED,-7.0058
2026-08-19,WEBL,WEBL,0.0,28.27,0.0276,9937000.0,0.0,0.0,-0.2251,36000.0,174000.0,BALANCED,4.3728
2026-08-20,WEBL,WEBL,-13000.0,27.55,-0.0255,9924000.0,0.0,-13000.0,-0.7167,23000.0,161000.0,BALANCED,-9.9173
2026-08-21,WEBL,WEBL,-2000.0,28.34,0.0287,9922000.0,0.0,-2000.0,-0.2027,-3000.0,178000.0,BALANCED,-19.0675
2026-08-24,WEBL,WEBL,0.0,28.29,-0.0018,9922000.0,0.0,0.0,-0.1221,-24000.0,178000.0,BALANCED,-13.0531
2026-08-25,WEBL,WEBL,8000.0,28.56,0.0095,9930000.0,8000.0,0.0,0.2163,-7000.0,205000.0,BALANCED,-2.5929
2026-08-26,WEBL,WEBL,-2000.0,28.76,0.007,9928000.0,0.0,-2000.0,-0.222,-9000.0,195000.0,BALANCED,-17.5512
2026-08-27,WEBL,WEBL,19000.0,30.39,0.0567,9947000.0,19000.0,0.0,0.6546,23000.0,191000.0,BALANCED,28.3662
2026-08-28,WEBL,WEBL,-7000.0,30.59,0.0066,9940000.0,0.0,-7000.0,-0.4753,18000.0,184000.0,BALANCED,-3.8836
2026-08-31,WEBL,WEBL,7000.0,29.97,-0.0203,9947000.0,7000.0,0.0,0.1222,25000.0,104000.0,BALANCED,15.0551
2026-09-01,WEBL,WEBL,27000.0,28.33,-0.0547,9974000.0,27000.0,0.0,0.951,44000.0,145000.0,BALANCED,37.7739
2026-09-02,WEBL,WEBL,0.0,28.42,0.0032,9974000.0,0.0,0.0,-0.3378,46000.0,101000.0,BALANCED,1.554
2026-09-03,WEBL,WEBL,-30000.0,30.16,0.0612,9944000.0,0.0,-30000.0,-1.6482,-3000.0,71000.0,DISTRIBUTION,-53.2047
2026-09-04,WEBL,WEBL,6000.0,29.36,-0.0265,9950000.0,6000.0,0.0,-0.0406,10000.0,76000.0,BALANCED,10.985
2026-09-08,WEBL,WEBL,0.0,28.41,-0.0324,9950000.0,0.0,0.0,-0.3217,3000.0,76000.0,BALANCED,1.9578
2026-09-09,WEBL,WEBL,-5000.0,28.46,0.0018,9945000.0,0.0,-5000.0,-0.5899,-29000.0,49000.0,BALANCED,-26.7463
2026-09-10,WEBL,WEBL,-0.0,27.73,-0.0257,9945000.0,-0.0,-0.0,-0.3373,-29000.0,44000.0,BALANCED,-18.4322
2026-09-11,WEBL,WEBL,0.0,28.72,0.0357,9945000.0,0.0,0.0,-0.3033,1000.0,44000.0,BALANCED,2.4163
2026-09-14,WEBL,WEBL,9000.0,29.83,0.0386,9954000.0,9000.0,0.0,0.1157,4000.0,29000.0,BALANCED,14.8931
2026-09-15,WEBL,WEBL,2000.0,28.97,-0.0288,9956000.0,2000.0,0.0,-0.125,6000.0,10000.0,BALANCED,10.8741
2026-09-16,WEBL,WEBL,-2000.0,28.63,-0.0117,9954000.0,0.0,-2000.0,-0.4477,9000.0,17000.0,BALANCED,-3.1924
2026-09-17,WEBL,WEBL,7000.0,29.39,0.0265,9961000.0,7000.0,0.0,0.3517,16000.0,24000.0,BALANCED,20.7919
2026-09-18,WEBL,WEBL,2000.0,28.36,-0.035,9963000.0,2000.0,0.0,-0.0866,18000.0,39000.0,BALANCED,11.8359
2026-09-21,WEBL,WEBL,33000.0,30.92,0.0903,9996000.0,33000.0,0.0,2.2651,42000.0,74000.0,ACCUMULATION,72.6267
2026-09-22,WEBL,WEBL,-15000.0,29.88,-0.0336,9981000.0,0.0,-15000.0,-1.404,25000.0,59000.0,BALANCED,-27.1003
2026-09-23,WEBL,WEBL,10000.0,28.96,-0.0308,9991000.0,10000.0,0.0,0.5329,37000.0,61000.0,BALANCED,25.3228
2026-09-24,WEBL,WEBL,2000.0,29.56,0.0207,9993000.0,2000.0,0.0,-0.0832,32000.0,65000.0,BALANCED,11.9198
2026-09-25,WEBL,WEBL,-1000.0,29.28,-0.0095,9992000.0,0.0,-1000.0,-0.3144,29000.0,45000.0,BALANCED,0.1402
2026-09-28,WEBL,WEBL,-32000.0,27.51,-0.0605,9960000.0,0.0,-32000.0,-2.418,-36000.0,20000.0,DISTRIBUTION,-74.4501
2026-09-29,WEBL,WEBL,-9000.0,28.05,0.0196,9951000.0,0.0,-9000.0,-0.6888,-30000.0,4000.0,BALANCED,-33.2199
2026-09-30,WEBL,WEBL,-2000.0,28.28,0.0082,9949000.0,0.0,-2000.0,-0.1818,-42000.0,-25000.0,BALANCED,-22.5444
2026-10-01,WEBL,WEBL,0.0,28.52,0.0085,9949000.0,0.0,0.0,-0.0303,-44000.0,-25000.0,BALANCED,-10.7574
2026-10-02,WEBL,WEBL,-2000.0,29.22,0.0245,9947000.0,0.0,-2000.0,-0.2133,-45000.0,3000.0,BALANCED,-17.3334
2026-10-05,WEBL,WEBL,14000.0,29.83,0.0209,9961000.0,14000.0,0.0,0.9637,1000.0,11000.0,BALANCED,36.0928
2026-10-06,WEBL,WEBL,0.0,30.74,0.0305,9961000.0,0.0,0.0,-0.0986,10000.0,11000.0,BALANCED,7.5338
2026-10-07,WEBL,WEBL,6000.0,30.3,-0.0143,9967000.0,6000.0,0.0,0.3625,18000.0,22000.0,BALANCED,21.0634
