date,ticker,trackinsight_key,usd_flow,nav,perf_pct,cumulative_flow,daily_inflow,daily_outflow,flow_zscore,flow_5d,flow_20d,regime,pressure,category,underlying,leverage
2023-02-17,WTIU,ARCX:WTIU,3133000.0,19.58,0.0,3133000.0,3133000.0,0.0,0.0,3133000.0,3133000.0,BALANCED,12.0,3. Sector Specific Leveraged (Bull),"MicroSectors U.S. Energy (XOM, CVX, COP)",+3x
2023-02-21,WTIU,ARCX:WTIU,0.0,19.45,-0.0068,3133000.0,0.0,0.0,0.0,3133000.0,3133000.0,BALANCED,10.0,3. Sector Specific Leveraged (Bull),"MicroSectors U.S. Energy (XOM, CVX, COP)",+3x
2023-02-22,WTIU,ARCX:WTIU,0.0,18.96,-0.0251,3133000.0,0.0,0.0,0.0,3133000.0,3133000.0,BALANCED,10.0,3. Sector Specific Leveraged (Bull),"MicroSectors U.S. Energy (XOM, CVX, COP)",+3x
2023-02-23,WTIU,ARCX:WTIU,0.0,19.74,0.0412,3133000.0,0.0,0.0,0.0,3133000.0,3133000.0,BALANCED,10.0,3. Sector Specific Leveraged (Bull),"MicroSectors U.S. Energy (XOM, CVX, COP)",+3x
2023-02-24,WTIU,ARCX:WTIU,0.0,19.46,-0.0144,3133000.0,0.0,0.0,-0.4472,3133000.0,3133000.0,BALANCED,-1.1803,3. Sector Specific Leveraged (Bull),"MicroSectors U.S. Energy (XOM, CVX, COP)",+3x
2023-02-27,WTIU,ARCX:WTIU,0.0,19.76,0.0157,3133000.0,0.0,0.0,-0.4082,0.0,3133000.0,BALANCED,-10.2062,3. Sector Specific Leveraged (Bull),"MicroSectors U.S. Energy (XOM, CVX, COP)",+3x
2023-02-28,WTIU,ARCX:WTIU,0.0,18.89,-0.0442,3133000.0,0.0,0.0,-0.378,0.0,3133000.0,BALANCED,-9.4491,3. Sector Specific Leveraged (Bull),"MicroSectors U.S. Energy (XOM, CVX, COP)",+3x
2023-03-01,WTIU,ARCX:WTIU,0.0,20.29,0.0741,3133000.0,0.0,0.0,-0.3536,0.0,3133000.0,BALANCED,-8.8388,3. Sector Specific Leveraged (Bull),"MicroSectors U.S. Energy (XOM, CVX, COP)",+3x
2023-03-02,WTIU,ARCX:WTIU,0.0,20.85,0.0278,3133000.0,0.0,0.0,-0.3333,0.0,3133000.0,BALANCED,-8.3333,3. Sector Specific Leveraged (Bull),"MicroSectors U.S. Energy (XOM, CVX, COP)",+3x
2023-03-03,WTIU,ARCX:WTIU,0.0,21.75,0.0431,3133000.0,0.0,0.0,-0.3162,0.0,3133000.0,BALANCED,-7.9057,3. Sector Specific Leveraged (Bull),"MicroSectors U.S. Energy (XOM, CVX, COP)",+3x
2023-03-06,WTIU,ARCX:WTIU,0.0,21.66,-0.0044,3133000.0,0.0,0.0,-0.3015,0.0,3133000.0,BALANCED,-7.5378,3. Sector Specific Leveraged (Bull),"MicroSectors U.S. Energy (XOM, CVX, COP)",+3x
2023-03-07,WTIU,ARCX:WTIU,0.0,20.53,-0.0519,3133000.0,0.0,0.0,-0.2887,0.0,3133000.0,BALANCED,-7.2169,3. Sector Specific Leveraged (Bull),"MicroSectors U.S. Energy (XOM, CVX, COP)",+3x
2023-03-08,WTIU,ARCX:WTIU,0.0,20.04,-0.0239,3133000.0,0.0,0.0,-0.2774,0.0,3133000.0,BALANCED,-6.9338,3. Sector Specific Leveraged (Bull),"MicroSectors U.S. Energy (XOM, CVX, COP)",+3x
2023-03-09,WTIU,ARCX:WTIU,0.0,19.22,-0.0409,3133000.0,0.0,0.0,-0.2673,0.0,3133000.0,BALANCED,-6.6815,3. Sector Specific Leveraged (Bull),"MicroSectors U.S. Energy (XOM, CVX, COP)",+3x
2023-03-10,WTIU,ARCX:WTIU,0.0,18.49,-0.0379,3133000.0,0.0,0.0,-0.2582,0.0,3133000.0,BALANCED,-6.455,3. Sector Specific Leveraged (Bull),"MicroSectors U.S. Energy (XOM, CVX, COP)",+3x
2023-03-13,WTIU,ARCX:WTIU,0.0,17.14,-0.0731,3133000.0,0.0,0.0,-0.25,0.0,3133000.0,BALANCED,-6.25,3. Sector Specific Leveraged (Bull),"MicroSectors U.S. Energy (XOM, CVX, COP)",+3x
2023-03-14,WTIU,ARCX:WTIU,0.0,17.73,0.0343,3133000.0,0.0,0.0,-0.2425,0.0,3133000.0,BALANCED,-6.0634,3. Sector Specific Leveraged (Bull),"MicroSectors U.S. Energy (XOM, CVX, COP)",+3x
2023-03-15,WTIU,ARCX:WTIU,0.0,14.67,-0.1728,3133000.0,0.0,0.0,-0.2357,0.0,3133000.0,BALANCED,-5.8926,3. Sector Specific Leveraged (Bull),"MicroSectors U.S. Energy (XOM, CVX, COP)",+3x
2023-03-16,WTIU,ARCX:WTIU,0.0,15.41,0.0508,3133000.0,0.0,0.0,-0.2294,0.0,3133000.0,BALANCED,-5.7354,3. Sector Specific Leveraged (Bull),"MicroSectors U.S. Energy (XOM, CVX, COP)",+3x
2023-03-17,WTIU,ARCX:WTIU,0.0,14.78,-0.0409,3133000.0,0.0,0.0,-0.2236,0.0,3133000.0,BALANCED,-5.5902,3. Sector Specific Leveraged (Bull),"MicroSectors U.S. Energy (XOM, CVX, COP)",+3x
2023-03-20,WTIU,ARCX:WTIU,0.0,15.61,0.0561,3133000.0,0.0,0.0,-0.2182,0.0,0.0,BALANCED,-5.4554,3. Sector Specific Leveraged (Bull),"MicroSectors U.S. Energy (XOM, CVX, COP)",+3x
2023-03-21,WTIU,ARCX:WTIU,0.0,17.16,0.0993,3133000.0,0.0,0.0,-0.2132,0.0,0.0,BALANCED,-5.33,3. Sector Specific Leveraged (Bull),"MicroSectors U.S. Energy (XOM, CVX, COP)",+3x
2023-03-22,WTIU,ARCX:WTIU,0.0,16.11,-0.0611,3133000.0,0.0,0.0,-0.2085,0.0,0.0,BALANCED,-5.2129,3. Sector Specific Leveraged (Bull),"MicroSectors U.S. Energy (XOM, CVX, COP)",+3x
2023-03-23,WTIU,ARCX:WTIU,0.0,15.57,-0.0335,3133000.0,0.0,0.0,-0.2041,0.0,0.0,BALANCED,-5.1031,3. Sector Specific Leveraged (Bull),"MicroSectors U.S. Energy (XOM, CVX, COP)",+3x
2023-03-24,WTIU,ARCX:WTIU,0.0,15.56,-0.0007,3133000.0,0.0,0.0,-0.2,0.0,0.0,BALANCED,-5.0,3. Sector Specific Leveraged (Bull),"MicroSectors U.S. Energy (XOM, CVX, COP)",+3x
2023-03-27,WTIU,ARCX:WTIU,0.0,16.58,0.0653,3133000.0,0.0,0.0,-0.1961,0.0,0.0,BALANCED,-4.9029,3. Sector Specific Leveraged (Bull),"MicroSectors U.S. Energy (XOM, CVX, COP)",+3x
2023-03-28,WTIU,ARCX:WTIU,0.0,17.51,0.0559,3133000.0,0.0,0.0,-0.1925,0.0,0.0,BALANCED,-4.8113,3. Sector Specific Leveraged (Bull),"MicroSectors U.S. Energy (XOM, CVX, COP)",+3x
2023-03-29,WTIU,ARCX:WTIU,0.0,18.25,0.0427,3133000.0,0.0,0.0,-0.189,0.0,0.0,BALANCED,-4.7246,3. Sector Specific Leveraged (Bull),"MicroSectors U.S. Energy (XOM, CVX, COP)",+3x
2023-03-30,WTIU,ARCX:WTIU,0.0,18.39,0.0075,3133000.0,0.0,0.0,-0.1857,0.0,0.0,BALANCED,-4.6424,3. Sector Specific Leveraged (Bull),"MicroSectors U.S. Energy (XOM, CVX, COP)",+3x
2023-03-31,WTIU,ARCX:WTIU,0.0,18.78,0.0213,3133000.0,0.0,0.0,-0.1826,0.0,0.0,BALANCED,-4.5644,3. Sector Specific Leveraged (Bull),"MicroSectors U.S. Energy (XOM, CVX, COP)",+3x
2023-04-03,WTIU,ARCX:WTIU,0.0,21.48,0.1438,3133000.0,0.0,0.0,0.0,0.0,0.0,BALANCED,0.0,3. Sector Specific Leveraged (Bull),"MicroSectors U.S. Energy (XOM, CVX, COP)",+3x
2023-04-04,WTIU,ARCX:WTIU,0.0,20.08,-0.0652,3133000.0,0.0,0.0,0.0,0.0,0.0,BALANCED,0.0,3. Sector Specific Leveraged (Bull),"MicroSectors U.S. Energy (XOM, CVX, COP)",+3x
2023-04-05,WTIU,ARCX:WTIU,0.0,21.04,0.0477,3133000.0,0.0,0.0,0.0,0.0,0.0,BALANCED,0.0,3. Sector Specific Leveraged (Bull),"MicroSectors U.S. Energy (XOM, CVX, COP)",+3x
2023-04-06,WTIU,ARCX:WTIU,0.0,20.04,-0.0476,3133000.0,0.0,0.0,0.0,0.0,0.0,BALANCED,0.0,3. Sector Specific Leveraged (Bull),"MicroSectors U.S. Energy (XOM, CVX, COP)",+3x
2023-04-10,WTIU,ARCX:WTIU,0.0,20.69,0.0324,3133000.0,0.0,0.0,0.0,0.0,0.0,BALANCED,0.0,3. Sector Specific Leveraged (Bull),"MicroSectors U.S. Energy (XOM, CVX, COP)",+3x
2023-04-11,WTIU,ARCX:WTIU,0.0,21.2,0.0249,3133000.0,0.0,0.0,0.0,0.0,0.0,BALANCED,0.0,3. Sector Specific Leveraged (Bull),"MicroSectors U.S. Energy (XOM, CVX, COP)",+3x
2023-04-12,WTIU,ARCX:WTIU,0.0,21.24,0.0016,3133000.0,0.0,0.0,0.0,0.0,0.0,BALANCED,0.0,3. Sector Specific Leveraged (Bull),"MicroSectors U.S. Energy (XOM, CVX, COP)",+3x
2023-04-13,WTIU,ARCX:WTIU,0.0,21.62,0.0178,3133000.0,0.0,0.0,0.0,0.0,0.0,BALANCED,0.0,3. Sector Specific Leveraged (Bull),"MicroSectors U.S. Energy (XOM, CVX, COP)",+3x
2023-04-14,WTIU,ARCX:WTIU,0.0,21.69,0.0033,3133000.0,0.0,0.0,0.0,0.0,0.0,BALANCED,0.0,3. Sector Specific Leveraged (Bull),"MicroSectors U.S. Energy (XOM, CVX, COP)",+3x
2023-04-17,WTIU,ARCX:WTIU,0.0,20.63,-0.0487,3133000.0,0.0,0.0,0.0,0.0,0.0,BALANCED,0.0,3. Sector Specific Leveraged (Bull),"MicroSectors U.S. Energy (XOM, CVX, COP)",+3x
2023-04-18,WTIU,ARCX:WTIU,0.0,20.65,0.0007,3133000.0,0.0,0.0,0.0,0.0,0.0,BALANCED,0.0,3. Sector Specific Leveraged (Bull),"MicroSectors U.S. Energy (XOM, CVX, COP)",+3x
2023-04-19,WTIU,ARCX:WTIU,0.0,20.28,-0.0176,3133000.0,0.0,0.0,0.0,0.0,0.0,BALANCED,0.0,3. Sector Specific Leveraged (Bull),"MicroSectors U.S. Energy (XOM, CVX, COP)",+3x
2023-04-20,WTIU,ARCX:WTIU,0.0,19.69,-0.0292,3133000.0,0.0,0.0,0.0,0.0,0.0,BALANCED,0.0,3. Sector Specific Leveraged (Bull),"MicroSectors U.S. Energy (XOM, CVX, COP)",+3x
2023-04-21,WTIU,ARCX:WTIU,0.0,19.27,-0.0217,3133000.0,0.0,0.0,0.0,0.0,0.0,BALANCED,0.0,3. Sector Specific Leveraged (Bull),"MicroSectors U.S. Energy (XOM, CVX, COP)",+3x
2023-04-24,WTIU,ARCX:WTIU,0.0,20.08,0.0425,3133000.0,0.0,0.0,0.0,0.0,0.0,BALANCED,0.0,3. Sector Specific Leveraged (Bull),"MicroSectors U.S. Energy (XOM, CVX, COP)",+3x
2023-04-25,WTIU,ARCX:WTIU,0.0,18.89,-0.0595,3133000.0,0.0,0.0,0.0,0.0,0.0,BALANCED,0.0,3. Sector Specific Leveraged (Bull),"MicroSectors U.S. Energy (XOM, CVX, COP)",+3x
2023-04-26,WTIU,ARCX:WTIU,0.0,18.18,-0.0373,3133000.0,0.0,0.0,0.0,0.0,0.0,BALANCED,0.0,3. Sector Specific Leveraged (Bull),"MicroSectors U.S. Energy (XOM, CVX, COP)",+3x
2023-04-27,WTIU,ARCX:WTIU,0.0,18.12,-0.0035,3133000.0,0.0,0.0,0.0,0.0,0.0,BALANCED,0.0,3. Sector Specific Leveraged (Bull),"MicroSectors U.S. Energy (XOM, CVX, COP)",+3x
2023-04-28,WTIU,ARCX:WTIU,0.0,18.95,0.046,3133000.0,0.0,0.0,0.0,0.0,0.0,BALANCED,0.0,3. Sector Specific Leveraged (Bull),"MicroSectors U.S. Energy (XOM, CVX, COP)",+3x
2023-05-01,WTIU,ARCX:WTIU,0.0,18.48,-0.025,3133000.0,0.0,0.0,0.0,0.0,0.0,BALANCED,0.0,3. Sector Specific Leveraged (Bull),"MicroSectors U.S. Energy (XOM, CVX, COP)",+3x
2023-05-02,WTIU,ARCX:WTIU,0.0,16.23,-0.1215,3133000.0,0.0,0.0,0.0,0.0,0.0,BALANCED,0.0,3. Sector Specific Leveraged (Bull),"MicroSectors U.S. Energy (XOM, CVX, COP)",+3x
2023-05-03,WTIU,ARCX:WTIU,0.0,15.12,-0.0688,3133000.0,0.0,0.0,0.0,0.0,0.0,BALANCED,0.0,3. Sector Specific Leveraged (Bull),"MicroSectors U.S. Energy (XOM, CVX, COP)",+3x
2023-05-04,WTIU,ARCX:WTIU,0.0,14.56,-0.0368,3133000.0,0.0,0.0,0.0,0.0,0.0,BALANCED,0.0,3. Sector Specific Leveraged (Bull),"MicroSectors U.S. Energy (XOM, CVX, COP)",+3x
2023-05-05,WTIU,ARCX:WTIU,0.0,15.83,0.0874,3133000.0,0.0,0.0,0.0,0.0,0.0,BALANCED,0.0,3. Sector Specific Leveraged (Bull),"MicroSectors U.S. Energy (XOM, CVX, COP)",+3x
2023-05-08,WTIU,ARCX:WTIU,0.0,15.78,-0.0032,3133000.0,0.0,0.0,0.0,0.0,0.0,BALANCED,0.0,3. Sector Specific Leveraged (Bull),"MicroSectors U.S. Energy (XOM, CVX, COP)",+3x
2023-05-09,WTIU,ARCX:WTIU,0.0,15.72,-0.0039,3133000.0,0.0,0.0,0.0,0.0,0.0,BALANCED,0.0,3. Sector Specific Leveraged (Bull),"MicroSectors U.S. Energy (XOM, CVX, COP)",+3x
2023-05-10,WTIU,ARCX:WTIU,0.0,15.19,-0.0335,3133000.0,0.0,0.0,0.0,0.0,0.0,BALANCED,0.0,3. Sector Specific Leveraged (Bull),"MicroSectors U.S. Energy (XOM, CVX, COP)",+3x
2023-05-11,WTIU,ARCX:WTIU,0.0,14.83,-0.0241,3133000.0,0.0,0.0,0.0,0.0,0.0,BALANCED,0.0,3. Sector Specific Leveraged (Bull),"MicroSectors U.S. Energy (XOM, CVX, COP)",+3x
2023-05-12,WTIU,ARCX:WTIU,0.0,14.79,-0.0025,3133000.0,0.0,0.0,0.0,0.0,0.0,BALANCED,0.0,3. Sector Specific Leveraged (Bull),"MicroSectors U.S. Energy (XOM, CVX, COP)",+3x
2023-05-15,WTIU,ARCX:WTIU,0.0,15.12,0.0223,3133000.0,0.0,0.0,0.0,0.0,0.0,BALANCED,0.0,3. Sector Specific Leveraged (Bull),"MicroSectors U.S. Energy (XOM, CVX, COP)",+3x
2023-05-16,WTIU,ARCX:WTIU,0.0,14.0,-0.0737,3133000.0,0.0,0.0,0.0,0.0,0.0,BALANCED,0.0,3. Sector Specific Leveraged (Bull),"MicroSectors U.S. Energy (XOM, CVX, COP)",+3x
2023-05-17,WTIU,ARCX:WTIU,0.0,14.96,0.0685,3133000.0,0.0,0.0,0.0,0.0,0.0,BALANCED,0.0,3. Sector Specific Leveraged (Bull),"MicroSectors U.S. Energy (XOM, CVX, COP)",+3x
2023-05-18,WTIU,ARCX:WTIU,0.0,15.09,0.0084,3133000.0,0.0,0.0,0.0,0.0,0.0,BALANCED,0.0,3. Sector Specific Leveraged (Bull),"MicroSectors U.S. Energy (XOM, CVX, COP)",+3x
2023-05-19,WTIU,ARCX:WTIU,0.0,15.53,0.0293,3133000.0,0.0,0.0,0.0,0.0,0.0,BALANCED,0.0,3. Sector Specific Leveraged (Bull),"MicroSectors U.S. Energy (XOM, CVX, COP)",+3x
2023-05-22,WTIU,ARCX:WTIU,0.0,15.52,-0.0005,3133000.0,0.0,0.0,0.0,0.0,0.0,BALANCED,0.0,3. Sector Specific Leveraged (Bull),"MicroSectors U.S. Energy (XOM, CVX, COP)",+3x
2023-05-23,WTIU,ARCX:WTIU,0.0,15.92,0.0258,3133000.0,0.0,0.0,0.0,0.0,0.0,BALANCED,0.0,3. Sector Specific Leveraged (Bull),"MicroSectors U.S. Energy (XOM, CVX, COP)",+3x
2023-05-24,WTIU,ARCX:WTIU,0.0,16.14,0.0137,3133000.0,0.0,0.0,0.0,0.0,0.0,BALANCED,0.0,3. Sector Specific Leveraged (Bull),"MicroSectors U.S. Energy (XOM, CVX, COP)",+3x
2023-05-25,WTIU,ARCX:WTIU,0.0,15.2,-0.0581,3133000.0,0.0,0.0,0.0,0.0,0.0,BALANCED,0.0,3. Sector Specific Leveraged (Bull),"MicroSectors U.S. Energy (XOM, CVX, COP)",+3x
2023-05-26,WTIU,ARCX:WTIU,0.0,15.15,-0.0036,3133000.0,0.0,0.0,0.0,0.0,0.0,BALANCED,0.0,3. Sector Specific Leveraged (Bull),"MicroSectors U.S. Energy (XOM, CVX, COP)",+3x
2023-05-30,WTIU,ARCX:WTIU,0.0,14.63,-0.0343,3133000.0,0.0,0.0,0.0,0.0,0.0,BALANCED,0.0,3. Sector Specific Leveraged (Bull),"MicroSectors U.S. Energy (XOM, CVX, COP)",+3x
2023-05-31,WTIU,ARCX:WTIU,0.0,13.73,-0.0617,3133000.0,0.0,0.0,0.0,0.0,0.0,BALANCED,0.0,3. Sector Specific Leveraged (Bull),"MicroSectors U.S. Energy (XOM, CVX, COP)",+3x
2023-06-01,WTIU,ARCX:WTIU,0.0,14.04,0.0231,3133000.0,0.0,0.0,0.0,0.0,0.0,BALANCED,0.0,3. Sector Specific Leveraged (Bull),"MicroSectors U.S. Energy (XOM, CVX, COP)",+3x
2023-06-02,WTIU,ARCX:WTIU,0.0,15.26,0.0865,3133000.0,0.0,0.0,0.0,0.0,0.0,BALANCED,0.0,3. Sector Specific Leveraged (Bull),"MicroSectors U.S. Energy (XOM, CVX, COP)",+3x
2023-06-05,WTIU,ARCX:WTIU,0.0,14.93,-0.0215,3133000.0,0.0,0.0,0.0,0.0,0.0,BALANCED,0.0,3. Sector Specific Leveraged (Bull),"MicroSectors U.S. Energy (XOM, CVX, COP)",+3x
2023-06-06,WTIU,ARCX:WTIU,0.0,15.18,0.0167,3133000.0,0.0,0.0,0.0,0.0,0.0,BALANCED,0.0,3. Sector Specific Leveraged (Bull),"MicroSectors U.S. Energy (XOM, CVX, COP)",+3x
2023-06-07,WTIU,ARCX:WTIU,0.0,16.41,0.0809,3133000.0,0.0,0.0,0.0,0.0,0.0,BALANCED,0.0,3. Sector Specific Leveraged (Bull),"MicroSectors U.S. Energy (XOM, CVX, COP)",+3x
2023-06-08,WTIU,ARCX:WTIU,0.0,16.15,-0.016,3133000.0,0.0,0.0,0.0,0.0,0.0,BALANCED,0.0,3. Sector Specific Leveraged (Bull),"MicroSectors U.S. Energy (XOM, CVX, COP)",+3x
2023-06-09,WTIU,ARCX:WTIU,0.0,15.94,-0.0126,3133000.0,0.0,0.0,0.0,0.0,0.0,BALANCED,0.0,3. Sector Specific Leveraged (Bull),"MicroSectors U.S. Energy (XOM, CVX, COP)",+3x
2023-06-12,WTIU,ARCX:WTIU,0.0,15.43,-0.0322,3133000.0,0.0,0.0,0.0,0.0,0.0,BALANCED,0.0,3. Sector Specific Leveraged (Bull),"MicroSectors U.S. Energy (XOM, CVX, COP)",+3x
2023-06-13,WTIU,ARCX:WTIU,0.0,15.52,0.0061,3133000.0,0.0,0.0,0.0,0.0,0.0,BALANCED,0.0,3. Sector Specific Leveraged (Bull),"MicroSectors U.S. Energy (XOM, CVX, COP)",+3x
2023-06-14,WTIU,ARCX:WTIU,0.0,15.01,-0.033,3133000.0,0.0,0.0,0.0,0.0,0.0,BALANCED,0.0,3. Sector Specific Leveraged (Bull),"MicroSectors U.S. Energy (XOM, CVX, COP)",+3x
2023-06-15,WTIU,ARCX:WTIU,0.0,15.46,0.0298,3133000.0,0.0,0.0,0.0,0.0,0.0,BALANCED,0.0,3. Sector Specific Leveraged (Bull),"MicroSectors U.S. Energy (XOM, CVX, COP)",+3x
2023-06-16,WTIU,ARCX:WTIU,0.0,15.53,0.0043,3133000.0,0.0,0.0,0.0,0.0,0.0,BALANCED,0.0,3. Sector Specific Leveraged (Bull),"MicroSectors U.S. Energy (XOM, CVX, COP)",+3x
2023-06-20,WTIU,ARCX:WTIU,0.0,14.35,-0.0755,3133000.0,0.0,0.0,0.0,0.0,0.0,BALANCED,0.0,3. Sector Specific Leveraged (Bull),"MicroSectors U.S. Energy (XOM, CVX, COP)",+3x
2023-06-21,WTIU,ARCX:WTIU,0.0,14.7,0.0243,3133000.0,0.0,0.0,0.0,0.0,0.0,BALANCED,0.0,3. Sector Specific Leveraged (Bull),"MicroSectors U.S. Energy (XOM, CVX, COP)",+3x
2023-06-22,WTIU,ARCX:WTIU,0.0,14.0,-0.0479,3133000.0,0.0,0.0,0.0,0.0,0.0,BALANCED,0.0,3. Sector Specific Leveraged (Bull),"MicroSectors U.S. Energy (XOM, CVX, COP)",+3x
2023-06-23,WTIU,ARCX:WTIU,0.0,13.73,-0.0194,3133000.0,0.0,0.0,0.0,0.0,0.0,BALANCED,0.0,3. Sector Specific Leveraged (Bull),"MicroSectors U.S. Energy (XOM, CVX, COP)",+3x
2023-06-26,WTIU,ARCX:WTIU,0.0,14.37,0.0473,3133000.0,0.0,0.0,0.0,0.0,0.0,BALANCED,0.0,3. Sector Specific Leveraged (Bull),"MicroSectors U.S. Energy (XOM, CVX, COP)",+3x
2023-06-27,WTIU,ARCX:WTIU,0.0,14.38,0.0007,3133000.0,0.0,0.0,0.0,0.0,0.0,BALANCED,0.0,3. Sector Specific Leveraged (Bull),"MicroSectors U.S. Energy (XOM, CVX, COP)",+3x
2023-06-28,WTIU,ARCX:WTIU,0.0,14.81,0.03,3133000.0,0.0,0.0,0.0,0.0,0.0,BALANCED,0.0,3. Sector Specific Leveraged (Bull),"MicroSectors U.S. Energy (XOM, CVX, COP)",+3x
2023-06-29,WTIU,ARCX:WTIU,0.0,15.35,0.0358,3133000.0,0.0,0.0,0.0,0.0,0.0,BALANCED,0.0,3. Sector Specific Leveraged (Bull),"MicroSectors U.S. Energy (XOM, CVX, COP)",+3x
2023-06-30,WTIU,ARCX:WTIU,0.0,15.6,0.0165,3133000.0,0.0,0.0,0.0,0.0,0.0,BALANCED,0.0,3. Sector Specific Leveraged (Bull),"MicroSectors U.S. Energy (XOM, CVX, COP)",+3x
2023-07-03,WTIU,ARCX:WTIU,0.0,15.73,0.0087,3133000.0,0.0,0.0,0.0,0.0,0.0,BALANCED,0.0,3. Sector Specific Leveraged (Bull),"MicroSectors U.S. Energy (XOM, CVX, COP)",+3x
2023-07-05,WTIU,ARCX:WTIU,0.0,15.49,-0.0158,3133000.0,0.0,0.0,0.0,0.0,0.0,BALANCED,0.0,3. Sector Specific Leveraged (Bull),"MicroSectors U.S. Energy (XOM, CVX, COP)",+3x
2023-07-06,WTIU,ARCX:WTIU,0.0,14.31,-0.0759,3133000.0,0.0,0.0,0.0,0.0,0.0,BALANCED,0.0,3. Sector Specific Leveraged (Bull),"MicroSectors U.S. Energy (XOM, CVX, COP)",+3x
2023-07-07,WTIU,ARCX:WTIU,0.0,15.22,0.0633,3133000.0,0.0,0.0,0.0,0.0,0.0,BALANCED,0.0,3. Sector Specific Leveraged (Bull),"MicroSectors U.S. Energy (XOM, CVX, COP)",+3x
2023-07-10,WTIU,ARCX:WTIU,0.0,15.38,0.0109,3133000.0,0.0,0.0,0.0,0.0,0.0,BALANCED,0.0,3. Sector Specific Leveraged (Bull),"MicroSectors U.S. Energy (XOM, CVX, COP)",+3x
2023-07-11,WTIU,ARCX:WTIU,0.0,16.46,0.0702,3133000.0,0.0,0.0,0.0,0.0,0.0,BALANCED,0.0,3. Sector Specific Leveraged (Bull),"MicroSectors U.S. Energy (XOM, CVX, COP)",+3x
2023-07-12,WTIU,ARCX:WTIU,0.0,16.89,0.0261,3133000.0,0.0,0.0,0.0,0.0,0.0,BALANCED,0.0,3. Sector Specific Leveraged (Bull),"MicroSectors U.S. Energy (XOM, CVX, COP)",+3x
2023-07-13,WTIU,ARCX:WTIU,0.0,16.78,-0.0065,3133000.0,0.0,0.0,0.0,0.0,0.0,BALANCED,0.0,3. Sector Specific Leveraged (Bull),"MicroSectors U.S. Energy (XOM, CVX, COP)",+3x
2023-07-14,WTIU,ARCX:WTIU,0.0,15.35,-0.0854,3133000.0,0.0,0.0,0.0,0.0,0.0,BALANCED,0.0,3. Sector Specific Leveraged (Bull),"MicroSectors U.S. Energy (XOM, CVX, COP)",+3x
2023-07-17,WTIU,ARCX:WTIU,0.0,15.22,-0.0082,3133000.0,0.0,0.0,0.0,0.0,0.0,BALANCED,0.0,3. Sector Specific Leveraged (Bull),"MicroSectors U.S. Energy (XOM, CVX, COP)",+3x
2023-07-18,WTIU,ARCX:WTIU,0.0,15.89,0.0435,3133000.0,0.0,0.0,0.0,0.0,0.0,BALANCED,0.0,3. Sector Specific Leveraged (Bull),"MicroSectors U.S. Energy (XOM, CVX, COP)",+3x
2023-07-19,WTIU,ARCX:WTIU,0.0,16.2,0.0196,3133000.0,0.0,0.0,0.0,0.0,0.0,BALANCED,0.0,3. Sector Specific Leveraged (Bull),"MicroSectors U.S. Energy (XOM, CVX, COP)",+3x
2023-07-20,WTIU,ARCX:WTIU,0.0,16.88,0.0423,3133000.0,0.0,0.0,0.0,0.0,0.0,BALANCED,0.0,3. Sector Specific Leveraged (Bull),"MicroSectors U.S. Energy (XOM, CVX, COP)",+3x
2023-07-21,WTIU,ARCX:WTIU,0.0,17.43,0.0321,3133000.0,0.0,0.0,0.0,0.0,0.0,BALANCED,0.0,3. Sector Specific Leveraged (Bull),"MicroSectors U.S. Energy (XOM, CVX, COP)",+3x
2023-07-24,WTIU,ARCX:WTIU,0.0,18.32,0.0511,3133000.0,0.0,0.0,0.0,0.0,0.0,BALANCED,0.0,3. Sector Specific Leveraged (Bull),"MicroSectors U.S. Energy (XOM, CVX, COP)",+3x
2023-07-25,WTIU,ARCX:WTIU,0.0,18.68,0.02,3133000.0,0.0,0.0,0.0,0.0,0.0,BALANCED,0.0,3. Sector Specific Leveraged (Bull),"MicroSectors U.S. Energy (XOM, CVX, COP)",+3x
2023-07-26,WTIU,ARCX:WTIU,0.0,18.73,0.0023,3133000.0,0.0,0.0,0.0,0.0,0.0,BALANCED,0.0,3. Sector Specific Leveraged (Bull),"MicroSectors U.S. Energy (XOM, CVX, COP)",+3x
2023-07-27,WTIU,ARCX:WTIU,0.0,18.32,-0.0214,3133000.0,0.0,0.0,0.0,0.0,0.0,BALANCED,0.0,3. Sector Specific Leveraged (Bull),"MicroSectors U.S. Energy (XOM, CVX, COP)",+3x
2023-07-28,WTIU,ARCX:WTIU,0.0,18.64,0.0174,3133000.0,0.0,0.0,0.0,0.0,0.0,BALANCED,0.0,3. Sector Specific Leveraged (Bull),"MicroSectors U.S. Energy (XOM, CVX, COP)",+3x
2023-07-31,WTIU,ARCX:WTIU,0.0,19.55,0.0487,3133000.0,0.0,0.0,0.0,0.0,0.0,BALANCED,0.0,3. Sector Specific Leveraged (Bull),"MicroSectors U.S. Energy (XOM, CVX, COP)",+3x
2023-08-01,WTIU,ARCX:WTIU,0.0,19.36,-0.0098,3133000.0,0.0,0.0,0.0,0.0,0.0,BALANCED,0.0,3. Sector Specific Leveraged (Bull),"MicroSectors U.S. Energy (XOM, CVX, COP)",+3x
2023-08-02,WTIU,ARCX:WTIU,0.0,18.46,-0.0465,3133000.0,0.0,0.0,0.0,0.0,0.0,BALANCED,0.0,3. Sector Specific Leveraged (Bull),"MicroSectors U.S. Energy (XOM, CVX, COP)",+3x
2023-08-03,WTIU,ARCX:WTIU,0.0,18.84,0.0206,3133000.0,0.0,0.0,0.0,0.0,0.0,BALANCED,0.0,3. Sector Specific Leveraged (Bull),"MicroSectors U.S. Energy (XOM, CVX, COP)",+3x
2023-08-04,WTIU,ARCX:WTIU,0.0,19.06,0.0119,3133000.0,0.0,0.0,0.0,0.0,0.0,BALANCED,0.0,3. Sector Specific Leveraged (Bull),"MicroSectors U.S. Energy (XOM, CVX, COP)",+3x
2023-08-07,WTIU,ARCX:WTIU,0.0,19.19,0.0066,3133000.0,0.0,0.0,0.0,0.0,0.0,BALANCED,0.0,3. Sector Specific Leveraged (Bull),"MicroSectors U.S. Energy (XOM, CVX, COP)",+3x
2023-08-08,WTIU,ARCX:WTIU,0.0,19.44,0.0133,3133000.0,0.0,0.0,0.0,0.0,0.0,BALANCED,0.0,3. Sector Specific Leveraged (Bull),"MicroSectors U.S. Energy (XOM, CVX, COP)",+3x
2023-08-09,WTIU,ARCX:WTIU,0.0,20.1,0.0335,3133000.0,0.0,0.0,0.0,0.0,0.0,BALANCED,0.0,3. Sector Specific Leveraged (Bull),"MicroSectors U.S. Energy (XOM, CVX, COP)",+3x
2023-08-10,WTIU,ARCX:WTIU,0.0,20.17,0.0039,3133000.0,0.0,0.0,0.0,0.0,0.0,BALANCED,0.0,3. Sector Specific Leveraged (Bull),"MicroSectors U.S. Energy (XOM, CVX, COP)",+3x
2023-08-11,WTIU,ARCX:WTIU,0.0,21.25,0.0534,3133000.0,0.0,0.0,0.0,0.0,0.0,BALANCED,0.0,3. Sector Specific Leveraged (Bull),"MicroSectors U.S. Energy (XOM, CVX, COP)",+3x
2023-08-14,WTIU,ARCX:WTIU,0.0,20.84,-0.0192,3133000.0,0.0,0.0,0.0,0.0,0.0,BALANCED,0.0,3. Sector Specific Leveraged (Bull),"MicroSectors U.S. Energy (XOM, CVX, COP)",+3x
2023-08-15,WTIU,ARCX:WTIU,0.0,19.36,-0.0713,3133000.0,0.0,0.0,0.0,0.0,0.0,BALANCED,0.0,3. Sector Specific Leveraged (Bull),"MicroSectors U.S. Energy (XOM, CVX, COP)",+3x
2023-08-16,WTIU,ARCX:WTIU,0.0,18.88,-0.0246,3133000.0,0.0,0.0,0.0,0.0,0.0,BALANCED,0.0,3. Sector Specific Leveraged (Bull),"MicroSectors U.S. Energy (XOM, CVX, COP)",+3x
2023-08-17,WTIU,ARCX:WTIU,0.0,19.61,0.0385,3133000.0,0.0,0.0,0.0,0.0,0.0,BALANCED,0.0,3. Sector Specific Leveraged (Bull),"MicroSectors U.S. Energy (XOM, CVX, COP)",+3x
2023-08-18,WTIU,ARCX:WTIU,0.0,20.22,0.0311,3133000.0,0.0,0.0,0.0,0.0,0.0,BALANCED,0.0,3. Sector Specific Leveraged (Bull),"MicroSectors U.S. Energy (XOM, CVX, COP)",+3x
2023-08-21,WTIU,ARCX:WTIU,0.0,19.85,-0.0184,3133000.0,0.0,0.0,0.0,0.0,0.0,BALANCED,0.0,3. Sector Specific Leveraged (Bull),"MicroSectors U.S. Energy (XOM, CVX, COP)",+3x
2023-08-22,WTIU,ARCX:WTIU,0.0,19.41,-0.0218,3133000.0,0.0,0.0,0.0,0.0,0.0,BALANCED,0.0,3. Sector Specific Leveraged (Bull),"MicroSectors U.S. Energy (XOM, CVX, COP)",+3x
2023-08-23,WTIU,ARCX:WTIU,0.0,19.05,-0.0188,3133000.0,0.0,0.0,0.0,0.0,0.0,BALANCED,0.0,3. Sector Specific Leveraged (Bull),"MicroSectors U.S. Energy (XOM, CVX, COP)",+3x
2023-08-24,WTIU,ARCX:WTIU,0.0,18.66,-0.0204,3133000.0,0.0,0.0,0.0,0.0,0.0,BALANCED,0.0,3. Sector Specific Leveraged (Bull),"MicroSectors U.S. Energy (XOM, CVX, COP)",+3x
2023-08-25,WTIU,ARCX:WTIU,0.0,19.37,0.0379,3133000.0,0.0,0.0,0.0,0.0,0.0,BALANCED,0.0,3. Sector Specific Leveraged (Bull),"MicroSectors U.S. Energy (XOM, CVX, COP)",+3x
2023-08-28,WTIU,ARCX:WTIU,0.0,19.57,0.0102,3133000.0,0.0,0.0,0.0,0.0,0.0,BALANCED,0.0,3. Sector Specific Leveraged (Bull),"MicroSectors U.S. Energy (XOM, CVX, COP)",+3x
2023-08-29,WTIU,ARCX:WTIU,0.0,19.68,0.0059,3133000.0,0.0,0.0,0.0,0.0,0.0,BALANCED,0.0,3. Sector Specific Leveraged (Bull),"MicroSectors U.S. Energy (XOM, CVX, COP)",+3x
2023-08-30,WTIU,ARCX:WTIU,0.0,19.89,0.0107,3133000.0,0.0,0.0,0.0,0.0,0.0,BALANCED,0.0,3. Sector Specific Leveraged (Bull),"MicroSectors U.S. Energy (XOM, CVX, COP)",+3x
2023-08-31,WTIU,ARCX:WTIU,0.0,20.0,0.0055,3133000.0,0.0,0.0,0.0,0.0,0.0,BALANCED,0.0,3. Sector Specific Leveraged (Bull),"MicroSectors U.S. Energy (XOM, CVX, COP)",+3x
2023-09-01,WTIU,ARCX:WTIU,0.0,21.42,0.071,3133000.0,0.0,0.0,0.0,0.0,0.0,BALANCED,0.0,3. Sector Specific Leveraged (Bull),"MicroSectors U.S. Energy (XOM, CVX, COP)",+3x
2023-09-05,WTIU,ARCX:WTIU,0.0,21.88,0.0214,3133000.0,0.0,0.0,0.0,0.0,0.0,BALANCED,0.0,3. Sector Specific Leveraged (Bull),"MicroSectors U.S. Energy (XOM, CVX, COP)",+3x
2023-09-06,WTIU,ARCX:WTIU,0.0,21.96,0.0036,3133000.0,0.0,0.0,0.0,0.0,0.0,BALANCED,0.0,3. Sector Specific Leveraged (Bull),"MicroSectors U.S. Energy (XOM, CVX, COP)",+3x
2023-09-07,WTIU,ARCX:WTIU,0.0,21.73,-0.0105,3133000.0,0.0,0.0,0.0,0.0,0.0,BALANCED,0.0,3. Sector Specific Leveraged (Bull),"MicroSectors U.S. Energy (XOM, CVX, COP)",+3x
2023-09-08,WTIU,ARCX:WTIU,0.0,22.62,0.041,3133000.0,0.0,0.0,0.0,0.0,0.0,BALANCED,0.0,3. Sector Specific Leveraged (Bull),"MicroSectors U.S. Energy (XOM, CVX, COP)",+3x
2023-09-11,WTIU,ARCX:WTIU,0.0,21.44,-0.0522,3133000.0,0.0,0.0,0.0,0.0,0.0,BALANCED,0.0,3. Sector Specific Leveraged (Bull),"MicroSectors U.S. Energy (XOM, CVX, COP)",+3x
2023-09-12,WTIU,ARCX:WTIU,0.0,22.9,0.0682,3133000.0,0.0,0.0,0.0,0.0,0.0,BALANCED,0.0,3. Sector Specific Leveraged (Bull),"MicroSectors U.S. Energy (XOM, CVX, COP)",+3x
2023-09-13,WTIU,ARCX:WTIU,0.0,22.44,-0.0203,3133000.0,0.0,0.0,0.0,0.0,0.0,BALANCED,0.0,3. Sector Specific Leveraged (Bull),"MicroSectors U.S. Energy (XOM, CVX, COP)",+3x
2023-09-14,WTIU,ARCX:WTIU,0.0,23.21,0.0344,3133000.0,0.0,0.0,0.0,0.0,0.0,BALANCED,0.0,3. Sector Specific Leveraged (Bull),"MicroSectors U.S. Energy (XOM, CVX, COP)",+3x
2023-09-15,WTIU,ARCX:WTIU,0.0,22.23,-0.0423,3133000.0,0.0,0.0,0.0,0.0,0.0,BALANCED,0.0,3. Sector Specific Leveraged (Bull),"MicroSectors U.S. Energy (XOM, CVX, COP)",+3x
2023-09-18,WTIU,ARCX:WTIU,0.0,22.6,0.0169,3133000.0,0.0,0.0,0.0,0.0,0.0,BALANCED,0.0,3. Sector Specific Leveraged (Bull),"MicroSectors U.S. Energy (XOM, CVX, COP)",+3x
2023-09-19,WTIU,ARCX:WTIU,0.0,21.89,-0.0313,3133000.0,0.0,0.0,0.0,0.0,0.0,BALANCED,0.0,3. Sector Specific Leveraged (Bull),"MicroSectors U.S. Energy (XOM, CVX, COP)",+3x
2023-09-20,WTIU,ARCX:WTIU,0.0,21.1,-0.0361,3133000.0,0.0,0.0,0.0,0.0,0.0,BALANCED,0.0,3. Sector Specific Leveraged (Bull),"MicroSectors U.S. Energy (XOM, CVX, COP)",+3x
2023-09-21,WTIU,ARCX:WTIU,0.0,20.39,-0.034,3133000.0,0.0,0.0,0.0,0.0,0.0,BALANCED,0.0,3. Sector Specific Leveraged (Bull),"MicroSectors U.S. Energy (XOM, CVX, COP)",+3x
2023-09-22,WTIU,ARCX:WTIU,0.0,20.41,0.001,3133000.0,0.0,0.0,0.0,0.0,0.0,BALANCED,0.0,3. Sector Specific Leveraged (Bull),"MicroSectors U.S. Energy (XOM, CVX, COP)",+3x
2023-09-25,WTIU,ARCX:WTIU,0.0,21.15,0.0365,3133000.0,0.0,0.0,0.0,0.0,0.0,BALANCED,0.0,3. Sector Specific Leveraged (Bull),"MicroSectors U.S. Energy (XOM, CVX, COP)",+3x
2023-09-26,WTIU,ARCX:WTIU,0.0,20.76,-0.0187,3133000.0,0.0,0.0,0.0,0.0,0.0,BALANCED,0.0,3. Sector Specific Leveraged (Bull),"MicroSectors U.S. Energy (XOM, CVX, COP)",+3x
2023-09-27,WTIU,ARCX:WTIU,0.0,22.39,0.0788,3133000.0,0.0,0.0,0.0,0.0,0.0,BALANCED,0.0,3. Sector Specific Leveraged (Bull),"MicroSectors U.S. Energy (XOM, CVX, COP)",+3x
2023-09-28,WTIU,ARCX:WTIU,0.0,22.55,0.007,3133000.0,0.0,0.0,0.0,0.0,0.0,BALANCED,0.0,3. Sector Specific Leveraged (Bull),"MicroSectors U.S. Energy (XOM, CVX, COP)",+3x
2023-09-29,WTIU,ARCX:WTIU,0.0,21.19,-0.0602,3133000.0,0.0,0.0,0.0,0.0,0.0,BALANCED,0.0,3. Sector Specific Leveraged (Bull),"MicroSectors U.S. Energy (XOM, CVX, COP)",+3x
2023-10-02,WTIU,ARCX:WTIU,0.0,19.68,-0.0713,3133000.0,0.0,0.0,0.0,0.0,0.0,BALANCED,0.0,3. Sector Specific Leveraged (Bull),"MicroSectors U.S. Energy (XOM, CVX, COP)",+3x
2023-10-03,WTIU,ARCX:WTIU,0.0,19.45,-0.0118,3133000.0,0.0,0.0,0.0,0.0,0.0,BALANCED,0.0,3. Sector Specific Leveraged (Bull),"MicroSectors U.S. Energy (XOM, CVX, COP)",+3x
2023-10-04,WTIU,ARCX:WTIU,0.0,17.27,-0.1121,3133000.0,0.0,0.0,0.0,0.0,0.0,BALANCED,0.0,3. Sector Specific Leveraged (Bull),"MicroSectors U.S. Energy (XOM, CVX, COP)",+3x
2023-10-05,WTIU,ARCX:WTIU,0.0,16.92,-0.0198,3133000.0,0.0,0.0,0.0,0.0,0.0,BALANCED,0.0,3. Sector Specific Leveraged (Bull),"MicroSectors U.S. Energy (XOM, CVX, COP)",+3x
2023-10-06,WTIU,ARCX:WTIU,0.0,17.55,0.0369,3133000.0,0.0,0.0,0.0,0.0,0.0,BALANCED,0.0,3. Sector Specific Leveraged (Bull),"MicroSectors U.S. Energy (XOM, CVX, COP)",+3x
2023-10-09,WTIU,ARCX:WTIU,0.0,19.29,0.0992,3133000.0,0.0,0.0,0.0,0.0,0.0,BALANCED,0.0,3. Sector Specific Leveraged (Bull),"MicroSectors U.S. Energy (XOM, CVX, COP)",+3x
2023-10-10,WTIU,ARCX:WTIU,0.0,19.37,0.0041,3133000.0,0.0,0.0,0.0,0.0,0.0,BALANCED,0.0,3. Sector Specific Leveraged (Bull),"MicroSectors U.S. Energy (XOM, CVX, COP)",+3x
2023-10-11,WTIU,ARCX:WTIU,0.0,18.85,-0.0267,3133000.0,0.0,0.0,0.0,0.0,0.0,BALANCED,0.0,3. Sector Specific Leveraged (Bull),"MicroSectors U.S. Energy (XOM, CVX, COP)",+3x
2023-10-12,WTIU,ARCX:WTIU,0.0,18.84,-0.0009,3133000.0,0.0,0.0,0.0,0.0,0.0,BALANCED,0.0,3. Sector Specific Leveraged (Bull),"MicroSectors U.S. Energy (XOM, CVX, COP)",+3x
2023-10-13,WTIU,ARCX:WTIU,0.0,20.14,0.0692,3133000.0,0.0,0.0,0.0,0.0,0.0,BALANCED,0.0,3. Sector Specific Leveraged (Bull),"MicroSectors U.S. Energy (XOM, CVX, COP)",+3x
2023-10-16,WTIU,ARCX:WTIU,0.0,20.7,0.0278,3133000.0,0.0,0.0,0.0,0.0,0.0,BALANCED,0.0,3. Sector Specific Leveraged (Bull),"MicroSectors U.S. Energy (XOM, CVX, COP)",+3x
2023-10-17,WTIU,ARCX:WTIU,0.0,21.23,0.0258,3133000.0,0.0,0.0,0.0,0.0,0.0,BALANCED,0.0,3. Sector Specific Leveraged (Bull),"MicroSectors U.S. Energy (XOM, CVX, COP)",+3x
2023-10-18,WTIU,ARCX:WTIU,0.0,22.01,0.0368,3133000.0,0.0,0.0,0.0,0.0,0.0,BALANCED,0.0,3. Sector Specific Leveraged (Bull),"MicroSectors U.S. Energy (XOM, CVX, COP)",+3x
2023-10-19,WTIU,ARCX:WTIU,0.0,21.84,-0.008,3133000.0,0.0,0.0,0.0,0.0,0.0,BALANCED,0.0,3. Sector Specific Leveraged (Bull),"MicroSectors U.S. Energy (XOM, CVX, COP)",+3x
2023-10-20,WTIU,ARCX:WTIU,0.0,20.74,-0.0504,3133000.0,0.0,0.0,0.0,0.0,0.0,BALANCED,0.0,3. Sector Specific Leveraged (Bull),"MicroSectors U.S. Energy (XOM, CVX, COP)",+3x
2023-10-23,WTIU,ARCX:WTIU,0.0,20.74,0.0,3133000.0,0.0,0.0,0.0,0.0,0.0,BALANCED,0.0,3. Sector Specific Leveraged (Bull),"MicroSectors U.S. Energy (XOM, CVX, COP)",+3x
2023-10-24,WTIU,ARCX:WTIU,0.0,18.91,-0.0881,3133000.0,0.0,0.0,0.0,0.0,0.0,BALANCED,0.0,3. Sector Specific Leveraged (Bull),"MicroSectors U.S. Energy (XOM, CVX, COP)",+3x
2023-10-25,WTIU,ARCX:WTIU,0.0,18.86,-0.0026,3133000.0,0.0,0.0,0.0,0.0,0.0,BALANCED,0.0,3. Sector Specific Leveraged (Bull),"MicroSectors U.S. Energy (XOM, CVX, COP)",+3x
2023-10-26,WTIU,ARCX:WTIU,0.0,18.34,-0.0276,3133000.0,0.0,0.0,0.0,0.0,0.0,BALANCED,0.0,3. Sector Specific Leveraged (Bull),"MicroSectors U.S. Energy (XOM, CVX, COP)",+3x
2023-10-27,WTIU,ARCX:WTIU,0.0,18.34,0.0,3133000.0,0.0,0.0,0.0,0.0,0.0,BALANCED,0.0,3. Sector Specific Leveraged (Bull),"MicroSectors U.S. Energy (XOM, CVX, COP)",+3x
2023-10-30,WTIU,ARCX:WTIU,0.0,17.25,-0.0595,3133000.0,0.0,0.0,0.0,0.0,0.0,BALANCED,0.0,3. Sector Specific Leveraged (Bull),"MicroSectors U.S. Energy (XOM, CVX, COP)",+3x
2023-10-31,WTIU,ARCX:WTIU,0.0,17.62,0.0217,3133000.0,0.0,0.0,0.0,0.0,0.0,BALANCED,0.0,3. Sector Specific Leveraged (Bull),"MicroSectors U.S. Energy (XOM, CVX, COP)",+3x
2023-11-01,WTIU,ARCX:WTIU,0.0,17.46,-0.0094,3133000.0,0.0,0.0,0.0,0.0,0.0,BALANCED,0.0,3. Sector Specific Leveraged (Bull),"MicroSectors U.S. Energy (XOM, CVX, COP)",+3x
2023-11-02,WTIU,ARCX:WTIU,0.0,18.89,0.0818,3133000.0,0.0,0.0,0.0,0.0,0.0,BALANCED,0.0,3. Sector Specific Leveraged (Bull),"MicroSectors U.S. Energy (XOM, CVX, COP)",+3x
2023-11-03,WTIU,ARCX:WTIU,0.0,18.19,-0.0369,3133000.0,0.0,0.0,0.0,0.0,0.0,BALANCED,0.0,3. Sector Specific Leveraged (Bull),"MicroSectors U.S. Energy (XOM, CVX, COP)",+3x
2023-11-06,WTIU,ARCX:WTIU,0.0,17.49,-0.0381,3133000.0,0.0,0.0,0.0,0.0,0.0,BALANCED,0.0,3. Sector Specific Leveraged (Bull),"MicroSectors U.S. Energy (XOM, CVX, COP)",+3x
2023-11-07,WTIU,ARCX:WTIU,0.0,16.29,-0.0687,3133000.0,0.0,0.0,0.0,0.0,0.0,BALANCED,0.0,3. Sector Specific Leveraged (Bull),"MicroSectors U.S. Energy (XOM, CVX, COP)",+3x
2023-11-08,WTIU,ARCX:WTIU,0.0,15.69,-0.0368,3133000.0,0.0,0.0,0.0,0.0,0.0,BALANCED,0.0,3. Sector Specific Leveraged (Bull),"MicroSectors U.S. Energy (XOM, CVX, COP)",+3x
2023-11-09,WTIU,ARCX:WTIU,0.0,15.47,-0.0143,3133000.0,0.0,0.0,0.0,0.0,0.0,BALANCED,0.0,3. Sector Specific Leveraged (Bull),"MicroSectors U.S. Energy (XOM, CVX, COP)",+3x
2023-11-10,WTIU,ARCX:WTIU,0.0,16.12,0.0419,3133000.0,0.0,0.0,0.0,0.0,0.0,BALANCED,0.0,3. Sector Specific Leveraged (Bull),"MicroSectors U.S. Energy (XOM, CVX, COP)",+3x
2023-11-13,WTIU,ARCX:WTIU,0.0,16.42,0.0189,3133000.0,0.0,0.0,0.0,0.0,0.0,BALANCED,0.0,3. Sector Specific Leveraged (Bull),"MicroSectors U.S. Energy (XOM, CVX, COP)",+3x
2023-11-14,WTIU,ARCX:WTIU,0.0,16.86,0.0267,3133000.0,0.0,0.0,0.0,0.0,0.0,BALANCED,0.0,3. Sector Specific Leveraged (Bull),"MicroSectors U.S. Energy (XOM, CVX, COP)",+3x
2023-11-15,WTIU,ARCX:WTIU,0.0,16.71,-0.0086,3133000.0,0.0,0.0,0.0,0.0,0.0,BALANCED,0.0,3. Sector Specific Leveraged (Bull),"MicroSectors U.S. Energy (XOM, CVX, COP)",+3x
2023-11-16,WTIU,ARCX:WTIU,0.0,15.7,-0.0606,3133000.0,0.0,0.0,0.0,0.0,0.0,BALANCED,0.0,3. Sector Specific Leveraged (Bull),"MicroSectors U.S. Energy (XOM, CVX, COP)",+3x
2023-11-17,WTIU,ARCX:WTIU,0.0,16.72,0.0648,3133000.0,0.0,0.0,0.0,0.0,0.0,BALANCED,0.0,3. Sector Specific Leveraged (Bull),"MicroSectors U.S. Energy (XOM, CVX, COP)",+3x
2023-11-20,WTIU,ARCX:WTIU,0.0,16.81,0.0058,3133000.0,0.0,0.0,0.0,0.0,0.0,BALANCED,0.0,3. Sector Specific Leveraged (Bull),"MicroSectors U.S. Energy (XOM, CVX, COP)",+3x
2023-11-21,WTIU,ARCX:WTIU,0.0,16.55,-0.0157,3133000.0,0.0,0.0,0.0,0.0,0.0,BALANCED,0.0,3. Sector Specific Leveraged (Bull),"MicroSectors U.S. Energy (XOM, CVX, COP)",+3x
2023-11-22,WTIU,ARCX:WTIU,0.0,16.52,-0.0014,3133000.0,0.0,0.0,0.0,0.0,0.0,BALANCED,0.0,3. Sector Specific Leveraged (Bull),"MicroSectors U.S. Energy (XOM, CVX, COP)",+3x
2023-11-24,WTIU,ARCX:WTIU,0.0,16.67,0.0088,3133000.0,0.0,0.0,0.0,0.0,0.0,BALANCED,0.0,3. Sector Specific Leveraged (Bull),"MicroSectors U.S. Energy (XOM, CVX, COP)",+3x
2023-11-27,WTIU,ARCX:WTIU,0.0,16.48,-0.0114,3133000.0,0.0,0.0,0.0,0.0,0.0,BALANCED,0.0,3. Sector Specific Leveraged (Bull),"MicroSectors U.S. Energy (XOM, CVX, COP)",+3x
2023-11-28,WTIU,ARCX:WTIU,0.0,16.51,0.0018,3133000.0,0.0,0.0,0.0,0.0,0.0,BALANCED,0.0,3. Sector Specific Leveraged (Bull),"MicroSectors U.S. Energy (XOM, CVX, COP)",+3x
2023-11-29,WTIU,ARCX:WTIU,0.0,16.21,-0.0183,3133000.0,0.0,0.0,0.0,0.0,0.0,BALANCED,0.0,3. Sector Specific Leveraged (Bull),"MicroSectors U.S. Energy (XOM, CVX, COP)",+3x
2023-11-30,WTIU,ARCX:WTIU,0.0,16.48,0.0168,3133000.0,0.0,0.0,0.0,0.0,0.0,BALANCED,0.0,3. Sector Specific Leveraged (Bull),"MicroSectors U.S. Energy (XOM, CVX, COP)",+3x
2023-12-01,WTIU,ARCX:WTIU,0.0,16.66,0.0108,3133000.0,0.0,0.0,0.0,0.0,0.0,BALANCED,0.0,3. Sector Specific Leveraged (Bull),"MicroSectors U.S. Energy (XOM, CVX, COP)",+3x
2023-12-04,WTIU,ARCX:WTIU,0.0,16.34,-0.0192,3133000.0,0.0,0.0,0.0,0.0,0.0,BALANCED,0.0,3. Sector Specific Leveraged (Bull),"MicroSectors U.S. Energy (XOM, CVX, COP)",+3x
2023-12-05,WTIU,ARCX:WTIU,0.0,15.59,-0.0458,3133000.0,0.0,0.0,0.0,0.0,0.0,BALANCED,0.0,3. Sector Specific Leveraged (Bull),"MicroSectors U.S. Energy (XOM, CVX, COP)",+3x
2023-12-06,WTIU,ARCX:WTIU,0.0,14.75,-0.054,3133000.0,0.0,0.0,0.0,0.0,0.0,BALANCED,0.0,3. Sector Specific Leveraged (Bull),"MicroSectors U.S. Energy (XOM, CVX, COP)",+3x
2023-12-07,WTIU,ARCX:WTIU,0.0,14.62,-0.0085,3133000.0,0.0,0.0,0.0,0.0,0.0,BALANCED,0.0,3. Sector Specific Leveraged (Bull),"MicroSectors U.S. Energy (XOM, CVX, COP)",+3x
2023-12-08,WTIU,ARCX:WTIU,0.0,15.04,0.0288,3133000.0,0.0,0.0,0.0,0.0,0.0,BALANCED,0.0,3. Sector Specific Leveraged (Bull),"MicroSectors U.S. Energy (XOM, CVX, COP)",+3x
2023-12-11,WTIU,ARCX:WTIU,0.0,15.17,0.0087,3133000.0,0.0,0.0,0.0,0.0,0.0,BALANCED,0.0,3. Sector Specific Leveraged (Bull),"MicroSectors U.S. Energy (XOM, CVX, COP)",+3x
2023-12-12,WTIU,ARCX:WTIU,0.0,14.47,-0.0467,3133000.0,0.0,0.0,0.0,0.0,0.0,BALANCED,0.0,3. Sector Specific Leveraged (Bull),"MicroSectors U.S. Energy (XOM, CVX, COP)",+3x
2023-12-13,WTIU,ARCX:WTIU,0.0,15.17,0.0486,3133000.0,0.0,0.0,0.0,0.0,0.0,BALANCED,0.0,3. Sector Specific Leveraged (Bull),"MicroSectors U.S. Energy (XOM, CVX, COP)",+3x
2023-12-14,WTIU,ARCX:WTIU,0.0,16.5,0.088,3133000.0,0.0,0.0,0.0,0.0,0.0,BALANCED,0.0,3. Sector Specific Leveraged (Bull),"MicroSectors U.S. Energy (XOM, CVX, COP)",+3x
2023-12-15,WTIU,ARCX:WTIU,0.0,16.23,-0.0164,3133000.0,0.0,0.0,0.0,0.0,0.0,BALANCED,0.0,3. Sector Specific Leveraged (Bull),"MicroSectors U.S. Energy (XOM, CVX, COP)",+3x
2023-12-18,WTIU,ARCX:WTIU,0.0,16.66,0.0266,3133000.0,0.0,0.0,0.0,0.0,0.0,BALANCED,0.0,3. Sector Specific Leveraged (Bull),"MicroSectors U.S. Energy (XOM, CVX, COP)",+3x
2023-12-19,WTIU,ARCX:WTIU,0.0,17.31,0.0389,3133000.0,0.0,0.0,0.0,0.0,0.0,BALANCED,0.0,3. Sector Specific Leveraged (Bull),"MicroSectors U.S. Energy (XOM, CVX, COP)",+3x
2023-12-20,WTIU,ARCX:WTIU,0.0,16.86,-0.026,3133000.0,0.0,0.0,0.0,0.0,0.0,BALANCED,0.0,3. Sector Specific Leveraged (Bull),"MicroSectors U.S. Energy (XOM, CVX, COP)",+3x
2023-12-21,WTIU,ARCX:WTIU,0.0,16.99,0.0074,3133000.0,0.0,0.0,0.0,0.0,0.0,BALANCED,0.0,3. Sector Specific Leveraged (Bull),"MicroSectors U.S. Energy (XOM, CVX, COP)",+3x
2023-12-22,WTIU,ARCX:WTIU,0.0,17.06,0.0044,3133000.0,0.0,0.0,0.0,0.0,0.0,BALANCED,0.0,3. Sector Specific Leveraged (Bull),"MicroSectors U.S. Energy (XOM, CVX, COP)",+3x
2023-12-26,WTIU,ARCX:WTIU,0.0,17.52,0.0268,3133000.0,0.0,0.0,0.0,0.0,0.0,BALANCED,0.0,3. Sector Specific Leveraged (Bull),"MicroSectors U.S. Energy (XOM, CVX, COP)",+3x
2023-12-27,WTIU,ARCX:WTIU,0.0,17.22,-0.0169,3133000.0,0.0,0.0,0.0,0.0,0.0,BALANCED,0.0,3. Sector Specific Leveraged (Bull),"MicroSectors U.S. Energy (XOM, CVX, COP)",+3x
2023-12-28,WTIU,ARCX:WTIU,0.0,16.34,-0.0512,3133000.0,0.0,0.0,0.0,0.0,0.0,BALANCED,0.0,3. Sector Specific Leveraged (Bull),"MicroSectors U.S. Energy (XOM, CVX, COP)",+3x
2023-12-29,WTIU,ARCX:WTIU,0.0,16.23,-0.0067,3133000.0,0.0,0.0,0.0,0.0,0.0,BALANCED,0.0,3. Sector Specific Leveraged (Bull),"MicroSectors U.S. Energy (XOM, CVX, COP)",+3x
2024-01-02,WTIU,ARCX:WTIU,0.0,16.8,0.0349,3133000.0,0.0,0.0,0.0,0.0,0.0,BALANCED,0.0,3. Sector Specific Leveraged (Bull),"MicroSectors U.S. Energy (XOM, CVX, COP)",+3x
2024-01-03,WTIU,ARCX:WTIU,0.0,17.67,0.0521,3133000.0,0.0,0.0,0.0,0.0,0.0,BALANCED,0.0,3. Sector Specific Leveraged (Bull),"MicroSectors U.S. Energy (XOM, CVX, COP)",+3x
2024-01-04,WTIU,ARCX:WTIU,0.0,16.69,-0.0557,3133000.0,0.0,0.0,0.0,0.0,0.0,BALANCED,0.0,3. Sector Specific Leveraged (Bull),"MicroSectors U.S. Energy (XOM, CVX, COP)",+3x
2024-01-05,WTIU,ARCX:WTIU,0.0,16.62,-0.004,3133000.0,0.0,0.0,0.0,0.0,0.0,BALANCED,0.0,3. Sector Specific Leveraged (Bull),"MicroSectors U.S. Energy (XOM, CVX, COP)",+3x
2024-01-08,WTIU,ARCX:WTIU,0.0,16.16,-0.0278,3133000.0,0.0,0.0,0.0,0.0,0.0,BALANCED,0.0,3. Sector Specific Leveraged (Bull),"MicroSectors U.S. Energy (XOM, CVX, COP)",+3x
2024-01-09,WTIU,ARCX:WTIU,0.0,15.36,-0.0498,3133000.0,0.0,0.0,0.0,0.0,0.0,BALANCED,0.0,3. Sector Specific Leveraged (Bull),"MicroSectors U.S. Energy (XOM, CVX, COP)",+3x
2024-01-10,WTIU,ARCX:WTIU,0.0,14.79,-0.037,3133000.0,0.0,0.0,0.0,0.0,0.0,BALANCED,0.0,3. Sector Specific Leveraged (Bull),"MicroSectors U.S. Energy (XOM, CVX, COP)",+3x
2024-01-11,WTIU,ARCX:WTIU,0.0,14.96,0.0117,3133000.0,0.0,0.0,0.0,0.0,0.0,BALANCED,0.0,3. Sector Specific Leveraged (Bull),"MicroSectors U.S. Energy (XOM, CVX, COP)",+3x
2024-01-12,WTIU,ARCX:WTIU,0.0,15.51,0.0367,3133000.0,0.0,0.0,0.0,0.0,0.0,BALANCED,0.0,3. Sector Specific Leveraged (Bull),"MicroSectors U.S. Energy (XOM, CVX, COP)",+3x
2024-01-16,WTIU,ARCX:WTIU,0.0,14.37,-0.0735,3133000.0,0.0,0.0,0.0,0.0,0.0,BALANCED,0.0,3. Sector Specific Leveraged (Bull),"MicroSectors U.S. Energy (XOM, CVX, COP)",+3x
2024-01-17,WTIU,ARCX:WTIU,0.0,13.98,-0.027,3133000.0,0.0,0.0,0.0,0.0,0.0,BALANCED,0.0,3. Sector Specific Leveraged (Bull),"MicroSectors U.S. Energy (XOM, CVX, COP)",+3x
2024-01-18,WTIU,ARCX:WTIU,0.0,13.83,-0.0107,3133000.0,0.0,0.0,0.0,0.0,0.0,BALANCED,0.0,3. Sector Specific Leveraged (Bull),"MicroSectors U.S. Energy (XOM, CVX, COP)",+3x
2024-01-19,WTIU,ARCX:WTIU,0.0,14.0,0.0121,3133000.0,0.0,0.0,0.0,0.0,0.0,BALANCED,0.0,3. Sector Specific Leveraged (Bull),"MicroSectors U.S. Energy (XOM, CVX, COP)",+3x
2024-01-22,WTIU,ARCX:WTIU,0.0,14.1,0.0068,3133000.0,0.0,0.0,0.0,0.0,0.0,BALANCED,0.0,3. Sector Specific Leveraged (Bull),"MicroSectors U.S. Energy (XOM, CVX, COP)",+3x
2024-01-23,WTIU,ARCX:WTIU,0.0,14.19,0.0068,3133000.0,0.0,0.0,0.0,0.0,0.0,BALANCED,0.0,3. Sector Specific Leveraged (Bull),"MicroSectors U.S. Energy (XOM, CVX, COP)",+3x
2024-01-24,WTIU,ARCX:WTIU,0.0,14.83,0.0451,3133000.0,0.0,0.0,0.0,0.0,0.0,BALANCED,0.0,3. Sector Specific Leveraged (Bull),"MicroSectors U.S. Energy (XOM, CVX, COP)",+3x
2024-01-25,WTIU,ARCX:WTIU,0.0,15.86,0.0691,3133000.0,0.0,0.0,0.0,0.0,0.0,BALANCED,0.0,3. Sector Specific Leveraged (Bull),"MicroSectors U.S. Energy (XOM, CVX, COP)",+3x
2024-01-26,WTIU,ARCX:WTIU,0.0,16.23,0.0235,3133000.0,0.0,0.0,0.0,0.0,0.0,BALANCED,0.0,3. Sector Specific Leveraged (Bull),"MicroSectors U.S. Energy (XOM, CVX, COP)",+3x
2024-01-29,WTIU,ARCX:WTIU,0.0,16.09,-0.0087,3133000.0,0.0,0.0,0.0,0.0,0.0,BALANCED,0.0,3. Sector Specific Leveraged (Bull),"MicroSectors U.S. Energy (XOM, CVX, COP)",+3x
2024-01-30,WTIU,ARCX:WTIU,0.0,16.93,0.0522,3133000.0,0.0,0.0,0.0,0.0,0.0,BALANCED,0.0,3. Sector Specific Leveraged (Bull),"MicroSectors U.S. Energy (XOM, CVX, COP)",+3x
2024-01-31,WTIU,ARCX:WTIU,0.0,15.97,-0.0567,3133000.0,0.0,0.0,0.0,0.0,0.0,BALANCED,0.0,3. Sector Specific Leveraged (Bull),"MicroSectors U.S. Energy (XOM, CVX, COP)",+3x
2024-02-01,WTIU,ARCX:WTIU,0.0,15.91,-0.004,3133000.0,0.0,0.0,0.0,0.0,0.0,BALANCED,0.0,3. Sector Specific Leveraged (Bull),"MicroSectors U.S. Energy (XOM, CVX, COP)",+3x
2024-02-02,WTIU,ARCX:WTIU,0.0,15.98,0.0047,3133000.0,0.0,0.0,0.0,0.0,0.0,BALANCED,0.0,3. Sector Specific Leveraged (Bull),"MicroSectors U.S. Energy (XOM, CVX, COP)",+3x
2024-02-05,WTIU,ARCX:WTIU,0.0,15.96,-0.0015,3133000.0,0.0,0.0,0.0,0.0,0.0,BALANCED,0.0,3. Sector Specific Leveraged (Bull),"MicroSectors U.S. Energy (XOM, CVX, COP)",+3x
2024-02-06,WTIU,ARCX:WTIU,0.0,16.1,0.009,3133000.0,0.0,0.0,0.0,0.0,0.0,BALANCED,0.0,3. Sector Specific Leveraged (Bull),"MicroSectors U.S. Energy (XOM, CVX, COP)",+3x
2024-02-07,WTIU,ARCX:WTIU,0.0,16.25,0.0091,3133000.0,0.0,0.0,0.0,0.0,0.0,BALANCED,0.0,3. Sector Specific Leveraged (Bull),"MicroSectors U.S. Energy (XOM, CVX, COP)",+3x
2024-02-08,WTIU,ARCX:WTIU,0.0,16.8,0.034,3133000.0,0.0,0.0,0.0,0.0,0.0,BALANCED,0.0,3. Sector Specific Leveraged (Bull),"MicroSectors U.S. Energy (XOM, CVX, COP)",+3x
2024-02-09,WTIU,ARCX:WTIU,0.0,15.99,-0.0484,3133000.0,0.0,0.0,0.0,0.0,0.0,BALANCED,0.0,3. Sector Specific Leveraged (Bull),"MicroSectors U.S. Energy (XOM, CVX, COP)",+3x
2024-02-12,WTIU,ARCX:WTIU,0.0,16.44,0.0282,3133000.0,0.0,0.0,0.0,0.0,0.0,BALANCED,0.0,3. Sector Specific Leveraged (Bull),"MicroSectors U.S. Energy (XOM, CVX, COP)",+3x
2024-02-13,WTIU,ARCX:WTIU,0.0,16.08,-0.0219,3133000.0,0.0,0.0,0.0,0.0,0.0,BALANCED,0.0,3. Sector Specific Leveraged (Bull),"MicroSectors U.S. Energy (XOM, CVX, COP)",+3x
2024-02-14,WTIU,ARCX:WTIU,0.0,16.05,-0.002,3133000.0,0.0,0.0,0.0,0.0,0.0,BALANCED,0.0,3. Sector Specific Leveraged (Bull),"MicroSectors U.S. Energy (XOM, CVX, COP)",+3x
2024-02-15,WTIU,ARCX:WTIU,0.0,17.37,0.0826,3133000.0,0.0,0.0,0.0,0.0,0.0,BALANCED,0.0,3. Sector Specific Leveraged (Bull),"MicroSectors U.S. Energy (XOM, CVX, COP)",+3x
2024-02-16,WTIU,ARCX:WTIU,0.0,17.3,-0.0043,3133000.0,0.0,0.0,0.0,0.0,0.0,BALANCED,0.0,3. Sector Specific Leveraged (Bull),"MicroSectors U.S. Energy (XOM, CVX, COP)",+3x
2024-02-20,WTIU,ARCX:WTIU,0.0,16.64,-0.0383,3133000.0,0.0,0.0,0.0,0.0,0.0,BALANCED,0.0,3. Sector Specific Leveraged (Bull),"MicroSectors U.S. Energy (XOM, CVX, COP)",+3x
2024-02-21,WTIU,ARCX:WTIU,0.0,17.49,0.0513,3133000.0,0.0,0.0,0.0,0.0,0.0,BALANCED,0.0,3. Sector Specific Leveraged (Bull),"MicroSectors U.S. Energy (XOM, CVX, COP)",+3x
2024-02-22,WTIU,ARCX:WTIU,0.0,17.6,0.0063,3133000.0,0.0,0.0,0.0,0.0,0.0,BALANCED,0.0,3. Sector Specific Leveraged (Bull),"MicroSectors U.S. Energy (XOM, CVX, COP)",+3x
2024-02-23,WTIU,ARCX:WTIU,0.0,17.32,-0.0157,3133000.0,0.0,0.0,0.0,0.0,0.0,BALANCED,0.0,3. Sector Specific Leveraged (Bull),"MicroSectors U.S. Energy (XOM, CVX, COP)",+3x
2024-02-26,WTIU,ARCX:WTIU,0.0,17.62,0.017,3133000.0,0.0,0.0,0.0,0.0,0.0,BALANCED,0.0,3. Sector Specific Leveraged (Bull),"MicroSectors U.S. Energy (XOM, CVX, COP)",+3x
2024-02-27,WTIU,ARCX:WTIU,0.0,17.27,-0.0196,3133000.0,0.0,0.0,0.0,0.0,0.0,BALANCED,0.0,3. Sector Specific Leveraged (Bull),"MicroSectors U.S. Energy (XOM, CVX, COP)",+3x
2024-02-28,WTIU,ARCX:WTIU,0.0,17.05,-0.013,3133000.0,0.0,0.0,0.0,0.0,0.0,BALANCED,0.0,3. Sector Specific Leveraged (Bull),"MicroSectors U.S. Energy (XOM, CVX, COP)",+3x
2024-02-29,WTIU,ARCX:WTIU,0.0,17.27,0.0129,3133000.0,0.0,0.0,0.0,0.0,0.0,BALANCED,0.0,3. Sector Specific Leveraged (Bull),"MicroSectors U.S. Energy (XOM, CVX, COP)",+3x
2024-03-01,WTIU,ARCX:WTIU,0.0,17.94,0.0392,3133000.0,0.0,0.0,0.0,0.0,0.0,BALANCED,0.0,3. Sector Specific Leveraged (Bull),"MicroSectors U.S. Energy (XOM, CVX, COP)",+3x
2024-03-04,WTIU,ARCX:WTIU,0.0,17.3,-0.036,3133000.0,0.0,0.0,0.0,0.0,0.0,BALANCED,0.0,3. Sector Specific Leveraged (Bull),"MicroSectors U.S. Energy (XOM, CVX, COP)",+3x
2024-03-05,WTIU,ARCX:WTIU,0.0,17.59,0.0171,3133000.0,0.0,0.0,0.0,0.0,0.0,BALANCED,0.0,3. Sector Specific Leveraged (Bull),"MicroSectors U.S. Energy (XOM, CVX, COP)",+3x
2024-03-06,WTIU,ARCX:WTIU,0.0,17.71,0.0066,3133000.0,0.0,0.0,0.0,0.0,0.0,BALANCED,0.0,3. Sector Specific Leveraged (Bull),"MicroSectors U.S. Energy (XOM, CVX, COP)",+3x
2024-03-07,WTIU,ARCX:WTIU,0.0,18.24,0.0301,3133000.0,0.0,0.0,0.0,0.0,0.0,BALANCED,0.0,3. Sector Specific Leveraged (Bull),"MicroSectors U.S. Energy (XOM, CVX, COP)",+3x
2024-03-08,WTIU,ARCX:WTIU,0.0,18.46,0.012,3133000.0,0.0,0.0,0.0,0.0,0.0,BALANCED,0.0,3. Sector Specific Leveraged (Bull),"MicroSectors U.S. Energy (XOM, CVX, COP)",+3x
2024-03-11,WTIU,ARCX:WTIU,0.0,19.01,0.03,3133000.0,0.0,0.0,0.0,0.0,0.0,BALANCED,0.0,3. Sector Specific Leveraged (Bull),"MicroSectors U.S. Energy (XOM, CVX, COP)",+3x
2024-03-12,WTIU,ARCX:WTIU,0.0,18.88,-0.007,3133000.0,0.0,0.0,0.0,0.0,0.0,BALANCED,0.0,3. Sector Specific Leveraged (Bull),"MicroSectors U.S. Energy (XOM, CVX, COP)",+3x
2024-03-13,WTIU,ARCX:WTIU,0.0,20.0,0.0593,3133000.0,0.0,0.0,0.0,0.0,0.0,BALANCED,0.0,3. Sector Specific Leveraged (Bull),"MicroSectors U.S. Energy (XOM, CVX, COP)",+3x
2024-03-14,WTIU,ARCX:WTIU,0.0,20.7,0.0349,3133000.0,0.0,0.0,0.0,0.0,0.0,BALANCED,0.0,3. Sector Specific Leveraged (Bull),"MicroSectors U.S. Energy (XOM, CVX, COP)",+3x
2024-03-15,WTIU,ARCX:WTIU,0.0,20.99,0.0143,3133000.0,0.0,0.0,0.0,0.0,0.0,BALANCED,0.0,3. Sector Specific Leveraged (Bull),"MicroSectors U.S. Energy (XOM, CVX, COP)",+3x
2024-03-18,WTIU,ARCX:WTIU,0.0,21.13,0.0064,3133000.0,0.0,0.0,0.0,0.0,0.0,BALANCED,0.0,3. Sector Specific Leveraged (Bull),"MicroSectors U.S. Energy (XOM, CVX, COP)",+3x
2024-03-19,WTIU,ARCX:WTIU,0.0,21.77,0.0306,3133000.0,0.0,0.0,0.0,0.0,0.0,BALANCED,0.0,3. Sector Specific Leveraged (Bull),"MicroSectors U.S. Energy (XOM, CVX, COP)",+3x
2024-03-20,WTIU,ARCX:WTIU,0.0,21.69,-0.0037,3133000.0,0.0,0.0,0.0,0.0,0.0,BALANCED,0.0,3. Sector Specific Leveraged (Bull),"MicroSectors U.S. Energy (XOM, CVX, COP)",+3x
2024-03-21,WTIU,ARCX:WTIU,0.0,21.98,0.0132,3133000.0,0.0,0.0,0.0,0.0,0.0,BALANCED,0.0,3. Sector Specific Leveraged (Bull),"MicroSectors U.S. Energy (XOM, CVX, COP)",+3x
2024-03-22,WTIU,ARCX:WTIU,0.0,21.87,-0.0047,3133000.0,0.0,0.0,0.0,0.0,0.0,BALANCED,0.0,3. Sector Specific Leveraged (Bull),"MicroSectors U.S. Energy (XOM, CVX, COP)",+3x
2024-03-25,WTIU,ARCX:WTIU,0.0,22.43,0.0256,3133000.0,0.0,0.0,0.0,0.0,0.0,BALANCED,0.0,3. Sector Specific Leveraged (Bull),"MicroSectors U.S. Energy (XOM, CVX, COP)",+3x
2024-03-26,WTIU,ARCX:WTIU,0.0,21.87,-0.0252,3133000.0,0.0,0.0,0.0,0.0,0.0,BALANCED,0.0,3. Sector Specific Leveraged (Bull),"MicroSectors U.S. Energy (XOM, CVX, COP)",+3x
2024-03-27,WTIU,ARCX:WTIU,0.0,22.41,0.0251,3133000.0,0.0,0.0,0.0,0.0,0.0,BALANCED,0.0,3. Sector Specific Leveraged (Bull),"MicroSectors U.S. Energy (XOM, CVX, COP)",+3x
2024-03-28,WTIU,ARCX:WTIU,0.0,23.24,0.0368,3133000.0,0.0,0.0,0.0,0.0,0.0,BALANCED,0.0,3. Sector Specific Leveraged (Bull),"MicroSectors U.S. Energy (XOM, CVX, COP)",+3x
2024-04-01,WTIU,ARCX:WTIU,0.0,23.91,0.0289,3133000.0,0.0,0.0,0.0,0.0,0.0,BALANCED,0.0,3. Sector Specific Leveraged (Bull),"MicroSectors U.S. Energy (XOM, CVX, COP)",+3x
2024-04-02,WTIU,ARCX:WTIU,0.0,25.12,0.0504,3133000.0,0.0,0.0,0.0,0.0,0.0,BALANCED,0.0,3. Sector Specific Leveraged (Bull),"MicroSectors U.S. Energy (XOM, CVX, COP)",+3x
2024-04-03,WTIU,ARCX:WTIU,0.0,25.75,0.0253,3133000.0,0.0,0.0,0.0,0.0,0.0,BALANCED,0.0,3. Sector Specific Leveraged (Bull),"MicroSectors U.S. Energy (XOM, CVX, COP)",+3x
2024-04-04,WTIU,ARCX:WTIU,0.0,25.73,-0.0011,3133000.0,0.0,0.0,0.0,0.0,0.0,BALANCED,0.0,3. Sector Specific Leveraged (Bull),"MicroSectors U.S. Energy (XOM, CVX, COP)",+3x
2024-04-05,WTIU,ARCX:WTIU,0.0,26.66,0.0362,3133000.0,0.0,0.0,0.0,0.0,0.0,BALANCED,0.0,3. Sector Specific Leveraged (Bull),"MicroSectors U.S. Energy (XOM, CVX, COP)",+3x
2024-04-08,WTIU,ARCX:WTIU,0.0,26.11,-0.0205,3133000.0,0.0,0.0,0.0,0.0,0.0,BALANCED,0.0,3. Sector Specific Leveraged (Bull),"MicroSectors U.S. Energy (XOM, CVX, COP)",+3x
2024-04-09,WTIU,ARCX:WTIU,0.0,25.98,-0.0052,3133000.0,0.0,0.0,0.0,0.0,0.0,BALANCED,0.0,3. Sector Specific Leveraged (Bull),"MicroSectors U.S. Energy (XOM, CVX, COP)",+3x
2024-04-10,WTIU,ARCX:WTIU,0.0,26.33,0.0135,3133000.0,0.0,0.0,0.0,0.0,0.0,BALANCED,0.0,3. Sector Specific Leveraged (Bull),"MicroSectors U.S. Energy (XOM, CVX, COP)",+3x
2024-04-11,WTIU,ARCX:WTIU,0.0,26.27,-0.0024,3133000.0,0.0,0.0,0.0,0.0,0.0,BALANCED,0.0,3. Sector Specific Leveraged (Bull),"MicroSectors U.S. Energy (XOM, CVX, COP)",+3x
2024-04-12,WTIU,ARCX:WTIU,0.0,25.12,-0.0438,3133000.0,0.0,0.0,0.0,0.0,0.0,BALANCED,0.0,3. Sector Specific Leveraged (Bull),"MicroSectors U.S. Energy (XOM, CVX, COP)",+3x
2024-04-15,WTIU,ARCX:WTIU,0.0,24.37,-0.0296,3133000.0,0.0,0.0,0.0,0.0,0.0,BALANCED,0.0,3. Sector Specific Leveraged (Bull),"MicroSectors U.S. Energy (XOM, CVX, COP)",+3x
2024-04-16,WTIU,ARCX:WTIU,0.0,23.65,-0.0296,3133000.0,0.0,0.0,0.0,0.0,0.0,BALANCED,0.0,3. Sector Specific Leveraged (Bull),"MicroSectors U.S. Energy (XOM, CVX, COP)",+3x
2024-04-17,WTIU,ARCX:WTIU,0.0,23.31,-0.0144,3133000.0,0.0,0.0,0.0,0.0,0.0,BALANCED,0.0,3. Sector Specific Leveraged (Bull),"MicroSectors U.S. Energy (XOM, CVX, COP)",+3x
2024-04-18,WTIU,ARCX:WTIU,0.0,22.88,-0.0183,3133000.0,0.0,0.0,0.0,0.0,0.0,BALANCED,0.0,3. Sector Specific Leveraged (Bull),"MicroSectors U.S. Energy (XOM, CVX, COP)",+3x
2024-04-19,WTIU,ARCX:WTIU,0.0,23.62,0.032,3133000.0,0.0,0.0,0.0,0.0,0.0,BALANCED,0.0,3. Sector Specific Leveraged (Bull),"MicroSectors U.S. Energy (XOM, CVX, COP)",+3x
2024-04-22,WTIU,ARCX:WTIU,0.0,24.17,0.0235,3133000.0,0.0,0.0,0.0,0.0,0.0,BALANCED,0.0,3. Sector Specific Leveraged (Bull),"MicroSectors U.S. Energy (XOM, CVX, COP)",+3x
2024-04-23,WTIU,ARCX:WTIU,0.0,24.62,0.0186,3133000.0,0.0,0.0,0.0,0.0,0.0,BALANCED,0.0,3. Sector Specific Leveraged (Bull),"MicroSectors U.S. Energy (XOM, CVX, COP)",+3x
2024-04-24,WTIU,ARCX:WTIU,0.0,24.63,0.0003,3133000.0,0.0,0.0,0.0,0.0,0.0,BALANCED,0.0,3. Sector Specific Leveraged (Bull),"MicroSectors U.S. Energy (XOM, CVX, COP)",+3x
2024-04-25,WTIU,ARCX:WTIU,0.0,24.97,0.0138,3133000.0,0.0,0.0,0.0,0.0,0.0,BALANCED,0.0,3. Sector Specific Leveraged (Bull),"MicroSectors U.S. Energy (XOM, CVX, COP)",+3x
2024-04-26,WTIU,ARCX:WTIU,0.0,24.35,-0.0248,3133000.0,0.0,0.0,0.0,0.0,0.0,BALANCED,0.0,3. Sector Specific Leveraged (Bull),"MicroSectors U.S. Energy (XOM, CVX, COP)",+3x
2024-04-29,WTIU,ARCX:WTIU,0.0,24.77,0.0172,3133000.0,0.0,0.0,0.0,0.0,0.0,BALANCED,0.0,3. Sector Specific Leveraged (Bull),"MicroSectors U.S. Energy (XOM, CVX, COP)",+3x
2024-04-30,WTIU,ARCX:WTIU,0.0,22.16,-0.1051,3133000.0,0.0,0.0,0.0,0.0,0.0,BALANCED,0.0,3. Sector Specific Leveraged (Bull),"MicroSectors U.S. Energy (XOM, CVX, COP)",+3x
2024-05-01,WTIU,ARCX:WTIU,0.0,21.1,-0.0479,3133000.0,0.0,0.0,0.0,0.0,0.0,BALANCED,0.0,3. Sector Specific Leveraged (Bull),"MicroSectors U.S. Energy (XOM, CVX, COP)",+3x
2024-05-02,WTIU,ARCX:WTIU,0.0,21.5,0.019,3133000.0,0.0,0.0,0.0,0.0,0.0,BALANCED,0.0,3. Sector Specific Leveraged (Bull),"MicroSectors U.S. Energy (XOM, CVX, COP)",+3x
2024-05-03,WTIU,ARCX:WTIU,0.0,21.41,-0.0043,3133000.0,0.0,0.0,0.0,0.0,0.0,BALANCED,0.0,3. Sector Specific Leveraged (Bull),"MicroSectors U.S. Energy (XOM, CVX, COP)",+3x
2024-05-06,WTIU,ARCX:WTIU,0.0,21.86,0.021,3133000.0,0.0,0.0,0.0,0.0,0.0,BALANCED,0.0,3. Sector Specific Leveraged (Bull),"MicroSectors U.S. Energy (XOM, CVX, COP)",+3x
2024-05-07,WTIU,ARCX:WTIU,0.0,21.76,-0.0044,3133000.0,0.0,0.0,0.0,0.0,0.0,BALANCED,0.0,3. Sector Specific Leveraged (Bull),"MicroSectors U.S. Energy (XOM, CVX, COP)",+3x
2024-05-08,WTIU,ARCX:WTIU,0.0,21.58,-0.0082,3133000.0,0.0,0.0,0.0,0.0,0.0,BALANCED,0.0,3. Sector Specific Leveraged (Bull),"MicroSectors U.S. Energy (XOM, CVX, COP)",+3x
2024-05-09,WTIU,ARCX:WTIU,0.0,22.28,0.0323,3133000.0,0.0,0.0,0.0,0.0,0.0,BALANCED,0.0,3. Sector Specific Leveraged (Bull),"MicroSectors U.S. Energy (XOM, CVX, COP)",+3x
2024-05-10,WTIU,ARCX:WTIU,0.0,21.73,-0.0248,3133000.0,0.0,0.0,0.0,0.0,0.0,BALANCED,0.0,3. Sector Specific Leveraged (Bull),"MicroSectors U.S. Energy (XOM, CVX, COP)",+3x
2024-05-13,WTIU,ARCX:WTIU,0.0,21.38,-0.016,3133000.0,0.0,0.0,0.0,0.0,0.0,BALANCED,0.0,3. Sector Specific Leveraged (Bull),"MicroSectors U.S. Energy (XOM, CVX, COP)",+3x
2024-05-14,WTIU,ARCX:WTIU,0.0,21.24,-0.0067,3133000.0,0.0,0.0,0.0,0.0,0.0,BALANCED,0.0,3. Sector Specific Leveraged (Bull),"MicroSectors U.S. Energy (XOM, CVX, COP)",+3x
2024-05-15,WTIU,ARCX:WTIU,0.0,21.23,-0.0003,3133000.0,0.0,0.0,0.0,0.0,0.0,BALANCED,0.0,3. Sector Specific Leveraged (Bull),"MicroSectors U.S. Energy (XOM, CVX, COP)",+3x
2024-05-16,WTIU,ARCX:WTIU,0.0,20.95,-0.0134,3133000.0,0.0,0.0,0.0,0.0,0.0,BALANCED,0.0,3. Sector Specific Leveraged (Bull),"MicroSectors U.S. Energy (XOM, CVX, COP)",+3x
2024-05-17,WTIU,ARCX:WTIU,0.0,21.94,0.0473,3133000.0,0.0,0.0,0.0,0.0,0.0,BALANCED,0.0,3. Sector Specific Leveraged (Bull),"MicroSectors U.S. Energy (XOM, CVX, COP)",+3x
2024-05-20,WTIU,ARCX:WTIU,0.0,21.42,-0.0237,3133000.0,0.0,0.0,0.0,0.0,0.0,BALANCED,0.0,3. Sector Specific Leveraged (Bull),"MicroSectors U.S. Energy (XOM, CVX, COP)",+3x
2024-05-21,WTIU,ARCX:WTIU,0.0,21.07,-0.0163,3133000.0,0.0,0.0,0.0,0.0,0.0,BALANCED,0.0,3. Sector Specific Leveraged (Bull),"MicroSectors U.S. Energy (XOM, CVX, COP)",+3x
2024-05-22,WTIU,ARCX:WTIU,0.0,20.12,-0.0451,3133000.0,0.0,0.0,0.0,0.0,0.0,BALANCED,0.0,3. Sector Specific Leveraged (Bull),"MicroSectors U.S. Energy (XOM, CVX, COP)",+3x
2024-05-23,WTIU,ARCX:WTIU,0.0,19.69,-0.0214,3133000.0,0.0,0.0,0.0,0.0,0.0,BALANCED,0.0,3. Sector Specific Leveraged (Bull),"MicroSectors U.S. Energy (XOM, CVX, COP)",+3x
2024-05-24,WTIU,ARCX:WTIU,0.0,19.74,0.0025,3133000.0,0.0,0.0,0.0,0.0,0.0,BALANCED,0.0,3. Sector Specific Leveraged (Bull),"MicroSectors U.S. Energy (XOM, CVX, COP)",+3x
2024-05-28,WTIU,ARCX:WTIU,0.0,20.36,0.0314,3133000.0,0.0,0.0,0.0,0.0,0.0,BALANCED,0.0,3. Sector Specific Leveraged (Bull),"MicroSectors U.S. Energy (XOM, CVX, COP)",+3x
2024-05-29,WTIU,ARCX:WTIU,0.0,19.12,-0.0609,3133000.0,0.0,0.0,0.0,0.0,0.0,BALANCED,0.0,3. Sector Specific Leveraged (Bull),"MicroSectors U.S. Energy (XOM, CVX, COP)",+3x
2024-05-30,WTIU,ARCX:WTIU,0.0,19.07,-0.0026,3133000.0,0.0,0.0,0.0,0.0,0.0,BALANCED,0.0,3. Sector Specific Leveraged (Bull),"MicroSectors U.S. Energy (XOM, CVX, COP)",+3x
2024-05-31,WTIU,ARCX:WTIU,0.0,20.56,0.0781,3133000.0,0.0,0.0,0.0,0.0,0.0,BALANCED,0.0,3. Sector Specific Leveraged (Bull),"MicroSectors U.S. Energy (XOM, CVX, COP)",+3x
2024-06-03,WTIU,ARCX:WTIU,0.0,18.85,-0.0832,3133000.0,0.0,0.0,0.0,0.0,0.0,BALANCED,0.0,3. Sector Specific Leveraged (Bull),"MicroSectors U.S. Energy (XOM, CVX, COP)",+3x
2024-06-04,WTIU,ARCX:WTIU,0.0,18.38,-0.025,3133000.0,0.0,0.0,0.0,0.0,0.0,BALANCED,0.0,3. Sector Specific Leveraged (Bull),"MicroSectors U.S. Energy (XOM, CVX, COP)",+3x
2024-06-05,WTIU,ARCX:WTIU,0.0,18.27,-0.0061,3133000.0,0.0,0.0,0.0,0.0,0.0,BALANCED,0.0,3. Sector Specific Leveraged (Bull),"MicroSectors U.S. Energy (XOM, CVX, COP)",+3x
2024-06-06,WTIU,ARCX:WTIU,0.0,18.59,0.0176,3133000.0,0.0,0.0,0.0,0.0,0.0,BALANCED,0.0,3. Sector Specific Leveraged (Bull),"MicroSectors U.S. Energy (XOM, CVX, COP)",+3x
2024-06-07,WTIU,ARCX:WTIU,0.0,18.32,-0.0143,3133000.0,0.0,0.0,0.0,0.0,0.0,BALANCED,0.0,3. Sector Specific Leveraged (Bull),"MicroSectors U.S. Energy (XOM, CVX, COP)",+3x
2024-06-10,WTIU,ARCX:WTIU,0.0,18.65,0.0181,3133000.0,0.0,0.0,0.0,0.0,0.0,BALANCED,0.0,3. Sector Specific Leveraged (Bull),"MicroSectors U.S. Energy (XOM, CVX, COP)",+3x
2024-06-11,WTIU,ARCX:WTIU,0.0,18.6,-0.0029,3133000.0,0.0,0.0,0.0,0.0,0.0,BALANCED,0.0,3. Sector Specific Leveraged (Bull),"MicroSectors U.S. Energy (XOM, CVX, COP)",+3x
2024-06-12,WTIU,ARCX:WTIU,0.0,17.77,-0.0446,3133000.0,0.0,0.0,0.0,0.0,0.0,BALANCED,0.0,3. Sector Specific Leveraged (Bull),"MicroSectors U.S. Energy (XOM, CVX, COP)",+3x
2024-06-13,WTIU,ARCX:WTIU,0.0,17.4,-0.0208,3133000.0,0.0,0.0,0.0,0.0,0.0,BALANCED,0.0,3. Sector Specific Leveraged (Bull),"MicroSectors U.S. Energy (XOM, CVX, COP)",+3x
2024-06-14,WTIU,ARCX:WTIU,0.0,17.1,-0.017,3133000.0,0.0,0.0,0.0,0.0,0.0,BALANCED,0.0,3. Sector Specific Leveraged (Bull),"MicroSectors U.S. Energy (XOM, CVX, COP)",+3x
2024-06-17,WTIU,ARCX:WTIU,0.0,17.23,0.0075,3133000.0,0.0,0.0,0.0,0.0,0.0,BALANCED,0.0,3. Sector Specific Leveraged (Bull),"MicroSectors U.S. Energy (XOM, CVX, COP)",+3x
2024-06-18,WTIU,ARCX:WTIU,0.0,17.34,0.0061,3133000.0,0.0,0.0,0.0,0.0,0.0,BALANCED,0.0,3. Sector Specific Leveraged (Bull),"MicroSectors U.S. Energy (XOM, CVX, COP)",+3x
2024-06-20,WTIU,ARCX:WTIU,0.0,18.26,0.0534,3133000.0,0.0,0.0,0.0,0.0,0.0,BALANCED,0.0,3. Sector Specific Leveraged (Bull),"MicroSectors U.S. Energy (XOM, CVX, COP)",+3x
2024-06-21,WTIU,ARCX:WTIU,0.0,17.84,-0.0232,3133000.0,0.0,0.0,0.0,0.0,0.0,BALANCED,0.0,3. Sector Specific Leveraged (Bull),"MicroSectors U.S. Energy (XOM, CVX, COP)",+3x
2024-06-24,WTIU,ARCX:WTIU,0.0,19.17,0.0748,3133000.0,0.0,0.0,0.0,0.0,0.0,BALANCED,0.0,3. Sector Specific Leveraged (Bull),"MicroSectors U.S. Energy (XOM, CVX, COP)",+3x
2024-06-25,WTIU,ARCX:WTIU,0.0,19.27,0.0052,3133000.0,0.0,0.0,0.0,0.0,0.0,BALANCED,0.0,3. Sector Specific Leveraged (Bull),"MicroSectors U.S. Energy (XOM, CVX, COP)",+3x
2024-06-26,WTIU,ARCX:WTIU,0.0,18.8,-0.0244,3133000.0,0.0,0.0,0.0,0.0,0.0,BALANCED,0.0,3. Sector Specific Leveraged (Bull),"MicroSectors U.S. Energy (XOM, CVX, COP)",+3x
2024-06-27,WTIU,ARCX:WTIU,0.0,18.89,0.0046,3133000.0,0.0,0.0,0.0,0.0,0.0,BALANCED,0.0,3. Sector Specific Leveraged (Bull),"MicroSectors U.S. Energy (XOM, CVX, COP)",+3x
2024-06-28,WTIU,ARCX:WTIU,0.0,19.18,0.0154,3133000.0,0.0,0.0,0.0,0.0,0.0,BALANCED,0.0,3. Sector Specific Leveraged (Bull),"MicroSectors U.S. Energy (XOM, CVX, COP)",+3x
2024-07-01,WTIU,ARCX:WTIU,0.0,19.3,0.0065,3133000.0,0.0,0.0,0.0,0.0,0.0,BALANCED,0.0,3. Sector Specific Leveraged (Bull),"MicroSectors U.S. Energy (XOM, CVX, COP)",+3x
2024-07-02,WTIU,ARCX:WTIU,0.0,19.2,-0.0056,3133000.0,0.0,0.0,0.0,0.0,0.0,BALANCED,0.0,3. Sector Specific Leveraged (Bull),"MicroSectors U.S. Energy (XOM, CVX, COP)",+3x
2024-07-03,WTIU,ARCX:WTIU,0.0,19.38,0.0094,3133000.0,0.0,0.0,0.0,0.0,0.0,BALANCED,0.0,3. Sector Specific Leveraged (Bull),"MicroSectors U.S. Energy (XOM, CVX, COP)",+3x
2024-07-05,WTIU,ARCX:WTIU,0.0,18.32,-0.0547,3133000.0,0.0,0.0,0.0,0.0,0.0,BALANCED,0.0,3. Sector Specific Leveraged (Bull),"MicroSectors U.S. Energy (XOM, CVX, COP)",+3x
2024-07-08,WTIU,ARCX:WTIU,0.0,17.81,-0.0275,3133000.0,0.0,0.0,0.0,0.0,0.0,BALANCED,0.0,3. Sector Specific Leveraged (Bull),"MicroSectors U.S. Energy (XOM, CVX, COP)",+3x
2024-07-09,WTIU,ARCX:WTIU,0.0,17.26,-0.0308,3133000.0,0.0,0.0,0.0,0.0,0.0,BALANCED,0.0,3. Sector Specific Leveraged (Bull),"MicroSectors U.S. Energy (XOM, CVX, COP)",+3x
2024-07-10,WTIU,ARCX:WTIU,0.0,17.56,0.0174,3133000.0,0.0,0.0,0.0,0.0,0.0,BALANCED,0.0,3. Sector Specific Leveraged (Bull),"MicroSectors U.S. Energy (XOM, CVX, COP)",+3x
2024-07-11,WTIU,ARCX:WTIU,0.0,18.11,0.031,3133000.0,0.0,0.0,0.0,0.0,0.0,BALANCED,0.0,3. Sector Specific Leveraged (Bull),"MicroSectors U.S. Energy (XOM, CVX, COP)",+3x
2024-07-12,WTIU,ARCX:WTIU,0.0,18.15,0.0024,3133000.0,0.0,0.0,0.0,0.0,0.0,BALANCED,0.0,3. Sector Specific Leveraged (Bull),"MicroSectors U.S. Energy (XOM, CVX, COP)",+3x
2024-07-15,WTIU,ARCX:WTIU,0.0,19.0,0.0467,3133000.0,0.0,0.0,0.0,0.0,0.0,BALANCED,0.0,3. Sector Specific Leveraged (Bull),"MicroSectors U.S. Energy (XOM, CVX, COP)",+3x
2024-07-16,WTIU,ARCX:WTIU,6483000.0,19.07,0.0036,9616000.0,6483000.0,0.0,5.2947,6483000.0,6483000.0,ACCUMULATION,100.0,3. Sector Specific Leveraged (Bull),"MicroSectors U.S. Energy (XOM, CVX, COP)",+3x
2024-07-17,WTIU,ARCX:WTIU,0.0,19.71,0.0335,9616000.0,0.0,0.0,-0.1826,6483000.0,6483000.0,BALANCED,5.4356,3. Sector Specific Leveraged (Bull),"MicroSectors U.S. Energy (XOM, CVX, COP)",+3x
2024-07-18,WTIU,ARCX:WTIU,0.0,19.72,0.0008,9616000.0,0.0,0.0,-0.1826,6483000.0,6483000.0,BALANCED,5.4356,3. Sector Specific Leveraged (Bull),"MicroSectors U.S. Energy (XOM, CVX, COP)",+3x
2024-07-19,WTIU,ARCX:WTIU,0.0,18.89,-0.042,9616000.0,0.0,0.0,-0.1826,6483000.0,6483000.0,BALANCED,5.4356,3. Sector Specific Leveraged (Bull),"MicroSectors U.S. Energy (XOM, CVX, COP)",+3x
2024-07-22,WTIU,ARCX:WTIU,0.0,18.27,-0.0329,9616000.0,0.0,0.0,-0.1826,6483000.0,6483000.0,BALANCED,5.4356,3. Sector Specific Leveraged (Bull),"MicroSectors U.S. Energy (XOM, CVX, COP)",+3x
2024-07-23,WTIU,ARCX:WTIU,0.0,17.33,-0.0515,9616000.0,0.0,0.0,-0.1826,0.0,6483000.0,BALANCED,-4.5644,3. Sector Specific Leveraged (Bull),"MicroSectors U.S. Energy (XOM, CVX, COP)",+3x
2024-07-24,WTIU,ARCX:WTIU,0.0,17.64,0.0179,9616000.0,0.0,0.0,-0.1826,0.0,6483000.0,BALANCED,-4.5644,3. Sector Specific Leveraged (Bull),"MicroSectors U.S. Energy (XOM, CVX, COP)",+3x
2024-07-25,WTIU,ARCX:WTIU,0.0,18.57,0.0528,9616000.0,0.0,0.0,-0.1826,0.0,6483000.0,BALANCED,-4.5644,3. Sector Specific Leveraged (Bull),"MicroSectors U.S. Energy (XOM, CVX, COP)",+3x
2024-07-26,WTIU,ARCX:WTIU,0.0,18.67,0.0055,9616000.0,0.0,0.0,-0.1826,0.0,6483000.0,BALANCED,-4.5644,3. Sector Specific Leveraged (Bull),"MicroSectors U.S. Energy (XOM, CVX, COP)",+3x
2024-07-29,WTIU,ARCX:WTIU,0.0,18.04,-0.034,9616000.0,0.0,0.0,-0.1826,0.0,6483000.0,BALANCED,-4.5644,3. Sector Specific Leveraged (Bull),"MicroSectors U.S. Energy (XOM, CVX, COP)",+3x
2024-07-30,WTIU,ARCX:WTIU,0.0,19.02,0.0546,9616000.0,0.0,0.0,-0.1826,0.0,6483000.0,BALANCED,-4.5644,3. Sector Specific Leveraged (Bull),"MicroSectors U.S. Energy (XOM, CVX, COP)",+3x
2024-07-31,WTIU,ARCX:WTIU,0.0,19.29,0.0137,9616000.0,0.0,0.0,-0.1826,0.0,6483000.0,BALANCED,-4.5644,3. Sector Specific Leveraged (Bull),"MicroSectors U.S. Energy (XOM, CVX, COP)",+3x
2024-08-01,WTIU,ARCX:WTIU,0.0,17.48,-0.0938,9616000.0,0.0,0.0,-0.1826,0.0,6483000.0,BALANCED,-4.5644,3. Sector Specific Leveraged (Bull),"MicroSectors U.S. Energy (XOM, CVX, COP)",+3x
2024-08-02,WTIU,ARCX:WTIU,7978000.0,15.96,-0.087,17594000.0,7978000.0,0.0,4.0631,7978000.0,14461000.0,ACCUMULATION,100.0,3. Sector Specific Leveraged (Bull),"MicroSectors U.S. Energy (XOM, CVX, COP)",+3x
2024-08-05,WTIU,ARCX:WTIU,0.0,15.07,-0.0554,17594000.0,0.0,0.0,-0.2613,7978000.0,14461000.0,BALANCED,3.4681,3. Sector Specific Leveraged (Bull),"MicroSectors U.S. Energy (XOM, CVX, COP)",+3x
2024-08-06,WTIU,ARCX:WTIU,0.0,15.35,0.0183,17594000.0,0.0,0.0,-0.2613,7978000.0,14461000.0,BALANCED,3.4681,3. Sector Specific Leveraged (Bull),"MicroSectors U.S. Energy (XOM, CVX, COP)",+3x
2024-08-07,WTIU,ARCX:WTIU,0.0,15.52,0.0113,17594000.0,0.0,0.0,-0.2613,7978000.0,14461000.0,BALANCED,3.4681,3. Sector Specific Leveraged (Bull),"MicroSectors U.S. Energy (XOM, CVX, COP)",+3x
2024-08-08,WTIU,ARCX:WTIU,0.0,16.59,0.069,17594000.0,0.0,0.0,-0.2613,7978000.0,14461000.0,BALANCED,3.4681,3. Sector Specific Leveraged (Bull),"MicroSectors U.S. Energy (XOM, CVX, COP)",+3x
2024-08-09,WTIU,ARCX:WTIU,0.0,16.74,0.0088,17594000.0,0.0,0.0,-0.2613,0.0,14461000.0,BALANCED,-6.5319,3. Sector Specific Leveraged (Bull),"MicroSectors U.S. Energy (XOM, CVX, COP)",+3x
2024-08-12,WTIU,ARCX:WTIU,0.0,17.07,0.02,17594000.0,0.0,0.0,-0.2613,0.0,14461000.0,BALANCED,-6.5319,3. Sector Specific Leveraged (Bull),"MicroSectors U.S. Energy (XOM, CVX, COP)",+3x
2024-08-13,WTIU,ARCX:WTIU,0.0,16.36,-0.0419,17594000.0,0.0,0.0,-0.2613,0.0,7978000.0,BALANCED,-6.5319,3. Sector Specific Leveraged (Bull),"MicroSectors U.S. Energy (XOM, CVX, COP)",+3x
2024-08-14,WTIU,ARCX:WTIU,0.0,16.64,0.0174,17594000.0,0.0,0.0,-0.2613,0.0,7978000.0,BALANCED,-6.5319,3. Sector Specific Leveraged (Bull),"MicroSectors U.S. Energy (XOM, CVX, COP)",+3x
2024-08-15,WTIU,ARCX:WTIU,0.0,17.27,0.0376,17594000.0,0.0,0.0,-0.2613,0.0,7978000.0,BALANCED,-6.5319,3. Sector Specific Leveraged (Bull),"MicroSectors U.S. Energy (XOM, CVX, COP)",+3x
2024-08-16,WTIU,ARCX:WTIU,0.0,17.19,-0.0048,17594000.0,0.0,0.0,-0.2613,0.0,7978000.0,BALANCED,-6.5319,3. Sector Specific Leveraged (Bull),"MicroSectors U.S. Energy (XOM, CVX, COP)",+3x
2024-08-19,WTIU,ARCX:WTIU,0.0,17.27,0.0052,17594000.0,0.0,0.0,-0.2613,0.0,7978000.0,BALANCED,-6.5319,3. Sector Specific Leveraged (Bull),"MicroSectors U.S. Energy (XOM, CVX, COP)",+3x
2024-08-20,WTIU,ARCX:WTIU,0.0,15.88,-0.0807,17594000.0,0.0,0.0,-0.2613,0.0,7978000.0,BALANCED,-6.5319,3. Sector Specific Leveraged (Bull),"MicroSectors U.S. Energy (XOM, CVX, COP)",+3x
2024-08-21,WTIU,ARCX:WTIU,0.0,15.96,0.0047,17594000.0,0.0,0.0,-0.2613,0.0,7978000.0,BALANCED,-6.5319,3. Sector Specific Leveraged (Bull),"MicroSectors U.S. Energy (XOM, CVX, COP)",+3x
2024-08-22,WTIU,ARCX:WTIU,0.0,16.02,0.0038,17594000.0,0.0,0.0,-0.2613,0.0,7978000.0,BALANCED,-6.5319,3. Sector Specific Leveraged (Bull),"MicroSectors U.S. Energy (XOM, CVX, COP)",+3x
2024-08-23,WTIU,ARCX:WTIU,0.0,16.77,0.047,17594000.0,0.0,0.0,-0.2613,0.0,7978000.0,BALANCED,-6.5319,3. Sector Specific Leveraged (Bull),"MicroSectors U.S. Energy (XOM, CVX, COP)",+3x
2024-08-26,WTIU,ARCX:WTIU,0.0,17.13,0.0217,17594000.0,0.0,0.0,-0.2613,0.0,7978000.0,BALANCED,-6.5319,3. Sector Specific Leveraged (Bull),"MicroSectors U.S. Energy (XOM, CVX, COP)",+3x
2024-08-27,WTIU,ARCX:WTIU,0.0,16.57,-0.0331,17594000.0,0.0,0.0,-0.1826,0.0,7978000.0,BALANCED,-4.5644,3. Sector Specific Leveraged (Bull),"MicroSectors U.S. Energy (XOM, CVX, COP)",+3x
2024-08-28,WTIU,ARCX:WTIU,0.0,16.41,-0.0096,17594000.0,0.0,0.0,-0.1826,0.0,7978000.0,BALANCED,-4.5644,3. Sector Specific Leveraged (Bull),"MicroSectors U.S. Energy (XOM, CVX, COP)",+3x
2024-08-29,WTIU,ARCX:WTIU,0.0,16.97,0.034,17594000.0,0.0,0.0,-0.1826,0.0,7978000.0,BALANCED,-4.5644,3. Sector Specific Leveraged (Bull),"MicroSectors U.S. Energy (XOM, CVX, COP)",+3x
2024-08-30,WTIU,ARCX:WTIU,0.0,17.19,0.0132,17594000.0,0.0,0.0,-0.1826,0.0,0.0,BALANCED,-4.5644,3. Sector Specific Leveraged (Bull),"MicroSectors U.S. Energy (XOM, CVX, COP)",+3x
2024-09-03,WTIU,ARCX:WTIU,0.0,15.62,-0.0914,17594000.0,0.0,0.0,-0.1826,0.0,0.0,BALANCED,-4.5644,3. Sector Specific Leveraged (Bull),"MicroSectors U.S. Energy (XOM, CVX, COP)",+3x
2024-09-04,WTIU,ARCX:WTIU,0.0,14.93,-0.0441,17594000.0,0.0,0.0,-0.1826,0.0,0.0,BALANCED,-4.5644,3. Sector Specific Leveraged (Bull),"MicroSectors U.S. Energy (XOM, CVX, COP)",+3x
2024-09-05,WTIU,ARCX:WTIU,0.0,14.35,-0.0386,17594000.0,0.0,0.0,-0.1826,0.0,0.0,BALANCED,-4.5644,3. Sector Specific Leveraged (Bull),"MicroSectors U.S. Energy (XOM, CVX, COP)",+3x
2024-09-06,WTIU,ARCX:WTIU,0.0,13.73,-0.0436,17594000.0,0.0,0.0,-0.1826,0.0,0.0,BALANCED,-4.5644,3. Sector Specific Leveraged (Bull),"MicroSectors U.S. Energy (XOM, CVX, COP)",+3x
2024-09-09,WTIU,ARCX:WTIU,0.0,13.89,0.0117,17594000.0,0.0,0.0,-0.1826,0.0,0.0,BALANCED,-4.5644,3. Sector Specific Leveraged (Bull),"MicroSectors U.S. Energy (XOM, CVX, COP)",+3x
2024-09-10,WTIU,ARCX:WTIU,0.0,13.2,-0.0494,17594000.0,0.0,0.0,-0.1826,0.0,0.0,BALANCED,-4.5644,3. Sector Specific Leveraged (Bull),"MicroSectors U.S. Energy (XOM, CVX, COP)",+3x
2024-09-11,WTIU,ARCX:WTIU,0.0,12.71,-0.0375,17594000.0,0.0,0.0,-0.1826,0.0,0.0,BALANCED,-4.5644,3. Sector Specific Leveraged (Bull),"MicroSectors U.S. Energy (XOM, CVX, COP)",+3x
2024-09-12,WTIU,ARCX:WTIU,0.0,13.03,0.0254,17594000.0,0.0,0.0,-0.1826,0.0,0.0,BALANCED,-4.5644,3. Sector Specific Leveraged (Bull),"MicroSectors U.S. Energy (XOM, CVX, COP)",+3x
2024-09-13,WTIU,ARCX:WTIU,0.0,13.23,0.0157,17594000.0,0.0,0.0,-0.1826,0.0,0.0,BALANCED,-4.5644,3. Sector Specific Leveraged (Bull),"MicroSectors U.S. Energy (XOM, CVX, COP)",+3x
2024-09-16,WTIU,ARCX:WTIU,0.0,13.56,0.025,17594000.0,0.0,0.0,0.0,0.0,0.0,BALANCED,0.0,3. Sector Specific Leveraged (Bull),"MicroSectors U.S. Energy (XOM, CVX, COP)",+3x
2024-09-17,WTIU,ARCX:WTIU,0.0,14.22,0.0481,17594000.0,0.0,0.0,0.0,0.0,0.0,BALANCED,0.0,3. Sector Specific Leveraged (Bull),"MicroSectors U.S. Energy (XOM, CVX, COP)",+3x
2024-09-18,WTIU,ARCX:WTIU,0.0,14.35,0.0094,17594000.0,0.0,0.0,0.0,0.0,0.0,BALANCED,0.0,3. Sector Specific Leveraged (Bull),"MicroSectors U.S. Energy (XOM, CVX, COP)",+3x
2024-09-19,WTIU,ARCX:WTIU,0.0,14.88,0.037,17594000.0,0.0,0.0,0.0,0.0,0.0,BALANCED,0.0,3. Sector Specific Leveraged (Bull),"MicroSectors U.S. Energy (XOM, CVX, COP)",+3x
2024-09-20,WTIU,ARCX:WTIU,0.0,14.63,-0.0169,17594000.0,0.0,0.0,0.0,0.0,0.0,BALANCED,0.0,3. Sector Specific Leveraged (Bull),"MicroSectors U.S. Energy (XOM, CVX, COP)",+3x
2024-09-23,WTIU,ARCX:WTIU,0.0,15.08,0.0307,17594000.0,0.0,0.0,0.0,0.0,0.0,BALANCED,0.0,3. Sector Specific Leveraged (Bull),"MicroSectors U.S. Energy (XOM, CVX, COP)",+3x
2024-09-24,WTIU,ARCX:WTIU,0.0,14.87,-0.0136,17594000.0,0.0,0.0,0.0,0.0,0.0,BALANCED,0.0,3. Sector Specific Leveraged (Bull),"MicroSectors U.S. Energy (XOM, CVX, COP)",+3x
2024-09-25,WTIU,ARCX:WTIU,0.0,14.01,-0.0579,17594000.0,0.0,0.0,0.0,0.0,0.0,BALANCED,0.0,3. Sector Specific Leveraged (Bull),"MicroSectors U.S. Energy (XOM, CVX, COP)",+3x
2024-09-26,WTIU,ARCX:WTIU,0.0,13.36,-0.0465,17594000.0,0.0,0.0,0.0,0.0,0.0,BALANCED,0.0,3. Sector Specific Leveraged (Bull),"MicroSectors U.S. Energy (XOM, CVX, COP)",+3x
2024-09-27,WTIU,ARCX:WTIU,0.0,14.09,0.0543,17594000.0,0.0,0.0,0.0,0.0,0.0,BALANCED,0.0,3. Sector Specific Leveraged (Bull),"MicroSectors U.S. Energy (XOM, CVX, COP)",+3x
2024-09-30,WTIU,ARCX:WTIU,0.0,14.33,0.0175,17594000.0,0.0,0.0,0.0,0.0,0.0,BALANCED,0.0,3. Sector Specific Leveraged (Bull),"MicroSectors U.S. Energy (XOM, CVX, COP)",+3x
2024-10-01,WTIU,ARCX:WTIU,0.0,15.28,0.0658,17594000.0,0.0,0.0,0.0,0.0,0.0,BALANCED,0.0,3. Sector Specific Leveraged (Bull),"MicroSectors U.S. Energy (XOM, CVX, COP)",+3x
2024-10-02,WTIU,ARCX:WTIU,7819000.0,15.64,0.0237,25413000.0,7819000.0,0.0,5.2947,7819000.0,7819000.0,ACCUMULATION,100.0,3. Sector Specific Leveraged (Bull),"MicroSectors U.S. Energy (XOM, CVX, COP)",+3x
2024-10-03,WTIU,ARCX:WTIU,0.0,16.73,0.0699,25413000.0,0.0,0.0,-0.1826,7819000.0,7819000.0,BALANCED,5.4356,3. Sector Specific Leveraged (Bull),"MicroSectors U.S. Energy (XOM, CVX, COP)",+3x
2024-10-04,WTIU,ARCX:WTIU,0.0,17.04,0.0181,25413000.0,0.0,0.0,-0.1826,7819000.0,7819000.0,BALANCED,5.4356,3. Sector Specific Leveraged (Bull),"MicroSectors U.S. Energy (XOM, CVX, COP)",+3x
2024-10-07,WTIU,ARCX:WTIU,0.0,17.28,0.0142,25413000.0,0.0,0.0,-0.1826,7819000.0,7819000.0,BALANCED,5.4356,3. Sector Specific Leveraged (Bull),"MicroSectors U.S. Energy (XOM, CVX, COP)",+3x
2024-10-08,WTIU,ARCX:WTIU,0.0,15.62,-0.0958,25413000.0,0.0,0.0,-0.1826,7819000.0,7819000.0,BALANCED,5.4356,3. Sector Specific Leveraged (Bull),"MicroSectors U.S. Energy (XOM, CVX, COP)",+3x
2024-10-09,WTIU,ARCX:WTIU,0.0,15.83,0.0131,25413000.0,0.0,0.0,-0.1826,0.0,7819000.0,BALANCED,-4.5644,3. Sector Specific Leveraged (Bull),"MicroSectors U.S. Energy (XOM, CVX, COP)",+3x
2024-10-10,WTIU,ARCX:WTIU,0.0,16.31,0.0304,25413000.0,0.0,0.0,-0.1826,0.0,7819000.0,BALANCED,-4.5644,3. Sector Specific Leveraged (Bull),"MicroSectors U.S. Energy (XOM, CVX, COP)",+3x
2024-10-11,WTIU,ARCX:WTIU,0.0,16.37,0.0039,25413000.0,0.0,0.0,-0.1826,0.0,7819000.0,BALANCED,-4.5644,3. Sector Specific Leveraged (Bull),"MicroSectors U.S. Energy (XOM, CVX, COP)",+3x
2024-10-14,WTIU,ARCX:WTIU,0.0,16.03,-0.0209,25413000.0,0.0,0.0,-0.1826,0.0,7819000.0,BALANCED,-4.5644,3. Sector Specific Leveraged (Bull),"MicroSectors U.S. Energy (XOM, CVX, COP)",+3x
2024-10-15,WTIU,ARCX:WTIU,0.0,14.38,-0.1028,25413000.0,0.0,0.0,-0.1826,0.0,7819000.0,BALANCED,-4.5644,3. Sector Specific Leveraged (Bull),"MicroSectors U.S. Energy (XOM, CVX, COP)",+3x
2024-10-16,WTIU,ARCX:WTIU,0.0,14.51,0.0086,25413000.0,0.0,0.0,-0.1826,0.0,7819000.0,BALANCED,-4.5644,3. Sector Specific Leveraged (Bull),"MicroSectors U.S. Energy (XOM, CVX, COP)",+3x
2024-10-17,WTIU,ARCX:WTIU,0.0,14.82,0.0218,25413000.0,0.0,0.0,-0.1826,0.0,7819000.0,BALANCED,-4.5644,3. Sector Specific Leveraged (Bull),"MicroSectors U.S. Energy (XOM, CVX, COP)",+3x
2024-10-18,WTIU,ARCX:WTIU,0.0,14.7,-0.0086,25413000.0,0.0,0.0,-0.1826,0.0,7819000.0,BALANCED,-4.5644,3. Sector Specific Leveraged (Bull),"MicroSectors U.S. Energy (XOM, CVX, COP)",+3x
2024-10-21,WTIU,ARCX:WTIU,0.0,14.48,-0.0144,25413000.0,0.0,0.0,-0.1826,0.0,7819000.0,BALANCED,-4.5644,3. Sector Specific Leveraged (Bull),"MicroSectors U.S. Energy (XOM, CVX, COP)",+3x
2024-10-22,WTIU,ARCX:WTIU,0.0,14.55,0.0043,25413000.0,0.0,0.0,-0.1826,0.0,7819000.0,BALANCED,-4.5644,3. Sector Specific Leveraged (Bull),"MicroSectors U.S. Energy (XOM, CVX, COP)",+3x
2024-10-23,WTIU,ARCX:WTIU,0.0,14.12,-0.0295,25413000.0,0.0,0.0,-0.1826,0.0,7819000.0,BALANCED,-4.5644,3. Sector Specific Leveraged (Bull),"MicroSectors U.S. Energy (XOM, CVX, COP)",+3x
2024-10-24,WTIU,ARCX:WTIU,0.0,14.04,-0.0053,25413000.0,0.0,0.0,-0.1826,0.0,7819000.0,BALANCED,-4.5644,3. Sector Specific Leveraged (Bull),"MicroSectors U.S. Energy (XOM, CVX, COP)",+3x
2024-10-25,WTIU,ARCX:WTIU,0.0,14.1,0.004,25413000.0,0.0,0.0,-0.1826,0.0,7819000.0,BALANCED,-4.5644,3. Sector Specific Leveraged (Bull),"MicroSectors U.S. Energy (XOM, CVX, COP)",+3x
2024-10-28,WTIU,ARCX:WTIU,0.0,13.71,-0.0276,25413000.0,0.0,0.0,-0.1826,0.0,7819000.0,BALANCED,-4.5644,3. Sector Specific Leveraged (Bull),"MicroSectors U.S. Energy (XOM, CVX, COP)",+3x
2024-10-29,WTIU,ARCX:WTIU,0.0,12.99,-0.0522,25413000.0,0.0,0.0,-0.1826,0.0,7819000.0,BALANCED,-4.5644,3. Sector Specific Leveraged (Bull),"MicroSectors U.S. Energy (XOM, CVX, COP)",+3x
2024-10-30,WTIU,ARCX:WTIU,0.0,13.05,0.0041,25413000.0,0.0,0.0,-0.1826,0.0,0.0,BALANCED,-4.5644,3. Sector Specific Leveraged (Bull),"MicroSectors U.S. Energy (XOM, CVX, COP)",+3x
2024-10-31,WTIU,ARCX:WTIU,0.0,13.35,0.0233,25413000.0,0.0,0.0,-0.1826,0.0,0.0,BALANCED,-4.5644,3. Sector Specific Leveraged (Bull),"MicroSectors U.S. Energy (XOM, CVX, COP)",+3x
2024-11-01,WTIU,ARCX:WTIU,0.0,13.12,-0.0176,25413000.0,0.0,0.0,-0.1826,0.0,0.0,BALANCED,-4.5644,3. Sector Specific Leveraged (Bull),"MicroSectors U.S. Energy (XOM, CVX, COP)",+3x
2024-11-04,WTIU,ARCX:WTIU,0.0,13.75,0.0482,25413000.0,0.0,0.0,-0.1826,0.0,0.0,BALANCED,-4.5644,3. Sector Specific Leveraged (Bull),"MicroSectors U.S. Energy (XOM, CVX, COP)",+3x
2024-11-05,WTIU,ARCX:WTIU,0.0,13.88,0.0098,25413000.0,0.0,0.0,-0.1826,0.0,0.0,BALANCED,-4.5644,3. Sector Specific Leveraged (Bull),"MicroSectors U.S. Energy (XOM, CVX, COP)",+3x
2024-11-06,WTIU,ARCX:WTIU,0.0,15.3,0.1019,25413000.0,0.0,0.0,-0.1826,0.0,0.0,BALANCED,-4.5644,3. Sector Specific Leveraged (Bull),"MicroSectors U.S. Energy (XOM, CVX, COP)",+3x
2024-11-07,WTIU,ARCX:WTIU,0.0,14.98,-0.0208,25413000.0,0.0,0.0,-0.1826,0.0,0.0,BALANCED,-4.5644,3. Sector Specific Leveraged (Bull),"MicroSectors U.S. Energy (XOM, CVX, COP)",+3x
2024-11-08,WTIU,ARCX:WTIU,0.0,15.13,0.01,25413000.0,0.0,0.0,-0.1826,0.0,0.0,BALANCED,-4.5644,3. Sector Specific Leveraged (Bull),"MicroSectors U.S. Energy (XOM, CVX, COP)",+3x
2024-11-11,WTIU,ARCX:WTIU,0.0,15.31,0.0121,25413000.0,0.0,0.0,-0.1826,0.0,0.0,BALANCED,-4.5644,3. Sector Specific Leveraged (Bull),"MicroSectors U.S. Energy (XOM, CVX, COP)",+3x
2024-11-12,WTIU,ARCX:WTIU,0.0,15.02,-0.019,25413000.0,0.0,0.0,-0.1826,0.0,0.0,BALANCED,-4.5644,3. Sector Specific Leveraged (Bull),"MicroSectors U.S. Energy (XOM, CVX, COP)",+3x
2024-11-13,WTIU,ARCX:WTIU,0.0,15.65,0.042,25413000.0,0.0,0.0,0.0,0.0,0.0,BALANCED,0.0,3. Sector Specific Leveraged (Bull),"MicroSectors U.S. Energy (XOM, CVX, COP)",+3x
2024-11-14,WTIU,ARCX:WTIU,0.0,15.85,0.0124,25413000.0,0.0,0.0,0.0,0.0,0.0,BALANCED,0.0,3. Sector Specific Leveraged (Bull),"MicroSectors U.S. Energy (XOM, CVX, COP)",+3x
2024-11-15,WTIU,ARCX:WTIU,0.0,15.51,-0.021,25413000.0,0.0,0.0,0.0,0.0,0.0,BALANCED,0.0,3. Sector Specific Leveraged (Bull),"MicroSectors U.S. Energy (XOM, CVX, COP)",+3x
2024-11-18,WTIU,ARCX:WTIU,0.0,16.17,0.0424,25413000.0,0.0,0.0,0.0,0.0,0.0,BALANCED,0.0,3. Sector Specific Leveraged (Bull),"MicroSectors U.S. Energy (XOM, CVX, COP)",+3x
2024-11-19,WTIU,ARCX:WTIU,0.0,15.71,-0.0285,25413000.0,0.0,0.0,0.0,0.0,0.0,BALANCED,0.0,3. Sector Specific Leveraged (Bull),"MicroSectors U.S. Energy (XOM, CVX, COP)",+3x
2024-11-20,WTIU,ARCX:WTIU,0.0,16.19,0.0303,25413000.0,0.0,0.0,0.0,0.0,0.0,BALANCED,0.0,3. Sector Specific Leveraged (Bull),"MicroSectors U.S. Energy (XOM, CVX, COP)",+3x
2024-11-21,WTIU,ARCX:WTIU,0.0,16.33,0.0086,25413000.0,0.0,0.0,0.0,0.0,0.0,BALANCED,0.0,3. Sector Specific Leveraged (Bull),"MicroSectors U.S. Energy (XOM, CVX, COP)",+3x
2024-11-22,WTIU,ARCX:WTIU,0.0,16.48,0.0093,25413000.0,0.0,0.0,0.0,0.0,0.0,BALANCED,0.0,3. Sector Specific Leveraged (Bull),"MicroSectors U.S. Energy (XOM, CVX, COP)",+3x
2024-11-25,WTIU,ARCX:WTIU,0.0,15.4,-0.0654,25413000.0,0.0,0.0,0.0,0.0,0.0,BALANCED,0.0,3. Sector Specific Leveraged (Bull),"MicroSectors U.S. Energy (XOM, CVX, COP)",+3x
2024-11-26,WTIU,ARCX:WTIU,0.0,15.28,-0.0077,25413000.0,0.0,0.0,0.0,0.0,0.0,BALANCED,0.0,3. Sector Specific Leveraged (Bull),"MicroSectors U.S. Energy (XOM, CVX, COP)",+3x
2024-11-27,WTIU,ARCX:WTIU,0.0,15.25,-0.0024,25413000.0,0.0,0.0,0.0,0.0,0.0,BALANCED,0.0,3. Sector Specific Leveraged (Bull),"MicroSectors U.S. Energy (XOM, CVX, COP)",+3x
2024-11-29,WTIU,ARCX:WTIU,0.0,15.4,0.01,25413000.0,0.0,0.0,0.0,0.0,0.0,BALANCED,0.0,3. Sector Specific Leveraged (Bull),"MicroSectors U.S. Energy (XOM, CVX, COP)",+3x
2024-12-02,WTIU,ARCX:WTIU,0.0,15.22,-0.0119,25413000.0,0.0,0.0,0.0,0.0,0.0,BALANCED,0.0,3. Sector Specific Leveraged (Bull),"MicroSectors U.S. Energy (XOM, CVX, COP)",+3x
2024-12-03,WTIU,ARCX:WTIU,0.0,15.06,-0.0103,25413000.0,0.0,0.0,0.0,0.0,0.0,BALANCED,0.0,3. Sector Specific Leveraged (Bull),"MicroSectors U.S. Energy (XOM, CVX, COP)",+3x
2024-12-04,WTIU,ARCX:WTIU,0.0,13.9,-0.0769,25413000.0,0.0,0.0,0.0,0.0,0.0,BALANCED,0.0,3. Sector Specific Leveraged (Bull),"MicroSectors U.S. Energy (XOM, CVX, COP)",+3x
2024-12-05,WTIU,ARCX:WTIU,0.0,13.94,0.0026,25413000.0,0.0,0.0,0.0,0.0,0.0,BALANCED,0.0,3. Sector Specific Leveraged (Bull),"MicroSectors U.S. Energy (XOM, CVX, COP)",+3x
2024-12-06,WTIU,ARCX:WTIU,0.0,13.23,-0.0509,25413000.0,0.0,0.0,0.0,0.0,0.0,BALANCED,0.0,3. Sector Specific Leveraged (Bull),"MicroSectors U.S. Energy (XOM, CVX, COP)",+3x
2024-12-09,WTIU,ARCX:WTIU,0.0,13.52,0.022,25413000.0,0.0,0.0,0.0,0.0,0.0,BALANCED,0.0,3. Sector Specific Leveraged (Bull),"MicroSectors U.S. Energy (XOM, CVX, COP)",+3x
2024-12-10,WTIU,ARCX:WTIU,0.0,13.1,-0.0308,25413000.0,0.0,0.0,0.0,0.0,0.0,BALANCED,0.0,3. Sector Specific Leveraged (Bull),"MicroSectors U.S. Energy (XOM, CVX, COP)",+3x
2024-12-11,WTIU,ARCX:WTIU,0.0,13.21,0.0085,25413000.0,0.0,0.0,0.0,0.0,0.0,BALANCED,0.0,3. Sector Specific Leveraged (Bull),"MicroSectors U.S. Energy (XOM, CVX, COP)",+3x
2024-12-12,WTIU,ARCX:WTIU,0.0,12.76,-0.0341,25413000.0,0.0,0.0,0.0,0.0,0.0,BALANCED,0.0,3. Sector Specific Leveraged (Bull),"MicroSectors U.S. Energy (XOM, CVX, COP)",+3x
2024-12-13,WTIU,ARCX:WTIU,0.0,12.58,-0.0143,25413000.0,0.0,0.0,0.0,0.0,0.0,BALANCED,0.0,3. Sector Specific Leveraged (Bull),"MicroSectors U.S. Energy (XOM, CVX, COP)",+3x
2024-12-16,WTIU,ARCX:WTIU,0.0,11.52,-0.0846,25413000.0,0.0,0.0,0.0,0.0,0.0,BALANCED,0.0,3. Sector Specific Leveraged (Bull),"MicroSectors U.S. Energy (XOM, CVX, COP)",+3x
2024-12-17,WTIU,ARCX:WTIU,0.0,11.3,-0.0186,25413000.0,0.0,0.0,0.0,0.0,0.0,BALANCED,0.0,3. Sector Specific Leveraged (Bull),"MicroSectors U.S. Energy (XOM, CVX, COP)",+3x
2024-12-18,WTIU,ARCX:WTIU,0.0,10.47,-0.0733,25413000.0,0.0,0.0,0.0,0.0,0.0,BALANCED,0.0,3. Sector Specific Leveraged (Bull),"MicroSectors U.S. Energy (XOM, CVX, COP)",+3x
2024-12-19,WTIU,ARCX:WTIU,0.0,10.01,-0.0442,25413000.0,0.0,0.0,0.0,0.0,0.0,BALANCED,0.0,3. Sector Specific Leveraged (Bull),"MicroSectors U.S. Energy (XOM, CVX, COP)",+3x
2024-12-20,WTIU,ARCX:WTIU,0.0,10.3,0.0285,25413000.0,0.0,0.0,0.0,0.0,0.0,BALANCED,0.0,3. Sector Specific Leveraged (Bull),"MicroSectors U.S. Energy (XOM, CVX, COP)",+3x
2024-12-23,WTIU,ARCX:WTIU,0.0,10.51,0.0204,25413000.0,0.0,0.0,0.0,0.0,0.0,BALANCED,0.0,3. Sector Specific Leveraged (Bull),"MicroSectors U.S. Energy (XOM, CVX, COP)",+3x
2024-12-24,WTIU,ARCX:WTIU,0.0,10.72,0.0202,25413000.0,0.0,0.0,0.0,0.0,0.0,BALANCED,0.0,3. Sector Specific Leveraged (Bull),"MicroSectors U.S. Energy (XOM, CVX, COP)",+3x
2024-12-26,WTIU,ARCX:WTIU,0.0,10.69,-0.0022,25413000.0,0.0,0.0,0.0,0.0,0.0,BALANCED,0.0,3. Sector Specific Leveraged (Bull),"MicroSectors U.S. Energy (XOM, CVX, COP)",+3x
2024-12-27,WTIU,ARCX:WTIU,0.0,10.74,0.0046,25413000.0,0.0,0.0,0.0,0.0,0.0,BALANCED,0.0,3. Sector Specific Leveraged (Bull),"MicroSectors U.S. Energy (XOM, CVX, COP)",+3x
2024-12-30,WTIU,ARCX:WTIU,0.0,10.86,0.0106,25413000.0,0.0,0.0,0.0,0.0,0.0,BALANCED,0.0,3. Sector Specific Leveraged (Bull),"MicroSectors U.S. Energy (XOM, CVX, COP)",+3x
2024-12-31,WTIU,ARCX:WTIU,0.0,11.4,0.0496,25413000.0,0.0,0.0,0.0,0.0,0.0,BALANCED,0.0,3. Sector Specific Leveraged (Bull),"MicroSectors U.S. Energy (XOM, CVX, COP)",+3x
2025-01-02,WTIU,ARCX:WTIU,0.0,11.75,0.0308,25413000.0,0.0,0.0,0.0,0.0,0.0,BALANCED,0.0,3. Sector Specific Leveraged (Bull),"MicroSectors U.S. Energy (XOM, CVX, COP)",+3x
2025-01-03,WTIU,ARCX:WTIU,0.0,12.08,0.0281,25413000.0,0.0,0.0,0.0,0.0,0.0,BALANCED,0.0,3. Sector Specific Leveraged (Bull),"MicroSectors U.S. Energy (XOM, CVX, COP)",+3x
2025-01-06,WTIU,ARCX:WTIU,0.0,11.91,-0.0136,25413000.0,0.0,0.0,0.0,0.0,0.0,BALANCED,0.0,3. Sector Specific Leveraged (Bull),"MicroSectors U.S. Energy (XOM, CVX, COP)",+3x
2025-01-07,WTIU,ARCX:WTIU,0.0,12.38,0.0395,25413000.0,0.0,0.0,0.0,0.0,0.0,BALANCED,0.0,3. Sector Specific Leveraged (Bull),"MicroSectors U.S. Energy (XOM, CVX, COP)",+3x
2025-01-08,WTIU,ARCX:WTIU,0.0,12.4,0.001,25413000.0,0.0,0.0,0.0,0.0,0.0,BALANCED,0.0,3. Sector Specific Leveraged (Bull),"MicroSectors U.S. Energy (XOM, CVX, COP)",+3x
2025-01-10,WTIU,ARCX:WTIU,0.0,12.64,0.0195,25413000.0,0.0,0.0,0.0,0.0,0.0,BALANCED,0.0,3. Sector Specific Leveraged (Bull),"MicroSectors U.S. Energy (XOM, CVX, COP)",+3x
2025-01-13,WTIU,ARCX:WTIU,0.0,13.48,0.067,25413000.0,0.0,0.0,0.0,0.0,0.0,BALANCED,0.0,3. Sector Specific Leveraged (Bull),"MicroSectors U.S. Energy (XOM, CVX, COP)",+3x
2025-01-14,WTIU,ARCX:WTIU,0.0,13.74,0.019,25413000.0,0.0,0.0,0.0,0.0,0.0,BALANCED,0.0,3. Sector Specific Leveraged (Bull),"MicroSectors U.S. Energy (XOM, CVX, COP)",+3x
2025-01-15,WTIU,ARCX:WTIU,0.0,14.35,0.0447,25413000.0,0.0,0.0,0.0,0.0,0.0,BALANCED,0.0,3. Sector Specific Leveraged (Bull),"MicroSectors U.S. Energy (XOM, CVX, COP)",+3x
2025-01-16,WTIU,ARCX:WTIU,0.0,14.5,0.0099,25413000.0,0.0,0.0,0.0,0.0,0.0,BALANCED,0.0,3. Sector Specific Leveraged (Bull),"MicroSectors U.S. Energy (XOM, CVX, COP)",+3x
2025-01-17,WTIU,ARCX:WTIU,0.0,14.6,0.0073,25413000.0,0.0,0.0,0.0,0.0,0.0,BALANCED,0.0,3. Sector Specific Leveraged (Bull),"MicroSectors U.S. Energy (XOM, CVX, COP)",+3x
2025-01-21,WTIU,ARCX:WTIU,0.0,13.99,-0.0418,25413000.0,0.0,0.0,0.0,0.0,0.0,BALANCED,0.0,3. Sector Specific Leveraged (Bull),"MicroSectors U.S. Energy (XOM, CVX, COP)",+3x
2025-01-22,WTIU,ARCX:WTIU,0.0,13.49,-0.0362,25413000.0,0.0,0.0,0.0,0.0,0.0,BALANCED,0.0,3. Sector Specific Leveraged (Bull),"MicroSectors U.S. Energy (XOM, CVX, COP)",+3x
2025-01-23,WTIU,ARCX:WTIU,0.0,13.83,0.0254,25413000.0,0.0,0.0,0.0,0.0,0.0,BALANCED,0.0,3. Sector Specific Leveraged (Bull),"MicroSectors U.S. Energy (XOM, CVX, COP)",+3x
2025-01-24,WTIU,ARCX:WTIU,0.0,13.32,-0.037,25413000.0,0.0,0.0,0.0,0.0,0.0,BALANCED,0.0,3. Sector Specific Leveraged (Bull),"MicroSectors U.S. Energy (XOM, CVX, COP)",+3x
2025-01-27,WTIU,ARCX:WTIU,0.0,13.22,-0.0074,25413000.0,0.0,0.0,0.0,0.0,0.0,BALANCED,0.0,3. Sector Specific Leveraged (Bull),"MicroSectors U.S. Energy (XOM, CVX, COP)",+3x
2025-01-28,WTIU,ARCX:WTIU,0.0,12.79,-0.0324,25413000.0,0.0,0.0,0.0,0.0,0.0,BALANCED,0.0,3. Sector Specific Leveraged (Bull),"MicroSectors U.S. Energy (XOM, CVX, COP)",+3x
2025-01-29,WTIU,ARCX:WTIU,0.0,12.92,0.0101,25413000.0,0.0,0.0,0.0,0.0,0.0,BALANCED,0.0,3. Sector Specific Leveraged (Bull),"MicroSectors U.S. Energy (XOM, CVX, COP)",+3x
2025-01-30,WTIU,ARCX:WTIU,0.0,12.91,-0.0006,25413000.0,0.0,0.0,0.0,0.0,0.0,BALANCED,0.0,3. Sector Specific Leveraged (Bull),"MicroSectors U.S. Energy (XOM, CVX, COP)",+3x
2025-01-31,WTIU,ARCX:WTIU,0.0,11.74,-0.0905,25413000.0,0.0,0.0,0.0,0.0,0.0,BALANCED,0.0,3. Sector Specific Leveraged (Bull),"MicroSectors U.S. Energy (XOM, CVX, COP)",+3x
2025-02-03,WTIU,ARCX:WTIU,0.0,11.83,0.0072,25413000.0,0.0,0.0,0.0,0.0,0.0,BALANCED,0.0,3. Sector Specific Leveraged (Bull),"MicroSectors U.S. Energy (XOM, CVX, COP)",+3x
2025-02-04,WTIU,ARCX:WTIU,0.0,12.78,0.0804,25413000.0,0.0,0.0,0.0,0.0,0.0,BALANCED,0.0,3. Sector Specific Leveraged (Bull),"MicroSectors U.S. Energy (XOM, CVX, COP)",+3x
2025-02-05,WTIU,ARCX:WTIU,0.0,12.68,-0.0076,25413000.0,0.0,0.0,0.0,0.0,0.0,BALANCED,0.0,3. Sector Specific Leveraged (Bull),"MicroSectors U.S. Energy (XOM, CVX, COP)",+3x
2025-02-06,WTIU,ARCX:WTIU,0.0,12.05,-0.0498,25413000.0,0.0,0.0,0.0,0.0,0.0,BALANCED,0.0,3. Sector Specific Leveraged (Bull),"MicroSectors U.S. Energy (XOM, CVX, COP)",+3x
2025-02-07,WTIU,ARCX:WTIU,0.0,11.87,-0.0147,25413000.0,0.0,0.0,0.0,0.0,0.0,BALANCED,0.0,3. Sector Specific Leveraged (Bull),"MicroSectors U.S. Energy (XOM, CVX, COP)",+3x
2025-02-10,WTIU,ARCX:WTIU,0.0,12.73,0.0726,25413000.0,0.0,0.0,0.0,0.0,0.0,BALANCED,0.0,3. Sector Specific Leveraged (Bull),"MicroSectors U.S. Energy (XOM, CVX, COP)",+3x
2025-02-11,WTIU,ARCX:WTIU,0.0,13.19,0.0362,25413000.0,0.0,0.0,0.0,0.0,0.0,BALANCED,0.0,3. Sector Specific Leveraged (Bull),"MicroSectors U.S. Energy (XOM, CVX, COP)",+3x
2025-02-12,WTIU,ARCX:WTIU,0.0,12.06,-0.0859,25413000.0,0.0,0.0,0.0,0.0,0.0,BALANCED,0.0,3. Sector Specific Leveraged (Bull),"MicroSectors U.S. Energy (XOM, CVX, COP)",+3x
2025-02-13,WTIU,ARCX:WTIU,0.0,12.22,0.0133,25413000.0,0.0,0.0,0.0,0.0,0.0,BALANCED,0.0,3. Sector Specific Leveraged (Bull),"MicroSectors U.S. Energy (XOM, CVX, COP)",+3x
2025-02-14,WTIU,ARCX:WTIU,0.0,12.5,0.023,25413000.0,0.0,0.0,0.0,0.0,0.0,BALANCED,0.0,3. Sector Specific Leveraged (Bull),"MicroSectors U.S. Energy (XOM, CVX, COP)",+3x
2025-02-18,WTIU,ARCX:WTIU,0.0,12.94,0.0348,25413000.0,0.0,0.0,0.0,0.0,0.0,BALANCED,0.0,3. Sector Specific Leveraged (Bull),"MicroSectors U.S. Energy (XOM, CVX, COP)",+3x
2025-02-19,WTIU,ARCX:WTIU,-6765000.0,13.53,0.0458,18648000.0,0.0,-6765000.0,-5.2947,-6765000.0,-6765000.0,DISTRIBUTION,-100.0,3. Sector Specific Leveraged (Bull),"MicroSectors U.S. Energy (XOM, CVX, COP)",+3x
2025-02-20,WTIU,ARCX:WTIU,7003000.0,14.01,0.0352,25651000.0,7003000.0,0.0,3.8688,238000.0,238000.0,ACCUMULATION,100.0,3. Sector Specific Leveraged (Bull),"MicroSectors U.S. Energy (XOM, CVX, COP)",+3x
2025-02-21,WTIU,ARCX:WTIU,0.0,12.94,-0.0762,25651000.0,0.0,0.0,-0.0044,238000.0,238000.0,BALANCED,9.8903,3. Sector Specific Leveraged (Bull),"MicroSectors U.S. Energy (XOM, CVX, COP)",+3x
2025-02-24,WTIU,ARCX:WTIU,0.0,12.93,-0.0003,25651000.0,0.0,0.0,-0.0044,238000.0,238000.0,BALANCED,9.8903,3. Sector Specific Leveraged (Bull),"MicroSectors U.S. Energy (XOM, CVX, COP)",+3x
2025-02-25,WTIU,ARCX:WTIU,0.0,12.3,-0.049,25651000.0,0.0,0.0,-0.0044,238000.0,238000.0,BALANCED,9.8903,3. Sector Specific Leveraged (Bull),"MicroSectors U.S. Energy (XOM, CVX, COP)",+3x
2025-02-26,WTIU,ARCX:WTIU,0.0,11.97,-0.0272,25651000.0,0.0,0.0,-0.0044,7003000.0,238000.0,BALANCED,9.8903,3. Sector Specific Leveraged (Bull),"MicroSectors U.S. Energy (XOM, CVX, COP)",+3x
2025-02-27,WTIU,ARCX:WTIU,0.0,12.08,0.0092,25651000.0,0.0,0.0,-0.0044,0.0,238000.0,BALANCED,-0.1097,3. Sector Specific Leveraged (Bull),"MicroSectors U.S. Energy (XOM, CVX, COP)",+3x
2025-02-28,WTIU,ARCX:WTIU,0.0,12.47,0.0328,25651000.0,0.0,0.0,-0.0044,0.0,238000.0,BALANCED,-0.1097,3. Sector Specific Leveraged (Bull),"MicroSectors U.S. Energy (XOM, CVX, COP)",+3x
2025-03-03,WTIU,ARCX:WTIU,0.0,11.02,-0.1166,25651000.0,0.0,0.0,-0.0044,0.0,238000.0,BALANCED,-0.1097,3. Sector Specific Leveraged (Bull),"MicroSectors U.S. Energy (XOM, CVX, COP)",+3x
2025-03-04,WTIU,ARCX:WTIU,0.0,10.85,-0.0153,25651000.0,0.0,0.0,-0.0044,0.0,238000.0,BALANCED,-0.1097,3. Sector Specific Leveraged (Bull),"MicroSectors U.S. Energy (XOM, CVX, COP)",+3x
2025-03-05,WTIU,ARCX:WTIU,0.0,10.27,-0.0533,25651000.0,0.0,0.0,-0.0044,0.0,238000.0,BALANCED,-0.1097,3. Sector Specific Leveraged (Bull),"MicroSectors U.S. Energy (XOM, CVX, COP)",+3x
2025-03-06,WTIU,ARCX:WTIU,0.0,10.33,0.0062,25651000.0,0.0,0.0,-0.0044,0.0,238000.0,BALANCED,-0.1097,3. Sector Specific Leveraged (Bull),"MicroSectors U.S. Energy (XOM, CVX, COP)",+3x
2025-03-07,WTIU,ARCX:WTIU,-5440000.0,10.88,0.0527,20211000.0,0.0,-5440000.0,-2.5521,-5440000.0,-5202000.0,DISTRIBUTION,-75.8025,3. Sector Specific Leveraged (Bull),"MicroSectors U.S. Energy (XOM, CVX, COP)",+3x
2025-03-10,WTIU,ARCX:WTIU,5590000.0,11.18,0.0275,25801000.0,5590000.0,0.0,2.4073,150000.0,388000.0,ACCUMULATION,72.1837,3. Sector Specific Leveraged (Bull),"MicroSectors U.S. Energy (XOM, CVX, COP)",+3x
2025-03-11,WTIU,ARCX:WTIU,0.0,10.98,-0.018,25801000.0,0.0,0.0,-0.0056,150000.0,388000.0,BALANCED,9.8604,3. Sector Specific Leveraged (Bull),"MicroSectors U.S. Energy (XOM, CVX, COP)",+3x
2025-03-12,WTIU,ARCX:WTIU,0.0,11.13,0.0138,25801000.0,0.0,0.0,-0.0056,150000.0,388000.0,BALANCED,9.8604,3. Sector Specific Leveraged (Bull),"MicroSectors U.S. Energy (XOM, CVX, COP)",+3x
2025-03-13,WTIU,ARCX:WTIU,0.0,10.89,-0.0217,25801000.0,0.0,0.0,-0.0056,150000.0,388000.0,BALANCED,9.8604,3. Sector Specific Leveraged (Bull),"MicroSectors U.S. Energy (XOM, CVX, COP)",+3x
2025-03-14,WTIU,ARCX:WTIU,0.0,11.78,0.0817,25801000.0,0.0,0.0,-0.0056,5590000.0,388000.0,BALANCED,9.8604,3. Sector Specific Leveraged (Bull),"MicroSectors U.S. Energy (XOM, CVX, COP)",+3x
2025-03-17,WTIU,ARCX:WTIU,0.0,12.32,0.0456,25801000.0,0.0,0.0,-0.0056,0.0,388000.0,BALANCED,-0.1396,3. Sector Specific Leveraged (Bull),"MicroSectors U.S. Energy (XOM, CVX, COP)",+3x
2025-03-18,WTIU,ARCX:WTIU,0.0,12.51,0.0162,25801000.0,0.0,0.0,-0.0056,0.0,388000.0,BALANCED,-0.1396,3. Sector Specific Leveraged (Bull),"MicroSectors U.S. Energy (XOM, CVX, COP)",+3x
2025-03-19,WTIU,ARCX:WTIU,0.0,13.07,0.0446,25801000.0,0.0,0.0,-0.0056,0.0,7153000.0,BALANCED,-0.1396,3. Sector Specific Leveraged (Bull),"MicroSectors U.S. Energy (XOM, CVX, COP)",+3x
2025-03-20,WTIU,ARCX:WTIU,0.0,13.24,0.0129,25801000.0,0.0,0.0,-0.0056,0.0,150000.0,BALANCED,-0.1396,3. Sector Specific Leveraged (Bull),"MicroSectors U.S. Energy (XOM, CVX, COP)",+3x
2025-03-21,WTIU,ARCX:WTIU,0.0,12.98,-0.0195,25801000.0,0.0,0.0,-0.0056,0.0,150000.0,BALANCED,-0.1396,3. Sector Specific Leveraged (Bull),"MicroSectors U.S. Energy (XOM, CVX, COP)",+3x
2025-03-24,WTIU,ARCX:WTIU,0.0,13.23,0.0192,25801000.0,0.0,0.0,-0.0056,0.0,150000.0,BALANCED,-0.1396,3. Sector Specific Leveraged (Bull),"MicroSectors U.S. Energy (XOM, CVX, COP)",+3x
2025-03-25,WTIU,ARCX:WTIU,0.0,13.4,0.0125,25801000.0,0.0,0.0,-0.0056,0.0,150000.0,BALANCED,-0.1396,3. Sector Specific Leveraged (Bull),"MicroSectors U.S. Energy (XOM, CVX, COP)",+3x
2025-03-26,WTIU,ARCX:WTIU,0.0,13.75,0.0265,25801000.0,0.0,0.0,-0.0056,0.0,150000.0,BALANCED,-0.1396,3. Sector Specific Leveraged (Bull),"MicroSectors U.S. Energy (XOM, CVX, COP)",+3x
2025-03-27,WTIU,ARCX:WTIU,0.0,13.36,-0.0286,25801000.0,0.0,0.0,-0.0056,0.0,150000.0,BALANCED,-0.1396,3. Sector Specific Leveraged (Bull),"MicroSectors U.S. Energy (XOM, CVX, COP)",+3x
2025-03-28,WTIU,ARCX:WTIU,0.0,13.1,-0.0197,25801000.0,0.0,0.0,-0.0056,0.0,150000.0,BALANCED,-0.1396,3. Sector Specific Leveraged (Bull),"MicroSectors U.S. Energy (XOM, CVX, COP)",+3x
2025-03-31,WTIU,ARCX:WTIU,0.0,13.55,0.0342,25801000.0,0.0,0.0,-0.0056,0.0,150000.0,BALANCED,-0.1396,3. Sector Specific Leveraged (Bull),"MicroSectors U.S. Energy (XOM, CVX, COP)",+3x
2025-04-01,WTIU,ARCX:WTIU,0.0,13.76,0.0154,25801000.0,0.0,0.0,-0.0056,0.0,150000.0,BALANCED,-0.1396,3. Sector Specific Leveraged (Bull),"MicroSectors U.S. Energy (XOM, CVX, COP)",+3x
2025-04-02,WTIU,ARCX:WTIU,0.0,13.81,0.0041,25801000.0,0.0,0.0,-0.1235,0.0,150000.0,BALANCED,-3.0863,3. Sector Specific Leveraged (Bull),"MicroSectors U.S. Energy (XOM, CVX, COP)",+3x
2025-04-03,WTIU,ARCX:WTIU,0.0,10.05,-0.2727,25801000.0,0.0,0.0,-0.0035,0.0,150000.0,BALANCED,-0.0863,3. Sector Specific Leveraged (Bull),"MicroSectors U.S. Energy (XOM, CVX, COP)",+3x
2025-04-04,WTIU,ARCX:WTIU,0.0,7.42,-0.2614,25801000.0,0.0,0.0,-0.0035,0.0,5590000.0,BALANCED,-0.0863,3. Sector Specific Leveraged (Bull),"MicroSectors U.S. Energy (XOM, CVX, COP)",+3x
2025-04-07,WTIU,ARCX:WTIU,0.0,7.18,-0.0327,25801000.0,0.0,0.0,-0.0035,0.0,0.0,BALANCED,-0.0863,3. Sector Specific Leveraged (Bull),"MicroSectors U.S. Energy (XOM, CVX, COP)",+3x
2025-04-08,WTIU,ARCX:WTIU,0.0,6.53,-0.0907,25801000.0,0.0,0.0,-0.0035,0.0,0.0,BALANCED,-0.0863,3. Sector Specific Leveraged (Bull),"MicroSectors U.S. Energy (XOM, CVX, COP)",+3x
2025-04-09,WTIU,ARCX:WTIU,0.0,8.25,0.2637,25801000.0,0.0,0.0,-0.0035,0.0,0.0,BALANCED,-0.0863,3. Sector Specific Leveraged (Bull),"MicroSectors U.S. Energy (XOM, CVX, COP)",+3x
2025-04-10,WTIU,ARCX:WTIU,0.0,6.46,-0.2167,25801000.0,0.0,0.0,-0.0035,0.0,0.0,BALANCED,-0.0863,3. Sector Specific Leveraged (Bull),"MicroSectors U.S. Energy (XOM, CVX, COP)",+3x
2025-04-11,WTIU,ARCX:WTIU,0.0,6.94,0.0741,25801000.0,0.0,0.0,-0.0035,0.0,0.0,BALANCED,-0.0863,3. Sector Specific Leveraged (Bull),"MicroSectors U.S. Energy (XOM, CVX, COP)",+3x
2025-04-14,WTIU,ARCX:WTIU,0.0,6.96,0.0027,25801000.0,0.0,0.0,-0.0035,0.0,0.0,BALANCED,-0.0863,3. Sector Specific Leveraged (Bull),"MicroSectors U.S. Energy (XOM, CVX, COP)",+3x
2025-04-15,WTIU,ARCX:WTIU,0.0,6.84,-0.0173,25801000.0,0.0,0.0,-0.0035,0.0,0.0,BALANCED,-0.0863,3. Sector Specific Leveraged (Bull),"MicroSectors U.S. Energy (XOM, CVX, COP)",+3x
2025-04-16,WTIU,ARCX:WTIU,0.0,7.04,0.0303,25801000.0,0.0,0.0,-0.0035,0.0,0.0,BALANCED,-0.0863,3. Sector Specific Leveraged (Bull),"MicroSectors U.S. Energy (XOM, CVX, COP)",+3x
2025-04-17,WTIU,ARCX:WTIU,0.0,7.59,0.078,25801000.0,0.0,0.0,-0.0035,0.0,0.0,BALANCED,-0.0863,3. Sector Specific Leveraged (Bull),"MicroSectors U.S. Energy (XOM, CVX, COP)",+3x
2025-04-21,WTIU,ARCX:WTIU,0.0,7.03,-0.0736,25801000.0,0.0,0.0,-0.1826,0.0,0.0,BALANCED,-4.5644,3. Sector Specific Leveraged (Bull),"MicroSectors U.S. Energy (XOM, CVX, COP)",+3x
2025-04-22,WTIU,ARCX:WTIU,0.0,7.62,0.0838,25801000.0,0.0,0.0,0.0,0.0,0.0,BALANCED,0.0,3. Sector Specific Leveraged (Bull),"MicroSectors U.S. Energy (XOM, CVX, COP)",+3x
2025-04-23,WTIU,ARCX:WTIU,0.0,7.68,0.0079,25801000.0,0.0,0.0,0.0,0.0,0.0,BALANCED,0.0,3. Sector Specific Leveraged (Bull),"MicroSectors U.S. Energy (XOM, CVX, COP)",+3x
2025-04-24,WTIU,ARCX:WTIU,0.0,7.95,0.0348,25801000.0,0.0,0.0,0.0,0.0,0.0,BALANCED,0.0,3. Sector Specific Leveraged (Bull),"MicroSectors U.S. Energy (XOM, CVX, COP)",+3x
2025-04-25,WTIU,ARCX:WTIU,0.0,7.98,0.0036,25801000.0,0.0,0.0,0.0,0.0,0.0,BALANCED,0.0,3. Sector Specific Leveraged (Bull),"MicroSectors U.S. Energy (XOM, CVX, COP)",+3x
2025-04-28,WTIU,ARCX:WTIU,0.0,8.18,0.0247,25801000.0,0.0,0.0,0.0,0.0,0.0,BALANCED,0.0,3. Sector Specific Leveraged (Bull),"MicroSectors U.S. Energy (XOM, CVX, COP)",+3x
2025-04-29,WTIU,ARCX:WTIU,0.0,8.09,-0.0103,25801000.0,0.0,0.0,0.0,0.0,0.0,BALANCED,0.0,3. Sector Specific Leveraged (Bull),"MicroSectors U.S. Energy (XOM, CVX, COP)",+3x
2025-04-30,WTIU,ARCX:WTIU,0.0,7.52,-0.0707,25801000.0,0.0,0.0,0.0,0.0,0.0,BALANCED,0.0,3. Sector Specific Leveraged (Bull),"MicroSectors U.S. Energy (XOM, CVX, COP)",+3x
2025-05-01,WTIU,ARCX:WTIU,0.0,7.69,0.0228,25801000.0,0.0,0.0,0.0,0.0,0.0,BALANCED,0.0,3. Sector Specific Leveraged (Bull),"MicroSectors U.S. Energy (XOM, CVX, COP)",+3x
2025-05-02,WTIU,ARCX:WTIU,0.0,8.04,0.0452,25801000.0,0.0,0.0,0.0,0.0,0.0,BALANCED,0.0,3. Sector Specific Leveraged (Bull),"MicroSectors U.S. Energy (XOM, CVX, COP)",+3x
2025-05-05,WTIU,ARCX:WTIU,0.0,7.65,-0.0485,25801000.0,0.0,0.0,0.0,0.0,0.0,BALANCED,0.0,3. Sector Specific Leveraged (Bull),"MicroSectors U.S. Energy (XOM, CVX, COP)",+3x
2025-05-06,WTIU,ARCX:WTIU,0.0,7.67,0.0021,25801000.0,0.0,0.0,0.0,0.0,0.0,BALANCED,0.0,3. Sector Specific Leveraged (Bull),"MicroSectors U.S. Energy (XOM, CVX, COP)",+3x
2025-05-07,WTIU,ARCX:WTIU,0.0,7.66,-0.0012,25801000.0,0.0,0.0,0.0,0.0,0.0,BALANCED,0.0,3. Sector Specific Leveraged (Bull),"MicroSectors U.S. Energy (XOM, CVX, COP)",+3x
2025-05-08,WTIU,ARCX:WTIU,0.0,8.17,0.0663,25801000.0,0.0,0.0,0.0,0.0,0.0,BALANCED,0.0,3. Sector Specific Leveraged (Bull),"MicroSectors U.S. Energy (XOM, CVX, COP)",+3x
2025-05-09,WTIU,ARCX:WTIU,0.0,8.5,0.0412,25801000.0,0.0,0.0,0.0,0.0,0.0,BALANCED,0.0,3. Sector Specific Leveraged (Bull),"MicroSectors U.S. Energy (XOM, CVX, COP)",+3x
2025-05-12,WTIU,ARCX:WTIU,0.0,9.24,0.0864,25801000.0,0.0,0.0,0.0,0.0,0.0,BALANCED,0.0,3. Sector Specific Leveraged (Bull),"MicroSectors U.S. Energy (XOM, CVX, COP)",+3x
2025-05-13,WTIU,ARCX:WTIU,0.0,9.8,0.061,25801000.0,0.0,0.0,0.0,0.0,0.0,BALANCED,0.0,3. Sector Specific Leveraged (Bull),"MicroSectors U.S. Energy (XOM, CVX, COP)",+3x
2025-05-14,WTIU,ARCX:WTIU,0.0,9.59,-0.0213,25801000.0,0.0,0.0,0.0,0.0,0.0,BALANCED,0.0,3. Sector Specific Leveraged (Bull),"MicroSectors U.S. Energy (XOM, CVX, COP)",+3x
2025-05-15,WTIU,ARCX:WTIU,0.0,9.64,0.0053,25801000.0,0.0,0.0,0.0,0.0,0.0,BALANCED,0.0,3. Sector Specific Leveraged (Bull),"MicroSectors U.S. Energy (XOM, CVX, COP)",+3x
2025-05-16,WTIU,ARCX:WTIU,0.0,9.56,-0.0085,25801000.0,0.0,0.0,0.0,0.0,0.0,BALANCED,0.0,3. Sector Specific Leveraged (Bull),"MicroSectors U.S. Energy (XOM, CVX, COP)",+3x
2025-05-19,WTIU,ARCX:WTIU,0.0,9.17,-0.0413,25801000.0,0.0,0.0,0.0,0.0,0.0,BALANCED,0.0,3. Sector Specific Leveraged (Bull),"MicroSectors U.S. Energy (XOM, CVX, COP)",+3x
2025-05-20,WTIU,ARCX:WTIU,0.0,8.97,-0.0219,25801000.0,0.0,0.0,0.0,0.0,0.0,BALANCED,0.0,3. Sector Specific Leveraged (Bull),"MicroSectors U.S. Energy (XOM, CVX, COP)",+3x
2025-05-21,WTIU,ARCX:WTIU,0.0,8.41,-0.0614,25801000.0,0.0,0.0,0.0,0.0,0.0,BALANCED,0.0,3. Sector Specific Leveraged (Bull),"MicroSectors U.S. Energy (XOM, CVX, COP)",+3x
2025-05-22,WTIU,ARCX:WTIU,0.0,8.36,-0.0067,25801000.0,0.0,0.0,0.0,0.0,0.0,BALANCED,0.0,3. Sector Specific Leveraged (Bull),"MicroSectors U.S. Energy (XOM, CVX, COP)",+3x
2025-05-23,WTIU,ARCX:WTIU,0.0,8.38,0.0025,25801000.0,0.0,0.0,0.0,0.0,0.0,BALANCED,0.0,3. Sector Specific Leveraged (Bull),"MicroSectors U.S. Energy (XOM, CVX, COP)",+3x
2025-05-27,WTIU,ARCX:WTIU,0.0,8.61,0.0271,25801000.0,0.0,0.0,0.0,0.0,0.0,BALANCED,0.0,3. Sector Specific Leveraged (Bull),"MicroSectors U.S. Energy (XOM, CVX, COP)",+3x
2025-05-28,WTIU,ARCX:WTIU,0.0,8.22,-0.0444,25801000.0,0.0,0.0,0.0,0.0,0.0,BALANCED,0.0,3. Sector Specific Leveraged (Bull),"MicroSectors U.S. Energy (XOM, CVX, COP)",+3x
2025-05-29,WTIU,ARCX:WTIU,0.0,8.43,0.0249,25801000.0,0.0,0.0,0.0,0.0,0.0,BALANCED,0.0,3. Sector Specific Leveraged (Bull),"MicroSectors U.S. Energy (XOM, CVX, COP)",+3x
2025-05-30,WTIU,ARCX:WTIU,0.0,8.24,-0.023,25801000.0,0.0,0.0,0.0,0.0,0.0,BALANCED,0.0,3. Sector Specific Leveraged (Bull),"MicroSectors U.S. Energy (XOM, CVX, COP)",+3x
2025-06-02,WTIU,ARCX:WTIU,0.0,8.54,0.0375,25801000.0,0.0,0.0,0.0,0.0,0.0,BALANCED,0.0,3. Sector Specific Leveraged (Bull),"MicroSectors U.S. Energy (XOM, CVX, COP)",+3x
2025-06-03,WTIU,ARCX:WTIU,0.0,8.9,0.0416,25801000.0,0.0,0.0,0.0,0.0,0.0,BALANCED,0.0,3. Sector Specific Leveraged (Bull),"MicroSectors U.S. Energy (XOM, CVX, COP)",+3x
2025-06-04,WTIU,ARCX:WTIU,0.0,8.35,-0.0614,25801000.0,0.0,0.0,0.0,0.0,0.0,BALANCED,0.0,3. Sector Specific Leveraged (Bull),"MicroSectors U.S. Energy (XOM, CVX, COP)",+3x
2025-06-05,WTIU,ARCX:WTIU,0.0,8.27,-0.0102,25801000.0,0.0,0.0,0.0,0.0,0.0,BALANCED,0.0,3. Sector Specific Leveraged (Bull),"MicroSectors U.S. Energy (XOM, CVX, COP)",+3x
2025-06-06,WTIU,ARCX:WTIU,0.0,8.78,0.0615,25801000.0,0.0,0.0,0.0,0.0,0.0,BALANCED,0.0,3. Sector Specific Leveraged (Bull),"MicroSectors U.S. Energy (XOM, CVX, COP)",+3x
2025-06-09,WTIU,ARCX:WTIU,0.0,8.85,0.008,25801000.0,0.0,0.0,0.0,0.0,0.0,BALANCED,0.0,3. Sector Specific Leveraged (Bull),"MicroSectors U.S. Energy (XOM, CVX, COP)",+3x
2025-06-10,WTIU,ARCX:WTIU,0.0,9.32,0.0538,25801000.0,0.0,0.0,0.0,0.0,0.0,BALANCED,0.0,3. Sector Specific Leveraged (Bull),"MicroSectors U.S. Energy (XOM, CVX, COP)",+3x
2025-06-11,WTIU,ARCX:WTIU,0.0,9.77,0.0479,25801000.0,0.0,0.0,0.0,0.0,0.0,BALANCED,0.0,3. Sector Specific Leveraged (Bull),"MicroSectors U.S. Energy (XOM, CVX, COP)",+3x
2025-06-12,WTIU,ARCX:WTIU,0.0,9.95,0.0183,25801000.0,0.0,0.0,0.0,0.0,0.0,BALANCED,0.0,3. Sector Specific Leveraged (Bull),"MicroSectors U.S. Energy (XOM, CVX, COP)",+3x
2025-06-13,WTIU,ARCX:WTIU,0.0,10.54,0.0598,25801000.0,0.0,0.0,0.0,0.0,0.0,BALANCED,0.0,3. Sector Specific Leveraged (Bull),"MicroSectors U.S. Energy (XOM, CVX, COP)",+3x
2025-06-16,WTIU,ARCX:WTIU,0.0,10.46,-0.0082,25801000.0,0.0,0.0,0.0,0.0,0.0,BALANCED,0.0,3. Sector Specific Leveraged (Bull),"MicroSectors U.S. Energy (XOM, CVX, COP)",+3x
2025-06-17,WTIU,ARCX:WTIU,0.0,10.87,0.0392,25801000.0,0.0,0.0,0.0,0.0,0.0,BALANCED,0.0,3. Sector Specific Leveraged (Bull),"MicroSectors U.S. Energy (XOM, CVX, COP)",+3x
2025-06-18,WTIU,ARCX:WTIU,0.0,10.57,-0.0269,25801000.0,0.0,0.0,0.0,0.0,0.0,BALANCED,0.0,3. Sector Specific Leveraged (Bull),"MicroSectors U.S. Energy (XOM, CVX, COP)",+3x
2025-06-20,WTIU,ARCX:WTIU,0.0,10.86,0.0274,25801000.0,0.0,0.0,0.0,0.0,0.0,BALANCED,0.0,3. Sector Specific Leveraged (Bull),"MicroSectors U.S. Energy (XOM, CVX, COP)",+3x
2025-06-23,WTIU,ARCX:WTIU,0.0,9.99,-0.0806,25801000.0,0.0,0.0,0.0,0.0,0.0,BALANCED,0.0,3. Sector Specific Leveraged (Bull),"MicroSectors U.S. Energy (XOM, CVX, COP)",+3x
2025-06-24,WTIU,ARCX:WTIU,0.0,9.5,-0.049,25801000.0,0.0,0.0,0.0,0.0,0.0,BALANCED,0.0,3. Sector Specific Leveraged (Bull),"MicroSectors U.S. Energy (XOM, CVX, COP)",+3x
2025-06-25,WTIU,ARCX:WTIU,0.0,9.31,-0.0201,25801000.0,0.0,0.0,0.0,0.0,0.0,BALANCED,0.0,3. Sector Specific Leveraged (Bull),"MicroSectors U.S. Energy (XOM, CVX, COP)",+3x
2025-06-26,WTIU,ARCX:WTIU,0.0,9.61,0.033,25801000.0,0.0,0.0,0.0,0.0,0.0,BALANCED,0.0,3. Sector Specific Leveraged (Bull),"MicroSectors U.S. Energy (XOM, CVX, COP)",+3x
2025-06-27,WTIU,ARCX:WTIU,0.0,9.44,-0.0177,25801000.0,0.0,0.0,0.0,0.0,0.0,BALANCED,0.0,3. Sector Specific Leveraged (Bull),"MicroSectors U.S. Energy (XOM, CVX, COP)",+3x
2025-06-30,WTIU,ARCX:WTIU,0.0,9.19,-0.0274,25801000.0,0.0,0.0,0.0,0.0,0.0,BALANCED,0.0,3. Sector Specific Leveraged (Bull),"MicroSectors U.S. Energy (XOM, CVX, COP)",+3x
2025-07-01,WTIU,ARCX:WTIU,0.0,9.49,0.0331,25801000.0,0.0,0.0,0.0,0.0,0.0,BALANCED,0.0,3. Sector Specific Leveraged (Bull),"MicroSectors U.S. Energy (XOM, CVX, COP)",+3x
2025-07-02,WTIU,ARCX:WTIU,0.0,10.01,0.0545,25801000.0,0.0,0.0,0.0,0.0,0.0,BALANCED,0.0,3. Sector Specific Leveraged (Bull),"MicroSectors U.S. Energy (XOM, CVX, COP)",+3x
2025-07-03,WTIU,ARCX:WTIU,0.0,10.01,0.0008,25801000.0,0.0,0.0,0.0,0.0,0.0,BALANCED,0.0,3. Sector Specific Leveraged (Bull),"MicroSectors U.S. Energy (XOM, CVX, COP)",+3x
2025-07-07,WTIU,ARCX:WTIU,0.0,9.74,-0.0278,25801000.0,0.0,0.0,0.0,0.0,0.0,BALANCED,0.0,3. Sector Specific Leveraged (Bull),"MicroSectors U.S. Energy (XOM, CVX, COP)",+3x
2025-07-08,WTIU,ARCX:WTIU,0.0,10.59,0.0877,25801000.0,0.0,0.0,0.0,0.0,0.0,BALANCED,0.0,3. Sector Specific Leveraged (Bull),"MicroSectors U.S. Energy (XOM, CVX, COP)",+3x
2025-07-09,WTIU,ARCX:WTIU,0.0,10.41,-0.0171,25801000.0,0.0,0.0,0.0,0.0,0.0,BALANCED,0.0,3. Sector Specific Leveraged (Bull),"MicroSectors U.S. Energy (XOM, CVX, COP)",+3x
2025-07-10,WTIU,ARCX:WTIU,0.0,10.68,0.0261,25801000.0,0.0,0.0,0.0,0.0,0.0,BALANCED,0.0,3. Sector Specific Leveraged (Bull),"MicroSectors U.S. Energy (XOM, CVX, COP)",+3x
2025-07-11,WTIU,ARCX:WTIU,0.0,10.75,0.0064,25801000.0,0.0,0.0,0.0,0.0,0.0,BALANCED,0.0,3. Sector Specific Leveraged (Bull),"MicroSectors U.S. Energy (XOM, CVX, COP)",+3x
2025-07-14,WTIU,ARCX:WTIU,0.0,10.37,-0.0353,25801000.0,0.0,0.0,0.0,0.0,0.0,BALANCED,0.0,3. Sector Specific Leveraged (Bull),"MicroSectors U.S. Energy (XOM, CVX, COP)",+3x
2025-07-15,WTIU,ARCX:WTIU,0.0,9.9,-0.0455,25801000.0,0.0,0.0,0.0,0.0,0.0,BALANCED,0.0,3. Sector Specific Leveraged (Bull),"MicroSectors U.S. Energy (XOM, CVX, COP)",+3x
2025-07-16,WTIU,ARCX:WTIU,0.0,9.61,-0.029,25801000.0,0.0,0.0,0.0,0.0,0.0,BALANCED,0.0,3. Sector Specific Leveraged (Bull),"MicroSectors U.S. Energy (XOM, CVX, COP)",+3x
2025-07-17,WTIU,ARCX:WTIU,0.0,9.87,0.0272,25801000.0,0.0,0.0,0.0,0.0,0.0,BALANCED,0.0,3. Sector Specific Leveraged (Bull),"MicroSectors U.S. Energy (XOM, CVX, COP)",+3x
2025-07-18,WTIU,ARCX:WTIU,0.0,9.67,-0.02,25801000.0,0.0,0.0,0.0,0.0,0.0,BALANCED,0.0,3. Sector Specific Leveraged (Bull),"MicroSectors U.S. Energy (XOM, CVX, COP)",+3x
2025-07-21,WTIU,ARCX:WTIU,0.0,9.22,-0.0468,25801000.0,0.0,0.0,0.0,0.0,0.0,BALANCED,0.0,3. Sector Specific Leveraged (Bull),"MicroSectors U.S. Energy (XOM, CVX, COP)",+3x
2025-07-22,WTIU,ARCX:WTIU,0.0,9.43,0.0231,25801000.0,0.0,0.0,0.0,0.0,0.0,BALANCED,0.0,3. Sector Specific Leveraged (Bull),"MicroSectors U.S. Energy (XOM, CVX, COP)",+3x
2025-07-23,WTIU,ARCX:WTIU,0.0,9.74,0.0326,25801000.0,0.0,0.0,0.0,0.0,0.0,BALANCED,0.0,3. Sector Specific Leveraged (Bull),"MicroSectors U.S. Energy (XOM, CVX, COP)",+3x
2025-07-24,WTIU,ARCX:WTIU,0.0,9.78,0.0037,25801000.0,0.0,0.0,0.0,0.0,0.0,BALANCED,0.0,3. Sector Specific Leveraged (Bull),"MicroSectors U.S. Energy (XOM, CVX, COP)",+3x
2025-07-25,WTIU,ARCX:WTIU,0.0,9.62,-0.016,25801000.0,0.0,0.0,0.0,0.0,0.0,BALANCED,0.0,3. Sector Specific Leveraged (Bull),"MicroSectors U.S. Energy (XOM, CVX, COP)",+3x
2025-07-28,WTIU,ARCX:WTIU,0.0,10.09,0.0484,25801000.0,0.0,0.0,0.0,0.0,0.0,BALANCED,0.0,3. Sector Specific Leveraged (Bull),"MicroSectors U.S. Energy (XOM, CVX, COP)",+3x
2025-07-29,WTIU,ARCX:WTIU,0.0,10.33,0.0241,25801000.0,0.0,0.0,0.0,0.0,0.0,BALANCED,0.0,3. Sector Specific Leveraged (Bull),"MicroSectors U.S. Energy (XOM, CVX, COP)",+3x
2025-07-30,WTIU,ARCX:WTIU,0.0,9.89,-0.0426,25801000.0,0.0,0.0,0.0,0.0,0.0,BALANCED,0.0,3. Sector Specific Leveraged (Bull),"MicroSectors U.S. Energy (XOM, CVX, COP)",+3x
2025-07-31,WTIU,ARCX:WTIU,0.0,9.66,-0.0235,25801000.0,0.0,0.0,0.0,0.0,0.0,BALANCED,0.0,3. Sector Specific Leveraged (Bull),"MicroSectors U.S. Energy (XOM, CVX, COP)",+3x
2025-08-01,WTIU,ARCX:WTIU,0.0,9.05,-0.0628,25801000.0,0.0,0.0,0.0,0.0,0.0,BALANCED,0.0,3. Sector Specific Leveraged (Bull),"MicroSectors U.S. Energy (XOM, CVX, COP)",+3x
2025-08-04,WTIU,ARCX:WTIU,0.0,8.98,-0.0082,25801000.0,0.0,0.0,0.0,0.0,0.0,BALANCED,0.0,3. Sector Specific Leveraged (Bull),"MicroSectors U.S. Energy (XOM, CVX, COP)",+3x
2025-08-05,WTIU,ARCX:WTIU,0.0,9.08,0.0118,25801000.0,0.0,0.0,0.0,0.0,0.0,BALANCED,0.0,3. Sector Specific Leveraged (Bull),"MicroSectors U.S. Energy (XOM, CVX, COP)",+3x
2025-08-06,WTIU,ARCX:WTIU,0.0,8.85,-0.026,25801000.0,0.0,0.0,0.0,0.0,0.0,BALANCED,0.0,3. Sector Specific Leveraged (Bull),"MicroSectors U.S. Energy (XOM, CVX, COP)",+3x
2025-08-07,WTIU,ARCX:WTIU,0.0,8.76,-0.0095,25801000.0,0.0,0.0,0.0,0.0,0.0,BALANCED,0.0,3. Sector Specific Leveraged (Bull),"MicroSectors U.S. Energy (XOM, CVX, COP)",+3x
2025-08-08,WTIU,ARCX:WTIU,0.0,8.96,0.0227,25801000.0,0.0,0.0,0.0,0.0,0.0,BALANCED,0.0,3. Sector Specific Leveraged (Bull),"MicroSectors U.S. Energy (XOM, CVX, COP)",+3x
2025-08-11,WTIU,ARCX:WTIU,0.0,8.71,-0.0286,25801000.0,0.0,0.0,0.0,0.0,0.0,BALANCED,0.0,3. Sector Specific Leveraged (Bull),"MicroSectors U.S. Energy (XOM, CVX, COP)",+3x
2025-08-12,WTIU,ARCX:WTIU,0.0,8.86,0.0171,25801000.0,0.0,0.0,0.0,0.0,0.0,BALANCED,0.0,3. Sector Specific Leveraged (Bull),"MicroSectors U.S. Energy (XOM, CVX, COP)",+3x
2025-08-13,WTIU,ARCX:WTIU,0.0,9.18,0.0372,25801000.0,0.0,0.0,0.0,0.0,0.0,BALANCED,0.0,3. Sector Specific Leveraged (Bull),"MicroSectors U.S. Energy (XOM, CVX, COP)",+3x
2025-08-14,WTIU,ARCX:WTIU,0.0,9.2,0.0017,25801000.0,0.0,0.0,0.0,0.0,0.0,BALANCED,0.0,3. Sector Specific Leveraged (Bull),"MicroSectors U.S. Energy (XOM, CVX, COP)",+3x
2025-08-15,WTIU,ARCX:WTIU,0.0,9.24,0.0047,25801000.0,0.0,0.0,0.0,0.0,0.0,BALANCED,0.0,3. Sector Specific Leveraged (Bull),"MicroSectors U.S. Energy (XOM, CVX, COP)",+3x
2025-08-18,WTIU,ARCX:WTIU,0.0,9.0,-0.0267,25801000.0,0.0,0.0,0.0,0.0,0.0,BALANCED,0.0,3. Sector Specific Leveraged (Bull),"MicroSectors U.S. Energy (XOM, CVX, COP)",+3x
2025-08-19,WTIU,ARCX:WTIU,0.0,8.99,-0.001,25801000.0,0.0,0.0,0.0,0.0,0.0,BALANCED,0.0,3. Sector Specific Leveraged (Bull),"MicroSectors U.S. Energy (XOM, CVX, COP)",+3x
2025-08-20,WTIU,ARCX:WTIU,0.0,9.25,0.0294,25801000.0,0.0,0.0,0.0,0.0,0.0,BALANCED,0.0,3. Sector Specific Leveraged (Bull),"MicroSectors U.S. Energy (XOM, CVX, COP)",+3x
2025-08-21,WTIU,ARCX:WTIU,0.0,9.41,0.0168,25801000.0,0.0,0.0,0.0,0.0,0.0,BALANCED,0.0,3. Sector Specific Leveraged (Bull),"MicroSectors U.S. Energy (XOM, CVX, COP)",+3x
2025-08-22,WTIU,ARCX:WTIU,0.0,10.04,0.0673,25801000.0,0.0,0.0,0.0,0.0,0.0,BALANCED,0.0,3. Sector Specific Leveraged (Bull),"MicroSectors U.S. Energy (XOM, CVX, COP)",+3x
2025-08-25,WTIU,ARCX:WTIU,0.0,10.2,0.016,25801000.0,0.0,0.0,0.0,0.0,0.0,BALANCED,0.0,3. Sector Specific Leveraged (Bull),"MicroSectors U.S. Energy (XOM, CVX, COP)",+3x
2025-08-26,WTIU,ARCX:WTIU,0.0,10.15,-0.0051,25801000.0,0.0,0.0,0.0,0.0,0.0,BALANCED,0.0,3. Sector Specific Leveraged (Bull),"MicroSectors U.S. Energy (XOM, CVX, COP)",+3x
2025-08-27,WTIU,ARCX:WTIU,0.0,10.48,0.0325,25801000.0,0.0,0.0,0.0,0.0,0.0,BALANCED,0.0,3. Sector Specific Leveraged (Bull),"MicroSectors U.S. Energy (XOM, CVX, COP)",+3x
2025-08-28,WTIU,ARCX:WTIU,0.0,10.72,0.0233,25801000.0,0.0,0.0,0.0,0.0,0.0,BALANCED,0.0,3. Sector Specific Leveraged (Bull),"MicroSectors U.S. Energy (XOM, CVX, COP)",+3x
2025-08-29,WTIU,ARCX:WTIU,0.0,10.83,0.0102,25801000.0,0.0,0.0,0.0,0.0,0.0,BALANCED,0.0,3. Sector Specific Leveraged (Bull),"MicroSectors U.S. Energy (XOM, CVX, COP)",+3x
2025-09-02,WTIU,ARCX:WTIU,0.0,11.03,0.0184,25801000.0,0.0,0.0,0.0,0.0,0.0,BALANCED,0.0,3. Sector Specific Leveraged (Bull),"MicroSectors U.S. Energy (XOM, CVX, COP)",+3x
2025-09-03,WTIU,ARCX:WTIU,0.0,10.17,-0.0781,25801000.0,0.0,0.0,0.0,0.0,0.0,BALANCED,0.0,3. Sector Specific Leveraged (Bull),"MicroSectors U.S. Energy (XOM, CVX, COP)",+3x
2025-09-04,WTIU,ARCX:WTIU,0.0,10.29,0.012,25801000.0,0.0,0.0,0.0,0.0,0.0,BALANCED,0.0,3. Sector Specific Leveraged (Bull),"MicroSectors U.S. Energy (XOM, CVX, COP)",+3x
2025-09-05,WTIU,ARCX:WTIU,0.0,9.77,-0.0513,25801000.0,0.0,0.0,0.0,0.0,0.0,BALANCED,0.0,3. Sector Specific Leveraged (Bull),"MicroSectors U.S. Energy (XOM, CVX, COP)",+3x
2025-09-08,WTIU,ARCX:WTIU,0.0,9.62,-0.015,25801000.0,0.0,0.0,0.0,0.0,0.0,BALANCED,0.0,3. Sector Specific Leveraged (Bull),"MicroSectors U.S. Energy (XOM, CVX, COP)",+3x
2025-09-09,WTIU,ARCX:WTIU,0.0,9.75,0.0138,25801000.0,0.0,0.0,0.0,0.0,0.0,BALANCED,0.0,3. Sector Specific Leveraged (Bull),"MicroSectors U.S. Energy (XOM, CVX, COP)",+3x
2025-09-10,WTIU,ARCX:WTIU,0.0,10.18,0.0439,25801000.0,0.0,0.0,0.0,0.0,0.0,BALANCED,0.0,3. Sector Specific Leveraged (Bull),"MicroSectors U.S. Energy (XOM, CVX, COP)",+3x
2025-09-11,WTIU,ARCX:WTIU,0.0,10.11,-0.0065,25801000.0,0.0,0.0,0.0,0.0,0.0,BALANCED,0.0,3. Sector Specific Leveraged (Bull),"MicroSectors U.S. Energy (XOM, CVX, COP)",+3x
2025-09-12,WTIU,ARCX:WTIU,0.0,9.87,-0.0242,25801000.0,0.0,0.0,0.0,0.0,0.0,BALANCED,0.0,3. Sector Specific Leveraged (Bull),"MicroSectors U.S. Energy (XOM, CVX, COP)",+3x
2025-09-15,WTIU,ARCX:WTIU,0.0,9.75,-0.0119,25801000.0,0.0,0.0,0.0,0.0,0.0,BALANCED,0.0,3. Sector Specific Leveraged (Bull),"MicroSectors U.S. Energy (XOM, CVX, COP)",+3x
2025-09-16,WTIU,ARCX:WTIU,0.0,10.41,0.0678,25801000.0,0.0,0.0,0.0,0.0,0.0,BALANCED,0.0,3. Sector Specific Leveraged (Bull),"MicroSectors U.S. Energy (XOM, CVX, COP)",+3x
2025-09-17,WTIU,ARCX:WTIU,0.0,10.49,0.0075,25801000.0,0.0,0.0,0.0,0.0,0.0,BALANCED,0.0,3. Sector Specific Leveraged (Bull),"MicroSectors U.S. Energy (XOM, CVX, COP)",+3x
2025-09-18,WTIU,ARCX:WTIU,0.0,10.29,-0.0195,25801000.0,0.0,0.0,0.0,0.0,0.0,BALANCED,0.0,3. Sector Specific Leveraged (Bull),"MicroSectors U.S. Energy (XOM, CVX, COP)",+3x
2025-09-19,WTIU,ARCX:WTIU,0.0,9.89,-0.0388,25801000.0,0.0,0.0,0.0,0.0,0.0,BALANCED,0.0,3. Sector Specific Leveraged (Bull),"MicroSectors U.S. Energy (XOM, CVX, COP)",+3x
2025-09-22,WTIU,ARCX:WTIU,0.0,9.89,-0.0,25801000.0,0.0,0.0,0.0,0.0,0.0,BALANCED,0.0,3. Sector Specific Leveraged (Bull),"MicroSectors U.S. Energy (XOM, CVX, COP)",+3x
2025-09-23,WTIU,ARCX:WTIU,0.0,10.37,0.0493,25801000.0,0.0,0.0,0.0,0.0,0.0,BALANCED,0.0,3. Sector Specific Leveraged (Bull),"MicroSectors U.S. Energy (XOM, CVX, COP)",+3x
2025-09-24,WTIU,ARCX:WTIU,0.0,10.87,0.0475,25801000.0,0.0,0.0,0.0,0.0,0.0,BALANCED,0.0,3. Sector Specific Leveraged (Bull),"MicroSectors U.S. Energy (XOM, CVX, COP)",+3x
2025-09-25,WTIU,ARCX:WTIU,0.0,11.24,0.0343,25801000.0,0.0,0.0,0.0,0.0,0.0,BALANCED,0.0,3. Sector Specific Leveraged (Bull),"MicroSectors U.S. Energy (XOM, CVX, COP)",+3x
2025-09-26,WTIU,ARCX:WTIU,0.0,11.55,0.0273,25801000.0,0.0,0.0,0.0,0.0,0.0,BALANCED,0.0,3. Sector Specific Leveraged (Bull),"MicroSectors U.S. Energy (XOM, CVX, COP)",+3x
2025-09-29,WTIU,ARCX:WTIU,0.0,10.94,-0.0529,25801000.0,0.0,0.0,0.0,0.0,0.0,BALANCED,0.0,3. Sector Specific Leveraged (Bull),"MicroSectors U.S. Energy (XOM, CVX, COP)",+3x
2025-09-30,WTIU,ARCX:WTIU,0.0,10.59,-0.0314,25801000.0,0.0,0.0,0.0,0.0,0.0,BALANCED,0.0,3. Sector Specific Leveraged (Bull),"MicroSectors U.S. Energy (XOM, CVX, COP)",+3x
2025-10-01,WTIU,ARCX:WTIU,0.0,10.67,0.0076,25801000.0,0.0,0.0,0.0,0.0,0.0,BALANCED,0.0,3. Sector Specific Leveraged (Bull),"MicroSectors U.S. Energy (XOM, CVX, COP)",+3x
2025-10-02,WTIU,ARCX:WTIU,0.0,10.18,-0.0466,25801000.0,0.0,0.0,0.0,0.0,0.0,BALANCED,0.0,3. Sector Specific Leveraged (Bull),"MicroSectors U.S. Energy (XOM, CVX, COP)",+3x
2025-10-03,WTIU,ARCX:WTIU,0.0,10.32,0.0138,25801000.0,0.0,0.0,0.0,0.0,0.0,BALANCED,0.0,3. Sector Specific Leveraged (Bull),"MicroSectors U.S. Energy (XOM, CVX, COP)",+3x
2025-10-06,WTIU,ARCX:WTIU,0.0,10.54,0.0216,25801000.0,0.0,0.0,0.0,0.0,0.0,BALANCED,0.0,3. Sector Specific Leveraged (Bull),"MicroSectors U.S. Energy (XOM, CVX, COP)",+3x
2025-10-07,WTIU,ARCX:WTIU,0.0,10.56,0.0021,25801000.0,0.0,0.0,0.0,0.0,0.0,BALANCED,0.0,3. Sector Specific Leveraged (Bull),"MicroSectors U.S. Energy (XOM, CVX, COP)",+3x
2025-10-08,WTIU,ARCX:WTIU,0.0,10.34,-0.0208,25801000.0,0.0,0.0,0.0,0.0,0.0,BALANCED,0.0,3. Sector Specific Leveraged (Bull),"MicroSectors U.S. Energy (XOM, CVX, COP)",+3x
2025-10-09,WTIU,ARCX:WTIU,0.0,9.93,-0.0394,25801000.0,0.0,0.0,0.0,0.0,0.0,BALANCED,0.0,3. Sector Specific Leveraged (Bull),"MicroSectors U.S. Energy (XOM, CVX, COP)",+3x
2025-10-10,WTIU,ARCX:WTIU,0.0,8.95,-0.0994,25801000.0,0.0,0.0,0.0,0.0,0.0,BALANCED,0.0,3. Sector Specific Leveraged (Bull),"MicroSectors U.S. Energy (XOM, CVX, COP)",+3x
2025-10-13,WTIU,ARCX:WTIU,0.0,9.34,0.0439,25801000.0,0.0,0.0,0.0,0.0,0.0,BALANCED,0.0,3. Sector Specific Leveraged (Bull),"MicroSectors U.S. Energy (XOM, CVX, COP)",+3x
2025-10-14,WTIU,ARCX:WTIU,0.0,9.27,-0.0075,25801000.0,0.0,0.0,0.0,0.0,0.0,BALANCED,0.0,3. Sector Specific Leveraged (Bull),"MicroSectors U.S. Energy (XOM, CVX, COP)",+3x
2025-10-15,WTIU,ARCX:WTIU,0.0,9.28,0.0016,25801000.0,0.0,0.0,0.0,0.0,0.0,BALANCED,0.0,3. Sector Specific Leveraged (Bull),"MicroSectors U.S. Energy (XOM, CVX, COP)",+3x
2025-10-16,WTIU,ARCX:WTIU,0.0,8.81,-0.0507,25801000.0,0.0,0.0,0.0,0.0,0.0,BALANCED,0.0,3. Sector Specific Leveraged (Bull),"MicroSectors U.S. Energy (XOM, CVX, COP)",+3x
2025-10-17,WTIU,ARCX:WTIU,0.0,9.0,0.0208,25801000.0,0.0,0.0,0.0,0.0,0.0,BALANCED,0.0,3. Sector Specific Leveraged (Bull),"MicroSectors U.S. Energy (XOM, CVX, COP)",+3x
2025-10-20,WTIU,ARCX:WTIU,0.0,9.36,0.0401,25801000.0,0.0,0.0,0.0,0.0,0.0,BALANCED,0.0,3. Sector Specific Leveraged (Bull),"MicroSectors U.S. Energy (XOM, CVX, COP)",+3x
2025-10-21,WTIU,ARCX:WTIU,0.0,9.17,-0.0197,25801000.0,0.0,0.0,0.0,0.0,0.0,BALANCED,0.0,3. Sector Specific Leveraged (Bull),"MicroSectors U.S. Energy (XOM, CVX, COP)",+3x
2025-10-22,WTIU,ARCX:WTIU,0.0,9.41,0.0263,25801000.0,0.0,0.0,0.0,0.0,0.0,BALANCED,0.0,3. Sector Specific Leveraged (Bull),"MicroSectors U.S. Energy (XOM, CVX, COP)",+3x
2025-10-23,WTIU,ARCX:WTIU,0.0,10.05,0.0676,25801000.0,0.0,0.0,0.0,0.0,0.0,BALANCED,0.0,3. Sector Specific Leveraged (Bull),"MicroSectors U.S. Energy (XOM, CVX, COP)",+3x
2025-10-24,WTIU,ARCX:WTIU,0.0,9.79,-0.026,25801000.0,0.0,0.0,0.0,0.0,0.0,BALANCED,0.0,3. Sector Specific Leveraged (Bull),"MicroSectors U.S. Energy (XOM, CVX, COP)",+3x
2025-10-27,WTIU,ARCX:WTIU,0.0,9.84,0.0055,25801000.0,0.0,0.0,0.0,0.0,0.0,BALANCED,0.0,3. Sector Specific Leveraged (Bull),"MicroSectors U.S. Energy (XOM, CVX, COP)",+3x
2025-10-28,WTIU,ARCX:WTIU,0.0,9.28,-0.0576,25801000.0,0.0,0.0,0.0,0.0,0.0,BALANCED,0.0,3. Sector Specific Leveraged (Bull),"MicroSectors U.S. Energy (XOM, CVX, COP)",+3x
2025-10-29,WTIU,ARCX:WTIU,0.0,9.49,0.023,25801000.0,0.0,0.0,0.0,0.0,0.0,BALANCED,0.0,3. Sector Specific Leveraged (Bull),"MicroSectors U.S. Energy (XOM, CVX, COP)",+3x
2025-10-30,WTIU,ARCX:WTIU,0.0,9.37,-0.0129,25801000.0,0.0,0.0,0.0,0.0,0.0,BALANCED,0.0,3. Sector Specific Leveraged (Bull),"MicroSectors U.S. Energy (XOM, CVX, COP)",+3x
2025-10-31,WTIU,ARCX:WTIU,0.0,9.62,0.0273,25801000.0,0.0,0.0,0.0,0.0,0.0,BALANCED,0.0,3. Sector Specific Leveraged (Bull),"MicroSectors U.S. Energy (XOM, CVX, COP)",+3x
2025-11-03,WTIU,ARCX:WTIU,0.0,9.73,0.0107,25801000.0,0.0,0.0,0.0,0.0,0.0,BALANCED,0.0,3. Sector Specific Leveraged (Bull),"MicroSectors U.S. Energy (XOM, CVX, COP)",+3x
2025-11-04,WTIU,ARCX:WTIU,0.0,9.43,-0.0302,25801000.0,0.0,0.0,0.0,0.0,0.0,BALANCED,0.0,3. Sector Specific Leveraged (Bull),"MicroSectors U.S. Energy (XOM, CVX, COP)",+3x
2025-11-05,WTIU,ARCX:WTIU,0.0,9.38,-0.005,25801000.0,0.0,0.0,0.0,0.0,0.0,BALANCED,0.0,3. Sector Specific Leveraged (Bull),"MicroSectors U.S. Energy (XOM, CVX, COP)",+3x
2025-11-06,WTIU,ARCX:WTIU,0.0,9.6,0.023,25801000.0,0.0,0.0,0.0,0.0,0.0,BALANCED,0.0,3. Sector Specific Leveraged (Bull),"MicroSectors U.S. Energy (XOM, CVX, COP)",+3x
2025-11-07,WTIU,ARCX:WTIU,0.0,10.05,0.0464,25801000.0,0.0,0.0,0.0,0.0,0.0,BALANCED,0.0,3. Sector Specific Leveraged (Bull),"MicroSectors U.S. Energy (XOM, CVX, COP)",+3x
2025-11-10,WTIU,ARCX:WTIU,0.0,10.38,0.0332,25801000.0,0.0,0.0,0.0,0.0,0.0,BALANCED,0.0,3. Sector Specific Leveraged (Bull),"MicroSectors U.S. Energy (XOM, CVX, COP)",+3x
2025-11-11,WTIU,ARCX:WTIU,0.0,10.93,0.0531,25801000.0,0.0,0.0,0.0,0.0,0.0,BALANCED,0.0,3. Sector Specific Leveraged (Bull),"MicroSectors U.S. Energy (XOM, CVX, COP)",+3x
2025-11-12,WTIU,ARCX:WTIU,0.0,10.58,-0.0322,25801000.0,0.0,0.0,0.0,0.0,0.0,BALANCED,0.0,3. Sector Specific Leveraged (Bull),"MicroSectors U.S. Energy (XOM, CVX, COP)",+3x
2025-11-13,WTIU,ARCX:WTIU,0.0,10.6,0.0023,25801000.0,0.0,0.0,0.0,0.0,0.0,BALANCED,0.0,3. Sector Specific Leveraged (Bull),"MicroSectors U.S. Energy (XOM, CVX, COP)",+3x
2025-11-14,WTIU,ARCX:WTIU,0.0,11.1,0.0468,25801000.0,0.0,0.0,0.0,0.0,0.0,BALANCED,0.0,3. Sector Specific Leveraged (Bull),"MicroSectors U.S. Energy (XOM, CVX, COP)",+3x
2025-11-17,WTIU,ARCX:WTIU,0.0,10.51,-0.0535,25801000.0,0.0,0.0,0.0,0.0,0.0,BALANCED,0.0,3. Sector Specific Leveraged (Bull),"MicroSectors U.S. Energy (XOM, CVX, COP)",+3x
2025-11-18,WTIU,ARCX:WTIU,0.0,10.88,0.0357,25801000.0,0.0,0.0,0.0,0.0,0.0,BALANCED,0.0,3. Sector Specific Leveraged (Bull),"MicroSectors U.S. Energy (XOM, CVX, COP)",+3x
2025-11-19,WTIU,ARCX:WTIU,0.0,10.38,-0.0461,25801000.0,0.0,0.0,0.0,0.0,0.0,BALANCED,0.0,3. Sector Specific Leveraged (Bull),"MicroSectors U.S. Energy (XOM, CVX, COP)",+3x
2025-11-20,WTIU,ARCX:WTIU,0.0,9.84,-0.0522,25801000.0,0.0,0.0,0.0,0.0,0.0,BALANCED,0.0,3. Sector Specific Leveraged (Bull),"MicroSectors U.S. Energy (XOM, CVX, COP)",+3x
2025-11-21,WTIU,ARCX:WTIU,0.0,10.0,0.0161,25801000.0,0.0,0.0,0.0,0.0,0.0,BALANCED,0.0,3. Sector Specific Leveraged (Bull),"MicroSectors U.S. Energy (XOM, CVX, COP)",+3x
2025-11-24,WTIU,ARCX:WTIU,0.0,10.0,0.0003,25801000.0,0.0,0.0,0.0,0.0,0.0,BALANCED,0.0,3. Sector Specific Leveraged (Bull),"MicroSectors U.S. Energy (XOM, CVX, COP)",+3x
2025-11-25,WTIU,ARCX:WTIU,0.0,9.8,-0.0202,25801000.0,0.0,0.0,0.0,0.0,0.0,BALANCED,0.0,3. Sector Specific Leveraged (Bull),"MicroSectors U.S. Energy (XOM, CVX, COP)",+3x
2025-11-26,WTIU,ARCX:WTIU,0.0,10.07,0.0281,25801000.0,0.0,0.0,0.0,0.0,0.0,BALANCED,0.0,3. Sector Specific Leveraged (Bull),"MicroSectors U.S. Energy (XOM, CVX, COP)",+3x
2025-11-28,WTIU,ARCX:WTIU,0.0,10.07,-0.0001,25801000.0,0.0,0.0,0.0,0.0,0.0,BALANCED,0.0,3. Sector Specific Leveraged (Bull),"MicroSectors U.S. Energy (XOM, CVX, COP)",+3x
2025-12-01,WTIU,ARCX:WTIU,0.0,10.89,0.0812,25801000.0,0.0,0.0,0.0,0.0,0.0,BALANCED,0.0,3. Sector Specific Leveraged (Bull),"MicroSectors U.S. Energy (XOM, CVX, COP)",+3x
2025-12-02,WTIU,ARCX:WTIU,0.0,10.42,-0.0433,25801000.0,0.0,0.0,0.0,0.0,0.0,BALANCED,0.0,3. Sector Specific Leveraged (Bull),"MicroSectors U.S. Energy (XOM, CVX, COP)",+3x
2025-12-03,WTIU,ARCX:WTIU,0.0,10.94,0.0504,25801000.0,0.0,0.0,0.0,0.0,0.0,BALANCED,0.0,3. Sector Specific Leveraged (Bull),"MicroSectors U.S. Energy (XOM, CVX, COP)",+3x
2025-12-04,WTIU,ARCX:WTIU,0.0,10.94,-0.0001,25801000.0,0.0,0.0,0.0,0.0,0.0,BALANCED,0.0,3. Sector Specific Leveraged (Bull),"MicroSectors U.S. Energy (XOM, CVX, COP)",+3x
2025-12-05,WTIU,ARCX:WTIU,0.0,10.86,-0.0077,25801000.0,0.0,0.0,0.0,0.0,0.0,BALANCED,0.0,3. Sector Specific Leveraged (Bull),"MicroSectors U.S. Energy (XOM, CVX, COP)",+3x
2025-12-08,WTIU,ARCX:WTIU,0.0,10.46,-0.0364,25801000.0,0.0,0.0,0.0,0.0,0.0,BALANCED,0.0,3. Sector Specific Leveraged (Bull),"MicroSectors U.S. Energy (XOM, CVX, COP)",+3x
2025-12-09,WTIU,ARCX:WTIU,0.0,10.56,0.0093,25801000.0,0.0,0.0,0.0,0.0,0.0,BALANCED,0.0,3. Sector Specific Leveraged (Bull),"MicroSectors U.S. Energy (XOM, CVX, COP)",+3x
2025-12-10,WTIU,ARCX:WTIU,0.0,10.97,0.0389,25801000.0,0.0,0.0,0.0,0.0,0.0,BALANCED,0.0,3. Sector Specific Leveraged (Bull),"MicroSectors U.S. Energy (XOM, CVX, COP)",+3x
2025-12-11,WTIU,ARCX:WTIU,0.0,10.6,-0.0341,25801000.0,0.0,0.0,0.0,0.0,0.0,BALANCED,0.0,3. Sector Specific Leveraged (Bull),"MicroSectors U.S. Energy (XOM, CVX, COP)",+3x
2025-12-12,WTIU,ARCX:WTIU,0.0,10.31,-0.0267,25801000.0,0.0,0.0,0.0,0.0,0.0,BALANCED,0.0,3. Sector Specific Leveraged (Bull),"MicroSectors U.S. Energy (XOM, CVX, COP)",+3x
2025-12-15,WTIU,ARCX:WTIU,0.0,9.97,-0.0332,25801000.0,0.0,0.0,0.0,0.0,0.0,BALANCED,0.0,3. Sector Specific Leveraged (Bull),"MicroSectors U.S. Energy (XOM, CVX, COP)",+3x
2025-12-16,WTIU,ARCX:WTIU,0.0,8.95,-0.1021,25801000.0,0.0,0.0,0.0,0.0,0.0,BALANCED,0.0,3. Sector Specific Leveraged (Bull),"MicroSectors U.S. Energy (XOM, CVX, COP)",+3x
2025-12-17,WTIU,ARCX:WTIU,0.0,9.61,0.0734,25801000.0,0.0,0.0,0.0,0.0,0.0,BALANCED,0.0,3. Sector Specific Leveraged (Bull),"MicroSectors U.S. Energy (XOM, CVX, COP)",+3x
2025-12-18,WTIU,ARCX:WTIU,0.0,9.04,-0.059,25801000.0,0.0,0.0,0.0,0.0,0.0,BALANCED,0.0,3. Sector Specific Leveraged (Bull),"MicroSectors U.S. Energy (XOM, CVX, COP)",+3x
2025-12-19,WTIU,ARCX:WTIU,0.0,9.06,0.0017,25801000.0,0.0,0.0,0.0,0.0,0.0,BALANCED,0.0,3. Sector Specific Leveraged (Bull),"MicroSectors U.S. Energy (XOM, CVX, COP)",+3x
2025-12-22,WTIU,ARCX:WTIU,0.0,9.23,0.019,25801000.0,0.0,0.0,0.0,0.0,0.0,BALANCED,0.0,3. Sector Specific Leveraged (Bull),"MicroSectors U.S. Energy (XOM, CVX, COP)",+3x
2025-12-23,WTIU,ARCX:WTIU,0.0,9.4,0.0181,25801000.0,0.0,0.0,0.0,0.0,0.0,BALANCED,0.0,3. Sector Specific Leveraged (Bull),"MicroSectors U.S. Energy (XOM, CVX, COP)",+3x
2025-12-24,WTIU,ARCX:WTIU,0.0,9.25,-0.0155,25801000.0,0.0,0.0,0.0,0.0,0.0,BALANCED,0.0,3. Sector Specific Leveraged (Bull),"MicroSectors U.S. Energy (XOM, CVX, COP)",+3x
2025-12-26,WTIU,ARCX:WTIU,0.0,9.15,-0.0114,25801000.0,0.0,0.0,0.0,0.0,0.0,BALANCED,0.0,3. Sector Specific Leveraged (Bull),"MicroSectors U.S. Energy (XOM, CVX, COP)",+3x
2025-12-29,WTIU,ARCX:WTIU,0.0,9.43,0.0307,25801000.0,0.0,0.0,0.0,0.0,0.0,BALANCED,0.0,3. Sector Specific Leveraged (Bull),"MicroSectors U.S. Energy (XOM, CVX, COP)",+3x
2025-12-30,WTIU,ARCX:WTIU,0.0,9.66,0.0248,25801000.0,0.0,0.0,0.0,0.0,0.0,BALANCED,0.0,3. Sector Specific Leveraged (Bull),"MicroSectors U.S. Energy (XOM, CVX, COP)",+3x
2025-12-31,WTIU,ARCX:WTIU,0.0,9.45,-0.0216,25801000.0,0.0,0.0,0.0,0.0,0.0,BALANCED,0.0,3. Sector Specific Leveraged (Bull),"MicroSectors U.S. Energy (XOM, CVX, COP)",+3x
2026-01-02,WTIU,ARCX:WTIU,0.0,9.97,0.0547,25801000.0,0.0,0.0,0.0,0.0,0.0,BALANCED,0.0,3. Sector Specific Leveraged (Bull),"MicroSectors U.S. Energy (XOM, CVX, COP)",+3x
2026-01-05,WTIU,ARCX:WTIU,0.0,10.57,0.0608,25801000.0,0.0,0.0,0.0,0.0,0.0,BALANCED,0.0,3. Sector Specific Leveraged (Bull),"MicroSectors U.S. Energy (XOM, CVX, COP)",+3x
2026-01-06,WTIU,ARCX:WTIU,0.0,9.91,-0.063,25801000.0,0.0,0.0,0.0,0.0,0.0,BALANCED,0.0,3. Sector Specific Leveraged (Bull),"MicroSectors U.S. Energy (XOM, CVX, COP)",+3x
2026-01-07,WTIU,ARCX:WTIU,0.0,9.66,-0.0249,25801000.0,0.0,0.0,0.0,0.0,0.0,BALANCED,0.0,3. Sector Specific Leveraged (Bull),"MicroSectors U.S. Energy (XOM, CVX, COP)",+3x
2026-01-08,WTIU,ARCX:WTIU,0.0,10.5,0.0873,25801000.0,0.0,0.0,0.0,0.0,0.0,BALANCED,0.0,3. Sector Specific Leveraged (Bull),"MicroSectors U.S. Energy (XOM, CVX, COP)",+3x
2026-01-09,WTIU,ARCX:WTIU,0.0,10.34,-0.0161,25801000.0,0.0,0.0,0.0,0.0,0.0,BALANCED,0.0,3. Sector Specific Leveraged (Bull),"MicroSectors U.S. Energy (XOM, CVX, COP)",+3x
2026-01-12,WTIU,ARCX:WTIU,0.0,10.17,-0.0161,25801000.0,0.0,0.0,0.0,0.0,0.0,BALANCED,0.0,3. Sector Specific Leveraged (Bull),"MicroSectors U.S. Energy (XOM, CVX, COP)",+3x
2026-01-13,WTIU,ARCX:WTIU,0.0,10.5,0.0326,25801000.0,0.0,0.0,0.0,0.0,0.0,BALANCED,0.0,3. Sector Specific Leveraged (Bull),"MicroSectors U.S. Energy (XOM, CVX, COP)",+3x
2026-01-14,WTIU,ARCX:WTIU,0.0,11.15,0.0621,25801000.0,0.0,0.0,0.0,0.0,0.0,BALANCED,0.0,3. Sector Specific Leveraged (Bull),"MicroSectors U.S. Energy (XOM, CVX, COP)",+3x
2026-01-15,WTIU,ARCX:WTIU,0.0,10.65,-0.045,25801000.0,0.0,0.0,0.0,0.0,0.0,BALANCED,0.0,3. Sector Specific Leveraged (Bull),"MicroSectors U.S. Energy (XOM, CVX, COP)",+3x
2026-01-16,WTIU,ARCX:WTIU,0.0,10.56,-0.0089,25801000.0,0.0,0.0,0.0,0.0,0.0,BALANCED,0.0,3. Sector Specific Leveraged (Bull),"MicroSectors U.S. Energy (XOM, CVX, COP)",+3x
2026-01-20,WTIU,ARCX:WTIU,0.0,10.56,0.0004,25801000.0,0.0,0.0,0.0,0.0,0.0,BALANCED,0.0,3. Sector Specific Leveraged (Bull),"MicroSectors U.S. Energy (XOM, CVX, COP)",+3x
2026-01-21,WTIU,ARCX:WTIU,0.0,11.36,0.076,25801000.0,0.0,0.0,0.0,0.0,0.0,BALANCED,0.0,3. Sector Specific Leveraged (Bull),"MicroSectors U.S. Energy (XOM, CVX, COP)",+3x
2026-01-22,WTIU,ARCX:WTIU,0.0,11.24,-0.0109,25801000.0,0.0,0.0,0.0,0.0,0.0,BALANCED,0.0,3. Sector Specific Leveraged (Bull),"MicroSectors U.S. Energy (XOM, CVX, COP)",+3x
2026-01-23,WTIU,ARCX:WTIU,0.0,11.53,0.0257,25801000.0,0.0,0.0,0.0,0.0,0.0,BALANCED,0.0,3. Sector Specific Leveraged (Bull),"MicroSectors U.S. Energy (XOM, CVX, COP)",+3x
2026-01-26,WTIU,ARCX:WTIU,0.0,11.5,-0.0027,25801000.0,0.0,0.0,0.0,0.0,0.0,BALANCED,0.0,3. Sector Specific Leveraged (Bull),"MicroSectors U.S. Energy (XOM, CVX, COP)",+3x
2026-01-27,WTIU,ARCX:WTIU,0.0,11.62,0.0112,25801000.0,0.0,0.0,0.0,0.0,0.0,BALANCED,0.0,3. Sector Specific Leveraged (Bull),"MicroSectors U.S. Energy (XOM, CVX, COP)",+3x
2026-01-28,WTIU,ARCX:WTIU,0.0,11.98,0.0306,25801000.0,0.0,0.0,0.0,0.0,0.0,BALANCED,0.0,3. Sector Specific Leveraged (Bull),"MicroSectors U.S. Energy (XOM, CVX, COP)",+3x
2026-01-29,WTIU,ARCX:WTIU,0.0,12.36,0.0316,25801000.0,0.0,0.0,0.0,0.0,0.0,BALANCED,0.0,3. Sector Specific Leveraged (Bull),"MicroSectors U.S. Energy (XOM, CVX, COP)",+3x
2026-01-30,WTIU,ARCX:WTIU,0.0,12.76,0.0324,25801000.0,0.0,0.0,0.0,0.0,0.0,BALANCED,0.0,3. Sector Specific Leveraged (Bull),"MicroSectors U.S. Energy (XOM, CVX, COP)",+3x
2026-02-02,WTIU,ARCX:WTIU,0.0,11.85,-0.0713,25801000.0,0.0,0.0,0.0,0.0,0.0,BALANCED,0.0,3. Sector Specific Leveraged (Bull),"MicroSectors U.S. Energy (XOM, CVX, COP)",+3x
2026-02-03,WTIU,ARCX:WTIU,0.0,13.0,0.0968,25801000.0,0.0,0.0,0.0,0.0,0.0,BALANCED,0.0,3. Sector Specific Leveraged (Bull),"MicroSectors U.S. Energy (XOM, CVX, COP)",+3x
2026-02-04,WTIU,ARCX:WTIU,0.0,14.04,0.0804,25801000.0,0.0,0.0,0.0,0.0,0.0,BALANCED,0.0,3. Sector Specific Leveraged (Bull),"MicroSectors U.S. Energy (XOM, CVX, COP)",+3x
2026-02-05,WTIU,ARCX:WTIU,0.0,13.52,-0.0372,25801000.0,0.0,0.0,0.0,0.0,0.0,BALANCED,0.0,3. Sector Specific Leveraged (Bull),"MicroSectors U.S. Energy (XOM, CVX, COP)",+3x
2026-02-06,WTIU,ARCX:WTIU,0.0,14.37,0.0629,25801000.0,0.0,0.0,0.0,0.0,0.0,BALANCED,0.0,3. Sector Specific Leveraged (Bull),"MicroSectors U.S. Energy (XOM, CVX, COP)",+3x
2026-02-09,WTIU,ARCX:WTIU,0.0,14.33,-0.0029,25801000.0,0.0,0.0,0.0,0.0,0.0,BALANCED,0.0,3. Sector Specific Leveraged (Bull),"MicroSectors U.S. Energy (XOM, CVX, COP)",+3x
2026-02-10,WTIU,ARCX:WTIU,0.0,14.1,-0.0161,25801000.0,0.0,0.0,0.0,0.0,0.0,BALANCED,0.0,3. Sector Specific Leveraged (Bull),"MicroSectors U.S. Energy (XOM, CVX, COP)",+3x
2026-02-11,WTIU,ARCX:WTIU,0.0,15.21,0.0788,25801000.0,0.0,0.0,0.0,0.0,0.0,BALANCED,0.0,3. Sector Specific Leveraged (Bull),"MicroSectors U.S. Energy (XOM, CVX, COP)",+3x
2026-02-12,WTIU,ARCX:WTIU,0.0,14.28,-0.061,25801000.0,0.0,0.0,0.0,0.0,0.0,BALANCED,0.0,3. Sector Specific Leveraged (Bull),"MicroSectors U.S. Energy (XOM, CVX, COP)",+3x
2026-02-13,WTIU,ARCX:WTIU,0.0,14.74,0.0325,25801000.0,0.0,0.0,0.0,0.0,0.0,BALANCED,0.0,3. Sector Specific Leveraged (Bull),"MicroSectors U.S. Energy (XOM, CVX, COP)",+3x
2026-02-17,WTIU,ARCX:WTIU,0.0,14.17,-0.0387,25801000.0,0.0,0.0,0.0,0.0,0.0,BALANCED,0.0,3. Sector Specific Leveraged (Bull),"MicroSectors U.S. Energy (XOM, CVX, COP)",+3x
2026-02-18,WTIU,ARCX:WTIU,0.0,14.82,0.0456,25801000.0,0.0,0.0,0.0,0.0,0.0,BALANCED,0.0,3. Sector Specific Leveraged (Bull),"MicroSectors U.S. Energy (XOM, CVX, COP)",+3x
2026-02-19,WTIU,ARCX:WTIU,0.0,15.38,0.0376,25801000.0,0.0,0.0,0.0,0.0,0.0,BALANCED,0.0,3. Sector Specific Leveraged (Bull),"MicroSectors U.S. Energy (XOM, CVX, COP)",+3x
2026-02-20,WTIU,ARCX:WTIU,0.0,15.31,-0.0045,25801000.0,0.0,0.0,0.0,0.0,0.0,BALANCED,0.0,3. Sector Specific Leveraged (Bull),"MicroSectors U.S. Energy (XOM, CVX, COP)",+3x
2026-02-23,WTIU,ARCX:WTIU,0.0,15.06,-0.016,25801000.0,0.0,0.0,0.0,0.0,0.0,BALANCED,0.0,3. Sector Specific Leveraged (Bull),"MicroSectors U.S. Energy (XOM, CVX, COP)",+3x
2026-02-24,WTIU,ARCX:WTIU,0.0,15.04,-0.0016,25801000.0,0.0,0.0,0.0,0.0,0.0,BALANCED,0.0,3. Sector Specific Leveraged (Bull),"MicroSectors U.S. Energy (XOM, CVX, COP)",+3x
2026-02-25,WTIU,ARCX:WTIU,0.0,14.88,-0.0105,25801000.0,0.0,0.0,0.0,0.0,0.0,BALANCED,0.0,3. Sector Specific Leveraged (Bull),"MicroSectors U.S. Energy (XOM, CVX, COP)",+3x
2026-02-26,WTIU,ARCX:WTIU,0.0,15.06,0.0123,25801000.0,0.0,0.0,0.0,0.0,0.0,BALANCED,0.0,3. Sector Specific Leveraged (Bull),"MicroSectors U.S. Energy (XOM, CVX, COP)",+3x
2026-02-27,WTIU,ARCX:WTIU,0.0,15.91,0.0566,25801000.0,0.0,0.0,0.0,0.0,0.0,BALANCED,0.0,3. Sector Specific Leveraged (Bull),"MicroSectors U.S. Energy (XOM, CVX, COP)",+3x
2026-03-02,WTIU,ARCX:WTIU,0.0,17.16,0.0785,25801000.0,0.0,0.0,0.0,0.0,0.0,BALANCED,0.0,3. Sector Specific Leveraged (Bull),"MicroSectors U.S. Energy (XOM, CVX, COP)",+3x
2026-03-03,WTIU,ARCX:WTIU,0.0,16.96,-0.0116,25801000.0,0.0,0.0,0.0,0.0,0.0,BALANCED,0.0,3. Sector Specific Leveraged (Bull),"MicroSectors U.S. Energy (XOM, CVX, COP)",+3x
2026-03-04,WTIU,ARCX:WTIU,0.0,16.87,-0.0057,25801000.0,0.0,0.0,0.0,0.0,0.0,BALANCED,0.0,3. Sector Specific Leveraged (Bull),"MicroSectors U.S. Energy (XOM, CVX, COP)",+3x
2026-03-05,WTIU,ARCX:WTIU,0.0,17.37,0.03,25801000.0,0.0,0.0,0.0,0.0,0.0,BALANCED,0.0,3. Sector Specific Leveraged (Bull),"MicroSectors U.S. Energy (XOM, CVX, COP)",+3x
2026-03-06,WTIU,ARCX:WTIU,0.0,17.5,0.0071,25801000.0,0.0,0.0,0.0,0.0,0.0,BALANCED,0.0,3. Sector Specific Leveraged (Bull),"MicroSectors U.S. Energy (XOM, CVX, COP)",+3x
2026-03-09,WTIU,ARCX:WTIU,0.0,17.23,-0.0153,25801000.0,0.0,0.0,0.0,0.0,0.0,BALANCED,0.0,3. Sector Specific Leveraged (Bull),"MicroSectors U.S. Energy (XOM, CVX, COP)",+3x
2026-03-10,WTIU,ARCX:WTIU,0.0,16.38,-0.0491,25801000.0,0.0,0.0,0.0,0.0,0.0,BALANCED,0.0,3. Sector Specific Leveraged (Bull),"MicroSectors U.S. Energy (XOM, CVX, COP)",+3x
2026-03-11,WTIU,ARCX:WTIU,0.0,18.08,0.1038,25801000.0,0.0,0.0,0.0,0.0,0.0,BALANCED,0.0,3. Sector Specific Leveraged (Bull),"MicroSectors U.S. Energy (XOM, CVX, COP)",+3x
2026-03-12,WTIU,ARCX:WTIU,0.0,19.1,0.0562,25801000.0,0.0,0.0,0.0,0.0,0.0,BALANCED,0.0,3. Sector Specific Leveraged (Bull),"MicroSectors U.S. Energy (XOM, CVX, COP)",+3x
2026-03-13,WTIU,ARCX:WTIU,0.0,19.13,0.0013,25801000.0,0.0,0.0,0.0,0.0,0.0,BALANCED,0.0,3. Sector Specific Leveraged (Bull),"MicroSectors U.S. Energy (XOM, CVX, COP)",+3x
2026-03-16,WTIU,ARCX:WTIU,0.0,19.26,0.0068,25801000.0,0.0,0.0,0.0,0.0,0.0,BALANCED,0.0,3. Sector Specific Leveraged (Bull),"MicroSectors U.S. Energy (XOM, CVX, COP)",+3x
2026-03-17,WTIU,ARCX:WTIU,0.0,19.77,0.0264,25801000.0,0.0,0.0,0.0,0.0,0.0,BALANCED,0.0,3. Sector Specific Leveraged (Bull),"MicroSectors U.S. Energy (XOM, CVX, COP)",+3x
2026-03-18,WTIU,ARCX:WTIU,0.0,19.96,0.01,25801000.0,0.0,0.0,0.0,0.0,0.0,BALANCED,0.0,3. Sector Specific Leveraged (Bull),"MicroSectors U.S. Energy (XOM, CVX, COP)",+3x
2026-03-19,WTIU,ARCX:WTIU,0.0,20.76,0.0399,25801000.0,0.0,0.0,0.0,0.0,0.0,BALANCED,0.0,3. Sector Specific Leveraged (Bull),"MicroSectors U.S. Energy (XOM, CVX, COP)",+3x
2026-03-20,WTIU,ARCX:WTIU,0.0,20.81,0.0026,25801000.0,0.0,0.0,0.0,0.0,0.0,BALANCED,0.0,3. Sector Specific Leveraged (Bull),"MicroSectors U.S. Energy (XOM, CVX, COP)",+3x
2026-03-23,WTIU,ARCX:WTIU,0.0,21.04,0.011,25801000.0,0.0,0.0,0.0,0.0,0.0,BALANCED,0.0,3. Sector Specific Leveraged (Bull),"MicroSectors U.S. Energy (XOM, CVX, COP)",+3x
2026-03-24,WTIU,ARCX:WTIU,0.0,22.36,0.0624,25801000.0,0.0,0.0,0.0,0.0,0.0,BALANCED,0.0,3. Sector Specific Leveraged (Bull),"MicroSectors U.S. Energy (XOM, CVX, COP)",+3x
2026-03-25,WTIU,ARCX:WTIU,0.0,22.25,-0.0045,25801000.0,0.0,0.0,0.0,0.0,0.0,BALANCED,0.0,3. Sector Specific Leveraged (Bull),"MicroSectors U.S. Energy (XOM, CVX, COP)",+3x
2026-03-26,WTIU,ARCX:WTIU,0.0,23.59,0.06,25801000.0,0.0,0.0,0.0,0.0,0.0,BALANCED,0.0,3. Sector Specific Leveraged (Bull),"MicroSectors U.S. Energy (XOM, CVX, COP)",+3x
2026-03-27,WTIU,ARCX:WTIU,0.0,24.78,0.0503,25801000.0,0.0,0.0,0.0,0.0,0.0,BALANCED,0.0,3. Sector Specific Leveraged (Bull),"MicroSectors U.S. Energy (XOM, CVX, COP)",+3x
2026-03-30,WTIU,ARCX:WTIU,0.0,24.04,-0.0295,25801000.0,0.0,0.0,0.0,0.0,0.0,BALANCED,0.0,3. Sector Specific Leveraged (Bull),"MicroSectors U.S. Energy (XOM, CVX, COP)",+3x
2026-03-31,WTIU,ARCX:WTIU,0.0,22.98,-0.0441,25801000.0,0.0,0.0,0.0,0.0,0.0,BALANCED,0.0,3. Sector Specific Leveraged (Bull),"MicroSectors U.S. Energy (XOM, CVX, COP)",+3x
2026-04-01,WTIU,ARCX:WTIU,0.0,20.4,-0.1122,25801000.0,0.0,0.0,0.0,0.0,0.0,BALANCED,0.0,3. Sector Specific Leveraged (Bull),"MicroSectors U.S. Energy (XOM, CVX, COP)",+3x
2026-04-02,WTIU,ARCX:WTIU,0.0,20.78,0.0183,25801000.0,0.0,0.0,0.0,0.0,0.0,BALANCED,0.0,3. Sector Specific Leveraged (Bull),"MicroSectors U.S. Energy (XOM, CVX, COP)",+3x
2026-04-06,WTIU,ARCX:WTIU,0.0,21.07,0.014,25801000.0,0.0,0.0,0.0,0.0,0.0,BALANCED,0.0,3. Sector Specific Leveraged (Bull),"MicroSectors U.S. Energy (XOM, CVX, COP)",+3x
2026-04-07,WTIU,ARCX:WTIU,0.0,21.42,0.0166,25801000.0,0.0,0.0,0.0,0.0,0.0,BALANCED,0.0,3. Sector Specific Leveraged (Bull),"MicroSectors U.S. Energy (XOM, CVX, COP)",+3x
2026-04-08,WTIU,ARCX:WTIU,0.0,18.74,-0.125,25801000.0,0.0,0.0,0.0,0.0,0.0,BALANCED,0.0,3. Sector Specific Leveraged (Bull),"MicroSectors U.S. Energy (XOM, CVX, COP)",+3x
2026-04-09,WTIU,ARCX:WTIU,0.0,17.89,-0.0455,25801000.0,0.0,0.0,0.0,0.0,0.0,BALANCED,0.0,3. Sector Specific Leveraged (Bull),"MicroSectors U.S. Energy (XOM, CVX, COP)",+3x
2026-04-10,WTIU,ARCX:WTIU,0.0,17.55,-0.0187,25801000.0,0.0,0.0,0.0,0.0,0.0,BALANCED,0.0,3. Sector Specific Leveraged (Bull),"MicroSectors U.S. Energy (XOM, CVX, COP)",+3x
2026-04-13,WTIU,ARCX:WTIU,0.0,17.75,0.0111,25801000.0,0.0,0.0,0.0,0.0,0.0,BALANCED,0.0,3. Sector Specific Leveraged (Bull),"MicroSectors U.S. Energy (XOM, CVX, COP)",+3x
2026-04-14,WTIU,ARCX:WTIU,0.0,16.37,-0.0778,25801000.0,0.0,0.0,0.0,0.0,0.0,BALANCED,0.0,3. Sector Specific Leveraged (Bull),"MicroSectors U.S. Energy (XOM, CVX, COP)",+3x
2026-04-15,WTIU,ARCX:WTIU,0.0,16.29,-0.0049,25801000.0,0.0,0.0,0.0,0.0,0.0,BALANCED,0.0,3. Sector Specific Leveraged (Bull),"MicroSectors U.S. Energy (XOM, CVX, COP)",+3x
2026-04-16,WTIU,ARCX:WTIU,0.0,17.2,0.0562,25801000.0,0.0,0.0,0.0,0.0,0.0,BALANCED,0.0,3. Sector Specific Leveraged (Bull),"MicroSectors U.S. Energy (XOM, CVX, COP)",+3x
2026-04-17,WTIU,ARCX:WTIU,0.0,15.24,-0.1143,25801000.0,0.0,0.0,0.0,0.0,0.0,BALANCED,0.0,3. Sector Specific Leveraged (Bull),"MicroSectors U.S. Energy (XOM, CVX, COP)",+3x
2026-04-20,WTIU,ARCX:WTIU,0.0,15.38,0.0098,25801000.0,0.0,0.0,0.0,0.0,0.0,BALANCED,0.0,3. Sector Specific Leveraged (Bull),"MicroSectors U.S. Energy (XOM, CVX, COP)",+3x
2026-04-21,WTIU,ARCX:WTIU,0.0,16.28,0.0579,25801000.0,0.0,0.0,0.0,0.0,0.0,BALANCED,0.0,3. Sector Specific Leveraged (Bull),"MicroSectors U.S. Energy (XOM, CVX, COP)",+3x
2026-04-22,WTIU,ARCX:WTIU,0.0,16.88,0.0373,25801000.0,0.0,0.0,0.0,0.0,0.0,BALANCED,0.0,3. Sector Specific Leveraged (Bull),"MicroSectors U.S. Energy (XOM, CVX, COP)",+3x
2026-04-23,WTIU,ARCX:WTIU,0.0,17.22,0.0198,25801000.0,0.0,0.0,0.0,0.0,0.0,BALANCED,0.0,3. Sector Specific Leveraged (Bull),"MicroSectors U.S. Energy (XOM, CVX, COP)",+3x
2026-04-24,WTIU,ARCX:WTIU,0.0,16.93,-0.0167,25801000.0,0.0,0.0,0.0,0.0,0.0,BALANCED,0.0,3. Sector Specific Leveraged (Bull),"MicroSectors U.S. Energy (XOM, CVX, COP)",+3x
2026-04-27,WTIU,ARCX:WTIU,0.0,16.99,0.0036,25801000.0,0.0,0.0,0.0,0.0,0.0,BALANCED,0.0,3. Sector Specific Leveraged (Bull),"MicroSectors U.S. Energy (XOM, CVX, COP)",+3x
2026-04-28,WTIU,ARCX:WTIU,0.0,17.88,0.0523,25801000.0,0.0,0.0,0.0,0.0,0.0,BALANCED,0.0,3. Sector Specific Leveraged (Bull),"MicroSectors U.S. Energy (XOM, CVX, COP)",+3x
2026-04-29,WTIU,ARCX:WTIU,0.0,19.48,0.0895,25801000.0,0.0,0.0,0.0,0.0,0.0,BALANCED,0.0,3. Sector Specific Leveraged (Bull),"MicroSectors U.S. Energy (XOM, CVX, COP)",+3x
2026-04-30,WTIU,ARCX:WTIU,0.0,19.72,0.0125,25801000.0,0.0,0.0,0.0,0.0,0.0,BALANCED,0.0,3. Sector Specific Leveraged (Bull),"MicroSectors U.S. Energy (XOM, CVX, COP)",+3x
2026-05-01,WTIU,ARCX:WTIU,0.0,18.78,-0.0479,25801000.0,0.0,0.0,0.0,0.0,0.0,BALANCED,0.0,3. Sector Specific Leveraged (Bull),"MicroSectors U.S. Energy (XOM, CVX, COP)",+3x
2026-05-06,WTIU,ARCX:WTIU,0.0,16.61,-0.1153,25801000.0,0.0,0.0,0.0,0.0,0.0,BALANCED,0.0,3. Sector Specific Leveraged (Bull),"MicroSectors U.S. Energy (XOM, CVX, COP)",+3x
2026-05-07,WTIU,ARCX:WTIU,0.0,15.7,-0.0552,25801000.0,0.0,0.0,0.0,0.0,0.0,BALANCED,0.0,3. Sector Specific Leveraged (Bull),"MicroSectors U.S. Energy (XOM, CVX, COP)",+3x
2026-05-08,WTIU,ARCX:WTIU,0.0,15.54,-0.01,25801000.0,0.0,0.0,0.0,0.0,0.0,BALANCED,0.0,3. Sector Specific Leveraged (Bull),"MicroSectors U.S. Energy (XOM, CVX, COP)",+3x
2026-05-11,WTIU,ARCX:WTIU,0.0,16.73,0.0765,25801000.0,0.0,0.0,0.0,0.0,0.0,BALANCED,0.0,3. Sector Specific Leveraged (Bull),"MicroSectors U.S. Energy (XOM, CVX, COP)",+3x
2026-05-12,WTIU,ARCX:WTIU,0.0,17.01,0.0166,25801000.0,0.0,0.0,0.0,0.0,0.0,BALANCED,0.0,3. Sector Specific Leveraged (Bull),"MicroSectors U.S. Energy (XOM, CVX, COP)",+3x
2026-05-13,WTIU,ARCX:WTIU,0.0,16.92,-0.0048,25801000.0,0.0,0.0,0.0,0.0,0.0,BALANCED,0.0,3. Sector Specific Leveraged (Bull),"MicroSectors U.S. Energy (XOM, CVX, COP)",+3x
2026-05-14,WTIU,ARCX:WTIU,0.0,17.26,0.02,25801000.0,0.0,0.0,0.0,0.0,0.0,BALANCED,0.0,3. Sector Specific Leveraged (Bull),"MicroSectors U.S. Energy (XOM, CVX, COP)",+3x
2026-05-15,WTIU,ARCX:WTIU,0.0,18.72,0.0847,25801000.0,0.0,0.0,0.0,0.0,0.0,BALANCED,0.0,3. Sector Specific Leveraged (Bull),"MicroSectors U.S. Energy (XOM, CVX, COP)",+3x
2026-05-18,WTIU,ARCX:WTIU,0.0,19.69,0.0517,25801000.0,0.0,0.0,0.0,0.0,0.0,BALANCED,0.0,3. Sector Specific Leveraged (Bull),"MicroSectors U.S. Energy (XOM, CVX, COP)",+3x
2026-05-19,WTIU,ARCX:WTIU,0.0,20.49,0.0405,25801000.0,0.0,0.0,0.0,0.0,0.0,BALANCED,0.0,3. Sector Specific Leveraged (Bull),"MicroSectors U.S. Energy (XOM, CVX, COP)",+3x
2026-05-20,WTIU,ARCX:WTIU,0.0,18.83,-0.081,25801000.0,0.0,0.0,0.0,0.0,0.0,BALANCED,0.0,3. Sector Specific Leveraged (Bull),"MicroSectors U.S. Energy (XOM, CVX, COP)",+3x
2026-05-21,WTIU,ARCX:WTIU,0.0,17.98,-0.0453,25801000.0,0.0,0.0,0.0,0.0,0.0,BALANCED,0.0,3. Sector Specific Leveraged (Bull),"MicroSectors U.S. Energy (XOM, CVX, COP)",+3x
2026-05-22,WTIU,ARCX:WTIU,0.0,18.26,0.0157,25801000.0,0.0,0.0,0.0,0.0,0.0,BALANCED,0.0,3. Sector Specific Leveraged (Bull),"MicroSectors U.S. Energy (XOM, CVX, COP)",+3x
2026-05-25,WTIU,ARCX:WTIU,0.0,18.26,0.0,25801000.0,0.0,0.0,0.0,0.0,0.0,BALANCED,0.0,3. Sector Specific Leveraged (Bull),"MicroSectors U.S. Energy (XOM, CVX, COP)",+3x
2026-05-26,WTIU,ARCX:WTIU,0.0,16.53,-0.0947,25801000.0,0.0,0.0,0.0,0.0,0.0,BALANCED,0.0,3. Sector Specific Leveraged (Bull),"MicroSectors U.S. Energy (XOM, CVX, COP)",+3x
2026-05-27,WTIU,ARCX:WTIU,0.0,15.96,-0.0346,25801000.0,0.0,0.0,0.0,0.0,0.0,BALANCED,0.0,3. Sector Specific Leveraged (Bull),"MicroSectors U.S. Energy (XOM, CVX, COP)",+3x
2026-05-28,WTIU,ARCX:WTIU,0.0,16.16,0.0125,25801000.0,0.0,0.0,0.0,0.0,0.0,BALANCED,0.0,3. Sector Specific Leveraged (Bull),"MicroSectors U.S. Energy (XOM, CVX, COP)",+3x
2026-05-29,WTIU,ARCX:WTIU,0.0,15.82,-0.0209,25801000.0,0.0,0.0,0.0,0.0,0.0,BALANCED,0.0,3. Sector Specific Leveraged (Bull),"MicroSectors U.S. Energy (XOM, CVX, COP)",+3x
2026-06-01,WTIU,ARCX:WTIU,0.0,17.0,0.0747,25801000.0,0.0,0.0,0.0,0.0,0.0,BALANCED,0.0,3. Sector Specific Leveraged (Bull),"MicroSectors U.S. Energy (XOM, CVX, COP)",+3x
2026-06-02,WTIU,ARCX:WTIU,0.0,17.39,0.0231,25801000.0,0.0,0.0,0.0,0.0,0.0,BALANCED,0.0,3. Sector Specific Leveraged (Bull),"MicroSectors U.S. Energy (XOM, CVX, COP)",+3x
2026-06-03,WTIU,ARCX:WTIU,0.0,18.1,0.0407,25801000.0,0.0,0.0,0.0,0.0,0.0,BALANCED,0.0,3. Sector Specific Leveraged (Bull),"MicroSectors U.S. Energy (XOM, CVX, COP)",+3x
2026-06-04,WTIU,ARCX:WTIU,0.0,17.82,-0.0157,25801000.0,0.0,0.0,0.0,0.0,0.0,BALANCED,0.0,3. Sector Specific Leveraged (Bull),"MicroSectors U.S. Energy (XOM, CVX, COP)",+3x
2026-06-05,WTIU,ARCX:WTIU,0.0,16.78,-0.0581,25801000.0,0.0,0.0,0.0,0.0,0.0,BALANCED,0.0,3. Sector Specific Leveraged (Bull),"MicroSectors U.S. Energy (XOM, CVX, COP)",+3x
2026-06-08,WTIU,ARCX:WTIU,0.0,17.28,0.0297,25801000.0,0.0,0.0,0.0,0.0,0.0,BALANCED,0.0,3. Sector Specific Leveraged (Bull),"MicroSectors U.S. Energy (XOM, CVX, COP)",+3x
2026-06-09,WTIU,ARCX:WTIU,0.0,16.33,-0.0549,25801000.0,0.0,0.0,0.0,0.0,0.0,BALANCED,0.0,3. Sector Specific Leveraged (Bull),"MicroSectors U.S. Energy (XOM, CVX, COP)",+3x
2026-06-10,WTIU,ARCX:WTIU,0.0,17.2,0.0529,25801000.0,0.0,0.0,0.0,0.0,0.0,BALANCED,0.0,3. Sector Specific Leveraged (Bull),"MicroSectors U.S. Energy (XOM, CVX, COP)",+3x
2026-06-11,WTIU,ARCX:WTIU,0.0,15.9,-0.0754,25801000.0,0.0,0.0,0.0,0.0,0.0,BALANCED,0.0,3. Sector Specific Leveraged (Bull),"MicroSectors U.S. Energy (XOM, CVX, COP)",+3x
2026-06-12,WTIU,ARCX:WTIU,0.0,16.36,0.0292,25801000.0,0.0,0.0,0.0,0.0,0.0,BALANCED,0.0,3. Sector Specific Leveraged (Bull),"MicroSectors U.S. Energy (XOM, CVX, COP)",+3x
2026-06-15,WTIU,ARCX:WTIU,0.0,14.6,-0.1077,25801000.0,0.0,0.0,0.0,0.0,0.0,BALANCED,0.0,3. Sector Specific Leveraged (Bull),"MicroSectors U.S. Energy (XOM, CVX, COP)",+3x
2026-06-16,WTIU,ARCX:WTIU,0.0,14.43,-0.0121,25801000.0,0.0,0.0,0.0,0.0,0.0,BALANCED,0.0,3. Sector Specific Leveraged (Bull),"MicroSectors U.S. Energy (XOM, CVX, COP)",+3x
2026-06-17,WTIU,ARCX:WTIU,0.0,13.96,-0.0319,25801000.0,0.0,0.0,0.0,0.0,0.0,BALANCED,0.0,3. Sector Specific Leveraged (Bull),"MicroSectors U.S. Energy (XOM, CVX, COP)",+3x
2026-06-18,WTIU,ARCX:WTIU,0.0,13.21,-0.0544,25801000.0,0.0,0.0,0.0,0.0,0.0,BALANCED,0.0,3. Sector Specific Leveraged (Bull),"MicroSectors U.S. Energy (XOM, CVX, COP)",+3x
2026-06-19,WTIU,ARCX:WTIU,0.0,13.21,0.0,25801000.0,0.0,0.0,0.0,0.0,0.0,BALANCED,0.0,3. Sector Specific Leveraged (Bull),"MicroSectors U.S. Energy (XOM, CVX, COP)",+3x
2026-06-22,WTIU,ARCX:WTIU,0.0,13.78,0.0436,25801000.0,0.0,0.0,0.0,0.0,0.0,BALANCED,0.0,3. Sector Specific Leveraged (Bull),"MicroSectors U.S. Energy (XOM, CVX, COP)",+3x
2026-06-23,WTIU,ARCX:WTIU,0.0,13.99,0.0154,25801000.0,0.0,0.0,0.0,0.0,0.0,BALANCED,0.0,3. Sector Specific Leveraged (Bull),"MicroSectors U.S. Energy (XOM, CVX, COP)",+3x
2026-06-24,WTIU,ARCX:WTIU,0.0,13.29,-0.0506,25801000.0,0.0,0.0,0.0,0.0,0.0,BALANCED,0.0,3. Sector Specific Leveraged (Bull),"MicroSectors U.S. Energy (XOM, CVX, COP)",+3x
2026-06-25,WTIU,ARCX:WTIU,0.0,13.58,0.0224,25801000.0,0.0,0.0,0.0,0.0,0.0,BALANCED,0.0,3. Sector Specific Leveraged (Bull),"MicroSectors U.S. Energy (XOM, CVX, COP)",+3x
2026-06-26,WTIU,ARCX:WTIU,0.0,13.4,-0.0132,25801000.0,0.0,0.0,0.0,0.0,0.0,BALANCED,0.0,3. Sector Specific Leveraged (Bull),"MicroSectors U.S. Energy (XOM, CVX, COP)",+3x
2026-06-29,WTIU,ARCX:WTIU,0.0,13.25,-0.0113,25801000.0,0.0,0.0,0.0,0.0,0.0,BALANCED,0.0,3. Sector Specific Leveraged (Bull),"MicroSectors U.S. Energy (XOM, CVX, COP)",+3x
2026-06-30,WTIU,ARCX:WTIU,0.0,12.9,-0.0267,25801000.0,0.0,0.0,0.0,0.0,0.0,BALANCED,0.0,3. Sector Specific Leveraged (Bull),"MicroSectors U.S. Energy (XOM, CVX, COP)",+3x
2026-07-01,WTIU,ARCX:WTIU,0.0,12.89,-0.0009,25801000.0,0.0,0.0,0.0,0.0,0.0,BALANCED,0.0,3. Sector Specific Leveraged (Bull),"MicroSectors U.S. Energy (XOM, CVX, COP)",+3x
2026-07-02,WTIU,ARCX:WTIU,0.0,13.26,0.0291,25801000.0,0.0,0.0,0.0,0.0,0.0,BALANCED,0.0,3. Sector Specific Leveraged (Bull),"MicroSectors U.S. Energy (XOM, CVX, COP)",+3x
2026-07-03,WTIU,ARCX:WTIU,0.0,13.26,0.0,25801000.0,0.0,0.0,0.0,0.0,0.0,BALANCED,0.0,3. Sector Specific Leveraged (Bull),"MicroSectors U.S. Energy (XOM, CVX, COP)",+3x
2026-07-06,WTIU,ARCX:WTIU,0.0,13.11,-0.0115,25801000.0,0.0,0.0,0.0,0.0,0.0,BALANCED,0.0,3. Sector Specific Leveraged (Bull),"MicroSectors U.S. Energy (XOM, CVX, COP)",+3x
2026-07-07,WTIU,ARCX:WTIU,0.0,14.22,0.0848,25801000.0,0.0,0.0,0.0,0.0,0.0,BALANCED,0.0,3. Sector Specific Leveraged (Bull),"MicroSectors U.S. Energy (XOM, CVX, COP)",+3x
2026-07-08,WTIU,ARCX:WTIU,0.0,15.23,0.0709,25801000.0,0.0,0.0,0.0,0.0,0.0,BALANCED,0.0,3. Sector Specific Leveraged (Bull),"MicroSectors U.S. Energy (XOM, CVX, COP)",+3x
2026-07-09,WTIU,ARCX:WTIU,0.0,14.47,-0.0502,25801000.0,0.0,0.0,0.0,0.0,0.0,BALANCED,0.0,3. Sector Specific Leveraged (Bull),"MicroSectors U.S. Energy (XOM, CVX, COP)",+3x
2026-07-10,WTIU,ARCX:WTIU,0.0,14.64,0.0121,25801000.0,0.0,0.0,0.0,0.0,0.0,BALANCED,0.0,3. Sector Specific Leveraged (Bull),"MicroSectors U.S. Energy (XOM, CVX, COP)",+3x
2026-07-13,WTIU,ARCX:WTIU,0.0,16.3,0.1131,25801000.0,0.0,0.0,0.0,0.0,0.0,BALANCED,0.0,3. Sector Specific Leveraged (Bull),"MicroSectors U.S. Energy (XOM, CVX, COP)",+3x
2026-07-14,WTIU,ARCX:WTIU,0.0,16.39,0.0057,25801000.0,0.0,0.0,0.0,0.0,0.0,BALANCED,0.0,3. Sector Specific Leveraged (Bull),"MicroSectors U.S. Energy (XOM, CVX, COP)",+3x
2026-07-15,WTIU,ARCX:WTIU,0.0,15.89,-0.0303,25801000.0,0.0,0.0,0.0,0.0,0.0,BALANCED,0.0,3. Sector Specific Leveraged (Bull),"MicroSectors U.S. Energy (XOM, CVX, COP)",+3x
2026-07-16,WTIU,ARCX:WTIU,0.0,16.42,0.0334,25801000.0,0.0,0.0,0.0,0.0,0.0,BALANCED,0.0,3. Sector Specific Leveraged (Bull),"MicroSectors U.S. Energy (XOM, CVX, COP)",+3x
2026-07-17,WTIU,ARCX:WTIU,0.0,17.34,0.0558,25801000.0,0.0,0.0,0.0,0.0,0.0,BALANCED,0.0,3. Sector Specific Leveraged (Bull),"MicroSectors U.S. Energy (XOM, CVX, COP)",+3x
2026-07-20,WTIU,ARCX:WTIU,0.0,17.62,0.0161,25801000.0,0.0,0.0,0.0,0.0,0.0,BALANCED,0.0,3. Sector Specific Leveraged (Bull),"MicroSectors U.S. Energy (XOM, CVX, COP)",+3x
2026-07-21,WTIU,ARCX:WTIU,0.0,18.4,0.0443,25801000.0,0.0,0.0,0.0,0.0,0.0,BALANCED,0.0,3. Sector Specific Leveraged (Bull),"MicroSectors U.S. Energy (XOM, CVX, COP)",+3x
2026-07-22,WTIU,ARCX:WTIU,0.0,19.13,0.0396,25801000.0,0.0,0.0,0.0,0.0,0.0,BALANCED,0.0,3. Sector Specific Leveraged (Bull),"MicroSectors U.S. Energy (XOM, CVX, COP)",+3x
2026-07-23,WTIU,ARCX:WTIU,0.0,19.26,0.0067,25801000.0,0.0,0.0,0.0,0.0,0.0,BALANCED,0.0,3. Sector Specific Leveraged (Bull),"MicroSectors U.S. Energy (XOM, CVX, COP)",+3x
2026-07-24,WTIU,ARCX:WTIU,0.0,19.11,-0.0073,25801000.0,0.0,0.0,0.0,0.0,0.0,BALANCED,0.0,3. Sector Specific Leveraged (Bull),"MicroSectors U.S. Energy (XOM, CVX, COP)",+3x
2026-07-27,WTIU,ARCX:WTIU,0.0,17.82,-0.068,25801000.0,0.0,0.0,0.0,0.0,0.0,BALANCED,0.0,3. Sector Specific Leveraged (Bull),"MicroSectors U.S. Energy (XOM, CVX, COP)",+3x
2026-07-28,WTIU,ARCX:WTIU,0.0,17.04,-0.0434,25801000.0,0.0,0.0,0.0,0.0,0.0,BALANCED,0.0,3. Sector Specific Leveraged (Bull),"MicroSectors U.S. Energy (XOM, CVX, COP)",+3x
2026-07-29,WTIU,ARCX:WTIU,0.0,18.43,0.0814,25801000.0,0.0,0.0,0.0,0.0,0.0,BALANCED,0.0,3. Sector Specific Leveraged (Bull),"MicroSectors U.S. Energy (XOM, CVX, COP)",+3x
2026-07-30,WTIU,ARCX:WTIU,0.0,18.76,0.0178,25801000.0,0.0,0.0,0.0,0.0,0.0,BALANCED,0.0,3. Sector Specific Leveraged (Bull),"MicroSectors U.S. Energy (XOM, CVX, COP)",+3x
2026-07-31,WTIU,ARCX:WTIU,0.0,19.41,0.0347,25801000.0,0.0,0.0,0.0,0.0,0.0,BALANCED,0.0,3. Sector Specific Leveraged (Bull),"MicroSectors U.S. Energy (XOM, CVX, COP)",+3x
2026-08-03,WTIU,ARCX:WTIU,0.0,18.52,-0.0455,25801000.0,0.0,0.0,0.0,0.0,0.0,BALANCED,0.0,3. Sector Specific Leveraged (Bull),"MicroSectors U.S. Energy (XOM, CVX, COP)",+3x
2026-08-04,WTIU,ARCX:WTIU,0.0,18.02,-0.0273,25801000.0,0.0,0.0,0.0,0.0,0.0,BALANCED,0.0,3. Sector Specific Leveraged (Bull),"MicroSectors U.S. Energy (XOM, CVX, COP)",+3x
2026-08-05,WTIU,ARCX:WTIU,0.0,16.51,-0.0836,25801000.0,0.0,0.0,0.0,0.0,0.0,BALANCED,0.0,3. Sector Specific Leveraged (Bull),"MicroSectors U.S. Energy (XOM, CVX, COP)",+3x
2026-08-06,WTIU,ARCX:WTIU,0.0,17.33,0.0495,25801000.0,0.0,0.0,0.0,0.0,0.0,BALANCED,0.0,3. Sector Specific Leveraged (Bull),"MicroSectors U.S. Energy (XOM, CVX, COP)",+3x
2026-08-07,WTIU,ARCX:WTIU,0.0,16.99,-0.0193,25801000.0,0.0,0.0,0.0,0.0,0.0,BALANCED,0.0,3. Sector Specific Leveraged (Bull),"MicroSectors U.S. Energy (XOM, CVX, COP)",+3x
2026-08-10,WTIU,ARCX:WTIU,0.0,19.58,0.1523,25801000.0,0.0,0.0,0.0,0.0,0.0,BALANCED,0.0,3. Sector Specific Leveraged (Bull),"MicroSectors U.S. Energy (XOM, CVX, COP)",+3x
2026-08-11,WTIU,ARCX:WTIU,0.0,20.43,0.0435,25801000.0,0.0,0.0,0.0,0.0,0.0,BALANCED,0.0,3. Sector Specific Leveraged (Bull),"MicroSectors U.S. Energy (XOM, CVX, COP)",+3x
2026-08-12,WTIU,ARCX:WTIU,0.0,20.58,0.0072,25801000.0,0.0,0.0,0.0,0.0,0.0,BALANCED,0.0,3. Sector Specific Leveraged (Bull),"MicroSectors U.S. Energy (XOM, CVX, COP)",+3x
2026-08-13,WTIU,ARCX:WTIU,0.0,20.63,0.0023,25801000.0,0.0,0.0,0.0,0.0,0.0,BALANCED,0.0,3. Sector Specific Leveraged (Bull),"MicroSectors U.S. Energy (XOM, CVX, COP)",+3x
2026-08-14,WTIU,ARCX:WTIU,0.0,21.24,0.0295,25801000.0,0.0,0.0,0.0,0.0,0.0,BALANCED,0.0,3. Sector Specific Leveraged (Bull),"MicroSectors U.S. Energy (XOM, CVX, COP)",+3x
2026-08-17,WTIU,ARCX:WTIU,0.0,22.12,0.0415,25801000.0,0.0,0.0,0.0,0.0,0.0,BALANCED,0.0,3. Sector Specific Leveraged (Bull),"MicroSectors U.S. Energy (XOM, CVX, COP)",+3x
2026-08-18,WTIU,ARCX:WTIU,0.0,23.14,0.0462,25801000.0,0.0,0.0,0.0,0.0,0.0,BALANCED,0.0,3. Sector Specific Leveraged (Bull),"MicroSectors U.S. Energy (XOM, CVX, COP)",+3x
2026-08-19,WTIU,ARCX:WTIU,0.0,23.18,0.0015,25801000.0,0.0,0.0,0.0,0.0,0.0,BALANCED,0.0,3. Sector Specific Leveraged (Bull),"MicroSectors U.S. Energy (XOM, CVX, COP)",+3x
2026-08-20,WTIU,ARCX:WTIU,0.0,23.76,0.025,25801000.0,0.0,0.0,0.0,0.0,0.0,BALANCED,0.0,3. Sector Specific Leveraged (Bull),"MicroSectors U.S. Energy (XOM, CVX, COP)",+3x
2026-08-24,WTIU,ARCX:WTIU,0.0,23.12,-0.027,25801000.0,0.0,0.0,0.0,0.0,0.0,BALANCED,0.0,3. Sector Specific Leveraged (Bull),"MicroSectors U.S. Energy (XOM, CVX, COP)",+3x
2026-08-25,WTIU,ARCX:WTIU,0.0,21.8,-0.057,25801000.0,0.0,0.0,0.0,0.0,0.0,BALANCED,0.0,3. Sector Specific Leveraged (Bull),"MicroSectors U.S. Energy (XOM, CVX, COP)",+3x
2026-08-26,WTIU,ARCX:WTIU,0.0,21.99,0.0087,25801000.0,0.0,0.0,0.0,0.0,0.0,BALANCED,0.0,3. Sector Specific Leveraged (Bull),"MicroSectors U.S. Energy (XOM, CVX, COP)",+3x
2026-08-27,WTIU,ARCX:WTIU,0.0,21.86,-0.0058,25801000.0,0.0,0.0,0.0,0.0,0.0,BALANCED,0.0,3. Sector Specific Leveraged (Bull),"MicroSectors U.S. Energy (XOM, CVX, COP)",+3x
2026-08-28,WTIU,ARCX:WTIU,0.0,22.2,0.0154,25801000.0,0.0,0.0,0.0,0.0,0.0,BALANCED,0.0,3. Sector Specific Leveraged (Bull),"MicroSectors U.S. Energy (XOM, CVX, COP)",+3x
2026-08-31,WTIU,ARCX:WTIU,0.0,23.27,0.0483,25801000.0,0.0,0.0,0.0,0.0,0.0,BALANCED,0.0,3. Sector Specific Leveraged (Bull),"MicroSectors U.S. Energy (XOM, CVX, COP)",+3x
2026-09-01,WTIU,ARCX:WTIU,0.0,24.65,0.0595,25801000.0,0.0,0.0,0.0,0.0,0.0,BALANCED,0.0,3. Sector Specific Leveraged (Bull),"MicroSectors U.S. Energy (XOM, CVX, COP)",+3x
2026-09-02,WTIU,ARCX:WTIU,0.0,24.94,0.0115,25801000.0,0.0,0.0,0.0,0.0,0.0,BALANCED,0.0,3. Sector Specific Leveraged (Bull),"MicroSectors U.S. Energy (XOM, CVX, COP)",+3x
2026-09-03,WTIU,ARCX:WTIU,0.0,24.6,-0.0135,25801000.0,0.0,0.0,0.0,0.0,0.0,BALANCED,0.0,3. Sector Specific Leveraged (Bull),"MicroSectors U.S. Energy (XOM, CVX, COP)",+3x
2026-09-04,WTIU,ARCX:WTIU,0.0,23.91,-0.028,25801000.0,0.0,0.0,0.0,0.0,0.0,BALANCED,0.0,3. Sector Specific Leveraged (Bull),"MicroSectors U.S. Energy (XOM, CVX, COP)",+3x
2026-09-07,WTIU,ARCX:WTIU,0.0,23.91,0.0,25801000.0,0.0,0.0,0.0,0.0,0.0,BALANCED,0.0,3. Sector Specific Leveraged (Bull),"MicroSectors U.S. Energy (XOM, CVX, COP)",+3x
2026-09-08,WTIU,ARCX:WTIU,0.0,24.6,0.029,25801000.0,0.0,0.0,0.0,0.0,0.0,BALANCED,0.0,3. Sector Specific Leveraged (Bull),"MicroSectors U.S. Energy (XOM, CVX, COP)",+3x
2026-09-09,WTIU,ARCX:WTIU,0.0,25.45,0.0345,25801000.0,0.0,0.0,0.0,0.0,0.0,BALANCED,0.0,3. Sector Specific Leveraged (Bull),"MicroSectors U.S. Energy (XOM, CVX, COP)",+3x
2026-09-10,WTIU,ARCX:WTIU,0.0,25.49,0.0013,25801000.0,0.0,0.0,0.0,0.0,0.0,BALANCED,0.0,3. Sector Specific Leveraged (Bull),"MicroSectors U.S. Energy (XOM, CVX, COP)",+3x
2026-09-11,WTIU,ARCX:WTIU,0.0,25.71,0.0086,25801000.0,0.0,0.0,0.0,0.0,0.0,BALANCED,0.0,3. Sector Specific Leveraged (Bull),"MicroSectors U.S. Energy (XOM, CVX, COP)",+3x
2026-09-14,WTIU,ARCX:WTIU,0.0,25.18,-0.0205,25801000.0,0.0,0.0,0.0,0.0,0.0,BALANCED,0.0,3. Sector Specific Leveraged (Bull),"MicroSectors U.S. Energy (XOM, CVX, COP)",+3x
2026-09-15,WTIU,ARCX:WTIU,0.0,27.34,0.0861,25801000.0,0.0,0.0,0.0,0.0,0.0,BALANCED,0.0,3. Sector Specific Leveraged (Bull),"MicroSectors U.S. Energy (XOM, CVX, COP)",+3x
2026-09-16,WTIU,ARCX:WTIU,0.0,24.46,-0.1054,25801000.0,0.0,0.0,0.0,0.0,0.0,BALANCED,0.0,3. Sector Specific Leveraged (Bull),"MicroSectors U.S. Energy (XOM, CVX, COP)",+3x
2026-09-17,WTIU,ARCX:WTIU,0.0,25.04,0.0236,25801000.0,0.0,0.0,0.0,0.0,0.0,BALANCED,0.0,3. Sector Specific Leveraged (Bull),"MicroSectors U.S. Energy (XOM, CVX, COP)",+3x
2026-09-18,WTIU,ARCX:WTIU,0.0,24.67,-0.0147,25801000.0,0.0,0.0,0.0,0.0,0.0,BALANCED,0.0,3. Sector Specific Leveraged (Bull),"MicroSectors U.S. Energy (XOM, CVX, COP)",+3x
2026-09-21,WTIU,ARCX:WTIU,0.0,22.4,-0.0919,25801000.0,0.0,0.0,0.0,0.0,0.0,BALANCED,0.0,3. Sector Specific Leveraged (Bull),"MicroSectors U.S. Energy (XOM, CVX, COP)",+3x
2026-09-22,WTIU,ARCX:WTIU,0.0,21.42,-0.0439,25801000.0,0.0,0.0,0.0,0.0,0.0,BALANCED,0.0,3. Sector Specific Leveraged (Bull),"MicroSectors U.S. Energy (XOM, CVX, COP)",+3x
