date,ticker,trackinsight_key,usd_flow,nav,perf_pct,cumulative_flow,daily_inflow,daily_outflow,flow_zscore,flow_5d,flow_20d,regime,pressure
2016-01-04,YINN,YINN,0.0,16.01,-0.097,0.0,0.0,0.0,0.0,0.0,0.0,BALANCED,0.0
2016-01-05,YINN,YINN,0.0,15.74,-0.0168,0.0,0.0,0.0,0.0,0.0,0.0,BALANCED,0.0
2016-01-06,YINN,YINN,0.0,14.71,-0.0655,0.0,0.0,0.0,0.0,0.0,0.0,BALANCED,0.0
2016-01-07,YINN,YINN,1305000.0,13.05,-0.113,1305000.0,1305000.0,0.0,0.0,1305000.0,1305000.0,BALANCED,12.0
2016-01-08,YINN,YINN,8830000.0,12.61,-0.0331,10135000.0,8830000.0,0.0,1.7694,10135000.0,10135000.0,ACCUMULATION,58.2357
2016-01-11,YINN,YINN,4964000.0,12.41,-0.0162,15099000.0,4964000.0,0.0,0.672,15099000.0,15099000.0,BALANCED,32.8011
2016-01-12,YINN,YINN,6175000.0,12.35,-0.0049,21274000.0,6175000.0,0.0,0.8709,21274000.0,21274000.0,BALANCED,39.7727
2016-01-13,YINN,YINN,0.0,11.66,-0.0555,21274000.0,0.0,0.0,-0.7593,21274000.0,21274000.0,BALANCED,-8.9813
2016-01-14,YINN,YINN,4265000.0,12.19,0.0447,25539000.0,4265000.0,0.0,0.43,24234000.0,25539000.0,BALANCED,22.749
2016-01-15,YINN,YINN,0.0,10.46,-0.1413,25539000.0,0.0,0.0,-0.7844,15404000.0,25539000.0,BALANCED,-9.6096
2016-01-19,YINN,YINN,5054000.0,11.23,0.0733,30593000.0,5054000.0,0.0,0.7148,15494000.0,30593000.0,BALANCED,29.8709
2016-01-20,YINN,YINN,1506000.0,10.04,-0.1062,32099000.0,1506000.0,0.0,-0.3828,10825000.0,32099000.0,BALANCED,4.4306
2016-01-21,YINN,YINN,2048000.0,10.24,0.0202,34147000.0,2048000.0,0.0,-0.1976,12873000.0,34147000.0,BALANCED,11.0606
2016-01-22,YINN,YINN,1136000.0,11.36,0.109,35283000.0,1136000.0,0.0,-0.487,9744000.0,35283000.0,BALANCED,5.8241
2016-01-25,YINN,YINN,4731000.0,10.51,-0.0743,40014000.0,4731000.0,0.0,0.7376,14475000.0,40014000.0,BALANCED,38.4391
2016-01-26,YINN,YINN,-1074000.0,10.74,0.0219,38940000.0,0.0,-1074000.0,-1.2265,8347000.0,38940000.0,BALANCED,-22.662
2016-01-27,YINN,YINN,-2059000.0,10.29,-0.0418,36881000.0,0.0,-2059000.0,-1.4209,4782000.0,36881000.0,BALANCED,-29.523
2016-01-28,YINN,YINN,0.0,10.75,0.0442,36881000.0,0.0,0.0,-0.6988,2734000.0,36881000.0,BALANCED,-7.4708
2016-01-29,YINN,YINN,0.0,11.81,0.099,36881000.0,0.0,0.0,-0.6722,1598000.0,36881000.0,BALANCED,-6.804
2016-02-01,YINN,YINN,0.0,11.01,-0.0684,36881000.0,0.0,0.0,-0.6484,-3133000.0,36881000.0,BALANCED,-26.2091
2016-02-02,YINN,YINN,0.0,10.17,-0.0758,36881000.0,0.0,0.0,-0.627,-2059000.0,36881000.0,BALANCED,-25.674
2016-02-03,YINN,YINN,0.0,10.67,0.0493,36881000.0,0.0,0.0,-0.6076,0.0,36881000.0,BALANCED,-15.1892
2016-02-04,YINN,YINN,0.0,10.38,-0.0279,36881000.0,0.0,0.0,-0.5899,0.0,36881000.0,BALANCED,-14.7473
2016-02-05,YINN,YINN,0.0,10.14,-0.0223,36881000.0,0.0,0.0,-0.5737,0.0,35576000.0,BALANCED,-14.3421
2016-02-08,YINN,YINN,0.0,9.53,-0.0606,36881000.0,0.0,0.0,-0.5588,0.0,26746000.0,BALANCED,-13.969
2016-02-09,YINN,YINN,1855000.0,9.27,-0.0269,38736000.0,1855000.0,0.0,0.1411,1855000.0,23637000.0,BALANCED,15.5275
2016-02-10,YINN,YINN,1420000.0,9.47,0.0207,40156000.0,1420000.0,0.0,-0.0265,3275000.0,18882000.0,BALANCED,13.3374
2016-02-11,YINN,YINN,0.0,8.85,-0.0651,40156000.0,0.0,0.0,-0.5723,3275000.0,18882000.0,BALANCED,-4.3066
2016-02-12,YINN,YINN,472000.0,9.43,0.0661,40628000.0,472000.0,0.0,-0.3765,3747000.0,15089000.0,BALANCED,2.5876
2016-02-16,YINN,YINN,0.0,10.62,0.1258,40628000.0,0.0,0.0,-0.5555,3747000.0,15089000.0,BALANCED,-3.8874
2016-02-17,YINN,YINN,0.0,11.11,0.0464,40628000.0,0.0,0.0,-0.5555,1892000.0,10035000.0,BALANCED,-3.8874
2016-02-18,YINN,YINN,-1620000.0,10.8,-0.0284,39008000.0,0.0,-1620000.0,-1.1745,-1148000.0,6909000.0,BALANCED,-41.3619
2016-02-19,YINN,YINN,-2696000.0,10.78,-0.0012,36312000.0,0.0,-2696000.0,-1.513,-3844000.0,2165000.0,DISTRIBUTION,-51.8243
2016-02-22,YINN,YINN,0.0,11.7,0.0846,36312000.0,0.0,0.0,-0.4503,-4316000.0,1029000.0,BALANCED,-21.258
2016-02-23,YINN,YINN,0.0,10.82,-0.0748,36312000.0,0.0,0.0,-0.4048,-4316000.0,-3702000.0,BALANCED,-20.1193
2016-02-24,YINN,YINN,0.0,10.73,-0.009,36312000.0,0.0,0.0,-0.3506,-4316000.0,-2628000.0,BALANCED,-18.7648
2016-02-25,YINN,YINN,0.0,10.62,-0.0099,36312000.0,0.0,0.0,-0.2889,-2696000.0,-569000.0,BALANCED,-17.2229
2016-02-26,YINN,YINN,0.0,10.69,0.0067,36312000.0,0.0,0.0,-0.2889,0.0,-569000.0,BALANCED,-7.2229
2016-02-29,YINN,YINN,0.0,10.55,-0.0129,36312000.0,0.0,0.0,-0.2267,0.0,-569000.0,BALANCED,-5.6671
2016-03-01,YINN,YINN,0.0,11.68,0.1069,36312000.0,0.0,0.0,-0.2267,0.0,-569000.0,BALANCED,-5.6671
2016-03-02,YINN,YINN,0.0,12.44,0.0649,36312000.0,0.0,0.0,-0.1452,0.0,-569000.0,BALANCED,-3.6292
2016-03-03,YINN,YINN,-3741000.0,12.47,0.0027,32571000.0,0.0,-3741000.0,-2.5525,-3741000.0,-4310000.0,DISTRIBUTION,-75.8113
2016-03-04,YINN,YINN,0.0,13.53,0.0849,32571000.0,0.0,0.0,0.037,-3741000.0,-4310000.0,BALANCED,-9.0757
2016-03-07,YINN,YINN,0.0,13.06,-0.0347,32571000.0,0.0,0.0,0.0644,-3741000.0,-4310000.0,BALANCED,-8.3894
2016-03-08,YINN,YINN,-4863000.0,12.16,-0.0691,27708000.0,0.0,-4863000.0,-3.2765,-8604000.0,-9173000.0,DISTRIBUTION,-93.9114
2016-03-09,YINN,YINN,0.0,12.29,0.0112,27708000.0,0.0,0.0,0.2763,-8604000.0,-11028000.0,BALANCED,-3.0927
2016-03-10,YINN,YINN,0.0,12.0,-0.0235,27708000.0,0.0,0.0,0.2319,-4863000.0,-12448000.0,BALANCED,-4.2022
2016-03-11,YINN,YINN,0.0,13.28,0.1066,27708000.0,0.0,0.0,0.2319,-4863000.0,-12448000.0,BALANCED,-4.2022
2016-03-14,YINN,YINN,0.0,13.33,0.0035,27708000.0,0.0,0.0,0.2319,-4863000.0,-12920000.0,BALANCED,-4.2022
2016-03-15,YINN,YINN,0.0,13.09,-0.0183,27708000.0,0.0,0.0,0.2319,0.0,-12920000.0,BALANCED,5.7978
2016-03-16,YINN,YINN,0.0,13.53,0.0339,27708000.0,0.0,0.0,0.2319,0.0,-12920000.0,BALANCED,5.7978
2016-03-17,YINN,YINN,0.0,14.0,0.0344,27708000.0,0.0,0.0,0.2319,0.0,-11300000.0,BALANCED,5.7978
2016-03-18,YINN,YINN,0.0,14.28,0.0204,27708000.0,0.0,0.0,0.2319,0.0,-8604000.0,BALANCED,5.7978
2016-03-21,YINN,YINN,0.0,14.32,0.0026,27708000.0,0.0,0.0,0.2319,0.0,-8604000.0,BALANCED,5.7978
2016-03-22,YINN,YINN,0.0,13.97,-0.0241,27708000.0,0.0,0.0,0.2319,0.0,-8604000.0,BALANCED,5.7978
2016-03-23,YINN,YINN,0.0,13.38,-0.0422,27708000.0,0.0,0.0,0.2928,0.0,-8604000.0,BALANCED,7.319
2016-03-24,YINN,YINN,-2620000.0,13.1,-0.0212,25088000.0,0.0,-2620000.0,-1.6625,-2620000.0,-11224000.0,DISTRIBUTION,-53.5627
2016-03-28,YINN,YINN,-4698000.0,13.42,0.0247,20390000.0,0.0,-4698000.0,-2.7259,-7318000.0,-15922000.0,DISTRIBUTION,-82.148
2016-03-29,YINN,YINN,0.0,13.82,0.0299,20390000.0,0.0,0.0,0.4584,-7318000.0,-15922000.0,BALANCED,1.4588
2016-03-30,YINN,YINN,0.0,14.44,0.0449,20390000.0,0.0,0.0,0.4584,-7318000.0,-15922000.0,BALANCED,1.4588
2016-03-31,YINN,YINN,-2153000.0,14.35,-0.0063,18237000.0,0.0,-2153000.0,-0.944,-9471000.0,-18075000.0,BALANCED,-35.5989
2016-04-01,YINN,YINN,-4233000.0,14.11,-0.0171,14004000.0,0.0,-4233000.0,-2.106,-11084000.0,-18567000.0,DISTRIBUTION,-66.6511
2016-04-04,YINN,YINN,0.0,13.59,-0.0367,14004000.0,0.0,0.0,0.4701,-6386000.0,-18567000.0,BALANCED,1.7537
2016-04-05,YINN,YINN,2534000.0,12.67,-0.0679,16538000.0,2534000.0,0.0,1.8929,-3852000.0,-16033000.0,ACCUMULATION,39.3233
2016-04-06,YINN,YINN,0.0,13.38,0.0563,16538000.0,0.0,0.0,0.3907,-3852000.0,-11170000.0,BALANCED,-0.2314
2016-04-07,YINN,YINN,0.0,12.61,-0.0573,16538000.0,0.0,0.0,0.3907,-1699000.0,-11170000.0,BALANCED,-0.2314
2016-04-08,YINN,YINN,1310000.0,13.1,0.0387,17848000.0,1310000.0,0.0,1.1187,3844000.0,-9860000.0,BALANCED,39.968
2016-04-11,YINN,YINN,0.0,13.57,0.0356,17848000.0,0.0,0.0,0.3576,3844000.0,-9860000.0,BALANCED,18.9399
2016-04-12,YINN,YINN,-706000.0,14.12,0.0406,17142000.0,0.0,-706000.0,-0.039,604000.0,-10566000.0,BALANCED,7.0246
2016-04-13,YINN,YINN,-3954000.0,15.82,0.1203,13188000.0,0.0,-3954000.0,-1.7534,-3350000.0,-14520000.0,DISTRIBUTION,-57.8351
2016-04-14,YINN,YINN,0.0,15.69,-0.0078,13188000.0,0.0,0.0,0.4246,-3350000.0,-14520000.0,BALANCED,0.6145
2016-04-15,YINN,YINN,0.0,15.1,-0.038,13188000.0,0.0,0.0,0.3733,-4660000.0,-14520000.0,BALANCED,-0.6682
2016-04-18,YINN,YINN,0.0,15.38,0.0191,13188000.0,0.0,0.0,0.3733,-4660000.0,-14520000.0,BALANCED,-0.6682
2016-04-19,YINN,YINN,0.0,15.94,0.0362,13188000.0,0.0,0.0,0.3733,-3954000.0,-14520000.0,BALANCED,-0.6682
2016-04-20,YINN,YINN,0.0,15.4,-0.0342,13188000.0,0.0,0.0,0.3144,0.0,-14520000.0,BALANCED,7.8597
2016-04-21,YINN,YINN,0.0,15.08,-0.0208,13188000.0,0.0,0.0,0.3144,0.0,-14520000.0,BALANCED,7.8597
2016-04-22,YINN,YINN,0.0,14.9,-0.0115,13188000.0,0.0,0.0,0.3144,0.0,-11900000.0,BALANCED,7.8597
2016-04-25,YINN,YINN,0.0,14.34,-0.0376,13188000.0,0.0,0.0,0.3144,0.0,-7202000.0,BALANCED,7.8597
2016-04-26,YINN,YINN,731000.0,14.62,0.0194,13919000.0,731000.0,0.0,0.7666,731000.0,-6471000.0,BALANCED,31.1649
2016-04-27,YINN,YINN,0.0,14.94,0.0219,13919000.0,0.0,0.0,0.2959,731000.0,-6471000.0,BALANCED,17.3984
2016-04-28,YINN,YINN,0.0,14.51,-0.0289,13919000.0,0.0,0.0,0.2959,731000.0,-4318000.0,BALANCED,17.3984
2016-04-29,YINN,YINN,0.0,13.83,-0.0468,13919000.0,0.0,0.0,0.2959,731000.0,-85000.0,BALANCED,17.3984
2016-05-02,YINN,YINN,2063000.0,13.75,-0.0055,15982000.0,2063000.0,0.0,1.5161,2794000.0,1978000.0,ACCUMULATION,49.9036
2016-05-03,YINN,YINN,0.0,12.74,-0.0736,15982000.0,0.0,0.0,0.2415,2063000.0,-556000.0,BALANCED,16.0375
2016-05-04,YINN,YINN,0.0,12.27,-0.0369,15982000.0,0.0,0.0,0.2415,2063000.0,-556000.0,BALANCED,16.0375
2016-05-05,YINN,YINN,0.0,12.33,0.0046,15982000.0,0.0,0.0,0.2415,2063000.0,-556000.0,BALANCED,16.0375
2016-05-06,YINN,YINN,0.0,12.11,-0.0179,15982000.0,0.0,0.0,0.1941,2063000.0,-1866000.0,BALANCED,14.8524
2016-05-09,YINN,YINN,0.0,11.55,-0.0459,15982000.0,0.0,0.0,0.1108,0.0,-1866000.0,BALANCED,2.7709
2016-05-10,YINN,YINN,3087000.0,12.35,0.0692,19069000.0,3087000.0,0.0,2.1573,3087000.0,1927000.0,ACCUMULATION,65.9335
2016-05-11,YINN,YINN,0.0,11.73,-0.0502,19069000.0,0.0,0.0,0.0303,3087000.0,5881000.0,BALANCED,10.7585
2016-05-12,YINN,YINN,0.0,11.64,-0.0076,19069000.0,0.0,0.0,-0.0199,3087000.0,5881000.0,BALANCED,9.5032
2016-05-13,YINN,YINN,0.0,11.1,-0.0465,19069000.0,0.0,0.0,-0.148,3087000.0,5881000.0,BALANCED,6.2998
2016-05-16,YINN,YINN,0.0,11.73,0.0566,19069000.0,0.0,0.0,-0.148,3087000.0,5881000.0,BALANCED,6.2998
2016-05-17,YINN,YINN,1732000.0,11.55,-0.0152,20801000.0,1732000.0,0.0,1.4563,1732000.0,7613000.0,BALANCED,48.4087
2016-05-18,YINN,YINN,0.0,11.26,-0.0247,20801000.0,0.0,0.0,-0.1302,1732000.0,7613000.0,BALANCED,6.7459
2016-05-19,YINN,YINN,1108000.0,11.08,-0.0163,21909000.0,1108000.0,0.0,0.8404,2840000.0,8721000.0,BALANCED,33.01
2016-05-20,YINN,YINN,0.0,11.53,0.0411,21909000.0,0.0,0.0,-0.1248,2840000.0,8721000.0,BALANCED,6.8805
2016-05-23,YINN,YINN,0.0,11.42,-0.0096,21909000.0,0.0,0.0,-0.1248,2840000.0,8721000.0,BALANCED,6.8805
2016-05-24,YINN,YINN,0.0,12.09,0.0579,21909000.0,0.0,0.0,-0.148,1108000.0,7990000.0,BALANCED,6.2997
2016-05-25,YINN,YINN,1275000.0,12.75,0.0549,23184000.0,1275000.0,0.0,1.2358,2383000.0,9265000.0,BALANCED,42.8956
2016-05-26,YINN,YINN,0.0,12.63,-0.0092,23184000.0,0.0,0.0,-0.4372,1275000.0,9265000.0,BALANCED,-0.9306
2016-05-27,YINN,YINN,0.0,12.84,0.0163,23184000.0,0.0,0.0,-0.4372,1275000.0,9265000.0,BALANCED,-0.9306
2016-05-31,YINN,YINN,0.0,13.77,0.073,23184000.0,0.0,0.0,-0.4372,1275000.0,7202000.0,BALANCED,-0.9306
2016-06-01,YINN,YINN,0.0,13.49,-0.0206,23184000.0,0.0,0.0,-0.4372,1275000.0,7202000.0,BALANCED,-0.9306
2016-06-02,YINN,YINN,-1387000.0,13.87,0.0278,21797000.0,0.0,-1387000.0,-2.0348,-1387000.0,5815000.0,DISTRIBUTION,-62.8706
2016-06-03,YINN,YINN,-4174000.0,13.91,0.0034,17623000.0,0.0,-4174000.0,-3.7333,-5561000.0,1641000.0,DISTRIBUTION,-100.0
2016-06-06,YINN,YINN,-723000.0,14.45,0.039,16900000.0,0.0,-723000.0,-0.7248,-6284000.0,918000.0,BALANCED,-34.119
2016-06-07,YINN,YINN,0.0,15.0,0.0376,16900000.0,0.0,0.0,-0.1059,-6284000.0,918000.0,BALANCED,-12.6477
2016-06-08,YINN,YINN,-6056000.0,15.14,0.0095,10844000.0,0.0,-6056000.0,-3.6808,-12340000.0,-8225000.0,DISTRIBUTION,-100.0
2016-06-09,YINN,YINN,-743000.0,14.87,-0.0182,10101000.0,0.0,-743000.0,-0.3797,-11696000.0,-8968000.0,BALANCED,-23.4933
2016-06-10,YINN,YINN,-4781000.0,13.66,-0.081,5320000.0,0.0,-4781000.0,-2.4558,-12303000.0,-13749000.0,DISTRIBUTION,-77.3954
2016-06-13,YINN,YINN,0.0,12.79,-0.0635,5320000.0,0.0,0.0,0.1566,-11580000.0,-13749000.0,BALANCED,-6.0844
2016-06-14,YINN,YINN,0.0,12.9,0.0081,5320000.0,0.0,0.0,0.2,-11580000.0,-13749000.0,BALANCED,-4.9993
2016-06-15,YINN,YINN,0.0,12.96,0.0045,5320000.0,0.0,0.0,0.2,-5524000.0,-15481000.0,BALANCED,-4.9993
2016-06-16,YINN,YINN,0.0,12.85,-0.0082,5320000.0,0.0,0.0,0.2,-4781000.0,-15481000.0,BALANCED,-4.9993
2016-06-17,YINN,YINN,0.0,12.68,-0.013,5320000.0,0.0,0.0,0.2,0.0,-16589000.0,BALANCED,5.0007
2016-06-20,YINN,YINN,2003000.0,13.35,0.053,7323000.0,2003000.0,0.0,1.254,2003000.0,-14586000.0,BALANCED,43.3499
2016-06-21,YINN,YINN,0.0,13.77,0.0308,7323000.0,0.0,0.0,0.1579,2003000.0,-14586000.0,BALANCED,13.9485
2016-06-22,YINN,YINN,0.0,14.12,0.0259,7323000.0,0.0,0.0,0.2284,2003000.0,-14586000.0,BALANCED,15.71
2016-06-23,YINN,YINN,-1513000.0,15.13,0.071,5810000.0,0.0,-1513000.0,-0.6211,490000.0,-17374000.0,BALANCED,-7.5263
2016-06-24,YINN,YINN,-4947000.0,12.37,-0.1824,863000.0,0.0,-4947000.0,-2.2751,-4457000.0,-22321000.0,DISTRIBUTION,-70.8786
2016-06-27,YINN,YINN,4905000.0,12.26,-0.0084,5768000.0,4905000.0,0.0,2.4812,-1555000.0,-17416000.0,ACCUMULATION,54.0308
2016-06-28,YINN,YINN,3941000.0,13.14,0.0712,9709000.0,3941000.0,0.0,1.8501,2386000.0,-13475000.0,ACCUMULATION,60.2522
2016-06-29,YINN,YINN,692000.0,13.85,0.0542,10401000.0,692000.0,0.0,0.4566,3078000.0,-12783000.0,BALANCED,27.4157
2016-06-30,YINN,YINN,1441000.0,14.41,0.0408,11842000.0,1441000.0,0.0,0.7572,6032000.0,-9955000.0,BALANCED,36.9312
2016-07-01,YINN,YINN,-2943000.0,14.71,0.0208,8899000.0,0.0,-2943000.0,-1.0767,8036000.0,-8724000.0,BALANCED,-18.9173
2016-07-05,YINN,YINN,-4121000.0,13.74,-0.0662,4778000.0,0.0,-4121000.0,-1.4647,-990000.0,-12122000.0,BALANCED,-50.6166
2016-07-06,YINN,YINN,0.0,13.64,-0.0072,4778000.0,0.0,0.0,0.2356,-4931000.0,-12122000.0,BALANCED,-4.11
2016-07-07,YINN,YINN,0.0,13.43,-0.0153,4778000.0,0.0,0.0,0.2356,-5623000.0,-6066000.0,BALANCED,-4.11
2016-07-08,YINN,YINN,0.0,14.31,0.0652,4778000.0,0.0,0.0,0.2555,-7064000.0,-5323000.0,BALANCED,-3.6126
2016-07-11,YINN,YINN,1463000.0,14.63,0.0227,6241000.0,1463000.0,0.0,0.8348,-2658000.0,921000.0,BALANCED,12.8711
2016-07-12,YINN,YINN,-776000.0,15.52,0.0609,5465000.0,0.0,-776000.0,-0.0764,687000.0,145000.0,BALANCED,6.0904
2016-07-13,YINN,YINN,-1532000.0,15.32,-0.0129,3933000.0,0.0,-1532000.0,-0.3664,-845000.0,-1387000.0,BALANCED,-23.1592
2016-07-14,YINN,YINN,0.0,16.03,0.0462,3933000.0,0.0,0.0,0.2641,-845000.0,-1387000.0,BALANCED,-3.3984
2016-07-15,YINN,YINN,-4780000.0,15.93,-0.0061,-847000.0,0.0,-4780000.0,-1.5833,-5625000.0,-6167000.0,DISTRIBUTION,-51.5818
2016-07-18,YINN,YINN,0.0,16.32,0.0245,-847000.0,0.0,0.0,0.2501,-7088000.0,-6167000.0,BALANCED,-3.7475
2016-07-19,YINN,YINN,-2311000.0,15.41,-0.0563,-3158000.0,0.0,-2311000.0,-0.662,-8623000.0,-10481000.0,BALANCED,-28.5493
2016-07-20,YINN,YINN,0.0,15.96,0.0358,-3158000.0,0.0,0.0,0.2695,-7091000.0,-10481000.0,BALANCED,-3.263
2016-07-21,YINN,YINN,0.0,15.92,-0.0026,-3158000.0,0.0,0.0,0.2061,-7091000.0,-10481000.0,BALANCED,-4.8474
2016-07-22,YINN,YINN,0.0,16.17,0.0159,-3158000.0,0.0,0.0,0.1951,-2311000.0,-8968000.0,BALANCED,-5.1228
2016-07-25,YINN,YINN,-2366000.0,15.77,-0.0245,-5524000.0,0.0,-2366000.0,-0.9342,-4677000.0,-6387000.0,BALANCED,-35.3549
2016-07-26,YINN,YINN,0.0,16.33,0.0355,-5524000.0,0.0,0.0,0.1685,-2366000.0,-11292000.0,BALANCED,-5.7885
2016-07-27,YINN,YINN,0.0,16.14,-0.0118,-5524000.0,0.0,0.0,0.1685,-2366000.0,-15233000.0,BALANCED,-5.7885
2016-07-28,YINN,YINN,-1588000.0,15.88,-0.0161,-7112000.0,0.0,-1588000.0,-0.5443,-3954000.0,-17513000.0,BALANCED,-25.6081
2016-07-29,YINN,YINN,0.0,15.85,-0.0019,-7112000.0,0.0,0.0,0.1922,-3954000.0,-18954000.0,BALANCED,-5.195
2016-08-01,YINN,YINN,0.0,15.68,-0.0111,-7112000.0,0.0,0.0,0.1922,-1588000.0,-16011000.0,BALANCED,-5.195
2016-08-02,YINN,YINN,-2329000.0,15.53,-0.0094,-9441000.0,0.0,-2329000.0,-0.8297,-3917000.0,-14219000.0,BALANCED,-32.7426
2016-08-03,YINN,YINN,0.0,15.69,0.0101,-9441000.0,0.0,0.0,0.2619,-3917000.0,-14219000.0,BALANCED,-3.4522
2016-08-04,YINN,YINN,0.0,15.79,0.0067,-9441000.0,0.0,0.0,0.2619,-2329000.0,-14219000.0,BALANCED,-3.4522
2016-08-05,YINN,YINN,-3299000.0,16.5,0.0447,-12740000.0,0.0,-3299000.0,-1.2266,-5628000.0,-17518000.0,BALANCED,-42.6662
2016-08-08,YINN,YINN,0.0,16.81,0.0191,-12740000.0,0.0,0.0,0.2235,-5628000.0,-18981000.0,BALANCED,-4.4117
2016-08-09,YINN,YINN,0.0,17.26,0.0265,-12740000.0,0.0,0.0,0.3502,-3299000.0,-18205000.0,BALANCED,-1.2459
2016-08-10,YINN,YINN,0.0,16.99,-0.0157,-12740000.0,0.0,0.0,0.4847,-3299000.0,-16673000.0,BALANCED,2.1187
2016-08-11,YINN,YINN,0.0,18.04,0.0619,-12740000.0,0.0,0.0,0.5053,-3299000.0,-16673000.0,BALANCED,2.6329
2016-08-12,YINN,YINN,0.0,18.15,0.0063,-12740000.0,0.0,0.0,0.555,0.0,-11893000.0,BALANCED,13.8756
2016-08-15,YINN,YINN,0.0,19.37,0.067,-12740000.0,0.0,0.0,0.5054,0.0,-11893000.0,BALANCED,12.6338
2016-08-16,YINN,YINN,6692000.0,19.12,-0.0128,-6048000.0,6692000.0,0.0,3.8253,6692000.0,-2890000.0,ACCUMULATION,100.0
2016-08-17,YINN,YINN,4681000.0,18.72,-0.0207,-1367000.0,4681000.0,0.0,2.371,11373000.0,1791000.0,ACCUMULATION,73.2754
2016-08-18,YINN,YINN,1922000.0,19.22,0.0262,555000.0,1922000.0,0.0,0.9838,13295000.0,3713000.0,BALANCED,40.5942
2016-08-19,YINN,YINN,0.0,18.89,-0.0169,555000.0,0.0,0.0,0.0671,13295000.0,3713000.0,BALANCED,11.6784
2016-08-22,YINN,YINN,919000.0,18.38,-0.0272,1474000.0,919000.0,0.0,0.517,14214000.0,6998000.0,BALANCED,24.9259
2016-08-23,YINN,YINN,0.0,18.32,-0.0033,1474000.0,0.0,0.0,0.0639,7522000.0,6998000.0,BALANCED,11.5977
2016-08-24,YINN,YINN,4524000.0,18.1,-0.0121,5998000.0,4524000.0,0.0,1.9981,7365000.0,11522000.0,ACCUMULATION,61.9527
2016-08-25,YINN,YINN,0.0,18.05,-0.0025,5998000.0,0.0,0.0,-0.0309,5443000.0,13110000.0,BALANCED,9.2282
2016-08-26,YINN,YINN,-3563000.0,17.81,-0.0131,2435000.0,0.0,-3563000.0,-1.7097,1880000.0,9547000.0,DISTRIBUTION,-34.742
2016-08-29,YINN,YINN,-911000.0,18.22,0.0227,1524000.0,0.0,-911000.0,-0.4592,50000.0,8636000.0,BALANCED,-5.4798
2016-08-30,YINN,YINN,0.0,18.57,0.0193,1524000.0,0.0,0.0,-0.074,50000.0,10965000.0,BALANCED,8.1495
2016-08-31,YINN,YINN,0.0,17.97,-0.0321,1524000.0,0.0,0.0,-0.074,-4474000.0,10965000.0,BALANCED,-11.8505
2016-09-01,YINN,YINN,0.0,18.36,0.0218,1524000.0,0.0,0.0,-0.074,-4474000.0,10965000.0,BALANCED,-11.8505
2016-09-02,YINN,YINN,-1948000.0,19.48,0.0608,-424000.0,0.0,-1948000.0,-0.9515,-2859000.0,12316000.0,BALANCED,-35.7868
2016-09-06,YINN,YINN,0.0,20.37,0.0456,-424000.0,0.0,0.0,-0.0812,-1948000.0,12316000.0,BALANCED,-12.031
2016-09-07,YINN,YINN,0.0,20.35,-0.0009,-424000.0,0.0,0.0,-0.0812,-1948000.0,12316000.0,BALANCED,-12.031
2016-09-08,YINN,YINN,0.0,20.93,0.0286,-424000.0,0.0,0.0,-0.0812,-1948000.0,12316000.0,BALANCED,-12.031
2016-09-09,YINN,YINN,0.0,19.66,-0.0609,-424000.0,0.0,0.0,-0.1079,-1948000.0,12316000.0,BALANCED,-12.6971
2016-09-12,YINN,YINN,9866000.0,19.73,0.0039,9442000.0,9866000.0,0.0,3.4325,9866000.0,22182000.0,ACCUMULATION,97.8133
2016-09-13,YINN,YINN,-2723000.0,18.15,-0.08,6719000.0,0.0,-2723000.0,-1.1464,7143000.0,19459000.0,BALANCED,-20.6603
2016-09-14,YINN,YINN,1815000.0,18.15,-0.0001,8534000.0,1815000.0,0.0,0.4443,8958000.0,14582000.0,BALANCED,23.1072
2016-09-15,YINN,YINN,0.0,19.16,0.0555,8534000.0,0.0,0.0,-0.2189,8958000.0,9901000.0,BALANCED,4.5264
2016-09-16,YINN,YINN,0.0,18.82,-0.0176,8534000.0,0.0,0.0,-0.2189,8958000.0,7979000.0,BALANCED,4.5264
2016-09-19,YINN,YINN,0.0,18.94,0.0063,8534000.0,0.0,0.0,-0.2687,-908000.0,7979000.0,BALANCED,-16.7176
2016-09-20,YINN,YINN,2859000.0,19.06,0.0063,11393000.0,2859000.0,0.0,0.7712,4674000.0,9919000.0,BALANCED,31.2801
2016-09-21,YINN,YINN,1023000.0,20.46,0.0736,12416000.0,1023000.0,0.0,0.0693,3882000.0,10942000.0,BALANCED,15.7337
2016-09-22,YINN,YINN,0.0,20.68,0.0107,12416000.0,0.0,0.0,-0.3152,3882000.0,6418000.0,BALANCED,2.1191
2016-09-23,YINN,YINN,-1964000.0,19.64,-0.0503,10452000.0,0.0,-1964000.0,-1.0118,1918000.0,4454000.0,BALANCED,-17.2951
2016-09-26,YINN,YINN,0.0,18.42,-0.0619,10452000.0,0.0,0.0,-0.2858,1918000.0,8017000.0,BALANCED,2.8556
2016-09-27,YINN,YINN,-2870000.0,19.13,0.0383,7582000.0,0.0,-2870000.0,-1.2746,-3811000.0,6058000.0,BALANCED,-43.8662
2016-09-28,YINN,YINN,1961000.0,19.61,0.0252,9543000.0,1961000.0,0.0,0.5641,-2873000.0,8019000.0,BALANCED,6.1017
2016-09-29,YINN,YINN,0.0,19.0,-0.0314,9543000.0,0.0,0.0,-0.1495,-2873000.0,8019000.0,BALANCED,-13.7379
2016-09-30,YINN,YINN,0.0,19.13,0.0069,9543000.0,0.0,0.0,-0.1241,-909000.0,8019000.0,BALANCED,-13.1014
2016-10-03,YINN,YINN,0.0,19.19,0.0031,9543000.0,0.0,0.0,-0.1241,-909000.0,9967000.0,BALANCED,-13.1014
2016-10-04,YINN,YINN,0.0,18.72,-0.0245,9543000.0,0.0,0.0,-0.1115,1961000.0,9967000.0,BALANCED,7.2131
2016-10-05,YINN,YINN,0.0,20.08,0.0731,9543000.0,0.0,0.0,-0.1115,0.0,9967000.0,BALANCED,-2.7869
2016-10-06,YINN,YINN,0.0,20.3,0.0107,9543000.0,0.0,0.0,-0.0519,0.0,9967000.0,BALANCED,-1.2985
2016-10-07,YINN,YINN,-4952000.0,19.81,-0.0242,4591000.0,0.0,-4952000.0,-1.9969,-4952000.0,5015000.0,DISTRIBUTION,-61.9217
2016-10-10,YINN,YINN,0.0,20.66,0.0428,4591000.0,0.0,0.0,-0.0304,-4952000.0,-4851000.0,BALANCED,-10.7597
2016-10-11,YINN,YINN,0.0,18.81,-0.0892,4591000.0,0.0,0.0,-0.0434,-4952000.0,-2128000.0,BALANCED,-11.084
2016-10-12,YINN,YINN,1874000.0,18.74,-0.0041,6465000.0,1874000.0,0.0,0.7183,-3078000.0,-2069000.0,BALANCED,9.9573
2016-10-13,YINN,YINN,0.0,17.84,-0.0476,6465000.0,0.0,0.0,-0.0692,-3078000.0,-2069000.0,BALANCED,-11.7303
2016-10-14,YINN,YINN,0.0,18.36,0.0288,6465000.0,0.0,0.0,-0.0692,1874000.0,-2069000.0,BALANCED,8.2697
2016-10-17,YINN,YINN,0.0,17.86,-0.0272,6465000.0,0.0,0.0,-0.0979,1874000.0,-2069000.0,BALANCED,7.5533
2016-10-18,YINN,YINN,0.0,18.73,0.049,6465000.0,0.0,0.0,-0.0979,1874000.0,-4928000.0,BALANCED,7.5533
2016-10-19,YINN,YINN,940000.0,18.79,0.0031,7405000.0,940000.0,0.0,0.289,940000.0,-5011000.0,BALANCED,19.2254
2016-10-20,YINN,YINN,0.0,18.72,-0.004,7405000.0,0.0,0.0,-0.1111,940000.0,-5011000.0,BALANCED,7.2231
2016-10-21,YINN,YINN,0.0,18.68,-0.0018,7405000.0,0.0,0.0,-0.1111,940000.0,-3047000.0,BALANCED,7.2231
2016-10-24,YINN,YINN,0.0,19.1,0.0221,7405000.0,0.0,0.0,0.0455,940000.0,-3047000.0,BALANCED,11.1369
2016-10-25,YINN,YINN,0.0,18.88,-0.0111,7405000.0,0.0,0.0,-0.0163,940000.0,-177000.0,BALANCED,9.5935
2016-10-26,YINN,YINN,916000.0,18.32,-0.0301,8321000.0,916000.0,0.0,0.6708,916000.0,-1222000.0,BALANCED,28.7703
2016-10-27,YINN,YINN,0.0,17.83,-0.0264,8321000.0,0.0,0.0,0.0052,916000.0,-1222000.0,BALANCED,10.129
2016-10-28,YINN,YINN,0.0,17.24,-0.0332,8321000.0,0.0,0.0,0.0052,916000.0,-1222000.0,BALANCED,10.129
2016-10-31,YINN,YINN,0.0,17.25,0.0007,8321000.0,0.0,0.0,0.0052,916000.0,-1222000.0,BALANCED,10.129
2016-11-01,YINN,YINN,0.0,17.59,0.0195,8321000.0,0.0,0.0,0.0809,916000.0,-1222000.0,BALANCED,12.0232
2016-11-02,YINN,YINN,0.0,16.9,-0.0389,8321000.0,0.0,0.0,0.1094,0.0,-1222000.0,BALANCED,2.7353
2016-11-03,YINN,YINN,0.0,16.82,-0.005,8321000.0,0.0,0.0,0.1094,0.0,-1222000.0,BALANCED,2.7353
2016-11-04,YINN,YINN,0.0,16.37,-0.0265,8321000.0,0.0,0.0,0.0592,0.0,3730000.0,BALANCED,1.4811
2016-11-07,YINN,YINN,3578000.0,17.89,0.0926,11899000.0,3578000.0,0.0,2.5731,3578000.0,7308000.0,ACCUMULATION,76.3283
2016-11-08,YINN,YINN,0.0,18.28,0.0216,11899000.0,0.0,0.0,-0.1145,3578000.0,7308000.0,BALANCED,7.1368
2016-11-09,YINN,YINN,0.0,16.98,-0.071,11899000.0,0.0,0.0,-0.065,3578000.0,5434000.0,BALANCED,8.3758
2016-11-10,YINN,YINN,5772000.0,16.49,-0.0287,17671000.0,5772000.0,0.0,3.4514,9350000.0,11206000.0,ACCUMULATION,98.2844
2016-11-11,YINN,YINN,1593000.0,15.93,-0.034,19264000.0,1593000.0,0.0,0.7877,10943000.0,12799000.0,BALANCED,33.6924
2016-11-14,YINN,YINN,0.0,15.64,-0.0184,19264000.0,0.0,0.0,-0.2011,7365000.0,12799000.0,BALANCED,4.9715
2016-11-15,YINN,YINN,0.0,16.29,0.0419,19264000.0,0.0,0.0,-0.2011,7365000.0,12799000.0,BALANCED,4.9715
2016-11-16,YINN,YINN,2357000.0,15.71,-0.0357,21621000.0,2357000.0,0.0,1.1833,9722000.0,14216000.0,BALANCED,41.5835
2016-11-17,YINN,YINN,1589000.0,15.89,0.0116,23210000.0,1589000.0,0.0,0.6813,5539000.0,15805000.0,BALANCED,31.0321
2016-11-18,YINN,YINN,0.0,15.85,-0.0027,23210000.0,0.0,0.0,-0.4707,3946000.0,15805000.0,BALANCED,-1.7678
2016-11-21,YINN,YINN,2437000.0,16.25,0.025,25647000.0,2437000.0,0.0,1.2819,6383000.0,18242000.0,BALANCED,44.0477
2016-11-22,YINN,YINN,855000.0,17.11,0.0529,26502000.0,855000.0,0.0,0.0925,7238000.0,19097000.0,BALANCED,16.3127
2016-11-23,YINN,YINN,-3382000.0,16.91,-0.0115,23120000.0,0.0,-3382000.0,-2.5841,1499000.0,14799000.0,DISTRIBUTION,-56.6025
2016-11-25,YINN,YINN,0.0,17.39,0.0283,23120000.0,0.0,0.0,-0.3644,-90000.0,14799000.0,BALANCED,-19.1094
2016-11-28,YINN,YINN,-1758000.0,17.58,0.0112,21362000.0,0.0,-1758000.0,-1.4283,-1848000.0,13041000.0,BALANCED,-47.707
2016-11-29,YINN,YINN,-4477000.0,17.91,0.0185,16885000.0,0.0,-4477000.0,-2.6504,-8762000.0,8564000.0,DISTRIBUTION,-80.2607
2016-11-30,YINN,YINN,0.0,18.09,0.0103,16885000.0,0.0,0.0,-0.1908,-9617000.0,8564000.0,BALANCED,-14.7705
2016-12-01,YINN,YINN,0.0,18.09,-0.0001,16885000.0,0.0,0.0,-0.1738,-6235000.0,8564000.0,BALANCED,-14.346
2016-12-02,YINN,YINN,-1768000.0,17.68,-0.0226,15117000.0,0.0,-1768000.0,-1.0907,-8003000.0,6796000.0,BALANCED,-39.2687
2016-12-05,YINN,YINN,0.0,17.61,-0.0041,15117000.0,0.0,0.0,-0.1385,-6245000.0,6796000.0,BALANCED,-13.4615
2016-12-06,YINN,YINN,-880000.0,17.61,-0.0001,14237000.0,0.0,-880000.0,-0.5931,-2648000.0,2338000.0,BALANCED,-26.8275
2016-12-07,YINN,YINN,0.0,18.22,0.0345,14237000.0,0.0,0.0,-0.1219,-2648000.0,2338000.0,BALANCED,-13.0483
2016-12-08,YINN,YINN,0.0,18.21,-0.0001,14237000.0,0.0,0.0,-0.1058,-2648000.0,2338000.0,BALANCED,-12.6455
2016-12-09,YINN,YINN,-11629000.0,17.89,-0.0178,2608000.0,0.0,-11629000.0,-4.0095,-12509000.0,-15063000.0,DISTRIBUTION,-100.0
2016-12-12,YINN,YINN,-2499000.0,16.66,-0.0689,109000.0,0.0,-2499000.0,-0.7717,-15008000.0,-19155000.0,BALANCED,-33.2936
2016-12-13,YINN,YINN,-3440000.0,17.2,0.0327,-3331000.0,0.0,-3440000.0,-1.038,-17568000.0,-22595000.0,BALANCED,-41.949
2016-12-14,YINN,YINN,0.0,16.07,-0.0657,-3331000.0,0.0,0.0,0.1321,-17568000.0,-22595000.0,BALANCED,-6.6973
2016-12-15,YINN,YINN,0.0,15.64,-0.0267,-3331000.0,0.0,0.0,0.1321,-17568000.0,-24952000.0,BALANCED,-6.6973
2016-12-16,YINN,YINN,-757000.0,15.14,-0.0321,-4088000.0,0.0,-757000.0,-0.1168,-6696000.0,-27298000.0,BALANCED,-14.92
2016-12-19,YINN,YINN,0.0,14.96,-0.0119,-4088000.0,0.0,0.0,0.1407,-4197000.0,-27298000.0,BALANCED,-6.4825
2016-12-20,YINN,YINN,2959000.0,14.79,-0.0112,-1129000.0,2959000.0,0.0,1.1649,2202000.0,-26776000.0,BALANCED,41.1231
2016-12-21,YINN,YINN,0.0,14.64,-0.0103,-1129000.0,0.0,0.0,0.1491,2202000.0,-27631000.0,BALANCED,13.7271
2016-12-22,YINN,YINN,709000.0,14.19,-0.0309,-420000.0,709000.0,0.0,0.3835,2911000.0,-23540000.0,BALANCED,21.5879
2016-12-23,YINN,YINN,703000.0,14.07,-0.0083,283000.0,703000.0,0.0,0.4774,4371000.0,-22837000.0,BALANCED,25.9351
2016-12-27,YINN,YINN,0.0,14.17,0.007,283000.0,0.0,0.0,0.2381,4371000.0,-21079000.0,BALANCED,15.9514
2016-12-28,YINN,YINN,0.0,14.55,0.0272,283000.0,0.0,0.0,0.2381,1412000.0,-16602000.0,BALANCED,15.9514
2016-12-29,YINN,YINN,756000.0,15.12,0.0392,1039000.0,756000.0,0.0,0.5111,2168000.0,-15846000.0,BALANCED,24.7785
2016-12-30,YINN,YINN,-3747000.0,14.99,-0.009,-2708000.0,0.0,-3747000.0,-1.1011,-2288000.0,-19593000.0,BALANCED,-39.5277
2017-01-03,YINN,YINN,0.0,15.55,0.0379,-2708000.0,0.0,0.0,0.3282,-2991000.0,-17825000.0,BALANCED,-1.7961
2017-01-04,YINN,YINN,0.0,16.03,0.0306,-2708000.0,0.0,0.0,0.3282,-2991000.0,-17825000.0,BALANCED,-1.7961
2017-01-05,YINN,YINN,0.0,16.72,0.043,-2708000.0,0.0,0.0,0.3686,-2991000.0,-16945000.0,BALANCED,-0.7843
2017-01-06,YINN,YINN,0.0,16.34,-0.0228,-2708000.0,0.0,0.0,0.3821,-3747000.0,-16945000.0,BALANCED,-0.4469
2017-01-09,YINN,YINN,0.0,16.41,0.0041,-2708000.0,0.0,0.0,0.3427,0.0,-16945000.0,BALANCED,8.567
2017-01-10,YINN,YINN,-1705000.0,17.05,0.0393,-4413000.0,0.0,-1705000.0,-0.3135,-1705000.0,-7021000.0,BALANCED,-19.8363
2017-01-11,YINN,YINN,-1742000.0,17.42,0.0214,-6155000.0,0.0,-1742000.0,-0.3284,-3447000.0,-6264000.0,BALANCED,-22.2105
2017-01-12,YINN,YINN,-1736000.0,17.36,-0.0034,-7891000.0,0.0,-1736000.0,-0.3752,-5183000.0,-4560000.0,BALANCED,-25.3799
2017-01-13,YINN,YINN,-2620000.0,17.46,0.0062,-10511000.0,0.0,-2620000.0,-0.6989,-7803000.0,-7180000.0,BALANCED,-35.4727
2017-01-17,YINN,YINN,0.0,17.22,-0.014,-10511000.0,0.0,0.0,0.3739,-7803000.0,-7180000.0,BALANCED,-0.6515
2017-01-18,YINN,YINN,0.0,17.47,0.0147,-10511000.0,0.0,0.0,0.3498,-6098000.0,-6423000.0,BALANCED,-1.2548
2017-01-19,YINN,YINN,-6040000.0,17.26,-0.0124,-16551000.0,0.0,-6040000.0,-1.9081,-10396000.0,-12463000.0,DISTRIBUTION,-59.7016
2017-01-20,YINN,YINN,0.0,17.05,-0.0118,-16551000.0,0.0,0.0,0.3918,-8660000.0,-15422000.0,BALANCED,-0.2046
2017-01-23,YINN,YINN,0.0,17.3,0.0148,-16551000.0,0.0,0.0,0.3918,-6040000.0,-15422000.0,BALANCED,-0.2046
2017-01-24,YINN,YINN,0.0,17.52,0.0122,-16551000.0,0.0,0.0,0.3918,-6040000.0,-16131000.0,BALANCED,-0.2046
2017-01-25,YINN,YINN,0.0,17.74,0.013,-16551000.0,0.0,0.0,0.3773,-6040000.0,-16834000.0,BALANCED,-0.5672
2017-01-26,YINN,YINN,0.0,17.84,0.0056,-16551000.0,0.0,0.0,0.3347,0.0,-16834000.0,BALANCED,8.3683
2017-01-27,YINN,YINN,0.0,17.79,-0.0027,-16551000.0,0.0,0.0,0.2808,0.0,-16834000.0,BALANCED,7.0204
2017-01-30,YINN,YINN,0.0,17.59,-0.0115,-16551000.0,0.0,0.0,0.2808,0.0,-17590000.0,BALANCED,7.0204
2017-01-31,YINN,YINN,0.0,17.6,0.0007,-16551000.0,0.0,0.0,0.2808,0.0,-13843000.0,BALANCED,7.0204
2017-02-01,YINN,YINN,0.0,17.57,-0.0017,-16551000.0,0.0,0.0,0.2646,0.0,-13843000.0,BALANCED,6.6149
2017-02-02,YINN,YINN,2638000.0,17.58,0.0007,-13913000.0,2638000.0,0.0,1.7809,2638000.0,-11205000.0,ACCUMULATION,56.5236
2017-02-03,YINN,YINN,0.0,17.51,-0.0044,-13913000.0,0.0,0.0,0.2754,2638000.0,-11205000.0,BALANCED,16.8856
2017-02-06,YINN,YINN,0.0,17.74,0.013,-13913000.0,0.0,0.0,0.2754,2638000.0,-11205000.0,BALANCED,16.8856
2017-02-07,YINN,YINN,0.0,17.7,-0.0017,-13913000.0,0.0,0.0,0.2931,2638000.0,-11205000.0,BALANCED,17.327
2017-02-08,YINN,YINN,0.0,18.48,0.0439,-13913000.0,0.0,0.0,0.311,2638000.0,-9500000.0,BALANCED,17.774
2017-02-09,YINN,YINN,-3845000.0,19.22,0.0401,-17758000.0,0.0,-3845000.0,-1.9803,-3845000.0,-11603000.0,DISTRIBUTION,-61.5065
2017-02-10,YINN,YINN,0.0,19.52,0.0156,-17758000.0,0.0,0.0,0.3671,-3845000.0,-9867000.0,BALANCED,-0.8215
2017-02-13,YINN,YINN,0.0,19.89,0.0189,-17758000.0,0.0,0.0,0.3863,-3845000.0,-7247000.0,BALANCED,-0.3434
2017-02-14,YINN,YINN,-3975000.0,19.87,-0.0009,-21733000.0,0.0,-3975000.0,-2.04,-7820000.0,-11222000.0,DISTRIBUTION,-62.9988
2017-02-15,YINN,YINN,0.0,20.78,0.0454,-21733000.0,0.0,0.0,0.3872,-7820000.0,-11222000.0,BALANCED,-0.3193
2017-02-16,YINN,YINN,-2065000.0,20.65,-0.0063,-23798000.0,0.0,-2065000.0,-0.8237,-6040000.0,-7247000.0,BALANCED,-32.5933
2017-02-17,YINN,YINN,-2019000.0,20.19,-0.022,-25817000.0,0.0,-2019000.0,-0.75,-8059000.0,-9266000.0,BALANCED,-32.7504
2017-02-21,YINN,YINN,-1038000.0,20.76,0.028,-26855000.0,0.0,-1038000.0,-0.1405,-9097000.0,-10304000.0,BALANCED,-19.5124
2017-02-22,YINN,YINN,0.0,21.09,0.0161,-26855000.0,0.0,0.0,0.4851,-5122000.0,-10304000.0,BALANCED,2.1285
2017-02-23,YINN,YINN,0.0,20.98,-0.0055,-26855000.0,0.0,0.0,0.4516,-5122000.0,-10304000.0,BALANCED,1.2904
2017-02-24,YINN,YINN,0.0,20.29,-0.0326,-26855000.0,0.0,0.0,0.418,-3057000.0,-10304000.0,BALANCED,0.4489
2017-02-27,YINN,YINN,0.0,19.91,-0.0188,-26855000.0,0.0,0.0,0.3847,-1038000.0,-10304000.0,BALANCED,-0.3836
2017-02-28,YINN,YINN,0.0,19.75,-0.0079,-26855000.0,0.0,0.0,0.3398,0.0,-10304000.0,BALANCED,8.4954
2017-03-01,YINN,YINN,0.0,20.37,0.0313,-26855000.0,0.0,0.0,0.3398,0.0,-10304000.0,BALANCED,8.4954
2017-03-02,YINN,YINN,0.0,19.06,-0.0646,-26855000.0,0.0,0.0,0.3398,0.0,-10304000.0,BALANCED,8.4954
2017-03-03,YINN,YINN,0.0,19.2,0.0077,-26855000.0,0.0,0.0,0.2807,0.0,-12942000.0,BALANCED,7.0172
2017-03-06,YINN,YINN,-1916000.0,19.16,-0.0025,-28771000.0,0.0,-1916000.0,-1.2024,-1916000.0,-14858000.0,BALANCED,-42.0599
2017-03-07,YINN,YINN,0.0,19.34,0.0094,-28771000.0,0.0,0.0,0.3246,-1916000.0,-14858000.0,BALANCED,-1.884
2017-03-08,YINN,YINN,0.0,19.26,-0.004,-28771000.0,0.0,0.0,0.3246,-1916000.0,-14858000.0,BALANCED,-1.884
2017-03-09,YINN,YINN,0.0,18.59,-0.0349,-28771000.0,0.0,0.0,0.3246,-1916000.0,-14858000.0,BALANCED,-1.884
2017-03-10,YINN,YINN,-1885000.0,18.85,0.0142,-30656000.0,0.0,-1885000.0,-1.1049,-3801000.0,-12898000.0,BALANCED,-39.6216
2017-03-13,YINN,YINN,0.0,19.76,0.0485,-30656000.0,0.0,0.0,0.3672,-1885000.0,-12898000.0,BALANCED,-0.821
2017-03-14,YINN,YINN,0.0,19.58,-0.0095,-30656000.0,0.0,0.0,0.3672,-1885000.0,-12898000.0,BALANCED,-0.821
2017-03-15,YINN,YINN,0.0,20.58,0.051,-30656000.0,0.0,0.0,0.3672,-1885000.0,-8923000.0,BALANCED,-0.821
2017-03-16,YINN,YINN,0.0,21.45,0.0424,-30656000.0,0.0,0.0,0.3672,-1885000.0,-8923000.0,BALANCED,-0.821
2017-03-17,YINN,YINN,0.0,21.12,-0.0155,-30656000.0,0.0,0.0,0.4883,0.0,-6858000.0,BALANCED,12.2076
2017-03-20,YINN,YINN,-1094000.0,21.89,0.0366,-31750000.0,0.0,-1094000.0,-0.4373,-1094000.0,-5933000.0,BALANCED,-22.9336
2017-03-21,YINN,YINN,0.0,21.14,-0.0341,-31750000.0,0.0,0.0,0.5207,-1094000.0,-4895000.0,BALANCED,3.0163
2017-03-22,YINN,YINN,0.0,21.33,0.0091,-31750000.0,0.0,0.0,0.5207,-1094000.0,-4895000.0,BALANCED,3.0163
2017-03-23,YINN,YINN,0.0,21.25,-0.0039,-31750000.0,0.0,0.0,0.5207,-1094000.0,-4895000.0,BALANCED,3.0163
2017-03-24,YINN,YINN,-2126000.0,21.26,0.0005,-33876000.0,0.0,-2126000.0,-1.5752,-3220000.0,-7021000.0,DISTRIBUTION,-51.3803
2017-03-27,YINN,YINN,0.0,20.95,-0.0146,-33876000.0,0.0,0.0,0.5327,-2126000.0,-7021000.0,BALANCED,3.3174
2017-03-28,YINN,YINN,0.0,21.22,0.0129,-33876000.0,0.0,0.0,0.5327,-2126000.0,-7021000.0,BALANCED,3.3174
2017-03-29,YINN,YINN,-2099000.0,20.99,-0.0108,-35975000.0,0.0,-2099000.0,-1.9557,-4225000.0,-9120000.0,DISTRIBUTION,-60.8924
2017-03-30,YINN,YINN,0.0,20.52,-0.0224,-35975000.0,0.0,0.0,0.5716,-4225000.0,-9120000.0,BALANCED,4.2901
2017-03-31,YINN,YINN,0.0,20.03,-0.0242,-35975000.0,0.0,0.0,0.5217,-2099000.0,-9120000.0,BALANCED,3.0413
2017-04-03,YINN,YINN,0.0,20.38,0.0178,-35975000.0,0.0,0.0,0.471,-2099000.0,-7204000.0,BALANCED,1.7761
2017-04-04,YINN,YINN,4108000.0,20.54,0.0076,-31867000.0,4108000.0,0.0,3.9844,2009000.0,-3096000.0,ACCUMULATION,100.0
2017-04-05,YINN,YINN,0.0,20.67,0.0061,-31867000.0,0.0,0.0,0.1557,4108000.0,-3096000.0,BALANCED,13.8927
2017-04-06,YINN,YINN,0.0,20.38,-0.014,-31867000.0,0.0,0.0,0.1557,4108000.0,-3096000.0,BALANCED,13.8927
2017-04-07,YINN,YINN,2040000.0,20.4,0.0013,-29827000.0,2040000.0,0.0,1.8665,6148000.0,829000.0,ACCUMULATION,58.6616
2017-04-10,YINN,YINN,6011000.0,20.04,-0.0179,-23816000.0,6011000.0,0.0,3.6944,12159000.0,6840000.0,ACCUMULATION,100.0
2017-04-11,YINN,YINN,0.0,19.74,-0.0149,-23816000.0,0.0,0.0,-0.0633,8051000.0,6840000.0,BALANCED,8.4168
2017-04-12,YINN,YINN,0.0,19.8,0.003,-23816000.0,0.0,0.0,-0.0633,8051000.0,6840000.0,BALANCED,8.4168
2017-04-13,YINN,YINN,0.0,19.64,-0.0079,-23816000.0,0.0,0.0,-0.0633,8051000.0,6840000.0,BALANCED,8.4168
2017-04-17,YINN,YINN,2992000.0,19.95,0.0156,-20824000.0,2992000.0,0.0,1.6572,9003000.0,9832000.0,ACCUMULATION,53.4296
2017-04-18,YINN,YINN,1892000.0,18.92,-0.0516,-18932000.0,1892000.0,0.0,0.9408,4884000.0,12818000.0,BALANCED,37.5198
2017-04-19,YINN,YINN,0.0,18.59,-0.0176,-18932000.0,0.0,0.0,-0.1973,4884000.0,12818000.0,BALANCED,5.0681
2017-04-20,YINN,YINN,2899000.0,19.33,0.0398,-16033000.0,2899000.0,0.0,1.4338,7783000.0,15717000.0,BALANCED,47.8444
2017-04-21,YINN,YINN,2871000.0,19.14,-0.0097,-13162000.0,2871000.0,0.0,1.3205,10654000.0,18588000.0,BALANCED,47.0121
2017-04-24,YINN,YINN,1946000.0,19.46,0.0165,-11216000.0,1946000.0,0.0,0.7466,9608000.0,22660000.0,BALANCED,34.6643
2017-04-25,YINN,YINN,4047000.0,20.23,0.04,-7169000.0,4047000.0,0.0,1.7734,11763000.0,26707000.0,ACCUMULATION,62.3345
2017-04-26,YINN,YINN,-11145000.0,20.26,0.0015,-18314000.0,0.0,-11145000.0,-4.053,618000.0,15562000.0,DISTRIBUTION,-93.3254
2017-04-27,YINN,YINN,0.0,20.01,-0.0125,-18314000.0,0.0,0.0,-0.1443,-2281000.0,17661000.0,BALANCED,-13.6071
2017-04-28,YINN,YINN,-999000.0,19.99,-0.001,-19313000.0,0.0,-999000.0,-0.4812,-6151000.0,16662000.0,BALANCED,-24.0288
2017-05-01,YINN,YINN,0.0,20.1,0.0054,-19313000.0,0.0,0.0,-0.1321,-8097000.0,16662000.0,BALANCED,-13.3027
2017-05-02,YINN,YINN,-1989000.0,19.89,-0.0102,-21302000.0,0.0,-1989000.0,-0.8108,-14133000.0,14673000.0,BALANCED,-32.2708
2017-05-03,YINN,YINN,0.0,19.61,-0.0141,-21302000.0,0.0,0.0,-0.1208,-2988000.0,10565000.0,BALANCED,-13.0205
2017-05-04,YINN,YINN,0.0,18.78,-0.0424,-21302000.0,0.0,0.0,-0.1208,-2988000.0,10565000.0,BALANCED,-13.0205
2017-05-05,YINN,YINN,3761000.0,18.8,0.0013,-17541000.0,3761000.0,0.0,1.1151,1772000.0,14326000.0,BALANCED,39.8786
2017-05-08,YINN,YINN,2793000.0,18.62,-0.0096,-14748000.0,2793000.0,0.0,0.7343,4565000.0,15079000.0,BALANCED,32.3587
2017-05-09,YINN,YINN,1959000.0,19.59,0.0517,-12789000.0,1959000.0,0.0,0.4269,8513000.0,11027000.0,BALANCED,26.673
2017-05-10,YINN,YINN,0.0,20.17,0.0297,-12789000.0,0.0,0.0,-0.2389,8513000.0,11027000.0,BALANCED,4.0275
2017-05-11,YINN,YINN,-8047000.0,20.12,-0.0024,-20836000.0,0.0,-8047000.0,-2.5801,466000.0,2980000.0,DISTRIBUTION,-56.5032
2017-05-12,YINN,YINN,-3113000.0,20.75,0.0316,-23949000.0,0.0,-3113000.0,-1.04,-6408000.0,-133000.0,BALANCED,-39.9988
2017-05-15,YINN,YINN,0.0,21.56,0.0391,-23949000.0,0.0,0.0,-0.1186,-9201000.0,-3125000.0,BALANCED,-12.966
2017-05-16,YINN,YINN,0.0,21.42,-0.0069,-23949000.0,0.0,0.0,-0.1186,-11160000.0,-5017000.0,BALANCED,-12.966
2017-05-17,YINN,YINN,0.0,20.5,-0.0426,-23949000.0,0.0,0.0,-0.0798,-11160000.0,-5017000.0,BALANCED,-11.9959
2017-05-18,YINN,YINN,2069000.0,20.69,0.0091,-21880000.0,2069000.0,0.0,0.5226,-1044000.0,-5847000.0,BALANCED,5.0661
2017-05-19,YINN,YINN,0.0,21.32,0.0305,-21880000.0,0.0,0.0,-0.1002,2069000.0,-8718000.0,BALANCED,7.4945
2017-05-22,YINN,YINN,0.0,21.63,0.0144,-21880000.0,0.0,0.0,-0.0801,2069000.0,-10664000.0,BALANCED,7.9971
2017-05-23,YINN,YINN,-1077000.0,21.54,-0.0039,-22957000.0,0.0,-1077000.0,-0.3532,992000.0,-15788000.0,BALANCED,-0.8303
2017-05-24,YINN,YINN,0.0,21.56,0.0007,-22957000.0,0.0,0.0,-0.0091,992000.0,-4643000.0,BALANCED,9.7713
2017-05-25,YINN,YINN,0.0,22.62,0.0492,-22957000.0,0.0,0.0,-0.0091,-1077000.0,-4643000.0,BALANCED,-10.2287
2017-05-26,YINN,YINN,0.0,22.59,-0.001,-22957000.0,0.0,0.0,-0.0091,-1077000.0,-3644000.0,BALANCED,-10.2287
2017-05-30,YINN,YINN,0.0,22.79,0.0089,-22957000.0,0.0,0.0,0.0231,-1077000.0,-3644000.0,BALANCED,-9.4229
2017-05-31,YINN,YINN,0.0,22.44,-0.0157,-22957000.0,0.0,0.0,0.0439,0.0,-1655000.0,BALANCED,1.097
2017-06-01,YINN,YINN,0.0,23.04,0.0268,-22957000.0,0.0,0.0,0.0439,0.0,-1655000.0,BALANCED,1.097
2017-06-02,YINN,YINN,0.0,23.07,0.0013,-22957000.0,0.0,0.0,0.0768,0.0,-1655000.0,BALANCED,1.921
2017-06-05,YINN,YINN,0.0,22.67,-0.0171,-22957000.0,0.0,0.0,0.1108,0.0,-5416000.0,BALANCED,2.7701
2017-06-06,YINN,YINN,0.0,23.11,0.0193,-22957000.0,0.0,0.0,0.1342,0.0,-8209000.0,BALANCED,3.3551
2017-06-07,YINN,YINN,0.0,22.89,-0.0097,-22957000.0,0.0,0.0,0.1883,0.0,-10168000.0,BALANCED,4.7075
2017-06-08,YINN,YINN,0.0,23.19,0.0133,-22957000.0,0.0,0.0,0.0795,0.0,-10168000.0,BALANCED,1.9875
2017-06-09,YINN,YINN,0.0,22.57,-0.0268,-22957000.0,0.0,0.0,0.0795,0.0,-2121000.0,BALANCED,1.9875
2017-06-12,YINN,YINN,0.0,21.96,-0.0269,-22957000.0,0.0,0.0,0.0626,0.0,992000.0,BALANCED,1.565
2017-06-13,YINN,YINN,0.0,22.34,0.0172,-22957000.0,0.0,0.0,0.0626,0.0,992000.0,BALANCED,1.565
2017-06-14,YINN,YINN,0.0,22.03,-0.0135,-22957000.0,0.0,0.0,0.0289,0.0,992000.0,BALANCED,0.7228
2017-06-15,YINN,YINN,0.0,21.27,-0.0347,-22957000.0,0.0,0.0,0.0289,0.0,992000.0,BALANCED,0.7228
2017-06-16,YINN,YINN,-3217000.0,21.44,0.0081,-26174000.0,0.0,-3217000.0,-1.5324,-3217000.0,-4294000.0,DISTRIBUTION,-50.3103
2017-06-19,YINN,YINN,0.0,22.35,0.0424,-26174000.0,0.0,0.0,0.1554,-3217000.0,-4294000.0,BALANCED,-6.1139
2017-06-20,YINN,YINN,0.0,21.61,-0.0333,-26174000.0,0.0,0.0,0.2165,-3217000.0,-4294000.0,BALANCED,-4.5867
2017-06-21,YINN,YINN,1077000.0,21.54,-0.0031,-25097000.0,1077000.0,0.0,0.8619,-2140000.0,-2140000.0,BALANCED,13.5481
2017-06-22,YINN,YINN,0.0,21.96,0.0197,-25097000.0,0.0,0.0,0.2378,-2140000.0,-2140000.0,BALANCED,-4.0559
2017-06-23,YINN,YINN,1100000.0,22.01,0.002,-23997000.0,1100000.0,0.0,1.2374,2177000.0,-1040000.0,BALANCED,42.9353
2017-06-26,YINN,YINN,0.0,22.77,0.0346,-23997000.0,0.0,0.0,0.002,2177000.0,-1040000.0,BALANCED,10.0505
2017-06-27,YINN,YINN,0.0,22.09,-0.0299,-23997000.0,0.0,0.0,0.002,2177000.0,-1040000.0,BALANCED,10.0505
2017-06-28,YINN,YINN,0.0,22.42,0.015,-23997000.0,0.0,0.0,0.002,1100000.0,-1040000.0,BALANCED,10.0505
2017-06-29,YINN,YINN,4346000.0,21.73,-0.0308,-19651000.0,4346000.0,0.0,3.7497,5446000.0,3306000.0,ACCUMULATION,100.0
2017-06-30,YINN,YINN,4374000.0,21.87,0.0066,-15277000.0,4374000.0,0.0,3.1495,8720000.0,7680000.0,ACCUMULATION,92.7381
2017-07-03,YINN,YINN,3382000.0,22.54,0.0308,-11895000.0,3382000.0,0.0,2.1196,12102000.0,11062000.0,ACCUMULATION,68.9904
2017-07-05,YINN,YINN,0.0,22.27,-0.0121,-11895000.0,0.0,0.0,-0.2314,12102000.0,11062000.0,BALANCED,4.2158
2017-07-06,YINN,YINN,3225000.0,21.5,-0.0346,-8670000.0,3225000.0,0.0,1.8252,15327000.0,14287000.0,ACCUMULATION,57.6302
2017-07-07,YINN,YINN,0.0,21.46,-0.0018,-8670000.0,0.0,0.0,-0.3162,10981000.0,14287000.0,BALANCED,2.0944
2017-07-10,YINN,YINN,0.0,21.58,0.0052,-8670000.0,0.0,0.0,-0.3162,6607000.0,14287000.0,BALANCED,2.0944
2017-07-11,YINN,YINN,0.0,22.8,0.0568,-8670000.0,0.0,0.0,-0.3162,3225000.0,14287000.0,BALANCED,2.0944
2017-07-12,YINN,YINN,0.0,24.24,0.0632,-8670000.0,0.0,0.0,-0.3162,3225000.0,14287000.0,BALANCED,2.0944
2017-07-13,YINN,YINN,-21974000.0,24.42,0.0072,-30644000.0,0.0,-21974000.0,-4.9713,-21974000.0,-7687000.0,DISTRIBUTION,-100.0
2017-07-14,YINN,YINN,-1277000.0,25.55,0.0463,-31921000.0,0.0,-1277000.0,-0.2237,-23251000.0,-8964000.0,BALANCED,-19.5932
2017-07-17,YINN,YINN,0.0,25.23,-0.0123,-31921000.0,0.0,0.0,0.0683,-23251000.0,-5747000.0,BALANCED,-8.2915
2017-07-18,YINN,YINN,0.0,25.12,-0.0044,-31921000.0,0.0,0.0,0.0683,-23251000.0,-5747000.0,BALANCED,-8.2915
2017-07-19,YINN,YINN,2604000.0,26.04,0.0366,-29317000.0,2604000.0,0.0,0.6394,-20647000.0,-3143000.0,BALANCED,7.985
2017-07-20,YINN,YINN,0.0,25.87,-0.0065,-29317000.0,0.0,0.0,0.0481,1327000.0,-4220000.0,BALANCED,11.2034
2017-07-21,YINN,YINN,0.0,25.79,-0.0031,-29317000.0,0.0,0.0,0.0481,2604000.0,-4220000.0,BALANCED,11.2034
2017-07-24,YINN,YINN,-2607000.0,26.07,0.0106,-31924000.0,0.0,-2607000.0,-0.5215,-3000.0,-7927000.0,BALANCED,-25.0387
2017-07-25,YINN,YINN,1295000.0,25.9,-0.0065,-30629000.0,1295000.0,0.0,0.3497,1292000.0,-6632000.0,BALANCED,20.7418
2017-07-26,YINN,YINN,0.0,26.67,0.0298,-30629000.0,0.0,0.0,0.0577,-1312000.0,-6632000.0,BALANCED,-8.5584
2017-07-27,YINN,YINN,0.0,26.39,-0.0107,-30629000.0,0.0,0.0,0.0577,-1312000.0,-6632000.0,BALANCED,-8.5584
2017-07-28,YINN,YINN,-1324000.0,26.48,0.0033,-31953000.0,0.0,-1324000.0,-0.2307,-2636000.0,-12302000.0,BALANCED,-17.7681
2017-07-31,YINN,YINN,0.0,26.7,0.0084,-31953000.0,0.0,0.0,0.0437,-29000.0,-16676000.0,BALANCED,-8.9066
2017-08-01,YINN,YINN,0.0,27.62,0.0345,-31953000.0,0.0,0.0,0.0437,-1324000.0,-20058000.0,BALANCED,-8.9066
2017-08-02,YINN,YINN,4111000.0,27.4,-0.0078,-27842000.0,4111000.0,0.0,0.9313,2787000.0,-15947000.0,BALANCED,35.2814
2017-08-03,YINN,YINN,-2727000.0,27.27,-0.005,-30569000.0,0.0,-2727000.0,-0.5661,60000.0,-21899000.0,BALANCED,-6.1529
2017-08-04,YINN,YINN,0.0,27.24,-0.0009,-30569000.0,0.0,0.0,0.0406,1384000.0,-21899000.0,BALANCED,11.0145
2017-08-07,YINN,YINN,0.0,27.54,0.0111,-30569000.0,0.0,0.0,0.0488,1384000.0,-21899000.0,BALANCED,11.2202
2017-08-08,YINN,YINN,0.0,28.14,0.0215,-30569000.0,0.0,0.0,0.0488,1384000.0,-21899000.0,BALANCED,11.2202
2017-08-09,YINN,YINN,0.0,27.47,-0.0236,-30569000.0,0.0,0.0,0.0488,-2727000.0,-21899000.0,BALANCED,-8.7798
2017-08-10,YINN,YINN,-2511000.0,25.11,-0.086,-33080000.0,0.0,-2511000.0,-0.4899,-2511000.0,-2436000.0,BALANCED,-24.2472
2017-08-11,YINN,YINN,-1262000.0,25.23,0.0048,-34342000.0,0.0,-1262000.0,-0.1746,-3773000.0,-2421000.0,BALANCED,-18.3646
2017-08-14,YINN,YINN,0.0,25.9,0.0265,-34342000.0,0.0,0.0,0.1468,-3773000.0,-2421000.0,BALANCED,-6.3299
2017-08-15,YINN,YINN,0.0,25.71,-0.0072,-34342000.0,0.0,0.0,0.1755,-3773000.0,-2421000.0,BALANCED,-5.6133
2017-08-16,YINN,YINN,0.0,26.88,0.0455,-34342000.0,0.0,0.0,0.1755,-3773000.0,-5025000.0,BALANCED,-5.6133
2017-08-17,YINN,YINN,2537000.0,25.37,-0.0563,-31805000.0,2537000.0,0.0,0.7795,1275000.0,-2488000.0,BALANCED,31.4875
2017-08-18,YINN,YINN,0.0,25.53,0.0062,-31805000.0,0.0,0.0,0.1817,2537000.0,-2488000.0,BALANCED,14.5427
2017-08-21,YINN,YINN,0.0,26.38,0.0335,-31805000.0,0.0,0.0,0.1817,2537000.0,119000.0,BALANCED,14.5427
2017-08-22,YINN,YINN,0.0,27.59,0.0458,-31805000.0,0.0,0.0,0.1817,2537000.0,-1176000.0,BALANCED,14.5427
2017-08-23,YINN,YINN,-2801000.0,28.01,0.0152,-34606000.0,0.0,-2801000.0,-0.4549,-264000.0,-3977000.0,BALANCED,-23.3717
2017-08-24,YINN,YINN,0.0,28.32,0.011,-34606000.0,0.0,0.0,0.0885,-2801000.0,-3977000.0,BALANCED,-7.7884
2017-08-25,YINN,YINN,0.0,29.68,0.0481,-34606000.0,0.0,0.0,0.0606,-2801000.0,-2653000.0,BALANCED,-8.4853
2017-08-28,YINN,YINN,2972000.0,29.72,0.0013,-31634000.0,2972000.0,0.0,1.8755,171000.0,319000.0,ACCUMULATION,58.8875
2017-08-29,YINN,YINN,0.0,29.8,0.0027,-31634000.0,0.0,0.0,-0.0061,171000.0,319000.0,BALANCED,9.8486
2017-08-30,YINN,YINN,0.0,29.8,-0.0001,-31634000.0,0.0,0.0,0.0514,2972000.0,-3792000.0,BALANCED,11.2858
2017-08-31,YINN,YINN,0.0,29.73,-0.0021,-31634000.0,0.0,0.0,0.0514,2972000.0,-1065000.0,BALANCED,11.2858
2017-09-01,YINN,YINN,0.0,29.77,0.0011,-31634000.0,0.0,0.0,0.0514,2972000.0,-1065000.0,BALANCED,11.2858
2017-09-05,YINN,YINN,0.0,28.53,-0.0414,-31634000.0,0.0,0.0,-0.0068,0.0,-1065000.0,BALANCED,-0.1698
2017-09-06,YINN,YINN,2889000.0,28.89,0.0123,-28745000.0,2889000.0,0.0,1.883,2889000.0,1824000.0,ACCUMULATION,59.0744
2017-09-07,YINN,YINN,1458000.0,29.16,0.0095,-27287000.0,1458000.0,0.0,0.8846,4347000.0,3282000.0,BALANCED,36.115
2017-09-08,YINN,YINN,0.0,28.8,-0.0125,-27287000.0,0.0,0.0,-0.0732,4347000.0,5793000.0,BALANCED,8.1705
2017-09-11,YINN,YINN,0.0,30.25,0.0505,-27287000.0,0.0,0.0,-0.1038,4347000.0,7055000.0,BALANCED,7.4047
2017-09-12,YINN,YINN,1498000.0,29.96,-0.0095,-25789000.0,1498000.0,0.0,0.8516,5845000.0,8553000.0,BALANCED,33.291
2017-09-13,YINN,YINN,0.0,29.33,-0.021,-25789000.0,0.0,0.0,-0.1354,2956000.0,8553000.0,BALANCED,6.6155
2017-09-14,YINN,YINN,0.0,29.19,-0.0048,-25789000.0,0.0,0.0,-0.0516,1498000.0,8553000.0,BALANCED,8.7102
2017-09-15,YINN,YINN,2984000.0,29.84,0.0223,-22805000.0,2984000.0,0.0,2.0626,4482000.0,9000000.0,ACCUMULATION,63.5657
2017-09-18,YINN,YINN,0.0,30.81,0.0324,-22805000.0,0.0,0.0,-0.1959,4482000.0,9000000.0,BALANCED,5.103
2017-09-19,YINN,YINN,0.0,30.93,0.004,-22805000.0,0.0,0.0,-0.1959,2984000.0,9000000.0,BALANCED,5.103
2017-09-20,YINN,YINN,-3110000.0,31.1,0.0053,-25915000.0,0.0,-3110000.0,-2.2406,-126000.0,5890000.0,DISTRIBUTION,-68.0157
2017-09-21,YINN,YINN,0.0,31.32,0.0073,-25915000.0,0.0,0.0,-0.1065,-126000.0,8691000.0,BALANCED,-12.6614
2017-09-22,YINN,YINN,-3030000.0,30.3,-0.0328,-28945000.0,0.0,-3030000.0,-2.1223,-6140000.0,5661000.0,DISTRIBUTION,-65.0577
2017-09-25,YINN,YINN,-1393000.0,27.87,-0.0802,-30338000.0,0.0,-1393000.0,-1.0196,-7533000.0,4268000.0,BALANCED,-39.4911
2017-09-26,YINN,YINN,2854000.0,28.54,0.0241,-27484000.0,2854000.0,0.0,1.665,-4679000.0,4150000.0,ACCUMULATION,33.6244
2017-09-27,YINN,YINN,1443000.0,28.85,0.0109,-26041000.0,1443000.0,0.0,0.7328,-126000.0,5593000.0,BALANCED,12.32
2017-09-28,YINN,YINN,4218000.0,28.12,-0.0254,-21823000.0,4218000.0,0.0,2.1778,4092000.0,9811000.0,ACCUMULATION,70.4458
2017-09-29,YINN,YINN,0.0,29.1,0.035,-21823000.0,0.0,0.0,-0.1957,7122000.0,9811000.0,BALANCED,5.1063
2017-10-02,YINN,YINN,1469000.0,29.38,0.0095,-20354000.0,1469000.0,0.0,0.6355,9984000.0,11280000.0,BALANCED,27.8869
2017-10-03,YINN,YINN,0.0,32.07,0.0916,-20354000.0,0.0,0.0,-0.2231,7130000.0,11280000.0,BALANCED,4.4229
2017-10-04,YINN,YINN,0.0,32.3,0.0072,-20354000.0,0.0,0.0,-0.2231,5687000.0,8391000.0,BALANCED,4.4229
2017-10-05,YINN,YINN,-1692000.0,33.85,0.0479,-22046000.0,0.0,-1692000.0,-1.2786,-223000.0,5241000.0,BALANCED,-43.9645
2017-10-06,YINN,YINN,0.0,32.63,-0.0358,-22046000.0,0.0,0.0,-0.2536,-223000.0,5241000.0,BALANCED,-16.3404
2017-10-09,YINN,YINN,0.0,32.23,-0.0125,-22046000.0,0.0,0.0,-0.2536,-1692000.0,5241000.0,BALANCED,-16.3404
2017-10-10,YINN,YINN,1654000.0,33.07,0.0262,-20392000.0,1654000.0,0.0,0.801,-38000.0,5397000.0,BALANCED,12.0241
2017-10-11,YINN,YINN,0.0,32.68,-0.0118,-20392000.0,0.0,0.0,-0.2346,-38000.0,5397000.0,BALANCED,-15.8656
2017-10-12,YINN,YINN,0.0,32.72,0.0012,-20392000.0,0.0,0.0,-0.2346,1654000.0,5397000.0,BALANCED,4.1344
2017-10-13,YINN,YINN,0.0,33.48,0.0234,-20392000.0,0.0,0.0,-0.2346,1654000.0,2413000.0,BALANCED,4.1344
2017-10-16,YINN,YINN,1682000.0,33.63,0.0044,-18710000.0,1682000.0,0.0,0.7757,3336000.0,4095000.0,BALANCED,31.3925
2017-10-17,YINN,YINN,0.0,33.02,-0.0182,-18710000.0,0.0,0.0,-0.2671,1682000.0,4095000.0,BALANCED,3.323
2017-10-18,YINN,YINN,0.0,33.99,0.0293,-18710000.0,0.0,0.0,-0.2164,1682000.0,7205000.0,BALANCED,4.591
2017-10-19,YINN,YINN,0.0,31.99,-0.0588,-18710000.0,0.0,0.0,-0.1866,1682000.0,7205000.0,BALANCED,5.3356
2017-10-20,YINN,YINN,1660000.0,33.2,0.038,-17050000.0,1660000.0,0.0,0.85,3342000.0,11895000.0,BALANCED,33.2496
2017-10-23,YINN,YINN,3206000.0,32.06,-0.0345,-13844000.0,3206000.0,0.0,1.6864,4866000.0,16494000.0,ACCUMULATION,56.1607
2017-10-24,YINN,YINN,0.0,32.1,0.0012,-13844000.0,0.0,0.0,-0.245,4866000.0,13640000.0,BALANCED,3.8744
2017-10-25,YINN,YINN,-1612000.0,32.24,0.0045,-15456000.0,0.0,-1612000.0,-1.1752,3254000.0,10585000.0,BALANCED,-21.3793
2017-10-26,YINN,YINN,-1609000.0,32.18,-0.002,-17065000.0,0.0,-1609000.0,-1.1164,1645000.0,4758000.0,BALANCED,-21.9088
2017-10-27,YINN,YINN,-1695000.0,33.9,0.0537,-18760000.0,0.0,-1695000.0,-1.1021,-1710000.0,3063000.0,BALANCED,-43.5517
2017-10-30,YINN,YINN,-3232000.0,32.32,-0.0465,-21992000.0,0.0,-3232000.0,-1.8407,-8148000.0,-1638000.0,DISTRIBUTION,-64.0167
2017-10-31,YINN,YINN,0.0,32.66,0.0104,-21992000.0,0.0,0.0,-0.0153,-8148000.0,-1638000.0,BALANCED,-10.3826
2017-11-01,YINN,YINN,1665000.0,33.3,0.0195,-20327000.0,1665000.0,0.0,0.8741,-4871000.0,27000.0,BALANCED,13.8522
2017-11-02,YINN,YINN,0.0,33.77,0.0142,-20327000.0,0.0,0.0,-0.1101,-3262000.0,1719000.0,BALANCED,-12.7526
2017-11-03,YINN,YINN,-1670000.0,33.39,-0.0112,-21997000.0,0.0,-1670000.0,-1.1744,-3237000.0,49000.0,BALANCED,-41.3592
2017-11-06,YINN,YINN,0.0,33.76,0.0109,-21997000.0,0.0,0.0,-0.1748,-5000.0,49000.0,BALANCED,-14.3694
2017-11-07,YINN,YINN,0.0,34.34,0.0173,-21997000.0,0.0,0.0,-0.1207,-5000.0,-1605000.0,BALANCED,-13.0182
2017-11-08,YINN,YINN,0.0,34.49,0.0044,-21997000.0,0.0,0.0,-0.0901,-1670000.0,-1605000.0,BALANCED,-12.2521
2017-11-09,YINN,YINN,0.0,34.6,0.0031,-21997000.0,0.0,0.0,0.0045,-1670000.0,-1605000.0,BALANCED,-9.8869
2017-11-10,YINN,YINN,0.0,35.21,0.0177,-21997000.0,0.0,0.0,0.0045,0.0,-1605000.0,BALANCED,0.1131
2017-11-13,YINN,YINN,0.0,34.85,-0.0103,-21997000.0,0.0,0.0,0.0438,0.0,-3287000.0,BALANCED,1.0938
2017-11-14,YINN,YINN,0.0,33.65,-0.0346,-21997000.0,0.0,0.0,0.0438,0.0,-3287000.0,BALANCED,1.0938
2017-11-15,YINN,YINN,0.0,32.41,-0.0369,-21997000.0,0.0,0.0,0.0438,0.0,-3287000.0,BALANCED,1.0938
2017-11-16,YINN,YINN,1711000.0,34.23,0.0562,-20286000.0,1711000.0,0.0,1.3193,1711000.0,-1576000.0,BALANCED,44.9819
2017-11-17,YINN,YINN,-1687000.0,33.74,-0.0144,-21973000.0,0.0,-1687000.0,-1.3072,24000.0,-4923000.0,BALANCED,-24.6798
2017-11-20,YINN,YINN,0.0,34.78,0.0309,-21973000.0,0.0,0.0,-0.0019,24000.0,-8129000.0,BALANCED,9.9529
2017-11-21,YINN,YINN,0.0,37.57,0.0804,-21973000.0,0.0,0.0,0.042,24000.0,-8129000.0,BALANCED,11.0504
2017-11-22,YINN,YINN,0.0,37.78,0.0054,-21973000.0,0.0,0.0,0.042,24000.0,-6517000.0,BALANCED,11.0504
2017-11-24,YINN,YINN,0.0,36.88,-0.0238,-21973000.0,0.0,0.0,0.042,-1687000.0,-4908000.0,BALANCED,-8.9496
2017-11-27,YINN,YINN,0.0,35.1,-0.0483,-21973000.0,0.0,0.0,0.042,0.0,-3213000.0,BALANCED,1.0504
2017-11-28,YINN,YINN,0.0,35.96,0.0247,-21973000.0,0.0,0.0,0.0898,0.0,19000.0,BALANCED,2.2456
2017-11-29,YINN,YINN,5078000.0,33.85,-0.0587,-16895000.0,5078000.0,0.0,3.2635,5078000.0,5097000.0,ACCUMULATION,93.5866
2017-11-30,YINN,YINN,1642000.0,32.85,-0.0297,-15253000.0,1642000.0,0.0,0.976,6720000.0,5074000.0,BALANCED,38.401
2017-12-01,YINN,YINN,0.0,32.07,-0.0236,-15253000.0,0.0,0.0,-0.0737,6720000.0,5074000.0,BALANCED,8.1583
2017-12-04,YINN,YINN,3215000.0,32.15,0.0025,-12038000.0,3215000.0,0.0,1.8573,9935000.0,9959000.0,ACCUMULATION,58.432
2017-12-05,YINN,YINN,3221000.0,32.21,0.0019,-8817000.0,3221000.0,0.0,1.8595,13156000.0,13180000.0,ACCUMULATION,60.4886
2017-12-06,YINN,YINN,0.0,30.06,-0.0668,-8817000.0,0.0,0.0,-0.102,8078000.0,13180000.0,BALANCED,7.4488
2017-12-07,YINN,YINN,1496000.0,29.92,-0.0048,-7321000.0,1496000.0,0.0,0.7543,7932000.0,14676000.0,BALANCED,30.8572
2017-12-08,YINN,YINN,4712000.0,31.41,0.05,-2609000.0,4712000.0,0.0,2.3838,12644000.0,19388000.0,ACCUMULATION,73.5944
2017-12-11,YINN,YINN,-4833000.0,32.22,0.0256,-7442000.0,0.0,-4833000.0,-2.6221,4596000.0,14555000.0,DISTRIBUTION,-57.5528
2017-12-12,YINN,YINN,0.0,31.2,-0.0314,-7442000.0,0.0,0.0,-0.2595,1375000.0,14555000.0,BALANCED,3.5116
2017-12-13,YINN,YINN,3324000.0,33.24,0.0653,-4118000.0,3324000.0,0.0,1.409,4699000.0,17879000.0,BALANCED,47.2247
2017-12-14,YINN,YINN,1616000.0,32.31,-0.0279,-2502000.0,1616000.0,0.0,0.528,4819000.0,19495000.0,BALANCED,27.1995
2017-12-15,YINN,YINN,-7940000.0,31.76,-0.0172,-10442000.0,0.0,-7940000.0,-3.3285,-7833000.0,9844000.0,DISTRIBUTION,-95.2128
2017-12-18,YINN,YINN,0.0,32.24,0.015,-10442000.0,0.0,0.0,-0.1568,-3000000.0,11531000.0,BALANCED,-13.9196
2017-12-19,YINN,YINN,1583000.0,31.65,-0.0065,-8859000.0,1583000.0,0.0,0.4645,-1417000.0,13114000.0,BALANCED,3.6129
2017-12-20,YINN,YINN,0.0,31.4,-0.0079,-8859000.0,0.0,0.0,-0.1777,-4741000.0,13114000.0,BALANCED,-14.4414
2017-12-21,YINN,YINN,0.0,33.13,0.0551,-8859000.0,0.0,0.0,-0.1777,-6357000.0,13114000.0,BALANCED,-14.4414
2017-12-22,YINN,YINN,3371000.0,33.71,0.0173,-5488000.0,3371000.0,0.0,1.119,4954000.0,16485000.0,BALANCED,39.9761
2017-12-26,YINN,YINN,-3371000.0,33.71,-0.0,-8859000.0,0.0,-3371000.0,-1.4542,1583000.0,13114000.0,BALANCED,-28.3556
2017-12-27,YINN,YINN,0.0,33.07,-0.0189,-8859000.0,0.0,0.0,-0.1672,0.0,13114000.0,BALANCED,-4.18
2017-12-28,YINN,YINN,-1694000.0,33.89,0.0249,-10553000.0,0.0,-1694000.0,-0.7841,-1694000.0,6342000.0,BALANCED,-31.6013
2017-12-29,YINN,YINN,0.0,34.1,0.0063,-10553000.0,0.0,0.0,-0.1441,-1694000.0,4700000.0,BALANCED,-13.6027
2018-01-02,YINN,YINN,-3765000.0,37.65,0.1039,-14318000.0,0.0,-3765000.0,-1.447,-8830000.0,935000.0,BALANCED,-48.1745
2018-01-03,YINN,YINN,-7723000.0,38.61,0.0257,-22041000.0,0.0,-7723000.0,-2.5044,-13182000.0,-10003000.0,DISTRIBUTION,-76.6099
2018-01-04,YINN,YINN,-3900000.0,39.0,0.0099,-25941000.0,0.0,-3900000.0,-1.1908,-17082000.0,-17124000.0,BALANCED,-45.7709
2018-01-05,YINN,YINN,-1974000.0,39.47,0.0122,-27915000.0,0.0,-1974000.0,-0.5582,-17362000.0,-19098000.0,BALANCED,-31.9549
2018-01-08,YINN,YINN,-3988000.0,39.88,0.0104,-31903000.0,0.0,-3988000.0,-1.1233,-21350000.0,-24582000.0,BALANCED,-48.0836
2018-01-09,YINN,YINN,0.0,39.54,-0.0087,-31903000.0,0.0,0.0,0.1017,-17585000.0,-29294000.0,BALANCED,-7.4581
2018-01-10,YINN,YINN,0.0,39.66,0.003,-31903000.0,0.0,0.0,0.1017,-9862000.0,-24461000.0,BALANCED,-7.4581
2018-01-11,YINN,YINN,-4048000.0,40.48,0.0209,-35951000.0,0.0,-4048000.0,-1.0775,-10010000.0,-28509000.0,BALANCED,-38.9374
2018-01-12,YINN,YINN,0.0,42.53,0.0505,-35951000.0,0.0,0.0,0.2012,-8036000.0,-31833000.0,BALANCED,-4.9707
2018-01-16,YINN,YINN,2128000.0,42.55,0.0005,-33823000.0,2128000.0,0.0,0.8663,-1920000.0,-31321000.0,BALANCED,13.6585
2018-01-17,YINN,YINN,6736000.0,44.91,0.0553,-27087000.0,6736000.0,0.0,2.071,4816000.0,-16645000.0,ACCUMULATION,65.7755
2018-01-18,YINN,YINN,-4583000.0,45.83,0.0206,-31670000.0,0.0,-4583000.0,-1.1369,233000.0,-21228000.0,BALANCED,-20.4235
2018-01-19,YINN,YINN,4811000.0,48.11,0.0497,-26859000.0,4811000.0,0.0,1.534,9092000.0,-18000000.0,ACCUMULATION,50.3496
2018-01-22,YINN,YINN,7336000.0,48.91,0.0167,-19523000.0,7336000.0,0.0,2.017,16428000.0,-10664000.0,ACCUMULATION,64.424
2018-01-23,YINN,YINN,25604000.0,51.21,0.047,6081000.0,25604000.0,0.0,4.1358,39904000.0,14940000.0,ACCUMULATION,100.0
2018-01-24,YINN,YINN,13032000.0,52.13,0.018,19113000.0,13032000.0,0.0,1.9047,46200000.0,24601000.0,ACCUMULATION,65.6175
2018-01-25,YINN,YINN,0.0,50.04,-0.04,19113000.0,0.0,0.0,-0.1388,50783000.0,27972000.0,BALANCED,6.5305
2018-01-26,YINN,YINN,-2695000.0,53.91,0.0773,16418000.0,0.0,-2695000.0,-0.5445,43277000.0,25277000.0,BALANCED,-5.6127
2018-01-29,YINN,YINN,10092000.0,50.46,-0.064,26510000.0,10092000.0,0.0,1.3707,46033000.0,37063000.0,BALANCED,46.2674
2018-01-30,YINN,YINN,9593000.0,47.96,-0.0495,36103000.0,9593000.0,0.0,1.2214,30022000.0,46656000.0,BALANCED,44.5359
2018-01-31,YINN,YINN,-9973000.0,49.87,0.0397,26130000.0,0.0,-9973000.0,-1.6209,7017000.0,40448000.0,DISTRIBUTION,-32.5229
2018-02-01,YINN,YINN,-4770000.0,47.7,-0.0434,21360000.0,0.0,-4770000.0,-0.8343,2247000.0,43401000.0,BALANCED,-14.8567
2018-02-02,YINN,YINN,0.0,45.38,-0.0488,21360000.0,0.0,0.0,-0.1441,4942000.0,47301000.0,BALANCED,6.3974
2018-02-05,YINN,YINN,-8440000.0,42.2,-0.07,12920000.0,0.0,-8440000.0,-1.2733,-13590000.0,40835000.0,BALANCED,-43.8316
2018-02-06,YINN,YINN,0.0,44.45,0.0534,12920000.0,0.0,0.0,-0.1008,-23183000.0,44823000.0,BALANCED,-12.5211
2018-02-07,YINN,YINN,-5599000.0,37.33,-0.1602,7321000.0,0.0,-5599000.0,-0.8288,-18809000.0,39224000.0,BALANCED,-32.719
2018-02-08,YINN,YINN,40803000.0,32.64,-0.1256,48124000.0,40803000.0,0.0,3.7726,26764000.0,80027000.0,ACCUMULATION,100.0
2018-02-09,YINN,YINN,6556000.0,32.78,0.0042,54680000.0,6556000.0,0.0,0.4292,33320000.0,90631000.0,BALANCED,24.7302
2018-02-12,YINN,YINN,5099000.0,33.99,0.037,59779000.0,5099000.0,0.0,0.2667,46859000.0,95730000.0,BALANCED,22.6678
2018-02-13,YINN,YINN,-1699000.0,33.99,-0.0001,58080000.0,0.0,-1699000.0,-0.3853,45160000.0,91903000.0,BALANCED,-1.6336
2018-02-14,YINN,YINN,12980000.0,37.09,0.0911,71060000.0,12980000.0,0.0,0.9689,63739000.0,98147000.0,BALANCED,36.2227
2018-02-15,YINN,YINN,11992000.0,39.97,0.0778,83052000.0,11992000.0,0.0,0.8169,34928000.0,114722000.0,BALANCED,34.4228
2018-02-16,YINN,YINN,0.0,39.98,0.0002,83052000.0,0.0,0.0,-0.3521,28372000.0,109911000.0,BALANCED,1.1987
2018-02-20,YINN,YINN,1877000.0,37.54,-0.0609,84929000.0,1877000.0,0.0,-0.1835,25150000.0,104452000.0,BALANCED,7.4134
2018-02-21,YINN,YINN,1960000.0,39.19,0.0439,86889000.0,1960000.0,0.0,-0.1966,28809000.0,80808000.0,BALANCED,9.086
2018-02-22,YINN,YINN,-7694000.0,38.47,-0.0184,79195000.0,0.0,-7694000.0,-1.0989,8135000.0,60082000.0,BALANCED,-19.4713
2018-02-23,YINN,YINN,0.0,40.64,0.0563,79195000.0,0.0,0.0,-0.357,-3857000.0,60082000.0,BALANCED,-18.9261
2018-02-26,YINN,YINN,-12661000.0,42.2,0.0385,66534000.0,0.0,-12661000.0,-1.5015,-16518000.0,50116000.0,DISTRIBUTION,-49.5364
2018-02-27,YINN,YINN,0.0,36.82,-0.1276,66534000.0,0.0,0.0,-0.319,-18395000.0,40024000.0,BALANCED,-17.9759
2018-02-28,YINN,YINN,19011000.0,34.57,-0.0611,85545000.0,19011000.0,0.0,1.3573,-1344000.0,49442000.0,BALANCED,25.9323
2018-03-01,YINN,YINN,6930000.0,34.65,0.0024,92475000.0,6930000.0,0.0,0.2658,13280000.0,66345000.0,BALANCED,20.6459
2018-03-02,YINN,YINN,3464000.0,34.64,-0.0003,95939000.0,3464000.0,0.0,-0.0721,16744000.0,74579000.0,BALANCED,14.1987
2018-03-05,YINN,YINN,0.0,34.61,-0.0007,95939000.0,0.0,0.0,-0.3726,29405000.0,74579000.0,BALANCED,0.685
2018-03-06,YINN,YINN,0.0,35.42,0.0234,95939000.0,0.0,0.0,-0.3501,29405000.0,83019000.0,BALANCED,1.247
2018-03-07,YINN,YINN,3515000.0,35.15,-0.0077,99454000.0,3515000.0,0.0,0.0395,13909000.0,86534000.0,BALANCED,12.9871
2018-03-08,YINN,YINN,10664000.0,35.55,0.0113,110118000.0,10664000.0,0.0,0.7536,17643000.0,102797000.0,BALANCED,32.8397
2018-03-09,YINN,YINN,-1925000.0,38.51,0.0834,108193000.0,0.0,-1925000.0,-0.4821,12254000.0,60069000.0,BALANCED,-4.0532
2018-03-12,YINN,YINN,-15506000.0,38.76,0.0066,92687000.0,0.0,-15506000.0,-1.6939,-3252000.0,38007000.0,DISTRIBUTION,-56.3471
2018-03-13,YINN,YINN,-5569000.0,37.13,-0.0422,87118000.0,0.0,-5569000.0,-0.7122,-8821000.0,27339000.0,BALANCED,-33.8052
2018-03-14,YINN,YINN,0.0,37.77,0.0172,87118000.0,0.0,0.0,-0.161,-12336000.0,29038000.0,BALANCED,-14.0241
2018-03-15,YINN,YINN,-9615000.0,38.46,0.0184,77503000.0,0.0,-9615000.0,-1.0736,-32615000.0,6443000.0,BALANCED,-38.8397
2018-03-16,YINN,YINN,-13605000.0,38.87,0.0107,63898000.0,0.0,-13605000.0,-1.3837,-44295000.0,-19154000.0,BALANCED,-48.5926
2018-03-19,YINN,YINN,0.0,37.4,-0.0379,63898000.0,0.0,0.0,-0.1306,-28789000.0,-19154000.0,BALANCED,-13.265
2018-03-20,YINN,YINN,-11676000.0,38.92,0.0407,52222000.0,0.0,-11676000.0,-1.1834,-34896000.0,-32707000.0,BALANCED,-41.5842
2018-03-21,YINN,YINN,-5755000.0,38.37,-0.0141,46467000.0,0.0,-5755000.0,-0.6221,-40651000.0,-40422000.0,BALANCED,-29.5537
2018-03-22,YINN,YINN,-1697000.0,33.95,-0.1152,44770000.0,0.0,-1697000.0,-0.268,-32733000.0,-34425000.0,BALANCED,-22.7008
2018-03-23,YINN,YINN,0.0,31.45,-0.0736,44770000.0,0.0,0.0,0.0139,-19128000.0,-34425000.0,BALANCED,-9.6532
2018-03-26,YINN,YINN,0.0,35.08,0.1154,44770000.0,0.0,0.0,0.0415,-19128000.0,-21764000.0,BALANCED,-8.9625
2018-03-27,YINN,YINN,0.0,33.57,-0.0429,44770000.0,0.0,0.0,0.0634,-7452000.0,-21764000.0,BALANCED,-8.4155
2018-03-28,YINN,YINN,0.0,32.69,-0.0263,44770000.0,0.0,0.0,0.0562,-1697000.0,-40775000.0,BALANCED,-8.5944
2018-03-29,YINN,YINN,3392000.0,33.92,0.0374,48162000.0,3392000.0,0.0,0.553,3392000.0,-44313000.0,BALANCED,25.8255
2018-04-02,YINN,YINN,0.0,31.69,-0.0655,48162000.0,0.0,0.0,0.1633,3392000.0,-47777000.0,BALANCED,14.0833
2018-04-03,YINN,YINN,4975000.0,33.17,0.0466,53137000.0,4975000.0,0.0,0.8288,8367000.0,-42802000.0,BALANCED,32.7196
2018-04-04,YINN,YINN,0.0,33.08,-0.0027,53137000.0,0.0,0.0,0.1474,8367000.0,-42802000.0,BALANCED,13.6857
2018-04-05,YINN,YINN,1664000.0,33.29,0.0063,54801000.0,1664000.0,0.0,0.3805,10031000.0,-44653000.0,BALANCED,21.5126
2018-04-06,YINN,YINN,0.0,31.11,-0.0655,54801000.0,0.0,0.0,0.1149,6639000.0,-55317000.0,BALANCED,12.8728
2018-04-09,YINN,YINN,1612000.0,32.24,0.0364,56413000.0,1612000.0,0.0,0.3345,8251000.0,-51780000.0,BALANCED,20.3635
2018-04-10,YINN,YINN,0.0,35.29,0.0946,56413000.0,0.0,0.0,0.0502,3276000.0,-36274000.0,BALANCED,11.2545
2018-04-11,YINN,YINN,0.0,35.42,0.0036,56413000.0,0.0,0.0,0.0502,3276000.0,-30705000.0,BALANCED,11.2545
2018-04-12,YINN,YINN,-5372000.0,35.81,0.0111,51041000.0,0.0,-5372000.0,-0.7408,-3760000.0,-36077000.0,BALANCED,-30.5197
2018-04-13,YINN,YINN,-3437000.0,34.37,-0.0402,47604000.0,0.0,-3437000.0,-0.3528,-7197000.0,-29899000.0,BALANCED,-22.8189
2018-04-16,YINN,YINN,-1655000.0,33.09,-0.0373,45949000.0,0.0,-1655000.0,0.0021,-10464000.0,-17949000.0,BALANCED,-15.9478
2018-04-17,YINN,YINN,0.0,33.13,0.0011,45949000.0,0.0,0.0,0.3073,-10464000.0,-17949000.0,BALANCED,-2.3181
2018-04-18,YINN,YINN,8223000.0,32.89,-0.0072,54172000.0,8223000.0,0.0,1.6839,-2241000.0,1950000.0,ACCUMULATION,34.0963
2018-04-19,YINN,YINN,4984000.0,33.22,0.0101,59156000.0,4984000.0,0.0,1.0985,8115000.0,12689000.0,BALANCED,41.4627
2018-04-20,YINN,YINN,-1591000.0,31.81,-0.0424,57565000.0,0.0,-1591000.0,0.0304,9961000.0,12795000.0,BALANCED,8.7591
2018-04-23,YINN,YINN,0.0,31.75,-0.0021,57565000.0,0.0,0.0,0.3182,11616000.0,12795000.0,BALANCED,17.9541
2018-04-24,YINN,YINN,3293000.0,32.93,0.0374,60858000.0,3293000.0,0.0,0.9283,14909000.0,16088000.0,BALANCED,35.207
2018-04-25,YINN,YINN,-8027000.0,32.11,-0.025,52831000.0,0.0,-8027000.0,-1.4365,-1341000.0,8061000.0,BALANCED,-47.9131
2018-04-26,YINN,YINN,1627000.0,32.54,0.0134,54458000.0,1627000.0,0.0,0.564,-4698000.0,9688000.0,BALANCED,6.1009
2018-04-27,YINN,YINN,1635000.0,32.69,0.0047,56093000.0,1635000.0,0.0,0.5152,-1472000.0,7931000.0,BALANCED,6.8791
2018-04-30,YINN,YINN,6563000.0,32.82,0.0037,62656000.0,6563000.0,0.0,1.6302,5091000.0,14494000.0,ACCUMULATION,56.7551
2018-05-01,YINN,YINN,0.0,32.71,-0.0033,62656000.0,0.0,0.0,0.0102,1798000.0,9519000.0,BALANCED,10.2555
2018-05-02,YINN,YINN,1622000.0,32.43,-0.0084,64278000.0,1622000.0,0.0,0.3577,11447000.0,11141000.0,BALANCED,20.9418
2018-05-03,YINN,YINN,3180000.0,31.8,-0.0194,67458000.0,3180000.0,0.0,0.7653,13000000.0,12657000.0,BALANCED,33.1319
2018-05-04,YINN,YINN,0.0,31.97,0.0054,67458000.0,0.0,0.0,-0.2354,11365000.0,12657000.0,BALANCED,4.1146
2018-05-07,YINN,YINN,0.0,31.46,-0.0162,67458000.0,0.0,0.0,-0.2354,4802000.0,11045000.0,BALANCED,4.1146
2018-05-08,YINN,YINN,0.0,32.84,0.0439,67458000.0,0.0,0.0,-0.2354,4802000.0,11045000.0,BALANCED,4.1146
2018-05-09,YINN,YINN,0.0,33.78,0.0286,67458000.0,0.0,0.0,-0.2354,3180000.0,11045000.0,BALANCED,4.1146
2018-05-10,YINN,YINN,-3505000.0,35.05,0.0377,63953000.0,0.0,-3505000.0,-1.2546,-3505000.0,12912000.0,BALANCED,-43.3652
2018-05-11,YINN,YINN,-3534000.0,35.34,0.0083,60419000.0,0.0,-3534000.0,-1.1783,-7039000.0,12815000.0,BALANCED,-43.4563
2018-05-14,YINN,YINN,-3636000.0,36.36,0.029,56783000.0,0.0,-3636000.0,-1.1451,-10675000.0,10834000.0,BALANCED,-44.6268
2018-05-15,YINN,YINN,0.0,34.52,-0.0507,56783000.0,0.0,0.0,-0.0367,-10675000.0,10834000.0,BALANCED,-10.9179
2018-05-16,YINN,YINN,0.0,36.23,0.0494,56783000.0,0.0,0.0,-0.0367,-10675000.0,2611000.0,BALANCED,-10.9179
2018-05-17,YINN,YINN,0.0,34.41,-0.0502,56783000.0,0.0,0.0,-0.02,-7170000.0,-2373000.0,BALANCED,-10.5009
2018-05-18,YINN,YINN,0.0,34.61,0.0058,56783000.0,0.0,0.0,-0.02,-3636000.0,-782000.0,BALANCED,-10.5009
2018-05-21,YINN,YINN,3545000.0,35.45,0.0243,60328000.0,3545000.0,0.0,1.0202,3545000.0,2763000.0,BALANCED,37.5044
2018-05-22,YINN,YINN,0.0,34.89,-0.0157,60328000.0,0.0,0.0,-0.039,3545000.0,-530000.0,BALANCED,9.0252
2018-05-23,YINN,YINN,0.0,33.75,-0.0327,60328000.0,0.0,0.0,-0.039,3545000.0,7497000.0,BALANCED,9.0252
2018-05-24,YINN,YINN,3313000.0,33.13,-0.0185,63641000.0,3313000.0,0.0,0.8962,6858000.0,9183000.0,BALANCED,34.4048
2018-05-25,YINN,YINN,0.0,32.9,-0.0069,63641000.0,0.0,0.0,-0.1699,6858000.0,7548000.0,BALANCED,5.7526
2018-05-29,YINN,YINN,4617000.0,30.78,-0.0644,68258000.0,4617000.0,0.0,1.209,7930000.0,5602000.0,BALANCED,42.2247
2018-05-30,YINN,YINN,3119000.0,31.19,0.0135,71377000.0,3119000.0,0.0,0.7034,11049000.0,8721000.0,BALANCED,31.584
2018-05-31,YINN,YINN,12783000.0,31.96,0.0244,84160000.0,12783000.0,0.0,3.214,23832000.0,19882000.0,ACCUMULATION,96.3509
2018-06-01,YINN,YINN,-6627000.0,33.13,0.0368,77533000.0,0.0,-6627000.0,-1.8854,13892000.0,10075000.0,DISTRIBUTION,-39.1343
2018-06-04,YINN,YINN,-5187000.0,34.58,0.0436,72346000.0,0.0,-5187000.0,-1.4324,8705000.0,4888000.0,BALANCED,-29.8105
2018-06-05,YINN,YINN,-5215000.0,34.77,0.0055,67131000.0,0.0,-5215000.0,-1.3499,-1127000.0,-327000.0,BALANCED,-49.7473
2018-06-06,YINN,YINN,0.0,36.31,0.0442,67131000.0,0.0,0.0,-0.0515,-4246000.0,-327000.0,BALANCED,-11.2872
2018-06-07,YINN,YINN,-5345000.0,35.63,-0.0186,61786000.0,0.0,-5345000.0,-1.4471,-22374000.0,-5672000.0,BALANCED,-48.1784
2018-06-08,YINN,YINN,-8760000.0,35.04,-0.0165,53026000.0,0.0,-8760000.0,-2.0619,-24507000.0,-10927000.0,DISTRIBUTION,-65.5486
2018-06-11,YINN,YINN,-5193000.0,34.62,-0.012,47833000.0,0.0,-5193000.0,-1.1398,-24513000.0,-12586000.0,BALANCED,-44.4953
2018-06-12,YINN,YINN,0.0,34.49,-0.0039,47833000.0,0.0,0.0,0.12,-19298000.0,-8950000.0,BALANCED,-7.0001
2018-06-13,YINN,YINN,0.0,32.89,-0.0464,47833000.0,0.0,0.0,0.12,-19298000.0,-8950000.0,BALANCED,-7.0001
2018-06-14,YINN,YINN,0.0,32.57,-0.0097,47833000.0,0.0,0.0,0.1337,-13953000.0,-8950000.0,BALANCED,-6.6571
2018-06-15,YINN,YINN,0.0,32.01,-0.017,47833000.0,0.0,0.0,0.1619,-5193000.0,-8950000.0,BALANCED,-5.9524
2018-06-18,YINN,YINN,3086000.0,30.86,-0.0361,50919000.0,3086000.0,0.0,0.8879,3086000.0,-5864000.0,BALANCED,34.197
2018-06-19,YINN,YINN,8851000.0,29.5,-0.0439,59770000.0,8851000.0,0.0,2.0503,11937000.0,-558000.0,ACCUMULATION,65.2582
2018-06-20,YINN,YINN,7252000.0,29.01,-0.0168,67022000.0,7252000.0,0.0,1.5631,19189000.0,6694000.0,ACCUMULATION,55.0775
2018-06-21,YINN,YINN,0.0,26.94,-0.0713,67022000.0,0.0,0.0,0.0031,19189000.0,6694000.0,BALANCED,10.0782
2018-06-22,YINN,YINN,9774000.0,27.92,0.0366,76796000.0,9774000.0,0.0,1.8962,28963000.0,13155000.0,ACCUMULATION,59.4051
2018-06-25,YINN,YINN,2612000.0,26.12,-0.0647,79408000.0,2612000.0,0.0,0.405,28489000.0,15767000.0,BALANCED,24.1262
2018-06-26,YINN,YINN,2602000.0,26.02,-0.0036,82010000.0,2602000.0,0.0,0.3646,22240000.0,13752000.0,BALANCED,25.1147
2018-06-27,YINN,YINN,3575000.0,23.83,-0.0842,85585000.0,3575000.0,0.0,0.5388,18563000.0,14208000.0,BALANCED,31.4707
2018-06-28,YINN,YINN,11006000.0,24.46,0.0263,96591000.0,11006000.0,0.0,1.8676,29569000.0,12431000.0,ACCUMULATION,66.6892
2018-06-29,YINN,YINN,0.0,25.5,0.0427,96591000.0,0.0,0.0,-0.256,19795000.0,19058000.0,BALANCED,3.5992
2018-07-02,YINN,YINN,0.0,23.93,-0.0616,96591000.0,0.0,0.0,-0.256,17183000.0,24245000.0,BALANCED,3.5992
2018-07-03,YINN,YINN,-1195000.0,23.91,-0.0011,95396000.0,0.0,-1195000.0,-0.4559,13386000.0,28265000.0,BALANCED,-3.3979
2018-07-05,YINN,YINN,0.0,23.68,-0.0094,95396000.0,0.0,0.0,-0.2254,9811000.0,28265000.0,BALANCED,4.3639
2018-07-06,YINN,YINN,0.0,24.33,0.0274,95396000.0,0.0,0.0,-0.2254,-1195000.0,33610000.0,BALANCED,-15.6361
2018-07-09,YINN,YINN,5172000.0,25.86,0.0629,100568000.0,5172000.0,0.0,0.7546,3977000.0,47542000.0,BALANCED,30.866
2018-07-10,YINN,YINN,1275000.0,25.5,-0.0141,101843000.0,1275000.0,0.0,0.0003,5252000.0,54010000.0,BALANCED,14.0077
2018-07-11,YINN,YINN,1197000.0,23.95,-0.0608,103040000.0,1197000.0,0.0,0.0073,7644000.0,55207000.0,BALANCED,16.1815
2018-07-12,YINN,YINN,7582000.0,25.27,0.0553,110622000.0,7582000.0,0.0,1.1838,15226000.0,62789000.0,BALANCED,47.5942
2018-07-13,YINN,YINN,-3778000.0,25.19,-0.0033,106844000.0,0.0,-3778000.0,-0.9231,11448000.0,59011000.0,BALANCED,-15.0781
2018-07-16,YINN,YINN,0.0,24.32,-0.0344,106844000.0,0.0,0.0,-0.2073,6276000.0,59011000.0,BALANCED,4.8176
2018-07-17,YINN,YINN,0.0,24.2,-0.0051,106844000.0,0.0,0.0,-0.2515,5001000.0,55925000.0,BALANCED,3.7126
2018-07-18,YINN,YINN,4777000.0,23.89,-0.0129,111621000.0,4777000.0,0.0,0.7394,8581000.0,51851000.0,BALANCED,30.4842
2018-07-19,YINN,YINN,7907000.0,22.59,-0.0542,119528000.0,7907000.0,0.0,1.3404,8906000.0,52506000.0,BALANCED,47.5094
2018-07-20,YINN,YINN,0.0,24.2,0.0712,119528000.0,0.0,0.0,-0.4363,12684000.0,52506000.0,BALANCED,-0.9073
2018-07-23,YINN,YINN,0.0,24.02,-0.0073,119528000.0,0.0,0.0,-0.5619,12684000.0,42732000.0,BALANCED,-4.047
2018-07-24,YINN,YINN,0.0,26.37,0.0977,119528000.0,0.0,0.0,-0.6431,12684000.0,40120000.0,BALANCED,-6.0772
2018-07-25,YINN,YINN,-5498000.0,27.49,0.0424,114030000.0,0.0,-5498000.0,-1.943,2409000.0,32020000.0,DISTRIBUTION,-40.5747
2018-07-26,YINN,YINN,-5181000.0,25.9,-0.0577,108849000.0,0.0,-5181000.0,-1.7293,-10679000.0,23264000.0,DISTRIBUTION,-57.2322
2018-07-27,YINN,YINN,-2587000.0,25.87,-0.0012,106262000.0,0.0,-2587000.0,-1.069,-13266000.0,9671000.0,BALANCED,-42.7259
2018-07-30,YINN,YINN,0.0,25.65,-0.0084,106262000.0,0.0,0.0,-0.4592,-13266000.0,9671000.0,BALANCED,-21.4788
2018-07-31,YINN,YINN,-3930000.0,26.2,0.0213,102332000.0,0.0,-3930000.0,-1.292,-17196000.0,5741000.0,BALANCED,-44.2989
2018-08-01,YINN,YINN,0.0,24.45,-0.0669,102332000.0,0.0,0.0,-0.3407,-11698000.0,6936000.0,BALANCED,-18.5182
2018-08-02,YINN,YINN,2352000.0,23.52,-0.0382,104684000.0,2352000.0,0.0,0.2727,-4165000.0,9288000.0,BALANCED,-1.1817
2018-08-03,YINN,YINN,2355000.0,23.55,0.0016,107039000.0,2355000.0,0.0,0.2541,777000.0,11643000.0,BALANCED,20.3526
2018-08-06,YINN,YINN,0.0,23.16,-0.0165,107039000.0,0.0,0.0,-0.2729,777000.0,6471000.0,BALANCED,3.1767
2018-08-07,YINN,YINN,0.0,24.7,0.0664,107039000.0,0.0,0.0,-0.2499,4707000.0,5196000.0,BALANCED,3.7519
2018-08-08,YINN,YINN,1220000.0,24.41,-0.012,108259000.0,1220000.0,0.0,0.094,5927000.0,5219000.0,BALANCED,14.349
2018-08-09,YINN,YINN,5093000.0,25.47,0.0434,113352000.0,5093000.0,0.0,1.12,8668000.0,2730000.0,BALANCED,42.0011
2018-08-10,YINN,YINN,-3680000.0,24.54,-0.0365,109672000.0,0.0,-3680000.0,-1.2511,2633000.0,2828000.0,BALANCED,-23.2774
2018-08-13,YINN,YINN,0.0,23.46,-0.0437,109672000.0,0.0,0.0,-0.1325,2633000.0,2828000.0,BALANCED,6.6866
2018-08-14,YINN,YINN,0.0,23.31,-0.0066,109672000.0,0.0,0.0,-0.1325,2633000.0,2828000.0,BALANCED,6.6866
2018-08-15,YINN,YINN,3129000.0,20.86,-0.105,112801000.0,3129000.0,0.0,0.7699,4542000.0,1180000.0,BALANCED,31.2471
2018-08-16,YINN,YINN,33262000.0,21.46,0.0286,146063000.0,33262000.0,0.0,4.6297,32711000.0,26535000.0,ACCUMULATION,100.0
2018-08-17,YINN,YINN,-2230000.0,22.3,0.039,143833000.0,0.0,-2230000.0,-0.5612,34161000.0,24305000.0,BALANCED,-6.0296
2018-08-20,YINN,YINN,0.0,22.53,0.0107,143833000.0,0.0,0.0,-0.2114,34161000.0,24305000.0,BALANCED,4.716
2018-08-21,YINN,YINN,0.0,23.75,0.0538,143833000.0,0.0,0.0,-0.205,34161000.0,24305000.0,BALANCED,4.8755
2018-08-22,YINN,YINN,0.0,24.25,0.021,143833000.0,0.0,0.0,-0.199,31032000.0,29803000.0,BALANCED,5.025
2018-08-23,YINN,YINN,0.0,22.98,-0.0521,143833000.0,0.0,0.0,-0.1644,-2230000.0,34984000.0,BALANCED,-14.1096
2018-08-24,YINN,YINN,-10795000.0,23.99,0.0438,133038000.0,0.0,-10795000.0,-1.6608,-10795000.0,26776000.0,DISTRIBUTION,-53.5205
2018-08-27,YINN,YINN,-3788000.0,25.25,0.0526,129250000.0,0.0,-3788000.0,-0.6409,-14583000.0,22988000.0,BALANCED,-30.0229
2018-08-28,YINN,YINN,-3732000.0,24.88,-0.0147,125518000.0,0.0,-3732000.0,-0.6114,-18315000.0,23186000.0,BALANCED,-31.2856
2018-08-29,YINN,YINN,-5121000.0,25.6,0.029,120397000.0,0.0,-5121000.0,-0.7569,-23436000.0,18065000.0,BALANCED,-36.9232
2018-08-30,YINN,YINN,-2338000.0,23.38,-0.0869,118059000.0,0.0,-2338000.0,-0.3261,-25774000.0,13375000.0,BALANCED,-28.1528
2018-08-31,YINN,YINN,0.0,23.51,0.0057,118059000.0,0.0,0.0,0.007,-14979000.0,11020000.0,BALANCED,-9.8256
2018-09-04,YINN,YINN,3451000.0,23.01,-0.0214,121510000.0,3451000.0,0.0,0.4803,-7740000.0,14471000.0,BALANCED,4.0063
2018-09-05,YINN,YINN,0.0,21.69,-0.0572,121510000.0,0.0,0.0,-0.0094,-4008000.0,14471000.0,BALANCED,-10.2343
2018-09-06,YINN,YINN,2183000.0,21.83,0.0064,123693000.0,2183000.0,0.0,0.2667,3296000.0,15434000.0,BALANCED,18.6667
2018-09-07,YINN,YINN,0.0,21.08,-0.0346,123693000.0,0.0,0.0,-0.0717,5634000.0,10341000.0,BALANCED,8.2075
2018-09-10,YINN,YINN,8194000.0,20.48,-0.028,131887000.0,8194000.0,0.0,1.0463,13828000.0,22215000.0,BALANCED,38.1581
2018-09-11,YINN,YINN,6080000.0,20.27,-0.0105,137967000.0,6080000.0,0.0,0.7098,16457000.0,28295000.0,BALANCED,31.7449
2018-09-12,YINN,YINN,0.0,20.81,0.0266,137967000.0,0.0,0.0,-0.1693,16457000.0,28295000.0,BALANCED,5.7683
2018-09-13,YINN,YINN,12225000.0,22.23,0.0683,150192000.0,12225000.0,0.0,1.457,26499000.0,37391000.0,BALANCED,48.4249
2018-09-14,YINN,YINN,1075000.0,21.5,-0.0329,151267000.0,1075000.0,0.0,-0.0655,27574000.0,5204000.0,BALANCED,12.3626
2018-09-17,YINN,YINN,5314000.0,21.26,-0.0111,156581000.0,5314000.0,0.0,0.5,24694000.0,12748000.0,BALANCED,28.4988
2018-09-18,YINN,YINN,0.0,22.39,0.0531,156581000.0,0.0,0.0,-0.2254,18614000.0,12748000.0,BALANCED,4.3645
2018-09-19,YINN,YINN,-8245000.0,23.56,0.0522,148336000.0,0.0,-8245000.0,-1.2758,10369000.0,4503000.0,BALANCED,-23.8954
2018-09-20,YINN,YINN,-4794000.0,23.97,0.0175,143542000.0,0.0,-4794000.0,-0.7829,-6650000.0,-291000.0,BALANCED,-33.5734
2018-09-21,YINN,YINN,-13480000.0,24.51,0.0226,130062000.0,0.0,-13480000.0,-1.7461,-21205000.0,-13771000.0,DISTRIBUTION,-59.6526
2018-09-24,YINN,YINN,-14212000.0,23.69,-0.0336,115850000.0,0.0,-14212000.0,-1.7063,-40731000.0,-17188000.0,DISTRIBUTION,-60.657
2018-09-25,YINN,YINN,1194000.0,23.88,0.0138,117044000.0,1194000.0,0.0,0.1122,-39537000.0,-12206000.0,BALANCED,-5.1951
2018-09-26,YINN,YINN,-3629000.0,24.19,0.0131,113415000.0,0.0,-3629000.0,-0.4426,-34921000.0,-12103000.0,BALANCED,-23.0649
2018-09-27,YINN,YINN,-7262000.0,24.21,0.0005,106153000.0,0.0,-7262000.0,-0.8219,-37389000.0,-14244000.0,BALANCED,-34.5472
2018-09-28,YINN,YINN,-3573000.0,23.82,-0.0159,102580000.0,0.0,-3573000.0,-0.3666,-27482000.0,-15479000.0,BALANCED,-25.1662
2018-10-01,YINN,YINN,0.0,24.15,0.0138,102580000.0,0.0,0.0,0.2373,-13270000.0,-15479000.0,BALANCED,-4.0686
2018-10-02,YINN,YINN,0.0,22.4,-0.0727,102580000.0,0.0,0.0,0.2373,-14464000.0,-18930000.0,BALANCED,-4.0686
2018-10-03,YINN,YINN,0.0,22.01,-0.0173,102580000.0,0.0,0.0,0.2373,-10835000.0,-18930000.0,BALANCED,-4.0686
2018-10-04,YINN,YINN,6117000.0,20.39,-0.0735,108697000.0,6117000.0,0.0,1.2246,2544000.0,-14996000.0,BALANCED,42.6156
2018-10-05,YINN,YINN,0.0,20.64,0.012,108697000.0,0.0,0.0,0.1968,6117000.0,-14996000.0,BALANCED,14.9199
2018-10-08,YINN,YINN,5044000.0,20.18,-0.0222,113741000.0,5044000.0,0.0,0.986,11161000.0,-18146000.0,BALANCED,36.6503
2018-10-09,YINN,YINN,14049000.0,20.07,-0.0054,127790000.0,14049000.0,0.0,2.2289,25210000.0,-10177000.0,ACCUMULATION,69.722
2018-10-10,YINN,YINN,0.0,18.45,-0.0809,127790000.0,0.0,0.0,-0.012,25210000.0,-10177000.0,BALANCED,9.6988
2018-10-11,YINN,YINN,26030000.0,17.95,-0.0268,153820000.0,26030000.0,0.0,3.1979,45123000.0,3628000.0,ACCUMULATION,91.9483
2018-10-12,YINN,YINN,-1933000.0,19.33,0.077,151887000.0,0.0,-1933000.0,-0.3931,43190000.0,620000.0,BALANCED,-1.828
2018-10-15,YINN,YINN,6472000.0,18.49,-0.0436,158359000.0,6472000.0,0.0,0.654,44618000.0,1778000.0,BALANCED,28.3489
2018-10-16,YINN,YINN,0.0,19.51,0.0552,158359000.0,0.0,0.0,-0.1568,30569000.0,1778000.0,BALANCED,6.0812
2018-10-17,YINN,YINN,0.0,18.8,-0.0367,158359000.0,0.0,0.0,-0.1568,30569000.0,10023000.0,BALANCED,6.0812
2018-10-18,YINN,YINN,18940000.0,17.22,-0.084,177299000.0,18940000.0,0.0,2.0234,23479000.0,33757000.0,ACCUMULATION,62.5857
2018-10-19,YINN,YINN,0.0,18.33,0.0646,177299000.0,0.0,0.0,-0.2108,25412000.0,47237000.0,BALANCED,4.7304
2018-10-22,YINN,YINN,18813000.0,19.8,0.0803,196112000.0,18813000.0,0.0,1.8603,37753000.0,80262000.0,ACCUMULATION,58.5086
2018-10-23,YINN,YINN,0.0,18.85,-0.0483,196112000.0,0.0,0.0,-0.2168,37753000.0,79068000.0,BALANCED,4.5791
2018-10-24,YINN,YINN,0.0,17.2,-0.0874,196112000.0,0.0,0.0,-0.2168,37753000.0,82697000.0,BALANCED,4.5791
2018-10-25,YINN,YINN,0.0,18.38,0.0687,196112000.0,0.0,0.0,-0.1753,18813000.0,89959000.0,BALANCED,5.6164
2018-10-26,YINN,YINN,0.0,17.48,-0.049,196112000.0,0.0,0.0,-0.1712,18813000.0,93532000.0,BALANCED,5.7211
2018-10-29,YINN,YINN,0.0,16.51,-0.0556,196112000.0,0.0,0.0,-0.1513,0.0,93532000.0,BALANCED,-3.7833
2018-10-30,YINN,YINN,8608000.0,17.22,0.0429,204720000.0,8608000.0,0.0,0.7955,8608000.0,102140000.0,BALANCED,31.8875
2018-10-31,YINN,YINN,0.0,17.85,0.0369,204720000.0,0.0,0.0,-0.2182,8608000.0,102140000.0,BALANCED,4.5442
2018-11-01,YINN,YINN,-1005000.0,20.1,0.1258,203715000.0,0.0,-1005000.0,-0.3526,7603000.0,95018000.0,BALANCED,-0.8153
2018-11-02,YINN,YINN,0.0,20.29,0.0097,203715000.0,0.0,0.0,-0.3055,7603000.0,95018000.0,BALANCED,2.3616
2018-11-05,YINN,YINN,-6109000.0,20.36,0.0035,197606000.0,0.0,-6109000.0,-1.1656,1494000.0,83865000.0,BALANCED,-21.1404
2018-11-06,YINN,YINN,-11198000.0,20.36,-0.0002,186408000.0,0.0,-11198000.0,-1.6905,-18312000.0,58618000.0,DISTRIBUTION,-56.2626
2018-11-07,YINN,YINN,-6481000.0,21.6,0.0611,179927000.0,0.0,-6481000.0,-1.0763,-24793000.0,52137000.0,BALANCED,-42.9078
2018-11-08,YINN,YINN,0.0,20.1,-0.0695,179927000.0,0.0,0.0,-0.3115,-23788000.0,26107000.0,BALANCED,-17.7878
2018-11-09,YINN,YINN,-2769000.0,18.46,-0.0818,177158000.0,0.0,-2769000.0,-0.6673,-26557000.0,25271000.0,BALANCED,-28.6836
2018-11-12,YINN,YINN,2695000.0,17.97,-0.0265,179853000.0,2695000.0,0.0,0.0152,-17753000.0,21494000.0,BALANCED,-7.6208
2018-11-13,YINN,YINN,953000.0,19.06,0.0605,180806000.0,953000.0,0.0,-0.2107,-5602000.0,22447000.0,BALANCED,-11.2682
2018-11-14,YINN,YINN,0.0,19.32,0.0139,180806000.0,0.0,0.0,-0.3321,879000.0,22447000.0,BALANCED,1.6974
2018-11-15,YINN,YINN,5098000.0,20.39,0.0553,185904000.0,5098000.0,0.0,0.3221,5977000.0,8605000.0,BALANCED,20.0519
2018-11-16,YINN,YINN,-5162000.0,20.65,0.0125,180742000.0,0.0,-5162000.0,-0.9511,3584000.0,3443000.0,BALANCED,-15.7777
2018-11-19,YINN,YINN,-4907000.0,19.63,-0.0494,175835000.0,0.0,-4907000.0,-0.8672,-4018000.0,-20277000.0,BALANCED,-35.6798
2018-11-20,YINN,YINN,-1871000.0,18.71,-0.0465,173964000.0,0.0,-1871000.0,-0.4402,-6842000.0,-22148000.0,BALANCED,-27.0041
2018-11-21,YINN,YINN,1976000.0,19.76,0.0557,175940000.0,1976000.0,0.0,0.0479,-4866000.0,-20172000.0,BALANCED,-6.802
2018-11-23,YINN,YINN,-2833000.0,18.89,-0.0438,173107000.0,0.0,-2833000.0,-0.5559,-12797000.0,-23005000.0,BALANCED,-25.8982
2018-11-26,YINN,YINN,-1002000.0,20.04,0.0608,172105000.0,0.0,-1002000.0,-0.2685,-8637000.0,-24007000.0,BALANCED,-20.7129
2018-11-27,YINN,YINN,-1006000.0,20.12,0.0042,171099000.0,0.0,-1006000.0,-0.2326,-4736000.0,-25013000.0,BALANCED,-21.8151
2018-11-28,YINN,YINN,-6440000.0,21.47,0.0668,164659000.0,0.0,-6440000.0,-1.0594,-9305000.0,-40061000.0,BALANCED,-44.4855
2018-11-29,YINN,YINN,2044000.0,20.44,-0.0479,166703000.0,2044000.0,0.0,0.2809,-9237000.0,-38017000.0,BALANCED,-0.9767
2018-11-30,YINN,YINN,-2128000.0,21.28,0.0414,164575000.0,0.0,-2128000.0,-0.3268,-8532000.0,-39140000.0,BALANCED,-20.1689
2018-12-03,YINN,YINN,1112000.0,22.24,0.0448,165687000.0,1112000.0,0.0,0.2871,-6418000.0,-38028000.0,BALANCED,-0.8227
2018-12-04,YINN,YINN,0.0,21.21,-0.0461,165687000.0,0.0,0.0,0.2696,-5412000.0,-31919000.0,BALANCED,-3.2601
2018-12-06,YINN,YINN,6113000.0,20.38,-0.0395,171800000.0,6113000.0,0.0,1.7404,7141000.0,-14608000.0,ACCUMULATION,55.5106
2018-12-07,YINN,YINN,0.0,19.08,-0.0635,171800000.0,0.0,0.0,0.2037,5097000.0,-8127000.0,BALANCED,15.093
2018-12-10,YINN,YINN,2828000.0,18.85,-0.012,174628000.0,2828000.0,0.0,0.8792,10053000.0,-5299000.0,BALANCED,33.9804
2018-12-11,YINN,YINN,0.0,19.2,0.0184,174628000.0,0.0,0.0,0.1777,8941000.0,-2530000.0,BALANCED,14.4414
2018-12-12,YINN,YINN,0.0,20.03,0.0434,174628000.0,0.0,0.0,0.1777,8941000.0,-5225000.0,BALANCED,14.4414
2018-12-13,YINN,YINN,1025000.0,20.51,0.0238,175653000.0,1025000.0,0.0,0.5469,3853000.0,-5153000.0,BALANCED,25.6737
2018-12-14,YINN,YINN,-3963000.0,19.82,-0.0337,171690000.0,0.0,-3963000.0,-0.7775,-110000.0,-9116000.0,BALANCED,-31.4387
2018-12-17,YINN,YINN,0.0,18.97,-0.0425,171690000.0,0.0,0.0,0.2896,-2938000.0,-14214000.0,BALANCED,-2.7603
2018-12-18,YINN,YINN,0.0,18.78,-0.0101,171690000.0,0.0,0.0,0.2896,-2938000.0,-9052000.0,BALANCED,-2.7603
2018-12-19,YINN,YINN,0.0,17.85,-0.0497,171690000.0,0.0,0.0,0.2423,-2938000.0,-4145000.0,BALANCED,-3.9419
2018-12-20,YINN,YINN,5337000.0,17.79,-0.0033,177027000.0,5337000.0,0.0,1.7832,1374000.0,3063000.0,ACCUMULATION,56.5809
2018-12-21,YINN,YINN,-1739000.0,17.39,-0.0227,175288000.0,0.0,-1739000.0,-0.535,3598000.0,-652000.0,BALANCED,-5.3751
2018-12-24,YINN,YINN,0.0,16.96,-0.0243,175288000.0,0.0,0.0,0.0522,3598000.0,2181000.0,BALANCED,11.3054
2018-12-26,YINN,YINN,1800000.0,18.0,0.0611,177088000.0,1800000.0,0.0,0.6131,5398000.0,4983000.0,BALANCED,27.3273
2018-12-27,YINN,YINN,5234000.0,17.45,-0.0283,182322000.0,5234000.0,0.0,1.6867,10632000.0,11223000.0,ACCUMULATION,56.1665
2018-12-28,YINN,YINN,0.0,17.41,-0.0021,182322000.0,0.0,0.0,-0.0166,5295000.0,17663000.0,BALANCED,9.5858
2018-12-31,YINN,YINN,-1742000.0,17.42,0.0004,180580000.0,0.0,-1742000.0,-0.5654,5292000.0,13877000.0,BALANCED,-6.1359
2019-01-02,YINN,YINN,0.0,16.99,-0.0248,180580000.0,0.0,0.0,0.0609,5292000.0,16005000.0,BALANCED,11.5235
2019-01-03,YINN,YINN,0.0,16.1,-0.0521,180580000.0,0.0,0.0,0.002,3492000.0,14893000.0,BALANCED,10.049
2019-01-04,YINN,YINN,0.0,17.73,0.101,180580000.0,0.0,0.0,-0.0609,-1742000.0,14893000.0,BALANCED,-11.5233
2019-01-07,YINN,YINN,7138000.0,17.85,0.0066,187718000.0,7138000.0,0.0,2.335,5396000.0,15918000.0,ACCUMULATION,70.3753
2019-01-08,YINN,YINN,9043000.0,18.09,0.0135,196761000.0,9043000.0,0.0,2.5659,16181000.0,24961000.0,ACCUMULATION,78.1473
2019-01-09,YINN,YINN,17110000.0,19.01,0.0512,213871000.0,17110000.0,0.0,3.6142,33291000.0,39243000.0,ACCUMULATION,100.0
2019-01-10,YINN,YINN,0.0,19.35,0.0177,213871000.0,0.0,0.0,-0.3205,33291000.0,39243000.0,BALANCED,1.9865
2019-01-11,YINN,YINN,-2862000.0,19.08,-0.0139,211009000.0,0.0,-2862000.0,-0.9546,30429000.0,36381000.0,BALANCED,-15.8658
2019-01-14,YINN,YINN,4599000.0,18.39,-0.0358,215608000.0,4599000.0,0.0,0.6947,27890000.0,39955000.0,BALANCED,29.3686
2019-01-15,YINN,YINN,0.0,18.93,0.0291,215608000.0,0.0,0.0,-0.3894,18847000.0,43918000.0,BALANCED,0.2642
2019-01-16,YINN,YINN,0.0,19.69,0.04,215608000.0,0.0,0.0,-0.4111,1737000.0,43918000.0,BALANCED,-0.2776
2019-01-17,YINN,YINN,0.0,19.87,0.0093,215608000.0,0.0,0.0,-0.4011,1737000.0,43918000.0,BALANCED,-0.0283
2019-01-18,YINN,YINN,-9197000.0,20.44,0.0285,206411000.0,0.0,-9197000.0,-2.2986,-4598000.0,34721000.0,DISTRIBUTION,-69.4651
2019-01-22,YINN,YINN,5752000.0,19.17,-0.0618,212163000.0,5752000.0,0.0,0.9623,-3445000.0,35136000.0,BALANCED,16.0573
2019-01-23,YINN,YINN,0.0,19.82,0.0338,212163000.0,0.0,0.0,-0.2938,-3445000.0,36875000.0,BALANCED,-17.3453
2019-01-24,YINN,YINN,0.0,20.44,0.0313,212163000.0,0.0,0.0,-0.2734,-3445000.0,36875000.0,BALANCED,-16.8343
2019-01-25,YINN,YINN,-14031000.0,21.59,0.0559,198132000.0,0.0,-14031000.0,-2.7644,-17476000.0,21044000.0,DISTRIBUTION,-81.1089
2019-01-28,YINN,YINN,-12627000.0,21.05,-0.0251,185505000.0,0.0,-12627000.0,-2.2046,-20906000.0,3183000.0,DISTRIBUTION,-69.1143
2019-01-29,YINN,YINN,-2104000.0,21.04,-0.0002,183401000.0,0.0,-2104000.0,-0.3999,-28762000.0,1079000.0,BALANCED,-25.9966
2019-01-30,YINN,YINN,-1108000.0,22.15,0.0529,182293000.0,0.0,-1108000.0,-0.2494,-29870000.0,1713000.0,BALANCED,-24.2347
2019-01-31,YINN,YINN,0.0,23.02,0.0392,182293000.0,0.0,0.0,-0.0603,-29870000.0,1713000.0,BALANCED,-11.5078
2019-02-01,YINN,YINN,-15659000.0,22.37,-0.0284,166634000.0,0.0,-15659000.0,-2.3651,-31498000.0,-13946000.0,DISTRIBUTION,-71.1284
2019-02-04,YINN,YINN,-2244000.0,22.44,0.0033,164390000.0,0.0,-2244000.0,-0.305,-21115000.0,-16190000.0,BALANCED,-21.6241
2019-02-05,YINN,YINN,0.0,23.41,0.0433,164390000.0,0.0,0.0,0.065,-19011000.0,-23328000.0,BALANCED,-8.3738
2019-02-06,YINN,YINN,5638000.0,22.55,-0.0368,170028000.0,5638000.0,0.0,0.8857,-12265000.0,-26733000.0,BALANCED,14.1433
2019-02-07,YINN,YINN,3271000.0,21.81,-0.0331,173299000.0,3271000.0,0.0,0.5062,-8994000.0,-40572000.0,BALANCED,6.6539
2019-02-08,YINN,YINN,-2181000.0,21.81,0.0001,171118000.0,0.0,-2181000.0,-0.3005,4484000.0,-42753000.0,BALANCED,0.4863
2019-02-11,YINN,YINN,-5497000.0,21.99,0.0083,165621000.0,0.0,-5497000.0,-0.7507,1231000.0,-45388000.0,BALANCED,-12.7679
2019-02-12,YINN,YINN,0.0,22.11,0.0054,165621000.0,0.0,0.0,0.0846,1231000.0,-49987000.0,BALANCED,12.1149
2019-02-13,YINN,YINN,0.0,22.73,0.028,165621000.0,0.0,0.0,0.0758,-4407000.0,-49987000.0,BALANCED,-8.1048
2019-02-14,YINN,YINN,10111000.0,22.47,-0.0114,175732000.0,10111000.0,0.0,1.4981,2433000.0,-39876000.0,BALANCED,49.452
2019-02-15,YINN,YINN,0.0,22.09,-0.0168,175732000.0,0.0,0.0,0.0236,4614000.0,-39876000.0,BALANCED,10.5892
2019-02-19,YINN,YINN,10373000.0,23.05,0.0434,186105000.0,10373000.0,0.0,1.4306,20484000.0,-20306000.0,BALANCED,47.7653
2019-02-20,YINN,YINN,4689000.0,23.44,0.0171,190794000.0,4689000.0,0.0,0.6503,25173000.0,-21369000.0,BALANCED,30.2565
2019-02-21,YINN,YINN,4656000.0,23.28,-0.0071,195450000.0,4656000.0,0.0,0.6806,29829000.0,-16713000.0,BALANCED,33.0145
2019-02-22,YINN,YINN,-3668000.0,24.46,0.0506,191782000.0,0.0,-3668000.0,-0.4788,16050000.0,-20381000.0,BALANCED,-3.9694
2019-02-25,YINN,YINN,3887000.0,25.91,0.0596,195669000.0,3887000.0,0.0,0.7271,19937000.0,-2463000.0,BALANCED,30.1776
2019-02-26,YINN,YINN,-3790000.0,25.27,-0.0249,191879000.0,0.0,-3790000.0,-0.5089,5774000.0,6374000.0,BALANCED,-4.7227
2019-02-27,YINN,YINN,-1202000.0,24.04,-0.0486,190677000.0,0.0,-1202000.0,-0.0607,-117000.0,7276000.0,BALANCED,-15.5166
2019-02-28,YINN,YINN,5886000.0,23.54,-0.0207,196563000.0,5886000.0,0.0,1.0457,1113000.0,14270000.0,BALANCED,38.1417
2019-03-01,YINN,YINN,0.0,24.41,0.0366,196563000.0,0.0,0.0,0.1018,4781000.0,14270000.0,BALANCED,12.545
2019-03-04,YINN,YINN,2482000.0,24.82,0.0168,199045000.0,2482000.0,0.0,0.4846,3376000.0,32411000.0,BALANCED,24.1148
2019-03-05,YINN,YINN,0.0,25.73,0.0369,199045000.0,0.0,0.0,0.0406,7166000.0,34655000.0,BALANCED,11.0155
2019-03-06,YINN,YINN,-3743000.0,24.95,-0.0302,195302000.0,0.0,-3743000.0,-0.533,4625000.0,30912000.0,BALANCED,-5.3252
2019-03-07,YINN,YINN,0.0,23.28,-0.0669,195302000.0,0.0,0.0,0.0942,-1261000.0,25274000.0,BALANCED,-7.6456
2019-03-08,YINN,YINN,0.0,22.02,-0.0543,195302000.0,0.0,0.0,0.0942,-1261000.0,22003000.0,BALANCED,-7.6456
2019-03-11,YINN,YINN,0.0,23.33,0.0594,195302000.0,0.0,0.0,0.0175,-3743000.0,24184000.0,BALANCED,-9.5632
2019-03-12,YINN,YINN,0.0,24.14,0.0349,195302000.0,0.0,0.0,-0.0673,-3743000.0,29681000.0,BALANCED,-11.6825
2019-03-13,YINN,YINN,0.0,23.94,-0.0084,195302000.0,0.0,0.0,-0.0821,0.0,29681000.0,BALANCED,-2.0528
2019-03-14,YINN,YINN,0.0,23.71,-0.0097,195302000.0,0.0,0.0,-0.0899,0.0,29681000.0,BALANCED,-2.2475
2019-03-15,YINN,YINN,-3702000.0,24.68,0.0412,191600000.0,0.0,-3702000.0,-0.8218,-3702000.0,15868000.0,BALANCED,-32.5458
2019-03-18,YINN,YINN,0.0,25.56,0.0356,191600000.0,0.0,0.0,-0.2166,-3702000.0,15868000.0,BALANCED,-15.4149
2019-03-19,YINN,YINN,-6450000.0,25.8,0.0118,185150000.0,0.0,-6450000.0,-1.772,-10152000.0,-955000.0,DISTRIBUTION,-56.3005
2019-03-20,YINN,YINN,-6333000.0,25.33,-0.0181,178817000.0,0.0,-6333000.0,-1.6113,-16485000.0,-11977000.0,DISTRIBUTION,-54.2819
2019-03-21,YINN,YINN,-1266000.0,25.31,-0.0009,177551000.0,0.0,-1266000.0,-0.3677,-17751000.0,-17899000.0,BALANCED,-25.1922
2019-03-22,YINN,YINN,3465000.0,23.1,-0.0874,181016000.0,3465000.0,0.0,0.7767,-10584000.0,-10766000.0,BALANCED,11.4166
2019-03-25,YINN,YINN,0.0,22.95,-0.0064,181016000.0,0.0,0.0,-0.0804,-10584000.0,-14653000.0,BALANCED,-12.0094
2019-03-26,YINN,YINN,6917000.0,23.06,0.0046,187933000.0,6917000.0,0.0,1.4973,2783000.0,-3946000.0,BALANCED,49.4325
2019-03-27,YINN,YINN,13754000.0,22.92,-0.0057,201687000.0,13754000.0,0.0,2.6404,22870000.0,11010000.0,ACCUMULATION,80.009
2019-03-28,YINN,YINN,0.0,23.46,0.0233,201687000.0,0.0,0.0,-0.2529,24136000.0,5124000.0,BALANCED,3.6777
2019-03-29,YINN,YINN,0.0,24.15,0.0295,201687000.0,0.0,0.0,-0.1945,20671000.0,5124000.0,BALANCED,5.1385
2019-04-01,YINN,YINN,0.0,25.31,0.0479,201687000.0,0.0,0.0,-0.1945,20671000.0,2642000.0,BALANCED,5.1385
2019-04-02,YINN,YINN,-4979000.0,24.9,-0.0162,196708000.0,0.0,-4979000.0,-1.2716,8775000.0,-2337000.0,BALANCED,-23.7912
2019-04-03,YINN,YINN,0.0,25.43,0.0213,196708000.0,0.0,0.0,-0.0479,-4979000.0,1406000.0,BALANCED,-11.1983
2019-04-04,YINN,YINN,-1311000.0,26.22,0.0311,195397000.0,0.0,-1311000.0,-0.3246,-6290000.0,95000.0,BALANCED,-20.1153
2019-04-05,YINN,YINN,-24080000.0,26.76,0.0205,171317000.0,0.0,-24080000.0,-3.9372,-30370000.0,-23985000.0,DISTRIBUTION,-100.0
2019-04-08,YINN,YINN,0.0,26.51,-0.0094,171317000.0,0.0,0.0,0.138,-30370000.0,-23985000.0,BALANCED,-6.5498
2019-04-09,YINN,YINN,0.0,26.33,-0.0068,171317000.0,0.0,0.0,0.117,-25391000.0,-23985000.0,BALANCED,-7.074
2019-04-10,YINN,YINN,0.0,26.16,-0.0061,171317000.0,0.0,0.0,0.1102,-25391000.0,-23985000.0,BALANCED,-7.2453
2019-04-11,YINN,YINN,2507000.0,25.07,-0.0417,173824000.0,2507000.0,0.0,0.567,-21573000.0,-21478000.0,BALANCED,6.1748
2019-04-12,YINN,YINN,0.0,25.98,0.0362,173824000.0,0.0,0.0,0.1316,2507000.0,-17776000.0,BALANCED,13.2907
2019-04-15,YINN,YINN,7530000.0,25.1,-0.0339,181354000.0,7530000.0,0.0,1.3698,10037000.0,-10246000.0,BALANCED,46.2453
2019-04-16,YINN,YINN,9177000.0,26.22,0.0445,190531000.0,9177000.0,0.0,1.5284,19214000.0,5381000.0,ACCUMULATION,52.2096
2019-04-17,YINN,YINN,0.0,26.32,0.0037,190531000.0,0.0,0.0,0.0258,19214000.0,11714000.0,BALANCED,10.6459
2019-04-18,YINN,YINN,-38307000.0,26.42,0.0038,152224000.0,0.0,-38307000.0,-3.967,-21600000.0,-25327000.0,DISTRIBUTION,-100.0
2019-04-22,YINN,YINN,-6421000.0,25.69,-0.0277,145803000.0,0.0,-6421000.0,-0.5111,-28021000.0,-35213000.0,BALANCED,-26.7786
2019-04-23,YINN,YINN,-3849000.0,25.66,-0.0009,141954000.0,0.0,-3849000.0,-0.2218,-39400000.0,-39062000.0,BALANCED,-21.5444
2019-04-24,YINN,YINN,0.0,24.5,-0.0452,141954000.0,0.0,0.0,0.1905,-48577000.0,-45979000.0,BALANCED,-5.2387
2019-04-25,YINN,YINN,46870000.0,24.04,-0.019,188824000.0,46870000.0,0.0,3.6529,-1707000.0,-12863000.0,ACCUMULATION,83.3221
2019-04-26,YINN,YINN,-1222000.0,24.45,0.017,187602000.0,0.0,-1222000.0,-0.0749,35378000.0,-14085000.0,BALANCED,6.1279
2019-04-29,YINN,YINN,0.0,24.7,0.0106,187602000.0,0.0,0.0,0.0104,41799000.0,-14085000.0,BALANCED,10.2588
2019-04-30,YINN,YINN,0.0,24.25,-0.0183,187602000.0,0.0,0.0,0.0104,45648000.0,-14085000.0,BALANCED,10.2588
2019-05-01,YINN,YINN,0.0,23.9,-0.0144,187602000.0,0.0,0.0,-0.0064,45648000.0,-9106000.0,BALANCED,9.8406
2019-05-02,YINN,YINN,7092000.0,23.64,-0.011,194694000.0,7092000.0,0.0,0.5118,5870000.0,-2014000.0,BALANCED,24.7957
2019-05-03,YINN,YINN,-1245000.0,24.9,0.0531,193449000.0,0.0,-1245000.0,-0.1384,5847000.0,-1948000.0,BALANCED,4.5393
2019-05-06,YINN,YINN,0.0,22.95,-0.0784,193449000.0,0.0,0.0,-0.0324,5847000.0,22132000.0,BALANCED,9.1912
2019-05-07,YINN,YINN,7379000.0,21.08,-0.0812,200828000.0,7379000.0,0.0,0.5219,13226000.0,29511000.0,BALANCED,25.0481
2019-05-08,YINN,YINN,24001000.0,20.87,-0.0101,224829000.0,24001000.0,0.0,1.6842,37227000.0,53512000.0,ACCUMULATION,56.1043
2019-05-09,YINN,YINN,11882000.0,19.8,-0.0512,236711000.0,11882000.0,0.0,0.7957,42017000.0,65394000.0,BALANCED,35.8932
2019-05-10,YINN,YINN,2018000.0,20.18,0.0188,238729000.0,2018000.0,0.0,0.0582,45280000.0,64905000.0,BALANCED,19.4544
2019-05-13,YINN,YINN,2734000.0,18.22,-0.0967,241463000.0,2734000.0,0.0,0.1046,48014000.0,67639000.0,BALANCED,22.6145
2019-05-14,YINN,YINN,1909000.0,19.09,0.0477,243372000.0,1909000.0,0.0,0.0386,42544000.0,62018000.0,BALANCED,22.9647
2019-05-15,YINN,YINN,-4842000.0,19.37,0.0143,238530000.0,0.0,-4842000.0,-0.4633,13701000.0,47999000.0,BALANCED,-3.5821
2019-05-16,YINN,YINN,-5889000.0,19.63,0.0136,232641000.0,0.0,-5889000.0,-0.524,-4070000.0,42110000.0,BALANCED,-27.1
2019-05-17,YINN,YINN,-8390000.0,18.64,-0.0503,224251000.0,0.0,-8390000.0,-0.6861,-14478000.0,72027000.0,BALANCED,-33.1518
2019-05-20,YINN,YINN,0.0,17.88,-0.0412,224251000.0,0.0,0.0,-0.138,-17212000.0,78448000.0,BALANCED,-13.4493
2019-05-21,YINN,YINN,3691000.0,18.46,0.0325,227942000.0,3691000.0,0.0,0.141,-15430000.0,85988000.0,BALANCED,-4.4744
2019-05-22,YINN,YINN,0.0,18.14,-0.0171,227942000.0,0.0,0.0,-0.1476,-10588000.0,85988000.0,BALANCED,-13.6898
2019-05-23,YINN,YINN,873000.0,17.47,-0.0371,228815000.0,873000.0,0.0,-0.0816,-3826000.0,39991000.0,BALANCED,-10.0406
2019-05-24,YINN,YINN,0.0,17.21,-0.015,228815000.0,0.0,0.0,-0.1433,4564000.0,41213000.0,BALANCED,6.4169
2019-05-28,YINN,YINN,873000.0,17.46,0.0148,229688000.0,873000.0,0.0,-0.0774,5437000.0,42086000.0,BALANCED,10.066
2019-05-29,YINN,YINN,0.0,17.91,0.026,229688000.0,0.0,0.0,-0.1264,1746000.0,42086000.0,BALANCED,6.8396
2019-05-30,YINN,YINN,0.0,17.92,0.0005,229688000.0,0.0,0.0,-0.103,1746000.0,42086000.0,BALANCED,7.4239
2019-05-31,YINN,YINN,0.0,17.75,-0.0095,229688000.0,0.0,0.0,-0.103,873000.0,34994000.0,BALANCED,7.4239
2019-06-03,YINN,YINN,0.0,17.97,0.0124,229688000.0,0.0,0.0,-0.2523,873000.0,36239000.0,BALANCED,3.6916
2019-06-04,YINN,YINN,-889000.0,17.77,-0.0113,228799000.0,0.0,-889000.0,-0.3614,-889000.0,35350000.0,BALANCED,-21.0356
2019-06-05,YINN,YINN,3485000.0,17.43,-0.0195,232284000.0,3485000.0,0.0,0.0472,2596000.0,31456000.0,BALANCED,13.1806
2019-06-06,YINN,YINN,6107000.0,17.45,0.0013,238391000.0,6107000.0,0.0,0.2882,8703000.0,13562000.0,BALANCED,21.2052
2019-06-07,YINN,YINN,0.0,17.92,0.0271,238391000.0,0.0,0.0,-0.2883,8703000.0,1680000.0,BALANCED,2.7915
2019-06-10,YINN,YINN,0.0,18.49,0.0316,238391000.0,0.0,0.0,-0.2963,8703000.0,-338000.0,BALANCED,2.5921
2019-06-11,YINN,YINN,0.0,19.11,0.0335,238391000.0,0.0,0.0,-0.2963,9592000.0,-3072000.0,BALANCED,2.5921
2019-06-12,YINN,YINN,0.0,18.06,-0.0545,238391000.0,0.0,0.0,-0.2963,6107000.0,-4981000.0,BALANCED,2.5921
2019-06-13,YINN,YINN,2753000.0,18.35,0.016,241144000.0,2753000.0,0.0,0.1697,2753000.0,2614000.0,BALANCED,16.2413
2019-06-14,YINN,YINN,0.0,17.82,-0.0292,241144000.0,0.0,0.0,-0.2752,2753000.0,8503000.0,BALANCED,3.12
2019-06-17,YINN,YINN,913000.0,18.26,0.0247,242057000.0,913000.0,0.0,-0.1262,3666000.0,17806000.0,BALANCED,8.8443
2019-06-18,YINN,YINN,0.0,19.85,0.0874,242057000.0,0.0,0.0,-0.2892,3666000.0,17806000.0,BALANCED,2.7706
2019-06-19,YINN,YINN,0.0,20.31,0.0229,242057000.0,0.0,0.0,-0.2498,3666000.0,14115000.0,BALANCED,3.7561
2019-06-20,YINN,YINN,-4291000.0,21.45,0.0563,237766000.0,0.0,-4291000.0,-1.3193,-3378000.0,9824000.0,BALANCED,-44.9836
2019-06-21,YINN,YINN,-19012000.0,21.12,-0.0153,218754000.0,0.0,-19012000.0,-4.0941,-22390000.0,-10061000.0,DISTRIBUTION,-100.0
2019-06-24,YINN,YINN,-3175000.0,21.17,0.0019,215579000.0,0.0,-3175000.0,-0.5349,-26478000.0,-13236000.0,BALANCED,-29.3716
2019-06-25,YINN,YINN,0.0,19.99,-0.0503,215579000.0,0.0,0.0,0.194,-26478000.0,-14109000.0,BALANCED,-5.1498
2019-06-26,YINN,YINN,0.0,20.71,0.0357,215579000.0,0.0,0.0,0.2096,-26478000.0,-14109000.0,BALANCED,-4.7598
2019-06-27,YINN,YINN,0.0,21.39,0.0331,215579000.0,0.0,0.0,0.1755,-22187000.0,-14109000.0,BALANCED,-5.6132
2019-06-28,YINN,YINN,-7473000.0,21.35,-0.002,208106000.0,0.0,-7473000.0,-1.5013,-10648000.0,-21582000.0,DISTRIBUTION,-49.5313
2019-07-01,YINN,YINN,0.0,22.29,0.044,208106000.0,0.0,0.0,0.1282,-7473000.0,-21582000.0,BALANCED,-6.7946
2019-07-02,YINN,YINN,0.0,22.12,-0.0078,208106000.0,0.0,0.0,0.1282,-7473000.0,-20693000.0,BALANCED,-6.7946
2019-07-03,YINN,YINN,-6559000.0,21.86,-0.0115,201547000.0,0.0,-6559000.0,-1.3338,-14032000.0,-30737000.0,BALANCED,-45.3449
2019-07-05,YINN,YINN,-6327000.0,21.09,-0.0353,195220000.0,0.0,-6327000.0,-1.1988,-20359000.0,-43171000.0,BALANCED,-43.9689
2019-07-08,YINN,YINN,0.0,20.61,-0.0227,195220000.0,0.0,0.0,0.257,-12886000.0,-43171000.0,BALANCED,-3.5752
2019-07-09,YINN,YINN,0.0,20.24,-0.0179,195220000.0,0.0,0.0,0.257,-12886000.0,-43171000.0,BALANCED,-3.5752
2019-07-10,YINN,YINN,0.0,20.41,0.0084,195220000.0,0.0,0.0,0.2643,-12886000.0,-43171000.0,BALANCED,-3.3917
2019-07-11,YINN,YINN,4020000.0,20.1,-0.0152,199240000.0,4020000.0,0.0,1.133,-2307000.0,-39151000.0,BALANCED,20.3238
2019-07-12,YINN,YINN,-2032000.0,20.32,0.0109,197208000.0,0.0,-2032000.0,-0.2136,1988000.0,-43936000.0,BALANCED,2.659
2019-07-15,YINN,YINN,0.0,20.49,0.0084,197208000.0,0.0,0.0,0.2436,1988000.0,-43936000.0,BALANCED,16.0912
2019-07-16,YINN,YINN,-1019000.0,20.38,-0.0052,196189000.0,0.0,-1019000.0,0.022,969000.0,-45868000.0,BALANCED,8.5499
2019-07-17,YINN,YINN,0.0,20.31,-0.0037,196189000.0,0.0,0.0,0.2446,969000.0,-45868000.0,BALANCED,16.1158
2019-07-18,YINN,YINN,0.0,20.46,0.0076,196189000.0,0.0,0.0,0.2757,-3051000.0,-45868000.0,BALANCED,-3.1085
2019-07-19,YINN,YINN,-4157000.0,20.78,0.0158,192032000.0,0.0,-4157000.0,-0.6263,-5176000.0,-45734000.0,BALANCED,-27.6584
2019-07-22,YINN,YINN,0.0,20.21,-0.0277,192032000.0,0.0,0.0,0.3706,-5176000.0,-26722000.0,BALANCED,-0.7352
2019-07-23,YINN,YINN,0.0,20.55,0.0169,192032000.0,0.0,0.0,0.3706,-4157000.0,-23547000.0,BALANCED,-0.7352
2019-07-24,YINN,YINN,0.0,20.75,0.0097,192032000.0,0.0,0.0,0.3706,-4157000.0,-23547000.0,BALANCED,-0.7352
2019-07-25,YINN,YINN,4064000.0,20.32,-0.0207,196096000.0,4064000.0,0.0,1.2771,-93000.0,-19483000.0,BALANCED,23.9276
2019-07-26,YINN,YINN,0.0,20.4,0.0037,196096000.0,0.0,0.0,0.3556,4064000.0,-19483000.0,BALANCED,18.8896
2019-07-29,YINN,YINN,0.0,19.94,-0.0222,196096000.0,0.0,0.0,0.3556,4064000.0,-12010000.0,BALANCED,18.8896
2019-07-30,YINN,YINN,2935000.0,19.57,-0.0188,199031000.0,2935000.0,0.0,1.0212,6999000.0,-9075000.0,BALANCED,37.5296
2019-07-31,YINN,YINN,0.0,18.78,-0.0405,199031000.0,0.0,0.0,0.3352,6999000.0,-9075000.0,BALANCED,18.3801
2019-08-01,YINN,YINN,2625000.0,17.5,-0.0681,201656000.0,2625000.0,0.0,0.9161,5560000.0,109000.0,BALANCED,34.9029
2019-08-02,YINN,YINN,-1708000.0,17.08,-0.0237,199948000.0,0.0,-1708000.0,-0.104,3852000.0,4728000.0,BALANCED,5.3991
2019-08-05,YINN,YINN,2261000.0,15.07,-0.1176,202209000.0,2261000.0,0.0,1.0246,6113000.0,6989000.0,BALANCED,37.615
2019-08-06,YINN,YINN,17044000.0,15.49,0.028,219253000.0,17044000.0,0.0,4.0446,20222000.0,24033000.0,ACCUMULATION,100.0
2019-08-07,YINN,YINN,0.0,15.72,0.0145,219253000.0,0.0,0.0,-0.0293,20222000.0,24033000.0,BALANCED,9.2682
2019-08-08,YINN,YINN,8059000.0,16.12,0.0253,227312000.0,8059000.0,0.0,1.732,25656000.0,28072000.0,ACCUMULATION,55.2996
2019-08-09,YINN,YINN,-1556000.0,15.56,-0.0343,225756000.0,0.0,-1556000.0,-0.4268,25808000.0,28548000.0,BALANCED,-2.6688
2019-08-12,YINN,YINN,0.0,14.98,-0.0373,225756000.0,0.0,0.0,-0.1404,23547000.0,28548000.0,BALANCED,6.4899
2019-08-13,YINN,YINN,4709000.0,15.7,0.0476,230465000.0,4709000.0,0.0,0.9315,11212000.0,34276000.0,BALANCED,35.2876
2019-08-14,YINN,YINN,0.0,14.24,-0.0928,230465000.0,0.0,0.0,-0.1752,11212000.0,34276000.0,BALANCED,5.6212
2019-08-15,YINN,YINN,741000.0,14.83,0.0412,231206000.0,741000.0,0.0,-0.0615,3894000.0,35017000.0,BALANCED,10.4621
2019-08-16,YINN,YINN,765000.0,15.3,0.0316,231971000.0,765000.0,0.0,-0.1216,6215000.0,39939000.0,BALANCED,10.9591
2019-08-19,YINN,YINN,0.0,15.95,0.0425,231971000.0,0.0,0.0,-0.3239,6215000.0,39939000.0,BALANCED,1.9023
2019-08-20,YINN,YINN,0.0,15.77,-0.0109,231971000.0,0.0,0.0,-0.3239,1506000.0,39939000.0,BALANCED,1.9023
2019-08-21,YINN,YINN,2427000.0,16.18,0.026,234398000.0,2427000.0,0.0,0.2965,3933000.0,42366000.0,BALANCED,19.4127
2019-08-22,YINN,YINN,5533000.0,15.81,-0.0231,239931000.0,5533000.0,0.0,1.091,8725000.0,43835000.0,BALANCED,41.2758
2019-08-23,YINN,YINN,-1494000.0,14.94,-0.0551,238437000.0,0.0,-1494000.0,-0.7523,6466000.0,42341000.0,BALANCED,-10.8063
2019-08-26,YINN,YINN,-2337000.0,15.58,0.0428,236100000.0,0.0,-2337000.0,-0.94,4129000.0,40004000.0,BALANCED,-17.4988
2019-08-27,YINN,YINN,-779000.0,15.59,0.0006,235321000.0,0.0,-779000.0,-0.5396,3350000.0,36290000.0,BALANCED,-9.4907
2019-08-28,YINN,YINN,0.0,15.52,-0.004,235321000.0,0.0,0.0,-0.3379,923000.0,36290000.0,BALANCED,1.5536
2019-08-29,YINN,YINN,0.0,15.86,0.0214,235321000.0,0.0,0.0,-0.3379,-4610000.0,33665000.0,BALANCED,-18.4464
2019-08-30,YINN,YINN,1583000.0,15.83,-0.0015,236904000.0,1583000.0,0.0,0.0235,-1533000.0,36956000.0,BALANCED,-7.4136
2019-09-03,YINN,YINN,0.0,15.84,0.0006,236904000.0,0.0,0.0,-0.402,804000.0,34695000.0,BALANCED,-0.0506
2019-09-04,YINN,YINN,0.0,16.96,0.0704,236904000.0,0.0,0.0,-0.402,1583000.0,17651000.0,BALANCED,-0.0506
2019-09-05,YINN,YINN,0.0,17.56,0.0358,236904000.0,0.0,0.0,-0.402,1583000.0,17651000.0,BALANCED,-0.0506
2019-09-06,YINN,YINN,-8829000.0,17.66,0.0054,228075000.0,0.0,-8829000.0,-2.3929,-7246000.0,763000.0,DISTRIBUTION,-71.8224
2019-09-09,YINN,YINN,0.0,17.76,0.0057,228075000.0,0.0,0.0,-0.2578,-8829000.0,2319000.0,BALANCED,-16.4446
2019-09-10,YINN,YINN,0.0,17.78,0.0013,228075000.0,0.0,0.0,-0.2578,-8829000.0,2319000.0,BALANCED,-16.4446
2019-09-11,YINN,YINN,-1859000.0,18.59,0.0455,226216000.0,0.0,-1859000.0,-0.6658,-10688000.0,-4249000.0,BALANCED,-28.6455
2019-09-12,YINN,YINN,0.0,18.79,0.0107,226216000.0,0.0,0.0,-0.2182,-10688000.0,-4249000.0,BALANCED,-15.4549
2019-09-13,YINN,YINN,-1935000.0,19.35,0.0299,224281000.0,0.0,-1935000.0,-0.6447,-3794000.0,-6925000.0,BALANCED,-28.1169
2019-09-16,YINN,YINN,-3748000.0,18.74,-0.0317,220533000.0,0.0,-3748000.0,-1.0485,-7542000.0,-11438000.0,BALANCED,-40.2123
2019-09-17,YINN,YINN,0.0,18.46,-0.0147,220533000.0,0.0,0.0,-0.1447,-7542000.0,-11438000.0,BALANCED,-13.6183
2019-09-18,YINN,YINN,0.0,18.08,-0.0205,220533000.0,0.0,0.0,-0.0149,-5683000.0,-11438000.0,BALANCED,-10.373
2019-09-19,YINN,YINN,0.0,17.7,-0.0214,220533000.0,0.0,0.0,-0.0149,-5683000.0,-13865000.0,BALANCED,-10.373
2019-09-20,YINN,YINN,0.0,17.49,-0.0116,220533000.0,0.0,0.0,0.0931,-3748000.0,-19398000.0,BALANCED,-7.6716
2019-09-23,YINN,YINN,-4369000.0,17.48,-0.0009,216164000.0,0.0,-4369000.0,-1.5996,-4369000.0,-22273000.0,DISTRIBUTION,-51.9895
2019-09-24,YINN,YINN,0.0,16.83,-0.0364,216164000.0,0.0,0.0,0.1263,-4369000.0,-19936000.0,BALANCED,-6.8424
2019-09-25,YINN,YINN,0.0,17.0,0.0103,216164000.0,0.0,0.0,0.203,-4369000.0,-19157000.0,BALANCED,-4.925
2019-09-26,YINN,YINN,0.0,16.66,-0.0203,216164000.0,0.0,0.0,0.203,-4369000.0,-19157000.0,BALANCED,-4.925
2019-09-27,YINN,YINN,2411000.0,16.07,-0.0351,218575000.0,2411000.0,0.0,1.1813,-1958000.0,-16746000.0,BALANCED,21.5324
2019-09-30,YINN,YINN,0.0,16.5,0.0264,218575000.0,0.0,0.0,0.187,2411000.0,-18329000.0,BALANCED,14.674
2019-10-01,YINN,YINN,0.0,16.28,-0.013,218575000.0,0.0,0.0,0.187,2411000.0,-18329000.0,BALANCED,14.674
2019-10-02,YINN,YINN,0.0,16.33,0.0028,218575000.0,0.0,0.0,0.187,2411000.0,-18329000.0,BALANCED,14.674
2019-10-03,YINN,YINN,1712000.0,17.12,0.0482,220287000.0,1712000.0,0.0,0.9239,4123000.0,-16617000.0,BALANCED,35.0972
2019-10-04,YINN,YINN,0.0,17.02,-0.0057,220287000.0,0.0,0.0,0.3154,1712000.0,-7788000.0,BALANCED,17.8856
2019-10-07,YINN,YINN,0.0,16.66,-0.021,220287000.0,0.0,0.0,0.2918,1712000.0,-7788000.0,BALANCED,17.2961
2019-10-08,YINN,YINN,2448000.0,16.32,-0.0205,222735000.0,2448000.0,0.0,1.3657,4160000.0,-5340000.0,BALANCED,46.1418
2019-10-09,YINN,YINN,-2551000.0,17.01,0.0421,220184000.0,0.0,-2551000.0,-0.9506,1609000.0,-6032000.0,BALANCED,-15.765
2019-10-10,YINN,YINN,0.0,17.64,0.0371,220184000.0,0.0,0.0,0.2344,-103000.0,-6032000.0,BALANCED,-4.1405
2019-10-11,YINN,YINN,-4595000.0,18.38,0.0422,215589000.0,0.0,-4595000.0,-1.7302,-4698000.0,-8692000.0,DISTRIBUTION,-55.2552
2019-10-14,YINN,YINN,-2721000.0,18.14,-0.0132,212868000.0,0.0,-2721000.0,-0.8476,-7419000.0,-7665000.0,BALANCED,-35.1888
2019-10-15,YINN,YINN,0.0,18.65,0.0283,212868000.0,0.0,0.0,0.3537,-9867000.0,-7665000.0,BALANCED,-1.1572
2019-10-16,YINN,YINN,-2793000.0,18.62,-0.0016,210075000.0,0.0,-2793000.0,-0.8297,-10109000.0,-10458000.0,BALANCED,-32.7433
2019-10-17,YINN,YINN,0.0,18.85,0.0121,210075000.0,0.0,0.0,0.3908,-10109000.0,-10458000.0,BALANCED,-0.2298
2019-10-18,YINN,YINN,-1823000.0,18.23,-0.0329,208252000.0,0.0,-1823000.0,-0.6667,-7337000.0,-12281000.0,BALANCED,-28.6681
2019-10-21,YINN,YINN,-943000.0,18.86,0.0348,207309000.0,0.0,-943000.0,-0.1442,-5559000.0,-8855000.0,BALANCED,-17.6047
2019-10-22,YINN,YINN,-8278000.0,18.4,-0.0246,199031000.0,0.0,-8278000.0,-3.2974,-13837000.0,-17133000.0,DISTRIBUTION,-98.4354
2019-10-23,YINN,YINN,0.0,18.23,-0.0089,199031000.0,0.0,0.0,0.4087,-11044000.0,-17133000.0,BALANCED,0.2181
2019-10-24,YINN,YINN,0.0,18.19,-0.0023,199031000.0,0.0,0.0,0.4087,-11044000.0,-17133000.0,BALANCED,0.2181
2019-10-25,YINN,YINN,0.0,18.53,0.0184,199031000.0,0.0,0.0,0.3801,-9221000.0,-19544000.0,BALANCED,-0.4972
2019-10-28,YINN,YINN,0.0,19.04,0.028,199031000.0,0.0,0.0,0.3335,-8278000.0,-19544000.0,BALANCED,-1.6636
2019-10-29,YINN,YINN,0.0,18.47,-0.0302,199031000.0,0.0,0.0,0.3335,0.0,-19544000.0,BALANCED,8.3364
2019-10-30,YINN,YINN,0.0,18.29,-0.0096,199031000.0,0.0,0.0,0.3335,0.0,-19544000.0,BALANCED,8.3364
2019-10-31,YINN,YINN,4512000.0,18.05,-0.0132,203543000.0,4512000.0,0.0,2.1612,4512000.0,-16744000.0,ACCUMULATION,66.0295
2019-11-01,YINN,YINN,-1916000.0,19.16,0.0615,201627000.0,0.0,-1916000.0,-0.5449,2596000.0,-18660000.0,BALANCED,-5.6214
2019-11-04,YINN,YINN,-4963000.0,19.85,0.0363,196664000.0,0.0,-4963000.0,-1.8012,-2367000.0,-23623000.0,DISTRIBUTION,-59.0288
2019-11-05,YINN,YINN,0.0,20.21,0.0182,196664000.0,0.0,0.0,0.2714,-2367000.0,-26071000.0,BALANCED,-3.2138
2019-11-06,YINN,YINN,-5025000.0,20.1,-0.0058,191639000.0,0.0,-5025000.0,-1.6696,-7392000.0,-28545000.0,DISTRIBUTION,-53.7409
2019-11-07,YINN,YINN,-3091000.0,20.6,0.0251,188548000.0,0.0,-3091000.0,-0.8517,-14995000.0,-31636000.0,BALANCED,-35.2919
2019-11-08,YINN,YINN,-8060000.0,20.15,-0.0221,180488000.0,0.0,-8060000.0,-2.4402,-21139000.0,-35101000.0,DISTRIBUTION,-77.0053
2019-11-11,YINN,YINN,-1921000.0,19.21,-0.0465,178567000.0,0.0,-1921000.0,-0.2117,-18097000.0,-34301000.0,BALANCED,-23.2927
2019-11-12,YINN,YINN,0.0,18.7,-0.0266,178567000.0,0.0,0.0,0.4806,-18097000.0,-34301000.0,BALANCED,2.0162
2019-11-13,YINN,YINN,3589000.0,17.95,-0.0405,182156000.0,3589000.0,0.0,1.6515,-9483000.0,-27919000.0,ACCUMULATION,33.2877
2019-11-14,YINN,YINN,1780000.0,17.8,-0.0082,183936000.0,1780000.0,0.0,1.0279,-4612000.0,-26139000.0,BALANCED,19.6964
2019-11-15,YINN,YINN,895000.0,17.91,0.0061,184831000.0,895000.0,0.0,0.7093,4343000.0,-23421000.0,BALANCED,33.7328
2019-11-18,YINN,YINN,3615000.0,18.07,0.0093,188446000.0,3615000.0,0.0,1.5332,9879000.0,-18863000.0,ACCUMULATION,56.3289
2019-11-19,YINN,YINN,0.0,18.62,0.0304,188446000.0,0.0,0.0,0.3829,9879000.0,-10585000.0,BALANCED,19.5723
2019-11-20,YINN,YINN,0.0,18.31,-0.0167,188446000.0,0.0,0.0,0.355,6290000.0,-10585000.0,BALANCED,18.8755
2019-11-21,YINN,YINN,4557000.0,18.23,-0.0045,193003000.0,4557000.0,0.0,1.7359,9067000.0,-6028000.0,ACCUMULATION,55.3965
2019-11-22,YINN,YINN,0.0,18.13,-0.0055,193003000.0,0.0,0.0,0.245,8172000.0,-6028000.0,BALANCED,16.1261
2019-11-25,YINN,YINN,0.0,19.03,0.0499,193003000.0,0.0,0.0,0.2169,4557000.0,-6028000.0,BALANCED,15.4234
2019-11-26,YINN,YINN,0.0,19.17,0.007,193003000.0,0.0,0.0,0.2169,4557000.0,-6028000.0,BALANCED,15.4234
2019-11-27,YINN,YINN,0.0,19.11,-0.0032,193003000.0,0.0,0.0,0.188,4557000.0,-6028000.0,BALANCED,14.699
2019-11-29,YINN,YINN,-2634000.0,17.56,-0.081,190369000.0,0.0,-2634000.0,-0.6485,-2634000.0,-13174000.0,BALANCED,-28.2131
2019-12-02,YINN,YINN,0.0,17.57,0.0006,190369000.0,0.0,0.0,0.1959,-2634000.0,-11258000.0,BALANCED,-5.1023
2019-12-03,YINN,YINN,4314000.0,17.26,-0.0177,194683000.0,4314000.0,0.0,1.4933,1680000.0,-1981000.0,BALANCED,49.3319
2019-12-04,YINN,YINN,0.0,17.47,0.0124,194683000.0,0.0,0.0,0.0517,1680000.0,-1981000.0,BALANCED,11.293
2019-12-05,YINN,YINN,0.0,17.49,0.0013,194683000.0,0.0,0.0,0.0517,1680000.0,3044000.0,BALANCED,11.293
2019-12-06,YINN,YINN,0.0,17.92,0.0245,194683000.0,0.0,0.0,0.0517,4314000.0,6135000.0,BALANCED,11.293
2019-12-09,YINN,YINN,0.0,17.67,-0.014,194683000.0,0.0,0.0,0.0517,4314000.0,14195000.0,BALANCED,11.293
2019-12-10,YINN,YINN,0.0,17.87,0.0115,194683000.0,0.0,0.0,0.0517,0.0,16116000.0,BALANCED,1.293
2019-12-11,YINN,YINN,0.0,18.87,0.0559,194683000.0,0.0,0.0,0.0517,0.0,16116000.0,BALANCED,1.293
2019-12-12,YINN,YINN,0.0,19.95,0.057,194683000.0,0.0,0.0,0.0517,0.0,12527000.0,BALANCED,1.293
2019-12-13,YINN,YINN,0.0,19.69,-0.0131,194683000.0,0.0,0.0,0.111,0.0,10747000.0,BALANCED,2.7744
2019-12-16,YINN,YINN,1021000.0,20.42,0.037,195704000.0,1021000.0,0.0,0.4592,1021000.0,10873000.0,BALANCED,23.4793
2019-12-17,YINN,YINN,-3179000.0,21.2,0.0381,192525000.0,0.0,-3179000.0,-1.1872,-2158000.0,4079000.0,BALANCED,-41.6808
2019-12-18,YINN,YINN,-3205000.0,21.37,0.0082,189320000.0,0.0,-3205000.0,-1.1291,-5363000.0,874000.0,BALANCED,-42.2287
2019-12-19,YINN,YINN,0.0,21.23,-0.0064,189320000.0,0.0,0.0,0.0314,-5363000.0,874000.0,BALANCED,-9.2148
2019-12-20,YINN,YINN,4295000.0,21.47,0.0114,193615000.0,4295000.0,0.0,1.6385,-1068000.0,612000.0,ACCUMULATION,32.9628
2019-12-23,YINN,YINN,0.0,21.29,-0.0029,193615000.0,0.0,0.0,-0.2206,-2089000.0,612000.0,BALANCED,-15.5162
2019-12-24,YINN,YINN,-7490000.0,21.4,0.0053,186125000.0,0.0,-7490000.0,-3.1948,-6400000.0,-6878000.0,DISTRIBUTION,-91.8703
2019-12-26,YINN,YINN,1102000.0,22.04,0.0298,187227000.0,1102000.0,0.0,0.335,-2093000.0,-5776000.0,BALANCED,0.3756
2019-12-27,YINN,YINN,-6681000.0,22.27,0.0106,180546000.0,0.0,-6681000.0,-2.4921,-8774000.0,-12457000.0,DISTRIBUTION,-74.3035
2019-12-30,YINN,YINN,0.0,21.93,-0.0153,180546000.0,0.0,0.0,0.0429,-13069000.0,-9823000.0,BALANCED,-8.9286
2019-12-31,YINN,YINN,-8855000.0,22.14,0.0093,171691000.0,0.0,-8855000.0,-2.739,-21924000.0,-18678000.0,DISTRIBUTION,-80.4754
2020-01-02,YINN,YINN,-14421000.0,24.04,0.0858,157270000.0,0.0,-14421000.0,-3.4273,-28855000.0,-37413000.0,DISTRIBUTION,-99.6817
2020-01-03,YINN,YINN,-10110000.0,22.47,-0.0653,147160000.0,0.0,-10110000.0,-2.0627,-40067000.0,-47523000.0,DISTRIBUTION,-67.5681
2020-01-06,YINN,YINN,5696000.0,22.78,0.0142,152856000.0,5696000.0,0.0,1.5566,-27690000.0,-41827000.0,ACCUMULATION,30.9139
2020-01-07,YINN,YINN,0.0,22.61,-0.0076,152856000.0,0.0,0.0,0.3117,-27690000.0,-41827000.0,BALANCED,-2.2084
2020-01-08,YINN,YINN,3384000.0,22.56,-0.0022,156240000.0,3384000.0,0.0,1.0538,-15451000.0,-38443000.0,BALANCED,18.3462
2020-01-09,YINN,YINN,6952000.0,23.17,0.0271,163192000.0,6952000.0,0.0,1.7204,5922000.0,-31491000.0,ACCUMULATION,57.0112
2020-01-10,YINN,YINN,-2338000.0,23.38,0.009,160854000.0,0.0,-2338000.0,-0.2741,13694000.0,-33829000.0,BALANCED,1.1485
2020-01-13,YINN,YINN,0.0,24.58,0.0511,160854000.0,0.0,0.0,0.2319,7998000.0,-33829000.0,BALANCED,15.7979
2020-01-14,YINN,YINN,0.0,23.82,-0.0306,160854000.0,0.0,0.0,0.2132,7998000.0,-33829000.0,BALANCED,15.3294
2020-01-15,YINN,YINN,0.0,23.42,-0.0169,160854000.0,0.0,0.0,0.2132,4614000.0,-34850000.0,BALANCED,15.3294
2020-01-16,YINN,YINN,2394000.0,23.94,0.0221,163248000.0,2394000.0,0.0,0.7561,56000.0,-29277000.0,BALANCED,30.903
2020-01-17,YINN,YINN,-9703000.0,24.26,0.0135,153545000.0,0.0,-9703000.0,-1.7314,-7309000.0,-35775000.0,DISTRIBUTION,-55.2842
2020-01-21,YINN,YINN,0.0,20.83,-0.1411,153545000.0,0.0,0.0,0.285,-7309000.0,-35775000.0,BALANCED,-2.8761
2020-01-22,YINN,YINN,13994000.0,21.53,0.0333,167539000.0,13994000.0,0.0,2.6755,6685000.0,-26076000.0,ACCUMULATION,78.8883
2020-01-23,YINN,YINN,2069000.0,20.69,-0.0388,169608000.0,2069000.0,0.0,0.5194,8754000.0,-24007000.0,BALANCED,26.9845
2020-01-24,YINN,YINN,-994000.0,19.87,-0.0396,168614000.0,0.0,-994000.0,-0.0224,5366000.0,-17511000.0,BALANCED,7.4409
2020-01-27,YINN,YINN,3501000.0,17.51,-0.1192,172115000.0,3501000.0,0.0,0.7534,18570000.0,-15112000.0,BALANCED,30.8339
2020-01-28,YINN,YINN,10718000.0,17.86,0.0205,182833000.0,10718000.0,0.0,1.8455,29288000.0,2287000.0,ACCUMULATION,60.1381
2020-01-29,YINN,YINN,1819000.0,18.19,0.0182,184652000.0,1819000.0,0.0,0.3568,17113000.0,4106000.0,BALANCED,24.9205
2020-01-30,YINN,YINN,6128000.0,17.51,-0.0373,190780000.0,6128000.0,0.0,1.0239,21172000.0,19089000.0,BALANCED,43.5968
2020-01-31,YINN,YINN,8140000.0,16.28,-0.0702,198920000.0,8140000.0,0.0,1.2583,30306000.0,41650000.0,BALANCED,51.4583
2020-02-03,YINN,YINN,25966000.0,16.75,0.029,224886000.0,25966000.0,0.0,3.1684,52771000.0,77726000.0,ACCUMULATION,100.0
2020-02-04,YINN,YINN,2715000.0,18.1,0.0806,227601000.0,2715000.0,0.0,0.1839,44768000.0,74745000.0,BALANCED,28.5987
2020-02-05,YINN,YINN,5485000.0,18.28,0.01,233086000.0,5485000.0,0.0,0.5317,48434000.0,80230000.0,BALANCED,39.2923
2020-02-06,YINN,YINN,0.0,18.65,0.0202,233086000.0,0.0,0.0,-0.1678,42306000.0,76846000.0,BALANCED,5.8054
2020-02-07,YINN,YINN,-11796000.0,18.15,-0.0271,221290000.0,0.0,-11796000.0,-1.6119,22370000.0,58098000.0,DISTRIBUTION,-32.2984
2020-02-10,YINN,YINN,-1846000.0,18.46,0.0173,219444000.0,0.0,-1846000.0,-0.3621,-5442000.0,58590000.0,BALANCED,-23.0523
2020-02-11,YINN,YINN,0.0,19.52,0.0576,219444000.0,0.0,0.0,-0.1634,-8157000.0,58590000.0,BALANCED,-14.0858
2020-02-12,YINN,YINN,-8124000.0,20.31,0.0403,211320000.0,0.0,-8124000.0,-1.1274,-21766000.0,50466000.0,BALANCED,-40.1846
2020-02-13,YINN,YINN,1951000.0,19.51,-0.0393,213271000.0,1951000.0,0.0,0.0715,-19815000.0,52417000.0,BALANCED,-6.2118
2020-02-14,YINN,YINN,-2917000.0,19.44,-0.0034,210354000.0,0.0,-2917000.0,-0.6362,-10936000.0,47106000.0,BALANCED,-27.9043
2020-02-18,YINN,YINN,-966000.0,19.32,-0.0065,209388000.0,0.0,-966000.0,-0.4318,-10056000.0,55843000.0,BALANCED,-24.7962
2020-02-19,YINN,YINN,0.0,19.71,0.0205,209388000.0,0.0,0.0,-0.2686,-10056000.0,55843000.0,BALANCED,-16.7148
2020-02-20,YINN,YINN,-954000.0,19.08,-0.0319,208434000.0,0.0,-954000.0,-0.3994,-2886000.0,40895000.0,BALANCED,-21.9853
2020-02-21,YINN,YINN,-3815000.0,19.08,-0.0004,204619000.0,0.0,-3815000.0,-0.765,-8652000.0,35011000.0,BALANCED,-33.124
2020-02-24,YINN,YINN,0.0,17.04,-0.1065,204619000.0,0.0,0.0,-0.1965,-5735000.0,36005000.0,BALANCED,-14.912
2020-02-25,YINN,YINN,8274000.0,16.55,-0.029,212893000.0,8274000.0,0.0,0.9209,3505000.0,40778000.0,BALANCED,35.0221
2020-02-26,YINN,YINN,7769000.0,17.26,0.0432,220662000.0,7769000.0,0.0,0.8047,11274000.0,37829000.0,BALANCED,34.1177
2020-02-27,YINN,YINN,843000.0,16.87,-0.023,221505000.0,843000.0,0.0,-0.1644,13071000.0,36853000.0,BALANCED,11.8905
2020-02-28,YINN,YINN,-3434000.0,17.17,0.0181,218071000.0,0.0,-3434000.0,-0.7386,13452000.0,27291000.0,BALANCED,-10.4661
2020-03-02,YINN,YINN,4425000.0,17.7,0.0308,222496000.0,4425000.0,0.0,0.3382,17877000.0,23576000.0,BALANCED,20.454
2020-03-03,YINN,YINN,0.0,17.36,-0.0191,222496000.0,0.0,0.0,-0.3324,9603000.0,-2390000.0,BALANCED,1.6908
2020-03-04,YINN,YINN,-4480000.0,17.92,0.0322,218016000.0,0.0,-4480000.0,-0.9451,-2646000.0,-9585000.0,BALANCED,-35.6275
2020-03-05,YINN,YINN,884000.0,17.68,-0.0133,218900000.0,884000.0,0.0,-0.1245,-2605000.0,-14186000.0,BALANCED,-11.1131
2020-03-06,YINN,YINN,-2493000.0,16.62,-0.0603,216407000.0,0.0,-2493000.0,-0.6055,-1664000.0,-16679000.0,BALANCED,-27.1384
2020-03-09,YINN,YINN,0.0,14.61,-0.1209,216407000.0,0.0,0.0,-0.2384,-6089000.0,-4883000.0,BALANCED,-15.9599
2020-03-10,YINN,YINN,11439000.0,16.34,0.1187,227846000.0,11439000.0,0.0,1.3858,5350000.0,8402000.0,BALANCED,46.6453
2020-03-11,YINN,YINN,1467000.0,14.67,-0.1025,229313000.0,1467000.0,0.0,-0.0123,11297000.0,9869000.0,BALANCED,13.6932
2020-03-12,YINN,YINN,1126000.0,11.26,-0.2321,230439000.0,1126000.0,0.0,-0.0597,11539000.0,19119000.0,BALANCED,14.5085
2020-03-13,YINN,YINN,16428000.0,13.14,0.167,246867000.0,16428000.0,0.0,2.0226,30460000.0,33596000.0,ACCUMULATION,68.565
2020-03-16,YINN,YINN,0.0,9.08,-0.309,246867000.0,0.0,0.0,-0.2249,30460000.0,36513000.0,BALANCED,4.3773
2020-03-17,YINN,YINN,538000.0,10.76,0.1852,247405000.0,538000.0,0.0,-0.0393,19559000.0,38017000.0,BALANCED,11.0182
2020-03-18,YINN,YINN,1340000.0,8.93,-0.1702,248745000.0,1340000.0,0.0,0.1176,19432000.0,39357000.0,BALANCED,16.939
2020-03-19,YINN,YINN,4027000.0,8.95,0.0021,252772000.0,4027000.0,0.0,0.6283,22333000.0,44338000.0,BALANCED,31.7069
2020-03-20,YINN,YINN,0.0,9.31,0.0402,252772000.0,0.0,0.0,-0.1223,5905000.0,48153000.0,BALANCED,6.9423
2020-03-23,YINN,YINN,465000.0,9.29,-0.0019,253237000.0,465000.0,0.0,-0.1244,6370000.0,48618000.0,BALANCED,8.8908
2020-03-24,YINN,YINN,5012000.0,11.14,0.2028,258249000.0,5012000.0,0.0,0.7678,10844000.0,45356000.0,BALANCED,33.194
2020-03-25,YINN,YINN,-2911000.0,11.64,0.0453,255338000.0,0.0,-2911000.0,-0.8384,6593000.0,34676000.0,BALANCED,-12.9609
2020-03-26,YINN,YINN,-3149000.0,12.6,0.0818,252189000.0,0.0,-3149000.0,-0.9701,-583000.0,30684000.0,BALANCED,-38.2518
2020-03-27,YINN,YINN,-2593000.0,10.37,-0.1765,249596000.0,0.0,-2593000.0,-0.8086,-3176000.0,31525000.0,BALANCED,-36.2145
2020-03-30,YINN,YINN,3447000.0,11.49,0.1077,253043000.0,3447000.0,0.0,0.4348,-194000.0,30547000.0,BALANCED,2.8702
2020-03-31,YINN,YINN,0.0,11.61,0.0109,253043000.0,0.0,0.0,-0.3135,-5206000.0,30547000.0,BALANCED,-17.8383
2020-04-01,YINN,YINN,0.0,10.19,-0.1224,253043000.0,0.0,0.0,-0.3135,-2295000.0,35027000.0,BALANCED,-17.8383
2020-04-02,YINN,YINN,0.0,11.36,0.1146,253043000.0,0.0,0.0,-0.3213,854000.0,34143000.0,BALANCED,1.9665
2020-04-03,YINN,YINN,-6539000.0,10.9,-0.0407,246504000.0,0.0,-6539000.0,-1.6671,-3092000.0,30097000.0,DISTRIBUTION,-53.6776
2020-04-06,YINN,YINN,0.0,12.07,0.1072,246504000.0,0.0,0.0,-0.2933,-6539000.0,30097000.0,BALANCED,-17.333
2020-04-07,YINN,YINN,-11354000.0,11.95,-0.0096,235150000.0,0.0,-11354000.0,-2.3637,-17893000.0,7304000.0,DISTRIBUTION,-71.0918
2020-04-08,YINN,YINN,-2396000.0,11.98,0.0022,232754000.0,0.0,-2396000.0,-0.5631,-20289000.0,3441000.0,BALANCED,-28.0784
2020-04-09,YINN,YINN,0.0,11.74,-0.0202,232754000.0,0.0,0.0,-0.0754,-20289000.0,2315000.0,BALANCED,-11.886
2020-04-13,YINN,YINN,0.0,11.76,0.0022,232754000.0,0.0,0.0,-0.0995,-13750000.0,-14113000.0,BALANCED,-12.4875
2020-04-14,YINN,YINN,-2464000.0,12.32,0.0473,230290000.0,0.0,-2464000.0,-0.5571,-16214000.0,-16577000.0,BALANCED,-25.9268
2020-04-15,YINN,YINN,0.0,11.46,-0.0695,230290000.0,0.0,0.0,-0.0531,-4860000.0,-17115000.0,BALANCED,-11.3284
2020-04-16,YINN,YINN,-1160000.0,11.6,0.0118,229130000.0,0.0,-1160000.0,-0.3178,-3624000.0,-19615000.0,BALANCED,-19.9455
2020-04-17,YINN,YINN,0.0,12.19,0.0513,229130000.0,0.0,0.0,-0.0708,-3624000.0,-23642000.0,BALANCED,-11.7705
2020-04-20,YINN,YINN,0.0,11.89,-0.0251,229130000.0,0.0,0.0,-0.0886,-3624000.0,-23642000.0,BALANCED,-12.2154
2020-04-21,YINN,YINN,0.0,10.93,-0.0805,229130000.0,0.0,0.0,-0.0886,-1160000.0,-24107000.0,BALANCED,-12.2154
2020-04-22,YINN,YINN,0.0,11.72,0.0727,229130000.0,0.0,0.0,-0.0099,-1160000.0,-29119000.0,BALANCED,-10.2483
2020-04-23,YINN,YINN,0.0,11.57,-0.0128,229130000.0,0.0,0.0,0.0014,0.0,-26208000.0,BALANCED,0.0355
2020-04-24,YINN,YINN,-2383000.0,11.92,0.0298,226747000.0,0.0,-2383000.0,-0.5234,-2383000.0,-25442000.0,BALANCED,-25.0861
2020-04-27,YINN,YINN,0.0,12.64,0.0604,226747000.0,0.0,0.0,0.225,-2383000.0,-22849000.0,BALANCED,-4.3749
2020-04-28,YINN,YINN,-8238000.0,12.67,0.003,218509000.0,0.0,-8238000.0,-2.2227,-10621000.0,-34534000.0,DISTRIBUTION,-67.5664
2020-04-29,YINN,YINN,-3322000.0,13.29,0.0483,215187000.0,0.0,-3322000.0,-0.6819,-13943000.0,-37856000.0,BALANCED,-31.0486
2020-04-30,YINN,YINN,0.0,12.24,-0.0789,215187000.0,0.0,0.0,0.3419,-13943000.0,-37856000.0,BALANCED,-1.4525
2020-05-01,YINN,YINN,-2195000.0,10.98,-0.1031,212992000.0,0.0,-2195000.0,-0.2778,-13755000.0,-40051000.0,BALANCED,-18.9446
2020-05-04,YINN,YINN,0.0,11.28,0.028,212992000.0,0.0,0.0,0.4239,-13755000.0,-33512000.0,BALANCED,0.5966
2020-05-05,YINN,YINN,0.0,11.62,0.0302,212992000.0,0.0,0.0,0.4299,-5517000.0,-33512000.0,BALANCED,0.7481
2020-05-06,YINN,YINN,0.0,11.72,0.0078,212992000.0,0.0,0.0,0.5212,-2195000.0,-22158000.0,BALANCED,3.03
2020-05-07,YINN,YINN,0.0,11.81,0.0078,212992000.0,0.0,0.0,0.4877,-2195000.0,-19762000.0,BALANCED,2.1913
2020-05-08,YINN,YINN,0.0,12.61,0.068,212992000.0,0.0,0.0,0.4527,0.0,-19762000.0,BALANCED,11.3163
2020-05-11,YINN,YINN,0.0,12.43,-0.014,212992000.0,0.0,0.0,0.4229,0.0,-19762000.0,BALANCED,10.5715
2020-05-12,YINN,YINN,-605000.0,12.1,-0.0263,212387000.0,0.0,-605000.0,0.2727,-605000.0,-17903000.0,BALANCED,-5.1828
2020-05-13,YINN,YINN,0.0,12.22,0.0092,212387000.0,0.0,0.0,0.4926,-605000.0,-17903000.0,BALANCED,2.3149
2020-05-14,YINN,YINN,0.0,12.06,-0.0125,212387000.0,0.0,0.0,0.4926,-605000.0,-16743000.0,BALANCED,2.3149
2020-05-15,YINN,YINN,-577000.0,11.53,-0.044,211810000.0,0.0,-577000.0,0.2907,-1182000.0,-17320000.0,BALANCED,-4.733
2020-05-18,YINN,YINN,0.0,12.91,0.1192,211810000.0,0.0,0.0,0.4494,-1182000.0,-17320000.0,BALANCED,1.2349
2020-05-19,YINN,YINN,-2501000.0,12.5,-0.0313,209309000.0,0.0,-2501000.0,-0.4898,-3078000.0,-19821000.0,BALANCED,-24.2438
2020-05-20,YINN,YINN,0.0,13.05,0.0437,209309000.0,0.0,0.0,0.4966,-3078000.0,-19821000.0,BALANCED,2.4149
2020-05-21,YINN,YINN,-1797000.0,11.98,-0.0819,207512000.0,0.0,-1797000.0,-0.5557,-4875000.0,-21618000.0,BALANCED,-25.8924
2020-05-22,YINN,YINN,0.0,11.01,-0.0813,207512000.0,0.0,0.0,0.4893,-4298000.0,-19235000.0,BALANCED,2.2322
2020-05-26,YINN,YINN,0.0,11.75,0.0671,207512000.0,0.0,0.0,0.4893,-4298000.0,-19235000.0,BALANCED,2.2322
2020-05-27,YINN,YINN,0.0,11.55,-0.0165,207512000.0,0.0,0.0,0.4471,-1797000.0,-10997000.0,BALANCED,1.1776
2020-05-28,YINN,YINN,0.0,11.66,0.0094,207512000.0,0.0,0.0,0.4471,-1797000.0,-7675000.0,BALANCED,1.1776
2020-05-29,YINN,YINN,0.0,12.39,0.0626,207512000.0,0.0,0.0,0.4234,0.0,-7675000.0,BALANCED,10.5849
2020-06-01,YINN,YINN,-2615000.0,13.07,0.0552,204897000.0,0.0,-2615000.0,-1.0443,-2615000.0,-8095000.0,BALANCED,-38.1086
2020-06-02,YINN,YINN,0.0,13.77,0.0535,204897000.0,0.0,0.0,0.4668,-2615000.0,-8095000.0,BALANCED,1.6696
2020-06-03,YINN,YINN,-4343000.0,14.48,0.0511,200554000.0,0.0,-4343000.0,-1.8438,-6958000.0,-12438000.0,DISTRIBUTION,-58.0947
2020-06-04,YINN,YINN,0.0,13.84,-0.0438,200554000.0,0.0,0.0,0.518,-6958000.0,-12438000.0,BALANCED,2.9501
2020-06-05,YINN,YINN,-1477000.0,14.77,0.0671,199077000.0,0.0,-1477000.0,-0.2594,-8435000.0,-13915000.0,BALANCED,-18.4843
2020-06-08,YINN,YINN,-7272000.0,14.54,-0.0153,191805000.0,0.0,-7272000.0,-2.8415,-13092000.0,-21187000.0,DISTRIBUTION,-85.0374
2020-06-09,YINN,YINN,-1433000.0,14.33,-0.0146,190372000.0,0.0,-1433000.0,-0.1031,-14525000.0,-22620000.0,BALANCED,-18.5778
2020-06-10,YINN,YINN,0.0,14.84,0.0357,190372000.0,0.0,0.0,0.5562,-10182000.0,-22015000.0,BALANCED,3.9048
2020-06-11,YINN,YINN,0.0,13.0,-0.1242,190372000.0,0.0,0.0,0.5067,-10182000.0,-22015000.0,BALANCED,2.6667
2020-06-12,YINN,YINN,-4046000.0,13.49,0.0373,186326000.0,0.0,-4046000.0,-1.7865,-12751000.0,-26061000.0,DISTRIBUTION,-56.6616
2020-06-15,YINN,YINN,0.0,13.13,-0.0266,186326000.0,0.0,0.0,0.5172,-5479000.0,-25484000.0,BALANCED,2.9291
2020-06-16,YINN,YINN,-2015000.0,13.43,0.0234,184311000.0,0.0,-2015000.0,-0.6149,-6061000.0,-27499000.0,BALANCED,-27.3725
2020-06-17,YINN,YINN,0.0,13.59,0.0119,184311000.0,0.0,0.0,0.5551,-6061000.0,-24998000.0,BALANCED,3.8783
2020-06-18,YINN,YINN,0.0,13.74,0.0104,184311000.0,0.0,0.0,0.5551,-6061000.0,-24998000.0,BALANCED,3.8783
2020-06-19,YINN,YINN,-2069000.0,13.79,0.0043,182242000.0,0.0,-2069000.0,-0.6056,-4084000.0,-25270000.0,BALANCED,-27.1393
2020-06-22,YINN,YINN,-3525000.0,14.1,0.0223,178717000.0,0.0,-3525000.0,-1.3451,-7609000.0,-28795000.0,BALANCED,-47.6283
2020-06-23,YINN,YINN,0.0,14.36,0.0199,178717000.0,0.0,0.0,0.645,-5594000.0,-28795000.0,BALANCED,6.1261
2020-06-24,YINN,YINN,0.0,13.91,-0.0309,178717000.0,0.0,0.0,0.6302,-5594000.0,-28795000.0,BALANCED,5.7547
2020-06-25,YINN,YINN,-2102000.0,14.02,0.0073,176615000.0,0.0,-2102000.0,-0.512,-7696000.0,-30897000.0,BALANCED,-24.7996
2020-06-26,YINN,YINN,0.0,13.62,-0.0283,176615000.0,0.0,0.0,0.6712,-5627000.0,-30897000.0,BALANCED,6.7791
2020-06-29,YINN,YINN,0.0,13.48,-0.0105,176615000.0,0.0,0.0,0.6566,-2102000.0,-28282000.0,BALANCED,6.4162
2020-06-30,YINN,YINN,0.0,13.12,-0.0263,176615000.0,0.0,0.0,0.6566,-2102000.0,-28282000.0,BALANCED,6.4162
2020-07-01,YINN,YINN,2716000.0,13.58,0.0347,179331000.0,2716000.0,0.0,1.9523,614000.0,-21223000.0,ACCUMULATION,60.8078
2020-07-02,YINN,YINN,0.0,14.89,0.0968,179331000.0,0.0,0.0,0.5251,2716000.0,-21223000.0,BALANCED,23.1275
2020-07-06,YINN,YINN,-2871000.0,19.14,0.285,176460000.0,0.0,-2871000.0,-0.952,-155000.0,-22617000.0,BALANCED,-35.8004
2020-07-07,YINN,YINN,1750000.0,17.5,-0.0854,178210000.0,1750000.0,0.0,1.3727,1595000.0,-13595000.0,BALANCED,46.3167
2020-07-08,YINN,YINN,18232000.0,19.19,0.0965,196442000.0,18232000.0,0.0,4.6137,19827000.0,6070000.0,ACCUMULATION,100.0
2020-07-09,YINN,YINN,0.0,18.8,-0.0205,196442000.0,0.0,0.0,0.0915,17111000.0,6070000.0,BALANCED,12.2881
2020-07-10,YINN,YINN,-1796000.0,17.96,-0.0446,194646000.0,0.0,-1796000.0,-0.3385,15315000.0,4274000.0,BALANCED,-0.4614
2020-07-13,YINN,YINN,0.0,17.34,-0.0344,194646000.0,0.0,0.0,0.1062,18186000.0,8320000.0,BALANCED,12.6543
2020-07-14,YINN,YINN,0.0,16.94,-0.0232,194646000.0,0.0,0.0,0.085,16436000.0,8320000.0,BALANCED,12.1257
2020-07-15,YINN,YINN,0.0,16.67,-0.0159,194646000.0,0.0,0.0,0.085,-1796000.0,10335000.0,BALANCED,-7.8743
2020-07-16,YINN,YINN,7765000.0,15.53,-0.0684,202411000.0,7765000.0,0.0,1.8312,5969000.0,18100000.0,ACCUMULATION,57.78
2020-07-17,YINN,YINN,9368000.0,15.61,0.0054,211779000.0,9368000.0,0.0,1.9825,17133000.0,27468000.0,ACCUMULATION,63.5627
2020-07-20,YINN,YINN,0.0,16.22,0.0387,211779000.0,0.0,0.0,-0.0936,17133000.0,29537000.0,BALANCED,7.6602
2020-07-21,YINN,YINN,11526000.0,16.47,0.0152,223305000.0,11526000.0,0.0,2.22,28659000.0,44588000.0,ACCUMULATION,67.5012
2020-07-22,YINN,YINN,0.0,15.77,-0.0423,223305000.0,0.0,0.0,-0.2336,28659000.0,44588000.0,BALANCED,4.1609
2020-07-23,YINN,YINN,-3853000.0,15.41,-0.0226,219452000.0,0.0,-3853000.0,-1.0082,17041000.0,40735000.0,BALANCED,-17.2057
2020-07-24,YINN,YINN,-3006000.0,15.03,-0.025,216446000.0,0.0,-3006000.0,-0.8014,4667000.0,39831000.0,BALANCED,-14.0361
2020-07-27,YINN,YINN,0.0,14.93,-0.0065,216446000.0,0.0,0.0,-0.2114,4667000.0,39831000.0,BALANCED,4.7147
2020-07-28,YINN,YINN,-2907000.0,14.54,-0.0265,213539000.0,0.0,-2907000.0,-0.7947,-9766000.0,36924000.0,BALANCED,-31.8668
2020-07-29,YINN,YINN,0.0,15.2,0.0454,213539000.0,0.0,0.0,-0.2042,-9766000.0,36924000.0,BALANCED,-15.1048
2020-07-30,YINN,YINN,0.0,14.72,-0.0313,213539000.0,0.0,0.0,-0.2042,-5913000.0,34208000.0,BALANCED,-15.1048
2020-07-31,YINN,YINN,0.0,14.28,-0.0295,213539000.0,0.0,0.0,-0.2042,-2907000.0,34208000.0,BALANCED,-15.1048
2020-08-03,YINN,YINN,5180000.0,14.8,0.0361,218719000.0,5180000.0,0.0,0.8267,2273000.0,42259000.0,BALANCED,32.6663
2020-08-04,YINN,YINN,0.0,15.81,0.068,218719000.0,0.0,0.0,-0.2826,5180000.0,40509000.0,BALANCED,2.9341
2020-08-05,YINN,YINN,1580000.0,15.8,-0.0001,220299000.0,1580000.0,0.0,0.0412,6760000.0,23857000.0,BALANCED,13.0291
2020-08-06,YINN,YINN,-2375000.0,15.84,0.002,217924000.0,0.0,-2375000.0,-0.7743,4385000.0,21482000.0,BALANCED,-11.358
2020-08-07,YINN,YINN,0.0,14.9,-0.059,217924000.0,0.0,0.0,-0.2918,4385000.0,23278000.0,BALANCED,2.7043
2020-08-10,YINN,YINN,0.0,15.22,0.0213,217924000.0,0.0,0.0,-0.2918,-795000.0,23278000.0,BALANCED,-17.2957
2020-08-11,YINN,YINN,0.0,15.18,-0.0029,217924000.0,0.0,0.0,-0.2918,-795000.0,23278000.0,BALANCED,-17.2957
2020-08-12,YINN,YINN,0.0,15.84,0.0439,217924000.0,0.0,0.0,-0.2918,-2375000.0,23278000.0,BALANCED,-17.2957
2020-08-13,YINN,YINN,0.0,15.75,-0.0057,217924000.0,0.0,0.0,-0.2727,0.0,15513000.0,BALANCED,-6.8168
2020-08-14,YINN,YINN,0.0,16.0,0.0159,217924000.0,0.0,0.0,-0.2727,0.0,6145000.0,BALANCED,-6.8168
2020-08-17,YINN,YINN,-1690000.0,16.9,0.0557,216234000.0,0.0,-1690000.0,-0.6435,-1690000.0,4455000.0,BALANCED,-28.0866
2020-08-18,YINN,YINN,0.0,17.09,0.0116,216234000.0,0.0,0.0,-0.2701,-1690000.0,-7071000.0,BALANCED,-16.753
2020-08-19,YINN,YINN,-4966000.0,16.55,-0.0314,211268000.0,0.0,-4966000.0,-1.5253,-6656000.0,-12037000.0,DISTRIBUTION,-50.1327
2020-08-20,YINN,YINN,0.0,16.78,0.0137,211268000.0,0.0,0.0,-0.1381,-6656000.0,-8184000.0,BALANCED,-13.4514
2020-08-21,YINN,YINN,-1723000.0,17.23,0.0265,209545000.0,0.0,-1723000.0,-0.6203,-8379000.0,-6901000.0,BALANCED,-27.5082
2020-08-24,YINN,YINN,-4447000.0,17.79,0.0326,205098000.0,0.0,-4447000.0,-1.2996,-11136000.0,-11348000.0,BALANCED,-46.4909
2020-08-25,YINN,YINN,-5401000.0,18.0,0.0121,199697000.0,0.0,-5401000.0,-1.4518,-16537000.0,-13842000.0,BALANCED,-52.2944
2020-08-26,YINN,YINN,-6267000.0,17.9,-0.0054,193430000.0,0.0,-6267000.0,-1.5518,-17838000.0,-20109000.0,DISTRIBUTION,-56.7959
2020-08-27,YINN,YINN,-4449000.0,17.8,-0.0061,188981000.0,0.0,-4449000.0,-1.0509,-22287000.0,-24558000.0,BALANCED,-46.2732
2020-08-28,YINN,YINN,0.0,18.22,0.024,188981000.0,0.0,0.0,0.2283,-20564000.0,-24558000.0,BALANCED,-4.2926
2020-08-31,YINN,YINN,-5091000.0,16.97,-0.0687,183890000.0,0.0,-5091000.0,-1.2178,-21208000.0,-34829000.0,BALANCED,-42.4441
2020-09-01,YINN,YINN,-881000.0,17.63,0.0388,183009000.0,0.0,-881000.0,0.1864,-16688000.0,-35710000.0,BALANCED,-9.3409
2020-09-02,YINN,YINN,0.0,17.41,-0.0122,183009000.0,0.0,0.0,0.5416,-10421000.0,-37290000.0,BALANCED,3.5399
2020-09-03,YINN,YINN,-7353000.0,16.34,-0.0616,175656000.0,0.0,-7353000.0,-2.2016,-13325000.0,-42268000.0,DISTRIBUTION,-67.0403
2020-09-04,YINN,YINN,-3304000.0,16.52,0.011,172352000.0,0.0,-3304000.0,-0.6836,-16629000.0,-45572000.0,BALANCED,-31.0896
2020-09-08,YINN,YINN,-774000.0,15.49,-0.0623,171578000.0,0.0,-774000.0,0.27,-12312000.0,-46346000.0,BALANCED,-9.2492
2020-09-09,YINN,YINN,0.0,15.81,0.0207,171578000.0,0.0,0.0,0.5235,-11431000.0,-46346000.0,BALANCED,3.0864
2020-09-10,YINN,YINN,-743000.0,14.87,-0.0595,170835000.0,0.0,-743000.0,0.2556,-12174000.0,-47089000.0,BALANCED,-5.6096
2020-09-11,YINN,YINN,0.0,15.3,0.0289,170835000.0,0.0,0.0,0.5347,-4821000.0,-47089000.0,BALANCED,3.368
2020-09-14,YINN,YINN,0.0,15.61,0.0203,170835000.0,0.0,0.0,0.5347,-1517000.0,-47089000.0,BALANCED,3.368
2020-09-15,YINN,YINN,0.0,16.03,0.0269,170835000.0,0.0,0.0,0.6732,-743000.0,-45399000.0,BALANCED,6.8292
2020-09-16,YINN,YINN,0.0,15.88,-0.0094,170835000.0,0.0,0.0,0.6732,-743000.0,-45399000.0,BALANCED,6.8292
2020-09-17,YINN,YINN,0.0,15.48,-0.0251,170835000.0,0.0,0.0,0.7122,0.0,-40433000.0,BALANCED,17.8058
2020-09-18,YINN,YINN,0.0,15.58,0.0064,170835000.0,0.0,0.0,0.6737,0.0,-40433000.0,BALANCED,16.8427
2020-09-21,YINN,YINN,0.0,15.14,-0.0282,170835000.0,0.0,0.0,0.6737,0.0,-38710000.0,BALANCED,16.8427
2020-09-22,YINN,YINN,4434000.0,14.78,-0.0238,175269000.0,4434000.0,0.0,2.2857,4434000.0,-29829000.0,ACCUMULATION,69.1426
2020-09-23,YINN,YINN,0.0,14.3,-0.0325,175269000.0,0.0,0.0,0.555,4434000.0,-24428000.0,BALANCED,23.8746
2020-09-24,YINN,YINN,8944000.0,13.76,-0.0378,184213000.0,8944000.0,0.0,3.1668,13378000.0,-9217000.0,ACCUMULATION,91.1695
2020-09-25,YINN,YINN,668000.0,13.35,-0.0298,184881000.0,668000.0,0.0,0.5547,14046000.0,-4100000.0,BALANCED,27.8687
2020-09-28,YINN,YINN,11176000.0,13.97,0.0464,196057000.0,11176000.0,0.0,3.0549,25222000.0,7076000.0,ACCUMULATION,92.3736
2020-09-29,YINN,YINN,0.0,13.8,-0.0122,196057000.0,0.0,0.0,0.1727,20788000.0,12167000.0,BALANCED,14.3171
2020-09-30,YINN,YINN,732000.0,14.64,0.0609,196789000.0,732000.0,0.0,0.3538,21520000.0,13780000.0,BALANCED,20.844
2020-10-01,YINN,YINN,0.0,15.17,0.0362,196789000.0,0.0,0.0,0.1265,12576000.0,13780000.0,BALANCED,13.1616
2020-10-02,YINN,YINN,-732000.0,14.65,-0.0343,196057000.0,0.0,-732000.0,-0.059,11176000.0,20401000.0,BALANCED,6.526
2020-10-05,YINN,YINN,741000.0,14.82,0.0116,196798000.0,741000.0,0.0,0.3056,741000.0,24446000.0,BALANCED,19.6404
2020-10-06,YINN,YINN,0.0,15.11,0.0196,196798000.0,0.0,0.0,0.074,741000.0,25220000.0,BALANCED,11.8499
2020-10-07,YINN,YINN,0.0,15.59,0.0318,196798000.0,0.0,0.0,0.0268,9000.0,25220000.0,BALANCED,10.6689
2020-10-08,YINN,YINN,1582000.0,15.82,0.0148,198380000.0,1582000.0,0.0,0.4133,1591000.0,27545000.0,BALANCED,22.3318
2020-10-09,YINN,YINN,2391000.0,15.94,0.0076,200771000.0,2391000.0,0.0,0.5986,4714000.0,29936000.0,BALANCED,28.966
2020-10-12,YINN,YINN,0.0,17.22,0.0803,200771000.0,0.0,0.0,-0.1178,3973000.0,29936000.0,BALANCED,7.0562
2020-10-13,YINN,YINN,-857000.0,17.15,-0.0041,199914000.0,0.0,-857000.0,-0.437,3116000.0,29079000.0,BALANCED,-2.9241
2020-10-14,YINN,YINN,-4125000.0,16.5,-0.0379,195789000.0,0.0,-4125000.0,-1.3846,-1009000.0,24954000.0,BALANCED,-48.6159
2020-10-15,YINN,YINN,-4836000.0,16.12,-0.023,190953000.0,0.0,-4836000.0,-1.4897,-7427000.0,20118000.0,BALANCED,-53.2417
2020-10-16,YINN,YINN,-10959000.0,16.86,0.0459,179994000.0,0.0,-10959000.0,-2.962,-20777000.0,9159000.0,DISTRIBUTION,-92.0504
2020-10-19,YINN,YINN,-1683000.0,16.83,-0.0018,178311000.0,0.0,-1683000.0,-0.5074,-22460000.0,7476000.0,BALANCED,-32.6839
2020-10-20,YINN,YINN,-3410000.0,17.05,0.0131,174901000.0,0.0,-3410000.0,-0.9355,-25013000.0,-368000.0,BALANCED,-45.3884
2020-10-21,YINN,YINN,0.0,17.51,0.027,174901000.0,0.0,0.0,-0.0294,-20888000.0,-368000.0,BALANCED,-10.7358
2020-10-22,YINN,YINN,-7164000.0,17.91,0.0228,167737000.0,0.0,-7164000.0,-1.7699,-23216000.0,-16476000.0,DISTRIBUTION,-56.2468
2020-10-23,YINN,YINN,-2706000.0,18.04,0.0073,165031000.0,0.0,-2706000.0,-0.6254,-14963000.0,-19850000.0,BALANCED,-29.635
2020-10-26,YINN,YINN,-6132000.0,17.52,-0.0288,158899000.0,0.0,-6132000.0,-1.3782,-19412000.0,-37158000.0,BALANCED,-50.4538
2020-10-27,YINN,YINN,-4405000.0,17.62,0.0057,154494000.0,0.0,-4405000.0,-0.914,-20407000.0,-41563000.0,BALANCED,-40.8503
2020-10-28,YINN,YINN,0.0,16.56,-0.0602,154494000.0,0.0,0.0,0.129,-20407000.0,-42295000.0,BALANCED,-6.7758
2020-10-29,YINN,YINN,-1731000.0,17.31,0.0453,152763000.0,0.0,-1731000.0,-0.267,-14974000.0,-44026000.0,BALANCED,-18.674
2020-10-30,YINN,YINN,-839000.0,16.78,-0.0306,151924000.0,0.0,-839000.0,-0.0494,-13107000.0,-44133000.0,BALANCED,-15.2342
2020-11-02,YINN,YINN,-1778000.0,17.78,0.0596,150146000.0,0.0,-1778000.0,-0.2573,-8753000.0,-46652000.0,BALANCED,-22.4331
2020-11-03,YINN,YINN,0.0,17.9,0.0067,150146000.0,0.0,0.0,0.2032,-4348000.0,-46652000.0,BALANCED,-4.919
2020-11-04,YINN,YINN,-4028000.0,20.14,0.1251,146118000.0,0.0,-4028000.0,-0.7351,-8376000.0,-50680000.0,BALANCED,-30.3776
2020-11-05,YINN,YINN,-20035000.0,21.09,0.0472,126083000.0,0.0,-20035000.0,-3.5865,-26680000.0,-72297000.0,DISTRIBUTION,-100.0
2020-11-06,YINN,YINN,-6336000.0,21.12,0.0014,119747000.0,0.0,-6336000.0,-0.8194,-32177000.0,-81024000.0,BALANCED,-36.4838
2020-11-09,YINN,YINN,-14157000.0,21.78,0.0312,105590000.0,0.0,-14157000.0,-2.2784,-44556000.0,-95181000.0,DISTRIBUTION,-74.9611
2020-11-10,YINN,YINN,-5070000.0,20.28,-0.0689,100520000.0,0.0,-5070000.0,-0.3872,-49626000.0,-99394000.0,BALANCED,-29.6794
2020-11-11,YINN,YINN,0.0,20.9,0.0306,100520000.0,0.0,0.0,0.6615,-45598000.0,-95269000.0,BALANCED,6.537
2020-11-12,YINN,YINN,0.0,20.24,-0.0316,100520000.0,0.0,0.0,0.6615,-25563000.0,-90433000.0,BALANCED,6.537
2020-11-13,YINN,YINN,0.0,20.71,0.0232,100520000.0,0.0,0.0,0.6545,-19227000.0,-79474000.0,BALANCED,6.3617
2020-11-16,YINN,YINN,-5245000.0,20.98,0.013,95275000.0,0.0,-5245000.0,-0.3859,-10315000.0,-83036000.0,BALANCED,-21.6482
2020-11-17,YINN,YINN,0.0,20.56,-0.02,95275000.0,0.0,0.0,0.7018,-5245000.0,-79626000.0,BALANCED,7.5455
2020-11-18,YINN,YINN,0.0,20.29,-0.0131,95275000.0,0.0,0.0,0.7018,-5245000.0,-79626000.0,BALANCED,7.5455
2020-11-19,YINN,YINN,0.0,20.25,-0.002,95275000.0,0.0,0.0,0.7199,-5245000.0,-72462000.0,BALANCED,7.9972
2020-11-20,YINN,YINN,2068000.0,20.68,0.0212,97343000.0,2068000.0,0.0,1.1585,-3177000.0,-67688000.0,BALANCED,20.9631
2020-11-23,YINN,YINN,0.0,20.44,-0.0116,97343000.0,0.0,0.0,0.7242,2068000.0,-61556000.0,BALANCED,28.1038
2020-11-24,YINN,YINN,10395000.0,20.79,0.0171,107738000.0,10395000.0,0.0,2.5053,12463000.0,-46756000.0,ACCUMULATION,74.6332
2020-11-25,YINN,YINN,0.0,20.43,-0.0174,107738000.0,0.0,0.0,0.5435,12463000.0,-46756000.0,BALANCED,23.5871
2020-11-27,YINN,YINN,0.0,22.25,0.0891,107738000.0,0.0,0.0,0.5124,12463000.0,-45025000.0,BALANCED,22.8089
2020-11-30,YINN,YINN,-2003000.0,20.03,-0.0998,105735000.0,0.0,-2003000.0,0.091,8392000.0,-46189000.0,BALANCED,10.2754
2020-12-01,YINN,YINN,0.0,20.65,0.031,105735000.0,0.0,0.0,0.4646,8392000.0,-44411000.0,BALANCED,21.6148
2020-12-02,YINN,YINN,3035000.0,20.23,-0.0203,108770000.0,3035000.0,0.0,0.9891,1032000.0,-41376000.0,BALANCED,36.7278
2020-12-03,YINN,YINN,0.0,20.21,-0.001,108770000.0,0.0,0.0,0.4162,1032000.0,-37348000.0,BALANCED,20.4038
2020-12-04,YINN,YINN,5075000.0,20.3,0.0045,113845000.0,5075000.0,0.0,1.279,6107000.0,-12238000.0,BALANCED,43.974
2020-12-07,YINN,YINN,0.0,19.71,-0.029,113845000.0,0.0,0.0,0.3172,8110000.0,-5902000.0,BALANCED,17.9291
2020-12-08,YINN,YINN,0.0,19.53,-0.0093,113845000.0,0.0,0.0,0.2822,8110000.0,8255000.0,BALANCED,17.055
2020-12-09,YINN,YINN,940000.0,18.8,-0.0373,114785000.0,940000.0,0.0,0.4262,6015000.0,14265000.0,BALANCED,22.656
2020-12-10,YINN,YINN,1951000.0,19.51,0.0378,116736000.0,1951000.0,0.0,0.6011,7966000.0,16216000.0,BALANCED,29.0281
2020-12-11,YINN,YINN,4750000.0,19.0,-0.0261,121486000.0,4750000.0,0.0,1.0629,7641000.0,20966000.0,BALANCED,42.5736
2020-12-14,YINN,YINN,0.0,18.94,-0.0032,121486000.0,0.0,0.0,0.1861,7641000.0,20966000.0,BALANCED,14.6518
2020-12-15,YINN,YINN,0.0,19.04,0.0053,121486000.0,0.0,0.0,0.1752,7641000.0,26211000.0,BALANCED,14.3792
2020-12-16,YINN,YINN,0.0,19.11,0.0037,121486000.0,0.0,0.0,0.1752,6701000.0,26211000.0,BALANCED,14.3792
2020-12-17,YINN,YINN,0.0,19.48,0.0194,121486000.0,0.0,0.0,0.1513,4750000.0,26211000.0,BALANCED,13.7836
2020-12-18,YINN,YINN,0.0,19.38,-0.0051,121486000.0,0.0,0.0,0.038,0.0,26211000.0,BALANCED,0.9499
2020-12-21,YINN,YINN,0.0,18.92,-0.0237,121486000.0,0.0,0.0,-0.015,0.0,24143000.0,BALANCED,-0.3754
2020-12-22,YINN,YINN,0.0,18.64,-0.01,121486000.0,0.0,0.0,-0.1909,0.0,24143000.0,BALANCED,-4.7732
2020-12-23,YINN,YINN,1912000.0,19.12,0.0258,123398000.0,1912000.0,0.0,0.4464,1912000.0,15660000.0,BALANCED,23.1594
2020-12-24,YINN,YINN,0.0,18.17,-0.0497,123398000.0,0.0,0.0,-0.2962,1912000.0,15660000.0,BALANCED,2.596
2020-12-28,YINN,YINN,0.0,18.26,0.005,123398000.0,0.0,0.0,-0.2962,1912000.0,15660000.0,BALANCED,2.596
2020-12-29,YINN,YINN,-1897000.0,18.97,0.0389,121501000.0,0.0,-1897000.0,-0.992,15000.0,15766000.0,BALANCED,-16.8002
2020-12-30,YINN,YINN,0.0,19.91,0.0496,121501000.0,0.0,0.0,-0.3689,15000.0,15766000.0,BALANCED,0.7785
2020-12-31,YINN,YINN,0.0,20.16,0.0125,121501000.0,0.0,0.0,-0.3689,-1897000.0,12731000.0,BALANCED,-19.2215
2021-01-04,YINN,YINN,-2998000.0,19.99,-0.0084,118503000.0,0.0,-2998000.0,-1.5277,-4895000.0,9733000.0,DISTRIBUTION,-50.1921
2021-01-05,YINN,YINN,-5407000.0,21.63,0.082,113096000.0,0.0,-5407000.0,-2.2119,-10302000.0,-749000.0,DISTRIBUTION,-69.2982
2021-01-06,YINN,YINN,0.0,20.88,-0.0347,113096000.0,0.0,0.0,-0.1944,-8405000.0,-749000.0,BALANCED,-14.8611
2021-01-07,YINN,YINN,2133000.0,21.33,0.0216,115229000.0,2133000.0,0.0,0.5662,-6272000.0,1384000.0,BALANCED,6.1548
2021-01-08,YINN,YINN,0.0,22.66,0.0624,115229000.0,0.0,0.0,-0.1257,-6272000.0,444000.0,BALANCED,-13.1432
2021-01-11,YINN,YINN,0.0,21.75,-0.0402,115229000.0,0.0,0.0,-0.1257,-3274000.0,-1507000.0,BALANCED,-13.1432
2021-01-12,YINN,YINN,0.0,22.6,0.0391,115229000.0,0.0,0.0,-0.1257,2133000.0,-6257000.0,BALANCED,6.8568
2021-01-13,YINN,YINN,-5700000.0,22.8,0.0088,109529000.0,0.0,-5700000.0,-2.6124,-3567000.0,-11957000.0,DISTRIBUTION,-77.3094
2021-01-14,YINN,YINN,-1156000.0,23.12,0.014,108373000.0,0.0,-1156000.0,-0.5547,-6856000.0,-13113000.0,BALANCED,-27.8674
2021-01-15,YINN,YINN,0.0,23.09,-0.0013,108373000.0,0.0,0.0,0.0061,-6856000.0,-13113000.0,BALANCED,-9.8477
2021-01-19,YINN,YINN,10428000.0,26.07,0.1291,118801000.0,10428000.0,0.0,3.4923,3572000.0,-2685000.0,ACCUMULATION,99.3079
2021-01-20,YINN,YINN,18506000.0,28.47,0.0921,137307000.0,18506000.0,0.0,4.0923,22078000.0,15821000.0,ACCUMULATION,100.0
2021-01-21,YINN,YINN,0.0,27.99,-0.0169,137307000.0,0.0,0.0,-0.1806,27778000.0,15821000.0,BALANCED,5.4857
2021-01-22,YINN,YINN,0.0,27.57,-0.015,137307000.0,0.0,0.0,-0.1806,28934000.0,15821000.0,BALANCED,5.4857
2021-01-25,YINN,YINN,0.0,29.48,0.0693,137307000.0,0.0,0.0,-0.1733,28934000.0,13909000.0,BALANCED,5.6687
2021-01-26,YINN,YINN,0.0,28.56,-0.0312,137307000.0,0.0,0.0,-0.1584,18506000.0,13909000.0,BALANCED,6.0403
2021-01-27,YINN,YINN,0.0,25.42,-0.1099,137307000.0,0.0,0.0,-0.1237,0.0,13909000.0,BALANCED,-3.0936
2021-01-28,YINN,YINN,0.0,25.57,0.0059,137307000.0,0.0,0.0,-0.1237,0.0,15806000.0,BALANCED,-3.0936
2021-01-29,YINN,YINN,0.0,23.8,-0.0692,137307000.0,0.0,0.0,-0.1237,0.0,15806000.0,BALANCED,-3.0936
2021-02-01,YINN,YINN,-12875000.0,25.75,0.0819,124432000.0,0.0,-12875000.0,-2.6395,-12875000.0,2931000.0,DISTRIBUTION,-77.9884
2021-02-02,YINN,YINN,0.0,26.85,0.0427,124432000.0,0.0,0.0,-0.02,-12875000.0,5929000.0,BALANCED,-10.4995
2021-02-03,YINN,YINN,0.0,27.04,0.0071,124432000.0,0.0,0.0,-0.02,-12875000.0,11336000.0,BALANCED,-10.4995
2021-02-04,YINN,YINN,0.0,26.65,-0.0144,124432000.0,0.0,0.0,-0.02,-12875000.0,11336000.0,BALANCED,-10.4995
2021-02-05,YINN,YINN,0.0,27.26,0.0229,124432000.0,0.0,0.0,-0.02,-12875000.0,9203000.0,BALANCED,-10.4995
2021-02-08,YINN,YINN,0.0,26.99,-0.0099,124432000.0,0.0,0.0,-0.007,0.0,9203000.0,BALANCED,-0.1757
2021-02-09,YINN,YINN,0.0,28.06,0.0396,124432000.0,0.0,0.0,-0.007,0.0,9203000.0,BALANCED,-0.1757
2021-02-10,YINN,YINN,0.0,28.89,0.0296,124432000.0,0.0,0.0,-0.007,0.0,9203000.0,BALANCED,-0.1757
2021-02-11,YINN,YINN,-9120000.0,30.4,0.0523,115312000.0,0.0,-9120000.0,-1.7237,-9120000.0,5783000.0,DISTRIBUTION,-55.0935
2021-02-12,YINN,YINN,-1516000.0,30.32,-0.0026,113796000.0,0.0,-1516000.0,-0.2432,-10636000.0,5423000.0,BALANCED,-20.0812
2021-02-16,YINN,YINN,-13666000.0,30.37,0.0016,100130000.0,0.0,-13666000.0,-2.2625,-24302000.0,-8243000.0,DISTRIBUTION,-72.5632
2021-02-17,YINN,YINN,-6366000.0,31.83,0.0481,93764000.0,0.0,-6366000.0,-0.9547,-30668000.0,-25037000.0,BALANCED,-41.8682
2021-02-18,YINN,YINN,-2978000.0,29.78,-0.0644,90786000.0,0.0,-2978000.0,-0.3883,-33646000.0,-46521000.0,BALANCED,-29.7065
2021-02-19,YINN,YINN,-3031000.0,30.31,0.0178,87755000.0,0.0,-3031000.0,-0.3791,-27557000.0,-49552000.0,BALANCED,-31.4763
2021-02-22,YINN,YINN,-2697000.0,26.97,-0.1102,85058000.0,0.0,-2697000.0,-0.2942,-28738000.0,-52249000.0,BALANCED,-31.3545
2021-02-23,YINN,YINN,-6807000.0,27.23,0.0096,78251000.0,0.0,-6807000.0,-0.9542,-21879000.0,-59056000.0,BALANCED,-49.8559
2021-02-24,YINN,YINN,-8914000.0,25.47,-0.0646,69337000.0,0.0,-8914000.0,-1.2304,-24427000.0,-67970000.0,BALANCED,-58.7606
2021-02-25,YINN,YINN,17017000.0,24.31,-0.0455,86354000.0,17017000.0,0.0,2.6097,-4432000.0,-50953000.0,ACCUMULATION,57.2428
2021-02-26,YINN,YINN,0.0,23.07,-0.051,86354000.0,0.0,0.0,0.1131,-1401000.0,-50953000.0,BALANCED,-7.1735
2021-03-01,YINN,YINN,0.0,24.9,0.0795,86354000.0,0.0,0.0,0.1074,1296000.0,-50953000.0,BALANCED,12.6851
2021-03-02,YINN,YINN,0.0,23.47,-0.0577,86354000.0,0.0,0.0,0.1074,8103000.0,-38078000.0,BALANCED,12.6851
2021-03-03,YINN,YINN,13206000.0,24.01,0.0232,99560000.0,13206000.0,0.0,1.9763,30223000.0,-24872000.0,ACCUMULATION,61.407
2021-03-04,YINN,YINN,1097000.0,21.94,-0.0862,100657000.0,1097000.0,0.0,0.3853,14303000.0,-23775000.0,BALANCED,23.6332
2021-03-05,YINN,YINN,4524000.0,22.62,0.031,105181000.0,4524000.0,0.0,0.9164,18827000.0,-19251000.0,BALANCED,38.9107
2021-03-08,YINN,YINN,10115000.0,20.23,-0.1057,115296000.0,10115000.0,0.0,1.6855,28942000.0,-9136000.0,ACCUMULATION,60.1369
2021-03-09,YINN,YINN,15085000.0,21.55,0.0652,130381000.0,15085000.0,0.0,2.1708,44027000.0,5949000.0,ACCUMULATION,74.2703
2021-03-10,YINN,YINN,0.0,21.04,-0.0237,130381000.0,0.0,0.0,0.0327,30821000.0,5949000.0,BALANCED,10.8181
2021-03-11,YINN,YINN,0.0,23.31,0.1079,130381000.0,0.0,0.0,0.0327,29724000.0,5949000.0,BALANCED,10.8181
2021-03-12,YINN,YINN,5338000.0,21.35,-0.0841,135719000.0,5338000.0,0.0,0.7563,30538000.0,20407000.0,BALANCED,30.9067
2021-03-15,YINN,YINN,10615000.0,21.23,-0.0056,146334000.0,10615000.0,0.0,1.3957,31038000.0,32538000.0,BALANCED,48.8935
2021-03-16,YINN,YINN,0.0,21.8,0.0268,146334000.0,0.0,0.0,-0.1049,15953000.0,46204000.0,BALANCED,7.3774
2021-03-17,YINN,YINN,5440000.0,21.76,-0.0018,151774000.0,5440000.0,0.0,0.646,21393000.0,58010000.0,BALANCED,28.1495
2021-03-18,YINN,YINN,0.0,21.18,-0.0267,151774000.0,0.0,0.0,-0.13,21393000.0,60988000.0,BALANCED,6.7499
2021-03-19,YINN,YINN,8480000.0,21.2,0.0009,160254000.0,8480000.0,0.0,1.0201,24535000.0,72499000.0,BALANCED,37.5033
2021-03-22,YINN,YINN,0.0,21.1,-0.0047,160254000.0,0.0,0.0,-0.1672,13920000.0,75196000.0,BALANCED,5.8204
2021-03-23,YINN,YINN,6871000.0,19.63,-0.0675,167125000.0,6871000.0,0.0,0.7554,20791000.0,88874000.0,BALANCED,30.8839
2021-03-24,YINN,YINN,10476000.0,17.46,-0.1105,177601000.0,10476000.0,0.0,1.1774,25827000.0,108264000.0,BALANCED,43.4344
2021-03-25,YINN,YINN,19503000.0,17.73,0.0155,197104000.0,19503000.0,0.0,2.1195,45330000.0,110750000.0,ACCUMULATION,68.9878
2021-03-26,YINN,YINN,0.0,19.29,0.088,197104000.0,0.0,0.0,-0.3506,36850000.0,110750000.0,BALANCED,1.2338
2021-03-29,YINN,YINN,19929000.0,18.98,-0.0161,217033000.0,19929000.0,0.0,1.9776,56779000.0,130679000.0,ACCUMULATION,61.4395
2021-03-30,YINN,YINN,3842000.0,19.21,0.0121,220875000.0,3842000.0,0.0,-0.0238,53750000.0,134521000.0,BALANCED,13.4053
2021-03-31,YINN,YINN,0.0,19.27,0.0031,220875000.0,0.0,0.0,-0.5669,43274000.0,121315000.0,BALANCED,-4.1724
2021-04-01,YINN,YINN,-12150000.0,20.25,0.0509,208725000.0,0.0,-12150000.0,-2.0224,11621000.0,108068000.0,DISTRIBUTION,-42.5592
2021-04-05,YINN,YINN,0.0,20.3,0.0025,208725000.0,0.0,0.0,-0.5118,11621000.0,103544000.0,BALANCED,-2.7943
2021-04-06,YINN,YINN,-5102000.0,20.41,0.0054,203623000.0,0.0,-5102000.0,-1.1372,-13410000.0,88327000.0,BALANCED,-40.4301
2021-04-07,YINN,YINN,-951000.0,19.02,-0.0681,202672000.0,0.0,-951000.0,-0.6572,-18203000.0,72291000.0,BALANCED,-30.4292
2021-04-08,YINN,YINN,6920000.0,19.77,0.0394,209592000.0,6920000.0,0.0,0.3047,-11283000.0,79211000.0,BALANCED,-0.3828
2021-04-09,YINN,YINN,-4760000.0,19.04,-0.0369,204832000.0,0.0,-4760000.0,-1.213,-3893000.0,74451000.0,BALANCED,-42.3243
2021-04-12,YINN,YINN,0.0,18.97,-0.0037,204832000.0,0.0,0.0,-0.55,-3893000.0,69113000.0,BALANCED,-23.7507
2021-04-13,YINN,YINN,2840000.0,18.93,-0.0021,207672000.0,2840000.0,0.0,-0.1685,4049000.0,61338000.0,BALANCED,7.7874
2021-04-14,YINN,YINN,4778000.0,19.11,0.0095,212450000.0,4778000.0,0.0,0.0809,9778000.0,66116000.0,BALANCED,16.0226
2021-04-15,YINN,YINN,0.0,19.19,0.0042,212450000.0,0.0,0.0,-0.5426,2858000.0,60676000.0,BALANCED,-3.5656
2021-04-16,YINN,YINN,-975000.0,19.5,0.0162,211475000.0,0.0,-975000.0,-0.6696,6643000.0,59701000.0,BALANCED,-8.7405
2021-04-19,YINN,YINN,0.0,19.49,-0.0005,211475000.0,0.0,0.0,-0.506,6643000.0,51221000.0,BALANCED,-2.649
2021-04-20,YINN,YINN,2900000.0,19.33,-0.0082,214375000.0,2900000.0,0.0,-0.0584,6703000.0,54121000.0,BALANCED,10.5396
2021-04-21,YINN,YINN,2910000.0,19.4,0.0036,217285000.0,2910000.0,0.0,0.002,4835000.0,50160000.0,BALANCED,14.0506
2021-04-22,YINN,YINN,-1958000.0,19.58,0.0093,215327000.0,0.0,-1958000.0,-0.7298,2877000.0,37726000.0,BALANCED,-10.2449
2021-04-23,YINN,YINN,-6105000.0,20.35,0.0393,209222000.0,0.0,-6105000.0,-1.2946,-2253000.0,12118000.0,BALANCED,-46.3648
2021-04-26,YINN,YINN,-971000.0,19.43,-0.0452,208251000.0,0.0,-971000.0,-0.5015,-3224000.0,11147000.0,BALANCED,-28.5384
2021-04-27,YINN,YINN,11796000.0,19.66,0.0118,220047000.0,11796000.0,0.0,1.3715,5672000.0,3014000.0,BALANCED,46.287
2021-04-28,YINN,YINN,-1994000.0,19.94,0.0142,218053000.0,0.0,-1994000.0,-0.6407,768000.0,-2822000.0,BALANCED,-8.0168
2021-04-29,YINN,YINN,0.0,19.89,-0.0025,218053000.0,0.0,0.0,-0.3234,2726000.0,-2822000.0,BALANCED,1.916
2021-04-30,YINN,YINN,0.0,18.68,-0.0608,218053000.0,0.0,0.0,-0.3234,8831000.0,9328000.0,BALANCED,1.916
2021-05-03,YINN,YINN,9185000.0,18.37,-0.0166,227238000.0,9185000.0,0.0,1.0141,18987000.0,18513000.0,BALANCED,37.3516
2021-05-04,YINN,YINN,0.0,17.82,-0.0299,227238000.0,0.0,0.0,-0.3257,7191000.0,23615000.0,BALANCED,1.858
2021-05-05,YINN,YINN,5427000.0,18.09,0.0152,232665000.0,5427000.0,0.0,0.4749,14612000.0,29993000.0,BALANCED,23.873
2021-05-06,YINN,YINN,0.0,18.24,0.0083,232665000.0,0.0,0.0,-0.2758,14612000.0,23073000.0,BALANCED,3.104
2021-05-07,YINN,YINN,-4597000.0,18.39,0.0082,228068000.0,0.0,-4597000.0,-0.9615,10015000.0,23236000.0,BALANCED,-16.0385
2021-05-10,YINN,YINN,2523000.0,16.82,-0.0854,230591000.0,2523000.0,0.0,0.2402,3353000.0,25759000.0,BALANCED,18.0046
2021-05-11,YINN,YINN,10920000.0,16.8,-0.0012,241511000.0,10920000.0,0.0,2.0079,14273000.0,33839000.0,ACCUMULATION,64.1979
2021-05-12,YINN,YINN,0.0,16.18,-0.0369,241511000.0,0.0,0.0,-0.1375,8846000.0,29061000.0,BALANCED,6.5615
2021-05-13,YINN,YINN,6196000.0,15.49,-0.0426,247707000.0,6196000.0,0.0,1.0398,15042000.0,35257000.0,BALANCED,37.9941
2021-05-14,YINN,YINN,0.0,16.19,0.0452,247707000.0,0.0,0.0,-0.2906,19639000.0,36232000.0,BALANCED,2.7341
2021-05-17,YINN,YINN,1667000.0,16.67,0.0296,249374000.0,1667000.0,0.0,0.0699,18783000.0,37899000.0,BALANCED,13.7473
2021-05-18,YINN,YINN,4268000.0,17.07,0.024,253642000.0,4268000.0,0.0,0.6016,12131000.0,39267000.0,BALANCED,29.0409
2021-05-19,YINN,YINN,-3444000.0,17.22,0.0088,250198000.0,0.0,-3444000.0,-1.1433,8687000.0,32913000.0,BALANCED,-20.5817
2021-05-20,YINN,YINN,-1773000.0,17.73,0.0296,248425000.0,0.0,-1773000.0,-0.71,718000.0,33098000.0,BALANCED,-11.7509
2021-05-21,YINN,YINN,-861000.0,17.22,-0.0288,247564000.0,0.0,-861000.0,-0.5457,-143000.0,38342000.0,BALANCED,-29.6415
2021-05-24,YINN,YINN,-857000.0,17.15,-0.0041,246707000.0,0.0,-857000.0,-0.5362,-2667000.0,38456000.0,BALANCED,-31.4057
2021-05-25,YINN,YINN,-918000.0,18.37,0.0711,245789000.0,0.0,-918000.0,-0.5195,-7853000.0,25742000.0,BALANCED,-32.9878
2021-05-26,YINN,YINN,-1870000.0,18.7,0.018,243919000.0,0.0,-1870000.0,-0.6955,-6279000.0,25866000.0,BALANCED,-39.3885
2021-05-27,YINN,YINN,0.0,18.67,-0.0016,243919000.0,0.0,0.0,-0.25,-4506000.0,25866000.0,BALANCED,-16.2488
2021-05-28,YINN,YINN,0.0,18.47,-0.0107,243919000.0,0.0,0.0,-0.2585,-3645000.0,25866000.0,BALANCED,-16.4616
2021-06-01,YINN,YINN,-1992000.0,19.92,0.0785,241927000.0,0.0,-1992000.0,-0.713,-4780000.0,14689000.0,BALANCED,-29.8243
2021-06-02,YINN,YINN,-3936000.0,19.68,-0.012,237991000.0,0.0,-3936000.0,-1.0994,-7798000.0,10753000.0,BALANCED,-41.4845
2021-06-03,YINN,YINN,-925000.0,18.51,-0.0595,237066000.0,0.0,-925000.0,-0.3695,-6853000.0,4401000.0,BALANCED,-25.2373
2021-06-04,YINN,YINN,0.0,19.08,0.0308,237066000.0,0.0,0.0,-0.17,-6853000.0,4401000.0,BALANCED,-14.251
2021-06-07,YINN,YINN,7388000.0,18.47,-0.032,244454000.0,7388000.0,0.0,1.4697,535000.0,16386000.0,BALANCED,48.7426
2021-06-08,YINN,YINN,0.0,18.2,-0.0146,244454000.0,0.0,0.0,-0.2863,2527000.0,13863000.0,BALANCED,2.8416
2021-06-09,YINN,YINN,0.0,18.2,0.0,244454000.0,0.0,0.0,-0.2191,6463000.0,2943000.0,BALANCED,4.522
2021-06-10,YINN,YINN,4625000.0,18.5,0.0165,249079000.0,4625000.0,0.0,0.9609,12013000.0,7568000.0,BALANCED,36.0226
2021-06-11,YINN,YINN,0.0,18.37,-0.007,249079000.0,0.0,0.0,-0.2768,12013000.0,1372000.0,BALANCED,3.0812
2021-06-14,YINN,YINN,-1853000.0,18.53,0.0087,247226000.0,0.0,-1853000.0,-0.7495,2772000.0,-481000.0,BALANCED,-10.7375
2021-06-15,YINN,YINN,0.0,17.77,-0.041,247226000.0,0.0,0.0,-0.1938,2772000.0,-2148000.0,BALANCED,5.1554
2021-06-16,YINN,YINN,0.0,16.95,-0.0461,247226000.0,0.0,0.0,-0.1938,2772000.0,-6416000.0,BALANCED,5.1554
2021-06-17,YINN,YINN,5301000.0,17.67,0.0425,252527000.0,5301000.0,0.0,1.3516,3448000.0,2329000.0,BALANCED,45.7897
2021-06-18,YINN,YINN,0.0,17.72,0.0028,252527000.0,0.0,0.0,-0.1929,3448000.0,4102000.0,BALANCED,5.1776
2021-06-21,YINN,YINN,-885000.0,17.71,-0.0006,251642000.0,0.0,-885000.0,-0.5062,4416000.0,4078000.0,BALANCED,-4.6558
2021-06-22,YINN,YINN,0.0,17.28,-0.0242,251642000.0,0.0,0.0,-0.2135,4416000.0,4935000.0,BALANCED,4.6627
2021-06-23,YINN,YINN,0.0,17.93,0.0376,251642000.0,0.0,0.0,-0.1269,4416000.0,5853000.0,BALANCED,6.8277
2021-06-24,YINN,YINN,-925000.0,18.5,0.0318,250717000.0,0.0,-925000.0,-0.4613,-1810000.0,6798000.0,BALANCED,-23.5314
2021-06-25,YINN,YINN,-3910000.0,19.55,0.0568,246807000.0,0.0,-3910000.0,-1.5298,-5720000.0,2888000.0,DISTRIBUTION,-52.2461
2021-06-28,YINN,YINN,-2953000.0,19.69,0.0072,243854000.0,0.0,-2953000.0,-1.0899,-7788000.0,-65000.0,BALANCED,-43.2463
2021-06-29,YINN,YINN,0.0,19.25,-0.0223,243854000.0,0.0,0.0,0.0716,-7788000.0,1927000.0,BALANCED,-8.2099
2021-06-30,YINN,YINN,1858000.0,18.58,-0.0348,245712000.0,1858000.0,0.0,0.8624,-5930000.0,7721000.0,BALANCED,13.5592
2021-07-01,YINN,YINN,-1829000.0,18.29,-0.0156,243883000.0,0.0,-1829000.0,-0.6727,-6834000.0,6817000.0,BALANCED,-28.8163
2021-07-02,YINN,YINN,3516000.0,17.58,-0.0388,247399000.0,3516000.0,0.0,1.4313,592000.0,10333000.0,BALANCED,47.7834
2021-07-06,YINN,YINN,27370000.0,16.1,-0.0842,274769000.0,27370000.0,0.0,4.7446,30915000.0,30315000.0,ACCUMULATION,100.0
2021-07-07,YINN,YINN,0.0,16.19,0.0056,274769000.0,0.0,0.0,-0.1679,30915000.0,30315000.0,BALANCED,5.8019
2021-07-08,YINN,YINN,12478000.0,14.68,-0.0933,287247000.0,12478000.0,0.0,1.8676,41535000.0,42793000.0,ACCUMULATION,58.6909
2021-07-09,YINN,YINN,15143000.0,15.94,0.0858,302390000.0,15143000.0,0.0,2.0573,58507000.0,53311000.0,ACCUMULATION,65.4318
2021-07-12,YINN,YINN,0.0,15.78,-0.01,302390000.0,0.0,0.0,-0.3039,54991000.0,53311000.0,BALANCED,2.4024
2021-07-13,YINN,YINN,0.0,16.31,0.0336,302390000.0,0.0,0.0,-0.3039,27621000.0,55164000.0,BALANCED,2.4024
2021-07-14,YINN,YINN,0.0,16.1,-0.0129,302390000.0,0.0,0.0,-0.3158,27621000.0,55164000.0,BALANCED,2.1042
2021-07-15,YINN,YINN,0.0,16.57,0.0292,302390000.0,0.0,0.0,-0.341,15143000.0,55164000.0,BALANCED,1.4744
2021-07-16,YINN,YINN,-1619000.0,16.19,-0.0229,300771000.0,0.0,-1619000.0,-0.5933,-1619000.0,48244000.0,BALANCED,-26.8333
2021-07-19,YINN,YINN,-4662000.0,15.54,-0.0401,296109000.0,0.0,-4662000.0,-1.033,-6281000.0,43582000.0,BALANCED,-39.8255
2021-07-20,YINN,YINN,0.0,15.31,-0.0148,296109000.0,0.0,0.0,-0.2714,-6281000.0,44467000.0,BALANCED,-16.7849
2021-07-21,YINN,YINN,7725000.0,15.45,0.0091,303834000.0,7725000.0,0.0,0.8938,1444000.0,52192000.0,BALANCED,34.3453
2021-07-22,YINN,YINN,0.0,15.64,0.0123,303834000.0,0.0,0.0,-0.3079,1444000.0,52192000.0,BALANCED,2.3022
2021-07-23,YINN,YINN,7220000.0,14.44,-0.0767,311054000.0,7220000.0,0.0,0.7951,10283000.0,60337000.0,BALANCED,31.8777
2021-07-26,YINN,YINN,30906000.0,12.12,-0.1607,341960000.0,30906000.0,0.0,3.3369,45851000.0,95153000.0,ACCUMULATION,97.4225
2021-07-27,YINN,YINN,60060000.0,10.92,-0.099,402020000.0,60060000.0,0.0,4.1371,105911000.0,158166000.0,ACCUMULATION,100.0
2021-07-28,YINN,YINN,-644000.0,12.89,0.1804,401376000.0,0.0,-644000.0,-0.4354,97542000.0,157522000.0,BALANCED,-2.8859
2021-07-29,YINN,YINN,-2470000.0,12.35,-0.0419,398906000.0,0.0,-2470000.0,-0.565,95072000.0,153194000.0,BALANCED,-8.1254
2021-07-30,YINN,YINN,0.0,11.99,-0.0292,398906000.0,0.0,0.0,-0.3654,87852000.0,155023000.0,BALANCED,0.8639
2021-08-02,YINN,YINN,0.0,12.5,0.0425,398906000.0,0.0,0.0,-0.3654,56946000.0,151507000.0,BALANCED,0.8639
2021-08-03,YINN,YINN,-2444000.0,12.22,-0.0224,396462000.0,0.0,-2444000.0,-0.5435,-5558000.0,121693000.0,BALANCED,-25.5883
2021-08-04,YINN,YINN,0.0,12.71,0.0401,396462000.0,0.0,0.0,-0.3608,-4914000.0,121693000.0,BALANCED,-19.0211
2021-08-05,YINN,YINN,-1843000.0,12.29,-0.033,394619000.0,0.0,-1843000.0,-0.493,-4287000.0,107372000.0,BALANCED,-24.3254
2021-08-06,YINN,YINN,3555000.0,11.85,-0.0358,398174000.0,3555000.0,0.0,-0.1018,-732000.0,95784000.0,BALANCED,-10.5445
2021-08-09,YINN,YINN,-1876000.0,12.51,0.0557,396298000.0,0.0,-1876000.0,-0.5148,-2608000.0,93908000.0,BALANCED,-24.8705
2021-08-10,YINN,YINN,-1292000.0,12.92,0.0328,395006000.0,0.0,-1292000.0,-0.4762,-1456000.0,92616000.0,BALANCED,-25.906
2021-08-11,YINN,YINN,-3312000.0,13.25,0.0255,391694000.0,0.0,-3312000.0,-0.6173,-4768000.0,89304000.0,BALANCED,-31.4315
2021-08-12,YINN,YINN,632000.0,12.64,-0.046,392326000.0,632000.0,0.0,-0.3185,-2293000.0,89936000.0,BALANCED,-15.9619
2021-08-13,YINN,YINN,0.0,12.66,0.0016,392326000.0,0.0,0.0,-0.3711,-5848000.0,91555000.0,BALANCED,-19.2776
2021-08-16,YINN,YINN,0.0,12.02,-0.0506,392326000.0,0.0,0.0,-0.3615,-3972000.0,96217000.0,BALANCED,-19.0386
2021-08-17,YINN,YINN,7157000.0,11.01,-0.084,399483000.0,7157000.0,0.0,0.2366,4477000.0,103374000.0,BALANCED,17.9154
2021-08-18,YINN,YINN,1692000.0,11.28,0.0245,401175000.0,1692000.0,0.0,-0.1991,9481000.0,97341000.0,BALANCED,9.0218
2021-08-19,YINN,YINN,9540000.0,10.6,-0.0603,410715000.0,9540000.0,0.0,0.4302,18389000.0,106881000.0,BALANCED,26.7559
2021-08-20,YINN,YINN,9776000.0,10.29,-0.0292,420491000.0,9776000.0,0.0,0.4678,28165000.0,109437000.0,BALANCED,29.6939
2021-08-23,YINN,YINN,0.0,10.89,0.0584,420491000.0,0.0,0.0,-0.3153,28165000.0,78531000.0,BALANCED,2.1163
2021-08-24,YINN,YINN,0.0,12.03,0.1049,420491000.0,0.0,0.0,-0.3153,21008000.0,18471000.0,BALANCED,2.1163
2021-08-25,YINN,YINN,0.0,11.73,-0.0251,420491000.0,0.0,0.0,-0.3153,19316000.0,19115000.0,BALANCED,2.1163
2021-08-26,YINN,YINN,27367000.0,11.17,-0.0479,447858000.0,27367000.0,0.0,1.7102,37143000.0,48952000.0,ACCUMULATION,54.7541
2021-08-27,YINN,YINN,2288000.0,11.44,0.0242,450146000.0,2288000.0,0.0,-0.2051,29655000.0,51240000.0,BALANCED,8.8721
2021-08-30,YINN,YINN,1724000.0,11.49,0.0044,451870000.0,1724000.0,0.0,-0.2666,31379000.0,52964000.0,BALANCED,9.3357
2021-08-31,YINN,YINN,0.0,12.13,0.0557,451870000.0,0.0,0.0,-0.3991,31379000.0,55408000.0,BALANCED,0.0228
2021-09-01,YINN,YINN,-1293000.0,12.93,0.066,450577000.0,0.0,-1293000.0,-0.4738,30086000.0,54115000.0,BALANCED,-3.8445
2021-09-02,YINN,YINN,-1252000.0,12.52,-0.0317,449325000.0,0.0,-1252000.0,-0.4668,1467000.0,54706000.0,BALANCED,-5.6698
2021-09-03,YINN,YINN,-1258000.0,12.58,0.0048,448067000.0,0.0,-1258000.0,-0.4443,-2079000.0,49893000.0,BALANCED,-27.108
2021-09-07,YINN,YINN,-1347000.0,13.47,0.0707,446720000.0,0.0,-1347000.0,-0.3978,-5150000.0,50422000.0,BALANCED,-27.9453
2021-09-08,YINN,YINN,-651000.0,13.03,-0.0327,446069000.0,0.0,-651000.0,-0.3636,-5801000.0,51063000.0,BALANCED,-29.0897
2021-09-09,YINN,YINN,0.0,12.67,-0.0276,446069000.0,0.0,0.0,-0.2559,-4508000.0,54375000.0,BALANCED,-16.3972
2021-09-10,YINN,YINN,0.0,12.64,-0.0024,446069000.0,0.0,0.0,-0.2719,-3256000.0,53743000.0,BALANCED,-16.7981
2021-09-13,YINN,YINN,0.0,12.55,-0.0071,446069000.0,0.0,0.0,-0.2719,-1998000.0,53743000.0,BALANCED,-16.7981
2021-09-14,YINN,YINN,4095000.0,11.7,-0.0677,450164000.0,4095000.0,0.0,0.4121,3444000.0,57838000.0,BALANCED,22.3016
2021-09-15,YINN,YINN,7449000.0,11.46,-0.0205,457613000.0,7449000.0,0.0,0.9283,11544000.0,58130000.0,BALANCED,37.2086
2021-09-16,YINN,YINN,8213000.0,10.95,-0.0445,465826000.0,8213000.0,0.0,0.9965,19757000.0,64651000.0,BALANCED,40.9135
2021-09-17,YINN,YINN,3906000.0,11.16,0.0192,469732000.0,3906000.0,0.0,0.2387,23663000.0,59017000.0,BALANCED,23.9669
2021-09-20,YINN,YINN,20855000.0,9.7,-0.1308,490587000.0,20855000.0,0.0,2.6279,44518000.0,70096000.0,ACCUMULATION,85.6987
2021-09-21,YINN,YINN,2513000.0,10.05,0.0361,493100000.0,2513000.0,0.0,-0.1065,42936000.0,72609000.0,BALANCED,19.3368
2021-09-22,YINN,YINN,0.0,10.63,0.0577,493100000.0,0.0,0.0,-0.4899,35487000.0,72609000.0,BALANCED,-2.2483
2021-09-23,YINN,YINN,6734000.0,10.36,-0.0254,499834000.0,6734000.0,0.0,0.4753,34008000.0,79343000.0,BALANCED,23.8827
2021-09-24,YINN,YINN,7768000.0,9.71,-0.0627,507602000.0,7768000.0,0.0,0.5946,37870000.0,59744000.0,BALANCED,28.8657
2021-09-27,YINN,YINN,6585000.0,10.13,0.0433,514187000.0,6585000.0,0.0,0.3835,23600000.0,64041000.0,BALANCED,25.5875
2021-09-28,YINN,YINN,0.0,10.17,0.0039,514187000.0,0.0,0.0,-0.6174,21087000.0,62317000.0,BALANCED,-5.436
2021-09-29,YINN,YINN,-1990000.0,9.95,-0.0216,512197000.0,0.0,-1990000.0,-0.8653,19097000.0,60327000.0,BALANCED,-13.6315
2021-09-30,YINN,YINN,1023000.0,10.23,0.0281,513220000.0,1023000.0,0.0,-0.4078,13386000.0,62643000.0,BALANCED,1.8057
2021-10-01,YINN,YINN,3992000.0,9.98,-0.0244,517212000.0,3992000.0,0.0,0.0674,9610000.0,67887000.0,BALANCED,15.6849
2021-10-04,YINN,YINN,11550000.0,9.24,-0.0741,528762000.0,11550000.0,0.0,1.1985,14575000.0,80695000.0,BALANCED,45.963
2021-10-05,YINN,YINN,0.0,9.63,0.0422,528762000.0,0.0,0.0,-0.5447,14575000.0,82042000.0,BALANCED,-3.6177
2021-10-06,YINN,YINN,0.0,9.5,-0.0135,528762000.0,0.0,0.0,-0.5447,16565000.0,82693000.0,BALANCED,-3.6177
2021-10-07,YINN,YINN,0.0,10.66,0.1222,528762000.0,0.0,0.0,-0.5447,15542000.0,82693000.0,BALANCED,-3.6177
2021-10-08,YINN,YINN,-2742000.0,10.97,0.029,526020000.0,0.0,-2742000.0,-1.0741,8808000.0,79951000.0,BALANCED,-18.853
2021-10-11,YINN,YINN,-2735000.0,10.94,-0.0027,523285000.0,0.0,-2735000.0,-1.0197,-5477000.0,77216000.0,BALANCED,-39.4926
2021-10-12,YINN,YINN,-1076000.0,10.76,-0.0165,522209000.0,0.0,-1076000.0,-0.6691,-6553000.0,72045000.0,BALANCED,-32.7278
2021-10-13,YINN,YINN,-2282000.0,11.41,0.0604,519927000.0,0.0,-2282000.0,-0.881,-8835000.0,62314000.0,BALANCED,-40.0259
2021-10-14,YINN,YINN,2813000.0,11.25,-0.014,522740000.0,2813000.0,0.0,0.0796,-6022000.0,56914000.0,BALANCED,-6.0105
2021-10-15,YINN,YINN,0.0,11.57,0.0284,522740000.0,0.0,0.0,-0.4802,-3280000.0,53008000.0,BALANCED,-22.0058
2021-10-18,YINN,YINN,0.0,11.78,0.0182,522740000.0,0.0,0.0,-0.491,-545000.0,32153000.0,BALANCED,-22.2752
2021-10-19,YINN,YINN,0.0,12.78,0.0849,522740000.0,0.0,0.0,-0.5028,531000.0,29640000.0,BALANCED,-2.5692
2021-10-20,YINN,YINN,-9645000.0,12.86,0.0063,513095000.0,0.0,-9645000.0,-2.1661,-6832000.0,19995000.0,DISTRIBUTION,-66.1536
2021-10-21,YINN,YINN,-12820000.0,12.82,-0.0031,500275000.0,0.0,-12820000.0,-2.3877,-22465000.0,441000.0,DISTRIBUTION,-73.6914
2021-10-22,YINN,YINN,0.0,12.86,0.0031,500275000.0,0.0,0.0,-0.2949,-22465000.0,-7327000.0,BALANCED,-17.3737
2021-10-25,YINN,YINN,0.0,12.98,0.0093,500275000.0,0.0,0.0,-0.2949,-22465000.0,-13912000.0,BALANCED,-17.3737
2021-10-26,YINN,YINN,-3660000.0,12.2,-0.0601,496615000.0,0.0,-3660000.0,-0.8415,-26125000.0,-17572000.0,BALANCED,-33.0373
2021-10-27,YINN,YINN,-1767000.0,11.78,-0.0344,494848000.0,0.0,-1767000.0,-0.492,-18247000.0,-17349000.0,BALANCED,-26.2988
2021-10-28,YINN,YINN,-7709000.0,11.86,0.0068,487139000.0,0.0,-7709000.0,-1.3625,-13136000.0,-26081000.0,BALANCED,-50.0626
2021-10-29,YINN,YINN,6155000.0,11.19,-0.0565,493294000.0,6155000.0,0.0,0.8615,-6981000.0,-23918000.0,BALANCED,13.5373
2021-11-01,YINN,YINN,4720000.0,11.8,0.0545,498014000.0,4720000.0,0.0,0.891,-2261000.0,-30748000.0,BALANCED,16.2757
2021-11-02,YINN,YINN,8664000.0,10.83,-0.0822,506678000.0,8664000.0,0.0,1.5682,10063000.0,-22084000.0,ACCUMULATION,55.2058
2021-11-03,YINN,YINN,0.0,11.11,0.0259,506678000.0,0.0,0.0,-0.0864,11830000.0,-22084000.0,BALANCED,7.839
2021-11-04,YINN,YINN,7092000.0,10.91,-0.018,513770000.0,7092000.0,0.0,1.2621,26631000.0,-14992000.0,BALANCED,43.5517
2021-11-05,YINN,YINN,0.0,10.33,-0.0532,513770000.0,0.0,0.0,-0.0406,20476000.0,-12250000.0,BALANCED,8.9856
2021-11-08,YINN,YINN,14418000.0,10.68,0.0339,528188000.0,14418000.0,0.0,2.499,30174000.0,4903000.0,ACCUMULATION,74.4761
2021-11-09,YINN,YINN,0.0,10.42,-0.0243,528188000.0,0.0,0.0,-0.0836,21510000.0,5979000.0,BALANCED,7.91
2021-11-10,YINN,YINN,9095000.0,10.7,0.0269,537283000.0,9095000.0,0.0,1.4294,30605000.0,17356000.0,BALANCED,47.7346
2021-11-11,YINN,YINN,-3594000.0,11.98,0.1196,533689000.0,0.0,-3594000.0,-0.733,19919000.0,10949000.0,BALANCED,-10.3251
2021-11-12,YINN,YINN,0.0,11.99,0.0011,533689000.0,0.0,0.0,-0.0947,19919000.0,10949000.0,BALANCED,7.6331
2021-11-15,YINN,YINN,0.0,11.72,-0.0225,533689000.0,0.0,0.0,-0.0303,5501000.0,10949000.0,BALANCED,9.242
2021-11-16,YINN,YINN,-3042000.0,12.17,0.0379,530647000.0,0.0,-3042000.0,-0.5699,2459000.0,7907000.0,BALANCED,-6.2473
2021-11-17,YINN,YINN,0.0,11.75,-0.0339,530647000.0,0.0,0.0,-0.0115,-6636000.0,17552000.0,BALANCED,-10.2883
2021-11-18,YINN,YINN,0.0,10.99,-0.0649,530647000.0,0.0,0.0,-0.0115,-3042000.0,30372000.0,BALANCED,-10.2883
2021-11-19,YINN,YINN,0.0,11.18,0.0177,530647000.0,0.0,0.0,-0.0284,-3042000.0,30372000.0,BALANCED,-10.7111
2021-11-22,YINN,YINN,-2151000.0,10.75,-0.0386,528496000.0,0.0,-2151000.0,-0.4295,-5193000.0,28221000.0,BALANCED,-22.7373
2021-11-23,YINN,YINN,10054000.0,10.58,-0.0158,538550000.0,10054000.0,0.0,1.6689,7903000.0,41935000.0,ACCUMULATION,53.7222
2021-11-24,YINN,YINN,6402000.0,10.67,0.0082,544952000.0,6402000.0,0.0,0.965,14305000.0,50104000.0,BALANCED,38.1259
2021-11-26,YINN,YINN,0.0,9.77,-0.0844,544952000.0,0.0,0.0,-0.1286,14305000.0,57813000.0,BALANCED,6.786
2021-11-29,YINN,YINN,9488000.0,9.49,-0.0287,554440000.0,9488000.0,0.0,1.4114,23793000.0,61146000.0,BALANCED,47.2857
2021-11-30,YINN,YINN,6999000.0,9.33,-0.0165,561439000.0,6999000.0,0.0,0.941,32943000.0,63425000.0,BALANCED,37.5255
2021-12-01,YINN,YINN,3706000.0,9.27,-0.0071,565145000.0,3706000.0,0.0,0.3772,26595000.0,58467000.0,BALANCED,25.4304
2021-12-02,YINN,YINN,0.0,9.45,0.0204,565145000.0,0.0,0.0,-0.3035,20193000.0,58467000.0,BALANCED,2.4125
2021-12-03,YINN,YINN,3958000.0,8.79,-0.0698,569103000.0,3958000.0,0.0,0.3313,24151000.0,55333000.0,BALANCED,20.282
2021-12-06,YINN,YINN,0.0,9.29,0.0568,569103000.0,0.0,0.0,-0.4568,14663000.0,55333000.0,BALANCED,-1.4208
2021-12-07,YINN,YINN,0.0,9.67,0.04,569103000.0,0.0,0.0,-0.4568,7664000.0,40915000.0,BALANCED,-1.4208
2021-12-08,YINN,YINN,36721000.0,9.79,0.0131,605824000.0,36721000.0,0.0,4.168,40679000.0,77636000.0,ACCUMULATION,100.0
2021-12-09,YINN,YINN,0.0,9.8,0.0007,605824000.0,0.0,0.0,-0.4681,40679000.0,68541000.0,BALANCED,-1.7036
2021-12-10,YINN,YINN,-979000.0,9.79,-0.001,604845000.0,0.0,-979000.0,-0.6401,35742000.0,71156000.0,BALANCED,-8.0034
2021-12-13,YINN,YINN,0.0,9.29,-0.0507,604845000.0,0.0,0.0,-0.4842,35742000.0,71156000.0,BALANCED,-2.1054
2021-12-14,YINN,YINN,-1845000.0,9.23,-0.0072,603000000.0,0.0,-1845000.0,-0.6902,33897000.0,69311000.0,BALANCED,-9.2562
2021-12-15,YINN,YINN,18114000.0,8.43,-0.0868,621114000.0,18114000.0,0.0,1.7562,15290000.0,90467000.0,ACCUMULATION,55.9055
2021-12-16,YINN,YINN,-1711000.0,8.56,0.0155,619403000.0,0.0,-1711000.0,-0.6689,13579000.0,88756000.0,BALANCED,-8.7217
2021-12-17,YINN,YINN,7422000.0,8.25,-0.0361,626825000.0,7422000.0,0.0,0.4466,21980000.0,96178000.0,BALANCED,23.1651
2021-12-20,YINN,YINN,0.0,7.72,-0.0636,626825000.0,0.0,0.0,-0.4607,21980000.0,96178000.0,BALANCED,-1.5166
2021-12-21,YINN,YINN,-3357000.0,8.39,0.0885,623468000.0,0.0,-3357000.0,-0.8141,20468000.0,94972000.0,BALANCED,-12.3522
2021-12-22,YINN,YINN,-2501000.0,8.34,-0.0066,620967000.0,0.0,-2501000.0,-0.693,-147000.0,82417000.0,BALANCED,-31.3244
2021-12-23,YINN,YINN,-2099000.0,8.4,0.0071,618868000.0,0.0,-2099000.0,-0.5991,-535000.0,73916000.0,BALANCED,-30.9763
2021-12-27,YINN,YINN,-1665000.0,8.33,-0.0083,617203000.0,0.0,-1665000.0,-0.5562,-9622000.0,72251000.0,BALANCED,-31.9044
2021-12-28,YINN,YINN,0.0,8.04,-0.0346,617203000.0,0.0,0.0,-0.348,-9622000.0,62763000.0,BALANCED,-18.7006
2021-12-29,YINN,YINN,3491000.0,7.76,-0.035,620694000.0,3491000.0,0.0,0.074,-2774000.0,59255000.0,BALANCED,-6.1496
2021-12-30,YINN,YINN,860000.0,8.6,0.1092,621554000.0,860000.0,0.0,-0.2742,587000.0,56409000.0,BALANCED,7.1441
2021-12-31,YINN,YINN,0.0,8.32,-0.0335,621554000.0,0.0,0.0,-0.3829,2686000.0,56409000.0,BALANCED,0.4273
2022-01-03,YINN,YINN,3318000.0,8.3,-0.0025,624872000.0,3318000.0,0.0,0.0224,7669000.0,55769000.0,BALANCED,12.5611
2022-01-04,YINN,YINN,6276000.0,7.85,-0.0542,631148000.0,6276000.0,0.0,0.3708,13945000.0,62045000.0,BALANCED,23.271
2022-01-05,YINN,YINN,4080000.0,7.42,-0.0544,635228000.0,4080000.0,0.0,0.0668,14534000.0,66125000.0,BALANCED,17.6692
2022-01-06,YINN,YINN,1562000.0,7.81,0.0527,636790000.0,1562000.0,0.0,-0.2215,15236000.0,30966000.0,BALANCED,12.4624
2022-01-07,YINN,YINN,-4571000.0,8.31,0.0642,632219000.0,0.0,-4571000.0,-0.9543,10665000.0,26395000.0,BALANCED,-15.8585
2022-01-10,YINN,YINN,-2497000.0,8.32,0.0016,629722000.0,0.0,-2497000.0,-0.6752,4850000.0,24877000.0,BALANCED,-10.8805
2022-01-11,YINN,YINN,-9121000.0,9.12,0.0957,620601000.0,0.0,-9121000.0,-1.4034,-10547000.0,15756000.0,BALANCED,-51.0859
2022-01-12,YINN,YINN,-3891000.0,9.73,0.0665,616710000.0,0.0,-3891000.0,-0.7085,-18518000.0,13710000.0,BALANCED,-35.7124
2022-01-13,YINN,YINN,-2710000.0,9.03,-0.0715,614000000.0,0.0,-2710000.0,-0.5339,-22790000.0,-7114000.0,BALANCED,-33.3475
2022-01-14,YINN,YINN,0.0,9.3,0.0299,614000000.0,0.0,0.0,-0.2004,-18219000.0,-5403000.0,BALANCED,-15.0101
2022-01-18,YINN,YINN,7196000.0,8.99,-0.0331,621196000.0,7196000.0,0.0,0.6675,-8526000.0,-5629000.0,BALANCED,8.687
2022-01-19,YINN,YINN,-10475000.0,9.11,0.0127,610721000.0,0.0,-10475000.0,-1.3998,-9880000.0,-16104000.0,BALANCED,-46.9947
2022-01-20,YINN,YINN,-12938000.0,9.95,0.0926,597783000.0,0.0,-12938000.0,-1.5669,-18927000.0,-25685000.0,DISTRIBUTION,-53.1713
2022-01-21,YINN,YINN,936000.0,9.36,-0.0594,598719000.0,936000.0,0.0,0.204,-15281000.0,-22248000.0,BALANCED,-2.8999
2022-01-24,YINN,YINN,-1783000.0,8.91,-0.0479,596936000.0,0.0,-1783000.0,-0.2583,-17064000.0,-21932000.0,BALANCED,-18.4576
2022-01-25,YINN,YINN,0.0,8.94,0.0031,596936000.0,0.0,0.0,0.0458,-24260000.0,-20267000.0,BALANCED,-8.8547
2022-01-26,YINN,YINN,5057000.0,8.43,-0.0574,601993000.0,5057000.0,0.0,0.8828,-8728000.0,-15210000.0,BALANCED,14.0702
2022-01-27,YINN,YINN,5982000.0,7.98,-0.0536,607975000.0,5982000.0,0.0,0.9809,10192000.0,-12719000.0,BALANCED,38.523
2022-01-28,YINN,YINN,0.0,7.9,-0.0093,607975000.0,0.0,0.0,0.09,9256000.0,-13579000.0,BALANCED,12.2504
2022-01-31,YINN,YINN,0.0,9.04,0.1441,607975000.0,0.0,0.0,0.0784,11039000.0,-13579000.0,BALANCED,11.9595
2022-02-01,YINN,YINN,-1844000.0,9.22,0.0197,606131000.0,0.0,-1844000.0,-0.2489,9195000.0,-18741000.0,BALANCED,1.7763
2022-02-02,YINN,YINN,-4040000.0,8.98,-0.026,602091000.0,0.0,-4040000.0,-0.688,98000.0,-29057000.0,BALANCED,-11.1988
2022-02-03,YINN,YINN,0.0,8.81,-0.0183,602091000.0,0.0,0.0,0.1532,-5884000.0,-33137000.0,BALANCED,-6.1702
2022-02-04,YINN,YINN,5435000.0,9.06,0.0277,607526000.0,5435000.0,0.0,1.2332,-449000.0,-29264000.0,BALANCED,22.8309
2022-02-07,YINN,YINN,-889000.0,8.89,-0.0182,606637000.0,0.0,-889000.0,-0.1011,-1338000.0,-25582000.0,BALANCED,-14.5273
2022-02-08,YINN,YINN,0.0,9.15,0.0293,606637000.0,0.0,0.0,0.0741,506000.0,-23085000.0,BALANCED,11.8515
2022-02-09,YINN,YINN,0.0,9.62,0.0511,606637000.0,0.0,0.0,0.0741,4546000.0,-13964000.0,BALANCED,11.8515
2022-02-10,YINN,YINN,0.0,9.27,-0.0364,606637000.0,0.0,0.0,0.0997,4546000.0,-10073000.0,BALANCED,12.492
2022-02-11,YINN,YINN,1320000.0,8.8,-0.0511,607957000.0,1320000.0,0.0,0.3768,431000.0,-6043000.0,BALANCED,21.4202
2022-02-14,YINN,YINN,5126000.0,8.54,-0.0288,613083000.0,5126000.0,0.0,1.1233,6446000.0,-917000.0,BALANCED,42.0821
2022-02-15,YINN,YINN,0.0,8.94,0.0458,613083000.0,0.0,0.0,0.0824,6446000.0,-8113000.0,BALANCED,12.0608
2022-02-16,YINN,YINN,0.0,9.1,0.0189,613083000.0,0.0,0.0,0.1309,6446000.0,2362000.0,BALANCED,13.2733
2022-02-17,YINN,YINN,-1332000.0,8.88,-0.0245,611751000.0,0.0,-1332000.0,-0.1217,5114000.0,13968000.0,BALANCED,4.9574
2022-02-18,YINN,YINN,4465000.0,8.12,-0.086,616216000.0,4465000.0,0.0,1.1205,8259000.0,17497000.0,BALANCED,40.0129
2022-02-22,YINN,YINN,12693000.0,7.47,-0.0802,628909000.0,12693000.0,0.0,2.49,15826000.0,31973000.0,ACCUMULATION,76.2493
2022-02-23,YINN,YINN,6843000.0,7.2,-0.0354,635752000.0,6843000.0,0.0,1.2595,22669000.0,38816000.0,BALANCED,47.4874
2022-02-24,YINN,YINN,18311000.0,7.04,-0.0222,654063000.0,18311000.0,0.0,2.8959,40980000.0,52070000.0,ACCUMULATION,90.3982
2022-02-25,YINN,YINN,714000.0,7.14,0.0144,654777000.0,714000.0,0.0,-0.0946,43026000.0,46802000.0,BALANCED,17.6339
2022-02-28,YINN,YINN,11118000.0,6.95,-0.0273,665895000.0,11118000.0,0.0,1.5444,49679000.0,57920000.0,ACCUMULATION,60.609
2022-03-01,YINN,YINN,-1727000.0,6.91,-0.0061,664168000.0,0.0,-1727000.0,-0.5569,35259000.0,56193000.0,BALANCED,-5.9221
2022-03-02,YINN,YINN,-1688000.0,6.75,-0.0225,662480000.0,0.0,-1688000.0,-0.5071,26728000.0,56349000.0,BALANCED,-6.6784
2022-03-03,YINN,YINN,4053000.0,6.24,-0.0764,666533000.0,4053000.0,0.0,0.3896,12470000.0,64442000.0,BALANCED,21.7407
2022-03-04,YINN,YINN,5542000.0,5.83,-0.0644,672075000.0,5542000.0,0.0,0.6233,17298000.0,69984000.0,BALANCED,29.5822
2022-03-07,YINN,YINN,4394000.0,5.17,-0.1138,676469000.0,4394000.0,0.0,0.3662,10574000.0,68943000.0,BALANCED,25.1552
2022-03-08,YINN,YINN,247000.0,4.95,-0.0427,676716000.0,247000.0,0.0,-0.495,12548000.0,70079000.0,BALANCED,5.6243
2022-03-09,YINN,YINN,13249000.0,5.2,0.0498,689965000.0,13249000.0,0.0,1.9469,27485000.0,83328000.0,ACCUMULATION,68.6731
2022-03-10,YINN,YINN,9427000.0,4.49,-0.136,699392000.0,9427000.0,0.0,1.1598,32859000.0,92755000.0,BALANCED,50.9959
2022-03-11,YINN,YINN,2548000.0,3.92,-0.1268,701940000.0,2548000.0,0.0,-0.1101,29865000.0,95303000.0,BALANCED,21.2469
2022-03-14,YINN,YINN,0.0,3.13,-0.2014,701940000.0,0.0,0.0,-0.5905,25471000.0,93983000.0,BALANCED,-4.7613
2022-03-15,YINN,YINN,0.0,3.11,-0.0057,701940000.0,0.0,0.0,-0.5905,25224000.0,88857000.0,BALANCED,-4.7613
2022-03-16,YINN,YINN,114896000.0,5.1,0.637,816836000.0,114896000.0,0.0,5.1289,126871000.0,203753000.0,ACCUMULATION,100.0
2022-03-17,YINN,YINN,8458000.0,4.57,-0.1027,825294000.0,8458000.0,0.0,0.0486,125902000.0,212211000.0,BALANCED,15.2159
2022-03-18,YINN,YINN,12062000.0,5.24,0.1471,837356000.0,12062000.0,0.0,0.2019,135416000.0,225605000.0,BALANCED,21.0484
2022-03-21,YINN,YINN,11002000.0,4.58,-0.1259,848358000.0,11002000.0,0.0,0.1423,146418000.0,232142000.0,BALANCED,21.5578
2022-03-22,YINN,YINN,-4669000.0,5.19,0.1318,843689000.0,0.0,-4669000.0,-0.5996,141749000.0,214780000.0,BALANCED,-6.9891
2022-03-23,YINN,YINN,-4071000.0,5.09,-0.0191,839618000.0,0.0,-4071000.0,-0.5628,22782000.0,203866000.0,BALANCED,-8.07
2022-03-24,YINN,YINN,3691000.0,4.92,-0.0329,843309000.0,3691000.0,0.0,-0.1999,18015000.0,189246000.0,BALANCED,7.0014
2022-03-25,YINN,YINN,0.0,4.7,-0.0453,843309000.0,0.0,0.0,-0.3757,5953000.0,188532000.0,BALANCED,0.6065
2022-03-28,YINN,YINN,-5163000.0,4.92,0.0466,838146000.0,0.0,-5163000.0,-0.6084,-10212000.0,172251000.0,BALANCED,-27.209
2022-03-29,YINN,YINN,-18055000.0,5.23,0.0643,820091000.0,0.0,-18055000.0,-1.1546,-23598000.0,155923000.0,BALANCED,-42.8648
2022-03-30,YINN,YINN,-2059000.0,5.15,-0.0163,818032000.0,0.0,-2059000.0,-0.4108,-21586000.0,155552000.0,BALANCED,-26.2711
2022-03-31,YINN,YINN,11966000.0,4.6,-0.106,829998000.0,11966000.0,0.0,0.219,-13311000.0,163465000.0,BALANCED,-2.5241
2022-04-01,YINN,YINN,-9238000.0,5.13,0.1151,820760000.0,0.0,-9238000.0,-0.7442,-22549000.0,148685000.0,BALANCED,-30.6046
2022-04-04,YINN,YINN,-1131000.0,5.66,0.102,819629000.0,0.0,-1131000.0,-0.3626,-18517000.0,143160000.0,BALANCED,-23.0638
2022-04-05,YINN,YINN,7526000.0,5.19,-0.0823,827155000.0,7526000.0,0.0,0.0421,7064000.0,150439000.0,BALANCED,13.0528
2022-04-06,YINN,YINN,1710000.0,4.89,-0.0585,828865000.0,1710000.0,0.0,-0.2167,10833000.0,138900000.0,BALANCED,8.582
2022-04-07,YINN,YINN,9567000.0,4.67,-0.045,838432000.0,9567000.0,0.0,0.1576,8434000.0,139040000.0,BALANCED,19.9406
2022-04-08,YINN,YINN,4445000.0,4.68,0.0025,842877000.0,4445000.0,0.0,-0.0842,22117000.0,140937000.0,BALANCED,15.896
2022-04-11,YINN,YINN,2389000.0,4.34,-0.0716,845266000.0,2389000.0,0.0,-0.1656,25637000.0,143326000.0,BALANCED,15.8594
2022-04-12,YINN,YINN,7942000.0,4.29,-0.0115,853208000.0,7942000.0,0.0,0.0759,26053000.0,151268000.0,BALANCED,23.8964
2022-04-13,YINN,YINN,2044000.0,4.54,0.0582,855252000.0,2044000.0,0.0,-0.2029,26387000.0,38416000.0,BALANCED,18.9267
2022-04-14,YINN,YINN,878000.0,4.39,-0.0341,856130000.0,878000.0,0.0,-0.2518,17698000.0,30836000.0,BALANCED,19.705
2022-04-18,YINN,YINN,-2347000.0,4.27,-0.0276,853783000.0,0.0,-2347000.0,-0.3878,10906000.0,16427000.0,BALANCED,-1.6955
2022-04-19,YINN,YINN,6210000.0,4.14,-0.0298,859993000.0,6210000.0,0.0,0.0043,14727000.0,11635000.0,BALANCED,12.1068
2022-04-20,YINN,YINN,3398000.0,3.78,-0.088,863391000.0,3398000.0,0.0,-0.1305,10183000.0,19702000.0,BALANCED,10.7378
2022-04-21,YINN,YINN,1376000.0,3.44,-0.0887,864767000.0,1376000.0,0.0,-0.2059,9515000.0,25149000.0,BALANCED,10.8537
2022-04-22,YINN,YINN,2474000.0,3.53,0.0274,867241000.0,2474000.0,0.0,-0.1444,11111000.0,23932000.0,BALANCED,14.3909
2022-04-25,YINN,YINN,9223000.0,3.42,-0.0336,876464000.0,9223000.0,0.0,0.1575,22681000.0,33155000.0,BALANCED,23.9379
2022-04-26,YINN,YINN,0.0,3.2,-0.0638,876464000.0,0.0,0.0,-0.2691,16471000.0,38318000.0,BALANCED,3.2732
2022-04-27,YINN,YINN,0.0,3.5,0.0955,876464000.0,0.0,0.0,-0.2691,13073000.0,56373000.0,BALANCED,3.2732
2022-04-28,YINN,YINN,15774000.0,3.58,0.0233,892238000.0,15774000.0,0.0,1.8888,27471000.0,74206000.0,ACCUMULATION,59.221
2022-04-29,YINN,YINN,-1210000.0,4.03,0.1251,891028000.0,0.0,-1210000.0,-0.4887,23787000.0,61030000.0,BALANCED,-4.217
2022-05-02,YINN,YINN,-434269000.0,4.08,0.0124,456759000.0,0.0,-434269000.0,-5.276,-419705000.0,-364001000.0,DISTRIBUTION,-100.0
2022-05-03,YINN,YINN,-85000.0,4.26,0.0434,456674000.0,0.0,-85000.0,0.1625,-419790000.0,-362955000.0,BALANCED,-11.9373
2022-05-04,YINN,YINN,0.0,4.32,0.0132,456674000.0,0.0,0.0,0.1616,-419790000.0,-370481000.0,BALANCED,-5.9605
2022-05-05,YINN,YINN,291000.0,3.64,-0.1574,456965000.0,291000.0,0.0,0.1634,-435273000.0,-371900000.0,BALANCED,-3.916
2022-05-06,YINN,YINN,140000.0,3.3,-0.0933,457105000.0,140000.0,0.0,0.163,-433923000.0,-381327000.0,BALANCED,-1.925
2022-05-09,YINN,YINN,323000.0,2.94,-0.1096,457428000.0,323000.0,0.0,0.1652,669000.0,-385449000.0,BALANCED,20.1288
2022-05-10,YINN,YINN,0.0,3.04,0.0341,457428000.0,0.0,0.0,0.1589,754000.0,-387838000.0,BALANCED,13.9726
2022-05-11,YINN,YINN,338288000.0,3.04,0.0009,795716000.0,338288000.0,0.0,3.3126,339042000.0,-57492000.0,ACCUMULATION,94.8155
2022-05-12,YINN,YINN,5471000.0,3.04,-0.0001,801187000.0,5471000.0,0.0,0.0589,344222000.0,-54065000.0,BALANCED,15.4732
2022-05-13,YINN,YINN,-2068000.0,3.45,0.1341,799119000.0,0.0,-2068000.0,-0.0101,342014000.0,-57011000.0,BALANCED,7.7463
2022-05-16,YINN,YINN,-858000.0,3.43,-0.0042,798261000.0,0.0,-858000.0,-0.0011,340833000.0,-55522000.0,BALANCED,5.9736
2022-05-17,YINN,YINN,-187000.0,3.75,0.0912,798074000.0,0.0,-187000.0,0.0052,340646000.0,-61919000.0,BALANCED,4.1298
2022-05-18,YINN,YINN,-686000.0,3.43,-0.0838,797388000.0,0.0,-686000.0,0.003,1672000.0,-66003000.0,BALANCED,2.0748
2022-05-19,YINN,YINN,0.0,3.67,0.0687,797388000.0,0.0,0.0,0.0103,-3799000.0,-67379000.0,BALANCED,-9.7436
2022-05-20,YINN,YINN,-742000.0,3.71,0.0115,796646000.0,0.0,-742000.0,0.0064,-2473000.0,-70595000.0,BALANCED,-11.8409
2022-05-23,YINN,YINN,0.0,3.68,-0.007,796646000.0,0.0,0.0,0.0151,-1615000.0,-79818000.0,BALANCED,-9.6234
2022-05-24,YINN,YINN,0.0,3.26,-0.1148,796646000.0,0.0,0.0,0.0158,-1428000.0,-79818000.0,BALANCED,-9.6039
2022-05-25,YINN,YINN,1861000.0,3.38,0.0379,798507000.0,1861000.0,0.0,0.036,1119000.0,-77957000.0,BALANCED,12.9006
2022-05-26,YINN,YINN,1702000.0,3.78,0.1176,800209000.0,1702000.0,0.0,0.0346,2821000.0,-92029000.0,BALANCED,14.8645
2022-05-27,YINN,YINN,1158000.0,3.86,0.021,801367000.0,1158000.0,0.0,0.0292,4721000.0,-89661000.0,BALANCED,16.7292
2022-05-31,YINN,YINN,0.0,84.11,0.0891,801367000.0,0.0,0.0,0.0171,4721000.0,344608000.0,BALANCED,10.4271
2022-06-01,YINN,YINN,0.0,81.49,-0.0312,801367000.0,0.0,0.0,0.0191,4721000.0,344693000.0,BALANCED,10.4777
2022-06-02,YINN,YINN,0.0,88.53,0.0865,801367000.0,0.0,0.0,0.0202,2860000.0,344693000.0,BALANCED,10.5054
2022-06-03,YINN,YINN,0.0,83.83,-0.0531,801367000.0,0.0,0.0,0.0207,1158000.0,344402000.0,BALANCED,10.5166
2022-06-06,YINN,YINN,0.0,90.77,0.0827,801367000.0,0.0,0.0,0.0215,0.0,344262000.0,BALANCED,0.5368
2022-06-07,YINN,YINN,18792000.0,94.91,0.0457,820159000.0,18792000.0,0.0,0.202,18792000.0,362731000.0,BALANCED,17.0504
2022-06-08,YINN,YINN,0.0,102.7,0.082,820159000.0,0.0,0.0,0.0183,18792000.0,362731000.0,BALANCED,10.4586
2022-06-09,YINN,YINN,0.0,91.01,-0.1138,820159000.0,0.0,0.0,0.0183,18792000.0,24443000.0,BALANCED,10.4586
2022-06-10,YINN,YINN,4557000.0,91.15,0.0015,824716000.0,4557000.0,0.0,0.0666,23349000.0,23529000.0,BALANCED,13.6642
2022-06-13,YINN,YINN,7919000.0,79.19,-0.1311,832635000.0,7919000.0,0.0,0.0965,31268000.0,33516000.0,BALANCED,16.4113
2022-06-14,YINN,YINN,-8654000.0,86.54,0.0928,823981000.0,0.0,-8654000.0,-0.3385,3822000.0,25720000.0,BALANCED,-0.4625
2022-06-15,YINN,YINN,0.0,91.68,0.0594,823981000.0,0.0,0.0,-0.1983,3822000.0,25907000.0,BALANCED,5.0413
2022-06-16,YINN,YINN,-4053000.0,81.06,-0.1159,819928000.0,0.0,-4053000.0,-0.2617,-231000.0,22540000.0,BALANCED,-18.5421
2022-06-17,YINN,YINN,-4274000.0,85.48,0.0545,815654000.0,0.0,-4274000.0,-0.2626,-9062000.0,18266000.0,BALANCED,-20.5662
2022-06-21,YINN,YINN,4591000.0,91.83,0.0743,820245000.0,4591000.0,0.0,-0.1216,-12390000.0,23599000.0,BALANCED,-11.0409
2022-06-22,YINN,YINN,0.0,86.82,-0.0538,820245000.0,0.0,0.0,-0.1958,-3736000.0,23599000.0,BALANCED,-14.8945
2022-06-23,YINN,YINN,0.0,90.82,0.0461,820245000.0,0.0,0.0,-0.1958,-3736000.0,23599000.0,BALANCED,-14.8945
2022-06-24,YINN,YINN,0.0,98.23,0.0815,820245000.0,0.0,0.0,-0.1811,317000.0,21738000.0,BALANCED,5.4717
2022-06-27,YINN,YINN,0.0,100.65,0.0247,820245000.0,0.0,0.0,-0.1434,4591000.0,20036000.0,BALANCED,6.4144
2022-06-28,YINN,YINN,-5036000.0,100.72,0.0007,815209000.0,0.0,-5036000.0,-1.2318,-5036000.0,13842000.0,BALANCED,-42.7939
2022-06-29,YINN,YINN,4951000.0,99.03,-0.0168,820160000.0,4951000.0,0.0,0.9204,-85000.0,18793000.0,BALANCED,15.0102
2022-06-30,YINN,YINN,-4937000.0,98.75,-0.0028,815223000.0,0.0,-4937000.0,-1.1722,-5022000.0,13856000.0,BALANCED,-41.305
2022-07-01,YINN,YINN,0.0,98.95,0.0021,815223000.0,0.0,0.0,-0.1266,-5022000.0,13856000.0,BALANCED,-13.1658
2022-07-05,YINN,YINN,4877000.0,97.54,-0.0143,820100000.0,4877000.0,0.0,0.866,-145000.0,18733000.0,BALANCED,13.6499
2022-07-06,YINN,YINN,4690000.0,93.8,-0.0383,824790000.0,4690000.0,0.0,0.7814,9581000.0,23423000.0,BALANCED,33.5345
2022-07-07,YINN,YINN,-4993000.0,99.86,0.0646,819797000.0,0.0,-4993000.0,-1.1716,-363000.0,-362000.0,BALANCED,-41.2903
2022-07-08,YINN,YINN,0.0,95.86,-0.0401,819797000.0,0.0,0.0,-0.1568,4574000.0,-362000.0,BALANCED,6.079
2022-07-11,YINN,YINN,4172000.0,83.44,-0.1296,823969000.0,4172000.0,0.0,0.6706,8746000.0,3810000.0,BALANCED,28.7642
2022-07-12,YINN,YINN,0.0,81.94,-0.0179,823969000.0,0.0,0.0,-0.1598,3869000.0,-747000.0,BALANCED,6.0045
2022-07-13,YINN,YINN,0.0,80.08,-0.0227,823969000.0,0.0,0.0,-0.152,-821000.0,-8666000.0,BALANCED,-13.7996
2022-07-14,YINN,YINN,0.0,76.67,-0.0427,823969000.0,0.0,0.0,-0.152,4172000.0,-12000.0,BALANCED,6.2004
2022-07-15,YINN,YINN,-7472000.0,74.72,-0.0254,816497000.0,0.0,-7472000.0,-1.5401,-3300000.0,-7484000.0,DISTRIBUTION,-50.5031
2022-07-18,YINN,YINN,0.0,79.04,0.0579,816497000.0,0.0,0.0,-0.0974,-7472000.0,-3431000.0,BALANCED,-12.4345
2022-07-19,YINN,YINN,36639000.0,81.42,0.0301,853136000.0,36639000.0,0.0,4.1642,29167000.0,37482000.0,ACCUMULATION,100.0
2022-07-20,YINN,YINN,-7988000.0,79.88,-0.019,845148000.0,0.0,-7988000.0,-1.1029,21179000.0,24903000.0,BALANCED,-19.573
2022-07-21,YINN,YINN,-16365000.0,81.83,0.0244,828783000.0,0.0,-16365000.0,-1.9551,4814000.0,8538000.0,DISTRIBUTION,-42.8771
2022-07-22,YINN,YINN,0.0,76.34,-0.067,828783000.0,0.0,0.0,-0.0338,12286000.0,8538000.0,BALANCED,9.1562
2022-07-25,YINN,YINN,-3912000.0,78.23,0.0247,824871000.0,0.0,-3912000.0,-0.4758,8374000.0,4626000.0,BALANCED,-3.8952
2022-07-26,YINN,YINN,0.0,77.4,-0.0106,824871000.0,0.0,0.0,-0.0006,-28265000.0,4626000.0,BALANCED,-10.0152
2022-07-27,YINN,YINN,0.0,80.05,0.0342,824871000.0,0.0,0.0,0.0309,-20277000.0,9662000.0,BALANCED,-9.2279
2022-07-28,YINN,YINN,3847000.0,76.94,-0.0388,828718000.0,3847000.0,0.0,0.4468,-65000.0,8558000.0,BALANCED,3.1691
2022-07-29,YINN,YINN,0.0,69.41,-0.0979,828718000.0,0.0,0.0,-0.0191,-65000.0,13495000.0,BALANCED,-10.4781
2022-08-01,YINN,YINN,-16000.0,66.58,-0.0407,828702000.0,0.0,-16000.0,-0.0375,3831000.0,13479000.0,BALANCED,7.0618
2022-08-02,YINN,YINN,3258000.0,65.16,-0.0213,831960000.0,3258000.0,0.0,0.3314,7089000.0,11860000.0,BALANCED,20.286
2022-08-03,YINN,YINN,30057000.0,66.79,0.025,862017000.0,30057000.0,0.0,2.9286,37146000.0,37227000.0,ACCUMULATION,87.2154
2022-08-04,YINN,YINN,0.0,69.92,0.0467,862017000.0,0.0,0.0,-0.1423,33299000.0,42220000.0,BALANCED,6.4435
2022-08-05,YINN,YINN,-3377000.0,67.53,-0.0341,858640000.0,0.0,-3377000.0,-0.474,29922000.0,38843000.0,BALANCED,-3.851
2022-08-08,YINN,YINN,0.0,65.7,-0.0271,858640000.0,0.0,0.0,-0.1303,29938000.0,34671000.0,BALANCED,6.743
2022-08-09,YINN,YINN,0.0,64.44,-0.0193,858640000.0,0.0,0.0,-0.1303,26680000.0,34671000.0,BALANCED,6.743
2022-08-10,YINN,YINN,0.0,63.45,-0.0154,858640000.0,0.0,0.0,-0.1484,-3377000.0,34671000.0,BALANCED,-13.7102
2022-08-11,YINN,YINN,0.0,66.91,0.0547,858640000.0,0.0,0.0,-0.1318,-3377000.0,34671000.0,BALANCED,-13.2938
2022-08-12,YINN,YINN,0.0,68.01,0.0163,858640000.0,0.0,0.0,-0.1497,0.0,42143000.0,BALANCED,-3.7423
2022-08-15,YINN,YINN,0.0,66.91,-0.0161,858640000.0,0.0,0.0,-0.1497,0.0,42143000.0,BALANCED,-3.7423
2022-08-16,YINN,YINN,6456000.0,64.56,-0.0351,865096000.0,6456000.0,0.0,0.5114,6456000.0,11960000.0,BALANCED,24.7845
2022-08-17,YINN,YINN,0.0,64.16,-0.0063,865096000.0,0.0,0.0,-0.1388,6456000.0,19948000.0,BALANCED,6.5288
2022-08-18,YINN,YINN,0.0,62.07,-0.0326,865096000.0,0.0,0.0,-0.1572,6456000.0,36313000.0,BALANCED,6.0703
2022-08-19,YINN,YINN,0.0,60.96,-0.018,865096000.0,0.0,0.0,-0.1572,6456000.0,36313000.0,BALANCED,6.0703
2022-08-22,YINN,YINN,0.0,62.32,0.0224,865096000.0,0.0,0.0,-0.1429,6456000.0,40225000.0,BALANCED,6.4287
2022-08-23,YINN,YINN,0.0,61.99,-0.0053,865096000.0,0.0,0.0,-0.1429,0.0,40225000.0,BALANCED,-3.5713
2022-08-24,YINN,YINN,3140000.0,62.8,0.0131,868236000.0,3140000.0,0.0,0.1734,3140000.0,43365000.0,BALANCED,16.3353
2022-08-25,YINN,YINN,-3612000.0,72.25,0.1504,864624000.0,0.0,-3612000.0,-0.5153,-472000.0,35906000.0,BALANCED,-24.8818
2022-08-26,YINN,YINN,-3519000.0,70.38,-0.0258,861105000.0,0.0,-3519000.0,-0.5246,-3991000.0,32387000.0,BALANCED,-27.1161
2022-08-29,YINN,YINN,0.0,68.44,-0.0276,861105000.0,0.0,0.0,-0.1558,-3991000.0,32403000.0,BALANCED,-13.8959
2022-08-30,YINN,YINN,12578000.0,62.89,-0.0811,873683000.0,12578000.0,0.0,1.6491,8587000.0,41723000.0,ACCUMULATION,53.2282
2022-08-31,YINN,YINN,-3338000.0,66.76,0.0616,870345000.0,0.0,-3338000.0,-0.5911,2109000.0,8328000.0,BALANCED,-6.7787
2022-09-01,YINN,YINN,-3225000.0,64.5,-0.034,867120000.0,0.0,-3225000.0,-0.711,2496000.0,5103000.0,BALANCED,-11.7742
2022-09-02,YINN,YINN,-9074000.0,60.49,-0.0621,858046000.0,0.0,-9074000.0,-1.5209,-3059000.0,-594000.0,DISTRIBUTION,-54.0237
2022-09-06,YINN,YINN,0.0,56.88,-0.0597,858046000.0,0.0,0.0,-0.1689,-3059000.0,-594000.0,BALANCED,-14.2234
2022-09-07,YINN,YINN,29476000.0,58.95,0.0364,887522000.0,29476000.0,0.0,3.2837,13839000.0,28882000.0,ACCUMULATION,94.0935
2022-09-08,YINN,YINN,0.0,56.68,-0.0385,887522000.0,0.0,0.0,-0.2504,17177000.0,28882000.0,BALANCED,3.7402
2022-09-09,YINN,YINN,0.0,60.86,0.0737,887522000.0,0.0,0.0,-0.235,20402000.0,28882000.0,BALANCED,4.1257
2022-09-12,YINN,YINN,0.0,63.21,0.0386,887522000.0,0.0,0.0,-0.235,29476000.0,28882000.0,BALANCED,4.1257
2022-09-13,YINN,YINN,2762000.0,55.23,-0.1263,890284000.0,2762000.0,0.0,0.0851,32238000.0,31644000.0,BALANCED,14.1275
2022-09-14,YINN,YINN,0.0,55.39,0.0029,890284000.0,0.0,0.0,-0.2331,2762000.0,25188000.0,BALANCED,4.172
2022-09-15,YINN,YINN,-5474000.0,54.74,-0.0118,884810000.0,0.0,-5474000.0,-0.9535,-2712000.0,19714000.0,BALANCED,-35.8371
2022-09-16,YINN,YINN,12000.0,52.22,-0.046,884822000.0,12000.0,0.0,-0.1144,-2700000.0,19726000.0,BALANCED,-10.8609
2022-09-19,YINN,YINN,-12000.0,52.77,0.0105,884810000.0,0.0,-12000.0,-0.1362,-2712000.0,19714000.0,BALANCED,-15.4049
2022-09-20,YINN,YINN,2576000.0,51.52,-0.0237,887386000.0,2576000.0,0.0,0.249,-2898000.0,22290000.0,BALANCED,-1.776
2022-09-21,YINN,YINN,14222000.0,47.41,-0.0799,901608000.0,14222000.0,0.0,1.8455,11324000.0,36512000.0,ACCUMULATION,60.137
2022-09-22,YINN,YINN,0.0,46.56,-0.0179,901608000.0,0.0,0.0,-0.2067,16798000.0,33372000.0,BALANCED,4.8333
2022-09-23,YINN,YINN,75935000.0,44.67,-0.0406,977543000.0,75935000.0,0.0,4.7177,92721000.0,112919000.0,ACCUMULATION,100.0
2022-09-26,YINN,YINN,0.0,45.46,0.0177,977543000.0,0.0,0.0,-0.2598,92733000.0,116438000.0,BALANCED,3.5049
2022-09-27,YINN,YINN,-57490000.0,44.22,-0.0271,920053000.0,0.0,-57490000.0,-3.1439,32667000.0,58948000.0,DISTRIBUTION,-70.5981
2022-09-28,YINN,YINN,-6849000.0,45.66,0.0325,913204000.0,0.0,-6849000.0,-0.4452,11596000.0,39521000.0,BALANCED,-5.13
2022-09-29,YINN,YINN,0.0,41.21,-0.0976,913204000.0,0.0,0.0,-0.0845,11596000.0,42859000.0,BALANCED,7.8885
2022-09-30,YINN,YINN,4075000.0,40.75,-0.0112,917279000.0,4075000.0,0.0,0.123,-60264000.0,50159000.0,BALANCED,-4.9251
2022-10-03,YINN,YINN,4126000.0,41.26,0.0125,921405000.0,4126000.0,0.0,0.1184,-56138000.0,63359000.0,BALANCED,-3.0393
2022-10-04,YINN,YINN,-4625000.0,46.25,0.121,916780000.0,0.0,-4625000.0,-0.3337,-3273000.0,58734000.0,BALANCED,-20.3413
2022-10-05,YINN,YINN,0.0,47.27,0.0219,916780000.0,0.0,0.0,-0.0906,3576000.0,29258000.0,BALANCED,7.7362
2022-10-06,YINN,YINN,0.0,46.16,-0.0234,916780000.0,0.0,0.0,-0.085,3576000.0,29258000.0,BALANCED,7.8738
2022-10-07,YINN,YINN,-2142000.0,42.84,-0.0718,914638000.0,0.0,-2142000.0,-0.2003,-2641000.0,27116000.0,BALANCED,-17.0084
2022-10-10,YINN,YINN,0.0,38.93,-0.0913,914638000.0,0.0,0.0,-0.094,-6767000.0,27116000.0,BALANCED,-12.349
2022-10-11,YINN,YINN,3572000.0,35.72,-0.0824,918210000.0,3572000.0,0.0,0.0879,1430000.0,27926000.0,BALANCED,14.1964
2022-10-12,YINN,YINN,0.0,35.03,-0.0196,918210000.0,0.0,0.0,-0.0786,1430000.0,27926000.0,BALANCED,8.0353
2022-10-13,YINN,YINN,6825000.0,34.12,-0.0257,925035000.0,6825000.0,0.0,0.2648,8255000.0,40225000.0,BALANCED,18.6208
2022-10-14,YINN,YINN,0.0,32.68,-0.0424,925035000.0,0.0,0.0,-0.1023,10397000.0,40213000.0,BALANCED,7.442
2022-10-17,YINN,YINN,1784000.0,35.67,0.0916,926819000.0,1784000.0,0.0,-0.0271,12181000.0,42009000.0,BALANCED,11.3222
2022-10-18,YINN,YINN,1740000.0,34.8,-0.0244,928559000.0,1740000.0,0.0,-0.0326,10349000.0,41173000.0,BALANCED,13.186
2022-10-19,YINN,YINN,0.0,30.4,-0.1266,928559000.0,0.0,0.0,-0.0758,10349000.0,26951000.0,BALANCED,8.1039
2022-10-20,YINN,YINN,0.0,30.81,0.0137,928559000.0,0.0,0.0,-0.0758,3524000.0,26951000.0,BALANCED,8.1039
2022-10-21,YINN,YINN,3138000.0,31.38,0.0182,931697000.0,3138000.0,0.0,0.0923,6662000.0,-45846000.0,BALANCED,14.3085
2022-10-24,YINN,YINN,41731000.0,21.96,-0.3,973428000.0,41731000.0,0.0,1.9961,46609000.0,-4115000.0,ACCUMULATION,63.9029
2022-10-25,YINN,YINN,1161000.0,23.21,0.0568,974589000.0,1161000.0,0.0,-0.0847,46030000.0,54536000.0,BALANCED,13.8829
2022-10-26,YINN,YINN,0.0,25.81,0.1119,974589000.0,0.0,0.0,-0.1443,46030000.0,61385000.0,BALANCED,6.3924
2022-10-27,YINN,YINN,-7128000.0,23.76,-0.0794,967461000.0,0.0,-7128000.0,-0.5068,38902000.0,54257000.0,BALANCED,-4.6701
2022-10-28,YINN,YINN,1087000.0,21.75,-0.0846,968548000.0,1087000.0,0.0,-0.0874,36851000.0,51269000.0,BALANCED,9.8152
2022-10-31,YINN,YINN,17959000.0,19.95,-0.0824,986507000.0,17959000.0,0.0,0.7402,13079000.0,65102000.0,BALANCED,32.5051
2022-11-01,YINN,YINN,-5623000.0,22.49,0.1272,980884000.0,0.0,-5623000.0,-0.4425,6295000.0,64104000.0,BALANCED,-3.0622
2022-11-02,YINN,YINN,0.0,22.8,0.0135,980884000.0,0.0,0.0,-0.1345,6295000.0,64104000.0,BALANCED,6.6373
2022-11-03,YINN,YINN,-2348000.0,23.48,0.0298,978536000.0,0.0,-2348000.0,-0.2498,11075000.0,61756000.0,BALANCED,1.7539
2022-11-04,YINN,YINN,2880000.0,28.8,0.2268,981416000.0,2880000.0,0.0,0.1971,12868000.0,66778000.0,BALANCED,16.9274
2022-11-07,YINN,YINN,0.0,29.23,0.0148,981416000.0,0.0,0.0,-0.0092,-5091000.0,66778000.0,BALANCED,-10.2312
2022-11-08,YINN,YINN,0.0,29.14,-0.0028,981416000.0,0.0,0.0,-0.2338,532000.0,63206000.0,BALANCED,4.1544
2022-11-09,YINN,YINN,-7667000.0,25.56,-0.1231,973749000.0,0.0,-7667000.0,-1.1034,-7135000.0,55539000.0,BALANCED,-39.5848
2022-11-10,YINN,YINN,7000.0,30.22,0.1826,973756000.0,7000.0,0.0,-0.2292,-4780000.0,48721000.0,BALANCED,-13.7288
2022-11-11,YINN,YINN,6843000.0,34.26,0.1334,980599000.0,6843000.0,0.0,0.5369,-817000.0,55564000.0,BALANCED,7.4221
2022-11-14,YINN,YINN,5222000.0,34.81,0.0162,985821000.0,5222000.0,0.0,0.3484,4405000.0,59002000.0,BALANCED,24.7102
2022-11-15,YINN,YINN,2009000.0,40.19,0.1545,987830000.0,2009000.0,0.0,-0.0411,6414000.0,59271000.0,BALANCED,16.9713
2022-11-16,YINN,YINN,1874000.0,37.49,-0.0672,989704000.0,1874000.0,0.0,-0.0638,15955000.0,61145000.0,BALANCED,18.404
2022-11-17,YINN,YINN,0.0,40.13,0.0704,989704000.0,0.0,0.0,-0.2787,15948000.0,61145000.0,BALANCED,3.0322
2022-11-18,YINN,YINN,-1817000.0,36.34,-0.0944,987887000.0,0.0,-1817000.0,-0.4886,7288000.0,56190000.0,BALANCED,-4.2151
2022-11-21,YINN,YINN,5199000.0,34.66,-0.0463,993086000.0,5199000.0,0.0,0.2964,7265000.0,19658000.0,BALANCED,19.4107
2022-11-22,YINN,YINN,1682000.0,33.64,-0.0295,994768000.0,1682000.0,0.0,-0.0998,6938000.0,20179000.0,BALANCED,11.5051
2022-11-23,YINN,YINN,0.0,34.93,0.0384,994768000.0,0.0,0.0,-0.2928,5064000.0,20179000.0,BALANCED,2.6812
2022-11-25,YINN,YINN,0.0,33.11,-0.052,994768000.0,0.0,0.0,-0.2675,5064000.0,27307000.0,BALANCED,3.3134
2022-11-28,YINN,YINN,1698000.0,33.97,0.0258,996466000.0,1698000.0,0.0,-0.0787,8579000.0,27918000.0,BALANCED,10.0329
2022-11-29,YINN,YINN,-3914000.0,39.14,0.1524,992552000.0,0.0,-3914000.0,-0.6972,-534000.0,6045000.0,BALANCED,-29.431
2022-11-30,YINN,YINN,6729000.0,44.86,0.1463,999281000.0,6729000.0,0.0,0.4971,4513000.0,18397000.0,BALANCED,24.4271
2022-12-01,YINN,YINN,-2142000.0,42.84,-0.0451,997139000.0,0.0,-2142000.0,-0.5019,2371000.0,16255000.0,BALANCED,-4.5468
2022-12-02,YINN,YINN,16262000.0,46.46,0.0847,1013401000.0,16262000.0,0.0,1.4649,18633000.0,34865000.0,BALANCED,48.6231
2022-12-05,YINN,YINN,-6902000.0,46.01,-0.0098,1006499000.0,0.0,-6902000.0,-1.0059,10033000.0,25083000.0,BALANCED,-17.1474
2022-12-06,YINN,YINN,-7162000.0,47.75,0.0377,999337000.0,0.0,-7162000.0,-1.364,6785000.0,17921000.0,BALANCED,-28.1005
2022-12-07,YINN,YINN,0.0,44.65,-0.0648,999337000.0,0.0,0.0,-0.1402,56000.0,17921000.0,BALANCED,6.496
2022-12-08,YINN,YINN,-4901000.0,49.01,0.0977,994436000.0,0.0,-4901000.0,-0.9307,-2703000.0,20687000.0,BALANCED,-35.2681
2022-12-09,YINN,YINN,24107000.0,48.21,-0.0163,1018543000.0,24107000.0,0.0,3.1231,5142000.0,44787000.0,ACCUMULATION,90.0787
2022-12-12,YINN,YINN,0.0,46.5,-0.0355,1018543000.0,0.0,0.0,-0.2321,12044000.0,37944000.0,BALANCED,4.1971
2022-12-13,YINN,YINN,-2408000.0,48.16,0.0357,1016135000.0,0.0,-2408000.0,-0.5209,16798000.0,30314000.0,BALANCED,-5.0233
2022-12-14,YINN,YINN,0.0,49.06,0.0186,1016135000.0,0.0,0.0,-0.1836,16798000.0,28305000.0,BALANCED,5.4111
2022-12-15,YINN,YINN,-2277000.0,45.54,-0.0717,1013858000.0,0.0,-2277000.0,-0.5251,19422000.0,24154000.0,BALANCED,-5.1278
2022-12-16,YINN,YINN,0.0,45.9,0.0078,1013858000.0,0.0,0.0,-0.184,-4685000.0,24154000.0,BALANCED,-14.5991
2022-12-19,YINN,YINN,-4509000.0,45.09,-0.0175,1009349000.0,0.0,-4509000.0,-0.8403,-9194000.0,21462000.0,BALANCED,-33.0071
2022-12-20,YINN,YINN,-2129000.0,42.58,-0.0457,1007220000.0,0.0,-2129000.0,-0.4601,-8915000.0,14134000.0,BALANCED,-25.5032
2022-12-21,YINN,YINN,2308000.0,46.16,0.0841,1009528000.0,2308000.0,0.0,0.2109,-6607000.0,14760000.0,BALANCED,-2.7267
2022-12-22,YINN,YINN,0.0,45.31,-0.0185,1009528000.0,0.0,0.0,-0.1894,-4330000.0,14760000.0,BALANCED,-14.7349
2022-12-23,YINN,YINN,-4447000.0,44.47,-0.0184,1005081000.0,0.0,-4447000.0,-0.861,-8777000.0,10313000.0,BALANCED,-33.524
2022-12-27,YINN,YINN,0.0,50.79,0.1421,1005081000.0,0.0,0.0,-0.1298,-4268000.0,8615000.0,BALANCED,-13.246
2022-12-28,YINN,YINN,0.0,45.75,-0.0993,1005081000.0,0.0,0.0,-0.103,-2139000.0,12529000.0,BALANCED,-12.5759
2022-12-29,YINN,YINN,-4988000.0,49.88,0.0902,1000093000.0,0.0,-4988000.0,-0.8555,-9435000.0,812000.0,BALANCED,-33.3869
2022-12-30,YINN,YINN,0.0,46.16,-0.0747,1000093000.0,0.0,0.0,-0.0549,-9435000.0,2954000.0,BALANCED,-11.3736
2023-01-03,YINN,YINN,-5113000.0,51.13,0.1078,994980000.0,0.0,-5113000.0,-0.8288,-10101000.0,-18421000.0,BALANCED,-32.7209
2023-01-04,YINN,YINN,3045000.0,60.9,0.191,998025000.0,3045000.0,0.0,0.4236,-7056000.0,-8474000.0,BALANCED,2.5903
2023-01-05,YINN,YINN,3023000.0,60.46,-0.0071,1001048000.0,3023000.0,0.0,0.4346,-4033000.0,1711000.0,BALANCED,4.8643
2023-01-06,YINN,YINN,0.0,60.88,0.0069,1001048000.0,0.0,0.0,-0.033,955000.0,1711000.0,BALANCED,9.1746
2023-01-09,YINN,YINN,14000.0,60.86,-0.0003,1001062000.0,14000.0,0.0,-0.0309,969000.0,6626000.0,BALANCED,11.2279
2023-01-10,YINN,YINN,-15797000.0,63.13,0.0372,985265000.0,0.0,-15797000.0,-2.2173,-9715000.0,-33278000.0,DISTRIBUTION,-67.4322
2023-01-11,YINN,YINN,3251000.0,65.03,0.0301,988516000.0,3251000.0,0.0,0.5021,-9509000.0,-30027000.0,BALANCED,4.5522
2023-01-12,YINN,YINN,-3168000.0,63.36,-0.0257,985348000.0,0.0,-3168000.0,-0.4188,-15700000.0,-30787000.0,BALANCED,-22.4706
2023-01-13,YINN,YINN,-9898000.0,65.99,0.0416,975450000.0,0.0,-9898000.0,-1.2862,-25598000.0,-40685000.0,BALANCED,-46.1561
2023-01-17,YINN,YINN,3083000.0,61.65,-0.0657,978533000.0,3083000.0,0.0,0.521,-22529000.0,-35325000.0,BALANCED,5.0255
2023-01-18,YINN,YINN,0.0,59.81,-0.0299,978533000.0,0.0,0.0,0.1829,-6732000.0,-35325000.0,BALANCED,-5.4285
2023-01-19,YINN,YINN,-3168000.0,63.37,0.0596,975365000.0,0.0,-3168000.0,-0.3394,-13151000.0,-33984000.0,BALANCED,-20.4857
2023-01-20,YINN,YINN,-13611000.0,68.05,0.0739,961754000.0,0.0,-13611000.0,-1.8738,-23594000.0,-45466000.0,DISTRIBUTION,-60.8458
2023-01-23,YINN,YINN,0.0,70.29,0.0329,961754000.0,0.0,0.0,0.19,-13696000.0,-47774000.0,BALANCED,-5.2512
2023-01-24,YINN,YINN,3494000.0,69.89,-0.0058,965248000.0,3494000.0,0.0,0.6755,-13285000.0,-44280000.0,BALANCED,8.8867
2023-01-25,YINN,YINN,3516000.0,70.32,0.0061,968764000.0,3516000.0,0.0,1.0971,-9769000.0,-36317000.0,BALANCED,21.4285
2023-01-26,YINN,YINN,10958000.0,73.06,0.039,979722000.0,10958000.0,0.0,2.3361,4357000.0,-25359000.0,ACCUMULATION,74.4013
2023-01-27,YINN,YINN,10889000.0,72.59,-0.0064,990611000.0,10889000.0,0.0,2.0631,28857000.0,-14470000.0,ACCUMULATION,69.578
2023-01-30,YINN,YINN,19353000.0,64.51,-0.1113,1009964000.0,19353000.0,0.0,2.8838,48210000.0,9871000.0,ACCUMULATION,92.0945
2023-01-31,YINN,YINN,0.0,63.28,-0.0191,1009964000.0,0.0,0.0,0.0192,44716000.0,9871000.0,BALANCED,10.4792
2023-02-01,YINN,YINN,0.0,67.5,0.0667,1009964000.0,0.0,0.0,0.0192,41200000.0,14984000.0,BALANCED,10.4792
2023-02-02,YINN,YINN,9524000.0,63.49,-0.0594,1019488000.0,9524000.0,0.0,1.3235,39766000.0,21463000.0,BALANCED,45.0875
2023-02-03,YINN,YINN,2939000.0,58.78,-0.0743,1022427000.0,2939000.0,0.0,0.3504,31816000.0,21379000.0,BALANCED,22.7608
2023-02-06,YINN,YINN,-5609000.0,56.09,-0.0457,1016818000.0,0.0,-5609000.0,-0.8337,6854000.0,15770000.0,BALANCED,-12.842
2023-02-07,YINN,YINN,-2875000.0,57.5,0.0252,1013943000.0,0.0,-2875000.0,-0.4291,3979000.0,12881000.0,BALANCED,-4.7283
2023-02-08,YINN,YINN,19279000.0,55.08,-0.0421,1033222000.0,19279000.0,0.0,2.3513,23258000.0,47957000.0,ACCUMULATION,70.7834
2023-02-09,YINN,YINN,0.0,58.16,0.0559,1033222000.0,0.0,0.0,-0.1203,13734000.0,44706000.0,BALANCED,6.9936
2023-02-10,YINN,YINN,2657000.0,53.15,-0.0862,1035879000.0,2657000.0,0.0,0.2089,13452000.0,50531000.0,BALANCED,17.2228
2023-02-13,YINN,YINN,0.0,55.76,0.0492,1035879000.0,0.0,0.0,-0.1544,19061000.0,60429000.0,BALANCED,6.1393
2023-02-14,YINN,YINN,0.0,54.21,-0.0278,1035879000.0,0.0,0.0,-0.1544,21936000.0,57346000.0,BALANCED,6.1393
2023-02-15,YINN,YINN,10580000.0,52.9,-0.0241,1046459000.0,10580000.0,0.0,1.1344,13237000.0,67926000.0,BALANCED,40.3611
2023-02-16,YINN,YINN,0.0,52.99,0.0017,1046459000.0,0.0,0.0,-0.2066,13237000.0,71094000.0,BALANCED,4.8357
2023-02-17,YINN,YINN,0.0,49.7,-0.062,1046459000.0,0.0,0.0,-0.1937,10580000.0,84705000.0,BALANCED,5.1584
2023-02-21,YINN,YINN,0.0,47.96,-0.035,1046459000.0,0.0,0.0,-0.1937,10580000.0,84705000.0,BALANCED,5.1584
2023-02-22,YINN,YINN,0.0,46.72,-0.026,1046459000.0,0.0,0.0,-0.1936,10580000.0,81211000.0,BALANCED,5.16
2023-02-23,YINN,YINN,-4592000.0,45.92,-0.0169,1041867000.0,0.0,-4592000.0,-0.8993,-4592000.0,73103000.0,BALANCED,-34.482
2023-02-24,YINN,YINN,8343000.0,41.72,-0.0916,1050210000.0,8343000.0,0.0,0.8615,3751000.0,70488000.0,BALANCED,33.5381
2023-02-27,YINN,YINN,0.0,43.36,0.0394,1050210000.0,0.0,0.0,-0.2986,3751000.0,59599000.0,BALANCED,2.5358
2023-02-28,YINN,YINN,20936000.0,41.87,-0.0343,1071146000.0,20936000.0,0.0,2.3205,24687000.0,61182000.0,ACCUMULATION,70.0127
2023-03-01,YINN,YINN,4707000.0,47.07,0.1241,1075853000.0,4707000.0,0.0,0.1912,29394000.0,65889000.0,BALANCED,18.7795
2023-03-02,YINN,YINN,-14887000.0,49.62,0.0542,1060966000.0,0.0,-14887000.0,-2.1187,19099000.0,51002000.0,DISTRIBUTION,-44.9676
2023-03-03,YINN,YINN,7406000.0,49.37,-0.005,1068372000.0,7406000.0,0.0,0.5195,18162000.0,48884000.0,BALANCED,24.9879
2023-03-06,YINN,YINN,0.0,47.71,-0.0338,1068372000.0,0.0,0.0,-0.462,18162000.0,45945000.0,BALANCED,-1.5494
2023-03-07,YINN,YINN,0.0,45.1,-0.0546,1068372000.0,0.0,0.0,-0.462,-2774000.0,51554000.0,BALANCED,-21.5494
2023-03-08,YINN,YINN,0.0,43.63,-0.0327,1068372000.0,0.0,0.0,-0.4453,-7481000.0,54429000.0,BALANCED,-21.1314
2023-03-09,YINN,YINN,7756000.0,38.78,-0.1111,1076128000.0,7756000.0,0.0,0.5383,15162000.0,42906000.0,BALANCED,25.4568
2023-03-10,YINN,YINN,-1933000.0,38.65,-0.0032,1074195000.0,0.0,-1933000.0,-0.6605,5823000.0,40973000.0,BALANCED,-8.5125
2023-03-13,YINN,YINN,5904000.0,39.36,0.0183,1080099000.0,5904000.0,0.0,0.3857,11727000.0,44220000.0,BALANCED,21.6414
2023-03-14,YINN,YINN,0.0,40.12,0.0193,1080099000.0,0.0,0.0,-0.3374,11727000.0,44220000.0,BALANCED,1.5646
2023-03-15,YINN,YINN,1921000.0,38.41,-0.0425,1082020000.0,1921000.0,0.0,-0.0695,13648000.0,46141000.0,BALANCED,10.2615
2023-03-16,YINN,YINN,7974000.0,39.87,0.038,1089994000.0,7974000.0,0.0,0.761,13866000.0,43535000.0,BALANCED,33.0256
2023-03-17,YINN,YINN,0.0,39.53,-0.0086,1089994000.0,0.0,0.0,-0.3423,15799000.0,43535000.0,BALANCED,1.4422
2023-03-20,YINN,YINN,0.0,39.43,-0.0026,1089994000.0,0.0,0.0,-0.3275,9895000.0,43535000.0,BALANCED,1.8136
2023-03-21,YINN,YINN,-4090000.0,40.9,0.042,1085904000.0,0.0,-4090000.0,-0.9369,5805000.0,39445000.0,BALANCED,-15.4223
2023-03-22,YINN,YINN,2064000.0,41.28,0.0093,1087968000.0,2064000.0,0.0,-0.0597,5948000.0,41509000.0,BALANCED,10.5063
2023-03-23,YINN,YINN,-2258000.0,45.15,0.0937,1085710000.0,0.0,-2258000.0,-0.667,-4284000.0,43843000.0,BALANCED,-28.6751
2023-03-24,YINN,YINN,0.0,44.55,-0.0134,1085710000.0,0.0,0.0,-0.2912,-4284000.0,35500000.0,BALANCED,-17.2799
2023-03-27,YINN,YINN,10450000.0,41.8,-0.0617,1096160000.0,10450000.0,0.0,1.3584,6166000.0,45950000.0,BALANCED,45.9588
2023-03-28,YINN,YINN,0.0,46.94,0.1229,1096160000.0,0.0,0.0,-0.3234,10256000.0,25014000.0,BALANCED,1.9158
2023-03-29,YINN,YINN,7045000.0,46.97,0.0006,1103205000.0,7045000.0,0.0,0.7659,15237000.0,27352000.0,BALANCED,31.1474
2023-03-30,YINN,YINN,0.0,49.35,0.0507,1103205000.0,0.0,0.0,-0.3112,17495000.0,42239000.0,BALANCED,2.2195
2023-03-31,YINN,YINN,0.0,47.42,-0.0391,1103205000.0,0.0,0.0,-0.3112,17495000.0,34833000.0,BALANCED,2.2195
2023-04-03,YINN,YINN,7016000.0,46.77,-0.0135,1110221000.0,7016000.0,0.0,0.7969,14061000.0,41849000.0,BALANCED,31.922
2023-04-04,YINN,YINN,18455000.0,46.14,-0.0136,1128676000.0,18455000.0,0.0,2.3091,32516000.0,60304000.0,ACCUMULATION,71.7282
2023-04-05,YINN,YINN,2226000.0,44.51,-0.0352,1130902000.0,2226000.0,0.0,-0.0868,27697000.0,62530000.0,BALANCED,13.8311
2023-04-06,YINN,YINN,0.0,46.12,0.036,1130902000.0,0.0,0.0,-0.4453,27697000.0,54774000.0,BALANCED,-1.1331
2023-04-10,YINN,YINN,0.0,45.63,-0.0106,1130902000.0,0.0,0.0,-0.4072,27697000.0,56707000.0,BALANCED,-0.1788
2023-04-11,YINN,YINN,0.0,45.71,0.0017,1130902000.0,0.0,0.0,-0.4072,20681000.0,50803000.0,BALANCED,-0.1788
2023-04-12,YINN,YINN,2097000.0,41.94,-0.0825,1132999000.0,2097000.0,0.0,0.0063,4323000.0,52900000.0,BALANCED,12.1563
2023-04-13,YINN,YINN,-2242000.0,44.85,0.0693,1130757000.0,0.0,-2242000.0,-0.7186,-145000.0,48737000.0,BALANCED,-29.9662
2023-04-14,YINN,YINN,2157000.0,43.13,-0.0382,1132914000.0,2157000.0,0.0,-0.0513,2012000.0,42920000.0,BALANCED,10.7181
2023-04-17,YINN,YINN,0.0,46.64,0.0812,1132914000.0,0.0,0.0,-0.4649,2012000.0,42920000.0,BALANCED,-1.6235
2023-04-18,YINN,YINN,0.0,46.05,-0.0126,1132914000.0,0.0,0.0,-0.4649,2012000.0,42920000.0,BALANCED,-1.6235
2023-04-19,YINN,YINN,2217000.0,44.34,-0.0371,1135131000.0,2217000.0,0.0,-0.0018,2132000.0,49227000.0,BALANCED,11.955
2023-04-20,YINN,YINN,0.0,43.45,-0.02,1135131000.0,0.0,0.0,-0.4828,4374000.0,47163000.0,BALANCED,-2.0694
2023-04-21,YINN,YINN,4151000.0,41.51,-0.0447,1139282000.0,4151000.0,0.0,0.454,6368000.0,53572000.0,BALANCED,23.3507
2023-04-24,YINN,YINN,2011000.0,40.22,-0.031,1141293000.0,2011000.0,0.0,-0.0508,8379000.0,55583000.0,BALANCED,12.7301
2023-04-25,YINN,YINN,7390000.0,36.95,-0.0814,1148683000.0,7390000.0,0.0,1.1363,15769000.0,52523000.0,BALANCED,44.4081
2023-04-26,YINN,YINN,3876000.0,38.76,0.049,1152559000.0,3876000.0,0.0,0.3261,17428000.0,56399000.0,BALANCED,26.1524
2023-04-27,YINN,YINN,-6056000.0,40.38,0.0417,1146503000.0,0.0,-6056000.0,-1.7315,11372000.0,43298000.0,DISTRIBUTION,-35.288
2023-04-28,YINN,YINN,-2047000.0,40.94,0.0139,1144456000.0,0.0,-2047000.0,-0.8276,5174000.0,41251000.0,BALANCED,-14.6909
2023-05-01,YINN,YINN,0.0,40.45,-0.012,1144456000.0,0.0,0.0,-0.389,3163000.0,41251000.0,BALANCED,0.2749
2023-05-02,YINN,YINN,0.0,38.15,-0.0567,1144456000.0,0.0,0.0,-0.389,-4227000.0,34235000.0,BALANCED,-19.7251
2023-05-03,YINN,YINN,0.0,37.6,-0.0144,1144456000.0,0.0,0.0,-0.4293,-8103000.0,15780000.0,BALANCED,-20.7321
2023-05-04,YINN,YINN,-2031000.0,40.62,0.0802,1142425000.0,0.0,-2031000.0,-0.8354,-4078000.0,11523000.0,BALANCED,-32.8847
2023-05-05,YINN,YINN,0.0,42.17,0.0382,1142425000.0,0.0,0.0,-0.4152,-2031000.0,11523000.0,BALANCED,-20.3796
2023-05-08,YINN,YINN,-2156000.0,43.13,0.0227,1140269000.0,0.0,-2156000.0,-0.8639,-4187000.0,9367000.0,BALANCED,-33.5964
2023-05-09,YINN,YINN,-2055000.0,41.1,-0.0471,1138214000.0,0.0,-2055000.0,-0.7943,-6242000.0,7312000.0,BALANCED,-33.8584
2023-05-10,YINN,YINN,0.0,40.21,-0.0215,1138214000.0,0.0,0.0,-0.3221,-6242000.0,5215000.0,BALANCED,-18.053
2023-05-11,YINN,YINN,-2074000.0,41.48,0.0315,1136140000.0,0.0,-2074000.0,-0.7443,-6285000.0,5383000.0,BALANCED,-30.6071
2023-05-12,YINN,YINN,3817000.0,38.17,-0.0799,1139957000.0,3817000.0,0.0,0.6049,-2468000.0,7043000.0,BALANCED,7.1235
2023-05-15,YINN,YINN,-2165000.0,43.3,0.1346,1137792000.0,0.0,-2165000.0,-0.7673,-2477000.0,4878000.0,BALANCED,-31.183
2023-05-16,YINN,YINN,0.0,41.94,-0.0314,1137792000.0,0.0,0.0,-0.2197,-422000.0,4878000.0,BALANCED,-15.4921
2023-05-17,YINN,YINN,12184000.0,40.61,-0.0317,1149976000.0,12184000.0,0.0,3.4243,11762000.0,14845000.0,ACCUMULATION,97.607
2023-05-18,YINN,YINN,0.0,38.93,-0.0415,1149976000.0,0.0,0.0,-0.1903,13836000.0,14845000.0,BALANCED,5.242
2023-05-19,YINN,YINN,3826000.0,38.26,-0.0171,1153802000.0,3826000.0,0.0,0.9039,13845000.0,14520000.0,BALANCED,34.5976
2023-05-22,YINN,YINN,0.0,40.1,0.048,1153802000.0,0.0,0.0,-0.2253,16010000.0,12509000.0,BALANCED,4.3678
2023-05-23,YINN,YINN,7288000.0,36.44,-0.0914,1161090000.0,7288000.0,0.0,1.7512,23298000.0,12407000.0,ACCUMULATION,55.7802
2023-05-24,YINN,YINN,10271000.0,34.24,-0.0604,1171361000.0,10271000.0,0.0,2.2688,21385000.0,18802000.0,ACCUMULATION,70.7195
2023-05-25,YINN,YINN,0.0,32.13,-0.0616,1171361000.0,0.0,0.0,-0.3457,21385000.0,24858000.0,BALANCED,1.3586
2023-05-26,YINN,YINN,0.0,33.69,0.0485,1171361000.0,0.0,0.0,-0.3269,17559000.0,26905000.0,BALANCED,1.8271
2023-05-30,YINN,YINN,10745000.0,30.7,-0.0887,1182106000.0,10745000.0,0.0,2.1304,28304000.0,37650000.0,ACCUMULATION,65.2601
2023-05-31,YINN,YINN,24352000.0,30.44,-0.0084,1206458000.0,24352000.0,0.0,3.6871,45368000.0,62002000.0,ACCUMULATION,100.0
2023-06-01,YINN,YINN,0.0,32.75,0.0759,1206458000.0,0.0,0.0,-0.3992,35097000.0,62002000.0,BALANCED,0.0211
2023-06-02,YINN,YINN,-1783000.0,35.67,0.0891,1204675000.0,0.0,-1783000.0,-0.6847,33314000.0,62250000.0,BALANCED,-9.117
2023-06-05,YINN,YINN,0.0,35.5,-0.0047,1204675000.0,0.0,0.0,-0.3637,33314000.0,62250000.0,BALANCED,0.9085
2023-06-06,YINN,YINN,-1891000.0,37.82,0.0654,1202784000.0,0.0,-1891000.0,-0.6524,20678000.0,62515000.0,BALANCED,-8.311
2023-06-07,YINN,YINN,0.0,36.44,-0.0363,1202784000.0,0.0,0.0,-0.3023,-3674000.0,64570000.0,BALANCED,-17.5583
2023-06-08,YINN,YINN,-5638000.0,37.58,0.0313,1197146000.0,0.0,-5638000.0,-1.1675,-9312000.0,58932000.0,BALANCED,-41.1872
2023-06-09,YINN,YINN,0.0,37.67,0.0022,1197146000.0,0.0,0.0,-0.2841,-7529000.0,61006000.0,BALANCED,-17.1022
2023-06-12,YINN,YINN,-1869000.0,37.37,-0.0079,1195277000.0,0.0,-1869000.0,-0.6,-9398000.0,55320000.0,BALANCED,-27.0
2023-06-13,YINN,YINN,0.0,38.65,0.0342,1195277000.0,0.0,0.0,-0.2853,-7507000.0,57485000.0,BALANCED,-17.1317
2023-06-14,YINN,YINN,2010000.0,40.21,0.0403,1197287000.0,2010000.0,0.0,0.042,-5497000.0,59495000.0,BALANCED,-6.9504
2023-06-15,YINN,YINN,0.0,42.86,0.0661,1197287000.0,0.0,0.0,-0.297,141000.0,47311000.0,BALANCED,2.5757
2023-06-16,YINN,YINN,31540000.0,42.05,-0.0189,1228827000.0,31540000.0,0.0,3.5838,31681000.0,78851000.0,ACCUMULATION,100.0
2023-06-20,YINN,YINN,3663000.0,36.63,-0.129,1232490000.0,3663000.0,0.0,0.0828,37213000.0,78688000.0,BALANCED,16.0704
2023-06-21,YINN,YINN,5355000.0,35.7,-0.0189,1237845000.0,5355000.0,0.0,0.2651,42568000.0,84043000.0,BALANCED,22.6285
2023-06-22,YINN,YINN,0.0,35.45,-0.0069,1237845000.0,0.0,0.0,-0.4209,40558000.0,76755000.0,BALANCED,-0.5215
2023-06-23,YINN,YINN,8302000.0,33.21,-0.0633,1246147000.0,8302000.0,0.0,0.5943,48860000.0,74786000.0,BALANCED,26.8565
2023-06-26,YINN,YINN,10115000.0,33.72,0.0153,1256262000.0,10115000.0,0.0,0.7708,27435000.0,84901000.0,BALANCED,33.2707
2023-06-27,YINN,YINN,0.0,35.91,0.0652,1256262000.0,0.0,0.0,-0.487,23772000.0,84901000.0,BALANCED,-2.1738
2023-06-28,YINN,YINN,8750000.0,35.0,-0.0254,1265012000.0,8750000.0,0.0,0.569,27167000.0,82906000.0,BALANCED,26.2248
2023-06-29,YINN,YINN,0.0,33.34,-0.0475,1265012000.0,0.0,0.0,-0.5351,27167000.0,58554000.0,BALANCED,-3.3773
2023-06-30,YINN,YINN,0.0,34.23,0.0268,1265012000.0,0.0,0.0,-0.4906,18865000.0,58554000.0,BALANCED,-2.2659
2023-07-03,YINN,YINN,5426000.0,36.17,0.0567,1270438000.0,5426000.0,0.0,0.1812,14176000.0,65763000.0,BALANCED,16.5291
2023-07-05,YINN,YINN,1745000.0,34.91,-0.035,1272183000.0,1745000.0,0.0,-0.2823,15921000.0,67508000.0,BALANCED,6.943
2023-07-06,YINN,YINN,11156000.0,31.87,-0.0869,1283339000.0,11156000.0,0.0,0.8691,18327000.0,80555000.0,BALANCED,37.7265
2023-07-07,YINN,YINN,3392000.0,33.92,0.0643,1286731000.0,3392000.0,0.0,-0.1014,21719000.0,83947000.0,BALANCED,15.4648
2023-07-10,YINN,YINN,10151000.0,33.84,-0.0026,1296882000.0,10151000.0,0.0,0.7604,31870000.0,99736000.0,BALANCED,39.0112
2023-07-11,YINN,YINN,0.0,34.5,0.0195,1296882000.0,0.0,0.0,-0.5332,26444000.0,99736000.0,BALANCED,-3.3307
2023-07-12,YINN,YINN,0.0,37.59,0.0896,1296882000.0,0.0,0.0,-0.5332,24699000.0,101605000.0,BALANCED,-3.3307
2023-07-13,YINN,YINN,-8027000.0,40.14,0.0678,1288855000.0,0.0,-8027000.0,-1.439,5516000.0,93578000.0,BALANCED,-27.9738
2023-07-14,YINN,YINN,-7593000.0,37.96,-0.0541,1281262000.0,0.0,-7593000.0,-1.3851,-5469000.0,83975000.0,BALANCED,-48.6281
2023-07-17,YINN,YINN,0.0,37.39,-0.0152,1281262000.0,0.0,0.0,-0.3424,-15620000.0,83975000.0,BALANCED,-18.5604
2023-07-18,YINN,YINN,0.0,34.86,-0.0675,1281262000.0,0.0,0.0,-0.352,-15620000.0,52435000.0,BALANCED,-18.7993
2023-07-19,YINN,YINN,19544000.0,35.53,0.0193,1300806000.0,19544000.0,0.0,2.0768,3924000.0,68316000.0,ACCUMULATION,63.9208
2023-07-20,YINN,YINN,0.0,35.14,-0.0112,1300806000.0,0.0,0.0,-0.4171,11951000.0,62961000.0,BALANCED,-0.4285
2023-07-21,YINN,YINN,0.0,35.18,0.0012,1300806000.0,0.0,0.0,-0.4171,19544000.0,62961000.0,BALANCED,-0.4285
2023-07-24,YINN,YINN,0.0,37.42,0.0637,1300806000.0,0.0,0.0,-0.45,19544000.0,54659000.0,BALANCED,-1.2509
2023-07-25,YINN,YINN,0.0,38.8,0.0369,1300806000.0,0.0,0.0,-0.45,19544000.0,44544000.0,BALANCED,-1.2509
2023-07-26,YINN,YINN,-2023000.0,40.46,0.0427,1298783000.0,0.0,-2023000.0,-0.7125,-2023000.0,42521000.0,BALANCED,-29.8126
2023-07-27,YINN,YINN,-7695000.0,38.47,-0.049,1291088000.0,0.0,-7695000.0,-1.3739,-9718000.0,26076000.0,BALANCED,-48.3473
2023-07-28,YINN,YINN,-22416000.0,44.83,0.1653,1268672000.0,0.0,-22416000.0,-2.6943,-32134000.0,3660000.0,DISTRIBUTION,-83.3575
2023-07-31,YINN,YINN,2317000.0,46.34,0.0335,1270989000.0,2317000.0,0.0,-0.0152,-29817000.0,5977000.0,BALANCED,-8.38
2023-08-01,YINN,YINN,19322000.0,42.94,-0.0733,1290311000.0,19322000.0,0.0,2.143,-10495000.0,19873000.0,ACCUMULATION,47.5752
2023-08-02,YINN,YINN,7795000.0,38.97,-0.0923,1298106000.0,7795000.0,0.0,0.6903,-677000.0,25923000.0,BALANCED,13.2579
2023-08-03,YINN,YINN,0.0,42.13,0.0809,1298106000.0,0.0,0.0,-0.2477,7018000.0,14767000.0,BALANCED,3.8082
2023-08-04,YINN,YINN,26186000.0,40.29,-0.0437,1324292000.0,26186000.0,0.0,2.5276,55620000.0,37561000.0,ACCUMULATION,75.1904
2023-08-07,YINN,YINN,0.0,39.81,-0.0117,1324292000.0,0.0,0.0,-0.2839,53303000.0,27410000.0,BALANCED,2.9032
2023-08-08,YINN,YINN,0.0,37.58,-0.0562,1324292000.0,0.0,0.0,-0.2499,33981000.0,27410000.0,BALANCED,3.7536
2023-08-09,YINN,YINN,3804000.0,38.04,0.0123,1328096000.0,3804000.0,0.0,0.1554,29990000.0,31214000.0,BALANCED,15.8853
2023-08-10,YINN,YINN,-7788000.0,38.94,0.0238,1320308000.0,0.0,-7788000.0,-1.0501,22202000.0,31453000.0,BALANCED,-18.2513
2023-08-11,YINN,YINN,10564000.0,35.21,-0.0957,1330872000.0,10564000.0,0.0,0.8998,6580000.0,49610000.0,BALANCED,34.4945
2023-08-14,YINN,YINN,22240000.0,34.21,-0.0283,1353112000.0,22240000.0,0.0,1.934,28820000.0,71850000.0,ACCUMULATION,62.3491
2023-08-15,YINN,YINN,32531000.0,32.53,-0.0492,1385643000.0,32531000.0,0.0,2.5284,61351000.0,104381000.0,ACCUMULATION,79.2091
2023-08-16,YINN,YINN,9153000.0,30.51,-0.0621,1394796000.0,9153000.0,0.0,0.4451,66700000.0,93990000.0,BALANCED,29.128
2023-08-17,YINN,YINN,3119000.0,31.19,0.0221,1397915000.0,3119000.0,0.0,-0.0619,77607000.0,97109000.0,BALANCED,18.4513
2023-08-18,YINN,YINN,33180000.0,28.85,-0.0748,1431095000.0,33180000.0,0.0,2.2679,100223000.0,130289000.0,ACCUMULATION,78.6974
2023-08-21,YINN,YINN,2871000.0,28.71,-0.005,1433966000.0,2871000.0,0.0,-0.1362,80854000.0,133160000.0,BALANCED,20.5954
2023-08-22,YINN,YINN,5733000.0,28.66,-0.0015,1439699000.0,5733000.0,0.0,0.0781,54056000.0,138893000.0,BALANCED,27.9537
2023-08-23,YINN,YINN,3050000.0,30.5,0.0639,1442749000.0,3050000.0,0.0,-0.146,47953000.0,143966000.0,BALANCED,24.3509
2023-08-24,YINN,YINN,-7724000.0,30.9,0.0131,1435025000.0,0.0,-7724000.0,-1.0154,37110000.0,143937000.0,BALANCED,-17.386
2023-08-25,YINN,YINN,0.0,30.69,-0.0067,1435025000.0,0.0,0.0,-0.4195,3930000.0,166353000.0,BALANCED,-0.4877
2023-08-28,YINN,YINN,-1644000.0,32.88,0.0714,1433381000.0,0.0,-1644000.0,-0.5483,-585000.0,162392000.0,BALANCED,-25.7087
2023-08-29,YINN,YINN,0.0,34.81,0.0587,1433381000.0,0.0,0.0,-0.4141,-6318000.0,143070000.0,BALANCED,-20.3523
2023-08-30,YINN,YINN,40905000.0,34.09,-0.0208,1474286000.0,40905000.0,0.0,2.572,31537000.0,176180000.0,ACCUMULATION,76.3002
2023-08-31,YINN,YINN,-34386000.0,32.75,-0.0393,1439900000.0,0.0,-34386000.0,-2.521,4875000.0,141794000.0,DISTRIBUTION,-55.0245
2023-09-01,YINN,YINN,-3499000.0,34.99,0.0686,1436401000.0,0.0,-3499000.0,-0.5164,1376000.0,112109000.0,BALANCED,-6.91
2023-09-05,YINN,YINN,0.0,33.45,-0.0442,1436401000.0,0.0,0.0,-0.2911,3020000.0,112109000.0,BALANCED,2.7233
2023-09-06,YINN,YINN,5059000.0,33.72,0.0083,1441460000.0,5059000.0,0.0,0.0239,8079000.0,117168000.0,BALANCED,12.5974
2023-09-07,YINN,YINN,-3083000.0,30.83,-0.0859,1438377000.0,0.0,-3083000.0,-0.4984,-35909000.0,110281000.0,BALANCED,-24.4599
2023-09-08,YINN,YINN,0.0,30.66,-0.0056,1438377000.0,0.0,0.0,-0.3194,-1523000.0,118069000.0,BALANCED,-17.9838
2023-09-11,YINN,YINN,0.0,31.87,0.0397,1438377000.0,0.0,0.0,-0.3896,1976000.0,107505000.0,BALANCED,0.261
2023-09-12,YINN,YINN,0.0,32.07,0.0062,1438377000.0,0.0,0.0,-0.3836,1976000.0,85265000.0,BALANCED,0.4101
2023-09-13,YINN,YINN,0.0,31.25,-0.0256,1438377000.0,0.0,0.0,-0.3441,-3083000.0,52734000.0,BALANCED,-18.603
2023-09-14,YINN,YINN,0.0,32.03,0.0251,1438377000.0,0.0,0.0,-0.3256,0.0,43581000.0,BALANCED,-8.1405
2023-09-15,YINN,YINN,23682000.0,31.58,-0.0143,1462059000.0,23682000.0,0.0,1.2359,23682000.0,64144000.0,BALANCED,42.8982
2023-09-18,YINN,YINN,21777000.0,31.11,-0.0147,1483836000.0,21777000.0,0.0,1.1315,45459000.0,52741000.0,BALANCED,42.2868
2023-09-19,YINN,YINN,0.0,30.79,-0.0081,1483836000.0,0.0,0.0,-0.3656,45459000.0,49870000.0,BALANCED,0.8601
2023-09-20,YINN,YINN,1507000.0,30.13,-0.0215,1485343000.0,1507000.0,0.0,-0.2658,46966000.0,45644000.0,BALANCED,5.3562
2023-09-21,YINN,YINN,-15489000.0,28.16,-0.0653,1469854000.0,0.0,-15489000.0,-1.3458,31477000.0,27105000.0,BALANCED,-25.6449
2023-09-22,YINN,YINN,0.0,31.13,0.1053,1469854000.0,0.0,0.0,-0.3354,7795000.0,34829000.0,BALANCED,1.6154
2023-09-25,YINN,YINN,4451000.0,29.67,-0.0468,1474305000.0,4451000.0,0.0,-0.0223,-9531000.0,39280000.0,BALANCED,-8.5566
2023-09-26,YINN,YINN,4264000.0,28.43,-0.0419,1478569000.0,4264000.0,0.0,0.0057,-5267000.0,45188000.0,BALANCED,-5.858
2023-09-27,YINN,YINN,5722000.0,28.61,0.0065,1484291000.0,5722000.0,0.0,0.1812,-1052000.0,50910000.0,BALANCED,0.529
2023-09-28,YINN,YINN,-7028000.0,28.11,-0.0174,1477263000.0,0.0,-7028000.0,-0.7234,7409000.0,2977000.0,BALANCED,-10.0852
2023-09-29,YINN,YINN,0.0,28.95,0.0297,1477263000.0,0.0,0.0,-0.1956,7409000.0,37363000.0,BALANCED,5.1107
2023-10-02,YINN,YINN,0.0,28.41,-0.0185,1477263000.0,0.0,0.0,-0.1258,2958000.0,40862000.0,BALANCED,6.8558
2023-10-03,YINN,YINN,10560000.0,26.4,-0.0709,1487823000.0,10560000.0,0.0,0.71,9254000.0,51422000.0,BALANCED,29.7494
2023-10-04,YINN,YINN,7714000.0,25.71,-0.026,1495537000.0,7714000.0,0.0,0.4731,11246000.0,54077000.0,BALANCED,25.8263
2023-10-05,YINN,YINN,-3928000.0,26.19,0.0184,1491609000.0,0.0,-3928000.0,-0.4476,14346000.0,53232000.0,BALANCED,-3.1897
2023-10-06,YINN,YINN,4171000.0,27.81,0.062,1495780000.0,4171000.0,0.0,0.1745,18517000.0,57403000.0,BALANCED,16.3632
2023-10-09,YINN,YINN,0.0,27.77,-0.0015,1495780000.0,0.0,0.0,-0.1647,18517000.0,57403000.0,BALANCED,5.8821
2023-10-10,YINN,YINN,-1494000.0,29.88,0.0763,1494286000.0,0.0,-1494000.0,-0.2867,6463000.0,55909000.0,BALANCED,0.8333
2023-10-11,YINN,YINN,3074000.0,30.74,0.0286,1497360000.0,3074000.0,0.0,0.0766,1823000.0,58983000.0,BALANCED,13.9151
2023-10-12,YINN,YINN,-30588000.0,29.13,-0.0523,1466772000.0,0.0,-30588000.0,-2.6585,-24837000.0,28395000.0,DISTRIBUTION,-78.4631
2023-10-13,YINN,YINN,0.0,28.44,-0.0236,1466772000.0,0.0,0.0,-0.0951,-29008000.0,4713000.0,BALANCED,-12.3779
2023-10-16,YINN,YINN,-4347000.0,28.98,0.0189,1462425000.0,0.0,-4347000.0,-0.5528,-33355000.0,-21411000.0,BALANCED,-25.8211
2023-10-17,YINN,YINN,0.0,28.32,-0.0229,1462425000.0,0.0,0.0,-0.092,-31861000.0,-21411000.0,BALANCED,-12.2992
2023-10-18,YINN,YINN,1345000.0,26.89,-0.0503,1463770000.0,1345000.0,0.0,0.064,-33590000.0,-21573000.0,BALANCED,-6.4006
2023-10-19,YINN,YINN,-3823000.0,25.49,-0.0523,1459947000.0,0.0,-3823000.0,-0.4826,-6825000.0,-9907000.0,BALANCED,-24.0659
2023-10-20,YINN,YINN,4775000.0,23.87,-0.0633,1464722000.0,4775000.0,0.0,0.4129,-2050000.0,-5132000.0,BALANCED,2.3215
2023-10-23,YINN,YINN,3674000.0,24.49,0.026,1468396000.0,3674000.0,0.0,0.2829,5971000.0,-5909000.0,BALANCED,21.0719
2023-10-24,YINN,YINN,0.0,26.84,0.0959,1468396000.0,0.0,0.0,-0.1059,5971000.0,-10173000.0,BALANCED,7.353
2023-10-25,YINN,YINN,20155000.0,25.19,-0.0614,1488551000.0,20155000.0,0.0,1.8349,24781000.0,4260000.0,ACCUMULATION,57.8717
2023-10-26,YINN,YINN,0.0,25.33,0.0055,1488551000.0,0.0,0.0,-0.166,28604000.0,11288000.0,BALANCED,5.8491
2023-10-27,YINN,YINN,-1279000.0,25.57,0.0095,1487272000.0,0.0,-1279000.0,-0.2308,22550000.0,10009000.0,BALANCED,2.2306
2023-10-30,YINN,YINN,-5274000.0,26.37,0.0312,1481998000.0,0.0,-5274000.0,-0.6245,13602000.0,4735000.0,BALANCED,-9.612
2023-10-31,YINN,YINN,15048000.0,25.08,-0.0489,1497046000.0,15048000.0,0.0,1.6616,28650000.0,9223000.0,ACCUMULATION,53.5396
2023-11-01,YINN,YINN,29943000.0,24.95,-0.0051,1526989000.0,29943000.0,0.0,2.7691,38438000.0,31452000.0,ACCUMULATION,83.2281
2023-11-02,YINN,YINN,-21876000.0,25.74,0.0314,1505113000.0,0.0,-21876000.0,-2.1483,16562000.0,13504000.0,DISTRIBUTION,-45.7087
2023-11-03,YINN,YINN,5502000.0,27.51,0.0688,1510615000.0,5502000.0,0.0,0.3852,23343000.0,14835000.0,BALANCED,21.6302
2023-11-06,YINN,YINN,-19423000.0,27.75,0.0087,1491192000.0,0.0,-19423000.0,-1.7556,9194000.0,-4588000.0,DISTRIBUTION,-35.8897
2023-11-07,YINN,YINN,-6840000.0,27.36,-0.014,1484352000.0,0.0,-6840000.0,-0.6148,-12694000.0,-9934000.0,BALANCED,-29.3688
2023-11-08,YINN,YINN,0.0,26.76,-0.022,1484352000.0,0.0,0.0,-0.0002,-42637000.0,-13008000.0,BALANCED,-10.0045
2023-11-09,YINN,YINN,-47435000.0,25.64,-0.0417,1436917000.0,0.0,-47435000.0,-3.2285,-68196000.0,-29855000.0,DISTRIBUTION,-92.7137
2023-11-10,YINN,YINN,3806000.0,25.37,-0.0105,1440723000.0,3806000.0,0.0,0.3512,-69892000.0,-26049000.0,BALANCED,0.7801
2023-11-13,YINN,YINN,0.0,26.37,0.0394,1440723000.0,0.0,0.0,0.0851,-50469000.0,-21702000.0,BALANCED,-7.8714
2023-11-14,YINN,YINN,7016000.0,28.06,0.0642,1447739000.0,7016000.0,0.0,0.5874,-36613000.0,-14686000.0,BALANCED,6.685
2023-11-15,YINN,YINN,0.0,30.05,0.0707,1447739000.0,0.0,0.0,0.1128,-36613000.0,-16031000.0,BALANCED,-7.1788
2023-11-16,YINN,YINN,-6590000.0,26.36,-0.1228,1441149000.0,0.0,-6590000.0,-0.347,4232000.0,-18798000.0,BALANCED,-0.676
2023-11-17,YINN,YINN,22431000.0,26.39,0.0012,1463580000.0,22431000.0,0.0,1.5901,22857000.0,-1142000.0,ACCUMULATION,51.7529
2023-11-20,YINN,YINN,4216000.0,28.11,0.0651,1467796000.0,4216000.0,0.0,0.3476,27073000.0,-600000.0,BALANCED,22.6902
2023-11-21,YINN,YINN,0.0,26.42,-0.06,1467796000.0,0.0,0.0,0.0596,20057000.0,-600000.0,BALANCED,11.4903
2023-11-22,YINN,YINN,0.0,26.8,0.0142,1467796000.0,0.0,0.0,0.0666,20057000.0,-20755000.0,BALANCED,11.6652
2023-11-24,YINN,YINN,4047000.0,26.98,0.0069,1471843000.0,4047000.0,0.0,0.2827,30694000.0,-16708000.0,BALANCED,19.0676
2023-11-27,YINN,YINN,0.0,25.93,-0.0391,1471843000.0,0.0,0.0,-0.0123,8263000.0,-15429000.0,BALANCED,9.6919
2023-11-28,YINN,YINN,0.0,24.99,-0.0361,1471843000.0,0.0,0.0,-0.0229,4047000.0,-10155000.0,BALANCED,9.4268
2023-11-29,YINN,YINN,38094000.0,23.09,-0.0762,1509937000.0,38094000.0,0.0,2.3817,42141000.0,12891000.0,ACCUMULATION,71.5429
2023-11-30,YINN,YINN,4671000.0,23.36,0.0116,1514608000.0,4671000.0,0.0,0.194,46812000.0,-12381000.0,BALANCED,18.8508
2023-12-01,YINN,YINN,13547000.0,22.58,-0.0333,1528155000.0,13547000.0,0.0,0.7296,56312000.0,23042000.0,BALANCED,34.2399
2023-12-04,YINN,YINN,5248000.0,20.99,-0.0703,1533403000.0,5248000.0,0.0,0.1914,61560000.0,22788000.0,BALANCED,22.786
2023-12-05,YINN,YINN,8010000.0,20.02,-0.046,1541413000.0,8010000.0,0.0,0.36,69570000.0,50221000.0,BALANCED,29.0006
2023-12-06,YINN,YINN,45095000.0,20.04,0.0009,1586508000.0,45095000.0,0.0,2.3759,76571000.0,102156000.0,ACCUMULATION,81.3967
2023-12-07,YINN,YINN,-1012000.0,20.24,0.0096,1585496000.0,0.0,-1012000.0,-0.2486,70888000.0,101144000.0,BALANCED,1.7849
2023-12-08,YINN,YINN,0.0,19.38,-0.0423,1585496000.0,0.0,0.0,-0.1893,57341000.0,148579000.0,BALANCED,5.2671
2023-12-11,YINN,YINN,5878000.0,19.59,0.011,1591374000.0,5878000.0,0.0,0.1412,57971000.0,150651000.0,BALANCED,15.5299
2023-12-12,YINN,YINN,7993000.0,19.98,0.0198,1599367000.0,7993000.0,0.0,0.2402,57954000.0,158644000.0,BALANCED,20.0041
2023-12-13,YINN,YINN,7910000.0,19.77,-0.0104,1607277000.0,7910000.0,0.0,0.2509,20769000.0,159538000.0,BALANCED,22.2733
2023-12-14,YINN,YINN,0.0,20.54,0.0386,1607277000.0,0.0,0.0,-0.1658,21781000.0,159538000.0,BALANCED,5.8551
2023-12-15,YINN,YINN,36698000.0,20.39,-0.0073,1643975000.0,36698000.0,0.0,1.9312,58479000.0,202826000.0,ACCUMULATION,60.2809
2023-12-18,YINN,YINN,0.0,19.75,-0.0315,1643975000.0,0.0,0.0,-0.2674,52601000.0,180395000.0,BALANCED,3.3157
2023-12-19,YINN,YINN,2053000.0,20.53,0.0398,1646028000.0,2053000.0,0.0,-0.1941,46661000.0,178232000.0,BALANCED,7.1477
2023-12-20,YINN,YINN,39451000.0,18.79,-0.0851,1685479000.0,39451000.0,0.0,1.9244,78202000.0,217683000.0,ACCUMULATION,62.1104
2023-12-21,YINN,YINN,-18319000.0,20.35,0.1044,1667160000.0,0.0,-18319000.0,-1.3883,59883000.0,199364000.0,BALANCED,-26.7075
2023-12-22,YINN,YINN,23281000.0,18.62,-0.085,1690441000.0,23281000.0,0.0,1.0118,46466000.0,218598000.0,BALANCED,37.2941
2023-12-26,YINN,YINN,12369000.0,19.03,0.0217,1702810000.0,12369000.0,0.0,0.248,58835000.0,230967000.0,BALANCED,20.2003
2023-12-27,YINN,YINN,26735000.0,19.1,0.0035,1729545000.0,26735000.0,0.0,1.1475,83517000.0,257702000.0,BALANCED,44.6873
2023-12-28,YINN,YINN,-18577000.0,20.64,0.0809,1710968000.0,0.0,-18577000.0,-1.7343,25489000.0,201031000.0,DISTRIBUTION,-35.358
2023-12-29,YINN,YINN,4200000.0,21.0,0.0174,1715168000.0,4200000.0,0.0,-0.3001,48008000.0,200560000.0,BALANCED,4.4972
2024-01-02,YINN,YINN,13245000.0,18.92,-0.099,1728413000.0,13245000.0,0.0,0.2375,37972000.0,200258000.0,BALANCED,19.9382
2024-01-03,YINN,YINN,35933000.0,19.96,0.0551,1764346000.0,35933000.0,0.0,1.617,61536000.0,230943000.0,ACCUMULATION,56.4243
2024-01-04,YINN,YINN,0.0,19.17,-0.0397,1764346000.0,0.0,0.0,-0.6142,34801000.0,222933000.0,BALANCED,-5.3558
2024-01-05,YINN,YINN,7532000.0,18.83,-0.0178,1771878000.0,7532000.0,0.0,-0.1628,60910000.0,185370000.0,BALANCED,7.9292
2024-01-08,YINN,YINN,9059000.0,18.12,-0.0378,1780937000.0,9059000.0,0.0,-0.0868,65769000.0,195441000.0,BALANCED,11.8289
2024-01-09,YINN,YINN,5957000.0,17.02,-0.0605,1786894000.0,5957000.0,0.0,-0.2866,58481000.0,201398000.0,BALANCED,8.8347
2024-01-10,YINN,YINN,44299000.0,17.04,0.001,1831193000.0,44299000.0,0.0,1.9153,66847000.0,239819000.0,ACCUMULATION,65.8828
2024-01-11,YINN,YINN,-22255000.0,17.8,0.045,1808938000.0,0.0,-22255000.0,-1.8732,44592000.0,209571000.0,DISTRIBUTION,-38.831
2024-01-12,YINN,YINN,0.0,17.54,-0.0146,1808938000.0,0.0,0.0,-0.5779,37060000.0,201661000.0,BALANCED,-4.4468
2024-01-16,YINN,YINN,6357000.0,15.89,-0.0941,1815295000.0,6357000.0,0.0,-0.2127,34358000.0,208018000.0,BALANCED,6.6816
2024-01-17,YINN,YINN,47619000.0,14.65,-0.0781,1862914000.0,47619000.0,0.0,1.966,76020000.0,218939000.0,ACCUMULATION,63.1506
2024-01-18,YINN,YINN,0.0,14.81,0.0108,1862914000.0,0.0,0.0,-0.5897,31721000.0,218939000.0,BALANCED,-4.7413
2024-01-19,YINN,YINN,19634000.0,15.1,0.0197,1882548000.0,19634000.0,0.0,0.4422,73610000.0,236520000.0,BALANCED,23.0559
2024-01-22,YINN,YINN,12571000.0,13.97,-0.0751,1895119000.0,12571000.0,0.0,0.13,86181000.0,209640000.0,BALANCED,17.2497
2024-01-23,YINN,YINN,22240000.0,15.89,0.1373,1917359000.0,22240000.0,0.0,0.6363,102064000.0,250199000.0,BALANCED,31.9069
2024-01-24,YINN,YINN,50174000.0,17.3,0.0891,1967533000.0,50174000.0,0.0,1.9892,104619000.0,277092000.0,ACCUMULATION,67.7289
2024-01-25,YINN,YINN,-3450000.0,17.25,-0.0031,1964083000.0,0.0,-3450000.0,-0.8348,101169000.0,261273000.0,BALANCED,-12.8699
2024-01-26,YINN,YINN,0.0,16.89,-0.0209,1964083000.0,0.0,0.0,-0.6353,81535000.0,234538000.0,BALANCED,-5.8836
2024-01-29,YINN,YINN,0.0,16.19,-0.0415,1964083000.0,0.0,0.0,-0.6179,68964000.0,253115000.0,BALANCED,-5.4465
2024-01-30,YINN,YINN,0.0,15.4,-0.0488,1964083000.0,0.0,0.0,-0.6179,46724000.0,248915000.0,BALANCED,-5.4465
2024-01-31,YINN,YINN,3758000.0,15.03,-0.0236,1967841000.0,3758000.0,0.0,-0.376,308000.0,239428000.0,BALANCED,2.6006
2024-02-01,YINN,YINN,-15996000.0,15.23,0.0134,1951845000.0,0.0,-15996000.0,-1.3636,-12238000.0,187499000.0,BALANCED,-46.0907
2024-02-02,YINN,YINN,0.0,14.28,-0.0629,1951845000.0,0.0,0.0,-0.5285,-12238000.0,187499000.0,BALANCED,-23.2114
2024-02-05,YINN,YINN,6084000.0,15.21,0.0655,1957929000.0,6084000.0,0.0,-0.1621,-6154000.0,186051000.0,BALANCED,-12.053
2024-02-06,YINN,YINN,17812000.0,17.81,0.171,1975741000.0,17812000.0,0.0,0.4226,11658000.0,194804000.0,BALANCED,24.5654
2024-02-07,YINN,YINN,24939000.0,16.63,-0.0666,2000680000.0,24939000.0,0.0,0.8177,32839000.0,213786000.0,BALANCED,36.4423
2024-02-08,YINN,YINN,-6189000.0,15.47,-0.0693,1994491000.0,0.0,-6189000.0,-0.8791,42646000.0,163298000.0,BALANCED,-13.9781
2024-02-09,YINN,YINN,3200000.0,16.0,0.0342,1997691000.0,3200000.0,0.0,-0.3216,45846000.0,188753000.0,BALANCED,3.961
2024-02-12,YINN,YINN,6708000.0,16.77,0.0479,2004399000.0,6708000.0,0.0,-0.1799,46470000.0,195461000.0,BALANCED,9.5024
2024-02-13,YINN,YINN,3122000.0,15.61,-0.069,2007521000.0,3122000.0,0.0,-0.3874,31780000.0,192226000.0,BALANCED,6.3141
2024-02-14,YINN,YINN,28213000.0,16.6,0.0631,2035734000.0,28213000.0,0.0,1.0318,35054000.0,172820000.0,BALANCED,43.7942
2024-02-15,YINN,YINN,-20984000.0,16.79,0.0115,2014750000.0,0.0,-20984000.0,-1.6647,20259000.0,151836000.0,DISTRIBUTION,-33.6165
2024-02-16,YINN,YINN,0.0,17.45,0.0394,2014750000.0,0.0,0.0,-0.4737,17059000.0,132202000.0,BALANCED,-1.843
2024-02-20,YINN,YINN,3420000.0,17.1,-0.0199,2018170000.0,3420000.0,0.0,-0.2715,13771000.0,123051000.0,BALANCED,5.2127
2024-02-21,YINN,YINN,15806000.0,18.6,0.0873,2033976000.0,15806000.0,0.0,0.4165,26455000.0,116617000.0,BALANCED,24.4137
2024-02-22,YINN,YINN,-7776000.0,19.44,0.0454,2026200000.0,0.0,-7776000.0,-0.8782,-9534000.0,58667000.0,BALANCED,-33.9538
2024-02-23,YINN,YINN,-12891000.0,19.83,0.0202,2013309000.0,0.0,-12891000.0,-1.1182,-1441000.0,49226000.0,BALANCED,-41.9544
2024-02-26,YINN,YINN,-16412000.0,19.31,-0.0265,1996897000.0,0.0,-16412000.0,-1.3619,-17853000.0,32814000.0,BALANCED,-50.0463
2024-02-27,YINN,YINN,0.0,20.29,0.0511,1996897000.0,0.0,0.0,-0.3763,-21273000.0,32814000.0,BALANCED,-19.4063
2024-02-28,YINN,YINN,79789000.0,18.13,-0.1064,2076686000.0,79789000.0,0.0,3.323,42710000.0,112603000.0,ACCUMULATION,95.0755
2024-02-29,YINN,YINN,902000.0,18.03,-0.0055,2077588000.0,902000.0,0.0,-0.3108,51388000.0,109747000.0,BALANCED,6.2301
2024-03-01,YINN,YINN,0.0,19.17,0.063,2077588000.0,0.0,0.0,-0.3556,64279000.0,125743000.0,BALANCED,1.1094
2024-03-04,YINN,YINN,0.0,17.89,-0.0668,2077588000.0,0.0,0.0,-0.3247,80691000.0,125743000.0,BALANCED,1.8819
2024-03-05,YINN,YINN,0.0,17.06,-0.0466,2077588000.0,0.0,0.0,-0.3038,80691000.0,119659000.0,BALANCED,2.4052
2024-03-06,YINN,YINN,0.0,18.16,0.0648,2077588000.0,0.0,0.0,-0.2696,902000.0,101847000.0,BALANCED,3.2608
2024-03-07,YINN,YINN,-38918000.0,17.69,-0.0259,2038670000.0,0.0,-38918000.0,-2.1135,-38918000.0,37990000.0,DISTRIBUTION,-64.8367
2024-03-08,YINN,YINN,-4497000.0,17.99,0.0169,2034173000.0,0.0,-4497000.0,-0.3496,-43415000.0,39682000.0,BALANCED,-22.7392
2024-03-11,YINN,YINN,-965000.0,19.29,0.0725,2033208000.0,0.0,-965000.0,-0.1672,-44380000.0,35517000.0,BALANCED,-20.1799
2024-03-12,YINN,YINN,0.0,20.54,0.0645,2033208000.0,0.0,0.0,-0.1178,-44380000.0,28809000.0,BALANCED,-12.9461
2024-03-13,YINN,YINN,0.0,20.73,0.0094,2033208000.0,0.0,0.0,-0.1178,-44380000.0,25687000.0,BALANCED,-12.9461
2024-03-14,YINN,YINN,-50600000.0,19.46,-0.0613,1982608000.0,0.0,-50600000.0,-2.3434,-56062000.0,-53126000.0,DISTRIBUTION,-70.5852
2024-03-15,YINN,YINN,0.0,19.08,-0.0197,1982608000.0,0.0,0.0,-0.0475,-51565000.0,-32142000.0,BALANCED,-11.188
2024-03-18,YINN,YINN,0.0,19.17,0.0046,1982608000.0,0.0,0.0,-0.0475,-50600000.0,-32142000.0,BALANCED,-11.188
2024-03-19,YINN,YINN,0.0,18.82,-0.0153,1982608000.0,0.0,0.0,-0.0382,-50600000.0,-35562000.0,BALANCED,-10.9539
2024-03-20,YINN,YINN,2900000.0,19.34,0.0272,1985508000.0,2900000.0,0.0,0.1207,-47700000.0,-48468000.0,BALANCED,-4.9819
2024-03-21,YINN,YINN,-9533000.0,19.07,-0.014,1975975000.0,0.0,-9533000.0,-0.4172,-6633000.0,-50225000.0,BALANCED,-22.4297
2024-03-22,YINN,YINN,0.0,18.24,-0.0435,1975975000.0,0.0,0.0,0.0296,-6633000.0,-37334000.0,BALANCED,-9.26
2024-03-25,YINN,YINN,-19213000.0,18.3,0.0034,1956762000.0,0.0,-19213000.0,-0.8455,-25846000.0,-40135000.0,BALANCED,-33.1369
2024-03-26,YINN,YINN,0.0,18.59,0.0161,1956762000.0,0.0,0.0,0.0754,-25846000.0,-40135000.0,BALANCED,-8.1148
2024-03-27,YINN,YINN,-15738000.0,18.52,-0.0041,1941024000.0,0.0,-15738000.0,-0.638,-44484000.0,-135662000.0,BALANCED,-27.95
2024-03-28,YINN,YINN,-955000.0,19.1,0.0314,1940069000.0,0.0,-955000.0,0.1095,-35906000.0,-137519000.0,BALANCED,-11.263
2024-04-01,YINN,YINN,-2981000.0,19.87,0.0408,1937088000.0,0.0,-2981000.0,-0.0195,-38887000.0,-140500000.0,BALANCED,-16.4873
2024-04-02,YINN,YINN,-1018000.0,20.36,0.0242,1936070000.0,0.0,-1018000.0,0.0797,-20692000.0,-141518000.0,BALANCED,-16.0063
2024-04-03,YINN,YINN,0.0,19.98,-0.0186,1936070000.0,0.0,0.0,0.1362,-20692000.0,-141518000.0,BALANCED,-6.5955
2024-04-04,YINN,YINN,0.0,19.65,-0.0163,1936070000.0,0.0,0.0,0.1648,-4954000.0,-141518000.0,BALANCED,-5.8789
2024-04-05,YINN,YINN,-1931000.0,19.31,-0.0171,1934139000.0,0.0,-1931000.0,0.0575,-5930000.0,-104531000.0,BALANCED,-10.5621
2024-04-08,YINN,YINN,0.0,19.71,0.0207,1934139000.0,0.0,0.0,0.134,-2949000.0,-100034000.0,BALANCED,-6.651
2024-04-09,YINN,YINN,1013000.0,20.27,0.028,1935152000.0,1013000.0,0.0,0.1572,-918000.0,-98056000.0,BALANCED,-4.0698
2024-04-10,YINN,YINN,0.0,19.96,-0.015,1935152000.0,0.0,0.0,0.1054,-918000.0,-98056000.0,BALANCED,-7.3662
2024-04-11,YINN,YINN,-8207000.0,20.52,0.0278,1926945000.0,0.0,-8207000.0,-0.2689,-9125000.0,-106263000.0,BALANCED,-18.7213
2024-04-12,YINN,YINN,21107000.0,18.35,-0.1055,1948052000.0,21107000.0,0.0,1.9801,13913000.0,-34556000.0,ACCUMULATION,61.5019
2024-04-15,YINN,YINN,-3706000.0,18.53,0.0097,1944346000.0,0.0,-3706000.0,0.0574,10207000.0,-38262000.0,BALANCED,9.4346
2024-04-16,YINN,YINN,-4486000.0,17.94,-0.0317,1939860000.0,0.0,-4486000.0,0.0082,4708000.0,-42748000.0,BALANCED,6.2051
2024-04-17,YINN,YINN,0.0,17.89,-0.0029,1939860000.0,0.0,0.0,0.359,4708000.0,-42748000.0,BALANCED,18.9753
2024-04-18,YINN,YINN,-21688000.0,18.86,0.0541,1918172000.0,0.0,-21688000.0,-1.2473,-8773000.0,-67336000.0,BALANCED,-43.1823
2024-04-19,YINN,YINN,0.0,18.67,-0.0098,1918172000.0,0.0,0.0,0.3488,-29880000.0,-57803000.0,BALANCED,-1.2808
2024-04-22,YINN,YINN,0.0,19.62,0.0509,1918172000.0,0.0,0.0,0.3351,-26174000.0,-57803000.0,BALANCED,-1.6228
2024-04-23,YINN,YINN,1027000.0,20.53,0.0463,1919199000.0,1027000.0,0.0,0.4175,-20661000.0,-37563000.0,BALANCED,2.4376
2024-04-24,YINN,YINN,0.0,21.69,0.0565,1919199000.0,0.0,0.0,0.3287,-20661000.0,-37563000.0,BALANCED,-1.783
2024-04-25,YINN,YINN,-101769000.0,22.12,0.0198,1817430000.0,0.0,-101769000.0,-4.4473,-100742000.0,-123594000.0,DISTRIBUTION,-100.0
2024-04-26,YINN,YINN,0.0,23.22,0.0497,1817430000.0,0.0,0.0,0.2802,-100742000.0,-122639000.0,BALANCED,-2.9949
2024-04-29,YINN,YINN,-1193000.0,23.86,0.0275,1816237000.0,0.0,-1193000.0,0.2216,-101935000.0,-120851000.0,BALANCED,-6.4592
2024-04-30,YINN,YINN,-13292000.0,22.15,-0.0716,1802945000.0,0.0,-13292000.0,-0.3715,-116254000.0,-133125000.0,BALANCED,-23.2869
2024-05-01,YINN,YINN,0.0,22.64,0.022,1802945000.0,0.0,0.0,0.3046,-116254000.0,-133125000.0,BALANCED,-2.3846
2024-05-02,YINN,YINN,-110062000.0,26.52,0.1714,1692883000.0,0.0,-110062000.0,-3.6809,-124547000.0,-243187000.0,DISTRIBUTION,-100.0
2024-05-03,YINN,YINN,0.0,27.02,0.019,1692883000.0,0.0,0.0,0.3455,-124547000.0,-241256000.0,BALANCED,-1.3615
2024-05-06,YINN,YINN,-8087000.0,26.96,-0.0025,1684796000.0,0.0,-8087000.0,0.0594,-131441000.0,-249343000.0,BALANCED,-10.5149
2024-05-07,YINN,YINN,0.0,25.79,-0.0432,1684796000.0,0.0,0.0,0.3327,-118149000.0,-250356000.0,BALANCED,-1.6822
2024-05-08,YINN,YINN,22945000.0,25.49,-0.0115,1707741000.0,22945000.0,0.0,1.1229,-95204000.0,-227411000.0,BALANCED,20.072
2024-05-09,YINN,YINN,-44783000.0,27.14,0.0646,1662958000.0,0.0,-44783000.0,-1.2422,-29925000.0,-263987000.0,BALANCED,-43.0559
2024-05-10,YINN,YINN,0.0,28.21,0.0395,1662958000.0,0.0,0.0,0.323,-29925000.0,-285094000.0,BALANCED,-1.9254
2024-05-13,YINN,YINN,0.0,30.0,0.0634,1662958000.0,0.0,0.0,0.3192,-21838000.0,-281388000.0,BALANCED,-2.02
2024-05-14,YINN,YINN,0.0,28.88,-0.0373,1662958000.0,0.0,0.0,0.3179,-21838000.0,-276902000.0,BALANCED,-2.0525
2024-05-15,YINN,YINN,0.0,29.86,0.034,1662958000.0,0.0,0.0,0.3179,-44783000.0,-276902000.0,BALANCED,-2.0525
2024-05-16,YINN,YINN,-35727000.0,32.48,0.0876,1627231000.0,0.0,-35727000.0,-0.8774,-35727000.0,-290941000.0,BALANCED,-33.9348
2024-05-17,YINN,YINN,0.0,33.02,0.0165,1627231000.0,0.0,0.0,0.3527,-35727000.0,-290941000.0,BALANCED,-1.1831
2024-05-20,YINN,YINN,0.0,31.92,-0.033,1627231000.0,0.0,0.0,0.3527,-35727000.0,-290941000.0,BALANCED,-1.1831
2024-05-21,YINN,YINN,-6085000.0,30.43,-0.047,1621146000.0,0.0,-6085000.0,0.1514,-41812000.0,-298053000.0,BALANCED,-8.2149
2024-05-22,YINN,YINN,4390000.0,29.27,-0.0381,1625536000.0,4390000.0,0.0,0.5071,-37422000.0,-293663000.0,BALANCED,4.6782
2024-05-23,YINN,YINN,-38473000.0,27.48,-0.061,1587063000.0,0.0,-38473000.0,-0.9216,-40168000.0,-230367000.0,BALANCED,-35.0388
2024-05-24,YINN,YINN,0.0,27.29,-0.0068,1587063000.0,0.0,0.0,0.4164,-40168000.0,-230367000.0,BALANCED,0.4093
2024-05-28,YINN,YINN,17697000.0,27.23,-0.0025,1604760000.0,17697000.0,0.0,0.9879,-22471000.0,-211477000.0,BALANCED,16.6969
2024-05-29,YINN,YINN,0.0,25.91,-0.0482,1604760000.0,0.0,0.0,0.3797,-16386000.0,-198185000.0,BALANCED,-0.5081
2024-05-30,YINN,YINN,0.0,25.99,0.003,1604760000.0,0.0,0.0,0.3797,-20776000.0,-198185000.0,BALANCED,-0.5081
2024-05-31,YINN,YINN,0.0,24.47,-0.0584,1604760000.0,0.0,0.0,0.3551,17697000.0,-88123000.0,BALANCED,18.8778
2024-06-03,YINN,YINN,12411000.0,24.82,0.0143,1617171000.0,12411000.0,0.0,0.7568,30108000.0,-75712000.0,BALANCED,30.9197
2024-06-04,YINN,YINN,0.0,25.4,0.0232,1617171000.0,0.0,0.0,0.3383,12411000.0,-67625000.0,BALANCED,18.4577
2024-06-05,YINN,YINN,1302000.0,26.04,0.0252,1618473000.0,1302000.0,0.0,0.3819,13713000.0,-66323000.0,BALANCED,21.5464
2024-06-06,YINN,YINN,15599000.0,26.0,-0.0016,1634072000.0,15599000.0,0.0,0.8374,29312000.0,-73669000.0,BALANCED,34.9349
2024-06-07,YINN,YINN,0.0,23.99,-0.0771,1634072000.0,0.0,0.0,0.2503,29312000.0,-28886000.0,BALANCED,16.2571
2024-06-10,YINN,YINN,2466000.0,24.66,0.0279,1636538000.0,2466000.0,0.0,0.3475,19367000.0,-26420000.0,BALANCED,20.6885
2024-06-11,YINN,YINN,0.0,24.12,-0.0222,1636538000.0,0.0,0.0,0.2449,19367000.0,-26420000.0,BALANCED,16.1236
2024-06-12,YINN,YINN,0.0,23.94,-0.0074,1636538000.0,0.0,0.0,0.227,18065000.0,-26420000.0,BALANCED,15.6745
2024-06-13,YINN,YINN,0.0,23.88,-0.0026,1636538000.0,0.0,0.0,0.227,2466000.0,-26420000.0,BALANCED,15.6745
2024-06-14,YINN,YINN,0.0,23.26,-0.026,1636538000.0,0.0,0.0,0.1303,2466000.0,9307000.0,BALANCED,13.2582
2024-06-17,YINN,YINN,4826000.0,24.13,0.0375,1641364000.0,4826000.0,0.0,0.4525,4826000.0,14133000.0,BALANCED,23.313
2024-06-18,YINN,YINN,0.0,24.27,0.0058,1641364000.0,0.0,0.0,0.1005,4826000.0,14133000.0,BALANCED,12.5113
2024-06-20,YINN,YINN,2513000.0,25.13,0.0355,1643877000.0,2513000.0,0.0,0.2687,7339000.0,22731000.0,BALANCED,18.7177
2024-06-21,YINN,YINN,0.0,23.81,-0.0527,1643877000.0,0.0,0.0,0.1556,7339000.0,18341000.0,BALANCED,13.8892
2024-06-24,YINN,YINN,0.0,24.61,0.0337,1643877000.0,0.0,0.0,0.0575,7339000.0,56814000.0,BALANCED,11.4374
2024-06-25,YINN,YINN,1195000.0,23.9,-0.0239,1645072000.0,1195000.0,0.0,0.1619,3708000.0,58009000.0,BALANCED,16.0464
2024-06-26,YINN,YINN,0.0,23.92,0.0006,1645072000.0,0.0,0.0,0.0539,3708000.0,40312000.0,BALANCED,11.3469
2024-06-27,YINN,YINN,4439000.0,22.2,-0.0719,1649511000.0,4439000.0,0.0,0.4401,5634000.0,44751000.0,BALANCED,23.0029
2024-06-28,YINN,YINN,0.0,22.43,0.0106,1649511000.0,0.0,0.0,0.0404,5634000.0,44751000.0,BALANCED,11.0091
2024-07-01,YINN,YINN,0.0,22.66,0.01,1649511000.0,0.0,0.0,-0.0836,5634000.0,44751000.0,BALANCED,7.9102
2024-07-02,YINN,YINN,0.0,23.56,0.0399,1649511000.0,0.0,0.0,-0.0836,4439000.0,32340000.0,BALANCED,7.9102
2024-07-03,YINN,YINN,0.0,24.8,0.0527,1649511000.0,0.0,0.0,-0.0836,4439000.0,32340000.0,BALANCED,7.9102
2024-07-05,YINN,YINN,0.0,23.5,-0.0523,1649511000.0,0.0,0.0,-0.1075,0.0,31038000.0,BALANCED,-2.6885
2024-07-08,YINN,YINN,0.0,22.94,-0.0242,1649511000.0,0.0,0.0,-0.0911,0.0,15439000.0,BALANCED,-2.2783
2024-07-09,YINN,YINN,3545000.0,23.63,0.0304,1653056000.0,3545000.0,0.0,0.2872,3545000.0,18984000.0,BALANCED,19.1788
2024-07-10,YINN,YINN,0.0,23.3,-0.0139,1653056000.0,0.0,0.0,-0.4696,3545000.0,16518000.0,BALANCED,-1.739
2024-07-11,YINN,YINN,14869000.0,24.78,0.0634,1667925000.0,14869000.0,0.0,2.9135,18414000.0,31387000.0,ACCUMULATION,84.8387
2024-07-12,YINN,YINN,0.0,25.53,0.03,1667925000.0,0.0,0.0,-0.4806,18414000.0,31387000.0,BALANCED,-2.0157
2024-07-15,YINN,YINN,0.0,23.79,-0.0679,1667925000.0,0.0,0.0,-0.4806,18414000.0,31387000.0,BALANCED,-2.0157
2024-07-16,YINN,YINN,0.0,23.78,-0.0004,1667925000.0,0.0,0.0,-0.4806,14869000.0,31387000.0,BALANCED,-2.0157
2024-07-17,YINN,YINN,0.0,22.81,-0.0411,1667925000.0,0.0,0.0,-0.4297,14869000.0,26561000.0,BALANCED,-0.7414
2024-07-18,YINN,YINN,-4435000.0,22.17,-0.0278,1663490000.0,0.0,-4435000.0,-1.4641,-4435000.0,22126000.0,BALANCED,-48.6015
2024-07-19,YINN,YINN,0.0,21.66,-0.0231,1663490000.0,0.0,0.0,-0.3666,-4435000.0,19613000.0,BALANCED,-19.1646
2024-07-22,YINN,YINN,0.0,23.01,0.0624,1663490000.0,0.0,0.0,-0.3149,-4435000.0,19613000.0,BALANCED,-17.8714
2024-07-23,YINN,YINN,-1102000.0,22.04,-0.0425,1662388000.0,0.0,-1102000.0,-0.653,-5537000.0,18511000.0,BALANCED,-28.3258
2024-07-24,YINN,YINN,0.0,21.29,-0.034,1662388000.0,0.0,0.0,-0.2758,-5537000.0,17316000.0,BALANCED,-16.8958
2024-07-25,YINN,YINN,-4102000.0,20.51,-0.0365,1658286000.0,0.0,-4102000.0,-1.4852,-5204000.0,13214000.0,BALANCED,-49.1288
2024-07-26,YINN,YINN,0.0,20.8,0.0143,1658286000.0,0.0,0.0,-0.223,-5204000.0,8775000.0,BALANCED,-15.5762
2024-07-29,YINN,YINN,0.0,20.89,0.0044,1658286000.0,0.0,0.0,-0.223,-5204000.0,8775000.0,BALANCED,-15.5762
2024-07-30,YINN,YINN,0.0,20.32,-0.0273,1658286000.0,0.0,0.0,-0.223,-4102000.0,8775000.0,BALANCED,-15.5762
2024-07-31,YINN,YINN,0.0,21.16,0.0411,1658286000.0,0.0,0.0,-0.1786,-4102000.0,8775000.0,BALANCED,-14.465
2024-08-01,YINN,YINN,0.0,20.26,-0.0424,1658286000.0,0.0,0.0,-0.1786,0.0,8775000.0,BALANCED,-4.465
2024-08-02,YINN,YINN,0.0,19.95,-0.0153,1658286000.0,0.0,0.0,-0.1531,0.0,8775000.0,BALANCED,-3.8264
2024-08-05,YINN,YINN,0.0,19.54,-0.0206,1658286000.0,0.0,0.0,-0.1531,0.0,8775000.0,BALANCED,-3.8264
2024-08-06,YINN,YINN,0.0,18.95,-0.0304,1658286000.0,0.0,0.0,-0.1531,0.0,5230000.0,BALANCED,-3.8264
2024-08-07,YINN,YINN,0.0,19.19,0.013,1658286000.0,0.0,0.0,-0.1404,0.0,5230000.0,BALANCED,-3.5111
2024-08-08,YINN,YINN,-12341000.0,20.57,0.0718,1645945000.0,0.0,-12341000.0,-3.1637,-12341000.0,-21980000.0,DISTRIBUTION,-91.0937
2024-08-09,YINN,YINN,0.0,20.45,-0.0057,1645945000.0,0.0,0.0,0.0311,-12341000.0,-21980000.0,BALANCED,-9.2221
2024-08-12,YINN,YINN,-6277000.0,20.92,0.0231,1639668000.0,0.0,-6277000.0,-1.4939,-18618000.0,-28257000.0,BALANCED,-49.3486
2024-08-13,YINN,YINN,0.0,21.28,0.0172,1639668000.0,0.0,0.0,0.0824,-18618000.0,-28257000.0,BALANCED,-7.9401
2024-08-14,YINN,YINN,0.0,20.09,-0.0562,1639668000.0,0.0,0.0,0.0824,-18618000.0,-28257000.0,BALANCED,-7.9401
2024-08-15,YINN,YINN,-9593000.0,21.32,0.0613,1630075000.0,0.0,-9593000.0,-2.0682,-15870000.0,-33415000.0,DISTRIBUTION,-63.7043
2024-08-16,YINN,YINN,-13550000.0,22.58,0.0593,1616525000.0,0.0,-13550000.0,-2.5298,-29420000.0,-46965000.0,DISTRIBUTION,-77.2448
2024-08-19,YINN,YINN,-5798000.0,23.19,0.0269,1610727000.0,0.0,-5798000.0,-0.9028,-28941000.0,-52763000.0,BALANCED,-38.5701
2024-08-20,YINN,YINN,0.0,21.61,-0.068,1610727000.0,0.0,0.0,0.2872,-28941000.0,-51661000.0,BALANCED,-2.8204
2024-08-21,YINN,YINN,0.0,22.27,0.0304,1610727000.0,0.0,0.0,0.2872,-28941000.0,-51661000.0,BALANCED,-2.8204
2024-08-22,YINN,YINN,-26103000.0,21.75,-0.0233,1584624000.0,0.0,-26103000.0,-3.9949,-45451000.0,-73662000.0,DISTRIBUTION,-100.0
2024-08-23,YINN,YINN,0.0,22.76,0.0462,1584624000.0,0.0,0.0,0.4755,-31901000.0,-73662000.0,BALANCED,1.8886
2024-08-26,YINN,YINN,-4441000.0,22.21,-0.0241,1580183000.0,0.0,-4441000.0,-0.2604,-30544000.0,-78103000.0,BALANCED,-18.5104
2024-08-27,YINN,YINN,3440000.0,22.94,0.0328,1583623000.0,3440000.0,0.0,1.0566,-27104000.0,-74663000.0,BALANCED,18.4155
2024-08-28,YINN,YINN,0.0,21.84,-0.0478,1583623000.0,0.0,0.0,0.4751,-27104000.0,-74663000.0,BALANCED,1.8765
2024-08-29,YINN,YINN,0.0,22.31,0.0214,1583623000.0,0.0,0.0,0.4491,-1001000.0,-74663000.0,BALANCED,1.2263
2024-08-30,YINN,YINN,0.0,22.61,0.0135,1583623000.0,0.0,0.0,0.4491,-1001000.0,-74663000.0,BALANCED,1.2263
2024-09-03,YINN,YINN,-6426000.0,21.42,-0.0525,1577197000.0,0.0,-6426000.0,-0.5971,-2986000.0,-81089000.0,BALANCED,-26.9264
2024-09-04,YINN,YINN,-4273000.0,21.36,-0.0027,1572924000.0,0.0,-4273000.0,-0.2173,-10699000.0,-85362000.0,BALANCED,-19.4323
2024-09-05,YINN,YINN,0.0,21.04,-0.0153,1572924000.0,0.0,0.0,0.502,-10699000.0,-85362000.0,BALANCED,2.5497
2024-09-06,YINN,YINN,0.0,20.16,-0.0416,1572924000.0,0.0,0.0,0.4773,-10699000.0,-73021000.0,BALANCED,1.9331
2024-09-09,YINN,YINN,0.0,20.2,0.0019,1572924000.0,0.0,0.0,0.4773,-10699000.0,-73021000.0,BALANCED,1.9331
2024-09-10,YINN,YINN,0.0,20.05,-0.0074,1572924000.0,0.0,0.0,0.4773,-4273000.0,-66744000.0,BALANCED,1.9331
2024-09-11,YINN,YINN,23753000.0,20.65,0.0302,1596677000.0,23753000.0,0.0,3.3596,23753000.0,-42991000.0,ACCUMULATION,95.9909
2024-09-12,YINN,YINN,0.0,20.62,-0.0018,1596677000.0,0.0,0.0,0.2674,23753000.0,-42991000.0,BALANCED,16.6838
2024-09-13,YINN,YINN,0.0,20.96,0.0165,1596677000.0,0.0,0.0,0.2674,23753000.0,-33398000.0,BALANCED,16.6838
2024-09-16,YINN,YINN,-12789000.0,21.31,0.0171,1583888000.0,0.0,-12789000.0,-1.3025,10964000.0,-32637000.0,BALANCED,-24.5626
2024-09-17,YINN,YINN,0.0,22.12,0.0377,1583888000.0,0.0,0.0,0.3133,10964000.0,-26839000.0,BALANCED,17.8332
2024-09-18,YINN,YINN,-1087000.0,21.73,-0.0174,1582801000.0,0.0,-1087000.0,0.1808,-13876000.0,-27926000.0,BALANCED,-7.4805
2024-09-19,YINN,YINN,0.0,24.07,0.1073,1582801000.0,0.0,0.0,0.3183,-13876000.0,-27926000.0,BALANCED,-2.043
2024-09-20,YINN,YINN,0.0,24.09,0.0012,1582801000.0,0.0,0.0,0.2735,-13876000.0,-1823000.0,BALANCED,-3.1618
2024-09-23,YINN,YINN,-19124000.0,25.5,0.0583,1563677000.0,0.0,-19124000.0,-1.9775,-20211000.0,-20947000.0,DISTRIBUTION,-61.4369
2024-09-24,YINN,YINN,-47815000.0,32.98,0.2944,1515862000.0,0.0,-47815000.0,-3.7426,-68026000.0,-64321000.0,DISTRIBUTION,-100.0
2024-09-25,YINN,YINN,0.0,30.23,-0.0833,1515862000.0,0.0,0.0,0.3535,-66939000.0,-67761000.0,BALANCED,-1.1618
2024-09-26,YINN,YINN,-24349000.0,37.46,0.2392,1491513000.0,0.0,-24349000.0,-1.5896,-91288000.0,-92110000.0,DISTRIBUTION,-51.741
2024-09-27,YINN,YINN,40223000.0,38.31,0.0226,1531736000.0,40223000.0,0.0,2.961,-51065000.0,-51887000.0,ACCUMULATION,66.0259
2024-09-30,YINN,YINN,81190000.0,36.9,-0.0366,1612926000.0,81190000.0,0.0,3.842,49249000.0,29303000.0,ACCUMULATION,100.0
2024-10-01,YINN,YINN,10373000.0,41.49,0.1243,1623299000.0,10373000.0,0.0,0.4691,107437000.0,46102000.0,BALANCED,27.7271
2024-10-02,YINN,YINN,390830000.0,50.43,0.2154,2014129000.0,390830000.0,0.0,5.0745,498267000.0,441205000.0,ACCUMULATION,100.0
2024-10-03,YINN,YINN,295972000.0,46.25,-0.083,2310101000.0,295972000.0,0.0,3.0154,818588000.0,737177000.0,ACCUMULATION,95.3854
2024-10-04,YINN,YINN,22992000.0,51.09,0.1048,2333093000.0,22992000.0,0.0,-0.0218,801357000.0,760169000.0,BALANCED,21.456
2024-10-07,YINN,YINN,652342000.0,55.28,0.082,2985435000.0,652342000.0,0.0,4.1644,1372509000.0,1412511000.0,ACCUMULATION,100.0
2024-10-08,YINN,YINN,83140000.0,40.56,-0.2664,3068575000.0,83140000.0,0.0,0.2308,1445276000.0,1495651000.0,BALANCED,31.7704
2024-10-09,YINN,YINN,0.0,38.26,-0.0567,3068575000.0,0.0,0.0,-0.3407,1054446000.0,1471898000.0,BALANCED,1.483
2024-10-10,YINN,YINN,0.0,39.73,0.0385,3068575000.0,0.0,0.0,-0.3407,758474000.0,1471898000.0,BALANCED,1.483
2024-10-11,YINN,YINN,0.0,40.21,0.012,3068575000.0,0.0,0.0,-0.3407,735482000.0,1471898000.0,BALANCED,1.483
2024-10-14,YINN,YINN,0.0,37.91,-0.0572,3068575000.0,0.0,0.0,-0.3407,83140000.0,1484687000.0,BALANCED,1.483
2024-10-15,YINN,YINN,0.0,32.19,-0.1507,3068575000.0,0.0,0.0,-0.3423,0.0,1484687000.0,BALANCED,-8.5586
2024-10-16,YINN,YINN,0.0,33.87,0.052,3068575000.0,0.0,0.0,-0.3435,0.0,1485774000.0,BALANCED,-8.5863
2024-10-17,YINN,YINN,0.0,31.28,-0.0764,3068575000.0,0.0,0.0,-0.3435,0.0,1485774000.0,BALANCED,-8.5863
2024-10-18,YINN,YINN,0.0,35.25,0.1268,3068575000.0,0.0,0.0,-0.3435,0.0,1485774000.0,BALANCED,-8.5863
2024-10-21,YINN,YINN,0.0,33.81,-0.0408,3068575000.0,0.0,0.0,-0.3435,0.0,1504898000.0,BALANCED,-8.5863
2024-10-22,YINN,YINN,0.0,34.59,0.0231,3068575000.0,0.0,0.0,-0.3435,0.0,1552713000.0,BALANCED,-8.5863
2024-10-23,YINN,YINN,0.0,34.34,-0.0072,3068575000.0,0.0,0.0,-0.3375,0.0,1552713000.0,BALANCED,-8.4376
2024-10-24,YINN,YINN,0.0,33.71,-0.0184,3068575000.0,0.0,0.0,-0.3375,0.0,1577062000.0,BALANCED,-8.4376
2024-10-25,YINN,YINN,-42038000.0,33.63,-0.0023,3026537000.0,0.0,-42038000.0,-0.6141,-42038000.0,1494801000.0,BALANCED,-27.3532
2024-10-28,YINN,YINN,0.0,35.36,0.0514,3026537000.0,0.0,0.0,-0.3296,-42038000.0,1413611000.0,BALANCED,-18.2401
2024-10-29,YINN,YINN,-82996000.0,34.58,-0.022,2943541000.0,0.0,-82996000.0,-0.8693,-125034000.0,1320242000.0,BALANCED,-33.7315
2024-10-30,YINN,YINN,0.0,33.24,-0.0389,2943541000.0,0.0,0.0,-0.3073,-125034000.0,929412000.0,BALANCED,-17.6823
2024-10-31,YINN,YINN,0.0,33.0,-0.0072,2943541000.0,0.0,0.0,-0.3073,-125034000.0,633440000.0,BALANCED,-17.6823
2024-11-01,YINN,YINN,-1666000.0,33.33,0.01,2941875000.0,0.0,-1666000.0,-0.3182,-84662000.0,608782000.0,BALANCED,-19.9541
2024-11-04,YINN,YINN,-3391000.0,33.91,0.0176,2938484000.0,0.0,-3391000.0,-0.3339,-88053000.0,-46951000.0,BALANCED,-22.3468
2024-11-05,YINN,YINN,0.0,36.36,0.072,2938484000.0,0.0,0.0,-0.3234,-5057000.0,-130091000.0,BALANCED,-18.0854
2024-11-06,YINN,YINN,0.0,33.13,-0.0887,2938484000.0,0.0,0.0,-0.3234,-5057000.0,-130091000.0,BALANCED,-18.0854
2024-11-07,YINN,YINN,-7715000.0,38.57,0.1643,2930769000.0,0.0,-7715000.0,-0.3805,-12772000.0,-137806000.0,BALANCED,-21.5116
2024-11-08,YINN,YINN,0.0,31.77,-0.1765,2930769000.0,0.0,0.0,-0.318,-11106000.0,-137806000.0,BALANCED,-17.951
2024-11-11,YINN,YINN,0.0,31.75,-0.0006,2930769000.0,0.0,0.0,-0.2994,-7715000.0,-137806000.0,BALANCED,-17.485
2024-11-12,YINN,YINN,0.0,28.22,-0.1111,2930769000.0,0.0,0.0,-0.2969,-7715000.0,-137806000.0,BALANCED,-17.4213
2024-11-13,YINN,YINN,0.0,28.09,-0.0046,2930769000.0,0.0,0.0,-0.2324,-7715000.0,-137806000.0,BALANCED,-15.8098
2024-11-14,YINN,YINN,-2719000.0,27.19,-0.0323,2928050000.0,0.0,-2719000.0,-0.1917,-2719000.0,-140525000.0,BALANCED,-16.7928
2024-11-15,YINN,YINN,-1384000.0,27.68,0.0183,2926666000.0,0.0,-1384000.0,-0.174,-4103000.0,-141909000.0,BALANCED,-18.3491
2024-11-18,YINN,YINN,-4386000.0,29.24,0.0562,2922280000.0,0.0,-4386000.0,-0.0985,-8489000.0,-146295000.0,BALANCED,-18.4635
2024-11-19,YINN,YINN,0.0,28.28,-0.0327,2922280000.0,0.0,0.0,0.2928,-8489000.0,-146295000.0,BALANCED,-2.6802
2024-11-20,YINN,YINN,-30091000.0,28.66,0.0132,2892189000.0,0.0,-30091000.0,-1.4038,-38580000.0,-176386000.0,BALANCED,-47.0953
2024-11-21,YINN,YINN,-4220000.0,28.14,-0.0182,2887969000.0,0.0,-4220000.0,0.1046,-40081000.0,-180606000.0,BALANCED,-11.3856
2024-11-22,YINN,YINN,-1313000.0,26.26,-0.0667,2886656000.0,0.0,-1313000.0,0.2762,-40010000.0,-139881000.0,BALANCED,-9.0947
2024-11-25,YINN,YINN,0.0,26.27,0.0005,2886656000.0,0.0,0.0,0.3525,-35624000.0,-139881000.0,BALANCED,-1.1863
2024-11-26,YINN,YINN,-6445000.0,25.78,-0.0187,2880211000.0,0.0,-6445000.0,-0.0097,-42069000.0,-63330000.0,BALANCED,-12.2421
2024-11-27,YINN,YINN,-51477000.0,27.83,0.0793,2828734000.0,0.0,-51477000.0,-2.2899,-63455000.0,-114807000.0,DISTRIBUTION,-71.2468
2024-11-29,YINN,YINN,0.0,27.79,-0.0015,2828734000.0,0.0,0.0,0.421,-59235000.0,-114807000.0,BALANCED,0.5255
2024-12-02,YINN,YINN,0.0,27.94,0.0055,2828734000.0,0.0,0.0,0.421,-57922000.0,-113141000.0,BALANCED,0.5255
2024-12-03,YINN,YINN,0.0,28.28,0.0124,2828734000.0,0.0,0.0,0.421,-57922000.0,-109750000.0,BALANCED,0.5255
2024-12-04,YINN,YINN,0.0,27.66,-0.022,2828734000.0,0.0,0.0,0.421,-51477000.0,-109750000.0,BALANCED,0.5255
2024-12-05,YINN,YINN,0.0,27.89,0.0084,2828734000.0,0.0,0.0,0.421,0.0,-109750000.0,BALANCED,10.5255
2024-12-06,YINN,YINN,0.0,28.95,0.0381,2828734000.0,0.0,0.0,0.421,0.0,-102035000.0,BALANCED,10.5255
2024-12-09,YINN,YINN,0.0,36.08,0.2462,2828734000.0,0.0,0.0,0.3681,0.0,-102035000.0,BALANCED,9.2033
2024-12-10,YINN,YINN,0.0,31.13,-0.1374,2828734000.0,0.0,0.0,0.3681,0.0,-102035000.0,BALANCED,9.2033
2024-12-11,YINN,YINN,0.0,30.23,-0.0288,2828734000.0,0.0,0.0,0.3599,0.0,-102035000.0,BALANCED,8.9968
2024-12-12,YINN,YINN,0.0,30.28,0.0015,2828734000.0,0.0,0.0,0.3599,0.0,-102035000.0,BALANCED,8.9968
2024-12-13,YINN,YINN,0.0,29.09,-0.0393,2828734000.0,0.0,0.0,0.3599,0.0,-99316000.0,BALANCED,8.9968
2024-12-16,YINN,YINN,0.0,27.64,-0.0496,2828734000.0,0.0,0.0,0.3541,0.0,-97932000.0,BALANCED,8.8529
2024-12-17,YINN,YINN,0.0,29.07,0.0515,2828734000.0,0.0,0.0,0.3428,0.0,-93546000.0,BALANCED,8.5698
2024-12-18,YINN,YINN,0.0,27.29,-0.0611,2828734000.0,0.0,0.0,0.3428,0.0,-93546000.0,BALANCED,8.5698
2024-12-19,YINN,YINN,0.0,27.8,0.0185,2828734000.0,0.0,0.0,0.3428,0.0,-63455000.0,BALANCED,8.5698
2024-12-20,YINN,YINN,0.0,28.26,0.0167,2828734000.0,0.0,0.0,0.3189,0.0,-59235000.0,BALANCED,7.9735
2024-12-23,YINN,YINN,0.0,28.72,0.0272,2828734000.0,0.0,0.0,0.3189,0.0,-57922000.0,BALANCED,7.9735
2024-12-24,YINN,YINN,0.0,29.8,0.0374,2828734000.0,0.0,0.0,0.3189,0.0,-57922000.0,BALANCED,7.9735
2024-12-26,YINN,YINN,0.0,29.87,0.0025,2828734000.0,0.0,0.0,0.3189,0.0,-51477000.0,BALANCED,7.9735
2024-12-27,YINN,YINN,0.0,29.06,-0.0271,2828734000.0,0.0,0.0,0.3189,0.0,0.0,BALANCED,7.9735
2024-12-30,YINN,YINN,0.0,28.03,-0.0354,2828734000.0,0.0,0.0,0.3099,0.0,0.0,BALANCED,7.7482
2024-12-31,YINN,YINN,0.0,27.87,-0.0057,2828734000.0,0.0,0.0,0.3053,0.0,0.0,BALANCED,7.632
2025-01-02,YINN,YINN,0.0,26.35,-0.0546,2828734000.0,0.0,0.0,0.2912,0.0,0.0,BALANCED,7.2806
2025-01-03,YINN,YINN,0.0,27.64,0.049,2828734000.0,0.0,0.0,0.2912,0.0,0.0,BALANCED,7.2806
2025-01-06,YINN,YINN,0.0,26.54,-0.0399,2828734000.0,0.0,0.0,0.2244,0.0,0.0,BALANCED,5.6098
2025-01-07,YINN,YINN,0.0,25.55,-0.0374,2828734000.0,0.0,0.0,0.2095,0.0,0.0,BALANCED,5.2373
2025-01-08,YINN,YINN,2524000.0,25.24,-0.0119,2831258000.0,2524000.0,0.0,0.462,2524000.0,2524000.0,BALANCED,23.5497
2025-01-10,YINN,YINN,2301000.0,23.01,-0.0885,2833559000.0,2301000.0,0.0,0.4292,4825000.0,4825000.0,BALANCED,24.7296
2025-01-13,YINN,YINN,0.0,23.34,0.0143,2833559000.0,0.0,0.0,0.1646,4825000.0,4825000.0,BALANCED,14.1145
2025-01-14,YINN,YINN,0.0,24.86,0.0652,2833559000.0,0.0,0.0,-0.2625,4825000.0,4825000.0,BALANCED,3.4383
2025-01-15,YINN,YINN,0.0,25.86,0.0404,2833559000.0,0.0,0.0,-0.2625,4825000.0,4825000.0,BALANCED,3.4383
2025-01-16,YINN,YINN,0.0,25.88,0.0006,2833559000.0,0.0,0.0,-0.2625,2301000.0,4825000.0,BALANCED,3.4383
2025-01-17,YINN,YINN,0.0,27.35,0.0568,2833559000.0,0.0,0.0,-0.2625,0.0,4825000.0,BALANCED,-6.5617
2025-01-21,YINN,YINN,0.0,28.25,0.0331,2833559000.0,0.0,0.0,-0.2625,0.0,4825000.0,BALANCED,-6.5617
2025-01-22,YINN,YINN,0.0,27.64,-0.0218,2833559000.0,0.0,0.0,-0.2625,0.0,4825000.0,BALANCED,-6.5617
2025-01-23,YINN,YINN,0.0,27.71,0.0026,2833559000.0,0.0,0.0,-0.2625,0.0,4825000.0,BALANCED,-6.5617
2025-01-24,YINN,YINN,0.0,29.74,0.0735,2833559000.0,0.0,0.0,-0.2625,0.0,4825000.0,BALANCED,-6.5617
2025-01-27,YINN,YINN,-1526000.0,30.53,0.0264,2832033000.0,0.0,-1526000.0,-2.3862,-1526000.0,3299000.0,DISTRIBUTION,-71.6552
2025-01-28,YINN,YINN,0.0,31.56,0.0338,2832033000.0,0.0,0.0,-0.1604,-1526000.0,3299000.0,BALANCED,-14.0099
2025-01-29,YINN,YINN,0.0,31.16,-0.0126,2832033000.0,0.0,0.0,-0.1604,-1526000.0,3299000.0,BALANCED,-14.0099
2025-01-30,YINN,YINN,-1669000.0,33.38,0.0713,2830364000.0,0.0,-1669000.0,-2.2716,-3195000.0,1630000.0,DISTRIBUTION,-68.7896
2025-01-31,YINN,YINN,-3122000.0,31.22,-0.0648,2827242000.0,0.0,-3122000.0,-3.2168,-6317000.0,-1492000.0,DISTRIBUTION,-94.4207
2025-02-03,YINN,YINN,0.0,30.69,-0.0171,2827242000.0,0.0,0.0,0.0521,-4791000.0,-1492000.0,BALANCED,-8.6982
2025-02-04,YINN,YINN,-3285000.0,32.85,0.0706,2823957000.0,0.0,-3285000.0,-2.784,-8076000.0,-4777000.0,DISTRIBUTION,-81.6003
2025-02-05,YINN,YINN,0.0,31.2,-0.0503,2823957000.0,0.0,0.0,0.1418,-8076000.0,-4777000.0,BALANCED,-6.4544
2025-02-06,YINN,YINN,-17717000.0,32.21,0.0325,2806240000.0,0.0,-17717000.0,-4.997,-24124000.0,-22494000.0,DISTRIBUTION,-100.0
2025-02-07,YINN,YINN,0.0,33.53,0.0407,2806240000.0,0.0,0.0,0.2208,-21002000.0,-25018000.0,BALANCED,-4.4794
2025-02-10,YINN,YINN,0.0,36.25,0.0812,2806240000.0,0.0,0.0,0.2208,-21002000.0,-27319000.0,BALANCED,-4.4794
2025-02-11,YINN,YINN,-28263000.0,35.33,-0.0254,2777977000.0,0.0,-28263000.0,-4.3864,-45980000.0,-55582000.0,DISTRIBUTION,-100.0
2025-02-12,YINN,YINN,-36057000.0,37.95,0.0743,2741920000.0,0.0,-36057000.0,-3.8085,-82037000.0,-91639000.0,DISTRIBUTION,-100.0
2025-02-13,YINN,YINN,-30326000.0,37.91,-0.0012,2711594000.0,0.0,-30326000.0,-2.6365,-94646000.0,-121965000.0,DISTRIBUTION,-81.9127
2025-02-14,YINN,YINN,-30589000.0,40.79,0.0759,2681005000.0,0.0,-30589000.0,-2.3105,-125235000.0,-152554000.0,DISTRIBUTION,-75.7637
2025-02-18,YINN,YINN,-141709000.0,41.68,0.0219,2539296000.0,0.0,-141709000.0,-4.8395,-266944000.0,-294263000.0,DISTRIBUTION,-100.0
2025-02-19,YINN,YINN,-40779000.0,40.78,-0.0216,2498517000.0,0.0,-40779000.0,-1.0709,-279460000.0,-335042000.0,BALANCED,-48.7716
2025-02-20,YINN,YINN,-30197000.0,43.14,0.0578,2468320000.0,0.0,-30197000.0,-0.6509,-273600000.0,-365239000.0,BALANCED,-40.2723
2025-02-21,YINN,YINN,-13483000.0,44.94,0.0418,2454837000.0,0.0,-13483000.0,-0.0366,-256757000.0,-378722000.0,BALANCED,-26.9156
2025-02-24,YINN,YINN,-88936000.0,40.43,-0.1005,2365901000.0,0.0,-88936000.0,-2.3703,-315104000.0,-467658000.0,DISTRIBUTION,-87.2564
2025-02-25,YINN,YINN,-31216000.0,41.62,0.0296,2334685000.0,0.0,-31216000.0,-0.4718,-204611000.0,-497348000.0,BALANCED,-41.7952
2025-02-26,YINN,YINN,0.0,45.35,0.0896,2334685000.0,0.0,0.0,0.5379,-163832000.0,-497348000.0,BALANCED,3.4466
2025-02-27,YINN,YINN,-41683000.0,43.88,-0.0325,2293002000.0,0.0,-41683000.0,-0.7614,-175318000.0,-539031000.0,BALANCED,-31.035
2025-02-28,YINN,YINN,0.0,40.84,-0.0692,2293002000.0,0.0,0.0,0.5797,-161835000.0,-537362000.0,BALANCED,4.4936
2025-03-03,YINN,YINN,-7666000.0,38.33,-0.0615,2285336000.0,0.0,-7666000.0,0.3427,-80565000.0,-541906000.0,BALANCED,-3.4335
2025-03-04,YINN,YINN,-28057000.0,40.08,0.0457,2257279000.0,0.0,-28057000.0,-0.2872,-77406000.0,-569963000.0,BALANCED,-21.1791
2025-03-05,YINN,YINN,-32252000.0,46.07,0.1495,2225027000.0,0.0,-32252000.0,-0.3901,-109658000.0,-598930000.0,BALANCED,-25.7521
2025-03-06,YINN,YINN,-60754000.0,46.73,0.0143,2164273000.0,0.0,-60754000.0,-1.2285,-128729000.0,-659684000.0,BALANCED,-48.7129
2025-03-07,YINN,YINN,-16328000.0,46.65,-0.0018,2147945000.0,0.0,-16328000.0,0.2103,-145057000.0,-658295000.0,BALANCED,-14.7428
2025-03-10,YINN,YINN,-27877000.0,42.89,-0.0807,2120068000.0,0.0,-27877000.0,-0.1332,-165268000.0,-686172000.0,BALANCED,-25.3294
2025-03-11,YINN,YINN,-13312000.0,44.37,0.0346,2106756000.0,0.0,-13312000.0,0.3559,-150523000.0,-699484000.0,BALANCED,-15.1014
2025-03-12,YINN,YINN,-35362000.0,44.2,-0.0038,2071394000.0,0.0,-35362000.0,-0.331,-153633000.0,-706583000.0,BALANCED,-34.2741
2025-03-13,YINN,YINN,-45060000.0,45.06,0.0194,2026334000.0,0.0,-45060000.0,-0.6057,-137939000.0,-715586000.0,BALANCED,-43.1429
2025-03-14,YINN,YINN,0.0,48.97,0.0868,2026334000.0,0.0,0.0,0.8903,-121611000.0,-685260000.0,BALANCED,12.2582
2025-03-17,YINN,YINN,0.0,52.42,0.0704,2026334000.0,0.0,0.0,0.8842,-93734000.0,-654671000.0,BALANCED,12.1057
2025-03-18,YINN,YINN,0.0,52.15,-0.005,2026334000.0,0.0,0.0,0.8842,-80422000.0,-512962000.0,BALANCED,12.1057
2025-03-19,YINN,YINN,0.0,51.48,-0.0128,2026334000.0,0.0,0.0,0.8779,-45060000.0,-472183000.0,BALANCED,11.947
2025-03-20,YINN,YINN,-25865000.0,47.03,-0.0866,2000469000.0,0.0,-25865000.0,0.0531,-25865000.0,-467851000.0,BALANCED,-10.6737
2025-03-21,YINN,YINN,0.0,44.44,-0.055,2000469000.0,0.0,0.0,0.8882,-25865000.0,-454368000.0,BALANCED,12.2048
2025-03-24,YINN,YINN,0.0,44.83,0.0087,2000469000.0,0.0,0.0,0.8882,-25865000.0,-365432000.0,BALANCED,12.2048
2025-03-25,YINN,YINN,0.0,43.34,-0.0306,2000469000.0,0.0,0.0,0.8882,-25865000.0,-334216000.0,BALANCED,12.2048
2025-03-26,YINN,YINN,0.0,43.22,-0.0028,2000469000.0,0.0,0.0,0.8461,-25865000.0,-334216000.0,BALANCED,11.1514
2025-03-27,YINN,YINN,0.0,44.67,0.0336,2000469000.0,0.0,0.0,0.7991,0.0,-292533000.0,BALANCED,19.9785
2025-03-28,YINN,YINN,-6234000.0,41.56,-0.0697,1994235000.0,0.0,-6234000.0,0.5686,-6234000.0,-298767000.0,BALANCED,2.2158
2025-03-31,YINN,YINN,0.0,41.54,-0.0004,1994235000.0,0.0,0.0,0.7299,-6234000.0,-291101000.0,BALANCED,8.2482
2025-04-01,YINN,YINN,0.0,41.25,-0.007,1994235000.0,0.0,0.0,0.8193,-6234000.0,-263044000.0,BALANCED,10.4821
2025-04-02,YINN,YINN,-4048000.0,40.48,-0.0188,1990187000.0,0.0,-4048000.0,0.5889,-10282000.0,-234840000.0,BALANCED,2.7237
2025-04-03,YINN,YINN,-9842000.0,39.37,-0.0274,1980345000.0,0.0,-9842000.0,0.2948,-20124000.0,-183928000.0,BALANCED,-6.629
2025-04-04,YINN,YINN,0.0,31.01,-0.2123,1980345000.0,0.0,0.0,0.7194,-13890000.0,-167600000.0,BALANCED,7.9854
2025-04-07,YINN,YINN,78916000.0,23.21,-0.2515,2059261000.0,78916000.0,0.0,3.7139,65026000.0,-60807000.0,ACCUMULATION,100.0
2025-04-08,YINN,YINN,-3340000.0,22.27,-0.0407,2055921000.0,0.0,-3340000.0,0.2512,61686000.0,-50835000.0,BALANCED,14.2792
2025-04-09,YINN,YINN,0.0,26.97,0.2115,2055921000.0,0.0,0.0,0.3921,65734000.0,-15473000.0,BALANCED,19.8027
2025-04-10,YINN,YINN,-9324000.0,26.64,-0.0124,2046597000.0,0.0,-9324000.0,-0.0485,66252000.0,20263000.0,BALANCED,6.7874
2025-04-11,YINN,YINN,-10535000.0,30.1,0.1298,2036062000.0,0.0,-10535000.0,-0.0862,55717000.0,9728000.0,BALANCED,3.8439
2025-04-14,YINN,YINN,-29696000.0,31.26,0.0385,2006366000.0,0.0,-29696000.0,-0.8804,-52895000.0,-19968000.0,BALANCED,-38.0099
2025-04-15,YINN,YINN,-16892000.0,30.71,-0.0175,1989474000.0,0.0,-16892000.0,-0.3471,-66447000.0,-36860000.0,BALANCED,-26.6786
2025-04-16,YINN,YINN,-8577000.0,28.59,-0.0691,1980897000.0,0.0,-8577000.0,-0.0195,-75024000.0,-45437000.0,BALANCED,-20.4878
2025-04-17,YINN,YINN,0.0,28.49,-0.0035,1980897000.0,0.0,0.0,0.302,-65700000.0,-19572000.0,BALANCED,-2.4498
2025-04-21,YINN,YINN,-4282000.0,28.55,0.002,1976615000.0,0.0,-4282000.0,0.0709,-59447000.0,-23854000.0,BALANCED,-10.227
2025-04-22,YINN,YINN,-26557000.0,31.24,0.0944,1950058000.0,0.0,-26557000.0,-1.0393,-56308000.0,-50411000.0,BALANCED,-39.9819
2025-04-23,YINN,YINN,-9680000.0,32.27,0.0328,1940378000.0,0.0,-9680000.0,-0.206,-49096000.0,-60091000.0,BALANCED,-21.1511
2025-04-24,YINN,YINN,-19834000.0,33.06,0.0245,1920544000.0,0.0,-19834000.0,-0.7609,-60353000.0,-79925000.0,BALANCED,-37.0213
2025-04-25,YINN,YINN,0.0,32.64,-0.0125,1920544000.0,0.0,0.0,0.1965,-60353000.0,-79925000.0,BALANCED,-5.0867
2025-04-28,YINN,YINN,-9807000.0,32.69,0.0014,1910737000.0,0.0,-9807000.0,-0.3314,-65878000.0,-83498000.0,BALANCED,-20.2849
2025-04-29,YINN,YINN,0.0,32.1,-0.018,1910737000.0,0.0,0.0,0.2145,-39321000.0,-83498000.0,BALANCED,-4.638
2025-04-30,YINN,YINN,-22583000.0,32.26,0.005,1888154000.0,0.0,-22583000.0,-0.984,-52224000.0,-106081000.0,BALANCED,-36.6002
2025-05-01,YINN,YINN,-6410000.0,32.05,-0.0066,1881744000.0,0.0,-6410000.0,-0.0871,-38800000.0,-108443000.0,BALANCED,-16.1784
2025-05-02,YINN,YINN,0.0,35.2,0.0984,1881744000.0,0.0,0.0,0.222,-38800000.0,-98601000.0,BALANCED,-4.4506
2025-05-05,YINN,YINN,-21040000.0,35.07,-0.0038,1860704000.0,0.0,-21040000.0,-0.9061,-50033000.0,-119641000.0,BALANCED,-34.6516
2025-05-06,YINN,YINN,0.0,36.26,0.034,1860704000.0,0.0,0.0,0.2577,-50033000.0,-198557000.0,BALANCED,-3.5579
2025-05-07,YINN,YINN,0.0,33.78,-0.0684,1860704000.0,0.0,0.0,0.2577,-27450000.0,-195217000.0,BALANCED,-3.5579
2025-05-08,YINN,YINN,-5299000.0,35.32,0.0458,1855405000.0,0.0,-5299000.0,-0.0257,-26339000.0,-200516000.0,BALANCED,-12.6417
2025-05-09,YINN,YINN,0.0,34.77,-0.0156,1855405000.0,0.0,0.0,0.2678,-26339000.0,-191192000.0,BALANCED,-3.3058
2025-05-12,YINN,YINN,0.0,38.39,0.1039,1855405000.0,0.0,0.0,0.256,-5299000.0,-180657000.0,BALANCED,-3.6002
2025-05-13,YINN,YINN,0.0,37.41,-0.0255,1855405000.0,0.0,0.0,0.256,-5299000.0,-150961000.0,BALANCED,-3.6002
2025-05-14,YINN,YINN,-5878000.0,39.19,0.0475,1849527000.0,0.0,-5878000.0,-0.0584,-11177000.0,-139947000.0,BALANCED,-13.4598
2025-05-15,YINN,YINN,-5604000.0,37.36,-0.0466,1843923000.0,0.0,-5604000.0,-0.0403,-11482000.0,-136974000.0,BALANCED,-15.0086
2025-05-16,YINN,YINN,-3698000.0,36.98,-0.0102,1840225000.0,0.0,-3698000.0,0.0539,-15180000.0,-140672000.0,BALANCED,-14.6516
2025-05-19,YINN,YINN,-3765000.0,37.65,0.0182,1836460000.0,0.0,-3765000.0,0.0572,-18945000.0,-140155000.0,BALANCED,-16.5689
2025-05-20,YINN,YINN,-19447000.0,38.89,0.0331,1817013000.0,0.0,-19447000.0,-1.2785,-38392000.0,-133045000.0,BALANCED,-51.9627
2025-05-21,YINN,YINN,-26833000.0,38.33,-0.0144,1790180000.0,0.0,-26833000.0,-1.8964,-59347000.0,-150198000.0,DISTRIBUTION,-69.4095
2025-05-22,YINN,YINN,-5662000.0,37.75,-0.0153,1784518000.0,0.0,-5662000.0,0.3619,-59405000.0,-136026000.0,BALANCED,-14.9514
2025-05-23,YINN,YINN,-1894000.0,37.89,0.0037,1782624000.0,0.0,-1894000.0,0.7313,-57601000.0,-137920000.0,BALANCED,-7.717
2025-05-27,YINN,YINN,-3670000.0,36.71,-0.0312,1778954000.0,0.0,-3670000.0,0.5168,-57506000.0,-131783000.0,BALANCED,-15.0795
2025-05-28,YINN,YINN,0.0,35.58,-0.0307,1778954000.0,0.0,0.0,0.8694,-38059000.0,-131783000.0,BALANCED,11.734
2025-05-29,YINN,YINN,-5507000.0,36.71,0.0319,1773447000.0,0.0,-5507000.0,0.1982,-16733000.0,-114707000.0,BALANCED,-7.0449
2025-05-30,YINN,YINN,0.0,34.76,-0.0532,1773447000.0,0.0,0.0,0.8002,-11071000.0,-108297000.0,BALANCED,10.005
2025-06-02,YINN,YINN,0.0,35.79,0.0297,1773447000.0,0.0,0.0,0.8002,-9177000.0,-108297000.0,BALANCED,10.005
2025-06-03,YINN,YINN,-14737000.0,36.84,0.0294,1758710000.0,0.0,-14737000.0,-0.8549,-20244000.0,-101994000.0,BALANCED,-33.3724
2025-06-04,YINN,YINN,-52520000.0,38.9,0.056,1706190000.0,0.0,-52520000.0,-3.8429,-72764000.0,-154514000.0,DISTRIBUTION,-100.0
2025-06-05,YINN,YINN,0.0,39.73,0.0211,1706190000.0,0.0,0.0,0.6706,-67257000.0,-154514000.0,BALANCED,6.7638
2025-06-06,YINN,YINN,-15823000.0,39.56,-0.0042,1690367000.0,0.0,-15823000.0,-0.7074,-83080000.0,-165038000.0,BALANCED,-29.6859
2025-06-09,YINN,YINN,0.0,41.07,0.0381,1690367000.0,0.0,0.0,0.666,-83080000.0,-165038000.0,BALANCED,6.649
2025-06-10,YINN,YINN,0.0,41.58,0.0126,1690367000.0,0.0,0.0,0.6334,-68343000.0,-165038000.0,BALANCED,5.8349
2025-06-11,YINN,YINN,-6331000.0,42.21,0.015,1684036000.0,0.0,-6331000.0,0.1064,-22154000.0,-171369000.0,BALANCED,-9.3392
2025-06-12,YINN,YINN,-27090000.0,41.68,-0.0126,1656946000.0,0.0,-27090000.0,-1.6502,-49244000.0,-192581000.0,DISTRIBUTION,-55.2539
2025-06-13,YINN,YINN,0.0,39.36,-0.0557,1656946000.0,0.0,0.0,0.6335,-33421000.0,-186977000.0,BALANCED,5.8371
2025-06-16,YINN,YINN,-37149000.0,41.28,0.0488,1619797000.0,0.0,-37149000.0,-2.2009,-70570000.0,-220428000.0,DISTRIBUTION,-67.0213
2025-06-17,YINN,YINN,-25878000.0,39.81,-0.0355,1593919000.0,0.0,-25878000.0,-1.2966,-96448000.0,-242541000.0,BALANCED,-46.4147
2025-06-18,YINN,YINN,0.0,38.17,-0.0412,1593919000.0,0.0,0.0,0.6788,-90117000.0,-223094000.0,BALANCED,6.9712
2025-06-20,YINN,YINN,0.0,37.4,-0.0202,1593919000.0,0.0,0.0,0.6788,-63027000.0,-196261000.0,BALANCED,6.9712
2025-06-23,YINN,YINN,0.0,39.15,0.0468,1593919000.0,0.0,0.0,0.661,-63027000.0,-190599000.0,BALANCED,6.5261
2025-06-24,YINN,YINN,0.0,42.2,0.0844,1593919000.0,0.0,0.0,0.661,-25878000.0,-188705000.0,BALANCED,6.5261
2025-06-25,YINN,YINN,0.0,42.04,-0.0037,1593919000.0,0.0,0.0,0.661,0.0,-185035000.0,BALANCED,16.5261
2025-06-26,YINN,YINN,-10592000.0,42.37,0.0077,1583327000.0,0.0,-10592000.0,-0.1164,-10592000.0,-195627000.0,BALANCED,-14.9092
2025-06-27,YINN,YINN,0.0,41.13,-0.0291,1583327000.0,0.0,0.0,0.6733,-10592000.0,-190120000.0,BALANCED,6.8329
2025-06-30,YINN,YINN,0.0,40.95,-0.0045,1583327000.0,0.0,0.0,0.6548,-10592000.0,-190120000.0,BALANCED,6.37
2025-07-01,YINN,YINN,-2059000.0,41.17,0.0054,1581268000.0,0.0,-2059000.0,0.4946,-12651000.0,-192179000.0,BALANCED,0.3639
2025-07-02,YINN,YINN,0.0,40.69,-0.0117,1581268000.0,0.0,0.0,0.6369,-12651000.0,-177442000.0,BALANCED,5.9228
2025-07-03,YINN,YINN,0.0,39.24,-0.0355,1581268000.0,0.0,0.0,0.5918,-2059000.0,-124922000.0,BALANCED,4.7954
2025-07-07,YINN,YINN,0.0,39.36,0.003,1581268000.0,0.0,0.0,0.5418,-2059000.0,-124922000.0,BALANCED,3.5452
2025-07-08,YINN,YINN,0.0,40.58,0.0311,1581268000.0,0.0,0.0,0.5246,-2059000.0,-109099000.0,BALANCED,3.1156
2025-07-09,YINN,YINN,0.0,38.88,-0.0421,1581268000.0,0.0,0.0,0.5186,0.0,-109099000.0,BALANCED,12.964
2025-07-10,YINN,YINN,0.0,39.95,0.0275,1581268000.0,0.0,0.0,0.5073,0.0,-109099000.0,BALANCED,12.6817
2025-07-11,YINN,YINN,0.0,39.77,-0.0043,1581268000.0,0.0,0.0,0.5073,0.0,-102768000.0,BALANCED,12.6817
2025-07-14,YINN,YINN,0.0,41.17,0.0351,1581268000.0,0.0,0.0,0.4911,0.0,-75678000.0,BALANCED,12.2768
2025-07-15,YINN,YINN,0.0,43.59,0.0589,1581268000.0,0.0,0.0,0.4911,0.0,-75678000.0,BALANCED,12.2768
2025-07-16,YINN,YINN,-2149000.0,42.99,-0.0139,1579119000.0,0.0,-2149000.0,0.3326,-2149000.0,-40678000.0,BALANCED,-3.685
2025-07-17,YINN,YINN,0.0,43.39,0.0093,1579119000.0,0.0,0.0,0.4616,-2149000.0,-14800000.0,BALANCED,1.539
2025-07-18,YINN,YINN,0.0,44.98,0.0366,1579119000.0,0.0,0.0,0.4425,-2149000.0,-14800000.0,BALANCED,1.0632
2025-07-21,YINN,YINN,0.0,45.49,0.0115,1579119000.0,0.0,0.0,0.4425,-2149000.0,-14800000.0,BALANCED,1.0632
2025-07-22,YINN,YINN,0.0,47.37,0.0413,1579119000.0,0.0,0.0,0.3968,-2149000.0,-14800000.0,BALANCED,-0.0788
2025-07-23,YINN,YINN,0.0,48.6,0.0258,1579119000.0,0.0,0.0,0.3968,0.0,-14800000.0,BALANCED,9.9212
2025-07-24,YINN,YINN,0.0,47.91,-0.0142,1579119000.0,0.0,0.0,0.3968,0.0,-14800000.0,BALANCED,9.9212
2025-07-25,YINN,YINN,-28166000.0,46.94,-0.0201,1550953000.0,0.0,-28166000.0,-2.2924,-28166000.0,-32374000.0,DISTRIBUTION,-69.309
2025-07-28,YINN,YINN,0.0,46.31,-0.0135,1550953000.0,0.0,0.0,0.3739,-28166000.0,-32374000.0,BALANCED,-0.6529
2025-07-29,YINN,YINN,0.0,45.35,-0.0206,1550953000.0,0.0,0.0,0.3739,-28166000.0,-32374000.0,BALANCED,-0.6529
2025-07-30,YINN,YINN,0.0,43.78,-0.0348,1550953000.0,0.0,0.0,0.3272,-28166000.0,-30315000.0,BALANCED,-1.8188
2025-07-31,YINN,YINN,-2129000.0,42.58,-0.0273,1548824000.0,0.0,-2129000.0,-0.1155,-30295000.0,-32444000.0,BALANCED,-14.888
2025-08-01,YINN,YINN,0.0,40.46,-0.0497,1548824000.0,0.0,0.0,0.2775,-2129000.0,-32444000.0,BALANCED,-3.0633
2025-08-04,YINN,YINN,0.0,42.56,0.0518,1548824000.0,0.0,0.0,0.2775,-2129000.0,-32444000.0,BALANCED,-3.0633
2025-08-05,YINN,YINN,0.0,43.13,0.0133,1548824000.0,0.0,0.0,0.2775,-2129000.0,-32444000.0,BALANCED,-3.0633
2025-08-06,YINN,YINN,0.0,43.63,0.0117,1548824000.0,0.0,0.0,0.2775,-2129000.0,-32444000.0,BALANCED,-3.0633
2025-08-07,YINN,YINN,-2172000.0,43.44,-0.0044,1546652000.0,0.0,-2172000.0,-0.1102,-2172000.0,-34616000.0,BALANCED,-14.7556
2025-08-08,YINN,YINN,0.0,43.15,-0.0065,1546652000.0,0.0,0.0,0.2378,-2172000.0,-34616000.0,BALANCED,-4.0556
2025-08-11,YINN,YINN,0.0,41.97,-0.0274,1546652000.0,0.0,0.0,0.2378,-2172000.0,-34616000.0,BALANCED,-4.0556
2025-08-12,YINN,YINN,0.0,44.0,0.0483,1546652000.0,0.0,0.0,0.2378,-2172000.0,-34616000.0,BALANCED,-4.0556
2025-08-13,YINN,YINN,0.0,47.99,0.0906,1546652000.0,0.0,0.0,0.2243,-2172000.0,-32467000.0,BALANCED,-4.3918
2025-08-14,YINN,YINN,0.0,45.21,-0.0579,1546652000.0,0.0,0.0,0.2243,0.0,-32467000.0,BALANCED,5.6082
2025-08-15,YINN,YINN,0.0,45.16,-0.001,1546652000.0,0.0,0.0,0.2243,0.0,-32467000.0,BALANCED,5.6082
2025-08-18,YINN,YINN,0.0,46.0,0.0185,1546652000.0,0.0,0.0,0.2243,0.0,-32467000.0,BALANCED,5.6082
2025-08-19,YINN,YINN,0.0,44.7,-0.0283,1546652000.0,0.0,0.0,0.2243,0.0,-32467000.0,BALANCED,5.6082
2025-08-20,YINN,YINN,0.0,45.41,0.0159,1546652000.0,0.0,0.0,0.2243,0.0,-32467000.0,BALANCED,5.6082
2025-08-21,YINN,YINN,-4518000.0,45.18,-0.005,1542134000.0,0.0,-4518000.0,-0.621,-4518000.0,-36985000.0,BALANCED,-27.5251
2025-08-22,YINN,YINN,-2411000.0,48.22,0.0672,1539723000.0,0.0,-2411000.0,-0.1984,-6929000.0,-11230000.0,BALANCED,-18.9597
2025-08-25,YINN,YINN,0.0,47.83,-0.008,1539723000.0,0.0,0.0,0.2677,-6929000.0,-11230000.0,BALANCED,-3.3067
2025-08-26,YINN,YINN,-2405000.0,48.11,0.0058,1537318000.0,0.0,-2405000.0,-0.1819,-9334000.0,-13635000.0,BALANCED,-16.5464
2025-08-27,YINN,YINN,0.0,44.42,-0.0768,1537318000.0,0.0,0.0,0.2693,-9334000.0,-13635000.0,BALANCED,-3.2675
2025-08-28,YINN,YINN,0.0,45.59,0.0264,1537318000.0,0.0,0.0,0.2693,-4816000.0,-11506000.0,BALANCED,-3.2675
2025-08-29,YINN,YINN,-70165000.0,46.78,0.0261,1467153000.0,0.0,-70165000.0,-4.8957,-72570000.0,-81671000.0,DISTRIBUTION,-100.0
2025-09-02,YINN,YINN,0.0,48.03,0.0267,1467153000.0,0.0,0.0,0.275,-72570000.0,-81671000.0,BALANCED,-3.1239
2025-09-03,YINN,YINN,-70092000.0,46.73,-0.027,1397061000.0,0.0,-70092000.0,-3.5252,-140257000.0,-151763000.0,DISTRIBUTION,-100.0
2025-09-04,YINN,YINN,0.0,44.62,-0.045,1397061000.0,0.0,0.0,0.3341,-140257000.0,-151763000.0,BALANCED,-1.6465
2025-09-05,YINN,YINN,0.0,46.58,0.0438,1397061000.0,0.0,0.0,0.3341,-140257000.0,-149591000.0,BALANCED,-1.6465
2025-09-08,YINN,YINN,0.0,48.5,0.0413,1397061000.0,0.0,0.0,0.2898,-70092000.0,-149591000.0,BALANCED,-2.7556
2025-09-09,YINN,YINN,-22694000.0,50.43,0.0398,1374367000.0,0.0,-22694000.0,-0.9359,-92786000.0,-172285000.0,BALANCED,-35.3979
2025-09-10,YINN,YINN,-42050000.0,49.47,-0.019,1332317000.0,0.0,-42050000.0,-1.8211,-64744000.0,-214335000.0,DISTRIBUTION,-59.5268
2025-09-11,YINN,YINN,-53244000.0,53.24,0.0763,1279073000.0,0.0,-53244000.0,-2.1254,-117988000.0,-267579000.0,DISTRIBUTION,-69.1345
2025-09-12,YINN,YINN,0.0,52.22,-0.0192,1279073000.0,0.0,0.0,0.432,-117988000.0,-267579000.0,BALANCED,0.7992
2025-09-15,YINN,YINN,-10666000.0,53.33,0.0212,1268407000.0,0.0,-10666000.0,-0.0636,-128654000.0,-278245000.0,BALANCED,-13.5891
2025-09-16,YINN,YINN,-5437000.0,54.37,0.0196,1262970000.0,0.0,-5437000.0,0.1978,-111397000.0,-283682000.0,BALANCED,-9.0555
2025-09-17,YINN,YINN,-25481000.0,56.62,0.0414,1237489000.0,0.0,-25481000.0,-0.7259,-94828000.0,-309163000.0,BALANCED,-34.1485
2025-09-18,YINN,YINN,-27197000.0,54.39,-0.0394,1210292000.0,0.0,-27197000.0,-0.7603,-68781000.0,-336360000.0,BALANCED,-37.0076
2025-09-19,YINN,YINN,0.0,53.74,-0.0121,1210292000.0,0.0,0.0,0.5348,-68781000.0,-331842000.0,BALANCED,3.3695
2025-09-22,YINN,YINN,0.0,52.62,-0.0208,1210292000.0,0.0,0.0,0.5348,-58115000.0,-329431000.0,BALANCED,3.3695
2025-09-23,YINN,YINN,0.0,50.47,-0.0408,1210292000.0,0.0,0.0,0.5348,-52678000.0,-329431000.0,BALANCED,3.3695
2025-09-24,YINN,YINN,0.0,52.23,0.0349,1210292000.0,0.0,0.0,0.5348,-27197000.0,-327026000.0,BALANCED,3.3695
2025-09-25,YINN,YINN,0.0,52.6,0.0071,1210292000.0,0.0,0.0,0.5348,0.0,-327026000.0,BALANCED,13.3695
2025-09-26,YINN,YINN,0.0,51.24,-0.0259,1210292000.0,0.0,0.0,0.5348,0.0,-327026000.0,BALANCED,13.3695
2025-09-29,YINN,YINN,0.0,53.7,0.048,1210292000.0,0.0,0.0,0.5348,0.0,-256861000.0,BALANCED,13.3695
2025-09-30,YINN,YINN,0.0,54.31,0.0114,1210292000.0,0.0,0.0,0.5348,0.0,-256861000.0,BALANCED,13.3695
2025-10-01,YINN,YINN,5525000.0,55.25,0.0172,1215817000.0,5525000.0,0.0,0.7848,5525000.0,-181244000.0,BALANCED,31.6203
2025-10-02,YINN,YINN,-19852000.0,56.72,0.0266,1195965000.0,0.0,-19852000.0,-0.3879,-14327000.0,-201096000.0,BALANCED,-21.6965
2025-10-03,YINN,YINN,-8300000.0,55.33,-0.0245,1187665000.0,0.0,-8300000.0,0.1673,-22627000.0,-209396000.0,BALANCED,-9.8171
2025-10-06,YINN,YINN,0.0,55.23,-0.0019,1187665000.0,0.0,0.0,0.5574,-22627000.0,-209396000.0,BALANCED,3.9351
2025-10-07,YINN,YINN,0.0,53.33,-0.0343,1187665000.0,0.0,0.0,0.5574,-22627000.0,-186702000.0,BALANCED,3.9351
2025-10-08,YINN,YINN,0.0,53.78,0.0084,1187665000.0,0.0,0.0,0.5525,-28152000.0,-144652000.0,BALANCED,3.8128
2025-10-09,YINN,YINN,0.0,51.61,-0.0403,1187665000.0,0.0,0.0,0.5525,-8300000.0,-91408000.0,BALANCED,3.8128
2025-10-10,YINN,YINN,75669000.0,43.24,-0.1622,1263334000.0,75669000.0,0.0,3.2129,75669000.0,-15739000.0,ACCUMULATION,92.3213
2025-10-13,YINN,YINN,-7094000.0,47.29,0.0938,1256240000.0,0.0,-7094000.0,-0.0027,68575000.0,-12167000.0,BALANCED,7.9331
2025-10-14,YINN,YINN,-9363000.0,46.81,-0.0102,1246877000.0,0.0,-9363000.0,-0.0852,59212000.0,-16093000.0,BALANCED,3.8696
2025-10-15,YINN,YINN,0.0,48.23,0.0302,1246877000.0,0.0,0.0,0.2435,59212000.0,9388000.0,BALANCED,16.0879
2025-10-16,YINN,YINN,-7335000.0,48.9,0.014,1239542000.0,0.0,-7335000.0,-0.1015,51877000.0,29250000.0,BALANCED,5.463
2025-10-17,YINN,YINN,0.0,48.9,-0.0001,1239542000.0,0.0,0.0,0.2556,-23792000.0,29250000.0,BALANCED,-3.6092
2025-10-20,YINN,YINN,0.0,50.66,0.036,1239542000.0,0.0,0.0,0.2556,-16698000.0,29250000.0,BALANCED,-3.6092
2025-10-21,YINN,YINN,-12142000.0,48.57,-0.0413,1227400000.0,0.0,-12142000.0,-0.3565,-19477000.0,17108000.0,BALANCED,-20.9114
2025-10-22,YINN,YINN,0.0,47.83,-0.0153,1227400000.0,0.0,0.0,0.1833,-19477000.0,17108000.0,BALANCED,-5.418
2025-10-23,YINN,YINN,0.0,50.23,0.0503,1227400000.0,0.0,0.0,0.1037,-12142000.0,17108000.0,BALANCED,-7.4077
2025-10-24,YINN,YINN,0.0,50.71,0.0096,1227400000.0,0.0,0.0,0.1037,-12142000.0,17108000.0,BALANCED,-7.4077
2025-10-27,YINN,YINN,0.0,52.69,0.039,1227400000.0,0.0,0.0,0.0827,-12142000.0,17108000.0,BALANCED,-7.9323
2025-10-28,YINN,YINN,0.0,51.82,-0.0164,1227400000.0,0.0,0.0,0.0718,0.0,17108000.0,BALANCED,1.7953
2025-10-29,YINN,YINN,-2611000.0,52.23,0.0078,1224789000.0,0.0,-2611000.0,-0.1379,-2611000.0,8972000.0,BALANCED,-15.4472
2025-10-30,YINN,YINN,0.0,49.08,-0.0603,1224789000.0,0.0,0.0,-0.0321,-2611000.0,28824000.0,BALANCED,-10.8033
2025-10-31,YINN,YINN,0.0,47.45,-0.0332,1224789000.0,0.0,0.0,-0.0321,-2611000.0,37124000.0,BALANCED,-10.8033
2025-11-03,YINN,YINN,0.0,47.84,0.0083,1224789000.0,0.0,0.0,-0.0321,-2611000.0,37124000.0,BALANCED,-10.8033
2025-11-04,YINN,YINN,0.0,46.17,-0.0349,1224789000.0,0.0,0.0,-0.0321,-2611000.0,37124000.0,BALANCED,-10.8033
2025-11-05,YINN,YINN,0.0,47.57,0.0302,1224789000.0,0.0,0.0,-0.0321,0.0,37124000.0,BALANCED,-0.8033
2025-11-06,YINN,YINN,0.0,48.88,0.0276,1224789000.0,0.0,0.0,-0.0321,0.0,37124000.0,BALANCED,-0.8033
2025-11-07,YINN,YINN,0.0,48.11,-0.0158,1224789000.0,0.0,0.0,-0.0321,0.0,-38545000.0,BALANCED,-0.8033
2025-11-10,YINN,YINN,0.0,51.03,0.0607,1224789000.0,0.0,0.0,-0.0321,0.0,-31451000.0,BALANCED,-0.8033
2025-11-11,YINN,YINN,0.0,51.02,-0.0003,1224789000.0,0.0,0.0,-0.0321,0.0,-22088000.0,BALANCED,-0.8033
2025-11-12,YINN,YINN,-15470000.0,51.57,0.0108,1209319000.0,0.0,-15470000.0,-0.9981,-15470000.0,-37558000.0,BALANCED,-36.953
2025-11-13,YINN,YINN,-2528000.0,50.56,-0.0195,1206791000.0,0.0,-2528000.0,-0.1947,-17998000.0,-32751000.0,BALANCED,-18.8682
2025-11-14,YINN,YINN,-16992000.0,48.55,-0.0399,1189799000.0,0.0,-16992000.0,-1.1305,-34990000.0,-49743000.0,BALANCED,-44.2634
2025-11-17,YINN,YINN,0.0,46.9,-0.0339,1189799000.0,0.0,0.0,-0.0047,-34990000.0,-49743000.0,BALANCED,-10.1178
2025-11-18,YINN,YINN,0.0,46.32,-0.0124,1189799000.0,0.0,0.0,-0.0047,-34990000.0,-37601000.0,BALANCED,-10.1178
2025-11-19,YINN,YINN,0.0,44.9,-0.0306,1189799000.0,0.0,0.0,-0.0047,-19520000.0,-37601000.0,BALANCED,-10.1178
2025-11-20,YINN,YINN,0.0,43.07,-0.0409,1189799000.0,0.0,0.0,-0.0047,-16992000.0,-37601000.0,BALANCED,-10.1178
2025-11-21,YINN,YINN,0.0,43.48,0.0096,1189799000.0,0.0,0.0,0.4988,0.0,-37601000.0,BALANCED,12.4707
2025-11-24,YINN,YINN,0.0,45.58,0.0483,1189799000.0,0.0,0.0,0.4564,0.0,-37601000.0,BALANCED,11.4088
2025-11-25,YINN,YINN,-4644000.0,46.44,0.0188,1185155000.0,0.0,-4644000.0,-0.5519,-4644000.0,-42245000.0,BALANCED,-25.7967
2025-11-26,YINN,YINN,0.0,45.6,-0.018,1185155000.0,0.0,0.0,0.439,-4644000.0,-39634000.0,BALANCED,0.974
2025-11-28,YINN,YINN,-4612000.0,46.12,0.0113,1180543000.0,0.0,-4612000.0,-0.5742,-9256000.0,-44246000.0,BALANCED,-26.3553
2025-12-01,YINN,YINN,-11622000.0,46.49,0.0081,1168921000.0,0.0,-11622000.0,-1.8859,-20878000.0,-55868000.0,DISTRIBUTION,-61.1483
2025-12-02,YINN,YINN,0.0,45.95,-0.0116,1168921000.0,0.0,0.0,0.479,-20878000.0,-55868000.0,BALANCED,1.9755
2025-12-03,YINN,YINN,0.0,44.96,-0.0215,1168921000.0,0.0,0.0,0.4267,-16234000.0,-55868000.0,BALANCED,0.6679
2025-12-04,YINN,YINN,0.0,45.29,0.0074,1168921000.0,0.0,0.0,0.4267,-16234000.0,-55868000.0,BALANCED,0.6679
2025-12-05,YINN,YINN,0.0,47.24,0.0429,1168921000.0,0.0,0.0,0.4267,-11622000.0,-55868000.0,BALANCED,0.6679
2025-12-08,YINN,YINN,0.0,45.73,-0.0319,1168921000.0,0.0,0.0,0.4267,0.0,-55868000.0,BALANCED,10.6679
2025-12-09,YINN,YINN,0.0,43.46,-0.0497,1168921000.0,0.0,0.0,0.4267,0.0,-55868000.0,BALANCED,10.6679
2025-12-10,YINN,YINN,0.0,44.35,0.0206,1168921000.0,0.0,0.0,0.4267,0.0,-55868000.0,BALANCED,10.6679
2025-12-11,YINN,YINN,0.0,44.68,0.0074,1168921000.0,0.0,0.0,0.4066,0.0,-40398000.0,BALANCED,10.1653
2025-12-12,YINN,YINN,2214000.0,44.27,-0.0092,1171135000.0,2214000.0,0.0,0.8647,2214000.0,-35656000.0,BALANCED,33.6182
2025-12-15,YINN,YINN,0.0,43.1,-0.0263,1171135000.0,0.0,0.0,0.3864,2214000.0,-18664000.0,BALANCED,19.6599
2025-12-16,YINN,YINN,0.0,41.87,-0.0286,1171135000.0,0.0,0.0,0.3864,2214000.0,-18664000.0,BALANCED,19.6599
2025-12-17,YINN,YINN,0.0,41.49,-0.0091,1171135000.0,0.0,0.0,0.3864,2214000.0,-18664000.0,BALANCED,19.6599
2025-12-18,YINN,YINN,0.0,42.66,0.0283,1171135000.0,0.0,0.0,0.3864,2214000.0,-18664000.0,BALANCED,19.6599
2025-12-19,YINN,YINN,46125000.0,43.93,0.0297,1217260000.0,46125000.0,0.0,4.684,46125000.0,27461000.0,ACCUMULATION,100.0
2025-12-22,YINN,YINN,0.0,44.0,0.0017,1217260000.0,0.0,0.0,0.0253,46125000.0,27461000.0,BALANCED,10.6337
2025-12-23,YINN,YINN,50070000.0,43.54,-0.0081,1267330000.0,50070000.0,0.0,3.6017,96195000.0,77531000.0,ACCUMULATION,100.0
2025-12-24,YINN,YINN,-17433000.0,43.58,0.001,1249897000.0,0.0,-17433000.0,-1.3107,78762000.0,64742000.0,BALANCED,-24.7674
2025-12-26,YINN,YINN,11208000.0,44.83,0.0287,1261105000.0,11208000.0,0.0,0.6915,89970000.0,75950000.0,BALANCED,29.2874
2025-12-29,YINN,YINN,0.0,43.23,-0.0357,1261105000.0,0.0,0.0,-0.1322,43845000.0,80562000.0,BALANCED,6.6945
2025-12-30,YINN,YINN,0.0,43.89,0.0153,1261105000.0,0.0,0.0,-0.1796,43845000.0,92184000.0,BALANCED,5.5092
2025-12-31,YINN,YINN,0.0,42.57,-0.0301,1261105000.0,0.0,0.0,-0.1796,-6225000.0,92184000.0,BALANCED,-14.4908
2026-01-02,YINN,YINN,0.0,47.64,0.119,1261105000.0,0.0,0.0,-0.1796,11208000.0,92184000.0,BALANCED,5.5092
2026-01-05,YINN,YINN,0.0,48.01,0.0079,1261105000.0,0.0,0.0,-0.1796,0.0,92184000.0,BALANCED,-4.4908
2026-01-06,YINN,YINN,2396000.0,47.93,-0.0018,1263501000.0,2396000.0,0.0,-0.0046,2396000.0,94580000.0,BALANCED,11.8852
2026-01-07,YINN,YINN,0.0,45.64,-0.0476,1263501000.0,0.0,0.0,-0.1858,2396000.0,94580000.0,BALANCED,5.3556
2026-01-08,YINN,YINN,0.0,46.05,0.0089,1263501000.0,0.0,0.0,-0.1858,2396000.0,94580000.0,BALANCED,5.3556
2026-01-09,YINN,YINN,0.0,45.82,-0.005,1263501000.0,0.0,0.0,-0.1984,2396000.0,94580000.0,BALANCED,5.0409
2026-01-12,YINN,YINN,0.0,50.31,0.098,1263501000.0,0.0,0.0,-0.1984,2396000.0,94580000.0,BALANCED,5.0409
2026-01-13,YINN,YINN,0.0,48.84,-0.0291,1263501000.0,0.0,0.0,-0.211,0.0,92366000.0,BALANCED,-5.2753
2026-01-14,YINN,YINN,0.0,48.07,-0.0159,1263501000.0,0.0,0.0,-0.2457,0.0,92366000.0,BALANCED,-6.1413
2026-01-15,YINN,YINN,0.0,47.91,-0.0033,1263501000.0,0.0,0.0,-0.2457,0.0,92366000.0,BALANCED,-6.1413
2026-01-16,YINN,YINN,0.0,45.34,-0.0536,1263501000.0,0.0,0.0,-0.2457,0.0,92366000.0,BALANCED,-6.1413
2026-01-20,YINN,YINN,0.0,43.83,-0.0332,1263501000.0,0.0,0.0,-0.2457,0.0,92366000.0,BALANCED,-6.1413
2026-01-21,YINN,YINN,0.0,45.41,0.036,1263501000.0,0.0,0.0,-0.2457,0.0,46241000.0,BALANCED,-6.1413
2026-01-22,YINN,YINN,0.0,45.87,0.0101,1263501000.0,0.0,0.0,-0.2457,0.0,46241000.0,BALANCED,-6.1413
2026-01-23,YINN,YINN,0.0,45.69,-0.0039,1263501000.0,0.0,0.0,-0.2457,0.0,-3829000.0,BALANCED,-6.1413
2026-01-26,YINN,YINN,0.0,45.71,0.0005,1263501000.0,0.0,0.0,-0.2457,0.0,13604000.0,BALANCED,-6.1413
2026-01-27,YINN,YINN,0.0,47.4,0.037,1263501000.0,0.0,0.0,-0.2457,0.0,2396000.0,BALANCED,-6.1413
2026-01-28,YINN,YINN,0.0,49.38,0.0418,1263501000.0,0.0,0.0,-0.2397,0.0,2396000.0,BALANCED,-5.992
2026-01-29,YINN,YINN,0.0,50.39,0.0204,1263501000.0,0.0,0.0,-0.2397,0.0,2396000.0,BALANCED,-5.992
2026-01-30,YINN,YINN,-4602000.0,46.02,-0.0866,1258899000.0,0.0,-4602000.0,-0.583,-4602000.0,-2206000.0,BALANCED,-26.5755
2026-02-02,YINN,YINN,0.0,44.46,-0.034,1258899000.0,0.0,0.0,-0.2266,-4602000.0,-2206000.0,BALANCED,-15.6646
2026-02-03,YINN,YINN,0.0,42.92,-0.0348,1258899000.0,0.0,0.0,-0.2266,-4602000.0,-2206000.0,BALANCED,-15.6646
2026-02-04,YINN,YINN,0.0,41.41,-0.0352,1258899000.0,0.0,0.0,-0.1387,-4602000.0,-4602000.0,BALANCED,-13.4665
2026-02-05,YINN,YINN,0.0,41.17,-0.0058,1258899000.0,0.0,0.0,-0.1387,-4602000.0,-4602000.0,BALANCED,-13.4665
2026-02-06,YINN,YINN,0.0,44.43,0.0792,1258899000.0,0.0,0.0,0.071,0.0,-4602000.0,BALANCED,1.7755
2026-02-09,YINN,YINN,0.0,45.02,0.0134,1258899000.0,0.0,0.0,-0.132,0.0,-4602000.0,BALANCED,-3.3002
2026-02-10,YINN,YINN,0.0,45.45,0.0095,1258899000.0,0.0,0.0,0.0766,0.0,-4602000.0,BALANCED,1.9138
2026-02-11,YINN,YINN,-9046000.0,45.23,-0.0048,1249853000.0,0.0,-9046000.0,-4.5672,-9046000.0,-13648000.0,DISTRIBUTION,-100.0
2026-02-12,YINN,YINN,-2122000.0,42.43,-0.0619,1247731000.0,0.0,-2122000.0,-0.8715,-11168000.0,-15770000.0,BALANCED,-35.7864
2026-02-13,YINN,YINN,4130000.0,41.3,-0.0268,1251861000.0,4130000.0,0.0,2.117,-7038000.0,-11640000.0,ACCUMULATION,44.9238
2026-02-17,YINN,YINN,0.0,41.9,0.0146,1251861000.0,0.0,0.0,0.147,-7038000.0,-11640000.0,BALANCED,-6.3256
2026-02-18,YINN,YINN,0.0,42.54,0.0153,1251861000.0,0.0,0.0,0.147,-7038000.0,-11640000.0,BALANCED,-6.3256
2026-02-19,YINN,YINN,0.0,42.16,-0.0088,1251861000.0,0.0,0.0,0.1907,2008000.0,-11640000.0,BALANCED,14.7674
2026-02-20,YINN,YINN,0.0,42.78,0.0146,1251861000.0,0.0,0.0,0.1907,4130000.0,-11640000.0,BALANCED,14.7674
2026-02-23,YINN,YINN,0.0,42.34,-0.0104,1251861000.0,0.0,0.0,0.1907,0.0,-11640000.0,BALANCED,4.7674
2026-02-24,YINN,YINN,0.0,41.3,-0.0244,1251861000.0,0.0,0.0,0.1907,0.0,-11640000.0,BALANCED,4.7674
2026-02-25,YINN,YINN,0.0,41.45,0.0036,1251861000.0,0.0,0.0,0.1907,0.0,-11640000.0,BALANCED,4.7674
2026-02-26,YINN,YINN,0.0,38.11,-0.0807,1251861000.0,0.0,0.0,0.1907,0.0,-11640000.0,BALANCED,4.7674
2026-02-27,YINN,YINN,0.0,37.73,-0.0098,1251861000.0,0.0,0.0,0.1907,0.0,-11640000.0,BALANCED,4.7674
2026-03-02,YINN,YINN,0.0,36.57,-0.0309,1251861000.0,0.0,0.0,0.1907,0.0,-7038000.0,BALANCED,4.7674
2026-03-03,YINN,YINN,23843000.0,34.06,-0.0686,1275704000.0,23843000.0,0.0,4.8113,23843000.0,16805000.0,ACCUMULATION,100.0
2026-03-04,YINN,YINN,6895000.0,34.48,0.0122,1282599000.0,6895000.0,0.0,1.2487,30738000.0,23700000.0,BALANCED,45.218
2026-03-05,YINN,YINN,17967000.0,32.67,-0.0525,1300566000.0,17967000.0,0.0,2.8245,48705000.0,41667000.0,ACCUMULATION,86.6125
2026-03-06,YINN,YINN,6660000.0,33.3,0.0194,1307226000.0,6660000.0,0.0,0.8671,55365000.0,48327000.0,BALANCED,39.6767
2026-03-09,YINN,YINN,0.0,35.13,0.055,1307226000.0,0.0,0.0,-0.2429,55365000.0,48327000.0,BALANCED,3.9272
2026-03-10,YINN,YINN,0.0,35.44,0.0087,1307226000.0,0.0,0.0,-0.2429,31522000.0,48327000.0,BALANCED,3.9272
2026-03-11,YINN,YINN,3488000.0,34.88,-0.0159,1310714000.0,3488000.0,0.0,0.3188,28115000.0,51815000.0,BALANCED,19.9698
2026-03-12,YINN,YINN,0.0,34.17,-0.0201,1310714000.0,0.0,0.0,-0.2621,10148000.0,60861000.0,BALANCED,3.4478
2026-03-13,YINN,YINN,0.0,34.37,0.0057,1310714000.0,0.0,0.0,-0.2621,3488000.0,62983000.0,BALANCED,3.4478
2026-03-16,YINN,YINN,0.0,36.18,0.0526,1310714000.0,0.0,0.0,-0.2928,3488000.0,58853000.0,BALANCED,2.6807
2026-03-17,YINN,YINN,0.0,36.2,0.0005,1310714000.0,0.0,0.0,-0.2928,3488000.0,58853000.0,BALANCED,2.6807
2026-03-18,YINN,YINN,0.0,34.16,-0.0564,1310714000.0,0.0,0.0,-0.2928,0.0,58853000.0,BALANCED,-7.3193
2026-03-19,YINN,YINN,-3412000.0,34.12,-0.0011,1307302000.0,0.0,-3412000.0,-0.8423,-3412000.0,55441000.0,BALANCED,-33.0576
2026-03-20,YINN,YINN,0.0,31.17,-0.0863,1307302000.0,0.0,0.0,-0.2704,-3412000.0,55441000.0,BALANCED,-16.7606
2026-03-23,YINN,YINN,0.0,31.75,0.0184,1307302000.0,0.0,0.0,-0.2704,-3412000.0,55441000.0,BALANCED,-16.7606
2026-03-24,YINN,YINN,0.0,31.57,-0.0037,1307302000.0,0.0,0.0,-0.2704,-3412000.0,55441000.0,BALANCED,-16.7606
2026-03-25,YINN,YINN,0.0,33.33,0.0557,1307302000.0,0.0,0.0,-0.2704,-3412000.0,55441000.0,BALANCED,-16.7606
2026-03-26,YINN,YINN,0.0,30.34,-0.0895,1307302000.0,0.0,0.0,-0.3403,0.0,55441000.0,BALANCED,-8.5064
2026-03-27,YINN,YINN,0.0,30.11,-0.0078,1307302000.0,0.0,0.0,-0.3553,0.0,55441000.0,BALANCED,-8.8827
2026-03-30,YINN,YINN,0.0,30.49,0.0126,1307302000.0,0.0,0.0,-0.3309,0.0,55441000.0,BALANCED,-8.2724
2026-03-31,YINN,YINN,0.0,32.83,0.0768,1307302000.0,0.0,0.0,-0.3309,0.0,31598000.0,BALANCED,-8.2724
2026-04-01,YINN,YINN,0.0,31.89,-0.0287,1307302000.0,0.0,0.0,-0.3309,0.0,24703000.0,BALANCED,-8.2724
2026-04-02,YINN,YINN,0.0,31.85,-0.0012,1307302000.0,0.0,0.0,-0.3309,0.0,6736000.0,BALANCED,-8.2724
2026-04-06,YINN,YINN,0.0,31.81,-0.0011,1307302000.0,0.0,0.0,-0.3309,0.0,76000.0,BALANCED,-8.2724
2026-04-07,YINN,YINN,0.0,31.61,-0.0062,1307302000.0,0.0,0.0,-0.3309,0.0,76000.0,BALANCED,-8.2724
2026-04-08,YINN,YINN,-3393000.0,33.93,0.0733,1303909000.0,0.0,-3393000.0,-0.9064,-3393000.0,-3317000.0,BALANCED,-34.6598
2026-04-09,YINN,YINN,0.0,33.75,-0.0053,1303909000.0,0.0,0.0,-0.3067,-3393000.0,-6805000.0,BALANCED,-17.6665
2026-04-10,YINN,YINN,0.0,33.61,-0.0042,1303909000.0,0.0,0.0,-0.3067,-3393000.0,-6805000.0,BALANCED,-17.6665
2026-04-13,YINN,YINN,0.0,34.18,0.0171,1303909000.0,0.0,0.0,-0.3067,-3393000.0,-6805000.0,BALANCED,-17.6665
2026-04-14,YINN,YINN,0.0,35.38,0.0351,1303909000.0,0.0,0.0,-0.3067,-3393000.0,-6805000.0,BALANCED,-17.6665
2026-04-15,YINN,YINN,0.0,35.34,-0.0011,1303909000.0,0.0,0.0,-0.246,0.0,-6805000.0,BALANCED,-6.1505
2026-04-16,YINN,YINN,0.0,36.34,0.0282,1303909000.0,0.0,0.0,-0.1944,0.0,-6805000.0,BALANCED,-4.859
2026-04-17,YINN,YINN,-3739000.0,37.39,0.0289,1300170000.0,0.0,-3739000.0,-2.0733,-3739000.0,-7132000.0,DISTRIBUTION,-63.8326
2026-04-20,YINN,YINN,0.0,37.56,0.0045,1300170000.0,0.0,0.0,0.1835,-3739000.0,-7132000.0,BALANCED,-5.4124
2026-04-21,YINN,YINN,0.0,35.9,-0.0441,1300170000.0,0.0,0.0,0.1835,-3739000.0,-7132000.0,BALANCED,-5.4124
2026-04-22,YINN,YINN,0.0,35.48,-0.0116,1300170000.0,0.0,0.0,0.1835,-3739000.0,-7132000.0,BALANCED,-5.4124
2026-04-23,YINN,YINN,0.0,34.09,-0.0392,1300170000.0,0.0,0.0,0.3274,-3739000.0,-7132000.0,BALANCED,-1.816
2026-04-24,YINN,YINN,0.0,35.1,0.0295,1300170000.0,0.0,0.0,0.3274,0.0,-7132000.0,BALANCED,8.184
2026-04-27,YINN,YINN,0.0,33.91,-0.0337,1300170000.0,0.0,0.0,0.3274,0.0,-7132000.0,BALANCED,8.184
2026-04-28,YINN,YINN,0.0,33.35,-0.0168,1300170000.0,0.0,0.0,0.3274,0.0,-7132000.0,BALANCED,8.184
2026-04-29,YINN,YINN,0.0,33.58,0.0071,1300170000.0,0.0,0.0,0.3274,0.0,-7132000.0,BALANCED,8.184
2026-04-30,YINN,YINN,0.0,34.82,0.0369,1300170000.0,0.0,0.0,0.3274,0.0,-7132000.0,BALANCED,8.184
2026-05-01,YINN,YINN,0.0,34.85,0.0007,1300170000.0,0.0,0.0,0.2624,0.0,-7132000.0,BALANCED,6.561
2026-05-04,YINN,YINN,0.0,34.1,-0.0215,1300170000.0,0.0,0.0,0.2624,0.0,-7132000.0,BALANCED,6.561
2026-05-05,YINN,YINN,-6784000.0,33.92,-0.0052,1293386000.0,0.0,-6784000.0,-4.2196,-6784000.0,-13916000.0,DISTRIBUTION,-100.0
2026-05-06,YINN,YINN,-1835000.0,36.7,0.0819,1291551000.0,0.0,-1835000.0,-0.8643,-8619000.0,-12358000.0,BALANCED,-35.6083
2026-05-07,YINN,YINN,0.0,35.81,-0.0243,1291551000.0,0.0,0.0,0.3464,-8619000.0,-12358000.0,BALANCED,-1.3394
2026-05-08,YINN,YINN,0.0,35.92,0.0032,1291551000.0,0.0,0.0,0.3464,-8619000.0,-12358000.0,BALANCED,-1.3394
2026-05-11,YINN,YINN,0.0,36.57,0.0182,1291551000.0,0.0,0.0,0.3464,-8619000.0,-12358000.0,BALANCED,-1.3394
2026-05-12,YINN,YINN,0.0,36.15,-0.0115,1291551000.0,0.0,0.0,0.3464,-1835000.0,-12358000.0,BALANCED,-1.3394
2026-05-13,YINN,YINN,0.0,38.85,0.0744,1291551000.0,0.0,0.0,0.3464,0.0,-12358000.0,BALANCED,8.6606
2026-05-14,YINN,YINN,1635000.0,32.7,-0.1582,1293186000.0,1635000.0,0.0,1.3465,1635000.0,-10723000.0,BALANCED,45.6617
2026-05-15,YINN,YINN,0.0,32.7,0.0,1293186000.0,0.0,0.0,0.3009,1635000.0,-6984000.0,BALANCED,17.5225
2026-05-18,YINN,YINN,0.0,32.58,-0.0036,1293186000.0,0.0,0.0,0.3009,1635000.0,-6984000.0,BALANCED,17.5225
2026-05-19,YINN,YINN,0.0,32.9,0.0097,1293186000.0,0.0,0.0,0.3009,1635000.0,-6984000.0,BALANCED,17.5225
2026-05-20,YINN,YINN,44252000.0,32.78,-0.0036,1337438000.0,44252000.0,0.0,5.2113,45887000.0,37268000.0,ACCUMULATION,100.0
2026-05-21,YINN,YINN,0.0,31.82,-0.0292,1337438000.0,0.0,0.0,-0.135,44252000.0,37268000.0,BALANCED,6.6243
2026-05-22,YINN,YINN,0.0,30.8,-0.0321,1337438000.0,0.0,0.0,-0.135,44252000.0,37268000.0,BALANCED,6.6243
2026-05-25,YINN,YINN,0.0,30.8,-0.0,1337438000.0,0.0,0.0,-0.135,44252000.0,37268000.0,BALANCED,6.6243
2026-05-26,YINN,YINN,0.0,31.39,0.0191,1337438000.0,0.0,0.0,-0.135,44252000.0,37268000.0,BALANCED,6.6243
2026-05-27,YINN,YINN,0.0,30.25,-0.0364,1337438000.0,0.0,0.0,-0.135,0.0,37268000.0,BALANCED,-3.3757
2026-05-28,YINN,YINN,0.0,29.39,-0.0283,1337438000.0,0.0,0.0,-0.135,0.0,37268000.0,BALANCED,-3.3757
2026-05-29,YINN,YINN,0.0,29.52,0.0043,1337438000.0,0.0,0.0,-0.151,0.0,37268000.0,BALANCED,-3.7738
2026-06-01,YINN,YINN,3024000.0,30.24,0.0245,1340462000.0,3024000.0,0.0,0.2042,3024000.0,40292000.0,BALANCED,17.1047
2026-06-02,YINN,YINN,0.0,32.85,0.0863,1340462000.0,0.0,0.0,-0.1631,3024000.0,47076000.0,BALANCED,5.9213
2026-06-03,YINN,YINN,1531000.0,30.62,-0.068,1341993000.0,1531000.0,0.0,0.0166,4555000.0,50442000.0,BALANCED,12.4159
2026-06-04,YINN,YINN,0.0,30.43,-0.0062,1341993000.0,0.0,0.0,-0.1694,4555000.0,50442000.0,BALANCED,5.7644
2026-06-05,YINN,YINN,0.0,28.55,-0.0618,1341993000.0,0.0,0.0,-0.1694,4555000.0,50442000.0,BALANCED,5.7644
2026-06-08,YINN,YINN,0.0,28.37,-0.0064,1341993000.0,0.0,0.0,-0.1694,1531000.0,50442000.0,BALANCED,5.7644
2026-06-09,YINN,YINN,0.0,28.38,0.0006,1341993000.0,0.0,0.0,-0.1694,1531000.0,50442000.0,BALANCED,5.7644
2026-06-10,YINN,YINN,0.0,28.52,0.0049,1341993000.0,0.0,0.0,-0.1694,0.0,50442000.0,BALANCED,-4.2356
2026-06-11,YINN,YINN,0.0,28.91,0.0135,1341993000.0,0.0,0.0,-0.1694,0.0,48807000.0,BALANCED,-4.2356
2026-06-12,YINN,YINN,0.0,29.83,0.0318,1341993000.0,0.0,0.0,-0.1694,0.0,48807000.0,BALANCED,-4.2356
2026-06-15,YINN,YINN,0.0,30.03,0.0068,1341993000.0,0.0,0.0,-0.1694,0.0,48807000.0,BALANCED,-4.2356
2026-06-16,YINN,YINN,0.0,28.61,-0.0473,1341993000.0,0.0,0.0,-0.2003,0.0,48807000.0,BALANCED,-5.0082
2026-06-17,YINN,YINN,0.0,26.34,-0.0793,1341993000.0,0.0,0.0,-0.2084,0.0,4555000.0,BALANCED,-5.2102
2026-06-18,YINN,YINN,0.0,25.49,-0.0324,1341993000.0,0.0,0.0,-0.2084,0.0,4555000.0,BALANCED,-5.2102
2026-06-19,YINN,YINN,0.0,25.49,-0.0,1341993000.0,0.0,0.0,-0.2084,0.0,4555000.0,BALANCED,-5.2102
2026-06-22,YINN,YINN,0.0,25.78,0.0114,1341993000.0,0.0,0.0,-0.2084,0.0,4555000.0,BALANCED,-5.2102
2026-06-23,YINN,YINN,0.0,24.17,-0.0541,1341993000.0,0.0,0.0,-0.2084,0.0,4555000.0,BALANCED,-5.2102
2026-06-24,YINN,YINN,0.0,23.13,-0.0433,1341993000.0,0.0,0.0,-0.2084,0.0,4555000.0,BALANCED,-5.2102
2026-06-25,YINN,YINN,0.0,21.66,-0.0633,1341993000.0,0.0,0.0,-0.2015,0.0,4555000.0,BALANCED,-5.0377
2026-06-26,YINN,YINN,0.0,21.46,-0.0094,1341993000.0,0.0,0.0,-0.2015,0.0,4555000.0,BALANCED,-5.0377
2026-06-29,YINN,YINN,1085000.0,21.7,0.0111,1343078000.0,1085000.0,0.0,-0.0716,1085000.0,2616000.0,BALANCED,10.2089
2026-06-30,YINN,YINN,4288000.0,21.44,-0.0117,1347366000.0,4288000.0,0.0,0.3073,5373000.0,6904000.0,BALANCED,21.6832
2026-07-01,YINN,YINN,1110000.0,22.21,0.0358,1348476000.0,1110000.0,0.0,0.7522,6483000.0,6483000.0,BALANCED,34.8051
2026-07-02,YINN,YINN,0.0,22.06,-0.0069,1348476000.0,0.0,0.0,-0.373,6483000.0,6483000.0,BALANCED,0.676
2026-07-03,YINN,YINN,0.0,22.06,-0.0,1348476000.0,0.0,0.0,-0.373,6483000.0,6483000.0,BALANCED,0.676
2026-07-06,YINN,YINN,0.0,23.25,0.0542,1348476000.0,0.0,0.0,-0.373,5398000.0,6483000.0,BALANCED,0.676
2026-07-07,YINN,YINN,0.0,23.25,-0.0003,1348476000.0,0.0,0.0,-0.373,1110000.0,6483000.0,BALANCED,0.676
2026-07-08,YINN,YINN,0.0,25.28,0.0874,1348476000.0,0.0,0.0,-0.373,0.0,6483000.0,BALANCED,-9.324
2026-07-09,YINN,YINN,0.0,25.2,-0.003,1348476000.0,0.0,0.0,-0.373,0.0,6483000.0,BALANCED,-9.324
2026-07-10,YINN,YINN,0.0,25.34,0.0054,1348476000.0,0.0,0.0,-0.373,0.0,6483000.0,BALANCED,-9.324
2026-07-13,YINN,YINN,6310000.0,25.24,-0.0039,1354786000.0,6310000.0,0.0,4.1928,6310000.0,12793000.0,ACCUMULATION,100.0
2026-07-14,YINN,YINN,0.0,25.98,0.0293,1354786000.0,0.0,0.0,-0.3432,6310000.0,12793000.0,BALANCED,1.4191
2026-07-15,YINN,YINN,0.0,27.15,0.045,1354786000.0,0.0,0.0,-0.3092,6310000.0,12793000.0,BALANCED,2.2698
2026-07-16,YINN,YINN,4160000.0,27.73,0.0216,1358946000.0,4160000.0,0.0,2.3418,10470000.0,16953000.0,ACCUMULATION,70.5457
2026-07-17,YINN,YINN,1337000.0,26.75,-0.0356,1360283000.0,1337000.0,0.0,0.4731,11807000.0,18290000.0,BALANCED,25.8264
2026-07-20,YINN,YINN,1444000.0,28.88,0.0797,1361727000.0,1444000.0,0.0,0.5104,6941000.0,19734000.0,BALANCED,28.7599
2026-07-21,YINN,YINN,0.0,27.85,-0.0354,1361727000.0,0.0,0.0,-0.427,6941000.0,19734000.0,BALANCED,-0.676
2026-07-22,YINN,YINN,0.0,27.36,-0.0176,1361727000.0,0.0,0.0,-0.427,6941000.0,19734000.0,BALANCED,-0.676
2026-07-23,YINN,YINN,-10971000.0,27.43,0.0023,1350756000.0,0.0,-10971000.0,-4.2932,-8190000.0,8763000.0,DISTRIBUTION,-100.0
2026-07-24,YINN,YINN,0.0,27.69,0.0096,1350756000.0,0.0,0.0,-0.1113,-9527000.0,8763000.0,BALANCED,-12.7835
2026-07-27,YINN,YINN,0.0,29.36,0.0604,1350756000.0,0.0,0.0,-0.1113,-10971000.0,7678000.0,BALANCED,-12.7835
2026-07-28,YINN,YINN,-1514000.0,30.28,0.0312,1349242000.0,0.0,-1514000.0,-0.6641,-12485000.0,1876000.0,BALANCED,-28.6017
2026-07-29,YINN,YINN,0.0,31.47,0.0393,1349242000.0,0.0,0.0,-0.0914,-12485000.0,766000.0,BALANCED,-12.2849
2026-07-30,YINN,YINN,0.0,32.5,0.0329,1349242000.0,0.0,0.0,-0.0914,-1514000.0,766000.0,BALANCED,-12.2849
2026-07-31,YINN,YINN,-12975000.0,32.44,-0.0019,1336267000.0,0.0,-12975000.0,-3.5709,-14489000.0,-12209000.0,DISTRIBUTION,-100.0
2026-08-03,YINN,YINN,0.0,32.3,-0.0042,1336267000.0,0.0,0.0,0.0533,-14489000.0,-12209000.0,BALANCED,-8.6672
2026-08-04,YINN,YINN,-1595000.0,31.9,-0.0126,1334672000.0,0.0,-1595000.0,-0.3764,-14570000.0,-13804000.0,BALANCED,-21.4104
2026-08-05,YINN,YINN,0.0,31.28,-0.0193,1334672000.0,0.0,0.0,0.068,-14570000.0,-13804000.0,BALANCED,-8.3001
2026-08-06,YINN,YINN,0.0,30.93,-0.0111,1334672000.0,0.0,0.0,0.068,-14570000.0,-13804000.0,BALANCED,-8.3001
2026-08-07,YINN,YINN,0.0,31.47,0.0175,1334672000.0,0.0,0.0,0.068,-1595000.0,-13804000.0,BALANCED,-8.3001
2026-08-10,YINN,YINN,0.0,32.3,0.0262,1334672000.0,0.0,0.0,0.0783,-1595000.0,-20114000.0,BALANCED,-8.0436
2026-08-11,YINN,YINN,0.0,30.09,-0.0685,1334672000.0,0.0,0.0,0.1217,0.0,-20114000.0,BALANCED,3.0432
2026-08-12,YINN,YINN,0.0,28.99,-0.0365,1334672000.0,0.0,0.0,0.1328,0.0,-20114000.0,BALANCED,3.3198
2026-08-13,YINN,YINN,0.0,28.07,-0.0318,1334672000.0,0.0,0.0,0.1328,0.0,-24274000.0,BALANCED,3.3198
2026-08-14,YINN,YINN,0.0,28.11,0.0017,1334672000.0,0.0,0.0,0.1328,0.0,-25611000.0,BALANCED,3.3198
2026-08-17,YINN,YINN,0.0,28.61,0.0178,1334672000.0,0.0,0.0,0.1328,0.0,-27055000.0,BALANCED,3.3198
2026-08-18,YINN,YINN,-9978000.0,28.51,-0.0037,1324694000.0,0.0,-9978000.0,-2.3709,-9978000.0,-37033000.0,DISTRIBUTION,-71.2735
2026-08-19,YINN,YINN,-1501000.0,30.01,0.0528,1323193000.0,0.0,-1501000.0,-0.1699,-11479000.0,-38534000.0,BALANCED,-18.2486
2026-08-20,YINN,YINN,-1499000.0,29.98,-0.0011,1321694000.0,0.0,-1499000.0,-0.1566,-12978000.0,-29062000.0,BALANCED,-19.9148
2026-08-21,YINN,YINN,0.0,30.43,0.0151,1321694000.0,0.0,0.0,0.2306,-12978000.0,-29062000.0,BALANCED,-4.2354
2026-08-24,YINN,YINN,1482000.0,29.63,-0.0262,1323176000.0,1482000.0,0.0,0.6935,-11496000.0,-27580000.0,BALANCED,9.3379
2026-08-25,YINN,YINN,-14825000.0,29.65,0.0006,1308351000.0,0.0,-14825000.0,-2.9977,-16343000.0,-40891000.0,DISTRIBUTION,-86.9427
2026-08-26,YINN,YINN,0.0,29.62,-0.0011,1308351000.0,0.0,0.0,0.3495,-14842000.0,-40891000.0,BALANCED,-1.2633
2026-08-27,YINN,YINN,-1442000.0,28.83,-0.0265,1306909000.0,0.0,-1442000.0,0.0681,-14785000.0,-42333000.0,BALANCED,-10.2976
2026-08-28,YINN,YINN,0.0,29.47,0.0221,1306909000.0,0.0,0.0,0.4166,-14785000.0,-29358000.0,BALANCED,0.4161
2026-08-31,YINN,YINN,4367000.0,29.11,-0.0121,1311276000.0,4367000.0,0.0,1.3815,-11900000.0,-24991000.0,BALANCED,26.5386
2026-09-01,YINN,YINN,0.0,29.03,-0.0028,1311276000.0,0.0,0.0,0.3841,2925000.0,-23396000.0,BALANCED,19.6027
2026-09-02,YINN,YINN,-1476000.0,29.51,0.0167,1309800000.0,0.0,-1476000.0,0.0584,1449000.0,-24872000.0,BALANCED,9.4593
2026-09-03,YINN,YINN,-1450000.0,29.01,-0.0172,1308350000.0,0.0,-1450000.0,-0.0091,1441000.0,-26322000.0,BALANCED,5.7723
2026-09-04,YINN,YINN,3030000.0,30.3,0.0447,1311380000.0,3030000.0,0.0,1.065,4471000.0,-23292000.0,BALANCED,38.625
2026-09-07,YINN,YINN,-3030000.0,30.3,0.0,1308350000.0,0.0,-3030000.0,-0.3961,-2926000.0,-26322000.0,BALANCED,-21.9014
2026-09-08,YINN,YINN,7016000.0,28.06,-0.0739,1315366000.0,7016000.0,0.0,1.8675,4090000.0,-19306000.0,ACCUMULATION,58.6864
2026-09-09,YINN,YINN,0.0,26.97,-0.0389,1315366000.0,0.0,0.0,0.2589,5566000.0,-19306000.0,BALANCED,16.4723
2026-09-10,YINN,YINN,-1325000.0,26.5,-0.0177,1314041000.0,0.0,-1325000.0,-0.0348,5691000.0,-20631000.0,BALANCED,7.1299
2026-09-11,YINN,YINN,0.0,26.8,0.0114,1314041000.0,0.0,0.0,0.1978,2661000.0,-20631000.0,BALANCED,14.9447
2026-09-14,YINN,YINN,-1380000.0,27.61,0.0302,1312661000.0,0.0,-1380000.0,-0.1584,4311000.0,-22011000.0,BALANCED,4.0403
2026-09-15,YINN,YINN,-1328000.0,26.55,-0.0382,1311333000.0,0.0,-1328000.0,-0.1469,-4033000.0,-13361000.0,BALANCED,-17.6736
2026-09-16,YINN,YINN,0.0,25.43,-0.0422,1311333000.0,0.0,0.0,0.2078,-4033000.0,-11860000.0,BALANCED,-4.804
2026-09-17,YINN,YINN,-1302000.0,26.03,0.0236,1310031000.0,0.0,-1302000.0,-0.1285,-4010000.0,-11663000.0,BALANCED,-15.2116
2026-09-18,YINN,YINN,0.0,26.31,0.0105,1310031000.0,0.0,0.0,0.2195,-4010000.0,-11663000.0,BALANCED,-4.5116
2026-09-21,YINN,YINN,0.0,27.65,0.0513,1310031000.0,0.0,0.0,0.2195,-2630000.0,-13145000.0,BALANCED,-4.5116
2026-09-22,YINN,YINN,-1365000.0,27.3,0.0074,1308666000.0,0.0,-1365000.0,-0.1332,-2667000.0,315000.0,BALANCED,-15.3304
2026-09-23,YINN,YINN,10319000.0,25.8,-0.0552,1318985000.0,10319000.0,0.0,2.545,7652000.0,10634000.0,ACCUMULATION,75.624
