ETF_Ticker,ticker,name,weight,Holdings_As_Of,Date_Scraped
FPX,GEV,GE Vernova Inc.,0.1071,2026-05-22,2026-05-25
FPX,SNDK,Sandisk Corporation,0.0935,2026-05-22,2026-05-25
FPX,STX,Seagate Technology Holdings Plc,0.0619,2026-05-22,2026-05-25
FPX,ASTS,"AST SpaceMobile, Inc.",0.0411,2026-05-22,2026-05-25
FPX,MDLN,Medline Inc. (Class A),0.037,2026-05-22,2026-05-25
FPX,LITE,Lumentum Holdings Inc.,0.03,2026-05-22,2026-05-25
FPX,APP,Applovin Corp. (Class A),0.0299,2026-05-22,2026-05-25
FPX,CEG,Constellation Energy Corporation,0.027,2026-05-22,2026-05-25
FPX,FDX,FedEx Corporation,0.0265,2026-05-22,2026-05-25
FPX,WBD,"Warner Bros. Discovery, Inc.",0.0255,2026-05-22,2026-05-25
FPX,PLTR,Palantir Technologies Inc. (Class A),0.0249,2026-05-22,2026-05-25
FPX,ETR,Entergy Corporation,0.0178,2026-05-22,2026-05-25
FPX,DTM,"DT Midstream, Inc.",0.0176,2026-05-22,2026-05-25
FPX,ULS,UL Solutions Inc. (Class A),0.0159,2026-05-22,2026-05-25
FPX,VTR,"Ventas, Inc.",0.0159,2026-05-22,2026-05-25
FPX,SOLS,Solstice Advanced Materials Inc.,0.0148,2026-05-22,2026-05-25
FPX,DASH,"DoorDash, Inc. (Class A)",0.0141,2026-05-22,2026-05-25
FPX,NXT,Nextpower Inc. (Class A),0.0135,2026-05-22,2026-05-25
FPX,IOT,Samsara Inc. (Class A),0.0125,2026-05-22,2026-05-25
FPX,THC,Tenet Healthcare Corporation,0.0125,2026-05-22,2026-05-25
FPX,RPRX,Royalty Pharma Plc (Class A),0.012,2026-05-22,2026-05-25
FPX,BTSG,"BrightSpring Health Services, Inc.",0.0108,2026-05-22,2026-05-25
FPX,AMRZ,Amrize Ltd,0.0098999999999999,2026-05-22,2026-05-25
FPX,AHR,"American Healthcare REIT, Inc.",0.0097,2026-05-22,2026-05-25
FPX,COCO,"The Vita Coco Company, Inc.",0.0096,2026-05-22,2026-05-25
FPX,CRWV,"CoreWeave, Inc. (Class A)",0.009,2026-05-22,2026-05-25
FPX,CTRE,"CareTrust REIT, Inc.",0.0087,2026-05-22,2026-05-25
FPX,REGN,"Regeneron Pharmaceuticals, Inc.",0.0086,2026-05-22,2026-05-25
FPX,COR,"Cencora, Inc.",0.0085,2026-05-22,2026-05-25
FPX,GEHC,GE HealthCare Technologies Inc.,0.0084,2026-05-22,2026-05-25
FPX,LGN,Legence Corp. (Class A),0.0084,2026-05-22,2026-05-25
FPX,MKSI,"MKS, Inc.",0.0081999999999999,2026-05-22,2026-05-25
FPX,KRMN,Karman Holdings Inc.,0.0081,2026-05-22,2026-05-25
FPX,DINO,HF Sinclair Corp.,0.008,2026-05-22,2026-05-25
FPX,CRDO,Credo Technology Group Holding Ltd,0.0077,2026-05-22,2026-05-25
FPX,RDDT,"Reddit, Inc. (Class A)",0.0077,2026-05-22,2026-05-25
FPX,NRG,"NRG Energy, Inc.",0.0075,2026-05-22,2026-05-25
FPX,HG,"Hamilton Insurance Group, Ltd. (Class B)",0.0069999999999999,2026-05-22,2026-05-25
FPX,CGON,"CG Oncology, Inc.",0.0069,2026-05-22,2026-05-25
FPX,VSAT,"ViaSat, Inc.",0.0067,2026-05-22,2026-05-25
FPX,CR,Crane Company,0.0066,2026-05-22,2026-05-25
FPX,BBIO,"BridgeBio Pharma, Inc.",0.0064,2026-05-22,2026-05-25
FPX,INGM,Ingram Micro Holding Corporation,0.006,2026-05-22,2026-05-25
FPX,ACT,"Enact Holdings, Inc.",0.0058,2026-05-22,2026-05-25
FPX,NIC,"Nicolet Bankshares, Inc.",0.0058,2026-05-22,2026-05-25
FPX,DOCN,"DigitalOcean Holdings, Inc.",0.0056,2026-05-22,2026-05-25
FPX,JAZZ,Jazz Pharmaceuticals Plc,0.0056,2026-05-22,2026-05-25
FPX,RIVN,"Rivian Automotive, Inc. (Class A)",0.0056,2026-05-22,2026-05-25
FPX,CTRI,"Centuri Holdings, Inc.",0.0054,2026-05-22,2026-05-25
FPX,KVUE,Kenvue Inc.,0.0053,2026-05-22,2026-05-25
FPX,NATL,NCR Atleos Corporation,0.0052,2026-05-22,2026-05-25
FPX,SBRA,"Sabra Health Care REIT, Inc.",0.005,2026-05-22,2026-05-25
FPX,CNX,CNX Resources Corporation,0.0048,2026-05-22,2026-05-25
FPX,JXN,Jackson Financial Inc. (Class A),0.0048,2026-05-22,2026-05-25
FPX,PL,Planet Labs PBC (Class A),0.0048,2026-05-22,2026-05-25
FPX,EXEL,"Exelixis, Inc.",0.0045,2026-05-22,2026-05-25
FPX,LGND,Ligand Pharmaceuticals Inc. (Class B),0.0044,2026-05-22,2026-05-25
FPX,Q,"Qnity Electronics, Inc.",0.0042,2026-05-22,2026-05-25
FPX,SJM,The J.M. Smucker Company,0.0042,2026-05-22,2026-05-25
FPX,LLYVK,"Liberty Live Holdings, Inc. (Class C)",0.004,2026-05-22,2026-05-25
FPX,SFD,"Smithfield Foods, Inc.",0.0039,2026-05-22,2026-05-25
FPX,CPAY,"Corpay, Inc.",0.0038,2026-05-22,2026-05-25
FPX,MTZ,"MasTec, Inc.",0.0038,2026-05-22,2026-05-25
FPX,GMED,"Globus Medical, Inc. (Class A)",0.0036,2026-05-22,2026-05-25
FPX,CRCL,"Circle Internet Group, Inc. (Class A)",0.0034999999999999,2026-05-22,2026-05-25
FPX,ECG,"Everus Construction Group, Inc.",0.0034,2026-05-22,2026-05-25
FPX,ROIV,Roivant Sciences Ltd.,0.0034,2026-05-22,2026-05-25
FPX,NUVL,"Nuvalent, Inc. (Class A)",0.0033,2026-05-22,2026-05-25
FPX,CVI,"CVR Energy, Inc.",0.0031,2026-05-22,2026-05-25
FPX,DD,DuPont de Nemours Inc.,0.0031,2026-05-22,2026-05-25
FPX,TNL,Travel + Leisure Co.,0.0028,2026-05-22,2026-05-25
FPX,U,Unity Software Inc.,0.0028,2026-05-22,2026-05-25
FPX,BWA,BorgWarner Inc.,0.0026,2026-05-22,2026-05-25
FPX,GRDN,"Guardian Pharmacy Services, Inc. (Class A)",0.0025,2026-05-22,2026-05-25
FPX,DAVE,Dave Inc. (Class A),0.0024,2026-05-22,2026-05-25
FPX,KGS,"Kodiak Gas Services, Inc.",0.0024,2026-05-22,2026-05-25
FPX,RSI,"Rush Street Interactive, Inc.",0.0024,2026-05-22,2026-05-25
FPX,APGE,"Apogee Therapeutics, Inc.",0.0021,2026-05-22,2026-05-25
FPX,CRC,California Resources Corporation,0.0021,2026-05-22,2026-05-25
FPX,EE,"Excelerate Energy, Inc. (Class A)",0.0021,2026-05-22,2026-05-25
FPX,KNF,Knife River Corporation,0.0021,2026-05-22,2026-05-25
FPX,ATMU,Atmus Filtration Technologies Inc.,0.002,2026-05-22,2026-05-25
FPX,CART,Maplebear Inc. (Instacart),0.0019,2026-05-22,2026-05-25
FPX,ALHC,"Alignment Healthcare, Inc.",0.0017,2026-05-22,2026-05-25
FPX,SPHR,Sphere Entertainment Co.,0.0017,2026-05-22,2026-05-25
FPX,CURB,Curbline Properties Corp.,0.0016,2026-05-22,2026-05-25
FPX,IONS,"Ionis Pharmaceuticals, Inc.",0.0016,2026-05-22,2026-05-25
FPX,MANE,"VeraDermics, Inc.",0.0014,2026-05-22,2026-05-25
FPX,VLTO,Veralto Corporation,0.0014,2026-05-22,2026-05-25
FPX,FIGR,"Figure Technology Solutions, Inc. (Class A)",0.0012,2026-05-22,2026-05-25
FPX,NN,NextNav Inc.,0.0011,2026-05-22,2026-05-25
FPX,SUPN,"Supernus Pharmaceuticals, Inc.",0.0011,2026-05-22,2026-05-25
FPX,WBI,WaterBridge Infrastructure LLC (Class A),0.0011,2026-05-22,2026-05-25
FPX,ALMS,Alumis Inc.,0.001,2026-05-22,2026-05-25
FPX,FLOC,Flowco Holdings Inc. (Class A),0.0009,2026-05-22,2026-05-25
FPX,$USD,US Dollar,0.0009,2026-05-22,2026-05-25
FPX,AMPX,"Amprius Technologies, Inc.",0.0008,2026-05-22,2026-05-25
FPX,LMND,"Lemonade, Inc.",0.0008,2026-05-22,2026-05-25
FPX,MMED,"Minimed Group, Inc.",0.0008,2026-05-22,2026-05-25
FPX,AMTM,"Amentum Holdings, Inc.",0.0007,2026-05-22,2026-05-25
FPX,MAZE,"Maze Therapeutics, Inc.",0.0005,2026-05-22,2026-05-25
FPX,$CAD,Canadian Dollar,0.0,2026-05-22,2026-05-25
FPXI,6857.JP,Advantest Corporation,0.0947,2026-05-22,2026-05-25
FPXI,3750.HK,"Contemporary Amperex Technology Co., Ltd. (Class H)",0.0875,2026-05-22,2026-05-25
FPXI,285A.JP,Kioxia Holdings Corporation,0.0687,2026-05-22,2026-05-25
FPXI,ENR.GR,Siemens Energy AG,0.0613999999999999,2026-05-22,2026-05-25
FPXI,ARM,Arm Holdings Plc,0.057,2026-05-22,2026-05-25
FPXI,AEM,Agnico Eagle Mines Limited,0.0308999999999999,2026-05-22,2026-05-25
FPXI,SDZ.SW,Sandoz Group AG,0.0285,2026-05-22,2026-05-25
FPXI,6990.HK,"Sichuan Kelun-Biotech Biopharmaceutical Co., Ltd. (Class H)",0.0272,2026-05-22,2026-05-25
FPXI,CXSE3.BZ,Caixa Seguridade Participacoes SA,0.0265,2026-05-22,2026-05-25
FPXI,2513.HK,"Knowledge Atlas Technology Co., Ltd. (Class H)",0.0255,2026-05-22,2026-05-25
FPXI,2327.TT,Yageo Corporation,0.0254,2026-05-22,2026-05-25
FPXI,3986.HK,GigaDevice Semiconductor Inc. (Class H),0.0243999999999999,2026-05-22,2026-05-25
FPXI,AS,"Amer Sports, Inc.",0.0233,2026-05-22,2026-05-25
FPXI,HOT.GY,Hochtief AG,0.0222,2026-05-22,2026-05-25
FPXI,GALD.SE,Galderma Group AG,0.021,2026-05-22,2026-05-25
FPXI,329180.KS,"HD Hyundai Heavy Industries Co., Ltd.",0.0206,2026-05-22,2026-05-25
FPXI,VIK,Viking Holdings Ltd,0.0197,2026-05-22,2026-05-25
FPXI,TFPM,Triple Flag Precious Metals Corp.,0.0195,2026-05-22,2026-05-25
FPXI,NTR,Nutrien Ltd.,0.0177,2026-05-22,2026-05-25
FPXI,TPRO.IM,Technoprobe SpA,0.017,2026-05-22,2026-05-25
FPXI,NHY.NO,Norsk Hydro ASA,0.0166,2026-05-22,2026-05-25
FPXI,TEL2B.SS,Tele2 AB (Class B),0.0155,2026-05-22,2026-05-25
FPXI,CLS,Celestica Inc.,0.0148,2026-05-22,2026-05-25
FPXI,VALT.LN,Valterra Platinum Limited,0.0147,2026-05-22,2026-05-25
FPXI,EDV.CN,Endeavour Mining Plc,0.0144999999999999,2026-05-22,2026-05-25
FPXI,UCB.BB,UCB S.A.,0.0143,2026-05-22,2026-05-25
FPXI,LTM,LATAM Airlines Group S.A. (ADR),0.0138,2026-05-22,2026-05-25
FPXI,LTMC.IM,Lottomatica Group SpA,0.0116,2026-05-22,2026-05-25
FPXI,WCP.CN,Whitecap Resources Inc.,0.0116,2026-05-22,2026-05-25
FPXI,9903.HK,"Shanghai Iluvatar CoreX Semiconductor Co., Ltd. (Class H)",0.0111,2026-05-22,2026-05-25
FPXI,GRGD.CT,Groupe Dynamite Inc.,0.0107,2026-05-22,2026-05-25
FPXI,4507.JP,"Shionogi & Co., Ltd.",0.0101,2026-05-22,2026-05-25
FPXI,IPN.FP,Ipsen SA,0.0095,2026-05-22,2026-05-25
FPXI,ENLT,Enlight Renewable Energy Ltd.,0.009,2026-05-22,2026-05-25
FPXI,PAYP,PayPay Corporation (ADR),0.0089,2026-05-22,2026-05-25
FPXI,1787.HK,"Shandong Gold Mining Co., Ltd. (Class H)",0.0089,2026-05-22,2026-05-25
FPXI,3036.TT,"WT Microelectronics Co., Ltd.",0.0081,2026-05-22,2026-05-25
FPXI,4904.TT,"Far EasTone Telecommunications Co., Ltd.",0.0077,2026-05-22,2026-05-25
FPXI,278470.KS,APR Corporation,0.0068,2026-05-22,2026-05-25
FPXI,ACLN.SW,Accelleron Industries AG,0.0067,2026-05-22,2026-05-25
FPXI,SAVE.SS,Nordnet AB (publ),0.006,2026-05-22,2026-05-25
FPXI,NE,Noble Corp Plc,0.0058,2026-05-22,2026-05-25
FPXI,SOBO,South Bow Corporation,0.0056,2026-05-22,2026-05-25
FPXI,FERTIGLB.UH,Fertiglobe Plc,0.0055,2026-05-22,2026-05-25
FPXI,316140.KS,Woori Financial Group Inc.,0.0053,2026-05-22,2026-05-25
FPXI,DPM.CT,DPM Metals Inc.,0.0051,2026-05-22,2026-05-25
FPXI,RENT3.BZ,Localiza Rent a Car S.A.,0.0051,2026-05-22,2026-05-25
FPXI,1878.JP,"Daito Trust Construction Co., Ltd.",0.005,2026-05-22,2026-05-25
FPXI,FUTU,Futu Holdings Limited (ADR),0.0044,2026-05-22,2026-05-25
FPXI,$USD,US Dollar,0.0042,2026-05-22,2026-05-25
FPXI,9660.HK,"Horizon Robotics, Inc.",0.0039,2026-05-22,2026-05-25
FPXI,$JPY,Japanese Yen,0.0003,2026-05-22,2026-05-25
FPXI,$EUR,Euro,0.0002,2026-05-22,2026-05-25
FPXI,$SEK,Swedish Krona,0.0001,2026-05-22,2026-05-25
FPXI,$BRL,Brazilian Real,0.0,2026-05-22,2026-05-25
FPXI,$MXN,Mexican Peso,0.0,2026-05-22,2026-05-25
FPXI,$TWD,New Taiwan Dollar,0.0,2026-05-22,2026-05-25
FPXI,$GBP,Pound Sterling,0.0,2026-05-22,2026-05-25
FPXI,$SAR,Saudi Riyal,0.0,2026-05-22,2026-05-25
FPXI,$KRW,South Korean Won,0.0,2026-05-22,2026-05-25
FPXI,$CNY,Yuan Renminbi,0.0,2026-05-22,2026-05-25
QMOM,FLEX,Flex Ltd,0.0282,2026-05-22,2026-05-25
QMOM,DELL,Dell Technologies Inc,0.0281,2026-05-22,2026-05-25
QMOM,MTSI,MACOM Technology Solutions Holdings Inc,0.0272,2026-05-22,2026-05-25
QMOM,PL,Planet Labs PBC,0.0237999999999999,2026-05-22,2026-05-25
QMOM,GLW,Corning Inc,0.0233999999999999,2026-05-22,2026-05-25
QMOM,NVT,nVent Electric PLC,0.0227999999999999,2026-05-22,2026-05-25
QMOM,BWA,BorgWarner Inc,0.0226,2026-05-22,2026-05-25
QMOM,AMAT,Applied Materials Inc,0.0215,2026-05-22,2026-05-25
QMOM,JBL,Jabil Inc,0.021,2026-05-22,2026-05-25
QMOM,SCCO,Southern Copper Corp,0.0209,2026-05-22,2026-05-25
QMOM,RVMD,Revolution Medicines Inc,0.0208,2026-05-22,2026-05-25
QMOM,ATI,ATI Inc,0.0207,2026-05-22,2026-05-25
QMOM,MPC,Marathon Petroleum Corp,0.0204,2026-05-22,2026-05-25
QMOM,ARWR,Arrowhead Pharmaceuticals Inc,0.0202,2026-05-22,2026-05-25
QMOM,CRS,Carpenter Technology Corp,0.0200999999999999,2026-05-22,2026-05-25
QMOM,CW,Curtiss-Wright Corp,0.0199,2026-05-22,2026-05-25
QMOM,IONS,Ionis Pharmaceuticals Inc,0.0199,2026-05-22,2026-05-25
QMOM,PWR,Quanta Services Inc,0.0197999999999999,2026-05-22,2026-05-25
QMOM,SATS,EchoStar Corp,0.0196,2026-05-22,2026-05-25
QMOM,KEYS,Keysight Technologies Inc,0.0195,2026-05-22,2026-05-25
QMOM,CDE,COEUR MINING INC.,0.0194,2026-05-22,2026-05-25
QMOM,DY,Dycom Industries Inc,0.0194,2026-05-22,2026-05-25
QMOM,VLO,Valero Energy Corp,0.0194,2026-05-22,2026-05-25
QMOM,CAT,Caterpillar Inc,0.0192999999999999,2026-05-22,2026-05-25
QMOM,HAL,Halliburton Co,0.0192999999999999,2026-05-22,2026-05-25
QMOM,MP,MP Materials Corp,0.0192999999999999,2026-05-22,2026-05-25
QMOM,WWD,Woodward Inc,0.0192999999999999,2026-05-22,2026-05-25
QMOM,NEM,Newmont Corp,0.0191,2026-05-22,2026-05-25
QMOM,AU,Anglogold Ashanti Plc,0.0191,2026-05-22,2026-05-25
QMOM,APA,APA Corp,0.0189,2026-05-22,2026-05-25
QMOM,CHRW,CH Robinson Worldwide Inc,0.0189,2026-05-22,2026-05-25
QMOM,FORM,FormFactor Inc,0.0189,2026-05-22,2026-05-25
QMOM,MTZ,MasTec Inc,0.0189,2026-05-22,2026-05-25
QMOM,TPR,Tapestry Inc,0.0189,2026-05-22,2026-05-25
QMOM,GEV,GE Vernova Inc,0.0187999999999999,2026-05-22,2026-05-25
QMOM,CMI,Cummins Inc,0.0187,2026-05-22,2026-05-25
QMOM,PR,Permian Resources Corp,0.0187,2026-05-22,2026-05-25
QMOM,EME,EMCOR Group Inc,0.0186,2026-05-22,2026-05-25
QMOM,HL,Hecla Mining Co,0.0186,2026-05-22,2026-05-25
QMOM,KRMN,Karman Holdings Inc,0.0185,2026-05-22,2026-05-25
QMOM,PBF,PBF Energy Inc,0.0185,2026-05-22,2026-05-25
QMOM,BWXT,BWX Technologies Inc,0.0184,2026-05-22,2026-05-25
QMOM,FIVE,Five Below Inc,0.0184,2026-05-22,2026-05-25
QMOM,VIAV,Viavi Solutions Inc,0.0184,2026-05-22,2026-05-25
QMOM,XPO,XPO Inc,0.0183,2026-05-22,2026-05-25
QMOM,FTI,TechnipFMC PLC,0.0182,2026-05-22,2026-05-25
QMOM,KTOS,Kratos Defense & Security Solutions Inc,0.0177,2026-05-22,2026-05-25
QMOM,ALB,Albemarle Corp,0.0172,2026-05-22,2026-05-25
QMOM,UUUU,Energy Fuels Inc/Canada,0.0169,2026-05-22,2026-05-25
QMOM,INSM,Insmed Inc,0.0153,2026-05-22,2026-05-25
QMOM,FGXXX,First American Government Obligations Fund 12/01/2031,0.002,2026-05-22,2026-05-25
QMOM,Cash&Other,Cash & Other,0.0003,2026-05-22,2026-05-25
IMOM,TPRO IM,Technoprobe SpA,0.0313,2026-05-22,2026-05-25
IMOM,TSEM IT,Tower Semiconductor Ltd,0.0250999999999999,2026-05-22,2026-05-25
IMOM,6963 JP,Rohm Co Ltd,0.0231,2026-05-22,2026-05-25
IMOM,VBK GR,Verbio SE,0.0226,2026-05-22,2026-05-25
IMOM,TIGO,Millicom International Cellular SA,0.0223,2026-05-22,2026-05-25
IMOM,4004 JP,Resonac Holdings Corp,0.022,2026-05-22,2026-05-25
IMOM,522 HK,ASMPT Ltd,0.0218,2026-05-22,2026-05-25
IMOM,HAUTO NO,Hoegh Autoliners ASA,0.0212,2026-05-22,2026-05-25
IMOM,EXENS FP,Exosens SAS,0.0210999999999999,2026-05-22,2026-05-25
IMOM,NDA GR,Aurubis AG,0.021,2026-05-22,2026-05-25
IMOM,WDS AU,Woodside Energy Group Ltd,0.021,2026-05-22,2026-05-25
IMOM,BAYN GR,Bayer AG,0.0204,2026-05-22,2026-05-25
IMOM,8058 JP,Mitsubishi Corp,0.0203,2026-05-22,2026-05-25
IMOM,8015 JP,Toyota Tsusho Corp,0.0203,2026-05-22,2026-05-25
IMOM,SAND SS,Sandvik AB,0.0203,2026-05-22,2026-05-25
IMOM,WRT1V FH,Wartsila OYJ Abp,0.0199,2026-05-22,2026-05-25
IMOM,REP SM,Repsol SA,0.0199,2026-05-22,2026-05-25
IMOM,1605 JP,Inpex Corp,0.0199,2026-05-22,2026-05-25
IMOM,PLS AU,PLS Group Ltd,0.0199,2026-05-22,2026-05-25
IMOM,FRO,Frontline PLC,0.0199,2026-05-22,2026-05-25
IMOM,GLEN LN,Glencore PLC,0.0197999999999999,2026-05-22,2026-05-25
IMOM,5020 JP,ENEOS Holdings Inc,0.0197999999999999,2026-05-22,2026-05-25
IMOM,8031 JP,Mitsui & Co Ltd,0.0197,2026-05-22,2026-05-25
IMOM,KEP SP,KEPPEL LTD,0.0197,2026-05-22,2026-05-25
IMOM,SLR SM,Solaria Energia y Medio Ambiente SA,0.0196,2026-05-22,2026-05-25
IMOM,ANA SM,Acciona SA,0.0195,2026-05-22,2026-05-25
IMOM,ESLT IT,Elbit Systems Ltd,0.0195,2026-05-22,2026-05-25
IMOM,ENLT IT,Enlight Renewable Energy Ltd,0.0195,2026-05-22,2026-05-25
IMOM,16 HK,Sun Hung Kai Properties Ltd,0.0195,2026-05-22,2026-05-25
IMOM,CDA AU,Codan Ltd,0.0194,2026-05-22,2026-05-25
IMOM,TRPZ IT,Turpaz Industries Ltd,0.0192,2026-05-22,2026-05-25
IMOM,DORL IT,Doral Group Renewable Energy Resources Ltd,0.0192,2026-05-22,2026-05-25
IMOM,ENR GR,Siemens Energy AG,0.0192,2026-05-22,2026-05-25
IMOM,ZEG LN,Zegona Communications plc,0.0192,2026-05-22,2026-05-25
IMOM,8002 JP,Marubeni Corp,0.0191,2026-05-22,2026-05-25
IMOM,OPCE IT,OPC Energy Ltd,0.0191,2026-05-22,2026-05-25
IMOM,RWE GR,RWE AG,0.019,2026-05-22,2026-05-25
IMOM,LYC AU,Lynas Rare Earths Ltd,0.019,2026-05-22,2026-05-25
IMOM,TASE IT,Tel Aviv Stock Exchange Ltd,0.019,2026-05-22,2026-05-25
IMOM,5214 JP,Nippon Electric Glass Co Ltd,0.0187999999999999,2026-05-22,2026-05-25
IMOM,MGOR IT,Mega Or Holdings Ltd,0.0186,2026-05-22,2026-05-25
IMOM,7735 JP,SCREEN Holdings Co Ltd,0.0185,2026-05-22,2026-05-25
IMOM,BPE IM,BPER Banca SPA,0.0181,2026-05-22,2026-05-25
IMOM,7013 JP,IHI Corp,0.0177,2026-05-22,2026-05-25
IMOM,TRE SM,Tecnicas Reunidas SA,0.0177,2026-05-22,2026-05-25
IMOM,6269 JP,Modec Inc,0.0174,2026-05-22,2026-05-25
IMOM,6146 JP,Disco Corp,0.0173,2026-05-22,2026-05-25
IMOM,6920 JP,Lasertec Corp,0.0171,2026-05-22,2026-05-25
IMOM,1942 JP,Kandenko Co Ltd,0.0166,2026-05-22,2026-05-25
IMOM,1801 JP,Taisei Corp,0.0152,2026-05-22,2026-05-25
IMOM,Cash&Other,Cash & Other,0.0046999999999999,2026-05-22,2026-05-25
IMOM,EUR,EURO,0.0005,2026-05-22,2026-05-25
IMOM,FGXXX,First American Government Obligations Fund 12/01/2031,0.0003,2026-05-22,2026-05-25
IVAL,5334 JP,Niterra Co Ltd,0.0233999999999999,2026-05-22,2026-05-25
IVAL,ERICB SS,Telefonaktiebolaget LM Ericsson,0.0226,2026-05-22,2026-05-25
IVAL,6758 JP,Sony Group Corp,0.0220999999999999,2026-05-22,2026-05-25
IVAL,TIGO,Millicom International Cellular SA,0.022,2026-05-22,2026-05-25
IVAL,NTGY SM,Naturgy Energy Group SA,0.0219,2026-05-22,2026-05-25
IVAL,3407 JP,Asahi Kasei Corp,0.0219,2026-05-22,2026-05-25
IVAL,9433 JP,KDDI Corp,0.021,2026-05-22,2026-05-25
IVAL,TEN IM,Tenaris SA,0.021,2026-05-22,2026-05-25
IVAL,DHL GR,DHL Group,0.0208,2026-05-22,2026-05-25
IVAL,DTE GR,Deutsche Telekom AG,0.0208,2026-05-22,2026-05-25
IVAL,OMV AV,OMV AG,0.0204,2026-05-22,2026-05-25
IVAL,7270 JP,Subaru Corp,0.0204,2026-05-22,2026-05-25
IVAL,NDA GR,Aurubis AG,0.0203,2026-05-22,2026-05-25
IVAL,4578 JP,Otsuka Holdings Co Ltd,0.0203,2026-05-22,2026-05-25
IVAL,LIGHT NA,Signify NV,0.0202,2026-05-22,2026-05-25
IVAL,7259 JP,Aisin Corp,0.0200999999999999,2026-05-22,2026-05-25
IVAL,RIO AU,Rio Tinto Ltd,0.0200999999999999,2026-05-22,2026-05-25
IVAL,IMB LN,IMPERIAL BRANDS PLC,0.02,2026-05-22,2026-05-25
IVAL,BHP AU,BHP Group Ltd,0.02,2026-05-22,2026-05-25
IVAL,5101 JP,Yokohama Rubber Co Ltd/The,0.02,2026-05-22,2026-05-25
IVAL,GALP PL,Galp Energia SGPS SA,0.0199,2026-05-22,2026-05-25
IVAL,8227 JP,Shimamura Co Ltd,0.0197999999999999,2026-05-22,2026-05-25
IVAL,HEN3 GR,HENKEL AG & CO KGAA,0.0197,2026-05-22,2026-05-25
IVAL,FMG AU,Fortescue Ltd,0.0197,2026-05-22,2026-05-25
IVAL,ANA SM,Acciona SA,0.0196,2026-05-22,2026-05-25
IVAL,5108 JP,Bridgestone Corp,0.0196,2026-05-22,2026-05-25
IVAL,4151 JP,Kyowa Kirin Co Ltd,0.0196,2026-05-22,2026-05-25
IVAL,7269 JP,Suzuki Motor Corp,0.0196,2026-05-22,2026-05-25
IVAL,1605 JP,Inpex Corp,0.0195,2026-05-22,2026-05-25
IVAL,4503 JP,Astellas Pharma Inc,0.0192999999999999,2026-05-22,2026-05-25
IVAL,9201 JP,Japan Airlines Co Ltd,0.0192,2026-05-22,2026-05-25
IVAL,TUI1 GR,TUI AG,0.0192,2026-05-22,2026-05-25
IVAL,9202 JP,ANA Holdings Inc,0.0191,2026-05-22,2026-05-25
IVAL,JBH AU,JB Hi-Fi Ltd,0.0191,2026-05-22,2026-05-25
IVAL,1928 JP,Sekisui House Ltd,0.019,2026-05-22,2026-05-25
IVAL,QAN AU,Qantas Airways Ltd,0.0189,2026-05-22,2026-05-25
IVAL,4204 JP,Sekisui Chemical Co Ltd,0.0189,2026-05-22,2026-05-25
IVAL,6902 JP,Denso Corp,0.0187999999999999,2026-05-22,2026-05-25
IVAL,4042 JP,Tosoh Corp,0.0187999999999999,2026-05-22,2026-05-25
IVAL,4768 JP,Otsuka Corp,0.0187,2026-05-22,2026-05-25
IVAL,6301 JP,Komatsu Ltd,0.0186,2026-05-22,2026-05-25
IVAL,FNTN GR,Freenet AG,0.0186,2026-05-22,2026-05-25
IVAL,PRU AU,Perseus Mining Ltd,0.0184,2026-05-22,2026-05-25
IVAL,3405 JP,Kuraray Co Ltd,0.0183,2026-05-22,2026-05-25
IVAL,5110 JP,Sumitomo Rubber Industries Ltd,0.0181,2026-05-22,2026-05-25
IVAL,5105 JP,Toyo Tire Corp,0.018,2026-05-22,2026-05-25
IVAL,2587 JP,Suntory Beverage & Food Ltd,0.0179,2026-05-22,2026-05-25
IVAL,BZU IM,Buzzi SpA,0.0178,2026-05-22,2026-05-25
IVAL,6305 JP,Hitachi Construction Machinery Co Ltd,0.0177,2026-05-22,2026-05-25
IVAL,FGR FP,Eiffage SA,0.0168,2026-05-22,2026-05-25
IVAL,Cash&Other,Cash & Other,0.0093999999999999,2026-05-22,2026-05-25
IVAL,FGXXX,First American Government Obligations Fund 12/01/2031,0.0044,2026-05-22,2026-05-25
IVAL,EUR,EURO,0.0008,2026-05-22,2026-05-25
IVAL,AUD,AUSTRALIAN DOLLAR,0.0,2026-05-22,2026-05-25
QVAL,QCOM,QUALCOMM Inc,0.0260999999999999,2026-05-22,2026-05-25
QVAL,GEN,GEN DIGITAL INC,0.0255,2026-05-22,2026-05-25
QVAL,FSLR,First Solar Inc,0.0254,2026-05-22,2026-05-25
QVAL,HPQ,HP Inc,0.0241,2026-05-22,2026-05-25
QVAL,YETI,YETI Holdings Inc,0.0227,2026-05-22,2026-05-25
QVAL,DAL,Delta Air Lines Inc,0.0220999999999999,2026-05-22,2026-05-25
QVAL,EXEL,Exelixis Inc,0.0220999999999999,2026-05-22,2026-05-25
QVAL,UAL,United Airlines Holdings Inc,0.0219,2026-05-22,2026-05-25
QVAL,MRK,Merck & Co Inc,0.0218,2026-05-22,2026-05-25
QVAL,GEHC,GE HealthCare Technologies Inc,0.0209,2026-05-22,2026-05-25
QVAL,M,Macy's Inc,0.0207,2026-05-22,2026-05-25
QVAL,DINO,HF Sinclair Corp,0.0206,2026-05-22,2026-05-25
QVAL,SNX,TD SYNNEX Corp,0.0206,2026-05-22,2026-05-25
QVAL,URBN,Urban Outfitters Inc,0.0204999999999999,2026-05-22,2026-05-25
QVAL,DECK,Deckers Outdoor Corp,0.0204,2026-05-22,2026-05-25
QVAL,MO,Altria Group Inc,0.0202,2026-05-22,2026-05-25
QVAL,BBY,Best Buy Co Inc,0.0202,2026-05-22,2026-05-25
QVAL,THC,Tenet Healthcare Corp,0.0200999999999999,2026-05-22,2026-05-25
QVAL,VZ,Verizon Communications Inc,0.02,2026-05-22,2026-05-25
QVAL,CTSH,Cognizant Technology Solutions Corp,0.0197999999999999,2026-05-22,2026-05-25
QVAL,CI,Cigna Group/The,0.0195,2026-05-22,2026-05-25
QVAL,UTHR,United Therapeutics Corp,0.0195,2026-05-22,2026-05-25
QVAL,CLX,Clorox Co/The,0.0194,2026-05-22,2026-05-25
QVAL,MLI,Mueller Industries Inc,0.0194,2026-05-22,2026-05-25
QVAL,CF,CF Industries Holdings Inc,0.0192,2026-05-22,2026-05-25
QVAL,CCK,Crown Holdings Inc,0.0192,2026-05-22,2026-05-25
QVAL,NEM,Newmont Corp,0.0192,2026-05-22,2026-05-25
QVAL,TGT,Target Corp,0.0192,2026-05-22,2026-05-25
QVAL,CCL,Carnival Corp Ltd,0.0192,2026-05-22,2026-05-25
QVAL,T,AT&T Inc,0.0191,2026-05-22,2026-05-25
QVAL,PFE,Pfizer Inc,0.0191,2026-05-22,2026-05-25
QVAL,AU,Anglogold Ashanti Plc,0.0191,2026-05-22,2026-05-25
QVAL,APA,APA Corp,0.019,2026-05-22,2026-05-25
QVAL,SNA,Snap-on Inc,0.0189,2026-05-22,2026-05-25
QVAL,GAP,Gap Inc/The,0.0187999999999999,2026-05-22,2026-05-25
QVAL,PHM,PulteGroup Inc,0.0187999999999999,2026-05-22,2026-05-25
QVAL,COP,ConocoPhillips,0.0187,2026-05-22,2026-05-25
QVAL,TMHC,Taylor Morrison Home Corp,0.0187,2026-05-22,2026-05-25
QVAL,TOL,Toll Brothers Inc,0.0187,2026-05-22,2026-05-25
QVAL,MAS,Masco Corp,0.0185,2026-05-22,2026-05-25
QVAL,RRC,Range Resources Corp,0.0185,2026-05-22,2026-05-25
QVAL,ADT,ADT Inc,0.0184,2026-05-22,2026-05-25
QVAL,CMCSA,Comcast Corp,0.0184,2026-05-22,2026-05-25
QVAL,DHI,DR Horton Inc,0.0184,2026-05-22,2026-05-25
QVAL,EPAM,EPAM Systems Inc,0.018,2026-05-22,2026-05-25
QVAL,GPI,Group 1 Automotive Inc,0.018,2026-05-22,2026-05-25
QVAL,INGR,Ingredion Inc,0.018,2026-05-22,2026-05-25
QVAL,EAT,Brinker International Inc,0.0179,2026-05-22,2026-05-25
QVAL,LDOS,Leidos Holdings Inc,0.0167,2026-05-22,2026-05-25
QVAL,ALSN,Allison Transmission Holdings Inc,0.0161,2026-05-22,2026-05-25
QVAL,FGXXX,First American Government Obligations Fund 12/01/2031,0.0031,2026-05-22,2026-05-25
QVAL,Cash&Other,Cash & Other,0.0014,2026-05-22,2026-05-25
COWZ,ABNB,Airbnb Inc,0.015,2026-05-22,2026-05-25
COWZ,ACN,Accenture PLC,0.0166,2026-05-22,2026-05-25
COWZ,ADBE,Adobe Inc,0.0172,2026-05-22,2026-05-25
COWZ,ADM,Archer-Daniels-Midland Co,0.0159,2026-05-22,2026-05-25
COWZ,ADP,Automatic Data Processing Inc,0.0137,2026-05-22,2026-05-25
COWZ,ADSK,Autodesk Inc,0.0072,2026-05-22,2026-05-25
COWZ,BIIB,Biogen Inc,0.0068,2026-05-22,2026-05-25
COWZ,BKNG,Booking Holdings Inc,0.0176,2026-05-22,2026-05-25
COWZ,BMY,Bristol-Myers Squibb Co,0.0196,2026-05-22,2026-05-25
COWZ,CAH,Cardinal Health Inc,0.0167,2026-05-22,2026-05-25
COWZ,CDW,CDW Corp/DE,0.0032,2026-05-22,2026-05-25
COWZ,CF,CF Industries Holdings Inc,0.0062,2026-05-22,2026-05-25
COWZ,CHD,Church & Dwight Co Inc,0.0034,2026-05-22,2026-05-25
COWZ,CL,Colgate-Palmolive Co,0.0116,2026-05-22,2026-05-25
COWZ,CMCSA,Comcast Corp,0.0157,2026-05-22,2026-05-25
COWZ,COP,ConocoPhillips,0.0204999999999999,2026-05-22,2026-05-25
COWZ,COR,Cencora Inc,0.0091,2026-05-22,2026-05-25
COWZ,CPRT,Copart Inc,0.0042,2026-05-22,2026-05-25
COWZ,CRM,Salesforce Inc,0.0177,2026-05-22,2026-05-25
COWZ,CTSH,Cognizant Technology Solutions Corp,0.0068,2026-05-22,2026-05-25
COWZ,CTVA,Corteva Inc,0.0096,2026-05-22,2026-05-25
COWZ,CVS,CVS Health Corp,0.0237999999999999,2026-05-22,2026-05-25
COWZ,DAL,Delta Air Lines Inc,0.0163,2026-05-22,2026-05-25
COWZ,DD,DuPont de Nemours Inc,0.0038,2026-05-22,2026-05-25
COWZ,DG,Dollar General Corp,0.0055,2026-05-22,2026-05-25
COWZ,DGX,Quest Diagnostics Inc,0.0044,2026-05-22,2026-05-25
COWZ,DHI,DR Horton Inc,0.0111,2026-05-22,2026-05-25
COWZ,DLTR,Dollar Tree Inc,0.0043,2026-05-22,2026-05-25
COWZ,DVN,Devon Energy Corp,0.0156,2026-05-22,2026-05-25
COWZ,EOG,EOG Resources Inc,0.0121999999999999,2026-05-22,2026-05-25
COWZ,EQT,EQT Corp,0.0087,2026-05-22,2026-05-25
COWZ,EXE,Expand Energy Corp,0.0049,2026-05-22,2026-05-25
COWZ,EXPD,Expeditors International of Washington Inc,0.0034,2026-05-22,2026-05-25
COWZ,EXPE,Expedia Group Inc,0.0088,2026-05-22,2026-05-25
COWZ,F,Ford Motor Co,0.0245,2026-05-22,2026-05-25
COWZ,FANG,Diamondback Energy Inc,0.0191,2026-05-22,2026-05-25
COWZ,FFIV,F5 Inc,0.0039,2026-05-22,2026-05-25
COWZ,FLEX,Flex Ltd,0.0084,2026-05-22,2026-05-25
COWZ,FSLR,First Solar Inc,0.0053,2026-05-22,2026-05-25
COWZ,FTI,TechnipFMC PLC,0.0054,2026-05-22,2026-05-25
COWZ,FTV,Fortive Corp,0.0033,2026-05-22,2026-05-25
COWZ,GILD,Gilead Sciences Inc,0.0186,2026-05-22,2026-05-25
COWZ,GIS,General Mills Inc,0.0045,2026-05-22,2026-05-25
COWZ,HAL,Halliburton Co,0.0067,2026-05-22,2026-05-25
COWZ,HCA,HCA Healthcare Inc,0.0147,2026-05-22,2026-05-25
COWZ,HPQ,HP Inc,0.0123,2026-05-22,2026-05-25
COWZ,ILMN,Illumina Inc,0.0034999999999999,2026-05-22,2026-05-25
COWZ,INCY,Incyte Corp,0.0044,2026-05-22,2026-05-25
COWZ,INTU,Intuit Inc,0.0132,2026-05-22,2026-05-25
COWZ,IQV,IQVIA Holdings Inc,0.0065,2026-05-22,2026-05-25
COWZ,J,Jacobs Solutions Inc,0.0024,2026-05-22,2026-05-25
COWZ,JBHT,JB Hunt Transport Services Inc,0.0038,2026-05-22,2026-05-25
COWZ,JBL,Jabil Inc,0.0059,2026-05-22,2026-05-25
COWZ,KHC,Kraft Heinz Co/The,0.0116999999999999,2026-05-22,2026-05-25
COWZ,LDOS,Leidos Holdings Inc,0.0038,2026-05-22,2026-05-25
COWZ,LH,Labcorp Holdings Inc,0.0038,2026-05-22,2026-05-25
COWZ,LULU,Lululemon Athletica Inc,0.0028,2026-05-22,2026-05-25
COWZ,MCK,McKesson Corp,0.0166,2026-05-22,2026-05-25
COWZ,MO,Altria Group Inc,0.0220999999999999,2026-05-22,2026-05-25
COWZ,MPC,Marathon Petroleum Corp,0.018,2026-05-22,2026-05-25
COWZ,NEM,Newmont Corp,0.0184,2026-05-22,2026-05-25
COWZ,NTAP,NetApp Inc,0.0073,2026-05-22,2026-05-25
COWZ,NVR,NVR Inc,0.0032,2026-05-22,2026-05-25
COWZ,OMC,Omnicom Group Inc,0.0081,2026-05-22,2026-05-25
COWZ,ON,ON Semiconductor Corp,0.0095,2026-05-22,2026-05-25
COWZ,OXY,Occidental Petroleum Corp,0.0146,2026-05-22,2026-05-25
COWZ,PAYX,Paychex Inc,0.006,2026-05-22,2026-05-25
COWZ,PCAR,PACCAR Inc,0.0091,2026-05-22,2026-05-25
COWZ,PFE,Pfizer Inc,0.0191,2026-05-22,2026-05-25
COWZ,PHM,PulteGroup Inc,0.0054,2026-05-22,2026-05-25
COWZ,PTC,PTC Inc,0.0026,2026-05-22,2026-05-25
COWZ,QCOM,QUALCOMM Inc,0.035,2026-05-22,2026-05-25
COWZ,REGN,Regeneron Pharmaceuticals Inc,0.0104,2026-05-22,2026-05-25
COWZ,RMD,ResMed Inc,0.0048,2026-05-22,2026-05-25
COWZ,ROP,Roper Technologies Inc,0.0070999999999999,2026-05-22,2026-05-25
COWZ,SLB,SLB Ltd,0.0182,2026-05-22,2026-05-25
COWZ,SNA,Snap-on Inc,0.0033,2026-05-22,2026-05-25
COWZ,SSNC,SS&C Technologies Holdings Inc,0.0042,2026-05-22,2026-05-25
COWZ,STZ,Constellation Brands Inc,0.0059,2026-05-22,2026-05-25
COWZ,T,AT&T Inc,0.0176,2026-05-22,2026-05-25
COWZ,TGT,Target Corp,0.0103,2026-05-22,2026-05-25
COWZ,THC,Tenet Healthcare Corp,0.0060999999999999,2026-05-22,2026-05-25
COWZ,TMUS,T-Mobile US Inc,0.0172,2026-05-22,2026-05-25
COWZ,TPR,Tapestry Inc,0.0052,2026-05-22,2026-05-25
COWZ,TWLO,Twilio Inc,0.0046,2026-05-22,2026-05-25
COWZ,TXT,Textron Inc,0.0029,2026-05-22,2026-05-25
COWZ,UAL,United Airlines Holdings Inc,0.0091,2026-05-22,2026-05-25
COWZ,UBER,Uber Technologies Inc,0.019,2026-05-22,2026-05-25
COWZ,UPS,United Parcel Service Inc,0.0154,2026-05-22,2026-05-25
COWZ,USBFS03,U.S. Bank Money Market Deposit Account 06/01/2031,0.0008,2026-05-22,2026-05-25
COWZ,UTHR,United Therapeutics Corp,0.0040999999999999,2026-05-22,2026-05-25
COWZ,VEEV,Veeva Systems Inc,0.0036,2026-05-22,2026-05-25
COWZ,VLO,Valero Energy Corp,0.0141999999999999,2026-05-22,2026-05-25
COWZ,VRSN,VeriSign Inc,0.0045,2026-05-22,2026-05-25
COWZ,VTRS,Viatris Inc,0.0070999999999999,2026-05-22,2026-05-25
COWZ,VZ,Verizon Communications Inc,0.0187999999999999,2026-05-22,2026-05-25
COWZ,WDAY,Workday Inc,0.0077,2026-05-22,2026-05-25
COWZ,WSM,Williams-Sonoma Inc,0.0038,2026-05-22,2026-05-25
COWZ,ZBH,ZIMMER BIOMET HOLDINGS INC,0.0033,2026-05-22,2026-05-25
COWZ,ZM,Zoom Communications Inc,0.0086,2026-05-22,2026-05-25
COWZ,Cash&Other,Cash & Other,0.0014,2026-05-22,2026-05-25
CALF,ABM,ABM Industries Inc,0.0038,2026-05-22,2026-05-25
CALF,ADT,ADT Inc,0.008,2026-05-22,2026-05-25
CALF,ALIT,Alight Inc,0.0009,2026-05-22,2026-05-25
CALF,ALKS,Alkermes PLC,0.0070999999999999,2026-05-22,2026-05-25
CALF,ALV,Autoliv Inc,0.0095,2026-05-22,2026-05-25
CALF,AMN,AMN Healthcare Services Inc,0.0024,2026-05-22,2026-05-25
CALF,AMPH,Amphastar Pharmaceuticals Inc,0.0013,2026-05-22,2026-05-25
CALF,ANF,Abercrombie & Fitch Co,0.0040999999999999,2026-05-22,2026-05-25
CALF,ANGI,Angi Inc,0.0004,2026-05-22,2026-05-25
CALF,ANIP,ANI Pharmaceuticals Inc,0.002,2026-05-22,2026-05-25
CALF,APA,APA Corp,0.0203,2026-05-22,2026-05-25
CALF,ATKR,Atkore Inc,0.0032,2026-05-22,2026-05-25
CALF,AZZ,AZZ Inc,0.0053,2026-05-22,2026-05-25
CALF,BBWI,Bath & Body Works Inc,0.0083,2026-05-22,2026-05-25
CALF,BBY,Best Buy Co Inc,0.0167,2026-05-22,2026-05-25
CALF,BCRX,BioCryst Pharmaceuticals Inc,0.0037,2026-05-22,2026-05-25
CALF,BH,Biglari Holdings Inc,0.0004,2026-05-22,2026-05-25
CALF,BILL,BILL Holdings Inc,0.0034,2026-05-22,2026-05-25
CALF,BKE,Buckle Inc/The,0.0024,2026-05-22,2026-05-25
CALF,BLBD,Blue Bird Corp,0.0023,2026-05-22,2026-05-25
CALF,BLKB,Blackbaud Inc,0.0015,2026-05-22,2026-05-25
CALF,BMBL,Bumble Inc,0.0006,2026-05-22,2026-05-25
CALF,BOX,Box Inc,0.0037,2026-05-22,2026-05-25
CALF,BRBR,BellRing Brands Inc,0.0015,2026-05-22,2026-05-25
CALF,BWA,BorgWarner Inc,0.0172,2026-05-22,2026-05-25
CALF,CABO,Cable One Inc,0.0005,2026-05-22,2026-05-25
CALF,CALM,Cal-Maine Foods Inc,0.0079,2026-05-22,2026-05-25
CALF,CALY,Callaway Golf Co,0.0039,2026-05-22,2026-05-25
CALF,CARG,Cargurus Inc,0.0027,2026-05-22,2026-05-25
CALF,CARS,Cars.com Inc,0.0012,2026-05-22,2026-05-25
CALF,CART,Maplebear Inc,0.011,2026-05-22,2026-05-25
CALF,CBT,Cabot Corp,0.0056999999999999,2026-05-22,2026-05-25
CALF,CHRD,Chord Energy Corp,0.009,2026-05-22,2026-05-25
CALF,CNMD,CONMED Corp,0.0017,2026-05-22,2026-05-25
CALF,CNXC,Concentrix Corp,0.0026,2026-05-22,2026-05-25
CALF,COLL,Collegium Pharmaceutical Inc,0.0024,2026-05-22,2026-05-25
CALF,COLM,Columbia Sportswear Co,0.0028,2026-05-22,2026-05-25
CALF,COTY,Coty Inc,0.0017,2026-05-22,2026-05-25
CALF,COUR,Coursera Inc,0.0014,2026-05-22,2026-05-25
CALF,CPRX,Catalyst Pharmaceuticals Inc,0.0031,2026-05-22,2026-05-25
CALF,CRC,California Resources Corp,0.0060999999999999,2026-05-22,2026-05-25
CALF,CRGY,Crescent Energy Co,0.0072,2026-05-22,2026-05-25
CALF,CRMD,CorMedix Inc,0.0013,2026-05-22,2026-05-25
CALF,CROX,Crocs Inc,0.0104,2026-05-22,2026-05-25
CALF,CRUS,Cirrus Logic Inc,0.0087,2026-05-22,2026-05-25
CALF,CVSA,Covista Inc,0.0049,2026-05-22,2026-05-25
CALF,CXM,Sprinklr Inc,0.0013,2026-05-22,2026-05-25
CALF,DBD,Diebold Nixdorf Inc,0.0027,2026-05-22,2026-05-25
CALF,DBX,Dropbox Inc,0.0108,2026-05-22,2026-05-25
CALF,DDS,Dillard's Inc,0.0038,2026-05-22,2026-05-25
CALF,DEA,Easterly Government Properties Inc,0.0023,2026-05-22,2026-05-25
CALF,DECK,Deckers Outdoor Corp,0.011,2026-05-22,2026-05-25
CALF,DLB,Dolby Laboratories Inc,0.0038,2026-05-22,2026-05-25
CALF,DOCS,Doximity Inc,0.0028,2026-05-22,2026-05-25
CALF,DOCU,Docusign Inc,0.0116,2026-05-22,2026-05-25
CALF,DOX,Amdocs Ltd,0.008,2026-05-22,2026-05-25
CALF,DUOL,Duolingo Inc,0.0044,2026-05-22,2026-05-25
CALF,DV,DoubleVerify Holdings Inc,0.0019,2026-05-22,2026-05-25
CALF,DVN,Devon Energy Corp,0.0184,2026-05-22,2026-05-25
CALF,DXC,DXC Technology Co,0.0037,2026-05-22,2026-05-25
CALF,EBS,Emergent BioSolutions Inc,0.001,2026-05-22,2026-05-25
CALF,EFOR,Everforth Inc,0.0017,2026-05-22,2026-05-25
CALF,EPAM,EPAM Systems Inc,0.0051,2026-05-22,2026-05-25
CALF,ETD,Ethan Allen Interiors Inc,0.0004,2026-05-22,2026-05-25
CALF,ETSY,Etsy Inc,0.0086,2026-05-22,2026-05-25
CALF,EVER,EverQuote Inc,0.0012,2026-05-22,2026-05-25
CALF,EXEL,Exelixis Inc,0.0118999999999999,2026-05-22,2026-05-25
CALF,EXPE,Expedia Group Inc,0.017,2026-05-22,2026-05-25
CALF,FDP,Fresh Del Monte Produce Inc,0.0016,2026-05-22,2026-05-25
CALF,FET,Forum Energy Technologies Inc,0.0008,2026-05-22,2026-05-25
CALF,FIVN,Five9 Inc,0.0026,2026-05-22,2026-05-25
CALF,FLO,Flowers Foods Inc,0.0032,2026-05-22,2026-05-25
CALF,FOXA,Fox Corp,0.0200999999999999,2026-05-22,2026-05-25
CALF,FRSH,Freshworks Inc,0.0028,2026-05-22,2026-05-25
CALF,FTDR,Frontdoor Inc,0.0042,2026-05-22,2026-05-25
CALF,G,Genpact Ltd,0.0067,2026-05-22,2026-05-25
CALF,GCT,GigaCloud Technology Inc,0.0019,2026-05-22,2026-05-25
CALF,GDDY,GoDaddy Inc,0.0196,2026-05-22,2026-05-25
CALF,GDRX,GoodRx Holdings Inc,0.0006,2026-05-22,2026-05-25
CALF,GDYN,Grid Dynamics Holdings Inc,0.0003,2026-05-22,2026-05-25
CALF,GEN,GEN DIGITAL INC,0.0203,2026-05-22,2026-05-25
CALF,GIII,G-III Apparel Group Ltd,0.0026,2026-05-22,2026-05-25
CALF,GME,GameStop Corp,0.0059,2026-05-22,2026-05-25
CALF,GNTX,Gentex Corp,0.0058,2026-05-22,2026-05-25
CALF,GOLD,Gold.com Inc,0.0019,2026-05-22,2026-05-25
CALF,GRPN,Groupon Inc,0.0011,2026-05-22,2026-05-25
CALF,GTLB,Gitlab Inc,0.0032,2026-05-22,2026-05-25
CALF,GTM,ZoomInfo Technologies Inc,0.0022,2026-05-22,2026-05-25
CALF,HAE,Haemonetics Corp,0.0038,2026-05-22,2026-05-25
CALF,HCSG,Healthcare Services Group Inc,0.0016,2026-05-22,2026-05-25
CALF,HLF,Herbalife Ltd,0.0023,2026-05-22,2026-05-25
CALF,HLIT,Harmonic Inc,0.0018,2026-05-22,2026-05-25
CALF,HLX,Helix Energy Solutions Group Inc,0.0015,2026-05-22,2026-05-25
CALF,HOG,Harley-Davidson Inc,0.0062,2026-05-22,2026-05-25
CALF,HOV,Hovnanian Enterprises Inc,0.0011,2026-05-22,2026-05-25
CALF,HRB,H&R Block Inc,0.0075,2026-05-22,2026-05-25
CALF,HRMY,Harmony Biosciences Holdings Inc,0.0027,2026-05-22,2026-05-25
CALF,HZO,MarineMax Inc,0.0015,2026-05-22,2026-05-25
CALF,IDT,IDT Corp,0.0014,2026-05-22,2026-05-25
CALF,IIPR,Innovative Industrial Properties Inc,0.0021,2026-05-22,2026-05-25
CALF,INCY,Incyte Corp,0.0156,2026-05-22,2026-05-25
CALF,INGM,Ingram Micro Holding Corp,0.0013,2026-05-22,2026-05-25
CALF,INVA,Innoviva Inc,0.0022,2026-05-22,2026-05-25
CALF,INVX,Innovex International Inc,0.0022,2026-05-22,2026-05-25
CALF,IRWD,Ironwood Pharmaceuticals Inc,0.0013,2026-05-22,2026-05-25
CALF,IT,Gartner Inc,0.0126,2026-05-22,2026-05-25
CALF,ITRI,Itron Inc,0.0039,2026-05-22,2026-05-25
CALF,JAZZ,Jazz Pharmaceuticals PLC,0.0178,2026-05-22,2026-05-25
CALF,JBI,Janus International Group Inc,0.0013,2026-05-22,2026-05-25
CALF,KFY,Korn Ferry,0.0036,2026-05-22,2026-05-25
CALF,KMX,CarMax Inc,0.0134,2026-05-22,2026-05-25
CALF,KSS,Kohl's Corp,0.0033,2026-05-22,2026-05-25
CALF,KTB,Kontoor Brands Inc,0.005,2026-05-22,2026-05-25
CALF,LEG,Leggett & Platt Inc,0.0031,2026-05-22,2026-05-25
CALF,LPG,Dorian LPG Ltd,0.0024,2026-05-22,2026-05-25
CALF,LYFT,Lyft Inc,0.0125,2026-05-22,2026-05-25
CALF,LZ,Legalzoom.com Inc,0.0016,2026-05-22,2026-05-25
CALF,LZB,La-Z-Boy Inc,0.0019,2026-05-22,2026-05-25
CALF,M,Macy's Inc,0.0108,2026-05-22,2026-05-25
CALF,MAX,MediaAlpha Inc,0.0006,2026-05-22,2026-05-25
CALF,MBLY,Mobileye Global Inc,0.0037,2026-05-22,2026-05-25
CALF,MCRI,Monarch Casino & Resort Inc,0.0017,2026-05-22,2026-05-25
CALF,MD,Pediatrix Medical Group Inc,0.0031,2026-05-22,2026-05-25
CALF,MGNI,Magnite Inc,0.0019,2026-05-22,2026-05-25
CALF,MH,McGraw Hill Inc,0.0007,2026-05-22,2026-05-25
CALF,MHK,Mohawk Industries Inc,0.0069,2026-05-22,2026-05-25
CALF,MITK,Mitek Systems Inc,0.0008,2026-05-22,2026-05-25
CALF,MMI,Marcus & Millichap Inc,0.0007,2026-05-22,2026-05-25
CALF,MNTN,MNTN Inc,0.0002,2026-05-22,2026-05-25
CALF,MRP,Millrose Properties Inc,0.0096,2026-05-22,2026-05-25
CALF,MTCH,Match Group Inc,0.0133,2026-05-22,2026-05-25
CALF,NEU,NewMarket Corp,0.0069,2026-05-22,2026-05-25
CALF,NGVT,Ingevity Corp,0.0032,2026-05-22,2026-05-25
CALF,NOV,NOV Inc,0.0111,2026-05-22,2026-05-25
CALF,NSIT,Insight Enterprises Inc,0.0038,2026-05-22,2026-05-25
CALF,NTAP,NetApp Inc,0.0254,2026-05-22,2026-05-25
CALF,NTCT,NetScout Systems Inc,0.0042,2026-05-22,2026-05-25
CALF,NTNX,Nutanix Inc,0.0104,2026-05-22,2026-05-25
CALF,NUTX,Nutex Health Inc,0.001,2026-05-22,2026-05-25
CALF,OIS,Oil States International Inc,0.0006,2026-05-22,2026-05-25
CALF,OMC,Omnicom Group Inc,0.0174,2026-05-22,2026-05-25
CALF,PARR,Par Pacific Holdings Inc,0.0044,2026-05-22,2026-05-25
CALF,PBI,Pitney Bowes Inc,0.005,2026-05-22,2026-05-25
CALF,PCRX,Pacira BioSciences Inc,0.0015,2026-05-22,2026-05-25
CALF,PD,PagerDuty Inc,0.0012,2026-05-22,2026-05-25
CALF,PENG,Penguin Solutions Inc,0.004,2026-05-22,2026-05-25
CALF,PGNY,Progyny Inc,0.003,2026-05-22,2026-05-25
CALF,PII,Polaris Inc,0.0081999999999999,2026-05-22,2026-05-25
CALF,PRDO,Perdoceo Education Corp,0.0023,2026-05-22,2026-05-25
CALF,PRGS,Progress Software Corp,0.0022,2026-05-22,2026-05-25
CALF,PTON,Peloton Interactive Inc,0.0052,2026-05-22,2026-05-25
CALF,QLYS,Qualys Inc,0.0034999999999999,2026-05-22,2026-05-25
CALF,QNST,QuinStreet Inc,0.001,2026-05-22,2026-05-25
CALF,QRVO,Qorvo Inc,0.0091,2026-05-22,2026-05-25
CALF,RAMP,LiveRamp Holdings Inc,0.0026,2026-05-22,2026-05-25
CALF,REPX,Riley Exploration Permian Inc,0.0009,2026-05-22,2026-05-25
CALF,RGR,Sturm Ruger & Co Inc,0.0004,2026-05-22,2026-05-25
CALF,RHI,Robert Half Inc,0.0036,2026-05-22,2026-05-25
CALF,RHLD,Resolute Holdings Management Inc,0.0009,2026-05-22,2026-05-25
CALF,RIGL,Rigel Pharmaceuticals Inc,0.0009,2026-05-22,2026-05-25
CALF,RNG,RingCentral Inc,0.0067,2026-05-22,2026-05-25
CALF,ROCK,Gibraltar Industries Inc,0.0012,2026-05-22,2026-05-25
CALF,RPD,Rapid7 Inc,0.001,2026-05-22,2026-05-25
CALF,RUSHA,Rush Enterprises Inc,0.0070999999999999,2026-05-22,2026-05-25
CALF,SAM,Boston Beer Co Inc/The,0.002,2026-05-22,2026-05-25
CALF,SBH,Sally Beauty Holdings Inc,0.0021,2026-05-22,2026-05-25
CALF,SCSC,ScanSource Inc,0.0016,2026-05-22,2026-05-25
CALF,SENEA,Seneca Foods Corp,0.0015,2026-05-22,2026-05-25
CALF,SIG,Signet Jewelers Ltd,0.0066,2026-05-22,2026-05-25
CALF,SMPL,Simply Good Foods Co/The,0.0016,2026-05-22,2026-05-25
CALF,SNX,TD SYNNEX Corp,0.0241,2026-05-22,2026-05-25
CALF,SONO,Sonos Inc,0.0016,2026-05-22,2026-05-25
CALF,SPB,Spectrum Brands Holdings Inc,0.0036,2026-05-22,2026-05-25
CALF,SPT,Sprout Social Inc,0.0005,2026-05-22,2026-05-25
CALF,STNG,Scorpio Tankers Inc,0.0045,2026-05-22,2026-05-25
CALF,STRA,Strategic Education Inc,0.0017,2026-05-22,2026-05-25
CALF,SWBI,Smith & Wesson Brands Inc,0.0007,2026-05-22,2026-05-25
CALF,SWKS,Skyworks Solutions Inc,0.0179,2026-05-22,2026-05-25
CALF,TBPH,Theravance Biopharma Inc,0.0014,2026-05-22,2026-05-25
CALF,TCMD,Tactile Systems Technology Inc,0.0004,2026-05-22,2026-05-25
CALF,TDC,Teradata Corp,0.004,2026-05-22,2026-05-25
CALF,TDW,Tidewater Inc,0.0040999999999999,2026-05-22,2026-05-25
CALF,TENB,Tenable Holdings Inc,0.0034999999999999,2026-05-22,2026-05-25
CALF,TMHC,Taylor Morrison Home Corp,0.0088,2026-05-22,2026-05-25
CALF,TNET,TriNet Group Inc,0.0029,2026-05-22,2026-05-25
CALF,TNK,Teekay Tankers Ltd,0.0015,2026-05-22,2026-05-25
CALF,TOL,Toll Brothers Inc,0.016,2026-05-22,2026-05-25
CALF,TPC,Tutor Perini Corp,0.0068,2026-05-22,2026-05-25
CALF,TRIP,TripAdvisor Inc,0.002,2026-05-22,2026-05-25
CALF,UPBD,Upbound Group Inc,0.0021,2026-05-22,2026-05-25
CALF,UPWK,Upwork Inc,0.0018,2026-05-22,2026-05-25
CALF,USBFS03,U.S. Bank Money Market Deposit Account 06/01/2031,0.0005,2026-05-22,2026-05-25
CALF,VC,Visteon Corp,0.0039,2026-05-22,2026-05-25
CALF,VSNT,Versant Media Group Inc,0.0139999999999999,2026-05-22,2026-05-25
CALF,WGO,Winnebago Industries Inc,0.0013,2026-05-22,2026-05-25
CALF,WKC,World Kinect Corp,0.0026,2026-05-22,2026-05-25
CALF,YELP,Yelp Inc,0.003,2026-05-22,2026-05-25
CALF,YEXT,Yext Inc,0.0004,2026-05-22,2026-05-25
CALF,ZD,Ziff Davis Inc,0.0036,2026-05-22,2026-05-25
CALF,ZM,Zoom Communications Inc,0.0258,2026-05-22,2026-05-25
CALF,Cash&Other,Cash & Other,0.0004,2026-05-22,2026-05-25
SPMO,NVDA,NVIDIA Corp,0.089512,2026-05-22,2026-05-25
SPMO,MU,Micron Technology Inc,0.086086,2026-05-22,2026-05-25
SPMO,AVGO,Broadcom Inc,0.072899,2026-05-22,2026-05-25
SPMO,GOOGL,Alphabet Inc,0.050249,2026-05-22,2026-05-25
SPMO,JNJ,Johnson & Johnson,0.041567,2026-05-22,2026-05-25
SPMO,GOOG,Alphabet Inc,0.039887,2026-05-22,2026-05-25
SPMO,AMD,Advanced Micro Devices Inc,0.038921,2026-05-22,2026-05-25
SPMO,LRCX,Lam Research Corp,0.035222,2026-05-22,2026-05-25
SPMO,INTC,Intel Corp,0.032026,2026-05-22,2026-05-25
SPMO,XOM,Exxon Mobil Corp,0.030955,2026-05-22,2026-05-25
SPMO,CAT,Caterpillar Inc,0.027125,2026-05-22,2026-05-25
SPMO,SNDK,Sandisk Corp/DE,0.02226,2026-05-22,2026-05-25
SPMO,CSCO,Cisco Systems Inc,0.020949,2026-05-22,2026-05-25
SPMO,STX,Seagate Technology Holdings PLC,0.018038,2026-05-22,2026-05-25
SPMO,AMAT,Applied Materials Inc,0.017687,2026-05-22,2026-05-25
SPMO,WDC,Western Digital Corp,0.016722,2026-05-22,2026-05-25
SPMO,GE,General Electric Co,0.01587,2026-05-22,2026-05-25
SPMO,GEV,GE Vernova Inc,0.014789,2026-05-22,2026-05-25
SPMO,GS,Goldman Sachs Group Inc/The,0.014382,2026-05-22,2026-05-25
SPMO,RTX,RTX Corp,0.014331,2026-05-22,2026-05-25
SPMO,PM,Philip Morris International Inc,0.014306,2026-05-22,2026-05-25
SPMO,KLAC,KLA Corp,0.014181,2026-05-22,2026-05-25
SPMO,KO,Coca-Cola Co/The,0.012954,2026-05-22,2026-05-25
SPMO,PLTR,Palantir Technologies Inc,0.012602,2026-05-22,2026-05-25
SPMO,APH,Amphenol Corp,0.011965,2026-05-22,2026-05-25
SPMO,NEM,Newmont Corp,0.011141,2026-05-22,2026-05-25
SPMO,GLW,Corning Inc,0.010569,2026-05-22,2026-05-25
SPMO,C,Citigroup Inc,0.010029,2026-05-22,2026-05-25
SPMO,MS,Morgan Stanley,0.009666,2026-05-22,2026-05-25
SPMO,GILD,Gilead Sciences Inc,0.008565,2026-05-22,2026-05-25
SPMO,WELL,Welltower Inc,0.008316,2026-05-22,2026-05-25
SPMO,ADI,Analog Devices Inc,0.008117,2026-05-22,2026-05-25
SPMO,CIEN,Ciena Corp,0.006578,2026-05-22,2026-05-25
SPMO,SCHW,Charles Schwab Corp/The,0.005902,2026-05-22,2026-05-25
SPMO,HWM,Howmet Aerospace Inc,0.005675,2026-05-22,2026-05-25
SPMO,MO,Altria Group Inc,0.005223,2026-05-22,2026-05-25
SPMO,CMI,Cummins Inc,0.00522,2026-05-22,2026-05-25
SPMO,BNY,Bank of New York Mellon Corp/The,0.005194,2026-05-22,2026-05-25
SPMO,LMT,Lockheed Martin Corp,0.005165,2026-05-22,2026-05-25
SPMO,PWR,Quanta Services Inc,0.005088,2026-05-22,2026-05-25
SPMO,FIX,Comfort Systems USA Inc,0.00491,2026-05-22,2026-05-25
SPMO,MCK,McKesson Corp,0.00489,2026-05-22,2026-05-25
SPMO,GD,General Dynamics Corp,0.004653,2026-05-22,2026-05-25
SPMO,MNST,Monster Beverage Corp,0.004556,2026-05-22,2026-05-25
SPMO,CME,CME Group Inc,0.004483,2026-05-22,2026-05-25
SPMO,JCI,Johnson Controls International plc,0.004461,2026-05-22,2026-05-25
SPMO,LHX,L3Harris Technologies Inc,0.004289,2026-05-22,2026-05-25
SPMO,PH,Parker-Hannifin Corp,0.004191,2026-05-22,2026-05-25
SPMO,FCX,Freeport-McMoRan Inc,0.004013,2026-05-22,2026-05-25
SPMO,GM,General Motors Co,0.004,2026-05-22,2026-05-25
SPMO,NOC,Northrop Grumman Corp,0.003555,2026-05-22,2026-05-25
SPMO,WMB,Williams Cos Inc/The,0.003532,2026-05-22,2026-05-25
SPMO,CAH,Cardinal Health Inc,0.003442,2026-05-22,2026-05-25
SPMO,MPWR,Monolithic Power Systems Inc,0.003396,2026-05-22,2026-05-25
SPMO,HCA,HCA Healthcare Inc,0.003258,2026-05-22,2026-05-25
SPMO,AEP,American Electric Power Co Inc,0.003213,2026-05-22,2026-05-25
SPMO,TEL,TE Connectivity PLC,0.003051,2026-05-22,2026-05-25
SPMO,TER,Teradyne Inc,0.00302,2026-05-22,2026-05-25
SPMO,COR,Cencora Inc,0.002979,2026-05-22,2026-05-25
SPMO,F,Ford Motor Co,0.002693,2026-05-22,2026-05-25
SPMO,ROK,Rockwell Automation Inc,0.00251,2026-05-22,2026-05-25
SPMO,HOOD,Robinhood Markets Inc,0.002409,2026-05-22,2026-05-25
SPMO,VTR,Ventas Inc,0.001963,2026-05-22,2026-05-25
SPMO,EBAY,eBay Inc,0.001948,2026-05-22,2026-05-25
SPMO,IDXX,IDEXX Laboratories Inc,0.001939,2026-05-22,2026-05-25
SPMO,ETR,Entergy Corp,0.001927,2026-05-22,2026-05-25
SPMO,EME,EMCOR Group Inc,0.001783,2026-05-22,2026-05-25
SPMO,STT,State Street Corp,0.001711,2026-05-22,2026-05-25
SPMO,CBOE,Cboe Global Markets Inc,0.001709,2026-05-22,2026-05-25
SPMO,DG,Dollar General Corp,0.001674,2026-05-22,2026-05-25
SPMO,ADM,Archer-Daniels-Midland Co,0.001565,2026-05-22,2026-05-25
SPMO,JBL,Jabil Inc,0.001523,2026-05-22,2026-05-25
SPMO,CHRW,CH Robinson Worldwide Inc,0.001468,2026-05-22,2026-05-25
SPMO,TPR,Tapestry Inc,0.001462,2026-05-22,2026-05-25
SPMO,WEC,WEC Energy Group Inc,0.001342,2026-05-22,2026-05-25
SPMO,CNP,CenterPoint Energy Inc,0.001337,2026-05-22,2026-05-25
SPMO,NTRS,Northern Trust Corp,0.001303,2026-05-22,2026-05-25
SPMO,HSY,Hershey Co/The,0.001229,2026-05-22,2026-05-25
SPMO,ATO,Atmos Energy Corp,0.001189,2026-05-22,2026-05-25
SPMO,ULTA,Ulta Beauty Inc,0.001074,2026-05-22,2026-05-25
SPMO,NRG,NRG Energy Inc,0.001047,2026-05-22,2026-05-25
SPMO,ALB,Albemarle Corp,0.001035,2026-05-22,2026-05-25
SPMO,HII,Huntington Ingalls Industries Inc,0.001011,2026-05-22,2026-05-25
SPMO,FE,FirstEnergy Corp,0.001006,2026-05-22,2026-05-25
SPMO,EXPD,Expeditors International of Washington Inc,0.000989,2026-05-22,2026-05-25
SPMO,EVRG,Evergy Inc,0.000915,2026-05-22,2026-05-25
SPMO,NI,NiSource Inc,0.000903,2026-05-22,2026-05-25
SPMO,BG,Bunge Global SA,0.00083,2026-05-22,2026-05-25
SPMO,DLTR,Dollar Tree Inc,0.000788,2026-05-22,2026-05-25
SPMO,L,Loews Corp,0.000775,2026-05-22,2026-05-25
SPMO,LDOS,Leidos Holdings Inc,0.000706,2026-05-22,2026-05-25
SPMO,ROL,Rollins Inc,0.000699,2026-05-22,2026-05-25
SPMO,FOXA,Fox Corp,0.000601,2026-05-22,2026-05-25
SPMO,HAS,Hasbro Inc,0.000599,2026-05-22,2026-05-25
SPMO,RL,Ralph Lauren Corp,0.00056,2026-05-22,2026-05-25
SPMO,IVZ,Invesco Ltd,0.000494,2026-05-22,2026-05-25
SPMO,TKO,TKO Group Holdings Inc,0.000454,2026-05-22,2026-05-25
SPMO,FOX,Fox Corp,0.00034,2026-05-22,2026-05-25
SPMO,LUV,Southwest Airlines Co,0.000209,2026-05-22,2026-05-25
CSD,Q,Qnity Electronics Inc,0.077795,2026-05-22,2026-05-25
CSD,SNDK,Sandisk Corp/DE,0.077683,2026-05-22,2026-05-25
CSD,GEHC,GE HealthCare Technologies Inc,0.077077,2026-05-22,2026-05-25
CSD,VLTO,Veralto Corp,0.074014,2026-05-22,2026-05-25
CSD,SOLS,Solstice Advanced Materials Inc,0.073858,2026-05-22,2026-05-25
CSD,GEV,GE Vernova Inc,0.068778,2026-05-22,2026-05-25
CSD,RAL,Ralliant Corp,0.058186,2026-05-22,2026-05-25
CSD,SOLV,Solventum Corp,0.048106,2026-05-22,2026-05-25
CSD,VSNT,Versant Media Group Inc,0.046294,2026-05-22,2026-05-25
CSD,LLYVK,Liberty Live Holdings Inc,0.044787,2026-05-22,2026-05-25
CSD,CR,Crane Co,0.043996,2026-05-22,2026-05-25
CSD,ECG,Everus Construction Group Inc,0.039063,2026-05-22,2026-05-25
CSD,KNF,Knife River Corp,0.035069,2026-05-22,2026-05-25
CSD,UHAL/B,U-Haul Holding Co,0.034817,2026-05-22,2026-05-25
CSD,MRP,Millrose Properties Inc,0.031307,2026-05-22,2026-05-25
CSD,RXO,RXO Inc,0.029406,2026-05-22,2026-05-25
CSD,AMTM,Amentum Holdings Inc,0.026236,2026-05-22,2026-05-25
CSD,NATL,NCR Atleos Corp,0.024272,2026-05-22,2026-05-25
CSD,VGNT,Versigent PLC,0.021438,2026-05-22,2026-05-25
CSD,PHIN,Phinia Inc,0.020843,2026-05-22,2026-05-25
CSD,CURB,Curbline Properties Corp,0.020175,2026-05-22,2026-05-25
CSD,VSTS,Vestis Corp,0.009676,2026-05-22,2026-05-25
CSD,FTRE,Fortrea Holdings Inc,0.008978,2026-05-22,2026-05-25
CSD,MBC,Masterbrand Inc,0.007183,2026-05-22,2026-05-25
XSMO,VSAT,Viasat Inc,0.039788,2026-05-22,2026-05-25
XSMO,VIAV,Viavi Solutions Inc,0.038197,2026-05-22,2026-05-25
XSMO,SANM,Sanmina Corp,0.028837,2026-05-22,2026-05-25
XSMO,ESE,ESCO Technologies Inc,0.024853,2026-05-22,2026-05-25
XSMO,KRYS,Krystal Biotech Inc,0.022123,2026-05-22,2026-05-25
XSMO,FORM,FormFactor Inc,0.0215,2026-05-22,2026-05-25
XSMO,POWL,Powell Industries Inc,0.021042,2026-05-22,2026-05-25
XSMO,PRIM,Primoris Services Corp,0.020302,2026-05-22,2026-05-25
XSMO,BTSG,BrightSpring Health Services Inc,0.020246,2026-05-22,2026-05-25
XSMO,MRCY,Mercury Systems Inc,0.019724,2026-05-22,2026-05-25
XSMO,MYRG,MYR Group Inc,0.019031,2026-05-22,2026-05-25
XSMO,SNEX,StoneX Group Inc,0.018906,2026-05-22,2026-05-25
XSMO,INDV,Indivior Pharmaceuticals Inc,0.018409,2026-05-22,2026-05-25
XSMO,LUMN,Lumen Technologies Inc,0.018383,2026-05-22,2026-05-25
XSMO,PTGX,Protagonist Therapeutics Inc,0.016648,2026-05-22,2026-05-25
XSMO,ACMR,ACM Research Inc,0.014905,2026-05-22,2026-05-25
XSMO,GVA,Granite Construction Inc,0.01485,2026-05-22,2026-05-25
XSMO,PLXS,Plexus Corp,0.014625,2026-05-22,2026-05-25
XSMO,MSGS,Madison Square Garden Sports Corp,0.013915,2026-05-22,2026-05-25
XSMO,PSMT,PriceSmart Inc,0.013688,2026-05-22,2026-05-25
XSMO,LGND,Ligand Pharmaceuticals Inc,0.013383,2026-05-22,2026-05-25
XSMO,PTCT,PTC Therapeutics Inc,0.01296,2026-05-22,2026-05-25
XSMO,AWI,Armstrong World Industries Inc,0.012592,2026-05-22,2026-05-25
XSMO,DAN,Dana Inc,0.011845,2026-05-22,2026-05-25
XSMO,CENX,Century Aluminum Co,0.011711,2026-05-22,2026-05-25
XSMO,AX,Axos Financial Inc,0.011408,2026-05-22,2026-05-25
XSMO,NPO,Enpro Inc,0.011061,2026-05-22,2026-05-25
XSMO,AIR,AAR Corp,0.010612,2026-05-22,2026-05-25
XSMO,MCY,Mercury General Corp,0.010553,2026-05-22,2026-05-25
XSMO,HCC,Warrior Met Coal Inc,0.01037,2026-05-22,2026-05-25
XSMO,AZZ,AZZ Inc,0.010312,2026-05-22,2026-05-25
XSMO,YOU,Clear Secure Inc,0.0103,2026-05-22,2026-05-25
XSMO,OUT,Outfront Media Inc,0.010193,2026-05-22,2026-05-25
XSMO,PARR,Par Pacific Holdings Inc,0.010154,2026-05-22,2026-05-25
XSMO,IBP,Installed Building Products Inc,0.00979,2026-05-22,2026-05-25
XSMO,ABCB,Ameris Bancorp,0.009777,2026-05-22,2026-05-25
XSMO,MIR,Mirion Technologies Inc,0.009504,2026-05-22,2026-05-25
XSMO,HASI,HA Sustainable Infrastructure Capital Inc,0.009475,2026-05-22,2026-05-25
XSMO,INSW,International Seaways Inc,0.009229,2026-05-22,2026-05-25
XSMO,CWEN,Clearway Energy Inc,0.009187,2026-05-22,2026-05-25
XSMO,SXT,Sensient Technologies Corp,0.009162,2026-05-22,2026-05-25
XSMO,OPLN,OPENLANE Inc,0.009112,2026-05-22,2026-05-25
XSMO,MRP,Millrose Properties Inc,0.008948,2026-05-22,2026-05-25
XSMO,SEDG,SolarEdge Technologies Inc,0.008656,2026-05-22,2026-05-25
XSMO,KALU,Kaiser Aluminum Corp,0.00861,2026-05-22,2026-05-25
XSMO,AMTM,Amentum Holdings Inc,0.008552,2026-05-22,2026-05-25
XSMO,MTRN,Materion Corp,0.008454,2026-05-22,2026-05-25
XSMO,ENVA,Enova International Inc,0.008437,2026-05-22,2026-05-25
XSMO,BTU,Peabody Energy Corp,0.00799,2026-05-22,2026-05-25
XSMO,MDU,MDU Resources Group Inc,0.007954,2026-05-22,2026-05-25
XSMO,REZI,Resideo Technologies Inc,0.007717,2026-05-22,2026-05-25
XSMO,EZPW,EZCORP Inc,0.007487,2026-05-22,2026-05-25
XSMO,AAMI,Acadian Asset Management Inc,0.007431,2026-05-22,2026-05-25
XSMO,SIG,Signet Jewelers Ltd,0.007119,2026-05-22,2026-05-25
XSMO,AVA,Avista Corp,0.007109,2026-05-22,2026-05-25
XSMO,HE,Hawaiian Electric Industries Inc,0.007093,2026-05-22,2026-05-25
XSMO,WT,WisdomTree Inc,0.007046,2026-05-22,2026-05-25
XSMO,TDS,Telephone and Data Systems Inc,0.006864,2026-05-22,2026-05-25
XSMO,TMDX,TransMedics Group Inc,0.006784,2026-05-22,2026-05-25
XSMO,AMRX,Amneal Pharmaceuticals Inc,0.006748,2026-05-22,2026-05-25
XSMO,RUN,Sunrun Inc,0.006713,2026-05-22,2026-05-25
XSMO,PHIN,Phinia Inc,0.006562,2026-05-22,2026-05-25
XSMO,GOLF,Acushnet Holdings Corp,0.006449,2026-05-22,2026-05-25
XSMO,LXP,LXP Industrial Trust,0.006448,2026-05-22,2026-05-25
XSMO,NHC,National HealthCare Corp,0.006441,2026-05-22,2026-05-25
XSMO,LCII,LCI Industries,0.006296,2026-05-22,2026-05-25
XSMO,KMT,Kennametal Inc,0.006289,2026-05-22,2026-05-25
XSMO,JOE,St Joe Co/The,0.005997,2026-05-22,2026-05-25
XSMO,PATK,Patrick Industries Inc,0.005943,2026-05-22,2026-05-25
XSMO,ANDE,Andersons Inc/The,0.005893,2026-05-22,2026-05-25
XSMO,SPNT,SiriusPoint Ltd,0.005744,2026-05-22,2026-05-25
XSMO,SXI,Standex International Corp,0.005627,2026-05-22,2026-05-25
XSMO,OSIS,OSI Systems Inc,0.00543,2026-05-22,2026-05-25
XSMO,EYE,National Vision Holdings Inc,0.005337,2026-05-22,2026-05-25
XSMO,GNL,Global Net Lease Inc,0.005308,2026-05-22,2026-05-25
XSMO,FBNC,First Bancorp/Southern Pines NC,0.005288,2026-05-22,2026-05-25
XSMO,RRR,Red Rock Resorts Inc,0.005072,2026-05-22,2026-05-25
XSMO,CALY,Callaway Golf Co,0.005036,2026-05-22,2026-05-25
XSMO,BXMT,Blackstone Mortgage Trust Inc,0.004857,2026-05-22,2026-05-25
XSMO,CUBI,Customers Bancorp Inc,0.004789,2026-05-22,2026-05-25
XSMO,NWN,Northwest Natural Holding Co,0.004578,2026-05-22,2026-05-25
XSMO,DGII,Digi International Inc,0.004578,2026-05-22,2026-05-25
XSMO,REX,REX American Resources Corp,0.004478,2026-05-22,2026-05-25
XSMO,NGVT,Ingevity Corp,0.004473,2026-05-22,2026-05-25
XSMO,RCUS,Arcus Biosciences Inc,0.003873,2026-05-22,2026-05-25
XSMO,HCSG,Healthcare Services Group Inc,0.00368,2026-05-22,2026-05-25
XSMO,MD,Pediatrix Medical Group Inc,0.003669,2026-05-22,2026-05-25
XSMO,HMN,Horace Mann Educators Corp,0.003535,2026-05-22,2026-05-25
XSMO,ARI,Apollo Commercial Real Estate Finance Inc,0.003498,2026-05-22,2026-05-25
XSMO,HTH,Hilltop Holdings Inc,0.003329,2026-05-22,2026-05-25
XSMO,HCI,HCI Group Inc,0.00324,2026-05-22,2026-05-25
XSMO,WOR,Worthington Enterprises Inc,0.003192,2026-05-22,2026-05-25
XSMO,ANIP,ANI Pharmaceuticals Inc,0.002988,2026-05-22,2026-05-25
XSMO,DCH,Dauch Corporation,0.002959,2026-05-22,2026-05-25
XSMO,EFC,Ellington Financial Inc,0.002753,2026-05-22,2026-05-25
XSMO,UFCS,United Fire Group Inc,0.00275,2026-05-22,2026-05-25
XSMO,TILE,Interface Inc,0.002743,2026-05-22,2026-05-25
XSMO,SCHL,Scholastic Corp,0.002678,2026-05-22,2026-05-25
XSMO,FDP,Fresh Del Monte Produce Inc,0.002667,2026-05-22,2026-05-25
XSMO,INVX,Innovex International Inc,0.00265,2026-05-22,2026-05-25
XSMO,WS,Worthington Steel Inc,0.00247,2026-05-22,2026-05-25
XSMO,ACT,Enact Holdings Inc,0.002373,2026-05-22,2026-05-25
XSMO,TRST,TrustCo Bank Corp NY,0.002359,2026-05-22,2026-05-25
XSMO,COLL,Collegium Pharmaceutical Inc,0.002328,2026-05-22,2026-05-25
XSMO,ASTE,Astec Industries Inc,0.002304,2026-05-22,2026-05-25
XSMO,CFFN,Capitol Federal Financial Inc,0.001955,2026-05-22,2026-05-25
XSMO,PAHC,Phibro Animal Health Corp,0.001954,2026-05-22,2026-05-25
XSMO,ADAM,Adamas Trust Inc,0.001945,2026-05-22,2026-05-25
XSMO,TR,Tootsie Roll Industries Inc,0.001638,2026-05-22,2026-05-25
XSMO,AORT,Artivion Inc,0.001621,2026-05-22,2026-05-25
XSMO,SMP,Standard Motor Products Inc,0.001573,2026-05-22,2026-05-25
XSMO,NPK,National Presto Industries Inc,0.001458,2026-05-22,2026-05-25
XMMO,CW,Curtiss-Wright Corp,0.038603,2026-05-22,2026-05-25
XMMO,FLEX,Flex Ltd,0.035973,2026-05-22,2026-05-25
XMMO,FTI,TechnipFMC PLC,0.032875,2026-05-22,2026-05-25
XMMO,TTMI,TTM Technologies Inc,0.030489,2026-05-22,2026-05-25
XMMO,STRL,Sterling Infrastructure Inc,0.029818,2026-05-22,2026-05-25
XMMO,FN,Fabrinet,0.028648,2026-05-22,2026-05-25
XMMO,ATI,ATI Inc,0.026724,2026-05-22,2026-05-25
XMMO,NVT,nVent Electric PLC,0.025998,2026-05-22,2026-05-25
XMMO,WWD,Woodward Inc,0.024328,2026-05-22,2026-05-25
XMMO,RGLD,Royal Gold Inc,0.023846,2026-05-22,2026-05-25
XMMO,NXT,Nextpower Inc,0.023592,2026-05-22,2026-05-25
XMMO,MTZ,MasTec Inc,0.021322,2026-05-22,2026-05-25
XMMO,MKSI,MKS Inc,0.021066,2026-05-22,2026-05-25
XMMO,MLI,Mueller Industries Inc,0.02028,2026-05-22,2026-05-25
XMMO,BWXT,BWX Technologies Inc,0.020194,2026-05-22,2026-05-25
XMMO,MTSI,MACOM Technology Solutions Holdings Inc,0.019869,2026-05-22,2026-05-25
XMMO,ROIV,Roivant Sciences Ltd,0.019589,2026-05-22,2026-05-25
XMMO,APG,API Group Corp,0.017948,2026-05-22,2026-05-25
XMMO,HL,Hecla Mining Co,0.017679,2026-05-22,2026-05-25
XMMO,CRS,Carpenter Technology Corp,0.017153,2026-05-22,2026-05-25
XMMO,ARWR,Arrowhead Pharmaceuticals Inc,0.016305,2026-05-22,2026-05-25
XMMO,RBC,RBC Bearings Inc,0.016118,2026-05-22,2026-05-25
XMMO,KTOS,Kratos Defense & Security Solutions Inc,0.016112,2026-05-22,2026-05-25
XMMO,WPC,WP Carey Inc,0.015886,2026-05-22,2026-05-25
XMMO,DY,Dycom Industries Inc,0.015434,2026-05-22,2026-05-25
XMMO,AEIS,Advanced Energy Industries Inc,0.015061,2026-05-22,2026-05-25
XMMO,WCC,WESCO International Inc,0.014779,2026-05-22,2026-05-25
XMMO,RBA,RB Global Inc,0.014659,2026-05-22,2026-05-25
XMMO,AA,Alcoa Corp,0.013657,2026-05-22,2026-05-25
XMMO,BWA,BorgWarner Inc,0.013015,2026-05-22,2026-05-25
XMMO,ORA,Ormat Technologies Inc,0.012615,2026-05-22,2026-05-25
XMMO,FIVE,Five Below Inc,0.012474,2026-05-22,2026-05-25
XMMO,AHR,American Healthcare REIT Inc,0.012396,2026-05-22,2026-05-25
XMMO,NLY,Annaly Capital Management Inc,0.012321,2026-05-22,2026-05-25
XMMO,RMBS,Rambus Inc,0.012128,2026-05-22,2026-05-25
XMMO,ELAN,Elanco Animal Health Inc,0.011757,2026-05-22,2026-05-25
XMMO,OHI,Omega Healthcare Investors Inc,0.011491,2026-05-22,2026-05-25
XMMO,CACI,CACI International Inc,0.011355,2026-05-22,2026-05-25
XMMO,TLN,Talen Energy Corp,0.011313,2026-05-22,2026-05-25
XMMO,DTM,DT Midstream Inc,0.011252,2026-05-22,2026-05-25
XMMO,ENS,EnerSys,0.011011,2026-05-22,2026-05-25
XMMO,SGI,Somnigroup International Inc,0.010782,2026-05-22,2026-05-25
XMMO,LECO,Lincoln Electric Holdings Inc,0.010528,2026-05-22,2026-05-25
XMMO,FCFS,FirstCash Holdings Inc,0.009945,2026-05-22,2026-05-25
XMMO,AMG,Affiliated Managers Group Inc,0.009924,2026-05-22,2026-05-25
XMMO,DCI,Donaldson Co Inc,0.009874,2026-05-22,2026-05-25
XMMO,NYT,New York Times Co/The,0.00972,2026-05-22,2026-05-25
XMMO,DINO,HF Sinclair Corp,0.009054,2026-05-22,2026-05-25
XMMO,MP,MP Materials Corp,0.008503,2026-05-22,2026-05-25
XMMO,PEN,Penumbra Inc,0.007838,2026-05-22,2026-05-25
XMMO,WTS,Watts Water Technologies Inc,0.00771,2026-05-22,2026-05-25
XMMO,UGI,UGI Corp,0.007632,2026-05-22,2026-05-25
XMMO,CMC,Commercial Metals Co,0.007454,2026-05-22,2026-05-25
XMMO,SPXC,SPX Technologies Inc,0.00738,2026-05-22,2026-05-25
XMMO,AMKR,Amkor Technology Inc,0.006936,2026-05-22,2026-05-25
XMMO,VMI,Valmont Industries Inc,0.00687,2026-05-22,2026-05-25
XMMO,IDA,IDACORP Inc,0.006703,2026-05-22,2026-05-25
XMMO,MEDP,Medpace Holdings Inc,0.006637,2026-05-22,2026-05-25
XMMO,ALV,Autoliv Inc,0.005704,2026-05-22,2026-05-25
XMMO,NFG,National Fuel Gas Co,0.005548,2026-05-22,2026-05-25
XMMO,BKH,Black Hills Corp,0.005158,2026-05-22,2026-05-25
XMMO,WFRD,Weatherford International PLC,0.005158,2026-05-22,2026-05-25
XMMO,TXNM,TXNM Energy Inc,0.00502,2026-05-22,2026-05-25
XMMO,POR,Portland General Electric Co,0.00493,2026-05-22,2026-05-25
XMMO,AM,Antero Midstream Corp,0.004867,2026-05-22,2026-05-25
XMMO,NEU,NewMarket Corp,0.00476,2026-05-22,2026-05-25
XMMO,CELH,Celsius Holdings Inc,0.004698,2026-05-22,2026-05-25
XMMO,NXST,Nexstar Media Group Inc,0.004384,2026-05-22,2026-05-25
XMMO,SR,Spire Inc,0.004275,2026-05-22,2026-05-25
XMMO,CNX,CNX Resources Corp,0.00409,2026-05-22,2026-05-25
XMMO,FHI,Federated Hermes Inc,0.003879,2026-05-22,2026-05-25
XMMO,SBRA,Sabra Health Care REIT Inc,0.003517,2026-05-22,2026-05-25
XMMO,AVAV,AeroVironment Inc,0.00341,2026-05-22,2026-05-25
XMMO,BCO,Brink's Co/The,0.003333,2026-05-22,2026-05-25
XMMO,EPR,EPR Properties,0.003179,2026-05-22,2026-05-25
XMMO,TNL,Travel + Leisure Co,0.002594,2026-05-22,2026-05-25
PIE,2345,Accton Technology Corp,0.040664,2026-05-22,2026-05-25
PIE,6196,Marketech International Corp,0.033438,2026-05-22,2026-05-25
PIE,6257,Sigurd Microelectronics Corp,0.03224,2026-05-22,2026-05-25
PIE,2404,United Integrated Services Co Ltd,0.031482,2026-05-22,2026-05-25
PIE,5434,Topco Scientific Co Ltd,0.031287,2026-05-22,2026-05-25
PIE,2330,Taiwan Semiconductor Manufacturing Co Ltd,0.029079,2026-05-22,2026-05-25
PIE,TISCO-R,Tisco Financial Group PCL,0.021636,2026-05-22,2026-05-25
PIE,6691,Yankey Engineering Co Ltd,0.020687,2026-05-22,2026-05-25
PIE,3037,Unimicron Technology Corp,0.019063,2026-05-22,2026-05-25
PIE,ASELS,Aselsan Elektronik Sanayi Ve Ticaret AS,0.018889,2026-05-22,2026-05-25
PIE,3044,Tripod Technology Corp,0.018688,2026-05-22,2026-05-25
PIE,2383,Elite Material Co Ltd,0.018185,2026-05-22,2026-05-25
PIE,2408,Nanya Technology Corp,0.017995,2026-05-22,2026-05-25
PIE,6515,WinWay Technology Co Ltd,0.017699,2026-05-22,2026-05-25
PIE,GENTERA*,Gentera SAB de CV,0.01655,2026-05-22,2026-05-25
PIE,8112,Supreme Electronics Co Ltd,0.01632,2026-05-22,2026-05-25
PIE,3665,Bizlink Holding Inc,0.015402,2026-05-22,2026-05-25
PIE,2276,Shanghai Conant Optical Co Ltd,0.014434,2026-05-22,2026-05-25
PIE,8046,Nan Ya Printed Circuit Board Corp,0.014424,2026-05-22,2026-05-25
PIE,2360,Chroma ATE Inc,0.013536,2026-05-22,2026-05-25
PIE,3711,ASE Technology Holding Co Ltd,0.013464,2026-05-22,2026-05-25
PIE,2344,Winbond Electronics Corp,0.013396,2026-05-22,2026-05-25
PIE,6944,Mega Union Technology Inc,0.013278,2026-05-22,2026-05-25
PIE,2337,Macronix International Co Ltd,0.012793,2026-05-22,2026-05-25
PIE,3189,Kinsus Interconnect Technology Corp,0.012665,2026-05-22,2026-05-25
PIE,2616,CStone Pharmaceuticals,0.012515,2026-05-22,2026-05-25
PIE,1681,Consun Pharmaceutical Group Ltd,0.012467,2026-05-22,2026-05-25
PIE,2327,Yageo Corp,0.012092,2026-05-22,2026-05-25
PIE,1898,China Coal Energy Co Ltd,0.012054,2026-05-22,2026-05-25
PIE,2368,Gold Circuit Electronics Ltd,0.01188,2026-05-22,2026-05-25
PIE,1088,China Shenhua Energy Co Ltd,0.010967,2026-05-22,2026-05-25
PIE,VKE,Vukile Property Fund Ltd,0.01096,2026-05-22,2026-05-25
PIE,ICT,International Container Terminal Services Inc,0.010916,2026-05-22,2026-05-25
PIE,857,PetroChina Co Ltd,0.010579,2026-05-22,2026-05-25
PIE,3017,Asia Vital Components Co Ltd,0.009447,2026-05-22,2026-05-25
PIE,2308,Delta Electronics Inc,0.009247,2026-05-22,2026-05-25
PIE,DIRR3,Direcional Engenharia SA,0.009026,2026-05-22,2026-05-25
PIE,3443,Global Unichip Corp,0.00884,2026-05-22,2026-05-25
PIE,GMEXICOB,Grupo Mexico SAB de CV,0.008441,2026-05-22,2026-05-25
PIE,2313,Compeq Manufacturing Co Ltd,0.008246,2026-05-22,2026-05-25
PIE,8996,Kaori Heat Treatment Co Ltd,0.008085,2026-05-22,2026-05-25
PIE,6531,AP Memory Technology Corp,0.007862,2026-05-22,2026-05-25
PIE,1378,China Hongqiao Group Ltd,0.007716,2026-05-22,2026-05-25
PIE,2486,I-Chiun Precision Industry Co Ltd,0.007631,2026-05-22,2026-05-25
PIE,OTP,OTP Bank Nyrt,0.007506,2026-05-22,2026-05-25
PIE,3030,Test Research Inc,0.007368,2026-05-22,2026-05-25
PIE,2059,King Slide Works Co Ltd,0.007155,2026-05-22,2026-05-25
PIE,1072,Dongfang Electric Corp Ltd,0.007097,2026-05-22,2026-05-25
PIE,2451,Transcend Information Inc,0.007031,2026-05-22,2026-05-25
PIE,6770,Powerchip Semiconductor Manufacturing Corp,0.006995,2026-05-22,2026-05-25
PIE,2338,Weichai Power Co Ltd,0.006994,2026-05-22,2026-05-25
PIE,2890,SinoPac Financial Holdings Co Ltd,0.006985,2026-05-22,2026-05-25
PIE,2855,President Securities Corp,0.006859,2026-05-22,2026-05-25
PIE,SBSP3,Cia de Saneamento Basico do Estado de Sao Paulo SABESP,0.00685,2026-05-22,2026-05-25
PIE,2885,Yuanta Financial Holding Co Ltd,0.006748,2026-05-22,2026-05-25
PIE,598,Sinotrans Ltd,0.006561,2026-05-22,2026-05-25
PIE,6805,Fositek Corp,0.006428,2026-05-22,2026-05-25
PIE,3006,Elite Semiconductor Microelectronics Technology Inc,0.006362,2026-05-22,2026-05-25
PIE,3808,Sinotruk Hong Kong Ltd,0.006186,2026-05-22,2026-05-25
PIE,BAP,Credicorp Ltd,0.005995,2026-05-22,2026-05-25
PIE,SWB,Sunway Bhd,0.005913,2026-05-22,2026-05-25
PIE,KST,PSG Financial Services Ltd,0.005826,2026-05-22,2026-05-25
PIE,8150,ChipMOS Technologies Inc,0.005815,2026-05-22,2026-05-25
PIE,3653,Jentech Precision Industrial Co Ltd,0.005705,2026-05-22,2026-05-25
PIE,KTB-R,Krung Thai Bank PCL,0.005619,2026-05-22,2026-05-25
PIE,SOL,Sasol Ltd,0.005543,2026-05-22,2026-05-25
PIE,2887,TS Financial Holding Co Ltd,0.005509,2026-05-22,2026-05-25
PIE,2891,CTBC Financial Holding Co Ltd,0.005498,2026-05-22,2026-05-25
PIE,KPJ,KPJ Healthcare Bhd,0.005451,2026-05-22,2026-05-25
PIE,3036,WT Microelectronics Co Ltd,0.005354,2026-05-22,2026-05-25
PIE,RES,Resilient REIT Ltd,0.005284,2026-05-22,2026-05-25
PIE,TCAP-R,Thanachart Capital PCL,0.00517,2026-05-22,2026-05-25
PIE,2449,King Yuan Electronics Co Ltd,0.005157,2026-05-22,2026-05-25
PIE,FIBRAPL,Prologis Property Mexico SA de CV,0.005095,2026-05-22,2026-05-25
PIE,1138,COSCO SHIPPING Energy Transportation Co Ltd,0.005055,2026-05-22,2026-05-25
PIE,CPI,Capitec Bank Holdings Ltd,0.005039,2026-05-22,2026-05-25
PIE,1303,Nan Ya Plastics Corp,0.005018,2026-05-22,2026-05-25
PIE,UGPA3,Ultrapar Participacoes SA,0.005003,2026-05-22,2026-05-25
PIE,FUNO11,Fibra Uno Administracion SA de CV,0.00494,2026-05-22,2026-05-25
PIE,MTM,Momentum Group Ltd,0.004829,2026-05-22,2026-05-25
PIE,2367,Unitech Printed Circuit Board Corp,0.004827,2026-05-22,2026-05-25
PIE,ITUB4,Itau Unibanco Holding SA,0.004824,2026-05-22,2026-05-25
PIE,MTN,MTN Group Ltd,0.004811,2026-05-22,2026-05-25
PIE,2880,Hua Nan Financial Holdings Co Ltd,0.004762,2026-05-22,2026-05-25
PIE,CSMG3,COPASA,0.004734,2026-05-22,2026-05-25
PIE,2208,Goldwind Science & Technology Co Ltd,0.004717,2026-05-22,2026-05-25
PIE,3576,United Renewable Energy Co Ltd/Taiwan,0.004712,2026-05-22,2026-05-25
PIE,2628,China Life Insurance Co Ltd,0.004711,2026-05-22,2026-05-25
PIE,T,Telekom Malaysia Bhd,0.004684,2026-05-22,2026-05-25
PIE,KBANK-R,Kasikornbank PCL,0.00468,2026-05-22,2026-05-25
PIE,AMM,AMMB Holdings Bhd,0.004583,2026-05-22,2026-05-25
PIE,ABMB,Alliance Bank Malaysia Bhd,0.004427,2026-05-22,2026-05-25
PIE,RHBBANK,RHB Bank Bhd,0.00433,2026-05-22,2026-05-25
PIE,1157,Zoomlion Heavy Industry Science and Technology Co Ltd,0.004113,2026-05-22,2026-05-25
PIE,VIVT3,Telefonica Brasil SA,0.004057,2026-05-22,2026-05-25
PIE,1519,Fortune Electric Co Ltd,0.004042,2026-05-22,2026-05-25
PIE,TGA,Thungela Resources Ltd,0.003665,2026-05-22,2026-05-25
PIE,MDKA,Merdeka Copper Gold Tbk PT,0.00352,2026-05-22,2026-05-25
PIE,631,Sany Heavy Equipment International Holdings Co Ltd,0.003482,2026-05-22,2026-05-25
PIE,2419,Dekon Food And Agriculture Group,0.00305,2026-05-22,2026-05-25
PIE,TWD,CASH & EQUIVALENTS,0.00036,2026-05-22,2026-05-25
PIE,HKD,CASH & EQUIVALENTS,5e-06,2026-05-22,2026-05-25
PIE,THB,CASH & EQUIVALENTS,3e-06,2026-05-22,2026-05-25
PIE,HUF,CASH & EQUIVALENTS,0.0,2026-05-22,2026-05-25
PIE,BRL,CASH & EQUIVALENTS,0.0,2026-05-22,2026-05-25
SPHQ,AAPL,Apple Inc,0.049138,2026-05-22,2026-05-25
SPHQ,COST,Costco Wholesale Corp,0.046802,2026-05-22,2026-05-25
SPHQ,LRCX,Lam Research Corp,0.046459,2026-05-22,2026-05-25
SPHQ,V,Visa Inc,0.044865,2026-05-22,2026-05-25
SPHQ,CSCO,Cisco Systems Inc,0.044649,2026-05-22,2026-05-25
SPHQ,GE,General Electric Co,0.041641,2026-05-22,2026-05-25
SPHQ,MA,Mastercard Inc,0.041046,2026-05-22,2026-05-25
SPHQ,CAT,Caterpillar Inc,0.0358,2026-05-22,2026-05-25
SPHQ,KLAC,KLA Corp,0.033841,2026-05-22,2026-05-25
SPHQ,KO,Coca-Cola Co/The,0.033081,2026-05-22,2026-05-25
SPHQ,PG,Procter & Gamble Co/The,0.032581,2026-05-22,2026-05-25
SPHQ,MRK,Merck & Co Inc,0.030824,2026-05-22,2026-05-25
SPHQ,AMAT,Applied Materials Inc,0.029406,2026-05-22,2026-05-25
SPHQ,GEV,GE Vernova Inc,0.028949,2026-05-22,2026-05-25
SPHQ,QCOM,QUALCOMM Inc,0.025793,2026-05-22,2026-05-25
SPHQ,WDC,Western Digital Corp,0.022968,2026-05-22,2026-05-25
SPHQ,GILD,Gilead Sciences Inc,0.022356,2026-05-22,2026-05-25
SPHQ,TJX,TJX Cos Inc/The,0.017335,2026-05-22,2026-05-25
SPHQ,APP,AppLovin Corp,0.016108,2026-05-22,2026-05-25
SPHQ,ETN,Eaton Corp PLC,0.014287,2026-05-22,2026-05-25
SPHQ,ADBE,Adobe Inc,0.013754,2026-05-22,2026-05-25
SPHQ,PGR,Progressive Corp/The,0.013344,2026-05-22,2026-05-25
SPHQ,FTNT,Fortinet Inc,0.01299,2026-05-22,2026-05-25
SPHQ,MMM,3M Co,0.011706,2026-05-22,2026-05-25
SPHQ,TT,Trane Technologies PLC,0.01135,2026-05-22,2026-05-25
SPHQ,NEM,Newmont Corp,0.011293,2026-05-22,2026-05-25
SPHQ,ACN,Accenture PLC,0.010011,2026-05-22,2026-05-25
SPHQ,PH,Parker-Hannifin Corp,0.00993,2026-05-22,2026-05-25
SPHQ,JCI,Johnson Controls International plc,0.00955,2026-05-22,2026-05-25
SPHQ,CEG,Constellation Energy Corp,0.008931,2026-05-22,2026-05-25
SPHQ,MNST,Monster Beverage Corp,0.00889,2026-05-22,2026-05-25
SPHQ,ITW,Illinois Tool Works Inc,0.008828,2026-05-22,2026-05-25
SPHQ,MCO,Moody's Corp,0.008031,2026-05-22,2026-05-25
SPHQ,UPS,United Parcel Service Inc,0.007675,2026-05-22,2026-05-25
SPHQ,MDLZ,Mondelez International Inc,0.007664,2026-05-22,2026-05-25
SPHQ,CL,Colgate-Palmolive Co,0.007229,2026-05-22,2026-05-25
SPHQ,EBAY,eBay Inc,0.007035,2026-05-22,2026-05-25
SPHQ,EOG,EOG Resources Inc,0.006781,2026-05-22,2026-05-25
SPHQ,ALL,Allstate Corp/The,0.006714,2026-05-22,2026-05-25
SPHQ,MSI,Motorola Solutions Inc,0.006508,2026-05-22,2026-05-25
SPHQ,CTAS,Cintas Corp,0.005857,2026-05-22,2026-05-25
SPHQ,IDXX,IDEXX Laboratories Inc,0.005816,2026-05-22,2026-05-25
SPHQ,GWW,WW Grainger Inc,0.005668,2026-05-22,2026-05-25
SPHQ,COR,Cencora Inc,0.005657,2026-05-22,2026-05-25
SPHQ,AMP,Ameriprise Financial Inc,0.00552,2026-05-22,2026-05-25
SPHQ,ABNB,Airbnb Inc,0.005397,2026-05-22,2026-05-25
SPHQ,CTVA,Corteva Inc,0.00522,2026-05-22,2026-05-25
SPHQ,FAST,Fastenal Co,0.00495,2026-05-22,2026-05-25
SPHQ,ROK,Rockwell Automation Inc,0.004851,2026-05-22,2026-05-25
SPHQ,AME,AMETEK Inc,0.004835,2026-05-22,2026-05-25
SPHQ,ZTS,Zoetis Inc,0.004474,2026-05-22,2026-05-25
SPHQ,EME,EMCOR Group Inc,0.004312,2026-05-22,2026-05-25
SPHQ,EA,Electronic Arts Inc,0.004306,2026-05-22,2026-05-25
SPHQ,KMB,Kimberly-Clark Corp,0.003863,2026-05-22,2026-05-25
SPHQ,NTAP,NetApp Inc,0.00385,2026-05-22,2026-05-25
SPHQ,ACGL,Arch Capital Group Ltd,0.003348,2026-05-22,2026-05-25
SPHQ,KVUE,Kenvue Inc,0.003046,2026-05-22,2026-05-25
SPHQ,RMD,ResMed Inc,0.003021,2026-05-22,2026-05-25
SPHQ,WSM,Williams-Sonoma Inc,0.002818,2026-05-22,2026-05-25
SPHQ,EXPE,Expedia Group Inc,0.002612,2026-05-22,2026-05-25
SPHQ,HUBB,Hubbell Inc,0.002459,2026-05-22,2026-05-25
SPHQ,DOV,Dover Corp,0.00245,2026-05-22,2026-05-25
SPHQ,CHD,Church & Dwight Co Inc,0.002396,2026-05-22,2026-05-25
SPHQ,STE,STERIS PLC,0.002364,2026-05-22,2026-05-25
SPHQ,PPG,PPG Industries Inc,0.002299,2026-05-22,2026-05-25
SPHQ,STZ,Constellation Brands Inc,0.002188,2026-05-22,2026-05-25
SPHQ,TROW,T Rowe Price Group Inc,0.002142,2026-05-22,2026-05-25
SPHQ,CF,CF Industries Holdings Inc,0.002131,2026-05-22,2026-05-25
SPHQ,EXPD,Expeditors International of Washington Inc,0.002063,2026-05-22,2026-05-25
SPHQ,ULTA,Ulta Beauty Inc,0.002049,2026-05-22,2026-05-25
SPHQ,WAT,Waters Corp,0.002047,2026-05-22,2026-05-25
SPHQ,INCY,Incyte Corp,0.002038,2026-05-22,2026-05-25
SPHQ,CHRW,CH Robinson Worldwide Inc,0.001964,2026-05-22,2026-05-25
SPHQ,LII,Lennox International Inc,0.001936,2026-05-22,2026-05-25
SPHQ,DLTR,Dollar Tree Inc,0.001915,2026-05-22,2026-05-25
SPHQ,FFIV,F5 Inc,0.001875,2026-05-22,2026-05-25
SPHQ,SNA,Snap-on Inc,0.001772,2026-05-22,2026-05-25
SPHQ,JBHT,JB Hunt Transport Services Inc,0.001632,2026-05-22,2026-05-25
SPHQ,DECK,Deckers Outdoor Corp,0.001631,2026-05-22,2026-05-25
SPHQ,J,Jacobs Solutions Inc,0.001619,2026-05-22,2026-05-25
SPHQ,BR,Broadridge Financial Solutions Inc,0.001616,2026-05-22,2026-05-25
SPHQ,NVR,NVR Inc,0.001546,2026-05-22,2026-05-25
SPHQ,RL,Ralph Lauren Corp,0.001516,2026-05-22,2026-05-25
SPHQ,LDOS,Leidos Holdings Inc,0.001466,2026-05-22,2026-05-25
SPHQ,TRMB,Trimble Inc,0.001463,2026-05-22,2026-05-25
SPHQ,SOLV,Solventum Corp,0.001419,2026-05-22,2026-05-25
SPHQ,IT,Gartner Inc,0.001352,2026-05-22,2026-05-25
SPHQ,TYL,Tyler Technologies Inc,0.00135,2026-05-22,2026-05-25
SPHQ,GNRC,Generac Holdings Inc,0.001338,2026-05-22,2026-05-25
SPHQ,LULU,Lululemon Athletica Inc,0.001291,2026-05-22,2026-05-25
SPHQ,BBY,Best Buy Co Inc,0.001177,2026-05-22,2026-05-25
SPHQ,RVTY,Revvity Inc,0.001151,2026-05-22,2026-05-25
SPHQ,SWKS,Skyworks Solutions Inc,0.001139,2026-05-22,2026-05-25
SPHQ,ZBRA,Zebra Technologies Corp,0.001139,2026-05-22,2026-05-25
SPHQ,JKHY,Jack Henry & Associates Inc,0.000976,2026-05-22,2026-05-25
SPHQ,FDS,FactSet Research Systems Inc,0.000787,2026-05-22,2026-05-25
SPHQ,TECH,Bio-Techne Corp,0.000757,2026-05-22,2026-05-25
SPHQ,ERIE,Erie Indemnity Co,0.000688,2026-05-22,2026-05-25
SPHQ,POOL,Pool Corp,0.000662,2026-05-22,2026-05-25
RPG,SNDK,Sandisk Corp/DE,0.075833,2026-05-22,2026-05-25
RPG,FIX,Comfort Systems USA Inc,0.034734,2026-05-22,2026-05-25
RPG,CIEN,Ciena Corp,0.031083,2026-05-22,2026-05-25
RPG,MU,Micron Technology Inc,0.030644,2026-05-22,2026-05-25
RPG,MPWR,Monolithic Power Systems Inc,0.026637,2026-05-22,2026-05-25
RPG,AMD,Advanced Micro Devices Inc,0.023939,2026-05-22,2026-05-25
RPG,VRT,Vertiv Holdings Co,0.022855,2026-05-22,2026-05-25
RPG,KLAC,KLA Corp,0.021594,2026-05-22,2026-05-25
RPG,CRWD,Crowdstrike Holdings Inc,0.021387,2026-05-22,2026-05-25
RPG,HWM,Howmet Aerospace Inc,0.021033,2026-05-22,2026-05-25
RPG,BRK/B,Berkshire Hathaway Inc,0.020961,2026-05-22,2026-05-25
RPG,PWR,Quanta Services Inc,0.01946,2026-05-22,2026-05-25
RPG,SATS,EchoStar Corp,0.019321,2026-05-22,2026-05-25
RPG,LRCX,Lam Research Corp,0.018862,2026-05-22,2026-05-25
RPG,IBKR,Interactive Brokers Group Inc,0.018596,2026-05-22,2026-05-25
RPG,GEV,GE Vernova Inc,0.017252,2026-05-22,2026-05-25
RPG,APH,Amphenol Corp,0.017135,2026-05-22,2026-05-25
RPG,COHR,Coherent Corp,0.016925,2026-05-22,2026-05-25
RPG,NVDA,NVIDIA Corp,0.01687,2026-05-22,2026-05-25
RPG,EME,EMCOR Group Inc,0.016545,2026-05-22,2026-05-25
RPG,AVGO,Broadcom Inc,0.016503,2026-05-22,2026-05-25
RPG,ANET,Arista Networks Inc,0.016479,2026-05-22,2026-05-25
RPG,LLY,Eli Lilly & Co,0.016361,2026-05-22,2026-05-25
RPG,FSLR,First Solar Inc,0.01621,2026-05-22,2026-05-25
RPG,LITE,Lumentum Holdings Inc,0.015427,2026-05-22,2026-05-25
RPG,TKO,TKO Group Holdings Inc,0.015154,2026-05-22,2026-05-25
RPG,DDOG,Datadog Inc,0.014616,2026-05-22,2026-05-25
RPG,INCY,Incyte Corp,0.014434,2026-05-22,2026-05-25
RPG,TPR,Tapestry Inc,0.014062,2026-05-22,2026-05-25
RPG,PLTR,Palantir Technologies Inc,0.014012,2026-05-22,2026-05-25
RPG,NEM,Newmont Corp,0.013997,2026-05-22,2026-05-25
RPG,RL,Ralph Lauren Corp,0.013924,2026-05-22,2026-05-25
RPG,APP,AppLovin Corp,0.013261,2026-05-22,2026-05-25
RPG,WYNN,Wynn Resorts Ltd,0.013166,2026-05-22,2026-05-25
RPG,CCL,Carnival Corp Ltd,0.01316,2026-05-22,2026-05-25
RPG,AMAT,Applied Materials Inc,0.012916,2026-05-22,2026-05-25
RPG,CAT,Caterpillar Inc,0.012779,2026-05-22,2026-05-25
RPG,HCA,HCA Healthcare Inc,0.012658,2026-05-22,2026-05-25
RPG,RTX,RTX Corp,0.012104,2026-05-22,2026-05-25
RPG,HLT,Hilton Worldwide Holdings Inc,0.011727,2026-05-22,2026-05-25
RPG,RCL,Royal Caribbean Cruises Ltd,0.011721,2026-05-22,2026-05-25
RPG,MAR,Marriott International Inc/MD,0.011426,2026-05-22,2026-05-25
RPG,LVS,Las Vegas Sands Corp,0.011218,2026-05-22,2026-05-25
RPG,MNST,Monster Beverage Corp,0.011168,2026-05-22,2026-05-25
RPG,VST,Vistra Corp,0.010619,2026-05-22,2026-05-25
RPG,HOOD,Robinhood Markets Inc,0.010612,2026-05-22,2026-05-25
RPG,META,Meta Platforms Inc,0.010589,2026-05-22,2026-05-25
RPG,VRSN,VeriSign Inc,0.010361,2026-05-22,2026-05-25
RPG,UBER,Uber Technologies Inc,0.010297,2026-05-22,2026-05-25
RPG,WELL,Welltower Inc,0.010268,2026-05-22,2026-05-25
RPG,EXPE,Expedia Group Inc,0.010079,2026-05-22,2026-05-25
RPG,GOOGL,Alphabet Inc,0.010073,2026-05-22,2026-05-25
RPG,IDXX,IDEXX Laboratories Inc,0.009716,2026-05-22,2026-05-25
RPG,ULTA,Ulta Beauty Inc,0.008825,2026-05-22,2026-05-25
RPG,TDG,TransDigm Group Inc,0.008183,2026-05-22,2026-05-25
RPG,DASH,DoorDash Inc,0.008112,2026-05-22,2026-05-25
RPG,GOOG,Alphabet Inc,0.007955,2026-05-22,2026-05-25
RPG,NFLX,Netflix Inc,0.007709,2026-05-22,2026-05-25
RPG,ORLY,O'Reilly Automotive Inc,0.007675,2026-05-22,2026-05-25
RPG,PODD,Insulet Corp,0.006766,2026-05-22,2026-05-25
RPG,ROL,Rollins Inc,0.006667,2026-05-22,2026-05-25
RPG,CASY,Casey's General Stores Inc,0.006502,2026-05-22,2026-05-25
RPG,MSFT,Microsoft Corp,0.006398,2026-05-22,2026-05-25
RPG,BKNG,Booking Holdings Inc,0.006318,2026-05-22,2026-05-25
RPG,ISRG,Intuitive Surgical Inc,0.005863,2026-05-22,2026-05-25
XLG,NVDA,NVIDIA Corp,0.134652,2026-05-22,2026-05-25
XLG,AAPL,Apple Inc,0.116679,2026-05-22,2026-05-25
XLG,MSFT,Microsoft Corp,0.080173,2026-05-22,2026-05-25
XLG,AMZN,Amazon.com Inc,0.066949,2026-05-22,2026-05-25
XLG,GOOGL,Alphabet Inc,0.057387,2026-05-22,2026-05-25
XLG,AVGO,Broadcom Inc,0.050519,2026-05-22,2026-05-25
XLG,GOOG,Alphabet Inc,0.045655,2026-05-22,2026-05-25
XLG,META,Meta Platforms Inc,0.03434,2026-05-22,2026-05-25
XLG,TSLA,Tesla Inc,0.030834,2026-05-22,2026-05-25
XLG,BRK/B,Berkshire Hathaway Inc,0.022953,2026-05-22,2026-05-25
XLG,LLY,Eli Lilly & Co,0.021752,2026-05-22,2026-05-25
XLG,JPM,JPMorgan Chase & Co,0.021229,2026-05-22,2026-05-25
XLG,AMD,Advanced Micro Devices Inc,0.019605,2026-05-22,2026-05-25
XLG,XOM,Exxon Mobil Corp,0.016778,2026-05-22,2026-05-25
XLG,JNJ,Johnson & Johnson,0.014541,2026-05-22,2026-05-25
XLG,V,Visa Inc,0.014256,2026-05-22,2026-05-25
XLG,WMT,Walmart Inc,0.013594,2026-05-22,2026-05-25
XLG,CSCO,Cisco Systems Inc,0.01224,2026-05-22,2026-05-25
XLG,COST,Costco Wholesale Corp,0.011765,2026-05-22,2026-05-25
XLG,CAT,Caterpillar Inc,0.010511,2026-05-22,2026-05-25
XLG,MA,Mastercard Inc,0.01046,2026-05-22,2026-05-25
XLG,ABBV,AbbVie Inc,0.009809,2026-05-22,2026-05-25
XLG,NFLX,Netflix Inc,0.009628,2026-05-22,2026-05-25
XLG,CVX,Chevron Corp,0.009317,2026-05-22,2026-05-25
XLG,UNH,UnitedHealth Group Inc,0.009051,2026-05-22,2026-05-25
XLG,BAC,Bank of America Corp,0.008844,2026-05-22,2026-05-25
XLG,PG,Procter & Gamble Co/The,0.008639,2026-05-22,2026-05-25
XLG,ORCL,Oracle Corp,0.008379,2026-05-22,2026-05-25
XLG,GE,General Electric Co,0.008178,2026-05-22,2026-05-25
XLG,KO,Coca-Cola Co/The,0.00812,2026-05-22,2026-05-25
XLG,PLTR,Palantir Technologies Inc,0.008051,2026-05-22,2026-05-25
XLG,HD,Home Depot Inc/The,0.008027,2026-05-22,2026-05-25
XLG,MRK,Merck & Co Inc,0.007815,2026-05-22,2026-05-25
XLG,GS,Goldman Sachs Group Inc/The,0.007682,2026-05-22,2026-05-25
XLG,PM,Philip Morris International Inc,0.007576,2026-05-22,2026-05-25
XLG,TXN,Texas Instruments Inc,0.007218,2026-05-22,2026-05-25
XLG,LIN,Linde PLC,0.006206,2026-05-22,2026-05-25
XLG,IBM,International Business Machines Corp,0.006153,2026-05-22,2026-05-25
XLG,WFC,Wells Fargo & Co,0.006115,2026-05-22,2026-05-25
XLG,PEP,PepsiCo Inc,0.0053,2026-05-22,2026-05-25
XLG,VZ,Verizon Communications Inc,0.005247,2026-05-22,2026-05-25
XLG,MCD,McDonald's Corp,0.005166,2026-05-22,2026-05-25
XLG,DIS,Walt Disney Co/The,0.004696,2026-05-22,2026-05-25
XLG,T,AT&T Inc,0.00455,2026-05-22,2026-05-25
XLG,CRM,Salesforce Inc,0.004346,2026-05-22,2026-05-25
XLG,ISRG,Intuitive Surgical Inc,0.003998,2026-05-22,2026-05-25
XLG,ABT,Abbott Laboratories,0.003914,2026-05-22,2026-05-25
XLG,ACN,Accenture PLC,0.002839,2026-05-22,2026-05-25
XLG,NOW,ServiceNow Inc,0.00275,2026-05-22,2026-05-25
XLG,ADBE,Adobe Inc,0.002581,2026-05-22,2026-05-25
XLG,INTU,Intuit Inc,0.002281,2026-05-22,2026-05-25
QQQM,NVDA,NVIDIA Corp,0.085514,2026-05-22,2026-05-25
QQQM,AAPL,Apple Inc,0.074095,2026-05-22,2026-05-25
QQQM,MSFT,Microsoft Corp,0.050906,2026-05-22,2026-05-25
QQQM,AMZN,Amazon.com Inc,0.046722,2026-05-22,2026-05-25
QQQM,MU,Micron Technology Inc,0.038136,2026-05-22,2026-05-25
QQQM,GOOGL,Alphabet Inc,0.036438,2026-05-22,2026-05-25
QQQM,TSLA,Tesla Inc,0.034749,2026-05-22,2026-05-25
QQQM,AMD,Advanced Micro Devices Inc,0.03439,2026-05-22,2026-05-25
QQQM,GOOG,Alphabet Inc,0.033717,2026-05-22,2026-05-25
QQQM,AVGO,Broadcom Inc,0.03209,2026-05-22,2026-05-25
QQQM,META,Meta Platforms Inc,0.029414,2026-05-22,2026-05-25
QQQM,INTC,Intel Corp,0.027007,2026-05-22,2026-05-25
QQQM,WMT,Walmart Inc,0.026573,2026-05-22,2026-05-25
QQQM,CSCO,Cisco Systems Inc,0.021458,2026-05-22,2026-05-25
QQQM,COST,Costco Wholesale Corp,0.020591,2026-05-22,2026-05-25
QQQM,LRCX,Lam Research Corp,0.017203,2026-05-22,2026-05-25
QQQM,NFLX,Netflix Inc,0.016878,2026-05-22,2026-05-25
QQQM,AMAT,Applied Materials Inc,0.015493,2026-05-22,2026-05-25
QQQM,PLTR,Palantir Technologies Inc,0.014151,2026-05-22,2026-05-25
QQQM,TXN,Texas Instruments Inc,0.012661,2026-05-22,2026-05-25
QQQM,QCOM,QUALCOMM Inc,0.011465,2026-05-22,2026-05-25
QQQM,KLAC,KLA Corp,0.011178,2026-05-22,2026-05-25
QQQM,LIN,Linde PLC,0.010821,2026-05-22,2026-05-25
QQQM,SNDK,Sandisk Corp/DE,0.009849,2026-05-22,2026-05-25
QQQM,PANW,Palo Alto Networks Inc,0.009594,2026-05-22,2026-05-25
QQQM,TMUS,T-Mobile US Inc,0.009519,2026-05-22,2026-05-25
QQQM,PEP,PepsiCo Inc,0.009284,2026-05-22,2026-05-25
QQQM,ADI,Analog Devices Inc,0.008746,2026-05-22,2026-05-25
QQQM,AMGN,Amgen Inc,0.008313,2026-05-22,2026-05-25
QQQM,STX,Seagate Technology Holdings PLC,0.007996,2026-05-22,2026-05-25
QQQM,MRVL,Marvell Technology Inc,0.007717,2026-05-22,2026-05-25
QQQM,CRWD,Crowdstrike Holdings Inc,0.007547,2026-05-22,2026-05-25
QQQM,GILD,Gilead Sciences Inc,0.007525,2026-05-22,2026-05-25
QQQM,WDC,Western Digital Corp,0.007407,2026-05-22,2026-05-25
QQQM,ISRG,Intuitive Surgical Inc,0.007019,2026-05-22,2026-05-25
QQQM,APP,AppLovin Corp,0.006673,2026-05-22,2026-05-25
QQQM,HON,Honeywell International Inc,0.006571,2026-05-22,2026-05-25
QQQM,ASML,ASML Holding NV,0.006477,2026-05-22,2026-05-25
QQQM,BKNG,Booking Holdings Inc,0.005754,2026-05-22,2026-05-25
QQQM,SHOP,Shopify Inc,0.005697,2026-05-22,2026-05-25
QQQM,SBUX,Starbucks Corp,0.005332,2026-05-22,2026-05-25
QQQM,VRTX,Vertex Pharmaceuticals Inc,0.00498,2026-05-22,2026-05-25
QQQM,CEG,Constellation Energy Corp,0.004809,2026-05-22,2026-05-25
QQQM,CDNS,Cadence Design Systems Inc,0.004654,2026-05-22,2026-05-25
QQQM,SNPS,Synopsys Inc,0.004536,2026-05-22,2026-05-25
QQQM,ADBE,Adobe Inc,0.004501,2026-05-22,2026-05-25
QQQM,FTNT,Fortinet Inc,0.004471,2026-05-22,2026-05-25
QQQM,MAR,Marriott International Inc/MD,0.004422,2026-05-22,2026-05-25
QQQM,ADP,Automatic Data Processing Inc,0.004093,2026-05-22,2026-05-25
QQQM,CMCSA,Comcast Corp,0.004081,2026-05-22,2026-05-25
QQQM,INTU,Intuit Inc,0.003992,2026-05-22,2026-05-25
QQQM,MNST,Monster Beverage Corp,0.003831,2026-05-22,2026-05-25
QQQM,CSX,CSX Corp,0.003819,2026-05-22,2026-05-25
QQQM,MELI,MercadoLibre Inc,0.003808,2026-05-22,2026-05-25
QQQM,NXPI,NXP Semiconductors NV,0.003608,2026-05-22,2026-05-25
QQQM,MDLZ,Mondelez International Inc,0.003572,2026-05-22,2026-05-25
QQQM,MPWR,Monolithic Power Systems Inc,0.003525,2026-05-22,2026-05-25
QQQM,ORLY,O'Reilly Automotive Inc,0.003471,2026-05-22,2026-05-25
QQQM,ROST,Ross Stores Inc,0.003426,2026-05-22,2026-05-25
QQQM,DDOG,Datadog Inc,0.003295,2026-05-22,2026-05-25
QQQM,AEP,American Electric Power Co Inc,0.003234,2026-05-22,2026-05-25
QQQM,CTAS,Cintas Corp,0.003128,2026-05-22,2026-05-25
QQQM,LITE,Lumentum Holdings Inc,0.003052,2026-05-22,2026-05-25
QQQM,WBD,Warner Bros Discovery Inc,0.003024,2026-05-22,2026-05-25
QQQM,REGN,Regeneron Pharmaceuticals Inc,0.003,2026-05-22,2026-05-25
QQQM,DASH,DoorDash Inc,0.002964,2026-05-22,2026-05-25
QQQM,BKR,Baker Hughes Co,0.002945,2026-05-22,2026-05-25
QQQM,PDD,PDD Holdings Inc,0.002848,2026-05-22,2026-05-25
QQQM,PCAR,PACCAR Inc,0.002603,2026-05-22,2026-05-25
QQQM,FANG,Diamondback Energy Inc,0.002555,2026-05-22,2026-05-25
QQQM,ABNB,Airbnb Inc,0.002529,2026-05-22,2026-05-25
QQQM,ADSK,Autodesk Inc,0.002305,2026-05-22,2026-05-25
QQQM,MCHP,Microchip Technology Inc,0.002292,2026-05-22,2026-05-25
QQQM,FAST,Fastenal Co,0.002288,2026-05-22,2026-05-25
QQQM,XEL,Xcel Energy Inc,0.002282,2026-05-22,2026-05-25
QQQM,EA,Electronic Arts Inc,0.002269,2026-05-22,2026-05-25
QQQM,MSTR,Strategy Inc,0.002266,2026-05-22,2026-05-25
QQQM,FER,Ferrovial NV,0.002211,2026-05-22,2026-05-25
QQQM,EXC,Exelon Corp,0.002133,2026-05-22,2026-05-25
QQQM,IDXX,IDEXX Laboratories Inc,0.00201,2026-05-22,2026-05-25
QQQM,ODFL,Old Dominion Freight Line Inc,0.001979,2026-05-22,2026-05-25
QQQM,CCEP,Coca-Cola Europacific Partners PLC,0.001965,2026-05-22,2026-05-25
QQQM,ARM,ARM Holdings PLC,0.001932,2026-05-22,2026-05-25
QQQM,TTWO,Take-Two Interactive Software Inc,0.001901,2026-05-22,2026-05-25
QQQM,PYPL,PayPal Holdings Inc,0.001837,2026-05-22,2026-05-25
QQQM,KDP,Keurig Dr Pepper Inc,0.001785,2026-05-22,2026-05-25
QQQM,ALNY,Alnylam Pharmaceuticals Inc,0.00178,2026-05-22,2026-05-25
QQQM,TRI,Thomson Reuters Corp,0.001711,2026-05-22,2026-05-25
QQQM,PAYX,Paychex Inc,0.00159,2026-05-22,2026-05-25
QQQM,ROP,Roper Technologies Inc,0.001519,2026-05-22,2026-05-25
QQQM,NQM6,CME E-Mini NASDAQ 100 Index Future,0.001488,2026-05-22,2026-05-25
QQQM,CPRT,Copart Inc,0.001476,2026-05-22,2026-05-25
QQQM,AXON,Axon Enterprise Inc,0.0014,2026-05-22,2026-05-25
QQQM,ZS,Zscaler Inc,0.001322,2026-05-22,2026-05-25
QQQM,GEHC,GE HealthCare Technologies Inc,0.001321,2026-05-22,2026-05-25
QQQM,KHC,Kraft Heinz Co/The,0.001272,2026-05-22,2026-05-25
QQQM,DXCM,Dexcom Inc,0.001252,2026-05-22,2026-05-25
QQQM,WDAY,Workday Inc,0.001232,2026-05-22,2026-05-25
QQQM,CTSH,Cognizant Technology Solutions Corp,0.001147,2026-05-22,2026-05-25
QQQM,VRSK,Verisk Analytics Inc,0.001065,2026-05-22,2026-05-25
QQQM,INSM,Insmed Inc,0.001033,2026-05-22,2026-05-25
QQQM,CHTR,Charter Communications Inc,0.000831,2026-05-22,2026-05-25
SPHB,SNDK,Sandisk Corp/DE,0.019861,2026-05-22,2026-05-25
SPHB,COHR,Coherent Corp,0.01658,2026-05-22,2026-05-25
SPHB,COIN,Coinbase Global Inc,0.01637,2026-05-22,2026-05-25
SPHB,HOOD,Robinhood Markets Inc,0.015744,2026-05-22,2026-05-25
SPHB,SMCI,Super Micro Computer Inc,0.015672,2026-05-22,2026-05-25
SPHB,MU,Micron Technology Inc,0.015343,2026-05-22,2026-05-25
SPHB,LITE,Lumentum Holdings Inc,0.014571,2026-05-22,2026-05-25
SPHB,LRCX,Lam Research Corp,0.014422,2026-05-22,2026-05-25
SPHB,AMD,Advanced Micro Devices Inc,0.01408,2026-05-22,2026-05-25
SPHB,APP,AppLovin Corp,0.013885,2026-05-22,2026-05-25
SPHB,CIEN,Ciena Corp,0.013748,2026-05-22,2026-05-25
SPHB,TER,Teradyne Inc,0.013403,2026-05-22,2026-05-25
SPHB,KLAC,KLA Corp,0.012572,2026-05-22,2026-05-25
SPHB,WDC,Western Digital Corp,0.012559,2026-05-22,2026-05-25
SPHB,ANET,Arista Networks Inc,0.012552,2026-05-22,2026-05-25
SPHB,UAL,United Airlines Holdings Inc,0.012468,2026-05-22,2026-05-25
SPHB,INTC,Intel Corp,0.012363,2026-05-22,2026-05-25
SPHB,MPWR,Monolithic Power Systems Inc,0.012194,2026-05-22,2026-05-25
SPHB,VRT,Vertiv Holdings Co,0.012193,2026-05-22,2026-05-25
SPHB,TSLA,Tesla Inc,0.012148,2026-05-22,2026-05-25
SPHB,ON,ON Semiconductor Corp,0.011933,2026-05-22,2026-05-25
SPHB,DDOG,Datadog Inc,0.011925,2026-05-22,2026-05-25
SPHB,CCL,Carnival Corp Ltd,0.011895,2026-05-22,2026-05-25
SPHB,AMAT,Applied Materials Inc,0.011869,2026-05-22,2026-05-25
SPHB,STX,Seagate Technology Holdings PLC,0.01146,2026-05-22,2026-05-25
SPHB,NCLH,Norwegian Cruise Line Holdings Ltd,0.011435,2026-05-22,2026-05-25
SPHB,DELL,Dell Technologies Inc,0.011381,2026-05-22,2026-05-25
SPHB,ZBRA,Zebra Technologies Corp,0.011336,2026-05-22,2026-05-25
SPHB,GLW,Corning Inc,0.011181,2026-05-22,2026-05-25
SPHB,HPE,Hewlett Packard Enterprise Co,0.01117,2026-05-22,2026-05-25
SPHB,FIX,Comfort Systems USA Inc,0.011004,2026-05-22,2026-05-25
SPHB,DAL,Delta Air Lines Inc,0.010988,2026-05-22,2026-05-25
SPHB,PLTR,Palantir Technologies Inc,0.010757,2026-05-22,2026-05-25
SPHB,AVGO,Broadcom Inc,0.010561,2026-05-22,2026-05-25
SPHB,CVNA,Carvana Co,0.010435,2026-05-22,2026-05-25
SPHB,QCOM,QUALCOMM Inc,0.010308,2026-05-22,2026-05-25
SPHB,SNPS,Synopsys Inc,0.010305,2026-05-22,2026-05-25
SPHB,XYZ,Block Inc,0.010066,2026-05-22,2026-05-25
SPHB,IBKR,Interactive Brokers Group Inc,0.010002,2026-05-22,2026-05-25
SPHB,FCX,Freeport-McMoRan Inc,0.009982,2026-05-22,2026-05-25
SPHB,NVDA,NVIDIA Corp,0.009917,2026-05-22,2026-05-25
SPHB,EL,Estee Lauder Cos Inc/The,0.009619,2026-05-22,2026-05-25
SPHB,SWKS,Skyworks Solutions Inc,0.009597,2026-05-22,2026-05-25
SPHB,MRNA,Moderna Inc,0.00958,2026-05-22,2026-05-25
SPHB,NXPI,NXP Semiconductors NV,0.009419,2026-05-22,2026-05-25
SPHB,NRG,NRG Energy Inc,0.009396,2026-05-22,2026-05-25
SPHB,JBL,Jabil Inc,0.009359,2026-05-22,2026-05-25
SPHB,SWK,Stanley Black & Decker Inc,0.009327,2026-05-22,2026-05-25
SPHB,GNRC,Generac Holdings Inc,0.009273,2026-05-22,2026-05-25
SPHB,IVZ,Invesco Ltd,0.009125,2026-05-22,2026-05-25
SPHB,GEV,GE Vernova Inc,0.009115,2026-05-22,2026-05-25
SPHB,FSLR,First Solar Inc,0.009079,2026-05-22,2026-05-25
SPHB,ARES,Ares Management Corp,0.008971,2026-05-22,2026-05-25
SPHB,ORCL,Oracle Corp,0.008864,2026-05-22,2026-05-25
SPHB,KEYS,Keysight Technologies Inc,0.008824,2026-05-22,2026-05-25
SPHB,META,Meta Platforms Inc,0.008745,2026-05-22,2026-05-25
SPHB,KKR,KKR & Co Inc,0.008718,2026-05-22,2026-05-25
SPHB,CDNS,Cadence Design Systems Inc,0.008704,2026-05-22,2026-05-25
SPHB,VST,Vistra Corp,0.008678,2026-05-22,2026-05-25
SPHB,ALGN,Align Technology Inc,0.008637,2026-05-22,2026-05-25
SPHB,APH,Amphenol Corp,0.008626,2026-05-22,2026-05-25
SPHB,GS,Goldman Sachs Group Inc/The,0.008562,2026-05-22,2026-05-25
SPHB,MCHP,Microchip Technology Inc,0.00848,2026-05-22,2026-05-25
SPHB,COF,Capital One Financial Corp,0.008475,2026-05-22,2026-05-25
SPHB,LULU,Lululemon Athletica Inc,0.00844,2026-05-22,2026-05-25
SPHB,APTV,Aptiv PLC,0.008405,2026-05-22,2026-05-25
SPHB,WSM,Williams-Sonoma Inc,0.008381,2026-05-22,2026-05-25
SPHB,RVTY,Revvity Inc,0.008343,2026-05-22,2026-05-25
SPHB,RCL,Royal Caribbean Cruises Ltd,0.008334,2026-05-22,2026-05-25
SPHB,TEL,TE Connectivity PLC,0.008166,2026-05-22,2026-05-25
SPHB,BLDR,Builders FirstSource Inc,0.008162,2026-05-22,2026-05-25
SPHB,EME,EMCOR Group Inc,0.00812,2026-05-22,2026-05-25
SPHB,CAT,Caterpillar Inc,0.008109,2026-05-22,2026-05-25
SPHB,RL,Ralph Lauren Corp,0.008101,2026-05-22,2026-05-25
SPHB,C,Citigroup Inc,0.008066,2026-05-22,2026-05-25
SPHB,AMZN,Amazon.com Inc,0.008023,2026-05-22,2026-05-25
SPHB,DECK,Deckers Outdoor Corp,0.007989,2026-05-22,2026-05-25
SPHB,SYF,Synchrony Financial,0.007983,2026-05-22,2026-05-25
SPHB,BX,Blackstone Inc,0.007947,2026-05-22,2026-05-25
SPHB,GPN,Global Payments Inc,0.007885,2026-05-22,2026-05-25
SPHB,LUV,Southwest Airlines Co,0.007848,2026-05-22,2026-05-25
SPHB,APO,Apollo Global Management Inc,0.007812,2026-05-22,2026-05-25
SPHB,ODFL,Old Dominion Freight Line Inc,0.007811,2026-05-22,2026-05-25
SPHB,TECH,Bio-Techne Corp,0.0078,2026-05-22,2026-05-25
SPHB,CMI,Cummins Inc,0.007779,2026-05-22,2026-05-25
SPHB,MS,Morgan Stanley,0.007757,2026-05-22,2026-05-25
SPHB,TPR,Tapestry Inc,0.007736,2026-05-22,2026-05-25
SPHB,ALB,Albemarle Corp,0.007648,2026-05-22,2026-05-25
SPHB,EMR,Emerson Electric Co,0.007628,2026-05-22,2026-05-25
SPHB,ADI,Analog Devices Inc,0.007557,2026-05-22,2026-05-25
SPHB,DASH,DoorDash Inc,0.007527,2026-05-22,2026-05-25
SPHB,CRL,Charles River Laboratories International Inc,0.00736,2026-05-22,2026-05-25
SPHB,CEG,Constellation Energy Corp,0.00736,2026-05-22,2026-05-25
SPHB,ETN,Eaton Corp PLC,0.00728,2026-05-22,2026-05-25
SPHB,IR,Ingersoll Rand Inc,0.007256,2026-05-22,2026-05-25
SPHB,PYPL,PayPal Holdings Inc,0.007247,2026-05-22,2026-05-25
SPHB,IDXX,IDEXX Laboratories Inc,0.0072,2026-05-22,2026-05-25
SPHB,TRMB,Trimble Inc,0.007092,2026-05-22,2026-05-25
SPHB,EXPE,Expedia Group Inc,0.007073,2026-05-22,2026-05-25
SPHB,CRH,CRH PLC,0.006499,2026-05-22,2026-05-25
EEMO,000660,SK hynix Inc,0.136546,2026-05-22,2026-05-25
EEMO,005930,Samsung Electronics Co Ltd,0.100369,2026-05-22,2026-05-25
EEMO,2308,Delta Electronics Inc,0.044706,2026-05-22,2026-05-25
EEMO,005935,Samsung Electronics Co Ltd,0.043756,2026-05-22,2026-05-25
EEMO,402340,SK Square Co Ltd,0.041965,2026-05-22,2026-05-25
EEMO,005380,Hyundai Motor Co,0.017836,2026-05-22,2026-05-25
EEMO,VALE3,Vale SA,0.017273,2026-05-22,2026-05-25
EEMO,2383,Elite Material Co Ltd,0.015505,2026-05-22,2026-05-25
EEMO,ITUB4,Itau Unibanco Holding SA,0.01276,2026-05-22,2026-05-25
EEMO,009150,Samsung Electro-Mechanics Co Ltd,0.01264,2026-05-22,2026-05-25
EEMO,034020,Doosan Enerbility Co Ltd,0.012286,2026-05-22,2026-05-25
EEMO,2318,Ping An Insurance Group Co of China Ltd,0.011953,2026-05-22,2026-05-25
EEMO,3037,Unimicron Technology Corp,0.011866,2026-05-22,2026-05-25
EEMO,GFI,Gold Fields Ltd,0.010359,2026-05-22,2026-05-25
EEMO,GMEXICOB,Grupo Mexico SAB de CV,0.009735,2026-05-22,2026-05-25
EEMO,2899,Zijin Mining Group Co Ltd,0.009533,2026-05-22,2026-05-25
EEMO,2327,Yageo Corp,0.009484,2026-05-22,2026-05-25
EEMO,OTP,OTP Bank Nyrt,0.008995,2026-05-22,2026-05-25
EEMO,2628,China Life Insurance Co Ltd,0.008881,2026-05-22,2026-05-25
EEMO,012450,Hanwha Aerospace Co Ltd,0.008769,2026-05-22,2026-05-25
EEMO,2360,Chroma ATE Inc,0.008761,2026-05-22,2026-05-25
EEMO,BAP,Credicorp Ltd,0.008664,2026-05-22,2026-05-25
EEMO,298040,Hyosung Heavy Industries Corp,0.008576,2026-05-22,2026-05-25
EEMO,PKN,ORLEN SA,0.008212,2026-05-22,2026-05-25
EEMO,028260,Samsung C&T Corp,0.008147,2026-05-22,2026-05-25
EEMO,2344,Winbond Electronics Corp,0.007733,2026-05-22,2026-05-25
EEMO,3017,Asia Vital Components Co Ltd,0.007423,2026-05-22,2026-05-25
EEMO,2408,Nanya Technology Corp,0.007226,2026-05-22,2026-05-25
EEMO,055550,Shinhan Financial Group Co Ltd,0.007211,2026-05-22,2026-05-25
EEMO,8299,Phison Electronics Corp,0.00719,2026-05-22,2026-05-25
EEMO,857,PetroChina Co Ltd,0.006832,2026-05-22,2026-05-25
EEMO,032830,Samsung Life Insurance Co Ltd,0.00665,2026-05-22,2026-05-25
EEMO,BBDC4,Banco Bradesco SA,0.005453,2026-05-22,2026-05-25
EEMO,VAL,Valterra Platinum Ltd,0.005384,2026-05-22,2026-05-25
EEMO,086790,Hana Financial Group Inc,0.005266,2026-05-22,2026-05-25
EEMO,CPI,Capitec Bank Holdings Ltd,0.00525,2026-05-22,2026-05-25
EEMO,1347,Hua Hong Semiconductor Ltd,0.005049,2026-05-22,2026-05-25
EEMO,2368,Gold Circuit Electronics Ltd,0.005033,2026-05-22,2026-05-25
EEMO,6223,MPI Corp,0.004866,2026-05-22,2026-05-25
EEMO,1378,China Hongqiao Group Ltd,0.004761,2026-05-22,2026-05-25
EEMO,MTN,MTN Group Ltd,0.004626,2026-05-22,2026-05-25
EEMO,CEMEXCPO,Cemex SAB de CV,0.004544,2026-05-22,2026-05-25
EEMO,5274,ASPEED Technology Inc,0.0045,2026-05-22,2026-05-25
EEMO,ASELS,Aselsan Elektronik Sanayi Ve Ticaret AS,0.004481,2026-05-22,2026-05-25
EEMO,006800,Mirae Asset Securities Co Ltd,0.004471,2026-05-22,2026-05-25
EEMO,SBIN,State Bank of India,0.004411,2026-05-22,2026-05-25
EEMO,316140,Woori Financial Group Inc,0.004389,2026-05-22,2026-05-25
EEMO,KGH,KGHM Polska Miedz SA,0.004336,2026-05-22,2026-05-25
EEMO,ITSA4,Itausa SA,0.004324,2026-05-22,2026-05-25
EEMO,034730,SK Inc,0.004291,2026-05-22,2026-05-25
EEMO,SCCO,Southern Copper Corp,0.004138,2026-05-22,2026-05-25
EEMO,HNDL,Hindalco Industries Ltd,0.004019,2026-05-22,2026-05-25
EEMO,EMIRATES,Emirates NBD Bank PJSC,0.00398,2026-05-22,2026-05-25
EEMO,267260,HD Hyundai Electric Co Ltd,0.003914,2026-05-22,2026-05-25
EEMO,278470,APR Corp/Korea,0.003908,2026-05-22,2026-05-25
EEMO,064350,Hyundai Rotem Co Ltd,0.003893,2026-05-22,2026-05-25
EEMO,1303,Nan Ya Plastics Corp,0.003886,2026-05-22,2026-05-25
EEMO,IMP,Impala Platinum Holdings Ltd,0.003802,2026-05-22,2026-05-25
EEMO,3993,CMOC Group Ltd,0.003787,2026-05-22,2026-05-25
EEMO,PE&amp;OLES*,Industrias Penoles SAB de CV,0.003763,2026-05-22,2026-05-25
EEMO,SHFL,Shriram Finance Ltd,0.003632,2026-05-22,2026-05-25
EEMO,1801,Innovent Biologics Inc,0.003604,2026-05-22,2026-05-25
EEMO,ETE,National Bank of Greece SA,0.003588,2026-05-22,2026-05-25
EEMO,010140,Samsung Heavy Industries Co Ltd,0.003577,2026-05-22,2026-05-25
EEMO,AXIA3,Axia Energia SA,0.003531,2026-05-22,2026-05-25
EEMO,SBSP3,Cia de Saneamento Basico do Estado de Sao Paulo SABESP,0.003297,2026-05-22,2026-05-25
EEMO,SSW,Sibanye Stillwater Ltd,0.00328,2026-05-22,2026-05-25
EEMO,BPAC11,Banco BTG Pactual SA,0.003229,2026-05-22,2026-05-25
EEMO,010120,LS Electric Co Ltd,0.00319,2026-05-22,2026-05-25
EEMO,TIGO,Millicom International Cellular SA,0.003178,2026-05-22,2026-05-25
EEMO,2449,King Yuan Electronics Co Ltd,0.003165,2026-05-22,2026-05-25
EEMO,6869,Yangtze Optical Fibre & Cable Joint Stock Ltd Co,0.003163,2026-05-22,2026-05-25
EEMO,ABEV3,Ambev SA,0.002997,2026-05-22,2026-05-25
EEMO,9992,Pop Mart International Group Ltd,0.002994,2026-05-22,2026-05-25
EEMO,2269,Wuxi Biologics Cayman Inc,0.002983,2026-05-22,2026-05-25
EEMO,TPEIR,Piraeus Bank SA,0.002967,2026-05-22,2026-05-25
EEMO,047810,Korea Aerospace Industries Ltd,0.00282,2026-05-22,2026-05-25
EEMO,267250,HD Hyundai Co Ltd,0.002773,2026-05-22,2026-05-25
EEMO,CHILE,Banco de Chile,0.002721,2026-05-22,2026-05-25
EEMO,2313,Compeq Manufacturing Co Ltd,0.002672,2026-05-22,2026-05-25
EEMO,ALPHA,Alpha Bank SA,0.002632,2026-05-22,2026-05-25
EEMO,EUROB,Eurobank SA,0.002615,2026-05-22,2026-05-25
EEMO,000720,Hyundai Engineering & Construction Co Ltd,0.002581,2026-05-22,2026-05-25
EEMO,288,WH Group Ltd,0.002549,2026-05-22,2026-05-25
EEMO,042660,Hanwha Ocean Co Ltd,0.00251,2026-05-22,2026-05-25
EEMO,2338,Weichai Power Co Ltd,0.002482,2026-05-22,2026-05-25
EEMO,2099,China Gold International Resources Corp Ltd,0.002475,2026-05-22,2026-05-25
EEMO,2059,King Slide Works Co Ltd,0.002459,2026-05-22,2026-05-25
EEMO,ABG,Absa Group Ltd,0.002434,2026-05-22,2026-05-25
EEMO,086520,Ecopro Co Ltd,0.002398,2026-05-22,2026-05-25
EEMO,071050,Korea Investment Holdings Co Ltd,0.002394,2026-05-22,2026-05-25
EEMO,358,Jiangxi Copper Co Ltd,0.002373,2026-05-22,2026-05-25
EEMO,6770,Powerchip Semiconductor Manufacturing Corp,0.002367,2026-05-22,2026-05-25
EEMO,PFCIBEST,Grupo Cibest SA,0.002333,2026-05-22,2026-05-25
EEMO,SIMO,Silicon Motion Technology Corp,0.002331,2026-05-22,2026-05-25
EEMO,BCI,Banco de Credito e Inversiones SA,0.002181,2026-05-22,2026-05-25
EEMO,2601,China Pacific Insurance Group Co Ltd,0.002159,2026-05-22,2026-05-25
EEMO,NPH,Northam Platinum Holdings Ltd,0.002133,2026-05-22,2026-05-25
EEMO,015760,Korea Electric Power Corp,0.002098,2026-05-22,2026-05-25
EEMO,LTM,Latam Airlines Group SA,0.002083,2026-05-22,2026-05-25
EEMO,PZU,Powszechny Zaklad Ubezpieczen SA,0.002069,2026-05-22,2026-05-25
EEMO,1208,MMG Ltd,0.002028,2026-05-22,2026-05-25
EEMO,1336,New China Life Insurance Co Ltd,0.002024,2026-05-22,2026-05-25
EEMO,PMAH,Press Metal Aluminium Holdings Bhd,0.001936,2026-05-22,2026-05-25
EEMO,000150,Doosan Co Ltd,0.001892,2026-05-22,2026-05-25
EEMO,ADIB,Abu Dhabi Islamic Bank PJSC,0.001843,2026-05-22,2026-05-25
EEMO,2600,Aluminum Corp of China Ltd,0.001824,2026-05-22,2026-05-25
EEMO,1177,Sino Biopharmaceutical Ltd,0.001799,2026-05-22,2026-05-25
EEMO,8046,Nan Ya Printed Circuit Board Corp,0.00178,2026-05-22,2026-05-25
EEMO,3044,Tripod Technology Corp,0.001776,2026-05-22,2026-05-25
EEMO,VBBR3,Vibra Energia SA,0.00177,2026-05-22,2026-05-25
EEMO,1093,CSPC Pharmaceutical Group Ltd,0.001759,2026-05-22,2026-05-25
EEMO,CIBEST,Grupo Cibest SA,0.001712,2026-05-22,2026-05-25
EEMO,039490,KIWOOM Securities Co Ltd,0.001704,2026-05-22,2026-05-25
EEMO,272210,Hanwha Systems Co Ltd,0.001692,2026-05-22,2026-05-25
EEMO,6239,Powertech Technology Inc,0.001659,2026-05-22,2026-05-25
EEMO,079550,LIG Defense&Aerospace Co Ltd,0.001614,2026-05-22,2026-05-25
EEMO,1818,Zhaojin Mining Industry Co Ltd,0.0016,2026-05-22,2026-05-25
EEMO,2359,WuXi AppTec Co Ltd,0.001576,2026-05-22,2026-05-25
EEMO,RDOR3,Rede D'Or Sao Luiz SA,0.001564,2026-05-22,2026-05-25
EEMO,FALAB,Falabella SA,0.001544,2026-05-22,2026-05-25
EEMO,CPLE3,Cia Paranaense de Energia - Copel,0.001526,2026-05-22,2026-05-25
EEMO,1530,3SBio Inc,0.001505,2026-05-22,2026-05-25
EEMO,016360,Samsung Securities Co Ltd,0.001481,2026-05-22,2026-05-25
EEMO,BSAN,Banco Santander Chile,0.00137,2026-05-22,2026-05-25
EEMO,005387,Hyundai Motor Co,0.001369,2026-05-22,2026-05-25
EEMO,BBDC3,Banco Bradesco SA,0.001336,2026-05-22,2026-05-25
EEMO,ITUB3,Itau Unibanco Holding SA,0.001331,2026-05-22,2026-05-25
EEMO,1339,People's Insurance Co Group of China Ltd/The,0.001312,2026-05-22,2026-05-25
EEMO,GVTD,GE Vernova T&D India Ltd,0.001308,2026-05-22,2026-05-25
EEMO,3692,Hansoh Pharmaceutical Group Co Ltd,0.001296,2026-05-22,2026-05-25
EEMO,MOL,MOL Hungarian Oil & Gas PLC,0.001282,2026-05-22,2026-05-25
EEMO,AL,Ashok Leyland Ltd,0.00128,2026-05-22,2026-05-25
EEMO,FB,Federal Bank Ltd,0.001275,2026-05-22,2026-05-25
EEMO,MALLPLAZ,Plaza SA,0.001255,2026-05-22,2026-05-25
EEMO,TUPRS,Turkiye Petrol Rafinerileri AS,0.001237,2026-05-22,2026-05-25
EEMO,MCX,Multi Commodity Exchange of India Ltd,0.001235,2026-05-22,2026-05-25
EEMO,LAURUS,Laurus Labs Ltd,0.001231,2026-05-22,2026-05-25
EEMO,028050,Samsung E&A Co Ltd,0.001214,2026-05-22,2026-05-25
EEMO,1308,SITC International Holdings Co Ltd,0.001182,2026-05-22,2026-05-25
EEMO,VOD,Vodacom Group Ltd,0.001162,2026-05-22,2026-05-25
EEMO,VIVT3,Telefonica Brasil SA,0.001158,2026-05-22,2026-05-25
EEMO,DIB,Dubai Islamic Bank PJSC,0.001154,2026-05-22,2026-05-25
EEMO,DSTKF,Destek Finans Faktoring AS,0.001145,2026-05-22,2026-05-25
EEMO,6618,JD Health International Inc,0.001138,2026-05-22,2026-05-25
EEMO,1772,Ganfeng Lithium Group Co Ltd,0.001115,2026-05-22,2026-05-25
EEMO,ENEV3,Eneva SA,0.001065,2026-05-22,2026-05-25
EEMO,1787,Shandong Gold Mining Co Ltd,0.001036,2026-05-22,2026-05-25
EEMO,GEKTERNA,GEK TERNA SA,0.001013,2026-05-22,2026-05-25
EEMO,ENKAI,Enka Insaat ve Sanayi AS,0.000999,2026-05-22,2026-05-25
EEMO,RHBBANK,RHB Bank Bhd,0.000993,2026-05-22,2026-05-25
EEMO,TIMS3,TIM SA/Brazil,0.000981,2026-05-22,2026-05-25
EEMO,9995,Remegen Co Ltd,0.000981,2026-05-22,2026-05-25
EEMO,GRT,Growthpoint Properties Ltd,0.00098,2026-05-22,2026-05-25
EEMO,NACL,National Aluminium Co Ltd,0.000954,2026-05-22,2026-05-25
EEMO,PPC,Public Power Corp SA,0.000953,2026-05-22,2026-05-25
EEMO,966,China Taiping Insurance Holdings Co Ltd,0.000948,2026-05-22,2026-05-25
EEMO,6919,Caliway Biopharmaceuticals Co Ltd,0.000939,2026-05-22,2026-05-25
EEMO,KOMB,Komercni Banka AS,0.000935,2026-05-22,2026-05-25
EEMO,005385,Hyundai Motor Co,0.000915,2026-05-22,2026-05-25
EEMO,005940,NH Investment & Securities Co Ltd,0.00088,2026-05-22,2026-05-25
EEMO,087010,Peptron Inc,0.000874,2026-05-22,2026-05-25
EEMO,024110,Industrial Bank of Korea,0.000865,2026-05-22,2026-05-25
EEMO,307950,Hyundai Autoever Corp,0.000861,2026-05-22,2026-05-25
EEMO,AIRARABI,Air Arabia PJSC,0.000856,2026-05-22,2026-05-25
EEMO,MUTH,Muthoot Finance Ltd,0.000855,2026-05-22,2026-05-25
EEMO,000880,Hanwha Corp,0.000839,2026-05-22,2026-05-25
EEMO,000250,Sam Chun Dang Pharm Co Ltd,0.000833,2026-05-22,2026-05-25
EEMO,AUBANK,AU Small Finance Bank Ltd,0.000833,2026-05-22,2026-05-25
EEMO,ABCAP,Aditya Birla Capital Ltd,0.000817,2026-05-22,2026-05-25
EEMO,AXIA6,Axia Energia SA,0.000816,2026-05-22,2026-05-25
EEMO,TPE,Tauron Polska Energia SA,0.000805,2026-05-22,2026-05-25
EEMO,00680K,Mirae Asset Securities Co Ltd,0.000798,2026-05-22,2026-05-25
EEMO,ISA,Interconexion Electrica SA ESP,0.000793,2026-05-22,2026-05-25
EEMO,425,Minth Group Ltd,0.000783,2026-05-22,2026-05-25
EEMO,277810,Rainbow Robotics,0.000757,2026-05-22,2026-05-25
EEMO,1258,China Nonferrous Mining Corp Ltd,0.000744,2026-05-22,2026-05-25
EEMO,BRMS,Bumi Resources Minerals Tbk PT,0.000727,2026-05-22,2026-05-25
EEMO,LTF,L&T Finance Ltd,0.000708,2026-05-22,2026-05-25
EEMO,1209,China Resources Mixc Lifestyle Services Ltd,0.000695,2026-05-22,2026-05-25
EEMO,MOH,Motor Oil Hellas Corinth Refineries SA,0.000678,2026-05-22,2026-05-25
EEMO,1138,COSCO SHIPPING Energy Transportation Co Ltd,0.000676,2026-05-22,2026-05-25
EEMO,1802,Taiwan Glass Industry Corp,0.000665,2026-05-22,2026-05-25
EEMO,MOTV3,Motiva Infraestrutura de Mobilidade SA,0.000659,2026-05-22,2026-05-25
EEMO,TERA,Tera Yatirim Menkul Degerler AS,0.000649,2026-05-22,2026-05-25
EEMO,OPL,Orange Polska SA,0.000644,2026-05-22,2026-05-25
EEMO,2400,XD Inc,0.000642,2026-05-22,2026-05-25
EEMO,6990,Sichuan Kelun-Biotech Biopharmaceutical Co Ltd,0.000626,2026-05-22,2026-05-25
EEMO,078930,GS Holdings Corp,0.000604,2026-05-22,2026-05-25
EEMO,HCP,Hindustan Copper Ltd,0.000597,2026-05-22,2026-05-25
EEMO,UPL,United Plantations BHD,0.000583,2026-05-22,2026-05-25
EEMO,PEKGY,Peker Gayrimenkul Yatirim Ortakligi AS,0.000581,2026-05-22,2026-05-25
EEMO,032640,LG Uplus Corp,0.000576,2026-05-22,2026-05-25
EEMO,CBK,Canara Bank,0.00057,2026-05-22,2026-05-25
EEMO,CENER,Cenergy Holdings SA,0.000569,2026-05-22,2026-05-25
EEMO,INBK,Indian Bank,0.000559,2026-05-22,2026-05-25
EEMO,1776,GF Securities Co Ltd,0.000536,2026-05-22,2026-05-25
EEMO,BRPT,Barito Pacific Tbk PT,0.000528,2026-05-22,2026-05-25
EEMO,1729,Time Interconnect Technology Ltd,0.000527,2026-05-22,2026-05-25
EEMO,PFGRUPSU,Grupo de Inversiones Suramericana SA,0.000519,2026-05-22,2026-05-25
EEMO,MAGEN,Margun Enerji Uretim Sanayi VE Ticaret AS,0.000485,2026-05-22,2026-05-25
EEMO,RGC,Regencell Bioscience Holdings Ltd,0.000478,2026-05-22,2026-05-25
EEMO,ANTM,Aneka Tambang Tbk,0.000471,2026-05-22,2026-05-25
EEMO,IGRD,Estithmar Holding QPSC,0.000461,2026-05-22,2026-05-25
EEMO,000155,Doosan Co Ltd,0.000452,2026-05-22,2026-05-25
EEMO,1044,Hengan International Group Co Ltd,0.000451,2026-05-22,2026-05-25
EEMO,1385,Shanghai Fudan Microelectronics Group Co Ltd,0.000448,2026-05-22,2026-05-25
EEMO,3939,Wanguo Gold Group Ltd,0.000444,2026-05-22,2026-05-25
EEMO,CPFE3,CPFL Energia SA,0.000442,2026-05-22,2026-05-25
EEMO,1072,Dongfang Electric Corp Ltd,0.000442,2026-05-22,2026-05-25
EEMO,867,China Medical System Holdings Ltd,0.00044,2026-05-22,2026-05-25
EEMO,631,Sany Heavy Equipment International Holdings Co Ltd,0.000428,2026-05-22,2026-05-25
EEMO,TDC,TIME dotCom Bhd,0.000427,2026-05-22,2026-05-25
EEMO,IMPC,Impack Pratama Industri Tbk PT,0.000417,2026-05-22,2026-05-25
EEMO,2689,Nine Dragons Paper Holdings Ltd,0.0004,2026-05-22,2026-05-25
EEMO,001040,CJ Corp,0.000391,2026-05-22,2026-05-25
EEMO,99SMART,99 Speed Mart Retail Holdings Bhd,0.000361,2026-05-22,2026-05-25
EEMO,2208,Goldwind Science & Technology Co Ltd,0.00034,2026-05-22,2026-05-25
EEMO,TWD,CASH & EQUIVALENTS,0.000338,2026-05-22,2026-05-25
EEMO,KLRHO,Kiler Holding AS,0.000331,2026-05-22,2026-05-25
EEMO,1508,China Reinsurance Group Corp,0.000306,2026-05-22,2026-05-25
EEMO,TISCO-R,Tisco Financial Group PCL,0.000293,2026-05-22,2026-05-25
EEMO,1833,Ping An Healthcare and Technology Co Ltd,0.000291,2026-05-22,2026-05-25
EEMO,2276,Shanghai Conant Optical Co Ltd,0.00028,2026-05-22,2026-05-25
EEMO,2268,WuXi XDC Cayman Inc,0.00027,2026-05-22,2026-05-25
EEMO,SREIT,Sunway Real Estate Investment Trust,0.000266,2026-05-22,2026-05-25
EEMO,071055,Korea Investment Holdings Co Ltd,0.000266,2026-05-22,2026-05-25
EEMO,PASEU,Pasifik Eurasia Lojistik Dis Ticaret AS,0.000245,2026-05-22,2026-05-25
EEMO,991,Datang International Power Generation Co Ltd,0.000244,2026-05-22,2026-05-25
EEMO,TRALT,Turk Altin Isletmeleri AS,0.000243,2026-05-22,2026-05-25
EEMO,009155,Samsung Electro-Mechanics Co Ltd,0.000228,2026-05-22,2026-05-25
EEMO,546,Fufeng Group Ltd,0.000214,2026-05-22,2026-05-25
EEMO,HKD,CASH & EQUIVALENTS,0.000196,2026-05-22,2026-05-25
EEMO,670,China Eastern Airlines Corp Ltd,0.000193,2026-05-22,2026-05-25
EEMO,564,ZCZL Industrial Technology Group Co Ltd,0.000191,2026-05-22,2026-05-25
EEMO,2696,Shanghai Henlius Biotech Inc,0.000187,2026-05-22,2026-05-25
EEMO,00088K,Hanwha Corp,0.000186,2026-05-22,2026-05-25
EEMO,RALYH,Ral Yatirim Holding AS,0.000183,2026-05-22,2026-05-25
EEMO,GUBRF,Gubre Fabrikalari TAS,0.000156,2026-05-22,2026-05-25
EEMO,512,Grand Pharmaceutical Group Ltd,0.000154,2026-05-22,2026-05-25
EEMO,ENJSA,Enerjisa Enerji AS,0.000138,2026-05-22,2026-05-25
EEMO,1672,Ascletis Pharma Inc,0.000138,2026-05-22,2026-05-25
EEMO,ENERY,Enerya Enerji AS,0.000136,2026-05-22,2026-05-25
EEMO,HALKB,Turkiye Halk Bankasi AS,0.000109,2026-05-22,2026-05-25
EEMO,005389,Hyundai Motor Co,0.000105,2026-05-22,2026-05-25
EEMO,FILM,MD Entertainment Tbk PT,0.000102,2026-05-22,2026-05-25
EEMO,2419,Dekon Food And Agriculture Group,9.4e-05,2026-05-22,2026-05-25
EEMO,6127,Joinn Laboratories China Co Ltd,8.7e-05,2026-05-22,2026-05-25
EEMO,2507,Cirrus Aircraft Ltd,8.7e-05,2026-05-22,2026-05-25
EEMO,2610,Nanshan Aluminium International Holdings Ltd,8.6e-05,2026-05-22,2026-05-25
EEMO,6680,JL Mag Rare-Earth Co Ltd,8.3e-05,2026-05-22,2026-05-25
EEMO,2245,Lygend Resources & Technology Co Ltd-H,8.1e-05,2026-05-22,2026-05-25
EEMO,TABGD,TAB Gida Sanayi Ve Ticaret AS,7.5e-05,2026-05-22,2026-05-25
EEMO,ECILC,EIS Eczacibasi Ilac ve Sinai ve Finansal Yatirimlar Sanayi ve Ticaret AS,6.9e-05,2026-05-22,2026-05-25
EEMO,7489,VOYAH Automobile Technology Co Ltd,5.2e-05,2026-05-22,2026-05-25
EEMO,EFOR,Efor Yatirim Sanayi Ticaret AS,4.5e-05,2026-05-22,2026-05-25
EEMO,KRW,CASH & EQUIVALENTS,4.1e-05,2026-05-22,2026-05-25
EEMO,INR,CASH & EQUIVALENTS,7e-06,2026-05-22,2026-05-25
EEMO,GBP,CASH & EQUIVALENTS,6e-06,2026-05-22,2026-05-25
EEMO,EGP,CASH & EQUIVALENTS,1e-06,2026-05-22,2026-05-25
EEMO,TRY,CASH & EQUIVALENTS,0.0,2026-05-22,2026-05-25
EEMO,HUF,CASH & EQUIVALENTS,0.0,2026-05-22,2026-05-25
EEMO,EUR,CASH & EQUIVALENTS,0.0,2026-05-22,2026-05-25
PDP,AAPL,Apple Inc,0.033052,2026-05-22,2026-05-25
PDP,FIX,Comfort Systems USA Inc,0.031035,2026-05-22,2026-05-25
PDP,TRGP,Targa Resources Corp,0.027173,2026-05-22,2026-05-25
PDP,APH,Amphenol Corp,0.025824,2026-05-22,2026-05-25
PDP,WDC,Western Digital Corp,0.025613,2026-05-22,2026-05-25
PDP,PWR,Quanta Services Inc,0.023602,2026-05-22,2026-05-25
PDP,STX,Seagate Technology Holdings PLC,0.023323,2026-05-22,2026-05-25
PDP,CRS,Carpenter Technology Corp,0.021927,2026-05-22,2026-05-25
PDP,CIEN,Ciena Corp,0.021882,2026-05-22,2026-05-25
PDP,MU,Micron Technology Inc,0.021378,2026-05-22,2026-05-25
PDP,ATI,ATI Inc,0.021054,2026-05-22,2026-05-25
PDP,GWW,WW Grainger Inc,0.020942,2026-05-22,2026-05-25
PDP,HWM,Howmet Aerospace Inc,0.020357,2026-05-22,2026-05-25
PDP,AMAT,Applied Materials Inc,0.018497,2026-05-22,2026-05-25
PDP,TT,Trane Technologies PLC,0.016776,2026-05-22,2026-05-25
PDP,JBL,Jabil Inc,0.016587,2026-05-22,2026-05-25
PDP,STRL,Sterling Infrastructure Inc,0.016406,2026-05-22,2026-05-25
PDP,GEV,GE Vernova Inc,0.015463,2026-05-22,2026-05-25
PDP,COST,Costco Wholesale Corp,0.015389,2026-05-22,2026-05-25
PDP,GOOGL,Alphabet Inc,0.015247,2026-05-22,2026-05-25
PDP,EME,EMCOR Group Inc,0.015081,2026-05-22,2026-05-25
PDP,LRCX,Lam Research Corp,0.013692,2026-05-22,2026-05-25
PDP,MLI,Mueller Industries Inc,0.013599,2026-05-22,2026-05-25
PDP,MTZ,MasTec Inc,0.0135,2026-05-22,2026-05-25
PDP,APG,API Group Corp,0.011938,2026-05-22,2026-05-25
PDP,CW,Curtiss-Wright Corp,0.011416,2026-05-22,2026-05-25
PDP,CAT,Caterpillar Inc,0.01118,2026-05-22,2026-05-25
PDP,VRT,Vertiv Holdings Co,0.011174,2026-05-22,2026-05-25
PDP,THC,Tenet Healthcare Corp,0.011029,2026-05-22,2026-05-25
PDP,AM,Antero Midstream Corp,0.010466,2026-05-22,2026-05-25
PDP,BE,Bloom Energy Corp,0.009969,2026-05-22,2026-05-25
PDP,TER,Teradyne Inc,0.009908,2026-05-22,2026-05-25
PDP,DRS,Leonardo DRS Inc,0.009826,2026-05-22,2026-05-25
PDP,TPR,Tapestry Inc,0.00869,2026-05-22,2026-05-25
PDP,ENSG,Ensign Group Inc/The,0.008664,2026-05-22,2026-05-25
PDP,NXT,Nextpower Inc,0.00844,2026-05-22,2026-05-25
PDP,IBKR,Interactive Brokers Group Inc,0.008422,2026-05-22,2026-05-25
PDP,NET,Cloudflare Inc,0.008346,2026-05-22,2026-05-25
PDP,MCK,McKesson Corp,0.008031,2026-05-22,2026-05-25
PDP,CASY,Casey's General Stores Inc,0.007932,2026-05-22,2026-05-25
PDP,CLH,Clean Harbors Inc,0.00793,2026-05-22,2026-05-25
PDP,GE,General Electric Co,0.007676,2026-05-22,2026-05-25
PDP,MPWR,Monolithic Power Systems Inc,0.007616,2026-05-22,2026-05-25
PDP,BWXT,BWX Technologies Inc,0.007576,2026-05-22,2026-05-25
PDP,DY,Dycom Industries Inc,0.007505,2026-05-22,2026-05-25
PDP,USFD,US Foods Holding Corp,0.007362,2026-05-22,2026-05-25
PDP,NFLX,Netflix Inc,0.007273,2026-05-22,2026-05-25
PDP,WMB,Williams Cos Inc/The,0.007078,2026-05-22,2026-05-25
PDP,PH,Parker-Hannifin Corp,0.007002,2026-05-22,2026-05-25
PDP,SFM,Sprouts Farmers Market Inc,0.006959,2026-05-22,2026-05-25
PDP,RL,Ralph Lauren Corp,0.006925,2026-05-22,2026-05-25
PDP,GS,Goldman Sachs Group Inc/The,0.006873,2026-05-22,2026-05-25
PDP,ASTS,AST SpaceMobile Inc,0.006848,2026-05-22,2026-05-25
PDP,IRM,Iron Mountain Inc,0.006835,2026-05-22,2026-05-25
PDP,CAH,Cardinal Health Inc,0.006781,2026-05-22,2026-05-25
PDP,SPXC,SPX Technologies Inc,0.00676,2026-05-22,2026-05-25
PDP,ALB,Albemarle Corp,0.006636,2026-05-22,2026-05-25
PDP,WWD,Woodward Inc,0.006586,2026-05-22,2026-05-25
PDP,AA,Alcoa Corp,0.006519,2026-05-22,2026-05-25
PDP,CBOE,Cboe Global Markets Inc,0.006511,2026-05-22,2026-05-25
PDP,ROIV,Roivant Sciences Ltd,0.006415,2026-05-22,2026-05-25
PDP,AME,AMETEK Inc,0.006253,2026-05-22,2026-05-25
PDP,MAR,Marriott International Inc/MD,0.006166,2026-05-22,2026-05-25
PDP,BNY,Bank of New York Mellon Corp/The,0.006063,2026-05-22,2026-05-25
PDP,DTM,DT Midstream Inc,0.00605,2026-05-22,2026-05-25
PDP,RBC,RBC Bearings Inc,0.006037,2026-05-22,2026-05-25
PDP,CMI,Cummins Inc,0.006024,2026-05-22,2026-05-25
PDP,WELL,Welltower Inc,0.006002,2026-05-22,2026-05-25
PDP,HUBB,Hubbell Inc,0.005941,2026-05-22,2026-05-25
PDP,BPOP,Popular Inc,0.005905,2026-05-22,2026-05-25
PDP,WAB,Westinghouse Air Brake Technologies Corp,0.005904,2026-05-22,2026-05-25
PDP,EXEL,Exelixis Inc,0.005902,2026-05-22,2026-05-25
PDP,GRMN,Garmin Ltd,0.005759,2026-05-22,2026-05-25
PDP,HLT,Hilton Worldwide Holdings Inc,0.005734,2026-05-22,2026-05-25
PDP,ENTG,Entegris Inc,0.005729,2026-05-22,2026-05-25
PDP,WSM,Williams-Sonoma Inc,0.005674,2026-05-22,2026-05-25
PDP,UTHR,United Therapeutics Corp,0.005564,2026-05-22,2026-05-25
PDP,SOLS,Solstice Advanced Materials Inc,0.005449,2026-05-22,2026-05-25
PDP,GM,General Motors Co,0.005331,2026-05-22,2026-05-25
PDP,BKR,Baker Hughes Co,0.005319,2026-05-22,2026-05-25
PDP,CRCL,Circle Internet Group Inc,0.005305,2026-05-22,2026-05-25
PDP,XPO,XPO Inc,0.005266,2026-05-22,2026-05-25
PDP,WMT,Walmart Inc,0.005233,2026-05-22,2026-05-25
PDP,JCI,Johnson Controls International plc,0.005232,2026-05-22,2026-05-25
PDP,CHRW,CH Robinson Worldwide Inc,0.005188,2026-05-22,2026-05-25
PDP,BURL,Burlington Stores Inc,0.005176,2026-05-22,2026-05-25
PDP,MRNA,Moderna Inc,0.00517,2026-05-22,2026-05-25
PDP,JPM,JPMorgan Chase & Co,0.00516,2026-05-22,2026-05-25
PDP,ITT,ITT Inc,0.005149,2026-05-22,2026-05-25
PDP,FERG,Ferguson Enterprises Inc,0.005066,2026-05-22,2026-05-25
PDP,OVV,Ovintiv Inc,0.00503,2026-05-22,2026-05-25
PDP,OXY,Occidental Petroleum Corp,0.004991,2026-05-22,2026-05-25
PDP,CF,CF Industries Holdings Inc,0.004797,2026-05-22,2026-05-25
PDP,GILD,Gilead Sciences Inc,0.004782,2026-05-22,2026-05-25
PDP,RTX,RTX Corp,0.004528,2026-05-22,2026-05-25
PDP,EXPE,Expedia Group Inc,0.00444,2026-05-22,2026-05-25
PDP,COR,Cencora Inc,0.004389,2026-05-22,2026-05-25
PDP,MSI,Motorola Solutions Inc,0.00431,2026-05-22,2026-05-25
PDP,COKE,Coca-Cola Consolidated Inc,0.004249,2026-05-22,2026-05-25
PDP,CACI,CACI International Inc,0.004039,2026-05-22,2026-05-25
DWAS,SNDK,Sandisk Corp/DE,0.026325,2026-05-22,2026-05-25
DWAS,SEZL,Sezzle Inc,0.022181,2026-05-22,2026-05-25
DWAS,PL,Planet Labs PBC,0.018721,2026-05-22,2026-05-25
DWAS,BELFB,Bel Fuse Inc,0.015985,2026-05-22,2026-05-25
DWAS,TTMI,TTM Technologies Inc,0.014162,2026-05-22,2026-05-25
DWAS,KOD,Kodiak Sciences Inc,0.013843,2026-05-22,2026-05-25
DWAS,LITE,Lumentum Holdings Inc,0.012545,2026-05-22,2026-05-25
DWAS,TNGX,Tango Therapeutics Inc,0.012368,2026-05-22,2026-05-25
DWAS,CELC,Celcuity Inc,0.012089,2026-05-22,2026-05-25
DWAS,VSAT,Viasat Inc,0.010654,2026-05-22,2026-05-25
DWAS,GHM,Graham Corp,0.010611,2026-05-22,2026-05-25
DWAS,HRTG,Heritage Insurance Holdings Inc,0.010532,2026-05-22,2026-05-25
DWAS,AEHR,Aehr Test Systems,0.010125,2026-05-22,2026-05-25
DWAS,MYRG,MYR Group Inc,0.010117,2026-05-22,2026-05-25
DWAS,NUVL,Nuvalent Inc,0.009408,2026-05-22,2026-05-25
DWAS,LASR,nLight Inc,0.009299,2026-05-22,2026-05-25
DWAS,ONDS,Ondas Inc,0.009251,2026-05-22,2026-05-25
DWAS,APEI,American Public Education Inc,0.009023,2026-05-22,2026-05-25
DWAS,PRAX,Praxis Precision Medicines Inc,0.008853,2026-05-22,2026-05-25
DWAS,ERAS,Erasca Inc,0.007802,2026-05-22,2026-05-25
DWAS,AIP,Arteris Inc,0.007745,2026-05-22,2026-05-25
DWAS,LINC,Lincoln Educational Services Corp,0.007473,2026-05-22,2026-05-25
DWAS,AAMI,Acadian Asset Management Inc,0.007318,2026-05-22,2026-05-25
DWAS,ENVA,Enova International Inc,0.007299,2026-05-22,2026-05-25
DWAS,SMTC,Semtech Corp,0.007239,2026-05-22,2026-05-25
DWAS,AROC,Archrock Inc,0.007223,2026-05-22,2026-05-25
DWAS,CENX,Century Aluminum Co,0.007112,2026-05-22,2026-05-25
DWAS,ALMS,Alumis Inc,0.00706,2026-05-22,2026-05-25
DWAS,WULF,Terawulf Inc,0.007052,2026-05-22,2026-05-25
DWAS,NKTR,Nektar Therapeutics,0.007027,2026-05-22,2026-05-25
DWAS,NBN,Northeast Bank,0.006941,2026-05-22,2026-05-25
DWAS,AMRX,Amneal Pharmaceuticals Inc,0.0069,2026-05-22,2026-05-25
DWAS,LUNR,Intuitive Machines Inc,0.00668,2026-05-22,2026-05-25
DWAS,AXSM,Axsome Therapeutics Inc,0.006607,2026-05-22,2026-05-25
DWAS,SATS,EchoStar Corp,0.00644,2026-05-22,2026-05-25
DWAS,GTX,Garrett Motion Inc,0.006313,2026-05-22,2026-05-25
DWAS,CAPR,Capricor Therapeutics Inc,0.006185,2026-05-22,2026-05-25
DWAS,DOCN,DigitalOcean Holdings Inc,0.006175,2026-05-22,2026-05-25
DWAS,COGT,Cogent Biosciences Inc,0.006144,2026-05-22,2026-05-25
DWAS,LWLG,Lightwave Logic Inc,0.006028,2026-05-22,2026-05-25
DWAS,ORKA,Oruka Therapeutics Inc,0.006026,2026-05-22,2026-05-25
DWAS,EZPW,EZCORP Inc,0.005906,2026-05-22,2026-05-25
DWAS,FTK,Flotek Industries Inc,0.005819,2026-05-22,2026-05-25
DWAS,SYRE,Spyre Therapeutics Inc,0.005789,2026-05-22,2026-05-25
DWAS,SNEX,StoneX Group Inc,0.005751,2026-05-22,2026-05-25
DWAS,PNRG,PrimeEnergy Resources Corp,0.00568,2026-05-22,2026-05-25
DWAS,VIAV,Viavi Solutions Inc,0.005667,2026-05-22,2026-05-25
DWAS,DXPE,DXP Enterprises Inc/TX,0.005634,2026-05-22,2026-05-25
DWAS,LQDA,Liquidia Corp,0.005625,2026-05-22,2026-05-25
DWAS,BTSG,BrightSpring Health Services Inc,0.005571,2026-05-22,2026-05-25
DWAS,RSI,Rush Street Interactive Inc,0.005396,2026-05-22,2026-05-25
DWAS,GVA,Granite Construction Inc,0.00535,2026-05-22,2026-05-25
DWAS,POWL,Powell Industries Inc,0.005294,2026-05-22,2026-05-25
DWAS,SLS,SELLAS Life Sciences Group Inc,0.005236,2026-05-22,2026-05-25
DWAS,VICR,Vicor Corp,0.005121,2026-05-22,2026-05-25
DWAS,CVLG,Covenant Logistics Group Inc,0.005088,2026-05-22,2026-05-25
DWAS,BHE,Benchmark Electronics Inc,0.00501,2026-05-22,2026-05-25
DWAS,PLPC,Preformed Line Products Co,0.005,2026-05-22,2026-05-25
DWAS,TRVI,Trevi Therapeutics Inc,0.004929,2026-05-22,2026-05-25
DWAS,VSEC,VSE Corp,0.004908,2026-05-22,2026-05-25
DWAS,HWKN,Hawkins Inc,0.004862,2026-05-22,2026-05-25
DWAS,CMPR,Cimpress PLC,0.004799,2026-05-22,2026-05-25
DWAS,IESC,IES Holdings Inc,0.00479,2026-05-22,2026-05-25
DWAS,RLAY,Relay Therapeutics Inc,0.00478,2026-05-22,2026-05-25
DWAS,PRIM,Primoris Services Corp,0.004751,2026-05-22,2026-05-25
DWAS,AGX,Argan Inc,0.004749,2026-05-22,2026-05-25
DWAS,ILPT,Industrial Logistics Properties Trust,0.00464,2026-05-22,2026-05-25
DWAS,CMP,Compass Minerals International Inc,0.00459,2026-05-22,2026-05-25
DWAS,WT,WisdomTree Inc,0.004566,2026-05-22,2026-05-25
DWAS,ICHR,Ichor Holdings Ltd,0.004547,2026-05-22,2026-05-25
DWAS,ENS,EnerSys,0.004545,2026-05-22,2026-05-25
DWAS,ATRO,Astronics Corp,0.004529,2026-05-22,2026-05-25
DWAS,FORM,FormFactor Inc,0.004521,2026-05-22,2026-05-25
DWAS,MKSI,MKS Inc,0.004503,2026-05-22,2026-05-25
DWAS,R,Ryder System Inc,0.004396,2026-05-22,2026-05-25
DWAS,SEPN,Septerna Inc,0.004386,2026-05-22,2026-05-25
DWAS,AXGN,Axogen Inc,0.004363,2026-05-22,2026-05-25
DWAS,NBR,Nabors Industries Ltd,0.004362,2026-05-22,2026-05-25
DWAS,PLXS,Plexus Corp,0.004352,2026-05-22,2026-05-25
DWAS,ADTN,ADTRAN Holdings Inc,0.004344,2026-05-22,2026-05-25
DWAS,PVLA,Palvella Therapeutics Inc,0.00434,2026-05-22,2026-05-25
DWAS,ESQ,Esquire Financial Holdings Inc,0.004334,2026-05-22,2026-05-25
DWAS,PACS,PACS Group Inc,0.004308,2026-05-22,2026-05-25
DWAS,KGS,Kodiak Gas Services Inc,0.004298,2026-05-22,2026-05-25
DWAS,UNFI,United Natural Foods Inc,0.004292,2026-05-22,2026-05-25
DWAS,PTGX,Protagonist Therapeutics Inc,0.004284,2026-05-22,2026-05-25
DWAS,MOD,Modine Manufacturing Co,0.004278,2026-05-22,2026-05-25
DWAS,ESI,Element Solutions Inc,0.004228,2026-05-22,2026-05-25
DWAS,ECG,Everus Construction Group Inc,0.004188,2026-05-22,2026-05-25
DWAS,OUT,Outfront Media Inc,0.004169,2026-05-22,2026-05-25
DWAS,NPO,Enpro Inc,0.00416,2026-05-22,2026-05-25
DWAS,IDCC,InterDigital Inc,0.0041,2026-05-22,2026-05-25
DWAS,NHC,National HealthCare Corp,0.004099,2026-05-22,2026-05-25
DWAS,ULS,UL Solutions Inc,0.004071,2026-05-22,2026-05-25
DWAS,YOU,Clear Secure Inc,0.004065,2026-05-22,2026-05-25
DWAS,DNTH,Dianthus Therapeutics Inc,0.004011,2026-05-22,2026-05-25
DWAS,BLBD,Blue Bird Corp,0.003966,2026-05-22,2026-05-25
DWAS,CLMT,Calumet Inc,0.003933,2026-05-22,2026-05-25
DWAS,SPHR,Sphere Entertainment Co,0.003926,2026-05-22,2026-05-25
DWAS,UVE,Universal Insurance Holdings Inc,0.003915,2026-05-22,2026-05-25
DWAS,RUSHA,Rush Enterprises Inc,0.00391,2026-05-22,2026-05-25
DWAS,GKOS,Glaukos Corp,0.003885,2026-05-22,2026-05-25
DWAS,MATX,Matson Inc,0.003879,2026-05-22,2026-05-25
DWAS,ROAD,Construction Partners Inc,0.003876,2026-05-22,2026-05-25
DWAS,DAN,Dana Inc,0.003873,2026-05-22,2026-05-25
DWAS,BKD,Brookdale Senior Living Inc,0.003858,2026-05-22,2026-05-25
DWAS,PUMP,ProPetro Holding Corp,0.003853,2026-05-22,2026-05-25
DWAS,LIND,Lindblad Expeditions Holdings Inc,0.003849,2026-05-22,2026-05-25
DWAS,MCY,Mercury General Corp,0.00379,2026-05-22,2026-05-25
DWAS,CUBI,Customers Bancorp Inc,0.003776,2026-05-22,2026-05-25
DWAS,SEI,Solaris Energy Infrastructure Inc,0.003762,2026-05-22,2026-05-25
DWAS,AZZ,AZZ Inc,0.003759,2026-05-22,2026-05-25
DWAS,GNW,Genworth Financial Inc,0.00375,2026-05-22,2026-05-25
DWAS,ESE,ESCO Technologies Inc,0.003747,2026-05-22,2026-05-25
DWAS,PARR,Par Pacific Holdings Inc,0.003742,2026-05-22,2026-05-25
DWAS,MCB,Metropolitan Bank Holding Corp,0.003734,2026-05-22,2026-05-25
DWAS,MOG/A,Moog Inc,0.00373,2026-05-22,2026-05-25
DWAS,BIOA,BioAge Labs Inc,0.003719,2026-05-22,2026-05-25
DWAS,OPY,Oppenheimer Holdings Inc,0.003678,2026-05-22,2026-05-25
DWAS,JXN,Jackson Financial Inc,0.003662,2026-05-22,2026-05-25
DWAS,NPKI,NPK International Inc,0.003642,2026-05-22,2026-05-25
DWAS,HWC,Hancock Whitney Corp,0.003636,2026-05-22,2026-05-25
DWAS,MBIN,Merchants Bancorp/IN,0.003635,2026-05-22,2026-05-25
DWAS,NGS,Natural Gas Services Group Inc,0.003631,2026-05-22,2026-05-25
DWAS,MIRM,Mirum Pharmaceuticals Inc,0.00363,2026-05-22,2026-05-25
DWAS,LGND,Ligand Pharmaceuticals Inc,0.003611,2026-05-22,2026-05-25
DWAS,MLTX,MoonLake Immunotherapeutics,0.003603,2026-05-22,2026-05-25
DWAS,FET,Forum Energy Technologies Inc,0.003602,2026-05-22,2026-05-25
DWAS,AMG,Affiliated Managers Group Inc,0.003584,2026-05-22,2026-05-25
DWAS,PPIH,Perma-Pipe International Holdings Inc,0.003575,2026-05-22,2026-05-25
DWAS,CVCO,Cavco Industries Inc,0.003571,2026-05-22,2026-05-25
DWAS,NVRI,Enviri Corp,0.003553,2026-05-22,2026-05-25
DWAS,ENTA,Enanta Pharmaceuticals Inc,0.003543,2026-05-22,2026-05-25
DWAS,DSGN,Design Therapeutics Inc,0.003533,2026-05-22,2026-05-25
DWAS,KYTX,Kyverna Therapeutics Inc,0.003533,2026-05-22,2026-05-25
DWAS,STOK,Stoke Therapeutics Inc,0.003525,2026-05-22,2026-05-25
DWAS,IONS,Ionis Pharmaceuticals Inc,0.003495,2026-05-22,2026-05-25
DWAS,GLRE,Greenlight Capital Re Ltd,0.003492,2026-05-22,2026-05-25
DWAS,CGEM,Cullinan Therapeutics Inc,0.003491,2026-05-22,2026-05-25
DWAS,RIG,Transocean Ltd,0.00348,2026-05-22,2026-05-25
DWAS,ALNT,Allient Inc,0.003475,2026-05-22,2026-05-25
DWAS,TE,T1 Energy Inc,0.003466,2026-05-22,2026-05-25
DWAS,RCUS,Arcus Biosciences Inc,0.003448,2026-05-22,2026-05-25
DWAS,AEIS,Advanced Energy Industries Inc,0.003441,2026-05-22,2026-05-25
DWAS,DBD,Diebold Nixdorf Inc,0.003434,2026-05-22,2026-05-25
DWAS,AX,Axos Financial Inc,0.003421,2026-05-22,2026-05-25
DWAS,EE,Excelerate Energy Inc,0.003413,2026-05-22,2026-05-25
DWAS,WTS,Watts Water Technologies Inc,0.003401,2026-05-22,2026-05-25
DWAS,LAUR,Laureate Education Inc,0.003344,2026-05-22,2026-05-25
DWAS,STRT,Strattec Security Corp,0.003342,2026-05-22,2026-05-25
DWAS,LBRT,Liberty Energy Inc,0.00334,2026-05-22,2026-05-25
DWAS,PRDO,Perdoceo Education Corp,0.003309,2026-05-22,2026-05-25
DWAS,GPRE,Green Plains Inc,0.0033,2026-05-22,2026-05-25
DWAS,SXI,Standex International Corp,0.003296,2026-05-22,2026-05-25
DWAS,SENEA,Seneca Foods Corp,0.003292,2026-05-22,2026-05-25
DWAS,ALSN,Allison Transmission Holdings Inc,0.003288,2026-05-22,2026-05-25
DWAS,KYMR,Kymera Therapeutics Inc,0.00328,2026-05-22,2026-05-25
DWAS,CGON,CG oncology Inc,0.003241,2026-05-22,2026-05-25
DWAS,GOLF,Acushnet Holdings Corp,0.003238,2026-05-22,2026-05-25
DWAS,DK,Delek US Holdings Inc,0.003238,2026-05-22,2026-05-25
DWAS,ANNX,Annexon Inc,0.003221,2026-05-22,2026-05-25
DWAS,RHLD,Resolute Holdings Management Inc,0.003187,2026-05-22,2026-05-25
DWAS,CWCO,Consolidated Water Co Ltd,0.003168,2026-05-22,2026-05-25
DWAS,FDMT,4D Molecular Therapeutics Inc,0.003164,2026-05-22,2026-05-25
DWAS,FIVE,Five Below Inc,0.003123,2026-05-22,2026-05-25
DWAS,FLS,Flowserve Corp,0.003108,2026-05-22,2026-05-25
DWAS,ANAB,AnaptysBio Inc,0.003097,2026-05-22,2026-05-25
DWAS,JOE,St Joe Co/The,0.003077,2026-05-22,2026-05-25
DWAS,SLDB,Solid Biosciences Inc,0.003068,2026-05-22,2026-05-25
DWAS,BDC,Belden Inc,0.003062,2026-05-22,2026-05-25
DWAS,LMND,Lemonade Inc,0.003056,2026-05-22,2026-05-25
DWAS,CASH,Pathward Financial Inc,0.003056,2026-05-22,2026-05-25
DWAS,IRMD,iRadimed Corp,0.003055,2026-05-22,2026-05-25
DWAS,TYRA,Tyra Biosciences Inc,0.00305,2026-05-22,2026-05-25
DWAS,TCMD,Tactile Systems Technology Inc,0.003038,2026-05-22,2026-05-25
DWAS,UMAC,Unusual Machines Inc /US,0.002977,2026-05-22,2026-05-25
DWAS,LMAT,LeMaitre Vascular Inc,0.002975,2026-05-22,2026-05-25
DWAS,CTRN,Citi Trends Inc,0.00297,2026-05-22,2026-05-25
DWAS,GCT,GigaCloud Technology Inc,0.002957,2026-05-22,2026-05-25
DWAS,CNX,CNX Resources Corp,0.002949,2026-05-22,2026-05-25
DWAS,LXU,LSB Industries Inc,0.002938,2026-05-22,2026-05-25
DWAS,RCKY,Rocky Brands Inc,0.002927,2026-05-22,2026-05-25
DWAS,FIGS,Figs Inc,0.002925,2026-05-22,2026-05-25
DWAS,ELAN,Elanco Animal Health Inc,0.002855,2026-05-22,2026-05-25
DWAS,SOC,Sable Offshore Corp,0.002838,2026-05-22,2026-05-25
DWAS,VISN,Vistance Networks Inc,0.002802,2026-05-22,2026-05-25
DWAS,AMPX,Amprius Technologies Inc,0.00277,2026-05-22,2026-05-25
DWAS,ZBIO,Zenas Biopharma Inc,0.00277,2026-05-22,2026-05-25
DWAS,SNDX,Syndax Pharmaceuticals Inc,0.002743,2026-05-22,2026-05-25
DWAS,PATK,Patrick Industries Inc,0.002718,2026-05-22,2026-05-25
DWAS,AMPY,Amplify Energy Corp,0.002615,2026-05-22,2026-05-25
DWAS,IBP,Installed Building Products Inc,0.002604,2026-05-22,2026-05-25
DWAS,RYAM,Rayonier Advanced Materials Inc,0.0026,2026-05-22,2026-05-25
DWAS,PAHC,Phibro Animal Health Corp,0.0024,2026-05-22,2026-05-25
DWAS,OIS,Oil States International Inc,0.002396,2026-05-22,2026-05-25
DWAS,MAZE,Maze Therapeutics Inc,0.002385,2026-05-22,2026-05-25
DWAS,FSLY,Fastly Inc,0.002348,2026-05-22,2026-05-25
DWAS,BTU,Peabody Energy Corp,0.002172,2026-05-22,2026-05-25
DWAS,KRMN,Karman Holdings Inc,0.002068,2026-05-22,2026-05-25
PIZ,402340,SK Square Co Ltd,0.031287,2026-05-22,2026-05-25
PIZ,ABBN,ABB Ltd,0.030857,2026-05-22,2026-05-25
PIZ,CSU,Constellation Software Inc/Canada,0.029281,2026-05-22,2026-05-25
PIZ,5803,Fujikura Ltd,0.028754,2026-05-22,2026-05-25
PIZ,TIH,Toromont Industries Ltd,0.026489,2026-05-22,2026-05-25
PIZ,5801,Furukawa Electric Co Ltd,0.025656,2026-05-22,2026-05-25
PIZ,BBD/B,Bombardier Inc,0.025043,2026-05-22,2026-05-25
PIZ,ENR,Siemens Energy AG,0.023569,2026-05-22,2026-05-25
PIZ,MZTF,Mizrahi Tefahot Bank Ltd,0.022561,2026-05-22,2026-05-25
PIZ,NXSN,Next Vision Stabilized Systems Ltd,0.020907,2026-05-22,2026-05-25
PIZ,FHZN,Flughafen Zurich AG,0.020712,2026-05-22,2026-05-25
PIZ,000150,Doosan Co Ltd,0.020017,2026-05-22,2026-05-25
PIZ,000660,SK hynix Inc,0.01993,2026-05-22,2026-05-25
PIZ,RY,Royal Bank of Canada,0.019905,2026-05-22,2026-05-25
PIZ,RR/,Rolls-Royce Holdings PLC,0.01923,2026-05-22,2026-05-25
PIZ,INVEB,Investor AB,0.016725,2026-05-22,2026-05-25
PIZ,HLMA,Halma PLC,0.015268,2026-05-22,2026-05-25
PIZ,BGEO,Lion Finance Group PLC,0.01461,2026-05-22,2026-05-25
PIZ,TASE,Tel Aviv Stock Exchange Ltd,0.014594,2026-05-22,2026-05-25
PIZ,272210,Hanwha Systems Co Ltd,0.014284,2026-05-22,2026-05-25
PIZ,KOG,Kongsberg Gruppen ASA,0.013565,2026-05-22,2026-05-25
PIZ,009150,Samsung Electro-Mechanics Co Ltd,0.013501,2026-05-22,2026-05-25
PIZ,7011,Mitsubishi Heavy Industries Ltd,0.012725,2026-05-22,2026-05-25
PIZ,FIBI,First International Bank Of Israel Ltd/The,0.012094,2026-05-22,2026-05-25
PIZ,5706,Mitsui Kinzoku Co Ltd,0.011646,2026-05-22,2026-05-25
PIZ,006800,Mirae Asset Securities Co Ltd,0.011161,2026-05-22,2026-05-25
PIZ,SLHN,Swiss Life Holding AG,0.010712,2026-05-22,2026-05-25
PIZ,SAABB,Saab AB,0.010695,2026-05-22,2026-05-25
PIZ,5016,JX Advanced Metals Corp,0.010459,2026-05-22,2026-05-25
PIZ,BIRG,Bank of Ireland Group PLC,0.010351,2026-05-22,2026-05-25
PIZ,BPE,BPER Banca SPA,0.010165,2026-05-22,2026-05-25
PIZ,LDO,Leonardo SpA,0.009643,2026-05-22,2026-05-25
PIZ,OCBC,Oversea-Chinese Banking Corp Ltd,0.009616,2026-05-22,2026-05-25
PIZ,6857,Advantest Corp,0.009437,2026-05-22,2026-05-25
PIZ,010120,LS Electric Co Ltd,0.009285,2026-05-22,2026-05-25
PIZ,YZJSGD,Yangzijiang Shipbuilding Holdings Ltd,0.00916,2026-05-22,2026-05-25
PIZ,UNI,Unipol Assicurazioni SpA,0.008689,2026-05-22,2026-05-25
PIZ,RILBA,Ringkjoebing Landbobank A/S,0.008502,2026-05-22,2026-05-25
PIZ,UCG,UniCredit SpA,0.008416,2026-05-22,2026-05-25
PIZ,AIBG,AIB Group PLC,0.008374,2026-05-22,2026-05-25
PIZ,HARL,Harel Insurance Investments & Financial Services Ltd,0.008372,2026-05-22,2026-05-25
PIZ,278470,APR Corp/Korea,0.008369,2026-05-22,2026-05-25
PIZ,HOT,HOCHTIEF AG,0.008345,2026-05-22,2026-05-25
PIZ,BCP,Banco Comercial Portugues SA,0.008325,2026-05-22,2026-05-25
PIZ,PRY,Prysmian SpA,0.008111,2026-05-22,2026-05-25
PIZ,4004,Resonac Holdings Corp,0.007805,2026-05-22,2026-05-25
PIZ,6269,Modec Inc,0.007654,2026-05-22,2026-05-25
PIZ,PLS,PLS Group Ltd,0.007585,2026-05-22,2026-05-25
PIZ,ACS,ACS Actividades de Construccion y Servicios SA,0.007241,2026-05-22,2026-05-25
PIZ,BBVA,Banco Bilbao Vizcaya Argentaria SA,0.007029,2026-05-22,2026-05-25
PIZ,CABK,CaixaBank SA,0.0069,2026-05-22,2026-05-25
PIZ,FER,Ferrovial NV,0.006874,2026-05-22,2026-05-25
PIZ,IDR,Indra Sistemas SA,0.006594,2026-05-22,2026-05-25
PIZ,DPLM,Diploma PLC,0.006516,2026-05-22,2026-05-25
PIZ,MIN,Mineral Resources Ltd,0.006442,2026-05-22,2026-05-25
PIZ,BG,BAWAG Group AG,0.006281,2026-05-22,2026-05-25
PIZ,POLI,Bank Hapoalim BM,0.006165,2026-05-22,2026-05-25
PIZ,034020,Doosan Enerbility Co Ltd,0.006144,2026-05-22,2026-05-25
PIZ,OPCE,OPC Energy Ltd,0.006122,2026-05-22,2026-05-25
PIZ,8341,77 Bank Ltd/The,0.006112,2026-05-22,2026-05-25
PIZ,6361,Ebara Corp,0.006099,2026-05-22,2026-05-25
PIZ,AD,Koninklijke Ahold Delhaize NV,0.006022,2026-05-22,2026-05-25
PIZ,5802,Sumitomo Electric Industries Ltd,0.005999,2026-05-22,2026-05-25
PIZ,FTT,Finning International Inc,0.005935,2026-05-22,2026-05-25
PIZ,DSCT,Israel Discount Bank Ltd,0.00584,2026-05-22,2026-05-25
PIZ,000720,Hyundai Engineering & Construction Co Ltd,0.005807,2026-05-22,2026-05-25
PIZ,INGA,ING Groep NV,0.00578,2026-05-22,2026-05-25
PIZ,298380,ABLBio Inc,0.005761,2026-05-22,2026-05-25
PIZ,7013,IHI Corp,0.005598,2026-05-22,2026-05-25
PIZ,DIE,D'ieteren Group,0.005594,2026-05-22,2026-05-25
PIZ,LUG,Lundin Gold Inc,0.005534,2026-05-22,2026-05-25
PIZ,ALSYDB,AL Sydbank,0.005521,2026-05-22,2026-05-25
PIZ,277810,Rainbow Robotics,0.005513,2026-05-22,2026-05-25
PIZ,8334,Gunma Bank Ltd/The,0.005421,2026-05-22,2026-05-25
PIZ,7012,Kawasaki Heavy Industries Ltd,0.005343,2026-05-22,2026-05-25
PIZ,3563,Food & Life Cos Ltd,0.005337,2026-05-22,2026-05-25
PIZ,267250,HD Hyundai Co Ltd,0.005322,2026-05-22,2026-05-25
PIZ,INDUA,Industrivarden AB,0.005267,2026-05-22,2026-05-25
PIZ,ALV,Allianz SE,0.005265,2026-05-22,2026-05-25
PIZ,WRT1V,Wartsila OYJ Abp,0.005256,2026-05-22,2026-05-25
PIZ,1942,Kandenko Co Ltd,0.005247,2026-05-22,2026-05-25
PIZ,8058,Mitsubishi Corp,0.005199,2026-05-22,2026-05-25
PIZ,DBS,DBS Group Holdings Ltd,0.005169,2026-05-22,2026-05-25
PIZ,042700,Hanmi Semiconductor Co Ltd,0.005116,2026-05-22,2026-05-25
PIZ,ACLN,Accelleron Industries AG,0.00509,2026-05-22,2026-05-25
PIZ,8001,ITOCHU Corp,0.004965,2026-05-22,2026-05-25
PIZ,8031,Mitsui & Co Ltd,0.004957,2026-05-22,2026-05-25
PIZ,010140,Samsung Heavy Industries Co Ltd,0.004895,2026-05-22,2026-05-25
PIZ,BA/,BAE Systems PLC,0.004891,2026-05-22,2026-05-25
PIZ,CNA,Centrica PLC,0.004881,2026-05-22,2026-05-25
PIZ,SB1NO,SpareBank 1 Sor-Norge ASA,0.004876,2026-05-22,2026-05-25
PIZ,IBE,Iberdrola SA,0.0048,2026-05-22,2026-05-25
PIZ,KCR,Konecranes Oyj,0.004703,2026-05-22,2026-05-25
PIZ,L,Loblaw Cos Ltd,0.0047,2026-05-22,2026-05-25
PIZ,NESTE,Neste Oyj,0.004627,2026-05-22,2026-05-25
PIZ,086520,Ecopro Co Ltd,0.004549,2026-05-22,2026-05-25
PIZ,ESLT,Elbit Systems Ltd,0.00446,2026-05-22,2026-05-25
PIZ,KEP,Keppel Ltd,0.004369,2026-05-22,2026-05-25
PIZ,005830,DB Insurance Co Ltd,0.00399,2026-05-22,2026-05-25
PIZ,000250,Sam Chun Dang Pharm Co Ltd,0.003871,2026-05-22,2026-05-25
PIZ,KRW,CASH & EQUIVALENTS,0.000309,2026-05-22,2026-05-25
PIZ,CAD,CASH & EQUIVALENTS,0.00013,2026-05-22,2026-05-25
PIZ,GBP,CASH & EQUIVALENTS,4e-06,2026-05-22,2026-05-25
PIZ,JPY,CASH & EQUIVALENTS,1e-06,2026-05-22,2026-05-25
PIZ,DKK,CASH & EQUIVALENTS,1e-06,2026-05-22,2026-05-25
PIZ,ILS,CASH & EQUIVALENTS,1e-06,2026-05-22,2026-05-25
PIZ,SEK,CASH & EQUIVALENTS,0.0,2026-05-22,2026-05-25
PIZ,SGD,CASH & EQUIVALENTS,0.0,2026-05-22,2026-05-25
PIZ,NOK,CASH & EQUIVALENTS,0.0,2026-05-22,2026-05-25
AVSC,MYRG,,0.0055,2026-05-22,2026-05-25
AVSC,DAN,,0.0045,2026-05-22,2026-05-25
AVSC,LBRT,,0.004,2026-05-22,2026-05-25
AVSC,INSW,,0.0039,2026-05-22,2026-05-25
AVSC,PTEN,,0.0038,2026-05-22,2026-05-25
AVSC,VSH,,0.0038,2026-05-22,2026-05-25
AVSC,MTRN,,0.0036,2026-05-22,2026-05-25
AVSC,OII,,0.0035,2026-05-22,2026-05-25
AVSC,DIOD,,0.0035,2026-05-22,2026-05-25
AVSC,ACMR,,0.0034,2026-05-22,2026-05-25
AVSC,LIVN,,0.0034,2026-05-22,2026-05-25
AVSC,SEDG,,0.0033,2026-05-22,2026-05-25
AVSC,SPHR,,0.0032,2026-05-22,2026-05-25
AVSC,VSCO,,0.0032,2026-05-22,2026-05-25
AVSC,BFH,,0.0032,2026-05-22,2026-05-25
AVSC,LGND,,0.0031,2026-05-22,2026-05-25
AVSC,PSMT,,0.0031,2026-05-22,2026-05-25
AVSC,ACLS,,0.0031,2026-05-22,2026-05-25
AVSC,OPLN,,0.0031,2026-05-22,2026-05-25
AVSC,CVBF,,0.0029,2026-05-22,2026-05-25
AVSC,PAGP,,0.0029,2026-05-22,2026-05-25
AVSC,UCTT,,0.0029,2026-05-22,2026-05-25
AVSC,CZR,,0.0028,2026-05-22,2026-05-25
AVSC,AIR,,0.0028,2026-05-22,2026-05-25
AVSC,TPC,,0.0028,2026-05-22,2026-05-25
AVSC,CPRX,,0.0028,2026-05-22,2026-05-25
AVSC,KGS,,0.0028,2026-05-22,2026-05-25
AVSC,BKU,,0.0028,2026-05-22,2026-05-25
AVSC,UNFI,,0.0028,2026-05-22,2026-05-25
AVSC,NATL,,0.0027,2026-05-22,2026-05-25
AVSC,TDW,,0.0027,2026-05-22,2026-05-25
AVSC,SON,,0.0027,2026-05-22,2026-05-25
AVSC,ECG,,0.0027,2026-05-22,2026-05-25
AVSC,PARR,,0.0027,2026-05-22,2026-05-25
AVSC,HP,,0.0026,2026-05-22,2026-05-25
AVSC,HCC,,0.0026,2026-05-22,2026-05-25
AVSC,BOH,,0.0026,2026-05-22,2026-05-25
AVSC,ADEA,,0.0026,2026-05-22,2026-05-25
AVSC,KN,,0.0025,2026-05-22,2026-05-25
AVSC,CRGY,,0.0025,2026-05-22,2026-05-25
AVSC,PFS,,0.0025,2026-05-22,2026-05-25
AVSC,CHEF,,0.0025,2026-05-22,2026-05-25
AVSC,DNTH,,0.0025,2026-05-22,2026-05-25
AVSC,BHF,,0.0025,2026-05-22,2026-05-25
AVSC,LAUR,,0.0025,2026-05-22,2026-05-25
AVSC,YETI,,0.0024,2026-05-22,2026-05-25
AVSC,NWE,,0.0024,2026-05-22,2026-05-25
AVSC,CAKE,,0.0024,2026-05-22,2026-05-25
AVSC,FFBC,,0.0024,2026-05-22,2026-05-25
AVSC,SFNC,,0.0024,2026-05-22,2026-05-25
AVSC,CC,,0.0024,2026-05-22,2026-05-25
AVSC,VECO,,0.0024,2026-05-22,2026-05-25
AVSC,PBF,,0.0024,2026-05-22,2026-05-25
AVSC,CNR,,0.0024,2026-05-22,2026-05-25
AVSC,BHE,,0.0024,2026-05-22,2026-05-25
AVSC,OLN,,0.0024,2026-05-22,2026-05-25
AVSC,TRN,,0.0024,2026-05-22,2026-05-25
AVSC,NVST,,0.0024,2026-05-22,2026-05-25
AVSC,PLAB,,0.0023,2026-05-22,2026-05-25
AVSC,VC,,0.0023,2026-05-22,2026-05-25
AVSC,SUPN,,0.0023,2026-05-22,2026-05-25
AVSC,WHD,,0.0023,2026-05-22,2026-05-25
AVSC,MTN,,0.0023,2026-05-22,2026-05-25
AVSC,SBCF,,0.0023,2026-05-22,2026-05-25
AVSC,SYNA,,0.0023,2026-05-22,2026-05-25
AVSC,CON,,0.0023,2026-05-22,2026-05-25
AVSC,PHIN,,0.0023,2026-05-22,2026-05-25
AVSC,MUR,,0.0023,2026-05-22,2026-05-25
AVSC,KALU,,0.0023,2026-05-22,2026-05-25
AVSC,HWKN,,0.0023,2026-05-22,2026-05-25
AVSC,ATRO,,0.0023,2026-05-22,2026-05-25
AVSC,IRDM,,0.0023,2026-05-22,2026-05-25
AVSC,TOWN,,0.0023,2026-05-22,2026-05-25
AVSC,OGN,,0.0022,2026-05-22,2026-05-25
AVSC,MDU,,0.0022,2026-05-22,2026-05-25
AVSC,SDRL,,0.0022,2026-05-22,2026-05-25
AVSC,MTH,,0.0022,2026-05-22,2026-05-25
AVSC,BOOT,,0.0022,2026-05-22,2026-05-25
AVSC,BANC,,0.0022,2026-05-22,2026-05-25
AVSC,WAFD,,0.0022,2026-05-22,2026-05-25
AVSC,ASB,,0.0022,2026-05-22,2026-05-25
AVSC,PRK,,0.0022,2026-05-22,2026-05-25
AVSC,FTDR,,0.0022,2026-05-22,2026-05-25
AVSC,KMT,,0.0022,2026-05-22,2026-05-25
AVSC,TRMK,,0.0022,2026-05-22,2026-05-25
AVSC,VVV,,0.0021,2026-05-22,2026-05-25
AVSC,CVCO,,0.0021,2026-05-22,2026-05-25
AVSC,RUN,,0.0021,2026-05-22,2026-05-25
AVSC,SPNT,,0.0021,2026-05-22,2026-05-25
AVSC,TXG,,0.0021,2026-05-22,2026-05-25
AVSC,CVSA,,0.0021,2026-05-22,2026-05-25
AVSC,NIC,,0.0021,2026-05-22,2026-05-25
AVSC,NTB,,0.0021,2026-05-22,2026-05-25
AVSC,EBC,,0.0021,2026-05-22,2026-05-25
AVSC,LCII,,0.0021,2026-05-22,2026-05-25
AVSC,NHC,,0.0021,2026-05-22,2026-05-25
AVSC,NTCT,,0.0021,2026-05-22,2026-05-25
AVSC,FBNC,,0.002,2026-05-22,2026-05-25
AVSC,KTB,,0.002,2026-05-22,2026-05-25
AVSC,AVA,,0.002,2026-05-22,2026-05-25
AVSC,SKY,,0.002,2026-05-22,2026-05-25
AVSC,LOPE,,0.002,2026-05-22,2026-05-25
AVSC,BTU,,0.002,2026-05-22,2026-05-25
AVSC,IDYA,,0.002,2026-05-22,2026-05-25
AVSC,AAP,,0.002,2026-05-22,2026-05-25
AVSC,CUBI,,0.002,2026-05-22,2026-05-25
AVSC,WT,,0.002,2026-05-22,2026-05-25
AVSC,FRME,,0.002,2026-05-22,2026-05-25
AVSC,POST,,0.002,2026-05-22,2026-05-25
AVSC,ASO,,0.002,2026-05-22,2026-05-25
AVSC,RLAY,,0.0019,2026-05-22,2026-05-25
AVSC,DK,,0.0019,2026-05-22,2026-05-25
AVSC,HLIO,,0.0019,2026-05-22,2026-05-25
AVSC,NGVT,,0.0019,2026-05-22,2026-05-25
AVSC,SHOO,,0.0019,2026-05-22,2026-05-25
AVSC,SAIC,,0.0019,2026-05-22,2026-05-25
AVSC,CATY,,0.0019,2026-05-22,2026-05-25
AVSC,FHI,,0.0019,2026-05-22,2026-05-25
AVSC,SHC,,0.0019,2026-05-22,2026-05-25
AVSC,ATMU,,0.0019,2026-05-22,2026-05-25
AVSC,FBIN,,0.0019,2026-05-22,2026-05-25
AVSC,MC,,0.0019,2026-05-22,2026-05-25
AVSC,CRSP,,0.0019,2026-05-22,2026-05-25
AVSC,TCBI,,0.0019,2026-05-22,2026-05-25
AVSC,MHO,,0.0019,2026-05-22,2026-05-25
AVSC,ARCB,,0.0019,2026-05-22,2026-05-25
AVSC,PII,,0.0019,2026-05-22,2026-05-25
AVSC,FULT,,0.0019,2026-05-22,2026-05-25
AVSC,DGII,,0.0019,2026-05-22,2026-05-25
AVSC,WSFS,,0.0019,2026-05-22,2026-05-25
AVSC,ROG,,0.0018,2026-05-22,2026-05-25
AVSC,CNO,,0.0018,2026-05-22,2026-05-25
AVSC,RDN,,0.0018,2026-05-22,2026-05-25
AVSC,INDB,,0.0018,2026-05-22,2026-05-25
AVSC,FBK,,0.0018,2026-05-22,2026-05-25
AVSC,PRDO,,0.0018,2026-05-22,2026-05-25
AVSC,CWT,,0.0018,2026-05-22,2026-05-25
AVSC,DCO,,0.0018,2026-05-22,2026-05-25
AVSC,BUSE,,0.0018,2026-05-22,2026-05-25
AVSC,JOE,,0.0018,2026-05-22,2026-05-25
AVSC,OSW,,0.0018,2026-05-22,2026-05-25
AVSC,INOD,,0.0018,2026-05-22,2026-05-25
AVSC,HE,,0.0018,2026-05-22,2026-05-25
AVSC,ANDE,,0.0018,2026-05-22,2026-05-25
AVSC,WSBC,,0.0018,2026-05-22,2026-05-25
AVSC,ORKA,,0.0018,2026-05-22,2026-05-25
AVSC,CWK,,0.0018,2026-05-22,2026-05-25
AVSC,ATKR,,0.0018,2026-05-22,2026-05-25
AVSC,IAC,,0.0018,2026-05-22,2026-05-25
AVSC,NOG,,0.0017,2026-05-22,2026-05-25
AVSC,THR,,0.0017,2026-05-22,2026-05-25
AVSC,HAE,,0.0017,2026-05-22,2026-05-25
AVSC,NBTB,,0.0017,2026-05-22,2026-05-25
AVSC,HMN,,0.0017,2026-05-22,2026-05-25
AVSC,MWA,,0.0017,2026-05-22,2026-05-25
AVSC,MMSI,,0.0017,2026-05-22,2026-05-25
AVSC,FUL,,0.0017,2026-05-22,2026-05-25
AVSC,GIL,,0.0017,2026-05-22,2026-05-25
AVSC,WTTR,,0.0017,2026-05-22,2026-05-25
AVSC,CNK,,0.0017,2026-05-22,2026-05-25
AVSC,HGV,,0.0017,2026-05-22,2026-05-25
AVSC,AZZ,,0.0017,2026-05-22,2026-05-25
AVSC,DBRG,,0.0017,2026-05-22,2026-05-25
AVSC,ATEN,,0.0017,2026-05-22,2026-05-25
AVSC,EFSC,,0.0017,2026-05-22,2026-05-25
AVSC,CROX,,0.0017,2026-05-22,2026-05-25
AVSC,MTX,,0.0017,2026-05-22,2026-05-25
AVSC,BEAM,,0.0017,2026-05-22,2026-05-25
AVSC,NWN,,0.0017,2026-05-22,2026-05-25
AVSC,BBT,,0.0017,2026-05-22,2026-05-25
AVSC,GRAL,,0.0017,2026-05-22,2026-05-25
AVSC,PVH,,0.0017,2026-05-22,2026-05-25
AVSC,TALO,,0.0017,2026-05-22,2026-05-25
AVSC,UCB,,0.0017,2026-05-22,2026-05-25
AVSC,ALK,,0.0017,2026-05-22,2026-05-25
AVSC,OTTR,,0.0017,2026-05-22,2026-05-25
AVSC,IPGP,,0.0017,2026-05-22,2026-05-25
AVSC,COHU,,0.0017,2026-05-22,2026-05-25
AVSC,FHB,,0.0017,2026-05-22,2026-05-25
AVSC,LMAT,,0.0016,2026-05-22,2026-05-25
AVSC,BANR,,0.0016,2026-05-22,2026-05-25
AVSC,CALY,,0.0016,2026-05-22,2026-05-25
AVSC,DXPE,,0.0016,2026-05-22,2026-05-25
AVSC,LNTH,,0.0016,2026-05-22,2026-05-25
AVSC,ANF,,0.0016,2026-05-22,2026-05-25
AVSC,EZPW,,0.0016,2026-05-22,2026-05-25
AVSC,SFBS,,0.0016,2026-05-22,2026-05-25
AVSC,CTRI,,0.0016,2026-05-22,2026-05-25
AVSC,ASH,,0.0016,2026-05-22,2026-05-25
AVSC,DNOW,,0.0016,2026-05-22,2026-05-25
AVSC,GHC,,0.0016,2026-05-22,2026-05-25
AVSC,OFG,,0.0016,2026-05-22,2026-05-25
AVSC,MD,,0.0016,2026-05-22,2026-05-25
AVSC,AEO,,0.0016,2026-05-22,2026-05-25
AVSC,PATK,,0.0016,2026-05-22,2026-05-25
AVSC,CBT,,0.0016,2026-05-22,2026-05-25
AVSC,SEI,,0.0016,2026-05-22,2026-05-25
AVSC,PLUS,,0.0016,2026-05-22,2026-05-25
AVSC,FRPT,,0.0016,2026-05-22,2026-05-25
AVSC,IBOC,,0.0016,2026-05-22,2026-05-25
AVSC,MATX,,0.0016,2026-05-22,2026-05-25
AVSC,AWR,,0.0016,2026-05-22,2026-05-25
AVSC,MAT,,0.0016,2026-05-22,2026-05-25
AVSC,KNF,,0.0016,2026-05-22,2026-05-25
AVSC,ENVA,,0.0016,2026-05-22,2026-05-25
AVSC,GNW,,0.0016,2026-05-22,2026-05-25
AVSC,TNK,,0.0016,2026-05-22,2026-05-25
AVSC,HUBG,,0.0016,2026-05-22,2026-05-25
AVSC,GFF,,0.0016,2026-05-22,2026-05-25
AVSC,BLBD,,0.0016,2026-05-22,2026-05-25
AVSC,GPOR,,0.0015,2026-05-22,2026-05-25
AVSC,GLNG,,0.0015,2026-05-22,2026-05-25
AVSC,FBP,,0.0015,2026-05-22,2026-05-25
AVSC,ICUI,,0.0015,2026-05-22,2026-05-25
AVSC,RNST,,0.0015,2026-05-22,2026-05-25
AVSC,CBU,,0.0015,2026-05-22,2026-05-25
AVSC,AAMI,,0.0015,2026-05-22,2026-05-25
AVSC,CECO,,0.0015,2026-05-22,2026-05-25
AVSC,BCO,,0.0015,2026-05-22,2026-05-25
AVSC,FCF,,0.0015,2026-05-22,2026-05-25
AVSC,VAL,,0.0015,2026-05-22,2026-05-25
AVSC,SLGN,,0.0015,2026-05-22,2026-05-25
AVSC,PLXS,,0.0015,2026-05-22,2026-05-25
AVSC,SYBT,,0.0015,2026-05-22,2026-05-25
AVSC,VSEC,,0.0015,2026-05-22,2026-05-25
AVSC,HASI,,0.0015,2026-05-22,2026-05-25
AVSC,OMCL,,0.0015,2026-05-22,2026-05-25
AVSC,NWBI,,0.0015,2026-05-22,2026-05-25
AVSC,KFY,,0.0015,2026-05-22,2026-05-25
AVSC,RAMP,,0.0015,2026-05-22,2026-05-25
AVSC,AVNT,,0.0015,2026-05-22,2026-05-25
AVSC,PRLB,,0.0015,2026-05-22,2026-05-25
AVSC,BRC,,0.0015,2026-05-22,2026-05-25
AVSC,SKYW,,0.0015,2026-05-22,2026-05-25
AVSC,DNLI,,0.0015,2026-05-22,2026-05-25
AVSC,ECPG,,0.0015,2026-05-22,2026-05-25
AVSC,FELE,,0.0015,2026-05-22,2026-05-25
AVSC,KBH,,0.0015,2026-05-22,2026-05-25
AVSC,CASH,,0.0015,2026-05-22,2026-05-25
AVSC,SHAK,,0.0014,2026-05-22,2026-05-25
AVSC,UTI,,0.0014,2026-05-22,2026-05-25
AVSC,STC,,0.0014,2026-05-22,2026-05-25
AVSC,ICHR,,0.0014,2026-05-22,2026-05-25
AVSC,HNI,,0.0014,2026-05-22,2026-05-25
AVSC,ABG,,0.0014,2026-05-22,2026-05-25
AVSC,NMIH,,0.0014,2026-05-22,2026-05-25
AVSC,LAZ,,0.0014,2026-05-22,2026-05-25
AVSC,ALHC,,0.0014,2026-05-22,2026-05-25
AVSC,LC,,0.0014,2026-05-22,2026-05-25
AVSC,SIG,,0.0014,2026-05-22,2026-05-25
AVSC,M,,0.0014,2026-05-22,2026-05-25
AVSC,GRBK,,0.0014,2026-05-22,2026-05-25
AVSC,CHCO,,0.0014,2026-05-22,2026-05-25
AVSC,HCSG,,0.0014,2026-05-22,2026-05-25
AVSC,SXT,,0.0014,2026-05-22,2026-05-25
AVSC,HTH,,0.0014,2026-05-22,2026-05-25
AVSC,WU,,0.0014,2026-05-22,2026-05-25
AVSC,VCTR,,0.0014,2026-05-22,2026-05-25
AVSC,PUMP,,0.0014,2026-05-22,2026-05-25
AVSC,STBA,,0.0014,2026-05-22,2026-05-25
AVSC,BKE,,0.0014,2026-05-22,2026-05-25
AVSC,WDFC,,0.0014,2026-05-22,2026-05-25
AVSC,AUPH,,0.0014,2026-05-22,2026-05-25
AVSC,TILE,,0.0014,2026-05-22,2026-05-25
AVSC,DBD,,0.0014,2026-05-22,2026-05-25
AVSC,GRC,,0.0014,2026-05-22,2026-05-25
AVSC,AGO,,0.0014,2026-05-22,2026-05-25
AVSC,HUN,,0.0014,2026-05-22,2026-05-25
AVSC,STEL,,0.0014,2026-05-22,2026-05-25
AVSC,IMAX,,0.0014,2026-05-22,2026-05-25
AVSC,LPG,,0.0013,2026-05-22,2026-05-25
AVSC,FFIN,,0.0013,2026-05-22,2026-05-25
AVSC,SXI,,0.0013,2026-05-22,2026-05-25
AVSC,XRAY,,0.0013,2026-05-22,2026-05-25
AVSC,HURN,,0.0013,2026-05-22,2026-05-25
AVSC,FCN,,0.0013,2026-05-22,2026-05-25
AVSC,VAC,,0.0013,2026-05-22,2026-05-25
AVSC,CTS,,0.0013,2026-05-22,2026-05-25
AVSC,WSC,,0.0013,2026-05-22,2026-05-25
AVSC,REX,,0.0013,2026-05-22,2026-05-25
AVSC,FIBK,,0.0013,2026-05-22,2026-05-25
AVSC,MGEE,,0.0013,2026-05-22,2026-05-25
AVSC,OPCH,,0.0013,2026-05-22,2026-05-25
AVSC,ACHC,,0.0013,2026-05-22,2026-05-25
AVSC,ECVT,,0.0013,2026-05-22,2026-05-25
AVSC,DCOM,,0.0013,2026-05-22,2026-05-25
AVSC,NPO,,0.0013,2026-05-22,2026-05-25
AVSC,ALGT,,0.0013,2026-05-22,2026-05-25
AVSC,WERN,,0.0013,2026-05-22,2026-05-25
AVSC,KWR,,0.0013,2026-05-22,2026-05-25
AVSC,IOSP,,0.0013,2026-05-22,2026-05-25
AVSC,GPI,,0.0013,2026-05-22,2026-05-25
AVSC,HCI,,0.0012,2026-05-22,2026-05-25
AVSC,CNX,,0.0012,2026-05-22,2026-05-25
AVSC,KBR,,0.0012,2026-05-22,2026-05-25
AVSC,MCRI,,0.0012,2026-05-22,2026-05-25
AVSC,QCRH,,0.0012,2026-05-22,2026-05-25
AVSC,BDC,,0.0012,2026-05-22,2026-05-25
AVSC,UNF,,0.0012,2026-05-22,2026-05-25
AVSC,AVT,,0.0012,2026-05-22,2026-05-25
AVSC,ALRM,,0.0012,2026-05-22,2026-05-25
AVSC,CENTA,,0.0012,2026-05-22,2026-05-25
AVSC,TMDX,,0.0012,2026-05-22,2026-05-25
AVSC,BFC,,0.0012,2026-05-22,2026-05-25
AVSC,HAYW,,0.0012,2026-05-22,2026-05-25
AVSC,GNTX,,0.0012,2026-05-22,2026-05-25
AVSC,THO,,0.0012,2026-05-22,2026-05-25
AVSC,LINC,,0.0012,2026-05-22,2026-05-25
AVSC,SHLS,,0.0012,2026-05-22,2026-05-25
AVSC,COCO,,0.0012,2026-05-22,2026-05-25
AVSC,ACIW,,0.0012,2026-05-22,2026-05-25
AVSC,EXPO,,0.0012,2026-05-22,2026-05-25
AVSC,GABC,,0.0012,2026-05-22,2026-05-25
AVSC,VVX,,0.0012,2026-05-22,2026-05-25
AVSC,OBK,,0.0012,2026-05-22,2026-05-25
AVSC,EYE,,0.0012,2026-05-22,2026-05-25
AVSC,PENN,,0.0012,2026-05-22,2026-05-25
AVSC,PLMR,,0.0012,2026-05-22,2026-05-25
AVSC,TBBK,,0.0012,2026-05-22,2026-05-25
AVSC,POWI,,0.0012,2026-05-22,2026-05-25
AVSC,TRS,,0.0012,2026-05-22,2026-05-25
AVSC,HRI,,0.0012,2026-05-22,2026-05-25
AVSC,PLGO,,0.0012,2026-05-22,2026-05-25
AVSC,RELY,,0.0012,2026-05-22,2026-05-25
AVSC,CNOB,,0.0012,2026-05-22,2026-05-25
AVSC,CRC,,0.0012,2026-05-22,2026-05-25
AVSC,TCBK,,0.0012,2026-05-22,2026-05-25
AVSC,AGIO,,0.0012,2026-05-22,2026-05-25
AVSC,SPB,,0.0012,2026-05-22,2026-05-25
AVSC,EXTR,,0.0012,2026-05-22,2026-05-25
AVSC,AMR,,0.0012,2026-05-22,2026-05-25
AVSC,MGY,,0.0011,2026-05-22,2026-05-25
AVSC,WLY,,0.0011,2026-05-22,2026-05-25
AVSC,UFPT,,0.0011,2026-05-22,2026-05-25
AVSC,NEOG,,0.0011,2026-05-22,2026-05-25
AVSC,WOR,,0.0011,2026-05-22,2026-05-25
AVSC,HOG,,0.0011,2026-05-22,2026-05-25
AVSC,AROC,,0.0011,2026-05-22,2026-05-25
AVSC,LBTYA,,0.0011,2026-05-22,2026-05-25
AVSC,FDP,,0.0011,2026-05-22,2026-05-25
AVSC,LPX,,0.0011,2026-05-22,2026-05-25
AVSC,NPKI,,0.0011,2026-05-22,2026-05-25
AVSC,NBHC,,0.0011,2026-05-22,2026-05-25
AVSC,HOPE,,0.0011,2026-05-22,2026-05-25
AVSC,TFIN,,0.0011,2026-05-22,2026-05-25
AVSC,NVRI,,0.0011,2026-05-22,2026-05-25
AVSC,BFAM,,0.0011,2026-05-22,2026-05-25
AVSC,EVTC,,0.0011,2026-05-22,2026-05-25
AVSC,VPG,,0.0011,2026-05-22,2026-05-25
AVSC,SKWD,,0.0011,2026-05-22,2026-05-25
AVSC,PAYO,,0.0011,2026-05-22,2026-05-25
AVSC,WABC,,0.0011,2026-05-22,2026-05-25
AVSC,INVX,,0.0011,2026-05-22,2026-05-25
AVSC,FIGS,,0.0011,2026-05-22,2026-05-25
AVSC,CHH,,0.0011,2026-05-22,2026-05-25
AVSC,MSGE,,0.0011,2026-05-22,2026-05-25
AVSC,ZD,,0.0011,2026-05-22,2026-05-25
AVSC,ADNT,,0.0011,2026-05-22,2026-05-25
AVSC,AIN,,0.0011,2026-05-22,2026-05-25
AVSC,XPRO,,0.0011,2026-05-22,2026-05-25
AVSC,INVA,,0.0011,2026-05-22,2026-05-25
AVSC,LKFN,,0.0011,2026-05-22,2026-05-25
AVSC,MQ,,0.0011,2026-05-22,2026-05-25
AVSC,BC,,0.0011,2026-05-22,2026-05-25
AVSC,STRA,,0.0011,2026-05-22,2026-05-25
AVSC,IMKTA,,0.0011,2026-05-22,2026-05-25
AVSC,GEF,,0.001,2026-05-22,2026-05-25
AVSC,TDS,,0.001,2026-05-22,2026-05-25
AVSC,SIGI,,0.001,2026-05-22,2026-05-25
AVSC,PGNY,,0.001,2026-05-22,2026-05-25
AVSC,AGM,,0.001,2026-05-22,2026-05-25
AVSC,GT,,0.001,2026-05-22,2026-05-25
AVSC,OLLI,,0.001,2026-05-22,2026-05-25
AVSC,WLDN,,0.001,2026-05-22,2026-05-25
AVSC,NWPX,,0.001,2026-05-22,2026-05-25
AVSC,NBR,,0.001,2026-05-22,2026-05-25
AVSC,ST,,0.001,2026-05-22,2026-05-25
AVSC,LZB,,0.001,2026-05-22,2026-05-25
AVSC,STNG,,0.001,2026-05-22,2026-05-25
AVSC,RDNT,,0.001,2026-05-22,2026-05-25
AVSC,PEBO,,0.001,2026-05-22,2026-05-25
AVSC,ASTE,,0.001,2026-05-22,2026-05-25
AVSC,KLIC,,0.001,2026-05-22,2026-05-25
AVSC,EEFT,,0.001,2026-05-22,2026-05-25
AVSC,TDAY,,0.001,2026-05-22,2026-05-25
AVSC,APAM,,0.001,2026-05-22,2026-05-25
AVSC,CARG,,0.001,2026-05-22,2026-05-25
AVSC,OGS,,0.001,2026-05-22,2026-05-25
AVSC,UVE,,0.001,2026-05-22,2026-05-25
AVSC,ADTN,,0.001,2026-05-22,2026-05-25
AVSC,WKC,,0.001,2026-05-22,2026-05-25
AVSC,BILL,,0.001,2026-05-22,2026-05-25
AVSC,TNC,,0.001,2026-05-22,2026-05-25
AVSC,ELVN,,0.001,2026-05-22,2026-05-25
AVSC,AESI,,0.001,2026-05-22,2026-05-25
AVSC,HLX,,0.001,2026-05-22,2026-05-25
AVSC,MSM,,0.001,2026-05-22,2026-05-25
AVSC,SBH,,0.001,2026-05-22,2026-05-25
AVSC,WRBY,,0.0009,2026-05-22,2026-05-25
AVSC,WWW,,0.0009,2026-05-22,2026-05-25
AVSC,SRCE,,0.0009,2026-05-22,2026-05-25
AVSC,PFBC,,0.0009,2026-05-22,2026-05-25
AVSC,EPAC,,0.0009,2026-05-22,2026-05-25
AVSC,QLYS,,0.0009,2026-05-22,2026-05-25
AVSC,CMP,,0.0009,2026-05-22,2026-05-25
AVSC,MARA,,0.0009,2026-05-22,2026-05-25
AVSC,TMP,,0.0009,2026-05-22,2026-05-25
AVSC,VIR,,0.0009,2026-05-22,2026-05-25
AVSC,VTOL,,0.0009,2026-05-22,2026-05-25
AVSC,PLOW,,0.0009,2026-05-22,2026-05-25
AVSC,ALG,,0.0009,2026-05-22,2026-05-25
AVSC,UVSP,,0.0009,2026-05-22,2026-05-25
AVSC,HLMN,,0.0009,2026-05-22,2026-05-25
AVSC,AHCO,,0.0009,2026-05-22,2026-05-25
AVSC,SKYT,,0.0009,2026-05-22,2026-05-25
AVSC,LOB,,0.0009,2026-05-22,2026-05-25
AVSC,GBX,,0.0009,2026-05-22,2026-05-25
AVSC,WS,,0.0009,2026-05-22,2026-05-25
AVSC,TTI,,0.0009,2026-05-22,2026-05-25
AVSC,OI,,0.0009,2026-05-22,2026-05-25
AVSC,NWL,,0.0009,2026-05-22,2026-05-25
AVSC,NSSC,,0.0009,2026-05-22,2026-05-25
AVSC,NTLA,,0.0009,2026-05-22,2026-05-25
AVSC,TRIP,,0.0009,2026-05-22,2026-05-25
AVSC,DLX,,0.0009,2026-05-22,2026-05-25
AVSC,ITRI,,0.0009,2026-05-22,2026-05-25
AVSC,SONO,,0.0009,2026-05-22,2026-05-25
AVSC,CALM,,0.0009,2026-05-22,2026-05-25
AVSC,MUX,,0.0009,2026-05-22,2026-05-25
AVSC,NMRK,,0.0009,2026-05-22,2026-05-25
AVSC,ACAD,,0.0009,2026-05-22,2026-05-25
AVSC,KRP,,0.0009,2026-05-22,2026-05-25
AVSC,DV,,0.0009,2026-05-22,2026-05-25
AVSC,BMI,,0.0009,2026-05-22,2026-05-25
AVSC,MAN,,0.0009,2026-05-22,2026-05-25
AVSC,HLIT,,0.0009,2026-05-22,2026-05-25
AVSC,LBTYK,,0.0009,2026-05-22,2026-05-25
AVSC,PBH,,0.0009,2026-05-22,2026-05-25
AVSC,ALNT,,0.0009,2026-05-22,2026-05-25
AVSC,CLSK,,0.0009,2026-05-22,2026-05-25
AVSC,CTBI,,0.0009,2026-05-22,2026-05-25
AVSC,KW,,0.0009,2026-05-22,2026-05-25
AVSC,GHM,,0.0009,2026-05-22,2026-05-25
AVSC,AVNS,,0.0009,2026-05-22,2026-05-25
AVSC,OLED,,0.0009,2026-05-22,2026-05-25
AVSC,OPY,,0.0009,2026-05-22,2026-05-25
AVSC,OSBC,,0.0009,2026-05-22,2026-05-25
AVSC,KAI,,0.0009,2026-05-22,2026-05-25
AVSC,ABM,,0.0009,2026-05-22,2026-05-25
AVSC,DXC,,0.0009,2026-05-22,2026-05-25
AVSC,PRA,,0.0009,2026-05-22,2026-05-25
AVSC,BGC,,0.0009,2026-05-22,2026-05-25
AVSC,RYZ,,0.0009,2026-05-22,2026-05-25
AVSC,BCC,,0.0008,2026-05-22,2026-05-25
AVSC,SAM,,0.0008,2026-05-22,2026-05-25
AVSC,MZTI,,0.0008,2026-05-22,2026-05-25
AVSC,MCB,,0.0008,2026-05-22,2026-05-25
AVSC,JBLU,,0.0008,2026-05-22,2026-05-25
AVSC,UFCS,,0.0008,2026-05-22,2026-05-25
AVSC,LRN,,0.0008,2026-05-22,2026-05-25
AVSC,ANIP,,0.0008,2026-05-22,2026-05-25
AVSC,MBIN,,0.0008,2026-05-22,2026-05-25
AVSC,PRGS,,0.0008,2026-05-22,2026-05-25
AVSC,GIII,,0.0008,2026-05-22,2026-05-25
AVSC,SCL,,0.0008,2026-05-22,2026-05-25
AVSC,GNK,,0.0008,2026-05-22,2026-05-25
AVSC,OCFC,,0.0008,2026-05-22,2026-05-25
AVSC,NESR,,0.0008,2026-05-22,2026-05-25
AVSC,DAVE,,0.0008,2026-05-22,2026-05-25
AVSC,LILAK,,0.0008,2026-05-22,2026-05-25
AVSC,WHR,,0.0008,2026-05-22,2026-05-25
AVSC,CCS,,0.0008,2026-05-22,2026-05-25
AVSC,SAFT,,0.0008,2026-05-22,2026-05-25
AVSC,HFWA,,0.0008,2026-05-22,2026-05-25
AVSC,DORM,,0.0008,2026-05-22,2026-05-25
AVSC,HAFC,,0.0008,2026-05-22,2026-05-25
AVSC,KNSA,,0.0008,2026-05-22,2026-05-25
AVSC,WEN,,0.0008,2026-05-22,2026-05-25
AVSC,FMBH,,0.0008,2026-05-22,2026-05-25
AVSC,XPEL,,0.0008,2026-05-22,2026-05-25
AVSC,AMN,,0.0008,2026-05-22,2026-05-25
AVSC,CPF,,0.0008,2026-05-22,2026-05-25
AVSC,BANF,,0.0008,2026-05-22,2026-05-25
AVSC,PENG,,0.0008,2026-05-22,2026-05-25
AVSC,CEVA,,0.0008,2026-05-22,2026-05-25
AVSC,KSS,,0.0008,2026-05-22,2026-05-25
AVSC,HRMY,,0.0008,2026-05-22,2026-05-25
AVSC,TRST,,0.0008,2026-05-22,2026-05-25
AVSC,BL,,0.0008,2026-05-22,2026-05-25
AVSC,LEG,,0.0008,2026-05-22,2026-05-25
AVSC,CNMD,,0.0008,2026-05-22,2026-05-25
AVSC,TREX,,0.0008,2026-05-22,2026-05-25
AVSC,APEI,,0.0008,2026-05-22,2026-05-25
AVSC,RAPP,,0.0008,2026-05-22,2026-05-25
AVSC,LNN,,0.0008,2026-05-22,2026-05-25
AVSC,NBN,,0.0008,2026-05-22,2026-05-25
AVSC,SLVM,,0.0008,2026-05-22,2026-05-25
AVSC,SBSI,,0.0008,2026-05-22,2026-05-25
AVSC,BJRI,,0.0007,2026-05-22,2026-05-25
AVSC,WMK,,0.0007,2026-05-22,2026-05-25
AVSC,EXLS,,0.0007,2026-05-22,2026-05-25
AVSC,HG,,0.0007,2026-05-22,2026-05-25
AVSC,HBNC,,0.0007,2026-05-22,2026-05-25
AVSC,CVI,,0.0007,2026-05-22,2026-05-25
AVSC,COLM,,0.0007,2026-05-22,2026-05-25
AVSC,ENOV,,0.0007,2026-05-22,2026-05-25
AVSC,MBWM,,0.0007,2026-05-22,2026-05-25
AVSC,CDNA,,0.0007,2026-05-22,2026-05-25
AVSC,BY,,0.0007,2026-05-22,2026-05-25
AVSC,FLYW,,0.0007,2026-05-22,2026-05-25
AVSC,IDT,,0.0007,2026-05-22,2026-05-25
AVSC,ESQ,,0.0007,2026-05-22,2026-05-25
AVSC,IPAR,,0.0007,2026-05-22,2026-05-25
AVSC,ASTH,,0.0007,2026-05-22,2026-05-25
AVSC,HHH,,0.0007,2026-05-22,2026-05-25
AVSC,RUSHA,,0.0007,2026-05-22,2026-05-25
AVSC,CRI,,0.0007,2026-05-22,2026-05-25
AVSC,DAKT,,0.0007,2026-05-22,2026-05-25
AVSC,SAH,,0.0007,2026-05-22,2026-05-25
AVSC,TBLA,,0.0007,2026-05-22,2026-05-25
AVSC,BELFB,,0.0007,2026-05-22,2026-05-25
AVSC,ENR,,0.0007,2026-05-22,2026-05-25
AVSC,NX,,0.0007,2026-05-22,2026-05-25
AVSC,AX,,0.0007,2026-05-22,2026-05-25
AVSC,TROX,,0.0007,2026-05-22,2026-05-25
AVSC,AOSL,,0.0007,2026-05-22,2026-05-25
AVSC,UAA,,0.0007,2026-05-22,2026-05-25
AVSC,CGEM,,0.0007,2026-05-22,2026-05-25
AVSC,CAC,,0.0007,2026-05-22,2026-05-25
AVSC,PRSU,,0.0007,2026-05-22,2026-05-25
AVSC,THFF,,0.0007,2026-05-22,2026-05-25
AVSC,SENEA,,0.0007,2026-05-22,2026-05-25
AVSC,CNS,,0.0007,2026-05-22,2026-05-25
AVSC,MYE,,0.0007,2026-05-22,2026-05-25
AVSC,CCB,,0.0007,2026-05-22,2026-05-25
AVSC,IRMD,,0.0007,2026-05-22,2026-05-25
AVSC,CCNE,,0.0007,2026-05-22,2026-05-25
AVSC,MMS,,0.0007,2026-05-22,2026-05-25
AVSC,GPRE,,0.0007,2026-05-22,2026-05-25
AVSC,XIFR,,0.0007,2026-05-22,2026-05-25
AVSC,BHRB,,0.0007,2026-05-22,2026-05-25
AVSC,AMTB,,0.0007,2026-05-22,2026-05-25
AVSC,GOLD,,0.0007,2026-05-22,2026-05-25
AVSC,XNCR,,0.0006,2026-05-22,2026-05-25
AVSC,RBCAA,,0.0006,2026-05-22,2026-05-25
AVSC,UTL,,0.0006,2026-05-22,2026-05-25
AVSC,SMP,,0.0006,2026-05-22,2026-05-25
AVSC,ODC,,0.0006,2026-05-22,2026-05-25
AVSC,COLL,,0.0006,2026-05-22,2026-05-25
AVSC,BFST,,0.0006,2026-05-22,2026-05-25
AVSC,LXU,,0.0006,2026-05-22,2026-05-25
AVSC,THRM,,0.0006,2026-05-22,2026-05-25
AVSC,YELP,,0.0006,2026-05-22,2026-05-25
AVSC,JJSF,,0.0006,2026-05-22,2026-05-25
AVSC,LQDT,,0.0006,2026-05-22,2026-05-25
AVSC,KODK,,0.0006,2026-05-22,2026-05-25
AVSC,MRTN,,0.0006,2026-05-22,2026-05-25
AVSC,EQBK,,0.0006,2026-05-22,2026-05-25
AVSC,AMAL,,0.0006,2026-05-22,2026-05-25
AVSC,MBC,,0.0006,2026-05-22,2026-05-25
AVSC,PCRX,,0.0006,2026-05-22,2026-05-25
AVSC,TDOC,,0.0006,2026-05-22,2026-05-25
AVSC,HTB,,0.0006,2026-05-22,2026-05-25
AVSC,FET,,0.0006,2026-05-22,2026-05-25
AVSC,SCSC,,0.0006,2026-05-22,2026-05-25
AVSC,EE,,0.0006,2026-05-22,2026-05-25
AVSC,IOVA,,0.0006,2026-05-22,2026-05-25
AVSC,SLM,,0.0006,2026-05-22,2026-05-25
AVSC,NPK,,0.0006,2026-05-22,2026-05-25
AVSC,PLPC,,0.0006,2026-05-22,2026-05-25
AVSC,FCEL,,0.0006,2026-05-22,2026-05-25
AVSC,EIG,,0.0006,2026-05-22,2026-05-25
AVSC,IART,,0.0006,2026-05-22,2026-05-25
AVSC,RHI,,0.0006,2026-05-22,2026-05-25
AVSC,SRPT,,0.0006,2026-05-22,2026-05-25
AVSC,LZ,,0.0006,2026-05-22,2026-05-25
AVSC,TR,,0.0006,2026-05-22,2026-05-25
AVSC,SHEN,,0.0006,2026-05-22,2026-05-25
AVSC,PGC,,0.0006,2026-05-22,2026-05-25
AVSC,SCHL,,0.0006,2026-05-22,2026-05-25
AVSC,CXT,,0.0006,2026-05-22,2026-05-25
AVSC,FSUN,,0.0006,2026-05-22,2026-05-25
AVSC,FISI,,0.0006,2026-05-22,2026-05-25
AVSC,GLUE,,0.0006,2026-05-22,2026-05-25
AVSC,DJCO,,0.0006,2026-05-22,2026-05-25
AVSC,FCBC,,0.0006,2026-05-22,2026-05-25
AVSC,ZGN,,0.0006,2026-05-22,2026-05-25
AVSC,GSBC,,0.0006,2026-05-22,2026-05-25
AVSC,ASC,,0.0006,2026-05-22,2026-05-25
AVSC,IBCP,,0.0006,2026-05-22,2026-05-25
AVSC,RES,,0.0006,2026-05-22,2026-05-25
AVSC,SEB,,0.0006,2026-05-22,2026-05-25
AVSC,ROCK,,0.0006,2026-05-22,2026-05-25
AVSC,VRRM,,0.0006,2026-05-22,2026-05-25
AVSC,MPB,,0.0006,2026-05-22,2026-05-25
AVSC,ORRF,,0.0006,2026-05-22,2026-05-25
AVSC,SMBC,,0.0006,2026-05-22,2026-05-25
AVSC,RLI,,0.0006,2026-05-22,2026-05-25
AVSC,MMI,,0.0006,2026-05-22,2026-05-25
AVSC,HRTG,,0.0006,2026-05-22,2026-05-25
AVSC,NNI,,0.0006,2026-05-22,2026-05-25
AVSC,MLKN,,0.0006,2026-05-22,2026-05-25
AVSC,EPC,,0.0006,2026-05-22,2026-05-25
AVSC,BV,,0.0006,2026-05-22,2026-05-25
AVSC,KOP,,0.0006,2026-05-22,2026-05-25
AVSC,ACEL,,0.0005,2026-05-22,2026-05-25
AVSC,STGW,,0.0005,2026-05-22,2026-05-25
AVSC,CARE,,0.0005,2026-05-22,2026-05-25
AVSC,LSTR,,0.0005,2026-05-22,2026-05-25
AVSC,BKV,,0.0005,2026-05-22,2026-05-25
AVSC,CCBG,,0.0005,2026-05-22,2026-05-25
AVSC,NSP,,0.0005,2026-05-22,2026-05-25
AVSC,MITK,,0.0005,2026-05-22,2026-05-25
AVSC,WEX,,0.0005,2026-05-22,2026-05-25
AVSC,EGBN,,0.0005,2026-05-22,2026-05-25
AVSC,CNXN,,0.0005,2026-05-22,2026-05-25
AVSC,SEPN,,0.0005,2026-05-22,2026-05-25
AVSC,AMRC,,0.0005,2026-05-22,2026-05-25
AVSC,CYRX,,0.0005,2026-05-22,2026-05-25
AVSC,CLVT,,0.0005,2026-05-22,2026-05-25
AVSC,VNT,,0.0005,2026-05-22,2026-05-25
AVSC,MTUS,,0.0005,2026-05-22,2026-05-25
AVSC,FSBC,,0.0005,2026-05-22,2026-05-25
AVSC,SHBI,,0.0005,2026-05-22,2026-05-25
AVSC,APOG,,0.0005,2026-05-22,2026-05-25
AVSC,SMBK,,0.0005,2026-05-22,2026-05-25
AVSC,LMB,,0.0005,2026-05-22,2026-05-25
AVSC,NTGR,,0.0005,2026-05-22,2026-05-25
AVSC,UPWK,,0.0005,2026-05-22,2026-05-25
AVSC,GDOT,,0.0005,2026-05-22,2026-05-25
AVSC,MLAB,,0.0005,2026-05-22,2026-05-25
AVSC,AZTA,,0.0005,2026-05-22,2026-05-25
AVSC,RH,,0.0005,2026-05-22,2026-05-25
AVSC,TBPH,,0.0005,2026-05-22,2026-05-25
AVSC,UPBD,,0.0005,2026-05-22,2026-05-25
AVSC,CRAI,,0.0005,2026-05-22,2026-05-25
AVSC,DHT,,0.0005,2026-05-22,2026-05-25
AVSC,FMNB,,0.0005,2026-05-22,2026-05-25
AVSC,KE,,0.0005,2026-05-22,2026-05-25
AVSC,NBBK,,0.0005,2026-05-22,2026-05-25
AVSC,PKE,,0.0005,2026-05-22,2026-05-25
AVSC,JBSS,,0.0005,2026-05-22,2026-05-25
AVSC,UFPI,,0.0005,2026-05-22,2026-05-25
AVSC,MCBS,,0.0005,2026-05-22,2026-05-25
AVSC,BLKB,,0.0005,2026-05-22,2026-05-25
AVSC,LGIH,,0.0005,2026-05-22,2026-05-25
AVSC,PFSI,,0.0005,2026-05-22,2026-05-25
AVSC,TCMD,,0.0005,2026-05-22,2026-05-25
AVSC,CSV,,0.0005,2026-05-22,2026-05-25
AVSC,SWBI,,0.0005,2026-05-22,2026-05-25
AVSC,CVLG,,0.0005,2026-05-22,2026-05-25
AVSC,ALRS,,0.0005,2026-05-22,2026-05-25
AVSC,WD,,0.0005,2026-05-22,2026-05-25
AVSC,REPX,,0.0005,2026-05-22,2026-05-25
AVSC,ITGR,,0.0005,2026-05-22,2026-05-25
AVSC,DRVN,,0.0005,2026-05-22,2026-05-25
AVSC,TH,,0.0005,2026-05-22,2026-05-25
AVSC,CASS,,0.0005,2026-05-22,2026-05-25
AVSC,MSBI,,0.0005,2026-05-22,2026-05-25
AVSC,EGY,,0.0005,2026-05-22,2026-05-25
AVSC,COUR,,0.0005,2026-05-22,2026-05-25
AVSC,HTLD,,0.0005,2026-05-22,2026-05-25
AVSC,NFBK,,0.0005,2026-05-22,2026-05-25
AVSC,RYAM,,0.0005,2026-05-22,2026-05-25
AVSC,SLDE,,0.0005,2026-05-22,2026-05-25
AVSC,NRIM,,0.0005,2026-05-22,2026-05-25
AVSC,ADMA,,0.0005,2026-05-22,2026-05-25
AVSC,FTRE,,0.0005,2026-05-22,2026-05-25
AVSC,CFFN,,0.0005,2026-05-22,2026-05-25
AVSC,KFRC,,0.0005,2026-05-22,2026-05-25
AVSC,RDVT,,0.0005,2026-05-22,2026-05-25
AVSC,NGS,,0.0005,2026-05-22,2026-05-25
AVSC,VRTS,,0.0005,2026-05-22,2026-05-25
AVSC,OIS,,0.0005,2026-05-22,2026-05-25
AVSC,ORIC,,0.0005,2026-05-22,2026-05-25
AVSC,PGY,,0.0005,2026-05-22,2026-05-25
AVSC,KOS,,0.0005,2026-05-22,2026-05-25
AVSC,QDEL,,0.0005,2026-05-22,2026-05-25
AVSC,SPFI,,0.0004,2026-05-22,2026-05-25
AVSC,JBIO,,0.0004,2026-05-22,2026-05-25
AVSC,HNRG,,0.0004,2026-05-22,2026-05-25
AVSC,HZO,,0.0004,2026-05-22,2026-05-25
AVSC,ORN,,0.0004,2026-05-22,2026-05-25
AVSC,CSTL,,0.0004,2026-05-22,2026-05-25
AVSC,PFIS,,0.0004,2026-05-22,2026-05-25
AVSC,WBTN,,0.0004,2026-05-22,2026-05-25
AVSC,AROW,,0.0004,2026-05-22,2026-05-25
AVSC,MKTX,,0.0004,2026-05-22,2026-05-25
AVSC,USLM,,0.0004,2026-05-22,2026-05-25
AVSC,WGO,,0.0004,2026-05-22,2026-05-25
AVSC,LYTS,,0.0004,2026-05-22,2026-05-25
AVSC,WASH,,0.0004,2026-05-22,2026-05-25
AVSC,PRGO,,0.0004,2026-05-22,2026-05-25
AVSC,REYN,,0.0004,2026-05-22,2026-05-25
AVSC,UA,,0.0004,2026-05-22,2026-05-25
AVSC,BHB,,0.0004,2026-05-22,2026-05-25
AVSC,EBF,,0.0004,2026-05-22,2026-05-25
AVSC,CLBK,,0.0004,2026-05-22,2026-05-25
AVSC,GTM,,0.0004,2026-05-22,2026-05-25
AVSC,HSTM,,0.0004,2026-05-22,2026-05-25
AVSC,IPI,,0.0004,2026-05-22,2026-05-25
AVSC,GBTG,,0.0004,2026-05-22,2026-05-25
AVSC,HIPO,,0.0004,2026-05-22,2026-05-25
AVSC,PRAA,,0.0004,2026-05-22,2026-05-25
AVSC,CLF,,0.0004,2026-05-22,2026-05-25
AVSC,ACNB,,0.0004,2026-05-22,2026-05-25
AVSC,BCAX,,0.0004,2026-05-22,2026-05-25
AVSC,ABSI,,0.0004,2026-05-22,2026-05-25
AVSC,CIVB,,0.0004,2026-05-22,2026-05-25
AVSC,MAMA,,0.0004,2026-05-22,2026-05-25
AVSC,AVO,,0.0004,2026-05-22,2026-05-25
AVSC,AMSF,,0.0004,2026-05-22,2026-05-25
AVSC,RXRX,,0.0004,2026-05-22,2026-05-25
AVSC,GO,,0.0004,2026-05-22,2026-05-25
AVSC,ANGO,,0.0004,2026-05-22,2026-05-25
AVSC,SD,,0.0004,2026-05-22,2026-05-25
AVSC,CTOS,,0.0004,2026-05-22,2026-05-25
AVSC,BSRR,,0.0004,2026-05-22,2026-05-25
AVSC,SNDR,,0.0004,2026-05-22,2026-05-25
AVSC,LBRDK,,0.0004,2026-05-22,2026-05-25
AVSC,FFIC,,0.0004,2026-05-22,2026-05-25
AVSC,VLGEA,,0.0004,2026-05-22,2026-05-25
AVSC,CLB,,0.0004,2026-05-22,2026-05-25
AVSC,AMWD,,0.0004,2026-05-22,2026-05-25
AVSC,FOR,,0.0004,2026-05-22,2026-05-25
AVSC,TCBX,,0.0004,2026-05-22,2026-05-25
AVSC,GRDN,,0.0004,2026-05-22,2026-05-25
AVSC,QTWO,,0.0004,2026-05-22,2026-05-25
AVSC,BCAL,,0.0004,2026-05-22,2026-05-25
AVSC,CBRL,,0.0004,2026-05-22,2026-05-25
AVSC,IIIN,,0.0004,2026-05-22,2026-05-25
AVSC,MLR,,0.0004,2026-05-22,2026-05-25
AVSC,CTKB,,0.0004,2026-05-22,2026-05-25
AVSC,ASIX,,0.0004,2026-05-22,2026-05-25
AVSC,FWRG,,0.0004,2026-05-22,2026-05-25
AVSC,NUTX,,0.0004,2026-05-22,2026-05-25
AVSC,EFOR,,0.0004,2026-05-22,2026-05-25
AVSC,FUN,,0.0004,2026-05-22,2026-05-25
AVSC,SXC,,0.0004,2026-05-22,2026-05-25
AVSC,CWBC,,0.0004,2026-05-22,2026-05-25
AVSC,NSIT,,0.0004,2026-05-22,2026-05-25
AVSC,BAND,,0.0004,2026-05-22,2026-05-25
AVSC,MGNI,,0.0004,2026-05-22,2026-05-25
AVSC,HBCP,,0.0004,2026-05-22,2026-05-25
AVSC,FOXF,,0.0004,2026-05-22,2026-05-25
AVSC,GLIBK,,0.0004,2026-05-22,2026-05-25
AVSC,GLOB,,0.0004,2026-05-22,2026-05-25
AVSC,KRNY,,0.0004,2026-05-22,2026-05-25
AVSC,ROOT,,0.0004,2026-05-22,2026-05-25
AVSC,OOMA,,0.0004,2026-05-22,2026-05-25
AVSC,NEO,,0.0004,2026-05-22,2026-05-25
AVSC,TENB,,0.0004,2026-05-22,2026-05-25
AVSC,FRSH,,0.0004,2026-05-22,2026-05-25
AVSC,HIFS,,0.0004,2026-05-22,2026-05-25
AVSC,JBI,,0.0004,2026-05-22,2026-05-25
AVSC,DOLE,,0.0003,2026-05-22,2026-05-25
AVSC,BZH,,0.0003,2026-05-22,2026-05-25
AVSC,WLFC,,0.0003,2026-05-22,2026-05-25
AVSC,FBIZ,,0.0003,2026-05-22,2026-05-25
AVSC,CLFD,,0.0003,2026-05-22,2026-05-25
AVSC,FULC,,0.0003,2026-05-22,2026-05-25
AVSC,SBGI,,0.0003,2026-05-22,2026-05-25
AVSC,GLRE,,0.0003,2026-05-22,2026-05-25
AVSC,TRUP,,0.0003,2026-05-22,2026-05-25
AVSC,ATLC,,0.0003,2026-05-22,2026-05-25
AVSC,NVEC,,0.0003,2026-05-22,2026-05-25
AVSC,PRG,,0.0003,2026-05-22,2026-05-25
AVSC,RGR,,0.0003,2026-05-22,2026-05-25
AVSC,TRC,,0.0003,2026-05-22,2026-05-25
AVSC,MTW,,0.0003,2026-05-22,2026-05-25
AVSC,MATV,,0.0003,2026-05-22,2026-05-25
AVSC,SFL,,0.0003,2026-05-22,2026-05-25
AVSC,ARKO,,0.0003,2026-05-22,2026-05-25
AVSC,MCS,,0.0003,2026-05-22,2026-05-25
AVSC,HOV,,0.0003,2026-05-22,2026-05-25
AVSC,GIC,,0.0003,2026-05-22,2026-05-25
AVSC,ELF,,0.0003,2026-05-22,2026-05-25
AVSC,STAA,,0.0003,2026-05-22,2026-05-25
AVSC,CVEO,,0.0003,2026-05-22,2026-05-25
AVSC,LXFR,,0.0003,2026-05-22,2026-05-25
AVSC,CVGW,,0.0003,2026-05-22,2026-05-25
AVSC,CNXC,,0.0003,2026-05-22,2026-05-25
AVSC,TITN,,0.0003,2026-05-22,2026-05-25
AVSC,BOW,,0.0003,2026-05-22,2026-05-25
AVSC,FDMT,,0.0003,2026-05-22,2026-05-25
AVSC,OXM,,0.0003,2026-05-22,2026-05-25
AVSC,TFSL,,0.0003,2026-05-22,2026-05-25
AVSC,SRTA,,0.0003,2026-05-22,2026-05-25
AVSC,BLMN,,0.0003,2026-05-22,2026-05-25
AVSC,BWB,,0.0003,2026-05-22,2026-05-25
AVSC,WRLD,,0.0003,2026-05-22,2026-05-25
AVSC,UNTY,,0.0003,2026-05-22,2026-05-25
AVSC,NAVI,,0.0003,2026-05-22,2026-05-25
AVSC,PNTG,,0.0003,2026-05-22,2026-05-25
AVSC,MG,,0.0003,2026-05-22,2026-05-25
AVSC,SLDP,,0.0003,2026-05-22,2026-05-25
AVSC,SMPL,,0.0003,2026-05-22,2026-05-25
AVSC,VNDA,,0.0003,2026-05-22,2026-05-25
AVSC,TBN,,0.0003,2026-05-22,2026-05-25
AVSC,EVC,,0.0003,2026-05-22,2026-05-25
AVSC,SFST,,0.0003,2026-05-22,2026-05-25
AVSC,BMRC,,0.0003,2026-05-22,2026-05-25
AVSC,AMPH,,0.0003,2026-05-22,2026-05-25
AVSC,EBS,,0.0003,2026-05-22,2026-05-25
AVSC,AD,,0.0003,2026-05-22,2026-05-25
AVSC,BBW,,0.0003,2026-05-22,2026-05-25
AVSC,MOV,,0.0003,2026-05-22,2026-05-25
AVSC,VTS,,0.0003,2026-05-22,2026-05-25
AVSC,HELE,,0.0003,2026-05-22,2026-05-25
AVSC,MCY,,0.0003,2026-05-22,2026-05-25
AVSC,ARVN,,0.0003,2026-05-22,2026-05-25
AVSC,VISN,,0.0003,2026-05-22,2026-05-25
AVSC,VREX,,0.0003,2026-05-22,2026-05-25
AVSC,MRAM,,0.0003,2026-05-22,2026-05-25
AVSC,MCFT,,0.0003,2026-05-22,2026-05-25
AVSC,OBT,,0.0003,2026-05-22,2026-05-25
AVSC,FND,,0.0003,2026-05-22,2026-05-25
AVSC,ETD,,0.0003,2026-05-22,2026-05-25
AVSC,CDRE,,0.0003,2026-05-22,2026-05-25
AVSC,DSGN,,0.0003,2026-05-22,2026-05-25
AVSC,PRTA,,0.0003,2026-05-22,2026-05-25
AVSC,DFH,,0.0003,2026-05-22,2026-05-25
AVSC,PSNL,,0.0003,2026-05-22,2026-05-25
AVSC,HBT,,0.0003,2026-05-22,2026-05-25
AVSC,CNNE,,0.0003,2026-05-22,2026-05-25
AVSC,KMPR,,0.0003,2026-05-22,2026-05-25
AVSC,FRST,,0.0003,2026-05-22,2026-05-25
AVSC,GRNT,,0.0003,2026-05-22,2026-05-25
AVSC,CARS,,0.0003,2026-05-22,2026-05-25
AVSC,CXM,,0.0003,2026-05-22,2026-05-25
AVSC,ELVR,,0.0003,2026-05-22,2026-05-25
AVSC,RBB,,0.0003,2026-05-22,2026-05-25
AVSC,COFS,,0.0003,2026-05-22,2026-05-25
AVSC,TBRG,,0.0003,2026-05-22,2026-05-25
AVSC,FTK,,0.0003,2026-05-22,2026-05-25
AVSC,DNA,,0.0003,2026-05-22,2026-05-25
AVSC,RRBI,,0.0003,2026-05-22,2026-05-25
AVSC,MBUU,,0.0003,2026-05-22,2026-05-25
AVSC,FG,,0.0003,2026-05-22,2026-05-25
AVSC,PAY,,0.0003,2026-05-22,2026-05-25
AVSC,BIOA,,0.0003,2026-05-22,2026-05-25
AVSC,EVER,,0.0003,2026-05-22,2026-05-25
AVSC,BGS,,0.0003,2026-05-22,2026-05-25
AVSC,CBAN,,0.0003,2026-05-22,2026-05-25
AVSC,KIDS,,0.0003,2026-05-22,2026-05-25
AVSC,TGLS,,0.0003,2026-05-22,2026-05-25
AVSC,AVPT,,0.0003,2026-05-22,2026-05-25
AVSC,IBEX,,0.0003,2026-05-22,2026-05-25
AVSC,CLMB,,0.0003,2026-05-22,2026-05-25
AVSC,CRNC,,0.0003,2026-05-22,2026-05-25
AVSC,SFIX,,0.0003,2026-05-22,2026-05-25
AVSC,PUBM,,0.0003,2026-05-22,2026-05-25
AVSC,HY,,0.0003,2026-05-22,2026-05-25
AVSC,GTE,,0.0003,2026-05-22,2026-05-25
AVSC,IMXI,,0.0003,2026-05-22,2026-05-25
AVSC,RVLV,,0.0003,2026-05-22,2026-05-25
AVSC,LOCO,,0.0003,2026-05-22,2026-05-25
AVSC,GPGI,,0.0003,2026-05-22,2026-05-25
AVSC,FSTR,,0.0003,2026-05-22,2026-05-25
AVSC,CBNK,,0.0003,2026-05-22,2026-05-25
AVSC,FRBA,,0.0003,2026-05-22,2026-05-25
AVSC,DGICA,,0.0003,2026-05-22,2026-05-25
AVSC,ATEX,,0.0003,2026-05-22,2026-05-25
AVSC,MTRX,,0.0003,2026-05-22,2026-05-25
AVSC,UTZ,,0.0003,2026-05-22,2026-05-25
AVSC,OFIX,,0.0002,2026-05-22,2026-05-25
AVSC,XPER,,0.0002,2026-05-22,2026-05-25
AVSC,TNET,,0.0002,2026-05-22,2026-05-25
AVSC,TIPT,,0.0002,2026-05-22,2026-05-25
AVSC,PBYI,,0.0002,2026-05-22,2026-05-25
AVSC,GPK,,0.0002,2026-05-22,2026-05-25
AVSC,ETON,,0.0002,2026-05-22,2026-05-25
AVSC,FPH,,0.0002,2026-05-22,2026-05-25
AVSC,FLO,,0.0002,2026-05-22,2026-05-25
AVSC,MDXG,,0.0002,2026-05-22,2026-05-25
AVSC,GCO,,0.0002,2026-05-22,2026-05-25
AVSC,SSTK,,0.0002,2026-05-22,2026-05-25
AVSC,CRVL,,0.0002,2026-05-22,2026-05-25
AVSC,OEC,,0.0002,2026-05-22,2026-05-25
AVSC,BXC,,0.0002,2026-05-22,2026-05-25
AVSC,CAL,,0.0002,2026-05-22,2026-05-25
AVSC,MEC,,0.0002,2026-05-22,2026-05-25
AVSC,AVIR,,0.0002,2026-05-22,2026-05-25
AVSC,CVLT,,0.0002,2026-05-22,2026-05-25
AVSC,SMC,,0.0002,2026-05-22,2026-05-25
AVSC,FLGT,,0.0002,2026-05-22,2026-05-25
AVSC,CMCO,,0.0002,2026-05-22,2026-05-25
AVSC,NGVC,,0.0002,2026-05-22,2026-05-25
AVSC,NRC,,0.0002,2026-05-22,2026-05-25
AVSC,TWI,,0.0002,2026-05-22,2026-05-25
AVSC,ARTNA,,0.0002,2026-05-22,2026-05-25
AVSC,NATR,,0.0002,2026-05-22,2026-05-25
AVSC,RNGR,,0.0002,2026-05-22,2026-05-25
AVSC,ZUMZ,,0.0002,2026-05-22,2026-05-25
AVSC,HCKT,,0.0002,2026-05-22,2026-05-25
AVSC,NPB,,0.0002,2026-05-22,2026-05-25
AVSC,OSPN,,0.0002,2026-05-22,2026-05-25
AVSC,FIZZ,,0.0002,2026-05-22,2026-05-25
AVSC,RCKY,,0.0002,2026-05-22,2026-05-25
AVSC,BOC,,0.0002,2026-05-22,2026-05-25
AVSC,HYLN,,0.0002,2026-05-22,2026-05-25
AVSC,FMC,,0.0002,2026-05-22,2026-05-25
AVSC,BVS,,0.0002,2026-05-22,2026-05-25
AVSC,BKTI,,0.0002,2026-05-22,2026-05-25
AVSC,HVT,,0.0002,2026-05-22,2026-05-25
AVSC,STRT,,0.0002,2026-05-22,2026-05-25
AVSC,RIGL,,0.0002,2026-05-22,2026-05-25
AVSC,MNRO,,0.0002,2026-05-22,2026-05-25
AVSC,RPD,,0.0002,2026-05-22,2026-05-25
AVSC,BWFG,,0.0002,2026-05-22,2026-05-25
AVSC,QNST,,0.0002,2026-05-22,2026-05-25
AVSC,CCRN,,0.0002,2026-05-22,2026-05-25
AVSC,CTNM,,0.0002,2026-05-22,2026-05-25
AVSC,KYTX,,0.0002,2026-05-22,2026-05-25
AVSC,RLGT,,0.0002,2026-05-22,2026-05-25
AVSC,RMR,,0.0002,2026-05-22,2026-05-25
AVSC,HROW,,0.0002,2026-05-22,2026-05-25
AVSC,CENT,,0.0002,2026-05-22,2026-05-25
AVSC,INSP,,0.0002,2026-05-22,2026-05-25
AVSC,HLNE,,0.0002,2026-05-22,2026-05-25
AVSC,ATNI,,0.0002,2026-05-22,2026-05-25
AVSC,GOGO,,0.0002,2026-05-22,2026-05-25
AVSC,CRSR,,0.0002,2026-05-22,2026-05-25
AVSC,ISTR,,0.0002,2026-05-22,2026-05-25
AVSC,NGNE,,0.0002,2026-05-22,2026-05-25
AVSC,OPFI,,0.0002,2026-05-22,2026-05-25
AVSC,MEI,,0.0002,2026-05-22,2026-05-25
AVSC,ITIC,,0.0002,2026-05-22,2026-05-25
AVSC,EGHT,,0.0002,2026-05-22,2026-05-25
AVSC,ACHR,,0.0002,2026-05-22,2026-05-25
AVSC,SWIM,,0.0002,2026-05-22,2026-05-25
AVSC,ACCO,,0.0002,2026-05-22,2026-05-25
AVSC,MATW,,0.0002,2026-05-22,2026-05-25
AVSC,PLAY,,0.0002,2026-05-22,2026-05-25
AVSC,KELYA,,0.0002,2026-05-22,2026-05-25
AVSC,PDLB,,0.0002,2026-05-22,2026-05-25
AVSC,NUS,,0.0002,2026-05-22,2026-05-25
AVSC,RBBN,,0.0002,2026-05-22,2026-05-25
AVSC,BRSL,,0.0002,2026-05-22,2026-05-25
AVSC,UPB,,0.0002,2026-05-22,2026-05-25
AVSC,GCT,,0.0002,2026-05-22,2026-05-25
AVSC,NEWT,,0.0002,2026-05-22,2026-05-25
AVSC,MVBF,,0.0002,2026-05-22,2026-05-25
AVSC,PAHC,,0.0002,2026-05-22,2026-05-25
AVSC,FIVN,,0.0002,2026-05-22,2026-05-25
AVSC,RM,,0.0002,2026-05-22,2026-05-25
AVSC,AVAH,,0.0002,2026-05-22,2026-05-25
AVSC,FRPH,,0.0002,2026-05-22,2026-05-25
AVSC,NIQ,,0.0002,2026-05-22,2026-05-25
AVSC,SGMT,,0.0002,2026-05-22,2026-05-25
AVSC,SVV,,0.0002,2026-05-22,2026-05-25
AVSC,ACRS,,0.0002,2026-05-22,2026-05-25
AVSC,PKOH,,0.0002,2026-05-22,2026-05-25
AVSC,ERAS,,0.0002,2026-05-22,2026-05-25
AVSC,WSBF,,0.0002,2026-05-22,2026-05-25
AVSC,ALCO,,0.0002,2026-05-22,2026-05-25
AVSC,AMCX,,0.0002,2026-05-22,2026-05-25
AVSC,CLNE,,0.0002,2026-05-22,2026-05-25
AVSC,FMAO,,0.0002,2026-05-22,2026-05-25
AVSC,NOK,,0.0002,2026-05-22,2026-05-25
AVSC,FOUR,,0.0002,2026-05-22,2026-05-25
AVSC,SERV,,0.0002,2026-05-22,2026-05-25
AVSC,DBI,,0.0002,2026-05-22,2026-05-25
AVSC,TLS,,0.0002,2026-05-22,2026-05-25
AVSC,BCML,,0.0002,2026-05-22,2026-05-25
AVSC,VITL,,0.0002,2026-05-22,2026-05-25
AVSC,ARHS,,0.0002,2026-05-22,2026-05-25
AVSC,TECX,,0.0002,2026-05-22,2026-05-25
AVSC,SCVL,,0.0002,2026-05-22,2026-05-25
AVSC,ONIT,,0.0002,2026-05-22,2026-05-25
AVSC,WOOF,,0.0002,2026-05-22,2026-05-25
AVSC,CTRN,,0.0002,2026-05-22,2026-05-25
AVSC,ISSC,,0.0002,2026-05-22,2026-05-25
AVSC,NRDS,,0.0002,2026-05-22,2026-05-25
AVSC,SPOK,,0.0002,2026-05-22,2026-05-25
AVSC,CZNC,,0.0002,2026-05-22,2026-05-25
AVSC,TARA,,0.0002,2026-05-22,2026-05-25
AVSC,INTT,,0.0002,2026-05-22,2026-05-25
AVSC,BFLY,,0.0002,2026-05-22,2026-05-25
AVSC,HGTY,,0.0002,2026-05-22,2026-05-25
AVSC,FCCO,,0.0002,2026-05-22,2026-05-25
AVSC,DDD,,0.0002,2026-05-22,2026-05-25
AVSC,VYGR,,0.0002,2026-05-22,2026-05-25
AVSC,EU,,0.0002,2026-05-22,2026-05-25
AVSC,GEVO,,0.0002,2026-05-22,2026-05-25
AVSC,MVST,,0.0002,2026-05-22,2026-05-25
AVSC,SEZL,,0.0002,2026-05-22,2026-05-25
AVSC,NXDR,,0.0002,2026-05-22,2026-05-25
AVSC,LMNR,,0.0002,2026-05-22,2026-05-25
AVSC,CZFS,,0.0002,2026-05-22,2026-05-25
AVSC,CMDB,,0.0002,2026-05-22,2026-05-25
AVSC,OSUR,,0.0002,2026-05-22,2026-05-25
AVSC,TRDA,,0.0002,2026-05-22,2026-05-25
AVSC,DFIN,,0.0002,2026-05-22,2026-05-25
AVSC,AVBP,,0.0002,2026-05-22,2026-05-25
AVSC,WTBA,,0.0002,2026-05-22,2026-05-25
AVSC,HNST,,0.0002,2026-05-22,2026-05-25
AVSC,CMRE,,0.0002,2026-05-22,2026-05-25
AVSC,RELL,,0.0002,2026-05-22,2026-05-25
AVSC,XZO,,0.0002,2026-05-22,2026-05-25
AVSC,ASPN,,0.0002,2026-05-22,2026-05-25
AVSC,ACDC,,0.0002,2026-05-22,2026-05-25
AVSC,MPTI,,0.0002,2026-05-22,2026-05-25
AVSC,ESOA,,0.0002,2026-05-22,2026-05-25
AVSC,ELMD,,0.0002,2026-05-22,2026-05-25
AVSC,ACIC,,0.0002,2026-05-22,2026-05-25
AVSC,FRAF,,0.0002,2026-05-22,2026-05-25
AVSC,MGPI,,0.0002,2026-05-22,2026-05-25
AVSC,LOGC,,0.0002,2026-05-22,2026-05-25
AVSC,LTRX,,0.0002,2026-05-22,2026-05-25
AVSC,TG,,0.0002,2026-05-22,2026-05-25
AVSC,WNC,,0.0001,2026-05-22,2026-05-25
AVSC,PPIH,,0.0001,2026-05-22,2026-05-25
AVSC,ASYS,,0.0001,2026-05-22,2026-05-25
AVSC,PANL,,0.0001,2026-05-22,2026-05-25
AVSC,NAT,,0.0001,2026-05-22,2026-05-25
AVSC,KRT,,0.0001,2026-05-22,2026-05-25
AVSC,RPAY,,0.0001,2026-05-22,2026-05-25
AVSC,JANX,,0.0001,2026-05-22,2026-05-25
AVSC,ARCT,,0.0001,2026-05-22,2026-05-25
AVSC,CCCC,,0.0001,2026-05-22,2026-05-25
AVSC,ASUR,,0.0001,2026-05-22,2026-05-25
AVSC,CNDT,,0.0001,2026-05-22,2026-05-25
AVSC,LILA,,0.0001,2026-05-22,2026-05-25
AVSC,MASS,,0.0001,2026-05-22,2026-05-25
AVSC,ORGO,,0.0001,2026-05-22,2026-05-25
AVSC,LYEL,,0.0001,2026-05-22,2026-05-25
AVSC,QUAD,,0.0001,2026-05-22,2026-05-25
AVSC,ULCC,,0.0001,2026-05-22,2026-05-25
AVSC,ALTO,,0.0001,2026-05-22,2026-05-25
AVSC,ALLO,,0.0001,2026-05-22,2026-05-25
AVSC,JCAP,,0.0001,2026-05-22,2026-05-25
AVSC,FOSL,,0.0001,2026-05-22,2026-05-25
AVSC,PTLO,,0.0001,2026-05-22,2026-05-25
AVSC,GOLF,,0.0001,2026-05-22,2026-05-25
AVSC,PKBK,,0.0001,2026-05-22,2026-05-25
AVSC,HDSN,,0.0001,2026-05-22,2026-05-25
AVSC,ABX,,0.0001,2026-05-22,2026-05-25
AVSC,MPAA,,0.0001,2026-05-22,2026-05-25
AVSC,UTMD,,0.0001,2026-05-22,2026-05-25
AVSC,AIOT,,0.0001,2026-05-22,2026-05-25
AVSC,JOUT,,0.0001,2026-05-22,2026-05-25
AVSC,SG,,0.0001,2026-05-22,2026-05-25
AVSC,GCMG,,0.0001,2026-05-22,2026-05-25
AVSC,RICK,,0.0001,2026-05-22,2026-05-25
AVSC,CFFI,,0.0001,2026-05-22,2026-05-25
AVSC,ANIK,,0.0001,2026-05-22,2026-05-25
AVSC,FLXS,,0.0001,2026-05-22,2026-05-25
AVSC,FNKO,,0.0001,2026-05-22,2026-05-25
AVSC,OSG,,0.0001,2026-05-22,2026-05-25
AVSC,BRBS,,0.0001,2026-05-22,2026-05-25
AVSC,CMT,,0.0001,2026-05-22,2026-05-25
AVSC,FUNC,,0.0001,2026-05-22,2026-05-25
AVSC,USNA,,0.0001,2026-05-22,2026-05-25
AVSC,MSEX,,0.0001,2026-05-22,2026-05-25
AVSC,INBK,,0.0001,2026-05-22,2026-05-25
AVSC,ASLE,,0.0001,2026-05-22,2026-05-25
AVSC,NABL,,0.0001,2026-05-22,2026-05-25
AVSC,MYFW,,0.0001,2026-05-22,2026-05-25
AVSC,WNEB,,0.0001,2026-05-22,2026-05-25
AVSC,SMHI,,0.0001,2026-05-22,2026-05-25
AVSC,MX,,0.0001,2026-05-22,2026-05-25
AVSC,NCMI,,0.0001,2026-05-22,2026-05-25
AVSC,NRGV,,0.0001,2026-05-22,2026-05-25
AVSC,BSVN,,0.0001,2026-05-22,2026-05-25
AVSC,AVNW,,0.0001,2026-05-22,2026-05-25
AVSC,LODE,,0.0001,2026-05-22,2026-05-25
AVSC,CRCT,,0.0001,2026-05-22,2026-05-25
AVSC,MRBK,,0.0001,2026-05-22,2026-05-25
AVSC,GBFH,,0.0001,2026-05-22,2026-05-25
AVSC,CATX,,0.0001,2026-05-22,2026-05-25
AVSC,IMMR,,0.0001,2026-05-22,2026-05-25
AVSC,QUBT,,0.0001,2026-05-22,2026-05-25
AVSC,GVA,,0.0001,2026-05-22,2026-05-25
AVSC,KINS,,0.0001,2026-05-22,2026-05-25
AVSC,SKYH,,0.0001,2026-05-22,2026-05-25
AVSC,THRY,,0.0001,2026-05-22,2026-05-25
AVSC,FC,,0.0001,2026-05-22,2026-05-25
AVSC,MH,,0.0001,2026-05-22,2026-05-25
AVSC,LOVE,,0.0001,2026-05-22,2026-05-25
AVSC,CLW,,0.0001,2026-05-22,2026-05-25
AVSC,CABO,,0.0001,2026-05-22,2026-05-25
AVSC,JRVR,,0.0001,2026-05-22,2026-05-25
AVSC,JAKK,,0.0001,2026-05-22,2026-05-25
AVSC,CHMG,,0.0001,2026-05-22,2026-05-25
AVSC,CLYM,,0.0001,2026-05-22,2026-05-25
AVSC,ZNTL,,0.0001,2026-05-22,2026-05-25
AVSC,APPS,,0.0001,2026-05-22,2026-05-25
AVSC,BNED,,0.0001,2026-05-22,2026-05-25
AVSC,EPAM,,0.0001,2026-05-22,2026-05-25
AVSC,VEL,,0.0001,2026-05-22,2026-05-25
AVSC,KROS,,0.0001,2026-05-22,2026-05-25
AVSC,INFU,,0.0001,2026-05-22,2026-05-25
AVSC,INGN,,0.0001,2026-05-22,2026-05-25
AVSC,PEBK,,0.0001,2026-05-22,2026-05-25
AVSC,SRI,,0.0001,2026-05-22,2026-05-25
AVSC,TSBK,,0.0001,2026-05-22,2026-05-25
AVSC,SPSC,,0.0001,2026-05-22,2026-05-25
AVSC,OPRT,,0.0001,2026-05-22,2026-05-25
AVSC,ZVRA,,0.0001,2026-05-22,2026-05-25
AVSC,CXDO,,0.0001,2026-05-22,2026-05-25
AVSC,LBRX,,0.0001,2026-05-22,2026-05-25
AVSC,AMPY,,0.0001,2026-05-22,2026-05-25
AVSC,CBIO,,0.0001,2026-05-22,2026-05-25
AVSC,AEBI,,0.0001,2026-05-22,2026-05-25
AVSC,CCSI,,0.0001,2026-05-22,2026-05-25
AVSC,PATH,,0.0001,2026-05-22,2026-05-25
AVSC,XMTR,,0.0001,2026-05-22,2026-05-25
AVSC,ISBA,,0.0001,2026-05-22,2026-05-25
AVSC,RFIL,,0.0001,2026-05-22,2026-05-25
AVSC,PLBC,,0.0001,2026-05-22,2026-05-25
AVSC,SEG,,0.0001,2026-05-22,2026-05-25
AVSC,ARDT,,0.0001,2026-05-22,2026-05-25
AVSC,STTK,,0.0001,2026-05-22,2026-05-25
AVSC,NVGS,,0.0001,2026-05-22,2026-05-25
AVSC,LWAY,,0.0001,2026-05-22,2026-05-25
AVSC,FWRD,,0.0001,2026-05-22,2026-05-25
AVSC,TREE,,0.0001,2026-05-22,2026-05-25
AVSC,GDYN,,0.0001,2026-05-22,2026-05-25
AVSC,TAYD,,0.0001,2026-05-22,2026-05-25
AVSC,AURA,,0.0001,2026-05-22,2026-05-25
AVSC,BH,,0.0001,2026-05-22,2026-05-25
AVSC,SIGA,,0.0001,2026-05-22,2026-05-25
AVSC,HLLY,,0.0001,2026-05-22,2026-05-25
AVSC,FLOC,,0.0001,2026-05-22,2026-05-25
AVSC,RCKT,,0.0001,2026-05-22,2026-05-25
AVSC,IPSC,,0.0001,2026-05-22,2026-05-25
AVSC,NKTX,,0.0001,2026-05-22,2026-05-25
AVSC,LEGH,,0.0001,2026-05-22,2026-05-25
AVSC,MAGN,,0.0001,2026-05-22,2026-05-25
AVSC,IMRX,,0.0001,2026-05-22,2026-05-25
AVSC,WEST,,0.0001,2026-05-22,2026-05-25
AVSC,ACTG,,0.0001,2026-05-22,2026-05-25
AVSC,MYGN,,0.0001,2026-05-22,2026-05-25
AVSC,ARLO,,0.0001,2026-05-22,2026-05-25
AVSC,FBLA,,0.0001,2026-05-22,2026-05-25
AVSC,CRBU,,0.0001,2026-05-22,2026-05-25
AVSC,III,,0.0001,2026-05-22,2026-05-25
AVSC,BDTX,,0.0001,2026-05-22,2026-05-25
AVSC,VFF,,0.0001,2026-05-22,2026-05-25
AVSC,FIP,,0.0001,2026-05-22,2026-05-25
AVSC,ASMB,,0.0001,2026-05-22,2026-05-25
AVSC,SR,,0.0001,2026-05-22,2026-05-25
AVSC,CRBP,,0.0001,2026-05-22,2026-05-25
AVSC,SABS,,0.0001,2026-05-22,2026-05-25
AVSC,DCTH,,0.0001,2026-05-22,2026-05-25
AVSC,DOUG,,0.0001,2026-05-22,2026-05-25
AVSC,KRO,,0.0001,2026-05-22,2026-05-25
AVSC,CWCO,,0.0001,2026-05-22,2026-05-25
AVSC,TBI,,0.0001,2026-05-22,2026-05-25
AVSC,NRIX,,0.0001,2026-05-22,2026-05-25
AVSC,LE,,0.0001,2026-05-22,2026-05-25
AVSC,GDRX,,0.0001,2026-05-22,2026-05-25
AVSC,CWST,,0.0001,2026-05-22,2026-05-25
AVSC,QTRX,,0.0001,2026-05-22,2026-05-25
AVSC,EBMT,,0.0001,2026-05-22,2026-05-25
AVSC,INR,,0.0001,2026-05-22,2026-05-25
AVSC,SGC,,0.0001,2026-05-22,2026-05-25
AVSC,RGP,,0.0001,2026-05-22,2026-05-25
AVSC,ASIC,,0.0001,2026-05-22,2026-05-25
AVSC,KD,,0.0001,2026-05-22,2026-05-25
AVSC,AII,,0.0001,2026-05-22,2026-05-25
AVSC,EWTX,,0.0001,2026-05-22,2026-05-25
AVSC,AGL,,0.0001,2026-05-22,2026-05-25
AVSC,BBSI,,0.0001,2026-05-22,2026-05-25
AVSC,NNE,,0.0001,2026-05-22,2026-05-25
AVSC,MGNX,,0.0001,2026-05-22,2026-05-25
AVSC,BELFA,,0.0001,2026-05-22,2026-05-25
AVSC,OVID,,0.0001,2026-05-22,2026-05-25
AVSC,FLWS,,0.0001,2026-05-22,2026-05-25
AVSC,HPK,,0.0001,2026-05-22,2026-05-25
AVSC,PXED,,0.0001,2026-05-22,2026-05-25
AVSC,IBTA,,0.0001,2026-05-22,2026-05-25
AVSC,ATLO,,0.0001,2026-05-22,2026-05-25
AVSC,RUSHB,,0.0001,2026-05-22,2026-05-25
AVSC,TRAK,,0.0001,2026-05-22,2026-05-25
AVSC,CLOV,,0.0001,2026-05-22,2026-05-25
AVSC,GRND,,0.0001,2026-05-22,2026-05-25
AVSC,ANGI,,0.0001,2026-05-22,2026-05-25
AVSC,ANRO,,0.0001,2026-05-22,2026-05-25
AVSC,CMRC,,0.0001,2026-05-22,2026-05-25
AVSC,ALMS,,0.0001,2026-05-22,2026-05-25
AVSC,PCB,,0.0001,2026-05-22,2026-05-25
AVSC,EPM,,0.0001,2026-05-22,2026-05-25
AVSC,EVCM,,0.0001,2026-05-22,2026-05-25
AVSC,CBLL,,0.0001,2026-05-22,2026-05-25
AVSC,INGM,,0.0001,2026-05-22,2026-05-25
AVSC,ONEW,,0.0001,2026-05-22,2026-05-25
AVSC,CRMD,,0.0001,2026-05-22,2026-05-25
AVSC,FF,,0.0001,2026-05-22,2026-05-25
AVSC,FSBW,,0.0001,2026-05-22,2026-05-25
AVSC,SPCE,,0.0001,2026-05-22,2026-05-25
AVSC,MED,,0.0001,2026-05-22,2026-05-25
AVSC,HBB,,0.0001,2026-05-22,2026-05-25
AVSC,KRUS,,0.0001,2026-05-22,2026-05-25
AVSC,AP,,0.0001,2026-05-22,2026-05-25
AVSC,ABCL,,0.0001,2026-05-22,2026-05-25
AVSC,DIBS,,0.0001,2026-05-22,2026-05-25
AVSC,GEOS,,0.0001,2026-05-22,2026-05-25
AVSC,GSM,,0.0001,2026-05-22,2026-05-25
AVSC,TBCH,,0.0001,2026-05-22,2026-05-25
AVSC,TWFG,,0.0001,2026-05-22,2026-05-25
AVSC,AVBH,,0.0001,2026-05-22,2026-05-25
AVSC,DYN,,0.0001,2026-05-22,2026-05-25
AVSC,CBK,,0.0001,2026-05-22,2026-05-25
AVSC,MNSB,,0.0001,2026-05-22,2026-05-25
AVSC,CACC,,0.0001,2026-05-22,2026-05-25
AVSC,HOFT,,0.0001,2026-05-22,2026-05-25
AVSC,TWIN,,0.0001,2026-05-22,2026-05-25
AVSC,ESP,,0.0001,2026-05-22,2026-05-25
AVSC,MFIN,,0.0001,2026-05-22,2026-05-25
AVSC,MBX,,0.0001,2026-05-22,2026-05-25
AVSC,RXST,,0.0001,2026-05-22,2026-05-25
AVSC,INNV,,0.0001,2026-05-22,2026-05-25
AVSC,BOOM,,0.0001,2026-05-22,2026-05-25
AVSC,ULH,,0.0001,2026-05-22,2026-05-25
AVSC,ACU,,0.0001,2026-05-22,2026-05-25
AVSC,XFOR,,0.0001,2026-05-22,2026-05-25
AVSC,TNXP,,0.0001,2026-05-22,2026-05-25
AVSC,PAL,,0.0001,2026-05-22,2026-05-25
AVSC,ABEO,,0.0001,2026-05-22,2026-05-25
AVSC,SVCO,,0.0001,2026-05-22,2026-05-25
AVSC,BCBP,,0.0001,2026-05-22,2026-05-25
AVSC,TASK,,0.0001,2026-05-22,2026-05-25
AVSC,EEX,,0.0001,2026-05-22,2026-05-25
AVSC,FXNC,,0.0001,2026-05-22,2026-05-25
AVSC,BBCP,,0.0001,2026-05-22,2026-05-25
AVSC,CRMT,,0.0001,2026-05-22,2026-05-25
AVSC,GSIT,,0.0001,2026-05-22,2026-05-25
AVSC,XERS,,0.0001,2026-05-22,2026-05-25
AVSC,VIRC,,0.0001,2026-05-22,2026-05-25
AVSC,MBOT,,0.0001,2026-05-22,2026-05-25
AVSC,SLP,,0.0001,2026-05-22,2026-05-25
AVSC,FVCB,,0.0001,2026-05-22,2026-05-25
AVSC,OFLX,,0.0001,2026-05-22,2026-05-25
AVSC,CFBK,,0.0001,2026-05-22,2026-05-25
AVSC,IMNM,,0.0001,2026-05-22,2026-05-25
AVSC,ELA,,0.0001,2026-05-22,2026-05-25
AVSC,KVHI,,0.0001,2026-05-22,2026-05-25
AVSC,TTGT,,0.0001,2026-05-22,2026-05-25
AVSC,GCBC,,0.0001,2026-05-22,2026-05-25
AVSC,FOA,,0.0001,2026-05-22,2026-05-25
AVSC,AOUT,,0.0001,2026-05-22,2026-05-25
AVSC,KEQU,,0.0001,2026-05-22,2026-05-25
AVSC,ELDN,,0.0001,2026-05-22,2026-05-25
AVSC,PALI,,0.0001,2026-05-22,2026-05-25
AVSC,RCMT,,0.0001,2026-05-22,2026-05-25
AVSC,ERII,,0.0001,2026-05-22,2026-05-25
AVSC,DSGR,,0.0001,2026-05-22,2026-05-25
AVSC,RR,,0.0001,2026-05-22,2026-05-25
AVSC,CLAR,,0.0001,2026-05-22,2026-05-25
AVSC,SGU,,0.0001,2026-05-22,2026-05-25
AVSC,SRG,,0.0001,2026-05-22,2026-05-25
AVSC,LBRDA,,0.0001,2026-05-22,2026-05-25
AVSC,RMAX,,0.0001,2026-05-22,2026-05-25
AVSC,OPEN,,0.0001,2026-05-22,2026-05-25
AVSC,CBZ,,0.0001,2026-05-22,2026-05-25
AVSC,MNTK,,0.0001,2026-05-22,2026-05-25
AVSC,LAKE,,0.0001,2026-05-22,2026-05-25
AVSC,AI,,0.0001,2026-05-22,2026-05-25
AVSC,LAW,,0.0001,2026-05-22,2026-05-25
AVSC,CRK,,0.0001,2026-05-22,2026-05-25
AVSC,USCB,,0.0001,2026-05-22,2026-05-25
AVSC,OPBK,,0.0001,2026-05-22,2026-05-25
GRIN,7936 JP,ASICS CORP,0.006045,2026-05-25,2026-05-25
GRIN,ASM NA,ASM INTERNATIONAL NV,0.00807,2026-05-25,2026-05-25
GRIN,ASML NA,ASML HOLDING N.V.,0.031258,2026-05-25,2026-05-25
GRIN,AZN LN,ASTRAZENECA PLC,0.012011,2026-05-25,2026-05-25
GRIN,ATCOA S,ATLAS COPCO AB,0.005233,2026-05-25,2026-05-25
GRIN,BAB LN,BABCOCK INTERNATIONAL GRO,0.006162,2026-05-25,2026-05-25
GRIN,7832 JP,BANDAI NAMCO HOLDINGS INC,0.005111,2026-05-25,2026-05-25
GRIN,BEAN S,BELIMO HOLDING AG,0.001967,2026-05-25,2026-05-25
GRIN,BBD/B C,BOMBARDIER INC,0.022542,2026-05-25,2026-05-25
GRIN,BXB AU,BRAMBLES LIMITED,0.004205,2026-05-25,2026-05-25
GRIN,ARGX BB,ARGENX SE,0.004233,2026-05-25,2026-05-25
GRIN,AMS SM,AMADEUS IT GROUP SA,0.007141,2026-05-25,2026-05-25
GRIN,241 HK,ALIBABA HEALTH INFORMATIO,0.000999,2026-05-25,2026-05-25
GRIN,ALFA SS,ALFA LAVAL AB,0.004013,2026-05-25,2026-05-25
GRIN,2802 JP,AJINOMOTO CO INC,0.009053,2026-05-25,2026-05-25
GRIN,AIR FP,AIRBUS SE,0.004926,2026-05-25,2026-05-25
GRIN,6857 JP,ADVANTEST CORP,0.026765,2026-05-25,2026-05-25
GRIN,ADDTB SS,ADDTECH AB,0.001356,2026-05-25,2026-05-25
GRIN,ACLN SW,ACCELLERON INDUSTRIES AG,0.006125,2026-05-25,2026-05-25
GRIN,FTI,TECHNIPFMC PLC,0.02544,2026-05-25,2026-05-25
GRIN,SHOP US,SHOPIFY INC,0.003666,2026-05-25,2026-05-25
GRIN,PAAS US,PAN AMERICAN SILVER CORP,0.013537,2026-05-25,2026-05-25
GRIN,ONON US,ON HOLDING AG,0.002492,2026-05-25,2026-05-25
GRIN,NVMI US,NOVA LTD,0.009451,2026-05-25,2026-05-25
GRIN,KGC U,KINROSS GOLD CORP,0.024019,2026-05-25,2026-05-25
GRIN,IHG,INTERCONTINENTAL HOTELS G,0.005401,2026-05-25,2026-05-25
GRIN,IAG US,IAMGOLD CORP,0.01582,2026-05-25,2026-05-25
GRIN,GIL US,GILDAN ACTIVEWEAR INC,0.004284,2026-05-25,2026-05-25
GRIN,FNV US,FRANCO-NEVADA CORP,0.009687,2026-05-25,2026-05-25
GRIN,AG US,FIRST MAJESTIC SILVER COR,0.011482,2026-05-25,2026-05-25
GRIN,CLS US,CELESTICA INC,0.018709,2026-05-25,2026-05-25
GRIN,B U,BARRICK MINING CORP,0.026267,2026-05-25,2026-05-25
GRIN,AGI,ALAMOS GOLD INC,0.007757,2026-05-25,2026-05-25
GRIN,AEM US,AGNICO EAGLE MINES LTD,0.021804,2026-05-25,2026-05-25
GRIN,SE US,SEA LTD-ADR,0.008389,2026-05-25,2026-05-25
GRIN,9697 JP,CAPCOM CO LTD,0.001233,2026-05-25,2026-05-25
GRIN,4519 JP,CHUGAI PHARM LTD,0.007034,2026-05-25,2026-05-25
GRIN,CPU AU,COMPUTERSHARE LTD,0.006562,2026-05-25,2026-05-25
GRIN,CSU CN,CONSTELLATION SOFTWARE IN,0.00929,2026-05-25,2026-05-25
GRIN,EVD GR,CTS EVENTIM AG & CO,0.003119,2026-05-25,2026-05-25
GRIN,DIE BB,D'IETEREN GROUP,0.001756,2026-05-25,2026-05-25
GRIN,DPLM LN,DIPLOMA PLC,0.004656,2026-05-25,2026-05-25
GRIN,6146 JP,DISCO CORP,0.010425,2026-05-25,2026-05-25
GRIN,DOL CN,DOLLARAMA INC,0.006842,2026-05-25,2026-05-25
GRIN,DPM C,DPM METALS INC,0.009981,2026-05-25,2026-05-25
GRIN,EDV LN,ENDEAVOUR MINING PLC,0.020372,2026-05-25,2026-05-25
GRIN,EPIA,EPIROC AB,0.005049,2026-05-25,2026-05-25
GRIN,EVO SS,EVOLUTION AB,0.007317,2026-05-25,2026-05-25
GRIN,EVN AU,EVOLUTION MINING LTD,0.013238,2026-05-25,2026-05-25
GRIN,9983 JP,FAST RETAILING CO LTD,0.011953,2026-05-25,2026-05-25
GRIN,RACE IM,FERRARI NV,0.007774,2026-05-25,2026-05-25
GRIN,5803 JP,FUJIKURA LTD,0.019617,2026-05-25,2026-05-25
GRIN,GTT FP,GAZTRANSPORT ET TECHNIGAZ,0.005177,2026-05-25,2026-05-25
GRIN,GMAB DC,GENMAB A/S,0.003249,2026-05-25,2026-05-25
GRIN,HLMA LN,HALMA PLC,0.010706,2026-05-25,2026-05-25
GRIN,RMS FP,HERMES INTERNATIONAL,0.010841,2026-05-25,2026-05-25
GRIN,HOT GR,HOCHTIEF AG,0.01382,2026-05-25,2026-05-25
GRIN,ITX SM,INDITEX,0.005539,2026-05-25,2026-05-25
GRIN,IDR SM,INDRA SISTEMAS SA,0.005376,2026-05-25,2026-05-25
GRIN,IAG SM,INTERNATIONAL CONSOLIDATE,0.00528,2026-05-25,2026-05-25
GRIN,285A JP,KIOXIA HOLDINGS CORP,0.093166,2026-05-25,2026-05-25
GRIN,9766 JP,KONAMI GROUP CORP,0.002504,2026-05-25,2026-05-25
GRIN,KOG N,KONGSBERG GRUPPEN ASA,0.003551,2026-05-25,2026-05-25
GRIN,6920 JP,LASERTEC CORP,0.012071,2026-05-25,2026-05-25
GRIN,LUG CN,LUNDIN GOLD INC,0.009759,2026-05-25,2026-05-25
GRIN,MONC IM,MONCLER SPA,0.003588,2026-05-25,2026-05-25
GRIN,NEM GR,NEMETSCHEK SE,0.002904,2026-05-25,2026-05-25
GRIN,NXT LN,NEXT PLC,0.010004,2026-05-25,2026-05-25
GRIN,NXSN IT,NEXT VISION STABILIZED SY,0.005566,2026-05-25,2026-05-25
GRIN,NDX1 GR,NORDEX SE,0.009485,2026-05-25,2026-05-25
GRIN,NOVOB D,NOVO,0.01456,2026-05-25,2026-05-25
GRIN,4684 JP,OBIC CO LTD,0.00183,2026-05-25,2026-05-25
GRIN,OGC C,OCEANAGOLD CORP,0.010489,2026-05-25,2026-05-25
GRIN,ORNBV FH,ORION OYJ,0.00329,2026-05-25,2026-05-25
GRIN,4768 JP,OTSUKA CORPORATION,0.001642,2026-05-25,2026-05-25
GRIN,PME AU,PRO MEDICUS LTD,0.001368,2026-05-25,2026-05-25
GRIN,RAA GR,RATIONAL AG,0.001787,2026-05-25,2026-05-25
GRIN,REC IM,RECORDATI SPA,0.002985,2026-05-25,2026-05-25
GRIN,6098 JP,RECRUIT HOLDINGS,0.010754,2026-05-25,2026-05-25
GRIN,RHM GR,RHEINMETALL AG,0.005906,2026-05-25,2026-05-25
GRIN,RR/ LN,ROLLS-ROYCE HOLDINGS PLC,0.019898,2026-05-25,2026-05-25
GRIN,RYA ID,RYANAIR HOLDINGS PLC,0.008987,2026-05-25,2026-05-25
GRIN,SAF FP,SAFRAN SA,0.009216,2026-05-25,2026-05-25
GRIN,SPM I,SAIPEM SPA,0.008053,2026-05-25,2026-05-25
GRIN,1928 HK,SANDS CHINA LTD,0.001672,2026-05-25,2026-05-25
GRIN,8136 JP,SANRIO CO LTD,0.001226,2026-05-25,2026-05-25
GRIN,SAP GR,SAP SE,0.012207,2026-05-25,2026-05-25
GRIN,7735 JP,SCREEN HOLDINGS CO LTD,0.00702,2026-05-25,2026-05-25
GRIN,ENR GR,SIEMENS ENERGY AG,0.037424,2026-05-25,2026-05-25
GRIN,SPIE FP,SPIE SA,0.003242,2026-05-25,2026-05-25
GRIN,SUBC NO,SUBSEA 7 SA,0.00765,2026-05-25,2026-05-25
GRIN,HO FP,THALES SA,0.003902,2026-05-25,2026-05-25
GRIN,SGE LN,THE SAGE GROUP PLC,0.005383,2026-05-25,2026-05-25
GRIN,8035 JP,TOKYO ELECTRON LTD,0.022368,2026-05-25,2026-05-25
GRIN,UCB BB,UCB CAP,0.008324,2026-05-25,2026-05-25
GRIN,UMG NA,UNIVERSAL MUSIC GROUP NV,0.010708,2026-05-25,2026-05-25
GRIN,VWS,VESTAS WIND SYSTEMS A/S,0.011447,2026-05-25,2026-05-25
GRIN,WRT1V FH,WARTSILA OYJ ABP,0.017511,2026-05-25,2026-05-25
GRIN,XRO AU,XERO LTD,0.003338,2026-05-25,2026-05-25
GRIN,MFSM6,MINI MSCI EAFE FUT JUN26,0.000241,2026-05-25,2026-05-25
JHEM,322,TINGYI (CAYMAN ISLN) HLDG CO HONG KONG,0.0002,2026-05-22,2026-05-25
JHEM,MDKA,MERDEKA COPPER GOLD TBK PT INDONESIA,0.0001,2026-05-22,2026-05-25
JHEM,SOIL,SOLAR INDUSTRIES INDIA LTD INDIA,0.0005,2026-05-22,2026-05-25
JHEM,002304,JIANGSU YANGHE DISTILLERY A HONG KONG,0.0001,2026-05-22,2026-05-25
JHEM,000001,PING AN BANK CO LTD A HONG KONG,0.0002,2026-05-22,2026-05-25
JHEM,002050,ZHEJIANG SANHUA INTELLIGEN A HONG KONG,0.0001,2026-05-22,2026-05-25
JHEM,A009540,HD KOREA SHIPBUILDING + OFFS KOREA (THE REPUBLIC OF),0.0023,2026-05-22,2026-05-25
JHEM,A033780,KT+G CORP KOREA (THE REPUBLIC OF),0.0013,2026-05-22,2026-05-25
JHEM,316,ORIENT OVERSEAS INTL LTD HONG KONG,0.0004,2026-05-22,2026-05-25
JHEM,002074,GOTION HIGH TECH CO LTD A HONG KONG,0.0001,2026-05-22,2026-05-25
JHEM,002027,FOCUS MEDIA INFORMATION TE A HONG KONG,0.0001,2026-05-22,2026-05-25
JHEM,300033,HITHINK ROYALFLUSH INFORMA A HONG KONG,0.0002,2026-05-22,2026-05-25
JHEM,300136,SHENZHEN SUNWAY COMMUNICAT A HONG KONG,0.0001,2026-05-22,2026-05-25
JHEM,300433,LENS TECHNOLOGY CO LTD A HONG KONG,0.0002,2026-05-22,2026-05-25
JHEM,300498,WENS FOODSTUFF GROUP CO L A HONG KONG,0.0001,2026-05-22,2026-05-25
JHEM,CPLE3,COMPANHIA PARANAENSE DE ENER BRAZIL,0.0006,2026-05-22,2026-05-25
JHEM,ENELAM,ENEL AMERICAS SA CHILE,0.0002,2026-05-22,2026-05-25
JHEM,ALI,AYALA LAND INC PHILIPPINES (THE),0.0002,2026-05-22,2026-05-25
JHEM,2308,DELTA ELECTRONICS INC TAIWAN (PROVINCE OF CHINA),0.007,2026-05-22,2026-05-25
JHEM,300502,EOPTOLINK TECHNOLOGY INC L A HONG KONG,0.0003,2026-05-22,2026-05-25
JHEM,000792,QINGHAI SALT LAKE INDUSTRY A HONG KONG,0.0001,2026-05-22,2026-05-25
JHEM,002602,ZHEJIANG CENTURY HUATONG A HONG KONG,0.0001,2026-05-22,2026-05-25
JHEM,ABCAP,ADITYA BIRLA CAPITAL LTD INDIA,0.0005,2026-05-22,2026-05-25
JHEM,PDD,PDD HOLDINGS INC UNITED STATES OF AMERICA (THE),0.0087,2026-05-22,2026-05-25
JHEM,A000660,SK HYNIX INC KOREA (THE REPUBLIC OF),0.059,2026-05-22,2026-05-25
JHEM,ICT,INTL CONTAINER TERM SVCS INC PHILIPPINES (THE),0.0012,2026-05-22,2026-05-25
JHEM,FSR,FIRSTRAND LTD SOUTH AFRICA,0.0034,2026-05-22,2026-05-25
JHEM,1303,NAN YA PLASTICS CORP TAIWAN (PROVINCE OF CHINA),0.0021,2026-05-22,2026-05-25
JHEM,A006400,SAMSUNG SDI CO LTD KOREA (THE REPUBLIC OF),0.0029,2026-05-22,2026-05-25
JHEM,A005930,SAMSUNG ELECTRONICS CO LTD KOREA (THE REPUBLIC OF),0.0551,2026-05-22,2026-05-25
JHEM,TENAGA,TENAGA NASIONAL BHD MALAYSIA,0.0012,2026-05-22,2026-05-25
JHEM,603986,GIGADEVICE SEMICONDUCTO CL A HONG KONG,0.0002,2026-05-22,2026-05-25
JHEM,CIFC,CHOLAMANDALAM INVESTMENT AND INDIA,0.001,2026-05-22,2026-05-25
JHEM,603501,OMNIVISION INTEGRATED CIRCUI HONG KONG,0.0001,2026-05-22,2026-05-25
JHEM,2057,ZTO EXPRESS CAYMAN INC HONG KONG,0.0017,2026-05-22,2026-05-25
JHEM,ALE,ALLEGRO.EU SA POLAND,0.0003,2026-05-22,2026-05-25
JHEM,2269,WUXI BIOLOGICS CAYMAN INC HONG KONG,0.0018,2026-05-22,2026-05-25
JHEM,688008,MONTAGE TECHNOLOGY CO LTD A HONG KONG,0.0002,2026-05-22,2026-05-25
JHEM,386,CHINA PETROLEUM + CHEMICAL H HONG KONG,0.0015,2026-05-22,2026-05-25
JHEM,HCLT,HCL TECHNOLOGIES LTD INDIA,0.0014,2026-05-22,2026-05-25
JHEM,A042660,HANWHA OCEAN CO LTD KOREA (THE REPUBLIC OF),0.0006,2026-05-22,2026-05-25
JHEM,2301,LITE ON TECHNOLOGY CORP TAIWAN (PROVINCE OF CHINA),0.0025,2026-05-22,2026-05-25
JHEM,2600,ALUMINUM CORP OF CHINA LTD H HONG KONG,0.0011,2026-05-22,2026-05-25
JHEM,2880,HUA NAN FINANCIAL HOLDINGS C TAIWAN (PROVINCE OF CHINA),0.0019,2026-05-22,2026-05-25
JHEM,NPH,NORTHAM PLATINUM HOLDINGS LT SOUTH AFRICA,0.0004,2026-05-22,2026-05-25
JHEM,NYKAA,FSN E COMMERCE VENTURES LTD INDIA,0.0004,2026-05-22,2026-05-25
JHEM,2082,ACWA POWER CO SAUDI ARABIA,0.0004,2026-05-22,2026-05-25
JHEM,NU,NU HOLDINGS LTD/CAYMAN ISL A UNITED STATES OF AMERICA (THE),0.0029,2026-05-22,2026-05-25
JHEM,A373220,LG ENERGY SOLUTION KOREA (THE REPUBLIC OF),0.0006,2026-05-22,2026-05-25
JHEM,2891,CTBC FINANCIAL HOLDING CO LT TAIWAN (PROVINCE OF CHINA),0.0043,2026-05-22,2026-05-25
JHEM,CDR,CD PROJEKT SA POLAND,0.0003,2026-05-22,2026-05-25
JHEM,SCC,SIAM CEMENT PCL NVDR THAILAND,0.0002,2026-05-22,2026-05-25
JHEM,A071050,KOREA INVESTMENT HOLDINGS CO KOREA (THE REPUBLIC OF),0.0012,2026-05-22,2026-05-25
JHEM,3231,WISTRON CORP TAIWAN (PROVINCE OF CHINA),0.0016,2026-05-22,2026-05-25
JHEM,CIPLA,CIPLA LTD INDIA,0.0014,2026-05-22,2026-05-25
JHEM,DELTA,DELTA ELECTRONICS THAI NVDR THAILAND,0.0038,2026-05-22,2026-05-25
JHEM,NRP,NEPI ROCKCASTLE N.V. SOUTH AFRICA,0.0006,2026-05-22,2026-05-25
JHEM,6990,SICHUAN KELUN BIOTECH BIOP H HONG KONG,0.0001,2026-05-22,2026-05-25
JHEM,688041,HYGON INFORMATION TECHNOLO A HONG KONG,0.0002,2026-05-22,2026-05-25
JHEM,688525,BIWIN STORAGE TECHNOLOGY C A HONG KONG,0.0001,2026-05-22,2026-05-25
JHEM,0808421D,TALWANDI SABO POWER LTD INDIA,0.0003,2026-05-22,2026-05-25
JHEM,TCS,TATA CONSULTANCY SVCS LTD INDIA,0.0021,2026-05-22,2026-05-25
JHEM,AKBNK,AKBANK T.A.S. TURKEY,0.0005,2026-05-22,2026-05-25
JHEM,ISCTR,TURKIYE IS BANKASI C TURKEY,0.0003,2026-05-22,2026-05-25
JHEM,GNP,GLENMARK PHARMACEUTICALS LTD INDIA,0.0004,2026-05-22,2026-05-25
JHEM,1177,SINO BIOPHARMACEUTICAL HONG KONG,0.0006,2026-05-22,2026-05-25
JHEM,BHFC,BHARAT FORGE LTD INDIA,0.0006,2026-05-22,2026-05-25
JHEM,ASELS,ASELSAN ELEKTRONIK SANAYI TURKEY,0.0005,2026-05-22,2026-05-25
JHEM,CCOLA,COCA COLA ICECEK AS TURKEY,0.0001,2026-05-22,2026-05-25
JHEM,JKCE,JK CEMENT LTD INDIA,0.0001,2026-05-22,2026-05-25
JHEM,GMRAIRPO,GMR AIRPORTS LTD INDIA,0.0003,2026-05-22,2026-05-25
JHEM,QL,QL RESOURCES BHD MALAYSIA,0.0001,2026-05-22,2026-05-25
JHEM,GCPL,GODREJ CONSUMER PRODUCTS LTD INDIA,0.0004,2026-05-22,2026-05-25
JHEM,VOLT,VOLTAS LTD INDIA,0.0002,2026-05-22,2026-05-25
JHEM,AP,ABOITIZ POWER CORP PHILIPPINES (THE),0.0001,2026-05-22,2026-05-25
JHEM,ADSEZ,ADANI PORTS AND SPECIAL ECON INDIA,0.0011,2026-05-22,2026-05-25
JHEM,SIME,SIME DARBY BERHAD MALAYSIA,0.0004,2026-05-22,2026-05-25
JHEM,1050,BANQUE SAUDI FRANSI SAUDI ARABIA,0.0007,2026-05-22,2026-05-25
JHEM,5110,SAUDI ENERGY CO SAUDI ARABIA,0.0006,2026-05-22,2026-05-25
JHEM,7010,SAUDI TELECOM CO SAUDI ARABIA,0.003,2026-05-22,2026-05-25
JHEM,AXIATA,AXIATA GROUP BERHAD MALAYSIA,0.0003,2026-05-22,2026-05-25
JHEM,4190,JARIR MARKETING CO SAUDI ARABIA,0.0003,2026-05-22,2026-05-25
JHEM,916,CHINA LONGYUAN POWER GROUP H HONG KONG,0.0005,2026-05-22,2026-05-25
JHEM,A032830,SAMSUNG LIFE INSURANCE CO LT KOREA (THE REPUBLIC OF),0.003,2026-05-22,2026-05-25
JHEM,PMETAL,PRESS METAL ALUMINIUM HOLDIN MALAYSIA,0.0009,2026-05-22,2026-05-25
JHEM,ICBP,INDOFOOD CBP SUKSES MAKMUR T INDONESIA,0.0001,2026-05-22,2026-05-25
JHEM,PEPL,PRESTIGE ESTATE PROJ FOR INDIA,0.0002,2026-05-22,2026-05-25
JHEM,BRMS,BUMI RESOURCES MINERALS TBK INDONESIA,0.0001,2026-05-22,2026-05-25
JHEM,1157,ZOOMLION HEAVY INDUSTRY H HONG KONG,0.0002,2026-05-22,2026-05-25
JHEM,VIVT3,TELEFONICA BRASIL S.A. BRAZIL,0.001,2026-05-22,2026-05-25
JHEM,RADL3,RAIA DROGASIL SA BRAZIL,0.0007,2026-05-22,2026-05-25
JHEM,1339,PEOPLE S INSURANCE CO GROU H HONG KONG,0.0007,2026-05-22,2026-05-25
JHEM,BBSE3,BB SEGURIDADE PARTICIPACOES BRAZIL,0.0007,2026-05-22,2026-05-25
JHEM,AMRT,SUMBER ALFARIA TRIJAYA TBK P INDONESIA,0.0002,2026-05-22,2026-05-25
JHEM,601006,DAQIN RAILWAY CO LTD A HONG KONG,0.0001,2026-05-22,2026-05-25
JHEM,600276,JIANGSU HENGRUI PHARMACEUT A HONG KONG,0.0002,2026-05-22,2026-05-25
JHEM,600584,JCET GROUP CO LTD A HONG KONG,0.0001,2026-05-22,2026-05-25
JHEM,600031,SANY HEAVY INDUSTRY CO LTD A HONG KONG,0.0002,2026-05-22,2026-05-25
JHEM,600703,SANAN OPTOELECTRONICS CO L A HONG KONG,0.0001,2026-05-22,2026-05-25
JHEM,1508,CHINA REINSURANCE GROUP CO H HONG KONG,0.0001,2026-05-22,2026-05-25
JHEM,600418,ANHUI JIANGHUAI AUTO GROUP A HONG KONG,0.0001,2026-05-22,2026-05-25
JHEM,600309,WANHUA CHEMICAL GROUP CO A HONG KONG,0.0004,2026-05-22,2026-05-25
JHEM,600436,ZHANGZHOU PIENTZEHUANG PHA A HONG KONG,0.0001,2026-05-22,2026-05-25
JHEM,SUZB3,SUZANO SA BRAZIL,0.0011,2026-05-22,2026-05-25
JHEM,601012,LONGI GREEN ENERGY TECHNOL A HONG KONG,0.0001,2026-05-22,2026-05-25
JHEM,1385,SHANGHAI FUDAN MICROELECT H HONG KONG,0.0001,2026-05-22,2026-05-25
JHEM,A051910,LG CHEM LTD KOREA (THE REPUBLIC OF),0.0013,2026-05-22,2026-05-25
JHEM,A034020,DOOSAN ENERBILITY CO LTD KOREA (THE REPUBLIC OF),0.0022,2026-05-22,2026-05-25
JHEM,2883,KGI FINANCIAL HOLDING CO LTD TAIWAN (PROVINCE OF CHINA),0.0021,2026-05-22,2026-05-25
JHEM,A066570,LG ELECTRONICS INC KOREA (THE REPUBLIC OF),0.0039,2026-05-22,2026-05-25
JHEM,A024110,INDUSTRIAL BANK OF KOREA KOREA (THE REPUBLIC OF),0.0006,2026-05-22,2026-05-25
JHEM,BBDC4,BANCO BRADESCO SA PREF BRAZIL,0.0019,2026-05-22,2026-05-25
JHEM,LT,LARSEN + TOUBRO LTD INDIA,0.0019,2026-05-22,2026-05-25
JHEM,PLNG,PETRONET LNG LTD INDIA,0.0005,2026-05-22,2026-05-25
JHEM,CENCOSUD,CENCOSUD SA CHILE,0.0003,2026-05-22,2026-05-25
JHEM,AL,ASHOK LEYLAND LTD INDIA,0.0005,2026-05-22,2026-05-25
JHEM,PKO,PKO BANK POLSKI SA POLAND,0.0021,2026-05-22,2026-05-25
JHEM,FROTO,FORD OTOMOTIV SANAYI AS TURKEY,0.0001,2026-05-22,2026-05-25
JHEM,KCHOL,KOC HOLDING AS TURKEY,0.0006,2026-05-22,2026-05-25
JHEM,2727,SHANGHAI ELECTRIC GRP CO L H HONG KONG,0.0002,2026-05-22,2026-05-25
JHEM,BOS,BOSCH LTD INDIA,0.0003,2026-05-22,2026-05-25
JHEM,ACEM,AMBUJA CEMENTS LTD INDIA,0.0003,2026-05-22,2026-05-25
JHEM,3328,BANK OF COMMUNICATIONS CO H HONG KONG,0.0022,2026-05-22,2026-05-25
JHEM,2313,SHENZHOU INTERNATIONAL GROUP HONG KONG,0.0008,2026-05-22,2026-05-25
JHEM,A086280,HYUNDAI GLOVIS CO LTD KOREA (THE REPUBLIC OF),0.0015,2026-05-22,2026-05-25
JHEM,PTTEP,PTT EXPLOR + PROD PCL NVDR THAILAND,0.0012,2026-05-22,2026-05-25
JHEM,SRCM,SHREE CEMENT LTD INDIA,0.0003,2026-05-22,2026-05-25
JHEM,1398,IND + COMM BK OF CHINA H HONG KONG,0.0056,2026-05-22,2026-05-25
JHEM,IH,INDIAN HOTELS CO LTD INDIA,0.0004,2026-05-22,2026-05-25
JHEM,POWF,POWER FINANCE CORPORATION INDIA,0.0013,2026-05-22,2026-05-25
JHEM,A042700,HANMI SEMICONDUCTOR CO LTD KOREA (THE REPUBLIC OF),0.0011,2026-05-22,2026-05-25
JHEM,SBSP3,CIA SANEAMENTO BASICO DE SP BRAZIL,0.0014,2026-05-22,2026-05-25
JHEM,A086520,ECOPRO CO LTD KOREA (THE REPUBLIC OF),0.0007,2026-05-22,2026-05-25
JHEM,TPW,TORRENT POWER LTD INDIA,0.0002,2026-05-22,2026-05-25
JHEM,1140,BANK ALBILAD SAUDI ARABIA,0.0004,2026-05-22,2026-05-25
JHEM,A068270,CELLTRION INC KOREA (THE REPUBLIC OF),0.0013,2026-05-22,2026-05-25
JHEM,1618,METALLURGICAL CORP OF CHIN H HONG KONG,0.0001,2026-05-22,2026-05-25
JHEM,JSW,JSW ENERGY LTD INDIA,0.0003,2026-05-22,2026-05-25
JHEM,SUF,SUNDARAM FINANCE LTD INDIA,0.0003,2026-05-22,2026-05-25
JHEM,TPE,TAURON POLSKA ENERGIA SA POLAND,0.0004,2026-05-22,2026-05-25
JHEM,1288,AGRICULTURAL BANK OF CHINA H HONG KONG,0.0025,2026-05-22,2026-05-25
JHEM,3618,CHONGQING RURAL COMMERCIAL H HONG KONG,0.0001,2026-05-22,2026-05-25
JHEM,TMPV,TATA MOTORS PASSENGER VEHICL INDIA,0.0014,2026-05-22,2026-05-25
JHEM,6030,CITIC SECURITIES CO LTD H HONG KONG,0.0005,2026-05-22,2026-05-25
JHEM,ASII,ASTRA INTERNATIONAL TBK PT INDONESIA,0.0008,2026-05-22,2026-05-25
JHEM,FB,FEDERAL BANK LTD FOREIGN INDIA,0.0006,2026-05-22,2026-05-25
JHEM,GPL,GODREJ PROPERTIES LTD INDIA,0.0001,2026-05-22,2026-05-25
JHEM,6818,CHINA EVERBRIGHT BANK CO L H HONG KONG,0.0002,2026-05-22,2026-05-25
JHEM,9888,BAIDU INC CLASS A HONG KONG,0.0033,2026-05-22,2026-05-25
JHEM,600048,POLY DEVELOPMENTS AND HOLD A HONG KONG,0.0001,2026-05-22,2026-05-25
JHEM,600019,BAOSHAN IRON + STEEL CO A HONG KONG,0.0002,2026-05-22,2026-05-25
JHEM,KEII,KEI INDUSTRIES LTD INDIA,0.0002,2026-05-22,2026-05-25
JHEM,3996,CHINA ENERGY ENGINEERING C H HONG KONG,0.0001,2026-05-22,2026-05-25
JHEM,600015,HUAXIA BANK CO LTD A HONG KONG,0.0001,2026-05-22,2026-05-25
JHEM,2016,CHINA ZHESHANG BANK CO LTD H HONG KONG,0.0001,2026-05-22,2026-05-25
JHEM,TRENT,TRENT LTD FOREIGN INDIA,0.0008,2026-05-22,2026-05-25
JHEM,002311,GUANGDONG HAID GROUP CO A HONG KONG,0.0001,2026-05-22,2026-05-25
JHEM,000657,CHINA TUNGSTEN + HIGHTECH A HONG KONG,0.0001,2026-05-22,2026-05-25
JHEM,001979,CHINA MERCHANTS SHEKOU IND A HONG KONG,0.0001,2026-05-22,2026-05-25
JHEM,300015,AIER EYE HOSPITAL GROUP CO A HONG KONG,0.0001,2026-05-22,2026-05-25
JHEM,AUBANK,AU SMALL FINANCE BANK LTD INDIA,0.0004,2026-05-22,2026-05-25
JHEM,300308,ZHONGJI INNOLIGHT CO LTD A HONG KONG,0.0007,2026-05-22,2026-05-25
JHEM,002812,YUNNAN ENERGY NEW MATERIAL A HONG KONG,0.0001,2026-05-22,2026-05-25
JHEM,002648,SATELLITE CHEMICAL CO LTD A HONG KONG,0.0001,2026-05-22,2026-05-25
JHEM,601360,360 SECURITY TECHNOLOGY IN A HONG KONG,0.0001,2026-05-22,2026-05-25
JHEM,PPH,PEPKOR HOLDINGS LTD SOUTH AFRICA,0.0004,2026-05-22,2026-05-25
JHEM,MALLPLAZA,PLAZA SA Y FILIALES CHILE,0.0005,2026-05-22,2026-05-25
JHEM,3690,MEITUAN CLASS B HONG KONG,0.0041,2026-05-22,2026-05-25
JHEM,2359,WUXI APPTEC CO LTD H HONG KONG,0.0008,2026-05-22,2026-05-25
JHEM,RVNL,RAIL VIKAS NIGAM LTD INDIA,0.0001,2026-05-22,2026-05-25
JHEM,SSW,SIBANYE STILLWATER LTD SOUTH AFRICA,0.0009,2026-05-22,2026-05-25
JHEM,300394,SUZHOU TFC OPTICAL COMMUNI A HONG KONG,0.0002,2026-05-22,2026-05-25
JHEM,CRC,CENTRAL RETAIL CORP PCL NVDR THAILAND,0.0003,2026-05-22,2026-05-25
JHEM,9987,YUM CHINA HOLDINGS INC HONG KONG,0.0009,2026-05-22,2026-05-25
JHEM,MRDIY,MR DIY GROUP M BHD MALAYSIA,0.0001,2026-05-22,2026-05-25
JHEM,APAT,APL APOLLO TUBES LTD INDIA,0.0004,2026-05-22,2026-05-25
JHEM,DIXON,DIXON TECHNOLOGIES INDIA LTD INDIA,0.0004,2026-05-22,2026-05-25
JHEM,688036,SHENZHEN TRANSSION HOLDING A HONG KONG,0.0001,2026-05-22,2026-05-25
JHEM,688111,BEIJING KINGSOFT OFFICE SO A HONG KONG,0.0001,2026-05-22,2026-05-25
JHEM,IRCTC,INDIAN RAILWAY CATERING + TO INDIA,0.0001,2026-05-22,2026-05-25
JHEM,VBBR3,VIBRA ENERGIA SA BRAZIL,0.0008,2026-05-22,2026-05-25
JHEM,601825,SHANGHAI RURAL COMMERCIAL A HONG KONG,0.0001,2026-05-22,2026-05-25
JHEM,OUT,OUTSURANCE GROUP LTD SOUTH AFRICA,0.0004,2026-05-22,2026-05-25
JHEM,BJFIN,BAJAJ FINSERV LTD INDIA,0.0005,2026-05-22,2026-05-25
JHEM,MBMA,MERDEKA BATTERY MATERIALS TB INDONESIA,0.0001,2026-05-22,2026-05-25
JHEM,MANKIND,MANKIND PHARMA LTD INDIA,0.0001,2026-05-22,2026-05-25
JHEM,300857,SHARETRONIC DATA TECHNOLOG A HONG KONG,0.0001,2026-05-22,2026-05-25
JHEM,ANG,ANGLOGOLD ASHANTI PLC SOUTH AFRICA,0.0029,2026-05-22,2026-05-25
JHEM,99SMART,99 SPEED MART RETAIL HOLDING MALAYSIA,0.0001,2026-05-22,2026-05-25
JHEM,6181,LAOPU GOLD CO L H HONG KONG,0.0001,2026-05-22,2026-05-25
JHEM,VBL,VARUN BEVERAGES LTD INDIA,0.0006,2026-05-22,2026-05-25
JHEM,ZAB,ZABKA GROUP SA POLAND,0.0002,2026-05-22,2026-05-25
JHEM,ADANI,ADANI POWER LTD INDIA,0.0013,2026-05-22,2026-05-25
JHEM,TMCV,TATA MOTORS LTD /NEW INDIA,0.0008,2026-05-22,2026-05-25
JHEM,KMB,KOTAK MAHINDRA BANK LTD INDIA,0.0016,2026-05-22,2026-05-25
JHEM,2311004D,VEDANTA ALUMINIUM METAL INDIA,0.0003,2026-05-22,2026-05-25
JHEM,7172841Z,MALCO ENERGY LTD DM1UNLISTED INDIA,0.0003,2026-05-22,2026-05-25
JHEM,2912,PRESIDENT CHAIN STORE CORP TAIWAN (PROVINCE OF CHINA),0.0007,2026-05-22,2026-05-25
JHEM,1171,YANKUANG ENERGY GROUP CO H HONG KONG,0.0011,2026-05-22,2026-05-25
JHEM,COPEC,EMPRESAS COPEC SA CHILE,0.0003,2026-05-22,2026-05-25
JHEM,CPO,CEMEX SAB CPO MEXICO,0.0029,2026-05-22,2026-05-25
JHEM,AEV,ABOITIZ EQUITY VENTURES INC PHILIPPINES (THE),0.0002,2026-05-22,2026-05-25
JHEM,TCOM,TATA COMMUNICATIONS LTD INDIA,0.0003,2026-05-22,2026-05-25
JHEM,A000810,SAMSUNG FIRE + MARINE INS KOREA (THE REPUBLIC OF),0.0014,2026-05-22,2026-05-25
JHEM,2002,CHINA STEEL CORP TAIWAN (PROVINCE OF CHINA),0.0009,2026-05-22,2026-05-25
JHEM,GFI,GOLD FIELDS LTD SOUTH AFRICA,0.0039,2026-05-22,2026-05-25
JHEM,NED,NEDBANK GROUP LTD SOUTH AFRICA,0.0013,2026-05-22,2026-05-25
JHEM,MISC,MISC BHD MALAYSIA,0.0003,2026-05-22,2026-05-25
JHEM,CHILE,BANCO DE CHILE CHILE,0.0007,2026-05-22,2026-05-25
JHEM,2368,GOLD CIRCUIT ELECTRONICS LTD TAIWAN (PROVINCE OF CHINA),0.0012,2026-05-22,2026-05-25
JHEM,2885,YUANTA FINANCIAL HOLDING CO TAIWAN (PROVINCE OF CHINA),0.0038,2026-05-22,2026-05-25
JHEM,DIVI,DIVI S LABORATORIES LTD INDIA,0.0008,2026-05-22,2026-05-25
JHEM,2328,PICC PROPERTY + CASUALTY H HONG KONG,0.0021,2026-05-22,2026-05-25
JHEM,BUMI,BUMI RESOURCES TBK PT INDONESIA,0.0001,2026-05-22,2026-05-25
JHEM,836,CHINA RESOURCES POWER HOLDIN HONG KONG,0.0009,2026-05-22,2026-05-25
JHEM,A005490,POSCO HOLDINGS INC KOREA (THE REPUBLIC OF),0.0027,2026-05-22,2026-05-25
JHEM,PETGAS,PETRONAS GAS BHD MALAYSIA,0.0003,2026-05-22,2026-05-25
JHEM,BPI,BANK OF THE PHILIPPINE ISLAN PHILIPPINES (THE),0.0004,2026-05-22,2026-05-25
JHEM,267,CITIC LTD HONG KONG,0.0015,2026-05-22,2026-05-25
JHEM,GLO,GLOBE TELECOM INC PHILIPPINES (THE),0.0002,2026-05-22,2026-05-25
JHEM,DSY,DISCOVERY LTD SOUTH AFRICA,0.0011,2026-05-22,2026-05-25
JHEM,5347,VANGUARD INTERNATIONAL SEMI TAIWAN (PROVINCE OF CHINA),0.0008,2026-05-22,2026-05-25
JHEM,1133,HARBIN ELECTRIC CO LTD H HONG KONG,0.0002,2026-05-22,2026-05-25
JHEM,TTAN,TITAN CO LTD INDIA,0.0016,2026-05-22,2026-05-25
JHEM,ENRIN,SIEMENS ENERGY INDIA LTD INDIA,0.0003,2026-05-22,2026-05-25
JHEM,NPN,NASPERS LTD N SHS SOUTH AFRICA,0.0036,2026-05-22,2026-05-25
JHEM,KRT,KNOWLEDGE REALTY TRUST INDIA,0.0001,2026-05-22,2026-05-25
JHEM,EMBJ3,EMBRAER SA BRAZIL,0.0006,2026-05-22,2026-05-25
JHEM,PLACEMENT,VEDANTA IRON AND STEEL LIMITED INDIA,0.0003,2026-05-22,2026-05-25
JHEM,BJHI,BAJAJ HOLDINGS AND INVESTMEN INDIA,0.0005,2026-05-22,2026-05-25
JHEM,CLGT,COLGATE PALMOLIVE (INDIA) INDIA,0.0004,2026-05-22,2026-05-25
JHEM,1301,FORMOSA PLASTICS CORP TAIWAN (PROVINCE OF CHINA),0.0008,2026-05-22,2026-05-25
JHEM,2317,HON HAI PRECISION INDUSTRY TAIWAN (PROVINCE OF CHINA),0.0108,2026-05-22,2026-05-25
JHEM,A015760,KOREA ELECTRIC POWER CORP KOREA (THE REPUBLIC OF),0.0016,2026-05-22,2026-05-25
JHEM,A000270,KIA CORP KOREA (THE REPUBLIC OF),0.0059,2026-05-22,2026-05-25
JHEM,A010130,KOREA ZINC CO LTD KOREA (THE REPUBLIC OF),0.0009,2026-05-22,2026-05-25
JHEM,A009150,SAMSUNG ELECTRO MECHANICS CO KOREA (THE REPUBLIC OF),0.0044,2026-05-22,2026-05-25
JHEM,A012450,HANWHA AEROSPACE CO LTD KOREA (THE REPUBLIC OF),0.0024,2026-05-22,2026-05-25
JHEM,TM,TELEKOM MALAYSIA BHD MALAYSIA,0.0003,2026-05-22,2026-05-25
JHEM,SMPH,SM PRIME HOLDINGS INC PHILIPPINES (THE),0.0002,2026-05-22,2026-05-25
JHEM,2303,UNITED MICROELECTRONICS CORP TAIWAN (PROVINCE OF CHINA),0.0051,2026-05-22,2026-05-25
JHEM,A017670,SK TELECOM KOREA (THE REPUBLIC OF),0.0015,2026-05-22,2026-05-25
JHEM,BHW,BANK HANDLOWY W WARSZAWIE SA POLAND,0.0001,2026-05-22,2026-05-25
JHEM,INDF,INDOFOOD SUKSES MAKMUR TBK P INDONESIA,0.0003,2026-05-22,2026-05-25
JHEM,2454,MEDIATEK INC TAIWAN (PROVINCE OF CHINA),0.0206,2026-05-22,2026-05-25
JHEM,ADVANC,ADVANCED INFO SERVICE NVDR THAILAND,0.0014,2026-05-22,2026-05-25
JHEM,2882,CATHAY FINANCIAL HOLDING CO TAIWAN (PROVINCE OF CHINA),0.0028,2026-05-22,2026-05-25
JHEM,2886,MEGA FINANCIAL HOLDING CO LT TAIWAN (PROVINCE OF CHINA),0.0017,2026-05-22,2026-05-25
JHEM,BHARTI,BHARTI AIRTEL LTD INDIA,0.0047,2026-05-22,2026-05-25
JHEM,2887,TS FINANCIAL HOLDING CO LTD TAIWAN (PROVINCE OF CHINA),0.0031,2026-05-22,2026-05-25
JHEM,2207,HOTAI MOTOR COMPANY LTD TAIWAN (PROVINCE OF CHINA),0.0006,2026-05-22,2026-05-25
JHEM,2899,ZIJIN MINING GROUP CO LTD H HONG KONG,0.0026,2026-05-22,2026-05-25
JHEM,CPF,CHAROEN POKPHAND FOODS NVDR THAILAND,0.0003,2026-05-22,2026-05-25
JHEM,BIOS,BIOCON LTD INDIA,0.0003,2026-05-22,2026-05-25
JHEM,6223,MPI CORP TAIWAN (PROVINCE OF CHINA),0.0009,2026-05-22,2026-05-25
JHEM,2318,PING AN INSURANCE GROUP CO H HONG KONG,0.0046,2026-05-22,2026-05-25
JHEM,SUNWAY,SUNWAY BHD MALAYSIA,0.0002,2026-05-22,2026-05-25
JHEM,1929,CHOW TAI FOOK JEWELLERY GROU HONG KONG,0.0003,2026-05-22,2026-05-25
JHEM,MMFS,MAHINDRA + MAHINDRA FIN SECS INDIA,0.0002,2026-05-22,2026-05-25
JHEM,6881,CHINA GALAXY SECURITIES CO H HONG KONG,0.0004,2026-05-22,2026-05-25
JHEM,TLKM,TELKOM INDONESIA PERSERO TBK INDONESIA,0.0012,2026-05-22,2026-05-25
JHEM,ABEV3,AMBEV SA BRAZIL,0.0009,2026-05-22,2026-05-25
JHEM,ENEV3,ENEVA SA BRAZIL,0.0004,2026-05-22,2026-05-25
JHEM,002595,SHANDONG HIMILE MECHANICAL A HONG KONG,0.0001,2026-05-22,2026-05-25
JHEM,2611,GUOTAI HAITONG SECURITIES H HONG KONG,0.0004,2026-05-22,2026-05-25
JHEM,000933,HENAN SHENHUO COAL + POWER A HONG KONG,0.0001,2026-05-22,2026-05-25
JHEM,TIINDIA,TUBE INVESTMENTS OF INDIA LT INDIA,0.0003,2026-05-22,2026-05-25
JHEM,002493,RONGSHENG PETROCHEMICAL CO A HONG KONG,0.0002,2026-05-22,2026-05-25
JHEM,ICICIGI,ICICI LOMBARD GENERAL INSURA INDIA,0.0004,2026-05-22,2026-05-25
JHEM,YTLPOWR,YTL POWER INTERNATIONAL BHD MALAYSIA,0.0003,2026-05-22,2026-05-25
JHEM,TCELL,TURKCELL ILETISIM HIZMET AS TURKEY,0.0003,2026-05-22,2026-05-25
JHEM,SUEL,SUZLON ENERGY LTD INDIA,0.0005,2026-05-22,2026-05-25
JHEM,A003670,POSCO FUTURE M CO LTD KOREA (THE REPUBLIC OF),0.0004,2026-05-22,2026-05-25
JHEM,3017,ASIA VITAL COMPONENTS TAIWAN (PROVINCE OF CHINA),0.0029,2026-05-22,2026-05-25
JHEM,UPLL,UPL LTD INDIA,0.0006,2026-05-22,2026-05-25
JHEM,8046,NAN YA PRINTED CIRCUIT BOARD TAIWAN (PROVINCE OF CHINA),0.0006,2026-05-22,2026-05-25
JHEM,A000250,SAM CHUN DANG PHARM CO LTD KOREA (THE REPUBLIC OF),0.0002,2026-05-22,2026-05-25
JHEM,8210,BUPA ARABIA FOR COOPERATIVE SAUDI ARABIA,0.0001,2026-05-22,2026-05-25
JHEM,6446,PHARMAESSENTIA CORP TAIWAN (PROVINCE OF CHINA),0.0009,2026-05-22,2026-05-25
JHEM,A018260,SAMSUNG SDS CO LTD KOREA (THE REPUBLIC OF),0.0006,2026-05-22,2026-05-25
JHEM,1180,THE SAUDI NATIONAL BANK SAUDI ARABIA,0.0029,2026-05-22,2026-05-25
JHEM,600886,SDIC POWER HOLDINGS CO LTD A HONG KONG,0.0001,2026-05-22,2026-05-25
JHEM,603288,FOSHAN HAITIAN FLAVOURING A HONG KONG,0.0001,2026-05-22,2026-05-25
JHEM,SBILIFE,SBI LIFE INSURANCE CO LTD INDIA,0.0006,2026-05-22,2026-05-25
JHEM,UNITDSPR,UNITED SPIRITS LTD INDIA,0.0004,2026-05-22,2026-05-25
JHEM,603659,SHANGHAI PUTAILAI NEW ENERGY HONG KONG,0.0001,2026-05-22,2026-05-25
JHEM,A316140,WOORI FINANCIAL GROUP INC KOREA (THE REPUBLIC OF),0.0024,2026-05-22,2026-05-25
JHEM,601138,FOXCONN INDUSTRIAL INTERNE A HONG KONG,0.0007,2026-05-22,2026-05-25
JHEM,6806,SHENWAN HONGYUAN GROUP CO H HONG KONG,0.0001,2026-05-22,2026-05-25
JHEM,BIL,BALKRISHNA INDUSTRIES LTD INDIA,0.0002,2026-05-22,2026-05-25
JHEM,CGPOWER,CG POWER AND INDUSTRIAL SOLU INDIA,0.0006,2026-05-22,2026-05-25
JHEM,BLSTR,BLUE STAR LTD INDIA,0.0001,2026-05-22,2026-05-25
JHEM,3968,CHINA MERCHANTS BANK H HONG KONG,0.0022,2026-05-22,2026-05-25
JHEM,3993,CMOC GROUP LTD H HONG KONG,0.001,2026-05-22,2026-05-25
JHEM,DLFU,DLF LTD INDIA,0.0003,2026-05-22,2026-05-25
JHEM,ABB,ABB INDIA LTD INDIA,0.0004,2026-05-22,2026-05-25
JHEM,1530,3SBIO INC HONG KONG,0.0001,2026-05-22,2026-05-25
JHEM,A079550,LIG DEFENSE+AEROSPACE CO LTD KOREA (THE REPUBLIC OF),0.0003,2026-05-22,2026-05-25
JHEM,600522,JIANGSU ZHONGTIAN TECHNOLO A HONG KONG,0.0001,2026-05-22,2026-05-25
JHEM,600111,CHINA NORTHERN RARE EARTH A HONG KONG,0.0002,2026-05-22,2026-05-25
JHEM,600039,SICHUAN ROAD+BRIDGE GROUP A HONG KONG,0.0001,2026-05-22,2026-05-25
JHEM,LTM,LTM LTD INDIA,0.0004,2026-05-22,2026-05-25
JHEM,9988,ALIBABA GROUP HOLDING LTD HONG KONG,0.0234,2026-05-22,2026-05-25
JHEM,600989,NINGXIA BAOFENG ENERGY GRO A HONG KONG,0.0002,2026-05-22,2026-05-25
JHEM,POWERIND,HITACHI ENERGY INDIA LTD INDIA,0.0003,2026-05-22,2026-05-25
JHEM,9992,POP MART INTERNATIONAL GROUP HONG KONG,0.0014,2026-05-22,2026-05-25
JHEM,7202,ARABIAN INTERNET + COMMUNICA SAUDI ARABIA,0.0002,2026-05-22,2026-05-25
JHEM,1030,SAUDI INVESTMENT BANK/THE SAUDI ARABIA,0.0003,2026-05-22,2026-05-25
JHEM,1060,SAUDI AWWAL BANK SAUDI ARABIA,0.0004,2026-05-22,2026-05-25
JHEM,NHPC,NHPC LTD INDIA,0.0002,2026-05-22,2026-05-25
JHEM,1988,CHINA MINSHENG BANKING COR H HONG KONG,0.0005,2026-05-22,2026-05-25
JHEM,2208,GOLDWIND SCIENCE+TECHNOLOG H HONG KONG,0.0001,2026-05-22,2026-05-25
JHEM,11,TRUST FIBRA UNO MEXICO,0.0003,2026-05-22,2026-05-25
JHEM,135,KUNLUN ENERGY CO LTD HONG KONG,0.0004,2026-05-22,2026-05-25
JHEM,002142,BANK OF NINGBO CO LTD A HONG KONG,0.0003,2026-05-22,2026-05-25
JHEM,000301,JIANGSU EASTERN SHENGHONG A HONG KONG,0.0001,2026-05-22,2026-05-25
JHEM,000568,LUZHOU LAOJIAO CO LTD A HONG KONG,0.0002,2026-05-22,2026-05-25
JHEM,000988,HGTECH CO LTD A HONG KONG,0.0001,2026-05-22,2026-05-25
JHEM,JSTL,JSW STEEL LTD INDIA,0.0017,2026-05-22,2026-05-25
JHEM,966,CHINA TAIPING INSURANCE HOLD HONG KONG,0.0004,2026-05-22,2026-05-25
JHEM,NACL,NATIONAL ALUMINIUM CO LTD INDIA,0.0006,2026-05-22,2026-05-25
JHEM,BDX,BUDIMEX POLAND,0.0003,2026-05-22,2026-05-25
JHEM,1216,UNI PRESIDENT ENTERPRISES CO TAIWAN (PROVINCE OF CHINA),0.0012,2026-05-22,2026-05-25
JHEM,857,PETROCHINA CO LTD H HONG KONG,0.0036,2026-05-22,2026-05-25
JHEM,603893,ROCKCHIP ELECTRONICS CO L A HONG KONG,0.0001,2026-05-22,2026-05-25
JHEM,7203,ELM CO SAUDI ARABIA,0.0006,2026-05-22,2026-05-25
JHEM,9866,NIO INC CLASS A HONG KONG,0.0008,2026-05-22,2026-05-25
JHEM,688223,JINKO SOLAR CO LTD A HONG KONG,0.0001,2026-05-22,2026-05-25
JHEM,ASTOR,ASTOR TRANSFORMATOR ENERJI T TURKEY,0.0001,2026-05-22,2026-05-25
JHEM,HNAL,HINDUSTAN AERONAUTICS LTD INDIA,0.0006,2026-05-22,2026-05-25
JHEM,300,MIDEA GROUP CO LTD H HONG KONG,0.0004,2026-05-22,2026-05-25
JHEM,992,LENOVO GROUP LTD HONG KONG,0.0027,2026-05-22,2026-05-25
JHEM,BSANTANDER,BANCO SANTANDER CHILE CHILE,0.0006,2026-05-22,2026-05-25
JHEM,C-1,EL PUERTO DE LIVERPOOL C1 MEXICO,0.0001,2026-05-22,2026-05-25
JHEM,A,KIMBERLY CLARK DE MEXICO A MEXICO,0.0004,2026-05-22,2026-05-25
JHEM,BPCL,BHARAT PETROLEUM CORP LTD INDIA,0.0012,2026-05-22,2026-05-25
JHEM,BIMAS,BIM BIRLESIK MAGAZALAR AS TURKEY,0.0005,2026-05-22,2026-05-25
JHEM,2059,KING SLIDE WORKS CO LTD TAIWAN (PROVINCE OF CHINA),0.0006,2026-05-22,2026-05-25
JHEM,ADE,ADANI ENTERPRISES LTD INDIA,0.0002,2026-05-22,2026-05-25
JHEM,KIO,KUMBA IRON ORE LTD SOUTH AFRICA,0.0002,2026-05-22,2026-05-25
JHEM,MRCO,MARICO LTD INDIA,0.0007,2026-05-22,2026-05-25
JHEM,INBK,INDIAN BANK INDIA,0.0004,2026-05-22,2026-05-25
JHEM,PHNX,PHOENIX MILLS LTD INDIA,0.0002,2026-05-22,2026-05-25
JHEM,MER,MANILA ELECTRIC COMPANY PHILIPPINES (THE),0.0003,2026-05-22,2026-05-25
JHEM,1120,AL RAJHI BANK SAUDI ARABIA,0.0043,2026-05-22,2026-05-25
JHEM,1020,BANK AL JAZIRA SAUDI ARABIA,0.0002,2026-05-22,2026-05-25
JHEM,1150,ALINMA BANK SAUDI ARABIA,0.0014,2026-05-22,2026-05-25
JHEM,COALINDIA,COAL INDIA LTD INDIA,0.0018,2026-05-22,2026-05-25
JHEM,BHEL,BHARAT HEAVY ELECTRICALS INDIA,0.0006,2026-05-22,2026-05-25
JHEM,PTTGC,PTT GLOBAL CHEMICAL PCL NVDR THAILAND,0.0001,2026-05-22,2026-05-25
JHEM,4958,ZHEN DING TECHNOLOGY HOLDING TAIWAN (PROVINCE OF CHINA),0.0016,2026-05-22,2026-05-25
JHEM,3665,BIZLINK HOLDING INC TAIWAN (PROVINCE OF CHINA),0.001,2026-05-22,2026-05-25
JHEM,5274,ASPEED TECHNOLOGY INC TAIWAN (PROVINCE OF CHINA),0.0016,2026-05-22,2026-05-25
JHEM,WPRTS,WESTPORTS HOLDINGS BHD MALAYSIA,0.0003,2026-05-22,2026-05-25
JHEM,AXSB,AXIS BANK LTD INDIA,0.0029,2026-05-22,2026-05-25
JHEM,ICICIBC,ICICI BANK LTD INDIA,0.006,2026-05-22,2026-05-25
JHEM,6869,YANGTZE OPTICAL FIBRE AND H HONG KONG,0.0004,2026-05-22,2026-05-25
JHEM,PNB,PUNJAB NATIONAL BANK INDIA,0.0003,2026-05-22,2026-05-25
JHEM,600009,SHANGHAI INTERNATIONAL AIR A HONG KONG,0.0001,2026-05-22,2026-05-25
JHEM,TECHM,TECH MAHINDRA LTD INDIA,0.0017,2026-05-22,2026-05-25
JHEM,3606,FUYAO GLASS INDUSTRY GROUP H HONG KONG,0.0007,2026-05-22,2026-05-25
JHEM,1776,GF SECURITIES CO LTD H HONG KONG,0.0004,2026-05-22,2026-05-25
JHEM,ADANIENS,ADANI ENERGY SOLUTIONS LTD INDIA,0.0005,2026-05-22,2026-05-25
JHEM,600845,SHANGHAI BAOSIGHT SOFTWARE A HONG KONG,0.0001,2026-05-22,2026-05-25
JHEM,3969,CHINA RAILWAY SIGNAL + COM H HONG KONG,0.0001,2026-05-22,2026-05-25
JHEM,IDFCFB,IDFC FIRST BANK LTD INDIA,0.0003,2026-05-22,2026-05-25
JHEM,3908,CHINA INTERNATIONAL CAPITA H HONG KONG,0.0004,2026-05-22,2026-05-25
JHEM,600988,CHIFENG JILONG GOLD MINING A HONG KONG,0.0001,2026-05-22,2026-05-25
JHEM,601009,BANK OF NANJING CO LTD A HONG KONG,0.0001,2026-05-22,2026-05-25
JHEM,601179,CHINA XD ELECTRIC CO LTD A HONG KONG,0.0001,2026-05-22,2026-05-25
JHEM,601225,SHAANXI COAL INDUSTRY CO L A HONG KONG,0.0004,2026-05-22,2026-05-25
JHEM,600021,SHANGHAI ELECTRIC POWER CO A HONG KONG,0.0001,2026-05-22,2026-05-25
JHEM,600438,TONGWEI CO LTD A HONG KONG,0.0001,2026-05-22,2026-05-25
JHEM,601872,CHINA MERCHANTS ENERGY A HONG KONG,0.0001,2026-05-22,2026-05-25
JHEM,GRASIM,GRASIM INDUSTRIES LTD INDIA,0.0012,2026-05-22,2026-05-25
JHEM,1658,POSTAL SAVINGS BANK OF CHI H HONG KONG,0.0005,2026-05-22,2026-05-25
JHEM,000975,SHANJIN INTERNATIONAL GOLD A HONG KONG,0.0001,2026-05-22,2026-05-25
JHEM,002281,ACCELINK TECHNOLOGIES CO A HONG KONG,0.0001,2026-05-22,2026-05-25
JHEM,300059,EAST MONEY INFORMATION CO A HONG KONG,0.0002,2026-05-22,2026-05-25
JHEM,002353,YANTAI JEREH OILFIELD A HONG KONG,0.0001,2026-05-22,2026-05-25
JHEM,DNP,DINO POLSKA SA POLAND,0.0005,2026-05-22,2026-05-25
JHEM,600233,YTO EXPRESS GROUP CO LTD A HONG KONG,0.0001,2026-05-22,2026-05-25
JHEM,SDG,SD GUTHRIE BHD MALAYSIA,0.0005,2026-05-22,2026-05-25
JHEM,ADANIGR,ADANI GREEN ENERGY LTD INDIA,0.0003,2026-05-22,2026-05-25
JHEM,3711,ASE TECHNOLOGY HOLDING CO LT TAIWAN (PROVINCE OF CHINA),0.0072,2026-05-22,2026-05-25
JHEM,601838,BANK OF CHENGDU CO LTD A HONG KONG,0.0001,2026-05-22,2026-05-25
JHEM,6862,HAIDILAO INTERNATIONAL HOLDI HONG KONG,0.0002,2026-05-22,2026-05-25
JHEM,002938,AVARY HOLDING SHENZHEN CO A HONG KONG,0.0002,2026-05-22,2026-05-25
JHEM,SBICARD,SBI CARDS + PAYMENT SERVICES INDIA,0.0001,2026-05-22,2026-05-25
JHEM,9999,NETEASE INC HONG KONG,0.0048,2026-05-22,2026-05-25
JHEM,300604,HANGZHOU CHANG CHUAN TECHN A HONG KONG,0.0001,2026-05-22,2026-05-25
JHEM,1024,KUAISHOU TECHNOLOGY HONG KONG,0.0019,2026-05-22,2026-05-25
JHEM,ETERNAL,ETERNAL LTD INDIA,0.0007,2026-05-22,2026-05-25
JHEM,6770,POWERCHIP SEMICONDUCTOR MANUTAIWAN (PROVINCE OF CHINA),0.0006,2026-05-22,2026-05-25
JHEM,9626,BILIBILI INC CLASS Z HONG KONG,0.0003,2026-05-22,2026-05-25
JHEM,LODHA,LODHA DEVELOPERS LTD INDIA,0.0001,2026-05-22,2026-05-25
JHEM,KALYANKJ,KALYAN JEWELLERS INDIA LTD INDIA,0.0001,2026-05-22,2026-05-25
JHEM,1179,H WORLD GROUP LTD HONG KONG,0.001,2026-05-22,2026-05-25
JHEM,9696,TIANQI LITHIUM CORP H HONG KONG,0.0001,2026-05-22,2026-05-25
JHEM,1698,TENCENT MUSIC ENT CLASS A HONG KONG,0.0006,2026-05-22,2026-05-25
JHEM,ONGC,OIL + NATURAL GAS CORP LTD INDIA,0.0016,2026-05-22,2026-05-25
JHEM,2360,CHROMA ATE INC TAIWAN (PROVINCE OF CHINA),0.0027,2026-05-22,2026-05-25
JHEM,HAR,HARMONY GOLD MINING CO LTD SOUTH AFRICA,0.0011,2026-05-22,2026-05-25
JHEM,300442,RANGE INTELLIGENT COMPUTI A HONG KONG,0.0001,2026-05-22,2026-05-25
JHEM,AMMN,AMMAN MINERAL INTERNASIONAL INDONESIA,0.0001,2026-05-22,2026-05-25
JHEM,PSYS,PERSISTENT SYSTEMS LTD INDIA,0.0006,2026-05-22,2026-05-25
JHEM,VMM,VISHAL MEGA MART LTD INDIA,0.0002,2026-05-22,2026-05-25
JHEM,788,CHINA TOWER CORP LTD H HONG KONG,0.0012,2026-05-22,2026-05-25
JHEM,DSTKF,DESTEK FINANS FAKTORING AS TURKEY,0.0002,2026-05-22,2026-05-25
JHEM,PKN,ORLEN SA POLAND,0.0025,2026-05-22,2026-05-25
JHEM,2345,ACCTON TECHNOLOGY CORP TAIWAN (PROVINCE OF CHINA),0.0044,2026-05-22,2026-05-25
JHEM,BIMBOA,GRUPO BIMBO SAB SERIES A MEXICO,0.0009,2026-05-22,2026-05-25
JHEM,902,HUANENG POWER INTL INC H HONG KONG,0.0006,2026-05-22,2026-05-25
JHEM,GLXO,GLAXOSMITHKLINE FOREIGN INDIA,0.0001,2026-05-22,2026-05-25
JHEM,BAF,BAJAJ FINANCE LTD INDIA,0.002,2026-05-22,2026-05-25
JHEM,INFO,INFOSYS LTD INDIA,0.0037,2026-05-22,2026-05-25
JHEM,1326,FORMOSA CHEMICALS + FIBRE TAIWAN (PROVINCE OF CHINA),0.0008,2026-05-22,2026-05-25
JHEM,YTL,YTL CORP BHD MALAYSIA,0.0002,2026-05-22,2026-05-25
JHEM,HLBANK,HONG LEONG BANK BERHAD MALAYSIA,0.0004,2026-05-22,2026-05-25
JHEM,A005380,HYUNDAI MOTOR CO KOREA (THE REPUBLIC OF),0.0062,2026-05-22,2026-05-25
JHEM,A003550,LG CORP KOREA (THE REPUBLIC OF),0.0013,2026-05-22,2026-05-25
JHEM,A005940,NH INVESTMENT + SECURITIES C KOREA (THE REPUBLIC OF),0.0002,2026-05-22,2026-05-25
JHEM,MAYBANK,MALAYAN BANKING BHD MALAYSIA,0.002,2026-05-22,2026-05-25
JHEM,VAL,VALTERRA PLATINUM LIMITED SOUTH AFRICA,0.0009,2026-05-22,2026-05-25
JHEM,SOL,SASOL LTD SOUTH AFRICA,0.001,2026-05-22,2026-05-25
JHEM,1138,COSCO SHIPPING ENERGY TRAN H HONG KONG,0.0002,2026-05-22,2026-05-25
JHEM,O,GRUPO FINANCIERO BANORTE O MEXICO,0.0027,2026-05-22,2026-05-25
JHEM,1093,CSPC PHARMACEUTICAL GROUP LT HONG KONG,0.0007,2026-05-22,2026-05-25
JHEM,2412,CHUNGHWA TELECOM CO LTD TAIWAN (PROVINCE OF CHINA),0.0017,2026-05-22,2026-05-25
JHEM,DABUR,DABUR INDIA LTD INDIA,0.0003,2026-05-22,2026-05-25
JHEM,2881,FUBON FINANCIAL HOLDING CO TAIWAN (PROVINCE OF CHINA),0.0031,2026-05-22,2026-05-25
JHEM,2884,E.SUN FINANCIAL HOLDING CO TAIWAN (PROVINCE OF CHINA),0.0019,2026-05-22,2026-05-25
JHEM,2892,FIRST FINANCIAL HOLDING CO TAIWAN (PROVINCE OF CHINA),0.0017,2026-05-22,2026-05-25
JHEM,GGBR4,GERDAU SA PREF BRAZIL,0.0011,2026-05-22,2026-05-25
JHEM,175,GEELY AUTOMOBILE HOLDINGS LT HONG KONG,0.0022,2026-05-22,2026-05-25
JHEM,BBRI,BANK RAKYAT INDONESIA PERSER INDONESIA,0.0011,2026-05-22,2026-05-25
JHEM,UNBK,UNION BANK OF INDIA INDIA,0.0003,2026-05-22,2026-05-25
JHEM,2319,CHINA MENGNIU DAIRY CO HONG KONG,0.0008,2026-05-22,2026-05-25
JHEM,SBK,STANDARD BANK GROUP LTD SOUTH AFRICA,0.0033,2026-05-22,2026-05-25
JHEM,PSSA3,PORTO SEGURO SA BRAZIL,0.0001,2026-05-22,2026-05-25
JHEM,2383,ELITE MATERIAL CO LTD TAIWAN (PROVINCE OF CHINA),0.0046,2026-05-22,2026-05-25
JHEM,RENT3,LOCALIZA RENT A CAR BRAZIL,0.0007,2026-05-22,2026-05-25
JHEM,2223,SAUDI ARAMCO BASE OIL CO SAUDI ARABIA,0.0002,2026-05-22,2026-05-25
JHEM,688072,PIOTECH INC A HONG KONG,0.0001,2026-05-22,2026-05-25
JHEM,CBK,CANARA BANK INDIA,0.0003,2026-05-22,2026-05-25
JHEM,HYUNDAI,HYUNDAI MOTOR INDIA LTD INDIA,0.0002,2026-05-22,2026-05-25
JHEM,6936,SF HOLDING CO H HONG KONG,0.0003,2026-05-22,2026-05-25
JHEM,INFOE,INFO EDGE INDIA LTD INDIA,0.0004,2026-05-22,2026-05-25
JHEM,UBD,FOMENTO ECONOMICO MEXICA UBD MEXICO,0.0019,2026-05-22,2026-05-25
JHEM,VALE3,VALE SA BRAZIL,0.0083,2026-05-22,2026-05-25
JHEM,GCARSOA1,GRUPO CARSO SAB DE CV SER A1 MEXICO,0.0005,2026-05-22,2026-05-25
JHEM,PETR4,PETROBRAS PETROLEO BRAS PR BRAZIL,0.0057,2026-05-22,2026-05-25
JHEM,TATACONS,TATA CONSUMER PRODUCTS LTD INDIA,0.0007,2026-05-22,2026-05-25
JHEM,670,CHINA EASTERN AIRLINES CO H HONG KONG,0.0002,2026-05-22,2026-05-25
JHEM,3939,WANGUO GOLD GROUP LTD HONG KONG,0.0001,2026-05-22,2026-05-25
JHEM,AXIA7,AXIA ENERGIA PR C BRAZIL,0.0003,2026-05-22,2026-05-25
JHEM,HLFG,HONG LEONG FINANCIAL GROUP MALAYSIA,0.0002,2026-05-22,2026-05-25
JHEM,PEP,PPB GROUP BERHAD MALAYSIA,0.0002,2026-05-22,2026-05-25
JHEM,A010140,SAMSUNG HEAVY INDUSTRIES KOREA (THE REPUBLIC OF),0.0016,2026-05-22,2026-05-25
JHEM,2330,TAIWAN SEMICONDUCTOR MANUFAC TAIWAN (PROVINCE OF CHINA),0.0425,2026-05-22,2026-05-25
JHEM,MPHL,MPHASIS LTD INDIA,0.0003,2026-05-22,2026-05-25
JHEM,2344,WINBOND ELECTRONICS CORP TAIWAN (PROVINCE OF CHINA),0.001,2026-05-22,2026-05-25
JHEM,ING,ING BANK SLASKI SA POLAND,0.0004,2026-05-22,2026-05-25
JHEM,3045,TAIWAN MOBILE CO LTD TAIWAN (PROVINCE OF CHINA),0.0011,2026-05-22,2026-05-25
JHEM,APHS,APOLLO HOSPITALS ENTERPRISE INDIA,0.001,2026-05-22,2026-05-25
JHEM,UNTR,UNITED TRACTORS TBK PT INDONESIA,0.0004,2026-05-22,2026-05-25
JHEM,2688,ENN ENERGY HOLDINGS LTD HONG KONG,0.0004,2026-05-22,2026-05-25
JHEM,3034,NOVATEK MICROELECTRONICS COR TAIWAN (PROVINCE OF CHINA),0.0016,2026-05-22,2026-05-25
JHEM,LPC,LUPIN LTD INDIA,0.0006,2026-05-22,2026-05-25
JHEM,OFSS,ORACLE FINANCIAL SERVICES INDIA,0.0002,2026-05-22,2026-05-25
JHEM,2628,CHINA LIFE INSURANCE CO H HONG KONG,0.003,2026-05-22,2026-05-25
JHEM,JINDALST,JINDAL STEEL LTD INDIA,0.0007,2026-05-22,2026-05-25
JHEM,2338,WEICHAI POWER CO LTD H HONG KONG,0.0016,2026-05-22,2026-05-25
JHEM,ENKAI,ENKA INSAAT VE SANAYI AS TURKEY,0.0002,2026-05-22,2026-05-25
JHEM,ITC,ITC LTD INDIA,0.001,2026-05-22,2026-05-25
JHEM,SLMj,SANLAM LTD SOUTH AFRICA,0.001,2026-05-22,2026-05-25
JHEM,TVSL,TVS MOTOR CO LTD INDIA,0.0009,2026-05-22,2026-05-25
JHEM,A086790,HANA FINANCIAL GROUP KOREA (THE REPUBLIC OF),0.0035,2026-05-22,2026-05-25
JHEM,8299,PHISON ELECTRONICS CORP TAIWAN (PROVINCE OF CHINA),0.0012,2026-05-22,2026-05-25
JHEM,AOT,AIRPORTS OF THAILAND PC NVDR THAILAND,0.0005,2026-05-22,2026-05-25
JHEM,JDSL,JINDAL STAINLESS LTD INDIA,0.0005,2026-05-22,2026-05-25
JHEM,1818,ZHAOJIN MINING INDUSTRY CO H HONG KONG,0.0003,2026-05-22,2026-05-25
JHEM,3443,GLOBAL UNICHIP CORP TAIWAN (PROVINCE OF CHINA),0.0011,2026-05-22,2026-05-25
JHEM,1898,CHINA COAL ENERGY CO H HONG KONG,0.0005,2026-05-22,2026-05-25
JHEM,3036,WT MICROELECTRONICS CO LTD TAIWAN (PROVINCE OF CHINA),0.0003,2026-05-22,2026-05-25
JHEM,IDEA,VODAFONE IDEA LTD INDIA,0.0002,2026-05-22,2026-05-25
JHEM,998,CHINA CITIC BANK CORP LTD H HONG KONG,0.001,2026-05-22,2026-05-25
JHEM,CRIN,COROMANDEL INTERNATIONAL LTD INDIA,0.0003,2026-05-22,2026-05-25
JHEM,285,BYD ELECTRONIC INTL CO LTD HONG KONG,0.0004,2026-05-22,2026-05-25
JHEM,1010,RIYAD BANK SAUDI ARABIA,0.0011,2026-05-22,2026-05-25
JHEM,2010,SAUDI BASIC INDUSTRIES CORP SAUDI ARABIA,0.0011,2026-05-22,2026-05-25
JHEM,RECL,REC LTD INDIA,0.0006,2026-05-22,2026-05-25
JHEM,151,WANT WANT CHINA HOLDINGS LTD HONG KONG,0.0001,2026-05-22,2026-05-25
JHEM,7020,ETIHAD ETISALAT CO SAUDI ARABIA,0.0014,2026-05-22,2026-05-25
JHEM,4300,DAR AL ARKAN REAL ESTATE DEV SAUDI ARABIA,0.0003,2026-05-22,2026-05-25
JHEM,960,LONGFOR GROUP HOLDINGS LTD HONG KONG,0.0003,2026-05-22,2026-05-25
JHEM,PGE,PGE SA POLAND,0.0005,2026-05-22,2026-05-25
JHEM,A034730,SK INC KOREA (THE REPUBLIC OF),0.0019,2026-05-22,2026-05-25
JHEM,NMDC,NMDC LTD INDIA,0.0006,2026-05-22,2026-05-25
JHEM,PZU,POWSZECHNY ZAKLAD UBEZPIECZE POLAND,0.0012,2026-05-22,2026-05-25
JHEM,3653,JENTECH PRECISION INDUSTRIAL TAIWAN (PROVINCE OF CHINA),0.0006,2026-05-22,2026-05-25
JHEM,2238,GUANGZHOU AUTOMOBILE GROUP H HONG KONG,0.0001,2026-05-22,2026-05-25
JHEM,PCHEM,PETRONAS CHEMICALS GROUP BHD MALAYSIA,0.0002,2026-05-22,2026-05-25
JHEM,2607,SHANGHAI PHARMACEUTICALS H HONG KONG,0.0001,2026-05-22,2026-05-25
JHEM,MUTH,MUTHOOT FINANCE LTD INDIA,0.0007,2026-05-22,2026-05-25
JHEM,TPWR,TATA POWER CO LTD INDIA,0.0008,2026-05-22,2026-05-25
JHEM,PI,PI INDUSTRIES LTD INDIA,0.0002,2026-05-22,2026-05-25
JHEM,6198,QINGDAO PORT INTERNATIONAL H HONG KONG,0.0001,2026-05-22,2026-05-25
JHEM,1347,HUA HONG SEMICONDUCTOR LTD H HONG KONG,0.0011,2026-05-22,2026-05-25
JHEM,600104,SAIC MOTOR CORP LTD A HONG KONG,0.0001,2026-05-22,2026-05-25
JHEM,3661,ALCHIP TECHNOLOGIES LTD TAIWAN (PROVINCE OF CHINA),0.0014,2026-05-22,2026-05-25
JHEM,BRGR,BERGER PAINTS INDIA LTD INDIA,0.0002,2026-05-22,2026-05-25
JHEM,600674,SICHUAN CHUANTOU ENERGY CO A HONG KONG,0.0001,2026-05-22,2026-05-25
JHEM,600741,HUAYU AUTOMOTIVE SYSTEMS A HONG KONG,0.0001,2026-05-22,2026-05-25
JHEM,601100,JIANGSU HENGLI HYDRAULIC C A HONG KONG,0.0001,2026-05-22,2026-05-25
JHEM,600803,ENN NATURAL GAS CO LTD A HONG KONG,0.0001,2026-05-22,2026-05-25
JHEM,TEL,PLDT INC PHILIPPINES (THE),0.0003,2026-05-22,2026-05-25
JHEM,6099,CHINA MERCHANTS SECURITIES H HONG KONG,0.0002,2026-05-22,2026-05-25
JHEM,6066,CSC FINANCIAL CO LTD H 06066 HONG KONG,0.0002,2026-05-22,2026-05-25
JHEM,002236,ZHEJIANG DAHUA TECHNOLOGY A HONG KONG,0.0001,2026-05-22,2026-05-25
JHEM,300408,CHAOZHOU THREE CIRCLE GROU A HONG KONG,0.0001,2026-05-22,2026-05-25
JHEM,000807,YUNNAN ALUMINIUM CO LTD A HONG KONG,0.0001,2026-05-22,2026-05-25
JHEM,A267260,HD HYUNDAI ELECTRIC CO LTD KOREA (THE REPUBLIC OF),0.002,2026-05-22,2026-05-25
JHEM,HDFCLIFE,HDFC LIFE INSURANCE CO LTD INDIA,0.0004,2026-05-22,2026-05-25
JHEM,603799,ZHEJIANG HUAYOU COBALT CO A HONG KONG,0.0001,2026-05-22,2026-05-25
JHEM,CCRI,CONTAINER CORP OF INDIA LTD INDIA,0.0002,2026-05-22,2026-05-25
JHEM,ATGL,ADANI TOTAL GAS LTD INDIA,0.0001,2026-05-22,2026-05-25
JHEM,1787,SHANDONG GOLD MINING CO LT H HONG KONG,0.0003,2026-05-22,2026-05-25
JHEM,1801,INNOVENT BIOLOGICS INC HONG KONG,0.0009,2026-05-22,2026-05-25
JHEM,SHP,SHOPRITE HOLDINGS LTD SOUTH AFRICA,0.0011,2026-05-22,2026-05-25
JHEM,IOCL,INDIAN OIL CORP LTD INDIA,0.0009,2026-05-22,2026-05-25
JHEM,1072,DONGFANG ELECTRIC CORP LTD H HONG KONG,0.0002,2026-05-22,2026-05-25
JHEM,PEO,BANK PEKAO SA POLAND,0.0022,2026-05-22,2026-05-25
JHEM,358,JIANGXI COPPER CO LTD H HONG KONG,0.0004,2026-05-22,2026-05-25
JHEM,KGH,KGHM POLSKA MIEDZ SA POLAND,0.0014,2026-05-22,2026-05-25
JHEM,2395,ADVANTECH CO LTD TAIWAN (PROVINCE OF CHINA),0.0008,2026-05-22,2026-05-25
JHEM,BRIT,BRITANNIA INDUSTRIES LTD INDIA,0.0008,2026-05-22,2026-05-25
JHEM,300760,SHENZHEN MINDRAY BIO MEDIC A HONG KONG,0.0002,2026-05-22,2026-05-25
JHEM,3692,HANSOH PHARMACEUTICAL GROUP HONG KONG,0.0005,2026-05-22,2026-05-25
JHEM,YES,YES BANK LTD INDIA,0.0005,2026-05-22,2026-05-25
JHEM,MAXHEALT,MAX HEALTHCARE INSTITUTE LTD INDIA,0.0005,2026-05-22,2026-05-25
JHEM,9618,JD.COM INC CLASS A HONG KONG,0.0042,2026-05-22,2026-05-25
JHEM,601816,BEIJING SHANGHAI HIGH SPE A HONG KONG,0.0001,2026-05-22,2026-05-25
JHEM,9633,NONGFU SPRING CO LTD H HONG KONG,0.0008,2026-05-22,2026-05-25
JHEM,LAURUS,LAURUS LABS LTD INDIA,0.0005,2026-05-22,2026-05-25
JHEM,TIMS3,TIM SA BRAZIL,0.0006,2026-05-22,2026-05-25
JHEM,6618,JD HEALTH INTERNATIONAL INC HONG KONG,0.0006,2026-05-22,2026-05-25
JHEM,RDOR3,REDE D OR SAO LUIZ SA BRAZIL,0.0005,2026-05-22,2026-05-25
JHEM,A277810,RAINBOW ROBOTICS KOREA (THE REPUBLIC OF),0.0002,2026-05-22,2026-05-25
JHEM,2015,LI AUTO INC CLASS A HONG KONG,0.001,2026-05-22,2026-05-25
JHEM,605117,NINGBO DEYE TECHNOLOGY COR A HONG KONG,0.0001,2026-05-22,2026-05-25
JHEM,SCHFL,SCHAEFFLER INDIA LTD INDIA,0.0002,2026-05-22,2026-05-25
JHEM,4142,RIYADH CABLES GROUP CO SAUDI ARABIA,0.0001,2026-05-22,2026-05-25
JHEM,688396,CHINA RESOURCES MICROELECT A HONG KONG,0.0001,2026-05-22,2026-05-25
JHEM,000408,ZANGGE MINING CO LTD A HONG KONG,0.0001,2026-05-22,2026-05-25
JHEM,9863,ZHEJIANG LEAPMOTOR TECHNOL H HONG KONG,0.0001,2026-05-22,2026-05-25
JHEM,2076,KANZHUN LTD HONG KONG,0.0001,2026-05-22,2026-05-25
JHEM,688256,CAMBRICON TECHNOLOGIES A HONG KONG,0.0004,2026-05-22,2026-05-25
JHEM,688183,SHENGYI ELECTRONICS CO LTD A HONG KONG,0.0001,2026-05-22,2026-05-25
JHEM,DMART,AVENUE SUPERMARTS LTD INDIA,0.0004,2026-05-22,2026-05-25
JHEM,300274,SUNGROW POWER SUPPLY CO LT A HONG KONG,0.0004,2026-05-22,2026-05-25
JHEM,601229,BANK OF SHANGHAI CO LTD A HONG KONG,0.0001,2026-05-22,2026-05-25
JHEM,600919,BANK OF JIANGSU CO LTD A HONG KONG,0.0002,2026-05-22,2026-05-25
JHEM,ABG,ABSA GROUP LTD SOUTH AFRICA,0.0015,2026-05-22,2026-05-25
JHEM,B3SA3,B3 SA BRASIL BOLSA BALCAO BRAZIL,0.0013,2026-05-22,2026-05-25
JHEM,A298040,HYOSUNG HEAVY INDUSTRIES COR KOREA (THE REPUBLIC OF),0.0014,2026-05-22,2026-05-25
JHEM,A247540,ECOPRO BM CO LTD KOREA (THE REPUBLIC OF),0.0007,2026-05-22,2026-05-25
JHEM,A272210,HANWHA SYSTEMS CO LTD KOREA (THE REPUBLIC OF),0.0002,2026-05-22,2026-05-25
JHEM,DRRD,DR. REDDY S LABORATORIES INDIA,0.0017,2026-05-22,2026-05-25
JHEM,AXIA6,AXIA ENERGIA PR B BRAZIL,0.0004,2026-05-22,2026-05-25
JHEM,6969,SMOORE INTERNATIONAL HOLDING HONG KONG,0.0001,2026-05-22,2026-05-25
JHEM,OR,PTT OIL + RETAIL BUSINE NVDR THAILAND,0.0001,2026-05-22,2026-05-25
JHEM,9961,TRIP.COM GROUP LTD HONG KONG,0.0031,2026-05-22,2026-05-25
JHEM,A329180,HD HYUNDAI HEAVY INDUSTRIES KOREA (THE REPUBLIC OF),0.0014,2026-05-22,2026-05-25
JHEM,POLICYBZ,PB FINTECH LTD INDIA,0.0004,2026-05-22,2026-05-25
JHEM,A035720,KAKAO CORP KOREA (THE REPUBLIC OF),0.001,2026-05-22,2026-05-25
JHEM,914,ANHUI CONCH CEMENT CO LTD H HONG KONG,0.0005,2026-05-22,2026-05-25
JHEM,2379,REALTEK SEMICONDUCTOR CORP TAIWAN (PROVINCE OF CHINA),0.001,2026-05-22,2026-05-25
JHEM,MBK,MBANK SA POLAND,0.0005,2026-05-22,2026-05-25
JHEM,A000150,DOOSAN CO LTD KOREA (THE REPUBLIC OF),0.0004,2026-05-22,2026-05-25
JHEM,MTN,MTN GROUP LTD SOUTH AFRICA,0.0044,2026-05-22,2026-05-25
JHEM,SQM-B,SOC QUIMICA Y MINERA CHILE B CHILE,0.0008,2026-05-22,2026-05-25
JHEM,CIMB,CIMB GROUP HOLDINGS BHD MALAYSIA,0.0021,2026-05-22,2026-05-25
JHEM,1088,CHINA SHENHUA ENERGY CO H HONG KONG,0.0021,2026-05-22,2026-05-25
JHEM,ARBP,AUROBINDO PHARMA LTD INDIA,0.0005,2026-05-22,2026-05-25
JHEM,IIB,INDUSIND BANK LTD INDIA,0.0006,2026-05-22,2026-05-25
JHEM,HNDL,HINDALCO INDUSTRIES LTD INDIA,0.0025,2026-05-22,2026-05-25
JHEM,A039490,KIWOOM SECURITIES CO LTD KOREA (THE REPUBLIC OF),0.0002,2026-05-22,2026-05-25
JHEM,Y92,THAI BEVERAGE PCL SINGAPORE,0.0003,2026-05-22,2026-05-25
JHEM,3988,BANK OF CHINA LTD H HONG KONG,0.0049,2026-05-22,2026-05-25
JHEM,700,TENCENT HOLDINGS LTD HONG KONG,0.0231,2026-05-22,2026-05-25
JHEM,241,ALIBABA HEALTH INFORMATION T HONG KONG,0.0002,2026-05-22,2026-05-25
JHEM,6488,GLOBALWAFERS CO LTD TAIWAN (PROVINCE OF CHINA),0.0009,2026-05-22,2026-05-25
JHEM,A196170,ALTEOGEN INC KOREA (THE REPUBLIC OF),0.0006,2026-05-22,2026-05-25
JHEM,601166,INDUSTRIAL BANK CO LTD A HONG KONG,0.0004,2026-05-22,2026-05-25
JHEM,*,WALMART DE MEXICO SAB DE CV MEXICO,0.0018,2026-05-22,2026-05-25
JHEM,6886,HUATAI SECURITIES CO LTD H HONG KONG,0.0005,2026-05-22,2026-05-25
JHEM,BRPT,BARITO PACIFIC TBK PT INDONESIA,0.0002,2026-05-22,2026-05-25
JHEM,SAIL,STEEL AUTHORITY OF INDIA INDIA,0.0004,2026-05-22,2026-05-25
JHEM,GAMUDA,GAMUDA BHD MALAYSIA,0.0004,2026-05-22,2026-05-25
JHEM,A011200,HMM CO LTD KOREA (THE REPUBLIC OF),0.0004,2026-05-22,2026-05-25
JHEM,HUVR,HINDUSTAN UNILEVER LTD INDIA,0.002,2026-05-22,2026-05-25
JHEM,2408,NANYA TECHNOLOGY CORP TAIWAN (PROVINCE OF CHINA),0.002,2026-05-22,2026-05-25
JHEM,CPN,CENTRAL PATTANA PCL NVDR THAILAND,0.0004,2026-05-22,2026-05-25
JHEM,2404,UNITED INTEGRATED SERVICES TAIWAN (PROVINCE OF CHINA),0.0002,2026-05-22,2026-05-25
JHEM,BOMH,BANK OF MAHARASHTRA INDIA,0.0002,2026-05-22,2026-05-25
JHEM,WEGE3,WEG SA BRAZIL,0.0014,2026-05-22,2026-05-25
JHEM,8069,E INK HOLDINGS INC TAIWAN (PROVINCE OF CHINA),0.0006,2026-05-22,2026-05-25
JHEM,SI,SUPREME INDUSTRIES LTD INDIA,0.0003,2026-05-22,2026-05-25
JHEM,PWGR,POWER GRID CORP OF INDIA LTD INDIA,0.0024,2026-05-22,2026-05-25
JHEM,PRIO3,PRIO SA BRAZIL,0.0012,2026-05-22,2026-05-25
JHEM,ZYDUSLIF,ZYDUS LIFESCIENCES LTD INDIA,0.0006,2026-05-22,2026-05-25
JHEM,600489,ZHONGJIN GOLD CORP A HONG KONG,0.0001,2026-05-22,2026-05-25
JHEM,600096,YUNNAN YUNTIANHUA CO A HONG KONG,0.0001,2026-05-22,2026-05-25
JHEM,600183,SHENGYI TECHNOLOGY CO LTD A HONG KONG,0.0002,2026-05-22,2026-05-25
JHEM,A047050,POSCO INTERNATIONAL CORP KOREA (THE REPUBLIC OF),0.0002,2026-05-22,2026-05-25
JHEM,BBL,BANGKOK BANK PUBLIC CO NVDR THAILAND,0.0003,2026-05-22,2026-05-25
JHEM,3037,UNIMICRON TECHNOLOGY CORP TAIWAN (PROVINCE OF CHINA),0.0064,2026-05-22,2026-05-25
JHEM,2890,SINOPAC FINANCIAL HOLDINGS TAIWAN (PROVINCE OF CHINA),0.0021,2026-05-22,2026-05-25
JHEM,A035420,NAVER CORP KOREA (THE REPUBLIC OF),0.002,2026-05-22,2026-05-25
JHEM,SUNP,SUN PHARMACEUTICAL INDUS INDIA,0.0013,2026-05-22,2026-05-25
JHEM,3808,SINOTRUK HONG KONG LTD HONG KONG,0.0003,2026-05-22,2026-05-25
JHEM,2280,ALMARAI CO SAUDI ARABIA,0.0007,2026-05-22,2026-05-25
JHEM,CPALL,CP ALL PCL NVDR THAILAND,0.0004,2026-05-22,2026-05-25
JHEM,1211,SAUDI ARABIAN MINING CO SAUDI ARABIA,0.0013,2026-05-22,2026-05-25
JHEM,A105560,KB FINANCIAL GROUP INC KOREA (THE REPUBLIC OF),0.0042,2026-05-22,2026-05-25
JHEM,MAXIS,MAXIS BHD MALAYSIA,0.0002,2026-05-22,2026-05-25
JHEM,600426,SHANDONG HUALU HENGSHENG A HONG KONG,0.0001,2026-05-22,2026-05-25
JHEM,3958,ORIENT SECURITIES CO LTD H HONG KONG,0.0001,2026-05-22,2026-05-25
JHEM,EGIE3,ENGIE BRASIL ENERGIA SA BRAZIL,0.0004,2026-05-22,2026-05-25
JHEM,002241,GOERTEK INC A HONG KONG,0.0001,2026-05-22,2026-05-25
JHEM,000425,XCMG CONSTRUCTION MACHIN A HONG KONG,0.0001,2026-05-22,2026-05-25
JHEM,002128,INNER MONGOLIA DIAN TOU EN A HONG KONG,0.0001,2026-05-22,2026-05-25
JHEM,BMRI,BANK MANDIRI PERSERO TBK PT INDONESIA,0.0012,2026-05-22,2026-05-25
JHEM,UTCEM,ULTRATECH CEMENT LTD INDIA,0.0008,2026-05-22,2026-05-25
JHEM,BBCA,BANK CENTRAL ASIA TBK PT INDONESIA,0.0015,2026-05-22,2026-05-25
JHEM,TTB,TMBTHANACHART BANK PCL NVDR THAILAND,0.0002,2026-05-22,2026-05-25
JHEM,YKBNK,YAPI VE KREDI BANKASI TURKEY,0.0003,2026-05-22,2026-05-25
JHEM,SM,SM INVESTMENTS CORP PHILIPPINES (THE),0.0003,2026-05-22,2026-05-25
JHEM,IVL,INDORAMA VENTURES PCL NVDR THAILAND,0.0002,2026-05-22,2026-05-25
JHEM,BDO,BDO UNIBANK INC PHILIPPINES (THE),0.0006,2026-05-22,2026-05-25
JHEM,5880,TAIWAN COOPERATIVE FINANCIAL TAIWAN (PROVINCE OF CHINA),0.0009,2026-05-22,2026-05-25
JHEM,1336,NEW CHINA LIFE INSURANCE C H HONG KONG,0.0012,2026-05-22,2026-05-25
JHEM,IHH,IHH HEALTHCARE BHD MALAYSIA,0.0004,2026-05-22,2026-05-25
JHEM,2196,SHANGHAI FOSUN PHARMACEUTI H HONG KONG,0.0001,2026-05-22,2026-05-25
JHEM,APNT,ASIAN PAINTS LTD INDIA,0.0014,2026-05-22,2026-05-25
JHEM,002156,TONGFU MICROELECTRONIC CO A HONG KONG,0.0001,2026-05-22,2026-05-25
JHEM,000725,BOE TECHNOLOGY GROUP CO LT A HONG KONG,0.0003,2026-05-22,2026-05-25
JHEM,002001,ZHEJIANG NHU CO LTD A HONG KONG,0.0001,2026-05-22,2026-05-25
JHEM,002230,IFLYTEK CO LTD A HONG KONG,0.0001,2026-05-22,2026-05-25
JHEM,002714,MUYUAN FOODS CO LTD A HONG KONG,0.0004,2026-05-22,2026-05-25
JHEM,002371,NAURA TECHNOLOGY GROUP CO A HONG KONG,0.0004,2026-05-22,2026-05-25
JHEM,GAIL,GAIL INDIA LTD INDIA,0.0007,2026-05-22,2026-05-25
JHEM,A010120,LS ELECTRIC CO LTD KOREA (THE REPUBLIC OF),0.0016,2026-05-22,2026-05-25
JHEM,CDB,CELCOMDIGI BHD MALAYSIA,0.0003,2026-05-22,2026-05-25
JHEM,EIM,EICHER MOTORS LTD INDIA,0.001,2026-05-22,2026-05-25
JHEM,6690,HAIER SMART HOME CO LTD H HONG KONG,0.0012,2026-05-22,2026-05-25
JHEM,002532,TIANSHAN ALUMINUM GROUP CO A HONG KONG,0.0001,2026-05-22,2026-05-25
JHEM,2618,JD LOGISTICS INC HONG KONG,0.0004,2026-05-22,2026-05-25
JHEM,A259960,KRAFTON INC KOREA (THE REPUBLIC OF),0.0006,2026-05-22,2026-05-25
JHEM,144,CHINA MERCHANTS PORT HOLDING HONG KONG,0.0002,2026-05-22,2026-05-25
JHEM,1109,CHINA RESOURCES LAND LTD HONG KONG,0.0021,2026-05-22,2026-05-25
JHEM,RELIANCE,RELIANCE INDUSTRIES LIMITED INDIA,0.008,2026-05-22,2026-05-25
JHEM,BOI,BANK OF INDIA INDIA,0.0001,2026-05-22,2026-05-25
JHEM,MM,MAHINDRA + MAHINDRA LTD INDIA,0.0028,2026-05-22,2026-05-25
JHEM,HPCL,HINDUSTAN PETROLEUM CORP INDIA,0.0008,2026-05-22,2026-05-25
JHEM,VEDL,VEDANTA LTD INDIA,0.0007,2026-05-22,2026-05-25
JHEM,A323410,KAKAOBANK CORP KOREA (THE REPUBLIC OF),0.0003,2026-05-22,2026-05-25
JHEM,9868,XPENG INC CLASS A SHARES HONG KONG,0.001,2026-05-22,2026-05-25
JHEM,1111,SAUDI TADAWUL GROUP HOLDING SAUDI ARABIA,0.0001,2026-05-22,2026-05-25
JHEM,4164,NAHDI MEDICAL CO SAUDI ARABIA,0.0001,2026-05-22,2026-05-25
JHEM,SCB,SCB X PCL NVDR THAILAND,0.0004,2026-05-22,2026-05-25
JHEM,1880,CHINA TOURISM GROUP DUTY F H HONG KONG,0.0001,2026-05-22,2026-05-25
JHEM,360ONE,360 ONE WAM LTD INDIA,0.0002,2026-05-22,2026-05-25
JHEM,RHBBANK,RHB BANK BHD MALAYSIA,0.0004,2026-05-22,2026-05-25
JHEM,A006800,MIRAE ASSET SECURITIES CO LT KOREA (THE REPUBLIC OF),0.0009,2026-05-22,2026-05-25
JHEM,2603,EVERGREEN MARINE CORP LTD TAIWAN (PROVINCE OF CHINA),0.001,2026-05-22,2026-05-25
JHEM,A000720,HYUNDAI ENGINEERING + CONST KOREA (THE REPUBLIC OF),0.0013,2026-05-22,2026-05-25
JHEM,KLK,KUALA LUMPUR KEPONG BHD MALAYSIA,0.0003,2026-05-22,2026-05-25
JHEM,PETDAG,PETRONAS DAGANGAN BHD MALAYSIA,0.0003,2026-05-22,2026-05-25
JHEM,ASURB,GRUPO AEROPORT DEL SURESTE B MEXICO,0.0007,2026-05-22,2026-05-25
JHEM,688521,VERISILICON MICROELECTRONI A HONG KONG,0.0001,2026-05-22,2026-05-25
JHEM,JIOFIN,JIO FINANCIAL SERVICES LTD INDIA,0.0008,2026-05-22,2026-05-25
JHEM,4263,SAL SAUDI LOGISTICS SERVICES SAUDI ARABIA,0.0001,2026-05-22,2026-05-25
JHEM,9660,HORIZON ROBOTICS INC HONG KONG,0.0004,2026-05-22,2026-05-25
JHEM,SHFL,SHRIRAM FINANCE LTD INDIA,0.0014,2026-05-22,2026-05-25
JHEM,6160,BEONE MEDICINES LTD H HONG KONG,0.0015,2026-05-22,2026-05-25
JHEM,0126Z0,SAMSUNG EPISHOLDINGS CO LTD KOREA (THE REPUBLIC OF),0.0002,2026-05-22,2026-05-25
JHEM,KKC,CUMMINS INDIA LTD INDIA,0.0008,2026-05-22,2026-05-25
JHEM,EBP,ERSTE BANK POLSKA SA POLAND,0.0007,2026-05-22,2026-05-25
JHEM,A010950,S OIL CORP KOREA (THE REPUBLIC OF),0.0004,2026-05-22,2026-05-25
JHEM,KBANK-R,KASIKORNBANK PCL NVDR THAILAND,0.0004,2026-05-22,2026-05-25
JHEM,MBT,METROPOLITAN BANK + TRUST PHILIPPINES (THE),0.0003,2026-05-22,2026-05-25
JHEM,3008,LARGAN PRECISION CO LTD TAIWAN (PROVINCE OF CHINA),0.0014,2026-05-22,2026-05-25
JHEM,PTT,PTT PCL NVDR THAILAND,0.0011,2026-05-22,2026-05-25
JHEM,AXIA3,AXIA ENERGIA SA BRAZIL,0.0011,2026-05-22,2026-05-25
JHEM,MCX,MULTI COMMODITY EXCH INDIA INDIA,0.0004,2026-05-22,2026-05-25
JHEM,MSIL,MARUTI SUZUKI INDIA LTD INDIA,0.0014,2026-05-22,2026-05-25
JHEM,6505,FORMOSA PETROCHEMICAL CORP TAIWAN (PROVINCE OF CHINA),0.0003,2026-05-22,2026-05-25
JHEM,ITUB4,ITAU UNIBANCO HOLDING S PREF BRAZIL,0.0028,2026-05-22,2026-05-25
JHEM,NTPC,NTPC LTD INDIA,0.0021,2026-05-22,2026-05-25
JHEM,TUPRS,TUPRAS TURKIYE PETROL RAFINE TURKEY,0.0004,2026-05-22,2026-05-25
JHEM,THYAO,TURK HAVA YOLLARI AO TURKEY,0.0004,2026-05-22,2026-05-25
JHEM,LPP,LPP SA POLAND,0.0009,2026-05-22,2026-05-25
JHEM,AC,AYALA CORPORATION PHILIPPINES (THE),0.0002,2026-05-22,2026-05-25
JHEM,LIIL,LINDE INDIA LTD INDIA,0.0002,2026-05-22,2026-05-25
JHEM,939,CHINA CONSTRUCTION BANK H HONG KONG,0.0089,2026-05-22,2026-05-25
JHEM,PIDI,PIDILITE INDUSTRIES LTD INDIA,0.0006,2026-05-22,2026-05-25
JHEM,B,GRUPO AEROPORT DEL PACIFIC B MEXICO,0.0012,2026-05-22,2026-05-25
JHEM,1208,MMG LTD HONG KONG,0.0005,2026-05-22,2026-05-25
JHEM,GVTD,GE VERNOVA T+D INDIA LTD INDIA,0.0006,2026-05-22,2026-05-25
JHEM,BBNI,BANK NEGARA INDONESIA PERSER INDONESIA,0.0005,2026-05-22,2026-05-25
JHEM,BH,BUMRUNGRAD HOSPITAL PCL NVDR THAILAND,0.0004,2026-05-22,2026-05-25
JHEM,INL,INVESTEC LTD SOUTH AFRICA,0.0002,2026-05-22,2026-05-25
JHEM,MOTHERSO,SAMVARDHANA MOTHERSON INTERN INDIA,0.0013,2026-05-22,2026-05-25
JHEM,1888,KINGBOARD LAMINATES HLDG LTD HONG KONG,0.0002,2026-05-22,2026-05-25
JHEM,SRF,SRF LTD INDIA,0.0004,2026-05-22,2026-05-25
JHEM,BDMS,BANGKOK DUSIT MED SERVI NVDR THAILAND,0.0003,2026-05-22,2026-05-25
JHEM,CMIG4,CIA ENERGETICA MINAS GER PRF BRAZIL,0.0008,2026-05-22,2026-05-25
JHEM,2020,ANTA SPORTS PRODUCTS LTD HONG KONG,0.002,2026-05-22,2026-05-25
JHEM,2290,YANBU NATIONAL PETROCHEMICAL SAUDI ARABIA,0.0003,2026-05-22,2026-05-25
JHEM,MINT,MINOR INTERNATIONAL PCL NVDR THAILAND,0.0003,2026-05-22,2026-05-25
JHEM,8010,CO FOR COOPERATIVE INSURANCE SAUDI ARABIA,0.0003,2026-05-22,2026-05-25
JHEM,EQTL3,EQUATORIAL SA ORD BRAZIL,0.0009,2026-05-22,2026-05-25
JHEM,VOD,VODACOM GROUP LTD SOUTH AFRICA,0.0008,2026-05-22,2026-05-25
JHEM,1099,SINOPHARM GROUP CO H HONG KONG,0.0003,2026-05-22,2026-05-25
JHEM,OINL,OIL INDIA LTD INDIA,0.0004,2026-05-22,2026-05-25
JHEM,4002,MOUWASAT MEDICAL SERVICES CO SAUDI ARABIA,0.0002,2026-05-22,2026-05-25
JHEM,2099,CHINA GOLD INTERNATIONAL RES HONG KONG,0.0004,2026-05-22,2026-05-25
JHEM,1378,CHINA HONGQIAO GROUP LTD HONG KONG,0.0023,2026-05-22,2026-05-25
JHEM,A138040,MERITZ FINANCIAL GROUP INC KOREA (THE REPUBLIC OF),0.0007,2026-05-22,2026-05-25
JHEM,2039,CHINA INTERNATIONAL MARINE H HONG KONG,0.0001,2026-05-22,2026-05-25
JHEM,A180640,HANJIN KAL CORP KOREA (THE REPUBLIC OF),0.0001,2026-05-22,2026-05-25
JHEM,A064350,HYUNDAI ROTEM COMPANY KOREA (THE REPUBLIC OF),0.0009,2026-05-22,2026-05-25
JHEM,HCP,HINDUSTAN COPPER LTD INDIA,0.0002,2026-05-22,2026-05-25
JHEM,HAVL,HAVELLS INDIA LTD INDIA,0.0005,2026-05-22,2026-05-25
JHEM,ASTRA,ASTRAL LTD INDIA,0.0002,2026-05-22,2026-05-25
JHEM,SBIN,STATE BANK OF INDIA INDIA,0.0019,2026-05-22,2026-05-25
JHEM,600406,NARI TECHNOLOGY CO LTD A HONG KONG,0.0002,2026-05-22,2026-05-25
JHEM,600010,INNER MONGOLIA BAOTOU STE A HONG KONG,0.0001,2026-05-22,2026-05-25
JHEM,601169,BANK OF BEIJING CO LTD A HONG KONG,0.0001,2026-05-22,2026-05-25
JHEM,600089,TBEA CO LTD A HONG KONG,0.0001,2026-05-22,2026-05-25
JHEM,601877,ZHEJIANG CHINT ELECTRICS A HONG KONG,0.0001,2026-05-22,2026-05-25
JHEM,INDIGO,INTERGLOBE AVIATION LTD INDIA,0.0006,2026-05-22,2026-05-25
JHEM,600176,CHINA JUSHI CO LTD A HONG KONG,0.0001,2026-05-22,2026-05-25
JHEM,ALKEM,ALKEM LABORATORIES LTD INDIA,0.0002,2026-05-22,2026-05-25
JHEM,600487,HENGTONG OPTIC ELECTRIC CO A HONG KONG,0.0001,2026-05-22,2026-05-25
JHEM,ENELCHILE,ENEL CHILE SA CHILE,0.0004,2026-05-22,2026-05-25
JHEM,600795,GD POWER DEVELOPMENT CO A HONG KONG,0.0002,2026-05-22,2026-05-25
JHEM,600809,SHANXI XINGHUACUN FEN WINE A HONG KONG,0.0002,2026-05-22,2026-05-25
JHEM,600160,ZHEJIANG JUHUA CO A HONG KONG,0.0001,2026-05-22,2026-05-25
JHEM,BID,BID CORP LTD SOUTH AFRICA,0.001,2026-05-22,2026-05-25
JHEM,LLOYDSME,LLOYDS METALS + ENERGY LTD INDIA,0.0002,2026-05-22,2026-05-25
JHEM,UNOMINDA,UNO MINDA LTD INDIA,0.0002,2026-05-22,2026-05-25
JHEM,IPRU,ICICI PRUDENTIAL LIFE INSURA INDIA,0.0001,2026-05-22,2026-05-25
JHEM,A207940,SAMSUNG BIOLOGICS CO LTD KOREA (THE REPUBLIC OF),0.0007,2026-05-22,2026-05-25
JHEM,000538,YUNNAN BAIYAO GROUP CO LTD A HONG KONG,0.0001,2026-05-22,2026-05-25
JHEM,300124,SHENZHEN INOVANCE TECHNOLO A HONG KONG,0.0002,2026-05-22,2026-05-25
JHEM,000426,INNER MONGOLIA XINGYE SILV A HONG KONG,0.0001,2026-05-22,2026-05-25
JHEM,002475,LUXSHARE PRECISION INDUSTR A HONG KONG,0.0003,2026-05-22,2026-05-25
JHEM,300014,EVE ENERGY CO LTD A HONG KONG,0.0001,2026-05-22,2026-05-25
JHEM,601127,SERES GROUP CO L A HONG KONG,0.0001,2026-05-22,2026-05-25
JHEM,300476,VICTORY GIANT TECHNOLOGY A HONG KONG,0.0003,2026-05-22,2026-05-25
JHEM,002384,SUZHOU DONGSHAN PRECISION A HONG KONG,0.0002,2026-05-22,2026-05-25
JHEM,BHE,BHARAT ELECTRONICS LTD INDIA,0.0016,2026-05-22,2026-05-25
JHEM,600926,BANK OF HANGZHOU CO LTD A HONG KONG,0.0001,2026-05-22,2026-05-25
JHEM,NAM,NIPPON LIFE INDIA ASSET MANA INDIA,0.0002,2026-05-22,2026-05-25
JHEM,600346,HENGLI PETROCHEMICAL CO L A HONG KONG,0.0002,2026-05-22,2026-05-25
JHEM,HDFCAMC,HDFC ASSET MANAGEMENT CO LTD INDIA,0.0006,2026-05-22,2026-05-25
JHEM,300750,CONTEMPORARY AMPEREX TECHN A HONG KONG,0.0014,2026-05-22,2026-05-25
JHEM,POLYCAB,POLYCAB INDIA LTD INDIA,0.0005,2026-05-22,2026-05-25
JHEM,A307950,HYUNDAI AUTOEVER CORP KOREA (THE REPUBLIC OF),0.0003,2026-05-22,2026-05-25
JHEM,UBL,COCA COLA FEMSA SAB DE CV MEXICO,0.0006,2026-05-22,2026-05-25
JHEM,HDFCB,HDFC BANK LIMITED INDIA,0.0066,2026-05-22,2026-05-25
JHEM,9926,AKESO INC HONG KONG,0.0006,2026-05-22,2026-05-25
JHEM,TRP,TORRENT PHARMACEUTICALS LTD INDIA,0.0006,2026-05-22,2026-05-25
JHEM,SIEM,SIEMENS LTD INDIA,0.0002,2026-05-22,2026-05-25
JHEM,UBBL,UNITED BREWERIES LTD INDIA,0.0001,2026-05-22,2026-05-25
JHEM,IMP,IMPALA PLATINUM HOLDINGS LTD SOUTH AFRICA,0.0021,2026-05-22,2026-05-25
JHEM,MAXF,MAX FINANCIAL SERVICES LTD INDIA,0.0002,2026-05-22,2026-05-25
JHEM,FORH,FORTIS HEALTHCARE LTD INDIA,0.0003,2026-05-22,2026-05-25
JHEM,IOICORP,IOI CORP BHD MALAYSIA,0.0003,2026-05-22,2026-05-25
JHEM,2382,SUNNY OPTICAL TECH HONG KONG,0.001,2026-05-22,2026-05-25
JHEM,A096770,SK INNOVATION CO LTD KOREA (THE REPUBLIC OF),0.0006,2026-05-22,2026-05-25
JHEM,BJAUT,BAJAJ AUTO LTD INDIA,0.0008,2026-05-22,2026-05-25
JHEM,ADRO,ALAMTRI RESOURCES INDONESIA INDONESIA,0.0002,2026-05-22,2026-05-25
JHEM,MOFS,MOTILAL OSWAL FINANCIAL SERV INDIA,0.0001,2026-05-22,2026-05-25
JHEM,2601,CHINA PACIFIC INSURANCE GR H HONG KONG,0.0021,2026-05-22,2026-05-25
JHEM,OBEROIRLTY,OBEROI REALTY LTD INDIA,0.0002,2026-05-22,2026-05-25
JHEM,1590,AIRTAC INTERNATIONAL GROUP TAIWAN (PROVINCE OF CHINA),0.0007,2026-05-22,2026-05-25
JHEM,A047810,KOREA AEROSPACE INDUSTRIES KOREA (THE REPUBLIC OF),0.0007,2026-05-22,2026-05-25
JHEM,VIPS,VIPSHOP HOLDINGS LTD ADR UNITED STATES OF AMERICA (THE),0.0003,2026-05-22,2026-05-25
JHEM,LTF,L+T FINANCE LTD INDIA,0.0002,2026-05-22,2026-05-25
JHEM,ALR,ALIOR BANK SA POLAND,0.0003,2026-05-22,2026-05-25
JHEM,INDUSTOW,INDUS TOWERS LTD INDIA,0.0012,2026-05-22,2026-05-25
JHEM,600519,KWEICHOW MOUTAI CO LTD A HONG KONG,0.0012,2026-05-22,2026-05-25
JHEM,A028260,SAMSUNG C+T CORP KOREA (THE REPUBLIC OF),0.003,2026-05-22,2026-05-25
JHEM,600887,INNER MONGOLIA YILI INDUS A HONG KONG,0.0002,2026-05-22,2026-05-25
JHEM,600000,SHANGHAI PUDONG DEVEL BANK A HONG KONG,0.0003,2026-05-22,2026-05-25
JHEM,BOB,BANK OF BARODA INDIA,0.0003,2026-05-22,2026-05-25
JHEM,GPSC,GLOBAL POWER SYNERGY NVDR THAILAND,0.0001,2026-05-22,2026-05-25
JHEM,6669,WIWYNN CORP TAIWAN (PROVINCE OF CHINA),0.0038,2026-05-22,2026-05-25
JHEM,1772,GANFENG LITHIUM GROUP CO L H HONG KONG,0.0005,2026-05-22,2026-05-25
JHEM,PATANJAL,PATANJALI FOODS LTD INDIA,0.0001,2026-05-22,2026-05-25
JHEM,4013,DR SULAIMAN AL HABIB MEDICAL SAUDI ARABIA,0.0006,2026-05-22,2026-05-25
JHEM,601168,WESTERN MINING CO A HONG KONG,0.0001,2026-05-22,2026-05-25
JHEM,601689,NINGBO TUOPU GROUP CO LTD A HONG KONG,0.0001,2026-05-22,2026-05-25
JHEM,002709,GUANGZHOU TINCI MATERIALS A HONG KONG,0.0001,2026-05-22,2026-05-25
JHEM,000651,GREE ELECTRIC APPLIANCES I A HONG KONG,0.0004,2026-05-22,2026-05-25
JHEM,000858,WULIANGYE YIBIN CO LTD A HONG KONG,0.0004,2026-05-22,2026-05-25
JHEM,A352820,HYBE CO LTD KOREA (THE REPUBLIC OF),0.0002,2026-05-22,2026-05-25
JHEM,9698,GDS HOLDINGS LTD CL A HONG KONG,0.0005,2026-05-22,2026-05-25
JHEM,1209,CHINA RESOURCES MIXC LIFESTY HONG KONG,0.0004,2026-05-22,2026-05-25
JHEM,PAYTM,ONE 97 COMMUNICATIONS LTD INDIA,0.0004,2026-05-22,2026-05-25
JHEM,TATA,TATA STEEL LTD INDIA,0.0021,2026-05-22,2026-05-25
JHEM,000895,HENAN SHUANGHUI INVESTMENT A HONG KONG,0.0001,2026-05-22,2026-05-25
JHEM,002736,GUOSEN SECURITIES CO LTD A HONG KONG,0.0001,2026-05-22,2026-05-25
JHEM,000100,TCL TECHNOLOGY GROUP CORP A HONG KONG,0.0001,2026-05-22,2026-05-25
JHEM,000630,TONGLING NONFERROUS METALS A HONG KONG,0.0001,2026-05-22,2026-05-25
JHEM,002080,SINOMA SCIENCE+TECHNOLOGY A HONG KONG,0.0001,2026-05-22,2026-05-25
JHEM,TRUE,TRUE CORP PCL/NEW NVDR THAILAND,0.0005,2026-05-22,2026-05-25
JHEM,6919,CALIWAY BIOPHARMACEUTICALS C TAIWAN (PROVINCE OF CHINA),0.0002,2026-05-22,2026-05-25
JHEM,1519,J+T GLOBAL EXPRESS LTD HONG KONG,0.0004,2026-05-22,2026-05-25
JHEM,NEST,NESTLE INDIA LTD INDIA,0.0012,2026-05-22,2026-05-25
JHEM,WPRO,WIPRO LTD INDIA,0.0007,2026-05-22,2026-05-25
JHEM,ANTM,ANEKA TAMBANG TBK INDONESIA,0.0002,2026-05-22,2026-05-25
JHEM,MRF,MRF LTD INDIA,0.0004,2026-05-22,2026-05-25
JHEM,MIL,BANK MILLENNIUM SA POLAND,0.0002,2026-05-22,2026-05-25
JHEM,177,JIANGSU EXPRESS CO LTD H HONG KONG,0.0001,2026-05-22,2026-05-25
JHEM,1055,CHINA SOUTHERN AIRLINES CO H HONG KONG,0.0002,2026-05-22,2026-05-25
JHEM,FALABELLA,FALABELLA SA CHILE,0.0004,2026-05-22,2026-05-25
JHEM,AMBANK,AMMB HOLDINGS BHD MALAYSIA,0.0005,2026-05-22,2026-05-25
JHEM,2357,ASUSTEK COMPUTER INC TAIWAN (PROVINCE OF CHINA),0.0023,2026-05-22,2026-05-25
JHEM,2801,CHANG HWA COMMERCIAL BANK TAIWAN (PROVINCE OF CHINA),0.0008,2026-05-22,2026-05-25
JHEM,A012330,HYUNDAI MOBIS CO LTD KOREA (THE REPUBLIC OF),0.0033,2026-05-22,2026-05-25
JHEM,NESTLE,NESTLE (MALAYSIA) BERHAD MALAYSIA,0.0002,2026-05-22,2026-05-25
JHEM,000938,UNISPLENDOUR CORP LTD A HONG KONG,0.0001,2026-05-22,2026-05-25
JHEM,002463,WUS PRINTED CIRCUIT KUNSHA A HONG KONG,0.0002,2026-05-22,2026-05-25
JHEM,002600,LINGYI ITECH GUANGDONG CO A HONG KONG,0.0001,2026-05-22,2026-05-25
JHEM,A267250,HD HYUNDAI KOREA (THE REPUBLIC OF),0.0015,2026-05-22,2026-05-25
JHEM,BPAC11,BANCO BTG PACTUAL SA UNIT BRAZIL,0.0008,2026-05-22,2026-05-25
JHEM,168,TSINGTAO BREWERY CO LTD H HONG KONG,0.0004,2026-05-22,2026-05-25
JHEM,291,CHINA RESOURCES BEER HOLDING HONG KONG,0.0009,2026-05-22,2026-05-25
JHEM,2327,YAGEO CORPORATION TAIWAN (PROVINCE OF CHINA),0.0051,2026-05-22,2026-05-25
JHEM,BCI,BANCO DE CREDITO E INVERSION CHILE,0.0006,2026-05-22,2026-05-25
JHEM,PETR3,PETROBRAS PETROLEO BRAS BRAZIL,0.0053,2026-05-22,2026-05-25
JHEM,CPIN,CHAROEN POKPHAND INDONESI PT INDONESIA,0.0002,2026-05-22,2026-05-25
JHEM,HMCL,HERO MOTOCORP LTD INDIA,0.0012,2026-05-22,2026-05-25
JHEM,A278470,APR CORP/KOREA KOREA (THE REPUBLIC OF),0.0001,2026-05-22,2026-05-25
JHEM,GULF-R,GULF DEVELOPMENT PCL NVDR THAILAND,0.001,2026-05-22,2026-05-25
JHEM,COFORGE,COFORGE LIMITED INDIA,0.0004,2026-05-22,2026-05-25
JHEM,JFC,JOLLIBEE FOODS CORP PHILIPPINES (THE),0.0001,2026-05-22,2026-05-25
JHEM,A055550,SHINHAN FINANCIAL GROUP LTD KOREA (THE REPUBLIC OF),0.0033,2026-05-22,2026-05-25
JHEM,CPI,CAPITEC BANK HOLDINGS LTD SOUTH AFRICA,0.0028,2026-05-22,2026-05-25
JHEM,2449,KING YUAN ELECTRONICS CO LTD TAIWAN (PROVINCE OF CHINA),0.0012,2026-05-22,2026-05-25
JHEM,A005830,DB INSURANCE CO LTD KOREA (THE REPUBLIC OF),0.0008,2026-05-22,2026-05-25
JHEM,KTB,KRUNG THAI BANK NVDR THAILAND,0.0004,2026-05-22,2026-05-25
JHEM,4904,FAR EASTONE TELECOMM CO LTD TAIWAN (PROVINCE OF CHINA),0.0007,2026-05-22,2026-05-25
JHEM,BBAS3,BANCO DO BRASIL S.A. BRAZIL,0.0008,2026-05-22,2026-05-25
JHEM,ISAT,INDOSAT TBK PT INDONESIA,0.0001,2026-05-22,2026-05-25
JHEM,BBDC3,BANCO BRADESCO S.A. BRAZIL,0.0005,2026-05-22,2026-05-25
JHEM,PBBANK,PUBLIC BANK BERHAD MALAYSIA,0.0014,2026-05-22,2026-05-25
JHEM,CPFE3,CPFL ENERGIA SA BRAZIL,0.0003,2026-05-22,2026-05-25
JHEM,EREGL,EREGLI DEMIR VE CELIK FABRIK TURKEY,0.0002,2026-05-22,2026-05-25
JHEM,1919,COSCO SHIPPING HOLDINGS CO H HONG KONG,0.0007,2026-05-22,2026-05-25
JHMM,BMRN,BIOMARIN PHARMACEUTICAL INC UNITED STATES OF AMERICA (THE),0.0015,2026-05-22,2026-05-25
JHMM,NTRS,NORTHERN TRUST CORP UNITED STATES OF AMERICA (THE),0.0028,2026-05-22,2026-05-25
JHMM,PKG,PACKAGING CORP OF AMERICA UNITED STATES OF AMERICA (THE),0.0018,2026-05-22,2026-05-25
JHMM,FITB,FIFTH THIRD BANCORP UNITED STATES OF AMERICA (THE),0.0041,2026-05-22,2026-05-25
JHMM,CMC,COMMERCIAL METALS CO UNITED STATES OF AMERICA (THE),0.0013,2026-05-22,2026-05-25
JHMM,GGG,GRACO INC UNITED STATES OF AMERICA (THE),0.0017,2026-05-22,2026-05-25
JHMM,EG,EVEREST GROUP LTD UNITED STATES OF AMERICA (THE),0.0019,2026-05-22,2026-05-25
JHMM,MAA,MID AMERICA APARTMENT COMM UNITED STATES OF AMERICA (THE),0.0012,2026-05-22,2026-05-25
JHMM,SUI,SUN COMMUNITIES INC UNITED STATES OF AMERICA (THE),0.0014,2026-05-22,2026-05-25
JHMM,LEN,LENNAR CORP W/D UNITED STATES OF AMERICA (THE),0.0012,2026-05-22,2026-05-25
JHMM,PPL,PPL CORP UNITED STATES OF AMERICA (THE),0.002,2026-05-22,2026-05-25
JHMM,MIDD,MIDDLEBY CORP UNITED STATES OF AMERICA (THE),0.0011,2026-05-22,2026-05-25
JHMM,NBIX,NEUROCRINE BIOSCIENCES INC UNITED STATES OF AMERICA (THE),0.0021,2026-05-22,2026-05-25
JHMM,ACGL,ARCH CAPITAL GROUP LTD UNITED STATES OF AMERICA (THE),0.0028,2026-05-22,2026-05-25
JHMM,WWD,WOODWARD INC UNITED STATES OF AMERICA (THE),0.0023,2026-05-22,2026-05-25
JHMM,BRO,BROWN + BROWN INC UNITED STATES OF AMERICA (THE),0.0011,2026-05-22,2026-05-25
JHMM,CTSH,COGNIZANT TECH SOLUTIONS A UNITED STATES OF AMERICA (THE),0.0022,2026-05-22,2026-05-25
JHMM,JLL,JONES LANG LASALLE INC UNITED STATES OF AMERICA (THE),0.0028,2026-05-22,2026-05-25
JHMM,PEGA,PEGASYSTEMS INC UNITED STATES OF AMERICA (THE),0.0005,2026-05-22,2026-05-25
JHMM,RRX,REGAL REXNORD CORP UNITED STATES OF AMERICA (THE),0.0016,2026-05-22,2026-05-25
JHMM,VMI,VALMONT INDUSTRIES UNITED STATES OF AMERICA (THE),0.0011,2026-05-22,2026-05-25
JHMM,ZBRA,ZEBRA TECHNOLOGIES CORP CL A UNITED STATES OF AMERICA (THE),0.0021,2026-05-22,2026-05-25
JHMM,ARE,ALEXANDRIA REAL ESTATE EQUIT UNITED STATES OF AMERICA (THE),0.0004,2026-05-22,2026-05-25
JHMM,CGNX,COGNEX CORP UNITED STATES OF AMERICA (THE),0.0015,2026-05-22,2026-05-25
JHMM,DCI,DONALDSON CO INC UNITED STATES OF AMERICA (THE),0.0015,2026-05-22,2026-05-25
JHMM,DY,DYCOM INDUSTRIES INC UNITED STATES OF AMERICA (THE),0.0015,2026-05-22,2026-05-25
JHMM,FDS,FACTSET RESEARCH SYSTEMS INC UNITED STATES OF AMERICA (THE),0.001,2026-05-22,2026-05-25
JHMM,BEN,FRANKLIN RESOURCES INC UNITED STATES OF AMERICA (THE),0.0012,2026-05-22,2026-05-25
JHMM,AVB,AVALONBAY COMMUNITIES INC UNITED STATES OF AMERICA (THE),0.0014,2026-05-22,2026-05-25
JHMM,JBL,JABIL INC UNITED STATES OF AMERICA (THE),0.0041,2026-05-22,2026-05-25
JHMM,HRL,HORMEL FOODS CORP UNITED STATES OF AMERICA (THE),0.0008,2026-05-22,2026-05-25
JHMM,PFG,PRINCIPAL FINANCIAL GROUP UNITED STATES OF AMERICA (THE),0.002,2026-05-22,2026-05-25
JHMM,MOH,MOLINA HEALTHCARE INC UNITED STATES OF AMERICA (THE),0.0012,2026-05-22,2026-05-25
JHMM,AXS,AXIS CAPITAL HOLDINGS LTD UNITED STATES OF AMERICA (THE),0.0013,2026-05-22,2026-05-25
JHMM,FHN,FIRST HORIZON CORP UNITED STATES OF AMERICA (THE),0.0015,2026-05-22,2026-05-25
JHMM,WLK,WESTLAKE CORP UNITED STATES OF AMERICA (THE),0.0004,2026-05-22,2026-05-25
JHMM,MORN,MORNINGSTAR INC UNITED STATES OF AMERICA (THE),0.0006,2026-05-22,2026-05-25
JHMM,AVAV,AEROVIRONMENT INC UNITED STATES OF AMERICA (THE),0.0006,2026-05-22,2026-05-25
JHMM,AWK,AMERICAN WATER WORKS CO INC UNITED STATES OF AMERICA (THE),0.0016,2026-05-22,2026-05-25
JHMM,JBTM,JBT MAREL CORP UNITED STATES OF AMERICA (THE),0.0008,2026-05-22,2026-05-25
JHMM,H,HYATT HOTELS CORP CL A UNITED STATES OF AMERICA (THE),0.0008,2026-05-22,2026-05-25
JHMM,FAF,FIRST AMERICAN FINANCIAL UNITED STATES OF AMERICA (THE),0.0011,2026-05-22,2026-05-25
JHMM,XPO,XPO INC UNITED STATES OF AMERICA (THE),0.0026,2026-05-22,2026-05-25
JHMM,REXR,REXFORD INDUSTRIAL REALTY IN UNITED STATES OF AMERICA (THE),0.0008,2026-05-22,2026-05-25
JHMM,GLPI,GAMING AND LEISURE PROPERTIE UNITED STATES OF AMERICA (THE),0.0012,2026-05-22,2026-05-25
JHMM,BRX,BRIXMOR PROPERTY GROUP INC UNITED STATES OF AMERICA (THE),0.0009,2026-05-22,2026-05-25
JHMM,NTRA,NATERA INC UNITED STATES OF AMERICA (THE),0.0015,2026-05-22,2026-05-25
JHMM,HLI,HOULIHAN LOKEY INC UNITED STATES OF AMERICA (THE),0.001,2026-05-22,2026-05-25
JHMM,HPE,HEWLETT PACKARD ENTERPRISE UNITED STATES OF AMERICA (THE),0.0048,2026-05-22,2026-05-25
JHMM,USFD,US FOODS HOLDING CORP UNITED STATES OF AMERICA (THE),0.0022,2026-05-22,2026-05-25
JHMM,MDGL,MADRIGAL PHARMACEUTICALS INC UNITED STATES OF AMERICA (THE),0.0006,2026-05-22,2026-05-25
JHMM,KNSL,KINSALE CAPITAL GROUP INC UNITED STATES OF AMERICA (THE),0.0008,2026-05-22,2026-05-25
JHMM,VICI,VICI PROPERTIES INC UNITED STATES OF AMERICA (THE),0.0016,2026-05-22,2026-05-25
JHMM,PINS,PINTEREST INC CLASS A UNITED STATES OF AMERICA (THE),0.0007,2026-05-22,2026-05-25
JHMM,ZM,ZOOM COMMUNICATIONS INC UNITED STATES OF AMERICA (THE),0.0024,2026-05-22,2026-05-25
JHMM,DT,DYNATRACE INC UNITED STATES OF AMERICA (THE),0.0012,2026-05-22,2026-05-25
JHMM,KYMR,KYMERA THERAPEUTICS INC UNITED STATES OF AMERICA (THE),0.0003,2026-05-22,2026-05-25
JHMM,ALGM,ALLEGRO MICROSYSTEMS INC UNITED STATES OF AMERICA (THE),0.0003,2026-05-22,2026-05-25
JHMM,ASTS,AST SPACEMOBILE INC UNITED STATES OF AMERICA (THE),0.0009,2026-05-22,2026-05-25
JHMM,PCOR,PROCORE TECHNOLOGIES INC UNITED STATES OF AMERICA (THE),0.0005,2026-05-22,2026-05-25
JHMM,DTM,DT MIDSTREAM INC UNITED STATES OF AMERICA (THE),0.0014,2026-05-22,2026-05-25
JHMM,TOST,TOAST INC CLASS A UNITED STATES OF AMERICA (THE),0.0006,2026-05-22,2026-05-25
JHMM,PL,PLANET LABS PBC UNITED STATES OF AMERICA (THE),0.0006,2026-05-22,2026-05-25
JHMM,ESAB,ESAB CORP UNITED STATES OF AMERICA (THE),0.0008,2026-05-22,2026-05-25
JHMM,DKNG,DRAFTKINGS INC CL A UNITED STATES OF AMERICA (THE),0.0005,2026-05-22,2026-05-25
JHMM,J,JACOBS SOLUTIONS INC UNITED STATES OF AMERICA (THE),0.0014,2026-05-22,2026-05-25
JHMM,SN,SHARKNINJA INC UNITED STATES OF AMERICA (THE),0.0008,2026-05-22,2026-05-25
JHMM,PRAX,PRAXIS PRECISION MEDICINES I UNITED STATES OF AMERICA (THE),0.0005,2026-05-22,2026-05-25
JHMM,ULS,UL SOLUTIONS INC CLASS A UNITED STATES OF AMERICA (THE),0.0007,2026-05-22,2026-05-25
JHMM,VIK,VIKING HOLDINGS LTD UNITED STATES OF AMERICA (THE),0.0011,2026-05-22,2026-05-25
JHMM,TEM,TEMPUS AI INC CL A UNITED STATES OF AMERICA (THE),0.0003,2026-05-22,2026-05-25
JHMM,LINE,LINEAGE INC UNITED STATES OF AMERICA (THE),0.0001,2026-05-22,2026-05-25
JHMM,CHYM,CHIME FINANCIAL INC CL A UNITED STATES OF AMERICA (THE),0.0003,2026-05-22,2026-05-25
JHMM,CRCL,CIRCLE INTERNET GROUP INC UNITED STATES OF AMERICA (THE),0.0014,2026-05-22,2026-05-25
JHMM,Q,QNITY ELECTRONICS INC UNITED STATES OF AMERICA (THE),0.0023,2026-05-22,2026-05-25
JHMM,APG,API GROUP CORP UNITED STATES OF AMERICA (THE),0.0017,2026-05-22,2026-05-25
JHMM,SNEX,STONEX GROUP INC UNITED STATES OF AMERICA (THE),0.0007,2026-05-22,2026-05-25
JHMM,U,UNITY SOFTWARE INC UNITED STATES OF AMERICA (THE),0.0009,2026-05-22,2026-05-25
JHMM,SMMT,SUMMIT THERAPEUTICS INC UNITED STATES OF AMERICA (THE),0.0001,2026-05-22,2026-05-25
JHMM,MP,MP MATERIALS CORP UNITED STATES OF AMERICA (THE),0.0006,2026-05-22,2026-05-25
JHMM,AFRM,AFFIRM HOLDINGS INC UNITED STATES OF AMERICA (THE),0.0012,2026-05-22,2026-05-25
JHMM,IONQ,IONQ INC UNITED STATES OF AMERICA (THE),0.0016,2026-05-22,2026-05-25
JHMM,GFS,GLOBALFOUNDRIES INC UNITED STATES OF AMERICA (THE),0.0009,2026-05-22,2026-05-25
JHMM,WULF,TERAWULF INC UNITED STATES OF AMERICA (THE),0.0004,2026-05-22,2026-05-25
JHMM,TPG,TPG INC UNITED STATES OF AMERICA (THE),0.0004,2026-05-22,2026-05-25
JHMM,HR,HEALTHCARE REALTY TRUST INC UNITED STATES OF AMERICA (THE),0.0007,2026-05-22,2026-05-25
JHMM,2223637D,CONTRA ABIOMED INC UNITED STATES OF AMERICA (THE),0.0001,2026-05-22,2026-05-25
JHMM,AHR,AMERICAN HEALTHCARE REIT INC UNITED STATES OF AMERICA (THE),0.0008,2026-05-22,2026-05-25
JHMM,LOAR,LOAR HOLDINGS INC UNITED STATES OF AMERICA (THE),0.0002,2026-05-22,2026-05-25
JHMM,AMTM,AMENTUM HOLDINGS INC UNITED STATES OF AMERICA (THE),0.0004,2026-05-22,2026-05-25
JHMM,FIG,FIGMA INC CL A UNITED STATES OF AMERICA (THE),0.0003,2026-05-22,2026-05-25
JHMM,SSB,SOUTHSTATE BANK CORP UNITED STATES OF AMERICA (THE),0.0008,2026-05-22,2026-05-25
JHMM,AMCR,AMCOR PLC UNITED STATES OF AMERICA (THE),0.0021,2026-05-22,2026-05-25
JHMM,VGNT,VERSIGENT PLC UNITED STATES OF AMERICA (THE),0.0003,2026-05-22,2026-05-25
JHMM,PB,PROSPERITY BANCSHARES INC UNITED STATES OF AMERICA (THE),0.0008,2026-05-22,2026-05-25
JHMM,ENTG,ENTEGRIS INC UNITED STATES OF AMERICA (THE),0.0025,2026-05-22,2026-05-25
JHMM,ALV,AUTOLIV INC UNITED STATES OF AMERICA (THE),0.0017,2026-05-22,2026-05-25
JHMM,IT,GARTNER INC UNITED STATES OF AMERICA (THE),0.001,2026-05-22,2026-05-25
JHMM,HBAN,HUNTINGTON BANCSHARES INC UNITED STATES OF AMERICA (THE),0.0029,2026-05-22,2026-05-25
JHMM,MTB,M + T BANK CORP UNITED STATES OF AMERICA (THE),0.0032,2026-05-22,2026-05-25
JHMM,MHK,MOHAWK INDUSTRIES INC UNITED STATES OF AMERICA (THE),0.0007,2026-05-22,2026-05-25
JHMM,AFG,AMERICAN FINANCIAL GROUP INC UNITED STATES OF AMERICA (THE),0.0016,2026-05-22,2026-05-25
JHMM,EIX,EDISON INTERNATIONAL UNITED STATES OF AMERICA (THE),0.0036,2026-05-22,2026-05-25
JHMM,NI,NISOURCE INC UNITED STATES OF AMERICA (THE),0.0023,2026-05-22,2026-05-25
JHMM,PNW,PINNACLE WEST CAPITAL UNITED STATES OF AMERICA (THE),0.0022,2026-05-22,2026-05-25
JHMM,AOS,SMITH (A.O.) CORP UNITED STATES OF AMERICA (THE),0.001,2026-05-22,2026-05-25
JHMM,RVTY,REVVITY INC UNITED STATES OF AMERICA (THE),0.0016,2026-05-22,2026-05-25
JHMM,AN,AUTONATION INC UNITED STATES OF AMERICA (THE),0.0015,2026-05-22,2026-05-25
JHMM,PCG,P G + E CORP UNITED STATES OF AMERICA (THE),0.0017,2026-05-22,2026-05-25
JHMM,SCI,SERVICE CORP INTERNATIONAL UNITED STATES OF AMERICA (THE),0.0023,2026-05-22,2026-05-25
JHMM,EME,EMCOR GROUP INC UNITED STATES OF AMERICA (THE),0.004,2026-05-22,2026-05-25
JHMM,RGEN,REPLIGEN CORP UNITED STATES OF AMERICA (THE),0.0007,2026-05-22,2026-05-25
JHMM,AAON,AAON INC UNITED STATES OF AMERICA (THE),0.0009,2026-05-22,2026-05-25
JHMM,CACI,CACI INTERNATIONAL INC CL A UNITED STATES OF AMERICA (THE),0.0017,2026-05-22,2026-05-25
JHMM,HEI.A,HEICO CORP CLASS A UNITED STATES OF AMERICA (THE),0.001,2026-05-22,2026-05-25
JHMM,JKHY,JACK HENRY + ASSOCIATES INC UNITED STATES OF AMERICA (THE),0.0013,2026-05-22,2026-05-25
JHMM,ROL,ROLLINS INC UNITED STATES OF AMERICA (THE),0.001,2026-05-22,2026-05-25
JHMM,TER,TERADYNE INC UNITED STATES OF AMERICA (THE),0.0049,2026-05-22,2026-05-25
JHMM,TTEK,TETRA TECH INC UNITED STATES OF AMERICA (THE),0.0009,2026-05-22,2026-05-25
JHMM,WAB,WABTEC CORP UNITED STATES OF AMERICA (THE),0.0039,2026-05-22,2026-05-25
JHMM,ESS,ESSEX PROPERTY TRUST INC UNITED STATES OF AMERICA (THE),0.0014,2026-05-22,2026-05-25
JHMM,EGP,EASTGROUP PROPERTIES INC UNITED STATES OF AMERICA (THE),0.001,2026-05-22,2026-05-25
JHMM,OHI,OMEGA HEALTHCARE INVESTORS UNITED STATES OF AMERICA (THE),0.0013,2026-05-22,2026-05-25
JHMM,SLAB,SILICON LABORATORIES INC UNITED STATES OF AMERICA (THE),0.0005,2026-05-22,2026-05-25
JHMM,WBS,WEBSTER FINANCIAL CORP UNITED STATES OF AMERICA (THE),0.0017,2026-05-22,2026-05-25
JHMM,OMC,OMNICOM GROUP UNITED STATES OF AMERICA (THE),0.0033,2026-05-22,2026-05-25
JHMM,EQR,EQUITY RESIDENTIAL UNITED STATES OF AMERICA (THE),0.0013,2026-05-22,2026-05-25
JHMM,AVY,AVERY DENNISON CORP UNITED STATES OF AMERICA (THE),0.0015,2026-05-22,2026-05-25
JHMM,LUV,SOUTHWEST AIRLINES CO UNITED STATES OF AMERICA (THE),0.0005,2026-05-22,2026-05-25
JHMM,VMC,VULCAN MATERIALS CO UNITED STATES OF AMERICA (THE),0.0021,2026-05-22,2026-05-25
JHMM,EAT,BRINKER INTERNATIONAL INC UNITED STATES OF AMERICA (THE),0.0007,2026-05-22,2026-05-25
JHMM,HIG,HARTFORD INSURANCE GROUP INC UNITED STATES OF AMERICA (THE),0.0044,2026-05-22,2026-05-25
JHMM,CPB,THE CAMPBELL S COMPANY UNITED STATES OF AMERICA (THE),0.0006,2026-05-22,2026-05-25
JHMM,VFC,VF CORP UNITED STATES OF AMERICA (THE),0.0007,2026-05-22,2026-05-25
JHMM,MLM,MARTIN MARIETTA MATERIALS UNITED STATES OF AMERICA (THE),0.0024,2026-05-22,2026-05-25
JHMM,NDAQ,NASDAQ INC UNITED STATES OF AMERICA (THE),0.003,2026-05-22,2026-05-25
JHMM,LNG,CHENIERE ENERGY INC UNITED STATES OF AMERICA (THE),0.0036,2026-05-22,2026-05-25
JHMM,AIZ,ASSURANT INC UNITED STATES OF AMERICA (THE),0.002,2026-05-22,2026-05-25
JHMM,ELS,EQUITY LIFESTYLE PROPERTIES UNITED STATES OF AMERICA (THE),0.0011,2026-05-22,2026-05-25
JHMM,GME,GAMESTOP CORP CLASS A UNITED STATES OF AMERICA (THE),0.0011,2026-05-22,2026-05-25
JHMM,NNN,NNN REIT INC UNITED STATES OF AMERICA (THE),0.0008,2026-05-22,2026-05-25
JHMM,UDR,UDR INC UNITED STATES OF AMERICA (THE),0.0011,2026-05-22,2026-05-25
JHMM,MASI,MASIMO CORP UNITED STATES OF AMERICA (THE),0.001,2026-05-22,2026-05-25
JHMM,SWK,STANLEY BLACK + DECKER INC UNITED STATES OF AMERICA (THE),0.0015,2026-05-22,2026-05-25
JHMM,INSM,INSMED INC UNITED STATES OF AMERICA (THE),0.001,2026-05-22,2026-05-25
JHMM,UAL,UNITED AIRLINES HOLDINGS INC UNITED STATES OF AMERICA (THE),0.0014,2026-05-22,2026-05-25
JHMM,FBIN,FORTUNE BRANDS INNOVATIONS I UNITED STATES OF AMERICA (THE),0.0008,2026-05-22,2026-05-25
JHMM,EXPE,EXPEDIA GROUP INC UNITED STATES OF AMERICA (THE),0.0021,2026-05-22,2026-05-25
JHMM,RHP,RYMAN HOSPITALITY PROPERTIES UNITED STATES OF AMERICA (THE),0.0006,2026-05-22,2026-05-25
JHMM,PTC,PTC INC UNITED STATES OF AMERICA (THE),0.0018,2026-05-22,2026-05-25
JHMM,TMHC,TAYLOR MORRISON HOME CORP UNITED STATES OF AMERICA (THE),0.0008,2026-05-22,2026-05-25
JHMM,NWS,NEWS CORP CLASS B UNITED STATES OF AMERICA (THE),0.0006,2026-05-22,2026-05-25
JHMM,CDW,CDW CORP/DE UNITED STATES OF AMERICA (THE),0.0014,2026-05-22,2026-05-25
JHMM,SFM,SPROUTS FARMERS MARKET INC UNITED STATES OF AMERICA (THE),0.001,2026-05-22,2026-05-25
JHMM,AR,ANTERO RESOURCES CORP UNITED STATES OF AMERICA (THE),0.0014,2026-05-22,2026-05-25
JHMM,KEYS,KEYSIGHT TECHNOLOGIES IN UNITED STATES OF AMERICA (THE),0.0058,2026-05-22,2026-05-25
JHMM,W,WAYFAIR INC CLASS A UNITED STATES OF AMERICA (THE),0.0004,2026-05-22,2026-05-25
JHMM,LITE,LUMENTUM HOLDINGS INC UNITED STATES OF AMERICA (THE),0.0048,2026-05-22,2026-05-25
JHMM,VIAV,VIAVI SOLUTIONS INC UNITED STATES OF AMERICA (THE),0.0008,2026-05-22,2026-05-25
JHMM,HPQ,HP INC UNITED STATES OF AMERICA (THE),0.0011,2026-05-22,2026-05-25
JHMM,ACI,ALBERTSONS COS INC CLASS A UNITED STATES OF AMERICA (THE),0.0009,2026-05-22,2026-05-25
JHMM,SITE,SITEONE LANDSCAPE SUPPLY INC UNITED STATES OF AMERICA (THE),0.0006,2026-05-22,2026-05-25
JHMM,INVH,INVITATION HOMES INC UNITED STATES OF AMERICA (THE),0.0009,2026-05-22,2026-05-25
JHMM,OKTA,OKTA INC UNITED STATES OF AMERICA (THE),0.0016,2026-05-22,2026-05-25
JHMM,ADT,ADT INC UNITED STATES OF AMERICA (THE),0.0008,2026-05-22,2026-05-25
JHMM,NVT,NVENT ELECTRIC PLC UNITED STATES OF AMERICA (THE),0.0028,2026-05-22,2026-05-25
JHMM,BJ,BJ S WHOLESALE CLUB HOLDINGS UNITED STATES OF AMERICA (THE),0.0018,2026-05-22,2026-05-25
JHMM,CWEN,CLEARWAY ENERGY INC C UNITED STATES OF AMERICA (THE),0.0002,2026-05-22,2026-05-25
JHMM,PSN,PARSONS CORP UNITED STATES OF AMERICA (THE),0.0003,2026-05-22,2026-05-25
JHMM,MPWR,MONOLITHIC POWER SYSTEMS INC UNITED STATES OF AMERICA (THE),0.0062,2026-05-22,2026-05-25
JHMM,CF,CF INDUSTRIES HOLDINGS INC UNITED STATES OF AMERICA (THE),0.0031,2026-05-22,2026-05-25
JHMM,WAL,WESTERN ALLIANCE BANCORP UNITED STATES OF AMERICA (THE),0.0013,2026-05-22,2026-05-25
JHMM,DAL,DELTA AIR LINES INC UNITED STATES OF AMERICA (THE),0.0014,2026-05-22,2026-05-25
JHMM,IDCC,INTERDIGITAL INC UNITED STATES OF AMERICA (THE),0.001,2026-05-22,2026-05-25
JHMM,SATS,ECHOSTAR CORP A UNITED STATES OF AMERICA (THE),0.0014,2026-05-22,2026-05-25
JHMM,ULTA,ULTA BEAUTY INC UNITED STATES OF AMERICA (THE),0.0025,2026-05-22,2026-05-25
JHMM,FANG,DIAMONDBACK ENERGY INC UNITED STATES OF AMERICA (THE),0.0033,2026-05-22,2026-05-25
JHMM,ICLR,ICON PLC UNITED STATES OF AMERICA (THE),0.0004,2026-05-22,2026-05-25
JHMM,CYTK,CYTOKINETICS INC UNITED STATES OF AMERICA (THE),0.0008,2026-05-22,2026-05-25
JHMM,AMH,AMERICAN HOMES 4 RENT A UNITED STATES OF AMERICA (THE),0.0009,2026-05-22,2026-05-25
JHMM,MUSA,MURPHY USA INC UNITED STATES OF AMERICA (THE),0.0013,2026-05-22,2026-05-25
JHMM,ALLE,ALLEGION PLC UNITED STATES OF AMERICA (THE),0.0016,2026-05-22,2026-05-25
JHMM,ARMK,ARAMARK UNITED STATES OF AMERICA (THE),0.0021,2026-05-22,2026-05-25
JHMM,PAYC,PAYCOM SOFTWARE INC UNITED STATES OF AMERICA (THE),0.0011,2026-05-22,2026-05-25
JHMM,AXTA,AXALTA COATING SYSTEMS LTD UNITED STATES OF AMERICA (THE),0.0011,2026-05-22,2026-05-25
JHMM,WING,WINGSTOP INC UNITED STATES OF AMERICA (THE),0.0004,2026-05-22,2026-05-25
JHMM,VIRT,VIRTU FINANCIAL INC CLASS A UNITED STATES OF AMERICA (THE),0.0005,2026-05-22,2026-05-25
JHMM,BWXT,BWX TECHNOLOGIES INC UNITED STATES OF AMERICA (THE),0.0019,2026-05-22,2026-05-25
JHMM,PJT,PJT PARTNERS INC A UNITED STATES OF AMERICA (THE),0.0004,2026-05-22,2026-05-25
JHMM,P,EVERPURE INC A UNITED STATES OF AMERICA (THE),0.0019,2026-05-22,2026-05-25
JHMM,HUBB,HUBBELL INC UNITED STATES OF AMERICA (THE),0.0028,2026-05-22,2026-05-25
JHMM,ARWR,ARROWHEAD PHARMACEUTICALS IN UNITED STATES OF AMERICA (THE),0.0009,2026-05-22,2026-05-25
JHMM,TWLO,TWILIO INC A UNITED STATES OF AMERICA (THE),0.0028,2026-05-22,2026-05-25
JHMM,FTI,TECHNIPFMC PLC UNITED STATES OF AMERICA (THE),0.0032,2026-05-22,2026-05-25
JHMM,AM,ANTERO MIDSTREAM CORP UNITED STATES OF AMERICA (THE),0.0008,2026-05-22,2026-05-25
JHMM,FOXA,FOX CORP CLASS A UNITED STATES OF AMERICA (THE),0.0017,2026-05-22,2026-05-25
JHMM,STE,STERIS PLC UNITED STATES OF AMERICA (THE),0.002,2026-05-22,2026-05-25
JHMM,WFRD,WEATHERFORD INTERNATIONAL PL UNITED STATES OF AMERICA (THE),0.0007,2026-05-22,2026-05-25
JHMM,EQH,EQUITABLE HOLDINGS INC UNITED STATES OF AMERICA (THE),0.0014,2026-05-22,2026-05-25
JHMM,WTRG,ESSENTIAL UTILITIES INC UNITED STATES OF AMERICA (THE),0.0013,2026-05-22,2026-05-25
JHMM,BSY,BENTLEY SYSTEMS INC CLASS B UNITED STATES OF AMERICA (THE),0.0006,2026-05-22,2026-05-25
JHMM,NOV,NOV INC UNITED STATES OF AMERICA (THE),0.0007,2026-05-22,2026-05-25
JHMM,VAL,VALARIS LTD UNITED STATES OF AMERICA (THE),0.0004,2026-05-22,2026-05-25
JHMM,CNM,CORE + MAIN INC CLASS A UNITED STATES OF AMERICA (THE),0.0013,2026-05-22,2026-05-25
JHMM,DINO,HF SINCLAIR CORP UNITED STATES OF AMERICA (THE),0.0014,2026-05-22,2026-05-25
JHMM,APLD,APPLIED DIGITAL CORP UNITED STATES OF AMERICA (THE),0.0008,2026-05-22,2026-05-25
JHMM,SPXC,SPX TECHNOLOGIES INC UNITED STATES OF AMERICA (THE),0.0012,2026-05-22,2026-05-25
JHMM,COO,COOPER COS INC/THE UNITED STATES OF AMERICA (THE),0.0016,2026-05-22,2026-05-25
JHMM,SOLV,SOLVENTUM CORP UNITED STATES OF AMERICA (THE),0.0019,2026-05-22,2026-05-25
JHMM,CPAY,CORPAY INC UNITED STATES OF AMERICA (THE),0.0022,2026-05-22,2026-05-25
JHMM,SW,SMURFIT WESTROCK PLC UNITED STATES OF AMERICA (THE),0.002,2026-05-22,2026-05-25
JHMM,SARO,STANDARDAERO INC UNITED STATES OF AMERICA (THE),0.0005,2026-05-22,2026-05-25
JHMM,VG,VENTURE GLOBAL INC CL A UNITED STATES OF AMERICA (THE),0.0001,2026-05-22,2026-05-25
JHMM,PSKY,PARAMOUNT SKYDANCE CL B UNITED STATES OF AMERICA (THE),0.0012,2026-05-22,2026-05-25
JHMM,CCL,CARNIVAL CORP LTD UNITED STATES OF AMERICA (THE),0.0016,2026-05-22,2026-05-25
JHMM,SMTC,SEMTECH CORP UNITED STATES OF AMERICA (THE),0.0008,2026-05-22,2026-05-25
JHMM,TEX,TEREX CORP UNITED STATES OF AMERICA (THE),0.0006,2026-05-22,2026-05-25
JHMM,MTD,METTLER TOLEDO INTERNATIONAL UNITED STATES OF AMERICA (THE),0.0019,2026-05-22,2026-05-25
JHMM,GAP,GAP INC/THE UNITED STATES OF AMERICA (THE),0.001,2026-05-22,2026-05-25
JHMM,SNA,SNAP ON INC UNITED STATES OF AMERICA (THE),0.0022,2026-05-22,2026-05-25
JHMM,FSS,FEDERAL SIGNAL CORP UNITED STATES OF AMERICA (THE),0.0008,2026-05-22,2026-05-25
JHMM,ZION,ZIONS BANCORP NA UNITED STATES OF AMERICA (THE),0.0016,2026-05-22,2026-05-25
JHMM,GIS,GENERAL MILLS INC UNITED STATES OF AMERICA (THE),0.0006,2026-05-22,2026-05-25
JHMM,BXP,BXP INC UNITED STATES OF AMERICA (THE),0.0009,2026-05-22,2026-05-25
JHMM,HST,HOST HOTELS + RESORTS INC UNITED STATES OF AMERICA (THE),0.0014,2026-05-22,2026-05-25
JHMM,HAL,HALLIBURTON CO UNITED STATES OF AMERICA (THE),0.0026,2026-05-22,2026-05-25
JHMM,VRSN,VERISIGN INC UNITED STATES OF AMERICA (THE),0.0021,2026-05-22,2026-05-25
JHMM,MKC,MCCORMICK + CO NON VTG SHRS UNITED STATES OF AMERICA (THE),0.0008,2026-05-22,2026-05-25
JHMM,CSL,CARLISLE COS INC UNITED STATES OF AMERICA (THE),0.002,2026-05-22,2026-05-25
JHMM,ENSG,ENSIGN GROUP INC/THE UNITED STATES OF AMERICA (THE),0.0014,2026-05-22,2026-05-25
JHMM,NTAP,NETAPP INC UNITED STATES OF AMERICA (THE),0.0027,2026-05-22,2026-05-25
JHMM,RIG,TRANSOCEAN LTD UNITED STATES OF AMERICA (THE),0.0006,2026-05-22,2026-05-25
JHMM,EQT,EQT CORP UNITED STATES OF AMERICA (THE),0.0024,2026-05-22,2026-05-25
JHMM,CELH,CELSIUS HOLDINGS INC UNITED STATES OF AMERICA (THE),0.0004,2026-05-22,2026-05-25
JHMM,GWRE,GUIDEWIRE SOFTWARE INC UNITED STATES OF AMERICA (THE),0.0007,2026-05-22,2026-05-25
JHMM,INGR,INGREDION INC UNITED STATES OF AMERICA (THE),0.0011,2026-05-22,2026-05-25
JHMM,ILMN,ILLUMINA INC UNITED STATES OF AMERICA (THE),0.0013,2026-05-22,2026-05-25
JHMM,TROW,T ROWE PRICE GROUP INC UNITED STATES OF AMERICA (THE),0.002,2026-05-22,2026-05-25
JHMM,WYNN,WYNN RESORTS LTD UNITED STATES OF AMERICA (THE),0.0009,2026-05-22,2026-05-25
JHMM,CCK,CROWN HOLDINGS INC UNITED STATES OF AMERICA (THE),0.0017,2026-05-22,2026-05-25
JHMM,LKQ,LKQ CORP UNITED STATES OF AMERICA (THE),0.001,2026-05-22,2026-05-25
JHMM,BIIB,BIOGEN INC UNITED STATES OF AMERICA (THE),0.0018,2026-05-22,2026-05-25
JHMM,EXP,EAGLE MATERIALS INC UNITED STATES OF AMERICA (THE),0.0008,2026-05-22,2026-05-25
JHMM,KMX,CARMAX INC UNITED STATES OF AMERICA (THE),0.0008,2026-05-22,2026-05-25
JHMM,DKS,DICK S SPORTING GOODS INC UNITED STATES OF AMERICA (THE),0.0017,2026-05-22,2026-05-25
JHMM,SNX,TD SYNNEX CORP UNITED STATES OF AMERICA (THE),0.0021,2026-05-22,2026-05-25
JHMM,MKTX,MARKETAXESS HOLDINGS INC UNITED STATES OF AMERICA (THE),0.0006,2026-05-22,2026-05-25
JHMM,DXCM,DEXCOM INC UNITED STATES OF AMERICA (THE),0.0023,2026-05-22,2026-05-25
JHMM,OC,OWENS CORNING UNITED STATES OF AMERICA (THE),0.0021,2026-05-22,2026-05-25
JHMM,IBKR,INTERACTIVE BROKERS GRO CL A UNITED STATES OF AMERICA (THE),0.0031,2026-05-22,2026-05-25
JHMM,ACM,AECOM UNITED STATES OF AMERICA (THE),0.0013,2026-05-22,2026-05-25
JHMM,DLTR,DOLLAR TREE INC UNITED STATES OF AMERICA (THE),0.002,2026-05-22,2026-05-25
JHMM,KTOS,KRATOS DEFENSE + SECURITY UNITED STATES OF AMERICA (THE),0.0008,2026-05-22,2026-05-25
JHMM,DG,DOLLAR GENERAL CORP UNITED STATES OF AMERICA (THE),0.0018,2026-05-22,2026-05-25
JHMM,CBOE,CBOE GLOBAL MARKETS INC UNITED STATES OF AMERICA (THE),0.0028,2026-05-22,2026-05-25
JHMM,BAH,BOOZ ALLEN HAMILTON HOLDINGS UNITED STATES OF AMERICA (THE),0.0011,2026-05-22,2026-05-25
JHMM,EPAM,EPAM SYSTEMS INC UNITED STATES OF AMERICA (THE),0.0009,2026-05-22,2026-05-25
JHMM,MTDR,MATADOR RESOURCES CO UNITED STATES OF AMERICA (THE),0.0012,2026-05-22,2026-05-25
JHMM,GMED,GLOBUS MEDICAL INC A UNITED STATES OF AMERICA (THE),0.0015,2026-05-22,2026-05-25
JHMM,LPLA,LPL FINANCIAL HOLDINGS INC UNITED STATES OF AMERICA (THE),0.0022,2026-05-22,2026-05-25
JHMM,THC,TENET HEALTHCARE CORP UNITED STATES OF AMERICA (THE),0.0024,2026-05-22,2026-05-25
JHMM,SANM,SANMINA CORP UNITED STATES OF AMERICA (THE),0.0022,2026-05-22,2026-05-25
JHMM,NWSA,NEWS CORP CLASS A UNITED STATES OF AMERICA (THE),0.0017,2026-05-22,2026-05-25
JHMM,VEEV,VEEVA SYSTEMS INC CLASS A UNITED STATES OF AMERICA (THE),0.0006,2026-05-22,2026-05-25
JHMM,AAL,AMERICAN AIRLINES GROUP INC UNITED STATES OF AMERICA (THE),0.0002,2026-05-22,2026-05-25
JHMM,ALLY,ALLY FINANCIAL INC UNITED STATES OF AMERICA (THE),0.0025,2026-05-22,2026-05-25
JHMM,HUBS,HUBSPOT INC UNITED STATES OF AMERICA (THE),0.0006,2026-05-22,2026-05-25
JHMM,TECH,BIO TECHNE CORP UNITED STATES OF AMERICA (THE),0.0009,2026-05-22,2026-05-25
JHMM,LAMR,LAMAR ADVERTISING CO A UNITED STATES OF AMERICA (THE),0.0013,2026-05-22,2026-05-25
JHMM,MSGS,MADISON SQUARE GARDEN SPORTS UNITED STATES OF AMERICA (THE),0.0004,2026-05-22,2026-05-25
JHMM,XYZ,BLOCK INC UNITED STATES OF AMERICA (THE),0.0006,2026-05-22,2026-05-25
JHMM,CART,MAPLEBEAR INC UNITED STATES OF AMERICA (THE),0.0009,2026-05-22,2026-05-25
JHMM,BTSG,BRIGHTSPRING HEALTH SERVICES UNITED STATES OF AMERICA (THE),0.0007,2026-05-22,2026-05-25
JHMM,LH,LABCORP HOLDINGS INC UNITED STATES OF AMERICA (THE),0.0028,2026-05-22,2026-05-25
JHMM,SOLS,SOLSTICE ADV MATERIALS INC UNITED STATES OF AMERICA (THE),0.0012,2026-05-22,2026-05-25
JHMM,OMF,ONEMAIN HOLDINGS INC UNITED STATES OF AMERICA (THE),0.0011,2026-05-22,2026-05-25
JHMM,WTW,WILLIS TOWERS WATSON PLC UNITED STATES OF AMERICA (THE),0.0023,2026-05-22,2026-05-25
JHMM,IESC,IES HOLDINGS INC UNITED STATES OF AMERICA (THE),0.0006,2026-05-22,2026-05-25
JHMM,MEDP,MEDPACE HOLDINGS INC UNITED STATES OF AMERICA (THE),0.0013,2026-05-22,2026-05-25
JHMM,JHG,JANUS HENDERSON GROUP PLC UNITED STATES OF AMERICA (THE),0.0006,2026-05-22,2026-05-25
JHMM,MDB,MONGODB INC UNITED STATES OF AMERICA (THE),0.0012,2026-05-22,2026-05-25
JHMM,TPR,TAPESTRY INC UNITED STATES OF AMERICA (THE),0.003,2026-05-22,2026-05-25
JHMM,DOCU,DOCUSIGN INC UNITED STATES OF AMERICA (THE),0.0012,2026-05-22,2026-05-25
JHMM,WH,WYNDHAM HOTELS + RESORTS INC UNITED STATES OF AMERICA (THE),0.001,2026-05-22,2026-05-25
JHMM,JEF,JEFFERIES FINANCIAL GROUP IN UNITED STATES OF AMERICA (THE),0.0013,2026-05-22,2026-05-25
JHMM,TW,TRADEWEB MARKETS INC CLASS A UNITED STATES OF AMERICA (THE),0.0007,2026-05-22,2026-05-25
JHMM,LEVI,LEVI STRAUSS + CO CLASS A UNITED STATES OF AMERICA (THE),0.0004,2026-05-22,2026-05-25
JHMM,AVTR,AVANTOR INC UNITED STATES OF AMERICA (THE),0.0005,2026-05-22,2026-05-25
JHMM,DD,DUPONT DE NEMOURS INC UNITED STATES OF AMERICA (THE),0.0013,2026-05-22,2026-05-25
JHMM,VLY,VALLEY NATIONAL BANCORP UNITED STATES OF AMERICA (THE),0.0006,2026-05-22,2026-05-25
JHMM,WTFC,WINTRUST FINANCIAL CORP UNITED STATES OF AMERICA (THE),0.0015,2026-05-22,2026-05-25
JHMM,WCC,WESCO INTERNATIONAL INC UNITED STATES OF AMERICA (THE),0.0032,2026-05-22,2026-05-25
JHMM,AGCO,AGCO CORP UNITED STATES OF AMERICA (THE),0.0014,2026-05-22,2026-05-25
JHMM,OTIS,OTIS WORLDWIDE CORP UNITED STATES OF AMERICA (THE),0.0012,2026-05-22,2026-05-25
JHMM,APA,APA CORP UNITED STATES OF AMERICA (THE),0.0023,2026-05-22,2026-05-25
JHMM,NUVL,NUVALENT INC A UNITED STATES OF AMERICA (THE),0.0003,2026-05-22,2026-05-25
JHMM,PR,PERMIAN RESOURCES CORP CL A UNITED STATES OF AMERICA (THE),0.0025,2026-05-22,2026-05-25
JHMM,NE,NOBLE CORP PLC UNITED STATES OF AMERICA (THE),0.0005,2026-05-22,2026-05-25
JHMM,VLTO,VERALTO CORP UNITED STATES OF AMERICA (THE),0.0016,2026-05-22,2026-05-25
JHMM,CAVA,CAVA GROUP INC UNITED STATES OF AMERICA (THE),0.0006,2026-05-22,2026-05-25
JHMM,ADM,ARCHER DANIELS MIDLAND CO UNITED STATES OF AMERICA (THE),0.0026,2026-05-22,2026-05-25
JHMM,CINF,CINCINNATI FINANCIAL CORP UNITED STATES OF AMERICA (THE),0.0021,2026-05-22,2026-05-25
JHMM,FE,FIRSTENERGY CORP UNITED STATES OF AMERICA (THE),0.0025,2026-05-22,2026-05-25
JHMM,IDA,IDACORP INC UNITED STATES OF AMERICA (THE),0.0008,2026-05-22,2026-05-25
JHMM,ORI,OLD REPUBLIC INTL CORP UNITED STATES OF AMERICA (THE),0.0016,2026-05-22,2026-05-25
JHMM,DECK,DECKERS OUTDOOR CORP UNITED STATES OF AMERICA (THE),0.0019,2026-05-22,2026-05-25
JHMM,TOL,TOLL BROTHERS INC UNITED STATES OF AMERICA (THE),0.0024,2026-05-22,2026-05-25
JHMM,HSIC,HENRY SCHEIN INC UNITED STATES OF AMERICA (THE),0.0015,2026-05-22,2026-05-25
JHMM,TYL,TYLER TECHNOLOGIES INC UNITED STATES OF AMERICA (THE),0.0012,2026-05-22,2026-05-25
JHMM,COKE,COCA COLA CONSOLIDATED INC UNITED STATES OF AMERICA (THE),0.0012,2026-05-22,2026-05-25
JHMM,FLS,FLOWSERVE CORP UNITED STATES OF AMERICA (THE),0.0011,2026-05-22,2026-05-25
JHMM,UGI,UGI CORP UNITED STATES OF AMERICA (THE),0.0013,2026-05-22,2026-05-25
JHMM,CFR,CULLEN/FROST BANKERS INC UNITED STATES OF AMERICA (THE),0.0011,2026-05-22,2026-05-25
JHMM,MTZ,MASTEC INC UNITED STATES OF AMERICA (THE),0.0026,2026-05-22,2026-05-25
JHMM,NVR,NVR INC UNITED STATES OF AMERICA (THE),0.0021,2026-05-22,2026-05-25
JHMM,CAG,CONAGRA BRANDS INC UNITED STATES OF AMERICA (THE),0.0006,2026-05-22,2026-05-25
JHMM,AES,AES CORP UNITED STATES OF AMERICA (THE),0.0011,2026-05-22,2026-05-25
JHMM,KIM,KIMCO REALTY CORP UNITED STATES OF AMERICA (THE),0.0015,2026-05-22,2026-05-25
JHMM,MGM,MGM RESORTS INTERNATIONAL UNITED STATES OF AMERICA (THE),0.0011,2026-05-22,2026-05-25
JHMM,LECO,LINCOLN ELECTRIC HOLDINGS UNITED STATES OF AMERICA (THE),0.0018,2026-05-22,2026-05-25
JHMM,DVA,DAVITA INC UNITED STATES OF AMERICA (THE),0.001,2026-05-22,2026-05-25
JHMM,VICR,VICOR CORP UNITED STATES OF AMERICA (THE),0.0003,2026-05-22,2026-05-25
JHMM,CRL,CHARLES RIVER LABORATORIES UNITED STATES OF AMERICA (THE),0.0014,2026-05-22,2026-05-25
JHMM,EL,ESTEE LAUDER COMPANIES CL A UNITED STATES OF AMERICA (THE),0.0007,2026-05-22,2026-05-25
JHMM,BOKF,BOK FINANCIAL CORPORATION UNITED STATES OF AMERICA (THE),0.0005,2026-05-22,2026-05-25
JHMM,BF.B,BROWN FORMAN CORP CLASS B UNITED STATES OF AMERICA (THE),0.0003,2026-05-22,2026-05-25
JHMM,L,LOEWS CORP UNITED STATES OF AMERICA (THE),0.0021,2026-05-22,2026-05-25
JHMM,DRI,DARDEN RESTAURANTS INC UNITED STATES OF AMERICA (THE),0.0023,2026-05-22,2026-05-25
JHMM,ALB,ALBEMARLE CORP UNITED STATES OF AMERICA (THE),0.0018,2026-05-22,2026-05-25
JHMM,WRB,WR BERKLEY CORP UNITED STATES OF AMERICA (THE),0.002,2026-05-22,2026-05-25
JHMM,DVN,DEVON ENERGY CORP UNITED STATES OF AMERICA (THE),0.0049,2026-05-22,2026-05-25
JHMM,LPX,LOUISIANA PACIFIC CORP UNITED STATES OF AMERICA (THE),0.0006,2026-05-22,2026-05-25
JHMM,RYN,RAYONIER INC UNITED STATES OF AMERICA (THE),0.0004,2026-05-22,2026-05-25
JHMM,AIT,APPLIED INDUSTRIAL TECH INC UNITED STATES OF AMERICA (THE),0.0016,2026-05-22,2026-05-25
JHMM,FCNCA,FIRST CITIZENS BCSHS CL A UNITED STATES OF AMERICA (THE),0.0022,2026-05-22,2026-05-25
JHMM,HEI,HEICO CORP UNITED STATES OF AMERICA (THE),0.0008,2026-05-22,2026-05-25
JHMM,LII,LENNOX INTERNATIONAL INC UNITED STATES OF AMERICA (THE),0.0017,2026-05-22,2026-05-25
JHMM,DGX,QUEST DIAGNOSTICS INC UNITED STATES OF AMERICA (THE),0.0029,2026-05-22,2026-05-25
JHMM,MOG.A,MOOG INC CLASS A UNITED STATES OF AMERICA (THE),0.001,2026-05-22,2026-05-25
JHMM,OSK,OSHKOSH CORP UNITED STATES OF AMERICA (THE),0.0014,2026-05-22,2026-05-25
JHMM,INCY,INCYTE CORP UNITED STATES OF AMERICA (THE),0.0015,2026-05-22,2026-05-25
JHMM,WST,WEST PHARMACEUTICAL SERVICES UNITED STATES OF AMERICA (THE),0.002,2026-05-22,2026-05-25
JHMM,ALK,ALASKA AIR GROUP INC UNITED STATES OF AMERICA (THE),0.0002,2026-05-22,2026-05-25
JHMM,DTE,DTE ENERGY COMPANY UNITED STATES OF AMERICA (THE),0.0024,2026-05-22,2026-05-25
JHMM,NFG,NATIONAL FUEL GAS CO UNITED STATES OF AMERICA (THE),0.0012,2026-05-22,2026-05-25
JHMM,COLB,COLUMBIA BANKING SYSTEM INC UNITED STATES OF AMERICA (THE),0.0008,2026-05-22,2026-05-25
JHMM,HXL,HEXCEL CORP UNITED STATES OF AMERICA (THE),0.0005,2026-05-22,2026-05-25
JHMM,TSCO,TRACTOR SUPPLY COMPANY UNITED STATES OF AMERICA (THE),0.0018,2026-05-22,2026-05-25
JHMM,NCLH,NORWEGIAN CRUISE LINE HOLDIN UNITED STATES OF AMERICA (THE),0.0014,2026-05-22,2026-05-25
JHMM,CTRE,CARETRUST REIT INC UNITED STATES OF AMERICA (THE),0.0008,2026-05-22,2026-05-25
JHMM,ZG,ZILLOW GROUP INC A UNITED STATES OF AMERICA (THE),0.0001,2026-05-22,2026-05-25
JHMM,GKOS,GLAUKOS CORP UNITED STATES OF AMERICA (THE),0.0005,2026-05-22,2026-05-25
JHMM,TRU,TRANSUNION UNITED STATES OF AMERICA (THE),0.0016,2026-05-22,2026-05-25
JHMM,BLD,TOPBUILD CORP UNITED STATES OF AMERICA (THE),0.002,2026-05-22,2026-05-25
JHMM,Z,ZILLOW GROUP INC C UNITED STATES OF AMERICA (THE),0.0006,2026-05-22,2026-05-25
JHMM,JXN,JACKSON FINANCIAL INC A UNITED STATES OF AMERICA (THE),0.0017,2026-05-22,2026-05-25
JHMM,BROS,DUTCH BROS INC CLASS A UNITED STATES OF AMERICA (THE),0.0006,2026-05-22,2026-05-25
JHMM,SYM,SYMBOTIC INC UNITED STATES OF AMERICA (THE),0.0001,2026-05-22,2026-05-25
JHMM,MBLY,MOBILEYE GLOBAL INC A UNITED STATES OF AMERICA (THE),0.0002,2026-05-22,2026-05-25
JHMM,DRS,LEONARDO DRS INC UNITED STATES OF AMERICA (THE),0.0004,2026-05-22,2026-05-25
JHMM,CR,CRANE CO UNITED STATES OF AMERICA (THE),0.001,2026-05-22,2026-05-25
JHMM,TLN,TALEN ENERGY CORP UNITED STATES OF AMERICA (THE),0.001,2026-05-22,2026-05-25
JHMM,SJM,JM SMUCKER CO/THE UNITED STATES OF AMERICA (THE),0.0016,2026-05-22,2026-05-25
JHMM,SGI,SOMNIGROUP INTERNATIONAL INC UNITED STATES OF AMERICA (THE),0.0014,2026-05-22,2026-05-25
JHMM,STRL,STERLING INFRASTRUCTURE INC UNITED STATES OF AMERICA (THE),0.0023,2026-05-22,2026-05-25
JHMM,TXRH,TEXAS ROADHOUSE INC UNITED STATES OF AMERICA (THE),0.0016,2026-05-22,2026-05-25
JHMM,HALO,HALOZYME THERAPEUTICS INC UNITED STATES OF AMERICA (THE),0.001,2026-05-22,2026-05-25
JHMM,POOL,POOL CORP UNITED STATES OF AMERICA (THE),0.0008,2026-05-22,2026-05-25
JHMM,EVR,EVERCORE INC A UNITED STATES OF AMERICA (THE),0.0016,2026-05-22,2026-05-25
JHMM,PFGC,PERFORMANCE FOOD GROUP CO UNITED STATES OF AMERICA (THE),0.0018,2026-05-22,2026-05-25
JHMM,AXSM,AXSOME THERAPEUTICS INC UNITED STATES OF AMERICA (THE),0.0007,2026-05-22,2026-05-25
JHMM,NTNX,NUTANIX INC A UNITED STATES OF AMERICA (THE),0.0005,2026-05-22,2026-05-25
JHMM,SBAC,SBA COMMUNICATIONS CORP UNITED STATES OF AMERICA (THE),0.0012,2026-05-22,2026-05-25
JHMM,HLNE,HAMILTON LANE INC CLASS A UNITED STATES OF AMERICA (THE),0.0004,2026-05-22,2026-05-25
JHMM,RYTM,RHYTHM PHARMACEUTICALS INC UNITED STATES OF AMERICA (THE),0.0003,2026-05-22,2026-05-25
JHMM,ZS,ZSCALER INC UNITED STATES OF AMERICA (THE),0.0006,2026-05-22,2026-05-25
JHMM,AMG,AFFILIATED MANAGERS GROUP UNITED STATES OF AMERICA (THE),0.0009,2026-05-22,2026-05-25
JHMM,CHDN,CHURCHILL DOWNS INC UNITED STATES OF AMERICA (THE),0.0007,2026-05-22,2026-05-25
JHMM,EWBC,EAST WEST BANCORP INC UNITED STATES OF AMERICA (THE),0.0028,2026-05-22,2026-05-25
JHMM,KEX,KIRBY CORP UNITED STATES OF AMERICA (THE),0.0002,2026-05-22,2026-05-25
JHMM,MLI,MUELLER INDUSTRIES INC UNITED STATES OF AMERICA (THE),0.0019,2026-05-22,2026-05-25
JHMM,MKSI,MKS INC UNITED STATES OF AMERICA (THE),0.004,2026-05-22,2026-05-25
JHMM,FSLR,FIRST SOLAR INC UNITED STATES OF AMERICA (THE),0.0031,2026-05-22,2026-05-25
JHMM,PAG,PENSKE AUTOMOTIVE GROUP INC UNITED STATES OF AMERICA (THE),0.0005,2026-05-22,2026-05-25
JHMM,PODD,INSULET CORP UNITED STATES OF AMERICA (THE),0.001,2026-05-22,2026-05-25
JHMM,RGA,REINSURANCE GROUP OF AMERICA UNITED STATES OF AMERICA (THE),0.002,2026-05-22,2026-05-25
JHMM,PRIM,PRIMORIS SERVICES CORP UNITED STATES OF AMERICA (THE),0.0008,2026-05-22,2026-05-25
JHMM,VRSK,VERISK ANALYTICS INC UNITED STATES OF AMERICA (THE),0.0019,2026-05-22,2026-05-25
JHMM,TRNO,TERRENO REALTY CORP UNITED STATES OF AMERICA (THE),0.0006,2026-05-22,2026-05-25
JHMM,ROAD,CONSTRUCTION PARTNERS INC A UNITED STATES OF AMERICA (THE),0.0006,2026-05-22,2026-05-25
JHMM,PCVX,VAXCYTE INC UNITED STATES OF AMERICA (THE),0.0005,2026-05-22,2026-05-25
JHMM,CHRD,CHORD ENERGY CORP UNITED STATES OF AMERICA (THE),0.0012,2026-05-22,2026-05-25
JHMM,LUMN,LUMEN TECHNOLOGIES INC UNITED STATES OF AMERICA (THE),0.0006,2026-05-22,2026-05-25
JHMM,CPNG,COUPANG INC UNITED STATES OF AMERICA (THE),0.0013,2026-05-22,2026-05-25
JHMM,GXO,GXO LOGISTICS INC UNITED STATES OF AMERICA (THE),0.0005,2026-05-22,2026-05-25
JHMM,KR,KROGER CO UNITED STATES OF AMERICA (THE),0.0026,2026-05-22,2026-05-25
JHMM,EXEL,EXELIXIS INC UNITED STATES OF AMERICA (THE),0.0024,2026-05-22,2026-05-25
JHMM,RJF,RAYMOND JAMES FINANCIAL INC UNITED STATES OF AMERICA (THE),0.0027,2026-05-22,2026-05-25
JHMM,TTMI,TTM TECHNOLOGIES UNITED STATES OF AMERICA (THE),0.002,2026-05-22,2026-05-25
JHMM,FLR,FLUOR CORP UNITED STATES OF AMERICA (THE),0.0009,2026-05-22,2026-05-25
JHMM,ALGN,ALIGN TECHNOLOGY INC UNITED STATES OF AMERICA (THE),0.0016,2026-05-22,2026-05-25
JHMM,AYI,ACUITY INC UNITED STATES OF AMERICA (THE),0.0013,2026-05-22,2026-05-25
JHMM,LYB,LYONDELLBASELL INDU CL A UNITED STATES OF AMERICA (THE),0.0016,2026-05-22,2026-05-25
JHMM,GRMN,GARMIN LTD UNITED STATES OF AMERICA (THE),0.003,2026-05-22,2026-05-25
JHMM,HII,HUNTINGTON INGALLS INDUSTRIE UNITED STATES OF AMERICA (THE),0.0013,2026-05-22,2026-05-25
JHMM,MOS,MOSAIC CO/THE UNITED STATES OF AMERICA (THE),0.001,2026-05-22,2026-05-25
JHMM,RL,RALPH LAUREN CORP UNITED STATES OF AMERICA (THE),0.0017,2026-05-22,2026-05-25
JHMM,ALSN,ALLISON TRANSMISSION HOLDING UNITED STATES OF AMERICA (THE),0.0017,2026-05-22,2026-05-25
JHMM,BPOP,POPULAR INC UNITED STATES OF AMERICA (THE),0.0015,2026-05-22,2026-05-25
JHMM,CBSH,COMMERCE BANCSHARES INC UNITED STATES OF AMERICA (THE),0.001,2026-05-22,2026-05-25
JHMM,BWA,BORGWARNER INC UNITED STATES OF AMERICA (THE),0.0025,2026-05-22,2026-05-25
JHMM,WSO,WATSCO INC UNITED STATES OF AMERICA (THE),0.0011,2026-05-22,2026-05-25
JHMM,TSN,TYSON FOODS INC CL A UNITED STATES OF AMERICA (THE),0.0015,2026-05-22,2026-05-25
JHMM,MOD,MODINE MANUFACTURING CO UNITED STATES OF AMERICA (THE),0.0013,2026-05-22,2026-05-25
JHMM,GPN,GLOBAL PAYMENTS INC UNITED STATES OF AMERICA (THE),0.0016,2026-05-22,2026-05-25
JHMM,REG,REGENCY CENTERS CORP UNITED STATES OF AMERICA (THE),0.0013,2026-05-22,2026-05-25
JHMM,PRU,PRUDENTIAL FINANCIAL INC UNITED STATES OF AMERICA (THE),0.0028,2026-05-22,2026-05-25
JHMM,CNP,CENTERPOINT ENERGY INC UNITED STATES OF AMERICA (THE),0.0028,2026-05-22,2026-05-25
JHMM,FORM,FORMFACTOR INC UNITED STATES OF AMERICA (THE),0.0007,2026-05-22,2026-05-25
JHMM,EXR,EXTRA SPACE STORAGE INC UNITED STATES OF AMERICA (THE),0.0022,2026-05-22,2026-05-25
JHMM,TAP,MOLSON COORS BEVERAGE CO B UNITED STATES OF AMERICA (THE),0.001,2026-05-22,2026-05-25
JHMM,LYV,LIVE NATION ENTERTAINMENT IN UNITED STATES OF AMERICA (THE),0.0015,2026-05-22,2026-05-25
JHMM,CDE,COEUR MINING INC UNITED STATES OF AMERICA (THE),0.0009,2026-05-22,2026-05-25
JHMM,PPC,PILGRIM S PRIDE CORP UNITED STATES OF AMERICA (THE),0.0002,2026-05-22,2026-05-25
JHMM,LEA,LEAR CORP UNITED STATES OF AMERICA (THE),0.0009,2026-05-22,2026-05-25
JHMM,FN,FABRINET UNITED STATES OF AMERICA (THE),0.0023,2026-05-22,2026-05-25
JHMM,MTSI,MACOM TECHNOLOGY SOLUTIONS H UNITED STATES OF AMERICA (THE),0.0023,2026-05-22,2026-05-25
JHMM,CNH,CNH INDUSTRIAL NV UNITED STATES OF AMERICA (THE),0.0014,2026-05-22,2026-05-25
JHMM,LDOS,LEIDOS HOLDINGS INC UNITED STATES OF AMERICA (THE),0.0016,2026-05-22,2026-05-25
JHMM,BURL,BURLINGTON STORES INC UNITED STATES OF AMERICA (THE),0.0022,2026-05-22,2026-05-25
JHMM,MSA,MSA SAFETY INC UNITED STATES OF AMERICA (THE),0.0009,2026-05-22,2026-05-25
JHMM,SYF,SYNCHRONY FINANCIAL UNITED STATES OF AMERICA (THE),0.0033,2026-05-22,2026-05-25
JHMM,CFG,CITIZENS FINANCIAL GROUP UNITED STATES OF AMERICA (THE),0.0028,2026-05-22,2026-05-25
JHMM,IRM,IRON MOUNTAIN INC UNITED STATES OF AMERICA (THE),0.0029,2026-05-22,2026-05-25
JHMM,GDDY,GODADDY INC CLASS A UNITED STATES OF AMERICA (THE),0.0011,2026-05-22,2026-05-25
JHMM,OLLI,OLLIE S BARGAIN OUTLET HOLDI UNITED STATES OF AMERICA (THE),0.0006,2026-05-22,2026-05-25
JHMM,PEN,PENUMBRA INC UNITED STATES OF AMERICA (THE),0.0014,2026-05-22,2026-05-25
JHMM,IONS,IONIS PHARMACEUTICALS INC UNITED STATES OF AMERICA (THE),0.0008,2026-05-22,2026-05-25
JHMM,FTV,FORTIVE CORP UNITED STATES OF AMERICA (THE),0.0015,2026-05-22,2026-05-25
JHMM,SNAP,SNAP INC A UNITED STATES OF AMERICA (THE),0.0002,2026-05-22,2026-05-25
JHMM,KNX,KNIGHT SWIFT TRANSPORTATION UNITED STATES OF AMERICA (THE),0.0017,2026-05-22,2026-05-25
JHMM,ELAN,ELANCO ANIMAL HEALTH INC UNITED STATES OF AMERICA (THE),0.0016,2026-05-22,2026-05-25
JHMM,MRNA,MODERNA INC UNITED STATES OF AMERICA (THE),0.0008,2026-05-22,2026-05-25
JHMM,CHWY,CHEWY INC CLASS A UNITED STATES OF AMERICA (THE),0.0002,2026-05-22,2026-05-25
JHMM,ONTO,ONTO INNOVATION INC UNITED STATES OF AMERICA (THE),0.0011,2026-05-22,2026-05-25
JHMM,GEN,GEN DIGITAL INC UNITED STATES OF AMERICA (THE),0.0022,2026-05-22,2026-05-25
JHMM,IR,INGERSOLL RAND INC UNITED STATES OF AMERICA (THE),0.0019,2026-05-22,2026-05-25
JHMM,OVV,OVINTIV INC UNITED STATES OF AMERICA (THE),0.0028,2026-05-22,2026-05-25
JHMM,RVMD,REVOLUTION MEDICINES INC UNITED STATES OF AMERICA (THE),0.0018,2026-05-22,2026-05-25
JHMM,EXE,EXPAND ENERGY CORP UNITED STATES OF AMERICA (THE),0.0023,2026-05-22,2026-05-25
JHMM,COMP,COMPASS INC CLASS A UNITED STATES OF AMERICA (THE),0.0004,2026-05-22,2026-05-25
JHMM,SOFI,SOFI TECHNOLOGIES INC UNITED STATES OF AMERICA (THE),0.0011,2026-05-22,2026-05-25
JHMM,OKLO,OKLO INC UNITED STATES OF AMERICA (THE),0.0006,2026-05-22,2026-05-25
JHMM,LTH,LIFE TIME GROUP HOLDINGS INC UNITED STATES OF AMERICA (THE),0.0002,2026-05-22,2026-05-25
JHMM,RIVN,RIVIAN AUTOMOTIVE INC A UNITED STATES OF AMERICA (THE),0.0009,2026-05-22,2026-05-25
JHMM,QBTS,D WAVE QUANTUM INC UNITED STATES OF AMERICA (THE),0.0005,2026-05-22,2026-05-25
JHMM,NXT,NEXTPOWER INC CL A UNITED STATES OF AMERICA (THE),0.0029,2026-05-22,2026-05-25
JHMM,BIRK,BIRKENSTOCK HOLDING PLC UNITED STATES OF AMERICA (THE),0.0003,2026-05-22,2026-05-25
JHMM,BG,BUNGE GLOBAL SA UNITED STATES OF AMERICA (THE),0.002,2026-05-22,2026-05-25
JHMM,ALAB,ASTERA LABS INC UNITED STATES OF AMERICA (THE),0.002,2026-05-22,2026-05-25
JHMM,RBRK,RUBRIK INC A UNITED STATES OF AMERICA (THE),0.0003,2026-05-22,2026-05-25
JHMM,RNR,RENAISSANCERE HOLDINGS LTD UNITED STATES OF AMERICA (THE),0.0028,2026-05-22,2026-05-25
JHMM,UNM,UNUM GROUP UNITED STATES OF AMERICA (THE),0.0023,2026-05-22,2026-05-25
JHMM,CASY,CASEY S GENERAL STORES INC UNITED STATES OF AMERICA (THE),0.0031,2026-05-22,2026-05-25
JHMM,AEE,AMEREN CORPORATION UNITED STATES OF AMERICA (THE),0.0025,2026-05-22,2026-05-25
JHMM,ARW,ARROW ELECTRONICS INC UNITED STATES OF AMERICA (THE),0.002,2026-05-22,2026-05-25
JHMM,CNA,CNA FINANCIAL CORP UNITED STATES OF AMERICA (THE),0.0002,2026-05-22,2026-05-25
JHMM,EMN,EASTMAN CHEMICAL CO UNITED STATES OF AMERICA (THE),0.0014,2026-05-22,2026-05-25
JHMM,FIX,COMFORT SYSTEMS USA INC UNITED STATES OF AMERICA (THE),0.0062,2026-05-22,2026-05-25
JHMM,CRUS,CIRRUS LOGIC INC UNITED STATES OF AMERICA (THE),0.0013,2026-05-22,2026-05-25
JHMM,ESE,ESCO TECHNOLOGIES INC UNITED STATES OF AMERICA (THE),0.0005,2026-05-22,2026-05-25
JHMM,RRC,RANGE RESOURCES CORP UNITED STATES OF AMERICA (THE),0.0013,2026-05-22,2026-05-25
JHMM,SF,STIFEL FINANCIAL CORP UNITED STATES OF AMERICA (THE),0.0017,2026-05-22,2026-05-25
JHMM,WTS,WATTS WATER TECHNOLOGIES A UNITED STATES OF AMERICA (THE),0.0011,2026-05-22,2026-05-25
JHMM,STLD,STEEL DYNAMICS INC UNITED STATES OF AMERICA (THE),0.0038,2026-05-22,2026-05-25
JHMM,TTWO,TAKE TWO INTERACTIVE SOFTWRE UNITED STATES OF AMERICA (THE),0.0033,2026-05-22,2026-05-25
JHMM,FR,FIRST INDUSTRIAL REALTY TR UNITED STATES OF AMERICA (THE),0.0008,2026-05-22,2026-05-25
JHMM,LSCC,LATTICE SEMICONDUCTOR CORP UNITED STATES OF AMERICA (THE),0.0021,2026-05-22,2026-05-25
JHMM,WAT,WATERS CORP UNITED STATES OF AMERICA (THE),0.0023,2026-05-22,2026-05-25
JHMM,IFF,INTL FLAVORS + FRAGRANCES UNITED STATES OF AMERICA (THE),0.0013,2026-05-22,2026-05-25
JHMM,MAS,MASCO CORP UNITED STATES OF AMERICA (THE),0.0013,2026-05-22,2026-05-25
JHMM,TDY,TELEDYNE TECHNOLOGIES INC UNITED STATES OF AMERICA (THE),0.0026,2026-05-22,2026-05-25
JHMM,DOV,DOVER CORP UNITED STATES OF AMERICA (THE),0.0028,2026-05-22,2026-05-25
JHMM,EFX,EQUIFAX INC UNITED STATES OF AMERICA (THE),0.0015,2026-05-22,2026-05-25
JHMM,TKO,TKO GROUP HOLDINGS INC UNITED STATES OF AMERICA (THE),0.0009,2026-05-22,2026-05-25
JHMM,APTV,APTIV PLC UNITED STATES OF AMERICA (THE),0.0014,2026-05-22,2026-05-25
JHMM,SMCI,SUPER MICRO COMPUTER INC UNITED STATES OF AMERICA (THE),0.0016,2026-05-22,2026-05-25
JHMM,RKLB,ROCKET LAB CORP UNITED STATES OF AMERICA (THE),0.0023,2026-05-22,2026-05-25
JHMM,VNOM,VIPER ENERGY INC CL A UNITED STATES OF AMERICA (THE),0.0004,2026-05-22,2026-05-25
JHMM,ADC,AGREE REALTY CORP UNITED STATES OF AMERICA (THE),0.0008,2026-05-22,2026-05-25
JHMM,VTR,VENTAS INC UNITED STATES OF AMERICA (THE),0.0021,2026-05-22,2026-05-25
JHMM,ONB,OLD NATIONAL BANCORP UNITED STATES OF AMERICA (THE),0.001,2026-05-22,2026-05-25
JHMM,SSD,SIMPSON MANUFACTURING CO INC UNITED STATES OF AMERICA (THE),0.0012,2026-05-22,2026-05-25
JHMM,WSM,WILLIAMS SONOMA INC UNITED STATES OF AMERICA (THE),0.0027,2026-05-22,2026-05-25
JHMM,EBAY,EBAY INC UNITED STATES OF AMERICA (THE),0.005,2026-05-22,2026-05-25
JHMM,CW,CURTISS WRIGHT CORP UNITED STATES OF AMERICA (THE),0.0024,2026-05-22,2026-05-25
JHMM,KEY,KEYCORP UNITED STATES OF AMERICA (THE),0.0019,2026-05-22,2026-05-25
JHMM,R,RYDER SYSTEM INC UNITED STATES OF AMERICA (THE),0.0019,2026-05-22,2026-05-25
JHMM,TKR,TIMKEN CO UNITED STATES OF AMERICA (THE),0.0008,2026-05-22,2026-05-25
JHMM,BIO,BIO RAD LABORATORIES A UNITED STATES OF AMERICA (THE),0.0008,2026-05-22,2026-05-25
JHMM,CLH,CLEAN HARBORS INC UNITED STATES OF AMERICA (THE),0.0021,2026-05-22,2026-05-25
JHMM,DAR,DARLING INGREDIENTS INC UNITED STATES OF AMERICA (THE),0.0009,2026-05-22,2026-05-25
JHMM,JBHT,HUNT (JB) TRANSPRT SVCS INC UNITED STATES OF AMERICA (THE),0.0024,2026-05-22,2026-05-25
JHMM,TTC,TORO CO UNITED STATES OF AMERICA (THE),0.0013,2026-05-22,2026-05-25
JHMM,AME,AMETEK INC UNITED STATES OF AMERICA (THE),0.0045,2026-05-22,2026-05-25
JHMM,ATO,ATMOS ENERGY CORP UNITED STATES OF AMERICA (THE),0.0021,2026-05-22,2026-05-25
JHMM,CSGP,COSTAR GROUP INC UNITED STATES OF AMERICA (THE),0.0005,2026-05-22,2026-05-25
JHMM,MANH,MANHATTAN ASSOCIATES INC UNITED STATES OF AMERICA (THE),0.0009,2026-05-22,2026-05-25
JHMM,LAD,LITHIA MOTORS INC UNITED STATES OF AMERICA (THE),0.0012,2026-05-22,2026-05-25
JHMM,NDSN,NORDSON CORP UNITED STATES OF AMERICA (THE),0.002,2026-05-22,2026-05-25
JHMM,RGLD,ROYAL GOLD INC UNITED STATES OF AMERICA (THE),0.0017,2026-05-22,2026-05-25
JHMM,AMKR,AMKOR TECHNOLOGY INC UNITED STATES OF AMERICA (THE),0.001,2026-05-22,2026-05-25
JHMM,CPT,CAMDEN PROPERTY TRUST UNITED STATES OF AMERICA (THE),0.001,2026-05-22,2026-05-25
JHMM,CLX,CLOROX COMPANY UNITED STATES OF AMERICA (THE),0.0011,2026-05-22,2026-05-25
JHMM,UHS,UNIVERSAL HEALTH SERVICES B UNITED STATES OF AMERICA (THE),0.0018,2026-05-22,2026-05-25
JHMM,FLEX,FLEX LTD UNITED STATES OF AMERICA (THE),0.0072,2026-05-22,2026-05-25
JHMM,BBY,BEST BUY CO INC UNITED STATES OF AMERICA (THE),0.002,2026-05-22,2026-05-25
JHMM,BAX,BAXTER INTERNATIONAL INC UNITED STATES OF AMERICA (THE),0.0008,2026-05-22,2026-05-25
JHMM,TXT,TEXTRON INC UNITED STATES OF AMERICA (THE),0.0018,2026-05-22,2026-05-25
JHMM,CAH,CARDINAL HEALTH INC UNITED STATES OF AMERICA (THE),0.0037,2026-05-22,2026-05-25
JHMM,NYT,NEW YORK TIMES CO A UNITED STATES OF AMERICA (THE),0.0016,2026-05-22,2026-05-25
JHMM,DOX,AMDOCS LTD UNITED STATES OF AMERICA (THE),0.0014,2026-05-22,2026-05-25
JHMM,A,AGILENT TECHNOLOGIES INC UNITED STATES OF AMERICA (THE),0.0021,2026-05-22,2026-05-25
JHMM,ZBH,ZIMMER BIOMET HOLDINGS INC UNITED STATES OF AMERICA (THE),0.0018,2026-05-22,2026-05-25
JHMM,CNC,CENTENE CORP UNITED STATES OF AMERICA (THE),0.0016,2026-05-22,2026-05-25
JHMM,SWKS,SKYWORKS SOLUTIONS INC UNITED STATES OF AMERICA (THE),0.0018,2026-05-22,2026-05-25
JHMM,NXST,NEXSTAR MEDIA GROUP INC UNITED STATES OF AMERICA (THE),0.0009,2026-05-22,2026-05-25
JHMM,NRG,NRG ENERGY INC UNITED STATES OF AMERICA (THE),0.0028,2026-05-22,2026-05-25
JHMM,DPZ,DOMINO S PIZZA INC UNITED STATES OF AMERICA (THE),0.0009,2026-05-22,2026-05-25
JHMM,BLDR,BUILDERS FIRSTSOURCE INC UNITED STATES OF AMERICA (THE),0.0012,2026-05-22,2026-05-25
JHMM,RBC,RBC BEARINGS INC UNITED STATES OF AMERICA (THE),0.0014,2026-05-22,2026-05-25
JHMM,CHRW,C.H. ROBINSON WORLDWIDE INC UNITED STATES OF AMERICA (THE),0.0022,2026-05-22,2026-05-25
JHMM,THG,HANOVER INSURANCE GROUP INC/ UNITED STATES OF AMERICA (THE),0.0008,2026-05-22,2026-05-25
JHMM,UEC,URANIUM ENERGY CORP UNITED STATES OF AMERICA (THE),0.0003,2026-05-22,2026-05-25
JHMM,G,GENPACT LTD UNITED STATES OF AMERICA (THE),0.0008,2026-05-22,2026-05-25
JHMM,IVZ,INVESCO LTD UNITED STATES OF AMERICA (THE),0.0016,2026-05-22,2026-05-25
JHMM,GNRC,GENERAC HOLDINGS INC UNITED STATES OF AMERICA (THE),0.0021,2026-05-22,2026-05-25
JHMM,PRI,PRIMERICA INC UNITED STATES OF AMERICA (THE),0.0014,2026-05-22,2026-05-25
JHMM,CBRE,CBRE GROUP INC A UNITED STATES OF AMERICA (THE),0.0029,2026-05-22,2026-05-25
JHMM,XYL,XYLEM INC UNITED STATES OF AMERICA (THE),0.0018,2026-05-22,2026-05-25
JHMM,JAZZ,JAZZ PHARMACEUTICALS PLC UNITED STATES OF AMERICA (THE),0.0026,2026-05-22,2026-05-25
JHMM,FNF,FIDELITY NATIONAL FINANCIAL UNITED STATES OF AMERICA (THE),0.0018,2026-05-22,2026-05-25
JHMM,HQY,HEALTHEQUITY INC UNITED STATES OF AMERICA (THE),0.0011,2026-05-22,2026-05-25
JHMM,QRVO,QORVO INC UNITED STATES OF AMERICA (THE),0.0016,2026-05-22,2026-05-25
JHMM,ES,EVERSOURCE ENERGY UNITED STATES OF AMERICA (THE),0.0033,2026-05-22,2026-05-25
JHMM,APPF,APPFOLIO INC A UNITED STATES OF AMERICA (THE),0.0004,2026-05-22,2026-05-25
JHMM,PLNT,PLANET FITNESS INC CL A UNITED STATES OF AMERICA (THE),0.0004,2026-05-22,2026-05-25
JHMM,ITT,ITT INC UNITED STATES OF AMERICA (THE),0.002,2026-05-22,2026-05-25
JHMM,LW,LAMB WESTON HOLDINGS INC UNITED STATES OF AMERICA (THE),0.0009,2026-05-22,2026-05-25
JHMM,KRYS,KRYSTAL BIOTECH INC UNITED STATES OF AMERICA (THE),0.0007,2026-05-22,2026-05-25
JHMM,RIOT,RIOT PLATFORMS INC UNITED STATES OF AMERICA (THE),0.0008,2026-05-22,2026-05-25
JHMM,GTES,GATES INDUSTRIAL CORP PLC UNITED STATES OF AMERICA (THE),0.0007,2026-05-22,2026-05-25
JHMM,GH,GUARDANT HEALTH INC UNITED STATES OF AMERICA (THE),0.0009,2026-05-22,2026-05-25
JHMM,UI,UBIQUITI INC UNITED STATES OF AMERICA (THE),0.0003,2026-05-22,2026-05-25
JHMM,SITM,SITIME CORP UNITED STATES OF AMERICA (THE),0.0009,2026-05-22,2026-05-25
JHMM,RPRX,ROYALTY PHARMA PLC CL A UNITED STATES OF AMERICA (THE),0.0017,2026-05-22,2026-05-25
JHMM,MTCH,MATCH GROUP INC UNITED STATES OF AMERICA (THE),0.0008,2026-05-22,2026-05-25
JHMM,ROIV,ROIVANT SCIENCES LTD UNITED STATES OF AMERICA (THE),0.0013,2026-05-22,2026-05-25
JHMM,IOT,SAMSARA INC CL A UNITED STATES OF AMERICA (THE),0.0003,2026-05-22,2026-05-25
JHMM,FRT,FEDERAL REALTY INVS TRUST UNITED STATES OF AMERICA (THE),0.0009,2026-05-22,2026-05-25
JHMM,CRDO,CREDO TECHNOLOGY GROUP HOLDI UNITED STATES OF AMERICA (THE),0.0019,2026-05-22,2026-05-25
JHMM,COHR,COHERENT CORP UNITED STATES OF AMERICA (THE),0.0065,2026-05-22,2026-05-25
JHMM,AS,AMER SPORTS INC UNITED STATES OF AMERICA (THE),0.0004,2026-05-22,2026-05-25
JHMM,RDDT,REDDIT INC CL A UNITED STATES OF AMERICA (THE),0.0009,2026-05-22,2026-05-25
JHMM,SIRI,SIRIUS XM HOLDINGS INC UNITED STATES OF AMERICA (THE),0.0009,2026-05-22,2026-05-25
JHMM,SSNC,SS+C TECHNOLOGIES HOLDINGS UNITED STATES OF AMERICA (THE),0.0015,2026-05-22,2026-05-25
JHMM,TRGP,TARGA RESOURCES CORP UNITED STATES OF AMERICA (THE),0.0054,2026-05-22,2026-05-25
JHMM,STAG,STAG INDUSTRIAL INC UNITED STATES OF AMERICA (THE),0.0007,2026-05-22,2026-05-25
JHMM,CUBE,CUBESMART UNITED STATES OF AMERICA (THE),0.0008,2026-05-22,2026-05-25
JHMM,FIVE,FIVE BELOW UNITED STATES OF AMERICA (THE),0.0013,2026-05-22,2026-05-25
JHMM,WPC,WP CAREY INC UNITED STATES OF AMERICA (THE),0.0015,2026-05-22,2026-05-25
JHMM,IBP,INSTALLED BUILDING PRODUCTS UNITED STATES OF AMERICA (THE),0.0006,2026-05-22,2026-05-25
JHMM,CG,CARLYLE GROUP INC/THE UNITED STATES OF AMERICA (THE),0.0009,2026-05-22,2026-05-25
JHMM,WMG,WARNER MUSIC GROUP CORP CL A UNITED STATES OF AMERICA (THE),0.0005,2026-05-22,2026-05-25
JHMM,KNTK,KINETIK HOLDINGS INC UNITED STATES OF AMERICA (THE),0.0002,2026-05-22,2026-05-25
JHMM,RKT,ROCKET COS INC CLASS A UNITED STATES OF AMERICA (THE),0.0001,2026-05-22,2026-05-25
JHMM,VTRS,VIATRIS INC UNITED STATES OF AMERICA (THE),0.0034,2026-05-22,2026-05-25
JHMM,TPL,TEXAS PACIFIC LAND CORP UNITED STATES OF AMERICA (THE),0.0025,2026-05-22,2026-05-25
JHMM,IBRX,IMMUNITYBIO INC UNITED STATES OF AMERICA (THE),0.0001,2026-05-22,2026-05-25
JHMM,CWAN,CLEARWATER ANALYTICS HDS A UNITED STATES OF AMERICA (THE),0.0006,2026-05-22,2026-05-25
JHMM,ZWS,ZURN ELKAY WATER SOLUTIONS C UNITED STATES OF AMERICA (THE),0.0009,2026-05-22,2026-05-25
JHMM,AUR,AURORA INNOVATION INC UNITED STATES OF AMERICA (THE),0.0009,2026-05-22,2026-05-25
JHMM,FCFS,FIRSTCASH HOLDINGS INC UNITED STATES OF AMERICA (THE),0.0012,2026-05-22,2026-05-25
JHMM,CRBG,COREBRIDGE FINANCIAL INC UNITED STATES OF AMERICA (THE),0.0015,2026-05-22,2026-05-25
JHMM,FTAI,FTAI AVIATION LTD UNITED STATES OF AMERICA (THE),0.0027,2026-05-22,2026-05-25
JHMM,UHAL.B,U HAUL HOLDING CO NON VOTING UNITED STATES OF AMERICA (THE),0.0007,2026-05-22,2026-05-25
JHMM,GEHC,GE HEALTHCARE TECHNOLOGY UNITED STATES OF AMERICA (THE),0.002,2026-05-22,2026-05-25
JHMM,PRMB,PRIMO BRANDS CORP UNITED STATES OF AMERICA (THE),0.0006,2026-05-22,2026-05-25
JHMM,GSAT,GLOBALSTAR INC UNITED STATES OF AMERICA (THE),0.0003,2026-05-22,2026-05-25
JHMM,KRMN,KARMAN HOLDINGS INC UNITED STATES OF AMERICA (THE),0.0006,2026-05-22,2026-05-25
JHMM,BMNR,BITMINE IMMERSION TECHNOLOGI UNITED STATES OF AMERICA (THE),0.0008,2026-05-22,2026-05-25
JHMM,PNFP,PINNACLE FINANCIAL PARTNERS UNITED STATES OF AMERICA (THE),0.0018,2026-05-22,2026-05-25
JHMM,DDS,DILLARDS INC CL A UNITED STATES OF AMERICA (THE),0.0003,2026-05-22,2026-05-25
JHMM,ETR,ENTERGY CORP UNITED STATES OF AMERICA (THE),0.0046,2026-05-22,2026-05-25
JHMM,IP,INTERNATIONAL PAPER CO UNITED STATES OF AMERICA (THE),0.0013,2026-05-22,2026-05-25
JHMM,GATX,GATX CORP UNITED STATES OF AMERICA (THE),0.0008,2026-05-22,2026-05-25
JHMM,PHM,PULTEGROUP INC UNITED STATES OF AMERICA (THE),0.0029,2026-05-22,2026-05-25
JHMM,UHAL,U HAUL HOLDING CO UNITED STATES OF AMERICA (THE),0.0001,2026-05-22,2026-05-25
JHMM,UMBF,UMB FINANCIAL CORP UNITED STATES OF AMERICA (THE),0.001,2026-05-22,2026-05-25
JHMM,CWST,CASELLA WASTE SYSTEMS INC A UNITED STATES OF AMERICA (THE),0.0005,2026-05-22,2026-05-25
JHMM,RS,RELIANCE INC UNITED STATES OF AMERICA (THE),0.0028,2026-05-22,2026-05-25
JHMM,CHD,CHURCH + DWIGHT CO INC UNITED STATES OF AMERICA (THE),0.0017,2026-05-22,2026-05-25
JHMM,FICO,FAIR ISAAC CORP UNITED STATES OF AMERICA (THE),0.0022,2026-05-22,2026-05-25
JHMM,HL,HECLA MINING CO UNITED STATES OF AMERICA (THE),0.0009,2026-05-22,2026-05-25
JHMM,LFUS,LITTELFUSE INC UNITED STATES OF AMERICA (THE),0.002,2026-05-22,2026-05-25
JHMM,RMD,RESMED INC UNITED STATES OF AMERICA (THE),0.0026,2026-05-22,2026-05-25
JHMM,VOYA,VOYA FINANCIAL INC UNITED STATES OF AMERICA (THE),0.0012,2026-05-22,2026-05-25
JHMM,PNR,PENTAIR PLC UNITED STATES OF AMERICA (THE),0.0017,2026-05-22,2026-05-25
JHMM,WMS,ADVANCED DRAINAGE SYSTEMS IN UNITED STATES OF AMERICA (THE),0.0014,2026-05-22,2026-05-25
JHMM,LBRDA,LIBERTY BROADBAND A UNITED STATES OF AMERICA (THE),0.0001,2026-05-22,2026-05-25
JHMM,LBRDK,LIBERTY BROADBAND C UNITED STATES OF AMERICA (THE),0.0005,2026-05-22,2026-05-25
JHMM,WEC,WEC ENERGY GROUP INC UNITED STATES OF AMERICA (THE),0.0024,2026-05-22,2026-05-25
JHMM,FND,FLOOR + DECOR HOLDINGS INC A UNITED STATES OF AMERICA (THE),0.0007,2026-05-22,2026-05-25
JHMM,TRMB,TRIMBLE INC UNITED STATES OF AMERICA (THE),0.0021,2026-05-22,2026-05-25
JHMM,BALL,BALL CORP UNITED STATES OF AMERICA (THE),0.0018,2026-05-22,2026-05-25
JHMM,AEIS,ADVANCED ENERGY INDUSTRIES UNITED STATES OF AMERICA (THE),0.001,2026-05-22,2026-05-25
JHMM,SEIC,SEI INVESTMENTS COMPANY UNITED STATES OF AMERICA (THE),0.0015,2026-05-22,2026-05-25
JHMM,HAS,HASBRO INC UNITED STATES OF AMERICA (THE),0.0018,2026-05-22,2026-05-25
JHMM,ATI,ATI INC UNITED STATES OF AMERICA (THE),0.0022,2026-05-22,2026-05-25
JHMM,GPC,GENUINE PARTS CO UNITED STATES OF AMERICA (THE),0.0021,2026-05-22,2026-05-25
JHMM,AA,ALCOA CORP UNITED STATES OF AMERICA (THE),0.0023,2026-05-22,2026-05-25
JHMM,ROKU,ROKU INC UNITED STATES OF AMERICA (THE),0.0016,2026-05-22,2026-05-25
JHMM,IQV,IQVIA HOLDINGS INC UNITED STATES OF AMERICA (THE),0.0021,2026-05-22,2026-05-25
JHMM,EHC,ENCOMPASS HEALTH CORP UNITED STATES OF AMERICA (THE),0.0019,2026-05-22,2026-05-25
JHMM,DBX,DROPBOX INC CLASS A UNITED STATES OF AMERICA (THE),0.0006,2026-05-22,2026-05-25
JHMM,EPRT,ESSENTIAL PROPERTIES REALTY UNITED STATES OF AMERICA (THE),0.0005,2026-05-22,2026-05-25
JHMM,EVRG,EVERGY INC UNITED STATES OF AMERICA (THE),0.0026,2026-05-22,2026-05-25
JHMM,STT,STATE STREET CORP UNITED STATES OF AMERICA (THE),0.0041,2026-05-22,2026-05-25
JHMM,PPG,PPG INDUSTRIES INC UNITED STATES OF AMERICA (THE),0.002,2026-05-22,2026-05-25
JHMM,ROK,ROCKWELL AUTOMATION INC UNITED STATES OF AMERICA (THE),0.0043,2026-05-22,2026-05-25
JHMM,WY,WEYERHAEUSER CO UNITED STATES OF AMERICA (THE),0.0011,2026-05-22,2026-05-25
JHMM,AKAM,AKAMAI TECHNOLOGIES INC UNITED STATES OF AMERICA (THE),0.0035,2026-05-22,2026-05-25
JHMM,IEX,IDEX CORP UNITED STATES OF AMERICA (THE),0.0019,2026-05-22,2026-05-25
JHMM,ON,ON SEMICONDUCTOR UNITED STATES OF AMERICA (THE),0.0025,2026-05-22,2026-05-25
JHMM,BE,BLOOM ENERGY CORP A UNITED STATES OF AMERICA (THE),0.0033,2026-05-22,2026-05-25
JHMM,ESI,ELEMENT SOLUTIONS INC UNITED STATES OF AMERICA (THE),0.0011,2026-05-22,2026-05-25
JHMM,DOW,DOW INC UNITED STATES OF AMERICA (THE),0.0016,2026-05-22,2026-05-25
JHMM,FOX,FOX CORP CLASS B UNITED STATES OF AMERICA (THE),0.0011,2026-05-22,2026-05-25
JHMM,BBIO,BRIDGEBIO PHARMA INC UNITED STATES OF AMERICA (THE),0.0008,2026-05-22,2026-05-25
JHMM,GL,GLOBE LIFE INC UNITED STATES OF AMERICA (THE),0.0022,2026-05-22,2026-05-25
JHMM,DOC,HEALTHPEAK PROPERTIES INC UNITED STATES OF AMERICA (THE),0.0013,2026-05-22,2026-05-25
JHMM,RF,REGIONS FINANCIAL CORP UNITED STATES OF AMERICA (THE),0.0027,2026-05-22,2026-05-25
JHMM,DLB,DOLBY LABORATORIES INC CL A UNITED STATES OF AMERICA (THE),0.0006,2026-05-22,2026-05-25
JHMM,LVS,LAS VEGAS SANDS CORP UNITED STATES OF AMERICA (THE),0.0002,2026-05-22,2026-05-25
JHMM,SAIA,SAIA INC UNITED STATES OF AMERICA (THE),0.0018,2026-05-22,2026-05-25
JHMM,CIEN,CIENA CORP UNITED STATES OF AMERICA (THE),0.0066,2026-05-22,2026-05-25
JHMM,AWI,ARMSTRONG WORLD INDUSTRIES UNITED STATES OF AMERICA (THE),0.0009,2026-05-22,2026-05-25
JHMM,BR,BROADRIDGE FINANCIAL SOLUTIO UNITED STATES OF AMERICA (THE),0.0017,2026-05-22,2026-05-25
JHMM,ERIE,ERIE INDEMNITY COMPANY CL A UNITED STATES OF AMERICA (THE),0.0006,2026-05-22,2026-05-25
JHMM,RMBS,RAMBUS INC UNITED STATES OF AMERICA (THE),0.0021,2026-05-22,2026-05-25
JHMM,FFIV,F5 INC UNITED STATES OF AMERICA (THE),0.0033,2026-05-22,2026-05-25
JHMM,UTHR,UNITED THERAPEUTICS CORP UNITED STATES OF AMERICA (THE),0.0035,2026-05-22,2026-05-25
JHMM,MKL,MARKEL GROUP INC UNITED STATES OF AMERICA (THE),0.0023,2026-05-22,2026-05-25
JHMM,EXPD,EXPEDITORS INTL WASH INC UNITED STATES OF AMERICA (THE),0.0025,2026-05-22,2026-05-25
JHMM,ATR,APTARGROUP INC UNITED STATES OF AMERICA (THE),0.0011,2026-05-22,2026-05-25
JHMM,RPM,RPM INTERNATIONAL INC UNITED STATES OF AMERICA (THE),0.0017,2026-05-22,2026-05-25
JHMM,LNT,ALLIANT ENERGY CORP UNITED STATES OF AMERICA (THE),0.0014,2026-05-22,2026-05-25
JHMM,OGE,OGE ENERGY CORP UNITED STATES OF AMERICA (THE),0.0017,2026-05-22,2026-05-25
JHMM,LNC,LINCOLN NATIONAL CORP UNITED STATES OF AMERICA (THE),0.0014,2026-05-22,2026-05-25
JHMM,CMS,CMS ENERGY CORP UNITED STATES OF AMERICA (THE),0.0019,2026-05-22,2026-05-25
JHMM,CRS,CARPENTER TECHNOLOGY UNITED STATES OF AMERICA (THE),0.0022,2026-05-22,2026-05-25
JHSC,CDP,COPT DEFENSE PROPERTIES UNITED STATES OF AMERICA (THE),0.0015,2026-05-22,2026-05-25
JHSC,GEF.B,GREIF INC CL B UNITED STATES OF AMERICA (THE),0.0001,2026-05-22,2026-05-25
JHSC,AEO,AMERICAN EAGLE OUTFITTERS UNITED STATES OF AMERICA (THE),0.001,2026-05-22,2026-05-25
JHSC,CATY,CATHAY GENERAL BANCORP UNITED STATES OF AMERICA (THE),0.0016,2026-05-22,2026-05-25
JHSC,WDFC,WD 40 CO UNITED STATES OF AMERICA (THE),0.0011,2026-05-22,2026-05-25
JHSC,AN,AUTONATION INC UNITED STATES OF AMERICA (THE),0.0033,2026-05-22,2026-05-25
JHSC,AVT,AVNET INC UNITED STATES OF AMERICA (THE),0.0042,2026-05-22,2026-05-25
JHSC,LPX,LOUISIANA PACIFIC CORP UNITED STATES OF AMERICA (THE),0.0025,2026-05-22,2026-05-25
JHSC,RDN,RADIAN GROUP INC UNITED STATES OF AMERICA (THE),0.002,2026-05-22,2026-05-25
JHSC,CENX,CENTURY ALUMINUM COMPANY UNITED STATES OF AMERICA (THE),0.0013,2026-05-22,2026-05-25
JHSC,CBU,COMMUNITY FINANCIAL SYSTEM I UNITED STATES OF AMERICA (THE),0.0014,2026-05-22,2026-05-25
JHSC,DAR,DARLING INGREDIENTS INC UNITED STATES OF AMERICA (THE),0.005,2026-05-22,2026-05-25
JHSC,ESE,ESCO TECHNOLOGIES INC UNITED STATES OF AMERICA (THE),0.0032,2026-05-22,2026-05-25
JHSC,GVA,GRANITE CONSTRUCTION INC UNITED STATES OF AMERICA (THE),0.0024,2026-05-22,2026-05-25
JHSC,HWKN,HAWKINS INC UNITED STATES OF AMERICA (THE),0.0008,2026-05-22,2026-05-25
JHSC,LAD,LITHIA MOTORS INC UNITED STATES OF AMERICA (THE),0.0025,2026-05-22,2026-05-25
JHSC,LFUS,LITTELFUSE INC UNITED STATES OF AMERICA (THE),0.0061,2026-05-22,2026-05-25
JHSC,MRCY,MERCURY SYSTEMS INC UNITED STATES OF AMERICA (THE),0.0021,2026-05-22,2026-05-25
JHSC,SLGN,SILGAN HOLDINGS INC UNITED STATES OF AMERICA (THE),0.0021,2026-05-22,2026-05-25
JHSC,SON,SONOCO PRODUCTS CO UNITED STATES OF AMERICA (THE),0.0029,2026-05-22,2026-05-25
JHSC,FSS,FEDERAL SIGNAL CORP UNITED STATES OF AMERICA (THE),0.0034,2026-05-22,2026-05-25
JHSC,MUR,MURPHY OIL CORP UNITED STATES OF AMERICA (THE),0.003,2026-05-22,2026-05-25
JHSC,PTEN,PATTERSON UTI ENERGY INC UNITED STATES OF AMERICA (THE),0.0016,2026-05-22,2026-05-25
JHSC,ACAD,ACADIA PHARMACEUTICALS INC UNITED STATES OF AMERICA (THE),0.0012,2026-05-22,2026-05-25
JHSC,ENS,ENERSYS UNITED STATES OF AMERICA (THE),0.0038,2026-05-22,2026-05-25
JHSC,PBH,PRESTIGE CONSUMER HEALTHCARE UNITED STATES OF AMERICA (THE),0.001,2026-05-22,2026-05-25
JHSC,CE,CELANESE CORP UNITED STATES OF AMERICA (THE),0.0021,2026-05-22,2026-05-25
JHSC,RDNT,RADNET INC UNITED STATES OF AMERICA (THE),0.0021,2026-05-22,2026-05-25
JHSC,AGX,ARGAN INC UNITED STATES OF AMERICA (THE),0.0036,2026-05-22,2026-05-25
JHSC,M,MACY S INC UNITED STATES OF AMERICA (THE),0.0024,2026-05-22,2026-05-25
JHSC,SBRA,SABRA HEALTH CARE REIT INC UNITED STATES OF AMERICA (THE),0.0022,2026-05-22,2026-05-25
JHSC,FBP,FIRST BANCORP PUERTO RICO UNITED STATES OF AMERICA (THE),0.0016,2026-05-22,2026-05-25
JHSC,PTCT,PTC THERAPEUTICS INC UNITED STATES OF AMERICA (THE),0.0026,2026-05-22,2026-05-25
JHSC,LEU,CENTRUS ENERGY CORP CLASS A UNITED STATES OF AMERICA (THE),0.0013,2026-05-22,2026-05-25
JHSC,WING,WINGSTOP INC UNITED STATES OF AMERICA (THE),0.0015,2026-05-22,2026-05-25
JHSC,AROC,ARCHROCK INC UNITED STATES OF AMERICA (THE),0.0026,2026-05-22,2026-05-25
JHSC,LIVN,LIVANOVA PLC UNITED STATES OF AMERICA (THE),0.0017,2026-05-22,2026-05-25
JHSC,VKTX,VIKING THERAPEUTICS INC UNITED STATES OF AMERICA (THE),0.0014,2026-05-22,2026-05-25
JHSC,CRK,COMSTOCK RESOURCES INC UNITED STATES OF AMERICA (THE),0.0004,2026-05-22,2026-05-25
JHSC,OZK,BANK OZK UNITED STATES OF AMERICA (THE),0.0028,2026-05-22,2026-05-25
JHSC,CWEN,CLEARWAY ENERGY INC C UNITED STATES OF AMERICA (THE),0.0026,2026-05-22,2026-05-25
JHSC,KTB,KONTOOR BRANDS INC UNITED STATES OF AMERICA (THE),0.0014,2026-05-22,2026-05-25
JHSC,TMDX,TRANSMEDICS GROUP INC UNITED STATES OF AMERICA (THE),0.0009,2026-05-22,2026-05-25
JHSC,NVST,ENVISTA HOLDINGS CORP UNITED STATES OF AMERICA (THE),0.0017,2026-05-22,2026-05-25
JHSC,CUZ,COUSINS PROPERTIES INC UNITED STATES OF AMERICA (THE),0.0019,2026-05-22,2026-05-25
JHSC,SNEX,STONEX GROUP INC UNITED STATES OF AMERICA (THE),0.0033,2026-05-22,2026-05-25
JHSC,TNL,TRAVEL LEISURE CO UNITED STATES OF AMERICA (THE),0.0017,2026-05-22,2026-05-25
JHSC,ATMU,ATMUS FILTRATION TECHNOLOGIE UNITED STATES OF AMERICA (THE),0.0017,2026-05-22,2026-05-25
JHSC,KGS,KODIAK GAS SERVICES INC UNITED STATES OF AMERICA (THE),0.0024,2026-05-22,2026-05-25
JHSC,BGC,BGC GROUP INC A UNITED STATES OF AMERICA (THE),0.0023,2026-05-22,2026-05-25
JHSC,BTSG,BRIGHTSPRING HEALTH SERVICES UNITED STATES OF AMERICA (THE),0.0019,2026-05-22,2026-05-25
JHSC,LOAR,LOAR HOLDINGS INC UNITED STATES OF AMERICA (THE),0.0011,2026-05-22,2026-05-25
JHSC,ALH,ALLIANCE LAUNDRY HOLDINGS IN UNITED STATES OF AMERICA (THE),0.0003,2026-05-22,2026-05-25
JHSC,TEX,TEREX CORP UNITED STATES OF AMERICA (THE),0.0026,2026-05-22,2026-05-25
JHSC,WSBC,WESBANCO INC UNITED STATES OF AMERICA (THE),0.0013,2026-05-22,2026-05-25
JHSC,MDU,MDU RESOURCES GROUP INC UNITED STATES OF AMERICA (THE),0.0027,2026-05-22,2026-05-25
JHSC,MAC,MACERICH CO/THE UNITED STATES OF AMERICA (THE),0.0025,2026-05-22,2026-05-25
JHSC,VFC,VF CORP UNITED STATES OF AMERICA (THE),0.0027,2026-05-22,2026-05-25
JHSC,FLR,FLUOR CORP UNITED STATES OF AMERICA (THE),0.003,2026-05-22,2026-05-25
JHSC,MGEE,MGE ENERGY INC UNITED STATES OF AMERICA (THE),0.0011,2026-05-22,2026-05-25
JHSC,MPT,MEDICAL PROPERTIES TRUST INC UNITED STATES OF AMERICA (THE),0.001,2026-05-22,2026-05-25
JHSC,CROX,CROCS INC UNITED STATES OF AMERICA (THE),0.0024,2026-05-22,2026-05-25
JHSC,AWI,ARMSTRONG WORLD INDUSTRIES UNITED STATES OF AMERICA (THE),0.0035,2026-05-22,2026-05-25
JHSC,MYRG,MYR GROUP INC/DELAWARE UNITED STATES OF AMERICA (THE),0.0025,2026-05-22,2026-05-25
JHSC,FAF,FIRST AMERICAN FINANCIAL UNITED STATES OF AMERICA (THE),0.0036,2026-05-22,2026-05-25
JHSC,MTDR,MATADOR RESOURCES CO UNITED STATES OF AMERICA (THE),0.0036,2026-05-22,2026-05-25
JHSC,ENPH,ENPHASE ENERGY INC UNITED STATES OF AMERICA (THE),0.0029,2026-05-22,2026-05-25
JHSC,MATX,MATSON INC UNITED STATES OF AMERICA (THE),0.0006,2026-05-22,2026-05-25
JHSC,TGTX,TG THERAPEUTICS INC UNITED STATES OF AMERICA (THE),0.0025,2026-05-22,2026-05-25
JHSC,APAM,ARTISAN PARTNERS ASSET MA A UNITED STATES OF AMERICA (THE),0.0011,2026-05-22,2026-05-25
JHSC,VISN,VISTANCE NETWORKS INC UNITED STATES OF AMERICA (THE),0.001,2026-05-22,2026-05-25
JHSC,GHC,GRAHAM HOLDINGS CO CLASS B UNITED STATES OF AMERICA (THE),0.0015,2026-05-22,2026-05-25
JHSC,VOYA,VOYA FINANCIAL INC UNITED STATES OF AMERICA (THE),0.0041,2026-05-22,2026-05-25
JHSC,WK,WORKIVA INC UNITED STATES OF AMERICA (THE),0.0011,2026-05-22,2026-05-25
JHSC,BOX,BOX INC CLASS A UNITED STATES OF AMERICA (THE),0.0015,2026-05-22,2026-05-25
JHSC,RUN,SUNRUN INC UNITED STATES OF AMERICA (THE),0.0009,2026-05-22,2026-05-25
JHSC,NIC,NICOLET BANKSHARES INC UNITED STATES OF AMERICA (THE),0.0009,2026-05-22,2026-05-25
JHSC,HRI,HERC HOLDINGS INC UNITED STATES OF AMERICA (THE),0.0018,2026-05-22,2026-05-25
JHSC,ELF,ELF BEAUTY INC UNITED STATES OF AMERICA (THE),0.0014,2026-05-22,2026-05-25
JHSC,HGV,HILTON GRAND VACATIONS INC UNITED STATES OF AMERICA (THE),0.0013,2026-05-22,2026-05-25
JHSC,LAUR,LAUREATE EDUCATION INC UNITED STATES OF AMERICA (THE),0.0017,2026-05-22,2026-05-25
JHSC,BHF,BRIGHTHOUSE FINANCIAL INC UNITED STATES OF AMERICA (THE),0.0013,2026-05-22,2026-05-25
JHSC,RIOT,RIOT PLATFORMS INC UNITED STATES OF AMERICA (THE),0.004,2026-05-22,2026-05-25
JHSC,CRNX,CRINETICS PHARMACEUTICALS IN UNITED STATES OF AMERICA (THE),0.0016,2026-05-22,2026-05-25
JHSC,FTDR,FRONTDOOR INC UNITED STATES OF AMERICA (THE),0.0018,2026-05-22,2026-05-25
JHSC,REZI,RESIDEO TECHNOLOGIES INC UNITED STATES OF AMERICA (THE),0.0017,2026-05-22,2026-05-25
JHSC,SPHR,SPHERE ENTERTAINMENT CO UNITED STATES OF AMERICA (THE),0.0014,2026-05-22,2026-05-25
JHSC,AVNT,AVIENT CORP UNITED STATES OF AMERICA (THE),0.0014,2026-05-22,2026-05-25
JHSC,UWMC,UWM HOLDINGS CORP UNITED STATES OF AMERICA (THE),0.0003,2026-05-22,2026-05-25
JHSC,PECO,PHILLIPS EDISON + COMPANY IN UNITED STATES OF AMERICA (THE),0.003,2026-05-22,2026-05-25
JHSC,ZWS,ZURN ELKAY WATER SOLUTIONS C UNITED STATES OF AMERICA (THE),0.0042,2026-05-22,2026-05-25
JHSC,LB,LANDBRIDGE CO LLC A UNITED STATES OF AMERICA (THE),0.0007,2026-05-22,2026-05-25
JHSC,RAL,RALLIANT CORP UNITED STATES OF AMERICA (THE),0.0028,2026-05-22,2026-05-25
JHSC,LGN,LEGENCE CORP CL A UNITED STATES OF AMERICA (THE),0.0012,2026-05-22,2026-05-25
JHSC,NTSK,NETSKOPE INC CL A UNITED STATES OF AMERICA (THE),0.0002,2026-05-22,2026-05-25
JHSC,PIPR,PIPER SANDLER COS UNITED STATES OF AMERICA (THE),0.0032,2026-05-22,2026-05-25
JHSC,VLY,VALLEY NATIONAL BANCORP UNITED STATES OF AMERICA (THE),0.0027,2026-05-22,2026-05-25
JHSC,TREX,TREX COMPANY INC UNITED STATES OF AMERICA (THE),0.0023,2026-05-22,2026-05-25
JHSC,CBSH,COMMERCE BANCSHARES INC UNITED STATES OF AMERICA (THE),0.0028,2026-05-22,2026-05-25
JHSC,FUL,H.B. FULLER CO. UNITED STATES OF AMERICA (THE),0.0013,2026-05-22,2026-05-25
JHSC,EMN,EASTMAN CHEMICAL CO UNITED STATES OF AMERICA (THE),0.0004,2026-05-22,2026-05-25
JHSC,AWR,AMERICAN STATES WATER CO UNITED STATES OF AMERICA (THE),0.0009,2026-05-22,2026-05-25
JHSC,CWST,CASELLA WASTE SYSTEMS INC A UNITED STATES OF AMERICA (THE),0.0031,2026-05-22,2026-05-25
JHSC,COLB,COLUMBIA BANKING SYSTEM INC UNITED STATES OF AMERICA (THE),0.0035,2026-05-22,2026-05-25
JHSC,EXPO,EXPONENT INC UNITED STATES OF AMERICA (THE),0.0017,2026-05-22,2026-05-25
JHSC,INDB,INDEPENDENT BANK CORP/MA UNITED STATES OF AMERICA (THE),0.0016,2026-05-22,2026-05-25
JHSC,MMSI,MERIT MEDICAL SYSTEMS INC UNITED STATES OF AMERICA (THE),0.0022,2026-05-22,2026-05-25
JHSC,OSIS,OSI SYSTEMS INC UNITED STATES OF AMERICA (THE),0.0014,2026-05-22,2026-05-25
JHSC,SIGI,SELECTIVE INSURANCE GROUP UNITED STATES OF AMERICA (THE),0.0032,2026-05-22,2026-05-25
JHSC,THO,THOR INDUSTRIES INC UNITED STATES OF AMERICA (THE),0.0023,2026-05-22,2026-05-25
JHSC,WSFS,WSFS FINANCIAL CORP UNITED STATES OF AMERICA (THE),0.0016,2026-05-22,2026-05-25
JHSC,MMS,MAXIMUS INC UNITED STATES OF AMERICA (THE),0.002,2026-05-22,2026-05-25
JHSC,OTTR,OTTER TAIL CORP UNITED STATES OF AMERICA (THE),0.0015,2026-05-22,2026-05-25
JHSC,SMTC,SEMTECH CORP UNITED STATES OF AMERICA (THE),0.0048,2026-05-22,2026-05-25
JHSC,FHI,FEDERATED HERMES INC UNITED STATES OF AMERICA (THE),0.0017,2026-05-22,2026-05-25
JHSC,MHK,MOHAWK INDUSTRIES INC UNITED STATES OF AMERICA (THE),0.0022,2026-05-22,2026-05-25
JHSC,TFX,TELEFLEX INC UNITED STATES OF AMERICA (THE),0.0022,2026-05-22,2026-05-25
JHSC,ALK,ALASKA AIR GROUP INC UNITED STATES OF AMERICA (THE),0.0005,2026-05-22,2026-05-25
JHSC,GATX,GATX CORP UNITED STATES OF AMERICA (THE),0.0034,2026-05-22,2026-05-25
JHSC,CPK,CHESAPEAKE UTILITIES CORP UNITED STATES OF AMERICA (THE),0.0012,2026-05-22,2026-05-25
JHSC,AAON,AAON INC UNITED STATES OF AMERICA (THE),0.0055,2026-05-22,2026-05-25
JHSC,PLXS,PLEXUS CORP UNITED STATES OF AMERICA (THE),0.0029,2026-05-22,2026-05-25
JHSC,SLAB,SILICON LABORATORIES INC UNITED STATES OF AMERICA (THE),0.0033,2026-05-22,2026-05-25
JHSC,TXNM,TXNM ENERGY INC UNITED STATES OF AMERICA (THE),0.0029,2026-05-22,2026-05-25
JHSC,ABG,ASBURY AUTOMOTIVE GROUP UNITED STATES OF AMERICA (THE),0.0021,2026-05-22,2026-05-25
JHSC,SLM,SLM CORP UNITED STATES OF AMERICA (THE),0.0023,2026-05-22,2026-05-25
JHSC,NPO,ENPRO INC UNITED STATES OF AMERICA (THE),0.0028,2026-05-22,2026-05-25
JHSC,BRKR,BRUKER CORP UNITED STATES OF AMERICA (THE),0.0018,2026-05-22,2026-05-25
JHSC,NEU,NEWMARKET CORP UNITED STATES OF AMERICA (THE),0.0031,2026-05-22,2026-05-25
JHSC,DLB,DOLBY LABORATORIES INC CL A UNITED STATES OF AMERICA (THE),0.002,2026-05-22,2026-05-25
JHSC,RNST,RENASANT CORP UNITED STATES OF AMERICA (THE),0.0015,2026-05-22,2026-05-25
JHSC,CPA,COPA HOLDINGS SA CLASS A UNITED STATES OF AMERICA (THE),0.0019,2026-05-22,2026-05-25
JHSC,BKD,BROOKDALE SENIOR LIVING INC UNITED STATES OF AMERICA (THE),0.0012,2026-05-22,2026-05-25
JHSC,THG,HANOVER INSURANCE GROUP INC/ UNITED STATES OF AMERICA (THE),0.0035,2026-05-22,2026-05-25
JHSC,CAR,AVIS BUDGET GROUP INC UNITED STATES OF AMERICA (THE),0.0011,2026-05-22,2026-05-25
JHSC,DORM,DORMAN PRODUCTS INC UNITED STATES OF AMERICA (THE),0.0014,2026-05-22,2026-05-25
JHSC,UEC,URANIUM ENERGY CORP UNITED STATES OF AMERICA (THE),0.0027,2026-05-22,2026-05-25
JHSC,GPK,GRAPHIC PACKAGING HOLDING CO UNITED STATES OF AMERICA (THE),0.0009,2026-05-22,2026-05-25
JHSC,RIG,TRANSOCEAN LTD UNITED STATES OF AMERICA (THE),0.0027,2026-05-22,2026-05-25
JHSC,FIBK,FIRST INTERSTATE BANCSYS A UNITED STATES OF AMERICA (THE),0.0013,2026-05-22,2026-05-25
JHSC,MTRN,MATERION CORP UNITED STATES OF AMERICA (THE),0.0016,2026-05-22,2026-05-25
JHSC,PVH,PVH CORP UNITED STATES OF AMERICA (THE),0.0025,2026-05-22,2026-05-25
JHSC,EPAM,EPAM SYSTEMS INC UNITED STATES OF AMERICA (THE),0.002,2026-05-22,2026-05-25
JHSC,QLYS,QUALYS INC UNITED STATES OF AMERICA (THE),0.0014,2026-05-22,2026-05-25
JHSC,EPR,EPR PROPERTIES UNITED STATES OF AMERICA (THE),0.0019,2026-05-22,2026-05-25
JHSC,FRPT,FRESHPET INC UNITED STATES OF AMERICA (THE),0.0015,2026-05-22,2026-05-25
JHSC,LBRDK,LIBERTY BROADBAND C UNITED STATES OF AMERICA (THE),0.0015,2026-05-22,2026-05-25
JHSC,AXTA,AXALTA COATING SYSTEMS LTD UNITED STATES OF AMERICA (THE),0.0027,2026-05-22,2026-05-25
JHSC,NSA,NATIONAL STORAGE AFFILIATES UNITED STATES OF AMERICA (THE),0.002,2026-05-22,2026-05-25
JHSC,LNTH,LANTHEUS HOLDINGS INC UNITED STATES OF AMERICA (THE),0.0033,2026-05-22,2026-05-25
JHSC,PJT,PJT PARTNERS INC A UNITED STATES OF AMERICA (THE),0.0021,2026-05-22,2026-05-25
JHSC,INSW,INTERNATIONAL SEAWAYS INC UNITED STATES OF AMERICA (THE),0.0015,2026-05-22,2026-05-25
JHSC,LCII,LCI INDUSTRIES UNITED STATES OF AMERICA (THE),0.0009,2026-05-22,2026-05-25
JHSC,BTU,PEABODY ENERGY CORP UNITED STATES OF AMERICA (THE),0.001,2026-05-22,2026-05-25
JHSC,NMRK,NEWMARK GROUP INC CLASS A UNITED STATES OF AMERICA (THE),0.0009,2026-05-22,2026-05-25
JHSC,VCTR,VICTORY CAPITAL HOLDING A UNITED STATES OF AMERICA (THE),0.002,2026-05-22,2026-05-25
JHSC,EPRT,ESSENTIAL PROPERTIES REALTY UNITED STATES OF AMERICA (THE),0.0033,2026-05-22,2026-05-25
JHSC,ACA,ARCOSA INC UNITED STATES OF AMERICA (THE),0.0024,2026-05-22,2026-05-25
JHSC,LYFT,LYFT INC A UNITED STATES OF AMERICA (THE),0.0022,2026-05-22,2026-05-25
JHSC,ESI,ELEMENT SOLUTIONS INC UNITED STATES OF AMERICA (THE),0.0054,2026-05-22,2026-05-25
JHSC,OSCR,OSCAR HEALTH INC CLASS A UNITED STATES OF AMERICA (THE),0.0022,2026-05-22,2026-05-25
JHSC,ALHC,ALIGNMENT HEALTHCARE INC UNITED STATES OF AMERICA (THE),0.001,2026-05-22,2026-05-25
JHSC,ZETA,ZETA GLOBAL HOLDINGS CORP A UNITED STATES OF AMERICA (THE),0.0013,2026-05-22,2026-05-25
JHSC,S,SENTINELONE INC CLASS A UNITED STATES OF AMERICA (THE),0.0025,2026-05-22,2026-05-25
JHSC,GXO,GXO LOGISTICS INC UNITED STATES OF AMERICA (THE),0.003,2026-05-22,2026-05-25
JHSC,FLG,FLAGSTAR BANK NA UNITED STATES OF AMERICA (THE),0.0019,2026-05-22,2026-05-25
JHSC,CAI,CARIS LIFE SCIENCES INC UNITED STATES OF AMERICA (THE),0.0006,2026-05-22,2026-05-25
JHSC,MIAX,MIAMI INTERNATIONAL HOLDINGS UNITED STATES OF AMERICA (THE),0.0003,2026-05-22,2026-05-25
JHSC,NIQ,NIQ GLOBAL INTELLIGENCE PLC UNITED STATES OF AMERICA (THE),0.0003,2026-05-22,2026-05-25
JHSC,FIGR,FIGURE TECHNOLOGY SOLUT CL A UNITED STATES OF AMERICA (THE),0.0005,2026-05-22,2026-05-25
JHSC,UBSI,UNITED BANKSHARES INC UNITED STATES OF AMERICA (THE),0.0034,2026-05-22,2026-05-25
JHSC,VNO,VORNADO REALTY TRUST UNITED STATES OF AMERICA (THE),0.0029,2026-05-22,2026-05-25
JHSC,BFH,BREAD FINANCIAL HOLDINGS INC UNITED STATES OF AMERICA (THE),0.001,2026-05-22,2026-05-25
JHSC,NXST,NEXSTAR MEDIA GROUP INC UNITED STATES OF AMERICA (THE),0.003,2026-05-22,2026-05-25
JHSC,NNI,NELNET INC CL A UNITED STATES OF AMERICA (THE),0.0007,2026-05-22,2026-05-25
JHSC,BDC,BELDEN INC UNITED STATES OF AMERICA (THE),0.0018,2026-05-22,2026-05-25
JHSC,G,GENPACT LTD UNITED STATES OF AMERICA (THE),0.002,2026-05-22,2026-05-25
JHSC,INGR,INGREDION INC UNITED STATES OF AMERICA (THE),0.0025,2026-05-22,2026-05-25
JHSC,MUSA,MURPHY USA INC UNITED STATES OF AMERICA (THE),0.0036,2026-05-22,2026-05-25
JHSC,MSA,MSA SAFETY INC UNITED STATES OF AMERICA (THE),0.0035,2026-05-22,2026-05-25
JHSC,HQY,HEALTHEQUITY INC UNITED STATES OF AMERICA (THE),0.0026,2026-05-22,2026-05-25
JHSC,ENVA,ENOVA INTERNATIONAL INC UNITED STATES OF AMERICA (THE),0.0015,2026-05-22,2026-05-25
JHSC,SHAK,SHAKE SHACK INC CLASS A UNITED STATES OF AMERICA (THE),0.001,2026-05-22,2026-05-25
JHSC,VIRT,VIRTU FINANCIAL INC CLASS A UNITED STATES OF AMERICA (THE),0.0018,2026-05-22,2026-05-25
JHSC,VIAV,VIAVI SOLUTIONS INC UNITED STATES OF AMERICA (THE),0.0037,2026-05-22,2026-05-25
JHSC,CSW,CSW INDUSTRIALS INC UNITED STATES OF AMERICA (THE),0.0028,2026-05-22,2026-05-25
JHSC,NOVT,NOVANTA INC UNITED STATES OF AMERICA (THE),0.0032,2026-05-22,2026-05-25
JHSC,LW,LAMB WESTON HOLDINGS INC UNITED STATES OF AMERICA (THE),0.0023,2026-05-22,2026-05-25
JHSC,JHG,JANUS HENDERSON GROUP PLC UNITED STATES OF AMERICA (THE),0.004,2026-05-22,2026-05-25
JHSC,TDW,TIDEWATER INC UNITED STATES OF AMERICA (THE),0.0003,2026-05-22,2026-05-25
JHSC,CLF,CLEVELAND CLIFFS INC UNITED STATES OF AMERICA (THE),0.0029,2026-05-22,2026-05-25
JHSC,KRYS,KRYSTAL BIOTECH INC UNITED STATES OF AMERICA (THE),0.0047,2026-05-22,2026-05-25
JHSC,DNLI,DENALI THERAPEUTICS INC UNITED STATES OF AMERICA (THE),0.001,2026-05-22,2026-05-25
JHSC,MGY,MAGNOLIA OIL + GAS CORP A UNITED STATES OF AMERICA (THE),0.0032,2026-05-22,2026-05-25
JHSC,PFSI,PENNYMAC FINANCIAL SERVICES UNITED STATES OF AMERICA (THE),0.0014,2026-05-22,2026-05-25
JHSC,STNG,SCORPIO TANKERS INC UNITED STATES OF AMERICA (THE),0.0013,2026-05-22,2026-05-25
JHSC,WFRD,WEATHERFORD INTERNATIONAL PL UNITED STATES OF AMERICA (THE),0.0044,2026-05-22,2026-05-25
JHSC,STEP,STEPSTONE GROUP INC CLASS A UNITED STATES OF AMERICA (THE),0.0016,2026-05-22,2026-05-25
JHSC,QS,QUANTUMSCAPE CORP UNITED STATES OF AMERICA (THE),0.0016,2026-05-22,2026-05-25
JHSC,MARA,MARA HOLDINGS INC UNITED STATES OF AMERICA (THE),0.0019,2026-05-22,2026-05-25
JHSC,BNL,BROADSTONE NET LEASE INC UNITED STATES OF AMERICA (THE),0.0017,2026-05-22,2026-05-25
JHSC,PRVA,PRIVIA HEALTH GROUP INC UNITED STATES OF AMERICA (THE),0.0008,2026-05-22,2026-05-25
JHSC,GPOR,GULFPORT ENERGY CORP UNITED STATES OF AMERICA (THE),0.0007,2026-05-22,2026-05-25
JHSC,VSCO,VICTORIA S SECRET + CO UNITED STATES OF AMERICA (THE),0.0015,2026-05-22,2026-05-25
JHSC,BBWI,BATH + BODY WORKS INC UNITED STATES OF AMERICA (THE),0.0019,2026-05-22,2026-05-25
JHSC,MIR,MIRION TECHNOLOGIES INC UNITED STATES OF AMERICA (THE),0.0017,2026-05-22,2026-05-25
JHSC,EE,EXCELERATE ENERGY INC A UNITED STATES OF AMERICA (THE),0.0003,2026-05-22,2026-05-25
JHSC,HR,HEALTHCARE REALTY TRUST INC UNITED STATES OF AMERICA (THE),0.0039,2026-05-22,2026-05-25
JHSC,NE,NOBLE CORP PLC UNITED STATES OF AMERICA (THE),0.004,2026-05-22,2026-05-25
JHSC,LBTYK,LIBERTY GLOBAL LTD C UNITED STATES OF AMERICA (THE),0.0011,2026-05-22,2026-05-25
JHSC,BKV,BKV CORPORATION UNITED STATES OF AMERICA (THE),0.0002,2026-05-22,2026-05-25
JHSC,GSAT,GLOBALSTAR INC UNITED STATES OF AMERICA (THE),0.0019,2026-05-22,2026-05-25
JHSC,TTAN,SERVICETITAN INC A UNITED STATES OF AMERICA (THE),0.0012,2026-05-22,2026-05-25
JHSC,OUT,OUTFRONT MEDIA INC UNITED STATES OF AMERICA (THE),0.0023,2026-05-22,2026-05-25
JHSC,SAIL,SAILPOINT INC UNITED STATES OF AMERICA (THE),0.0004,2026-05-22,2026-05-25
JHSC,IBOC,INTERNATIONAL BANCSHARES CRP UNITED STATES OF AMERICA (THE),0.0017,2026-05-22,2026-05-25
JHSC,MCY,MERCURY GENERAL CORP UNITED STATES OF AMERICA (THE),0.0011,2026-05-22,2026-05-25
JHSC,ASB,ASSOCIATED BANC CORP UNITED STATES OF AMERICA (THE),0.0019,2026-05-22,2026-05-25
JHSC,PII,POLARIS INC UNITED STATES OF AMERICA (THE),0.0015,2026-05-22,2026-05-25
JHSC,IDA,IDACORP INC UNITED STATES OF AMERICA (THE),0.0041,2026-05-22,2026-05-25
JHSC,TKR,TIMKEN CO UNITED STATES OF AMERICA (THE),0.0044,2026-05-22,2026-05-25
JHSC,BMI,BADGER METER INC UNITED STATES OF AMERICA (THE),0.0021,2026-05-22,2026-05-25
JHSC,BIO,BIO RAD LABORATORIES A UNITED STATES OF AMERICA (THE),0.002,2026-05-22,2026-05-25
JHSC,IPAR,INTERPARFUMS INC UNITED STATES OF AMERICA (THE),0.0007,2026-05-22,2026-05-25
JHSC,PSMT,PRICESMART INC UNITED STATES OF AMERICA (THE),0.0018,2026-05-22,2026-05-25
JHSC,UNF,UNIFIRST CORP/MA UNITED STATES OF AMERICA (THE),0.0016,2026-05-22,2026-05-25
JHSC,SWX,SOUTHWEST GAS HOLDINGS INC UNITED STATES OF AMERICA (THE),0.0033,2026-05-22,2026-05-25
JHSC,CAKE,CHEESECAKE FACTORY INC/THE UNITED STATES OF AMERICA (THE),0.0012,2026-05-22,2026-05-25
JHSC,PRIM,PRIMORIS SERVICES CORP UNITED STATES OF AMERICA (THE),0.0022,2026-05-22,2026-05-25
JHSC,TPC,TUTOR PERINI CORP UNITED STATES OF AMERICA (THE),0.0015,2026-05-22,2026-05-25
JHSC,LEA,LEAR CORP UNITED STATES OF AMERICA (THE),0.0043,2026-05-22,2026-05-25
JHSC,TRNO,TERRENO REALTY CORP UNITED STATES OF AMERICA (THE),0.0037,2026-05-22,2026-05-25
JHSC,SM,SM ENERGY CO UNITED STATES OF AMERICA (THE),0.0046,2026-05-22,2026-05-25
JHSC,STAG,STAG INDUSTRIAL INC UNITED STATES OF AMERICA (THE),0.0031,2026-05-22,2026-05-25
JHSC,FBIN,FORTUNE BRANDS INNOVATIONS I UNITED STATES OF AMERICA (THE),0.0019,2026-05-22,2026-05-25
JHSC,BCPC,BALCHEM CORP UNITED STATES OF AMERICA (THE),0.003,2026-05-22,2026-05-25
JHSC,CHDN,CHURCHILL DOWNS INC UNITED STATES OF AMERICA (THE),0.0021,2026-05-22,2026-05-25
JHSC,FELE,FRANKLIN ELECTRIC CO INC UNITED STATES OF AMERICA (THE),0.0016,2026-05-22,2026-05-25
JHSC,KEX,KIRBY CORP UNITED STATES OF AMERICA (THE),0.0012,2026-05-22,2026-05-25
JHSC,NJR,NEW JERSEY RESOURCES CORP UNITED STATES OF AMERICA (THE),0.0024,2026-05-22,2026-05-25
JHSC,UGI,UGI CORP UNITED STATES OF AMERICA (THE),0.0041,2026-05-22,2026-05-25
JHSC,CHH,CHOICE HOTELS INTL INC UNITED STATES OF AMERICA (THE),0.0017,2026-05-22,2026-05-25
JHSC,VSEC,VSE CORP UNITED STATES OF AMERICA (THE),0.0019,2026-05-22,2026-05-25
JHSC,RGEN,REPLIGEN CORP UNITED STATES OF AMERICA (THE),0.0026,2026-05-22,2026-05-25
JHSC,MTN,VAIL RESORTS INC UNITED STATES OF AMERICA (THE),0.0026,2026-05-22,2026-05-25
JHSC,BKH,BLACK HILLS CORP UNITED STATES OF AMERICA (THE),0.0023,2026-05-22,2026-05-25
JHSC,COLM,COLUMBIA SPORTSWEAR CO UNITED STATES OF AMERICA (THE),0.0007,2026-05-22,2026-05-25
JHSC,FFIN,FIRST FINL BANKSHARES INC UNITED STATES OF AMERICA (THE),0.0024,2026-05-22,2026-05-25
JHSC,GNTX,GENTEX CORP UNITED STATES OF AMERICA (THE),0.0022,2026-05-22,2026-05-25
JHSC,VSAT,VIASAT INC UNITED STATES OF AMERICA (THE),0.0037,2026-05-22,2026-05-25
JHSC,BANF,BANCFIRST CORP UNITED STATES OF AMERICA (THE),0.0009,2026-05-22,2026-05-25
JHSC,GEF,GREIF INC CL A UNITED STATES OF AMERICA (THE),0.0006,2026-05-22,2026-05-25
JHSC,NHI,NATL HEALTH INVESTORS INC UNITED STATES OF AMERICA (THE),0.0014,2026-05-22,2026-05-25
JHSC,TR,TOOTSIE ROLL INDS UNITED STATES OF AMERICA (THE),0.0002,2026-05-22,2026-05-25
JHSC,AD,ARRAY DIGITAL INFRASTRUCTURE UNITED STATES OF AMERICA (THE),0.0003,2026-05-22,2026-05-25
JHSC,SXT,SENSIENT TECHNOLOGIES CORP UNITED STATES OF AMERICA (THE),0.0021,2026-05-22,2026-05-25
JHSC,KAI,KADANT INC UNITED STATES OF AMERICA (THE),0.0015,2026-05-22,2026-05-25
JHSC,RUSHA,RUSH ENTERPRISES INC CL A UNITED STATES OF AMERICA (THE),0.0018,2026-05-22,2026-05-25
JHSC,BCO,BRINK S CO/THE UNITED STATES OF AMERICA (THE),0.0024,2026-05-22,2026-05-25
JHSC,AGO,ASSURED GUARANTY LTD UNITED STATES OF AMERICA (THE),0.0014,2026-05-22,2026-05-25
JHSC,CNS,COHEN + STEERS INC UNITED STATES OF AMERICA (THE),0.0008,2026-05-22,2026-05-25
JHSC,NWE,NORTHWESTERN ENERGY GROUP IN UNITED STATES OF AMERICA (THE),0.0018,2026-05-22,2026-05-25
JHSC,MKTX,MARKETAXESS HOLDINGS INC UNITED STATES OF AMERICA (THE),0.0018,2026-05-22,2026-05-25
JHSC,NNN,NNN REIT INC UNITED STATES OF AMERICA (THE),0.0005,2026-05-22,2026-05-25
JHSC,HOMB,HOME BANCSHARES INC UNITED STATES OF AMERICA (THE),0.0027,2026-05-22,2026-05-25
JHSC,WU,WESTERN UNION CO UNITED STATES OF AMERICA (THE),0.001,2026-05-22,2026-05-25
JHSC,CVLT,COMMVAULT SYSTEMS INC UNITED STATES OF AMERICA (THE),0.0023,2026-05-22,2026-05-25
JHSC,KBR,KBR INC UNITED STATES OF AMERICA (THE),0.0018,2026-05-22,2026-05-25
JHSC,IPGP,IPG PHOTONICS CORP UNITED STATES OF AMERICA (THE),0.0012,2026-05-22,2026-05-25
JHSC,ACIW,ACI WORLDWIDE INC UNITED STATES OF AMERICA (THE),0.0024,2026-05-22,2026-05-25
JHSC,POST,POST HOLDINGS INC UNITED STATES OF AMERICA (THE),0.0026,2026-05-22,2026-05-25
JHSC,COLD,AMERICOLD REALTY TRUST INC UNITED STATES OF AMERICA (THE),0.0019,2026-05-22,2026-05-25
JHSC,RHP,RYMAN HOSPITALITY PROPERTIES UNITED STATES OF AMERICA (THE),0.0037,2026-05-22,2026-05-25
JHSC,PBF,PBF ENERGY INC CLASS A UNITED STATES OF AMERICA (THE),0.0012,2026-05-22,2026-05-25
JHSC,BCC,BOISE CASCADE CO UNITED STATES OF AMERICA (THE),0.0016,2026-05-22,2026-05-25
JHSC,CYTK,CYTOKINETICS INC UNITED STATES OF AMERICA (THE),0.004,2026-05-22,2026-05-25
JHSC,OGS,ONE GAS INC UNITED STATES OF AMERICA (THE),0.0022,2026-05-22,2026-05-25
JHSC,QTWO,Q2 HOLDINGS INC UNITED STATES OF AMERICA (THE),0.0007,2026-05-22,2026-05-25
JHSC,GRBK,GREEN BRICK PARTNERS INC UNITED STATES OF AMERICA (THE),0.0005,2026-05-22,2026-05-25
JHSC,BOOT,BOOT BARN HOLDINGS INC UNITED STATES OF AMERICA (THE),0.002,2026-05-22,2026-05-25
JHSC,SR,SPIRE INC UNITED STATES OF AMERICA (THE),0.0021,2026-05-22,2026-05-25
JHSC,FND,FLOOR + DECOR HOLDINGS INC A UNITED STATES OF AMERICA (THE),0.002,2026-05-22,2026-05-25
JHSC,FHB,FIRST HAWAIIAN INC UNITED STATES OF AMERICA (THE),0.0013,2026-05-22,2026-05-25
JHSC,SEI,SOLARIS ENERGY INFRASTRUCTUR UNITED STATES OF AMERICA (THE),0.0014,2026-05-22,2026-05-25
JHSC,CVSA,COVISTA INC UNITED STATES OF AMERICA (THE),0.0017,2026-05-22,2026-05-25
JHSC,WHD,CACTUS INC A UNITED STATES OF AMERICA (THE),0.002,2026-05-22,2026-05-25
JHSC,DBX,DROPBOX INC CLASS A UNITED STATES OF AMERICA (THE),0.0015,2026-05-22,2026-05-25
JHSC,ST,SENSATA TECHNOLOGIES HOLDING UNITED STATES OF AMERICA (THE),0.0043,2026-05-22,2026-05-25
JHSC,ROAD,CONSTRUCTION PARTNERS INC A UNITED STATES OF AMERICA (THE),0.002,2026-05-22,2026-05-25
JHSC,IMVT,IMMUNOVANT INC UNITED STATES OF AMERICA (THE),0.0011,2026-05-22,2026-05-25
JHSC,UFPI,UFP INDUSTRIES INC UNITED STATES OF AMERICA (THE),0.0027,2026-05-22,2026-05-25
JHSC,MTCH,MATCH GROUP INC UNITED STATES OF AMERICA (THE),0.0032,2026-05-22,2026-05-25
JHSC,WSC,WILLSCOT HOLDINGS CORP UNITED STATES OF AMERICA (THE),0.0019,2026-05-22,2026-05-25
JHSC,FROG,JFROG LTD UNITED STATES OF AMERICA (THE),0.0026,2026-05-22,2026-05-25
JHSC,VNT,VONTIER CORP UNITED STATES OF AMERICA (THE),0.0023,2026-05-22,2026-05-25
JHSC,U,UNITY SOFTWARE INC UNITED STATES OF AMERICA (THE),0.003,2026-05-22,2026-05-25
JHSC,SHC,SOTERA HEALTH CO UNITED STATES OF AMERICA (THE),0.0015,2026-05-22,2026-05-25
JHSC,RSI,RUSH STREET INTERACTIVE INC UNITED STATES OF AMERICA (THE),0.0011,2026-05-22,2026-05-25
JHSC,NOV,NOV INC UNITED STATES OF AMERICA (THE),0.0044,2026-05-22,2026-05-25
JHSC,FG,F+G ANNUITIES + LIFE INC UNITED STATES OF AMERICA (THE),0.0003,2026-05-22,2026-05-25
JHSC,HUT,HUT 8 CORP UNITED STATES OF AMERICA (THE),0.0044,2026-05-22,2026-05-25
JHSC,LAZ,LAZARD INC UNITED STATES OF AMERICA (THE),0.003,2026-05-22,2026-05-25
JHSC,CORZ,CORE SCIENTIFIC INC UNITED STATES OF AMERICA (THE),0.003,2026-05-22,2026-05-25
JHSC,WAY,WAYSTAR HOLDING CORP UNITED STATES OF AMERICA (THE),0.0004,2026-05-22,2026-05-25
JHSC,VSNT,VERSANT MEDIA GROUP INC UNITED STATES OF AMERICA (THE),0.0022,2026-05-22,2026-05-25
JHSC,WTM,WHITE MOUNTAINS INSURANCE GP UNITED STATES OF AMERICA (THE),0.0022,2026-05-22,2026-05-25
JHSC,BC,BRUNSWICK CORP UNITED STATES OF AMERICA (THE),0.0031,2026-05-22,2026-05-25
JHSC,NFG,NATIONAL FUEL GAS CO UNITED STATES OF AMERICA (THE),0.0037,2026-05-22,2026-05-25
JHSC,CACC,CREDIT ACCEPTANCE CORP UNITED STATES OF AMERICA (THE),0.0015,2026-05-22,2026-05-25
JHSC,FCN,FTI CONSULTING INC UNITED STATES OF AMERICA (THE),0.002,2026-05-22,2026-05-25
JHSC,ICUI,ICU MEDICAL INC UNITED STATES OF AMERICA (THE),0.0014,2026-05-22,2026-05-25
JHSC,POWL,POWELL INDUSTRIES INC UNITED STATES OF AMERICA (THE),0.0033,2026-05-22,2026-05-25
JHSC,PEGA,PEGASYSTEMS INC UNITED STATES OF AMERICA (THE),0.0011,2026-05-22,2026-05-25
JHSC,SEB,SEABOARD CORP UNITED STATES OF AMERICA (THE),0.0006,2026-05-22,2026-05-25
JHSC,AAP,ADVANCE AUTO PARTS INC UNITED STATES OF AMERICA (THE),0.0015,2026-05-22,2026-05-25
JHSC,RUSHB,RUSH ENTERPRISES INC CL B UNITED STATES OF AMERICA (THE),0.0002,2026-05-22,2026-05-25
JHSC,CVCO,CAVCO INDUSTRIES INC UNITED STATES OF AMERICA (THE),0.0016,2026-05-22,2026-05-25
JHSC,ORA,ORMAT TECHNOLOGIES INC UNITED STATES OF AMERICA (THE),0.0033,2026-05-22,2026-05-25
JHSC,POR,PORTLAND GENERAL ELECTRIC CO UNITED STATES OF AMERICA (THE),0.0032,2026-05-22,2026-05-25
JHSC,CARG,CARGURUS INC UNITED STATES OF AMERICA (THE),0.0008,2026-05-22,2026-05-25
JHSC,GTES,GATES INDUSTRIAL CORP PLC UNITED STATES OF AMERICA (THE),0.0027,2026-05-22,2026-05-25
JHSC,WH,WYNDHAM HOTELS + RESORTS INC UNITED STATES OF AMERICA (THE),0.0025,2026-05-22,2026-05-25
JHSC,AX,AXOS FINANCIAL INC UNITED STATES OF AMERICA (THE),0.0019,2026-05-22,2026-05-25
JHSC,PAY,PAYMENTUS HOLDINGS INC A UNITED STATES OF AMERICA (THE),0.0003,2026-05-22,2026-05-25
JHSC,CCC,CCC INTELLIGENT SOLUTIONS HO UNITED STATES OF AMERICA (THE),0.0015,2026-05-22,2026-05-25
JHSC,RELY,REMITLY GLOBAL INC UNITED STATES OF AMERICA (THE),0.0014,2026-05-22,2026-05-25
JHSC,OLED,UNIVERSAL DISPLAY CORP UNITED STATES OF AMERICA (THE),0.0017,2026-05-22,2026-05-25
JHSC,MWA,MUELLER WATER PRODUCTS INC A UNITED STATES OF AMERICA (THE),0.0017,2026-05-22,2026-05-25
JHSC,EXLS,EXLSERVICE HOLDINGS INC UNITED STATES OF AMERICA (THE),0.0024,2026-05-22,2026-05-25
JHSC,DAN,DANA INC UNITED STATES OF AMERICA (THE),0.0014,2026-05-22,2026-05-25
JHSC,SIG,SIGNET JEWELERS LTD UNITED STATES OF AMERICA (THE),0.0013,2026-05-22,2026-05-25
JHSC,CALX,CALIX INC UNITED STATES OF AMERICA (THE),0.0009,2026-05-22,2026-05-25
JHSC,LGND,LIGAND PHARMACEUTICALS UNITED STATES OF AMERICA (THE),0.0017,2026-05-22,2026-05-25
JHSC,UCB,UNITED COMMUNITY BANKS/GA UNITED STATES OF AMERICA (THE),0.0017,2026-05-22,2026-05-25
JHSC,CWAN,CLEARWATER ANALYTICS HDS A UNITED STATES OF AMERICA (THE),0.0028,2026-05-22,2026-05-25
JHSC,LTH,LIFE TIME GROUP HOLDINGS INC UNITED STATES OF AMERICA (THE),0.002,2026-05-22,2026-05-25
JHSC,KNF,KNIFE RIVER CORP UNITED STATES OF AMERICA (THE),0.0018,2026-05-22,2026-05-25
JHSC,NATL,NCR ATLEOS CORP UNITED STATES OF AMERICA (THE),0.0011,2026-05-22,2026-05-25
JHSC,LIF,LIFE360 INC UNITED STATES OF AMERICA (THE),0.0014,2026-05-22,2026-05-25
JHSC,PACS,PACS GROUP INC UNITED STATES OF AMERICA (THE),0.0006,2026-05-22,2026-05-25
JHSC,SIRI,SIRIUS XM HOLDINGS INC UNITED STATES OF AMERICA (THE),0.0019,2026-05-22,2026-05-25
JHSC,SSD,SIMPSON MANUFACTURING CO INC UNITED STATES OF AMERICA (THE),0.0033,2026-05-22,2026-05-25
JHSC,MZTI,MARZETTI COMPANY/THE UNITED STATES OF AMERICA (THE),0.0009,2026-05-22,2026-05-25
JHSC,LNC,LINCOLN NATIONAL CORP UNITED STATES OF AMERICA (THE),0.0032,2026-05-22,2026-05-25
JHSC,CMC,COMMERCIAL METALS CO UNITED STATES OF AMERICA (THE),0.0044,2026-05-22,2026-05-25
JHSC,BRC,BRADY CORPORATION CL A UNITED STATES OF AMERICA (THE),0.0016,2026-05-22,2026-05-25
JHSC,GBCI,GLACIER BANCORP INC UNITED STATES OF AMERICA (THE),0.0031,2026-05-22,2026-05-25
JHSC,AVA,AVISTA CORP UNITED STATES OF AMERICA (THE),0.0014,2026-05-22,2026-05-25
JHSC,ALKS,ALKERMES PLC UNITED STATES OF AMERICA (THE),0.0027,2026-05-22,2026-05-25
JHSC,SANM,SANMINA CORP UNITED STATES OF AMERICA (THE),0.0053,2026-05-22,2026-05-25
JHSC,SAIC,SCIENCE APPLICATIONS INTE UNITED STATES OF AMERICA (THE),0.0026,2026-05-22,2026-05-25
JHSC,ESNT,ESSENT GROUP LTD UNITED STATES OF AMERICA (THE),0.0033,2026-05-22,2026-05-25
JHSC,IBP,INSTALLED BUILDING PRODUCTS UNITED STATES OF AMERICA (THE),0.0027,2026-05-22,2026-05-25
JHSC,SFBS,SERVISFIRST BANCSHARES INC UNITED STATES OF AMERICA (THE),0.0017,2026-05-22,2026-05-25
JHSC,KRG,KITE REALTY GROUP TRUST UNITED STATES OF AMERICA (THE),0.0034,2026-05-22,2026-05-25
JHSC,CWK,CUSHMAN + WAKEFIELD LTD UNITED STATES OF AMERICA (THE),0.0008,2026-05-22,2026-05-25
JHSC,AZZ,AZZ INC UNITED STATES OF AMERICA (THE),0.0018,2026-05-22,2026-05-25
JHSC,CHE,CHEMED CORP UNITED STATES OF AMERICA (THE),0.0024,2026-05-22,2026-05-25
JHSC,CRUS,CIRRUS LOGIC INC UNITED STATES OF AMERICA (THE),0.0049,2026-05-22,2026-05-25
JHSC,ITRI,ITRON INC UNITED STATES OF AMERICA (THE),0.0015,2026-05-22,2026-05-25
JHSC,KLIC,KULICKE + SOFFA INDUSTRIES UNITED STATES OF AMERICA (THE),0.002,2026-05-22,2026-05-25
JHSC,AMG,AFFILIATED MANAGERS GROUP UNITED STATES OF AMERICA (THE),0.0043,2026-05-22,2026-05-25
JHSC,GPI,GROUP 1 AUTOMOTIVE INC UNITED STATES OF AMERICA (THE),0.0023,2026-05-22,2026-05-25
JHSC,OLLI,OLLIE S BARGAIN OUTLET HOLDI UNITED STATES OF AMERICA (THE),0.0027,2026-05-22,2026-05-25
JHSC,APPF,APPFOLIO INC A UNITED STATES OF AMERICA (THE),0.0013,2026-05-22,2026-05-25
JHSC,PLNT,PLANET FITNESS INC CL A UNITED STATES OF AMERICA (THE),0.0015,2026-05-22,2026-05-25
JHSC,ITGR,INTEGER HOLDINGS CORP UNITED STATES OF AMERICA (THE),0.0012,2026-05-22,2026-05-25
JHSC,HLNE,HAMILTON LANE INC CLASS A UNITED STATES OF AMERICA (THE),0.0013,2026-05-22,2026-05-25
JHSC,HCC,WARRIOR MET COAL INC UNITED STATES OF AMERICA (THE),0.0019,2026-05-22,2026-05-25
JHSC,SNDR,SCHNEIDER NATIONAL INC CL B UNITED STATES OF AMERICA (THE),0.0006,2026-05-22,2026-05-25
JHSC,ANF,ABERCROMBIE + FITCH CO CL A UNITED STATES OF AMERICA (THE),0.0021,2026-05-22,2026-05-25
JHSC,HNI,HNI CORP UNITED STATES OF AMERICA (THE),0.0008,2026-05-22,2026-05-25
JHSC,AXS,AXIS CAPITAL HOLDINGS LTD UNITED STATES OF AMERICA (THE),0.004,2026-05-22,2026-05-25
JHSC,GNW,GENWORTH FINANCIAL INC UNITED STATES OF AMERICA (THE),0.0015,2026-05-22,2026-05-25
JHSC,ABCB,AMERIS BANCORP UNITED STATES OF AMERICA (THE),0.0023,2026-05-22,2026-05-25
JHSC,TFSL,TFS FINANCIAL CORP UNITED STATES OF AMERICA (THE),0.0005,2026-05-22,2026-05-25
JHSC,OMF,ONEMAIN HOLDINGS INC UNITED STATES OF AMERICA (THE),0.0033,2026-05-22,2026-05-25
JHSC,XRAY,DENTSPLY SIRONA INC UNITED STATES OF AMERICA (THE),0.0013,2026-05-22,2026-05-25
JHSC,VVV,VALVOLINE INC UNITED STATES OF AMERICA (THE),0.0025,2026-05-22,2026-05-25
JHSC,GOLF,ACUSHNET HOLDINGS CORP UNITED STATES OF AMERICA (THE),0.0011,2026-05-22,2026-05-25
JHSC,LBRT,LIBERTY ENERGY INC UNITED STATES OF AMERICA (THE),0.0019,2026-05-22,2026-05-25
JHSC,GTX,GARRETT MOTION INC UNITED STATES OF AMERICA (THE),0.0021,2026-05-22,2026-05-25
JHSC,AUB,ATLANTIC UNION BANKSHARES CO UNITED STATES OF AMERICA (THE),0.0022,2026-05-22,2026-05-25
JHSC,BWIN,BALDWIN INSURANCE GROUP INC/ UNITED STATES OF AMERICA (THE),0.0009,2026-05-22,2026-05-25
JHSC,OPCH,OPTION CARE HEALTH INC UNITED STATES OF AMERICA (THE),0.0021,2026-05-22,2026-05-25
JHSC,ASO,ACADEMY SPORTS + OUTDOORS IN UNITED STATES OF AMERICA (THE),0.0014,2026-05-22,2026-05-25
JHSC,HAYW,HAYWARD HOLDINGS INC UNITED STATES OF AMERICA (THE),0.0012,2026-05-22,2026-05-25
JHSC,EWTX,EDGEWISE THERAPEUTICS INC UNITED STATES OF AMERICA (THE),0.0012,2026-05-22,2026-05-25
JHSC,VAL,VALARIS LTD UNITED STATES OF AMERICA (THE),0.0025,2026-05-22,2026-05-25
JHSC,YOU,CLEAR SECURE INC CLASS A UNITED STATES OF AMERICA (THE),0.0024,2026-05-22,2026-05-25
JHSC,JXN,JACKSON FINANCIAL INC A UNITED STATES OF AMERICA (THE),0.004,2026-05-22,2026-05-25
JHSC,ACHR,ARCHER AVIATION INC A UNITED STATES OF AMERICA (THE),0.0013,2026-05-22,2026-05-25
JHSC,CRGY,CRESCENT ENERGY INC A UNITED STATES OF AMERICA (THE),0.0013,2026-05-22,2026-05-25
JHSC,LBTYA,LIBERTY GLOBAL LTD A UNITED STATES OF AMERICA (THE),0.0012,2026-05-22,2026-05-25
JHSC,BIRK,BIRKENSTOCK HOLDING PLC UNITED STATES OF AMERICA (THE),0.0006,2026-05-22,2026-05-25
JHSC,AMTM,AMENTUM HOLDINGS INC UNITED STATES OF AMERICA (THE),0.0014,2026-05-22,2026-05-25
JHSC,CURB,CURBLINE PROPERTIES CORP UNITED STATES OF AMERICA (THE),0.0011,2026-05-22,2026-05-25
JHSC,ECG,EVERUS CONSTRUCTION GROUP UNITED STATES OF AMERICA (THE),0.0033,2026-05-22,2026-05-25
JHSC,CNR,CORE NATURAL RESOURCES INC UNITED STATES OF AMERICA (THE),0.0013,2026-05-22,2026-05-25
JHSC,BLSH,BULLISH UNITED STATES OF AMERICA (THE),0.0004,2026-05-22,2026-05-25
JHSC,WBI,WATERBRIDGE INFRASTRUC CL A UNITED STATES OF AMERICA (THE),0.0004,2026-05-22,2026-05-25
JHSC,JOE,ST JOE CO/THE UNITED STATES OF AMERICA (THE),0.0009,2026-05-22,2026-05-25
JHSC,ARW,ARROW ELECTRONICS INC UNITED STATES OF AMERICA (THE),0.0062,2026-05-22,2026-05-25
JHSC,SKT,TANGER INC UNITED STATES OF AMERICA (THE),0.0017,2026-05-22,2026-05-25
JHSC,R,RYDER SYSTEM INC UNITED STATES OF AMERICA (THE),0.005,2026-05-22,2026-05-25
JHSC,HXL,HEXCEL CORP UNITED STATES OF AMERICA (THE),0.0037,2026-05-22,2026-05-25
JHSC,MIDD,MIDDLEBY CORP UNITED STATES OF AMERICA (THE),0.0019,2026-05-22,2026-05-25
JHSC,OII,OCEANEERING INTL INC UNITED STATES OF AMERICA (THE),0.0014,2026-05-22,2026-05-25
JHSC,LSTR,LANDSTAR SYSTEM INC UNITED STATES OF AMERICA (THE),0.0039,2026-05-22,2026-05-25
JHSC,FIZZ,NATIONAL BEVERAGE CORP UNITED STATES OF AMERICA (THE),0.0003,2026-05-22,2026-05-25
JHSC,SMG,SCOTTS MIRACLE GRO CO UNITED STATES OF AMERICA (THE),0.0011,2026-05-22,2026-05-25
JHSC,URBN,URBAN OUTFITTERS INC UNITED STATES OF AMERICA (THE),0.002,2026-05-22,2026-05-25
JHSC,LOPE,GRAND CANYON EDUCATION INC UNITED STATES OF AMERICA (THE),0.0017,2026-05-22,2026-05-25
JHSC,OPLN,OPENLANE INC UNITED STATES OF AMERICA (THE),0.001,2026-05-22,2026-05-25
JHSC,WEX,WEX INC UNITED STATES OF AMERICA (THE),0.002,2026-05-22,2026-05-25
JHSC,BFAM,BRIGHT HORIZONS FAMILY SOLUT UNITED STATES OF AMERICA (THE),0.0011,2026-05-22,2026-05-25
JHSC,TMHC,TAYLOR MORRISON HOME CORP UNITED STATES OF AMERICA (THE),0.0031,2026-05-22,2026-05-25
JHSC,MC,MOELIS + CO CLASS A UNITED STATES OF AMERICA (THE),0.0021,2026-05-22,2026-05-25
JHSC,ETSY,ETSY INC UNITED STATES OF AMERICA (THE),0.0034,2026-05-22,2026-05-25
JHSC,USLM,UNITED STATES LIME + MINERAL UNITED STATES OF AMERICA (THE),0.0004,2026-05-22,2026-05-25
JHSC,FULT,FULTON FINANCIAL CORP UNITED STATES OF AMERICA (THE),0.0016,2026-05-22,2026-05-25
JHSC,MTG,MGIC INVESTMENT CORP UNITED STATES OF AMERICA (THE),0.0032,2026-05-22,2026-05-25
JHSC,CBT,CABOT CORP UNITED STATES OF AMERICA (THE),0.0025,2026-05-22,2026-05-25
JHSC,HRB,H+R BLOCK INC UNITED STATES OF AMERICA (THE),0.0014,2026-05-22,2026-05-25
JHSC,EAT,BRINKER INTERNATIONAL INC UNITED STATES OF AMERICA (THE),0.0026,2026-05-22,2026-05-25
JHSC,ACT,ENACT HOLDINGS INC UNITED STATES OF AMERICA (THE),0.0007,2026-05-22,2026-05-25
JHSC,FCFS,FIRSTCASH HOLDINGS INC UNITED STATES OF AMERICA (THE),0.0048,2026-05-22,2026-05-25
JHSC,COCO,VITA COCO CO INC/THE UNITED STATES OF AMERICA (THE),0.0015,2026-05-22,2026-05-25
JHSC,HGTY,HAGERTY INC A UNITED STATES OF AMERICA (THE),0.0002,2026-05-22,2026-05-25
JHSC,ESAB,ESAB CORP UNITED STATES OF AMERICA (THE),0.003,2026-05-22,2026-05-25
JHSC,HHH,HOWARD HUGHES HOLDINGS INC UNITED STATES OF AMERICA (THE),0.0009,2026-05-22,2026-05-25
JHSC,CON,CONCENTRA GROUP HOLDINGS PAR UNITED STATES OF AMERICA (THE),0.0012,2026-05-22,2026-05-25
JHSC,PRM,PERIMETER SOLUTIONS INC UNITED STATES OF AMERICA (THE),0.0018,2026-05-22,2026-05-25
JHSC,INDV,INDIVIOR PHARMACEUTICALS INC UNITED STATES OF AMERICA (THE),0.0018,2026-05-22,2026-05-25
JHSC,PB,PROSPERITY BANCSHARES INC UNITED STATES OF AMERICA (THE),0.0035,2026-05-22,2026-05-25
JHSC,BOKF,BOK FINANCIAL CORPORATION UNITED STATES OF AMERICA (THE),0.0016,2026-05-22,2026-05-25
JHSC,KFY,KORN FERRY UNITED STATES OF AMERICA (THE),0.0015,2026-05-22,2026-05-25
JHSC,HP,HELMERICH + PAYNE UNITED STATES OF AMERICA (THE),0.0013,2026-05-22,2026-05-25
JHSC,RYN,RAYONIER INC UNITED STATES OF AMERICA (THE),0.0025,2026-05-22,2026-05-25
JHSC,AIR,AAR CORP UNITED STATES OF AMERICA (THE),0.0016,2026-05-22,2026-05-25
JHSC,CALM,CAL MAINE FOODS INC UNITED STATES OF AMERICA (THE),0.0014,2026-05-22,2026-05-25
JHSC,HWC,HANCOCK WHITNEY CORP UNITED STATES OF AMERICA (THE),0.0023,2026-05-22,2026-05-25
JHSC,GFF,GRIFFON CORP UNITED STATES OF AMERICA (THE),0.0016,2026-05-22,2026-05-25
JHSC,RLI,RLI CORP UNITED STATES OF AMERICA (THE),0.0026,2026-05-22,2026-05-25
JHSC,PATK,PATRICK INDUSTRIES INC UNITED STATES OF AMERICA (THE),0.0012,2026-05-22,2026-05-25
JHSC,SKY,CHAMPION HOMES INC UNITED STATES OF AMERICA (THE),0.0023,2026-05-22,2026-05-25
JHSC,SKYW,SKYWEST INC UNITED STATES OF AMERICA (THE),0.0004,2026-05-22,2026-05-25
JHSC,FNB,FNB CORP UNITED STATES OF AMERICA (THE),0.0034,2026-05-22,2026-05-25
JHSC,MSM,MSC INDUSTRIAL DIRECT CO A UNITED STATES OF AMERICA (THE),0.002,2026-05-22,2026-05-25
JHSC,FR,FIRST INDUSTRIAL REALTY TR UNITED STATES OF AMERICA (THE),0.0027,2026-05-22,2026-05-25
JHSC,KRC,KILROY REALTY CORP UNITED STATES OF AMERICA (THE),0.0017,2026-05-22,2026-05-25
JHSC,MAT,MATTEL INC UNITED STATES OF AMERICA (THE),0.0028,2026-05-22,2026-05-25
JHSC,WHR,WHIRLPOOL CORP UNITED STATES OF AMERICA (THE),0.0016,2026-05-22,2026-05-25
JHSC,DOX,AMDOCS LTD UNITED STATES OF AMERICA (THE),0.0025,2026-05-22,2026-05-25
JHSC,FORM,FORMFACTOR INC UNITED STATES OF AMERICA (THE),0.0039,2026-05-22,2026-05-25
JHSC,TCBI,TEXAS CAPITAL BANCSHARES INC UNITED STATES OF AMERICA (THE),0.0018,2026-05-22,2026-05-25
JHSC,EXP,EAGLE MATERIALS INC UNITED STATES OF AMERICA (THE),0.0027,2026-05-22,2026-05-25
JHSC,CORT,CORCEPT THERAPEUTICS INC UNITED STATES OF AMERICA (THE),0.002,2026-05-22,2026-05-25
JHSC,CNK,CINEMARK HOLDINGS INC UNITED STATES OF AMERICA (THE),0.0011,2026-05-22,2026-05-25
JHSC,BKU,BANKUNITED INC UNITED STATES OF AMERICA (THE),0.0014,2026-05-22,2026-05-25
JHSC,TDS,TELEPHONE AND DATA SYSTEMS UNITED STATES OF AMERICA (THE),0.0017,2026-05-22,2026-05-25
JHSC,IRT,INDEPENDENCE REALTY TRUST IN UNITED STATES OF AMERICA (THE),0.0017,2026-05-22,2026-05-25
JHSC,ADMA,ADMA BIOLOGICS INC UNITED STATES OF AMERICA (THE),0.0008,2026-05-22,2026-05-25
JHSC,NMIH,NMI HOLDINGS INC UNITED STATES OF AMERICA (THE),0.0007,2026-05-22,2026-05-25
JHSC,LBRDA,LIBERTY BROADBAND A UNITED STATES OF AMERICA (THE),0.0002,2026-05-22,2026-05-25
JHSC,QRVO,QORVO INC UNITED STATES OF AMERICA (THE),0.0039,2026-05-22,2026-05-25
JHSC,MSGS,MADISON SQUARE GARDEN SPORTS UNITED STATES OF AMERICA (THE),0.0038,2026-05-22,2026-05-25
JHSC,SITE,SITEONE LANDSCAPE SUPPLY INC UNITED STATES OF AMERICA (THE),0.0028,2026-05-22,2026-05-25
JHSC,RH,RH UNITED STATES OF AMERICA (THE),0.0009,2026-05-22,2026-05-25
JHSC,CRSP,CRISPR THERAPEUTICS AG UNITED STATES OF AMERICA (THE),0.002,2026-05-22,2026-05-25
JHSC,CNX,CNX RESOURCES CORP UNITED STATES OF AMERICA (THE),0.002,2026-05-22,2026-05-25
JHSC,ADT,ADT INC UNITED STATES OF AMERICA (THE),0.0023,2026-05-22,2026-05-25
JHSC,AMRX,AMNEAL PHARMACEUTICALS INC UNITED STATES OF AMERICA (THE),0.0009,2026-05-22,2026-05-25
JHSC,YETI,YETI HOLDINGS INC UNITED STATES OF AMERICA (THE),0.0014,2026-05-22,2026-05-25
JHSC,PLMR,PALOMAR HOLDINGS INC UNITED STATES OF AMERICA (THE),0.0013,2026-05-22,2026-05-25
JHSC,PSN,PARSONS CORP UNITED STATES OF AMERICA (THE),0.001,2026-05-22,2026-05-25
JHSC,BILL,BILL HOLDINGS INC UNITED STATES OF AMERICA (THE),0.0021,2026-05-22,2026-05-25
JHSC,REYN,REYNOLDS CONSUMER PRODUCTS I UNITED STATES OF AMERICA (THE),0.0007,2026-05-22,2026-05-25
JHSC,KNTK,KINETIK HOLDINGS INC UNITED STATES OF AMERICA (THE),0.0009,2026-05-22,2026-05-25
JHSC,CZR,CAESARS ENTERTAINMENT INC UNITED STATES OF AMERICA (THE),0.0023,2026-05-22,2026-05-25
JHSC,CRC,CALIFORNIA RESOURCES CORP UNITED STATES OF AMERICA (THE),0.002,2026-05-22,2026-05-25
JHSC,EBC,EASTERN BANKSHARES INC UNITED STATES OF AMERICA (THE),0.0018,2026-05-22,2026-05-25
JHSC,CHRD,CHORD ENERGY CORP UNITED STATES OF AMERICA (THE),0.0033,2026-05-22,2026-05-25
JHSC,LRN,STRIDE INC UNITED STATES OF AMERICA (THE),0.0014,2026-05-22,2026-05-25
JHSC,LUMN,LUMEN TECHNOLOGIES INC UNITED STATES OF AMERICA (THE),0.0053,2026-05-22,2026-05-25
JHSC,DOCN,DIGITALOCEAN HOLDINGS INC UNITED STATES OF AMERICA (THE),0.0045,2026-05-22,2026-05-25
JHSC,PATH,UIPATH INC CLASS A UNITED STATES OF AMERICA (THE),0.0017,2026-05-22,2026-05-25
JOET,DVN,Devon Energy Corp,0.0154,2026-05-22,2026-05-25
JOET,DDOG,Datadog Inc,0.0129,2026-05-22,2026-05-25
JOET,MU,Micron Technology Inc,0.0114,2026-05-22,2026-05-25
JOET,AMD,Advanced Micro Devices Inc,0.0106,2026-05-22,2026-05-25
JOET,CSCO,Cisco Systems Inc,0.0105,2026-05-22,2026-05-25
JOET,FSLR,First Solar Inc,0.0099,2026-05-22,2026-05-25
JOET,WDC,Western Digital Corp,0.0095,2026-05-22,2026-05-25
JOET,MRVL,Marvell Technology Inc,0.0095,2026-05-22,2026-05-25
JOET,LLY,Eli Lilly & Co,0.0094,2026-05-22,2026-05-25
JOET,EBAY,eBay Inc,0.0092,2026-05-22,2026-05-25
JOET,LRCX,Lam Research Corp,0.0091,2026-05-22,2026-05-25
JOET,NTAP,NetApp Inc,0.009,2026-05-22,2026-05-25
JOET,GLW,Corning Inc,0.009,2026-05-22,2026-05-25
JOET,AAPL,Apple Inc,0.009,2026-05-22,2026-05-25
JOET,HEI,HEICO Corp,0.0089,2026-05-22,2026-05-25
JOET,ILMN,Illumina Inc,0.0089,2026-05-22,2026-05-25
JOET,PWR,Quanta Services Inc,0.0088,2026-05-22,2026-05-25
JOET,MNST,Monster Beverage Corp,0.0088,2026-05-22,2026-05-25
JOET,DAL,Delta Air Lines Inc,0.0087,2026-05-22,2026-05-25
JOET,GOOGL,Alphabet Inc,0.0087,2026-05-22,2026-05-25
JOET,ORCL,Oracle Corp,0.0086,2026-05-22,2026-05-25
JOET,MET,MetLife Inc,0.0085,2026-05-22,2026-05-25
JOET,UAL,United Airlines Holdings Inc,0.0085,2026-05-22,2026-05-25
JOET,GD,General Dynamics Corp,0.0085,2026-05-22,2026-05-25
JOET,HWM,Howmet Aerospace Inc,0.0084,2026-05-22,2026-05-25
JOET,GWW,WW Grainger Inc,0.0084,2026-05-22,2026-05-25
JOET,ZM,Zoom Communications Inc,0.0084,2026-05-22,2026-05-25
JOET,CDNS,Cadence Design Systems Inc,0.0084,2026-05-22,2026-05-25
JOET,EXPD,Expeditors International of Washington Inc,0.0083,2026-05-22,2026-05-25
JOET,AMAT,Applied Materials Inc,0.0083,2026-05-22,2026-05-25
JOET,APP,AppLovin Corp,0.0083,2026-05-22,2026-05-25
JOET,MRK,Merck & Co Inc,0.0083,2026-05-22,2026-05-25
JOET,EOG,EOG Resources Inc,0.0083,2026-05-22,2026-05-25
JOET,WST,West Pharmaceutical Services Inc,0.0082,2026-05-22,2026-05-25
JOET,CAT,Caterpillar Inc,0.0082,2026-05-22,2026-05-25
JOET,PFG,Principal Financial Group Inc,0.0082,2026-05-22,2026-05-25
JOET,SLB,SLB Ltd,0.0081,2026-05-22,2026-05-25
JOET,WELL,Welltower Inc,0.0081,2026-05-22,2026-05-25
JOET,AMZN,Amazon.com Inc,0.0081,2026-05-22,2026-05-25
JOET,CME,CME Group Inc,0.0081,2026-05-22,2026-05-25
JOET,EIX,Edison International,0.0081,2026-05-22,2026-05-25
JOET,FANG,Diamondback Energy Inc,0.008,2026-05-22,2026-05-25
JOET,GILD,Gilead Sciences Inc,0.008,2026-05-22,2026-05-25
JOET,TXT,Textron Inc,0.008,2026-05-22,2026-05-25
JOET,LMT,Lockheed Martin Corp,0.008,2026-05-22,2026-05-25
JOET,SPG,Simon Property Group Inc,0.008,2026-05-22,2026-05-25
JOET,INCY,Incyte Corp,0.008,2026-05-22,2026-05-25
JOET,CB,Chubb Ltd,0.008,2026-05-22,2026-05-25
JOET,CINF,Cincinnati Financial Corp,0.008,2026-05-22,2026-05-25
JOET,NVDA,NVIDIA Corp,0.008,2026-05-22,2026-05-25
JOET,DIS,Walt Disney Co/The,0.008,2026-05-22,2026-05-25
JOET,TRV,Travelers Cos Inc/The,0.0079,2026-05-22,2026-05-25
JOET,SNPS,Synopsys Inc,0.0079,2026-05-22,2026-05-25
JOET,RTX,RTX Corp,0.0079,2026-05-22,2026-05-25
JOET,FOXA,Fox Corp,0.0079,2026-05-22,2026-05-25
JOET,TROW,T Rowe Price Group Inc,0.0079,2026-05-22,2026-05-25
JOET,RCL,Royal Caribbean Cruises Ltd,0.0079,2026-05-22,2026-05-25
JOET,VRT,Vertiv Holdings Co,0.0079,2026-05-22,2026-05-25
JOET,ALL,Allstate Corp/The,0.0079,2026-05-22,2026-05-25
JOET,TJX,TJX Cos Inc/The,0.0079,2026-05-22,2026-05-25
JOET,NDAQ,Nasdaq Inc,0.0079,2026-05-22,2026-05-25
JOET,WSM,Williams-Sonoma Inc,0.0079,2026-05-22,2026-05-25
JOET,EW,Edwards Lifesciences Corp,0.0078,2026-05-22,2026-05-25
JOET,SCHW,Charles Schwab Corp/The,0.0078,2026-05-22,2026-05-25
JOET,HIG,Hartford Insurance Group Inc/The,0.0078,2026-05-22,2026-05-25
JOET,A,Agilent Technologies Inc,0.0078,2026-05-22,2026-05-25
JOET,AMGN,Amgen Inc,0.0078,2026-05-22,2026-05-25
JOET,AVGO,Broadcom Inc,0.0078,2026-05-22,2026-05-25
JOET,KEYS,Keysight Technologies Inc,0.0078,2026-05-22,2026-05-25
JOET,MSFT,Microsoft Corp,0.0078,2026-05-22,2026-05-25
JOET,EQT,EQT Corp,0.0077,2026-05-22,2026-05-25
JOET,MPWR,Monolithic Power Systems Inc,0.0077,2026-05-22,2026-05-25
JOET,MKL,Markel Group Inc,0.0077,2026-05-22,2026-05-25
JOET,FITB,Fifth Third Bancorp,0.0077,2026-05-22,2026-05-25
JOET,RJF,Raymond James Financial Inc,0.0077,2026-05-22,2026-05-25
JOET,ALNY,Alnylam Pharmaceuticals Inc,0.0077,2026-05-22,2026-05-25
JOET,AXP,American Express Co,0.0076,2026-05-22,2026-05-25
JOET,URI,United Rentals Inc,0.0076,2026-05-22,2026-05-25
JOET,KLAC,KLA Corp,0.0076,2026-05-22,2026-05-25
JOET,BURL,Burlington Stores Inc,0.0076,2026-05-22,2026-05-25
JOET,CMI,Cummins Inc,0.0076,2026-05-22,2026-05-25
JOET,TEL,TE Connectivity PLC,0.0076,2026-05-22,2026-05-25
JOET,BKR,Baker Hughes Co,0.0076,2026-05-22,2026-05-25
JOET,IDXX,IDEXX Laboratories Inc,0.0076,2026-05-22,2026-05-25
JOET,COF,Capital One Financial Corp,0.0076,2026-05-22,2026-05-25
JOET,FAST,Fastenal Co,0.0076,2026-05-22,2026-05-25
JOET,ROST,Ross Stores Inc,0.0075,2026-05-22,2026-05-25
JOET,PLTR,Palantir Technologies Inc,0.0075,2026-05-22,2026-05-25
JOET,NOC,Northrop Grumman Corp,0.0075,2026-05-22,2026-05-25
JOET,AME,AMETEK Inc,0.0075,2026-05-22,2026-05-25
JOET,WAB,Westinghouse Air Brake Technologies Corp,0.0075,2026-05-22,2026-05-25
JOET,ABNB,Airbnb Inc,0.0075,2026-05-22,2026-05-25
JOET,WMT,Walmart Inc,0.0075,2026-05-22,2026-05-25
JOET,BA,Boeing Co/The,0.0075,2026-05-22,2026-05-25
JOET,ODFL,Old Dominion Freight Line Inc,0.0074,2026-05-22,2026-05-25
JOET,SYF,Synchrony Financial,0.0074,2026-05-22,2026-05-25
JOET,ECL,Ecolab Inc,0.0073,2026-05-22,2026-05-25
JOET,ULTA,Ulta Beauty Inc,0.0073,2026-05-22,2026-05-25
JOET,NEM,Newmont Corp,0.0073,2026-05-22,2026-05-25
JOET,GEV,GE Vernova Inc,0.0073,2026-05-22,2026-05-25
JOET,GRMN,Garmin Ltd,0.0073,2026-05-22,2026-05-25
JOET,TDY,Teledyne Technologies Inc,0.0073,2026-05-22,2026-05-25
JOET,TT,Trane Technologies PLC,0.0072,2026-05-22,2026-05-25
JOET,ETN,Eaton Corp PLC,0.0072,2026-05-22,2026-05-25
JOET,GEHC,GE HealthCare Technologies Inc,0.0072,2026-05-22,2026-05-25
JOET,LVS,Las Vegas Sands Corp,0.0071,2026-05-22,2026-05-25
JOET,PHM,PulteGroup Inc,0.0071,2026-05-22,2026-05-25
JOET,HOOD,Robinhood Markets Inc,0.0071,2026-05-22,2026-05-25
JOET,NU,NU Holdings Ltd/Cayman Islands,0.0071,2026-05-22,2026-05-25
JOET,VMC,Vulcan Materials Co,0.0071,2026-05-22,2026-05-25
JOET,CBRE,CBRE Group Inc,0.007,2026-05-22,2026-05-25
JOET,META,Meta Platforms Inc,0.007,2026-05-22,2026-05-25
JOET,EXPE,Expedia Group Inc,0.007,2026-05-22,2026-05-25
JOET,PH,Parker-Hannifin Corp,0.007,2026-05-22,2026-05-25
JOET,XYL,Xylem Inc/NY,0.0069,2026-05-22,2026-05-25
JOET,CRH,CRH PLC,0.0068,2026-05-22,2026-05-25
JOET,REGN,Regeneron Pharmaceuticals Inc,0.0068,2026-05-22,2026-05-25
JOET,ANET,Arista Networks Inc,0.0068,2026-05-22,2026-05-25
JOET,COR,Cencora Inc,0.0067,2026-05-22,2026-05-25
JOET,LDOS,Leidos Holdings Inc,0.0067,2026-05-22,2026-05-25
JOET,FERG,Ferguson Enterprises Inc,0.0067,2026-05-22,2026-05-25
JOET,APH,Amphenol Corp,0.0066,2026-05-22,2026-05-25
JOET,HUBB,Hubbell Inc,0.0065,2026-05-22,2026-05-25
JOET,CVNA,Carvana Co,0.0062,2026-05-22,2026-05-25
VLUE,MU,MICRON TECHNOLOGY INC,0.1444,2026-05-22,2026-05-25
VLUE,INTC,INTEL CORPORATION CORP,0.1004,2026-05-22,2026-05-25
VLUE,CSCO,CISCO SYSTEMS INC,0.0468,2026-05-22,2026-05-25
VLUE,AMAT,APPLIED MATERIAL INC,0.0357,2026-05-22,2026-05-25
VLUE,GM,GENERAL MOTORS,0.0288,2026-05-22,2026-05-25
VLUE,VZ,VERIZON COMMUNICATIONS INC,0.0239,2026-05-22,2026-05-25
VLUE,T,AT&T INC,0.0218,2026-05-22,2026-05-25
VLUE,QCOM,QUALCOMM INC,0.0213,2026-05-22,2026-05-25
VLUE,WDC,WESTERN DIGITAL CORP,0.0188,2026-05-22,2026-05-25
VLUE,C,CITIGROUP INC,0.0169,2026-05-22,2026-05-25
VLUE,F,FORD MOTOR CO,0.0167,2026-05-22,2026-05-25
VLUE,BAC,BANK OF AMERICA CORP,0.0164,2026-05-22,2026-05-25
VLUE,MRK,MERCK & CO INC,0.0156,2026-05-22,2026-05-25
VLUE,HPE,HEWLETT PACKARD ENTERPRISE,0.0153,2026-05-22,2026-05-25
VLUE,FDX,FEDEX CORP,0.0149,2026-05-22,2026-05-25
VLUE,PFE,PFIZER INC,0.013,2026-05-22,2026-05-25
VLUE,CMCSA,COMCAST CORP CLASS A,0.0127,2026-05-22,2026-05-25
VLUE,CVS,CVS HEALTH CORP,0.0112,2026-05-22,2026-05-25
VLUE,DELL,DELL TECHNOLOGIES INC CLASS C,0.011,2026-05-22,2026-05-25
VLUE,DIS,WALT DISNEY,0.0097,2026-05-22,2026-05-25
VLUE,BMY,BRISTOL MYERS SQUIBB,0.0096,2026-05-22,2026-05-25
VLUE,NXPI,NXP SEMICONDUCTORS NV,0.0095,2026-05-22,2026-05-25
VLUE,WFC,WELLS FARGO,0.0094,2026-05-22,2026-05-25
VLUE,ADM,ARCHER DANIELS MIDLAND,0.0082,2026-05-22,2026-05-25
VLUE,ON,ON SEMICONDUCTOR CORP,0.008,2026-05-22,2026-05-25
VLUE,TEL,TE CONNECTIVITY PLC,0.008,2026-05-22,2026-05-25
VLUE,PCAR,PACCAR INC,0.0075,2026-05-22,2026-05-25
VLUE,CI,CIGNA,0.0075,2026-05-22,2026-05-25
VLUE,DHI,D R HORTON INC,0.0074,2026-05-22,2026-05-25
VLUE,DVN,DEVON ENERGY CORP,0.0072,2026-05-22,2026-05-25
VLUE,UPS,UNITED PARCEL SERVICE INC CLASS B,0.007,2026-05-22,2026-05-25
VLUE,VLO,VALERO ENERGY CORP,0.0062,2026-05-22,2026-05-25
VLUE,KHC,KRAFT HEINZ,0.0062,2026-05-22,2026-05-25
VLUE,KR,KROGER,0.0062,2026-05-22,2026-05-25
VLUE,URI,UNITED RENTALS INC,0.0062,2026-05-22,2026-05-25
VLUE,EOG,EOG RESOURCES INC,0.006,2026-05-22,2026-05-25
VLUE,ACN,ACCENTURE PLC CLASS A,0.006,2026-05-22,2026-05-25
VLUE,ELV,ELEVANCE HEALTH INC,0.0059,2026-05-22,2026-05-25
VLUE,CSX,CSX CORP,0.0059,2026-05-22,2026-05-25
VLUE,SPG,SIMON PROPERTY GROUP REIT INC,0.0058,2026-05-22,2026-05-25
VLUE,NEM,NEWMONT,0.0057,2026-05-22,2026-05-25
VLUE,JBL,JABIL INC,0.0056,2026-05-22,2026-05-25
VLUE,COF,CAPITAL ONE FINANCIAL CORP,0.0056,2026-05-22,2026-05-25
VLUE,TGT,TARGET CORP,0.0054,2026-05-22,2026-05-25
VLUE,FSLR,FIRST SOLAR INC,0.0054,2026-05-22,2026-05-25
VLUE,LHX,L3HARRIS TECHNOLOGIES INC,0.0053,2026-05-22,2026-05-25
VLUE,ZM,ZOOM COMMUNICATIONS INC CLASS A,0.0053,2026-05-22,2026-05-25
VLUE,PHM,PULTEGROUP INC,0.0052,2026-05-22,2026-05-25
VLUE,HPQ,HP INC,0.0051,2026-05-22,2026-05-25
VLUE,CTSH,COGNIZANT TECHNOLOGY SOLUTIONS COR,0.0047,2026-05-22,2026-05-25
VLUE,USB,US BANCORP,0.0046,2026-05-22,2026-05-25
VLUE,PCG,PG&E CORP,0.0046,2026-05-22,2026-05-25
VLUE,BG,BUNGE GLOBAL SA,0.0045,2026-05-22,2026-05-25
VLUE,LEN,LENNAR A CORP CLASS A,0.0044,2026-05-22,2026-05-25
VLUE,TFC,TRUIST FINANCIAL CORP,0.0042,2026-05-22,2026-05-25
VLUE,FANG,DIAMONDBACK ENERGY INC,0.0041,2026-05-22,2026-05-25
VLUE,PNC,PNC FINANCIAL SERVICES GROUP INC,0.0041,2026-05-22,2026-05-25
VLUE,NTAP,NETAPP INC,0.0041,2026-05-22,2026-05-25
VLUE,EXPE,EXPEDIA GROUP INC,0.004,2026-05-22,2026-05-25
VLUE,TWLO,TWILIO INC CLASS A,0.004,2026-05-22,2026-05-25
VLUE,TSN,TYSON FOODS INC CLASS A,0.004,2026-05-22,2026-05-25
VLUE,WAB,WESTINGHOUSE AIR BRAKE TECHNOLOGIE,0.0037,2026-05-22,2026-05-25
VLUE,NUE,NUCOR CORP,0.0036,2026-05-22,2026-05-25
VLUE,FFIV,F5 INC,0.0036,2026-05-22,2026-05-25
VLUE,D,DOMINION ENERGY INC,0.0033,2026-05-22,2026-05-25
VLUE,FLEX,FLEX LTD,0.0032,2026-05-22,2026-05-25
VLUE,PRU,PRUDENTIAL FINANCIAL INC,0.0032,2026-05-22,2026-05-25
VLUE,O,REALTY INCOME REIT CORP,0.0031,2026-05-22,2026-05-25
VLUE,MET,METLIFE INC,0.0031,2026-05-22,2026-05-25
VLUE,CNC,CENTENE CORP,0.0031,2026-05-22,2026-05-25
VLUE,DAL,DELTA AIR LINES INC,0.003,2026-05-22,2026-05-25
VLUE,CCL,CARNIVAL CORP,0.003,2026-05-22,2026-05-25
VLUE,EIX,EDISON INTERNATIONAL,0.0028,2026-05-22,2026-05-25
VLUE,APTV,APTIV PLC,0.0028,2026-05-22,2026-05-25
VLUE,TXT,TEXTRON INC,0.0027,2026-05-22,2026-05-25
VLUE,MSTR,STRATEGY INC CLASS A,0.0026,2026-05-22,2026-05-25
VLUE,AIG,AMERICAN INTERNATIONAL GROUP INC,0.0026,2026-05-22,2026-05-25
VLUE,BIIB,BIOGEN INC,0.0026,2026-05-22,2026-05-25
VLUE,EXC,EXELON CORP,0.0026,2026-05-22,2026-05-25
VLUE,RPRX,ROYALTY PHARMA PLC CLASS A,0.0025,2026-05-22,2026-05-25
VLUE,TDY,TELEDYNE TECHNOLOGIES INC,0.0024,2026-05-22,2026-05-25
VLUE,STT,STATE STREET CORP,0.0024,2026-05-22,2026-05-25
VLUE,GEN,GEN DIGITAL INC,0.0024,2026-05-22,2026-05-25
VLUE,WPC,W. P. CAREY REIT INC,0.0023,2026-05-22,2026-05-25
VLUE,OXY,OCCIDENTAL PETROLEUM CORP,0.0023,2026-05-22,2026-05-25
VLUE,SNA,SNAP ON INC,0.0022,2026-05-22,2026-05-25
VLUE,HAL,HALLIBURTON,0.0022,2026-05-22,2026-05-25
VLUE,MTB,M&T BANK CORP,0.002,2026-05-22,2026-05-25
VLUE,CFG,CITIZENS FINANCIAL GROUP INC,0.002,2026-05-22,2026-05-25
VLUE,BBY,BEST BUY INC,0.002,2026-05-22,2026-05-25
VLUE,FTV,FORTIVE CORP,0.0019,2026-05-22,2026-05-25
VLUE,SSNC,SS AND C TECHNOLOGIES HOLDINGS INC,0.0019,2026-05-22,2026-05-25
VLUE,VICI,VICI PPTYS INC,0.0018,2026-05-22,2026-05-25
VLUE,ROP,ROPER TECHNOLOGIES INC,0.0018,2026-05-22,2026-05-25
VLUE,ES,EVERSOURCE ENERGY,0.0018,2026-05-22,2026-05-25
VLUE,UTHR,UNITED THERAPEUTICS CORP,0.0017,2026-05-22,2026-05-25
VLUE,STLD,STEEL DYNAMICS INC,0.0017,2026-05-22,2026-05-25
VLUE,HUM,HUMANA INC,0.0017,2026-05-22,2026-05-25
VLUE,FISV,FISERV INC,0.0017,2026-05-22,2026-05-25
VLUE,HIG,HARTFORD INSURANCE GROUP INC,0.0017,2026-05-22,2026-05-25
VLUE,GPN,GLOBAL PAYMENTS INC,0.0017,2026-05-22,2026-05-25
VLUE,ED,CONSOLIDATED EDISON INC,0.0016,2026-05-22,2026-05-25
VLUE,SYF,SYNCHRONY FINANCIAL,0.0016,2026-05-22,2026-05-25
VLUE,FITB,FIFTH THIRD BANCORP,0.0016,2026-05-22,2026-05-25
VLUE,DLTR,DOLLAR TREE INC,0.0016,2026-05-22,2026-05-25
VLUE,UAL,UNITED AIRLINES HOLDINGS INC,0.0016,2026-05-22,2026-05-25
VLUE,EVRG,EVERGY INC,0.0016,2026-05-22,2026-05-25
VLUE,JBHT,JB HUNT TRANSPORT SERVICES INC,0.0015,2026-05-22,2026-05-25
VLUE,BDX,BECTON DICKINSON,0.0015,2026-05-22,2026-05-25
VLUE,LDOS,LEIDOS HOLDINGS INC,0.0015,2026-05-22,2026-05-25
VLUE,FOXA,FOX CORP CLASS A,0.0015,2026-05-22,2026-05-25
VLUE,CNH,CNH INDUSTRIAL N.V. NV,0.0014,2026-05-22,2026-05-25
VLUE,EG,EVEREST GROUP LTD,0.0014,2026-05-22,2026-05-25
VLUE,RF,REGIONS FINANCIAL CORP,0.0014,2026-05-22,2026-05-25
VLUE,LYB,LYONDELLBASELL INDUSTRIES CLASS A,0.0014,2026-05-22,2026-05-25
VLUE,CHTR,CHARTER COMMUNICATIONS INC CLASS A,0.0014,2026-05-22,2026-05-25
VLUE,HBAN,HUNTINGTON BANCSHARES INC,0.0014,2026-05-22,2026-05-25
VLUE,PFG,PRINCIPAL FINANCIAL GROUP INC,0.0013,2026-05-22,2026-05-25
VLUE,ACGL,ARCH CAPITAL GROUP LTD,0.0013,2026-05-22,2026-05-25
VLUE,BLDR,BUILDERS FIRSTSOURCE INC,0.0013,2026-05-22,2026-05-25
VLUE,KEY,KEYCORP,0.0012,2026-05-22,2026-05-25
VLUE,MAA,MID AMERICA APARTMENT COMMUNITIES,0.0012,2026-05-22,2026-05-25
VLUE,LH,LABCORP HOLDINGS INC,0.0012,2026-05-22,2026-05-25
VLUE,SW,SMURFIT WESTROCK PLC,0.0012,2026-05-22,2026-05-25
VLUE,CF,CF INDUSTRIES HOLDINGS INC,0.0011,2026-05-22,2026-05-25
VLUE,OMC,OMNICOM GROUP INC,0.0011,2026-05-22,2026-05-25
VLUE,FCNCA,FIRST CITIZENS BANCSHARES INC CLAS,0.0011,2026-05-22,2026-05-25
VLUE,L,LOEWS CORP,0.0011,2026-05-22,2026-05-25
VLUE,NLY,ANNALY CAPITAL MANAGEMENT REIT INC,0.0011,2026-05-22,2026-05-25
VLUE,ZBH,ZIMMER BIOMET HOLDINGS INC,0.001,2026-05-22,2026-05-25
VLUE,SMCI,SUPER MICRO COMPUTER INC,0.001,2026-05-22,2026-05-25
VLUE,GLPI,GAMING AND LEISURE PROPERTIES REIT,0.001,2026-05-22,2026-05-25
VLUE,FOX,FOX CORP CLASS B,0.001,2026-05-22,2026-05-25
VLUE,UHS,UNIVERSAL HEALTH SERVICES INC CLAS,0.0009,2026-05-22,2026-05-25
VLUE,OKTA,OKTA INC CLASS A,0.0009,2026-05-22,2026-05-25
VLUE,ZBRA,ZEBRA TECHNOLOGIES CORP CLASS A,0.0008,2026-05-22,2026-05-25
VLUE,DECK,DECKERS OUTDOOR CORP,0.0008,2026-05-22,2026-05-25
VLUE,SOLV,SOLVENTUM CORP,0.0008,2026-05-22,2026-05-25
VLUE,DD,DUPONT DE NEMOURS INC,0.0007,2026-05-22,2026-05-25
VLUE,IP,INTERNATIONAL PAPER,0.0007,2026-05-22,2026-05-25
VLUE,CRBG,COREBRIDGE FINANCIAL INC,0.0006,2026-05-22,2026-05-25
VLUE,WAT,WATERS CORP,0.0005,2026-05-22,2026-05-25
VLUE,IFF,INTERNATIONAL FLAVORS & FRAGRANCES,0.0005,2026-05-22,2026-05-25
VLUE,AMCR,AMCOR PLC,0.0005,2026-05-22,2026-05-25
VLUE,FNF,FIDELITY NATIONAL FINANCIAL INC,0.0005,2026-05-22,2026-05-25
VLUE,HRL,HORMEL FOODS CORP,0.0005,2026-05-22,2026-05-25
VLUE,EQH,EQUITABLE HOLDINGS INC,0.0003,2026-05-22,2026-05-25
